=====================================================================================================================================================
Map Status of job/thread name: wordmean  after done (10 columns: map task #,Local(0)/Non_local(1), status(not_yet_started(0),running(1)/finished(2)), response time, start time, end time, latency, bin #, VM flavor #, PM #, Rack #)
=====================================================================================================================================================
1.0	0.0	2.0	1839.0	1839.0	1857.0	18.0	92.0	5.0	10.0	4.0	
2.0	0.0	2.0	1839.0	1839.0	1857.0	18.0	95.0	5.0	8.0	5.0	
3.0	0.0	2.0	1839.0	1839.0	1857.0	18.0	98.0	5.0	15.0	2.0	
4.0	0.0	2.0	1839.0	1839.0	1857.0	18.0	81.0	5.0	3.0	4.0	
5.0	0.0	2.0	1839.0	1839.0	1857.0	18.0	84.0	5.0	12.0	2.0	
6.0	0.0	2.0	1839.0	1839.0	1857.0	18.0	87.0	5.0	5.0	5.0	
7.0	0.0	2.0	1839.0	1839.0	1857.0	18.0	90.0	5.0	4.0	1.0	
8.0	0.0	2.0	1839.0	1839.0	1857.0	18.0	93.0	5.0	4.0	5.0	
9.0	0.0	2.0	1839.0	1839.0	1857.0	18.0	96.0	5.0	15.0	3.0	
10.0	0.0	2.0	1839.0	1839.0	1857.0	18.0	99.0	5.0	12.0	3.0	
11.0	0.0	2.0	1839.0	1839.0	1857.0	18.0	82.0	5.0	6.0	2.0	
12.0	0.0	2.0	1839.0	1839.0	1857.0	18.0	85.0	5.0	3.0	5.0	
13.0	0.0	2.0	1839.0	1839.0	1857.0	18.0	88.0	5.0	4.0	3.0	
14.0	0.0	2.0	1839.0	1839.0	1857.0	18.0	91.0	5.0	9.0	5.0	
15.0	0.0	2.0	1839.0	1839.0	1857.0	18.0	94.0	5.0	13.0	1.0	
16.0	0.0	2.0	1839.0	1839.0	1857.0	18.0	97.0	5.0	9.0	3.0	
17.0	0.0	2.0	1839.0	1839.0	1857.0	18.0	100.0	5.0	14.0	1.0	
18.0	0.0	2.0	1839.0	1839.0	1857.0	18.0	83.0	5.0	5.0	1.0	
19.0	0.0	2.0	1839.0	1839.0	1857.0	18.0	86.0	5.0	15.0	4.0	
20.0	0.0	2.0	1839.0	1839.0	1857.0	18.0	89.0	5.0	14.0	2.0	
21.0	0.0	2.0	1839.0	1839.0	1857.0	18.0	92.0	5.0	10.0	4.0	
22.0	0.0	2.0	1839.0	1839.0	1857.0	18.0	95.0	5.0	8.0	5.0	
23.0	0.0	2.0	1839.0	1839.0	1857.0	18.0	98.0	5.0	15.0	2.0	
24.0	0.0	2.0	1839.0	1839.0	1857.0	18.0	81.0	5.0	3.0	4.0	
25.0	0.0	2.0	1839.0	1839.0	1857.0	18.0	84.0	5.0	12.0	2.0	
26.0	0.0	2.0	1839.0	1839.0	1857.0	18.0	87.0	5.0	5.0	5.0	
27.0	0.0	2.0	1839.0	1839.0	1857.0	18.0	90.0	5.0	4.0	1.0	
28.0	0.0	2.0	1839.0	1839.0	1857.0	18.0	93.0	5.0	4.0	5.0	
29.0	0.0	2.0	1839.0	1839.0	1857.0	18.0	96.0	5.0	15.0	3.0	
30.0	0.0	2.0	1839.0	1839.0	1857.0	18.0	99.0	5.0	12.0	3.0	
31.0	0.0	2.0	1839.0	1839.0	1857.0	18.0	82.0	5.0	6.0	2.0	
32.0	0.0	2.0	1839.0	1839.0	1857.0	18.0	85.0	5.0	3.0	5.0	
33.0	0.0	2.0	1839.0	1839.0	1857.0	18.0	88.0	5.0	4.0	3.0	
34.0	0.0	2.0	1839.0	1839.0	1857.0	18.0	91.0	5.0	9.0	5.0	
35.0	0.0	2.0	1839.0	1839.0	1857.0	18.0	94.0	5.0	13.0	1.0	
36.0	0.0	2.0	1839.0	1839.0	1857.0	18.0	97.0	5.0	9.0	3.0	
37.0	0.0	2.0	1839.0	1839.0	1857.0	18.0	100.0	5.0	14.0	1.0	
38.0	0.0	2.0	1839.0	1839.0	1857.0	18.0	83.0	5.0	5.0	1.0	
39.0	0.0	2.0	1839.0	1839.0	1857.0	18.0	86.0	5.0	15.0	4.0	
40.0	0.0	2.0	1839.0	1839.0	1857.0	18.0	89.0	5.0	14.0	2.0	
41.0	0.0	2.0	1839.0	1839.0	1857.0	18.0	92.0	5.0	10.0	4.0	
42.0	0.0	2.0	1839.0	1839.0	1857.0	18.0	95.0	5.0	8.0	5.0	
43.0	0.0	2.0	1839.0	1839.0	1857.0	18.0	98.0	5.0	15.0	2.0	
44.0	0.0	2.0	1839.0	1839.0	1857.0	18.0	81.0	5.0	3.0	4.0	
45.0	0.0	2.0	1839.0	1839.0	1857.0	18.0	84.0	5.0	12.0	2.0	
46.0	0.0	2.0	1839.0	1839.0	1857.0	18.0	87.0	5.0	5.0	5.0	
47.0	0.0	2.0	1839.0	1839.0	1857.0	18.0	90.0	5.0	4.0	1.0	
48.0	0.0	2.0	1839.0	1839.0	1857.0	18.0	93.0	5.0	4.0	5.0	
49.0	0.0	2.0	1839.0	1839.0	1857.0	18.0	96.0	5.0	15.0	3.0	
50.0	0.0	2.0	1839.0	1839.0	1857.0	18.0	99.0	5.0	12.0	3.0	
51.0	0.0	2.0	1839.0	1839.0	1857.0	18.0	82.0	5.0	6.0	2.0	
52.0	0.0	2.0	1839.0	1839.0	1857.0	18.0	85.0	5.0	3.0	5.0	
53.0	0.0	2.0	1839.0	1839.0	1857.0	18.0	88.0	5.0	4.0	3.0	
54.0	0.0	2.0	1839.0	1839.0	1857.0	18.0	91.0	5.0	9.0	5.0	
55.0	0.0	2.0	1839.0	1839.0	1857.0	18.0	94.0	5.0	13.0	1.0	
56.0	0.0	2.0	1839.0	1839.0	1857.0	18.0	97.0	5.0	9.0	3.0	
57.0	0.0	2.0	1839.0	1839.0	1857.0	18.0	100.0	5.0	14.0	1.0	
58.0	0.0	2.0	1839.0	1839.0	1857.0	18.0	83.0	5.0	5.0	1.0	
59.0	0.0	2.0	1839.0	1839.0	1857.0	18.0	86.0	5.0	15.0	4.0	
60.0	0.0	2.0	1839.0	1839.0	1857.0	18.0	89.0	5.0	14.0	2.0	
61.0	0.0	2.0	1839.0	1839.0	1857.0	18.0	92.0	5.0	10.0	4.0	
62.0	0.0	2.0	1839.0	1839.0	1857.0	18.0	95.0	5.0	8.0	5.0	
63.0	0.0	2.0	1839.0	1839.0	1857.0	18.0	98.0	5.0	15.0	2.0	
64.0	0.0	2.0	1839.0	1839.0	1857.0	18.0	81.0	5.0	3.0	4.0	
65.0	0.0	2.0	1839.0	1839.0	1857.0	18.0	84.0	5.0	12.0	2.0	
66.0	0.0	2.0	1839.0	1839.0	1857.0	18.0	87.0	5.0	5.0	5.0	
67.0	0.0	2.0	1839.0	1839.0	1857.0	18.0	90.0	5.0	4.0	1.0	
68.0	0.0	2.0	1839.0	1839.0	1857.0	18.0	93.0	5.0	4.0	5.0	
69.0	0.0	2.0	1839.0	1839.0	1857.0	18.0	96.0	5.0	15.0	3.0	
70.0	0.0	2.0	1839.0	1839.0	1857.0	18.0	99.0	5.0	12.0	3.0	
71.0	0.0	2.0	1839.0	1839.0	1857.0	18.0	82.0	5.0	6.0	2.0	
72.0	0.0	2.0	1839.0	1839.0	1857.0	18.0	85.0	5.0	3.0	5.0	
73.0	0.0	2.0	1839.0	1839.0	1857.0	18.0	88.0	5.0	4.0	3.0	
74.0	0.0	2.0	1839.0	1839.0	1857.0	18.0	91.0	5.0	9.0	5.0	
75.0	0.0	2.0	1839.0	1839.0	1857.0	18.0	94.0	5.0	13.0	1.0	
76.0	0.0	2.0	1839.0	1839.0	1857.0	18.0	97.0	5.0	9.0	3.0	
77.0	0.0	2.0	1839.0	1839.0	1857.0	18.0	100.0	5.0	14.0	1.0	
78.0	0.0	2.0	1839.0	1839.0	1857.0	18.0	83.0	5.0	5.0	1.0	
79.0	0.0	2.0	1839.0	1839.0	1857.0	18.0	86.0	5.0	15.0	4.0	
80.0	0.0	2.0	1839.0	1839.0	1857.0	18.0	89.0	5.0	14.0	2.0	
81.0	0.0	2.0	1839.0	1839.0	1857.0	18.0	92.0	5.0	10.0	4.0	
82.0	0.0	2.0	1839.0	1839.0	1857.0	18.0	95.0	5.0	8.0	5.0	
83.0	0.0	2.0	1839.0	1839.0	1857.0	18.0	98.0	5.0	15.0	2.0	
84.0	0.0	2.0	1839.0	1839.0	1857.0	18.0	81.0	5.0	3.0	4.0	
85.0	0.0	2.0	1839.0	1839.0	1857.0	18.0	84.0	5.0	12.0	2.0	
86.0	0.0	2.0	1839.0	1839.0	1857.0	18.0	87.0	5.0	5.0	5.0	
87.0	0.0	2.0	1839.0	1839.0	1857.0	18.0	90.0	5.0	4.0	1.0	
88.0	0.0	2.0	1839.0	1839.0	1857.0	18.0	93.0	5.0	4.0	5.0	
89.0	0.0	2.0	1839.0	1839.0	1857.0	18.0	96.0	5.0	15.0	3.0	
90.0	0.0	2.0	1839.0	1839.0	1857.0	18.0	99.0	5.0	12.0	3.0	
91.0	0.0	2.0	1839.0	1839.0	1857.0	18.0	82.0	5.0	6.0	2.0	
92.0	0.0	2.0	1839.0	1839.0	1857.0	18.0	85.0	5.0	3.0	5.0	
93.0	0.0	2.0	1839.0	1839.0	1857.0	18.0	88.0	5.0	4.0	3.0	
94.0	0.0	2.0	1839.0	1839.0	1857.0	18.0	91.0	5.0	9.0	5.0	
95.0	0.0	2.0	1839.0	1839.0	1857.0	18.0	94.0	5.0	13.0	1.0	
96.0	0.0	2.0	1839.0	1839.0	1857.0	18.0	97.0	5.0	9.0	3.0	
97.0	0.0	2.0	1839.0	1839.0	1857.0	18.0	100.0	5.0	14.0	1.0	
98.0	0.0	2.0	1839.0	1839.0	1857.0	18.0	83.0	5.0	5.0	1.0	
99.0	0.0	2.0	1839.0	1839.0	1857.0	18.0	86.0	5.0	15.0	4.0	
100.0	0.0	2.0	1839.0	1839.0	1857.0	18.0	89.0	5.0	14.0	2.0	
101.0	0.0	2.0	1839.0	1839.0	1857.0	18.0	92.0	5.0	10.0	4.0	
102.0	0.0	2.0	1839.0	1839.0	1857.0	18.0	95.0	5.0	8.0	5.0	
103.0	0.0	2.0	1839.0	1839.0	1857.0	18.0	98.0	5.0	15.0	2.0	
104.0	0.0	2.0	1839.0	1839.0	1857.0	18.0	81.0	5.0	3.0	4.0	
105.0	0.0	2.0	1839.0	1839.0	1857.0	18.0	84.0	5.0	12.0	2.0	
106.0	0.0	2.0	1839.0	1839.0	1857.0	18.0	87.0	5.0	5.0	5.0	
107.0	0.0	2.0	1839.0	1839.0	1857.0	18.0	90.0	5.0	4.0	1.0	
108.0	0.0	2.0	1839.0	1839.0	1857.0	18.0	93.0	5.0	4.0	5.0	
109.0	0.0	2.0	1839.0	1839.0	1857.0	18.0	96.0	5.0	15.0	3.0	
110.0	0.0	2.0	1839.0	1839.0	1857.0	18.0	99.0	5.0	12.0	3.0	
111.0	0.0	2.0	1839.0	1839.0	1857.0	18.0	82.0	5.0	6.0	2.0	
112.0	0.0	2.0	1839.0	1839.0	1857.0	18.0	85.0	5.0	3.0	5.0	
113.0	0.0	2.0	1839.0	1839.0	1857.0	18.0	88.0	5.0	4.0	3.0	
114.0	0.0	2.0	1839.0	1839.0	1857.0	18.0	91.0	5.0	9.0	5.0	
115.0	0.0	2.0	1839.0	1839.0	1857.0	18.0	94.0	5.0	13.0	1.0	
116.0	0.0	2.0	1839.0	1839.0	1857.0	18.0	97.0	5.0	9.0	3.0	
117.0	0.0	2.0	1839.0	1839.0	1857.0	18.0	100.0	5.0	14.0	1.0	
118.0	0.0	2.0	1839.0	1839.0	1857.0	18.0	83.0	5.0	5.0	1.0	
119.0	0.0	2.0	1839.0	1839.0	1857.0	18.0	86.0	5.0	15.0	4.0	
120.0	0.0	2.0	1839.0	1839.0	1857.0	18.0	89.0	5.0	14.0	2.0	
121.0	0.0	2.0	1839.0	1839.0	1857.0	18.0	92.0	5.0	10.0	4.0	
122.0	0.0	2.0	1839.0	1839.0	1857.0	18.0	95.0	5.0	8.0	5.0	
123.0	0.0	2.0	1839.0	1839.0	1857.0	18.0	98.0	5.0	15.0	2.0	
124.0	0.0	2.0	1839.0	1839.0	1857.0	18.0	81.0	5.0	3.0	4.0	
125.0	0.0	2.0	1839.0	1839.0	1857.0	18.0	84.0	5.0	12.0	2.0	
126.0	0.0	2.0	1839.0	1839.0	1857.0	18.0	87.0	5.0	5.0	5.0	
127.0	0.0	2.0	1839.0	1839.0	1857.0	18.0	90.0	5.0	4.0	1.0	
128.0	0.0	2.0	1839.0	1839.0	1857.0	18.0	93.0	5.0	4.0	5.0	
129.0	0.0	2.0	1839.0	1839.0	1857.0	18.0	96.0	5.0	15.0	3.0	
130.0	0.0	2.0	1839.0	1839.0	1857.0	18.0	99.0	5.0	12.0	3.0	
131.0	0.0	2.0	1839.0	1839.0	1857.0	18.0	82.0	5.0	6.0	2.0	
132.0	0.0	2.0	1839.0	1839.0	1857.0	18.0	85.0	5.0	3.0	5.0	
133.0	0.0	2.0	1839.0	1839.0	1857.0	18.0	88.0	5.0	4.0	3.0	
134.0	0.0	2.0	1839.0	1839.0	1857.0	18.0	91.0	5.0	9.0	5.0	
135.0	0.0	2.0	1839.0	1839.0	1857.0	18.0	94.0	5.0	13.0	1.0	
136.0	0.0	2.0	1839.0	1839.0	1857.0	18.0	97.0	5.0	9.0	3.0	
137.0	0.0	2.0	1839.0	1839.0	1857.0	18.0	100.0	5.0	14.0	1.0	
138.0	0.0	2.0	1839.0	1839.0	1857.0	18.0	83.0	5.0	5.0	1.0	
139.0	0.0	2.0	1839.0	1839.0	1857.0	18.0	86.0	5.0	15.0	4.0	
140.0	0.0	2.0	1839.0	1839.0	1857.0	18.0	89.0	5.0	14.0	2.0	
141.0	0.0	2.0	1839.0	1839.0	1857.0	18.0	92.0	5.0	10.0	4.0	
142.0	0.0	2.0	1839.0	1839.0	1857.0	18.0	95.0	5.0	8.0	5.0	
143.0	0.0	2.0	1839.0	1839.0	1857.0	18.0	98.0	5.0	15.0	2.0	
144.0	0.0	2.0	1839.0	1839.0	1857.0	18.0	81.0	5.0	3.0	4.0	
145.0	0.0	2.0	1839.0	1839.0	1857.0	18.0	84.0	5.0	12.0	2.0	
146.0	0.0	2.0	1839.0	1839.0	1857.0	18.0	87.0	5.0	5.0	5.0	
147.0	0.0	2.0	1839.0	1839.0	1857.0	18.0	90.0	5.0	4.0	1.0	
148.0	0.0	2.0	1839.0	1839.0	1857.0	18.0	93.0	5.0	4.0	5.0	
149.0	0.0	2.0	1839.0	1839.0	1857.0	18.0	96.0	5.0	15.0	3.0	
150.0	0.0	2.0	1839.0	1839.0	1857.0	18.0	99.0	5.0	12.0	3.0	
151.0	0.0	2.0	1839.0	1839.0	1857.0	18.0	82.0	5.0	6.0	2.0	
152.0	0.0	2.0	1839.0	1839.0	1857.0	18.0	85.0	5.0	3.0	5.0	
153.0	0.0	2.0	1839.0	1839.0	1857.0	18.0	88.0	5.0	4.0	3.0	
154.0	0.0	2.0	1839.0	1839.0	1857.0	18.0	91.0	5.0	9.0	5.0	
155.0	0.0	2.0	1839.0	1839.0	1857.0	18.0	94.0	5.0	13.0	1.0	
156.0	0.0	2.0	1839.0	1839.0	1857.0	18.0	97.0	5.0	9.0	3.0	
157.0	0.0	2.0	1839.0	1839.0	1857.0	18.0	100.0	5.0	14.0	1.0	
158.0	0.0	2.0	1839.0	1839.0	1857.0	18.0	83.0	5.0	5.0	1.0	
159.0	0.0	2.0	1839.0	1839.0	1857.0	18.0	86.0	5.0	15.0	4.0	
160.0	0.0	2.0	1839.0	1839.0	1857.0	18.0	89.0	5.0	14.0	2.0	
161.0	0.0	2.0	1839.0	1839.0	1857.0	18.0	92.0	5.0	10.0	4.0	
162.0	0.0	2.0	1839.0	1839.0	1857.0	18.0	95.0	5.0	8.0	5.0	
163.0	0.0	2.0	1839.0	1839.0	1857.0	18.0	98.0	5.0	15.0	2.0	
164.0	0.0	2.0	1839.0	1839.0	1857.0	18.0	81.0	5.0	3.0	4.0	
165.0	0.0	2.0	1839.0	1839.0	1857.0	18.0	84.0	5.0	12.0	2.0	
166.0	0.0	2.0	1839.0	1839.0	1857.0	18.0	87.0	5.0	5.0	5.0	
167.0	0.0	2.0	1839.0	1839.0	1857.0	18.0	90.0	5.0	4.0	1.0	
168.0	0.0	2.0	1839.0	1839.0	1857.0	18.0	93.0	5.0	4.0	5.0	
169.0	0.0	2.0	1839.0	1839.0	1857.0	18.0	96.0	5.0	15.0	3.0	
170.0	0.0	2.0	1839.0	1839.0	1857.0	18.0	99.0	5.0	12.0	3.0	
171.0	0.0	2.0	1839.0	1839.0	1857.0	18.0	82.0	5.0	6.0	2.0	
172.0	0.0	2.0	1839.0	1839.0	1857.0	18.0	85.0	5.0	3.0	5.0	
173.0	0.0	2.0	1839.0	1839.0	1857.0	18.0	88.0	5.0	4.0	3.0	
174.0	0.0	2.0	1839.0	1839.0	1857.0	18.0	91.0	5.0	9.0	5.0	
175.0	0.0	2.0	1839.0	1839.0	1857.0	18.0	94.0	5.0	13.0	1.0	
176.0	0.0	2.0	1839.0	1839.0	1857.0	18.0	97.0	5.0	9.0	3.0	
177.0	0.0	2.0	1839.0	1839.0	1857.0	18.0	100.0	5.0	14.0	1.0	
178.0	0.0	2.0	1839.0	1839.0	1857.0	18.0	83.0	5.0	5.0	1.0	
179.0	0.0	2.0	1839.0	1839.0	1857.0	18.0	86.0	5.0	15.0	4.0	
180.0	0.0	2.0	1839.0	1839.0	1857.0	18.0	89.0	5.0	14.0	2.0	
181.0	0.0	2.0	1839.0	1839.0	1857.0	18.0	92.0	5.0	10.0	4.0	
182.0	0.0	2.0	1839.0	1839.0	1857.0	18.0	95.0	5.0	8.0	5.0	
183.0	0.0	2.0	1839.0	1839.0	1857.0	18.0	98.0	5.0	15.0	2.0	
184.0	0.0	2.0	1839.0	1839.0	1857.0	18.0	81.0	5.0	3.0	4.0	
185.0	0.0	2.0	1839.0	1839.0	1857.0	18.0	84.0	5.0	12.0	2.0	
186.0	0.0	2.0	1839.0	1839.0	1857.0	18.0	87.0	5.0	5.0	5.0	
187.0	0.0	2.0	1839.0	1839.0	1857.0	18.0	90.0	5.0	4.0	1.0	
188.0	0.0	2.0	1839.0	1839.0	1857.0	18.0	93.0	5.0	4.0	5.0	
189.0	0.0	2.0	1839.0	1839.0	1857.0	18.0	96.0	5.0	15.0	3.0	
190.0	0.0	2.0	1839.0	1839.0	1857.0	18.0	99.0	5.0	12.0	3.0	
191.0	0.0	2.0	1839.0	1839.0	1857.0	18.0	82.0	5.0	6.0	2.0	
192.0	0.0	2.0	1839.0	1839.0	1857.0	18.0	85.0	5.0	3.0	5.0	
193.0	0.0	2.0	1839.0	1839.0	1857.0	18.0	88.0	5.0	4.0	3.0	
194.0	0.0	2.0	1839.0	1839.0	1857.0	18.0	91.0	5.0	9.0	5.0	
195.0	0.0	2.0	1839.0	1839.0	1857.0	18.0	94.0	5.0	13.0	1.0	
196.0	0.0	2.0	1839.0	1839.0	1857.0	18.0	97.0	5.0	9.0	3.0	
197.0	0.0	2.0	1839.0	1839.0	1857.0	18.0	100.0	5.0	14.0	1.0	
198.0	0.0	2.0	1839.0	1839.0	1857.0	18.0	83.0	5.0	5.0	1.0	
199.0	0.0	2.0	1839.0	1839.0	1857.0	18.0	86.0	5.0	15.0	4.0	
200.0	0.0	2.0	1839.0	1839.0	1857.0	18.0	89.0	5.0	14.0	2.0	
201.0	0.0	2.0	1839.0	1839.0	1857.0	18.0	92.0	5.0	10.0	4.0	
202.0	0.0	2.0	1839.0	1839.0	1857.0	18.0	95.0	5.0	8.0	5.0	
203.0	0.0	2.0	1839.0	1839.0	1857.0	18.0	98.0	5.0	15.0	2.0	
204.0	0.0	2.0	1839.0	1839.0	1857.0	18.0	81.0	5.0	3.0	4.0	
205.0	0.0	2.0	1839.0	1839.0	1857.0	18.0	84.0	5.0	12.0	2.0	
206.0	0.0	2.0	1839.0	1839.0	1857.0	18.0	87.0	5.0	5.0	5.0	
207.0	0.0	2.0	1839.0	1839.0	1857.0	18.0	90.0	5.0	4.0	1.0	
208.0	0.0	2.0	1839.0	1839.0	1857.0	18.0	93.0	5.0	4.0	5.0	
209.0	0.0	2.0	1839.0	1839.0	1857.0	18.0	96.0	5.0	15.0	3.0	
210.0	0.0	2.0	1839.0	1839.0	1857.0	18.0	99.0	5.0	12.0	3.0	
211.0	0.0	2.0	1839.0	1839.0	1857.0	18.0	82.0	5.0	6.0	2.0	
212.0	0.0	2.0	1839.0	1839.0	1857.0	18.0	85.0	5.0	3.0	5.0	
213.0	0.0	2.0	1839.0	1839.0	1857.0	18.0	88.0	5.0	4.0	3.0	
214.0	0.0	2.0	1839.0	1839.0	1857.0	18.0	91.0	5.0	9.0	5.0	
215.0	0.0	2.0	1839.0	1839.0	1857.0	18.0	94.0	5.0	13.0	1.0	
216.0	0.0	2.0	1839.0	1839.0	1857.0	18.0	97.0	5.0	9.0	3.0	
217.0	0.0	2.0	1839.0	1839.0	1857.0	18.0	100.0	5.0	14.0	1.0	
218.0	0.0	2.0	1839.0	1839.0	1857.0	18.0	83.0	5.0	5.0	1.0	
219.0	0.0	2.0	1839.0	1839.0	1857.0	18.0	86.0	5.0	15.0	4.0	
220.0	0.0	2.0	1839.0	1839.0	1857.0	18.0	89.0	5.0	14.0	2.0	
221.0	0.0	2.0	1839.0	1839.0	1857.0	18.0	92.0	5.0	10.0	4.0	
222.0	0.0	2.0	1839.0	1839.0	1857.0	18.0	95.0	5.0	8.0	5.0	
223.0	0.0	2.0	1839.0	1839.0	1857.0	18.0	98.0	5.0	15.0	2.0	
224.0	0.0	2.0	1839.0	1839.0	1857.0	18.0	81.0	5.0	3.0	4.0	
225.0	0.0	2.0	1839.0	1839.0	1857.0	18.0	84.0	5.0	12.0	2.0	
226.0	0.0	2.0	1839.0	1839.0	1857.0	18.0	87.0	5.0	5.0	5.0	
227.0	0.0	2.0	1839.0	1839.0	1857.0	18.0	90.0	5.0	4.0	1.0	
228.0	0.0	2.0	1839.0	1839.0	1857.0	18.0	94.0	5.0	13.0	1.0	
229.0	0.0	2.0	1839.0	1839.0	1857.0	18.0	96.0	5.0	15.0	3.0	
230.0	0.0	2.0	1839.0	1839.0	1857.0	18.0	70.0	4.0	11.0	5.0	
231.0	0.0	2.0	1839.0	1839.0	1857.0	18.0	73.0	4.0	13.0	3.0	
232.0	0.0	2.0	1839.0	1839.0	1857.0	18.0	76.0	4.0	6.0	4.0	
233.0	0.0	2.0	1839.0	1839.0	1857.0	18.0	79.0	4.0	7.0	3.0	
234.0	0.0	2.0	1839.0	1839.0	1857.0	18.0	62.0	4.0	7.0	4.0	
235.0	0.0	2.0	1839.0	1839.0	1857.0	18.0	65.0	4.0	11.0	2.0	
236.0	0.0	2.0	1839.0	1839.0	1857.0	18.0	68.0	4.0	5.0	3.0	
237.0	0.0	2.0	1839.0	1839.0	1857.0	18.0	71.0	4.0	11.0	3.0	
238.0	0.0	2.0	1839.0	1839.0	1857.0	18.0	74.0	4.0	1.0	3.0	
239.0	0.0	2.0	1839.0	1839.0	1857.0	18.0	77.0	4.0	8.0	2.0	
240.0	0.0	2.0	1839.0	1839.0	1857.0	18.0	80.0	4.0	3.0	1.0	
241.0	0.0	2.0	1839.0	1839.0	1857.0	18.0	63.0	4.0	15.0	1.0	
242.0	0.0	2.0	1839.0	1839.0	1857.0	18.0	66.0	4.0	12.0	5.0	
243.0	0.0	2.0	1839.0	1839.0	1857.0	18.0	69.0	4.0	12.0	2.0	
244.0	0.0	2.0	1839.0	1839.0	1857.0	18.0	72.0	4.0	11.0	2.0	
245.0	0.0	2.0	1839.0	1839.0	1857.0	18.0	75.0	4.0	8.0	5.0	
246.0	0.0	2.0	1839.0	1839.0	1857.0	18.0	78.0	4.0	8.0	1.0	
247.0	0.0	2.0	1839.0	1839.0	1857.0	18.0	61.0	4.0	12.0	4.0	
248.0	0.0	2.0	1839.0	1839.0	1857.0	18.0	64.0	4.0	4.0	2.0	
249.0	0.0	2.0	1839.0	1839.0	1857.0	18.0	67.0	4.0	3.0	3.0	
250.0	0.0	2.0	1839.0	1839.0	1857.0	18.0	70.0	4.0	11.0	5.0	
251.0	0.0	2.0	1839.0	1839.0	1857.0	18.0	73.0	4.0	13.0	3.0	
252.0	0.0	2.0	1839.0	1839.0	1857.0	18.0	76.0	4.0	6.0	4.0	
253.0	0.0	2.0	1839.0	1839.0	1857.0	18.0	79.0	4.0	7.0	3.0	
254.0	0.0	2.0	1839.0	1839.0	1857.0	18.0	62.0	4.0	7.0	4.0	
255.0	0.0	2.0	1839.0	1839.0	1857.0	18.0	65.0	4.0	11.0	2.0	
256.0	0.0	2.0	1839.0	1839.0	1857.0	18.0	68.0	4.0	5.0	3.0	
257.0	0.0	2.0	1839.0	1839.0	1857.0	18.0	71.0	4.0	11.0	3.0	
258.0	0.0	2.0	1839.0	1839.0	1857.0	18.0	74.0	4.0	1.0	3.0	
259.0	0.0	2.0	1839.0	1839.0	1857.0	18.0	77.0	4.0	8.0	2.0	
260.0	0.0	2.0	1839.0	1839.0	1857.0	18.0	80.0	4.0	3.0	1.0	
261.0	0.0	2.0	1839.0	1839.0	1857.0	18.0	63.0	4.0	15.0	1.0	
262.0	0.0	2.0	1839.0	1839.0	1857.0	18.0	66.0	4.0	12.0	5.0	
263.0	0.0	2.0	1839.0	1839.0	1857.0	18.0	69.0	4.0	12.0	2.0	
264.0	0.0	2.0	1839.0	1839.0	1857.0	18.0	72.0	4.0	11.0	2.0	
265.0	0.0	2.0	1839.0	1839.0	1857.0	18.0	75.0	4.0	8.0	5.0	
266.0	0.0	2.0	1839.0	1839.0	1857.0	18.0	78.0	4.0	8.0	1.0	
267.0	0.0	2.0	1839.0	1839.0	1857.0	18.0	61.0	4.0	12.0	4.0	
268.0	0.0	2.0	1839.0	1839.0	1857.0	18.0	64.0	4.0	4.0	2.0	
269.0	0.0	2.0	1839.0	1839.0	1857.0	18.0	67.0	4.0	3.0	3.0	
270.0	0.0	2.0	1839.0	1839.0	1857.0	18.0	70.0	4.0	11.0	5.0	
271.0	0.0	2.0	1839.0	1839.0	1857.0	18.0	73.0	4.0	13.0	3.0	
272.0	0.0	2.0	1839.0	1839.0	1857.0	18.0	76.0	4.0	6.0	4.0	
273.0	0.0	2.0	1839.0	1839.0	1857.0	18.0	79.0	4.0	7.0	3.0	
274.0	0.0	2.0	1839.0	1839.0	1857.0	18.0	62.0	4.0	7.0	4.0	
275.0	0.0	2.0	1839.0	1839.0	1857.0	18.0	65.0	4.0	11.0	2.0	
276.0	0.0	2.0	1839.0	1839.0	1857.0	18.0	68.0	4.0	5.0	3.0	
277.0	0.0	2.0	1839.0	1839.0	1857.0	18.0	71.0	4.0	11.0	3.0	
278.0	0.0	2.0	1839.0	1839.0	1857.0	18.0	74.0	4.0	1.0	3.0	
279.0	0.0	2.0	1839.0	1839.0	1857.0	18.0	77.0	4.0	8.0	2.0	
280.0	0.0	2.0	1839.0	1839.0	1857.0	18.0	80.0	4.0	3.0	1.0	
281.0	0.0	2.0	1839.0	1839.0	1857.0	18.0	63.0	4.0	15.0	1.0	
282.0	0.0	2.0	1839.0	1839.0	1857.0	18.0	66.0	4.0	12.0	5.0	
283.0	0.0	2.0	1839.0	1839.0	1857.0	18.0	69.0	4.0	12.0	2.0	
284.0	0.0	2.0	1839.0	1839.0	1857.0	18.0	72.0	4.0	11.0	2.0	
285.0	0.0	2.0	1839.0	1839.0	1857.0	18.0	75.0	4.0	8.0	5.0	
286.0	0.0	2.0	1839.0	1839.0	1857.0	18.0	78.0	4.0	8.0	1.0	
287.0	0.0	2.0	1839.0	1839.0	1857.0	18.0	61.0	4.0	12.0	4.0	
288.0	0.0	2.0	1839.0	1839.0	1857.0	18.0	64.0	4.0	4.0	2.0	
289.0	0.0	2.0	1839.0	1839.0	1857.0	18.0	67.0	4.0	3.0	3.0	
290.0	0.0	2.0	1839.0	1839.0	1857.0	18.0	70.0	4.0	11.0	5.0	
291.0	0.0	2.0	1839.0	1839.0	1857.0	18.0	73.0	4.0	13.0	3.0	
292.0	0.0	2.0	1839.0	1839.0	1857.0	18.0	76.0	4.0	6.0	4.0	
293.0	0.0	2.0	1839.0	1839.0	1857.0	18.0	79.0	4.0	7.0	3.0	
294.0	0.0	2.0	1839.0	1839.0	1857.0	18.0	62.0	4.0	7.0	4.0	
295.0	0.0	2.0	1839.0	1839.0	1857.0	18.0	65.0	4.0	11.0	2.0	
296.0	0.0	2.0	1839.0	1839.0	1857.0	18.0	68.0	4.0	5.0	3.0	
297.0	0.0	2.0	1839.0	1839.0	1857.0	18.0	71.0	4.0	11.0	3.0	
298.0	0.0	2.0	1839.0	1839.0	1857.0	18.0	74.0	4.0	1.0	3.0	
299.0	0.0	2.0	1839.0	1839.0	1857.0	18.0	77.0	4.0	8.0	2.0	
300.0	0.0	2.0	1839.0	1839.0	1857.0	18.0	80.0	4.0	3.0	1.0	
301.0	0.0	2.0	1839.0	1839.0	1857.0	18.0	63.0	4.0	15.0	1.0	
302.0	0.0	2.0	1839.0	1839.0	1857.0	18.0	66.0	4.0	12.0	5.0	
303.0	0.0	2.0	1839.0	1839.0	1857.0	18.0	69.0	4.0	12.0	2.0	
304.0	0.0	2.0	1839.0	1839.0	1857.0	18.0	72.0	4.0	11.0	2.0	
305.0	0.0	2.0	1839.0	1839.0	1857.0	18.0	75.0	4.0	8.0	5.0	
306.0	0.0	2.0	1839.0	1839.0	1857.0	18.0	78.0	4.0	8.0	1.0	
307.0	0.0	2.0	1839.0	1839.0	1857.0	18.0	61.0	4.0	12.0	4.0	
308.0	0.0	2.0	1839.0	1839.0	1857.0	18.0	64.0	4.0	4.0	2.0	
309.0	0.0	2.0	1839.0	1839.0	1857.0	18.0	67.0	4.0	3.0	3.0	
310.0	0.0	2.0	1839.0	1839.0	1857.0	18.0	70.0	4.0	11.0	5.0	
311.0	0.0	2.0	1839.0	1839.0	1857.0	18.0	73.0	4.0	13.0	3.0	
312.0	0.0	2.0	1839.0	1839.0	1857.0	18.0	76.0	4.0	6.0	4.0	
313.0	0.0	2.0	1839.0	1839.0	1857.0	18.0	79.0	4.0	7.0	3.0	
314.0	0.0	2.0	1839.0	1839.0	1857.0	18.0	62.0	4.0	7.0	4.0	
315.0	0.0	2.0	1839.0	1839.0	1857.0	18.0	65.0	4.0	11.0	2.0	
316.0	0.0	2.0	1839.0	1839.0	1857.0	18.0	68.0	4.0	5.0	3.0	
317.0	0.0	2.0	1839.0	1839.0	1857.0	18.0	71.0	4.0	11.0	3.0	
318.0	0.0	2.0	1839.0	1839.0	1857.0	18.0	74.0	4.0	1.0	3.0	
319.0	0.0	2.0	1839.0	1839.0	1857.0	18.0	77.0	4.0	8.0	2.0	
320.0	0.0	2.0	1839.0	1839.0	1857.0	18.0	80.0	4.0	3.0	1.0	
321.0	0.0	2.0	1839.0	1839.0	1857.0	18.0	63.0	4.0	15.0	1.0	
322.0	0.0	2.0	1839.0	1839.0	1857.0	18.0	66.0	4.0	12.0	5.0	
323.0	0.0	2.0	1839.0	1839.0	1857.0	18.0	69.0	4.0	12.0	2.0	
324.0	0.0	2.0	1839.0	1839.0	1857.0	18.0	72.0	4.0	11.0	2.0	
325.0	0.0	2.0	1839.0	1839.0	1857.0	18.0	75.0	4.0	8.0	5.0	
326.0	0.0	2.0	1839.0	1839.0	1857.0	18.0	78.0	4.0	8.0	1.0	
327.0	0.0	2.0	1839.0	1839.0	1857.0	18.0	61.0	4.0	12.0	4.0	
328.0	0.0	2.0	1839.0	1839.0	1857.0	18.0	64.0	4.0	4.0	2.0	
329.0	0.0	2.0	1839.0	1839.0	1857.0	18.0	67.0	4.0	3.0	3.0	
330.0	0.0	2.0	1839.0	1839.0	1857.0	18.0	70.0	4.0	11.0	5.0	
331.0	0.0	2.0	1839.0	1839.0	1857.0	18.0	73.0	4.0	13.0	3.0	
332.0	0.0	2.0	1839.0	1839.0	1857.0	18.0	76.0	4.0	6.0	4.0	
333.0	0.0	2.0	1839.0	1839.0	1857.0	18.0	79.0	4.0	7.0	3.0	
334.0	0.0	2.0	1839.0	1839.0	1857.0	18.0	62.0	4.0	7.0	4.0	
335.0	0.0	2.0	1839.0	1839.0	1857.0	18.0	65.0	4.0	11.0	2.0	
336.0	0.0	2.0	1839.0	1839.0	1857.0	18.0	68.0	4.0	5.0	3.0	
337.0	0.0	2.0	1839.0	1839.0	1857.0	18.0	71.0	4.0	11.0	3.0	
338.0	0.0	2.0	1839.0	1839.0	1857.0	18.0	74.0	4.0	1.0	3.0	
339.0	0.0	2.0	1839.0	1839.0	1857.0	18.0	77.0	4.0	8.0	2.0	
340.0	0.0	2.0	1839.0	1839.0	1857.0	18.0	80.0	4.0	3.0	1.0	
341.0	0.0	2.0	1839.0	1839.0	1857.0	18.0	63.0	4.0	15.0	1.0	
342.0	0.0	2.0	1839.0	1839.0	1857.0	18.0	66.0	4.0	12.0	5.0	
343.0	0.0	2.0	1839.0	1839.0	1857.0	18.0	69.0	4.0	12.0	2.0	
344.0	0.0	2.0	1839.0	1839.0	1857.0	18.0	72.0	4.0	11.0	2.0	
345.0	0.0	2.0	1839.0	1839.0	1857.0	18.0	75.0	4.0	8.0	5.0	
346.0	0.0	2.0	1839.0	1839.0	1857.0	18.0	78.0	4.0	8.0	1.0	
347.0	0.0	2.0	1839.0	1839.0	1857.0	18.0	61.0	4.0	12.0	4.0	
348.0	0.0	2.0	1839.0	1839.0	1857.0	18.0	64.0	4.0	4.0	2.0	
349.0	0.0	2.0	1839.0	1839.0	1857.0	18.0	67.0	4.0	3.0	3.0	
350.0	0.0	2.0	1839.0	1839.0	1857.0	18.0	70.0	4.0	11.0	5.0	
351.0	0.0	2.0	1839.0	1839.0	1857.0	18.0	73.0	4.0	13.0	3.0	
352.0	0.0	2.0	1839.0	1839.0	1857.0	18.0	76.0	4.0	6.0	4.0	
353.0	0.0	2.0	1839.0	1839.0	1857.0	18.0	79.0	4.0	7.0	3.0	
354.0	0.0	2.0	1839.0	1839.0	1857.0	18.0	62.0	4.0	7.0	4.0	
355.0	0.0	2.0	1839.0	1839.0	1857.0	18.0	65.0	4.0	11.0	2.0	
356.0	0.0	2.0	1839.0	1839.0	1857.0	18.0	68.0	4.0	5.0	3.0	
357.0	0.0	2.0	1839.0	1839.0	1857.0	18.0	71.0	4.0	11.0	3.0	
358.0	0.0	2.0	1839.0	1839.0	1857.0	18.0	74.0	4.0	1.0	3.0	
359.0	0.0	2.0	1839.0	1839.0	1857.0	18.0	77.0	4.0	8.0	2.0	
360.0	0.0	2.0	1839.0	1839.0	1857.0	18.0	80.0	4.0	3.0	1.0	
361.0	0.0	2.0	1839.0	1839.0	1857.0	18.0	63.0	4.0	15.0	1.0	
362.0	0.0	2.0	1839.0	1839.0	1857.0	18.0	66.0	4.0	12.0	5.0	
363.0	0.0	2.0	1839.0	1839.0	1857.0	18.0	69.0	4.0	12.0	2.0	
364.0	0.0	2.0	1839.0	1839.0	1857.0	18.0	72.0	4.0	11.0	2.0	
365.0	0.0	2.0	1839.0	1839.0	1857.0	18.0	75.0	4.0	8.0	5.0	
366.0	0.0	2.0	1839.0	1839.0	1857.0	18.0	78.0	4.0	8.0	1.0	
367.0	0.0	2.0	1839.0	1839.0	1857.0	18.0	61.0	4.0	12.0	4.0	
368.0	0.0	2.0	1839.0	1839.0	1857.0	18.0	64.0	4.0	4.0	2.0	
369.0	0.0	2.0	1839.0	1839.0	1857.0	18.0	67.0	4.0	3.0	3.0	
370.0	0.0	2.0	1839.0	1839.0	1857.0	18.0	70.0	4.0	11.0	5.0	
371.0	0.0	2.0	1839.0	1839.0	1857.0	18.0	73.0	4.0	13.0	3.0	
372.0	0.0	2.0	1839.0	1839.0	1857.0	18.0	77.0	4.0	8.0	2.0	
373.0	0.0	2.0	1839.0	1839.0	1857.0	18.0	79.0	4.0	7.0	3.0	
374.0	0.0	2.0	1839.0	1839.0	1857.0	18.0	62.0	4.0	7.0	4.0	
375.0	0.0	2.0	1839.0	1839.0	1857.0	18.0	65.0	4.0	11.0	2.0	
376.0	0.0	2.0	1839.0	1839.0	1857.0	18.0	68.0	4.0	5.0	3.0	
377.0	0.0	2.0	1839.0	1839.0	1857.0	18.0	71.0	4.0	11.0	3.0	
378.0	0.0	2.0	1839.0	1839.0	1857.0	18.0	74.0	4.0	1.0	3.0	
379.0	0.0	2.0	1839.0	1839.0	1857.0	18.0	78.0	4.0	8.0	1.0	
380.0	0.0	2.0	1839.0	1839.0	1857.0	18.0	80.0	4.0	3.0	1.0	
381.0	0.0	2.0	1839.0	1839.0	1857.0	18.0	63.0	4.0	15.0	1.0	
382.0	0.0	2.0	1839.0	1839.0	1857.0	18.0	57.0	3.0	14.0	3.0	
383.0	0.0	2.0	1839.0	1839.0	1857.0	18.0	60.0	3.0	3.0	3.0	
384.0	0.0	2.0	1839.0	1839.0	1857.0	18.0	43.0	3.0	13.0	1.0	
385.0	0.0	2.0	1839.0	1839.0	1857.0	18.0	46.0	3.0	14.0	3.0	
386.0	0.0	2.0	1839.0	1839.0	1857.0	18.0	49.0	3.0	12.0	1.0	
387.0	0.0	2.0	1839.0	1839.0	1857.0	18.0	52.0	3.0	4.0	3.0	
388.0	0.0	2.0	1839.0	1839.0	1857.0	18.0	55.0	3.0	6.0	4.0	
389.0	0.0	2.0	1839.0	1839.0	1857.0	18.0	58.0	3.0	11.0	4.0	
390.0	0.0	2.0	1839.0	1839.0	1857.0	18.0	41.0	3.0	15.0	4.0	
391.0	0.0	2.0	1839.0	1839.0	1857.0	18.0	44.0	3.0	3.0	5.0	
392.0	0.0	2.0	1839.0	1839.0	1857.0	18.0	47.0	3.0	15.0	5.0	
393.0	0.0	2.0	1839.0	1839.0	1857.0	18.0	50.0	3.0	9.0	1.0	
394.0	0.0	2.0	1839.0	1839.0	1857.0	18.0	53.0	3.0	12.0	3.0	
395.0	0.0	2.0	1839.0	1839.0	1857.0	18.0	56.0	3.0	13.0	5.0	
396.0	0.0	2.0	1839.0	1839.0	1857.0	18.0	59.0	3.0	9.0	4.0	
397.0	0.0	2.0	1839.0	1839.0	1857.0	18.0	42.0	3.0	4.0	1.0	
398.0	0.0	2.0	1839.0	1839.0	1857.0	18.0	45.0	3.0	5.0	4.0	
399.0	0.0	2.0	1839.0	1839.0	1857.0	18.0	48.0	3.0	13.0	4.0	
400.0	0.0	2.0	1839.0	1839.0	1857.0	18.0	51.0	3.0	2.0	3.0	
401.0	0.0	2.0	1839.0	1839.0	1857.0	18.0	54.0	3.0	10.0	5.0	
402.0	0.0	2.0	1839.0	1839.0	1857.0	18.0	57.0	3.0	14.0	3.0	
403.0	0.0	2.0	1839.0	1839.0	1857.0	18.0	60.0	3.0	3.0	3.0	
404.0	0.0	2.0	1839.0	1839.0	1857.0	18.0	43.0	3.0	13.0	1.0	
405.0	0.0	2.0	1839.0	1839.0	1857.0	18.0	46.0	3.0	14.0	3.0	
406.0	0.0	2.0	1839.0	1839.0	1857.0	18.0	49.0	3.0	12.0	1.0	
407.0	0.0	2.0	1839.0	1839.0	1857.0	18.0	52.0	3.0	4.0	3.0	
408.0	0.0	2.0	1839.0	1839.0	1857.0	18.0	55.0	3.0	6.0	4.0	
409.0	0.0	2.0	1839.0	1839.0	1857.0	18.0	58.0	3.0	11.0	4.0	
410.0	0.0	2.0	1839.0	1839.0	1857.0	18.0	41.0	3.0	15.0	4.0	
411.0	0.0	2.0	1839.0	1839.0	1857.0	18.0	44.0	3.0	3.0	5.0	
412.0	0.0	2.0	1839.0	1839.0	1857.0	18.0	47.0	3.0	15.0	5.0	
413.0	0.0	2.0	1839.0	1839.0	1857.0	18.0	50.0	3.0	9.0	1.0	
414.0	0.0	2.0	1839.0	1839.0	1857.0	18.0	53.0	3.0	12.0	3.0	
415.0	0.0	2.0	1839.0	1839.0	1857.0	18.0	56.0	3.0	13.0	5.0	
416.0	0.0	2.0	1839.0	1839.0	1857.0	18.0	59.0	3.0	9.0	4.0	
417.0	0.0	2.0	1839.0	1839.0	1857.0	18.0	42.0	3.0	4.0	1.0	
418.0	0.0	2.0	1839.0	1839.0	1857.0	18.0	45.0	3.0	5.0	4.0	
419.0	0.0	2.0	1839.0	1839.0	1857.0	18.0	48.0	3.0	13.0	4.0	
420.0	0.0	2.0	1839.0	1839.0	1857.0	18.0	51.0	3.0	2.0	3.0	
421.0	0.0	2.0	1839.0	1839.0	1857.0	18.0	54.0	3.0	10.0	5.0	
422.0	0.0	2.0	1839.0	1839.0	1857.0	18.0	57.0	3.0	14.0	3.0	
423.0	0.0	2.0	1839.0	1839.0	1857.0	18.0	60.0	3.0	3.0	3.0	
424.0	0.0	2.0	1839.0	1839.0	1857.0	18.0	43.0	3.0	13.0	1.0	
425.0	0.0	2.0	1839.0	1839.0	1857.0	18.0	46.0	3.0	14.0	3.0	
426.0	0.0	2.0	1839.0	1839.0	1857.0	18.0	49.0	3.0	12.0	1.0	
427.0	0.0	2.0	1839.0	1839.0	1857.0	18.0	52.0	3.0	4.0	3.0	
428.0	0.0	2.0	1839.0	1839.0	1857.0	18.0	55.0	3.0	6.0	4.0	
429.0	0.0	2.0	1839.0	1839.0	1857.0	18.0	58.0	3.0	11.0	4.0	
430.0	0.0	2.0	1839.0	1839.0	1857.0	18.0	41.0	3.0	15.0	4.0	
431.0	0.0	2.0	1839.0	1839.0	1857.0	18.0	44.0	3.0	3.0	5.0	
432.0	0.0	2.0	1839.0	1839.0	1857.0	18.0	47.0	3.0	15.0	5.0	
433.0	0.0	2.0	1839.0	1839.0	1857.0	18.0	50.0	3.0	9.0	1.0	
434.0	0.0	2.0	1839.0	1839.0	1857.0	18.0	53.0	3.0	12.0	3.0	
435.0	0.0	2.0	1839.0	1839.0	1857.0	18.0	56.0	3.0	13.0	5.0	
436.0	0.0	2.0	1839.0	1839.0	1857.0	18.0	59.0	3.0	9.0	4.0	
437.0	0.0	2.0	1839.0	1839.0	1857.0	18.0	42.0	3.0	4.0	1.0	
438.0	0.0	2.0	1839.0	1839.0	1857.0	18.0	45.0	3.0	5.0	4.0	
439.0	0.0	2.0	1839.0	1839.0	1857.0	18.0	48.0	3.0	13.0	4.0	
440.0	0.0	2.0	1839.0	1839.0	1857.0	18.0	51.0	3.0	2.0	3.0	
441.0	0.0	2.0	1839.0	1839.0	1857.0	18.0	54.0	3.0	10.0	5.0	
442.0	0.0	2.0	1839.0	1839.0	1857.0	18.0	57.0	3.0	14.0	3.0	
443.0	0.0	2.0	1839.0	1839.0	1857.0	18.0	60.0	3.0	3.0	3.0	
444.0	0.0	2.0	1839.0	1839.0	1857.0	18.0	43.0	3.0	13.0	1.0	
445.0	0.0	2.0	1839.0	1839.0	1857.0	18.0	46.0	3.0	14.0	3.0	
446.0	0.0	2.0	1839.0	1839.0	1857.0	18.0	49.0	3.0	12.0	1.0	
447.0	0.0	2.0	1839.0	1839.0	1857.0	18.0	52.0	3.0	4.0	3.0	
448.0	0.0	2.0	1839.0	1839.0	1857.0	18.0	55.0	3.0	6.0	4.0	
449.0	0.0	2.0	1839.0	1839.0	1857.0	18.0	58.0	3.0	11.0	4.0	
450.0	0.0	2.0	1839.0	1839.0	1857.0	18.0	41.0	3.0	15.0	4.0	
451.0	0.0	2.0	1839.0	1839.0	1857.0	18.0	44.0	3.0	3.0	5.0	
452.0	0.0	2.0	1839.0	1839.0	1857.0	18.0	47.0	3.0	15.0	5.0	
453.0	0.0	2.0	1839.0	1839.0	1857.0	18.0	50.0	3.0	9.0	1.0	
454.0	0.0	2.0	1839.0	1839.0	1857.0	18.0	53.0	3.0	12.0	3.0	
455.0	0.0	2.0	1839.0	1839.0	1857.0	18.0	56.0	3.0	13.0	5.0	
456.0	0.0	2.0	1839.0	1839.0	1857.0	18.0	59.0	3.0	9.0	4.0	
457.0	0.0	2.0	1839.0	1839.0	1857.0	18.0	42.0	3.0	4.0	1.0	
458.0	0.0	2.0	1839.0	1839.0	1857.0	18.0	29.0	2.0	2.0	5.0	
459.0	0.0	2.0	1839.0	1839.0	1857.0	18.0	32.0	2.0	14.0	3.0	
460.0	0.0	2.0	1839.0	1839.0	1857.0	18.0	35.0	2.0	10.0	5.0	
461.0	0.0	2.0	1839.0	1839.0	1857.0	18.0	38.0	2.0	5.0	5.0	
462.0	0.0	2.0	1839.0	1839.0	1857.0	18.0	21.0	2.0	9.0	1.0	
463.0	0.0	2.0	1839.0	1839.0	1857.0	18.0	24.0	2.0	14.0	4.0	
464.0	0.0	2.0	1839.0	1839.0	1857.0	18.0	27.0	2.0	13.0	4.0	
465.0	0.0	2.0	1839.0	1839.0	1857.0	18.0	30.0	2.0	14.0	1.0	
466.0	0.0	2.0	1839.0	1839.0	1857.0	18.0	33.0	2.0	14.0	1.0	
467.0	0.0	2.0	1839.0	1839.0	1857.0	18.0	36.0	2.0	15.0	4.0	
468.0	0.0	2.0	1839.0	1839.0	1857.0	18.0	39.0	2.0	14.0	2.0	
469.0	0.0	2.0	1839.0	1839.0	1857.0	18.0	22.0	2.0	6.0	2.0	
470.0	0.0	2.0	1839.0	1839.0	1857.0	18.0	25.0	2.0	12.0	2.0	
471.0	0.0	2.0	1839.0	1839.0	1857.0	18.0	28.0	2.0	8.0	1.0	
472.0	0.0	2.0	1839.0	1839.0	1857.0	18.0	31.0	2.0	8.0	1.0	
473.0	0.0	2.0	1839.0	1839.0	1857.0	18.0	34.0	2.0	14.0	1.0	
474.0	0.0	2.0	1839.0	1839.0	1857.0	18.0	37.0	2.0	5.0	2.0	
475.0	0.0	2.0	1839.0	1839.0	1857.0	18.0	40.0	2.0	11.0	3.0	
476.0	0.0	2.0	1839.0	1839.0	1857.0	18.0	23.0	2.0	7.0	3.0	
477.0	0.0	2.0	1839.0	1839.0	1857.0	18.0	26.0	2.0	1.0	2.0	
478.0	0.0	2.0	1839.0	1839.0	1857.0	18.0	29.0	2.0	2.0	5.0	
479.0	0.0	2.0	1839.0	1839.0	1857.0	18.0	32.0	2.0	14.0	3.0	
480.0	0.0	2.0	1839.0	1839.0	1857.0	18.0	35.0	2.0	10.0	5.0	
481.0	0.0	2.0	1839.0	1839.0	1857.0	18.0	38.0	2.0	5.0	5.0	
482.0	0.0	2.0	1839.0	1839.0	1857.0	18.0	21.0	2.0	9.0	1.0	
483.0	0.0	2.0	1839.0	1839.0	1857.0	18.0	24.0	2.0	14.0	4.0	
484.0	0.0	2.0	1839.0	1839.0	1857.0	18.0	27.0	2.0	13.0	4.0	
485.0	0.0	2.0	1839.0	1839.0	1857.0	18.0	30.0	2.0	14.0	1.0	
486.0	0.0	2.0	1839.0	1839.0	1857.0	18.0	33.0	2.0	14.0	1.0	
487.0	0.0	2.0	1839.0	1839.0	1857.0	18.0	36.0	2.0	15.0	4.0	
488.0	0.0	2.0	1839.0	1839.0	1857.0	18.0	39.0	2.0	14.0	2.0	
489.0	0.0	2.0	1839.0	1839.0	1857.0	18.0	22.0	2.0	6.0	2.0	
490.0	0.0	2.0	1839.0	1839.0	1857.0	18.0	25.0	2.0	12.0	2.0	
491.0	0.0	2.0	1839.0	1839.0	1857.0	18.0	28.0	2.0	8.0	1.0	
492.0	0.0	2.0	1839.0	1839.0	1857.0	18.0	31.0	2.0	8.0	1.0	
493.0	0.0	2.0	1839.0	1839.0	1857.0	18.0	34.0	2.0	14.0	1.0	
494.0	0.0	2.0	1839.0	1839.0	1857.0	18.0	37.0	2.0	5.0	2.0	
495.0	0.0	2.0	1839.0	1839.0	1857.0	18.0	40.0	2.0	11.0	3.0	
496.0	0.0	2.0	1839.0	1839.0	1857.0	18.0	9.0	1.0	15.0	5.0	
497.0	0.0	2.0	1839.0	1839.0	1857.0	18.0	12.0	1.0	5.0	3.0	
498.0	0.0	2.0	1839.0	1839.0	1857.0	18.0	15.0	1.0	11.0	1.0	
499.0	0.0	2.0	1839.0	1839.0	1857.0	18.0	18.0	1.0	2.0	5.0	
500.0	0.0	2.0	1839.0	1839.0	1857.0	18.0	1.0	1.0	11.0	3.0	
501.0	0.0	2.0	1839.0	1839.0	1857.0	18.0	4.0	1.0	9.0	4.0	
502.0	0.0	2.0	1839.0	1839.0	1857.0	18.0	7.0	1.0	11.0	1.0	
503.0	0.0	2.0	1839.0	1839.0	1857.0	18.0	10.0	1.0	15.0	1.0	
504.0	0.0	2.0	1839.0	1839.0	1857.0	18.0	13.0	1.0	3.0	1.0	
505.0	0.0	2.0	1839.0	1839.0	1857.0	18.0	16.0	1.0	14.0	2.0	
506.0	0.0	2.0	1839.0	1839.0	1857.0	18.0	19.0	1.0	13.0	4.0	
507.0	0.0	2.0	1839.0	1839.0	1857.0	18.0	2.0	1.0	14.0	1.0	
508.0	0.0	2.0	1839.0	1839.0	1857.0	18.0	5.0	1.0	15.0	2.0	
509.0	0.0	2.0	1839.0	1839.0	1857.0	18.0	8.0	1.0	15.0	3.0	
510.0	0.0	2.0	1839.0	1839.0	1857.0	18.0	11.0	1.0	4.0	4.0	
511.0	0.0	2.0	1839.0	1839.0	1857.0	18.0	14.0	1.0	13.0	5.0	
512.0	0.0	2.0	1839.0	1839.0	1857.0	18.0	17.0	1.0	11.0	4.0	
=====================================================================================================================================================
Map output of wordmean map task #, VM#, VM Flavour #, PM#, Rack #, Reduce1, Reduce2, etc (how much each map task produces to different reduce tasks)
=====================================================================================================================================================
1.0	92.0	10.0	10.0	7.21	11.4	7.4	5.52	8.22	6.75	8.13	4.34	10.1	9.71	9.82	4.58	4.09	8.3	7.14	5.64	
2.0	95.0	8.0	8.0	6.26	9.34	9.02	11.31	7.5	8.89	10.02	7.79	10.04	9.85	6.2	4.23	7.54	6.82	10.93	6.94	
3.0	98.0	15.0	15.0	6.4	4.23	7.2	8.32	6.19	8.96	10.15	8.03	10.29	10.58	4.89	5.4	4.48	7.93	7.23	8.64	
4.0	81.0	3.0	3.0	11.75	4.24	5.79	4.6	4.37	5.45	5.83	5.29	6.02	8.05	7.73	6.08	9.33	7.0	9.87	10.92	
5.0	84.0	12.0	12.0	7.89	9.54	11.95	11.89	4.92	9.43	10.07	7.89	5.1	7.63	4.57	9.1	10.76	4.69	5.53	9.52	
6.0	87.0	5.0	5.0	8.0	8.7	4.01	6.49	10.21	6.39	6.17	9.56	7.52	8.54	9.04	10.11	4.48	6.0	5.83	4.97	
7.0	90.0	4.0	4.0	11.73	7.36	5.69	9.23	10.56	5.21	10.97	6.32	7.14	6.94	4.91	5.5	11.18	10.47	9.81	8.47	
8.0	93.0	4.0	4.0	11.4	5.57	4.16	5.71	11.26	11.57	7.91	7.77	10.66	5.79	7.0	4.09	10.5	6.85	9.01	11.24	
9.0	96.0	15.0	15.0	10.02	9.28	9.55	8.83	9.68	4.93	6.92	7.94	4.91	9.54	9.73	8.46	9.7	8.6	10.35	9.64	
10.0	99.0	12.0	12.0	6.97	7.08	10.76	5.41	11.16	6.99	10.3	10.91	5.74	11.41	9.67	7.08	4.25	6.2	6.88	6.91	
11.0	82.0	6.0	6.0	10.16	10.29	8.48	9.63	7.99	6.63	11.13	9.52	8.32	4.16	5.57	11.92	10.22	11.25	4.1	4.01	
12.0	85.0	3.0	3.0	4.11	5.61	9.67	8.38	9.77	5.45	11.89	10.02	5.21	4.76	5.21	4.9	6.78	9.8	10.46	6.26	
13.0	88.0	4.0	4.0	9.0	8.1	11.73	11.9	11.95	4.05	4.84	7.12	11.58	10.91	10.97	4.68	8.24	11.75	5.52	7.28	
14.0	91.0	9.0	9.0	7.89	7.13	7.52	7.72	10.29	11.53	11.31	5.38	9.52	4.38	5.03	5.52	8.89	7.77	10.48	6.53	
15.0	94.0	13.0	13.0	10.48	4.93	8.5	7.03	4.8	11.93	8.31	9.37	6.43	11.83	4.05	6.67	6.1	11.3	5.79	9.88	
16.0	97.0	9.0	9.0	4.2	8.14	6.69	6.76	6.48	8.02	8.5	7.72	6.03	5.77	10.48	5.34	7.31	6.79	11.8	11.04	
17.0	100.0	14.0	14.0	4.75	10.25	5.11	7.17	9.45	8.67	6.54	5.79	8.28	9.78	6.43	5.47	8.07	8.52	8.98	7.98	
18.0	83.0	5.0	5.0	9.04	9.47	11.03	11.32	6.16	10.34	9.87	10.81	6.91	6.88	11.26	5.02	4.53	5.56	6.43	10.13	
19.0	86.0	15.0	15.0	4.31	10.68	5.63	7.57	4.06	8.71	6.11	6.16	4.15	10.02	11.68	5.05	4.23	9.62	11.75	8.55	
20.0	89.0	14.0	14.0	6.24	11.22	4.74	9.5	8.46	9.88	6.36	11.22	11.05	9.82	4.43	4.77	8.44	4.72	11.47	5.97	
21.0	92.0	10.0	10.0	7.52	11.75	5.48	10.52	7.88	11.92	10.94	9.71	11.45	11.45	8.42	8.55	5.8	10.37	8.15	7.452021024637332	
22.0	95.0	8.0	8.0	10.9	4.71	6.66	4.8	6.18	6.29	9.39	4.74	10.82	5.28	8.51	5.55	8.18	5.65	5.61	10.33	
23.0	98.0	15.0	15.0	4.62	4.06	7.94	5.03	4.28	9.08	10.31	5.07	7.42	5.16	10.91	5.49	11.35	10.43	7.45	4.97	
24.0	81.0	3.0	3.0	6.74	8.7	5.06	11.63	7.13	10.77	7.12	4.99	7.87	11.24	4.13	6.5	9.97	9.5	7.76	5.26	
25.0	84.0	12.0	12.0	4.12	4.37	7.84	6.35	11.68	11.68	11.96	11.76	10.44	11.72	8.71	4.66	8.99	11.48	5.57	6.87	
26.0	87.0	5.0	5.0	9.69	11.18	10.34	8.76	9.61	5.97	7.37	11.67	7.37	11.28	8.68	6.71	6.77	6.85	5.53	6.9	
27.0	90.0	4.0	4.0	11.58	7.19	10.21	7.76	11.83	11.27	11.05	11.64	10.1	6.83	4.21	5.66	5.21	10.91	6.66	4.29	
28.0	93.0	4.0	4.0	10.09	6.38	10.8	4.22	11.13	10.51	11.33	7.21	8.32	8.85	8.26	11.27	7.22	5.03	7.42	5.16	
29.0	96.0	15.0	15.0	9.4	7.11	8.32	11.02	11.91	4.43	5.12	5.52	4.9	12.0	5.11	11.2	11.83	11.1	8.79	7.77	
30.0	99.0	12.0	12.0	10.86	10.15	4.21	6.06	10.78	7.22	9.95	9.0	6.26	10.66	6.61	8.41	6.62	4.92	9.63	11.77	
31.0	82.0	6.0	6.0	10.98	8.56	4.57	11.34	9.23	9.67	5.28	6.08	5.54	5.99	8.44	5.53	10.11	5.01	10.9	10.35	
32.0	85.0	3.0	3.0	6.06	7.86	5.44	6.24	4.49	6.61	4.62	8.65	11.46	4.67	6.46	5.14	6.08	9.99	7.59	11.33	
33.0	88.0	4.0	4.0	10.49	6.0	4.15	10.07	5.61	11.86	8.2	8.53	5.72	9.64	6.49	10.94	11.69	7.8	11.35	10.57	
34.0	91.0	9.0	9.0	4.95	6.77	5.27	8.33	11.2	5.88	11.88	6.6	4.96	6.08	9.86	5.7	11.21	9.91	4.81	4.97	
35.0	94.0	13.0	13.0	10.96	4.64	11.91	10.28	8.81	6.87	8.75	10.84	11.1	5.71	5.53	6.24	9.25	5.37	7.49	4.8	
36.0	97.0	9.0	9.0	7.16	9.63	7.56	6.87	9.89	11.88	9.6	7.07	4.34	11.14	11.17	11.02	9.66	8.77	10.9	11.64	
37.0	100.0	14.0	14.0	6.4	11.56	11.26	4.41	10.14	11.83	6.97	5.56	7.82	6.24	5.16	6.42	5.44	7.17	6.1	7.91	
38.0	83.0	5.0	5.0	6.11	6.2	4.33	10.59	7.76	8.96	8.2	11.6	6.56	8.53	4.42	5.58	6.99	10.08	9.1	4.49	
39.0	86.0	15.0	15.0	11.71	11.85	8.84	7.03	5.45	5.12	8.15	5.18	9.68	9.69	11.44	7.02	6.97	11.88	11.2	4.07	
40.0	89.0	14.0	14.0	9.11	11.43	6.61	9.23	9.52	5.18	6.09	7.02	7.02	4.6	5.08	8.94	7.23	5.28	7.36	9.9	
41.0	92.0	10.0	10.0	11.65	5.75	8.9	10.83	10.86	9.24	7.69	8.77	7.57	6.22	8.9	8.01	6.68	10.59	5.16	5.88	
42.0	95.0	8.0	8.0	7.77	10.91	10.92	6.42	5.15	5.9	8.52	4.44	9.44	4.89	6.59	8.46	8.83	11.58	4.48	11.75	
43.0	98.0	15.0	15.0	7.82	7.02	4.79	4.08	4.1	10.91	8.72	8.2	11.1	8.91	6.61	4.37	9.42	11.78	8.22	7.54	
44.0	81.0	3.0	3.0	10.32	7.52	7.62	4.44	6.04	8.5	4.64	4.13	7.49	8.94	8.88	11.4	8.03	4.22	10.31	6.37	
45.0	84.0	12.0	12.0	8.85	4.95	8.46	8.43	9.54	6.32	10.64	5.2	5.98	8.64	11.7	5.35	9.02	6.2	11.95	4.97	
46.0	87.0	5.0	5.0	4.19	8.59	10.52	9.64	8.28	5.96	7.47	9.73	10.26	6.91	8.4	11.83	7.67	4.5	4.14	4.86	
47.0	90.0	4.0	4.0	8.73	7.29	10.64	7.2	8.85	4.26	8.05	7.86	7.43	11.93	5.64	9.26	8.5	5.88	6.25	5.38	
48.0	93.0	4.0	4.0	8.54	4.72	6.17	6.11	11.56	9.54	4.51	7.77	10.73	4.11	4.14	10.36	5.84	6.75	11.82	8.09	
49.0	96.0	15.0	15.0	5.06	5.31	4.9	8.36	5.38	6.39	7.63	9.39	4.95	10.23	10.07	7.16	9.39	7.82	9.15	10.02	
50.0	99.0	12.0	12.0	6.14	4.12	5.45	9.38	11.26	9.73	8.88	10.52	6.48	6.12	5.14	11.73	6.07	7.72	10.73	5.58	
51.0	82.0	6.0	6.0	4.35	6.15	8.05	4.19	4.18	5.52	6.91	9.42	11.7	8.32	10.26	8.66	9.88	4.49	9.43	6.81	
52.0	85.0	3.0	3.0	5.32	8.91	10.4	9.77	9.8	10.35	9.88	7.11	6.84	4.87	8.28	8.79	10.84	9.25	5.96	8.01	
53.0	88.0	4.0	4.0	7.2	6.95	8.18	4.88	6.2	7.91	6.22	11.2	5.56	7.15	6.91	9.32	10.74	6.02	5.58	7.38	
54.0	91.0	9.0	9.0	6.18	7.96	11.07	6.14	7.41	11.61	8.73	4.59	5.1	6.28	9.33	9.26	9.51	4.12	8.25	6.72	
55.0	94.0	13.0	13.0	9.49	8.13	8.6	9.97	4.32	8.44	11.05	4.71	8.44	4.64	6.38	11.39	11.24	4.04	4.14	6.94	
56.0	97.0	9.0	9.0	11.26	5.0	6.73	5.91	5.2	10.03	5.99	10.39	8.01	11.15	11.09	10.86	9.29	5.94	11.06	4.38	
57.0	100.0	14.0	14.0	5.86	6.2	8.06	9.61	10.31	10.82	10.12	5.26	4.54	7.6	5.09	6.86	7.06	4.87	11.17	10.35	
58.0	83.0	5.0	5.0	11.63	7.11	10.56	5.73	11.84	10.17	6.78	7.49	6.35	7.89	10.17	6.18	10.82	11.31	9.47	5.74	
59.0	86.0	15.0	15.0	4.66	4.76	7.73	4.79	10.6	10.82	7.13	9.24	6.77	8.41	5.52	6.52	11.92	4.33	4.19	4.73	
60.0	89.0	14.0	14.0	7.35	9.29	9.82	8.37	8.52	8.38	10.76	9.57	8.75	9.51	11.01	5.11	4.19	11.28	6.56	7.29	
61.0	92.0	10.0	10.0	9.5	11.24	10.92	9.7	11.16	8.11	10.22	7.97	6.21	5.8	6.43	9.71	4.21	11.51	4.1	6.82	
62.0	95.0	8.0	8.0	6.69	5.54	5.52	8.14	7.62	6.69	5.93	9.2	10.94	6.83	4.58	8.45	5.1	4.16	4.6	8.52	
63.0	98.0	15.0	15.0	10.29	11.57	4.36	9.69	8.44	10.56	5.03	5.92	7.03	10.07	10.92	5.07	8.28	7.1	7.34	11.16	
64.0	81.0	3.0	3.0	6.39	4.47	6.09	9.23	10.47	9.8	4.39	5.53	5.2	6.83	10.31	7.77	10.83	9.25	8.1	11.98	
65.0	84.0	12.0	12.0	8.45	11.33	10.47	7.01	10.77	7.22	4.59	7.23	9.52	8.39	4.56	9.45	11.17	8.96	5.27	4.21	
66.0	87.0	5.0	5.0	8.73	4.59	7.64	5.33	9.19	7.52	7.02	7.26	9.69	7.66	6.16	7.07	9.4	11.74	9.7	8.58	
67.0	90.0	4.0	4.0	10.28	4.65	6.39	10.93	6.02	6.27	4.43	9.54	10.25	9.16	9.56	5.79	11.46	6.23	8.67	8.71	
68.0	93.0	4.0	4.0	6.74	8.85	4.19	9.97	8.0	7.89	9.24	4.75	8.16	5.28	5.94	9.82	6.07	10.69	7.03	6.72	
69.0	96.0	15.0	15.0	11.22	7.86	9.45	11.13	7.98	4.53	5.75	4.37	10.12	5.51	5.19	5.42	11.15	10.6	4.11	6.3	
70.0	99.0	12.0	12.0	8.97	7.5	4.94	8.83	4.59	5.76	7.29	5.92	7.28	7.09	10.29	7.34	5.82	7.86	4.1	9.54	
71.0	82.0	6.0	6.0	5.27	4.92	4.75	7.03	11.31	6.6	4.02	9.55	9.69	5.45	8.65	4.97	7.12	11.08	11.88	7.61	
72.0	85.0	3.0	3.0	8.61	6.6	7.76	8.01	8.22	4.49	11.02	10.52	9.83	5.07	8.87	5.96	9.74	8.46	6.81	5.59	
73.0	88.0	4.0	4.0	7.11	9.96	11.93	10.82	11.05	10.8	4.63	8.9	8.82	11.81	10.84	4.67	8.29	7.91	10.88	5.560370935185945	
74.0	91.0	9.0	9.0	11.79	9.24	7.56	9.08	11.74	8.59	8.28	5.35	5.96	6.34	7.29	11.89	10.31	9.44	4.88	8.11	
75.0	94.0	13.0	13.0	9.31	4.83	4.36	6.98	11.64	6.46	10.28	6.43	6.15	8.66	4.37	5.23	10.14	5.55	8.25	7.02	
76.0	97.0	9.0	9.0	4.66	9.22	7.1	5.42	11.41	11.81	11.39	8.89	10.96	11.79	10.03	9.87	9.86	6.21	10.03	4.885172718349617	
77.0	100.0	14.0	14.0	8.81	10.66	4.08	11.93	7.78	5.36	4.72	11.98	7.71	10.52	6.44	5.85	9.79	11.05	6.08	11.92	
78.0	83.0	5.0	5.0	7.63	10.16	4.17	11.15	11.7	10.33	7.74	10.24	10.29	9.13	4.96	5.76	4.24	4.67	8.05	8.17	
79.0	86.0	15.0	15.0	11.01	9.35	7.64	10.3	9.9	10.75	10.91	11.44	9.25	8.05	8.4	7.28	7.0	6.53	11.07	6.375793637508925	
80.0	89.0	14.0	14.0	8.55	8.16	5.5	11.39	4.54	5.28	7.58	7.21	9.66	5.22	7.5	10.84	11.1	9.67	6.21	6.08	
81.0	92.0	10.0	10.0	8.58	5.11	11.75	11.11	10.97	4.28	5.97	4.73	5.88	5.48	7.01	4.38	9.35	6.73	5.82	10.08	
82.0	95.0	8.0	8.0	7.6	8.57	4.71	6.89	10.91	10.71	7.07	10.84	5.26	8.73	11.35	9.3	10.53	7.97	5.61	6.44	
83.0	98.0	15.0	15.0	9.9	8.16	6.52	10.54	7.22	5.59	11.38	8.47	11.59	11.49	5.11	10.05	10.62	11.8	4.71	6.67	
84.0	81.0	3.0	3.0	8.94	7.07	11.79	5.18	9.23	6.96	5.47	11.77	9.18	9.96	5.88	4.98	4.18	7.0	5.48	5.92	
85.0	84.0	12.0	12.0	5.2	10.32	11.7	4.23	6.62	5.69	10.46	7.44	6.91	5.26	4.35	7.72	9.05	8.56	11.53	9.67	
86.0	87.0	5.0	5.0	7.45	11.66	7.7	11.94	9.55	4.21	8.83	4.35	10.45	7.82	8.81	5.86	10.37	7.61	5.29	8.28	
87.0	90.0	4.0	4.0	10.33	8.87	7.09	7.4	4.12	4.64	5.17	9.98	8.98	11.3	9.12	6.31	9.95	6.42	7.64	6.57	
88.0	93.0	4.0	4.0	7.81	5.26	7.87	8.87	6.58	7.28	7.42	5.41	11.85	7.97	4.09	9.84	6.6	10.82	5.71	11.24	
89.0	96.0	15.0	15.0	6.22	8.92	6.11	5.1	7.27	8.2	10.82	6.37	11.62	4.22	9.79	5.67	11.78	6.13	5.08	7.12	
90.0	99.0	12.0	12.0	9.26	4.19	11.99	6.72	7.02	11.2	8.46	4.24	8.21	9.48	10.99	6.12	10.58	5.91	10.7	11.63	
91.0	82.0	6.0	6.0	8.33	8.51	11.17	7.44	7.43	5.32	7.11	9.43	4.76	9.62	11.08	5.53	11.84	4.37	6.5	11.25	
92.0	85.0	3.0	3.0	9.61	8.25	5.78	6.61	8.79	7.96	10.32	6.72	5.06	9.95	4.61	5.24	4.87	5.29	8.14	5.5	
93.0	88.0	4.0	4.0	5.8	4.7	9.67	8.21	6.11	5.33	8.93	5.67	11.32	6.18	5.88	9.18	10.87	10.27	9.93	8.4	
94.0	91.0	9.0	9.0	11.29	10.39	10.76	5.39	11.62	5.52	11.71	6.33	7.41	7.35	6.77	4.52	9.27	6.6	7.4	7.43	
95.0	94.0	13.0	13.0	11.16	8.77	5.75	7.3	4.92	10.58	7.92	4.64	11.07	7.1	10.71	5.24	11.63	6.25	7.25	7.61	
96.0	97.0	9.0	9.0	9.16	4.34	10.52	9.9	8.28	5.42	4.64	4.55	4.53	10.71	5.21	10.97	4.9	11.4	8.56	5.87	
97.0	100.0	14.0	14.0	7.64	10.35	8.11	9.26	10.97	8.07	8.23	9.65	6.36	5.54	11.8	9.84	8.35	4.16	7.11	11.41	
98.0	83.0	5.0	5.0	7.68	11.97	6.42	10.85	10.71	8.79	6.63	4.16	6.72	11.54	5.51	8.66	7.14	8.3	4.5	5.38	
99.0	86.0	15.0	15.0	11.01	5.12	10.24	5.3	6.91	5.52	7.84	4.95	10.74	7.25	6.64	4.18	11.7	7.74	6.25	5.97	
100.0	89.0	14.0	14.0	6.54	8.24	11.92	6.82	10.03	8.04	11.03	5.92	5.89	11.2	9.25	10.3	4.72	9.11	4.73	11.93	
101.0	92.0	10.0	10.0	6.19	5.6	8.9	7.19	10.1	11.61	8.98	4.54	11.51	6.2	6.41	11.66	11.54	10.27	9.2	6.35	
102.0	95.0	8.0	8.0	9.37	7.4	11.97	11.1	4.0	11.91	4.6	6.85	11.08	7.67	11.46	5.58	6.43	10.36	7.5	4.72	
103.0	98.0	15.0	15.0	8.42	4.86	11.88	4.14	4.93	10.99	7.5	5.52	9.06	5.47	10.68	8.17	11.33	10.67	7.82	9.79	
104.0	81.0	3.0	3.0	6.38	5.97	10.23	4.04	8.04	9.16	11.44	8.67	10.81	6.46	6.45	6.93	11.98	7.06	9.41	6.42	
105.0	84.0	12.0	12.0	6.74	8.59	11.08	9.32	11.48	10.34	9.94	9.04	8.97	4.16	11.33	8.53	7.79	4.88	6.46	5.78	
106.0	87.0	5.0	5.0	9.45	10.72	4.55	11.55	10.33	11.07	10.71	7.86	4.77	6.06	4.84	4.01	9.96	5.92	9.84	10.96	
107.0	90.0	4.0	4.0	10.57	8.56	9.73	7.43	7.59	6.6	10.99	6.04	7.42	7.17	6.85	8.0	6.72	6.77	6.86	4.28	
108.0	93.0	4.0	4.0	10.95	11.22	11.46	6.67	5.73	8.46	9.65	11.06	11.52	10.29	10.97	6.86	11.38	9.2	9.75	7.5722426098355164	
109.0	96.0	15.0	15.0	10.14	5.6	8.32	5.3	5.84	5.51	10.75	7.43	5.76	11.04	8.0	11.49	11.52	7.81	6.41	8.69	
110.0	99.0	12.0	12.0	5.09	4.41	8.83	11.11	9.79	9.05	8.89	10.83	8.56	4.91	4.33	6.81	5.43	4.83	10.28	10.82	
111.0	82.0	6.0	6.0	4.77	5.05	4.28	11.93	9.05	6.22	11.02	4.18	5.02	9.9	6.3	10.48	10.24	4.48	6.16	6.4	
112.0	85.0	3.0	3.0	10.78	9.11	11.74	4.62	4.3	5.52	4.27	11.48	8.59	10.22	9.26	11.13	4.39	11.15	10.7	11.86	
113.0	88.0	4.0	4.0	10.09	8.65	10.4	7.45	10.57	10.69	4.58	9.29	9.92	6.92	11.7	6.43	5.41	5.39	5.46	9.59	
114.0	91.0	9.0	9.0	10.68	10.72	10.89	10.5	11.48	4.82	7.18	5.86	11.9	6.46	11.8	10.28	9.47	9.75	11.86	7.276282362365922	
115.0	94.0	13.0	13.0	5.1	11.09	9.47	10.98	10.44	6.0	6.61	8.27	10.49	6.05	8.51	7.75	8.97	8.53	6.33	9.39	
116.0	97.0	9.0	9.0	4.67	8.73	4.29	6.16	8.69	11.77	7.06	9.64	4.84	10.0	9.34	7.21	8.58	8.72	9.34	4.23	
117.0	100.0	14.0	14.0	6.05	6.22	11.07	10.37	10.19	7.8	7.4	7.11	4.85	5.47	5.97	11.68	5.06	6.31	8.23	7.71	
118.0	83.0	5.0	5.0	11.98	9.6	10.33	6.03	8.88	6.75	9.31	11.73	4.54	9.04	7.1	4.35	10.47	11.87	5.26	11.07	
119.0	86.0	15.0	15.0	8.76	5.9	5.8	9.79	10.5	6.39	5.68	6.24	4.86	10.26	8.56	10.34	7.8	4.12	11.38	5.25	
120.0	89.0	14.0	14.0	9.36	10.09	5.58	10.69	9.65	8.74	10.67	9.64	9.32	9.91	7.47	9.44	5.1	4.69	7.44	8.75	
121.0	92.0	10.0	10.0	8.0	6.05	10.59	6.15	8.65	11.09	4.8	5.83	5.77	11.16	5.86	5.72	10.99	9.57	6.12	6.81	
122.0	95.0	8.0	8.0	11.64	7.17	9.17	8.01	10.89	9.12	8.61	8.97	5.51	10.73	4.24	10.13	6.42	9.26	11.34	10.4	
123.0	98.0	15.0	15.0	4.11	11.12	10.76	9.37	10.55	9.11	7.18	11.7	4.51	6.57	10.14	7.82	8.13	5.53	8.19	4.97	
124.0	81.0	3.0	3.0	6.36	10.71	4.35	4.18	4.91	9.19	4.02	10.91	10.86	5.77	11.46	10.96	10.0	8.24	9.11	9.08	
125.0	84.0	12.0	12.0	8.8	8.94	5.9	9.05	10.94	8.74	6.03	11.53	9.86	4.4	6.47	7.32	6.57	5.97	5.04	9.66	
126.0	87.0	5.0	5.0	7.04	5.28	11.75	11.41	7.99	10.29	9.35	9.39	9.3	7.99	9.35	10.36	4.2	11.87	7.57	8.23	
127.0	90.0	4.0	4.0	6.04	5.67	7.47	7.74	7.35	8.54	7.5	8.53	8.54	7.7	4.22	11.46	9.82	10.82	10.99	11.01	
128.0	93.0	4.0	4.0	4.8	6.18	5.11	11.6	4.82	7.99	9.79	7.89	6.43	5.69	4.25	8.17	8.85	10.87	6.71	6.51	
129.0	96.0	15.0	15.0	11.42	10.91	9.0	10.05	5.75	4.56	5.75	8.0	4.94	5.07	6.51	8.81	6.09	10.2	11.04	7.81	
130.0	99.0	12.0	12.0	6.25	8.6	9.91	9.68	7.47	8.37	6.6	11.81	4.31	6.32	8.0	11.41	11.75	11.47	7.95	11.55	
131.0	82.0	6.0	6.0	7.94	8.15	11.41	6.24	8.44	6.86	11.15	7.06	8.3	10.74	5.66	4.3	8.58	7.6	10.95	8.29	
132.0	85.0	3.0	3.0	8.81	7.34	6.99	11.99	10.46	7.14	4.92	5.39	9.6	11.82	5.88	4.05	10.44	4.18	10.75	4.21	
133.0	88.0	4.0	4.0	6.88	11.89	6.87	11.94	4.53	9.12	6.72	7.38	9.9	9.95	7.82	6.87	7.12	7.67	10.58	5.34	
134.0	91.0	9.0	9.0	4.22	8.16	7.48	6.13	8.52	5.04	5.43	9.22	9.85	5.94	5.68	11.17	7.06	7.31	4.62	5.48	
135.0	94.0	13.0	13.0	10.97	6.59	7.15	11.17	9.29	9.09	11.1	4.5	10.24	10.66	9.15	4.87	4.73	4.62	10.25	9.36	
136.0	97.0	9.0	9.0	10.56	4.13	4.9	5.34	8.47	10.42	7.27	4.25	11.37	9.73	10.44	7.54	5.23	4.78	8.74	4.26	
137.0	100.0	14.0	14.0	6.13	5.39	9.73	10.68	6.8	10.97	11.53	8.97	8.69	4.04	7.55	10.45	11.52	6.08	9.86	7.11	
138.0	83.0	5.0	5.0	4.64	11.31	7.8	4.68	6.01	10.64	6.56	7.07	10.46	7.1	11.18	4.41	4.07	8.64	6.93	9.01	
139.0	86.0	15.0	15.0	9.73	4.51	9.48	8.01	8.79	7.31	7.93	4.9	11.98	5.57	9.29	5.86	4.26	7.05	9.39	4.11	
140.0	89.0	14.0	14.0	4.51	4.11	9.22	10.83	9.48	10.11	5.54	7.82	11.11	11.65	11.76	8.93	9.28	4.24	4.07	6.79	
141.0	92.0	10.0	10.0	4.95	5.19	11.49	6.67	4.22	7.4	5.32	4.15	9.86	4.57	8.86	4.74	9.36	10.5	8.64	11.52	
142.0	95.0	8.0	8.0	8.17	9.24	11.77	10.12	7.05	8.61	8.11	7.97	6.73	9.82	8.41	4.04	10.48	6.61	6.96	6.48	
143.0	98.0	15.0	15.0	7.64	4.45	11.44	10.93	6.35	6.6	7.16	11.87	6.91	11.25	9.07	5.33	9.4	8.19	6.38	8.41	
144.0	81.0	3.0	3.0	10.53	9.76	10.27	5.17	8.57	8.66	6.5	9.41	11.96	11.36	6.36	5.38	8.77	6.89	6.98	7.22	
145.0	84.0	12.0	12.0	9.18	11.63	7.94	9.95	6.28	10.06	11.24	6.92	8.39	5.26	7.38	11.07	6.83	9.15	9.29	10.09	
146.0	87.0	5.0	5.0	5.55	9.8	11.55	4.76	4.5	11.35	10.35	9.93	11.34	7.85	7.08	11.19	6.55	9.08	7.37	6.43	
147.0	90.0	4.0	4.0	8.24	6.42	4.56	5.78	8.42	6.79	4.17	11.31	9.5	5.16	4.96	10.71	8.45	5.85	10.18	10.36	
148.0	93.0	4.0	4.0	4.63	9.4	11.44	5.58	5.0	5.49	5.48	5.04	7.47	9.21	8.63	7.58	11.96	9.55	7.07	8.43	
149.0	96.0	15.0	15.0	4.24	10.86	4.14	10.56	9.1	11.02	4.2	7.88	10.89	8.82	4.81	7.21	4.2	9.43	6.95	11.82	
150.0	99.0	12.0	12.0	10.06	11.3	5.4	7.53	4.53	5.51	9.98	8.55	10.66	10.76	11.82	4.72	5.29	8.08	10.91	7.5	
151.0	82.0	6.0	6.0	7.46	4.85	6.1	6.48	10.95	11.85	8.14	11.81	5.52	7.12	7.09	6.13	6.02	10.42	8.32	9.94	
152.0	85.0	3.0	3.0	10.03	7.78	4.59	10.05	7.82	11.14	11.01	11.33	10.32	10.31	7.24	11.98	6.34	9.94	6.95	5.72	
153.0	88.0	4.0	4.0	7.5	8.68	8.11	10.31	4.66	8.25	10.99	11.05	11.04	4.36	9.69	5.38	4.75	9.44	11.37	11.97	
154.0	91.0	9.0	9.0	5.96	8.16	10.14	9.77	10.68	10.83	7.47	11.34	11.34	9.93	5.4	5.1	8.59	5.75	7.02	8.78	
155.0	94.0	13.0	13.0	4.54	8.32	11.89	6.73	6.13	8.54	10.15	9.97	8.66	8.5	7.59	8.69	10.63	6.68	10.77	4.5	
156.0	97.0	9.0	9.0	7.73	8.1	9.02	5.31	7.35	5.57	4.94	6.26	10.71	4.26	9.6	8.02	11.94	9.9	6.56	6.83	
157.0	100.0	14.0	14.0	7.83	6.25	5.47	5.57	5.27	7.6	6.09	4.95	11.68	10.52	10.61	9.54	11.84	10.59	4.77	11.89	
158.0	83.0	5.0	5.0	8.02	6.81	6.63	9.78	7.38	6.56	9.44	5.76	6.59	4.76	4.94	10.58	7.78	8.26	4.34	7.51	
159.0	86.0	15.0	15.0	7.67	6.88	8.42	7.37	9.15	10.83	9.7	11.71	11.14	9.48	8.55	10.81	10.95	7.3	9.55	10.340618738197723	
160.0	89.0	14.0	14.0	8.1	5.76	5.95	11.83	9.84	7.11	8.33	4.96	6.26	7.0	4.19	7.13	9.69	7.57	8.03	5.67	
161.0	92.0	10.0	10.0	7.12	7.61	7.8	10.17	7.87	6.82	10.97	11.25	11.71	6.87	6.14	4.61	6.97	8.59	10.13	11.29	
162.0	95.0	8.0	8.0	5.07	10.33	7.19	9.36	8.49	9.95	11.02	5.32	9.01	7.61	7.01	9.61	7.27	4.03	9.55	11.32	
163.0	98.0	15.0	15.0	5.46	4.46	10.18	7.76	9.03	11.21	9.76	9.22	9.23	9.58	11.01	11.55	5.98	9.77	8.68	4.39	
164.0	81.0	3.0	3.0	4.57	4.14	5.61	4.57	9.29	4.15	7.37	8.02	11.52	8.2	11.14	10.48	8.83	9.57	7.13	6.15	
165.0	84.0	12.0	12.0	6.91	9.31	5.65	5.17	11.2	11.84	5.11	11.45	7.01	4.43	5.15	10.09	11.25	10.65	10.68	10.84	
166.0	87.0	5.0	5.0	9.96	9.62	10.26	5.64	8.02	11.24	10.31	9.7	5.52	11.32	9.99	7.05	8.3	10.26	6.81	7.72	
167.0	90.0	4.0	4.0	11.74	10.06	4.79	9.28	5.75	4.41	4.09	9.54	6.5	7.7	8.02	4.09	8.64	4.63	9.78	6.92	
168.0	93.0	4.0	4.0	8.1	9.79	6.24	5.1	8.58	5.88	10.78	7.84	4.87	6.18	6.12	4.99	4.37	7.81	7.86	7.33	
169.0	96.0	15.0	15.0	4.39	7.68	11.59	6.63	8.66	6.49	5.1	9.64	7.91	10.36	9.8	5.75	7.98	10.27	7.86	8.3	
170.0	99.0	12.0	12.0	11.49	9.13	6.51	7.98	4.41	4.21	8.1	11.78	9.62	8.55	10.17	5.94	8.79	4.86	10.92	10.48	
171.0	82.0	6.0	6.0	10.03	8.74	9.53	7.12	6.55	4.23	10.18	11.24	7.18	5.32	8.92	5.48	8.46	9.4	10.45	8.41	
172.0	85.0	3.0	3.0	11.31	5.49	7.2	11.66	11.29	7.2	6.05	7.46	7.94	7.42	8.55	9.52	11.33	11.36	9.49	4.08	
173.0	88.0	4.0	4.0	8.37	11.12	11.0	10.53	8.91	8.0	7.56	7.23	10.01	9.57	9.47	7.85	5.1	6.97	9.9	7.98	
174.0	91.0	9.0	9.0	6.09	6.42	6.04	8.65	5.01	9.5	8.94	9.71	5.7	7.14	7.03	10.08	8.76	8.23	9.35	7.65	
175.0	94.0	13.0	13.0	8.81	8.41	4.99	6.98	6.0	8.45	8.59	9.93	9.25	11.58	5.76	11.35	5.89	11.06	7.19	5.73	
176.0	97.0	9.0	9.0	4.21	11.04	9.69	6.25	4.89	7.86	9.85	10.7	9.97	6.48	10.88	7.65	5.15	7.99	7.43	11.83	
177.0	100.0	14.0	14.0	6.85	10.32	9.33	5.49	4.14	5.35	10.12	9.41	6.75	6.79	11.19	6.95	9.09	11.29	4.27	11.27	
178.0	83.0	5.0	5.0	7.07	11.9	11.21	6.99	5.73	6.1	4.18	9.71	8.81	4.26	6.64	9.64	7.58	6.62	5.46	7.05	
179.0	86.0	15.0	15.0	10.97	10.07	10.82	8.4	10.87	8.19	10.52	4.48	10.81	8.22	7.05	9.86	7.16	5.08	7.77	8.94	
180.0	89.0	14.0	14.0	10.25	11.35	10.12	10.04	11.19	7.9	7.5	6.82	5.58	6.98	4.04	9.81	5.66	9.82	8.06	7.74	
181.0	92.0	10.0	10.0	10.74	7.12	5.42	9.67	7.75	6.29	10.03	5.56	6.72	11.27	4.62	6.4	11.82	4.44	10.31	5.44	
182.0	95.0	8.0	8.0	6.55	9.35	4.46	9.65	8.67	6.66	7.24	6.39	7.92	10.11	10.26	11.21	7.39	7.56	4.54	6.85	
183.0	98.0	15.0	15.0	4.2	11.9	6.2	6.47	8.46	8.71	6.52	7.06	11.33	11.89	7.26	11.45	4.51	8.3	10.24	5.69	
184.0	81.0	3.0	3.0	11.59	6.29	4.59	9.12	8.13	5.23	11.42	10.94	11.66	11.28	10.18	6.42	8.81	11.97	6.32	4.65	
185.0	84.0	12.0	12.0	5.75	10.79	10.72	8.12	11.5	10.53	7.64	9.44	10.15	7.78	10.5	9.23	8.12	4.27	11.33	6.89	
186.0	87.0	5.0	5.0	10.17	9.74	11.39	6.65	6.11	6.58	9.14	11.66	10.26	9.88	6.23	11.39	4.52	11.21	4.34	10.67	
187.0	90.0	4.0	4.0	8.5	6.06	4.12	7.54	9.22	11.73	6.06	10.49	4.4	6.79	4.68	8.21	9.09	8.26	11.89	5.19	
188.0	93.0	4.0	4.0	11.36	8.53	9.92	5.81	4.86	9.88	8.71	6.71	5.84	9.89	7.52	4.18	9.86	5.26	7.95	11.39	
189.0	96.0	15.0	15.0	10.73	9.84	5.83	11.54	8.64	7.86	4.33	8.13	6.12	10.47	8.26	4.92	6.21	7.53	5.02	6.1	
190.0	99.0	12.0	12.0	11.55	11.15	6.56	10.45	5.32	4.88	7.25	8.63	10.15	9.58	8.13	6.07	4.63	10.47	11.68	8.88	
191.0	82.0	6.0	6.0	5.3	10.81	4.28	8.99	11.95	7.16	8.09	11.15	4.29	5.77	11.79	4.87	8.76	4.19	9.91	8.67	
192.0	85.0	3.0	3.0	5.97	5.02	11.41	6.2	9.02	7.18	8.45	11.03	10.19	11.7	9.02	7.32	10.98	7.28	5.83	8.56	
193.0	88.0	4.0	4.0	6.48	8.09	6.78	4.18	5.36	10.7	9.44	8.61	5.8	6.96	10.38	5.78	11.7	4.3	6.81	7.35	
194.0	91.0	9.0	9.0	5.2	7.28	10.1	4.41	9.14	10.42	7.53	4.72	11.66	9.67	11.66	7.13	5.33	11.9	5.24	11.19	
195.0	94.0	13.0	13.0	7.65	9.46	8.62	11.13	5.89	5.27	4.66	9.08	7.82	7.83	9.52	5.89	4.48	10.06	9.69	9.62	
196.0	97.0	9.0	9.0	11.67	5.47	6.58	4.01	8.36	5.45	6.32	9.37	9.4	4.75	11.03	5.4	5.01	6.54	5.62	11.14	
197.0	100.0	14.0	14.0	7.88	7.29	7.38	5.61	7.24	11.21	5.58	8.31	4.12	8.44	5.28	8.49	10.77	10.29	4.77	9.97	
198.0	83.0	5.0	5.0	4.75	11.72	6.99	7.08	8.5	11.62	6.5	6.53	4.85	11.22	4.61	9.04	4.36	10.48	6.29	8.05	
199.0	86.0	15.0	15.0	4.23	8.47	8.42	6.98	9.31	7.8	11.88	4.59	11.53	6.53	5.35	8.85	10.05	7.39	10.6	10.88	
200.0	89.0	14.0	14.0	7.58	6.62	6.88	10.65	11.29	10.6	11.26	9.91	11.93	6.12	7.75	8.58	10.26	5.92	11.01	11.06	
201.0	92.0	10.0	10.0	11.48	4.84	9.94	9.74	9.11	6.14	7.87	11.23	5.87	9.94	5.96	5.12	11.42	10.36	7.88	6.21	
202.0	95.0	8.0	8.0	11.92	9.43	10.71	8.55	5.65	8.53	7.77	4.67	7.93	4.81	8.07	9.95	7.36	6.08	7.61	8.65	
203.0	98.0	15.0	15.0	8.69	4.14	5.32	5.09	7.07	6.07	5.22	4.85	11.39	11.1	9.06	10.91	11.97	8.44	7.95	10.63	
204.0	81.0	3.0	3.0	4.7	8.97	8.99	4.32	7.43	11.03	6.89	11.14	7.96	9.43	5.57	7.93	10.3	9.52	4.46	8.05	
205.0	84.0	12.0	12.0	8.51	7.75	6.84	5.19	8.14	10.35	11.81	5.11	4.0	11.24	9.4	8.03	8.68	9.01	11.36	8.26	
206.0	87.0	5.0	5.0	11.52	8.79	4.43	7.28	7.94	7.71	4.03	4.73	6.55	10.8	8.93	9.61	4.18	5.25	7.23	10.42	
207.0	90.0	4.0	4.0	7.64	11.66	4.43	4.7	9.35	5.0	11.93	6.33	6.38	11.07	4.03	10.46	8.31	10.75	8.12	7.5	
208.0	93.0	4.0	4.0	5.47	8.18	10.18	5.0	9.71	11.88	6.06	8.53	7.69	7.23	6.82	7.56	11.76	4.88	9.8	9.95	
209.0	96.0	15.0	15.0	9.29	6.16	9.64	5.53	4.67	11.65	4.56	8.96	8.62	6.6	5.87	12.0	10.84	11.26	8.69	10.63	
210.0	99.0	12.0	12.0	7.91	7.6	8.73	8.83	10.35	6.25	10.79	8.41	4.26	5.81	5.81	10.87	9.99	5.28	11.18	7.79	
211.0	82.0	6.0	6.0	4.4	7.04	8.51	8.99	8.23	10.4	11.93	9.03	10.97	5.31	9.32	4.84	7.51	5.61	4.57	9.16	
212.0	85.0	3.0	3.0	4.57	11.95	6.18	7.85	9.03	4.56	8.18	4.39	6.2	8.75	11.77	11.81	6.15	9.7	11.87	8.75	
213.0	88.0	4.0	4.0	4.71	7.32	9.15	5.07	4.98	5.78	9.15	5.21	8.07	11.85	8.01	4.06	4.63	4.23	11.44	10.88	
214.0	91.0	9.0	9.0	9.1	7.53	11.26	6.43	11.82	9.11	6.09	9.48	11.72	4.9	4.8	8.27	4.56	6.18	11.77	10.22	
215.0	94.0	13.0	13.0	9.23	11.46	7.27	6.94	10.7	10.64	11.5	11.49	7.84	6.55	11.23	9.62	5.04	5.75	5.78	4.54	
216.0	97.0	9.0	9.0	4.29	11.55	6.19	7.66	8.11	10.68	5.95	8.18	5.3	4.84	4.34	9.95	6.72	4.13	5.0	8.71	
217.0	100.0	14.0	14.0	11.87	7.15	10.81	4.81	11.34	6.96	11.6	10.28	11.7	11.64	11.39	4.46	7.23	9.39	9.37	2.7704604845819056	
218.0	83.0	5.0	5.0	4.45	7.83	9.73	11.94	7.16	7.53	8.52	11.52	11.47	8.38	8.72	10.18	4.16	4.54	8.83	8.7	
219.0	86.0	15.0	15.0	8.84	6.49	10.75	9.6	6.88	4.36	5.8	5.42	6.61	5.45	6.3	4.23	6.17	8.95	7.44	10.34	
220.0	89.0	14.0	14.0	7.69	9.12	6.28	4.24	6.29	10.43	4.14	8.66	5.17	7.96	8.16	4.24	10.27	4.25	10.85	5.68	
221.0	92.0	10.0	10.0	5.07	5.62	7.85	8.45	4.95	9.63	8.22	9.81	4.06	5.95	6.37	6.98	7.1	10.55	6.44	8.12	
222.0	95.0	8.0	8.0	11.01	6.58	9.31	5.68	11.45	8.18	7.31	6.73	6.8	9.43	10.64	8.56	8.34	8.65	9.74	8.6	
223.0	98.0	15.0	15.0	5.49	10.65	10.88	6.3	10.88	7.45	9.17	8.46	11.33	9.14	6.39	11.46	11.66	8.76	9.52	8.45	
224.0	81.0	3.0	3.0	6.92	10.6	7.27	4.43	9.75	10.5	8.68	4.99	9.12	4.37	11.65	11.06	11.37	11.18	8.96	9.87	
225.0	84.0	12.0	12.0	4.8	11.3	4.8	4.68	4.8	6.95	10.81	5.12	7.4	10.79	10.51	10.16	4.98	11.48	8.16	4.49	
226.0	87.0	5.0	5.0	5.37	10.52	8.33	7.25	8.46	4.62	7.43	5.32	9.46	8.64	8.55	11.96	8.62	6.91	8.09	11.48	
227.0	90.0	4.0	4.0	7.82	4.64	8.04	6.55	6.89	10.81	5.78	8.51	5.53	6.03	10.7	5.43	10.77	7.59	6.57	11.94	
228.0	94.0	13.0	13.0	5.56	5.9	10.96	9.02	5.48	6.66	5.68	6.54	5.1	9.76	6.64	8.42	11.8	8.05	4.41	8.21	
229.0	96.0	15.0	15.0	8.11	9.62	11.05	11.68	4.8	6.92	9.32	6.42	6.9	8.63	7.67	5.64	8.89	8.59	6.04	11.64	
230.0	70.0	11.0	11.0	7.22	9.73	8.86	5.27	8.82	4.39	5.15	4.66	10.12	5.36	8.17	5.81	9.61	7.64	11.08	6.7	
231.0	73.0	13.0	13.0	10.19	6.97	10.76	6.25	7.25	5.13	10.1	9.92	4.46	6.01	4.2	6.84	7.21	9.85	6.45	9.87	
232.0	76.0	6.0	6.0	4.23	9.04	6.28	4.47	4.37	5.63	9.38	8.55	7.25	6.43	7.13	5.42	5.04	11.87	6.26	8.13	
233.0	79.0	7.0	7.0	8.09	8.18	5.25	6.36	6.35	8.19	7.3	5.62	7.93	6.59	5.66	11.84	8.13	9.9	4.31	4.42	
234.0	62.0	7.0	7.0	6.34	9.95	7.8	9.68	6.38	10.27	11.36	9.32	4.7	5.27	10.21	10.85	7.7	11.15	11.76	7.29	
235.0	65.0	11.0	11.0	8.53	4.61	4.05	6.44	11.03	10.14	9.22	8.12	9.59	10.34	6.96	7.04	10.56	8.91	5.48	10.9	
236.0	68.0	5.0	5.0	7.86	5.02	6.56	8.23	7.69	6.42	11.32	11.11	8.02	9.47	4.2	8.12	10.47	9.06	6.41	4.27	
237.0	71.0	11.0	11.0	8.58	7.42	10.5	4.76	8.59	11.41	6.23	9.43	10.56	10.24	11.53	7.55	7.19	10.85	6.12	4.44	
238.0	74.0	1.0	1.0	10.84	11.81	11.44	9.06	4.27	7.84	8.05	9.61	8.69	11.26	5.56	4.19	8.16	6.62	6.84	4.24	
239.0	77.0	8.0	8.0	6.6	11.5	11.16	11.93	8.44	11.73	6.54	5.16	9.69	11.56	4.68	11.4	9.19	9.34	8.6	7.5	
240.0	80.0	3.0	3.0	8.34	4.98	6.2	11.63	8.79	7.62	11.4	9.64	6.81	11.8	10.31	11.18	7.83	8.69	6.73	5.99	
241.0	63.0	15.0	15.0	4.18	6.37	9.2	6.78	7.6	9.76	4.25	4.04	7.2	7.72	11.32	8.85	6.89	8.08	4.93	9.74	
242.0	66.0	12.0	12.0	4.39	11.2	7.12	6.77	8.57	9.5	7.51	10.64	6.68	6.84	9.76	9.32	9.52	9.04	6.79	11.67	
243.0	69.0	12.0	12.0	10.91	10.01	4.75	8.53	6.65	8.19	10.36	11.41	9.78	10.75	8.46	9.2	11.78	10.1	9.34	4.665006172388826	
244.0	72.0	11.0	11.0	9.93	6.87	8.76	5.42	8.63	6.52	7.29	5.22	11.92	7.23	10.18	4.21	6.06	7.01	11.65	8.49	
245.0	75.0	8.0	8.0	4.68	10.18	4.35	7.34	8.3	11.17	8.05	10.7	6.91	7.34	7.4	11.13	7.4	10.97	4.94	6.38	
246.0	78.0	8.0	8.0	4.12	11.82	11.56	7.16	8.9	6.46	5.93	6.6	4.86	8.62	4.65	6.24	5.73	10.31	7.21	4.11	
247.0	61.0	12.0	12.0	6.3	8.48	8.57	11.34	9.05	8.29	4.57	8.67	9.57	10.52	9.59	10.73	4.71	10.71	10.13	6.44	
248.0	64.0	4.0	4.0	9.2	7.13	5.86	6.16	4.56	7.31	11.78	8.21	6.95	4.72	4.75	11.57	11.56	5.66	10.05	8.78	
249.0	67.0	3.0	3.0	5.09	8.17	11.19	11.31	5.5	4.36	9.61	9.52	7.78	11.99	10.43	5.2	5.28	4.47	6.86	7.87	
250.0	70.0	11.0	11.0	8.34	6.72	9.59	8.37	8.96	7.85	7.33	10.98	5.03	8.5	6.93	4.05	10.15	9.98	11.97	7.59	
251.0	73.0	13.0	13.0	9.29	5.47	11.11	8.79	11.17	10.55	7.68	11.94	8.73	4.98	6.12	11.08	5.81	8.22	5.13	9.28	
252.0	76.0	6.0	6.0	11.84	6.27	10.42	7.9	10.36	6.46	7.11	6.78	5.21	4.16	11.83	10.9	10.19	8.3	6.51	7.64	
253.0	79.0	7.0	7.0	4.71	5.06	9.69	4.67	4.81	5.82	11.03	5.5	8.85	6.66	4.93	4.88	6.12	6.59	7.46	8.84	
254.0	62.0	7.0	7.0	8.89	6.08	6.4	4.79	11.84	10.08	6.77	6.52	11.47	10.84	6.81	5.13	11.94	6.37	10.12	10.93	
255.0	65.0	11.0	11.0	7.61	8.49	8.66	6.52	7.66	9.91	7.0	11.53	6.32	9.33	10.14	9.91	8.77	8.51	9.69	4.51	
256.0	68.0	5.0	5.0	7.71	7.25	6.22	4.25	9.34	7.17	9.62	6.12	9.24	11.57	9.93	10.62	4.34	8.67	6.11	10.12	
257.0	71.0	11.0	11.0	8.83	11.87	8.74	9.62	11.15	11.34	9.73	4.09	6.12	8.96	8.57	10.1	7.26	4.35	4.15	6.43	
258.0	74.0	1.0	1.0	5.4	7.84	8.04	4.71	9.05	4.14	10.4	6.32	4.71	6.11	7.31	4.75	10.04	11.58	5.99	6.08	
259.0	77.0	8.0	8.0	6.49	6.46	10.5	6.34	11.8	9.32	8.87	10.72	4.34	4.23	9.88	9.08	8.47	6.9	9.1	6.45	
260.0	80.0	3.0	3.0	4.21	8.14	7.9	7.41	5.73	5.25	11.15	10.16	5.39	5.25	10.46	4.29	7.91	10.64	9.3	8.81	
261.0	63.0	15.0	15.0	11.27	11.44	11.96	8.18	8.96	11.57	7.52	9.15	8.87	10.54	4.08	6.99	6.8	10.85	10.83	4.455149466913172	
262.0	66.0	12.0	12.0	9.92	10.96	7.78	11.77	11.05	5.91	9.15	7.88	11.28	9.93	10.13	4.79	4.83	10.84	5.76	8.32	
263.0	69.0	12.0	12.0	6.92	10.26	6.83	8.81	5.55	8.55	11.72	7.67	6.29	9.26	6.86	4.74	9.62	5.42	6.02	5.75	
264.0	72.0	11.0	11.0	11.24	9.92	6.81	8.72	4.62	10.66	9.87	9.35	11.26	10.35	4.79	6.48	7.51	6.24	9.52	7.36	
265.0	75.0	8.0	8.0	7.09	9.21	7.19	7.15	8.87	10.92	9.69	10.97	8.29	10.21	4.72	6.55	4.55	10.4	11.37	9.38	
266.0	78.0	8.0	8.0	11.85	5.43	4.52	7.58	9.77	7.97	11.55	6.7	8.97	6.63	5.58	11.19	6.77	8.03	6.93	11.97	
267.0	61.0	12.0	12.0	8.63	9.22	10.91	9.13	5.6	8.58	7.03	5.11	8.81	5.18	9.71	11.11	7.15	8.82	5.61	7.37	
268.0	64.0	4.0	4.0	4.99	6.92	11.09	9.55	9.7	10.01	8.01	9.55	5.4	10.4	9.52	11.92	6.64	5.8	8.32	7.47	
269.0	67.0	3.0	3.0	9.62	4.53	11.34	7.83	5.81	11.52	10.59	10.37	6.83	8.49	8.06	11.0	11.15	7.41	6.31	8.88	
270.0	70.0	11.0	11.0	11.67	5.93	7.41	10.22	7.38	4.68	5.23	7.66	10.52	9.11	9.39	6.37	10.29	6.19	5.08	8.02	
271.0	73.0	13.0	13.0	5.08	7.3	8.24	9.04	9.72	11.78	7.56	11.91	6.05	7.11	6.86	8.67	11.44	4.27	11.72	6.38	
272.0	76.0	6.0	6.0	10.11	9.73	10.97	4.2	11.82	11.79	7.9	5.82	10.61	7.35	9.68	8.24	9.03	7.8	5.83	10.27	
273.0	79.0	7.0	7.0	5.35	4.19	7.3	9.1	10.36	6.11	11.49	11.13	6.64	8.98	6.6	6.64	10.64	4.95	10.57	9.59	
274.0	62.0	7.0	7.0	5.22	4.9	5.59	7.52	9.11	5.22	5.17	9.09	9.61	10.36	9.34	8.19	10.83	8.7	10.76	8.84	
275.0	65.0	11.0	11.0	5.98	4.16	8.15	7.22	11.34	10.39	10.55	10.14	9.25	10.3	9.29	7.71	8.69	6.08	11.46	5.41	
276.0	68.0	5.0	5.0	6.25	5.17	6.26	6.09	7.02	7.84	8.75	11.17	8.49	4.45	6.56	8.4	8.43	11.1	10.98	5.99	
277.0	71.0	11.0	11.0	4.22	8.02	11.04	7.94	11.27	7.54	9.84	8.73	8.6	9.09	7.85	9.75	5.38	11.03	7.56	10.03	
278.0	74.0	1.0	1.0	9.31	5.1	6.32	10.65	8.42	8.65	8.02	5.9	5.56	4.96	7.48	9.35	5.03	6.45	8.29	4.41	
279.0	77.0	8.0	8.0	4.76	10.6	6.26	11.83	10.07	9.74	5.45	4.77	6.85	6.89	10.36	9.61	4.22	8.33	8.2	6.11	
280.0	80.0	3.0	3.0	8.34	5.71	9.86	4.85	5.8	4.5	9.68	10.18	6.85	8.08	11.59	10.66	6.39	8.51	11.54	4.73	
281.0	63.0	15.0	15.0	10.85	10.15	5.71	8.12	11.22	11.17	4.06	11.8	4.29	11.71	7.59	11.55	7.51	4.97	7.09	6.27	
282.0	66.0	12.0	12.0	8.37	8.45	8.67	4.4	8.57	9.44	6.9	11.98	7.2	7.3	9.36	4.85	4.72	4.4	10.74	5.54	
283.0	69.0	12.0	12.0	6.81	4.2	5.24	9.68	6.9	8.36	6.08	4.86	9.97	7.67	8.46	8.12	5.05	11.71	11.42	11.2	
284.0	72.0	11.0	11.0	10.68	8.78	9.51	5.87	5.88	10.05	7.89	9.03	8.86	6.38	9.2	7.03	4.9	8.72	11.47	4.09	
285.0	75.0	8.0	8.0	6.39	9.34	4.77	10.84	7.43	10.63	11.8	6.88	7.55	6.68	4.27	4.53	9.04	9.63	9.92	8.79	
286.0	78.0	8.0	8.0	7.75	4.81	6.48	10.7	6.56	7.51	9.15	4.6	11.06	11.1	6.57	10.79	9.62	9.61	6.99	11.53	
287.0	61.0	12.0	12.0	11.03	10.9	7.93	7.33	9.55	11.66	8.34	7.17	6.03	6.22	10.89	11.93	9.46	4.36	11.33	10.21	
288.0	64.0	4.0	4.0	9.72	5.39	6.13	6.02	8.63	5.36	10.08	7.43	9.89	5.18	4.48	5.87	4.47	8.76	6.96	7.23	
289.0	67.0	3.0	3.0	11.88	9.35	5.65	8.92	10.8	4.51	11.48	11.45	8.52	8.41	11.93	11.41	11.21	9.41	7.63	3.772637110452061	
290.0	70.0	11.0	11.0	9.45	10.33	11.84	4.65	7.02	6.31	4.23	7.66	5.64	4.19	11.83	7.42	10.79	5.49	11.11	10.79	
291.0	73.0	13.0	13.0	4.33	8.1	6.74	6.72	6.38	10.13	4.56	10.72	10.85	4.6	10.29	9.29	8.83	9.92	11.7	11.17	
292.0	76.0	6.0	6.0	11.84	8.45	11.62	7.56	6.21	5.09	4.81	9.91	6.58	8.18	11.97	11.45	6.35	10.56	10.77	5.67	
293.0	79.0	7.0	7.0	8.6	7.67	7.21	4.38	9.97	10.55	5.06	7.73	4.54	6.84	9.14	10.63	11.15	4.34	5.03	9.82	
294.0	62.0	7.0	7.0	8.48	8.48	6.85	8.05	7.9	8.21	5.42	8.96	10.73	7.27	6.29	10.13	6.32	6.97	9.56	7.59	
295.0	65.0	11.0	11.0	5.5	5.16	5.83	9.91	11.73	5.55	5.32	4.16	11.86	7.11	4.67	10.31	9.25	9.9	9.81	10.67	
296.0	68.0	5.0	5.0	10.49	5.85	4.61	5.89	9.4	8.8	5.61	10.55	7.9	11.82	11.19	6.87	6.72	4.63	6.95	11.34	
297.0	71.0	11.0	11.0	5.31	9.45	11.22	5.53	10.1	9.07	5.49	5.45	6.45	9.05	5.27	8.67	5.62	11.82	7.47	7.89	
298.0	74.0	1.0	1.0	5.69	5.73	7.28	11.3	6.01	4.17	8.86	8.85	4.27	5.65	4.3	6.2	9.9	6.68	9.23	7.67	
299.0	77.0	8.0	8.0	6.51	9.48	11.55	8.33	9.22	8.86	9.73	7.04	5.74	8.82	9.44	5.95	11.45	4.42	6.63	11.16	
300.0	80.0	3.0	3.0	4.52	7.95	9.33	11.2	11.12	6.37	5.51	5.99	10.31	10.96	6.01	10.19	9.61	4.4	4.21	11.98	
301.0	63.0	15.0	15.0	10.32	7.73	9.36	7.62	6.38	11.35	7.59	5.57	8.8	8.37	6.95	11.38	7.31	5.02	11.59	11.41	
302.0	66.0	12.0	12.0	9.15	8.83	9.67	8.01	6.25	11.3	10.09	7.87	4.96	4.52	4.37	10.33	8.13	5.83	11.36	6.18	
303.0	69.0	12.0	12.0	4.3	11.06	8.78	7.07	10.62	9.29	8.21	9.09	8.01	7.18	9.02	6.52	6.8	11.79	6.41	9.78	
304.0	72.0	11.0	11.0	8.81	10.5	6.32	9.69	11.78	10.16	10.25	6.67	6.71	4.36	4.5	7.49	10.44	4.75	5.47	6.98	
305.0	75.0	8.0	8.0	9.43	8.18	11.0	4.42	11.35	6.13	11.82	7.94	5.01	7.86	4.4	4.03	4.07	11.79	9.49	8.37	
306.0	78.0	8.0	8.0	9.92	11.54	11.65	7.54	7.87	11.72	10.05	9.48	10.24	10.88	10.09	9.66	9.75	9.11	1.011429713195442	1.7454777241108124	
307.0	61.0	12.0	12.0	6.76	11.45	4.29	8.65	5.53	11.57	4.37	8.31	9.31	10.85	10.67	11.15	4.84	6.31	8.21	5.24	
308.0	64.0	4.0	4.0	11.43	7.26	4.15	4.36	6.47	8.05	7.34	7.92	5.48	8.85	9.2	7.68	4.3	6.05	9.55	4.55	
309.0	67.0	3.0	3.0	9.22	6.85	9.38	8.19	5.65	7.54	7.48	8.48	11.37	7.84	8.14	5.57	11.73	5.21	11.69	5.97	
310.0	70.0	11.0	11.0	6.19	9.2	8.28	7.77	9.54	11.35	6.85	5.34	7.26	9.86	11.27	11.08	8.81	7.76	10.77	7.15	
311.0	73.0	13.0	13.0	10.3	8.85	11.74	11.15	6.31	9.63	6.65	10.7	6.22	8.65	10.53	8.09	5.88	4.84	4.82	9.44	
312.0	76.0	6.0	6.0	5.93	5.74	6.97	9.18	11.85	8.12	11.36	5.43	11.63	6.44	11.51	4.51	9.44	10.69	5.22	5.42	
313.0	79.0	7.0	7.0	11.88	6.42	9.07	4.14	7.47	8.94	7.77	4.78	11.54	7.94	8.93	8.5	6.37	11.65	9.45	7.78	
314.0	62.0	7.0	7.0	6.17	7.53	4.83	9.44	4.33	10.42	7.27	5.55	11.36	9.98	10.33	6.75	8.75	5.74	7.31	6.73	
315.0	65.0	11.0	11.0	7.1	7.48	8.55	9.37	8.83	10.52	10.11	11.42	11.64	5.25	5.91	10.11	7.61	9.97	10.59	10.67	
316.0	68.0	5.0	5.0	8.52	4.71	11.59	5.72	6.61	7.4	8.12	11.18	10.5	9.2	5.84	10.96	5.67	11.52	8.64	10.5	
317.0	71.0	11.0	11.0	11.95	7.73	10.93	6.55	8.89	7.99	8.73	9.16	8.82	8.78	4.51	9.72	7.21	8.02	7.62	11.75	
318.0	74.0	1.0	1.0	5.99	4.64	7.96	8.74	7.13	5.1	10.93	9.4	7.17	5.36	7.27	9.2	9.43	4.53	5.35	9.71	
319.0	77.0	8.0	8.0	5.38	7.35	10.48	10.24	7.5	8.4	5.48	6.73	8.49	5.92	7.05	7.31	7.54	4.11	6.04	7.2	
320.0	80.0	3.0	3.0	4.35	5.13	6.35	4.43	9.48	8.65	7.33	11.41	9.35	6.01	11.89	10.42	10.99	11.43	10.93	6.6	
321.0	63.0	15.0	15.0	6.43	6.35	8.07	7.08	10.11	6.06	8.46	5.9	10.69	11.24	5.63	8.73	7.69	7.83	9.64	7.98	
322.0	66.0	12.0	12.0	8.98	10.36	4.82	10.31	4.61	7.49	4.1	8.41	5.83	9.41	11.84	5.43	6.7	9.96	7.04	4.46	
323.0	69.0	12.0	12.0	11.46	5.9	7.93	8.49	11.26	10.43	8.35	4.15	10.8	11.23	5.97	4.54	5.92	11.89	4.51	4.46	
324.0	72.0	11.0	11.0	7.19	8.79	8.41	8.77	6.64	9.52	9.8	11.26	6.78	10.21	6.62	9.08	10.4	8.73	9.68	7.04	
325.0	75.0	8.0	8.0	11.78	7.18	11.69	7.3	11.84	10.69	10.68	5.51	8.56	10.96	5.7	8.14	4.21	6.0	7.49	8.5	
326.0	78.0	8.0	8.0	11.9	11.27	5.04	7.29	4.73	11.34	4.34	6.34	4.65	9.76	4.8	8.65	8.17	4.92	9.48	5.93	
327.0	61.0	12.0	12.0	5.14	4.4	6.62	9.95	7.18	4.7	8.8	6.69	7.31	7.84	7.53	7.88	5.66	6.6	9.7	6.82	
328.0	64.0	4.0	4.0	5.4	10.67	11.34	9.33	9.44	11.18	7.26	7.9	11.2	5.04	6.49	9.17	6.42	7.49	8.51	10.12	
329.0	67.0	3.0	3.0	7.23	7.91	9.38	8.35	9.83	6.0	10.21	11.01	9.53	11.87	4.63	10.93	8.44	4.51	7.33	7.73	
330.0	70.0	11.0	11.0	4.15	7.26	8.19	5.94	8.86	7.58	9.83	5.59	10.54	8.07	6.32	6.1	8.54	4.61	4.96	9.45	
331.0	73.0	13.0	13.0	4.22	4.26	5.48	7.9	8.68	5.76	5.01	11.43	10.17	4.67	7.18	9.27	10.28	4.01	4.06	8.81	
332.0	76.0	6.0	6.0	9.23	4.76	10.33	9.89	4.21	9.24	11.56	4.86	8.34	11.73	8.19	7.43	9.03	4.08	4.91	8.19	
333.0	79.0	7.0	7.0	8.66	11.02	5.56	10.42	8.53	8.77	11.99	7.46	9.95	6.79	4.92	4.37	8.26	8.85	6.9	7.03	
334.0	62.0	7.0	7.0	9.79	10.21	9.8	7.05	7.74	6.61	9.83	11.35	4.84	11.05	4.22	6.46	8.86	11.73	5.27	11.11	
335.0	65.0	11.0	11.0	11.37	8.92	6.02	7.0	4.96	9.65	11.61	6.86	9.27	7.6	8.92	11.02	9.72	10.37	7.54	10.79	
336.0	68.0	5.0	5.0	10.4	5.95	11.77	11.38	6.61	11.07	10.23	4.94	7.17	8.96	5.38	11.75	4.81	8.37	7.11	9.47	
337.0	71.0	11.0	11.0	9.03	9.86	8.96	11.24	9.88	4.07	7.61	11.41	5.1	6.97	7.76	6.56	5.66	5.44	6.73	8.76	
338.0	74.0	1.0	1.0	7.73	10.75	10.57	5.42	8.37	10.02	6.67	6.32	8.08	7.88	8.45	10.03	6.33	7.2	11.52	6.12	
339.0	77.0	8.0	8.0	8.52	6.38	7.7	4.51	7.23	7.54	4.86	8.64	6.83	4.2	9.53	10.94	5.47	11.11	4.94	5.65	
340.0	80.0	3.0	3.0	7.2	8.46	4.66	8.57	10.55	9.56	5.44	4.69	4.16	7.88	7.96	10.82	8.48	11.95	5.51	10.38	
341.0	63.0	15.0	15.0	6.52	7.59	9.43	6.84	10.54	6.67	10.83	4.57	6.95	7.84	4.86	8.16	11.76	8.75	6.03	6.33	
342.0	66.0	12.0	12.0	9.16	4.94	9.11	7.48	6.09	5.85	5.07	11.67	9.75	5.11	7.18	8.61	4.13	9.07	10.1	4.43	
343.0	69.0	12.0	12.0	6.72	9.32	11.34	10.87	9.3	7.43	9.13	5.7	5.9	7.7	11.17	5.8	11.97	4.06	4.01	10.98	
344.0	72.0	11.0	11.0	7.53	11.19	10.38	5.19	7.91	4.4	7.66	10.75	11.12	10.04	11.63	11.26	11.4	9.12	5.76	7.77	
345.0	75.0	8.0	8.0	8.62	5.31	8.34	8.32	8.74	9.83	5.1	11.75	10.83	8.93	4.89	11.59	10.33	10.46	5.72	6.75	
346.0	78.0	8.0	8.0	10.25	5.95	9.19	6.62	9.86	8.78	9.68	11.57	11.86	7.4	4.05	5.7	5.78	5.3	10.57	10.58	
347.0	61.0	12.0	12.0	6.11	4.42	10.76	11.06	4.22	8.36	8.62	7.17	5.8	5.63	9.86	9.11	11.63	10.82	8.06	10.89	
348.0	64.0	4.0	4.0	7.63	10.77	8.33	9.13	4.97	4.8	5.26	10.3	5.78	6.02	4.17	5.55	10.91	7.91	5.37	4.96	
349.0	67.0	3.0	3.0	4.9	6.43	4.29	6.47	11.75	7.33	11.08	9.37	5.18	8.09	4.04	4.31	9.74	5.97	10.46	10.85	
350.0	70.0	11.0	11.0	9.51	4.04	9.38	9.04	5.96	6.55	5.97	9.78	8.18	9.91	8.77	9.91	11.99	4.23	4.71	11.01	
351.0	73.0	13.0	13.0	7.39	7.82	4.71	4.92	8.85	7.09	8.1	4.16	7.53	7.08	11.15	11.38	8.24	4.37	4.29	7.91	
352.0	76.0	6.0	6.0	11.83	4.8	5.25	8.01	9.81	9.13	4.98	7.19	7.45	10.58	6.59	10.28	9.01	4.1	6.62	6.77	
353.0	79.0	7.0	7.0	11.5	11.16	4.43	9.56	4.17	7.74	11.38	9.1	9.46	7.47	5.81	5.82	8.23	5.18	10.69	7.63	
354.0	62.0	7.0	7.0	5.42	11.65	7.37	7.58	6.05	7.15	5.75	10.42	5.76	8.28	7.5	7.38	8.66	10.2	6.69	7.14	
355.0	65.0	11.0	11.0	8.8	4.1	7.59	6.58	4.82	6.62	8.39	6.46	10.37	9.98	4.83	11.21	5.03	4.02	5.4	8.36	
356.0	68.0	5.0	5.0	7.76	10.66	8.08	10.14	8.21	7.96	7.62	11.0	7.52	6.3	6.95	4.39	5.75	5.52	8.56	9.97	
357.0	71.0	11.0	11.0	7.29	9.15	11.54	4.4	10.88	4.93	8.57	7.3	8.97	8.62	5.18	8.89	9.9	9.35	4.76	8.75	
358.0	74.0	1.0	1.0	11.62	6.39	10.36	8.5	10.3	5.8	7.11	10.02	4.66	4.64	9.18	7.1	11.62	10.65	8.48	4.88	
359.0	77.0	8.0	8.0	10.65	4.62	8.9	11.84	11.3	5.06	6.12	11.82	10.77	11.22	8.94	6.88	9.24	6.47	11.58	11.14	
360.0	80.0	3.0	3.0	7.92	6.07	9.18	8.96	5.43	5.37	11.38	9.06	7.64	7.12	4.69	4.49	10.56	5.36	10.89	11.26	
361.0	63.0	15.0	15.0	10.23	5.39	7.43	10.41	5.87	9.04	6.32	7.39	11.35	7.96	7.44	10.13	6.54	9.12	4.0	6.46	
362.0	66.0	12.0	12.0	6.02	9.64	11.77	7.59	9.01	10.43	7.99	10.8	5.07	5.08	4.46	5.52	10.98	9.54	8.23	11.57	
363.0	69.0	12.0	12.0	4.75	11.67	11.5	10.93	5.43	10.34	8.51	5.3	10.92	11.18	6.98	8.19	5.52	8.26	5.32	10.14	
364.0	72.0	11.0	11.0	4.51	8.89	9.93	6.2	10.26	8.33	9.75	5.09	7.58	5.85	9.85	6.55	6.15	9.85	6.3	8.98	
365.0	75.0	8.0	8.0	10.0	11.95	10.65	6.32	5.88	7.3	6.14	4.45	7.95	6.35	8.69	8.24	10.64	6.26	7.42	4.43	
366.0	78.0	8.0	8.0	5.57	10.37	7.61	5.22	4.85	6.34	8.81	4.04	4.64	11.45	4.56	7.57	6.93	4.37	4.86	8.87	
367.0	61.0	12.0	12.0	4.48	10.96	10.38	5.5	10.56	4.72	10.2	6.18	4.47	11.58	8.1	10.09	8.57	11.6	8.97	9.18	
368.0	64.0	4.0	4.0	10.98	11.44	4.99	4.53	10.29	9.74	10.71	7.79	9.82	7.94	10.2	4.3	9.77	5.31	5.99	11.24	
369.0	67.0	3.0	3.0	6.33	7.26	9.44	6.59	11.15	4.22	10.31	10.11	5.19	9.41	8.29	11.6	11.04	6.62	9.78	11.62	
370.0	70.0	11.0	11.0	4.16	11.4	7.97	5.79	7.9	11.31	7.03	8.68	6.09	8.64	8.64	7.72	7.95	10.23	9.26	4.2	
371.0	73.0	13.0	13.0	11.7	6.15	6.63	5.62	11.19	10.64	7.03	5.24	11.59	8.64	9.39	9.61	9.17	7.21	7.94	10.0	
372.0	77.0	8.0	8.0	4.96	10.48	6.14	11.76	9.63	10.02	10.38	5.66	7.7	9.94	11.17	10.03	4.9	4.68	10.21	11.3	
373.0	79.0	7.0	7.0	4.44	7.16	8.61	4.03	6.15	11.02	10.44	9.94	6.88	7.35	8.2	10.97	9.65	10.34	8.25	5.6	
374.0	62.0	7.0	7.0	8.35	6.24	8.57	6.84	7.59	10.53	10.03	8.7	10.74	10.17	8.66	11.65	6.93	10.77	8.63	9.04	
375.0	65.0	11.0	11.0	11.49	4.42	7.36	9.7	8.82	10.21	6.29	10.69	8.07	6.35	9.55	8.06	10.28	9.35	4.02	5.64	
376.0	68.0	5.0	5.0	11.21	6.72	4.28	9.32	10.92	4.34	4.74	8.13	10.83	10.17	4.05	4.36	11.09	11.92	4.26	9.4	
377.0	71.0	11.0	11.0	5.44	9.98	9.92	9.42	11.31	10.85	7.81	11.68	4.09	8.28	9.15	10.82	7.75	10.77	5.86	7.32	
378.0	74.0	1.0	1.0	7.67	11.94	7.05	7.61	7.57	5.2	4.28	6.35	11.83	8.09	9.66	6.87	5.47	7.76	10.24	8.66	
379.0	78.0	8.0	8.0	9.48	11.32	9.53	5.8	5.29	9.49	6.42	9.17	5.67	8.07	9.42	6.92	4.29	5.01	6.53	5.03	
380.0	80.0	3.0	3.0	10.5	6.3	9.44	9.03	9.94	5.9	6.6	8.32	5.49	10.59	9.39	11.94	4.69	7.73	11.84	11.18	
381.0	63.0	15.0	15.0	8.66	4.66	6.83	7.9	7.2	5.74	5.32	9.3	5.42	6.36	11.0	11.64	11.92	6.43	5.51	9.8	
382.0	57.0	14.0	14.0	8.46	6.35	9.64	7.68	7.8	11.1	10.52	6.37	6.17	5.43	7.35	7.95	7.85	5.4	4.15	11.55	
383.0	60.0	3.0	3.0	11.89	8.8	10.79	8.83	5.22	8.48	5.79	4.77	6.7	4.77	5.43	9.81	4.77	11.07	8.82	10.53	
384.0	43.0	13.0	13.0	9.11	8.1	9.5	4.97	7.08	8.08	10.61	7.73	11.71	7.18	7.19	9.83	7.99	9.08	4.07	6.28	
385.0	46.0	14.0	14.0	10.34	4.98	5.97	11.81	6.24	6.93	6.6	11.23	4.58	11.4	4.28	10.46	10.6	6.37	10.6	10.46	
386.0	49.0	12.0	12.0	10.33	7.72	10.86	7.66	4.42	10.28	10.08	7.17	9.2	4.59	7.16	7.08	4.25	9.79	7.9	8.17	
387.0	52.0	4.0	4.0	8.92	7.39	7.79	5.43	7.82	4.5	6.56	8.69	7.71	4.08	5.09	11.17	10.39	11.29	8.11	8.88	
388.0	55.0	6.0	6.0	6.98	6.99	9.43	8.37	4.76	4.75	8.56	7.96	11.49	11.54	5.21	10.08	6.1	5.07	6.57	8.47	
389.0	58.0	11.0	11.0	10.0	8.45	6.48	10.93	9.14	5.29	10.81	4.71	8.49	10.43	8.28	5.96	6.59	11.34	4.58	11.77	
390.0	41.0	15.0	15.0	8.48	6.91	7.17	4.3	8.18	7.01	11.18	10.54	6.75	7.21	6.43	7.12	9.9	7.88	5.42	11.76	
391.0	44.0	3.0	3.0	5.0	5.4	7.23	10.04	6.23	4.72	4.57	8.56	11.83	10.83	5.77	6.61	6.28	9.34	4.13	5.3	
392.0	47.0	15.0	15.0	6.96	5.32	6.16	7.32	11.15	8.33	5.08	4.98	11.08	6.62	10.88	6.51	5.2	6.6	8.51	7.52	
393.0	50.0	9.0	9.0	8.05	7.81	11.12	5.3	9.11	8.19	11.96	9.76	5.94	4.41	10.69	5.87	10.17	8.34	11.62	4.6	
394.0	53.0	12.0	12.0	8.02	5.59	6.11	10.26	7.57	10.68	6.77	10.94	5.84	10.02	11.52	11.46	9.72	6.49	9.02	11.33	
395.0	56.0	13.0	13.0	8.51	8.7	10.44	4.05	7.76	7.09	9.63	7.86	9.2	5.21	11.87	8.62	5.52	11.73	9.0	10.55	
396.0	59.0	9.0	9.0	6.31	11.85	9.47	8.66	7.6	4.08	6.89	11.47	11.53	10.95	7.53	6.4	6.53	7.98	5.55	4.79	
397.0	42.0	4.0	4.0	9.87	5.43	6.17	8.51	6.84	5.79	4.27	7.82	5.49	9.53	7.3	11.14	4.07	6.07	8.18	10.87	
398.0	45.0	5.0	5.0	4.34	7.65	11.05	11.78	10.4	4.27	8.11	11.11	7.54	11.73	8.04	4.57	9.34	7.8	9.24	4.98	
399.0	48.0	13.0	13.0	4.39	6.73	8.04	7.28	4.07	4.07	6.14	4.83	4.05	8.54	8.66	4.25	10.79	10.3	7.02	4.19	
400.0	51.0	2.0	2.0	5.52	4.56	7.07	9.94	11.66	6.83	7.57	8.88	9.88	10.16	5.57	8.03	4.66	6.19	11.11	8.57	
401.0	54.0	10.0	10.0	8.57	7.61	11.54	8.53	11.1	8.2	10.12	7.61	8.55	8.8	5.85	9.4	6.94	9.45	6.18	9.18	
402.0	57.0	14.0	14.0	8.38	11.85	10.41	8.2	7.47	10.63	10.22	10.34	6.01	4.39	8.18	7.47	11.1	6.1	5.06	8.82	
403.0	60.0	3.0	3.0	7.3	10.78	4.95	9.37	6.81	4.71	4.38	9.83	6.65	5.38	8.29	8.01	6.22	8.52	4.34	10.72	
404.0	43.0	13.0	13.0	11.25	8.39	4.08	9.54	7.97	10.49	6.1	5.25	9.29	6.07	6.83	9.63	7.94	7.2	7.97	7.7	
405.0	46.0	14.0	14.0	4.32	5.05	10.56	5.69	10.36	9.73	5.37	7.89	5.74	5.43	9.97	4.18	11.7	6.61	6.45	8.47	
406.0	49.0	12.0	12.0	4.96	8.07	5.92	11.94	8.48	5.43	9.33	7.13	7.94	4.52	11.82	11.15	7.77	10.67	6.43	7.19	
407.0	52.0	4.0	4.0	4.05	11.6	5.86	7.77	10.3	4.68	8.83	10.43	8.9	6.99	7.0	4.69	10.25	5.59	6.83	11.38	
408.0	55.0	6.0	6.0	9.59	8.89	7.29	8.4	8.72	11.52	10.45	4.95	7.9	4.37	6.76	5.33	9.04	6.68	4.22	4.16	
409.0	58.0	11.0	11.0	4.87	6.32	11.56	11.0	9.75	9.45	4.81	9.54	7.65	9.69	4.32	4.78	10.01	10.21	7.97	9.78	
410.0	41.0	15.0	15.0	4.3	7.73	8.16	5.02	7.18	11.62	8.14	7.76	5.2	9.18	10.41	10.94	5.57	8.36	10.63	11.86	
411.0	44.0	3.0	3.0	6.64	4.78	4.39	7.67	10.48	4.86	11.33	4.29	9.58	10.86	10.43	6.74	11.18	4.43	10.05	8.65	
412.0	47.0	15.0	15.0	9.34	7.04	5.3	4.58	5.83	11.49	11.42	10.61	4.31	8.66	6.79	6.62	8.03	11.37	8.68	8.56	
413.0	50.0	9.0	9.0	11.66	5.54	5.01	5.92	7.69	9.97	5.72	9.19	4.6	9.32	4.3	6.09	6.16	4.63	7.37	9.01	
414.0	53.0	12.0	12.0	4.39	9.18	11.0	5.37	11.74	8.05	5.78	6.17	11.83	10.75	8.42	6.01	6.65	7.45	7.89	10.0	
415.0	56.0	13.0	13.0	6.89	10.47	9.42	10.29	7.9	7.24	11.36	10.65	8.91	9.36	7.97	9.16	5.27	10.62	9.35	6.43	
416.0	59.0	9.0	9.0	10.1	11.16	11.3	8.3	8.77	6.73	9.87	7.39	11.06	8.51	4.91	5.45	4.37	7.08	4.64	6.36	
417.0	42.0	4.0	4.0	6.05	10.22	5.27	7.13	9.19	7.89	8.13	4.79	11.02	9.91	6.91	4.48	8.02	7.98	9.1	10.65	
418.0	45.0	5.0	5.0	8.85	8.51	9.5	6.27	6.63	4.5	8.94	7.88	10.54	9.83	10.57	5.83	10.18	7.31	5.35	11.82	
419.0	48.0	13.0	13.0	8.01	4.2	10.86	8.12	5.0	11.65	7.34	10.0	11.85	4.97	5.0	5.34	5.71	5.41	7.65	10.64	
420.0	51.0	2.0	2.0	7.17	6.97	11.73	5.54	5.88	5.62	5.61	10.28	4.63	7.55	9.23	6.16	9.5	8.11	5.22	4.95	
421.0	54.0	10.0	10.0	8.85	4.36	5.81	10.22	7.36	10.46	5.14	7.66	10.7	6.51	4.14	8.54	6.61	4.2	9.15	4.99	
422.0	57.0	14.0	14.0	6.59	8.07	7.25	5.08	10.67	4.83	6.73	5.97	6.26	9.67	7.35	11.12	7.33	6.72	4.02	7.74	
423.0	60.0	3.0	3.0	5.55	11.38	9.31	8.26	7.28	8.38	6.62	5.57	8.92	7.03	11.07	5.17	5.03	10.55	7.76	5.84	
424.0	43.0	13.0	13.0	5.04	4.1	11.98	6.94	10.09	4.47	11.95	8.66	4.5	4.43	6.27	10.69	4.68	7.25	5.14	10.17	
425.0	46.0	14.0	14.0	6.26	5.66	11.47	6.73	11.68	10.47	8.62	9.29	5.36	8.89	11.18	11.82	7.2	7.92	10.21	5.07	
426.0	49.0	12.0	12.0	8.65	9.45	6.98	4.28	7.57	4.48	5.5	4.6	10.03	8.28	9.49	10.08	10.26	4.84	4.21	9.07	
427.0	52.0	4.0	4.0	8.85	8.78	10.44	11.65	11.38	7.55	6.61	8.08	11.76	9.32	8.25	10.73	7.0	4.72	11.09	7.17	
428.0	55.0	6.0	6.0	4.29	9.67	4.04	6.46	9.65	10.91	7.27	11.42	7.64	6.96	8.34	7.17	8.28	9.43	10.43	10.23	
429.0	58.0	11.0	11.0	4.98	9.26	10.41	7.75	10.34	11.05	4.27	10.91	6.83	6.88	8.79	4.45	8.15	7.73	5.95	9.88	
430.0	41.0	15.0	15.0	7.65	8.18	10.99	5.99	7.87	7.62	4.8	7.18	10.19	6.15	9.68	8.71	11.19	10.56	8.87	4.32	
431.0	44.0	3.0	3.0	6.79	9.93	10.11	8.09	7.66	11.46	4.03	9.32	7.73	4.48	4.92	9.73	8.91	11.46	4.65	4.34	
432.0	47.0	15.0	15.0	5.96	8.28	8.6	7.58	9.26	8.63	8.13	8.88	11.15	5.99	6.41	8.83	6.68	6.62	7.39	11.46	
433.0	50.0	9.0	9.0	9.95	6.88	4.9	9.47	8.42	4.35	11.65	6.35	5.02	7.14	5.0	11.21	8.74	10.09	5.91	6.42	
434.0	53.0	12.0	12.0	8.21	5.46	5.83	7.98	5.06	7.38	10.77	6.73	10.34	4.33	4.44	9.71	11.96	11.6	10.06	9.93	
435.0	56.0	13.0	13.0	5.84	5.48	8.11	4.17	5.84	11.89	11.68	6.26	7.98	10.31	10.27	4.6	6.81	10.56	9.48	8.25	
436.0	59.0	9.0	9.0	5.0	5.87	4.8	6.84	5.27	6.83	11.35	4.95	6.94	8.44	7.06	8.18	10.28	8.13	6.4	5.03	
437.0	42.0	4.0	4.0	11.91	5.15	5.72	4.86	9.24	9.34	8.54	5.54	5.14	10.96	10.54	7.87	9.42	10.73	11.37	4.47	
438.0	45.0	5.0	5.0	11.38	9.46	6.59	4.19	7.23	10.61	8.7	10.04	6.4	10.88	5.09	8.74	6.65	11.01	9.34	11.8	
439.0	48.0	13.0	13.0	8.02	9.98	11.83	10.42	6.03	4.05	7.89	11.15	4.62	6.02	10.51	4.03	4.27	4.6	11.06	9.64	
440.0	51.0	2.0	2.0	9.72	6.03	8.99	11.23	4.02	4.4	7.77	8.06	5.47	9.1	11.85	9.45	8.59	6.78	4.82	11.7	
441.0	54.0	10.0	10.0	9.54	10.34	5.1	10.51	10.44	8.51	11.83	11.88	6.0	7.88	7.37	11.89	9.73	8.91	8.46	7.3090007626742794	
442.0	57.0	14.0	14.0	6.57	5.28	11.1	5.26	5.33	8.32	6.3	6.33	7.99	7.64	11.4	8.89	6.26	6.43	7.51	10.99	
443.0	60.0	3.0	3.0	11.54	4.21	10.74	4.97	8.62	6.54	10.76	5.1	6.39	9.11	9.03	11.55	4.22	10.24	6.38	8.75	
444.0	43.0	13.0	13.0	4.23	6.84	7.34	8.66	8.94	8.0	10.25	5.85	5.56	6.19	7.13	11.43	8.86	10.38	4.81	11.08	
445.0	46.0	14.0	14.0	4.78	7.32	9.14	6.12	8.93	11.45	4.95	5.22	11.35	11.1	7.05	7.11	7.1	8.51	7.34	11.71	
446.0	49.0	12.0	12.0	11.12	8.81	5.06	9.68	6.82	9.78	11.33	4.08	5.85	6.51	10.2	9.56	11.14	11.79	7.29	11.4	
447.0	52.0	4.0	4.0	9.56	5.73	7.0	6.21	4.64	7.28	6.73	5.48	4.97	8.11	9.36	10.7	10.03	7.14	7.56	11.13	
448.0	55.0	6.0	6.0	9.68	4.83	5.01	8.72	7.1	7.96	8.82	9.19	9.29	11.13	10.18	7.63	11.79	8.31	4.39	4.72	
449.0	58.0	11.0	11.0	10.74	6.48	10.25	8.11	11.38	8.3	9.0	8.6	4.71	10.87	4.35	5.26	4.9	11.94	6.74	11.51	
450.0	41.0	15.0	15.0	5.83	8.05	7.31	11.7	4.58	11.03	9.52	9.02	11.29	8.5	7.08	6.95	11.98	9.86	6.57	4.14	
451.0	44.0	3.0	3.0	4.42	4.69	7.3	6.19	11.36	5.13	7.32	9.99	11.91	6.87	5.5	9.94	9.93	10.58	7.5	7.96	
452.0	47.0	15.0	15.0	10.5	6.02	11.3	8.08	8.31	10.92	6.14	5.99	11.16	11.47	11.93	8.77	7.74	7.19	4.99	7.0	
453.0	50.0	9.0	9.0	10.35	7.77	10.55	10.89	10.68	7.43	9.88	6.5	11.11	7.29	8.41	4.83	10.49	8.52	10.95	7.26	
454.0	53.0	12.0	12.0	7.87	8.3	4.87	10.71	6.13	10.49	9.14	7.33	8.54	9.39	6.04	10.91	8.36	6.79	6.15	7.27	
455.0	56.0	13.0	13.0	11.02	6.03	10.97	7.12	6.56	6.34	8.78	8.83	5.31	7.1	4.66	11.11	10.82	8.99	6.27	7.56	
456.0	59.0	9.0	9.0	9.16	4.52	11.1	5.72	7.3	5.27	5.19	6.64	4.55	8.34	5.22	6.34	11.77	5.63	7.65	9.49	
457.0	42.0	4.0	4.0	5.44	9.78	7.84	7.77	6.84	10.96	8.67	4.88	11.01	10.53	5.93	6.64	10.25	10.89	6.72	11.23	
458.0	29.0	2.0	2.0	9.44	10.63	11.83	6.42	11.83	11.56	6.41	4.06	9.78	9.89	11.7	8.31	9.98	8.82	4.48	6.74	
459.0	32.0	14.0	14.0	7.81	6.6	11.14	9.62	4.79	8.47	7.82	9.66	9.48	8.23	10.46	5.33	4.78	10.83	10.08	8.07	
460.0	35.0	10.0	10.0	4.36	7.68	5.58	6.45	6.21	4.71	5.94	4.24	6.59	4.01	9.57	5.0	8.47	11.45	7.47	4.36	
461.0	38.0	5.0	5.0	11.54	10.1	4.24	5.02	4.78	8.79	5.5	5.14	6.28	6.95	7.83	5.36	8.79	10.48	8.53	11.46	
462.0	21.0	9.0	9.0	7.46	7.51	8.83	7.4	4.26	7.05	7.77	6.52	5.71	6.98	11.17	6.9	10.8	7.16	5.75	5.8	
463.0	24.0	14.0	14.0	6.5	5.48	6.91	4.98	9.66	4.68	7.65	4.35	7.7	5.38	9.81	10.23	4.18	8.51	10.24	4.81	
464.0	27.0	13.0	13.0	10.22	4.72	7.17	10.1	6.53	4.49	5.42	10.27	11.69	8.58	8.81	4.21	7.94	8.39	7.84	8.73	
465.0	30.0	14.0	14.0	5.4	11.48	10.26	11.32	6.93	10.83	11.83	10.84	10.95	9.63	4.96	5.38	4.65	4.26	5.99	5.11	
466.0	33.0	14.0	14.0	6.88	6.94	9.18	5.32	11.78	11.1	5.72	4.93	4.14	7.66	6.68	9.34	11.48	5.79	7.12	7.21	
467.0	36.0	15.0	15.0	11.95	8.21	5.52	6.56	10.11	9.4	5.95	9.91	6.53	4.29	6.51	5.76	11.89	8.86	10.38	6.12	
468.0	39.0	14.0	14.0	11.83	8.3	9.28	11.72	5.44	8.3	7.37	6.1	8.04	6.96	7.12	5.2	6.64	8.11	11.77	4.2	
469.0	22.0	6.0	6.0	4.16	9.34	9.23	4.67	11.39	9.72	11.25	10.79	7.01	5.57	9.63	4.27	6.61	6.26	5.0	4.19	
470.0	25.0	12.0	12.0	8.43	4.41	8.6	5.18	10.69	5.39	10.8	11.69	8.91	8.44	6.62	6.86	10.83	11.09	11.01	11.45	
471.0	28.0	8.0	8.0	5.58	6.28	8.69	6.93	10.25	4.27	8.85	11.4	4.04	4.69	5.94	5.79	9.67	7.65	10.86	5.52	
472.0	31.0	8.0	8.0	10.52	10.52	5.55	6.35	8.49	8.47	11.91	11.63	11.11	11.43	10.84	6.8	5.86	4.52	11.21	8.85	
473.0	34.0	14.0	14.0	8.98	4.41	6.91	7.75	10.63	8.37	10.91	8.17	8.23	9.99	4.96	9.62	11.91	4.42	6.3	9.62	
474.0	37.0	5.0	5.0	5.15	11.6	7.84	5.71	10.13	11.53	8.82	11.44	9.74	8.68	10.58	4.49	9.1	10.58	11.34	5.68	
475.0	40.0	11.0	11.0	4.96	11.39	10.72	11.46	11.18	8.32	8.77	9.38	8.42	10.08	5.08	9.37	6.46	4.88	10.55	6.62	
476.0	23.0	7.0	7.0	6.61	7.43	6.72	10.68	11.95	8.17	4.44	7.27	5.75	4.17	11.14	5.19	7.33	10.74	7.98	8.6	
477.0	26.0	1.0	1.0	10.75	7.34	7.92	4.07	6.55	9.89	11.7	4.21	6.62	8.78	12.0	11.19	6.88	9.23	4.27	11.13	
478.0	29.0	2.0	2.0	4.43	5.08	10.12	7.04	7.63	11.13	8.66	10.74	6.66	6.29	6.3	4.56	4.26	7.94	10.8	4.57	
479.0	32.0	14.0	14.0	9.39	7.69	6.08	4.11	7.97	5.45	6.11	10.61	10.12	11.46	10.06	7.96	4.08	10.92	10.44	8.54	
480.0	35.0	10.0	10.0	9.66	10.97	8.45	6.05	9.8	7.32	11.02	10.54	8.96	6.71	7.92	10.21	11.98	6.48	10.34	9.1	
481.0	38.0	5.0	5.0	7.05	11.69	10.9	4.85	11.18	9.23	8.99	7.13	5.15	11.26	5.05	7.17	10.16	10.66	11.06	5.14	
482.0	21.0	9.0	9.0	6.02	7.29	6.18	7.41	4.56	10.64	6.24	4.49	7.98	10.88	8.4	10.85	4.01	11.52	7.44	9.43	
483.0	24.0	14.0	14.0	4.61	10.61	5.54	10.79	6.77	5.04	6.81	4.36	5.98	5.2	11.67	11.27	10.75	4.61	7.63	11.32	
484.0	27.0	13.0	13.0	11.28	10.38	11.29	11.6	11.24	11.36	10.36	11.69	9.41	7.22	9.53	7.69	7.63	6.9	7.08	1.034949837375481	
485.0	30.0	14.0	14.0	11.06	4.05	8.19	11.87	9.24	10.34	10.16	7.5	6.14	5.37	7.42	11.32	9.35	5.71	6.07	8.71	
486.0	33.0	14.0	14.0	8.21	8.26	5.6	10.27	6.63	6.75	10.55	7.27	10.88	10.75	11.37	4.67	8.3	11.99	6.26	5.38	
487.0	36.0	15.0	15.0	11.98	10.09	6.9	11.25	6.89	11.6	11.39	6.7	7.11	9.46	4.77	5.12	11.25	10.23	8.03	4.27	
488.0	39.0	14.0	14.0	9.14	5.97	7.01	5.25	10.66	7.77	10.71	7.36	9.73	4.36	7.02	10.89	9.96	11.55	4.34	10.11	
489.0	22.0	6.0	6.0	6.05	4.51	11.18	10.13	7.03	10.59	4.36	6.84	5.99	9.1	6.73	8.85	8.55	4.66	11.25	9.4	
490.0	25.0	12.0	12.0	11.7	10.39	9.74	8.96	11.43	5.75	4.84	11.07	5.17	4.78	10.5	5.62	8.87	8.05	5.34	9.42	
491.0	28.0	8.0	8.0	4.45	9.02	8.5	9.35	9.51	7.53	9.62	4.84	8.27	4.64	8.1	6.37	4.72	6.16	7.55	5.93	
492.0	31.0	8.0	8.0	7.44	7.41	11.85	9.07	8.98	7.9	5.1	5.01	7.01	8.62	5.03	7.13	4.87	8.6	10.54	10.99	
493.0	34.0	14.0	14.0	9.04	9.71	9.38	4.8	8.7	11.02	5.64	7.6	11.07	11.95	5.33	9.04	9.67	7.76	4.82	10.96	
494.0	37.0	5.0	5.0	9.69	8.23	9.55	9.28	5.3	4.64	7.64	10.7	9.73	5.68	10.34	7.78	7.44	4.76	5.1	9.68	
495.0	40.0	11.0	11.0	5.43	8.26	5.46	7.59	7.04	5.12	4.44	6.54	4.88	4.43	8.24	4.43	8.44	9.92	4.4	8.28	
496.0	9.0	15.0	15.0	6.08	4.34	6.59	8.38	11.84	10.96	5.09	5.15	9.22	6.13	5.65	8.22	9.62	4.26	5.29	4.28	
497.0	12.0	5.0	5.0	7.03	5.44	7.63	8.19	10.23	7.61	11.02	7.79	9.89	10.92	11.77	10.75	10.67	4.86	7.98	10.13	
498.0	15.0	11.0	11.0	5.53	7.57	5.67	10.57	10.81	11.7	7.61	5.5	11.86	4.35	4.87	7.15	9.92	11.71	10.97	8.87	
499.0	18.0	2.0	2.0	10.48	7.39	8.95	11.92	7.88	11.08	5.83	10.36	10.47	11.85	10.2	8.36	4.01	11.45	10.81	11.846983666064927	
500.0	1.0	11.0	11.0	11.91	7.78	9.46	5.38	7.85	4.42	5.27	10.27	4.29	10.57	6.58	7.69	10.77	8.96	10.59	4.78	
501.0	4.0	9.0	9.0	5.91	9.1	9.9	10.6	9.29	7.85	7.11	7.75	4.9	5.26	11.61	7.09	11.9	7.75	7.76	10.86	
502.0	7.0	11.0	11.0	11.27	6.46	8.02	6.62	10.77	11.26	8.01	9.44	6.43	7.04	4.29	11.15	8.26	6.95	8.42	10.7	
503.0	10.0	15.0	15.0	7.13	7.4	10.17	7.8	8.77	7.37	7.19	7.64	9.36	11.16	9.03	7.66	11.92	4.66	10.78	11.35	
504.0	13.0	3.0	3.0	4.6	6.77	9.37	5.54	8.01	11.63	10.38	8.35	11.03	11.74	6.45	4.36	8.52	11.36	11.58	11.6	
505.0	16.0	14.0	14.0	6.72	9.55	9.34	6.37	8.33	9.21	5.29	4.97	8.22	10.0	11.19	4.99	11.99	8.5	7.39	6.43	
506.0	19.0	13.0	13.0	5.11	7.79	8.1	11.94	5.57	5.25	6.48	9.99	7.0	4.12	5.37	11.04	11.47	6.3	4.93	7.1	
507.0	2.0	14.0	14.0	9.65	7.26	4.35	5.71	8.85	10.16	4.37	4.16	10.0	8.36	11.22	4.5	6.49	7.56	7.5	11.81	
508.0	5.0	15.0	15.0	6.32	10.81	4.9	7.87	4.42	11.83	11.29	4.94	11.51	4.97	9.03	4.01	9.84	7.21	6.22	5.64	
509.0	8.0	15.0	15.0	6.34	11.55	11.24	7.4	8.39	9.65	7.09	7.71	6.77	4.03	4.02	11.36	9.2	4.35	4.49	5.94	
510.0	11.0	4.0	4.0	7.76	6.48	7.71	10.7	5.97	4.11	9.21	4.92	11.13	9.74	5.17	8.95	7.98	8.81	10.6	6.14	
511.0	14.0	13.0	13.0	5.41	8.54	6.75	4.37	10.2	6.77	4.73	4.26	8.79	6.92	6.92	7.59	8.31	5.07	6.68	7.41	
512.0	17.0	11.0	11.0	10.92	11.44	11.54	11.07	8.57	6.63	10.92	6.88	11.34	4.2	4.92	11.23	11.72	6.55	6.51	11.19	
=====================================================================================================================================================
number of non-local execution forwordmean is 0
=====================================================================================================================================================
=====================================================================================================================================================
Map Status of job/thread name: wordcount  after done (10 columns: map task #,Local(0)/Non_local(1), status(not_yet_started(0),running(1)/finished(2)), response time, start time, end time, latency, bin #, VM flavor #, PM #, Rack #)
=====================================================================================================================================================
1.0	0.0	2.0	1857.0	1857.0	1878.0	21.0	83.0	5.0	5.0	1.0	
2.0	0.0	2.0	1857.0	1857.0	1878.0	21.0	84.0	5.0	12.0	2.0	
3.0	1.0	2.0	1839.0	1839.0	1862.0	23.0	72.0	4.0	11.0	2.0	
4.0	0.0	2.0	1857.0	1857.0	1878.0	21.0	92.0	5.0	10.0	4.0	
5.0	0.0	2.0	1857.0	1857.0	1878.0	21.0	93.0	5.0	4.0	5.0	
6.0	1.0	2.0	1839.0	1839.0	1862.0	23.0	54.0	3.0	10.0	5.0	
7.0	0.0	2.0	1857.0	1857.0	1878.0	21.0	100.0	5.0	14.0	1.0	
8.0	0.0	2.0	1857.0	1857.0	1878.0	21.0	82.0	5.0	6.0	2.0	
9.0	1.0	2.0	1856.0	1856.0	1879.0	23.0	51.0	3.0	2.0	3.0	
10.0	0.0	2.0	1857.0	1857.0	1878.0	21.0	88.0	5.0	4.0	3.0	
11.0	0.0	2.0	1857.0	1857.0	1878.0	21.0	91.0	5.0	9.0	5.0	
12.0	1.0	2.0	1839.0	1839.0	1862.0	23.0	20.0	1.0	4.0	5.0	
13.0	1.0	2.0	1857.0	1857.0	1880.0	23.0	74.0	4.0	1.0	3.0	
14.0	1.0	2.0	1839.0	1839.0	1862.0	23.0	3.0	1.0	6.0	4.0	
15.0	0.0	2.0	1857.0	1857.0	1878.0	21.0	85.0	5.0	3.0	5.0	
16.0	1.0	2.0	1857.0	1857.0	1880.0	23.0	69.0	4.0	12.0	2.0	
17.0	1.0	2.0	1839.0	1839.0	1862.0	23.0	67.0	4.0	3.0	3.0	
18.0	1.0	2.0	1839.0	1839.0	1862.0	23.0	6.0	1.0	7.0	1.0	
19.0	0.0	2.0	1857.0	1857.0	1878.0	21.0	95.0	5.0	8.0	5.0	
20.0	1.0	2.0	1856.0	1856.0	1879.0	23.0	75.0	4.0	8.0	5.0	
21.0	0.0	2.0	1857.0	1857.0	1878.0	21.0	82.0	5.0	6.0	2.0	
22.0	0.0	2.0	1857.0	1857.0	1878.0	21.0	86.0	5.0	15.0	4.0	
23.0	0.0	2.0	1857.0	1857.0	1878.0	21.0	87.0	5.0	5.0	5.0	
24.0	1.0	2.0	1857.0	1857.0	1880.0	23.0	71.0	4.0	11.0	3.0	
25.0	1.0	2.0	1857.0	1857.0	1880.0	23.0	36.0	2.0	15.0	4.0	
26.0	1.0	2.0	1857.0	1857.0	1880.0	23.0	61.0	4.0	12.0	4.0	
27.0	1.0	2.0	1857.0	1857.0	1880.0	23.0	24.0	2.0	14.0	4.0	
28.0	1.0	2.0	1857.0	1857.0	1880.0	23.0	16.0	1.0	14.0	2.0	
29.0	1.0	2.0	1856.0	1856.0	1879.0	23.0	23.0	2.0	7.0	3.0	
30.0	1.0	2.0	1857.0	1857.0	1880.0	23.0	80.0	4.0	3.0	1.0	
31.0	1.0	2.0	1857.0	1857.0	1880.0	23.0	23.0	2.0	7.0	3.0	
32.0	1.0	2.0	1857.0	1857.0	1880.0	23.0	56.0	3.0	13.0	5.0	
33.0	1.0	2.0	1839.0	1839.0	1862.0	23.0	48.0	3.0	13.0	4.0	
34.0	1.0	2.0	1857.0	1857.0	1880.0	23.0	78.0	4.0	8.0	1.0	
35.0	1.0	2.0	1857.0	1857.0	1880.0	23.0	30.0	2.0	14.0	1.0	
36.0	1.0	2.0	1857.0	1857.0	1880.0	23.0	21.0	2.0	9.0	1.0	
37.0	1.0	2.0	1857.0	1857.0	1880.0	23.0	45.0	3.0	5.0	4.0	
38.0	1.0	2.0	1857.0	1857.0	1880.0	23.0	21.0	2.0	9.0	1.0	
39.0	1.0	2.0	1857.0	1857.0	1880.0	23.0	67.0	4.0	3.0	3.0	
40.0	1.0	2.0	1857.0	1857.0	1880.0	23.0	19.0	1.0	13.0	4.0	
41.0	1.0	2.0	1857.0	1857.0	1880.0	23.0	62.0	4.0	7.0	4.0	
42.0	1.0	2.0	1857.0	1857.0	1880.0	23.0	44.0	3.0	3.0	5.0	
43.0	1.0	2.0	1857.0	1857.0	1880.0	23.0	18.0	1.0	2.0	5.0	
44.0	1.0	2.0	1857.0	1857.0	1880.0	23.0	1.0	1.0	11.0	3.0	
45.0	1.0	2.0	1857.0	1857.0	1880.0	23.0	26.0	2.0	1.0	2.0	
46.0	1.0	2.0	1857.0	1857.0	1880.0	23.0	62.0	4.0	7.0	4.0	
47.0	1.0	2.0	1857.0	1857.0	1880.0	23.0	70.0	4.0	11.0	5.0	
48.0	1.0	2.0	1857.0	1857.0	1880.0	23.0	57.0	3.0	14.0	3.0	
49.0	0.0	2.0	1857.0	1857.0	1878.0	21.0	86.0	5.0	15.0	4.0	
50.0	1.0	2.0	1857.0	1857.0	1880.0	23.0	11.0	1.0	4.0	4.0	
51.0	1.0	2.0	1857.0	1857.0	1880.0	23.0	66.0	4.0	12.0	5.0	
52.0	1.0	2.0	1857.0	1857.0	1880.0	23.0	50.0	3.0	9.0	1.0	
53.0	0.0	2.0	1857.0	1857.0	1878.0	21.0	97.0	5.0	9.0	3.0	
54.0	0.0	2.0	1857.0	1857.0	1878.0	21.0	100.0	5.0	14.0	1.0	
55.0	0.0	2.0	1857.0	1857.0	1878.0	21.0	84.0	5.0	12.0	2.0	
56.0	0.0	2.0	1857.0	1857.0	1878.0	21.0	87.0	5.0	5.0	5.0	
57.0	1.0	2.0	1857.0	1857.0	1880.0	23.0	54.0	3.0	10.0	5.0	
58.0	1.0	2.0	1857.0	1857.0	1880.0	23.0	71.0	4.0	11.0	3.0	
59.0	1.0	2.0	1857.0	1857.0	1880.0	23.0	43.0	3.0	13.0	1.0	
60.0	1.0	2.0	1857.0	1857.0	1880.0	23.0	49.0	3.0	12.0	1.0	
61.0	1.0	2.0	1857.0	1857.0	1880.0	23.0	90.0	5.0	4.0	1.0	
62.0	1.0	2.0	1857.0	1857.0	1880.0	23.0	48.0	3.0	13.0	4.0	
63.0	1.0	2.0	1857.0	1857.0	1880.0	23.0	74.0	4.0	1.0	3.0	
64.0	1.0	2.0	1857.0	1857.0	1880.0	23.0	60.0	3.0	3.0	3.0	
65.0	1.0	2.0	1857.0	1857.0	1880.0	23.0	73.0	4.0	13.0	3.0	
66.0	1.0	2.0	1857.0	1857.0	1880.0	23.0	46.0	3.0	14.0	3.0	
67.0	1.0	2.0	1857.0	1857.0	1880.0	23.0	8.0	1.0	15.0	3.0	
68.0	1.0	2.0	1857.0	1857.0	1880.0	23.0	53.0	3.0	12.0	3.0	
69.0	1.0	2.0	1857.0	1857.0	1880.0	23.0	70.0	4.0	11.0	5.0	
70.0	0.0	2.0	1857.0	1857.0	1878.0	21.0	88.0	5.0	4.0	3.0	
71.0	0.0	2.0	1857.0	1857.0	1878.0	21.0	91.0	5.0	9.0	5.0	
72.0	0.0	2.0	1857.0	1857.0	1878.0	21.0	95.0	5.0	8.0	5.0	
73.0	0.0	2.0	1857.0	1857.0	1878.0	21.0	99.0	5.0	12.0	3.0	
74.0	0.0	2.0	1857.0	1857.0	1878.0	21.0	81.0	5.0	3.0	4.0	
75.0	1.0	2.0	1857.0	1857.0	1880.0	23.0	60.0	3.0	3.0	3.0	
76.0	1.0	2.0	1857.0	1857.0	1880.0	23.0	51.0	3.0	2.0	3.0	
77.0	1.0	2.0	1857.0	1857.0	1880.0	23.0	58.0	3.0	11.0	4.0	
78.0	0.0	2.0	1857.0	1857.0	1878.0	21.0	93.0	5.0	4.0	5.0	
79.0	1.0	2.0	1857.0	1857.0	1880.0	23.0	44.0	3.0	3.0	5.0	
80.0	1.0	2.0	1857.0	1857.0	1880.0	23.0	41.0	3.0	15.0	4.0	
81.0	1.0	2.0	1857.0	1857.0	1880.0	23.0	71.0	4.0	11.0	3.0	
82.0	1.0	2.0	1857.0	1857.0	1880.0	23.0	57.0	3.0	14.0	3.0	
83.0	0.0	2.0	1857.0	1857.0	1878.0	21.0	89.0	5.0	14.0	2.0	
84.0	0.0	2.0	1857.0	1857.0	1878.0	21.0	90.0	5.0	4.0	1.0	
85.0	1.0	2.0	1857.0	1857.0	1880.0	23.0	79.0	4.0	7.0	3.0	
86.0	1.0	2.0	1857.0	1857.0	1880.0	23.0	69.0	4.0	12.0	2.0	
87.0	1.0	2.0	1857.0	1857.0	1880.0	23.0	25.0	2.0	12.0	2.0	
88.0	1.0	2.0	1857.0	1857.0	1880.0	23.0	72.0	4.0	11.0	2.0	
89.0	0.0	2.0	1857.0	1857.0	1878.0	21.0	87.0	5.0	5.0	5.0	
90.0	0.0	2.0	1857.0	1857.0	1878.0	21.0	89.0	5.0	14.0	2.0	
91.0	0.0	2.0	1857.0	1857.0	1878.0	21.0	91.0	5.0	9.0	5.0	
92.0	0.0	2.0	1857.0	1857.0	1878.0	21.0	96.0	5.0	15.0	3.0	
93.0	1.0	2.0	1857.0	1857.0	1880.0	23.0	72.0	4.0	11.0	2.0	
94.0	1.0	2.0	1857.0	1857.0	1880.0	23.0	52.0	3.0	4.0	3.0	
95.0	1.0	2.0	1857.0	1857.0	1880.0	23.0	45.0	3.0	5.0	4.0	
96.0	1.0	2.0	1857.0	1857.0	1880.0	23.0	45.0	3.0	5.0	4.0	
97.0	1.0	2.0	1857.0	1857.0	1880.0	23.0	73.0	4.0	13.0	3.0	
98.0	1.0	2.0	1857.0	1857.0	1880.0	23.0	68.0	4.0	5.0	3.0	
99.0	1.0	2.0	1857.0	1857.0	1880.0	23.0	58.0	3.0	11.0	4.0	
100.0	1.0	2.0	1857.0	1857.0	1880.0	23.0	44.0	3.0	3.0	5.0	
101.0	1.0	2.0	1857.0	1857.0	1880.0	23.0	61.0	4.0	12.0	4.0	
102.0	1.0	2.0	1857.0	1857.0	1880.0	23.0	52.0	3.0	4.0	3.0	
103.0	1.0	2.0	1857.0	1857.0	1880.0	23.0	31.0	2.0	8.0	1.0	
104.0	1.0	2.0	1857.0	1857.0	1880.0	23.0	67.0	4.0	3.0	3.0	
105.0	1.0	2.0	1857.0	1857.0	1880.0	23.0	73.0	4.0	13.0	3.0	
106.0	1.0	2.0	1857.0	1857.0	1880.0	23.0	48.0	3.0	13.0	4.0	
107.0	1.0	2.0	1857.0	1857.0	1880.0	23.0	65.0	4.0	11.0	2.0	
108.0	1.0	2.0	1857.0	1857.0	1880.0	23.0	51.0	3.0	2.0	3.0	
109.0	1.0	2.0	1857.0	1857.0	1880.0	23.0	72.0	4.0	11.0	2.0	
110.0	0.0	2.0	1872.0	1872.0	1893.0	21.0	88.0	5.0	4.0	3.0	
111.0	1.0	2.0	1857.0	1857.0	1880.0	23.0	70.0	4.0	11.0	5.0	
112.0	1.0	2.0	1857.0	1857.0	1880.0	23.0	68.0	4.0	5.0	3.0	
113.0	1.0	2.0	1857.0	1857.0	1880.0	23.0	76.0	4.0	6.0	4.0	
114.0	1.0	2.0	1857.0	1857.0	1880.0	23.0	73.0	4.0	13.0	3.0	
115.0	1.0	2.0	1857.0	1857.0	1880.0	23.0	46.0	3.0	14.0	3.0	
116.0	1.0	2.0	1857.0	1857.0	1880.0	23.0	69.0	4.0	12.0	2.0	
117.0	0.0	2.0	1872.0	1872.0	1893.0	21.0	89.0	5.0	14.0	2.0	
118.0	1.0	2.0	1857.0	1857.0	1880.0	23.0	49.0	3.0	12.0	1.0	
119.0	1.0	2.0	1857.0	1857.0	1880.0	23.0	67.0	4.0	3.0	3.0	
120.0	0.0	2.0	1872.0	1872.0	1893.0	21.0	98.0	5.0	15.0	2.0	
121.0	0.0	2.0	1872.0	1872.0	1893.0	21.0	81.0	5.0	3.0	4.0	
122.0	1.0	2.0	1857.0	1857.0	1880.0	23.0	56.0	3.0	13.0	5.0	
123.0	1.0	2.0	1873.0	1873.0	1896.0	23.0	26.0	2.0	1.0	2.0	
124.0	1.0	2.0	1857.0	1857.0	1880.0	23.0	78.0	4.0	8.0	1.0	
125.0	0.0	2.0	1872.0	1872.0	1893.0	21.0	95.0	5.0	8.0	5.0	
126.0	0.0	2.0	1872.0	1872.0	1893.0	21.0	96.0	5.0	15.0	3.0	
127.0	0.0	2.0	1872.0	1872.0	1893.0	21.0	100.0	5.0	14.0	1.0	
128.0	0.0	2.0	1872.0	1872.0	1893.0	21.0	82.0	5.0	6.0	2.0	
129.0	1.0	2.0	1857.0	1857.0	1880.0	23.0	73.0	4.0	13.0	3.0	
130.0	0.0	2.0	1872.0	1872.0	1893.0	21.0	90.0	5.0	4.0	1.0	
131.0	1.0	2.0	1857.0	1857.0	1880.0	23.0	77.0	4.0	8.0	2.0	
132.0	0.0	2.0	1872.0	1872.0	1893.0	21.0	95.0	5.0	8.0	5.0	
133.0	1.0	2.0	1857.0	1857.0	1880.0	23.0	79.0	4.0	7.0	3.0	
134.0	0.0	2.0	1872.0	1872.0	1893.0	21.0	81.0	5.0	3.0	4.0	
135.0	1.0	2.0	1857.0	1857.0	1880.0	23.0	71.0	4.0	11.0	3.0	
136.0	1.0	2.0	1874.0	1874.0	1897.0	23.0	67.0	4.0	3.0	3.0	
137.0	0.0	2.0	1872.0	1872.0	1893.0	21.0	90.0	5.0	4.0	1.0	
138.0	0.0	2.0	1872.0	1872.0	1893.0	21.0	93.0	5.0	4.0	5.0	
139.0	0.0	2.0	1872.0	1872.0	1893.0	21.0	97.0	5.0	9.0	3.0	
140.0	0.0	2.0	1872.0	1872.0	1893.0	21.0	98.0	5.0	15.0	2.0	
141.0	0.0	2.0	1875.0	1875.0	1896.0	21.0	82.0	5.0	6.0	2.0	
142.0	0.0	2.0	1872.0	1872.0	1893.0	21.0	85.0	5.0	3.0	5.0	
143.0	1.0	2.0	1874.0	1874.0	1897.0	23.0	61.0	4.0	12.0	4.0	
144.0	0.0	2.0	1874.0	1874.0	1895.0	21.0	92.0	5.0	10.0	4.0	
145.0	1.0	2.0	1874.0	1874.0	1897.0	23.0	17.0	1.0	11.0	4.0	
146.0	0.0	2.0	1872.0	1872.0	1893.0	21.0	96.0	5.0	15.0	3.0	
147.0	0.0	2.0	1872.0	1872.0	1893.0	21.0	99.0	5.0	12.0	3.0	
148.0	1.0	2.0	1874.0	1874.0	1897.0	23.0	14.0	1.0	13.0	5.0	
149.0	1.0	2.0	1873.0	1873.0	1896.0	23.0	66.0	4.0	12.0	5.0	
150.0	1.0	2.0	1872.0	1872.0	1895.0	23.0	97.0	5.0	9.0	3.0	
151.0	0.0	2.0	1878.0	1878.0	1899.0	21.0	91.0	5.0	9.0	5.0	
152.0	0.0	2.0	1878.0	1878.0	1899.0	21.0	95.0	5.0	8.0	5.0	
153.0	1.0	2.0	1874.0	1874.0	1897.0	23.0	73.0	4.0	13.0	3.0	
154.0	1.0	2.0	1874.0	1874.0	1897.0	23.0	55.0	3.0	6.0	4.0	
155.0	1.0	2.0	1874.0	1874.0	1897.0	23.0	30.0	2.0	14.0	1.0	
156.0	1.0	2.0	1874.0	1874.0	1897.0	23.0	9.0	1.0	15.0	5.0	
157.0	1.0	2.0	1862.0	1862.0	1885.0	23.0	20.0	1.0	4.0	5.0	
158.0	1.0	2.0	1857.0	1857.0	1880.0	23.0	63.0	4.0	15.0	1.0	
159.0	1.0	2.0	1874.0	1874.0	1897.0	23.0	67.0	4.0	3.0	3.0	
160.0	0.0	2.0	1878.0	1878.0	1899.0	21.0	99.0	5.0	12.0	3.0	
161.0	1.0	2.0	1874.0	1874.0	1897.0	23.0	15.0	1.0	11.0	1.0	
162.0	1.0	2.0	1874.0	1874.0	1897.0	23.0	63.0	4.0	15.0	1.0	
163.0	1.0	2.0	1874.0	1874.0	1897.0	23.0	41.0	3.0	15.0	4.0	
164.0	1.0	2.0	1873.0	1873.0	1896.0	23.0	69.0	4.0	12.0	2.0	
165.0	1.0	2.0	1874.0	1874.0	1897.0	23.0	80.0	4.0	3.0	1.0	
166.0	0.0	2.0	1878.0	1878.0	1899.0	21.0	96.0	5.0	15.0	3.0	
167.0	0.0	2.0	1878.0	1878.0	1899.0	21.0	81.0	5.0	3.0	4.0	
168.0	1.0	2.0	1874.0	1874.0	1897.0	23.0	46.0	3.0	14.0	3.0	
169.0	1.0	2.0	1874.0	1874.0	1897.0	23.0	51.0	3.0	2.0	3.0	
170.0	1.0	2.0	1874.0	1874.0	1897.0	23.0	13.0	1.0	3.0	1.0	
171.0	1.0	2.0	1874.0	1874.0	1897.0	23.0	36.0	2.0	15.0	4.0	
172.0	1.0	2.0	1874.0	1874.0	1897.0	23.0	78.0	4.0	8.0	1.0	
173.0	1.0	2.0	1874.0	1874.0	1897.0	23.0	65.0	4.0	11.0	2.0	
174.0	1.0	2.0	1874.0	1874.0	1897.0	23.0	62.0	4.0	7.0	4.0	
175.0	0.0	2.0	1878.0	1878.0	1899.0	21.0	85.0	5.0	3.0	5.0	
176.0	1.0	2.0	1874.0	1874.0	1897.0	23.0	53.0	3.0	12.0	3.0	
177.0	0.0	2.0	1878.0	1878.0	1899.0	21.0	89.0	5.0	14.0	2.0	
178.0	0.0	2.0	1878.0	1878.0	1899.0	21.0	94.0	5.0	13.0	1.0	
179.0	0.0	2.0	1878.0	1878.0	1899.0	21.0	96.0	5.0	15.0	3.0	
180.0	0.0	2.0	1880.0	1880.0	1901.0	21.0	98.0	5.0	15.0	2.0	
181.0	0.0	2.0	1878.0	1878.0	1899.0	21.0	81.0	5.0	3.0	4.0	
182.0	0.0	2.0	1878.0	1878.0	1899.0	21.0	86.0	5.0	15.0	4.0	
183.0	0.0	2.0	1875.0	1875.0	1896.0	21.0	88.0	5.0	4.0	3.0	
184.0	0.0	2.0	1878.0	1878.0	1899.0	21.0	90.0	5.0	4.0	1.0	
185.0	1.0	2.0	1874.0	1874.0	1897.0	23.0	54.0	3.0	10.0	5.0	
186.0	1.0	2.0	1880.0	1880.0	1903.0	23.0	74.0	4.0	1.0	3.0	
187.0	1.0	2.0	1880.0	1880.0	1903.0	23.0	62.0	4.0	7.0	4.0	
188.0	0.0	2.0	1878.0	1878.0	1899.0	21.0	82.0	5.0	6.0	2.0	
189.0	1.0	2.0	1874.0	1874.0	1897.0	23.0	47.0	3.0	15.0	5.0	
190.0	1.0	2.0	1874.0	1874.0	1897.0	23.0	78.0	4.0	8.0	1.0	
191.0	0.0	2.0	1878.0	1878.0	1899.0	21.0	93.0	5.0	4.0	5.0	
192.0	0.0	2.0	1878.0	1878.0	1899.0	21.0	94.0	5.0	13.0	1.0	
193.0	0.0	2.0	1878.0	1878.0	1899.0	21.0	97.0	5.0	9.0	3.0	
194.0	1.0	2.0	1874.0	1874.0	1897.0	23.0	62.0	4.0	7.0	4.0	
195.0	1.0	2.0	1874.0	1874.0	1897.0	23.0	47.0	3.0	15.0	5.0	
196.0	0.0	2.0	1878.0	1878.0	1899.0	21.0	88.0	5.0	4.0	3.0	
197.0	0.0	2.0	1878.0	1878.0	1899.0	21.0	90.0	5.0	4.0	1.0	
198.0	1.0	2.0	1874.0	1874.0	1897.0	23.0	55.0	3.0	6.0	4.0	
199.0	0.0	2.0	1878.0	1878.0	1899.0	21.0	95.0	5.0	8.0	5.0	
200.0	1.0	2.0	1878.0	1878.0	1901.0	23.0	64.0	4.0	4.0	2.0	
201.0	1.0	2.0	1874.0	1874.0	1897.0	23.0	70.0	4.0	11.0	5.0	
202.0	0.0	2.0	1878.0	1878.0	1899.0	21.0	85.0	5.0	3.0	5.0	
203.0	0.0	2.0	1878.0	1878.0	1899.0	21.0	88.0	5.0	4.0	3.0	
204.0	0.0	2.0	1878.0	1878.0	1899.0	21.0	92.0	5.0	10.0	4.0	
205.0	1.0	2.0	1857.0	1857.0	1880.0	23.0	34.0	2.0	14.0	1.0	
206.0	0.0	2.0	1878.0	1878.0	1899.0	21.0	97.0	5.0	9.0	3.0	
207.0	0.0	2.0	1878.0	1878.0	1899.0	21.0	81.0	5.0	3.0	4.0	
208.0	0.0	2.0	1878.0	1878.0	1899.0	21.0	82.0	5.0	6.0	2.0	
209.0	0.0	2.0	1878.0	1878.0	1899.0	21.0	85.0	5.0	3.0	5.0	
210.0	0.0	2.0	1878.0	1878.0	1899.0	21.0	88.0	5.0	4.0	3.0	
211.0	0.0	2.0	1878.0	1878.0	1899.0	21.0	92.0	5.0	10.0	4.0	
212.0	0.0	2.0	1878.0	1878.0	1899.0	21.0	94.0	5.0	13.0	1.0	
213.0	0.0	2.0	1878.0	1878.0	1899.0	21.0	97.0	5.0	9.0	3.0	
214.0	0.0	2.0	1878.0	1878.0	1899.0	21.0	81.0	5.0	3.0	4.0	
215.0	0.0	2.0	1878.0	1878.0	1899.0	21.0	83.0	5.0	5.0	1.0	
216.0	1.0	2.0	1874.0	1874.0	1897.0	23.0	76.0	4.0	6.0	4.0	
217.0	1.0	2.0	1880.0	1880.0	1903.0	23.0	22.0	2.0	6.0	2.0	
218.0	0.0	2.0	1878.0	1878.0	1899.0	21.0	94.0	5.0	13.0	1.0	
219.0	1.0	2.0	1880.0	1880.0	1903.0	23.0	76.0	4.0	6.0	4.0	
220.0	0.0	2.0	1854.0	1854.0	1875.0	21.0	100.0	5.0	14.0	1.0	
221.0	0.0	2.0	1854.0	1854.0	1875.0	21.0	82.0	5.0	6.0	2.0	
222.0	0.0	2.0	1854.0	1854.0	1875.0	21.0	85.0	5.0	3.0	5.0	
223.0	0.0	2.0	1854.0	1854.0	1875.0	21.0	88.0	5.0	4.0	3.0	
224.0	0.0	2.0	1854.0	1854.0	1875.0	21.0	91.0	5.0	9.0	5.0	
225.0	1.0	2.0	1857.0	1857.0	1880.0	23.0	77.0	4.0	8.0	2.0	
226.0	0.0	2.0	1854.0	1854.0	1875.0	21.0	97.0	5.0	9.0	3.0	
227.0	1.0	2.0	1880.0	1880.0	1903.0	23.0	60.0	3.0	3.0	3.0	
228.0	0.0	2.0	1854.0	1854.0	1875.0	21.0	83.0	5.0	5.0	1.0	
229.0	0.0	2.0	1854.0	1854.0	1875.0	21.0	86.0	5.0	15.0	4.0	
230.0	1.0	2.0	1880.0	1880.0	1903.0	23.0	57.0	3.0	14.0	3.0	
231.0	1.0	2.0	1880.0	1880.0	1903.0	23.0	62.0	4.0	7.0	4.0	
232.0	0.0	2.0	1878.0	1878.0	1899.0	21.0	94.0	5.0	13.0	1.0	
233.0	0.0	2.0	1878.0	1878.0	1899.0	21.0	98.0	5.0	15.0	2.0	
234.0	0.0	2.0	1878.0	1878.0	1899.0	21.0	82.0	5.0	6.0	2.0	
235.0	0.0	2.0	1878.0	1878.0	1899.0	21.0	83.0	5.0	5.0	1.0	
236.0	0.0	2.0	1878.0	1878.0	1899.0	21.0	86.0	5.0	15.0	4.0	
237.0	1.0	2.0	1880.0	1880.0	1903.0	23.0	44.0	3.0	3.0	5.0	
238.0	0.0	2.0	1878.0	1878.0	1899.0	21.0	94.0	5.0	13.0	1.0	
239.0	1.0	2.0	1880.0	1880.0	1903.0	23.0	39.0	2.0	14.0	2.0	
240.0	0.0	2.0	1878.0	1878.0	1899.0	21.0	98.0	5.0	15.0	2.0	
241.0	0.0	2.0	1878.0	1878.0	1899.0	21.0	82.0	5.0	6.0	2.0	
242.0	0.0	2.0	1878.0	1878.0	1899.0	21.0	84.0	5.0	12.0	2.0	
243.0	1.0	2.0	1874.0	1874.0	1897.0	23.0	43.0	3.0	13.0	1.0	
244.0	1.0	2.0	1880.0	1880.0	1903.0	23.0	46.0	3.0	14.0	3.0	
245.0	0.0	2.0	1887.0	1887.0	1908.0	21.0	93.0	5.0	4.0	5.0	
246.0	1.0	2.0	1880.0	1880.0	1903.0	23.0	76.0	4.0	6.0	4.0	
247.0	1.0	2.0	1880.0	1880.0	1903.0	23.0	41.0	3.0	15.0	4.0	
248.0	0.0	2.0	1878.0	1878.0	1899.0	21.0	83.0	5.0	5.0	1.0	
249.0	0.0	2.0	1878.0	1878.0	1899.0	21.0	86.0	5.0	15.0	4.0	
250.0	1.0	2.0	1880.0	1880.0	1903.0	23.0	57.0	3.0	14.0	3.0	
251.0	0.0	2.0	1878.0	1878.0	1899.0	21.0	92.0	5.0	10.0	4.0	
252.0	1.0	2.0	1880.0	1880.0	1903.0	23.0	43.0	3.0	13.0	1.0	
253.0	1.0	2.0	1880.0	1880.0	1903.0	23.0	73.0	4.0	13.0	3.0	
254.0	1.0	2.0	1878.0	1878.0	1901.0	23.0	83.0	5.0	5.0	1.0	
255.0	1.0	2.0	1857.0	1857.0	1880.0	23.0	76.0	4.0	6.0	4.0	
256.0	0.0	2.0	1878.0	1878.0	1899.0	21.0	86.0	5.0	15.0	4.0	
257.0	0.0	2.0	1887.0	1887.0	1908.0	21.0	89.0	5.0	14.0	2.0	
258.0	1.0	2.0	1880.0	1880.0	1903.0	23.0	48.0	3.0	13.0	4.0	
259.0	1.0	2.0	1880.0	1880.0	1903.0	23.0	66.0	4.0	12.0	5.0	
260.0	1.0	2.0	1880.0	1880.0	1903.0	23.0	11.0	1.0	4.0	4.0	
261.0	1.0	2.0	1880.0	1880.0	1903.0	23.0	50.0	3.0	9.0	1.0	
262.0	1.0	2.0	1880.0	1880.0	1903.0	23.0	53.0	3.0	12.0	3.0	
263.0	0.0	2.0	1878.0	1878.0	1899.0	21.0	87.0	5.0	5.0	5.0	
264.0	0.0	2.0	1887.0	1887.0	1908.0	21.0	90.0	5.0	4.0	1.0	
265.0	1.0	2.0	1880.0	1880.0	1903.0	23.0	45.0	3.0	5.0	4.0	
266.0	1.0	2.0	1880.0	1880.0	1903.0	23.0	31.0	2.0	8.0	1.0	
267.0	1.0	2.0	1880.0	1880.0	1903.0	23.0	71.0	4.0	11.0	3.0	
268.0	0.0	2.0	1887.0	1887.0	1908.0	21.0	82.0	5.0	6.0	2.0	
269.0	1.0	2.0	1880.0	1880.0	1903.0	23.0	52.0	3.0	4.0	3.0	
270.0	0.0	2.0	1887.0	1887.0	1908.0	21.0	88.0	5.0	4.0	3.0	
271.0	0.0	2.0	1887.0	1887.0	1908.0	21.0	91.0	5.0	9.0	5.0	
272.0	0.0	2.0	1887.0	1887.0	1908.0	21.0	94.0	5.0	13.0	1.0	
273.0	0.0	2.0	1887.0	1887.0	1908.0	21.0	97.0	5.0	9.0	3.0	
274.0	1.0	2.0	1880.0	1880.0	1903.0	23.0	55.0	3.0	6.0	4.0	
275.0	0.0	2.0	1887.0	1887.0	1908.0	21.0	83.0	5.0	5.0	1.0	
276.0	0.0	2.0	1887.0	1887.0	1908.0	21.0	86.0	5.0	15.0	4.0	
277.0	1.0	2.0	1880.0	1880.0	1903.0	23.0	8.0	1.0	15.0	3.0	
278.0	1.0	2.0	1880.0	1880.0	1903.0	23.0	52.0	3.0	4.0	3.0	
279.0	0.0	2.0	1887.0	1887.0	1908.0	21.0	96.0	5.0	15.0	3.0	
280.0	1.0	2.0	1862.0	1862.0	1885.0	23.0	6.0	1.0	7.0	1.0	
281.0	0.0	2.0	1887.0	1887.0	1908.0	21.0	81.0	5.0	3.0	4.0	
282.0	1.0	2.0	1880.0	1880.0	1903.0	23.0	1.0	1.0	11.0	3.0	
283.0	0.0	2.0	1887.0	1887.0	1908.0	21.0	89.0	5.0	14.0	2.0	
284.0	0.0	2.0	1887.0	1887.0	1908.0	21.0	91.0	5.0	9.0	5.0	
285.0	0.0	2.0	1887.0	1887.0	1908.0	21.0	93.0	5.0	4.0	5.0	
286.0	1.0	2.0	1880.0	1880.0	1903.0	23.0	60.0	3.0	3.0	3.0	
287.0	1.0	2.0	1880.0	1880.0	1903.0	23.0	74.0	4.0	1.0	3.0	
288.0	0.0	2.0	1887.0	1887.0	1908.0	21.0	84.0	5.0	12.0	2.0	
289.0	0.0	2.0	1887.0	1887.0	1908.0	21.0	87.0	5.0	5.0	5.0	
290.0	0.0	2.0	1887.0	1887.0	1908.0	21.0	89.0	5.0	14.0	2.0	
291.0	0.0	2.0	1887.0	1887.0	1908.0	21.0	91.0	5.0	9.0	5.0	
292.0	0.0	2.0	1887.0	1887.0	1908.0	21.0	94.0	5.0	13.0	1.0	
293.0	0.0	2.0	1887.0	1887.0	1908.0	21.0	98.0	5.0	15.0	2.0	
294.0	1.0	2.0	1879.0	1879.0	1902.0	23.0	3.0	1.0	6.0	4.0	
295.0	0.0	2.0	1887.0	1887.0	1908.0	21.0	85.0	5.0	3.0	5.0	
296.0	0.0	2.0	1887.0	1887.0	1908.0	21.0	86.0	5.0	15.0	4.0	
297.0	1.0	2.0	1874.0	1874.0	1897.0	23.0	44.0	3.0	3.0	5.0	
298.0	0.0	2.0	1887.0	1887.0	1908.0	21.0	93.0	5.0	4.0	5.0	
299.0	0.0	2.0	1887.0	1887.0	1908.0	21.0	97.0	5.0	9.0	3.0	
300.0	0.0	2.0	1887.0	1887.0	1908.0	21.0	99.0	5.0	12.0	3.0	
301.0	0.0	2.0	1887.0	1887.0	1908.0	21.0	81.0	5.0	3.0	4.0	
302.0	0.0	2.0	1887.0	1887.0	1908.0	21.0	84.0	5.0	12.0	2.0	
303.0	0.0	2.0	1887.0	1887.0	1908.0	21.0	89.0	5.0	14.0	2.0	
304.0	0.0	2.0	1887.0	1887.0	1908.0	21.0	91.0	5.0	9.0	5.0	
305.0	0.0	2.0	1887.0	1887.0	1908.0	21.0	94.0	5.0	13.0	1.0	
306.0	0.0	2.0	1887.0	1887.0	1908.0	21.0	97.0	5.0	9.0	3.0	
307.0	1.0	2.0	1880.0	1880.0	1903.0	23.0	78.0	4.0	8.0	1.0	
308.0	1.0	2.0	1885.0	1885.0	1908.0	23.0	6.0	1.0	7.0	1.0	
309.0	0.0	2.0	1887.0	1887.0	1908.0	21.0	85.0	5.0	3.0	5.0	
310.0	0.0	2.0	1887.0	1887.0	1908.0	21.0	88.0	5.0	4.0	3.0	
311.0	0.0	2.0	1887.0	1887.0	1908.0	21.0	92.0	5.0	10.0	4.0	
312.0	0.0	2.0	1887.0	1887.0	1908.0	21.0	95.0	5.0	8.0	5.0	
313.0	0.0	2.0	1887.0	1887.0	1908.0	21.0	99.0	5.0	12.0	3.0	
314.0	0.0	2.0	1887.0	1887.0	1908.0	21.0	100.0	5.0	14.0	1.0	
315.0	1.0	2.0	1885.0	1885.0	1908.0	23.0	72.0	4.0	11.0	2.0	
316.0	0.0	2.0	1887.0	1887.0	1908.0	21.0	87.0	5.0	5.0	5.0	
317.0	0.0	2.0	1887.0	1887.0	1908.0	21.0	90.0	5.0	4.0	1.0	
318.0	0.0	2.0	1887.0	1887.0	1908.0	21.0	93.0	5.0	4.0	5.0	
319.0	0.0	2.0	1887.0	1887.0	1908.0	21.0	96.0	5.0	15.0	3.0	
320.0	0.0	2.0	1887.0	1887.0	1908.0	21.0	100.0	5.0	14.0	1.0	
321.0	0.0	2.0	1887.0	1887.0	1908.0	21.0	83.0	5.0	5.0	1.0	
322.0	0.0	2.0	1887.0	1887.0	1908.0	21.0	85.0	5.0	3.0	5.0	
323.0	1.0	2.0	1880.0	1880.0	1903.0	23.0	64.0	4.0	4.0	2.0	
324.0	1.0	2.0	1880.0	1880.0	1903.0	23.0	65.0	4.0	11.0	2.0	
325.0	0.0	2.0	1887.0	1887.0	1908.0	21.0	94.0	5.0	13.0	1.0	
326.0	0.0	2.0	1887.0	1887.0	1908.0	21.0	98.0	5.0	15.0	2.0	
327.0	0.0	2.0	1887.0	1887.0	1908.0	21.0	99.0	5.0	12.0	3.0	
328.0	0.0	2.0	1887.0	1887.0	1908.0	21.0	82.0	5.0	6.0	2.0	
329.0	0.0	2.0	1887.0	1887.0	1908.0	21.0	87.0	5.0	5.0	5.0	
330.0	0.0	2.0	1887.0	1887.0	1908.0	21.0	89.0	5.0	14.0	2.0	
331.0	1.0	2.0	1874.0	1874.0	1897.0	23.0	28.0	2.0	8.0	1.0	
332.0	0.0	2.0	1887.0	1887.0	1908.0	21.0	94.0	5.0	13.0	1.0	
333.0	0.0	2.0	1887.0	1887.0	1908.0	21.0	97.0	5.0	9.0	3.0	
334.0	0.0	2.0	1887.0	1887.0	1908.0	21.0	100.0	5.0	14.0	1.0	
335.0	0.0	2.0	1887.0	1887.0	1908.0	21.0	83.0	5.0	5.0	1.0	
336.0	0.0	2.0	1893.0	1893.0	1914.0	21.0	88.0	5.0	4.0	3.0	
337.0	0.0	2.0	1887.0	1887.0	1908.0	21.0	91.0	5.0	9.0	5.0	
338.0	1.0	2.0	1891.0	1891.0	1914.0	23.0	67.0	4.0	3.0	3.0	
339.0	0.0	2.0	1887.0	1887.0	1908.0	21.0	95.0	5.0	8.0	5.0	
340.0	0.0	2.0	1887.0	1887.0	1908.0	21.0	99.0	5.0	12.0	3.0	
341.0	0.0	2.0	1887.0	1887.0	1908.0	21.0	81.0	5.0	3.0	4.0	
342.0	0.0	2.0	1887.0	1887.0	1908.0	21.0	86.0	5.0	15.0	4.0	
343.0	0.0	2.0	1887.0	1887.0	1908.0	21.0	89.0	5.0	14.0	2.0	
344.0	0.0	2.0	1887.0	1887.0	1908.0	21.0	92.0	5.0	10.0	4.0	
345.0	0.0	2.0	1891.0	1891.0	1912.0	21.0	95.0	5.0	8.0	5.0	
346.0	0.0	2.0	1887.0	1887.0	1908.0	21.0	96.0	5.0	15.0	3.0	
347.0	0.0	2.0	1887.0	1887.0	1908.0	21.0	99.0	5.0	12.0	3.0	
348.0	0.0	2.0	1887.0	1887.0	1908.0	21.0	82.0	5.0	6.0	2.0	
349.0	0.0	2.0	1893.0	1893.0	1914.0	21.0	85.0	5.0	3.0	5.0	
350.0	0.0	2.0	1887.0	1887.0	1908.0	21.0	90.0	5.0	4.0	1.0	
351.0	0.0	2.0	1893.0	1893.0	1914.0	21.0	91.0	5.0	9.0	5.0	
352.0	0.0	2.0	1893.0	1893.0	1914.0	21.0	95.0	5.0	8.0	5.0	
353.0	0.0	2.0	1887.0	1887.0	1908.0	21.0	98.0	5.0	15.0	2.0	
354.0	1.0	2.0	1887.0	1887.0	1910.0	23.0	84.0	5.0	12.0	2.0	
355.0	0.0	2.0	1890.0	1890.0	1911.0	21.0	83.0	5.0	5.0	1.0	
356.0	0.0	2.0	1893.0	1893.0	1914.0	21.0	88.0	5.0	4.0	3.0	
357.0	1.0	2.0	1880.0	1880.0	1903.0	23.0	63.0	4.0	15.0	1.0	
358.0	1.0	2.0	1891.0	1891.0	1914.0	23.0	68.0	4.0	5.0	3.0	
359.0	0.0	2.0	1890.0	1890.0	1911.0	21.0	97.0	5.0	9.0	3.0	
360.0	0.0	2.0	1887.0	1887.0	1908.0	21.0	100.0	5.0	14.0	1.0	
361.0	1.0	2.0	1880.0	1880.0	1903.0	23.0	61.0	4.0	12.0	4.0	
362.0	1.0	2.0	1891.0	1891.0	1914.0	23.0	4.0	1.0	9.0	4.0	
363.0	1.0	2.0	1893.0	1893.0	1916.0	23.0	97.0	5.0	9.0	3.0	
364.0	0.0	2.0	1893.0	1893.0	1914.0	21.0	90.0	5.0	4.0	1.0	
365.0	0.0	2.0	1893.0	1893.0	1914.0	21.0	93.0	5.0	4.0	5.0	
366.0	0.0	2.0	1893.0	1893.0	1914.0	21.0	98.0	5.0	15.0	2.0	
367.0	0.0	2.0	1887.0	1887.0	1908.0	21.0	81.0	5.0	3.0	4.0	
368.0	0.0	2.0	1887.0	1887.0	1908.0	21.0	82.0	5.0	6.0	2.0	
369.0	0.0	2.0	1895.0	1895.0	1916.0	21.0	87.0	5.0	5.0	5.0	
370.0	1.0	2.0	1891.0	1891.0	1914.0	23.0	25.0	2.0	12.0	2.0	
371.0	1.0	2.0	1897.0	1897.0	1920.0	23.0	67.0	4.0	3.0	3.0	
372.0	0.0	2.0	1893.0	1893.0	1914.0	21.0	95.0	5.0	8.0	5.0	
373.0	0.0	2.0	1893.0	1893.0	1914.0	21.0	99.0	5.0	12.0	3.0	
374.0	0.0	2.0	1890.0	1890.0	1911.0	21.0	100.0	5.0	14.0	1.0	
375.0	0.0	2.0	1893.0	1893.0	1914.0	21.0	83.0	5.0	5.0	1.0	
376.0	1.0	2.0	1897.0	1897.0	1920.0	23.0	16.0	1.0	14.0	2.0	
377.0	1.0	2.0	1897.0	1897.0	1920.0	23.0	53.0	3.0	12.0	3.0	
378.0	1.0	2.0	1891.0	1891.0	1914.0	23.0	68.0	4.0	5.0	3.0	
379.0	1.0	2.0	1891.0	1891.0	1914.0	23.0	79.0	4.0	7.0	3.0	
380.0	0.0	2.0	1893.0	1893.0	1914.0	21.0	100.0	5.0	14.0	1.0	
381.0	1.0	2.0	1891.0	1891.0	1914.0	23.0	2.0	1.0	14.0	1.0	
382.0	0.0	2.0	1893.0	1893.0	1914.0	21.0	84.0	5.0	12.0	2.0	
383.0	1.0	2.0	1891.0	1891.0	1914.0	23.0	80.0	4.0	3.0	1.0	
384.0	1.0	2.0	1897.0	1897.0	1920.0	23.0	72.0	4.0	11.0	2.0	
385.0	1.0	2.0	1895.0	1895.0	1918.0	23.0	70.0	4.0	11.0	5.0	
386.0	0.0	2.0	1895.0	1895.0	1916.0	21.0	97.0	5.0	9.0	3.0	
387.0	0.0	2.0	1857.0	1857.0	1878.0	21.0	81.0	5.0	3.0	4.0	
388.0	0.0	2.0	1893.0	1893.0	1914.0	21.0	82.0	5.0	6.0	2.0	
389.0	1.0	2.0	1895.0	1895.0	1918.0	23.0	70.0	4.0	11.0	5.0	
390.0	0.0	2.0	1886.0	1886.0	1907.0	21.0	89.0	5.0	14.0	2.0	
391.0	1.0	2.0	1897.0	1897.0	1920.0	23.0	70.0	4.0	11.0	5.0	
392.0	1.0	2.0	1897.0	1897.0	1920.0	23.0	47.0	3.0	15.0	5.0	
393.0	1.0	2.0	1897.0	1897.0	1920.0	23.0	78.0	4.0	8.0	1.0	
394.0	0.0	2.0	1896.0	1896.0	1917.0	21.0	82.0	5.0	6.0	2.0	
395.0	1.0	2.0	1897.0	1897.0	1920.0	23.0	70.0	4.0	11.0	5.0	
396.0	1.0	2.0	1897.0	1897.0	1920.0	23.0	54.0	3.0	10.0	5.0	
397.0	1.0	2.0	1895.0	1895.0	1918.0	23.0	75.0	4.0	8.0	5.0	
398.0	1.0	2.0	1897.0	1897.0	1920.0	23.0	18.0	1.0	2.0	5.0	
399.0	1.0	2.0	1903.0	1903.0	1926.0	23.0	31.0	2.0	8.0	1.0	
400.0	1.0	2.0	1895.0	1895.0	1918.0	23.0	62.0	4.0	7.0	4.0	
401.0	1.0	2.0	1891.0	1891.0	1914.0	23.0	28.0	2.0	8.0	1.0	
402.0	1.0	2.0	1897.0	1897.0	1920.0	23.0	68.0	4.0	5.0	3.0	
403.0	0.0	2.0	1899.0	1899.0	1920.0	21.0	88.0	5.0	4.0	3.0	
404.0	1.0	2.0	1896.0	1896.0	1919.0	23.0	66.0	4.0	12.0	5.0	
405.0	1.0	2.0	1897.0	1897.0	1920.0	23.0	44.0	3.0	3.0	5.0	
406.0	1.0	2.0	1897.0	1897.0	1920.0	23.0	48.0	3.0	13.0	4.0	
407.0	0.0	2.0	1908.0	1908.0	1929.0	21.0	100.0	5.0	14.0	1.0	
408.0	1.0	2.0	1895.0	1895.0	1918.0	23.0	65.0	4.0	11.0	2.0	
409.0	1.0	2.0	1895.0	1895.0	1918.0	23.0	68.0	4.0	5.0	3.0	
410.0	1.0	2.0	1891.0	1891.0	1914.0	23.0	77.0	4.0	8.0	2.0	
411.0	1.0	2.0	1897.0	1897.0	1920.0	23.0	36.0	2.0	15.0	4.0	
412.0	1.0	2.0	1891.0	1891.0	1914.0	23.0	46.0	3.0	14.0	3.0	
413.0	1.0	2.0	1895.0	1895.0	1918.0	23.0	64.0	4.0	4.0	2.0	
414.0	1.0	2.0	1890.0	1890.0	1913.0	23.0	61.0	4.0	12.0	4.0	
415.0	1.0	2.0	1897.0	1897.0	1920.0	23.0	37.0	2.0	5.0	2.0	
416.0	1.0	2.0	1897.0	1897.0	1920.0	23.0	17.0	1.0	11.0	4.0	
417.0	1.0	2.0	1897.0	1897.0	1920.0	23.0	47.0	3.0	15.0	5.0	
418.0	0.0	2.0	1899.0	1899.0	1920.0	21.0	92.0	5.0	10.0	4.0	
419.0	1.0	2.0	1901.0	1901.0	1924.0	23.0	37.0	2.0	5.0	2.0	
420.0	1.0	2.0	1894.0	1894.0	1917.0	23.0	67.0	4.0	3.0	3.0	
421.0	1.0	2.0	1895.0	1895.0	1918.0	23.0	64.0	4.0	4.0	2.0	
422.0	1.0	2.0	1897.0	1897.0	1920.0	23.0	46.0	3.0	14.0	3.0	
423.0	1.0	2.0	1895.0	1895.0	1918.0	23.0	74.0	4.0	1.0	3.0	
424.0	0.0	2.0	1899.0	1899.0	1920.0	21.0	90.0	5.0	4.0	1.0	
425.0	0.0	2.0	1899.0	1899.0	1920.0	21.0	94.0	5.0	13.0	1.0	
426.0	1.0	2.0	1895.0	1895.0	1918.0	23.0	80.0	4.0	3.0	1.0	
427.0	1.0	2.0	1906.0	1906.0	1929.0	23.0	54.0	3.0	10.0	5.0	
428.0	0.0	2.0	1893.0	1893.0	1914.0	21.0	84.0	5.0	12.0	2.0	
429.0	1.0	2.0	1908.0	1908.0	1931.0	23.0	95.0	5.0	8.0	5.0	
430.0	1.0	2.0	1891.0	1891.0	1914.0	23.0	31.0	2.0	8.0	1.0	
431.0	0.0	2.0	1899.0	1899.0	1920.0	21.0	91.0	5.0	9.0	5.0	
432.0	1.0	2.0	1879.0	1879.0	1902.0	23.0	75.0	4.0	8.0	5.0	
433.0	1.0	2.0	1896.0	1896.0	1919.0	23.0	26.0	2.0	1.0	2.0	
434.0	1.0	2.0	1901.0	1901.0	1924.0	23.0	30.0	2.0	14.0	1.0	
435.0	0.0	2.0	1899.0	1899.0	1920.0	21.0	84.0	5.0	12.0	2.0	
436.0	0.0	2.0	1899.0	1899.0	1920.0	21.0	86.0	5.0	15.0	4.0	
437.0	1.0	2.0	1897.0	1897.0	1920.0	23.0	62.0	4.0	7.0	4.0	
438.0	0.0	2.0	1899.0	1899.0	1920.0	21.0	92.0	5.0	10.0	4.0	
439.0	0.0	2.0	1899.0	1899.0	1920.0	21.0	97.0	5.0	9.0	3.0	
440.0	1.0	2.0	1903.0	1903.0	1926.0	23.0	45.0	3.0	5.0	4.0	
441.0	1.0	2.0	1897.0	1897.0	1920.0	23.0	71.0	4.0	11.0	3.0	
442.0	1.0	2.0	1897.0	1897.0	1920.0	23.0	77.0	4.0	8.0	2.0	
443.0	1.0	2.0	1899.0	1899.0	1922.0	23.0	94.0	5.0	13.0	1.0	
444.0	1.0	2.0	1903.0	1903.0	1926.0	23.0	1.0	1.0	11.0	3.0	
445.0	1.0	2.0	1895.0	1895.0	1918.0	23.0	67.0	4.0	3.0	3.0	
446.0	0.0	2.0	1906.0	1906.0	1927.0	21.0	96.0	5.0	15.0	3.0	
447.0	0.0	2.0	1899.0	1899.0	1920.0	21.0	81.0	5.0	3.0	4.0	
448.0	1.0	2.0	1896.0	1896.0	1919.0	23.0	23.0	2.0	7.0	3.0	
449.0	0.0	2.0	1913.0	1913.0	1934.0	21.0	86.0	5.0	15.0	4.0	
450.0	1.0	2.0	1901.0	1901.0	1924.0	23.0	39.0	2.0	14.0	2.0	
451.0	1.0	2.0	1903.0	1903.0	1926.0	23.0	42.0	3.0	4.0	1.0	
452.0	0.0	2.0	1899.0	1899.0	1920.0	21.0	94.0	5.0	13.0	1.0	
453.0	1.0	2.0	1891.0	1891.0	1914.0	23.0	12.0	1.0	5.0	3.0	
454.0	0.0	2.0	1899.0	1899.0	1920.0	21.0	81.0	5.0	3.0	4.0	
455.0	0.0	2.0	1899.0	1899.0	1920.0	21.0	83.0	5.0	5.0	1.0	
456.0	0.0	2.0	1899.0	1899.0	1920.0	21.0	86.0	5.0	15.0	4.0	
457.0	0.0	2.0	1899.0	1899.0	1920.0	21.0	89.0	5.0	14.0	2.0	
458.0	0.0	2.0	1895.0	1895.0	1916.0	21.0	61.0	4.0	12.0	4.0	
459.0	0.0	2.0	1857.0	1857.0	1878.0	21.0	64.0	4.0	4.0	2.0	
460.0	0.0	2.0	1903.0	1903.0	1924.0	21.0	69.0	4.0	12.0	2.0	
461.0	0.0	2.0	1895.0	1895.0	1916.0	21.0	72.0	4.0	11.0	2.0	
462.0	0.0	2.0	1895.0	1895.0	1916.0	21.0	75.0	4.0	8.0	5.0	
463.0	0.0	2.0	1895.0	1895.0	1916.0	21.0	77.0	4.0	8.0	2.0	
464.0	1.0	2.0	1897.0	1897.0	1920.0	23.0	51.0	3.0	2.0	3.0	
465.0	0.0	2.0	1895.0	1895.0	1916.0	21.0	63.0	4.0	15.0	1.0	
466.0	0.0	2.0	1895.0	1895.0	1916.0	21.0	66.0	4.0	12.0	5.0	
467.0	0.0	2.0	1895.0	1895.0	1916.0	21.0	68.0	4.0	5.0	3.0	
468.0	0.0	2.0	1895.0	1895.0	1916.0	21.0	71.0	4.0	11.0	3.0	
469.0	1.0	2.0	1883.0	1883.0	1906.0	23.0	54.0	3.0	10.0	5.0	
470.0	0.0	2.0	1895.0	1895.0	1916.0	21.0	77.0	4.0	8.0	2.0	
471.0	0.0	2.0	1895.0	1895.0	1916.0	21.0	80.0	4.0	3.0	1.0	
472.0	0.0	2.0	1895.0	1895.0	1916.0	21.0	65.0	4.0	11.0	2.0	
473.0	0.0	2.0	1895.0	1895.0	1916.0	21.0	66.0	4.0	12.0	5.0	
474.0	0.0	2.0	1895.0	1895.0	1916.0	21.0	71.0	4.0	11.0	3.0	
475.0	0.0	2.0	1895.0	1895.0	1916.0	21.0	73.0	4.0	13.0	3.0	
476.0	0.0	2.0	1895.0	1895.0	1916.0	21.0	76.0	4.0	6.0	4.0	
477.0	1.0	2.0	1903.0	1903.0	1926.0	23.0	62.0	4.0	7.0	4.0	
478.0	0.0	2.0	1895.0	1895.0	1916.0	21.0	62.0	4.0	7.0	4.0	
479.0	0.0	2.0	1895.0	1895.0	1916.0	21.0	64.0	4.0	4.0	2.0	
480.0	0.0	2.0	1895.0	1895.0	1916.0	21.0	68.0	4.0	5.0	3.0	
481.0	0.0	2.0	1903.0	1903.0	1924.0	21.0	71.0	4.0	11.0	3.0	
482.0	0.0	2.0	1895.0	1895.0	1916.0	21.0	74.0	4.0	1.0	3.0	
483.0	0.0	2.0	1895.0	1895.0	1916.0	21.0	76.0	4.0	6.0	4.0	
484.0	0.0	2.0	1903.0	1903.0	1924.0	21.0	80.0	4.0	3.0	1.0	
485.0	0.0	2.0	1895.0	1895.0	1916.0	21.0	63.0	4.0	15.0	1.0	
486.0	0.0	2.0	1897.0	1897.0	1918.0	21.0	65.0	4.0	11.0	2.0	
487.0	1.0	2.0	1903.0	1903.0	1926.0	23.0	8.0	1.0	15.0	3.0	
488.0	1.0	2.0	1899.0	1899.0	1922.0	23.0	82.0	5.0	6.0	2.0	
489.0	1.0	2.0	1901.0	1901.0	1924.0	23.0	40.0	2.0	11.0	3.0	
490.0	1.0	2.0	1908.0	1908.0	1931.0	23.0	7.0	1.0	11.0	1.0	
491.0	1.0	2.0	1912.0	1912.0	1935.0	23.0	79.0	4.0	7.0	3.0	
492.0	0.0	2.0	1901.0	1901.0	1922.0	21.0	64.0	4.0	4.0	2.0	
493.0	1.0	2.0	1901.0	1901.0	1924.0	23.0	24.0	2.0	14.0	4.0	
494.0	1.0	2.0	1903.0	1903.0	1926.0	23.0	50.0	3.0	9.0	1.0	
495.0	0.0	2.0	1903.0	1903.0	1924.0	21.0	74.0	4.0	1.0	3.0	
496.0	0.0	2.0	1903.0	1903.0	1924.0	21.0	76.0	4.0	6.0	4.0	
497.0	1.0	2.0	1908.0	1908.0	1931.0	23.0	82.0	5.0	6.0	2.0	
498.0	1.0	2.0	1912.0	1912.0	1935.0	23.0	69.0	4.0	12.0	2.0	
499.0	1.0	2.0	1901.0	1901.0	1924.0	23.0	22.0	2.0	6.0	2.0	
500.0	1.0	2.0	1903.0	1903.0	1926.0	23.0	52.0	3.0	4.0	3.0	
501.0	0.0	2.0	1903.0	1903.0	1924.0	21.0	71.0	4.0	11.0	3.0	
502.0	0.0	2.0	1903.0	1903.0	1924.0	21.0	75.0	4.0	8.0	5.0	
503.0	0.0	2.0	1903.0	1903.0	1924.0	21.0	76.0	4.0	6.0	4.0	
504.0	1.0	2.0	1910.0	1910.0	1933.0	23.0	98.0	5.0	15.0	2.0	
505.0	1.0	2.0	1914.0	1914.0	1937.0	23.0	30.0	2.0	14.0	1.0	
506.0	0.0	2.0	1903.0	1903.0	1924.0	21.0	65.0	4.0	11.0	2.0	
507.0	0.0	2.0	1912.0	1912.0	1933.0	21.0	69.0	4.0	12.0	2.0	
508.0	0.0	2.0	1908.0	1908.0	1929.0	21.0	72.0	4.0	11.0	2.0	
509.0	0.0	2.0	1903.0	1903.0	1924.0	21.0	75.0	4.0	8.0	5.0	
510.0	1.0	2.0	1900.0	1900.0	1923.0	23.0	48.0	3.0	13.0	4.0	
511.0	1.0	2.0	1912.0	1912.0	1935.0	23.0	73.0	4.0	13.0	3.0	
512.0	0.0	2.0	1903.0	1903.0	1924.0	21.0	65.0	4.0	11.0	2.0	
513.0	0.0	2.0	1903.0	1903.0	1924.0	21.0	66.0	4.0	12.0	5.0	
514.0	1.0	2.0	1908.0	1908.0	1931.0	23.0	57.0	3.0	14.0	3.0	
515.0	0.0	2.0	1912.0	1912.0	1933.0	21.0	73.0	4.0	13.0	3.0	
516.0	0.0	2.0	1914.0	1914.0	1935.0	21.0	77.0	4.0	8.0	2.0	
517.0	0.0	2.0	1914.0	1914.0	1935.0	21.0	80.0	4.0	3.0	1.0	
518.0	0.0	2.0	1913.0	1913.0	1934.0	21.0	61.0	4.0	12.0	4.0	
519.0	0.0	2.0	1903.0	1903.0	1924.0	21.0	65.0	4.0	11.0	2.0	
520.0	1.0	2.0	1903.0	1903.0	1926.0	23.0	22.0	2.0	6.0	2.0	
521.0	0.0	2.0	1912.0	1912.0	1933.0	21.0	72.0	4.0	11.0	2.0	
522.0	0.0	2.0	1912.0	1912.0	1933.0	21.0	74.0	4.0	1.0	3.0	
523.0	0.0	2.0	1903.0	1903.0	1924.0	21.0	78.0	4.0	8.0	1.0	
524.0	1.0	2.0	1903.0	1903.0	1926.0	23.0	11.0	1.0	4.0	4.0	
525.0	1.0	2.0	1914.0	1914.0	1937.0	23.0	34.0	2.0	14.0	1.0	
526.0	1.0	2.0	1911.0	1911.0	1934.0	23.0	83.0	5.0	5.0	1.0	
527.0	1.0	2.0	1902.0	1902.0	1925.0	23.0	20.0	1.0	4.0	5.0	
528.0	1.0	2.0	1914.0	1914.0	1937.0	23.0	97.0	5.0	9.0	3.0	
529.0	0.0	2.0	1914.0	1914.0	1935.0	21.0	74.0	4.0	1.0	3.0	
530.0	1.0	2.0	1914.0	1914.0	1937.0	23.0	15.0	1.0	11.0	1.0	
531.0	0.0	2.0	1916.0	1916.0	1937.0	21.0	62.0	4.0	7.0	4.0	
532.0	0.0	2.0	1916.0	1916.0	1937.0	21.0	63.0	4.0	15.0	1.0	
533.0	0.0	2.0	1912.0	1912.0	1933.0	21.0	67.0	4.0	3.0	3.0	
534.0	0.0	2.0	1916.0	1916.0	1937.0	21.0	71.0	4.0	11.0	3.0	
535.0	0.0	2.0	1916.0	1916.0	1937.0	21.0	73.0	4.0	13.0	3.0	
536.0	0.0	2.0	1914.0	1914.0	1935.0	21.0	76.0	4.0	6.0	4.0	
537.0	1.0	2.0	1914.0	1914.0	1937.0	23.0	53.0	3.0	12.0	3.0	
538.0	1.0	2.0	1906.0	1906.0	1929.0	23.0	95.0	5.0	8.0	5.0	
539.0	0.0	2.0	1916.0	1916.0	1937.0	21.0	66.0	4.0	12.0	5.0	
540.0	1.0	2.0	1903.0	1903.0	1926.0	23.0	41.0	3.0	15.0	4.0	
541.0	1.0	2.0	1914.0	1914.0	1937.0	23.0	14.0	1.0	13.0	5.0	
542.0	1.0	2.0	1914.0	1914.0	1937.0	23.0	40.0	2.0	11.0	3.0	
543.0	0.0	2.0	1918.0	1918.0	1939.0	21.0	77.0	4.0	8.0	2.0	
544.0	1.0	2.0	1879.0	1879.0	1902.0	23.0	51.0	3.0	2.0	3.0	
545.0	1.0	2.0	1914.0	1914.0	1937.0	23.0	46.0	3.0	14.0	3.0	
546.0	0.0	2.0	1914.0	1914.0	1935.0	21.0	67.0	4.0	3.0	3.0	
547.0	1.0	2.0	1906.0	1906.0	1929.0	23.0	96.0	5.0	15.0	3.0	
548.0	0.0	2.0	1916.0	1916.0	1937.0	21.0	71.0	4.0	11.0	3.0	
549.0	0.0	2.0	1916.0	1916.0	1937.0	21.0	74.0	4.0	1.0	3.0	
550.0	1.0	2.0	1908.0	1908.0	1931.0	23.0	81.0	5.0	3.0	4.0	
551.0	1.0	2.0	1914.0	1914.0	1937.0	23.0	31.0	2.0	8.0	1.0	
552.0	0.0	2.0	1916.0	1916.0	1937.0	21.0	64.0	4.0	4.0	2.0	
553.0	0.0	2.0	1916.0	1916.0	1937.0	21.0	68.0	4.0	5.0	3.0	
554.0	1.0	2.0	1914.0	1914.0	1937.0	23.0	100.0	5.0	14.0	1.0	
555.0	1.0	2.0	1916.0	1916.0	1939.0	23.0	97.0	5.0	9.0	3.0	
556.0	0.0	2.0	1916.0	1916.0	1937.0	21.0	77.0	4.0	8.0	2.0	
557.0	0.0	2.0	1897.0	1897.0	1918.0	21.0	80.0	4.0	3.0	1.0	
558.0	0.0	2.0	1918.0	1918.0	1939.0	21.0	61.0	4.0	12.0	4.0	
559.0	0.0	2.0	1916.0	1916.0	1937.0	21.0	65.0	4.0	11.0	2.0	
560.0	1.0	2.0	1916.0	1916.0	1939.0	23.0	80.0	4.0	3.0	1.0	
561.0	1.0	2.0	1914.0	1914.0	1937.0	23.0	28.0	2.0	8.0	1.0	
562.0	0.0	2.0	1897.0	1897.0	1918.0	21.0	73.0	4.0	13.0	3.0	
563.0	0.0	2.0	1918.0	1918.0	1939.0	21.0	78.0	4.0	8.0	1.0	
564.0	0.0	2.0	1897.0	1897.0	1918.0	21.0	80.0	4.0	3.0	1.0	
565.0	0.0	2.0	1918.0	1918.0	1939.0	21.0	62.0	4.0	7.0	4.0	
566.0	1.0	2.0	1914.0	1914.0	1937.0	23.0	4.0	1.0	9.0	4.0	
567.0	0.0	2.0	1916.0	1916.0	1937.0	21.0	68.0	4.0	5.0	3.0	
568.0	1.0	2.0	1908.0	1908.0	1931.0	23.0	94.0	5.0	13.0	1.0	
569.0	0.0	2.0	1917.0	1917.0	1938.0	21.0	75.0	4.0	8.0	5.0	
570.0	1.0	2.0	1908.0	1908.0	1931.0	23.0	82.0	5.0	6.0	2.0	
571.0	1.0	2.0	1897.0	1897.0	1920.0	23.0	38.0	2.0	5.0	5.0	
572.0	0.0	2.0	1918.0	1918.0	1939.0	21.0	64.0	4.0	4.0	2.0	
573.0	1.0	2.0	1914.0	1914.0	1937.0	23.0	47.0	3.0	15.0	5.0	
574.0	0.0	2.0	1918.0	1918.0	1939.0	21.0	70.0	4.0	11.0	5.0	
575.0	0.0	2.0	1914.0	1914.0	1935.0	21.0	73.0	4.0	13.0	3.0	
576.0	0.0	2.0	1918.0	1918.0	1939.0	21.0	75.0	4.0	8.0	5.0	
577.0	0.0	2.0	1914.0	1914.0	1935.0	21.0	79.0	4.0	7.0	3.0	
578.0	0.0	2.0	1918.0	1918.0	1939.0	21.0	62.0	4.0	7.0	4.0	
579.0	1.0	2.0	1908.0	1908.0	1931.0	23.0	10.0	1.0	15.0	1.0	
580.0	1.0	2.0	1914.0	1914.0	1937.0	23.0	59.0	3.0	9.0	4.0	
581.0	1.0	2.0	1916.0	1916.0	1939.0	23.0	97.0	5.0	9.0	3.0	
582.0	1.0	2.0	1916.0	1916.0	1939.0	23.0	66.0	4.0	12.0	5.0	
583.0	0.0	2.0	1920.0	1920.0	1941.0	21.0	78.0	4.0	8.0	1.0	
584.0	0.0	2.0	1918.0	1918.0	1939.0	21.0	80.0	4.0	3.0	1.0	
585.0	1.0	2.0	1912.0	1912.0	1935.0	23.0	84.0	5.0	12.0	2.0	
586.0	1.0	2.0	1897.0	1897.0	1920.0	23.0	54.0	3.0	10.0	5.0	
587.0	0.0	2.0	1918.0	1918.0	1939.0	21.0	68.0	4.0	5.0	3.0	
588.0	0.0	2.0	1918.0	1918.0	1939.0	21.0	72.0	4.0	11.0	2.0	
589.0	0.0	2.0	1918.0	1918.0	1939.0	21.0	74.0	4.0	1.0	3.0	
590.0	0.0	2.0	1920.0	1920.0	1941.0	21.0	77.0	4.0	8.0	2.0	
591.0	0.0	2.0	1920.0	1920.0	1941.0	21.0	61.0	4.0	12.0	4.0	
592.0	0.0	2.0	1918.0	1918.0	1939.0	21.0	64.0	4.0	4.0	2.0	
593.0	0.0	2.0	1917.0	1917.0	1938.0	21.0	67.0	4.0	3.0	3.0	
594.0	0.0	2.0	1918.0	1918.0	1939.0	21.0	70.0	4.0	11.0	5.0	
595.0	0.0	2.0	1918.0	1918.0	1939.0	21.0	72.0	4.0	11.0	2.0	
596.0	1.0	2.0	1920.0	1920.0	1943.0	23.0	80.0	4.0	3.0	1.0	
597.0	1.0	2.0	1920.0	1920.0	1943.0	23.0	45.0	3.0	5.0	4.0	
598.0	1.0	2.0	1918.0	1918.0	1941.0	23.0	29.0	2.0	2.0	5.0	
599.0	1.0	2.0	1908.0	1908.0	1931.0	23.0	24.0	2.0	14.0	4.0	
600.0	0.0	2.0	1918.0	1918.0	1939.0	21.0	67.0	4.0	3.0	3.0	
601.0	0.0	2.0	1920.0	1920.0	1941.0	21.0	70.0	4.0	11.0	5.0	
602.0	1.0	2.0	1914.0	1914.0	1937.0	23.0	55.0	3.0	6.0	4.0	
603.0	1.0	2.0	1920.0	1920.0	1943.0	23.0	66.0	4.0	12.0	5.0	
604.0	1.0	2.0	1920.0	1920.0	1943.0	23.0	37.0	2.0	5.0	2.0	
605.0	1.0	2.0	1919.0	1919.0	1942.0	23.0	51.0	3.0	2.0	3.0	
606.0	1.0	2.0	1918.0	1918.0	1941.0	23.0	36.0	2.0	15.0	4.0	
607.0	0.0	2.0	1920.0	1920.0	1941.0	21.0	68.0	4.0	5.0	3.0	
608.0	0.0	2.0	1918.0	1918.0	1939.0	21.0	73.0	4.0	13.0	3.0	
609.0	0.0	2.0	1920.0	1920.0	1941.0	21.0	74.0	4.0	1.0	3.0	
610.0	1.0	2.0	1920.0	1920.0	1943.0	23.0	62.0	4.0	7.0	4.0	
611.0	0.0	2.0	1920.0	1920.0	1941.0	21.0	62.0	4.0	7.0	4.0	
612.0	1.0	2.0	1919.0	1919.0	1942.0	23.0	23.0	2.0	7.0	3.0	
613.0	0.0	2.0	1919.0	1919.0	1940.0	21.0	66.0	4.0	12.0	5.0	
614.0	1.0	2.0	1914.0	1914.0	1937.0	23.0	46.0	3.0	14.0	3.0	
615.0	0.0	2.0	1920.0	1920.0	1941.0	21.0	74.0	4.0	1.0	3.0	
616.0	1.0	2.0	1893.0	1893.0	1916.0	23.0	90.0	5.0	4.0	1.0	
617.0	1.0	2.0	1924.0	1924.0	1947.0	23.0	45.0	3.0	5.0	4.0	
618.0	1.0	2.0	1922.0	1922.0	1945.0	23.0	64.0	4.0	4.0	2.0	
619.0	1.0	2.0	1912.0	1912.0	1935.0	23.0	58.0	3.0	11.0	4.0	
620.0	0.0	2.0	1920.0	1920.0	1941.0	21.0	67.0	4.0	3.0	3.0	
621.0	0.0	2.0	1920.0	1920.0	1941.0	21.0	71.0	4.0	11.0	3.0	
622.0	0.0	2.0	1924.0	1924.0	1945.0	21.0	75.0	4.0	8.0	5.0	
623.0	1.0	2.0	1923.0	1923.0	1946.0	23.0	95.0	5.0	8.0	5.0	
624.0	0.0	2.0	1924.0	1924.0	1945.0	21.0	80.0	4.0	3.0	1.0	
625.0	1.0	2.0	1938.0	1939.0	1962.0	23.0	81.0	5.0	3.0	4.0	
626.0	0.0	2.0	1924.0	1924.0	1945.0	21.0	65.0	4.0	11.0	2.0	
627.0	1.0	2.0	1919.0	1919.0	1942.0	23.0	94.0	5.0	13.0	1.0	
628.0	0.0	2.0	1920.0	1920.0	1941.0	21.0	72.0	4.0	11.0	2.0	
629.0	0.0	2.0	1924.0	1924.0	1945.0	21.0	75.0	4.0	8.0	5.0	
630.0	1.0	2.0	1920.0	1920.0	1943.0	23.0	51.0	3.0	2.0	3.0	
631.0	1.0	2.0	1920.0	1920.0	1943.0	23.0	89.0	5.0	14.0	2.0	
632.0	1.0	2.0	1912.0	1912.0	1935.0	23.0	59.0	3.0	9.0	4.0	
633.0	0.0	2.0	1924.0	1924.0	1945.0	21.0	66.0	4.0	12.0	5.0	
634.0	1.0	2.0	1920.0	1920.0	1943.0	23.0	17.0	1.0	11.0	4.0	
635.0	1.0	2.0	1922.0	1922.0	1945.0	23.0	85.0	5.0	3.0	5.0	
636.0	0.0	2.0	1925.0	1925.0	1946.0	21.0	77.0	4.0	8.0	2.0	
637.0	0.0	2.0	1929.0	1929.0	1950.0	21.0	78.0	4.0	8.0	1.0	
638.0	1.0	2.0	1908.0	1908.0	1931.0	23.0	34.0	2.0	14.0	1.0	
639.0	0.0	2.0	1926.0	1926.0	1947.0	21.0	66.0	4.0	12.0	5.0	
640.0	1.0	2.0	1924.0	1924.0	1947.0	23.0	24.0	2.0	14.0	4.0	
641.0	1.0	2.0	1912.0	1912.0	1935.0	23.0	92.0	5.0	10.0	4.0	
642.0	0.0	2.0	1929.0	1929.0	1950.0	21.0	73.0	4.0	13.0	3.0	
643.0	1.0	2.0	1914.0	1914.0	1937.0	23.0	2.0	1.0	14.0	1.0	
644.0	0.0	2.0	1933.0	1933.0	1954.0	21.0	80.0	4.0	3.0	1.0	
645.0	1.0	2.0	1929.0	1929.0	1952.0	23.0	99.0	5.0	12.0	3.0	
646.0	1.0	2.0	1924.0	1924.0	1947.0	23.0	33.0	2.0	14.0	1.0	
647.0	0.0	2.0	1920.0	1920.0	1941.0	21.0	70.0	4.0	11.0	5.0	
648.0	0.0	2.0	1924.0	1924.0	1945.0	21.0	71.0	4.0	11.0	3.0	
649.0	1.0	2.0	1926.0	1926.0	1949.0	23.0	52.0	3.0	4.0	3.0	
650.0	1.0	2.0	1931.0	1931.0	1954.0	23.0	41.0	3.0	15.0	4.0	
651.0	1.0	2.0	1920.0	1920.0	1943.0	23.0	47.0	3.0	15.0	5.0	
652.0	1.0	2.0	1920.0	1920.0	1943.0	23.0	46.0	3.0	14.0	3.0	
653.0	1.0	2.0	1924.0	1924.0	1947.0	23.0	33.0	2.0	14.0	1.0	
654.0	0.0	2.0	1926.0	1926.0	1947.0	21.0	70.0	4.0	11.0	5.0	
655.0	1.0	2.0	1927.0	1927.0	1950.0	23.0	89.0	5.0	14.0	2.0	
656.0	0.0	2.0	1929.0	1929.0	1950.0	21.0	76.0	4.0	6.0	4.0	
657.0	1.0	2.0	1931.0	1931.0	1954.0	23.0	99.0	5.0	12.0	3.0	
658.0	1.0	2.0	1929.0	1929.0	1952.0	23.0	69.0	4.0	12.0	2.0	
659.0	0.0	2.0	1937.0	1937.0	1958.0	21.0	66.0	4.0	12.0	5.0	
660.0	0.0	2.0	1930.0	1930.0	1951.0	21.0	69.0	4.0	12.0	2.0	
661.0	1.0	2.0	1914.0	1914.0	1937.0	23.0	97.0	5.0	9.0	3.0	
662.0	0.0	2.0	1933.0	1933.0	1954.0	21.0	73.0	4.0	13.0	3.0	
663.0	1.0	2.0	1922.0	1922.0	1945.0	23.0	94.0	5.0	13.0	1.0	
664.0	1.0	2.0	1904.0	1904.0	1927.0	23.0	84.0	5.0	12.0	2.0	
665.0	1.0	2.0	1925.0	1925.0	1948.0	23.0	59.0	3.0	9.0	4.0	
666.0	1.0	2.0	1919.0	1919.0	1942.0	23.0	90.0	5.0	4.0	1.0	
667.0	0.0	2.0	1926.0	1926.0	1947.0	21.0	70.0	4.0	11.0	5.0	
668.0	0.0	2.0	1931.0	1931.0	1952.0	21.0	72.0	4.0	11.0	2.0	
669.0	1.0	2.0	1923.0	1923.0	1946.0	23.0	81.0	5.0	3.0	4.0	
670.0	1.0	2.0	1929.0	1929.0	1952.0	23.0	95.0	5.0	8.0	5.0	
671.0	1.0	2.0	1929.0	1929.0	1952.0	23.0	88.0	5.0	4.0	3.0	
672.0	1.0	2.0	1916.0	1916.0	1939.0	23.0	96.0	5.0	15.0	3.0	
673.0	0.0	2.0	1931.0	1931.0	1952.0	21.0	68.0	4.0	5.0	3.0	
674.0	1.0	2.0	1920.0	1920.0	1943.0	23.0	92.0	5.0	10.0	4.0	
675.0	1.0	2.0	1929.0	1929.0	1952.0	23.0	98.0	5.0	15.0	2.0	
676.0	0.0	2.0	1933.0	1933.0	1954.0	21.0	75.0	4.0	8.0	5.0	
677.0	0.0	2.0	1933.0	1933.0	1954.0	21.0	80.0	4.0	3.0	1.0	
678.0	1.0	2.0	1919.0	1919.0	1942.0	23.0	83.0	5.0	5.0	1.0	
679.0	1.0	2.0	1920.0	1920.0	1943.0	23.0	54.0	3.0	10.0	5.0	
680.0	1.0	2.0	1857.0	1857.0	1880.0	23.0	98.0	5.0	15.0	2.0	
681.0	1.0	2.0	1914.0	1914.0	1937.0	23.0	83.0	5.0	5.0	1.0	
682.0	0.0	2.0	1933.0	1933.0	1954.0	21.0	74.0	4.0	1.0	3.0	
683.0	0.0	2.0	1935.0	1935.0	1956.0	21.0	77.0	4.0	8.0	2.0	
684.0	0.0	2.0	1934.0	1934.0	1955.0	21.0	61.0	4.0	12.0	4.0	
685.0	1.0	2.0	1912.0	1912.0	1935.0	23.0	90.0	5.0	4.0	1.0	
686.0	0.0	2.0	1937.0	1937.0	1958.0	21.0	65.0	4.0	11.0	2.0	
687.0	1.0	2.0	1926.0	1926.0	1949.0	23.0	100.0	5.0	14.0	1.0	
688.0	0.0	2.0	1935.0	1935.0	1956.0	21.0	73.0	4.0	13.0	3.0	
689.0	1.0	2.0	1935.0	1935.0	1958.0	23.0	86.0	5.0	15.0	4.0	
690.0	1.0	2.0	1938.0	1939.0	1962.0	23.0	97.0	5.0	9.0	3.0	
691.0	1.0	2.0	1920.0	1920.0	1943.0	23.0	18.0	1.0	2.0	5.0	
692.0	1.0	2.0	1937.0	1937.0	1960.0	23.0	31.0	2.0	8.0	1.0	
693.0	1.0	2.0	1920.0	1920.0	1943.0	23.0	36.0	2.0	15.0	4.0	
694.0	0.0	2.0	1935.0	1935.0	1956.0	21.0	69.0	4.0	12.0	2.0	
695.0	1.0	2.0	1938.0	1938.0	1961.0	23.0	89.0	5.0	14.0	2.0	
696.0	1.0	2.0	1931.0	1931.0	1954.0	23.0	81.0	5.0	3.0	4.0	
697.0	1.0	2.0	1931.0	1931.0	1954.0	23.0	89.0	5.0	14.0	2.0	
698.0	1.0	2.0	1929.0	1929.0	1952.0	23.0	54.0	3.0	10.0	5.0	
699.0	1.0	2.0	1938.0	1938.0	1961.0	23.0	82.0	5.0	6.0	2.0	
700.0	0.0	2.0	1903.0	1903.0	1924.0	21.0	68.0	4.0	5.0	3.0	
701.0	0.0	2.0	1903.0	1903.0	1924.0	21.0	72.0	4.0	11.0	2.0	
702.0	0.0	2.0	1903.0	1903.0	1924.0	21.0	73.0	4.0	13.0	3.0	
703.0	1.0	2.0	1919.0	1919.0	1942.0	23.0	88.0	5.0	4.0	3.0	
704.0	1.0	2.0	1890.0	1890.0	1913.0	23.0	86.0	5.0	15.0	4.0	
705.0	0.0	2.0	1903.0	1903.0	1924.0	21.0	63.0	4.0	15.0	1.0	
706.0	0.0	2.0	1903.0	1903.0	1924.0	21.0	65.0	4.0	11.0	2.0	
707.0	0.0	2.0	1903.0	1903.0	1924.0	21.0	68.0	4.0	5.0	3.0	
708.0	0.0	2.0	1903.0	1903.0	1924.0	21.0	72.0	4.0	11.0	2.0	
709.0	0.0	2.0	1937.0	1937.0	1958.0	21.0	75.0	4.0	8.0	5.0	
710.0	1.0	2.0	1938.0	1938.0	1961.0	23.0	97.0	5.0	9.0	3.0	
711.0	1.0	2.0	1903.0	1903.0	1926.0	23.0	60.0	3.0	3.0	3.0	
712.0	0.0	2.0	1903.0	1903.0	1924.0	21.0	64.0	4.0	4.0	2.0	
713.0	0.0	2.0	1903.0	1903.0	1924.0	21.0	66.0	4.0	12.0	5.0	
714.0	0.0	2.0	1903.0	1903.0	1924.0	21.0	69.0	4.0	12.0	2.0	
715.0	1.0	2.0	1924.0	1924.0	1947.0	23.0	40.0	2.0	11.0	3.0	
716.0	1.0	2.0	1937.0	1937.0	1960.0	23.0	14.0	1.0	13.0	5.0	
717.0	1.0	2.0	1925.0	1925.0	1948.0	23.0	90.0	5.0	4.0	1.0	
718.0	1.0	2.0	1903.0	1903.0	1926.0	23.0	57.0	3.0	14.0	3.0	
719.0	1.0	2.0	1929.0	1929.0	1952.0	23.0	96.0	5.0	15.0	3.0	
720.0	0.0	2.0	1938.0	1938.0	1959.0	21.0	67.0	4.0	3.0	3.0	
721.0	0.0	2.0	1939.0	1939.0	1960.0	21.0	72.0	4.0	11.0	2.0	
722.0	1.0	2.0	1937.0	1937.0	1960.0	23.0	46.0	3.0	14.0	3.0	
723.0	1.0	2.0	1937.0	1937.0	1960.0	23.0	47.0	3.0	15.0	5.0	
724.0	1.0	2.0	1935.0	1935.0	1958.0	23.0	43.0	3.0	13.0	1.0	
725.0	0.0	2.0	1926.0	1926.0	1947.0	21.0	62.0	4.0	7.0	4.0	
726.0	1.0	2.0	1937.0	1937.0	1960.0	23.0	4.0	1.0	9.0	4.0	
727.0	1.0	2.0	1918.0	1918.0	1941.0	23.0	38.0	2.0	5.0	5.0	
728.0	0.0	2.0	1926.0	1926.0	1947.0	21.0	71.0	4.0	11.0	3.0	
729.0	1.0	2.0	1935.0	1935.0	1958.0	23.0	91.0	5.0	9.0	5.0	
730.0	0.0	2.0	1941.0	1941.0	1962.0	21.0	79.0	4.0	7.0	3.0	
731.0	0.0	2.0	1935.0	1935.0	1956.0	21.0	61.0	4.0	12.0	4.0	
732.0	0.0	2.0	1939.0	1939.0	1960.0	21.0	65.0	4.0	11.0	2.0	
733.0	1.0	2.0	1925.0	1925.0	1948.0	23.0	87.0	5.0	5.0	5.0	
734.0	0.0	2.0	1926.0	1926.0	1947.0	21.0	71.0	4.0	11.0	3.0	
735.0	0.0	2.0	1939.0	1939.0	1960.0	21.0	73.0	4.0	13.0	3.0	
736.0	1.0	2.0	1926.0	1926.0	1949.0	23.0	42.0	3.0	4.0	1.0	
737.0	1.0	2.0	1933.0	1933.0	1956.0	23.0	95.0	5.0	8.0	5.0	
738.0	0.0	2.0	1933.0	1933.0	1954.0	21.0	63.0	4.0	15.0	1.0	
739.0	1.0	2.0	1937.0	1937.0	1960.0	23.0	54.0	3.0	10.0	5.0	
740.0	0.0	2.0	1897.0	1897.0	1918.0	21.0	67.0	4.0	3.0	3.0	
741.0	0.0	2.0	1897.0	1897.0	1918.0	21.0	72.0	4.0	11.0	2.0	
742.0	0.0	2.0	1897.0	1897.0	1918.0	21.0	73.0	4.0	13.0	3.0	
743.0	0.0	2.0	1897.0	1897.0	1918.0	21.0	78.0	4.0	8.0	1.0	
744.0	0.0	2.0	1897.0	1897.0	1918.0	21.0	79.0	4.0	7.0	3.0	
745.0	0.0	2.0	1897.0	1897.0	1918.0	21.0	62.0	4.0	7.0	4.0	
746.0	0.0	2.0	1897.0	1897.0	1918.0	21.0	67.0	4.0	3.0	3.0	
747.0	0.0	2.0	1933.0	1933.0	1954.0	21.0	69.0	4.0	12.0	2.0	
748.0	0.0	2.0	1897.0	1897.0	1918.0	21.0	72.0	4.0	11.0	2.0	
749.0	0.0	2.0	1897.0	1897.0	1918.0	21.0	75.0	4.0	8.0	5.0	
750.0	0.0	2.0	1897.0	1897.0	1918.0	21.0	77.0	4.0	8.0	2.0	
751.0	0.0	2.0	1897.0	1897.0	1918.0	21.0	61.0	4.0	12.0	4.0	
752.0	1.0	2.0	1897.0	1897.0	1920.0	23.0	75.0	4.0	8.0	5.0	
753.0	0.0	2.0	1933.0	1933.0	1954.0	21.0	67.0	4.0	3.0	3.0	
754.0	1.0	2.0	1938.0	1938.0	1961.0	23.0	83.0	5.0	5.0	1.0	
755.0	0.0	2.0	1933.0	1933.0	1954.0	21.0	72.0	4.0	11.0	2.0	
756.0	0.0	2.0	1918.0	1918.0	1939.0	21.0	75.0	4.0	8.0	5.0	
757.0	1.0	2.0	1914.0	1914.0	1937.0	23.0	87.0	5.0	5.0	5.0	
758.0	0.0	2.0	1935.0	1935.0	1956.0	21.0	61.0	4.0	12.0	4.0	
759.0	1.0	2.0	1938.0	1938.0	1961.0	23.0	75.0	4.0	8.0	5.0	
760.0	0.0	2.0	1938.0	1938.0	1959.0	21.0	67.0	4.0	3.0	3.0	
761.0	0.0	2.0	1937.0	1937.0	1958.0	21.0	42.0	3.0	4.0	1.0	
762.0	0.0	2.0	1935.0	1935.0	1956.0	21.0	46.0	3.0	14.0	3.0	
763.0	1.0	2.0	1907.0	1907.0	1930.0	23.0	89.0	5.0	14.0	2.0	
764.0	1.0	2.0	1931.0	1931.0	1954.0	23.0	57.0	3.0	14.0	3.0	
765.0	0.0	2.0	1931.0	1931.0	1952.0	21.0	53.0	3.0	12.0	3.0	
766.0	0.0	2.0	1891.0	1891.0	1912.0	21.0	57.0	3.0	14.0	3.0	
767.0	0.0	2.0	1891.0	1891.0	1912.0	21.0	59.0	3.0	9.0	4.0	
768.0	0.0	2.0	1931.0	1931.0	1952.0	21.0	43.0	3.0	13.0	1.0	
769.0	1.0	2.0	1908.0	1908.0	1931.0	23.0	48.0	3.0	13.0	4.0	
770.0	0.0	2.0	1891.0	1891.0	1912.0	21.0	50.0	3.0	9.0	1.0	
771.0	0.0	2.0	1933.0	1933.0	1954.0	21.0	52.0	3.0	4.0	3.0	
772.0	0.0	2.0	1933.0	1933.0	1954.0	21.0	56.0	3.0	13.0	5.0	
773.0	0.0	2.0	1891.0	1891.0	1912.0	21.0	58.0	3.0	11.0	4.0	
774.0	0.0	2.0	1926.0	1926.0	1947.0	21.0	60.0	3.0	3.0	3.0	
775.0	1.0	2.0	1924.0	1924.0	1947.0	23.0	35.0	2.0	10.0	5.0	
776.0	0.0	2.0	1923.0	1923.0	1944.0	21.0	48.0	3.0	13.0	4.0	
777.0	0.0	2.0	1926.0	1926.0	1947.0	21.0	50.0	3.0	9.0	1.0	
778.0	1.0	2.0	1931.0	1931.0	1954.0	23.0	95.0	5.0	8.0	5.0	
779.0	0.0	2.0	1933.0	1933.0	1954.0	21.0	56.0	3.0	13.0	5.0	
780.0	0.0	2.0	1925.0	1925.0	1946.0	21.0	58.0	3.0	11.0	4.0	
781.0	0.0	2.0	1926.0	1926.0	1947.0	21.0	42.0	3.0	4.0	1.0	
782.0	0.0	2.0	1926.0	1926.0	1947.0	21.0	44.0	3.0	3.0	5.0	
783.0	0.0	2.0	1931.0	1931.0	1952.0	21.0	48.0	3.0	13.0	4.0	
784.0	0.0	2.0	1933.0	1933.0	1954.0	21.0	52.0	3.0	4.0	3.0	
785.0	0.0	2.0	1937.0	1937.0	1958.0	21.0	53.0	3.0	12.0	3.0	
786.0	0.0	2.0	1931.0	1931.0	1952.0	21.0	58.0	3.0	11.0	4.0	
787.0	0.0	2.0	1931.0	1931.0	1952.0	21.0	59.0	3.0	9.0	4.0	
788.0	0.0	2.0	1926.0	1926.0	1947.0	21.0	42.0	3.0	4.0	1.0	
789.0	0.0	2.0	1931.0	1931.0	1952.0	21.0	47.0	3.0	15.0	5.0	
790.0	0.0	2.0	1933.0	1933.0	1954.0	21.0	48.0	3.0	13.0	4.0	
791.0	1.0	2.0	1931.0	1931.0	1954.0	23.0	34.0	2.0	14.0	1.0	
792.0	0.0	2.0	1937.0	1937.0	1958.0	21.0	55.0	3.0	6.0	4.0	
793.0	0.0	2.0	1931.0	1931.0	1952.0	21.0	58.0	3.0	11.0	4.0	
794.0	1.0	2.0	1935.0	1935.0	1958.0	23.0	89.0	5.0	14.0	2.0	
795.0	0.0	2.0	1926.0	1926.0	1947.0	21.0	44.0	3.0	3.0	5.0	
796.0	0.0	2.0	1937.0	1937.0	1958.0	21.0	47.0	3.0	15.0	5.0	
797.0	0.0	2.0	1942.0	1942.0	1963.0	21.0	51.0	3.0	2.0	3.0	
798.0	0.0	2.0	1935.0	1935.0	1956.0	21.0	52.0	3.0	4.0	3.0	
799.0	0.0	2.0	1933.0	1933.0	1954.0	21.0	57.0	3.0	14.0	3.0	
800.0	0.0	2.0	1935.0	1935.0	1956.0	21.0	59.0	3.0	9.0	4.0	
801.0	0.0	2.0	1943.0	1943.0	1964.0	21.0	41.0	3.0	15.0	4.0	
802.0	0.0	2.0	1937.0	1937.0	1958.0	21.0	45.0	3.0	5.0	4.0	
803.0	1.0	2.0	1927.0	1927.0	1950.0	23.0	84.0	5.0	12.0	2.0	
804.0	1.0	2.0	1937.0	1937.0	1960.0	23.0	83.0	5.0	5.0	1.0	
805.0	1.0	2.0	1935.0	1935.0	1958.0	23.0	95.0	5.0	8.0	5.0	
806.0	1.0	2.0	1926.0	1926.0	1949.0	23.0	22.0	2.0	6.0	2.0	
807.0	0.0	2.0	1935.0	1935.0	1956.0	21.0	60.0	3.0	3.0	3.0	
808.0	1.0	2.0	1937.0	1937.0	1960.0	23.0	40.0	2.0	11.0	3.0	
809.0	1.0	2.0	1938.0	1939.0	1962.0	23.0	89.0	5.0	14.0	2.0	
810.0	0.0	2.0	1862.0	1862.0	1883.0	21.0	48.0	3.0	13.0	4.0	
811.0	1.0	2.0	1938.0	1938.0	1961.0	23.0	96.0	5.0	15.0	3.0	
812.0	0.0	2.0	1862.0	1862.0	1883.0	21.0	54.0	3.0	10.0	5.0	
813.0	1.0	2.0	1938.0	1938.0	1961.0	23.0	81.0	5.0	3.0	4.0	
814.0	1.0	2.0	1943.0	1943.0	1966.0	23.0	57.0	3.0	14.0	3.0	
815.0	0.0	2.0	1941.0	1941.0	1962.0	21.0	45.0	3.0	5.0	4.0	
816.0	1.0	2.0	1920.0	1920.0	1943.0	23.0	92.0	5.0	10.0	4.0	
817.0	1.0	2.0	1939.0	1939.0	1963.0	24.0	64.0	4.0	4.0	2.0	
818.0	1.0	2.0	1937.0	1937.0	1960.0	23.0	85.0	5.0	3.0	5.0	
819.0	1.0	2.0	1931.0	1931.0	1954.0	23.0	13.0	1.0	3.0	1.0	
820.0	0.0	2.0	1943.0	1943.0	1964.0	21.0	60.0	3.0	3.0	3.0	
821.0	1.0	2.0	1935.0	1935.0	1958.0	23.0	90.0	5.0	4.0	1.0	
822.0	1.0	2.0	1941.0	1941.0	1964.0	23.0	30.0	2.0	14.0	1.0	
823.0	1.0	2.0	1938.0	1938.0	1961.0	23.0	91.0	5.0	9.0	5.0	
824.0	1.0	2.0	1933.0	1933.0	1956.0	23.0	73.0	4.0	13.0	3.0	
825.0	0.0	2.0	1942.0	1942.0	1963.0	21.0	54.0	3.0	10.0	5.0	
826.0	1.0	2.0	1862.0	1862.0	1885.0	23.0	72.0	4.0	11.0	2.0	
827.0	0.0	2.0	1943.0	1943.0	1964.0	21.0	60.0	3.0	3.0	3.0	
828.0	0.0	2.0	1947.0	1947.0	1968.0	21.0	44.0	3.0	3.0	5.0	
829.0	1.0	2.0	1936.0	1936.0	1959.0	23.0	26.0	2.0	1.0	2.0	
830.0	0.0	2.0	1944.0	1944.0	1965.0	21.0	48.0	3.0	13.0	4.0	
831.0	1.0	2.0	1937.0	1937.0	1960.0	23.0	16.0	1.0	14.0	2.0	
832.0	1.0	2.0	1938.0	1939.0	1962.0	23.0	92.0	5.0	10.0	4.0	
833.0	1.0	2.0	1933.0	1933.0	1956.0	23.0	98.0	5.0	15.0	2.0	
834.0	1.0	2.0	1931.0	1931.0	1954.0	23.0	85.0	5.0	3.0	5.0	
835.0	1.0	2.0	1938.0	1939.0	1962.0	23.0	84.0	5.0	12.0	2.0	
836.0	1.0	2.0	1937.0	1937.0	1960.0	23.0	38.0	2.0	5.0	5.0	
837.0	1.0	2.0	1938.0	1938.0	1961.0	23.0	86.0	5.0	15.0	4.0	
838.0	1.0	2.0	1943.0	1943.0	1966.0	23.0	80.0	4.0	3.0	1.0	
839.0	0.0	2.0	1946.0	1946.0	1967.0	21.0	57.0	3.0	14.0	3.0	
840.0	1.0	2.0	1939.0	1939.0	1962.0	23.0	64.0	4.0	4.0	2.0	
841.0	1.0	2.0	1938.0	1938.0	1961.0	23.0	98.0	5.0	15.0	2.0	
842.0	1.0	2.0	1941.0	1941.0	1964.0	23.0	67.0	4.0	3.0	3.0	
843.0	1.0	2.0	1893.0	1893.0	1916.0	23.0	99.0	5.0	12.0	3.0	
844.0	0.0	2.0	1943.0	1943.0	1964.0	21.0	51.0	3.0	2.0	3.0	
845.0	1.0	2.0	1931.0	1931.0	1954.0	23.0	83.0	5.0	5.0	1.0	
846.0	1.0	2.0	1943.0	1943.0	1966.0	23.0	36.0	2.0	15.0	4.0	
847.0	1.0	2.0	1942.0	1942.0	1965.0	23.0	90.0	5.0	4.0	1.0	
848.0	1.0	2.0	1944.0	1944.0	1967.0	23.0	85.0	5.0	3.0	5.0	
849.0	0.0	2.0	1943.0	1943.0	1964.0	21.0	46.0	3.0	14.0	3.0	
850.0	1.0	2.0	1857.0	1857.0	1880.0	23.0	100.0	5.0	14.0	1.0	
851.0	0.0	2.0	1943.0	1943.0	1964.0	21.0	51.0	3.0	2.0	3.0	
852.0	0.0	2.0	1943.0	1943.0	1964.0	21.0	54.0	3.0	10.0	5.0	
853.0	1.0	2.0	1945.0	1945.0	1968.0	23.0	66.0	4.0	12.0	5.0	
854.0	1.0	2.0	1944.0	1944.0	1967.0	23.0	88.0	5.0	4.0	3.0	
855.0	1.0	2.0	1926.0	1926.0	1949.0	23.0	1.0	1.0	11.0	3.0	
856.0	1.0	2.0	1938.0	1938.0	1961.0	23.0	99.0	5.0	12.0	3.0	
857.0	1.0	2.0	1946.0	1946.0	1969.0	23.0	77.0	4.0	8.0	2.0	
858.0	1.0	2.0	1946.0	1946.0	1969.0	23.0	95.0	5.0	8.0	5.0	
859.0	1.0	2.0	1943.0	1943.0	1966.0	23.0	92.0	5.0	10.0	4.0	
860.0	1.0	2.0	1938.0	1938.0	1961.0	23.0	98.0	5.0	15.0	2.0	
861.0	1.0	2.0	1935.0	1935.0	1958.0	23.0	84.0	5.0	12.0	2.0	
862.0	1.0	2.0	1935.0	1935.0	1958.0	23.0	81.0	5.0	3.0	4.0	
863.0	1.0	2.0	1942.0	1942.0	1965.0	23.0	90.0	5.0	4.0	1.0	
864.0	0.0	2.0	1947.0	1947.0	1968.0	21.0	50.0	3.0	9.0	1.0	
865.0	0.0	2.0	1943.0	1943.0	1964.0	21.0	55.0	3.0	6.0	4.0	
866.0	1.0	2.0	1912.0	1912.0	1935.0	23.0	95.0	5.0	8.0	5.0	
867.0	0.0	2.0	1947.0	1947.0	1968.0	21.0	60.0	3.0	3.0	3.0	
868.0	0.0	2.0	1947.0	1947.0	1968.0	21.0	44.0	3.0	3.0	5.0	
869.0	1.0	2.0	1923.0	1923.0	1946.0	23.0	96.0	5.0	15.0	3.0	
870.0	0.0	2.0	1952.0	1952.0	1973.0	21.0	48.0	3.0	13.0	4.0	
871.0	1.0	2.0	1943.0	1943.0	1966.0	23.0	17.0	1.0	11.0	4.0	
872.0	0.0	2.0	1943.0	1943.0	1964.0	21.0	55.0	3.0	6.0	4.0	
873.0	0.0	2.0	1946.0	1946.0	1967.0	21.0	58.0	3.0	11.0	4.0	
874.0	0.0	2.0	1949.0	1949.0	1970.0	21.0	42.0	3.0	4.0	1.0	
875.0	1.0	2.0	1948.0	1948.0	1971.0	23.0	90.0	5.0	4.0	1.0	
876.0	0.0	2.0	1943.0	1943.0	1964.0	21.0	47.0	3.0	15.0	5.0	
877.0	1.0	2.0	1926.0	1926.0	1949.0	23.0	31.0	2.0	8.0	1.0	
878.0	1.0	2.0	1942.0	1942.0	1965.0	23.0	5.0	1.0	15.0	2.0	
879.0	1.0	2.0	1946.0	1946.0	1969.0	23.0	95.0	5.0	8.0	5.0	
880.0	1.0	2.0	1948.0	1948.0	1971.0	23.0	10.0	1.0	15.0	1.0	
881.0	0.0	2.0	1949.0	1949.0	1970.0	21.0	43.0	3.0	13.0	1.0	
882.0	1.0	2.0	1952.0	1952.0	1975.0	23.0	43.0	3.0	13.0	1.0	
883.0	1.0	2.0	1939.0	1939.0	1962.0	23.0	70.0	4.0	11.0	5.0	
884.0	0.0	2.0	1954.0	1954.0	1975.0	21.0	52.0	3.0	4.0	3.0	
885.0	0.0	2.0	1952.0	1952.0	1973.0	21.0	53.0	3.0	12.0	3.0	
886.0	1.0	2.0	1939.0	1939.0	1962.0	23.0	68.0	4.0	5.0	3.0	
887.0	1.0	2.0	1944.0	1944.0	1967.0	23.0	82.0	5.0	6.0	2.0	
888.0	1.0	2.0	1938.0	1938.0	1961.0	23.0	87.0	5.0	5.0	5.0	
889.0	1.0	2.0	1941.0	1941.0	1964.0	23.0	36.0	2.0	15.0	4.0	
890.0	0.0	2.0	1954.0	1954.0	1975.0	21.0	48.0	3.0	13.0	4.0	
891.0	1.0	2.0	1872.0	1872.0	1895.0	23.0	88.0	5.0	4.0	3.0	
892.0	0.0	2.0	1954.0	1954.0	1975.0	21.0	56.0	3.0	13.0	5.0	
893.0	1.0	2.0	1947.0	1947.0	1970.0	23.0	66.0	4.0	12.0	5.0	
894.0	1.0	2.0	1872.0	1872.0	1895.0	23.0	91.0	5.0	9.0	5.0	
895.0	0.0	2.0	1949.0	1949.0	1970.0	21.0	43.0	3.0	13.0	1.0	
896.0	1.0	2.0	1917.0	1917.0	1940.0	23.0	82.0	5.0	6.0	2.0	
897.0	1.0	2.0	1938.0	1938.0	1961.0	23.0	88.0	5.0	4.0	3.0	
898.0	1.0	2.0	1953.0	1953.0	1976.0	23.0	3.0	1.0	6.0	4.0	
899.0	1.0	2.0	1950.0	1950.0	1973.0	23.0	73.0	4.0	13.0	3.0	
900.0	0.0	2.0	1948.0	1948.0	1969.0	21.0	59.0	3.0	9.0	4.0	
901.0	1.0	2.0	1944.0	1944.0	1967.0	23.0	72.0	4.0	11.0	2.0	
902.0	1.0	2.0	1944.0	1944.0	1967.0	23.0	83.0	5.0	5.0	1.0	
903.0	1.0	2.0	1947.0	1947.0	1970.0	23.0	24.0	2.0	14.0	4.0	
904.0	1.0	2.0	1943.0	1943.0	1966.0	23.0	92.0	5.0	10.0	4.0	
905.0	1.0	2.0	1946.0	1946.0	1969.0	23.0	91.0	5.0	9.0	5.0	
906.0	1.0	2.0	1940.0	1940.0	1963.0	23.0	66.0	4.0	12.0	5.0	
907.0	1.0	2.0	1893.0	1893.0	1916.0	23.0	96.0	5.0	15.0	3.0	
908.0	1.0	2.0	1954.0	1954.0	1977.0	23.0	78.0	4.0	8.0	1.0	
909.0	1.0	2.0	1950.0	1950.0	1973.0	23.0	96.0	5.0	15.0	3.0	
910.0	0.0	2.0	1946.0	1946.0	1967.0	21.0	50.0	3.0	9.0	1.0	
911.0	1.0	2.0	1952.0	1952.0	1975.0	23.0	86.0	5.0	15.0	4.0	
912.0	1.0	2.0	1943.0	1943.0	1966.0	23.0	62.0	4.0	7.0	4.0	
913.0	0.0	2.0	1935.0	1935.0	1956.0	21.0	23.0	2.0	7.0	3.0	
914.0	1.0	2.0	1922.0	1922.0	1945.0	23.0	85.0	5.0	3.0	5.0	
915.0	0.0	2.0	1931.0	1931.0	1952.0	21.0	28.0	2.0	8.0	1.0	
916.0	1.0	2.0	1935.0	1935.0	1958.0	23.0	87.0	5.0	5.0	5.0	
917.0	1.0	2.0	1939.0	1939.0	1962.0	23.0	76.0	4.0	6.0	4.0	
918.0	0.0	2.0	1943.0	1943.0	1964.0	21.0	37.0	2.0	5.0	2.0	
919.0	0.0	2.0	1941.0	1941.0	1962.0	21.0	39.0	2.0	14.0	2.0	
920.0	0.0	2.0	1941.0	1941.0	1962.0	21.0	22.0	2.0	6.0	2.0	
921.0	0.0	2.0	1931.0	1931.0	1952.0	21.0	25.0	2.0	12.0	2.0	
922.0	1.0	2.0	1908.0	1908.0	1931.0	23.0	89.0	5.0	14.0	2.0	
923.0	1.0	2.0	1946.0	1946.0	1969.0	23.0	82.0	5.0	6.0	2.0	
924.0	0.0	2.0	1941.0	1941.0	1962.0	21.0	35.0	2.0	10.0	5.0	
925.0	0.0	2.0	1952.0	1952.0	1973.0	21.0	39.0	2.0	14.0	2.0	
926.0	1.0	2.0	1935.0	1935.0	1958.0	23.0	92.0	5.0	10.0	4.0	
927.0	1.0	2.0	1923.0	1923.0	1946.0	23.0	6.0	1.0	7.0	1.0	
928.0	0.0	2.0	1947.0	1947.0	1968.0	21.0	27.0	2.0	13.0	4.0	
929.0	0.0	2.0	1935.0	1935.0	1956.0	21.0	29.0	2.0	2.0	5.0	
930.0	0.0	2.0	1954.0	1954.0	1975.0	21.0	34.0	2.0	14.0	1.0	
931.0	1.0	2.0	1944.0	1944.0	1967.0	23.0	84.0	5.0	12.0	2.0	
932.0	0.0	2.0	1947.0	1947.0	1968.0	21.0	40.0	2.0	11.0	3.0	
933.0	0.0	2.0	1880.0	1880.0	1901.0	21.0	21.0	2.0	9.0	1.0	
934.0	0.0	2.0	1880.0	1880.0	1901.0	21.0	24.0	2.0	14.0	4.0	
935.0	0.0	2.0	1880.0	1880.0	1901.0	21.0	27.0	2.0	13.0	4.0	
936.0	0.0	2.0	1880.0	1880.0	1901.0	21.0	30.0	2.0	14.0	1.0	
937.0	0.0	2.0	1880.0	1880.0	1901.0	21.0	33.0	2.0	14.0	1.0	
938.0	0.0	2.0	1880.0	1880.0	1901.0	21.0	36.0	2.0	15.0	4.0	
939.0	0.0	2.0	1880.0	1880.0	1901.0	21.0	39.0	2.0	14.0	2.0	
940.0	0.0	2.0	1880.0	1880.0	1901.0	21.0	22.0	2.0	6.0	2.0	
941.0	0.0	2.0	1880.0	1880.0	1901.0	21.0	26.0	2.0	1.0	2.0	
942.0	0.0	2.0	1880.0	1880.0	1901.0	21.0	29.0	2.0	2.0	5.0	
943.0	0.0	2.0	1880.0	1880.0	1901.0	21.0	33.0	2.0	14.0	1.0	
944.0	0.0	2.0	1880.0	1880.0	1901.0	21.0	35.0	2.0	10.0	5.0	
945.0	0.0	2.0	1880.0	1880.0	1901.0	21.0	37.0	2.0	5.0	2.0	
946.0	0.0	2.0	1880.0	1880.0	1901.0	21.0	40.0	2.0	11.0	3.0	
947.0	0.0	2.0	1880.0	1880.0	1901.0	21.0	23.0	2.0	7.0	3.0	
948.0	0.0	2.0	1880.0	1880.0	1901.0	21.0	27.0	2.0	13.0	4.0	
949.0	0.0	2.0	1880.0	1880.0	1901.0	21.0	29.0	2.0	2.0	5.0	
950.0	1.0	2.0	1952.0	1952.0	1975.0	23.0	63.0	4.0	15.0	1.0	
951.0	0.0	2.0	1880.0	1880.0	1901.0	21.0	35.0	2.0	10.0	5.0	
952.0	0.0	2.0	1880.0	1880.0	1901.0	21.0	38.0	2.0	5.0	5.0	
953.0	0.0	2.0	1880.0	1880.0	1901.0	21.0	21.0	2.0	9.0	1.0	
954.0	1.0	2.0	1880.0	1880.0	1903.0	23.0	71.0	4.0	11.0	3.0	
955.0	1.0	2.0	1943.0	1943.0	1966.0	23.0	18.0	1.0	2.0	5.0	
956.0	0.0	2.0	1949.0	1949.0	1970.0	21.0	31.0	2.0	8.0	1.0	
957.0	1.0	2.0	1952.0	1952.0	1975.0	23.0	100.0	5.0	14.0	1.0	
958.0	1.0	2.0	1948.0	1948.0	1971.0	23.0	87.0	5.0	5.0	5.0	
959.0	1.0	2.0	1946.0	1946.0	1969.0	23.0	82.0	5.0	6.0	2.0	
960.0	1.0	2.0	1920.0	1920.0	1943.0	23.0	84.0	5.0	12.0	2.0	
961.0	0.0	2.0	1947.0	1947.0	1968.0	21.0	27.0	2.0	13.0	4.0	
962.0	1.0	2.0	1952.0	1952.0	1975.0	23.0	69.0	4.0	12.0	2.0	
963.0	1.0	2.0	1938.0	1938.0	1961.0	23.0	92.0	5.0	10.0	4.0	
964.0	1.0	2.0	1929.0	1929.0	1952.0	23.0	84.0	5.0	12.0	2.0	
965.0	1.0	2.0	1944.0	1944.0	1967.0	23.0	90.0	5.0	4.0	1.0	
966.0	1.0	2.0	1950.0	1950.0	1973.0	23.0	89.0	5.0	14.0	2.0	
967.0	0.0	2.0	1942.0	1942.0	1963.0	21.0	23.0	2.0	7.0	3.0	
968.0	1.0	2.0	1938.0	1939.0	1962.0	23.0	97.0	5.0	9.0	3.0	
969.0	1.0	2.0	1945.0	1945.0	1968.0	23.0	64.0	4.0	4.0	2.0	
970.0	1.0	2.0	1952.0	1952.0	1975.0	23.0	95.0	5.0	8.0	5.0	
971.0	1.0	2.0	1944.0	1944.0	1967.0	23.0	88.0	5.0	4.0	3.0	
972.0	1.0	2.0	1945.0	1945.0	1968.0	23.0	88.0	5.0	4.0	3.0	
973.0	1.0	2.0	1938.0	1938.0	1961.0	23.0	82.0	5.0	6.0	2.0	
974.0	1.0	2.0	1945.0	1945.0	1968.0	23.0	75.0	4.0	8.0	5.0	
975.0	1.0	2.0	1950.0	1950.0	1973.0	23.0	84.0	5.0	12.0	2.0	
976.0	0.0	2.0	1954.0	1954.0	1975.0	21.0	30.0	2.0	14.0	1.0	
977.0	0.0	2.0	1954.0	1954.0	1975.0	21.0	34.0	2.0	14.0	1.0	
978.0	1.0	2.0	1935.0	1935.0	1958.0	23.0	83.0	5.0	5.0	1.0	
979.0	1.0	2.0	1897.0	1897.0	1920.0	23.0	76.0	4.0	6.0	4.0	
980.0	1.0	2.0	1946.0	1946.0	1969.0	23.0	71.0	4.0	11.0	3.0	
981.0	0.0	2.0	1948.0	1948.0	1969.0	21.0	25.0	2.0	12.0	2.0	
982.0	1.0	2.0	1960.0	1960.0	1983.0	23.0	85.0	5.0	3.0	5.0	
983.0	1.0	2.0	1958.0	1958.0	1981.0	23.0	66.0	4.0	12.0	5.0	
984.0	1.0	2.0	1927.0	1927.0	1950.0	23.0	96.0	5.0	15.0	3.0	
985.0	1.0	2.0	1940.0	1940.0	1963.0	23.0	82.0	5.0	6.0	2.0	
986.0	1.0	2.0	1958.0	1958.0	1981.0	23.0	45.0	3.0	5.0	4.0	
987.0	0.0	2.0	1948.0	1948.0	1969.0	21.0	24.0	2.0	14.0	4.0	
988.0	0.0	2.0	1952.0	1952.0	1973.0	21.0	26.0	2.0	1.0	2.0	
989.0	0.0	2.0	1949.0	1949.0	1970.0	21.0	1.0	1.0	11.0	3.0	
990.0	1.0	2.0	1952.0	1952.0	1975.0	23.0	99.0	5.0	12.0	3.0	
991.0	0.0	2.0	1948.0	1948.0	1969.0	21.0	7.0	1.0	11.0	1.0	
992.0	0.0	2.0	1931.0	1931.0	1952.0	21.0	12.0	1.0	5.0	3.0	
993.0	0.0	2.0	1954.0	1954.0	1975.0	21.0	15.0	1.0	11.0	1.0	
994.0	1.0	2.0	1955.0	1955.0	1978.0	23.0	94.0	5.0	13.0	1.0	
995.0	0.0	2.0	1942.0	1942.0	1963.0	21.0	20.0	1.0	4.0	5.0	
996.0	1.0	2.0	1944.0	1944.0	1967.0	23.0	90.0	5.0	4.0	1.0	
997.0	1.0	2.0	1954.0	1954.0	1978.0	24.0	62.0	4.0	7.0	4.0	
998.0	0.0	2.0	1948.0	1948.0	1969.0	21.0	9.0	1.0	15.0	5.0	
999.0	0.0	2.0	1952.0	1952.0	1973.0	21.0	12.0	1.0	5.0	3.0	
1000.0	1.0	2.0	1954.0	1954.0	1977.0	23.0	78.0	4.0	8.0	1.0	
1001.0	1.0	2.0	1958.0	1958.0	1981.0	23.0	55.0	3.0	6.0	4.0	
1002.0	1.0	2.0	1955.0	1955.0	1978.0	23.0	87.0	5.0	5.0	5.0	
1003.0	1.0	2.0	1955.0	1956.0	1979.0	23.0	85.0	5.0	3.0	5.0	
1004.0	1.0	2.0	1938.0	1938.0	1961.0	23.0	91.0	5.0	9.0	5.0	
1005.0	1.0	2.0	1950.0	1950.0	1973.0	23.0	81.0	5.0	3.0	4.0	
1006.0	1.0	2.0	1954.0	1954.0	1977.0	23.0	63.0	4.0	15.0	1.0	
1007.0	0.0	2.0	1960.0	1960.0	1981.0	21.0	16.0	1.0	14.0	2.0	
1008.0	1.0	2.0	1950.0	1950.0	1973.0	23.0	100.0	5.0	14.0	1.0	
1009.0	1.0	2.0	1895.0	1895.0	1918.0	23.0	91.0	5.0	9.0	5.0	
1010.0	1.0	2.0	1942.0	1942.0	1965.0	23.0	83.0	5.0	5.0	1.0	
1011.0	1.0	2.0	1955.0	1955.0	1978.0	23.0	91.0	5.0	9.0	5.0	
1012.0	1.0	2.0	1956.0	1956.0	1979.0	23.0	97.0	5.0	9.0	3.0	
1013.0	1.0	2.0	1936.0	1936.0	1959.0	23.0	100.0	5.0	14.0	1.0	
1014.0	1.0	2.0	1955.0	1956.0	1979.0	23.0	91.0	5.0	9.0	5.0	
1015.0	1.0	2.0	1956.0	1956.0	1979.0	23.0	65.0	4.0	11.0	2.0	
1016.0	1.0	2.0	1952.0	1952.0	1975.0	23.0	25.0	2.0	12.0	2.0	
1017.0	0.0	2.0	1946.0	1946.0	1967.0	21.0	6.0	1.0	7.0	1.0	
1018.0	0.0	2.0	1943.0	1943.0	1964.0	21.0	8.0	1.0	15.0	3.0	
1019.0	0.0	2.0	1943.0	1943.0	1964.0	21.0	11.0	1.0	4.0	4.0	
1020.0	0.0	2.0	1960.0	1960.0	1981.0	21.0	14.0	1.0	13.0	5.0	
1021.0	1.0	2.0	1949.0	1949.0	1972.0	23.0	83.0	5.0	5.0	1.0	
1022.0	1.0	2.0	1952.0	1952.0	1975.0	23.0	97.0	5.0	9.0	3.0	
1023.0	0.0	2.0	1965.0	1965.0	1986.0	21.0	5.0	1.0	15.0	2.0	
1024.0	1.0	2.0	1954.0	1954.0	1977.0	23.0	56.0	3.0	13.0	5.0	
=====================================================================================================================================================
Map output of wordcount map task #, VM#, VM Flavour #, PM#, Rack #, Reduce1, Reduce2, etc (how much each map task produces to different reduce tasks)
=====================================================================================================================================================
1.0	83.0	5.0	5.0	6.51	8.72	8.99	5.83	7.55	6.31	8.94	6.33	3.14	7.3	6.55	6.13	5.17	6.97	8.17	3.53	6.7	5.89	6.72	7.53	8.28	
2.0	84.0	12.0	12.0	7.38	5.93	6.54	4.86	3.85	3.99	5.62	8.83	3.87	7.42	6.97	7.76	4.02	7.82	4.31	6.36	3.69	4.55	4.42	5.92	7.81	
3.0	72.0	11.0	11.0	3.32	7.46	3.2	5.14	7.21	4.25	7.86	8.33	3.24	7.76	5.8	6.39	7.13	7.82	3.33	4.85	8.51	5.26	5.56	5.99	6.07	
4.0	92.0	10.0	10.0	5.45	5.88	8.52	5.33	7.69	5.64	3.71	8.28	8.24	8.28	5.57	7.79	6.6	3.2	5.98	8.48	4.92	4.41	7.75	4.26	8.78	
5.0	93.0	4.0	4.0	8.36	8.88	8.76	7.2	4.07	5.87	8.76	3.43	4.09	8.87	3.04	8.16	6.27	8.75	7.08	7.34	5.62	8.91	8.16	6.44	3.852971145463498	
6.0	54.0	10.0	10.0	5.85	6.43	5.66	7.49	6.47	8.96	3.81	5.22	6.64	5.62	7.34	8.45	5.94	4.4	7.79	5.92	8.23	7.35	3.03	7.46	3.51	
7.0	100.0	14.0	14.0	7.03	6.55	4.63	4.08	6.52	8.51	3.78	3.87	5.26	4.57	8.3	4.01	6.64	7.54	5.2	4.57	4.58	7.73	4.29	6.72	6.35	
8.0	82.0	6.0	6.0	4.39	5.35	3.02	4.08	4.67	6.86	7.95	6.86	8.38	7.91	7.26	3.34	4.59	5.48	4.35	7.52	5.76	3.4	4.94	4.64	5.55	
9.0	51.0	2.0	2.0	8.42	6.7	4.33	8.78	6.08	7.22	7.07	4.94	4.09	4.38	4.1	4.92	4.93	8.51	4.94	6.56	3.15	6.1	7.76	3.15	3.92	
10.0	88.0	4.0	4.0	5.47	7.7	5.14	8.27	5.86	3.75	5.4	8.04	3.47	3.95	7.71	7.21	3.56	8.03	6.57	8.63	3.35	3.77	7.2	6.81	3.47	
11.0	91.0	9.0	9.0	5.66	3.77	5.94	8.8	5.38	5.36	5.59	3.7	8.14	6.79	6.92	7.04	4.17	6.8	8.95	4.63	4.03	8.62	6.45	3.58	3.93	
12.0	20.0	4.0	4.0	3.74	7.84	8.03	4.81	7.72	5.72	4.03	3.73	5.71	5.32	7.64	5.29	8.07	8.81	4.25	3.38	8.08	8.81	6.36	5.2	4.07	
13.0	74.0	1.0	1.0	3.53	8.72	5.07	5.89	6.2	5.98	3.78	8.78	8.63	8.53	3.21	7.29	5.2	7.97	7.63	8.05	5.33	8.99	5.83	8.7	4.74	
14.0	3.0	6.0	6.0	4.59	3.16	6.08	8.78	3.78	6.19	6.13	4.39	4.31	7.28	8.69	5.95	7.76	6.84	3.69	8.21	6.41	4.69	3.98	5.79	5.99	
15.0	85.0	3.0	3.0	5.75	8.88	4.26	7.77	5.5	3.24	7.85	7.46	5.59	7.28	3.14	5.42	5.01	5.4	4.94	5.74	3.59	5.38	7.09	6.92	4.34	
16.0	69.0	12.0	12.0	7.18	3.33	8.65	6.04	6.95	8.49	3.21	7.11	8.03	6.18	7.65	6.18	4.04	5.83	7.76	3.27	7.5	6.09	6.77	7.9	7.15	
17.0	67.0	3.0	3.0	7.99	6.76	3.66	8.98	7.05	3.31	6.5	6.02	3.15	4.87	8.49	4.2	4.62	6.01	5.32	8.27	4.05	5.21	3.85	3.44	5.23	
18.0	6.0	7.0	7.0	8.4	3.07	4.72	6.2	3.43	4.65	4.12	4.1	8.4	8.92	6.73	5.96	3.93	5.5	7.79	7.78	3.79	7.95	4.59	8.03	3.96	
19.0	95.0	8.0	8.0	7.85	7.04	7.14	5.5	8.95	7.89	6.82	7.6	6.6	8.53	5.95	8.25	7.79	3.0	4.35	3.2	3.36	8.23	5.2	4.97	8.96	
20.0	75.0	8.0	8.0	4.27	3.21	5.12	8.94	8.28	6.1	8.26	4.18	5.36	6.62	5.68	3.95	8.2	5.74	3.4	6.59	8.07	5.55	4.86	8.68	4.02	
21.0	82.0	6.0	6.0	4.29	5.56	5.51	8.74	4.13	5.81	3.79	7.62	4.46	4.87	8.8	8.99	3.69	6.47	3.77	8.91	7.61	6.29	3.81	6.46	8.09	
22.0	86.0	15.0	15.0	5.81	8.6	5.99	5.09	3.55	3.35	4.55	6.81	3.94	5.13	6.05	8.54	7.45	5.03	8.78	5.23	4.5	7.93	4.2	8.27	5.02	
23.0	87.0	5.0	5.0	3.35	3.25	5.68	6.37	3.15	7.49	8.88	7.07	5.18	7.82	4.95	6.71	4.28	3.26	5.75	8.38	8.13	7.38	7.39	7.57	5.31	
24.0	71.0	11.0	11.0	7.99	6.79	3.34	8.69	6.68	3.83	5.44	6.34	6.5	8.54	4.1	3.58	7.33	8.57	6.42	5.09	4.66	8.88	8.21	8.36	7.25	
25.0	36.0	15.0	15.0	4.02	6.93	3.31	7.87	6.78	8.06	8.99	4.21	8.18	4.28	6.81	3.28	8.12	8.62	8.39	4.62	6.4	3.71	4.65	4.73	6.84	
26.0	61.0	12.0	12.0	6.12	7.43	4.01	8.02	5.79	4.88	8.62	3.89	5.48	6.79	5.12	7.68	5.25	3.31	3.93	4.94	6.89	8.68	3.23	4.47	5.12	
27.0	24.0	14.0	14.0	8.54	3.31	8.17	5.55	6.56	8.26	8.2	5.77	7.62	8.73	6.17	3.16	4.74	4.67	4.19	4.99	7.76	3.36	5.55	6.72	7.31	
28.0	16.0	14.0	14.0	6.7	6.7	5.83	5.07	7.69	6.84	7.04	6.01	8.25	5.14	3.57	7.69	5.81	8.36	8.91	5.43	7.69	4.21	8.27	7.33	5.23	
29.0	23.0	7.0	7.0	6.74	5.53	4.15	3.38	6.83	7.17	7.03	3.39	6.68	8.63	8.32	6.11	6.11	4.29	8.73	4.23	3.22	8.39	6.81	5.64	7.02	
30.0	80.0	3.0	3.0	3.53	8.82	6.76	4.75	7.49	7.1	3.69	4.86	5.45	4.08	8.33	7.53	7.95	6.4	7.22	7.8	8.47	8.99	4.88	7.23	6.13	
31.0	23.0	7.0	7.0	8.96	4.02	4.87	6.59	4.94	5.9	3.18	8.66	4.08	7.05	5.06	6.07	5.35	8.29	7.9	4.27	6.64	8.79	5.93	5.23	4.31	
32.0	56.0	13.0	13.0	5.68	3.32	7.62	5.66	3.11	3.79	5.96	5.61	3.31	3.49	3.19	7.37	6.45	7.64	7.69	5.88	7.78	6.21	4.34	5.86	8.59	
33.0	48.0	13.0	13.0	4.96	7.41	7.96	3.43	8.52	4.4	4.43	4.35	6.62	3.91	8.79	8.6	5.43	7.82	6.55	4.91	3.5	7.03	8.47	8.99	3.13	
34.0	78.0	8.0	8.0	8.64	5.23	5.41	6.9	4.27	8.33	8.75	6.03	3.73	3.76	8.73	7.78	5.06	7.75	8.71	3.83	3.34	7.42	4.84	7.2	6.2	
35.0	30.0	14.0	14.0	5.48	4.43	4.11	6.71	4.23	5.65	3.89	8.8	6.71	3.91	7.03	5.11	4.91	5.0	5.19	4.51	3.4	5.0	7.9	6.32	6.53	
36.0	21.0	9.0	9.0	4.12	4.91	4.09	3.45	3.73	3.09	6.51	4.13	7.79	6.55	7.42	7.04	8.24	3.65	7.46	6.41	8.48	7.85	3.37	3.63	7.26	
37.0	45.0	5.0	5.0	3.51	8.76	5.0	7.2	7.67	4.78	5.62	5.69	8.65	7.88	6.58	4.14	7.04	6.87	5.57	8.9	7.94	7.24	4.8	8.22	6.12	
38.0	21.0	9.0	9.0	6.92	6.22	3.61	8.3	5.15	7.43	5.85	3.8	3.75	4.94	4.17	3.85	5.43	4.72	6.16	4.34	3.93	3.89	5.29	5.13	8.46	
39.0	67.0	3.0	3.0	6.67	7.56	7.19	6.91	8.82	5.91	7.13	7.83	5.96	8.38	8.59	4.25	6.07	8.02	7.2	5.78	7.27	4.1	4.63	8.6	4.82	
40.0	19.0	13.0	13.0	6.9	6.83	4.32	4.12	5.38	5.06	3.68	3.31	6.21	4.67	5.34	6.48	4.9	6.74	6.99	3.39	4.42	7.87	4.46	4.06	4.76	
41.0	62.0	7.0	7.0	4.25	6.29	3.18	8.75	3.24	6.49	8.99	3.83	8.09	6.47	6.77	5.85	7.51	3.5	4.96	5.23	8.29	6.49	7.33	4.49	6.25	
42.0	44.0	3.0	3.0	4.2	3.97	8.99	4.76	3.8	3.92	6.86	5.11	6.34	3.06	8.23	4.08	8.52	8.74	7.92	8.14	7.21	5.26	4.19	8.65	6.35	
43.0	18.0	2.0	2.0	6.23	5.85	8.19	5.99	7.48	7.01	7.8	5.04	3.49	6.33	6.67	5.73	7.07	7.02	8.77	6.41	5.04	7.09	5.5	3.51	8.2	
44.0	1.0	11.0	11.0	7.41	3.43	4.59	3.76	7.09	8.74	4.72	3.32	4.15	8.07	7.99	7.97	8.54	7.19	5.25	4.87	8.32	6.98	4.5	8.92	6.53	
45.0	26.0	1.0	1.0	6.16	8.19	4.44	5.38	7.71	6.29	6.28	3.51	6.87	6.77	4.12	7.83	6.63	3.89	5.03	7.14	7.82	4.64	6.88	7.55	5.99	
46.0	62.0	7.0	7.0	7.56	4.08	7.04	3.99	5.11	5.79	4.4	3.94	7.88	6.58	8.09	7.05	5.16	6.02	3.14	7.97	3.81	3.65	6.79	4.08	4.92	
47.0	70.0	11.0	11.0	4.41	7.7	3.5	4.34	3.36	3.11	4.41	5.13	8.51	5.2	5.2	6.74	5.75	6.83	7.29	5.4	6.64	6.32	7.74	3.8	4.44	
48.0	57.0	14.0	14.0	4.89	5.19	3.46	5.26	8.35	5.22	6.88	7.36	6.3	5.95	7.76	3.81	7.79	7.74	7.78	6.72	3.48	5.59	5.59	8.66	7.99	
49.0	86.0	15.0	15.0	8.73	7.33	3.57	7.79	4.32	6.84	5.56	8.9	6.83	6.06	6.84	6.37	7.3	4.07	3.35	6.16	5.88	3.67	3.4	7.04	5.96	
50.0	11.0	4.0	4.0	8.03	3.61	3.64	7.92	5.99	5.63	5.36	7.22	4.16	8.58	3.79	5.05	3.52	4.91	8.45	7.29	7.71	6.39	4.7	5.28	5.89	
51.0	66.0	12.0	12.0	3.88	3.27	7.23	3.63	6.65	8.72	5.29	8.25	5.48	6.04	7.27	7.44	6.09	4.86	6.2	7.16	5.98	4.23	7.51	4.44	4.04	
52.0	50.0	9.0	9.0	3.59	6.12	4.15	8.88	8.87	7.44	6.06	8.08	5.23	7.41	7.97	8.9	8.3	5.93	7.18	6.31	4.94	7.68	3.72	3.22	8.44	
53.0	97.0	9.0	9.0	5.8	3.42	3.12	6.04	8.24	4.92	8.83	7.41	8.81	8.69	7.76	7.4	3.26	8.28	4.4	6.79	7.2	6.82	4.21	3.64	5.68	
54.0	100.0	14.0	14.0	7.5	8.67	4.47	4.86	5.42	6.86	3.01	5.79	7.08	6.4	4.06	4.59	3.77	4.11	4.39	4.34	3.79	5.36	3.97	7.94	7.53	
55.0	84.0	12.0	12.0	5.89	5.86	8.94	5.05	8.03	3.81	7.93	8.11	6.86	8.81	8.1	3.77	5.09	3.29	7.36	3.05	8.16	8.66	6.3	8.7	4.78	
56.0	87.0	5.0	5.0	4.23	3.48	4.84	4.64	6.56	6.04	5.74	7.0	4.08	4.59	8.96	7.24	7.37	5.5	4.1	4.66	5.4	7.85	3.42	6.22	3.85	
57.0	54.0	10.0	10.0	4.73	8.67	8.65	3.27	8.65	7.87	7.11	4.04	4.46	8.02	4.89	7.39	3.89	7.97	7.36	6.1	4.01	5.75	7.79	7.39	8.95	
58.0	71.0	11.0	11.0	7.41	4.92	8.82	3.19	7.64	4.74	3.49	7.15	7.82	3.46	4.13	3.89	8.43	8.62	6.52	6.58	6.39	8.63	6.9	3.03	7.2	
59.0	43.0	13.0	13.0	3.38	7.86	6.46	4.36	7.06	7.24	4.46	6.41	3.79	7.35	3.53	6.87	3.07	5.13	6.56	4.24	4.64	8.9	7.16	4.96	5.79	
60.0	49.0	12.0	12.0	8.88	8.75	8.1	4.7	8.29	7.94	4.46	6.59	3.19	7.94	7.55	8.96	6.19	3.27	4.29	7.08	6.3	4.05	7.25	4.73	4.36	
61.0	90.0	4.0	4.0	4.36	4.38	8.93	4.59	6.86	8.15	4.96	3.51	5.35	4.34	3.66	4.52	3.07	6.91	6.32	3.76	4.18	5.42	4.5	8.2	3.35	
62.0	48.0	13.0	13.0	3.97	4.92	6.25	5.05	6.16	5.64	4.29	8.66	4.04	4.67	5.65	5.11	6.65	3.2	4.82	8.86	8.3	8.65	6.34	7.03	7.68	
63.0	74.0	1.0	1.0	5.94	6.07	6.35	8.3	6.25	4.64	6.93	8.6	4.72	3.11	6.37	3.18	8.27	7.89	5.53	4.41	5.67	7.73	5.97	3.54	8.9	
64.0	60.0	3.0	3.0	8.03	3.68	7.06	4.21	6.66	7.47	6.12	7.58	3.93	4.9	6.33	8.81	5.86	5.24	7.84	7.04	6.42	5.28	4.5	8.72	4.49	
65.0	73.0	13.0	13.0	6.28	6.12	8.16	4.95	5.1	3.86	5.24	6.45	4.68	4.8	3.64	8.44	7.57	3.08	6.78	6.93	8.5	8.18	7.9	4.4	8.75	
66.0	46.0	14.0	14.0	4.0	3.5	3.76	5.0	4.18	5.74	6.5	4.96	5.6	8.16	5.54	5.88	3.25	3.18	4.64	4.57	5.63	5.09	6.72	8.24	4.97	
67.0	8.0	15.0	15.0	3.87	6.02	7.43	6.76	6.06	4.86	3.39	4.63	5.05	5.61	6.54	6.9	3.1	5.82	3.76	4.79	7.24	7.59	7.14	5.85	3.66	
68.0	53.0	12.0	12.0	4.69	8.24	7.49	6.51	6.13	5.03	7.34	7.52	6.52	6.59	6.64	6.09	3.82	6.56	5.41	3.67	6.91	5.8	6.81	3.3	7.3	
69.0	70.0	11.0	11.0	6.81	3.45	4.86	6.55	6.85	4.45	6.99	5.29	3.25	3.17	8.94	6.42	3.77	7.51	3.66	6.27	8.56	8.15	4.39	3.64	3.72	
70.0	88.0	4.0	4.0	3.29	6.31	6.31	6.24	4.04	4.02	8.9	8.74	7.42	6.72	7.46	7.55	4.73	7.16	6.44	5.63	4.18	7.57	7.59	5.85	4.87	
71.0	91.0	9.0	9.0	6.86	7.5	8.45	7.68	6.39	5.34	5.23	4.74	3.12	8.86	8.28	5.57	4.99	5.02	3.01	3.4	6.29	3.72	7.74	7.24	7.62	
72.0	95.0	8.0	8.0	8.92	8.77	8.62	5.47	8.08	5.62	8.98	6.7	6.41	4.54	6.17	5.05	4.13	3.95	3.57	5.24	7.98	7.45	4.74	5.0	5.18	
73.0	99.0	12.0	12.0	4.15	5.59	5.31	3.71	3.44	3.81	8.11	4.94	7.13	8.71	6.24	5.95	6.35	4.1	3.7	4.87	7.58	6.85	4.75	6.73	8.99	
74.0	81.0	3.0	3.0	4.11	7.87	8.68	5.99	6.64	7.13	8.99	5.23	7.0	7.18	5.04	3.83	8.28	7.35	8.25	3.19	5.62	3.53	5.56	3.94	4.54	
75.0	60.0	3.0	3.0	5.66	4.3	6.01	3.42	7.49	3.32	6.72	7.46	4.27	5.58	8.91	5.73	4.55	3.48	7.12	5.7	3.96	8.01	8.68	7.45	8.43	
76.0	51.0	2.0	2.0	8.27	3.49	8.25	3.32	3.42	3.22	4.67	7.36	4.76	8.24	8.13	4.68	8.51	4.97	8.09	8.57	5.36	4.38	3.92	8.25	6.51	
77.0	58.0	11.0	11.0	7.04	5.82	3.01	5.76	5.98	6.18	4.45	8.46	7.94	7.03	6.37	4.02	6.11	3.26	7.39	5.6	5.84	6.25	6.13	7.16	4.36	
78.0	93.0	4.0	4.0	3.76	6.93	7.9	5.51	5.62	4.69	8.84	8.76	4.65	3.91	5.84	8.85	5.37	7.58	3.82	5.64	4.85	4.79	8.43	5.49	3.85	
79.0	44.0	3.0	3.0	3.92	8.36	3.29	5.02	7.95	8.73	7.96	8.44	3.02	6.87	3.63	8.14	4.83	5.3	7.93	3.59	5.06	4.66	3.33	4.81	6.27	
80.0	41.0	15.0	15.0	7.5	4.65	3.66	6.85	4.8	8.56	6.61	7.03	6.27	5.76	7.07	8.47	8.21	4.73	8.05	5.18	4.64	3.2	8.77	4.11	7.66	
81.0	71.0	11.0	11.0	6.01	8.21	4.76	4.34	8.1	5.62	4.48	8.87	7.34	7.19	4.73	3.23	8.7	7.13	8.22	4.35	3.32	8.46	7.11	8.66	5.44	
82.0	57.0	14.0	14.0	4.87	5.76	8.14	3.97	6.1	4.27	9.0	4.72	7.6	4.13	3.62	3.25	3.33	5.7	6.47	3.9	7.04	4.28	4.17	5.79	6.06	
83.0	89.0	14.0	14.0	4.0	6.71	3.6	7.37	3.47	8.37	3.45	8.52	4.84	5.86	3.09	4.74	4.71	6.91	5.38	3.34	3.38	3.36	5.31	4.99	3.62	
84.0	90.0	4.0	4.0	5.58	4.73	7.53	5.67	4.05	3.31	8.83	7.7	3.9	5.86	5.97	7.31	8.13	4.64	3.17	5.07	8.61	8.08	7.62	3.09	3.67	
85.0	79.0	7.0	7.0	7.1	4.7	5.6	3.01	4.09	8.11	4.34	6.05	7.18	6.51	4.24	4.79	8.78	4.68	8.68	5.12	4.0	7.86	5.36	4.1	8.33	
86.0	69.0	12.0	12.0	6.92	8.91	3.55	8.63	4.38	3.25	4.26	6.7	7.52	3.44	4.44	4.39	4.74	6.21	8.4	6.22	6.24	5.51	5.09	8.34	8.83	
87.0	25.0	12.0	12.0	3.57	4.25	3.4	6.13	3.43	5.21	8.94	4.36	4.82	8.51	5.28	5.42	7.14	5.78	8.5	4.81	3.46	6.69	7.69	8.5	5.34	
88.0	72.0	11.0	11.0	3.55	8.67	8.39	7.35	4.51	5.49	5.19	3.67	5.04	8.71	5.99	8.54	4.32	5.59	4.05	5.48	6.08	6.85	4.86	6.0	4.54	
89.0	87.0	5.0	5.0	8.72	4.83	8.73	3.34	3.32	5.91	8.8	6.08	5.92	8.15	4.63	6.67	3.18	4.12	3.37	6.27	4.46	6.35	4.47	3.95	6.27	
90.0	89.0	14.0	14.0	7.87	6.53	8.19	8.43	4.58	7.4	8.85	5.49	3.33	4.19	6.14	3.07	6.82	8.17	8.77	4.52	3.84	6.97	5.73	3.82	6.32	
91.0	91.0	9.0	9.0	8.11	4.69	3.9	5.61	3.91	4.08	6.98	3.56	3.15	3.29	3.51	6.03	6.48	4.54	3.83	4.28	3.43	3.58	6.37	4.31	7.67	
92.0	96.0	15.0	15.0	4.36	5.95	3.0	5.99	4.84	5.08	5.71	3.51	3.86	7.79	6.05	5.4	4.39	7.1	8.04	6.15	6.03	4.1	4.36	5.97	7.38	
93.0	72.0	11.0	11.0	4.03	5.18	6.92	6.8	6.08	4.18	5.41	6.51	5.72	8.31	7.18	6.1	5.61	8.17	6.52	7.66	7.88	4.29	6.62	8.35	5.16	
94.0	52.0	4.0	4.0	6.55	8.66	5.21	6.04	3.27	3.21	6.28	7.28	3.55	7.58	3.23	8.12	6.83	3.98	7.81	8.62	7.09	6.1	5.75	6.44	4.9	
95.0	45.0	5.0	5.0	7.33	3.88	8.69	4.37	7.9	4.31	5.55	5.78	4.43	6.87	3.19	4.48	4.52	8.82	8.89	4.22	7.86	7.08	5.6	5.36	5.54	
96.0	45.0	5.0	5.0	4.86	8.69	4.31	3.78	5.31	3.63	5.89	8.89	5.19	8.85	4.7	5.54	6.36	7.19	6.76	8.01	4.49	5.53	7.41	8.71	5.89	
97.0	73.0	13.0	13.0	5.89	8.59	3.39	3.16	4.38	6.88	5.49	3.11	4.39	3.13	5.82	4.88	8.36	7.48	6.15	7.14	7.83	5.65	8.18	6.7	4.89	
98.0	68.0	5.0	5.0	7.27	3.12	8.63	5.14	5.24	3.79	7.03	6.61	4.54	6.11	7.42	8.7	6.75	4.04	4.87	7.08	5.27	7.68	8.56	5.87	8.39	
99.0	58.0	11.0	11.0	8.1	6.43	7.23	6.51	7.75	3.67	6.17	5.18	3.43	8.75	6.11	8.49	5.65	3.35	7.03	5.87	4.93	4.05	5.38	7.29	3.65	
100.0	44.0	3.0	3.0	5.94	3.26	7.76	6.74	8.86	6.91	5.73	3.76	3.93	5.38	4.45	3.67	4.97	3.85	4.56	7.03	8.7	3.75	6.74	7.95	5.85	
101.0	61.0	12.0	12.0	4.82	5.62	5.86	3.79	6.36	4.68	4.99	5.18	6.83	3.59	6.39	4.33	8.68	5.38	6.27	3.04	5.79	4.44	5.52	3.26	4.42	
102.0	52.0	4.0	4.0	8.9	4.73	3.38	5.2	4.07	7.95	8.29	4.86	4.08	3.18	4.68	6.44	5.98	3.48	3.07	7.45	5.43	6.88	6.55	7.74	4.26	
103.0	31.0	8.0	8.0	5.81	3.91	7.15	7.22	4.38	7.76	3.85	8.2	6.11	4.06	6.52	6.28	4.27	6.37	3.75	6.5	3.27	5.04	4.06	8.49	6.9	
104.0	67.0	3.0	3.0	5.78	3.89	5.13	4.62	8.36	8.77	5.33	5.59	3.68	4.01	4.79	5.76	7.04	8.31	3.12	5.3	6.05	3.07	4.16	8.56	8.4	
105.0	73.0	13.0	13.0	5.15	6.41	5.92	8.25	4.51	3.26	7.33	8.33	4.74	8.82	3.3	5.68	6.99	3.9	8.38	3.79	6.84	5.05	7.93	7.63	4.09	
106.0	48.0	13.0	13.0	3.64	4.13	4.14	8.81	4.61	8.03	8.46	4.96	5.58	6.71	3.08	3.34	3.37	5.55	5.18	5.86	8.13	3.67	5.75	3.95	8.1	
107.0	65.0	11.0	11.0	4.84	4.4	7.53	6.83	5.57	4.25	5.71	5.77	3.59	7.06	6.25	6.01	3.13	5.47	8.37	3.72	7.18	4.72	3.94	7.38	5.0	
108.0	51.0	2.0	2.0	8.77	6.5	3.27	8.09	3.15	3.76	4.45	8.58	5.53	3.72	8.07	4.76	7.59	5.01	3.39	8.49	3.23	5.31	6.13	8.27	6.0	
109.0	72.0	11.0	11.0	8.33	6.82	4.68	3.82	6.07	6.45	6.26	5.78	4.31	3.02	8.59	3.09	3.46	7.36	8.49	3.42	8.19	3.07	4.29	6.17	6.68	
110.0	88.0	4.0	4.0	5.58	5.53	6.35	8.09	3.5	5.01	4.04	3.17	5.06	6.28	4.8	7.52	4.79	3.48	8.93	7.76	6.92	6.01	8.62	6.01	4.64	
111.0	70.0	11.0	11.0	3.53	6.5	7.73	7.3	3.42	5.51	8.02	4.35	3.97	3.96	8.34	7.94	6.73	8.7	8.37	6.21	8.16	7.53	4.45	3.94	5.78	
112.0	68.0	5.0	5.0	4.32	7.99	8.5	8.21	5.86	5.76	5.23	4.79	5.38	8.72	7.81	6.94	4.48	5.8	3.89	3.46	5.8	5.25	4.75	6.68	3.13	
113.0	76.0	6.0	6.0	7.71	7.99	5.09	7.65	7.93	8.31	5.64	5.3	4.85	8.65	4.56	8.89	4.65	6.71	7.8	8.3	8.88	6.6	6.37	7.9	8.390652212627252	
114.0	73.0	13.0	13.0	3.99	7.79	7.77	3.25	4.49	6.86	7.99	6.58	7.28	7.59	8.01	8.8	6.74	8.55	5.8	7.51	8.38	5.12	6.22	3.23	4.76	
115.0	46.0	14.0	14.0	7.28	3.4	5.22	5.92	4.02	8.19	6.37	4.61	5.6	6.06	7.93	8.45	3.45	7.94	4.82	5.03	8.1	8.76	5.95	8.66	6.86	
116.0	69.0	12.0	12.0	5.13	6.49	3.02	3.1	4.07	7.83	8.17	8.86	6.68	4.68	6.55	6.65	3.45	4.01	7.06	5.82	8.84	3.28	8.75	6.92	7.73	
117.0	89.0	14.0	14.0	4.48	6.09	7.15	8.92	7.97	7.0	4.3	7.18	7.58	5.93	4.81	4.2	5.4	4.06	6.16	5.93	7.7	5.78	3.55	3.51	8.49	
118.0	49.0	12.0	12.0	3.59	3.25	4.11	5.44	8.84	6.26	5.14	8.3	7.68	4.47	8.67	4.43	6.48	5.84	6.75	8.56	5.57	7.65	3.57	8.03	5.37	
119.0	67.0	3.0	3.0	4.75	3.48	7.41	5.33	7.88	3.7	7.05	7.15	3.3	6.12	6.0	3.95	6.09	5.31	5.21	5.08	6.47	3.46	5.91	4.49	5.45	
120.0	98.0	15.0	15.0	4.64	8.36	7.77	4.71	4.92	3.51	5.93	7.82	7.38	4.02	8.37	8.74	3.7	4.42	6.95	7.49	5.71	8.47	7.42	8.41	3.48	
121.0	81.0	3.0	3.0	5.49	3.53	8.18	7.56	8.49	5.2	8.7	7.1	7.67	5.36	8.26	6.86	5.28	4.35	6.23	4.51	7.45	6.48	8.03	5.23	5.07	
122.0	56.0	13.0	13.0	7.39	7.57	8.03	7.23	8.76	7.35	7.13	7.84	4.03	8.73	3.06	5.05	4.64	7.79	7.17	7.33	7.59	6.55	6.67	4.76	8.14	
123.0	26.0	1.0	1.0	3.43	5.73	3.57	7.38	3.64	5.54	5.62	4.52	7.42	3.86	4.19	7.68	6.21	3.44	7.33	6.3	8.81	5.68	7.95	7.84	6.16	
124.0	78.0	8.0	8.0	4.97	3.41	7.04	8.59	5.54	4.73	8.9	4.24	5.46	3.82	3.33	7.02	4.68	7.08	5.6	5.15	8.82	8.28	4.32	6.84	4.1	
125.0	95.0	8.0	8.0	4.52	4.51	8.89	7.27	7.99	6.0	7.67	8.27	5.3	8.3	4.39	4.72	8.76	5.09	8.51	6.94	8.46	3.63	6.82	6.24	8.26	
126.0	96.0	15.0	15.0	3.32	6.96	8.02	7.11	4.72	3.6	4.11	4.14	6.59	3.68	4.21	3.56	3.84	6.68	7.0	8.2	7.14	8.27	8.84	3.63	7.74	
127.0	100.0	14.0	14.0	5.39	5.47	4.42	8.76	8.18	5.04	5.28	8.52	3.18	8.98	4.4	5.48	7.67	5.84	5.59	6.57	7.06	5.45	7.52	6.25	6.17	
128.0	82.0	6.0	6.0	8.21	7.29	7.62	3.01	7.08	5.37	5.11	7.27	8.92	5.08	8.97	4.36	3.22	7.03	6.02	8.96	7.29	7.14	5.15	7.36	5.54	
129.0	73.0	13.0	13.0	6.9	6.35	6.84	3.6	7.86	3.28	8.08	4.27	7.77	7.71	8.78	6.52	8.9	6.08	3.41	8.32	6.75	4.71	5.55	4.81	4.3	
130.0	90.0	4.0	4.0	3.46	6.49	3.53	8.25	6.73	3.26	8.84	4.02	7.13	4.65	7.95	5.24	3.99	8.22	8.56	5.62	5.54	4.61	7.05	8.21	3.71	
131.0	77.0	8.0	8.0	8.43	6.19	7.51	4.97	3.23	7.89	7.98	5.06	7.05	5.19	7.76	8.35	6.59	7.93	3.77	5.14	7.61	8.42	3.09	3.46	3.49	
132.0	95.0	8.0	8.0	6.56	6.58	4.01	4.28	3.3	8.94	3.74	7.2	6.08	5.16	6.07	6.99	4.96	6.65	3.72	3.91	6.9	6.53	5.59	6.55	5.58	
133.0	79.0	7.0	7.0	4.56	5.62	7.64	3.87	4.61	7.13	3.96	7.43	7.93	8.91	3.57	8.06	3.77	6.87	4.17	8.37	7.52	6.83	3.48	4.63	4.49	
134.0	81.0	3.0	3.0	4.16	3.86	4.89	5.11	8.8	7.15	4.4	6.75	4.38	5.33	4.5	8.29	5.7	7.14	5.59	8.93	5.68	3.44	8.03	6.72	4.51	
135.0	71.0	11.0	11.0	3.04	6.7	5.38	6.12	7.28	3.75	7.87	4.56	8.38	6.6	6.67	6.19	3.96	7.61	5.24	3.03	3.28	7.05	8.61	3.35	8.74	
136.0	67.0	3.0	3.0	6.52	6.56	3.33	5.63	5.09	3.14	5.52	4.9	3.24	3.94	3.23	6.4	6.05	8.12	3.39	8.44	3.4	5.3	6.57	6.65	4.01	
137.0	90.0	4.0	4.0	3.02	8.07	8.4	4.85	7.26	6.98	8.97	3.59	5.25	8.65	6.68	3.83	8.74	3.42	6.66	8.2	3.73	5.81	6.39	7.22	5.46	
138.0	93.0	4.0	4.0	8.45	8.37	7.74	4.18	8.81	5.16	5.23	7.15	8.89	3.19	8.75	5.39	5.85	7.41	5.16	5.9	6.88	3.38	5.92	5.7	5.29	
139.0	97.0	9.0	9.0	6.47	6.93	5.64	5.68	6.14	3.99	4.59	7.46	5.39	8.75	7.84	4.46	5.77	5.72	3.56	5.37	7.57	7.64	5.76	6.12	3.59	
140.0	98.0	15.0	15.0	4.44	3.16	5.77	4.79	6.27	4.32	4.71	7.32	4.11	8.57	3.42	4.61	5.95	3.57	3.38	3.6	3.49	8.65	7.83	3.07	8.32	
141.0	82.0	6.0	6.0	7.31	8.89	6.86	6.09	4.91	6.17	6.02	5.24	6.32	5.71	7.44	3.75	8.31	3.65	8.34	6.88	5.82	4.51	6.41	5.68	4.07	
142.0	85.0	3.0	3.0	7.43	5.43	5.71	5.19	6.06	4.49	7.13	4.71	5.75	7.2	5.65	5.56	5.15	3.24	5.84	5.18	7.46	8.28	4.24	4.84	7.84	
143.0	61.0	12.0	12.0	7.79	7.26	4.02	8.02	5.63	5.86	4.32	5.47	8.18	3.76	8.75	6.86	3.7	3.44	8.05	7.07	8.73	4.27	4.46	6.3	3.88	
144.0	92.0	10.0	10.0	8.29	5.39	3.5	6.11	5.7	8.77	8.89	8.83	6.81	3.31	5.74	4.65	4.05	7.55	8.72	3.45	7.99	6.44	8.42	6.74	4.31	
145.0	17.0	11.0	11.0	6.48	7.96	7.78	4.49	6.6	7.95	3.61	6.34	5.96	8.62	5.91	3.21	6.07	5.47	4.88	4.15	5.68	6.22	5.43	4.84	5.92	
146.0	96.0	15.0	15.0	6.75	8.68	6.95	4.02	6.24	8.95	8.31	3.98	7.83	8.26	6.08	4.19	5.53	8.15	6.25	5.33	7.15	7.7	7.81	7.37	7.56	
147.0	99.0	12.0	12.0	6.13	4.2	8.94	4.6	5.05	7.48	7.59	6.82	3.81	7.33	5.8	3.63	7.09	5.43	6.71	8.15	7.79	5.11	5.09	5.31	3.82	
148.0	14.0	13.0	13.0	5.92	3.58	7.59	8.63	6.95	8.79	8.94	8.97	5.34	7.52	5.19	5.72	4.66	8.52	6.84	3.0	7.43	6.84	6.45	7.84	3.59	
149.0	66.0	12.0	12.0	5.45	7.08	5.02	6.29	5.34	3.87	5.96	6.42	5.95	3.68	3.93	5.04	8.12	4.84	8.53	8.66	5.43	4.9	8.5	6.4	7.39	
150.0	97.0	9.0	9.0	7.13	5.23	7.08	5.9	4.73	4.22	6.16	4.84	6.92	3.45	5.51	4.85	4.29	4.85	3.77	3.53	3.66	4.77	8.78	3.21	8.47	
151.0	91.0	9.0	9.0	4.17	8.95	8.54	8.17	4.56	7.7	6.85	7.45	4.28	7.21	7.06	4.0	3.53	4.49	4.8	6.32	4.55	6.3	3.54	7.25	4.74	
152.0	95.0	8.0	8.0	7.18	8.94	5.98	7.52	5.75	8.19	6.94	4.16	4.51	8.1	3.01	7.26	6.1	6.11	3.95	5.37	7.14	6.45	7.39	7.03	4.03	
153.0	73.0	13.0	13.0	5.93	6.0	6.9	7.42	6.92	5.29	8.08	8.95	5.07	6.96	7.69	6.49	3.21	4.84	6.73	7.28	8.26	6.21	7.74	3.47	4.95	
154.0	55.0	6.0	6.0	5.5	7.05	8.81	5.15	4.67	5.41	3.55	3.71	8.78	3.06	3.01	3.54	5.12	5.08	4.71	3.51	5.79	3.52	7.92	6.39	8.19	
155.0	30.0	14.0	14.0	5.06	6.57	3.12	5.24	7.45	5.37	3.92	8.9	8.89	7.95	8.39	7.12	7.22	3.99	3.6	3.52	4.09	6.67	4.16	5.11	3.81	
156.0	9.0	15.0	15.0	4.7	7.64	7.16	3.15	8.32	7.15	3.79	8.22	6.44	4.5	4.51	8.38	7.25	6.87	5.15	4.68	4.86	7.43	7.45	7.72	5.11	
157.0	20.0	4.0	4.0	7.05	4.12	5.34	3.44	6.17	5.38	4.16	6.88	4.93	5.05	7.36	5.66	8.59	8.13	8.14	4.18	6.9	7.05	8.35	6.47	5.63	
158.0	63.0	15.0	15.0	6.42	6.61	7.1	4.4	3.11	4.82	3.75	3.08	6.08	3.69	3.93	5.16	8.9	3.59	4.23	5.29	3.39	7.36	5.57	8.33	4.17	
159.0	67.0	3.0	3.0	6.74	3.04	3.81	5.09	3.89	6.06	5.4	5.8	6.89	3.12	8.93	8.11	4.05	7.13	4.39	3.48	8.33	3.58	8.32	7.27	7.4	
160.0	99.0	12.0	12.0	8.97	3.51	4.53	4.25	4.52	8.95	3.34	6.73	3.65	8.46	8.69	5.59	7.02	3.68	6.49	5.7	7.71	4.65	7.78	6.58	3.15	
161.0	15.0	11.0	11.0	5.18	5.76	4.28	5.62	4.21	6.69	7.35	3.8	3.45	4.62	4.01	5.44	4.0	3.94	5.73	8.69	4.81	8.27	5.9	4.16	4.98	
162.0	63.0	15.0	15.0	4.77	3.39	5.72	3.39	5.89	3.31	7.11	4.42	6.15	5.34	6.53	7.62	8.35	4.89	4.0	4.91	7.83	4.38	8.94	7.99	5.73	
163.0	41.0	15.0	15.0	6.13	4.48	8.9	3.66	6.53	5.27	8.15	3.53	8.82	6.21	8.97	6.08	4.46	4.1	4.28	6.37	3.97	3.42	6.83	7.05	6.92	
164.0	69.0	12.0	12.0	7.81	6.36	3.2	6.01	5.23	5.07	6.18	6.32	3.93	3.42	6.87	5.21	5.29	8.15	4.67	4.05	3.97	3.69	8.38	6.33	8.12	
165.0	80.0	3.0	3.0	4.87	3.58	4.12	4.71	7.83	3.28	7.25	5.81	6.23	8.66	8.33	3.43	7.56	8.62	8.14	6.05	4.91	3.43	5.21	3.25	6.91	
166.0	96.0	15.0	15.0	7.34	5.79	3.94	6.02	3.75	3.32	8.31	5.18	5.15	5.62	3.12	8.98	6.56	7.56	4.81	5.62	4.85	8.86	5.72	3.45	8.77	
167.0	81.0	3.0	3.0	3.31	6.78	7.75	6.04	3.26	4.72	4.35	7.68	8.51	8.14	5.5	4.82	4.44	7.3	3.59	6.8	8.09	6.93	6.52	3.37	7.46	
168.0	46.0	14.0	14.0	4.04	3.48	8.28	8.79	5.74	4.23	5.45	4.94	5.04	5.03	3.77	7.94	5.92	6.1	5.66	6.27	3.75	5.82	4.59	4.02	8.96	
169.0	51.0	2.0	2.0	3.34	5.03	3.83	3.23	4.41	5.5	7.22	5.46	8.39	3.8	4.98	7.8	3.19	4.61	3.23	8.43	8.63	3.34	6.29	3.79	7.5	
170.0	13.0	3.0	3.0	6.38	5.2	5.53	6.32	6.98	6.32	8.03	5.56	8.6	3.17	4.5	7.19	3.34	6.92	6.33	8.49	6.77	8.18	5.11	5.21	4.35	
171.0	36.0	15.0	15.0	5.1	7.63	8.83	8.85	3.72	5.55	3.72	6.38	8.27	8.84	4.94	4.12	7.07	3.49	7.72	5.76	7.98	7.48	7.13	8.77	7.72	
172.0	78.0	8.0	8.0	8.29	7.33	6.68	8.71	5.23	3.06	7.01	6.84	3.0	7.55	8.74	5.94	5.73	3.22	7.33	3.91	8.34	8.65	6.62	3.1	5.15	
173.0	65.0	11.0	11.0	8.11	3.98	4.7	5.59	6.53	8.22	7.14	5.67	7.27	4.73	4.92	5.06	3.5	5.11	3.3	8.92	3.84	4.82	8.14	3.39	7.0	
174.0	62.0	7.0	7.0	4.08	5.32	6.32	6.27	7.83	4.51	3.39	6.67	4.39	8.63	5.14	5.73	7.1	7.48	7.97	5.82	3.49	7.65	3.23	7.38	8.03	
175.0	85.0	3.0	3.0	4.23	6.03	8.7	3.46	8.66	5.58	6.43	6.73	6.02	3.8	6.65	3.49	3.78	6.44	5.58	6.46	3.32	3.41	5.34	7.4	3.06	
176.0	53.0	12.0	12.0	6.65	8.03	4.57	6.6	8.11	8.87	4.26	8.62	4.37	8.9	4.82	5.14	3.66	3.57	4.39	7.89	6.89	6.91	3.84	4.16	7.86	
177.0	89.0	14.0	14.0	8.51	4.23	3.12	7.38	8.19	8.43	3.22	7.38	5.54	8.15	4.88	6.6	5.55	4.48	4.35	4.8	7.62	4.56	5.25	4.59	6.4	
178.0	94.0	13.0	13.0	7.16	6.58	5.65	7.32	8.59	6.61	3.55	8.98	6.51	5.88	4.15	6.97	6.08	6.55	7.15	6.18	4.28	7.67	8.95	9.0	5.54	
179.0	96.0	15.0	15.0	3.54	5.23	7.35	8.2	3.23	3.81	6.07	4.56	4.32	5.05	3.46	7.77	3.06	8.14	4.76	4.38	4.43	3.21	7.58	3.33	8.87	
180.0	98.0	15.0	15.0	8.77	8.46	8.22	3.42	8.86	5.15	8.39	4.13	7.25	7.81	6.5	5.19	3.52	8.8	7.68	5.32	5.37	7.98	6.84	7.45	3.89	
181.0	81.0	3.0	3.0	5.14	4.83	6.04	8.91	3.73	8.13	5.26	3.68	4.1	5.63	6.94	6.82	6.09	7.06	3.45	7.56	3.91	7.8	5.1	5.53	7.46	
182.0	86.0	15.0	15.0	3.81	3.97	3.39	4.96	3.61	3.88	4.49	5.45	5.46	8.08	5.35	4.7	8.77	3.51	3.14	3.12	5.38	4.28	3.94	5.61	6.25	
183.0	88.0	4.0	4.0	7.37	7.24	5.07	8.48	4.15	4.89	5.69	3.37	5.1	8.37	4.87	5.15	8.34	6.58	5.7	4.95	7.74	3.1	7.27	5.65	3.36	
184.0	90.0	4.0	4.0	7.88	3.16	5.83	8.68	4.79	3.91	8.32	3.53	4.7	4.73	4.43	8.5	6.88	8.2	7.14	4.11	5.04	3.88	5.86	8.99	8.41	
185.0	54.0	10.0	10.0	3.18	7.14	3.47	4.97	8.17	5.35	8.89	5.97	4.64	7.67	3.85	4.56	5.39	8.6	8.99	3.49	8.46	7.82	7.33	3.21	8.03	
186.0	74.0	1.0	1.0	7.28	7.88	7.19	4.13	8.52	7.63	8.27	5.76	4.49	4.06	3.91	5.0	5.12	3.1	4.86	6.54	7.09	8.32	3.18	4.39	5.07	
187.0	62.0	7.0	7.0	8.23	4.19	6.68	7.83	5.13	7.68	7.83	6.74	3.13	7.99	8.18	8.08	6.43	4.6	3.05	5.46	6.13	6.61	8.57	5.16	8.42	
188.0	82.0	6.0	6.0	4.65	8.58	6.45	4.14	4.5	5.81	5.79	8.16	8.47	3.13	7.07	7.99	7.69	5.07	6.6	5.34	7.43	6.52	7.47	5.54	6.68	
189.0	47.0	15.0	15.0	6.04	6.78	8.35	7.6	6.59	7.09	7.46	6.59	4.41	7.96	4.41	6.36	6.99	6.55	5.84	3.11	6.55	6.54	3.51	8.66	6.59	
190.0	78.0	8.0	8.0	6.93	3.16	5.88	6.62	7.49	7.76	5.78	6.65	4.79	5.21	3.04	5.14	6.51	7.6	5.72	7.25	6.57	4.47	4.82	7.12	7.74	
191.0	93.0	4.0	4.0	5.82	6.97	5.58	6.95	8.15	3.42	4.42	5.29	7.72	8.74	6.03	3.97	8.57	5.8	5.65	5.34	7.79	6.49	4.39	8.53	5.93	
192.0	94.0	13.0	13.0	5.02	5.04	6.93	8.39	7.85	8.94	6.5	3.6	4.15	5.38	8.3	5.86	7.69	5.41	5.48	3.21	8.92	8.15	8.92	6.33	4.99	
193.0	97.0	9.0	9.0	8.42	8.74	6.04	5.58	7.12	3.42	3.54	7.1	6.2	4.83	6.84	8.85	8.51	4.88	7.79	8.19	3.55	4.05	5.1	5.94	5.54	
194.0	62.0	7.0	7.0	5.65	6.34	5.31	3.52	4.13	7.08	3.57	5.95	6.75	6.52	4.09	8.78	8.07	8.62	7.68	8.83	3.03	7.54	7.21	6.83	4.42	
195.0	47.0	15.0	15.0	5.57	6.28	6.41	5.64	8.13	6.51	7.12	3.14	3.71	8.06	7.13	5.73	3.97	8.87	5.33	6.43	4.3	7.0	8.98	6.0	8.79	
196.0	88.0	4.0	4.0	8.42	6.16	5.42	8.81	6.12	8.36	4.92	8.96	7.31	7.68	5.25	7.77	7.7	3.91	6.42	6.29	6.7	7.15	7.82	4.13	4.76	
197.0	90.0	4.0	4.0	3.71	6.33	8.21	5.92	8.57	6.21	5.3	8.2	6.87	3.25	3.98	7.53	7.26	4.32	6.94	8.13	7.91	4.83	3.8	5.1	5.98	
198.0	55.0	6.0	6.0	7.88	5.33	7.03	3.12	4.03	6.41	4.19	8.1	3.29	6.53	4.79	5.15	5.75	4.24	8.25	6.22	5.41	6.48	3.03	3.57	3.36	
199.0	95.0	8.0	8.0	3.23	4.37	7.15	5.81	5.11	7.45	8.57	4.06	6.77	6.67	7.84	6.64	4.76	8.54	6.24	6.33	3.81	4.04	6.13	8.46	6.01	
200.0	64.0	4.0	4.0	3.89	4.03	3.96	7.82	8.44	3.14	5.51	4.5	7.82	8.25	4.05	7.07	4.7	8.79	6.98	4.41	3.64	3.66	6.47	6.14	4.52	
201.0	70.0	11.0	11.0	8.59	6.52	5.35	8.19	3.44	4.33	5.12	3.71	5.33	5.72	3.07	8.87	4.06	5.9	8.67	5.79	3.83	3.96	5.69	4.04	8.81	
202.0	85.0	3.0	3.0	6.52	4.61	5.91	3.72	7.44	4.8	6.61	4.95	4.74	5.55	6.91	4.5	3.05	7.56	4.02	4.99	4.92	3.88	7.27	8.54	3.81	
203.0	88.0	4.0	4.0	7.94	5.64	4.17	7.72	6.26	5.25	8.54	6.09	6.83	5.67	6.1	5.27	6.17	4.0	4.85	4.87	6.71	4.4	4.38	7.57	5.3	
204.0	92.0	10.0	10.0	3.93	7.29	6.47	3.93	4.48	6.79	8.72	6.67	3.8	5.44	5.14	4.02	8.54	6.62	4.34	7.53	8.44	7.74	4.31	5.68	8.16	
205.0	34.0	14.0	14.0	8.78	7.04	7.4	7.42	3.63	4.77	7.68	8.72	7.48	8.79	8.26	3.05	6.06	8.22	8.26	5.52	8.94	6.89	3.57	5.85	8.84	
206.0	97.0	9.0	9.0	7.94	5.99	4.36	3.74	3.7	8.7	3.93	7.93	8.06	4.86	7.46	7.82	8.26	8.45	8.46	6.99	6.24	7.67	6.51	8.54	6.43	
207.0	81.0	3.0	3.0	8.56	3.23	8.25	7.09	4.29	5.63	8.35	7.24	6.74	8.7	5.63	5.44	6.98	3.77	3.87	4.14	8.29	7.7	8.81	8.68	4.77	
208.0	82.0	6.0	6.0	5.62	7.57	6.66	3.15	3.12	8.19	5.98	3.15	7.37	8.4	3.9	5.29	4.91	7.95	3.89	3.68	7.46	6.12	5.06	8.05	5.12	
209.0	85.0	3.0	3.0	4.99	5.62	3.66	3.64	7.86	8.92	3.61	7.1	5.09	5.77	6.09	5.82	3.5	7.95	8.38	3.89	7.22	8.52	8.11	6.24	3.98	
210.0	88.0	4.0	4.0	3.68	8.51	4.79	8.98	5.1	8.45	4.1	7.22	3.2	4.86	5.78	3.64	5.39	6.91	5.27	7.03	3.55	6.9	3.57	8.93	7.86	
211.0	92.0	10.0	10.0	3.34	6.31	3.39	4.57	6.44	5.47	6.82	5.88	8.83	7.72	7.36	4.5	7.98	4.72	8.7	8.24	8.75	7.45	3.71	6.2	8.72	
212.0	94.0	13.0	13.0	6.51	7.16	4.96	8.62	4.86	8.89	5.9	4.29	7.0	6.52	8.45	7.2	6.84	6.3	6.77	7.29	7.33	8.56	7.59	6.81	3.88	
213.0	97.0	9.0	9.0	6.17	5.01	7.25	6.6	6.39	6.77	7.59	7.86	3.59	4.93	3.51	6.84	3.59	6.02	5.44	4.17	3.47	6.49	7.91	5.84	8.28	
214.0	81.0	3.0	3.0	8.74	5.78	6.75	8.05	8.91	8.44	5.13	6.16	3.52	8.66	5.97	4.44	3.16	3.77	5.08	8.37	8.52	3.36	3.47	8.01	7.56	
215.0	83.0	5.0	5.0	7.59	5.84	3.22	7.9	3.34	7.87	6.59	8.21	8.81	6.83	6.07	7.39	6.75	3.7	6.51	3.86	6.73	5.35	4.53	7.01	6.91	
216.0	76.0	6.0	6.0	8.1	5.2	4.13	6.92	3.45	4.08	6.24	5.96	8.18	7.2	6.69	6.44	8.18	4.67	3.7	6.59	8.35	5.43	6.97	6.15	6.51	
217.0	22.0	6.0	6.0	6.0	3.98	8.62	7.39	5.96	6.08	6.3	5.71	4.71	8.84	7.69	3.1	6.2	6.3	3.26	4.43	4.5	6.23	4.64	8.41	5.75	
218.0	94.0	13.0	13.0	8.38	6.76	7.36	6.08	4.61	7.09	6.29	6.7	5.5	4.27	4.1	4.41	8.18	8.77	3.17	8.84	5.4	6.02	5.22	5.13	6.6	
219.0	76.0	6.0	6.0	7.03	6.22	6.69	3.14	3.68	6.72	4.96	4.03	5.74	7.47	5.8	7.31	6.67	5.15	4.21	4.94	6.83	6.32	3.47	4.08	7.0	
220.0	100.0	14.0	14.0	3.12	7.78	5.13	3.22	7.58	7.73	6.19	6.51	6.76	7.57	7.85	6.19	8.02	4.98	4.15	8.9	5.4	4.24	8.23	5.67	4.02	
221.0	82.0	6.0	6.0	6.54	5.38	5.26	5.76	6.62	4.32	6.4	8.45	5.19	4.47	8.48	4.46	4.82	6.95	3.07	3.99	3.98	5.83	6.48	6.01	7.15	
222.0	85.0	3.0	3.0	7.02	5.98	5.05	7.76	7.31	6.13	3.47	7.49	8.27	5.22	4.64	3.62	4.83	4.77	8.54	8.52	8.42	3.66	8.27	7.47	5.13	
223.0	88.0	4.0	4.0	7.13	4.01	3.23	6.81	8.24	3.98	6.08	4.31	5.25	6.82	8.93	6.38	7.55	4.89	4.51	5.45	8.45	8.59	4.56	4.37	8.15	
224.0	91.0	9.0	9.0	4.19	4.81	5.01	8.1	7.29	6.06	3.31	5.91	3.24	8.26	8.28	6.94	3.45	6.1	5.94	7.34	3.37	4.3	3.39	3.43	8.19	
225.0	77.0	8.0	8.0	4.82	6.16	5.11	8.73	3.89	8.18	3.33	6.11	6.86	3.02	8.31	6.16	6.48	6.14	7.75	5.58	4.18	3.5	4.62	4.27	3.82	
226.0	97.0	9.0	9.0	7.56	5.51	7.63	7.41	6.56	5.99	7.72	8.46	6.18	7.44	6.26	3.15	8.91	3.02	5.45	3.93	7.44	8.54	4.86	7.09	6.48	
227.0	60.0	3.0	3.0	5.95	7.27	4.72	8.01	4.62	4.66	3.48	3.73	6.92	6.39	7.16	5.44	8.24	3.77	4.3	6.61	7.27	7.11	4.96	6.17	4.61	
228.0	83.0	5.0	5.0	5.6	6.92	5.04	6.25	8.27	6.45	3.68	7.65	7.69	8.05	4.41	4.51	3.1	5.49	4.34	5.93	4.5	5.26	8.18	6.03	8.15	
229.0	86.0	15.0	15.0	5.83	9.0	3.79	3.29	3.94	8.31	6.62	8.9	7.6	3.84	5.82	4.5	7.52	4.78	4.68	7.79	5.32	7.42	8.95	6.44	7.2	
230.0	57.0	14.0	14.0	8.52	3.42	4.26	3.49	5.25	7.53	6.23	4.01	5.04	7.58	3.26	5.2	6.32	5.39	8.7	6.63	3.3	6.82	3.34	4.29	7.49	
231.0	62.0	7.0	7.0	5.57	4.28	5.83	6.12	3.17	4.96	8.84	7.54	5.33	4.08	6.48	3.2	4.35	4.18	8.23	8.69	6.62	7.4	8.35	5.84	4.45	
232.0	94.0	13.0	13.0	8.7	6.0	4.43	8.87	6.41	4.87	8.56	8.48	3.67	3.18	8.98	3.06	7.85	8.71	3.9	5.12	8.1	3.91	3.13	8.55	3.86	
233.0	98.0	15.0	15.0	8.96	3.22	6.74	4.06	6.34	4.97	5.48	7.35	5.22	5.29	8.55	4.61	8.0	7.72	4.85	6.96	3.82	6.02	5.02	3.77	8.71	
234.0	82.0	6.0	6.0	8.51	6.94	7.84	8.28	8.21	3.45	6.75	3.71	5.71	6.52	5.7	7.7	5.19	6.62	7.82	6.07	6.99	4.11	3.39	4.92	5.07	
235.0	83.0	5.0	5.0	4.51	3.81	6.95	7.74	8.68	5.77	4.42	7.77	3.93	3.4	8.31	3.13	3.28	5.88	7.48	6.74	6.88	8.85	8.45	9.0	3.56	
236.0	86.0	15.0	15.0	7.6	7.75	7.8	8.03	6.25	5.15	5.29	4.55	3.24	3.45	5.53	4.49	8.78	7.91	3.73	5.75	3.99	7.41	5.83	7.05	3.89	
237.0	44.0	3.0	3.0	8.02	6.55	7.91	8.85	5.9	4.98	8.37	5.76	3.42	4.93	8.4	7.23	7.63	7.52	6.65	7.33	4.44	3.53	7.71	8.96	3.27	
238.0	94.0	13.0	13.0	3.58	5.44	7.17	6.06	8.63	8.33	3.81	8.54	7.74	5.14	4.5	8.55	7.14	3.25	7.38	8.81	5.47	3.5	7.47	3.93	6.3	
239.0	39.0	14.0	14.0	6.63	8.45	8.67	8.17	7.91	6.4	6.88	6.42	6.23	5.38	5.39	8.73	3.5	5.24	7.12	3.69	4.52	7.04	4.39	3.71	8.35	
240.0	98.0	15.0	15.0	6.31	8.18	4.96	4.71	7.66	6.21	8.32	5.97	6.31	6.91	3.69	3.25	7.82	5.61	8.22	3.29	3.2	5.72	7.34	6.18	4.99	
241.0	82.0	6.0	6.0	5.78	7.79	7.4	4.05	8.04	3.98	4.1	7.92	8.8	4.67	4.78	8.08	3.06	5.33	3.04	3.67	6.77	4.6	3.06	4.26	5.1	
242.0	84.0	12.0	12.0	7.3	7.49	5.08	8.45	4.84	3.97	6.13	5.59	7.93	6.3	3.21	5.6	4.25	6.86	8.04	3.87	3.64	5.04	7.88	3.38	5.12	
243.0	43.0	13.0	13.0	7.33	6.41	8.61	6.07	4.15	6.58	6.98	3.37	5.11	5.83	8.15	8.55	3.17	6.68	3.77	7.19	3.42	8.06	4.19	4.08	4.92	
244.0	46.0	14.0	14.0	8.49	4.06	8.08	5.42	6.59	3.29	7.03	5.17	8.14	4.95	5.21	5.09	4.3	8.04	4.0	3.04	7.61	5.78	8.98	7.6	6.31	
245.0	93.0	4.0	4.0	4.97	7.43	7.31	5.4	8.58	3.94	7.14	6.89	7.09	5.17	4.25	4.61	5.36	8.28	8.77	7.77	6.77	5.34	3.23	3.4	3.14	
246.0	76.0	6.0	6.0	6.67	5.67	3.93	7.95	7.83	8.56	5.6	7.75	3.9	3.85	3.5	8.28	6.42	8.04	4.93	7.84	5.28	8.65	8.09	4.75	8.28	
247.0	41.0	15.0	15.0	8.4	7.33	8.48	3.68	7.26	6.27	6.23	7.55	6.31	7.03	3.84	8.98	5.72	3.15	8.47	4.76	3.23	3.28	8.53	8.06	5.23	
248.0	83.0	5.0	5.0	5.82	4.64	5.19	5.35	4.94	8.51	4.52	7.57	4.79	5.09	6.7	3.14	7.46	3.9	6.16	8.87	3.39	3.87	3.81	6.85	8.23	
249.0	86.0	15.0	15.0	5.23	8.56	7.4	5.78	7.0	4.14	5.06	8.83	6.98	5.94	8.89	3.03	5.5	7.01	6.7	3.68	5.79	3.34	4.8	4.32	7.88	
250.0	57.0	14.0	14.0	8.07	7.59	3.24	3.91	3.47	8.38	7.3	5.32	8.14	8.25	6.46	5.45	5.98	3.71	3.42	3.34	4.3	5.57	5.26	6.0	8.97	
251.0	92.0	10.0	10.0	3.25	3.82	7.39	3.45	8.35	7.2	7.57	6.37	7.93	8.24	3.67	4.94	4.1	4.52	3.2	5.33	5.41	5.53	8.54	3.2	3.73	
252.0	43.0	13.0	13.0	6.65	8.53	8.69	3.05	6.99	4.21	5.4	6.53	6.47	5.59	7.8	3.66	3.61	8.04	7.92	8.12	4.4	8.54	6.18	3.85	4.65	
253.0	73.0	13.0	13.0	8.57	8.99	8.88	3.63	8.8	6.42	7.24	4.93	8.52	3.67	4.08	8.74	3.3	4.41	6.34	3.18	6.73	5.58	8.15	5.18	5.15	
254.0	83.0	5.0	5.0	8.04	5.46	6.8	7.78	8.06	3.77	8.91	8.14	8.4	6.0	7.74	8.57	8.59	5.36	3.12	3.05	7.94	7.23	4.74	4.7	7.46	
255.0	76.0	6.0	6.0	5.28	8.46	4.8	5.98	3.12	4.69	5.98	8.94	8.42	4.16	8.65	7.04	3.84	6.23	6.31	6.61	6.08	5.93	3.1	4.17	7.14	
256.0	86.0	15.0	15.0	4.64	7.48	6.77	6.16	4.76	6.9	3.96	5.26	7.51	8.45	7.18	3.37	6.93	6.96	6.72	4.31	4.87	3.48	8.12	7.98	7.83	
257.0	89.0	14.0	14.0	7.48	8.56	7.52	7.06	3.49	6.52	3.85	4.71	8.45	5.27	4.94	6.9	5.96	6.28	8.82	5.95	7.55	3.94	3.58	5.36	7.64	
258.0	48.0	13.0	13.0	8.84	7.18	5.74	6.94	5.18	5.58	3.95	5.77	8.66	7.45	5.72	7.81	6.27	3.69	3.6	5.09	8.21	7.13	4.04	7.43	6.95	
259.0	66.0	12.0	12.0	4.84	3.88	7.13	8.54	8.52	4.99	4.82	4.7	5.36	3.36	6.21	7.25	7.78	7.51	6.68	6.97	8.42	3.16	8.0	6.77	7.03	
260.0	11.0	4.0	4.0	7.43	8.57	3.19	4.4	5.95	3.23	6.19	5.29	3.45	8.61	7.75	3.66	5.53	5.83	6.71	3.12	5.06	7.31	7.01	7.67	6.8	
261.0	50.0	9.0	9.0	4.61	7.54	6.62	4.83	3.05	5.34	8.5	7.51	5.25	5.72	3.73	7.46	3.18	3.97	5.67	5.3	8.12	7.83	7.85	6.69	5.15	
262.0	53.0	12.0	12.0	6.32	3.22	6.21	8.11	4.64	8.32	3.97	4.49	7.45	7.82	3.01	4.65	5.33	7.0	8.92	7.07	3.26	3.01	6.05	5.04	5.13	
263.0	87.0	5.0	5.0	6.28	5.97	6.47	8.83	5.68	6.95	3.37	7.65	7.91	5.53	3.38	4.2	7.39	5.36	3.86	6.4	4.92	8.42	3.57	7.33	7.96	
264.0	90.0	4.0	4.0	6.9	7.25	6.81	4.2	3.22	8.27	3.47	7.16	8.18	3.76	3.51	6.13	5.35	6.38	8.14	6.28	3.36	5.83	7.0	8.65	7.14	
265.0	45.0	5.0	5.0	6.58	3.9	4.66	6.1	7.59	7.19	7.19	4.74	8.85	7.91	5.66	6.57	3.19	5.75	4.66	8.98	3.28	7.12	3.84	8.69	6.21	
266.0	31.0	8.0	8.0	3.2	7.48	4.36	3.44	8.07	4.86	7.94	7.49	4.03	7.49	3.44	4.44	6.88	7.24	6.56	3.7	8.53	6.22	8.9	8.47	3.91	
267.0	71.0	11.0	11.0	3.82	5.42	8.93	8.31	8.62	4.24	3.76	5.52	6.57	3.82	5.88	5.87	8.09	6.93	6.1	4.05	3.02	7.31	6.18	7.73	3.67	
268.0	82.0	6.0	6.0	3.55	8.0	3.07	6.63	5.95	8.13	5.06	4.38	7.66	7.12	5.2	4.76	6.8	6.81	5.6	4.33	3.4	3.76	7.54	3.6	8.11	
269.0	52.0	4.0	4.0	5.34	6.1	7.1	4.78	7.57	5.94	8.88	3.1	7.46	6.95	4.51	3.11	3.43	4.54	4.87	4.82	5.51	3.53	3.4	5.87	4.64	
270.0	88.0	4.0	4.0	8.37	8.97	4.15	4.08	5.44	7.22	3.78	3.16	6.1	7.47	8.26	5.67	8.68	4.17	5.11	4.49	6.28	7.23	4.96	4.93	8.96	
271.0	91.0	9.0	9.0	4.19	6.12	6.55	5.86	4.15	5.92	4.3	7.72	4.57	3.49	5.98	6.54	8.32	6.41	3.91	4.67	7.37	7.09	6.24	7.02	7.2	
272.0	94.0	13.0	13.0	8.82	4.58	5.77	5.81	5.44	6.19	5.41	8.63	8.34	7.65	8.62	5.07	8.08	5.76	5.37	4.24	4.03	5.84	7.61	7.7	7.27	
273.0	97.0	9.0	9.0	8.04	5.06	8.59	3.73	6.65	3.89	4.82	7.84	8.82	3.43	8.23	7.47	3.5	6.79	5.41	6.35	5.39	5.73	4.58	5.5	3.79	
274.0	55.0	6.0	6.0	4.49	8.1	7.39	6.66	3.73	3.88	5.53	6.52	7.18	3.44	4.04	8.01	5.31	5.59	3.93	3.97	4.63	5.75	5.63	5.86	4.91	
275.0	83.0	5.0	5.0	8.8	3.89	4.87	7.37	8.35	3.91	6.36	8.53	5.26	4.89	7.48	6.35	7.7	7.05	7.68	7.57	8.75	3.47	4.91	8.72	3.45	
276.0	86.0	15.0	15.0	4.81	5.62	4.41	3.78	8.84	7.78	6.73	8.02	3.0	8.21	3.44	6.27	6.78	8.74	4.58	4.98	6.71	5.32	8.42	4.76	8.83	
277.0	8.0	15.0	15.0	6.56	5.63	8.08	3.19	4.19	6.07	3.77	6.91	5.15	3.11	8.16	8.12	3.85	3.72	5.16	3.6	3.26	7.57	8.53	8.01	3.35	
278.0	52.0	4.0	4.0	8.9	6.96	6.61	8.48	8.43	4.01	4.01	6.24	3.46	5.88	6.21	7.99	4.49	8.91	7.07	8.47	4.08	5.33	6.87	8.99	6.89	
279.0	96.0	15.0	15.0	7.86	4.74	8.19	6.29	4.93	3.54	4.05	5.35	7.7	7.0	7.91	4.23	6.55	5.9	8.39	5.25	5.3	3.52	7.48	8.93	3.26	
280.0	6.0	7.0	7.0	7.92	7.87	8.89	5.99	6.56	3.78	6.3	3.6	8.35	3.92	3.18	7.65	3.32	8.34	7.74	7.89	4.68	6.56	5.29	6.92	5.41	
281.0	81.0	3.0	3.0	4.23	8.62	8.16	8.73	3.79	5.88	7.85	6.02	6.49	3.52	8.28	6.98	8.72	6.08	5.11	4.99	6.61	4.16	7.81	7.18	7.65	
282.0	1.0	11.0	11.0	7.22	8.36	5.79	3.49	8.46	4.95	5.54	4.47	8.97	7.06	6.19	7.09	6.96	6.78	6.69	8.06	6.53	3.92	4.57	8.5	5.34	
283.0	89.0	14.0	14.0	4.74	8.77	5.9	5.74	8.81	5.06	4.14	5.59	8.53	4.99	3.07	3.25	6.75	5.13	4.01	5.82	5.52	8.66	5.38	4.61	7.31	
284.0	91.0	9.0	9.0	3.83	6.06	6.56	5.48	7.27	6.89	8.05	3.69	7.45	3.91	7.59	6.79	5.02	4.79	7.67	3.67	3.67	7.27	6.53	7.47	7.73	
285.0	93.0	4.0	4.0	5.91	3.59	3.49	5.52	3.77	6.14	7.66	5.56	5.6	6.98	5.18	7.83	5.12	4.76	5.4	5.13	4.72	7.72	4.83	4.75	3.33	
286.0	60.0	3.0	3.0	8.73	5.28	8.82	5.77	5.24	4.18	6.17	8.82	6.44	4.43	8.19	4.09	3.66	8.6	6.93	4.57	8.92	6.08	8.39	3.05	6.8	
287.0	74.0	1.0	1.0	3.27	3.86	6.19	6.66	7.67	4.94	7.39	5.14	6.51	5.63	4.84	8.53	4.43	6.4	8.35	7.14	4.14	3.86	3.07	4.58	3.7	
288.0	84.0	12.0	12.0	5.51	8.49	5.86	4.94	6.09	6.79	7.41	7.84	8.48	8.33	5.79	8.78	7.44	7.69	6.05	6.17	6.95	7.23	7.09	4.05	7.45	
289.0	87.0	5.0	5.0	3.1	4.12	8.69	7.11	4.89	6.26	8.19	6.71	8.32	7.77	8.0	3.21	7.69	5.22	7.81	5.82	7.48	7.38	3.84	3.25	5.17	
290.0	89.0	14.0	14.0	6.36	3.23	5.58	4.37	5.6	8.85	4.87	5.29	3.37	4.13	8.4	6.9	8.14	4.69	7.85	3.22	5.57	7.87	6.59	4.24	7.71	
291.0	91.0	9.0	9.0	5.55	8.62	3.13	4.44	4.96	7.17	6.2	5.97	7.83	6.94	7.07	7.77	5.24	4.75	3.84	8.31	7.6	8.26	4.53	6.97	4.38	
292.0	94.0	13.0	13.0	8.05	4.04	7.65	6.45	7.46	5.14	4.86	8.84	3.68	8.08	5.04	8.29	8.53	7.79	4.93	4.2	5.13	5.92	5.74	4.48	4.28	
293.0	98.0	15.0	15.0	5.81	7.43	5.95	3.54	6.52	5.36	7.44	4.7	4.78	8.16	7.34	4.61	5.01	3.76	5.96	6.11	5.39	4.69	5.5	4.66	3.49	
294.0	3.0	6.0	6.0	4.81	6.93	6.92	7.57	7.21	3.53	7.71	7.71	6.17	7.25	3.89	6.93	8.01	8.04	4.31	4.68	3.41	7.71	5.8	8.22	3.03	
295.0	85.0	3.0	3.0	8.38	8.57	3.06	4.26	7.96	3.81	5.0	5.62	5.13	5.91	6.56	3.91	3.39	8.52	5.93	3.28	8.71	8.57	4.27	8.68	3.03	
296.0	86.0	15.0	15.0	8.1	3.79	8.55	6.02	4.12	3.63	6.64	7.04	3.81	7.53	5.09	6.89	3.88	6.36	5.78	5.49	6.42	5.67	3.54	5.41	5.17	
297.0	44.0	3.0	3.0	4.43	5.98	6.14	4.18	8.37	5.98	8.07	7.8	8.34	7.68	3.82	4.33	8.87	4.83	8.13	6.37	3.16	8.84	8.15	3.69	3.32	
298.0	93.0	4.0	4.0	3.97	5.45	7.68	5.88	6.76	7.66	6.72	6.61	8.85	5.44	5.74	3.58	4.14	7.82	4.46	7.24	4.98	3.69	8.59	4.17	7.77	
299.0	97.0	9.0	9.0	5.1	7.62	4.48	4.35	3.87	5.21	7.94	6.99	8.5	3.62	6.5	4.21	4.31	8.25	5.1	3.88	4.07	4.55	8.12	8.79	6.61	
300.0	99.0	12.0	12.0	3.3	8.3	8.89	8.84	8.26	5.07	4.88	5.55	5.19	3.89	8.76	6.3	3.16	5.21	6.98	8.42	3.91	8.86	3.65	4.06	5.12	
301.0	81.0	3.0	3.0	8.5	8.71	3.62	5.97	7.7	3.2	4.11	7.2	5.14	4.6	5.79	3.69	4.9	3.51	3.49	7.02	7.63	5.62	6.25	6.48	7.32	
302.0	84.0	12.0	12.0	5.29	8.01	7.43	6.56	8.52	8.71	5.68	6.17	3.72	3.71	8.53	7.87	8.35	3.48	8.22	6.31	5.05	3.72	5.09	5.51	6.17	
303.0	89.0	14.0	14.0	4.85	7.73	7.7	4.74	6.29	8.11	7.88	5.5	8.18	4.72	5.32	7.34	5.11	8.04	6.55	7.56	6.72	8.92	8.27	7.47	3.82	
304.0	91.0	9.0	9.0	3.22	5.32	3.83	4.86	7.36	3.74	6.05	5.94	7.86	7.91	3.67	4.72	3.02	5.28	3.46	4.73	6.0	7.85	4.4	3.82	5.99	
305.0	94.0	13.0	13.0	5.13	3.04	7.64	5.44	6.12	7.48	4.5	8.12	8.7	3.24	3.97	5.7	6.56	4.98	6.2	7.68	8.98	5.65	8.16	5.92	8.63	
306.0	97.0	9.0	9.0	8.99	3.88	3.88	8.88	6.64	8.07	7.98	3.35	6.97	6.15	4.12	7.35	4.65	3.8	3.74	7.23	3.01	6.27	3.06	5.38	3.29	
307.0	78.0	8.0	8.0	5.43	7.0	3.63	5.25	5.31	7.91	8.1	4.62	3.14	8.89	4.59	8.71	5.7	8.93	8.76	6.75	4.81	4.76	4.01	3.3	5.85	
308.0	6.0	7.0	7.0	4.0	5.56	6.66	5.94	6.37	3.89	8.2	4.0	6.53	8.9	7.44	8.25	6.96	3.12	6.78	8.45	4.03	7.77	7.21	3.91	4.43	
309.0	85.0	3.0	3.0	8.27	8.73	7.83	8.13	5.12	4.56	5.21	4.98	8.78	4.2	7.1	5.81	5.57	8.24	8.57	3.5	3.24	5.95	7.29	4.68	4.88	
310.0	88.0	4.0	4.0	6.93	6.08	8.62	5.33	6.28	6.63	7.72	3.59	8.2	6.65	7.57	3.47	6.32	8.45	4.2	5.62	5.0	3.28	3.9	3.65	5.19	
311.0	92.0	10.0	10.0	3.41	5.58	4.85	4.56	5.6	6.17	4.38	3.2	5.87	4.92	3.83	7.11	5.01	7.22	6.81	5.79	5.32	6.76	4.53	7.38	3.35	
312.0	95.0	8.0	8.0	6.4	4.85	6.35	3.15	3.61	5.77	8.08	3.43	8.24	8.4	3.9	8.29	6.14	7.94	6.12	8.43	4.46	8.69	7.0	7.2	3.0	
313.0	99.0	12.0	12.0	4.28	4.95	4.95	7.6	3.12	3.26	7.75	5.83	3.15	7.82	6.82	4.71	7.96	6.08	8.82	4.98	6.31	6.96	4.34	3.47	8.45	
314.0	100.0	14.0	14.0	4.97	6.75	5.19	5.89	6.37	8.53	3.47	7.6	8.53	7.45	4.4	4.08	5.04	6.42	5.65	8.6	4.48	6.41	3.57	5.92	3.8	
315.0	72.0	11.0	11.0	3.38	6.94	7.41	8.43	4.28	7.39	5.23	4.48	4.21	7.7	8.41	6.9	6.51	7.93	3.15	5.38	5.74	7.79	8.77	8.74	4.6	
316.0	87.0	5.0	5.0	4.29	5.01	8.41	6.09	5.88	8.56	8.42	6.25	4.1	3.97	7.26	5.1	7.31	7.08	8.57	8.87	5.63	3.6	5.83	6.69	5.44	
317.0	90.0	4.0	4.0	5.6	8.36	3.75	3.7	7.35	4.23	3.01	3.74	5.79	7.94	4.2	3.38	3.29	6.92	8.24	8.81	6.25	3.93	7.63	5.75	8.95	
318.0	93.0	4.0	4.0	3.36	3.04	7.27	5.08	5.45	5.06	5.91	3.8	4.85	8.2	6.69	7.76	6.86	7.75	4.26	3.58	5.98	3.82	7.73	8.6	6.53	
319.0	96.0	15.0	15.0	6.84	8.12	3.19	6.11	6.59	8.19	3.09	5.59	7.36	7.1	6.21	8.34	3.18	6.4	5.74	4.04	8.7	3.6	8.11	7.33	3.43	
320.0	100.0	14.0	14.0	6.32	5.06	8.39	6.29	7.24	8.41	4.4	3.93	8.19	6.89	8.62	6.5	7.59	3.66	5.26	4.41	8.64	5.84	7.0	8.14	8.94	
321.0	83.0	5.0	5.0	3.45	6.47	4.94	3.98	5.52	5.69	7.96	5.17	4.79	4.01	3.47	4.48	3.65	5.18	7.42	8.04	3.89	3.1	8.07	3.02	3.98	
322.0	85.0	3.0	3.0	4.9	6.75	5.88	3.12	8.08	5.07	8.94	4.11	4.61	4.73	7.75	3.51	6.75	8.55	6.28	3.55	5.09	8.59	6.77	8.23	8.34	
323.0	64.0	4.0	4.0	6.5	6.16	3.52	3.5	5.18	3.42	3.25	7.38	4.11	5.1	5.36	3.28	4.31	8.05	3.61	6.56	8.88	7.54	6.25	6.75	3.4	
324.0	65.0	11.0	11.0	4.48	7.35	4.12	4.36	8.85	8.33	6.41	7.69	3.91	7.78	7.94	5.8	5.59	4.51	8.01	7.49	4.57	3.88	7.33	4.99	8.71	
325.0	94.0	13.0	13.0	5.63	5.35	7.44	3.15	6.3	4.43	4.83	4.04	4.0	6.11	7.17	8.4	3.47	8.94	8.31	4.14	6.05	7.16	8.55	7.34	3.36	
326.0	98.0	15.0	15.0	3.36	3.07	8.96	7.46	6.72	8.81	7.41	8.6	3.24	5.22	3.27	8.08	7.2	6.32	7.94	4.53	6.61	7.8	8.75	6.27	3.09	
327.0	99.0	12.0	12.0	7.93	7.87	5.48	6.56	7.28	5.02	8.4	5.13	8.04	4.38	3.48	7.44	6.32	3.41	5.87	5.42	3.56	3.69	5.14	4.51	7.42	
328.0	82.0	6.0	6.0	6.05	8.61	8.81	3.84	6.91	3.68	4.33	4.11	4.83	3.61	6.2	8.94	3.78	7.13	5.23	7.88	7.13	8.53	6.12	4.35	5.08	
329.0	87.0	5.0	5.0	8.97	6.12	8.87	8.51	5.47	4.31	8.45	3.96	7.94	8.42	3.27	3.58	4.12	3.9	3.09	6.63	5.78	8.01	7.31	8.88	7.09	
330.0	89.0	14.0	14.0	8.66	5.92	5.0	8.14	4.28	4.01	5.38	3.08	3.91	8.54	5.61	4.81	4.16	7.0	3.45	7.88	4.15	4.05	4.18	5.17	6.76	
331.0	28.0	8.0	8.0	7.17	5.3	3.03	6.76	8.42	6.52	7.33	8.3	8.29	7.03	3.8	7.04	3.37	8.61	4.69	5.35	6.26	6.31	4.28	3.61	7.99	
332.0	94.0	13.0	13.0	3.98	4.54	5.9	6.29	8.07	4.64	8.38	3.51	3.47	5.49	6.81	3.74	5.82	3.49	5.19	5.26	8.08	3.88	4.33	8.81	7.69	
333.0	97.0	9.0	9.0	6.08	7.11	8.93	7.4	5.73	6.61	5.58	6.03	7.12	7.44	5.92	7.2	4.88	4.38	7.86	5.09	4.05	4.84	3.7	4.66	6.69	
334.0	100.0	14.0	14.0	8.86	5.78	3.51	3.58	6.48	4.54	7.32	7.06	6.66	7.94	3.2	3.74	3.61	4.24	5.95	5.58	6.74	6.54	5.27	4.08	9.0	
335.0	83.0	5.0	5.0	4.51	3.63	8.38	8.89	5.62	8.96	5.16	7.49	3.91	8.62	7.5	7.06	7.07	3.98	7.96	5.88	3.93	7.62	3.23	4.53	8.2	
336.0	88.0	4.0	4.0	8.09	6.56	7.44	4.57	7.63	8.43	5.13	3.29	8.31	3.79	8.95	8.77	8.84	7.94	8.14	5.76	8.91	3.88	4.96	7.52	5.76	
337.0	91.0	9.0	9.0	3.4	3.63	3.51	8.14	3.73	7.12	4.88	7.7	8.8	4.59	5.01	3.93	7.79	6.7	4.33	3.54	4.74	7.21	5.27	4.67	6.55	
338.0	67.0	3.0	3.0	5.14	5.47	7.19	5.62	7.69	7.39	8.97	4.33	7.94	3.85	7.5	3.47	4.09	6.56	3.08	8.64	7.06	5.89	3.8	8.74	8.62	
339.0	95.0	8.0	8.0	5.2	7.7	7.3	4.19	8.51	6.82	5.2	4.9	3.77	5.15	6.89	4.21	3.8	5.12	6.26	5.39	3.86	5.95	7.82	6.55	3.25	
340.0	99.0	12.0	12.0	3.07	3.53	3.93	7.25	5.12	8.56	5.67	7.82	3.61	8.33	4.56	8.05	8.25	3.74	6.55	8.57	3.31	5.33	6.76	3.77	7.15	
341.0	81.0	3.0	3.0	4.32	5.96	4.29	7.19	6.51	6.54	6.0	6.2	3.24	8.03	7.76	6.15	3.93	3.93	7.3	8.51	5.26	4.77	6.23	3.23	8.18	
342.0	86.0	15.0	15.0	7.99	4.99	6.26	7.94	8.9	4.52	6.36	7.65	5.45	7.54	3.65	3.0	5.43	4.6	8.73	4.34	5.04	5.6	7.03	8.42	7.16	
343.0	89.0	14.0	14.0	4.83	3.8	6.69	4.72	7.32	8.82	3.76	6.84	8.08	5.77	5.95	4.42	8.13	6.61	5.23	7.08	7.38	5.15	8.2	3.2	8.57	
344.0	92.0	10.0	10.0	4.34	3.61	5.1	7.41	4.86	8.97	6.94	8.14	4.58	3.87	8.28	4.74	4.04	5.65	4.21	8.41	7.83	3.13	6.28	6.1	6.74	
345.0	95.0	8.0	8.0	3.38	5.5	6.67	5.5	3.18	8.76	7.9	5.48	7.3	3.71	8.18	6.63	5.75	8.52	4.63	7.23	7.86	4.83	5.82	4.47	3.3	
346.0	96.0	15.0	15.0	8.03	6.36	8.71	5.26	6.52	3.38	8.71	5.92	8.23	8.06	6.27	3.23	8.17	8.29	3.23	5.67	6.45	4.18	7.96	7.03	7.45	
347.0	99.0	12.0	12.0	6.13	7.24	5.56	8.91	4.75	8.03	6.98	6.17	5.9	3.18	7.55	6.58	6.69	5.92	3.79	8.23	6.19	8.7	3.61	5.09	8.75	
348.0	82.0	6.0	6.0	7.72	7.05	3.69	5.14	7.17	7.2	6.04	5.25	5.72	8.99	8.56	7.89	5.36	7.91	8.19	6.6	5.29	8.3	6.84	4.27	3.15	
349.0	85.0	3.0	3.0	5.63	4.28	5.35	4.52	5.06	3.61	6.27	8.62	8.95	8.89	7.41	7.01	3.31	8.92	8.19	6.69	5.3	3.8	7.39	4.89	3.05	
350.0	90.0	4.0	4.0	7.74	7.05	5.23	5.87	6.39	6.21	4.59	5.05	4.84	4.84	7.72	3.97	3.44	4.47	5.29	5.96	8.33	3.86	6.68	6.03	3.96	
351.0	91.0	9.0	9.0	5.42	4.17	4.95	7.1	3.68	8.52	7.38	4.27	5.15	3.03	5.04	4.78	7.04	7.95	5.93	4.67	8.37	5.89	3.63	5.2	7.92	
352.0	95.0	8.0	8.0	3.64	4.16	9.0	7.07	7.04	8.35	8.62	5.82	6.53	8.47	5.72	6.35	3.37	3.43	6.1	5.64	5.22	6.75	6.69	4.52	3.77	
353.0	98.0	15.0	15.0	4.18	7.78	4.24	7.46	5.47	7.39	5.08	7.05	7.73	6.83	5.55	8.3	7.25	4.36	4.17	8.76	8.44	3.28	5.12	6.45	3.52	
354.0	84.0	12.0	12.0	6.2	5.58	8.1	8.77	5.66	4.6	8.26	4.05	8.69	5.71	8.6	8.91	6.89	5.02	8.37	8.31	8.45	8.78	7.75	5.98	1.6719977647072795	
355.0	83.0	5.0	5.0	4.58	3.4	4.46	4.8	4.64	3.19	3.98	8.55	7.79	3.42	6.57	8.5	6.31	8.6	5.61	7.99	7.84	3.94	3.5	7.64	3.22	
356.0	88.0	4.0	4.0	5.41	6.3	7.82	6.56	4.23	3.76	4.97	3.41	4.57	3.62	7.6	7.74	6.14	3.1	5.85	5.89	7.99	8.54	5.57	8.55	4.47	
357.0	63.0	15.0	15.0	4.6	6.21	5.9	6.14	3.91	7.05	7.72	7.71	4.71	8.93	3.56	4.31	7.83	3.2	6.48	7.25	4.82	8.72	6.94	3.48	3.05	
358.0	68.0	5.0	5.0	4.48	8.0	7.91	4.56	4.4	7.37	8.95	4.31	8.59	3.58	7.6	6.18	8.65	5.31	5.27	7.97	5.51	4.04	5.62	8.24	7.55	
359.0	97.0	9.0	9.0	4.11	6.52	5.63	5.15	7.16	4.6	7.36	6.35	3.88	3.24	5.8	8.9	8.82	6.43	3.33	8.51	4.63	5.2	8.48	3.92	4.76	
360.0	100.0	14.0	14.0	4.88	5.45	3.07	5.17	4.9	8.94	5.5	7.77	5.77	8.88	4.32	4.44	4.96	5.2	8.16	6.21	7.67	5.47	6.19	7.61	4.03	
361.0	61.0	12.0	12.0	3.44	6.14	7.22	4.04	4.22	6.81	4.51	4.19	4.3	5.3	5.54	7.69	4.66	3.55	5.72	3.98	7.31	6.82	6.57	6.09	4.23	
362.0	4.0	9.0	9.0	7.34	6.24	4.52	6.7	5.5	7.17	4.85	7.84	6.84	7.58	7.16	5.82	7.13	3.25	7.47	7.63	8.28	3.45	3.25	5.4	5.51	
363.0	97.0	9.0	9.0	5.89	7.5	8.36	8.67	5.98	7.73	5.98	7.61	7.9	4.1	8.75	7.71	6.29	4.93	8.97	3.63	5.31	6.09	6.75	7.01	8.82	
364.0	90.0	4.0	4.0	7.78	4.8	5.42	4.24	5.31	3.99	8.34	5.11	7.59	7.19	8.71	3.81	8.38	5.67	4.63	3.06	7.47	8.92	7.17	7.7	8.5	
365.0	93.0	4.0	4.0	5.73	4.75	8.13	5.1	3.32	6.31	4.05	7.33	5.0	8.31	7.08	7.94	5.39	7.97	3.18	4.98	4.97	6.67	7.38	4.3	4.89	
366.0	98.0	15.0	15.0	6.14	8.94	3.82	8.12	8.21	8.24	7.12	3.59	5.12	5.0	8.02	6.09	3.19	6.7	3.44	8.98	5.66	7.71	6.97	7.58	4.73	
367.0	81.0	3.0	3.0	3.75	8.22	5.26	8.21	8.87	6.41	5.99	4.58	6.27	8.15	6.9	7.35	7.52	6.97	7.68	6.62	8.52	5.27	7.26	3.88	7.15	
368.0	82.0	6.0	6.0	8.64	4.34	7.0	8.58	8.55	4.68	8.69	5.32	6.92	5.21	7.85	7.52	3.86	8.48	8.33	3.48	8.82	5.86	6.64	3.07	5.13	
369.0	87.0	5.0	5.0	3.54	6.78	4.76	8.79	7.64	4.66	4.65	6.21	8.11	3.28	3.11	4.09	5.36	8.47	8.25	3.46	5.1	4.08	4.31	7.06	3.67	
370.0	25.0	12.0	12.0	8.95	4.21	8.76	6.47	3.49	3.99	3.46	5.59	8.69	8.13	4.47	8.7	4.15	8.46	6.64	7.42	5.33	6.49	5.37	7.58	6.75	
371.0	67.0	3.0	3.0	5.06	6.66	4.97	7.27	7.19	6.82	3.46	6.54	8.01	5.47	5.23	5.17	7.98	5.37	8.65	3.72	6.55	4.5	7.02	5.58	8.78	
372.0	95.0	8.0	8.0	6.68	6.37	8.84	3.8	8.14	7.6	4.51	3.43	5.62	5.78	6.31	3.26	3.03	7.47	5.43	7.26	3.64	6.57	3.78	4.55	4.72	
373.0	99.0	12.0	12.0	6.16	4.97	3.23	3.06	7.44	8.02	6.87	8.6	6.11	7.16	5.75	3.08	6.39	5.5	3.5	6.92	8.24	5.35	5.52	3.63	6.81	
374.0	100.0	14.0	14.0	6.33	5.37	3.19	4.31	8.94	3.25	6.41	8.23	8.63	7.86	7.34	7.34	8.02	3.3	3.47	7.31	7.1	4.63	6.77	5.08	5.6	
375.0	83.0	5.0	5.0	5.9	7.46	6.15	4.23	4.86	8.73	4.38	3.07	8.88	4.19	8.34	3.04	8.84	5.99	4.44	6.96	5.39	6.97	4.54	8.44	4.28	
376.0	16.0	14.0	14.0	7.5	3.94	4.02	3.76	3.29	4.72	6.21	4.89	6.08	5.77	8.3	6.49	7.14	8.54	7.66	6.37	5.87	7.37	8.06	3.48	6.88	
377.0	53.0	12.0	12.0	8.59	6.32	7.18	7.04	4.63	7.18	6.91	8.02	4.0	6.08	7.33	5.22	8.34	6.7	6.76	7.19	4.99	8.33	8.44	6.59	8.49	
378.0	68.0	5.0	5.0	6.2	7.32	6.67	3.81	4.35	6.88	8.3	7.64	5.58	5.74	4.87	7.44	8.64	3.27	3.72	6.8	5.65	8.18	3.43	7.71	5.51	
379.0	79.0	7.0	7.0	5.12	5.35	6.34	3.29	4.55	8.85	3.86	3.64	4.42	3.81	3.82	3.04	8.58	6.9	3.67	6.54	4.6	7.95	4.81	3.64	4.24	
380.0	100.0	14.0	14.0	3.04	7.11	7.49	3.75	6.16	5.74	4.85	6.89	8.26	6.6	4.88	8.81	4.52	6.45	3.48	7.01	7.7	8.15	8.89	8.86	7.44	
381.0	2.0	14.0	14.0	3.79	6.43	4.85	8.4	4.85	6.57	3.74	3.65	5.34	4.46	5.37	6.54	8.83	7.73	3.14	7.64	3.45	5.85	3.11	6.91	3.34	
382.0	84.0	12.0	12.0	8.13	8.78	4.89	4.64	3.32	7.04	6.17	5.71	8.55	7.3	8.31	3.5	4.97	6.92	4.36	7.62	6.77	5.26	8.31	8.55	3.61	
383.0	80.0	3.0	3.0	4.79	4.15	8.09	7.41	8.19	8.45	5.96	5.1	5.74	7.67	5.5	7.57	6.83	4.2	3.73	6.27	7.0	7.73	6.85	8.05	5.32	
384.0	72.0	11.0	11.0	8.8	7.32	7.06	4.28	5.8	5.93	5.56	6.96	4.89	5.8	8.16	7.03	6.93	7.85	3.28	8.42	5.32	7.55	5.45	6.39	4.25	
385.0	70.0	11.0	11.0	5.86	6.85	3.0	3.27	4.02	3.53	4.11	8.99	4.61	4.53	6.38	7.27	5.56	7.87	6.73	3.18	5.83	4.0	4.11	6.43	3.51	
386.0	97.0	9.0	9.0	3.75	6.82	8.47	6.63	4.34	7.32	4.44	3.62	6.07	7.77	3.5	8.05	7.72	4.63	3.88	8.35	7.34	8.82	5.44	5.91	7.86	
387.0	81.0	3.0	3.0	6.95	8.58	8.23	8.99	5.48	7.29	4.11	5.35	4.31	6.94	3.11	5.72	3.78	8.54	3.48	3.27	6.84	3.92	4.04	3.68	8.06	
388.0	82.0	6.0	6.0	5.98	5.86	4.99	5.53	7.43	7.92	5.08	6.92	5.51	7.1	7.03	3.78	5.66	6.16	5.77	4.61	8.63	4.19	6.53	8.71	4.11	
389.0	70.0	11.0	11.0	4.2	8.95	6.99	4.74	6.01	3.87	5.09	7.19	3.08	5.63	6.15	4.35	3.21	8.59	3.22	5.28	8.94	8.83	6.18	8.58	8.17	
390.0	89.0	14.0	14.0	3.48	4.74	7.12	6.68	8.01	3.7	6.01	7.52	6.35	5.88	8.41	4.74	3.47	8.57	5.57	8.74	4.41	7.76	4.42	3.48	6.44	
391.0	70.0	11.0	11.0	5.32	7.95	6.11	6.74	7.27	8.4	6.09	3.15	6.33	8.81	6.55	5.18	7.34	3.33	7.81	4.38	5.77	7.94	4.34	3.16	7.84	
392.0	47.0	15.0	15.0	6.05	5.14	4.31	3.86	7.84	4.6	3.29	4.6	5.92	5.68	5.64	6.32	3.62	5.8	8.26	3.91	6.39	7.37	4.58	3.19	6.41	
393.0	78.0	8.0	8.0	7.24	8.22	8.37	3.61	8.36	6.33	4.95	3.62	3.46	9.0	8.45	7.77	8.28	4.23	4.3	8.25	3.47	7.69	3.99	8.64	6.13	
394.0	82.0	6.0	6.0	3.93	6.38	7.32	8.92	7.16	8.09	6.48	3.37	4.02	3.35	7.14	3.02	5.77	5.52	4.39	7.96	4.67	3.22	6.06	3.97	6.64	
395.0	70.0	11.0	11.0	3.58	8.9	5.48	8.19	4.53	3.91	3.34	4.73	5.05	3.6	3.33	3.89	6.69	3.32	5.73	6.95	6.38	8.75	7.29	8.43	7.44	
396.0	54.0	10.0	10.0	4.7	4.42	5.47	6.49	3.99	8.48	6.52	6.82	6.17	3.72	5.38	4.89	5.98	6.27	5.23	3.01	7.44	4.4	5.16	5.63	5.86	
397.0	75.0	8.0	8.0	8.63	5.47	3.3	4.88	6.86	4.76	4.51	6.85	7.81	6.35	5.6	5.06	6.27	5.06	6.24	6.0	3.54	3.19	7.5	8.14	8.42	
398.0	18.0	2.0	2.0	5.64	3.66	5.35	5.15	8.02	7.75	7.2	6.45	5.59	7.54	8.37	6.63	6.54	5.0	4.05	7.83	5.9	8.08	4.97	6.77	8.63	
399.0	31.0	8.0	8.0	6.05	7.64	3.07	4.08	4.09	5.38	5.61	8.9	4.32	8.25	7.63	7.2	6.43	8.91	5.66	8.48	6.47	4.58	3.22	4.47	7.12	
400.0	62.0	7.0	7.0	4.91	4.74	3.57	3.73	6.01	4.69	5.66	5.13	8.47	8.22	6.58	6.14	7.88	6.05	4.16	7.24	8.15	6.82	5.9	4.76	4.48	
401.0	28.0	8.0	8.0	5.48	8.72	6.85	4.73	7.1	8.56	6.32	5.36	8.58	7.97	6.1	6.16	7.7	5.72	7.56	6.97	3.17	3.32	4.34	6.49	3.46	
402.0	68.0	5.0	5.0	3.91	8.63	3.16	4.45	4.84	5.46	8.93	4.06	5.6	4.37	5.86	7.36	6.08	6.94	4.17	3.83	6.02	3.66	3.54	7.15	4.1	
403.0	88.0	4.0	4.0	6.3	4.35	4.19	4.01	4.99	7.87	6.97	8.87	6.05	3.71	8.91	7.19	6.42	6.8	3.43	8.4	4.47	6.89	5.15	3.44	7.05	
404.0	66.0	12.0	12.0	7.42	7.12	5.62	6.3	5.82	8.39	4.91	8.55	8.97	8.25	6.76	8.77	4.53	7.93	6.8	8.35	6.61	5.9	4.48	4.44	4.15	
405.0	44.0	3.0	3.0	5.02	4.41	5.21	5.08	5.77	3.04	7.61	6.6	5.93	8.91	6.65	5.95	8.98	8.93	7.84	4.19	8.62	8.68	7.42	8.56	6.6	
406.0	48.0	13.0	13.0	7.03	3.17	6.45	6.09	7.02	8.91	8.9	5.52	5.67	7.78	4.46	5.43	7.66	6.05	5.63	4.2	5.03	6.53	3.84	7.92	6.7	
407.0	100.0	14.0	14.0	6.94	7.08	3.14	8.66	8.67	8.55	3.88	5.81	3.77	7.08	4.97	7.12	3.56	3.84	4.5	6.27	6.35	6.84	8.77	7.78	3.36	
408.0	65.0	11.0	11.0	3.35	4.26	4.04	6.44	8.81	6.4	3.83	5.96	5.75	4.68	3.0	8.88	7.73	6.44	8.33	5.55	8.38	8.1	4.82	4.32	3.13	
409.0	68.0	5.0	5.0	8.88	8.81	5.79	4.66	7.62	3.43	3.53	6.52	4.03	6.65	3.4	5.01	6.3	6.24	6.91	5.1	6.67	6.78	6.61	8.85	5.45	
410.0	77.0	8.0	8.0	4.19	8.29	5.91	6.5	4.9	8.14	5.16	6.5	8.26	5.14	5.83	4.0	7.8	7.89	5.5	5.19	8.54	5.45	4.0	8.86	4.96	
411.0	36.0	15.0	15.0	5.63	4.88	8.94	4.79	3.06	5.21	8.59	3.16	5.68	3.16	5.22	6.29	4.36	8.0	3.63	3.38	8.89	3.23	8.77	7.74	7.33	
412.0	46.0	14.0	14.0	8.14	4.04	8.15	8.94	8.49	3.91	8.85	8.09	7.84	8.9	4.2	8.8	4.76	8.34	8.94	8.36	7.74	6.21	7.72	1.5485946355167846	6.191430623372646	
413.0	64.0	4.0	4.0	3.69	3.8	5.53	4.39	8.37	8.76	3.01	7.08	8.41	5.65	4.38	3.95	7.43	8.93	4.98	3.35	6.7	7.42	3.53	7.31	7.85	
414.0	61.0	12.0	12.0	4.66	6.09	6.83	3.54	4.1	5.2	6.34	6.02	8.37	6.36	5.69	5.3	5.34	6.29	3.48	3.31	4.32	3.78	8.59	7.57	5.51	
415.0	37.0	5.0	5.0	5.07	8.54	3.19	6.19	8.55	8.33	4.98	4.03	8.88	3.5	4.17	4.79	6.27	3.55	5.48	3.02	8.88	4.35	4.5	3.33	3.9	
416.0	17.0	11.0	11.0	5.4	6.91	3.91	5.65	3.26	8.86	3.54	4.37	4.77	5.38	3.7	3.28	4.89	3.15	5.84	4.17	3.63	7.57	4.02	7.62	6.44	
417.0	47.0	15.0	15.0	6.62	3.11	4.19	7.3	3.63	6.88	7.72	8.02	8.3	8.95	7.49	3.94	6.04	8.66	6.14	3.41	3.84	3.65	6.09	4.01	7.77	
418.0	92.0	10.0	10.0	7.73	5.08	5.29	3.22	5.58	8.32	7.69	5.52	4.83	8.21	6.56	8.47	3.79	5.39	3.44	3.5	6.1	8.25	6.3	6.98	6.13	
419.0	37.0	5.0	5.0	4.75	4.3	5.01	8.1	8.38	3.47	7.03	8.86	8.58	3.73	7.9	8.78	5.59	3.92	8.87	5.34	8.87	5.65	6.01	6.89	3.14	
420.0	67.0	3.0	3.0	4.96	6.47	5.41	4.76	8.17	4.43	4.46	8.72	8.55	4.03	3.0	7.29	4.3	7.34	4.61	4.47	4.05	7.04	6.4	4.8	8.24	
421.0	64.0	4.0	4.0	8.13	8.79	5.82	6.97	4.05	3.38	5.23	4.9	8.93	5.99	4.96	6.43	7.63	3.86	7.75	5.86	7.66	6.64	6.58	6.57	3.94	
422.0	46.0	14.0	14.0	7.66	8.04	6.84	7.5	6.85	6.42	3.05	8.31	5.69	6.99	7.95	3.44	3.98	7.36	7.54	8.88	5.42	5.7	4.35	7.09	7.67	
423.0	74.0	1.0	1.0	6.74	7.29	5.45	5.16	6.19	3.1	3.47	5.45	5.96	6.73	5.86	5.43	6.27	4.21	3.45	6.64	6.27	7.66	3.49	7.46	7.06	
424.0	90.0	4.0	4.0	8.55	5.6	4.41	7.6	7.55	4.46	4.67	7.32	8.23	4.89	7.63	7.24	5.83	6.18	3.87	3.03	5.2	3.41	3.58	3.25	7.71	
425.0	94.0	13.0	13.0	7.92	3.4	8.23	5.57	3.91	4.98	3.89	7.77	8.9	5.77	6.06	5.62	6.68	6.2	6.25	7.31	5.45	6.39	7.13	4.44	8.59	
426.0	80.0	3.0	3.0	6.39	4.64	4.19	5.76	5.95	3.75	7.85	6.94	3.42	6.89	7.24	8.6	8.08	4.82	4.48	6.5	6.27	5.51	7.17	7.39	3.62	
427.0	54.0	10.0	10.0	7.63	7.44	7.27	6.06	6.27	5.03	7.16	6.75	4.4	5.83	6.6	3.74	5.21	6.13	6.09	6.52	7.4	7.68	6.7	3.25	4.79	
428.0	84.0	12.0	12.0	7.39	7.23	3.24	6.49	4.32	3.06	3.34	4.51	6.22	3.99	3.88	7.74	5.59	4.35	5.43	4.45	6.33	8.72	8.31	7.4	5.43	
429.0	95.0	8.0	8.0	7.87	4.29	8.58	6.68	6.67	8.94	6.72	6.77	4.7	3.55	5.32	8.75	5.26	3.4	8.57	5.21	3.91	7.92	5.31	5.12	4.55	
430.0	31.0	8.0	8.0	5.6	7.78	8.5	7.74	8.91	3.24	5.39	5.15	6.88	4.85	7.37	4.32	7.7	8.86	8.11	3.13	7.48	3.34	4.54	8.8	3.78	
431.0	91.0	9.0	9.0	5.17	7.98	4.58	3.67	3.15	3.53	3.02	7.87	6.23	3.41	8.64	5.61	4.81	4.88	5.75	7.6	8.89	8.4	5.77	4.48	3.99	
432.0	75.0	8.0	8.0	4.97	6.95	3.86	5.34	4.62	5.6	6.12	6.61	6.62	8.37	8.71	8.61	4.18	4.26	5.57	4.37	5.23	8.72	3.35	7.51	4.01	
433.0	26.0	1.0	1.0	5.32	8.78	7.21	8.07	7.25	4.59	7.31	7.96	3.8	4.13	7.79	4.16	7.14	6.07	4.4	5.87	4.89	3.61	6.04	3.07	4.71	
434.0	30.0	14.0	14.0	5.44	3.16	3.48	6.3	5.47	4.23	5.12	6.87	6.02	8.24	4.7	4.78	3.42	6.56	5.01	8.9	4.0	6.69	6.15	5.14	4.17	
435.0	84.0	12.0	12.0	5.22	7.89	6.29	3.82	6.81	5.32	4.99	5.63	7.93	8.0	8.2	7.93	8.28	4.61	3.39	4.6	8.94	8.83	5.56	5.74	8.24	
436.0	86.0	15.0	15.0	7.01	6.93	4.02	7.3	5.32	8.03	6.41	7.44	7.94	7.64	6.76	8.35	7.47	7.06	7.84	8.71	8.14	4.35	4.94	4.75	8.39	
437.0	62.0	7.0	7.0	6.96	3.55	6.33	3.51	3.36	7.85	3.22	4.76	5.76	8.85	8.75	6.24	3.9	8.65	6.97	6.4	5.02	4.6	4.02	6.07	8.08	
438.0	92.0	10.0	10.0	8.83	8.55	5.25	8.45	8.71	7.57	3.97	6.28	5.26	5.98	5.72	6.57	4.46	5.1	5.19	5.5	6.63	7.59	7.06	6.22	8.86	
439.0	97.0	9.0	9.0	6.79	8.79	5.17	8.73	4.16	7.44	8.45	4.52	6.05	4.92	7.79	8.61	7.11	8.32	5.31	4.44	3.65	3.45	7.2	8.68	3.23	
440.0	45.0	5.0	5.0	5.29	7.25	8.5	7.94	3.24	8.14	7.75	8.91	3.58	4.14	6.32	4.68	6.34	6.83	8.42	7.27	5.5	6.11	3.87	8.59	8.92	
441.0	71.0	11.0	11.0	4.21	5.19	5.99	5.74	7.16	8.56	3.89	6.15	3.54	7.56	8.61	5.75	8.87	6.81	6.13	8.76	4.39	3.64	6.74	5.87	6.29	
442.0	77.0	8.0	8.0	3.86	4.0	7.65	4.19	5.71	5.11	5.43	6.6	4.0	4.55	8.55	7.67	5.39	4.42	6.1	3.63	3.53	4.41	4.06	4.26	3.73	
443.0	94.0	13.0	13.0	5.0	3.63	8.95	7.01	7.64	7.8	4.97	3.2	5.15	7.81	4.84	7.45	8.21	4.27	3.93	8.88	3.15	8.82	6.34	6.48	4.09	
444.0	1.0	11.0	11.0	8.73	5.0	6.71	8.52	8.81	6.67	7.73	5.91	4.09	3.29	3.74	5.22	6.09	8.88	4.18	7.7	5.83	7.59	4.92	6.11	4.01	
445.0	67.0	3.0	3.0	3.7	3.44	5.73	3.44	7.63	7.25	3.31	6.96	4.03	7.84	5.24	7.6	5.21	4.57	7.62	7.96	3.15	6.38	5.43	3.34	7.4	
446.0	96.0	15.0	15.0	3.08	5.3	8.44	8.33	4.81	3.57	4.61	8.71	3.06	8.35	5.47	4.06	7.83	3.74	4.21	3.22	6.72	4.37	5.92	8.56	7.02	
447.0	81.0	3.0	3.0	3.15	6.54	4.17	7.26	6.78	3.2	8.32	8.95	5.1	3.41	4.48	7.85	7.52	8.99	8.9	3.59	3.87	3.06	5.42	4.97	6.92	
448.0	23.0	7.0	7.0	3.81	4.71	6.92	6.34	5.69	5.76	6.29	7.51	7.37	4.53	3.57	8.56	8.32	6.38	3.85	8.4	4.95	6.59	3.13	3.51	7.18	
449.0	86.0	15.0	15.0	7.25	8.68	3.04	8.97	5.95	8.5	8.71	7.89	7.71	4.62	6.83	3.27	3.21	8.97	7.81	4.74	7.1	8.4	5.71	6.33	6.82	
450.0	39.0	14.0	14.0	4.34	3.76	8.59	4.24	7.89	3.44	7.37	7.94	5.04	3.24	5.04	8.73	5.44	5.78	7.48	4.41	6.73	4.46	3.38	6.74	8.28	
451.0	42.0	4.0	4.0	4.49	8.15	7.05	4.21	3.53	8.18	8.29	3.71	8.1	8.57	4.81	3.44	5.43	4.28	6.0	3.28	4.87	5.53	4.32	8.72	6.9	
452.0	94.0	13.0	13.0	5.66	6.19	3.84	7.85	8.02	5.17	6.49	7.44	8.59	4.13	4.74	3.09	4.82	4.27	8.56	8.55	3.24	5.98	3.63	8.89	4.76	
453.0	12.0	5.0	5.0	3.37	7.74	3.12	8.92	6.61	8.56	3.94	5.31	3.47	5.14	7.54	5.22	3.44	5.14	3.45	5.66	8.7	4.96	3.73	4.96	6.94	
454.0	81.0	3.0	3.0	4.76	8.53	7.71	4.83	3.33	4.45	3.45	4.67	5.02	7.44	5.11	7.94	5.05	5.01	8.3	8.96	5.43	7.97	5.96	4.9	8.98	
455.0	83.0	5.0	5.0	5.02	6.39	8.06	7.27	4.1	3.59	4.38	5.15	8.21	8.02	8.92	8.36	7.65	6.72	4.36	6.99	3.36	6.98	3.2	7.32	7.41	
456.0	86.0	15.0	15.0	7.85	7.4	7.02	6.02	7.63	7.9	4.07	4.78	4.8	4.29	5.54	7.18	7.82	8.19	5.41	6.26	3.91	6.79	8.95	3.71	6.36	
457.0	89.0	14.0	14.0	3.46	7.13	6.98	3.27	4.82	6.73	8.45	7.88	3.67	4.61	5.04	7.03	8.47	6.51	5.48	7.81	7.05	4.26	8.78	7.91	7.81	
458.0	61.0	12.0	12.0	8.73	3.08	4.2	8.88	4.47	6.66	5.13	4.6	7.28	7.2	6.75	3.68	6.25	4.97	4.22	5.26	6.36	7.92	4.47	6.63	7.32	
459.0	64.0	4.0	4.0	4.14	5.5	6.91	8.3	8.32	7.63	8.69	4.04	8.29	4.01	5.96	3.29	3.9	4.51	3.63	8.4	4.67	4.01	8.15	3.43	5.98	
460.0	69.0	12.0	12.0	5.03	5.33	7.39	3.24	8.01	8.99	5.29	7.79	6.28	7.17	7.73	4.61	3.06	7.61	4.59	7.2	4.08	5.51	4.55	4.65	7.54	
461.0	72.0	11.0	11.0	3.17	4.7	5.1	8.47	5.65	3.9	3.89	8.47	4.16	7.21	7.27	4.28	3.64	8.57	3.79	8.19	8.78	6.91	6.15	8.1	4.03	
462.0	75.0	8.0	8.0	3.42	7.22	4.48	7.19	6.03	7.53	6.36	6.8	5.88	4.94	3.25	4.81	7.01	4.92	5.93	3.41	8.17	5.58	4.85	5.3	8.34	
463.0	77.0	8.0	8.0	6.93	5.08	8.95	4.59	5.73	8.2	3.08	7.07	5.22	7.73	6.49	8.41	7.68	8.11	5.31	8.65	7.14	6.95	5.48	8.21	6.38	
464.0	51.0	2.0	2.0	7.25	7.27	8.36	7.81	7.89	8.37	7.23	7.58	8.41	8.18	8.23	6.14	8.37	4.71	6.88	5.12	4.58	4.73	7.29	6.1	3.298107870320954	
465.0	63.0	15.0	15.0	5.07	3.86	6.63	7.55	8.58	6.35	8.01	3.66	8.68	3.14	8.0	4.82	8.94	3.16	3.74	4.04	6.12	4.93	5.75	3.64	3.93	
466.0	66.0	12.0	12.0	6.18	6.26	3.97	7.16	3.55	5.89	7.5	5.71	5.59	4.41	8.0	3.16	6.87	3.83	5.78	5.38	3.09	7.94	7.73	8.66	8.89	
467.0	68.0	5.0	5.0	3.28	4.87	6.12	4.0	8.78	7.75	6.81	3.99	7.62	4.43	4.14	7.8	5.66	8.18	4.09	4.89	4.57	3.06	4.82	3.35	7.61	
468.0	71.0	11.0	11.0	5.62	6.24	8.14	6.44	5.47	5.11	8.1	6.22	6.01	6.35	4.99	7.42	9.0	7.27	8.07	3.4	3.93	6.17	7.7	5.4	5.55	
469.0	54.0	10.0	10.0	5.26	5.9	5.63	8.89	8.4	4.78	5.01	8.9	3.11	4.69	8.64	3.28	3.95	3.43	5.65	7.1	5.39	5.32	5.34	7.94	3.61	
470.0	77.0	8.0	8.0	3.7	9.0	8.43	8.2	8.31	7.19	5.62	6.78	8.84	4.92	7.75	6.16	7.19	7.39	5.83	7.53	4.2	4.15	8.24	5.01	5.46	
471.0	80.0	3.0	3.0	7.49	4.55	3.67	4.05	4.01	4.01	7.84	8.61	6.73	4.25	5.16	7.84	7.9	8.04	8.95	5.22	3.54	4.85	7.14	4.98	4.81	
472.0	65.0	11.0	11.0	5.62	8.6	7.98	4.27	5.71	5.91	6.68	3.34	6.74	8.39	4.83	5.23	4.81	7.21	5.24	7.16	3.54	7.88	3.82	8.56	4.45	
473.0	66.0	12.0	12.0	4.89	5.85	7.54	5.15	3.43	4.66	3.21	4.37	3.32	4.78	5.81	3.25	4.31	5.78	8.37	8.9	7.75	3.32	3.48	7.37	7.41	
474.0	71.0	11.0	11.0	8.66	8.33	4.56	6.52	4.82	7.66	6.26	5.68	4.67	5.65	3.43	4.26	4.22	3.77	5.83	3.42	6.52	3.45	6.91	3.66	5.64	
475.0	73.0	13.0	13.0	3.21	6.68	7.39	4.37	8.86	3.45	6.57	5.42	6.87	4.42	6.49	6.48	3.76	6.06	3.96	6.24	4.73	8.81	4.97	5.2	3.28	
476.0	76.0	6.0	6.0	5.47	3.45	3.28	6.87	3.02	6.48	6.95	6.86	7.02	3.98	4.19	5.31	5.47	4.41	6.61	6.08	8.8	6.12	3.84	8.67	3.81	
477.0	62.0	7.0	7.0	6.05	7.61	7.38	5.75	3.17	3.78	4.43	4.39	8.18	3.67	6.31	7.2	4.37	5.8	3.91	7.76	4.14	4.17	4.95	6.79	5.22	
478.0	62.0	7.0	7.0	3.77	6.77	7.72	6.15	5.37	3.06	4.73	8.07	6.79	6.07	5.57	7.22	7.62	6.57	7.29	4.51	3.84	4.42	4.41	4.82	5.1	
479.0	64.0	4.0	4.0	4.7	4.17	7.47	5.12	8.33	5.47	4.24	6.51	5.39	8.77	3.28	8.12	8.01	5.95	6.53	3.73	8.68	7.11	3.77	4.44	6.14	
480.0	68.0	5.0	5.0	8.8	7.12	3.09	6.46	8.69	4.53	8.56	4.47	7.91	3.74	3.41	3.46	7.25	6.34	3.48	3.28	4.98	8.85	5.65	6.74	7.66	
481.0	71.0	11.0	11.0	6.02	3.62	3.61	7.79	5.37	6.49	8.48	6.64	6.45	4.19	4.93	8.41	3.45	5.32	3.14	4.67	6.63	8.32	4.72	6.31	4.56	
482.0	74.0	1.0	1.0	3.4	4.28	8.19	4.64	4.9	5.81	7.89	3.76	8.38	7.43	5.79	8.11	5.36	3.57	5.82	5.61	3.64	4.22	5.0	8.32	3.98	
483.0	76.0	6.0	6.0	4.71	7.28	3.69	6.71	6.27	8.98	5.29	6.67	7.32	6.23	6.13	5.54	3.76	4.64	5.42	4.47	6.19	4.01	6.08	6.1	4.01	
484.0	80.0	3.0	3.0	8.58	4.62	3.23	3.96	5.87	4.58	3.03	3.05	6.92	5.26	8.28	8.83	4.02	6.19	8.82	7.94	6.95	6.22	7.54	8.87	7.52	
485.0	63.0	15.0	15.0	3.16	7.41	7.46	6.02	8.34	3.58	7.42	5.55	4.47	8.08	7.85	8.93	6.98	3.21	4.8	8.25	8.5	4.63	6.83	6.7	7.14	
486.0	65.0	11.0	11.0	6.66	6.09	4.07	4.32	7.74	7.09	8.87	4.88	4.01	4.56	3.13	6.82	8.11	4.56	3.2	5.64	4.19	4.63	6.73	3.27	8.53	
487.0	8.0	15.0	15.0	8.52	6.9	3.54	3.4	5.53	6.37	8.0	8.56	7.41	4.33	3.88	8.55	7.9	8.56	8.83	3.31	6.89	4.73	8.35	6.49	5.19	
488.0	82.0	6.0	6.0	4.89	6.31	7.96	4.38	5.21	8.71	3.64	6.37	3.17	8.74	5.77	5.79	7.36	3.93	3.37	5.85	5.83	7.99	5.65	8.67	4.92	
489.0	40.0	11.0	11.0	8.89	8.2	5.33	6.9	8.48	7.57	4.39	4.01	6.04	4.55	6.68	8.2	5.66	8.76	4.16	5.49	4.95	7.07	7.82	8.26	6.42	
490.0	7.0	11.0	11.0	3.03	7.03	6.64	4.94	8.54	5.79	5.07	7.49	4.93	4.87	3.58	5.11	6.2	6.11	6.88	8.28	5.2	6.72	6.89	8.63	3.56	
491.0	79.0	7.0	7.0	5.03	5.74	3.15	8.88	6.59	3.11	5.1	6.77	5.64	8.29	7.04	3.82	8.13	8.43	8.76	6.92	3.95	7.71	7.18	8.05	8.76	
492.0	64.0	4.0	4.0	8.99	7.34	6.11	8.06	6.04	6.44	6.94	3.58	6.19	3.84	3.92	3.84	8.54	8.53	6.32	4.42	6.67	5.58	7.46	4.66	7.33	
493.0	24.0	14.0	14.0	5.94	4.18	4.87	8.51	3.05	7.33	8.62	5.6	5.77	7.0	7.95	6.56	6.15	5.59	3.3	5.16	7.5	6.28	5.89	3.89	7.11	
494.0	50.0	9.0	9.0	3.32	7.29	3.55	6.46	8.52	6.02	8.07	5.28	6.22	4.98	3.2	5.9	8.66	7.02	8.61	6.58	7.95	3.09	7.13	5.45	8.66	
495.0	74.0	1.0	1.0	4.9	4.73	5.26	5.87	6.69	5.65	3.66	7.61	4.29	5.21	8.95	7.47	4.1	6.45	5.36	6.33	7.26	4.62	7.83	7.48	6.76	
496.0	76.0	6.0	6.0	6.98	5.18	3.26	8.94	5.42	5.69	4.2	8.74	4.33	5.15	6.42	8.42	8.86	6.43	4.95	4.91	5.05	7.24	5.29	4.23	4.7	
497.0	82.0	6.0	6.0	8.49	7.63	5.18	5.14	4.82	3.72	5.5	4.31	5.93	4.03	7.0	4.2	3.73	8.28	6.17	8.54	3.29	8.59	8.03	8.12	6.76	
498.0	69.0	12.0	12.0	8.45	4.97	7.78	4.26	7.59	3.48	8.3	3.03	7.04	4.53	7.2	4.42	5.56	7.84	6.66	6.11	7.97	3.24	6.44	3.99	3.37	
499.0	22.0	6.0	6.0	8.63	5.28	5.38	3.52	3.26	4.07	6.59	6.11	6.1	5.39	8.1	5.3	5.77	8.99	4.87	5.33	6.42	3.62	3.37	7.71	7.01	
500.0	52.0	4.0	4.0	3.62	4.71	4.38	6.97	3.14	6.89	6.01	7.37	6.05	7.53	5.77	5.21	4.06	4.55	4.14	8.17	4.13	6.58	7.12	4.12	3.39	
501.0	71.0	11.0	11.0	8.27	3.51	6.0	6.58	3.4	7.01	7.6	4.97	6.83	8.84	8.99	6.86	6.88	4.5	6.85	8.54	8.78	5.06	6.04	3.84	4.71	
502.0	75.0	8.0	8.0	8.51	8.72	7.3	8.04	7.23	6.03	8.09	3.63	5.9	4.66	8.53	6.96	5.06	4.18	5.9	4.69	5.78	7.38	6.26	6.57	8.36	
503.0	76.0	6.0	6.0	4.05	7.17	7.35	4.57	3.84	7.39	5.44	3.23	5.52	8.22	8.27	7.9	4.12	4.64	3.93	5.97	4.48	3.09	5.64	8.91	3.5	
504.0	98.0	15.0	15.0	4.42	7.66	7.13	8.05	7.12	8.25	7.03	6.03	4.09	4.68	7.0	8.39	3.11	5.53	4.37	4.2	7.78	3.25	6.52	4.92	7.74	
505.0	30.0	14.0	14.0	6.55	3.66	3.45	4.75	7.18	5.9	4.73	7.27	3.16	4.32	7.27	8.39	6.63	4.12	4.96	4.47	3.76	7.23	3.22	7.98	4.02	
506.0	65.0	11.0	11.0	7.79	8.38	6.59	6.54	4.12	7.54	7.51	8.26	8.49	8.42	4.77	6.58	8.06	6.61	8.19	5.02	7.38	4.51	6.67	6.21	7.27	
507.0	69.0	12.0	12.0	3.16	3.94	5.45	5.82	8.35	6.96	3.88	6.84	3.95	3.6	4.82	5.6	4.46	8.0	4.39	6.43	4.79	8.98	4.65	8.75	8.55	
508.0	72.0	11.0	11.0	5.04	8.23	4.87	7.23	5.34	3.17	7.94	5.3	5.62	5.34	8.56	8.11	6.9	8.15	3.74	4.99	6.69	3.89	3.84	6.73	4.96	
509.0	75.0	8.0	8.0	8.49	4.87	8.26	5.21	8.45	7.25	5.03	8.42	5.99	8.69	4.79	7.15	7.23	6.61	4.25	5.7	5.33	7.87	5.15	7.46	3.33	
510.0	48.0	13.0	13.0	6.89	4.1	6.62	3.82	8.26	3.64	4.16	6.73	3.53	8.91	6.05	7.17	6.49	4.98	6.98	3.43	6.53	5.44	3.28	8.88	8.1	
511.0	73.0	13.0	13.0	4.52	4.98	3.59	4.2	3.17	4.67	7.58	5.0	7.26	7.77	6.45	7.99	6.25	5.29	3.61	6.69	7.8	5.24	5.84	3.1	3.51	
512.0	65.0	11.0	11.0	8.02	5.56	7.2	7.45	8.45	4.94	8.01	8.97	5.84	8.53	7.38	5.35	6.56	8.08	3.74	4.46	8.08	3.07	6.99	3.93	5.48	
513.0	66.0	12.0	12.0	4.79	7.43	3.29	4.51	7.59	7.63	3.72	6.83	6.07	3.27	6.24	4.72	3.14	6.09	4.83	4.39	7.8	7.1	6.81	6.45	7.87	
514.0	57.0	14.0	14.0	3.54	7.33	5.65	6.84	7.5	4.46	6.22	8.51	4.65	3.14	6.11	7.86	7.65	7.63	3.35	7.3	6.39	6.23	7.65	8.69	4.67	
515.0	73.0	13.0	13.0	4.72	5.97	6.49	4.44	7.1	4.06	4.94	6.34	4.07	6.33	8.17	5.5	6.03	5.1	7.97	5.63	3.65	4.93	5.2	4.3	5.84	
516.0	77.0	8.0	8.0	5.09	8.52	7.24	5.91	3.9	3.02	7.27	6.13	7.44	7.17	5.05	7.14	5.97	3.64	4.29	4.62	7.67	7.33	7.44	7.91	6.58	
517.0	80.0	3.0	3.0	3.93	4.59	6.25	8.65	3.29	8.16	6.87	7.61	5.57	6.54	6.83	5.86	8.5	3.54	8.06	8.3	7.69	6.67	6.0	8.82	5.93	
518.0	61.0	12.0	12.0	5.67	7.08	4.3	6.48	6.13	4.26	8.07	3.45	7.41	5.15	3.62	8.32	5.08	4.12	6.78	3.66	7.25	6.85	6.74	4.97	5.58	
519.0	65.0	11.0	11.0	4.57	5.06	8.14	6.87	8.41	4.8	3.71	3.9	7.42	3.67	8.23	7.81	3.92	6.03	8.8	8.05	3.95	3.37	7.97	6.94	5.52	
520.0	22.0	6.0	6.0	3.38	3.47	7.66	5.04	3.5	6.38	6.77	8.22	6.55	7.42	6.43	4.94	8.44	8.32	7.03	8.96	7.81	4.11	6.41	3.62	6.1	
521.0	72.0	11.0	11.0	7.05	3.51	8.15	3.09	6.75	6.75	8.9	5.13	4.89	3.96	5.76	8.17	6.13	5.96	3.94	4.73	5.73	4.2	7.85	5.66	7.83	
522.0	74.0	1.0	1.0	8.29	5.92	8.86	4.41	5.91	4.09	5.22	6.01	7.17	6.06	5.58	3.54	6.62	8.82	6.46	6.07	4.75	8.55	6.84	5.02	5.52	
523.0	78.0	8.0	8.0	6.55	7.07	8.41	3.05	7.53	8.73	8.35	3.04	8.5	8.14	4.25	8.28	5.47	7.44	5.94	3.04	4.97	6.32	4.62	4.01	7.51	
524.0	11.0	4.0	4.0	6.88	4.21	3.56	6.66	5.13	4.6	8.45	7.92	8.53	7.75	7.81	6.45	6.33	7.54	5.99	3.3	4.04	8.87	4.12	5.64	4.55	
525.0	34.0	14.0	14.0	5.81	6.83	3.52	7.69	6.91	8.92	4.4	7.25	3.91	3.24	6.55	3.37	6.49	7.39	6.33	3.82	8.0	4.68	3.7	3.44	7.67	
526.0	83.0	5.0	5.0	4.13	6.89	5.85	6.04	8.87	6.22	7.72	5.06	4.09	3.49	3.1	7.22	3.95	4.68	4.41	4.63	3.11	5.15	7.08	4.98	6.46	
527.0	20.0	4.0	4.0	3.54	4.93	7.39	6.84	5.75	6.22	7.33	6.38	7.55	5.24	3.94	8.25	8.67	3.12	5.05	7.61	6.83	7.89	4.54	4.68	4.83	
528.0	97.0	9.0	9.0	7.04	6.22	5.03	3.0	5.98	7.68	7.2	8.93	6.77	7.97	7.6	6.73	7.0	7.69	6.27	7.17	8.54	6.93	8.3	6.49	3.9779943095695725	
529.0	74.0	1.0	1.0	3.87	3.14	7.46	3.48	3.7	6.02	4.41	8.95	3.58	4.91	7.98	8.15	5.14	6.11	5.47	8.12	8.0	5.26	8.65	4.33	3.32	
530.0	15.0	11.0	11.0	6.25	6.27	4.76	7.19	5.66	6.02	8.91	8.01	3.11	4.64	5.7	8.53	6.32	5.36	4.01	3.28	5.84	6.48	3.08	8.13	3.32	
531.0	62.0	7.0	7.0	5.32	5.16	8.7	6.31	6.17	7.68	4.78	8.35	4.7	4.58	6.57	6.34	6.15	7.01	4.92	3.78	4.31	4.29	7.98	4.36	8.32	
532.0	63.0	15.0	15.0	8.47	8.95	4.96	5.22	6.87	8.83	5.53	8.65	6.63	8.89	4.8	7.54	6.35	6.36	5.53	5.28	6.15	6.69	8.93	4.13	6.93	
533.0	67.0	3.0	3.0	6.87	6.0	6.19	8.71	7.27	5.09	6.65	6.44	5.03	7.59	7.86	7.47	5.23	8.71	5.83	7.28	6.1	8.02	5.27	3.86	8.21	
534.0	71.0	11.0	11.0	6.58	3.03	8.23	7.69	7.41	4.61	4.49	5.7	5.49	5.53	8.98	3.63	7.14	8.41	4.6	7.13	5.54	3.61	4.76	8.58	5.79	
535.0	73.0	13.0	13.0	5.82	3.27	3.7	6.6	4.57	7.86	5.58	7.34	8.25	3.26	5.12	4.8	7.88	7.13	7.4	5.45	8.76	6.79	6.67	7.19	7.72	
536.0	76.0	6.0	6.0	5.09	6.24	7.46	7.3	3.99	6.37	8.56	4.34	3.47	8.68	3.07	8.76	4.58	8.29	7.81	7.58	3.24	3.29	5.49	5.69	4.42	
537.0	53.0	12.0	12.0	5.33	7.37	3.85	4.55	5.99	6.48	4.91	7.03	8.28	3.52	5.68	7.69	3.95	7.8	5.3	5.14	8.61	6.75	3.91	5.4	6.17	
538.0	95.0	8.0	8.0	5.2	9.0	4.8	7.95	6.31	8.27	4.74	7.56	3.31	8.53	7.01	8.68	5.82	3.58	8.67	5.35	3.76	5.56	5.93	6.63	4.14	
539.0	66.0	12.0	12.0	4.42	4.15	3.65	4.68	6.69	4.31	4.24	4.6	5.04	5.2	3.78	6.54	3.22	3.34	3.64	5.72	8.57	3.14	4.26	4.73	7.67	
540.0	41.0	15.0	15.0	4.24	6.88	3.98	6.22	7.08	5.0	7.01	5.04	6.48	5.71	5.07	7.28	7.4	3.92	4.39	8.8	8.35	5.43	3.18	3.18	4.44	
541.0	14.0	13.0	13.0	5.32	7.24	3.78	4.57	6.43	3.95	4.38	4.65	7.67	8.56	8.86	3.96	5.29	7.5	4.08	3.15	8.28	3.7	6.2	3.4	5.55	
542.0	40.0	11.0	11.0	6.68	4.03	6.77	8.77	6.81	8.66	5.5	7.68	8.67	6.44	6.69	6.98	3.97	5.53	6.29	3.17	8.14	4.71	6.29	4.45	3.79	
543.0	77.0	8.0	8.0	6.29	3.77	6.31	4.38	3.88	7.89	6.81	7.58	6.22	6.49	8.16	5.98	3.65	7.69	5.67	4.61	3.23	6.62	3.08	7.63	7.98	
544.0	51.0	2.0	2.0	8.58	3.85	7.62	7.53	8.63	7.67	4.11	6.19	8.53	6.34	6.22	8.29	3.29	4.55	8.04	5.08	3.28	5.58	3.93	8.81	3.06	
545.0	46.0	14.0	14.0	7.47	6.56	5.17	4.49	7.33	8.17	8.04	8.71	7.69	6.67	4.67	3.79	7.12	4.94	7.32	5.21	5.55	4.54	5.15	6.15	8.7	
546.0	67.0	3.0	3.0	4.12	3.27	4.72	4.43	7.83	8.22	4.35	4.51	7.16	3.74	4.62	4.81	4.74	7.09	6.29	7.68	3.2	3.55	8.3	7.59	5.91	
547.0	96.0	15.0	15.0	3.08	4.71	7.32	5.38	6.02	3.03	7.26	6.44	6.6	5.32	3.55	5.47	4.95	7.23	6.51	6.17	8.08	8.19	7.09	6.83	4.17	
548.0	71.0	11.0	11.0	8.62	4.9	4.14	6.43	3.71	7.61	5.0	5.31	9.0	3.26	5.62	3.75	6.8	8.56	3.53	6.79	4.9	5.11	8.74	7.94	3.88	
549.0	74.0	1.0	1.0	5.52	8.92	6.95	5.92	4.1	8.3	7.1	4.46	3.33	6.64	3.99	7.73	6.47	7.99	3.91	6.31	6.88	7.4	6.92	4.75	5.38	
550.0	81.0	3.0	3.0	3.44	8.69	4.39	7.26	7.2	8.12	8.27	3.23	3.72	3.95	3.81	8.64	6.6	7.25	7.34	3.23	5.82	8.42	6.06	6.76	4.64	
551.0	31.0	8.0	8.0	7.98	6.56	5.98	6.28	5.88	4.52	3.39	5.54	7.89	5.5	3.4	8.36	5.97	4.64	8.75	6.46	4.69	6.06	3.28	5.26	6.9	
552.0	64.0	4.0	4.0	4.75	7.36	7.71	6.42	4.55	4.25	8.55	8.33	3.22	6.38	7.57	8.1	5.34	8.53	4.75	8.76	4.34	4.12	3.53	8.29	8.32	
553.0	68.0	5.0	5.0	5.53	7.64	8.64	6.77	5.01	8.68	4.51	8.99	4.95	8.32	8.09	5.15	3.44	8.06	4.04	6.48	3.99	5.6	6.15	5.35	3.71	
554.0	100.0	14.0	14.0	7.4	6.69	3.2	6.2	6.47	7.91	7.97	4.54	3.54	6.54	5.55	5.28	6.54	3.69	7.11	5.06	3.44	5.49	6.92	5.38	8.07	
555.0	97.0	9.0	9.0	8.32	3.48	7.62	8.32	7.53	8.12	4.42	8.67	4.13	8.02	7.35	6.69	4.6	4.87	3.76	3.96	3.65	7.55	4.44	5.69	7.85	
556.0	77.0	8.0	8.0	6.41	7.67	7.54	4.08	6.75	7.67	6.7	5.59	4.64	6.18	4.84	6.32	8.26	5.06	8.08	4.57	8.31	6.55	5.25	8.07	3.43	
557.0	80.0	3.0	3.0	3.79	6.45	4.89	5.33	3.55	7.13	3.95	7.64	4.53	4.93	5.48	7.15	8.44	5.19	6.77	5.92	4.59	7.7	5.67	6.71	5.23	
558.0	61.0	12.0	12.0	6.22	5.76	3.79	7.91	6.84	3.76	8.29	6.46	8.11	7.23	5.64	6.64	3.84	3.42	5.51	3.7	6.08	8.88	7.91	7.17	6.9	
559.0	65.0	11.0	11.0	5.38	4.87	5.26	7.83	4.29	7.07	3.77	4.43	8.3	5.97	4.89	4.45	7.47	6.29	8.61	7.5	6.92	7.99	5.39	7.17	8.81	
560.0	80.0	3.0	3.0	4.96	8.04	6.27	3.78	6.85	5.77	5.3	7.25	5.13	3.54	4.03	4.68	8.67	8.51	3.98	5.35	4.82	7.3	8.41	7.61	8.71	
561.0	28.0	8.0	8.0	7.05	5.66	8.5	6.57	7.84	6.27	7.18	3.38	8.03	4.93	6.87	6.06	7.85	5.34	6.36	8.35	3.56	8.37	4.09	4.98	3.6	
562.0	73.0	13.0	13.0	3.12	6.0	6.74	4.09	3.93	8.03	4.12	5.76	7.56	8.52	8.52	8.3	7.0	8.09	7.93	5.17	8.31	5.32	5.37	4.74	3.03	
563.0	78.0	8.0	8.0	5.17	4.55	7.72	4.77	3.07	3.92	5.55	5.11	4.01	7.54	5.76	3.72	8.21	7.66	7.0	6.26	4.57	6.94	4.96	5.89	7.82	
564.0	80.0	3.0	3.0	7.59	7.93	8.27	4.5	3.3	4.83	6.13	6.93	6.36	8.55	3.39	6.07	3.51	6.3	5.25	5.07	5.42	5.78	5.66	6.12	8.3	
565.0	62.0	7.0	7.0	3.55	7.51	5.47	4.4	6.83	3.47	6.52	5.01	6.0	7.07	5.18	4.08	7.33	8.47	8.81	5.99	5.9	7.03	6.07	6.8	8.23	
566.0	4.0	9.0	9.0	7.49	3.79	6.5	6.03	8.84	3.13	7.98	7.86	3.05	8.34	8.95	7.3	8.44	6.04	6.21	7.01	3.94	3.56	4.41	4.25	4.13	
567.0	68.0	5.0	5.0	6.95	3.28	8.2	6.6	6.71	4.17	5.59	6.21	3.61	5.63	7.02	5.51	6.02	5.87	3.42	8.48	4.63	8.65	5.6	4.1	3.61	
568.0	94.0	13.0	13.0	8.07	7.38	6.98	7.0	6.92	7.6	7.97	7.88	4.06	8.26	3.13	5.07	5.84	8.64	4.41	8.48	6.31	4.5	3.72	4.71	7.89	
569.0	75.0	8.0	8.0	6.6	4.41	4.64	8.54	4.21	4.27	4.05	8.05	6.8	7.54	5.9	8.86	6.82	7.34	8.69	5.61	5.0	7.89	4.24	5.73	4.55	
570.0	82.0	6.0	6.0	4.12	5.37	6.96	6.24	3.68	4.35	5.98	4.82	3.63	8.2	5.78	3.93	4.53	8.36	6.71	8.35	5.66	4.29	3.26	5.88	3.57	
571.0	38.0	5.0	5.0	4.33	7.18	6.03	6.21	3.47	6.26	8.56	5.92	3.78	4.49	7.29	4.62	5.07	7.55	8.13	7.71	6.06	8.11	6.23	6.03	8.38	
572.0	64.0	4.0	4.0	5.79	7.23	4.51	4.59	8.35	6.08	7.94	5.89	8.75	7.78	4.38	8.6	3.09	8.32	3.99	7.08	4.81	3.37	8.57	4.53	8.23	
573.0	47.0	15.0	15.0	7.18	8.05	5.65	4.32	8.03	6.83	7.75	5.71	4.29	6.62	4.49	6.91	5.62	3.6	6.33	7.39	5.85	4.1	6.4	4.36	4.84	
574.0	70.0	11.0	11.0	8.38	3.62	5.24	6.81	8.0	5.77	7.0	8.89	7.04	4.53	4.09	6.55	4.65	7.59	7.61	5.86	4.51	7.29	4.87	7.43	7.01	
575.0	73.0	13.0	13.0	3.9	6.61	6.95	5.07	8.96	6.83	6.51	4.64	5.02	8.63	7.39	4.74	3.87	8.99	5.84	6.52	4.78	5.8	7.05	8.91	7.44	
576.0	75.0	8.0	8.0	4.53	6.94	4.2	3.26	7.22	8.45	7.87	8.63	3.24	7.43	7.14	6.62	5.93	5.53	6.43	5.44	8.91	6.12	5.88	8.61	6.46	
577.0	79.0	7.0	7.0	5.52	3.77	7.99	7.68	3.87	7.29	7.56	6.88	4.56	8.41	7.85	3.83	8.85	5.77	3.86	4.87	5.9	7.18	3.05	3.9	4.92	
578.0	62.0	7.0	7.0	4.19	6.17	8.65	8.17	7.55	6.17	3.08	3.56	6.96	7.69	4.77	4.06	7.06	4.88	8.37	8.25	3.44	7.89	8.24	7.08	8.13	
579.0	10.0	15.0	15.0	7.17	3.43	6.48	6.68	4.05	8.47	4.42	8.47	8.64	4.66	3.73	5.59	7.81	5.27	5.51	3.17	4.18	7.44	5.0	3.75	4.9	
580.0	59.0	9.0	9.0	4.01	6.96	7.29	4.33	7.14	8.55	8.38	7.02	8.28	3.93	4.39	6.77	5.0	8.87	4.9	4.06	6.3	7.73	8.83	3.95	8.02	
581.0	97.0	9.0	9.0	7.52	6.24	6.09	6.45	5.24	6.79	5.92	7.51	4.66	6.6	4.94	8.15	3.57	3.84	8.2	7.94	6.35	6.33	3.76	5.6	5.86	
582.0	66.0	12.0	12.0	3.06	3.01	7.55	5.11	4.19	3.2	3.92	8.2	4.92	8.91	4.15	8.97	4.7	6.9	8.09	5.15	6.19	5.25	3.58	6.8	3.44	
583.0	78.0	8.0	8.0	8.66	5.3	3.16	7.42	4.72	3.51	8.84	4.53	8.92	8.07	3.35	3.05	4.08	5.77	8.83	8.27	3.81	3.49	8.5	4.62	8.44	
584.0	80.0	3.0	3.0	5.19	8.17	6.6	4.72	4.56	5.26	7.09	5.9	8.82	4.35	7.81	3.1	3.39	7.12	8.93	4.87	4.36	3.61	4.0	7.77	7.58	
585.0	84.0	12.0	12.0	6.42	5.93	3.95	6.65	4.83	7.76	3.85	7.39	7.13	7.9	4.53	7.95	6.57	3.51	6.24	8.81	6.59	6.99	5.29	4.95	6.6	
586.0	54.0	10.0	10.0	5.18	8.6	4.42	3.92	4.54	6.39	7.3	6.23	8.7	4.42	7.09	8.81	6.08	5.17	7.34	8.76	4.0	8.55	8.31	8.08	6.86	
587.0	68.0	5.0	5.0	5.01	8.23	6.5	3.1	7.91	6.98	4.12	7.74	3.99	5.03	8.92	8.62	6.08	6.88	7.85	5.45	4.32	7.81	4.67	8.5	6.69	
588.0	72.0	11.0	11.0	4.2	3.92	7.99	3.81	4.21	3.62	5.89	3.31	6.33	8.17	3.18	4.78	7.25	5.3	8.13	7.61	4.27	5.76	4.31	7.67	6.0	
589.0	74.0	1.0	1.0	6.55	8.66	5.38	6.61	6.52	8.8	6.7	7.56	5.34	5.71	5.76	4.01	5.21	4.08	4.99	6.73	7.5	5.12	4.22	3.14	3.85	
590.0	77.0	8.0	8.0	7.23	4.11	8.26	3.5	6.89	5.11	4.68	7.06	3.35	5.91	6.07	3.46	5.06	5.28	4.24	5.79	7.69	6.58	3.67	3.65	6.65	
591.0	61.0	12.0	12.0	4.73	3.89	4.97	8.92	7.59	4.12	7.05	5.37	6.63	8.65	6.05	7.18	6.92	3.97	8.7	7.82	8.52	6.08	3.07	3.59	3.99	
592.0	64.0	4.0	4.0	3.57	5.32	8.04	7.1	8.93	6.37	8.75	6.83	4.75	6.89	3.55	8.5	8.92	7.07	4.3	6.16	5.66	5.98	5.72	8.48	5.34	
593.0	67.0	3.0	3.0	6.61	8.95	8.2	3.34	7.45	3.76	4.71	8.57	7.95	7.4	8.01	8.8	5.56	7.87	5.84	6.62	7.99	7.34	7.95	7.59	4.207217596388849	
594.0	70.0	11.0	11.0	5.06	4.6	5.86	6.66	3.67	5.04	5.14	5.29	6.78	3.85	4.31	3.59	4.08	6.18	6.06	5.16	5.29	7.84	8.82	7.92	5.84	
595.0	72.0	11.0	11.0	3.91	5.3	5.8	3.45	4.99	6.4	5.79	8.01	4.08	4.31	4.68	7.56	4.31	6.9	6.37	5.03	3.89	4.82	6.96	3.44	6.89	
596.0	80.0	3.0	3.0	7.25	3.65	8.46	4.14	5.44	7.46	7.48	6.12	7.19	4.05	3.67	3.13	6.55	8.17	7.93	7.52	5.25	3.36	3.26	6.79	6.33	
597.0	45.0	5.0	5.0	4.1	8.51	8.98	3.82	8.47	8.62	7.28	5.06	4.45	7.06	6.03	4.66	7.65	4.98	5.29	8.51	4.18	8.03	3.34	8.86	4.91	
598.0	29.0	2.0	2.0	4.07	3.27	4.22	8.1	6.07	8.22	6.32	5.81	8.16	3.25	7.1	7.53	7.58	4.28	7.0	4.88	7.74	5.72	3.24	6.16	5.57	
599.0	24.0	14.0	14.0	3.69	7.17	8.4	8.25	4.19	3.59	6.02	4.21	6.2	6.45	5.91	6.7	4.42	3.86	4.23	4.12	6.95	3.62	6.34	3.33	4.18	
600.0	67.0	3.0	3.0	4.41	3.44	6.03	5.8	8.03	5.56	4.93	3.63	7.51	4.5	3.28	7.21	5.26	8.01	7.0	7.99	5.3	8.33	5.05	8.6	4.77	
601.0	70.0	11.0	11.0	6.27	3.14	4.99	7.95	6.41	6.92	7.69	6.95	7.08	3.53	3.72	4.07	8.67	7.37	6.56	6.28	4.26	6.23	3.22	8.36	8.19	
602.0	55.0	6.0	6.0	4.77	5.97	8.03	7.28	3.23	5.84	7.02	8.1	6.73	8.85	6.65	6.59	6.9	6.29	5.97	5.82	7.24	3.07	5.17	7.52	3.99	
603.0	66.0	12.0	12.0	7.92	3.93	7.01	8.67	8.24	6.05	4.23	3.55	6.25	6.38	4.78	7.45	6.88	6.87	8.96	6.46	6.03	3.77	7.99	7.3	5.44	
604.0	37.0	5.0	5.0	3.4	4.39	8.93	4.65	4.04	7.68	8.01	5.63	7.11	4.12	5.92	3.82	6.61	4.4	7.63	7.88	5.84	8.25	5.52	6.87	5.48	
605.0	51.0	2.0	2.0	3.36	7.4	8.32	6.52	6.29	7.29	4.35	6.83	3.11	4.51	4.09	8.74	4.12	5.99	3.25	3.62	7.25	7.72	5.7	4.74	4.85	
606.0	36.0	15.0	15.0	7.74	5.32	5.01	7.72	8.15	6.2	3.34	6.02	8.67	8.02	6.53	4.26	6.22	3.43	4.9	6.18	4.62	7.75	5.65	8.69	6.29	
607.0	68.0	5.0	5.0	6.65	8.81	4.61	3.29	5.88	5.59	5.82	4.02	5.46	8.76	7.57	8.0	6.97	6.17	8.18	6.63	7.64	4.42	7.94	4.07	3.36	
608.0	73.0	13.0	13.0	3.54	3.57	3.85	5.35	5.67	5.33	4.01	8.52	6.85	8.56	4.93	6.25	6.79	5.27	6.86	3.01	5.27	6.12	7.22	4.23	8.01	
609.0	74.0	1.0	1.0	5.43	3.77	8.03	8.34	4.4	3.04	8.84	3.19	5.72	3.71	5.94	3.33	6.77	3.25	4.23	8.18	8.66	6.54	5.97	6.5	5.43	
610.0	62.0	7.0	7.0	6.76	6.44	5.26	7.04	7.17	3.05	6.65	5.96	3.4	7.2	5.5	6.59	5.38	8.42	8.97	3.82	3.07	7.77	8.25	6.67	7.01	
611.0	62.0	7.0	7.0	8.98	6.81	3.88	7.45	5.48	7.43	6.74	7.23	6.66	6.04	4.36	5.6	7.03	8.31	5.43	4.07	7.3	5.17	3.46	4.08	3.76	
612.0	23.0	7.0	7.0	4.41	5.89	4.86	7.63	5.64	8.53	3.44	4.89	4.11	8.79	6.89	3.92	4.72	3.8	5.0	3.19	8.03	5.6	3.53	8.6	8.46	
613.0	66.0	12.0	12.0	5.61	5.2	3.27	6.62	7.84	8.9	5.23	5.86	5.06	9.0	6.04	7.02	7.58	7.97	7.23	4.9	6.45	4.7	4.74	3.03	6.87	
614.0	46.0	14.0	14.0	4.29	6.55	5.42	3.54	8.16	3.46	8.36	3.62	3.7	5.33	6.5	8.44	5.18	7.0	3.8	4.08	3.52	3.7	5.92	8.17	7.78	
615.0	74.0	1.0	1.0	6.44	3.42	4.42	3.02	7.38	6.45	6.63	7.44	6.43	4.7	4.75	8.26	5.19	7.7	7.95	8.97	3.4	4.92	4.65	6.9	6.49	
616.0	90.0	4.0	4.0	6.18	7.07	6.19	8.91	8.6	7.45	6.95	6.49	6.67	8.35	7.75	5.55	6.77	4.83	8.68	4.77	3.69	6.89	4.04	3.3	8.51	
617.0	45.0	5.0	5.0	6.17	5.49	3.52	7.46	8.86	8.54	7.64	8.71	7.5	6.15	6.78	8.67	5.81	3.98	8.01	5.91	8.27	5.54	4.01	6.28	3.91	
618.0	64.0	4.0	4.0	7.72	7.3	3.15	6.57	3.71	3.67	4.27	3.62	3.48	7.83	4.39	3.76	4.4	8.88	8.06	6.46	6.96	8.32	3.23	5.86	4.16	
619.0	58.0	11.0	11.0	5.34	6.55	7.9	6.69	8.1	4.05	6.28	5.12	6.77	6.62	8.78	6.79	3.14	5.1	5.91	8.97	3.92	8.23	5.38	3.92	3.61	
620.0	67.0	3.0	3.0	5.14	4.06	5.57	5.45	6.42	7.12	3.28	3.87	4.13	7.64	6.26	3.23	7.22	4.69	7.25	6.98	7.75	6.28	8.08	4.02	4.61	
621.0	71.0	11.0	11.0	5.77	6.59	7.84	4.37	7.92	3.11	7.96	3.83	7.88	4.56	7.72	4.1	4.03	7.92	6.14	4.09	7.88	3.92	3.74	8.9	3.47	
622.0	75.0	8.0	8.0	3.06	5.18	6.44	7.71	4.9	8.53	6.02	4.56	4.83	5.04	5.68	4.62	7.6	7.86	4.42	7.16	6.33	8.01	7.32	8.26	3.85	
623.0	95.0	8.0	8.0	7.89	8.48	3.59	7.91	4.58	6.29	8.0	7.43	4.54	5.76	3.42	8.35	8.58	6.45	3.88	6.1	7.12	6.26	6.25	6.79	7.06	
624.0	80.0	3.0	3.0	4.82	3.52	7.19	5.85	6.12	4.86	6.32	6.21	3.73	5.97	3.91	8.72	5.69	5.27	6.77	4.45	7.21	3.65	4.43	6.77	3.03	
625.0	81.0	3.0	3.0	5.52	3.42	3.53	6.19	3.89	8.05	3.91	6.73	8.86	4.89	6.88	3.99	8.84	5.53	7.32	5.2	4.44	6.48	7.69	8.05	6.04	
626.0	65.0	11.0	11.0	8.5	6.58	6.91	5.12	4.37	3.64	6.99	4.13	4.84	7.7	5.5	7.79	7.67	7.64	5.92	7.3	5.31	5.58	4.99	5.5	7.67	
627.0	94.0	13.0	13.0	3.51	3.07	5.29	4.8	8.57	3.85	7.04	5.69	4.77	3.37	5.08	3.04	3.02	6.36	5.94	7.37	3.11	7.67	4.0	6.3	7.4	
628.0	72.0	11.0	11.0	8.36	6.94	8.61	6.16	3.82	4.9	6.06	6.45	7.84	7.37	8.62	3.75	4.03	5.41	4.59	6.33	7.8	7.98	4.37	5.8	8.51	
629.0	75.0	8.0	8.0	7.47	5.87	7.7	7.14	5.29	3.42	8.41	6.85	7.0	3.86	4.51	3.27	3.03	6.7	4.82	5.32	5.52	8.68	6.36	4.19	5.4	
630.0	51.0	2.0	2.0	5.15	3.34	7.02	7.99	8.4	4.05	5.25	7.52	8.2	7.03	5.08	5.78	7.19	4.48	4.37	7.82	4.45	6.16	5.01	5.17	4.34	
631.0	89.0	14.0	14.0	5.0	5.0	7.12	6.37	7.25	8.73	8.93	4.05	6.01	7.92	7.58	7.57	7.59	7.11	7.37	7.6	3.18	4.06	5.35	4.62	6.58	
632.0	59.0	9.0	9.0	7.55	3.01	7.46	8.97	8.83	6.59	4.83	7.64	7.66	7.61	4.76	8.24	6.39	4.43	4.15	8.29	4.81	3.7	6.39	4.38	5.32	
633.0	66.0	12.0	12.0	7.22	5.63	4.16	7.42	4.07	7.62	4.53	7.65	8.3	4.48	6.62	7.56	7.84	3.72	7.62	7.76	6.09	7.76	3.65	7.33	4.46	
634.0	17.0	11.0	11.0	3.72	8.94	6.13	5.04	6.32	8.2	6.79	5.2	7.82	6.3	6.03	8.65	4.32	7.16	3.81	3.08	4.26	3.42	5.45	7.61	8.94	
635.0	85.0	3.0	3.0	3.87	8.77	4.67	4.31	6.67	7.72	3.03	5.87	7.89	7.21	5.81	3.55	8.96	6.57	7.24	8.15	4.96	6.25	4.07	3.59	8.68	
636.0	77.0	8.0	8.0	4.2	6.77	4.32	7.4	5.46	5.16	4.65	7.27	6.5	4.06	3.04	7.36	5.09	3.38	7.69	5.79	6.76	6.68	5.24	4.41	3.48	
637.0	78.0	8.0	8.0	8.62	3.36	4.61	6.43	4.95	4.3	8.82	6.08	7.12	5.75	7.15	3.73	7.85	4.36	8.92	4.25	8.87	8.9	4.3	5.07	5.46	
638.0	34.0	14.0	14.0	8.97	6.22	8.67	5.86	3.73	3.22	3.54	8.35	6.53	7.46	3.27	3.73	4.31	8.21	7.22	4.61	4.04	7.37	5.23	8.43	7.13	
639.0	66.0	12.0	12.0	6.2	3.11	6.35	8.68	6.95	3.54	6.43	5.65	3.32	3.19	6.99	8.23	3.89	4.04	8.14	5.37	7.61	3.86	4.33	6.4	4.18	
640.0	24.0	14.0	14.0	4.12	5.77	6.03	7.29	3.78	5.79	6.06	3.81	7.27	7.72	6.04	7.49	3.52	3.55	5.2	7.41	8.84	4.59	4.21	5.4	5.47	
641.0	92.0	10.0	10.0	6.51	5.63	7.26	5.25	6.22	5.72	3.21	5.89	6.39	6.98	5.45	3.78	4.58	8.84	7.07	8.36	4.75	7.31	5.68	8.62	5.08	
642.0	73.0	13.0	13.0	3.52	8.73	5.36	6.9	3.45	6.69	5.86	4.86	6.11	4.49	8.13	7.79	4.12	7.42	6.53	5.76	6.0	6.24	8.92	5.12	7.56	
643.0	2.0	14.0	14.0	7.15	6.54	7.86	8.81	3.24	8.2	7.08	5.39	3.78	7.57	7.71	3.62	3.68	8.66	7.76	3.03	3.34	8.31	3.58	6.43	7.17	
644.0	80.0	3.0	3.0	8.29	3.89	6.19	7.69	3.12	7.01	4.09	8.14	5.43	3.61	6.66	5.61	7.53	8.35	8.16	5.56	4.04	4.63	4.82	4.72	3.76	
645.0	99.0	12.0	12.0	7.81	4.09	6.75	5.56	8.92	6.1	7.44	4.54	7.26	4.66	6.39	4.46	6.16	4.85	3.51	5.69	5.94	4.31	8.86	3.12	5.48	
646.0	33.0	14.0	14.0	3.85	5.1	4.07	4.14	3.0	6.01	7.72	4.5	3.78	8.29	6.2	3.24	8.38	3.78	3.7	6.51	7.18	3.7	6.04	8.89	4.36	
647.0	70.0	11.0	11.0	3.18	3.13	8.48	3.29	6.34	5.94	4.23	6.14	3.97	6.9	7.59	6.88	3.56	7.74	5.7	7.54	4.37	8.06	8.42	4.49	4.3	
648.0	71.0	11.0	11.0	3.77	3.43	6.13	4.67	8.17	5.72	5.3	5.96	6.52	6.61	3.19	5.67	7.7	7.05	3.61	6.2	4.89	8.5	4.92	5.09	6.69	
649.0	52.0	4.0	4.0	4.08	5.85	5.26	7.44	3.83	5.92	8.58	3.95	6.89	4.85	3.52	4.64	7.64	7.84	7.08	4.47	4.24	3.96	7.43	3.06	3.18	
650.0	41.0	15.0	15.0	3.99	5.05	8.36	7.52	4.51	5.86	3.31	3.69	5.14	6.29	3.45	8.34	7.46	5.37	8.82	7.87	8.99	3.31	7.72	4.69	3.5	
651.0	47.0	15.0	15.0	4.87	7.03	8.47	8.26	5.5	7.03	3.88	7.35	4.57	5.93	3.2	3.5	8.69	3.86	4.46	6.7	6.72	4.38	7.55	7.35	5.7	
652.0	46.0	14.0	14.0	7.07	7.09	3.04	7.11	7.58	7.36	6.11	4.7	3.14	7.42	5.09	5.22	6.06	7.18	8.3	8.56	5.12	3.9	4.46	6.09	7.65	
653.0	33.0	14.0	14.0	3.11	3.57	5.22	4.71	8.94	5.02	3.2	3.0	3.77	7.45	7.49	5.85	6.1	7.21	6.08	7.41	3.08	6.36	5.37	3.71	4.44	
654.0	70.0	11.0	11.0	3.26	5.1	7.92	8.29	8.69	7.31	8.01	3.87	4.15	5.78	8.8	3.8	3.19	6.64	5.18	3.45	6.76	3.45	6.56	6.07	3.7	
655.0	89.0	14.0	14.0	6.18	3.67	4.11	5.02	6.6	5.34	4.46	8.89	5.4	7.4	3.57	6.9	6.01	3.31	3.49	4.11	3.19	8.74	7.43	8.28	6.76	
656.0	76.0	6.0	6.0	5.45	6.39	7.75	7.31	6.5	3.32	6.89	8.28	8.45	7.12	4.09	6.25	3.44	5.94	6.42	6.13	5.17	5.01	3.96	7.22	4.74	
657.0	99.0	12.0	12.0	5.82	7.53	6.1	8.82	5.76	5.33	5.44	6.57	7.12	3.14	3.55	8.01	7.46	5.86	4.81	5.47	8.78	3.19	3.18	3.36	5.15	
658.0	69.0	12.0	12.0	7.33	6.88	6.96	3.13	5.06	5.74	7.74	7.06	6.6	6.06	6.57	5.02	3.76	6.17	6.49	5.77	8.65	4.01	8.05	3.24	4.76	
659.0	66.0	12.0	12.0	7.46	4.5	7.12	5.06	4.28	7.99	7.22	6.74	5.54	3.41	7.22	8.23	6.9	7.25	5.95	8.32	4.6	7.19	8.95	3.47	8.9	
660.0	69.0	12.0	12.0	4.42	8.31	4.9	3.53	3.85	8.02	8.4	7.09	8.33	3.9	8.5	5.12	3.45	4.97	3.06	5.71	6.02	4.53	7.62	5.62	8.47	
661.0	97.0	9.0	9.0	6.19	6.72	4.69	5.64	3.85	7.37	4.71	8.89	7.78	6.65	4.41	5.23	6.21	5.63	8.6	5.65	4.59	5.71	4.21	8.1	8.55	
662.0	73.0	13.0	13.0	4.13	5.69	5.69	5.45	3.59	7.29	7.01	6.76	8.25	4.49	4.95	4.66	5.16	6.65	3.09	3.9	4.11	3.91	5.17	7.96	8.28	
663.0	94.0	13.0	13.0	3.57	4.5	6.29	8.03	4.08	8.9	5.98	5.46	5.1	4.23	6.16	8.4	6.84	4.69	6.89	3.98	5.84	6.86	7.57	6.99	4.67	
664.0	84.0	12.0	12.0	7.81	5.57	8.0	8.81	8.72	8.55	8.05	4.97	5.85	4.88	7.63	8.44	7.14	8.78	3.87	4.97	4.43	6.26	5.39	8.85	7.55	
665.0	59.0	9.0	9.0	7.52	5.49	4.51	8.38	7.98	6.49	6.27	7.01	5.17	5.83	7.1	4.25	5.09	5.2	5.07	4.44	3.16	5.1	4.74	4.41	8.94	
666.0	90.0	4.0	4.0	4.52	7.6	5.12	5.95	8.42	5.15	5.76	5.83	5.48	7.43	6.55	7.42	6.06	8.73	8.79	5.81	4.6	3.32	6.01	4.57	4.05	
667.0	70.0	11.0	11.0	8.94	8.96	4.87	6.8	8.34	4.65	7.14	3.8	4.66	8.26	4.19	8.73	7.58	4.6	4.41	5.64	5.75	4.45	7.79	5.51	5.89	
668.0	72.0	11.0	11.0	8.49	8.62	4.91	5.07	7.29	3.29	8.31	5.77	7.31	5.75	8.9	7.14	7.0	8.33	5.6	8.15	6.99	4.2	5.18	3.71	8.36	
669.0	81.0	3.0	3.0	4.63	3.01	3.9	7.7	6.19	7.66	5.78	5.46	6.06	3.75	4.71	5.01	5.73	5.32	7.74	7.84	4.61	6.94	5.27	7.78	3.01	
670.0	95.0	8.0	8.0	8.85	8.21	7.94	6.38	4.85	7.0	5.51	5.84	4.87	7.84	5.02	7.22	5.29	6.48	8.88	8.98	5.16	4.21	6.79	7.38	8.86	
671.0	88.0	4.0	4.0	8.13	4.72	5.42	4.55	8.13	3.58	5.36	6.38	8.6	6.0	7.67	8.46	6.88	4.12	3.02	6.96	5.15	3.73	5.43	5.41	8.6	
672.0	96.0	15.0	15.0	4.4	7.04	4.38	3.21	7.37	6.36	7.72	7.07	8.83	8.71	4.64	3.58	4.39	7.61	7.15	3.58	7.47	6.34	4.2	3.08	5.49	
673.0	68.0	5.0	5.0	8.98	5.95	8.21	5.31	4.82	5.13	4.09	4.35	3.86	3.43	4.4	3.67	6.8	7.17	7.4	5.56	7.13	4.95	5.6	7.36	7.14	
674.0	92.0	10.0	10.0	5.09	8.43	8.27	8.64	4.71	8.27	6.32	7.76	5.35	4.34	7.72	7.34	3.5	8.7	5.97	6.18	7.0	6.69	7.79	8.7	4.52	
675.0	98.0	15.0	15.0	4.63	5.87	5.87	3.82	8.47	5.99	6.18	5.38	7.01	5.62	4.31	3.59	4.88	8.81	8.19	7.86	4.28	3.71	6.64	8.7	7.13	
676.0	75.0	8.0	8.0	5.36	8.27	4.15	7.56	8.71	6.14	4.01	6.59	3.72	8.64	6.83	3.79	7.35	8.48	7.43	3.43	6.43	3.58	8.72	3.32	5.53	
677.0	80.0	3.0	3.0	6.06	7.57	3.9	3.85	5.52	5.4	3.9	6.29	5.99	5.21	8.74	6.66	8.66	6.43	3.7	6.19	3.5	4.37	5.74	8.93	5.86	
678.0	83.0	5.0	5.0	3.61	5.6	3.21	3.91	8.74	4.92	6.71	4.37	4.96	6.24	6.58	3.08	4.13	7.37	6.7	6.3	4.92	6.2	3.08	4.82	6.81	
679.0	54.0	10.0	10.0	3.95	5.4	8.16	4.53	5.44	7.11	8.74	7.47	8.8	7.63	5.68	3.55	6.87	6.23	3.3	5.43	6.5	5.64	6.96	7.06	3.17	
680.0	98.0	15.0	15.0	7.25	7.0	6.5	6.15	8.45	6.57	5.5	4.21	4.01	6.22	8.83	8.89	3.66	4.96	3.83	3.19	4.37	8.75	7.04	7.71	3.71	
681.0	83.0	5.0	5.0	5.05	7.01	6.16	8.26	6.06	8.43	4.8	8.03	7.79	7.38	7.43	5.88	8.84	5.57	8.44	7.9	8.23	8.66	4.57	3.19	4.35	
682.0	74.0	1.0	1.0	5.64	4.65	7.92	7.64	7.26	6.44	7.48	4.74	6.86	4.65	8.32	5.2	6.88	7.26	7.76	3.02	3.8	7.06	8.0	8.32	6.86	
683.0	77.0	8.0	8.0	7.12	3.34	7.09	5.71	5.46	3.14	8.96	8.29	7.16	5.3	3.33	4.1	6.55	8.86	6.84	6.43	9.0	7.02	3.01	6.25	6.24	
684.0	61.0	12.0	12.0	6.46	7.7	5.35	5.52	7.57	3.23	8.21	5.56	4.89	6.99	3.78	5.51	4.0	4.78	8.38	5.37	7.83	6.56	3.64	3.59	8.26	
685.0	90.0	4.0	4.0	5.15	5.94	5.75	4.07	4.05	4.22	7.54	6.07	6.07	3.27	3.17	8.95	4.93	8.87	6.87	3.88	8.86	5.94	6.25	7.23	4.27	
686.0	65.0	11.0	11.0	4.44	5.25	6.82	4.5	8.44	8.27	4.38	3.05	6.16	8.14	3.01	8.35	3.38	6.44	3.05	7.74	6.65	7.84	5.41	7.73	6.81	
687.0	100.0	14.0	14.0	5.94	8.75	7.96	6.68	6.36	4.64	7.55	6.48	5.66	6.38	3.47	4.61	4.93	8.16	3.37	7.41	7.32	6.22	6.59	6.96	4.19	
688.0	73.0	13.0	13.0	3.98	5.57	5.05	7.65	5.82	6.26	5.26	7.25	3.62	6.13	8.86	8.38	5.37	5.63	6.04	7.87	5.13	8.75	7.42	4.04	3.78	
689.0	86.0	15.0	15.0	7.19	3.8	8.63	6.86	8.56	4.17	4.28	6.37	3.13	3.5	4.01	5.91	4.01	7.3	6.79	5.44	7.6	8.54	3.17	8.73	5.55	
690.0	97.0	9.0	9.0	6.05	6.79	8.76	4.98	5.05	4.22	3.35	5.22	4.1	6.25	5.64	6.46	5.52	8.57	3.67	8.99	5.0	3.41	4.49	3.37	4.06	
691.0	18.0	2.0	2.0	6.29	7.73	6.53	7.13	4.76	4.3	3.73	4.76	8.39	5.8	3.46	6.94	8.73	3.45	6.61	4.41	6.73	3.92	4.04	7.47	3.26	
692.0	31.0	8.0	8.0	6.42	3.23	6.25	3.82	8.23	4.43	7.89	5.79	4.75	5.75	8.81	5.53	5.82	8.88	6.67	7.03	5.68	3.57	4.7	4.2	5.21	
693.0	36.0	15.0	15.0	3.08	8.45	6.85	5.65	5.12	3.31	3.06	4.03	4.58	6.24	4.59	4.45	3.69	3.62	3.24	8.64	6.29	7.06	4.4	6.86	7.35	
694.0	69.0	12.0	12.0	8.12	6.48	3.99	8.88	5.86	4.19	6.76	8.94	8.56	6.48	5.64	4.95	4.64	3.69	3.08	7.45	5.87	3.05	3.22	7.88	6.11	
695.0	89.0	14.0	14.0	4.05	5.12	6.21	3.44	5.89	5.75	8.36	7.79	3.1	4.43	6.87	6.99	7.35	6.04	8.0	3.18	5.6	8.74	4.6	4.7	5.16	
696.0	81.0	3.0	3.0	8.71	3.43	6.06	6.57	4.87	4.69	6.93	5.44	4.29	4.3	4.13	3.69	6.4	7.32	4.71	8.68	5.53	3.71	4.66	8.26	8.74	
697.0	89.0	14.0	14.0	8.18	6.49	3.24	3.32	8.78	4.12	6.78	8.39	3.43	6.83	5.52	5.62	3.84	6.44	8.93	4.79	6.19	5.14	5.94	8.72	7.92	
698.0	54.0	10.0	10.0	5.06	8.51	8.37	4.64	7.86	8.02	4.29	5.23	8.78	4.6	3.16	7.85	5.3	6.14	4.46	5.46	8.85	8.34	5.39	7.22	8.59	
699.0	82.0	6.0	6.0	8.42	6.61	8.18	7.61	6.61	3.14	6.97	7.79	8.08	4.03	7.82	8.82	8.9	3.42	5.4	8.1	4.61	6.49	3.98	6.25	7.97	
700.0	68.0	5.0	5.0	6.96	4.36	8.61	6.3	8.42	5.28	5.06	8.44	7.91	6.98	3.51	7.32	4.22	3.59	7.15	3.65	6.97	7.58	6.75	3.62	3.51	
701.0	72.0	11.0	11.0	3.6	7.17	7.85	6.31	3.85	7.91	5.27	6.19	4.44	7.78	4.25	6.73	5.75	3.08	4.57	4.36	8.7	5.27	6.57	6.52	5.02	
702.0	73.0	13.0	13.0	7.17	6.35	5.64	4.68	5.9	4.55	3.43	3.33	8.16	5.16	3.24	7.1	5.19	6.13	5.88	6.63	6.98	8.73	7.41	4.27	5.75	
703.0	88.0	4.0	4.0	7.58	4.99	7.27	6.16	8.59	7.14	5.86	6.24	7.66	3.08	8.37	3.34	4.12	5.14	3.52	7.48	5.69	6.65	3.19	8.73	4.39	
704.0	86.0	15.0	15.0	4.18	4.18	7.37	3.08	6.52	7.89	6.59	6.93	5.65	8.89	8.65	6.59	7.22	5.84	4.93	6.14	5.44	3.6	4.5	4.58	7.75	
705.0	63.0	15.0	15.0	3.88	6.22	5.52	8.46	7.65	4.62	8.47	8.88	3.12	3.62	8.72	6.23	7.18	3.42	3.3	5.7	8.94	3.89	5.08	8.46	8.23	
706.0	65.0	11.0	11.0	3.13	7.02	3.73	3.99	3.67	5.77	6.03	8.38	4.19	4.9	4.23	7.98	5.33	6.46	7.28	7.81	6.55	5.46	3.4	7.64	4.56	
707.0	68.0	5.0	5.0	5.63	4.34	6.86	6.22	3.33	8.64	4.49	8.5	6.35	8.13	5.93	8.46	3.43	6.45	3.09	7.78	8.31	5.1	5.62	5.74	8.64	
708.0	72.0	11.0	11.0	4.21	7.5	3.43	6.09	3.82	5.92	4.73	5.88	3.61	4.57	7.17	6.5	4.43	5.98	4.14	5.89	3.94	3.31	6.31	4.32	3.57	
709.0	75.0	8.0	8.0	3.57	5.73	5.2	3.24	3.62	5.1	6.38	3.23	3.65	4.47	3.25	8.67	5.88	4.54	8.09	5.44	8.16	8.94	8.75	7.08	4.87	
710.0	97.0	9.0	9.0	3.96	4.38	5.31	3.9	7.79	5.09	4.87	3.64	6.87	4.6	4.54	4.6	7.48	5.01	7.32	4.13	4.83	4.7	8.99	6.26	4.72	
711.0	60.0	3.0	3.0	3.54	8.54	6.87	5.06	3.04	6.12	4.49	7.96	5.88	7.94	5.7	8.1	7.32	7.18	4.47	8.66	7.13	8.97	4.84	7.78	5.21	
712.0	64.0	4.0	4.0	4.91	3.94	4.48	7.1	4.22	4.71	7.94	4.58	4.71	4.04	8.44	3.42	6.81	7.67	8.75	6.29	4.52	7.13	8.76	4.82	5.73	
713.0	66.0	12.0	12.0	8.52	3.77	8.17	3.61	7.27	3.15	7.96	5.1	4.68	7.86	6.0	7.01	7.24	8.69	6.3	4.17	3.1	3.35	6.86	6.47	4.15	
714.0	69.0	12.0	12.0	3.44	8.84	8.9	4.93	3.86	7.86	8.09	5.78	6.07	8.92	7.15	8.99	7.13	7.37	5.1	3.19	4.12	7.76	8.12	5.39	3.7	
715.0	40.0	11.0	11.0	3.6	7.8	7.18	3.41	7.78	7.53	4.74	4.9	5.39	5.75	4.78	7.93	4.65	7.49	3.28	4.58	3.09	8.87	4.86	8.35	8.5	
716.0	14.0	13.0	13.0	4.76	6.89	4.84	6.3	4.09	5.62	8.16	8.93	7.92	6.52	6.3	3.81	4.0	4.03	8.98	4.12	3.84	6.86	7.24	4.94	6.02	
717.0	90.0	4.0	4.0	4.02	4.02	5.26	7.94	4.27	3.69	7.2	6.2	3.14	7.03	5.1	4.45	6.05	6.5	5.99	8.29	7.72	4.45	6.25	8.59	6.52	
718.0	57.0	14.0	14.0	8.55	4.74	6.99	3.18	8.67	4.33	4.83	4.89	3.09	8.13	8.76	5.3	5.64	5.62	5.51	8.83	8.28	6.04	3.39	3.46	6.29	
719.0	96.0	15.0	15.0	6.14	3.43	3.57	4.78	4.98	6.69	6.85	3.41	3.82	7.57	4.7	4.22	8.61	3.63	3.64	3.47	7.66	3.4	8.36	3.07	7.81	
720.0	67.0	3.0	3.0	3.14	4.37	4.18	5.25	7.49	6.67	6.82	6.39	5.11	3.61	5.42	6.77	6.38	3.78	7.99	6.69	5.43	4.54	8.91	3.37	3.25	
721.0	72.0	11.0	11.0	7.53	5.4	7.9	6.14	5.3	4.55	7.42	3.55	5.66	7.13	5.97	6.01	4.88	6.85	6.28	6.19	3.19	6.8	7.5	8.57	7.67	
722.0	46.0	14.0	14.0	6.33	4.63	5.66	7.24	5.35	3.49	8.11	4.07	4.23	8.51	8.25	3.2	6.64	7.14	4.57	3.65	5.89	8.01	5.42	6.91	5.3	
723.0	47.0	15.0	15.0	7.43	8.74	8.44	3.88	7.81	6.48	6.56	6.84	7.64	4.54	8.62	7.98	4.94	4.98	6.14	7.18	4.65	7.63	5.58	7.91	7.27	
724.0	43.0	13.0	13.0	6.47	7.48	5.18	5.03	3.06	5.1	7.44	8.44	5.0	6.57	3.62	3.34	7.97	5.32	4.92	7.94	7.82	3.52	7.48	5.86	5.53	
725.0	62.0	7.0	7.0	8.88	5.57	7.86	5.89	5.92	5.62	3.19	3.98	6.57	5.11	4.61	7.72	5.04	4.35	5.34	3.29	6.36	3.68	3.95	8.06	6.84	
726.0	4.0	9.0	9.0	3.66	8.3	6.04	6.88	8.03	5.53	8.11	5.55	6.39	5.72	8.91	7.42	7.0	6.54	3.18	6.89	4.4	5.35	6.81	3.82	4.88	
727.0	38.0	5.0	5.0	3.32	5.4	4.68	8.13	8.89	6.73	3.99	6.57	4.93	7.43	3.37	4.57	3.75	4.58	7.98	5.26	3.28	6.69	5.73	8.06	4.91	
728.0	71.0	11.0	11.0	5.3	6.66	3.19	3.95	5.27	7.55	8.06	5.46	7.96	5.94	4.66	5.89	6.85	8.35	4.81	3.53	8.52	4.38	5.41	3.94	4.55	
729.0	91.0	9.0	9.0	6.81	6.62	4.08	7.73	7.65	4.91	8.73	5.34	5.12	5.86	8.51	4.41	7.54	3.24	7.87	3.19	6.16	7.29	8.34	4.36	4.99	
730.0	79.0	7.0	7.0	4.53	7.36	4.41	4.19	3.42	7.99	6.16	3.3	3.23	5.85	8.5	5.33	3.57	7.41	4.97	3.54	4.94	5.07	7.96	4.96	3.48	
731.0	61.0	12.0	12.0	4.14	8.08	6.01	5.73	3.37	8.45	7.89	3.87	4.1	7.95	4.6	3.39	7.75	8.54	5.95	3.93	3.49	7.36	3.29	6.14	6.33	
732.0	65.0	11.0	11.0	3.64	7.38	6.35	5.28	5.68	4.19	5.78	4.74	5.0	3.49	8.32	8.5	4.83	5.25	5.25	3.68	8.58	8.74	5.14	8.89	5.52	
733.0	87.0	5.0	5.0	7.27	7.82	8.35	4.51	6.23	5.04	3.39	8.72	4.58	5.37	3.58	4.67	4.45	8.22	3.72	8.4	5.51	8.92	4.25	8.34	4.1	
734.0	71.0	11.0	11.0	5.97	5.95	6.66	7.17	6.33	8.54	5.67	3.75	8.03	7.07	3.48	3.05	8.95	6.83	7.87	7.69	4.28	7.14	7.66	6.74	3.53	
735.0	73.0	13.0	13.0	7.5	5.47	3.93	5.55	8.7	3.14	6.26	6.22	5.71	4.96	6.31	3.59	8.84	7.14	4.88	6.07	5.48	3.13	6.79	4.69	4.21	
736.0	42.0	4.0	4.0	5.48	4.95	7.77	5.95	5.04	5.77	8.21	6.74	4.23	5.0	3.86	6.12	7.6	3.74	4.63	6.1	7.29	7.23	6.62	5.55	6.84	
737.0	95.0	8.0	8.0	6.45	4.54	5.13	5.6	8.58	8.91	8.9	7.82	7.83	8.66	8.25	8.96	3.24	8.81	4.54	3.38	8.44	6.54	5.09	3.82	3.16	
738.0	63.0	15.0	15.0	8.73	6.84	3.51	4.57	4.13	5.11	8.88	4.78	6.12	7.28	8.21	4.15	4.88	8.97	7.06	7.22	7.98	6.55	3.71	4.78	7.82	
739.0	54.0	10.0	10.0	4.38	3.4	8.43	3.25	6.24	5.19	6.67	4.24	4.92	3.3	7.35	6.7	4.89	4.6	5.93	5.51	8.31	7.09	6.36	4.8	8.41	
740.0	67.0	3.0	3.0	7.38	7.72	6.13	5.79	6.72	3.45	7.66	8.35	8.35	3.26	8.51	3.8	8.65	4.69	4.3	5.13	3.44	5.37	8.9	5.92	4.03	
741.0	72.0	11.0	11.0	5.66	8.03	3.06	4.57	5.21	3.79	8.88	6.26	6.83	4.87	5.86	3.89	5.16	6.63	5.43	7.69	3.86	4.01	3.78	7.38	6.19	
742.0	73.0	13.0	13.0	7.61	5.78	4.31	7.47	4.52	4.29	3.38	3.36	7.16	3.9	5.16	4.65	4.72	7.33	7.45	3.63	7.83	8.12	8.43	8.92	3.67	
743.0	78.0	8.0	8.0	6.15	5.01	5.06	6.07	5.03	8.58	7.79	4.11	7.21	3.23	7.93	5.1	3.55	6.05	6.43	7.02	8.28	8.11	7.81	4.05	4.11	
744.0	79.0	7.0	7.0	6.1	5.77	3.95	4.43	5.33	6.22	5.53	8.66	5.3	5.08	6.75	5.06	5.86	6.76	5.08	7.46	6.06	4.61	4.61	5.48	3.09	
745.0	62.0	7.0	7.0	8.28	4.55	4.67	3.58	6.51	4.27	8.89	4.67	3.66	5.08	7.1	6.57	3.48	8.42	8.83	3.54	6.81	3.27	3.21	5.87	8.88	
746.0	67.0	3.0	3.0	4.83	6.59	4.52	5.93	4.28	8.36	5.4	7.03	6.23	5.51	5.61	4.88	7.93	5.72	7.32	8.26	4.76	8.63	3.17	4.79	4.32	
747.0	69.0	12.0	12.0	5.84	7.48	3.64	4.61	4.3	7.25	3.14	8.72	8.31	7.15	5.44	3.38	8.3	5.27	7.1	3.47	4.94	7.33	8.96	4.14	3.91	
748.0	72.0	11.0	11.0	5.16	8.4	8.2	6.65	3.72	3.51	7.39	5.88	4.26	4.11	4.69	3.74	3.3	6.4	7.95	5.6	3.74	5.62	8.09	8.16	4.29	
749.0	75.0	8.0	8.0	4.83	6.78	6.23	8.74	4.62	3.94	6.99	4.91	5.96	6.1	8.8	4.21	4.85	8.4	6.94	8.76	5.11	8.26	7.62	6.77	7.29	
750.0	77.0	8.0	8.0	5.94	4.28	6.97	3.44	7.68	5.1	6.75	8.76	6.97	5.88	5.1	7.88	4.96	3.8	3.42	7.31	8.96	4.57	7.92	5.07	8.12	
751.0	61.0	12.0	12.0	3.88	8.99	3.89	5.6	7.31	5.83	6.6	5.8	7.55	7.73	6.57	5.46	5.12	8.63	7.54	5.38	7.06	4.78	3.09	5.93	7.05	
752.0	75.0	8.0	8.0	6.48	8.95	4.43	8.28	8.86	3.12	6.21	8.12	8.16	5.39	6.57	4.49	8.75	4.85	7.98	4.03	6.53	7.77	3.34	6.97	8.18	
753.0	67.0	3.0	3.0	6.33	5.45	6.45	7.01	8.36	6.8	8.08	6.5	4.81	8.8	8.48	4.77	3.99	4.04	6.95	5.8	6.07	3.71	5.8	5.4	7.0	
754.0	83.0	5.0	5.0	5.8	8.61	5.55	6.92	6.39	7.41	6.67	7.04	4.97	7.33	4.92	7.01	3.51	6.03	3.55	4.47	3.41	4.99	4.94	6.27	5.71	
755.0	72.0	11.0	11.0	7.77	8.43	3.53	4.6	7.11	3.02	6.33	6.69	8.1	5.16	6.15	7.51	8.38	3.48	3.82	7.14	5.05	6.86	7.57	7.91	8.21	
756.0	75.0	8.0	8.0	6.23	7.88	6.87	7.0	4.77	4.48	4.53	7.71	3.54	4.09	4.79	3.72	8.53	5.27	8.51	8.02	8.01	3.39	3.74	6.54	8.63	
757.0	87.0	5.0	5.0	4.59	6.82	3.46	3.73	7.48	5.81	3.77	8.73	4.75	6.47	6.09	8.37	8.11	3.15	3.42	3.77	6.94	6.38	5.07	8.03	8.19	
758.0	61.0	12.0	12.0	3.47	6.14	8.08	3.14	4.86	4.23	8.84	5.64	7.59	8.87	3.15	4.84	7.83	7.35	3.6	5.62	5.94	4.12	6.63	8.71	6.71	
759.0	75.0	8.0	8.0	3.62	6.08	3.33	3.88	8.44	4.35	4.16	5.99	6.86	7.92	8.23	6.63	7.28	6.57	7.22	6.99	3.95	6.4	7.18	4.34	6.73	
760.0	67.0	3.0	3.0	7.25	5.67	3.79	3.95	5.91	5.16	3.16	6.66	6.3	5.37	7.91	7.73	5.87	8.57	4.62	6.73	7.11	6.24	5.05	3.3	7.2	
761.0	42.0	4.0	4.0	6.94	6.12	5.47	4.23	6.51	5.87	3.84	8.0	6.49	5.45	6.21	3.77	7.64	5.88	5.82	4.8	6.59	3.67	4.19	5.78	3.63	
762.0	46.0	14.0	14.0	6.48	6.29	5.85	6.93	3.36	4.75	5.56	3.9	4.09	3.98	8.12	6.58	7.94	4.81	8.24	5.28	3.79	7.79	6.01	5.83	7.52	
763.0	89.0	14.0	14.0	8.44	3.66	7.07	5.07	8.29	6.9	5.95	3.38	8.66	5.38	7.44	3.46	4.35	6.52	6.16	8.72	7.52	7.87	7.87	3.34	8.25	
764.0	57.0	14.0	14.0	3.09	6.88	7.99	7.22	7.09	6.9	8.27	6.41	4.41	6.76	7.4	5.84	6.21	6.89	5.65	3.68	4.95	6.54	6.37	8.87	7.73	
765.0	53.0	12.0	12.0	3.21	7.54	8.41	4.81	7.29	6.55	4.8	6.67	7.04	5.8	7.56	3.4	8.64	7.61	7.01	6.88	3.93	7.97	3.28	8.78	7.45	
766.0	57.0	14.0	14.0	4.54	5.1	6.86	3.96	8.64	5.56	5.07	8.64	3.13	5.52	5.22	8.2	6.17	8.73	7.47	3.28	8.23	6.56	5.69	8.22	5.62	
767.0	59.0	9.0	9.0	6.9	8.09	7.39	4.32	8.15	8.63	3.95	7.13	6.58	8.05	5.86	3.53	3.47	6.18	3.54	5.22	5.12	5.0	5.51	4.31	5.73	
768.0	43.0	13.0	13.0	4.96	3.95	4.88	3.06	6.32	7.84	4.6	7.86	6.48	4.33	3.15	5.11	5.47	8.89	6.78	8.39	7.99	3.66	4.23	6.05	5.02	
769.0	48.0	13.0	13.0	6.61	3.64	4.55	3.69	4.05	6.66	5.99	7.35	3.38	4.21	4.54	8.57	3.32	5.53	7.8	7.25	3.21	7.29	3.91	4.49	4.38	
770.0	50.0	9.0	9.0	5.66	7.18	4.23	8.22	3.5	4.97	8.36	7.76	3.5	5.4	4.16	6.36	7.91	3.34	8.41	4.45	3.87	5.88	4.7	8.66	8.19	
771.0	52.0	4.0	4.0	5.75	6.83	8.01	7.84	3.83	7.86	7.94	7.07	6.32	7.11	4.47	3.5	3.14	8.95	7.8	3.28	8.41	3.59	7.69	7.58	8.41	
772.0	56.0	13.0	13.0	5.53	5.64	5.53	8.94	7.54	7.76	3.23	5.71	6.8	8.56	8.24	6.73	5.82	6.67	7.15	4.67	6.77	7.41	8.82	4.76	8.05	
773.0	58.0	11.0	11.0	7.46	7.63	3.5	4.57	8.76	6.14	5.91	6.38	5.34	6.98	8.31	6.54	3.97	6.04	8.33	3.34	8.49	6.95	3.89	8.31	4.19	
774.0	60.0	3.0	3.0	8.46	7.53	4.17	5.45	5.66	8.78	4.55	8.01	6.98	4.5	6.89	4.0	7.83	6.83	6.63	6.21	6.18	8.78	7.31	3.73	6.9	
775.0	35.0	10.0	10.0	4.41	6.14	4.13	7.58	4.47	6.23	6.98	5.47	4.3	3.6	5.82	5.91	8.91	4.67	4.19	7.49	7.79	4.07	4.82	3.76	7.68	
776.0	48.0	13.0	13.0	6.19	3.31	5.72	5.67	4.92	6.7	5.3	8.54	6.99	3.29	8.25	4.43	5.5	8.43	4.53	4.96	5.54	4.78	3.72	7.77	4.45	
777.0	50.0	9.0	9.0	8.54	7.5	7.24	5.97	4.16	7.75	7.64	7.58	8.31	5.99	5.47	4.08	6.89	6.09	3.25	8.56	5.2	6.83	3.9	4.78	5.64	
778.0	95.0	8.0	8.0	5.07	3.62	6.16	4.78	8.46	8.96	7.23	3.39	4.7	4.83	8.05	8.9	4.02	5.41	6.29	6.71	7.69	7.98	4.15	7.54	5.04	
779.0	56.0	13.0	13.0	6.07	6.84	7.5	8.16	7.83	8.62	5.07	3.1	6.5	5.42	5.4	7.0	5.58	4.97	7.96	5.62	7.32	3.68	5.36	5.95	6.42	
780.0	58.0	11.0	11.0	3.95	7.91	7.18	4.41	8.85	3.2	6.38	8.0	7.83	8.08	4.11	6.7	3.57	7.76	8.41	3.89	7.3	4.34	8.55	5.62	6.83	
781.0	42.0	4.0	4.0	5.24	3.23	3.93	5.85	7.3	8.65	8.89	3.9	8.19	8.02	5.38	5.17	6.77	8.75	8.29	3.67	3.14	8.75	5.85	8.06	3.43	
782.0	44.0	3.0	3.0	4.1	7.13	4.64	6.48	5.08	5.16	8.18	6.77	8.26	4.76	8.9	8.2	8.94	4.07	3.56	3.11	4.07	8.69	7.84	8.32	6.17	
783.0	48.0	13.0	13.0	4.96	6.16	7.68	4.56	5.21	4.87	3.39	7.46	8.09	4.02	5.76	5.18	6.56	3.47	6.56	5.08	7.58	8.31	8.13	8.32	8.24	
784.0	52.0	4.0	4.0	3.29	3.9	5.17	6.94	4.82	3.71	3.65	4.01	8.35	4.5	7.64	6.4	5.06	4.49	4.94	6.79	5.0	8.02	3.78	5.15	3.21	
785.0	53.0	12.0	12.0	6.59	6.89	8.71	4.19	7.71	8.89	5.13	8.01	5.32	3.79	3.95	8.88	3.12	3.49	6.35	5.43	4.9	5.06	7.93	5.95	8.44	
786.0	58.0	11.0	11.0	4.49	4.69	6.78	7.16	7.67	8.59	8.82	3.21	6.3	8.33	8.07	5.86	3.79	6.19	3.83	7.25	7.74	7.6	5.99	3.12	3.59	
787.0	59.0	9.0	9.0	5.94	5.32	4.38	8.43	7.0	7.39	6.35	3.6	5.55	7.69	6.49	7.85	4.86	3.14	4.13	7.37	4.64	4.32	8.76	8.99	7.35	
788.0	42.0	4.0	4.0	8.9	6.69	8.97	7.83	3.31	5.31	5.46	4.99	4.36	6.76	3.92	6.44	7.48	4.69	6.82	6.03	5.62	3.45	8.94	5.18	6.6	
789.0	47.0	15.0	15.0	7.3	7.91	6.96	5.86	3.88	3.94	7.12	3.51	5.89	4.4	7.78	8.14	4.52	6.65	6.16	6.04	5.14	7.64	5.9	6.5	6.01	
790.0	48.0	13.0	13.0	6.99	4.26	7.47	3.55	4.55	3.84	3.25	3.69	7.53	6.21	3.07	3.32	8.59	5.42	6.66	8.37	5.44	5.21	5.67	3.13	7.11	
791.0	34.0	14.0	14.0	6.86	6.15	6.8	3.77	6.25	7.79	4.46	6.18	6.01	7.25	8.9	8.12	5.67	4.97	4.4	7.29	6.34	6.72	6.01	3.92	4.85	
792.0	55.0	6.0	6.0	8.23	3.44	4.87	6.39	4.74	3.66	6.3	7.97	6.22	4.95	3.54	5.33	6.91	8.96	4.82	5.82	7.25	6.87	3.2	7.86	3.1	
793.0	58.0	11.0	11.0	6.28	3.49	3.46	4.6	6.12	7.25	7.81	3.24	7.79	7.73	4.53	3.82	4.55	8.9	5.37	4.48	4.35	3.68	4.81	5.84	8.48	
794.0	89.0	14.0	14.0	4.74	7.14	3.65	5.89	5.5	7.44	4.67	3.17	3.39	5.06	5.03	3.33	4.89	8.35	5.09	3.94	3.81	5.17	7.5	4.14	7.18	
795.0	44.0	3.0	3.0	5.13	7.59	7.45	7.77	4.18	8.76	7.78	8.83	4.29	4.09	5.37	6.68	9.0	5.03	5.9	7.84	8.49	3.74	6.27	4.13	4.1	
796.0	47.0	15.0	15.0	4.36	3.87	7.2	8.75	3.08	8.51	3.98	4.98	4.58	7.55	3.33	3.5	3.66	3.24	8.82	8.18	8.94	5.68	8.05	8.32	4.96	
797.0	51.0	2.0	2.0	4.53	5.31	6.52	5.81	6.3	7.34	8.11	3.56	8.49	3.21	7.87	7.52	7.53	3.78	3.95	4.57	3.53	6.92	6.03	3.49	4.22	
798.0	52.0	4.0	4.0	6.67	5.92	3.31	7.99	6.36	6.31	3.0	3.64	6.16	7.02	8.21	8.38	3.1	4.06	8.26	5.23	7.42	5.8	6.09	8.35	6.42	
799.0	57.0	14.0	14.0	4.18	6.2	6.5	8.93	7.99	8.55	6.23	8.66	6.36	7.03	3.62	7.78	3.24	5.29	6.4	6.03	6.14	4.82	8.42	5.78	8.56	
800.0	59.0	9.0	9.0	6.01	6.68	5.47	4.98	3.9	7.94	6.55	3.32	7.08	5.36	8.73	7.94	8.56	3.16	8.14	8.23	3.56	3.56	5.49	5.56	7.47	
801.0	41.0	15.0	15.0	7.07	7.52	6.84	5.45	4.55	4.5	3.81	6.41	8.84	5.44	4.28	6.02	8.19	6.38	5.89	6.95	4.02	3.92	6.55	3.41	7.15	
802.0	45.0	5.0	5.0	6.66	3.73	5.77	8.43	3.14	5.28	3.68	6.65	8.35	5.58	3.27	4.43	8.82	6.31	5.62	6.24	6.66	4.41	4.01	3.3	7.9	
803.0	84.0	12.0	12.0	7.99	6.03	6.37	8.68	3.91	6.74	4.25	5.2	5.22	4.12	6.45	7.24	8.39	7.22	5.17	7.21	4.94	3.1	4.23	6.68	8.7	
804.0	83.0	5.0	5.0	7.8	5.64	7.14	6.68	4.19	3.09	7.4	3.34	4.42	8.22	6.05	3.74	5.91	8.25	4.51	7.95	3.3	6.41	8.33	8.85	3.76	
805.0	95.0	8.0	8.0	7.17	8.99	4.87	3.22	6.74	3.09	7.51	5.45	8.83	3.15	7.26	4.24	7.24	7.84	6.35	8.09	7.78	5.83	6.65	4.19	6.02	
806.0	22.0	6.0	6.0	3.14	5.98	3.04	5.52	7.22	5.49	6.57	7.24	5.43	7.02	4.49	8.91	8.47	7.81	3.01	9.0	5.76	4.4	7.89	8.58	3.55	
807.0	60.0	3.0	3.0	7.05	7.37	4.8	5.45	5.66	8.77	7.84	7.83	7.63	8.67	6.74	4.7	5.72	6.65	6.15	3.12	6.58	3.38	8.16	4.27	6.03	
808.0	40.0	11.0	11.0	8.18	5.16	3.41	8.66	4.09	8.93	6.49	7.23	4.05	3.63	6.34	8.02	3.24	7.56	7.0	8.23	6.08	6.73	6.39	5.58	5.4	
809.0	89.0	14.0	14.0	5.74	3.58	5.47	5.64	5.37	5.61	5.68	5.7	7.4	8.51	7.77	3.28	3.18	3.54	5.55	8.02	6.17	5.89	7.25	8.99	4.89	
810.0	48.0	13.0	13.0	5.31	6.76	4.1	7.8	7.83	4.71	5.86	5.03	5.42	5.06	5.34	4.65	5.85	3.93	8.24	8.22	7.81	5.73	3.72	5.72	8.24	
811.0	96.0	15.0	15.0	7.02	6.48	5.36	6.3	7.91	6.83	6.03	7.49	6.18	7.77	5.73	3.44	4.43	3.58	7.25	8.75	8.36	3.72	4.26	3.86	5.24	
812.0	54.0	10.0	10.0	8.87	7.04	4.26	8.89	5.22	4.87	3.85	7.34	5.14	4.21	4.58	6.23	5.77	8.84	4.32	7.19	5.29	6.87	3.88	6.38	3.94	
813.0	81.0	3.0	3.0	7.14	3.27	3.11	3.53	3.54	8.74	5.48	7.16	6.63	4.89	8.74	3.98	4.06	4.76	3.93	5.93	5.31	3.21	6.3	7.99	4.6	
814.0	57.0	14.0	14.0	4.06	4.84	4.42	5.39	5.71	3.77	6.5	8.54	3.33	8.73	8.07	7.47	7.49	7.22	8.53	7.69	8.65	7.05	7.28	7.32	3.88	
815.0	45.0	5.0	5.0	3.48	8.89	3.1	3.13	6.25	7.5	7.25	7.43	8.26	5.22	7.19	3.59	3.7	7.71	8.42	3.05	6.89	7.87	8.85	4.66	7.52	
816.0	92.0	10.0	10.0	3.78	3.22	5.08	5.98	6.73	5.32	8.58	4.91	3.48	5.35	7.8	7.27	6.72	5.27	3.45	7.78	8.26	7.71	4.35	7.95	3.54	
817.0	64.0	4.0	4.0	5.95	7.52	6.27	8.57	6.16	4.45	3.15	4.0	4.55	6.97	3.87	3.57	3.15	4.07	6.07	3.48	7.14	8.52	6.1	7.45	5.3	
818.0	85.0	3.0	3.0	7.48	6.14	8.33	6.01	6.02	4.88	8.01	8.49	7.39	5.51	7.98	5.51	8.14	6.68	6.91	7.07	5.83	6.49	8.54	7.16	8.193306553478203	
819.0	13.0	3.0	3.0	7.34	3.48	8.5	8.49	7.24	6.62	6.17	4.07	6.09	5.47	5.68	7.22	5.93	6.67	4.57	6.44	4.5	5.77	8.01	4.93	5.43	
820.0	60.0	3.0	3.0	8.82	8.93	3.24	8.19	3.28	6.7	7.9	5.15	4.09	7.32	6.26	3.82	6.42	4.72	6.85	6.32	5.72	4.46	4.86	4.72	6.99	
821.0	90.0	4.0	4.0	6.26	4.08	4.8	3.05	7.19	6.49	6.18	7.39	6.64	7.37	5.77	8.57	7.67	3.08	3.83	7.41	7.36	6.27	4.1	7.48	8.15	
822.0	30.0	14.0	14.0	3.54	7.71	7.04	7.21	5.39	8.72	4.33	6.26	5.85	5.68	8.49	6.89	8.39	5.3	4.79	7.39	5.28	4.45	3.97	7.7	5.43	
823.0	91.0	9.0	9.0	6.2	6.77	6.94	3.7	7.32	8.99	4.46	3.68	4.67	3.03	7.79	3.84	7.57	3.58	8.82	4.22	5.59	7.07	8.41	4.76	7.42	
824.0	73.0	13.0	13.0	7.7	8.72	7.42	7.77	4.13	7.01	6.46	7.94	7.81	8.16	5.24	8.39	5.02	3.99	3.06	5.18	8.39	7.42	4.05	6.37	6.12	
825.0	54.0	10.0	10.0	3.38	5.43	4.19	8.12	3.05	5.27	7.89	5.26	5.42	5.68	5.09	5.55	4.07	4.4	8.62	5.94	4.72	4.8	5.02	3.46	4.44	
826.0	72.0	11.0	11.0	8.36	6.38	7.86	5.65	6.74	5.08	4.66	7.14	8.69	8.34	8.42	4.36	3.25	7.85	8.06	5.3	6.81	3.93	5.59	3.16	6.71	
827.0	60.0	3.0	3.0	8.12	6.7	8.5	5.36	4.22	4.02	3.9	3.89	8.94	8.52	3.72	7.21	8.54	4.73	6.07	4.25	4.14	3.19	7.92	3.09	6.18	
828.0	44.0	3.0	3.0	4.07	8.83	7.22	3.99	4.27	8.77	8.51	4.28	6.73	6.79	4.23	6.5	3.81	5.34	8.0	6.57	8.24	7.13	8.49	8.61	7.9	
829.0	26.0	1.0	1.0	4.1	3.58	4.02	8.77	5.14	3.02	4.63	4.63	8.1	8.6	5.97	4.4	7.47	8.63	3.73	6.21	3.66	7.84	8.96	3.17	7.2	
830.0	48.0	13.0	13.0	3.43	8.44	6.78	6.23	7.55	3.96	4.97	8.52	3.43	6.28	4.93	3.98	6.07	8.05	3.88	4.68	6.57	4.68	4.74	6.28	6.22	
831.0	16.0	14.0	14.0	3.72	6.27	6.82	6.96	7.4	4.48	3.06	6.13	7.46	6.0	5.91	6.6	7.3	8.66	4.82	7.22	5.9	7.08	4.47	4.5	7.44	
832.0	92.0	10.0	10.0	8.46	8.57	4.32	6.32	8.01	6.4	5.25	8.86	8.07	4.85	3.93	8.07	3.03	7.96	7.54	8.03	4.03	3.41	6.96	8.46	7.35	
833.0	98.0	15.0	15.0	5.71	3.55	7.29	8.59	8.56	5.68	5.31	3.82	6.22	8.0	7.3	5.71	5.12	6.72	7.75	7.93	8.39	5.35	4.37	5.85	8.17	
834.0	85.0	3.0	3.0	6.79	5.39	8.57	6.75	7.39	5.2	4.46	3.78	7.05	7.06	6.17	3.49	4.85	8.08	8.7	8.88	5.15	6.34	7.55	7.73	7.22	
835.0	84.0	12.0	12.0	8.15	3.76	7.7	6.88	7.31	4.7	4.48	7.66	8.98	7.78	7.4	8.05	7.02	5.15	7.26	4.86	4.36	7.44	6.15	8.24	7.55	
836.0	38.0	5.0	5.0	4.86	3.91	3.33	7.6	3.39	5.67	6.61	7.8	3.9	6.8	3.34	8.21	3.2	4.96	4.11	5.12	4.63	4.16	6.49	5.31	7.88	
837.0	86.0	15.0	15.0	7.02	3.36	8.13	6.94	3.97	7.54	8.55	8.23	4.09	7.66	3.43	7.08	5.1	5.58	5.03	7.3	7.18	6.75	6.63	3.66	7.39	
838.0	80.0	3.0	3.0	4.78	6.5	3.75	4.68	5.55	4.41	7.16	7.07	7.85	6.92	4.84	7.25	8.08	3.67	8.35	8.35	3.69	4.33	6.97	3.95	8.19	
839.0	57.0	14.0	14.0	5.38	6.76	6.79	6.68	3.65	4.83	7.91	3.17	5.96	6.57	3.81	4.83	7.75	6.92	4.58	3.21	3.59	8.63	4.44	4.62	6.06	
840.0	64.0	4.0	4.0	8.36	4.05	5.49	6.66	7.26	5.35	3.86	7.37	4.07	3.1	3.29	4.65	4.5	3.82	5.21	3.77	8.92	3.63	4.84	7.5	3.71	
841.0	98.0	15.0	15.0	4.54	3.14	6.5	9.0	5.53	3.63	5.11	6.36	8.21	8.27	7.75	8.43	8.85	8.39	4.52	7.3	8.05	5.93	7.37	7.22	3.99	
842.0	67.0	3.0	3.0	5.02	5.15	6.68	7.23	4.52	4.67	6.16	4.48	6.18	4.19	4.27	7.54	6.53	8.93	3.21	3.49	3.12	3.12	7.35	5.75	6.28	
843.0	99.0	12.0	12.0	8.06	5.6	5.23	7.38	6.18	5.13	4.38	7.92	7.86	5.94	6.56	3.97	6.08	6.91	5.91	4.09	4.22	5.7	7.33	4.88	4.95	
844.0	51.0	2.0	2.0	5.41	7.55	7.58	7.38	8.24	3.74	7.1	3.33	8.58	6.0	5.16	6.63	5.18	3.91	3.1	8.11	5.37	8.76	3.88	6.56	3.27	
845.0	83.0	5.0	5.0	6.88	5.67	7.99	5.31	5.98	6.64	8.66	7.42	5.87	7.86	8.98	3.87	6.11	5.27	8.76	5.02	7.38	8.7	3.4	7.41	4.0	
846.0	36.0	15.0	15.0	6.69	7.77	7.36	4.87	5.97	8.75	4.2	4.12	5.48	6.69	5.67	4.87	7.94	4.27	3.4	4.22	4.64	5.06	3.85	5.28	7.06	
847.0	90.0	4.0	4.0	3.25	8.22	6.36	5.12	5.65	8.12	6.77	5.9	6.88	5.82	5.48	3.91	6.4	3.22	8.02	7.32	8.85	7.62	5.16	5.95	4.08	
848.0	85.0	3.0	3.0	8.67	7.55	4.69	6.4	4.06	4.5	5.02	6.96	6.89	8.95	6.74	4.32	3.56	8.36	7.6	4.18	6.63	3.01	4.73	8.74	3.76	
849.0	46.0	14.0	14.0	6.93	6.85	7.2	3.32	5.38	5.66	4.0	7.24	4.26	7.18	4.94	6.7	6.17	5.55	8.19	6.85	5.55	4.97	8.67	7.17	7.42	
850.0	100.0	14.0	14.0	7.22	7.34	7.96	5.11	7.62	8.23	4.18	8.39	6.15	6.76	6.96	7.05	3.26	3.41	5.8	3.28	8.98	6.72	6.72	5.47	3.84	
851.0	51.0	2.0	2.0	6.48	3.24	6.02	4.55	6.49	6.97	7.16	8.39	4.85	3.43	4.2	7.34	7.45	4.69	7.74	4.4	7.56	7.02	8.21	6.75	7.84	
852.0	54.0	10.0	10.0	4.61	7.5	4.79	7.77	6.99	8.51	7.66	5.39	6.18	7.31	6.61	5.42	4.19	6.73	7.85	3.55	6.48	6.56	6.71	8.75	5.76	
853.0	66.0	12.0	12.0	8.14	6.67	7.46	6.04	7.04	3.48	7.45	5.98	6.35	3.52	4.53	5.67	7.05	3.38	3.63	8.27	5.57	8.38	6.8	7.46	4.6	
854.0	88.0	4.0	4.0	4.14	5.07	5.71	6.46	6.2	8.26	8.16	4.5	7.99	8.4	8.38	5.08	5.26	7.65	3.3	7.14	8.29	3.27	5.07	4.31	7.64	
855.0	1.0	11.0	11.0	6.97	7.65	5.99	5.41	8.47	6.97	8.63	8.58	4.58	4.08	8.17	3.29	7.91	6.8	6.96	7.73	7.28	8.9	7.27	8.32	8.296894203881166	
856.0	99.0	12.0	12.0	8.81	3.16	6.22	6.97	3.18	7.86	7.17	7.43	3.32	5.96	4.86	6.51	4.13	6.82	8.69	4.14	7.96	5.91	3.57	5.48	8.81	
857.0	77.0	8.0	8.0	5.25	6.79	7.37	4.3	8.47	5.95	8.07	3.63	8.35	7.4	7.41	8.18	4.81	4.27	3.49	4.53	5.57	7.12	5.36	8.6	5.6	
858.0	95.0	8.0	8.0	3.37	5.17	7.7	5.18	3.59	7.03	5.13	5.2	3.05	5.58	6.72	5.64	8.24	8.04	5.94	6.16	8.96	3.89	3.77	5.3	6.75	
859.0	92.0	10.0	10.0	3.89	8.24	7.47	8.45	8.94	6.21	3.68	3.2	8.71	7.0	3.62	4.03	8.69	8.6	8.56	6.69	7.55	8.38	7.01	6.99	7.98	
860.0	98.0	15.0	15.0	8.77	3.58	3.96	8.83	5.56	5.49	8.73	4.75	6.37	6.94	4.22	6.12	7.69	8.45	4.28	8.44	8.57	8.32	6.49	8.95	5.16	
861.0	84.0	12.0	12.0	4.77	5.19	5.58	8.22	4.16	8.56	5.26	8.05	3.96	8.25	4.21	7.32	3.26	4.33	6.04	3.87	5.33	7.44	4.82	6.38	6.42	
862.0	81.0	3.0	3.0	5.02	5.81	4.79	4.85	7.07	4.91	8.35	6.42	8.25	6.51	6.92	7.71	5.59	6.83	3.38	4.97	3.29	3.5	8.41	4.86	3.38	
863.0	90.0	4.0	4.0	8.57	7.58	7.64	4.38	5.58	7.71	5.94	4.55	4.41	8.21	3.9	7.81	4.24	5.93	4.18	5.47	8.82	4.9	8.69	3.88	4.11	
864.0	50.0	9.0	9.0	7.4	8.33	4.07	3.39	4.71	4.47	6.36	6.86	5.15	5.38	7.24	4.33	4.49	8.19	3.75	5.76	7.01	4.0	8.15	5.01	4.48	
865.0	55.0	6.0	6.0	7.2	3.69	7.84	4.69	6.35	6.33	6.58	3.25	3.56	8.97	4.41	5.01	4.45	5.67	5.33	6.81	5.56	4.4	8.31	7.94	3.11	
866.0	95.0	8.0	8.0	7.26	5.38	4.62	7.94	6.97	6.32	3.22	3.56	4.52	4.76	6.38	4.84	8.71	6.08	8.74	8.97	6.85	5.53	3.67	7.03	8.85	
867.0	60.0	3.0	3.0	8.21	6.69	3.92	3.89	4.18	8.37	8.74	7.95	8.9	3.15	3.21	4.69	7.66	6.64	4.3	3.82	5.51	8.67	8.87	8.06	8.67	
868.0	44.0	3.0	3.0	7.22	3.48	6.59	6.35	4.23	3.67	6.98	6.04	4.91	7.46	3.88	3.08	3.43	4.81	4.38	3.5	7.76	8.28	5.63	8.42	3.8	
869.0	96.0	15.0	15.0	5.49	3.69	3.07	7.55	6.51	8.95	5.62	7.51	6.08	3.51	5.28	7.39	7.18	4.55	5.2	6.42	4.43	4.62	8.56	3.76	6.49	
870.0	48.0	13.0	13.0	6.12	5.18	5.38	4.84	6.81	3.78	8.75	6.87	7.87	4.0	6.3	3.03	5.11	7.58	7.61	3.56	4.66	7.26	8.18	5.11	4.52	
871.0	17.0	11.0	11.0	4.91	6.74	3.75	5.54	4.07	7.27	6.96	8.94	6.02	4.81	6.45	3.2	6.31	8.46	3.37	5.88	4.78	4.57	5.78	6.66	7.02	
872.0	55.0	6.0	6.0	4.44	5.94	7.94	7.74	6.14	3.7	6.66	7.45	3.14	7.7	3.15	4.1	6.87	8.83	4.05	6.98	3.92	4.08	7.06	6.89	6.42	
873.0	58.0	11.0	11.0	8.88	4.15	4.9	8.65	8.04	8.8	3.79	5.66	5.66	4.26	5.68	3.25	6.06	3.82	7.51	5.7	7.63	8.35	5.37	3.96	6.79	
874.0	42.0	4.0	4.0	6.56	7.14	3.48	5.74	7.79	6.55	3.18	6.68	3.19	6.08	4.17	6.74	5.53	6.43	8.63	3.69	8.84	6.52	7.3	8.38	6.47	
875.0	90.0	4.0	4.0	7.5	3.58	5.84	4.67	6.0	3.84	8.81	4.26	8.42	4.31	3.4	3.66	7.0	5.86	7.77	8.87	7.52	8.13	6.58	5.73	7.51	
876.0	47.0	15.0	15.0	4.27	6.54	5.99	5.09	3.97	8.86	8.07	4.57	7.78	4.02	3.9	8.35	8.64	6.34	8.46	4.72	8.74	4.32	6.68	6.09	7.11	
877.0	31.0	8.0	8.0	7.98	7.94	5.59	7.74	8.32	7.95	8.35	5.53	6.46	8.86	3.75	8.49	3.56	6.8	3.18	5.05	5.07	8.51	3.49	3.7	3.31	
878.0	5.0	15.0	15.0	6.48	7.4	3.91	3.09	4.1	4.11	3.18	7.35	5.0	4.7	5.07	3.9	3.41	3.14	5.96	3.83	8.76	7.7	3.46	5.29	5.87	
879.0	95.0	8.0	8.0	4.7	6.68	7.63	5.87	5.79	4.96	4.4	4.34	5.82	8.47	7.45	5.59	8.75	4.07	6.5	4.25	6.26	5.45	8.63	8.52	6.8	
880.0	10.0	15.0	15.0	3.86	8.09	8.76	3.54	3.92	7.27	8.52	4.34	5.99	7.75	5.51	8.14	6.11	4.69	3.61	6.66	6.21	5.98	6.44	6.02	8.65	
881.0	43.0	13.0	13.0	8.34	3.71	4.56	7.8	3.08	5.13	8.44	5.36	7.72	7.57	3.62	5.7	3.68	3.11	7.51	8.15	3.03	5.84	3.25	4.02	4.75	
882.0	43.0	13.0	13.0	6.66	4.38	6.28	6.65	5.55	4.46	3.95	5.03	8.82	6.74	4.99	8.22	8.25	6.25	8.61	7.33	6.14	8.87	3.37	8.3	8.1	
883.0	70.0	11.0	11.0	8.49	3.18	7.85	3.03	7.73	6.31	4.52	3.67	7.21	7.22	4.57	4.46	5.46	8.66	5.66	5.37	6.36	6.65	3.91	8.91	6.92	
884.0	52.0	4.0	4.0	5.98	8.25	4.0	6.83	5.09	4.99	5.23	8.77	5.15	5.04	4.37	5.07	8.37	4.7	4.98	5.94	5.82	5.3	5.61	8.72	3.8	
885.0	53.0	12.0	12.0	6.42	8.49	4.86	4.41	7.07	3.28	4.05	6.58	6.27	6.33	6.96	4.12	3.04	7.7	3.36	7.36	8.76	4.31	6.57	4.39	8.95	
886.0	68.0	5.0	5.0	3.52	6.68	7.88	6.2	6.86	6.03	6.29	4.7	5.23	6.95	6.4	6.16	5.74	3.2	8.06	8.4	8.62	4.93	8.04	4.0	6.4	
887.0	82.0	6.0	6.0	6.63	4.93	3.11	4.42	8.51	5.1	6.29	8.64	7.45	4.72	3.84	4.17	4.48	3.08	5.47	7.7	7.07	3.54	4.93	8.51	3.96	
888.0	87.0	5.0	5.0	7.63	5.25	7.53	4.05	3.03	6.74	6.28	3.63	4.54	6.69	5.38	5.82	3.1	3.44	8.45	8.21	4.09	8.72	5.44	5.35	5.01	
889.0	36.0	15.0	15.0	7.54	5.84	7.61	7.03	5.51	7.67	7.57	4.28	5.25	8.66	5.27	7.57	4.87	8.58	3.5	3.45	7.94	7.9	5.03	8.67	3.14	
890.0	48.0	13.0	13.0	6.89	6.87	7.64	8.86	6.78	6.18	4.19	4.03	7.93	7.34	7.99	7.78	5.82	8.16	4.86	5.19	6.51	7.16	7.66	3.49	6.28	
891.0	88.0	4.0	4.0	3.62	6.1	5.43	6.3	3.32	7.26	5.81	5.22	7.08	5.96	4.7	7.84	7.8	5.02	8.22	3.43	8.55	8.26	6.14	7.19	7.44	
892.0	56.0	13.0	13.0	5.19	5.62	4.04	8.34	6.6	3.65	7.48	4.08	4.84	5.47	7.17	8.24	3.2	6.98	6.6	5.94	6.17	5.05	4.04	6.41	7.41	
893.0	66.0	12.0	12.0	5.68	5.39	8.17	6.44	6.1	4.65	3.05	5.85	3.28	6.75	7.21	5.99	7.81	3.79	8.2	6.94	4.95	6.76	6.87	5.38	5.53	
894.0	91.0	9.0	9.0	4.34	5.64	8.1	7.42	3.65	4.54	3.99	7.66	3.93	3.59	4.16	7.76	3.75	6.04	4.53	4.82	5.27	8.67	7.72	7.87	4.73	
895.0	43.0	13.0	13.0	8.09	7.6	3.79	6.3	8.95	7.99	8.27	5.74	3.24	5.58	7.92	7.45	4.08	4.21	3.64	3.51	5.77	3.17	3.9	7.28	7.61	
896.0	82.0	6.0	6.0	5.51	8.83	8.74	3.64	3.28	5.57	5.53	5.45	8.86	4.42	3.28	7.79	3.52	6.14	8.72	6.39	4.74	4.31	6.53	8.36	3.86	
897.0	88.0	4.0	4.0	5.59	4.57	5.56	6.97	8.21	4.01	4.62	5.94	6.65	8.44	5.73	3.58	5.01	7.55	4.47	3.76	4.4	4.52	4.28	4.95	4.08	
898.0	3.0	6.0	6.0	8.44	3.23	3.76	7.22	7.69	5.72	7.18	8.89	6.69	6.79	8.51	5.27	3.1	4.08	5.65	5.86	6.72	3.04	7.1	7.33	3.64	
899.0	73.0	13.0	13.0	7.55	7.54	8.53	3.05	5.83	4.44	3.82	7.63	7.92	4.96	6.6	4.49	6.77	6.2	6.29	4.26	8.02	5.13	4.54	8.94	4.83	
900.0	59.0	9.0	9.0	6.99	8.64	3.06	7.04	5.3	5.29	7.18	8.36	7.27	8.32	4.94	3.49	7.29	7.8	5.52	7.32	6.83	7.7	6.53	6.71	3.9	
901.0	72.0	11.0	11.0	4.51	6.7	7.88	3.77	5.29	6.13	5.55	4.35	7.65	3.9	4.5	3.32	8.57	6.88	4.03	4.8	4.61	5.12	8.44	4.79	6.66	
902.0	83.0	5.0	5.0	6.5	3.89	8.14	4.08	6.64	5.09	5.69	3.93	4.29	5.28	6.87	3.24	6.0	7.38	4.07	5.8	8.73	7.44	4.7	4.56	5.58	
903.0	24.0	14.0	14.0	8.55	3.22	4.12	7.73	4.65	6.97	3.63	5.0	8.46	6.89	3.58	5.93	3.97	6.34	5.49	6.43	8.5	7.34	6.2	7.96	7.67	
904.0	92.0	10.0	10.0	6.1	8.45	5.14	8.2	8.26	8.45	6.98	6.34	7.76	8.32	5.46	8.24	4.76	6.59	7.08	7.75	7.16	6.77	8.51	3.46	2.8508127735334003	
905.0	91.0	9.0	9.0	7.13	8.96	3.31	3.85	4.51	6.3	7.4	8.14	3.34	8.64	8.71	7.17	4.71	4.72	4.19	5.47	6.37	3.65	7.81	5.3	3.93	
906.0	66.0	12.0	12.0	3.65	8.07	5.52	3.36	8.73	7.01	6.69	3.28	5.04	7.85	3.51	6.79	5.18	5.48	5.06	6.74	8.47	8.21	7.36	8.75	5.03	
907.0	96.0	15.0	15.0	3.7	3.62	7.44	8.76	6.91	8.08	8.23	8.37	5.63	4.66	6.25	3.69	6.03	3.34	7.02	5.42	5.82	7.19	4.0	4.25	7.25	
908.0	78.0	8.0	8.0	6.9	5.92	7.56	7.96	8.17	3.94	5.3	8.92	8.48	4.42	6.83	6.77	8.25	3.16	6.66	4.74	5.99	3.88	4.65	8.21	6.66	
909.0	96.0	15.0	15.0	3.77	7.06	6.87	6.03	8.58	4.85	4.01	5.27	8.82	3.81	6.47	4.98	8.87	8.86	7.65	5.95	7.69	7.44	8.37	6.91	8.27	
910.0	50.0	9.0	9.0	8.19	7.04	3.95	3.76	4.07	5.99	8.17	5.83	4.7	7.88	4.92	4.77	7.7	4.38	3.09	4.75	4.95	4.28	4.13	7.92	8.33	
911.0	86.0	15.0	15.0	5.06	4.46	8.28	3.99	5.11	8.41	6.48	5.75	4.49	5.66	4.96	7.72	6.26	7.32	8.02	3.57	7.63	5.13	4.51	8.1	8.21	
912.0	62.0	7.0	7.0	4.1	8.86	4.57	8.76	8.11	5.93	7.02	3.04	3.13	3.33	3.86	7.39	7.73	4.14	3.89	8.08	3.8	6.64	3.48	3.9	8.72	
913.0	23.0	7.0	7.0	7.84	4.97	6.69	8.28	3.17	5.05	7.34	3.0	4.32	8.45	5.77	5.82	5.95	6.75	8.24	6.65	6.73	8.45	7.66	3.99	4.92	
914.0	85.0	3.0	3.0	4.98	8.44	8.17	6.42	7.69	4.36	4.5	4.42	3.41	5.78	8.35	5.42	5.55	3.1	4.43	8.24	3.15	8.05	5.52	4.37	4.15	
915.0	28.0	8.0	8.0	8.78	3.7	7.55	3.58	6.05	6.36	7.48	7.35	7.97	5.07	7.84	6.22	8.17	3.8	5.9	8.58	8.94	7.93	4.0	5.68	3.08	
916.0	87.0	5.0	5.0	4.63	3.37	5.42	8.47	6.34	4.58	7.35	3.73	3.74	5.6	8.5	8.64	8.02	3.93	4.08	6.65	8.43	3.88	5.45	8.71	3.15	
917.0	76.0	6.0	6.0	3.7	6.07	7.74	4.0	5.26	8.39	8.07	3.1	8.65	8.64	7.09	3.69	8.32	5.42	6.51	8.21	7.6	7.81	5.74	5.64	7.83	
918.0	37.0	5.0	5.0	3.79	6.46	7.34	4.58	8.02	6.4	7.43	8.31	4.12	6.8	7.73	6.18	8.23	4.28	4.53	7.95	4.25	4.25	9.0	8.82	6.12	
919.0	39.0	14.0	14.0	8.71	8.59	8.58	5.27	4.81	6.69	8.39	5.21	8.28	8.67	8.74	8.88	5.32	7.06	6.42	5.15	8.13	8.43	5.77	3.94	1.1081858800737097	
920.0	22.0	6.0	6.0	7.94	7.89	4.86	7.44	3.45	5.99	3.54	7.39	8.66	3.32	4.53	8.11	5.79	6.45	4.93	8.2	5.35	4.33	4.85	5.51	5.59	
921.0	25.0	12.0	12.0	8.46	6.16	6.39	6.21	5.07	8.16	6.9	3.86	5.04	7.84	7.14	5.38	4.32	8.24	3.61	8.71	4.7	6.97	8.9	6.13	7.34	
922.0	89.0	14.0	14.0	5.17	5.52	7.49	3.4	8.01	5.82	6.15	3.55	8.74	4.74	5.55	5.96	7.87	6.96	5.0	4.05	3.41	3.7	4.6	7.94	7.57	
923.0	82.0	6.0	6.0	3.72	3.9	5.72	3.64	6.76	4.02	6.44	8.04	7.04	4.64	8.47	7.99	5.92	8.84	7.66	4.35	3.9	8.47	3.29	8.9	4.56	
924.0	35.0	10.0	10.0	6.6	5.99	7.21	5.13	6.45	5.69	3.45	8.85	4.04	3.14	4.95	3.09	6.3	3.39	6.4	3.74	4.61	8.92	3.16	5.12	8.59	
925.0	39.0	14.0	14.0	3.54	4.26	5.19	3.46	5.15	3.28	8.73	7.01	5.99	7.08	3.75	8.2	8.49	4.59	6.28	8.78	4.92	4.58	7.95	6.22	7.55	
926.0	92.0	10.0	10.0	6.57	6.67	8.65	7.44	3.17	5.09	3.26	6.91	6.67	6.31	3.17	6.8	7.66	5.37	4.76	6.18	6.63	8.82	4.43	8.6	5.33	
927.0	6.0	7.0	7.0	3.65	8.13	3.98	8.4	6.38	8.28	5.39	4.01	5.06	4.07	4.18	6.42	3.98	7.67	3.66	7.74	6.14	4.37	7.68	8.73	5.22	
928.0	27.0	13.0	13.0	6.19	4.62	6.22	7.15	8.56	4.33	4.18	5.92	7.82	5.55	4.24	3.56	3.65	4.72	4.49	6.96	4.27	5.08	4.92	5.1	8.99	
929.0	29.0	2.0	2.0	5.67	3.57	4.97	3.74	5.01	8.53	5.78	4.44	5.27	6.83	3.14	7.02	7.27	8.39	6.26	4.68	6.03	5.61	8.24	6.03	4.55	
930.0	34.0	14.0	14.0	3.33	8.05	6.01	5.95	5.37	6.64	5.47	3.09	8.41	6.97	6.05	6.24	8.69	4.59	3.83	6.64	5.54	8.35	6.53	7.07	3.73	
931.0	84.0	12.0	12.0	4.41	6.45	6.71	6.64	8.61	7.8	5.99	3.48	8.67	5.82	8.23	5.51	7.79	3.75	5.58	6.01	7.47	6.8	3.98	7.88	4.86	
932.0	40.0	11.0	11.0	3.82	4.47	7.3	4.17	8.39	4.88	7.34	4.97	4.64	8.7	7.19	7.5	6.49	3.82	8.82	7.4	6.37	7.26	6.99	6.93	3.57	
933.0	21.0	9.0	9.0	4.41	7.17	5.93	7.74	4.84	8.08	6.92	6.38	7.94	8.45	4.56	4.74	6.1	7.85	8.72	3.21	8.23	4.75	5.54	5.47	8.74	
934.0	24.0	14.0	14.0	6.66	5.75	6.66	4.74	5.9	3.81	7.11	8.39	6.06	3.48	7.35	4.97	3.05	6.54	3.01	4.5	3.25	7.76	8.89	5.06	5.7	
935.0	27.0	13.0	13.0	7.63	3.33	8.56	7.94	3.09	3.78	4.16	3.75	7.63	6.5	8.14	3.63	6.32	4.95	3.31	7.0	7.05	3.83	4.03	4.65	4.08	
936.0	30.0	14.0	14.0	4.44	7.73	3.17	4.87	4.37	6.03	5.43	7.35	8.72	8.67	8.11	5.77	5.58	4.94	4.44	4.35	6.46	4.98	5.78	4.58	6.89	
937.0	33.0	14.0	14.0	7.56	4.81	7.8	5.59	4.53	6.65	5.45	6.67	5.13	5.26	7.5	5.08	5.94	3.6	4.99	6.19	4.42	6.5	4.19	5.7	7.42	
938.0	36.0	15.0	15.0	6.88	6.72	3.79	6.5	5.25	6.7	4.49	8.49	4.31	5.64	8.52	6.88	7.27	6.9	3.38	3.39	6.08	5.44	6.79	8.02	4.41	
939.0	39.0	14.0	14.0	4.66	8.66	3.32	6.76	7.74	5.4	7.33	7.9	5.12	4.48	3.52	4.09	6.57	4.21	6.18	8.6	8.65	5.36	4.57	3.85	8.76	
940.0	22.0	6.0	6.0	5.01	4.35	4.45	8.5	8.43	7.24	6.97	7.03	4.47	7.16	3.43	4.6	7.38	7.83	7.08	4.17	5.22	6.26	4.26	8.29	4.62	
941.0	26.0	1.0	1.0	4.01	8.18	5.0	6.35	4.28	7.58	8.45	4.68	8.65	3.35	6.66	8.32	6.29	3.69	8.79	8.56	5.37	5.49	3.44	8.98	5.4	
942.0	29.0	2.0	2.0	6.87	5.65	3.54	7.28	3.99	8.49	8.59	7.78	4.71	3.98	8.7	5.05	7.86	5.38	4.56	8.09	7.89	5.61	8.16	3.11	6.46	
943.0	33.0	14.0	14.0	3.76	8.9	5.1	3.81	7.38	6.17	4.39	3.63	5.03	7.36	5.97	3.74	3.61	4.56	3.14	8.05	3.54	5.25	4.79	6.63	4.85	
944.0	35.0	10.0	10.0	4.42	3.13	5.82	5.02	6.98	5.65	6.41	8.06	5.08	6.52	7.26	3.04	4.25	4.61	7.66	8.33	3.35	4.3	7.87	6.99	7.82	
945.0	37.0	5.0	5.0	6.61	8.18	7.15	4.93	3.92	6.98	4.34	6.32	6.02	5.28	8.53	3.65	7.27	4.28	3.92	6.31	6.62	6.74	8.41	7.95	4.34	
946.0	40.0	11.0	11.0	7.36	3.49	3.67	7.71	8.38	4.98	6.33	6.53	5.3	3.7	3.25	7.11	4.21	8.91	4.18	3.07	4.28	5.95	5.81	8.12	7.36	
947.0	23.0	7.0	7.0	4.54	6.25	8.42	3.28	3.84	8.0	4.73	5.67	6.2	6.04	7.08	4.37	6.82	8.49	7.03	3.15	8.34	5.92	7.98	8.02	7.7	
948.0	27.0	13.0	13.0	5.99	5.67	4.62	8.38	3.66	4.17	8.36	8.73	3.63	7.39	8.32	5.44	4.38	7.67	3.62	3.23	3.88	8.32	8.44	8.23	4.31	
949.0	29.0	2.0	2.0	8.83	7.62	4.98	8.63	4.32	5.82	5.63	5.0	7.04	5.71	5.9	4.42	5.82	7.53	3.55	8.49	3.98	5.74	8.93	8.37	5.03	
950.0	63.0	15.0	15.0	4.51	6.84	4.94	3.57	6.07	7.06	3.77	8.74	8.01	3.02	7.53	5.67	5.42	3.95	8.66	6.86	6.71	7.1	4.56	4.77	5.19	
951.0	35.0	10.0	10.0	7.15	6.08	7.85	7.74	4.6	6.81	7.38	7.3	5.46	4.92	6.64	4.14	4.03	3.78	5.32	7.27	3.89	7.89	8.06	7.77	6.2	
952.0	38.0	5.0	5.0	8.9	3.1	4.65	5.36	7.72	3.05	5.82	8.79	8.87	6.09	7.46	8.81	7.58	4.22	7.59	3.62	3.11	6.38	8.4	4.06	8.84	
953.0	21.0	9.0	9.0	4.06	6.18	8.82	5.33	8.59	3.77	4.99	4.23	5.99	4.61	5.78	7.12	6.53	8.51	3.1	4.28	6.73	5.27	8.61	3.29	3.63	
954.0	71.0	11.0	11.0	3.29	3.24	8.98	7.59	3.91	8.59	6.35	7.64	6.68	4.35	5.35	7.3	5.29	4.63	5.57	7.73	6.04	6.61	4.96	6.09	7.74	
955.0	18.0	2.0	2.0	8.78	6.43	8.67	5.04	7.44	8.16	8.47	4.29	6.49	3.7	5.25	7.73	4.4	4.67	4.44	4.65	3.68	6.71	8.59	4.92	3.71	
956.0	31.0	8.0	8.0	7.73	7.1	4.18	7.6	8.4	8.11	7.67	6.61	3.07	4.48	3.32	8.74	6.33	4.12	7.77	6.44	4.71	6.25	7.22	5.56	5.74	
957.0	100.0	14.0	14.0	7.69	4.29	8.23	3.94	6.3	5.41	4.13	4.37	5.46	3.81	4.17	7.66	3.88	6.06	8.53	4.65	8.91	8.68	3.79	3.87	4.27	
958.0	87.0	5.0	5.0	8.23	4.19	3.15	8.26	4.66	3.48	4.1	4.23	3.61	3.88	6.68	7.34	5.6	7.97	4.63	8.58	4.01	3.47	7.17	3.99	7.26	
959.0	82.0	6.0	6.0	5.22	7.01	7.67	8.97	6.68	6.1	8.03	7.11	7.34	4.76	6.74	4.31	6.79	5.59	6.57	6.06	6.97	4.19	6.83	8.24	4.25	
960.0	84.0	12.0	12.0	7.96	7.08	8.83	4.96	7.66	3.58	4.58	6.17	4.44	5.01	8.06	8.24	3.45	6.1	7.73	4.66	7.49	6.65	7.42	4.19	5.1	
961.0	27.0	13.0	13.0	6.95	6.4	8.6	3.65	4.62	6.38	3.33	8.41	4.43	5.84	6.4	8.37	4.06	7.34	6.49	7.64	3.75	5.05	5.25	8.66	4.43	
962.0	69.0	12.0	12.0	7.42	8.16	3.87	3.8	5.12	5.63	8.38	3.12	6.91	4.78	5.98	5.68	8.67	5.06	3.66	3.71	3.81	8.56	8.77	6.8	5.6	
963.0	92.0	10.0	10.0	8.99	5.0	5.39	3.55	8.97	3.4	6.19	7.01	4.48	7.48	6.13	3.04	3.74	9.0	8.72	5.15	5.4	3.88	3.54	4.88	8.97	
964.0	84.0	12.0	12.0	3.1	3.86	8.64	8.39	7.99	4.94	5.08	8.82	5.83	6.77	8.88	6.77	5.68	4.26	6.01	5.88	3.59	6.42	3.76	3.46	6.13	
965.0	90.0	4.0	4.0	3.17	7.63	4.44	5.64	4.08	4.06	8.77	7.01	3.54	4.71	5.76	3.42	5.86	8.7	3.51	8.31	3.28	7.35	7.26	6.51	7.15	
966.0	89.0	14.0	14.0	5.53	7.16	4.53	5.93	7.84	6.18	3.3	8.99	4.81	7.15	5.73	8.99	6.06	4.63	4.52	6.93	3.53	8.56	7.3	5.23	6.03	
967.0	23.0	7.0	7.0	8.03	4.85	7.15	3.11	8.1	5.28	7.27	4.82	6.85	5.16	7.44	6.12	6.03	5.53	6.35	8.9	4.2	3.54	8.04	7.6	7.96	
968.0	97.0	9.0	9.0	7.95	7.73	3.77	7.64	7.59	4.27	5.85	3.76	4.52	4.38	3.06	8.1	8.84	4.27	8.18	3.66	7.23	4.48	4.17	7.61	8.18	
969.0	64.0	4.0	4.0	8.21	6.6	4.62	4.15	3.07	6.39	6.71	6.84	5.53	4.32	5.34	4.35	5.82	3.5	4.37	6.94	5.67	7.09	4.56	6.44	5.47	
970.0	95.0	8.0	8.0	6.66	6.32	4.39	4.36	7.24	7.54	7.76	5.44	6.15	4.7	8.04	8.95	5.61	4.59	8.7	6.74	3.46	6.91	5.52	3.79	8.78	
971.0	88.0	4.0	4.0	6.57	8.38	4.38	5.52	5.9	3.39	3.01	8.36	3.9	3.43	6.91	8.03	5.26	6.66	3.55	5.04	8.65	4.28	7.29	3.17	3.46	
972.0	88.0	4.0	4.0	3.69	8.1	3.58	3.58	7.69	7.21	3.97	6.59	3.28	3.05	6.73	4.83	3.6	5.26	6.61	6.83	5.96	6.46	8.85	8.11	8.52	
973.0	82.0	6.0	6.0	7.45	7.15	5.88	4.94	8.41	7.82	6.72	3.92	6.96	5.84	6.84	6.09	8.45	3.75	8.8	8.5	6.92	6.0	3.5	6.67	4.58	
974.0	75.0	8.0	8.0	7.67	7.23	7.09	6.72	6.44	4.12	3.55	3.44	3.29	5.46	4.7	5.78	7.57	4.22	3.48	4.93	6.6	4.45	8.26	7.44	5.35	
975.0	84.0	12.0	12.0	6.56	3.66	3.21	4.29	6.78	7.34	8.45	8.21	5.93	7.09	8.66	6.61	8.91	4.74	3.45	5.74	6.37	7.07	5.29	4.15	4.83	
976.0	30.0	14.0	14.0	5.09	3.93	3.05	4.35	6.81	4.52	8.62	4.74	5.79	5.53	6.99	5.28	7.5	3.36	7.39	4.12	6.25	5.73	5.08	5.11	3.39	
977.0	34.0	14.0	14.0	4.87	5.09	5.04	5.57	4.01	5.32	5.58	4.24	4.78	7.88	7.31	7.82	8.19	5.07	8.46	3.09	5.21	5.01	6.19	8.02	7.63	
978.0	83.0	5.0	5.0	3.06	7.14	3.7	7.04	5.69	6.68	6.36	4.49	6.66	5.19	8.96	3.23	4.96	5.09	7.65	8.97	7.79	6.52	6.11	8.92	5.24	
979.0	76.0	6.0	6.0	5.24	8.06	8.4	4.73	5.09	4.89	6.04	3.17	5.06	3.75	5.83	7.4	6.07	3.69	3.99	5.77	6.15	8.44	8.87	3.35	5.94	
980.0	71.0	11.0	11.0	3.69	3.19	8.27	3.51	7.19	5.27	8.73	4.04	3.88	4.31	4.26	3.04	8.59	7.73	3.19	8.04	4.69	8.78	4.71	3.59	5.89	
981.0	25.0	12.0	12.0	8.59	7.19	5.53	7.37	4.88	7.34	4.6	5.83	7.88	3.59	5.85	8.59	3.48	3.69	6.65	4.5	5.96	5.97	8.56	6.36	5.61	
982.0	85.0	3.0	3.0	7.47	4.59	7.97	3.95	5.05	4.72	3.13	4.94	4.03	6.45	6.39	4.11	8.94	4.32	8.83	7.88	4.9	6.13	4.21	8.46	6.74	
983.0	66.0	12.0	12.0	3.16	5.49	8.2	5.04	8.95	3.47	3.92	7.66	4.2	3.51	3.33	5.31	8.9	5.51	7.7	6.82	3.67	4.5	8.22	8.13	7.56	
984.0	96.0	15.0	15.0	7.53	7.78	3.4	6.06	4.32	8.7	8.68	8.55	7.61	5.87	4.79	5.7	7.19	7.01	6.32	5.86	5.8	3.53	8.18	7.92	4.83	
985.0	82.0	6.0	6.0	8.73	8.7	8.0	8.35	3.88	7.35	3.53	6.03	3.44	8.06	4.73	6.75	8.01	4.48	8.04	6.37	8.15	8.33	7.76	4.49	8.85	
986.0	45.0	5.0	5.0	4.59	5.37	7.35	6.41	4.61	6.2	6.29	8.55	7.3	3.37	4.13	6.23	6.85	7.41	7.75	3.74	4.23	7.96	5.03	6.64	8.46	
987.0	24.0	14.0	14.0	4.46	5.85	5.78	5.94	3.53	5.36	6.74	8.16	7.88	6.54	7.47	3.17	8.28	8.94	3.37	4.57	7.53	8.85	6.73	7.91	8.21	
988.0	26.0	1.0	1.0	8.43	8.13	3.35	8.44	8.16	8.39	6.66	3.6	3.33	7.82	8.76	7.03	6.15	8.23	4.11	4.91	6.55	5.24	5.07	4.09	3.05	
989.0	1.0	11.0	11.0	6.66	7.85	6.92	8.93	8.43	6.73	7.19	7.95	4.29	7.98	6.93	3.92	8.27	6.13	4.07	5.3	8.53	6.21	5.17	5.92	8.67	
990.0	99.0	12.0	12.0	8.32	6.35	7.65	4.72	3.28	7.29	8.45	5.03	4.14	7.23	4.01	4.87	7.22	7.06	8.99	4.77	5.19	7.93	8.14	8.93	4.42	
991.0	7.0	11.0	11.0	4.77	4.26	8.8	4.46	4.53	5.39	7.91	6.21	3.24	4.83	5.08	8.81	3.91	5.66	3.05	5.3	4.55	8.04	3.86	3.21	8.44	
992.0	12.0	5.0	5.0	8.24	8.72	5.22	8.58	8.3	7.04	6.66	3.41	6.94	8.62	4.93	6.87	6.33	6.96	3.66	6.29	7.82	8.55	8.5	6.76	6.335680955185709	
993.0	15.0	11.0	11.0	6.82	6.56	4.7	3.86	7.31	5.39	8.66	4.8	8.34	5.81	6.87	3.59	6.86	5.15	8.27	5.62	5.14	5.5	5.4	6.58	8.72	
994.0	94.0	13.0	13.0	6.12	7.54	8.6	8.36	4.33	6.65	4.67	8.54	3.81	4.45	3.47	4.3	8.26	3.4	6.91	7.0	4.83	6.84	4.97	4.45	8.38	
995.0	20.0	4.0	4.0	3.76	3.42	8.38	7.03	4.57	3.69	8.56	8.96	4.14	5.03	5.54	8.37	6.86	4.96	8.54	3.05	3.72	6.32	4.83	8.49	8.05	
996.0	90.0	4.0	4.0	4.22	8.46	7.14	4.0	5.66	7.01	5.61	5.0	5.19	4.38	8.64	3.38	7.75	7.3	7.12	4.74	6.03	4.06	4.28	3.33	4.28	
997.0	62.0	7.0	7.0	5.64	4.21	7.69	5.07	4.81	7.6	3.11	7.32	3.18	4.23	4.09	3.28	7.94	5.27	5.86	3.84	3.82	4.68	6.55	6.43	5.62	
998.0	9.0	15.0	15.0	7.22	7.44	6.41	4.75	6.74	8.05	5.61	8.55	3.08	7.32	7.32	8.28	8.32	6.19	8.12	4.36	5.12	7.62	7.09	7.51	3.34	
999.0	12.0	5.0	5.0	7.31	7.32	8.43	6.17	3.91	3.28	4.92	7.53	6.78	5.53	3.77	7.32	5.29	7.82	8.48	4.66	8.92	8.7	6.96	6.99	8.85	
1000.0	78.0	8.0	8.0	8.31	3.06	3.22	6.41	7.93	6.87	4.57	7.18	8.92	5.22	6.17	6.77	3.81	8.16	6.97	8.61	8.1	7.04	5.67	7.24	7.42	
1001.0	55.0	6.0	6.0	5.41	8.14	4.34	4.32	5.28	7.27	8.23	5.5	3.48	8.23	8.61	4.48	7.1	4.0	8.88	7.98	7.96	5.55	8.24	8.52	8.7	
1002.0	87.0	5.0	5.0	6.32	3.3	8.3	6.47	8.89	4.49	4.21	8.7	7.22	7.27	5.78	4.03	4.11	3.66	3.18	5.21	5.5	7.38	6.08	3.37	4.81	
1003.0	85.0	3.0	3.0	4.89	6.78	5.59	8.21	4.41	6.76	4.5	7.86	8.6	3.1	8.51	6.69	3.7	7.34	7.19	8.55	4.34	6.53	3.19	8.55	5.97	
1004.0	91.0	9.0	9.0	6.44	7.55	4.14	4.37	6.19	5.73	8.89	7.49	4.91	8.14	5.09	7.47	5.64	3.79	8.57	3.47	5.77	6.63	6.09	8.68	4.73	
1005.0	81.0	3.0	3.0	3.29	3.94	4.29	4.8	6.79	8.12	3.0	3.4	7.98	8.88	7.72	6.87	7.44	7.52	3.0	7.02	6.87	6.24	6.45	4.41	7.72	
1006.0	63.0	15.0	15.0	7.67	8.03	6.11	5.98	5.34	7.86	5.19	7.33	6.04	8.02	5.21	3.74	8.59	3.47	8.19	5.66	8.95	3.07	5.97	7.18	4.69	
1007.0	16.0	14.0	14.0	5.23	5.28	8.84	4.17	3.74	6.88	4.42	4.5	3.45	4.05	8.83	8.08	7.9	4.27	3.09	6.38	5.34	3.47	7.25	7.72	4.37	
1008.0	100.0	14.0	14.0	6.14	5.99	6.63	5.68	6.4	6.04	5.32	4.19	8.68	5.21	4.39	6.37	7.29	4.25	7.75	3.59	8.23	3.84	4.24	3.23	4.42	
1009.0	91.0	9.0	9.0	6.88	4.7	7.48	7.35	5.38	4.69	4.33	6.11	8.41	7.33	8.66	6.83	4.68	8.79	7.67	3.31	8.39	6.92	8.78	4.16	7.8	
1010.0	83.0	5.0	5.0	6.57	8.21	3.61	3.66	5.77	4.22	6.28	5.0	8.64	5.82	6.5	4.14	4.54	6.11	4.0	7.64	3.04	4.44	8.9	3.04	8.62	
1011.0	91.0	9.0	9.0	8.15	4.52	6.28	4.18	3.19	4.41	7.89	4.21	7.04	3.34	7.21	5.32	6.46	6.62	8.85	3.35	4.28	5.24	8.08	5.87	5.04	
1012.0	97.0	9.0	9.0	6.5	4.92	6.36	5.01	5.84	8.82	6.97	8.24	3.12	7.12	4.62	4.08	6.75	8.64	4.26	5.83	5.38	6.74	4.27	4.99	4.0	
1013.0	100.0	14.0	14.0	7.56	7.3	8.75	5.91	5.37	5.86	5.54	4.87	5.41	4.46	7.34	4.96	4.34	6.77	3.84	7.61	7.06	7.02	6.9	8.09	4.04	
1014.0	91.0	9.0	9.0	7.63	8.47	4.29	3.27	4.01	5.51	3.72	5.0	3.57	3.89	8.5	4.37	8.49	5.71	8.86	6.0	7.71	5.25	6.18	7.27	8.54	
1015.0	65.0	11.0	11.0	5.61	4.58	7.2	3.6	4.44	5.5	5.13	4.17	4.24	8.55	6.75	5.64	7.73	3.35	4.6	8.54	5.46	6.61	7.85	3.11	8.66	
1016.0	25.0	12.0	12.0	6.4	6.38	5.76	3.13	7.23	6.94	7.46	5.07	4.5	6.72	6.43	7.32	4.75	8.37	8.78	3.07	5.35	5.83	7.11	4.84	8.2	
1017.0	6.0	7.0	7.0	3.32	3.18	6.36	7.29	8.41	8.89	6.94	8.75	7.56	4.42	8.46	5.64	8.47	6.92	5.71	6.82	3.26	3.24	6.16	6.02	7.91	
1018.0	8.0	15.0	15.0	4.78	4.18	4.85	5.08	6.4	5.63	3.0	8.53	4.01	7.09	8.71	5.69	8.11	4.34	5.69	3.42	3.99	3.98	3.89	3.87	8.48	
1019.0	11.0	4.0	4.0	4.31	6.12	4.81	6.48	4.48	3.0	5.99	3.09	6.58	4.66	8.77	7.36	4.23	6.81	3.1	7.04	7.17	4.37	8.33	5.92	8.0	
1020.0	14.0	13.0	13.0	7.64	3.51	5.72	8.16	5.55	3.08	4.54	6.03	3.56	7.16	3.49	8.55	5.46	7.59	7.67	7.31	8.82	3.43	4.09	7.14	4.06	
1021.0	83.0	5.0	5.0	4.63	3.0	8.9	7.89	3.94	6.84	7.74	3.17	7.71	8.79	7.37	8.54	7.66	6.94	4.8	5.51	5.64	4.25	4.02	3.59	6.33	
1022.0	97.0	9.0	9.0	7.32	7.2	3.18	5.02	6.08	4.4	3.7	5.91	6.35	4.31	5.78	6.88	6.45	3.48	4.59	5.49	6.69	4.66	7.17	8.33	4.95	
1023.0	5.0	15.0	15.0	5.86	4.38	5.27	3.21	7.86	3.11	4.52	7.84	5.41	6.05	6.65	7.52	7.6	5.2	6.9	8.92	5.44	7.8	6.15	3.72	3.91	
1024.0	56.0	13.0	13.0	6.13	6.92	3.71	7.92	3.34	4.7	7.74	5.1	5.18	6.28	4.49	3.56	8.62	7.23	5.65	7.31	7.19	5.91	4.71	6.64	8.7	
=====================================================================================================================================================
number of non-local execution forwordcount is 522
=====================================================================================================================================================
=====================================================================================================================================================
Map Status of job/thread name: word std deviation  after done (10 columns: map task #,Local(0)/Non_local(1), status(not_yet_started(0),running(1)/finished(2)), response time, start time, end time, latency, bin #, VM flavor #, PM #, Rack #)
=====================================================================================================================================================
1.0	0.0	2.0	1839.0	1839.0	1854.0	15.0	100.0	5.0	14.0	1.0	
2.0	0.0	2.0	1839.0	1839.0	1854.0	15.0	82.0	5.0	6.0	2.0	
3.0	0.0	2.0	1839.0	1839.0	1854.0	15.0	85.0	5.0	3.0	5.0	
4.0	0.0	2.0	1839.0	1839.0	1854.0	15.0	88.0	5.0	4.0	3.0	
5.0	0.0	2.0	1839.0	1839.0	1854.0	15.0	91.0	5.0	9.0	5.0	
6.0	1.0	2.0	1839.0	1839.0	1856.0	17.0	26.0	2.0	1.0	2.0	
7.0	0.0	2.0	1839.0	1839.0	1854.0	15.0	97.0	5.0	9.0	3.0	
8.0	0.0	2.0	1857.0	1857.0	1872.0	15.0	81.0	5.0	3.0	4.0	
9.0	0.0	2.0	1839.0	1839.0	1854.0	15.0	83.0	5.0	5.0	1.0	
10.0	0.0	2.0	1839.0	1839.0	1854.0	15.0	86.0	5.0	15.0	4.0	
11.0	0.0	2.0	1839.0	1839.0	1854.0	15.0	89.0	5.0	14.0	2.0	
12.0	1.0	2.0	1856.0	1856.0	1873.0	17.0	69.0	4.0	12.0	2.0	
13.0	0.0	2.0	1857.0	1857.0	1872.0	15.0	96.0	5.0	15.0	3.0	
14.0	0.0	2.0	1857.0	1857.0	1872.0	15.0	98.0	5.0	15.0	2.0	
15.0	1.0	2.0	1839.0	1839.0	1856.0	17.0	61.0	4.0	12.0	4.0	
16.0	0.0	2.0	1857.0	1857.0	1872.0	15.0	84.0	5.0	12.0	2.0	
17.0	0.0	2.0	1857.0	1857.0	1872.0	15.0	88.0	5.0	4.0	3.0	
18.0	1.0	2.0	1856.0	1856.0	1873.0	17.0	26.0	2.0	1.0	2.0	
19.0	0.0	2.0	1857.0	1857.0	1872.0	15.0	93.0	5.0	4.0	5.0	
20.0	0.0	2.0	1857.0	1857.0	1872.0	15.0	96.0	5.0	15.0	3.0	
21.0	0.0	2.0	1857.0	1857.0	1872.0	15.0	100.0	5.0	14.0	1.0	
22.0	1.0	2.0	1839.0	1839.0	1856.0	17.0	51.0	3.0	2.0	3.0	
23.0	0.0	2.0	1857.0	1857.0	1872.0	15.0	85.0	5.0	3.0	5.0	
24.0	0.0	2.0	1857.0	1857.0	1872.0	15.0	89.0	5.0	14.0	2.0	
25.0	1.0	2.0	1839.0	1839.0	1856.0	17.0	69.0	4.0	12.0	2.0	
26.0	0.0	2.0	1857.0	1857.0	1872.0	15.0	95.0	5.0	8.0	5.0	
27.0	0.0	2.0	1857.0	1857.0	1872.0	15.0	97.0	5.0	9.0	3.0	
28.0	0.0	2.0	1857.0	1857.0	1872.0	15.0	81.0	5.0	3.0	4.0	
29.0	1.0	2.0	1839.0	1839.0	1856.0	17.0	75.0	4.0	8.0	5.0	
30.0	1.0	2.0	1857.0	1857.0	1874.0	17.0	53.0	3.0	12.0	3.0	
31.0	0.0	2.0	1857.0	1857.0	1872.0	15.0	90.0	5.0	4.0	1.0	
32.0	0.0	2.0	1857.0	1857.0	1872.0	15.0	93.0	5.0	4.0	5.0	
33.0	0.0	2.0	1857.0	1857.0	1872.0	15.0	95.0	5.0	8.0	5.0	
34.0	1.0	2.0	1856.0	1856.0	1873.0	17.0	45.0	3.0	5.0	4.0	
35.0	0.0	2.0	1857.0	1857.0	1872.0	15.0	82.0	5.0	6.0	2.0	
36.0	0.0	2.0	1857.0	1857.0	1872.0	15.0	84.0	5.0	12.0	2.0	
37.0	1.0	2.0	1857.0	1857.0	1874.0	17.0	32.0	2.0	14.0	3.0	
38.0	0.0	2.0	1857.0	1857.0	1872.0	15.0	91.0	5.0	9.0	5.0	
39.0	1.0	2.0	1857.0	1857.0	1874.0	17.0	78.0	4.0	8.0	1.0	
40.0	0.0	2.0	1857.0	1857.0	1872.0	15.0	96.0	5.0	15.0	3.0	
41.0	1.0	2.0	1857.0	1857.0	1874.0	17.0	46.0	3.0	14.0	3.0	
42.0	1.0	2.0	1839.0	1839.0	1856.0	17.0	45.0	3.0	5.0	4.0	
43.0	1.0	2.0	1857.0	1857.0	1874.0	17.0	41.0	3.0	15.0	4.0	
44.0	0.0	2.0	1857.0	1857.0	1872.0	15.0	90.0	5.0	4.0	1.0	
45.0	1.0	2.0	1857.0	1857.0	1874.0	17.0	34.0	2.0	14.0	1.0	
46.0	1.0	2.0	1857.0	1857.0	1874.0	17.0	77.0	4.0	8.0	2.0	
47.0	0.0	2.0	1857.0	1857.0	1872.0	15.0	97.0	5.0	9.0	3.0	
48.0	1.0	2.0	1857.0	1857.0	1874.0	17.0	30.0	2.0	14.0	1.0	
49.0	1.0	2.0	1857.0	1857.0	1874.0	17.0	24.0	2.0	14.0	4.0	
50.0	1.0	2.0	1857.0	1857.0	1874.0	17.0	78.0	4.0	8.0	1.0	
51.0	1.0	2.0	1857.0	1857.0	1874.0	17.0	77.0	4.0	8.0	2.0	
52.0	1.0	2.0	1857.0	1857.0	1874.0	17.0	55.0	3.0	6.0	4.0	
53.0	1.0	2.0	1857.0	1857.0	1874.0	17.0	68.0	4.0	5.0	3.0	
54.0	0.0	2.0	1857.0	1857.0	1872.0	15.0	98.0	5.0	15.0	2.0	
55.0	1.0	2.0	1857.0	1857.0	1874.0	17.0	47.0	3.0	15.0	5.0	
56.0	1.0	2.0	1857.0	1857.0	1874.0	17.0	12.0	1.0	5.0	3.0	
57.0	1.0	2.0	1857.0	1857.0	1874.0	17.0	25.0	2.0	12.0	2.0	
58.0	1.0	2.0	1857.0	1857.0	1874.0	17.0	14.0	1.0	13.0	5.0	
59.0	1.0	2.0	1857.0	1857.0	1874.0	17.0	7.0	1.0	11.0	1.0	
60.0	0.0	2.0	1857.0	1857.0	1872.0	15.0	97.0	5.0	9.0	3.0	
61.0	1.0	2.0	1857.0	1857.0	1874.0	17.0	13.0	1.0	3.0	1.0	
62.0	1.0	2.0	1857.0	1857.0	1874.0	17.0	72.0	4.0	11.0	2.0	
63.0	1.0	2.0	1857.0	1857.0	1874.0	17.0	67.0	4.0	3.0	3.0	
64.0	1.0	2.0	1857.0	1857.0	1874.0	17.0	2.0	1.0	14.0	1.0	
65.0	1.0	2.0	1839.0	1839.0	1856.0	17.0	23.0	2.0	7.0	3.0	
66.0	1.0	2.0	1857.0	1857.0	1874.0	17.0	9.0	1.0	15.0	5.0	
67.0	1.0	2.0	1857.0	1857.0	1874.0	17.0	10.0	1.0	15.0	1.0	
68.0	1.0	2.0	1857.0	1857.0	1874.0	17.0	28.0	2.0	8.0	1.0	
69.0	1.0	2.0	1857.0	1857.0	1874.0	17.0	4.0	1.0	9.0	4.0	
70.0	1.0	2.0	1857.0	1857.0	1874.0	17.0	78.0	4.0	8.0	1.0	
71.0	1.0	2.0	1857.0	1857.0	1874.0	17.0	48.0	3.0	13.0	4.0	
72.0	1.0	2.0	1857.0	1857.0	1874.0	17.0	80.0	4.0	3.0	1.0	
73.0	1.0	2.0	1857.0	1857.0	1874.0	17.0	51.0	3.0	2.0	3.0	
74.0	1.0	2.0	1857.0	1857.0	1874.0	17.0	5.0	1.0	15.0	2.0	
75.0	1.0	2.0	1857.0	1857.0	1874.0	17.0	54.0	3.0	10.0	5.0	
76.0	1.0	2.0	1857.0	1857.0	1874.0	17.0	68.0	4.0	5.0	3.0	
77.0	1.0	2.0	1857.0	1857.0	1874.0	17.0	59.0	3.0	9.0	4.0	
78.0	1.0	2.0	1857.0	1857.0	1874.0	17.0	59.0	3.0	9.0	4.0	
79.0	1.0	2.0	1857.0	1857.0	1874.0	17.0	78.0	4.0	8.0	1.0	
80.0	1.0	2.0	1857.0	1857.0	1874.0	17.0	80.0	4.0	3.0	1.0	
81.0	1.0	2.0	1839.0	1839.0	1856.0	17.0	66.0	4.0	12.0	5.0	
82.0	1.0	2.0	1857.0	1857.0	1874.0	17.0	57.0	3.0	14.0	3.0	
83.0	1.0	2.0	1857.0	1857.0	1874.0	17.0	79.0	4.0	7.0	3.0	
84.0	0.0	2.0	1857.0	1857.0	1872.0	15.0	89.0	5.0	14.0	2.0	
85.0	1.0	2.0	1857.0	1857.0	1874.0	17.0	43.0	3.0	13.0	1.0	
86.0	1.0	2.0	1857.0	1857.0	1874.0	17.0	72.0	4.0	11.0	2.0	
87.0	0.0	2.0	1857.0	1857.0	1872.0	15.0	99.0	5.0	12.0	3.0	
88.0	1.0	2.0	1857.0	1857.0	1874.0	17.0	67.0	4.0	3.0	3.0	
89.0	1.0	2.0	1857.0	1857.0	1874.0	17.0	57.0	3.0	14.0	3.0	
90.0	1.0	2.0	1857.0	1857.0	1874.0	17.0	32.0	2.0	14.0	3.0	
91.0	1.0	2.0	1857.0	1857.0	1874.0	17.0	55.0	3.0	6.0	4.0	
92.0	1.0	2.0	1857.0	1857.0	1874.0	17.0	15.0	1.0	11.0	1.0	
93.0	1.0	2.0	1857.0	1857.0	1874.0	17.0	36.0	2.0	15.0	4.0	
94.0	0.0	2.0	1857.0	1857.0	1872.0	15.0	99.0	5.0	12.0	3.0	
95.0	0.0	2.0	1857.0	1857.0	1872.0	15.0	81.0	5.0	3.0	4.0	
96.0	0.0	2.0	1857.0	1857.0	1872.0	15.0	84.0	5.0	12.0	2.0	
97.0	0.0	2.0	1857.0	1857.0	1872.0	15.0	87.0	5.0	5.0	5.0	
98.0	1.0	2.0	1857.0	1857.0	1874.0	17.0	50.0	3.0	9.0	1.0	
99.0	0.0	2.0	1857.0	1857.0	1872.0	15.0	93.0	5.0	4.0	5.0	
100.0	1.0	2.0	1857.0	1857.0	1874.0	17.0	58.0	3.0	11.0	4.0	
101.0	1.0	2.0	1857.0	1857.0	1874.0	17.0	53.0	3.0	12.0	3.0	
102.0	0.0	2.0	1857.0	1857.0	1872.0	15.0	82.0	5.0	6.0	2.0	
103.0	0.0	2.0	1857.0	1857.0	1872.0	15.0	85.0	5.0	3.0	5.0	
104.0	0.0	2.0	1857.0	1857.0	1872.0	15.0	88.0	5.0	4.0	3.0	
105.0	1.0	2.0	1857.0	1857.0	1874.0	17.0	75.0	4.0	8.0	5.0	
106.0	0.0	2.0	1857.0	1857.0	1872.0	15.0	94.0	5.0	13.0	1.0	
107.0	0.0	2.0	1857.0	1857.0	1872.0	15.0	97.0	5.0	9.0	3.0	
108.0	1.0	2.0	1857.0	1857.0	1874.0	17.0	67.0	4.0	3.0	3.0	
109.0	0.0	2.0	1857.0	1857.0	1872.0	15.0	83.0	5.0	5.0	1.0	
110.0	0.0	2.0	1857.0	1857.0	1872.0	15.0	86.0	5.0	15.0	4.0	
111.0	0.0	2.0	1857.0	1857.0	1872.0	15.0	89.0	5.0	14.0	2.0	
112.0	1.0	2.0	1857.0	1857.0	1874.0	17.0	75.0	4.0	8.0	5.0	
113.0	0.0	2.0	1857.0	1857.0	1872.0	15.0	95.0	5.0	8.0	5.0	
114.0	0.0	2.0	1857.0	1857.0	1872.0	15.0	98.0	5.0	15.0	2.0	
115.0	1.0	2.0	1857.0	1857.0	1874.0	17.0	79.0	4.0	7.0	3.0	
116.0	0.0	2.0	1857.0	1857.0	1872.0	15.0	84.0	5.0	12.0	2.0	
117.0	0.0	2.0	1857.0	1857.0	1872.0	15.0	87.0	5.0	5.0	5.0	
118.0	0.0	2.0	1857.0	1857.0	1872.0	15.0	90.0	5.0	4.0	1.0	
119.0	0.0	2.0	1857.0	1857.0	1872.0	15.0	93.0	5.0	4.0	5.0	
120.0	1.0	2.0	1857.0	1857.0	1874.0	17.0	61.0	4.0	12.0	4.0	
121.0	0.0	2.0	1857.0	1857.0	1872.0	15.0	99.0	5.0	12.0	3.0	
122.0	1.0	2.0	1857.0	1857.0	1874.0	17.0	73.0	4.0	13.0	3.0	
123.0	0.0	2.0	1857.0	1857.0	1872.0	15.0	85.0	5.0	3.0	5.0	
124.0	0.0	2.0	1857.0	1857.0	1872.0	15.0	88.0	5.0	4.0	3.0	
125.0	0.0	2.0	1857.0	1857.0	1872.0	15.0	91.0	5.0	9.0	5.0	
126.0	0.0	2.0	1857.0	1857.0	1872.0	15.0	94.0	5.0	13.0	1.0	
127.0	0.0	2.0	1857.0	1857.0	1872.0	15.0	97.0	5.0	9.0	3.0	
128.0	0.0	2.0	1857.0	1857.0	1872.0	15.0	100.0	5.0	14.0	1.0	
129.0	0.0	2.0	1857.0	1857.0	1872.0	15.0	83.0	5.0	5.0	1.0	
130.0	0.0	2.0	1857.0	1857.0	1872.0	15.0	86.0	5.0	15.0	4.0	
131.0	0.0	2.0	1857.0	1857.0	1872.0	15.0	89.0	5.0	14.0	2.0	
132.0	0.0	2.0	1857.0	1857.0	1872.0	15.0	92.0	5.0	10.0	4.0	
133.0	1.0	2.0	1857.0	1857.0	1874.0	17.0	62.0	4.0	7.0	4.0	
134.0	0.0	2.0	1857.0	1857.0	1872.0	15.0	98.0	5.0	15.0	2.0	
135.0	0.0	2.0	1857.0	1857.0	1872.0	15.0	81.0	5.0	3.0	4.0	
136.0	0.0	2.0	1857.0	1857.0	1872.0	15.0	85.0	5.0	3.0	5.0	
137.0	0.0	2.0	1857.0	1857.0	1872.0	15.0	87.0	5.0	5.0	5.0	
138.0	0.0	2.0	1857.0	1857.0	1872.0	15.0	90.0	5.0	4.0	1.0	
139.0	0.0	2.0	1857.0	1857.0	1872.0	15.0	93.0	5.0	4.0	5.0	
140.0	0.0	2.0	1857.0	1857.0	1872.0	15.0	96.0	5.0	15.0	3.0	
141.0	0.0	2.0	1857.0	1857.0	1872.0	15.0	99.0	5.0	12.0	3.0	
142.0	0.0	2.0	1857.0	1857.0	1872.0	15.0	82.0	5.0	6.0	2.0	
143.0	0.0	2.0	1857.0	1857.0	1872.0	15.0	87.0	5.0	5.0	5.0	
144.0	0.0	2.0	1857.0	1857.0	1872.0	15.0	88.0	5.0	4.0	3.0	
145.0	0.0	2.0	1857.0	1857.0	1872.0	15.0	91.0	5.0	9.0	5.0	
146.0	0.0	2.0	1857.0	1857.0	1872.0	15.0	94.0	5.0	13.0	1.0	
147.0	0.0	2.0	1857.0	1857.0	1872.0	15.0	97.0	5.0	9.0	3.0	
148.0	0.0	2.0	1857.0	1857.0	1872.0	15.0	100.0	5.0	14.0	1.0	
149.0	1.0	2.0	1857.0	1857.0	1874.0	17.0	78.0	4.0	8.0	1.0	
150.0	0.0	2.0	1857.0	1857.0	1872.0	15.0	87.0	5.0	5.0	5.0	
151.0	0.0	2.0	1857.0	1857.0	1872.0	15.0	89.0	5.0	14.0	2.0	
152.0	0.0	2.0	1857.0	1857.0	1872.0	15.0	92.0	5.0	10.0	4.0	
153.0	0.0	2.0	1857.0	1857.0	1872.0	15.0	95.0	5.0	8.0	5.0	
154.0	0.0	2.0	1857.0	1857.0	1872.0	15.0	99.0	5.0	12.0	3.0	
155.0	0.0	2.0	1857.0	1857.0	1872.0	15.0	83.0	5.0	5.0	1.0	
156.0	1.0	2.0	1857.0	1857.0	1874.0	17.0	59.0	3.0	9.0	4.0	
157.0	1.0	2.0	1857.0	1857.0	1874.0	17.0	63.0	4.0	15.0	1.0	
158.0	1.0	2.0	1857.0	1857.0	1874.0	17.0	63.0	4.0	15.0	1.0	
159.0	1.0	2.0	1857.0	1857.0	1874.0	17.0	31.0	2.0	8.0	1.0	
160.0	1.0	2.0	1857.0	1857.0	1874.0	17.0	58.0	3.0	11.0	4.0	
161.0	1.0	2.0	1857.0	1857.0	1874.0	17.0	46.0	3.0	14.0	3.0	
162.0	1.0	2.0	1857.0	1857.0	1874.0	17.0	49.0	3.0	12.0	1.0	
163.0	1.0	2.0	1857.0	1857.0	1874.0	17.0	76.0	4.0	6.0	4.0	
164.0	1.0	2.0	1857.0	1857.0	1874.0	17.0	78.0	4.0	8.0	1.0	
165.0	1.0	2.0	1857.0	1857.0	1874.0	17.0	49.0	3.0	12.0	1.0	
166.0	0.0	2.0	1872.0	1872.0	1887.0	15.0	94.0	5.0	13.0	1.0	
167.0	1.0	2.0	1857.0	1857.0	1874.0	17.0	53.0	3.0	12.0	3.0	
168.0	0.0	2.0	1872.0	1872.0	1887.0	15.0	100.0	5.0	14.0	1.0	
169.0	1.0	2.0	1857.0	1857.0	1874.0	17.0	59.0	3.0	9.0	4.0	
170.0	1.0	2.0	1857.0	1857.0	1874.0	17.0	79.0	4.0	7.0	3.0	
171.0	1.0	2.0	1857.0	1857.0	1874.0	17.0	77.0	4.0	8.0	2.0	
172.0	1.0	2.0	1857.0	1857.0	1874.0	17.0	44.0	3.0	3.0	5.0	
173.0	1.0	2.0	1857.0	1857.0	1874.0	17.0	54.0	3.0	10.0	5.0	
174.0	0.0	2.0	1872.0	1872.0	1887.0	15.0	98.0	5.0	15.0	2.0	
175.0	0.0	2.0	1872.0	1872.0	1887.0	15.0	83.0	5.0	5.0	1.0	
176.0	1.0	2.0	1857.0	1857.0	1874.0	17.0	75.0	4.0	8.0	5.0	
177.0	1.0	2.0	1857.0	1857.0	1874.0	17.0	67.0	4.0	3.0	3.0	
178.0	1.0	2.0	1857.0	1857.0	1874.0	17.0	65.0	4.0	11.0	2.0	
179.0	1.0	2.0	1857.0	1857.0	1874.0	17.0	47.0	3.0	15.0	5.0	
180.0	1.0	2.0	1857.0	1857.0	1874.0	17.0	47.0	3.0	15.0	5.0	
181.0	0.0	2.0	1872.0	1872.0	1887.0	15.0	99.0	5.0	12.0	3.0	
182.0	1.0	2.0	1857.0	1857.0	1874.0	17.0	77.0	4.0	8.0	2.0	
183.0	1.0	2.0	1857.0	1857.0	1874.0	17.0	80.0	4.0	3.0	1.0	
184.0	0.0	2.0	1872.0	1872.0	1887.0	15.0	88.0	5.0	4.0	3.0	
185.0	0.0	2.0	1872.0	1872.0	1887.0	15.0	91.0	5.0	9.0	5.0	
186.0	0.0	2.0	1872.0	1872.0	1887.0	15.0	94.0	5.0	13.0	1.0	
187.0	0.0	2.0	1872.0	1872.0	1887.0	15.0	97.0	5.0	9.0	3.0	
188.0	0.0	2.0	1872.0	1872.0	1887.0	15.0	100.0	5.0	14.0	1.0	
189.0	0.0	2.0	1872.0	1872.0	1887.0	15.0	83.0	5.0	5.0	1.0	
190.0	0.0	2.0	1872.0	1872.0	1887.0	15.0	86.0	5.0	15.0	4.0	
191.0	0.0	2.0	1872.0	1872.0	1887.0	15.0	89.0	5.0	14.0	2.0	
192.0	1.0	2.0	1857.0	1857.0	1874.0	17.0	28.0	2.0	8.0	1.0	
193.0	1.0	2.0	1857.0	1857.0	1874.0	17.0	79.0	4.0	7.0	3.0	
194.0	1.0	2.0	1857.0	1857.0	1874.0	17.0	47.0	3.0	15.0	5.0	
195.0	0.0	2.0	1872.0	1872.0	1887.0	15.0	81.0	5.0	3.0	4.0	
196.0	0.0	2.0	1872.0	1872.0	1887.0	15.0	84.0	5.0	12.0	2.0	
197.0	0.0	2.0	1872.0	1872.0	1887.0	15.0	87.0	5.0	5.0	5.0	
198.0	0.0	2.0	1872.0	1872.0	1887.0	15.0	90.0	5.0	4.0	1.0	
199.0	0.0	2.0	1872.0	1872.0	1887.0	15.0	93.0	5.0	4.0	5.0	
200.0	0.0	2.0	1872.0	1872.0	1887.0	15.0	96.0	5.0	15.0	3.0	
201.0	0.0	2.0	1872.0	1872.0	1887.0	15.0	99.0	5.0	12.0	3.0	
202.0	1.0	2.0	1857.0	1857.0	1874.0	17.0	62.0	4.0	7.0	4.0	
203.0	0.0	2.0	1872.0	1872.0	1887.0	15.0	85.0	5.0	3.0	5.0	
204.0	0.0	2.0	1872.0	1872.0	1887.0	15.0	88.0	5.0	4.0	3.0	
205.0	0.0	2.0	1872.0	1872.0	1887.0	15.0	91.0	5.0	9.0	5.0	
206.0	0.0	2.0	1872.0	1872.0	1887.0	15.0	94.0	5.0	13.0	1.0	
207.0	0.0	2.0	1872.0	1872.0	1887.0	15.0	97.0	5.0	9.0	3.0	
208.0	0.0	2.0	1872.0	1872.0	1887.0	15.0	100.0	5.0	14.0	1.0	
209.0	0.0	2.0	1872.0	1872.0	1887.0	15.0	83.0	5.0	5.0	1.0	
210.0	0.0	2.0	1872.0	1872.0	1887.0	15.0	87.0	5.0	5.0	5.0	
211.0	0.0	2.0	1872.0	1872.0	1887.0	15.0	89.0	5.0	14.0	2.0	
212.0	0.0	2.0	1872.0	1872.0	1887.0	15.0	92.0	5.0	10.0	4.0	
213.0	0.0	2.0	1872.0	1872.0	1887.0	15.0	95.0	5.0	8.0	5.0	
214.0	1.0	2.0	1862.0	1862.0	1879.0	17.0	3.0	1.0	6.0	4.0	
215.0	0.0	2.0	1872.0	1872.0	1887.0	15.0	81.0	5.0	3.0	4.0	
216.0	0.0	2.0	1872.0	1872.0	1887.0	15.0	84.0	5.0	12.0	2.0	
217.0	0.0	2.0	1872.0	1872.0	1887.0	15.0	89.0	5.0	14.0	2.0	
218.0	0.0	2.0	1872.0	1872.0	1887.0	15.0	90.0	5.0	4.0	1.0	
219.0	0.0	2.0	1872.0	1872.0	1887.0	15.0	93.0	5.0	4.0	5.0	
220.0	1.0	2.0	1857.0	1857.0	1874.0	17.0	70.0	4.0	11.0	5.0	
221.0	0.0	2.0	1872.0	1872.0	1887.0	15.0	99.0	5.0	12.0	3.0	
222.0	0.0	2.0	1872.0	1872.0	1887.0	15.0	82.0	5.0	6.0	2.0	
223.0	0.0	2.0	1872.0	1872.0	1887.0	15.0	85.0	5.0	3.0	5.0	
224.0	0.0	2.0	1872.0	1872.0	1887.0	15.0	89.0	5.0	14.0	2.0	
225.0	0.0	2.0	1872.0	1872.0	1887.0	15.0	91.0	5.0	9.0	5.0	
226.0	0.0	2.0	1872.0	1872.0	1887.0	15.0	94.0	5.0	13.0	1.0	
227.0	0.0	2.0	1872.0	1872.0	1887.0	15.0	97.0	5.0	9.0	3.0	
228.0	0.0	2.0	1872.0	1872.0	1887.0	15.0	81.0	5.0	3.0	4.0	
229.0	0.0	2.0	1872.0	1872.0	1887.0	15.0	83.0	5.0	5.0	1.0	
230.0	0.0	2.0	1872.0	1872.0	1887.0	15.0	86.0	5.0	15.0	4.0	
231.0	0.0	2.0	1872.0	1872.0	1887.0	15.0	89.0	5.0	14.0	2.0	
232.0	0.0	2.0	1872.0	1872.0	1887.0	15.0	92.0	5.0	10.0	4.0	
233.0	0.0	2.0	1872.0	1872.0	1887.0	15.0	95.0	5.0	8.0	5.0	
234.0	0.0	2.0	1872.0	1872.0	1887.0	15.0	98.0	5.0	15.0	2.0	
235.0	0.0	2.0	1872.0	1872.0	1887.0	15.0	81.0	5.0	3.0	4.0	
236.0	0.0	2.0	1872.0	1872.0	1887.0	15.0	84.0	5.0	12.0	2.0	
237.0	0.0	2.0	1872.0	1872.0	1887.0	15.0	87.0	5.0	5.0	5.0	
238.0	0.0	2.0	1872.0	1872.0	1887.0	15.0	90.0	5.0	4.0	1.0	
239.0	0.0	2.0	1872.0	1872.0	1887.0	15.0	93.0	5.0	4.0	5.0	
240.0	0.0	2.0	1872.0	1872.0	1887.0	15.0	96.0	5.0	15.0	3.0	
241.0	0.0	2.0	1872.0	1872.0	1887.0	15.0	99.0	5.0	12.0	3.0	
242.0	0.0	2.0	1872.0	1872.0	1887.0	15.0	82.0	5.0	6.0	2.0	
243.0	0.0	2.0	1872.0	1872.0	1887.0	15.0	85.0	5.0	3.0	5.0	
244.0	1.0	2.0	1862.0	1862.0	1879.0	17.0	67.0	4.0	3.0	3.0	
245.0	0.0	2.0	1872.0	1872.0	1887.0	15.0	91.0	5.0	9.0	5.0	
246.0	0.0	2.0	1872.0	1872.0	1887.0	15.0	94.0	5.0	13.0	1.0	
247.0	0.0	2.0	1872.0	1872.0	1887.0	15.0	97.0	5.0	9.0	3.0	
248.0	0.0	2.0	1872.0	1872.0	1887.0	15.0	100.0	5.0	14.0	1.0	
249.0	0.0	2.0	1872.0	1872.0	1887.0	15.0	83.0	5.0	5.0	1.0	
250.0	0.0	2.0	1872.0	1872.0	1887.0	15.0	86.0	5.0	15.0	4.0	
251.0	0.0	2.0	1872.0	1872.0	1887.0	15.0	89.0	5.0	14.0	2.0	
252.0	0.0	2.0	1872.0	1872.0	1887.0	15.0	92.0	5.0	10.0	4.0	
253.0	0.0	2.0	1872.0	1872.0	1887.0	15.0	95.0	5.0	8.0	5.0	
254.0	0.0	2.0	1872.0	1872.0	1887.0	15.0	98.0	5.0	15.0	2.0	
255.0	0.0	2.0	1872.0	1872.0	1887.0	15.0	82.0	5.0	6.0	2.0	
256.0	0.0	2.0	1872.0	1872.0	1887.0	15.0	84.0	5.0	12.0	2.0	
257.0	0.0	2.0	1872.0	1872.0	1887.0	15.0	87.0	5.0	5.0	5.0	
258.0	0.0	2.0	1872.0	1872.0	1887.0	15.0	90.0	5.0	4.0	1.0	
259.0	0.0	2.0	1872.0	1872.0	1887.0	15.0	93.0	5.0	4.0	5.0	
260.0	0.0	2.0	1872.0	1872.0	1887.0	15.0	96.0	5.0	15.0	3.0	
261.0	0.0	2.0	1872.0	1872.0	1887.0	15.0	99.0	5.0	12.0	3.0	
262.0	0.0	2.0	1872.0	1872.0	1887.0	15.0	82.0	5.0	6.0	2.0	
263.0	0.0	2.0	1872.0	1872.0	1887.0	15.0	85.0	5.0	3.0	5.0	
264.0	0.0	2.0	1872.0	1872.0	1887.0	15.0	88.0	5.0	4.0	3.0	
265.0	0.0	2.0	1872.0	1872.0	1887.0	15.0	91.0	5.0	9.0	5.0	
266.0	0.0	2.0	1872.0	1872.0	1887.0	15.0	94.0	5.0	13.0	1.0	
267.0	0.0	2.0	1872.0	1872.0	1887.0	15.0	97.0	5.0	9.0	3.0	
268.0	0.0	2.0	1857.0	1857.0	1872.0	15.0	100.0	5.0	14.0	1.0	
269.0	0.0	2.0	1857.0	1857.0	1872.0	15.0	83.0	5.0	5.0	1.0	
270.0	0.0	2.0	1857.0	1857.0	1872.0	15.0	86.0	5.0	15.0	4.0	
271.0	0.0	2.0	1857.0	1857.0	1872.0	15.0	89.0	5.0	14.0	2.0	
272.0	0.0	2.0	1857.0	1857.0	1872.0	15.0	92.0	5.0	10.0	4.0	
273.0	0.0	2.0	1857.0	1857.0	1872.0	15.0	95.0	5.0	8.0	5.0	
274.0	0.0	2.0	1857.0	1857.0	1872.0	15.0	98.0	5.0	15.0	2.0	
275.0	0.0	2.0	1857.0	1857.0	1872.0	15.0	81.0	5.0	3.0	4.0	
276.0	0.0	2.0	1857.0	1857.0	1872.0	15.0	84.0	5.0	12.0	2.0	
277.0	0.0	2.0	1857.0	1857.0	1872.0	15.0	87.0	5.0	5.0	5.0	
278.0	0.0	2.0	1857.0	1857.0	1872.0	15.0	90.0	5.0	4.0	1.0	
279.0	0.0	2.0	1857.0	1857.0	1872.0	15.0	93.0	5.0	4.0	5.0	
280.0	0.0	2.0	1857.0	1857.0	1872.0	15.0	96.0	5.0	15.0	3.0	
281.0	0.0	2.0	1857.0	1857.0	1872.0	15.0	99.0	5.0	12.0	3.0	
282.0	0.0	2.0	1857.0	1857.0	1872.0	15.0	82.0	5.0	6.0	2.0	
283.0	0.0	2.0	1857.0	1857.0	1872.0	15.0	85.0	5.0	3.0	5.0	
284.0	0.0	2.0	1857.0	1857.0	1872.0	15.0	88.0	5.0	4.0	3.0	
285.0	0.0	2.0	1857.0	1857.0	1872.0	15.0	91.0	5.0	9.0	5.0	
286.0	0.0	2.0	1857.0	1857.0	1872.0	15.0	94.0	5.0	13.0	1.0	
287.0	0.0	2.0	1857.0	1857.0	1872.0	15.0	97.0	5.0	9.0	3.0	
288.0	0.0	2.0	1857.0	1857.0	1872.0	15.0	81.0	5.0	3.0	4.0	
289.0	0.0	2.0	1857.0	1857.0	1872.0	15.0	83.0	5.0	5.0	1.0	
290.0	0.0	2.0	1857.0	1857.0	1872.0	15.0	86.0	5.0	15.0	4.0	
291.0	0.0	2.0	1857.0	1857.0	1872.0	15.0	90.0	5.0	4.0	1.0	
292.0	0.0	2.0	1857.0	1857.0	1872.0	15.0	94.0	5.0	13.0	1.0	
293.0	0.0	2.0	1857.0	1857.0	1872.0	15.0	95.0	5.0	8.0	5.0	
294.0	0.0	2.0	1857.0	1857.0	1872.0	15.0	98.0	5.0	15.0	2.0	
295.0	0.0	2.0	1857.0	1857.0	1872.0	15.0	83.0	5.0	5.0	1.0	
296.0	0.0	2.0	1857.0	1857.0	1872.0	15.0	84.0	5.0	12.0	2.0	
297.0	0.0	2.0	1857.0	1857.0	1872.0	15.0	87.0	5.0	5.0	5.0	
298.0	0.0	2.0	1857.0	1857.0	1872.0	15.0	91.0	5.0	9.0	5.0	
299.0	0.0	2.0	1857.0	1857.0	1872.0	15.0	94.0	5.0	13.0	1.0	
300.0	0.0	2.0	1857.0	1857.0	1872.0	15.0	96.0	5.0	15.0	3.0	
301.0	1.0	2.0	1857.0	1857.0	1874.0	17.0	17.0	1.0	11.0	4.0	
302.0	0.0	2.0	1872.0	1872.0	1887.0	15.0	83.0	5.0	5.0	1.0	
303.0	0.0	2.0	1872.0	1872.0	1887.0	15.0	85.0	5.0	3.0	5.0	
304.0	1.0	2.0	1874.0	1874.0	1891.0	17.0	68.0	4.0	5.0	3.0	
305.0	0.0	2.0	1872.0	1872.0	1887.0	15.0	92.0	5.0	10.0	4.0	
306.0	0.0	2.0	1872.0	1872.0	1887.0	15.0	95.0	5.0	8.0	5.0	
307.0	0.0	2.0	1872.0	1872.0	1887.0	15.0	97.0	5.0	9.0	3.0	
308.0	0.0	2.0	1872.0	1872.0	1887.0	15.0	100.0	5.0	14.0	1.0	
309.0	1.0	2.0	1874.0	1874.0	1891.0	17.0	28.0	2.0	8.0	1.0	
310.0	0.0	2.0	1872.0	1872.0	1887.0	15.0	87.0	5.0	5.0	5.0	
311.0	1.0	2.0	1872.0	1872.0	1889.0	17.0	96.0	5.0	15.0	3.0	
312.0	1.0	2.0	1874.0	1874.0	1891.0	17.0	24.0	2.0	14.0	4.0	
313.0	0.0	2.0	1874.0	1874.0	1889.0	15.0	95.0	5.0	8.0	5.0	
314.0	1.0	2.0	1874.0	1874.0	1891.0	17.0	67.0	4.0	3.0	3.0	
315.0	1.0	2.0	1874.0	1874.0	1891.0	17.0	7.0	1.0	11.0	1.0	
316.0	1.0	2.0	1874.0	1874.0	1891.0	17.0	5.0	1.0	15.0	2.0	
317.0	1.0	2.0	1874.0	1874.0	1891.0	17.0	59.0	3.0	9.0	4.0	
318.0	1.0	2.0	1874.0	1874.0	1891.0	17.0	80.0	4.0	3.0	1.0	
319.0	1.0	2.0	1880.0	1880.0	1897.0	17.0	19.0	1.0	13.0	4.0	
320.0	1.0	2.0	1874.0	1874.0	1891.0	17.0	54.0	3.0	10.0	5.0	
321.0	1.0	2.0	1874.0	1874.0	1891.0	17.0	34.0	2.0	14.0	1.0	
322.0	1.0	2.0	1874.0	1874.0	1891.0	17.0	2.0	1.0	14.0	1.0	
323.0	0.0	2.0	1878.0	1878.0	1893.0	15.0	87.0	5.0	5.0	5.0	
324.0	0.0	2.0	1880.0	1880.0	1895.0	15.0	90.0	5.0	4.0	1.0	
325.0	1.0	2.0	1874.0	1874.0	1891.0	17.0	59.0	3.0	9.0	4.0	
326.0	1.0	2.0	1880.0	1880.0	1897.0	17.0	40.0	2.0	11.0	3.0	
327.0	1.0	2.0	1880.0	1880.0	1897.0	17.0	80.0	4.0	3.0	1.0	
328.0	0.0	2.0	1880.0	1880.0	1895.0	15.0	100.0	5.0	14.0	1.0	
329.0	1.0	2.0	1873.0	1873.0	1890.0	17.0	45.0	3.0	5.0	4.0	
330.0	1.0	2.0	1874.0	1874.0	1891.0	17.0	80.0	4.0	3.0	1.0	
331.0	1.0	2.0	1880.0	1880.0	1897.0	17.0	58.0	3.0	11.0	4.0	
332.0	1.0	2.0	1880.0	1880.0	1897.0	17.0	76.0	4.0	6.0	4.0	
333.0	1.0	2.0	1880.0	1880.0	1897.0	17.0	79.0	4.0	7.0	3.0	
334.0	1.0	2.0	1874.0	1874.0	1891.0	17.0	31.0	2.0	8.0	1.0	
335.0	1.0	2.0	1874.0	1874.0	1891.0	17.0	77.0	4.0	8.0	2.0	
336.0	1.0	2.0	1874.0	1874.0	1891.0	17.0	48.0	3.0	13.0	4.0	
337.0	1.0	2.0	1874.0	1874.0	1891.0	17.0	12.0	1.0	5.0	3.0	
338.0	1.0	2.0	1880.0	1880.0	1897.0	17.0	51.0	3.0	2.0	3.0	
339.0	1.0	2.0	1874.0	1874.0	1891.0	17.0	4.0	1.0	9.0	4.0	
340.0	1.0	2.0	1880.0	1880.0	1897.0	17.0	71.0	4.0	11.0	3.0	
341.0	1.0	2.0	1880.0	1880.0	1897.0	17.0	77.0	4.0	8.0	2.0	
342.0	0.0	2.0	1878.0	1878.0	1893.0	15.0	84.0	5.0	12.0	2.0	
343.0	1.0	2.0	1880.0	1880.0	1897.0	17.0	38.0	2.0	5.0	5.0	
344.0	1.0	2.0	1874.0	1874.0	1891.0	17.0	46.0	3.0	14.0	3.0	
345.0	1.0	2.0	1880.0	1880.0	1897.0	17.0	60.0	3.0	3.0	3.0	
346.0	1.0	2.0	1880.0	1880.0	1897.0	17.0	45.0	3.0	5.0	4.0	
347.0	1.0	2.0	1880.0	1880.0	1897.0	17.0	46.0	3.0	14.0	3.0	
348.0	1.0	2.0	1880.0	1880.0	1897.0	17.0	73.0	4.0	13.0	3.0	
349.0	1.0	2.0	1874.0	1874.0	1891.0	17.0	58.0	3.0	11.0	4.0	
350.0	1.0	2.0	1880.0	1880.0	1897.0	17.0	74.0	4.0	1.0	3.0	
351.0	1.0	2.0	1880.0	1880.0	1897.0	17.0	55.0	3.0	6.0	4.0	
352.0	1.0	2.0	1874.0	1874.0	1891.0	17.0	50.0	3.0	9.0	1.0	
353.0	1.0	2.0	1874.0	1874.0	1891.0	17.0	79.0	4.0	7.0	3.0	
354.0	1.0	2.0	1880.0	1880.0	1897.0	17.0	25.0	2.0	12.0	2.0	
355.0	1.0	2.0	1873.0	1873.0	1890.0	17.0	61.0	4.0	12.0	4.0	
356.0	1.0	2.0	1880.0	1880.0	1897.0	17.0	18.0	1.0	2.0	5.0	
357.0	1.0	2.0	1880.0	1880.0	1897.0	17.0	54.0	3.0	10.0	5.0	
358.0	1.0	2.0	1880.0	1880.0	1897.0	17.0	37.0	2.0	5.0	2.0	
359.0	1.0	2.0	1880.0	1880.0	1897.0	17.0	60.0	3.0	3.0	3.0	
360.0	1.0	2.0	1880.0	1880.0	1897.0	17.0	48.0	3.0	13.0	4.0	
361.0	1.0	2.0	1891.0	1891.0	1908.0	17.0	67.0	4.0	3.0	3.0	
362.0	1.0	2.0	1880.0	1880.0	1897.0	17.0	64.0	4.0	4.0	2.0	
363.0	0.0	2.0	1892.0	1892.0	1907.0	15.0	85.0	5.0	3.0	5.0	
364.0	0.0	2.0	1893.0	1893.0	1908.0	15.0	90.0	5.0	4.0	1.0	
365.0	1.0	2.0	1874.0	1874.0	1891.0	17.0	75.0	4.0	8.0	5.0	
366.0	1.0	2.0	1880.0	1880.0	1897.0	17.0	45.0	3.0	5.0	4.0	
367.0	0.0	2.0	1893.0	1893.0	1908.0	15.0	98.0	5.0	15.0	2.0	
368.0	1.0	2.0	1874.0	1874.0	1891.0	17.0	57.0	3.0	14.0	3.0	
369.0	0.0	2.0	1887.0	1887.0	1902.0	15.0	83.0	5.0	5.0	1.0	
370.0	1.0	2.0	1874.0	1874.0	1891.0	17.0	59.0	3.0	9.0	4.0	
371.0	0.0	2.0	1878.0	1878.0	1893.0	15.0	91.0	5.0	9.0	5.0	
372.0	0.0	2.0	1893.0	1893.0	1908.0	15.0	93.0	5.0	4.0	5.0	
373.0	0.0	2.0	1893.0	1893.0	1908.0	15.0	96.0	5.0	15.0	3.0	
374.0	0.0	2.0	1878.0	1878.0	1893.0	15.0	100.0	5.0	14.0	1.0	
375.0	0.0	2.0	1878.0	1878.0	1893.0	15.0	82.0	5.0	6.0	2.0	
376.0	1.0	2.0	1874.0	1874.0	1891.0	17.0	67.0	4.0	3.0	3.0	
377.0	0.0	2.0	1878.0	1878.0	1893.0	15.0	88.0	5.0	4.0	3.0	
378.0	0.0	2.0	1890.0	1890.0	1905.0	15.0	91.0	5.0	9.0	5.0	
379.0	1.0	2.0	1874.0	1874.0	1891.0	17.0	58.0	3.0	11.0	4.0	
380.0	1.0	2.0	1880.0	1880.0	1897.0	17.0	64.0	4.0	4.0	2.0	
381.0	1.0	2.0	1880.0	1880.0	1897.0	17.0	73.0	4.0	13.0	3.0	
382.0	0.0	2.0	1878.0	1878.0	1893.0	15.0	84.0	5.0	12.0	2.0	
383.0	0.0	2.0	1878.0	1878.0	1893.0	15.0	86.0	5.0	15.0	4.0	
384.0	0.0	2.0	1878.0	1878.0	1893.0	15.0	89.0	5.0	14.0	2.0	
385.0	0.0	2.0	1878.0	1878.0	1893.0	15.0	92.0	5.0	10.0	4.0	
386.0	0.0	2.0	1893.0	1893.0	1908.0	15.0	95.0	5.0	8.0	5.0	
387.0	0.0	2.0	1878.0	1878.0	1893.0	15.0	99.0	5.0	12.0	3.0	
388.0	0.0	2.0	1878.0	1878.0	1893.0	15.0	100.0	5.0	14.0	1.0	
389.0	0.0	2.0	1878.0	1878.0	1893.0	15.0	85.0	5.0	3.0	5.0	
390.0	0.0	2.0	1878.0	1878.0	1893.0	15.0	86.0	5.0	15.0	4.0	
391.0	0.0	2.0	1878.0	1878.0	1893.0	15.0	89.0	5.0	14.0	2.0	
392.0	0.0	2.0	1878.0	1878.0	1893.0	15.0	92.0	5.0	10.0	4.0	
393.0	0.0	2.0	1878.0	1878.0	1893.0	15.0	96.0	5.0	15.0	3.0	
394.0	0.0	2.0	1878.0	1878.0	1893.0	15.0	98.0	5.0	15.0	2.0	
395.0	1.0	2.0	1874.0	1874.0	1891.0	17.0	68.0	4.0	5.0	3.0	
396.0	0.0	2.0	1878.0	1878.0	1893.0	15.0	84.0	5.0	12.0	2.0	
397.0	0.0	2.0	1878.0	1878.0	1893.0	15.0	87.0	5.0	5.0	5.0	
398.0	1.0	2.0	1874.0	1874.0	1891.0	17.0	25.0	2.0	12.0	2.0	
399.0	0.0	2.0	1878.0	1878.0	1893.0	15.0	93.0	5.0	4.0	5.0	
400.0	0.0	2.0	1878.0	1878.0	1893.0	15.0	96.0	5.0	15.0	3.0	
401.0	0.0	2.0	1878.0	1878.0	1893.0	15.0	99.0	5.0	12.0	3.0	
402.0	0.0	2.0	1878.0	1878.0	1893.0	15.0	84.0	5.0	12.0	2.0	
403.0	0.0	2.0	1878.0	1878.0	1893.0	15.0	85.0	5.0	3.0	5.0	
404.0	1.0	2.0	1880.0	1880.0	1897.0	17.0	72.0	4.0	11.0	2.0	
405.0	0.0	2.0	1857.0	1857.0	1872.0	15.0	93.0	5.0	4.0	5.0	
406.0	0.0	2.0	1857.0	1857.0	1872.0	15.0	96.0	5.0	15.0	3.0	
407.0	0.0	2.0	1857.0	1857.0	1872.0	15.0	98.0	5.0	15.0	2.0	
408.0	0.0	2.0	1857.0	1857.0	1872.0	15.0	82.0	5.0	6.0	2.0	
409.0	1.0	2.0	1891.0	1891.0	1908.0	17.0	7.0	1.0	11.0	1.0	
410.0	0.0	2.0	1857.0	1857.0	1872.0	15.0	86.0	5.0	15.0	4.0	
411.0	0.0	2.0	1857.0	1857.0	1872.0	15.0	89.0	5.0	14.0	2.0	
412.0	0.0	2.0	1878.0	1878.0	1893.0	15.0	93.0	5.0	4.0	5.0	
413.0	1.0	2.0	1891.0	1891.0	1908.0	17.0	58.0	3.0	11.0	4.0	
414.0	0.0	2.0	1857.0	1857.0	1872.0	15.0	100.0	5.0	14.0	1.0	
415.0	0.0	2.0	1878.0	1878.0	1893.0	15.0	81.0	5.0	3.0	4.0	
416.0	1.0	2.0	1897.0	1897.0	1914.0	17.0	41.0	3.0	15.0	4.0	
417.0	0.0	2.0	1878.0	1878.0	1893.0	15.0	87.0	5.0	5.0	5.0	
418.0	0.0	2.0	1857.0	1857.0	1872.0	15.0	91.0	5.0	9.0	5.0	
419.0	0.0	2.0	1878.0	1878.0	1893.0	15.0	93.0	5.0	4.0	5.0	
420.0	0.0	2.0	1878.0	1878.0	1893.0	15.0	98.0	5.0	15.0	2.0	
421.0	0.0	2.0	1878.0	1878.0	1893.0	15.0	100.0	5.0	14.0	1.0	
422.0	0.0	2.0	1893.0	1893.0	1908.0	15.0	82.0	5.0	6.0	2.0	
423.0	1.0	2.0	1891.0	1891.0	1908.0	17.0	5.0	1.0	15.0	2.0	
424.0	1.0	2.0	1880.0	1880.0	1897.0	17.0	58.0	3.0	11.0	4.0	
425.0	0.0	2.0	1857.0	1857.0	1872.0	15.0	92.0	5.0	10.0	4.0	
426.0	0.0	2.0	1893.0	1893.0	1908.0	15.0	96.0	5.0	15.0	3.0	
427.0	0.0	2.0	1893.0	1893.0	1908.0	15.0	99.0	5.0	12.0	3.0	
428.0	0.0	2.0	1878.0	1878.0	1893.0	15.0	81.0	5.0	3.0	4.0	
429.0	0.0	2.0	1878.0	1878.0	1893.0	15.0	83.0	5.0	5.0	1.0	
430.0	1.0	2.0	1880.0	1880.0	1897.0	17.0	70.0	4.0	11.0	5.0	
431.0	0.0	2.0	1878.0	1878.0	1893.0	15.0	91.0	5.0	9.0	5.0	
432.0	1.0	2.0	1880.0	1880.0	1897.0	17.0	51.0	3.0	2.0	3.0	
433.0	1.0	2.0	1897.0	1897.0	1914.0	17.0	53.0	3.0	12.0	3.0	
434.0	0.0	2.0	1893.0	1893.0	1908.0	15.0	100.0	5.0	14.0	1.0	
435.0	1.0	2.0	1880.0	1880.0	1897.0	17.0	68.0	4.0	5.0	3.0	
436.0	1.0	2.0	1897.0	1897.0	1914.0	17.0	74.0	4.0	1.0	3.0	
437.0	1.0	2.0	1891.0	1891.0	1908.0	17.0	54.0	3.0	10.0	5.0	
438.0	0.0	2.0	1878.0	1878.0	1893.0	15.0	91.0	5.0	9.0	5.0	
439.0	1.0	2.0	1891.0	1891.0	1908.0	17.0	59.0	3.0	9.0	4.0	
440.0	0.0	2.0	1893.0	1893.0	1908.0	15.0	98.0	5.0	15.0	2.0	
441.0	0.0	2.0	1893.0	1893.0	1908.0	15.0	81.0	5.0	3.0	4.0	
442.0	1.0	2.0	1891.0	1891.0	1908.0	17.0	24.0	2.0	14.0	4.0	
443.0	0.0	2.0	1893.0	1893.0	1908.0	15.0	87.0	5.0	5.0	5.0	
444.0	0.0	2.0	1893.0	1893.0	1908.0	15.0	90.0	5.0	4.0	1.0	
445.0	0.0	2.0	1893.0	1893.0	1908.0	15.0	91.0	5.0	9.0	5.0	
446.0	1.0	2.0	1880.0	1880.0	1897.0	17.0	16.0	1.0	14.0	2.0	
447.0	0.0	2.0	1893.0	1893.0	1908.0	15.0	98.0	5.0	15.0	2.0	
448.0	0.0	2.0	1893.0	1893.0	1908.0	15.0	82.0	5.0	6.0	2.0	
449.0	1.0	2.0	1895.0	1895.0	1912.0	17.0	69.0	4.0	12.0	2.0	
450.0	1.0	2.0	1893.0	1893.0	1910.0	17.0	90.0	5.0	4.0	1.0	
451.0	0.0	2.0	1893.0	1893.0	1908.0	15.0	89.0	5.0	14.0	2.0	
452.0	1.0	2.0	1897.0	1897.0	1914.0	17.0	77.0	4.0	8.0	2.0	
453.0	0.0	2.0	1893.0	1893.0	1908.0	15.0	95.0	5.0	8.0	5.0	
454.0	1.0	2.0	1874.0	1874.0	1891.0	17.0	79.0	4.0	7.0	3.0	
455.0	1.0	2.0	1891.0	1891.0	1908.0	17.0	57.0	3.0	14.0	3.0	
456.0	1.0	2.0	1891.0	1891.0	1908.0	17.0	48.0	3.0	13.0	4.0	
457.0	1.0	2.0	1897.0	1897.0	1914.0	17.0	47.0	3.0	15.0	5.0	
458.0	1.0	2.0	1891.0	1891.0	1908.0	17.0	77.0	4.0	8.0	2.0	
459.0	1.0	2.0	1874.0	1874.0	1891.0	17.0	57.0	3.0	14.0	3.0	
460.0	0.0	2.0	1893.0	1893.0	1908.0	15.0	98.0	5.0	15.0	2.0	
461.0	0.0	2.0	1893.0	1893.0	1908.0	15.0	81.0	5.0	3.0	4.0	
462.0	0.0	2.0	1899.0	1899.0	1914.0	15.0	82.0	5.0	6.0	2.0	
463.0	1.0	2.0	1897.0	1897.0	1914.0	17.0	58.0	3.0	11.0	4.0	
464.0	1.0	2.0	1897.0	1897.0	1914.0	17.0	14.0	1.0	13.0	5.0	
465.0	1.0	2.0	1895.0	1895.0	1912.0	17.0	61.0	4.0	12.0	4.0	
466.0	1.0	2.0	1897.0	1897.0	1914.0	17.0	19.0	1.0	13.0	4.0	
467.0	0.0	2.0	1857.0	1857.0	1872.0	15.0	97.0	5.0	9.0	3.0	
468.0	0.0	2.0	1857.0	1857.0	1872.0	15.0	100.0	5.0	14.0	1.0	
469.0	0.0	2.0	1857.0	1857.0	1872.0	15.0	85.0	5.0	3.0	5.0	
470.0	1.0	2.0	1879.0	1879.0	1896.0	17.0	23.0	2.0	7.0	3.0	
471.0	1.0	2.0	1895.0	1895.0	1912.0	17.0	69.0	4.0	12.0	2.0	
472.0	1.0	2.0	1897.0	1897.0	1914.0	17.0	43.0	3.0	13.0	1.0	
473.0	1.0	2.0	1880.0	1880.0	1897.0	17.0	74.0	4.0	1.0	3.0	
474.0	1.0	2.0	1895.0	1895.0	1912.0	17.0	71.0	4.0	11.0	3.0	
475.0	1.0	2.0	1897.0	1897.0	1914.0	17.0	40.0	2.0	11.0	3.0	
476.0	1.0	2.0	1897.0	1897.0	1914.0	17.0	13.0	1.0	3.0	1.0	
477.0	0.0	2.0	1899.0	1899.0	1914.0	15.0	88.0	5.0	4.0	3.0	
478.0	0.0	2.0	1878.0	1878.0	1893.0	15.0	90.0	5.0	4.0	1.0	
479.0	0.0	2.0	1899.0	1899.0	1914.0	15.0	93.0	5.0	4.0	5.0	
480.0	0.0	2.0	1899.0	1899.0	1914.0	15.0	96.0	5.0	15.0	3.0	
481.0	0.0	2.0	1899.0	1899.0	1914.0	15.0	99.0	5.0	12.0	3.0	
482.0	1.0	2.0	1897.0	1897.0	1914.0	17.0	58.0	3.0	11.0	4.0	
483.0	1.0	2.0	1880.0	1880.0	1897.0	17.0	67.0	4.0	3.0	3.0	
484.0	0.0	2.0	1899.0	1899.0	1914.0	15.0	88.0	5.0	4.0	3.0	
485.0	0.0	2.0	1878.0	1878.0	1893.0	15.0	92.0	5.0	10.0	4.0	
486.0	0.0	2.0	1899.0	1899.0	1914.0	15.0	94.0	5.0	13.0	1.0	
487.0	0.0	2.0	1899.0	1899.0	1914.0	15.0	97.0	5.0	9.0	3.0	
488.0	0.0	2.0	1899.0	1899.0	1914.0	15.0	81.0	5.0	3.0	4.0	
489.0	1.0	2.0	1897.0	1897.0	1914.0	17.0	9.0	1.0	15.0	5.0	
490.0	1.0	2.0	1897.0	1897.0	1914.0	17.0	30.0	2.0	14.0	1.0	
491.0	0.0	2.0	1878.0	1878.0	1893.0	15.0	90.0	5.0	4.0	1.0	
492.0	0.0	2.0	1878.0	1878.0	1893.0	15.0	92.0	5.0	10.0	4.0	
493.0	0.0	2.0	1878.0	1878.0	1893.0	15.0	95.0	5.0	8.0	5.0	
494.0	0.0	2.0	1878.0	1878.0	1893.0	15.0	99.0	5.0	12.0	3.0	
495.0	0.0	2.0	1899.0	1899.0	1914.0	15.0	81.0	5.0	3.0	4.0	
496.0	1.0	2.0	1897.0	1897.0	1914.0	17.0	28.0	2.0	8.0	1.0	
497.0	1.0	2.0	1897.0	1897.0	1914.0	17.0	53.0	3.0	12.0	3.0	
498.0	0.0	2.0	1878.0	1878.0	1893.0	15.0	90.0	5.0	4.0	1.0	
499.0	0.0	2.0	1878.0	1878.0	1893.0	15.0	95.0	5.0	8.0	5.0	
500.0	0.0	2.0	1878.0	1878.0	1893.0	15.0	96.0	5.0	15.0	3.0	
501.0	0.0	2.0	1878.0	1878.0	1893.0	15.0	99.0	5.0	12.0	3.0	
502.0	0.0	2.0	1899.0	1899.0	1914.0	15.0	82.0	5.0	6.0	2.0	
503.0	1.0	2.0	1897.0	1897.0	1914.0	17.0	76.0	4.0	6.0	4.0	
504.0	0.0	2.0	1878.0	1878.0	1893.0	15.0	89.0	5.0	14.0	2.0	
505.0	0.0	2.0	1878.0	1878.0	1893.0	15.0	91.0	5.0	9.0	5.0	
506.0	0.0	2.0	1899.0	1899.0	1914.0	15.0	94.0	5.0	13.0	1.0	
507.0	1.0	2.0	1891.0	1891.0	1908.0	17.0	34.0	2.0	14.0	1.0	
508.0	0.0	2.0	1899.0	1899.0	1914.0	15.0	82.0	5.0	6.0	2.0	
509.0	1.0	2.0	1897.0	1897.0	1914.0	17.0	55.0	3.0	6.0	4.0	
510.0	0.0	2.0	1899.0	1899.0	1914.0	15.0	86.0	5.0	15.0	4.0	
511.0	0.0	2.0	1899.0	1899.0	1914.0	15.0	90.0	5.0	4.0	1.0	
512.0	0.0	2.0	1899.0	1899.0	1914.0	15.0	92.0	5.0	10.0	4.0	
513.0	0.0	2.0	1899.0	1899.0	1914.0	15.0	95.0	5.0	8.0	5.0	
514.0	1.0	2.0	1895.0	1895.0	1912.0	17.0	78.0	4.0	8.0	1.0	
515.0	0.0	2.0	1899.0	1899.0	1914.0	15.0	83.0	5.0	5.0	1.0	
516.0	1.0	2.0	1897.0	1897.0	1914.0	17.0	46.0	3.0	14.0	3.0	
517.0	1.0	2.0	1897.0	1897.0	1914.0	17.0	73.0	4.0	13.0	3.0	
518.0	1.0	2.0	1895.0	1895.0	1912.0	17.0	73.0	4.0	13.0	3.0	
519.0	0.0	2.0	1899.0	1899.0	1914.0	15.0	94.0	5.0	13.0	1.0	
520.0	0.0	2.0	1899.0	1899.0	1914.0	15.0	96.0	5.0	15.0	3.0	
521.0	1.0	2.0	1901.0	1901.0	1918.0	17.0	29.0	2.0	2.0	5.0	
522.0	0.0	2.0	1899.0	1899.0	1914.0	15.0	83.0	5.0	5.0	1.0	
523.0	0.0	2.0	1899.0	1899.0	1914.0	15.0	85.0	5.0	3.0	5.0	
524.0	1.0	2.0	1897.0	1897.0	1914.0	17.0	25.0	2.0	12.0	2.0	
525.0	1.0	2.0	1896.0	1896.0	1913.0	17.0	69.0	4.0	12.0	2.0	
526.0	1.0	2.0	1895.0	1895.0	1912.0	17.0	79.0	4.0	7.0	3.0	
527.0	0.0	2.0	1899.0	1899.0	1914.0	15.0	97.0	5.0	9.0	3.0	
528.0	1.0	2.0	1899.0	1899.0	1916.0	17.0	95.0	5.0	8.0	5.0	
529.0	1.0	2.0	1890.0	1890.0	1907.0	17.0	45.0	3.0	5.0	4.0	
530.0	0.0	2.0	1899.0	1899.0	1914.0	15.0	86.0	5.0	15.0	4.0	
531.0	1.0	2.0	1883.0	1883.0	1900.0	17.0	48.0	3.0	13.0	4.0	
532.0	1.0	2.0	1903.0	1903.0	1920.0	17.0	66.0	4.0	12.0	5.0	
533.0	1.0	2.0	1901.0	1901.0	1918.0	17.0	38.0	2.0	5.0	5.0	
534.0	0.0	2.0	1901.0	1901.0	1916.0	15.0	98.0	5.0	15.0	2.0	
535.0	0.0	2.0	1901.0	1901.0	1916.0	15.0	83.0	5.0	5.0	1.0	
536.0	1.0	2.0	1903.0	1903.0	1920.0	17.0	39.0	2.0	14.0	2.0	
537.0	0.0	2.0	1899.0	1899.0	1914.0	15.0	87.0	5.0	5.0	5.0	
538.0	1.0	2.0	1874.0	1874.0	1891.0	17.0	59.0	3.0	9.0	4.0	
539.0	1.0	2.0	1903.0	1903.0	1920.0	17.0	42.0	3.0	4.0	1.0	
540.0	1.0	2.0	1895.0	1895.0	1912.0	17.0	76.0	4.0	6.0	4.0	
541.0	0.0	2.0	1908.0	1908.0	1923.0	15.0	81.0	5.0	3.0	4.0	
542.0	1.0	2.0	1903.0	1903.0	1920.0	17.0	44.0	3.0	3.0	5.0	
543.0	0.0	2.0	1907.0	1907.0	1922.0	15.0	85.0	5.0	3.0	5.0	
544.0	0.0	2.0	1904.0	1904.0	1919.0	15.0	90.0	5.0	4.0	1.0	
545.0	0.0	2.0	1908.0	1908.0	1923.0	15.0	93.0	5.0	4.0	5.0	
546.0	0.0	2.0	1904.0	1904.0	1919.0	15.0	94.0	5.0	13.0	1.0	
547.0	1.0	2.0	1901.0	1901.0	1918.0	17.0	29.0	2.0	2.0	5.0	
548.0	1.0	2.0	1856.0	1856.0	1873.0	17.0	66.0	4.0	12.0	5.0	
549.0	1.0	2.0	1903.0	1903.0	1920.0	17.0	74.0	4.0	1.0	3.0	
550.0	0.0	2.0	1904.0	1904.0	1919.0	15.0	88.0	5.0	4.0	3.0	
551.0	1.0	2.0	1901.0	1901.0	1918.0	17.0	26.0	2.0	1.0	2.0	
552.0	0.0	2.0	1908.0	1908.0	1923.0	15.0	93.0	5.0	4.0	5.0	
553.0	1.0	2.0	1903.0	1903.0	1920.0	17.0	60.0	3.0	3.0	3.0	
554.0	1.0	2.0	1895.0	1895.0	1912.0	17.0	73.0	4.0	13.0	3.0	
555.0	1.0	2.0	1901.0	1901.0	1918.0	17.0	23.0	2.0	7.0	3.0	
556.0	0.0	2.0	1908.0	1908.0	1923.0	15.0	84.0	5.0	12.0	2.0	
557.0	0.0	2.0	1908.0	1908.0	1923.0	15.0	89.0	5.0	14.0	2.0	
558.0	0.0	2.0	1908.0	1908.0	1923.0	15.0	91.0	5.0	9.0	5.0	
559.0	1.0	2.0	1897.0	1897.0	1914.0	17.0	15.0	1.0	11.0	1.0	
560.0	1.0	2.0	1895.0	1895.0	1912.0	17.0	61.0	4.0	12.0	4.0	
561.0	1.0	2.0	1903.0	1903.0	1920.0	17.0	74.0	4.0	1.0	3.0	
562.0	1.0	2.0	1903.0	1903.0	1920.0	17.0	80.0	4.0	3.0	1.0	
563.0	0.0	2.0	1908.0	1908.0	1923.0	15.0	86.0	5.0	15.0	4.0	
564.0	0.0	2.0	1908.0	1908.0	1923.0	15.0	88.0	5.0	4.0	3.0	
565.0	0.0	2.0	1908.0	1908.0	1923.0	15.0	91.0	5.0	9.0	5.0	
566.0	0.0	2.0	1908.0	1908.0	1923.0	15.0	96.0	5.0	15.0	3.0	
567.0	0.0	2.0	1908.0	1908.0	1923.0	15.0	98.0	5.0	15.0	2.0	
568.0	0.0	2.0	1908.0	1908.0	1923.0	15.0	81.0	5.0	3.0	4.0	
569.0	1.0	2.0	1903.0	1903.0	1920.0	17.0	52.0	3.0	4.0	3.0	
570.0	1.0	2.0	1908.0	1908.0	1925.0	17.0	5.0	1.0	15.0	2.0	
571.0	1.0	2.0	1874.0	1874.0	1891.0	17.0	77.0	4.0	8.0	2.0	
572.0	1.0	2.0	1903.0	1903.0	1920.0	17.0	55.0	3.0	6.0	4.0	
573.0	0.0	2.0	1908.0	1908.0	1923.0	15.0	97.0	5.0	9.0	3.0	
574.0	0.0	2.0	1908.0	1908.0	1923.0	15.0	98.0	5.0	15.0	2.0	
575.0	0.0	2.0	1908.0	1908.0	1923.0	15.0	83.0	5.0	5.0	1.0	
576.0	1.0	2.0	1901.0	1901.0	1918.0	17.0	36.0	2.0	15.0	4.0	
577.0	1.0	2.0	1903.0	1903.0	1920.0	17.0	53.0	3.0	12.0	3.0	
578.0	0.0	2.0	1914.0	1914.0	1929.0	15.0	91.0	5.0	9.0	5.0	
579.0	0.0	2.0	1908.0	1908.0	1923.0	15.0	94.0	5.0	13.0	1.0	
580.0	0.0	2.0	1908.0	1908.0	1923.0	15.0	96.0	5.0	15.0	3.0	
581.0	0.0	2.0	1908.0	1908.0	1923.0	15.0	99.0	5.0	12.0	3.0	
582.0	0.0	2.0	1908.0	1908.0	1923.0	15.0	84.0	5.0	12.0	2.0	
583.0	0.0	2.0	1908.0	1908.0	1923.0	15.0	87.0	5.0	5.0	5.0	
584.0	1.0	2.0	1903.0	1903.0	1920.0	17.0	61.0	4.0	12.0	4.0	
585.0	0.0	2.0	1908.0	1908.0	1923.0	15.0	92.0	5.0	10.0	4.0	
586.0	0.0	2.0	1908.0	1908.0	1923.0	15.0	95.0	5.0	8.0	5.0	
587.0	0.0	2.0	1908.0	1908.0	1923.0	15.0	99.0	5.0	12.0	3.0	
588.0	0.0	2.0	1908.0	1908.0	1923.0	15.0	100.0	5.0	14.0	1.0	
589.0	1.0	2.0	1897.0	1897.0	1914.0	17.0	69.0	4.0	12.0	2.0	
590.0	0.0	2.0	1908.0	1908.0	1923.0	15.0	87.0	5.0	5.0	5.0	
591.0	1.0	2.0	1903.0	1903.0	1920.0	17.0	46.0	3.0	14.0	3.0	
592.0	0.0	2.0	1908.0	1908.0	1923.0	15.0	92.0	5.0	10.0	4.0	
593.0	1.0	2.0	1895.0	1895.0	1912.0	17.0	72.0	4.0	11.0	2.0	
594.0	1.0	2.0	1908.0	1908.0	1925.0	17.0	59.0	3.0	9.0	4.0	
595.0	0.0	2.0	1908.0	1908.0	1923.0	15.0	83.0	5.0	5.0	1.0	
596.0	0.0	2.0	1908.0	1908.0	1923.0	15.0	85.0	5.0	3.0	5.0	
597.0	0.0	2.0	1908.0	1908.0	1923.0	15.0	87.0	5.0	5.0	5.0	
598.0	0.0	2.0	1914.0	1914.0	1929.0	15.0	90.0	5.0	4.0	1.0	
599.0	0.0	2.0	1908.0	1908.0	1923.0	15.0	95.0	5.0	8.0	5.0	
600.0	0.0	2.0	1908.0	1908.0	1923.0	15.0	96.0	5.0	15.0	3.0	
601.0	0.0	2.0	1911.0	1911.0	1926.0	15.0	100.0	5.0	14.0	1.0	
602.0	0.0	2.0	1908.0	1908.0	1923.0	15.0	83.0	5.0	5.0	1.0	
603.0	0.0	2.0	1908.0	1908.0	1923.0	15.0	85.0	5.0	3.0	5.0	
604.0	0.0	2.0	1908.0	1908.0	1923.0	15.0	89.0	5.0	14.0	2.0	
605.0	1.0	2.0	1908.0	1908.0	1925.0	17.0	77.0	4.0	8.0	2.0	
606.0	0.0	2.0	1908.0	1908.0	1923.0	15.0	95.0	5.0	8.0	5.0	
607.0	0.0	2.0	1908.0	1908.0	1923.0	15.0	97.0	5.0	9.0	3.0	
608.0	0.0	2.0	1908.0	1908.0	1923.0	15.0	100.0	5.0	14.0	1.0	
609.0	1.0	2.0	1912.0	1912.0	1929.0	17.0	76.0	4.0	6.0	4.0	
610.0	0.0	2.0	1908.0	1908.0	1923.0	15.0	86.0	5.0	15.0	4.0	
611.0	0.0	2.0	1908.0	1908.0	1923.0	15.0	91.0	5.0	9.0	5.0	
612.0	0.0	2.0	1908.0	1908.0	1923.0	15.0	93.0	5.0	4.0	5.0	
613.0	0.0	2.0	1908.0	1908.0	1923.0	15.0	97.0	5.0	9.0	3.0	
614.0	0.0	2.0	1908.0	1908.0	1923.0	15.0	98.0	5.0	15.0	2.0	
615.0	0.0	2.0	1908.0	1908.0	1923.0	15.0	81.0	5.0	3.0	4.0	
616.0	0.0	2.0	1914.0	1914.0	1929.0	15.0	84.0	5.0	12.0	2.0	
617.0	1.0	2.0	1897.0	1897.0	1914.0	17.0	63.0	4.0	15.0	1.0	
618.0	0.0	2.0	1914.0	1914.0	1929.0	15.0	92.0	5.0	10.0	4.0	
619.0	1.0	2.0	1912.0	1912.0	1929.0	17.0	78.0	4.0	8.0	1.0	
620.0	0.0	2.0	1908.0	1908.0	1923.0	15.0	98.0	5.0	15.0	2.0	
621.0	0.0	2.0	1908.0	1908.0	1923.0	15.0	99.0	5.0	12.0	3.0	
622.0	0.0	2.0	1908.0	1908.0	1923.0	15.0	82.0	5.0	6.0	2.0	
623.0	1.0	2.0	1880.0	1880.0	1897.0	17.0	69.0	4.0	12.0	2.0	
624.0	0.0	2.0	1914.0	1914.0	1929.0	15.0	88.0	5.0	4.0	3.0	
625.0	0.0	2.0	1914.0	1914.0	1929.0	15.0	93.0	5.0	4.0	5.0	
626.0	0.0	2.0	1914.0	1914.0	1929.0	15.0	95.0	5.0	8.0	5.0	
627.0	0.0	2.0	1875.0	1875.0	1890.0	15.0	97.0	5.0	9.0	3.0	
628.0	0.0	2.0	1875.0	1875.0	1890.0	15.0	100.0	5.0	14.0	1.0	
629.0	0.0	2.0	1875.0	1875.0	1890.0	15.0	83.0	5.0	5.0	1.0	
630.0	0.0	2.0	1875.0	1875.0	1890.0	15.0	86.0	5.0	15.0	4.0	
631.0	0.0	2.0	1875.0	1875.0	1890.0	15.0	91.0	5.0	9.0	5.0	
632.0	1.0	2.0	1875.0	1875.0	1892.0	17.0	85.0	5.0	3.0	5.0	
633.0	0.0	2.0	1911.0	1911.0	1926.0	15.0	97.0	5.0	9.0	3.0	
634.0	0.0	2.0	1908.0	1908.0	1923.0	15.0	98.0	5.0	15.0	2.0	
635.0	0.0	2.0	1914.0	1914.0	1929.0	15.0	81.0	5.0	3.0	4.0	
636.0	0.0	2.0	1914.0	1914.0	1929.0	15.0	86.0	5.0	15.0	4.0	
637.0	0.0	2.0	1908.0	1908.0	1923.0	15.0	87.0	5.0	5.0	5.0	
638.0	1.0	2.0	1914.0	1914.0	1931.0	17.0	43.0	3.0	13.0	1.0	
639.0	0.0	2.0	1914.0	1914.0	1929.0	15.0	93.0	5.0	4.0	5.0	
640.0	0.0	2.0	1908.0	1908.0	1923.0	15.0	98.0	5.0	15.0	2.0	
641.0	1.0	2.0	1908.0	1908.0	1925.0	17.0	87.0	5.0	5.0	5.0	
642.0	0.0	2.0	1914.0	1914.0	1929.0	15.0	82.0	5.0	6.0	2.0	
643.0	0.0	2.0	1914.0	1914.0	1929.0	15.0	86.0	5.0	15.0	4.0	
644.0	0.0	2.0	1914.0	1914.0	1929.0	15.0	88.0	5.0	4.0	3.0	
645.0	1.0	2.0	1895.0	1895.0	1912.0	17.0	67.0	4.0	3.0	3.0	
646.0	1.0	2.0	1912.0	1912.0	1929.0	17.0	73.0	4.0	13.0	3.0	
647.0	0.0	2.0	1914.0	1914.0	1929.0	15.0	98.0	5.0	15.0	2.0	
648.0	0.0	2.0	1914.0	1914.0	1929.0	15.0	81.0	5.0	3.0	4.0	
649.0	0.0	2.0	1914.0	1914.0	1929.0	15.0	83.0	5.0	5.0	1.0	
650.0	0.0	2.0	1914.0	1914.0	1929.0	15.0	88.0	5.0	4.0	3.0	
651.0	0.0	2.0	1916.0	1916.0	1931.0	15.0	90.0	5.0	4.0	1.0	
652.0	0.0	2.0	1914.0	1914.0	1929.0	15.0	94.0	5.0	13.0	1.0	
653.0	0.0	2.0	1914.0	1914.0	1929.0	15.0	95.0	5.0	8.0	5.0	
654.0	0.0	2.0	1914.0	1914.0	1929.0	15.0	99.0	5.0	12.0	3.0	
655.0	0.0	2.0	1914.0	1914.0	1929.0	15.0	82.0	5.0	6.0	2.0	
656.0	0.0	2.0	1914.0	1914.0	1929.0	15.0	84.0	5.0	12.0	2.0	
657.0	0.0	2.0	1914.0	1914.0	1929.0	15.0	88.0	5.0	4.0	3.0	
658.0	0.0	2.0	1918.0	1918.0	1933.0	15.0	91.0	5.0	9.0	5.0	
659.0	0.0	2.0	1914.0	1914.0	1929.0	15.0	94.0	5.0	13.0	1.0	
660.0	0.0	2.0	1914.0	1914.0	1929.0	15.0	96.0	5.0	15.0	3.0	
661.0	1.0	2.0	1914.0	1914.0	1931.0	17.0	25.0	2.0	12.0	2.0	
662.0	0.0	2.0	1914.0	1914.0	1929.0	15.0	82.0	5.0	6.0	2.0	
663.0	0.0	2.0	1914.0	1914.0	1929.0	15.0	85.0	5.0	3.0	5.0	
664.0	1.0	2.0	1914.0	1914.0	1931.0	17.0	13.0	1.0	3.0	1.0	
665.0	1.0	2.0	1903.0	1903.0	1920.0	17.0	74.0	4.0	1.0	3.0	
666.0	0.0	2.0	1914.0	1914.0	1929.0	15.0	94.0	5.0	13.0	1.0	
667.0	1.0	2.0	1914.0	1914.0	1931.0	17.0	47.0	3.0	15.0	5.0	
668.0	1.0	2.0	1914.0	1914.0	1931.0	17.0	68.0	4.0	5.0	3.0	
669.0	0.0	2.0	1914.0	1914.0	1929.0	15.0	83.0	5.0	5.0	1.0	
670.0	0.0	2.0	1920.0	1920.0	1935.0	15.0	86.0	5.0	15.0	4.0	
671.0	0.0	2.0	1871.0	1871.0	1886.0	15.0	89.0	5.0	14.0	2.0	
672.0	0.0	2.0	1920.0	1920.0	1935.0	15.0	94.0	5.0	13.0	1.0	
673.0	0.0	2.0	1914.0	1914.0	1929.0	15.0	96.0	5.0	15.0	3.0	
674.0	0.0	2.0	1914.0	1914.0	1929.0	15.0	99.0	5.0	12.0	3.0	
675.0	0.0	2.0	1916.0	1916.0	1931.0	15.0	83.0	5.0	5.0	1.0	
676.0	1.0	2.0	1856.0	1856.0	1873.0	17.0	61.0	4.0	12.0	4.0	
677.0	0.0	2.0	1920.0	1920.0	1935.0	15.0	88.0	5.0	4.0	3.0	
678.0	1.0	2.0	1914.0	1914.0	1931.0	17.0	12.0	1.0	5.0	3.0	
679.0	0.0	2.0	1914.0	1914.0	1929.0	15.0	95.0	5.0	8.0	5.0	
680.0	0.0	2.0	1916.0	1916.0	1931.0	15.0	98.0	5.0	15.0	2.0	
681.0	0.0	2.0	1916.0	1916.0	1931.0	15.0	99.0	5.0	12.0	3.0	
682.0	0.0	2.0	1920.0	1920.0	1935.0	15.0	83.0	5.0	5.0	1.0	
683.0	0.0	2.0	1920.0	1920.0	1935.0	15.0	86.0	5.0	15.0	4.0	
684.0	0.0	2.0	1914.0	1914.0	1929.0	15.0	90.0	5.0	4.0	1.0	
685.0	0.0	2.0	1920.0	1920.0	1935.0	15.0	91.0	5.0	9.0	5.0	
686.0	0.0	2.0	1920.0	1920.0	1935.0	15.0	94.0	5.0	13.0	1.0	
687.0	1.0	2.0	1920.0	1920.0	1937.0	17.0	75.0	4.0	8.0	5.0	
688.0	0.0	2.0	1920.0	1920.0	1935.0	15.0	81.0	5.0	3.0	4.0	
689.0	1.0	2.0	1914.0	1914.0	1931.0	17.0	25.0	2.0	12.0	2.0	
690.0	0.0	2.0	1923.0	1923.0	1938.0	15.0	86.0	5.0	15.0	4.0	
691.0	0.0	2.0	1920.0	1920.0	1935.0	15.0	90.0	5.0	4.0	1.0	
692.0	1.0	2.0	1920.0	1920.0	1937.0	17.0	45.0	3.0	5.0	4.0	
693.0	1.0	2.0	1920.0	1920.0	1937.0	17.0	47.0	3.0	15.0	5.0	
694.0	1.0	2.0	1920.0	1920.0	1937.0	17.0	42.0	3.0	4.0	1.0	
695.0	1.0	2.0	1918.0	1918.0	1935.0	17.0	23.0	2.0	7.0	3.0	
696.0	1.0	2.0	1912.0	1912.0	1929.0	17.0	71.0	4.0	11.0	3.0	
697.0	0.0	2.0	1923.0	1923.0	1938.0	15.0	87.0	5.0	5.0	5.0	
698.0	1.0	2.0	1914.0	1914.0	1931.0	17.0	19.0	1.0	13.0	4.0	
699.0	1.0	2.0	1908.0	1908.0	1925.0	17.0	58.0	3.0	11.0	4.0	
700.0	1.0	2.0	1920.0	1920.0	1937.0	17.0	54.0	3.0	10.0	5.0	
701.0	1.0	2.0	1914.0	1914.0	1931.0	17.0	53.0	3.0	12.0	3.0	
702.0	0.0	2.0	1923.0	1923.0	1938.0	15.0	83.0	5.0	5.0	1.0	
703.0	0.0	2.0	1923.0	1923.0	1938.0	15.0	87.0	5.0	5.0	5.0	
704.0	1.0	2.0	1914.0	1914.0	1931.0	17.0	58.0	3.0	11.0	4.0	
705.0	0.0	2.0	1923.0	1923.0	1938.0	15.0	91.0	5.0	9.0	5.0	
706.0	0.0	2.0	1923.0	1923.0	1938.0	15.0	96.0	5.0	15.0	3.0	
707.0	0.0	2.0	1923.0	1923.0	1938.0	15.0	97.0	5.0	9.0	3.0	
708.0	0.0	2.0	1920.0	1920.0	1935.0	15.0	81.0	5.0	3.0	4.0	
709.0	1.0	2.0	1920.0	1920.0	1937.0	17.0	38.0	2.0	5.0	5.0	
710.0	0.0	2.0	1923.0	1923.0	1938.0	15.0	88.0	5.0	4.0	3.0	
711.0	0.0	2.0	1923.0	1923.0	1938.0	15.0	89.0	5.0	14.0	2.0	
712.0	1.0	2.0	1920.0	1920.0	1937.0	17.0	55.0	3.0	6.0	4.0	
713.0	0.0	2.0	1923.0	1923.0	1938.0	15.0	96.0	5.0	15.0	3.0	
714.0	0.0	2.0	1923.0	1923.0	1938.0	15.0	98.0	5.0	15.0	2.0	
715.0	0.0	2.0	1923.0	1923.0	1938.0	15.0	81.0	5.0	3.0	4.0	
716.0	1.0	2.0	1920.0	1920.0	1937.0	17.0	53.0	3.0	12.0	3.0	
717.0	0.0	2.0	1929.0	1929.0	1944.0	15.0	88.0	5.0	4.0	3.0	
718.0	0.0	2.0	1927.0	1927.0	1942.0	15.0	90.0	5.0	4.0	1.0	
719.0	0.0	2.0	1923.0	1923.0	1938.0	15.0	93.0	5.0	4.0	5.0	
720.0	0.0	2.0	1923.0	1923.0	1938.0	15.0	96.0	5.0	15.0	3.0	
721.0	0.0	2.0	1923.0	1923.0	1938.0	15.0	100.0	5.0	14.0	1.0	
722.0	0.0	2.0	1923.0	1923.0	1938.0	15.0	84.0	5.0	12.0	2.0	
723.0	0.0	2.0	1922.0	1922.0	1937.0	15.0	85.0	5.0	3.0	5.0	
724.0	1.0	2.0	1922.0	1922.0	1939.0	17.0	82.0	5.0	6.0	2.0	
725.0	0.0	2.0	1929.0	1929.0	1944.0	15.0	93.0	5.0	4.0	5.0	
726.0	1.0	2.0	1914.0	1914.0	1931.0	17.0	58.0	3.0	11.0	4.0	
727.0	1.0	2.0	1897.0	1897.0	1914.0	17.0	77.0	4.0	8.0	2.0	
728.0	1.0	2.0	1924.0	1924.0	1941.0	17.0	39.0	2.0	14.0	2.0	
729.0	1.0	2.0	1907.0	1907.0	1924.0	17.0	45.0	3.0	5.0	4.0	
730.0	0.0	2.0	1929.0	1929.0	1944.0	15.0	86.0	5.0	15.0	4.0	
731.0	1.0	2.0	1920.0	1920.0	1937.0	17.0	53.0	3.0	12.0	3.0	
732.0	0.0	2.0	1923.0	1923.0	1938.0	15.0	94.0	5.0	13.0	1.0	
733.0	0.0	2.0	1926.0	1926.0	1941.0	15.0	97.0	5.0	9.0	3.0	
734.0	0.0	2.0	1887.0	1887.0	1902.0	15.0	100.0	5.0	14.0	1.0	
735.0	0.0	2.0	1878.0	1878.0	1893.0	15.0	82.0	5.0	6.0	2.0	
736.0	1.0	2.0	1914.0	1914.0	1931.0	17.0	41.0	3.0	15.0	4.0	
737.0	1.0	2.0	1897.0	1897.0	1914.0	17.0	47.0	3.0	15.0	5.0	
738.0	0.0	2.0	1929.0	1929.0	1944.0	15.0	90.0	5.0	4.0	1.0	
739.0	0.0	2.0	1923.0	1923.0	1938.0	15.0	94.0	5.0	13.0	1.0	
740.0	0.0	2.0	1923.0	1923.0	1938.0	15.0	96.0	5.0	15.0	3.0	
741.0	1.0	2.0	1918.0	1918.0	1935.0	17.0	26.0	2.0	1.0	2.0	
742.0	0.0	2.0	1923.0	1923.0	1938.0	15.0	82.0	5.0	6.0	2.0	
743.0	0.0	2.0	1923.0	1923.0	1938.0	15.0	85.0	5.0	3.0	5.0	
744.0	1.0	2.0	1920.0	1920.0	1937.0	17.0	16.0	1.0	14.0	2.0	
745.0	0.0	2.0	1923.0	1923.0	1938.0	15.0	91.0	5.0	9.0	5.0	
746.0	0.0	2.0	1923.0	1923.0	1938.0	15.0	94.0	5.0	13.0	1.0	
747.0	0.0	2.0	1923.0	1923.0	1938.0	15.0	97.0	5.0	9.0	3.0	
748.0	1.0	2.0	1914.0	1914.0	1931.0	17.0	28.0	2.0	8.0	1.0	
749.0	0.0	2.0	1923.0	1923.0	1938.0	15.0	83.0	5.0	5.0	1.0	
750.0	0.0	2.0	1923.0	1923.0	1938.0	15.0	86.0	5.0	15.0	4.0	
751.0	1.0	2.0	1920.0	1920.0	1937.0	17.0	65.0	4.0	11.0	2.0	
752.0	0.0	2.0	1923.0	1923.0	1938.0	15.0	92.0	5.0	10.0	4.0	
753.0	0.0	2.0	1923.0	1923.0	1938.0	15.0	95.0	5.0	8.0	5.0	
754.0	0.0	2.0	1923.0	1923.0	1938.0	15.0	98.0	5.0	15.0	2.0	
755.0	0.0	2.0	1923.0	1923.0	1938.0	15.0	81.0	5.0	3.0	4.0	
756.0	0.0	2.0	1923.0	1923.0	1938.0	15.0	84.0	5.0	12.0	2.0	
757.0	0.0	2.0	1923.0	1923.0	1938.0	15.0	87.0	5.0	5.0	5.0	
758.0	0.0	2.0	1923.0	1923.0	1938.0	15.0	90.0	5.0	4.0	1.0	
759.0	0.0	2.0	1923.0	1923.0	1938.0	15.0	93.0	5.0	4.0	5.0	
760.0	1.0	2.0	1914.0	1914.0	1931.0	17.0	63.0	4.0	15.0	1.0	
761.0	0.0	2.0	1923.0	1923.0	1938.0	15.0	99.0	5.0	12.0	3.0	
762.0	0.0	2.0	1923.0	1923.0	1938.0	15.0	82.0	5.0	6.0	2.0	
763.0	0.0	2.0	1923.0	1923.0	1938.0	15.0	85.0	5.0	3.0	5.0	
764.0	0.0	2.0	1923.0	1923.0	1938.0	15.0	88.0	5.0	4.0	3.0	
765.0	0.0	2.0	1923.0	1923.0	1938.0	15.0	91.0	5.0	9.0	5.0	
766.0	0.0	2.0	1923.0	1923.0	1938.0	15.0	94.0	5.0	13.0	1.0	
767.0	1.0	2.0	1918.0	1918.0	1935.0	17.0	29.0	2.0	2.0	5.0	
768.0	0.0	2.0	1923.0	1923.0	1938.0	15.0	100.0	5.0	14.0	1.0	
769.0	0.0	2.0	1923.0	1923.0	1938.0	15.0	83.0	5.0	5.0	1.0	
770.0	0.0	2.0	1923.0	1923.0	1938.0	15.0	86.0	5.0	15.0	4.0	
771.0	1.0	2.0	1914.0	1914.0	1931.0	17.0	9.0	1.0	15.0	5.0	
772.0	0.0	2.0	1923.0	1923.0	1938.0	15.0	92.0	5.0	10.0	4.0	
773.0	0.0	2.0	1923.0	1923.0	1938.0	15.0	95.0	5.0	8.0	5.0	
774.0	0.0	2.0	1923.0	1923.0	1938.0	15.0	98.0	5.0	15.0	2.0	
775.0	0.0	2.0	1923.0	1923.0	1938.0	15.0	81.0	5.0	3.0	4.0	
776.0	0.0	2.0	1923.0	1923.0	1938.0	15.0	85.0	5.0	3.0	5.0	
777.0	0.0	2.0	1923.0	1923.0	1938.0	15.0	87.0	5.0	5.0	5.0	
778.0	1.0	2.0	1914.0	1914.0	1931.0	17.0	68.0	4.0	5.0	3.0	
779.0	0.0	2.0	1923.0	1923.0	1938.0	15.0	93.0	5.0	4.0	5.0	
780.0	0.0	2.0	1923.0	1923.0	1938.0	15.0	97.0	5.0	9.0	3.0	
781.0	0.0	2.0	1923.0	1923.0	1938.0	15.0	99.0	5.0	12.0	3.0	
782.0	0.0	2.0	1923.0	1923.0	1938.0	15.0	82.0	5.0	6.0	2.0	
783.0	0.0	2.0	1923.0	1923.0	1938.0	15.0	85.0	5.0	3.0	5.0	
784.0	0.0	2.0	1923.0	1923.0	1938.0	15.0	89.0	5.0	14.0	2.0	
785.0	0.0	2.0	1923.0	1923.0	1938.0	15.0	91.0	5.0	9.0	5.0	
786.0	0.0	2.0	1923.0	1923.0	1938.0	15.0	95.0	5.0	8.0	5.0	
787.0	0.0	2.0	1923.0	1923.0	1938.0	15.0	97.0	5.0	9.0	3.0	
788.0	0.0	2.0	1923.0	1923.0	1938.0	15.0	100.0	5.0	14.0	1.0	
789.0	0.0	2.0	1923.0	1923.0	1938.0	15.0	83.0	5.0	5.0	1.0	
790.0	0.0	2.0	1923.0	1923.0	1938.0	15.0	87.0	5.0	5.0	5.0	
791.0	0.0	2.0	1923.0	1923.0	1938.0	15.0	89.0	5.0	14.0	2.0	
792.0	0.0	2.0	1923.0	1923.0	1938.0	15.0	92.0	5.0	10.0	4.0	
793.0	0.0	2.0	1923.0	1923.0	1938.0	15.0	95.0	5.0	8.0	5.0	
794.0	0.0	2.0	1923.0	1923.0	1938.0	15.0	98.0	5.0	15.0	2.0	
795.0	0.0	2.0	1923.0	1923.0	1938.0	15.0	81.0	5.0	3.0	4.0	
796.0	0.0	2.0	1923.0	1923.0	1938.0	15.0	85.0	5.0	3.0	5.0	
797.0	0.0	2.0	1923.0	1923.0	1938.0	15.0	89.0	5.0	14.0	2.0	
798.0	0.0	2.0	1923.0	1923.0	1938.0	15.0	90.0	5.0	4.0	1.0	
799.0	0.0	2.0	1923.0	1923.0	1938.0	15.0	93.0	5.0	4.0	5.0	
800.0	0.0	2.0	1923.0	1923.0	1938.0	15.0	97.0	5.0	9.0	3.0	
801.0	0.0	2.0	1923.0	1923.0	1938.0	15.0	99.0	5.0	12.0	3.0	
802.0	0.0	2.0	1923.0	1923.0	1938.0	15.0	82.0	5.0	6.0	2.0	
803.0	0.0	2.0	1929.0	1929.0	1944.0	15.0	86.0	5.0	15.0	4.0	
804.0	0.0	2.0	1923.0	1923.0	1938.0	15.0	89.0	5.0	14.0	2.0	
805.0	0.0	2.0	1923.0	1923.0	1938.0	15.0	91.0	5.0	9.0	5.0	
806.0	1.0	2.0	1912.0	1912.0	1929.0	17.0	50.0	3.0	9.0	1.0	
807.0	0.0	2.0	1923.0	1923.0	1938.0	15.0	97.0	5.0	9.0	3.0	
808.0	0.0	2.0	1923.0	1923.0	1938.0	15.0	100.0	5.0	14.0	1.0	
809.0	0.0	2.0	1923.0	1923.0	1938.0	15.0	83.0	5.0	5.0	1.0	
810.0	0.0	2.0	1929.0	1929.0	1944.0	15.0	88.0	5.0	4.0	3.0	
811.0	0.0	2.0	1923.0	1923.0	1938.0	15.0	89.0	5.0	14.0	2.0	
812.0	0.0	2.0	1923.0	1923.0	1938.0	15.0	92.0	5.0	10.0	4.0	
813.0	0.0	2.0	1929.0	1929.0	1944.0	15.0	95.0	5.0	8.0	5.0	
814.0	1.0	2.0	1920.0	1920.0	1937.0	17.0	48.0	3.0	13.0	4.0	
815.0	0.0	2.0	1929.0	1929.0	1944.0	15.0	82.0	5.0	6.0	2.0	
816.0	0.0	2.0	1929.0	1929.0	1944.0	15.0	84.0	5.0	12.0	2.0	
817.0	1.0	2.0	1912.0	1912.0	1929.0	17.0	57.0	3.0	14.0	3.0	
818.0	0.0	2.0	1923.0	1923.0	1938.0	15.0	90.0	5.0	4.0	1.0	
819.0	0.0	2.0	1923.0	1923.0	1938.0	15.0	93.0	5.0	4.0	5.0	
820.0	0.0	2.0	1923.0	1923.0	1938.0	15.0	98.0	5.0	15.0	2.0	
821.0	0.0	2.0	1923.0	1923.0	1938.0	15.0	99.0	5.0	12.0	3.0	
822.0	0.0	2.0	1929.0	1929.0	1944.0	15.0	83.0	5.0	5.0	1.0	
823.0	1.0	2.0	1924.0	1924.0	1941.0	17.0	22.0	2.0	6.0	2.0	
824.0	0.0	2.0	1929.0	1929.0	1944.0	15.0	88.0	5.0	4.0	3.0	
825.0	0.0	2.0	1923.0	1923.0	1938.0	15.0	91.0	5.0	9.0	5.0	
826.0	0.0	2.0	1931.0	1931.0	1946.0	15.0	94.0	5.0	13.0	1.0	
827.0	0.0	2.0	1923.0	1923.0	1938.0	15.0	98.0	5.0	15.0	2.0	
828.0	0.0	2.0	1931.0	1931.0	1946.0	15.0	82.0	5.0	6.0	2.0	
829.0	1.0	2.0	1924.0	1924.0	1941.0	17.0	30.0	2.0	14.0	1.0	
830.0	0.0	2.0	1913.0	1913.0	1928.0	15.0	88.0	5.0	4.0	3.0	
831.0	0.0	2.0	1929.0	1929.0	1944.0	15.0	90.0	5.0	4.0	1.0	
832.0	0.0	2.0	1929.0	1929.0	1944.0	15.0	92.0	5.0	10.0	4.0	
833.0	0.0	2.0	1935.0	1935.0	1950.0	15.0	96.0	5.0	15.0	3.0	
834.0	0.0	2.0	1929.0	1929.0	1944.0	15.0	99.0	5.0	12.0	3.0	
835.0	0.0	2.0	1929.0	1929.0	1944.0	15.0	83.0	5.0	5.0	1.0	
836.0	0.0	2.0	1929.0	1929.0	1944.0	15.0	85.0	5.0	3.0	5.0	
837.0	0.0	2.0	1933.0	1933.0	1948.0	15.0	87.0	5.0	5.0	5.0	
838.0	0.0	2.0	1931.0	1931.0	1946.0	15.0	90.0	5.0	4.0	1.0	
839.0	0.0	2.0	1929.0	1929.0	1944.0	15.0	93.0	5.0	4.0	5.0	
840.0	0.0	2.0	1908.0	1908.0	1923.0	15.0	96.0	5.0	15.0	3.0	
841.0	0.0	2.0	1908.0	1908.0	1923.0	15.0	99.0	5.0	12.0	3.0	
842.0	1.0	2.0	1929.0	1929.0	1946.0	17.0	57.0	3.0	14.0	3.0	
843.0	0.0	2.0	1908.0	1908.0	1923.0	15.0	85.0	5.0	3.0	5.0	
844.0	0.0	2.0	1935.0	1935.0	1950.0	15.0	88.0	5.0	4.0	3.0	
845.0	1.0	2.0	1931.0	1931.0	1948.0	17.0	61.0	4.0	12.0	4.0	
846.0	0.0	2.0	1908.0	1908.0	1923.0	15.0	94.0	5.0	13.0	1.0	
847.0	0.0	2.0	1908.0	1908.0	1923.0	15.0	97.0	5.0	9.0	3.0	
848.0	0.0	2.0	1908.0	1908.0	1923.0	15.0	100.0	5.0	14.0	1.0	
849.0	0.0	2.0	1908.0	1908.0	1923.0	15.0	83.0	5.0	5.0	1.0	
850.0	0.0	2.0	1908.0	1908.0	1923.0	15.0	86.0	5.0	15.0	4.0	
851.0	0.0	2.0	1908.0	1908.0	1923.0	15.0	89.0	5.0	14.0	2.0	
852.0	0.0	2.0	1908.0	1908.0	1923.0	15.0	92.0	5.0	10.0	4.0	
853.0	0.0	2.0	1908.0	1908.0	1923.0	15.0	95.0	5.0	8.0	5.0	
854.0	0.0	2.0	1908.0	1908.0	1923.0	15.0	98.0	5.0	15.0	2.0	
855.0	0.0	2.0	1908.0	1908.0	1923.0	15.0	81.0	5.0	3.0	4.0	
856.0	0.0	2.0	1908.0	1908.0	1923.0	15.0	85.0	5.0	3.0	5.0	
857.0	0.0	2.0	1908.0	1908.0	1923.0	15.0	88.0	5.0	4.0	3.0	
858.0	0.0	2.0	1908.0	1908.0	1923.0	15.0	90.0	5.0	4.0	1.0	
859.0	0.0	2.0	1908.0	1908.0	1923.0	15.0	95.0	5.0	8.0	5.0	
860.0	0.0	2.0	1908.0	1908.0	1923.0	15.0	96.0	5.0	15.0	3.0	
861.0	0.0	2.0	1908.0	1908.0	1923.0	15.0	99.0	5.0	12.0	3.0	
862.0	0.0	2.0	1908.0	1908.0	1923.0	15.0	82.0	5.0	6.0	2.0	
863.0	0.0	2.0	1908.0	1908.0	1923.0	15.0	87.0	5.0	5.0	5.0	
864.0	0.0	2.0	1908.0	1908.0	1923.0	15.0	89.0	5.0	14.0	2.0	
865.0	0.0	2.0	1908.0	1908.0	1923.0	15.0	91.0	5.0	9.0	5.0	
866.0	0.0	2.0	1935.0	1935.0	1950.0	15.0	96.0	5.0	15.0	3.0	
867.0	0.0	2.0	1908.0	1908.0	1923.0	15.0	99.0	5.0	12.0	3.0	
868.0	0.0	2.0	1908.0	1908.0	1923.0	15.0	100.0	5.0	14.0	1.0	
869.0	0.0	2.0	1908.0	1908.0	1923.0	15.0	83.0	5.0	5.0	1.0	
870.0	0.0	2.0	1935.0	1935.0	1950.0	15.0	86.0	5.0	15.0	4.0	
871.0	0.0	2.0	1908.0	1908.0	1923.0	15.0	89.0	5.0	14.0	2.0	
872.0	0.0	2.0	1908.0	1908.0	1923.0	15.0	92.0	5.0	10.0	4.0	
873.0	0.0	2.0	1908.0	1908.0	1923.0	15.0	97.0	5.0	9.0	3.0	
874.0	0.0	2.0	1935.0	1935.0	1950.0	15.0	100.0	5.0	14.0	1.0	
875.0	0.0	2.0	1908.0	1908.0	1923.0	15.0	82.0	5.0	6.0	2.0	
876.0	0.0	2.0	1908.0	1908.0	1923.0	15.0	85.0	5.0	3.0	5.0	
877.0	0.0	2.0	1935.0	1935.0	1950.0	15.0	87.0	5.0	5.0	5.0	
878.0	0.0	2.0	1908.0	1908.0	1923.0	15.0	90.0	5.0	4.0	1.0	
879.0	0.0	2.0	1908.0	1908.0	1923.0	15.0	93.0	5.0	4.0	5.0	
880.0	0.0	2.0	1937.0	1937.0	1952.0	15.0	97.0	5.0	9.0	3.0	
881.0	0.0	2.0	1908.0	1908.0	1923.0	15.0	81.0	5.0	3.0	4.0	
882.0	0.0	2.0	1908.0	1908.0	1923.0	15.0	82.0	5.0	6.0	2.0	
883.0	0.0	2.0	1935.0	1935.0	1950.0	15.0	85.0	5.0	3.0	5.0	
884.0	0.0	2.0	1908.0	1908.0	1923.0	15.0	89.0	5.0	14.0	2.0	
885.0	0.0	2.0	1908.0	1908.0	1923.0	15.0	91.0	5.0	9.0	5.0	
886.0	0.0	2.0	1908.0	1908.0	1923.0	15.0	94.0	5.0	13.0	1.0	
887.0	0.0	2.0	1908.0	1908.0	1923.0	15.0	97.0	5.0	9.0	3.0	
888.0	0.0	2.0	1931.0	1931.0	1946.0	15.0	82.0	5.0	6.0	2.0	
889.0	0.0	2.0	1934.0	1934.0	1949.0	15.0	83.0	5.0	5.0	1.0	
890.0	1.0	2.0	1931.0	1931.0	1948.0	17.0	25.0	2.0	12.0	2.0	
891.0	0.0	2.0	1908.0	1908.0	1923.0	15.0	90.0	5.0	4.0	1.0	
892.0	0.0	2.0	1908.0	1908.0	1923.0	15.0	93.0	5.0	4.0	5.0	
893.0	0.0	2.0	1937.0	1937.0	1952.0	15.0	97.0	5.0	9.0	3.0	
894.0	0.0	2.0	1935.0	1935.0	1950.0	15.0	100.0	5.0	14.0	1.0	
895.0	0.0	2.0	1935.0	1935.0	1950.0	15.0	81.0	5.0	3.0	4.0	
896.0	0.0	2.0	1935.0	1935.0	1950.0	15.0	84.0	5.0	12.0	2.0	
897.0	1.0	2.0	1926.0	1926.0	1943.0	17.0	57.0	3.0	14.0	3.0	
898.0	0.0	2.0	1908.0	1908.0	1923.0	15.0	91.0	5.0	9.0	5.0	
899.0	0.0	2.0	1908.0	1908.0	1923.0	15.0	94.0	5.0	13.0	1.0	
900.0	0.0	2.0	1937.0	1937.0	1952.0	15.0	97.0	5.0	9.0	3.0	
901.0	0.0	2.0	1937.0	1937.0	1952.0	15.0	100.0	5.0	14.0	1.0	
902.0	1.0	2.0	1926.0	1926.0	1943.0	17.0	11.0	1.0	4.0	4.0	
903.0	0.0	2.0	1935.0	1935.0	1950.0	15.0	85.0	5.0	3.0	5.0	
904.0	0.0	2.0	1895.0	1895.0	1910.0	15.0	88.0	5.0	4.0	3.0	
905.0	0.0	2.0	1935.0	1935.0	1950.0	15.0	92.0	5.0	10.0	4.0	
906.0	1.0	2.0	1895.0	1895.0	1912.0	17.0	90.0	5.0	4.0	1.0	
907.0	1.0	2.0	1913.0	1913.0	1930.0	17.0	69.0	4.0	12.0	2.0	
908.0	0.0	2.0	1938.0	1938.0	1953.0	15.0	100.0	5.0	14.0	1.0	
909.0	0.0	2.0	1935.0	1935.0	1950.0	15.0	84.0	5.0	12.0	2.0	
910.0	0.0	2.0	1935.0	1935.0	1950.0	15.0	86.0	5.0	15.0	4.0	
911.0	0.0	2.0	1935.0	1935.0	1950.0	15.0	90.0	5.0	4.0	1.0	
912.0	0.0	2.0	1935.0	1935.0	1950.0	15.0	92.0	5.0	10.0	4.0	
913.0	1.0	2.0	1938.0	1939.0	1956.0	17.0	87.0	5.0	5.0	5.0	
914.0	0.0	2.0	1914.0	1914.0	1929.0	15.0	69.0	4.0	12.0	2.0	
915.0	0.0	2.0	1924.0	1924.0	1939.0	15.0	74.0	4.0	1.0	3.0	
916.0	0.0	2.0	1908.0	1908.0	1923.0	15.0	75.0	4.0	8.0	5.0	
917.0	0.0	2.0	1906.0	1906.0	1921.0	15.0	80.0	4.0	3.0	1.0	
918.0	0.0	2.0	1931.0	1931.0	1946.0	15.0	63.0	4.0	15.0	1.0	
919.0	1.0	2.0	1935.0	1935.0	1952.0	17.0	86.0	5.0	15.0	4.0	
920.0	0.0	2.0	1931.0	1931.0	1946.0	15.0	68.0	4.0	5.0	3.0	
921.0	0.0	2.0	1937.0	1937.0	1952.0	15.0	71.0	4.0	11.0	3.0	
922.0	0.0	2.0	1923.0	1923.0	1938.0	15.0	75.0	4.0	8.0	5.0	
923.0	0.0	2.0	1924.0	1924.0	1939.0	15.0	76.0	4.0	6.0	4.0	
924.0	0.0	2.0	1906.0	1906.0	1921.0	15.0	79.0	4.0	7.0	3.0	
925.0	0.0	2.0	1939.0	1939.0	1954.0	15.0	63.0	4.0	15.0	1.0	
926.0	1.0	2.0	1919.0	1919.0	1936.0	17.0	26.0	2.0	1.0	2.0	
927.0	1.0	2.0	1924.0	1924.0	1941.0	17.0	65.0	4.0	11.0	2.0	
928.0	0.0	2.0	1935.0	1935.0	1950.0	15.0	73.0	4.0	13.0	3.0	
929.0	0.0	2.0	1935.0	1935.0	1950.0	15.0	76.0	4.0	6.0	4.0	
930.0	1.0	2.0	1887.0	1887.0	1904.0	17.0	88.0	5.0	4.0	3.0	
931.0	0.0	2.0	1918.0	1918.0	1933.0	15.0	80.0	4.0	3.0	1.0	
932.0	0.0	2.0	1937.0	1937.0	1952.0	15.0	65.0	4.0	11.0	2.0	
933.0	1.0	2.0	1924.0	1924.0	1941.0	17.0	37.0	2.0	5.0	2.0	
934.0	1.0	2.0	1935.0	1935.0	1952.0	17.0	58.0	3.0	11.0	4.0	
935.0	1.0	2.0	1914.0	1914.0	1931.0	17.0	59.0	3.0	9.0	4.0	
936.0	0.0	2.0	1931.0	1931.0	1946.0	15.0	77.0	4.0	8.0	2.0	
937.0	0.0	2.0	1918.0	1918.0	1933.0	15.0	80.0	4.0	3.0	1.0	
938.0	1.0	2.0	1938.0	1939.0	1956.0	17.0	83.0	5.0	5.0	1.0	
939.0	1.0	2.0	1935.0	1935.0	1952.0	17.0	94.0	5.0	13.0	1.0	
940.0	0.0	2.0	1935.0	1935.0	1950.0	15.0	67.0	4.0	3.0	3.0	
941.0	0.0	2.0	1924.0	1924.0	1939.0	15.0	71.0	4.0	11.0	3.0	
942.0	0.0	2.0	1918.0	1918.0	1933.0	15.0	73.0	4.0	13.0	3.0	
943.0	0.0	2.0	1924.0	1924.0	1939.0	15.0	78.0	4.0	8.0	1.0	
944.0	0.0	2.0	1935.0	1935.0	1950.0	15.0	79.0	4.0	7.0	3.0	
945.0	1.0	2.0	1937.0	1937.0	1954.0	17.0	87.0	5.0	5.0	5.0	
946.0	0.0	2.0	1924.0	1924.0	1939.0	15.0	65.0	4.0	11.0	2.0	
947.0	0.0	2.0	1937.0	1937.0	1952.0	15.0	68.0	4.0	5.0	3.0	
948.0	1.0	2.0	1937.0	1937.0	1954.0	17.0	77.0	4.0	8.0	2.0	
949.0	1.0	2.0	1926.0	1926.0	1943.0	17.0	41.0	3.0	15.0	4.0	
950.0	1.0	2.0	1910.0	1910.0	1927.0	17.0	88.0	5.0	4.0	3.0	
951.0	1.0	2.0	1938.0	1938.0	1955.0	17.0	93.0	5.0	4.0	5.0	
952.0	1.0	2.0	1937.0	1937.0	1954.0	17.0	48.0	3.0	13.0	4.0	
953.0	0.0	2.0	1939.0	1939.0	1954.0	15.0	66.0	4.0	12.0	5.0	
954.0	1.0	2.0	1939.0	1939.0	1956.0	17.0	72.0	4.0	11.0	2.0	
955.0	0.0	2.0	1939.0	1939.0	1954.0	15.0	73.0	4.0	13.0	3.0	
956.0	0.0	2.0	1937.0	1937.0	1952.0	15.0	76.0	4.0	6.0	4.0	
957.0	0.0	2.0	1936.0	1936.0	1951.0	15.0	79.0	4.0	7.0	3.0	
958.0	0.0	2.0	1939.0	1939.0	1954.0	15.0	62.0	4.0	7.0	4.0	
959.0	0.0	2.0	1939.0	1939.0	1954.0	15.0	65.0	4.0	11.0	2.0	
960.0	1.0	2.0	1938.0	1938.0	1955.0	17.0	97.0	5.0	9.0	3.0	
961.0	0.0	2.0	1939.0	1939.0	1955.0	16.0	70.0	4.0	11.0	5.0	
962.0	0.0	2.0	1939.0	1939.0	1955.0	16.0	74.0	4.0	1.0	3.0	
963.0	0.0	2.0	1939.0	1939.0	1954.0	15.0	76.0	4.0	6.0	4.0	
964.0	0.0	2.0	1939.0	1939.0	1955.0	16.0	80.0	4.0	3.0	1.0	
965.0	0.0	2.0	1939.0	1939.0	1954.0	15.0	64.0	4.0	4.0	2.0	
966.0	0.0	2.0	1939.0	1939.0	1954.0	15.0	66.0	4.0	12.0	5.0	
967.0	1.0	2.0	1935.0	1935.0	1952.0	17.0	91.0	5.0	9.0	5.0	
968.0	0.0	2.0	1897.0	1897.0	1912.0	15.0	73.0	4.0	13.0	3.0	
969.0	0.0	2.0	1897.0	1897.0	1912.0	15.0	74.0	4.0	1.0	3.0	
970.0	1.0	2.0	1938.0	1938.0	1955.0	17.0	93.0	5.0	4.0	5.0	
971.0	1.0	2.0	1938.0	1939.0	1956.0	17.0	93.0	5.0	4.0	5.0	
972.0	1.0	2.0	1935.0	1935.0	1952.0	17.0	26.0	2.0	1.0	2.0	
973.0	0.0	2.0	1939.0	1939.0	1954.0	15.0	68.0	4.0	5.0	3.0	
974.0	0.0	2.0	1941.0	1941.0	1956.0	15.0	70.0	4.0	11.0	5.0	
975.0	1.0	2.0	1931.0	1931.0	1948.0	17.0	98.0	5.0	15.0	2.0	
976.0	1.0	2.0	1938.0	1938.0	1955.0	17.0	87.0	5.0	5.0	5.0	
977.0	0.0	2.0	1941.0	1941.0	1956.0	15.0	78.0	4.0	8.0	1.0	
978.0	0.0	2.0	1941.0	1941.0	1956.0	15.0	62.0	4.0	7.0	4.0	
979.0	0.0	2.0	1941.0	1941.0	1956.0	15.0	65.0	4.0	11.0	2.0	
980.0	0.0	2.0	1879.0	1879.0	1894.0	15.0	67.0	4.0	3.0	3.0	
981.0	0.0	2.0	1941.0	1941.0	1956.0	15.0	71.0	4.0	11.0	3.0	
982.0	0.0	2.0	1945.0	1945.0	1960.0	15.0	75.0	4.0	8.0	5.0	
983.0	0.0	2.0	1939.0	1939.0	1954.0	15.0	77.0	4.0	8.0	2.0	
984.0	1.0	2.0	1919.0	1919.0	1936.0	17.0	3.0	1.0	6.0	4.0	
985.0	1.0	2.0	1938.0	1939.0	1956.0	17.0	94.0	5.0	13.0	1.0	
986.0	1.0	2.0	1936.0	1936.0	1953.0	17.0	3.0	1.0	6.0	4.0	
987.0	0.0	2.0	1939.0	1939.0	1955.0	16.0	68.0	4.0	5.0	3.0	
988.0	0.0	2.0	1939.0	1939.0	1954.0	15.0	72.0	4.0	11.0	2.0	
989.0	0.0	2.0	1939.0	1939.0	1954.0	15.0	75.0	4.0	8.0	5.0	
990.0	1.0	2.0	1938.0	1938.0	1955.0	17.0	91.0	5.0	9.0	5.0	
991.0	0.0	2.0	1939.0	1939.0	1954.0	15.0	61.0	4.0	12.0	4.0	
992.0	1.0	2.0	1897.0	1897.0	1914.0	17.0	34.0	2.0	14.0	1.0	
993.0	0.0	2.0	1941.0	1941.0	1956.0	15.0	67.0	4.0	3.0	3.0	
994.0	1.0	2.0	1941.0	1941.0	1958.0	17.0	68.0	4.0	5.0	3.0	
995.0	0.0	2.0	1939.0	1939.0	1954.0	15.0	72.0	4.0	11.0	2.0	
996.0	0.0	2.0	1939.0	1939.0	1954.0	15.0	75.0	4.0	8.0	5.0	
997.0	0.0	2.0	1939.0	1939.0	1954.0	15.0	78.0	4.0	8.0	1.0	
998.0	1.0	2.0	1939.0	1939.0	1956.0	17.0	96.0	5.0	15.0	3.0	
999.0	1.0	2.0	1937.0	1937.0	1954.0	17.0	55.0	3.0	6.0	4.0	
1000.0	0.0	2.0	1941.0	1941.0	1956.0	15.0	67.0	4.0	3.0	3.0	
1001.0	1.0	2.0	1937.0	1937.0	1954.0	17.0	2.0	1.0	14.0	1.0	
1002.0	0.0	2.0	1950.0	1950.0	1965.0	15.0	74.0	4.0	1.0	3.0	
1003.0	0.0	2.0	1941.0	1941.0	1956.0	15.0	78.0	4.0	8.0	1.0	
1004.0	1.0	2.0	1938.0	1938.0	1955.0	17.0	100.0	5.0	14.0	1.0	
1005.0	0.0	2.0	1939.0	1939.0	1954.0	15.0	62.0	4.0	7.0	4.0	
1006.0	0.0	2.0	1941.0	1941.0	1956.0	15.0	65.0	4.0	11.0	2.0	
1007.0	0.0	2.0	1941.0	1941.0	1956.0	15.0	70.0	4.0	11.0	5.0	
1008.0	0.0	2.0	1941.0	1941.0	1956.0	15.0	72.0	4.0	11.0	2.0	
1009.0	1.0	2.0	1941.0	1941.0	1958.0	17.0	37.0	2.0	5.0	2.0	
1010.0	0.0	2.0	1941.0	1941.0	1956.0	15.0	78.0	4.0	8.0	1.0	
1011.0	0.0	2.0	1939.0	1939.0	1954.0	15.0	80.0	4.0	3.0	1.0	
1012.0	1.0	2.0	1931.0	1931.0	1948.0	17.0	82.0	5.0	6.0	2.0	
1013.0	0.0	2.0	1943.0	1943.0	1958.0	15.0	66.0	4.0	12.0	5.0	
1014.0	0.0	2.0	1945.0	1945.0	1960.0	15.0	71.0	4.0	11.0	3.0	
1015.0	1.0	2.0	1937.0	1937.0	1954.0	17.0	30.0	2.0	14.0	1.0	
1016.0	0.0	2.0	1946.0	1946.0	1961.0	15.0	77.0	4.0	8.0	2.0	
1017.0	1.0	2.0	1944.0	1944.0	1961.0	17.0	93.0	5.0	4.0	5.0	
1018.0	0.0	2.0	1941.0	1941.0	1956.0	15.0	63.0	4.0	15.0	1.0	
1019.0	1.0	2.0	1938.0	1938.0	1955.0	17.0	96.0	5.0	15.0	3.0	
1020.0	1.0	2.0	1925.0	1925.0	1942.0	17.0	54.0	3.0	10.0	5.0	
1021.0	1.0	2.0	1941.0	1941.0	1958.0	17.0	29.0	2.0	2.0	5.0	
1022.0	0.0	2.0	1952.0	1952.0	1967.0	15.0	73.0	4.0	13.0	3.0	
1023.0	1.0	2.0	1938.0	1938.0	1955.0	17.0	90.0	5.0	4.0	1.0	
1024.0	0.0	2.0	1945.0	1945.0	1960.0	15.0	80.0	4.0	3.0	1.0	
1025.0	0.0	2.0	1941.0	1941.0	1956.0	15.0	63.0	4.0	15.0	1.0	
1026.0	0.0	2.0	1941.0	1941.0	1956.0	15.0	65.0	4.0	11.0	2.0	
1027.0	0.0	2.0	1946.0	1946.0	1961.0	15.0	68.0	4.0	5.0	3.0	
1028.0	1.0	2.0	1945.0	1945.0	1962.0	17.0	94.0	5.0	13.0	1.0	
1029.0	0.0	2.0	1950.0	1950.0	1965.0	15.0	76.0	4.0	6.0	4.0	
1030.0	1.0	2.0	1938.0	1938.0	1955.0	17.0	94.0	5.0	13.0	1.0	
1031.0	0.0	2.0	1947.0	1947.0	1962.0	15.0	62.0	4.0	7.0	4.0	
1032.0	1.0	2.0	1943.0	1943.0	1960.0	17.0	51.0	3.0	2.0	3.0	
1033.0	0.0	2.0	1950.0	1950.0	1965.0	15.0	67.0	4.0	3.0	3.0	
1034.0	1.0	2.0	1942.0	1942.0	1959.0	17.0	94.0	5.0	13.0	1.0	
1035.0	1.0	2.0	1938.0	1939.0	1956.0	17.0	88.0	5.0	4.0	3.0	
1036.0	0.0	2.0	1950.0	1950.0	1965.0	15.0	76.0	4.0	6.0	4.0	
1037.0	0.0	2.0	1950.0	1950.0	1965.0	15.0	78.0	4.0	8.0	1.0	
1038.0	1.0	2.0	1938.0	1938.0	1955.0	17.0	96.0	5.0	15.0	3.0	
1039.0	1.0	2.0	1950.0	1950.0	1967.0	17.0	88.0	5.0	4.0	3.0	
1040.0	1.0	2.0	1941.0	1941.0	1958.0	17.0	38.0	2.0	5.0	5.0	
1041.0	0.0	2.0	1947.0	1947.0	1962.0	15.0	71.0	4.0	11.0	3.0	
1042.0	1.0	2.0	1950.0	1950.0	1967.0	17.0	81.0	5.0	3.0	4.0	
1043.0	0.0	2.0	1952.0	1952.0	1967.0	15.0	76.0	4.0	6.0	4.0	
1044.0	1.0	2.0	1950.0	1950.0	1967.0	17.0	87.0	5.0	5.0	5.0	
1045.0	0.0	2.0	1952.0	1952.0	1967.0	15.0	62.0	4.0	7.0	4.0	
1046.0	0.0	2.0	1952.0	1952.0	1967.0	15.0	65.0	4.0	11.0	2.0	
1047.0	0.0	2.0	1947.0	1947.0	1962.0	15.0	70.0	4.0	11.0	5.0	
1048.0	1.0	2.0	1939.0	1939.0	1956.0	17.0	91.0	5.0	9.0	5.0	
1049.0	1.0	2.0	1948.0	1948.0	1965.0	17.0	87.0	5.0	5.0	5.0	
1050.0	1.0	2.0	1938.0	1938.0	1955.0	17.0	99.0	5.0	12.0	3.0	
1051.0	0.0	2.0	1950.0	1950.0	1965.0	15.0	80.0	4.0	3.0	1.0	
1052.0	0.0	2.0	1937.0	1937.0	1952.0	15.0	64.0	4.0	4.0	2.0	
1053.0	0.0	2.0	1937.0	1937.0	1952.0	15.0	68.0	4.0	5.0	3.0	
1054.0	0.0	2.0	1937.0	1937.0	1952.0	15.0	71.0	4.0	11.0	3.0	
1055.0	0.0	2.0	1937.0	1937.0	1952.0	15.0	73.0	4.0	13.0	3.0	
1056.0	0.0	2.0	1902.0	1902.0	1917.0	15.0	75.0	4.0	8.0	5.0	
1057.0	0.0	2.0	1950.0	1950.0	1965.0	15.0	79.0	4.0	7.0	3.0	
1058.0	0.0	2.0	1937.0	1937.0	1952.0	15.0	62.0	4.0	7.0	4.0	
1059.0	1.0	2.0	1944.0	1944.0	1961.0	17.0	83.0	5.0	5.0	1.0	
1060.0	1.0	2.0	1880.0	1880.0	1897.0	17.0	73.0	4.0	13.0	3.0	
1061.0	0.0	2.0	1947.0	1947.0	1962.0	15.0	71.0	4.0	11.0	3.0	
1062.0	0.0	2.0	1937.0	1937.0	1952.0	15.0	74.0	4.0	1.0	3.0	
1063.0	1.0	2.0	1946.0	1946.0	1963.0	17.0	95.0	5.0	8.0	5.0	
1064.0	1.0	2.0	1943.0	1943.0	1960.0	17.0	45.0	3.0	5.0	4.0	
1065.0	0.0	2.0	1937.0	1937.0	1952.0	15.0	63.0	4.0	15.0	1.0	
1066.0	1.0	2.0	1938.0	1938.0	1955.0	17.0	83.0	5.0	5.0	1.0	
1067.0	1.0	2.0	1944.0	1944.0	1961.0	17.0	93.0	5.0	4.0	5.0	
1068.0	1.0	2.0	1937.0	1937.0	1954.0	17.0	46.0	3.0	14.0	3.0	
1069.0	1.0	2.0	1943.0	1943.0	1960.0	17.0	84.0	5.0	12.0	2.0	
1070.0	1.0	2.0	1938.0	1938.0	1955.0	17.0	84.0	5.0	12.0	2.0	
1071.0	0.0	2.0	1953.0	1953.0	1968.0	15.0	80.0	4.0	3.0	1.0	
1072.0	1.0	2.0	1938.0	1938.0	1955.0	17.0	85.0	5.0	3.0	5.0	
1073.0	1.0	2.0	1937.0	1937.0	1954.0	17.0	15.0	1.0	11.0	1.0	
1074.0	1.0	2.0	1944.0	1944.0	1961.0	17.0	88.0	5.0	4.0	3.0	
1075.0	1.0	2.0	1950.0	1950.0	1967.0	17.0	96.0	5.0	15.0	3.0	
1076.0	0.0	2.0	1953.0	1954.0	1969.0	15.0	75.0	4.0	8.0	5.0	
1077.0	1.0	2.0	1950.0	1950.0	1967.0	17.0	90.0	5.0	4.0	1.0	
1078.0	0.0	2.0	1954.0	1954.0	1969.0	15.0	63.0	4.0	15.0	1.0	
1079.0	0.0	2.0	1952.0	1952.0	1967.0	15.0	64.0	4.0	4.0	2.0	
1080.0	1.0	2.0	1950.0	1950.0	1967.0	17.0	100.0	5.0	14.0	1.0	
1081.0	0.0	2.0	1947.0	1947.0	1962.0	15.0	70.0	4.0	11.0	5.0	
1082.0	0.0	2.0	1952.0	1952.0	1967.0	15.0	74.0	4.0	1.0	3.0	
1083.0	0.0	2.0	1954.0	1954.0	1969.0	15.0	76.0	4.0	6.0	4.0	
1084.0	1.0	2.0	1943.0	1943.0	1960.0	17.0	89.0	5.0	14.0	2.0	
1085.0	1.0	2.0	1954.0	1954.0	1971.0	17.0	71.0	4.0	11.0	3.0	
1086.0	1.0	2.0	1952.0	1952.0	1969.0	17.0	91.0	5.0	9.0	5.0	
1087.0	0.0	2.0	1952.0	1952.0	1967.0	15.0	68.0	4.0	5.0	3.0	
1088.0	0.0	2.0	1952.0	1952.0	1967.0	15.0	72.0	4.0	11.0	2.0	
1089.0	1.0	2.0	1872.0	1872.0	1889.0	17.0	96.0	5.0	15.0	3.0	
1090.0	1.0	2.0	1944.0	1944.0	1961.0	17.0	84.0	5.0	12.0	2.0	
1091.0	0.0	2.0	1954.0	1954.0	1969.0	15.0	80.0	4.0	3.0	1.0	
1092.0	1.0	2.0	1954.0	1954.0	1971.0	17.0	46.0	3.0	14.0	3.0	
1093.0	0.0	2.0	1952.0	1952.0	1967.0	15.0	68.0	4.0	5.0	3.0	
1094.0	1.0	2.0	1935.0	1935.0	1952.0	17.0	94.0	5.0	13.0	1.0	
1095.0	0.0	2.0	1937.0	1937.0	1952.0	15.0	74.0	4.0	1.0	3.0	
1096.0	1.0	2.0	1878.0	1878.0	1895.0	17.0	84.0	5.0	12.0	2.0	
1097.0	1.0	2.0	1931.0	1931.0	1948.0	17.0	9.0	1.0	15.0	5.0	
1098.0	1.0	2.0	1952.0	1952.0	1969.0	17.0	47.0	3.0	15.0	5.0	
1099.0	0.0	2.0	1954.0	1954.0	1969.0	15.0	66.0	4.0	12.0	5.0	
1100.0	0.0	2.0	1952.0	1952.0	1967.0	15.0	68.0	4.0	5.0	3.0	
1101.0	0.0	2.0	1952.0	1952.0	1967.0	15.0	71.0	4.0	11.0	3.0	
1102.0	1.0	2.0	1920.0	1920.0	1937.0	17.0	97.0	5.0	9.0	3.0	
1103.0	1.0	2.0	1954.0	1954.0	1971.0	17.0	74.0	4.0	1.0	3.0	
1104.0	0.0	2.0	1951.0	1951.0	1967.0	16.0	79.0	4.0	7.0	3.0	
1105.0	0.0	2.0	1954.0	1954.0	1969.0	15.0	62.0	4.0	7.0	4.0	
1106.0	0.0	2.0	1954.0	1954.0	1969.0	15.0	67.0	4.0	3.0	3.0	
1107.0	1.0	2.0	1949.0	1949.0	1966.0	17.0	52.0	3.0	4.0	3.0	
1108.0	0.0	2.0	1954.0	1954.0	1969.0	15.0	73.0	4.0	13.0	3.0	
1109.0	0.0	2.0	1954.0	1954.0	1969.0	15.0	76.0	4.0	6.0	4.0	
1110.0	1.0	2.0	1952.0	1952.0	1969.0	17.0	84.0	5.0	12.0	2.0	
1111.0	0.0	2.0	1954.0	1954.0	1969.0	15.0	80.0	4.0	3.0	1.0	
1112.0	1.0	2.0	1949.0	1949.0	1966.0	17.0	100.0	5.0	14.0	1.0	
1113.0	0.0	2.0	1954.0	1954.0	1969.0	15.0	68.0	4.0	5.0	3.0	
1114.0	0.0	2.0	1954.0	1954.0	1969.0	15.0	69.0	4.0	12.0	2.0	
1115.0	1.0	2.0	1948.0	1948.0	1965.0	17.0	98.0	5.0	15.0	2.0	
1116.0	0.0	2.0	1954.0	1954.0	1969.0	15.0	75.0	4.0	8.0	5.0	
1117.0	1.0	2.0	1954.0	1954.0	1971.0	17.0	75.0	4.0	8.0	5.0	
1118.0	1.0	2.0	1954.0	1954.0	1971.0	17.0	89.0	5.0	14.0	2.0	
1119.0	0.0	2.0	1954.0	1954.0	1970.0	16.0	65.0	4.0	11.0	2.0	
1120.0	0.0	2.0	1923.0	1923.0	1938.0	15.0	67.0	4.0	3.0	3.0	
1121.0	0.0	2.0	1954.0	1954.0	1969.0	15.0	72.0	4.0	11.0	2.0	
1122.0	1.0	2.0	1947.0	1947.0	1964.0	17.0	35.0	2.0	10.0	5.0	
1123.0	1.0	2.0	1947.0	1947.0	1964.0	17.0	89.0	5.0	14.0	2.0	
1124.0	1.0	2.0	1931.0	1931.0	1948.0	17.0	19.0	1.0	13.0	4.0	
1125.0	1.0	2.0	1944.0	1944.0	1961.0	17.0	99.0	5.0	12.0	3.0	
1126.0	0.0	2.0	1954.0	1954.0	1970.0	16.0	66.0	4.0	12.0	5.0	
1127.0	0.0	2.0	1955.0	1955.0	1970.0	15.0	68.0	4.0	5.0	3.0	
1128.0	1.0	2.0	1954.0	1954.0	1971.0	17.0	57.0	3.0	14.0	3.0	
1129.0	0.0	2.0	1954.0	1954.0	1969.0	15.0	75.0	4.0	8.0	5.0	
1130.0	1.0	2.0	1946.0	1946.0	1963.0	17.0	81.0	5.0	3.0	4.0	
1131.0	0.0	2.0	1954.0	1954.0	1969.0	15.0	61.0	4.0	12.0	4.0	
1132.0	0.0	2.0	1958.0	1958.0	1973.0	15.0	65.0	4.0	11.0	2.0	
1133.0	1.0	2.0	1955.0	1956.0	1973.0	17.0	98.0	5.0	15.0	2.0	
1134.0	1.0	2.0	1955.0	1956.0	1973.0	17.0	100.0	5.0	14.0	1.0	
1135.0	0.0	2.0	1954.0	1954.0	1969.0	15.0	73.0	4.0	13.0	3.0	
1136.0	1.0	2.0	1944.0	1944.0	1961.0	17.0	86.0	5.0	15.0	4.0	
1137.0	0.0	2.0	1956.0	1956.0	1971.0	15.0	78.0	4.0	8.0	1.0	
1138.0	0.0	2.0	1955.0	1955.0	1970.0	15.0	61.0	4.0	12.0	4.0	
1139.0	1.0	2.0	1955.0	1955.0	1972.0	17.0	83.0	5.0	5.0	1.0	
1140.0	1.0	2.0	1925.0	1925.0	1942.0	17.0	20.0	1.0	4.0	5.0	
1141.0	1.0	2.0	1954.0	1954.0	1971.0	17.0	95.0	5.0	8.0	5.0	
1142.0	1.0	2.0	1950.0	1950.0	1967.0	17.0	91.0	5.0	9.0	5.0	
1143.0	1.0	2.0	1955.0	1955.0	1972.0	17.0	96.0	5.0	15.0	3.0	
1144.0	1.0	2.0	1955.0	1955.0	1972.0	17.0	97.0	5.0	9.0	3.0	
1145.0	1.0	2.0	1954.0	1954.0	1971.0	17.0	48.0	3.0	13.0	4.0	
1146.0	1.0	2.0	1954.0	1954.0	1971.0	17.0	2.0	1.0	14.0	1.0	
1147.0	1.0	2.0	1902.0	1902.0	1919.0	17.0	3.0	1.0	6.0	4.0	
1148.0	1.0	2.0	1931.0	1931.0	1948.0	17.0	10.0	1.0	15.0	1.0	
1149.0	1.0	2.0	1956.0	1956.0	1973.0	17.0	88.0	5.0	4.0	3.0	
1150.0	1.0	2.0	1952.0	1952.0	1969.0	17.0	58.0	3.0	11.0	4.0	
1151.0	1.0	2.0	1919.0	1919.0	1936.0	17.0	100.0	5.0	14.0	1.0	
1152.0	0.0	2.0	1956.0	1956.0	1971.0	15.0	65.0	4.0	11.0	2.0	
1153.0	1.0	2.0	1955.0	1955.0	1972.0	17.0	84.0	5.0	12.0	2.0	
1154.0	1.0	2.0	1944.0	1944.0	1961.0	17.0	92.0	5.0	10.0	4.0	
1155.0	0.0	2.0	1956.0	1956.0	1971.0	15.0	73.0	4.0	13.0	3.0	
1156.0	1.0	2.0	1937.0	1937.0	1954.0	17.0	34.0	2.0	14.0	1.0	
1157.0	1.0	2.0	1956.0	1956.0	1973.0	17.0	70.0	4.0	11.0	5.0	
1158.0	1.0	2.0	1952.0	1952.0	1969.0	17.0	98.0	5.0	15.0	2.0	
1159.0	1.0	2.0	1954.0	1954.0	1971.0	17.0	57.0	3.0	14.0	3.0	
1160.0	1.0	2.0	1952.0	1952.0	1969.0	17.0	96.0	5.0	15.0	3.0	
1161.0	1.0	2.0	1952.0	1952.0	1969.0	17.0	97.0	5.0	9.0	3.0	
1162.0	1.0	2.0	1954.0	1954.0	1971.0	17.0	52.0	3.0	4.0	3.0	
1163.0	0.0	2.0	1924.0	1924.0	1939.0	15.0	76.0	4.0	6.0	4.0	
1164.0	1.0	2.0	1939.0	1939.0	1956.0	17.0	82.0	5.0	6.0	2.0	
1165.0	0.0	2.0	1956.0	1956.0	1971.0	15.0	62.0	4.0	7.0	4.0	
1166.0	0.0	2.0	1956.0	1956.0	1971.0	15.0	67.0	4.0	3.0	3.0	
1167.0	0.0	2.0	1958.0	1958.0	1973.0	15.0	68.0	4.0	5.0	3.0	
1168.0	0.0	2.0	1956.0	1956.0	1971.0	15.0	72.0	4.0	11.0	2.0	
1169.0	1.0	2.0	1929.0	1929.0	1946.0	17.0	94.0	5.0	13.0	1.0	
1170.0	1.0	2.0	1952.0	1952.0	1969.0	17.0	28.0	2.0	8.0	1.0	
1171.0	1.0	2.0	1956.0	1956.0	1973.0	17.0	60.0	3.0	3.0	3.0	
1172.0	0.0	2.0	1956.0	1956.0	1971.0	15.0	65.0	4.0	11.0	2.0	
1173.0	1.0	2.0	1954.0	1954.0	1971.0	17.0	41.0	3.0	15.0	4.0	
1174.0	1.0	2.0	1958.0	1958.0	1975.0	17.0	84.0	5.0	12.0	2.0	
1175.0	0.0	2.0	1956.0	1956.0	1971.0	15.0	73.0	4.0	13.0	3.0	
1176.0	0.0	2.0	1938.0	1938.0	1953.0	15.0	75.0	4.0	8.0	5.0	
1177.0	0.0	2.0	1955.0	1955.0	1970.0	15.0	80.0	4.0	3.0	1.0	
1178.0	1.0	2.0	1946.0	1946.0	1963.0	17.0	90.0	5.0	4.0	1.0	
1179.0	0.0	2.0	1958.0	1958.0	1973.0	15.0	66.0	4.0	12.0	5.0	
1180.0	0.0	2.0	1957.0	1957.0	1972.0	15.0	67.0	4.0	3.0	3.0	
1181.0	0.0	2.0	1955.0	1955.0	1970.0	15.0	70.0	4.0	11.0	5.0	
1182.0	1.0	2.0	1857.0	1857.0	1874.0	17.0	63.0	4.0	15.0	1.0	
1183.0	0.0	2.0	1956.0	1956.0	1971.0	15.0	77.0	4.0	8.0	2.0	
1184.0	0.0	2.0	1926.0	1926.0	1941.0	15.0	79.0	4.0	7.0	3.0	
1185.0	1.0	2.0	1934.0	1934.0	1951.0	17.0	86.0	5.0	15.0	4.0	
1186.0	1.0	2.0	1953.0	1953.0	1970.0	17.0	100.0	5.0	14.0	1.0	
1187.0	1.0	2.0	1958.0	1958.0	1975.0	17.0	87.0	5.0	5.0	5.0	
1188.0	1.0	2.0	1954.0	1954.0	1971.0	17.0	99.0	5.0	12.0	3.0	
1189.0	0.0	2.0	1952.0	1952.0	1967.0	15.0	74.0	4.0	1.0	3.0	
1190.0	0.0	2.0	1926.0	1926.0	1941.0	15.0	79.0	4.0	7.0	3.0	
1191.0	0.0	2.0	1935.0	1935.0	1950.0	15.0	80.0	4.0	3.0	1.0	
1192.0	1.0	2.0	1908.0	1908.0	1925.0	17.0	90.0	5.0	4.0	1.0	
1193.0	0.0	2.0	1959.0	1959.0	1974.0	15.0	67.0	4.0	3.0	3.0	
1194.0	0.0	2.0	1960.0	1960.0	1975.0	15.0	71.0	4.0	11.0	3.0	
1195.0	0.0	2.0	1935.0	1935.0	1950.0	15.0	74.0	4.0	1.0	3.0	
1196.0	0.0	2.0	1956.0	1956.0	1971.0	15.0	76.0	4.0	6.0	4.0	
1197.0	1.0	2.0	1955.0	1956.0	1973.0	17.0	90.0	5.0	4.0	1.0	
1198.0	1.0	2.0	1938.0	1938.0	1955.0	17.0	98.0	5.0	15.0	2.0	
1199.0	1.0	2.0	1958.0	1958.0	1975.0	17.0	99.0	5.0	12.0	3.0	
1200.0	0.0	2.0	1959.0	1959.0	1974.0	15.0	67.0	4.0	3.0	3.0	
1201.0	0.0	2.0	1956.0	1956.0	1971.0	15.0	72.0	4.0	11.0	2.0	
1202.0	0.0	2.0	1955.0	1955.0	1970.0	15.0	74.0	4.0	1.0	3.0	
1203.0	1.0	2.0	1944.0	1944.0	1961.0	17.0	88.0	5.0	4.0	3.0	
1204.0	0.0	2.0	1948.0	1948.0	1963.0	15.0	61.0	4.0	12.0	4.0	
1205.0	1.0	2.0	1959.0	1959.0	1976.0	17.0	26.0	2.0	1.0	2.0	
1206.0	1.0	2.0	1952.0	1952.0	1969.0	17.0	91.0	5.0	9.0	5.0	
1207.0	1.0	2.0	1960.0	1960.0	1977.0	17.0	89.0	5.0	14.0	2.0	
1208.0	0.0	2.0	1960.0	1960.0	1975.0	15.0	73.0	4.0	13.0	3.0	
1209.0	0.0	2.0	1958.0	1958.0	1973.0	15.0	75.0	4.0	8.0	5.0	
1210.0	1.0	2.0	1946.0	1946.0	1963.0	17.0	94.0	5.0	13.0	1.0	
1211.0	1.0	2.0	1958.0	1958.0	1975.0	17.0	42.0	3.0	4.0	1.0	
1212.0	1.0	2.0	1960.0	1960.0	1977.0	17.0	92.0	5.0	10.0	4.0	
1213.0	1.0	2.0	1955.0	1956.0	1973.0	17.0	96.0	5.0	15.0	3.0	
1214.0	1.0	2.0	1929.0	1929.0	1946.0	17.0	50.0	3.0	9.0	1.0	
1215.0	1.0	2.0	1956.0	1956.0	1973.0	17.0	52.0	3.0	4.0	3.0	
1216.0	1.0	2.0	1958.0	1958.0	1975.0	17.0	97.0	5.0	9.0	3.0	
1217.0	0.0	2.0	1958.0	1958.0	1973.0	15.0	79.0	4.0	7.0	3.0	
1218.0	1.0	2.0	1956.0	1956.0	1973.0	17.0	93.0	5.0	4.0	5.0	
1219.0	1.0	2.0	1952.0	1952.0	1969.0	17.0	58.0	3.0	11.0	4.0	
1220.0	1.0	2.0	1926.0	1926.0	1943.0	17.0	8.0	1.0	15.0	3.0	
1221.0	1.0	2.0	1961.0	1961.0	1978.0	17.0	95.0	5.0	8.0	5.0	
1222.0	0.0	2.0	1939.0	1939.0	1954.0	15.0	74.0	4.0	1.0	3.0	
1223.0	0.0	2.0	1939.0	1939.0	1954.0	15.0	78.0	4.0	8.0	1.0	
1224.0	1.0	2.0	1945.0	1945.0	1962.0	17.0	85.0	5.0	3.0	5.0	
1225.0	1.0	2.0	1961.0	1961.0	1978.0	17.0	83.0	5.0	5.0	1.0	
1226.0	0.0	2.0	1960.0	1960.0	1975.0	15.0	65.0	4.0	11.0	2.0	
1227.0	0.0	2.0	1961.0	1961.0	1976.0	15.0	68.0	4.0	5.0	3.0	
1228.0	0.0	2.0	1939.0	1939.0	1954.0	15.0	71.0	4.0	11.0	3.0	
1229.0	0.0	2.0	1960.0	1960.0	1975.0	15.0	75.0	4.0	8.0	5.0	
1230.0	1.0	2.0	1944.0	1944.0	1961.0	17.0	86.0	5.0	15.0	4.0	
1231.0	0.0	2.0	1960.0	1960.0	1975.0	15.0	80.0	4.0	3.0	1.0	
1232.0	1.0	2.0	1903.0	1903.0	1920.0	17.0	43.0	3.0	13.0	1.0	
1233.0	1.0	2.0	1952.0	1952.0	1969.0	17.0	88.0	5.0	4.0	3.0	
1234.0	0.0	2.0	1962.0	1962.0	1977.0	15.0	71.0	4.0	11.0	3.0	
1235.0	0.0	2.0	1954.0	1954.0	1969.0	15.0	74.0	4.0	1.0	3.0	
1236.0	0.0	2.0	1958.0	1958.0	1973.0	15.0	77.0	4.0	8.0	2.0	
1237.0	1.0	2.0	1950.0	1950.0	1967.0	17.0	84.0	5.0	12.0	2.0	
1238.0	0.0	2.0	1958.0	1958.0	1973.0	15.0	61.0	4.0	12.0	4.0	
1239.0	0.0	2.0	1963.0	1963.0	1978.0	15.0	64.0	4.0	4.0	2.0	
1240.0	1.0	2.0	1961.0	1961.0	1978.0	17.0	92.0	5.0	10.0	4.0	
1241.0	1.0	2.0	1955.0	1956.0	1973.0	17.0	93.0	5.0	4.0	5.0	
1242.0	1.0	2.0	1958.0	1958.0	1975.0	17.0	83.0	5.0	5.0	1.0	
1243.0	1.0	2.0	1957.0	1957.0	1974.0	17.0	98.0	5.0	15.0	2.0	
1244.0	1.0	2.0	1958.0	1958.0	1975.0	17.0	90.0	5.0	4.0	1.0	
1245.0	0.0	2.0	1962.0	1962.0	1977.0	15.0	62.0	4.0	7.0	4.0	
1246.0	1.0	2.0	1929.0	1929.0	1946.0	17.0	95.0	5.0	8.0	5.0	
1247.0	1.0	2.0	1954.0	1954.0	1971.0	17.0	87.0	5.0	5.0	5.0	
1248.0	0.0	2.0	1962.0	1962.0	1977.0	15.0	71.0	4.0	11.0	3.0	
1249.0	0.0	2.0	1961.0	1961.0	1976.0	15.0	75.0	4.0	8.0	5.0	
1250.0	1.0	2.0	1925.0	1925.0	1942.0	17.0	90.0	5.0	4.0	1.0	
1251.0	1.0	2.0	1956.0	1956.0	1973.0	17.0	87.0	5.0	5.0	5.0	
1252.0	1.0	2.0	1955.0	1956.0	1973.0	17.0	99.0	5.0	12.0	3.0	
1253.0	0.0	2.0	1962.0	1962.0	1977.0	15.0	68.0	4.0	5.0	3.0	
1254.0	0.0	2.0	1962.0	1962.0	1977.0	15.0	70.0	4.0	11.0	5.0	
1255.0	1.0	2.0	1938.0	1939.0	1956.0	17.0	98.0	5.0	15.0	2.0	
1256.0	1.0	2.0	1950.0	1950.0	1967.0	17.0	84.0	5.0	12.0	2.0	
1257.0	0.0	2.0	1921.0	1921.0	1936.0	15.0	79.0	4.0	7.0	3.0	
1258.0	1.0	2.0	1954.0	1954.0	1972.0	18.0	59.0	3.0	9.0	4.0	
1259.0	1.0	2.0	1960.0	1960.0	1977.0	17.0	85.0	5.0	3.0	5.0	
1260.0	0.0	2.0	1964.0	1964.0	1979.0	15.0	67.0	4.0	3.0	3.0	
1261.0	0.0	2.0	1962.0	1962.0	1977.0	15.0	70.0	4.0	11.0	5.0	
1262.0	1.0	2.0	1960.0	1960.0	1977.0	17.0	40.0	2.0	11.0	3.0	
1263.0	0.0	2.0	1958.0	1958.0	1973.0	15.0	78.0	4.0	8.0	1.0	
1264.0	0.0	2.0	1921.0	1921.0	1936.0	15.0	80.0	4.0	3.0	1.0	
1265.0	0.0	2.0	1962.0	1962.0	1977.0	15.0	64.0	4.0	4.0	2.0	
1266.0	1.0	2.0	1954.0	1954.0	1971.0	17.0	85.0	5.0	3.0	5.0	
1267.0	0.0	2.0	1951.0	1951.0	1966.0	15.0	69.0	4.0	12.0	2.0	
1268.0	1.0	2.0	1962.0	1962.0	1979.0	17.0	39.0	2.0	14.0	2.0	
1269.0	1.0	2.0	1956.0	1956.0	1973.0	17.0	96.0	5.0	15.0	3.0	
1270.0	0.0	2.0	1958.0	1958.0	1973.0	15.0	78.0	4.0	8.0	1.0	
1271.0	1.0	2.0	1961.0	1961.0	1979.0	18.0	84.0	5.0	12.0	2.0	
1272.0	1.0	2.0	1963.0	1963.0	1980.0	17.0	94.0	5.0	13.0	1.0	
1273.0	0.0	2.0	1963.0	1963.0	1978.0	15.0	66.0	4.0	12.0	5.0	
1274.0	1.0	2.0	1962.0	1962.0	1979.0	17.0	97.0	5.0	9.0	3.0	
1275.0	1.0	2.0	1958.0	1958.0	1975.0	17.0	47.0	3.0	15.0	5.0	
1276.0	1.0	2.0	1956.0	1956.0	1973.0	17.0	59.0	3.0	9.0	4.0	
1277.0	1.0	2.0	1960.0	1960.0	1977.0	17.0	51.0	3.0	2.0	3.0	
1278.0	1.0	2.0	1962.0	1962.0	1979.0	17.0	76.0	4.0	6.0	4.0	
1279.0	1.0	2.0	1961.0	1961.0	1979.0	18.0	91.0	5.0	9.0	5.0	
1280.0	1.0	2.0	1964.0	1964.0	1981.0	17.0	35.0	2.0	10.0	5.0	
1281.0	0.0	2.0	1962.0	1963.0	1978.0	15.0	70.0	4.0	11.0	5.0	
1282.0	0.0	2.0	1967.0	1967.0	1982.0	15.0	74.0	4.0	1.0	3.0	
1283.0	0.0	2.0	1960.0	1960.0	1975.0	15.0	77.0	4.0	8.0	2.0	
1284.0	1.0	2.0	1962.0	1962.0	1979.0	17.0	81.0	5.0	3.0	4.0	
1285.0	1.0	2.0	1956.0	1956.0	1973.0	17.0	23.0	2.0	7.0	3.0	
1286.0	0.0	2.0	1945.0	1945.0	1960.0	15.0	65.0	4.0	11.0	2.0	
1287.0	1.0	2.0	1961.0	1961.0	1979.0	18.0	82.0	5.0	6.0	2.0	
1288.0	1.0	2.0	1961.0	1961.0	1978.0	17.0	99.0	5.0	12.0	3.0	
1289.0	1.0	2.0	1961.0	1961.0	1978.0	17.0	88.0	5.0	4.0	3.0	
1290.0	1.0	2.0	1945.0	1945.0	1962.0	17.0	85.0	5.0	3.0	5.0	
1291.0	0.0	2.0	1965.0	1965.0	1980.0	15.0	80.0	4.0	3.0	1.0	
1292.0	1.0	2.0	1958.0	1958.0	1975.0	17.0	91.0	5.0	9.0	5.0	
1293.0	1.0	2.0	1958.0	1958.0	1975.0	17.0	89.0	5.0	14.0	2.0	
1294.0	0.0	2.0	1967.0	1967.0	1983.0	16.0	71.0	4.0	11.0	3.0	
1295.0	1.0	2.0	1954.0	1954.0	1971.0	17.0	81.0	5.0	3.0	4.0	
1296.0	1.0	2.0	1908.0	1908.0	1925.0	17.0	54.0	3.0	10.0	5.0	
1297.0	1.0	2.0	1961.0	1961.0	1979.0	18.0	98.0	5.0	15.0	2.0	
1298.0	1.0	2.0	1960.0	1960.0	1977.0	17.0	38.0	2.0	5.0	5.0	
1299.0	1.0	2.0	1961.0	1961.0	1979.0	18.0	81.0	5.0	3.0	4.0	
1300.0	1.0	2.0	1967.0	1967.0	1984.0	17.0	87.0	5.0	5.0	5.0	
1301.0	1.0	2.0	1961.0	1961.0	1979.0	18.0	93.0	5.0	4.0	5.0	
1302.0	1.0	2.0	1857.0	1857.0	1874.0	17.0	95.0	5.0	8.0	5.0	
1303.0	0.0	2.0	1961.0	1961.0	1976.0	15.0	77.0	4.0	8.0	2.0	
1304.0	0.0	2.0	1962.0	1962.0	1977.0	15.0	79.0	4.0	7.0	3.0	
1305.0	1.0	2.0	1935.0	1935.0	1952.0	17.0	89.0	5.0	14.0	2.0	
1306.0	1.0	2.0	1967.0	1967.0	1984.0	17.0	90.0	5.0	4.0	1.0	
1307.0	1.0	2.0	1962.0	1962.0	1979.0	17.0	22.0	2.0	6.0	2.0	
1308.0	0.0	2.0	1929.0	1929.0	1944.0	15.0	72.0	4.0	11.0	2.0	
1309.0	1.0	2.0	1960.0	1960.0	1977.0	17.0	83.0	5.0	5.0	1.0	
1310.0	0.0	2.0	1965.0	1965.0	1980.0	15.0	78.0	4.0	8.0	1.0	
1311.0	0.0	2.0	1966.0	1966.0	1981.0	15.0	80.0	4.0	3.0	1.0	
1312.0	0.0	2.0	1964.0	1964.0	1979.0	15.0	64.0	4.0	4.0	2.0	
1313.0	1.0	2.0	1952.0	1952.0	1970.0	18.0	28.0	2.0	8.0	1.0	
1314.0	1.0	2.0	1916.0	1916.0	1933.0	17.0	87.0	5.0	5.0	5.0	
1315.0	1.0	2.0	1958.0	1958.0	1975.0	17.0	81.0	5.0	3.0	4.0	
1316.0	1.0	2.0	1961.0	1961.0	1979.0	18.0	99.0	5.0	12.0	3.0	
1317.0	1.0	2.0	1956.0	1956.0	1973.0	17.0	46.0	3.0	14.0	3.0	
1318.0	1.0	2.0	1964.0	1964.0	1981.0	17.0	54.0	3.0	10.0	5.0	
1319.0	0.0	2.0	1964.0	1964.0	1979.0	15.0	64.0	4.0	4.0	2.0	
1320.0	1.0	2.0	1966.0	1966.0	1983.0	17.0	92.0	5.0	10.0	4.0	
1321.0	0.0	2.0	1967.0	1967.0	1982.0	15.0	72.0	4.0	11.0	2.0	
1322.0	1.0	2.0	1956.0	1956.0	1973.0	17.0	95.0	5.0	8.0	5.0	
1323.0	0.0	2.0	1965.0	1965.0	1980.0	15.0	76.0	4.0	6.0	4.0	
1324.0	1.0	2.0	1956.0	1956.0	1973.0	17.0	29.0	2.0	2.0	5.0	
1325.0	1.0	2.0	1889.0	1889.0	1906.0	17.0	95.0	5.0	8.0	5.0	
1326.0	1.0	2.0	1967.0	1967.0	1984.0	17.0	84.0	5.0	12.0	2.0	
1327.0	1.0	2.0	1966.0	1966.0	1983.0	17.0	17.0	1.0	11.0	4.0	
1328.0	1.0	2.0	1910.0	1910.0	1927.0	17.0	90.0	5.0	4.0	1.0	
1329.0	1.0	2.0	1961.0	1961.0	1979.0	18.0	92.0	5.0	10.0	4.0	
1330.0	1.0	2.0	1874.0	1874.0	1891.0	17.0	10.0	1.0	15.0	1.0	
1331.0	0.0	2.0	1916.0	1916.0	1931.0	15.0	61.0	4.0	12.0	4.0	
1332.0	1.0	2.0	1961.0	1961.0	1979.0	18.0	89.0	5.0	14.0	2.0	
1333.0	1.0	2.0	1966.0	1966.0	1983.0	17.0	44.0	3.0	3.0	5.0	
1334.0	0.0	2.0	1966.0	1966.0	1981.0	15.0	69.0	4.0	12.0	2.0	
1335.0	0.0	2.0	1916.0	1916.0	1931.0	15.0	72.0	4.0	11.0	2.0	
1336.0	1.0	2.0	1956.0	1956.0	1973.0	17.0	83.0	5.0	5.0	1.0	
1337.0	0.0	2.0	1943.0	1943.0	1958.0	15.0	78.0	4.0	8.0	1.0	
1338.0	0.0	2.0	1966.0	1966.0	1981.0	15.0	62.0	4.0	7.0	4.0	
1339.0	0.0	2.0	1967.0	1967.0	1983.0	16.0	64.0	4.0	4.0	2.0	
1340.0	1.0	2.0	1960.0	1960.0	1977.0	17.0	92.0	5.0	10.0	4.0	
1341.0	1.0	2.0	1962.0	1962.0	1979.0	17.0	84.0	5.0	12.0	2.0	
1342.0	1.0	2.0	1961.0	1961.0	1979.0	18.0	98.0	5.0	15.0	2.0	
1343.0	0.0	2.0	1943.0	1943.0	1958.0	15.0	78.0	4.0	8.0	1.0	
1344.0	0.0	2.0	1965.0	1966.0	1981.0	15.0	79.0	4.0	7.0	3.0	
1345.0	1.0	2.0	1964.0	1964.0	1981.0	17.0	60.0	3.0	3.0	3.0	
1346.0	1.0	2.0	1952.0	1952.0	1969.0	17.0	97.0	5.0	9.0	3.0	
1347.0	1.0	2.0	1963.0	1963.0	1980.0	17.0	100.0	5.0	14.0	1.0	
1348.0	0.0	2.0	1967.0	1967.0	1982.0	15.0	72.0	4.0	11.0	2.0	
1349.0	1.0	2.0	1962.0	1962.0	1979.0	17.0	89.0	5.0	14.0	2.0	
1350.0	1.0	2.0	1960.0	1960.0	1977.0	17.0	31.0	2.0	8.0	1.0	
1351.0	1.0	2.0	1961.0	1961.0	1978.0	17.0	93.0	5.0	4.0	5.0	
1352.0	1.0	2.0	1967.0	1967.0	1984.0	17.0	58.0	3.0	11.0	4.0	
1353.0	1.0	2.0	1962.0	1962.0	1979.0	17.0	94.0	5.0	13.0	1.0	
1354.0	1.0	2.0	1966.0	1966.0	1983.0	17.0	32.0	2.0	14.0	3.0	
1355.0	1.0	2.0	1961.0	1961.0	1979.0	18.0	96.0	5.0	15.0	3.0	
1356.0	0.0	2.0	1965.0	1966.0	1981.0	15.0	76.0	4.0	6.0	4.0	
1357.0	0.0	2.0	1967.0	1967.0	1982.0	15.0	79.0	4.0	7.0	3.0	
1358.0	0.0	2.0	1969.0	1969.0	1984.0	15.0	63.0	4.0	15.0	1.0	
1359.0	1.0	2.0	1952.0	1952.0	1969.0	17.0	59.0	3.0	9.0	4.0	
1360.0	1.0	2.0	1956.0	1956.0	1973.0	17.0	91.0	5.0	9.0	5.0	
1361.0	1.0	2.0	1969.0	1969.0	1987.0	18.0	58.0	3.0	11.0	4.0	
1362.0	0.0	2.0	1965.0	1965.0	1980.0	15.0	74.0	4.0	1.0	3.0	
1363.0	1.0	2.0	1962.0	1962.0	1979.0	17.0	45.0	3.0	5.0	4.0	
1364.0	1.0	2.0	1964.0	1964.0	1981.0	17.0	47.0	3.0	15.0	5.0	
1365.0	1.0	2.0	1914.0	1914.0	1931.0	17.0	82.0	5.0	6.0	2.0	
1366.0	0.0	2.0	1965.0	1966.0	1981.0	15.0	67.0	4.0	3.0	3.0	
1367.0	1.0	2.0	1958.0	1958.0	1975.0	17.0	86.0	5.0	15.0	4.0	
1368.0	0.0	2.0	1924.0	1924.0	1939.0	15.0	72.0	4.0	11.0	2.0	
1369.0	1.0	2.0	1963.0	1963.0	1980.0	17.0	95.0	5.0	8.0	5.0	
1370.0	1.0	2.0	1961.0	1961.0	1979.0	18.0	86.0	5.0	15.0	4.0	
1371.0	1.0	2.0	1965.0	1965.0	1982.0	17.0	90.0	5.0	4.0	1.0	
1372.0	0.0	2.0	1924.0	1924.0	1939.0	15.0	63.0	4.0	15.0	1.0	
1373.0	0.0	2.0	1924.0	1924.0	1939.0	15.0	66.0	4.0	12.0	5.0	
1374.0	0.0	2.0	1924.0	1924.0	1939.0	15.0	69.0	4.0	12.0	2.0	
1375.0	0.0	2.0	1924.0	1924.0	1939.0	15.0	72.0	4.0	11.0	2.0	
1376.0	0.0	2.0	1967.0	1967.0	1982.0	15.0	76.0	4.0	6.0	4.0	
1377.0	1.0	2.0	1962.0	1962.0	1979.0	17.0	97.0	5.0	9.0	3.0	
1378.0	0.0	2.0	1880.0	1880.0	1895.0	15.0	61.0	4.0	12.0	4.0	
1379.0	0.0	2.0	1880.0	1880.0	1895.0	15.0	64.0	4.0	4.0	2.0	
1380.0	0.0	2.0	1880.0	1880.0	1895.0	15.0	67.0	4.0	3.0	3.0	
1381.0	0.0	2.0	1880.0	1880.0	1895.0	15.0	70.0	4.0	11.0	5.0	
1382.0	0.0	2.0	1880.0	1880.0	1895.0	15.0	73.0	4.0	13.0	3.0	
1383.0	0.0	2.0	1880.0	1880.0	1895.0	15.0	76.0	4.0	6.0	4.0	
1384.0	0.0	2.0	1880.0	1880.0	1895.0	15.0	79.0	4.0	7.0	3.0	
1385.0	0.0	2.0	1880.0	1880.0	1895.0	15.0	62.0	4.0	7.0	4.0	
1386.0	0.0	2.0	1880.0	1880.0	1895.0	15.0	65.0	4.0	11.0	2.0	
1387.0	0.0	2.0	1880.0	1880.0	1895.0	15.0	68.0	4.0	5.0	3.0	
1388.0	0.0	2.0	1880.0	1880.0	1895.0	15.0	71.0	4.0	11.0	3.0	
1389.0	0.0	2.0	1880.0	1880.0	1895.0	15.0	74.0	4.0	1.0	3.0	
1390.0	0.0	2.0	1880.0	1880.0	1895.0	15.0	77.0	4.0	8.0	2.0	
1391.0	0.0	2.0	1880.0	1880.0	1895.0	15.0	80.0	4.0	3.0	1.0	
1392.0	1.0	2.0	1874.0	1874.0	1891.0	17.0	95.0	5.0	8.0	5.0	
1393.0	0.0	2.0	1880.0	1880.0	1895.0	15.0	66.0	4.0	12.0	5.0	
1394.0	0.0	2.0	1880.0	1880.0	1895.0	15.0	69.0	4.0	12.0	2.0	
1395.0	0.0	2.0	1880.0	1880.0	1895.0	15.0	72.0	4.0	11.0	2.0	
1396.0	0.0	2.0	1880.0	1880.0	1895.0	15.0	75.0	4.0	8.0	5.0	
1397.0	0.0	2.0	1880.0	1880.0	1895.0	15.0	78.0	4.0	8.0	1.0	
1398.0	0.0	2.0	1880.0	1880.0	1895.0	15.0	61.0	4.0	12.0	4.0	
1399.0	0.0	2.0	1880.0	1880.0	1895.0	15.0	64.0	4.0	4.0	2.0	
1400.0	0.0	2.0	1880.0	1880.0	1895.0	15.0	67.0	4.0	3.0	3.0	
1401.0	0.0	2.0	1880.0	1880.0	1895.0	15.0	70.0	4.0	11.0	5.0	
1402.0	0.0	2.0	1880.0	1880.0	1895.0	15.0	73.0	4.0	13.0	3.0	
1403.0	0.0	2.0	1880.0	1880.0	1895.0	15.0	76.0	4.0	6.0	4.0	
1404.0	0.0	2.0	1880.0	1880.0	1895.0	15.0	80.0	4.0	3.0	1.0	
1405.0	0.0	2.0	1880.0	1880.0	1895.0	15.0	62.0	4.0	7.0	4.0	
1406.0	0.0	2.0	1880.0	1880.0	1895.0	15.0	65.0	4.0	11.0	2.0	
1407.0	0.0	2.0	1880.0	1880.0	1895.0	15.0	68.0	4.0	5.0	3.0	
1408.0	0.0	2.0	1880.0	1880.0	1895.0	15.0	71.0	4.0	11.0	3.0	
1409.0	0.0	2.0	1880.0	1880.0	1895.0	15.0	74.0	4.0	1.0	3.0	
1410.0	0.0	2.0	1880.0	1880.0	1895.0	15.0	77.0	4.0	8.0	2.0	
1411.0	0.0	2.0	1880.0	1880.0	1895.0	15.0	61.0	4.0	12.0	4.0	
1412.0	0.0	2.0	1880.0	1880.0	1895.0	15.0	63.0	4.0	15.0	1.0	
1413.0	0.0	2.0	1880.0	1880.0	1895.0	15.0	66.0	4.0	12.0	5.0	
1414.0	0.0	2.0	1880.0	1880.0	1895.0	15.0	69.0	4.0	12.0	2.0	
1415.0	0.0	2.0	1880.0	1880.0	1895.0	15.0	72.0	4.0	11.0	2.0	
1416.0	0.0	2.0	1880.0	1880.0	1895.0	15.0	75.0	4.0	8.0	5.0	
1417.0	1.0	2.0	1967.0	1967.0	1984.0	17.0	83.0	5.0	5.0	1.0	
1418.0	0.0	2.0	1880.0	1880.0	1895.0	15.0	63.0	4.0	15.0	1.0	
1419.0	0.0	2.0	1880.0	1880.0	1895.0	15.0	64.0	4.0	4.0	2.0	
1420.0	0.0	2.0	1880.0	1880.0	1895.0	15.0	68.0	4.0	5.0	3.0	
1421.0	0.0	2.0	1880.0	1880.0	1895.0	15.0	71.0	4.0	11.0	3.0	
1422.0	0.0	2.0	1880.0	1880.0	1895.0	15.0	73.0	4.0	13.0	3.0	
1423.0	0.0	2.0	1880.0	1880.0	1895.0	15.0	76.0	4.0	6.0	4.0	
1424.0	1.0	2.0	1880.0	1880.0	1897.0	17.0	77.0	4.0	8.0	2.0	
1425.0	0.0	2.0	1924.0	1924.0	1939.0	15.0	64.0	4.0	4.0	2.0	
1426.0	0.0	2.0	1924.0	1924.0	1939.0	15.0	65.0	4.0	11.0	2.0	
1427.0	0.0	2.0	1924.0	1924.0	1939.0	15.0	68.0	4.0	5.0	3.0	
1428.0	0.0	2.0	1924.0	1924.0	1939.0	15.0	73.0	4.0	13.0	3.0	
1429.0	1.0	2.0	1963.0	1963.0	1980.0	17.0	20.0	1.0	4.0	5.0	
1430.0	1.0	2.0	1952.0	1952.0	1969.0	17.0	89.0	5.0	14.0	2.0	
1431.0	1.0	2.0	1967.0	1967.0	1984.0	17.0	88.0	5.0	4.0	3.0	
1432.0	0.0	2.0	1968.0	1968.0	1983.0	15.0	64.0	4.0	4.0	2.0	
1433.0	0.0	2.0	1924.0	1924.0	1939.0	15.0	68.0	4.0	5.0	3.0	
1434.0	0.0	2.0	1924.0	1924.0	1939.0	15.0	69.0	4.0	12.0	2.0	
1435.0	1.0	2.0	1967.0	1967.0	1984.0	17.0	85.0	5.0	3.0	5.0	
1436.0	0.0	2.0	1968.0	1968.0	1983.0	15.0	75.0	4.0	8.0	5.0	
1437.0	0.0	2.0	1968.0	1968.0	1983.0	15.0	80.0	4.0	3.0	1.0	
1438.0	0.0	2.0	1969.0	1969.0	1985.0	16.0	61.0	4.0	12.0	4.0	
1439.0	0.0	2.0	1968.0	1968.0	1983.0	15.0	66.0	4.0	12.0	5.0	
1440.0	1.0	2.0	1954.0	1954.0	1971.0	17.0	83.0	5.0	5.0	1.0	
1441.0	0.0	2.0	1956.0	1956.0	1971.0	15.0	70.0	4.0	11.0	5.0	
1442.0	0.0	2.0	1967.0	1967.0	1983.0	16.0	73.0	4.0	13.0	3.0	
1443.0	0.0	2.0	1956.0	1956.0	1971.0	15.0	78.0	4.0	8.0	1.0	
1444.0	1.0	2.0	1903.0	1903.0	1920.0	17.0	65.0	4.0	11.0	2.0	
1445.0	0.0	2.0	1956.0	1956.0	1971.0	15.0	63.0	4.0	15.0	1.0	
1446.0	0.0	2.0	1956.0	1956.0	1971.0	15.0	67.0	4.0	3.0	3.0	
1447.0	1.0	2.0	1966.0	1966.0	1983.0	17.0	92.0	5.0	10.0	4.0	
1448.0	1.0	2.0	1958.0	1958.0	1975.0	17.0	56.0	3.0	13.0	5.0	
1449.0	1.0	2.0	1887.0	1887.0	1904.0	17.0	94.0	5.0	13.0	1.0	
1450.0	0.0	2.0	1916.0	1916.0	1931.0	15.0	77.0	4.0	8.0	2.0	
1451.0	0.0	2.0	1956.0	1956.0	1971.0	15.0	61.0	4.0	12.0	4.0	
1452.0	1.0	2.0	1916.0	1916.0	1933.0	17.0	75.0	4.0	8.0	5.0	
1453.0	0.0	2.0	1967.0	1967.0	1982.0	15.0	68.0	4.0	5.0	3.0	
1454.0	0.0	2.0	1969.0	1969.0	1984.0	15.0	71.0	4.0	11.0	3.0	
1455.0	0.0	2.0	1967.0	1967.0	1983.0	16.0	74.0	4.0	1.0	3.0	
1456.0	0.0	2.0	1969.0	1969.0	1984.0	15.0	75.0	4.0	8.0	5.0	
1457.0	0.0	2.0	1956.0	1956.0	1971.0	15.0	78.0	4.0	8.0	1.0	
1458.0	0.0	2.0	1956.0	1956.0	1971.0	15.0	61.0	4.0	12.0	4.0	
1459.0	1.0	2.0	1950.0	1950.0	1967.0	17.0	81.0	5.0	3.0	4.0	
1460.0	0.0	2.0	1908.0	1908.0	1923.0	15.0	67.0	4.0	3.0	3.0	
1461.0	1.0	2.0	1958.0	1958.0	1975.0	17.0	37.0	2.0	5.0	2.0	
1462.0	1.0	2.0	1929.0	1929.0	1946.0	17.0	95.0	5.0	8.0	5.0	
1463.0	1.0	2.0	1964.0	1964.0	1981.0	17.0	11.0	1.0	4.0	4.0	
1464.0	1.0	2.0	1960.0	1960.0	1977.0	17.0	45.0	3.0	5.0	4.0	
1465.0	0.0	2.0	1956.0	1956.0	1971.0	15.0	63.0	4.0	15.0	1.0	
1466.0	1.0	2.0	1966.0	1966.0	1983.0	17.0	44.0	3.0	3.0	5.0	
1467.0	1.0	2.0	1941.0	1941.0	1958.0	17.0	97.0	5.0	9.0	3.0	
1468.0	1.0	2.0	1965.0	1965.0	1982.0	17.0	83.0	5.0	5.0	1.0	
1469.0	0.0	2.0	1939.0	1939.0	1954.0	15.0	76.0	4.0	6.0	4.0	
1470.0	1.0	2.0	1964.0	1964.0	1981.0	17.0	37.0	2.0	5.0	2.0	
1471.0	1.0	2.0	1947.0	1947.0	1964.0	17.0	45.0	3.0	5.0	4.0	
1472.0	0.0	2.0	1946.0	1946.0	1961.0	15.0	63.0	4.0	15.0	1.0	
1473.0	1.0	2.0	1902.0	1902.0	1919.0	17.0	51.0	3.0	2.0	3.0	
1474.0	1.0	2.0	1967.0	1967.0	1984.0	17.0	81.0	5.0	3.0	4.0	
1475.0	0.0	2.0	1967.0	1967.0	1983.0	16.0	73.0	4.0	13.0	3.0	
1476.0	1.0	2.0	1939.0	1939.0	1956.0	17.0	97.0	5.0	9.0	3.0	
1477.0	1.0	2.0	1954.0	1954.0	1972.0	18.0	55.0	3.0	6.0	4.0	
1478.0	0.0	2.0	1961.0	1961.0	1976.0	15.0	63.0	4.0	15.0	1.0	
1479.0	0.0	2.0	1969.0	1969.0	1985.0	16.0	66.0	4.0	12.0	5.0	
1480.0	1.0	2.0	1967.0	1967.0	1984.0	17.0	84.0	5.0	12.0	2.0	
1481.0	1.0	2.0	1959.0	1959.0	1976.0	17.0	100.0	5.0	14.0	1.0	
1482.0	0.0	2.0	1969.0	1969.0	1984.0	15.0	74.0	4.0	1.0	3.0	
1483.0	1.0	2.0	1963.0	1963.0	1980.0	17.0	90.0	5.0	4.0	1.0	
1484.0	1.0	2.0	1961.0	1961.0	1979.0	18.0	82.0	5.0	6.0	2.0	
1485.0	0.0	2.0	1969.0	1969.0	1985.0	16.0	62.0	4.0	7.0	4.0	
1486.0	0.0	2.0	1969.0	1969.0	1984.0	15.0	67.0	4.0	3.0	3.0	
1487.0	0.0	2.0	1967.0	1967.0	1982.0	15.0	68.0	4.0	5.0	3.0	
1488.0	1.0	2.0	1964.0	1964.0	1981.0	17.0	41.0	3.0	15.0	4.0	
1489.0	1.0	2.0	1967.0	1967.0	1984.0	17.0	82.0	5.0	6.0	2.0	
1490.0	0.0	2.0	1891.0	1891.0	1906.0	15.0	79.0	4.0	7.0	3.0	
1491.0	0.0	2.0	1891.0	1891.0	1906.0	15.0	80.0	4.0	3.0	1.0	
1492.0	1.0	2.0	1885.0	1885.0	1902.0	17.0	20.0	1.0	4.0	5.0	
1493.0	1.0	2.0	1965.0	1965.0	1982.0	17.0	87.0	5.0	5.0	5.0	
1494.0	1.0	2.0	1956.0	1956.0	1973.0	17.0	98.0	5.0	15.0	2.0	
1495.0	0.0	2.0	1969.0	1969.0	1984.0	15.0	72.0	4.0	11.0	2.0	
1496.0	0.0	2.0	1969.0	1969.0	1984.0	15.0	76.0	4.0	6.0	4.0	
1497.0	1.0	2.0	1961.0	1961.0	1979.0	18.0	87.0	5.0	5.0	5.0	
1498.0	1.0	2.0	1969.0	1969.0	1986.0	17.0	91.0	5.0	9.0	5.0	
1499.0	1.0	2.0	1889.0	1889.0	1906.0	17.0	96.0	5.0	15.0	3.0	
1500.0	0.0	2.0	1967.0	1967.0	1983.0	16.0	68.0	4.0	5.0	3.0	
1501.0	1.0	2.0	1956.0	1956.0	1973.0	17.0	94.0	5.0	13.0	1.0	
1502.0	0.0	2.0	1969.0	1969.0	1984.0	15.0	73.0	4.0	13.0	3.0	
1503.0	1.0	2.0	1966.0	1966.0	1983.0	17.0	32.0	2.0	14.0	3.0	
1504.0	1.0	2.0	1968.0	1968.0	1985.0	17.0	88.0	5.0	4.0	3.0	
1505.0	1.0	2.0	1967.0	1967.0	1984.0	17.0	81.0	5.0	3.0	4.0	
1506.0	1.0	2.0	1967.0	1967.0	1984.0	17.0	57.0	3.0	14.0	3.0	
1507.0	0.0	2.0	1969.0	1969.0	1984.0	15.0	69.0	4.0	12.0	2.0	
1508.0	1.0	2.0	1962.0	1962.0	1979.0	17.0	85.0	5.0	3.0	5.0	
1509.0	1.0	2.0	1967.0	1967.0	1984.0	17.0	91.0	5.0	9.0	5.0	
1510.0	1.0	2.0	1967.0	1967.0	1984.0	17.0	100.0	5.0	14.0	1.0	
1511.0	0.0	2.0	1969.0	1969.0	1984.0	15.0	80.0	4.0	3.0	1.0	
1512.0	1.0	2.0	1967.0	1967.0	1984.0	17.0	90.0	5.0	4.0	1.0	
1513.0	1.0	2.0	1962.0	1962.0	1979.0	17.0	85.0	5.0	3.0	5.0	
1514.0	1.0	2.0	1941.0	1941.0	1958.0	17.0	56.0	3.0	13.0	5.0	
1515.0	1.0	2.0	1922.0	1922.0	1939.0	17.0	91.0	5.0	9.0	5.0	
1516.0	0.0	2.0	1969.0	1969.0	1984.0	15.0	76.0	4.0	6.0	4.0	
1517.0	1.0	2.0	1878.0	1878.0	1895.0	17.0	87.0	5.0	5.0	5.0	
1518.0	1.0	2.0	1952.0	1952.0	1969.0	17.0	58.0	3.0	11.0	4.0	
1519.0	1.0	2.0	1956.0	1956.0	1973.0	17.0	56.0	3.0	13.0	5.0	
1520.0	1.0	2.0	1961.0	1961.0	1979.0	18.0	83.0	5.0	5.0	1.0	
1521.0	0.0	2.0	1958.0	1958.0	1973.0	15.0	53.0	3.0	12.0	3.0	
1522.0	1.0	2.0	1902.0	1902.0	1919.0	17.0	100.0	5.0	14.0	1.0	
1523.0	0.0	2.0	1969.0	1969.0	1984.0	15.0	58.0	3.0	11.0	4.0	
1524.0	1.0	2.0	1961.0	1961.0	1979.0	18.0	88.0	5.0	4.0	3.0	
1525.0	0.0	2.0	1964.0	1964.0	1979.0	15.0	45.0	3.0	5.0	4.0	
1526.0	0.0	2.0	1960.0	1960.0	1975.0	15.0	47.0	3.0	15.0	5.0	
1527.0	1.0	2.0	1963.0	1963.0	1980.0	17.0	82.0	5.0	6.0	2.0	
1528.0	0.0	2.0	1952.0	1952.0	1967.0	15.0	54.0	3.0	10.0	5.0	
1529.0	0.0	2.0	1926.0	1926.0	1941.0	15.0	56.0	3.0	13.0	5.0	
1530.0	0.0	2.0	1964.0	1964.0	1979.0	15.0	60.0	3.0	3.0	3.0	
1531.0	1.0	2.0	1938.0	1938.0	1955.0	17.0	91.0	5.0	9.0	5.0	
1532.0	0.0	2.0	1926.0	1926.0	1941.0	15.0	45.0	3.0	5.0	4.0	
1533.0	0.0	2.0	1903.0	1903.0	1918.0	15.0	48.0	3.0	13.0	4.0	
1534.0	0.0	2.0	1903.0	1903.0	1918.0	15.0	52.0	3.0	4.0	3.0	
1535.0	0.0	2.0	1960.0	1960.0	1975.0	15.0	54.0	3.0	10.0	5.0	
1536.0	0.0	2.0	1903.0	1903.0	1918.0	15.0	56.0	3.0	13.0	5.0	
1537.0	1.0	2.0	1960.0	1960.0	1977.0	17.0	84.0	5.0	12.0	2.0	
1538.0	1.0	2.0	1930.0	1930.0	1947.0	17.0	89.0	5.0	14.0	2.0	
1539.0	1.0	2.0	1927.0	1927.0	1944.0	17.0	88.0	5.0	4.0	3.0	
1540.0	0.0	2.0	1965.0	1965.0	1980.0	15.0	48.0	3.0	13.0	4.0	
1541.0	1.0	2.0	1880.0	1880.0	1897.0	17.0	34.0	2.0	14.0	1.0	
1542.0	1.0	2.0	1857.0	1857.0	1874.0	17.0	95.0	5.0	8.0	5.0	
1543.0	0.0	2.0	1903.0	1903.0	1918.0	15.0	57.0	3.0	14.0	3.0	
1544.0	0.0	2.0	1964.0	1964.0	1979.0	15.0	41.0	3.0	15.0	4.0	
1545.0	0.0	2.0	1968.0	1968.0	1983.0	15.0	44.0	3.0	3.0	5.0	
1546.0	0.0	2.0	1964.0	1964.0	1979.0	15.0	46.0	3.0	14.0	3.0	
1547.0	0.0	2.0	1963.0	1963.0	1978.0	15.0	51.0	3.0	2.0	3.0	
1548.0	0.0	2.0	1903.0	1903.0	1918.0	15.0	52.0	3.0	4.0	3.0	
1549.0	0.0	2.0	1903.0	1903.0	1918.0	15.0	56.0	3.0	13.0	5.0	
1550.0	1.0	2.0	1965.0	1965.0	1982.0	17.0	19.0	1.0	13.0	4.0	
1551.0	1.0	2.0	1956.0	1956.0	1973.0	17.0	97.0	5.0	9.0	3.0	
1552.0	1.0	2.0	1961.0	1961.0	1979.0	18.0	97.0	5.0	9.0	3.0	
1553.0	0.0	2.0	1969.0	1969.0	1985.0	16.0	47.0	3.0	15.0	5.0	
1554.0	0.0	2.0	1966.0	1966.0	1981.0	15.0	52.0	3.0	4.0	3.0	
1555.0	1.0	2.0	1964.0	1964.0	1981.0	17.0	8.0	1.0	15.0	3.0	
1556.0	0.0	2.0	1926.0	1926.0	1941.0	15.0	56.0	3.0	13.0	5.0	
1557.0	0.0	2.0	1964.0	1964.0	1979.0	15.0	41.0	3.0	15.0	4.0	
1558.0	1.0	2.0	1903.0	1903.0	1920.0	17.0	62.0	4.0	7.0	4.0	
1559.0	1.0	2.0	1969.0	1969.0	1986.0	17.0	84.0	5.0	12.0	2.0	
1560.0	0.0	2.0	1967.0	1967.0	1982.0	15.0	50.0	3.0	9.0	1.0	
1561.0	1.0	2.0	1971.0	1971.0	1988.0	17.0	73.0	4.0	13.0	3.0	
1562.0	1.0	2.0	1971.0	1971.0	1988.0	17.0	75.0	4.0	8.0	5.0	
1563.0	1.0	2.0	1963.0	1963.0	1980.0	17.0	23.0	2.0	7.0	3.0	
1564.0	0.0	2.0	1968.0	1968.0	1983.0	15.0	60.0	3.0	3.0	3.0	
1565.0	1.0	2.0	1955.0	1955.0	1972.0	17.0	93.0	5.0	4.0	5.0	
1566.0	1.0	2.0	1968.0	1968.0	1985.0	17.0	86.0	5.0	15.0	4.0	
1567.0	0.0	2.0	1968.0	1968.0	1983.0	15.0	50.0	3.0	9.0	1.0	
1568.0	1.0	2.0	1970.0	1970.0	1987.0	17.0	70.0	4.0	11.0	5.0	
1569.0	1.0	2.0	1963.0	1963.0	1980.0	17.0	81.0	5.0	3.0	4.0	
1570.0	0.0	2.0	1969.0	1969.0	1984.0	15.0	59.0	3.0	9.0	4.0	
1571.0	0.0	2.0	1970.0	1970.0	1985.0	15.0	42.0	3.0	4.0	1.0	
1572.0	1.0	2.0	1942.0	1942.0	1959.0	17.0	90.0	5.0	4.0	1.0	
1573.0	0.0	2.0	1971.0	1971.0	1986.0	15.0	48.0	3.0	13.0	4.0	
1574.0	1.0	2.0	1893.0	1893.0	1910.0	17.0	89.0	5.0	14.0	2.0	
1575.0	0.0	2.0	1972.0	1972.0	1987.0	15.0	55.0	3.0	6.0	4.0	
1576.0	1.0	2.0	1966.0	1966.0	1983.0	17.0	22.0	2.0	6.0	2.0	
1577.0	1.0	2.0	1887.0	1887.0	1904.0	17.0	84.0	5.0	12.0	2.0	
1578.0	1.0	2.0	1962.0	1962.0	1979.0	17.0	92.0	5.0	10.0	4.0	
1579.0	0.0	2.0	1971.0	1972.0	1987.0	15.0	46.0	3.0	14.0	3.0	
1580.0	0.0	2.0	1973.0	1973.0	1988.0	15.0	48.0	3.0	13.0	4.0	
1581.0	0.0	2.0	1971.0	1971.0	1986.0	15.0	52.0	3.0	4.0	3.0	
1582.0	1.0	2.0	1935.0	1935.0	1952.0	17.0	91.0	5.0	9.0	5.0	
1583.0	0.0	2.0	1969.0	1969.0	1985.0	16.0	58.0	3.0	11.0	4.0	
1584.0	0.0	2.0	1970.0	1970.0	1985.0	15.0	42.0	3.0	4.0	1.0	
1585.0	0.0	2.0	1968.0	1968.0	1983.0	15.0	44.0	3.0	3.0	5.0	
1586.0	1.0	2.0	1924.0	1924.0	1941.0	17.0	35.0	2.0	10.0	5.0	
1587.0	1.0	2.0	1973.0	1973.0	1990.0	17.0	70.0	4.0	11.0	5.0	
1588.0	1.0	2.0	1969.0	1969.0	1987.0	18.0	95.0	5.0	8.0	5.0	
1589.0	0.0	2.0	1971.0	1971.0	1986.0	15.0	57.0	3.0	14.0	3.0	
1590.0	1.0	2.0	1969.0	1969.0	1986.0	17.0	82.0	5.0	6.0	2.0	
1591.0	0.0	2.0	1970.0	1970.0	1985.0	15.0	43.0	3.0	13.0	1.0	
1592.0	1.0	2.0	1967.0	1968.0	1985.0	17.0	90.0	5.0	4.0	1.0	
1593.0	1.0	2.0	1971.0	1971.0	1988.0	17.0	2.0	1.0	14.0	1.0	
1594.0	1.0	2.0	1971.0	1971.0	1988.0	17.0	72.0	4.0	11.0	2.0	
1595.0	1.0	2.0	1970.0	1970.0	1987.0	17.0	80.0	4.0	3.0	1.0	
1596.0	0.0	2.0	1971.0	1971.0	1986.0	15.0	57.0	3.0	14.0	3.0	
1597.0	0.0	2.0	1969.0	1969.0	1985.0	16.0	59.0	3.0	9.0	4.0	
1598.0	0.0	2.0	1970.0	1970.0	1985.0	15.0	42.0	3.0	4.0	1.0	
1599.0	1.0	2.0	1966.0	1966.0	1983.0	17.0	36.0	2.0	15.0	4.0	
1600.0	1.0	2.0	1914.0	1914.0	1931.0	17.0	85.0	5.0	3.0	5.0	
1601.0	1.0	2.0	1972.0	1973.0	1990.0	17.0	84.0	5.0	12.0	2.0	
1602.0	1.0	2.0	1969.0	1969.0	1987.0	18.0	75.0	4.0	8.0	5.0	
1603.0	1.0	2.0	1905.0	1905.0	1922.0	17.0	91.0	5.0	9.0	5.0	
1604.0	0.0	2.0	1971.0	1971.0	1986.0	15.0	41.0	3.0	15.0	4.0	
1605.0	1.0	2.0	1966.0	1966.0	1983.0	17.0	100.0	5.0	14.0	1.0	
1606.0	1.0	2.0	1971.0	1971.0	1988.0	17.0	62.0	4.0	7.0	4.0	
1607.0	1.0	2.0	1967.0	1967.0	1984.0	17.0	96.0	5.0	15.0	3.0	
1608.0	0.0	2.0	1963.0	1963.0	1978.0	15.0	54.0	3.0	10.0	5.0	
1609.0	1.0	2.0	1971.0	1972.0	1989.0	17.0	76.0	4.0	6.0	4.0	
1610.0	0.0	2.0	1972.0	1972.0	1987.0	15.0	59.0	3.0	9.0	4.0	
1611.0	1.0	2.0	1969.0	1969.0	1987.0	18.0	68.0	4.0	5.0	3.0	
1612.0	1.0	2.0	1972.0	1972.0	1990.0	18.0	93.0	5.0	4.0	5.0	
1613.0	1.0	2.0	1970.0	1970.0	1987.0	17.0	68.0	4.0	5.0	3.0	
1614.0	0.0	2.0	1973.0	1973.0	1988.0	15.0	52.0	3.0	4.0	3.0	
1615.0	1.0	2.0	1939.0	1939.0	1956.0	17.0	97.0	5.0	9.0	3.0	
1616.0	1.0	2.0	1970.0	1970.0	1987.0	17.0	43.0	3.0	13.0	1.0	
1617.0	1.0	2.0	1972.0	1973.0	1990.0	17.0	83.0	5.0	5.0	1.0	
1618.0	1.0	2.0	1969.0	1969.0	1987.0	18.0	80.0	4.0	3.0	1.0	
1619.0	1.0	2.0	1971.0	1971.0	1988.0	17.0	71.0	4.0	11.0	3.0	
1620.0	1.0	2.0	1964.0	1964.0	1981.0	17.0	89.0	5.0	14.0	2.0	
1621.0	1.0	2.0	1965.0	1966.0	1983.0	17.0	90.0	5.0	4.0	1.0	
1622.0	1.0	2.0	1973.0	1973.0	1990.0	17.0	87.0	5.0	5.0	5.0	
1623.0	0.0	2.0	1973.0	1973.0	1988.0	15.0	59.0	3.0	9.0	4.0	
1624.0	0.0	2.0	1973.0	1973.0	1988.0	15.0	60.0	3.0	3.0	3.0	
1625.0	1.0	2.0	1969.0	1969.0	1986.0	17.0	7.0	1.0	11.0	1.0	
1626.0	1.0	2.0	1971.0	1971.0	1988.0	17.0	87.0	5.0	5.0	5.0	
1627.0	1.0	2.0	1973.0	1973.0	1990.0	17.0	98.0	5.0	15.0	2.0	
1628.0	0.0	2.0	1973.0	1973.0	1988.0	15.0	53.0	3.0	12.0	3.0	
1629.0	1.0	2.0	1969.0	1969.0	1986.0	17.0	95.0	5.0	8.0	5.0	
1630.0	1.0	2.0	1973.0	1973.0	1991.0	18.0	77.0	4.0	8.0	2.0	
1631.0	1.0	2.0	1926.0	1926.0	1943.0	17.0	66.0	4.0	12.0	5.0	
1632.0	1.0	2.0	1973.0	1973.0	1990.0	17.0	96.0	5.0	15.0	3.0	
1633.0	1.0	2.0	1923.0	1923.0	1940.0	17.0	98.0	5.0	15.0	2.0	
1634.0	1.0	2.0	1965.0	1965.0	1982.0	17.0	82.0	5.0	6.0	2.0	
1635.0	1.0	2.0	1971.0	1971.0	1988.0	17.0	63.0	4.0	15.0	1.0	
1636.0	1.0	2.0	1973.0	1973.0	1990.0	17.0	82.0	5.0	6.0	2.0	
1637.0	1.0	2.0	1889.0	1889.0	1906.0	17.0	96.0	5.0	15.0	3.0	
1638.0	1.0	2.0	1967.0	1967.0	1984.0	17.0	6.0	1.0	7.0	1.0	
1639.0	1.0	2.0	1968.0	1968.0	1985.0	17.0	40.0	2.0	11.0	3.0	
1640.0	1.0	2.0	1857.0	1857.0	1874.0	17.0	92.0	5.0	10.0	4.0	
1641.0	1.0	2.0	1966.0	1966.0	1983.0	17.0	18.0	1.0	2.0	5.0	
1642.0	0.0	2.0	1973.0	1973.0	1989.0	16.0	56.0	3.0	13.0	5.0	
1643.0	1.0	2.0	1975.0	1975.0	1992.0	17.0	99.0	5.0	12.0	3.0	
1644.0	1.0	2.0	1958.0	1958.0	1975.0	17.0	92.0	5.0	10.0	4.0	
1645.0	1.0	2.0	1969.0	1969.0	1987.0	18.0	73.0	4.0	13.0	3.0	
1646.0	1.0	2.0	1961.0	1961.0	1979.0	18.0	91.0	5.0	9.0	5.0	
1647.0	1.0	2.0	1976.0	1976.0	1993.0	17.0	77.0	4.0	8.0	2.0	
1648.0	1.0	2.0	1955.0	1955.0	1972.0	17.0	96.0	5.0	15.0	3.0	
1649.0	1.0	2.0	1970.0	1970.0	1987.0	17.0	28.0	2.0	8.0	1.0	
1650.0	1.0	2.0	1952.0	1952.0	1969.0	17.0	71.0	4.0	11.0	3.0	
1651.0	1.0	2.0	1973.0	1973.0	1990.0	17.0	83.0	5.0	5.0	1.0	
1652.0	1.0	2.0	1975.0	1975.0	1992.0	17.0	83.0	5.0	5.0	1.0	
1653.0	1.0	2.0	1973.0	1973.0	1990.0	17.0	71.0	4.0	11.0	3.0	
1654.0	1.0	2.0	1969.0	1969.0	1986.0	17.0	96.0	5.0	15.0	3.0	
1655.0	1.0	2.0	1973.0	1973.0	1990.0	17.0	98.0	5.0	15.0	2.0	
1656.0	1.0	2.0	1969.0	1969.0	1986.0	17.0	24.0	2.0	14.0	4.0	
1657.0	1.0	2.0	1975.0	1975.0	1992.0	17.0	15.0	1.0	11.0	1.0	
1658.0	0.0	2.0	1973.0	1973.0	1988.0	15.0	43.0	3.0	13.0	1.0	
1659.0	1.0	2.0	1971.0	1971.0	1988.0	17.0	83.0	5.0	5.0	1.0	
1660.0	1.0	2.0	1971.0	1971.0	1988.0	17.0	67.0	4.0	3.0	3.0	
1661.0	1.0	2.0	1956.0	1956.0	1973.0	17.0	98.0	5.0	15.0	2.0	
1662.0	0.0	2.0	1975.0	1975.0	1990.0	15.0	56.0	3.0	13.0	5.0	
1663.0	1.0	2.0	1978.0	1978.0	1995.0	17.0	88.0	5.0	4.0	3.0	
1664.0	1.0	2.0	1975.0	1975.0	1992.0	17.0	99.0	5.0	12.0	3.0	
1665.0	0.0	2.0	1975.0	1975.0	1990.0	15.0	43.0	3.0	13.0	1.0	
1666.0	1.0	2.0	1970.0	1970.0	1987.0	17.0	66.0	4.0	12.0	5.0	
1667.0	1.0	2.0	1969.0	1969.0	1986.0	17.0	75.0	4.0	8.0	5.0	
1668.0	0.0	2.0	1973.0	1973.0	1989.0	16.0	53.0	3.0	12.0	3.0	
1669.0	1.0	2.0	1971.0	1971.0	1988.0	17.0	95.0	5.0	8.0	5.0	
1670.0	1.0	2.0	1977.0	1977.0	1995.0	18.0	64.0	4.0	4.0	2.0	
1671.0	1.0	2.0	1975.0	1975.0	1992.0	17.0	87.0	5.0	5.0	5.0	
1672.0	0.0	2.0	1973.0	1973.0	1988.0	15.0	46.0	3.0	14.0	3.0	
1673.0	0.0	2.0	1975.0	1975.0	1990.0	15.0	48.0	3.0	13.0	4.0	
1674.0	0.0	2.0	1975.0	1975.0	1990.0	15.0	52.0	3.0	4.0	3.0	
1675.0	0.0	2.0	1975.0	1975.0	1991.0	16.0	54.0	3.0	10.0	5.0	
1676.0	1.0	2.0	1943.0	1943.0	1960.0	17.0	66.0	4.0	12.0	5.0	
1677.0	1.0	2.0	1971.0	1971.0	1988.0	17.0	90.0	5.0	4.0	1.0	
1678.0	1.0	2.0	1970.0	1970.0	1987.0	17.0	31.0	2.0	8.0	1.0	
1679.0	1.0	2.0	1959.0	1960.0	1977.0	17.0	88.0	5.0	4.0	3.0	
1680.0	1.0	2.0	1959.0	1959.0	1976.0	17.0	90.0	5.0	4.0	1.0	
1681.0	1.0	2.0	1975.0	1975.0	1992.0	17.0	97.0	5.0	9.0	3.0	
1682.0	1.0	2.0	1950.0	1950.0	1967.0	17.0	73.0	4.0	13.0	3.0	
1683.0	1.0	2.0	1954.0	1954.0	1971.0	17.0	80.0	4.0	3.0	1.0	
1684.0	1.0	2.0	1971.0	1971.0	1988.0	17.0	13.0	1.0	3.0	1.0	
1685.0	0.0	2.0	1958.0	1958.0	1973.0	15.0	43.0	3.0	13.0	1.0	
1686.0	1.0	2.0	1960.0	1960.0	1977.0	17.0	66.0	4.0	12.0	5.0	
1687.0	1.0	2.0	1928.0	1928.0	1945.0	17.0	88.0	5.0	4.0	3.0	
1688.0	1.0	2.0	1971.0	1971.0	1988.0	17.0	61.0	4.0	12.0	4.0	
1689.0	1.0	2.0	1973.0	1973.0	1990.0	17.0	100.0	5.0	14.0	1.0	
1690.0	1.0	2.0	1963.0	1963.0	1980.0	17.0	96.0	5.0	15.0	3.0	
1691.0	1.0	2.0	1971.0	1971.0	1988.0	17.0	61.0	4.0	12.0	4.0	
1692.0	1.0	2.0	1969.0	1969.0	1986.0	17.0	89.0	5.0	14.0	2.0	
1693.0	1.0	2.0	1979.0	1979.0	1996.0	17.0	89.0	5.0	14.0	2.0	
1694.0	1.0	2.0	1970.0	1970.0	1988.0	18.0	100.0	5.0	14.0	1.0	
1695.0	1.0	2.0	1976.0	1976.0	1993.0	17.0	94.0	5.0	13.0	1.0	
1696.0	1.0	2.0	1973.0	1973.0	1990.0	17.0	78.0	4.0	8.0	1.0	
1697.0	1.0	2.0	1975.0	1975.0	1992.0	17.0	99.0	5.0	12.0	3.0	
1698.0	1.0	2.0	1973.0	1973.0	1990.0	17.0	89.0	5.0	14.0	2.0	
1699.0	1.0	2.0	1931.0	1931.0	1948.0	17.0	24.0	2.0	14.0	4.0	
1700.0	1.0	2.0	1970.0	1970.0	1987.0	17.0	74.0	4.0	1.0	3.0	
1701.0	1.0	2.0	1973.0	1973.0	1990.0	17.0	66.0	4.0	12.0	5.0	
1702.0	1.0	2.0	1973.0	1973.0	1990.0	17.0	94.0	5.0	13.0	1.0	
1703.0	1.0	2.0	1973.0	1973.0	1990.0	17.0	73.0	4.0	13.0	3.0	
1704.0	1.0	2.0	1975.0	1975.0	1992.0	17.0	86.0	5.0	15.0	4.0	
1705.0	1.0	2.0	1969.0	1969.0	1986.0	17.0	9.0	1.0	15.0	5.0	
1706.0	1.0	2.0	1973.0	1973.0	1990.0	17.0	88.0	5.0	4.0	3.0	
1707.0	1.0	2.0	1971.0	1971.0	1988.0	17.0	63.0	4.0	15.0	1.0	
1708.0	0.0	2.0	1978.0	1978.0	1993.0	15.0	54.0	3.0	10.0	5.0	
1709.0	0.0	2.0	1975.0	1975.0	1990.0	15.0	56.0	3.0	13.0	5.0	
1710.0	1.0	2.0	1969.0	1969.0	1986.0	17.0	97.0	5.0	9.0	3.0	
1711.0	1.0	2.0	1971.0	1971.0	1988.0	17.0	80.0	4.0	3.0	1.0	
1712.0	0.0	2.0	1975.0	1975.0	1991.0	16.0	46.0	3.0	14.0	3.0	
1713.0	1.0	2.0	1893.0	1893.0	1910.0	17.0	98.0	5.0	15.0	2.0	
1714.0	1.0	2.0	1895.0	1895.0	1912.0	17.0	92.0	5.0	10.0	4.0	
1715.0	1.0	2.0	1954.0	1954.0	1971.0	17.0	13.0	1.0	3.0	1.0	
1716.0	1.0	2.0	1891.0	1891.0	1908.0	17.0	75.0	4.0	8.0	5.0	
1717.0	1.0	2.0	1958.0	1958.0	1975.0	17.0	99.0	5.0	12.0	3.0	
1718.0	1.0	2.0	1963.0	1963.0	1980.0	17.0	94.0	5.0	13.0	1.0	
1719.0	1.0	2.0	1971.0	1971.0	1988.0	17.0	77.0	4.0	8.0	2.0	
1720.0	1.0	2.0	1971.0	1971.0	1988.0	17.0	74.0	4.0	1.0	3.0	
1721.0	1.0	2.0	1969.0	1969.0	1986.0	17.0	28.0	2.0	8.0	1.0	
1722.0	1.0	2.0	1971.0	1971.0	1988.0	17.0	73.0	4.0	13.0	3.0	
1723.0	1.0	2.0	1975.0	1975.0	1992.0	17.0	81.0	5.0	3.0	4.0	
1724.0	0.0	2.0	1975.0	1975.0	1990.0	15.0	42.0	3.0	4.0	1.0	
1725.0	1.0	2.0	1971.0	1971.0	1988.0	17.0	70.0	4.0	11.0	5.0	
1726.0	0.0	2.0	1960.0	1960.0	1975.0	15.0	46.0	3.0	14.0	3.0	
1727.0	1.0	2.0	1972.0	1972.0	1989.0	17.0	83.0	5.0	5.0	1.0	
1728.0	1.0	2.0	1949.0	1949.0	1966.0	17.0	22.0	2.0	6.0	2.0	
1729.0	1.0	2.0	1967.0	1967.0	1984.0	17.0	88.0	5.0	4.0	3.0	
1730.0	1.0	2.0	1978.0	1979.0	1996.0	17.0	87.0	5.0	5.0	5.0	
1731.0	1.0	2.0	1975.0	1975.0	1993.0	18.0	30.0	2.0	14.0	1.0	
1732.0	1.0	2.0	1970.0	1970.0	1987.0	17.0	61.0	4.0	12.0	4.0	
1733.0	1.0	2.0	1970.0	1970.0	1987.0	17.0	24.0	2.0	14.0	4.0	
1734.0	1.0	2.0	1971.0	1971.0	1988.0	17.0	78.0	4.0	8.0	1.0	
1735.0	1.0	2.0	1977.0	1977.0	1995.0	18.0	77.0	4.0	8.0	2.0	
1736.0	0.0	2.0	1966.0	1966.0	1981.0	15.0	57.0	3.0	14.0	3.0	
1737.0	1.0	2.0	1940.0	1940.0	1957.0	17.0	98.0	5.0	15.0	2.0	
1738.0	1.0	2.0	1983.0	1983.0	2000.0	17.0	64.0	4.0	4.0	2.0	
1739.0	0.0	2.0	1975.0	1975.0	1991.0	16.0	47.0	3.0	15.0	5.0	
1740.0	1.0	2.0	1979.0	1979.0	1996.0	17.0	88.0	5.0	4.0	3.0	
1741.0	1.0	2.0	1977.0	1977.0	1994.0	17.0	84.0	5.0	12.0	2.0	
1742.0	1.0	2.0	1970.0	1970.0	1987.0	17.0	1.0	1.0	11.0	3.0	
1743.0	1.0	2.0	1979.0	1979.0	1996.0	17.0	83.0	5.0	5.0	1.0	
1744.0	1.0	2.0	1891.0	1891.0	1908.0	17.0	10.0	1.0	15.0	1.0	
1745.0	1.0	2.0	1971.0	1971.0	1988.0	17.0	82.0	5.0	6.0	2.0	
1746.0	1.0	2.0	1977.0	1977.0	1994.0	17.0	84.0	5.0	12.0	2.0	
1747.0	1.0	2.0	1977.0	1977.0	1994.0	17.0	45.0	3.0	5.0	4.0	
1748.0	1.0	2.0	1969.0	1969.0	1986.0	17.0	91.0	5.0	9.0	5.0	
1749.0	1.0	2.0	1977.0	1977.0	1994.0	17.0	66.0	4.0	12.0	5.0	
1750.0	1.0	2.0	1946.0	1946.0	1963.0	17.0	100.0	5.0	14.0	1.0	
1751.0	1.0	2.0	1971.0	1971.0	1988.0	17.0	85.0	5.0	3.0	5.0	
1752.0	1.0	2.0	1973.0	1973.0	1990.0	17.0	91.0	5.0	9.0	5.0	
1753.0	1.0	2.0	1977.0	1977.0	1994.0	17.0	70.0	4.0	11.0	5.0	
1754.0	1.0	2.0	1977.0	1977.0	1994.0	17.0	78.0	4.0	8.0	1.0	
1755.0	1.0	2.0	1941.0	1941.0	1958.0	17.0	61.0	4.0	12.0	4.0	
1756.0	1.0	2.0	1971.0	1971.0	1988.0	17.0	81.0	5.0	3.0	4.0	
1757.0	1.0	2.0	1975.0	1975.0	1992.0	17.0	92.0	5.0	10.0	4.0	
1758.0	1.0	2.0	1961.0	1961.0	1978.0	17.0	88.0	5.0	4.0	3.0	
1759.0	1.0	2.0	1969.0	1969.0	1986.0	17.0	98.0	5.0	15.0	2.0	
1760.0	1.0	2.0	1973.0	1973.0	1990.0	17.0	96.0	5.0	15.0	3.0	
1761.0	0.0	2.0	1977.0	1977.0	1992.0	15.0	51.0	3.0	2.0	3.0	
1762.0	1.0	2.0	1960.0	1960.0	1977.0	17.0	85.0	5.0	3.0	5.0	
1763.0	1.0	2.0	1979.0	1979.0	1996.0	17.0	97.0	5.0	9.0	3.0	
1764.0	0.0	2.0	1949.0	1949.0	1964.0	15.0	41.0	3.0	15.0	4.0	
1765.0	0.0	2.0	1979.0	1979.0	1994.0	15.0	45.0	3.0	5.0	4.0	
1766.0	0.0	2.0	1918.0	1918.0	1933.0	15.0	48.0	3.0	13.0	4.0	
1767.0	1.0	2.0	1977.0	1977.0	1994.0	17.0	84.0	5.0	12.0	2.0	
1768.0	0.0	2.0	1918.0	1918.0	1933.0	15.0	52.0	3.0	4.0	3.0	
1769.0	0.0	2.0	1918.0	1918.0	1933.0	15.0	56.0	3.0	13.0	5.0	
1770.0	0.0	2.0	1979.0	1979.0	1994.0	15.0	60.0	3.0	3.0	3.0	
1771.0	0.0	2.0	1949.0	1949.0	1964.0	15.0	41.0	3.0	15.0	4.0	
1772.0	1.0	2.0	1916.0	1916.0	1933.0	17.0	63.0	4.0	15.0	1.0	
1773.0	1.0	2.0	1971.0	1971.0	1988.0	17.0	10.0	1.0	15.0	1.0	
1774.0	1.0	2.0	1878.0	1878.0	1895.0	17.0	100.0	5.0	14.0	1.0	
1775.0	1.0	2.0	1960.0	1960.0	1977.0	17.0	77.0	4.0	8.0	2.0	
1776.0	0.0	2.0	1918.0	1918.0	1933.0	15.0	56.0	3.0	13.0	5.0	
1777.0	1.0	2.0	1975.0	1975.0	1992.0	17.0	63.0	4.0	15.0	1.0	
1778.0	1.0	2.0	1975.0	1975.0	1993.0	18.0	77.0	4.0	8.0	2.0	
1779.0	1.0	2.0	1972.0	1973.0	1990.0	17.0	96.0	5.0	15.0	3.0	
1780.0	1.0	2.0	1973.0	1973.0	1990.0	17.0	98.0	5.0	15.0	2.0	
1781.0	0.0	2.0	1918.0	1918.0	1933.0	15.0	52.0	3.0	4.0	3.0	
1782.0	1.0	2.0	1948.0	1948.0	1965.0	17.0	19.0	1.0	13.0	4.0	
1783.0	0.0	2.0	1918.0	1918.0	1933.0	15.0	57.0	3.0	14.0	3.0	
1784.0	1.0	2.0	1973.0	1973.0	1990.0	17.0	12.0	1.0	5.0	3.0	
1785.0	1.0	2.0	1969.0	1969.0	1986.0	17.0	97.0	5.0	9.0	3.0	
1786.0	1.0	2.0	1958.0	1958.0	1975.0	17.0	95.0	5.0	8.0	5.0	
1787.0	1.0	2.0	1977.0	1977.0	1995.0	18.0	40.0	2.0	11.0	3.0	
1788.0	1.0	2.0	1969.0	1969.0	1986.0	17.0	25.0	2.0	12.0	2.0	
1789.0	1.0	2.0	1965.0	1965.0	1982.0	17.0	98.0	5.0	15.0	2.0	
1790.0	1.0	2.0	1918.0	1918.0	1935.0	17.0	79.0	4.0	7.0	3.0	
1791.0	1.0	2.0	1976.0	1976.0	1993.0	17.0	63.0	4.0	15.0	1.0	
1792.0	1.0	2.0	1971.0	1971.0	1988.0	17.0	78.0	4.0	8.0	1.0	
1793.0	0.0	2.0	1975.0	1975.0	1990.0	15.0	47.0	3.0	15.0	5.0	
1794.0	1.0	2.0	1977.0	1977.0	1994.0	17.0	81.0	5.0	3.0	4.0	
1795.0	1.0	2.0	1973.0	1973.0	1990.0	17.0	75.0	4.0	8.0	5.0	
1796.0	1.0	2.0	1973.0	1973.0	1990.0	17.0	68.0	4.0	5.0	3.0	
1797.0	1.0	2.0	1920.0	1920.0	1937.0	17.0	74.0	4.0	1.0	3.0	
1798.0	0.0	2.0	1920.0	1920.0	1935.0	15.0	43.0	3.0	13.0	1.0	
1799.0	0.0	2.0	1920.0	1920.0	1935.0	15.0	46.0	3.0	14.0	3.0	
1800.0	1.0	2.0	1977.0	1977.0	1994.0	17.0	65.0	4.0	11.0	2.0	
1801.0	0.0	2.0	1920.0	1920.0	1935.0	15.0	52.0	3.0	4.0	3.0	
1802.0	1.0	2.0	1972.0	1972.0	1989.0	17.0	67.0	4.0	3.0	3.0	
1803.0	1.0	2.0	1973.0	1973.0	1990.0	17.0	65.0	4.0	11.0	2.0	
1804.0	0.0	2.0	1920.0	1920.0	1935.0	15.0	60.0	3.0	3.0	3.0	
1805.0	1.0	2.0	1971.0	1971.0	1988.0	17.0	78.0	4.0	8.0	1.0	
1806.0	1.0	2.0	1973.0	1973.0	1990.0	17.0	79.0	4.0	7.0	3.0	
1807.0	1.0	2.0	1895.0	1895.0	1912.0	17.0	84.0	5.0	12.0	2.0	
1808.0	1.0	2.0	1978.0	1979.0	1996.0	17.0	88.0	5.0	4.0	3.0	
1809.0	1.0	2.0	1975.0	1975.0	1992.0	17.0	95.0	5.0	8.0	5.0	
1810.0	1.0	2.0	1975.0	1975.0	1993.0	18.0	25.0	2.0	12.0	2.0	
1811.0	1.0	2.0	1973.0	1973.0	1990.0	17.0	90.0	5.0	4.0	1.0	
1812.0	1.0	2.0	1975.0	1975.0	1992.0	17.0	89.0	5.0	14.0	2.0	
1813.0	1.0	2.0	1971.0	1972.0	1989.0	17.0	99.0	5.0	12.0	3.0	
1814.0	1.0	2.0	1977.0	1977.0	1995.0	18.0	72.0	4.0	11.0	2.0	
1815.0	1.0	2.0	1973.0	1973.0	1990.0	17.0	100.0	5.0	14.0	1.0	
1816.0	0.0	2.0	1941.0	1941.0	1956.0	15.0	56.0	3.0	13.0	5.0	
1817.0	1.0	2.0	1978.0	1978.0	1995.0	17.0	83.0	5.0	5.0	1.0	
1818.0	1.0	2.0	1964.0	1964.0	1982.0	18.0	36.0	2.0	15.0	4.0	
1819.0	0.0	2.0	1979.0	1979.0	1994.0	15.0	45.0	3.0	5.0	4.0	
1820.0	1.0	2.0	1979.0	1979.0	1996.0	17.0	81.0	5.0	3.0	4.0	
1821.0	1.0	2.0	1920.0	1920.0	1937.0	17.0	39.0	2.0	14.0	2.0	
1822.0	0.0	2.0	1973.0	1973.0	1989.0	16.0	23.0	2.0	7.0	3.0	
1823.0	0.0	2.0	1973.0	1973.0	1989.0	16.0	26.0	2.0	1.0	2.0	
1824.0	0.0	2.0	1964.0	1964.0	1979.0	15.0	30.0	2.0	14.0	1.0	
1825.0	1.0	2.0	1971.0	1971.0	1988.0	17.0	87.0	5.0	5.0	5.0	
1826.0	1.0	2.0	1936.0	1936.0	1953.0	17.0	80.0	4.0	3.0	1.0	
1827.0	0.0	2.0	1958.0	1958.0	1973.0	15.0	38.0	2.0	5.0	5.0	
1828.0	1.0	2.0	1975.0	1975.0	1992.0	17.0	97.0	5.0	9.0	3.0	
1829.0	1.0	2.0	1972.0	1972.0	1989.0	17.0	96.0	5.0	15.0	3.0	
1830.0	0.0	2.0	1958.0	1958.0	1973.0	15.0	29.0	2.0	2.0	5.0	
1831.0	0.0	2.0	1977.0	1977.0	1993.0	16.0	31.0	2.0	8.0	1.0	
1832.0	1.0	2.0	1942.0	1942.0	1959.0	17.0	88.0	5.0	4.0	3.0	
1833.0	1.0	2.0	1970.0	1970.0	1987.0	17.0	65.0	4.0	11.0	2.0	
1834.0	1.0	2.0	1971.0	1971.0	1988.0	17.0	89.0	5.0	14.0	2.0	
1835.0	0.0	2.0	1979.0	1979.0	1994.0	15.0	22.0	2.0	6.0	2.0	
1836.0	0.0	2.0	1976.0	1976.0	1991.0	15.0	26.0	2.0	1.0	2.0	
1837.0	1.0	2.0	1939.0	1939.0	1956.0	17.0	76.0	4.0	6.0	4.0	
1838.0	1.0	2.0	1967.0	1967.0	1984.0	17.0	84.0	5.0	12.0	2.0	
1839.0	1.0	2.0	1929.0	1929.0	1946.0	17.0	100.0	5.0	14.0	1.0	
1840.0	0.0	2.0	1973.0	1973.0	1988.0	15.0	39.0	2.0	14.0	2.0	
1841.0	1.0	2.0	1981.0	1981.0	1998.0	17.0	89.0	5.0	14.0	2.0	
1842.0	1.0	2.0	1973.0	1973.0	1990.0	17.0	61.0	4.0	12.0	4.0	
1843.0	1.0	2.0	1969.0	1969.0	1986.0	17.0	82.0	5.0	6.0	2.0	
1844.0	0.0	2.0	1973.0	1973.0	1989.0	16.0	29.0	2.0	2.0	5.0	
1845.0	1.0	2.0	1969.0	1969.0	1986.0	17.0	91.0	5.0	9.0	5.0	
1846.0	0.0	2.0	1962.0	1962.0	1977.0	15.0	35.0	2.0	10.0	5.0	
1847.0	0.0	2.0	1973.0	1973.0	1989.0	16.0	38.0	2.0	5.0	5.0	
1848.0	0.0	2.0	1980.0	1980.0	1995.0	15.0	23.0	2.0	7.0	3.0	
1849.0	1.0	2.0	1978.0	1979.0	1996.0	17.0	91.0	5.0	9.0	5.0	
1850.0	0.0	2.0	1973.0	1973.0	1989.0	16.0	29.0	2.0	2.0	5.0	
1851.0	1.0	2.0	1979.0	1979.0	1996.0	17.0	99.0	5.0	12.0	3.0	
1852.0	0.0	2.0	1975.0	1975.0	1990.0	15.0	34.0	2.0	14.0	1.0	
1853.0	0.0	2.0	1975.0	1975.0	1990.0	15.0	37.0	2.0	5.0	2.0	
1854.0	1.0	2.0	1975.0	1975.0	1992.0	17.0	75.0	4.0	8.0	5.0	
1855.0	1.0	2.0	1978.0	1978.0	1995.0	17.0	64.0	4.0	4.0	2.0	
1856.0	1.0	2.0	1977.0	1977.0	1994.0	17.0	85.0	5.0	3.0	5.0	
1857.0	1.0	2.0	1975.0	1975.0	1992.0	17.0	69.0	4.0	12.0	2.0	
1858.0	1.0	2.0	1981.0	1981.0	1998.0	17.0	80.0	4.0	3.0	1.0	
1859.0	0.0	2.0	1975.0	1975.0	1990.0	15.0	34.0	2.0	14.0	1.0	
1860.0	0.0	2.0	1977.0	1977.0	1992.0	15.0	38.0	2.0	5.0	5.0	
1861.0	1.0	2.0	1979.0	1979.0	1996.0	17.0	92.0	5.0	10.0	4.0	
1862.0	1.0	2.0	1974.0	1974.0	1991.0	17.0	67.0	4.0	3.0	3.0	
1863.0	1.0	2.0	1960.0	1960.0	1977.0	17.0	4.0	1.0	9.0	4.0	
1864.0	0.0	2.0	1979.0	1979.0	1994.0	15.0	30.0	2.0	14.0	1.0	
1865.0	1.0	2.0	1975.0	1975.0	1992.0	17.0	73.0	4.0	13.0	3.0	
1866.0	0.0	2.0	1977.0	1977.0	1992.0	15.0	35.0	2.0	10.0	5.0	
1867.0	1.0	2.0	1975.0	1975.0	1992.0	17.0	80.0	4.0	3.0	1.0	
1868.0	1.0	2.0	1973.0	1973.0	1990.0	17.0	97.0	5.0	9.0	3.0	
1869.0	1.0	2.0	1978.0	1978.0	1995.0	17.0	99.0	5.0	12.0	3.0	
1870.0	1.0	2.0	1902.0	1902.0	1919.0	17.0	83.0	5.0	5.0	1.0	
1871.0	1.0	2.0	1979.0	1979.0	1996.0	17.0	82.0	5.0	6.0	2.0	
1872.0	1.0	2.0	1979.0	1979.0	1996.0	17.0	91.0	5.0	9.0	5.0	
1873.0	1.0	2.0	1929.0	1929.0	1946.0	17.0	71.0	4.0	11.0	3.0	
1874.0	1.0	2.0	1979.0	1979.0	1996.0	17.0	98.0	5.0	15.0	2.0	
1875.0	1.0	2.0	1973.0	1973.0	1990.0	17.0	69.0	4.0	12.0	2.0	
1876.0	1.0	2.0	1981.0	1981.0	1998.0	17.0	67.0	4.0	3.0	3.0	
1877.0	1.0	2.0	1941.0	1941.0	1958.0	17.0	77.0	4.0	8.0	2.0	
1878.0	1.0	2.0	1976.0	1976.0	1993.0	17.0	75.0	4.0	8.0	5.0	
1879.0	1.0	2.0	1929.0	1929.0	1946.0	17.0	91.0	5.0	9.0	5.0	
1880.0	1.0	2.0	1975.0	1975.0	1992.0	17.0	86.0	5.0	15.0	4.0	
1881.0	1.0	2.0	1854.0	1854.0	1871.0	17.0	89.0	5.0	14.0	2.0	
1882.0	1.0	2.0	1977.0	1977.0	1994.0	17.0	79.0	4.0	7.0	3.0	
1883.0	1.0	2.0	1979.0	1979.0	1996.0	17.0	84.0	5.0	12.0	2.0	
1884.0	1.0	2.0	1973.0	1973.0	1990.0	17.0	81.0	5.0	3.0	4.0	
1885.0	1.0	2.0	1960.0	1960.0	1977.0	17.0	65.0	4.0	11.0	2.0	
1886.0	1.0	2.0	1979.0	1979.0	1996.0	17.0	82.0	5.0	6.0	2.0	
1887.0	1.0	2.0	1978.0	1979.0	1996.0	17.0	94.0	5.0	13.0	1.0	
1888.0	1.0	2.0	1975.0	1975.0	1992.0	17.0	100.0	5.0	14.0	1.0	
1889.0	1.0	2.0	1978.0	1978.0	1995.0	17.0	62.0	4.0	7.0	4.0	
1890.0	0.0	2.0	1937.0	1937.0	1952.0	15.0	28.0	2.0	8.0	1.0	
1891.0	1.0	2.0	1977.0	1977.0	1994.0	17.0	88.0	5.0	4.0	3.0	
1892.0	1.0	2.0	1977.0	1977.0	1995.0	18.0	68.0	4.0	5.0	3.0	
1893.0	1.0	2.0	1980.0	1980.0	1997.0	17.0	74.0	4.0	1.0	3.0	
1894.0	1.0	2.0	1944.0	1944.0	1961.0	17.0	95.0	5.0	8.0	5.0	
1895.0	1.0	2.0	1975.0	1975.0	1992.0	17.0	95.0	5.0	8.0	5.0	
1896.0	1.0	2.0	1981.0	1981.0	1998.0	17.0	47.0	3.0	15.0	5.0	
1897.0	1.0	2.0	1967.0	1967.0	1984.0	17.0	96.0	5.0	15.0	3.0	
1898.0	1.0	2.0	1977.0	1977.0	1994.0	17.0	85.0	5.0	3.0	5.0	
1899.0	1.0	2.0	1973.0	1973.0	1990.0	17.0	84.0	5.0	12.0	2.0	
1900.0	1.0	2.0	1937.0	1937.0	1954.0	17.0	59.0	3.0	9.0	4.0	
1901.0	1.0	2.0	1956.0	1956.0	1973.0	17.0	82.0	5.0	6.0	2.0	
1902.0	1.0	2.0	1967.0	1967.0	1984.0	17.0	54.0	3.0	10.0	5.0	
1903.0	1.0	2.0	1981.0	1981.0	1998.0	17.0	69.0	4.0	12.0	2.0	
1904.0	1.0	2.0	1979.0	1979.0	1996.0	17.0	84.0	5.0	12.0	2.0	
1905.0	1.0	2.0	1977.0	1977.0	1994.0	17.0	78.0	4.0	8.0	1.0	
1906.0	1.0	2.0	1979.0	1979.0	1996.0	17.0	87.0	5.0	5.0	5.0	
1907.0	1.0	2.0	1969.0	1969.0	1986.0	17.0	71.0	4.0	11.0	3.0	
1908.0	1.0	2.0	1975.0	1975.0	1992.0	17.0	65.0	4.0	11.0	2.0	
1909.0	1.0	2.0	1978.0	1978.0	1995.0	17.0	66.0	4.0	12.0	5.0	
1910.0	1.0	2.0	1956.0	1956.0	1973.0	17.0	71.0	4.0	11.0	3.0	
1911.0	1.0	2.0	1981.0	1981.0	1998.0	17.0	16.0	1.0	14.0	2.0	
1912.0	1.0	2.0	1972.0	1972.0	1989.0	17.0	64.0	4.0	4.0	2.0	
1913.0	1.0	2.0	1977.0	1977.0	1994.0	17.0	63.0	4.0	15.0	1.0	
1914.0	1.0	2.0	1973.0	1973.0	1990.0	17.0	99.0	5.0	12.0	3.0	
1915.0	1.0	2.0	1931.0	1931.0	1948.0	17.0	7.0	1.0	11.0	1.0	
1916.0	1.0	2.0	1971.0	1971.0	1988.0	17.0	67.0	4.0	3.0	3.0	
1917.0	1.0	2.0	1979.0	1979.0	1996.0	17.0	93.0	5.0	4.0	5.0	
1918.0	1.0	2.0	1979.0	1979.0	1996.0	17.0	89.0	5.0	14.0	2.0	
1919.0	0.0	2.0	1981.0	1981.0	1996.0	15.0	35.0	2.0	10.0	5.0	
1920.0	0.0	2.0	1937.0	1937.0	1952.0	15.0	39.0	2.0	14.0	2.0	
1921.0	1.0	2.0	1980.0	1980.0	1997.0	17.0	100.0	5.0	14.0	1.0	
1922.0	1.0	2.0	1980.0	1980.0	1998.0	18.0	96.0	5.0	15.0	3.0	
1923.0	1.0	2.0	1982.0	1982.0	1999.0	17.0	68.0	4.0	5.0	3.0	
1924.0	1.0	2.0	1979.0	1979.0	1997.0	18.0	76.0	4.0	6.0	4.0	
1925.0	1.0	2.0	1977.0	1977.0	1994.0	17.0	56.0	3.0	13.0	5.0	
1926.0	1.0	2.0	1954.0	1954.0	1972.0	18.0	64.0	4.0	4.0	2.0	
1927.0	1.0	2.0	1973.0	1973.0	1990.0	17.0	96.0	5.0	15.0	3.0	
1928.0	1.0	2.0	1950.0	1950.0	1967.0	17.0	96.0	5.0	15.0	3.0	
1929.0	1.0	2.0	1973.0	1973.0	1990.0	17.0	95.0	5.0	8.0	5.0	
1930.0	1.0	2.0	1925.0	1925.0	1942.0	17.0	5.0	1.0	15.0	2.0	
1931.0	1.0	2.0	1978.0	1979.0	1996.0	17.0	92.0	5.0	10.0	4.0	
1932.0	1.0	2.0	1980.0	1980.0	1997.0	17.0	20.0	1.0	4.0	5.0	
1933.0	1.0	2.0	1981.0	1981.0	1998.0	17.0	82.0	5.0	6.0	2.0	
1934.0	1.0	2.0	1976.0	1976.0	1993.0	17.0	100.0	5.0	14.0	1.0	
1935.0	1.0	2.0	1927.0	1927.0	1944.0	17.0	84.0	5.0	12.0	2.0	
1936.0	1.0	2.0	1982.0	1982.0	1999.0	17.0	98.0	5.0	15.0	2.0	
1937.0	1.0	2.0	1933.0	1933.0	1950.0	17.0	91.0	5.0	9.0	5.0	
1938.0	1.0	2.0	1977.0	1977.0	1994.0	17.0	81.0	5.0	3.0	4.0	
1939.0	1.0	2.0	1978.0	1978.0	1995.0	17.0	70.0	4.0	11.0	5.0	
1940.0	1.0	2.0	1979.0	1979.0	1996.0	17.0	97.0	5.0	9.0	3.0	
1941.0	1.0	2.0	1963.0	1963.0	1980.0	17.0	61.0	4.0	12.0	4.0	
1942.0	1.0	2.0	1982.0	1982.0	1999.0	17.0	50.0	3.0	9.0	1.0	
1943.0	1.0	2.0	1979.0	1979.0	1996.0	17.0	86.0	5.0	15.0	4.0	
1944.0	1.0	2.0	1979.0	1979.0	1996.0	17.0	67.0	4.0	3.0	3.0	
1945.0	1.0	2.0	1982.0	1982.0	1999.0	17.0	68.0	4.0	5.0	3.0	
1946.0	1.0	2.0	1896.0	1896.0	1913.0	17.0	88.0	5.0	4.0	3.0	
1947.0	0.0	2.0	1979.0	1979.0	1994.0	15.0	39.0	2.0	14.0	2.0	
1948.0	1.0	2.0	1887.0	1887.0	1904.0	17.0	90.0	5.0	4.0	1.0	
1949.0	1.0	2.0	1979.0	1979.0	1996.0	17.0	97.0	5.0	9.0	3.0	
1950.0	1.0	2.0	1980.0	1980.0	1997.0	17.0	95.0	5.0	8.0	5.0	
1951.0	1.0	2.0	1981.0	1981.0	1998.0	17.0	60.0	3.0	3.0	3.0	
1952.0	1.0	2.0	1979.0	1979.0	1996.0	17.0	64.0	4.0	4.0	2.0	
1953.0	1.0	2.0	1941.0	1941.0	1958.0	17.0	79.0	4.0	7.0	3.0	
1954.0	1.0	2.0	1977.0	1977.0	1994.0	17.0	89.0	5.0	14.0	2.0	
1955.0	1.0	2.0	1969.0	1969.0	1986.0	17.0	88.0	5.0	4.0	3.0	
1956.0	1.0	2.0	1920.0	1920.0	1937.0	17.0	76.0	4.0	6.0	4.0	
1957.0	1.0	2.0	1981.0	1981.0	1998.0	17.0	55.0	3.0	6.0	4.0	
1958.0	1.0	2.0	1978.0	1978.0	1995.0	17.0	51.0	3.0	2.0	3.0	
1959.0	1.0	2.0	1973.0	1973.0	1990.0	17.0	78.0	4.0	8.0	1.0	
1960.0	0.0	2.0	1981.0	1981.0	1996.0	15.0	37.0	2.0	5.0	2.0	
1961.0	1.0	2.0	1976.0	1976.0	1993.0	17.0	68.0	4.0	5.0	3.0	
1962.0	1.0	2.0	1979.0	1979.0	1996.0	17.0	85.0	5.0	3.0	5.0	
1963.0	1.0	2.0	1982.0	1982.0	1999.0	17.0	36.0	2.0	15.0	4.0	
1964.0	1.0	2.0	1979.0	1979.0	1996.0	17.0	94.0	5.0	13.0	1.0	
1965.0	1.0	2.0	1979.0	1979.0	1996.0	17.0	92.0	5.0	10.0	4.0	
1966.0	1.0	2.0	1977.0	1977.0	1994.0	17.0	83.0	5.0	5.0	1.0	
1967.0	1.0	2.0	1980.0	1980.0	1997.0	17.0	48.0	3.0	13.0	4.0	
1968.0	1.0	2.0	1946.0	1946.0	1963.0	17.0	94.0	5.0	13.0	1.0	
1969.0	1.0	2.0	1977.0	1977.0	1994.0	17.0	92.0	5.0	10.0	4.0	
1970.0	1.0	2.0	1980.0	1980.0	1997.0	17.0	78.0	4.0	8.0	1.0	
1971.0	1.0	2.0	1980.0	1980.0	1997.0	17.0	82.0	5.0	6.0	2.0	
1972.0	1.0	2.0	1977.0	1977.0	1994.0	17.0	70.0	4.0	11.0	5.0	
1973.0	1.0	2.0	1981.0	1981.0	1998.0	17.0	41.0	3.0	15.0	4.0	
1974.0	1.0	2.0	1978.0	1978.0	1995.0	17.0	93.0	5.0	4.0	5.0	
1975.0	0.0	2.0	1976.0	1976.0	1991.0	15.0	3.0	1.0	6.0	4.0	
1976.0	1.0	2.0	1980.0	1980.0	1997.0	17.0	81.0	5.0	3.0	4.0	
1977.0	1.0	2.0	1971.0	1972.0	1989.0	17.0	72.0	4.0	11.0	2.0	
1978.0	1.0	2.0	1971.0	1971.0	1988.0	17.0	82.0	5.0	6.0	2.0	
1979.0	1.0	2.0	1982.0	1982.0	1999.0	17.0	90.0	5.0	4.0	1.0	
1980.0	1.0	2.0	1946.0	1946.0	1963.0	17.0	96.0	5.0	15.0	3.0	
1981.0	1.0	2.0	1979.0	1979.0	1996.0	17.0	96.0	5.0	15.0	3.0	
1982.0	1.0	2.0	1976.0	1976.0	1993.0	17.0	90.0	5.0	4.0	1.0	
1983.0	1.0	2.0	1916.0	1916.0	1933.0	17.0	95.0	5.0	8.0	5.0	
1984.0	1.0	2.0	1978.0	1978.0	1995.0	17.0	95.0	5.0	8.0	5.0	
1985.0	1.0	2.0	1910.0	1910.0	1927.0	17.0	84.0	5.0	12.0	2.0	
1986.0	1.0	2.0	1910.0	1910.0	1927.0	17.0	89.0	5.0	14.0	2.0	
1987.0	1.0	2.0	1982.0	1982.0	1999.0	17.0	72.0	4.0	11.0	2.0	
1988.0	0.0	2.0	1977.0	1977.0	1993.0	16.0	4.0	1.0	9.0	4.0	
1989.0	1.0	2.0	1975.0	1975.0	1992.0	17.0	71.0	4.0	11.0	3.0	
1990.0	0.0	2.0	1981.0	1981.0	1996.0	15.0	8.0	1.0	15.0	3.0	
1991.0	1.0	2.0	1974.0	1974.0	1991.0	17.0	67.0	4.0	3.0	3.0	
1992.0	1.0	2.0	1981.0	1981.0	1998.0	17.0	52.0	3.0	4.0	3.0	
1993.0	1.0	2.0	1959.0	1959.0	1976.0	17.0	94.0	5.0	13.0	1.0	
1994.0	1.0	2.0	1982.0	1982.0	1999.0	17.0	79.0	4.0	7.0	3.0	
1995.0	1.0	2.0	1975.0	1975.0	1992.0	17.0	84.0	5.0	12.0	2.0	
1996.0	1.0	2.0	1979.0	1979.0	1996.0	17.0	85.0	5.0	3.0	5.0	
1997.0	0.0	2.0	1981.0	1981.0	1996.0	15.0	11.0	1.0	4.0	4.0	
1998.0	0.0	2.0	1981.0	1981.0	1996.0	15.0	14.0	1.0	13.0	5.0	
1999.0	1.0	2.0	1981.0	1981.0	1998.0	17.0	79.0	4.0	7.0	3.0	
2000.0	1.0	2.0	1979.0	1979.0	1996.0	17.0	85.0	5.0	3.0	5.0	
2001.0	1.0	2.0	1982.0	1982.0	1999.0	17.0	82.0	5.0	6.0	2.0	
2002.0	0.0	2.0	1908.0	1908.0	1923.0	15.0	6.0	1.0	7.0	1.0	
2003.0	1.0	2.0	1970.0	1970.0	1987.0	17.0	66.0	4.0	12.0	5.0	
2004.0	1.0	2.0	1981.0	1981.0	1998.0	17.0	82.0	5.0	6.0	2.0	
2005.0	1.0	2.0	1975.0	1975.0	1992.0	17.0	90.0	5.0	4.0	1.0	
2006.0	1.0	2.0	1981.0	1981.0	1998.0	17.0	66.0	4.0	12.0	5.0	
2007.0	1.0	2.0	1951.0	1951.0	1968.0	17.0	86.0	5.0	15.0	4.0	
2008.0	1.0	2.0	1983.0	1983.0	2000.0	17.0	68.0	4.0	5.0	3.0	
2009.0	1.0	2.0	1980.0	1980.0	1997.0	17.0	80.0	4.0	3.0	1.0	
2010.0	1.0	2.0	1983.0	1983.0	2000.0	17.0	90.0	5.0	4.0	1.0	
2011.0	1.0	2.0	1979.0	1979.0	1996.0	17.0	81.0	5.0	3.0	4.0	
2012.0	1.0	2.0	1981.0	1981.0	1998.0	17.0	45.0	3.0	5.0	4.0	
2013.0	1.0	2.0	1975.0	1975.0	1992.0	17.0	91.0	5.0	9.0	5.0	
2014.0	1.0	2.0	1979.0	1979.0	1996.0	17.0	64.0	4.0	4.0	2.0	
2015.0	1.0	2.0	1956.0	1956.0	1973.0	17.0	69.0	4.0	12.0	2.0	
2016.0	1.0	2.0	1977.0	1977.0	1994.0	17.0	62.0	4.0	7.0	4.0	
2017.0	1.0	2.0	1981.0	1981.0	1998.0	17.0	76.0	4.0	6.0	4.0	
2018.0	1.0	2.0	1983.0	1983.0	2000.0	17.0	71.0	4.0	11.0	3.0	
2019.0	1.0	2.0	1980.0	1980.0	1997.0	17.0	61.0	4.0	12.0	4.0	
2020.0	1.0	2.0	1972.0	1972.0	1990.0	18.0	97.0	5.0	9.0	3.0	
2021.0	1.0	2.0	1981.0	1981.0	1998.0	17.0	57.0	3.0	14.0	3.0	
2022.0	1.0	2.0	1980.0	1980.0	1997.0	17.0	90.0	5.0	4.0	1.0	
2023.0	1.0	2.0	1967.0	1967.0	1984.0	17.0	88.0	5.0	4.0	3.0	
2024.0	1.0	2.0	1960.0	1960.0	1977.0	17.0	72.0	4.0	11.0	2.0	
2025.0	1.0	2.0	1938.0	1938.0	1955.0	17.0	96.0	5.0	15.0	3.0	
2026.0	1.0	2.0	1967.0	1967.0	1984.0	17.0	65.0	4.0	11.0	2.0	
2027.0	1.0	2.0	1982.0	1982.0	1999.0	17.0	72.0	4.0	11.0	2.0	
2028.0	1.0	2.0	1979.0	1979.0	1996.0	17.0	46.0	3.0	14.0	3.0	
2029.0	1.0	2.0	1974.0	1974.0	1991.0	17.0	98.0	5.0	15.0	2.0	
2030.0	1.0	2.0	1982.0	1982.0	1999.0	17.0	74.0	4.0	1.0	3.0	
2031.0	1.0	2.0	1981.0	1981.0	1998.0	17.0	54.0	3.0	10.0	5.0	
2032.0	1.0	2.0	1979.0	1979.0	1996.0	17.0	65.0	4.0	11.0	2.0	
2033.0	1.0	2.0	1981.0	1981.0	1998.0	17.0	62.0	4.0	7.0	4.0	
2034.0	1.0	2.0	1982.0	1982.0	1999.0	17.0	19.0	1.0	13.0	4.0	
2035.0	1.0	2.0	1982.0	1983.0	2000.0	17.0	87.0	5.0	5.0	5.0	
2036.0	1.0	2.0	1979.0	1979.0	1996.0	17.0	97.0	5.0	9.0	3.0	
2037.0	1.0	2.0	1969.0	1969.0	1986.0	17.0	77.0	4.0	8.0	2.0	
2038.0	1.0	2.0	1908.0	1908.0	1925.0	17.0	90.0	5.0	4.0	1.0	
2039.0	1.0	2.0	1980.0	1980.0	1998.0	18.0	94.0	5.0	13.0	1.0	
2040.0	1.0	2.0	1977.0	1977.0	1994.0	17.0	92.0	5.0	10.0	4.0	
2041.0	1.0	2.0	1982.0	1982.0	1999.0	17.0	83.0	5.0	5.0	1.0	
2042.0	1.0	2.0	1939.0	1939.0	1957.0	18.0	67.0	4.0	3.0	3.0	
2043.0	1.0	2.0	1948.0	1948.0	1965.0	17.0	82.0	5.0	6.0	2.0	
2044.0	1.0	2.0	1982.0	1982.0	1999.0	17.0	76.0	4.0	6.0	4.0	
2045.0	1.0	2.0	1979.0	1979.0	1996.0	17.0	98.0	5.0	15.0	2.0	
2046.0	1.0	2.0	1967.0	1967.0	1985.0	18.0	62.0	4.0	7.0	4.0	
2047.0	1.0	2.0	1980.0	1980.0	1998.0	18.0	94.0	5.0	13.0	1.0	
2048.0	1.0	2.0	1980.0	1980.0	1997.0	17.0	76.0	4.0	6.0	4.0	
=====================================================================================================================================================
Map output of word std deviation map task #, VM#, VM Flavour #, PM#, Rack #, Reduce1, Reduce2, etc (how much each map task produces to different reduce tasks)
=====================================================================================================================================================
1.0	100.0	14.0	14.0	4.85	4.48	3.54	6.03	5.96	5.51	7.3	4.01	4.18	10.03	5.31	7.81	5.4	8.1	9.76	5.64	5.81	4.73	8.31	
2.0	82.0	6.0	6.0	4.55	7.46	4.84	8.8	9.93	8.76	7.88	9.09	9.5	5.04	8.33	4.69	10.21	9.24	4.4	6.48	6.61	9.17	9.29	
3.0	85.0	3.0	3.0	3.64	9.58	4.06	10.3	4.18	3.99	7.93	10.09	4.45	4.46	5.46	9.53	6.71	4.47	9.74	6.37	5.11	7.77	9.18	
4.0	88.0	4.0	4.0	5.77	10.42	3.57	7.31	10.06	5.89	7.96	9.72	10.4	5.86	4.14	4.06	3.56	7.09	10.22	9.24	4.34	4.46	4.88	
5.0	91.0	9.0	9.0	8.11	4.92	4.53	3.64	4.76	6.06	3.75	5.13	6.84	4.57	8.41	8.15	5.73	7.46	6.57	9.42	4.22	4.08	8.98	
6.0	26.0	1.0	1.0	5.49	5.74	8.99	8.83	4.42	8.56	9.35	8.8	7.94	5.42	3.68	4.69	9.5	8.26	10.03	7.48	9.21	6.49	8.3	
7.0	97.0	9.0	9.0	6.91	5.77	4.03	8.36	7.84	8.7	6.72	5.42	9.41	6.35	9.03	5.4	4.15	7.25	5.46	4.35	8.76	3.65	9.21	
8.0	81.0	3.0	3.0	3.89	4.05	5.97	8.59	4.25	7.98	10.04	8.44	9.81	7.67	9.78	10.35	9.46	10.22	5.85	10.0	7.4	9.53	1.56837309477881	
9.0	83.0	5.0	5.0	8.24	4.56	5.19	8.26	10.21	8.85	5.36	9.93	6.83	3.54	7.32	6.58	3.96	7.43	8.71	4.72	3.63	5.31	8.13	
10.0	86.0	15.0	15.0	8.63	8.59	9.25	9.69	4.0	4.54	7.02	8.59	8.18	9.04	7.92	5.31	9.51	9.83	7.92	8.71	9.77	7.25	8.466452374763275	
11.0	89.0	14.0	14.0	3.88	4.76	7.7	7.24	5.22	6.04	4.92	8.74	6.94	6.2	5.02	5.84	7.38	8.92	8.17	4.57	4.82	8.88	4.66	
12.0	69.0	12.0	12.0	3.87	5.82	5.89	3.82	10.28	5.66	6.84	3.67	4.85	7.27	5.48	6.46	4.26	8.8	3.85	6.12	10.02	7.23	4.46	
13.0	96.0	15.0	15.0	5.49	9.14	6.81	7.03	5.21	8.67	7.32	10.36	9.59	4.14	10.11	4.78	8.41	7.3	8.32	8.03	9.16	9.82	4.662114536684798	
14.0	98.0	15.0	15.0	8.66	10.03	3.85	10.39	6.62	4.78	7.53	5.72	6.08	5.67	6.85	5.03	4.39	3.92	6.58	4.87	9.98	9.91	7.97	
15.0	61.0	12.0	12.0	8.85	7.89	8.22	8.04	5.47	6.19	6.0	4.68	3.59	7.29	5.42	6.73	7.11	4.22	4.62	6.27	9.26	4.09	9.46	
16.0	84.0	12.0	12.0	5.18	6.46	7.42	6.1	5.98	9.18	8.61	8.43	9.79	10.13	4.12	6.62	6.45	8.43	8.24	4.52	5.06	3.96	10.39	
17.0	88.0	4.0	4.0	8.98	7.86	5.13	8.13	10.08	8.79	9.69	4.38	8.03	4.74	10.33	3.76	6.78	6.21	5.14	9.11	7.78	8.23	4.88	
18.0	26.0	1.0	1.0	8.24	5.48	6.95	6.91	9.79	3.71	9.6	10.16	6.29	5.88	6.61	5.51	4.89	10.0	7.9	6.73	10.14	9.71	9.75	
19.0	93.0	4.0	4.0	5.24	6.96	9.05	6.38	9.15	10.07	10.08	9.45	5.31	9.68	8.77	6.69	10.2	5.17	7.11	8.38	5.72	5.64	9.763876090997773	
20.0	96.0	15.0	15.0	4.59	8.85	4.04	5.49	8.25	9.22	6.89	5.31	5.86	5.52	7.14	6.96	7.34	8.43	9.27	8.02	10.17	9.96	8.75	
21.0	100.0	14.0	14.0	6.34	10.44	5.38	9.49	3.92	4.61	3.82	7.38	5.5	6.76	8.34	5.87	8.82	4.65	4.95	7.42	7.51	9.15	7.47	
22.0	51.0	2.0	2.0	6.27	7.38	4.12	7.73	6.95	9.75	5.97	6.85	4.88	9.27	7.81	5.06	4.52	3.61	8.14	6.2	9.3	6.79	8.28	
23.0	85.0	3.0	3.0	8.63	10.39	9.39	7.19	6.15	5.23	5.31	6.84	3.52	6.8	6.45	8.54	4.32	9.61	9.28	6.85	8.58	3.98	5.86	
24.0	89.0	14.0	14.0	9.6	9.29	7.69	6.99	9.53	5.85	3.87	6.37	5.55	7.23	8.81	5.79	4.11	10.33	8.42	5.74	6.4	8.22	7.1	
25.0	69.0	12.0	12.0	9.92	9.43	10.48	4.07	7.18	9.54	9.64	5.19	7.31	9.76	6.15	9.76	10.49	4.56	4.88	5.03	9.81	5.24	7.756317402056447	
26.0	95.0	8.0	8.0	5.87	10.37	8.55	5.05	8.08	8.92	3.73	9.36	4.07	7.41	3.72	3.95	7.16	8.95	9.25	8.38	4.82	9.05	3.58	
27.0	97.0	9.0	9.0	6.09	5.31	9.83	8.0	6.14	7.09	5.87	9.2	10.16	9.95	3.8	7.64	8.35	5.34	4.84	6.56	6.6	5.04	7.35	
28.0	81.0	3.0	3.0	5.89	5.0	7.34	10.09	6.2	8.43	7.97	7.05	8.95	6.08	10.33	8.33	5.65	6.57	6.81	4.35	4.62	8.46	5.23	
29.0	75.0	8.0	8.0	5.7	9.23	8.47	7.24	9.99	4.92	8.12	5.58	7.91	7.03	6.39	5.27	4.01	9.47	6.11	8.78	7.51	8.37	7.46	
30.0	53.0	12.0	12.0	6.25	5.24	9.83	7.16	6.59	10.29	6.95	3.64	9.87	8.09	4.42	7.14	3.77	6.61	5.97	5.18	7.96	6.07	4.71	
31.0	90.0	4.0	4.0	9.96	4.15	9.12	9.7	6.68	9.77	6.81	8.91	6.65	4.3	8.64	8.89	4.64	9.21	6.36	3.69	7.75	3.66	6.92	
32.0	93.0	4.0	4.0	8.43	8.37	7.26	8.77	8.32	4.86	8.5	5.58	7.27	8.44	4.02	10.39	8.04	5.51	6.94	4.43	4.95	8.58	4.18	
33.0	95.0	8.0	8.0	5.2	7.17	6.54	7.19	9.82	7.14	4.17	10.37	4.43	9.32	8.07	5.51	4.24	9.98	5.23	9.35	8.41	5.82	10.18	
34.0	45.0	5.0	5.0	9.44	5.35	4.76	7.54	7.24	5.44	5.43	3.83	3.62	3.54	3.53	8.72	6.95	6.88	4.23	8.64	9.44	6.11	5.41	
35.0	82.0	6.0	6.0	4.43	9.35	8.12	8.79	10.39	6.38	3.91	10.03	6.88	7.48	7.89	6.76	4.38	7.09	7.14	10.04	4.79	6.4	10.02	
36.0	84.0	12.0	12.0	3.75	4.25	5.47	10.48	5.01	6.18	3.85	3.53	5.99	8.99	5.7	8.77	9.81	5.19	6.33	5.49	7.12	5.91	8.26	
37.0	32.0	14.0	14.0	4.68	3.75	6.79	7.08	4.09	7.44	4.16	6.03	4.84	8.43	8.26	8.76	9.44	3.7	6.45	6.97	7.08	3.73	6.17	
38.0	91.0	9.0	9.0	6.89	7.37	4.42	9.14	6.96	8.15	9.32	10.43	4.39	4.62	4.91	9.32	4.13	9.78	6.2	6.32	8.74	4.88	9.94	
39.0	78.0	8.0	8.0	8.2	3.55	6.54	10.19	6.16	4.8	4.74	8.97	4.3	9.29	10.16	9.94	5.21	9.9	6.35	7.26	4.49	3.76	5.15	
40.0	96.0	15.0	15.0	5.99	10.27	9.94	9.09	8.99	5.11	4.05	4.37	6.89	8.99	5.39	5.93	8.07	6.59	7.18	10.18	6.7	7.93	4.49	
41.0	46.0	14.0	14.0	4.52	6.97	3.76	4.34	8.97	4.05	6.64	6.58	7.14	5.1	9.74	4.3	10.25	3.66	5.68	7.47	5.65	8.08	10.22	
42.0	45.0	5.0	5.0	9.75	6.92	9.17	6.72	9.21	8.02	10.2	8.81	7.18	4.31	6.28	6.82	8.98	9.04	10.36	5.33	8.27	4.83	8.83447677635382	
43.0	41.0	15.0	15.0	9.32	4.22	5.5	5.79	5.35	8.12	7.57	7.31	7.29	8.8	7.48	8.79	10.35	8.61	5.38	3.85	6.52	4.17	6.01	
44.0	90.0	4.0	4.0	8.45	7.27	9.48	9.23	9.77	3.56	7.0	7.44	5.59	4.25	9.19	6.03	6.92	3.54	6.98	6.35	5.16	7.63	7.37	
45.0	34.0	14.0	14.0	7.05	6.36	5.43	7.3	9.71	7.09	5.84	4.71	6.73	9.82	7.13	8.47	8.11	8.44	8.77	7.63	10.27	10.25	1.7417270734052832	
46.0	77.0	8.0	8.0	7.16	4.22	7.08	7.05	8.45	9.73	3.77	10.1	5.18	9.07	8.46	8.2	5.41	6.78	8.12	5.11	9.15	4.41	6.1	
47.0	97.0	9.0	9.0	4.73	6.17	5.49	6.57	10.43	5.57	7.9	7.88	6.27	4.0	9.52	7.17	8.04	10.34	6.34	10.4	5.92	6.01	6.86	
48.0	30.0	14.0	14.0	6.59	5.32	8.13	4.72	4.34	4.98	8.65	9.24	9.79	5.07	3.53	10.05	5.46	7.02	9.44	10.07	4.97	7.28	6.29	
49.0	24.0	14.0	14.0	4.45	4.37	9.48	7.93	3.57	6.13	4.71	9.99	5.77	6.49	4.62	5.92	5.55	7.72	6.32	6.83	5.8	5.73	8.24	
50.0	78.0	8.0	8.0	3.89	7.17	6.08	6.29	7.57	7.06	8.76	5.82	4.3	9.82	6.03	5.18	6.2	10.24	3.92	3.68	5.78	6.67	6.64	
51.0	77.0	8.0	8.0	4.67	6.67	5.01	5.36	6.31	4.29	4.59	6.18	5.84	8.5	9.76	7.58	4.75	9.2	8.49	7.48	3.99	5.31	9.58	
52.0	55.0	6.0	6.0	8.7	8.44	5.32	5.73	10.04	4.37	8.14	5.05	9.26	8.18	9.02	5.04	10.47	4.03	9.27	4.56	3.91	9.05	4.63	
53.0	68.0	5.0	5.0	4.9	10.07	5.44	6.45	9.34	4.74	6.39	6.0	8.1	6.06	8.51	7.16	7.8	6.96	8.27	9.32	8.36	3.94	7.24	
54.0	98.0	15.0	15.0	10.06	7.02	4.08	7.52	4.59	9.83	4.91	3.9	8.6	4.79	8.23	4.19	9.05	6.09	10.05	10.27	3.76	8.93	4.35	
55.0	47.0	15.0	15.0	6.68	7.66	3.52	7.7	8.21	5.81	5.65	8.97	5.27	6.27	10.1	9.14	7.77	5.39	4.51	7.29	8.95	5.32	8.34	
56.0	12.0	5.0	5.0	8.29	9.02	3.85	10.07	9.48	6.6	5.05	3.6	7.4	9.26	4.81	10.47	5.09	3.76	5.94	8.18	7.91	10.16	4.53	
57.0	25.0	12.0	12.0	7.9	10.42	7.79	9.68	10.27	3.83	3.95	4.51	8.49	4.75	7.19	7.69	4.66	6.29	5.74	7.08	7.64	10.33	7.89	
58.0	14.0	13.0	13.0	8.71	10.34	4.0	7.09	4.65	9.96	10.08	3.83	8.66	8.9	6.07	8.59	5.79	10.2	7.62	5.6	3.74	8.93	6.23	
59.0	7.0	11.0	11.0	10.24	6.6	8.93	4.84	10.12	5.58	7.19	6.27	8.63	8.13	8.4	3.74	7.73	8.14	9.78	5.69	6.63	8.7	4.12	
60.0	97.0	9.0	9.0	7.92	6.23	4.49	4.44	8.17	5.91	9.16	7.38	9.27	5.82	3.61	7.13	9.66	8.14	10.16	10.24	4.37	6.71	7.78	
61.0	13.0	3.0	3.0	9.62	7.59	3.52	8.46	6.21	9.15	3.76	8.92	4.38	5.48	4.55	8.91	6.41	8.48	5.53	3.92	5.35	8.35	4.36	
62.0	72.0	11.0	11.0	10.05	7.25	4.75	6.4	6.33	10.14	9.97	5.32	6.16	10.33	5.61	4.14	4.5	7.09	6.37	4.58	8.58	7.91	5.74	
63.0	67.0	3.0	3.0	5.36	7.81	5.59	7.72	3.76	8.91	8.83	9.01	4.96	6.8	4.41	6.7	8.57	9.6	9.88	6.51	5.07	6.26	9.13	
64.0	2.0	14.0	14.0	4.8	7.51	3.51	7.24	8.57	6.28	3.54	5.25	8.61	7.93	5.32	7.81	4.12	9.32	8.71	5.58	4.18	10.15	5.79	
65.0	23.0	7.0	7.0	5.9	4.98	9.95	4.15	4.15	3.52	6.02	8.8	4.43	9.12	4.73	9.63	4.46	6.02	10.41	10.29	10.25	7.9	9.7	
66.0	9.0	15.0	15.0	5.74	8.99	4.77	6.42	7.73	8.98	7.77	10.38	9.4	7.51	9.53	10.4	10.36	6.84	4.68	6.56	9.14	7.01	2.8654710648201673	
67.0	10.0	15.0	15.0	10.4	4.94	7.1	6.88	7.9	9.0	9.22	7.26	5.7	6.98	3.89	3.9	9.97	6.41	3.9	6.85	3.81	9.84	9.29	
68.0	28.0	8.0	8.0	5.64	5.47	9.28	6.66	5.03	4.65	5.49	9.83	6.86	10.0	8.88	8.41	4.8	3.72	9.67	4.21	6.05	7.1	5.49	
69.0	4.0	9.0	9.0	9.2	6.0	6.47	7.63	9.94	10.15	7.23	5.89	7.34	6.96	9.45	5.87	3.93	8.43	9.99	8.03	8.41	4.73	9.95	
70.0	78.0	8.0	8.0	8.25	5.97	9.85	7.67	6.04	7.97	6.92	9.35	7.94	7.59	6.92	5.05	6.77	4.02	7.54	9.93	9.58	8.22	7.32	
71.0	48.0	13.0	13.0	9.19	7.52	8.57	9.07	9.68	5.75	9.22	10.08	5.21	3.71	3.76	5.41	4.91	10.3	6.07	4.52	4.42	3.55	6.64	
72.0	80.0	3.0	3.0	3.59	4.12	5.07	6.21	6.6	7.89	8.29	5.01	6.71	6.28	10.38	9.7	9.74	8.6	4.32	6.37	9.31	8.36	6.5	
73.0	51.0	2.0	2.0	6.92	7.35	6.12	10.17	4.03	10.39	7.19	7.12	8.68	8.03	3.91	5.24	8.65	4.7	7.68	6.77	8.51	6.52	8.35	
74.0	5.0	15.0	15.0	10.14	5.88	8.68	6.22	7.57	10.46	3.64	5.95	7.17	4.81	6.34	6.01	4.94	7.74	6.53	8.6	8.03	4.63	4.49	
75.0	54.0	10.0	10.0	9.39	7.88	7.15	6.92	4.27	4.84	6.81	5.72	6.8	4.61	10.46	8.51	3.98	4.0	4.89	10.14	8.11	6.28	5.65	
76.0	68.0	5.0	5.0	8.75	5.83	6.87	4.44	5.13	4.65	3.96	7.97	7.96	6.8	10.47	10.42	9.78	7.54	9.45	4.59	6.83	4.93	6.39	
77.0	59.0	9.0	9.0	5.14	4.82	10.13	7.89	9.74	9.06	4.53	4.97	6.91	4.78	4.5	6.94	8.51	6.92	8.85	3.54	5.86	8.22	7.98	
78.0	59.0	9.0	9.0	9.48	9.24	6.36	5.88	7.08	9.53	7.25	9.46	7.79	6.72	8.03	4.54	6.46	5.68	3.6	10.49	10.18	4.12	10.03	
79.0	78.0	8.0	8.0	4.83	7.71	6.59	8.28	6.46	9.39	8.62	5.52	7.19	5.55	4.28	5.71	9.09	4.92	6.71	5.89	5.56	7.19	6.41	
80.0	80.0	3.0	3.0	3.96	6.14	4.85	5.88	8.67	8.12	5.98	5.4	8.58	4.15	10.26	4.98	5.42	9.42	7.78	9.66	9.77	9.21	6.93	
81.0	66.0	12.0	12.0	4.45	9.73	4.79	9.51	8.49	9.92	3.78	9.53	8.91	7.61	8.86	7.01	6.73	7.73	4.37	3.77	10.11	6.62	9.47	
82.0	57.0	14.0	14.0	5.86	7.03	7.95	10.42	9.19	8.86	7.77	7.45	9.81	9.75	7.53	7.05	9.27	3.54	9.62	8.04	5.44	6.55	2.4109385462440227	
83.0	79.0	7.0	7.0	9.0	7.94	10.47	7.73	7.06	7.75	10.06	9.86	5.75	9.17	5.22	8.85	8.66	5.35	7.17	8.78	6.15	5.03	6.52771156739097	
84.0	89.0	14.0	14.0	4.7	9.96	8.09	3.7	9.24	3.6	5.66	3.81	6.05	6.4	4.57	9.07	8.71	5.69	6.98	8.27	7.11	5.26	3.95	
85.0	43.0	13.0	13.0	4.98	7.35	8.84	5.59	8.68	10.3	7.56	7.22	8.52	8.25	8.1	5.8	8.14	7.13	10.47	6.69	8.98	8.71	6.328409059589869	
86.0	72.0	11.0	11.0	9.1	5.23	10.32	9.55	4.75	8.98	4.59	9.66	8.63	8.28	6.54	9.81	8.96	7.52	8.43	4.14	8.36	8.43	10.30786344328766	
87.0	99.0	12.0	12.0	4.57	6.38	7.26	3.54	4.41	4.2	8.96	3.95	8.34	8.64	7.18	9.91	6.57	6.25	6.8	9.68	3.66	5.42	3.92	
88.0	67.0	3.0	3.0	9.12	6.59	4.06	9.38	8.77	8.66	9.7	8.81	8.18	5.47	4.84	6.32	4.47	8.1	9.23	7.52	8.63	5.14	8.65	
89.0	57.0	14.0	14.0	9.24	9.64	5.94	8.51	4.21	9.2	7.02	4.9	9.41	6.27	4.4	9.37	4.83	3.94	7.49	7.49	5.43	3.8	4.43	
90.0	32.0	14.0	14.0	6.75	5.1	9.9	6.45	8.23	8.35	3.85	6.84	8.29	10.37	8.29	5.84	5.2	4.32	4.01	3.86	9.61	6.49	3.99	
91.0	55.0	6.0	6.0	10.01	6.12	4.7	3.57	5.2	9.77	6.0	5.07	10.14	6.36	8.19	9.99	5.3	5.35	3.81	3.58	5.39	6.62	8.66	
92.0	15.0	11.0	11.0	9.22	8.83	9.47	7.19	8.55	4.95	6.05	8.63	7.1	10.36	7.32	7.98	6.41	3.68	4.36	3.52	7.96	9.27	8.39	
93.0	36.0	15.0	15.0	4.01	6.51	5.62	7.41	10.11	7.52	7.17	10.36	9.14	3.97	4.97	6.69	4.04	8.39	8.53	5.16	8.26	6.48	9.68	
94.0	99.0	12.0	12.0	9.11	6.14	9.49	4.95	3.57	7.71	5.61	4.25	7.39	5.43	6.06	6.64	6.23	9.33	9.59	3.74	4.47	8.44	4.33	
95.0	81.0	3.0	3.0	8.28	9.23	7.56	8.21	9.91	8.13	4.72	3.7	7.09	8.8	9.99	6.87	8.94	3.79	9.84	4.99	7.05	9.7	4.45	
96.0	84.0	12.0	12.0	6.67	10.38	3.98	4.25	7.51	4.61	6.98	4.29	4.21	5.48	8.08	9.6	10.33	9.34	4.41	4.37	5.41	7.75	7.78	
97.0	87.0	5.0	5.0	4.03	10.26	3.77	7.46	3.56	7.02	9.27	10.32	7.41	5.57	8.91	6.83	4.04	9.67	6.0	7.84	10.18	6.57	5.94	
98.0	50.0	9.0	9.0	9.24	7.0	4.54	4.6	4.92	6.76	5.43	9.41	9.02	6.33	8.41	6.34	6.84	4.03	4.22	8.31	4.35	8.61	9.82	
99.0	93.0	4.0	4.0	4.31	9.23	4.36	5.27	3.79	9.06	3.94	4.98	5.33	4.64	5.86	7.69	8.73	5.05	7.63	6.6	5.99	3.63	3.95	
100.0	58.0	11.0	11.0	8.69	9.12	6.62	10.0	7.34	5.11	4.58	4.31	5.29	9.1	7.61	8.51	3.51	8.49	9.49	8.37	7.11	5.93	8.94	
101.0	53.0	12.0	12.0	6.79	8.62	8.35	7.33	7.53	7.81	3.54	4.96	4.43	4.01	5.48	5.4	8.9	4.8	5.16	6.78	10.15	9.42	9.12	
102.0	82.0	6.0	6.0	7.9	10.4	6.57	6.23	7.93	9.79	4.76	7.84	9.05	8.53	7.18	4.81	6.22	10.38	4.96	9.84	8.35	4.63	9.16	
103.0	85.0	3.0	3.0	9.16	4.02	10.43	5.31	6.91	7.7	9.6	8.42	6.17	4.63	5.02	6.05	3.54	9.72	5.67	4.33	9.35	8.97	8.35	
104.0	88.0	4.0	4.0	8.43	7.56	7.67	5.83	5.03	6.5	4.34	6.99	9.79	6.08	7.12	5.74	3.51	10.07	5.73	10.2	9.63	3.55	4.76	
105.0	75.0	8.0	8.0	7.92	10.25	7.33	6.79	8.15	4.97	6.83	5.87	10.09	7.64	10.26	3.93	6.51	6.31	10.21	8.83	9.24	6.13	6.81	
106.0	94.0	13.0	13.0	6.76	5.47	9.73	9.43	6.08	7.9	8.59	3.75	5.79	8.63	5.71	3.77	4.04	10.33	6.82	6.15	7.27	8.53	4.44	
107.0	97.0	9.0	9.0	4.38	10.18	4.0	9.47	6.74	3.81	5.79	7.98	4.01	4.72	8.15	8.63	10.36	8.31	7.21	8.31	6.59	4.93	5.8	
108.0	67.0	3.0	3.0	9.18	7.74	3.81	3.65	9.27	10.34	3.5	3.67	10.28	6.0	10.32	7.01	8.62	6.56	9.23	8.32	8.43	6.64	7.84	
109.0	83.0	5.0	5.0	5.48	7.39	8.86	7.13	5.77	9.31	5.99	9.38	6.14	5.66	9.04	3.57	9.24	7.92	6.43	8.08	8.11	7.75	4.51	
110.0	86.0	15.0	15.0	6.05	7.73	3.82	4.44	3.78	4.75	8.56	9.07	6.24	6.99	9.95	6.36	7.57	4.01	8.4	7.39	7.97	6.79	6.58	
111.0	89.0	14.0	14.0	6.77	9.8	4.49	6.53	10.2	5.45	5.76	5.76	6.58	5.54	7.62	9.38	5.23	5.48	7.15	3.69	9.57	9.32	4.62	
112.0	75.0	8.0	8.0	4.06	8.04	3.57	5.23	6.78	7.03	10.03	8.66	5.29	5.8	3.82	10.07	7.86	5.37	4.87	10.35	5.94	5.13	8.07	
113.0	95.0	8.0	8.0	5.44	6.44	8.99	6.5	9.11	10.14	4.91	10.01	6.85	10.13	7.75	5.75	5.11	6.12	8.64	4.41	7.48	3.69	8.09	
114.0	98.0	15.0	15.0	8.36	9.03	4.77	6.18	7.13	6.06	5.13	8.41	4.91	9.77	4.58	9.33	3.77	4.7	6.53	3.64	4.34	9.75	4.94	
115.0	79.0	7.0	7.0	6.75	7.43	5.57	3.88	6.35	6.46	3.71	3.64	9.24	9.47	7.9	4.83	9.28	4.08	10.35	10.4	3.64	9.58	6.0	
116.0	84.0	12.0	12.0	4.66	4.58	9.69	8.63	5.95	3.87	7.79	4.05	7.89	8.79	3.63	9.59	3.97	6.09	3.84	9.02	4.12	5.04	6.2	
117.0	87.0	5.0	5.0	10.05	5.89	6.05	9.44	4.1	4.3	6.19	5.96	4.68	9.99	5.01	9.48	8.72	5.19	5.55	6.59	8.53	8.45	7.28	
118.0	90.0	4.0	4.0	7.06	4.54	7.97	4.83	5.91	8.78	6.19	8.72	6.84	7.89	9.03	5.98	5.59	4.38	6.01	5.36	8.49	9.73	4.68	
119.0	93.0	4.0	4.0	8.18	5.53	3.56	7.49	7.18	9.08	9.87	4.96	3.56	5.58	4.34	5.93	8.54	6.76	9.13	6.17	5.37	6.18	8.94	
120.0	61.0	12.0	12.0	10.39	4.2	8.84	6.16	3.99	7.14	9.21	8.42	7.6	4.74	8.03	6.17	5.34	10.23	8.24	9.01	9.8	6.81	10.2	
121.0	99.0	12.0	12.0	5.81	9.85	10.22	6.13	6.74	10.06	7.95	4.65	8.21	5.79	8.07	6.41	5.59	3.7	7.31	3.64	8.78	9.15	9.95	
122.0	73.0	13.0	13.0	9.4	6.91	5.01	6.13	6.98	9.28	5.84	8.98	10.38	9.72	6.14	8.48	7.22	4.75	7.65	9.62	6.93	4.49	4.22	
123.0	85.0	3.0	3.0	4.86	4.78	4.87	4.79	10.2	6.71	6.57	5.8	5.32	5.99	8.7	6.11	5.52	7.72	9.79	4.97	5.23	9.79	6.51	
124.0	88.0	4.0	4.0	7.49	8.34	5.42	7.1	4.27	8.03	5.03	4.38	9.1	8.8	6.07	4.56	7.89	9.16	6.09	7.87	3.78	5.27	7.28	
125.0	91.0	9.0	9.0	8.0	3.77	10.02	5.31	7.18	10.06	4.4	4.46	4.74	5.84	7.0	7.03	9.83	10.15	4.04	6.95	5.63	5.22	5.86	
126.0	94.0	13.0	13.0	4.98	9.78	8.75	9.34	9.73	10.37	4.81	8.28	5.11	10.44	7.18	8.94	3.79	8.1	5.11	9.79	10.02	5.28	10.017537495917104	
127.0	97.0	9.0	9.0	6.05	9.9	7.4	10.37	7.94	5.34	4.61	7.11	4.81	3.78	8.75	4.09	8.51	9.18	4.92	7.13	5.41	6.31	8.72	
128.0	100.0	14.0	14.0	9.71	7.12	9.82	3.5	3.62	7.53	4.79	7.43	5.64	4.81	5.47	8.39	5.57	8.77	4.05	7.91	9.46	4.64	5.76	
129.0	83.0	5.0	5.0	4.76	4.73	3.71	5.37	10.08	6.67	9.18	3.63	7.69	6.0	6.23	9.21	8.8	9.51	10.04	9.61	7.06	7.19	5.42	
130.0	86.0	15.0	15.0	7.6	10.14	9.72	8.53	6.43	8.2	5.85	8.79	6.5	10.09	5.83	8.9	10.41	10.03	8.93	8.2	7.58	1.2649094743923128	4.758941358753579	
131.0	89.0	14.0	14.0	5.21	7.56	4.52	8.46	7.02	10.16	5.54	10.13	5.99	4.34	8.23	10.18	4.3	3.77	8.78	5.74	7.84	8.03	5.67	
132.0	92.0	10.0	10.0	6.92	9.68	5.49	4.81	7.5	7.72	7.14	8.05	7.61	7.16	9.73	4.58	4.81	7.84	5.59	4.19	9.19	7.08	5.14	
133.0	62.0	7.0	7.0	4.23	4.0	4.17	9.87	7.29	10.08	10.1	4.11	6.71	6.36	4.85	8.72	7.45	9.35	3.57	5.19	6.53	5.85	6.19	
134.0	98.0	15.0	15.0	5.72	6.17	9.04	9.96	8.13	9.65	8.97	3.65	6.82	7.78	3.61	6.73	6.68	6.95	9.89	7.75	6.85	5.18	5.36	
135.0	81.0	3.0	3.0	6.04	7.77	9.73	7.0	5.52	10.29	9.78	6.57	6.79	8.78	6.75	6.76	10.3	7.21	7.08	4.39	6.39	10.21	7.19	
136.0	85.0	3.0	3.0	6.15	6.35	5.54	4.64	4.84	8.9	5.67	10.26	5.66	9.03	4.48	5.73	8.45	10.17	4.37	6.48	6.7	9.78	7.32	
137.0	87.0	5.0	5.0	8.91	6.4	10.4	10.4	8.76	10.01	6.46	10.28	7.48	5.75	6.93	9.33	9.01	5.82	4.2	4.31	9.06	4.49	6.56	
138.0	90.0	4.0	4.0	5.4	3.85	7.66	6.26	6.26	10.29	7.14	8.21	4.38	4.7	9.28	8.46	6.32	9.79	5.21	4.76	4.3	3.72	9.53	
139.0	93.0	4.0	4.0	7.95	4.41	6.99	10.13	4.04	9.22	7.68	9.3	9.92	7.68	9.76	4.22	4.32	7.89	8.29	10.35	3.56	9.29	9.64	
140.0	96.0	15.0	15.0	6.92	9.66	9.88	10.4	9.96	10.15	3.56	6.85	7.78	7.53	7.21	9.07	4.7	8.98	9.51	5.41	9.27	7.15	0.9724667226520451	
141.0	99.0	12.0	12.0	9.45	4.06	6.99	6.84	8.34	4.33	3.84	8.06	7.17	7.05	5.86	4.14	10.13	10.03	7.19	3.57	4.43	6.56	5.82	
142.0	82.0	6.0	6.0	9.62	6.4	7.72	8.69	6.31	9.09	9.86	3.85	8.88	5.94	7.74	4.65	5.5	8.56	7.72	4.51	6.24	5.63	4.63	
143.0	87.0	5.0	5.0	8.89	9.88	8.67	8.04	5.82	5.86	8.43	7.58	7.64	3.58	9.6	8.31	9.13	9.35	10.5	7.97	7.35	4.0	5.498024800382656	
144.0	88.0	4.0	4.0	5.66	3.95	3.95	7.03	4.13	7.62	10.41	3.57	9.7	3.74	7.8	6.39	6.78	4.16	6.24	8.14	4.63	7.8	9.85	
145.0	91.0	9.0	9.0	9.92	8.02	9.55	3.86	6.1	10.17	8.1	7.67	10.42	4.22	7.79	5.41	9.63	3.7	4.38	6.13	4.14	8.73	4.12	
146.0	94.0	13.0	13.0	5.79	6.56	7.46	10.29	7.83	10.46	3.72	9.4	6.71	5.47	8.32	9.86	7.71	10.29	8.81	4.44	5.79	6.71	6.69	
147.0	97.0	9.0	9.0	9.71	8.48	5.31	9.98	9.39	4.46	5.48	7.78	4.66	7.0	9.25	4.68	9.75	5.31	6.74	9.39	4.96	3.99	8.09	
148.0	100.0	14.0	14.0	9.91	4.38	5.77	8.55	9.76	6.56	9.38	7.45	5.67	10.47	10.26	9.01	7.21	7.15	3.98	10.31	7.65	6.53	6.079352405199613	
149.0	78.0	8.0	8.0	5.92	7.74	4.83	3.72	5.23	6.13	8.44	6.11	7.75	6.84	9.3	6.75	10.28	7.28	7.62	5.05	5.48	6.04	6.31	
150.0	87.0	5.0	5.0	6.28	5.05	3.72	8.73	6.61	8.31	3.94	7.51	4.93	3.87	6.0	9.32	3.62	6.76	7.69	8.68	5.16	7.17	5.78	
151.0	89.0	14.0	14.0	3.76	9.16	4.99	5.26	10.33	5.7	7.09	3.63	8.85	4.89	7.02	6.72	9.55	4.02	5.12	8.3	5.09	3.97	7.21	
152.0	92.0	10.0	10.0	5.76	9.07	4.82	5.46	4.46	4.6	8.24	7.17	8.66	6.36	10.43	7.58	5.72	7.99	8.39	3.53	6.27	7.1	9.98	
153.0	95.0	8.0	8.0	10.13	3.72	8.17	6.28	4.59	10.23	4.86	5.54	9.11	7.15	10.09	10.47	5.98	7.39	8.14	6.36	7.28	6.16	9.39	
154.0	99.0	12.0	12.0	10.15	9.87	5.43	4.47	4.12	5.35	7.28	8.4	4.35	5.59	6.99	5.41	9.13	5.85	3.85	9.78	6.09	4.66	7.67	
155.0	83.0	5.0	5.0	8.67	4.42	8.53	3.77	9.68	4.3	7.55	4.68	7.06	4.66	6.51	7.31	9.53	6.67	5.66	6.69	6.35	6.56	5.4	
156.0	59.0	9.0	9.0	9.21	5.69	9.21	9.84	4.08	4.09	9.75	9.1	8.81	4.64	10.07	7.93	9.46	4.08	9.51	5.85	5.77	10.09	4.42	
157.0	63.0	15.0	15.0	9.21	4.88	9.15	8.33	5.63	8.89	8.53	8.14	6.64	9.13	8.17	7.77	9.95	5.7	6.9	5.68	4.33	8.76	8.73	
158.0	63.0	15.0	15.0	6.07	4.03	9.2	9.3	9.21	8.87	7.1	8.41	6.28	7.82	6.03	10.36	8.38	5.24	5.13	4.15	7.38	7.21	9.5	
159.0	31.0	8.0	8.0	6.71	10.16	7.06	7.17	6.72	6.53	8.45	4.62	6.26	6.11	4.96	5.38	9.79	8.7	5.94	6.23	7.6	5.78	10.37	
160.0	58.0	11.0	11.0	6.62	6.73	5.83	6.36	5.55	6.88	3.53	4.33	7.99	8.46	10.25	5.66	9.41	6.21	9.43	9.58	10.26	5.37	5.82	
161.0	46.0	14.0	14.0	9.65	8.05	4.75	3.73	7.26	3.83	6.67	6.99	8.68	8.12	10.08	10.02	5.8	5.65	10.2	4.37	6.78	8.84	4.29	
162.0	49.0	12.0	12.0	8.48	5.39	7.61	4.83	10.38	9.92	7.72	7.7	9.86	6.81	7.03	6.32	5.93	10.06	4.62	4.73	9.71	4.61	7.74	
163.0	76.0	6.0	6.0	6.51	5.85	7.14	4.86	7.09	5.25	5.63	6.92	6.66	5.12	7.33	8.49	5.23	4.6	7.91	4.08	4.69	4.2	4.92	
164.0	78.0	8.0	8.0	7.48	5.44	7.83	7.53	9.29	5.29	3.93	7.42	6.73	5.22	7.13	8.28	6.05	8.8	6.45	7.79	6.1	9.63	9.42	
165.0	49.0	12.0	12.0	6.64	5.81	4.79	8.15	8.17	5.96	7.17	9.91	6.06	8.88	5.07	10.04	7.05	7.06	3.66	8.5	6.18	5.47	5.49	
166.0	94.0	13.0	13.0	6.45	5.11	8.31	6.36	4.95	4.92	9.27	4.91	4.59	4.01	9.38	7.05	8.24	4.18	9.46	7.33	6.23	10.01	5.56	
167.0	53.0	12.0	12.0	8.01	9.06	3.88	6.3	5.53	8.08	9.92	4.94	9.72	8.45	8.0	9.76	8.4	6.15	8.33	10.13	10.4	7.85	3.9045692997197143	
168.0	100.0	14.0	14.0	9.23	6.48	6.3	7.75	7.02	3.87	5.53	7.2	8.0	7.3	9.22	10.07	3.59	8.41	7.05	7.26	8.04	8.15	5.87	
169.0	59.0	9.0	9.0	4.63	5.35	4.11	4.21	4.67	4.15	4.65	3.69	7.06	6.49	6.26	10.38	9.37	9.81	3.69	8.25	6.85	3.9	7.14	
170.0	79.0	7.0	7.0	7.12	5.61	7.23	5.77	8.83	6.11	3.83	8.44	5.38	10.24	7.5	8.34	5.9	9.91	6.05	10.28	4.65	5.0	8.9	
171.0	77.0	8.0	8.0	5.32	4.49	3.61	10.01	7.52	3.74	10.18	6.86	5.34	4.63	7.09	6.2	6.21	8.33	9.55	9.41	6.06	5.2	6.19	
172.0	44.0	3.0	3.0	4.67	5.6	9.83	9.89	5.22	5.63	8.95	3.88	3.57	6.72	8.75	6.04	8.35	7.52	6.02	4.51	8.57	6.22	6.69	
173.0	54.0	10.0	10.0	7.65	5.88	5.66	9.37	5.18	6.12	9.52	4.96	8.78	8.72	5.7	6.29	4.65	4.58	9.24	10.2	9.35	6.36	5.5	
174.0	98.0	15.0	15.0	6.93	7.82	9.72	5.06	4.03	3.88	3.9	9.4	9.5	8.09	6.11	7.23	4.43	7.69	6.28	6.42	9.42	8.68	4.52	
175.0	83.0	5.0	5.0	7.54	6.27	4.24	6.18	7.53	4.4	6.3	5.37	4.82	9.71	8.87	4.91	9.34	6.04	9.62	7.22	4.85	7.51	7.24	
176.0	75.0	8.0	8.0	4.72	6.81	5.35	6.31	5.13	8.1	5.98	4.93	4.42	8.94	3.94	5.43	6.46	5.83	6.39	9.53	8.0	6.07	4.81	
177.0	67.0	3.0	3.0	4.51	8.38	6.11	6.01	4.13	4.8	9.75	9.45	4.18	7.5	6.07	4.07	4.74	5.79	10.15	8.92	9.33	5.27	4.22	
178.0	65.0	11.0	11.0	8.42	4.92	6.78	4.0	6.39	7.02	6.94	4.71	7.26	6.14	7.34	9.14	8.41	9.39	7.4	6.77	7.37	6.07	8.07	
179.0	47.0	15.0	15.0	4.91	4.17	8.36	7.4	8.31	6.27	3.66	10.24	8.9	8.68	8.55	9.5	7.6	7.97	9.65	5.83	6.62	5.59	7.84	
180.0	47.0	15.0	15.0	4.0	4.8	7.37	6.12	3.84	10.25	7.39	6.47	8.3	10.38	8.61	10.25	8.78	3.58	5.17	7.4	5.11	4.84	5.35	
181.0	99.0	12.0	12.0	4.98	9.8	8.91	3.97	6.1	10.13	5.86	6.32	5.53	4.6	5.02	10.31	8.58	9.99	8.39	6.01	5.35	7.12	4.18	
182.0	77.0	8.0	8.0	7.37	8.36	7.93	7.25	7.22	9.36	6.4	4.65	9.76	6.74	5.42	4.78	4.2	4.88	7.03	7.67	4.61	9.05	5.08	
183.0	80.0	3.0	3.0	8.03	9.88	3.93	8.54	4.53	7.78	5.71	6.65	5.29	8.88	10.11	4.25	10.19	9.18	7.06	10.16	5.1	6.08	4.45	
184.0	88.0	4.0	4.0	8.8	8.67	10.37	7.41	7.43	7.53	4.69	4.68	9.66	5.09	10.08	8.85	7.4	10.49	6.23	4.12	8.29	4.43	9.07	
185.0	91.0	9.0	9.0	7.14	5.89	7.69	4.86	7.92	5.01	8.2	9.2	9.35	8.68	8.4	5.22	5.77	4.43	3.87	7.02	8.11	5.15	6.15	
186.0	94.0	13.0	13.0	7.26	5.15	4.97	9.3	9.84	6.69	4.47	4.73	6.2	8.7	10.43	7.04	8.72	6.89	7.03	5.57	4.75	7.0	9.84	
187.0	97.0	9.0	9.0	5.17	3.59	8.19	9.49	8.89	5.08	4.77	4.95	8.23	10.23	3.95	10.48	8.84	4.26	6.44	6.12	5.77	6.53	5.88	
188.0	100.0	14.0	14.0	4.48	7.67	10.02	5.82	9.62	9.5	5.38	3.62	5.7	5.13	8.64	7.0	10.22	9.14	8.56	5.27	6.23	4.29	3.72	
189.0	83.0	5.0	5.0	10.41	4.12	10.41	6.03	6.99	8.42	6.85	9.63	5.31	8.77	7.22	8.54	9.91	4.87	3.63	8.91	5.91	8.46	6.36	
190.0	86.0	15.0	15.0	4.97	9.03	7.71	3.72	4.82	3.7	7.54	4.5	5.55	3.96	9.75	10.02	7.72	5.0	8.9	6.05	9.92	7.21	10.26	
191.0	89.0	14.0	14.0	5.34	5.47	9.65	3.91	5.94	10.15	6.85	9.37	7.03	6.27	4.67	8.91	6.03	6.48	9.33	9.34	4.6	9.59	4.19	
192.0	28.0	8.0	8.0	5.81	8.8	6.95	5.71	6.7	6.75	4.7	8.24	8.55	4.02	5.61	5.41	6.1	9.34	4.99	5.59	7.81	9.83	9.62	
193.0	79.0	7.0	7.0	8.41	5.49	10.21	4.03	6.98	9.92	3.59	3.72	4.67	8.41	9.74	6.24	4.35	10.11	8.55	6.24	7.64	9.71	8.18	
194.0	47.0	15.0	15.0	7.61	8.69	5.8	4.16	7.05	8.34	4.07	8.52	4.85	5.51	5.73	8.25	7.57	7.7	5.53	7.86	5.31	8.1	4.27	
195.0	81.0	3.0	3.0	3.67	5.04	8.61	6.76	3.71	8.71	5.94	8.36	7.57	6.99	9.48	4.38	5.3	6.24	7.83	8.0	9.14	8.84	3.73	
196.0	84.0	12.0	12.0	6.47	8.41	3.84	5.33	4.09	10.36	10.29	6.09	9.93	9.11	5.74	10.04	3.81	4.15	9.15	8.85	8.2	4.92	10.31	
197.0	87.0	5.0	5.0	7.68	9.17	6.69	10.05	10.29	5.99	8.82	10.49	7.13	5.68	7.51	6.54	7.94	4.68	4.94	3.83	7.18	5.19	8.89	
198.0	90.0	4.0	4.0	9.29	9.59	4.0	3.54	9.82	6.16	9.12	6.99	5.8	8.9	9.73	4.84	5.95	4.97	5.39	7.34	4.66	3.89	7.52	
199.0	93.0	4.0	4.0	10.32	8.73	3.76	10.23	9.41	7.58	5.6	5.06	9.91	6.3	5.27	10.0	7.5	8.73	8.41	9.81	4.77	8.96	5.955798655755603	
200.0	96.0	15.0	15.0	5.11	8.26	8.66	10.37	8.99	8.85	3.57	10.35	8.4	3.97	3.88	3.51	5.75	4.35	5.94	4.0	8.62	10.46	7.8	
201.0	99.0	12.0	12.0	8.45	5.28	5.11	4.32	8.16	5.24	9.21	8.78	4.5	3.51	5.24	4.51	4.07	5.14	8.36	5.68	6.39	10.09	6.09	
202.0	62.0	7.0	7.0	7.58	9.05	7.9	4.16	6.48	7.59	6.99	9.91	9.87	6.51	6.03	9.76	5.06	4.62	9.61	5.53	10.0	8.5	6.43	
203.0	85.0	3.0	3.0	10.33	7.21	6.42	8.46	3.9	9.08	3.77	6.21	6.8	4.96	9.38	6.86	4.08	4.11	7.18	3.76	9.48	9.51	6.19	
204.0	88.0	4.0	4.0	4.72	8.39	5.77	5.85	3.83	6.24	10.26	5.86	8.02	4.13	3.62	3.57	8.94	6.64	3.81	7.03	4.27	6.76	7.42	
205.0	91.0	9.0	9.0	6.13	5.08	10.21	9.57	8.45	9.99	8.78	8.31	7.37	6.29	9.56	6.84	5.96	7.14	8.12	8.27	10.06	8.82	3.586841549956515	
206.0	94.0	13.0	13.0	6.37	3.64	8.54	7.58	10.37	7.32	8.14	5.63	7.74	4.79	5.78	9.51	7.94	9.02	4.53	4.0	5.54	5.18	9.07	
207.0	97.0	9.0	9.0	6.58	10.44	6.64	4.86	5.64	8.33	6.07	4.47	7.89	7.17	3.68	3.78	5.54	5.05	10.3	5.24	7.48	5.74	9.06	
208.0	100.0	14.0	14.0	10.29	4.63	4.64	7.05	4.26	6.57	8.9	7.25	6.09	10.22	5.49	4.62	6.0	4.64	10.26	10.17	8.93	6.97	3.55	
209.0	83.0	5.0	5.0	10.13	5.01	4.5	9.53	4.47	4.18	6.09	8.87	4.36	6.69	3.77	10.13	4.83	8.05	4.66	3.81	5.11	7.45	6.86	
210.0	87.0	5.0	5.0	10.04	4.53	6.13	9.6	5.61	3.76	7.49	8.32	9.59	6.27	6.43	5.05	8.04	6.87	3.87	4.96	9.9	6.9	9.66	
211.0	89.0	14.0	14.0	8.12	8.41	4.37	4.28	7.22	7.92	10.21	6.75	6.87	7.43	9.2	8.38	6.62	9.71	5.27	6.9	5.22	9.74	4.42	
212.0	92.0	10.0	10.0	9.18	6.15	8.33	8.96	4.76	5.24	6.14	5.9	6.9	5.97	7.81	7.6	7.81	9.75	3.94	9.68	5.03	7.39	7.73	
213.0	95.0	8.0	8.0	10.02	3.69	7.04	5.57	4.25	6.85	6.21	9.94	8.01	5.85	8.68	4.49	7.74	6.11	5.54	8.53	8.69	7.37	9.48	
214.0	3.0	6.0	6.0	10.28	5.35	5.7	4.12	8.94	8.52	6.7	7.31	7.64	10.47	5.81	9.64	9.52	5.54	4.57	9.61	7.87	10.01	4.36	
215.0	81.0	3.0	3.0	5.52	6.23	7.26	6.08	8.56	4.89	10.06	8.16	5.9	4.08	10.22	7.77	8.86	7.51	4.06	10.25	7.25	8.67	7.86	
216.0	84.0	12.0	12.0	9.09	7.88	8.77	3.74	9.97	6.22	9.42	4.28	9.28	9.32	5.22	9.76	3.67	6.52	5.77	5.54	8.3	4.39	10.33	
217.0	89.0	14.0	14.0	6.64	6.35	10.33	5.95	5.51	10.39	6.43	9.81	8.95	8.01	8.42	9.66	9.97	6.36	10.39	5.65	9.15	3.61	5.225165295339857	
218.0	90.0	4.0	4.0	4.84	8.4	9.4	5.78	6.09	8.97	7.8	4.26	10.11	7.75	8.16	4.68	5.89	5.62	5.11	6.76	3.78	7.69	4.14	
219.0	93.0	4.0	4.0	7.58	8.78	5.21	8.08	5.64	9.32	7.41	5.42	9.65	10.05	5.77	4.1	7.26	3.7	4.76	7.01	9.46	3.55	7.64	
220.0	70.0	11.0	11.0	8.75	4.81	9.84	5.62	4.55	7.81	9.96	8.43	4.38	5.37	4.1	9.72	9.53	4.28	6.16	10.49	8.16	4.77	4.38	
221.0	99.0	12.0	12.0	4.95	4.25	9.36	4.35	3.71	7.3	5.82	8.23	4.68	5.01	4.51	7.89	4.5	6.86	9.25	6.05	8.87	5.82	9.05	
222.0	82.0	6.0	6.0	7.14	4.0	5.42	7.8	8.95	5.96	9.13	7.2	7.41	9.02	7.17	10.19	6.65	5.99	10.05	3.64	4.58	5.99	4.96	
223.0	85.0	3.0	3.0	6.89	8.09	3.67	6.38	8.92	6.46	6.08	8.56	9.57	7.53	5.73	4.63	6.86	4.55	5.39	6.42	10.17	4.77	6.02	
224.0	89.0	14.0	14.0	6.07	3.81	9.89	6.37	7.62	9.17	8.09	8.4	5.9	9.28	3.94	8.36	4.32	4.15	6.71	9.52	5.27	5.48	8.49	
225.0	91.0	9.0	9.0	6.17	5.72	10.5	5.06	10.22	8.36	8.4	9.86	8.01	4.72	10.11	8.11	10.05	7.16	6.5	9.63	4.94	9.11	7.952908306120292	
226.0	94.0	13.0	13.0	4.45	4.61	8.67	6.99	7.21	10.37	3.77	5.22	7.82	3.77	8.64	3.73	5.45	6.03	5.86	6.85	8.71	7.96	7.91	
227.0	97.0	9.0	9.0	6.75	4.23	7.82	10.4	3.82	8.06	7.06	10.23	4.53	7.47	6.0	3.97	9.49	7.26	9.43	8.2	5.83	5.71	4.44	
228.0	81.0	3.0	3.0	6.98	4.13	6.78	6.52	8.75	9.34	4.68	3.85	9.27	10.43	8.93	6.87	4.9	8.06	4.11	9.94	10.49	9.12	8.97	
229.0	83.0	5.0	5.0	8.77	4.83	4.7	10.31	9.03	4.97	8.18	3.76	4.31	4.82	7.76	6.51	5.67	3.98	8.76	7.71	6.08	7.39	5.17	
230.0	86.0	15.0	15.0	5.82	9.4	10.02	7.3	4.17	8.89	6.69	3.74	9.4	10.35	7.75	6.67	5.73	6.42	4.32	10.22	10.3	9.69	3.68	
231.0	89.0	14.0	14.0	9.85	9.0	9.77	5.53	5.49	8.94	6.05	3.53	8.5	6.77	9.76	8.92	4.27	3.84	4.51	5.61	7.0	7.78	3.81	
232.0	92.0	10.0	10.0	8.52	4.32	9.07	8.88	9.36	3.67	5.59	7.27	9.28	3.65	6.74	10.3	3.55	4.06	6.69	8.58	8.89	3.57	6.0	
233.0	95.0	8.0	8.0	4.93	7.25	6.83	5.78	6.98	3.92	10.12	4.3	4.52	9.54	6.52	5.4	4.14	10.49	5.85	5.53	9.52	8.46	8.26	
234.0	98.0	15.0	15.0	4.24	8.08	4.46	9.1	5.54	9.03	9.38	4.7	5.74	8.57	5.06	5.31	7.75	9.77	4.88	5.6	8.08	10.31	10.1	
235.0	81.0	3.0	3.0	4.97	5.74	7.13	8.81	9.74	10.33	9.65	7.94	8.21	5.49	4.38	9.67	7.94	7.96	3.67	8.06	10.23	7.49	5.69	
236.0	84.0	12.0	12.0	4.04	10.11	8.88	8.07	3.81	5.46	5.36	6.06	10.36	6.01	9.5	4.39	8.97	5.46	8.25	5.18	10.07	8.06	6.54	
237.0	87.0	5.0	5.0	3.76	4.54	7.36	10.07	9.95	3.84	6.55	9.83	3.98	4.87	9.27	4.12	8.45	8.8	4.27	4.15	9.61	8.83	8.82	
238.0	90.0	4.0	4.0	4.55	5.02	3.54	3.83	6.58	4.29	7.73	10.28	8.42	6.73	8.46	7.17	5.41	9.87	9.65	4.8	8.28	5.49	8.14	
239.0	93.0	4.0	4.0	9.22	9.86	6.38	10.17	5.77	6.93	5.51	4.13	8.6	6.1	7.36	6.58	6.12	7.81	4.48	3.7	5.78	10.26	8.99	
240.0	96.0	15.0	15.0	6.42	6.25	5.08	10.48	8.14	9.83	8.47	8.14	6.64	4.88	8.16	7.23	3.7	9.27	4.06	10.35	5.23	4.89	9.11	
241.0	99.0	12.0	12.0	7.14	8.26	10.16	4.2	8.42	9.68	8.97	7.12	8.3	3.73	4.18	8.31	9.41	6.59	9.05	6.39	5.92	3.96	5.68	
242.0	82.0	6.0	6.0	7.48	4.56	7.06	8.59	7.97	9.7	10.49	10.23	3.84	5.44	4.55	7.01	6.19	8.64	5.48	9.74	8.43	3.8	9.47	
243.0	85.0	3.0	3.0	3.69	4.44	4.14	6.72	6.29	7.82	8.69	7.23	8.03	6.07	5.89	5.87	6.33	10.0	4.0	5.83	8.96	4.79	8.4	
244.0	67.0	3.0	3.0	9.12	6.66	3.7	8.57	10.36	5.67	9.76	9.86	4.52	4.54	6.48	8.06	5.41	4.44	9.46	6.31	6.04	9.78	8.69	
245.0	91.0	9.0	9.0	9.08	6.94	8.31	5.47	4.59	4.25	10.4	4.41	8.85	8.26	10.06	4.9	8.92	7.74	4.78	8.96	9.24	9.14	4.1	
246.0	94.0	13.0	13.0	3.93	5.2	5.87	10.11	4.3	8.2	7.91	10.38	5.16	8.4	5.07	10.48	9.71	6.53	4.92	5.9	6.18	5.78	6.05	
247.0	97.0	9.0	9.0	6.97	6.86	9.72	8.3	4.03	6.55	5.79	4.68	8.42	4.33	8.14	4.3	4.2	8.62	4.12	3.97	9.68	7.93	6.38	
248.0	100.0	14.0	14.0	4.27	4.01	4.85	9.23	6.13	7.13	5.02	4.36	10.01	5.74	6.51	10.4	7.92	8.02	8.95	6.86	7.65	9.9	6.6	
249.0	83.0	5.0	5.0	4.84	7.01	5.79	6.82	7.17	10.33	3.65	3.93	6.13	9.11	6.68	4.33	5.14	10.17	8.59	7.99	4.13	3.68	9.08	
250.0	86.0	15.0	15.0	5.21	10.37	8.86	8.77	9.63	8.7	8.4	10.2	3.96	4.7	8.92	4.75	10.45	7.74	3.69	4.13	3.56	5.32	4.0	
251.0	89.0	14.0	14.0	8.95	7.03	8.79	9.67	9.11	6.27	3.63	9.65	3.81	8.2	8.22	8.04	6.01	6.66	8.02	10.45	9.58	9.2	3.8425453489139767	
252.0	92.0	10.0	10.0	6.94	5.99	7.27	5.31	4.38	9.83	7.63	8.78	4.71	5.26	5.33	5.93	5.38	9.85	9.93	5.38	7.97	9.23	7.53	
253.0	95.0	8.0	8.0	4.54	6.56	5.03	4.32	5.16	6.1	6.65	9.52	9.01	7.73	7.07	6.34	5.09	6.27	8.49	5.14	8.99	5.4	6.88	
254.0	98.0	15.0	15.0	6.76	7.36	5.75	9.68	9.37	8.79	5.5	9.49	9.3	8.13	9.88	8.09	8.69	5.94	3.56	6.25	4.09	10.15	6.55	
255.0	82.0	6.0	6.0	10.26	5.42	7.51	7.95	8.75	3.85	10.42	5.74	5.13	5.21	6.68	9.28	5.29	8.98	10.1	6.56	10.22	4.54	9.75	
256.0	84.0	12.0	12.0	10.03	8.8	9.22	4.03	9.46	4.16	6.0	6.72	7.57	5.37	6.57	9.44	3.87	8.9	5.43	4.57	7.77	6.87	9.42	
257.0	87.0	5.0	5.0	5.41	5.91	5.99	9.84	9.9	6.41	4.11	4.06	5.3	9.33	8.4	6.18	3.97	7.41	6.44	7.7	4.89	5.68	9.17	
258.0	90.0	4.0	4.0	8.37	4.03	4.46	5.22	7.45	3.94	4.47	9.15	7.7	5.45	5.28	6.71	9.62	5.68	4.92	4.66	4.33	4.33	6.81	
259.0	93.0	4.0	4.0	5.19	6.78	3.6	5.12	6.91	9.66	4.13	8.79	9.87	8.1	4.93	5.0	9.03	5.29	7.8	6.83	7.81	6.56	4.85	
260.0	96.0	15.0	15.0	9.47	9.44	5.52	6.19	8.56	5.04	6.92	5.59	9.73	9.5	6.27	4.49	7.08	6.8	4.87	4.2	3.61	3.8	4.36	
261.0	99.0	12.0	12.0	5.45	7.65	6.31	10.23	5.01	8.6	9.59	10.03	4.65	10.09	7.41	6.87	9.4	6.4	9.56	9.4	4.16	4.75	7.06	
262.0	82.0	6.0	6.0	6.05	4.94	8.45	5.63	7.1	4.96	7.54	8.86	5.26	8.22	7.31	7.02	7.69	7.93	9.11	8.9	7.24	5.85	6.91	
263.0	85.0	3.0	3.0	8.21	5.49	8.83	8.84	7.69	6.9	3.95	7.6	7.27	7.49	9.2	7.2	7.87	8.19	6.56	9.3	7.87	9.93	7.325915834256677	
264.0	88.0	4.0	4.0	8.07	8.36	6.87	6.12	10.07	3.72	7.38	5.7	9.55	10.06	5.1	4.4	8.32	6.81	4.75	6.08	9.04	8.8	5.17	
265.0	91.0	9.0	9.0	6.67	5.31	7.91	4.83	8.8	7.9	5.5	7.84	8.73	7.67	5.72	9.74	5.38	5.08	7.46	4.04	5.41	10.12	7.14	
266.0	94.0	13.0	13.0	4.62	7.49	7.35	9.0	6.44	4.57	7.46	5.38	5.37	3.69	3.65	7.02	7.94	7.85	8.89	9.32	9.31	5.14	4.17	
267.0	97.0	9.0	9.0	5.93	3.89	9.61	10.32	7.19	8.08	9.0	7.35	9.73	8.64	6.47	4.97	6.28	10.01	6.89	4.96	4.09	8.15	7.2	
268.0	100.0	14.0	14.0	9.74	9.65	5.02	4.02	4.36	10.11	8.46	3.72	5.37	4.53	7.62	7.34	3.9	7.57	6.16	8.65	9.51	5.74	10.15	
269.0	83.0	5.0	5.0	6.8	4.33	4.85	6.39	6.67	7.47	7.42	5.16	8.59	5.17	8.77	9.64	6.41	7.11	4.29	3.84	3.87	8.36	8.93	
270.0	86.0	15.0	15.0	5.8	8.41	10.34	4.51	5.49	3.69	9.9	3.81	8.8	7.73	3.79	3.81	8.76	4.23	10.27	7.88	8.67	7.59	7.88	
271.0	89.0	14.0	14.0	8.58	4.69	5.1	8.4	5.02	3.77	4.93	7.97	8.87	9.21	8.27	3.64	6.37	7.97	5.37	5.73	5.81	5.94	9.7	
272.0	92.0	10.0	10.0	4.57	9.08	3.91	7.19	8.35	8.54	7.79	9.34	3.64	8.83	9.76	7.06	3.9	9.93	6.53	10.48	10.46	9.44	1.1876897788825083	
273.0	95.0	8.0	8.0	8.55	4.04	3.83	10.03	8.33	5.13	5.8	8.32	6.11	7.3	3.67	5.55	5.63	5.99	9.93	4.27	4.05	7.64	8.54	
274.0	98.0	15.0	15.0	4.92	8.65	6.61	9.48	9.73	9.53	5.97	7.81	6.3	7.02	10.21	9.49	9.91	7.57	5.7	7.37	10.5	5.1	1.6307851103342754	
275.0	81.0	3.0	3.0	6.03	4.78	6.72	3.89	7.34	10.05	4.78	4.47	5.8	6.59	9.68	7.95	8.68	7.89	8.67	5.4	5.87	6.02	5.66	
276.0	84.0	12.0	12.0	5.34	7.82	8.32	3.51	8.73	7.39	6.14	4.54	6.1	10.12	9.79	6.76	9.66	7.82	4.78	3.68	10.29	7.72	6.84	
277.0	87.0	5.0	5.0	9.31	7.06	5.53	8.78	3.67	6.19	7.99	5.27	9.16	9.72	9.09	5.73	9.54	8.04	9.66	5.53	8.07	7.85	6.96	
278.0	90.0	4.0	4.0	3.79	10.01	7.66	7.31	9.82	4.69	5.05	6.55	5.91	10.03	8.18	10.49	8.31	6.56	6.75	5.68	4.56	3.81	9.73	
279.0	93.0	4.0	4.0	7.17	3.68	3.83	8.91	8.08	8.4	9.42	4.86	7.99	8.14	6.63	3.6	4.79	8.43	8.18	7.05	8.32	9.95	6.39	
280.0	96.0	15.0	15.0	4.59	5.27	5.79	6.98	5.17	9.39	7.76	6.79	9.75	6.61	5.97	5.51	9.47	5.84	8.49	10.03	5.07	5.59	5.81	
281.0	99.0	12.0	12.0	8.74	10.48	9.13	8.5	9.99	8.27	7.8	5.57	10.31	3.52	4.57	8.25	8.45	8.86	8.19	3.93	4.24	4.47	5.42	
282.0	82.0	6.0	6.0	3.66	4.88	7.35	6.03	8.9	5.36	7.22	5.59	5.23	4.52	8.81	4.72	7.74	5.68	4.21	3.67	7.44	5.2	7.87	
283.0	85.0	3.0	3.0	7.99	6.43	9.2	9.03	6.22	10.02	6.26	9.98	4.88	7.09	9.75	8.77	7.07	8.19	7.66	7.86	6.29	3.76	8.5	
284.0	88.0	4.0	4.0	5.55	7.88	4.8	7.18	5.43	4.13	6.8	9.97	3.91	9.14	8.65	3.89	7.76	5.59	8.61	6.07	8.59	8.06	5.58	
285.0	91.0	9.0	9.0	6.68	7.19	6.73	4.67	8.07	9.13	5.05	4.35	9.19	5.04	10.0	9.27	8.6	8.94	9.22	5.92	6.31	6.23	6.87	
286.0	94.0	13.0	13.0	8.07	9.28	9.67	6.52	4.68	3.62	9.68	8.84	9.96	9.66	6.16	7.46	9.95	8.86	5.61	5.06	8.38	8.72	3.565445621599554	
287.0	97.0	9.0	9.0	8.16	7.0	3.57	8.5	7.76	4.17	5.35	4.39	7.05	8.21	3.82	7.78	8.15	9.99	6.75	8.45	8.55	7.49	7.08	
288.0	81.0	3.0	3.0	9.44	7.02	8.42	9.03	7.6	9.88	9.21	7.28	4.07	6.84	7.96	9.16	4.19	10.06	5.75	3.91	10.11	7.39	10.17	
289.0	83.0	5.0	5.0	6.8	5.47	9.72	7.87	7.06	6.17	7.32	7.89	8.02	6.48	9.61	6.85	9.21	3.52	8.85	4.76	9.62	9.93	8.04	
290.0	86.0	15.0	15.0	8.74	5.52	3.6	5.19	4.55	7.44	5.65	4.56	9.03	6.02	9.33	5.92	4.45	8.57	6.52	6.9	4.05	5.52	6.49	
291.0	90.0	4.0	4.0	8.47	4.2	3.66	7.82	8.6	10.07	10.08	3.94	8.01	9.7	5.2	9.02	7.95	5.14	6.53	7.27	7.01	6.79	8.39	
292.0	94.0	13.0	13.0	7.59	9.79	5.02	9.18	7.59	8.09	7.36	10.19	7.98	7.67	7.13	8.32	8.72	4.81	6.75	8.99	4.87	6.79	9.58	
293.0	95.0	8.0	8.0	10.28	7.07	5.03	4.42	4.03	9.92	7.21	10.38	5.33	4.71	7.06	6.13	7.98	7.23	6.2	6.22	9.77	9.76	3.74	
294.0	98.0	15.0	15.0	8.71	6.96	9.7	4.74	8.32	6.73	5.83	7.89	6.22	3.83	7.92	6.29	7.66	6.67	10.07	7.56	9.14	10.21	5.1	
295.0	83.0	5.0	5.0	5.38	4.19	5.97	3.98	8.3	7.75	7.61	5.98	9.7	6.08	6.64	10.44	9.26	7.93	7.49	7.03	5.48	5.64	9.94	
296.0	84.0	12.0	12.0	3.9	8.04	8.26	5.41	8.71	8.4	4.61	4.31	4.25	6.85	5.94	4.5	6.97	7.16	7.19	6.79	3.59	4.22	4.78	
297.0	87.0	5.0	5.0	4.43	4.56	8.71	5.11	7.55	4.38	7.73	4.57	8.76	6.16	3.58	6.41	8.55	10.43	5.96	5.57	5.41	9.25	5.13	
298.0	91.0	9.0	9.0	9.33	3.65	6.72	9.93	9.59	5.51	3.86	10.1	9.08	7.42	9.51	9.4	8.18	5.58	9.94	8.97	5.01	6.82	1.0164413788934994	
299.0	94.0	13.0	13.0	7.3	9.82	7.44	6.22	8.5	6.3	4.71	5.62	8.19	9.8	10.22	3.63	8.79	5.78	7.05	6.42	4.89	5.2	6.2	
300.0	96.0	15.0	15.0	7.28	4.32	3.74	4.82	3.63	6.29	9.6	7.83	5.25	4.9	3.59	8.81	10.23	6.19	6.82	5.21	5.48	7.65	5.13	
301.0	17.0	11.0	11.0	7.87	4.34	5.35	7.79	4.89	9.74	8.22	6.17	6.99	6.96	5.36	8.75	6.64	5.24	8.51	6.09	5.45	7.21	4.61	
302.0	83.0	5.0	5.0	5.37	8.63	6.56	8.38	8.1	8.5	6.98	4.13	5.41	8.5	4.15	7.41	4.68	6.6	7.47	5.04	6.66	7.8	7.19	
303.0	85.0	3.0	3.0	8.41	9.29	9.77	6.3	5.4	5.06	5.82	7.16	9.44	4.34	6.32	5.32	6.69	6.93	9.09	4.83	9.19	6.21	6.32	
304.0	68.0	5.0	5.0	8.1	6.32	5.49	6.83	8.06	9.8	7.76	4.26	4.71	10.3	10.27	6.74	7.91	3.79	4.77	4.01	8.37	7.74	6.03	
305.0	92.0	10.0	10.0	5.7	6.88	10.07	7.07	9.52	9.35	5.07	3.56	6.82	3.61	10.35	9.81	6.05	9.15	10.3	4.31	4.01	7.76	8.45	
306.0	95.0	8.0	8.0	8.03	7.19	7.5	7.44	3.54	10.38	9.1	10.37	9.42	8.07	3.58	6.89	3.99	9.26	7.19	9.89	8.77	7.84	0.1998326101302626	
307.0	97.0	9.0	9.0	7.08	8.78	5.23	5.37	7.46	6.12	6.21	4.19	5.83	10.35	6.84	5.65	7.98	8.83	6.74	3.72	9.83	5.17	9.73	
308.0	100.0	14.0	14.0	6.25	9.2	6.35	8.75	10.24	10.1	4.39	8.41	5.32	5.16	10.2	8.28	6.46	10.13	4.98	6.39	7.21	8.86	4.17	
309.0	28.0	8.0	8.0	4.86	4.46	5.86	4.59	7.81	10.3	8.23	10.11	4.5	10.18	9.08	6.95	4.7	5.73	5.58	8.22	10.4	3.7	6.8	
310.0	87.0	5.0	5.0	7.91	7.39	5.41	9.2	8.53	7.32	9.95	3.98	6.45	9.57	3.91	8.55	4.0	4.67	4.52	7.88	5.01	9.11	6.34	
311.0	96.0	15.0	15.0	4.09	5.76	4.82	6.72	4.16	4.12	9.43	9.4	4.8	5.67	9.33	7.2	8.61	8.96	7.86	3.65	4.66	9.33	9.46	
312.0	24.0	14.0	14.0	6.59	4.88	5.62	4.22	8.24	7.15	4.26	6.32	4.31	8.92	7.37	6.17	7.42	9.52	7.98	8.43	7.13	8.11	7.53	
313.0	95.0	8.0	8.0	6.93	9.43	9.83	5.6	6.97	6.59	9.17	4.82	10.47	5.2	5.05	3.83	5.35	5.33	10.13	3.71	6.71	9.51	5.09	
314.0	67.0	3.0	3.0	6.73	7.12	6.21	9.81	8.09	8.66	8.76	9.96	10.34	9.6	7.36	3.72	5.06	4.52	7.64	4.5	10.15	7.07	8.11	
315.0	7.0	11.0	11.0	9.07	7.11	6.53	4.31	4.21	5.04	4.46	4.84	5.85	9.3	8.13	5.14	7.77	7.54	3.92	8.82	7.97	4.11	9.88	
316.0	5.0	15.0	15.0	8.28	3.74	4.43	6.39	6.21	9.0	8.6	6.61	4.83	7.4	8.35	9.95	9.16	9.38	5.74	6.16	5.77	6.51	10.12	
317.0	59.0	9.0	9.0	8.65	9.38	10.18	7.8	6.16	9.59	5.33	8.05	8.48	3.77	10.18	6.93	7.05	4.32	8.57	6.17	6.52	4.44	8.58	
318.0	80.0	3.0	3.0	6.24	5.05	9.99	6.73	8.18	5.99	7.81	10.21	9.64	4.73	8.21	9.13	5.26	8.58	3.62	6.96	8.34	3.59	5.0	
319.0	19.0	13.0	13.0	8.34	6.83	3.63	9.79	4.64	8.2	7.72	9.24	5.47	5.77	3.54	4.88	8.97	3.63	9.05	6.85	10.06	4.71	6.48	
320.0	54.0	10.0	10.0	7.19	5.71	10.19	4.94	10.39	4.16	4.1	5.4	8.29	6.84	7.45	5.02	6.75	9.0	9.71	9.95	4.56	8.58	9.14	
321.0	34.0	14.0	14.0	4.83	6.71	7.05	6.27	3.87	6.71	6.89	8.25	6.38	7.08	9.76	9.24	7.91	6.61	6.73	8.63	4.63	9.98	5.46	
322.0	2.0	14.0	14.0	5.73	4.67	5.66	10.05	8.85	6.76	8.68	8.22	4.13	9.13	7.83	9.66	3.98	4.57	5.68	6.46	9.15	5.89	8.36	
323.0	87.0	5.0	5.0	7.84	9.04	5.69	4.89	9.03	7.51	4.85	5.78	4.46	9.69	9.25	4.03	3.69	4.03	6.87	9.32	3.89	4.07	5.83	
324.0	90.0	4.0	4.0	8.54	8.9	9.55	3.95	8.0	9.04	7.05	7.91	3.99	9.26	6.77	5.87	4.0	8.21	6.36	6.48	4.44	5.29	9.81	
325.0	59.0	9.0	9.0	7.41	7.7	5.05	7.24	6.5	6.16	5.97	5.18	5.74	5.31	3.64	6.78	8.48	9.63	5.75	5.18	7.64	6.65	4.55	
326.0	40.0	11.0	11.0	8.48	7.11	10.47	3.89	7.77	3.7	6.81	3.76	10.43	7.93	5.13	7.82	8.4	8.34	5.63	3.74	9.04	4.77	6.98	
327.0	80.0	3.0	3.0	7.45	7.63	7.57	8.26	6.7	5.18	10.09	6.7	6.87	3.7	3.73	9.68	4.54	7.91	7.49	9.48	5.24	6.32	7.04	
328.0	100.0	14.0	14.0	4.46	9.31	8.65	6.63	8.46	8.83	6.52	10.19	7.2	4.09	4.91	6.73	9.14	3.56	7.46	10.18	8.35	3.84	6.93	
329.0	45.0	5.0	5.0	3.57	4.41	5.33	9.28	4.46	6.95	7.72	4.28	9.42	6.04	4.52	7.58	10.44	5.37	9.83	4.61	10.47	3.85	4.18	
330.0	80.0	3.0	3.0	10.07	6.65	5.79	10.1	7.88	8.91	6.51	10.43	8.78	3.76	7.14	5.62	8.06	10.41	7.92	8.97	5.02	5.86	4.24	
331.0	58.0	11.0	11.0	7.38	4.13	6.82	7.72	3.89	9.95	7.51	8.05	9.63	9.25	9.79	9.52	4.02	7.18	5.51	4.25	9.02	6.57	9.07	
332.0	76.0	6.0	6.0	5.74	10.43	6.53	3.71	10.06	7.03	5.13	9.76	8.87	9.91	9.33	9.02	6.7	4.15	7.05	4.64	9.75	8.9	7.32	
333.0	79.0	7.0	7.0	8.57	7.5	7.33	7.98	9.73	9.34	4.81	4.45	3.84	4.4	6.6	5.87	4.61	4.48	5.92	10.07	7.52	7.55	6.63	
334.0	31.0	8.0	8.0	4.62	7.1	4.02	6.79	6.27	10.11	9.89	7.87	3.58	7.75	3.6	8.23	10.45	7.25	5.25	5.86	10.36	9.73	5.79	
335.0	77.0	8.0	8.0	4.47	6.79	10.1	9.99	6.71	5.49	9.27	3.53	9.4	9.55	6.91	8.4	10.11	9.08	4.43	9.64	9.81	8.39	1.9678533105759728	
336.0	48.0	13.0	13.0	5.57	6.74	9.0	10.31	4.46	6.43	9.25	9.06	6.28	10.31	9.0	5.07	8.23	5.38	8.74	6.08	10.22	10.37	7.389249688352157	
337.0	12.0	5.0	5.0	7.88	7.61	9.26	4.27	3.67	9.31	6.02	9.52	6.47	5.63	10.22	8.91	6.61	10.46	10.21	5.46	4.35	9.54	8.0	
338.0	51.0	2.0	2.0	5.45	6.36	5.5	4.19	8.44	6.25	10.18	9.24	8.18	6.15	10.03	6.51	7.95	7.14	7.84	7.52	7.42	8.46	4.88	
339.0	4.0	9.0	9.0	4.79	9.65	3.7	7.9	9.55	5.77	5.61	5.62	7.0	3.66	6.66	10.01	4.37	3.56	7.83	9.04	8.47	6.31	5.99	
340.0	71.0	11.0	11.0	5.08	5.25	9.74	9.91	6.8	9.96	6.72	9.42	8.34	5.66	4.34	8.4	8.59	5.87	3.78	3.63	7.68	7.64	4.97	
341.0	77.0	8.0	8.0	7.45	8.29	7.18	3.82	8.21	7.22	5.01	10.1	4.73	5.82	4.98	8.7	8.76	5.23	9.21	8.52	9.45	7.58	3.92	
342.0	84.0	12.0	12.0	7.85	8.47	5.05	8.03	8.02	7.33	9.4	6.6	8.42	10.45	4.36	6.32	9.75	10.42	4.33	4.08	7.29	3.87	8.4	
343.0	38.0	5.0	5.0	7.41	8.15	8.54	4.15	5.59	8.74	4.07	8.16	8.01	6.73	7.14	4.96	5.72	4.32	3.57	4.41	9.06	10.15	9.82	
344.0	46.0	14.0	14.0	9.46	9.37	5.48	8.28	9.24	6.49	7.18	4.73	7.17	8.78	7.4	4.22	5.31	5.6	5.02	6.05	9.06	5.88	4.62	
345.0	60.0	3.0	3.0	10.2	5.32	9.17	4.75	6.69	6.85	4.76	7.71	3.96	6.51	7.38	6.94	9.83	4.77	7.34	5.83	6.27	7.19	10.27	
346.0	45.0	5.0	5.0	6.64	8.89	8.32	7.05	3.8	3.66	6.59	4.91	10.07	6.08	6.65	4.45	10.36	7.56	9.98	7.46	10.46	5.4	9.0	
347.0	46.0	14.0	14.0	4.94	10.26	4.75	9.39	8.75	4.66	4.93	5.39	9.56	9.13	3.98	4.64	8.9	4.13	6.43	6.85	3.86	4.83	6.41	
348.0	73.0	13.0	13.0	5.34	7.96	8.6	5.32	9.03	3.6	7.48	6.25	8.82	5.29	6.56	4.5	7.26	6.93	10.01	4.41	7.35	10.39	5.73	
349.0	58.0	11.0	11.0	9.32	10.03	4.53	9.66	4.99	7.95	7.84	10.38	4.51	8.17	9.8	9.3	4.58	4.26	8.63	5.85	8.01	5.57	5.69	
350.0	74.0	1.0	1.0	5.13	9.12	9.77	3.75	8.08	8.84	4.67	6.91	4.48	10.19	5.31	5.18	9.37	5.55	7.95	6.48	7.34	8.92	8.79	
351.0	55.0	6.0	6.0	8.37	9.77	4.36	6.9	4.5	4.97	5.77	7.52	8.15	10.38	4.42	5.22	7.69	9.36	6.0	4.58	8.35	3.65	6.18	
352.0	50.0	9.0	9.0	6.44	9.26	6.49	3.89	8.56	9.47	7.91	5.91	5.4	8.22	6.11	10.15	5.14	7.94	4.39	10.25	8.72	8.25	9.89	
353.0	79.0	7.0	7.0	7.02	5.55	5.7	3.83	6.34	8.14	6.89	5.35	7.17	8.94	9.52	4.74	7.97	9.68	5.34	3.98	7.99	5.94	10.27	
354.0	25.0	12.0	12.0	4.0	8.58	8.72	4.87	4.28	5.43	4.65	10.45	9.47	10.43	9.45	6.08	3.92	5.12	5.13	7.52	8.96	6.77	7.42	
355.0	61.0	12.0	12.0	6.95	4.48	9.08	7.79	6.27	10.33	8.55	5.34	4.18	6.47	9.3	6.58	5.9	4.58	8.06	3.94	6.52	7.35	6.48	
356.0	18.0	2.0	2.0	9.61	4.63	8.54	8.18	9.04	5.85	4.99	4.6	9.65	9.55	6.64	5.3	5.88	7.14	7.34	10.13	6.13	5.59	8.8	
357.0	54.0	10.0	10.0	6.12	7.92	5.41	9.27	5.53	5.63	9.52	7.28	4.24	5.53	6.72	5.26	8.19	10.44	4.2	3.57	5.12	6.86	6.47	
358.0	37.0	5.0	5.0	7.19	6.78	8.12	8.34	7.9	4.91	8.6	8.85	6.83	7.85	9.71	9.58	10.22	10.39	5.43	8.82	5.86	6.37	9.321242491500731	
359.0	60.0	3.0	3.0	3.84	6.27	5.68	6.03	5.75	9.17	4.54	9.41	4.19	8.84	6.61	7.24	9.55	4.43	8.68	9.79	4.39	7.19	7.39	
360.0	48.0	13.0	13.0	7.13	10.1	6.23	9.47	5.05	4.66	7.35	4.83	7.39	9.15	4.61	4.07	7.06	4.66	5.26	7.72	6.2	6.73	7.65	
361.0	67.0	3.0	3.0	10.0	5.53	5.86	8.29	10.44	8.55	6.96	4.76	10.35	5.73	5.05	8.9	8.28	8.67	10.35	3.78	6.18	8.82	4.43	
362.0	64.0	4.0	4.0	9.46	4.97	10.46	9.01	8.58	5.91	7.16	8.13	7.98	9.8	7.54	4.38	7.38	4.38	7.7	5.01	7.35	8.34	7.11	
363.0	85.0	3.0	3.0	5.81	10.36	3.91	4.29	10.37	4.4	8.24	7.15	9.29	8.37	6.96	4.08	8.71	9.48	6.34	3.99	7.1	9.65	5.92	
364.0	90.0	4.0	4.0	8.74	8.6	6.81	8.78	4.22	4.52	3.79	9.85	5.46	8.5	4.78	7.0	7.93	4.79	9.85	5.82	7.79	5.58	5.98	
365.0	75.0	8.0	8.0	8.81	4.9	6.97	6.76	4.84	9.27	10.37	8.33	6.62	3.63	3.8	4.55	3.91	9.71	4.52	9.49	6.46	4.41	3.79	
366.0	45.0	5.0	5.0	9.27	4.49	6.36	7.07	8.81	5.58	9.89	4.81	8.39	9.14	9.64	5.58	9.15	4.75	9.22	4.84	6.67	9.39	10.32	
367.0	98.0	15.0	15.0	6.55	10.37	4.2	4.32	7.72	8.77	10.21	10.05	9.69	10.15	7.77	7.36	7.32	9.3	10.08	4.26	3.53	9.21	9.304801693786889	
368.0	57.0	14.0	14.0	7.47	9.62	7.93	3.5	6.27	6.3	10.05	8.61	8.15	8.05	8.13	8.07	7.48	6.2	4.2	6.28	5.37	10.44	7.91	
369.0	83.0	5.0	5.0	7.51	6.35	9.13	8.24	9.86	8.24	10.13	10.23	9.47	6.89	6.88	6.51	9.59	4.08	4.47	6.6	9.22	6.83	9.464477439493518	
370.0	59.0	9.0	9.0	10.1	4.11	7.28	10.09	9.66	3.64	6.1	5.97	10.19	10.34	9.5	8.53	7.5	4.44	7.49	9.99	5.82	9.66	9.56799276068893	
371.0	91.0	9.0	9.0	9.53	5.95	8.16	6.23	6.86	5.23	7.99	7.33	3.85	3.7	7.27	9.35	6.76	6.18	9.44	4.73	4.64	9.19	8.16	
372.0	93.0	4.0	4.0	10.43	8.93	5.3	7.29	6.23	9.89	10.39	9.53	3.91	8.99	4.81	5.69	7.9	8.12	4.02	8.45	4.63	7.86	7.75	
373.0	96.0	15.0	15.0	6.22	9.98	6.65	8.94	6.31	8.58	9.26	4.91	8.07	10.06	8.22	7.86	9.84	8.66	7.7	8.2	9.21	5.479958502911984	8.293740395840606	
374.0	100.0	14.0	14.0	8.37	9.3	5.79	3.73	9.33	6.57	5.44	8.83	9.38	5.8	4.17	7.6	6.88	4.78	10.45	3.92	4.09	4.68	5.78	
375.0	82.0	6.0	6.0	10.23	5.16	5.79	4.86	7.47	7.62	7.43	9.43	9.39	8.48	5.12	3.72	5.74	9.39	9.67	10.33	7.55	8.19	8.42	
376.0	67.0	3.0	3.0	8.37	3.82	8.2	7.6	6.99	7.44	5.44	6.32	10.21	4.71	3.82	8.23	7.28	10.15	5.46	3.92	5.94	6.12	7.26	
377.0	88.0	4.0	4.0	4.33	8.29	7.76	6.94	7.28	4.39	4.2	6.94	5.12	6.63	5.03	7.58	5.99	4.07	5.22	3.75	10.24	6.35	9.59	
378.0	91.0	9.0	9.0	5.03	6.86	4.48	8.5	10.44	9.71	8.05	5.36	4.49	10.21	9.51	7.62	5.52	7.12	9.25	7.61	5.0	4.71	9.96	
379.0	58.0	11.0	11.0	10.46	6.43	6.17	3.6	3.99	6.06	7.71	5.14	8.72	3.67	4.43	8.68	3.65	8.15	7.32	5.67	3.7	6.31	4.37	
380.0	64.0	4.0	4.0	9.63	9.48	5.34	9.27	7.05	4.4	3.79	4.0	6.98	9.47	3.77	8.31	8.61	8.05	7.56	7.27	6.99	7.67	4.95	
381.0	73.0	13.0	13.0	9.5	9.33	9.57	7.66	10.45	7.71	5.36	7.14	8.32	7.16	7.71	10.08	10.34	10.42	4.77	4.81	9.24	3.744014652660532	4.451438515984548	
382.0	84.0	12.0	12.0	7.09	9.66	9.63	3.9	8.62	10.12	4.71	10.44	7.29	5.63	7.0	3.92	3.86	6.22	6.21	4.59	6.25	9.18	7.47	
383.0	86.0	15.0	15.0	8.58	9.54	8.9	4.59	4.31	9.18	3.57	4.92	6.49	5.91	7.04	4.58	5.32	4.67	3.72	5.74	8.95	7.46	5.13	
384.0	89.0	14.0	14.0	8.87	7.37	6.49	6.26	9.67	10.13	9.36	3.82	5.83	5.65	3.8	9.53	4.07	6.01	7.54	10.26	3.75	5.93	10.03	
385.0	92.0	10.0	10.0	10.15	8.11	6.61	4.94	6.2	6.82	4.97	5.99	5.12	9.84	7.68	7.06	5.15	9.65	7.35	5.49	4.93	7.51	7.3	
386.0	95.0	8.0	8.0	3.79	4.21	8.42	5.31	8.13	9.1	5.21	3.79	6.28	5.37	9.08	10.47	7.54	10.28	3.98	9.75	8.69	7.54	5.51	
387.0	99.0	12.0	12.0	3.91	5.06	7.15	9.88	4.95	5.03	5.6	7.99	9.72	8.12	9.52	5.55	9.23	6.51	9.2	6.26	5.66	5.48	3.79	
388.0	100.0	14.0	14.0	9.12	10.18	4.44	6.18	3.78	3.94	4.58	8.73	9.63	8.72	10.25	9.99	6.34	6.8	7.24	8.42	7.26	6.62	10.41	
389.0	85.0	3.0	3.0	6.84	7.46	4.38	6.32	4.07	5.41	5.71	6.11	5.95	8.59	6.68	3.77	5.7	5.02	5.21	4.37	5.16	6.49	8.56	
390.0	86.0	15.0	15.0	10.26	6.93	4.87	6.56	4.35	10.14	5.13	10.25	7.46	5.02	3.5	7.09	8.44	8.18	5.82	8.47	9.64	9.29	3.65	
391.0	89.0	14.0	14.0	9.34	3.52	3.55	8.15	9.58	10.04	10.1	7.19	6.29	5.03	5.97	9.0	10.0	4.31	8.49	6.32	3.89	6.71	9.34	
392.0	92.0	10.0	10.0	7.04	9.27	7.47	7.25	7.24	5.16	8.33	4.93	8.56	6.16	9.14	8.26	5.03	8.56	3.94	5.77	7.92	9.5	6.18	
393.0	96.0	15.0	15.0	7.4	6.17	7.5	8.43	6.21	5.36	5.06	9.68	7.88	9.08	4.78	6.37	7.25	8.34	9.48	6.59	8.4	6.35	8.03	
394.0	98.0	15.0	15.0	7.5	6.28	6.42	8.0	9.65	4.7	4.61	4.45	8.03	5.59	6.75	6.47	6.32	3.7	6.23	5.18	9.88	4.12	8.34	
395.0	68.0	5.0	5.0	9.77	4.98	8.23	8.81	4.98	5.07	3.87	8.57	9.46	3.53	4.99	8.62	7.11	7.69	10.4	4.37	6.38	7.26	8.31	
396.0	84.0	12.0	12.0	10.01	8.47	4.93	6.46	6.78	9.35	9.41	5.47	10.09	4.4	4.45	9.78	9.84	3.68	7.64	8.12	3.99	3.74	10.41	
397.0	87.0	5.0	5.0	7.15	4.64	4.02	6.21	4.77	9.15	6.62	4.64	3.65	9.03	10.3	8.47	7.01	4.09	8.11	6.36	10.21	7.75	7.7	
398.0	25.0	12.0	12.0	10.11	3.64	9.86	9.67	9.66	8.64	4.87	6.63	6.67	5.32	6.73	5.72	6.38	7.32	3.77	4.91	8.04	6.62	4.2	
399.0	93.0	4.0	4.0	8.46	6.43	4.33	9.42	10.03	9.26	7.58	10.24	8.33	8.11	8.77	3.65	8.62	5.89	5.34	5.94	8.25	7.64	6.71	
400.0	96.0	15.0	15.0	10.3	7.54	6.65	10.17	6.42	7.73	5.15	4.21	7.41	9.19	9.71	4.21	3.56	5.63	8.21	5.56	9.07	5.66	8.84	
401.0	99.0	12.0	12.0	3.58	8.59	8.75	7.96	4.84	7.92	8.42	4.7	4.69	5.4	7.24	10.38	9.31	4.49	7.26	5.49	9.71	8.22	6.42	
402.0	84.0	12.0	12.0	3.6	4.36	6.78	4.38	7.4	6.73	4.28	6.37	5.91	6.6	10.07	9.03	5.39	5.56	5.39	5.7	8.22	4.79	6.56	
403.0	85.0	3.0	3.0	7.88	6.43	8.93	7.94	7.81	4.37	3.78	8.4	10.1	4.0	9.74	9.68	10.15	10.14	8.07	9.97	6.43	4.79	8.125816901560553	
404.0	72.0	11.0	11.0	3.73	8.77	3.79	8.44	6.88	10.33	8.15	8.76	6.7	9.28	8.4	8.16	3.81	8.15	6.62	7.73	5.58	8.89	8.48	
405.0	93.0	4.0	4.0	5.09	7.71	9.07	9.22	6.86	9.15	3.64	7.98	8.65	7.18	4.24	9.2	6.54	8.21	10.39	8.2	5.77	3.99	9.48	
406.0	96.0	15.0	15.0	8.29	10.1	4.96	5.66	6.08	4.85	9.99	9.69	9.26	7.37	7.1	3.89	4.27	6.51	4.87	8.48	8.92	4.18	9.96	
407.0	98.0	15.0	15.0	9.71	7.6	8.1	10.27	9.37	6.19	4.71	4.88	4.02	7.63	3.69	5.68	4.26	4.49	6.73	8.57	9.06	8.9	9.24	
408.0	82.0	6.0	6.0	5.86	6.95	4.27	8.46	9.92	4.08	4.06	10.15	10.25	4.14	5.58	9.16	3.68	10.05	4.39	8.42	4.64	7.62	6.16	
409.0	7.0	11.0	11.0	5.39	3.88	8.65	5.49	7.03	10.37	8.49	7.79	9.38	9.16	3.81	8.04	9.79	6.96	6.18	6.62	9.25	7.69	6.75	
410.0	86.0	15.0	15.0	9.44	9.22	6.36	3.66	8.68	7.06	8.65	9.7	9.02	3.69	7.46	3.63	5.6	6.98	4.51	4.12	9.38	4.35	7.35	
411.0	89.0	14.0	14.0	4.9	7.6	9.54	7.04	4.6	5.71	7.96	6.05	7.27	6.8	8.19	4.92	9.47	6.69	10.27	4.85	9.53	4.06	6.97	
412.0	93.0	4.0	4.0	7.32	10.48	9.24	8.87	9.8	4.22	8.02	9.26	4.03	3.85	5.37	5.29	9.81	5.7	4.98	6.21	4.34	7.73	10.26	
413.0	58.0	11.0	11.0	7.88	8.09	4.45	7.34	9.66	10.45	9.88	6.21	5.54	6.42	6.68	9.28	6.71	9.82	4.51	9.75	9.17	9.15	2.34385067171385	
414.0	100.0	14.0	14.0	8.48	10.2	4.09	10.5	7.87	9.95	8.18	6.6	7.35	4.53	6.65	5.89	8.21	7.91	4.93	7.68	4.36	10.12	8.3	
415.0	81.0	3.0	3.0	3.85	3.58	4.65	4.03	7.01	8.45	7.97	5.8	6.22	6.27	7.03	3.56	7.15	6.89	6.95	8.19	5.29	5.37	7.09	
416.0	41.0	15.0	15.0	6.53	6.74	5.87	3.56	8.99	8.88	10.04	4.44	3.94	7.6	4.41	10.36	5.33	10.33	4.1	9.98	7.14	6.79	7.27	
417.0	87.0	5.0	5.0	3.56	8.33	9.29	8.07	10.39	8.05	7.68	5.26	5.09	9.28	9.79	9.54	5.63	7.19	5.91	6.51	9.09	5.85	4.15	
418.0	91.0	9.0	9.0	5.36	6.48	7.79	7.74	8.23	10.02	9.25	6.5	10.41	9.67	9.12	9.91	7.13	7.93	8.9	8.79	7.02	8.442171536695247	9.346664391571974	
419.0	93.0	4.0	4.0	4.48	6.69	3.55	3.54	5.53	10.39	3.76	5.54	7.68	8.16	10.34	8.51	9.66	4.0	8.44	4.04	8.11	9.74	7.56	
420.0	98.0	15.0	15.0	4.57	9.55	3.93	4.78	7.17	7.87	9.67	8.37	6.95	7.88	7.56	7.18	8.25	10.2	5.9	9.6	6.71	8.98	7.24	
421.0	100.0	14.0	14.0	6.36	6.22	5.19	4.99	7.43	9.36	8.19	6.65	9.95	7.21	10.13	7.47	7.32	8.44	7.27	7.23	4.26	10.13	9.4	
422.0	82.0	6.0	6.0	3.6	5.23	6.1	9.5	4.47	5.95	9.25	5.81	7.42	9.51	4.55	4.81	6.22	6.47	10.14	9.77	5.58	5.91	7.53	
423.0	5.0	15.0	15.0	7.99	6.41	9.25	7.57	6.99	8.09	8.76	5.75	4.15	4.96	10.08	7.76	8.6	3.87	8.16	8.98	8.57	6.72	10.11	
424.0	58.0	11.0	11.0	4.84	4.26	4.73	6.18	8.15	6.07	7.08	10.09	9.05	5.59	6.82	4.25	5.98	5.46	10.3	4.2	9.88	8.02	10.3	
425.0	92.0	10.0	10.0	9.45	10.26	6.59	9.66	8.07	7.73	8.06	9.38	5.99	6.91	8.42	4.28	7.97	6.13	6.56	7.65	9.9	9.55	2.2041829898060086	
426.0	96.0	15.0	15.0	9.78	10.02	5.51	4.3	5.83	5.74	3.89	8.76	6.64	9.32	5.29	6.96	10.07	6.72	6.45	3.61	9.0	7.99	7.07	
427.0	99.0	12.0	12.0	4.7	5.15	5.81	4.59	5.75	3.96	4.87	7.66	4.44	3.9	9.51	5.09	7.65	4.59	4.77	8.34	7.39	9.97	8.01	
428.0	81.0	3.0	3.0	6.31	6.77	7.64	8.57	9.56	8.7	4.4	6.59	6.4	6.26	6.14	9.69	3.62	5.33	5.68	6.78	4.5	4.99	4.24	
429.0	83.0	5.0	5.0	5.19	3.72	9.03	10.35	5.77	3.95	8.01	7.5	3.93	6.23	6.51	9.55	8.03	7.72	6.69	4.78	4.11	4.29	8.78	
430.0	70.0	11.0	11.0	8.07	7.84	5.66	6.82	9.32	6.57	4.92	5.26	8.53	7.98	7.22	5.4	6.49	4.38	8.35	6.88	5.31	6.72	8.98	
431.0	91.0	9.0	9.0	9.43	6.52	4.87	9.7	4.41	4.01	7.0	8.21	8.53	5.27	6.47	4.85	6.33	5.02	8.33	8.64	4.52	5.24	7.08	
432.0	51.0	2.0	2.0	9.78	7.31	5.15	7.06	9.75	5.01	4.75	5.32	9.59	7.4	9.55	4.75	5.16	7.57	7.89	8.77	8.17	8.38	5.56	
433.0	53.0	12.0	12.0	8.34	4.39	7.22	3.54	4.8	3.89	3.51	7.37	4.89	6.16	9.83	9.74	5.74	5.71	9.09	7.52	9.8	6.69	6.58	
434.0	100.0	14.0	14.0	9.0	5.79	7.43	3.64	7.64	4.21	8.25	7.57	6.65	5.78	3.54	6.43	10.32	3.85	3.59	4.93	9.6	9.66	4.1	
435.0	68.0	5.0	5.0	5.67	9.74	6.52	5.22	7.17	6.45	7.97	5.76	4.3	6.38	5.17	5.3	3.69	9.53	8.07	6.78	7.02	8.14	7.83	
436.0	74.0	1.0	1.0	10.05	8.43	10.11	8.29	8.97	4.27	8.33	8.5	8.77	7.87	5.3	7.33	10.26	7.16	6.57	8.22	3.79	7.69	9.384977779123373	
437.0	54.0	10.0	10.0	10.44	9.0	9.53	5.83	8.28	5.83	3.91	5.26	3.78	6.89	9.22	6.15	6.63	4.36	8.87	8.97	7.66	9.03	4.37	
438.0	91.0	9.0	9.0	8.7	9.77	5.15	10.09	7.18	10.0	6.12	3.68	8.1	5.37	5.83	7.44	5.2	9.97	3.51	6.88	5.43	9.28	6.69	
439.0	59.0	9.0	9.0	7.93	8.59	4.4	4.24	4.81	4.64	10.36	8.75	9.58	3.76	6.51	4.73	7.48	8.07	9.49	5.25	9.01	10.06	5.94	
440.0	98.0	15.0	15.0	3.79	4.64	4.3	4.43	7.8	4.49	6.25	7.27	5.02	6.79	7.15	4.82	7.77	4.7	5.23	9.5	8.5	7.89	9.59	
441.0	81.0	3.0	3.0	9.0	10.06	6.79	6.33	5.63	7.19	6.5	6.7	10.22	5.76	6.2	5.86	5.12	8.35	6.5	8.33	4.69	10.46	8.71	
442.0	24.0	14.0	14.0	4.16	9.66	6.34	8.7	3.8	7.68	6.94	6.37	7.8	8.3	9.96	9.77	6.89	4.97	6.71	6.72	5.44	6.97	6.64	
443.0	87.0	5.0	5.0	8.94	5.63	8.69	9.79	7.03	10.41	7.33	6.72	5.95	6.51	4.04	5.85	8.91	8.68	8.15	4.44	7.07	10.32	3.75	
444.0	90.0	4.0	4.0	6.28	4.2	9.78	7.25	9.22	7.21	5.19	8.52	8.55	9.05	5.52	4.76	8.34	7.91	9.14	3.67	6.79	7.34	4.61	
445.0	91.0	9.0	9.0	9.24	7.37	9.8	4.21	5.61	8.57	9.33	9.61	7.47	7.82	8.34	3.68	6.36	5.94	6.06	9.95	5.85	10.28	4.9	
446.0	16.0	14.0	14.0	6.73	9.71	3.89	3.69	8.68	4.0	7.52	8.84	10.01	10.27	8.67	7.24	4.97	8.31	8.83	9.0	10.42	4.9	8.94	
447.0	98.0	15.0	15.0	9.51	3.57	9.47	9.05	8.06	4.26	6.46	3.77	8.04	7.76	6.18	9.21	6.88	10.28	5.46	5.72	5.59	9.44	4.73	
448.0	82.0	6.0	6.0	6.5	10.45	4.75	5.5	6.17	4.67	10.32	7.3	7.59	9.43	4.66	6.91	6.3	8.69	10.4	8.09	5.19	4.77	4.74	
449.0	69.0	12.0	12.0	9.35	8.25	8.1	4.07	5.87	3.93	6.9	6.87	9.48	4.92	5.08	3.93	5.93	9.77	4.87	6.56	3.66	9.48	5.53	
450.0	90.0	4.0	4.0	8.28	8.86	5.88	5.34	7.04	7.67	5.57	4.34	8.62	3.85	7.18	3.73	7.26	4.68	8.32	7.71	4.63	3.9	9.57	
451.0	89.0	14.0	14.0	4.68	5.28	7.53	6.71	7.77	3.58	8.93	9.77	7.1	9.26	3.79	5.93	4.28	4.28	5.18	8.76	6.64	3.99	9.42	
452.0	77.0	8.0	8.0	8.59	10.49	7.65	4.71	5.8	5.15	7.5	6.67	5.33	8.02	9.4	9.9	9.2	4.4	5.72	4.01	10.5	9.58	4.27	
453.0	95.0	8.0	8.0	4.01	5.76	7.32	4.42	9.74	4.87	5.62	7.29	8.23	3.57	3.62	10.15	9.0	4.03	7.07	10.26	7.2	5.52	4.98	
454.0	79.0	7.0	7.0	6.39	9.79	6.03	6.44	5.07	8.94	8.16	3.5	4.13	5.62	6.09	4.99	5.88	5.35	3.7	8.99	5.06	6.88	3.57	
455.0	57.0	14.0	14.0	9.37	7.15	9.66	8.13	8.37	3.99	8.52	9.49	5.53	3.81	7.29	10.16	4.32	6.98	4.63	8.37	3.81	10.06	5.57	
456.0	48.0	13.0	13.0	4.13	9.01	4.24	5.18	10.37	8.78	9.2	10.01	6.92	6.48	7.78	7.92	7.38	6.78	8.61	3.69	10.46	4.54	6.66	
457.0	47.0	15.0	15.0	7.55	5.64	7.0	10.05	8.9	9.18	8.55	7.02	6.11	4.09	4.28	4.37	8.19	9.31	4.16	5.44	6.31	8.31	7.21	
458.0	77.0	8.0	8.0	6.53	6.11	5.38	5.83	4.47	4.12	10.26	8.79	9.25	6.17	8.9	9.25	3.8	6.45	9.13	4.37	8.15	5.51	3.96	
459.0	57.0	14.0	14.0	4.88	8.55	7.48	4.62	4.42	7.98	8.06	8.69	3.83	6.44	6.75	4.99	6.48	9.78	3.61	6.5	9.13	7.38	10.35	
460.0	98.0	15.0	15.0	6.31	8.85	5.39	6.07	6.17	9.84	10.35	9.32	4.86	9.19	8.08	3.98	7.42	7.94	4.13	8.97	6.21	9.43	7.07	
461.0	81.0	3.0	3.0	4.89	6.95	7.15	6.07	5.14	8.23	7.78	3.5	5.29	3.52	7.05	4.01	8.82	9.06	6.38	5.99	4.07	6.25	7.99	
462.0	82.0	6.0	6.0	7.14	4.31	9.64	3.77	8.24	9.26	4.57	7.7	10.34	3.97	6.33	5.47	6.95	5.55	6.41	4.74	7.76	7.6	5.25	
463.0	58.0	11.0	11.0	8.23	4.44	3.92	5.65	9.03	7.0	9.02	7.5	8.24	6.79	9.77	4.32	5.64	6.57	4.03	6.59	7.18	6.45	5.63	
464.0	14.0	13.0	13.0	9.85	6.16	3.55	3.89	5.67	8.11	8.77	3.76	8.42	10.11	3.68	4.33	7.51	8.15	8.94	10.41	8.79	8.78	7.04	
465.0	61.0	12.0	12.0	10.2	4.2	10.16	7.16	6.66	6.28	8.09	9.38	4.68	8.76	9.26	4.47	4.96	7.13	4.28	8.58	3.84	6.16	6.7	
466.0	19.0	13.0	13.0	5.72	7.47	9.94	3.66	8.94	3.87	8.09	5.05	7.48	10.48	9.41	9.33	5.41	7.89	6.48	4.89	4.34	5.8	3.67	
467.0	97.0	9.0	9.0	7.09	4.43	9.91	3.98	10.13	6.78	5.35	8.55	9.95	8.45	3.53	8.61	5.39	6.83	7.84	9.0	5.97	10.38	5.32	
468.0	100.0	14.0	14.0	7.82	9.85	9.7	5.56	5.59	5.66	4.12	7.61	9.86	10.45	4.86	7.93	7.01	7.54	9.28	4.1	8.54	9.7	9.54	
469.0	85.0	3.0	3.0	3.87	9.79	7.54	5.03	6.78	4.26	8.06	6.59	3.8	6.23	7.74	5.28	4.42	7.92	7.61	10.47	6.47	6.72	10.27	
470.0	23.0	7.0	7.0	8.07	7.42	5.39	6.33	4.49	7.18	9.99	6.1	8.06	4.33	3.58	9.44	7.54	8.68	8.86	6.13	6.37	8.37	10.05	
471.0	69.0	12.0	12.0	4.22	8.87	5.98	3.91	5.15	7.24	5.14	7.25	7.47	4.25	6.03	3.91	9.49	6.66	4.16	7.84	8.0	5.7	3.65	
472.0	43.0	13.0	13.0	6.92	9.64	7.01	7.87	4.75	6.45	3.67	8.35	10.17	5.1	8.89	10.37	8.18	7.1	7.51	3.71	7.74	5.93	5.89	
473.0	74.0	1.0	1.0	8.27	7.51	9.19	8.42	3.66	7.3	3.91	3.83	9.6	4.4	6.45	5.83	6.88	8.67	9.63	4.22	7.01	6.42	5.2	
474.0	71.0	11.0	11.0	4.75	6.93	4.79	5.1	9.24	5.1	9.05	7.73	10.3	9.51	3.61	4.55	7.67	3.66	10.14	5.62	3.96	8.86	9.41	
475.0	40.0	11.0	11.0	3.64	9.21	5.86	9.79	10.5	5.13	4.56	9.62	7.08	6.0	5.11	6.46	6.04	6.47	4.94	6.72	10.2	8.6	6.11	
476.0	13.0	3.0	3.0	6.99	10.44	4.28	9.78	6.14	5.15	9.22	4.29	9.32	9.7	7.59	3.76	5.16	8.03	4.58	4.66	3.5	8.22	7.29	
477.0	88.0	4.0	4.0	8.61	5.99	3.75	9.87	5.17	8.11	7.68	6.77	5.66	5.69	7.4	9.43	4.5	5.13	9.66	6.04	3.87	5.9	7.09	
478.0	90.0	4.0	4.0	3.53	5.91	6.55	9.64	6.12	8.57	8.1	7.65	5.45	8.18	7.62	9.25	7.75	7.45	6.46	3.67	5.09	6.72	6.42	
479.0	93.0	4.0	4.0	9.05	6.99	5.48	7.32	8.79	8.85	7.24	3.84	6.73	6.67	7.81	6.0	9.94	5.87	5.13	7.11	8.62	4.03	3.85	
480.0	96.0	15.0	15.0	4.97	9.12	9.85	4.12	7.4	5.66	10.27	4.54	4.8	7.99	8.39	5.43	10.16	9.05	7.18	4.65	5.54	5.39	9.99	
481.0	99.0	12.0	12.0	6.73	9.92	9.31	8.47	6.71	5.54	9.47	10.05	8.3	10.34	9.26	9.87	8.36	6.43	7.98	7.49	7.04	8.5015886986425	8.458829242291163	
482.0	58.0	11.0	11.0	6.21	8.4	8.82	9.91	7.26	5.82	7.06	9.57	7.54	8.49	9.57	4.54	5.12	5.31	7.61	3.75	6.58	6.71	4.95	
483.0	67.0	3.0	3.0	8.55	8.83	5.11	3.59	9.9	4.26	7.36	8.13	10.32	3.96	7.16	6.92	5.37	6.27	4.91	9.38	9.61	5.74	6.63	
484.0	88.0	4.0	4.0	4.41	9.63	8.47	6.23	9.06	7.01	9.58	6.92	5.84	4.13	8.49	5.53	5.81	9.61	5.19	4.2	6.71	9.77	8.67	
485.0	92.0	10.0	10.0	6.58	7.77	8.01	6.17	9.68	5.65	7.88	7.14	3.68	3.99	7.62	6.42	5.52	6.74	8.03	4.63	5.82	6.23	7.85	
486.0	94.0	13.0	13.0	8.42	5.86	5.79	6.25	3.57	9.33	10.07	6.03	6.92	9.55	6.41	6.02	9.43	5.16	3.52	8.92	6.89	7.12	7.75	
487.0	97.0	9.0	9.0	10.32	10.4	3.94	6.76	6.72	7.54	5.32	10.14	7.1	5.39	7.48	4.76	4.39	6.86	9.65	6.18	7.32	6.88	5.89	
488.0	81.0	3.0	3.0	4.38	8.45	5.53	8.68	6.31	8.41	5.45	8.15	4.02	4.85	7.95	10.19	6.17	4.19	4.78	5.03	3.55	8.12	9.53	
489.0	9.0	15.0	15.0	6.95	10.24	10.45	7.79	5.23	5.07	8.58	9.27	8.83	8.63	4.76	3.76	9.08	4.84	3.8	10.38	3.97	4.06	7.71	
490.0	30.0	14.0	14.0	5.66	5.91	7.86	4.77	6.96	8.59	7.3	10.26	10.13	6.36	6.79	4.73	4.35	3.72	10.22	7.51	7.05	3.71	3.81	
491.0	90.0	4.0	4.0	6.91	3.8	7.31	8.51	4.36	3.72	8.61	10.27	6.3	10.21	7.41	9.23	4.48	8.99	5.95	3.58	9.35	5.77	7.59	
492.0	92.0	10.0	10.0	8.7	8.54	3.56	8.37	6.6	8.68	9.54	5.89	9.87	7.2	7.39	8.18	4.96	5.1	9.44	8.97	5.47	4.09	4.82	
493.0	95.0	8.0	8.0	7.8	7.38	4.91	6.93	7.29	4.43	6.43	9.9	7.66	9.79	4.53	9.1	7.88	8.38	4.63	5.31	4.07	7.51	9.05	
494.0	99.0	12.0	12.0	7.1	6.84	7.36	7.78	10.4	7.44	6.44	10.05	10.06	8.2	3.54	6.35	6.08	6.38	6.29	6.08	9.33	7.29	9.43	
495.0	81.0	3.0	3.0	7.13	9.61	5.94	9.42	9.56	5.27	9.48	8.55	5.46	3.95	6.52	6.13	4.95	4.76	4.32	9.52	6.63	4.29	9.33	
496.0	28.0	8.0	8.0	6.74	9.57	9.89	7.03	6.52	4.67	9.15	7.31	7.08	9.6	8.2	4.66	7.19	6.93	6.23	3.76	9.76	5.54	8.37	
497.0	53.0	12.0	12.0	8.21	8.96	5.72	6.82	8.16	4.21	5.69	5.16	3.87	8.94	4.63	4.38	4.4	8.45	7.86	8.76	6.69	4.63	8.75	
498.0	90.0	4.0	4.0	4.91	7.24	8.63	9.17	8.58	10.26	3.99	5.44	4.16	3.84	3.68	4.07	5.06	8.53	5.59	4.45	8.84	5.56	8.54	
499.0	95.0	8.0	8.0	10.18	9.97	4.34	3.9	4.75	4.41	4.29	5.62	9.31	4.71	4.93	9.91	4.67	9.3	10.39	6.03	4.69	3.64	8.14	
500.0	96.0	15.0	15.0	6.67	5.68	7.72	8.68	3.72	6.58	10.49	7.33	6.31	4.45	6.88	3.55	8.58	5.34	5.11	10.47	7.31	7.78	8.07	
501.0	99.0	12.0	12.0	7.53	5.57	8.64	5.85	6.37	7.5	4.83	10.42	3.94	6.12	4.39	5.11	6.04	9.54	6.73	4.38	7.06	5.5	5.65	
502.0	82.0	6.0	6.0	4.23	5.41	4.79	4.17	9.28	4.98	5.99	10.22	4.04	6.36	8.02	3.89	8.64	9.75	3.8	3.61	10.41	10.13	6.66	
503.0	76.0	6.0	6.0	8.07	5.79	6.23	6.91	4.28	9.48	9.4	5.12	10.33	9.48	10.33	5.78	9.8	8.59	4.23	7.48	5.54	7.72	9.27	
504.0	89.0	14.0	14.0	3.81	9.28	9.82	5.02	9.62	7.4	7.93	7.65	5.24	9.22	10.05	5.02	6.24	9.94	9.62	7.9	7.25	4.36	8.3	
505.0	91.0	9.0	9.0	9.13	7.97	6.54	9.09	9.52	5.17	7.31	9.36	10.18	7.09	3.95	3.83	8.85	6.21	7.38	4.79	8.04	3.68	4.69	
506.0	94.0	13.0	13.0	3.91	5.42	8.42	8.26	6.49	9.91	9.19	5.27	10.19	4.41	9.45	5.59	7.03	9.05	8.54	5.82	7.21	7.28	6.5	
507.0	34.0	14.0	14.0	6.63	4.48	6.78	9.44	6.24	4.63	8.89	3.73	9.98	4.3	7.46	5.65	6.62	5.24	3.76	5.69	6.26	3.51	6.1	
508.0	82.0	6.0	6.0	3.7	4.77	6.1	6.8	5.34	3.62	7.39	5.33	9.33	5.91	3.61	9.32	6.59	9.15	4.65	8.49	4.94	7.26	10.07	
509.0	55.0	6.0	6.0	8.98	7.09	6.73	6.11	9.14	4.36	7.19	8.03	10.32	7.87	6.46	9.59	8.69	10.45	8.36	3.67	7.02	5.32	7.15	
510.0	86.0	15.0	15.0	9.6	8.33	4.62	4.45	5.18	9.22	5.87	4.34	9.14	5.37	4.08	8.99	5.18	9.4	7.99	10.17	6.33	7.37	10.17	
511.0	90.0	4.0	4.0	7.61	9.44	3.91	5.77	4.16	5.6	6.02	8.18	4.45	8.47	10.48	10.47	5.72	5.58	9.98	7.28	8.26	6.89	6.14	
512.0	92.0	10.0	10.0	3.88	8.75	7.96	4.88	10.02	6.15	7.28	4.42	4.13	8.43	9.43	6.36	4.29	9.86	5.13	10.11	7.41	5.78	5.33	
513.0	95.0	8.0	8.0	7.84	7.59	10.08	7.09	6.85	8.92	4.31	6.91	6.2	6.93	5.23	8.77	6.28	5.01	4.96	5.69	6.27	9.78	5.44	
514.0	78.0	8.0	8.0	7.05	8.24	6.65	8.11	5.9	7.3	7.32	3.95	6.54	5.33	9.33	3.59	4.69	9.32	9.55	5.2	5.52	4.68	8.03	
515.0	83.0	5.0	5.0	7.86	5.08	6.66	10.29	9.14	5.12	4.57	8.42	6.07	9.24	4.71	10.48	8.93	8.5	9.61	4.44	10.13	5.93	8.76	
516.0	46.0	14.0	14.0	8.25	7.72	7.08	5.0	4.28	5.5	8.07	6.31	7.71	5.96	10.4	10.11	4.8	9.29	6.56	4.35	10.16	5.49	6.16	
517.0	73.0	13.0	13.0	8.91	7.6	8.74	8.7	9.31	6.6	7.38	8.71	9.86	9.62	8.84	4.98	3.71	8.96	5.71	4.58	8.72	6.45	5.31	
518.0	73.0	13.0	13.0	6.42	6.05	4.16	9.63	5.8	5.28	3.7	5.84	3.96	9.12	5.25	9.51	9.26	4.61	4.27	6.97	4.79	7.29	6.49	
519.0	94.0	13.0	13.0	8.23	4.34	7.85	8.26	7.04	9.44	8.78	9.17	7.33	6.64	7.54	5.63	7.27	4.83	8.57	9.4	9.57	5.56	3.53	
520.0	96.0	15.0	15.0	9.75	10.3	6.42	4.84	8.15	5.39	5.63	6.8	3.95	9.86	4.72	6.01	7.24	5.62	5.28	4.6	7.52	3.61	8.4	
521.0	29.0	2.0	2.0	9.36	9.82	8.94	7.61	3.77	7.67	10.0	7.4	9.95	9.01	6.54	5.85	8.48	7.56	8.16	7.53	7.57	3.89	5.495977615550631	
522.0	83.0	5.0	5.0	10.11	8.07	5.44	4.01	10.27	9.84	8.13	8.6	10.34	7.55	8.29	6.3	7.88	5.04	9.52	4.2	9.13	5.27	6.23	
523.0	85.0	3.0	3.0	5.48	5.28	9.71	7.57	8.0	7.9	7.21	5.07	7.7	8.44	3.8	4.36	8.39	5.19	10.02	6.84	3.97	8.18	3.83	
524.0	25.0	12.0	12.0	7.85	4.94	6.56	4.47	6.54	8.45	5.29	7.62	7.82	8.43	6.0	6.97	8.01	3.51	7.23	10.02	4.48	6.29	6.23	
525.0	69.0	12.0	12.0	9.06	6.75	5.44	7.84	6.46	4.25	3.6	4.41	9.67	4.26	5.38	7.61	4.2	10.06	9.27	4.99	10.4	8.84	6.88	
526.0	79.0	7.0	7.0	8.44	10.3	6.18	10.41	10.27	6.53	5.11	10.48	4.74	4.59	6.08	5.11	5.03	8.49	5.18	7.97	7.03	9.87	4.47	
527.0	97.0	9.0	9.0	6.99	8.76	3.86	9.91	10.33	8.59	10.48	6.21	7.57	9.18	8.76	10.07	9.46	7.51	7.32	6.54	6.07	6.22	9.525877326934834	
528.0	95.0	8.0	8.0	7.65	4.11	5.29	9.98	7.67	3.9	5.7	7.35	6.67	7.47	9.77	5.63	4.14	8.35	8.38	8.47	5.09	9.59	3.56	
529.0	45.0	5.0	5.0	7.77	7.99	6.82	5.32	4.83	7.98	4.3	5.42	5.96	10.24	8.12	5.54	9.5	8.82	9.38	7.35	3.58	5.04	4.95	
530.0	86.0	15.0	15.0	10.48	5.48	10.49	10.08	5.25	4.85	6.95	6.76	5.19	4.74	9.34	6.26	6.44	7.13	6.09	10.31	8.2	8.03	10.21	
531.0	48.0	13.0	13.0	5.69	8.32	6.45	7.41	6.78	4.57	9.15	4.91	7.41	7.75	8.48	9.82	7.86	6.08	8.92	3.69	10.36	9.53	10.4	
532.0	66.0	12.0	12.0	8.27	8.25	6.08	5.6	7.9	10.42	7.57	4.12	10.2	9.87	3.53	3.58	8.19	4.36	10.09	7.9	5.4	3.54	9.64	
533.0	38.0	5.0	5.0	6.61	4.3	6.53	3.61	4.87	8.88	6.59	8.39	8.69	8.66	10.34	8.58	6.57	4.12	7.38	10.37	4.14	5.35	3.57	
534.0	98.0	15.0	15.0	7.95	8.58	10.28	6.54	5.31	10.22	9.06	10.26	4.07	9.79	7.2	7.37	5.45	6.36	7.83	7.3	7.88	7.29	1.102221377791599	
535.0	83.0	5.0	5.0	9.02	7.81	7.72	8.86	8.19	4.25	4.93	10.01	7.13	5.95	4.26	9.52	6.76	5.6	3.64	4.38	4.96	9.32	8.72	
536.0	39.0	14.0	14.0	10.37	8.98	4.1	3.57	7.56	4.62	3.63	5.77	6.04	8.74	8.48	7.71	9.38	5.25	9.13	7.14	9.98	7.62	9.93	
537.0	87.0	5.0	5.0	7.33	3.64	4.36	9.14	4.27	8.81	10.33	9.7	7.51	4.71	3.59	9.56	4.26	3.51	10.15	5.49	5.97	10.1	10.1	
538.0	59.0	9.0	9.0	8.07	9.5	3.53	8.65	9.68	5.96	5.24	8.44	6.58	9.89	7.28	8.54	4.65	4.95	4.33	5.5	5.56	8.02	4.2	
539.0	42.0	4.0	4.0	8.92	8.35	9.24	4.43	4.63	4.16	3.79	5.15	4.57	3.82	5.91	6.07	6.3	7.79	3.73	7.86	8.1	5.27	5.7	
540.0	76.0	6.0	6.0	9.35	3.79	8.08	4.57	6.05	8.37	8.73	3.76	3.96	7.29	6.25	3.93	8.94	9.89	8.42	5.55	4.12	8.38	7.12	
541.0	81.0	3.0	3.0	4.55	8.42	9.88	10.42	10.34	9.78	9.76	7.76	5.96	9.04	8.46	6.41	8.57	7.97	7.15	9.42	4.25	0.8019527488417006	4.803886058822912	
542.0	44.0	3.0	3.0	9.82	6.63	4.53	9.99	8.59	9.93	7.11	6.25	4.52	9.74	9.55	10.27	6.74	5.4	6.08	10.12	7.44	8.0	8.030154902582414	
543.0	85.0	3.0	3.0	8.06	5.52	9.9	9.8	5.89	4.2	4.69	5.59	8.22	8.05	6.83	3.59	4.44	6.18	5.27	10.35	9.72	4.09	7.4	
544.0	90.0	4.0	4.0	5.83	3.94	9.83	8.89	9.64	6.93	9.83	6.72	5.14	8.77	6.12	6.02	6.09	5.01	9.5	4.21	3.7	6.41	9.85	
545.0	93.0	4.0	4.0	9.27	4.79	6.4	3.85	5.35	10.45	4.05	10.07	7.44	6.56	7.45	7.99	9.32	9.94	5.42	4.59	9.19	6.54	4.71	
546.0	94.0	13.0	13.0	8.37	4.6	6.37	4.28	8.16	9.42	10.23	8.72	7.36	9.04	7.04	7.68	4.64	10.46	6.66	6.41	6.65	5.51	9.23	
547.0	29.0	2.0	2.0	10.15	4.43	9.01	6.0	9.58	5.73	4.86	9.58	4.45	8.48	10.42	6.82	7.67	10.31	8.29	6.59	7.48	7.42	5.72	
548.0	66.0	12.0	12.0	4.71	8.95	5.25	7.38	9.94	8.66	5.72	8.53	9.07	8.07	8.92	9.88	7.83	6.2	4.67	9.93	6.16	4.36	8.27	
549.0	74.0	1.0	1.0	7.59	8.82	7.61	6.64	5.33	3.51	6.09	4.48	6.46	4.78	3.71	8.4	8.48	7.95	7.76	6.99	9.01	6.25	8.91	
550.0	88.0	4.0	4.0	8.46	5.66	4.25	3.87	6.44	4.85	6.66	7.88	8.68	5.76	5.4	3.64	4.51	8.73	9.76	7.32	7.41	8.07	4.21	
551.0	26.0	1.0	1.0	7.4	10.47	5.19	6.05	5.98	4.6	4.36	4.98	7.95	4.22	5.75	6.54	3.97	7.43	7.63	9.25	9.31	4.74	4.15	
552.0	93.0	4.0	4.0	4.1	5.26	6.76	7.17	6.89	4.61	8.54	10.24	10.36	9.11	10.17	5.96	9.93	6.77	10.25	4.64	5.22	5.8	7.38	
553.0	60.0	3.0	3.0	6.05	7.37	5.13	6.6	3.64	8.96	4.14	10.28	10.28	6.77	5.15	5.18	10.02	10.17	10.38	7.72	3.84	10.21	6.5	
554.0	73.0	13.0	13.0	4.81	5.88	7.37	8.3	9.71	6.04	8.44	5.45	4.01	5.69	8.88	10.44	4.63	7.73	10.33	10.05	4.7	6.83	7.13	
555.0	23.0	7.0	7.0	9.72	9.24	8.83	6.79	10.12	7.03	6.99	9.29	8.49	5.31	3.65	5.51	8.19	10.34	6.69	4.83	7.65	9.92	9.691178551083881	
556.0	84.0	12.0	12.0	6.41	7.41	7.11	5.76	5.79	7.99	4.42	4.41	6.06	7.87	8.19	4.6	7.23	5.95	10.0	8.11	9.59	4.39	5.85	
557.0	89.0	14.0	14.0	8.33	8.57	10.3	6.11	4.95	8.83	6.68	4.8	3.67	7.53	10.31	8.24	4.07	8.39	7.81	6.88	8.85	8.0	8.78	
558.0	91.0	9.0	9.0	7.05	3.85	5.46	4.02	3.56	10.03	4.81	9.21	6.03	5.69	8.93	9.87	9.08	7.77	7.93	7.19	6.61	5.43	8.56	
559.0	15.0	11.0	11.0	10.49	4.25	9.89	7.41	5.95	8.43	7.39	4.98	7.99	7.23	6.4	6.99	3.51	6.11	10.18	3.78	6.07	5.13	7.6	
560.0	61.0	12.0	12.0	8.59	4.88	4.41	8.68	10.03	9.65	3.93	8.55	4.0	5.35	6.62	4.27	6.83	8.24	8.27	8.29	3.69	5.73	4.73	
561.0	74.0	1.0	1.0	9.92	6.63	8.11	8.64	10.34	3.61	6.86	4.62	7.82	5.62	4.24	3.71	7.21	7.97	10.1	4.77	4.61	9.59	9.04	
562.0	80.0	3.0	3.0	4.11	10.35	9.9	5.49	9.95	9.21	6.59	4.39	3.58	4.79	6.57	8.88	7.65	7.65	6.04	9.13	6.72	8.03	5.99	
563.0	86.0	15.0	15.0	10.38	9.65	8.3	10.22	6.47	8.16	4.76	5.02	8.96	9.35	6.73	8.38	4.17	4.21	7.04	10.19	8.28	6.49	9.4	
564.0	88.0	4.0	4.0	10.46	4.22	7.05	4.53	8.6	6.97	5.91	8.67	8.07	7.02	4.65	8.78	4.52	7.79	9.61	7.54	5.3	5.25	10.2	
565.0	91.0	9.0	9.0	7.39	5.99	10.28	7.03	9.36	8.99	9.75	10.41	4.01	7.52	9.42	8.46	7.63	4.12	7.45	9.03	4.96	8.38	7.552381600964616	
566.0	96.0	15.0	15.0	7.39	4.47	8.1	6.84	7.55	6.13	5.17	7.77	3.58	8.57	6.42	5.05	9.98	8.12	9.3	7.65	6.9	7.19	5.88	
567.0	98.0	15.0	15.0	7.4	8.75	5.9	9.1	10.34	8.83	6.54	4.78	4.63	8.43	5.23	3.67	7.8	3.79	9.9	7.76	3.87	5.27	4.14	
568.0	81.0	3.0	3.0	9.86	8.63	5.83	8.8	9.28	7.29	6.97	8.85	9.97	8.07	7.55	7.94	9.72	3.59	8.66	5.28	5.49	10.43	9.992527774691377	
569.0	52.0	4.0	4.0	7.6	10.02	8.3	10.21	5.89	10.47	8.06	6.38	9.05	3.87	8.63	6.28	9.8	9.79	9.01	3.65	3.63	5.58	8.64	
570.0	5.0	15.0	15.0	4.36	4.63	8.01	9.07	5.8	6.6	4.31	10.5	9.44	6.25	3.78	9.07	10.05	6.7	9.59	6.94	4.75	9.81	10.04	
571.0	77.0	8.0	8.0	9.16	6.27	3.83	8.4	7.28	9.89	3.59	4.29	8.48	5.72	9.38	7.85	9.49	5.13	8.06	3.91	6.89	6.51	8.14	
572.0	55.0	6.0	6.0	4.42	3.87	4.29	9.44	7.95	4.11	8.33	8.42	8.74	3.72	7.76	6.83	6.15	9.63	4.49	5.7	4.24	3.92	7.04	
573.0	97.0	9.0	9.0	6.76	7.93	5.45	6.08	4.35	9.04	7.39	10.12	6.02	6.91	4.25	9.62	4.91	7.25	5.62	4.65	5.33	5.85	8.61	
574.0	98.0	15.0	15.0	4.88	8.08	4.32	9.54	4.16	9.99	5.69	10.31	5.58	6.11	10.42	9.68	7.27	4.16	4.25	8.31	10.04	9.21	7.51	
575.0	83.0	5.0	5.0	8.93	10.06	8.15	4.04	10.09	6.63	6.34	3.62	8.94	6.88	4.09	9.63	7.67	4.55	7.41	7.3	6.74	7.05	4.63	
576.0	36.0	15.0	15.0	5.19	7.46	9.74	10.09	5.04	6.02	8.25	6.87	6.84	10.02	5.26	4.09	6.23	5.85	8.72	8.66	8.77	8.19	9.01	
577.0	53.0	12.0	12.0	6.63	7.8	4.75	9.48	7.04	7.82	4.52	10.25	3.79	5.51	6.31	8.67	5.12	8.5	5.73	7.46	7.63	3.88	9.48	
578.0	91.0	9.0	9.0	9.97	10.04	10.05	7.05	10.01	6.53	8.01	5.01	7.09	5.14	5.65	6.84	9.17	9.76	4.91	9.39	4.2	5.38	8.92	
579.0	94.0	13.0	13.0	6.49	6.44	5.19	4.4	3.51	9.6	7.36	5.46	6.73	4.49	4.52	4.77	9.05	10.31	5.27	4.32	4.33	5.04	8.66	
580.0	96.0	15.0	15.0	5.15	4.39	4.21	7.94	5.17	8.4	10.09	9.4	9.44	8.46	3.82	4.68	4.26	8.49	7.4	5.98	5.3	9.26	6.18	
581.0	99.0	12.0	12.0	8.49	10.23	6.95	4.27	5.21	7.72	6.62	9.68	4.72	9.69	9.62	8.83	8.26	7.71	9.92	7.52	9.79	5.62	2.8797669516117415	
582.0	84.0	12.0	12.0	9.7	4.3	7.17	5.25	8.09	9.91	5.73	7.72	10.06	10.18	9.4	6.79	5.33	5.26	9.77	7.87	8.9	5.87	8.33	
583.0	87.0	5.0	5.0	7.01	3.86	6.46	8.84	5.23	5.15	5.07	9.48	9.5	5.63	7.96	7.66	9.17	5.8	5.34	9.16	3.71	4.9	8.95	
584.0	61.0	12.0	12.0	6.37	8.28	9.3	7.37	10.32	8.92	7.09	7.09	7.77	4.84	7.87	4.35	7.13	9.28	9.12	8.42	7.9	3.68	8.65	
585.0	92.0	10.0	10.0	3.88	7.39	6.65	7.4	3.58	8.3	5.37	8.37	6.43	5.56	5.27	5.14	7.47	9.73	7.55	7.76	6.85	4.13	6.5	
586.0	95.0	8.0	8.0	7.87	4.57	5.12	10.03	7.55	7.11	4.01	5.81	6.65	9.71	7.26	8.6	8.48	7.21	6.75	5.8	6.25	6.96	9.96	
587.0	99.0	12.0	12.0	8.66	7.14	9.91	10.1	5.08	4.21	8.21	5.1	10.22	3.9	5.92	4.36	4.02	9.56	7.09	8.83	8.68	4.29	3.66	
588.0	100.0	14.0	14.0	9.17	9.08	10.04	9.71	6.94	6.62	6.4	4.1	7.62	8.04	5.58	6.82	10.0	5.94	7.33	7.3	3.76	3.87	5.5	
589.0	69.0	12.0	12.0	4.0	9.08	5.27	4.99	4.96	5.23	4.85	6.74	9.27	6.18	3.61	8.47	7.82	7.85	3.92	7.05	6.28	6.38	8.98	
590.0	87.0	5.0	5.0	4.21	6.3	8.93	6.73	3.71	8.84	3.64	4.26	5.42	10.24	4.67	5.2	8.89	8.78	8.67	6.41	3.56	8.46	9.92	
591.0	46.0	14.0	14.0	4.24	7.06	5.87	3.95	4.54	4.15	5.32	9.44	8.94	8.25	5.49	10.18	5.76	7.12	8.49	6.56	7.41	8.08	4.63	
592.0	92.0	10.0	10.0	9.02	10.18	3.54	5.84	9.89	9.34	7.75	8.68	9.8	8.94	8.53	3.83	4.23	9.01	7.4	6.57	5.8	10.04	8.058669011501822	
593.0	72.0	11.0	11.0	5.43	6.89	4.23	7.58	6.76	5.07	8.18	3.8	9.51	8.26	6.9	5.83	5.77	9.14	7.04	5.04	6.74	6.2	4.43	
594.0	59.0	9.0	9.0	3.55	6.77	6.5	6.5	9.84	6.81	9.6	10.22	5.75	7.51	3.85	10.13	4.98	4.79	5.6	9.37	5.33	8.8	10.12	
595.0	83.0	5.0	5.0	5.44	5.51	10.28	4.57	3.78	7.51	5.74	8.91	10.1	8.88	4.85	6.39	7.38	4.3	3.9	9.88	3.68	10.18	3.75	
596.0	85.0	3.0	3.0	6.16	7.94	6.05	3.97	8.05	9.79	8.24	7.8	3.95	6.13	7.88	6.29	4.53	7.99	8.62	7.21	7.62	5.24	3.81	
597.0	87.0	5.0	5.0	9.01	9.94	8.05	8.85	8.45	4.35	5.26	7.75	9.65	8.1	5.05	8.4	7.18	7.5	8.76	7.95	6.26	9.7	4.622409908126001	
598.0	90.0	4.0	4.0	7.69	4.79	6.56	5.66	9.64	6.62	8.49	10.46	6.1	6.47	9.27	8.93	3.86	8.89	7.48	6.8	7.48	9.13	8.14	
599.0	95.0	8.0	8.0	8.87	5.21	7.57	6.62	3.8	5.2	4.54	10.06	6.71	8.0	9.18	8.56	8.8	8.19	6.13	5.95	8.33	9.08	9.73	
600.0	96.0	15.0	15.0	9.48	6.42	8.14	9.63	4.89	5.01	3.58	7.99	4.41	7.34	8.11	8.11	8.79	6.35	8.05	10.11	7.56	7.19	8.64	
601.0	100.0	14.0	14.0	4.83	7.26	9.7	4.2	8.22	4.67	10.43	7.81	4.71	8.84	7.91	3.64	7.71	8.91	4.55	7.26	8.54	6.4	4.51	
602.0	83.0	5.0	5.0	7.14	4.72	3.56	9.64	5.32	7.15	6.39	8.33	5.27	9.68	8.24	10.19	7.5	4.21	4.77	9.73	6.27	4.09	8.46	
603.0	85.0	3.0	3.0	5.64	9.22	6.55	8.75	4.2	8.57	7.14	7.99	7.71	4.94	3.64	10.4	5.46	10.45	7.85	9.79	7.05	8.26	3.59	
604.0	89.0	14.0	14.0	6.24	4.54	3.61	9.68	9.2	10.49	8.11	7.17	9.57	8.04	6.03	3.92	7.36	9.32	7.83	4.63	4.63	4.1	10.05	
605.0	77.0	8.0	8.0	3.52	6.06	3.56	8.43	4.68	5.78	10.16	7.35	8.94	8.37	5.03	8.07	5.98	4.06	5.75	5.66	8.08	7.07	8.01	
606.0	95.0	8.0	8.0	5.57	9.04	5.31	4.34	9.08	3.83	9.22	8.15	5.18	9.48	5.15	4.59	10.45	6.72	5.06	4.93	5.14	8.14	10.32	
607.0	97.0	9.0	9.0	6.82	9.55	6.44	4.6	7.57	5.5	6.66	6.38	5.74	9.36	6.96	4.32	5.75	6.19	5.51	3.91	9.32	7.01	4.87	
608.0	100.0	14.0	14.0	7.77	9.14	4.14	5.49	5.5	8.93	9.75	8.3	5.34	8.19	5.59	10.34	7.47	5.25	10.36	4.91	3.95	6.68	8.86	
609.0	76.0	6.0	6.0	8.76	10.16	4.7	7.53	3.66	7.44	5.25	8.04	10.3	7.4	8.03	9.95	7.63	3.57	8.46	4.83	8.38	8.35	5.06	
610.0	86.0	15.0	15.0	4.37	6.52	7.9	6.55	8.26	4.01	4.88	5.03	7.5	5.31	6.22	6.8	3.69	6.27	5.32	4.06	8.45	8.2	8.8	
611.0	91.0	9.0	9.0	7.43	9.44	7.4	9.0	3.85	4.61	8.7	5.99	7.27	6.41	4.29	4.21	7.36	5.63	9.01	9.94	3.74	8.2	8.16	
612.0	93.0	4.0	4.0	7.66	5.22	7.63	6.89	4.95	3.65	5.62	4.88	8.33	8.08	8.12	8.24	9.54	3.97	5.72	6.98	9.81	6.62	5.82	
613.0	97.0	9.0	9.0	8.51	6.35	9.4	4.62	3.95	7.47	9.21	4.46	4.67	8.0	4.1	8.88	7.91	5.59	4.63	7.92	5.98	3.5	8.52	
614.0	98.0	15.0	15.0	7.87	7.12	8.96	8.63	5.27	3.81	8.84	7.3	3.98	5.76	4.56	5.1	4.98	7.75	5.98	6.39	3.66	4.84	4.67	
615.0	81.0	3.0	3.0	7.41	8.58	9.11	6.18	4.59	7.44	9.43	5.21	7.72	9.63	5.43	4.24	10.35	9.53	9.94	7.14	8.43	7.3	4.97	
616.0	84.0	12.0	12.0	5.24	5.97	8.68	4.49	4.15	6.31	9.87	8.28	9.01	3.76	9.98	7.04	9.65	3.86	5.51	7.91	8.68	5.92	10.32	
617.0	63.0	15.0	15.0	9.7	6.82	8.8	7.48	3.63	4.76	6.85	5.81	9.68	4.63	8.59	7.58	8.37	10.08	9.48	7.9	8.81	7.78	3.82	
618.0	92.0	10.0	10.0	4.81	7.99	5.95	5.25	6.97	7.66	7.9	8.83	6.0	8.88	6.84	4.66	6.31	4.86	7.4	6.83	6.02	5.26	9.19	
619.0	78.0	8.0	8.0	5.31	6.73	5.64	5.99	4.25	5.24	9.99	10.49	4.16	6.98	4.84	9.67	6.07	5.54	8.03	9.76	10.48	6.97	9.64	
620.0	98.0	15.0	15.0	5.17	3.55	9.63	10.18	6.43	9.93	7.91	4.51	4.55	6.48	8.42	8.8	7.63	3.58	9.12	9.88	8.19	9.74	7.42	
621.0	99.0	12.0	12.0	8.86	5.11	5.68	8.16	9.28	3.8	4.63	9.88	4.77	9.67	4.62	5.9	6.29	5.32	9.95	9.19	6.41	9.15	4.13	
622.0	82.0	6.0	6.0	5.99	4.26	9.19	6.35	7.42	7.32	7.37	9.34	4.54	7.6	7.7	10.33	8.99	9.81	6.13	9.81	6.0	6.19	4.94	
623.0	69.0	12.0	12.0	4.92	10.07	4.74	6.12	7.68	8.32	9.1	9.98	5.16	7.08	6.18	7.86	5.5	8.9	6.88	5.47	5.16	4.28	4.13	
624.0	88.0	4.0	4.0	6.76	8.67	5.17	4.0	8.17	10.32	7.73	7.26	8.85	5.9	8.75	4.22	10.02	6.72	6.68	10.07	8.7	5.52	7.38	
625.0	93.0	4.0	4.0	4.38	10.04	5.39	7.6	9.5	10.3	9.21	7.96	3.54	7.13	7.63	4.27	5.32	8.64	9.42	8.61	4.2	6.88	7.14	
626.0	95.0	8.0	8.0	7.7	4.13	8.12	6.69	7.59	9.93	4.76	10.06	5.87	4.85	5.31	5.09	6.88	4.53	7.75	6.24	7.37	5.64	8.92	
627.0	97.0	9.0	9.0	10.28	8.91	9.32	9.13	9.44	4.92	10.34	5.63	6.67	8.74	7.35	5.67	7.46	10.19	5.66	10.33	6.33	6.46	0.08594123325777886	
628.0	100.0	14.0	14.0	9.05	6.28	6.25	3.69	8.04	6.76	9.41	8.89	5.61	8.14	8.26	9.77	5.74	3.86	5.19	4.47	5.26	6.36	3.83	
629.0	83.0	5.0	5.0	4.92	7.47	7.66	9.38	9.84	9.47	6.63	7.04	7.0	4.65	6.33	10.39	7.75	4.46	9.02	8.64	7.59	7.83	4.84	
630.0	86.0	15.0	15.0	8.99	10.26	3.54	6.44	8.38	5.11	3.78	4.68	5.8	7.61	7.39	6.36	9.38	9.19	6.02	4.47	3.84	7.83	9.39	
631.0	91.0	9.0	9.0	3.56	6.14	9.55	8.66	6.67	5.69	8.07	6.19	4.92	4.1	9.91	8.82	10.35	4.49	7.49	7.51	7.68	4.28	6.37	
632.0	85.0	3.0	3.0	5.22	6.15	8.68	8.37	8.67	9.12	10.13	7.97	6.99	6.82	8.01	10.04	5.91	7.55	8.43	9.62	4.47	4.62	10.09	
633.0	97.0	9.0	9.0	8.44	7.71	7.72	7.69	6.87	6.39	6.38	10.46	5.94	7.72	6.29	10.11	5.42	10.02	6.57	7.84	6.41	7.19	7.61	
634.0	98.0	15.0	15.0	6.62	3.61	10.32	10.33	4.04	3.95	6.33	8.07	7.67	9.95	5.98	8.52	9.5	4.1	8.29	9.19	6.66	8.17	9.03	
635.0	81.0	3.0	3.0	7.55	9.29	6.73	5.88	6.87	5.64	6.64	9.26	4.76	7.84	5.3	10.16	6.33	8.24	4.17	10.06	7.31	7.37	7.12	
636.0	86.0	15.0	15.0	6.72	5.13	9.27	3.91	8.73	7.93	6.12	7.54	5.24	9.76	6.61	8.12	4.83	6.67	5.36	5.47	9.8	8.29	5.33	
637.0	87.0	5.0	5.0	6.78	10.12	5.73	4.85	3.65	7.56	8.89	9.28	7.69	8.68	7.38	4.13	4.56	5.82	7.86	8.96	8.08	5.37	8.0	
638.0	43.0	13.0	13.0	3.89	9.05	10.39	6.65	8.16	5.48	7.13	9.84	7.98	6.29	4.77	4.35	5.94	8.3	8.31	3.94	8.22	9.19	6.45	
639.0	93.0	4.0	4.0	5.11	5.67	9.03	7.37	4.94	5.8	3.63	4.12	3.52	4.89	8.64	5.89	5.04	5.89	9.26	6.51	5.46	8.48	8.68	
640.0	98.0	15.0	15.0	7.53	8.29	7.93	4.75	5.42	6.19	5.67	9.14	5.21	6.8	9.45	10.08	4.69	6.55	7.64	6.88	9.32	4.44	4.84	
641.0	87.0	5.0	5.0	8.72	4.39	9.53	7.79	6.41	4.2	8.14	4.51	3.79	6.83	4.66	8.67	3.52	7.14	9.24	5.94	4.42	4.28	9.72	
642.0	82.0	6.0	6.0	3.64	4.53	9.24	5.78	5.8	6.29	9.32	8.71	7.32	10.33	7.13	5.31	5.02	4.18	4.16	10.08	9.05	9.72	7.81	
643.0	86.0	15.0	15.0	3.58	9.02	8.14	6.49	7.02	5.51	5.49	7.54	9.52	5.94	8.69	9.6	7.34	9.34	10.2	7.64	6.97	9.89	6.91	
644.0	88.0	4.0	4.0	8.89	10.04	6.67	9.5	8.59	3.62	4.71	5.93	4.49	5.38	8.26	7.49	9.48	5.36	8.86	9.39	6.4	4.78	7.6	
645.0	67.0	3.0	3.0	5.97	4.75	5.01	4.24	5.01	5.94	6.94	5.76	5.57	7.1	5.59	4.57	7.85	7.57	5.37	10.34	8.91	9.73	6.16	
646.0	73.0	13.0	13.0	10.42	9.13	9.43	3.69	10.45	6.84	7.44	4.85	3.69	4.3	9.57	7.13	4.12	6.41	7.45	3.99	7.68	5.69	9.31	
647.0	98.0	15.0	15.0	9.36	10.14	5.71	7.71	9.51	10.1	7.36	8.16	4.26	6.05	7.12	8.05	3.87	6.29	8.88	5.54	3.67	5.87	8.4	
648.0	81.0	3.0	3.0	9.95	9.32	6.75	9.89	9.43	7.65	8.4	7.03	7.49	6.53	9.88	3.97	7.58	5.41	9.99	8.82	10.11	9.772425762701875	6.060785359726479	
649.0	83.0	5.0	5.0	8.08	3.95	7.18	3.98	5.41	8.26	7.39	8.79	4.7	6.07	9.21	5.4	5.56	3.57	10.33	5.23	8.03	9.31	9.66	
650.0	88.0	4.0	4.0	8.32	10.45	5.41	6.61	7.32	9.4	7.78	3.98	7.53	4.31	4.43	7.74	9.67	7.1	10.25	7.45	5.49	8.54	8.21	
651.0	90.0	4.0	4.0	3.98	6.61	7.83	9.75	8.14	7.27	8.42	8.27	7.04	8.28	4.58	7.5	4.37	8.03	4.02	6.38	10.28	4.57	3.87	
652.0	94.0	13.0	13.0	6.26	5.64	4.98	6.57	7.54	10.39	5.03	7.48	7.65	3.55	4.16	8.39	3.57	3.81	8.93	8.27	3.71	4.07	8.28	
653.0	95.0	8.0	8.0	7.86	5.73	5.59	6.19	7.29	6.6	7.74	7.6	8.53	4.67	6.53	8.2	7.13	6.8	4.36	6.14	7.33	4.55	5.15	
654.0	99.0	12.0	12.0	8.94	5.5	6.64	9.27	7.72	5.6	4.43	9.28	7.87	7.9	8.8	6.51	9.33	7.6	10.18	6.29	10.05	3.62	3.64	
655.0	82.0	6.0	6.0	10.1	7.68	6.81	10.23	7.22	3.55	8.37	7.29	10.44	7.26	5.85	9.21	4.87	9.84	5.87	9.1	4.96	9.89	6.276478302090274	
656.0	84.0	12.0	12.0	3.69	7.09	7.07	9.46	5.08	5.5	7.11	3.72	8.89	5.4	7.55	9.48	10.17	4.54	7.27	5.56	7.59	5.32	10.26	
657.0	88.0	4.0	4.0	8.07	5.6	4.73	7.65	9.76	6.49	6.62	6.03	6.84	6.36	8.36	4.47	3.61	5.66	6.68	7.57	9.8	4.82	3.72	
658.0	91.0	9.0	9.0	9.88	6.62	8.72	7.85	6.2	5.63	7.12	9.73	10.23	3.92	7.55	3.89	6.15	4.12	9.87	6.76	10.13	7.5	7.41	
659.0	94.0	13.0	13.0	5.86	4.39	7.29	10.46	4.35	10.21	7.65	3.78	8.5	8.1	5.08	4.65	9.83	10.14	5.98	7.38	8.81	5.82	7.37	
660.0	96.0	15.0	15.0	7.58	3.56	3.91	8.37	3.88	8.53	6.39	9.29	7.31	9.91	8.61	5.69	9.38	5.47	7.74	6.41	7.43	4.39	7.03	
661.0	25.0	12.0	12.0	8.34	4.07	5.98	3.89	3.52	7.11	4.39	8.85	4.69	10.44	8.79	10.33	7.16	8.45	9.86	6.64	6.1	8.38	7.74	
662.0	82.0	6.0	6.0	7.67	4.81	4.88	3.92	3.9	4.45	7.84	9.18	5.26	7.69	4.78	5.23	10.04	9.19	4.71	3.91	3.53	7.01	8.3	
663.0	85.0	3.0	3.0	6.26	10.08	9.21	9.54	5.36	4.12	9.23	3.66	7.78	9.07	5.45	8.62	4.75	7.77	8.1	4.06	7.19	7.5	8.95	
664.0	13.0	3.0	3.0	6.61	6.65	6.78	6.34	5.27	4.49	10.16	7.05	8.98	9.73	5.84	6.61	7.6	7.95	5.87	6.36	4.74	9.51	6.71	
665.0	74.0	1.0	1.0	5.54	6.26	5.02	3.85	6.36	4.97	4.32	4.83	4.74	9.35	9.22	3.91	8.38	4.08	5.74	3.81	9.81	10.14	5.53	
666.0	94.0	13.0	13.0	3.74	9.59	6.2	7.48	10.38	3.66	8.13	7.58	9.12	5.35	3.53	6.89	6.75	4.62	6.06	10.47	4.72	5.93	8.23	
667.0	47.0	15.0	15.0	6.13	9.19	8.46	4.75	8.42	9.98	8.93	8.38	10.24	6.98	7.8	7.14	5.46	5.97	4.9	7.73	7.17	4.7	8.14	
668.0	68.0	5.0	5.0	5.87	6.43	8.58	8.24	6.15	7.24	9.93	5.36	7.38	4.64	5.83	9.41	5.07	8.05	6.44	4.73	8.93	8.86	9.46	
669.0	83.0	5.0	5.0	7.25	5.14	9.6	7.58	8.05	10.4	8.33	6.26	6.25	8.51	5.39	7.6	9.0	7.08	4.15	9.58	8.42	7.9	5.99	
670.0	86.0	15.0	15.0	4.9	6.48	10.17	5.06	3.78	10.05	3.83	8.28	7.77	6.43	3.57	6.12	5.43	9.88	4.95	3.55	8.47	4.07	3.51	
671.0	89.0	14.0	14.0	7.71	8.71	4.75	4.79	8.95	8.81	6.74	8.81	6.1	9.25	6.24	9.65	9.23	5.72	5.65	8.51	7.3	7.17	9.71	
672.0	94.0	13.0	13.0	10.49	6.61	6.21	10.39	7.13	6.77	5.79	7.68	10.44	4.16	8.55	7.58	5.02	4.65	7.49	7.3	6.22	3.85	8.76	
673.0	96.0	15.0	15.0	6.56	6.72	6.15	9.93	5.38	5.0	4.18	8.56	9.65	5.66	7.3	5.05	9.07	10.33	8.76	8.03	5.39	9.31	6.64	
674.0	99.0	12.0	12.0	9.14	7.64	8.25	7.26	9.73	10.03	7.99	9.93	5.74	5.38	8.08	6.76	7.53	8.01	9.69	5.15	5.28	9.6	3.6772454402754957	
675.0	83.0	5.0	5.0	10.42	6.51	6.01	8.19	4.42	7.24	8.68	4.44	3.81	6.19	6.59	3.8	6.68	6.55	9.5	9.09	4.8	3.86	7.54	
676.0	61.0	12.0	12.0	6.36	5.82	8.8	10.09	8.08	8.35	10.05	3.86	5.76	4.54	6.91	6.92	9.96	8.61	7.12	8.95	5.76	9.12	8.67	
677.0	88.0	4.0	4.0	5.33	9.5	7.82	8.1	7.33	5.1	3.89	5.35	4.16	7.15	4.96	3.7	9.28	10.11	8.5	5.25	3.61	9.05	9.65	
678.0	12.0	5.0	5.0	7.47	4.15	3.95	8.29	5.61	5.76	9.69	8.03	9.22	5.09	9.67	8.38	9.63	10.07	7.45	3.64	4.61	8.61	4.66	
679.0	95.0	8.0	8.0	6.08	3.52	5.58	9.73	7.09	7.16	4.27	5.06	5.7	10.42	6.81	9.36	4.82	6.45	5.4	3.55	9.99	7.68	3.81	
680.0	98.0	15.0	15.0	8.7	4.95	4.97	6.64	7.56	6.63	9.01	9.01	9.03	8.5	9.21	10.19	10.01	9.84	5.62	9.8	5.8	7.58	2.7462504533539196	
681.0	99.0	12.0	12.0	8.58	5.19	5.94	5.03	8.11	3.87	4.24	9.43	3.69	10.11	8.51	6.53	8.52	10.25	7.44	5.82	9.69	9.19	6.52	
682.0	83.0	5.0	5.0	4.83	4.24	9.4	8.82	9.37	9.51	4.57	5.16	8.03	7.88	7.83	10.27	8.81	6.31	9.98	5.52	5.72	7.69	4.04	
683.0	86.0	15.0	15.0	9.15	9.65	7.45	5.57	7.38	5.43	8.62	5.21	7.48	7.03	10.17	8.96	5.69	7.6	6.14	5.8	5.2	8.95	7.63	
684.0	90.0	4.0	4.0	8.47	6.33	6.61	10.05	6.23	7.56	7.25	3.51	3.75	6.13	7.57	6.64	6.61	5.48	4.06	9.61	3.56	7.49	8.09	
685.0	91.0	9.0	9.0	4.77	4.35	9.83	6.4	6.7	8.19	3.8	5.6	8.75	9.35	6.38	5.45	7.83	8.0	8.8	10.19	5.48	4.17	9.12	
686.0	94.0	13.0	13.0	5.21	6.54	8.2	3.92	9.47	9.42	3.51	4.35	3.71	3.84	4.84	9.94	8.2	4.66	9.24	4.42	5.18	9.19	3.95	
687.0	75.0	8.0	8.0	8.98	8.18	10.24	6.58	6.92	4.04	4.03	7.93	9.39	5.4	9.55	5.98	10.37	6.16	8.55	4.04	3.92	8.52	7.51	
688.0	81.0	3.0	3.0	8.08	5.76	9.35	8.06	10.33	7.38	9.11	4.93	6.2	7.38	6.15	7.3	4.96	3.6	9.16	6.17	9.61	3.54	6.29	
689.0	25.0	12.0	12.0	5.43	5.09	4.18	7.02	4.7	4.33	6.34	4.73	9.53	5.68	4.95	8.48	7.82	6.83	8.05	9.58	4.49	3.66	3.86	
690.0	86.0	15.0	15.0	8.64	6.94	9.2	10.02	7.4	7.34	9.8	5.75	10.33	6.32	7.73	5.75	7.27	6.26	5.73	8.34	8.99	5.05	8.35	
691.0	90.0	4.0	4.0	7.94	6.48	6.27	4.02	9.07	9.37	4.82	8.88	5.62	9.74	6.16	6.26	9.33	8.57	6.88	4.26	7.97	5.53	6.5	
692.0	45.0	5.0	5.0	9.94	4.32	3.5	5.0	6.88	9.54	10.37	9.28	7.16	8.27	6.25	6.67	10.05	8.29	7.51	9.7	8.45	5.59	8.44	
693.0	47.0	15.0	15.0	4.94	8.64	3.58	4.41	5.68	7.72	5.23	4.19	8.4	3.95	9.71	9.78	7.29	8.74	7.25	4.2	6.02	4.04	6.51	
694.0	42.0	4.0	4.0	4.94	4.03	7.03	9.07	8.9	4.41	7.6	5.63	9.92	4.58	5.78	9.64	8.5	9.21	6.47	9.91	9.42	8.05	3.94	
695.0	23.0	7.0	7.0	4.71	9.39	8.77	6.9	9.73	6.21	7.27	6.15	4.48	3.65	7.87	5.93	4.65	9.97	8.44	3.84	4.34	5.57	7.06	
696.0	71.0	11.0	11.0	6.66	9.18	10.46	7.85	6.54	9.57	4.98	7.27	4.59	6.37	7.51	6.41	6.54	3.76	10.19	5.41	8.47	8.73	6.8	
697.0	87.0	5.0	5.0	8.72	9.38	5.72	7.09	10.05	9.08	5.84	3.88	6.8	8.64	6.83	3.71	8.19	9.76	5.92	4.61	6.92	7.2	4.44	
698.0	19.0	13.0	13.0	10.25	4.0	4.38	3.99	5.92	3.74	8.46	5.89	4.3	4.06	5.58	6.04	6.0	10.37	7.14	4.49	8.83	6.54	6.35	
699.0	58.0	11.0	11.0	10.13	9.56	7.54	9.45	4.66	9.27	5.34	9.44	6.63	7.03	8.43	10.46	8.28	3.93	6.81	5.33	5.74	5.65	4.69	
700.0	54.0	10.0	10.0	9.57	6.24	8.21	4.36	3.73	7.11	9.51	4.42	4.37	6.43	5.74	5.31	8.01	8.3	6.19	5.68	3.95	6.99	4.15	
701.0	53.0	12.0	12.0	7.26	8.4	8.72	7.02	5.09	9.32	5.08	5.19	7.8	7.46	4.2	10.1	4.19	4.14	9.29	4.06	7.34	3.5	3.7	
702.0	83.0	5.0	5.0	9.7	8.57	9.53	10.07	7.99	6.2	9.84	8.05	6.01	6.36	5.0	8.09	5.72	7.46	9.78	5.82	6.72	7.25	1.096704360348545	
703.0	87.0	5.0	5.0	6.98	6.27	4.54	8.4	7.13	3.51	8.23	10.4	10.27	5.79	10.0	3.81	6.8	5.43	7.16	3.59	10.31	6.78	8.17	
704.0	58.0	11.0	11.0	6.93	4.63	9.44	9.55	7.32	9.92	7.47	8.46	7.9	6.17	4.84	9.4	9.24	10.04	6.4	6.27	6.55	4.31	6.24	
705.0	91.0	9.0	9.0	4.78	9.44	8.64	8.85	6.78	4.08	10.3	10.23	5.13	4.6	8.65	3.85	4.5	9.93	7.54	4.6	4.95	8.9	3.52	
706.0	96.0	15.0	15.0	5.69	8.09	8.09	7.04	6.71	8.89	7.11	7.47	5.04	5.62	3.77	9.71	6.11	4.98	4.59	7.65	9.03	6.38	9.37	
707.0	97.0	9.0	9.0	6.98	8.5	5.33	6.11	6.63	3.97	8.16	8.44	7.21	10.19	6.54	4.1	4.1	4.25	4.69	10.2	8.89	7.3	3.9	
708.0	81.0	3.0	3.0	9.81	7.88	7.78	6.67	8.42	3.71	3.97	9.6	6.51	3.75	5.38	6.23	9.63	10.26	9.3	4.67	6.44	6.98	9.31	
709.0	38.0	5.0	5.0	10.03	10.39	5.98	8.6	8.27	7.97	3.69	4.62	10.39	4.89	9.94	8.07	9.74	3.68	9.33	5.43	5.13	8.49	9.32	
710.0	88.0	4.0	4.0	10.28	4.72	3.82	8.54	9.27	5.4	8.54	4.34	6.35	6.36	9.64	10.32	9.05	8.92	9.6	7.3	9.85	3.8	5.43	
711.0	89.0	14.0	14.0	6.85	5.65	7.59	5.58	5.44	7.27	9.13	5.18	6.48	8.27	7.87	6.54	8.37	9.97	4.08	4.07	6.98	7.7	8.13	
712.0	55.0	6.0	6.0	4.06	8.44	4.79	4.91	8.76	6.99	7.17	7.51	4.48	6.88	3.74	3.74	5.7	10.17	5.67	10.26	4.0	5.83	7.47	
713.0	96.0	15.0	15.0	6.94	10.19	4.72	9.1	4.9	8.55	6.98	9.68	4.8	5.74	9.71	6.41	6.4	5.35	7.12	6.31	3.61	5.61	3.55	
714.0	98.0	15.0	15.0	7.18	5.44	9.8	7.13	4.4	10.37	6.64	6.04	4.67	3.95	7.48	9.87	7.36	8.66	6.31	6.45	10.03	8.39	8.67	
715.0	81.0	3.0	3.0	8.07	4.53	10.06	9.73	9.24	7.58	6.0	7.4	7.47	5.69	4.97	7.71	9.43	9.78	9.5	7.83	9.74	7.19	4.455701216813358	
716.0	53.0	12.0	12.0	9.53	4.48	6.21	6.71	7.2	5.37	3.58	8.97	6.27	8.83	9.09	7.57	7.42	4.36	5.13	5.54	4.32	9.59	10.29	
717.0	88.0	4.0	4.0	4.21	9.08	6.34	8.1	10.43	7.6	6.81	9.47	7.8	7.59	8.62	10.1	7.25	9.69	5.27	8.2	8.48	3.58	8.654822148559974	
718.0	90.0	4.0	4.0	10.06	10.19	7.55	10.41	9.65	5.85	9.59	6.48	8.69	8.81	4.66	9.19	8.34	5.61	8.45	9.92	5.05	4.62596922578668	5.430800483004882	
719.0	93.0	4.0	4.0	9.98	8.17	5.14	8.04	6.45	5.48	10.47	7.08	6.67	8.81	6.29	7.56	5.15	8.71	6.9	6.81	5.53	9.59	8.67	
720.0	96.0	15.0	15.0	8.97	4.64	8.02	4.45	4.94	5.79	4.97	5.57	9.2	9.89	9.87	6.83	4.16	4.51	3.97	5.04	8.13	7.6	10.05	
721.0	100.0	14.0	14.0	8.35	5.81	7.91	4.39	5.73	6.92	8.86	10.45	10.12	3.85	5.08	9.92	3.85	8.44	5.67	3.61	7.28	5.98	8.55	
722.0	84.0	12.0	12.0	3.84	8.84	8.69	6.41	7.17	4.01	9.4	5.78	5.37	8.25	6.59	9.46	7.54	7.97	7.94	7.2	5.34	9.64	4.98	
723.0	85.0	3.0	3.0	4.27	7.17	10.45	7.41	6.94	5.09	6.49	4.25	10.48	5.01	5.09	4.4	4.8	7.41	4.65	8.83	4.96	9.0	8.44	
724.0	82.0	6.0	6.0	7.1	6.37	4.73	8.16	4.21	8.57	4.08	5.12	6.45	5.21	5.63	4.2	8.87	3.8	3.86	4.95	4.32	8.08	4.38	
725.0	93.0	4.0	4.0	7.53	6.58	5.76	8.51	4.95	6.14	6.27	7.71	6.45	7.16	4.18	5.4	9.51	10.11	10.08	7.77	9.94	8.77	7.05	
726.0	58.0	11.0	11.0	10.02	10.23	4.06	8.44	6.13	10.48	10.31	6.34	3.63	3.86	6.48	10.15	7.96	9.44	7.52	3.98	8.9	3.78	8.18	
727.0	77.0	8.0	8.0	4.47	5.42	7.71	5.61	8.02	4.16	6.26	8.76	7.64	5.35	9.39	4.0	10.11	3.64	9.63	5.84	7.3	4.84	6.36	
728.0	39.0	14.0	14.0	4.91	8.14	7.14	4.28	4.7	3.83	5.17	5.51	9.96	5.37	6.95	4.34	8.96	7.41	8.27	5.3	9.01	4.39	4.4	
729.0	45.0	5.0	5.0	8.53	6.15	9.75	8.57	4.76	10.29	4.53	8.48	6.61	6.4	9.85	10.24	7.02	4.22	7.56	5.75	8.05	5.08	7.69	
730.0	86.0	15.0	15.0	10.2	9.71	5.38	7.44	6.09	4.38	4.77	8.66	8.94	4.82	7.01	8.27	4.83	9.98	6.21	3.78	4.99	4.09	7.18	
731.0	53.0	12.0	12.0	9.32	7.38	5.14	9.65	8.11	10.3	9.62	9.32	7.36	4.14	7.48	8.43	6.08	5.94	8.0	7.91	4.72	7.12	6.19	
732.0	94.0	13.0	13.0	7.03	10.49	4.22	3.93	10.43	4.67	6.09	4.34	8.69	5.71	7.83	9.9	9.32	9.73	7.34	8.32	5.35	7.78	8.67	
733.0	97.0	9.0	9.0	3.83	9.42	4.02	7.78	8.22	6.89	4.55	8.27	6.24	5.5	6.65	8.45	5.14	3.94	9.34	4.97	10.46	6.72	5.87	
734.0	100.0	14.0	14.0	8.8	6.65	4.52	10.26	4.96	8.8	4.31	9.59	7.06	4.82	4.48	9.81	9.42	8.9	6.73	9.83	9.77	8.62	8.02	
735.0	82.0	6.0	6.0	6.82	7.22	6.79	4.33	7.24	6.74	5.25	8.95	9.94	6.55	3.75	8.6	4.4	8.2	5.46	8.9	9.55	3.58	5.89	
736.0	41.0	15.0	15.0	8.04	8.53	8.63	8.81	9.76	5.73	7.39	8.92	4.78	5.83	8.43	9.91	4.05	8.13	10.08	7.95	8.14	9.75	0.29372361441774436	
737.0	47.0	15.0	15.0	9.18	3.62	8.98	5.06	4.15	5.51	8.53	3.57	7.54	9.53	6.94	4.62	5.55	6.48	8.19	7.13	3.99	6.76	4.21	
738.0	90.0	4.0	4.0	4.41	4.85	8.12	4.61	10.44	3.97	5.21	10.46	6.96	5.2	8.13	5.7	9.22	10.17	8.34	4.23	6.87	4.69	9.71	
739.0	94.0	13.0	13.0	8.38	8.59	8.39	8.35	5.3	9.28	3.8	8.7	3.8	8.0	9.53	10.36	10.39	8.52	6.66	5.78	6.48	7.56	3.5	
740.0	96.0	15.0	15.0	9.56	6.82	6.74	6.21	4.69	3.98	8.35	4.45	4.97	4.92	9.22	7.67	4.6	7.18	8.35	8.61	10.09	5.78	8.18	
741.0	26.0	1.0	1.0	5.25	9.07	10.49	9.76	5.76	5.3	4.21	3.61	5.71	8.26	6.61	9.29	9.99	8.15	6.84	6.97	8.84	9.86	9.84	
742.0	82.0	6.0	6.0	10.42	7.86	10.1	6.47	7.67	8.51	7.9	8.93	10.15	3.67	8.54	6.68	7.03	5.97	5.2	7.25	5.53	6.92	9.48	
743.0	85.0	3.0	3.0	3.51	8.59	4.26	8.7	8.13	7.06	5.69	9.86	7.34	5.24	5.57	7.27	9.22	9.81	4.26	9.02	4.75	4.96	4.09	
744.0	16.0	14.0	14.0	8.0	4.71	7.48	10.27	4.18	5.4	3.98	4.55	8.83	6.02	7.96	7.66	8.31	9.02	8.47	6.53	5.37	9.93	7.25	
745.0	91.0	9.0	9.0	5.35	4.99	5.8	6.43	6.05	8.04	4.11	3.72	3.85	6.19	8.77	4.18	6.27	8.16	4.58	10.14	6.16	6.32	6.51	
746.0	94.0	13.0	13.0	8.27	10.04	4.15	5.29	7.7	6.71	3.6	9.69	8.78	9.6	5.95	5.52	9.88	8.84	7.86	7.12	3.9	9.29	10.23	
747.0	97.0	9.0	9.0	4.35	5.47	6.6	8.45	9.1	4.14	7.81	3.92	9.65	4.29	4.19	4.67	6.05	4.68	7.74	6.59	7.82	10.24	5.54	
748.0	28.0	8.0	8.0	5.51	6.17	6.14	4.56	9.56	7.7	7.9	9.44	9.57	5.91	8.66	9.11	7.49	9.97	9.41	9.24	9.0	3.66	8.259283207731457	
749.0	83.0	5.0	5.0	7.59	3.86	3.84	4.2	9.07	9.91	7.92	4.94	4.97	6.56	9.54	7.63	9.91	10.3	8.67	9.12	4.63	6.19	4.92	
750.0	86.0	15.0	15.0	7.6	9.13	4.04	5.58	3.72	6.41	9.41	6.47	5.6	5.67	9.79	6.12	6.41	6.63	8.17	4.6	7.64	4.04	7.97	
751.0	65.0	11.0	11.0	7.47	6.51	5.74	8.74	4.66	6.16	7.37	7.76	7.36	9.77	4.15	7.37	4.42	5.58	10.1	4.14	9.62	8.68	4.92	
752.0	92.0	10.0	10.0	9.5	9.18	10.36	9.09	5.35	9.75	5.48	7.6	3.7	9.97	7.2	7.55	9.69	8.85	4.97	8.69	10.12	3.77	4.716024143473746	
753.0	95.0	8.0	8.0	8.97	5.0	6.2	7.63	7.12	10.24	8.12	5.61	8.47	8.39	8.06	3.67	8.97	9.06	6.24	8.62	10.31	5.69	7.82	
754.0	98.0	15.0	15.0	4.76	5.17	3.58	3.85	8.21	6.84	7.34	3.69	4.06	7.33	8.98	7.6	5.82	6.76	6.8	7.85	5.9	8.68	7.26	
755.0	81.0	3.0	3.0	6.14	3.57	8.14	4.33	7.3	5.77	4.02	4.06	9.53	9.26	5.83	5.3	7.41	9.82	3.93	7.12	5.98	5.7	5.83	
756.0	84.0	12.0	12.0	5.84	4.06	6.89	5.31	5.48	8.18	4.94	7.19	7.51	9.55	7.06	10.5	5.4	4.1	10.32	5.54	10.16	6.66	4.44	
757.0	87.0	5.0	5.0	8.6	8.56	5.28	5.49	9.46	5.3	7.04	6.22	5.6	8.46	5.37	5.03	8.87	10.27	9.43	6.68	9.23	10.43	4.15	
758.0	90.0	4.0	4.0	4.91	5.46	6.24	10.25	5.73	7.55	3.81	8.93	9.13	8.92	8.04	6.44	9.04	8.45	7.33	5.39	7.71	10.37	8.09	
759.0	93.0	4.0	4.0	7.68	4.49	5.56	9.57	8.67	4.82	10.23	8.21	9.63	7.65	8.17	9.61	8.91	8.7	9.43	4.66	9.87	10.11	3.0914612996279383	
760.0	63.0	15.0	15.0	3.65	9.8	6.47	8.21	5.37	7.98	7.52	4.3	4.64	5.65	4.01	9.53	9.26	9.03	5.15	3.5	6.13	10.38	5.96	
761.0	99.0	12.0	12.0	9.82	10.0	8.68	6.12	9.4	5.88	6.95	7.91	6.34	4.58	7.16	6.25	10.3	5.62	6.77	7.86	6.51	9.79	9.63	
762.0	82.0	6.0	6.0	3.95	10.21	9.4	9.67	4.58	8.94	8.3	3.85	4.0	7.52	6.42	8.84	7.76	10.11	5.65	6.27	5.16	9.53	5.07	
763.0	85.0	3.0	3.0	5.15	8.45	6.13	4.76	5.71	7.37	6.55	8.83	9.65	10.42	3.65	5.91	7.87	9.54	9.29	6.26	5.14	8.22	9.64	
764.0	88.0	4.0	4.0	5.36	9.92	3.95	7.11	8.92	4.9	7.78	5.45	7.78	7.86	6.42	4.86	8.09	6.94	3.56	5.26	9.52	10.45	5.47	
765.0	91.0	9.0	9.0	3.93	6.15	7.74	9.98	7.42	5.31	5.59	9.78	7.22	10.29	4.67	7.79	7.39	9.59	9.2	4.83	10.29	4.69	8.06	
766.0	94.0	13.0	13.0	6.0	3.76	5.03	4.28	3.96	8.77	9.35	7.55	10.21	9.75	3.67	3.54	6.52	6.46	6.33	5.26	7.36	10.39	8.7	
767.0	29.0	2.0	2.0	3.99	8.39	4.71	7.33	6.08	4.02	4.42	9.72	8.4	5.93	4.38	7.19	8.31	3.89	5.43	6.69	8.34	9.69	5.43	
768.0	100.0	14.0	14.0	9.32	3.66	9.68	6.38	7.03	4.65	4.25	5.6	5.1	7.7	9.28	9.15	9.06	4.64	7.31	9.66	8.84	7.68	4.32	
769.0	83.0	5.0	5.0	8.54	7.72	6.98	9.23	6.15	8.19	3.64	4.59	4.99	7.65	6.19	4.64	4.55	4.44	9.19	9.96	10.31	9.42	5.91	
770.0	86.0	15.0	15.0	6.48	6.78	7.66	4.01	3.69	6.56	9.58	4.73	4.72	8.7	5.69	6.74	4.54	9.21	8.39	9.11	4.03	10.13	4.56	
771.0	9.0	15.0	15.0	4.38	6.24	8.17	3.89	5.04	10.04	9.85	7.74	9.81	9.18	9.08	6.83	5.85	9.83	6.06	6.84	6.99	5.7	6.68	
772.0	92.0	10.0	10.0	4.05	7.26	9.44	4.97	6.01	10.07	9.61	8.63	9.98	5.04	9.1	5.51	7.73	3.99	5.45	10.42	5.06	9.41	9.38	
773.0	95.0	8.0	8.0	5.21	7.63	8.23	5.33	4.23	10.5	4.04	4.29	8.18	8.86	3.64	9.59	9.65	5.25	4.53	10.05	6.63	7.38	8.57	
774.0	98.0	15.0	15.0	7.87	5.16	5.06	5.16	6.2	6.35	4.82	3.53	9.59	8.63	4.59	4.0	8.77	6.61	4.1	10.13	7.93	9.57	7.34	
775.0	81.0	3.0	3.0	10.0	8.91	6.85	8.36	5.11	6.19	8.02	5.72	7.75	6.36	3.64	6.9	8.28	5.47	7.98	7.16	5.56	4.24	7.59	
776.0	85.0	3.0	3.0	5.04	4.02	10.42	7.39	4.04	4.67	7.0	4.2	4.18	9.43	9.47	3.95	3.69	10.43	6.07	4.92	3.96	4.23	3.51	
777.0	87.0	5.0	5.0	10.11	8.14	7.52	8.58	8.89	6.79	5.0	3.79	6.08	8.18	9.95	8.95	7.77	9.63	4.05	6.9	8.91	3.58	8.93	
778.0	68.0	5.0	5.0	9.97	7.38	8.46	5.3	8.68	7.41	5.8	4.56	9.62	8.41	9.77	5.04	8.91	7.79	8.69	3.61	6.32	10.19	9.52	
779.0	93.0	4.0	4.0	7.43	8.66	7.46	4.77	7.43	8.12	8.06	8.1	3.85	5.15	4.21	6.26	5.21	7.32	6.77	4.7	6.02	5.78	10.39	
780.0	97.0	9.0	9.0	6.56	3.93	6.48	6.64	8.5	7.1	4.53	7.38	10.11	6.85	9.53	9.14	8.97	6.1	3.92	6.65	9.52	3.62	7.93	
781.0	99.0	12.0	12.0	6.77	8.86	8.47	7.67	7.47	6.04	4.76	6.92	9.11	3.93	5.24	5.03	10.17	5.53	4.89	10.49	9.07	6.66	3.55	
782.0	82.0	6.0	6.0	7.77	6.85	7.85	6.42	9.73	6.14	9.95	5.57	7.14	7.54	5.88	5.6	3.6	8.07	7.34	4.81	7.06	4.39	10.36	
783.0	85.0	3.0	3.0	6.63	4.78	6.19	6.83	10.31	5.88	9.18	10.38	5.8	7.19	7.77	4.05	10.1	4.71	7.85	7.6	5.2	8.29	8.25	
784.0	89.0	14.0	14.0	5.24	10.0	4.36	5.53	9.42	9.35	4.45	3.76	8.34	6.64	5.77	9.98	8.29	10.28	5.27	8.88	8.55	4.84	7.24	
785.0	91.0	9.0	9.0	8.42	8.41	6.53	6.47	9.68	8.35	9.26	7.26	7.17	9.39	6.19	6.68	5.15	9.55	10.07	4.33	7.48	10.43	4.928051596544186	
786.0	95.0	8.0	8.0	7.91	5.25	10.28	8.1	4.1	9.57	7.99	5.8	4.71	3.89	5.12	3.62	8.4	10.44	10.13	5.39	3.75	4.26	7.32	
787.0	97.0	9.0	9.0	7.95	6.15	4.71	9.51	10.09	5.27	7.19	6.31	6.56	8.67	7.22	6.72	6.49	4.25	8.27	9.18	6.91	6.79	6.31	
788.0	100.0	14.0	14.0	4.78	6.22	5.96	6.84	5.24	6.56	6.59	6.54	4.71	6.04	6.22	5.29	4.06	4.72	10.24	7.75	3.96	8.02	5.61	
789.0	83.0	5.0	5.0	4.51	4.16	5.1	10.32	4.22	7.46	5.88	8.45	8.57	6.73	10.08	6.06	6.56	8.88	7.3	9.74	5.06	5.68	6.11	
790.0	87.0	5.0	5.0	4.11	10.28	4.05	10.26	6.23	8.86	7.03	3.79	6.71	10.48	3.64	8.55	6.16	9.94	10.3	10.5	9.64	4.41	5.3	
791.0	89.0	14.0	14.0	7.83	8.26	8.68	9.1	4.99	6.88	5.29	4.02	3.63	3.6	8.4	8.03	4.27	5.75	10.08	4.35	9.6	9.04	10.08	
792.0	92.0	10.0	10.0	7.33	6.68	9.23	10.0	8.81	4.52	6.77	9.26	8.56	9.61	7.01	4.12	4.13	8.55	5.34	9.47	9.16	4.62	6.37	
793.0	95.0	8.0	8.0	3.78	6.82	4.09	10.3	3.52	7.73	6.96	8.8	10.22	6.02	5.71	5.78	7.91	3.86	6.31	8.14	8.2	8.84	7.86	
794.0	98.0	15.0	15.0	7.95	5.11	5.55	10.23	4.47	4.24	4.72	7.89	6.61	8.59	7.6	9.36	10.33	9.32	6.56	7.83	4.05	10.2	4.64	
795.0	81.0	3.0	3.0	3.88	5.6	9.28	4.04	8.31	10.29	7.58	7.61	6.79	6.74	9.42	3.84	5.22	7.67	4.67	6.33	6.81	7.81	3.97	
796.0	85.0	3.0	3.0	5.99	6.43	3.87	6.76	8.13	5.05	7.52	8.68	5.58	3.58	4.89	4.52	9.05	8.35	9.55	8.27	6.57	7.36	3.55	
797.0	89.0	14.0	14.0	8.17	4.61	10.0	6.91	8.79	8.52	5.78	4.59	5.71	7.7	4.43	4.63	9.35	8.99	5.01	5.18	6.94	8.01	8.67	
798.0	90.0	4.0	4.0	9.11	3.98	5.37	4.68	10.41	10.01	4.86	5.63	8.15	4.86	6.69	7.15	9.01	9.35	3.99	3.76	9.98	8.01	7.84	
799.0	93.0	4.0	4.0	6.34	8.36	9.71	10.12	4.01	5.6	4.21	8.84	10.34	4.07	8.5	4.46	9.5	7.91	7.09	6.36	7.52	8.25	10.32	
800.0	97.0	9.0	9.0	6.37	9.62	7.93	6.56	9.47	6.35	9.24	3.76	4.12	9.15	7.47	4.11	9.55	4.85	5.97	9.61	3.82	4.15	3.83	
801.0	99.0	12.0	12.0	4.76	8.4	7.36	7.66	8.21	4.06	8.69	3.66	5.7	10.18	6.84	7.3	7.02	4.02	6.21	6.84	5.29	5.07	5.33	
802.0	82.0	6.0	6.0	3.63	9.89	9.77	6.34	8.66	7.37	3.83	6.39	4.86	4.32	6.59	7.2	9.94	4.12	8.27	5.45	3.59	7.09	4.07	
803.0	86.0	15.0	15.0	9.28	7.31	9.95	6.76	5.88	9.79	3.87	4.91	8.92	7.9	5.78	10.48	8.39	5.91	4.66	8.79	4.05	9.72	7.62	
804.0	89.0	14.0	14.0	8.66	7.68	7.65	4.97	4.53	9.85	4.12	9.84	10.44	6.9	6.28	9.08	3.77	7.3	7.52	9.59	8.0	8.03	9.57	
805.0	91.0	9.0	9.0	6.98	9.94	5.32	9.12	4.87	9.28	8.0	7.19	4.96	3.5	8.98	10.02	4.46	4.04	3.65	3.56	7.9	9.3	8.37	
806.0	50.0	9.0	9.0	7.06	8.12	9.32	5.46	5.19	9.44	3.54	3.52	6.29	4.45	4.8	7.67	7.32	4.55	7.52	5.68	7.7	8.19	4.02	
807.0	97.0	9.0	9.0	7.4	6.29	5.42	4.41	6.15	4.92	9.4	6.5	9.77	10.27	9.41	4.86	6.99	4.31	5.79	6.76	4.84	9.83	7.36	
808.0	100.0	14.0	14.0	8.15	8.79	10.1	6.62	6.95	9.68	5.96	6.78	5.59	8.18	7.54	5.79	9.55	5.6	8.39	8.85	7.43	9.94	0.27430793237600015	
809.0	83.0	5.0	5.0	6.24	5.25	7.22	6.17	6.06	9.53	4.19	8.41	7.97	3.71	4.75	8.07	10.39	3.91	7.18	6.45	6.65	4.2	4.74	
810.0	88.0	4.0	4.0	3.75	3.78	5.75	7.63	5.24	7.84	7.28	7.04	10.21	3.66	6.66	6.67	8.09	4.5	4.68	6.87	8.35	4.82	8.49	
811.0	89.0	14.0	14.0	5.55	5.68	10.48	4.33	6.13	10.42	8.23	9.63	3.54	4.53	5.14	9.36	8.81	6.04	9.6	5.46	5.12	3.95	9.36	
812.0	92.0	10.0	10.0	5.2	3.52	4.72	8.43	4.49	7.64	7.9	8.45	4.11	5.84	6.66	4.32	8.51	7.53	5.53	4.54	10.14	9.2	6.88	
813.0	95.0	8.0	8.0	6.78	5.01	3.57	8.99	7.91	10.4	8.2	10.05	4.03	5.31	7.19	3.54	7.24	5.69	8.6	9.42	3.5	5.19	9.13	
814.0	48.0	13.0	13.0	5.9	8.51	6.81	7.47	8.07	9.77	9.77	7.31	10.33	10.47	10.04	6.36	8.27	5.92	3.72	9.55	8.78	5.66	7.965958974063249	
815.0	82.0	6.0	6.0	4.49	10.27	10.29	9.5	5.05	6.87	7.92	7.2	6.79	9.74	9.52	8.64	7.71	9.63	10.35	6.18	8.26	9.124540927423709	6.191855867513798	
816.0	84.0	12.0	12.0	6.16	8.62	9.67	10.09	8.47	10.13	4.18	10.13	7.91	6.79	6.53	4.42	5.71	6.6	6.9	5.68	10.16	8.29	7.67	
817.0	57.0	14.0	14.0	6.37	4.26	4.08	5.73	3.82	5.35	6.8	8.55	5.21	6.78	10.45	8.91	9.41	7.19	6.81	8.56	6.83	4.29	7.02	
818.0	90.0	4.0	4.0	7.65	4.65	10.24	7.2	9.36	6.25	6.2	5.09	7.22	9.01	8.63	3.57	7.99	3.55	9.94	7.43	6.28	8.99	7.94	
819.0	93.0	4.0	4.0	6.86	8.0	5.35	5.35	10.19	9.89	6.71	5.77	10.06	9.95	8.76	7.3	5.23	4.36	5.04	7.93	10.42	4.55	8.36	
820.0	98.0	15.0	15.0	4.44	8.07	10.43	8.14	8.7	5.99	4.6	6.46	6.98	7.71	9.42	6.24	9.87	7.82	9.8	9.99	6.09	5.03	3.63	
821.0	99.0	12.0	12.0	6.45	10.01	7.2	8.95	9.71	10.27	8.15	6.43	9.31	9.7	5.59	5.58	8.07	4.17	9.25	8.39	9.23	4.0	0.27027692381335633	
822.0	83.0	5.0	5.0	6.94	5.51	5.13	6.73	9.22	5.1	9.82	9.85	8.06	5.35	9.42	3.98	9.64	8.84	7.43	4.28	7.31	6.65	9.37	
823.0	22.0	6.0	6.0	9.8	8.35	10.0	8.41	5.04	8.74	5.69	9.6	5.01	6.01	7.32	8.25	9.19	10.25	4.27	8.69	9.27	7.37	9.237415103467221	
824.0	88.0	4.0	4.0	9.03	6.53	8.32	4.87	6.01	9.76	7.6	8.84	10.35	4.5	10.16	9.22	9.35	5.53	10.15	9.26	4.95	8.06	5.080232556651561	
825.0	91.0	9.0	9.0	6.01	8.04	9.79	7.12	10.1	3.72	3.69	6.2	8.22	6.31	8.29	8.75	6.12	9.11	8.93	9.94	4.3	5.28	5.71	
826.0	94.0	13.0	13.0	4.31	7.92	10.49	6.58	7.73	6.03	4.98	7.7	8.64	7.42	7.98	4.49	7.51	7.98	5.31	6.02	8.37	7.2	7.08	
827.0	98.0	15.0	15.0	4.66	4.88	7.33	5.61	4.14	4.08	9.78	6.46	6.22	8.14	4.44	8.18	9.84	9.57	5.63	5.51	6.62	5.78	3.62	
828.0	82.0	6.0	6.0	8.5	7.52	7.91	8.9	9.52	6.52	6.22	4.01	9.93	7.94	4.66	5.16	6.12	4.95	4.51	8.11	10.21	9.42	4.32	
829.0	30.0	14.0	14.0	4.27	7.1	10.11	7.37	8.67	3.72	5.65	4.84	4.38	3.55	9.43	7.59	8.25	5.6	7.04	10.13	5.92	5.11	10.3	
830.0	88.0	4.0	4.0	4.66	3.62	6.76	9.33	6.29	6.01	3.63	4.98	5.82	8.92	10.13	8.97	6.19	3.79	4.41	9.66	8.39	3.65	9.97	
831.0	90.0	4.0	4.0	7.69	6.97	6.99	6.54	5.86	4.29	6.94	4.66	4.81	6.12	7.07	9.79	8.53	8.24	7.91	6.72	6.35	9.15	6.58	
832.0	92.0	10.0	10.0	5.59	7.75	4.43	5.49	4.37	5.99	7.98	5.4	4.32	7.25	3.74	6.15	6.55	5.39	10.31	10.08	4.9	10.37	5.31	
833.0	96.0	15.0	15.0	6.04	10.35	6.55	6.48	7.62	3.88	5.61	8.51	5.05	9.49	6.07	6.21	9.9	5.81	8.13	6.51	8.94	4.74	5.42	
834.0	99.0	12.0	12.0	7.51	3.54	4.99	7.23	9.42	4.97	10.11	7.78	7.49	3.53	6.27	7.56	6.39	9.96	3.58	6.22	9.83	5.18	7.12	
835.0	83.0	5.0	5.0	5.48	10.38	4.66	6.13	3.83	6.84	7.01	6.35	10.38	4.44	9.29	8.48	5.42	6.7	4.76	6.21	5.37	8.12	10.4	
836.0	85.0	3.0	3.0	9.26	5.31	5.82	10.1	7.59	5.0	4.79	8.89	6.16	5.25	4.79	6.79	8.15	4.39	5.19	4.25	5.65	4.02	6.92	
837.0	87.0	5.0	5.0	10.44	9.81	4.91	8.97	7.94	9.34	9.79	10.03	8.1	8.52	7.66	3.6	5.02	8.83	5.68	9.5	9.17	6.22	1.7135733895919687	
838.0	90.0	4.0	4.0	7.19	3.79	5.58	6.15	5.29	4.93	7.19	8.56	4.35	6.34	6.95	5.81	4.3	8.18	6.1	7.73	7.58	8.87	3.85	
839.0	93.0	4.0	4.0	8.51	6.4	3.78	8.81	9.17	9.56	7.11	9.06	8.9	7.75	6.46	3.88	5.25	9.15	9.63	3.64	8.23	8.29	8.63	
840.0	96.0	15.0	15.0	6.8	10.33	5.22	8.95	7.16	5.83	4.04	10.08	7.93	6.33	6.87	4.84	7.6	5.44	7.78	4.89	8.69	10.47	3.6	
841.0	99.0	12.0	12.0	8.51	6.16	7.49	5.42	7.94	6.53	9.58	5.02	3.8	5.51	7.93	5.03	10.23	4.41	8.52	8.51	8.27	5.43	5.09	
842.0	57.0	14.0	14.0	9.4	6.4	7.58	7.47	4.14	4.72	7.39	9.43	9.18	5.35	9.81	4.63	5.66	4.76	4.47	5.5	6.21	4.36	5.23	
843.0	85.0	3.0	3.0	5.55	3.95	10.08	10.32	10.09	8.54	3.52	5.82	8.77	9.06	7.82	9.76	4.7	6.85	9.02	4.7	6.03	8.51	9.37	
844.0	88.0	4.0	4.0	7.94	9.49	7.77	3.79	8.27	9.17	4.99	3.94	9.04	4.42	7.39	5.59	4.91	9.64	9.24	5.33	9.13	5.49	8.21	
845.0	61.0	12.0	12.0	9.51	8.77	6.2	5.5	6.62	4.57	5.11	5.44	8.26	6.88	10.31	7.04	9.84	9.7	9.52	5.06	8.27	7.44	9.83	
846.0	94.0	13.0	13.0	7.13	4.43	9.69	4.08	9.59	8.83	7.72	5.23	5.64	7.02	9.88	8.26	6.54	9.51	9.04	6.17	6.93	7.84	7.97	
847.0	97.0	9.0	9.0	7.28	3.78	8.12	9.59	5.15	3.67	8.37	3.51	5.03	5.56	6.91	9.62	5.45	6.09	5.93	6.44	10.29	7.78	8.37	
848.0	100.0	14.0	14.0	8.71	6.07	10.01	5.85	6.73	5.72	3.55	5.98	6.86	8.24	9.02	5.71	6.89	10.23	3.99	4.6	5.31	8.35	8.67	
849.0	83.0	5.0	5.0	4.38	9.55	3.77	6.31	6.91	9.8	6.41	7.68	8.04	8.55	8.24	8.95	4.25	5.93	8.59	9.55	9.63	7.81	7.3	
850.0	86.0	15.0	15.0	9.04	4.77	8.54	5.12	10.39	6.45	7.59	5.67	5.71	10.08	7.67	3.73	7.74	7.38	7.39	4.19	10.42	7.4	3.84	
851.0	89.0	14.0	14.0	5.42	3.66	5.71	8.45	4.54	7.3	6.35	4.36	10.14	5.43	5.93	5.4	8.7	10.14	9.23	4.22	10.0	5.42	5.53	
852.0	92.0	10.0	10.0	4.28	9.3	4.14	10.0	3.53	8.03	6.08	3.99	8.59	10.31	7.44	7.8	8.62	9.1	3.81	9.46	5.86	4.99	5.34	
853.0	95.0	8.0	8.0	9.26	5.71	5.53	5.73	7.24	9.58	6.53	9.62	5.76	8.08	7.87	6.08	9.2	5.72	3.55	4.49	3.85	9.6	8.79	
854.0	98.0	15.0	15.0	4.14	5.8	5.61	9.3	8.41	10.5	4.88	6.52	4.57	6.29	6.13	9.64	7.55	10.35	4.32	8.17	8.89	7.53	7.28	
855.0	81.0	3.0	3.0	8.43	8.95	7.15	6.26	9.18	9.67	6.96	3.82	6.06	6.89	5.21	8.7	6.3	9.56	6.17	8.51	8.7	10.47	6.76	
856.0	85.0	3.0	3.0	4.59	7.73	10.21	10.0	9.29	10.21	9.0	6.79	8.8	3.83	5.75	9.4	8.81	6.85	6.23	6.05	7.78	10.14	5.989138396078687	
857.0	88.0	4.0	4.0	7.5	4.17	8.89	6.86	9.97	8.32	5.2	7.53	7.39	5.65	4.2	10.45	5.93	4.11	7.81	7.72	10.06	10.17	7.4	
858.0	90.0	4.0	4.0	3.93	5.05	8.37	8.71	7.93	9.07	6.43	10.24	7.94	7.77	8.14	8.04	10.0	5.04	4.96	4.25	5.91	5.94	6.95	
859.0	95.0	8.0	8.0	5.37	6.31	4.34	10.37	10.27	7.18	7.39	8.82	6.18	10.4	9.86	5.83	4.16	8.9	4.08	8.09	9.61	8.64	4.18	
860.0	96.0	15.0	15.0	7.09	5.16	6.37	10.45	7.76	5.91	3.9	6.02	3.65	4.83	5.61	8.34	6.93	6.68	10.4	5.29	4.19	8.99	6.68	
861.0	99.0	12.0	12.0	9.16	7.87	6.62	3.61	8.85	7.1	7.66	6.12	8.06	5.09	5.46	10.47	6.31	7.81	8.15	7.05	10.32	6.02	9.59	
862.0	82.0	6.0	6.0	7.6	6.09	6.09	5.43	9.78	6.63	4.29	6.03	10.15	6.55	9.03	6.92	9.2	10.2	5.42	4.66	6.66	10.11	9.91	
863.0	87.0	5.0	5.0	9.71	8.4	6.24	10.06	7.89	7.1	7.7	10.18	5.25	5.0	5.22	4.36	4.65	7.88	5.48	4.78	10.01	9.57	5.59	
864.0	89.0	14.0	14.0	10.47	9.53	4.97	6.77	5.3	9.05	4.13	3.97	6.72	9.55	4.22	7.0	10.14	3.61	7.6	8.04	4.66	4.5	4.13	
865.0	91.0	9.0	9.0	4.63	7.87	6.87	5.7	6.45	5.04	6.79	5.15	5.17	8.09	4.4	8.45	4.61	6.19	4.87	3.61	4.78	6.51	8.98	
866.0	96.0	15.0	15.0	5.59	7.37	5.07	7.77	5.97	5.27	6.62	7.04	7.37	9.58	5.84	3.79	10.26	5.98	5.35	6.47	4.91	7.99	10.25	
867.0	99.0	12.0	12.0	4.54	5.74	6.54	7.4	9.89	9.54	6.37	4.19	9.54	4.86	4.17	4.84	10.42	8.9	6.07	6.92	3.51	9.21	9.91	
868.0	100.0	14.0	14.0	6.07	10.48	4.01	7.33	4.73	6.4	7.94	9.03	9.55	4.67	7.6	7.08	4.01	7.41	7.8	8.6	4.62	9.77	7.17	
869.0	83.0	5.0	5.0	7.23	9.08	7.9	10.26	8.5	5.72	7.66	3.84	9.77	5.26	8.15	8.92	5.41	8.12	9.6	7.15	5.61	6.44	9.82	
870.0	86.0	15.0	15.0	4.89	7.71	5.23	4.54	8.43	6.99	9.01	8.3	10.36	7.41	4.27	6.77	4.7	9.98	9.13	8.87	9.17	9.15	10.43	
871.0	89.0	14.0	14.0	4.96	8.31	6.23	9.01	7.47	7.3	7.67	4.88	6.81	10.1	7.5	8.83	3.94	4.93	7.84	7.39	4.02	5.52	7.19	
872.0	92.0	10.0	10.0	5.63	3.78	4.3	5.92	6.13	4.85	5.07	5.07	9.45	9.4	6.96	5.4	8.26	6.59	9.98	10.14	5.52	6.79	8.47	
873.0	97.0	9.0	9.0	6.43	6.03	9.58	9.43	9.05	6.16	3.96	8.46	3.58	8.58	6.86	5.16	8.99	3.77	5.19	5.28	10.32	9.82	9.8	
874.0	100.0	14.0	14.0	6.76	7.76	4.91	6.0	7.39	8.26	7.46	4.03	8.22	3.51	8.75	9.17	5.74	6.15	4.69	7.35	8.15	9.7	4.16	
875.0	82.0	6.0	6.0	6.21	4.98	6.18	6.22	3.7	8.11	4.81	6.52	6.57	8.03	5.6	9.66	8.84	6.27	7.62	5.48	9.89	6.45	4.17	
876.0	85.0	3.0	3.0	10.03	8.69	10.11	4.56	5.46	9.97	8.4	7.34	4.3	7.9	8.94	5.87	4.02	9.38	6.25	8.73	5.7	8.63	4.3	
877.0	87.0	5.0	5.0	4.13	3.55	6.22	8.44	10.35	9.37	6.28	5.66	5.22	8.24	9.31	5.97	7.13	5.59	9.16	8.47	5.1	9.56	4.97	
878.0	90.0	4.0	4.0	4.21	3.76	4.14	9.61	8.6	4.23	4.72	4.97	5.7	8.78	8.6	8.32	8.53	5.1	5.17	10.32	4.08	8.0	6.62	
879.0	93.0	4.0	4.0	3.56	6.18	9.75	5.82	7.1	5.17	5.16	8.63	9.16	9.57	6.61	6.33	4.98	7.97	4.21	9.65	9.09	5.82	10.17	
880.0	97.0	9.0	9.0	10.32	7.02	6.69	6.89	4.06	3.74	5.02	7.91	4.66	8.36	7.03	3.89	7.49	4.28	9.11	6.12	5.1	9.62	10.29	
881.0	81.0	3.0	3.0	6.33	6.76	5.11	5.25	8.55	4.98	4.6	4.67	9.44	4.17	10.42	8.08	9.08	8.73	4.8	5.32	9.75	6.47	4.68	
882.0	82.0	6.0	6.0	6.77	3.72	7.72	8.25	8.74	6.21	10.49	9.0	6.83	4.27	10.08	8.46	10.35	9.77	7.95	6.88	3.8	8.22	5.08	
883.0	85.0	3.0	3.0	9.01	8.4	4.62	8.92	5.39	4.1	4.84	5.92	5.42	8.77	8.44	8.36	9.9	7.5	9.52	6.46	5.12	7.62	3.89	
884.0	89.0	14.0	14.0	5.32	5.85	7.28	8.24	4.44	9.27	7.11	4.14	5.98	5.44	3.5	4.89	5.01	4.08	5.79	6.65	10.26	5.69	5.36	
885.0	91.0	9.0	9.0	8.43	4.55	7.38	8.29	5.27	10.23	3.66	4.04	9.19	8.41	8.29	5.33	8.04	7.48	7.95	9.71	7.68	8.73	9.12	
886.0	94.0	13.0	13.0	6.05	8.91	9.38	7.86	6.23	7.6	10.18	5.13	4.49	6.21	7.81	9.36	4.53	10.44	6.68	9.29	5.71	4.22	8.37	
887.0	97.0	9.0	9.0	6.07	5.23	9.0	4.22	9.26	7.89	4.76	5.14	4.99	6.01	9.02	4.47	9.63	9.07	4.93	7.13	5.04	3.57	7.87	
888.0	82.0	6.0	6.0	5.74	8.46	6.08	7.3	9.36	6.44	8.48	3.89	8.46	5.82	6.84	7.12	9.0	8.48	6.66	9.71	6.35	5.46	4.41	
889.0	83.0	5.0	5.0	3.69	3.86	4.27	8.26	6.22	8.31	8.56	10.18	4.04	4.59	7.44	10.02	8.22	6.67	4.25	8.74	9.87	6.31	3.54	
890.0	25.0	12.0	12.0	10.05	4.11	5.92	3.61	5.82	3.92	10.0	9.53	4.08	9.46	4.45	8.2	8.78	4.82	5.39	4.61	9.75	7.65	3.5	
891.0	90.0	4.0	4.0	4.18	6.0	8.37	4.35	7.16	7.9	5.55	5.51	8.39	3.86	8.11	8.84	4.85	4.44	4.05	8.86	7.6	8.83	4.56	
892.0	93.0	4.0	4.0	9.43	8.21	6.14	9.13	6.1	7.91	4.4	10.1	5.01	4.3	4.46	9.6	9.8	9.96	9.93	5.55	8.25	4.49	6.84	
893.0	97.0	9.0	9.0	9.17	6.79	7.8	6.63	9.21	3.78	7.43	7.71	5.55	5.74	8.74	8.7	9.84	9.54	8.11	5.37	5.47	7.68	4.49	
894.0	100.0	14.0	14.0	5.89	7.38	5.96	4.2	5.71	4.22	4.4	4.2	5.47	5.63	8.1	7.64	8.29	9.91	5.38	4.41	6.0	9.69	4.36	
895.0	81.0	3.0	3.0	6.59	8.63	7.46	5.25	8.38	4.18	8.87	3.54	7.46	5.99	9.4	6.13	5.04	6.62	6.87	8.48	4.74	7.26	5.2	
896.0	84.0	12.0	12.0	7.02	3.62	5.06	7.27	5.92	5.6	6.73	8.66	4.69	9.8	4.43	8.3	4.81	8.88	3.74	8.76	9.73	6.76	9.75	
897.0	57.0	14.0	14.0	3.81	5.68	3.62	9.74	5.03	9.76	7.5	9.11	7.37	4.69	10.07	9.19	4.2	9.36	4.12	10.4	9.67	8.23	4.42	
898.0	91.0	9.0	9.0	4.7	9.23	9.08	10.03	4.35	9.35	4.79	4.12	4.09	8.75	9.74	8.96	8.97	7.53	7.62	3.61	9.89	3.59	7.3	
899.0	94.0	13.0	13.0	5.98	7.62	4.47	8.65	7.77	6.92	8.6	5.22	10.34	9.94	10.1	7.65	5.64	10.38	8.35	6.96	6.62	9.4	9.671470211659136	
900.0	97.0	9.0	9.0	8.69	6.47	4.74	6.51	3.63	6.6	3.91	8.48	5.55	10.41	4.41	3.87	4.16	8.1	9.43	8.83	10.16	3.68	8.96	
901.0	100.0	14.0	14.0	9.46	10.22	10.28	8.46	4.5	10.21	6.58	7.44	4.27	9.06	9.18	6.47	4.29	10.47	6.77	9.0	8.7	7.69	7.083281730319701	
902.0	11.0	4.0	4.0	9.92	6.64	8.02	3.9	3.63	9.32	5.41	4.14	10.31	10.03	8.08	9.11	7.36	6.8	10.03	6.12	6.87	8.06	7.89	
903.0	85.0	3.0	3.0	4.82	3.68	5.23	8.72	5.27	6.62	3.67	5.38	5.78	7.53	10.13	6.93	7.36	5.14	9.07	3.53	6.43	7.7	5.52	
904.0	88.0	4.0	4.0	10.42	3.99	3.67	10.42	8.51	10.47	8.37	3.63	5.73	5.02	5.9	5.02	6.52	7.97	3.55	7.4	9.1	9.12	10.45	
905.0	92.0	10.0	10.0	7.47	9.78	8.2	4.18	5.56	4.85	6.81	5.65	7.83	6.63	7.71	10.39	5.88	5.84	9.43	10.19	9.93	9.6	6.4	
906.0	90.0	4.0	4.0	5.72	5.31	8.64	4.26	5.61	7.95	4.67	5.13	4.79	7.37	3.82	8.81	4.41	6.14	7.8	3.92	4.64	8.06	6.31	
907.0	69.0	12.0	12.0	7.95	8.7	4.65	7.98	4.87	3.69	4.72	3.65	6.97	10.39	5.53	4.44	8.75	7.16	4.82	8.28	9.71	9.51	3.78	
908.0	100.0	14.0	14.0	3.89	3.57	3.8	6.45	4.76	6.55	9.47	7.88	7.73	4.55	6.86	8.22	7.2	9.77	6.99	7.22	8.64	4.04	6.14	
909.0	84.0	12.0	12.0	4.3	5.84	10.21	10.39	8.75	6.83	7.28	7.6	7.82	7.69	6.52	7.85	5.57	9.45	8.33	3.72	9.76	8.61	10.33	
910.0	86.0	15.0	15.0	4.91	8.13	4.85	8.15	10.04	9.24	10.36	8.55	8.42	7.53	9.01	4.01	3.66	10.24	8.38	6.57	8.48	4.68	10.45	
911.0	90.0	4.0	4.0	6.11	7.67	7.46	6.19	9.59	7.15	9.03	7.29	3.86	5.58	3.67	5.84	10.21	6.32	8.95	10.38	3.59	9.77	4.22	
912.0	92.0	10.0	10.0	8.92	5.7	4.9	8.03	6.75	7.34	5.8	8.88	9.66	10.32	10.31	5.22	3.63	9.66	6.81	7.25	5.16	7.33	6.71	
913.0	87.0	5.0	5.0	4.03	9.51	10.03	7.21	6.9	5.06	6.44	8.86	5.8	6.12	6.52	10.33	9.72	6.03	5.32	4.68	7.01	5.52	9.24	
914.0	69.0	12.0	12.0	5.5	3.86	10.49	6.93	6.22	6.52	8.72	6.88	6.66	4.07	10.11	6.03	7.52	10.16	4.08	9.32	9.4	4.09	9.79	
915.0	74.0	1.0	1.0	8.18	6.26	7.43	5.03	6.75	7.27	7.53	7.88	7.07	8.84	4.47	4.3	5.31	9.23	7.7	5.98	8.71	5.27	6.31	
916.0	75.0	8.0	8.0	10.0	9.89	9.41	8.56	5.72	5.29	8.1	5.15	7.86	3.81	10.2	6.86	8.4	7.3	5.72	5.98	7.96	5.41	5.89	
917.0	80.0	3.0	3.0	7.04	4.97	8.2	7.01	7.57	4.34	6.76	10.27	6.4	9.98	4.8	8.06	3.7	5.84	5.3	4.04	4.65	4.62	8.4	
918.0	63.0	15.0	15.0	8.47	6.5	7.23	4.26	4.81	3.98	8.21	9.99	6.6	6.03	7.83	3.65	6.15	9.19	6.91	7.47	4.33	5.64	3.82	
919.0	86.0	15.0	15.0	4.33	10.42	9.9	7.09	3.94	5.0	7.31	7.11	4.64	4.36	6.99	4.39	5.35	9.72	7.58	4.09	10.33	9.65	5.54	
920.0	68.0	5.0	5.0	5.78	9.74	7.56	4.29	8.27	4.67	4.04	7.36	3.61	8.26	5.48	9.11	5.09	5.55	6.12	5.84	9.37	6.91	7.27	
921.0	71.0	11.0	11.0	9.5	5.46	4.02	6.47	9.62	7.51	8.4	7.18	5.48	4.11	10.06	5.19	5.3	6.6	7.21	4.05	9.71	9.05	8.66	
922.0	75.0	8.0	8.0	9.11	9.08	6.7	9.4	4.93	6.68	7.79	5.76	7.1	5.07	6.61	6.75	6.58	5.43	7.25	9.01	7.77	5.18	6.92	
923.0	76.0	6.0	6.0	9.45	9.1	5.97	9.38	6.45	10.22	8.29	5.23	4.98	3.69	8.34	9.64	6.53	7.14	4.92	8.37	5.45	4.33	7.07	
924.0	79.0	7.0	7.0	4.72	5.61	5.57	5.28	6.14	6.54	10.16	10.26	5.06	7.35	4.59	6.37	9.64	6.94	5.91	6.98	9.19	9.46	4.06	
925.0	63.0	15.0	15.0	3.72	10.25	5.84	4.03	3.95	7.1	7.57	7.9	7.34	9.67	5.05	6.83	8.72	7.19	8.52	8.32	5.18	9.42	10.26	
926.0	26.0	1.0	1.0	10.43	4.36	4.86	6.68	7.7	4.88	8.91	7.81	3.86	9.11	9.29	10.48	8.3	4.71	10.09	10.21	7.5	9.76	0.031087712740164475	
927.0	65.0	11.0	11.0	8.88	6.71	3.62	6.25	9.56	6.52	7.67	9.74	4.77	10.15	6.51	9.54	6.03	4.76	5.3	7.18	3.8	4.9	9.94	
928.0	73.0	13.0	13.0	7.67	7.85	5.18	5.14	8.58	3.78	8.0	3.85	6.2	6.65	6.52	6.22	5.36	10.44	7.68	9.85	9.74	4.16	4.52	
929.0	76.0	6.0	6.0	9.18	8.88	4.72	7.06	9.32	7.96	9.31	7.21	6.57	5.47	7.7	9.53	5.91	6.94	4.09	7.85	8.19	4.09	4.63	
930.0	88.0	4.0	4.0	7.59	8.25	6.34	7.76	6.0	7.27	6.66	7.83	9.84	8.82	9.2	10.43	5.15	4.31	10.38	7.06	8.2	7.98	7.432282560721704	
931.0	80.0	3.0	3.0	7.79	5.95	6.21	7.44	7.71	4.2	8.14	6.35	8.44	8.22	8.34	8.86	8.7	4.39	6.99	7.37	4.71	8.38	9.16	
932.0	65.0	11.0	11.0	8.75	7.34	4.81	8.35	7.77	8.97	6.02	8.99	8.46	4.24	3.88	9.6	4.64	7.53	6.12	3.56	6.64	5.85	4.79	
933.0	37.0	5.0	5.0	7.95	8.52	10.13	6.19	8.28	9.4	8.03	8.62	4.35	8.58	7.67	8.31	8.43	4.67	4.9	9.64	5.0	8.79	3.98	
934.0	58.0	11.0	11.0	5.59	4.83	9.12	5.62	7.63	7.84	10.49	4.7	5.61	3.81	8.51	6.75	5.18	4.58	5.26	10.37	9.8	3.99	5.65	
935.0	59.0	9.0	9.0	8.06	7.86	10.4	5.7	3.81	7.6	4.44	9.36	7.12	4.91	8.07	4.75	6.8	5.39	3.87	5.36	5.06	8.58	3.5	
936.0	77.0	8.0	8.0	5.06	3.69	6.61	8.3	7.65	6.23	6.7	8.94	7.38	4.58	8.49	5.58	8.21	5.65	5.42	7.2	4.34	10.48	3.61	
937.0	80.0	3.0	3.0	5.54	3.54	9.97	7.67	10.13	5.92	4.04	8.63	6.2	3.78	5.97	9.28	9.41	6.23	4.67	4.04	7.09	6.72	8.91	
938.0	83.0	5.0	5.0	4.9	9.86	8.93	3.79	7.02	7.17	4.75	9.91	8.5	3.97	4.79	6.29	9.55	6.73	6.31	7.37	7.14	8.64	9.24	
939.0	94.0	13.0	13.0	5.56	4.62	7.08	5.54	3.95	3.69	3.54	9.64	6.58	6.95	4.37	7.31	10.07	9.65	8.25	9.1	7.9	10.17	5.61	
940.0	67.0	3.0	3.0	5.21	5.39	7.25	7.13	7.55	7.91	6.48	3.64	5.63	4.04	6.45	8.38	7.98	9.85	8.6	9.86	9.5	8.25	8.83	
941.0	71.0	11.0	11.0	7.38	4.0	4.55	9.59	5.99	3.87	6.41	9.25	6.77	9.97	6.71	5.86	6.32	7.86	7.22	8.07	8.76	8.5	8.21	
942.0	73.0	13.0	13.0	8.86	4.26	7.35	9.78	7.94	3.55	9.34	5.83	9.38	8.85	6.84	6.73	6.65	5.04	4.54	6.52	10.45	9.51	6.01	
943.0	78.0	8.0	8.0	4.46	10.04	6.01	8.1	6.2	9.74	10.06	4.27	3.75	5.2	5.17	5.36	7.97	4.95	4.84	5.79	4.44	9.34	3.89	
944.0	79.0	7.0	7.0	6.73	10.03	7.64	8.38	6.04	5.89	4.91	7.8	6.81	9.98	6.47	8.22	6.47	9.59	4.17	5.9	9.95	6.75	5.68	
945.0	87.0	5.0	5.0	6.33	3.8	5.79	5.73	8.77	7.03	8.2	9.13	10.07	4.9	3.79	8.02	4.74	9.63	9.83	7.89	6.44	9.87	4.67	
946.0	65.0	11.0	11.0	7.96	8.36	4.0	9.62	6.98	7.17	6.84	4.6	8.53	5.34	9.8	6.06	6.71	9.14	5.63	5.23	8.9	5.13	9.83	
947.0	68.0	5.0	5.0	5.59	4.55	7.86	4.61	7.21	6.74	10.18	4.51	9.77	7.18	8.35	4.72	6.92	4.85	8.63	4.82	7.11	5.92	10.42	
948.0	77.0	8.0	8.0	4.34	9.43	9.09	9.44	6.26	8.12	7.91	6.67	3.95	6.34	8.3	8.14	7.4	3.9	6.97	4.23	6.04	7.58	7.09	
949.0	41.0	15.0	15.0	8.49	6.8	5.95	4.16	4.63	3.66	6.05	6.45	6.82	7.43	7.9	9.74	3.72	4.4	4.78	3.83	8.75	6.53	6.13	
950.0	88.0	4.0	4.0	7.84	7.32	9.94	6.67	5.79	3.54	3.69	9.74	5.64	7.07	5.76	9.06	5.14	10.23	7.76	7.71	5.33	6.13	4.48	
951.0	93.0	4.0	4.0	6.63	10.17	8.61	7.93	7.99	4.22	5.08	8.06	7.32	7.47	8.14	9.41	10.28	8.45	4.63	8.3	4.24	8.48	8.52	
952.0	48.0	13.0	13.0	5.18	6.47	10.14	4.85	5.9	7.88	7.84	4.57	3.99	7.02	3.62	4.42	5.9	10.4	4.55	8.39	5.91	9.14	4.43	
953.0	66.0	12.0	12.0	4.84	3.87	8.63	5.91	8.65	7.16	5.66	8.64	5.15	9.37	4.74	4.78	7.58	3.66	8.68	5.23	8.9	6.87	8.54	
954.0	72.0	11.0	11.0	3.8	9.47	6.91	7.9	8.44	5.19	6.09	9.34	4.26	7.49	4.93	5.45	3.59	7.94	8.89	9.54	7.87	5.02	9.8	
955.0	73.0	13.0	13.0	4.01	6.35	8.51	9.66	9.48	4.56	6.16	4.67	7.83	4.58	4.48	4.25	3.57	9.43	3.69	7.03	9.83	3.87	5.22	
956.0	76.0	6.0	6.0	4.77	10.05	5.75	6.66	7.61	4.36	8.42	5.45	9.15	8.31	6.61	9.43	4.53	9.83	4.25	7.6	6.97	5.47	4.17	
957.0	79.0	7.0	7.0	4.15	5.09	5.97	7.82	10.22	7.49	8.69	6.59	9.62	9.47	4.55	8.05	6.01	10.4	9.54	3.92	4.23	8.36	9.41	
958.0	62.0	7.0	7.0	6.44	7.78	5.33	10.15	6.79	3.56	7.61	8.9	9.56	9.86	10.11	6.5	6.6	3.75	8.79	7.73	7.83	9.99	5.82	
959.0	65.0	11.0	11.0	8.89	4.1	5.15	8.74	6.14	5.08	9.06	4.34	4.39	9.16	5.85	7.57	5.23	7.69	7.15	4.29	8.96	10.2	4.71	
960.0	97.0	9.0	9.0	9.97	6.48	3.74	10.19	7.45	7.86	10.15	8.33	5.49	3.99	9.17	8.12	9.91	10.29	4.57	8.5	4.52	3.91	4.94	
961.0	70.0	11.0	11.0	9.65	10.35	10.42	8.73	8.2	9.39	4.67	6.36	5.45	9.34	10.0	10.11	6.64	5.02	3.92	5.22	5.67	6.85	5.61	
962.0	74.0	1.0	1.0	9.57	4.66	6.48	7.35	6.5	9.63	8.78	8.51	4.92	5.72	7.44	3.61	10.34	9.3	8.96	5.91	7.94	4.03	6.65	
963.0	76.0	6.0	6.0	4.8	5.41	10.02	8.93	8.48	8.18	5.01	4.85	9.8	6.99	5.53	7.66	3.78	5.95	3.85	10.29	7.29	4.35	7.33	
964.0	80.0	3.0	3.0	6.28	7.12	4.05	6.93	4.82	4.84	10.09	9.52	7.59	4.43	6.68	8.57	5.86	4.72	5.77	6.28	5.61	4.8	9.85	
965.0	64.0	4.0	4.0	4.72	5.28	3.88	9.22	5.89	6.28	5.61	8.89	4.56	7.52	9.65	9.75	6.65	6.25	3.86	5.59	8.54	4.03	9.33	
966.0	66.0	12.0	12.0	9.24	9.16	4.34	6.71	4.8	5.93	4.65	4.37	8.02	8.22	8.01	3.86	8.33	9.46	4.93	6.16	7.42	6.54	9.44	
967.0	91.0	9.0	9.0	4.92	6.98	4.99	9.63	8.92	10.39	9.59	7.0	5.1	7.41	9.39	4.67	7.79	6.46	8.81	6.18	10.02	7.8	9.63	
968.0	73.0	13.0	13.0	5.3	10.06	9.83	9.45	4.07	10.18	6.71	5.1	8.81	7.16	10.17	9.71	5.93	8.45	3.54	5.99	10.24	5.26	6.27	
969.0	74.0	1.0	1.0	5.9	5.04	7.94	4.64	7.11	9.99	5.46	5.1	6.07	9.26	10.18	4.28	6.08	4.21	8.26	7.13	9.51	8.27	9.36	
970.0	93.0	4.0	4.0	9.41	8.03	7.02	5.32	8.35	6.36	9.81	10.15	8.89	9.21	8.27	10.17	8.52	7.5	8.05	4.72	7.61	9.23	9.773490893932602	
971.0	93.0	4.0	4.0	8.51	7.82	4.41	6.44	8.61	9.81	4.86	8.11	5.47	6.78	8.25	8.25	8.84	3.87	4.65	8.66	9.8	5.24	4.71	
972.0	26.0	1.0	1.0	6.44	7.94	4.68	8.71	4.65	6.53	7.78	10.03	4.57	5.98	6.84	4.96	4.75	9.12	6.48	6.09	3.8	9.84	9.95	
973.0	68.0	5.0	5.0	4.31	5.66	4.74	7.07	4.82	9.3	6.71	9.83	7.74	9.32	5.23	3.88	7.37	10.36	9.07	10.38	6.64	8.8	6.38	
974.0	70.0	11.0	11.0	8.28	8.19	9.01	5.89	6.57	7.01	5.98	9.05	7.36	7.7	5.98	6.59	3.99	7.3	10.31	4.21	5.73	3.57	5.98	
975.0	98.0	15.0	15.0	6.48	10.47	7.38	9.14	9.49	7.05	8.28	4.37	5.85	9.58	7.44	8.76	9.78	3.52	9.32	3.87	9.59	3.79	5.11	
976.0	87.0	5.0	5.0	10.38	9.71	6.95	10.27	6.32	9.02	7.39	8.97	3.61	7.94	8.75	3.69	6.29	5.65	4.19	9.53	5.91	6.57	10.29	
977.0	78.0	8.0	8.0	6.59	6.56	5.1	9.72	9.57	8.9	7.08	7.5	9.77	3.9	5.51	4.42	9.99	7.84	9.42	4.05	7.64	3.79	8.76	
978.0	62.0	7.0	7.0	10.06	9.53	9.57	9.49	8.05	8.09	9.17	10.11	6.5	10.24	6.33	8.86	7.93	8.34	4.1	4.21	3.73	6.55	9.08223682545826	
979.0	65.0	11.0	11.0	5.92	10.4	8.23	7.87	4.23	4.32	5.0	8.03	9.2	9.73	7.23	7.37	7.55	9.28	6.69	6.54	7.56	6.27	5.57	
980.0	67.0	3.0	3.0	5.96	5.83	8.31	7.03	4.94	4.48	6.36	4.03	6.24	5.28	8.1	10.41	3.96	8.01	6.67	7.71	8.61	7.82	7.55	
981.0	71.0	11.0	11.0	7.86	5.81	6.32	8.82	3.85	5.43	9.11	9.34	4.86	10.43	5.79	5.11	7.79	9.25	9.3	3.93	5.88	8.14	6.56	
982.0	75.0	8.0	8.0	8.1	5.43	7.48	6.33	8.13	10.2	7.35	10.1	8.99	8.02	8.9	10.01	6.67	5.47	3.75	4.23	4.01	10.32	7.56	
983.0	77.0	8.0	8.0	6.96	5.62	3.87	9.4	5.48	9.1	8.14	3.9	6.27	4.21	8.18	5.12	8.23	4.61	9.16	6.32	3.85	7.49	10.17	
984.0	3.0	6.0	6.0	8.69	9.34	9.8	3.56	8.46	6.81	4.82	8.6	4.05	9.37	5.37	5.66	5.45	3.87	4.75	5.12	6.59	5.86	7.16	
985.0	94.0	13.0	13.0	8.98	5.88	6.93	3.98	5.61	9.77	9.23	9.97	6.55	6.84	4.48	9.59	7.7	3.62	7.91	6.52	7.72	8.84	3.88	
986.0	3.0	6.0	6.0	5.06	9.6	7.71	10.29	4.59	4.69	8.8	9.54	9.86	4.49	4.94	5.56	9.25	4.18	8.12	8.44	9.99	6.97	4.87	
987.0	68.0	5.0	5.0	6.02	5.86	8.67	6.86	3.63	8.47	5.49	6.89	6.84	9.52	5.73	6.09	8.33	5.81	5.54	5.42	8.1	9.71	7.01	
988.0	72.0	11.0	11.0	9.74	5.07	9.56	5.6	5.02	5.19	7.16	7.05	5.12	7.47	7.99	4.2	9.32	6.59	4.1	8.32	5.14	5.84	4.04	
989.0	75.0	8.0	8.0	5.79	3.58	5.39	7.15	6.52	4.43	7.35	6.62	8.85	7.82	6.44	9.69	8.58	4.32	9.56	10.13	3.52	6.16	10.36	
990.0	91.0	9.0	9.0	8.02	8.92	5.57	7.89	5.36	3.71	3.76	10.03	9.33	4.33	9.59	6.28	6.96	7.51	8.68	7.26	4.2	8.32	9.52	
991.0	61.0	12.0	12.0	9.6	5.73	10.08	9.59	4.8	4.72	8.09	5.37	3.63	4.3	4.69	7.24	7.61	8.31	4.9	5.03	7.02	9.25	10.18	
992.0	34.0	14.0	14.0	10.22	7.52	5.46	7.72	8.31	5.43	6.85	4.6	8.15	4.8	7.59	6.83	5.12	9.53	4.28	6.46	10.12	8.44	5.0	
993.0	67.0	3.0	3.0	10.36	8.64	9.89	9.53	8.6	9.84	9.91	7.67	6.67	5.76	7.21	5.81	10.42	5.26	5.31	8.09	9.7	7.661797453437238	10.338969072611954	
994.0	68.0	5.0	5.0	6.52	4.28	8.08	4.59	10.49	6.02	4.85	8.5	4.64	9.01	10.41	9.77	4.65	5.24	8.94	8.66	6.39	3.64	8.52	
995.0	72.0	11.0	11.0	6.13	4.78	4.42	10.07	7.4	5.92	9.75	6.93	7.92	4.89	8.87	7.0	6.34	6.69	5.64	6.36	3.8	4.58	9.1	
996.0	75.0	8.0	8.0	6.84	4.69	8.01	3.74	4.73	3.76	5.82	5.04	8.98	6.76	8.97	7.41	9.59	7.67	4.23	6.28	3.6	5.89	7.58	
997.0	78.0	8.0	8.0	6.56	7.89	5.36	4.7	6.24	5.35	6.48	9.92	10.07	7.49	6.62	9.82	5.54	10.18	5.46	3.86	9.28	8.94	7.66	
998.0	96.0	15.0	15.0	5.61	6.58	10.22	5.12	9.95	8.55	7.1	9.8	5.29	8.53	10.38	7.69	5.88	3.92	8.02	9.26	4.48	9.35	9.04	
999.0	55.0	6.0	6.0	3.77	4.66	5.7	3.74	6.7	9.54	8.05	6.11	10.07	10.38	7.64	4.18	5.73	9.08	4.6	9.69	5.14	6.85	8.17	
1000.0	67.0	3.0	3.0	9.92	4.21	9.9	4.96	9.75	5.24	9.87	5.08	10.44	4.8	7.41	9.61	9.94	5.43	7.04	7.85	3.68	6.67	8.08	
1001.0	2.0	14.0	14.0	3.76	6.25	7.87	7.21	10.3	4.62	7.55	4.94	4.63	5.76	7.34	9.7	5.74	7.85	9.24	6.55	6.03	9.25	6.04	
1002.0	74.0	1.0	1.0	5.96	5.85	4.46	8.23	10.14	5.34	4.22	7.74	9.82	7.52	4.08	9.34	9.68	4.14	3.83	5.07	5.69	6.35	6.11	
1003.0	78.0	8.0	8.0	7.3	5.86	7.89	3.93	4.78	8.69	4.78	4.4	9.77	9.5	3.77	3.58	3.57	10.47	6.03	4.36	6.17	7.23	4.84	
1004.0	100.0	14.0	14.0	4.62	4.97	9.31	4.12	8.13	9.37	5.82	8.02	10.23	8.04	8.25	4.79	5.44	5.07	8.46	4.13	9.27	8.95	4.26	
1005.0	62.0	7.0	7.0	5.51	7.97	3.64	10.18	6.44	5.47	3.61	3.98	3.9	6.99	9.59	6.01	5.59	7.48	7.13	5.57	8.4	6.6	6.89	
1006.0	65.0	11.0	11.0	10.45	6.85	8.02	5.23	6.96	6.71	6.73	5.2	6.26	7.57	5.57	6.61	5.06	7.54	10.48	8.05	9.39	9.58	5.13	
1007.0	70.0	11.0	11.0	10.44	9.15	6.06	3.9	6.59	9.93	4.76	4.83	10.27	3.88	9.41	8.93	4.26	4.59	9.98	4.21	9.61	7.54	6.66	
1008.0	72.0	11.0	11.0	4.79	9.83	8.97	4.93	5.08	4.32	6.92	3.57	7.85	9.35	10.19	7.21	5.26	6.59	3.53	10.48	5.64	7.35	4.16	
1009.0	37.0	5.0	5.0	7.34	7.16	3.97	6.0	6.53	7.15	10.41	8.62	6.71	4.35	7.15	7.51	8.35	6.49	8.05	8.57	4.96	9.3	9.22	
1010.0	78.0	8.0	8.0	9.53	10.31	7.41	8.74	6.19	7.54	5.08	4.92	4.21	5.43	8.38	9.0	8.05	6.88	7.87	7.38	8.38	7.6	8.47	
1011.0	80.0	3.0	3.0	7.13	7.44	6.59	6.49	6.21	9.0	4.28	8.65	4.81	7.91	6.73	7.02	8.52	7.17	10.4	3.5	5.27	5.76	7.92	
1012.0	82.0	6.0	6.0	6.93	6.46	8.02	6.78	7.19	4.17	5.95	7.62	4.64	4.01	7.31	5.67	4.36	7.11	8.58	3.88	10.05	4.42	9.54	
1013.0	66.0	12.0	12.0	10.34	5.36	8.97	9.17	6.06	4.51	10.35	3.84	8.9	3.52	4.6	9.24	4.62	10.35	3.68	5.08	9.91	9.51	3.67	
1014.0	71.0	11.0	11.0	8.32	4.19	8.09	9.76	7.16	8.2	5.49	8.48	6.62	4.92	7.66	4.26	7.71	9.29	8.01	10.06	5.27	5.42	6.42	
1015.0	30.0	14.0	14.0	9.11	7.98	6.62	8.32	9.85	10.22	7.04	5.5	7.82	9.15	9.33	5.39	6.07	8.62	8.29	8.92	9.51	8.96	10.088450396054307	
1016.0	77.0	8.0	8.0	5.89	6.66	6.19	5.46	9.2	7.62	4.79	7.24	7.36	9.81	4.71	5.06	7.16	4.68	9.99	4.68	5.32	6.26	7.15	
1017.0	93.0	4.0	4.0	9.21	9.97	7.26	5.48	9.73	7.8	4.22	5.67	10.45	6.58	4.5	8.46	6.46	4.73	9.35	10.07	4.81	5.37	7.34	
1018.0	63.0	15.0	15.0	9.87	7.42	4.83	9.94	7.01	8.86	8.03	9.53	3.84	7.94	5.48	7.57	9.22	6.63	7.78	5.78	9.95	5.47	8.26	
1019.0	96.0	15.0	15.0	6.4	4.59	5.99	4.22	3.56	7.52	7.63	5.18	9.21	5.3	5.45	4.17	9.97	5.9	6.63	5.97	7.33	4.11	9.76	
1020.0	54.0	10.0	10.0	5.03	7.46	3.86	6.63	3.99	3.88	7.04	6.52	8.42	7.93	8.07	7.92	6.5	9.52	7.48	7.26	3.97	7.43	5.33	
1021.0	29.0	2.0	2.0	9.89	5.24	9.59	6.63	10.24	6.53	5.35	3.76	5.95	5.33	7.44	4.39	7.66	4.9	5.13	6.7	9.34	7.18	9.93	
1022.0	73.0	13.0	13.0	4.53	9.28	10.48	4.03	8.52	4.72	8.63	9.25	9.7	5.89	3.87	8.39	8.15	3.89	9.8	5.16	10.44	5.84	7.56	
1023.0	90.0	4.0	4.0	5.82	4.51	9.26	8.28	9.25	4.27	5.36	9.25	8.5	7.66	7.23	3.93	6.91	9.87	8.42	7.27	6.82	4.03	9.94	
1024.0	80.0	3.0	3.0	5.66	7.71	9.7	8.44	4.06	10.3	9.96	7.98	6.34	7.26	9.95	4.94	7.84	5.43	5.95	3.54	8.32	10.27	4.34	
1025.0	63.0	15.0	15.0	7.98	4.36	8.68	4.56	8.59	3.73	6.43	5.36	5.13	4.63	8.86	7.53	3.54	5.66	9.54	8.87	9.65	8.96	7.03	
1026.0	65.0	11.0	11.0	5.7	9.17	6.3	9.6	4.69	8.72	5.19	7.35	5.18	9.05	6.74	8.95	3.7	8.93	6.16	7.08	7.55	5.48	7.14	
1027.0	68.0	5.0	5.0	8.03	5.73	6.8	3.74	5.52	8.23	10.04	6.05	9.75	6.84	10.36	9.41	10.1	7.51	7.0	4.12	5.49	4.61	8.89	
1028.0	94.0	13.0	13.0	7.8	5.76	9.18	9.12	3.91	4.93	4.31	5.28	8.18	5.65	7.0	4.49	8.12	9.25	4.21	6.48	6.92	8.77	9.86	
1029.0	76.0	6.0	6.0	6.26	7.06	7.68	6.33	10.07	4.03	8.82	8.95	5.51	7.46	6.81	7.8	8.24	9.79	9.03	6.47	4.83	6.56	8.91	
1030.0	94.0	13.0	13.0	7.38	5.75	4.5	5.3	7.49	5.24	9.53	9.96	9.42	10.09	5.65	10.0	9.53	6.28	7.24	4.31	5.36	5.89	5.72	
1031.0	62.0	7.0	7.0	6.54	9.6	7.8	5.18	3.61	4.56	4.34	7.41	10.05	10.4	8.37	4.33	9.54	5.3	6.42	6.15	5.15	6.84	7.85	
1032.0	51.0	2.0	2.0	8.49	8.32	8.98	5.57	6.79	4.76	4.02	4.88	6.44	5.57	4.63	7.39	4.96	7.87	4.41	5.6	8.9	3.68	9.83	
1033.0	67.0	3.0	3.0	9.22	7.47	9.79	5.99	4.98	3.68	8.07	9.81	6.69	6.98	10.02	6.36	4.88	9.55	4.76	8.0	6.62	6.42	7.34	
1034.0	94.0	13.0	13.0	5.69	6.67	10.01	7.8	5.76	9.77	4.55	10.19	4.57	5.66	9.97	8.87	6.9	5.7	4.05	9.22	8.22	10.28	6.45	
1035.0	88.0	4.0	4.0	9.36	9.67	4.63	5.9	10.42	6.93	7.93	8.92	6.96	5.24	4.03	7.58	5.39	4.21	9.91	4.17	6.53	7.16	5.61	
1036.0	76.0	6.0	6.0	3.92	8.18	6.14	5.63	5.85	6.91	4.71	8.36	6.37	10.19	6.23	7.69	3.66	5.78	5.02	10.25	10.22	9.41	9.76	
1037.0	78.0	8.0	8.0	10.49	9.94	6.09	3.75	4.46	5.63	6.86	6.16	4.34	6.44	10.26	9.05	9.35	10.17	8.84	4.36	7.67	5.46	4.99	
1038.0	96.0	15.0	15.0	6.09	9.34	5.99	7.69	8.3	6.02	6.64	6.26	6.31	6.57	8.23	5.62	3.98	6.45	5.87	6.61	4.83	4.13	8.66	
1039.0	88.0	4.0	4.0	8.9	8.42	6.14	5.22	9.93	7.71	10.29	9.21	9.18	3.61	8.63	4.47	8.65	9.4	7.0	4.81	5.76	8.15	5.93	
1040.0	38.0	5.0	5.0	6.2	8.87	4.1	9.84	5.39	4.46	4.39	5.64	5.87	9.35	5.0	8.97	9.29	9.75	4.27	9.72	4.55	6.88	7.03	
1041.0	71.0	11.0	11.0	9.34	9.34	5.09	7.61	10.13	6.43	5.13	8.14	5.41	5.05	7.0	9.9	9.48	4.28	5.7	4.36	5.18	3.77	9.14	
1042.0	81.0	3.0	3.0	7.49	4.03	5.53	5.7	9.06	3.67	9.86	7.92	7.31	5.69	9.43	9.69	4.16	6.46	6.88	9.22	5.58	8.04	6.87	
1043.0	76.0	6.0	6.0	6.62	4.34	9.02	6.85	9.13	10.48	9.26	3.75	6.1	5.26	3.81	9.31	6.64	9.44	6.83	7.25	5.19	7.49	8.79	
1044.0	87.0	5.0	5.0	6.44	4.15	6.55	8.21	9.31	9.64	5.42	5.23	9.34	7.99	7.9	6.09	7.46	5.26	9.36	3.85	7.46	5.34	3.55	
1045.0	62.0	7.0	7.0	5.18	9.55	4.04	6.83	5.7	8.08	8.24	10.14	3.8	6.04	8.76	5.94	10.17	8.21	5.42	9.98	9.87	4.7	9.8	
1046.0	65.0	11.0	11.0	4.5	7.86	6.54	6.66	4.79	10.44	5.09	8.49	6.45	4.35	8.6	4.24	6.85	4.69	10.46	7.79	6.75	9.0	4.4	
1047.0	70.0	11.0	11.0	6.08	7.96	3.98	4.85	6.19	3.53	8.21	3.55	10.05	10.0	6.64	4.08	4.98	3.77	7.19	6.34	9.9	8.37	9.98	
1048.0	91.0	9.0	9.0	8.8	5.46	10.48	9.4	3.56	7.2	7.44	9.63	6.92	7.97	5.69	6.1	5.3	4.15	8.77	6.83	6.52	7.8	7.85	
1049.0	87.0	5.0	5.0	7.45	10.2	4.78	5.63	5.49	5.04	7.27	5.5	10.03	7.7	9.91	6.09	10.46	3.62	3.79	10.39	9.66	3.75	3.83	
1050.0	99.0	12.0	12.0	7.18	4.63	9.52	8.42	8.59	7.56	3.9	5.13	5.77	5.29	7.63	7.85	6.67	3.71	3.81	4.85	9.22	9.18	5.36	
1051.0	80.0	3.0	3.0	9.7	4.5	6.28	7.56	9.51	9.46	5.57	6.08	5.71	4.37	7.4	5.09	8.03	3.92	7.26	8.86	5.47	5.98	7.7	
1052.0	64.0	4.0	4.0	9.45	5.51	6.59	5.41	6.81	10.47	5.05	9.12	3.77	4.67	6.7	3.82	4.91	10.15	7.04	10.44	4.69	7.61	8.2	
1053.0	68.0	5.0	5.0	6.23	8.66	5.01	5.41	9.86	6.98	6.48	9.79	7.05	7.12	9.61	5.55	5.24	7.8	9.33	10.26	5.11	9.43	4.14	
1054.0	71.0	11.0	11.0	6.94	5.32	3.57	9.11	8.4	7.09	8.92	9.32	5.8	7.91	10.37	7.95	5.86	4.51	9.39	5.53	10.02	7.85	6.49	
1055.0	73.0	13.0	13.0	4.12	4.17	10.44	4.92	9.94	9.4	8.48	8.57	5.18	9.71	3.95	10.43	4.67	6.69	10.38	5.57	10.08	10.1	6.71	
1056.0	75.0	8.0	8.0	5.57	10.32	3.75	5.75	3.93	5.39	8.67	4.07	10.43	4.72	4.37	6.17	4.32	6.4	8.73	7.64	6.67	6.7	8.21	
1057.0	79.0	7.0	7.0	5.18	4.38	6.34	4.51	6.09	9.35	6.38	5.98	4.35	5.39	3.69	4.57	7.68	9.22	9.44	9.41	5.32	7.01	8.18	
1058.0	62.0	7.0	7.0	6.46	9.36	7.15	3.76	10.34	6.55	4.34	7.12	6.73	3.66	5.15	8.53	7.95	9.62	3.78	6.14	8.53	10.23	8.76	
1059.0	83.0	5.0	5.0	5.28	8.57	6.23	7.13	4.28	5.07	7.28	3.97	3.82	10.18	4.43	4.37	8.31	5.97	4.23	7.05	5.87	8.63	3.89	
1060.0	73.0	13.0	13.0	8.6	9.4	7.19	6.03	7.71	6.16	5.11	9.81	8.46	6.82	9.06	9.02	5.07	8.0	10.22	3.88	5.16	5.17	5.2	
1061.0	71.0	11.0	11.0	5.04	7.62	8.43	7.86	6.96	8.94	8.27	5.07	9.14	6.26	6.91	6.36	6.76	4.75	5.82	8.71	8.85	5.1	9.44	
1062.0	74.0	1.0	1.0	10.08	6.86	6.74	7.83	10.06	9.51	10.04	4.71	5.16	6.7	8.08	7.26	9.55	6.6	9.26	9.55	5.48	8.55	6.976117244095848	
1063.0	95.0	8.0	8.0	7.52	6.08	6.34	8.88	6.44	10.05	7.63	9.04	10.43	8.61	9.27	5.87	3.74	3.57	3.56	3.62	8.57	4.68	7.63	
1064.0	45.0	5.0	5.0	7.0	7.76	6.36	10.21	5.8	8.81	8.22	5.67	8.03	6.88	5.0	8.51	4.31	10.45	5.78	9.97	5.82	10.02	10.39	
1065.0	63.0	15.0	15.0	9.49	4.51	8.31	7.53	4.12	6.13	8.9	4.73	7.75	6.33	6.14	4.97	4.47	5.65	5.64	6.27	7.41	4.58	6.06	
1066.0	83.0	5.0	5.0	9.07	8.94	3.58	6.15	7.66	4.15	3.7	10.1	4.1	4.87	10.05	6.21	9.42	4.52	9.83	3.97	5.94	8.87	3.95	
1067.0	93.0	4.0	4.0	6.69	10.05	9.77	9.47	9.54	5.23	9.73	7.65	10.25	4.58	9.76	6.24	3.76	8.27	5.64	8.81	7.62	9.19	8.953589318810705	
1068.0	46.0	14.0	14.0	4.82	10.17	9.98	9.63	5.61	7.44	10.46	8.01	9.35	7.19	4.83	9.73	4.34	6.21	6.35	7.39	6.81	7.81	3.94	
1069.0	84.0	12.0	12.0	8.24	4.85	5.25	8.38	9.93	8.18	5.97	8.33	7.28	7.67	7.84	6.69	7.57	6.03	5.01	6.69	9.96	4.52	5.84	
1070.0	84.0	12.0	12.0	3.99	5.75	3.98	5.53	8.87	7.86	8.34	3.57	9.13	8.88	4.24	9.49	5.18	10.37	9.4	6.89	10.33	10.22	4.5	
1071.0	80.0	3.0	3.0	6.88	6.39	4.08	4.98	6.23	6.49	7.73	10.16	8.44	7.08	4.52	8.11	6.52	8.53	9.57	8.04	8.04	5.55	6.11	
1072.0	85.0	3.0	3.0	6.14	7.96	9.81	6.76	8.26	6.66	8.77	3.77	7.09	4.82	10.34	7.01	5.89	7.59	9.52	10.19	5.27	8.62	5.45	
1073.0	15.0	11.0	11.0	7.72	10.18	4.44	3.88	6.66	6.56	4.23	5.85	5.48	10.29	8.01	3.71	8.87	8.77	8.51	10.42	6.62	8.17	5.76	
1074.0	88.0	4.0	4.0	7.59	7.7	4.21	4.7	9.77	6.13	7.28	10.43	6.66	8.01	7.26	7.17	4.83	4.49	4.07	5.22	9.85	6.72	7.47	
1075.0	96.0	15.0	15.0	9.18	6.94	3.73	5.92	3.79	6.68	6.55	7.4	8.76	6.64	6.05	5.87	8.95	8.43	4.53	4.42	7.68	3.84	7.95	
1076.0	75.0	8.0	8.0	7.14	7.79	9.34	6.42	8.21	4.98	6.78	6.08	7.66	4.8	6.93	9.61	6.23	3.97	4.75	3.77	9.32	3.92	5.18	
1077.0	90.0	4.0	4.0	3.92	4.48	9.85	6.3	5.59	6.03	8.26	6.67	7.42	5.34	9.23	9.37	10.14	9.78	9.03	9.86	4.71	9.39	6.75	
1078.0	63.0	15.0	15.0	4.34	8.55	8.14	7.95	5.81	4.0	8.82	9.79	6.42	6.99	3.72	6.62	6.6	4.69	7.56	8.51	4.81	4.01	9.83	
1079.0	64.0	4.0	4.0	5.57	4.11	9.54	5.17	7.99	3.89	7.21	8.73	3.75	5.5	9.38	10.09	4.41	10.28	8.34	4.62	8.7	9.41	7.96	
1080.0	100.0	14.0	14.0	6.16	8.27	6.41	5.73	7.85	6.25	5.6	5.61	9.33	9.26	8.41	8.45	8.81	5.47	4.91	9.68	4.41	7.62	6.15	
1081.0	70.0	11.0	11.0	7.46	7.14	9.79	9.65	9.01	10.15	5.69	4.12	9.95	7.5	8.91	8.37	6.77	5.19	7.41	3.75	5.9	4.98	8.41	
1082.0	74.0	1.0	1.0	4.67	7.96	3.98	5.99	6.74	4.48	4.77	5.14	4.05	6.18	9.09	7.43	5.07	6.65	9.0	7.79	7.07	7.47	9.27	
1083.0	76.0	6.0	6.0	6.86	5.24	9.65	8.18	5.88	9.31	4.43	9.56	7.1	6.45	3.84	8.72	7.46	8.6	9.65	3.94	4.47	10.4	9.39	
1084.0	89.0	14.0	14.0	9.67	6.66	7.47	4.55	5.78	3.61	5.23	8.24	7.85	8.23	8.93	10.24	9.12	4.9	8.57	9.29	7.22	4.76	5.07	
1085.0	71.0	11.0	11.0	9.57	8.21	8.59	6.41	8.51	7.02	6.42	9.85	9.31	10.41	7.26	8.49	7.24	3.55	6.66	7.45	9.53	7.38	2.993773686278078	
1086.0	91.0	9.0	9.0	7.1	9.29	7.12	4.3	7.0	6.4	6.14	6.09	4.3	9.02	7.29	8.11	9.42	5.83	3.81	5.12	5.25	3.69	8.41	
1087.0	68.0	5.0	5.0	9.89	5.99	6.47	5.47	6.22	3.85	5.11	4.12	9.67	6.66	8.15	8.0	8.19	6.18	8.17	5.16	8.62	3.71	4.24	
1088.0	72.0	11.0	11.0	8.78	10.4	3.89	8.34	5.54	6.41	4.01	4.33	8.05	5.29	6.38	6.51	5.68	6.21	4.27	9.82	4.53	6.74	8.51	
1089.0	96.0	15.0	15.0	6.79	8.01	9.72	5.32	4.18	5.14	4.67	3.8	9.51	10.24	8.12	4.7	7.35	7.99	5.5	7.21	6.46	6.17	8.08	
1090.0	84.0	12.0	12.0	9.58	8.82	7.49	9.56	9.5	9.76	10.15	8.43	4.44	7.26	5.27	4.99	9.87	7.43	5.01	9.22	8.23	4.62	6.849148767985044	
1091.0	80.0	3.0	3.0	8.68	3.99	6.19	7.94	8.51	5.58	4.14	5.47	5.97	6.52	4.6	6.66	3.89	3.58	4.5	3.63	6.54	9.74	10.15	
1092.0	46.0	14.0	14.0	5.11	4.88	7.18	7.18	6.58	4.51	3.95	8.08	8.88	3.55	9.97	9.85	8.49	5.47	5.12	4.66	5.67	3.75	9.65	
1093.0	68.0	5.0	5.0	9.29	8.77	6.5	5.05	3.89	5.5	5.43	6.35	6.64	7.18	7.83	9.18	3.52	8.93	5.53	3.87	5.71	5.56	4.58	
1094.0	94.0	13.0	13.0	9.69	8.12	5.32	7.7	8.17	6.1	6.6	10.34	8.27	6.53	9.11	3.74	5.01	7.98	9.85	7.4	4.97	9.63	7.43	
1095.0	74.0	1.0	1.0	5.73	3.56	4.23	9.03	5.68	9.97	6.77	9.93	5.1	9.27	10.28	6.36	8.46	10.28	4.5	3.67	7.42	5.53	3.65	
1096.0	84.0	12.0	12.0	10.41	6.61	5.69	6.67	9.87	5.93	5.31	9.06	9.86	9.98	10.31	7.63	8.76	5.81	4.42	6.42	10.31	6.74	0.1020250233407311	
1097.0	9.0	15.0	15.0	4.88	7.3	3.51	8.67	6.79	9.68	4.17	6.8	4.98	8.82	6.39	7.65	7.1	4.03	4.51	4.78	6.58	10.19	10.39	
1098.0	47.0	15.0	15.0	8.77	8.01	8.31	7.66	6.58	5.78	5.01	8.91	7.0	9.75	9.26	9.07	4.25	8.61	3.6	9.75	5.4	4.86	9.1	
1099.0	66.0	12.0	12.0	5.21	7.26	5.04	4.48	6.81	8.67	6.84	4.99	9.81	5.96	6.35	6.14	4.93	5.36	10.4	5.0	7.46	9.6	4.44	
1100.0	68.0	5.0	5.0	9.24	6.26	3.71	7.09	9.88	5.56	7.71	10.35	8.08	7.36	8.43	4.79	10.1	5.17	8.69	4.84	3.59	6.99	8.15	
1101.0	71.0	11.0	11.0	7.31	4.54	8.47	9.48	7.6	4.3	6.04	6.25	7.08	8.41	6.05	4.31	7.59	9.52	4.99	5.56	4.16	4.08	9.99	
1102.0	97.0	9.0	9.0	4.64	7.1	5.44	8.28	8.62	6.06	5.76	8.5	6.16	6.12	8.83	9.26	6.27	7.44	8.88	9.96	9.39	5.63	7.38	
1103.0	74.0	1.0	1.0	6.38	7.06	9.21	7.15	3.83	9.19	3.65	5.95	5.59	5.44	3.9	4.64	9.02	7.09	9.41	10.02	9.23	7.4	3.98	
1104.0	79.0	7.0	7.0	6.98	3.61	5.18	5.65	5.16	5.96	7.25	4.28	5.08	10.36	4.9	4.92	6.73	9.35	8.95	3.97	9.24	7.07	4.42	
1105.0	62.0	7.0	7.0	9.85	8.11	4.0	10.48	4.17	8.53	7.92	7.27	8.57	3.79	6.78	8.82	6.06	7.01	6.99	6.61	5.35	6.83	7.85	
1106.0	67.0	3.0	3.0	10.23	4.97	8.08	6.61	7.23	10.31	9.34	3.95	9.15	10.1	7.11	10.4	3.69	6.41	4.77	9.65	7.02	7.92	7.0	
1107.0	52.0	4.0	4.0	9.12	4.34	6.61	7.48	4.71	6.82	5.77	5.33	6.82	5.27	10.13	9.32	7.14	5.87	6.92	10.01	7.37	5.55	8.01	
1108.0	73.0	13.0	13.0	9.14	5.04	9.13	5.43	4.03	10.22	9.44	8.5	10.22	8.56	5.63	8.68	6.19	8.06	5.88	5.71	9.47	6.95	6.47	
1109.0	76.0	6.0	6.0	5.12	5.54	9.75	10.31	3.93	9.71	8.13	7.04	5.86	5.47	9.57	6.18	4.51	9.85	8.7	9.87	7.97	9.98	9.31	
1110.0	84.0	12.0	12.0	6.86	4.0	4.91	5.35	10.06	7.31	6.26	7.36	6.8	8.43	8.51	6.47	3.92	5.17	8.97	10.07	5.64	9.34	10.01	
1111.0	80.0	3.0	3.0	7.06	7.57	8.87	3.67	8.96	3.61	7.23	10.05	10.4	9.45	9.64	3.61	9.9	10.45	9.55	9.46	4.94	10.47	8.269954371413155	
1112.0	100.0	14.0	14.0	3.87	4.08	4.43	8.66	7.05	8.87	8.81	7.93	8.63	6.06	3.63	8.66	6.12	4.14	8.34	4.25	5.85	8.09	5.98	
1113.0	68.0	5.0	5.0	8.95	5.76	9.73	5.13	4.05	4.95	5.09	4.75	8.34	8.7	7.82	9.3	10.48	7.11	7.54	6.94	3.98	4.84	8.15	
1114.0	69.0	12.0	12.0	10.2	9.95	10.29	3.63	3.83	9.5	4.67	7.61	5.28	6.24	6.79	9.85	8.27	7.89	8.28	5.23	3.83	6.68	7.26	
1115.0	98.0	15.0	15.0	5.62	6.77	4.24	5.14	4.73	5.42	7.32	8.7	9.68	10.47	5.64	7.89	9.14	3.77	8.37	7.66	8.42	7.18	6.1	
1116.0	75.0	8.0	8.0	3.51	6.16	9.63	4.22	4.58	6.81	9.85	7.92	8.08	8.04	4.27	9.69	4.36	6.96	7.58	9.08	7.97	6.11	7.19	
1117.0	75.0	8.0	8.0	5.77	5.13	5.05	5.84	4.3	7.4	4.34	8.96	10.22	5.63	8.38	10.38	5.14	4.82	5.59	6.89	8.56	5.75	10.2	
1118.0	89.0	14.0	14.0	9.63	5.89	9.53	6.5	9.9	9.5	4.28	5.66	7.2	6.39	6.87	4.37	8.33	9.63	8.93	7.85	10.21	8.89	4.624366401932397	
1119.0	65.0	11.0	11.0	9.71	9.79	9.78	6.8	6.5	8.85	7.96	8.66	4.05	7.14	9.83	8.37	9.62	9.97	6.44	4.32	8.97	10.24	6.575538487929389	
1120.0	67.0	3.0	3.0	6.67	9.38	9.16	4.41	8.46	4.4	5.42	8.33	9.82	5.99	7.3	9.29	9.97	9.14	4.89	9.03	7.77	8.55	7.14	
1121.0	72.0	11.0	11.0	10.44	9.26	3.92	7.74	10.43	4.92	9.9	7.49	3.55	9.95	5.96	8.31	10.14	7.05	5.3	3.98	6.53	5.73	3.74	
1122.0	35.0	10.0	10.0	10.22	9.7	5.32	5.11	8.84	6.13	5.63	9.57	6.69	10.16	5.34	6.59	9.41	3.61	6.11	8.27	10.4	6.68	6.11	
1123.0	89.0	14.0	14.0	7.93	9.35	5.91	9.46	3.69	4.94	10.37	8.13	3.53	4.82	9.44	7.53	10.07	6.42	6.67	7.47	6.92	10.37	3.74	
1124.0	19.0	13.0	13.0	8.01	9.49	5.38	5.65	6.01	5.8	7.35	9.34	8.3	6.09	6.66	6.01	8.16	8.28	6.26	5.9	8.85	3.9	5.61	
1125.0	99.0	12.0	12.0	9.72	7.7	9.38	7.75	9.24	7.61	6.53	4.16	10.14	6.26	6.16	5.99	8.81	9.08	7.81	9.68	10.16	7.4	3.5226160592507707	
1126.0	66.0	12.0	12.0	4.62	7.51	8.83	4.24	9.47	4.25	8.23	5.77	5.19	10.06	7.63	3.9	4.86	6.19	5.66	5.79	8.12	9.56	7.91	
1127.0	68.0	5.0	5.0	9.28	4.9	6.07	4.83	4.58	4.2	9.36	6.0	9.27	9.12	4.54	4.13	5.76	5.64	10.14	3.86	8.65	6.69	10.48	
1128.0	57.0	14.0	14.0	5.83	6.34	7.91	8.95	5.05	6.36	9.5	10.27	8.77	8.94	3.9	8.79	10.44	6.28	6.96	5.97	6.03	4.97	8.74	
1129.0	75.0	8.0	8.0	5.16	8.57	9.47	9.06	5.01	6.63	7.98	8.18	5.96	9.11	3.64	8.35	7.63	7.16	9.84	8.73	7.04	9.88	6.97	
1130.0	81.0	3.0	3.0	8.74	6.41	4.88	5.89	8.77	9.33	3.84	10.06	7.39	6.69	10.48	8.65	5.26	10.06	10.27	8.87	5.04	6.65	7.46	
1131.0	61.0	12.0	12.0	10.11	3.52	8.28	7.3	3.81	10.29	9.9	6.42	3.64	9.03	5.85	5.56	9.49	6.42	4.11	4.1	5.55	8.91	5.72	
1132.0	65.0	11.0	11.0	4.95	7.13	5.42	6.42	10.49	8.89	9.27	9.05	3.61	4.21	4.32	6.52	9.02	6.16	7.36	9.86	5.47	6.77	6.73	
1133.0	98.0	15.0	15.0	6.96	9.05	3.86	6.26	7.65	5.38	9.85	9.67	3.77	6.86	8.17	4.4	9.14	6.98	10.02	6.05	10.19	4.91	7.52	
1134.0	100.0	14.0	14.0	10.21	7.35	7.39	9.22	9.43	5.65	7.07	6.88	3.96	10.44	7.8	6.9	3.55	6.33	5.34	9.81	7.38	6.54	4.03	
1135.0	73.0	13.0	13.0	4.9	6.25	8.85	6.82	7.16	9.73	7.6	6.74	3.8	7.14	7.85	5.18	5.53	7.81	4.83	8.86	4.8	4.2	8.65	
1136.0	86.0	15.0	15.0	4.68	8.16	4.57	3.73	8.17	5.94	3.94	7.44	3.87	7.27	6.78	8.88	4.57	6.46	4.12	9.47	5.31	4.69	8.39	
1137.0	78.0	8.0	8.0	6.92	7.5	9.35	7.36	7.1	7.28	8.79	10.32	5.08	4.94	5.02	7.47	7.1	4.54	10.02	8.36	10.27	5.07	9.21	
1138.0	61.0	12.0	12.0	5.41	6.61	4.0	6.21	6.5	10.12	5.39	9.69	3.96	5.58	9.56	5.21	5.4	7.28	4.74	9.68	7.07	9.85	8.1	
1139.0	83.0	5.0	5.0	8.1	8.24	7.1	8.0	8.86	7.62	7.84	7.67	5.41	7.08	8.22	8.62	5.12	10.23	4.57	5.68	3.92	3.69	4.64	
1140.0	20.0	4.0	4.0	8.02	7.87	4.6	7.0	9.14	9.26	5.13	8.36	8.87	8.8	8.09	4.79	8.46	8.78	4.94	9.78	9.96	5.64	4.72	
1141.0	95.0	8.0	8.0	6.1	3.59	6.88	5.25	8.22	8.66	7.83	4.83	4.64	8.65	6.73	8.4	9.39	9.43	5.9	4.91	5.65	7.89	5.41	
1142.0	91.0	9.0	9.0	6.3	7.46	3.74	9.63	7.4	4.49	4.74	6.8	8.03	8.41	4.02	7.08	6.84	8.03	5.69	8.49	5.0	8.81	4.45	
1143.0	96.0	15.0	15.0	5.8	8.88	7.19	6.94	3.88	8.93	8.8	9.57	8.72	8.31	9.74	7.21	6.65	5.94	9.04	8.21	8.26	10.45	6.782012896976054	
1144.0	97.0	9.0	9.0	5.46	6.73	3.66	5.87	4.87	9.31	7.11	10.47	7.11	10.42	7.82	9.13	3.83	8.25	4.09	8.29	7.47	6.48	8.65	
1145.0	48.0	13.0	13.0	7.95	4.89	3.67	3.6	10.08	10.15	7.88	6.15	7.41	3.98	9.03	5.1	10.4	8.34	4.21	8.86	3.96	8.89	9.61	
1146.0	2.0	14.0	14.0	8.38	5.11	4.59	3.77	8.47	6.71	5.02	4.39	6.93	5.41	7.45	6.42	4.64	10.01	9.27	6.37	6.08	9.6	8.82	
1147.0	3.0	6.0	6.0	7.7	10.43	6.92	6.66	4.73	6.76	9.75	4.0	9.06	4.56	4.13	7.64	8.98	8.66	5.39	6.89	4.92	8.97	5.76	
1148.0	10.0	15.0	15.0	8.38	8.11	9.17	4.84	8.99	5.87	3.56	4.99	3.9	4.84	8.3	10.28	4.23	6.39	6.1	4.3	4.6	5.9	5.01	
1149.0	88.0	4.0	4.0	7.91	5.9	6.15	8.32	3.72	10.12	8.32	4.02	6.49	9.15	8.8	8.08	10.1	7.21	3.8	7.36	6.07	6.62	9.6	
1150.0	58.0	11.0	11.0	5.22	9.15	6.24	6.28	10.05	7.55	10.4	10.12	6.38	8.19	5.58	9.07	10.42	5.67	5.64	5.95	7.69	6.97	7.34	
1151.0	100.0	14.0	14.0	4.5	5.22	6.64	9.4	9.37	4.46	9.71	4.38	4.24	4.62	10.49	7.71	10.3	9.63	9.82	5.07	9.62	5.25	10.14	
1152.0	65.0	11.0	11.0	6.9	6.97	9.65	9.29	7.77	5.08	10.26	4.63	9.73	7.33	4.28	6.83	4.51	8.95	3.72	4.63	4.96	7.11	8.3	
1153.0	84.0	12.0	12.0	8.96	8.45	3.56	9.17	9.79	7.43	7.32	10.4	4.25	4.24	10.22	10.01	4.39	5.37	9.65	4.24	9.63	8.2	9.31	
1154.0	92.0	10.0	10.0	9.32	5.0	3.73	5.81	3.92	6.26	5.88	8.09	6.15	6.25	5.7	5.69	5.0	5.87	9.55	7.4	9.98	7.18	6.04	
1155.0	73.0	13.0	13.0	6.63	4.2	5.57	9.66	6.06	5.7	6.99	10.2	8.86	3.67	8.79	7.23	10.16	6.05	3.63	4.36	8.65	6.42	5.22	
1156.0	34.0	14.0	14.0	7.98	3.63	9.73	5.62	3.65	9.58	5.74	10.28	4.06	9.54	3.54	4.43	7.69	10.15	5.16	3.87	7.36	10.12	4.6	
1157.0	70.0	11.0	11.0	10.47	8.42	4.9	8.48	8.4	9.35	6.3	8.12	10.38	7.66	5.66	6.5	7.37	8.56	5.18	10.35	5.89	7.85	0.5996782392316489	
1158.0	98.0	15.0	15.0	5.56	4.3	6.34	6.73	5.27	9.45	5.88	6.17	7.87	10.47	5.1	9.0	7.23	6.19	3.78	4.73	9.16	10.48	4.72	
1159.0	57.0	14.0	14.0	10.41	6.54	5.1	3.82	3.88	8.25	8.88	6.87	5.54	9.33	9.7	7.6	4.31	7.73	9.05	6.57	6.66	9.1	5.06	
1160.0	96.0	15.0	15.0	6.92	8.05	9.84	9.16	10.18	4.49	7.02	5.42	7.02	4.27	10.12	8.19	6.7	8.27	8.31	7.08	8.75	4.16	8.68	
1161.0	97.0	9.0	9.0	4.4	6.55	3.77	8.01	7.3	3.64	10.19	6.6	8.13	8.42	8.19	6.02	6.01	6.96	9.12	8.82	9.47	9.67	9.09	
1162.0	52.0	4.0	4.0	7.68	9.12	7.54	7.0	4.48	5.49	6.6	5.58	5.55	10.06	7.71	4.81	6.17	6.46	4.03	3.58	10.19	5.11	6.38	
1163.0	76.0	6.0	6.0	4.3	6.3	7.49	7.53	3.66	7.86	8.19	8.12	6.31	8.41	5.89	9.2	4.74	6.98	5.93	4.57	4.13	5.22	6.75	
1164.0	82.0	6.0	6.0	7.71	5.0	4.36	5.61	6.6	7.4	5.69	8.34	8.71	9.48	4.74	6.64	6.72	7.55	3.59	3.57	5.31	8.81	4.96	
1165.0	62.0	7.0	7.0	5.61	7.94	4.26	4.97	4.56	8.04	4.99	3.91	9.55	6.82	5.66	6.09	7.94	8.03	3.89	3.59	9.59	3.92	9.8	
1166.0	67.0	3.0	3.0	7.52	4.22	6.97	9.8	4.29	9.96	7.49	7.91	5.71	4.71	10.41	4.58	8.94	6.06	6.07	4.67	10.27	5.69	7.76	
1167.0	68.0	5.0	5.0	8.43	5.37	6.74	5.52	8.32	10.08	5.69	8.31	6.66	10.2	5.49	7.31	4.4	7.22	5.02	3.54	7.09	8.81	3.6	
1168.0	72.0	11.0	11.0	7.9	4.47	6.72	6.61	10.09	8.34	6.17	4.8	8.85	4.37	5.96	8.26	7.65	4.54	7.09	4.22	9.78	7.45	7.58	
1169.0	94.0	13.0	13.0	9.01	8.15	3.79	8.92	5.81	7.14	4.63	9.78	7.04	3.74	7.52	8.87	9.29	3.8	9.83	8.27	4.39	4.17	6.94	
1170.0	28.0	8.0	8.0	4.3	7.09	3.57	3.61	8.8	4.0	8.3	10.21	5.17	9.37	8.23	7.21	3.67	9.46	5.59	8.8	4.24	6.94	9.07	
1171.0	60.0	3.0	3.0	6.88	4.57	5.32	8.58	6.5	5.49	5.12	8.13	8.21	7.82	4.12	8.3	9.49	9.09	8.58	8.7	6.18	9.32	3.96	
1172.0	65.0	11.0	11.0	7.74	6.19	5.13	3.91	4.4	10.15	9.82	9.56	10.13	8.8	4.74	8.44	3.66	4.73	7.37	7.85	7.79	9.0	9.06	
1173.0	41.0	15.0	15.0	5.49	10.29	6.3	10.3	5.21	9.67	4.28	9.69	8.48	10.27	6.33	5.95	9.72	7.83	4.87	4.5	5.51	5.37	6.42	
1174.0	84.0	12.0	12.0	4.65	8.4	8.01	4.19	7.82	6.56	4.04	7.29	6.87	9.32	8.22	7.11	9.43	4.59	8.33	5.73	8.89	5.1	9.85	
1175.0	73.0	13.0	13.0	9.13	4.23	7.82	5.43	8.43	5.93	3.68	5.48	9.14	8.19	6.11	8.49	6.0	10.06	4.52	6.98	8.03	4.56	9.54	
1176.0	75.0	8.0	8.0	7.25	4.65	8.16	7.77	9.0	7.01	3.84	5.87	4.2	9.14	4.84	9.99	3.58	6.27	10.18	7.79	5.4	8.02	5.19	
1177.0	80.0	3.0	3.0	5.51	6.74	7.47	4.61	3.82	6.9	7.77	4.74	5.53	4.61	5.94	8.17	7.81	4.33	6.13	6.44	6.15	9.02	7.16	
1178.0	90.0	4.0	4.0	4.82	9.23	6.12	3.52	4.98	8.36	10.16	6.39	7.76	5.95	6.14	5.36	8.93	9.31	8.65	9.15	8.44	8.74	5.26	
1179.0	66.0	12.0	12.0	9.48	7.32	9.25	6.76	8.09	6.53	8.6	10.3	6.03	6.76	6.63	7.95	7.68	9.53	7.47	9.12	9.94	9.5	2.8277614981743793	
1180.0	67.0	3.0	3.0	6.89	7.67	9.49	9.7	8.18	9.86	10.44	9.27	8.68	7.86	6.23	8.77	4.29	3.99	6.49	4.78	8.09	9.5	9.751395405518325	
1181.0	70.0	11.0	11.0	5.75	9.22	7.96	5.86	7.52	8.8	7.97	6.74	8.83	6.48	8.09	9.97	9.84	9.45	10.2	9.82	5.14	9.39	8.115790174557354	
1182.0	63.0	15.0	15.0	9.36	9.88	8.69	8.67	5.82	7.92	7.28	10.2	6.66	9.15	4.18	5.2	6.23	3.5	5.99	3.8	5.6	8.47	6.56	
1183.0	77.0	8.0	8.0	3.72	8.23	9.39	8.68	5.55	3.7	8.36	10.24	5.22	6.74	7.11	8.05	7.13	5.2	8.44	9.99	4.89	7.58	8.47	
1184.0	79.0	7.0	7.0	4.98	8.32	4.83	5.79	4.96	5.08	9.56	4.39	10.47	3.54	4.93	3.52	9.56	6.04	4.28	4.12	9.58	4.9	3.65	
1185.0	86.0	15.0	15.0	8.51	6.42	7.88	8.28	9.89	4.22	6.56	5.51	8.38	7.9	6.28	4.31	7.07	7.64	4.85	8.86	5.15	6.97	9.69	
1186.0	100.0	14.0	14.0	7.2	5.19	9.74	3.8	7.26	5.7	10.0	10.07	9.2	6.98	4.71	6.52	4.34	9.13	7.06	10.38	7.09	7.07	8.72	
1187.0	87.0	5.0	5.0	8.88	8.55	9.5	4.9	8.95	3.66	8.18	9.89	3.97	10.05	6.03	5.62	6.04	6.63	8.74	9.0	4.41	3.61	8.24	
1188.0	99.0	12.0	12.0	5.42	7.15	10.2	10.09	8.7	8.93	4.16	6.16	7.66	5.19	4.17	4.53	3.53	8.04	3.8	8.38	4.74	6.88	8.14	
1189.0	74.0	1.0	1.0	4.76	7.51	4.24	3.56	8.2	5.96	4.78	7.22	6.56	5.09	7.85	10.11	5.68	5.35	7.37	8.13	5.65	5.75	8.47	
1190.0	79.0	7.0	7.0	8.74	6.41	5.59	7.85	6.93	9.48	6.02	3.71	6.34	8.35	8.86	6.77	9.89	9.28	9.67	4.7	10.2	7.02	5.5	
1191.0	80.0	3.0	3.0	7.33	6.45	4.98	8.4	7.61	5.71	6.62	6.79	9.48	5.58	9.3	6.13	4.28	8.42	8.94	9.22	4.93	8.69	8.58	
1192.0	90.0	4.0	4.0	4.23	7.61	4.51	7.2	8.41	7.48	9.1	7.18	9.61	8.61	10.17	9.02	4.9	7.32	6.32	9.07	8.09	9.1	10.39	
1193.0	67.0	3.0	3.0	5.4	3.52	3.63	7.56	8.67	4.11	7.38	4.03	8.97	7.36	4.56	6.94	4.54	7.45	7.24	5.75	6.62	5.67	9.78	
1194.0	71.0	11.0	11.0	4.67	4.81	6.67	8.97	10.19	6.12	5.27	9.25	6.46	8.03	5.68	8.25	6.23	5.87	3.73	7.37	7.2	4.12	8.5	
1195.0	74.0	1.0	1.0	4.54	9.07	8.56	6.98	9.4	10.34	3.9	9.76	6.74	10.25	5.44	7.33	7.11	9.8	6.96	7.43	6.42	9.05	3.5415421641344675	
1196.0	76.0	6.0	6.0	5.21	8.01	10.22	4.4	7.21	4.88	5.86	9.43	7.41	5.11	5.72	5.3	9.83	10.16	6.8	3.89	7.89	7.08	5.63	
1197.0	90.0	4.0	4.0	7.84	7.03	6.69	3.53	8.78	9.47	5.46	9.5	7.82	6.63	9.88	8.25	8.07	9.24	4.29	4.1	7.86	6.43	4.65	
1198.0	98.0	15.0	15.0	5.94	9.65	5.49	7.49	7.83	5.48	5.81	8.54	5.77	8.77	10.02	3.88	9.16	3.86	8.98	8.88	7.26	7.3	8.03	
1199.0	99.0	12.0	12.0	7.63	6.2	9.85	4.38	3.83	5.6	7.01	7.37	7.44	6.89	6.48	8.1	7.39	4.21	4.0	7.62	9.49	8.43	9.78	
1200.0	67.0	3.0	3.0	6.31	7.66	10.09	6.87	5.8	6.02	8.47	9.51	7.4	5.49	6.75	10.41	4.84	4.78	4.47	8.62	8.26	5.14	9.12	
1201.0	72.0	11.0	11.0	5.39	6.24	3.8	9.29	6.72	4.65	4.13	6.43	10.47	4.14	6.92	6.68	9.57	3.54	6.23	3.7	6.58	9.16	8.22	
1202.0	74.0	1.0	1.0	4.78	8.67	4.28	8.92	8.17	5.81	8.23	3.8	7.07	8.49	7.86	8.06	3.99	7.73	7.01	4.25	8.01	9.19	5.66	
1203.0	88.0	4.0	4.0	7.77	6.24	7.94	8.15	7.52	7.75	4.91	8.69	3.8	8.76	10.04	5.31	3.76	9.04	5.87	8.77	5.14	7.01	6.92	
1204.0	61.0	12.0	12.0	6.73	4.29	6.43	7.23	5.97	3.71	8.12	8.02	5.66	8.93	9.26	6.08	8.69	4.26	9.35	3.62	10.48	5.21	4.9	
1205.0	26.0	1.0	1.0	7.22	6.5	9.94	9.4	10.22	7.83	4.96	10.46	7.22	8.56	6.43	10.36	6.41	7.74	7.73	4.33	9.94	9.22	0.3914579298413794	
1206.0	91.0	9.0	9.0	8.34	8.19	8.46	4.29	3.9	8.68	5.2	10.2	5.25	3.76	9.68	8.29	6.36	4.0	6.94	3.75	9.23	4.41	6.47	
1207.0	89.0	14.0	14.0	3.92	8.65	7.2	3.92	8.0	5.7	9.74	6.97	9.92	8.26	5.16	4.4	8.04	5.74	9.13	4.83	5.55	7.56	8.57	
1208.0	73.0	13.0	13.0	4.88	4.19	9.72	3.92	7.68	7.27	3.57	5.65	9.73	7.45	10.2	9.01	6.89	5.28	4.21	5.8	10.27	7.15	8.74	
1209.0	75.0	8.0	8.0	4.39	6.65	5.16	9.42	10.25	5.19	4.09	5.54	4.38	5.79	5.27	4.99	7.4	3.69	6.4	5.02	7.69	9.65	5.48	
1210.0	94.0	13.0	13.0	10.11	3.81	8.82	4.81	7.65	9.43	4.09	6.37	3.53	6.45	6.05	6.9	6.42	5.51	6.12	10.13	7.39	6.54	9.95	
1211.0	42.0	4.0	4.0	4.27	5.53	9.07	5.31	6.94	3.66	3.53	5.23	5.8	9.34	5.83	6.42	5.1	10.09	5.36	6.71	10.38	4.72	6.68	
1212.0	92.0	10.0	10.0	9.48	8.13	4.25	6.06	10.07	7.41	7.66	10.02	4.19	4.17	8.46	6.01	7.46	4.22	9.75	8.99	8.66	4.03	6.16	
1213.0	96.0	15.0	15.0	3.55	9.92	5.36	3.68	10.4	5.01	9.14	4.32	9.91	5.41	9.92	4.07	3.88	4.61	7.99	9.02	6.45	9.79	6.11	
1214.0	50.0	9.0	9.0	4.62	8.0	8.63	5.2	3.86	8.61	7.07	9.28	6.21	7.05	3.84	8.11	9.97	3.76	5.67	4.91	5.8	7.92	6.02	
1215.0	52.0	4.0	4.0	4.87	9.71	6.61	7.95	4.21	7.19	6.84	7.87	6.34	10.2	4.72	6.76	7.36	8.89	7.33	9.92	8.64	8.46	8.47	
1216.0	97.0	9.0	9.0	8.33	5.69	6.79	4.67	7.6	6.49	9.03	5.21	8.27	7.51	10.46	8.34	4.49	6.39	3.95	9.27	5.42	9.91	6.23	
1217.0	79.0	7.0	7.0	4.74	8.5	9.51	8.47	3.54	7.81	5.65	7.68	5.21	10.07	7.32	3.87	5.04	4.68	7.82	4.45	8.64	6.08	7.33	
1218.0	93.0	4.0	4.0	9.0	7.4	6.1	3.83	8.57	9.4	10.35	7.49	5.52	7.55	7.34	7.66	7.76	6.78	4.85	10.11	4.42	3.91	7.2	
1219.0	58.0	11.0	11.0	4.78	5.83	4.62	4.39	7.98	7.92	8.3	8.75	3.53	4.88	7.62	9.34	8.13	8.01	8.11	8.75	3.79	3.51	7.67	
1220.0	8.0	15.0	15.0	4.97	6.17	4.43	7.5	8.28	9.11	10.06	5.52	6.17	9.5	9.74	4.91	4.04	8.85	8.98	8.85	6.99	6.17	6.07	
1221.0	95.0	8.0	8.0	5.26	5.17	8.94	10.27	9.69	7.33	4.55	7.75	10.29	6.92	5.78	5.1	8.49	5.67	10.49	9.04	4.29	7.47	9.82	
1222.0	74.0	1.0	1.0	3.58	10.12	8.28	6.6	3.83	5.2	3.93	5.93	6.47	3.73	5.87	6.3	4.67	7.82	7.05	7.4	4.49	4.06	9.25	
1223.0	78.0	8.0	8.0	10.27	4.26	4.75	7.76	5.77	4.37	8.33	3.73	6.18	4.93	6.46	8.67	6.49	10.27	8.01	9.61	7.81	6.89	8.85	
1224.0	85.0	3.0	3.0	7.73	6.82	3.74	8.76	8.1	10.03	4.11	6.65	4.27	7.07	6.02	7.03	10.46	6.47	8.17	7.15	9.82	8.14	6.7	
1225.0	83.0	5.0	5.0	4.9	6.84	6.02	10.16	8.58	4.66	7.62	7.97	5.18	6.19	8.67	7.03	9.06	10.13	6.85	7.84	7.82	5.47	6.49	
1226.0	65.0	11.0	11.0	6.12	6.85	5.93	9.9	9.51	8.35	7.24	3.77	5.11	9.34	7.6	4.06	5.03	5.41	7.82	5.07	7.72	8.6	5.93	
1227.0	68.0	5.0	5.0	6.45	9.85	8.88	7.7	4.51	6.0	5.77	8.93	5.34	6.61	3.52	8.35	4.54	9.2	8.46	6.7	8.12	7.16	4.59	
1228.0	71.0	11.0	11.0	8.9	5.9	6.15	6.59	5.53	6.45	8.58	4.18	8.88	9.08	4.2	9.33	6.42	8.93	4.0	7.61	6.09	9.72	4.07	
1229.0	75.0	8.0	8.0	6.5	7.44	6.63	9.7	9.27	10.04	4.68	9.88	9.32	4.36	8.04	7.39	5.02	9.52	7.13	8.89	5.26	10.02	3.1414294321878	
1230.0	86.0	15.0	15.0	4.53	9.04	8.07	10.4	3.65	8.3	4.97	3.63	3.7	8.48	10.23	5.36	10.02	3.79	5.27	5.13	10.34	7.3	10.18	
1231.0	80.0	3.0	3.0	7.89	5.58	3.97	7.58	9.45	5.33	4.66	6.42	9.16	5.52	8.71	7.23	7.81	10.46	5.42	5.13	5.4	8.16	5.57	
1232.0	43.0	13.0	13.0	5.23	3.91	9.08	4.22	8.14	6.74	8.01	8.81	5.22	7.48	7.96	4.16	6.25	6.66	3.51	4.08	8.14	6.53	9.91	
1233.0	88.0	4.0	4.0	4.28	8.03	5.57	8.89	5.36	8.41	7.25	7.75	3.74	8.94	8.76	8.52	9.99	5.34	5.68	7.99	9.46	5.11	8.66	
1234.0	71.0	11.0	11.0	8.27	7.63	8.01	5.71	4.75	9.96	8.86	4.13	10.02	9.23	7.52	5.36	9.97	9.73	4.6	6.1	8.42	5.02	8.13	
1235.0	74.0	1.0	1.0	4.46	7.09	3.63	9.15	6.4	5.44	4.28	8.11	7.31	6.35	3.8	7.93	6.49	8.94	6.46	5.51	5.15	10.13	4.51	
1236.0	77.0	8.0	8.0	4.17	7.56	4.64	4.93	8.23	6.05	7.79	7.71	9.42	8.1	3.79	4.56	3.84	10.19	6.62	8.2	4.78	7.76	10.42	
1237.0	84.0	12.0	12.0	5.67	7.45	4.48	4.88	5.24	8.33	8.35	4.17	3.97	4.63	9.61	8.06	8.84	3.65	5.03	4.36	4.74	4.23	8.39	
1238.0	61.0	12.0	12.0	7.02	8.13	7.56	9.17	8.7	7.51	4.98	5.95	5.01	5.04	8.49	8.6	4.99	8.18	10.42	4.21	4.51	9.58	5.92	
1239.0	64.0	4.0	4.0	6.83	8.69	3.64	6.96	3.51	5.16	4.87	5.67	5.6	7.58	7.09	3.92	9.76	3.55	6.09	3.67	9.17	6.73	6.43	
1240.0	92.0	10.0	10.0	4.22	10.34	7.75	5.41	5.4	6.59	4.82	5.47	7.49	7.15	7.02	9.96	6.82	6.6	6.91	6.09	5.03	8.99	7.64	
1241.0	93.0	4.0	4.0	6.02	7.93	5.68	3.86	3.86	5.77	8.93	5.82	6.52	7.25	10.36	8.18	4.47	7.8	7.38	6.45	8.47	10.0	3.61	
1242.0	83.0	5.0	5.0	5.21	5.95	7.89	4.73	4.2	10.41	8.32	3.8	7.84	7.8	8.55	7.27	9.99	9.1	6.84	10.49	4.3	8.65	4.96	
1243.0	98.0	15.0	15.0	5.38	7.44	9.75	8.11	7.17	5.32	6.17	10.04	7.64	7.05	10.43	6.95	5.07	9.99	8.62	4.84	4.7	9.91	6.29	
1244.0	90.0	4.0	4.0	4.79	5.14	6.03	5.03	6.28	10.24	6.4	3.54	5.64	5.49	7.9	7.95	8.17	5.59	3.86	7.06	8.2	10.38	7.71	
1245.0	62.0	7.0	7.0	7.39	7.1	8.0	8.45	5.72	4.82	6.1	10.27	9.97	3.51	8.15	3.69	8.76	3.73	8.43	7.89	6.83	6.87	7.71	
1246.0	95.0	8.0	8.0	7.79	9.71	9.72	4.35	5.45	8.62	3.73	4.4	5.79	9.21	3.85	7.2	4.61	4.75	9.21	3.87	9.31	4.28	10.34	
1247.0	87.0	5.0	5.0	6.99	4.71	9.13	10.08	6.03	6.08	7.69	8.09	7.14	7.53	3.7	8.26	8.36	4.72	6.74	5.18	5.86	3.58	7.29	
1248.0	71.0	11.0	11.0	10.34	5.04	7.02	4.24	6.52	5.8	9.06	8.79	8.49	6.28	4.79	9.4	10.12	10.3	4.38	7.52	6.4	10.0	3.96	
1249.0	75.0	8.0	8.0	4.27	7.86	4.05	4.58	6.74	4.36	6.01	9.33	5.09	8.15	5.34	5.93	4.06	7.16	6.2	6.49	3.83	5.14	10.29	
1250.0	90.0	4.0	4.0	6.94	4.14	5.02	7.65	3.64	3.72	4.7	4.57	10.14	9.22	10.0	6.75	6.65	7.06	6.39	9.24	8.42	5.13	4.12	
1251.0	87.0	5.0	5.0	7.97	3.5	9.06	5.37	8.12	9.23	4.39	7.14	9.14	5.23	3.87	4.11	4.81	6.14	9.89	8.7	10.23	5.38	4.47	
1252.0	99.0	12.0	12.0	9.67	8.72	5.98	6.85	4.87	10.45	8.49	4.77	8.85	5.9	8.03	4.69	6.9	9.11	6.58	7.42	4.45	3.83	6.75	
1253.0	68.0	5.0	5.0	3.67	5.76	4.02	10.39	6.18	5.32	9.62	4.99	10.21	8.67	7.86	4.79	4.92	7.31	7.01	7.74	8.0	8.93	5.54	
1254.0	70.0	11.0	11.0	8.82	6.3	9.05	3.74	8.37	9.45	9.01	7.75	5.22	9.91	4.22	9.3	10.22	5.79	3.91	6.21	8.73	9.09	9.77	
1255.0	98.0	15.0	15.0	6.67	5.41	9.36	9.34	9.48	7.84	6.95	8.69	3.55	10.24	8.31	6.86	6.2	6.65	4.85	5.65	9.79	7.76	6.01	
1256.0	84.0	12.0	12.0	9.84	6.34	4.76	9.17	3.71	10.29	6.96	5.66	9.05	5.55	9.14	3.7	3.7	6.83	5.24	9.23	6.82	5.43	6.44	
1257.0	79.0	7.0	7.0	4.5	6.53	7.42	5.03	10.23	5.75	4.44	4.06	4.8	6.23	10.18	6.85	7.51	7.12	5.95	8.26	4.89	7.67	6.74	
1258.0	59.0	9.0	9.0	10.13	4.69	9.23	6.54	6.39	4.8	4.23	7.17	5.01	8.61	9.34	10.45	5.88	8.17	5.03	3.9	7.46	6.85	8.25	
1259.0	85.0	3.0	3.0	8.39	4.73	5.56	7.11	8.72	10.47	4.24	7.34	4.46	8.64	8.21	9.28	9.23	6.79	8.82	4.99	7.34	4.81	7.67	
1260.0	67.0	3.0	3.0	9.73	8.99	7.8	4.81	7.54	10.27	8.6	6.82	8.49	7.2	3.63	4.16	3.92	5.2	4.51	4.25	6.89	6.71	8.73	
1261.0	70.0	11.0	11.0	6.76	3.85	5.37	9.6	7.3	5.81	8.12	4.52	6.35	6.25	9.53	8.44	9.03	4.38	9.12	4.39	8.69	9.13	6.53	
1262.0	40.0	11.0	11.0	10.36	9.34	9.48	8.73	9.61	8.14	5.18	9.58	9.92	6.55	5.65	9.53	9.52	10.28	3.51	9.52	7.44	1.4585488217935807	5.289241706217142	
1263.0	78.0	8.0	8.0	7.19	9.58	5.78	9.79	5.26	6.98	7.34	3.94	7.39	7.56	3.64	5.18	4.17	7.28	7.53	5.24	9.95	6.1	7.17	
1264.0	80.0	3.0	3.0	4.4	4.93	9.13	7.63	5.1	6.25	5.19	9.66	10.1	4.48	6.19	10.21	4.41	4.66	10.19	5.84	6.64	8.48	8.38	
1265.0	64.0	4.0	4.0	7.54	4.21	5.21	8.68	7.9	6.24	7.5	4.31	8.73	9.62	9.58	8.45	4.98	4.13	4.99	4.66	6.0	10.06	3.98	
1266.0	85.0	3.0	3.0	4.39	6.76	5.98	4.93	6.13	6.0	10.45	9.53	7.13	4.37	8.85	9.57	9.99	8.47	6.2	9.67	8.72	8.71	7.62	
1267.0	69.0	12.0	12.0	8.16	4.02	6.21	10.3	9.17	5.55	7.53	6.19	7.08	9.92	9.85	9.99	7.81	5.66	5.32	7.15	7.78	5.09	6.03	
1268.0	39.0	14.0	14.0	5.59	6.65	5.51	8.49	5.12	7.5	4.73	10.17	10.44	4.16	4.92	3.65	6.49	5.89	7.38	4.96	4.51	8.01	5.89	
1269.0	96.0	15.0	15.0	5.06	8.41	7.97	6.82	6.65	3.92	5.1	3.72	3.63	5.12	5.23	7.81	7.32	5.87	7.25	3.64	4.07	7.98	10.02	
1270.0	78.0	8.0	8.0	7.56	4.46	3.53	5.14	10.39	8.05	7.39	6.18	8.84	8.21	4.98	8.88	5.61	5.52	3.73	9.03	8.78	10.26	9.31	
1271.0	84.0	12.0	12.0	10.36	6.14	4.83	6.36	6.72	9.21	6.61	7.99	9.13	9.67	3.72	4.48	9.93	4.36	9.45	6.66	6.14	4.34	8.72	
1272.0	94.0	13.0	13.0	6.12	5.17	5.17	7.39	6.9	9.24	6.19	7.11	6.47	8.05	10.21	7.74	3.84	10.2	5.81	7.57	4.7	7.68	6.65	
1273.0	66.0	12.0	12.0	7.81	9.61	7.5	5.93	5.13	3.67	5.76	8.64	4.82	7.26	9.35	3.61	4.38	7.57	4.85	9.0	9.72	7.01	9.84	
1274.0	97.0	9.0	9.0	3.58	8.28	4.13	10.08	8.49	4.59	6.94	4.19	7.87	10.43	6.62	8.62	4.05	4.59	7.63	5.21	8.75	6.36	4.52	
1275.0	47.0	15.0	15.0	7.97	4.26	5.31	8.82	3.8	7.87	6.94	8.07	5.47	8.33	4.33	6.77	9.83	10.26	8.32	4.8	4.36	8.34	4.99	
1276.0	59.0	9.0	9.0	4.49	8.18	4.05	9.47	5.92	6.8	7.09	9.93	9.4	10.39	7.86	10.23	6.01	8.62	8.45	5.67	7.89	3.84	3.58	
1277.0	51.0	2.0	2.0	8.91	4.59	3.97	3.79	5.2	8.65	8.49	3.61	5.9	6.63	5.65	5.47	9.76	3.5	8.12	8.06	8.93	8.53	7.9	
1278.0	76.0	6.0	6.0	6.06	6.04	4.47	10.04	8.96	7.66	8.93	5.85	6.77	3.59	8.33	9.92	7.7	4.91	10.19	8.18	7.38	5.88	9.51	
1279.0	91.0	9.0	9.0	9.73	6.75	9.57	5.13	4.51	10.33	5.7	5.23	6.62	6.38	7.02	4.56	9.32	3.62	5.26	7.82	4.28	3.62	4.36	
1280.0	35.0	10.0	10.0	10.07	5.41	7.27	5.96	9.33	4.81	6.91	10.03	8.85	8.73	8.72	8.82	9.81	3.55	5.23	8.13	9.45	9.26	6.528313499589317	
1281.0	70.0	11.0	11.0	9.21	4.06	6.42	3.54	6.32	8.0	3.81	4.64	10.0	7.43	7.74	7.97	3.52	6.96	9.4	9.73	9.9	4.78	3.84	
1282.0	74.0	1.0	1.0	7.82	3.86	7.37	9.1	6.44	4.02	6.12	7.57	4.41	5.56	10.08	9.22	6.56	5.75	8.3	5.08	10.4	4.77	6.74	
1283.0	77.0	8.0	8.0	9.57	5.75	6.64	7.42	8.05	6.53	10.35	4.19	9.34	5.0	5.74	4.8	5.9	7.93	6.14	7.05	3.55	7.36	6.14	
1284.0	81.0	3.0	3.0	9.85	4.95	9.01	7.64	5.57	9.63	9.99	8.78	6.56	4.55	7.63	4.18	7.41	8.08	5.28	6.25	4.51	10.04	7.23	
1285.0	23.0	7.0	7.0	4.67	7.46	6.6	5.4	4.1	6.01	5.77	9.36	3.72	7.75	5.75	4.21	10.05	6.54	10.29	8.89	9.62	7.03	8.72	
1286.0	65.0	11.0	11.0	9.05	9.16	8.8	9.84	7.52	9.81	6.89	8.28	4.96	8.25	8.28	4.36	5.88	5.17	10.02	10.13	5.09	6.9	0.874611054373366	
1287.0	82.0	6.0	6.0	4.61	8.81	9.13	7.12	4.92	3.89	4.03	6.23	3.79	9.59	9.22	8.22	5.84	10.3	9.52	9.71	3.65	6.53	8.58	
1288.0	99.0	12.0	12.0	3.96	9.02	10.41	6.71	3.77	4.47	6.71	5.03	9.38	8.7	5.83	5.06	6.32	9.94	8.04	9.38	7.18	8.41	9.9	
1289.0	88.0	4.0	4.0	3.7	6.6	4.62	10.14	7.46	9.17	8.52	4.32	3.85	5.55	4.6	8.68	5.43	5.52	7.78	4.64	5.82	5.36	5.01	
1290.0	85.0	3.0	3.0	10.43	5.04	6.26	4.65	7.22	8.1	5.89	4.83	5.9	8.0	8.51	6.08	5.46	4.68	6.12	6.29	5.76	9.45	8.17	
1291.0	80.0	3.0	3.0	5.88	6.3	4.35	7.85	8.96	10.27	6.44	4.72	8.7	9.58	5.53	4.31	8.58	7.17	6.38	3.8	5.67	4.12	9.51	
1292.0	91.0	9.0	9.0	9.71	9.71	5.56	9.61	10.03	6.56	6.93	6.9	9.1	5.64	6.82	10.4	5.09	9.42	6.83	6.21	6.17	3.51	9.07	
1293.0	89.0	14.0	14.0	10.39	8.86	6.29	4.19	7.25	4.4	6.51	9.14	3.57	8.82	6.46	9.89	9.3	7.47	8.1	10.34	3.68	5.8	5.42	
1294.0	71.0	11.0	11.0	6.62	7.19	6.01	9.57	9.68	5.17	7.7	6.31	7.39	6.2	10.42	9.78	10.13	9.3	10.25	5.23	3.8	3.96	5.29	
1295.0	81.0	3.0	3.0	4.82	8.54	7.45	4.96	7.67	10.02	9.22	7.11	6.58	10.16	7.32	9.79	9.58	5.91	5.56	6.71	9.29	7.08	8.67	
1296.0	54.0	10.0	10.0	3.6	10.26	6.16	6.82	4.62	7.13	9.76	8.43	10.18	6.32	4.1	5.92	9.98	4.3	5.39	4.75	3.89	9.89	9.57	
1297.0	98.0	15.0	15.0	4.55	3.54	7.75	9.7	9.21	5.98	9.42	10.01	4.0	8.02	7.97	9.42	6.96	7.72	8.05	8.82	4.29	10.46	4.21	
1298.0	38.0	5.0	5.0	4.01	6.6	4.82	4.15	8.97	4.02	5.18	4.53	6.2	10.18	6.8	6.42	7.88	4.58	7.9	9.29	8.6	6.56	8.7	
1299.0	81.0	3.0	3.0	5.99	8.78	9.75	7.66	7.5	5.98	4.25	9.63	8.23	8.78	6.44	6.71	3.72	7.85	9.28	10.42	7.42	5.15	5.72	
1300.0	87.0	5.0	5.0	6.64	5.39	5.56	4.78	5.18	5.26	5.23	10.24	10.26	6.88	4.37	10.07	6.69	8.45	8.15	5.71	7.1	10.46	7.23	
1301.0	93.0	4.0	4.0	8.62	6.17	4.14	8.44	4.26	6.5	7.39	9.92	5.47	4.34	7.58	4.67	3.93	4.45	8.59	4.05	7.41	5.9	6.08	
1302.0	95.0	8.0	8.0	10.34	9.86	9.59	4.1	6.43	3.63	3.89	4.74	3.97	5.43	4.55	3.8	7.83	4.25	9.48	3.91	8.81	7.12	5.66	
1303.0	77.0	8.0	8.0	3.63	8.0	5.02	9.62	4.28	5.3	9.14	10.04	8.43	7.12	4.12	7.92	7.59	6.06	4.94	7.8	6.21	6.09	8.41	
1304.0	79.0	7.0	7.0	9.31	7.71	7.57	6.62	5.61	4.51	10.28	10.01	7.21	5.54	4.93	7.47	5.35	9.13	6.74	9.13	6.42	9.27	4.91	
1305.0	89.0	14.0	14.0	5.34	8.43	5.83	10.25	9.41	5.51	4.72	9.88	8.12	6.89	7.15	7.82	9.64	4.35	6.95	6.0	9.81	5.21	7.62	
1306.0	90.0	4.0	4.0	9.03	10.46	4.04	5.78	5.49	8.14	5.94	7.45	7.35	5.46	4.63	6.13	8.32	6.41	8.6	6.83	7.36	8.43	4.58	
1307.0	22.0	6.0	6.0	6.56	7.23	5.74	8.71	3.61	10.42	6.16	7.93	4.06	6.52	8.58	7.2	6.42	5.14	5.8	10.22	5.32	4.82	6.41	
1308.0	72.0	11.0	11.0	9.07	5.9	8.65	9.78	9.74	6.9	10.29	3.96	3.82	4.54	3.59	8.41	8.44	10.45	6.0	3.7	7.93	9.48	4.54	
1309.0	83.0	5.0	5.0	4.91	8.71	10.25	8.1	9.63	5.48	10.4	8.4	5.22	8.27	9.0	4.03	4.7	5.97	6.09	7.25	3.59	8.57	9.72	
1310.0	78.0	8.0	8.0	5.99	6.08	8.66	5.62	8.43	7.9	7.32	6.65	9.09	5.03	6.67	3.81	5.41	4.82	3.55	6.86	4.06	8.07	10.1	
1311.0	80.0	3.0	3.0	6.72	5.15	8.41	6.11	5.24	8.31	10.16	6.95	9.6	7.81	7.85	6.16	8.45	3.89	6.17	6.73	9.41	7.55	5.46	
1312.0	64.0	4.0	4.0	4.27	5.99	8.43	9.33	8.89	4.63	7.53	4.86	4.68	5.53	7.43	8.86	3.53	5.9	6.86	8.13	5.23	7.73	5.9	
1313.0	28.0	8.0	8.0	7.6	9.59	8.58	6.22	9.98	9.23	5.19	4.14	7.52	10.46	6.4	9.64	5.06	8.17	6.02	4.99	8.38	5.08	7.39	
1314.0	87.0	5.0	5.0	4.46	6.36	4.0	6.68	4.29	9.02	7.02	3.96	4.85	9.78	4.65	8.01	4.94	8.12	7.72	3.62	4.38	4.55	4.7	
1315.0	81.0	3.0	3.0	10.44	4.59	6.05	9.89	5.34	7.46	9.96	9.92	6.83	4.98	8.57	7.04	6.74	7.53	5.25	6.32	6.15	8.79	8.6	
1316.0	99.0	12.0	12.0	7.95	3.53	6.92	8.33	7.15	4.54	8.52	9.25	8.51	7.47	3.51	4.85	7.5	9.23	7.99	8.16	7.77	8.67	8.58	
1317.0	46.0	14.0	14.0	4.41	3.98	9.87	9.93	7.85	8.32	6.06	5.56	6.54	7.22	4.6	8.24	8.13	7.07	5.43	5.68	7.41	6.58	10.26	
1318.0	54.0	10.0	10.0	4.52	9.92	6.94	4.58	8.4	8.48	7.99	4.94	8.55	9.38	9.68	7.86	10.08	10.21	8.65	7.84	4.74	7.43	9.078485665913671	
1319.0	64.0	4.0	4.0	4.72	9.24	4.27	6.46	5.15	7.52	7.17	9.98	8.61	5.33	10.3	7.16	9.73	8.76	7.84	7.18	8.8	7.44	5.63	
1320.0	92.0	10.0	10.0	6.4	10.49	9.34	3.78	5.07	10.27	5.61	8.72	6.88	7.85	3.62	7.9	4.82	6.24	6.46	9.72	9.56	6.41	3.7	
1321.0	72.0	11.0	11.0	10.4	8.91	7.66	6.99	5.37	5.59	6.43	7.96	8.66	4.41	3.97	6.41	10.29	8.36	7.68	7.93	4.66	4.66	9.67	
1322.0	95.0	8.0	8.0	5.17	5.78	9.72	10.34	10.04	10.18	7.33	8.0	5.76	9.94	7.01	9.77	5.98	7.75	10.07	4.0	3.81	5.0	7.33	
1323.0	76.0	6.0	6.0	3.64	4.89	8.22	9.99	9.58	3.53	7.64	6.16	7.92	6.53	4.57	6.77	4.21	8.73	8.9	6.78	4.53	9.06	4.6	
1324.0	29.0	2.0	2.0	7.46	7.0	9.49	8.96	4.08	8.34	6.4	6.9	7.21	6.2	9.41	6.79	8.65	4.3	10.4	5.49	10.35	3.75	7.71	
1325.0	95.0	8.0	8.0	8.02	4.15	4.52	9.09	5.38	6.22	6.84	6.09	5.35	4.9	4.27	7.84	5.44	6.4	4.33	4.4	10.32	8.74	10.44	
1326.0	84.0	12.0	12.0	9.53	6.42	8.66	6.58	7.18	6.3	9.57	5.5	9.07	10.25	10.32	6.61	7.36	7.23	5.73	8.07	9.79	5.08	10.477468233319367	
1327.0	17.0	11.0	11.0	8.67	6.55	7.86	8.34	8.74	7.25	10.01	9.05	6.41	5.24	8.21	3.52	5.88	9.05	5.15	4.63	10.2	10.31	10.17	
1328.0	90.0	4.0	4.0	4.43	7.84	5.92	3.77	9.18	4.06	8.5	10.36	6.08	10.23	9.4	7.86	8.23	7.48	8.5	8.71	4.8	4.57	8.82	
1329.0	92.0	10.0	10.0	5.7	4.02	7.58	3.92	5.34	3.61	10.37	4.02	5.1	9.5	7.63	8.7	10.08	3.53	5.88	6.08	7.82	3.73	10.28	
1330.0	10.0	15.0	15.0	6.44	4.88	5.82	3.85	3.87	4.8	10.4	7.65	10.47	9.48	3.96	4.08	5.28	8.01	6.69	7.85	6.56	6.95	6.93	
1331.0	61.0	12.0	12.0	7.71	7.65	9.5	5.92	3.74	4.99	6.99	5.86	7.67	6.83	4.36	10.31	8.21	4.07	8.93	10.24	6.87	7.79	8.64	
1332.0	89.0	14.0	14.0	4.67	5.29	6.58	7.06	6.45	7.52	5.24	7.68	10.19	10.14	8.16	3.95	3.52	4.49	8.94	8.89	8.98	4.31	6.61	
1333.0	44.0	3.0	3.0	6.14	7.46	10.24	9.58	9.62	8.98	8.82	5.1	5.53	7.64	9.23	7.9	5.15	4.28	6.04	4.89	6.89	4.58	6.25	
1334.0	69.0	12.0	12.0	9.41	6.81	4.74	9.92	5.38	8.68	7.18	6.11	3.74	9.21	6.28	7.34	7.64	5.44	8.28	9.43	8.09	7.18	3.99	
1335.0	72.0	11.0	11.0	7.08	9.85	4.35	8.58	4.97	10.31	6.84	9.97	8.5	7.26	5.51	9.01	5.7	8.21	9.89	6.8	5.18	8.46	9.34	
1336.0	83.0	5.0	5.0	10.01	4.41	8.15	7.32	4.9	5.89	3.82	7.32	5.18	5.3	5.56	5.09	9.21	7.58	3.55	5.82	9.97	6.75	8.79	
1337.0	78.0	8.0	8.0	4.21	3.53	6.8	8.18	4.77	6.22	6.93	10.16	7.17	8.96	10.05	9.29	6.39	6.87	4.38	7.05	3.98	9.93	8.79	
1338.0	62.0	7.0	7.0	9.63	8.57	7.26	6.57	5.14	4.65	9.57	5.83	9.27	8.94	5.53	3.55	6.29	4.98	8.34	4.96	3.76	3.84	6.99	
1339.0	64.0	4.0	4.0	4.38	6.49	4.39	6.63	5.03	9.31	4.92	9.33	6.94	4.85	9.45	3.76	6.93	7.96	8.5	9.84	7.44	7.24	6.72	
1340.0	92.0	10.0	10.0	8.54	5.27	5.31	9.82	3.74	9.58	7.98	3.77	4.01	3.94	7.9	8.58	4.02	5.99	5.28	9.9	3.56	8.72	5.22	
1341.0	84.0	12.0	12.0	6.01	4.01	9.59	5.04	8.25	6.39	3.99	5.51	3.82	6.53	6.64	6.44	7.7	8.56	8.05	7.66	4.81	6.71	7.58	
1342.0	98.0	15.0	15.0	6.74	6.15	6.6	4.65	8.18	6.81	8.25	4.58	5.65	7.37	8.39	5.99	8.69	4.81	6.39	5.38	7.01	9.03	10.4	
1343.0	78.0	8.0	8.0	6.33	7.66	8.12	4.44	5.78	10.38	5.56	5.12	4.32	8.38	6.62	6.03	7.71	8.89	9.16	5.47	7.0	9.33	4.45	
1344.0	79.0	7.0	7.0	9.76	4.57	6.07	8.34	8.52	6.77	8.55	3.83	5.93	3.63	6.21	4.25	3.78	6.61	7.49	9.18	5.82	4.99	7.95	
1345.0	60.0	3.0	3.0	9.57	9.11	10.0	10.17	8.03	10.04	4.0	4.56	7.61	9.12	8.37	3.7	5.19	4.51	8.0	5.03	10.22	10.4	3.52	
1346.0	97.0	9.0	9.0	4.27	3.66	9.61	9.0	7.7	5.71	9.12	8.23	4.62	4.25	5.78	4.15	10.02	5.88	6.08	7.45	6.84	8.72	4.03	
1347.0	100.0	14.0	14.0	3.86	6.0	8.98	4.78	6.97	6.02	8.51	5.88	8.64	7.31	10.34	6.35	9.62	3.7	6.36	10.41	6.62	4.05	5.47	
1348.0	72.0	11.0	11.0	4.73	6.31	4.32	5.8	9.21	8.02	5.84	5.25	6.48	7.2	10.14	5.01	5.89	5.68	5.77	8.33	5.54	4.19	10.46	
1349.0	89.0	14.0	14.0	5.92	7.48	5.21	4.7	9.29	5.83	4.58	6.44	7.55	7.91	3.52	9.41	4.24	10.47	9.14	6.81	8.75	7.18	6.03	
1350.0	31.0	8.0	8.0	4.86	7.75	9.85	5.77	5.05	8.8	8.9	4.98	7.64	7.74	5.19	9.87	5.82	6.17	7.38	3.55	10.32	7.13	5.87	
1351.0	93.0	4.0	4.0	4.83	7.38	4.77	7.82	5.24	6.53	8.87	6.67	5.41	3.51	8.06	5.69	6.71	9.22	7.85	6.39	6.34	9.49	9.83	
1352.0	58.0	11.0	11.0	9.92	9.63	6.28	4.18	8.67	4.02	8.16	6.54	6.62	9.68	5.6	4.71	10.3	5.6	7.4	9.63	9.97	10.43	8.76	
1353.0	94.0	13.0	13.0	9.9	7.5	4.08	9.04	8.9	7.04	5.03	8.33	8.79	6.97	6.93	3.89	6.64	3.72	5.77	6.31	3.92	9.08	10.12	
1354.0	32.0	14.0	14.0	9.68	7.68	4.8	9.04	10.19	8.73	6.98	8.84	7.54	4.61	8.26	4.21	7.38	6.09	8.37	5.2	7.01	6.73	5.32	
1355.0	96.0	15.0	15.0	3.79	5.73	5.47	8.89	4.29	9.48	3.71	9.97	8.29	9.8	6.95	9.85	4.35	10.4	4.69	9.2	7.36	10.27	6.64	
1356.0	76.0	6.0	6.0	7.52	10.46	4.76	7.53	5.32	6.84	9.88	9.86	6.41	10.1	6.09	9.37	8.72	5.23	7.9	5.74	4.02	5.65	8.1	
1357.0	79.0	7.0	7.0	9.83	8.97	7.19	5.08	8.97	10.2	8.73	5.96	6.34	6.6	7.43	6.95	4.42	6.11	5.22	7.73	8.13	6.78	9.59	
1358.0	63.0	15.0	15.0	3.64	9.55	8.17	5.71	5.77	9.98	3.88	8.57	4.8	6.32	9.31	3.54	9.27	6.08	6.29	4.02	10.17	7.71	4.36	
1359.0	59.0	9.0	9.0	5.62	4.45	5.57	5.59	4.91	4.78	5.51	9.24	9.04	8.85	6.62	4.48	7.01	8.99	5.4	3.63	6.86	5.96	8.05	
1360.0	91.0	9.0	9.0	4.02	8.22	3.99	8.33	6.54	3.58	8.74	4.44	4.02	9.0	4.37	9.54	5.92	10.08	10.41	10.08	4.53	5.41	9.44	
1361.0	58.0	11.0	11.0	8.19	6.9	6.56	9.51	7.24	7.83	7.24	8.55	4.48	8.88	8.84	6.89	5.52	6.24	4.16	9.31	9.55	9.69	5.18	
1362.0	74.0	1.0	1.0	6.0	5.19	5.61	7.53	4.52	8.61	7.29	4.49	6.28	7.2	3.69	4.01	7.49	6.13	4.17	10.16	5.13	3.86	5.3	
1363.0	45.0	5.0	5.0	9.72	5.04	8.98	6.89	5.57	6.73	8.74	9.94	8.16	9.27	4.72	8.68	7.14	6.68	8.69	5.03	3.91	6.83	4.08	
1364.0	47.0	15.0	15.0	7.25	8.72	9.65	10.49	8.45	5.66	4.23	8.65	8.34	3.8	9.05	5.8	4.21	9.04	4.0	4.09	5.1	7.17	4.42	
1365.0	82.0	6.0	6.0	4.03	10.3	4.31	5.7	3.83	4.84	4.84	5.12	8.43	8.96	10.43	3.52	6.52	5.38	6.2	8.08	7.02	7.51	3.87	
1366.0	67.0	3.0	3.0	6.54	9.82	5.18	6.1	6.76	8.24	10.15	8.06	8.54	9.59	5.02	6.25	6.97	5.45	8.7	8.22	5.69	7.82	5.31	
1367.0	86.0	15.0	15.0	9.09	5.5	6.57	6.81	7.18	7.0	8.78	6.69	3.83	7.26	6.82	8.54	9.44	3.7	4.45	8.2	5.05	9.79	9.68	
1368.0	72.0	11.0	11.0	8.42	5.11	4.92	9.85	9.21	8.26	6.74	5.36	4.22	6.6	4.18	9.88	8.0	7.45	9.46	9.05	4.15	9.02	5.55	
1369.0	95.0	8.0	8.0	10.23	8.24	4.36	4.18	4.34	5.55	5.69	10.0	8.09	7.37	7.27	8.91	7.63	4.55	5.05	7.44	4.09	10.1	6.86	
1370.0	86.0	15.0	15.0	3.58	6.3	6.5	8.3	7.72	4.91	7.32	7.6	6.03	5.77	8.41	5.51	8.52	8.1	8.63	6.77	5.88	3.82	9.54	
1371.0	90.0	4.0	4.0	9.52	9.63	5.84	8.15	9.72	3.91	9.48	7.36	6.15	6.51	7.19	7.17	4.57	6.1	10.45	5.27	5.54	4.68	8.86	
1372.0	63.0	15.0	15.0	8.74	7.66	3.66	6.34	8.69	7.84	6.48	9.25	6.57	9.39	3.65	4.17	4.6	7.83	8.83	8.06	3.82	6.97	3.97	
1373.0	66.0	12.0	12.0	10.03	7.92	6.48	6.27	8.07	3.54	7.44	6.69	5.93	4.83	5.1	7.42	8.49	6.7	9.15	3.77	10.43	3.53	9.16	
1374.0	69.0	12.0	12.0	8.52	3.88	3.83	9.63	5.94	5.77	9.33	7.73	6.69	7.79	6.23	8.08	9.39	5.25	6.04	10.46	5.1	7.75	9.31	
1375.0	72.0	11.0	11.0	7.36	10.04	6.24	8.43	8.29	7.43	7.36	7.21	6.54	5.02	7.96	7.02	5.03	5.62	5.03	9.49	10.45	10.32	7.3	
1376.0	76.0	6.0	6.0	9.08	8.92	5.25	4.15	6.08	4.43	8.61	9.5	9.63	7.44	4.22	8.48	9.44	8.68	7.75	10.38	8.79	4.45	5.67	
1377.0	97.0	9.0	9.0	4.67	9.41	10.37	3.86	3.94	8.54	5.34	5.72	4.86	9.13	3.65	8.64	8.65	4.42	8.79	10.19	4.84	9.15	3.87	
1378.0	61.0	12.0	12.0	4.22	10.33	6.12	9.27	3.9	8.87	5.92	5.31	9.96	4.09	5.12	5.28	6.62	3.55	4.64	4.5	9.73	5.58	7.08	
1379.0	64.0	4.0	4.0	9.46	6.14	6.58	8.18	10.12	8.94	7.12	4.58	4.35	9.12	10.15	7.11	8.65	4.33	10.46	8.19	9.74	3.58	4.97	
1380.0	67.0	3.0	3.0	4.71	3.86	9.57	8.78	7.93	9.2	7.05	9.49	3.84	3.73	3.83	6.4	10.14	4.45	4.31	7.25	9.86	10.43	4.78	
1381.0	70.0	11.0	11.0	4.86	6.2	8.41	3.53	7.92	5.04	4.93	3.93	4.97	6.46	5.32	9.81	4.97	6.12	6.5	3.93	6.15	9.66	4.43	
1382.0	73.0	13.0	13.0	7.63	8.72	7.34	3.5	9.93	6.02	10.49	9.87	8.59	4.46	6.04	5.05	4.18	3.84	5.83	6.03	9.48	8.9	5.17	
1383.0	76.0	6.0	6.0	10.03	6.94	5.1	9.59	7.17	10.21	5.89	5.63	6.67	5.7	8.2	9.66	9.85	8.51	8.76	9.21	7.26	6.52	7.116053886310137	
1384.0	79.0	7.0	7.0	5.26	6.47	4.35	8.92	8.7	9.61	7.35	7.91	10.09	10.08	10.14	9.54	9.79	3.95	10.45	5.64	10.1	6.278854994180167	4.521027562044208	
1385.0	62.0	7.0	7.0	7.54	5.43	9.1	10.26	4.51	8.18	5.73	5.24	10.32	7.78	10.4	4.38	8.05	6.92	4.97	7.38	5.46	8.36	4.9	
1386.0	65.0	11.0	11.0	3.77	8.74	8.13	8.96	5.94	3.85	4.96	8.18	9.91	3.91	10.17	5.25	7.63	7.43	9.48	7.26	8.09	5.68	4.06	
1387.0	68.0	5.0	5.0	7.47	4.24	5.2	10.04	6.44	9.74	9.44	7.47	7.08	8.31	7.15	10.5	4.79	6.21	8.93	4.68	7.03	4.44	3.88	
1388.0	71.0	11.0	11.0	7.08	9.94	7.39	9.27	8.65	4.31	8.05	8.24	6.23	5.78	4.09	7.93	8.89	6.58	7.74	9.38	7.11	10.43	8.23	
1389.0	74.0	1.0	1.0	6.81	4.29	8.06	8.71	7.02	8.55	10.45	6.28	5.29	7.35	9.76	9.33	7.16	6.05	9.05	4.72	5.27	10.34	6.97	
1390.0	77.0	8.0	8.0	3.73	10.19	8.34	8.26	9.95	5.06	7.26	7.19	7.19	9.77	3.63	7.64	9.03	4.59	8.13	8.58	5.65	6.3	3.78	
1391.0	80.0	3.0	3.0	8.99	4.29	6.17	7.38	7.98	4.97	10.13	10.13	4.96	9.5	6.01	4.36	7.09	5.17	10.01	4.85	5.83	9.32	7.56	
1392.0	95.0	8.0	8.0	4.48	10.08	9.27	8.33	9.48	10.5	8.32	8.47	8.37	6.41	5.92	6.23	8.46	9.23	8.47	5.23	7.12	10.08	6.343281115594326	
1393.0	66.0	12.0	12.0	4.41	10.34	7.2	5.32	4.77	9.91	5.76	8.01	7.51	4.97	4.99	8.63	7.64	4.85	6.01	4.46	8.47	6.25	9.4	
1394.0	69.0	12.0	12.0	9.1	5.55	9.43	7.22	4.14	6.07	8.11	4.95	4.24	4.69	10.35	4.66	7.15	5.02	6.72	7.74	3.89	8.7	5.1	
1395.0	72.0	11.0	11.0	7.04	9.65	4.71	9.94	6.33	7.68	10.24	9.69	7.33	5.67	6.9	8.09	4.18	9.98	6.27	3.54	8.51	4.57	6.53	
1396.0	75.0	8.0	8.0	4.83	6.87	7.76	4.46	6.86	4.6	9.81	6.6	4.26	5.54	9.4	3.95	7.43	9.5	4.98	6.18	4.63	5.72	5.95	
1397.0	78.0	8.0	8.0	9.68	10.0	6.39	6.35	4.13	9.63	8.68	6.34	8.24	4.74	8.65	4.15	7.6	4.9	7.1	3.84	8.57	6.06	5.1	
1398.0	61.0	12.0	12.0	4.32	9.37	8.89	9.08	9.92	5.3	4.64	4.28	8.28	9.84	6.34	8.31	8.35	7.45	7.93	4.85	5.33	5.35	3.52	
1399.0	64.0	4.0	4.0	8.17	6.97	7.4	8.37	9.58	10.42	6.67	4.04	6.7	5.56	3.96	9.91	10.29	7.43	6.9	9.61	7.85	9.25	1.2103559660731982	
1400.0	67.0	3.0	3.0	4.23	7.61	5.34	10.28	8.34	5.96	9.89	9.05	8.45	5.46	8.78	8.23	5.72	4.76	9.81	6.36	8.53	8.91	7.96	
1401.0	70.0	11.0	11.0	3.94	5.68	8.14	8.83	8.34	6.84	6.3	3.59	3.87	4.74	4.17	5.03	9.43	5.97	4.05	8.36	9.07	7.31	10.0	
1402.0	73.0	13.0	13.0	4.09	4.16	7.11	8.8	9.82	7.04	8.55	6.61	3.58	10.18	4.38	10.2	5.38	9.14	4.04	6.43	7.51	7.36	4.87	
1403.0	76.0	6.0	6.0	7.55	7.69	4.3	6.27	9.17	7.06	7.48	3.69	7.44	3.85	7.3	10.18	8.05	8.32	4.8	5.15	4.83	8.65	5.96	
1404.0	80.0	3.0	3.0	4.82	4.86	10.41	6.43	4.18	7.85	10.46	7.12	7.41	3.91	4.32	8.57	9.88	4.08	9.48	4.7	6.25	9.19	8.17	
1405.0	62.0	7.0	7.0	8.52	9.53	6.59	5.02	5.14	9.46	7.19	6.32	3.72	7.16	4.26	7.23	6.85	8.68	5.59	7.02	10.47	5.52	6.13	
1406.0	65.0	11.0	11.0	7.88	8.39	8.07	9.41	9.6	9.6	9.2	8.59	5.16	9.98	6.26	8.65	9.88	7.33	6.52	9.52	6.98	6.386752222487378	5.0719003104622535	
1407.0	68.0	5.0	5.0	3.96	7.25	5.58	5.4	7.1	9.22	5.66	7.41	7.17	6.01	5.25	8.26	7.87	7.86	4.99	5.53	5.2	5.93	7.84	
1408.0	71.0	11.0	11.0	8.05	7.98	4.93	7.41	8.45	9.82	5.05	9.89	8.48	4.54	7.09	5.78	8.4	8.96	7.85	5.55	6.69	5.41	10.48	
1409.0	74.0	1.0	1.0	8.67	3.95	9.47	9.35	6.19	4.43	4.84	6.88	5.96	7.53	4.76	6.15	4.99	6.05	4.54	7.87	8.15	10.05	9.34	
1410.0	77.0	8.0	8.0	10.4	9.4	7.8	7.28	10.12	7.94	9.52	4.08	9.35	7.74	6.63	5.43	6.63	9.12	9.28	8.1	9.42	5.2685028550877195	3.636540027491338	
1411.0	61.0	12.0	12.0	5.8	7.27	6.67	7.46	3.61	7.81	7.58	5.94	5.02	5.81	5.08	9.62	7.66	6.77	10.16	3.75	9.47	5.55	10.1	
1412.0	63.0	15.0	15.0	8.31	10.03	9.94	5.78	8.23	9.76	5.23	7.47	10.34	8.74	6.45	7.24	10.47	5.75	9.85	4.45	6.43	9.19	4.028068084958986	
1413.0	66.0	12.0	12.0	4.61	4.92	9.96	6.83	6.51	5.11	9.78	7.58	6.48	7.06	5.13	6.64	7.65	10.07	8.04	5.79	10.3	10.19	7.23	
1414.0	69.0	12.0	12.0	8.96	5.73	6.33	8.11	9.16	9.73	10.11	8.25	6.64	5.94	6.75	5.61	5.95	4.88	4.95	6.59	6.12	10.33	10.14	
1415.0	72.0	11.0	11.0	4.83	7.97	8.67	9.1	5.92	4.89	5.39	8.66	6.03	4.55	8.42	5.73	3.86	7.42	7.31	4.69	9.0	8.53	4.08	
1416.0	75.0	8.0	8.0	6.96	8.99	8.52	10.05	8.24	5.01	9.94	4.13	5.23	10.37	9.01	10.01	4.66	9.03	7.25	8.07	8.1	9.15	10.01702849770852	
1417.0	83.0	5.0	5.0	8.72	6.73	9.31	6.22	7.03	5.43	9.98	6.37	9.37	4.91	7.71	6.47	4.84	3.87	8.68	8.43	4.77	5.63	9.52	
1418.0	63.0	15.0	15.0	8.03	3.96	6.3	8.91	5.31	9.37	7.44	5.97	9.68	4.73	6.75	8.66	10.12	6.22	5.63	7.91	8.16	4.09	5.37	
1419.0	64.0	4.0	4.0	4.73	5.52	10.2	9.58	4.89	9.9	8.99	5.99	6.39	7.27	6.81	10.46	4.54	6.95	7.12	10.33	5.03	10.43	9.28	
1420.0	68.0	5.0	5.0	5.67	6.52	5.3	4.16	3.51	5.9	7.77	4.29	8.14	7.26	5.78	6.42	5.05	7.9	7.58	6.02	5.96	4.87	3.99	
1421.0	71.0	11.0	11.0	6.98	4.47	7.51	6.71	6.36	9.34	8.55	10.45	9.23	10.36	9.36	7.11	6.44	5.76	7.01	8.44	6.51	10.36	0.5456648031698571	
1422.0	73.0	13.0	13.0	9.53	7.54	6.66	4.88	5.17	8.11	8.26	5.74	5.47	10.4	9.01	9.41	4.59	10.44	8.26	7.11	8.18	4.62	8.81	
1423.0	76.0	6.0	6.0	5.64	3.78	3.98	5.84	5.09	4.2	6.99	4.23	7.41	5.16	5.08	10.08	6.2	7.37	5.63	4.02	6.47	6.88	7.53	
1424.0	77.0	8.0	8.0	6.08	7.39	6.49	4.06	5.95	7.58	8.9	10.34	7.85	4.47	4.98	5.19	3.9	3.89	5.52	5.14	8.48	5.43	6.23	
1425.0	64.0	4.0	4.0	4.71	10.01	3.61	7.04	9.51	5.04	8.36	9.35	7.3	9.87	5.17	9.83	8.22	6.71	4.73	5.36	4.51	3.87	7.59	
1426.0	65.0	11.0	11.0	9.93	6.3	6.18	7.01	6.98	8.1	7.2	8.54	5.31	8.34	6.33	4.02	10.15	9.35	3.98	9.29	7.38	8.14	5.8	
1427.0	68.0	5.0	5.0	7.64	9.6	6.6	4.44	8.81	7.85	3.88	4.12	7.15	6.76	3.82	6.21	6.43	10.44	6.25	7.98	4.76	3.81	6.26	
1428.0	73.0	13.0	13.0	7.58	8.31	9.03	7.82	6.83	5.52	9.86	7.59	7.99	10.04	4.38	8.7	10.28	5.24	5.63	8.34	9.33	10.29	2.6688595034393945	
1429.0	20.0	4.0	4.0	3.71	9.1	5.0	8.85	8.69	7.01	5.43	5.93	5.49	4.72	4.52	6.19	5.06	5.98	10.15	8.09	6.9	9.17	6.82	
1430.0	89.0	14.0	14.0	9.47	9.52	8.08	6.04	9.91	4.9	3.69	7.02	3.63	3.65	9.94	10.04	6.85	8.66	4.21	9.96	4.97	6.71	6.28	
1431.0	88.0	4.0	4.0	3.7	6.24	5.08	5.62	4.44	3.55	7.56	8.8	4.88	7.53	8.4	9.35	6.64	8.99	7.5	8.3	8.63	9.93	6.27	
1432.0	64.0	4.0	4.0	9.77	8.75	10.46	8.2	9.31	4.27	4.17	8.59	7.52	8.0	9.24	6.75	5.86	9.18	9.92	4.11	6.43	9.32	5.4654734775167455	
1433.0	68.0	5.0	5.0	8.73	8.42	10.45	9.71	9.99	8.73	8.95	8.5	9.09	8.34	6.78	10.34	4.65	10.47	6.36	6.17	4.61	6.763933193313016	8.87428928299292	
1434.0	69.0	12.0	12.0	9.8	9.58	3.76	5.32	9.81	4.55	4.28	6.36	9.73	6.14	8.92	8.57	9.09	5.71	9.15	5.74	4.0	10.38	8.67	
1435.0	85.0	3.0	3.0	6.06	6.74	7.84	7.03	6.99	8.12	8.65	7.4	5.81	5.27	4.41	7.34	8.8	4.9	10.23	10.29	3.8	5.42	7.95	
1436.0	75.0	8.0	8.0	4.91	8.77	4.28	5.56	8.22	6.79	5.04	7.4	6.74	3.56	6.51	8.85	9.43	10.28	4.13	9.55	7.03	10.04	7.3	
1437.0	80.0	3.0	3.0	9.88	6.91	4.71	8.59	7.72	5.34	3.72	8.6	3.51	7.68	9.14	7.12	5.88	6.19	4.84	4.47	7.62	9.05	7.03	
1438.0	61.0	12.0	12.0	5.46	9.35	9.05	9.1	5.36	5.56	8.74	9.84	9.55	3.57	9.52	9.68	5.27	8.48	7.23	7.72	7.13	5.12	9.53	
1439.0	66.0	12.0	12.0	5.19	9.91	4.04	8.32	4.29	10.23	9.46	8.21	5.22	8.23	8.26	4.7	8.89	6.98	9.13	8.55	9.29	9.95	6.627844093523906	
1440.0	83.0	5.0	5.0	9.47	5.17	5.7	7.93	9.06	9.35	4.02	6.56	4.1	9.55	8.34	8.48	5.86	9.89	5.91	4.56	4.72	3.73	5.82	
1441.0	70.0	11.0	11.0	3.87	4.11	5.96	9.32	5.9	9.7	3.87	5.05	5.96	5.15	6.82	10.21	4.04	10.04	6.45	3.63	5.66	9.69	8.97	
1442.0	73.0	13.0	13.0	9.36	6.09	5.64	4.11	4.56	7.78	5.91	5.66	9.99	4.1	8.11	6.95	6.03	5.45	6.85	5.76	3.9	9.32	7.88	
1443.0	78.0	8.0	8.0	5.46	9.28	5.36	7.46	9.05	9.88	9.31	10.27	9.97	9.99	4.65	6.5	7.99	5.37	8.8	4.8	6.88	10.25	2.714783116971596	
1444.0	65.0	11.0	11.0	6.01	3.75	8.84	5.78	7.17	7.41	9.2	8.02	7.86	5.93	9.77	6.68	5.09	10.38	10.07	9.96	4.89	7.77	5.08	
1445.0	63.0	15.0	15.0	9.01	3.53	4.63	6.1	8.78	3.87	5.21	6.07	3.7	5.32	5.07	3.68	6.92	4.66	8.58	6.37	3.76	3.73	9.83	
1446.0	67.0	3.0	3.0	7.2	4.86	8.72	8.89	10.5	5.7	3.7	7.59	6.19	8.59	7.95	10.29	4.35	6.04	8.25	8.76	3.85	7.49	6.54	
1447.0	92.0	10.0	10.0	4.96	8.19	4.22	6.57	5.37	10.47	4.41	5.26	7.99	9.12	6.67	5.36	8.93	6.97	7.46	7.32	9.28	9.03	7.72	
1448.0	56.0	13.0	13.0	9.82	8.85	10.49	4.26	8.3	9.16	6.41	8.53	9.96	8.97	4.35	10.26	7.4	8.36	7.51	8.51	3.98	7.32	2.788690889138838	
1449.0	94.0	13.0	13.0	6.97	5.77	3.54	3.8	4.99	7.32	7.98	7.2	8.69	7.68	6.94	7.79	7.17	9.5	6.56	9.74	7.89	9.56	5.54	
1450.0	77.0	8.0	8.0	7.9	8.04	5.04	8.22	6.11	6.83	9.08	3.66	9.63	6.99	7.11	4.3	5.9	4.37	9.3	5.61	8.05	3.91	5.17	
1451.0	61.0	12.0	12.0	5.95	9.19	8.53	9.48	3.94	5.17	7.43	6.53	9.16	6.34	7.98	8.69	5.09	4.48	5.14	10.41	6.04	7.01	3.9	
1452.0	75.0	8.0	8.0	8.23	6.5	10.05	3.71	5.06	10.36	8.51	9.98	8.71	10.47	8.3	6.6	5.29	9.41	6.55	7.96	9.96	10.34	1.2217418713638442	
1453.0	68.0	5.0	5.0	5.19	10.36	5.2	5.98	4.74	3.65	6.92	8.96	3.81	9.45	8.07	9.68	7.49	5.96	4.05	8.76	8.03	5.79	7.38	
1454.0	71.0	11.0	11.0	6.88	10.06	5.44	6.03	4.19	9.79	5.19	5.16	8.05	8.9	7.69	5.28	8.97	6.4	6.37	8.69	8.29	4.21	7.12	
1455.0	74.0	1.0	1.0	8.62	7.89	6.33	9.99	7.6	4.04	3.63	3.72	3.61	5.25	4.65	10.37	9.42	10.27	10.28	6.8	7.26	7.79	7.03	
1456.0	75.0	8.0	8.0	7.85	7.26	4.46	9.24	8.99	9.28	6.98	7.82	10.28	7.65	7.46	4.64	9.88	4.96	4.36	5.56	3.71	9.18	8.53	
1457.0	78.0	8.0	8.0	8.92	8.96	3.6	9.53	10.36	4.35	8.78	10.21	8.96	7.3	8.16	6.64	3.73	5.24	7.08	4.28	7.0	8.43	7.66	
1458.0	61.0	12.0	12.0	4.06	5.07	4.99	6.4	8.98	5.4	7.03	10.41	3.83	9.21	9.53	4.58	9.37	3.76	8.27	4.5	6.9	9.12	4.34	
1459.0	81.0	3.0	3.0	9.85	4.8	9.12	4.56	8.93	10.02	10.01	5.73	4.1	7.4	3.87	5.5	3.9	9.98	10.0	6.02	6.16	7.71	6.7	
1460.0	67.0	3.0	3.0	3.54	8.71	9.56	8.33	5.22	10.16	9.65	6.76	4.15	9.14	4.0	8.27	6.36	9.76	4.45	7.79	7.12	5.8	8.31	
1461.0	37.0	5.0	5.0	7.5	7.61	9.88	4.78	9.15	3.98	4.2	7.77	8.77	4.11	5.85	3.81	4.98	8.43	4.28	6.76	9.85	4.03	7.34	
1462.0	95.0	8.0	8.0	7.97	9.52	5.33	8.64	9.05	8.64	8.48	9.14	10.12	7.77	8.09	4.55	5.09	6.25	8.03	6.34	6.17	5.4	4.34	
1463.0	11.0	4.0	4.0	3.68	4.3	6.35	4.27	4.84	9.44	7.02	5.93	3.53	4.67	7.83	7.01	9.67	10.16	4.64	6.76	7.37	9.33	6.5	
1464.0	45.0	5.0	5.0	7.35	5.57	7.79	10.46	7.39	5.57	8.64	9.86	9.52	8.95	6.0	4.99	4.87	8.76	9.59	10.25	4.53	7.81	6.12	
1465.0	63.0	15.0	15.0	9.61	8.95	5.8	4.04	9.12	8.2	6.12	5.76	9.29	9.45	6.8	7.61	7.33	7.63	6.29	7.35	8.27	8.96	10.39	
1466.0	44.0	3.0	3.0	6.67	7.23	9.14	4.23	8.56	9.92	3.93	9.76	8.46	6.0	9.87	9.5	5.53	8.36	8.27	4.98	7.51	3.92	4.73	
1467.0	97.0	9.0	9.0	10.33	8.05	6.81	4.78	9.03	3.57	6.14	4.5	7.63	6.47	10.27	3.62	8.45	10.49	9.27	8.94	5.16	7.35	6.0	
1468.0	83.0	5.0	5.0	9.66	8.86	5.21	7.5	10.08	6.61	6.47	5.51	7.18	9.11	8.41	3.58	9.05	7.43	9.45	7.6	4.19	6.29	6.59	
1469.0	76.0	6.0	6.0	9.87	8.37	7.4	6.65	10.29	3.51	8.71	7.36	9.86	9.43	6.58	8.26	10.44	4.32	6.57	9.15	6.93	4.72	6.660455497069634	
1470.0	37.0	5.0	5.0	3.51	4.12	4.59	4.65	7.65	6.43	8.92	4.57	5.44	8.79	9.13	10.32	5.97	6.22	7.4	5.57	7.98	6.04	4.21	
1471.0	45.0	5.0	5.0	10.44	8.66	7.39	7.8	4.89	10.5	8.92	6.18	5.01	3.54	10.44	5.38	4.96	9.71	9.12	4.84	3.96	9.49	5.97	
1472.0	63.0	15.0	15.0	10.46	4.18	10.1	9.75	3.81	6.17	4.1	8.23	7.82	5.54	10.28	4.06	4.26	6.23	9.93	9.08	8.02	10.31	7.81	
1473.0	51.0	2.0	2.0	10.44	5.57	7.36	8.27	9.86	4.14	8.84	9.12	8.02	7.67	10.3	5.31	8.7	8.43	7.66	9.47	3.56	7.05	4.8159112496794485	
1474.0	81.0	3.0	3.0	4.23	4.89	7.01	8.96	7.4	5.54	5.56	7.55	8.34	5.18	3.82	7.17	9.33	5.95	9.06	3.9	8.31	8.58	4.31	
1475.0	73.0	13.0	13.0	8.08	6.51	6.35	3.87	6.67	9.07	4.76	5.59	7.93	9.7	9.96	3.7	4.12	3.73	6.12	5.28	6.79	6.34	6.76	
1476.0	97.0	9.0	9.0	6.75	4.68	7.73	8.02	5.23	4.27	4.35	7.49	6.58	4.2	4.19	7.19	5.96	6.48	4.58	10.29	3.61	7.26	8.03	
1477.0	55.0	6.0	6.0	7.27	9.1	4.58	5.93	8.84	4.89	9.15	8.0	9.61	7.0	3.79	6.94	7.4	6.58	9.12	5.48	5.76	8.68	7.36	
1478.0	63.0	15.0	15.0	7.61	8.91	6.35	8.75	5.53	7.09	4.33	10.17	6.58	3.65	6.39	10.03	9.98	6.11	10.15	7.66	10.2	8.97	8.369305279630508	
1479.0	66.0	12.0	12.0	10.08	3.69	9.61	10.31	9.83	4.47	5.02	5.79	9.79	6.08	3.91	8.06	8.72	10.4	9.86	7.55	7.76	8.01	2.4882260036842627	
1480.0	84.0	12.0	12.0	5.23	4.2	4.25	9.82	9.17	9.88	4.15	10.15	7.77	7.92	5.05	5.14	7.39	6.39	8.47	4.9	3.62	4.62	3.74	
1481.0	100.0	14.0	14.0	6.33	8.57	3.68	7.23	8.18	5.33	3.59	8.09	4.4	6.49	3.61	6.63	7.32	9.67	6.29	6.01	4.72	7.63	4.83	
1482.0	74.0	1.0	1.0	5.43	5.5	7.6	6.5	6.69	7.88	5.26	9.92	6.44	5.67	9.23	6.41	4.77	10.15	8.08	9.14	9.84	8.15	9.04	
1483.0	90.0	4.0	4.0	6.24	10.24	4.53	10.21	6.89	7.39	3.57	3.51	5.58	6.43	10.36	7.41	5.2	6.31	8.31	3.99	7.42	4.78	6.85	
1484.0	82.0	6.0	6.0	8.52	4.42	9.73	5.07	9.19	4.93	8.91	7.04	7.18	10.04	7.89	4.96	4.93	5.01	10.34	4.18	5.47	10.43	4.81	
1485.0	62.0	7.0	7.0	9.05	4.59	7.86	4.12	8.3	7.61	7.37	5.08	7.43	3.52	6.96	7.24	6.82	8.39	5.2	6.46	9.0	8.43	10.16	
1486.0	67.0	3.0	3.0	5.64	8.24	9.32	5.89	4.43	8.68	4.73	8.5	6.18	7.01	4.1	7.67	3.94	8.52	6.07	5.83	6.05	7.3	4.34	
1487.0	68.0	5.0	5.0	7.83	4.51	4.02	4.1	7.1	7.27	10.48	4.63	4.98	5.11	5.76	9.21	9.28	3.68	5.3	8.58	6.97	9.0	5.42	
1488.0	41.0	15.0	15.0	9.95	7.61	10.0	8.07	7.86	3.69	9.56	5.26	9.61	3.97	8.03	6.77	8.85	4.87	9.48	6.2	8.12	8.89	3.56	
1489.0	82.0	6.0	6.0	9.37	9.25	5.51	4.46	9.73	9.46	7.04	4.29	5.45	8.62	4.31	3.88	9.82	3.64	7.08	4.07	5.35	5.29	5.53	
1490.0	79.0	7.0	7.0	6.2	7.1	4.23	7.77	6.51	6.35	7.39	9.69	5.7	4.71	3.87	8.45	3.94	9.57	6.33	10.1	4.5	6.78	9.5	
1491.0	80.0	3.0	3.0	10.17	8.14	7.29	3.78	10.18	7.16	8.25	6.4	4.21	7.06	6.79	7.85	6.0	3.72	7.29	5.83	7.62	3.71	5.36	
1492.0	20.0	4.0	4.0	7.33	7.32	7.19	10.0	10.33	6.3	6.53	4.2	5.31	8.72	7.39	7.69	5.68	5.49	8.49	7.64	6.53	7.88	4.0	
1493.0	87.0	5.0	5.0	9.25	6.46	9.0	5.92	9.32	5.14	6.63	8.71	6.4	4.25	4.4	9.21	6.41	9.89	7.4	5.47	6.19	8.22	10.44	
1494.0	98.0	15.0	15.0	4.15	4.78	8.22	4.35	9.09	4.2	4.91	4.09	4.78	4.13	9.29	7.73	10.32	10.24	8.04	5.56	9.41	5.52	8.52	
1495.0	72.0	11.0	11.0	10.04	9.18	8.28	3.75	4.99	10.37	5.88	6.28	6.02	4.91	5.4	7.25	6.38	5.94	7.18	6.54	8.99	4.15	7.7	
1496.0	76.0	6.0	6.0	4.7	6.9	4.51	6.44	9.07	6.7	4.56	9.8	5.15	4.24	4.17	8.65	6.18	8.97	7.99	6.82	8.02	4.56	8.95	
1497.0	87.0	5.0	5.0	4.68	5.31	10.25	8.82	8.23	10.49	5.7	3.79	7.13	9.3	5.62	10.19	8.31	4.64	7.4	7.47	4.3	3.91	6.43	
1498.0	91.0	9.0	9.0	4.68	8.56	6.68	5.05	5.82	5.22	5.58	6.32	9.37	9.96	10.16	5.71	7.51	4.53	4.05	10.34	7.63	8.13	10.01	
1499.0	96.0	15.0	15.0	9.75	9.25	3.83	9.08	5.09	8.48	4.22	9.39	9.47	5.97	6.82	9.92	3.68	4.22	6.27	8.57	6.94	8.42	5.57	
1500.0	68.0	5.0	5.0	6.64	3.7	3.87	9.17	9.92	7.04	9.23	9.08	8.04	6.93	5.1	7.48	6.92	7.71	5.21	4.26	5.72	7.38	5.62	
1501.0	94.0	13.0	13.0	8.09	10.24	8.46	9.97	6.69	4.88	4.64	9.02	8.62	4.03	6.64	4.82	9.11	5.1	4.73	5.15	5.31	4.59	9.23	
1502.0	73.0	13.0	13.0	8.95	8.74	7.59	9.89	4.31	4.12	8.8	6.66	7.74	4.73	8.41	7.35	10.19	4.58	7.45	5.15	4.56	7.68	10.42	
1503.0	32.0	14.0	14.0	5.09	9.6	9.21	6.54	3.95	9.98	4.44	7.42	8.69	8.16	4.03	3.72	10.4	3.94	5.08	8.43	9.23	3.51	6.2	
1504.0	88.0	4.0	4.0	5.74	5.29	3.67	8.59	6.42	4.5	3.91	10.1	9.62	4.8	7.68	8.21	4.06	8.22	4.69	9.19	6.98	10.1	7.16	
1505.0	81.0	3.0	3.0	9.73	9.85	9.41	9.89	9.22	3.97	9.21	4.54	8.37	8.09	3.69	6.68	5.61	10.32	9.87	6.04	3.89	9.15	4.71	
1506.0	57.0	14.0	14.0	10.36	8.74	5.31	6.77	5.94	9.1	5.42	3.84	9.84	8.74	5.61	4.27	8.21	9.28	7.99	4.75	9.8	8.73	7.54	
1507.0	69.0	12.0	12.0	8.58	9.75	7.1	9.78	7.24	6.53	10.17	5.9	4.13	7.94	7.31	7.47	8.6	4.02	8.05	6.04	4.6	5.84	9.0	
1508.0	85.0	3.0	3.0	9.16	6.4	3.79	9.66	6.48	9.48	4.49	10.34	5.22	7.35	10.46	7.05	4.3	9.33	5.25	3.61	3.96	10.39	6.08	
1509.0	91.0	9.0	9.0	7.89	5.84	5.49	5.51	4.98	4.02	6.14	9.06	7.83	9.76	8.52	4.37	4.45	7.95	10.02	6.82	5.03	9.04	8.0	
1510.0	100.0	14.0	14.0	5.33	4.97	5.19	5.8	7.6	8.64	9.61	9.61	3.7	4.39	7.04	6.64	9.29	6.28	9.41	7.25	4.22	10.22	5.46	
1511.0	80.0	3.0	3.0	9.5	8.13	9.62	5.12	10.33	4.23	4.12	7.91	9.62	8.33	9.32	8.23	9.39	9.36	7.41	10.02	9.74	5.921247438599119	8.064153602224584	
1512.0	90.0	4.0	4.0	9.19	7.15	8.09	7.46	6.16	8.79	6.0	3.53	10.33	7.08	4.98	10.43	6.76	5.47	5.23	6.23	6.54	6.48	3.62	
1513.0	85.0	3.0	3.0	9.52	5.23	7.58	9.42	9.63	3.96	9.57	4.33	4.72	3.66	5.75	4.67	7.0	10.18	10.08	10.0	9.79	6.73	5.36	
1514.0	56.0	13.0	13.0	10.13	5.82	9.93	10.14	10.02	8.48	4.07	9.81	9.85	8.44	9.52	7.25	7.29	3.98	8.92	10.09	7.65	10.095455285255232	1.0389748502411948	
1515.0	91.0	9.0	9.0	9.5	6.99	6.61	9.58	7.3	6.1	10.07	4.34	4.05	5.06	5.94	4.79	8.04	9.68	6.51	5.8	8.98	7.95	3.99	
1516.0	76.0	6.0	6.0	8.69	5.64	6.27	7.13	6.84	10.08	9.65	6.2	9.67	5.4	10.02	9.86	4.99	6.65	10.05	4.65	3.83	4.79	8.02	
1517.0	87.0	5.0	5.0	10.45	5.64	4.86	9.05	6.79	5.68	6.75	8.68	4.46	7.68	6.29	9.22	10.19	8.01	7.78	3.96	8.43	4.74	4.83	
1518.0	58.0	11.0	11.0	5.12	6.57	6.13	6.36	9.56	5.4	10.29	4.46	7.2	9.32	5.48	7.06	7.52	4.91	9.39	5.63	5.03	5.31	8.16	
1519.0	56.0	13.0	13.0	4.5	9.27	8.61	3.9	4.49	4.85	5.28	3.73	6.48	5.69	5.65	9.6	5.24	7.33	5.82	3.82	5.43	8.11	9.04	
1520.0	83.0	5.0	5.0	8.82	5.86	8.21	4.41	9.73	8.6	7.62	4.74	7.07	3.54	8.09	9.39	8.36	8.52	7.79	10.42	4.95	4.37	3.76	
1521.0	53.0	12.0	12.0	7.31	4.02	8.42	6.91	5.72	3.86	6.95	7.33	4.11	9.7	10.47	10.46	9.79	8.82	7.66	7.43	6.54	7.77	6.77	
1522.0	100.0	14.0	14.0	5.11	5.25	10.22	7.02	6.88	7.26	9.72	5.32	7.55	7.22	9.41	4.22	5.16	3.8	10.41	8.82	9.27	5.09	7.04	
1523.0	58.0	11.0	11.0	7.34	6.67	3.88	5.4	6.14	5.73	5.89	8.97	10.16	3.75	8.21	10.4	3.75	8.54	9.84	3.93	7.73	3.57	7.47	
1524.0	88.0	4.0	4.0	5.17	6.84	10.47	4.67	3.99	6.16	6.88	9.63	8.9	7.71	3.52	4.26	6.46	7.95	8.75	9.92	5.14	4.97	8.33	
1525.0	45.0	5.0	5.0	6.31	4.31	9.79	8.61	9.14	9.6	7.11	4.96	9.08	9.01	8.03	3.55	6.8	7.54	3.78	6.45	8.3	9.97	5.07	
1526.0	47.0	15.0	15.0	7.37	4.46	7.33	4.86	4.26	4.21	6.74	5.79	5.5	10.29	8.65	9.62	4.23	5.13	7.84	10.1	3.56	4.1	8.81	
1527.0	82.0	6.0	6.0	10.11	5.66	9.61	9.01	4.74	9.78	6.79	5.92	6.85	4.48	7.52	7.03	4.83	6.77	7.43	9.83	10.29	10.43	4.92	
1528.0	54.0	10.0	10.0	7.25	7.05	8.98	3.62	7.85	6.03	6.0	7.3	5.26	7.98	5.04	9.08	10.18	4.11	10.14	4.83	7.1	9.93	6.06	
1529.0	56.0	13.0	13.0	8.95	6.75	7.76	7.89	9.7	4.29	7.75	4.11	8.99	6.1	4.2	8.86	4.25	4.94	9.65	3.94	8.48	10.19	6.53	
1530.0	60.0	3.0	3.0	9.51	5.79	5.02	7.21	6.97	8.58	4.29	6.04	4.18	10.37	4.13	5.38	4.56	6.29	4.19	4.84	9.74	4.75	4.93	
1531.0	91.0	9.0	9.0	3.84	6.2	4.26	7.86	9.95	5.51	8.07	10.48	6.06	7.6	9.98	5.79	3.91	10.35	4.64	8.26	8.54	9.3	3.62	
1532.0	45.0	5.0	5.0	5.04	8.16	3.85	8.91	3.59	5.73	9.74	8.59	4.18	9.38	3.75	6.81	9.23	5.37	4.79	9.15	6.77	8.75	5.84	
1533.0	48.0	13.0	13.0	8.92	10.04	3.76	6.58	5.64	10.14	6.24	6.86	8.47	6.15	4.87	5.99	5.68	3.83	6.83	6.31	6.69	9.94	7.13	
1534.0	52.0	4.0	4.0	9.93	10.25	4.39	8.75	8.36	9.03	7.71	9.36	5.45	10.39	5.23	4.53	8.84	6.56	8.18	3.78	8.79	5.83	8.46	
1535.0	54.0	10.0	10.0	8.23	10.42	5.81	5.76	7.77	8.26	6.69	9.39	7.96	3.83	4.71	6.69	7.71	6.14	5.95	4.84	4.9	4.48	7.9	
1536.0	56.0	13.0	13.0	6.33	4.55	7.25	9.91	10.23	5.7	6.06	4.36	6.49	5.21	6.29	7.42	7.78	10.34	9.16	8.37	6.8	4.23	10.27	
1537.0	84.0	12.0	12.0	3.75	8.21	5.78	4.5	9.77	9.59	8.23	9.93	6.79	10.25	4.65	8.49	7.41	4.61	4.6	9.88	8.55	5.64	9.65	
1538.0	89.0	14.0	14.0	8.91	4.45	6.11	5.47	4.93	7.92	6.84	6.95	9.29	3.72	5.96	6.29	6.08	8.68	6.58	7.67	9.97	4.3	4.58	
1539.0	88.0	4.0	4.0	6.91	3.91	8.72	10.37	6.95	7.09	8.8	9.82	7.86	9.61	6.63	3.98	5.06	5.81	8.58	8.99	5.33	7.84	9.52	
1540.0	48.0	13.0	13.0	4.53	8.81	9.39	6.7	3.8	4.08	7.1	5.42	6.85	5.96	8.84	6.25	7.5	9.39	7.64	8.52	7.04	3.96	7.24	
1541.0	34.0	14.0	14.0	9.73	9.53	7.36	7.19	5.88	4.38	8.48	3.8	9.45	5.61	3.78	3.98	8.96	7.15	9.8	6.91	4.88	5.58	4.39	
1542.0	95.0	8.0	8.0	7.9	9.1	7.54	8.34	9.9	9.05	6.48	7.75	8.65	7.77	9.05	4.01	5.21	7.65	4.64	6.19	8.31	6.42	8.71	
1543.0	57.0	14.0	14.0	7.87	10.49	4.79	8.54	9.81	8.15	7.84	6.46	5.28	6.04	10.49	5.54	9.62	3.65	7.65	10.16	7.18	4.81	6.71	
1544.0	41.0	15.0	15.0	3.69	8.84	9.33	4.6	9.33	5.35	9.06	4.6	4.2	3.69	10.13	9.03	9.63	5.27	7.4	4.24	8.69	6.79	4.4	
1545.0	44.0	3.0	3.0	9.78	5.62	8.35	7.22	5.09	9.55	7.1	5.75	8.46	8.53	10.4	4.32	8.52	5.27	5.48	5.88	4.32	3.93	6.24	
1546.0	46.0	14.0	14.0	4.58	10.46	7.1	5.25	7.17	3.6	10.43	8.71	7.03	4.15	6.51	7.28	9.97	10.14	9.4	10.28	7.04	4.84	4.92	
1547.0	51.0	2.0	2.0	6.4	5.71	3.66	7.48	5.95	9.37	9.77	6.67	7.4	6.01	3.72	7.04	4.3	10.45	5.12	5.6	6.68	10.35	8.38	
1548.0	52.0	4.0	4.0	5.38	4.31	9.23	4.11	9.05	8.88	8.71	10.21	5.06	5.99	7.98	9.73	8.16	5.28	4.45	7.57	4.75	10.04	6.45	
1549.0	56.0	13.0	13.0	4.97	8.2	9.76	6.29	8.89	6.08	7.56	8.39	4.73	7.73	7.53	8.17	4.5	10.24	4.39	10.02	6.46	10.32	7.94	
1550.0	19.0	13.0	13.0	8.74	8.88	7.52	4.96	10.26	9.01	6.8	6.83	6.47	8.71	9.06	8.04	9.63	4.45	6.05	7.84	5.6	3.94	5.64	
1551.0	97.0	9.0	9.0	7.92	3.77	7.62	9.88	10.37	9.72	10.34	6.35	4.97	4.87	4.14	9.33	7.78	4.71	3.73	9.2	3.52	7.15	3.99	
1552.0	97.0	9.0	9.0	7.47	7.79	3.84	4.81	6.05	6.96	7.33	4.88	5.59	7.38	8.49	6.96	8.17	4.76	5.96	9.7	5.29	7.31	7.29	
1553.0	47.0	15.0	15.0	6.48	10.45	9.01	7.44	3.92	10.1	10.08	6.74	7.8	5.95	9.56	6.36	5.05	8.9	4.02	3.56	7.15	7.47	8.3	
1554.0	52.0	4.0	4.0	7.99	4.52	7.22	9.5	4.43	9.49	6.59	7.25	4.73	4.77	6.29	9.23	7.7	6.35	9.29	7.52	7.73	4.28	7.01	
1555.0	8.0	15.0	15.0	7.02	7.38	8.44	10.0	6.05	3.89	10.4	9.4	10.27	10.31	7.3	9.54	9.92	6.16	9.18	10.49	5.52	1.7072258646030134	7.280395222806514	
1556.0	56.0	13.0	13.0	5.4	5.31	9.26	5.31	4.33	8.08	7.69	5.91	4.23	10.47	7.9	8.7	7.44	6.69	7.85	7.57	7.41	7.24	3.55	
1557.0	41.0	15.0	15.0	10.07	4.85	10.17	10.19	4.51	4.15	9.35	3.84	9.29	6.31	5.0	4.63	5.35	7.29	9.15	4.62	8.02	5.15	5.96	
1558.0	62.0	7.0	7.0	8.3	9.32	4.98	10.36	4.29	9.74	7.59	3.86	6.79	7.31	9.68	3.74	5.35	9.36	6.38	10.02	9.48	10.42	5.91	
1559.0	84.0	12.0	12.0	6.83	9.78	6.83	6.58	7.96	6.18	9.32	6.38	6.03	6.43	8.22	6.57	6.7	6.85	6.65	7.12	8.14	3.88	9.88	
1560.0	50.0	9.0	9.0	6.06	3.7	5.8	4.83	3.91	7.01	7.59	4.1	5.38	10.37	7.03	6.31	4.8	8.6	8.06	7.61	3.81	10.35	8.75	
1561.0	73.0	13.0	13.0	4.65	4.46	8.03	7.66	3.56	9.24	9.55	5.88	5.19	8.17	9.18	6.12	7.1	3.83	8.48	9.95	7.59	4.75	6.24	
1562.0	75.0	8.0	8.0	8.42	6.44	4.62	10.36	5.12	3.79	8.02	7.28	3.85	7.91	9.66	8.15	3.6	6.65	10.34	5.69	4.1	4.48	3.9	
1563.0	23.0	7.0	7.0	4.82	10.19	6.16	7.06	7.15	8.26	7.67	4.23	5.56	10.1	4.96	5.76	6.34	6.66	10.2	10.34	9.05	3.56	6.09	
1564.0	60.0	3.0	3.0	6.98	8.11	3.67	9.39	8.83	8.75	4.58	3.6	9.04	10.42	8.67	6.96	9.57	5.23	5.96	5.13	5.77	5.07	6.85	
1565.0	93.0	4.0	4.0	8.77	8.54	5.98	4.61	7.07	7.59	4.42	4.19	4.59	8.51	7.09	10.22	6.71	5.14	4.6	10.34	5.72	10.23	9.44	
1566.0	86.0	15.0	15.0	9.44	4.09	5.95	7.24	7.24	6.99	6.14	7.5	4.26	5.95	5.43	7.38	7.48	9.57	9.04	9.62	5.4	6.05	8.91	
1567.0	50.0	9.0	9.0	5.24	4.95	4.81	8.55	6.38	6.75	6.62	8.47	7.37	8.21	8.92	9.44	7.13	6.37	4.84	9.35	3.79	4.33	5.66	
1568.0	70.0	11.0	11.0	6.78	4.87	8.8	8.83	8.53	5.98	7.71	6.56	8.19	8.15	7.52	9.84	3.86	10.41	7.63	6.54	9.98	8.62	2.2878782660176413	
1569.0	81.0	3.0	3.0	8.16	10.37	7.9	8.73	7.11	6.38	7.28	4.8	7.49	3.86	7.67	10.11	8.24	5.72	4.91	4.83	8.17	3.94	6.99	
1570.0	59.0	9.0	9.0	7.88	9.32	8.83	8.38	9.42	9.83	10.27	8.87	8.07	6.88	8.3	7.89	4.16	4.19	4.16	3.64	10.07	8.52	5.294715935421726	
1571.0	42.0	4.0	4.0	7.7	6.92	10.32	5.87	8.24	4.77	7.74	10.13	9.32	8.61	5.66	7.33	10.37	5.59	8.17	10.11	9.42	4.52	8.578251714294824	
1572.0	90.0	4.0	4.0	6.07	5.63	8.63	5.51	5.55	5.35	9.81	4.63	3.54	9.64	6.43	6.28	6.22	10.4	9.37	8.67	7.51	3.58	9.31	
1573.0	48.0	13.0	13.0	6.7	10.28	9.45	3.8	10.25	9.78	9.14	4.46	4.26	3.77	6.86	7.1	6.72	9.39	8.35	4.8	4.95	10.47	7.32	
1574.0	89.0	14.0	14.0	5.77	8.56	10.48	8.67	7.1	5.93	3.76	10.36	4.47	5.5	10.14	5.79	10.24	3.52	4.02	7.59	6.79	6.77	8.84	
1575.0	55.0	6.0	6.0	3.66	5.89	10.28	8.06	4.27	6.15	8.96	6.93	9.38	4.7	8.37	6.49	4.19	8.47	4.62	7.03	5.52	6.72	6.58	
1576.0	22.0	6.0	6.0	7.95	5.29	3.97	3.71	7.27	10.06	10.41	8.86	4.06	7.78	8.94	9.9	6.97	5.71	5.01	4.81	8.35	7.62	9.1	
1577.0	84.0	12.0	12.0	9.71	9.74	7.03	8.48	8.8	8.73	6.16	6.31	7.03	5.35	5.98	5.29	8.27	4.68	9.84	9.91	7.31	7.87	5.45	
1578.0	92.0	10.0	10.0	4.46	8.32	3.79	4.25	8.27	8.93	9.93	6.19	7.05	6.26	8.25	10.11	6.61	10.28	7.55	7.34	8.72	8.2	5.67	
1579.0	46.0	14.0	14.0	7.68	5.52	3.97	9.43	10.17	3.6	4.16	4.84	3.66	8.99	9.16	3.56	9.3	9.9	4.81	4.42	4.74	9.55	5.44	
1580.0	48.0	13.0	13.0	4.65	4.46	9.03	8.88	9.88	6.97	4.33	9.0	5.78	3.8	9.83	4.5	9.37	5.88	4.39	8.45	6.89	9.44	8.18	
1581.0	52.0	4.0	4.0	7.49	6.73	8.47	10.24	7.23	6.73	5.05	5.31	4.14	8.91	7.82	7.64	9.09	8.24	5.04	4.25	7.93	5.32	8.47	
1582.0	91.0	9.0	9.0	7.3	4.17	6.15	4.58	7.42	9.29	3.54	4.04	6.78	7.64	10.19	8.56	6.6	6.67	9.83	9.79	4.2	8.91	7.79	
1583.0	58.0	11.0	11.0	6.93	8.54	10.49	9.56	8.41	10.17	3.63	6.13	4.38	9.01	10.36	8.38	5.98	6.58	9.05	5.51	8.05	6.54	7.97	
1584.0	42.0	4.0	4.0	4.87	3.86	4.14	9.93	9.69	8.41	6.71	6.47	7.1	5.19	4.01	4.71	10.06	6.15	9.08	9.25	8.82	9.13	10.32	
1585.0	44.0	3.0	3.0	9.39	4.81	6.84	8.31	8.46	5.47	10.18	9.21	7.41	9.5	5.33	4.07	4.68	3.56	4.92	8.39	7.71	6.14	8.54	
1586.0	35.0	10.0	10.0	5.57	7.12	6.0	10.07	3.89	4.9	7.48	4.91	9.65	5.19	8.11	8.68	9.08	5.59	5.98	8.81	9.64	8.13	10.39	
1587.0	70.0	11.0	11.0	6.07	7.0	9.78	7.4	3.75	7.44	9.16	7.01	4.99	5.3	3.86	9.9	10.0	6.37	6.12	7.03	4.3	6.78	6.74	
1588.0	95.0	8.0	8.0	9.34	9.64	9.64	4.13	9.04	10.32	9.53	3.9	6.48	6.75	10.47	10.35	3.77	5.04	4.27	7.32	5.54	3.86	6.78	
1589.0	57.0	14.0	14.0	10.13	7.56	8.11	5.06	6.62	4.93	7.54	6.11	8.54	4.73	5.77	8.33	6.02	6.23	7.43	4.03	9.66	7.32	8.07	
1590.0	82.0	6.0	6.0	7.05	6.32	4.94	10.07	8.56	10.33	6.17	4.95	9.08	5.04	5.88	7.81	6.02	5.05	4.74	8.68	7.74	4.04	5.26	
1591.0	43.0	13.0	13.0	8.54	8.64	7.64	5.52	9.76	3.97	4.82	8.82	9.72	5.14	5.25	10.03	8.42	4.23	6.96	10.17	7.02	6.47	8.68	
1592.0	90.0	4.0	4.0	6.63	7.14	5.75	5.13	10.23	8.55	5.15	5.7	6.94	8.49	3.73	10.25	5.0	5.69	10.11	6.03	9.89	10.34	10.43	
1593.0	2.0	14.0	14.0	3.59	9.43	3.86	10.18	10.4	10.43	8.82	8.81	4.91	6.48	9.63	5.73	9.52	7.02	5.59	5.5	3.9	9.41	8.32	
1594.0	72.0	11.0	11.0	3.85	5.31	5.89	8.36	6.3	7.68	7.03	4.4	5.55	8.19	5.38	6.17	7.85	9.04	9.82	4.8	9.25	3.78	5.8	
1595.0	80.0	3.0	3.0	4.92	4.25	8.27	8.44	9.29	8.98	6.13	5.53	7.15	5.11	3.67	3.67	5.66	8.5	9.23	4.52	3.58	5.36	7.85	
1596.0	57.0	14.0	14.0	9.99	6.16	4.8	8.54	7.56	6.33	8.84	6.58	6.33	8.82	7.94	9.89	4.16	9.57	5.84	10.05	4.88	5.92	5.48	
1597.0	59.0	9.0	9.0	4.82	4.59	3.97	10.24	5.08	3.93	4.28	9.25	5.02	4.53	4.72	4.38	6.07	6.63	6.03	7.24	6.43	7.64	9.14	
1598.0	42.0	4.0	4.0	7.59	7.35	4.77	5.92	10.43	9.07	4.78	7.47	4.36	7.7	9.46	5.15	8.89	10.17	8.24	7.17	6.57	4.08	6.74	
1599.0	36.0	15.0	15.0	5.66	8.08	9.29	9.92	7.31	4.38	7.6	7.82	6.3	6.93	4.38	9.47	9.92	7.41	8.8	3.9	9.01	8.25	9.67	
1600.0	85.0	3.0	3.0	7.69	5.68	4.45	10.48	4.97	4.8	4.65	3.63	7.89	6.99	5.32	9.94	9.53	8.47	6.26	7.49	6.8	8.17	8.29	
1601.0	84.0	12.0	12.0	9.43	4.44	4.69	9.91	4.79	9.33	8.1	5.24	9.43	9.57	7.03	5.16	4.02	5.43	6.12	4.03	9.09	8.38	6.34	
1602.0	75.0	8.0	8.0	4.56	3.87	6.61	9.72	6.67	8.35	7.83	9.43	9.15	8.86	9.9	4.63	6.73	7.37	4.07	9.01	4.79	4.61	10.43	
1603.0	91.0	9.0	9.0	7.95	6.04	8.95	7.1	4.65	5.55	8.18	6.08	8.94	7.01	6.37	9.73	5.46	6.28	4.22	5.08	3.72	9.25	4.22	
1604.0	41.0	15.0	15.0	6.62	6.08	6.86	6.18	6.47	7.83	10.11	5.13	4.9	4.74	7.17	5.16	6.58	5.8	9.2	6.54	10.29	4.55	9.67	
1605.0	100.0	14.0	14.0	4.75	8.8	6.77	7.76	10.05	9.38	5.49	9.76	8.58	8.85	4.78	9.02	4.17	6.61	9.09	6.16	7.09	6.87	4.88	
1606.0	62.0	7.0	7.0	9.31	7.64	6.17	10.43	9.75	3.97	4.59	4.99	4.49	8.18	5.98	4.69	9.45	9.66	4.0	6.75	9.82	8.96	6.94	
1607.0	96.0	15.0	15.0	7.81	5.8	4.97	6.64	9.72	9.06	10.18	6.48	4.42	3.54	8.11	7.77	6.46	4.92	5.91	9.97	5.05	8.03	3.91	
1608.0	54.0	10.0	10.0	7.88	9.81	9.15	4.34	4.58	5.2	6.19	7.91	4.3	4.02	7.04	9.71	4.26	7.24	7.4	5.34	5.86	9.56	6.35	
1609.0	76.0	6.0	6.0	6.13	5.05	6.23	9.66	8.42	6.02	4.54	10.38	3.93	5.87	4.36	5.02	10.38	4.67	10.01	6.09	3.58	7.34	4.57	
1610.0	59.0	9.0	9.0	8.25	6.53	4.65	9.11	4.99	9.57	5.1	3.97	4.14	3.78	4.79	7.03	4.42	10.46	8.94	4.9	4.88	9.06	3.97	
1611.0	68.0	5.0	5.0	5.65	5.45	4.51	8.87	7.31	9.73	7.04	4.56	4.3	6.31	5.01	5.07	9.58	6.03	4.44	9.4	8.56	8.41	8.19	
1612.0	93.0	4.0	4.0	9.52	10.22	6.51	10.47	7.22	7.24	8.16	3.91	8.4	8.04	6.9	6.45	6.57	8.77	9.1	6.65	9.37	6.59	7.606864884618418	
1613.0	68.0	5.0	5.0	9.84	8.18	6.47	6.49	4.12	5.18	4.02	9.94	4.39	8.03	6.29	8.69	9.93	6.5	4.56	6.38	7.19	7.24	8.34	
1614.0	52.0	4.0	4.0	3.95	9.53	5.18	9.77	6.89	9.58	5.09	6.23	5.16	7.96	8.05	8.23	5.89	9.09	8.92	6.33	9.12	10.16	3.65	
1615.0	97.0	9.0	9.0	4.27	7.08	7.16	8.08	3.67	9.94	4.65	3.52	10.25	3.66	8.87	6.32	9.87	10.41	3.87	5.24	9.47	7.11	6.9	
1616.0	43.0	13.0	13.0	9.74	7.42	4.8	5.09	9.86	3.83	5.93	4.15	8.64	3.82	8.6	4.14	5.11	9.68	4.11	6.48	5.89	3.57	7.47	
1617.0	83.0	5.0	5.0	6.37	3.8	3.57	5.01	4.04	4.61	6.61	5.33	4.11	10.26	7.22	10.42	5.8	7.28	3.66	8.81	8.3	5.47	8.89	
1618.0	80.0	3.0	3.0	3.6	5.46	6.73	9.49	8.32	6.65	6.99	9.98	4.24	9.1	7.01	4.44	9.44	4.98	10.44	9.09	9.09	9.58	7.91	
1619.0	71.0	11.0	11.0	8.26	5.26	6.55	4.52	8.81	3.92	3.67	6.42	9.06	8.65	10.26	8.6	4.54	6.93	8.36	9.99	5.82	6.13	9.67	
1620.0	89.0	14.0	14.0	5.91	7.64	9.53	8.65	10.0	5.08	8.74	6.43	6.05	7.24	4.55	4.16	8.5	7.21	3.53	10.38	5.79	6.31	6.16	
1621.0	90.0	4.0	4.0	9.97	6.53	9.6	9.97	6.39	5.39	8.43	7.58	4.65	7.73	3.66	6.24	7.02	5.87	9.78	5.63	4.07	8.67	7.96	
1622.0	87.0	5.0	5.0	5.19	3.7	7.1	6.89	4.61	9.98	7.59	8.08	5.64	5.19	9.72	6.45	4.57	10.25	5.88	10.14	8.55	4.35	3.53	
1623.0	59.0	9.0	9.0	5.47	6.59	9.3	6.68	9.61	4.68	4.43	5.99	6.06	9.73	3.65	5.55	4.26	9.74	7.75	8.26	7.11	9.54	4.01	
1624.0	60.0	3.0	3.0	3.6	5.53	10.05	6.95	6.21	9.53	7.86	9.84	5.2	9.05	7.31	8.29	6.91	4.63	6.05	7.58	4.32	7.44	7.46	
1625.0	7.0	11.0	11.0	5.28	5.92	3.59	5.77	10.5	8.72	8.61	9.89	7.13	8.17	5.97	6.44	8.5	10.03	9.64	10.15	6.61	6.1	5.79	
1626.0	87.0	5.0	5.0	8.99	6.69	5.46	7.65	8.51	7.28	9.23	4.37	9.89	5.19	10.05	9.99	4.74	6.0	5.19	5.1	8.24	4.84	8.09	
1627.0	98.0	15.0	15.0	9.34	10.35	9.14	4.62	9.92	5.82	7.79	4.41	4.18	8.33	9.84	9.62	9.74	6.19	6.86	3.89	7.65	4.68	5.51	
1628.0	53.0	12.0	12.0	8.24	7.53	10.05	8.92	5.71	4.37	4.1	4.85	8.71	6.74	4.62	8.91	6.84	9.78	8.52	9.55	6.53	8.11	4.67	
1629.0	95.0	8.0	8.0	4.74	7.7	7.33	7.99	6.66	6.12	8.48	9.43	9.43	8.75	4.23	5.64	6.38	5.27	4.19	3.72	7.28	6.31	5.84	
1630.0	77.0	8.0	8.0	7.13	4.26	5.88	5.85	9.38	9.97	5.36	5.48	5.18	8.12	5.97	6.94	9.34	9.2	9.17	7.14	6.85	4.14	7.67	
1631.0	66.0	12.0	12.0	9.09	3.63	7.69	9.12	6.83	9.84	8.27	10.45	9.44	4.17	4.41	9.67	5.55	8.22	7.75	9.86	9.59	7.59	2.8513448990909267	
1632.0	96.0	15.0	15.0	9.5	8.54	5.15	5.58	8.66	8.53	4.54	9.1	5.63	5.12	7.22	8.4	10.47	7.46	4.63	8.91	9.97	7.74	3.72	
1633.0	98.0	15.0	15.0	5.1	7.84	4.97	9.69	8.78	9.92	3.69	6.49	9.57	8.58	6.57	9.59	4.42	4.41	7.15	9.93	10.35	4.26	10.3	
1634.0	82.0	6.0	6.0	9.94	9.5	5.01	7.14	5.56	8.77	4.95	3.94	7.57	6.32	3.83	6.38	6.81	7.11	4.26	6.33	6.98	4.15	7.0	
1635.0	63.0	15.0	15.0	7.43	8.57	6.4	4.52	4.7	9.45	9.73	4.7	10.27	10.22	10.3	10.2	8.09	7.03	6.63	6.27	4.41	6.57	10.35	
1636.0	82.0	6.0	6.0	4.14	9.01	10.36	4.85	5.66	3.9	4.97	9.89	10.22	3.89	3.79	4.86	5.36	5.28	4.0	3.99	9.07	5.5	7.9	
1637.0	96.0	15.0	15.0	8.3	6.09	8.7	5.54	7.64	10.04	7.01	5.77	6.41	6.96	3.95	6.81	7.34	4.95	5.01	5.34	5.34	7.44	9.31	
1638.0	6.0	7.0	7.0	5.59	4.69	5.36	7.62	4.88	9.68	9.46	9.15	9.42	3.64	4.05	9.32	3.55	9.07	5.59	3.54	7.26	5.28	3.83	
1639.0	40.0	11.0	11.0	8.16	5.45	3.94	7.7	7.48	9.47	7.54	10.35	5.94	9.34	9.08	5.73	9.36	4.75	3.61	7.02	6.47	9.44	5.45	
1640.0	92.0	10.0	10.0	10.04	3.88	4.51	5.02	5.94	8.44	9.77	9.35	4.2	8.07	9.32	6.33	7.21	8.58	6.94	5.93	9.21	8.97	5.39	
1641.0	18.0	2.0	2.0	8.99	9.26	3.93	9.69	8.4	9.24	5.47	10.37	3.88	4.15	9.12	9.54	8.83	6.72	6.22	9.66	9.24	9.06	4.311729584072385	
1642.0	56.0	13.0	13.0	9.5	3.53	3.71	9.0	8.36	6.17	5.35	10.1	9.04	4.69	8.7	6.88	4.38	7.26	4.63	6.87	5.42	9.78	4.38	
1643.0	99.0	12.0	12.0	7.33	4.82	4.81	6.21	9.98	4.01	5.17	7.63	6.81	10.25	6.61	8.87	8.71	6.25	5.61	4.23	6.88	10.33	6.05	
1644.0	92.0	10.0	10.0	4.82	10.46	7.95	6.59	7.99	7.44	8.52	9.57	6.47	10.02	3.8	8.15	7.31	4.62	6.75	6.37	6.2	8.38	6.43	
1645.0	73.0	13.0	13.0	9.62	7.73	3.51	6.86	9.78	6.8	6.84	4.67	7.1	6.62	9.49	9.63	7.17	6.98	7.15	10.1	7.58	6.21	4.2	
1646.0	91.0	9.0	9.0	7.65	9.55	8.21	8.72	10.4	8.77	5.3	10.06	4.91	6.6	6.81	9.47	8.93	6.33	9.74	4.36	5.27	8.81	2.748646445003443	
1647.0	77.0	8.0	8.0	6.86	5.84	4.15	6.33	8.13	10.45	7.11	5.29	8.53	3.76	5.49	4.09	6.47	6.16	4.05	8.38	8.54	9.38	4.69	
1648.0	96.0	15.0	15.0	3.56	10.37	10.24	9.97	4.7	9.86	7.76	10.15	8.82	4.46	7.0	7.72	8.39	5.3	5.1	9.68	9.55	5.14	3.96	
1649.0	28.0	8.0	8.0	6.66	5.3	5.23	10.19	6.37	6.85	3.96	7.3	5.57	8.0	3.83	4.97	9.04	8.12	6.65	9.45	4.9	4.33	3.72	
1650.0	71.0	11.0	11.0	7.58	6.43	9.1	10.39	8.19	3.73	3.83	7.69	6.75	5.7	6.67	8.59	10.21	9.89	3.9	3.98	9.0	8.17	7.46	
1651.0	83.0	5.0	5.0	5.07	5.93	5.46	5.25	5.21	5.27	3.79	8.97	8.39	5.39	9.19	8.38	9.45	9.0	8.34	10.0	8.27	7.6	9.17	
1652.0	83.0	5.0	5.0	7.85	8.02	6.49	5.41	6.61	9.47	6.68	4.73	3.53	6.84	6.36	7.76	3.58	5.54	7.37	5.63	8.97	3.92	4.11	
1653.0	71.0	11.0	11.0	6.01	8.75	8.74	6.66	5.46	6.22	4.53	4.41	10.21	5.6	10.03	4.78	8.6	9.45	9.3	4.77	8.99	6.02	6.34	
1654.0	96.0	15.0	15.0	6.91	8.4	7.35	6.12	6.85	8.54	5.88	6.0	6.64	8.72	6.01	3.57	7.69	7.4	4.0	7.71	3.68	7.71	4.79	
1655.0	98.0	15.0	15.0	4.84	9.74	4.85	5.66	8.17	8.89	8.73	5.8	5.87	5.71	3.87	10.04	4.61	8.82	4.98	7.13	8.19	4.74	6.39	
1656.0	24.0	14.0	14.0	6.92	10.26	6.13	5.42	5.42	9.37	9.35	6.74	7.62	5.82	5.6	9.85	3.77	9.0	9.0	9.33	6.87	8.59	7.79	
1657.0	15.0	11.0	11.0	5.58	6.77	9.99	10.21	10.3	9.21	5.15	7.7	4.38	4.66	4.3	8.49	4.49	5.97	5.68	3.73	8.76	4.63	5.12	
1658.0	43.0	13.0	13.0	6.71	6.44	6.21	8.94	6.89	5.08	7.07	6.7	7.83	7.88	6.6	9.63	6.85	7.51	5.47	6.49	7.07	4.79	9.19	
1659.0	83.0	5.0	5.0	6.89	6.0	9.75	6.68	7.14	4.57	6.05	4.34	8.94	10.34	8.89	8.0	6.3	9.64	5.81	6.17	10.4	9.65	4.71	
1660.0	67.0	3.0	3.0	3.62	7.61	10.41	4.54	5.19	6.73	5.16	8.59	5.37	6.24	8.46	8.06	9.74	4.18	8.15	9.01	8.27	4.86	4.0	
1661.0	98.0	15.0	15.0	8.69	9.37	6.62	5.29	8.5	6.56	9.07	4.04	10.06	9.51	8.53	9.72	4.24	9.28	3.74	10.01	9.78	5.1	3.7151072814934145	
1662.0	56.0	13.0	13.0	7.67	6.74	10.01	8.15	6.05	7.6	7.73	4.0	9.87	8.31	9.86	4.37	10.08	8.0	5.8	7.52	8.49	6.51	7.24	
1663.0	88.0	4.0	4.0	9.17	5.69	8.58	3.66	7.42	9.67	5.48	7.15	8.38	5.24	7.05	6.49	9.49	5.79	8.4	9.26	7.04	7.89	7.31	
1664.0	99.0	12.0	12.0	10.14	8.79	6.15	8.63	7.66	7.14	5.46	6.51	7.84	4.0	9.57	6.75	8.54	3.5	9.57	10.19	9.05	4.47	6.11	
1665.0	43.0	13.0	13.0	5.94	4.41	8.98	9.38	8.13	7.39	4.35	9.84	4.2	9.29	4.82	7.82	8.18	9.03	10.31	6.69	10.12	5.75	9.68	
1666.0	66.0	12.0	12.0	10.11	4.08	10.0	4.4	7.55	5.67	10.21	5.05	6.51	5.4	9.11	7.85	10.12	8.05	4.52	7.46	9.94	5.12	8.43	
1667.0	75.0	8.0	8.0	4.41	4.08	5.92	10.32	6.36	9.13	8.58	8.72	7.24	6.96	8.72	7.47	9.99	10.26	3.53	6.64	7.32	4.98	3.82	
1668.0	53.0	12.0	12.0	5.94	10.05	8.58	5.65	7.62	5.39	9.71	4.02	8.88	7.2	6.02	8.1	10.42	6.45	4.86	4.12	9.22	6.1	6.39	
1669.0	95.0	8.0	8.0	4.1	5.52	7.18	4.24	7.89	4.44	6.37	6.57	6.05	9.6	7.92	6.08	6.47	7.19	8.83	7.01	5.0	8.59	5.35	
1670.0	64.0	4.0	4.0	9.39	9.24	3.97	7.44	8.77	8.17	5.61	5.12	10.47	6.16	8.0	6.81	9.06	3.94	9.33	5.87	7.36	10.49	10.16	
1671.0	87.0	5.0	5.0	8.39	8.32	9.73	4.85	7.63	7.3	9.06	4.46	9.93	5.41	8.72	6.33	4.11	6.93	4.09	3.62	6.49	8.76	6.66	
1672.0	46.0	14.0	14.0	3.66	3.86	10.17	6.74	7.87	5.39	4.66	8.74	4.59	9.26	9.92	5.98	4.01	5.8	6.42	3.8	4.78	5.4	8.39	
1673.0	48.0	13.0	13.0	10.1	9.16	5.3	6.0	4.57	8.35	9.89	4.1	8.61	3.8	5.8	8.79	10.4	6.7	6.35	6.4	4.55	6.26	8.33	
1674.0	52.0	4.0	4.0	7.73	8.41	8.38	6.24	6.56	8.0	6.26	10.19	3.75	4.88	8.69	5.72	9.86	4.75	3.94	6.5	3.6	6.65	8.01	
1675.0	54.0	10.0	10.0	9.7	6.85	9.88	7.4	8.57	10.44	6.37	4.47	8.56	9.99	6.95	8.68	5.82	9.1	8.61	8.89	7.62	7.95	4.293781337834701	
1676.0	66.0	12.0	12.0	6.55	10.42	4.75	7.58	3.61	8.01	8.78	6.21	5.93	7.57	3.88	4.01	4.11	3.58	4.82	4.52	7.92	8.63	9.0	
1677.0	90.0	4.0	4.0	3.85	4.67	7.48	10.06	5.38	7.56	8.01	7.58	10.41	5.54	5.93	6.56	3.71	3.8	8.66	9.69	5.59	4.67	4.97	
1678.0	31.0	8.0	8.0	9.88	7.33	7.6	8.88	7.88	6.78	10.24	8.73	9.34	6.84	8.4	8.01	6.15	6.77	9.66	9.01	9.31	2.3788853351855708	8.682495670206983	
1679.0	88.0	4.0	4.0	3.67	5.2	9.02	9.6	6.74	8.24	8.56	3.84	10.35	7.97	10.4	10.16	7.25	4.52	4.39	8.03	6.37	4.86	9.84	
1680.0	90.0	4.0	4.0	3.86	4.31	7.72	5.53	7.48	10.04	5.24	5.23	6.0	3.88	7.63	6.42	7.19	8.67	4.94	6.42	3.81	5.37	8.75	
1681.0	97.0	9.0	9.0	10.21	3.51	4.28	8.91	7.05	10.39	5.07	6.14	7.66	10.29	9.0	9.55	7.38	7.35	3.73	8.81	5.1	9.95	5.17	
1682.0	73.0	13.0	13.0	8.83	3.77	6.97	5.92	9.61	8.59	5.7	5.91	7.76	6.91	8.58	8.05	3.57	4.48	6.66	3.88	3.78	4.54	8.77	
1683.0	80.0	3.0	3.0	5.03	10.2	4.12	3.82	9.6	8.34	6.73	8.51	6.62	7.9	6.56	9.8	7.33	6.8	5.43	5.36	3.76	3.58	6.69	
1684.0	13.0	3.0	3.0	4.59	8.01	10.08	9.94	8.53	4.35	7.95	8.52	5.42	9.95	6.63	7.84	5.6	7.82	8.59	8.64	7.21	6.13	9.06	
1685.0	43.0	13.0	13.0	6.81	5.7	8.8	10.39	10.36	9.73	5.64	6.7	7.36	4.69	4.97	4.84	5.82	10.05	5.3	6.48	9.42	5.68	3.64	
1686.0	66.0	12.0	12.0	4.74	6.41	4.67	5.87	3.73	5.07	3.69	10.21	5.5	4.68	6.35	10.14	10.12	9.31	4.94	4.05	4.81	5.43	7.12	
1687.0	88.0	4.0	4.0	9.8	7.28	3.86	10.16	10.17	10.17	4.0	6.07	9.75	3.97	6.35	10.16	6.36	4.67	9.71	8.12	8.94	5.0	8.09	
1688.0	61.0	12.0	12.0	8.57	4.04	5.93	5.55	10.25	4.0	9.4	4.2	4.77	3.54	5.42	5.29	3.82	7.47	8.98	6.72	7.82	4.02	6.86	
1689.0	100.0	14.0	14.0	7.61	4.77	7.58	7.14	5.84	8.64	8.7	3.55	3.56	6.47	8.01	6.09	9.46	4.3	4.77	5.41	7.75	5.12	9.28	
1690.0	96.0	15.0	15.0	6.74	5.24	3.91	10.17	6.28	5.85	9.81	10.47	10.22	5.76	5.04	5.01	7.75	8.06	6.24	3.74	8.63	5.55	5.45	
1691.0	61.0	12.0	12.0	4.03	10.33	9.83	9.3	6.93	5.21	9.87	8.19	9.91	7.05	3.87	4.61	10.2	7.56	9.47	10.04	4.83	7.15	4.708578523284721	
1692.0	89.0	14.0	14.0	3.63	8.4	6.77	3.54	4.56	5.59	5.2	4.56	8.34	5.53	3.99	8.36	6.37	5.66	9.05	5.78	8.64	10.37	4.8	
1693.0	89.0	14.0	14.0	8.79	5.34	9.46	7.54	9.73	6.16	5.97	5.1	7.51	6.07	5.97	9.67	8.38	3.5	9.06	8.84	9.62	5.98	9.71	
1694.0	100.0	14.0	14.0	9.65	6.71	6.84	7.29	9.34	8.33	4.54	5.99	7.58	7.18	4.37	3.57	5.62	9.16	4.93	8.31	9.3	6.77	3.54	
1695.0	94.0	13.0	13.0	6.12	8.63	10.24	5.02	10.23	5.97	10.21	4.87	6.18	5.25	5.64	9.02	5.51	9.29	6.5	5.06	7.55	4.77	7.68	
1696.0	78.0	8.0	8.0	6.59	6.34	4.92	4.71	8.33	8.13	4.22	4.99	6.39	4.13	6.28	7.63	10.36	6.6	5.51	6.45	5.87	6.99	7.1	
1697.0	99.0	12.0	12.0	8.88	7.76	8.55	8.34	8.53	6.75	6.0	9.67	6.14	4.26	8.9	4.07	6.65	4.85	7.19	5.46	9.11	3.74	4.45	
1698.0	89.0	14.0	14.0	5.59	9.28	3.52	4.63	5.16	8.79	7.86	8.5	10.12	5.3	4.76	5.75	9.98	5.26	7.9	7.7	7.82	9.53	7.76	
1699.0	24.0	14.0	14.0	9.61	8.75	7.87	9.35	4.67	4.38	6.55	8.23	10.24	9.13	9.02	10.11	6.22	7.89	8.36	4.07	4.12	7.67	4.45	
1700.0	74.0	1.0	1.0	9.53	10.18	7.08	9.91	5.04	4.5	8.78	4.76	7.65	3.52	8.75	3.91	8.03	6.6	4.98	5.82	8.69	7.78	9.19	
1701.0	66.0	12.0	12.0	8.85	9.96	5.66	4.62	7.41	4.71	6.44	10.27	6.37	6.85	8.66	5.37	10.49	10.09	4.09	8.97	6.38	6.7	6.77	
1702.0	94.0	13.0	13.0	7.88	8.4	3.5	9.27	8.91	7.03	3.74	3.6	6.46	8.73	10.2	7.05	9.84	4.34	10.32	3.71	5.08	6.08	7.95	
1703.0	73.0	13.0	13.0	5.73	7.66	9.54	4.49	8.74	9.96	5.1	7.5	5.1	6.69	10.24	6.8	5.78	10.19	5.5	10.17	9.64	8.97	7.15	
1704.0	86.0	15.0	15.0	4.26	8.09	6.82	7.7	6.67	9.36	9.56	6.71	8.16	8.67	8.55	10.13	7.29	5.66	6.72	8.82	5.27	6.4	7.69	
1705.0	9.0	15.0	15.0	5.72	9.57	3.96	7.91	8.54	10.01	8.58	8.17	6.98	4.46	7.01	6.09	4.51	7.78	9.47	7.8	4.8	7.23	6.05	
1706.0	88.0	4.0	4.0	4.83	8.67	4.8	7.68	7.86	9.32	5.13	7.85	4.97	3.89	10.11	4.4	9.63	5.9	5.46	8.18	6.81	5.13	8.69	
1707.0	63.0	15.0	15.0	8.11	9.95	5.29	5.11	4.79	8.19	7.19	4.49	7.32	6.85	3.55	9.97	8.73	5.58	4.59	4.48	10.16	9.29	7.86	
1708.0	54.0	10.0	10.0	4.09	7.29	7.82	7.64	6.23	8.82	3.96	8.88	8.98	5.03	8.8	7.88	8.21	9.79	5.68	4.19	4.94	7.98	4.95	
1709.0	56.0	13.0	13.0	5.44	9.37	7.29	9.26	8.24	5.69	4.24	8.15	4.21	4.9	5.33	9.85	5.29	7.8	5.96	4.58	8.31	4.3	9.08	
1710.0	97.0	9.0	9.0	8.66	6.76	3.59	9.58	7.61	8.18	5.14	4.94	7.81	10.07	7.93	8.62	7.38	8.42	9.75	6.63	4.68	9.49	5.03	
1711.0	80.0	3.0	3.0	7.47	5.25	8.54	9.53	7.32	4.12	5.77	6.69	4.28	9.89	8.9	9.31	7.08	4.2	9.29	8.34	4.08	6.57	7.06	
1712.0	46.0	14.0	14.0	9.58	5.0	7.08	6.92	8.28	9.01	8.47	10.23	10.49	8.9	7.73	9.37	3.7	5.19	4.29	3.92	4.98	7.93	4.07	
1713.0	98.0	15.0	15.0	8.38	8.9	5.83	9.44	5.74	5.58	7.37	7.33	7.97	10.37	9.02	4.04	6.73	5.28	9.8	8.83	4.5	9.48	4.68	
1714.0	92.0	10.0	10.0	8.27	9.22	7.53	7.95	5.86	6.3	4.53	6.49	10.22	6.09	7.47	5.38	7.59	3.78	5.14	7.99	6.85	4.54	6.91	
1715.0	13.0	3.0	3.0	8.17	6.4	7.96	6.92	7.14	9.53	5.08	7.81	7.55	4.25	3.5	8.25	3.65	9.47	5.43	3.96	7.7	8.23	10.06	
1716.0	75.0	8.0	8.0	4.06	10.36	6.37	5.19	6.01	10.01	9.56	5.87	3.51	9.46	7.4	8.03	5.51	3.66	10.02	6.1	6.28	3.66	6.39	
1717.0	99.0	12.0	12.0	7.6	6.93	10.44	7.97	6.71	4.23	5.02	7.91	7.96	4.87	4.89	6.12	8.19	6.81	6.48	4.81	4.5	6.25	7.82	
1718.0	94.0	13.0	13.0	3.68	10.43	9.78	10.43	4.68	8.99	9.14	10.12	4.18	7.13	7.68	4.55	7.49	5.15	9.33	4.87	8.45	4.55	9.03	
1719.0	77.0	8.0	8.0	3.63	4.04	8.05	6.31	3.96	10.47	10.24	9.37	4.85	6.61	8.88	6.73	6.83	9.38	4.44	4.51	7.34	9.1	9.64	
1720.0	74.0	1.0	1.0	3.82	4.53	3.68	5.23	6.23	3.64	8.45	7.99	4.56	8.57	7.88	8.04	4.54	8.87	5.91	3.95	9.91	7.55	5.03	
1721.0	28.0	8.0	8.0	5.61	5.58	6.78	9.13	6.81	3.93	5.91	9.15	6.99	3.87	7.6	9.37	7.82	8.26	9.79	4.25	7.31	3.72	5.64	
1722.0	73.0	13.0	13.0	4.11	4.79	7.47	6.33	6.62	4.13	8.69	7.25	9.18	9.96	6.54	5.42	3.93	7.09	4.87	9.98	5.02	9.47	4.6	
1723.0	81.0	3.0	3.0	8.8	3.79	8.07	3.51	4.13	9.41	9.74	8.77	10.01	8.42	3.77	10.31	8.6	8.27	7.86	3.64	6.42	3.72	9.93	
1724.0	42.0	4.0	4.0	4.24	7.12	8.07	9.5	5.26	9.61	7.96	5.06	7.54	6.35	7.37	10.42	3.51	7.99	9.63	6.47	7.72	8.42	10.49	
1725.0	70.0	11.0	11.0	10.47	10.32	9.09	9.34	3.97	9.11	6.93	8.54	3.51	3.88	7.4	6.87	4.89	6.1	3.8	8.81	5.98	8.98	5.88	
1726.0	46.0	14.0	14.0	5.17	3.97	9.36	8.27	7.29	9.32	7.0	5.68	4.81	6.25	8.36	3.66	9.25	9.02	10.22	5.07	6.84	3.9	9.0	
1727.0	83.0	5.0	5.0	6.31	10.19	8.25	8.56	8.12	5.19	9.64	3.81	4.22	5.06	10.33	5.23	6.16	7.54	5.82	9.34	6.58	7.77	8.29	
1728.0	22.0	6.0	6.0	8.48	8.29	7.53	7.28	5.61	7.05	3.72	5.96	8.96	8.51	6.24	5.95	3.61	5.98	5.27	8.27	5.43	3.59	5.35	
1729.0	88.0	4.0	4.0	9.18	9.0	8.89	10.36	8.52	6.01	10.07	6.33	6.27	6.89	8.17	6.08	5.07	3.5	8.7	7.61	10.16	7.87	1.349986190600935	
1730.0	87.0	5.0	5.0	7.49	8.27	9.39	4.94	6.63	8.13	3.7	5.07	8.24	4.91	10.36	5.75	9.09	3.83	10.42	7.39	9.17	7.63	5.78	
1731.0	30.0	14.0	14.0	5.08	4.21	4.87	5.76	3.87	7.43	9.84	7.48	5.38	5.7	6.14	9.76	10.09	7.13	3.5	7.04	8.23	7.27	7.4	
1732.0	61.0	12.0	12.0	5.03	7.71	6.08	8.72	8.33	4.38	6.72	6.88	6.28	3.65	8.37	8.52	3.62	7.22	3.9	10.01	9.31	4.87	10.09	
1733.0	24.0	14.0	14.0	9.04	5.76	7.97	4.07	4.19	4.42	5.95	9.34	6.04	6.92	7.17	4.35	5.77	10.35	4.68	4.27	4.39	5.49	7.29	
1734.0	78.0	8.0	8.0	10.31	9.74	5.16	10.33	9.3	9.7	9.15	4.73	9.63	5.48	8.0	3.57	4.45	6.25	6.46	7.39	7.97	8.87	5.7	
1735.0	77.0	8.0	8.0	4.45	5.42	5.31	5.81	5.62	9.98	10.24	5.23	5.98	5.09	9.97	8.92	6.06	4.26	8.78	5.2	6.35	7.48	5.18	
1736.0	57.0	14.0	14.0	10.19	8.0	7.85	10.25	3.91	5.78	7.7	6.31	4.85	4.69	7.0	4.86	9.7	9.07	9.62	8.53	4.67	3.84	4.09	
1737.0	98.0	15.0	15.0	7.64	5.62	4.75	5.04	3.6	8.75	4.59	3.87	7.48	9.25	7.75	6.16	5.03	3.74	5.8	8.27	10.0	7.88	8.31	
1738.0	64.0	4.0	4.0	8.77	9.23	3.72	8.85	5.81	6.92	9.03	6.95	6.41	10.06	10.37	9.92	9.09	8.1	9.11	5.78	8.83	8.62	8.69582714258877	
1739.0	47.0	15.0	15.0	9.32	4.84	7.75	4.42	5.59	9.08	7.86	4.01	4.64	4.15	6.48	9.9	4.04	8.5	9.59	7.91	4.08	7.03	3.63	
1740.0	88.0	4.0	4.0	5.53	4.4	8.89	5.94	6.79	6.33	6.03	8.73	9.89	8.52	8.3	7.52	9.02	7.2	4.13	3.61	8.14	5.41	8.72	
1741.0	84.0	12.0	12.0	7.69	8.02	9.88	5.67	4.94	8.35	8.56	4.55	7.88	9.3	9.64	8.67	6.68	10.49	9.2	8.84	3.92	9.44	8.410291972727595	
1742.0	1.0	11.0	11.0	8.83	9.73	7.47	8.27	4.74	7.64	9.04	7.66	5.12	8.42	8.81	8.12	6.48	9.47	5.65	8.92	7.79	7.15	9.461647739703277	
1743.0	83.0	5.0	5.0	9.75	5.85	9.97	9.14	4.02	7.77	9.83	6.65	6.37	7.1	3.55	5.5	9.94	8.53	4.48	4.06	7.0	8.68	10.15	
1744.0	10.0	15.0	15.0	10.12	8.09	3.75	10.43	5.58	9.95	5.1	3.88	8.93	8.0	9.71	8.71	6.97	5.29	4.82	8.85	6.59	8.22	5.5	
1745.0	82.0	6.0	6.0	5.08	9.94	9.51	8.64	8.92	9.37	4.42	7.03	7.2	7.94	6.33	7.86	6.65	9.07	9.83	7.89	6.06	6.02	6.41	
1746.0	84.0	12.0	12.0	10.15	4.89	8.09	7.64	6.18	4.88	4.78	8.5	6.2	5.69	4.46	8.64	3.55	8.71	7.48	6.44	5.14	5.6	3.9	
1747.0	45.0	5.0	5.0	10.22	4.4	5.96	5.32	5.69	9.87	7.73	9.71	4.25	4.22	8.27	5.58	6.6	7.24	9.54	6.91	9.79	3.57	10.42	
1748.0	91.0	9.0	9.0	7.66	10.39	6.21	3.77	8.91	3.68	4.9	9.37	5.12	5.7	3.5	6.36	9.24	9.4	4.3	3.57	7.96	8.7	4.5	
1749.0	66.0	12.0	12.0	3.61	6.35	9.35	4.13	9.18	10.17	3.83	4.04	8.25	9.19	4.8	7.65	8.95	7.76	10.01	8.33	3.7	8.5	4.97	
1750.0	100.0	14.0	14.0	10.33	9.71	10.16	8.51	5.86	6.0	10.21	10.2	9.55	4.34	7.94	7.8	8.06	3.75	4.26	6.92	8.98	7.33	6.0689428786057675	
1751.0	85.0	3.0	3.0	8.72	8.22	7.5	4.37	7.69	7.6	7.1	7.18	7.83	6.07	10.45	9.55	6.35	10.05	8.63	6.81	9.65	10.2	4.734835416171609	
1752.0	91.0	9.0	9.0	6.99	7.42	10.38	8.86	4.9	6.03	6.1	4.02	7.93	7.36	3.98	5.12	9.01	4.61	6.9	8.55	10.12	4.57	5.2	
1753.0	70.0	11.0	11.0	4.51	10.48	4.77	6.37	9.87	6.83	7.07	5.9	5.25	8.64	9.65	5.17	9.28	4.95	6.36	3.78	4.95	8.6	3.89	
1754.0	78.0	8.0	8.0	8.66	3.99	4.34	5.95	5.25	7.49	6.25	7.69	3.97	5.36	9.04	9.52	4.89	3.83	5.9	8.64	8.22	9.85	5.36	
1755.0	61.0	12.0	12.0	10.03	6.51	8.45	4.78	8.82	7.2	8.49	4.09	3.62	10.3	3.54	10.41	8.58	4.2	7.62	4.47	5.74	4.99	6.85	
1756.0	81.0	3.0	3.0	8.81	4.81	7.44	10.36	5.7	6.14	5.1	9.89	9.14	9.64	5.29	8.61	5.2	3.94	7.49	5.58	6.56	5.54	5.4	
1757.0	92.0	10.0	10.0	8.22	3.51	6.77	8.41	6.99	8.54	5.97	7.54	10.41	8.94	8.7	8.43	6.63	7.31	6.58	3.57	3.8	9.81	5.72	
1758.0	88.0	4.0	4.0	5.38	8.63	5.09	10.26	6.08	3.72	4.86	4.88	5.69	7.97	7.5	6.31	10.02	9.6	6.78	9.97	6.35	7.01	5.54	
1759.0	98.0	15.0	15.0	9.71	9.03	9.65	3.9	9.74	8.18	4.97	4.36	5.51	10.16	10.04	6.67	5.72	7.47	4.64	8.95	9.89	3.99	8.86	
1760.0	96.0	15.0	15.0	7.49	5.46	8.2	9.1	9.32	5.59	4.42	10.13	9.35	8.67	5.87	3.61	6.43	9.69	9.31	8.44	9.52	7.76	8.866794742855653	
1761.0	51.0	2.0	2.0	6.82	9.65	10.04	5.36	7.58	3.66	10.36	8.86	4.45	5.97	9.39	6.0	3.67	6.83	8.2	6.46	4.49	4.48	9.58	
1762.0	85.0	3.0	3.0	8.19	6.08	6.58	6.47	10.0	8.83	7.68	9.09	5.04	6.04	7.54	5.75	5.35	4.53	9.01	8.12	6.0	4.38	4.99	
1763.0	97.0	9.0	9.0	9.95	6.46	3.99	10.25	7.33	6.69	10.29	7.94	3.63	8.23	6.64	7.7	9.43	9.62	9.08	8.9	7.16	4.82	7.916390032140248	
1764.0	41.0	15.0	15.0	3.87	7.12	5.95	8.33	5.6	7.45	7.2	9.72	5.49	7.94	8.72	10.19	9.95	10.34	10.22	6.33	5.46	9.46	8.135170020846552	
1765.0	45.0	5.0	5.0	9.09	3.88	7.96	10.07	6.14	6.16	4.27	7.15	6.11	8.43	6.67	5.41	8.95	9.4	8.87	5.45	8.94	7.25	8.04	
1766.0	48.0	13.0	13.0	4.68	9.04	9.88	5.42	9.84	5.03	8.75	9.92	5.78	3.8	7.49	6.63	8.21	5.53	4.75	10.34	7.19	6.31	7.11	
1767.0	84.0	12.0	12.0	9.67	3.96	10.19	4.24	5.3	6.57	10.23	7.42	7.47	4.14	10.05	3.56	9.48	5.07	6.33	7.15	6.5	6.41	7.01	
1768.0	52.0	4.0	4.0	8.05	7.55	9.39	6.73	6.13	7.64	7.81	9.45	10.03	8.83	5.28	5.32	4.85	9.12	4.08	9.81	6.54	4.55	4.22	
1769.0	56.0	13.0	13.0	9.95	6.7	8.23	6.25	6.96	9.39	8.81	4.1	5.74	7.87	7.32	4.17	4.35	7.12	5.47	4.27	5.64	9.71	8.27	
1770.0	60.0	3.0	3.0	10.33	5.65	8.87	4.53	3.69	8.99	5.96	5.86	5.15	4.18	7.72	5.18	3.68	4.5	7.62	9.58	8.07	10.41	4.31	
1771.0	41.0	15.0	15.0	7.97	9.71	8.68	9.88	8.61	4.07	5.55	5.17	8.29	3.8	5.2	9.1	8.32	6.75	8.72	6.61	5.97	7.35	8.85	
1772.0	63.0	15.0	15.0	7.04	4.11	8.26	8.87	8.04	4.44	6.61	8.01	4.41	4.13	4.17	10.14	4.16	9.52	3.84	5.34	9.83	8.51	9.95	
1773.0	10.0	15.0	15.0	4.21	3.5	9.0	6.2	8.21	5.02	7.8	3.8	10.32	9.13	8.28	4.34	9.67	9.98	9.72	3.96	6.67	9.86	9.37	
1774.0	100.0	14.0	14.0	8.92	7.14	5.44	6.97	8.91	9.2	5.93	8.42	4.72	5.0	5.21	9.76	6.23	6.19	5.29	7.33	6.19	6.1	3.95	
1775.0	77.0	8.0	8.0	10.32	4.33	3.97	4.73	3.67	4.51	5.05	3.63	3.55	8.54	9.48	4.63	4.8	6.07	6.83	6.71	4.4	6.4	8.02	
1776.0	56.0	13.0	13.0	5.32	10.43	8.67	9.2	8.76	6.38	5.21	3.5	7.08	4.78	8.33	8.97	3.78	4.86	8.98	8.32	7.13	7.65	7.4	
1777.0	63.0	15.0	15.0	8.98	8.43	10.13	5.78	6.29	8.04	6.37	4.37	9.49	8.55	6.13	5.69	7.62	5.05	8.96	6.72	8.35	5.02	4.41	
1778.0	77.0	8.0	8.0	9.33	8.32	6.55	10.28	3.96	5.44	6.4	4.09	8.2	7.68	6.67	4.16	4.18	3.67	6.02	4.5	5.95	4.52	4.07	
1779.0	96.0	15.0	15.0	4.66	6.89	4.62	4.69	5.7	6.68	7.34	3.52	10.35	7.34	6.97	4.18	7.32	7.03	8.44	8.13	4.73	5.66	10.38	
1780.0	98.0	15.0	15.0	10.43	5.13	6.54	7.23	4.05	3.64	5.88	8.91	8.1	4.07	4.14	7.28	9.07	6.03	8.29	4.4	8.6	9.22	7.8	
1781.0	52.0	4.0	4.0	9.2	8.56	8.51	9.14	8.97	5.99	4.51	5.33	9.1	9.97	6.32	4.31	5.62	10.31	9.45	7.4	7.86	6.86	8.69	
1782.0	19.0	13.0	13.0	9.02	9.1	5.82	4.13	5.25	9.77	7.19	5.89	7.55	7.8	8.2	4.43	10.23	8.11	8.21	4.68	8.76	10.13	7.46	
1783.0	57.0	14.0	14.0	7.15	6.01	6.06	6.38	9.28	3.88	9.11	4.12	4.88	6.1	5.81	9.35	4.21	4.15	8.76	4.38	4.92	3.63	8.96	
1784.0	12.0	5.0	5.0	5.24	9.39	4.55	9.13	5.97	5.74	4.66	4.62	9.69	4.74	6.75	4.58	7.64	5.9	8.88	4.6	5.25	3.99	4.91	
1785.0	97.0	9.0	9.0	3.71	7.89	5.13	10.2	9.51	4.41	4.37	5.21	4.07	8.42	9.93	5.41	3.94	4.77	8.42	6.03	6.14	7.45	6.37	
1786.0	95.0	8.0	8.0	9.62	3.71	4.39	6.21	4.94	9.82	8.68	9.63	6.12	4.1	7.86	3.64	3.66	8.13	7.28	5.86	8.6	7.47	8.74	
1787.0	40.0	11.0	11.0	7.42	7.94	7.54	5.8	5.72	7.9	7.57	4.29	5.43	9.66	5.17	6.22	5.9	10.3	6.08	5.73	6.76	8.05	8.88	
1788.0	25.0	12.0	12.0	4.22	7.99	5.5	8.33	7.31	6.93	8.46	10.07	6.05	3.88	10.2	10.23	5.42	4.41	3.94	6.91	4.39	7.88	8.45	
1789.0	98.0	15.0	15.0	3.56	9.73	9.69	10.29	4.91	6.41	6.23	5.88	9.01	7.28	9.25	8.48	4.89	5.31	5.28	9.06	7.38	8.85	9.46	
1790.0	79.0	7.0	7.0	4.97	6.72	9.81	10.17	4.14	10.37	10.33	6.76	7.91	9.39	7.43	7.68	5.87	4.42	8.1	4.72	9.73	4.26	7.13	
1791.0	63.0	15.0	15.0	4.26	7.65	4.78	10.3	7.99	6.27	3.98	6.99	5.35	10.48	10.38	4.75	6.48	7.42	7.76	9.38	7.27	5.12	6.46	
1792.0	78.0	8.0	8.0	8.24	3.62	10.37	9.7	10.14	8.87	7.08	5.14	8.58	3.69	7.81	7.87	9.66	3.91	3.65	6.56	7.5	3.72	9.82	
1793.0	47.0	15.0	15.0	6.65	4.07	9.34	6.6	4.58	7.12	5.13	3.85	9.93	5.4	4.39	8.89	5.94	7.46	3.69	4.31	5.85	4.89	7.85	
1794.0	81.0	3.0	3.0	9.97	5.34	9.94	9.57	6.66	5.64	3.89	10.22	5.82	7.6	3.64	5.96	3.65	5.73	5.14	4.01	7.18	5.34	5.92	
1795.0	75.0	8.0	8.0	9.1	10.09	4.77	4.62	7.05	9.01	5.73	5.76	7.3	9.44	4.08	6.77	8.25	8.97	9.99	10.25	4.9	6.12	6.11	
1796.0	68.0	5.0	5.0	6.07	4.28	6.67	8.11	6.8	6.38	4.82	4.9	5.63	9.02	9.47	8.79	5.61	7.91	5.99	7.16	6.54	6.44	9.95	
1797.0	74.0	1.0	1.0	6.35	5.13	7.59	5.29	10.37	9.85	4.62	7.49	8.64	8.26	4.12	3.57	7.86	9.99	6.35	9.29	5.03	6.2	9.34	
1798.0	43.0	13.0	13.0	3.92	10.05	5.64	3.63	8.17	6.56	8.39	9.21	10.33	6.02	10.12	8.5	9.29	4.26	7.79	10.11	10.18	8.27	4.199617073302263	
1799.0	46.0	14.0	14.0	8.53	5.87	8.59	4.96	7.04	7.8	6.43	7.58	5.24	10.47	4.22	5.38	5.73	7.59	9.93	9.96	4.12	10.18	9.96	
1800.0	65.0	11.0	11.0	6.66	6.72	4.28	5.82	9.84	6.65	4.82	7.95	5.49	6.38	5.36	7.01	10.02	3.99	7.79	6.93	8.07	5.73	4.05	
1801.0	52.0	4.0	4.0	5.25	4.11	5.04	7.1	6.81	8.3	6.95	4.53	6.92	4.26	3.53	3.55	6.64	4.38	9.01	5.06	4.12	7.62	7.38	
1802.0	67.0	3.0	3.0	9.86	9.91	4.68	9.68	5.5	8.45	7.96	5.36	9.06	5.26	6.05	5.27	8.37	5.66	7.36	9.15	5.85	3.96	9.48	
1803.0	65.0	11.0	11.0	7.05	6.47	9.97	8.52	4.23	5.41	6.8	5.98	3.8	8.1	4.17	7.94	7.45	6.53	5.11	6.19	4.35	4.11	4.44	
1804.0	60.0	3.0	3.0	4.3	5.53	6.06	9.48	9.0	8.71	10.2	5.97	7.83	3.62	7.4	9.65	4.52	6.19	7.92	6.78	5.38	7.29	6.35	
1805.0	78.0	8.0	8.0	8.51	3.99	5.15	4.95	5.34	4.47	5.81	7.55	5.21	8.94	9.77	7.27	5.13	7.74	6.33	8.47	7.94	8.43	10.19	
1806.0	79.0	7.0	7.0	6.5	4.73	9.23	8.15	3.56	4.24	7.74	10.03	10.19	4.62	6.19	6.13	8.39	5.1	8.02	7.73	6.72	10.23	4.33	
1807.0	84.0	12.0	12.0	7.0	4.46	7.74	8.44	9.15	6.16	6.84	7.61	5.97	4.04	7.73	4.73	5.28	6.72	8.24	5.54	10.17	3.52	10.14	
1808.0	88.0	4.0	4.0	8.28	7.53	9.73	4.12	7.34	6.76	5.22	5.2	9.89	6.27	10.22	5.7	7.73	7.74	7.64	9.27	8.44	5.06	7.52	
1809.0	95.0	8.0	8.0	10.28	9.18	4.4	7.71	6.48	3.67	7.67	4.95	3.94	5.88	5.6	3.77	8.45	9.81	4.21	8.28	6.84	6.97	5.85	
1810.0	25.0	12.0	12.0	7.5	5.55	8.47	5.9	5.11	5.44	3.55	4.44	5.78	6.65	8.67	8.52	6.64	5.11	8.68	5.38	6.05	3.99	7.24	
1811.0	90.0	4.0	4.0	7.29	8.35	9.24	4.45	3.58	9.68	9.09	10.09	8.3	8.04	5.73	4.64	8.24	7.37	3.8	7.5	6.42	4.7	5.61	
1812.0	89.0	14.0	14.0	4.12	6.98	3.99	7.71	7.38	6.46	9.72	8.47	10.25	5.58	4.77	9.66	6.71	5.39	4.91	8.15	5.58	9.03	9.02	
1813.0	99.0	12.0	12.0	4.76	9.4	4.68	7.69	8.57	5.23	9.5	9.73	3.5	3.59	3.56	9.97	5.83	3.61	3.56	9.53	6.02	6.31	8.42	
1814.0	72.0	11.0	11.0	4.36	3.73	5.0	4.01	7.92	5.41	7.48	7.12	6.47	7.52	4.84	9.67	3.62	8.52	9.56	7.99	7.92	8.96	9.84	
1815.0	100.0	14.0	14.0	4.28	3.54	4.88	10.46	7.29	3.73	8.87	9.19	6.26	10.29	5.54	8.01	3.92	6.63	8.91	8.91	10.2	10.5	4.59	
1816.0	56.0	13.0	13.0	7.81	5.57	8.82	9.66	9.19	3.97	7.25	9.51	6.35	9.95	6.08	8.86	9.54	3.96	9.65	8.12	3.98	8.67	9.85	
1817.0	83.0	5.0	5.0	4.07	10.12	5.11	7.89	4.14	10.03	7.46	9.46	8.66	4.99	9.67	9.14	7.17	6.81	3.9	10.44	5.89	4.5	8.7	
1818.0	36.0	15.0	15.0	5.61	7.93	8.77	5.48	6.12	9.17	4.5	6.9	3.66	9.43	5.62	7.25	7.71	9.14	7.92	5.34	10.27	7.33	9.76	
1819.0	45.0	5.0	5.0	8.84	7.49	9.51	4.39	10.48	3.6	6.53	9.47	7.85	5.23	8.85	5.42	3.65	8.47	5.42	8.08	3.64	9.64	7.43	
1820.0	81.0	3.0	3.0	4.4	10.21	9.85	6.42	6.21	8.62	6.89	9.93	8.74	9.87	4.33	5.19	10.37	6.16	8.11	10.31	5.79	4.98	8.46	
1821.0	39.0	14.0	14.0	9.64	5.67	9.68	5.24	4.07	5.7	5.82	9.8	9.5	4.93	9.27	8.19	6.56	6.52	9.22	6.81	5.04	5.51	8.16	
1822.0	23.0	7.0	7.0	4.25	3.97	4.84	3.74	3.62	10.24	6.81	6.42	4.38	3.98	4.96	5.42	5.39	6.72	4.74	4.77	4.43	4.04	9.48	
1823.0	26.0	1.0	1.0	7.59	6.52	6.6	5.95	9.95	4.54	7.66	9.72	7.07	8.9	6.85	6.71	5.21	4.13	10.46	3.74	8.16	9.47	9.49	
1824.0	30.0	14.0	14.0	3.56	6.68	5.11	7.22	8.94	4.29	9.44	5.56	7.95	4.42	5.19	7.97	7.06	9.01	8.84	7.46	4.41	4.97	7.83	
1825.0	87.0	5.0	5.0	4.92	7.41	7.22	7.76	5.83	7.17	4.6	9.16	4.81	5.55	5.88	6.75	5.75	6.95	5.7	8.71	5.01	10.28	4.91	
1826.0	80.0	3.0	3.0	9.15	7.9	8.34	8.09	8.27	8.24	8.15	5.08	7.57	3.74	6.71	5.67	4.09	7.43	5.76	7.57	7.66	7.02	9.37	
1827.0	38.0	5.0	5.0	8.34	6.72	7.47	8.66	7.1	10.28	3.87	8.98	7.32	9.61	5.59	10.28	5.36	5.21	6.91	10.09	6.52	6.43	9.71	
1828.0	97.0	9.0	9.0	4.77	9.48	8.97	5.22	4.12	4.47	7.78	10.08	5.02	9.05	6.02	3.52	6.64	5.82	6.82	7.56	6.04	4.36	6.14	
1829.0	96.0	15.0	15.0	5.73	6.05	5.42	3.94	8.71	6.24	9.1	5.89	6.22	4.88	4.69	6.04	6.99	9.41	8.46	4.13	7.85	7.91	6.35	
1830.0	29.0	2.0	2.0	5.88	6.46	4.95	7.29	7.57	4.49	4.52	3.56	9.09	8.86	10.35	4.87	8.15	7.46	7.59	7.15	9.14	9.55	8.91	
1831.0	31.0	8.0	8.0	5.46	4.6	9.05	7.11	5.75	4.33	9.89	3.86	4.18	9.03	5.97	5.6	5.33	3.79	8.33	5.95	8.5	4.21	8.43	
1832.0	88.0	4.0	4.0	6.57	6.08	4.88	6.36	3.69	5.04	5.9	8.75	6.95	8.04	5.51	6.05	5.98	3.59	5.32	3.78	7.16	9.24	7.69	
1833.0	65.0	11.0	11.0	6.3	10.23	4.75	8.6	7.78	9.64	6.2	8.48	10.41	7.81	4.79	10.06	5.6	7.59	4.77	10.26	7.23	7.61	10.046108950183175	
1834.0	89.0	14.0	14.0	7.9	8.54	4.15	6.75	4.94	4.96	8.58	4.14	7.14	9.78	4.18	7.23	8.17	9.49	5.64	6.04	5.77	9.54	8.95	
1835.0	22.0	6.0	6.0	7.44	5.68	6.02	10.43	6.83	6.97	10.27	6.3	7.53	3.73	6.72	9.41	6.38	8.31	7.48	7.53	4.37	10.25	5.89	
1836.0	26.0	1.0	1.0	4.93	4.03	8.88	7.46	4.71	5.99	8.29	7.56	8.26	6.49	7.88	6.98	6.65	5.5	10.09	10.42	4.16	8.87	10.03	
1837.0	76.0	6.0	6.0	7.08	8.85	9.67	10.46	5.24	4.42	8.97	10.03	8.37	5.3	9.9	5.31	8.07	9.33	5.84	7.35	8.2	6.55	4.682970955033229	
1838.0	84.0	12.0	12.0	9.8	5.18	7.82	7.16	6.05	6.9	4.15	8.55	7.67	9.14	3.99	4.7	3.61	3.74	7.24	4.26	5.69	5.07	8.68	
1839.0	100.0	14.0	14.0	4.61	7.55	8.86	4.56	3.7	9.36	5.2	5.11	9.39	8.22	8.93	10.49	6.3	4.38	4.57	5.08	7.94	6.63	4.51	
1840.0	39.0	14.0	14.0	10.08	8.16	5.25	6.4	8.95	6.33	6.48	7.2	5.58	6.08	8.24	7.15	5.26	7.68	4.96	9.54	4.7	9.09	6.51	
1841.0	89.0	14.0	14.0	5.5	5.82	7.84	5.33	7.5	5.71	4.21	4.01	8.41	4.96	6.83	6.62	6.37	6.01	8.02	5.35	8.86	4.57	6.04	
1842.0	61.0	12.0	12.0	7.02	7.52	4.28	9.77	4.4	9.31	5.08	9.1	6.45	5.72	5.25	8.54	4.19	5.38	5.94	8.5	10.45	6.4	5.43	
1843.0	82.0	6.0	6.0	5.53	9.61	9.19	3.73	9.77	9.18	5.39	6.44	6.64	3.9	8.81	5.26	8.01	5.14	9.93	8.92	4.24	6.49	4.27	
1844.0	29.0	2.0	2.0	8.54	7.32	7.57	4.71	4.62	3.83	7.36	4.77	8.92	5.14	8.45	8.15	7.74	3.62	4.45	8.26	8.46	10.28	9.61	
1845.0	91.0	9.0	9.0	8.08	4.66	10.31	5.04	4.64	4.09	8.03	8.21	5.73	5.98	9.64	5.56	3.53	5.01	5.6	9.28	5.17	9.37	7.58	
1846.0	35.0	10.0	10.0	9.87	3.8	7.14	10.38	9.23	6.49	7.33	8.73	5.41	5.49	4.39	10.01	8.41	8.01	5.01	5.03	5.02	8.11	5.5	
1847.0	38.0	5.0	5.0	6.15	6.62	7.38	7.1	9.59	4.71	4.53	5.59	6.58	7.83	5.12	7.46	5.82	10.26	8.27	8.09	10.0	8.25	5.62	
1848.0	23.0	7.0	7.0	7.19	5.06	7.98	5.5	9.98	7.66	5.08	10.35	10.17	5.7	6.27	6.27	5.06	5.26	5.95	7.14	6.14	3.7	6.27	
1849.0	91.0	9.0	9.0	5.02	8.08	6.66	7.72	7.74	7.35	7.92	9.58	5.98	10.32	3.84	9.18	4.77	10.47	5.14	9.77	4.02	10.36	9.46	
1850.0	29.0	2.0	2.0	4.14	5.36	5.99	6.09	8.66	8.71	6.5	8.42	9.21	5.65	4.61	4.51	10.05	9.5	10.31	5.23	8.99	8.25	7.0	
1851.0	99.0	12.0	12.0	6.02	9.96	4.34	8.95	9.94	4.58	6.14	8.97	7.2	5.01	10.22	6.68	6.59	4.05	6.04	8.7	3.6	5.96	8.49	
1852.0	34.0	14.0	14.0	8.86	4.16	9.21	6.83	5.76	8.26	9.65	8.15	3.91	10.2	10.17	5.94	10.05	6.74	8.89	6.89	5.08	7.73	7.44	
1853.0	37.0	5.0	5.0	9.96	10.19	9.89	4.94	4.71	7.08	9.5	5.1	4.67	5.19	8.3	5.73	5.29	5.75	6.99	4.59	6.95	6.82	7.85	
1854.0	75.0	8.0	8.0	9.1	5.76	9.71	8.52	10.26	3.61	8.76	9.96	7.64	10.06	5.28	7.65	4.09	5.69	8.46	7.07	10.08	9.59	9.266156274800503	
1855.0	64.0	4.0	4.0	6.16	6.53	7.68	5.48	4.68	5.73	5.49	5.8	5.09	8.5	8.36	6.26	7.22	7.83	4.24	10.14	6.73	7.69	5.0	
1856.0	85.0	3.0	3.0	5.24	4.24	5.65	8.24	8.54	6.08	6.0	8.98	9.51	4.33	5.9	5.33	9.82	3.55	3.84	8.33	9.52	6.45	4.83	
1857.0	69.0	12.0	12.0	7.83	7.69	7.02	5.25	9.62	9.63	9.98	7.99	8.48	9.7	9.29	4.05	9.38	6.08	6.52	7.49	6.37	5.06	8.96	
1858.0	80.0	3.0	3.0	7.43	10.42	3.96	4.83	4.66	7.91	9.34	5.05	9.45	7.0	9.02	7.54	9.57	6.33	7.57	7.72	5.88	7.97	8.19	
1859.0	34.0	14.0	14.0	6.92	9.49	6.96	3.65	6.71	7.95	3.85	6.46	6.45	3.92	4.79	4.76	9.98	4.98	8.77	4.16	4.93	5.77	6.3	
1860.0	38.0	5.0	5.0	5.39	10.21	9.81	7.71	9.6	9.97	7.8	9.47	7.68	5.08	6.24	6.03	7.18	5.68	4.96	3.95	8.9	6.02	9.54	
1861.0	92.0	10.0	10.0	5.8	3.76	5.35	7.6	7.4	5.92	4.11	8.03	5.34	6.52	5.42	4.5	9.85	5.38	4.23	5.53	9.26	6.88	5.43	
1862.0	67.0	3.0	3.0	9.76	8.36	9.48	7.48	6.3	9.46	6.79	8.27	5.58	4.41	4.36	9.17	6.23	4.45	6.49	3.75	7.21	8.53	3.68	
1863.0	4.0	9.0	9.0	9.97	3.58	8.31	7.15	4.2	7.37	8.39	4.12	6.46	4.03	6.18	6.88	9.8	9.51	6.38	5.42	4.88	4.25	3.51	
1864.0	30.0	14.0	14.0	7.36	9.01	6.28	5.53	6.31	4.45	5.93	10.35	8.32	5.67	6.98	5.27	9.3	7.13	7.31	7.03	5.37	9.8	8.36	
1865.0	73.0	13.0	13.0	3.84	7.5	8.3	9.55	8.54	6.69	9.17	8.06	4.36	5.98	5.81	5.61	6.79	7.25	6.21	3.7	4.35	4.09	9.75	
1866.0	35.0	10.0	10.0	9.22	4.32	7.62	5.09	7.92	6.13	5.61	5.44	3.71	5.03	9.31	6.77	6.52	7.21	5.26	4.12	3.98	4.34	5.69	
1867.0	80.0	3.0	3.0	6.4	8.67	4.43	10.16	4.48	4.02	4.4	5.06	5.25	6.91	7.88	4.7	3.8	5.73	7.39	4.76	9.71	9.1	8.82	
1868.0	97.0	9.0	9.0	8.91	5.49	8.25	5.89	7.41	5.17	5.92	4.28	4.7	5.28	8.87	4.35	6.76	4.63	5.51	6.18	7.79	9.78	6.75	
1869.0	99.0	12.0	12.0	8.1	5.27	3.9	8.52	8.02	5.05	6.78	9.89	5.6	6.42	5.27	8.63	9.98	5.76	6.84	8.29	8.25	3.93	4.17	
1870.0	83.0	5.0	5.0	5.01	8.87	4.69	4.32	9.97	9.23	4.61	9.56	6.46	4.96	8.63	4.13	8.91	7.3	9.18	4.1	7.23	4.54	6.23	
1871.0	82.0	6.0	6.0	9.3	8.35	6.17	4.53	4.73	5.4	4.93	9.64	7.24	4.9	4.72	5.43	7.76	8.63	7.9	9.14	4.81	9.06	9.46	
1872.0	91.0	9.0	9.0	3.55	4.32	9.92	4.06	5.87	5.59	9.12	9.91	10.13	8.91	10.33	6.8	7.94	6.45	7.68	4.19	9.93	6.68	6.41	
1873.0	71.0	11.0	11.0	9.36	3.99	8.51	7.06	9.98	7.95	7.85	9.0	7.71	6.36	5.96	6.91	6.5	10.05	8.79	9.38	7.34	3.55	10.05	
1874.0	98.0	15.0	15.0	7.81	9.16	6.99	4.53	5.93	3.58	4.39	9.25	5.58	6.69	5.81	5.54	8.93	4.04	7.55	10.48	7.0	7.11	6.09	
1875.0	69.0	12.0	12.0	7.7	7.63	8.89	9.55	5.15	7.55	6.61	7.43	5.72	9.1	3.88	10.1	6.54	8.14	10.35	3.81	7.18	9.1	3.6	
1876.0	67.0	3.0	3.0	4.56	10.16	8.53	3.81	3.59	7.37	9.01	9.5	5.29	8.26	6.42	7.47	7.47	4.45	3.62	6.1	3.78	3.92	6.25	
1877.0	77.0	8.0	8.0	6.03	3.78	7.18	4.49	6.12	5.07	6.19	9.15	9.44	10.46	9.32	3.94	5.67	4.87	8.97	7.58	9.62	8.55	6.46	
1878.0	75.0	8.0	8.0	7.57	4.62	6.51	9.43	6.44	9.59	8.15	6.2	9.26	6.83	8.52	4.0	4.4	6.23	6.3	8.3	4.25	8.69	6.95	
1879.0	91.0	9.0	9.0	3.86	6.74	7.07	7.03	5.39	5.47	10.23	9.89	4.15	5.31	4.89	9.86	8.21	8.44	5.48	7.41	8.42	4.57	7.39	
1880.0	86.0	15.0	15.0	8.65	9.04	5.61	6.0	5.02	5.27	10.36	6.13	5.98	9.55	9.76	9.7	6.74	9.74	9.06	9.86	9.28	3.91	3.772832371941645	
1881.0	89.0	14.0	14.0	7.6	9.05	8.9	9.7	5.94	6.83	4.88	7.12	3.81	6.49	9.23	8.77	4.15	5.27	5.51	5.34	4.49	8.51	3.57	
1882.0	79.0	7.0	7.0	10.01	5.31	9.04	4.81	8.29	6.7	6.21	8.66	9.47	6.86	8.5	10.16	10.12	5.82	4.18	7.67	8.55	8.71	5.730714290477651	
1883.0	84.0	12.0	12.0	5.54	5.82	8.05	6.45	6.12	8.28	9.34	6.03	8.8	3.75	9.2	7.38	4.5	4.09	6.97	6.47	4.31	8.88	8.42	
1884.0	81.0	3.0	3.0	6.8	8.47	6.32	9.86	8.6	9.34	6.85	5.35	9.79	8.6	4.93	7.6	9.85	9.52	8.34	9.18	6.42	9.62	10.472619003800984	
1885.0	65.0	11.0	11.0	9.07	8.23	5.16	4.31	6.64	6.13	8.8	5.48	4.33	6.72	8.34	7.37	9.63	6.53	6.17	3.51	6.16	7.46	8.28	
1886.0	82.0	6.0	6.0	4.45	9.36	5.36	3.83	8.17	9.6	6.16	10.39	9.14	8.83	6.12	9.68	10.14	4.71	10.29	3.73	9.81	8.68	2.9327598577871816E-4	
1887.0	94.0	13.0	13.0	8.93	7.3	8.7	9.08	9.07	7.86	7.3	4.67	9.68	9.97	8.3	9.34	4.7	4.93	9.71	8.17	5.72	4.3	9.34	
1888.0	100.0	14.0	14.0	5.89	5.8	6.74	5.24	7.43	4.54	7.99	4.67	5.12	4.33	6.6	10.14	4.59	4.52	5.73	4.7	9.43	10.32	7.83	
1889.0	62.0	7.0	7.0	9.2	9.17	5.76	4.83	3.8	7.17	3.88	5.61	5.61	9.9	9.46	6.25	10.23	3.78	3.54	5.39	8.77	9.3	8.82	
1890.0	28.0	8.0	8.0	3.72	8.78	9.56	5.66	6.98	4.9	8.52	10.06	6.85	9.54	9.09	8.95	8.55	5.1	4.57	4.06	8.68	10.49	8.49	
1891.0	88.0	4.0	4.0	6.93	4.97	7.94	6.03	6.16	4.26	4.63	8.03	9.76	6.73	6.11	6.21	8.78	5.96	4.09	9.45	10.42	7.28	3.71	
1892.0	68.0	5.0	5.0	8.03	7.84	5.09	10.48	10.02	10.13	8.43	6.05	5.2	4.78	8.99	5.0	9.2	4.24	5.82	6.91	8.39	7.64	7.27	
1893.0	74.0	1.0	1.0	7.75	8.18	6.42	8.44	3.71	10.16	5.77	8.96	5.6	3.63	10.27	7.45	10.16	3.73	6.22	6.87	5.54	9.22	6.71	
1894.0	95.0	8.0	8.0	4.57	8.7	8.46	8.71	4.98	6.03	8.29	8.47	8.47	7.26	9.46	5.36	9.66	4.61	6.54	7.56	6.37	9.87	8.06	
1895.0	95.0	8.0	8.0	6.03	7.9	5.21	5.52	9.94	8.76	9.24	5.22	7.37	10.3	9.51	9.98	4.67	8.39	10.28	6.98	6.48	5.08	4.33	
1896.0	47.0	15.0	15.0	5.62	7.7	9.12	7.89	8.37	10.32	8.82	4.39	9.28	8.96	6.19	9.85	7.0	5.55	6.51	10.29	7.65	7.64	1.7055932688166566	
1897.0	96.0	15.0	15.0	5.56	3.61	5.68	7.4	8.44	4.68	7.85	6.11	4.32	9.5	7.89	9.23	6.04	9.54	5.31	9.61	5.04	7.07	4.53	
1898.0	85.0	3.0	3.0	6.65	6.1	6.91	8.65	4.54	5.25	9.47	5.79	8.92	7.68	6.2	10.06	8.38	7.47	8.6	4.18	9.52	6.83	7.16	
1899.0	84.0	12.0	12.0	4.69	3.72	9.42	8.96	8.78	4.39	7.13	7.24	5.61	8.79	5.19	8.86	3.7	8.03	7.11	4.35	9.38	3.99	4.47	
1900.0	59.0	9.0	9.0	8.2	10.41	8.99	3.78	4.86	7.74	7.16	8.04	6.55	8.37	4.49	4.56	9.94	4.07	3.67	6.83	6.77	4.81	7.03	
1901.0	82.0	6.0	6.0	4.15	8.76	4.97	10.43	4.5	7.71	9.92	10.11	4.66	8.85	7.78	5.75	6.13	9.6	5.08	5.85	5.37	3.71	6.52	
1902.0	54.0	10.0	10.0	7.47	9.03	5.34	8.61	4.64	5.87	5.99	9.85	3.85	6.39	9.07	9.85	6.09	10.46	7.38	5.7	4.9	4.97	3.6	
1903.0	69.0	12.0	12.0	5.46	10.48	7.3	5.68	5.4	10.24	9.02	4.29	9.56	8.05	7.76	4.1	4.31	8.19	4.89	7.52	4.91	6.82	4.81	
1904.0	84.0	12.0	12.0	10.22	4.06	9.1	7.08	4.07	6.93	5.61	9.86	8.63	9.32	3.64	4.61	4.07	6.64	8.37	9.62	6.02	7.14	5.27	
1905.0	78.0	8.0	8.0	6.39	4.37	10.29	7.07	8.57	5.72	9.83	5.98	7.64	7.1	10.2	5.32	4.89	3.71	7.86	7.54	7.57	5.55	6.68	
1906.0	87.0	5.0	5.0	8.92	4.76	7.31	7.5	4.86	4.53	3.71	5.86	4.03	4.08	9.03	5.85	4.8	8.93	4.74	8.25	8.79	4.48	10.38	
1907.0	71.0	11.0	11.0	5.24	4.82	10.07	4.48	6.28	5.56	6.36	8.67	4.27	8.05	5.95	5.55	8.4	8.48	4.07	3.89	8.64	9.4	7.74	
1908.0	65.0	11.0	11.0	7.14	9.82	9.17	3.92	9.16	6.22	9.5	9.54	4.62	4.54	9.97	5.62	7.7	4.64	6.92	4.62	9.05	4.87	4.49	
1909.0	66.0	12.0	12.0	5.37	6.71	9.46	6.13	9.71	5.41	3.53	9.93	8.57	9.63	8.88	7.41	9.47	4.02	5.25	5.87	9.57	6.56	5.2	
1910.0	71.0	11.0	11.0	3.9	4.42	4.98	10.37	9.48	6.01	4.21	6.49	9.04	8.62	9.01	5.74	8.73	6.74	4.78	9.03	6.89	6.96	4.55	
1911.0	16.0	14.0	14.0	5.06	6.86	7.82	5.92	6.3	6.49	8.95	3.77	4.8	9.77	5.69	8.08	8.59	7.89	7.9	4.03	3.65	10.07	4.64	
1912.0	64.0	4.0	4.0	8.27	9.72	6.13	10.05	9.97	4.61	6.3	5.04	7.2	4.28	5.47	5.06	6.24	9.64	7.77	7.08	6.75	9.03	5.81	
1913.0	63.0	15.0	15.0	6.6	10.48	7.61	8.88	8.05	10.15	4.64	6.5	10.28	3.6	7.49	9.38	6.39	5.55	9.96	4.85	5.23	5.84	4.59	
1914.0	99.0	12.0	12.0	4.35	6.51	10.04	8.47	3.69	3.78	7.71	6.1	4.17	9.24	9.01	7.06	4.98	4.96	4.05	3.83	3.87	6.9	5.53	
1915.0	7.0	11.0	11.0	8.01	9.29	6.12	5.22	9.16	8.53	5.63	8.3	6.92	5.76	8.11	4.17	7.67	10.38	6.64	4.69	6.29	3.84	7.08	
1916.0	67.0	3.0	3.0	4.78	5.84	8.78	8.21	5.28	5.92	4.92	4.66	6.48	10.44	6.75	8.58	8.71	10.05	8.71	6.56	5.66	4.16	9.48	
1917.0	93.0	4.0	4.0	10.22	8.54	9.9	7.38	8.58	4.13	9.75	10.05	5.38	7.65	4.18	9.26	10.14	7.44	7.04	10.32	9.68	6.499151936423683	5.0382027828154685	
1918.0	89.0	14.0	14.0	9.21	9.14	6.31	8.85	8.15	9.9	4.17	8.7	6.9	9.65	5.8	5.71	5.51	9.73	9.85	9.92	5.51	5.58	3.6303265692667344	
1919.0	35.0	10.0	10.0	10.03	4.42	6.16	6.08	6.74	9.73	7.47	3.89	6.85	5.21	5.46	7.91	4.99	4.37	8.36	7.9	6.86	4.36	4.21	
1920.0	39.0	14.0	14.0	4.63	9.66	8.11	10.32	6.87	10.17	6.74	4.04	9.24	7.72	4.19	5.19	9.14	7.25	10.33	3.89	7.38	7.76	6.91	
1921.0	100.0	14.0	14.0	6.32	7.36	7.79	6.29	8.61	7.79	4.9	7.51	10.05	5.11	10.0	7.13	10.03	4.36	4.73	5.13	6.67	3.87	6.95	
1922.0	96.0	15.0	15.0	6.09	6.29	8.14	5.43	8.31	9.52	9.73	7.98	7.55	10.05	6.47	8.6	6.03	7.43	7.0	3.7	7.99	10.39	4.39	
1923.0	68.0	5.0	5.0	9.29	6.71	9.35	6.71	7.82	10.17	7.4	8.15	8.1	8.54	9.82	6.2	6.65	3.9	7.8	8.2	6.76	7.06	9.304783320201857	
1924.0	76.0	6.0	6.0	6.38	4.04	7.91	4.81	6.39	10.08	7.29	6.21	7.85	6.94	8.31	5.04	9.89	8.34	8.01	4.74	6.42	8.11	6.14	
1925.0	56.0	13.0	13.0	3.67	4.76	5.51	9.56	3.58	10.39	4.44	5.28	4.43	5.04	7.45	3.88	7.03	4.56	6.2	8.96	9.22	6.67	8.2	
1926.0	64.0	4.0	4.0	4.54	9.15	5.54	5.18	4.8	4.5	6.36	6.48	7.72	8.24	7.81	6.64	4.68	5.98	4.96	8.6	5.55	6.44	7.54	
1927.0	96.0	15.0	15.0	9.79	6.17	9.37	7.4	8.57	7.43	5.4	10.36	8.76	9.67	8.65	7.31	4.64	7.87	3.95	10.21	4.93	5.63	6.39	
1928.0	96.0	15.0	15.0	4.04	9.34	5.52	7.74	5.47	7.44	6.29	7.65	7.62	9.59	8.72	6.99	7.17	8.95	9.78	8.97	7.5	6.73	7.59	
1929.0	95.0	8.0	8.0	9.43	6.94	4.1	8.49	9.48	10.17	8.59	4.29	8.16	4.29	10.43	6.9	8.18	3.85	4.62	8.01	9.7	8.6	5.87	
1930.0	5.0	15.0	15.0	5.15	6.6	8.29	4.12	4.53	9.82	8.08	9.28	10.06	4.14	4.25	4.65	10.37	10.17	8.07	6.39	4.04	3.55	5.08	
1931.0	92.0	10.0	10.0	9.17	9.69	9.91	10.28	4.53	9.76	6.14	10.03	3.9	4.39	7.96	7.03	9.41	7.14	3.61	5.28	5.63	7.2	10.41	
1932.0	20.0	4.0	4.0	6.47	4.67	10.44	8.96	8.48	6.09	7.64	6.46	9.94	10.49	9.43	8.39	4.69	4.36	6.14	5.3	4.86	4.88	4.48	
1933.0	82.0	6.0	6.0	7.52	6.22	5.48	9.34	9.39	6.75	7.19	9.42	3.67	4.19	9.57	6.08	8.49	9.58	8.35	5.74	6.65	3.92	5.14	
1934.0	100.0	14.0	14.0	6.58	6.0	3.75	3.84	4.59	5.52	5.07	3.87	6.04	4.67	9.43	6.94	7.55	8.11	5.07	5.89	9.64	6.69	6.26	
1935.0	84.0	12.0	12.0	4.77	5.22	4.41	4.39	6.83	6.53	7.85	10.47	7.43	3.7	10.34	9.86	4.79	6.33	7.37	3.62	8.89	9.56	4.02	
1936.0	98.0	15.0	15.0	5.33	5.18	5.81	8.97	6.47	8.7	5.37	5.41	3.5	9.15	9.43	5.81	9.26	10.0	9.79	9.09	6.04	9.46	8.66	
1937.0	91.0	9.0	9.0	7.6	5.99	7.52	9.7	6.91	8.75	6.61	6.88	3.95	7.25	8.75	8.64	4.94	4.42	10.29	8.74	10.48	10.01	8.06	
1938.0	81.0	3.0	3.0	9.78	7.36	8.3	5.81	3.5	6.68	4.45	10.08	4.61	9.47	8.58	5.82	8.9	6.3	4.14	6.18	6.74	4.02	6.08	
1939.0	70.0	11.0	11.0	6.55	3.69	6.37	8.84	7.92	4.88	6.19	5.18	8.6	5.41	6.48	7.61	3.72	8.71	3.55	7.02	3.58	9.25	5.74	
1940.0	97.0	9.0	9.0	3.7	4.62	10.4	9.71	7.5	6.99	4.63	7.29	7.0	9.03	9.46	7.78	4.7	9.16	9.5	5.5	7.31	5.67	7.16	
1941.0	61.0	12.0	12.0	8.46	5.33	4.53	8.83	3.69	7.79	7.38	6.74	6.88	7.96	9.56	8.73	9.69	5.81	4.68	3.72	7.2	5.57	10.43	
1942.0	50.0	9.0	9.0	3.54	4.86	5.75	4.12	4.05	3.75	5.12	7.51	4.64	6.09	6.04	7.79	4.39	4.93	5.52	5.46	9.3	6.37	9.18	
1943.0	86.0	15.0	15.0	6.52	4.14	6.98	5.34	6.76	9.98	6.24	5.53	5.01	4.76	3.68	5.47	7.55	3.74	8.52	5.95	9.98	7.17	4.75	
1944.0	67.0	3.0	3.0	7.8	3.72	9.59	9.45	5.78	7.48	4.33	9.38	10.39	3.67	4.57	4.36	5.93	8.21	8.78	6.91	10.32	5.84	5.04	
1945.0	68.0	5.0	5.0	6.86	9.51	9.49	6.64	8.21	9.84	9.16	4.69	3.81	3.55	5.33	8.21	4.91	9.47	4.48	9.92	8.43	6.58	7.09	
1946.0	88.0	4.0	4.0	6.97	7.38	3.59	10.22	4.59	6.07	8.2	9.64	10.47	7.13	6.44	5.4	6.54	7.75	4.6	7.57	5.17	7.58	6.42	
1947.0	39.0	14.0	14.0	8.2	5.48	4.02	5.98	3.94	3.77	4.64	6.41	7.34	4.76	5.09	5.28	6.3	6.26	8.49	7.65	3.56	5.33	5.34	
1948.0	90.0	4.0	4.0	4.04	8.35	6.96	8.21	9.3	7.96	10.1	5.46	7.48	3.76	4.49	9.75	7.62	9.6	9.01	4.97	9.33	8.55	4.62	
1949.0	97.0	9.0	9.0	8.83	3.61	8.29	4.14	5.09	5.23	5.6	10.24	10.01	4.09	5.24	6.88	8.18	5.59	4.55	9.36	3.77	5.46	3.65	
1950.0	95.0	8.0	8.0	5.05	8.28	7.24	7.19	9.87	9.34	9.26	9.14	5.48	5.33	6.25	8.9	5.02	9.85	4.95	9.12	7.04	3.56	6.81	
1951.0	60.0	3.0	3.0	9.43	6.45	5.22	4.73	8.42	6.76	7.97	10.15	6.38	8.28	9.94	3.6	5.15	6.19	9.98	7.32	8.29	5.51	9.07	
1952.0	64.0	4.0	4.0	10.4	6.69	3.59	9.94	4.8	5.84	10.1	4.85	8.52	10.26	10.22	6.52	6.61	6.27	3.59	9.32	9.67	6.66	7.51	
1953.0	79.0	7.0	7.0	6.51	5.77	9.36	6.49	9.47	6.54	8.64	5.39	10.1	10.26	8.99	7.2	9.31	4.19	9.75	4.43	5.7	9.02	9.44	
1954.0	89.0	14.0	14.0	9.08	3.69	8.7	5.12	10.27	6.64	7.51	5.28	3.54	8.26	6.58	6.06	7.2	5.91	7.3	4.31	8.57	3.92	8.99	
1955.0	88.0	4.0	4.0	3.51	7.53	4.33	7.2	9.97	6.59	4.04	5.93	4.43	4.07	10.14	7.66	6.88	7.17	5.11	8.93	8.25	5.73	10.12	
1956.0	76.0	6.0	6.0	4.44	7.19	9.75	5.84	9.57	5.96	9.21	5.48	7.16	6.5	7.53	4.31	5.09	5.45	6.96	4.07	6.3	9.72	6.79	
1957.0	55.0	6.0	6.0	9.5	9.05	9.76	4.59	6.79	10.16	8.09	7.57	7.24	9.96	3.98	8.09	9.59	9.26	9.1	9.84	7.21	5.86869351158502	4.32674535723521	
1958.0	51.0	2.0	2.0	8.33	6.22	5.45	3.83	3.75	6.27	5.39	7.27	5.8	3.56	9.28	9.61	9.46	7.89	8.51	8.94	8.08	4.09	4.95	
1959.0	78.0	8.0	8.0	6.94	9.9	8.35	8.15	6.2	10.11	3.94	8.19	7.62	9.07	9.3	9.27	9.01	8.73	7.49	7.96	4.58	9.99	5.492132112328023	
1960.0	37.0	5.0	5.0	6.74	8.24	4.21	5.14	4.03	4.0	6.91	6.88	8.05	5.19	7.12	7.57	5.91	7.88	9.89	10.3	8.86	4.97	5.25	
1961.0	68.0	5.0	5.0	4.4	9.14	5.5	6.09	3.93	6.48	8.48	5.24	5.49	8.36	4.72	4.08	10.25	9.1	5.34	9.83	7.88	8.42	7.69	
1962.0	85.0	3.0	3.0	10.42	7.9	6.19	3.92	3.65	4.29	5.39	8.23	8.93	5.96	7.72	4.08	4.39	8.17	5.61	10.01	9.49	4.75	7.62	
1963.0	36.0	15.0	15.0	8.14	9.43	6.92	9.92	9.48	6.94	9.53	5.47	5.23	4.96	7.94	8.47	8.08	8.99	5.98	10.48	5.09	9.36	3.9035116901182283	
1964.0	94.0	13.0	13.0	3.58	5.93	10.33	6.4	7.96	10.06	4.94	6.41	6.44	4.69	8.77	7.17	9.65	3.54	6.76	3.51	8.3	7.81	4.02	
1965.0	92.0	10.0	10.0	7.2	8.22	7.15	7.12	9.9	9.5	7.01	9.17	6.61	6.0	5.9	7.19	6.58	5.92	4.98	4.1	7.37	7.01	6.51	
1966.0	83.0	5.0	5.0	5.26	5.03	9.81	9.12	8.33	7.73	8.63	8.41	8.89	6.9	9.91	9.38	5.96	4.5	9.82	7.79	8.07	7.37	4.035121091858104	
1967.0	48.0	13.0	13.0	6.6	7.94	3.95	4.68	6.05	9.22	3.63	4.76	4.6	5.64	5.38	7.5	6.31	4.29	9.33	8.77	3.88	7.43	7.39	
1968.0	94.0	13.0	13.0	8.22	5.51	3.56	4.5	7.65	7.02	4.83	7.1	7.92	3.8	4.14	8.09	6.64	4.23	7.83	4.88	7.72	9.79	5.47	
1969.0	92.0	10.0	10.0	4.07	9.1	8.79	8.17	5.12	5.61	4.04	4.8	7.18	6.79	5.49	6.09	7.08	6.41	7.84	5.26	10.07	7.43	3.72	
1970.0	78.0	8.0	8.0	9.75	7.26	8.91	10.24	8.45	9.98	4.68	9.01	7.22	5.93	6.5	4.66	7.04	10.02	10.28	9.08	7.7	4.4	8.85044730139482	
1971.0	82.0	6.0	6.0	3.72	5.11	9.92	3.51	5.19	9.49	8.5	9.77	7.87	5.63	7.46	3.82	7.72	5.81	5.36	6.15	8.83	8.66	7.46	
1972.0	70.0	11.0	11.0	3.88	5.94	8.47	9.18	7.59	7.65	8.3	7.92	10.24	4.64	8.1	8.9	3.89	4.49	6.01	6.48	4.56	5.21	8.85	
1973.0	41.0	15.0	15.0	5.86	4.49	5.77	8.87	9.33	7.58	9.58	9.15	8.17	5.79	10.46	6.32	4.01	8.09	8.57	7.46	10.49	7.84	8.97	
1974.0	93.0	4.0	4.0	6.09	8.91	3.87	4.58	6.35	4.0	7.36	8.41	4.93	6.06	4.96	3.69	10.21	4.17	9.13	10.03	7.23	8.62	9.31	
1975.0	3.0	6.0	6.0	9.82	8.7	5.46	5.51	9.86	3.53	7.18	3.65	9.72	6.78	7.16	4.83	6.65	8.04	7.15	10.47	6.49	7.15	3.9	
1976.0	81.0	3.0	3.0	8.98	5.4	8.25	7.68	8.7	3.96	8.98	3.85	9.62	5.85	6.7	4.19	6.1	8.3	5.94	4.0	7.25	8.26	9.28	
1977.0	72.0	11.0	11.0	10.16	6.68	7.41	4.67	8.21	8.17	5.65	6.99	9.58	7.88	9.15	6.68	3.55	9.23	4.84	6.99	6.98	3.68	7.85	
1978.0	82.0	6.0	6.0	10.41	4.84	8.29	4.41	9.02	5.26	10.15	3.64	7.45	7.37	6.98	9.85	6.49	6.7	4.69	6.21	9.41	5.97	6.64	
1979.0	90.0	4.0	4.0	7.84	8.3	4.89	5.94	5.48	9.39	3.56	6.21	4.75	10.41	8.09	3.75	5.76	5.21	10.32	5.03	8.96	4.08	4.33	
1980.0	96.0	15.0	15.0	9.46	9.95	8.3	6.9	9.26	8.97	4.29	4.79	7.29	6.3	5.38	6.64	3.78	6.4	3.95	7.35	5.07	4.36	6.61	
1981.0	96.0	15.0	15.0	9.56	5.36	5.96	6.4	4.99	5.66	9.76	9.43	5.93	6.74	8.2	5.03	5.74	9.56	6.88	5.87	8.79	6.95	6.15	
1982.0	90.0	4.0	4.0	8.83	6.29	9.53	6.55	10.43	7.67	3.96	4.52	9.4	7.73	4.75	10.17	6.43	7.18	6.51	8.58	4.67	8.25	8.16	
1983.0	95.0	8.0	8.0	5.64	6.88	7.41	3.75	6.91	8.62	6.64	8.19	10.3	7.67	4.6	8.43	7.14	5.33	5.5	4.83	5.4	7.22	7.63	
1984.0	95.0	8.0	8.0	4.37	4.79	7.87	5.42	7.86	8.98	9.14	10.09	6.63	8.85	8.94	5.65	4.09	8.14	7.24	5.5	7.06	6.45	6.78	
1985.0	84.0	12.0	12.0	9.33	4.76	8.25	8.62	10.15	5.21	10.19	5.97	9.23	3.64	7.29	10.04	6.16	3.73	7.96	7.93	5.26	9.57	6.96	
1986.0	89.0	14.0	14.0	5.04	6.17	5.27	3.93	5.47	5.8	5.33	7.98	6.18	3.86	9.51	4.48	3.54	10.17	3.88	4.15	6.42	4.07	5.93	
1987.0	72.0	11.0	11.0	8.54	6.37	10.25	4.91	9.19	7.07	10.36	7.87	9.88	9.78	3.8	6.13	6.01	9.29	5.59	9.25	4.98	6.9	9.84	
1988.0	4.0	9.0	9.0	6.27	8.07	7.36	5.83	5.25	5.66	6.58	6.61	6.87	8.58	10.02	5.07	3.73	9.38	4.56	10.1	8.56	8.01	8.66	
1989.0	71.0	11.0	11.0	3.61	5.31	8.4	4.78	4.42	8.4	6.64	5.32	6.33	5.03	7.88	9.14	3.72	6.38	8.08	4.17	5.35	7.11	3.54	
1990.0	8.0	15.0	15.0	5.25	4.08	4.53	6.51	6.93	6.66	6.72	8.34	4.64	7.08	8.88	7.02	9.96	4.31	7.95	10.38	9.25	3.63	9.25	
1991.0	67.0	3.0	3.0	5.51	8.62	9.42	10.2	6.33	8.33	10.16	7.31	3.74	6.55	8.69	6.43	6.37	9.71	6.05	10.13	5.14	3.81	9.74	
1992.0	52.0	4.0	4.0	6.94	10.27	10.23	4.84	5.31	6.52	3.88	7.6	9.88	7.08	4.33	4.5	8.14	9.32	5.46	3.84	3.73	5.74	5.25	
1993.0	94.0	13.0	13.0	8.8	5.18	5.6	3.88	9.58	8.18	10.17	10.47	5.73	8.59	7.52	6.71	10.22	7.65	9.56	3.82	5.07	5.08	3.63	
1994.0	79.0	7.0	7.0	6.82	5.85	7.98	9.94	4.07	7.24	5.53	4.41	4.02	7.02	9.2	6.85	10.47	9.15	9.04	5.62	8.12	8.02	5.55	
1995.0	84.0	12.0	12.0	4.03	5.61	5.94	10.34	5.26	7.65	10.4	8.85	8.83	7.45	4.34	7.39	9.09	5.61	3.52	9.05	6.12	9.0	9.49	
1996.0	85.0	3.0	3.0	5.34	4.22	10.05	8.98	6.59	5.51	8.25	4.9	8.6	8.03	5.87	3.68	4.23	5.16	4.96	5.28	9.89	4.95	10.43	
1997.0	11.0	4.0	4.0	6.43	7.74	9.89	9.06	7.82	5.5	9.17	10.38	6.62	3.95	8.51	5.47	5.4	5.18	4.27	9.69	6.09	6.52	4.58	
1998.0	14.0	13.0	13.0	5.73	5.75	9.8	4.49	8.41	8.93	6.41	6.54	4.17	4.27	5.47	8.08	10.31	5.45	7.86	5.68	10.21	7.1	7.26	
1999.0	79.0	7.0	7.0	4.91	9.35	7.39	8.86	5.78	9.14	9.26	7.12	5.97	6.19	5.73	4.36	10.02	5.53	8.88	7.84	8.84	6.11	6.48	
2000.0	85.0	3.0	3.0	5.51	4.41	3.65	8.06	9.62	7.6	9.48	5.01	6.37	4.05	10.02	8.67	8.14	6.09	3.54	8.66	6.53	6.1	7.98	
2001.0	82.0	6.0	6.0	3.72	5.52	4.16	4.89	7.09	6.11	6.32	6.82	7.32	7.76	3.86	7.82	8.01	4.1	8.9	3.55	8.52	10.41	7.11	
2002.0	6.0	7.0	7.0	6.28	5.77	3.78	8.0	8.63	6.94	9.95	10.04	3.54	5.54	4.72	10.18	4.33	3.71	8.95	9.2	4.11	7.11	7.88	
2003.0	66.0	12.0	12.0	5.9	5.91	10.21	5.3	3.79	4.6	4.72	7.76	7.21	7.97	5.66	7.08	8.71	7.37	10.15	9.82	6.73	5.81	8.17	
2004.0	82.0	6.0	6.0	4.22	3.8	5.58	9.86	9.52	6.76	9.06	5.42	5.19	6.16	6.82	9.7	5.95	3.75	4.98	7.1	4.97	3.87	5.57	
2005.0	90.0	4.0	4.0	5.38	8.91	10.08	4.75	9.92	5.9	6.23	4.26	5.89	3.68	5.11	8.89	8.0	9.43	5.83	5.86	8.14	7.85	8.03	
2006.0	66.0	12.0	12.0	5.56	4.5	7.82	8.65	3.55	8.29	3.87	8.61	5.88	9.94	8.43	9.16	4.58	7.42	9.49	8.15	4.77	4.5	10.1	
2007.0	86.0	15.0	15.0	6.52	8.92	5.31	6.92	10.38	3.54	7.72	6.96	8.84	6.0	7.97	9.35	9.23	9.23	8.97	9.94	7.88	8.81	6.074954489760828	
2008.0	68.0	5.0	5.0	4.86	7.05	7.56	9.5	8.8	4.93	7.13	3.79	5.17	5.64	7.9	7.12	4.5	7.93	6.94	6.34	6.52	4.38	3.97	
2009.0	80.0	3.0	3.0	4.12	6.71	3.57	6.69	7.79	7.76	9.6	7.27	5.41	9.25	7.12	9.64	4.42	4.04	8.1	5.87	3.86	7.69	3.77	
2010.0	90.0	4.0	4.0	5.65	8.4	5.5	10.28	4.32	8.59	4.56	9.07	9.89	4.86	9.54	8.4	3.82	8.07	8.54	7.17	4.92	7.07	3.69	
2011.0	81.0	3.0	3.0	5.0	6.31	7.15	6.37	8.48	4.28	4.86	5.9	5.03	3.7	9.64	6.22	8.25	9.51	9.34	8.73	5.06	6.58	8.97	
2012.0	45.0	5.0	5.0	7.24	5.3	9.63	4.3	3.54	6.96	9.36	5.99	6.16	6.37	9.26	3.54	7.69	7.0	3.7	6.79	6.59	9.74	8.06	
2013.0	91.0	9.0	9.0	8.54	6.01	7.34	8.08	8.25	3.75	7.48	10.32	6.74	10.36	4.1	5.44	3.67	4.92	10.16	7.04	6.63	9.4	3.94	
2014.0	64.0	4.0	4.0	9.34	9.91	4.2	9.3	3.8	3.87	4.62	3.53	4.22	7.25	7.25	8.75	8.33	3.55	7.68	4.87	4.63	9.99	7.13	
2015.0	69.0	12.0	12.0	7.18	10.41	5.37	5.39	7.22	6.42	6.32	5.73	5.62	4.61	8.56	5.91	7.95	10.42	6.06	6.31	5.48	7.16	3.82	
2016.0	62.0	7.0	7.0	4.63	9.13	4.07	6.42	5.22	4.4	8.66	9.73	6.75	6.73	9.84	8.3	3.9	6.33	5.42	7.75	4.96	4.59	8.15	
2017.0	76.0	6.0	6.0	6.1	8.59	5.73	3.53	6.23	10.46	4.04	5.21	8.46	6.78	5.32	9.79	4.96	6.7	10.2	7.54	4.96	3.89	9.85	
2018.0	71.0	11.0	11.0	10.14	8.43	6.65	5.02	7.16	5.72	10.5	4.0	8.72	9.11	7.52	7.51	8.09	4.64	5.37	7.55	5.61	9.2	4.23	
2019.0	61.0	12.0	12.0	6.93	6.85	3.84	4.13	6.1	3.99	5.96	9.62	8.65	9.34	9.83	4.6	3.99	8.82	6.97	6.73	8.6	5.21	6.84	
2020.0	97.0	9.0	9.0	9.95	4.89	9.45	3.9	5.58	9.74	9.83	4.96	3.61	4.09	9.73	7.03	4.69	3.87	4.92	6.56	9.07	6.32	9.59	
2021.0	57.0	14.0	14.0	6.29	3.52	3.55	9.87	7.84	9.58	9.44	3.83	8.2	6.64	7.37	3.76	8.33	8.98	5.96	4.23	8.5	6.35	6.06	
2022.0	90.0	4.0	4.0	6.36	6.59	4.54	5.7	9.47	3.64	8.46	4.52	6.14	8.57	3.78	8.13	8.9	9.42	7.42	8.79	8.56	4.07	8.81	
2023.0	88.0	4.0	4.0	7.24	6.7	4.22	10.24	6.75	4.97	6.51	10.36	3.55	6.03	6.26	8.57	8.6	6.31	8.62	7.54	5.26	9.2	6.62	
2024.0	72.0	11.0	11.0	10.41	4.04	4.63	7.84	8.26	8.55	7.3	6.36	8.32	5.37	6.69	6.33	3.76	4.19	10.22	6.84	6.34	9.21	10.36	
2025.0	96.0	15.0	15.0	6.76	4.82	3.81	10.34	4.09	4.46	6.24	6.56	5.96	10.24	3.68	3.68	4.87	8.14	9.4	8.17	8.82	4.49	4.32	
2026.0	65.0	11.0	11.0	3.74	8.81	4.58	9.73	10.36	9.03	7.62	9.23	3.8	8.19	8.83	5.93	6.87	6.29	9.26	8.3	5.65	9.9	9.3	
2027.0	72.0	11.0	11.0	4.68	8.65	4.49	7.83	9.35	8.65	9.2	5.8	8.35	4.79	5.06	7.99	5.48	9.75	5.55	9.95	7.75	4.37	5.68	
2028.0	46.0	14.0	14.0	4.86	6.33	9.23	4.59	6.32	7.02	5.82	8.94	5.42	7.63	7.66	3.78	4.28	8.93	6.63	9.93	4.78	3.51	8.83	
2029.0	98.0	15.0	15.0	7.37	4.29	9.27	9.76	4.05	9.55	9.67	6.28	4.69	9.03	5.98	6.24	9.34	9.91	6.59	5.68	7.42	3.65	4.52	
2030.0	74.0	1.0	1.0	4.82	6.79	9.36	10.18	8.29	5.19	9.72	9.79	3.63	8.56	5.27	9.88	8.04	4.81	9.92	6.4	7.2	5.45	5.21	
2031.0	54.0	10.0	10.0	8.13	7.9	5.1	7.62	8.15	6.84	9.03	3.69	9.15	5.35	4.84	6.3	4.91	5.47	9.96	8.86	7.14	7.62	7.12	
2032.0	65.0	11.0	11.0	9.77	8.08	4.1	4.88	5.16	9.23	7.52	7.0	9.22	5.02	4.11	7.73	4.97	4.7	5.02	7.87	7.75	3.75	8.84	
2033.0	62.0	7.0	7.0	9.56	3.65	5.83	6.98	4.41	6.53	9.52	6.17	9.58	8.85	7.63	7.42	3.94	5.41	9.98	5.46	9.18	5.96	5.08	
2034.0	19.0	13.0	13.0	7.99	8.42	4.29	5.69	6.99	9.14	8.95	4.0	5.77	6.54	5.24	9.79	6.35	6.42	10.41	6.7	6.37	10.23	9.54	
2035.0	87.0	5.0	5.0	4.25	6.62	9.92	7.62	9.82	8.13	9.13	7.7	7.71	10.34	7.75	7.54	10.16	10.2	3.6	6.14	6.31	8.48	5.668680482084802	
2036.0	97.0	9.0	9.0	9.87	6.85	8.43	7.43	5.49	7.0	5.69	9.6	4.16	9.72	8.67	6.66	6.45	6.74	8.3	4.6	9.22	4.41	6.8	
2037.0	77.0	8.0	8.0	6.31	7.34	6.47	8.32	7.45	5.43	6.23	7.62	6.63	6.98	8.91	5.91	3.97	9.36	9.05	4.76	4.41	9.58	6.57	
2038.0	90.0	4.0	4.0	7.35	9.41	6.34	9.88	3.84	9.54	6.31	4.05	6.56	8.8	8.95	9.18	5.96	6.3	7.8	7.11	3.81	6.53	4.17	
2039.0	94.0	13.0	13.0	8.76	5.26	3.88	10.07	9.89	8.25	3.77	9.0	5.49	5.09	5.96	6.17	3.59	9.71	4.87	9.65	6.2	6.71	7.23	
2040.0	92.0	10.0	10.0	7.72	6.94	8.93	6.55	10.49	7.24	7.75	4.02	5.47	4.19	9.14	4.22	5.69	7.01	8.46	7.39	7.06	8.18	9.42	
2041.0	83.0	5.0	5.0	10.21	5.27	5.76	3.95	6.22	10.02	8.13	7.8	4.24	9.49	10.1	8.62	6.93	8.56	9.34	8.13	5.51	5.46	6.9	
2042.0	67.0	3.0	3.0	9.14	4.25	9.91	6.01	7.59	4.38	7.09	8.7	8.87	8.39	4.49	5.48	8.6	5.65	8.3	7.6	3.86	5.76	5.81	
2043.0	82.0	6.0	6.0	5.5	5.93	8.63	7.84	6.09	8.84	4.72	6.31	7.03	9.09	3.99	9.52	9.98	6.62	3.81	10.05	5.55	7.87	9.67	
2044.0	76.0	6.0	6.0	6.38	9.9	10.38	7.4	8.31	4.46	10.33	9.55	4.02	6.14	3.78	10.09	10.41	7.09	5.57	3.86	4.22	5.72	7.79	
2045.0	98.0	15.0	15.0	9.44	9.22	4.32	4.26	9.12	8.36	10.01	6.49	8.86	5.61	7.37	5.07	3.86	9.36	7.01	5.42	8.23	9.55	8.71	
2046.0	62.0	7.0	7.0	6.71	7.44	4.9	9.44	8.82	3.71	6.54	7.15	8.14	7.53	5.67	7.82	9.79	8.19	6.37	8.71	4.21	3.85	8.16	
2047.0	94.0	13.0	13.0	7.92	5.77	9.03	7.91	6.14	7.86	3.86	3.94	7.06	7.35	8.73	10.13	6.93	8.09	10.42	8.5	9.8	7.82	5.87	
2048.0	76.0	6.0	6.0	7.36	8.06	5.74	6.97	9.1	4.02	7.2	4.4	3.81	7.95	9.04	7.06	4.91	5.32	8.09	3.57	4.51	8.98	4.59	
=====================================================================================================================================================
number of non-local execution forword std deviation is 1016
=====================================================================================================================================================
=====================================================================================================================================================
Map Status of job/thread name: kmean  after done (10 columns: map task #,Local(0)/Non_local(1), status(not_yet_started(0),running(1)/finished(2)), response time, start time, end time, latency, bin #, VM flavor #, PM #, Rack #)
=====================================================================================================================================================
1.0	0.0	2.0	1857.0	1857.0	1878.0	21.0	96.0	5.0	15.0	3.0	
2.0	0.0	2.0	1857.0	1857.0	1878.0	21.0	98.0	5.0	15.0	2.0	
3.0	0.0	2.0	1857.0	1857.0	1878.0	21.0	81.0	5.0	3.0	4.0	
4.0	0.0	2.0	1857.0	1857.0	1878.0	21.0	84.0	5.0	12.0	2.0	
5.0	0.0	2.0	1857.0	1857.0	1878.0	21.0	87.0	5.0	5.0	5.0	
6.0	0.0	2.0	1857.0	1857.0	1878.0	21.0	91.0	5.0	9.0	5.0	
7.0	0.0	2.0	1857.0	1857.0	1878.0	21.0	93.0	5.0	4.0	5.0	
8.0	0.0	2.0	1857.0	1857.0	1878.0	21.0	96.0	5.0	15.0	3.0	
9.0	0.0	2.0	1857.0	1857.0	1878.0	21.0	99.0	5.0	12.0	3.0	
10.0	1.0	2.0	1857.0	1857.0	1880.0	23.0	76.0	4.0	6.0	4.0	
11.0	0.0	2.0	1857.0	1857.0	1878.0	21.0	85.0	5.0	3.0	5.0	
12.0	0.0	2.0	1857.0	1857.0	1878.0	21.0	89.0	5.0	14.0	2.0	
13.0	0.0	2.0	1857.0	1857.0	1878.0	21.0	92.0	5.0	10.0	4.0	
14.0	0.0	2.0	1857.0	1857.0	1878.0	21.0	94.0	5.0	13.0	1.0	
15.0	1.0	2.0	1857.0	1857.0	1880.0	23.0	40.0	2.0	11.0	3.0	
16.0	0.0	2.0	1857.0	1857.0	1878.0	21.0	100.0	5.0	14.0	1.0	
17.0	1.0	2.0	1857.0	1857.0	1880.0	23.0	71.0	4.0	11.0	3.0	
18.0	0.0	2.0	1857.0	1857.0	1878.0	21.0	86.0	5.0	15.0	4.0	
19.0	1.0	2.0	1857.0	1857.0	1880.0	23.0	70.0	4.0	11.0	5.0	
20.0	1.0	2.0	1857.0	1857.0	1880.0	23.0	27.0	2.0	13.0	4.0	
21.0	0.0	2.0	1857.0	1857.0	1878.0	21.0	95.0	5.0	8.0	5.0	
22.0	0.0	2.0	1857.0	1857.0	1878.0	21.0	99.0	5.0	12.0	3.0	
23.0	1.0	2.0	1857.0	1857.0	1880.0	23.0	33.0	2.0	14.0	1.0	
24.0	1.0	2.0	1857.0	1857.0	1880.0	23.0	39.0	2.0	14.0	2.0	
25.0	0.0	2.0	1857.0	1857.0	1878.0	21.0	88.0	5.0	4.0	3.0	
26.0	0.0	2.0	1857.0	1857.0	1878.0	21.0	90.0	5.0	4.0	1.0	
27.0	1.0	2.0	1857.0	1857.0	1880.0	23.0	37.0	2.0	5.0	2.0	
28.0	1.0	2.0	1857.0	1857.0	1880.0	23.0	70.0	4.0	11.0	5.0	
29.0	1.0	2.0	1857.0	1857.0	1880.0	23.0	52.0	3.0	4.0	3.0	
30.0	1.0	2.0	1857.0	1857.0	1880.0	23.0	50.0	3.0	9.0	1.0	
31.0	1.0	2.0	1857.0	1857.0	1880.0	23.0	69.0	4.0	12.0	2.0	
32.0	1.0	2.0	1857.0	1857.0	1880.0	23.0	55.0	3.0	6.0	4.0	
33.0	0.0	2.0	1857.0	1857.0	1878.0	21.0	92.0	5.0	10.0	4.0	
34.0	1.0	2.0	1857.0	1857.0	1880.0	23.0	56.0	3.0	13.0	5.0	
35.0	1.0	2.0	1857.0	1857.0	1880.0	23.0	65.0	4.0	11.0	2.0	
36.0	1.0	2.0	1857.0	1857.0	1880.0	23.0	64.0	4.0	4.0	2.0	
37.0	1.0	2.0	1857.0	1857.0	1880.0	23.0	79.0	4.0	7.0	3.0	
38.0	1.0	2.0	1857.0	1857.0	1880.0	23.0	74.0	4.0	1.0	3.0	
39.0	1.0	2.0	1857.0	1857.0	1880.0	23.0	69.0	4.0	12.0	2.0	
40.0	1.0	2.0	1857.0	1857.0	1880.0	23.0	80.0	4.0	3.0	1.0	
41.0	1.0	2.0	1857.0	1857.0	1880.0	23.0	76.0	4.0	6.0	4.0	
42.0	1.0	2.0	1857.0	1857.0	1880.0	23.0	62.0	4.0	7.0	4.0	
43.0	1.0	2.0	1857.0	1857.0	1880.0	23.0	65.0	4.0	11.0	2.0	
44.0	0.0	2.0	1872.0	1872.0	1893.0	21.0	84.0	5.0	12.0	2.0	
45.0	1.0	2.0	1857.0	1857.0	1880.0	23.0	64.0	4.0	4.0	2.0	
46.0	1.0	2.0	1857.0	1857.0	1880.0	23.0	35.0	2.0	10.0	5.0	
47.0	1.0	2.0	1857.0	1857.0	1880.0	23.0	71.0	4.0	11.0	3.0	
48.0	1.0	2.0	1857.0	1857.0	1880.0	23.0	41.0	3.0	15.0	4.0	
49.0	1.0	2.0	1857.0	1857.0	1880.0	23.0	29.0	2.0	2.0	5.0	
50.0	1.0	2.0	1857.0	1857.0	1880.0	23.0	74.0	4.0	1.0	3.0	
51.0	1.0	2.0	1857.0	1857.0	1880.0	23.0	61.0	4.0	12.0	4.0	
52.0	1.0	2.0	1857.0	1857.0	1880.0	23.0	60.0	3.0	3.0	3.0	
53.0	1.0	2.0	1857.0	1857.0	1880.0	23.0	80.0	4.0	3.0	1.0	
54.0	1.0	2.0	1857.0	1857.0	1880.0	23.0	63.0	4.0	15.0	1.0	
55.0	1.0	2.0	1857.0	1857.0	1880.0	23.0	64.0	4.0	4.0	2.0	
56.0	1.0	2.0	1857.0	1857.0	1880.0	23.0	77.0	4.0	8.0	2.0	
57.0	0.0	2.0	1887.0	1887.0	1908.0	21.0	83.0	5.0	5.0	1.0	
58.0	1.0	2.0	1880.0	1880.0	1903.0	23.0	71.0	4.0	11.0	3.0	
59.0	1.0	2.0	1874.0	1874.0	1897.0	23.0	47.0	3.0	15.0	5.0	
60.0	0.0	2.0	1872.0	1872.0	1893.0	21.0	93.0	5.0	4.0	5.0	
61.0	1.0	2.0	1857.0	1857.0	1880.0	23.0	62.0	4.0	7.0	4.0	
62.0	0.0	2.0	1872.0	1872.0	1893.0	21.0	98.0	5.0	15.0	2.0	
63.0	1.0	2.0	1857.0	1857.0	1880.0	23.0	74.0	4.0	1.0	3.0	
64.0	1.0	2.0	1857.0	1857.0	1880.0	23.0	43.0	3.0	13.0	1.0	
65.0	1.0	2.0	1880.0	1880.0	1903.0	23.0	56.0	3.0	13.0	5.0	
66.0	0.0	2.0	1887.0	1887.0	1908.0	21.0	92.0	5.0	10.0	4.0	
67.0	1.0	2.0	1857.0	1857.0	1880.0	23.0	66.0	4.0	12.0	5.0	
68.0	1.0	2.0	1874.0	1874.0	1897.0	23.0	77.0	4.0	8.0	2.0	
69.0	1.0	2.0	1880.0	1880.0	1903.0	23.0	44.0	3.0	3.0	5.0	
70.0	1.0	2.0	1857.0	1857.0	1880.0	23.0	72.0	4.0	11.0	2.0	
71.0	1.0	2.0	1880.0	1880.0	1903.0	23.0	52.0	3.0	4.0	3.0	
72.0	0.0	2.0	1893.0	1893.0	1914.0	21.0	89.0	5.0	14.0	2.0	
73.0	1.0	2.0	1874.0	1874.0	1897.0	23.0	53.0	3.0	12.0	3.0	
74.0	0.0	2.0	1887.0	1887.0	1908.0	21.0	95.0	5.0	8.0	5.0	
75.0	1.0	2.0	1857.0	1857.0	1880.0	23.0	65.0	4.0	11.0	2.0	
76.0	1.0	2.0	1857.0	1857.0	1880.0	23.0	68.0	4.0	5.0	3.0	
77.0	1.0	2.0	1857.0	1857.0	1880.0	23.0	42.0	3.0	4.0	1.0	
78.0	1.0	2.0	1857.0	1857.0	1880.0	23.0	66.0	4.0	12.0	5.0	
79.0	1.0	2.0	1880.0	1880.0	1903.0	23.0	69.0	4.0	12.0	2.0	
80.0	1.0	2.0	1857.0	1857.0	1880.0	23.0	66.0	4.0	12.0	5.0	
81.0	1.0	2.0	1857.0	1857.0	1880.0	23.0	42.0	3.0	4.0	1.0	
82.0	0.0	2.0	1893.0	1893.0	1914.0	21.0	99.0	5.0	12.0	3.0	
83.0	0.0	2.0	1893.0	1893.0	1914.0	21.0	81.0	5.0	3.0	4.0	
84.0	1.0	2.0	1880.0	1880.0	1903.0	23.0	80.0	4.0	3.0	1.0	
85.0	1.0	2.0	1857.0	1857.0	1880.0	23.0	68.0	4.0	5.0	3.0	
86.0	1.0	2.0	1857.0	1857.0	1880.0	23.0	73.0	4.0	13.0	3.0	
87.0	0.0	2.0	1893.0	1893.0	1914.0	21.0	93.0	5.0	4.0	5.0	
88.0	0.0	2.0	1887.0	1887.0	1908.0	21.0	97.0	5.0	9.0	3.0	
89.0	0.0	2.0	1893.0	1893.0	1914.0	21.0	100.0	5.0	14.0	1.0	
90.0	0.0	2.0	1893.0	1893.0	1914.0	21.0	84.0	5.0	12.0	2.0	
91.0	1.0	2.0	1880.0	1880.0	1903.0	23.0	41.0	3.0	15.0	4.0	
92.0	0.0	2.0	1914.0	1914.0	1935.0	21.0	89.0	5.0	14.0	2.0	
93.0	0.0	2.0	1893.0	1893.0	1914.0	21.0	91.0	5.0	9.0	5.0	
94.0	0.0	2.0	1893.0	1893.0	1914.0	21.0	96.0	5.0	15.0	3.0	
95.0	1.0	2.0	1899.0	1899.0	1922.0	23.0	85.0	5.0	3.0	5.0	
96.0	1.0	2.0	1874.0	1874.0	1897.0	23.0	72.0	4.0	11.0	2.0	
97.0	1.0	2.0	1880.0	1880.0	1903.0	23.0	70.0	4.0	11.0	5.0	
98.0	1.0	2.0	1874.0	1874.0	1897.0	23.0	75.0	4.0	8.0	5.0	
99.0	1.0	2.0	1880.0	1880.0	1903.0	23.0	42.0	3.0	4.0	1.0	
100.0	0.0	2.0	1893.0	1893.0	1914.0	21.0	92.0	5.0	10.0	4.0	
101.0	1.0	2.0	1880.0	1880.0	1903.0	23.0	70.0	4.0	11.0	5.0	
102.0	1.0	2.0	1857.0	1857.0	1880.0	23.0	38.0	2.0	5.0	5.0	
103.0	0.0	2.0	1914.0	1914.0	1935.0	21.0	81.0	5.0	3.0	4.0	
104.0	0.0	2.0	1887.0	1887.0	1908.0	21.0	85.0	5.0	3.0	5.0	
105.0	0.0	2.0	1887.0	1887.0	1908.0	21.0	87.0	5.0	5.0	5.0	
106.0	0.0	2.0	1914.0	1914.0	1935.0	21.0	91.0	5.0	9.0	5.0	
107.0	0.0	2.0	1893.0	1893.0	1914.0	21.0	93.0	5.0	4.0	5.0	
108.0	1.0	2.0	1897.0	1897.0	1920.0	23.0	60.0	3.0	3.0	3.0	
109.0	0.0	2.0	1895.0	1895.0	1916.0	21.0	100.0	5.0	14.0	1.0	
110.0	1.0	2.0	1874.0	1874.0	1897.0	23.0	32.0	2.0	14.0	3.0	
111.0	1.0	2.0	1880.0	1880.0	1903.0	23.0	56.0	3.0	13.0	5.0	
112.0	1.0	2.0	1880.0	1880.0	1903.0	23.0	65.0	4.0	11.0	2.0	
113.0	0.0	2.0	1914.0	1914.0	1935.0	21.0	93.0	5.0	4.0	5.0	
114.0	1.0	2.0	1880.0	1880.0	1903.0	23.0	43.0	3.0	13.0	1.0	
115.0	0.0	2.0	1914.0	1914.0	1935.0	21.0	99.0	5.0	12.0	3.0	
116.0	1.0	2.0	1880.0	1880.0	1903.0	23.0	74.0	4.0	1.0	3.0	
117.0	0.0	2.0	1893.0	1893.0	1914.0	21.0	84.0	5.0	12.0	2.0	
118.0	0.0	2.0	1893.0	1893.0	1914.0	21.0	86.0	5.0	15.0	4.0	
119.0	1.0	2.0	1897.0	1897.0	1920.0	23.0	78.0	4.0	8.0	1.0	
120.0	1.0	2.0	1880.0	1880.0	1903.0	23.0	66.0	4.0	12.0	5.0	
121.0	0.0	2.0	1914.0	1914.0	1935.0	21.0	96.0	5.0	15.0	3.0	
122.0	0.0	2.0	1914.0	1914.0	1935.0	21.0	100.0	5.0	14.0	1.0	
123.0	0.0	2.0	1929.0	1929.0	1950.0	21.0	81.0	5.0	3.0	4.0	
124.0	0.0	2.0	1893.0	1893.0	1914.0	21.0	85.0	5.0	3.0	5.0	
125.0	1.0	2.0	1857.0	1857.0	1880.0	23.0	22.0	2.0	6.0	2.0	
126.0	0.0	2.0	1914.0	1914.0	1935.0	21.0	92.0	5.0	10.0	4.0	
127.0	1.0	2.0	1903.0	1903.0	1926.0	23.0	42.0	3.0	4.0	1.0	
128.0	0.0	2.0	1929.0	1929.0	1950.0	21.0	96.0	5.0	15.0	3.0	
129.0	0.0	2.0	1916.0	1916.0	1937.0	21.0	100.0	5.0	14.0	1.0	
130.0	0.0	2.0	1914.0	1914.0	1935.0	21.0	84.0	5.0	12.0	2.0	
131.0	0.0	2.0	1893.0	1893.0	1914.0	21.0	87.0	5.0	5.0	5.0	
132.0	1.0	2.0	1880.0	1880.0	1903.0	23.0	72.0	4.0	11.0	2.0	
133.0	0.0	2.0	1914.0	1914.0	1935.0	21.0	93.0	5.0	4.0	5.0	
134.0	1.0	2.0	1874.0	1874.0	1897.0	23.0	63.0	4.0	15.0	1.0	
135.0	1.0	2.0	1901.0	1901.0	1924.0	23.0	33.0	2.0	14.0	1.0	
136.0	1.0	2.0	1918.0	1918.0	1941.0	23.0	67.0	4.0	3.0	3.0	
137.0	0.0	2.0	1914.0	1914.0	1935.0	21.0	84.0	5.0	12.0	2.0	
138.0	1.0	2.0	1903.0	1903.0	1926.0	23.0	44.0	3.0	3.0	5.0	
139.0	0.0	2.0	1938.0	1939.0	1960.0	21.0	89.0	5.0	14.0	2.0	
140.0	1.0	2.0	1880.0	1880.0	1903.0	23.0	65.0	4.0	11.0	2.0	
141.0	0.0	2.0	1938.0	1939.0	1960.0	21.0	95.0	5.0	8.0	5.0	
142.0	1.0	2.0	1874.0	1874.0	1897.0	23.0	78.0	4.0	8.0	1.0	
143.0	1.0	2.0	1874.0	1874.0	1897.0	23.0	78.0	4.0	8.0	1.0	
144.0	0.0	2.0	1914.0	1914.0	1935.0	21.0	85.0	5.0	3.0	5.0	
145.0	1.0	2.0	1857.0	1857.0	1880.0	23.0	61.0	4.0	12.0	4.0	
146.0	1.0	2.0	1880.0	1880.0	1903.0	23.0	79.0	4.0	7.0	3.0	
147.0	1.0	2.0	1880.0	1880.0	1903.0	23.0	66.0	4.0	12.0	5.0	
148.0	1.0	2.0	1897.0	1897.0	1920.0	23.0	63.0	4.0	15.0	1.0	
149.0	0.0	2.0	1935.0	1935.0	1956.0	21.0	81.0	5.0	3.0	4.0	
150.0	1.0	2.0	1903.0	1903.0	1926.0	23.0	41.0	3.0	15.0	4.0	
151.0	0.0	2.0	1914.0	1914.0	1935.0	21.0	86.0	5.0	15.0	4.0	
152.0	1.0	2.0	1897.0	1897.0	1920.0	23.0	55.0	3.0	6.0	4.0	
153.0	0.0	2.0	1916.0	1916.0	1937.0	21.0	92.0	5.0	10.0	4.0	
154.0	1.0	2.0	1918.0	1918.0	1941.0	23.0	65.0	4.0	11.0	2.0	
155.0	0.0	2.0	1938.0	1939.0	1960.0	21.0	98.0	5.0	15.0	2.0	
156.0	0.0	2.0	1929.0	1929.0	1950.0	21.0	82.0	5.0	6.0	2.0	
157.0	0.0	2.0	1935.0	1935.0	1956.0	21.0	84.0	5.0	12.0	2.0	
158.0	0.0	2.0	1914.0	1914.0	1935.0	21.0	87.0	5.0	5.0	5.0	
159.0	0.0	2.0	1938.0	1939.0	1960.0	21.0	90.0	5.0	4.0	1.0	
160.0	1.0	2.0	1920.0	1920.0	1943.0	23.0	51.0	3.0	2.0	3.0	
161.0	1.0	2.0	1897.0	1897.0	1920.0	23.0	32.0	2.0	14.0	3.0	
162.0	1.0	2.0	1929.0	1929.0	1952.0	23.0	94.0	5.0	13.0	1.0	
163.0	0.0	2.0	1938.0	1939.0	1960.0	21.0	81.0	5.0	3.0	4.0	
164.0	1.0	2.0	1920.0	1920.0	1943.0	23.0	32.0	2.0	14.0	3.0	
165.0	0.0	2.0	1938.0	1938.0	1959.0	21.0	89.0	5.0	14.0	2.0	
166.0	0.0	2.0	1937.0	1937.0	1958.0	21.0	92.0	5.0	10.0	4.0	
167.0	0.0	2.0	1935.0	1935.0	1956.0	21.0	93.0	5.0	4.0	5.0	
168.0	0.0	2.0	1950.0	1950.0	1971.0	21.0	96.0	5.0	15.0	3.0	
169.0	0.0	2.0	1938.0	1939.0	1960.0	21.0	99.0	5.0	12.0	3.0	
170.0	1.0	2.0	1897.0	1897.0	1920.0	23.0	51.0	3.0	2.0	3.0	
171.0	0.0	2.0	1938.0	1939.0	1960.0	21.0	85.0	5.0	3.0	5.0	
172.0	0.0	2.0	1960.0	1960.0	1981.0	21.0	89.0	5.0	14.0	2.0	
173.0	1.0	2.0	1937.0	1937.0	1960.0	23.0	77.0	4.0	8.0	2.0	
174.0	0.0	2.0	1938.0	1938.0	1959.0	21.0	94.0	5.0	13.0	1.0	
175.0	0.0	2.0	1946.0	1946.0	1967.0	21.0	99.0	5.0	12.0	3.0	
176.0	0.0	2.0	1938.0	1939.0	1960.0	21.0	100.0	5.0	14.0	1.0	
177.0	1.0	2.0	1880.0	1880.0	1903.0	23.0	42.0	3.0	4.0	1.0	
178.0	1.0	2.0	1903.0	1903.0	1926.0	23.0	66.0	4.0	12.0	5.0	
179.0	0.0	2.0	1938.0	1939.0	1960.0	21.0	91.0	5.0	9.0	5.0	
180.0	0.0	2.0	1938.0	1939.0	1960.0	21.0	92.0	5.0	10.0	4.0	
181.0	0.0	2.0	1938.0	1939.0	1960.0	21.0	95.0	5.0	8.0	5.0	
182.0	1.0	2.0	1912.0	1912.0	1935.0	23.0	61.0	4.0	12.0	4.0	
183.0	0.0	2.0	1938.0	1939.0	1960.0	21.0	82.0	5.0	6.0	2.0	
184.0	0.0	2.0	1938.0	1939.0	1960.0	21.0	85.0	5.0	3.0	5.0	
185.0	0.0	2.0	1938.0	1939.0	1960.0	21.0	87.0	5.0	5.0	5.0	
186.0	0.0	2.0	1950.0	1950.0	1971.0	21.0	92.0	5.0	10.0	4.0	
187.0	1.0	2.0	1920.0	1920.0	1943.0	23.0	60.0	3.0	3.0	3.0	
188.0	0.0	2.0	1960.0	1960.0	1981.0	21.0	98.0	5.0	15.0	2.0	
189.0	0.0	2.0	1960.0	1960.0	1981.0	21.0	99.0	5.0	12.0	3.0	
190.0	0.0	2.0	1938.0	1939.0	1960.0	21.0	83.0	5.0	5.0	1.0	
191.0	0.0	2.0	1938.0	1939.0	1960.0	21.0	86.0	5.0	15.0	4.0	
192.0	0.0	2.0	1960.0	1960.0	1981.0	21.0	90.0	5.0	4.0	1.0	
193.0	0.0	2.0	1938.0	1939.0	1960.0	21.0	93.0	5.0	4.0	5.0	
194.0	0.0	2.0	1952.0	1952.0	1973.0	21.0	94.0	5.0	13.0	1.0	
195.0	0.0	2.0	1967.0	1967.0	1988.0	21.0	99.0	5.0	12.0	3.0	
196.0	1.0	2.0	1920.0	1920.0	1943.0	23.0	55.0	3.0	6.0	4.0	
197.0	1.0	2.0	1941.0	1941.0	1964.0	23.0	74.0	4.0	1.0	3.0	
198.0	0.0	2.0	1950.0	1950.0	1971.0	21.0	86.0	5.0	15.0	4.0	
199.0	0.0	2.0	1960.0	1960.0	1981.0	21.0	91.0	5.0	9.0	5.0	
200.0	0.0	2.0	1956.0	1956.0	1977.0	21.0	93.0	5.0	4.0	5.0	
201.0	0.0	2.0	1960.0	1960.0	1981.0	21.0	95.0	5.0	8.0	5.0	
202.0	1.0	2.0	1903.0	1903.0	1926.0	23.0	71.0	4.0	11.0	3.0	
203.0	1.0	2.0	1920.0	1920.0	1943.0	23.0	78.0	4.0	8.0	1.0	
204.0	1.0	2.0	1857.0	1857.0	1880.0	23.0	75.0	4.0	8.0	5.0	
205.0	0.0	2.0	1960.0	1960.0	1981.0	21.0	87.0	5.0	5.0	5.0	
206.0	0.0	2.0	1857.0	1857.0	1878.0	21.0	90.0	5.0	4.0	1.0	
207.0	0.0	2.0	1857.0	1857.0	1878.0	21.0	94.0	5.0	13.0	1.0	
208.0	0.0	2.0	1857.0	1857.0	1878.0	21.0	97.0	5.0	9.0	3.0	
209.0	0.0	2.0	1857.0	1857.0	1878.0	21.0	81.0	5.0	3.0	4.0	
210.0	0.0	2.0	1857.0	1857.0	1878.0	21.0	82.0	5.0	6.0	2.0	
211.0	0.0	2.0	1857.0	1857.0	1878.0	21.0	85.0	5.0	3.0	5.0	
212.0	0.0	2.0	1857.0	1857.0	1878.0	21.0	88.0	5.0	4.0	3.0	
213.0	0.0	2.0	1857.0	1857.0	1878.0	21.0	92.0	5.0	10.0	4.0	
214.0	0.0	2.0	1857.0	1857.0	1878.0	21.0	94.0	5.0	13.0	1.0	
215.0	0.0	2.0	1857.0	1857.0	1878.0	21.0	98.0	5.0	15.0	2.0	
216.0	0.0	2.0	1857.0	1857.0	1878.0	21.0	82.0	5.0	6.0	2.0	
217.0	0.0	2.0	1857.0	1857.0	1878.0	21.0	83.0	5.0	5.0	1.0	
218.0	0.0	2.0	1857.0	1857.0	1878.0	21.0	86.0	5.0	15.0	4.0	
219.0	0.0	2.0	1979.0	1979.0	2000.0	21.0	91.0	5.0	9.0	5.0	
220.0	0.0	2.0	1958.0	1958.0	1979.0	21.0	93.0	5.0	4.0	5.0	
221.0	1.0	2.0	1947.0	1947.0	1970.0	23.0	33.0	2.0	14.0	1.0	
222.0	0.0	2.0	1960.0	1960.0	1981.0	21.0	100.0	5.0	14.0	1.0	
223.0	0.0	2.0	1857.0	1857.0	1878.0	21.0	83.0	5.0	5.0	1.0	
224.0	0.0	2.0	1857.0	1857.0	1878.0	21.0	84.0	5.0	12.0	2.0	
225.0	0.0	2.0	1981.0	1981.0	2002.0	21.0	87.0	5.0	5.0	5.0	
226.0	1.0	2.0	1941.0	1941.0	1964.0	23.0	64.0	4.0	4.0	2.0	
227.0	0.0	2.0	1960.0	1960.0	1981.0	21.0	93.0	5.0	4.0	5.0	
228.0	0.0	2.0	1981.0	1981.0	2002.0	21.0	97.0	5.0	9.0	3.0	
229.0	0.0	2.0	1960.0	1960.0	1981.0	21.0	81.0	5.0	3.0	4.0	
230.0	0.0	2.0	1950.0	1950.0	1971.0	21.0	82.0	5.0	6.0	2.0	
231.0	1.0	2.0	1901.0	1901.0	1924.0	23.0	27.0	2.0	13.0	4.0	
232.0	0.0	2.0	1981.0	1981.0	2002.0	21.0	89.0	5.0	14.0	2.0	
233.0	1.0	2.0	1943.0	1943.0	1966.0	23.0	32.0	2.0	14.0	3.0	
234.0	0.0	2.0	1981.0	1981.0	2002.0	21.0	95.0	5.0	8.0	5.0	
235.0	1.0	2.0	1857.0	1857.0	1880.0	23.0	75.0	4.0	8.0	5.0	
236.0	0.0	2.0	1960.0	1960.0	1981.0	21.0	82.0	5.0	6.0	2.0	
237.0	0.0	2.0	1950.0	1950.0	1971.0	21.0	85.0	5.0	3.0	5.0	
238.0	0.0	2.0	1960.0	1960.0	1981.0	21.0	86.0	5.0	15.0	4.0	
239.0	0.0	2.0	1959.0	1960.0	1981.0	21.0	89.0	5.0	14.0	2.0	
240.0	0.0	2.0	1971.0	1971.0	1992.0	21.0	92.0	5.0	10.0	4.0	
241.0	1.0	2.0	1857.0	1857.0	1880.0	23.0	63.0	4.0	15.0	1.0	
242.0	1.0	2.0	1874.0	1874.0	1897.0	23.0	49.0	3.0	12.0	1.0	
243.0	0.0	2.0	1960.0	1960.0	1981.0	21.0	83.0	5.0	5.0	1.0	
244.0	0.0	2.0	1956.0	1956.0	1977.0	21.0	84.0	5.0	12.0	2.0	
245.0	1.0	2.0	1903.0	1903.0	1926.0	23.0	70.0	4.0	11.0	5.0	
246.0	0.0	2.0	1981.0	1981.0	2002.0	21.0	91.0	5.0	9.0	5.0	
247.0	0.0	2.0	1973.0	1973.0	1994.0	21.0	93.0	5.0	4.0	5.0	
248.0	0.0	2.0	1959.0	1960.0	1981.0	21.0	97.0	5.0	9.0	3.0	
249.0	0.0	2.0	1960.0	1960.0	1981.0	21.0	100.0	5.0	14.0	1.0	
250.0	0.0	2.0	1981.0	1981.0	2002.0	21.0	83.0	5.0	5.0	1.0	
251.0	0.0	2.0	1960.0	1960.0	1981.0	21.0	85.0	5.0	3.0	5.0	
252.0	0.0	2.0	1988.0	1988.0	2009.0	21.0	90.0	5.0	4.0	1.0	
253.0	0.0	2.0	1981.0	1981.0	2002.0	21.0	93.0	5.0	4.0	5.0	
254.0	1.0	2.0	1937.0	1937.0	1960.0	23.0	53.0	3.0	12.0	3.0	
255.0	1.0	2.0	1903.0	1903.0	1926.0	23.0	56.0	3.0	13.0	5.0	
256.0	0.0	2.0	1981.0	1981.0	2002.0	21.0	100.0	5.0	14.0	1.0	
257.0	1.0	2.0	1920.0	1920.0	1943.0	23.0	49.0	3.0	12.0	1.0	
258.0	0.0	2.0	1961.0	1961.0	1982.0	21.0	86.0	5.0	15.0	4.0	
259.0	1.0	2.0	1924.0	1924.0	1947.0	23.0	27.0	2.0	13.0	4.0	
260.0	0.0	2.0	1982.0	1983.0	2004.0	21.0	94.0	5.0	13.0	1.0	
261.0	1.0	2.0	1981.0	1981.0	2004.0	23.0	100.0	5.0	14.0	1.0	
262.0	0.0	2.0	1981.0	1981.0	2002.0	21.0	98.0	5.0	15.0	2.0	
263.0	0.0	2.0	1981.0	1981.0	2002.0	21.0	81.0	5.0	3.0	4.0	
264.0	0.0	2.0	1971.0	1971.0	1992.0	21.0	85.0	5.0	3.0	5.0	
265.0	0.0	2.0	1988.0	1988.0	2009.0	21.0	87.0	5.0	5.0	5.0	
266.0	0.0	2.0	1983.0	1983.0	2004.0	21.0	92.0	5.0	10.0	4.0	
267.0	1.0	2.0	1964.0	1964.0	1987.0	23.0	51.0	3.0	2.0	3.0	
268.0	0.0	2.0	1990.0	1990.0	2011.0	21.0	96.0	5.0	15.0	3.0	
269.0	0.0	2.0	1981.0	1981.0	2002.0	21.0	99.0	5.0	12.0	3.0	
270.0	0.0	2.0	1986.0	1986.0	2007.0	21.0	82.0	5.0	6.0	2.0	
271.0	0.0	2.0	1971.0	1971.0	1992.0	21.0	86.0	5.0	15.0	4.0	
272.0	1.0	2.0	1987.0	1987.0	2010.0	23.0	73.0	4.0	13.0	3.0	
273.0	1.0	2.0	1988.0	1988.0	2011.0	23.0	43.0	3.0	13.0	1.0	
274.0	1.0	2.0	1897.0	1897.0	1920.0	23.0	49.0	3.0	12.0	1.0	
275.0	1.0	2.0	1977.0	1977.0	2000.0	23.0	72.0	4.0	11.0	2.0	
276.0	0.0	2.0	1984.0	1984.0	2005.0	21.0	100.0	5.0	14.0	1.0	
277.0	0.0	2.0	1981.0	1981.0	2002.0	21.0	85.0	5.0	3.0	5.0	
278.0	0.0	2.0	1981.0	1981.0	2002.0	21.0	86.0	5.0	15.0	4.0	
279.0	0.0	2.0	1988.0	1988.0	2009.0	21.0	89.0	5.0	14.0	2.0	
280.0	1.0	2.0	1989.0	1989.0	2012.0	23.0	29.0	2.0	2.0	5.0	
281.0	0.0	2.0	1987.0	1987.0	2008.0	21.0	95.0	5.0	8.0	5.0	
282.0	0.0	2.0	1988.0	1988.0	2010.0	22.0	99.0	5.0	12.0	3.0	
283.0	1.0	2.0	1897.0	1897.0	1920.0	23.0	78.0	4.0	8.0	1.0	
284.0	1.0	2.0	1981.0	1981.0	2004.0	23.0	79.0	4.0	7.0	3.0	
285.0	1.0	2.0	1935.0	1935.0	1958.0	23.0	79.0	4.0	7.0	3.0	
286.0	0.0	2.0	1979.0	1979.0	2000.0	21.0	92.0	5.0	10.0	4.0	
287.0	1.0	2.0	1988.0	1988.0	2011.0	23.0	63.0	4.0	15.0	1.0	
288.0	1.0	2.0	1988.0	1988.0	2011.0	23.0	78.0	4.0	8.0	1.0	
289.0	1.0	2.0	1988.0	1988.0	2011.0	23.0	67.0	4.0	3.0	3.0	
290.0	1.0	2.0	1985.0	1985.0	2008.0	23.0	62.0	4.0	7.0	4.0	
291.0	0.0	2.0	1990.0	1990.0	2011.0	21.0	87.0	5.0	5.0	5.0	
292.0	1.0	2.0	1987.0	1987.0	2010.0	23.0	75.0	4.0	8.0	5.0	
293.0	0.0	2.0	1992.0	1992.0	2013.0	21.0	91.0	5.0	9.0	5.0	
294.0	0.0	2.0	1990.0	1990.0	2011.0	21.0	95.0	5.0	8.0	5.0	
295.0	0.0	2.0	1990.0	1990.0	2011.0	21.0	98.0	5.0	15.0	2.0	
296.0	0.0	2.0	1988.0	1988.0	2010.0	22.0	82.0	5.0	6.0	2.0	
297.0	0.0	2.0	1986.0	1986.0	2007.0	21.0	84.0	5.0	12.0	2.0	
298.0	1.0	2.0	1988.0	1988.0	2011.0	23.0	73.0	4.0	13.0	3.0	
299.0	0.0	2.0	1992.0	1992.0	2013.0	21.0	89.0	5.0	14.0	2.0	
300.0	0.0	2.0	1993.0	1993.0	2015.0	22.0	94.0	5.0	13.0	1.0	
301.0	0.0	2.0	1990.0	1990.0	2011.0	21.0	97.0	5.0	9.0	3.0	
302.0	0.0	2.0	1990.0	1990.0	2011.0	21.0	99.0	5.0	12.0	3.0	
303.0	0.0	2.0	1988.0	1988.0	2009.0	21.0	83.0	5.0	5.0	1.0	
304.0	0.0	2.0	1990.0	1990.0	2011.0	21.0	84.0	5.0	12.0	2.0	
305.0	1.0	2.0	1964.0	1964.0	1987.0	23.0	74.0	4.0	1.0	3.0	
306.0	0.0	2.0	1992.0	1992.0	2013.0	21.0	90.0	5.0	4.0	1.0	
307.0	1.0	2.0	1990.0	1990.0	2013.0	23.0	98.0	5.0	15.0	2.0	
308.0	1.0	2.0	1988.0	1988.0	2011.0	23.0	60.0	3.0	3.0	3.0	
309.0	0.0	2.0	1990.0	1990.0	2011.0	21.0	100.0	5.0	14.0	1.0	
310.0	1.0	2.0	1988.0	1988.0	2011.0	23.0	59.0	3.0	9.0	4.0	
311.0	1.0	2.0	1992.0	1992.0	2016.0	24.0	73.0	4.0	13.0	3.0	
312.0	1.0	2.0	1977.0	1977.0	2000.0	23.0	71.0	4.0	11.0	3.0	
313.0	1.0	2.0	1964.0	1964.0	1987.0	23.0	55.0	3.0	6.0	4.0	
314.0	0.0	2.0	1994.0	1994.0	2015.0	21.0	96.0	5.0	15.0	3.0	
315.0	0.0	2.0	1992.0	1993.0	2014.0	21.0	97.0	5.0	9.0	3.0	
316.0	0.0	2.0	1990.0	1990.0	2011.0	21.0	82.0	5.0	6.0	2.0	
317.0	1.0	2.0	1990.0	1990.0	2013.0	23.0	78.0	4.0	8.0	1.0	
318.0	0.0	2.0	1947.0	1947.0	1968.0	21.0	88.0	5.0	4.0	3.0	
319.0	1.0	2.0	1954.0	1954.0	1977.0	23.0	72.0	4.0	11.0	2.0	
320.0	1.0	2.0	1983.0	1983.0	2006.0	23.0	53.0	3.0	12.0	3.0	
321.0	0.0	2.0	1996.0	1996.0	2017.0	21.0	97.0	5.0	9.0	3.0	
322.0	1.0	2.0	1983.0	1983.0	2006.0	23.0	73.0	4.0	13.0	3.0	
323.0	1.0	2.0	1897.0	1897.0	1920.0	23.0	45.0	3.0	5.0	4.0	
324.0	0.0	2.0	1994.0	1994.0	2015.0	21.0	84.0	5.0	12.0	2.0	
325.0	0.0	2.0	1991.0	1991.0	2012.0	21.0	88.0	5.0	4.0	3.0	
326.0	1.0	2.0	1990.0	1990.0	2013.0	23.0	81.0	5.0	3.0	4.0	
327.0	1.0	2.0	1988.0	1988.0	2011.0	23.0	46.0	3.0	14.0	3.0	
328.0	1.0	2.0	1987.0	1987.0	2010.0	23.0	58.0	3.0	11.0	4.0	
329.0	1.0	2.0	1988.0	1989.0	2012.0	23.0	61.0	4.0	12.0	4.0	
330.0	0.0	2.0	1996.0	1996.0	2017.0	21.0	82.0	5.0	6.0	2.0	
331.0	0.0	2.0	1996.0	1996.0	2017.0	21.0	85.0	5.0	3.0	5.0	
332.0	0.0	2.0	1996.0	1996.0	2017.0	21.0	89.0	5.0	14.0	2.0	
333.0	0.0	2.0	1994.0	1994.0	2015.0	21.0	92.0	5.0	10.0	4.0	
334.0	1.0	2.0	1993.0	1993.0	2016.0	23.0	68.0	4.0	5.0	3.0	
335.0	1.0	2.0	1998.0	1998.0	2021.0	23.0	76.0	4.0	6.0	4.0	
336.0	0.0	2.0	1997.0	1997.0	2018.0	21.0	100.0	5.0	14.0	1.0	
337.0	0.0	2.0	1994.0	1994.0	2015.0	21.0	85.0	5.0	3.0	5.0	
338.0	1.0	2.0	1943.0	1943.0	1966.0	23.0	49.0	3.0	12.0	1.0	
339.0	1.0	2.0	1985.0	1985.0	2008.0	23.0	59.0	3.0	9.0	4.0	
340.0	0.0	2.0	1995.0	1995.0	2016.0	21.0	93.0	5.0	4.0	5.0	
341.0	1.0	2.0	1996.0	1996.0	2019.0	23.0	84.0	5.0	12.0	2.0	
342.0	0.0	2.0	2002.0	2002.0	2023.0	21.0	98.0	5.0	15.0	2.0	
343.0	1.0	2.0	1903.0	1903.0	1926.0	23.0	43.0	3.0	13.0	1.0	
344.0	0.0	2.0	2002.0	2002.0	2023.0	21.0	85.0	5.0	3.0	5.0	
345.0	1.0	2.0	1990.0	1990.0	2013.0	23.0	61.0	4.0	12.0	4.0	
346.0	0.0	2.0	1996.0	1996.0	2017.0	21.0	91.0	5.0	9.0	5.0	
347.0	1.0	2.0	1994.0	1994.0	2017.0	23.0	30.0	2.0	14.0	1.0	
348.0	0.0	2.0	1996.0	1996.0	2017.0	21.0	97.0	5.0	9.0	3.0	
349.0	1.0	2.0	1994.0	1994.0	2017.0	23.0	45.0	3.0	5.0	4.0	
350.0	0.0	2.0	2002.0	2002.0	2023.0	21.0	83.0	5.0	5.0	1.0	
351.0	1.0	2.0	1996.0	1996.0	2019.0	23.0	92.0	5.0	10.0	4.0	
352.0	1.0	2.0	1947.0	1947.0	1970.0	23.0	42.0	3.0	4.0	1.0	
353.0	1.0	2.0	1897.0	1897.0	1920.0	23.0	64.0	4.0	4.0	2.0	
354.0	1.0	2.0	1995.0	1995.0	2018.0	23.0	77.0	4.0	8.0	2.0	
355.0	0.0	2.0	2002.0	2002.0	2023.0	21.0	99.0	5.0	12.0	3.0	
356.0	0.0	2.0	2002.0	2002.0	2023.0	21.0	100.0	5.0	14.0	1.0	
357.0	0.0	2.0	2006.0	2006.0	2027.0	21.0	85.0	5.0	3.0	5.0	
358.0	0.0	2.0	2000.0	2000.0	2021.0	21.0	87.0	5.0	5.0	5.0	
359.0	1.0	2.0	1993.0	1993.0	2016.0	23.0	54.0	3.0	10.0	5.0	
360.0	1.0	2.0	1994.0	1994.0	2018.0	24.0	63.0	4.0	15.0	1.0	
361.0	1.0	2.0	1903.0	1903.0	1926.0	23.0	79.0	4.0	7.0	3.0	
362.0	1.0	2.0	1998.0	1998.0	2021.0	23.0	45.0	3.0	5.0	4.0	
363.0	1.0	2.0	1985.0	1985.0	2008.0	23.0	42.0	3.0	4.0	1.0	
364.0	0.0	2.0	2002.0	2002.0	2023.0	21.0	86.0	5.0	15.0	4.0	
365.0	1.0	2.0	1992.0	1992.0	2015.0	23.0	65.0	4.0	11.0	2.0	
366.0	0.0	2.0	2000.0	2000.0	2021.0	21.0	91.0	5.0	9.0	5.0	
367.0	0.0	2.0	1997.0	1997.0	2018.0	21.0	95.0	5.0	8.0	5.0	
368.0	0.0	2.0	1998.0	1998.0	2019.0	21.0	96.0	5.0	15.0	3.0	
369.0	1.0	2.0	1998.0	1998.0	2021.0	23.0	66.0	4.0	12.0	5.0	
370.0	1.0	2.0	1992.0	1992.0	2016.0	24.0	80.0	4.0	3.0	1.0	
371.0	1.0	2.0	1990.0	1990.0	2013.0	23.0	71.0	4.0	11.0	3.0	
372.0	1.0	2.0	1987.0	1987.0	2010.0	23.0	55.0	3.0	6.0	4.0	
373.0	0.0	2.0	2002.0	2002.0	2023.0	21.0	91.0	5.0	9.0	5.0	
374.0	0.0	2.0	1998.0	1998.0	2019.0	21.0	94.0	5.0	13.0	1.0	
375.0	1.0	2.0	1992.0	1992.0	2015.0	23.0	69.0	4.0	12.0	2.0	
376.0	0.0	2.0	2002.0	2002.0	2023.0	21.0	81.0	5.0	3.0	4.0	
377.0	0.0	2.0	2007.0	2007.0	2028.0	21.0	84.0	5.0	12.0	2.0	
378.0	1.0	2.0	1995.0	1995.0	2018.0	23.0	65.0	4.0	11.0	2.0	
379.0	1.0	2.0	1926.0	1926.0	1949.0	23.0	43.0	3.0	13.0	1.0	
380.0	1.0	2.0	1998.0	1998.0	2021.0	23.0	80.0	4.0	3.0	1.0	
381.0	0.0	2.0	2008.0	2008.0	2029.0	21.0	95.0	5.0	8.0	5.0	
382.0	0.0	2.0	2014.0	2014.0	2035.0	21.0	100.0	5.0	14.0	1.0	
383.0	0.0	2.0	2005.0	2006.0	2027.0	21.0	81.0	5.0	3.0	4.0	
384.0	0.0	2.0	2003.0	2004.0	2025.0	21.0	86.0	5.0	15.0	4.0	
385.0	0.0	2.0	2002.0	2002.0	2023.0	21.0	89.0	5.0	14.0	2.0	
386.0	0.0	2.0	2000.0	2000.0	2021.0	21.0	90.0	5.0	4.0	1.0	
387.0	0.0	2.0	2002.0	2002.0	2023.0	21.0	93.0	5.0	4.0	5.0	
388.0	0.0	2.0	2013.0	2013.0	2034.0	21.0	96.0	5.0	15.0	3.0	
389.0	0.0	2.0	2014.0	2014.0	2035.0	21.0	81.0	5.0	3.0	4.0	
390.0	0.0	2.0	2011.0	2011.0	2032.0	21.0	82.0	5.0	6.0	2.0	
391.0	1.0	2.0	1998.0	1998.0	2021.0	23.0	47.0	3.0	15.0	5.0	
392.0	0.0	2.0	2004.0	2004.0	2025.0	21.0	90.0	5.0	4.0	1.0	
393.0	0.0	2.0	2007.0	2007.0	2028.0	21.0	91.0	5.0	9.0	5.0	
394.0	0.0	2.0	2017.0	2017.0	2039.0	22.0	94.0	5.0	13.0	1.0	
395.0	1.0	2.0	2011.0	2011.0	2034.0	23.0	60.0	3.0	3.0	3.0	
396.0	1.0	2.0	2000.0	2000.0	2023.0	23.0	71.0	4.0	11.0	3.0	
397.0	1.0	2.0	1990.0	1991.0	2014.0	23.0	47.0	3.0	15.0	5.0	
398.0	0.0	2.0	2008.0	2008.0	2029.0	21.0	88.0	5.0	4.0	3.0	
399.0	0.0	2.0	2009.0	2009.0	2030.0	21.0	91.0	5.0	9.0	5.0	
400.0	0.0	2.0	1973.0	1973.0	1994.0	21.0	94.0	5.0	13.0	1.0	
401.0	1.0	2.0	1985.0	1985.0	2008.0	23.0	66.0	4.0	12.0	5.0	
402.0	0.0	2.0	2015.0	2015.0	2036.0	21.0	99.0	5.0	12.0	3.0	
403.0	0.0	2.0	1995.0	1996.0	2017.0	21.0	83.0	5.0	5.0	1.0	
404.0	0.0	2.0	2011.0	2011.0	2032.0	21.0	84.0	5.0	12.0	2.0	
405.0	0.0	2.0	2012.0	2012.0	2033.0	21.0	88.0	5.0	4.0	3.0	
406.0	0.0	2.0	2013.0	2013.0	2034.0	21.0	91.0	5.0	9.0	5.0	
407.0	0.0	2.0	2019.0	2019.0	2040.0	21.0	95.0	5.0	8.0	5.0	
408.0	1.0	2.0	1990.0	1991.0	2014.0	23.0	75.0	4.0	8.0	5.0	
409.0	0.0	2.0	2018.0	2018.0	2039.0	21.0	100.0	5.0	14.0	1.0	
410.0	0.0	2.0	2013.0	2013.0	2034.0	21.0	83.0	5.0	5.0	1.0	
411.0	1.0	2.0	1968.0	1968.0	1991.0	23.0	27.0	2.0	13.0	4.0	
412.0	1.0	2.0	1988.0	1988.0	2011.0	23.0	52.0	3.0	4.0	3.0	
413.0	0.0	2.0	2017.0	2017.0	2038.0	21.0	92.0	5.0	10.0	4.0	
414.0	0.0	2.0	2019.0	2019.0	2040.0	21.0	94.0	5.0	13.0	1.0	
415.0	0.0	2.0	2017.0	2017.0	2038.0	21.0	97.0	5.0	9.0	3.0	
416.0	0.0	2.0	2017.0	2017.0	2038.0	21.0	82.0	5.0	6.0	2.0	
417.0	0.0	2.0	2013.0	2013.0	2034.0	21.0	85.0	5.0	3.0	5.0	
418.0	0.0	2.0	2017.0	2017.0	2038.0	21.0	87.0	5.0	5.0	5.0	
419.0	0.0	2.0	2013.0	2013.0	2034.0	21.0	89.0	5.0	14.0	2.0	
420.0	1.0	2.0	1984.0	1984.0	2007.0	23.0	74.0	4.0	1.0	3.0	
421.0	1.0	2.0	1995.0	1995.0	2018.0	23.0	64.0	4.0	4.0	2.0	
422.0	1.0	2.0	1996.0	1996.0	2019.0	23.0	65.0	4.0	11.0	2.0	
423.0	0.0	2.0	1984.0	1984.0	2005.0	21.0	81.0	5.0	3.0	4.0	
424.0	0.0	2.0	1984.0	1984.0	2005.0	21.0	84.0	5.0	12.0	2.0	
425.0	0.0	2.0	1984.0	1984.0	2005.0	21.0	88.0	5.0	4.0	3.0	
426.0	1.0	2.0	2015.0	2015.0	2038.0	23.0	62.0	4.0	7.0	4.0	
427.0	1.0	2.0	1988.0	1988.0	2011.0	23.0	74.0	4.0	1.0	3.0	
428.0	1.0	2.0	1996.0	1996.0	2019.0	23.0	35.0	2.0	10.0	5.0	
429.0	1.0	2.0	2011.0	2011.0	2034.0	23.0	74.0	4.0	1.0	3.0	
430.0	0.0	2.0	2019.0	2019.0	2040.0	21.0	84.0	5.0	12.0	2.0	
431.0	0.0	2.0	2015.0	2015.0	2036.0	21.0	85.0	5.0	3.0	5.0	
432.0	0.0	2.0	2017.0	2017.0	2038.0	21.0	89.0	5.0	14.0	2.0	
433.0	0.0	2.0	1986.0	1986.0	2007.0	21.0	91.0	5.0	9.0	5.0	
434.0	0.0	2.0	2019.0	2019.0	2040.0	21.0	96.0	5.0	15.0	3.0	
435.0	0.0	2.0	2023.0	2023.0	2044.0	21.0	98.0	5.0	15.0	2.0	
436.0	1.0	2.0	2021.0	2021.0	2044.0	23.0	90.0	5.0	4.0	1.0	
437.0	0.0	2.0	2017.0	2017.0	2038.0	21.0	85.0	5.0	3.0	5.0	
438.0	1.0	2.0	1996.0	1996.0	2019.0	23.0	37.0	2.0	5.0	2.0	
439.0	0.0	2.0	2017.0	2017.0	2038.0	21.0	91.0	5.0	9.0	5.0	
440.0	1.0	2.0	1996.0	1996.0	2019.0	23.0	64.0	4.0	4.0	2.0	
441.0	1.0	2.0	2018.0	2018.0	2041.0	23.0	64.0	4.0	4.0	2.0	
442.0	0.0	2.0	2032.0	2032.0	2053.0	21.0	100.0	5.0	14.0	1.0	
443.0	1.0	2.0	1993.0	1993.0	2016.0	23.0	25.0	2.0	12.0	2.0	
444.0	1.0	2.0	2007.0	2007.0	2030.0	23.0	69.0	4.0	12.0	2.0	
445.0	0.0	2.0	2017.0	2017.0	2038.0	21.0	88.0	5.0	4.0	3.0	
446.0	1.0	2.0	1999.0	1999.0	2022.0	23.0	68.0	4.0	5.0	3.0	
447.0	0.0	2.0	1992.0	1992.0	2013.0	21.0	95.0	5.0	8.0	5.0	
448.0	1.0	2.0	2010.0	2010.0	2033.0	23.0	51.0	3.0	2.0	3.0	
449.0	1.0	2.0	2019.0	2020.0	2043.0	23.0	64.0	4.0	4.0	2.0	
450.0	1.0	2.0	1993.0	1993.0	2016.0	23.0	77.0	4.0	8.0	2.0	
451.0	1.0	2.0	1994.0	1994.0	2018.0	24.0	56.0	3.0	13.0	5.0	
452.0	0.0	2.0	2020.0	2021.0	2042.0	21.0	90.0	5.0	4.0	1.0	
453.0	0.0	2.0	2019.0	2019.0	2040.0	21.0	92.0	5.0	10.0	4.0	
454.0	1.0	2.0	2009.0	2009.0	2032.0	23.0	57.0	3.0	14.0	3.0	
455.0	0.0	2.0	2032.0	2032.0	2053.0	21.0	99.0	5.0	12.0	3.0	
456.0	1.0	2.0	2010.0	2010.0	2033.0	23.0	75.0	4.0	8.0	5.0	
457.0	0.0	2.0	2022.0	2022.0	2043.0	21.0	83.0	5.0	5.0	1.0	
458.0	0.0	2.0	2025.0	2025.0	2046.0	21.0	86.0	5.0	15.0	4.0	
459.0	1.0	2.0	2021.0	2021.0	2045.0	24.0	80.0	4.0	3.0	1.0	
460.0	1.0	2.0	2000.0	2000.0	2023.0	23.0	68.0	4.0	5.0	3.0	
461.0	1.0	2.0	2006.0	2006.0	2029.0	23.0	32.0	2.0	14.0	3.0	
462.0	0.0	2.0	1992.0	1992.0	2013.0	21.0	100.0	5.0	14.0	1.0	
463.0	0.0	2.0	2022.0	2022.0	2043.0	21.0	82.0	5.0	6.0	2.0	
464.0	0.0	2.0	2023.0	2023.0	2044.0	21.0	85.0	5.0	3.0	5.0	
465.0	1.0	2.0	2029.0	2029.0	2052.0	23.0	74.0	4.0	1.0	3.0	
466.0	0.0	2.0	2025.0	2025.0	2046.0	21.0	92.0	5.0	10.0	4.0	
467.0	0.0	2.0	2023.0	2023.0	2044.0	21.0	93.0	5.0	4.0	5.0	
468.0	0.0	2.0	1938.0	1938.0	1959.0	21.0	97.0	5.0	9.0	3.0	
469.0	0.0	2.0	2023.0	2023.0	2044.0	21.0	99.0	5.0	12.0	3.0	
470.0	0.0	2.0	2023.0	2023.0	2044.0	21.0	83.0	5.0	5.0	1.0	
471.0	0.0	2.0	2023.0	2023.0	2044.0	21.0	86.0	5.0	15.0	4.0	
472.0	1.0	2.0	2034.0	2034.0	2057.0	23.0	46.0	3.0	14.0	3.0	
473.0	0.0	2.0	2023.0	2023.0	2044.0	21.0	91.0	5.0	9.0	5.0	
474.0	0.0	2.0	2027.0	2027.0	2048.0	21.0	94.0	5.0	13.0	1.0	
475.0	1.0	2.0	1994.0	1994.0	2017.0	23.0	94.0	5.0	13.0	1.0	
476.0	0.0	2.0	2023.0	2023.0	2044.0	21.0	100.0	5.0	14.0	1.0	
477.0	0.0	2.0	2028.0	2029.0	2050.0	21.0	84.0	5.0	12.0	2.0	
478.0	1.0	2.0	1996.0	1996.0	2019.0	23.0	46.0	3.0	14.0	3.0	
479.0	1.0	2.0	2013.0	2013.0	2036.0	23.0	78.0	4.0	8.0	1.0	
480.0	0.0	2.0	1979.0	1979.0	2000.0	21.0	93.0	5.0	4.0	5.0	
481.0	1.0	2.0	1970.0	1970.0	1993.0	23.0	33.0	2.0	14.0	1.0	
482.0	1.0	2.0	2013.0	2013.0	2036.0	23.0	61.0	4.0	12.0	4.0	
483.0	0.0	2.0	2023.0	2023.0	2044.0	21.0	81.0	5.0	3.0	4.0	
484.0	1.0	2.0	1995.0	1995.0	2018.0	23.0	51.0	3.0	2.0	3.0	
485.0	1.0	2.0	2012.0	2012.0	2035.0	23.0	53.0	3.0	12.0	3.0	
486.0	1.0	2.0	2018.0	2018.0	2041.0	23.0	63.0	4.0	15.0	1.0	
487.0	0.0	2.0	1996.0	1996.0	2017.0	21.0	94.0	5.0	13.0	1.0	
488.0	1.0	2.0	2018.0	2018.0	2041.0	23.0	76.0	4.0	6.0	4.0	
489.0	1.0	2.0	1998.0	1998.0	2021.0	23.0	78.0	4.0	8.0	1.0	
490.0	1.0	2.0	1994.0	1994.0	2017.0	23.0	78.0	4.0	8.0	1.0	
491.0	0.0	2.0	2030.0	2030.0	2051.0	21.0	87.0	5.0	5.0	5.0	
492.0	1.0	2.0	2035.0	2035.0	2058.0	23.0	78.0	4.0	8.0	1.0	
493.0	1.0	2.0	1880.0	1880.0	1903.0	23.0	68.0	4.0	5.0	3.0	
494.0	1.0	2.0	2008.0	2008.0	2031.0	23.0	65.0	4.0	11.0	2.0	
495.0	1.0	2.0	1984.0	1984.0	2007.0	23.0	76.0	4.0	6.0	4.0	
496.0	1.0	2.0	2012.0	2012.0	2035.0	23.0	61.0	4.0	12.0	4.0	
497.0	0.0	2.0	2032.0	2033.0	2054.0	21.0	83.0	5.0	5.0	1.0	
498.0	0.0	2.0	2032.0	2032.0	2053.0	21.0	87.0	5.0	5.0	5.0	
499.0	0.0	2.0	2028.0	2029.0	2050.0	21.0	91.0	5.0	9.0	5.0	
500.0	0.0	2.0	2013.0	2013.0	2034.0	21.0	92.0	5.0	10.0	4.0	
501.0	1.0	2.0	2011.0	2012.0	2035.0	23.0	63.0	4.0	15.0	1.0	
502.0	0.0	2.0	2004.0	2004.0	2026.0	22.0	100.0	5.0	14.0	1.0	
503.0	1.0	2.0	1997.0	1997.0	2020.0	23.0	48.0	3.0	13.0	4.0	
504.0	0.0	2.0	2032.0	2033.0	2054.0	21.0	84.0	5.0	12.0	2.0	
505.0	0.0	2.0	2038.0	2038.0	2059.0	21.0	89.0	5.0	14.0	2.0	
506.0	0.0	2.0	2030.0	2030.0	2051.0	21.0	91.0	5.0	9.0	5.0	
507.0	0.0	2.0	2016.0	2017.0	2038.0	21.0	93.0	5.0	4.0	5.0	
508.0	0.0	2.0	2034.0	2034.0	2055.0	21.0	96.0	5.0	15.0	3.0	
509.0	0.0	2.0	2035.0	2035.0	2056.0	21.0	100.0	5.0	14.0	1.0	
510.0	0.0	2.0	2033.0	2033.0	2054.0	21.0	82.0	5.0	6.0	2.0	
511.0	0.0	2.0	2034.0	2034.0	2055.0	21.0	85.0	5.0	3.0	5.0	
512.0	1.0	2.0	2006.0	2006.0	2029.0	23.0	44.0	3.0	3.0	5.0	
513.0	0.0	2.0	1958.0	1958.0	1979.0	21.0	92.0	5.0	10.0	4.0	
514.0	1.0	2.0	2032.0	2033.0	2056.0	23.0	57.0	3.0	14.0	3.0	
515.0	1.0	2.0	2035.0	2035.0	2058.0	23.0	70.0	4.0	11.0	5.0	
516.0	0.0	2.0	2035.0	2035.0	2056.0	21.0	81.0	5.0	3.0	4.0	
517.0	0.0	2.0	2036.0	2036.0	2057.0	21.0	85.0	5.0	3.0	5.0	
518.0	0.0	2.0	1996.0	1996.0	2017.0	21.0	87.0	5.0	5.0	5.0	
519.0	1.0	2.0	2034.0	2034.0	2057.0	23.0	59.0	3.0	9.0	4.0	
520.0	0.0	2.0	1996.0	1996.0	2017.0	21.0	92.0	5.0	10.0	4.0	
521.0	1.0	2.0	1986.0	1986.0	2010.0	24.0	71.0	4.0	11.0	3.0	
522.0	1.0	2.0	2000.0	2000.0	2023.0	23.0	64.0	4.0	4.0	2.0	
523.0	1.0	2.0	2008.0	2008.0	2031.0	23.0	66.0	4.0	12.0	5.0	
524.0	0.0	2.0	2038.0	2038.0	2059.0	21.0	85.0	5.0	3.0	5.0	
525.0	0.0	2.0	1996.0	1996.0	2017.0	21.0	88.0	5.0	4.0	3.0	
526.0	1.0	2.0	1958.0	1958.0	1981.0	23.0	79.0	4.0	7.0	3.0	
527.0	1.0	2.0	2014.0	2014.0	2037.0	23.0	97.0	5.0	9.0	3.0	
528.0	1.0	2.0	1999.0	1999.0	2022.0	23.0	74.0	4.0	1.0	3.0	
529.0	0.0	2.0	1956.0	1956.0	1977.0	21.0	81.0	5.0	3.0	4.0	
530.0	0.0	2.0	2038.0	2038.0	2059.0	21.0	82.0	5.0	6.0	2.0	
531.0	0.0	2.0	2039.0	2039.0	2060.0	21.0	86.0	5.0	15.0	4.0	
532.0	0.0	2.0	2037.0	2037.0	2058.0	21.0	90.0	5.0	4.0	1.0	
533.0	0.0	2.0	2038.0	2038.0	2059.0	21.0	93.0	5.0	4.0	5.0	
534.0	1.0	2.0	2029.0	2030.0	2053.0	23.0	44.0	3.0	3.0	5.0	
535.0	0.0	2.0	2036.0	2036.0	2058.0	22.0	99.0	5.0	12.0	3.0	
536.0	1.0	2.0	1983.0	1983.0	2006.0	23.0	32.0	2.0	14.0	3.0	
537.0	0.0	2.0	2040.0	2040.0	2061.0	21.0	83.0	5.0	5.0	1.0	
538.0	1.0	2.0	2011.0	2012.0	2035.0	23.0	70.0	4.0	11.0	5.0	
539.0	1.0	2.0	2014.0	2014.0	2037.0	23.0	26.0	2.0	1.0	2.0	
540.0	1.0	2.0	2029.0	2029.0	2052.0	23.0	90.0	5.0	4.0	1.0	
541.0	0.0	2.0	2011.0	2011.0	2032.0	21.0	96.0	5.0	15.0	3.0	
542.0	1.0	2.0	1991.0	1991.0	2014.0	23.0	67.0	4.0	3.0	3.0	
543.0	1.0	2.0	2029.0	2029.0	2052.0	23.0	62.0	4.0	7.0	4.0	
544.0	1.0	2.0	2039.0	2039.0	2062.0	23.0	73.0	4.0	13.0	3.0	
545.0	0.0	2.0	2011.0	2011.0	2032.0	21.0	87.0	5.0	5.0	5.0	
546.0	1.0	2.0	2021.0	2021.0	2045.0	24.0	45.0	3.0	5.0	4.0	
547.0	0.0	2.0	2034.0	2034.0	2055.0	21.0	95.0	5.0	8.0	5.0	
548.0	0.0	2.0	2011.0	2011.0	2032.0	21.0	98.0	5.0	15.0	2.0	
549.0	0.0	2.0	2011.0	2011.0	2032.0	21.0	99.0	5.0	12.0	3.0	
550.0	0.0	2.0	2040.0	2040.0	2062.0	22.0	84.0	5.0	12.0	2.0	
551.0	0.0	2.0	1992.0	1992.0	2013.0	21.0	86.0	5.0	15.0	4.0	
552.0	1.0	2.0	1988.0	1988.0	2011.0	23.0	70.0	4.0	11.0	5.0	
553.0	0.0	2.0	1992.0	1992.0	2013.0	21.0	92.0	5.0	10.0	4.0	
554.0	0.0	2.0	2035.0	2035.0	2056.0	21.0	96.0	5.0	15.0	3.0	
555.0	0.0	2.0	2037.0	2037.0	2058.0	21.0	97.0	5.0	9.0	3.0	
556.0	0.0	2.0	2011.0	2011.0	2032.0	21.0	100.0	5.0	14.0	1.0	
557.0	0.0	2.0	1992.0	1992.0	2013.0	21.0	85.0	5.0	3.0	5.0	
558.0	1.0	2.0	2011.0	2011.0	2034.0	23.0	59.0	3.0	9.0	4.0	
559.0	0.0	2.0	1984.0	1984.0	2006.0	22.0	90.0	5.0	4.0	1.0	
560.0	0.0	2.0	2039.0	2039.0	2060.0	21.0	94.0	5.0	13.0	1.0	
561.0	1.0	2.0	2021.0	2021.0	2044.0	23.0	78.0	4.0	8.0	1.0	
562.0	0.0	2.0	2039.0	2039.0	2060.0	21.0	100.0	5.0	14.0	1.0	
563.0	0.0	2.0	2040.0	2040.0	2061.0	21.0	81.0	5.0	3.0	4.0	
564.0	0.0	2.0	1984.0	1984.0	2006.0	22.0	85.0	5.0	3.0	5.0	
565.0	0.0	2.0	2040.0	2040.0	2061.0	21.0	88.0	5.0	4.0	3.0	
566.0	1.0	2.0	2014.0	2014.0	2037.0	23.0	67.0	4.0	3.0	3.0	
567.0	0.0	2.0	2044.0	2044.0	2065.0	21.0	93.0	5.0	4.0	5.0	
568.0	1.0	2.0	1983.0	1983.0	2006.0	23.0	44.0	3.0	3.0	5.0	
569.0	0.0	2.0	2042.0	2042.0	2063.0	21.0	99.0	5.0	12.0	3.0	
570.0	1.0	2.0	2035.0	2035.0	2058.0	23.0	63.0	4.0	15.0	1.0	
571.0	1.0	2.0	1943.0	1943.0	1966.0	23.0	44.0	3.0	3.0	5.0	
572.0	1.0	2.0	1903.0	1903.0	1926.0	23.0	70.0	4.0	11.0	5.0	
573.0	0.0	2.0	2038.0	2038.0	2059.0	21.0	91.0	5.0	9.0	5.0	
574.0	0.0	2.0	2055.0	2055.0	2076.0	21.0	96.0	5.0	15.0	3.0	
575.0	1.0	2.0	2016.0	2016.0	2039.0	23.0	31.0	2.0	8.0	1.0	
576.0	0.0	2.0	2042.0	2042.0	2063.0	21.0	81.0	5.0	3.0	4.0	
577.0	1.0	2.0	2041.0	2041.0	2064.0	23.0	63.0	4.0	15.0	1.0	
578.0	1.0	2.0	2037.0	2037.0	2060.0	23.0	27.0	2.0	13.0	4.0	
579.0	0.0	2.0	2044.0	2044.0	2065.0	21.0	89.0	5.0	14.0	2.0	
580.0	1.0	2.0	2033.0	2033.0	2056.0	23.0	51.0	3.0	2.0	3.0	
581.0	1.0	2.0	2011.0	2011.0	2034.0	23.0	46.0	3.0	14.0	3.0	
582.0	0.0	2.0	2044.0	2044.0	2065.0	21.0	98.0	5.0	15.0	2.0	
583.0	1.0	2.0	2035.0	2035.0	2058.0	23.0	48.0	3.0	13.0	4.0	
584.0	1.0	2.0	2037.0	2037.0	2060.0	23.0	77.0	4.0	8.0	2.0	
585.0	0.0	2.0	2009.0	2009.0	2030.0	21.0	87.0	5.0	5.0	5.0	
586.0	1.0	2.0	2046.0	2046.0	2069.0	23.0	89.0	5.0	14.0	2.0	
587.0	1.0	2.0	2011.0	2011.0	2034.0	23.0	43.0	3.0	13.0	1.0	
588.0	1.0	2.0	2004.0	2004.0	2027.0	23.0	79.0	4.0	7.0	3.0	
589.0	0.0	2.0	2043.0	2043.0	2064.0	21.0	81.0	5.0	3.0	4.0	
590.0	0.0	2.0	2044.0	2044.0	2065.0	21.0	82.0	5.0	6.0	2.0	
591.0	1.0	2.0	2007.0	2007.0	2030.0	23.0	80.0	4.0	3.0	1.0	
592.0	1.0	2.0	2037.0	2037.0	2060.0	23.0	26.0	2.0	1.0	2.0	
593.0	1.0	2.0	1992.0	1992.0	2016.0	24.0	38.0	2.0	5.0	5.0	
594.0	0.0	2.0	2055.0	2055.0	2076.0	21.0	95.0	5.0	8.0	5.0	
595.0	0.0	2.0	2038.0	2038.0	2059.0	21.0	97.0	5.0	9.0	3.0	
596.0	1.0	2.0	2037.0	2037.0	2060.0	23.0	80.0	4.0	3.0	1.0	
597.0	0.0	2.0	1992.0	1992.0	2013.0	21.0	83.0	5.0	5.0	1.0	
598.0	0.0	2.0	2043.0	2043.0	2064.0	21.0	87.0	5.0	5.0	5.0	
599.0	0.0	2.0	2048.0	2048.0	2069.0	21.0	89.0	5.0	14.0	2.0	
600.0	1.0	2.0	1914.0	1914.0	1937.0	23.0	77.0	4.0	8.0	2.0	
601.0	1.0	2.0	1926.0	1926.0	1949.0	23.0	70.0	4.0	11.0	5.0	
602.0	1.0	2.0	2041.0	2041.0	2064.0	23.0	77.0	4.0	8.0	2.0	
603.0	1.0	2.0	2041.0	2041.0	2064.0	23.0	64.0	4.0	4.0	2.0	
604.0	0.0	2.0	2044.0	2044.0	2065.0	21.0	85.0	5.0	3.0	5.0	
605.0	0.0	2.0	2044.0	2044.0	2065.0	21.0	87.0	5.0	5.0	5.0	
606.0	0.0	2.0	2050.0	2050.0	2071.0	21.0	91.0	5.0	9.0	5.0	
607.0	0.0	2.0	2013.0	2013.0	2034.0	21.0	95.0	5.0	8.0	5.0	
608.0	0.0	2.0	2041.0	2041.0	2062.0	21.0	97.0	5.0	9.0	3.0	
609.0	1.0	2.0	2039.0	2039.0	2062.0	23.0	66.0	4.0	12.0	5.0	
610.0	1.0	2.0	1998.0	1998.0	2021.0	23.0	55.0	3.0	6.0	4.0	
611.0	0.0	2.0	2053.0	2053.0	2074.0	21.0	87.0	5.0	5.0	5.0	
612.0	1.0	2.0	2054.0	2054.0	2077.0	23.0	65.0	4.0	11.0	2.0	
613.0	0.0	2.0	2000.0	2001.0	2022.0	21.0	92.0	5.0	10.0	4.0	
614.0	1.0	2.0	1984.0	1984.0	2007.0	23.0	80.0	4.0	3.0	1.0	
615.0	1.0	2.0	2017.0	2017.0	2040.0	23.0	70.0	4.0	11.0	5.0	
616.0	1.0	2.0	1994.0	1994.0	2017.0	23.0	70.0	4.0	11.0	5.0	
617.0	1.0	2.0	2016.0	2016.0	2039.0	23.0	73.0	4.0	13.0	3.0	
618.0	0.0	2.0	2055.0	2055.0	2076.0	21.0	88.0	5.0	4.0	3.0	
619.0	1.0	2.0	1998.0	1998.0	2021.0	23.0	52.0	3.0	4.0	3.0	
620.0	1.0	2.0	1993.0	1993.0	2016.0	23.0	75.0	4.0	8.0	5.0	
621.0	1.0	2.0	2050.0	2050.0	2073.0	23.0	81.0	5.0	3.0	4.0	
622.0	0.0	2.0	2044.0	2044.0	2065.0	21.0	99.0	5.0	12.0	3.0	
623.0	0.0	2.0	2044.0	2044.0	2065.0	21.0	81.0	5.0	3.0	4.0	
624.0	0.0	2.0	1982.0	1982.0	2003.0	21.0	86.0	5.0	15.0	4.0	
625.0	0.0	2.0	2034.0	2034.0	2055.0	21.0	89.0	5.0	14.0	2.0	
626.0	1.0	2.0	2018.0	2018.0	2041.0	23.0	65.0	4.0	11.0	2.0	
627.0	0.0	2.0	2015.0	2015.0	2036.0	21.0	94.0	5.0	13.0	1.0	
628.0	1.0	2.0	1992.0	1993.0	2016.0	23.0	63.0	4.0	15.0	1.0	
629.0	1.0	2.0	2038.0	2038.0	2061.0	23.0	79.0	4.0	7.0	3.0	
630.0	1.0	2.0	1996.0	1997.0	2020.0	23.0	67.0	4.0	3.0	3.0	
631.0	1.0	2.0	2022.0	2022.0	2045.0	23.0	55.0	3.0	6.0	4.0	
632.0	1.0	2.0	2040.0	2040.0	2063.0	23.0	93.0	5.0	4.0	5.0	
633.0	0.0	2.0	2004.0	2004.0	2025.0	21.0	92.0	5.0	10.0	4.0	
634.0	0.0	2.0	2021.0	2021.0	2043.0	22.0	94.0	5.0	13.0	1.0	
635.0	1.0	2.0	2032.0	2032.0	2055.0	23.0	77.0	4.0	8.0	2.0	
636.0	0.0	2.0	2044.0	2044.0	2065.0	21.0	100.0	5.0	14.0	1.0	
637.0	1.0	2.0	2029.0	2030.0	2053.0	23.0	42.0	3.0	4.0	1.0	
638.0	0.0	2.0	2044.0	2044.0	2065.0	21.0	86.0	5.0	15.0	4.0	
639.0	0.0	2.0	2034.0	2034.0	2055.0	21.0	91.0	5.0	9.0	5.0	
640.0	0.0	2.0	2015.0	2015.0	2036.0	21.0	92.0	5.0	10.0	4.0	
641.0	1.0	2.0	2011.0	2012.0	2035.0	23.0	78.0	4.0	8.0	1.0	
642.0	0.0	2.0	2046.0	2046.0	2067.0	21.0	98.0	5.0	15.0	2.0	
643.0	1.0	2.0	1994.0	1994.0	2017.0	23.0	66.0	4.0	12.0	5.0	
644.0	0.0	2.0	2027.0	2027.0	2048.0	21.0	85.0	5.0	3.0	5.0	
645.0	0.0	2.0	2056.0	2056.0	2077.0	21.0	89.0	5.0	14.0	2.0	
646.0	0.0	2.0	2055.0	2055.0	2076.0	21.0	90.0	5.0	4.0	1.0	
647.0	1.0	2.0	2014.0	2014.0	2037.0	23.0	75.0	4.0	8.0	5.0	
648.0	1.0	2.0	2034.0	2034.0	2057.0	23.0	52.0	3.0	4.0	3.0	
649.0	1.0	2.0	2020.0	2020.0	2043.0	23.0	67.0	4.0	3.0	3.0	
650.0	1.0	2.0	2014.0	2014.0	2037.0	23.0	47.0	3.0	15.0	5.0	
651.0	0.0	2.0	2036.0	2036.0	2057.0	21.0	86.0	5.0	15.0	4.0	
652.0	1.0	2.0	2041.0	2041.0	2064.0	23.0	48.0	3.0	13.0	4.0	
653.0	0.0	2.0	2046.0	2046.0	2067.0	21.0	93.0	5.0	4.0	5.0	
654.0	0.0	2.0	2029.0	2029.0	2050.0	21.0	95.0	5.0	8.0	5.0	
655.0	0.0	2.0	2053.0	2053.0	2074.0	21.0	99.0	5.0	12.0	3.0	
656.0	0.0	2.0	2049.0	2049.0	2070.0	21.0	100.0	5.0	14.0	1.0	
657.0	0.0	2.0	1990.0	1990.0	2011.0	21.0	83.0	5.0	5.0	1.0	
658.0	0.0	2.0	2061.0	2061.0	2082.0	21.0	87.0	5.0	5.0	5.0	
659.0	0.0	2.0	2004.0	2004.0	2025.0	21.0	89.0	5.0	14.0	2.0	
660.0	0.0	2.0	2048.0	2048.0	2069.0	21.0	94.0	5.0	13.0	1.0	
661.0	0.0	2.0	2040.0	2040.0	2061.0	21.0	95.0	5.0	8.0	5.0	
662.0	1.0	2.0	2019.0	2019.0	2043.0	24.0	35.0	2.0	10.0	5.0	
663.0	0.0	2.0	2053.0	2053.0	2074.0	21.0	82.0	5.0	6.0	2.0	
664.0	0.0	2.0	2040.0	2040.0	2061.0	21.0	84.0	5.0	12.0	2.0	
665.0	1.0	2.0	2046.0	2046.0	2069.0	23.0	79.0	4.0	7.0	3.0	
666.0	0.0	2.0	2055.0	2055.0	2076.0	21.0	91.0	5.0	9.0	5.0	
667.0	0.0	2.0	2017.0	2017.0	2038.0	21.0	94.0	5.0	13.0	1.0	
668.0	1.0	2.0	2016.0	2016.0	2039.0	23.0	75.0	4.0	8.0	5.0	
669.0	1.0	2.0	1986.0	1986.0	2009.0	23.0	57.0	3.0	14.0	3.0	
670.0	1.0	2.0	2046.0	2046.0	2069.0	23.0	69.0	4.0	12.0	2.0	
671.0	1.0	2.0	2050.0	2050.0	2073.0	23.0	80.0	4.0	3.0	1.0	
672.0	1.0	2.0	2053.0	2053.0	2076.0	23.0	100.0	5.0	14.0	1.0	
673.0	0.0	2.0	2057.0	2057.0	2079.0	22.0	92.0	5.0	10.0	4.0	
674.0	1.0	2.0	2045.0	2045.0	2068.0	23.0	79.0	4.0	7.0	3.0	
675.0	0.0	2.0	2055.0	2055.0	2076.0	21.0	98.0	5.0	15.0	2.0	
676.0	0.0	2.0	2052.0	2052.0	2073.0	21.0	100.0	5.0	14.0	1.0	
677.0	0.0	2.0	2050.0	2050.0	2071.0	21.0	84.0	5.0	12.0	2.0	
678.0	0.0	2.0	2033.0	2033.0	2055.0	22.0	88.0	5.0	4.0	3.0	
679.0	1.0	2.0	1989.0	1989.0	2012.0	23.0	49.0	3.0	12.0	1.0	
680.0	0.0	2.0	2046.0	2046.0	2068.0	22.0	93.0	5.0	4.0	5.0	
681.0	1.0	2.0	1901.0	1901.0	1924.0	23.0	35.0	2.0	10.0	5.0	
682.0	1.0	2.0	2031.0	2031.0	2054.0	23.0	65.0	4.0	11.0	2.0	
683.0	1.0	2.0	1971.0	1972.0	1995.0	23.0	65.0	4.0	11.0	2.0	
684.0	1.0	2.0	2009.0	2009.0	2032.0	23.0	77.0	4.0	8.0	2.0	
685.0	1.0	2.0	2056.0	2056.0	2079.0	23.0	57.0	3.0	14.0	3.0	
686.0	0.0	2.0	1920.0	1920.0	1941.0	21.0	64.0	4.0	4.0	2.0	
687.0	0.0	2.0	1986.0	1986.0	2007.0	21.0	69.0	4.0	12.0	2.0	
688.0	0.0	2.0	1989.0	1989.0	2010.0	21.0	72.0	4.0	11.0	2.0	
689.0	0.0	2.0	2007.0	2007.0	2028.0	21.0	75.0	4.0	8.0	5.0	
690.0	0.0	2.0	1920.0	1920.0	1941.0	21.0	78.0	4.0	8.0	1.0	
691.0	0.0	2.0	2008.0	2008.0	2029.0	21.0	80.0	4.0	3.0	1.0	
692.0	0.0	2.0	1920.0	1920.0	1941.0	21.0	63.0	4.0	15.0	1.0	
693.0	1.0	2.0	1984.0	1984.0	2007.0	23.0	58.0	3.0	11.0	4.0	
694.0	0.0	2.0	2018.0	2018.0	2039.0	21.0	70.0	4.0	11.0	5.0	
695.0	0.0	2.0	2000.0	2001.0	2022.0	21.0	72.0	4.0	11.0	2.0	
696.0	0.0	2.0	2008.0	2008.0	2029.0	21.0	74.0	4.0	1.0	3.0	
697.0	0.0	2.0	2027.0	2028.0	2049.0	21.0	79.0	4.0	7.0	3.0	
698.0	0.0	2.0	1987.0	1987.0	2008.0	21.0	80.0	4.0	3.0	1.0	
699.0	0.0	2.0	1987.0	1987.0	2008.0	21.0	65.0	4.0	11.0	2.0	
700.0	0.0	2.0	1987.0	1987.0	2008.0	21.0	68.0	4.0	5.0	3.0	
701.0	0.0	2.0	2023.0	2023.0	2044.0	21.0	71.0	4.0	11.0	3.0	
702.0	0.0	2.0	2022.0	2022.0	2043.0	21.0	74.0	4.0	1.0	3.0	
703.0	0.0	2.0	2033.0	2033.0	2054.0	21.0	75.0	4.0	8.0	5.0	
704.0	0.0	2.0	2016.0	2016.0	2037.0	21.0	80.0	4.0	3.0	1.0	
705.0	0.0	2.0	2021.0	2021.0	2043.0	22.0	62.0	4.0	7.0	4.0	
706.0	0.0	2.0	2017.0	2018.0	2039.0	21.0	66.0	4.0	12.0	5.0	
707.0	1.0	2.0	2007.0	2007.0	2030.0	23.0	82.0	5.0	6.0	2.0	
708.0	1.0	2.0	2021.0	2021.0	2044.0	23.0	82.0	5.0	6.0	2.0	
709.0	0.0	2.0	2029.0	2029.0	2050.0	21.0	73.0	4.0	13.0	3.0	
710.0	0.0	2.0	2044.0	2044.0	2065.0	21.0	78.0	4.0	8.0	1.0	
711.0	1.0	2.0	1920.0	1920.0	1943.0	23.0	44.0	3.0	3.0	5.0	
712.0	1.0	2.0	2019.0	2020.0	2043.0	23.0	46.0	3.0	14.0	3.0	
713.0	0.0	2.0	2031.0	2031.0	2053.0	22.0	66.0	4.0	12.0	5.0	
714.0	0.0	2.0	2036.0	2036.0	2057.0	21.0	69.0	4.0	12.0	2.0	
715.0	1.0	2.0	2010.0	2010.0	2033.0	23.0	58.0	3.0	11.0	4.0	
716.0	0.0	2.0	2039.0	2039.0	2060.0	21.0	75.0	4.0	8.0	5.0	
717.0	1.0	2.0	2035.0	2035.0	2058.0	23.0	67.0	4.0	3.0	3.0	
718.0	0.0	2.0	2008.0	2008.0	2029.0	21.0	62.0	4.0	7.0	4.0	
719.0	0.0	2.0	2023.0	2023.0	2044.0	21.0	64.0	4.0	4.0	2.0	
720.0	0.0	2.0	2037.0	2037.0	2058.0	21.0	67.0	4.0	3.0	3.0	
721.0	0.0	2.0	2015.0	2015.0	2036.0	21.0	69.0	4.0	12.0	2.0	
722.0	0.0	2.0	2011.0	2012.0	2033.0	21.0	73.0	4.0	13.0	3.0	
723.0	0.0	2.0	2054.0	2054.0	2075.0	21.0	75.0	4.0	8.0	5.0	
724.0	1.0	2.0	1989.0	1989.0	2012.0	23.0	53.0	3.0	12.0	3.0	
725.0	1.0	2.0	2041.0	2041.0	2064.0	23.0	30.0	2.0	14.0	1.0	
726.0	1.0	2.0	2030.0	2030.0	2053.0	23.0	80.0	4.0	3.0	1.0	
727.0	0.0	2.0	2043.0	2043.0	2064.0	21.0	67.0	4.0	3.0	3.0	
728.0	1.0	2.0	2010.0	2010.0	2033.0	23.0	55.0	3.0	6.0	4.0	
729.0	0.0	2.0	2033.0	2033.0	2054.0	21.0	73.0	4.0	13.0	3.0	
730.0	1.0	2.0	2043.0	2043.0	2066.0	23.0	35.0	2.0	10.0	5.0	
731.0	0.0	2.0	2045.0	2045.0	2066.0	21.0	80.0	4.0	3.0	1.0	
732.0	0.0	2.0	2043.0	2043.0	2064.0	21.0	64.0	4.0	4.0	2.0	
733.0	0.0	2.0	2052.0	2052.0	2073.0	21.0	66.0	4.0	12.0	5.0	
734.0	0.0	2.0	2040.0	2040.0	2061.0	21.0	70.0	4.0	11.0	5.0	
735.0	0.0	2.0	2044.0	2044.0	2065.0	21.0	71.0	4.0	11.0	3.0	
736.0	0.0	2.0	2043.0	2043.0	2064.0	21.0	74.0	4.0	1.0	3.0	
737.0	0.0	2.0	2057.0	2057.0	2078.0	21.0	78.0	4.0	8.0	1.0	
738.0	0.0	2.0	2050.0	2050.0	2071.0	21.0	61.0	4.0	12.0	4.0	
739.0	0.0	2.0	2044.0	2044.0	2065.0	21.0	64.0	4.0	4.0	2.0	
740.0	1.0	2.0	2012.0	2012.0	2035.0	23.0	29.0	2.0	2.0	5.0	
741.0	0.0	2.0	2058.0	2058.0	2079.0	21.0	70.0	4.0	11.0	5.0	
742.0	1.0	2.0	2029.0	2029.0	2052.0	23.0	59.0	3.0	9.0	4.0	
743.0	0.0	2.0	2060.0	2060.0	2081.0	21.0	75.0	4.0	8.0	5.0	
744.0	0.0	2.0	2053.0	2053.0	2074.0	21.0	80.0	4.0	3.0	1.0	
745.0	1.0	2.0	2019.0	2020.0	2043.0	23.0	60.0	3.0	3.0	3.0	
746.0	1.0	2.0	2055.0	2055.0	2079.0	24.0	85.0	5.0	3.0	5.0	
747.0	0.0	2.0	2044.0	2044.0	2065.0	21.0	68.0	4.0	5.0	3.0	
748.0	0.0	2.0	2062.0	2062.0	2083.0	21.0	70.0	4.0	11.0	5.0	
749.0	1.0	2.0	2028.0	2029.0	2052.0	23.0	100.0	5.0	14.0	1.0	
750.0	0.0	2.0	2062.0	2062.0	2083.0	21.0	76.0	4.0	6.0	4.0	
751.0	0.0	2.0	2029.0	2029.0	2050.0	21.0	80.0	4.0	3.0	1.0	
752.0	0.0	2.0	2052.0	2052.0	2073.0	21.0	62.0	4.0	7.0	4.0	
753.0	1.0	2.0	2039.0	2039.0	2062.0	23.0	31.0	2.0	8.0	1.0	
754.0	1.0	2.0	2032.0	2032.0	2055.0	23.0	96.0	5.0	15.0	3.0	
755.0	1.0	2.0	1960.0	1960.0	1983.0	23.0	53.0	3.0	12.0	3.0	
756.0	1.0	2.0	2017.0	2017.0	2041.0	24.0	30.0	2.0	14.0	1.0	
757.0	1.0	2.0	2056.0	2056.0	2079.0	23.0	96.0	5.0	15.0	3.0	
758.0	0.0	2.0	2035.0	2035.0	2056.0	21.0	61.0	4.0	12.0	4.0	
759.0	0.0	2.0	2058.0	2058.0	2079.0	21.0	63.0	4.0	15.0	1.0	
760.0	0.0	2.0	2058.0	2058.0	2079.0	21.0	67.0	4.0	3.0	3.0	
761.0	0.0	2.0	2062.0	2063.0	2084.0	21.0	70.0	4.0	11.0	5.0	
762.0	1.0	2.0	2022.0	2022.0	2045.0	23.0	52.0	3.0	4.0	3.0	
763.0	0.0	2.0	2064.0	2064.0	2085.0	21.0	77.0	4.0	8.0	2.0	
764.0	0.0	2.0	2065.0	2065.0	2086.0	21.0	78.0	4.0	8.0	1.0	
765.0	0.0	2.0	2036.0	2036.0	2057.0	21.0	61.0	4.0	12.0	4.0	
766.0	1.0	2.0	2059.0	2059.0	2082.0	23.0	91.0	5.0	9.0	5.0	
767.0	0.0	2.0	2022.0	2022.0	2044.0	22.0	68.0	4.0	5.0	3.0	
768.0	0.0	2.0	2065.0	2065.0	2086.0	21.0	71.0	4.0	11.0	3.0	
769.0	0.0	2.0	2030.0	2031.0	2052.0	21.0	74.0	4.0	1.0	3.0	
770.0	0.0	2.0	2076.0	2076.0	2097.0	21.0	77.0	4.0	8.0	2.0	
771.0	0.0	2.0	2056.0	2056.0	2077.0	21.0	61.0	4.0	12.0	4.0	
772.0	1.0	2.0	2022.0	2022.0	2046.0	24.0	98.0	5.0	15.0	2.0	
773.0	0.0	2.0	2064.0	2064.0	2085.0	21.0	67.0	4.0	3.0	3.0	
774.0	1.0	2.0	2039.0	2039.0	2062.0	23.0	38.0	2.0	5.0	5.0	
775.0	0.0	2.0	2054.0	2054.0	2075.0	21.0	73.0	4.0	13.0	3.0	
776.0	0.0	2.0	2052.0	2052.0	2073.0	21.0	74.0	4.0	1.0	3.0	
777.0	1.0	2.0	2052.0	2052.0	2075.0	23.0	59.0	3.0	9.0	4.0	
778.0	0.0	2.0	2052.0	2052.0	2073.0	21.0	62.0	4.0	7.0	4.0	
779.0	1.0	2.0	2063.0	2063.0	2086.0	23.0	81.0	5.0	3.0	4.0	
780.0	0.0	2.0	2067.0	2067.0	2088.0	21.0	68.0	4.0	5.0	3.0	
781.0	0.0	2.0	2072.0	2072.0	2093.0	21.0	69.0	4.0	12.0	2.0	
782.0	1.0	2.0	2011.0	2011.0	2035.0	24.0	48.0	3.0	13.0	4.0	
783.0	0.0	2.0	2070.0	2070.0	2091.0	21.0	75.0	4.0	8.0	5.0	
784.0	0.0	2.0	2070.0	2070.0	2091.0	21.0	79.0	4.0	7.0	3.0	
785.0	1.0	2.0	2068.0	2068.0	2091.0	23.0	47.0	3.0	15.0	5.0	
786.0	1.0	2.0	2056.0	2056.0	2079.0	23.0	29.0	2.0	2.0	5.0	
787.0	1.0	2.0	2071.0	2071.0	2094.0	23.0	84.0	5.0	12.0	2.0	
788.0	1.0	2.0	2029.0	2030.0	2053.0	23.0	32.0	2.0	14.0	3.0	
789.0	1.0	2.0	1987.0	1987.0	2010.0	23.0	51.0	3.0	2.0	3.0	
790.0	1.0	2.0	2059.0	2059.0	2082.0	23.0	97.0	5.0	9.0	3.0	
791.0	0.0	2.0	2073.0	2073.0	2094.0	21.0	80.0	4.0	3.0	1.0	
792.0	1.0	2.0	2013.0	2013.0	2036.0	23.0	56.0	3.0	13.0	5.0	
793.0	0.0	2.0	2066.0	2066.0	2087.0	21.0	65.0	4.0	11.0	2.0	
794.0	1.0	2.0	1960.0	1960.0	1983.0	23.0	95.0	5.0	8.0	5.0	
795.0	0.0	2.0	2062.0	2062.0	2083.0	21.0	73.0	4.0	13.0	3.0	
796.0	1.0	2.0	2011.0	2011.0	2034.0	23.0	52.0	3.0	4.0	3.0	
797.0	1.0	2.0	2059.0	2059.0	2082.0	23.0	85.0	5.0	3.0	5.0	
798.0	1.0	2.0	2058.0	2058.0	2081.0	23.0	83.0	5.0	5.0	1.0	
799.0	0.0	2.0	2015.0	2015.0	2036.0	21.0	65.0	4.0	11.0	2.0	
800.0	1.0	2.0	2056.0	2056.0	2079.0	23.0	100.0	5.0	14.0	1.0	
801.0	1.0	2.0	2061.0	2061.0	2084.0	23.0	92.0	5.0	10.0	4.0	
802.0	0.0	2.0	2055.0	2055.0	2077.0	22.0	74.0	4.0	1.0	3.0	
803.0	1.0	2.0	2065.0	2065.0	2088.0	23.0	86.0	5.0	15.0	4.0	
804.0	1.0	2.0	1996.0	1996.0	2019.0	23.0	85.0	5.0	3.0	5.0	
805.0	1.0	2.0	2043.0	2043.0	2066.0	23.0	46.0	3.0	14.0	3.0	
806.0	0.0	2.0	2010.0	2010.0	2031.0	21.0	66.0	4.0	12.0	5.0	
807.0	1.0	2.0	2017.0	2017.0	2040.0	23.0	83.0	5.0	5.0	1.0	
808.0	1.0	2.0	2040.0	2040.0	2063.0	23.0	54.0	3.0	10.0	5.0	
809.0	0.0	2.0	2049.0	2049.0	2070.0	21.0	75.0	4.0	8.0	5.0	
810.0	1.0	2.0	2066.0	2066.0	2089.0	23.0	94.0	5.0	13.0	1.0	
811.0	1.0	2.0	2017.0	2017.0	2040.0	23.0	84.0	5.0	12.0	2.0	
812.0	0.0	2.0	2064.0	2064.0	2085.0	21.0	64.0	4.0	4.0	2.0	
813.0	1.0	2.0	2018.0	2018.0	2041.0	23.0	51.0	3.0	2.0	3.0	
814.0	1.0	2.0	2054.0	2054.0	2077.0	23.0	82.0	5.0	6.0	2.0	
815.0	0.0	2.0	2023.0	2023.0	2044.0	21.0	71.0	4.0	11.0	3.0	
816.0	1.0	2.0	2060.0	2060.0	2083.0	23.0	100.0	5.0	14.0	1.0	
817.0	0.0	2.0	2049.0	2049.0	2070.0	21.0	79.0	4.0	7.0	3.0	
818.0	0.0	2.0	2073.0	2073.0	2094.0	21.0	62.0	4.0	7.0	4.0	
819.0	1.0	2.0	2057.0	2057.0	2080.0	23.0	97.0	5.0	9.0	3.0	
820.0	0.0	2.0	2073.0	2073.0	2094.0	21.0	66.0	4.0	12.0	5.0	
821.0	0.0	2.0	2044.0	2044.0	2065.0	21.0	71.0	4.0	11.0	3.0	
822.0	1.0	2.0	1981.0	1981.0	2004.0	23.0	90.0	5.0	4.0	1.0	
823.0	1.0	2.0	2051.0	2051.0	2074.0	23.0	53.0	3.0	12.0	3.0	
824.0	1.0	2.0	2077.0	2077.0	2100.0	23.0	82.0	5.0	6.0	2.0	
825.0	1.0	2.0	2065.0	2065.0	2088.0	23.0	64.0	4.0	4.0	2.0	
826.0	1.0	2.0	2056.0	2056.0	2080.0	24.0	51.0	3.0	2.0	3.0	
827.0	1.0	2.0	2033.0	2033.0	2056.0	23.0	89.0	5.0	14.0	2.0	
828.0	0.0	2.0	2014.0	2014.0	2035.0	21.0	71.0	4.0	11.0	3.0	
829.0	0.0	2.0	2028.0	2028.0	2049.0	21.0	75.0	4.0	8.0	5.0	
830.0	1.0	2.0	2038.0	2038.0	2061.0	23.0	92.0	5.0	10.0	4.0	
831.0	0.0	2.0	2077.0	2077.0	2098.0	21.0	61.0	4.0	12.0	4.0	
832.0	0.0	2.0	2073.0	2073.0	2094.0	21.0	62.0	4.0	7.0	4.0	
833.0	1.0	2.0	2015.0	2015.0	2038.0	23.0	39.0	2.0	14.0	2.0	
834.0	1.0	2.0	2059.0	2059.0	2082.0	23.0	94.0	5.0	13.0	1.0	
835.0	1.0	2.0	2045.0	2045.0	2068.0	23.0	92.0	5.0	10.0	4.0	
836.0	0.0	2.0	2073.0	2073.0	2094.0	21.0	74.0	4.0	1.0	3.0	
837.0	0.0	2.0	2055.0	2055.0	2076.0	21.0	77.0	4.0	8.0	2.0	
838.0	0.0	2.0	2064.0	2064.0	2085.0	21.0	62.0	4.0	7.0	4.0	
839.0	0.0	2.0	2064.0	2064.0	2085.0	21.0	64.0	4.0	4.0	2.0	
840.0	0.0	2.0	2064.0	2064.0	2085.0	21.0	66.0	4.0	12.0	5.0	
841.0	1.0	2.0	2014.0	2014.0	2037.0	23.0	90.0	5.0	4.0	1.0	
842.0	1.0	2.0	2069.0	2069.0	2092.0	23.0	89.0	5.0	14.0	2.0	
843.0	1.0	2.0	1966.0	1966.0	1989.0	23.0	49.0	3.0	12.0	1.0	
844.0	0.0	2.0	2078.0	2078.0	2099.0	21.0	78.0	4.0	8.0	1.0	
845.0	1.0	2.0	2062.0	2062.0	2085.0	23.0	51.0	3.0	2.0	3.0	
846.0	0.0	2.0	2076.0	2076.0	2097.0	21.0	66.0	4.0	12.0	5.0	
847.0	1.0	2.0	2066.0	2066.0	2089.0	23.0	55.0	3.0	6.0	4.0	
848.0	1.0	2.0	2039.0	2039.0	2062.0	23.0	25.0	2.0	12.0	2.0	
849.0	1.0	2.0	2054.0	2054.0	2077.0	23.0	58.0	3.0	11.0	4.0	
850.0	1.0	2.0	2030.0	2030.0	2053.0	23.0	44.0	3.0	3.0	5.0	
851.0	1.0	2.0	2066.0	2066.0	2089.0	23.0	46.0	3.0	14.0	3.0	
852.0	1.0	2.0	2061.0	2061.0	2084.0	23.0	95.0	5.0	8.0	5.0	
853.0	1.0	2.0	2019.0	2019.0	2042.0	23.0	99.0	5.0	12.0	3.0	
854.0	1.0	2.0	1986.0	1986.0	2010.0	24.0	97.0	5.0	9.0	3.0	
855.0	1.0	2.0	2065.0	2065.0	2088.0	23.0	99.0	5.0	12.0	3.0	
856.0	1.0	2.0	1891.0	1891.0	1914.0	23.0	59.0	3.0	9.0	4.0	
857.0	0.0	2.0	2017.0	2017.0	2038.0	21.0	78.0	4.0	8.0	1.0	
858.0	1.0	2.0	1983.0	1983.0	2006.0	23.0	44.0	3.0	3.0	5.0	
859.0	0.0	2.0	2016.0	2016.0	2037.0	21.0	63.0	4.0	15.0	1.0	
860.0	1.0	2.0	2076.0	2077.0	2100.0	23.0	91.0	5.0	9.0	5.0	
861.0	0.0	2.0	2061.0	2061.0	2082.0	21.0	70.0	4.0	11.0	5.0	
862.0	1.0	2.0	2023.0	2023.0	2046.0	23.0	68.0	4.0	5.0	3.0	
863.0	0.0	2.0	2016.0	2016.0	2037.0	21.0	77.0	4.0	8.0	2.0	
864.0	0.0	2.0	2083.0	2083.0	2104.0	21.0	78.0	4.0	8.0	1.0	
865.0	1.0	2.0	2079.0	2079.0	2102.0	23.0	100.0	5.0	14.0	1.0	
866.0	1.0	2.0	1996.0	1996.0	2019.0	23.0	81.0	5.0	3.0	4.0	
867.0	1.0	2.0	2074.0	2074.0	2097.0	23.0	99.0	5.0	12.0	3.0	
868.0	1.0	2.0	2061.0	2061.0	2084.0	23.0	84.0	5.0	12.0	2.0	
869.0	1.0	2.0	2059.0	2059.0	2082.0	23.0	89.0	5.0	14.0	2.0	
870.0	1.0	2.0	2011.0	2011.0	2034.0	23.0	95.0	5.0	8.0	5.0	
871.0	1.0	2.0	2065.0	2065.0	2088.0	23.0	81.0	5.0	3.0	4.0	
872.0	1.0	2.0	1991.0	1991.0	2014.0	23.0	27.0	2.0	13.0	4.0	
873.0	0.0	2.0	2036.0	2036.0	2057.0	21.0	65.0	4.0	11.0	2.0	
874.0	0.0	2.0	2079.0	2079.0	2100.0	21.0	70.0	4.0	11.0	5.0	
875.0	0.0	2.0	2075.0	2075.0	2096.0	21.0	71.0	4.0	11.0	3.0	
876.0	1.0	2.0	2061.0	2061.0	2084.0	23.0	88.0	5.0	4.0	3.0	
877.0	1.0	2.0	2060.0	2060.0	2083.0	23.0	47.0	3.0	15.0	5.0	
878.0	0.0	2.0	2085.0	2085.0	2106.0	21.0	62.0	4.0	7.0	4.0	
879.0	1.0	2.0	2013.0	2013.0	2036.0	23.0	86.0	5.0	15.0	4.0	
880.0	0.0	2.0	2058.0	2058.0	2079.0	21.0	67.0	4.0	3.0	3.0	
881.0	1.0	2.0	2068.0	2068.0	2091.0	23.0	86.0	5.0	15.0	4.0	
882.0	1.0	2.0	2057.0	2057.0	2080.0	23.0	60.0	3.0	3.0	3.0	
883.0	0.0	2.0	2075.0	2075.0	2096.0	21.0	75.0	4.0	8.0	5.0	
884.0	1.0	2.0	2075.0	2075.0	2098.0	23.0	95.0	5.0	8.0	5.0	
885.0	0.0	2.0	2043.0	2043.0	2064.0	21.0	62.0	4.0	7.0	4.0	
886.0	0.0	2.0	2043.0	2043.0	2064.0	21.0	66.0	4.0	12.0	5.0	
887.0	0.0	2.0	2079.0	2079.0	2100.0	21.0	67.0	4.0	3.0	3.0	
888.0	1.0	2.0	2059.0	2059.0	2082.0	23.0	93.0	5.0	4.0	5.0	
889.0	1.0	2.0	2056.0	2056.0	2079.0	23.0	81.0	5.0	3.0	4.0	
890.0	1.0	2.0	2073.0	2073.0	2096.0	23.0	74.0	4.0	1.0	3.0	
891.0	0.0	2.0	2084.0	2084.0	2105.0	21.0	79.0	4.0	7.0	3.0	
892.0	0.0	2.0	2079.0	2079.0	2100.0	21.0	63.0	4.0	15.0	1.0	
893.0	1.0	2.0	2059.0	2059.0	2082.0	23.0	98.0	5.0	15.0	2.0	
894.0	0.0	2.0	2069.0	2069.0	2090.0	21.0	69.0	4.0	12.0	2.0	
895.0	1.0	2.0	2056.0	2056.0	2080.0	24.0	55.0	3.0	6.0	4.0	
896.0	1.0	2.0	2064.0	2064.0	2087.0	23.0	48.0	3.0	13.0	4.0	
897.0	1.0	2.0	1994.0	1994.0	2017.0	23.0	88.0	5.0	4.0	3.0	
898.0	1.0	2.0	2045.0	2045.0	2068.0	23.0	47.0	3.0	15.0	5.0	
899.0	1.0	2.0	2067.0	2067.0	2090.0	23.0	90.0	5.0	4.0	1.0	
900.0	0.0	2.0	2079.0	2079.0	2100.0	21.0	67.0	4.0	3.0	3.0	
901.0	1.0	2.0	2062.0	2062.0	2085.0	23.0	97.0	5.0	9.0	3.0	
902.0	1.0	2.0	2061.0	2061.0	2084.0	23.0	88.0	5.0	4.0	3.0	
903.0	0.0	2.0	2079.0	2079.0	2100.0	21.0	75.0	4.0	8.0	5.0	
904.0	1.0	2.0	2015.0	2016.0	2039.0	23.0	96.0	5.0	15.0	3.0	
905.0	1.0	2.0	2005.0	2006.0	2029.0	23.0	84.0	5.0	12.0	2.0	
906.0	1.0	2.0	2039.0	2039.0	2062.0	23.0	96.0	5.0	15.0	3.0	
907.0	0.0	2.0	2080.0	2080.0	2101.0	21.0	69.0	4.0	12.0	2.0	
908.0	0.0	2.0	2082.0	2082.0	2103.0	21.0	70.0	4.0	11.0	5.0	
909.0	1.0	2.0	2064.0	2064.0	2087.0	23.0	30.0	2.0	14.0	1.0	
910.0	0.0	2.0	2081.0	2081.0	2102.0	21.0	77.0	4.0	8.0	2.0	
911.0	1.0	2.0	2071.0	2071.0	2094.0	23.0	97.0	5.0	9.0	3.0	
912.0	1.0	2.0	2065.0	2065.0	2088.0	23.0	89.0	5.0	14.0	2.0	
913.0	1.0	2.0	2076.0	2076.0	2099.0	23.0	98.0	5.0	15.0	2.0	
914.0	1.0	2.0	2062.0	2062.0	2085.0	23.0	94.0	5.0	13.0	1.0	
915.0	0.0	2.0	2075.0	2075.0	2096.0	21.0	73.0	4.0	13.0	3.0	
916.0	1.0	2.0	1988.0	1988.0	2011.0	23.0	48.0	3.0	13.0	4.0	
917.0	1.0	2.0	2074.0	2074.0	2098.0	24.0	91.0	5.0	9.0	5.0	
918.0	0.0	2.0	2089.0	2089.0	2110.0	21.0	80.0	4.0	3.0	1.0	
919.0	1.0	2.0	2070.0	2070.0	2093.0	23.0	92.0	5.0	10.0	4.0	
920.0	1.0	2.0	2077.0	2077.0	2100.0	23.0	83.0	5.0	5.0	1.0	
921.0	1.0	2.0	2079.0	2079.0	2102.0	23.0	46.0	3.0	14.0	3.0	
922.0	1.0	2.0	1993.0	1993.0	2016.0	23.0	31.0	2.0	8.0	1.0	
923.0	1.0	2.0	2069.0	2069.0	2092.0	23.0	94.0	5.0	13.0	1.0	
924.0	1.0	2.0	2074.0	2074.0	2097.0	23.0	87.0	5.0	5.0	5.0	
925.0	1.0	2.0	2017.0	2017.0	2041.0	24.0	97.0	5.0	9.0	3.0	
926.0	0.0	2.0	2081.0	2081.0	2102.0	21.0	65.0	4.0	11.0	2.0	
927.0	1.0	2.0	1993.0	1993.0	2016.0	23.0	33.0	2.0	14.0	1.0	
928.0	0.0	2.0	2022.0	2022.0	2043.0	21.0	72.0	4.0	11.0	2.0	
929.0	1.0	2.0	2074.0	2074.0	2097.0	23.0	42.0	3.0	4.0	1.0	
930.0	1.0	2.0	2017.0	2017.0	2040.0	23.0	93.0	5.0	4.0	5.0	
931.0	1.0	2.0	2048.0	2048.0	2071.0	23.0	97.0	5.0	9.0	3.0	
932.0	1.0	2.0	2038.0	2038.0	2061.0	23.0	88.0	5.0	4.0	3.0	
933.0	1.0	2.0	2043.0	2043.0	2066.0	23.0	94.0	5.0	13.0	1.0	
934.0	1.0	2.0	2016.0	2016.0	2039.0	23.0	25.0	2.0	12.0	2.0	
935.0	0.0	2.0	2031.0	2031.0	2052.0	21.0	71.0	4.0	11.0	3.0	
936.0	0.0	2.0	2052.0	2052.0	2073.0	21.0	74.0	4.0	1.0	3.0	
937.0	0.0	2.0	2086.0	2086.0	2107.0	21.0	78.0	4.0	8.0	1.0	
938.0	1.0	2.0	2061.0	2061.0	2084.0	23.0	81.0	5.0	3.0	4.0	
939.0	1.0	2.0	2060.0	2060.0	2083.0	23.0	56.0	3.0	13.0	5.0	
940.0	1.0	2.0	2079.0	2079.0	2102.0	23.0	85.0	5.0	3.0	5.0	
941.0	0.0	2.0	2083.0	2083.0	2104.0	21.0	70.0	4.0	11.0	5.0	
942.0	0.0	2.0	2043.0	2043.0	2064.0	21.0	72.0	4.0	11.0	2.0	
943.0	1.0	2.0	1994.0	1994.0	2017.0	23.0	84.0	5.0	12.0	2.0	
944.0	1.0	2.0	2088.0	2088.0	2111.0	23.0	81.0	5.0	3.0	4.0	
945.0	1.0	2.0	2052.0	2052.0	2075.0	23.0	58.0	3.0	11.0	4.0	
946.0	0.0	2.0	2062.0	2062.0	2083.0	21.0	65.0	4.0	11.0	2.0	
947.0	1.0	2.0	2045.0	2045.0	2068.0	23.0	45.0	3.0	5.0	4.0	
948.0	1.0	2.0	2083.0	2083.0	2106.0	23.0	45.0	3.0	5.0	4.0	
949.0	0.0	2.0	2077.0	2077.0	2098.0	21.0	74.0	4.0	1.0	3.0	
950.0	0.0	2.0	2083.0	2083.0	2104.0	21.0	76.0	4.0	6.0	4.0	
951.0	1.0	2.0	2011.0	2011.0	2034.0	23.0	97.0	5.0	9.0	3.0	
952.0	1.0	2.0	2057.0	2057.0	2080.0	23.0	85.0	5.0	3.0	5.0	
953.0	1.0	2.0	2058.0	2058.0	2081.0	23.0	95.0	5.0	8.0	5.0	
954.0	0.0	2.0	2084.0	2084.0	2105.0	21.0	70.0	4.0	11.0	5.0	
955.0	0.0	2.0	2086.0	2086.0	2107.0	21.0	71.0	4.0	11.0	3.0	
956.0	1.0	2.0	2016.0	2016.0	2039.0	23.0	38.0	2.0	5.0	5.0	
957.0	1.0	2.0	2065.0	2065.0	2088.0	23.0	82.0	5.0	6.0	2.0	
958.0	1.0	2.0	2062.0	2062.0	2085.0	23.0	31.0	2.0	8.0	1.0	
959.0	1.0	2.0	2060.0	2060.0	2083.0	23.0	26.0	2.0	1.0	2.0	
960.0	1.0	2.0	2082.0	2082.0	2105.0	23.0	97.0	5.0	9.0	3.0	
961.0	1.0	2.0	2054.0	2054.0	2077.0	23.0	83.0	5.0	5.0	1.0	
962.0	1.0	2.0	2063.0	2063.0	2086.0	23.0	93.0	5.0	4.0	5.0	
963.0	0.0	2.0	2037.0	2037.0	2058.0	21.0	75.0	4.0	8.0	5.0	
964.0	1.0	2.0	2088.0	2088.0	2111.0	23.0	64.0	4.0	4.0	2.0	
965.0	1.0	2.0	2060.0	2061.0	2084.0	23.0	27.0	2.0	13.0	4.0	
966.0	1.0	2.0	2065.0	2065.0	2088.0	23.0	100.0	5.0	14.0	1.0	
967.0	1.0	2.0	2062.0	2062.0	2085.0	23.0	25.0	2.0	12.0	2.0	
968.0	1.0	2.0	2025.0	2025.0	2048.0	23.0	97.0	5.0	9.0	3.0	
969.0	0.0	2.0	2083.0	2083.0	2104.0	21.0	73.0	4.0	13.0	3.0	
970.0	1.0	2.0	2082.0	2082.0	2105.0	23.0	62.0	4.0	7.0	4.0	
971.0	1.0	2.0	1968.0	1968.0	1991.0	23.0	88.0	5.0	4.0	3.0	
972.0	1.0	2.0	2045.0	2045.0	2068.0	23.0	86.0	5.0	15.0	4.0	
973.0	1.0	2.0	2066.0	2066.0	2089.0	23.0	35.0	2.0	10.0	5.0	
974.0	1.0	2.0	2066.0	2066.0	2089.0	23.0	83.0	5.0	5.0	1.0	
975.0	1.0	2.0	1983.0	1983.0	2006.0	23.0	95.0	5.0	8.0	5.0	
976.0	0.0	2.0	2085.0	2085.0	2107.0	22.0	74.0	4.0	1.0	3.0	
977.0	1.0	2.0	2017.0	2017.0	2040.0	23.0	45.0	3.0	5.0	4.0	
978.0	1.0	2.0	2018.0	2018.0	2041.0	23.0	23.0	2.0	7.0	3.0	
979.0	0.0	2.0	2072.0	2072.0	2093.0	21.0	63.0	4.0	15.0	1.0	
980.0	1.0	2.0	2033.0	2033.0	2056.0	23.0	55.0	3.0	6.0	4.0	
981.0	1.0	2.0	2084.0	2084.0	2107.0	23.0	33.0	2.0	14.0	1.0	
982.0	0.0	2.0	2087.0	2087.0	2108.0	21.0	72.0	4.0	11.0	2.0	
983.0	1.0	2.0	2066.0	2066.0	2089.0	23.0	52.0	3.0	4.0	3.0	
984.0	0.0	2.0	2095.0	2095.0	2116.0	21.0	80.0	4.0	3.0	1.0	
985.0	1.0	2.0	2035.0	2035.0	2058.0	23.0	83.0	5.0	5.0	1.0	
986.0	0.0	2.0	2021.0	2021.0	2043.0	22.0	66.0	4.0	12.0	5.0	
987.0	1.0	2.0	2071.0	2071.0	2094.0	23.0	85.0	5.0	3.0	5.0	
988.0	1.0	2.0	2051.0	2051.0	2074.0	23.0	91.0	5.0	9.0	5.0	
989.0	1.0	2.0	2011.0	2011.0	2034.0	23.0	83.0	5.0	5.0	1.0	
990.0	1.0	2.0	2014.0	2014.0	2037.0	23.0	27.0	2.0	13.0	4.0	
991.0	1.0	2.0	2058.0	2058.0	2081.0	23.0	97.0	5.0	9.0	3.0	
992.0	1.0	2.0	2037.0	2037.0	2060.0	23.0	47.0	3.0	15.0	5.0	
993.0	1.0	2.0	2006.0	2006.0	2030.0	24.0	44.0	3.0	3.0	5.0	
994.0	0.0	2.0	2086.0	2086.0	2107.0	21.0	68.0	4.0	5.0	3.0	
995.0	1.0	2.0	2086.0	2086.0	2109.0	23.0	93.0	5.0	4.0	5.0	
996.0	1.0	2.0	1935.0	1935.0	1958.0	23.0	99.0	5.0	12.0	3.0	
997.0	1.0	2.0	2044.0	2044.0	2067.0	23.0	91.0	5.0	9.0	5.0	
998.0	0.0	2.0	2071.0	2071.0	2092.0	21.0	61.0	4.0	12.0	4.0	
999.0	1.0	2.0	1999.0	1999.0	2022.0	23.0	98.0	5.0	15.0	2.0	
1000.0	0.0	2.0	2085.0	2085.0	2106.0	21.0	66.0	4.0	12.0	5.0	
1001.0	1.0	2.0	2052.0	2052.0	2075.0	23.0	90.0	5.0	4.0	1.0	
1002.0	0.0	2.0	2064.0	2064.0	2085.0	21.0	74.0	4.0	1.0	3.0	
1003.0	1.0	2.0	1990.0	1990.0	2013.0	23.0	56.0	3.0	13.0	5.0	
1004.0	1.0	2.0	2057.0	2057.0	2080.0	23.0	83.0	5.0	5.0	1.0	
1005.0	1.0	2.0	2043.0	2043.0	2066.0	23.0	82.0	5.0	6.0	2.0	
1006.0	1.0	2.0	2082.0	2082.0	2105.0	23.0	85.0	5.0	3.0	5.0	
1007.0	1.0	2.0	2016.0	2016.0	2040.0	24.0	54.0	3.0	10.0	5.0	
1008.0	1.0	2.0	2067.0	2067.0	2090.0	23.0	91.0	5.0	9.0	5.0	
1009.0	1.0	2.0	2089.0	2090.0	2113.0	23.0	83.0	5.0	5.0	1.0	
1010.0	0.0	2.0	2041.0	2041.0	2062.0	21.0	76.0	4.0	6.0	4.0	
1011.0	0.0	2.0	2080.0	2080.0	2101.0	21.0	61.0	4.0	12.0	4.0	
1012.0	1.0	2.0	2079.0	2079.0	2102.0	23.0	59.0	3.0	9.0	4.0	
1013.0	0.0	2.0	2083.0	2083.0	2104.0	21.0	65.0	4.0	11.0	2.0	
1014.0	1.0	2.0	2066.0	2066.0	2089.0	23.0	60.0	3.0	3.0	3.0	
1015.0	1.0	2.0	2063.0	2063.0	2086.0	23.0	54.0	3.0	10.0	5.0	
1016.0	0.0	2.0	2088.0	2088.0	2109.0	21.0	76.0	4.0	6.0	4.0	
1017.0	1.0	2.0	1975.0	1975.0	1998.0	23.0	94.0	5.0	13.0	1.0	
1018.0	0.0	2.0	2092.0	2092.0	2113.0	21.0	61.0	4.0	12.0	4.0	
1019.0	1.0	2.0	1990.0	1990.0	2013.0	23.0	34.0	2.0	14.0	1.0	
1020.0	1.0	2.0	2085.0	2085.0	2108.0	23.0	64.0	4.0	4.0	2.0	
1021.0	1.0	2.0	2088.0	2088.0	2111.0	23.0	100.0	5.0	14.0	1.0	
1022.0	1.0	2.0	2043.0	2043.0	2066.0	23.0	60.0	3.0	3.0	3.0	
1023.0	0.0	2.0	2081.0	2081.0	2102.0	21.0	75.0	4.0	8.0	5.0	
1024.0	1.0	2.0	2068.0	2068.0	2091.0	23.0	45.0	3.0	5.0	4.0	
1025.0	1.0	2.0	2042.0	2042.0	2065.0	23.0	90.0	5.0	4.0	1.0	
1026.0	0.0	2.0	2085.0	2085.0	2106.0	21.0	66.0	4.0	12.0	5.0	
1027.0	1.0	2.0	2085.0	2085.0	2108.0	23.0	94.0	5.0	13.0	1.0	
1028.0	0.0	2.0	2088.0	2088.0	2109.0	21.0	71.0	4.0	11.0	3.0	
1029.0	0.0	2.0	2091.0	2091.0	2112.0	21.0	75.0	4.0	8.0	5.0	
1030.0	0.0	2.0	2067.0	2067.0	2088.0	21.0	76.0	4.0	6.0	4.0	
1031.0	1.0	2.0	2043.0	2043.0	2066.0	23.0	37.0	2.0	5.0	2.0	
1032.0	0.0	2.0	2061.0	2061.0	2082.0	21.0	62.0	4.0	7.0	4.0	
1033.0	1.0	2.0	2084.0	2084.0	2107.0	23.0	83.0	5.0	5.0	1.0	
1034.0	0.0	2.0	2030.0	2030.0	2051.0	21.0	69.0	4.0	12.0	2.0	
1035.0	1.0	2.0	2082.0	2082.0	2105.0	23.0	89.0	5.0	14.0	2.0	
1036.0	1.0	2.0	2065.0	2065.0	2088.0	23.0	93.0	5.0	4.0	5.0	
1037.0	1.0	2.0	2089.0	2090.0	2113.0	23.0	82.0	5.0	6.0	2.0	
1038.0	0.0	2.0	1994.0	1994.0	2015.0	21.0	62.0	4.0	7.0	4.0	
1039.0	1.0	2.0	2012.0	2012.0	2035.0	23.0	96.0	5.0	15.0	3.0	
1040.0	1.0	2.0	1997.0	1997.0	2020.0	23.0	90.0	5.0	4.0	1.0	
1041.0	1.0	2.0	1994.0	1994.0	2017.0	23.0	81.0	5.0	3.0	4.0	
1042.0	0.0	2.0	2034.0	2034.0	2055.0	21.0	74.0	4.0	1.0	3.0	
1043.0	1.0	2.0	2034.0	2034.0	2057.0	23.0	97.0	5.0	9.0	3.0	
1044.0	0.0	2.0	1994.0	1994.0	2015.0	21.0	79.0	4.0	7.0	3.0	
1045.0	0.0	2.0	2081.0	2081.0	2102.0	21.0	63.0	4.0	15.0	1.0	
1046.0	1.0	2.0	2079.0	2079.0	2102.0	23.0	48.0	3.0	13.0	4.0	
1047.0	0.0	2.0	2046.0	2046.0	2067.0	21.0	68.0	4.0	5.0	3.0	
1048.0	1.0	2.0	2079.0	2079.0	2103.0	24.0	96.0	5.0	15.0	3.0	
1049.0	1.0	2.0	2034.0	2034.0	2057.0	23.0	92.0	5.0	10.0	4.0	
1050.0	1.0	2.0	2060.0	2060.0	2083.0	23.0	94.0	5.0	13.0	1.0	
1051.0	1.0	2.0	2062.0	2062.0	2085.0	23.0	84.0	5.0	12.0	2.0	
1052.0	1.0	2.0	2062.0	2062.0	2085.0	23.0	96.0	5.0	15.0	3.0	
1053.0	0.0	2.0	2031.0	2031.0	2052.0	21.0	66.0	4.0	12.0	5.0	
1054.0	0.0	2.0	2051.0	2051.0	2072.0	21.0	69.0	4.0	12.0	2.0	
1055.0	0.0	2.0	2094.0	2094.0	2115.0	21.0	73.0	4.0	13.0	3.0	
1056.0	1.0	2.0	1998.0	1998.0	2021.0	23.0	82.0	5.0	6.0	2.0	
1057.0	1.0	2.0	2091.0	2091.0	2114.0	23.0	93.0	5.0	4.0	5.0	
1058.0	0.0	2.0	2074.0	2074.0	2095.0	21.0	80.0	4.0	3.0	1.0	
1059.0	1.0	2.0	2085.0	2085.0	2108.0	23.0	67.0	4.0	3.0	3.0	
1060.0	0.0	2.0	2065.0	2065.0	2086.0	21.0	68.0	4.0	5.0	3.0	
1061.0	1.0	2.0	1952.0	1952.0	1975.0	23.0	94.0	5.0	13.0	1.0	
1062.0	0.0	2.0	1987.0	1987.0	2008.0	21.0	74.0	4.0	1.0	3.0	
1063.0	1.0	2.0	2092.0	2092.0	2115.0	23.0	89.0	5.0	14.0	2.0	
1064.0	0.0	2.0	2091.0	2091.0	2112.0	21.0	79.0	4.0	7.0	3.0	
1065.0	1.0	2.0	2074.0	2074.0	2097.0	23.0	44.0	3.0	3.0	5.0	
1066.0	1.0	2.0	2038.0	2038.0	2062.0	24.0	94.0	5.0	13.0	1.0	
1067.0	1.0	2.0	2055.0	2055.0	2078.0	23.0	96.0	5.0	15.0	3.0	
1068.0	0.0	2.0	2041.0	2041.0	2062.0	21.0	70.0	4.0	11.0	5.0	
1069.0	0.0	2.0	2096.0	2096.0	2117.0	21.0	73.0	4.0	13.0	3.0	
1070.0	0.0	2.0	1988.0	1988.0	2009.0	21.0	77.0	4.0	8.0	2.0	
1071.0	1.0	2.0	2084.0	2084.0	2107.0	23.0	92.0	5.0	10.0	4.0	
1072.0	1.0	2.0	2082.0	2082.0	2105.0	23.0	93.0	5.0	4.0	5.0	
1073.0	1.0	2.0	2083.0	2083.0	2106.0	23.0	94.0	5.0	13.0	1.0	
1074.0	0.0	2.0	2090.0	2090.0	2111.0	21.0	69.0	4.0	12.0	2.0	
1075.0	1.0	2.0	2085.0	2085.0	2108.0	23.0	31.0	2.0	8.0	1.0	
1076.0	0.0	2.0	2058.0	2058.0	2079.0	21.0	75.0	4.0	8.0	5.0	
1077.0	0.0	2.0	2081.0	2081.0	2102.0	21.0	78.0	4.0	8.0	1.0	
1078.0	1.0	2.0	2081.0	2081.0	2104.0	23.0	99.0	5.0	12.0	3.0	
1079.0	1.0	2.0	2023.0	2023.0	2046.0	23.0	93.0	5.0	4.0	5.0	
1080.0	0.0	2.0	2094.0	2094.0	2115.0	21.0	66.0	4.0	12.0	5.0	
1081.0	1.0	2.0	2021.0	2021.0	2044.0	23.0	89.0	5.0	14.0	2.0	
1082.0	1.0	2.0	2094.0	2094.0	2117.0	23.0	90.0	5.0	4.0	1.0	
1083.0	1.0	2.0	2081.0	2081.0	2104.0	23.0	83.0	5.0	5.0	1.0	
1084.0	1.0	2.0	1998.0	1998.0	2021.0	23.0	89.0	5.0	14.0	2.0	
1085.0	1.0	2.0	2082.0	2082.0	2105.0	23.0	87.0	5.0	5.0	5.0	
1086.0	1.0	2.0	2044.0	2044.0	2067.0	23.0	83.0	5.0	5.0	1.0	
1087.0	1.0	2.0	2081.0	2081.0	2104.0	23.0	95.0	5.0	8.0	5.0	
1088.0	1.0	2.0	2077.0	2077.0	2100.0	23.0	89.0	5.0	14.0	2.0	
1089.0	1.0	2.0	2034.0	2034.0	2057.0	23.0	95.0	5.0	8.0	5.0	
1090.0	1.0	2.0	2009.0	2009.0	2032.0	23.0	83.0	5.0	5.0	1.0	
1091.0	0.0	2.0	2091.0	2091.0	2112.0	21.0	79.0	4.0	7.0	3.0	
1092.0	1.0	2.0	2084.0	2084.0	2107.0	23.0	88.0	5.0	4.0	3.0	
1093.0	0.0	2.0	2077.0	2077.0	2098.0	21.0	65.0	4.0	11.0	2.0	
1094.0	1.0	2.0	2064.0	2064.0	2087.0	23.0	87.0	5.0	5.0	5.0	
1095.0	0.0	2.0	2010.0	2010.0	2031.0	21.0	71.0	4.0	11.0	3.0	
1096.0	1.0	2.0	2084.0	2084.0	2107.0	23.0	88.0	5.0	4.0	3.0	
1097.0	1.0	2.0	2082.0	2082.0	2105.0	23.0	91.0	5.0	9.0	5.0	
1098.0	1.0	2.0	1977.0	1977.0	2000.0	23.0	93.0	5.0	4.0	5.0	
1099.0	1.0	2.0	2046.0	2046.0	2070.0	24.0	92.0	5.0	10.0	4.0	
1100.0	1.0	2.0	2084.0	2085.0	2108.0	23.0	81.0	5.0	3.0	4.0	
1101.0	1.0	2.0	2089.0	2089.0	2112.0	23.0	94.0	5.0	13.0	1.0	
1102.0	0.0	2.0	2050.0	2050.0	2071.0	21.0	73.0	4.0	13.0	3.0	
1103.0	0.0	2.0	1997.0	1997.0	2018.0	21.0	76.0	4.0	6.0	4.0	
1104.0	0.0	2.0	2060.0	2060.0	2081.0	21.0	80.0	4.0	3.0	1.0	
1105.0	1.0	2.0	2034.0	2034.0	2057.0	23.0	60.0	3.0	3.0	3.0	
1106.0	0.0	2.0	2085.0	2085.0	2106.0	21.0	64.0	4.0	4.0	2.0	
1107.0	1.0	2.0	2085.0	2085.0	2108.0	23.0	96.0	5.0	15.0	3.0	
1108.0	0.0	2.0	2100.0	2100.0	2121.0	21.0	70.0	4.0	11.0	5.0	
1109.0	1.0	2.0	2086.0	2086.0	2109.0	23.0	96.0	5.0	15.0	3.0	
1110.0	0.0	2.0	2036.0	2036.0	2057.0	21.0	78.0	4.0	8.0	1.0	
1111.0	1.0	2.0	2096.0	2096.0	2119.0	23.0	75.0	4.0	8.0	5.0	
1112.0	1.0	2.0	2083.0	2084.0	2107.0	23.0	100.0	5.0	14.0	1.0	
1113.0	0.0	2.0	2087.0	2087.0	2108.0	21.0	65.0	4.0	11.0	2.0	
1114.0	1.0	2.0	2093.0	2093.0	2116.0	23.0	92.0	5.0	10.0	4.0	
1115.0	1.0	2.0	2009.0	2010.0	2033.0	23.0	89.0	5.0	14.0	2.0	
1116.0	1.0	2.0	2057.0	2057.0	2080.0	23.0	86.0	5.0	15.0	4.0	
1117.0	0.0	2.0	2038.0	2038.0	2059.0	21.0	78.0	4.0	8.0	1.0	
1118.0	1.0	2.0	2055.0	2055.0	2078.0	23.0	89.0	5.0	14.0	2.0	
1119.0	0.0	2.0	2060.0	2060.0	2081.0	21.0	63.0	4.0	15.0	1.0	
1120.0	1.0	2.0	2070.0	2070.0	2093.0	23.0	49.0	3.0	12.0	1.0	
1121.0	1.0	2.0	2080.0	2080.0	2103.0	23.0	97.0	5.0	9.0	3.0	
1122.0	0.0	2.0	2096.0	2096.0	2117.0	21.0	74.0	4.0	1.0	3.0	
1123.0	1.0	2.0	2029.0	2029.0	2052.0	23.0	84.0	5.0	12.0	2.0	
1124.0	1.0	2.0	2002.0	2002.0	2025.0	23.0	97.0	5.0	9.0	3.0	
1125.0	0.0	2.0	2093.0	2093.0	2114.0	21.0	63.0	4.0	15.0	1.0	
1126.0	1.0	2.0	2079.0	2079.0	2102.0	23.0	92.0	5.0	10.0	4.0	
1127.0	1.0	2.0	2088.0	2088.0	2111.0	23.0	86.0	5.0	15.0	4.0	
1128.0	1.0	2.0	2016.0	2016.0	2039.0	23.0	33.0	2.0	14.0	1.0	
1129.0	0.0	2.0	2098.0	2098.0	2119.0	21.0	74.0	4.0	1.0	3.0	
1130.0	0.0	2.0	2060.0	2060.0	2081.0	21.0	77.0	4.0	8.0	2.0	
1131.0	1.0	2.0	2010.0	2010.0	2033.0	23.0	99.0	5.0	12.0	3.0	
1132.0	1.0	2.0	2025.0	2025.0	2048.0	23.0	89.0	5.0	14.0	2.0	
1133.0	1.0	2.0	2036.0	2037.0	2060.0	23.0	56.0	3.0	13.0	5.0	
1134.0	0.0	2.0	2093.0	2093.0	2114.0	21.0	69.0	4.0	12.0	2.0	
1135.0	1.0	2.0	1990.0	1990.0	2013.0	23.0	96.0	5.0	15.0	3.0	
1136.0	1.0	2.0	1926.0	1926.0	1949.0	23.0	41.0	3.0	15.0	4.0	
1137.0	1.0	2.0	2092.0	2092.0	2115.0	23.0	86.0	5.0	15.0	4.0	
1138.0	1.0	2.0	2079.0	2079.0	2102.0	23.0	57.0	3.0	14.0	3.0	
1139.0	0.0	2.0	2041.0	2041.0	2062.0	21.0	65.0	4.0	11.0	2.0	
1140.0	0.0	2.0	2097.0	2097.0	2118.0	21.0	66.0	4.0	12.0	5.0	
1141.0	1.0	2.0	2048.0	2048.0	2071.0	23.0	85.0	5.0	3.0	5.0	
1142.0	1.0	2.0	1985.0	1985.0	2008.0	23.0	88.0	5.0	4.0	3.0	
1143.0	0.0	2.0	1998.0	1998.0	2019.0	21.0	60.0	3.0	3.0	3.0	
1144.0	0.0	2.0	2053.0	2053.0	2074.0	21.0	44.0	3.0	3.0	5.0	
1145.0	1.0	2.0	1923.0	1923.0	1946.0	23.0	99.0	5.0	12.0	3.0	
1146.0	1.0	2.0	2079.0	2079.0	2102.0	23.0	81.0	5.0	3.0	4.0	
1147.0	1.0	2.0	2041.0	2041.0	2064.0	23.0	23.0	2.0	7.0	3.0	
1148.0	0.0	2.0	2060.0	2060.0	2081.0	21.0	56.0	3.0	13.0	5.0	
1149.0	0.0	2.0	2008.0	2008.0	2029.0	21.0	59.0	3.0	9.0	4.0	
1150.0	1.0	2.0	2083.0	2083.0	2106.0	23.0	56.0	3.0	13.0	5.0	
1151.0	1.0	2.0	1935.0	1935.0	1958.0	23.0	93.0	5.0	4.0	5.0	
1152.0	0.0	2.0	2020.0	2020.0	2041.0	21.0	48.0	3.0	13.0	4.0	
1153.0	1.0	2.0	2034.0	2034.0	2057.0	23.0	83.0	5.0	5.0	1.0	
1154.0	0.0	2.0	2056.0	2056.0	2077.0	21.0	53.0	3.0	12.0	3.0	
1155.0	1.0	2.0	2029.0	2029.0	2052.0	23.0	88.0	5.0	4.0	3.0	
1156.0	1.0	2.0	2038.0	2038.0	2061.0	23.0	87.0	5.0	5.0	5.0	
1157.0	0.0	2.0	2074.0	2074.0	2095.0	21.0	44.0	3.0	3.0	5.0	
1158.0	0.0	2.0	2057.0	2058.0	2079.0	21.0	46.0	3.0	14.0	3.0	
1159.0	0.0	2.0	2058.0	2058.0	2079.0	21.0	48.0	3.0	13.0	4.0	
1160.0	0.0	2.0	2045.0	2045.0	2066.0	21.0	52.0	3.0	4.0	3.0	
1161.0	0.0	2.0	2081.0	2081.0	2102.0	21.0	56.0	3.0	13.0	5.0	
1162.0	0.0	2.0	2077.0	2077.0	2098.0	21.0	58.0	3.0	11.0	4.0	
1163.0	0.0	2.0	2080.0	2081.0	2102.0	21.0	60.0	3.0	3.0	3.0	
1164.0	0.0	2.0	2062.0	2062.0	2083.0	21.0	45.0	3.0	5.0	4.0	
1165.0	1.0	2.0	2079.0	2079.0	2102.0	23.0	29.0	2.0	2.0	5.0	
1166.0	1.0	2.0	2058.0	2058.0	2081.0	23.0	90.0	5.0	4.0	1.0	
1167.0	0.0	2.0	2058.0	2058.0	2079.0	21.0	52.0	3.0	4.0	3.0	
1168.0	1.0	2.0	2083.0	2083.0	2106.0	23.0	86.0	5.0	15.0	4.0	
1169.0	0.0	2.0	2075.0	2075.0	2096.0	21.0	59.0	3.0	9.0	4.0	
1170.0	0.0	2.0	2097.0	2097.0	2118.0	21.0	42.0	3.0	4.0	1.0	
1171.0	1.0	2.0	2085.0	2085.0	2108.0	23.0	25.0	2.0	12.0	2.0	
1172.0	0.0	2.0	2083.0	2083.0	2104.0	21.0	47.0	3.0	15.0	5.0	
1173.0	0.0	2.0	2079.0	2079.0	2100.0	21.0	52.0	3.0	4.0	3.0	
1174.0	1.0	2.0	2048.0	2048.0	2071.0	23.0	90.0	5.0	4.0	1.0	
1175.0	1.0	2.0	2009.0	2009.0	2032.0	23.0	90.0	5.0	4.0	1.0	
1176.0	0.0	2.0	2089.0	2089.0	2110.0	21.0	60.0	3.0	3.0	3.0	
1177.0	0.0	2.0	2097.0	2097.0	2118.0	21.0	44.0	3.0	3.0	5.0	
1178.0	0.0	2.0	2091.0	2091.0	2112.0	21.0	45.0	3.0	5.0	4.0	
1179.0	0.0	2.0	2087.0	2087.0	2108.0	21.0	48.0	3.0	13.0	4.0	
1180.0	0.0	2.0	2007.0	2007.0	2028.0	21.0	53.0	3.0	12.0	3.0	
1181.0	1.0	2.0	2062.0	2062.0	2085.0	23.0	66.0	4.0	12.0	5.0	
1182.0	0.0	2.0	2096.0	2096.0	2117.0	21.0	59.0	3.0	9.0	4.0	
1183.0	1.0	2.0	2099.0	2099.0	2122.0	23.0	100.0	5.0	14.0	1.0	
1184.0	1.0	2.0	2019.0	2019.0	2042.0	23.0	98.0	5.0	15.0	2.0	
1185.0	1.0	2.0	2078.0	2078.0	2101.0	23.0	96.0	5.0	15.0	3.0	
1186.0	0.0	2.0	2085.0	2085.0	2107.0	22.0	51.0	3.0	2.0	3.0	
1187.0	0.0	2.0	2035.0	2035.0	2056.0	21.0	53.0	3.0	12.0	3.0	
1188.0	1.0	2.0	2088.0	2088.0	2111.0	23.0	90.0	5.0	4.0	1.0	
1189.0	0.0	2.0	2098.0	2098.0	2119.0	21.0	58.0	3.0	11.0	4.0	
1190.0	1.0	2.0	1999.0	1999.0	2022.0	23.0	83.0	5.0	5.0	1.0	
1191.0	1.0	2.0	2092.0	2092.0	2115.0	23.0	94.0	5.0	13.0	1.0	
1192.0	1.0	2.0	2080.0	2080.0	2103.0	23.0	85.0	5.0	3.0	5.0	
1193.0	0.0	2.0	2089.0	2089.0	2110.0	21.0	52.0	3.0	4.0	3.0	
1194.0	0.0	2.0	2074.0	2074.0	2095.0	21.0	53.0	3.0	12.0	3.0	
1195.0	0.0	2.0	2102.0	2102.0	2123.0	21.0	56.0	3.0	13.0	5.0	
1196.0	0.0	2.0	2102.0	2102.0	2123.0	21.0	60.0	3.0	3.0	3.0	
1197.0	1.0	2.0	2059.0	2059.0	2082.0	23.0	82.0	5.0	6.0	2.0	
1198.0	0.0	2.0	2091.0	2091.0	2112.0	21.0	47.0	3.0	15.0	5.0	
1199.0	0.0	2.0	2092.0	2092.0	2113.0	21.0	50.0	3.0	9.0	1.0	
1200.0	1.0	2.0	2075.0	2075.0	2098.0	23.0	88.0	5.0	4.0	3.0	
1201.0	1.0	2.0	2085.0	2085.0	2108.0	23.0	97.0	5.0	9.0	3.0	
1202.0	0.0	2.0	2030.0	2031.0	2052.0	21.0	58.0	3.0	11.0	4.0	
1203.0	1.0	2.0	2102.0	2102.0	2125.0	23.0	29.0	2.0	2.0	5.0	
1204.0	1.0	2.0	2020.0	2020.0	2043.0	23.0	81.0	5.0	3.0	4.0	
1205.0	1.0	2.0	2086.0	2086.0	2109.0	23.0	81.0	5.0	3.0	4.0	
1206.0	1.0	2.0	2087.0	2087.0	2110.0	23.0	87.0	5.0	5.0	5.0	
1207.0	1.0	2.0	2073.0	2073.0	2096.0	23.0	100.0	5.0	14.0	1.0	
1208.0	1.0	2.0	1939.0	1939.0	1962.0	23.0	69.0	4.0	12.0	2.0	
1209.0	1.0	2.0	2083.0	2083.0	2106.0	23.0	38.0	2.0	5.0	5.0	
1210.0	1.0	2.0	2101.0	2101.0	2124.0	23.0	55.0	3.0	6.0	4.0	
1211.0	1.0	2.0	2050.0	2050.0	2073.0	23.0	95.0	5.0	8.0	5.0	
1212.0	0.0	2.0	2093.0	2093.0	2114.0	21.0	49.0	3.0	12.0	1.0	
1213.0	0.0	2.0	2101.0	2101.0	2122.0	21.0	51.0	3.0	2.0	3.0	
1214.0	0.0	2.0	2077.0	2077.0	2098.0	21.0	53.0	3.0	12.0	3.0	
1215.0	0.0	2.0	2039.0	2039.0	2060.0	21.0	56.0	3.0	13.0	5.0	
1216.0	0.0	2.0	2057.0	2058.0	2079.0	21.0	59.0	3.0	9.0	4.0	
1217.0	1.0	2.0	2065.0	2065.0	2088.0	23.0	90.0	5.0	4.0	1.0	
1218.0	1.0	2.0	2097.0	2097.0	2120.0	23.0	99.0	5.0	12.0	3.0	
1219.0	1.0	2.0	2089.0	2089.0	2112.0	23.0	98.0	5.0	15.0	2.0	
1220.0	1.0	2.0	2004.0	2004.0	2027.0	23.0	94.0	5.0	13.0	1.0	
1221.0	1.0	2.0	2023.0	2023.0	2046.0	23.0	89.0	5.0	14.0	2.0	
1222.0	1.0	2.0	2088.0	2088.0	2111.0	23.0	93.0	5.0	4.0	5.0	
1223.0	1.0	2.0	2102.0	2102.0	2125.0	23.0	92.0	5.0	10.0	4.0	
1224.0	1.0	2.0	2018.0	2018.0	2041.0	23.0	70.0	4.0	11.0	5.0	
1225.0	1.0	2.0	2076.0	2076.0	2099.0	23.0	90.0	5.0	4.0	1.0	
1226.0	0.0	2.0	2099.0	2099.0	2120.0	21.0	49.0	3.0	12.0	1.0	
1227.0	1.0	2.0	2060.0	2060.0	2083.0	23.0	86.0	5.0	15.0	4.0	
1228.0	0.0	2.0	2089.0	2089.0	2110.0	21.0	55.0	3.0	6.0	4.0	
1229.0	1.0	2.0	2096.0	2096.0	2119.0	23.0	95.0	5.0	8.0	5.0	
1230.0	1.0	2.0	2069.0	2069.0	2092.0	23.0	86.0	5.0	15.0	4.0	
1231.0	1.0	2.0	2063.0	2063.0	2086.0	23.0	92.0	5.0	10.0	4.0	
1232.0	1.0	2.0	2100.0	2100.0	2123.0	23.0	67.0	4.0	3.0	3.0	
1233.0	1.0	2.0	2080.0	2081.0	2104.0	23.0	86.0	5.0	15.0	4.0	
1234.0	0.0	2.0	2045.0	2045.0	2066.0	21.0	55.0	3.0	6.0	4.0	
1235.0	1.0	2.0	2068.0	2068.0	2091.0	23.0	93.0	5.0	4.0	5.0	
1236.0	1.0	2.0	2095.0	2095.0	2118.0	23.0	44.0	3.0	3.0	5.0	
1237.0	1.0	2.0	2094.0	2094.0	2117.0	23.0	80.0	4.0	3.0	1.0	
1238.0	1.0	2.0	2058.0	2058.0	2081.0	23.0	99.0	5.0	12.0	3.0	
1239.0	1.0	2.0	2052.0	2052.0	2075.0	23.0	71.0	4.0	11.0	3.0	
1240.0	1.0	2.0	2038.0	2038.0	2061.0	23.0	62.0	4.0	7.0	4.0	
1241.0	1.0	2.0	2037.0	2037.0	2060.0	23.0	63.0	4.0	15.0	1.0	
1242.0	1.0	2.0	2019.0	2019.0	2043.0	24.0	37.0	2.0	5.0	2.0	
1243.0	1.0	2.0	2097.0	2097.0	2121.0	24.0	77.0	4.0	8.0	2.0	
1244.0	1.0	2.0	1878.0	1878.0	1901.0	23.0	88.0	5.0	4.0	3.0	
1245.0	1.0	2.0	2073.0	2073.0	2096.0	23.0	95.0	5.0	8.0	5.0	
1246.0	1.0	2.0	2067.0	2067.0	2090.0	23.0	98.0	5.0	15.0	2.0	
1247.0	1.0	2.0	2066.0	2066.0	2089.0	23.0	37.0	2.0	5.0	2.0	
1248.0	0.0	2.0	2102.0	2102.0	2123.0	21.0	57.0	3.0	14.0	3.0	
1249.0	1.0	2.0	2068.0	2068.0	2091.0	23.0	92.0	5.0	10.0	4.0	
1250.0	1.0	2.0	2036.0	2036.0	2059.0	23.0	98.0	5.0	15.0	2.0	
1251.0	0.0	2.0	2102.0	2102.0	2123.0	21.0	46.0	3.0	14.0	3.0	
1252.0	1.0	2.0	2029.0	2029.0	2052.0	23.0	95.0	5.0	8.0	5.0	
1253.0	1.0	2.0	2085.0	2085.0	2108.0	23.0	84.0	5.0	12.0	2.0	
1254.0	0.0	2.0	2086.0	2086.0	2107.0	21.0	54.0	3.0	10.0	5.0	
1255.0	0.0	2.0	2018.0	2018.0	2039.0	21.0	56.0	3.0	13.0	5.0	
1256.0	1.0	2.0	2090.0	2090.0	2113.0	23.0	90.0	5.0	4.0	1.0	
1257.0	1.0	2.0	2103.0	2103.0	2126.0	23.0	83.0	5.0	5.0	1.0	
1258.0	1.0	2.0	2094.0	2094.0	2117.0	23.0	97.0	5.0	9.0	3.0	
1259.0	0.0	2.0	2048.0	2048.0	2069.0	21.0	50.0	3.0	9.0	1.0	
1260.0	0.0	2.0	2041.0	2041.0	2062.0	21.0	51.0	3.0	2.0	3.0	
1261.0	1.0	2.0	2075.0	2075.0	2098.0	23.0	90.0	5.0	4.0	1.0	
1262.0	1.0	2.0	2076.0	2077.0	2100.0	23.0	95.0	5.0	8.0	5.0	
1263.0	1.0	2.0	1998.0	1998.0	2021.0	23.0	62.0	4.0	7.0	4.0	
1264.0	1.0	2.0	2094.0	2094.0	2117.0	23.0	85.0	5.0	3.0	5.0	
1265.0	1.0	2.0	2092.0	2092.0	2115.0	23.0	89.0	5.0	14.0	2.0	
1266.0	1.0	2.0	2098.0	2098.0	2121.0	23.0	61.0	4.0	12.0	4.0	
1267.0	1.0	2.0	1893.0	1893.0	1916.0	23.0	92.0	5.0	10.0	4.0	
1268.0	1.0	2.0	2080.0	2080.0	2103.0	23.0	83.0	5.0	5.0	1.0	
1269.0	0.0	2.0	2102.0	2102.0	2123.0	21.0	59.0	3.0	9.0	4.0	
1270.0	1.0	2.0	2066.0	2066.0	2089.0	23.0	80.0	4.0	3.0	1.0	
1271.0	1.0	2.0	2051.0	2052.0	2075.0	23.0	87.0	5.0	5.0	5.0	
1272.0	1.0	2.0	2078.0	2079.0	2102.0	23.0	89.0	5.0	14.0	2.0	
1273.0	1.0	2.0	2017.0	2017.0	2040.0	23.0	88.0	5.0	4.0	3.0	
1274.0	1.0	2.0	2016.0	2016.0	2039.0	23.0	86.0	5.0	15.0	4.0	
1275.0	1.0	2.0	2102.0	2102.0	2125.0	23.0	89.0	5.0	14.0	2.0	
1276.0	1.0	2.0	2096.0	2096.0	2119.0	23.0	71.0	4.0	11.0	3.0	
1277.0	1.0	2.0	2060.0	2060.0	2083.0	23.0	39.0	2.0	14.0	2.0	
1278.0	1.0	2.0	2099.0	2099.0	2122.0	23.0	78.0	4.0	8.0	1.0	
1279.0	1.0	2.0	1996.0	1996.0	2019.0	23.0	98.0	5.0	15.0	2.0	
1280.0	0.0	2.0	2080.0	2080.0	2101.0	21.0	51.0	3.0	2.0	3.0	
1281.0	1.0	2.0	2057.0	2058.0	2081.0	23.0	65.0	4.0	11.0	2.0	
1282.0	1.0	2.0	2098.0	2098.0	2121.0	23.0	90.0	5.0	4.0	1.0	
1283.0	1.0	2.0	2074.0	2074.0	2097.0	23.0	32.0	2.0	14.0	3.0	
1284.0	1.0	2.0	2065.0	2065.0	2088.0	23.0	85.0	5.0	3.0	5.0	
1285.0	0.0	2.0	2102.0	2102.0	2123.0	21.0	48.0	3.0	13.0	4.0	
1286.0	0.0	2.0	2078.0	2078.0	2099.0	21.0	49.0	3.0	12.0	1.0	
1287.0	1.0	2.0	2054.0	2054.0	2077.0	23.0	84.0	5.0	12.0	2.0	
1288.0	0.0	2.0	2080.0	2080.0	2101.0	21.0	55.0	3.0	6.0	4.0	
1289.0	1.0	2.0	2102.0	2102.0	2125.0	23.0	65.0	4.0	11.0	2.0	
1290.0	1.0	2.0	1924.0	1924.0	1947.0	23.0	88.0	5.0	4.0	3.0	
1291.0	1.0	2.0	2090.0	2090.0	2113.0	23.0	83.0	5.0	5.0	1.0	
1292.0	1.0	2.0	2007.0	2007.0	2030.0	23.0	74.0	4.0	1.0	3.0	
1293.0	0.0	2.0	2100.0	2100.0	2121.0	21.0	52.0	3.0	4.0	3.0	
1294.0	1.0	2.0	2061.0	2061.0	2084.0	23.0	83.0	5.0	5.0	1.0	
1295.0	1.0	2.0	2092.0	2092.0	2115.0	23.0	79.0	4.0	7.0	3.0	
1296.0	1.0	2.0	2104.0	2104.0	2127.0	23.0	99.0	5.0	12.0	3.0	
1297.0	1.0	2.0	2069.0	2069.0	2092.0	23.0	79.0	4.0	7.0	3.0	
1298.0	0.0	2.0	2040.0	2041.0	2062.0	21.0	45.0	3.0	5.0	4.0	
1299.0	1.0	2.0	2013.0	2013.0	2036.0	23.0	98.0	5.0	15.0	2.0	
1300.0	0.0	2.0	2095.0	2095.0	2116.0	21.0	53.0	3.0	12.0	3.0	
1301.0	1.0	2.0	2100.0	2100.0	2124.0	24.0	67.0	4.0	3.0	3.0	
1302.0	0.0	2.0	2033.0	2033.0	2054.0	21.0	58.0	3.0	11.0	4.0	
1303.0	1.0	2.0	2091.0	2091.0	2114.0	23.0	86.0	5.0	15.0	4.0	
1304.0	1.0	2.0	2046.0	2046.0	2069.0	23.0	86.0	5.0	15.0	4.0	
1305.0	0.0	2.0	2104.0	2104.0	2125.0	21.0	47.0	3.0	15.0	5.0	
1306.0	1.0	2.0	2015.0	2015.0	2038.0	23.0	79.0	4.0	7.0	3.0	
1307.0	0.0	2.0	2098.0	2098.0	2119.0	21.0	53.0	3.0	12.0	3.0	
1308.0	1.0	2.0	2094.0	2094.0	2117.0	23.0	91.0	5.0	9.0	5.0	
1309.0	1.0	2.0	2069.0	2069.0	2092.0	23.0	89.0	5.0	14.0	2.0	
1310.0	1.0	2.0	2103.0	2104.0	2127.0	23.0	70.0	4.0	11.0	5.0	
1311.0	1.0	2.0	2105.0	2105.0	2128.0	23.0	94.0	5.0	13.0	1.0	
1312.0	0.0	2.0	2049.0	2049.0	2070.0	21.0	49.0	3.0	12.0	1.0	
1313.0	1.0	2.0	2021.0	2021.0	2044.0	23.0	87.0	5.0	5.0	5.0	
1314.0	1.0	2.0	2027.0	2027.0	2050.0	23.0	81.0	5.0	3.0	4.0	
1315.0	1.0	2.0	2036.0	2036.0	2059.0	23.0	94.0	5.0	13.0	1.0	
1316.0	1.0	2.0	2102.0	2102.0	2125.0	23.0	85.0	5.0	3.0	5.0	
1317.0	1.0	2.0	2101.0	2101.0	2124.0	23.0	61.0	4.0	12.0	4.0	
1318.0	1.0	2.0	2067.0	2067.0	2090.0	23.0	93.0	5.0	4.0	5.0	
1319.0	1.0	2.0	1981.0	1981.0	2004.0	23.0	89.0	5.0	14.0	2.0	
1320.0	1.0	2.0	2049.0	2049.0	2072.0	23.0	63.0	4.0	15.0	1.0	
1321.0	1.0	2.0	1880.0	1880.0	1903.0	23.0	75.0	4.0	8.0	5.0	
1322.0	0.0	2.0	2098.0	2098.0	2119.0	21.0	58.0	3.0	11.0	4.0	
1323.0	1.0	2.0	2086.0	2086.0	2109.0	23.0	99.0	5.0	12.0	3.0	
1324.0	1.0	2.0	2099.0	2099.0	2122.0	23.0	98.0	5.0	15.0	2.0	
1325.0	1.0	2.0	2032.0	2032.0	2055.0	23.0	98.0	5.0	15.0	2.0	
1326.0	0.0	2.0	2057.0	2057.0	2078.0	21.0	49.0	3.0	12.0	1.0	
1327.0	1.0	2.0	2082.0	2082.0	2105.0	23.0	92.0	5.0	10.0	4.0	
1328.0	1.0	2.0	1949.0	1949.0	1972.0	23.0	70.0	4.0	11.0	5.0	
1329.0	1.0	2.0	1971.0	1971.0	1994.0	23.0	96.0	5.0	15.0	3.0	
1330.0	1.0	2.0	2040.0	2040.0	2063.0	23.0	92.0	5.0	10.0	4.0	
1331.0	1.0	2.0	2039.0	2039.0	2062.0	23.0	33.0	2.0	14.0	1.0	
1332.0	1.0	2.0	2018.0	2018.0	2041.0	23.0	77.0	4.0	8.0	2.0	
1333.0	1.0	2.0	2081.0	2081.0	2104.0	23.0	97.0	5.0	9.0	3.0	
1334.0	1.0	2.0	1999.0	1999.0	2022.0	23.0	82.0	5.0	6.0	2.0	
1335.0	1.0	2.0	1998.0	1998.0	2021.0	23.0	94.0	5.0	13.0	1.0	
1336.0	1.0	2.0	2026.0	2026.0	2049.0	23.0	100.0	5.0	14.0	1.0	
1337.0	1.0	2.0	2104.0	2104.0	2127.0	23.0	95.0	5.0	8.0	5.0	
1338.0	1.0	2.0	2102.0	2102.0	2125.0	23.0	78.0	4.0	8.0	1.0	
1339.0	1.0	2.0	2011.0	2012.0	2035.0	23.0	67.0	4.0	3.0	3.0	
1340.0	1.0	2.0	2000.0	2000.0	2023.0	23.0	93.0	5.0	4.0	5.0	
1341.0	1.0	2.0	2088.0	2088.0	2111.0	23.0	82.0	5.0	6.0	2.0	
1342.0	1.0	2.0	2105.0	2105.0	2128.0	23.0	89.0	5.0	14.0	2.0	
1343.0	1.0	2.0	2019.0	2019.0	2042.0	23.0	81.0	5.0	3.0	4.0	
1344.0	0.0	2.0	2053.0	2053.0	2074.0	21.0	44.0	3.0	3.0	5.0	
1345.0	1.0	2.0	1972.0	1972.0	1995.0	23.0	70.0	4.0	11.0	5.0	
1346.0	0.0	2.0	2012.0	2013.0	2034.0	21.0	49.0	3.0	12.0	1.0	
1347.0	1.0	2.0	2100.0	2100.0	2123.0	23.0	82.0	5.0	6.0	2.0	
1348.0	1.0	2.0	2102.0	2102.0	2125.0	23.0	63.0	4.0	15.0	1.0	
1349.0	1.0	2.0	2087.0	2087.0	2110.0	23.0	63.0	4.0	15.0	1.0	
1350.0	0.0	2.0	2053.0	2053.0	2074.0	21.0	42.0	3.0	4.0	1.0	
1351.0	1.0	2.0	2019.0	2019.0	2043.0	24.0	65.0	4.0	11.0	2.0	
1352.0	1.0	2.0	2066.0	2066.0	2089.0	23.0	82.0	5.0	6.0	2.0	
1353.0	1.0	2.0	2105.0	2105.0	2128.0	23.0	82.0	5.0	6.0	2.0	
1354.0	1.0	2.0	2022.0	2022.0	2045.0	23.0	92.0	5.0	10.0	4.0	
1355.0	1.0	2.0	2042.0	2042.0	2065.0	23.0	98.0	5.0	15.0	2.0	
1356.0	1.0	2.0	2094.0	2094.0	2117.0	23.0	62.0	4.0	7.0	4.0	
1357.0	1.0	2.0	2090.0	2090.0	2113.0	23.0	93.0	5.0	4.0	5.0	
1358.0	1.0	2.0	2099.0	2099.0	2122.0	23.0	96.0	5.0	15.0	3.0	
1359.0	1.0	2.0	2097.0	2097.0	2120.0	23.0	87.0	5.0	5.0	5.0	
1360.0	1.0	2.0	2101.0	2101.0	2124.0	23.0	96.0	5.0	15.0	3.0	
1361.0	1.0	2.0	1937.0	1937.0	1960.0	23.0	100.0	5.0	14.0	1.0	
1362.0	1.0	2.0	2098.0	2098.0	2121.0	23.0	65.0	4.0	11.0	2.0	
1363.0	0.0	2.0	2008.0	2008.0	2029.0	21.0	42.0	3.0	4.0	1.0	
1364.0	1.0	2.0	2093.0	2093.0	2116.0	23.0	100.0	5.0	14.0	1.0	
1365.0	1.0	2.0	2094.0	2094.0	2117.0	23.0	62.0	4.0	7.0	4.0	
1366.0	1.0	2.0	2039.0	2039.0	2062.0	23.0	70.0	4.0	11.0	5.0	
1367.0	1.0	2.0	1995.0	1995.0	2018.0	23.0	23.0	2.0	7.0	3.0	
1368.0	0.0	2.0	1994.0	1994.0	2015.0	21.0	39.0	2.0	14.0	2.0	
1369.0	0.0	2.0	2064.0	2064.0	2085.0	21.0	23.0	2.0	7.0	3.0	
1370.0	0.0	2.0	2083.0	2083.0	2104.0	21.0	26.0	2.0	1.0	2.0	
1371.0	0.0	2.0	2035.0	2035.0	2056.0	21.0	29.0	2.0	2.0	5.0	
1372.0	0.0	2.0	2053.0	2053.0	2074.0	21.0	32.0	2.0	14.0	3.0	
1373.0	1.0	2.0	1984.0	1984.0	2007.0	23.0	75.0	4.0	8.0	5.0	
1374.0	0.0	2.0	2062.0	2062.0	2083.0	21.0	38.0	2.0	5.0	5.0	
1375.0	1.0	2.0	2065.0	2065.0	2088.0	23.0	98.0	5.0	15.0	2.0	
1376.0	0.0	2.0	2085.0	2085.0	2107.0	22.0	23.0	2.0	7.0	3.0	
1377.0	0.0	2.0	2084.0	2084.0	2105.0	21.0	27.0	2.0	13.0	4.0	
1378.0	1.0	2.0	1901.0	1901.0	1924.0	23.0	88.0	5.0	4.0	3.0	
1379.0	0.0	2.0	2062.0	2063.0	2084.0	21.0	33.0	2.0	14.0	1.0	
1380.0	1.0	2.0	2100.0	2100.0	2123.0	23.0	63.0	4.0	15.0	1.0	
1381.0	1.0	2.0	2044.0	2044.0	2067.0	23.0	76.0	4.0	6.0	4.0	
1382.0	1.0	2.0	2071.0	2071.0	2094.0	23.0	73.0	4.0	13.0	3.0	
1383.0	0.0	2.0	2104.0	2104.0	2125.0	21.0	26.0	2.0	1.0	2.0	
1384.0	1.0	2.0	2094.0	2094.0	2117.0	23.0	84.0	5.0	12.0	2.0	
1385.0	0.0	2.0	2087.0	2087.0	2108.0	21.0	30.0	2.0	14.0	1.0	
1386.0	1.0	2.0	2082.0	2082.0	2105.0	23.0	82.0	5.0	6.0	2.0	
1387.0	1.0	2.0	2088.0	2088.0	2111.0	23.0	99.0	5.0	12.0	3.0	
1388.0	0.0	2.0	2083.0	2083.0	2104.0	21.0	39.0	2.0	14.0	2.0	
1389.0	1.0	2.0	2044.0	2044.0	2067.0	23.0	90.0	5.0	4.0	1.0	
1390.0	1.0	2.0	2088.0	2088.0	2111.0	23.0	98.0	5.0	15.0	2.0	
1391.0	1.0	2.0	2005.0	2005.0	2028.0	23.0	100.0	5.0	14.0	1.0	
1392.0	0.0	2.0	2097.0	2097.0	2118.0	21.0	32.0	2.0	14.0	3.0	
1393.0	1.0	2.0	2103.0	2103.0	2126.0	23.0	85.0	5.0	3.0	5.0	
1394.0	0.0	2.0	2104.0	2104.0	2125.0	21.0	39.0	2.0	14.0	2.0	
1395.0	1.0	2.0	2000.0	2000.0	2023.0	23.0	71.0	4.0	11.0	3.0	
1396.0	1.0	2.0	2102.0	2102.0	2125.0	23.0	100.0	5.0	14.0	1.0	
1397.0	1.0	2.0	2081.0	2081.0	2104.0	23.0	90.0	5.0	4.0	1.0	
1398.0	1.0	2.0	2103.0	2103.0	2126.0	23.0	97.0	5.0	9.0	3.0	
1399.0	1.0	2.0	2053.0	2053.0	2076.0	23.0	66.0	4.0	12.0	5.0	
1400.0	1.0	2.0	2076.0	2076.0	2099.0	23.0	88.0	5.0	4.0	3.0	
1401.0	1.0	2.0	2058.0	2058.0	2081.0	23.0	78.0	4.0	8.0	1.0	
1402.0	0.0	2.0	2092.0	2092.0	2113.0	21.0	21.0	2.0	9.0	1.0	
1403.0	1.0	2.0	2073.0	2073.0	2096.0	23.0	81.0	5.0	3.0	4.0	
1404.0	1.0	2.0	2098.0	2098.0	2122.0	24.0	88.0	5.0	4.0	3.0	
1405.0	1.0	2.0	2006.0	2006.0	2029.0	23.0	90.0	5.0	4.0	1.0	
1406.0	1.0	2.0	2106.0	2106.0	2129.0	23.0	94.0	5.0	13.0	1.0	
1407.0	1.0	2.0	2105.0	2105.0	2128.0	23.0	93.0	5.0	4.0	5.0	
1408.0	1.0	2.0	2076.0	2076.0	2099.0	23.0	96.0	5.0	15.0	3.0	
1409.0	1.0	2.0	2028.0	2028.0	2051.0	23.0	53.0	3.0	12.0	3.0	
1410.0	1.0	2.0	1987.0	1987.0	2010.0	23.0	66.0	4.0	12.0	5.0	
1411.0	1.0	2.0	2106.0	2106.0	2129.0	23.0	45.0	3.0	5.0	4.0	
1412.0	1.0	2.0	1992.0	1992.0	2015.0	23.0	99.0	5.0	12.0	3.0	
1413.0	1.0	2.0	2063.0	2063.0	2086.0	23.0	96.0	5.0	15.0	3.0	
1414.0	1.0	2.0	2101.0	2101.0	2125.0	24.0	69.0	4.0	12.0	2.0	
1415.0	1.0	2.0	2104.0	2104.0	2127.0	23.0	76.0	4.0	6.0	4.0	
1416.0	1.0	2.0	2094.0	2094.0	2117.0	23.0	74.0	4.0	1.0	3.0	
1417.0	1.0	2.0	2040.0	2040.0	2063.0	23.0	96.0	5.0	15.0	3.0	
1418.0	1.0	2.0	2006.0	2006.0	2029.0	23.0	73.0	4.0	13.0	3.0	
1419.0	1.0	2.0	2100.0	2100.0	2123.0	23.0	75.0	4.0	8.0	5.0	
1420.0	1.0	2.0	2059.0	2060.0	2083.0	23.0	78.0	4.0	8.0	1.0	
1421.0	1.0	2.0	1962.0	1963.0	1986.0	23.0	69.0	4.0	12.0	2.0	
1422.0	1.0	2.0	2105.0	2105.0	2128.0	23.0	62.0	4.0	7.0	4.0	
1423.0	1.0	2.0	2090.0	2090.0	2113.0	23.0	98.0	5.0	15.0	2.0	
1424.0	1.0	2.0	2065.0	2065.0	2088.0	23.0	87.0	5.0	5.0	5.0	
1425.0	1.0	2.0	2081.0	2081.0	2104.0	23.0	80.0	4.0	3.0	1.0	
1426.0	1.0	2.0	2104.0	2104.0	2127.0	23.0	73.0	4.0	13.0	3.0	
1427.0	1.0	2.0	2007.0	2007.0	2030.0	23.0	58.0	3.0	11.0	4.0	
1428.0	0.0	2.0	2038.0	2039.0	2060.0	21.0	39.0	2.0	14.0	2.0	
1429.0	1.0	2.0	2070.0	2070.0	2093.0	23.0	100.0	5.0	14.0	1.0	
1430.0	0.0	2.0	2105.0	2105.0	2126.0	21.0	27.0	2.0	13.0	4.0	
1431.0	1.0	2.0	2104.0	2104.0	2127.0	23.0	83.0	5.0	5.0	1.0	
1432.0	1.0	2.0	2052.0	2052.0	2075.0	23.0	88.0	5.0	4.0	3.0	
1433.0	1.0	2.0	2088.0	2088.0	2111.0	23.0	85.0	5.0	3.0	5.0	
1434.0	1.0	2.0	2098.0	2098.0	2121.0	23.0	91.0	5.0	9.0	5.0	
1435.0	1.0	2.0	2105.0	2105.0	2128.0	23.0	92.0	5.0	10.0	4.0	
1436.0	1.0	2.0	2075.0	2075.0	2098.0	23.0	84.0	5.0	12.0	2.0	
1437.0	1.0	2.0	2105.0	2105.0	2128.0	23.0	70.0	4.0	11.0	5.0	
1438.0	1.0	2.0	2074.0	2074.0	2097.0	23.0	82.0	5.0	6.0	2.0	
1439.0	1.0	2.0	2023.0	2023.0	2046.0	23.0	93.0	5.0	4.0	5.0	
1440.0	1.0	2.0	2087.0	2088.0	2111.0	23.0	81.0	5.0	3.0	4.0	
1441.0	1.0	2.0	2064.0	2064.0	2087.0	23.0	81.0	5.0	3.0	4.0	
1442.0	1.0	2.0	2036.0	2036.0	2059.0	23.0	92.0	5.0	10.0	4.0	
1443.0	1.0	2.0	1992.0	1992.0	2016.0	24.0	86.0	5.0	15.0	4.0	
1444.0	1.0	2.0	1989.0	1989.0	2012.0	23.0	96.0	5.0	15.0	3.0	
1445.0	1.0	2.0	2022.0	2022.0	2045.0	23.0	79.0	4.0	7.0	3.0	
1446.0	1.0	2.0	2052.0	2052.0	2075.0	23.0	95.0	5.0	8.0	5.0	
1447.0	1.0	2.0	2006.0	2006.0	2029.0	23.0	95.0	5.0	8.0	5.0	
1448.0	1.0	2.0	2065.0	2065.0	2088.0	23.0	71.0	4.0	11.0	3.0	
1449.0	1.0	2.0	1995.0	1995.0	2018.0	23.0	70.0	4.0	11.0	5.0	
1450.0	1.0	2.0	2096.0	2096.0	2119.0	23.0	81.0	5.0	3.0	4.0	
1451.0	1.0	2.0	2066.0	2066.0	2089.0	23.0	98.0	5.0	15.0	2.0	
1452.0	1.0	2.0	2103.0	2103.0	2126.0	23.0	96.0	5.0	15.0	3.0	
1453.0	1.0	2.0	2102.0	2102.0	2125.0	23.0	81.0	5.0	3.0	4.0	
1454.0	1.0	2.0	2067.0	2067.0	2090.0	23.0	83.0	5.0	5.0	1.0	
1455.0	1.0	2.0	2089.0	2089.0	2112.0	23.0	46.0	3.0	14.0	3.0	
1456.0	1.0	2.0	2064.0	2064.0	2087.0	23.0	63.0	4.0	15.0	1.0	
1457.0	1.0	2.0	1999.0	1999.0	2022.0	23.0	72.0	4.0	11.0	2.0	
1458.0	1.0	2.0	2102.0	2102.0	2125.0	23.0	77.0	4.0	8.0	2.0	
1459.0	1.0	2.0	2098.0	2098.0	2121.0	23.0	95.0	5.0	8.0	5.0	
1460.0	1.0	2.0	2105.0	2105.0	2128.0	23.0	85.0	5.0	3.0	5.0	
1461.0	1.0	2.0	2077.0	2077.0	2100.0	23.0	84.0	5.0	12.0	2.0	
1462.0	1.0	2.0	2099.0	2100.0	2123.0	23.0	90.0	5.0	4.0	1.0	
1463.0	1.0	2.0	2076.0	2076.0	2099.0	23.0	100.0	5.0	14.0	1.0	
1464.0	1.0	2.0	1994.0	1994.0	2017.0	23.0	93.0	5.0	4.0	5.0	
1465.0	1.0	2.0	2100.0	2100.0	2123.0	23.0	83.0	5.0	5.0	1.0	
1466.0	1.0	2.0	2063.0	2063.0	2086.0	23.0	99.0	5.0	12.0	3.0	
1467.0	1.0	2.0	1995.0	1996.0	2019.0	23.0	99.0	5.0	12.0	3.0	
1468.0	1.0	2.0	2104.0	2104.0	2127.0	23.0	97.0	5.0	9.0	3.0	
1469.0	1.0	2.0	2106.0	2106.0	2129.0	23.0	66.0	4.0	12.0	5.0	
1470.0	1.0	2.0	2105.0	2105.0	2128.0	23.0	97.0	5.0	9.0	3.0	
1471.0	1.0	2.0	2100.0	2100.0	2123.0	23.0	95.0	5.0	8.0	5.0	
1472.0	1.0	2.0	2082.0	2082.0	2105.0	23.0	98.0	5.0	15.0	2.0	
1473.0	0.0	2.0	2089.0	2089.0	2110.0	21.0	35.0	2.0	10.0	5.0	
1474.0	1.0	2.0	1999.0	1999.0	2022.0	23.0	79.0	4.0	7.0	3.0	
1475.0	0.0	2.0	2071.0	2071.0	2092.0	21.0	21.0	2.0	9.0	1.0	
1476.0	1.0	2.0	2099.0	2099.0	2122.0	23.0	88.0	5.0	4.0	3.0	
1477.0	1.0	2.0	1916.0	1916.0	1939.0	23.0	76.0	4.0	6.0	4.0	
1478.0	1.0	2.0	2086.0	2086.0	2109.0	23.0	92.0	5.0	10.0	4.0	
1479.0	1.0	2.0	2069.0	2069.0	2092.0	23.0	50.0	3.0	9.0	1.0	
1480.0	0.0	2.0	2089.0	2089.0	2110.0	21.0	37.0	2.0	5.0	2.0	
1481.0	1.0	2.0	1997.0	1997.0	2020.0	23.0	81.0	5.0	3.0	4.0	
1482.0	1.0	2.0	2100.0	2100.0	2123.0	23.0	84.0	5.0	12.0	2.0	
1483.0	1.0	2.0	2104.0	2104.0	2127.0	23.0	86.0	5.0	15.0	4.0	
1484.0	1.0	2.0	2100.0	2100.0	2123.0	23.0	91.0	5.0	9.0	5.0	
1485.0	1.0	2.0	2091.0	2091.0	2114.0	23.0	92.0	5.0	10.0	4.0	
1486.0	1.0	2.0	2068.0	2068.0	2091.0	23.0	79.0	4.0	7.0	3.0	
1487.0	1.0	2.0	1995.0	1995.0	2018.0	23.0	70.0	4.0	11.0	5.0	
1488.0	1.0	2.0	2043.0	2043.0	2066.0	23.0	65.0	4.0	11.0	2.0	
1489.0	1.0	2.0	2105.0	2105.0	2128.0	23.0	91.0	5.0	9.0	5.0	
1490.0	1.0	2.0	2000.0	2000.0	2023.0	23.0	93.0	5.0	4.0	5.0	
1491.0	1.0	2.0	2088.0	2088.0	2111.0	23.0	98.0	5.0	15.0	2.0	
1492.0	1.0	2.0	2102.0	2102.0	2125.0	23.0	75.0	4.0	8.0	5.0	
1493.0	1.0	2.0	2032.0	2032.0	2055.0	23.0	90.0	5.0	4.0	1.0	
1494.0	1.0	2.0	2100.0	2100.0	2123.0	23.0	89.0	5.0	14.0	2.0	
1495.0	1.0	2.0	2010.0	2010.0	2033.0	23.0	82.0	5.0	6.0	2.0	
1496.0	1.0	2.0	1959.0	1959.0	1982.0	23.0	94.0	5.0	13.0	1.0	
1497.0	1.0	2.0	2105.0	2105.0	2128.0	23.0	87.0	5.0	5.0	5.0	
1498.0	1.0	2.0	2065.0	2065.0	2088.0	23.0	98.0	5.0	15.0	2.0	
1499.0	1.0	2.0	2098.0	2098.0	2121.0	23.0	84.0	5.0	12.0	2.0	
1500.0	1.0	2.0	2059.0	2059.0	2082.0	23.0	92.0	5.0	10.0	4.0	
1501.0	1.0	2.0	2096.0	2096.0	2119.0	23.0	100.0	5.0	14.0	1.0	
1502.0	1.0	2.0	1986.0	1986.0	2009.0	23.0	91.0	5.0	9.0	5.0	
1503.0	1.0	2.0	2098.0	2098.0	2121.0	23.0	87.0	5.0	5.0	5.0	
1504.0	1.0	2.0	2057.0	2057.0	2080.0	23.0	69.0	4.0	12.0	2.0	
1505.0	1.0	2.0	2105.0	2105.0	2128.0	23.0	98.0	5.0	15.0	2.0	
1506.0	1.0	2.0	2084.0	2084.0	2107.0	23.0	95.0	5.0	8.0	5.0	
1507.0	1.0	2.0	2097.0	2097.0	2120.0	23.0	82.0	5.0	6.0	2.0	
1508.0	1.0	2.0	2084.0	2084.0	2107.0	23.0	84.0	5.0	12.0	2.0	
1509.0	1.0	2.0	2043.0	2043.0	2066.0	23.0	83.0	5.0	5.0	1.0	
1510.0	1.0	2.0	2082.0	2082.0	2105.0	23.0	94.0	5.0	13.0	1.0	
1511.0	1.0	2.0	2071.0	2071.0	2094.0	23.0	91.0	5.0	9.0	5.0	
1512.0	1.0	2.0	2017.0	2017.0	2040.0	23.0	81.0	5.0	3.0	4.0	
1513.0	1.0	2.0	2088.0	2088.0	2111.0	23.0	68.0	4.0	5.0	3.0	
1514.0	1.0	2.0	2021.0	2021.0	2045.0	24.0	47.0	3.0	15.0	5.0	
1515.0	1.0	2.0	2104.0	2104.0	2127.0	23.0	65.0	4.0	11.0	2.0	
1516.0	1.0	2.0	2061.0	2061.0	2084.0	23.0	79.0	4.0	7.0	3.0	
1517.0	1.0	2.0	2105.0	2105.0	2128.0	23.0	79.0	4.0	7.0	3.0	
1518.0	1.0	2.0	2104.0	2104.0	2127.0	23.0	90.0	5.0	4.0	1.0	
1519.0	1.0	2.0	2057.0	2057.0	2080.0	23.0	61.0	4.0	12.0	4.0	
1520.0	1.0	2.0	2088.0	2088.0	2111.0	23.0	89.0	5.0	14.0	2.0	
1521.0	1.0	2.0	2085.0	2085.0	2108.0	23.0	77.0	4.0	8.0	2.0	
1522.0	1.0	2.0	2104.0	2104.0	2127.0	23.0	78.0	4.0	8.0	1.0	
1523.0	1.0	2.0	2104.0	2104.0	2127.0	23.0	80.0	4.0	3.0	1.0	
1524.0	1.0	2.0	2034.0	2034.0	2057.0	23.0	49.0	3.0	12.0	1.0	
1525.0	1.0	2.0	2025.0	2025.0	2048.0	23.0	90.0	5.0	4.0	1.0	
1526.0	1.0	2.0	2075.0	2075.0	2098.0	23.0	87.0	5.0	5.0	5.0	
1527.0	1.0	2.0	2064.0	2064.0	2087.0	23.0	72.0	4.0	11.0	2.0	
1528.0	1.0	2.0	2090.0	2090.0	2113.0	23.0	91.0	5.0	9.0	5.0	
1529.0	1.0	2.0	2075.0	2075.0	2098.0	23.0	58.0	3.0	11.0	4.0	
1530.0	1.0	2.0	2021.0	2021.0	2044.0	23.0	76.0	4.0	6.0	4.0	
1531.0	1.0	2.0	2088.0	2088.0	2111.0	23.0	87.0	5.0	5.0	5.0	
1532.0	1.0	2.0	2071.0	2071.0	2094.0	23.0	90.0	5.0	4.0	1.0	
1533.0	1.0	2.0	2104.0	2104.0	2127.0	23.0	70.0	4.0	11.0	5.0	
1534.0	1.0	2.0	2052.0	2052.0	2075.0	23.0	84.0	5.0	12.0	2.0	
1535.0	1.0	2.0	1991.0	1991.0	2014.0	23.0	26.0	2.0	1.0	2.0	
1536.0	1.0	2.0	2030.0	2030.0	2053.0	23.0	82.0	5.0	6.0	2.0	
=====================================================================================================================================================
Map output of kmean map task #, VM#, VM Flavour #, PM#, Rack #, Reduce1, Reduce2, etc (how much each map task produces to different reduce tasks)
=====================================================================================================================================================
1.0	96.0	15.0	15.0	15.77	14.51	12.55	6.6	16.45	14.36	11.82	8.6	13.64	16.42	6.38	
2.0	98.0	15.0	15.0	8.34	15.92	14.41	12.45	17.93	13.71	11.53	17.85	11.75	12.29	10.75	
3.0	81.0	3.0	3.0	10.86	11.96	15.82	16.41	17.85	17.32	13.01	17.14	16.31	6.54	2.9482161241537996	
4.0	84.0	12.0	12.0	16.08	14.22	12.65	16.7	6.88	17.26	13.28	11.39	6.79	10.0	17.64	
5.0	87.0	5.0	5.0	16.82	7.78	11.58	16.21	7.44	13.66	15.11	11.16	11.35	6.18	9.96	
6.0	91.0	9.0	9.0	11.8	6.94	10.99	12.26	7.65	14.79	7.59	7.89	10.15	11.62	6.3	
7.0	93.0	4.0	4.0	17.23	16.54	13.17	8.2	9.84	10.79	9.51	8.44	16.63	10.59	9.58	
8.0	96.0	15.0	15.0	15.82	13.41	11.15	9.84	10.16	14.02	10.73	7.56	11.32	17.71	9.1	
9.0	99.0	12.0	12.0	14.6	9.75	17.72	7.43	11.42	6.54	13.43	16.69	9.45	17.6	15.14	
10.0	76.0	6.0	6.0	13.71	16.41	7.41	9.28	16.24	17.24	11.68	11.16	17.65	16.21	6.82	
11.0	85.0	3.0	3.0	15.43	17.99	11.03	15.97	14.33	13.94	9.21	17.29	7.52	6.19	15.78	
12.0	89.0	14.0	14.0	6.47	16.37	10.73	17.06	14.22	14.8	16.17	13.38	13.67	8.75	13.99	
13.0	92.0	10.0	10.0	16.17	9.8	14.19	7.41	10.28	6.08	10.69	16.85	10.4	11.14	6.71	
14.0	94.0	13.0	13.0	7.61	12.48	8.6	7.82	11.21	10.5	7.48	8.1	7.6	9.28	15.81	
15.0	40.0	11.0	11.0	12.4	15.64	13.14	9.6	8.2	17.0	15.97	10.14	12.48	15.39	8.42	
16.0	100.0	14.0	14.0	17.03	6.8	6.94	8.31	12.13	12.62	15.06	10.71	17.28	10.95	6.4	
17.0	71.0	11.0	11.0	11.58	7.76	12.9	10.02	13.17	6.05	13.94	7.16	6.27	8.82	9.31	
18.0	86.0	15.0	15.0	9.93	14.31	11.15	17.39	11.86	14.27	7.45	8.28	17.24	15.03	6.33	
19.0	70.0	11.0	11.0	6.6	11.2	13.89	17.1	11.44	10.91	12.91	7.29	16.79	13.04	14.9	
20.0	27.0	13.0	13.0	7.08	10.72	16.47	9.14	17.3	9.29	6.32	6.36	17.75	12.81	7.57	
21.0	95.0	8.0	8.0	15.34	7.82	10.66	15.58	8.51	14.35	8.8	12.89	7.87	11.97	6.11	
22.0	99.0	12.0	12.0	11.17	9.22	10.93	6.82	8.62	8.45	17.16	12.47	12.98	17.15	6.82	
23.0	33.0	14.0	14.0	11.11	13.39	7.5	12.81	14.81	12.37	15.39	17.13	10.12	12.03	6.22	
24.0	39.0	14.0	14.0	15.64	6.73	11.88	6.68	13.46	14.14	11.1	13.07	17.31	13.32	14.67	
25.0	88.0	4.0	4.0	14.46	13.9	14.32	12.8	7.94	8.58	13.92	8.07	11.87	6.01	13.29	
26.0	90.0	4.0	4.0	11.16	8.1	8.65	15.04	15.72	10.45	10.87	17.08	11.18	13.43	13.74	
27.0	37.0	5.0	5.0	17.9	6.05	13.68	16.94	16.67	16.93	12.36	10.26	13.97	12.72	13.32	
28.0	70.0	11.0	11.0	16.81	7.9	16.46	16.25	17.73	17.79	6.99	11.03	11.23	6.64	10.49	
29.0	52.0	4.0	4.0	14.55	12.06	7.6	6.72	13.48	15.09	10.93	6.09	7.56	6.8	16.21	
30.0	50.0	9.0	9.0	13.04	17.05	11.55	6.15	14.2	7.53	15.98	14.19	10.21	14.59	9.34	
31.0	69.0	12.0	12.0	11.18	13.24	17.93	12.45	15.63	8.36	11.05	16.44	10.7	15.32	7.49	
32.0	55.0	6.0	6.0	7.89	9.04	7.69	7.67	16.05	7.69	6.57	9.84	17.56	6.07	15.73	
33.0	92.0	10.0	10.0	13.22	9.49	10.16	16.66	10.36	6.68	9.73	15.07	12.54	14.3	8.67	
34.0	56.0	13.0	13.0	14.39	8.09	16.41	6.16	17.55	12.19	12.42	9.99	15.14	7.53	7.67	
35.0	65.0	11.0	11.0	7.83	11.66	15.24	6.91	17.63	11.73	11.01	14.88	10.6	16.47	13.85	
36.0	64.0	4.0	4.0	16.02	6.41	9.4	17.45	8.09	11.16	8.95	11.39	14.3	16.27	9.93	
37.0	79.0	7.0	7.0	12.04	6.29	16.95	11.54	13.12	10.83	7.35	14.51	8.21	12.99	11.01	
38.0	74.0	1.0	1.0	14.69	13.7	9.18	16.9	12.51	9.31	9.26	12.09	6.41	11.67	16.14	
39.0	69.0	12.0	12.0	7.89	13.63	8.3	13.14	11.15	16.55	17.1	16.63	7.43	12.93	15.25	
40.0	80.0	3.0	3.0	6.63	12.23	15.06	13.38	12.32	15.42	7.77	15.11	9.66	15.63	8.08	
41.0	76.0	6.0	6.0	10.34	7.45	16.41	12.67	17.2	13.54	8.56	12.6	7.3	7.03	14.48	
42.0	62.0	7.0	7.0	8.3	7.49	9.16	10.24	9.74	11.75	9.01	17.99	13.92	11.91	9.09	
43.0	65.0	11.0	11.0	6.73	12.22	10.6	10.81	15.58	11.86	14.21	8.05	7.15	11.23	12.8	
44.0	84.0	12.0	12.0	17.41	11.46	6.09	10.2	7.94	6.67	6.39	7.21	8.6	17.77	6.46	
45.0	64.0	4.0	4.0	9.31	7.6	14.73	9.11	17.7	7.95	7.62	8.54	12.66	9.19	8.19	
46.0	35.0	10.0	10.0	12.02	7.68	9.47	14.23	11.5	6.32	7.43	6.83	17.18	16.9	6.59	
47.0	71.0	11.0	11.0	9.62	7.27	13.02	16.57	15.36	12.84	11.55	16.36	7.81	6.09	13.68	
48.0	41.0	15.0	15.0	13.96	6.17	7.47	15.33	17.64	14.99	11.4	8.46	15.26	15.05	12.04	
49.0	29.0	2.0	2.0	6.32	7.53	17.72	15.05	10.01	6.62	10.88	10.68	17.06	13.24	17.44	
50.0	74.0	1.0	1.0	9.39	12.22	15.76	10.65	8.42	12.97	7.31	15.65	11.73	9.0	12.4	
51.0	61.0	12.0	12.0	9.82	15.94	17.85	15.79	8.08	10.3	17.39	9.96	17.07	12.31	6.59	
52.0	60.0	3.0	3.0	14.71	16.97	12.12	17.85	6.03	6.78	12.08	15.97	10.26	8.95	12.66	
53.0	80.0	3.0	3.0	14.74	13.5	14.51	12.8	14.72	9.01	10.09	16.12	14.55	6.62	16.09	
54.0	63.0	15.0	15.0	8.33	13.3	6.0	15.06	16.56	13.84	11.96	10.68	16.05	15.91	14.85	
55.0	64.0	4.0	4.0	10.35	10.5	8.68	16.32	15.64	9.65	17.82	6.72	6.49	11.31	7.32	
56.0	77.0	8.0	8.0	17.62	16.13	13.36	8.79	8.85	15.59	9.53	11.28	17.41	7.04	11.01	
57.0	83.0	5.0	5.0	15.45	14.85	13.46	9.83	17.55	17.4	14.23	6.57	15.27	7.89	11.38	
58.0	71.0	11.0	11.0	13.32	11.87	11.33	6.47	7.32	6.07	14.78	8.82	12.68	8.25	15.42	
59.0	47.0	15.0	15.0	17.67	16.18	12.47	7.32	9.69	8.85	11.39	15.33	16.82	9.41	9.3	
60.0	93.0	4.0	4.0	9.2	6.02	17.93	14.56	12.57	16.03	11.08	14.21	12.63	6.83	17.96	
61.0	62.0	7.0	7.0	9.37	8.01	9.76	9.91	6.76	6.35	9.52	10.59	6.23	13.33	7.98	
62.0	98.0	15.0	15.0	11.36	12.59	9.0	10.82	16.46	9.7	15.52	14.14	17.81	13.82	16.68	
63.0	74.0	1.0	1.0	16.78	11.57	15.94	10.46	7.07	13.02	17.22	11.48	16.2	6.52	6.73	
64.0	43.0	13.0	13.0	11.0	14.9	15.8	13.47	7.28	12.44	11.76	16.83	11.39	7.84	11.83	
65.0	56.0	13.0	13.0	12.41	16.38	10.34	8.05	10.89	16.54	14.64	10.53	17.91	13.26	6.44	
66.0	92.0	10.0	10.0	15.51	6.71	16.54	12.84	6.49	15.51	13.64	7.33	9.08	9.74	15.62	
67.0	66.0	12.0	12.0	8.23	11.95	17.43	9.1	15.64	15.56	7.15	9.28	10.32	6.24	11.91	
68.0	77.0	8.0	8.0	8.4	13.02	17.39	9.25	13.16	15.02	6.39	9.54	17.12	9.38	9.41	
69.0	44.0	3.0	3.0	10.48	16.9	14.58	17.84	10.65	6.34	10.07	12.93	16.79	14.78	8.21	
70.0	72.0	11.0	11.0	14.37	11.26	7.82	9.44	9.11	6.47	9.08	7.77	8.21	11.41	11.03	
71.0	52.0	4.0	4.0	8.28	6.6	10.91	8.56	15.21	7.84	16.43	9.27	16.5	11.53	6.73	
72.0	89.0	14.0	14.0	14.79	11.98	12.9	11.42	14.48	13.2	10.0	10.17	8.21	12.14	9.52	
73.0	53.0	12.0	12.0	9.79	9.37	11.85	14.91	8.79	6.87	9.32	14.29	15.6	8.74	17.68	
74.0	95.0	8.0	8.0	12.98	6.56	14.42	15.26	16.19	12.02	16.94	15.19	14.33	12.51	7.94	
75.0	65.0	11.0	11.0	15.61	11.97	15.22	10.95	14.72	14.25	11.28	14.58	17.65	16.83	2.676657440490809	
76.0	68.0	5.0	5.0	12.63	8.38	9.59	14.19	13.04	17.15	10.6	15.41	15.89	11.84	16.59	
77.0	42.0	4.0	4.0	15.6	17.75	6.69	13.91	15.3	9.75	6.28	6.54	13.14	8.26	17.05	
78.0	66.0	12.0	12.0	8.53	6.64	14.21	13.17	16.93	14.66	13.0	16.12	11.34	13.25	13.8	
79.0	69.0	12.0	12.0	13.93	7.48	6.51	16.17	7.43	12.12	17.68	14.36	6.6	14.81	6.72	
80.0	66.0	12.0	12.0	16.09	7.88	11.77	13.65	8.2	7.08	7.96	17.17	10.08	6.34	15.33	
81.0	42.0	4.0	4.0	6.18	10.25	7.61	14.84	13.12	10.22	6.64	6.14	10.88	9.31	11.32	
82.0	99.0	12.0	12.0	7.56	10.68	11.21	14.16	15.08	10.14	15.26	8.08	11.85	8.28	14.09	
83.0	81.0	3.0	3.0	9.08	11.74	10.24	15.11	10.84	8.43	16.97	7.93	13.72	11.21	8.83	
84.0	80.0	3.0	3.0	16.36	10.03	10.39	11.09	13.58	17.69	12.21	10.31	11.0	7.65	16.79	
85.0	68.0	5.0	5.0	12.43	16.27	6.08	15.15	17.46	9.59	10.96	14.87	14.71	7.45	16.9	
86.0	73.0	13.0	13.0	17.44	10.98	13.87	6.66	8.5	6.32	14.97	8.7	15.5	9.81	8.91	
87.0	93.0	4.0	4.0	17.22	16.81	13.15	16.37	17.09	17.07	9.52	8.04	9.61	6.45	11.82	
88.0	97.0	9.0	9.0	13.94	17.06	17.02	9.46	14.14	11.08	15.65	13.7	7.03	16.51	11.19	
89.0	100.0	14.0	14.0	10.15	14.39	12.67	12.67	9.08	15.13	10.84	11.51	9.22	12.43	14.24	
90.0	84.0	12.0	12.0	10.64	9.42	6.02	6.64	13.78	16.76	10.13	15.24	10.03	13.7	10.46	
91.0	41.0	15.0	15.0	16.08	13.73	11.73	16.16	16.68	12.83	6.32	7.25	8.38	9.7	12.17	
92.0	89.0	14.0	14.0	13.83	6.04	16.89	6.32	10.22	12.25	8.75	16.06	8.74	8.32	15.24	
93.0	91.0	9.0	9.0	8.01	16.47	16.27	14.91	11.32	12.07	11.65	7.76	16.3	17.92	14.98	
94.0	96.0	15.0	15.0	12.53	15.8	15.98	11.88	14.21	14.9	9.45	14.07	9.14	12.5	9.79	
95.0	85.0	3.0	3.0	13.59	16.36	9.02	14.07	15.43	7.63	17.08	7.43	13.7	17.56	8.64	
96.0	72.0	11.0	11.0	7.08	14.4	6.32	11.74	6.43	17.42	8.09	6.16	12.66	14.08	9.52	
97.0	70.0	11.0	11.0	16.04	12.04	10.69	8.41	7.12	17.19	14.8	14.76	13.45	15.3	11.37	
98.0	75.0	8.0	8.0	15.66	7.95	10.28	14.72	11.67	11.24	13.41	9.02	8.9	6.29	10.7	
99.0	42.0	4.0	4.0	9.33	13.65	12.14	16.71	8.65	15.68	10.81	16.8	8.31	12.59	9.74	
100.0	92.0	10.0	10.0	12.64	14.45	7.82	15.84	15.34	12.81	15.1	16.43	14.23	15.56	10.857663700708772	
101.0	70.0	11.0	11.0	7.96	8.71	7.58	12.29	13.44	8.34	15.68	9.84	6.37	10.5	10.37	
102.0	38.0	5.0	5.0	13.16	13.3	8.26	17.17	7.96	17.65	6.36	9.31	7.84	15.42	14.26	
103.0	81.0	3.0	3.0	16.07	7.1	15.44	17.34	14.7	15.24	14.04	7.77	13.56	9.47	16.34	
104.0	85.0	3.0	3.0	7.63	17.56	14.97	13.17	8.17	15.23	14.41	8.23	12.86	17.21	6.44	
105.0	87.0	5.0	5.0	9.57	12.92	12.81	12.36	15.4	15.75	7.54	6.85	14.71	8.78	11.3	
106.0	91.0	9.0	9.0	17.93	7.07	12.38	15.93	7.83	6.05	14.89	12.55	16.35	17.61	11.52	
107.0	93.0	4.0	4.0	8.86	12.11	15.08	14.91	12.49	6.04	11.35	14.84	8.13	17.25	10.48	
108.0	60.0	3.0	3.0	6.2	6.81	17.26	13.23	12.23	11.67	13.57	14.86	17.76	15.68	9.13	
109.0	100.0	14.0	14.0	15.15	16.39	16.39	10.18	12.29	6.1	17.87	17.1	13.81	9.65	16.33	
110.0	32.0	14.0	14.0	16.45	13.46	15.05	16.38	9.26	6.37	13.2	7.77	17.54	11.9	6.3	
111.0	56.0	13.0	13.0	12.02	17.91	15.42	15.47	15.33	9.57	8.95	12.5	6.43	11.6	6.94	
112.0	65.0	11.0	11.0	12.49	15.3	11.92	8.59	13.18	16.44	7.46	8.92	10.7	15.2	14.96	
113.0	93.0	4.0	4.0	9.07	8.52	11.84	12.71	16.21	14.92	8.55	10.89	12.08	7.54	12.06	
114.0	43.0	13.0	13.0	14.86	10.9	16.02	12.27	9.86	10.95	16.56	15.8	12.82	16.03	8.37	
115.0	99.0	12.0	12.0	13.99	16.09	10.63	17.83	7.9	11.98	17.05	12.02	8.41	9.75	9.26	
116.0	74.0	1.0	1.0	13.48	6.11	7.09	8.47	11.75	17.38	7.16	9.44	11.11	10.42	16.69	
117.0	84.0	12.0	12.0	15.18	13.31	13.11	15.91	17.92	10.55	17.8	9.31	14.46	11.45	16.365139208302168	
118.0	86.0	15.0	15.0	10.63	10.61	11.39	11.81	8.42	15.35	9.91	17.76	9.13	11.54	14.11	
119.0	78.0	8.0	8.0	13.35	10.26	11.46	12.33	6.5	17.9	13.21	12.1	9.9	12.65	6.61	
120.0	66.0	12.0	12.0	6.52	10.35	7.2	11.94	11.25	6.23	12.24	7.27	16.09	12.1	11.16	
121.0	96.0	15.0	15.0	7.93	10.48	12.28	12.41	16.97	8.29	8.42	9.27	8.18	8.21	9.67	
122.0	100.0	14.0	14.0	8.07	17.87	13.21	14.53	12.86	9.06	7.57	8.1	12.01	7.81	17.75	
123.0	81.0	3.0	3.0	14.66	10.94	6.02	9.06	8.75	11.91	17.2	9.06	11.64	9.77	15.66	
124.0	85.0	3.0	3.0	7.51	13.68	14.88	7.22	17.56	7.18	12.84	17.81	11.12	10.07	15.59	
125.0	22.0	6.0	6.0	11.8	14.94	9.9	13.84	15.21	8.1	16.58	16.93	11.84	8.74	7.59	
126.0	92.0	10.0	10.0	16.17	12.99	10.2	7.06	15.3	8.75	14.2	6.66	6.5	14.04	6.9	
127.0	42.0	4.0	4.0	9.0	7.87	16.4	9.85	17.28	10.64	9.08	17.71	14.24	11.21	9.03	
128.0	96.0	15.0	15.0	10.08	7.4	14.52	6.85	10.68	14.69	11.53	12.53	12.5	8.52	8.17	
129.0	100.0	14.0	14.0	15.96	7.49	8.96	9.57	6.25	14.52	16.74	15.34	13.85	6.32	15.16	
130.0	84.0	12.0	12.0	16.85	8.49	8.51	14.71	8.83	12.03	13.53	17.66	12.63	6.98	10.0	
131.0	87.0	5.0	5.0	6.07	16.28	16.72	6.68	7.24	6.93	11.03	14.08	8.69	7.33	8.8	
132.0	72.0	11.0	11.0	14.47	8.28	11.99	12.06	6.29	6.54	13.3	7.93	13.77	6.05	10.06	
133.0	93.0	4.0	4.0	7.8	17.58	15.25	11.91	13.11	7.69	14.46	14.14	10.39	9.61	10.72	
134.0	63.0	15.0	15.0	17.19	6.35	15.44	8.14	15.02	7.94	16.77	16.07	16.11	9.08	12.64	
135.0	33.0	14.0	14.0	16.95	8.46	10.93	7.49	13.94	8.65	16.42	11.77	13.99	10.8	12.63	
136.0	67.0	3.0	3.0	7.06	9.24	13.48	7.45	10.81	6.18	7.2	11.11	17.38	7.39	6.6	
137.0	84.0	12.0	12.0	14.45	13.69	12.03	16.2	7.35	14.57	7.99	13.49	12.12	13.95	13.49	
138.0	44.0	3.0	3.0	10.93	14.83	10.36	9.96	8.18	16.99	8.36	14.03	13.3	6.24	6.48	
139.0	89.0	14.0	14.0	13.85	14.44	9.85	6.95	6.65	12.5	15.56	14.37	7.71	14.33	14.39	
140.0	65.0	11.0	11.0	6.21	15.01	8.73	6.67	10.99	16.5	6.54	13.3	7.4	10.16	17.78	
141.0	95.0	8.0	8.0	13.3	13.48	11.46	6.73	17.31	15.79	13.43	8.69	16.13	12.87	12.27	
142.0	78.0	8.0	8.0	10.86	17.62	12.1	17.21	8.64	13.3	9.95	14.28	6.98	17.93	8.68	
143.0	78.0	8.0	8.0	17.39	17.48	15.38	16.09	9.67	11.57	17.64	7.52	13.19	13.71	0.643172723989357	
144.0	85.0	3.0	3.0	16.39	17.47	8.44	8.62	12.26	15.87	7.1	9.94	11.12	13.37	11.71	
145.0	61.0	12.0	12.0	7.86	12.9	15.88	6.97	14.17	13.45	15.21	16.14	14.55	11.49	11.1	
146.0	79.0	7.0	7.0	10.94	12.45	14.54	15.17	8.04	17.93	13.24	16.12	7.53	7.1	17.88	
147.0	66.0	12.0	12.0	11.94	14.4	15.62	15.4	12.74	14.46	9.41	6.52	13.78	7.42	7.3	
148.0	63.0	15.0	15.0	11.18	10.57	15.69	9.72	7.38	13.04	16.4	14.16	9.94	9.34	15.54	
149.0	81.0	3.0	3.0	6.13	15.66	12.6	12.9	6.07	11.96	17.42	9.34	16.63	10.23	14.01	
150.0	41.0	15.0	15.0	16.23	15.95	8.46	11.48	17.22	14.54	9.12	7.19	11.46	10.2	11.79	
151.0	86.0	15.0	15.0	15.94	14.03	9.53	9.88	11.41	14.11	10.27	12.34	14.95	16.0	13.35	
152.0	55.0	6.0	6.0	17.49	8.08	9.33	11.76	10.49	10.02	9.29	16.46	11.35	6.58	10.21	
153.0	92.0	10.0	10.0	12.67	10.03	13.85	16.53	7.38	9.39	8.88	15.62	17.2	16.64	13.38	
154.0	65.0	11.0	11.0	13.71	7.98	7.66	7.85	9.47	7.17	17.41	12.74	14.94	15.63	7.85	
155.0	98.0	15.0	15.0	9.19	7.17	12.49	14.21	16.95	6.4	11.51	11.22	6.55	10.0	16.32	
156.0	82.0	6.0	6.0	10.18	9.87	12.32	12.74	11.96	6.45	8.39	16.26	12.57	10.02	7.45	
157.0	84.0	12.0	12.0	11.82	17.66	12.74	7.29	13.48	13.97	8.53	14.58	7.65	7.37	9.14	
158.0	87.0	5.0	5.0	17.68	6.62	12.75	12.11	7.86	11.34	15.33	15.54	17.24	7.43	13.92	
159.0	90.0	4.0	4.0	17.94	17.05	6.38	16.35	17.43	7.29	7.98	7.98	15.17	6.27	8.19	
160.0	51.0	2.0	2.0	17.31	16.25	8.81	8.67	6.36	17.36	12.56	8.66	14.25	17.51	13.24	
161.0	32.0	14.0	14.0	8.36	13.35	13.2	15.92	11.16	10.26	7.0	6.65	9.26	8.11	16.12	
162.0	94.0	13.0	13.0	6.53	7.7	17.51	6.78	12.37	14.22	16.99	7.97	8.41	11.82	10.04	
163.0	81.0	3.0	3.0	13.24	17.41	12.49	8.07	11.46	10.63	13.91	6.48	13.56	6.05	10.27	
164.0	32.0	14.0	14.0	13.45	16.9	16.59	9.5	6.92	9.56	9.93	15.86	9.04	17.18	9.69	
165.0	89.0	14.0	14.0	13.12	9.14	15.64	8.9	7.29	8.35	17.12	11.86	8.46	9.71	15.69	
166.0	92.0	10.0	10.0	10.57	16.07	8.36	13.49	7.39	15.23	16.78	13.2	17.91	13.97	14.11	
167.0	93.0	4.0	4.0	9.17	17.27	17.32	10.95	8.61	17.62	10.9	15.84	8.48	15.21	11.93	
168.0	96.0	15.0	15.0	10.68	13.76	13.57	13.32	12.37	14.24	9.92	10.05	16.27	15.47	17.96	
169.0	99.0	12.0	12.0	16.65	16.17	15.0	8.14	9.15	10.65	10.24	11.61	12.62	16.57	13.15	
170.0	51.0	2.0	2.0	16.83	16.17	13.31	8.84	6.52	15.81	16.23	7.41	10.52	10.21	16.81	
171.0	85.0	3.0	3.0	12.7	12.19	9.87	15.92	13.52	9.05	9.7	17.7	8.4	11.81	17.93	
172.0	89.0	14.0	14.0	15.69	10.61	12.28	17.38	10.19	15.15	17.02	16.02	13.51	13.76	6.88427731520755	
173.0	77.0	8.0	8.0	14.38	15.76	11.37	6.63	13.31	7.64	13.2	7.24	10.96	15.19	13.28	
174.0	94.0	13.0	13.0	14.2	14.48	7.19	9.75	15.07	13.61	9.09	9.05	17.73	14.1	9.15	
175.0	99.0	12.0	12.0	17.77	7.23	15.81	11.07	6.52	15.7	15.09	8.77	9.14	11.95	15.69	
176.0	100.0	14.0	14.0	13.85	13.7	8.88	11.81	11.01	7.33	11.61	9.35	9.78	9.96	10.12	
177.0	42.0	4.0	4.0	9.13	6.68	13.86	16.87	6.37	12.82	7.4	13.63	11.32	9.59	8.64	
178.0	66.0	12.0	12.0	12.56	11.53	10.32	12.39	17.68	12.79	11.79	8.29	14.65	6.78	7.6	
179.0	91.0	9.0	9.0	11.43	6.28	15.27	16.56	12.32	9.11	15.17	14.02	6.81	9.2	16.14	
180.0	92.0	10.0	10.0	8.1	12.69	9.1	14.53	16.13	7.31	17.83	12.41	12.2	9.39	8.03	
181.0	95.0	8.0	8.0	13.14	10.15	13.19	6.74	12.18	14.39	8.43	7.1	7.64	12.23	13.4	
182.0	61.0	12.0	12.0	11.39	11.7	14.87	13.31	15.41	10.05	12.26	16.06	13.3	11.94	8.47	
183.0	82.0	6.0	6.0	17.07	9.01	13.28	9.91	14.1	17.58	12.11	6.19	8.3	17.94	14.39	
184.0	85.0	3.0	3.0	16.81	16.36	17.28	7.5	16.46	15.72	11.71	12.63	16.68	8.97	13.747689146284944	
185.0	87.0	5.0	5.0	7.54	10.02	13.48	11.74	16.05	15.73	8.5	12.46	16.78	14.01	14.92	
186.0	92.0	10.0	10.0	16.97	7.34	6.1	16.58	10.55	6.82	7.24	6.93	11.62	14.81	10.2	
187.0	60.0	3.0	3.0	11.11	13.68	8.53	8.04	8.19	17.34	9.12	17.97	6.11	14.78	9.16	
188.0	98.0	15.0	15.0	13.5	14.15	15.54	17.1	15.51	6.03	7.6	7.76	13.18	16.14	16.54	
189.0	99.0	12.0	12.0	12.28	8.35	17.4	11.77	7.97	6.3	7.64	10.13	12.67	7.47	8.09	
190.0	83.0	5.0	5.0	12.23	15.09	10.81	16.6	14.3	16.29	7.15	13.2	13.02	14.44	8.0	
191.0	86.0	15.0	15.0	16.68	14.2	7.44	16.95	15.74	9.64	13.2	12.56	16.67	13.83	10.91	
192.0	90.0	4.0	4.0	15.12	10.36	12.95	6.66	16.54	16.0	14.91	16.73	10.56	10.21	8.52	
193.0	93.0	4.0	4.0	12.29	13.9	17.15	15.19	8.28	9.7	11.07	13.33	7.4	17.64	14.2	
194.0	94.0	13.0	13.0	12.16	11.5	12.39	14.82	13.39	17.99	17.39	6.95	8.0	13.49	10.6	
195.0	99.0	12.0	12.0	17.74	8.52	6.42	11.89	6.24	8.31	16.56	16.25	8.38	17.51	8.12	
196.0	55.0	6.0	6.0	16.26	14.0	9.75	12.68	13.1	15.06	11.3	13.18	16.82	7.32	15.26	
197.0	74.0	1.0	1.0	10.65	13.86	12.25	9.57	15.05	12.46	13.68	8.55	16.71	17.12	8.65	
198.0	86.0	15.0	15.0	12.21	13.9	10.16	16.27	17.38	11.22	7.21	9.2	17.04	15.57	6.17	
199.0	91.0	9.0	9.0	10.37	15.43	12.54	14.4	11.73	15.46	6.08	10.03	8.56	9.69	9.87	
200.0	93.0	4.0	4.0	6.7	12.03	16.57	16.35	7.27	6.8	15.8	8.42	8.88	13.86	12.0	
201.0	95.0	8.0	8.0	14.21	13.24	8.1	17.28	9.91	15.94	11.46	6.85	16.17	13.09	10.94	
202.0	71.0	11.0	11.0	11.25	7.55	8.1	8.64	13.92	7.22	13.11	11.1	14.54	16.38	17.45	
203.0	78.0	8.0	8.0	6.79	16.67	14.37	17.5	12.67	17.6	13.31	14.73	16.79	9.91	16.8036462700961	
204.0	75.0	8.0	8.0	12.0	8.64	7.73	16.09	11.02	13.55	9.11	14.62	13.06	6.59	15.83	
205.0	87.0	5.0	5.0	8.75	6.19	15.39	10.86	13.01	14.65	7.59	8.97	16.44	11.83	17.54	
206.0	90.0	4.0	4.0	13.38	12.53	16.16	9.04	12.72	6.3	15.01	10.2	6.46	8.8	7.45	
207.0	94.0	13.0	13.0	7.81	16.21	11.48	6.23	9.65	11.35	12.46	11.83	10.59	10.61	8.63	
208.0	97.0	9.0	9.0	17.68	16.71	6.21	14.51	17.85	7.5	15.5	16.09	16.37	16.38	2.455100863727692	
209.0	81.0	3.0	3.0	10.03	13.63	7.43	6.18	15.13	9.81	15.77	14.24	16.5	7.94	17.02	
210.0	82.0	6.0	6.0	12.44	14.14	15.93	14.58	7.2	9.03	16.33	11.05	9.21	8.99	16.78	
211.0	85.0	3.0	3.0	16.48	7.8	8.89	10.34	11.49	15.58	11.27	13.08	17.61	16.7	9.13	
212.0	88.0	4.0	4.0	13.0	10.22	9.64	11.74	12.01	10.19	7.28	7.33	9.29	14.36	10.93	
213.0	92.0	10.0	10.0	13.71	16.19	9.28	7.44	8.99	12.67	7.94	6.84	7.49	12.46	11.18	
214.0	94.0	13.0	13.0	13.94	8.02	9.29	6.79	10.57	8.34	16.04	14.79	12.67	12.52	7.09	
215.0	98.0	15.0	15.0	16.93	13.89	8.81	17.15	17.25	15.47	9.62	11.48	9.41	7.48	7.29	
216.0	82.0	6.0	6.0	17.11	12.0	12.4	12.62	7.11	15.28	10.98	7.13	9.55	17.22	6.18	
217.0	83.0	5.0	5.0	13.5	9.66	6.02	9.3	15.61	11.65	15.63	6.59	9.71	17.46	7.72	
218.0	86.0	15.0	15.0	15.44	7.84	13.41	17.73	10.77	15.39	8.43	10.88	15.99	12.52	6.29	
219.0	91.0	9.0	9.0	9.95	14.84	9.34	8.46	12.38	15.65	11.87	14.44	9.87	13.22	8.21	
220.0	93.0	4.0	4.0	16.04	11.54	6.93	10.69	16.66	13.04	10.87	6.53	14.2	9.84	15.69	
221.0	33.0	14.0	14.0	17.24	8.18	17.05	15.39	8.39	9.02	8.04	8.68	8.85	14.28	13.69	
222.0	100.0	14.0	14.0	7.05	6.31	9.98	12.31	12.12	8.41	8.77	7.51	16.72	10.51	17.0	
223.0	83.0	5.0	5.0	17.14	12.42	11.15	9.24	8.8	16.16	16.07	8.12	13.45	13.74	11.4	
224.0	84.0	12.0	12.0	13.41	6.66	6.83	10.53	6.44	11.66	14.22	10.08	14.2	17.59	17.14	
225.0	87.0	5.0	5.0	14.03	12.44	10.63	12.41	8.41	15.71	16.76	15.43	12.21	10.15	7.66	
226.0	64.0	4.0	4.0	15.14	15.38	17.0	7.54	13.18	11.04	13.02	15.82	16.36	17.5	5.983530769052808	
227.0	93.0	4.0	4.0	11.69	13.42	14.51	16.46	17.71	7.41	9.0	11.54	12.66	9.95	17.83	
228.0	97.0	9.0	9.0	17.84	12.18	8.12	17.75	6.58	13.65	13.76	8.69	10.74	16.13	9.12	
229.0	81.0	3.0	3.0	12.57	12.74	6.03	13.03	13.92	13.4	13.54	7.7	14.14	6.25	6.8	
230.0	82.0	6.0	6.0	16.31	10.69	15.12	14.23	12.61	10.71	12.98	16.58	13.59	16.84	8.43810372918695	
231.0	27.0	13.0	13.0	12.94	6.12	9.67	16.86	16.85	9.47	10.56	17.16	15.02	6.63	8.61	
232.0	89.0	14.0	14.0	12.66	11.26	17.89	13.0	8.12	6.39	17.4	14.37	10.46	11.32	11.64	
233.0	32.0	14.0	14.0	16.31	11.79	15.52	11.76	17.18	13.51	14.85	10.62	7.63	11.49	10.43	
234.0	95.0	8.0	8.0	15.61	18.0	9.6	8.43	15.9	11.88	11.97	14.95	8.01	12.67	15.76	
235.0	75.0	8.0	8.0	14.93	13.36	7.79	9.19	12.59	6.97	17.89	7.57	12.56	12.9	9.02	
236.0	82.0	6.0	6.0	12.5	12.64	15.88	14.58	10.14	17.16	8.25	10.22	9.43	13.98	9.32	
237.0	85.0	3.0	3.0	9.76	17.54	16.87	9.61	13.2	8.18	8.05	13.41	15.05	7.96	13.79	
238.0	86.0	15.0	15.0	13.08	15.1	7.75	9.4	11.59	9.92	7.14	17.38	8.96	12.59	6.92	
239.0	89.0	14.0	14.0	7.42	13.6	6.84	7.18	8.41	10.86	15.09	13.42	10.52	7.26	16.24	
240.0	92.0	10.0	10.0	6.95	9.09	9.85	13.88	10.6	16.3	12.84	9.28	12.71	14.65	15.58	
241.0	63.0	15.0	15.0	9.33	9.21	17.04	7.14	10.21	9.33	11.4	10.9	14.11	12.42	7.32	
242.0	49.0	12.0	12.0	13.53	13.96	9.83	7.83	11.69	17.49	7.72	15.69	8.83	9.84	17.07	
243.0	83.0	5.0	5.0	17.83	10.1	8.27	6.67	10.57	11.92	7.91	11.19	14.41	10.39	8.97	
244.0	84.0	12.0	12.0	7.42	10.91	14.24	17.08	10.16	6.53	7.76	7.47	17.26	13.12	9.04	
245.0	70.0	11.0	11.0	9.68	14.57	8.95	11.84	8.29	16.6	13.09	11.81	9.61	11.75	9.64	
246.0	91.0	9.0	9.0	12.8	13.05	17.59	10.45	16.93	15.21	8.95	7.7	9.71	12.83	11.44	
247.0	93.0	4.0	4.0	12.36	15.07	12.79	10.58	9.85	12.25	17.66	6.61	8.62	17.14	12.19	
248.0	97.0	9.0	9.0	7.51	17.73	13.35	15.65	17.17	15.49	10.7	7.02	16.13	16.93	17.67	
249.0	100.0	14.0	14.0	7.59	10.53	9.03	17.8	16.74	6.96	11.99	6.48	14.71	12.25	8.11	
250.0	83.0	5.0	5.0	9.37	6.16	10.35	8.47	12.98	12.65	9.12	6.86	17.54	8.74	7.1	
251.0	85.0	3.0	3.0	6.18	12.32	11.98	11.91	10.53	8.22	7.56	15.47	12.4	10.14	17.69	
252.0	90.0	4.0	4.0	8.12	17.01	16.74	17.95	9.65	8.41	14.01	7.06	12.83	8.65	7.09	
253.0	93.0	4.0	4.0	14.09	7.2	16.39	13.57	15.59	8.6	12.78	15.32	6.71	12.16	14.42	
254.0	53.0	12.0	12.0	10.26	10.31	17.79	8.72	10.66	11.71	12.06	6.51	16.33	15.0	17.77	
255.0	56.0	13.0	13.0	13.22	15.43	9.54	9.34	16.28	11.81	6.28	7.48	15.61	17.68	9.77	
256.0	100.0	14.0	14.0	8.0	12.59	15.06	11.98	6.39	15.88	17.08	7.07	17.09	7.11	17.94	
257.0	49.0	12.0	12.0	14.28	13.66	17.58	11.72	13.64	13.91	17.55	11.37	16.43	12.63	7.476789443091564	
258.0	86.0	15.0	15.0	7.45	7.33	12.38	12.48	15.25	13.44	15.76	7.39	14.01	7.54	10.52	
259.0	27.0	13.0	13.0	15.99	11.44	16.68	17.24	6.11	16.07	16.04	14.29	14.21	15.24	7.351021644363046	
260.0	94.0	13.0	13.0	11.48	9.12	14.23	8.54	7.55	17.39	16.13	8.37	14.91	11.62	17.11	
261.0	100.0	14.0	14.0	10.48	8.97	16.69	11.69	14.91	11.05	13.21	9.39	14.98	16.58	9.57	
262.0	98.0	15.0	15.0	8.73	14.25	14.13	9.01	16.93	8.09	10.95	11.0	14.6	15.54	17.86	
263.0	81.0	3.0	3.0	8.7	10.39	6.47	8.4	12.42	17.63	17.68	9.38	16.35	12.15	13.01	
264.0	85.0	3.0	3.0	17.17	13.96	14.18	7.54	7.5	7.96	10.3	14.7	8.99	14.13	13.44	
265.0	87.0	5.0	5.0	10.26	15.01	10.1	13.5	12.71	17.69	16.16	14.12	6.81	17.88	11.7	
266.0	92.0	10.0	10.0	17.61	6.26	13.6	12.11	10.3	15.41	11.95	17.22	6.57	8.48	16.3	
267.0	51.0	2.0	2.0	11.74	13.77	8.28	8.98	17.51	6.69	17.59	12.03	11.43	7.29	7.45	
268.0	96.0	15.0	15.0	10.06	7.7	11.46	6.29	8.2	8.76	17.56	7.89	16.45	13.77	14.24	
269.0	99.0	12.0	12.0	13.17	12.51	7.49	16.94	13.07	8.73	7.56	13.82	17.52	10.39	9.29	
270.0	82.0	6.0	6.0	6.17	7.07	8.76	10.69	14.3	11.3	9.0	11.07	13.25	6.95	9.02	
271.0	86.0	15.0	15.0	17.97	8.88	9.61	12.87	13.38	8.09	7.42	9.23	8.17	6.27	8.9	
272.0	73.0	13.0	13.0	16.52	13.44	10.32	6.91	11.96	10.43	12.43	9.94	7.55	9.25	12.94	
273.0	43.0	13.0	13.0	14.56	9.91	15.58	9.83	9.32	14.99	9.06	8.71	9.16	14.81	11.71	
274.0	49.0	12.0	12.0	15.89	17.3	10.93	11.37	16.18	14.47	16.41	6.96	14.98	16.51	7.615086798592697	
275.0	72.0	11.0	11.0	13.03	14.06	11.68	11.82	8.24	11.03	16.55	8.43	13.69	8.8	6.75	
276.0	100.0	14.0	14.0	10.22	14.57	14.45	15.81	17.75	6.5	9.65	15.25	14.85	16.49	8.19	
277.0	85.0	3.0	3.0	17.08	16.0	10.26	17.57	6.46	17.56	13.54	14.14	14.27	6.8	7.6	
278.0	86.0	15.0	15.0	8.64	9.72	7.59	9.13	6.11	13.66	11.76	8.81	6.27	8.23	6.64	
279.0	89.0	14.0	14.0	13.29	9.01	6.3	16.45	14.03	16.0	13.81	11.69	7.98	7.27	9.42	
280.0	29.0	2.0	2.0	16.73	8.63	11.93	11.72	15.26	7.31	7.02	15.87	12.06	11.1	14.32	
281.0	95.0	8.0	8.0	6.46	17.8	6.0	10.99	17.46	12.9	16.38	6.42	15.81	6.92	10.27	
282.0	99.0	12.0	12.0	6.49	6.29	10.6	6.99	14.55	17.5	11.83	8.92	15.46	6.88	9.97	
283.0	78.0	8.0	8.0	16.87	17.27	8.12	6.37	12.43	9.42	6.14	17.66	15.7	17.18	8.75	
284.0	79.0	7.0	7.0	7.61	16.83	12.56	6.14	9.48	15.68	11.91	8.06	17.11	16.95	11.48	
285.0	79.0	7.0	7.0	14.65	14.23	17.51	10.54	9.5	13.17	11.68	14.56	14.39	7.87	17.92	
286.0	92.0	10.0	10.0	16.75	9.85	12.72	16.92	13.29	14.88	6.92	16.28	8.6	8.7	14.41	
287.0	63.0	15.0	15.0	11.1	15.7	7.47	17.76	6.58	17.58	14.48	7.04	8.83	12.05	13.42	
288.0	78.0	8.0	8.0	8.07	15.77	13.4	10.96	11.44	11.59	15.35	9.58	16.94	7.3	8.7	
289.0	67.0	3.0	3.0	7.09	7.77	11.93	16.8	6.4	10.93	14.14	14.91	17.67	6.39	17.27	
290.0	62.0	7.0	7.0	16.84	13.75	6.22	17.42	9.52	6.56	17.66	10.86	11.12	18.0	11.84	
291.0	87.0	5.0	5.0	8.75	13.14	10.88	8.56	7.39	15.92	6.38	14.01	6.97	9.74	6.58	
292.0	75.0	8.0	8.0	13.0	11.62	14.73	7.49	13.18	6.35	17.75	7.66	15.6	7.39	6.07	
293.0	91.0	9.0	9.0	13.03	13.5	11.38	7.19	10.11	14.7	7.2	9.15	17.54	13.75	12.32	
294.0	95.0	8.0	8.0	17.35	8.67	13.32	11.56	8.79	11.99	12.58	16.28	13.62	6.2	13.45	
295.0	98.0	15.0	15.0	10.89	15.45	16.21	17.25	17.02	16.58	17.7	11.55	16.93	4.113459978575849	12.690898315746928	
296.0	82.0	6.0	6.0	16.92	10.23	16.35	10.53	9.25	6.22	15.66	17.14	15.13	15.1	7.12	
297.0	84.0	12.0	12.0	7.92	10.03	7.6	14.05	6.75	7.25	6.96	16.5	8.11	16.33	11.88	
298.0	73.0	13.0	13.0	15.04	10.85	8.5	6.05	8.17	6.26	10.84	15.94	6.52	16.77	12.26	
299.0	89.0	14.0	14.0	11.24	13.21	6.73	14.88	9.4	14.34	16.12	9.22	13.08	14.64	14.05	
300.0	94.0	13.0	13.0	13.05	14.8	11.19	13.8	11.94	12.77	10.11	8.7	14.06	14.49	13.71	
301.0	97.0	9.0	9.0	13.07	11.38	10.95	17.12	7.46	7.48	8.69	8.16	11.74	8.96	14.1	
302.0	99.0	12.0	12.0	6.37	11.1	14.07	12.28	8.07	17.35	15.34	8.53	14.09	13.69	10.41	
303.0	83.0	5.0	5.0	9.92	9.94	7.86	10.29	16.08	6.65	13.41	11.8	13.13	15.94	9.83	
304.0	84.0	12.0	12.0	7.23	12.38	6.24	8.84	16.31	15.12	8.6	13.96	16.28	12.45	11.17	
305.0	74.0	1.0	1.0	16.62	13.74	14.24	14.32	10.67	11.63	7.76	17.72	6.07	17.74	6.45	
306.0	90.0	4.0	4.0	12.49	17.2	17.24	14.01	11.28	13.32	13.3	11.82	9.6	10.53	10.63	
307.0	98.0	15.0	15.0	11.54	16.3	15.29	12.02	9.72	12.03	8.17	12.46	10.95	14.82	12.97	
308.0	60.0	3.0	3.0	15.43	11.85	8.23	12.32	9.37	16.14	10.47	7.7	17.12	15.84	13.81	
309.0	100.0	14.0	14.0	7.04	6.63	9.73	15.69	13.47	14.34	17.5	15.59	6.65	8.8	7.68	
310.0	59.0	9.0	9.0	6.34	8.11	14.43	11.25	7.72	9.34	14.22	7.3	9.68	6.4	17.68	
311.0	73.0	13.0	13.0	11.64	16.24	9.1	14.3	9.07	10.35	13.26	9.57	7.92	17.96	7.41	
312.0	71.0	11.0	11.0	14.21	14.03	6.3	16.04	7.76	9.77	8.32	9.27	15.52	9.63	14.6	
313.0	55.0	6.0	6.0	6.71	14.06	12.53	8.18	7.39	16.14	10.24	15.57	11.06	7.42	14.09	
314.0	96.0	15.0	15.0	14.21	9.41	6.81	7.52	9.04	11.75	6.16	9.68	12.24	11.79	6.28	
315.0	97.0	9.0	9.0	13.25	8.89	10.9	9.9	13.36	16.38	10.62	16.38	9.05	10.93	9.94	
316.0	82.0	6.0	6.0	17.57	11.08	15.93	7.03	14.63	16.24	11.27	13.19	9.66	6.35	11.31	
317.0	78.0	8.0	8.0	14.29	7.66	6.43	11.89	13.21	13.23	11.67	6.58	9.86	7.04	15.01	
318.0	88.0	4.0	4.0	9.8	12.68	9.44	16.47	9.05	16.94	17.87	10.71	8.94	6.02	15.88	
319.0	72.0	11.0	11.0	9.55	14.97	15.08	14.6	8.82	15.48	10.73	13.85	12.01	9.16	8.32	
320.0	53.0	12.0	12.0	11.04	12.75	9.81	12.11	13.18	8.47	8.82	7.27	7.79	10.35	6.63	
321.0	97.0	9.0	9.0	7.42	16.95	12.03	7.04	12.77	8.94	17.68	14.43	16.88	9.86	8.88	
322.0	73.0	13.0	13.0	6.96	13.4	6.73	6.87	9.95	16.23	12.41	13.05	15.26	10.52	12.41	
323.0	45.0	5.0	5.0	10.3	12.6	13.87	15.05	13.55	11.56	16.69	13.29	11.8	13.96	15.38	
324.0	84.0	12.0	12.0	17.48	12.32	17.79	8.59	14.96	8.46	9.44	13.86	11.06	7.41	7.17	
325.0	88.0	4.0	4.0	14.96	6.21	12.08	9.29	12.8	9.96	14.8	14.24	6.47	12.06	17.59	
326.0	81.0	3.0	3.0	10.21	7.81	16.89	13.14	13.54	12.47	7.75	7.38	10.24	13.4	14.39	
327.0	46.0	14.0	14.0	10.22	10.73	17.0	7.34	16.28	15.1	13.29	16.07	15.7	13.07	10.12	
328.0	58.0	11.0	11.0	13.16	10.96	17.37	12.29	10.2	16.15	13.16	9.56	9.59	17.61	8.41	
329.0	61.0	12.0	12.0	10.41	13.84	12.81	11.41	15.62	13.85	9.5	15.6	14.34	14.78	11.0	
330.0	82.0	6.0	6.0	12.64	13.19	13.38	8.12	8.15	10.9	14.24	8.35	6.32	16.39	13.41	
331.0	85.0	3.0	3.0	10.19	15.13	8.97	17.29	8.58	8.98	16.36	16.1	12.93	13.69	6.52	
332.0	89.0	14.0	14.0	12.23	12.25	16.36	15.26	6.78	13.05	7.3	12.9	8.46	10.84	9.51	
333.0	92.0	10.0	10.0	8.0	9.37	13.01	12.99	16.72	7.45	9.91	15.62	12.82	13.67	16.62	
334.0	68.0	5.0	5.0	13.69	9.39	15.14	17.1	9.36	7.87	11.26	13.56	13.74	13.88	17.07	
335.0	76.0	6.0	6.0	17.1	8.51	12.85	15.57	7.19	15.42	12.61	12.01	9.87	9.59	6.39	
336.0	100.0	14.0	14.0	6.21	6.17	13.86	7.03	8.11	15.58	8.44	11.6	9.02	15.57	12.9	
337.0	85.0	3.0	3.0	10.65	6.42	9.42	10.69	9.03	7.24	13.02	12.78	16.45	9.11	11.93	
338.0	49.0	12.0	12.0	11.5	13.75	16.26	6.85	6.74	11.13	11.37	14.73	14.48	10.56	13.65	
339.0	59.0	9.0	9.0	17.46	13.33	14.33	7.36	9.9	15.8	8.12	8.66	13.81	11.03	17.86	
340.0	93.0	4.0	4.0	8.87	14.82	10.29	14.68	11.71	6.1	17.59	16.1	9.27	11.72	10.31	
341.0	84.0	12.0	12.0	12.35	8.11	16.75	7.61	12.6	15.75	10.29	9.11	17.08	17.93	9.31	
342.0	98.0	15.0	15.0	11.03	16.03	10.12	15.11	15.35	10.25	17.52	14.04	15.29	16.44	16.650400016958233	
343.0	43.0	13.0	13.0	15.12	9.1	7.06	8.35	13.7	10.4	14.08	16.37	10.72	9.04	7.27	
344.0	85.0	3.0	3.0	8.18	7.75	9.3	14.87	10.5	11.48	13.63	16.1	9.93	12.93	11.65	
345.0	61.0	12.0	12.0	12.24	6.18	17.07	11.22	13.53	16.51	9.92	11.87	13.5	16.65	13.28	
346.0	91.0	9.0	9.0	10.64	12.7	15.25	17.12	12.3	16.31	17.83	8.04	7.81	8.67	6.19	
347.0	30.0	14.0	14.0	10.85	16.39	9.81	11.6	7.96	6.78	14.84	11.25	12.69	8.31	11.81	
348.0	97.0	9.0	9.0	16.46	14.57	15.15	8.37	16.98	15.06	16.44	8.42	6.25	14.51	16.85	
349.0	45.0	5.0	5.0	17.56	16.66	13.86	12.65	13.78	13.69	15.0	7.33	13.12	7.03	11.96	
350.0	83.0	5.0	5.0	14.53	9.82	16.15	7.6	9.5	6.29	12.24	10.85	11.44	10.91	16.9	
351.0	92.0	10.0	10.0	6.02	6.87	14.52	12.36	9.89	6.99	17.56	6.51	7.9	8.67	16.76	
352.0	42.0	4.0	4.0	15.62	6.82	16.44	17.72	11.5	12.39	9.8	13.58	14.7	9.4	17.52	
353.0	64.0	4.0	4.0	16.17	17.24	14.79	8.34	13.75	7.41	15.99	10.61	15.73	8.33	12.98	
354.0	77.0	8.0	8.0	16.02	12.94	17.43	10.95	13.24	15.27	8.05	8.55	8.95	11.08	11.2	
355.0	99.0	12.0	12.0	12.96	8.04	11.31	6.8	15.05	11.67	17.76	7.19	6.83	13.67	11.22	
356.0	100.0	14.0	14.0	15.94	12.84	12.99	13.83	9.3	12.78	17.7	10.01	10.11	8.33	12.71	
357.0	85.0	3.0	3.0	10.52	13.51	12.99	12.53	16.26	16.82	10.59	16.85	9.94	10.06	6.57	
358.0	87.0	5.0	5.0	9.85	9.4	17.88	12.21	17.39	9.59	11.65	9.6	15.84	16.71	9.47	
359.0	54.0	10.0	10.0	16.4	9.53	7.45	11.78	11.17	7.69	13.67	16.82	14.63	12.73	13.48	
360.0	63.0	15.0	15.0	10.04	9.15	13.05	12.63	7.1	10.0	6.41	6.4	13.43	11.69	16.07	
361.0	79.0	7.0	7.0	13.71	9.18	11.43	8.5	13.46	7.74	8.28	8.36	8.8	17.98	7.77	
362.0	45.0	5.0	5.0	9.01	10.43	9.98	15.45	14.1	13.21	9.98	11.57	11.99	12.34	9.4	
363.0	42.0	4.0	4.0	13.24	16.02	14.86	8.82	11.42	8.54	14.27	11.03	8.41	13.17	10.46	
364.0	86.0	15.0	15.0	13.54	16.26	6.95	15.48	9.45	11.48	12.59	14.33	8.72	11.63	16.06	
365.0	65.0	11.0	11.0	8.88	17.2	9.19	15.89	15.41	15.19	17.75	6.97	15.46	12.46	6.8	
366.0	91.0	9.0	9.0	13.85	6.97	16.82	11.69	6.66	17.62	16.56	8.28	17.7	12.49	12.7	
367.0	95.0	8.0	8.0	13.7	7.72	11.01	12.46	16.27	12.82	8.09	15.91	14.66	12.61	11.92	
368.0	96.0	15.0	15.0	13.66	16.87	11.46	15.1	16.91	11.45	12.73	11.49	11.21	9.62	8.04	
369.0	66.0	12.0	12.0	15.01	11.88	17.97	10.6	10.03	8.41	15.21	9.94	14.07	13.34	9.91	
370.0	80.0	3.0	3.0	11.92	17.88	15.2	17.75	15.29	9.68	15.06	7.51	15.24	17.18	2.154723115742086	
371.0	71.0	11.0	11.0	10.36	17.36	10.01	9.58	11.02	11.6	9.11	17.71	13.4	7.1	15.66	
372.0	55.0	6.0	6.0	13.18	17.89	16.03	14.63	11.73	7.17	7.43	9.8	15.57	17.7	14.56	
373.0	91.0	9.0	9.0	15.48	10.15	16.67	6.44	12.22	8.13	10.78	17.16	10.18	11.36	10.97	
374.0	94.0	13.0	13.0	17.28	11.82	11.89	11.12	15.81	7.28	10.82	16.25	17.78	9.19	11.61	
375.0	69.0	12.0	12.0	8.39	16.24	11.61	13.04	7.27	7.79	13.28	12.1	15.52	12.35	16.89	
376.0	81.0	3.0	3.0	11.33	7.83	17.05	7.53	7.21	7.03	12.35	16.46	10.21	10.08	17.8	
377.0	84.0	12.0	12.0	16.7	14.78	14.86	14.5	15.08	11.43	8.5	13.52	9.03	6.51	9.99	
378.0	65.0	11.0	11.0	17.34	13.29	13.76	16.25	13.04	16.37	17.14	6.94	13.7	8.19	16.84	
379.0	43.0	13.0	13.0	7.94	17.36	16.36	7.41	7.76	15.92	10.01	8.36	7.87	11.66	10.08	
380.0	80.0	3.0	3.0	9.64	17.02	12.86	6.57	8.54	17.11	15.07	12.86	9.22	6.03	14.62	
381.0	95.0	8.0	8.0	14.17	16.36	13.81	8.05	16.28	15.47	9.97	12.96	13.59	16.15	10.49	
382.0	100.0	14.0	14.0	8.4	11.21	9.16	10.2	13.82	11.27	7.68	10.94	7.19	13.14	8.78	
383.0	81.0	3.0	3.0	9.75	9.74	17.24	7.55	7.06	11.39	17.21	11.9	7.54	7.24	15.74	
384.0	86.0	15.0	15.0	17.79	15.96	11.43	13.57	14.15	6.45	15.36	14.9	13.72	10.67	6.73	
385.0	89.0	14.0	14.0	17.87	15.07	12.64	9.3	16.8	12.17	15.76	17.86	10.44	7.31	8.04	
386.0	90.0	4.0	4.0	7.82	10.79	13.89	8.16	12.77	8.98	13.68	6.26	11.54	9.41	13.91	
387.0	93.0	4.0	4.0	17.53	9.22	11.5	13.7	8.08	13.5	9.7	7.39	6.07	14.22	17.43	
388.0	96.0	15.0	15.0	11.37	6.13	14.74	13.02	17.68	6.91	9.78	9.77	17.31	14.6	10.15	
389.0	81.0	3.0	3.0	16.44	8.57	14.33	10.02	10.69	10.81	14.27	17.63	13.03	6.39	12.1	
390.0	82.0	6.0	6.0	6.19	12.69	9.96	10.96	11.75	15.62	9.94	14.86	15.73	17.04	6.71	
391.0	47.0	15.0	15.0	15.47	9.32	16.41	12.1	11.6	7.97	8.08	8.78	17.9	16.57	9.35	
392.0	90.0	4.0	4.0	7.45	6.34	12.71	17.95	11.33	14.64	9.03	14.34	10.93	15.65	8.59	
393.0	91.0	9.0	9.0	16.67	13.15	11.53	8.4	8.21	15.44	6.39	16.0	6.89	12.34	13.56	
394.0	94.0	13.0	13.0	17.21	17.28	9.59	9.54	16.1	15.89	11.05	12.65	8.93	12.24	17.77	
395.0	60.0	3.0	3.0	14.03	13.88	9.83	11.3	12.19	7.58	6.59	14.49	7.74	16.85	8.36	
396.0	71.0	11.0	11.0	8.95	12.08	6.52	13.27	16.03	15.18	15.9	13.89	17.51	11.83	9.3	
397.0	47.0	15.0	15.0	7.95	12.02	16.67	13.84	14.13	11.27	7.1	11.97	16.44	9.88	13.34	
398.0	88.0	4.0	4.0	11.98	12.97	13.04	12.12	11.95	17.41	10.76	6.49	7.9	6.58	7.19	
399.0	91.0	9.0	9.0	13.13	7.22	11.87	13.33	12.03	9.89	6.82	11.49	16.88	13.49	13.15	
400.0	94.0	13.0	13.0	16.55	8.04	6.1	11.1	17.43	11.57	8.88	11.73	7.8	16.97	14.18	
401.0	66.0	12.0	12.0	13.37	13.51	14.65	13.56	11.96	16.68	17.83	6.53	12.19	14.04	7.87	
402.0	99.0	12.0	12.0	10.05	10.59	9.21	7.42	9.97	15.69	14.68	12.59	7.3	10.66	7.86	
403.0	83.0	5.0	5.0	14.49	6.57	13.19	7.53	11.71	15.91	8.33	10.95	8.88	9.16	13.39	
404.0	84.0	12.0	12.0	16.38	11.01	16.11	13.51	7.93	10.5	10.16	7.62	7.2	6.29	7.78	
405.0	88.0	4.0	4.0	17.24	13.09	7.54	9.39	14.44	6.46	8.71	15.0	14.25	6.78	6.09	
406.0	91.0	9.0	9.0	7.1	7.64	14.77	14.57	13.25	11.59	13.87	15.31	17.93	15.96	7.43	
407.0	95.0	8.0	8.0	10.84	17.46	13.4	13.22	12.44	15.3	16.15	17.13	15.6	13.2	8.885924639900452	
408.0	75.0	8.0	8.0	10.79	17.69	14.28	11.15	17.78	11.95	6.07	11.17	15.64	11.68	17.92	
409.0	100.0	14.0	14.0	9.07	8.89	13.47	17.71	11.05	16.5	9.14	15.59	14.12	11.34	16.17	
410.0	83.0	5.0	5.0	14.06	16.19	11.06	10.39	13.63	9.72	15.37	15.49	9.13	6.6	6.42	
411.0	27.0	13.0	13.0	12.02	14.67	10.89	6.91	7.15	15.76	17.76	8.11	9.27	10.69	13.46	
412.0	52.0	4.0	4.0	7.99	17.56	15.44	10.14	8.93	6.48	16.55	6.51	13.87	8.73	17.96	
413.0	92.0	10.0	10.0	14.91	8.75	15.02	9.89	12.05	17.26	15.06	15.31	15.46	8.25	9.28	
414.0	94.0	13.0	13.0	13.46	7.71	14.41	6.52	16.68	8.3	14.93	11.8	16.16	6.54	6.92	
415.0	97.0	9.0	9.0	17.7	16.72	7.19	17.65	9.14	15.88	15.37	12.87	15.59	17.72	17.313494374108355	
416.0	82.0	6.0	6.0	12.14	17.76	17.63	10.15	6.98	6.1	13.59	17.12	10.7	8.46	6.86	
417.0	85.0	3.0	3.0	16.95	8.97	6.7	17.13	11.85	14.24	17.49	17.43	9.64	12.03	9.16	
418.0	87.0	5.0	5.0	12.52	7.37	8.0	12.15	13.23	13.94	6.9	9.82	10.62	12.88	13.21	
419.0	89.0	14.0	14.0	11.64	17.12	17.85	16.79	14.24	17.53	10.87	15.08	12.14	6.81	5.982739194042905	
420.0	74.0	1.0	1.0	10.1	15.82	6.04	7.07	13.08	10.77	6.42	12.8	10.75	9.88	10.86	
421.0	64.0	4.0	4.0	15.39	13.38	16.79	9.27	6.94	7.95	12.8	13.42	14.3	14.96	14.37	
422.0	65.0	11.0	11.0	13.31	10.42	8.94	6.58	6.82	10.94	10.28	10.79	17.83	13.98	6.47	
423.0	81.0	3.0	3.0	12.49	17.43	12.77	6.74	17.96	17.31	8.12	6.64	17.95	9.45	6.96	
424.0	84.0	12.0	12.0	13.52	11.84	16.24	6.12	12.11	17.63	9.46	13.66	7.79	16.5	15.3	
425.0	88.0	4.0	4.0	11.49	12.47	14.19	6.64	14.03	10.6	13.56	16.53	8.77	14.63	6.77	
426.0	62.0	7.0	7.0	10.39	16.86	15.01	16.82	8.21	15.08	16.93	11.23	17.82	17.58	5.354009843198925	
427.0	74.0	1.0	1.0	7.43	8.65	7.38	6.72	15.17	14.13	17.94	8.34	12.07	13.18	9.4	
428.0	35.0	10.0	10.0	12.61	16.54	10.87	13.16	7.45	6.35	12.14	14.02	15.44	6.18	11.67	
429.0	74.0	1.0	1.0	9.95	15.89	13.68	15.26	15.51	17.03	15.6	12.65	6.12	12.26	14.97	
430.0	84.0	12.0	12.0	14.79	13.69	17.4	13.46	6.73	15.04	6.09	17.31	7.17	14.41	11.22	
431.0	85.0	3.0	3.0	10.74	6.91	13.77	9.26	15.49	17.08	14.87	10.11	14.59	14.52	6.97	
432.0	89.0	14.0	14.0	6.59	14.81	9.68	14.96	6.41	10.34	7.0	8.87	12.75	14.57	7.85	
433.0	91.0	9.0	9.0	14.35	17.18	11.89	7.87	14.6	16.3	16.09	14.87	9.07	8.52	15.57	
434.0	96.0	15.0	15.0	12.57	7.77	10.23	14.08	16.51	6.3	11.66	7.57	14.26	13.41	12.67	
435.0	98.0	15.0	15.0	9.1	9.86	10.31	16.53	7.12	15.52	13.61	11.83	15.26	14.74	6.08	
436.0	90.0	4.0	4.0	11.18	6.1	10.18	12.14	8.28	12.13	16.67	6.42	7.57	9.36	7.55	
437.0	85.0	3.0	3.0	13.11	6.93	15.82	17.28	16.72	12.01	15.9	8.21	13.25	9.44	14.9	
438.0	37.0	5.0	5.0	15.49	9.79	6.31	12.48	15.02	10.56	10.62	17.43	15.28	12.0	17.37	
439.0	91.0	9.0	9.0	10.07	6.82	9.25	6.89	8.56	9.05	7.96	15.05	14.3	16.93	10.01	
440.0	64.0	4.0	4.0	7.97	12.24	15.71	14.66	13.27	13.93	10.51	9.04	6.89	6.06	9.63	
441.0	64.0	4.0	4.0	8.32	11.16	8.45	12.87	6.59	11.6	7.13	14.19	11.43	6.85	14.26	
442.0	100.0	14.0	14.0	6.72	16.49	11.23	17.31	11.73	11.76	10.65	15.59	11.62	7.55	11.88	
443.0	25.0	12.0	12.0	14.57	6.75	16.3	14.67	17.58	11.81	11.16	11.61	10.46	7.43	15.03	
444.0	69.0	12.0	12.0	6.92	15.51	9.92	9.4	7.61	12.19	13.84	8.02	14.34	14.91	10.53	
445.0	88.0	4.0	4.0	13.64	12.05	8.3	8.74	12.03	12.85	15.71	7.55	7.79	14.92	10.03	
446.0	68.0	5.0	5.0	12.2	16.14	14.5	10.68	12.73	8.04	15.39	9.67	17.48	10.78	14.1	
447.0	95.0	8.0	8.0	8.17	14.06	15.6	17.56	11.39	14.96	6.21	12.09	6.68	14.93	16.04	
448.0	51.0	2.0	2.0	7.0	11.28	16.87	10.5	13.71	7.92	12.9	6.25	10.49	17.36	17.22	
449.0	64.0	4.0	4.0	12.43	15.74	11.76	13.64	17.48	7.94	13.82	15.43	10.15	6.7	8.82	
450.0	77.0	8.0	8.0	15.63	12.65	8.23	7.67	9.14	15.3	9.52	11.16	17.23	8.29	7.86	
451.0	56.0	13.0	13.0	6.47	8.93	12.0	7.96	9.56	13.86	14.93	11.71	7.42	17.92	7.61	
452.0	90.0	4.0	4.0	8.93	11.17	16.9	9.63	14.07	10.83	17.36	14.11	10.47	10.78	14.34	
453.0	92.0	10.0	10.0	16.88	10.73	7.37	14.3	10.86	11.82	9.59	16.95	15.16	15.72	10.29	
454.0	57.0	14.0	14.0	9.25	16.22	15.68	7.65	6.91	16.43	9.71	10.45	12.88	6.2	6.58	
455.0	99.0	12.0	12.0	15.96	14.38	10.96	13.42	17.77	10.01	12.8	15.76	16.63	10.59	0.4150936718923357	
456.0	75.0	8.0	8.0	6.36	8.95	17.92	13.64	16.38	17.03	9.84	13.9	16.2	6.08	13.95	
457.0	83.0	5.0	5.0	13.97	10.25	11.29	16.75	7.23	7.01	10.94	12.64	15.96	16.52	10.3	
458.0	86.0	15.0	15.0	9.31	8.43	11.7	7.14	15.7	8.89	8.36	15.15	7.56	10.72	12.06	
459.0	80.0	3.0	3.0	12.3	13.36	14.07	8.44	9.71	14.56	13.42	15.34	12.13	12.01	11.56	
460.0	68.0	5.0	5.0	9.65	16.72	6.55	10.37	12.59	7.3	6.32	9.47	17.55	16.61	15.26	
461.0	32.0	14.0	14.0	14.42	10.54	7.69	15.69	12.97	12.17	11.29	15.02	6.39	10.32	13.58	
462.0	100.0	14.0	14.0	6.54	9.81	14.55	7.97	10.53	13.17	10.79	15.13	7.2	14.07	9.48	
463.0	82.0	6.0	6.0	8.33	13.04	7.6	13.22	10.11	9.93	13.97	13.68	14.61	8.26	12.61	
464.0	85.0	3.0	3.0	14.97	6.69	6.46	13.35	12.82	12.78	15.83	13.76	12.86	13.22	12.78	
465.0	74.0	1.0	1.0	10.21	7.98	14.89	11.98	12.81	12.27	11.54	10.33	17.91	17.4	15.17	
466.0	92.0	10.0	10.0	13.62	17.16	8.99	9.34	16.09	15.49	13.05	9.03	17.48	8.31	8.06	
467.0	93.0	4.0	4.0	7.18	15.34	16.0	13.82	16.88	14.87	12.78	14.22	14.26	16.75	1.7524978930999557	
468.0	97.0	9.0	9.0	11.35	16.37	6.4	14.95	11.9	16.92	9.19	12.11	13.14	14.36	12.23	
469.0	99.0	12.0	12.0	17.48	8.75	6.27	16.75	10.58	13.8	6.25	12.81	6.09	13.06	13.37	
470.0	83.0	5.0	5.0	7.39	6.8	14.47	6.41	16.31	17.83	13.79	14.1	6.72	11.18	7.93	
471.0	86.0	15.0	15.0	11.98	16.07	13.84	14.12	8.61	15.99	15.19	9.98	15.99	6.12	12.94	
472.0	46.0	14.0	14.0	7.54	12.93	17.49	12.56	8.47	17.98	13.57	10.42	8.63	13.47	11.47	
473.0	91.0	9.0	9.0	13.81	7.95	7.87	17.26	14.94	16.7	13.57	6.05	10.53	13.9	12.44	
474.0	94.0	13.0	13.0	7.17	14.15	14.38	15.48	9.51	17.77	7.69	11.41	11.47	6.62	6.9	
475.0	94.0	13.0	13.0	8.72	11.41	10.28	12.07	13.82	14.55	7.69	14.48	8.3	13.81	14.38	
476.0	100.0	14.0	14.0	8.17	15.54	14.26	8.23	6.04	8.74	17.8	11.87	8.93	8.84	12.11	
477.0	84.0	12.0	12.0	14.15	10.69	10.29	11.98	17.48	15.38	13.65	12.68	16.85	15.12	5.41257308781881	
478.0	46.0	14.0	14.0	12.35	11.95	13.77	12.52	9.34	6.27	7.09	6.74	14.12	10.47	11.55	
479.0	78.0	8.0	8.0	9.5	15.58	12.5	6.89	17.23	15.36	7.41	15.53	12.59	7.07	6.89	
480.0	93.0	4.0	4.0	10.57	7.33	17.92	6.09	12.73	17.98	6.51	17.59	15.41	17.02	10.89	
481.0	33.0	14.0	14.0	11.01	7.76	12.82	7.09	10.84	17.76	17.46	10.71	9.91	17.31	17.75	
482.0	61.0	12.0	12.0	16.94	10.67	12.93	12.29	13.88	12.06	7.16	16.11	17.95	7.52	11.03	
483.0	81.0	3.0	3.0	6.5	17.76	8.91	11.39	7.26	12.21	13.21	16.85	12.43	9.97	10.3	
484.0	51.0	2.0	2.0	14.75	12.52	9.73	16.62	13.56	9.11	15.07	7.91	8.32	16.41	11.42	
485.0	53.0	12.0	12.0	13.74	9.7	10.17	8.58	10.6	6.7	9.63	11.0	6.46	11.68	15.95	
486.0	63.0	15.0	15.0	12.36	10.83	8.59	14.94	9.83	7.11	12.88	11.18	17.17	10.32	7.17	
487.0	94.0	13.0	13.0	15.19	14.03	15.32	8.39	9.76	10.39	11.86	16.97	10.5	7.31	7.94	
488.0	76.0	6.0	6.0	17.67	15.63	10.23	16.13	11.97	13.49	16.06	7.3	6.83	8.93	16.54	
489.0	78.0	8.0	8.0	15.98	13.65	6.72	8.06	12.12	8.7	8.76	12.03	14.77	13.26	10.67	
490.0	78.0	8.0	8.0	7.25	11.8	13.35	7.14	13.36	14.44	16.11	13.01	9.27	17.4	7.72	
491.0	87.0	5.0	5.0	16.81	6.66	8.5	9.95	11.81	11.81	12.82	8.43	6.32	7.29	9.21	
492.0	78.0	8.0	8.0	15.36	14.15	14.73	7.51	11.48	12.55	6.92	12.73	6.79	15.4	8.7	
493.0	68.0	5.0	5.0	13.67	11.78	13.9	11.55	14.21	12.99	13.88	14.34	14.87	16.63	11.08	
494.0	65.0	11.0	11.0	14.96	7.21	16.63	16.17	12.12	8.88	16.82	17.85	9.5	11.24	10.33	
495.0	76.0	6.0	6.0	11.92	10.85	6.5	15.27	16.62	8.61	17.12	16.66	16.17	15.15	16.74	
496.0	61.0	12.0	12.0	13.71	9.83	11.48	7.57	11.84	17.1	10.23	12.12	11.61	11.18	14.94	
497.0	83.0	5.0	5.0	6.14	15.72	13.37	12.77	11.84	15.31	17.61	6.08	12.27	9.07	11.33	
498.0	87.0	5.0	5.0	6.86	10.68	7.89	9.79	7.94	12.68	8.17	17.34	15.03	9.2	16.0	
499.0	91.0	9.0	9.0	10.53	11.4	12.28	12.17	11.95	6.3	7.41	6.32	10.04	7.74	16.59	
500.0	92.0	10.0	10.0	12.51	16.68	13.86	7.31	14.9	7.78	14.78	8.02	16.78	15.27	15.65	
501.0	63.0	15.0	15.0	12.22	13.31	6.69	7.35	13.21	16.94	11.6	15.24	14.55	6.79	12.72	
502.0	100.0	14.0	14.0	6.03	16.92	10.28	10.93	15.54	12.0	7.78	6.73	6.31	12.27	12.68	
503.0	48.0	13.0	13.0	10.59	13.13	7.36	17.16	13.17	10.91	11.67	14.4	14.73	8.41	9.77	
504.0	84.0	12.0	12.0	11.37	9.54	10.08	9.1	13.66	17.37	8.75	7.77	10.46	13.3	13.2	
505.0	89.0	14.0	14.0	17.83	11.82	17.08	7.66	7.73	17.45	17.43	14.45	16.32	9.24	14.84	
506.0	91.0	9.0	9.0	8.79	17.31	10.61	12.26	8.2	7.55	7.68	11.16	6.68	8.49	9.71	
507.0	93.0	4.0	4.0	10.82	7.24	12.98	8.05	17.84	8.45	11.37	12.29	8.6	17.83	17.22	
508.0	96.0	15.0	15.0	13.67	8.51	17.22	9.26	15.45	6.34	10.04	9.54	13.01	10.31	6.57	
509.0	100.0	14.0	14.0	15.63	12.19	13.84	6.58	17.79	14.8	11.8	15.08	10.77	14.0	15.03	
510.0	82.0	6.0	6.0	12.62	11.71	15.4	12.45	14.86	9.03	15.44	15.47	8.4	7.1	13.48	
511.0	85.0	3.0	3.0	15.92	14.47	8.43	7.72	9.59	16.02	9.65	16.01	11.15	10.04	12.27	
512.0	44.0	3.0	3.0	13.27	14.58	15.76	14.03	15.15	8.56	10.68	16.72	6.91	17.96	13.6	
513.0	92.0	10.0	10.0	6.5	6.06	10.54	15.86	9.03	10.39	12.35	6.79	16.45	14.81	7.72	
514.0	57.0	14.0	14.0	6.46	8.21	12.48	7.31	11.86	10.2	14.68	10.37	7.6	15.54	6.19	
515.0	70.0	11.0	11.0	6.39	9.44	11.2	11.0	14.59	7.64	11.3	11.13	12.19	12.61	14.38	
516.0	81.0	3.0	3.0	13.56	13.83	16.84	10.35	7.06	17.16	10.55	9.43	15.36	9.72	12.84	
517.0	85.0	3.0	3.0	9.73	9.12	8.5	6.74	8.06	14.35	13.01	15.8	14.65	14.41	9.0	
518.0	87.0	5.0	5.0	15.12	8.69	6.31	11.72	9.69	6.52	17.46	14.64	12.64	9.6	12.76	
519.0	59.0	9.0	9.0	17.87	6.97	17.02	14.12	15.37	12.18	16.41	8.82	8.58	12.76	16.57	
520.0	92.0	10.0	10.0	7.23	11.6	10.26	9.42	11.4	15.7	12.4	12.96	12.87	6.89	6.73	
521.0	71.0	11.0	11.0	10.91	7.48	12.32	16.98	6.25	17.63	13.85	7.04	8.23	13.65	8.6	
522.0	64.0	4.0	4.0	8.44	13.71	10.41	17.22	9.5	10.47	7.58	10.73	9.49	15.52	15.41	
523.0	66.0	12.0	12.0	14.91	10.41	6.13	10.57	12.4	11.17	16.5	8.15	16.03	12.58	8.59	
524.0	85.0	3.0	3.0	9.91	17.35	10.77	8.57	17.16	6.7	17.92	15.62	6.29	7.16	10.77	
525.0	88.0	4.0	4.0	12.82	15.38	9.21	9.65	16.39	11.2	9.84	9.93	10.9	13.08	6.32	
526.0	79.0	7.0	7.0	9.28	7.18	12.23	17.59	8.12	11.9	12.84	11.91	14.01	16.62	17.6	
527.0	97.0	9.0	9.0	7.89	11.81	13.87	12.48	15.22	10.47	15.34	12.16	17.17	14.91	9.94	
528.0	74.0	1.0	1.0	9.69	12.6	7.68	12.49	13.03	9.89	17.25	7.9	14.92	15.46	13.59	
529.0	81.0	3.0	3.0	8.97	17.32	13.99	15.6	6.79	16.07	12.11	13.84	9.47	8.77	16.12	
530.0	82.0	6.0	6.0	7.9	17.88	9.87	15.17	14.38	12.31	6.21	12.22	6.64	10.66	17.02	
531.0	86.0	15.0	15.0	9.87	8.99	15.97	11.11	9.03	11.62	14.22	15.08	16.34	12.96	7.5	
532.0	90.0	4.0	4.0	16.98	13.06	6.14	13.47	15.67	10.19	14.25	6.13	14.45	12.07	11.54	
533.0	93.0	4.0	4.0	17.82	6.62	16.36	6.96	10.51	14.18	9.75	11.48	8.62	6.04	7.4	
534.0	44.0	3.0	3.0	7.6	9.13	17.79	7.31	13.64	14.17	6.12	6.35	11.62	13.56	10.64	
535.0	99.0	12.0	12.0	7.16	13.79	7.3	14.14	15.69	9.7	11.31	9.24	10.45	16.86	10.5	
536.0	32.0	14.0	14.0	8.61	10.28	11.79	16.78	11.61	12.38	7.48	14.29	8.68	6.01	16.75	
537.0	83.0	5.0	5.0	11.98	13.66	13.25	8.34	9.98	17.73	16.72	9.92	6.1	10.69	15.92	
538.0	70.0	11.0	11.0	7.88	12.69	13.82	7.9	11.5	16.57	13.78	10.51	14.98	9.53	13.01	
539.0	26.0	1.0	1.0	6.75	7.77	8.96	8.85	13.77	6.28	17.24	14.24	16.04	14.61	16.38	
540.0	90.0	4.0	4.0	13.0	12.59	6.64	16.35	6.16	9.19	11.49	13.8	10.66	12.26	6.64	
541.0	96.0	15.0	15.0	7.54	17.21	10.04	16.33	11.98	15.65	8.73	7.11	17.86	11.4	8.13	
542.0	67.0	3.0	3.0	14.07	10.18	7.02	8.48	15.21	13.2	12.81	11.6	10.9	12.16	13.11	
543.0	62.0	7.0	7.0	9.0	12.15	6.27	17.5	8.86	13.75	17.64	13.43	13.13	10.09	13.5	
544.0	73.0	13.0	13.0	12.02	15.04	14.53	11.58	16.33	15.01	9.4	8.9	10.87	12.29	10.44	
545.0	87.0	5.0	5.0	13.12	6.44	13.07	11.62	17.33	10.94	11.49	14.46	16.07	17.78	8.44	
546.0	45.0	5.0	5.0	8.81	6.17	10.58	14.26	6.57	12.24	14.33	9.64	7.58	10.2	8.68	
547.0	95.0	8.0	8.0	16.59	12.99	10.29	11.84	16.56	9.27	13.64	12.44	11.87	7.33	8.12	
548.0	98.0	15.0	15.0	17.37	16.2	15.42	12.53	15.4	7.06	10.97	9.94	7.53	12.22	6.75	
549.0	99.0	12.0	12.0	12.45	6.87	14.59	8.45	6.92	15.23	9.52	10.27	10.7	6.55	17.95	
550.0	84.0	12.0	12.0	12.16	10.73	12.17	7.81	14.12	10.74	9.91	6.1	6.12	7.6	7.08	
551.0	86.0	15.0	15.0	15.63	6.14	11.64	6.13	14.63	13.33	14.53	14.43	16.08	10.04	11.49	
552.0	70.0	11.0	11.0	10.29	15.49	7.9	13.38	15.12	10.69	6.52	9.44	16.85	16.78	6.38	
553.0	92.0	10.0	10.0	17.21	11.63	11.53	6.15	12.83	12.62	6.08	7.44	10.79	16.78	7.44	
554.0	96.0	15.0	15.0	16.68	7.58	11.07	9.18	8.03	16.64	6.58	8.86	9.24	12.94	16.96	
555.0	97.0	9.0	9.0	16.24	8.72	8.53	9.39	11.97	13.54	17.78	13.88	17.53	7.34	8.01	
556.0	100.0	14.0	14.0	8.85	7.77	14.99	10.34	17.33	17.69	16.39	9.26	16.28	8.5	7.86	
557.0	85.0	3.0	3.0	15.83	13.45	14.96	7.83	12.66	8.16	17.88	8.03	8.6	11.95	9.84	
558.0	59.0	9.0	9.0	14.78	8.52	15.8	11.55	6.5	15.59	6.37	6.93	12.74	12.37	8.42	
559.0	90.0	4.0	4.0	8.97	13.52	16.95	15.48	16.7	16.32	10.98	7.31	16.38	12.95	12.73	
560.0	94.0	13.0	13.0	7.76	16.75	11.78	11.47	11.47	8.39	6.13	16.32	12.03	6.85	6.23	
561.0	78.0	8.0	8.0	17.64	9.34	15.37	16.37	14.26	6.07	6.65	15.88	6.94	15.98	17.26	
562.0	100.0	14.0	14.0	10.87	7.26	16.32	8.28	15.7	13.69	6.68	6.77	10.52	10.76	16.27	
563.0	81.0	3.0	3.0	7.34	15.06	9.88	7.81	7.59	8.78	17.41	13.02	13.16	13.35	13.87	
564.0	85.0	3.0	3.0	14.61	8.3	7.31	9.26	7.95	10.38	12.95	14.39	15.25	8.72	13.9	
565.0	88.0	4.0	4.0	6.46	13.35	12.08	12.78	17.94	13.37	12.75	11.5	8.43	9.22	6.19	
566.0	67.0	3.0	3.0	14.03	10.24	6.14	15.27	6.55	12.9	8.48	7.94	11.43	13.13	15.79	
567.0	93.0	4.0	4.0	15.31	9.3	15.79	10.49	14.32	11.75	17.44	14.89	9.67	17.76	17.73	
568.0	44.0	3.0	3.0	11.17	10.17	11.31	15.6	8.5	12.05	8.94	9.62	14.6	9.03	10.34	
569.0	99.0	12.0	12.0	11.24	12.58	9.15	13.5	13.1	13.37	14.87	11.28	17.62	9.62	13.16	
570.0	63.0	15.0	15.0	9.37	11.69	8.33	11.19	15.05	8.36	12.1	11.0	13.66	14.43	13.46	
571.0	44.0	3.0	3.0	12.94	17.49	6.99	12.14	9.87	10.37	6.53	14.69	15.32	16.97	15.35	
572.0	70.0	11.0	11.0	10.32	14.08	8.68	11.37	8.35	8.78	14.73	12.24	13.99	7.51	11.15	
573.0	91.0	9.0	9.0	14.88	9.55	10.24	15.71	6.13	7.29	15.41	8.37	12.16	13.38	8.46	
574.0	96.0	15.0	15.0	10.54	8.65	12.83	10.78	7.31	11.7	17.95	12.71	15.82	9.09	10.74	
575.0	31.0	8.0	8.0	13.02	7.27	8.19	9.78	11.54	14.76	11.46	13.87	6.23	6.6	17.38	
576.0	81.0	3.0	3.0	8.83	6.52	12.75	12.41	13.73	14.51	11.05	9.99	14.78	16.6	7.44	
577.0	63.0	15.0	15.0	9.57	13.43	10.88	7.34	7.64	12.88	13.73	7.78	17.2	17.98	11.22	
578.0	27.0	13.0	13.0	12.86	12.11	6.28	10.05	10.75	12.44	10.11	6.5	6.81	6.34	15.93	
579.0	89.0	14.0	14.0	8.38	12.22	10.94	8.17	13.85	9.23	14.72	15.48	10.41	17.98	13.75	
580.0	51.0	2.0	2.0	6.39	15.52	15.13	11.56	15.47	9.2	11.61	6.62	14.69	10.31	7.05	
581.0	46.0	14.0	14.0	11.48	17.51	17.44	12.38	11.83	11.02	10.47	13.17	14.51	13.84	7.89	
582.0	98.0	15.0	15.0	14.71	9.84	14.98	7.38	13.09	15.52	15.75	6.08	12.19	16.42	10.41	
583.0	48.0	13.0	13.0	11.01	7.59	11.68	7.04	10.63	16.36	6.04	11.36	15.84	8.09	13.7	
584.0	77.0	8.0	8.0	15.89	16.3	8.29	6.33	10.88	16.66	17.93	14.65	7.05	17.75	16.74	
585.0	87.0	5.0	5.0	16.66	14.12	7.32	9.15	13.19	11.67	7.82	8.6	7.92	10.58	9.52	
586.0	89.0	14.0	14.0	16.43	9.75	17.92	7.78	8.51	6.99	13.39	17.7	14.63	10.12	17.15	
587.0	43.0	13.0	13.0	11.44	10.63	12.51	11.95	13.95	16.26	16.75	9.98	17.33	10.37	11.99	
588.0	79.0	7.0	7.0	10.7	11.4	11.4	8.18	15.47	15.09	11.06	9.55	6.57	14.75	15.79	
589.0	81.0	3.0	3.0	8.77	7.47	8.93	13.96	15.46	12.1	8.35	13.98	14.86	9.59	11.66	
590.0	82.0	6.0	6.0	15.44	17.56	13.54	17.58	6.08	7.41	11.55	16.77	11.76	12.94	6.6	
591.0	80.0	3.0	3.0	15.07	11.94	13.13	10.32	13.95	12.02	6.55	11.13	7.47	16.65	6.98	
592.0	26.0	1.0	1.0	6.44	14.26	8.4	13.58	15.19	8.62	11.2	17.69	6.91	9.91	15.24	
593.0	38.0	5.0	5.0	14.84	14.3	7.87	6.77	10.0	7.38	6.11	12.77	7.88	12.81	12.64	
594.0	95.0	8.0	8.0	8.25	10.27	12.41	7.88	6.2	7.95	11.01	11.56	12.95	10.34	12.96	
595.0	97.0	9.0	9.0	13.59	8.82	14.5	16.57	17.72	13.8	9.41	15.38	8.34	17.25	13.02	
596.0	80.0	3.0	3.0	10.96	6.95	10.84	13.13	7.68	8.26	13.72	8.61	15.4	14.39	8.02	
597.0	83.0	5.0	5.0	16.78	15.58	11.46	14.88	7.99	16.95	17.29	14.46	15.62	6.96	16.41	
598.0	87.0	5.0	5.0	16.64	16.38	10.02	13.39	7.56	16.64	12.35	11.64	12.72	17.11	9.7	
599.0	89.0	14.0	14.0	9.06	16.04	10.11	13.68	17.36	6.86	11.04	13.39	14.31	8.86	15.76	
600.0	77.0	8.0	8.0	15.86	13.86	6.05	10.95	15.57	16.27	8.48	6.84	16.18	9.88	11.22	
601.0	70.0	11.0	11.0	10.03	10.71	15.5	6.64	12.7	11.27	7.65	9.78	14.95	12.96	15.32	
602.0	77.0	8.0	8.0	16.57	11.31	14.32	16.16	7.12	14.6	9.49	16.14	13.68	14.08	7.48	
603.0	64.0	4.0	4.0	10.26	13.28	15.49	12.34	13.95	6.77	12.15	6.53	9.79	13.57	6.3	
604.0	85.0	3.0	3.0	9.8	13.53	12.66	13.33	17.75	9.04	17.22	16.76	12.72	16.58	9.670191340844273	
605.0	87.0	5.0	5.0	16.79	12.07	15.83	10.88	9.84	15.82	7.42	16.39	7.7	17.48	12.52	
606.0	91.0	9.0	9.0	15.5	14.8	15.18	14.35	17.71	6.36	9.6	12.45	12.45	14.51	15.65	
607.0	95.0	8.0	8.0	16.18	12.55	8.96	6.06	6.82	13.88	9.06	8.38	7.55	12.2	16.45	
608.0	97.0	9.0	9.0	11.83	13.21	15.63	15.0	7.96	11.9	9.75	16.87	8.37	7.33	16.71	
609.0	66.0	12.0	12.0	12.84	8.36	17.4	11.18	16.86	14.98	9.12	12.67	8.45	8.09	6.97	
610.0	55.0	6.0	6.0	12.03	15.27	10.58	11.02	10.92	6.63	17.63	13.01	10.33	11.31	7.58	
611.0	87.0	5.0	5.0	13.73	15.05	16.71	15.96	11.93	13.19	9.14	9.53	16.18	8.17	9.65	
612.0	65.0	11.0	11.0	14.03	6.12	11.23	10.42	8.99	13.46	17.95	13.54	8.42	9.93	8.12	
613.0	92.0	10.0	10.0	10.98	12.28	14.81	11.66	8.07	9.22	12.79	10.39	13.49	17.03	6.81	
614.0	80.0	3.0	3.0	11.15	13.43	6.26	13.46	6.19	11.39	13.55	9.02	7.8	12.72	12.01	
615.0	70.0	11.0	11.0	14.81	9.48	12.88	10.33	10.35	7.91	10.54	17.17	7.42	8.92	11.65	
616.0	70.0	11.0	11.0	8.11	15.2	14.84	13.08	6.06	11.74	12.5	7.77	8.02	9.17	16.36	
617.0	73.0	13.0	13.0	12.7	9.59	7.25	8.97	13.91	17.81	10.62	12.73	10.09	12.95	16.98	
618.0	88.0	4.0	4.0	10.92	11.23	6.32	11.28	17.06	17.55	14.65	11.91	11.59	13.43	7.91	
619.0	52.0	4.0	4.0	14.89	17.19	15.38	13.61	14.87	16.67	16.14	7.05	12.72	7.46	8.45	
620.0	75.0	8.0	8.0	11.43	14.37	16.4	10.33	12.7	11.76	15.07	11.78	8.37	14.14	9.42	
621.0	81.0	3.0	3.0	11.57	7.56	11.5	14.82	15.63	12.0	9.71	9.57	9.09	13.75	7.84	
622.0	99.0	12.0	12.0	17.52	7.49	9.07	10.38	15.37	7.86	15.05	7.54	17.66	17.71	8.6	
623.0	81.0	3.0	3.0	10.85	7.38	7.75	16.0	17.6	17.64	7.71	7.83	8.66	7.75	6.33	
624.0	86.0	15.0	15.0	10.86	9.61	15.16	15.67	14.38	9.56	14.8	11.23	10.36	13.55	12.09	
625.0	89.0	14.0	14.0	9.57	7.84	15.97	16.39	17.74	12.35	13.35	9.44	12.43	6.42	17.77	
626.0	65.0	11.0	11.0	9.79	13.21	11.41	8.34	16.59	6.06	11.37	13.81	12.15	8.5	9.58	
627.0	94.0	13.0	13.0	13.11	11.38	16.76	13.09	14.93	6.13	16.46	13.54	12.54	16.04	9.7	
628.0	63.0	15.0	15.0	15.07	16.0	17.97	6.11	16.46	10.92	7.47	6.85	16.99	12.23	16.39	
629.0	79.0	7.0	7.0	15.68	17.05	7.86	13.64	11.74	17.99	17.64	6.27	7.36	16.58	16.15	
630.0	67.0	3.0	3.0	6.14	7.37	9.62	15.91	16.97	9.12	8.66	7.19	13.76	13.06	14.72	
631.0	55.0	6.0	6.0	10.45	8.3	10.66	11.41	7.46	14.15	17.12	7.39	13.85	17.88	12.84	
632.0	93.0	4.0	4.0	16.05	9.64	10.2	6.75	8.77	6.55	17.45	16.84	16.55	6.13	9.76	
633.0	92.0	10.0	10.0	16.67	15.39	6.11	16.45	6.19	9.97	8.79	15.4	9.81	13.85	11.38	
634.0	94.0	13.0	13.0	9.03	13.4	6.56	9.28	15.29	13.37	6.99	6.11	12.61	10.11	10.21	
635.0	77.0	8.0	8.0	17.89	16.69	10.13	9.26	9.04	16.84	13.03	13.12	17.57	16.96	15.13574172155525	
636.0	100.0	14.0	14.0	15.49	15.99	6.5	6.13	16.66	6.73	11.13	15.48	16.12	14.9	11.22	
637.0	42.0	4.0	4.0	12.45	6.29	14.96	13.82	13.98	9.91	16.55	8.79	7.7	9.17	12.73	
638.0	86.0	15.0	15.0	12.78	9.43	10.6	14.57	12.13	14.69	12.45	13.19	13.53	9.33	12.54	
639.0	91.0	9.0	9.0	13.02	13.56	11.19	10.71	11.67	17.44	17.87	6.85	12.87	14.92	10.05	
640.0	92.0	10.0	10.0	9.45	16.71	7.42	10.08	13.3	17.12	17.24	8.73	15.01	15.36	6.74	
641.0	78.0	8.0	8.0	11.02	9.68	10.63	6.59	16.55	13.04	13.96	9.38	7.75	9.51	13.44	
642.0	98.0	15.0	15.0	13.93	12.41	9.73	6.91	17.14	11.26	15.82	17.12	7.02	11.93	17.38	
643.0	66.0	12.0	12.0	9.72	7.55	11.91	17.27	16.81	16.3	16.86	15.22	10.86	8.39	11.93	
644.0	85.0	3.0	3.0	12.68	7.38	14.78	10.45	7.33	15.81	12.81	8.0	9.83	13.13	7.38	
645.0	89.0	14.0	14.0	10.21	9.07	16.6	10.26	11.56	7.48	16.1	11.6	9.85	8.55	11.11	
646.0	90.0	4.0	4.0	13.35	9.31	9.19	17.31	7.81	6.53	8.09	16.81	10.62	10.66	16.66	
647.0	75.0	8.0	8.0	10.22	16.87	11.79	9.67	9.73	12.18	13.24	10.4	6.93	7.92	6.94	
648.0	52.0	4.0	4.0	8.46	11.15	12.1	9.99	17.07	8.78	16.22	6.63	17.26	13.54	6.24	
649.0	67.0	3.0	3.0	16.51	6.66	10.0	11.5	6.27	14.22	16.22	14.46	16.6	15.49	16.11	
650.0	47.0	15.0	15.0	9.99	13.3	15.14	13.8	9.07	12.46	11.87	6.27	16.09	15.01	7.5	
651.0	86.0	15.0	15.0	14.2	6.22	9.07	8.35	8.71	8.15	13.69	15.36	12.71	15.71	13.5	
652.0	48.0	13.0	13.0	6.13	14.67	15.25	9.28	6.6	13.89	17.47	10.42	11.75	6.78	10.58	
653.0	93.0	4.0	4.0	9.89	9.05	14.71	14.08	13.84	12.61	14.25	12.97	8.01	16.0	8.28	
654.0	95.0	8.0	8.0	8.37	14.52	12.15	7.99	9.95	8.5	7.88	16.6	8.02	11.47	16.95	
655.0	99.0	12.0	12.0	10.55	8.62	14.11	9.95	10.48	9.94	11.57	6.93	8.62	16.35	6.69	
656.0	100.0	14.0	14.0	9.28	15.27	13.97	9.77	9.45	6.95	17.14	7.24	16.22	7.0	10.12	
657.0	83.0	5.0	5.0	7.36	14.48	14.43	9.81	9.6	16.22	8.38	6.11	6.09	17.17	9.79	
658.0	87.0	5.0	5.0	7.53	17.2	15.36	7.38	13.89	9.41	7.9	7.62	11.84	6.24	11.42	
659.0	89.0	14.0	14.0	17.14	9.8	6.8	16.89	9.24	11.79	11.72	7.59	15.32	12.07	12.67	
660.0	94.0	13.0	13.0	16.23	14.79	16.09	16.94	11.91	16.92	17.76	10.15	14.73	6.77	1.270828899217571	
661.0	95.0	8.0	8.0	8.33	10.13	13.96	10.78	13.33	15.22	6.62	6.45	16.99	14.9	8.65	
662.0	35.0	10.0	10.0	7.59	12.47	11.1	8.24	16.02	9.08	12.7	7.44	8.37	6.07	13.77	
663.0	82.0	6.0	6.0	15.89	15.94	9.71	15.9	16.01	8.17	17.33	10.87	14.62	6.23	16.12	
664.0	84.0	12.0	12.0	10.07	8.0	6.33	9.75	12.87	8.0	16.07	16.06	13.93	8.72	13.94	
665.0	79.0	7.0	7.0	13.32	8.19	9.07	8.37	6.42	14.89	14.81	15.13	10.18	8.01	7.37	
666.0	91.0	9.0	9.0	17.34	12.71	13.38	15.61	14.32	12.51	9.51	8.3	9.04	13.36	13.57	
667.0	94.0	13.0	13.0	7.8	15.28	15.44	15.92	16.56	9.56	6.12	15.72	8.15	10.17	9.98	
668.0	75.0	8.0	8.0	6.85	10.3	17.32	10.63	11.67	9.24	9.16	13.95	15.55	14.11	14.07	
669.0	57.0	14.0	14.0	7.22	13.77	13.04	11.28	11.79	10.37	13.61	15.35	14.83	11.65	10.26	
670.0	69.0	12.0	12.0	17.58	6.19	7.69	12.19	9.26	8.35	11.28	12.92	7.7	16.57	13.46	
671.0	80.0	3.0	3.0	7.3	6.39	13.07	8.41	7.37	11.76	17.8	12.68	13.81	9.24	7.63	
672.0	100.0	14.0	14.0	10.5	15.98	7.36	16.51	14.23	16.81	7.49	12.96	14.19	7.1	14.85	
673.0	92.0	10.0	10.0	17.74	17.23	17.73	12.67	16.67	9.73	8.99	17.63	12.41	16.72	9.510932067750433	
674.0	79.0	7.0	7.0	11.17	8.85	11.32	10.14	17.35	8.29	13.07	12.52	13.32	9.06	13.12	
675.0	98.0	15.0	15.0	11.33	7.42	6.71	13.99	14.36	14.46	12.25	16.63	10.15	16.23	10.78	
676.0	100.0	14.0	14.0	8.33	17.71	15.25	17.2	13.52	12.59	6.24	17.49	17.92	7.07	14.93	
677.0	84.0	12.0	12.0	15.38	12.58	17.17	10.4	11.08	15.62	9.06	11.85	7.25	10.62	11.81	
678.0	88.0	4.0	4.0	12.97	8.01	13.14	13.45	7.92	6.21	11.78	13.52	16.53	6.94	13.61	
679.0	49.0	12.0	12.0	6.34	16.43	10.22	17.93	13.47	17.6	12.4	8.87	6.68	8.81	16.77	
680.0	93.0	4.0	4.0	10.04	7.32	6.25	9.82	13.33	11.12	8.79	11.76	17.16	12.91	10.64	
681.0	35.0	10.0	10.0	10.71	13.88	16.77	17.85	17.85	15.85	12.55	9.42	6.06	12.49	11.25	
682.0	65.0	11.0	11.0	7.59	12.07	7.39	6.05	8.11	13.75	16.41	7.21	13.68	16.46	7.02	
683.0	65.0	11.0	11.0	14.53	8.21	15.55	14.86	10.12	12.54	12.47	15.96	12.09	13.11	16.01	
684.0	77.0	8.0	8.0	9.37	12.0	15.81	7.88	9.86	8.24	14.7	7.2	6.34	13.48	17.45	
685.0	57.0	14.0	14.0	17.21	8.41	8.36	12.33	13.23	17.07	14.05	13.19	9.58	12.8	13.79	
686.0	64.0	4.0	4.0	6.22	6.49	14.73	16.66	10.03	17.94	16.38	10.35	10.38	15.22	11.42	
687.0	69.0	12.0	12.0	10.27	14.33	11.7	6.5	8.17	16.33	13.36	17.26	9.88	14.2	8.97	
688.0	72.0	11.0	11.0	13.11	17.11	15.56	7.4	17.47	11.74	13.96	10.52	9.97	7.91	10.09	
689.0	75.0	8.0	8.0	15.78	7.54	9.5	17.96	6.61	15.67	10.27	14.34	16.37	11.97	10.59	
690.0	78.0	8.0	8.0	9.82	9.66	14.37	13.61	16.61	10.75	9.46	16.67	10.66	8.97	6.47	
691.0	80.0	3.0	3.0	14.13	8.71	9.65	13.84	8.64	11.2	8.27	15.15	6.09	7.96	11.49	
692.0	63.0	15.0	15.0	12.08	8.12	16.25	10.97	17.75	14.43	8.19	9.36	7.92	10.39	12.34	
693.0	58.0	11.0	11.0	7.77	12.26	6.79	14.17	7.41	6.07	7.83	11.39	9.83	13.54	9.53	
694.0	70.0	11.0	11.0	12.38	7.6	16.11	9.9	9.93	10.06	14.16	9.23	10.28	14.36	12.12	
695.0	72.0	11.0	11.0	7.92	6.49	10.67	10.14	13.33	15.38	14.82	6.21	14.21	16.96	10.84	
696.0	74.0	1.0	1.0	10.53	13.36	12.67	15.97	11.29	6.29	13.81	16.03	8.62	9.96	11.92	
697.0	79.0	7.0	7.0	7.69	15.48	8.07	15.87	16.91	7.23	6.86	14.85	7.66	10.75	15.16	
698.0	80.0	3.0	3.0	16.82	17.54	9.03	15.02	11.31	15.77	16.92	8.99	9.26	15.05	6.79	
699.0	65.0	11.0	11.0	11.84	8.01	13.52	15.59	17.66	6.36	12.43	9.23	14.81	14.41	6.96	
700.0	68.0	5.0	5.0	16.4	7.95	13.81	10.2	17.15	6.46	7.33	6.46	14.34	17.88	13.59	
701.0	71.0	11.0	11.0	7.95	7.25	9.27	15.97	16.29	6.93	8.01	14.71	13.47	6.49	17.87	
702.0	74.0	1.0	1.0	6.81	14.66	8.13	7.41	15.74	14.42	17.67	14.35	10.46	7.01	9.93	
703.0	75.0	8.0	8.0	16.52	13.33	8.53	10.84	10.62	12.33	12.47	10.84	8.38	13.65	11.09	
704.0	80.0	3.0	3.0	9.81	14.06	15.87	10.61	15.32	9.66	14.67	16.6	13.81	17.45	8.29	
705.0	62.0	7.0	7.0	9.75	8.6	15.2	14.72	16.69	7.07	17.65	10.86	11.62	9.76	10.95	
706.0	66.0	12.0	12.0	16.56	6.78	12.02	10.49	16.23	7.08	15.12	7.52	14.08	15.68	17.27	
707.0	82.0	6.0	6.0	8.54	13.92	8.85	14.44	15.69	10.27	9.39	12.16	12.01	8.45	6.36	
708.0	82.0	6.0	6.0	17.36	11.67	14.2	15.5	14.65	7.39	10.3	16.11	16.0	8.69	9.25	
709.0	73.0	13.0	13.0	14.29	10.89	12.42	12.0	17.76	7.07	7.57	6.67	13.02	10.45	15.72	
710.0	78.0	8.0	8.0	10.29	17.61	9.49	6.14	7.44	13.78	6.72	13.24	11.52	12.87	11.26	
711.0	44.0	3.0	3.0	8.65	10.73	7.87	11.18	17.89	17.58	10.38	15.98	6.18	10.39	7.18	
712.0	46.0	14.0	14.0	13.81	10.46	17.4	13.0	7.61	8.0	11.76	14.16	7.33	16.5	15.73	
713.0	66.0	12.0	12.0	10.01	12.52	8.23	14.2	11.52	16.11	16.21	8.56	13.56	13.45	6.42	
714.0	69.0	12.0	12.0	6.07	9.09	14.65	7.54	17.14	13.6	15.77	10.19	14.55	11.6	11.32	
715.0	58.0	11.0	11.0	17.06	11.39	13.64	13.55	11.84	8.83	16.55	10.28	12.87	17.62	6.04	
716.0	75.0	8.0	8.0	6.66	17.38	14.59	9.01	10.1	6.35	9.27	7.35	10.8	14.66	8.87	
717.0	67.0	3.0	3.0	17.2	15.39	11.31	13.04	11.75	11.83	10.33	8.33	6.55	15.66	8.88	
718.0	62.0	7.0	7.0	6.91	10.78	11.07	14.67	14.37	8.62	17.6	8.43	11.95	7.02	13.79	
719.0	64.0	4.0	4.0	10.99	15.73	11.9	12.22	17.86	8.68	10.74	6.54	12.89	6.12	11.49	
720.0	67.0	3.0	3.0	12.82	13.84	13.65	6.56	7.69	12.65	7.34	7.48	12.39	6.73	9.35	
721.0	69.0	12.0	12.0	16.98	12.21	10.06	15.6	14.49	13.12	13.24	12.73	7.39	17.02	12.51	
722.0	73.0	13.0	13.0	14.39	7.24	8.79	6.37	7.99	10.35	9.03	6.53	6.6	8.01	16.96	
723.0	75.0	8.0	8.0	13.8	11.15	17.53	11.37	11.15	14.2	17.18	9.66	8.94	12.61	10.47	
724.0	53.0	12.0	12.0	13.85	7.6	8.74	9.84	8.58	13.53	15.49	17.04	17.12	12.25	12.19	
725.0	30.0	14.0	14.0	10.29	13.75	6.31	12.75	13.07	17.97	14.03	6.71	16.13	17.53	15.05	
726.0	80.0	3.0	3.0	11.55	8.24	14.73	6.01	14.72	9.06	10.7	14.89	11.79	9.87	8.33	
727.0	67.0	3.0	3.0	14.97	7.07	8.83	17.34	13.83	10.63	8.26	13.97	6.91	14.4	8.53	
728.0	55.0	6.0	6.0	14.13	8.44	12.36	16.25	16.9	13.4	6.71	9.65	15.07	12.82	14.87	
729.0	73.0	13.0	13.0	9.32	12.14	9.68	17.93	12.97	17.09	9.64	7.87	7.06	13.91	6.27	
730.0	35.0	10.0	10.0	11.8	14.36	7.77	14.51	16.41	10.18	6.82	10.32	12.85	9.95	12.4	
731.0	80.0	3.0	3.0	11.46	14.79	16.51	14.0	14.42	9.57	17.71	10.02	17.88	6.38	7.29	
732.0	64.0	4.0	4.0	13.52	15.88	6.57	9.01	8.89	11.99	9.64	14.4	11.46	11.92	15.29	
733.0	66.0	12.0	12.0	11.7	16.74	9.53	9.9	8.68	15.9	16.19	12.95	15.61	8.05	9.08	
734.0	70.0	11.0	11.0	8.27	13.74	9.51	9.16	16.55	14.36	9.0	12.98	6.21	9.31	10.84	
735.0	71.0	11.0	11.0	11.43	12.52	16.45	11.61	12.61	17.14	9.22	17.08	15.12	10.31	16.4	
736.0	74.0	1.0	1.0	11.53	11.34	11.43	17.5	13.92	13.48	12.57	8.13	9.37	9.33	6.74	
737.0	78.0	8.0	8.0	15.26	10.32	15.09	14.35	16.08	16.81	15.44	6.55	15.77	16.75	9.896572709038974	
738.0	61.0	12.0	12.0	17.57	8.35	8.99	9.48	9.23	11.78	7.11	7.83	7.03	11.58	8.11	
739.0	64.0	4.0	4.0	12.79	17.58	14.39	12.74	16.74	17.91	9.52	14.58	10.66	15.22	10.160322083805491	
740.0	29.0	2.0	2.0	10.16	10.3	6.17	14.5	9.17	6.28	7.71	10.22	8.46	17.25	12.73	
741.0	70.0	11.0	11.0	7.06	16.21	15.4	14.3	15.21	9.03	15.24	14.04	13.56	16.85	16.97	
742.0	59.0	9.0	9.0	13.74	10.25	15.09	9.99	9.29	9.49	6.89	7.3	7.05	8.95	15.71	
743.0	75.0	8.0	8.0	11.73	10.5	8.54	9.66	13.99	13.28	14.95	13.07	9.37	6.19	16.46	
744.0	80.0	3.0	3.0	16.19	7.22	17.03	11.33	7.89	9.8	6.23	16.43	11.99	6.39	14.6	
745.0	60.0	3.0	3.0	8.8	9.04	15.75	16.7	11.1	10.85	11.98	16.15	6.02	13.71	6.55	
746.0	85.0	3.0	3.0	17.75	16.12	17.83	15.41	16.48	10.05	9.82	11.23	9.46	10.99	10.82	
747.0	68.0	5.0	5.0	13.58	8.42	10.58	6.06	10.72	10.03	13.94	16.66	11.03	12.88	9.46	
748.0	70.0	11.0	11.0	16.3	11.03	11.77	8.73	17.69	9.5	13.07	9.55	13.61	13.72	14.5	
749.0	100.0	14.0	14.0	9.04	15.7	15.86	11.41	14.74	16.62	10.88	13.52	14.84	6.65	17.02	
750.0	76.0	6.0	6.0	14.94	8.98	17.84	17.7	9.02	7.04	12.62	9.04	13.9	12.31	8.65	
751.0	80.0	3.0	3.0	8.25	10.94	14.57	16.34	13.02	17.51	14.04	9.64	12.33	9.01	6.7	
752.0	62.0	7.0	7.0	6.28	12.38	15.36	17.26	16.32	7.27	15.78	12.71	12.68	9.36	13.47	
753.0	31.0	8.0	8.0	10.09	15.26	16.53	15.56	11.44	15.1	16.71	7.5	9.36	9.37	14.92	
754.0	96.0	15.0	15.0	7.13	8.71	11.73	13.32	8.22	9.93	17.62	10.36	7.93	8.18	8.41	
755.0	53.0	12.0	12.0	10.09	15.13	15.5	7.59	10.43	7.12	15.55	10.8	9.2	12.18	9.38	
756.0	30.0	14.0	14.0	15.22	13.81	6.1	7.53	17.21	6.02	16.1	13.55	8.66	14.04	6.99	
757.0	96.0	15.0	15.0	10.08	9.24	6.87	17.39	14.96	8.15	6.27	7.0	11.28	9.56	11.58	
758.0	61.0	12.0	12.0	18.0	16.68	14.8	16.45	16.77	17.85	7.7	7.63	14.84	7.83	13.047108518765398	
759.0	63.0	15.0	15.0	11.55	7.26	7.4	14.48	16.77	6.01	13.05	8.32	15.17	12.21	10.94	
760.0	67.0	3.0	3.0	15.07	15.4	16.0	9.16	11.47	8.74	10.78	6.02	11.09	15.05	14.36	
761.0	70.0	11.0	11.0	16.63	16.18	10.74	8.79	16.0	16.32	14.28	6.96	16.77	17.44	11.168134380863954	
762.0	52.0	4.0	4.0	9.01	15.39	8.27	14.84	9.44	8.86	14.16	14.93	10.77	8.74	9.14	
763.0	77.0	8.0	8.0	8.96	7.52	8.4	14.04	17.21	7.27	15.37	16.83	15.16	15.64	10.26	
764.0	78.0	8.0	8.0	17.88	13.86	13.51	9.73	16.82	9.23	11.19	13.56	14.87	7.16	12.24	
765.0	61.0	12.0	12.0	14.52	6.05	10.51	17.8	8.12	15.99	7.69	15.87	12.35	9.84	12.88	
766.0	91.0	9.0	9.0	14.18	7.88	8.25	11.41	16.79	8.91	11.73	11.2	11.17	11.75	8.05	
767.0	68.0	5.0	5.0	14.03	12.38	9.54	15.52	17.79	10.51	7.28	13.75	7.68	14.47	12.85	
768.0	71.0	11.0	11.0	12.44	13.81	13.8	14.26	14.02	8.24	11.41	9.31	15.19	11.21	11.29	
769.0	74.0	1.0	1.0	11.85	13.29	15.1	12.63	9.03	16.81	14.57	7.58	16.93	9.93	6.99	
770.0	77.0	8.0	8.0	12.07	10.46	12.68	10.68	9.09	16.43	16.33	13.54	9.82	8.46	10.67	
771.0	61.0	12.0	12.0	11.87	6.53	7.81	17.15	7.59	11.57	9.89	10.21	16.01	10.3	8.33	
772.0	98.0	15.0	15.0	7.94	13.29	11.21	12.39	6.3	14.71	15.55	11.51	17.84	15.55	11.19	
773.0	67.0	3.0	3.0	17.84	13.75	15.02	16.94	16.04	13.26	16.5	16.37	14.92	0.40241485004957034	11.083418299447029	
774.0	38.0	5.0	5.0	10.28	7.66	11.83	7.09	16.12	11.92	6.54	10.28	10.69	9.42	12.29	
775.0	73.0	13.0	13.0	9.49	9.13	7.74	11.3	12.03	11.21	14.42	8.73	17.11	13.96	7.85	
776.0	74.0	1.0	1.0	12.71	8.1	6.4	13.42	7.14	11.68	6.93	14.57	13.43	9.29	17.46	
777.0	59.0	9.0	9.0	10.65	10.97	15.42	7.95	9.77	11.13	6.84	17.69	8.8	16.3	16.48	
778.0	62.0	7.0	7.0	11.92	17.26	7.68	15.58	11.51	7.19	15.88	10.55	12.72	17.42	6.03	
779.0	81.0	3.0	3.0	15.95	17.08	6.66	9.82	13.67	6.37	14.76	7.73	9.16	17.05	16.81	
780.0	68.0	5.0	5.0	16.76	11.51	10.96	8.11	10.86	16.88	17.93	13.92	16.18	12.49	13.48	
781.0	69.0	12.0	12.0	7.93	10.14	16.25	10.82	11.9	8.75	10.38	13.15	10.06	9.07	10.88	
782.0	48.0	13.0	13.0	12.86	11.05	15.07	14.12	16.88	12.11	8.76	10.5	13.39	11.3	14.88	
783.0	75.0	8.0	8.0	9.66	8.17	17.51	6.48	15.78	10.62	10.07	6.96	12.14	12.06	16.81	
784.0	79.0	7.0	7.0	14.22	13.97	6.74	13.32	11.32	7.99	17.58	12.51	8.75	16.57	7.08	
785.0	47.0	15.0	15.0	9.76	17.8	6.52	15.11	10.82	8.66	13.59	12.16	14.48	13.97	8.01	
786.0	29.0	2.0	2.0	16.47	6.37	9.91	17.9	12.04	8.48	8.14	8.17	17.35	6.01	13.89	
787.0	84.0	12.0	12.0	14.67	16.38	10.99	11.98	17.1	17.31	17.18	11.64	16.15	10.87	6.856391274547889	
788.0	32.0	14.0	14.0	9.15	14.91	15.7	12.92	6.52	9.76	10.65	12.74	16.94	15.52	6.63	
789.0	51.0	2.0	2.0	14.16	11.3	6.13	11.51	9.39	15.69	9.8	16.37	15.46	8.42	11.2	
790.0	97.0	9.0	9.0	8.42	11.14	15.64	15.37	7.48	9.82	9.91	13.91	8.64	12.66	6.18	
791.0	80.0	3.0	3.0	11.28	7.39	6.71	6.8	10.85	6.05	16.11	13.88	11.26	8.52	10.06	
792.0	56.0	13.0	13.0	12.57	17.92	17.63	8.05	15.9	10.77	17.23	9.87	17.16	15.69	12.98165304996524	
793.0	65.0	11.0	11.0	12.24	13.05	14.16	7.37	15.71	11.17	6.6	9.22	17.94	9.88	16.89	
794.0	95.0	8.0	8.0	11.14	7.96	17.68	6.15	13.57	11.85	7.05	10.23	15.14	17.79	11.52	
795.0	73.0	13.0	13.0	15.41	11.85	6.44	15.22	12.73	8.96	16.56	13.05	8.21	16.15	6.99	
796.0	52.0	4.0	4.0	13.66	6.36	7.1	7.71	12.77	6.96	9.51	14.22	15.44	16.31	17.04	
797.0	85.0	3.0	3.0	17.19	10.6	9.12	14.4	10.24	12.46	12.35	8.44	7.84	8.34	7.81	
798.0	83.0	5.0	5.0	11.65	13.27	14.57	14.86	17.96	14.11	7.67	7.2	13.52	9.58	14.91	
799.0	65.0	11.0	11.0	10.33	14.66	12.8	15.44	12.59	17.35	10.29	10.32	10.64	17.27	9.59	
800.0	100.0	14.0	14.0	11.36	7.87	15.86	15.61	13.53	13.61	6.71	8.4	14.82	16.02	17.91	
801.0	92.0	10.0	10.0	13.08	13.95	12.91	9.28	9.74	9.78	9.49	16.63	16.06	17.21	10.93	
802.0	74.0	1.0	1.0	9.69	7.46	7.99	6.24	16.4	14.78	9.03	16.21	12.07	10.62	8.36	
803.0	86.0	15.0	15.0	6.16	13.52	13.99	17.01	11.14	12.95	6.63	9.51	10.1	9.75	10.17	
804.0	85.0	3.0	3.0	11.32	6.41	15.08	7.27	12.83	16.18	12.73	9.54	15.79	11.56	6.92	
805.0	46.0	14.0	14.0	6.35	6.42	14.4	13.43	14.02	7.29	10.52	14.41	6.68	16.63	16.71	
806.0	66.0	12.0	12.0	10.52	7.56	6.97	8.76	17.09	6.53	14.25	17.94	11.31	9.51	6.48	
807.0	83.0	5.0	5.0	13.09	17.61	17.37	11.83	14.24	15.17	17.69	9.33	16.33	9.79	11.492837184713338	
808.0	54.0	10.0	10.0	11.11	12.96	15.93	8.94	9.48	17.25	17.2	14.05	6.73	14.76	9.96	
809.0	75.0	8.0	8.0	17.29	6.39	12.4	17.3	11.28	14.94	8.08	6.37	7.56	10.83	13.3	
810.0	94.0	13.0	13.0	6.74	14.27	12.84	7.71	13.23	12.33	17.36	13.94	11.17	7.6	17.55	
811.0	84.0	12.0	12.0	15.67	6.5	14.26	8.72	9.66	10.25	14.75	10.61	13.72	14.18	11.81	
812.0	64.0	4.0	4.0	17.89	16.93	11.8	12.19	9.39	6.31	15.03	6.37	11.66	12.13	10.07	
813.0	51.0	2.0	2.0	17.13	9.37	8.27	13.13	15.05	8.22	16.6	15.35	8.98	6.83	10.19	
814.0	82.0	6.0	6.0	14.57	12.58	17.38	8.21	15.97	16.17	9.51	8.45	7.37	11.23	16.98	
815.0	71.0	11.0	11.0	17.68	16.9	8.06	12.31	10.67	7.73	6.04	13.37	7.85	10.0	9.35	
816.0	100.0	14.0	14.0	13.46	10.9	7.18	11.53	9.75	16.69	7.32	15.2	9.4	14.16	12.65	
817.0	79.0	7.0	7.0	9.02	9.93	9.09	17.09	10.54	15.23	15.61	10.48	15.29	9.59	10.65	
818.0	62.0	7.0	7.0	6.78	6.62	8.44	17.36	16.27	7.2	7.06	9.43	12.42	6.02	6.06	
819.0	97.0	9.0	9.0	12.31	13.43	9.26	6.45	8.32	6.96	13.92	14.74	9.18	6.49	13.07	
820.0	66.0	12.0	12.0	17.69	14.83	12.9	10.36	14.76	15.36	7.02	14.99	8.81	16.61	17.81	
821.0	71.0	11.0	11.0	17.73	8.0	16.85	16.85	14.69	7.64	12.99	8.6	12.88	15.9	17.5	
822.0	90.0	4.0	4.0	6.27	7.62	8.85	12.81	16.48	10.66	10.48	11.71	14.78	7.75	9.01	
823.0	53.0	12.0	12.0	16.01	14.55	15.08	7.39	10.07	12.29	17.74	6.48	11.12	17.13	12.17	
824.0	82.0	6.0	6.0	12.56	8.75	10.01	10.33	14.45	13.4	10.84	15.55	13.25	10.55	7.59	
825.0	64.0	4.0	4.0	16.22	15.82	11.06	6.7	13.95	8.35	12.53	6.0	14.41	17.63	7.42	
826.0	51.0	2.0	2.0	8.53	15.94	14.04	9.35	9.67	10.6	16.33	7.85	11.78	13.77	7.19	
827.0	89.0	14.0	14.0	10.8	6.81	12.6	17.13	16.19	9.66	17.28	16.98	16.19	17.62	12.869281838075228	
828.0	71.0	11.0	11.0	13.22	15.14	7.43	16.59	16.64	8.18	6.77	7.96	11.91	9.22	7.61	
829.0	75.0	8.0	8.0	15.53	16.21	12.16	14.81	12.9	16.34	14.69	10.75	10.26	12.48	7.58	
830.0	92.0	10.0	10.0	14.3	13.31	17.21	12.63	13.06	10.14	12.96	9.13	7.05	10.14	17.27	
831.0	61.0	12.0	12.0	12.2	6.7	13.05	11.1	13.77	14.85	9.23	15.73	7.24	13.55	15.91	
832.0	62.0	7.0	7.0	15.96	12.98	15.4	16.04	12.28	14.3	11.74	10.04	6.04	6.05	12.01	
833.0	39.0	14.0	14.0	13.99	9.47	8.44	16.73	8.82	10.98	9.51	7.47	8.72	16.27	16.0	
834.0	94.0	13.0	13.0	11.51	15.1	13.27	14.1	9.89	7.86	12.08	12.33	12.42	17.65	11.08	
835.0	92.0	10.0	10.0	16.06	6.01	6.13	13.27	11.47	13.91	16.99	17.94	9.77	12.97	9.22	
836.0	74.0	1.0	1.0	16.69	8.13	17.37	7.64	7.25	10.28	12.81	16.54	11.27	14.42	7.53	
837.0	77.0	8.0	8.0	11.89	17.35	13.23	15.76	13.18	13.62	16.64	10.96	16.67	14.21	12.89933340755647	
838.0	62.0	7.0	7.0	7.49	17.55	11.36	10.73	11.9	12.01	7.83	9.16	13.51	7.15	15.48	
839.0	64.0	4.0	4.0	13.37	9.84	11.81	7.34	7.12	7.1	14.32	14.58	7.44	17.15	15.9	
840.0	66.0	12.0	12.0	14.14	11.34	13.03	10.2	16.54	9.71	11.84	13.5	9.84	6.41	9.94	
841.0	90.0	4.0	4.0	6.52	6.7	8.46	11.21	7.39	13.91	7.41	8.97	7.5	12.57	16.42	
842.0	89.0	14.0	14.0	11.52	7.67	12.04	15.06	8.43	14.73	10.97	11.71	13.7	8.23	16.03	
843.0	49.0	12.0	12.0	10.61	14.07	6.17	6.14	17.63	10.76	10.37	15.01	11.59	13.16	14.6	
844.0	78.0	8.0	8.0	10.89	13.39	12.14	16.81	6.09	17.0	8.19	8.45	6.65	12.6	16.46	
845.0	51.0	2.0	2.0	13.08	12.92	17.75	14.38	17.27	11.66	12.01	15.37	7.23	17.23	1.8730514582742919	
846.0	66.0	12.0	12.0	16.78	16.92	6.04	17.23	9.11	7.27	11.8	16.77	16.02	12.1	12.68	
847.0	55.0	6.0	6.0	16.32	13.73	16.11	13.91	17.64	8.59	12.97	15.26	17.82	7.75	7.459970500130522	
848.0	25.0	12.0	12.0	6.33	8.22	13.28	13.96	6.68	8.32	11.79	17.0	12.36	13.3	12.4	
849.0	58.0	11.0	11.0	10.34	15.47	8.07	14.11	7.94	14.81	12.44	7.75	17.32	10.84	12.98	
850.0	44.0	3.0	3.0	16.83	8.82	8.12	9.85	17.37	17.17	11.89	13.66	17.19	9.15	6.68	
851.0	46.0	14.0	14.0	7.89	10.08	8.55	6.63	11.07	15.55	12.71	16.96	10.57	12.74	6.16	
852.0	95.0	8.0	8.0	11.2	7.0	16.25	17.03	17.4	16.99	7.46	6.51	17.28	16.36	11.55	
853.0	99.0	12.0	12.0	6.99	16.73	14.78	13.51	13.71	15.34	14.04	6.82	6.32	11.67	11.33	
854.0	97.0	9.0	9.0	14.49	15.58	13.67	11.31	17.62	7.56	11.91	14.85	14.76	11.15	7.29	
855.0	99.0	12.0	12.0	13.14	14.31	17.59	15.34	16.22	8.72	14.6	7.62	7.21	14.55	8.93	
856.0	59.0	9.0	9.0	15.4	16.49	14.95	12.93	11.19	17.49	12.39	12.28	17.36	13.49	16.989363457283623	
857.0	78.0	8.0	8.0	9.95	12.2	15.46	12.43	12.53	15.37	10.12	13.31	16.63	7.29	17.04	
858.0	44.0	3.0	3.0	8.66	13.27	12.7	7.58	16.26	8.54	7.16	12.05	11.44	13.2	12.89	
859.0	63.0	15.0	15.0	9.42	13.56	15.05	17.58	10.42	16.8	9.88	9.97	17.62	8.32	17.67	
860.0	91.0	9.0	9.0	17.9	12.45	15.24	17.98	17.6	10.03	12.95	7.06	10.63	8.02	11.92	
861.0	70.0	11.0	11.0	8.66	7.34	8.48	13.06	7.1	9.54	8.36	7.89	15.83	15.78	8.14	
862.0	68.0	5.0	5.0	11.06	11.58	13.36	16.34	9.04	7.39	15.32	7.32	11.56	9.22	13.8	
863.0	77.0	8.0	8.0	17.86	14.34	17.04	13.48	10.76	11.33	10.11	13.51	17.29	6.79	11.32	
864.0	78.0	8.0	8.0	17.53	11.29	13.21	6.31	9.14	13.08	13.71	14.91	11.19	13.8	13.89	
865.0	100.0	14.0	14.0	11.5	16.38	14.63	6.41	17.9	17.33	7.39	12.65	14.25	13.37	8.11	
866.0	81.0	3.0	3.0	15.56	9.37	13.78	15.34	6.87	13.64	17.06	7.11	9.16	9.25	15.25	
867.0	99.0	12.0	12.0	15.03	16.54	6.24	13.51	8.88	14.62	9.25	14.97	10.1	8.33	16.51	
868.0	84.0	12.0	12.0	7.11	17.3	14.07	6.0	12.42	13.1	8.24	10.07	16.37	12.63	7.1	
869.0	89.0	14.0	14.0	16.78	10.6	10.69	9.16	11.42	10.71	7.49	7.01	16.37	6.64	11.89	
870.0	95.0	8.0	8.0	17.51	13.04	13.27	15.79	8.78	8.55	16.3	10.79	12.69	8.49	10.67	
871.0	81.0	3.0	3.0	14.12	17.39	16.31	15.97	10.03	15.46	8.59	7.22	17.9	7.7	10.84	
872.0	27.0	13.0	13.0	14.32	9.5	6.12	14.08	7.22	6.88	8.83	14.34	17.24	10.73	11.47	
873.0	65.0	11.0	11.0	17.75	10.98	15.67	7.71	11.0	7.13	13.33	7.03	6.99	12.56	6.54	
874.0	70.0	11.0	11.0	12.02	14.6	14.23	9.23	6.69	13.59	9.87	13.33	15.07	13.45	8.57	
875.0	71.0	11.0	11.0	10.05	9.04	6.83	10.47	11.93	17.17	17.08	17.2	6.61	13.29	10.87	
876.0	88.0	4.0	4.0	14.8	17.56	8.31	16.51	6.03	7.82	17.31	11.09	8.26	10.92	17.28	
877.0	47.0	15.0	15.0	10.86	9.61	16.66	12.17	15.07	10.03	13.24	8.49	10.52	13.28	9.57	
878.0	62.0	7.0	7.0	14.6	12.77	14.75	7.39	10.62	7.55	17.11	8.18	10.06	17.08	14.22	
879.0	86.0	15.0	15.0	6.64	9.91	6.52	7.31	8.01	6.31	10.59	14.61	13.67	9.77	9.87	
880.0	67.0	3.0	3.0	16.49	13.33	11.29	7.04	15.24	15.22	14.34	17.09	15.96	16.29	16.240411190742662	
881.0	86.0	15.0	15.0	16.8	9.22	8.19	15.4	11.77	6.52	11.03	12.47	16.85	8.01	12.43	
882.0	60.0	3.0	3.0	17.8	13.45	14.29	8.22	16.93	17.6	17.38	15.76	6.63	16.11	8.293349185637187	
883.0	75.0	8.0	8.0	10.08	14.24	7.17	6.08	6.99	16.8	13.62	7.2	12.57	12.59	14.57	
884.0	95.0	8.0	8.0	14.93	14.99	7.06	9.37	11.35	15.68	15.83	15.11	7.16	16.44	8.96	
885.0	62.0	7.0	7.0	15.45	16.38	14.83	12.16	16.67	13.89	13.6	17.57	12.39	13.91	5.455087708934476	
886.0	66.0	12.0	12.0	15.48	12.09	13.74	17.33	7.21	15.06	17.85	17.41	17.22	16.02	14.87734488895371	
887.0	67.0	3.0	3.0	17.2	17.49	7.92	14.99	11.45	14.64	8.9	14.42	15.85	6.32	14.72	
888.0	93.0	4.0	4.0	10.61	16.95	14.37	6.72	15.88	16.29	10.07	6.32	15.25	17.12	15.71	
889.0	81.0	3.0	3.0	9.76	17.16	17.66	9.23	17.12	7.62	13.58	11.25	9.43	12.91	8.24	
890.0	74.0	1.0	1.0	15.18	16.46	7.32	12.47	7.52	17.21	11.34	13.69	15.08	9.5	8.0	
891.0	79.0	7.0	7.0	8.65	7.78	13.53	10.15	16.9	10.75	16.76	7.87	11.27	9.65	11.4	
892.0	63.0	15.0	15.0	6.48	13.79	16.15	7.3	7.59	9.71	16.32	8.26	12.99	13.49	16.93	
893.0	98.0	15.0	15.0	16.29	10.06	11.84	9.31	15.42	6.56	17.56	11.56	14.32	14.98	8.21	
894.0	69.0	12.0	12.0	8.93	13.91	18.0	13.07	17.56	14.2	11.32	10.6	12.57	8.03	16.63	
895.0	55.0	6.0	6.0	6.28	8.74	13.84	10.95	12.56	11.15	16.1	15.5	12.21	7.45	13.22	
896.0	48.0	13.0	13.0	10.59	14.29	8.3	10.93	14.52	6.24	15.0	17.75	8.42	15.14	13.03	
897.0	88.0	4.0	4.0	7.47	14.49	17.24	6.25	10.44	11.19	12.34	6.42	17.4	10.95	9.57	
898.0	47.0	15.0	15.0	6.87	8.81	13.59	16.99	11.31	14.43	14.45	6.48	13.33	15.64	7.35	
899.0	90.0	4.0	4.0	10.26	8.32	14.51	6.31	14.71	14.3	11.64	14.19	8.48	7.06	11.13	
900.0	67.0	3.0	3.0	14.8	16.32	13.85	7.22	8.66	7.38	15.23	15.3	13.23	15.61	17.51	
901.0	97.0	9.0	9.0	14.23	12.7	15.26	9.34	8.8	13.87	8.47	11.94	10.18	16.03	8.81	
902.0	88.0	4.0	4.0	8.13	15.14	11.43	17.65	9.18	17.76	14.87	7.73	13.6	9.35	12.87	
903.0	75.0	8.0	8.0	6.12	7.87	16.7	16.7	10.51	8.72	14.66	7.02	6.4	16.03	6.15	
904.0	96.0	15.0	15.0	11.53	16.01	11.91	12.44	9.24	13.08	12.82	8.33	8.27	15.04	11.13	
905.0	84.0	12.0	12.0	14.76	12.34	7.08	12.45	12.69	6.78	6.04	14.53	11.63	7.85	16.27	
906.0	96.0	15.0	15.0	8.74	7.85	13.07	8.12	11.01	10.39	13.44	10.68	14.25	13.13	12.56	
907.0	69.0	12.0	12.0	12.26	13.09	6.75	15.89	7.74	8.28	7.3	7.21	6.67	17.7	15.47	
908.0	70.0	11.0	11.0	16.65	14.35	6.94	17.6	16.72	16.08	7.33	7.86	12.67	9.63	11.29	
909.0	30.0	14.0	14.0	14.95	16.46	11.0	14.61	10.16	6.19	16.1	9.53	14.87	10.85	15.32	
910.0	77.0	8.0	8.0	16.63	8.05	17.48	11.13	9.24	15.73	14.69	11.92	11.92	8.25	16.88	
911.0	97.0	9.0	9.0	17.38	13.49	15.58	13.59	14.76	14.08	13.48	15.46	15.99	13.96	7.487750679276572	
912.0	89.0	14.0	14.0	9.53	9.61	9.9	17.62	16.12	7.45	17.76	14.4	17.76	6.02	7.22	
913.0	98.0	15.0	15.0	9.94	17.07	6.95	13.7	11.61	15.39	17.65	9.36	12.55	16.06	17.33	
914.0	94.0	13.0	13.0	11.24	16.74	11.62	10.17	15.59	16.54	14.67	13.9	15.91	6.69	14.98	
915.0	73.0	13.0	13.0	14.47	6.58	16.7	7.12	16.08	9.67	7.17	8.71	10.83	10.84	14.19	
916.0	48.0	13.0	13.0	12.91	9.13	9.3	16.67	10.23	16.81	8.02	6.03	7.4	7.14	17.1	
917.0	91.0	9.0	9.0	13.44	9.3	13.64	15.16	14.93	17.68	6.46	14.55	7.93	17.91	6.63	
918.0	80.0	3.0	3.0	16.37	13.93	15.59	9.85	8.7	9.77	10.64	6.95	14.77	6.73	10.87	
919.0	92.0	10.0	10.0	10.38	16.88	7.51	13.0	17.88	6.59	10.7	13.91	10.43	6.15	8.26	
920.0	83.0	5.0	5.0	16.15	17.52	7.08	8.28	8.0	7.57	7.43	8.87	16.1	17.35	12.42	
921.0	46.0	14.0	14.0	12.34	7.93	16.93	11.73	14.57	12.55	7.62	13.72	6.28	10.2	11.98	
922.0	31.0	8.0	8.0	7.66	9.83	10.73	17.39	8.53	7.68	9.86	10.07	10.87	15.4	10.76	
923.0	94.0	13.0	13.0	11.99	8.38	10.89	10.34	17.0	10.17	8.02	14.64	10.78	9.9	8.43	
924.0	87.0	5.0	5.0	9.29	6.31	13.33	12.56	9.91	17.86	11.8	10.32	16.58	17.4	14.91	
925.0	97.0	9.0	9.0	13.72	15.53	17.51	9.35	8.22	16.28	17.18	16.39	10.15	16.15	15.129051853714996	
926.0	65.0	11.0	11.0	16.11	7.12	8.15	17.84	10.1	9.32	9.38	12.42	14.67	11.51	17.07	
927.0	33.0	14.0	14.0	12.16	12.17	8.02	8.21	7.57	6.53	6.96	11.21	8.51	7.53	9.74	
928.0	72.0	11.0	11.0	13.94	11.07	6.99	7.17	13.5	13.55	10.04	15.91	16.09	15.47	6.56	
929.0	42.0	4.0	4.0	16.84	6.12	9.89	15.95	15.34	8.22	7.83	8.81	15.89	11.9	15.69	
930.0	93.0	4.0	4.0	7.26	13.03	7.61	13.7	14.64	16.6	13.38	16.95	15.58	8.86	8.03	
931.0	97.0	9.0	9.0	11.39	7.64	14.42	10.75	10.46	12.2	7.8	7.22	7.15	17.28	12.35	
932.0	88.0	4.0	4.0	14.67	17.33	12.78	16.92	11.6	10.76	12.81	17.11	6.84	9.53	12.66	
933.0	94.0	13.0	13.0	12.97	17.19	10.91	17.48	7.19	16.46	9.21	7.83	9.08	12.82	14.59	
934.0	25.0	12.0	12.0	12.68	8.4	6.84	12.05	14.51	13.59	7.2	11.43	16.32	6.26	13.08	
935.0	71.0	11.0	11.0	6.84	10.63	13.26	9.97	7.01	15.67	17.43	12.05	14.06	12.49	8.31	
936.0	74.0	1.0	1.0	11.79	12.77	14.2	15.65	14.64	16.74	11.35	13.97	6.7	12.64	8.6	
937.0	78.0	8.0	8.0	6.65	13.24	10.81	17.19	7.51	16.38	9.08	15.53	14.36	15.26	8.16	
938.0	81.0	3.0	3.0	15.95	8.81	17.37	7.94	17.04	10.6	11.23	12.37	13.4	6.14	14.05	
939.0	56.0	13.0	13.0	16.91	6.31	15.22	14.48	8.11	7.24	9.5	8.73	14.41	14.95	8.77	
940.0	85.0	3.0	3.0	11.82	9.34	17.34	11.94	7.02	15.56	12.13	11.3	6.73	14.27	8.39	
941.0	70.0	11.0	11.0	9.32	12.74	7.96	16.36	15.18	13.77	17.14	14.56	15.65	10.14	16.97	
942.0	72.0	11.0	11.0	17.31	15.74	15.01	8.81	10.03	11.05	8.58	11.62	10.49	13.08	16.93	
943.0	84.0	12.0	12.0	7.52	18.0	11.94	13.29	17.1	11.57	15.63	16.98	17.8	12.6	12.653996608427319	
944.0	81.0	3.0	3.0	14.5	10.69	14.77	8.61	7.02	15.17	17.92	7.53	10.02	9.56	7.5	
945.0	58.0	11.0	11.0	17.54	11.63	8.46	11.12	11.42	9.42	7.34	15.13	9.81	10.66	11.18	
946.0	65.0	11.0	11.0	11.11	12.18	8.33	7.43	15.05	11.33	8.43	13.38	13.32	13.29	6.46	
947.0	45.0	5.0	5.0	15.03	15.11	11.56	15.35	17.85	8.08	7.39	11.03	13.99	16.64	7.88	
948.0	45.0	5.0	5.0	15.04	6.2	13.94	10.9	14.72	10.41	9.03	16.06	13.8	9.1	13.09	
949.0	74.0	1.0	1.0	15.52	6.86	17.15	7.78	6.14	8.87	17.28	16.87	12.11	17.94	12.64	
950.0	76.0	6.0	6.0	9.82	12.21	6.23	8.47	8.44	8.24	9.94	16.04	7.69	15.13	15.09	
951.0	97.0	9.0	9.0	12.18	8.41	14.77	12.11	14.21	6.75	8.54	16.92	8.54	13.91	14.1	
952.0	85.0	3.0	3.0	12.71	16.75	16.69	7.77	14.89	6.87	9.44	11.33	9.71	7.44	12.82	
953.0	95.0	8.0	8.0	14.09	6.66	10.71	9.98	7.45	6.47	9.51	7.2	11.59	7.88	6.56	
954.0	70.0	11.0	11.0	17.15	6.49	12.09	10.57	6.32	9.42	14.1	17.1	10.63	12.11	12.98	
955.0	71.0	11.0	11.0	10.02	14.61	8.94	15.34	16.31	13.14	8.66	13.65	7.59	7.65	10.71	
956.0	38.0	5.0	5.0	15.82	9.95	15.08	14.04	16.72	17.58	16.52	15.56	9.64	9.72	7.5202179490844445	
957.0	82.0	6.0	6.0	13.68	11.6	17.2	10.98	16.76	12.94	14.83	7.02	8.42	11.32	7.13	
958.0	31.0	8.0	8.0	11.76	14.66	13.76	15.4	10.77	14.59	7.49	13.76	11.9	14.15	13.4	
959.0	26.0	1.0	1.0	6.43	13.66	15.44	7.92	8.72	12.05	17.25	8.29	15.84	13.78	10.38	
960.0	97.0	9.0	9.0	8.13	10.05	16.96	12.86	11.09	8.31	9.66	11.25	7.97	17.32	15.83	
961.0	83.0	5.0	5.0	16.29	10.88	8.61	9.82	8.12	8.1	8.86	11.97	15.67	11.4	12.47	
962.0	93.0	4.0	4.0	8.51	16.2	15.72	17.18	11.8	12.27	7.97	8.67	6.99	12.17	10.76	
963.0	75.0	8.0	8.0	14.53	17.39	16.13	12.42	10.05	15.13	17.28	9.47	16.6	9.26	0.04618630035989457	
964.0	64.0	4.0	4.0	14.32	16.4	10.99	14.87	15.14	15.31	10.95	7.36	8.7	17.9	13.1	
965.0	27.0	13.0	13.0	12.41	6.29	17.92	14.43	13.74	16.95	7.53	14.71	10.15	9.59	8.14	
966.0	100.0	14.0	14.0	14.95	8.77	6.55	16.42	11.98	6.49	17.82	12.23	17.74	15.53	13.64	
967.0	25.0	12.0	12.0	8.3	13.35	13.05	17.17	15.14	15.02	14.18	17.44	9.25	9.66	7.61	
968.0	97.0	9.0	9.0	13.28	9.61	13.61	16.84	11.87	10.98	17.06	14.28	12.95	15.45	11.25	
969.0	73.0	13.0	13.0	14.11	13.64	17.08	17.41	6.99	12.22	11.61	8.64	9.61	6.3	14.21	
970.0	62.0	7.0	7.0	7.91	12.07	11.35	11.57	12.11	9.27	9.22	10.06	7.42	14.85	12.16	
971.0	88.0	4.0	4.0	9.55	6.7	9.64	14.85	14.16	12.64	11.36	10.64	8.75	12.39	15.69	
972.0	86.0	15.0	15.0	17.91	8.84	11.25	12.48	14.72	6.23	10.64	6.87	15.27	9.04	6.75	
973.0	35.0	10.0	10.0	15.77	17.75	9.35	12.59	11.34	9.53	10.23	11.79	6.15	14.96	14.31	
974.0	83.0	5.0	5.0	12.22	11.36	16.9	8.54	9.5	11.88	6.54	13.47	7.07	14.94	9.2	
975.0	95.0	8.0	8.0	7.45	11.72	14.6	11.61	14.49	11.93	9.72	12.19	13.66	16.35	14.53	
976.0	74.0	1.0	1.0	9.54	10.84	16.51	14.85	8.02	12.77	7.84	12.26	14.75	15.09	14.89	
977.0	45.0	5.0	5.0	13.0	10.16	8.1	17.28	15.03	13.11	10.7	16.52	13.2	7.01	6.54	
978.0	23.0	7.0	7.0	12.88	9.6	15.98	15.35	17.43	6.12	11.97	15.15	17.94	14.72	8.64	
979.0	63.0	15.0	15.0	7.71	17.88	14.49	14.76	10.04	14.3	9.04	12.69	6.83	8.34	8.34	
980.0	55.0	6.0	6.0	17.2	11.37	8.57	13.29	6.32	13.85	15.64	12.77	17.5	11.79	15.41	
981.0	33.0	14.0	14.0	15.05	8.64	16.29	12.35	11.35	7.67	15.91	17.68	7.05	6.9	11.29	
982.0	72.0	11.0	11.0	16.11	7.52	15.36	7.67	16.48	6.87	12.24	15.48	14.59	16.62	7.1	
983.0	52.0	4.0	4.0	17.64	16.09	7.53	16.5	8.32	16.31	7.06	6.3	17.54	15.61	17.44	
984.0	80.0	3.0	3.0	17.49	13.39	17.35	17.32	6.35	15.07	8.28	13.74	16.06	10.01	11.88	
985.0	83.0	5.0	5.0	12.11	6.78	16.65	11.28	8.21	15.32	9.85	15.63	13.32	15.96	9.86	
986.0	66.0	12.0	12.0	15.28	17.43	8.22	13.39	11.75	11.55	12.8	9.06	10.08	10.27	17.34	
987.0	85.0	3.0	3.0	7.72	9.98	17.03	12.39	16.77	6.68	15.0	6.83	8.03	17.64	12.59	
988.0	91.0	9.0	9.0	6.63	7.8	17.11	17.04	13.82	9.11	15.18	10.43	14.41	7.39	13.57	
989.0	83.0	5.0	5.0	10.68	14.13	8.37	6.68	6.94	6.52	9.65	11.5	6.3	14.57	17.77	
990.0	27.0	13.0	13.0	10.14	6.02	13.41	10.16	12.85	8.21	16.54	8.2	13.43	16.82	15.37	
991.0	97.0	9.0	9.0	6.83	16.49	6.22	7.27	7.06	14.23	14.4	7.66	16.88	6.38	16.74	
992.0	47.0	15.0	15.0	6.21	13.87	13.71	13.01	13.21	17.79	15.49	7.14	12.97	12.2	6.91	
993.0	44.0	3.0	3.0	12.8	15.43	8.16	11.7	9.45	6.47	13.14	13.1	7.83	11.13	6.68	
994.0	68.0	5.0	5.0	16.9	11.75	15.88	8.59	9.83	12.6	8.81	11.74	6.62	15.97	12.03	
995.0	93.0	4.0	4.0	9.9	17.96	14.32	8.33	16.86	7.86	9.06	7.67	17.79	10.57	12.84	
996.0	99.0	12.0	12.0	16.09	16.3	16.05	15.27	11.78	12.05	17.8	15.4	15.39	15.04	10.802034615375726	
997.0	91.0	9.0	9.0	16.49	7.44	9.02	11.8	13.63	14.04	10.44	7.04	10.56	6.47	10.04	
998.0	61.0	12.0	12.0	14.04	6.29	13.24	8.4	8.95	9.69	10.65	11.35	12.94	12.97	12.06	
999.0	98.0	15.0	15.0	8.18	12.56	13.5	15.47	13.56	9.17	8.45	16.8	9.02	14.79	15.03	
1000.0	66.0	12.0	12.0	7.9	8.06	7.47	17.76	13.48	17.63	13.3	13.21	13.37	11.84	11.85	
1001.0	90.0	4.0	4.0	8.37	8.36	14.33	6.92	8.42	14.06	17.48	10.22	11.99	9.64	15.43	
1002.0	74.0	1.0	1.0	13.57	9.32	6.77	11.16	8.32	13.82	11.49	6.79	15.99	6.65	15.36	
1003.0	56.0	13.0	13.0	9.59	15.11	16.7	15.98	17.25	15.96	10.89	11.78	12.96	9.0	13.3	
1004.0	83.0	5.0	5.0	17.74	9.52	15.17	7.85	17.26	16.76	11.38	14.76	13.97	6.74	7.52	
1005.0	82.0	6.0	6.0	17.75	17.27	11.85	12.34	11.75	12.34	10.59	8.48	9.4	12.05	11.4	
1006.0	85.0	3.0	3.0	17.73	6.94	12.22	17.99	14.16	16.73	16.74	14.97	11.99	8.69	5.394969455474959	
1007.0	54.0	10.0	10.0	17.44	14.13	13.96	15.49	7.88	9.25	13.47	11.65	12.33	9.84	8.49	
1008.0	91.0	9.0	9.0	13.86	15.29	11.18	17.34	6.41	12.41	15.95	7.35	13.64	17.43	9.23	
1009.0	83.0	5.0	5.0	8.17	13.43	11.32	7.56	6.14	8.27	14.19	15.46	10.9	8.7	11.87	
1010.0	76.0	6.0	6.0	6.92	14.7	14.77	9.52	16.74	7.64	11.7	9.57	8.61	15.91	6.3	
1011.0	61.0	12.0	12.0	6.75	16.21	9.18	11.54	11.21	11.16	12.17	8.38	8.5	14.98	9.48	
1012.0	59.0	9.0	9.0	10.14	7.3	7.68	6.61	14.1	14.88	11.93	16.37	13.01	10.5	15.79	
1013.0	65.0	11.0	11.0	12.51	12.37	14.08	6.75	6.72	15.59	14.63	13.06	15.71	16.31	17.98	
1014.0	60.0	3.0	3.0	9.43	8.43	10.67	10.07	6.42	11.05	15.49	13.36	11.56	16.85	11.53	
1015.0	54.0	10.0	10.0	13.63	7.73	16.54	14.49	6.51	12.73	9.93	13.32	16.19	11.32	13.3	
1016.0	76.0	6.0	6.0	12.74	15.14	11.48	12.03	9.2	11.73	14.49	9.96	7.65	13.29	6.96	
1017.0	94.0	13.0	13.0	17.25	17.28	12.18	15.4	17.38	9.05	12.26	9.92	6.41	12.52	13.35	
1018.0	61.0	12.0	12.0	13.0	8.62	16.7	12.66	9.92	11.93	10.84	9.05	17.68	8.25	15.39	
1019.0	34.0	14.0	14.0	9.56	11.8	12.29	15.5	6.49	17.46	7.21	8.4	16.69	11.92	16.86	
1020.0	64.0	4.0	4.0	8.72	9.64	14.57	13.23	17.4	12.1	17.7	16.37	14.77	7.48	13.69	
1021.0	100.0	14.0	14.0	16.64	6.15	14.49	13.73	8.49	15.62	14.27	12.24	12.76	13.68	6.28	
1022.0	60.0	3.0	3.0	12.33	12.73	17.34	17.63	11.61	11.58	10.76	14.88	15.49	11.74	16.58	
1023.0	75.0	8.0	8.0	10.79	9.87	7.41	7.32	11.82	17.27	12.22	9.01	15.86	7.51	6.4	
1024.0	45.0	5.0	5.0	9.14	14.77	6.64	13.08	11.31	11.69	11.45	15.45	9.87	6.68	12.37	
1025.0	90.0	4.0	4.0	15.87	14.41	8.59	13.27	7.28	8.61	8.42	7.22	16.55	17.38	15.91	
1026.0	66.0	12.0	12.0	10.35	11.4	15.51	17.73	7.02	10.94	7.37	17.3	14.94	17.82	14.76	
1027.0	94.0	13.0	13.0	7.93	12.72	12.21	11.71	11.29	11.31	15.54	7.56	6.4	12.9	16.79	
1028.0	71.0	11.0	11.0	6.46	7.68	8.8	14.87	15.58	15.05	10.45	15.62	15.26	14.74	8.69	
1029.0	75.0	8.0	8.0	9.77	7.82	8.51	17.4	6.3	11.12	14.6	15.51	11.22	14.78	9.98	
1030.0	76.0	6.0	6.0	12.14	7.35	17.62	6.4	10.58	12.27	13.78	6.94	9.45	9.15	17.0	
1031.0	37.0	5.0	5.0	7.41	12.7	9.97	7.73	6.04	14.53	14.63	7.05	10.88	10.2	6.18	
1032.0	62.0	7.0	7.0	14.14	11.0	7.08	12.74	9.3	16.63	13.64	16.03	13.16	9.7	17.77	
1033.0	83.0	5.0	5.0	9.98	17.58	7.21	12.41	15.98	17.27	13.8	7.7	11.4	11.25	13.51	
1034.0	69.0	12.0	12.0	13.26	11.13	6.79	12.84	7.97	6.87	8.68	9.86	11.73	15.74	8.84	
1035.0	89.0	14.0	14.0	17.63	17.64	10.07	14.7	9.6	7.01	13.83	15.75	13.67	8.87	16.7	
1036.0	93.0	4.0	4.0	6.89	7.53	10.28	17.61	7.67	14.07	12.51	7.25	13.45	9.49	13.5	
1037.0	82.0	6.0	6.0	16.9	6.19	12.94	8.17	8.42	14.46	13.84	9.38	10.99	16.71	14.86	
1038.0	62.0	7.0	7.0	13.53	14.8	6.84	16.51	14.7	7.72	9.99	6.04	17.56	11.66	6.34	
1039.0	96.0	15.0	15.0	8.5	9.46	10.75	10.37	10.31	7.42	6.57	17.0	8.7	7.05	6.79	
1040.0	90.0	4.0	4.0	10.51	7.52	6.36	16.95	13.7	11.11	14.32	6.64	13.0	16.04	14.44	
1041.0	81.0	3.0	3.0	15.39	9.26	11.4	10.08	11.22	13.94	12.51	15.14	14.69	17.32	17.99	
1042.0	74.0	1.0	1.0	11.24	7.47	11.08	10.23	8.02	17.82	11.76	10.16	9.49	13.52	8.72	
1043.0	97.0	9.0	9.0	13.81	15.83	10.57	7.17	17.65	12.72	14.45	8.35	10.1	9.28	16.7	
1044.0	79.0	7.0	7.0	10.08	17.99	12.53	17.28	8.1	7.62	16.63	15.97	10.73	16.87	12.74	
1045.0	63.0	15.0	15.0	6.63	13.79	11.28	6.57	16.17	12.99	9.83	10.82	9.66	8.89	15.82	
1046.0	48.0	13.0	13.0	17.34	12.42	8.32	9.92	9.38	12.54	13.06	9.33	16.61	15.56	14.97	
1047.0	68.0	5.0	5.0	7.36	16.22	12.78	14.86	13.43	8.96	15.79	14.02	15.33	14.75	7.33	
1048.0	96.0	15.0	15.0	6.08	6.42	15.85	6.44	17.4	13.19	9.75	12.52	13.18	6.61	11.48	
1049.0	92.0	10.0	10.0	15.67	9.91	15.41	7.22	9.99	7.98	9.23	7.63	6.83	10.15	16.12	
1050.0	94.0	13.0	13.0	15.67	6.91	8.61	10.01	14.66	12.46	17.87	13.73	14.54	11.64	12.09	
1051.0	84.0	12.0	12.0	9.86	8.61	8.89	12.05	16.01	12.62	16.1	17.98	17.11	11.4	17.8	
1052.0	96.0	15.0	15.0	12.45	16.61	6.86	14.34	6.6	8.52	15.72	6.99	11.45	6.8	8.05	
1053.0	66.0	12.0	12.0	15.94	13.14	12.28	8.39	8.32	16.0	11.99	10.57	10.94	17.37	17.77	
1054.0	69.0	12.0	12.0	8.22	6.68	17.42	16.23	9.3	13.44	17.75	8.09	12.21	8.88	15.57	
1055.0	73.0	13.0	13.0	6.76	13.01	14.71	8.48	12.82	16.36	7.78	16.86	12.29	14.88	6.17	
1056.0	82.0	6.0	6.0	15.0	15.12	17.06	14.38	6.91	12.17	9.71	13.73	16.92	6.78	14.02	
1057.0	93.0	4.0	4.0	7.26	9.29	13.3	10.96	12.56	7.82	14.4	8.18	12.08	16.83	10.59	
1058.0	80.0	3.0	3.0	17.24	11.22	6.4	15.73	12.0	17.63	13.13	7.65	10.32	16.53	17.77	
1059.0	67.0	3.0	3.0	11.22	13.82	14.41	13.27	7.26	14.55	16.62	15.7	11.59	6.57	17.93	
1060.0	68.0	5.0	5.0	8.31	11.75	17.96	7.75	16.67	11.94	15.7	17.09	15.72	7.11	11.76	
1061.0	94.0	13.0	13.0	16.9	14.14	14.02	16.47	11.03	17.31	7.09	9.88	12.19	6.7	7.81	
1062.0	74.0	1.0	1.0	10.8	15.54	12.62	10.85	16.34	14.94	6.32	14.43	11.88	10.42	15.15	
1063.0	89.0	14.0	14.0	13.71	14.04	8.71	15.8	13.67	6.76	9.9	7.16	11.76	6.22	15.17	
1064.0	79.0	7.0	7.0	17.98	12.29	13.09	15.19	14.28	16.82	11.38	17.3	8.27	6.05	17.18	
1065.0	44.0	3.0	3.0	15.41	9.09	6.79	17.02	10.38	17.22	10.55	6.55	12.21	8.94	13.65	
1066.0	94.0	13.0	13.0	7.76	14.13	6.3	15.2	16.54	12.92	14.15	13.3	16.49	6.24	10.03	
1067.0	96.0	15.0	15.0	12.55	17.86	17.87	13.92	15.81	6.27	9.17	16.24	16.44	9.04	9.74	
1068.0	70.0	11.0	11.0	15.72	17.15	15.45	12.16	15.19	13.38	13.37	6.29	9.85	16.78	13.66	
1069.0	73.0	13.0	13.0	17.88	10.97	17.83	16.84	14.42	6.75	12.37	13.82	9.51	15.65	10.54	
1070.0	77.0	8.0	8.0	16.15	9.24	16.07	11.45	11.15	6.56	15.38	6.96	9.86	9.34	13.85	
1071.0	92.0	10.0	10.0	8.99	7.12	13.56	13.4	10.1	15.8	8.32	12.91	13.01	15.06	8.53	
1072.0	93.0	4.0	4.0	13.36	11.0	8.17	6.78	8.92	14.82	13.7	8.01	13.05	11.37	9.56	
1073.0	94.0	13.0	13.0	10.22	7.59	16.82	7.16	10.24	10.63	8.55	8.45	6.91	14.43	7.27	
1074.0	69.0	12.0	12.0	12.04	6.61	11.52	9.25	9.38	15.54	17.87	9.25	8.46	9.43	8.07	
1075.0	31.0	8.0	8.0	10.86	8.16	12.89	15.24	10.35	14.68	17.81	17.76	12.38	14.34	17.25	
1076.0	75.0	8.0	8.0	17.89	9.11	7.82	13.3	12.83	14.06	13.0	8.86	8.18	7.78	14.16	
1077.0	78.0	8.0	8.0	17.86	10.3	16.81	16.25	17.21	15.21	16.01	17.6	11.06	16.651975413906236	12.223765563852137	
1078.0	99.0	12.0	12.0	6.77	9.78	11.25	6.95	10.5	15.56	7.35	14.66	17.18	7.85	17.19	
1079.0	93.0	4.0	4.0	13.23	6.66	9.67	12.81	12.54	11.19	11.04	9.48	8.7	17.81	13.49	
1080.0	66.0	12.0	12.0	14.97	14.12	13.45	11.0	8.65	15.73	17.61	13.42	12.97	17.29	17.5250610576909	
1081.0	89.0	14.0	14.0	8.51	16.08	17.87	10.83	14.52	8.79	11.72	10.6	14.62	10.86	10.23	
1082.0	90.0	4.0	4.0	9.16	16.34	13.93	6.96	10.08	10.71	17.57	16.11	6.56	9.65	6.35	
1083.0	83.0	5.0	5.0	10.89	11.45	10.88	7.47	9.4	17.13	13.06	10.9	16.96	8.49	10.07	
1084.0	89.0	14.0	14.0	7.53	10.49	11.7	11.61	11.04	6.14	11.63	16.17	17.83	12.33	14.51	
1085.0	87.0	5.0	5.0	16.26	11.98	16.64	9.89	8.6	10.69	8.49	17.13	15.62	6.68	11.13	
1086.0	83.0	5.0	5.0	15.6	9.47	12.93	8.5	9.18	7.1	11.59	15.24	12.53	15.53	12.63	
1087.0	95.0	8.0	8.0	17.04	10.8	13.55	12.93	12.79	8.84	8.02	16.7	14.11	17.2	7.78	
1088.0	89.0	14.0	14.0	9.32	10.13	17.42	9.48	12.36	8.5	12.54	17.57	13.25	13.43	13.44	
1089.0	95.0	8.0	8.0	17.33	7.74	9.41	8.27	7.82	8.94	17.4	14.73	11.6	16.15	7.06	
1090.0	83.0	5.0	5.0	12.34	6.09	17.44	11.83	12.09	9.85	16.73	14.27	12.56	14.38	10.16	
1091.0	79.0	7.0	7.0	10.16	16.42	17.61	11.12	17.44	10.19	12.97	15.86	17.27	11.72	1.4979063285117276	
1092.0	88.0	4.0	4.0	9.71	15.11	17.99	9.93	13.75	6.49	17.53	6.52	10.42	17.4	15.94	
1093.0	65.0	11.0	11.0	14.15	11.09	15.03	10.15	8.7	16.24	10.84	17.18	14.45	7.62	6.63	
1094.0	87.0	5.0	5.0	12.52	15.36	7.94	17.81	12.74	7.8	6.95	11.78	10.2	16.78	11.5	
1095.0	71.0	11.0	11.0	6.84	16.75	15.19	11.08	10.84	13.8	17.24	11.88	16.23	17.29	6.84	
1096.0	88.0	4.0	4.0	8.79	15.53	14.4	12.43	8.93	8.77	12.97	12.61	10.39	16.87	6.31	
1097.0	91.0	9.0	9.0	10.42	17.68	16.22	7.42	6.32	15.79	11.81	12.55	8.63	11.3	8.12	
1098.0	93.0	4.0	4.0	17.19	17.59	9.69	10.64	7.54	7.56	7.45	12.78	10.35	9.64	13.13	
1099.0	92.0	10.0	10.0	16.12	13.6	10.6	8.84	11.66	8.74	8.13	15.34	14.51	16.37	17.52	
1100.0	81.0	3.0	3.0	7.83	7.33	11.01	14.73	16.02	16.25	10.9	14.2	8.53	16.18	15.56	
1101.0	94.0	13.0	13.0	6.73	10.37	7.31	10.75	6.32	12.19	9.61	8.17	16.35	7.71	13.87	
1102.0	73.0	13.0	13.0	13.73	6.51	17.03	9.1	11.51	7.01	9.8	16.26	7.7	9.86	12.24	
1103.0	76.0	6.0	6.0	7.12	11.39	10.17	16.98	10.54	16.1	15.08	11.9	17.66	16.95	12.32	
1104.0	80.0	3.0	3.0	11.24	14.73	11.2	12.03	16.85	14.96	16.06	8.02	12.89	13.76	12.6	
1105.0	60.0	3.0	3.0	15.61	10.04	12.63	15.17	13.19	17.69	16.9	16.1	6.72	11.91	16.86	
1106.0	64.0	4.0	4.0	9.15	12.95	13.21	6.12	17.88	6.4	16.27	7.0	8.53	14.36	10.29	
1107.0	96.0	15.0	15.0	13.71	7.84	7.95	12.19	10.33	14.25	9.13	9.0	12.53	14.49	6.82	
1108.0	70.0	11.0	11.0	17.23	13.24	10.9	6.96	16.46	7.37	7.72	6.8	10.27	12.07	11.14	
1109.0	96.0	15.0	15.0	16.18	9.37	8.93	13.06	16.62	15.36	17.41	7.43	9.71	13.82	16.34	
1110.0	78.0	8.0	8.0	15.53	12.08	6.95	10.06	17.43	14.83	14.29	8.67	13.71	7.6	15.15	
1111.0	75.0	8.0	8.0	9.46	9.26	17.76	9.13	10.52	8.15	8.65	16.77	11.05	7.96	17.87	
1112.0	100.0	14.0	14.0	17.13	13.77	8.17	15.33	10.16	8.74	17.78	7.95	10.75	13.23	6.5	
1113.0	65.0	11.0	11.0	8.56	6.35	7.21	9.78	10.6	17.04	9.43	9.04	11.21	14.55	13.47	
1114.0	92.0	10.0	10.0	17.63	12.64	14.92	17.51	16.91	6.27	16.34	8.64	15.02	17.09	12.05957506641974	
1115.0	89.0	14.0	14.0	17.01	15.91	7.18	13.55	12.38	14.7	7.92	17.82	11.15	12.13	17.31	
1116.0	86.0	15.0	15.0	7.85	12.52	9.83	13.63	6.91	11.82	12.6	15.17	17.43	7.51	15.18	
1117.0	78.0	8.0	8.0	13.82	8.21	15.18	12.91	10.81	16.31	7.65	7.65	15.65	6.37	10.22	
1118.0	89.0	14.0	14.0	16.53	7.21	6.59	6.92	14.67	12.55	17.66	14.05	17.06	13.28	13.3	
1119.0	63.0	15.0	15.0	14.99	14.67	17.65	9.64	17.0	7.26	13.63	10.25	12.11	15.52	12.36	
1120.0	49.0	12.0	12.0	13.77	8.27	15.69	17.25	12.72	7.45	9.45	12.85	16.34	6.24	6.26	
1121.0	97.0	9.0	9.0	16.91	17.05	15.49	13.02	13.03	8.11	10.04	13.87	6.14	13.57	9.04	
1122.0	74.0	1.0	1.0	14.15	17.43	6.18	7.84	14.63	12.85	17.4	16.08	6.98	9.89	7.89	
1123.0	84.0	12.0	12.0	15.19	6.36	14.71	9.09	16.57	14.5	10.93	16.98	10.3	16.04	7.76	
1124.0	97.0	9.0	9.0	10.7	10.85	9.64	12.25	15.72	11.26	10.53	6.48	13.41	10.05	9.02	
1125.0	63.0	15.0	15.0	12.79	6.18	12.6	12.15	10.21	9.75	11.74	12.17	9.56	6.89	9.51	
1126.0	92.0	10.0	10.0	9.19	16.27	8.68	17.18	9.33	15.31	10.23	6.79	15.26	7.68	13.1	
1127.0	86.0	15.0	15.0	10.69	10.08	6.36	13.57	16.33	17.82	17.34	17.91	16.16	17.42	5.406395799113886	
1128.0	33.0	14.0	14.0	9.61	15.0	10.75	11.15	11.04	8.32	8.37	9.34	17.67	17.25	12.75	
1129.0	74.0	1.0	1.0	8.0	10.21	11.01	12.66	15.66	7.7	8.53	12.69	14.93	16.96	7.31	
1130.0	77.0	8.0	8.0	7.94	11.86	6.74	14.28	15.78	13.46	10.53	6.56	15.77	16.0	8.12	
1131.0	99.0	12.0	12.0	8.75	15.48	15.15	7.86	6.7	7.99	16.58	7.52	7.19	13.77	7.68	
1132.0	89.0	14.0	14.0	12.68	6.09	6.94	13.37	15.16	15.59	16.07	12.33	8.1	16.33	6.54	
1133.0	56.0	13.0	13.0	16.51	6.03	16.13	10.57	14.4	13.96	12.69	9.57	14.52	15.35	7.36	
1134.0	69.0	12.0	12.0	11.71	13.19	14.77	12.26	12.35	6.73	9.66	10.22	10.11	11.09	17.63	
1135.0	96.0	15.0	15.0	14.13	11.06	12.19	12.2	11.98	9.11	13.1	17.36	9.08	15.55	15.65	
1136.0	41.0	15.0	15.0	9.03	14.14	16.76	17.78	11.26	6.04	12.33	15.49	6.2	6.74	15.76	
1137.0	86.0	15.0	15.0	11.24	14.84	6.82	6.12	15.56	17.24	9.84	11.67	17.03	14.84	13.05	
1138.0	57.0	14.0	14.0	14.61	9.21	10.05	12.3	7.64	14.39	16.79	7.45	15.53	12.89	16.39	
1139.0	65.0	11.0	11.0	16.02	12.74	17.68	15.11	14.82	12.64	9.0	11.93	12.81	12.29	13.89	
1140.0	66.0	12.0	12.0	15.39	8.59	7.59	11.76	17.05	15.21	14.26	13.43	14.02	9.74	11.82	
1141.0	85.0	3.0	3.0	9.61	16.38	15.45	9.91	13.44	10.77	12.44	13.24	17.13	9.7	17.63	
1142.0	88.0	4.0	4.0	7.47	11.25	8.32	16.78	16.71	7.14	13.01	7.66	10.08	15.03	17.71	
1143.0	60.0	3.0	3.0	7.65	11.19	15.67	11.35	7.87	8.17	14.92	8.14	7.96	13.43	7.6	
1144.0	44.0	3.0	3.0	14.78	16.61	12.12	11.28	17.27	11.39	17.97	7.98	14.4	7.55	14.32	
1145.0	99.0	12.0	12.0	6.79	15.96	14.48	9.63	13.16	11.62	17.51	10.29	15.07	11.53	8.94	
1146.0	81.0	3.0	3.0	6.75	8.24	17.13	9.92	12.63	7.52	10.74	17.69	6.86	10.55	10.1	
1147.0	23.0	7.0	7.0	16.54	10.71	9.33	8.54	6.3	13.86	7.11	6.45	17.77	7.86	7.62	
1148.0	56.0	13.0	13.0	13.38	14.05	10.64	8.27	17.81	7.41	9.41	6.56	10.48	9.45	11.72	
1149.0	59.0	9.0	9.0	10.25	9.17	12.35	17.65	16.85	13.64	8.82	9.33	8.97	17.98	6.86	
1150.0	56.0	13.0	13.0	12.61	16.48	6.13	17.82	7.69	15.22	9.8	13.22	6.13	15.86	9.95	
1151.0	93.0	4.0	4.0	11.03	15.53	16.9	13.69	9.13	8.54	15.97	17.04	10.44	17.44	13.09	
1152.0	48.0	13.0	13.0	10.14	17.7	12.87	14.58	6.5	16.12	17.55	13.88	17.27	10.02	17.44	
1153.0	83.0	5.0	5.0	6.18	16.29	15.57	9.47	15.83	16.75	9.62	10.92	13.67	9.11	8.27	
1154.0	53.0	12.0	12.0	6.87	10.86	14.34	15.1	13.82	13.75	17.37	7.33	15.69	11.88	7.91	
1155.0	88.0	4.0	4.0	11.23	9.77	16.83	6.08	14.78	10.93	8.63	15.01	12.14	7.45	7.77	
1156.0	87.0	5.0	5.0	9.08	12.19	12.0	15.15	14.96	8.32	8.42	12.49	14.22	11.37	10.86	
1157.0	44.0	3.0	3.0	6.56	9.74	12.28	9.65	13.45	6.79	16.39	15.55	11.51	6.83	15.26	
1158.0	46.0	14.0	14.0	15.1	10.15	16.43	17.7	12.61	10.74	17.49	15.41	12.57	6.16	6.86	
1159.0	48.0	13.0	13.0	8.17	7.34	15.89	12.71	13.31	16.79	13.59	10.63	17.82	14.39	17.68	
1160.0	52.0	4.0	4.0	14.59	13.48	7.49	17.79	8.76	6.31	14.42	7.01	17.51	17.41	8.32	
1161.0	56.0	13.0	13.0	15.01	17.32	14.49	12.53	13.23	7.87	9.15	12.1	10.4	13.53	13.77	
1162.0	58.0	11.0	11.0	14.41	15.81	10.45	15.61	8.17	11.42	10.37	7.06	6.83	16.91	15.89	
1163.0	60.0	3.0	3.0	10.28	15.92	16.12	7.22	9.9	9.63	15.56	14.11	16.19	12.22	7.76	
1164.0	45.0	5.0	5.0	13.92	6.03	15.93	10.66	6.63	6.15	10.36	13.85	9.82	16.78	15.91	
1165.0	29.0	2.0	2.0	10.26	15.27	10.58	13.3	8.69	14.8	14.44	14.74	7.17	10.43	15.87	
1166.0	90.0	4.0	4.0	8.46	9.19	15.97	8.56	14.41	6.44	12.31	9.12	17.78	14.37	15.65	
1167.0	52.0	4.0	4.0	11.54	6.77	7.23	15.58	16.08	11.17	11.77	10.22	9.08	10.11	10.16	
1168.0	86.0	15.0	15.0	11.34	13.13	6.31	12.35	13.56	13.95	11.44	17.16	6.78	13.98	11.11	
1169.0	59.0	9.0	9.0	16.18	16.57	17.01	15.64	8.0	6.67	11.95	12.75	14.5	11.74	13.75	
1170.0	42.0	4.0	4.0	13.44	16.53	11.11	6.6	14.24	11.72	17.64	7.7	10.21	12.43	14.45	
1171.0	25.0	12.0	12.0	17.11	9.3	10.56	7.38	9.71	13.45	13.39	8.15	10.33	14.33	12.8	
1172.0	47.0	15.0	15.0	16.92	8.31	12.89	17.21	11.54	7.23	11.32	14.76	12.56	8.56	14.43	
1173.0	52.0	4.0	4.0	6.15	16.75	6.61	15.34	10.42	16.51	14.0	15.32	6.3	9.47	12.68	
1174.0	90.0	4.0	4.0	6.57	12.65	10.61	12.05	15.55	15.19	10.43	7.82	11.59	10.17	9.88	
1175.0	90.0	4.0	4.0	9.47	11.05	16.17	15.19	10.09	9.78	7.94	8.21	11.43	14.92	13.45	
1176.0	60.0	3.0	3.0	6.56	9.76	11.86	15.06	11.74	11.1	13.56	16.4	9.73	10.03	16.01	
1177.0	44.0	3.0	3.0	14.1	17.03	11.8	8.07	6.59	12.4	6.57	15.68	11.17	12.34	11.31	
1178.0	45.0	5.0	5.0	13.0	10.34	14.52	6.54	13.25	16.83	17.25	17.76	17.31	14.4	15.62659525560574	
1179.0	48.0	13.0	13.0	10.02	9.68	16.2	9.95	12.21	12.01	12.65	8.07	7.08	16.89	12.0	
1180.0	53.0	12.0	12.0	17.29	15.04	15.32	6.24	12.95	15.21	14.65	9.27	12.93	10.87	12.32	
1181.0	66.0	12.0	12.0	13.33	8.47	13.81	13.94	17.69	8.34	10.44	14.23	15.93	10.83	12.73	
1182.0	59.0	9.0	9.0	11.36	9.05	14.46	9.98	11.33	15.25	12.18	7.77	17.84	9.62	6.1	
1183.0	100.0	14.0	14.0	13.94	17.02	12.92	17.69	7.24	7.24	17.68	16.41	17.05	13.12	3.675731520520665	
1184.0	98.0	15.0	15.0	13.83	9.27	10.99	6.55	7.03	10.21	15.01	12.37	16.73	9.44	11.37	
1185.0	96.0	15.0	15.0	8.88	9.94	6.9	12.78	12.33	12.31	11.71	8.01	14.3	17.99	13.19	
1186.0	51.0	2.0	2.0	6.46	13.63	15.86	13.28	15.95	15.87	11.54	9.78	8.37	13.63	11.73	
1187.0	53.0	12.0	12.0	7.54	13.05	17.99	14.59	10.49	15.65	16.35	7.09	11.91	14.84	15.44	
1188.0	90.0	4.0	4.0	17.51	15.06	14.34	8.84	9.71	14.78	7.91	8.01	15.22	6.82	8.38	
1189.0	58.0	11.0	11.0	11.94	7.99	13.66	9.18	9.83	16.51	6.19	12.81	7.79	13.44	9.2	
1190.0	83.0	5.0	5.0	15.94	8.54	14.37	9.65	16.58	14.65	16.04	6.12	8.86	17.04	8.08	
1191.0	94.0	13.0	13.0	17.08	13.99	13.61	16.57	6.75	14.31	10.68	15.74	13.55	16.59	13.300174585387516	
1192.0	85.0	3.0	3.0	12.16	15.48	13.89	9.03	6.11	16.71	10.2	14.36	6.11	16.45	12.05	
1193.0	52.0	4.0	4.0	6.21	11.81	16.3	15.22	9.34	8.94	6.17	11.05	9.3	6.05	11.98	
1194.0	53.0	12.0	12.0	7.81	10.27	14.22	9.41	15.86	11.54	10.63	9.33	10.08	17.86	11.01	
1195.0	56.0	13.0	13.0	8.64	8.55	6.28	13.67	15.44	9.92	12.35	9.63	13.94	16.38	9.61	
1196.0	60.0	3.0	3.0	7.41	13.16	14.05	13.84	9.97	13.39	13.2	10.03	8.55	17.84	7.97	
1197.0	82.0	6.0	6.0	7.63	9.99	6.43	8.79	13.0	11.29	8.5	17.84	14.67	16.87	9.64	
1198.0	47.0	15.0	15.0	15.03	12.66	11.84	9.35	11.42	17.27	13.17	16.04	16.8	13.44	16.35	
1199.0	50.0	9.0	9.0	9.53	7.34	15.53	7.88	9.33	7.78	14.96	17.92	10.01	6.99	11.15	
1200.0	88.0	4.0	4.0	11.15	14.62	10.74	9.47	7.01	10.7	17.45	17.53	10.37	12.9	17.19	
1201.0	97.0	9.0	9.0	13.28	8.76	8.8	17.33	15.46	10.87	16.28	10.75	7.22	14.65	17.35	
1202.0	58.0	11.0	11.0	7.04	10.99	11.59	6.9	15.98	14.54	12.63	12.57	7.19	14.53	12.86	
1203.0	29.0	2.0	2.0	17.63	7.4	15.35	13.65	16.74	17.94	14.8	9.2	16.74	8.5	8.05	
1204.0	81.0	3.0	3.0	13.77	11.78	10.41	16.15	11.71	12.47	6.86	8.77	7.6	7.25	12.94	
1205.0	81.0	3.0	3.0	9.07	7.55	17.13	10.79	13.19	8.17	13.88	14.78	13.57	6.02	16.21	
1206.0	87.0	5.0	5.0	15.08	8.55	10.19	13.29	15.21	10.47	15.21	6.44	10.95	12.83	12.34	
1207.0	100.0	14.0	14.0	13.19	10.04	8.8	9.91	7.08	10.13	9.8	13.2	7.19	14.99	7.58	
1208.0	69.0	12.0	12.0	6.52	12.92	7.93	7.07	6.77	10.93	15.46	17.83	11.74	15.91	8.61	
1209.0	38.0	5.0	5.0	7.0	16.54	8.5	8.0	14.54	14.77	8.52	6.31	15.4	8.8	17.84	
1210.0	55.0	6.0	6.0	8.75	16.55	15.32	16.82	13.09	17.8	15.33	7.63	11.11	8.76	6.68	
1211.0	95.0	8.0	8.0	7.86	8.77	17.19	13.85	6.22	12.72	16.3	16.66	7.3	16.78	12.78	
1212.0	49.0	12.0	12.0	9.21	14.38	13.16	11.45	7.68	7.93	7.09	15.85	10.48	16.3	16.78	
1213.0	51.0	2.0	2.0	16.63	15.75	12.88	6.05	15.27	13.86	14.44	12.53	11.97	8.81	11.24	
1214.0	53.0	12.0	12.0	12.2	17.02	8.97	13.43	16.84	14.91	17.12	7.91	9.87	14.06	10.81	
1215.0	56.0	13.0	13.0	13.55	17.12	17.25	13.73	6.72	11.58	14.2	10.7	15.4	12.44	10.83	
1216.0	59.0	9.0	9.0	12.36	7.17	6.19	11.74	7.96	17.61	12.74	6.76	9.76	11.74	6.32	
1217.0	90.0	4.0	4.0	12.58	10.09	7.36	15.63	9.32	10.48	16.23	9.7	14.83	13.25	6.16	
1218.0	99.0	12.0	12.0	17.16	17.86	8.27	17.49	12.1	14.07	16.9	6.45	13.14	13.05	15.89	
1219.0	98.0	15.0	15.0	8.86	16.93	11.64	17.55	17.58	14.17	9.22	10.38	15.86	6.54	9.63	
1220.0	94.0	13.0	13.0	12.29	9.05	15.21	9.92	9.48	9.87	13.91	17.5	7.75	10.15	10.04	
1221.0	89.0	14.0	14.0	9.81	6.94	11.52	11.77	13.21	11.79	13.96	9.79	15.87	16.72	10.54	
1222.0	93.0	4.0	4.0	12.26	6.17	15.21	11.34	17.95	8.32	16.77	13.8	6.61	9.34	14.27	
1223.0	92.0	10.0	10.0	14.04	11.17	11.06	15.56	9.72	17.94	8.44	14.74	8.43	12.18	8.86	
1224.0	70.0	11.0	11.0	14.83	10.56	7.3	9.07	13.16	13.95	17.32	15.71	9.17	6.63	9.51	
1225.0	90.0	4.0	4.0	14.86	13.71	10.02	17.37	10.03	10.07	11.77	13.11	11.8	6.27	15.2	
1226.0	49.0	12.0	12.0	15.11	9.63	14.38	12.62	13.4	13.55	6.78	16.18	13.92	8.85	11.13	
1227.0	86.0	15.0	15.0	7.88	16.68	11.7	10.42	12.86	9.27	16.09	15.86	17.06	14.61	15.06	
1228.0	55.0	6.0	6.0	7.74	9.81	8.6	16.38	11.72	17.04	16.62	14.39	13.48	10.73	17.97	
1229.0	95.0	8.0	8.0	17.2	13.83	9.32	14.99	10.19	6.11	7.24	9.33	6.67	17.1	11.36	
1230.0	86.0	15.0	15.0	6.9	14.97	10.34	10.84	10.5	17.45	9.94	15.19	16.87	17.63	9.32	
1231.0	92.0	10.0	10.0	8.44	12.17	13.44	13.06	7.97	12.38	8.7	11.89	14.24	6.87	11.91	
1232.0	67.0	3.0	3.0	6.73	6.64	15.52	13.57	8.88	8.57	17.84	9.74	8.18	12.8	16.05	
1233.0	86.0	15.0	15.0	15.32	17.8	6.68	10.97	17.23	7.72	8.64	11.64	16.1	13.53	17.83	
1234.0	55.0	6.0	6.0	10.57	9.53	10.29	15.02	13.63	11.37	11.08	10.11	10.45	17.38	16.68	
1235.0	93.0	4.0	4.0	16.66	12.84	7.94	7.03	7.51	11.83	13.92	11.37	6.88	9.94	14.29	
1236.0	44.0	3.0	3.0	12.35	13.74	16.0	12.91	11.39	15.09	11.26	7.54	12.11	11.99	16.5	
1237.0	80.0	3.0	3.0	15.4	13.13	15.81	15.79	13.31	16.4	10.51	12.73	7.46	8.91	12.44	
1238.0	99.0	12.0	12.0	8.94	15.94	10.71	17.41	12.17	18.0	9.18	8.99	6.55	9.73	9.45	
1239.0	71.0	11.0	11.0	10.35	7.97	9.26	13.28	16.71	10.16	7.69	9.72	14.46	7.45	9.16	
1240.0	62.0	7.0	7.0	17.51	14.71	7.6	8.98	17.4	14.02	7.99	14.33	12.02	15.01	16.25	
1241.0	63.0	15.0	15.0	8.1	13.74	9.63	14.17	13.15	9.69	14.41	8.36	7.81	15.99	16.01	
1242.0	37.0	5.0	5.0	9.41	12.52	6.3	9.55	7.5	6.23	17.72	16.11	15.05	11.04	10.36	
1243.0	77.0	8.0	8.0	6.76	12.44	7.91	14.57	15.4	12.45	17.06	11.71	7.64	17.63	11.96	
1244.0	88.0	4.0	4.0	11.45	14.68	16.21	9.5	8.43	9.72	13.28	14.36	17.78	12.51	11.78	
1245.0	95.0	8.0	8.0	16.35	10.75	12.88	8.16	7.4	14.2	16.05	8.48	12.61	14.46	7.23	
1246.0	98.0	15.0	15.0	15.54	13.61	8.19	10.53	9.43	9.7	9.52	17.43	17.79	15.72	9.09	
1247.0	37.0	5.0	5.0	16.21	10.28	16.74	7.55	17.25	8.02	7.32	17.71	11.46	7.53	16.9	
1248.0	57.0	14.0	14.0	12.09	9.56	15.95	8.41	12.44	10.21	16.79	17.76	8.2	17.29	17.13	
1249.0	92.0	10.0	10.0	17.91	12.5	11.59	17.4	16.99	16.49	13.9	14.97	12.92	7.66	15.376905534315972	
1250.0	98.0	15.0	15.0	11.84	15.71	14.23	10.64	12.71	16.69	12.26	10.05	17.63	9.16	13.16	
1251.0	46.0	14.0	14.0	15.7	7.45	6.51	16.48	10.85	13.38	8.45	14.48	11.25	6.26	8.11	
1252.0	95.0	8.0	8.0	12.51	12.21	7.45	8.26	6.73	11.73	8.82	14.06	17.44	11.99	9.18	
1253.0	84.0	12.0	12.0	10.39	11.04	16.66	14.06	14.21	11.99	7.02	6.96	7.27	7.1	9.53	
1254.0	54.0	10.0	10.0	15.73	9.11	10.83	13.3	11.43	10.05	13.36	7.92	17.32	17.82	10.01	
1255.0	56.0	13.0	13.0	8.11	12.36	9.74	10.38	14.96	6.49	15.34	9.22	7.23	9.16	8.41	
1256.0	90.0	4.0	4.0	8.15	15.54	11.51	11.16	13.3	11.6	17.83	11.96	15.48	14.47	9.38	
1257.0	83.0	5.0	5.0	6.45	17.62	8.18	13.0	15.36	10.05	17.85	8.71	8.0	12.54	6.04	
1258.0	97.0	9.0	9.0	16.56	17.85	14.08	17.01	13.18	7.03	15.45	13.49	6.13	9.86	9.25	
1259.0	50.0	9.0	9.0	8.28	13.11	6.29	16.25	6.27	6.65	8.59	12.23	9.58	6.45	9.01	
1260.0	51.0	2.0	2.0	10.88	11.22	14.36	15.06	16.92	7.15	12.08	13.19	11.59	16.36	14.26	
1261.0	90.0	4.0	4.0	14.29	17.9	11.63	13.35	16.57	8.13	6.39	6.48	16.98	9.52	12.48	
1262.0	95.0	8.0	8.0	10.42	17.53	17.7	7.9	9.07	8.51	11.48	12.69	12.35	12.9	10.79	
1263.0	62.0	7.0	7.0	16.54	15.94	11.26	17.78	12.36	17.88	8.77	17.23	14.12	13.91	10.022374467258478	
1264.0	85.0	3.0	3.0	6.84	8.99	17.85	12.44	15.22	7.11	7.62	13.64	12.69	9.64	16.19	
1265.0	89.0	14.0	14.0	16.02	13.33	15.67	17.73	13.06	6.55	13.05	14.09	16.17	13.68	11.077799861638793	
1266.0	61.0	12.0	12.0	12.88	12.85	7.82	6.75	9.65	7.47	14.83	10.13	13.0	9.82	11.43	
1267.0	92.0	10.0	10.0	16.05	12.99	10.53	16.08	16.17	17.38	9.96	6.62	8.8	16.59	13.08	
1268.0	83.0	5.0	5.0	14.87	12.89	9.4	17.5	8.4	7.46	10.02	6.37	16.92	12.08	13.44	
1269.0	59.0	9.0	9.0	17.88	12.03	12.32	12.51	13.13	9.63	14.54	7.63	9.49	14.25	11.59	
1270.0	80.0	3.0	3.0	14.85	9.69	16.57	17.15	17.67	6.22	17.56	17.65	11.66	6.92	13.53	
1271.0	87.0	5.0	5.0	13.49	10.58	13.08	12.38	10.94	7.89	12.98	14.06	10.0	7.69	10.26	
1272.0	89.0	14.0	14.0	12.99	17.76	16.26	14.8	13.28	15.0	6.83	17.44	8.55	10.66	6.51	
1273.0	88.0	4.0	4.0	12.1	11.87	7.24	7.24	8.69	11.52	10.36	7.91	11.07	16.8	14.2	
1274.0	86.0	15.0	15.0	7.68	11.89	10.82	9.53	17.27	6.71	12.79	6.63	11.67	16.79	11.18	
1275.0	89.0	14.0	14.0	15.36	14.87	6.29	6.84	12.35	14.99	15.73	14.23	9.67	10.06	13.99	
1276.0	71.0	11.0	11.0	7.25	8.99	14.69	16.69	6.35	6.68	15.55	8.35	16.45	6.11	14.57	
1277.0	39.0	14.0	14.0	14.09	6.64	9.94	6.84	15.86	16.34	6.28	15.31	17.4	8.35	14.56	
1278.0	78.0	8.0	8.0	10.59	13.24	15.84	10.8	11.54	15.11	17.79	14.24	8.14	8.46	16.38	
1279.0	98.0	15.0	15.0	6.52	16.8	11.09	11.16	14.1	14.96	8.55	8.7	12.49	13.28	9.96	
1280.0	51.0	2.0	2.0	15.89	14.95	9.02	6.71	15.1	8.73	16.62	10.29	10.26	10.64	8.06	
1281.0	65.0	11.0	11.0	11.01	16.42	11.04	17.3	17.34	16.57	6.89	14.15	12.48	6.02	7.81	
1282.0	90.0	4.0	4.0	13.02	8.34	12.79	16.54	8.05	12.02	16.44	6.14	17.88	7.73	7.01	
1283.0	32.0	14.0	14.0	6.07	10.72	13.84	8.52	13.2	17.88	13.9	11.92	10.44	6.35	9.25	
1284.0	85.0	3.0	3.0	11.02	8.0	8.35	17.52	7.14	13.56	9.99	16.47	15.13	10.59	15.47	
1285.0	48.0	13.0	13.0	8.85	6.95	10.0	16.77	10.34	14.07	7.3	13.86	17.87	12.17	8.46	
1286.0	49.0	12.0	12.0	7.47	11.34	8.9	9.2	7.54	12.42	14.94	11.75	14.75	15.14	8.9	
1287.0	84.0	12.0	12.0	8.58	8.97	11.73	15.77	12.11	12.45	13.01	13.48	12.2	16.06	6.71	
1288.0	55.0	6.0	6.0	12.59	6.88	8.86	16.02	16.63	10.95	16.41	10.94	11.63	17.43	7.65	
1289.0	65.0	11.0	11.0	10.4	9.79	12.35	11.49	17.11	10.58	15.12	9.45	14.63	10.48	9.31	
1290.0	88.0	4.0	4.0	16.74	6.61	7.72	12.07	11.47	10.28	9.8	14.41	11.06	12.01	14.61	
1291.0	83.0	5.0	5.0	10.32	9.64	8.05	14.44	7.49	6.54	16.32	15.86	14.97	11.83	13.04	
1292.0	74.0	1.0	1.0	10.23	6.16	11.86	16.86	10.93	7.84	15.95	14.21	9.31	12.03	7.44	
1293.0	52.0	4.0	4.0	17.17	14.47	6.07	10.54	12.05	13.3	12.29	16.79	8.88	9.37	17.25	
1294.0	83.0	5.0	5.0	10.46	17.27	10.81	6.66	17.52	15.08	12.78	9.08	8.85	13.09	6.88	
1295.0	79.0	7.0	7.0	9.34	16.83	13.81	7.95	15.34	6.54	15.35	17.41	13.79	17.43	14.25	
1296.0	99.0	12.0	12.0	12.5	10.66	7.53	6.52	11.57	9.48	6.69	15.12	6.68	11.13	10.15	
1297.0	79.0	7.0	7.0	17.38	9.38	12.77	8.73	17.2	12.66	12.28	14.43	12.66	6.59	11.57	
1298.0	45.0	5.0	5.0	8.32	15.27	14.5	13.15	14.15	10.31	12.07	11.58	6.57	7.58	7.28	
1299.0	98.0	15.0	15.0	6.47	11.58	11.04	14.93	11.26	13.92	12.29	11.25	16.39	6.11	16.41	
1300.0	53.0	12.0	12.0	12.25	7.02	11.37	9.89	13.52	17.22	6.41	9.89	11.79	6.81	15.32	
1301.0	67.0	3.0	3.0	8.89	12.41	13.16	16.08	13.26	13.34	17.39	17.12	15.68	15.93	0.7219765010602317	
1302.0	58.0	11.0	11.0	9.72	10.47	13.67	15.97	14.36	16.91	10.86	6.46	9.9	13.42	17.73	
1303.0	86.0	15.0	15.0	8.95	7.57	16.94	10.73	8.9	8.16	17.16	16.6	16.83	14.18	11.62	
1304.0	86.0	15.0	15.0	10.36	7.53	11.19	14.76	11.45	8.13	6.44	13.55	11.1	9.57	10.84	
1305.0	47.0	15.0	15.0	17.81	8.24	6.61	10.74	11.57	10.07	12.84	9.16	11.25	9.91	13.02	
1306.0	79.0	7.0	7.0	14.29	16.21	7.6	10.47	12.03	17.31	9.73	15.46	12.52	17.37	11.45	
1307.0	53.0	12.0	12.0	12.37	15.03	12.56	17.6	17.76	9.97	12.9	17.62	17.1	17.77	2.29996880352543	
1308.0	91.0	9.0	9.0	12.53	13.31	11.91	12.53	16.66	9.27	10.0	10.58	8.94	12.9	8.1	
1309.0	89.0	14.0	14.0	17.08	9.73	12.85	8.7	12.07	10.43	17.19	16.24	13.17	9.15	12.33	
1310.0	70.0	11.0	11.0	15.63	9.53	6.52	12.7	12.89	16.31	13.94	14.27	15.55	11.07	9.3	
1311.0	94.0	13.0	13.0	14.2	15.01	11.96	10.12	13.53	15.97	11.51	17.33	17.13	14.42	9.558067989393084	
1312.0	49.0	12.0	12.0	7.35	6.71	17.83	13.38	11.37	16.79	7.58	14.13	7.95	8.62	11.95	
1313.0	87.0	5.0	5.0	14.05	13.51	14.39	9.42	6.71	16.97	15.04	16.67	15.53	9.4	16.35	
1314.0	81.0	3.0	3.0	10.6	6.04	17.2	10.96	10.0	7.1	11.67	15.66	7.44	13.83	15.24	
1315.0	94.0	13.0	13.0	11.45	15.51	11.6	6.23	14.72	11.84	6.73	15.8	17.85	8.71	12.29	
1316.0	85.0	3.0	3.0	7.99	9.08	16.16	6.6	7.07	16.24	8.41	9.12	10.25	6.77	13.97	
1317.0	61.0	12.0	12.0	10.18	11.52	10.1	14.5	17.52	15.61	16.38	15.02	15.23	16.6	6.230656135433794	
1318.0	93.0	4.0	4.0	9.39	12.96	7.27	17.09	15.73	8.22	12.18	11.21	9.27	6.42	14.78	
1319.0	89.0	14.0	14.0	16.5	8.94	11.31	6.09	17.39	8.2	16.41	16.77	6.86	12.76	8.31	
1320.0	63.0	15.0	15.0	16.66	6.48	6.53	16.17	6.38	11.65	15.49	16.13	14.35	17.84	9.76	
1321.0	75.0	8.0	8.0	9.2	7.57	17.65	8.71	16.12	17.22	17.42	9.81	13.03	12.63	10.44	
1322.0	58.0	11.0	11.0	6.62	14.97	8.78	7.57	8.3	17.8	6.04	16.19	7.24	16.86	10.02	
1323.0	99.0	12.0	12.0	15.62	16.64	6.32	8.93	17.66	12.83	7.25	12.91	17.77	6.62	6.2	
1324.0	98.0	15.0	15.0	11.55	10.48	7.83	9.88	6.34	7.76	14.16	7.52	10.18	9.06	9.66	
1325.0	98.0	15.0	15.0	7.71	12.1	6.06	15.78	6.96	13.11	13.21	9.47	6.89	7.13	16.97	
1326.0	49.0	12.0	12.0	9.66	9.4	13.94	13.65	15.1	17.62	8.52	14.83	10.38	16.2	6.91	
1327.0	92.0	10.0	10.0	6.32	11.06	9.0	13.35	15.37	7.35	16.9	14.65	10.95	13.96	11.75	
1328.0	70.0	11.0	11.0	17.46	11.07	15.54	16.72	8.1	8.32	9.77	10.05	6.84	7.82	13.33	
1329.0	96.0	15.0	15.0	10.99	13.77	8.71	10.13	15.64	6.03	13.59	13.13	12.69	8.7	7.53	
1330.0	92.0	10.0	10.0	9.54	8.2	6.59	15.13	16.26	6.08	11.81	16.73	6.94	10.69	8.55	
1331.0	33.0	14.0	14.0	14.13	12.85	7.04	16.63	8.1	17.46	11.6	11.22	13.18	17.95	13.34	
1332.0	77.0	8.0	8.0	9.9	11.22	17.33	14.87	6.21	6.64	14.85	7.38	17.01	7.61	9.73	
1333.0	97.0	9.0	9.0	8.5	10.37	16.47	6.66	10.19	14.14	16.28	8.18	9.95	13.65	15.24	
1334.0	82.0	6.0	6.0	16.69	12.75	13.92	10.53	16.05	13.38	13.85	10.68	11.43	15.72	6.62	
1335.0	94.0	13.0	13.0	13.84	12.41	14.67	11.66	15.48	8.26	11.58	9.11	10.48	11.8	15.79	
1336.0	100.0	14.0	14.0	16.22	14.69	11.4	14.83	7.59	16.89	16.38	11.33	6.97	7.63	15.47	
1337.0	95.0	8.0	8.0	16.92	6.36	6.52	11.67	11.07	16.56	8.46	13.88	17.4	11.62	14.98	
1338.0	78.0	8.0	8.0	16.1	10.97	14.59	9.98	6.52	8.82	7.91	12.6	13.38	7.76	12.11	
1339.0	67.0	3.0	3.0	12.96	7.24	13.63	14.79	15.74	8.2	17.52	13.27	6.64	9.96	17.91	
1340.0	93.0	4.0	4.0	10.93	14.06	12.31	9.88	12.08	14.25	12.17	14.59	7.63	17.04	16.25	
1341.0	82.0	6.0	6.0	13.65	10.79	12.35	17.93	6.68	11.68	8.04	12.09	12.85	17.95	12.15	
1342.0	89.0	14.0	14.0	17.39	15.67	13.41	9.96	12.7	8.21	17.04	9.12	8.84	11.31	7.96	
1343.0	81.0	3.0	3.0	7.12	14.45	15.11	8.18	7.88	14.09	7.85	6.74	15.72	16.67	12.02	
1344.0	44.0	3.0	3.0	14.9	11.86	13.59	17.67	8.65	16.14	6.17	8.67	14.38	8.54	14.57	
1345.0	70.0	11.0	11.0	16.73	6.14	11.59	10.76	9.82	13.19	16.59	13.72	14.52	13.78	13.36	
1346.0	49.0	12.0	12.0	10.23	13.78	13.07	14.09	6.62	16.85	14.51	14.46	6.47	15.35	8.6	
1347.0	82.0	6.0	6.0	12.86	13.46	7.64	15.81	10.61	16.45	7.66	11.93	11.67	10.71	8.93	
1348.0	63.0	15.0	15.0	10.69	7.24	6.4	9.02	11.75	10.08	15.32	16.73	8.54	14.98	8.57	
1349.0	63.0	15.0	15.0	10.5	10.71	10.01	13.7	7.91	6.32	11.71	15.18	10.25	17.27	6.33	
1350.0	42.0	4.0	4.0	9.03	8.21	10.34	11.61	15.28	13.3	10.58	10.14	7.22	9.32	15.29	
1351.0	65.0	11.0	11.0	15.8	15.59	16.45	11.72	13.47	10.44	16.22	12.19	10.52	12.41	13.59	
1352.0	82.0	6.0	6.0	13.4	16.99	11.37	9.68	13.43	14.57	8.81	15.65	13.62	12.75	16.24	
1353.0	82.0	6.0	6.0	10.24	16.6	8.68	11.3	7.99	10.78	8.64	7.16	8.78	16.51	11.4	
1354.0	92.0	10.0	10.0	17.9	6.76	17.97	12.33	12.44	8.95	6.96	9.47	9.65	7.05	12.23	
1355.0	98.0	15.0	15.0	12.18	16.01	12.93	17.4	10.42	8.56	7.54	12.6	17.38	17.27	6.97	
1356.0	62.0	7.0	7.0	9.42	9.29	13.05	7.77	10.33	17.59	7.97	11.27	6.32	7.6	13.22	
1357.0	93.0	4.0	4.0	6.4	6.55	6.99	9.35	12.48	12.01	8.62	11.0	9.15	13.07	15.13	
1358.0	96.0	15.0	15.0	16.09	12.44	9.9	11.81	10.79	13.94	6.95	16.59	8.05	16.14	8.9	
1359.0	87.0	5.0	5.0	12.52	13.34	10.13	9.88	9.66	17.4	11.47	17.84	16.35	9.63	14.38	
1360.0	96.0	15.0	15.0	8.48	11.33	12.83	8.04	16.4	15.12	7.65	11.07	10.92	15.05	6.99	
1361.0	100.0	14.0	14.0	16.21	10.97	12.52	9.75	13.49	16.63	7.38	8.83	10.92	9.65	15.45	
1362.0	65.0	11.0	11.0	13.45	11.18	14.55	6.11	6.17	11.66	15.77	7.52	15.42	16.27	11.82	
1363.0	42.0	4.0	4.0	13.47	9.4	6.34	7.1	14.84	6.57	15.21	6.24	13.68	10.45	8.45	
1364.0	100.0	14.0	14.0	6.97	17.84	10.33	12.76	12.35	15.12	9.65	16.37	12.01	10.96	6.5	
1365.0	62.0	7.0	7.0	6.22	10.26	8.02	16.35	7.09	9.88	10.82	13.81	15.17	13.88	8.1	
1366.0	70.0	11.0	11.0	13.22	11.04	8.07	15.88	14.8	16.0	17.0	16.77	11.38	17.78	10.817076245579951	
1367.0	23.0	7.0	7.0	10.38	17.23	6.36	13.64	7.39	9.38	6.04	14.01	15.05	15.44	9.34	
1368.0	39.0	14.0	14.0	12.49	12.04	15.39	7.59	13.9	13.08	6.83	7.65	11.78	9.41	14.7	
1369.0	23.0	7.0	7.0	7.34	8.63	7.3	14.54	13.4	11.16	6.53	9.27	7.25	17.61	17.83	
1370.0	26.0	1.0	1.0	13.65	14.31	7.88	17.47	15.13	7.89	17.08	15.86	7.86	7.59	8.8	
1371.0	29.0	2.0	2.0	10.41	8.25	14.76	15.17	11.4	8.93	14.49	11.38	10.44	15.62	14.3	
1372.0	32.0	14.0	14.0	7.09	10.73	15.18	9.89	13.28	17.18	15.49	14.76	15.34	17.52	9.75	
1373.0	75.0	8.0	8.0	17.64	15.41	10.8	11.36	12.84	9.83	17.03	11.46	13.36	7.28	8.96	
1374.0	38.0	5.0	5.0	8.95	8.45	14.71	16.92	10.08	11.68	14.64	10.56	11.49	15.82	10.0	
1375.0	98.0	15.0	15.0	11.45	8.17	9.54	8.63	14.27	16.06	16.19	15.84	12.44	9.53	13.37	
1376.0	23.0	7.0	7.0	12.52	15.11	8.53	7.47	12.71	17.07	9.74	12.36	12.61	8.7	6.36	
1377.0	27.0	13.0	13.0	14.53	17.26	13.41	6.49	17.74	17.98	15.64	6.51	9.78	15.58	17.11	
1378.0	88.0	4.0	4.0	7.29	12.61	10.16	12.47	12.25	8.51	8.68	16.28	8.94	16.22	17.61	
1379.0	33.0	14.0	14.0	14.35	10.23	16.93	13.55	14.94	16.77	6.93	15.17	7.81	10.97	17.74	
1380.0	63.0	15.0	15.0	12.12	16.67	11.71	10.43	15.25	12.26	12.06	16.89	11.99	8.2	14.58	
1381.0	76.0	6.0	6.0	11.92	11.18	6.81	12.7	6.81	13.03	17.14	15.78	8.47	8.64	10.8	
1382.0	73.0	13.0	13.0	17.61	15.57	6.67	14.51	12.88	17.27	10.99	13.05	14.89	7.4	11.25	
1383.0	26.0	1.0	1.0	14.73	14.56	12.75	6.79	13.94	7.63	11.64	17.29	17.5	11.81	8.18	
1384.0	84.0	12.0	12.0	10.69	17.52	9.48	13.79	6.75	15.46	17.95	17.04	17.81	7.05	9.85	
1385.0	30.0	14.0	14.0	11.06	17.9	7.75	6.79	7.07	15.0	9.42	11.76	7.02	14.22	11.22	
1386.0	82.0	6.0	6.0	15.16	7.86	12.18	13.96	6.32	11.31	9.71	7.54	7.13	6.17	17.62	
1387.0	99.0	12.0	12.0	10.77	12.82	15.59	8.23	15.56	15.34	16.79	11.25	9.63	9.81	10.61	
1388.0	39.0	14.0	14.0	15.01	13.6	15.51	9.08	11.52	6.83	10.7	8.69	17.92	15.61	6.7	
1389.0	90.0	4.0	4.0	7.42	10.06	11.9	12.67	14.67	6.78	11.96	11.72	13.52	16.62	12.43	
1390.0	98.0	15.0	15.0	16.57	11.5	12.46	11.29	9.85	17.22	12.04	8.85	13.48	6.06	6.33	
1391.0	100.0	14.0	14.0	16.49	16.43	10.54	10.44	13.2	13.2	16.53	10.76	15.84	15.09	7.502188403538101	
1392.0	32.0	14.0	14.0	7.06	12.44	9.69	8.24	9.09	15.0	7.11	8.91	7.19	9.54	9.24	
1393.0	85.0	3.0	3.0	6.19	6.27	17.49	12.9	16.97	14.58	9.19	8.56	13.15	9.9	10.19	
1394.0	39.0	14.0	14.0	17.47	15.04	6.93	17.85	7.02	9.46	14.98	7.2	10.13	6.11	9.24	
1395.0	71.0	11.0	11.0	12.75	9.31	9.55	16.57	17.06	9.77	15.53	16.1	12.73	14.23	8.54	
1396.0	100.0	14.0	14.0	12.65	7.66	9.06	15.55	17.35	11.86	7.43	16.41	10.01	15.23	11.06	
1397.0	90.0	4.0	4.0	9.79	12.82	6.06	15.97	12.69	12.44	15.66	15.2	13.43	7.1	13.69	
1398.0	97.0	9.0	9.0	14.58	15.05	6.57	16.62	9.24	11.64	15.73	11.44	8.8	10.08	17.53	
1399.0	66.0	12.0	12.0	14.47	11.21	8.98	13.84	9.31	14.87	9.97	17.81	7.72	13.29	7.42	
1400.0	88.0	4.0	4.0	9.58	15.36	11.51	11.67	13.27	10.67	8.36	14.76	6.66	7.25	11.82	
1401.0	78.0	8.0	8.0	13.55	7.78	7.24	12.87	13.13	10.27	9.48	12.84	8.08	10.49	17.86	
1402.0	21.0	9.0	9.0	8.24	10.76	10.57	9.97	12.54	14.71	14.6	9.59	9.99	13.61	9.09	
1403.0	81.0	3.0	3.0	10.36	12.2	9.81	16.04	10.52	12.66	10.5	10.77	10.02	8.32	6.79	
1404.0	88.0	4.0	4.0	16.45	17.15	16.35	11.4	12.91	17.77	9.79	14.17	13.68	15.1	3.4903256818979482	
1405.0	90.0	4.0	4.0	12.2	12.54	13.67	6.32	6.84	14.14	15.64	8.23	15.88	11.42	7.24	
1406.0	94.0	13.0	13.0	11.02	12.76	9.1	16.54	14.78	10.1	6.5	8.28	9.62	11.63	17.56	
1407.0	93.0	4.0	4.0	17.14	9.65	16.38	14.52	7.86	12.99	12.65	16.72	16.1	14.96	0.19385068958417473	
1408.0	96.0	15.0	15.0	15.86	8.73	16.26	14.67	7.86	17.22	13.77	15.25	16.18	10.76	16.19	
1409.0	53.0	12.0	12.0	8.5	16.45	11.97	12.97	9.46	8.54	11.99	14.27	13.9	13.37	6.69	
1410.0	66.0	12.0	12.0	6.74	13.23	13.73	8.02	6.76	11.44	13.59	15.76	8.7	17.22	17.04	
1411.0	45.0	5.0	5.0	8.32	16.55	16.58	15.44	15.35	9.68	16.83	17.39	6.0	11.4	15.92	
1412.0	99.0	12.0	12.0	12.43	10.9	16.57	13.09	9.9	7.53	17.89	9.87	7.85	16.63	11.07	
1413.0	96.0	15.0	15.0	14.1	14.17	6.36	16.71	7.03	13.29	14.92	6.93	17.75	14.86	10.35	
1414.0	69.0	12.0	12.0	14.82	12.9	8.34	16.96	11.64	7.06	11.41	8.38	9.22	12.77	16.28	
1415.0	76.0	6.0	6.0	10.77	10.59	8.48	16.36	16.17	6.29	6.34	7.9	14.44	16.88	16.37	
1416.0	74.0	1.0	1.0	15.68	12.2	12.94	13.29	15.99	8.14	12.2	12.38	11.85	6.98	15.68	
1417.0	96.0	15.0	15.0	14.49	8.08	8.59	6.36	15.7	11.87	15.18	17.6	8.93	16.06	16.49	
1418.0	73.0	13.0	13.0	15.47	15.54	7.04	12.35	9.92	14.64	7.81	8.43	10.19	15.72	6.48	
1419.0	75.0	8.0	8.0	10.32	7.49	16.56	7.69	12.95	14.68	13.91	12.48	14.43	11.96	14.58	
1420.0	78.0	8.0	8.0	13.07	12.47	14.41	6.39	7.12	16.76	15.64	15.58	14.37	14.05	16.78	
1421.0	69.0	12.0	12.0	17.22	8.17	15.12	6.96	13.66	8.98	6.24	8.63	10.51	14.85	7.88	
1422.0	62.0	7.0	7.0	15.09	7.76	12.51	8.37	6.79	14.94	15.38	8.65	7.02	14.13	8.24	
1423.0	98.0	15.0	15.0	11.67	8.26	10.36	6.74	9.16	12.44	16.89	16.1	10.36	12.54	11.28	
1424.0	87.0	5.0	5.0	10.98	17.74	9.44	8.34	7.19	16.08	9.43	15.13	9.71	9.64	12.63	
1425.0	80.0	3.0	3.0	15.11	16.27	8.13	12.57	9.47	17.52	6.08	8.82	16.64	11.72	10.29	
1426.0	73.0	13.0	13.0	10.85	6.26	17.03	11.84	8.87	8.12	13.57	17.22	9.9	8.1	15.12	
1427.0	58.0	11.0	11.0	6.33	7.91	9.45	15.97	17.15	12.05	14.39	12.5	12.2	9.28	15.43	
1428.0	39.0	14.0	14.0	7.29	15.0	13.81	13.68	13.08	8.07	9.49	9.1	7.37	16.24	6.27	
1429.0	100.0	14.0	14.0	9.27	17.79	15.45	10.62	14.75	9.36	14.18	13.48	6.17	8.71	14.99	
1430.0	27.0	13.0	13.0	14.08	6.75	7.62	17.38	7.55	10.88	16.8	6.18	7.7	8.66	8.22	
1431.0	83.0	5.0	5.0	12.4	9.95	17.85	6.05	16.86	9.16	15.3	8.17	15.58	9.64	8.45	
1432.0	88.0	4.0	4.0	8.46	15.39	7.38	10.25	9.29	8.53	14.79	16.51	17.11	10.19	11.81	
1433.0	85.0	3.0	3.0	10.52	11.71	8.75	16.37	7.32	13.97	17.28	9.43	17.96	17.23	16.45	
1434.0	91.0	9.0	9.0	7.8	6.56	11.06	9.8	10.06	13.48	12.63	8.82	13.02	12.63	11.22	
1435.0	92.0	10.0	10.0	9.21	17.83	8.96	14.7	12.28	15.35	13.84	7.43	12.28	13.14	17.9	
1436.0	84.0	12.0	12.0	6.33	6.02	13.52	7.39	17.44	9.65	6.53	9.38	9.68	10.07	17.47	
1437.0	70.0	11.0	11.0	16.34	15.25	10.74	16.86	17.76	15.35	17.94	14.98	15.18	8.604928202703686	15.94799299499518	
1438.0	82.0	6.0	6.0	6.43	14.6	14.17	11.94	12.34	17.97	6.85	11.32	10.83	16.92	15.13	
1439.0	93.0	4.0	4.0	7.09	7.5	7.45	16.62	16.21	17.82	12.6	11.92	15.07	15.95	10.54	
1440.0	81.0	3.0	3.0	16.71	17.74	13.78	11.75	12.86	10.57	10.57	14.8	17.25	14.15	9.903669422959398	
1441.0	81.0	3.0	3.0	14.15	9.79	7.47	6.94	17.89	12.53	17.82	11.1	13.9	12.3	17.01	
1442.0	92.0	10.0	10.0	11.79	15.32	11.57	15.79	7.98	7.29	16.09	6.13	14.65	17.21	13.32	
1443.0	86.0	15.0	15.0	12.77	9.4	13.95	14.83	6.22	14.03	7.36	15.3	8.7	17.92	17.05	
1444.0	96.0	15.0	15.0	6.99	16.91	11.38	8.37	8.38	15.03	16.82	10.32	17.06	16.04	16.38	
1445.0	79.0	7.0	7.0	10.26	11.11	8.17	13.87	6.95	11.03	6.57	6.99	7.03	9.42	6.12	
1446.0	95.0	8.0	8.0	8.96	17.81	13.47	12.31	6.87	11.78	17.68	12.92	15.01	17.72	16.46	
1447.0	95.0	8.0	8.0	17.4	17.63	16.48	9.1	10.89	12.95	9.47	7.96	14.67	9.41	10.98	
1448.0	71.0	11.0	11.0	8.45	8.22	15.57	16.1	6.13	16.96	16.97	10.93	13.12	9.63	15.99	
1449.0	70.0	11.0	11.0	13.79	16.76	16.18	17.56	10.79	6.13	10.46	15.87	8.23	6.9	16.92	
1450.0	81.0	3.0	3.0	12.96	13.86	6.76	11.39	17.49	17.23	12.34	17.29	12.45	10.28	13.9	
1451.0	98.0	15.0	15.0	8.54	14.31	6.01	13.53	8.81	14.88	13.99	11.56	9.81	17.12	12.26	
1452.0	96.0	15.0	15.0	9.61	17.24	16.95	11.35	13.28	9.31	9.23	11.99	7.65	16.62	6.6	
1453.0	81.0	3.0	3.0	9.74	14.84	17.3	9.7	9.03	16.52	14.4	15.91	13.97	14.29	9.09	
1454.0	83.0	5.0	5.0	11.07	7.24	11.86	16.12	7.23	6.7	9.69	12.87	6.2	15.47	17.35	
1455.0	46.0	14.0	14.0	7.54	8.7	16.41	17.54	15.12	7.18	9.04	9.15	16.33	10.15	9.14	
1456.0	63.0	15.0	15.0	12.46	8.05	6.73	15.43	11.06	9.41	12.77	8.25	6.07	14.78	13.93	
1457.0	72.0	11.0	11.0	9.11	11.37	11.61	12.67	14.12	17.34	7.03	7.94	8.0	10.67	10.04	
1458.0	77.0	8.0	8.0	7.5	14.16	11.61	14.77	14.57	13.15	11.77	11.76	9.4	16.19	6.62	
1459.0	95.0	8.0	8.0	15.88	9.64	13.26	8.32	9.12	6.88	6.7	13.89	9.89	10.09	12.77	
1460.0	85.0	3.0	3.0	11.88	10.65	14.78	8.24	9.1	11.05	12.67	15.11	8.58	16.71	17.99	
1461.0	84.0	12.0	12.0	9.11	11.45	8.22	8.96	8.49	16.12	15.73	10.35	14.89	11.55	16.66	
1462.0	90.0	4.0	4.0	6.57	11.0	15.56	8.01	8.15	10.98	8.59	10.17	10.18	10.52	11.96	
1463.0	100.0	14.0	14.0	16.47	12.8	6.24	6.95	14.14	10.17	9.75	15.63	6.16	11.6	7.25	
1464.0	93.0	4.0	4.0	6.18	12.6	11.81	13.63	7.8	8.17	14.93	14.29	17.92	6.82	10.87	
1465.0	83.0	5.0	5.0	13.4	10.52	17.55	8.25	12.9	12.39	6.34	8.5	17.91	14.44	11.19	
1466.0	99.0	12.0	12.0	12.32	17.98	13.02	12.81	14.49	11.43	15.71	8.09	6.05	9.76	12.8	
1467.0	99.0	12.0	12.0	6.34	13.54	17.26	15.59	13.28	10.61	8.2	14.29	9.21	9.13	8.59	
1468.0	97.0	9.0	9.0	12.33	12.73	6.67	8.81	8.73	16.53	17.27	11.1	17.39	14.14	12.99	
1469.0	66.0	12.0	12.0	12.1	14.63	6.18	12.31	6.65	13.23	12.12	11.82	9.09	8.75	12.71	
1470.0	97.0	9.0	9.0	12.16	6.89	16.83	17.69	12.98	15.41	8.64	6.4	15.53	13.62	12.57	
1471.0	95.0	8.0	8.0	13.02	14.92	6.61	15.89	15.2	14.76	10.33	8.0	17.87	17.14	13.82	
1472.0	98.0	15.0	15.0	8.04	16.51	8.47	17.19	14.45	8.09	16.0	15.7	7.37	10.41	12.7	
1473.0	35.0	10.0	10.0	14.11	15.56	8.42	9.53	9.3	14.97	16.87	6.86	15.67	14.67	12.74	
1474.0	79.0	7.0	7.0	14.34	7.22	10.9	10.58	11.87	9.54	13.92	17.66	15.64	8.59	9.39	
1475.0	21.0	9.0	9.0	8.59	8.39	15.03	10.66	9.1	16.04	10.04	6.57	10.46	15.71	8.0	
1476.0	88.0	4.0	4.0	8.92	8.58	11.86	11.42	10.71	9.38	6.79	14.3	10.64	8.71	11.65	
1477.0	76.0	6.0	6.0	10.25	13.0	13.18	9.09	14.13	17.83	8.47	9.04	17.52	14.16	11.03	
1478.0	92.0	10.0	10.0	6.16	13.1	12.25	16.35	13.91	16.76	10.8	10.57	17.29	9.93	7.72	
1479.0	50.0	9.0	9.0	14.36	17.59	6.31	8.76	14.54	8.57	17.24	10.26	14.17	12.53	13.44	
1480.0	37.0	5.0	5.0	8.22	14.71	8.54	7.1	14.46	11.6	11.13	11.15	7.43	15.24	10.34	
1481.0	81.0	3.0	3.0	12.1	7.52	10.2	12.57	7.28	6.1	7.63	7.16	7.3	8.55	14.11	
1482.0	84.0	12.0	12.0	7.07	9.62	16.93	11.73	16.88	6.74	9.54	14.45	17.95	14.43	13.31	
1483.0	86.0	15.0	15.0	6.49	9.19	11.46	11.58	14.96	16.21	15.85	12.05	11.16	16.69	14.52	
1484.0	91.0	9.0	9.0	16.52	7.14	16.82	13.72	17.28	16.78	15.55	10.53	15.19	15.6	0.07543323929779255	
1485.0	92.0	10.0	10.0	12.65	11.01	10.77	8.7	16.47	7.56	9.24	9.77	8.31	6.55	15.06	
1486.0	79.0	7.0	7.0	12.21	13.59	9.6	10.34	10.63	13.92	14.02	11.55	15.39	17.7	7.51	
1487.0	70.0	11.0	11.0	9.6	11.4	7.8	10.3	16.13	8.48	11.49	15.57	13.24	9.39	7.0	
1488.0	65.0	11.0	11.0	11.82	12.5	11.42	12.71	13.72	15.18	11.49	7.29	8.74	10.95	7.16	
1489.0	91.0	9.0	9.0	13.35	16.47	12.64	11.38	15.2	6.86	10.73	10.56	11.5	16.51	10.09	
1490.0	93.0	4.0	4.0	8.1	14.4	10.79	13.56	13.99	13.5	11.39	16.63	6.62	12.69	16.81	
1491.0	98.0	15.0	15.0	15.84	11.77	15.05	17.15	17.77	16.38	7.37	16.02	14.96	9.44	16.744762291977292	
1492.0	75.0	8.0	8.0	8.83	15.69	7.46	11.69	17.11	6.99	10.4	9.84	17.4	17.19	6.11	
1493.0	90.0	4.0	4.0	14.93	9.26	14.0	7.59	7.3	12.37	13.66	12.65	15.05	7.67	15.62	
1494.0	89.0	14.0	14.0	14.4	17.75	11.94	8.96	14.96	11.89	14.45	17.17	10.62	13.57	15.47	
1495.0	82.0	6.0	6.0	8.37	15.42	11.01	8.17	16.98	7.57	12.7	7.26	12.85	17.15	10.67	
1496.0	94.0	13.0	13.0	17.01	16.95	10.83	13.3	8.08	12.66	14.69	12.16	11.83	16.78	13.01	
1497.0	87.0	5.0	5.0	15.38	16.13	6.39	17.23	12.14	9.34	14.93	7.57	8.76	17.05	12.87	
1498.0	98.0	15.0	15.0	10.4	16.86	14.66	16.0	7.38	9.58	9.52	12.61	15.02	7.74	8.08	
1499.0	84.0	12.0	12.0	10.9	12.07	14.71	12.49	10.79	14.3	17.67	14.29	17.68	7.0	9.82	
1500.0	92.0	10.0	10.0	15.79	17.21	9.84	7.24	15.8	11.88	10.45	12.84	11.16	12.26	10.72	
1501.0	100.0	14.0	14.0	16.28	8.99	12.81	10.34	12.49	12.6	11.5	14.03	10.58	13.54	14.73	
1502.0	91.0	9.0	9.0	11.02	10.27	8.15	13.43	13.84	7.5	16.12	14.67	13.48	9.62	8.74	
1503.0	87.0	5.0	5.0	12.61	12.46	10.49	18.0	11.74	12.18	6.5	14.06	10.52	10.55	11.32	
1504.0	69.0	12.0	12.0	8.83	15.17	7.42	7.78	6.45	6.42	9.09	9.09	17.42	6.04	6.25	
1505.0	98.0	15.0	15.0	14.88	17.14	6.08	14.86	8.25	6.78	12.49	15.73	11.17	13.21	16.91	
1506.0	95.0	8.0	8.0	13.05	7.71	8.76	12.92	7.6	9.99	8.23	6.11	12.62	16.49	8.63	
1507.0	82.0	6.0	6.0	8.02	6.21	8.35	7.01	6.66	12.81	17.49	14.28	9.99	6.79	8.53	
1508.0	84.0	12.0	12.0	8.56	6.29	8.45	12.95	14.8	9.93	6.22	15.37	12.33	13.19	12.11	
1509.0	83.0	5.0	5.0	12.71	15.27	7.52	13.18	13.41	11.81	8.91	17.77	12.0	8.71	11.38	
1510.0	94.0	13.0	13.0	8.53	7.88	16.61	16.32	12.09	14.01	16.36	13.36	16.46	13.48	17.74	
1511.0	91.0	9.0	9.0	12.2	10.91	14.9	9.44	17.94	16.36	14.8	10.94	14.43	6.95	12.12	
1512.0	81.0	3.0	3.0	14.64	10.4	8.53	12.22	11.63	8.42	16.2	6.34	10.4	16.21	8.44	
1513.0	68.0	5.0	5.0	6.59	15.0	15.76	17.59	17.25	9.89	15.32	8.32	9.87	12.6	7.7	
1514.0	47.0	15.0	15.0	12.88	13.17	11.44	17.09	11.4	7.67	7.71	14.46	11.98	7.43	16.92	
1515.0	65.0	11.0	11.0	12.39	15.81	6.03	17.05	13.55	16.31	6.44	10.73	14.37	14.45	7.83	
1516.0	79.0	7.0	7.0	7.32	7.11	7.86	9.99	11.1	14.25	12.2	16.34	16.05	14.81	9.4	
1517.0	79.0	7.0	7.0	14.96	14.59	9.4	9.55	9.58	13.99	16.82	11.25	14.65	6.4	16.88	
1518.0	90.0	4.0	4.0	16.65	6.63	10.47	16.86	13.51	16.14	15.5	17.92	12.09	15.06	4.1472485231661125	
1519.0	61.0	12.0	12.0	14.01	7.96	9.96	8.67	12.98	10.6	11.73	16.16	11.27	9.6	6.3	
1520.0	89.0	14.0	14.0	7.43	12.05	14.57	17.76	13.05	12.81	11.17	16.93	13.36	14.08	15.55	
1521.0	77.0	8.0	8.0	10.13	14.58	11.56	14.23	11.76	6.9	17.28	10.24	17.58	16.55	10.84	
1522.0	78.0	8.0	8.0	9.31	10.26	6.15	7.42	6.05	14.37	10.08	13.22	8.85	16.16	16.83	
1523.0	80.0	3.0	3.0	6.76	12.48	13.98	8.51	6.92	9.73	8.31	12.59	16.24	15.77	16.3	
1524.0	49.0	12.0	12.0	9.39	10.32	17.41	17.2	14.4	17.73	9.22	15.13	11.81	17.65	4.256127285309317	
1525.0	90.0	4.0	4.0	15.83	17.01	11.93	8.86	8.38	9.12	9.26	12.02	11.43	13.02	16.17	
1526.0	87.0	5.0	5.0	12.73	9.61	7.6	11.02	16.77	14.88	13.44	11.13	12.58	13.33	12.35	
1527.0	72.0	11.0	11.0	9.27	14.61	14.64	7.62	17.26	11.08	12.03	8.77	10.29	17.34	9.41	
1528.0	91.0	9.0	9.0	6.06	6.96	8.94	16.72	12.54	15.73	9.87	10.33	15.88	14.07	8.09	
1529.0	58.0	11.0	11.0	16.71	16.26	13.86	10.9	7.99	10.05	13.08	6.9	10.29	8.49	16.49	
1530.0	76.0	6.0	6.0	14.55	6.4	6.41	10.19	11.5	9.85	13.93	12.33	13.85	8.68	8.58	
1531.0	87.0	5.0	5.0	9.1	7.98	8.45	11.33	15.87	13.2	17.99	11.88	7.79	10.24	16.89	
1532.0	90.0	4.0	4.0	9.52	15.39	10.59	17.92	13.41	16.76	15.08	12.06	12.52	15.47	6.109049463668418	
1533.0	70.0	11.0	11.0	10.99	17.09	12.13	13.16	10.75	6.88	15.61	16.6	15.56	9.65	8.95	
1534.0	84.0	12.0	12.0	6.67	15.71	12.55	7.28	17.62	6.19	13.77	8.41	13.64	13.58	11.34	
1535.0	26.0	1.0	1.0	12.15	6.98	13.97	7.44	8.05	11.22	6.99	10.64	17.56	14.99	9.2	
1536.0	82.0	6.0	6.0	14.18	9.89	9.18	12.97	15.54	14.37	7.83	15.56	6.54	9.75	16.15	
=====================================================================================================================================================
number of non-local execution forkmean is 884
=====================================================================================================================================================
=====================================================================================================================================================
Reduce Status of job/thread name: wordmean after done (10 columns: reduce task #, amount of data to process, status(not_yet_started(0),running(1)/finished(2)), response time, start time, end time, latency, bin #, VM flavor #, PM #, Rack #)
=====================================================================================================================================================
1.0	4053.63	2.0	2033.0	2033.0	2201.0	168.0	99.0	5.0	12.0	3.0	
2.0	4189.42	2.0	1880.0	1880.0	2052.0	172.0	62.0	4.0	7.0	4.0	
3.0	4034.23	2.0	1899.0	1899.0	2066.0	167.0	98.0	5.0	15.0	2.0	
4.0	4200.73	2.0	1872.0	1872.0	2045.0	173.0	86.0	5.0	15.0	4.0	
5.0	4167.5	2.0	1979.0	1979.0	2150.0	171.0	41.0	3.0	15.0	4.0	
6.0	4130.45	2.0	1954.0	1954.0	2124.0	170.0	77.0	4.0	8.0	2.0	
7.0	4094.61	2.0	1880.0	1880.0	2049.0	169.0	63.0	4.0	15.0	1.0	
8.0	4150.05	2.0	1872.0	1872.0	2043.0	171.0	87.0	5.0	5.0	5.0	
9.0	4117.3	2.0	1880.0	1880.0	2050.0	170.0	61.0	4.0	12.0	4.0	
10.0	4018.49	2.0	1880.0	1880.0	2046.0	166.0	69.0	4.0	12.0	2.0	
11.0	4067.24	2.0	1880.0	1880.0	2048.0	168.0	50.0	3.0	9.0	1.0	
12.0	4199.99	2.0	1874.0	1874.0	2046.0	172.0	79.0	4.0	7.0	3.0	
13.0	4090.71	2.0	1880.0	1880.0	2049.0	169.0	49.0	3.0	12.0	1.0	
14.0	4030.84	2.0	1984.0	1984.0	2151.0	167.0	96.0	5.0	15.0	3.0	
15.0	4122.18	2.0	1901.0	1901.0	2071.0	170.0	21.0	2.0	9.0	1.0	
=====================================================================================================================================================
Reduce Status of job/thread name: wordcount after done (10 columns: reduce task #, amount of data to process, status(not_yet_started(0),running(1)/finished(2)), response time, start time, end time, latency, bin #, VM flavor #, PM #, Rack #)
=====================================================================================================================================================
1.0	6168.52	2.0	1986.0	1986.0	2230.0	244.0	24.0	2.0	14.0	4.0	
2.0	6156.63	2.0	1986.0	1986.0	2230.0	244.0	41.0	3.0	15.0	4.0	
3.0	6100.04	2.0	1986.0	1986.0	2228.0	242.0	6.0	1.0	7.0	1.0	
4.0	6166.34	2.0	1986.0	1986.0	2230.0	244.0	42.0	3.0	4.0	1.0	
5.0	6139.23	2.0	1986.0	1986.0	2229.0	243.0	22.0	2.0	6.0	2.0	
6.0	6211.99	2.0	1986.0	1986.0	2233.0	247.0	88.0	5.0	4.0	3.0	
7.0	6225.0	2.0	1986.0	1986.0	2233.0	247.0	28.0	2.0	8.0	1.0	
8.0	6120.13	2.0	1986.0	1986.0	2229.0	243.0	50.0	3.0	9.0	1.0	
9.0	6192.73	2.0	1986.0	1986.0	2231.0	245.0	57.0	3.0	14.0	3.0	
10.0	6151.47	2.0	1986.0	1986.0	2230.0	244.0	86.0	5.0	15.0	4.0	
11.0	6146.16	2.0	1986.0	1986.0	2229.0	243.0	69.0	4.0	12.0	2.0	
12.0	6111.97	2.0	1986.0	1986.0	2228.0	242.0	67.0	4.0	3.0	3.0	
13.0	6177.19	2.0	1986.0	1986.0	2230.0	244.0	72.0	4.0	11.0	2.0	
14.0	6077.56	2.0	1986.0	1986.0	2227.0	241.0	7.0	1.0	11.0	1.0	
15.0	6098.91	2.0	1986.0	1986.0	2228.0	242.0	54.0	3.0	10.0	5.0	
16.0	6113.96	2.0	1986.0	1986.0	2228.0	242.0	43.0	3.0	13.0	1.0	
17.0	6148.77	2.0	1986.0	1986.0	2229.0	243.0	40.0	2.0	11.0	3.0	
18.0	6090.21	2.0	1986.0	1986.0	2228.0	242.0	61.0	4.0	12.0	4.0	
19.0	6235.95	2.0	1986.0	1986.0	2233.0	247.0	64.0	4.0	4.0	2.0	
20.0	6117.39	2.0	1986.0	1986.0	2228.0	242.0	36.0	2.0	15.0	4.0	
=====================================================================================================================================================
Reduce Status of job/thread name: word std deviation after done (10 columns: reduce task #, amount of data to process, status(not_yet_started(0),running(1)/finished(2)), response time, start time, end time, latency, bin #, VM flavor #, PM #, Rack #)
=====================================================================================================================================================
1.0	14307.73	2.0	2019.0	2019.0	2525.0	506.0	85.0	5.0	3.0	5.0	
2.0	14194.82	2.0	2005.0	2006.0	2509.0	503.0	88.0	5.0	4.0	3.0	
3.0	14463.42	2.0	2010.0	2010.0	2522.0	512.0	73.0	4.0	13.0	3.0	
4.0	14378.2	2.0	2035.0	2035.0	2544.0	509.0	71.0	4.0	11.0	3.0	
5.0	14405.28	2.0	2021.0	2021.0	2531.0	510.0	91.0	5.0	9.0	5.0	
6.0	14218.66	2.0	2022.0	2022.0	2525.0	503.0	72.0	4.0	11.0	2.0	
7.0	14395.45	2.0	2010.0	2010.0	2519.0	509.0	72.0	4.0	11.0	2.0	
8.0	14301.97	2.0	2008.0	2008.0	2514.0	506.0	68.0	4.0	5.0	3.0	
9.0	14311.97	2.0	2007.0	2007.0	2514.0	507.0	76.0	4.0	6.0	4.0	
10.0	14415.25	2.0	2032.0	2033.0	2543.0	510.0	82.0	5.0	6.0	2.0	
11.0	14432.22	2.0	2010.0	2010.0	2521.0	511.0	97.0	5.0	9.0	3.0	
12.0	14321.69	2.0	2013.0	2013.0	2520.0	507.0	34.0	2.0	14.0	1.0	
13.0	14297.67	2.0	2002.0	2002.0	2508.0	506.0	87.0	5.0	5.0	5.0	
14.0	14307.6	2.0	2016.0	2016.0	2522.0	506.0	68.0	4.0	5.0	3.0	
15.0	14139.71	2.0	2034.0	2034.0	2535.0	501.0	43.0	3.0	13.0	1.0	
16.0	14321.31	2.0	2040.0	2040.0	2547.0	507.0	94.0	5.0	13.0	1.0	
17.0	14266.44	2.0	2002.0	2002.0	2507.0	505.0	95.0	5.0	8.0	5.0	
18.0	14091.83	2.0	2015.0	2015.0	2514.0	499.0	84.0	5.0	12.0	2.0	
=====================================================================================================================================================
Reduce Status of job/thread name: kmean after done (10 columns: reduce task #, amount of data to process, status(not_yet_started(0),running(1)/finished(2)), response time, start time, end time, latency, bin #, VM flavor #, PM #, Rack #)
=====================================================================================================================================================
1.0	18310.55	2.0	2129.0	2129.0	2799.0	670.0	32.0	2.0	14.0	3.0	
2.0	18370.47	2.0	2129.0	2129.0	2801.0	672.0	33.0	2.0	14.0	1.0	
3.0	18405.24	2.0	2129.0	2129.0	2802.0	673.0	69.0	4.0	12.0	2.0	
4.0	18489.53	2.0	2129.0	2129.0	2805.0	676.0	64.0	4.0	4.0	2.0	
5.0	18340.45	2.0	2129.0	2129.0	2800.0	671.0	49.0	3.0	12.0	1.0	
6.0	18627.68	2.0	2129.0	2129.0	2809.0	680.0	96.0	5.0	15.0	3.0	
7.0	18128.09	2.0	2129.0	2129.0	2793.0	664.0	53.0	3.0	12.0	3.0	
8.0	18519.89	2.0	2129.0	2129.0	2806.0	677.0	62.0	4.0	7.0	4.0	
9.0	18367.29	2.0	2129.0	2129.0	2801.0	672.0	84.0	5.0	12.0	2.0	
10.0	17791.54	2.0	2129.0	2129.0	2782.0	653.0	90.0	5.0	4.0	1.0	
