=====================================================================================================================================================
Map Status of job/thread name: wordmean  after done (10 columns: map task #,Local(0)/Non_local(1), status(not_yet_started(0),running(1)/finished(2)), response time, start time, end time, latency, bin #, VM flavor #, PM #, Rack #)
=====================================================================================================================================================
1.0	0.0	2.0	1272.0	1272.0	1290.0	18.0	92.0	5.0	10.0	4.0	
2.0	0.0	2.0	1272.0	1272.0	1290.0	18.0	95.0	5.0	8.0	5.0	
3.0	0.0	2.0	1272.0	1272.0	1290.0	18.0	98.0	5.0	15.0	2.0	
4.0	0.0	2.0	1272.0	1272.0	1290.0	18.0	81.0	5.0	3.0	4.0	
5.0	0.0	2.0	1272.0	1272.0	1290.0	18.0	84.0	5.0	12.0	2.0	
6.0	0.0	2.0	1272.0	1272.0	1290.0	18.0	87.0	5.0	5.0	5.0	
7.0	0.0	2.0	1272.0	1272.0	1290.0	18.0	90.0	5.0	4.0	1.0	
8.0	0.0	2.0	1272.0	1272.0	1290.0	18.0	93.0	5.0	4.0	5.0	
9.0	0.0	2.0	1272.0	1272.0	1290.0	18.0	96.0	5.0	15.0	3.0	
10.0	0.0	2.0	1272.0	1272.0	1290.0	18.0	99.0	5.0	12.0	3.0	
11.0	0.0	2.0	1272.0	1272.0	1290.0	18.0	82.0	5.0	6.0	2.0	
12.0	0.0	2.0	1272.0	1272.0	1290.0	18.0	85.0	5.0	3.0	5.0	
13.0	0.0	2.0	1272.0	1272.0	1290.0	18.0	88.0	5.0	4.0	3.0	
14.0	0.0	2.0	1272.0	1272.0	1290.0	18.0	91.0	5.0	9.0	5.0	
15.0	0.0	2.0	1272.0	1272.0	1290.0	18.0	94.0	5.0	13.0	1.0	
16.0	0.0	2.0	1272.0	1272.0	1290.0	18.0	97.0	5.0	9.0	3.0	
17.0	0.0	2.0	1272.0	1272.0	1290.0	18.0	100.0	5.0	14.0	1.0	
18.0	0.0	2.0	1272.0	1272.0	1290.0	18.0	83.0	5.0	5.0	1.0	
19.0	0.0	2.0	1272.0	1272.0	1290.0	18.0	86.0	5.0	15.0	4.0	
20.0	0.0	2.0	1272.0	1272.0	1290.0	18.0	89.0	5.0	14.0	2.0	
21.0	0.0	2.0	1272.0	1272.0	1290.0	18.0	92.0	5.0	10.0	4.0	
22.0	0.0	2.0	1272.0	1272.0	1290.0	18.0	95.0	5.0	8.0	5.0	
23.0	0.0	2.0	1272.0	1272.0	1290.0	18.0	98.0	5.0	15.0	2.0	
24.0	0.0	2.0	1272.0	1272.0	1290.0	18.0	81.0	5.0	3.0	4.0	
25.0	0.0	2.0	1272.0	1272.0	1290.0	18.0	84.0	5.0	12.0	2.0	
26.0	0.0	2.0	1272.0	1272.0	1290.0	18.0	87.0	5.0	5.0	5.0	
27.0	0.0	2.0	1272.0	1272.0	1290.0	18.0	90.0	5.0	4.0	1.0	
28.0	0.0	2.0	1272.0	1272.0	1290.0	18.0	93.0	5.0	4.0	5.0	
29.0	0.0	2.0	1272.0	1272.0	1290.0	18.0	96.0	5.0	15.0	3.0	
30.0	0.0	2.0	1272.0	1272.0	1290.0	18.0	99.0	5.0	12.0	3.0	
31.0	0.0	2.0	1272.0	1272.0	1290.0	18.0	82.0	5.0	6.0	2.0	
32.0	0.0	2.0	1272.0	1272.0	1290.0	18.0	85.0	5.0	3.0	5.0	
33.0	0.0	2.0	1272.0	1272.0	1290.0	18.0	88.0	5.0	4.0	3.0	
34.0	0.0	2.0	1272.0	1272.0	1290.0	18.0	91.0	5.0	9.0	5.0	
35.0	0.0	2.0	1272.0	1272.0	1290.0	18.0	94.0	5.0	13.0	1.0	
36.0	0.0	2.0	1272.0	1272.0	1290.0	18.0	97.0	5.0	9.0	3.0	
37.0	0.0	2.0	1272.0	1272.0	1290.0	18.0	100.0	5.0	14.0	1.0	
38.0	0.0	2.0	1272.0	1272.0	1290.0	18.0	83.0	5.0	5.0	1.0	
39.0	0.0	2.0	1272.0	1272.0	1290.0	18.0	86.0	5.0	15.0	4.0	
40.0	0.0	2.0	1272.0	1272.0	1290.0	18.0	89.0	5.0	14.0	2.0	
41.0	0.0	2.0	1272.0	1272.0	1290.0	18.0	92.0	5.0	10.0	4.0	
42.0	0.0	2.0	1272.0	1272.0	1290.0	18.0	95.0	5.0	8.0	5.0	
43.0	0.0	2.0	1272.0	1272.0	1290.0	18.0	98.0	5.0	15.0	2.0	
44.0	0.0	2.0	1272.0	1272.0	1290.0	18.0	81.0	5.0	3.0	4.0	
45.0	0.0	2.0	1272.0	1272.0	1290.0	18.0	84.0	5.0	12.0	2.0	
46.0	0.0	2.0	1272.0	1272.0	1290.0	18.0	87.0	5.0	5.0	5.0	
47.0	0.0	2.0	1272.0	1272.0	1290.0	18.0	90.0	5.0	4.0	1.0	
48.0	0.0	2.0	1272.0	1272.0	1290.0	18.0	93.0	5.0	4.0	5.0	
49.0	0.0	2.0	1272.0	1272.0	1290.0	18.0	96.0	5.0	15.0	3.0	
50.0	0.0	2.0	1272.0	1272.0	1290.0	18.0	99.0	5.0	12.0	3.0	
51.0	0.0	2.0	1272.0	1272.0	1290.0	18.0	82.0	5.0	6.0	2.0	
52.0	0.0	2.0	1272.0	1272.0	1290.0	18.0	85.0	5.0	3.0	5.0	
53.0	0.0	2.0	1272.0	1272.0	1290.0	18.0	88.0	5.0	4.0	3.0	
54.0	0.0	2.0	1272.0	1272.0	1290.0	18.0	91.0	5.0	9.0	5.0	
55.0	0.0	2.0	1272.0	1272.0	1290.0	18.0	94.0	5.0	13.0	1.0	
56.0	0.0	2.0	1272.0	1272.0	1290.0	18.0	97.0	5.0	9.0	3.0	
57.0	0.0	2.0	1272.0	1272.0	1290.0	18.0	100.0	5.0	14.0	1.0	
58.0	0.0	2.0	1272.0	1272.0	1290.0	18.0	83.0	5.0	5.0	1.0	
59.0	0.0	2.0	1272.0	1272.0	1290.0	18.0	86.0	5.0	15.0	4.0	
60.0	0.0	2.0	1272.0	1272.0	1290.0	18.0	89.0	5.0	14.0	2.0	
61.0	0.0	2.0	1272.0	1272.0	1290.0	18.0	92.0	5.0	10.0	4.0	
62.0	0.0	2.0	1272.0	1272.0	1290.0	18.0	95.0	5.0	8.0	5.0	
63.0	0.0	2.0	1272.0	1272.0	1290.0	18.0	98.0	5.0	15.0	2.0	
64.0	0.0	2.0	1272.0	1272.0	1290.0	18.0	81.0	5.0	3.0	4.0	
65.0	0.0	2.0	1272.0	1272.0	1290.0	18.0	84.0	5.0	12.0	2.0	
66.0	0.0	2.0	1272.0	1272.0	1290.0	18.0	87.0	5.0	5.0	5.0	
67.0	0.0	2.0	1272.0	1272.0	1290.0	18.0	90.0	5.0	4.0	1.0	
68.0	0.0	2.0	1272.0	1272.0	1290.0	18.0	93.0	5.0	4.0	5.0	
69.0	0.0	2.0	1272.0	1272.0	1290.0	18.0	96.0	5.0	15.0	3.0	
70.0	0.0	2.0	1272.0	1272.0	1290.0	18.0	99.0	5.0	12.0	3.0	
71.0	0.0	2.0	1272.0	1272.0	1290.0	18.0	82.0	5.0	6.0	2.0	
72.0	0.0	2.0	1272.0	1272.0	1290.0	18.0	85.0	5.0	3.0	5.0	
73.0	0.0	2.0	1272.0	1272.0	1290.0	18.0	88.0	5.0	4.0	3.0	
74.0	0.0	2.0	1272.0	1272.0	1290.0	18.0	91.0	5.0	9.0	5.0	
75.0	0.0	2.0	1272.0	1272.0	1290.0	18.0	94.0	5.0	13.0	1.0	
76.0	0.0	2.0	1272.0	1272.0	1290.0	18.0	97.0	5.0	9.0	3.0	
77.0	0.0	2.0	1272.0	1272.0	1290.0	18.0	100.0	5.0	14.0	1.0	
78.0	0.0	2.0	1272.0	1272.0	1290.0	18.0	83.0	5.0	5.0	1.0	
79.0	0.0	2.0	1272.0	1272.0	1290.0	18.0	86.0	5.0	15.0	4.0	
80.0	0.0	2.0	1272.0	1272.0	1290.0	18.0	89.0	5.0	14.0	2.0	
81.0	0.0	2.0	1272.0	1272.0	1290.0	18.0	92.0	5.0	10.0	4.0	
82.0	0.0	2.0	1272.0	1272.0	1290.0	18.0	95.0	5.0	8.0	5.0	
83.0	0.0	2.0	1272.0	1272.0	1290.0	18.0	98.0	5.0	15.0	2.0	
84.0	0.0	2.0	1272.0	1272.0	1290.0	18.0	81.0	5.0	3.0	4.0	
85.0	0.0	2.0	1272.0	1272.0	1290.0	18.0	84.0	5.0	12.0	2.0	
86.0	0.0	2.0	1272.0	1272.0	1290.0	18.0	87.0	5.0	5.0	5.0	
87.0	0.0	2.0	1272.0	1272.0	1290.0	18.0	90.0	5.0	4.0	1.0	
88.0	0.0	2.0	1272.0	1272.0	1290.0	18.0	94.0	5.0	13.0	1.0	
89.0	0.0	2.0	1272.0	1272.0	1290.0	18.0	96.0	5.0	15.0	3.0	
90.0	0.0	2.0	1272.0	1272.0	1290.0	18.0	100.0	5.0	14.0	1.0	
91.0	0.0	2.0	1272.0	1272.0	1290.0	18.0	82.0	5.0	6.0	2.0	
92.0	0.0	2.0	1272.0	1272.0	1290.0	18.0	85.0	5.0	3.0	5.0	
93.0	0.0	2.0	1272.0	1272.0	1290.0	18.0	88.0	5.0	4.0	3.0	
94.0	0.0	2.0	1272.0	1272.0	1290.0	18.0	91.0	5.0	9.0	5.0	
95.0	0.0	2.0	1272.0	1272.0	1290.0	18.0	95.0	5.0	8.0	5.0	
96.0	0.0	2.0	1272.0	1272.0	1290.0	18.0	97.0	5.0	9.0	3.0	
97.0	1.0	2.0	1272.0	1272.0	1292.0	20.0	11.0	1.0	4.0	4.0	
98.0	0.0	2.0	1272.0	1272.0	1290.0	18.0	83.0	5.0	5.0	1.0	
99.0	0.0	2.0	1272.0	1272.0	1290.0	18.0	86.0	5.0	15.0	4.0	
100.0	0.0	2.0	1272.0	1272.0	1290.0	18.0	89.0	5.0	14.0	2.0	
101.0	0.0	2.0	1272.0	1272.0	1290.0	18.0	92.0	5.0	10.0	4.0	
102.0	0.0	2.0	1290.0	1290.0	1308.0	18.0	95.0	5.0	8.0	5.0	
103.0	0.0	2.0	1272.0	1272.0	1290.0	18.0	98.0	5.0	15.0	2.0	
104.0	1.0	2.0	1272.0	1272.0	1292.0	20.0	14.0	1.0	13.0	5.0	
105.0	0.0	2.0	1272.0	1272.0	1290.0	18.0	86.0	5.0	15.0	4.0	
106.0	0.0	2.0	1272.0	1272.0	1290.0	18.0	89.0	5.0	14.0	2.0	
107.0	1.0	2.0	1272.0	1272.0	1292.0	20.0	57.0	3.0	14.0	3.0	
108.0	1.0	2.0	1272.0	1272.0	1292.0	20.0	15.0	1.0	11.0	1.0	
109.0	1.0	2.0	1272.0	1272.0	1292.0	20.0	61.0	4.0	12.0	4.0	
110.0	1.0	2.0	1272.0	1272.0	1292.0	20.0	17.0	1.0	11.0	4.0	
111.0	1.0	2.0	1272.0	1272.0	1292.0	20.0	6.0	1.0	7.0	1.0	
112.0	1.0	2.0	1272.0	1272.0	1292.0	20.0	56.0	3.0	13.0	5.0	
113.0	1.0	2.0	1272.0	1272.0	1292.0	20.0	63.0	4.0	15.0	1.0	
114.0	1.0	2.0	1272.0	1272.0	1292.0	20.0	55.0	3.0	6.0	4.0	
115.0	1.0	2.0	1272.0	1272.0	1292.0	20.0	45.0	3.0	5.0	4.0	
116.0	1.0	2.0	1272.0	1272.0	1292.0	20.0	70.0	4.0	11.0	5.0	
117.0	1.0	2.0	1272.0	1272.0	1292.0	20.0	61.0	4.0	12.0	4.0	
118.0	1.0	2.0	1272.0	1272.0	1292.0	20.0	25.0	2.0	12.0	2.0	
119.0	1.0	2.0	1272.0	1272.0	1292.0	20.0	24.0	2.0	14.0	4.0	
120.0	1.0	2.0	1272.0	1272.0	1292.0	20.0	79.0	4.0	7.0	3.0	
121.0	1.0	2.0	1272.0	1272.0	1292.0	20.0	53.0	3.0	12.0	3.0	
122.0	1.0	2.0	1272.0	1272.0	1292.0	20.0	70.0	4.0	11.0	5.0	
123.0	1.0	2.0	1272.0	1272.0	1292.0	20.0	41.0	3.0	15.0	4.0	
124.0	1.0	2.0	1272.0	1272.0	1292.0	20.0	38.0	2.0	5.0	5.0	
125.0	1.0	2.0	1272.0	1272.0	1292.0	20.0	45.0	3.0	5.0	4.0	
126.0	0.0	2.0	1290.0	1290.0	1308.0	18.0	89.0	5.0	14.0	2.0	
127.0	1.0	2.0	1272.0	1272.0	1292.0	20.0	71.0	4.0	11.0	3.0	
128.0	1.0	2.0	1272.0	1272.0	1292.0	20.0	56.0	3.0	13.0	5.0	
129.0	1.0	2.0	1272.0	1272.0	1292.0	20.0	12.0	1.0	5.0	3.0	
130.0	1.0	2.0	1272.0	1272.0	1292.0	20.0	69.0	4.0	12.0	2.0	
131.0	1.0	2.0	1272.0	1272.0	1292.0	20.0	24.0	2.0	14.0	4.0	
132.0	1.0	2.0	1272.0	1272.0	1292.0	20.0	76.0	4.0	6.0	4.0	
133.0	0.0	2.0	1290.0	1290.0	1308.0	18.0	90.0	5.0	4.0	1.0	
134.0	1.0	2.0	1289.0	1289.0	1310.0	21.0	44.0	3.0	3.0	5.0	
135.0	1.0	2.0	1272.0	1272.0	1292.0	20.0	9.0	1.0	15.0	5.0	
136.0	1.0	2.0	1272.0	1272.0	1292.0	20.0	45.0	3.0	5.0	4.0	
137.0	1.0	2.0	1272.0	1272.0	1292.0	20.0	10.0	1.0	15.0	1.0	
138.0	1.0	2.0	1272.0	1272.0	1292.0	20.0	79.0	4.0	7.0	3.0	
139.0	1.0	2.0	1272.0	1272.0	1292.0	20.0	21.0	2.0	9.0	1.0	
140.0	1.0	2.0	1272.0	1272.0	1292.0	20.0	34.0	2.0	14.0	1.0	
141.0	1.0	2.0	1290.0	1290.0	1310.0	20.0	61.0	4.0	12.0	4.0	
142.0	1.0	2.0	1290.0	1290.0	1310.0	20.0	33.0	2.0	14.0	1.0	
143.0	1.0	2.0	1289.0	1289.0	1310.0	21.0	63.0	4.0	15.0	1.0	
144.0	1.0	2.0	1272.0	1272.0	1292.0	20.0	74.0	4.0	1.0	3.0	
145.0	1.0	2.0	1290.0	1290.0	1310.0	20.0	52.0	3.0	4.0	3.0	
146.0	0.0	2.0	1290.0	1290.0	1308.0	18.0	87.0	5.0	5.0	5.0	
147.0	1.0	2.0	1290.0	1290.0	1310.0	20.0	59.0	3.0	9.0	4.0	
148.0	1.0	2.0	1289.0	1289.0	1310.0	21.0	57.0	3.0	14.0	3.0	
149.0	0.0	2.0	1290.0	1290.0	1308.0	18.0	96.0	5.0	15.0	3.0	
150.0	1.0	2.0	1290.0	1290.0	1310.0	20.0	73.0	4.0	13.0	3.0	
151.0	1.0	2.0	1290.0	1290.0	1310.0	20.0	36.0	2.0	15.0	4.0	
152.0	1.0	2.0	1290.0	1290.0	1310.0	20.0	45.0	3.0	5.0	4.0	
153.0	1.0	2.0	1289.0	1289.0	1310.0	21.0	29.0	2.0	2.0	5.0	
154.0	1.0	2.0	1290.0	1290.0	1310.0	20.0	40.0	2.0	11.0	3.0	
155.0	1.0	2.0	1289.0	1289.0	1310.0	21.0	43.0	3.0	13.0	1.0	
156.0	0.0	2.0	1290.0	1290.0	1308.0	18.0	98.0	5.0	15.0	2.0	
157.0	0.0	2.0	1290.0	1290.0	1308.0	18.0	100.0	5.0	14.0	1.0	
158.0	0.0	2.0	1290.0	1290.0	1308.0	18.0	85.0	5.0	3.0	5.0	
159.0	0.0	2.0	1290.0	1290.0	1308.0	18.0	87.0	5.0	5.0	5.0	
160.0	1.0	2.0	1272.0	1272.0	1292.0	20.0	27.0	2.0	13.0	4.0	
161.0	1.0	2.0	1272.0	1272.0	1292.0	20.0	53.0	3.0	12.0	3.0	
162.0	0.0	2.0	1290.0	1290.0	1308.0	18.0	95.0	5.0	8.0	5.0	
163.0	0.0	2.0	1290.0	1290.0	1308.0	18.0	99.0	5.0	12.0	3.0	
164.0	1.0	2.0	1290.0	1290.0	1310.0	20.0	60.0	3.0	3.0	3.0	
165.0	0.0	2.0	1290.0	1290.0	1308.0	18.0	84.0	5.0	12.0	2.0	
166.0	1.0	2.0	1272.0	1272.0	1292.0	20.0	75.0	4.0	8.0	5.0	
167.0	1.0	2.0	1289.0	1289.0	1310.0	21.0	7.0	1.0	11.0	1.0	
168.0	0.0	2.0	1290.0	1290.0	1308.0	18.0	93.0	5.0	4.0	5.0	
169.0	0.0	2.0	1290.0	1291.0	1309.0	18.0	96.0	5.0	15.0	3.0	
170.0	1.0	2.0	1289.0	1289.0	1310.0	21.0	30.0	2.0	14.0	1.0	
171.0	0.0	2.0	1290.0	1290.0	1308.0	18.0	82.0	5.0	6.0	2.0	
172.0	0.0	2.0	1290.0	1290.0	1308.0	18.0	85.0	5.0	3.0	5.0	
173.0	1.0	2.0	1290.0	1290.0	1310.0	20.0	46.0	3.0	14.0	3.0	
174.0	0.0	2.0	1290.0	1291.0	1309.0	18.0	91.0	5.0	9.0	5.0	
175.0	1.0	2.0	1290.0	1290.0	1310.0	20.0	27.0	2.0	13.0	4.0	
176.0	1.0	2.0	1289.0	1289.0	1310.0	21.0	19.0	1.0	13.0	4.0	
177.0	0.0	2.0	1290.0	1290.0	1308.0	18.0	82.0	5.0	6.0	2.0	
178.0	0.0	2.0	1290.0	1291.0	1309.0	18.0	83.0	5.0	5.0	1.0	
179.0	1.0	2.0	1289.0	1289.0	1310.0	21.0	61.0	4.0	12.0	4.0	
180.0	1.0	2.0	1289.0	1289.0	1310.0	21.0	48.0	3.0	13.0	4.0	
181.0	1.0	2.0	1289.0	1289.0	1310.0	21.0	1.0	1.0	11.0	3.0	
182.0	1.0	2.0	1290.0	1290.0	1310.0	20.0	43.0	3.0	13.0	1.0	
183.0	0.0	2.0	1290.0	1291.0	1309.0	18.0	98.0	5.0	15.0	2.0	
184.0	0.0	2.0	1290.0	1291.0	1309.0	18.0	81.0	5.0	3.0	4.0	
185.0	1.0	2.0	1290.0	1290.0	1310.0	20.0	68.0	4.0	5.0	3.0	
186.0	1.0	2.0	1290.0	1290.0	1310.0	20.0	53.0	3.0	12.0	3.0	
187.0	0.0	2.0	1290.0	1291.0	1309.0	18.0	90.0	5.0	4.0	1.0	
188.0	0.0	2.0	1290.0	1291.0	1309.0	18.0	93.0	5.0	4.0	5.0	
189.0	1.0	2.0	1289.0	1289.0	1310.0	21.0	44.0	3.0	3.0	5.0	
190.0	0.0	2.0	1290.0	1291.0	1309.0	18.0	99.0	5.0	12.0	3.0	
191.0	1.0	2.0	1289.0	1289.0	1310.0	21.0	46.0	3.0	14.0	3.0	
192.0	0.0	2.0	1290.0	1291.0	1309.0	18.0	85.0	5.0	3.0	5.0	
193.0	0.0	2.0	1290.0	1291.0	1309.0	18.0	89.0	5.0	14.0	2.0	
194.0	0.0	2.0	1290.0	1291.0	1309.0	18.0	92.0	5.0	10.0	4.0	
195.0	0.0	2.0	1290.0	1291.0	1309.0	18.0	94.0	5.0	13.0	1.0	
196.0	1.0	2.0	1289.0	1289.0	1310.0	21.0	80.0	4.0	3.0	1.0	
197.0	1.0	2.0	1289.0	1289.0	1310.0	21.0	60.0	3.0	3.0	3.0	
198.0	0.0	2.0	1290.0	1291.0	1309.0	18.0	83.0	5.0	5.0	1.0	
199.0	1.0	2.0	1289.0	1289.0	1310.0	21.0	77.0	4.0	8.0	2.0	
200.0	1.0	2.0	1290.0	1290.0	1310.0	20.0	49.0	3.0	12.0	1.0	
201.0	1.0	2.0	1289.0	1289.0	1310.0	21.0	78.0	4.0	8.0	1.0	
202.0	1.0	2.0	1290.0	1290.0	1310.0	20.0	65.0	4.0	11.0	2.0	
203.0	1.0	2.0	1290.0	1290.0	1310.0	20.0	26.0	2.0	1.0	2.0	
204.0	1.0	2.0	1290.0	1290.0	1310.0	20.0	70.0	4.0	11.0	5.0	
205.0	1.0	2.0	1292.0	1292.0	1312.0	20.0	71.0	4.0	11.0	3.0	
206.0	1.0	2.0	1289.0	1289.0	1310.0	21.0	79.0	4.0	7.0	3.0	
207.0	0.0	2.0	1293.0	1293.0	1311.0	18.0	90.0	5.0	4.0	1.0	
208.0	0.0	2.0	1290.0	1291.0	1309.0	18.0	93.0	5.0	4.0	5.0	
209.0	1.0	2.0	1290.0	1290.0	1310.0	20.0	38.0	2.0	5.0	5.0	
210.0	0.0	2.0	1293.0	1293.0	1311.0	18.0	99.0	5.0	12.0	3.0	
211.0	1.0	2.0	1290.0	1290.0	1310.0	20.0	71.0	4.0	11.0	3.0	
212.0	0.0	2.0	1293.0	1293.0	1311.0	18.0	85.0	5.0	3.0	5.0	
213.0	1.0	2.0	1292.0	1292.0	1313.0	21.0	74.0	4.0	1.0	3.0	
214.0	0.0	2.0	1293.0	1293.0	1311.0	18.0	91.0	5.0	9.0	5.0	
215.0	1.0	2.0	1290.0	1290.0	1310.0	20.0	16.0	1.0	14.0	2.0	
216.0	0.0	2.0	1293.0	1293.0	1311.0	18.0	97.0	5.0	9.0	3.0	
217.0	0.0	2.0	1293.0	1293.0	1311.0	18.0	100.0	5.0	14.0	1.0	
218.0	0.0	2.0	1293.0	1293.0	1311.0	18.0	85.0	5.0	3.0	5.0	
219.0	0.0	2.0	1293.0	1293.0	1311.0	18.0	88.0	5.0	4.0	3.0	
220.0	1.0	2.0	1292.0	1292.0	1312.0	20.0	9.0	1.0	15.0	5.0	
221.0	0.0	2.0	1293.0	1293.0	1311.0	18.0	94.0	5.0	13.0	1.0	
222.0	0.0	2.0	1293.0	1293.0	1311.0	18.0	95.0	5.0	8.0	5.0	
223.0	0.0	2.0	1293.0	1293.0	1311.0	18.0	100.0	5.0	14.0	1.0	
224.0	0.0	2.0	1293.0	1293.0	1311.0	18.0	82.0	5.0	6.0	2.0	
225.0	0.0	2.0	1293.0	1293.0	1311.0	18.0	84.0	5.0	12.0	2.0	
226.0	0.0	2.0	1293.0	1293.0	1311.0	18.0	89.0	5.0	14.0	2.0	
227.0	0.0	2.0	1293.0	1293.0	1311.0	18.0	90.0	5.0	4.0	1.0	
228.0	0.0	2.0	1293.0	1293.0	1311.0	18.0	93.0	5.0	4.0	5.0	
229.0	1.0	2.0	1292.0	1292.0	1312.0	20.0	79.0	4.0	7.0	3.0	
230.0	0.0	2.0	1292.0	1292.0	1310.0	18.0	70.0	4.0	11.0	5.0	
231.0	1.0	2.0	1292.0	1292.0	1312.0	20.0	57.0	3.0	14.0	3.0	
232.0	0.0	2.0	1295.0	1295.0	1314.0	19.0	77.0	4.0	8.0	2.0	
233.0	0.0	2.0	1292.0	1292.0	1310.0	18.0	61.0	4.0	12.0	4.0	
234.0	0.0	2.0	1292.0	1292.0	1310.0	18.0	63.0	4.0	15.0	1.0	
235.0	0.0	2.0	1290.0	1290.0	1308.0	18.0	65.0	4.0	11.0	2.0	
236.0	0.0	2.0	1290.0	1290.0	1308.0	18.0	69.0	4.0	12.0	2.0	
237.0	1.0	2.0	1272.0	1272.0	1292.0	20.0	58.0	3.0	11.0	4.0	
238.0	1.0	2.0	1293.0	1293.0	1314.0	21.0	96.0	5.0	15.0	3.0	
239.0	0.0	2.0	1295.0	1295.0	1314.0	19.0	79.0	4.0	7.0	3.0	
240.0	1.0	2.0	1294.0	1294.0	1314.0	20.0	84.0	5.0	12.0	2.0	
241.0	0.0	2.0	1295.0	1295.0	1314.0	19.0	63.0	4.0	15.0	1.0	
242.0	1.0	2.0	1294.0	1294.0	1314.0	20.0	87.0	5.0	5.0	5.0	
243.0	0.0	2.0	1292.0	1292.0	1310.0	18.0	70.0	4.0	11.0	5.0	
244.0	1.0	2.0	1294.0	1294.0	1314.0	20.0	97.0	5.0	9.0	3.0	
245.0	0.0	2.0	1295.0	1295.0	1314.0	19.0	75.0	4.0	8.0	5.0	
246.0	1.0	2.0	1293.0	1293.0	1314.0	21.0	91.0	5.0	9.0	5.0	
247.0	1.0	2.0	1293.0	1293.0	1314.0	21.0	99.0	5.0	12.0	3.0	
248.0	0.0	2.0	1295.0	1296.0	1314.0	18.0	64.0	4.0	4.0	2.0	
249.0	0.0	2.0	1295.0	1295.0	1314.0	19.0	67.0	4.0	3.0	3.0	
250.0	1.0	2.0	1294.0	1294.0	1314.0	20.0	81.0	5.0	3.0	4.0	
251.0	0.0	2.0	1295.0	1295.0	1314.0	19.0	75.0	4.0	8.0	5.0	
252.0	1.0	2.0	1293.0	1293.0	1314.0	21.0	83.0	5.0	5.0	1.0	
253.0	1.0	2.0	1290.0	1290.0	1310.0	20.0	13.0	1.0	3.0	1.0	
254.0	0.0	2.0	1295.0	1296.0	1314.0	18.0	62.0	4.0	7.0	4.0	
255.0	1.0	2.0	1293.0	1293.0	1314.0	21.0	81.0	5.0	3.0	4.0	
256.0	1.0	2.0	1295.0	1295.0	1316.0	21.0	78.0	4.0	8.0	1.0	
257.0	1.0	2.0	1293.0	1293.0	1314.0	21.0	94.0	5.0	13.0	1.0	
258.0	0.0	2.0	1295.0	1295.0	1314.0	19.0	75.0	4.0	8.0	5.0	
259.0	0.0	2.0	1295.0	1295.0	1314.0	19.0	78.0	4.0	8.0	1.0	
260.0	1.0	2.0	1294.0	1294.0	1314.0	20.0	86.0	5.0	15.0	4.0	
261.0	1.0	2.0	1293.0	1293.0	1314.0	21.0	95.0	5.0	8.0	5.0	
262.0	0.0	2.0	1295.0	1295.0	1314.0	19.0	67.0	4.0	3.0	3.0	
263.0	0.0	2.0	1295.0	1295.0	1314.0	19.0	70.0	4.0	11.0	5.0	
264.0	1.0	2.0	1293.0	1293.0	1314.0	21.0	99.0	5.0	12.0	3.0	
265.0	0.0	2.0	1295.0	1295.0	1314.0	19.0	76.0	4.0	6.0	4.0	
266.0	0.0	2.0	1295.0	1295.0	1314.0	19.0	78.0	4.0	8.0	1.0	
267.0	1.0	2.0	1294.0	1294.0	1314.0	20.0	99.0	5.0	12.0	3.0	
268.0	0.0	2.0	1295.0	1296.0	1314.0	18.0	64.0	4.0	4.0	2.0	
269.0	1.0	2.0	1294.0	1294.0	1314.0	20.0	93.0	5.0	4.0	5.0	
270.0	0.0	2.0	1295.0	1296.0	1314.0	18.0	70.0	4.0	11.0	5.0	
271.0	0.0	2.0	1295.0	1296.0	1314.0	18.0	73.0	4.0	13.0	3.0	
272.0	0.0	2.0	1295.0	1296.0	1314.0	18.0	76.0	4.0	6.0	4.0	
273.0	0.0	2.0	1295.0	1296.0	1314.0	18.0	79.0	4.0	7.0	3.0	
274.0	0.0	2.0	1295.0	1296.0	1314.0	18.0	62.0	4.0	7.0	4.0	
275.0	0.0	2.0	1295.0	1296.0	1314.0	18.0	66.0	4.0	12.0	5.0	
276.0	0.0	2.0	1295.0	1296.0	1314.0	18.0	68.0	4.0	5.0	3.0	
277.0	0.0	2.0	1295.0	1296.0	1314.0	18.0	71.0	4.0	11.0	3.0	
278.0	0.0	2.0	1295.0	1296.0	1314.0	18.0	74.0	4.0	1.0	3.0	
279.0	0.0	2.0	1295.0	1296.0	1314.0	18.0	77.0	4.0	8.0	2.0	
280.0	1.0	2.0	1292.0	1292.0	1312.0	20.0	10.0	1.0	15.0	1.0	
281.0	1.0	2.0	1293.0	1293.0	1314.0	21.0	90.0	5.0	4.0	1.0	
282.0	0.0	2.0	1295.0	1296.0	1314.0	18.0	66.0	4.0	12.0	5.0	
283.0	1.0	2.0	1293.0	1293.0	1314.0	21.0	88.0	5.0	4.0	3.0	
284.0	0.0	2.0	1295.0	1296.0	1314.0	18.0	73.0	4.0	13.0	3.0	
285.0	1.0	2.0	1293.0	1293.0	1314.0	21.0	100.0	5.0	14.0	1.0	
286.0	0.0	2.0	1295.0	1296.0	1314.0	18.0	78.0	4.0	8.0	1.0	
287.0	0.0	2.0	1295.0	1296.0	1314.0	18.0	62.0	4.0	7.0	4.0	
288.0	1.0	2.0	1294.0	1294.0	1314.0	20.0	95.0	5.0	8.0	5.0	
289.0	0.0	2.0	1308.0	1308.0	1326.0	18.0	69.0	4.0	12.0	2.0	
290.0	0.0	2.0	1310.0	1310.0	1328.0	18.0	70.0	4.0	11.0	5.0	
291.0	0.0	2.0	1307.0	1307.0	1325.0	18.0	74.0	4.0	1.0	3.0	
292.0	1.0	2.0	1305.0	1305.0	1325.0	20.0	85.0	5.0	3.0	5.0	
293.0	1.0	2.0	1295.0	1296.0	1316.0	20.0	51.0	3.0	2.0	3.0	
294.0	1.0	2.0	1294.0	1294.0	1314.0	20.0	83.0	5.0	5.0	1.0	
295.0	1.0	2.0	1294.0	1294.0	1314.0	20.0	90.0	5.0	4.0	1.0	
296.0	0.0	2.0	1310.0	1310.0	1328.0	18.0	68.0	4.0	5.0	3.0	
297.0	1.0	2.0	1305.0	1305.0	1325.0	20.0	89.0	5.0	14.0	2.0	
298.0	1.0	2.0	1294.0	1294.0	1314.0	20.0	84.0	5.0	12.0	2.0	
299.0	0.0	2.0	1307.0	1307.0	1325.0	18.0	77.0	4.0	8.0	2.0	
300.0	1.0	2.0	1305.0	1305.0	1325.0	20.0	98.0	5.0	15.0	2.0	
301.0	1.0	2.0	1306.0	1306.0	1326.0	20.0	82.0	5.0	6.0	2.0	
302.0	1.0	2.0	1307.0	1307.0	1327.0	20.0	47.0	3.0	15.0	5.0	
303.0	1.0	2.0	1305.0	1305.0	1325.0	20.0	92.0	5.0	10.0	4.0	
304.0	1.0	2.0	1306.0	1306.0	1326.0	20.0	100.0	5.0	14.0	1.0	
305.0	1.0	2.0	1293.0	1293.0	1314.0	21.0	98.0	5.0	15.0	2.0	
306.0	0.0	2.0	1307.0	1307.0	1325.0	18.0	78.0	4.0	8.0	1.0	
307.0	0.0	2.0	1309.0	1309.0	1327.0	18.0	61.0	4.0	12.0	4.0	
308.0	1.0	2.0	1310.0	1310.0	1330.0	20.0	80.0	4.0	3.0	1.0	
309.0	1.0	2.0	1310.0	1310.0	1330.0	20.0	61.0	4.0	12.0	4.0	
310.0	1.0	2.0	1294.0	1294.0	1314.0	20.0	98.0	5.0	15.0	2.0	
311.0	0.0	2.0	1307.0	1307.0	1325.0	18.0	75.0	4.0	8.0	5.0	
312.0	0.0	2.0	1307.0	1307.0	1325.0	18.0	76.0	4.0	6.0	4.0	
313.0	0.0	2.0	1307.0	1307.0	1325.0	18.0	80.0	4.0	3.0	1.0	
314.0	1.0	2.0	1306.0	1306.0	1326.0	20.0	97.0	5.0	9.0	3.0	
315.0	1.0	2.0	1311.0	1311.0	1331.0	20.0	94.0	5.0	13.0	1.0	
316.0	1.0	2.0	1309.0	1309.0	1329.0	20.0	85.0	5.0	3.0	5.0	
317.0	1.0	2.0	1309.0	1309.0	1329.0	20.0	93.0	5.0	4.0	5.0	
318.0	0.0	2.0	1313.0	1313.0	1331.0	18.0	74.0	4.0	1.0	3.0	
319.0	1.0	2.0	1306.0	1306.0	1326.0	20.0	82.0	5.0	6.0	2.0	
320.0	1.0	2.0	1310.0	1310.0	1330.0	20.0	19.0	1.0	13.0	4.0	
321.0	0.0	2.0	1310.0	1310.0	1328.0	18.0	63.0	4.0	15.0	1.0	
322.0	1.0	2.0	1310.0	1310.0	1330.0	20.0	13.0	1.0	3.0	1.0	
323.0	1.0	2.0	1308.0	1308.0	1328.0	20.0	96.0	5.0	15.0	3.0	
324.0	0.0	2.0	1310.0	1310.0	1328.0	18.0	73.0	4.0	13.0	3.0	
325.0	1.0	2.0	1307.0	1307.0	1327.0	20.0	52.0	3.0	4.0	3.0	
326.0	1.0	2.0	1307.0	1307.0	1327.0	20.0	21.0	2.0	9.0	1.0	
327.0	1.0	2.0	1311.0	1311.0	1331.0	20.0	99.0	5.0	12.0	3.0	
328.0	1.0	2.0	1310.0	1310.0	1330.0	20.0	16.0	1.0	14.0	2.0	
329.0	1.0	2.0	1308.0	1308.0	1328.0	20.0	96.0	5.0	15.0	3.0	
330.0	0.0	2.0	1310.0	1310.0	1328.0	18.0	70.0	4.0	11.0	5.0	
331.0	1.0	2.0	1295.0	1295.0	1316.0	21.0	63.0	4.0	15.0	1.0	
332.0	0.0	2.0	1310.0	1310.0	1328.0	18.0	77.0	4.0	8.0	2.0	
333.0	1.0	2.0	1307.0	1307.0	1327.0	20.0	89.0	5.0	14.0	2.0	
334.0	0.0	2.0	1313.0	1313.0	1331.0	18.0	62.0	4.0	7.0	4.0	
335.0	0.0	2.0	1313.0	1313.0	1331.0	18.0	66.0	4.0	12.0	5.0	
336.0	0.0	2.0	1310.0	1310.0	1328.0	18.0	70.0	4.0	11.0	5.0	
337.0	0.0	2.0	1313.0	1313.0	1331.0	18.0	72.0	4.0	11.0	2.0	
338.0	1.0	2.0	1312.0	1313.0	1333.0	20.0	68.0	4.0	5.0	3.0	
339.0	1.0	2.0	1309.0	1309.0	1329.0	20.0	98.0	5.0	15.0	2.0	
340.0	0.0	2.0	1313.0	1313.0	1331.0	18.0	80.0	4.0	3.0	1.0	
341.0	1.0	2.0	1313.0	1313.0	1333.0	20.0	58.0	3.0	11.0	4.0	
342.0	1.0	2.0	1307.0	1307.0	1327.0	20.0	29.0	2.0	2.0	5.0	
343.0	1.0	2.0	1309.0	1309.0	1329.0	20.0	97.0	5.0	9.0	3.0	
344.0	1.0	2.0	1294.0	1294.0	1314.0	20.0	99.0	5.0	12.0	3.0	
345.0	0.0	2.0	1313.0	1313.0	1331.0	18.0	75.0	4.0	8.0	5.0	
346.0	0.0	2.0	1310.0	1310.0	1328.0	18.0	79.0	4.0	7.0	3.0	
347.0	0.0	2.0	1313.0	1313.0	1331.0	18.0	61.0	4.0	12.0	4.0	
348.0	1.0	2.0	1310.0	1310.0	1330.0	20.0	27.0	2.0	13.0	4.0	
349.0	0.0	2.0	1313.0	1313.0	1331.0	18.0	68.0	4.0	5.0	3.0	
350.0	1.0	2.0	1311.0	1311.0	1331.0	20.0	88.0	5.0	4.0	3.0	
351.0	0.0	2.0	1313.0	1313.0	1331.0	18.0	73.0	4.0	13.0	3.0	
352.0	0.0	2.0	1313.0	1313.0	1331.0	18.0	78.0	4.0	8.0	1.0	
353.0	0.0	2.0	1312.0	1312.0	1330.0	18.0	79.0	4.0	7.0	3.0	
354.0	1.0	2.0	1313.0	1313.0	1333.0	20.0	4.0	1.0	9.0	4.0	
355.0	1.0	2.0	1312.0	1312.0	1332.0	20.0	89.0	5.0	14.0	2.0	
356.0	1.0	2.0	1309.0	1309.0	1329.0	20.0	93.0	5.0	4.0	5.0	
357.0	1.0	2.0	1308.0	1308.0	1328.0	20.0	98.0	5.0	15.0	2.0	
358.0	0.0	2.0	1313.0	1313.0	1331.0	18.0	74.0	4.0	1.0	3.0	
359.0	1.0	2.0	1309.0	1309.0	1329.0	20.0	91.0	5.0	9.0	5.0	
360.0	1.0	2.0	1309.0	1309.0	1329.0	20.0	82.0	5.0	6.0	2.0	
361.0	1.0	2.0	1309.0	1309.0	1329.0	20.0	91.0	5.0	9.0	5.0	
362.0	1.0	2.0	1313.0	1313.0	1333.0	20.0	72.0	4.0	11.0	2.0	
363.0	0.0	2.0	1313.0	1313.0	1331.0	18.0	69.0	4.0	12.0	2.0	
364.0	0.0	2.0	1313.0	1313.0	1331.0	18.0	74.0	4.0	1.0	3.0	
365.0	1.0	2.0	1312.0	1312.0	1332.0	20.0	94.0	5.0	13.0	1.0	
366.0	1.0	2.0	1311.0	1311.0	1331.0	20.0	88.0	5.0	4.0	3.0	
367.0	1.0	2.0	1311.0	1311.0	1331.0	20.0	86.0	5.0	15.0	4.0	
368.0	1.0	2.0	1311.0	1311.0	1331.0	20.0	94.0	5.0	13.0	1.0	
369.0	0.0	2.0	1314.0	1314.0	1332.0	18.0	67.0	4.0	3.0	3.0	
370.0	0.0	2.0	1313.0	1313.0	1331.0	18.0	71.0	4.0	11.0	3.0	
371.0	0.0	2.0	1313.0	1313.0	1331.0	18.0	74.0	4.0	1.0	3.0	
372.0	0.0	2.0	1313.0	1313.0	1331.0	18.0	77.0	4.0	8.0	2.0	
373.0	0.0	2.0	1313.0	1313.0	1331.0	18.0	79.0	4.0	7.0	3.0	
374.0	1.0	2.0	1314.0	1314.0	1334.0	20.0	75.0	4.0	8.0	5.0	
375.0	1.0	2.0	1309.0	1309.0	1329.0	20.0	99.0	5.0	12.0	3.0	
376.0	1.0	2.0	1310.0	1310.0	1330.0	20.0	36.0	2.0	15.0	4.0	
377.0	0.0	2.0	1314.0	1314.0	1332.0	18.0	71.0	4.0	11.0	3.0	
378.0	1.0	2.0	1307.0	1307.0	1327.0	20.0	50.0	3.0	9.0	1.0	
379.0	1.0	2.0	1311.0	1311.0	1331.0	20.0	92.0	5.0	10.0	4.0	
380.0	1.0	2.0	1311.0	1311.0	1331.0	20.0	82.0	5.0	6.0	2.0	
381.0	0.0	2.0	1314.0	1314.0	1332.0	18.0	64.0	4.0	4.0	2.0	
382.0	0.0	2.0	1312.0	1312.0	1330.0	18.0	57.0	3.0	14.0	3.0	
383.0	0.0	2.0	1315.0	1315.0	1333.0	18.0	41.0	3.0	15.0	4.0	
384.0	0.0	2.0	1316.0	1316.0	1334.0	18.0	45.0	3.0	5.0	4.0	
385.0	1.0	2.0	1314.0	1315.0	1335.0	20.0	91.0	5.0	9.0	5.0	
386.0	1.0	2.0	1309.0	1309.0	1329.0	20.0	82.0	5.0	6.0	2.0	
387.0	0.0	2.0	1292.0	1292.0	1311.0	19.0	53.0	3.0	12.0	3.0	
388.0	0.0	2.0	1309.0	1309.0	1327.0	18.0	55.0	3.0	6.0	4.0	
389.0	0.0	2.0	1312.0	1313.0	1331.0	18.0	59.0	3.0	9.0	4.0	
390.0	1.0	2.0	1314.0	1314.0	1334.0	20.0	70.0	4.0	11.0	5.0	
391.0	0.0	2.0	1324.0	1324.0	1342.0	18.0	44.0	3.0	3.0	5.0	
392.0	1.0	2.0	1312.0	1312.0	1332.0	20.0	92.0	5.0	10.0	4.0	
393.0	1.0	2.0	1311.0	1311.0	1331.0	20.0	84.0	5.0	12.0	2.0	
394.0	1.0	2.0	1309.0	1309.0	1329.0	20.0	14.0	1.0	13.0	5.0	
395.0	1.0	2.0	1309.0	1309.0	1329.0	20.0	88.0	5.0	4.0	3.0	
396.0	1.0	2.0	1315.0	1315.0	1335.0	20.0	94.0	5.0	13.0	1.0	
397.0	1.0	2.0	1314.0	1314.0	1334.0	20.0	98.0	5.0	15.0	2.0	
398.0	1.0	2.0	1319.0	1319.0	1339.0	20.0	49.0	3.0	12.0	1.0	
399.0	1.0	2.0	1308.0	1308.0	1328.0	20.0	86.0	5.0	15.0	4.0	
400.0	0.0	2.0	1315.0	1315.0	1333.0	18.0	53.0	3.0	12.0	3.0	
401.0	1.0	2.0	1312.0	1312.0	1332.0	20.0	99.0	5.0	12.0	3.0	
402.0	0.0	2.0	1319.0	1319.0	1337.0	18.0	59.0	3.0	9.0	4.0	
403.0	1.0	2.0	1314.0	1314.0	1334.0	20.0	70.0	4.0	11.0	5.0	
404.0	1.0	2.0	1314.0	1314.0	1334.0	20.0	86.0	5.0	15.0	4.0	
405.0	0.0	2.0	1317.0	1317.0	1335.0	18.0	48.0	3.0	13.0	4.0	
406.0	1.0	2.0	1311.0	1312.0	1332.0	20.0	84.0	5.0	12.0	2.0	
407.0	1.0	2.0	1316.0	1316.0	1336.0	20.0	75.0	4.0	8.0	5.0	
408.0	1.0	2.0	1308.0	1308.0	1328.0	20.0	87.0	5.0	5.0	5.0	
409.0	1.0	2.0	1314.0	1314.0	1334.0	20.0	79.0	4.0	7.0	3.0	
410.0	1.0	2.0	1319.0	1319.0	1339.0	20.0	77.0	4.0	8.0	2.0	
411.0	0.0	2.0	1327.0	1327.0	1345.0	18.0	46.0	3.0	14.0	3.0	
412.0	0.0	2.0	1319.0	1319.0	1337.0	18.0	49.0	3.0	12.0	1.0	
413.0	1.0	2.0	1314.0	1314.0	1334.0	20.0	76.0	4.0	6.0	4.0	
414.0	1.0	2.0	1308.0	1308.0	1328.0	20.0	85.0	5.0	3.0	5.0	
415.0	1.0	2.0	1312.0	1312.0	1332.0	20.0	90.0	5.0	4.0	1.0	
416.0	0.0	2.0	1318.0	1319.0	1337.0	18.0	60.0	3.0	3.0	3.0	
417.0	0.0	2.0	1324.0	1324.0	1342.0	18.0	43.0	3.0	13.0	1.0	
418.0	0.0	2.0	1327.0	1327.0	1345.0	18.0	47.0	3.0	15.0	5.0	
419.0	1.0	2.0	1314.0	1314.0	1334.0	20.0	66.0	4.0	12.0	5.0	
420.0	1.0	2.0	1314.0	1314.0	1334.0	20.0	99.0	5.0	12.0	3.0	
421.0	1.0	2.0	1315.0	1315.0	1335.0	20.0	93.0	5.0	4.0	5.0	
422.0	1.0	2.0	1321.0	1321.0	1341.0	20.0	92.0	5.0	10.0	4.0	
423.0	0.0	2.0	1327.0	1327.0	1345.0	18.0	60.0	3.0	3.0	3.0	
424.0	1.0	2.0	1320.0	1320.0	1341.0	21.0	81.0	5.0	3.0	4.0	
425.0	1.0	2.0	1305.0	1305.0	1325.0	20.0	96.0	5.0	15.0	3.0	
426.0	1.0	2.0	1314.0	1314.0	1334.0	20.0	74.0	4.0	1.0	3.0	
427.0	1.0	2.0	1319.0	1319.0	1339.0	20.0	65.0	4.0	11.0	2.0	
428.0	1.0	2.0	1309.0	1309.0	1329.0	20.0	96.0	5.0	15.0	3.0	
429.0	0.0	2.0	1327.0	1327.0	1345.0	18.0	59.0	3.0	9.0	4.0	
430.0	1.0	2.0	1315.0	1315.0	1335.0	20.0	87.0	5.0	5.0	5.0	
431.0	0.0	2.0	1330.0	1330.0	1348.0	18.0	44.0	3.0	3.0	5.0	
432.0	1.0	2.0	1315.0	1315.0	1335.0	20.0	84.0	5.0	12.0	2.0	
433.0	0.0	2.0	1319.0	1319.0	1337.0	18.0	51.0	3.0	2.0	3.0	
434.0	0.0	2.0	1324.0	1324.0	1342.0	18.0	55.0	3.0	6.0	4.0	
435.0	0.0	2.0	1315.0	1315.0	1333.0	18.0	56.0	3.0	13.0	5.0	
436.0	1.0	2.0	1329.0	1330.0	1350.0	20.0	96.0	5.0	15.0	3.0	
437.0	1.0	2.0	1308.0	1308.0	1328.0	20.0	99.0	5.0	12.0	3.0	
438.0	1.0	2.0	1290.0	1290.0	1310.0	20.0	86.0	5.0	15.0	4.0	
439.0	1.0	2.0	1329.0	1329.0	1349.0	20.0	94.0	5.0	13.0	1.0	
440.0	1.0	2.0	1319.0	1319.0	1339.0	20.0	71.0	4.0	11.0	3.0	
441.0	1.0	2.0	1314.0	1314.0	1334.0	20.0	87.0	5.0	5.0	5.0	
442.0	1.0	2.0	1313.0	1313.0	1333.0	20.0	75.0	4.0	8.0	5.0	
443.0	0.0	2.0	1330.0	1330.0	1348.0	18.0	42.0	3.0	4.0	1.0	
444.0	0.0	2.0	1333.0	1333.0	1351.0	18.0	43.0	3.0	13.0	1.0	
445.0	1.0	2.0	1314.0	1314.0	1334.0	20.0	78.0	4.0	8.0	1.0	
446.0	0.0	2.0	1330.0	1330.0	1348.0	18.0	49.0	3.0	12.0	1.0	
447.0	1.0	2.0	1314.0	1314.0	1335.0	21.0	83.0	5.0	5.0	1.0	
448.0	0.0	2.0	1319.0	1319.0	1337.0	18.0	56.0	3.0	13.0	5.0	
449.0	1.0	2.0	1325.0	1325.0	1345.0	20.0	74.0	4.0	1.0	3.0	
450.0	1.0	2.0	1314.0	1314.0	1334.0	20.0	67.0	4.0	3.0	3.0	
451.0	1.0	2.0	1319.0	1319.0	1339.0	20.0	76.0	4.0	6.0	4.0	
452.0	1.0	2.0	1325.0	1325.0	1345.0	20.0	27.0	2.0	13.0	4.0	
453.0	1.0	2.0	1315.0	1315.0	1335.0	20.0	98.0	5.0	15.0	2.0	
454.0	1.0	2.0	1315.0	1315.0	1335.0	20.0	81.0	5.0	3.0	4.0	
455.0	0.0	2.0	1319.0	1319.0	1337.0	18.0	56.0	3.0	13.0	5.0	
456.0	1.0	2.0	1330.0	1330.0	1350.0	20.0	90.0	5.0	4.0	1.0	
457.0	0.0	2.0	1330.0	1330.0	1348.0	18.0	42.0	3.0	4.0	1.0	
458.0	1.0	2.0	1335.0	1335.0	1355.0	20.0	77.0	4.0	8.0	2.0	
459.0	1.0	2.0	1315.0	1315.0	1335.0	20.0	89.0	5.0	14.0	2.0	
460.0	1.0	2.0	1324.0	1324.0	1344.0	20.0	90.0	5.0	4.0	1.0	
461.0	0.0	2.0	1330.0	1330.0	1348.0	18.0	39.0	2.0	14.0	2.0	
462.0	1.0	2.0	1324.0	1324.0	1344.0	20.0	83.0	5.0	5.0	1.0	
463.0	0.0	2.0	1315.0	1315.0	1333.0	18.0	24.0	2.0	14.0	4.0	
464.0	1.0	2.0	1326.0	1327.0	1347.0	20.0	92.0	5.0	10.0	4.0	
465.0	1.0	2.0	1314.0	1314.0	1334.0	20.0	81.0	5.0	3.0	4.0	
466.0	0.0	2.0	1330.0	1330.0	1348.0	18.0	33.0	2.0	14.0	1.0	
467.0	0.0	2.0	1330.0	1330.0	1348.0	18.0	36.0	2.0	15.0	4.0	
468.0	0.0	2.0	1327.0	1327.0	1345.0	18.0	21.0	2.0	9.0	1.0	
469.0	1.0	2.0	1331.0	1331.0	1351.0	20.0	99.0	5.0	12.0	3.0	
470.0	1.0	2.0	1315.0	1315.0	1335.0	20.0	88.0	5.0	4.0	3.0	
471.0	1.0	2.0	1326.0	1326.0	1346.0	20.0	95.0	5.0	8.0	5.0	
472.0	0.0	2.0	1330.0	1330.0	1348.0	18.0	32.0	2.0	14.0	3.0	
473.0	0.0	2.0	1330.0	1330.0	1348.0	18.0	36.0	2.0	15.0	4.0	
474.0	1.0	2.0	1324.0	1324.0	1344.0	20.0	95.0	5.0	8.0	5.0	
475.0	1.0	2.0	1331.0	1331.0	1351.0	20.0	62.0	4.0	7.0	4.0	
476.0	0.0	2.0	1326.0	1327.0	1345.0	18.0	25.0	2.0	12.0	2.0	
477.0	0.0	2.0	1330.0	1330.0	1348.0	18.0	28.0	2.0	8.0	1.0	
478.0	1.0	2.0	1326.0	1326.0	1346.0	20.0	82.0	5.0	6.0	2.0	
479.0	1.0	2.0	1313.0	1313.0	1333.0	20.0	78.0	4.0	8.0	1.0	
480.0	0.0	2.0	1336.0	1336.0	1354.0	18.0	35.0	2.0	10.0	5.0	
481.0	1.0	2.0	1331.0	1331.0	1351.0	20.0	78.0	4.0	8.0	1.0	
482.0	1.0	2.0	1330.0	1330.0	1350.0	20.0	25.0	2.0	12.0	2.0	
483.0	1.0	2.0	1330.0	1330.0	1350.0	20.0	83.0	5.0	5.0	1.0	
484.0	0.0	2.0	1336.0	1336.0	1354.0	18.0	28.0	2.0	8.0	1.0	
485.0	1.0	2.0	1329.0	1329.0	1349.0	20.0	99.0	5.0	12.0	3.0	
486.0	1.0	2.0	1314.0	1314.0	1334.0	20.0	73.0	4.0	13.0	3.0	
487.0	1.0	2.0	1326.0	1327.0	1347.0	20.0	88.0	5.0	4.0	3.0	
488.0	1.0	2.0	1330.0	1330.0	1350.0	20.0	80.0	4.0	3.0	1.0	
489.0	0.0	2.0	1336.0	1336.0	1354.0	18.0	22.0	2.0	6.0	2.0	
490.0	1.0	2.0	1331.0	1331.0	1351.0	20.0	68.0	4.0	5.0	3.0	
491.0	0.0	2.0	1336.0	1336.0	1354.0	18.0	30.0	2.0	14.0	1.0	
492.0	1.0	2.0	1332.0	1332.0	1352.0	20.0	88.0	5.0	4.0	3.0	
493.0	1.0	2.0	1314.0	1314.0	1334.0	20.0	75.0	4.0	8.0	5.0	
494.0	1.0	2.0	1335.0	1335.0	1355.0	20.0	88.0	5.0	4.0	3.0	
495.0	1.0	2.0	1329.0	1329.0	1349.0	20.0	91.0	5.0	9.0	5.0	
496.0	1.0	2.0	1329.0	1329.0	1349.0	20.0	96.0	5.0	15.0	3.0	
497.0	1.0	2.0	1328.0	1328.0	1348.0	20.0	63.0	4.0	15.0	1.0	
498.0	0.0	2.0	1332.0	1332.0	1350.0	18.0	15.0	1.0	11.0	1.0	
499.0	1.0	2.0	1325.0	1325.0	1346.0	21.0	86.0	5.0	15.0	4.0	
500.0	0.0	2.0	1330.0	1330.0	1348.0	18.0	3.0	1.0	6.0	4.0	
501.0	1.0	2.0	1319.0	1319.0	1339.0	20.0	63.0	4.0	15.0	1.0	
502.0	0.0	2.0	1327.0	1327.0	1345.0	18.0	7.0	1.0	11.0	1.0	
503.0	1.0	2.0	1330.0	1330.0	1350.0	20.0	93.0	5.0	4.0	5.0	
504.0	0.0	2.0	1347.0	1347.0	1365.0	18.0	13.0	1.0	3.0	1.0	
505.0	1.0	2.0	1315.0	1315.0	1335.0	20.0	95.0	5.0	8.0	5.0	
506.0	1.0	2.0	1335.0	1335.0	1355.0	20.0	87.0	5.0	5.0	5.0	
507.0	1.0	2.0	1330.0	1330.0	1350.0	20.0	57.0	3.0	14.0	3.0	
508.0	0.0	2.0	1344.0	1344.0	1362.0	18.0	6.0	1.0	7.0	1.0	
509.0	1.0	2.0	1329.0	1329.0	1349.0	20.0	89.0	5.0	14.0	2.0	
510.0	1.0	2.0	1329.0	1329.0	1349.0	20.0	88.0	5.0	4.0	3.0	
511.0	1.0	2.0	1332.0	1332.0	1352.0	20.0	94.0	5.0	13.0	1.0	
512.0	1.0	2.0	1336.0	1336.0	1356.0	20.0	80.0	4.0	3.0	1.0	
=====================================================================================================================================================
Map output of wordmean map task #, VM#, VM Flavour #, PM#, Rack #, Reduce1, Reduce2, etc (how much each map task produces to different reduce tasks)
=====================================================================================================================================================
1.0	92.0	10.0	10.0	8.2	6.31	9.86	11.21	8.1	5.52	5.66	9.28	8.81	5.42	6.64	4.65	5.9	5.1	6.74	4.33	
2.0	95.0	8.0	8.0	7.65	9.15	10.35	7.9	4.37	8.96	10.04	9.89	8.21	4.85	8.24	7.47	8.72	4.1	10.63	7.69	
3.0	98.0	15.0	15.0	7.07	10.38	9.68	7.41	11.19	10.63	7.45	11.34	5.32	8.16	9.93	10.63	4.86	7.5	10.52	7.34	
4.0	81.0	3.0	3.0	9.3	10.63	7.7	6.29	11.95	6.48	4.2	4.15	5.68	11.33	11.14	9.68	9.58	11.72	8.27	10.66	
5.0	84.0	12.0	12.0	5.38	11.74	5.79	11.59	8.4	10.95	11.45	8.57	10.89	8.13	8.27	4.12	7.91	6.91	8.32	7.01	
6.0	87.0	5.0	5.0	7.1	11.04	9.74	10.39	9.56	8.26	5.18	7.97	4.89	6.02	4.62	10.45	10.43	4.84	11.7	5.75	
7.0	90.0	4.0	4.0	5.0	5.81	6.51	9.05	7.4	11.71	11.39	8.44	7.28	6.67	6.38	4.3	8.07	11.44	7.49	5.18	
8.0	93.0	4.0	4.0	11.37	6.8	7.0	4.32	6.97	4.47	10.36	10.14	9.73	11.38	9.07	7.6	10.88	8.77	10.51	6.58	
9.0	96.0	15.0	15.0	8.24	5.92	7.79	7.94	5.53	7.42	4.33	10.25	9.03	8.67	8.64	6.48	7.81	6.6	9.8	7.27	
10.0	99.0	12.0	12.0	9.61	8.96	6.7	8.91	4.61	8.5	9.79	5.14	8.06	7.21	6.57	7.6	8.6	4.66	9.84	7.66	
11.0	82.0	6.0	6.0	9.11	8.8	4.52	6.45	7.06	7.42	10.77	4.87	9.45	4.99	11.99	4.93	8.99	10.99	10.87	4.27	
12.0	85.0	3.0	3.0	7.82	5.52	8.28	11.87	9.27	4.84	4.94	6.36	6.05	7.95	5.71	7.84	5.83	7.07	9.32	5.93	
13.0	88.0	4.0	4.0	10.16	6.26	11.19	8.44	9.94	7.98	9.17	4.62	4.25	7.51	4.82	6.46	11.12	8.63	6.61	5.17	
14.0	91.0	9.0	9.0	4.93	5.98	7.71	11.61	8.25	4.96	11.95	11.86	8.23	4.34	7.48	9.61	4.01	5.68	10.35	5.59	
15.0	94.0	13.0	13.0	9.38	10.21	10.27	10.49	7.52	7.86	9.93	4.97	6.78	5.82	7.16	9.22	10.65	8.73	8.45	6.9	
16.0	97.0	9.0	9.0	7.37	6.75	8.61	7.29	8.28	11.26	10.93	11.31	11.31	7.46	10.98	11.89	10.38	6.19	6.16	10.22	
17.0	100.0	14.0	14.0	4.1	6.93	8.34	5.35	5.75	4.88	11.36	5.64	9.93	11.29	11.23	8.54	8.45	4.68	7.5	4.12	
18.0	83.0	5.0	5.0	11.19	7.03	4.2	7.95	6.74	11.34	6.97	6.82	8.45	4.27	7.16	11.32	11.17	5.62	10.9	8.46	
19.0	86.0	15.0	15.0	5.43	5.22	11.84	6.0	8.08	8.64	9.37	9.02	6.18	4.41	6.63	5.84	11.53	7.14	8.56	11.33	
20.0	89.0	14.0	14.0	11.17	8.63	10.06	9.59	4.58	11.88	10.38	6.73	11.75	10.16	8.21	9.34	4.82	5.87	11.94	11.74	
21.0	92.0	10.0	10.0	9.3	11.91	10.75	11.59	9.26	6.72	9.91	10.08	5.83	8.6	6.99	11.36	11.47	5.83	11.45	8.379818611407696	
22.0	95.0	8.0	8.0	11.87	7.8	4.04	6.68	10.63	4.81	5.45	5.0	6.86	11.25	7.24	7.22	9.41	5.27	6.68	10.86	
23.0	98.0	15.0	15.0	6.81	7.19	4.86	8.39	11.94	6.68	4.7	8.18	7.27	10.27	10.69	6.81	7.31	10.55	10.42	5.32	
24.0	81.0	3.0	3.0	6.37	8.13	6.52	7.53	8.54	5.76	10.71	6.72	8.38	11.77	6.1	4.75	11.19	4.81	10.42	5.22	
25.0	84.0	12.0	12.0	7.31	9.25	8.6	7.0	5.33	10.96	8.85	6.06	11.14	9.54	8.29	11.99	6.01	8.22	10.45	6.71	
26.0	87.0	5.0	5.0	10.96	5.94	4.5	5.56	8.16	10.79	9.54	7.92	9.4	8.8	10.21	9.68	6.61	10.54	11.39	9.82	
27.0	90.0	4.0	4.0	5.08	10.06	5.76	6.1	4.55	6.91	7.79	10.68	11.96	9.09	5.25	4.54	6.26	4.9	4.69	6.14	
28.0	93.0	4.0	4.0	10.74	8.21	10.92	9.29	11.75	10.64	6.75	5.76	4.78	8.52	7.3	9.36	4.29	5.75	10.97	10.83	
29.0	96.0	15.0	15.0	10.24	5.77	7.93	10.44	5.29	11.64	6.1	6.95	6.34	5.68	7.71	4.62	6.12	6.93	11.76	7.5	
30.0	99.0	12.0	12.0	10.62	6.62	4.32	9.39	11.77	5.76	5.38	10.49	9.91	8.81	11.58	11.28	10.87	5.1	4.52	4.21	
31.0	82.0	6.0	6.0	11.21	10.79	9.13	6.99	11.66	9.3	5.51	5.52	10.55	6.06	7.3	11.88	7.89	4.36	6.88	8.1	
32.0	85.0	3.0	3.0	7.81	4.92	9.46	6.11	5.78	7.18	11.22	5.43	6.97	8.96	8.54	5.67	6.42	6.11	6.62	7.8	
33.0	88.0	4.0	4.0	9.39	10.71	6.07	10.42	10.51	5.4	8.81	9.07	7.14	6.31	6.58	11.91	8.97	10.8	8.05	11.75	
34.0	91.0	9.0	9.0	4.17	4.86	6.22	10.29	8.58	9.49	9.94	4.93	11.52	8.71	6.49	7.36	5.2	8.41	6.56	7.07	
35.0	94.0	13.0	13.0	5.5	11.43	6.36	4.59	7.65	6.58	8.24	8.86	9.26	10.65	5.57	8.33	4.81	8.45	10.97	5.33	
36.0	97.0	9.0	9.0	12.0	6.2	7.82	7.9	4.51	4.21	8.49	5.36	11.64	4.38	7.01	6.28	5.7	8.51	9.45	5.6	
37.0	100.0	14.0	14.0	7.44	11.14	9.55	9.44	7.86	9.54	4.56	8.61	4.22	4.95	10.34	6.79	5.77	8.25	10.61	11.41	
38.0	83.0	5.0	5.0	11.33	10.15	7.71	10.59	5.52	11.23	11.88	5.97	4.64	10.63	5.07	9.08	11.0	10.74	6.81	10.03	
39.0	86.0	15.0	15.0	6.22	8.24	5.26	11.11	8.79	5.24	7.03	4.09	11.95	8.92	4.65	10.5	4.58	11.85	7.06	6.38	
40.0	89.0	14.0	14.0	7.43	10.17	9.28	4.94	10.63	10.72	7.06	10.67	7.46	11.87	9.8	5.16	7.85	9.07	8.79	8.77	
41.0	92.0	10.0	10.0	10.79	10.44	7.99	6.62	10.18	11.03	10.6	5.32	5.23	11.75	10.19	4.33	5.35	4.61	11.24	5.49	
42.0	95.0	8.0	8.0	7.19	10.04	11.32	4.66	6.18	10.91	8.18	9.9	4.02	6.07	6.48	9.93	8.9	7.7	4.96	11.61	
43.0	98.0	15.0	15.0	9.27	5.53	4.17	9.1	7.2	6.39	10.58	10.62	6.63	6.24	6.84	10.63	5.07	9.28	11.15	10.36	
44.0	81.0	3.0	3.0	8.69	4.15	10.34	11.78	9.76	7.98	6.02	7.76	8.79	4.68	8.02	4.55	5.56	10.52	11.12	7.99	
45.0	84.0	12.0	12.0	7.07	8.0	5.26	5.44	11.18	5.9	6.0	11.74	5.69	9.59	6.73	7.9	5.75	7.24	10.92	5.09	
46.0	87.0	5.0	5.0	8.25	9.96	4.84	8.55	8.32	7.81	5.99	8.95	4.68	7.0	5.85	8.66	8.63	7.7	8.83	10.85	
47.0	90.0	4.0	4.0	9.93	8.29	9.33	7.88	9.9	4.19	10.37	9.75	9.53	11.39	5.18	7.07	10.79	9.28	10.32	9.06	
48.0	93.0	4.0	4.0	5.89	9.77	5.89	11.73	6.35	8.03	7.0	4.08	10.84	6.08	6.78	10.79	11.65	5.98	4.45	7.19	
49.0	96.0	15.0	15.0	11.48	10.72	10.1	7.85	11.26	11.87	7.05	4.48	7.59	10.0	4.5	6.48	10.78	8.74	10.63	4.21	
50.0	99.0	12.0	12.0	6.15	10.62	9.56	7.21	4.56	9.14	4.04	7.42	9.04	5.79	9.56	6.9	6.79	6.73	9.78	11.39	
51.0	82.0	6.0	6.0	6.09	11.49	4.43	6.4	5.2	5.32	8.17	5.83	5.11	11.31	8.82	10.52	10.77	6.96	11.42	6.01	
52.0	85.0	3.0	3.0	8.77	6.82	10.83	9.45	11.77	5.32	11.31	9.1	7.3	10.36	4.52	11.88	8.09	8.58	9.83	6.98	
53.0	88.0	4.0	4.0	9.03	7.71	5.43	8.13	7.21	4.3	6.22	8.63	8.24	11.36	5.39	11.33	5.03	6.09	7.33	7.61	
54.0	91.0	9.0	9.0	11.1	7.79	10.53	6.36	5.53	4.15	5.05	8.75	11.43	10.13	8.77	5.37	6.7	8.7	5.6	6.92	
55.0	94.0	13.0	13.0	10.41	6.88	10.92	8.74	7.09	5.81	10.06	10.64	6.28	6.5	7.58	5.65	11.57	7.18	5.15	9.64	
56.0	97.0	9.0	9.0	7.94	6.27	9.25	11.68	10.87	9.87	9.15	10.19	4.79	10.96	4.11	6.95	4.15	8.88	8.39	10.3	
57.0	100.0	14.0	14.0	9.32	9.44	5.64	10.17	11.18	7.2	9.59	10.88	7.7	8.62	6.68	8.42	4.46	9.9	9.83	9.93	
58.0	83.0	5.0	5.0	4.39	5.54	8.91	10.63	7.43	6.07	8.45	6.95	6.83	4.8	5.58	6.72	11.84	5.98	6.99	6.8	
59.0	86.0	15.0	15.0	7.78	9.5	5.91	8.27	9.92	4.19	8.31	5.1	5.19	5.85	7.04	10.71	6.78	6.49	10.96	4.58	
60.0	89.0	14.0	14.0	4.8	10.56	6.74	5.33	4.72	10.27	4.13	10.71	11.48	9.42	11.32	5.51	6.3	8.41	6.17	5.08	
61.0	92.0	10.0	10.0	9.88	10.6	10.11	6.01	6.52	10.22	8.01	4.14	4.41	6.6	10.43	9.03	11.76	6.3	10.47	11.54	
62.0	95.0	8.0	8.0	8.66	7.13	7.0	5.55	4.7	10.12	4.3	6.64	5.39	8.8	11.3	6.55	11.18	5.59	11.81	8.73	
63.0	98.0	15.0	15.0	4.77	7.67	4.24	11.98	5.48	8.34	11.91	8.93	5.94	4.27	4.73	6.28	8.49	6.7	10.82	6.42	
64.0	81.0	3.0	3.0	4.37	10.79	9.63	8.44	8.5	10.09	5.88	10.18	10.73	4.55	11.0	4.4	11.97	9.67	9.14	6.33	
65.0	84.0	12.0	12.0	5.19	11.62	5.19	11.31	8.66	6.8	6.53	10.25	9.86	5.21	7.26	10.64	6.51	11.14	10.36	8.8	
66.0	87.0	5.0	5.0	7.18	7.62	10.04	8.27	8.34	7.63	11.11	9.71	9.4	6.48	4.77	7.42	10.59	8.68	9.73	11.45	
67.0	90.0	4.0	4.0	7.8	9.87	7.46	6.2	11.23	4.56	5.54	7.02	9.83	7.25	5.93	9.39	4.44	6.38	6.78	6.36	
68.0	93.0	4.0	4.0	11.53	7.47	9.54	9.72	11.16	9.75	6.33	9.43	4.94	9.9	10.22	10.19	5.67	4.21	5.45	7.35	
69.0	96.0	15.0	15.0	9.74	8.1	5.05	6.06	4.54	4.85	11.95	5.51	9.26	7.48	6.32	9.01	7.73	11.05	5.66	10.77	
70.0	99.0	12.0	12.0	9.17	4.42	11.13	8.42	8.28	10.25	11.14	10.92	9.2	9.48	10.86	4.55	9.83	4.49	7.08	6.66	
71.0	82.0	6.0	6.0	11.44	11.54	8.71	10.34	8.99	10.86	4.26	10.14	5.61	4.03	6.47	7.62	11.74	5.0	4.53	7.13	
72.0	85.0	3.0	3.0	10.22	5.3	7.98	5.7	9.72	4.47	9.11	8.05	4.79	9.57	6.18	4.61	9.14	7.53	7.51	7.82	
73.0	88.0	4.0	4.0	5.84	4.85	11.01	7.1	6.94	4.41	4.81	5.57	5.19	9.11	6.03	8.65	8.16	9.94	4.53	11.22	
74.0	91.0	9.0	9.0	10.13	5.95	10.6	6.01	10.91	9.74	11.24	9.09	11.56	4.57	7.53	5.26	7.62	11.55	7.32	11.99	
75.0	94.0	13.0	13.0	4.38	10.52	4.16	8.68	9.68	11.7	7.67	6.07	10.15	10.18	10.6	11.58	6.49	6.74	10.76	5.45	
76.0	97.0	9.0	9.0	10.79	9.56	9.02	8.37	7.3	8.65	6.36	9.69	4.43	6.74	9.56	6.71	9.08	5.91	7.19	11.93	
77.0	100.0	14.0	14.0	8.35	5.52	6.97	6.28	11.7	10.72	11.44	11.66	10.02	11.98	4.86	6.06	7.75	9.45	6.78	5.82	
78.0	83.0	5.0	5.0	8.21	5.18	5.61	8.25	10.7	10.98	11.27	5.82	4.3	11.42	11.6	5.65	6.91	9.51	11.47	8.69	
79.0	86.0	15.0	15.0	10.42	9.11	6.66	9.16	7.5	5.44	5.54	4.31	4.51	8.44	11.63	11.55	6.41	5.83	11.95	9.21	
80.0	89.0	14.0	14.0	4.05	8.93	4.81	10.55	8.83	7.33	6.96	10.7	8.03	11.35	11.78	7.31	6.09	10.18	4.29	6.66	
81.0	92.0	10.0	10.0	5.54	4.63	11.8	8.91	4.09	8.24	7.24	5.24	9.96	5.13	11.77	7.09	8.02	7.85	9.13	6.83	
82.0	95.0	8.0	8.0	5.82	10.25	6.54	6.41	9.09	7.45	8.48	9.63	11.15	6.06	9.69	6.96	4.5	9.91	6.69	7.87	
83.0	98.0	15.0	15.0	7.8	9.42	5.57	6.84	10.91	11.65	9.56	9.92	4.91	11.35	8.05	8.22	10.14	8.06	11.71	6.64	
84.0	81.0	3.0	3.0	8.6	7.46	5.85	7.93	9.63	10.56	6.56	6.18	10.13	8.26	5.13	5.07	5.7	5.92	7.32	10.56	
85.0	84.0	12.0	12.0	5.16	6.43	11.51	7.7	5.09	11.4	9.87	8.94	5.97	10.31	6.47	9.18	9.1	9.9	10.19	9.8	
86.0	87.0	5.0	5.0	10.29	10.59	9.19	9.31	6.49	5.74	10.85	8.8	8.03	11.38	5.1	7.88	10.66	6.95	6.74	9.88	
87.0	90.0	4.0	4.0	5.58	7.56	4.5	4.12	7.92	8.94	7.69	5.47	9.17	9.06	5.76	5.94	7.15	5.3	6.52	6.32	
88.0	94.0	13.0	13.0	11.39	9.66	11.73	8.6	7.56	6.75	6.73	7.14	7.2	4.26	11.01	6.5	7.21	6.45	7.18	10.88	
89.0	96.0	15.0	15.0	6.79	10.61	11.71	10.43	11.94	4.07	6.67	11.74	4.43	5.86	6.49	5.76	4.93	9.14	4.06	11.49	
90.0	100.0	14.0	14.0	11.62	10.88	5.83	11.14	10.58	8.01	5.66	7.41	5.46	8.26	4.81	5.55	4.77	6.41	6.67	4.5	
91.0	82.0	6.0	6.0	8.82	6.45	4.9	5.11	7.81	8.04	11.58	6.76	5.86	4.19	7.6	7.37	8.11	8.59	10.57	10.12	
92.0	85.0	3.0	3.0	8.08	8.52	11.97	6.42	4.06	7.35	4.21	8.63	6.19	11.04	7.1	5.82	11.79	6.56	5.62	10.66	
93.0	88.0	4.0	4.0	6.33	6.06	9.36	9.4	9.76	11.52	5.23	5.69	7.04	9.26	4.78	5.21	10.01	11.09	9.12	5.18	
94.0	91.0	9.0	9.0	11.72	7.21	10.32	4.96	10.64	4.93	7.84	4.5	9.89	11.63	5.02	11.76	7.22	10.95	8.65	6.93	
95.0	95.0	8.0	8.0	10.46	5.09	7.14	5.09	7.88	6.49	7.69	5.99	6.17	10.69	8.45	4.16	8.45	4.29	8.86	10.96	
96.0	97.0	9.0	9.0	9.17	9.59	7.83	5.62	7.84	10.65	5.23	10.13	5.0	6.86	11.86	6.32	6.64	7.44	10.74	6.72	
97.0	11.0	4.0	4.0	8.4	5.98	8.46	6.5	6.95	11.75	6.9	11.3	9.71	5.11	8.95	7.19	11.92	9.64	8.99	8.58	
98.0	83.0	5.0	5.0	11.69	7.56	7.78	6.93	9.96	8.33	5.64	6.54	9.97	8.57	8.9	5.13	11.76	7.76	11.17	6.15	
99.0	86.0	15.0	15.0	9.6	4.89	5.95	7.9	6.15	11.42	5.57	6.09	9.0	9.58	5.68	4.29	11.27	6.63	11.32	6.69	
100.0	89.0	14.0	14.0	11.78	5.63	11.87	9.34	8.57	5.47	11.62	11.88	11.15	7.76	11.51	11.7	6.22	10.35	11.02	6.155523447051672	
101.0	92.0	10.0	10.0	9.17	9.71	9.45	11.01	4.63	11.05	8.38	6.76	6.68	11.99	5.94	6.0	7.15	10.46	5.04	6.02	
102.0	95.0	8.0	8.0	8.27	10.92	8.03	5.97	11.27	5.79	6.23	11.11	10.52	8.89	11.79	10.37	9.14	5.61	6.63	11.19	
103.0	98.0	15.0	15.0	11.05	5.59	10.31	10.36	11.06	8.21	11.54	11.7	6.48	10.77	6.38	11.72	5.22	5.71	10.12	6.68	
104.0	14.0	13.0	13.0	11.12	8.88	11.31	5.17	9.19	4.33	11.12	4.34	8.12	4.14	4.38	9.93	4.01	6.96	7.82	10.96	
105.0	86.0	15.0	15.0	11.97	9.96	10.44	5.49	4.89	4.73	8.28	10.46	10.97	6.94	5.83	11.05	11.26	6.36	4.59	8.83	
106.0	89.0	14.0	14.0	5.51	9.96	4.21	11.52	9.39	10.2	7.06	7.24	6.25	5.23	6.39	4.36	9.85	6.51	5.71	11.26	
107.0	57.0	14.0	14.0	11.84	8.71	10.99	8.86	4.44	8.61	5.08	4.15	9.0	11.57	8.03	9.79	8.32	5.42	7.77	4.2	
108.0	15.0	11.0	11.0	10.91	5.38	5.71	4.79	10.0	7.1	7.3	4.02	8.91	5.37	11.75	10.56	5.59	10.54	7.11	8.38	
109.0	61.0	12.0	12.0	5.97	10.17	5.89	5.63	5.69	7.47	10.96	9.22	5.95	9.39	5.85	8.06	7.05	9.42	11.2	8.38	
110.0	17.0	11.0	11.0	11.54	4.61	8.1	5.82	5.09	7.71	5.2	7.68	4.54	11.95	6.86	10.11	7.89	7.59	10.25	4.02	
111.0	6.0	7.0	7.0	5.74	10.56	5.93	11.82	8.35	8.33	8.2	11.4	9.56	8.14	7.31	9.49	11.68	10.46	9.13	10.42	
112.0	56.0	13.0	13.0	10.27	6.25	5.18	4.88	4.58	9.44	7.87	7.07	10.4	7.33	5.74	6.51	9.11	4.67	10.06	6.89	
113.0	63.0	15.0	15.0	8.0	7.39	5.64	5.44	8.83	5.74	11.31	7.8	10.79	5.93	7.78	7.34	10.06	11.98	8.07	8.23	
114.0	55.0	6.0	6.0	8.94	7.15	5.74	9.77	7.07	4.69	4.68	8.13	9.04	4.85	11.92	4.21	7.5	10.8	7.48	9.41	
115.0	45.0	5.0	5.0	7.58	6.76	4.22	4.27	7.86	5.7	4.39	8.17	4.64	5.24	9.23	8.48	11.67	9.11	11.55	9.01	
116.0	70.0	11.0	11.0	10.04	11.9	4.96	4.83	5.5	5.98	9.71	11.38	5.84	4.39	8.12	8.12	9.47	4.98	8.57	6.91	
117.0	61.0	12.0	12.0	7.29	8.92	5.41	7.84	5.0	10.24	11.39	11.96	9.59	9.33	8.49	5.42	4.21	10.84	7.22	5.89	
118.0	25.0	12.0	12.0	7.38	10.92	7.97	5.17	9.37	5.73	9.67	9.47	11.16	11.88	4.17	8.71	5.31	6.91	10.74	5.18	
119.0	24.0	14.0	14.0	10.76	4.3	8.62	7.29	11.68	11.54	7.01	9.22	6.59	4.46	5.6	11.44	8.54	9.1	7.74	4.11	
120.0	79.0	7.0	7.0	7.3	7.17	9.7	5.85	9.57	10.13	4.72	5.09	6.91	7.62	10.8	4.19	7.35	8.9	11.77	6.51	
121.0	53.0	12.0	12.0	10.44	5.2	5.94	8.02	4.06	8.7	10.72	10.4	6.75	10.99	10.21	8.25	5.9	5.79	11.77	7.28	
122.0	70.0	11.0	11.0	6.87	8.54	7.08	5.6	9.27	8.96	10.71	7.15	8.66	9.17	5.53	9.02	9.51	6.83	9.99	5.43	
123.0	41.0	15.0	15.0	7.83	8.87	8.03	7.71	4.7	4.57	10.2	8.83	6.87	8.05	4.29	9.38	11.94	10.6	6.51	10.88	
124.0	38.0	5.0	5.0	9.65	8.25	5.43	11.11	6.75	11.19	6.75	7.0	6.17	11.69	10.07	9.19	9.46	6.32	7.89	10.55	
125.0	45.0	5.0	5.0	8.6	5.91	8.64	11.85	7.68	5.95	11.03	7.24	7.76	4.8	11.94	9.61	5.93	4.81	10.86	10.04	
126.0	89.0	14.0	14.0	4.58	8.6	5.62	11.48	9.53	9.2	6.4	5.37	4.45	6.07	5.98	10.16	11.17	8.21	10.93	5.99	
127.0	71.0	11.0	11.0	4.05	9.04	8.04	5.62	9.61	11.2	8.51	8.47	7.39	6.66	6.84	10.97	6.47	9.84	6.02	11.28	
128.0	56.0	13.0	13.0	8.13	4.45	9.5	7.81	9.97	8.11	10.59	5.26	10.51	8.78	7.54	10.46	11.02	4.43	11.55	9.16	
129.0	12.0	5.0	5.0	10.95	4.8	11.6	7.77	9.35	10.07	10.43	11.25	5.25	9.64	5.53	6.11	5.34	6.18	9.28	5.4	
130.0	69.0	12.0	12.0	8.31	7.31	8.31	4.36	7.62	9.93	7.8	10.8	10.97	10.73	5.86	4.76	9.5	9.03	9.89	10.88	
131.0	24.0	14.0	14.0	11.02	11.3	4.82	4.39	11.99	6.78	8.77	6.92	4.07	8.17	5.86	7.95	5.79	8.23	6.3	4.45	
132.0	76.0	6.0	6.0	4.58	10.1	4.31	4.24	4.87	8.83	9.27	11.37	5.04	4.69	6.71	7.36	9.27	5.69	7.62	4.57	
133.0	90.0	4.0	4.0	8.84	5.53	9.75	9.31	10.06	11.52	10.43	4.62	5.04	11.55	11.74	4.2	8.83	7.83	4.8	10.48	
134.0	44.0	3.0	3.0	7.75	8.29	7.01	5.42	9.4	4.6	7.62	8.52	5.77	8.08	5.34	11.31	7.42	5.15	5.89	9.73	
135.0	9.0	15.0	15.0	10.69	10.94	5.49	11.32	7.79	5.68	6.0	5.19	4.06	5.15	5.02	11.1	6.31	10.24	5.44	9.28	
136.0	45.0	5.0	5.0	9.98	11.05	4.14	6.48	6.76	8.41	7.26	5.35	6.07	8.83	6.32	4.23	5.65	11.47	5.7	4.09	
137.0	10.0	15.0	15.0	10.83	6.95	6.81	4.89	4.41	10.48	5.94	7.58	9.06	8.75	8.19	5.36	8.06	11.59	7.87	11.96	
138.0	79.0	7.0	7.0	7.23	6.4	7.06	4.67	6.91	4.75	7.06	11.79	10.9	11.62	5.09	7.02	8.31	5.23	6.01	8.25	
139.0	21.0	9.0	9.0	7.95	5.56	8.35	4.03	11.95	9.22	9.47	5.11	6.86	7.83	6.34	6.78	7.68	8.16	4.47	9.19	
140.0	34.0	14.0	14.0	5.34	8.16	6.56	10.43	6.93	5.25	10.27	9.42	4.0	9.66	8.84	10.75	9.56	11.62	10.64	5.82	
141.0	61.0	12.0	12.0	4.73	4.47	4.34	10.29	7.17	5.23	4.12	4.6	8.1	6.39	9.64	8.36	8.79	5.41	5.79	5.91	
142.0	33.0	14.0	14.0	10.37	11.26	7.64	6.23	11.47	6.66	10.83	5.03	5.6	11.6	6.8	10.73	4.53	5.71	10.66	4.37	
143.0	63.0	15.0	15.0	9.49	9.43	7.02	9.65	10.78	8.11	11.13	9.31	4.38	4.47	10.51	9.15	8.24	10.23	9.4	8.27	
144.0	74.0	1.0	1.0	5.55	9.16	6.08	11.26	9.78	9.43	7.79	11.82	6.92	4.69	6.83	8.84	11.19	11.15	4.81	9.51	
145.0	52.0	4.0	4.0	8.67	10.75	11.47	11.76	7.96	11.48	4.9	4.42	6.34	6.7	7.55	8.14	5.88	7.47	7.84	9.16	
146.0	87.0	5.0	5.0	10.32	11.15	6.56	10.58	8.98	9.63	6.44	10.23	9.33	4.44	10.86	9.98	10.86	7.52	4.6	5.68	
147.0	59.0	9.0	9.0	10.93	11.66	4.57	8.0	9.75	7.31	7.65	5.93	9.6	6.82	4.88	5.53	7.21	4.38	5.55	8.41	
148.0	57.0	14.0	14.0	5.48	9.32	11.38	5.68	10.09	9.87	4.95	4.39	10.53	4.11	11.82	5.22	8.69	5.91	9.05	8.47	
149.0	96.0	15.0	15.0	7.35	10.34	6.88	9.83	8.23	5.38	8.26	10.27	11.46	7.13	7.78	10.68	11.55	8.1	10.54	4.09	
150.0	73.0	13.0	13.0	7.63	11.02	6.95	10.13	7.71	7.04	8.08	8.72	10.82	8.44	4.76	10.33	5.12	9.34	8.7	6.33	
151.0	36.0	15.0	15.0	10.15	4.81	6.07	6.54	10.87	8.79	9.72	4.13	6.8	9.46	4.75	7.18	10.99	5.23	5.12	6.43	
152.0	45.0	5.0	5.0	10.06	5.39	6.17	10.19	9.34	8.68	4.59	5.25	6.24	10.69	11.58	4.16	5.15	7.4	9.82	6.93	
153.0	29.0	2.0	2.0	10.9	10.49	7.47	6.45	9.5	4.23	9.76	4.45	11.12	4.66	6.58	10.7	10.98	6.45	10.71	4.08	
154.0	40.0	11.0	11.0	9.72	4.08	7.58	8.49	8.31	8.06	4.34	11.51	8.86	4.95	4.95	7.21	10.27	6.34	8.53	11.88	
155.0	43.0	13.0	13.0	4.63	6.09	10.24	9.64	10.73	6.73	9.72	9.33	7.9	8.3	5.69	9.52	7.95	8.82	5.93	4.65	
156.0	98.0	15.0	15.0	4.73	11.95	10.67	5.41	10.87	9.34	5.62	6.7	7.42	7.6	9.95	8.99	8.41	11.52	9.3	6.46	
157.0	100.0	14.0	14.0	6.4	8.01	5.41	4.2	11.24	10.03	10.51	6.36	9.97	5.59	6.91	4.28	6.4	7.87	6.79	6.26	
158.0	85.0	3.0	3.0	4.14	5.59	6.8	11.73	8.19	5.19	4.8	9.98	6.9	7.1	7.39	7.93	4.87	9.93	8.81	9.73	
159.0	87.0	5.0	5.0	4.93	11.64	11.47	10.33	5.75	5.91	5.24	10.69	11.87	11.61	9.81	11.02	10.77	9.43	8.66	10.453507255576659	
160.0	27.0	13.0	13.0	6.86	11.65	10.0	6.85	10.25	6.99	8.94	4.8	7.01	9.66	5.37	10.2	7.68	4.27	6.13	8.89	
161.0	53.0	12.0	12.0	9.51	6.41	8.89	5.0	7.57	5.1	11.13	8.7	4.58	6.6	5.92	8.08	5.89	7.53	6.64	5.85	
162.0	95.0	8.0	8.0	9.17	8.33	7.45	11.05	11.85	5.47	11.32	9.06	11.84	10.49	11.65	11.93	9.89	8.34	9.3	5.339252009324701	
163.0	99.0	12.0	12.0	5.96	4.08	8.48	8.44	10.84	4.53	5.39	8.71	4.2	4.43	4.31	10.18	7.73	6.8	4.14	11.85	
164.0	60.0	3.0	3.0	7.34	8.86	8.17	9.71	9.21	4.79	5.81	10.46	9.18	9.29	10.92	11.81	10.82	10.94	9.8	5.97	
165.0	84.0	12.0	12.0	5.4	11.67	10.98	6.85	10.07	8.37	5.02	4.56	11.64	8.06	5.67	10.37	4.67	5.07	4.87	10.76	
166.0	75.0	8.0	8.0	9.41	5.12	4.61	4.9	4.63	9.36	9.02	9.76	11.29	7.84	4.57	8.18	6.48	9.15	9.81	9.91	
167.0	7.0	11.0	11.0	10.99	9.35	9.02	8.36	5.45	7.17	4.88	11.46	11.19	4.26	8.45	9.69	8.55	8.26	5.94	6.35	
168.0	93.0	4.0	4.0	8.48	10.86	8.46	6.72	4.17	7.98	8.09	10.67	4.34	6.07	8.04	8.23	4.63	9.24	11.0	6.58	
169.0	96.0	15.0	15.0	9.67	9.19	9.2	11.16	5.04	7.93	5.51	11.89	4.35	6.27	9.91	9.8	8.45	8.25	10.6	6.12	
170.0	30.0	14.0	14.0	8.63	9.54	5.14	5.03	5.25	11.65	8.32	4.08	9.98	4.66	10.84	10.87	6.41	6.46	4.97	9.85	
171.0	82.0	6.0	6.0	11.99	11.83	9.9	4.48	7.35	4.39	11.64	4.06	11.8	10.75	8.03	11.56	7.82	10.36	10.21	9.6	
172.0	85.0	3.0	3.0	8.37	10.8	7.67	10.13	5.45	11.5	6.17	10.3	7.59	8.33	11.17	7.79	7.24	10.6	7.07	6.9	
173.0	46.0	14.0	14.0	8.09	5.93	9.03	4.5	7.63	9.46	10.46	10.13	11.49	7.85	4.66	11.69	4.32	6.15	8.47	5.4	
174.0	91.0	9.0	9.0	4.01	4.74	5.23	7.51	4.7	9.88	7.79	8.26	4.1	8.52	9.85	10.57	9.06	4.52	11.96	7.63	
175.0	27.0	13.0	13.0	6.58	6.47	7.42	11.74	6.24	7.53	10.7	8.83	6.35	4.58	4.52	7.44	4.4	6.3	9.7	9.93	
176.0	19.0	13.0	13.0	10.4	10.75	9.39	9.56	10.3	10.41	5.6	6.86	4.49	4.55	9.07	11.54	8.13	7.36	8.41	4.17	
177.0	82.0	6.0	6.0	10.53	8.34	9.62	4.96	11.21	5.21	10.9	4.5	7.44	6.45	10.71	10.25	10.56	7.9	7.82	7.46	
178.0	83.0	5.0	5.0	6.72	10.53	6.21	10.06	8.27	11.29	8.52	4.16	4.76	5.2	6.56	5.11	5.66	4.73	10.23	7.27	
179.0	61.0	12.0	12.0	6.82	4.91	10.03	6.2	8.89	5.63	7.29	7.52	4.58	10.75	11.18	8.98	5.22	10.32	7.38	4.8	
180.0	48.0	13.0	13.0	9.1	6.4	7.97	4.18	9.94	7.18	8.72	10.33	11.92	5.65	10.21	6.76	10.21	6.47	6.06	4.61	
181.0	1.0	11.0	11.0	10.25	5.34	7.37	11.6	10.81	8.85	8.47	6.7	7.08	5.78	10.05	10.09	7.72	8.47	7.97	8.52	
182.0	43.0	13.0	13.0	8.46	11.52	4.71	7.93	6.99	5.35	9.06	6.98	4.65	11.37	11.64	5.62	5.41	4.73	5.47	6.34	
183.0	98.0	15.0	15.0	10.79	9.64	6.44	7.89	6.91	9.54	11.1	9.0	8.51	8.72	7.77	6.99	4.09	4.7	8.55	6.53	
184.0	81.0	3.0	3.0	7.78	7.35	11.08	9.92	7.06	7.51	7.51	8.31	6.85	9.32	8.95	5.21	11.83	11.81	6.31	9.25	
185.0	68.0	5.0	5.0	8.01	4.03	6.07	7.89	4.78	9.53	10.43	6.85	8.47	4.63	11.06	7.23	9.21	4.04	4.77	5.66	
186.0	53.0	12.0	12.0	6.17	6.58	10.0	4.16	10.26	10.95	10.01	7.69	8.35	4.4	9.45	10.38	4.04	7.77	11.73	9.69	
187.0	90.0	4.0	4.0	11.89	7.09	5.72	5.57	4.37	4.45	7.43	10.56	8.9	9.86	11.33	5.45	4.87	4.35	11.83	9.65	
188.0	93.0	4.0	4.0	8.01	4.52	6.06	5.07	11.07	6.79	10.26	9.24	8.03	5.45	7.3	11.11	9.44	11.78	8.9	11.86	
189.0	44.0	3.0	3.0	7.32	7.07	11.16	8.08	8.14	6.92	8.84	7.05	4.22	8.86	8.75	11.46	11.34	4.0	8.52	8.58	
190.0	99.0	12.0	12.0	6.42	4.1	11.51	6.11	9.82	10.93	11.8	10.3	7.29	8.42	10.43	10.78	11.7	7.61	5.92	7.99	
191.0	46.0	14.0	14.0	6.79	10.9	7.61	8.34	4.28	5.23	5.0	10.33	7.73	8.16	5.76	11.17	5.91	4.96	6.45	5.5	
192.0	85.0	3.0	3.0	11.57	4.81	4.05	6.08	6.17	10.79	6.26	7.33	7.41	8.96	7.54	10.93	9.12	6.93	6.5	6.78	
193.0	89.0	14.0	14.0	8.16	7.47	11.78	9.56	8.11	9.16	4.83	10.12	11.42	9.23	8.75	8.78	6.62	6.26	4.55	9.13	
194.0	92.0	10.0	10.0	9.04	7.79	7.83	8.05	7.39	10.86	9.11	4.3	4.41	4.53	11.34	11.12	5.32	11.69	10.67	11.27	
195.0	94.0	13.0	13.0	4.39	8.89	7.48	7.46	8.43	7.63	7.95	11.79	4.2	7.67	11.29	8.39	8.67	9.08	4.48	5.84	
196.0	80.0	3.0	3.0	8.72	5.37	9.59	6.22	7.41	11.21	4.32	11.92	10.64	8.44	6.96	10.86	4.53	8.54	5.33	4.91	
197.0	60.0	3.0	3.0	6.74	9.34	4.01	6.63	11.6	11.43	4.15	5.95	8.81	5.92	9.34	6.03	7.02	4.39	11.64	9.6	
198.0	83.0	5.0	5.0	6.4	6.98	9.86	11.12	5.39	9.77	8.31	8.41	6.61	4.89	11.16	7.81	6.49	8.3	11.2	4.5	
199.0	77.0	8.0	8.0	10.73	7.41	9.2	8.96	10.46	8.87	6.58	8.23	11.38	9.95	6.93	8.06	7.51	8.22	9.53	7.51	
200.0	49.0	12.0	12.0	11.57	11.31	6.34	5.91	8.74	10.46	4.89	6.36	4.18	8.9	7.97	11.19	8.76	11.44	7.82	10.89	
201.0	78.0	8.0	8.0	11.51	8.8	5.7	7.16	10.18	7.79	8.05	9.19	7.65	8.48	7.46	5.61	5.06	4.68	7.96	8.06	
202.0	65.0	11.0	11.0	9.39	5.45	4.98	6.39	9.39	5.15	11.81	5.53	9.45	7.27	7.63	6.23	7.53	11.05	8.21	8.24	
203.0	26.0	1.0	1.0	11.96	8.29	11.27	7.58	11.33	7.23	7.06	10.87	6.79	8.3	8.33	5.57	4.89	11.75	5.44	5.47	
204.0	70.0	11.0	11.0	7.45	11.61	6.42	7.41	4.11	5.12	7.3	6.1	11.79	10.51	10.39	6.93	11.32	9.05	5.7	9.24	
205.0	71.0	11.0	11.0	4.45	4.76	8.75	7.22	10.09	7.42	5.4	8.2	4.91	11.1	10.93	6.39	10.85	10.16	4.31	8.05	
206.0	79.0	7.0	7.0	5.09	10.62	5.27	11.58	11.37	10.69	5.74	7.89	9.25	11.86	9.5	8.67	10.1	8.28	7.77	4.34	
207.0	90.0	4.0	4.0	9.25	11.23	8.6	8.9	5.43	6.74	6.8	4.54	11.24	11.33	9.5	9.43	9.36	7.44	5.78	5.87	
208.0	93.0	4.0	4.0	6.66	4.75	9.77	11.14	8.51	8.16	7.45	10.74	4.48	10.53	9.68	8.62	10.1	5.13	8.61	8.6	
209.0	38.0	5.0	5.0	8.35	11.13	10.22	10.65	5.76	5.39	9.42	6.63	11.35	4.04	9.72	7.01	11.96	11.58	5.68	6.67	
210.0	99.0	12.0	12.0	10.18	4.16	6.75	11.97	7.19	4.29	5.3	4.71	10.15	7.26	8.08	10.97	7.32	8.34	6.09	11.13	
211.0	71.0	11.0	11.0	9.69	4.44	7.43	7.47	7.59	11.06	7.14	10.31	5.87	6.34	11.83	7.21	9.82	7.24	9.43	6.14	
212.0	85.0	3.0	3.0	7.3	8.99	8.14	5.82	8.59	8.17	6.73	8.99	11.97	9.06	11.15	10.53	8.79	8.14	5.2	10.4	
213.0	74.0	1.0	1.0	6.63	4.78	10.73	5.82	9.03	4.89	5.73	9.95	10.41	10.96	9.31	7.57	10.18	6.79	9.33	11.49	
214.0	91.0	9.0	9.0	11.82	11.78	10.99	7.41	11.17	10.23	6.37	10.57	7.77	5.24	5.12	5.78	10.05	10.27	9.54	10.43	
215.0	16.0	14.0	14.0	10.48	5.22	9.27	11.9	9.63	6.7	7.68	8.41	5.59	8.89	6.78	4.99	9.71	11.72	5.87	5.38	
216.0	97.0	9.0	9.0	10.04	8.32	7.8	9.6	9.09	4.46	5.32	10.4	9.21	4.12	5.44	11.82	10.63	11.91	4.02	7.64	
217.0	100.0	14.0	14.0	5.08	7.53	11.65	8.25	9.68	10.97	5.38	4.5	6.53	9.25	6.17	9.87	4.02	11.61	7.36	6.84	
218.0	85.0	3.0	3.0	7.01	5.54	6.2	5.7	4.59	7.33	4.84	4.85	6.03	8.76	4.55	4.56	8.45	6.73	5.55	11.7	
219.0	88.0	4.0	4.0	8.31	10.39	5.34	8.35	9.41	5.64	4.44	8.22	6.39	4.64	10.3	4.77	9.41	5.85	8.84	7.23	
220.0	9.0	15.0	15.0	10.06	5.99	6.78	7.68	4.75	5.75	7.57	6.06	10.52	5.08	5.28	11.53	10.14	9.99	9.07	11.65	
221.0	94.0	13.0	13.0	4.96	7.14	7.39	4.14	7.37	9.69	10.92	4.28	6.47	5.55	6.15	8.6	8.69	8.9	11.03	5.54	
222.0	95.0	8.0	8.0	10.89	11.32	4.09	10.24	10.56	5.03	6.36	7.72	7.08	9.09	7.81	8.44	6.63	6.34	8.15	7.99	
223.0	100.0	14.0	14.0	8.81	4.84	10.65	7.7	4.37	9.11	9.01	6.34	10.19	10.37	6.32	11.11	10.29	6.92	8.97	8.71	
224.0	82.0	6.0	6.0	7.23	4.37	7.6	4.38	5.59	10.27	8.49	4.98	4.18	6.58	8.36	8.1	8.6	5.6	8.59	8.99	
225.0	84.0	12.0	12.0	6.19	9.01	6.62	4.76	7.0	7.21	8.0	7.49	10.6	11.35	8.23	7.47	10.28	8.13	11.8	11.4	
226.0	89.0	14.0	14.0	4.36	7.66	11.59	8.95	8.66	10.22	7.07	4.4	8.25	8.33	10.25	4.74	5.9	9.44	8.55	10.93	
227.0	90.0	4.0	4.0	9.76	6.02	4.08	7.9	11.34	9.85	4.62	9.98	7.27	8.75	8.52	9.69	4.74	10.32	5.06	6.97	
228.0	93.0	4.0	4.0	8.75	10.9	9.76	10.48	6.54	8.54	7.96	8.59	5.27	5.57	8.36	6.96	4.65	8.91	10.21	5.48	
229.0	79.0	7.0	7.0	5.11	5.13	10.15	9.5	10.19	7.42	4.14	6.02	5.84	6.34	10.3	7.49	11.36	6.22	10.46	11.66	
230.0	70.0	11.0	11.0	10.79	4.85	5.78	9.24	9.51	7.05	6.14	9.14	11.03	9.45	10.8	5.51	8.88	8.2	4.76	4.96	
231.0	57.0	14.0	14.0	10.9	5.01	4.52	10.74	8.62	8.78	9.74	11.6	6.68	9.25	7.48	10.78	11.13	5.47	10.88	11.05	
232.0	77.0	8.0	8.0	4.59	9.34	4.3	7.13	4.81	8.12	4.55	10.55	4.24	5.33	6.99	8.62	10.0	9.46	5.68	5.28	
233.0	61.0	12.0	12.0	11.11	6.45	6.18	10.0	7.92	7.84	11.36	5.34	7.86	5.73	11.99	4.1	7.85	7.91	6.12	7.75	
234.0	63.0	15.0	15.0	11.73	6.53	7.0	4.52	9.27	11.47	5.27	9.28	10.69	6.84	5.12	5.45	9.39	7.7	11.25	10.01	
235.0	65.0	11.0	11.0	8.6	10.62	5.05	11.32	4.71	11.62	5.44	10.38	6.25	7.2	7.8	9.17	7.54	7.52	7.49	8.17	
236.0	69.0	12.0	12.0	4.16	7.6	8.72	6.06	6.36	11.56	8.28	6.21	10.06	4.19	8.14	10.98	7.73	10.34	4.28	4.27	
237.0	58.0	11.0	11.0	11.62	8.74	9.42	11.42	10.73	7.06	7.89	5.72	11.89	9.22	8.19	10.14	8.92	6.35	7.98	8.7	
238.0	96.0	15.0	15.0	7.29	9.06	5.05	10.04	10.27	5.64	4.06	10.47	7.99	9.66	5.46	8.15	11.79	4.03	10.2	10.38	
239.0	79.0	7.0	7.0	8.56	7.53	6.66	7.1	8.18	8.09	11.22	7.5	11.73	4.08	7.4	5.34	7.49	8.18	6.03	11.82	
240.0	84.0	12.0	12.0	4.07	11.45	7.68	4.23	4.95	8.2	6.29	6.53	7.37	10.81	11.94	8.1	10.8	9.87	11.9	10.2	
241.0	63.0	15.0	15.0	8.18	8.1	5.37	4.91	5.76	11.56	8.18	9.35	4.72	5.97	5.85	7.28	11.12	7.23	8.84	7.69	
242.0	87.0	5.0	5.0	7.9	11.88	7.89	11.55	11.69	7.58	8.0	7.76	11.43	8.4	7.39	8.69	6.99	4.17	6.38	6.21	
243.0	70.0	11.0	11.0	11.55	5.95	6.71	5.96	8.88	6.74	4.88	6.98	7.38	9.87	4.34	4.34	10.12	7.92	7.54	8.5	
244.0	97.0	9.0	9.0	6.1	8.22	9.79	5.41	10.71	4.73	11.04	11.03	4.98	11.95	5.52	11.19	5.99	10.0	7.39	9.74	
245.0	75.0	8.0	8.0	7.77	4.21	5.37	9.24	8.17	8.01	11.94	7.46	5.69	7.52	6.75	11.33	8.12	10.5	9.35	9.29	
246.0	91.0	9.0	9.0	5.5	9.81	7.93	9.43	10.29	10.87	4.5	9.75	10.78	10.85	6.41	6.3	9.83	9.33	8.2	9.68	
247.0	99.0	12.0	12.0	9.76	7.52	10.56	10.03	9.86	9.02	6.41	8.95	11.33	5.01	11.71	9.63	8.54	5.31	10.39	9.69	
248.0	64.0	4.0	4.0	8.58	4.13	9.45	6.42	8.26	7.31	9.12	4.34	10.58	11.38	8.54	8.02	5.32	6.81	10.6	5.07	
249.0	67.0	3.0	3.0	8.96	6.5	4.55	8.22	5.65	7.09	8.79	6.09	6.83	9.0	6.92	9.17	6.45	7.32	6.68	4.03	
250.0	81.0	3.0	3.0	6.6	5.89	10.67	8.69	10.68	10.23	8.11	10.23	6.94	9.01	6.94	10.64	4.24	4.75	11.68	4.22	
251.0	75.0	8.0	8.0	8.73	9.86	8.51	4.54	8.57	8.55	10.67	10.79	4.04	6.14	6.22	4.13	4.28	4.14	11.97	4.93	
252.0	83.0	5.0	5.0	4.85	9.42	8.34	7.82	5.48	10.83	6.73	7.3	5.88	11.53	11.8	10.23	9.49	7.53	11.28	7.02	
253.0	13.0	3.0	3.0	11.15	6.43	10.49	4.8	9.69	4.72	5.42	11.85	9.94	7.79	5.32	7.08	7.64	6.04	10.64	4.1	
254.0	62.0	7.0	7.0	11.69	11.65	7.23	11.49	9.71	6.96	7.17	7.43	10.18	8.28	6.25	6.95	9.1	8.93	10.68	4.67	
255.0	81.0	3.0	3.0	10.71	4.26	10.96	6.49	11.25	8.12	5.26	4.01	8.0	7.49	7.92	4.12	6.16	6.87	9.14	9.25	
256.0	78.0	8.0	8.0	7.77	11.82	10.08	9.96	9.65	11.51	4.3	10.56	10.71	4.4	4.41	8.03	7.24	6.18	4.93	7.64	
257.0	94.0	13.0	13.0	7.77	5.68	7.07	7.75	7.1	9.77	8.57	6.65	6.58	10.39	8.53	10.17	8.31	4.18	7.85	4.81	
258.0	75.0	8.0	8.0	6.23	5.54	9.13	11.66	8.78	4.43	8.21	7.86	4.13	7.2	10.81	8.67	10.58	4.03	10.24	7.87	
259.0	78.0	8.0	8.0	9.17	5.29	4.78	11.74	8.16	10.81	5.88	8.57	8.41	5.25	7.2	10.62	5.9	8.46	11.57	8.3	
260.0	86.0	15.0	15.0	4.13	5.79	5.75	7.75	4.34	4.68	10.32	5.11	6.68	10.81	6.46	5.55	7.99	7.77	5.4	6.07	
261.0	95.0	8.0	8.0	8.72	10.51	7.59	7.13	4.01	9.52	5.22	11.41	6.4	4.76	9.16	9.32	7.65	4.54	9.84	8.06	
262.0	67.0	3.0	3.0	9.57	4.66	11.75	10.28	4.54	9.66	8.15	11.73	6.29	8.3	11.14	5.05	4.74	9.04	8.73	10.32	
263.0	70.0	11.0	11.0	11.28	5.22	4.48	8.58	6.73	6.48	11.04	11.16	6.69	4.53	11.76	5.51	5.3	10.08	7.42	9.43	
264.0	99.0	12.0	12.0	8.58	11.49	7.18	9.92	9.11	7.66	8.23	7.68	7.84	5.48	10.91	9.0	4.34	5.09	6.23	6.81	
265.0	76.0	6.0	6.0	5.28	6.36	9.05	7.89	6.83	5.09	11.3	8.0	7.86	9.38	7.69	4.62	9.59	9.13	8.39	10.39	
266.0	78.0	8.0	8.0	9.64	5.02	8.75	10.31	8.35	10.77	5.03	11.71	4.39	4.31	8.31	8.23	11.49	9.43	8.08	4.04	
267.0	99.0	12.0	12.0	4.75	6.59	7.02	5.98	9.59	5.09	10.02	6.41	6.68	5.56	10.67	9.34	10.22	6.82	5.91	8.13	
268.0	64.0	4.0	4.0	8.28	11.55	4.2	9.41	10.1	9.23	9.2	5.59	10.02	7.22	6.97	5.54	4.28	10.47	9.67	6.32	
269.0	93.0	4.0	4.0	4.98	9.59	8.85	10.41	8.55	8.19	7.31	11.97	7.11	7.9	7.95	5.33	9.61	7.21	7.02	4.32	
270.0	70.0	11.0	11.0	4.63	10.76	9.12	6.99	10.89	7.99	6.36	11.36	9.79	9.43	11.55	10.05	5.69	11.52	10.88	5.81	
271.0	73.0	13.0	13.0	7.88	5.33	5.43	6.78	6.4	5.64	7.96	5.48	11.41	11.17	10.56	7.72	11.76	6.45	11.59	10.49	
272.0	76.0	6.0	6.0	7.26	8.61	10.5	9.5	6.92	10.73	10.2	4.04	4.8	6.37	11.08	9.04	4.54	11.56	7.6	4.96	
273.0	79.0	7.0	7.0	4.99	5.95	5.43	5.24	10.06	6.1	5.02	9.71	11.53	7.39	11.45	9.66	10.35	10.45	9.92	8.15	
274.0	62.0	7.0	7.0	4.97	11.52	5.68	10.53	9.98	11.66	6.44	11.72	10.05	9.97	9.61	10.11	8.6	6.58	6.24	6.74	
275.0	66.0	12.0	12.0	7.96	8.03	9.7	4.01	5.88	8.69	7.29	10.2	4.72	7.51	9.18	11.62	11.7	8.6	10.93	11.0	
276.0	68.0	5.0	5.0	9.69	9.34	8.25	10.16	7.03	5.0	4.04	5.25	11.24	4.06	7.47	11.41	11.91	11.76	8.23	8.5	
277.0	71.0	11.0	11.0	9.24	11.26	6.85	9.02	10.09	10.18	8.86	9.96	9.75	9.68	8.65	7.01	5.55	6.36	10.37	11.69	
278.0	74.0	1.0	1.0	8.38	5.93	4.57	5.02	8.05	10.25	5.89	6.83	9.79	10.44	4.05	7.2	11.37	5.72	4.73	6.49	
279.0	77.0	8.0	8.0	11.38	4.67	7.96	7.15	5.36	7.05	11.98	4.88	9.38	8.84	7.33	4.5	9.9	8.97	6.06	9.69	
280.0	10.0	15.0	15.0	4.57	8.59	5.36	6.23	4.7	9.21	9.1	5.79	6.9	7.18	10.92	9.17	4.97	9.62	8.94	4.25	
281.0	90.0	4.0	4.0	10.18	6.32	11.38	7.67	11.43	8.48	6.03	8.8	10.77	11.52	7.19	8.7	9.45	9.98	5.76	8.76	
282.0	66.0	12.0	12.0	8.4	10.09	9.49	6.92	5.73	6.19	7.12	7.9	7.04	6.31	8.02	10.58	5.85	10.29	10.77	4.95	
283.0	88.0	4.0	4.0	5.4	8.98	7.05	4.89	6.46	6.76	4.33	5.47	10.0	11.81	6.35	5.09	9.33	9.1	5.79	7.0	
284.0	73.0	13.0	13.0	8.87	7.77	8.03	4.25	4.98	5.47	8.48	5.26	4.72	10.85	8.62	7.63	8.36	7.49	8.17	9.18	
285.0	100.0	14.0	14.0	11.47	5.34	10.02	7.38	6.33	9.78	8.92	4.26	11.12	5.44	4.82	11.0	7.01	4.87	11.01	6.43	
286.0	78.0	8.0	8.0	8.44	6.16	11.16	10.93	4.95	7.83	9.97	6.16	8.69	10.29	5.45	7.66	4.64	8.38	5.66	6.56	
287.0	62.0	7.0	7.0	4.16	11.58	5.57	4.46	6.52	10.07	6.93	5.99	8.28	8.28	8.87	4.25	7.24	5.67	9.53	5.46	
288.0	95.0	8.0	8.0	6.83	10.65	5.33	11.23	10.16	10.68	9.6	8.33	6.5	8.14	5.47	6.42	6.36	9.92	11.1	9.71	
289.0	69.0	12.0	12.0	6.81	5.72	11.86	9.95	11.46	10.33	5.66	10.26	6.44	9.08	11.88	5.46	10.52	7.59	10.77	11.77	
290.0	70.0	11.0	11.0	11.82	5.21	9.02	5.88	8.43	11.42	8.92	8.95	10.18	4.14	10.55	9.1	7.35	9.47	5.33	4.12	
291.0	74.0	1.0	1.0	9.2	6.06	6.33	9.02	4.46	9.16	11.79	8.66	10.13	5.51	9.65	9.43	9.02	5.97	6.28	9.76	
292.0	85.0	3.0	3.0	6.18	5.98	11.66	11.95	9.09	11.23	5.11	8.07	10.98	8.19	10.02	4.5	9.19	9.05	4.13	9.55	
293.0	51.0	2.0	2.0	5.83	11.53	4.61	6.71	10.14	6.7	9.65	10.88	7.83	8.99	11.93	4.47	10.03	5.15	5.4	5.1	
294.0	83.0	5.0	5.0	6.22	8.24	9.89	10.37	9.97	7.99	6.89	5.84	11.99	8.25	7.83	10.56	6.62	6.8	9.96	10.79	
295.0	90.0	4.0	4.0	4.17	8.05	7.47	7.05	5.24	8.53	8.28	6.88	11.76	5.44	6.66	6.37	10.75	11.94	8.25	7.23	
296.0	68.0	5.0	5.0	5.81	5.1	12.0	7.57	6.47	5.1	5.99	6.24	6.52	5.17	6.1	10.59	7.58	8.77	7.9	5.62	
297.0	89.0	14.0	14.0	10.43	11.59	8.65	5.84	10.97	9.85	8.97	6.61	5.58	11.83	10.09	11.85	11.98	7.06	5.42	7.79	
298.0	84.0	12.0	12.0	8.35	10.47	9.52	10.94	5.4	4.34	8.83	8.34	4.47	4.99	6.25	8.71	4.76	4.55	7.26	7.84	
299.0	77.0	8.0	8.0	5.77	9.5	10.33	10.87	7.67	5.22	7.4	7.38	11.52	5.31	5.27	8.77	4.74	11.14	9.86	9.78	
300.0	98.0	15.0	15.0	9.99	4.93	5.04	10.41	8.19	5.37	11.24	7.44	5.37	5.36	6.37	9.81	9.97	6.11	5.54	9.64	
301.0	82.0	6.0	6.0	7.44	6.62	11.97	9.39	7.91	11.89	8.25	10.49	10.96	11.02	10.16	8.71	8.9	4.2	7.26	4.06	
302.0	47.0	15.0	15.0	9.19	7.17	5.1	6.77	9.03	5.44	6.7	8.53	4.16	4.77	6.47	6.2	11.02	9.31	6.05	9.45	
303.0	92.0	10.0	10.0	11.91	7.95	10.57	7.44	7.92	4.49	11.98	4.13	10.42	10.12	10.3	10.79	9.24	9.99	11.18	9.506313096522653	
304.0	100.0	14.0	14.0	7.19	11.52	9.39	10.8	9.13	10.14	6.42	11.47	5.55	10.2	10.47	7.46	7.27	8.02	5.7	11.18	
305.0	98.0	15.0	15.0	4.11	7.48	7.53	11.11	6.16	4.04	4.43	9.07	11.18	4.4	10.6	7.13	11.42	6.85	5.36	11.51	
306.0	78.0	8.0	8.0	7.29	4.16	4.46	8.79	7.31	10.42	10.63	9.37	5.44	5.47	5.4	5.53	6.86	5.8	10.78	7.38	
307.0	61.0	12.0	12.0	5.89	4.57	5.2	9.45	6.09	4.56	8.64	11.39	4.6	5.35	5.31	7.51	11.64	9.61	5.47	10.4	
308.0	80.0	3.0	3.0	11.74	7.46	8.97	5.35	11.9	6.33	7.11	11.07	6.92	11.45	4.1	4.95	11.11	8.8	8.93	10.52	
309.0	61.0	12.0	12.0	11.25	11.42	7.77	7.83	4.34	9.54	8.64	8.11	10.1	8.99	8.8	4.79	5.76	5.91	7.97	7.93	
310.0	98.0	15.0	15.0	6.55	5.78	10.37	9.54	6.31	5.1	8.36	10.14	4.16	6.68	5.73	8.6	10.93	9.37	10.01	6.04	
311.0	75.0	8.0	8.0	11.08	10.45	9.7	10.42	11.32	9.02	5.98	6.69	11.88	4.8	11.17	8.89	7.47	5.62	7.81	5.15	
312.0	76.0	6.0	6.0	5.13	4.07	7.4	11.77	9.66	10.53	4.93	4.11	7.84	10.37	8.26	7.1	9.6	9.94	7.36	5.45	
313.0	80.0	3.0	3.0	8.49	7.41	9.02	8.16	6.06	9.96	6.79	11.2	7.7	5.66	11.17	6.17	10.27	7.31	5.76	4.12	
314.0	97.0	9.0	9.0	6.66	5.91	5.55	4.3	9.49	7.91	8.91	6.33	4.63	10.18	10.86	10.98	7.69	4.48	7.86	8.65	
315.0	94.0	13.0	13.0	6.85	7.17	10.14	10.51	4.64	7.23	4.01	9.93	8.32	11.0	6.01	11.08	6.87	9.05	6.18	11.19	
316.0	85.0	3.0	3.0	7.72	9.01	6.95	10.7	8.81	8.9	9.01	5.88	11.32	5.16	5.57	8.29	4.71	10.71	6.07	6.32	
317.0	93.0	4.0	4.0	10.51	5.91	7.88	9.63	10.25	5.94	9.13	6.5	5.54	5.55	7.03	7.51	9.38	10.92	7.59	6.32	
318.0	74.0	1.0	1.0	10.92	7.44	7.37	6.4	8.55	5.93	5.04	10.93	6.21	4.22	6.08	7.39	5.28	10.37	10.44	8.1	
319.0	82.0	6.0	6.0	8.18	10.47	11.17	8.73	8.14	8.44	11.73	11.14	11.57	4.66	6.86	10.81	7.36	4.44	8.48	8.81	
320.0	19.0	13.0	13.0	9.15	5.39	5.54	5.31	5.86	11.67	7.97	9.53	10.53	6.3	4.24	6.7	6.5	7.68	7.33	9.46	
321.0	63.0	15.0	15.0	5.48	5.9	9.31	8.69	11.1	6.34	7.18	10.16	7.64	7.93	4.2	4.89	11.25	9.62	7.7	8.16	
322.0	13.0	3.0	3.0	10.09	10.76	10.42	11.38	10.24	11.61	9.92	10.82	7.89	7.87	5.53	4.81	6.46	4.12	6.26	7.02	
323.0	96.0	15.0	15.0	6.63	9.04	7.39	7.39	4.08	8.53	10.79	4.32	7.02	7.96	9.22	6.56	6.68	10.52	8.87	5.74	
324.0	73.0	13.0	13.0	10.51	8.12	6.21	4.67	10.15	9.58	10.13	5.25	6.31	5.0	11.6	6.29	9.59	5.53	11.16	4.75	
325.0	52.0	4.0	4.0	11.0	11.51	8.66	4.67	4.06	6.99	11.79	7.01	4.68	11.95	11.81	8.74	8.51	7.05	5.49	4.49	
326.0	21.0	9.0	9.0	5.95	4.52	8.36	6.0	8.55	5.43	11.32	8.05	8.11	11.8	8.97	9.66	8.24	8.51	6.44	11.28	
327.0	99.0	12.0	12.0	11.45	8.63	8.67	11.4	11.05	6.74	7.15	5.71	5.46	4.26	7.52	11.95	4.53	5.45	9.99	6.02	
328.0	16.0	14.0	14.0	5.81	8.94	8.23	8.55	6.57	10.03	8.38	10.68	11.73	4.97	10.04	4.01	8.05	6.01	6.54	11.85	
329.0	96.0	15.0	15.0	9.13	10.0	11.59	7.17	4.51	6.04	5.83	9.27	11.2	6.71	4.58	8.79	6.62	4.29	8.34	4.85	
330.0	70.0	11.0	11.0	4.08	9.61	9.59	6.11	7.02	10.09	6.51	11.64	5.03	11.5	8.9	10.62	8.97	8.2	11.29	9.51	
331.0	63.0	15.0	15.0	11.53	11.15	10.18	10.77	11.36	9.84	10.34	6.89	8.88	5.89	5.9	11.49	8.67	7.02	8.21	4.662658458482435	
332.0	77.0	8.0	8.0	8.74	5.62	11.29	7.0	8.72	5.62	11.84	4.17	11.12	7.17	8.14	6.38	7.86	6.4	9.2	11.94	
333.0	89.0	14.0	14.0	5.22	7.08	9.33	6.88	10.5	8.28	8.23	8.85	5.6	8.57	10.73	5.88	9.77	4.68	4.32	9.97	
334.0	62.0	7.0	7.0	9.63	11.37	11.66	4.06	7.39	5.44	6.08	4.62	4.33	4.53	8.16	8.22	7.64	7.25	9.37	8.88	
335.0	66.0	12.0	12.0	11.66	6.39	4.2	9.69	10.54	7.03	11.46	10.99	8.72	11.43	10.01	5.24	7.22	6.59	4.91	6.05	
336.0	70.0	11.0	11.0	9.82	9.74	11.5	9.88	9.71	8.26	4.58	6.27	6.2	4.48	6.93	9.82	7.66	4.69	6.76	9.08	
337.0	72.0	11.0	11.0	6.9	10.35	9.18	4.94	6.63	10.81	6.99	4.25	11.76	11.05	11.16	10.72	10.98	8.94	11.15	8.75	
338.0	68.0	5.0	5.0	10.71	9.2	6.39	9.54	5.12	7.51	8.17	5.52	8.02	10.92	4.39	5.84	8.44	7.68	9.92	8.26	
339.0	98.0	15.0	15.0	11.61	8.0	4.28	8.68	7.14	11.92	10.14	7.92	5.22	4.98	5.0	7.91	11.55	11.33	5.67	6.0	
340.0	80.0	3.0	3.0	11.41	5.43	7.55	10.66	10.13	10.23	8.57	10.37	9.68	6.04	9.01	8.29	9.98	9.86	10.88	4.6325547679641605	
341.0	58.0	11.0	11.0	10.71	8.43	9.62	4.24	8.18	7.81	9.15	6.22	10.23	8.96	7.41	8.68	4.89	7.27	6.26	6.96	
342.0	29.0	2.0	2.0	7.8	10.08	10.06	8.25	4.96	4.5	6.51	11.0	10.62	10.58	11.37	6.71	11.59	7.69	10.42	8.45	
343.0	97.0	9.0	9.0	5.02	4.81	4.92	8.61	8.9	9.61	11.35	6.99	9.51	7.63	5.03	4.95	10.3	11.17	7.99	9.26	
344.0	99.0	12.0	12.0	8.96	11.62	10.13	7.15	8.7	5.22	10.28	11.67	5.8	6.17	5.88	6.59	4.72	9.18	10.51	5.0	
345.0	75.0	8.0	8.0	4.54	7.01	6.21	9.4	7.4	8.23	6.46	7.96	6.28	11.65	11.38	11.81	8.02	10.02	6.7	5.87	
346.0	79.0	7.0	7.0	8.0	5.52	4.83	7.49	5.27	4.78	7.7	9.86	6.25	9.1	6.05	8.15	4.43	11.53	7.73	11.49	
347.0	61.0	12.0	12.0	5.3	4.14	11.45	7.42	6.91	7.73	5.94	8.49	9.06	4.88	7.65	5.64	6.35	11.17	5.76	7.11	
348.0	27.0	13.0	13.0	7.84	9.84	5.69	6.38	5.84	8.71	8.1	11.33	6.97	11.3	6.9	7.34	9.07	9.49	5.01	11.67	
349.0	68.0	5.0	5.0	11.48	10.54	10.2	9.4	10.22	8.05	10.33	10.3	11.46	9.32	8.91	8.85	9.47	11.14	1.5903389944891164	7.77314988247204	
350.0	88.0	4.0	4.0	5.82	6.74	10.96	11.66	7.07	5.66	9.69	6.16	4.16	4.85	11.11	5.41	10.11	11.06	7.23	9.81	
351.0	73.0	13.0	13.0	9.77	11.83	4.49	11.16	11.55	9.16	9.51	7.66	7.31	8.73	8.23	11.48	5.65	8.69	7.38	11.73	
352.0	78.0	8.0	8.0	9.46	11.74	9.28	5.18	5.19	9.3	6.92	6.12	8.98	4.09	4.28	4.42	7.85	9.84	6.11	10.81	
353.0	79.0	7.0	7.0	11.23	10.76	6.61	8.49	10.8	11.49	9.97	11.11	4.99	8.26	6.16	8.13	8.51	8.86	8.7	10.49	
354.0	4.0	9.0	9.0	7.51	8.97	4.31	9.7	8.58	7.27	8.73	9.42	11.04	11.61	7.07	10.9	10.35	8.26	8.75	4.02	
355.0	89.0	14.0	14.0	9.9	5.34	11.19	7.04	7.89	8.15	6.74	9.59	8.08	9.01	8.87	9.76	9.06	9.87	6.99	5.66	
356.0	93.0	4.0	4.0	5.62	11.39	4.32	11.11	11.98	9.54	6.67	8.14	9.65	5.47	7.8	11.0	8.22	10.61	7.87	9.19	
357.0	98.0	15.0	15.0	11.7	4.37	5.94	8.7	6.42	10.66	6.31	7.32	6.04	7.5	4.41	9.59	11.38	5.45	10.18	9.01	
358.0	74.0	1.0	1.0	11.71	6.12	10.75	8.23	9.98	8.25	9.51	11.95	6.74	10.9	7.12	7.26	11.21	10.08	7.27	8.46	
359.0	91.0	9.0	9.0	8.4	5.03	4.91	11.61	10.89	9.3	4.85	9.74	8.44	8.39	8.61	7.76	6.05	7.85	5.25	5.16	
360.0	82.0	6.0	6.0	10.38	7.6	7.49	4.98	6.62	11.31	9.92	7.27	8.76	6.46	8.96	4.8	4.49	11.29	7.95	7.86	
361.0	91.0	9.0	9.0	9.21	10.33	4.63	9.5	4.98	7.14	5.68	5.11	8.44	9.87	9.07	8.23	4.45	8.02	7.84	11.42	
362.0	72.0	11.0	11.0	9.86	7.48	4.65	9.69	5.88	6.79	5.86	4.75	6.78	8.55	5.72	11.02	5.87	10.04	7.75	8.03	
363.0	69.0	12.0	12.0	6.25	8.55	7.1	11.6	8.56	4.8	5.72	10.63	6.0	7.6	4.1	8.83	11.22	9.11	10.18	9.22	
364.0	74.0	1.0	1.0	6.83	4.72	6.88	6.26	11.87	6.78	7.25	8.64	4.63	9.31	5.33	9.32	9.58	4.4	10.42	10.56	
365.0	94.0	13.0	13.0	4.93	8.37	6.19	8.98	6.27	8.34	10.65	8.97	7.94	10.71	11.02	5.47	5.19	4.11	4.78	10.65	
366.0	88.0	4.0	4.0	8.4	6.4	6.22	4.82	9.11	4.85	9.12	7.45	8.56	9.17	6.74	7.89	5.5	5.2	9.66	7.55	
367.0	86.0	15.0	15.0	11.35	8.49	9.18	5.58	6.88	4.74	10.77	9.74	9.79	10.1	9.96	5.15	9.41	10.56	4.06	9.1	
368.0	94.0	13.0	13.0	10.98	4.79	7.85	7.15	5.63	4.94	5.15	10.39	4.76	6.93	11.83	5.33	6.16	7.29	7.75	9.03	
369.0	67.0	3.0	3.0	7.73	4.45	7.81	9.64	5.48	11.08	9.58	4.46	4.23	10.84	8.46	7.23	10.48	8.97	5.61	4.28	
370.0	71.0	11.0	11.0	9.89	10.4	7.12	6.14	5.87	8.91	11.45	9.31	7.71	11.71	10.1	8.58	8.27	11.32	7.96	7.22	
371.0	74.0	1.0	1.0	4.1	8.93	7.04	10.79	10.56	7.15	9.96	6.93	4.96	6.71	4.7	11.61	11.39	6.09	6.96	10.29	
372.0	77.0	8.0	8.0	7.28	4.17	11.91	11.35	6.26	7.33	4.79	10.37	8.53	6.27	11.06	7.24	10.04	6.07	8.07	5.64	
373.0	79.0	7.0	7.0	6.05	4.9	11.79	8.41	6.01	9.93	8.12	11.26	9.32	8.21	11.83	7.17	4.02	8.02	7.45	4.03	
374.0	75.0	8.0	8.0	7.18	5.47	5.67	7.16	11.6	9.0	4.82	4.49	11.91	4.71	9.52	10.94	9.59	6.55	9.22	7.84	
375.0	99.0	12.0	12.0	11.46	7.96	10.05	5.55	4.88	7.65	10.47	6.69	4.06	8.91	7.95	10.96	8.53	8.08	8.38	9.23	
376.0	36.0	15.0	15.0	7.42	6.72	9.45	10.72	11.67	7.31	8.54	5.43	5.4	8.89	11.72	8.33	4.28	11.53	10.64	9.96	
377.0	71.0	11.0	11.0	9.8	5.63	10.68	11.18	10.13	5.51	10.83	7.43	7.39	8.48	5.64	4.14	8.68	10.86	6.37	10.9	
378.0	50.0	9.0	9.0	4.05	9.72	10.63	11.96	11.62	7.16	8.99	7.19	7.41	11.2	9.15	7.42	11.44	10.99	5.96	4.9	
379.0	92.0	10.0	10.0	11.15	7.35	10.22	7.66	11.42	7.3	10.41	9.29	10.28	4.18	4.55	8.46	6.84	11.01	6.32	5.56	
380.0	82.0	6.0	6.0	10.83	10.04	6.72	4.11	5.79	5.41	10.14	6.32	8.14	8.04	4.95	6.42	8.36	9.36	6.16	11.32	
381.0	64.0	4.0	4.0	5.19	7.05	5.48	6.65	9.23	10.36	9.41	9.44	9.0	8.35	6.75	10.23	7.71	9.88	6.47	4.88	
382.0	57.0	14.0	14.0	11.83	10.35	8.64	5.99	8.46	6.64	8.37	11.96	10.8	4.78	5.19	9.63	9.18	6.0	6.76	10.41	
383.0	41.0	15.0	15.0	8.61	8.53	9.56	4.9	8.16	6.59	10.53	6.85	11.24	11.36	5.25	8.92	6.6	8.47	5.64	11.73	
384.0	45.0	5.0	5.0	7.44	11.14	10.47	7.32	8.6	11.8	6.08	7.26	4.37	11.89	8.67	9.5	8.53	7.43	8.02	9.73	
385.0	91.0	9.0	9.0	9.45	9.75	9.47	9.63	10.89	10.13	11.28	4.06	9.55	10.24	11.66	5.05	6.07	5.09	5.5	8.22	
386.0	82.0	6.0	6.0	11.19	5.26	4.77	11.93	4.21	11.95	8.75	8.41	5.98	6.8	4.18	8.62	4.64	7.1	5.27	9.37	
387.0	53.0	12.0	12.0	10.1	7.03	7.55	10.91	11.65	6.46	11.61	4.47	10.08	5.35	11.66	5.86	7.07	7.83	7.29	11.61	
388.0	55.0	6.0	6.0	8.17	10.01	11.06	11.69	5.46	6.91	6.65	9.6	5.25	11.39	8.43	11.64	11.32	5.49	9.28	7.77	
389.0	59.0	9.0	9.0	9.64	4.54	5.33	4.05	7.94	9.13	6.38	10.61	8.98	7.94	9.75	5.18	5.67	11.63	4.8	4.6	
390.0	70.0	11.0	11.0	6.83	4.22	7.77	11.66	4.51	5.76	6.69	6.09	8.83	9.34	10.63	10.05	9.39	7.45	4.68	6.39	
391.0	44.0	3.0	3.0	10.56	7.16	7.42	6.57	11.14	8.49	11.73	4.64	7.54	8.03	11.74	10.4	9.93	8.17	6.19	6.58	
392.0	92.0	10.0	10.0	6.32	6.73	4.32	7.36	7.87	6.86	11.44	6.89	9.67	7.19	6.7	6.03	10.95	8.37	7.88	7.54	
393.0	84.0	12.0	12.0	9.06	8.04	4.79	6.95	8.42	5.45	8.53	6.07	9.51	6.26	9.42	9.52	4.26	6.04	7.02	7.79	
394.0	14.0	13.0	13.0	6.84	11.05	6.68	6.82	7.11	11.68	7.01	9.5	9.02	9.38	4.38	4.23	5.47	10.65	7.55	8.6	
395.0	88.0	4.0	4.0	6.45	11.2	10.85	10.77	11.43	7.58	6.95	8.99	10.39	4.27	7.6	8.85	5.96	6.72	11.41	7.95	
396.0	94.0	13.0	13.0	4.74	5.22	4.95	10.33	11.02	4.04	9.0	7.52	9.96	11.65	9.01	8.81	11.81	11.04	7.18	7.29	
397.0	98.0	15.0	15.0	11.04	11.37	4.15	9.31	8.32	11.84	10.16	9.07	8.01	4.14	11.15	11.48	9.81	6.39	10.16	5.94	
398.0	49.0	12.0	12.0	6.65	4.23	7.12	5.6	9.7	11.15	9.0	4.89	8.08	11.36	6.42	10.08	10.13	5.24	10.31	8.03	
399.0	86.0	15.0	15.0	5.05	10.21	8.77	5.98	5.23	7.81	7.77	7.76	8.46	5.86	11.08	11.75	6.26	6.5	9.72	8.46	
400.0	53.0	12.0	12.0	4.9	10.41	8.25	7.63	5.61	5.68	11.09	5.16	6.34	11.68	11.06	11.93	7.3	9.96	7.73	6.24	
401.0	99.0	12.0	12.0	11.38	10.6	11.01	4.62	4.6	5.14	7.49	9.42	6.18	6.3	5.36	4.9	10.66	6.1	4.69	5.77	
402.0	59.0	9.0	9.0	9.0	6.3	9.57	11.87	5.68	11.58	7.4	8.08	11.24	6.18	7.36	8.02	7.86	10.8	9.0	7.13	
403.0	70.0	11.0	11.0	10.12	8.09	11.13	8.21	8.55	6.77	6.0	5.24	8.5	11.93	9.57	10.86	6.68	5.81	11.43	5.04	
404.0	86.0	15.0	15.0	6.08	8.85	7.84	10.91	4.13	6.12	9.97	6.46	5.88	7.7	7.97	9.02	6.48	4.5	5.69	5.38	
405.0	48.0	13.0	13.0	4.86	5.63	9.89	7.24	4.16	10.64	5.97	4.81	4.9	6.06	6.21	11.9	6.59	11.47	11.62	11.7	
406.0	84.0	12.0	12.0	5.31	10.42	6.73	5.71	6.75	11.47	8.12	8.08	10.39	9.32	11.87	5.76	7.59	7.89	9.74	11.55	
407.0	75.0	8.0	8.0	4.56	10.2	5.29	11.78	9.0	6.24	7.61	9.04	11.66	5.42	6.58	6.31	4.81	10.55	10.62	7.56	
408.0	87.0	5.0	5.0	6.59	7.17	10.78	8.37	7.93	7.84	7.31	9.75	10.47	7.08	4.38	4.16	4.28	4.87	11.78	6.41	
409.0	79.0	7.0	7.0	4.65	11.58	10.25	6.09	7.59	5.98	8.93	9.78	4.7	5.33	6.34	4.78	9.19	10.13	7.02	8.35	
410.0	77.0	8.0	8.0	4.18	4.4	8.53	6.36	4.27	7.57	4.44	8.78	10.65	7.77	11.41	9.85	10.44	10.36	6.85	5.38	
411.0	46.0	14.0	14.0	5.23	8.51	10.5	6.08	6.35	4.36	11.59	11.63	5.58	11.11	10.32	10.14	5.45	4.57	6.31	11.73	
412.0	49.0	12.0	12.0	8.6	5.04	5.44	8.8	7.87	6.03	7.82	4.12	4.28	7.51	7.32	8.6	4.17	11.77	4.29	7.31	
413.0	76.0	6.0	6.0	4.05	5.21	9.52	6.54	6.4	11.3	8.44	9.02	7.29	8.53	11.03	9.82	5.86	5.77	7.68	5.51	
414.0	85.0	3.0	3.0	7.83	6.36	11.39	8.05	4.66	7.5	11.17	10.66	11.0	6.16	5.77	10.87	8.17	4.73	9.15	4.04	
415.0	90.0	4.0	4.0	8.98	6.54	5.49	6.52	10.8	9.32	6.47	11.5	6.77	6.87	11.2	11.62	11.53	11.65	8.96	4.59	
416.0	60.0	3.0	3.0	5.45	10.44	5.46	7.44	9.33	9.7	7.91	7.32	8.32	10.96	9.78	8.44	9.11	4.88	6.4	10.21	
417.0	43.0	13.0	13.0	9.61	6.18	10.89	8.57	8.17	9.93	4.39	9.34	4.91	6.18	4.5	11.26	10.35	9.93	6.65	11.67	
418.0	47.0	15.0	15.0	5.99	7.61	4.07	11.1	11.6	9.27	4.4	6.39	9.08	6.3	11.59	6.85	7.19	9.28	11.67	8.96	
419.0	66.0	12.0	12.0	9.11	6.62	10.93	7.74	5.58	9.26	9.4	11.24	11.67	9.85	7.44	6.52	10.5	10.11	9.4	7.68	
420.0	99.0	12.0	12.0	6.63	11.98	9.25	6.2	11.76	4.91	8.26	8.34	11.78	4.46	6.74	9.94	5.53	5.39	10.04	11.01	
421.0	93.0	4.0	4.0	11.17	10.43	4.13	10.91	10.24	10.48	9.14	9.61	8.14	10.43	4.58	4.46	11.75	11.43	7.19	4.7	
422.0	92.0	10.0	10.0	6.02	5.21	5.5	4.24	4.72	9.13	7.02	5.76	7.31	9.09	4.22	10.25	9.93	11.59	4.03	8.0	
423.0	60.0	3.0	3.0	10.29	7.62	7.56	4.46	8.19	11.62	4.39	11.47	4.96	8.89	10.77	9.84	6.08	9.0	5.89	8.64	
424.0	81.0	3.0	3.0	8.96	5.29	4.65	8.03	11.27	5.85	5.44	9.92	7.69	8.77	8.63	11.55	5.47	4.1	4.4	8.57	
425.0	96.0	15.0	15.0	10.34	6.17	7.35	6.19	9.82	9.51	10.57	4.42	7.1	5.7	6.62	11.79	9.46	5.8	5.55	9.57	
426.0	74.0	1.0	1.0	5.49	11.82	6.49	9.13	8.98	5.78	7.4	6.52	8.74	5.93	9.07	7.82	7.68	6.57	7.1	10.55	
427.0	65.0	11.0	11.0	11.12	5.78	6.32	9.74	9.59	4.95	9.84	9.89	9.92	7.55	11.55	11.92	5.73	8.76	10.31	9.3	
428.0	96.0	15.0	15.0	10.11	7.31	9.23	4.91	5.9	10.49	9.45	6.23	9.07	11.5	8.07	6.43	8.22	6.54	10.46	10.25	
429.0	59.0	9.0	9.0	8.58	9.4	11.4	7.27	9.39	6.62	6.86	6.53	5.11	6.17	6.59	4.68	11.37	4.13	10.85	8.15	
430.0	87.0	5.0	5.0	9.54	5.72	11.36	4.3	5.37	6.35	10.73	11.11	4.06	9.7	5.13	6.71	7.95	6.71	7.93	4.23	
431.0	44.0	3.0	3.0	9.81	10.27	9.2	8.71	11.45	9.7	8.71	10.0	6.79	5.36	9.64	5.46	10.5	6.55	6.94	8.66	
432.0	84.0	12.0	12.0	10.43	7.65	6.55	8.7	10.82	4.26	7.67	7.29	4.08	6.62	8.84	4.37	4.58	7.43	8.54	11.53	
433.0	51.0	2.0	2.0	8.66	10.74	7.8	4.46	9.95	7.96	8.92	9.62	6.67	8.45	5.41	7.44	9.34	5.09	8.06	11.21	
434.0	55.0	6.0	6.0	4.25	8.99	5.62	11.78	4.51	10.7	10.39	4.85	7.76	7.63	11.99	8.94	4.54	10.91	5.75	11.4	
435.0	56.0	13.0	13.0	9.21	5.55	9.99	11.99	7.24	10.77	7.47	8.05	6.49	7.1	9.75	5.3	6.51	6.91	10.23	8.59	
436.0	96.0	15.0	15.0	5.2	11.47	11.24	5.24	9.05	7.09	8.67	9.81	8.49	4.85	9.69	9.52	10.92	4.75	8.87	8.15	
437.0	99.0	12.0	12.0	10.96	6.98	11.69	7.62	6.19	4.75	6.48	10.3	5.49	11.35	7.32	10.33	4.41	5.12	4.89	9.13	
438.0	86.0	15.0	15.0	8.39	11.42	9.24	4.42	4.32	11.58	9.62	4.47	8.22	10.39	8.85	5.47	11.26	5.61	11.53	10.93	
439.0	94.0	13.0	13.0	10.31	8.64	5.89	11.01	10.09	10.97	10.71	5.95	9.13	5.32	4.76	7.54	10.04	10.74	11.78	9.21	
440.0	71.0	11.0	11.0	11.32	11.12	9.23	11.36	10.14	7.39	10.48	5.65	11.89	10.2	11.15	7.32	7.68	6.66	10.35	0.28091729965191536	
441.0	87.0	5.0	5.0	5.32	9.87	11.69	10.88	10.67	11.58	7.41	10.89	11.62	8.49	5.94	5.82	4.82	4.69	9.4	11.56	
442.0	75.0	8.0	8.0	10.85	8.55	4.84	7.36	4.74	4.7	8.56	11.96	5.33	9.09	9.43	8.01	7.14	10.0	8.07	9.99	
443.0	42.0	4.0	4.0	9.44	10.92	6.06	7.84	11.65	4.31	7.76	9.1	5.38	10.47	9.03	10.99	5.63	4.77	5.85	5.5	
444.0	43.0	13.0	13.0	7.75	10.61	4.79	9.66	5.41	11.73	7.66	4.87	4.41	5.72	6.85	7.6	6.41	11.32	5.27	11.43	
445.0	78.0	8.0	8.0	5.58	11.77	10.38	4.95	6.02	10.82	5.5	6.13	5.56	11.99	6.75	10.78	6.22	5.29	4.79	5.97	
446.0	49.0	12.0	12.0	10.99	7.62	7.82	10.7	7.03	7.05	10.11	4.8	8.35	8.61	4.11	10.53	6.28	4.01	10.1	8.3	
447.0	83.0	5.0	5.0	8.95	9.36	10.76	9.41	5.54	5.74	7.82	4.72	8.26	11.21	5.37	4.88	8.95	9.36	8.57	9.99	
448.0	56.0	13.0	13.0	6.19	5.18	10.37	9.11	7.67	11.96	11.04	6.69	6.02	6.15	7.53	10.51	9.04	8.2	9.42	8.42	
449.0	74.0	1.0	1.0	4.62	8.09	11.61	10.13	6.18	9.91	9.2	4.52	4.93	4.19	10.72	7.68	11.86	5.4	4.08	10.46	
450.0	67.0	3.0	3.0	6.98	5.8	7.06	9.42	10.7	5.22	4.17	9.43	5.35	10.94	6.5	10.5	5.55	7.93	4.85	5.03	
451.0	76.0	6.0	6.0	8.12	11.83	6.53	5.15	8.18	4.25	7.66	11.19	6.1	9.1	6.0	5.63	9.15	5.11	8.29	10.55	
452.0	27.0	13.0	13.0	9.01	9.75	7.98	10.44	11.03	9.76	9.44	5.95	10.53	11.84	9.14	8.71	4.1	4.52	7.5	5.95	
453.0	98.0	15.0	15.0	5.34	6.47	11.09	5.2	10.22	6.9	7.98	10.44	11.43	4.17	6.36	11.71	11.18	4.61	11.5	8.81	
454.0	81.0	3.0	3.0	9.34	8.2	11.1	10.69	5.88	7.64	6.71	11.72	4.65	9.83	5.04	8.97	4.28	11.87	7.4	11.58	
455.0	56.0	13.0	13.0	8.54	5.13	6.59	4.5	6.26	11.42	11.2	10.36	4.37	8.97	4.57	4.4	11.34	5.53	5.79	11.14	
456.0	90.0	4.0	4.0	6.23	7.6	11.26	7.15	8.08	8.42	4.84	5.51	10.86	8.03	9.89	5.36	9.49	5.58	8.42	5.44	
457.0	42.0	4.0	4.0	9.14	8.71	9.59	9.53	9.47	11.39	7.89	9.66	10.7	5.55	8.05	11.81	4.52	11.29	11.77	3.257965113011956	
458.0	77.0	8.0	8.0	11.05	9.95	5.42	8.43	6.43	8.32	9.41	9.21	7.47	5.42	7.23	4.82	7.13	11.94	11.56	7.11	
459.0	89.0	14.0	14.0	9.26	8.42	10.38	4.22	4.84	9.83	8.27	11.66	7.67	10.59	6.07	6.31	7.55	5.83	8.3	9.23	
460.0	90.0	4.0	4.0	7.59	7.66	10.51	10.46	4.29	11.43	10.38	4.49	10.26	5.79	5.14	4.16	5.38	7.32	10.55	8.06	
461.0	39.0	14.0	14.0	10.21	6.73	6.5	9.46	9.29	7.45	8.92	4.22	8.96	7.86	9.16	10.95	10.99	6.37	6.76	5.48	
462.0	83.0	5.0	5.0	8.45	4.02	11.96	5.82	4.25	8.71	9.33	9.16	8.4	10.35	10.88	8.69	9.83	4.43	10.96	6.88	
463.0	24.0	14.0	14.0	10.61	4.63	4.01	6.85	10.53	9.23	4.53	10.67	10.69	10.63	9.16	6.92	6.13	6.35	5.88	11.64	
464.0	92.0	10.0	10.0	10.58	6.07	8.86	7.08	11.94	5.28	5.85	7.46	10.2	7.17	4.4	7.5	5.76	4.31	10.68	4.28	
465.0	81.0	3.0	3.0	6.38	4.98	5.22	11.84	5.44	4.35	7.38	6.46	5.08	5.55	5.51	9.74	5.91	9.41	7.09	9.16	
466.0	33.0	14.0	14.0	6.06	8.9	9.97	4.32	11.9	5.0	10.97	10.27	9.95	7.81	6.2	11.52	9.11	9.49	7.9	11.29	
467.0	36.0	15.0	15.0	6.08	4.63	9.68	10.54	5.84	11.64	5.81	8.47	10.14	4.98	9.02	7.83	10.41	8.8	4.82	9.02	
468.0	21.0	9.0	9.0	5.92	11.11	4.44	9.97	10.54	9.63	11.42	6.91	11.19	11.57	7.83	7.18	4.75	9.92	8.78	4.54	
469.0	99.0	12.0	12.0	11.65	8.78	4.82	8.8	9.98	5.0	9.14	11.59	8.77	4.72	5.91	4.74	5.33	5.99	6.9	10.34	
470.0	88.0	4.0	4.0	7.05	5.49	4.57	11.24	7.02	6.86	11.4	6.52	4.64	8.54	6.48	5.36	6.32	10.0	7.74	8.1	
471.0	95.0	8.0	8.0	8.49	11.12	10.67	11.97	10.99	5.56	6.93	10.81	11.54	5.2	7.07	8.15	11.15	8.12	4.69	6.11	
472.0	32.0	14.0	14.0	5.35	6.34	6.44	9.03	11.26	10.9	9.61	4.15	7.9	11.32	9.88	6.85	11.39	9.87	9.54	9.36	
473.0	36.0	15.0	15.0	9.02	4.71	5.07	10.06	6.96	5.67	7.62	7.79	4.85	4.96	6.19	7.14	4.79	11.49	4.25	4.84	
474.0	95.0	8.0	8.0	4.27	8.89	7.64	10.25	4.29	9.55	5.01	8.2	10.07	8.8	7.55	10.25	8.96	10.57	10.9	6.19	
475.0	62.0	7.0	7.0	6.36	11.17	5.6	5.58	7.62	6.12	4.22	9.93	11.68	6.31	9.85	10.85	9.97	5.03	8.8	4.08	
476.0	25.0	12.0	12.0	5.37	10.7	11.31	8.16	4.93	4.31	5.09	4.37	7.77	6.64	11.62	4.09	10.85	5.25	8.47	4.15	
477.0	28.0	8.0	8.0	11.76	9.36	4.65	4.0	7.01	8.68	10.79	8.59	7.77	4.75	10.8	8.19	11.63	8.33	11.89	7.83	
478.0	82.0	6.0	6.0	11.97	10.8	6.14	4.03	5.98	5.05	6.64	8.71	5.52	10.16	6.25	11.35	6.44	9.52	11.03	8.52	
479.0	78.0	8.0	8.0	11.5	10.96	11.78	6.83	11.57	8.75	6.37	10.42	7.1	10.08	8.2	11.0	10.36	5.29	5.23	11.86	
480.0	35.0	10.0	10.0	5.42	5.63	7.29	7.12	7.46	4.53	10.02	9.6	11.37	8.48	5.76	11.54	6.04	10.18	5.06	8.13	
481.0	78.0	8.0	8.0	7.77	7.07	10.62	8.72	7.29	5.17	9.15	9.03	9.61	7.67	4.65	10.1	5.3	10.48	7.92	6.62	
482.0	25.0	12.0	12.0	4.95	9.43	4.46	7.86	4.24	5.94	4.26	8.17	11.14	6.28	8.31	5.25	11.07	11.86	6.19	11.79	
483.0	83.0	5.0	5.0	4.07	4.88	6.99	5.4	6.37	11.07	11.37	7.36	9.22	11.03	6.38	9.29	5.19	5.21	5.86	10.76	
484.0	28.0	8.0	8.0	7.4	4.27	9.6	6.72	9.47	10.84	5.69	6.52	5.53	4.59	11.95	5.15	11.56	6.35	4.02	10.84	
485.0	99.0	12.0	12.0	6.1	4.15	8.73	10.51	7.97	8.54	7.11	4.56	8.06	8.96	11.58	7.05	10.95	7.59	7.44	7.67	
486.0	73.0	13.0	13.0	10.87	10.56	11.1	10.62	5.47	10.66	6.88	9.4	8.88	9.39	7.07	6.67	10.21	6.53	11.76	8.8	
487.0	88.0	4.0	4.0	11.29	4.39	7.49	8.64	10.58	7.32	11.84	11.68	4.03	8.33	9.19	8.55	4.57	4.5	8.37	4.77	
488.0	80.0	3.0	3.0	4.5	10.33	5.76	11.81	7.76	5.02	8.25	8.31	6.48	7.27	5.44	10.93	9.61	8.72	11.67	9.86	
489.0	22.0	6.0	6.0	6.74	11.98	5.35	4.32	7.34	7.78	10.58	11.92	10.66	8.52	6.13	8.84	6.22	8.75	4.71	9.9	
490.0	68.0	5.0	5.0	6.92	6.11	7.59	11.66	7.52	10.67	8.38	10.29	7.4	8.79	5.68	9.97	6.63	7.82	6.35	6.86	
491.0	30.0	14.0	14.0	6.35	11.05	7.35	8.81	5.4	8.51	11.42	10.79	4.04	11.81	5.02	6.98	4.76	5.54	5.61	8.84	
492.0	88.0	4.0	4.0	4.42	5.16	5.73	6.77	6.77	5.6	8.85	4.17	9.72	8.77	6.58	10.41	7.4	8.04	5.9	11.86	
493.0	75.0	8.0	8.0	9.17	8.64	8.31	5.27	6.96	7.52	10.52	11.66	11.43	5.96	11.04	7.04	5.82	5.16	4.4	7.22	
494.0	88.0	4.0	4.0	4.78	9.08	4.41	4.11	7.51	8.62	7.65	6.36	6.92	10.61	6.99	11.16	4.99	6.14	9.72	5.74	
495.0	91.0	9.0	9.0	10.35	6.12	9.68	10.11	6.74	8.87	11.09	7.86	7.57	11.22	5.44	7.68	6.46	6.38	11.48	10.13	
496.0	96.0	15.0	15.0	4.8	7.52	6.84	5.89	6.34	5.52	9.49	4.33	7.4	4.48	7.82	10.76	10.37	5.82	7.42	9.9	
497.0	63.0	15.0	15.0	4.5	4.08	8.85	6.64	8.83	9.61	11.56	11.91	10.4	5.13	8.93	10.66	6.61	5.17	8.4	4.5	
498.0	15.0	11.0	11.0	10.18	6.29	10.29	11.89	8.86	11.25	4.94	4.96	7.98	8.89	9.91	4.88	11.5	11.05	11.79	9.19	
499.0	86.0	15.0	15.0	9.08	9.92	4.08	9.28	11.73	11.86	6.72	4.17	10.01	11.22	9.89	4.25	11.61	10.85	7.53	10.22	
500.0	3.0	6.0	6.0	5.07	4.09	7.96	6.37	6.21	5.78	8.29	10.08	10.69	11.18	5.37	11.02	10.44	4.24	10.14	7.97	
501.0	63.0	15.0	15.0	10.06	4.39	4.88	4.97	8.37	8.45	6.52	10.07	10.84	9.08	7.69	5.51	6.93	5.31	7.0	9.86	
502.0	7.0	11.0	11.0	10.72	4.95	6.88	4.73	5.26	10.01	6.78	9.54	10.11	5.82	11.07	4.09	7.88	7.58	5.03	11.31	
503.0	93.0	4.0	4.0	9.44	11.19	6.57	8.53	5.75	5.67	7.66	7.74	11.97	4.61	7.18	6.2	10.96	8.17	9.54	8.83	
504.0	13.0	3.0	3.0	11.65	11.23	10.95	8.09	4.71	6.46	9.69	8.8	10.27	4.16	6.32	10.32	10.9	7.35	11.77	10.3	
505.0	95.0	8.0	8.0	8.06	10.09	4.71	5.82	8.88	8.36	11.64	7.22	9.11	4.29	9.18	11.85	5.67	7.04	11.32	7.12	
506.0	87.0	5.0	5.0	4.65	6.12	7.5	7.37	8.23	6.34	8.11	10.29	10.41	11.11	9.13	10.27	5.51	6.67	6.71	4.87	
507.0	57.0	14.0	14.0	10.77	8.4	11.94	7.41	10.45	5.79	11.26	8.97	9.44	10.0	7.5	4.94	4.8	11.22	7.16	5.36	
508.0	6.0	7.0	7.0	4.64	8.55	6.02	10.33	4.28	6.04	5.08	8.93	6.81	8.06	7.98	10.85	8.91	8.43	7.38	5.52	
509.0	89.0	14.0	14.0	9.9	9.21	8.61	5.44	10.49	9.34	6.79	6.1	4.62	9.39	10.96	6.03	10.41	10.49	6.4	6.33	
510.0	88.0	4.0	4.0	7.96	8.12	4.9	11.8	11.57	5.59	10.34	6.65	8.6	4.12	6.55	7.12	9.02	5.47	11.22	11.87	
511.0	94.0	13.0	13.0	6.51	5.61	7.42	8.12	7.31	10.1	7.78	10.7	6.47	8.27	8.36	11.67	7.89	9.1	9.66	5.89	
512.0	80.0	3.0	3.0	6.03	6.22	7.01	11.26	7.26	7.51	8.92	6.33	11.0	7.89	6.51	10.37	9.56	5.49	10.77	5.36	
=====================================================================================================================================================
number of non-local execution forwordmean is 246
=====================================================================================================================================================
=====================================================================================================================================================
Map Status of job/thread name: wordcount  after done (10 columns: map task #,Local(0)/Non_local(1), status(not_yet_started(0),running(1)/finished(2)), response time, start time, end time, latency, bin #, VM flavor #, PM #, Rack #)
=====================================================================================================================================================
1.0	0.0	2.0	1272.0	1272.0	1293.0	21.0	81.0	5.0	3.0	4.0	
2.0	0.0	2.0	1272.0	1272.0	1293.0	21.0	84.0	5.0	12.0	2.0	
3.0	0.0	2.0	1272.0	1272.0	1293.0	21.0	87.0	5.0	5.0	5.0	
4.0	0.0	2.0	1272.0	1272.0	1293.0	21.0	90.0	5.0	4.0	1.0	
5.0	0.0	2.0	1272.0	1272.0	1293.0	21.0	93.0	5.0	4.0	5.0	
6.0	0.0	2.0	1272.0	1272.0	1293.0	21.0	96.0	5.0	15.0	3.0	
7.0	0.0	2.0	1272.0	1272.0	1293.0	21.0	99.0	5.0	12.0	3.0	
8.0	0.0	2.0	1272.0	1272.0	1293.0	21.0	82.0	5.0	6.0	2.0	
9.0	0.0	2.0	1272.0	1272.0	1293.0	21.0	85.0	5.0	3.0	5.0	
10.0	0.0	2.0	1272.0	1272.0	1293.0	21.0	88.0	5.0	4.0	3.0	
11.0	0.0	2.0	1272.0	1272.0	1293.0	21.0	91.0	5.0	9.0	5.0	
12.0	0.0	2.0	1272.0	1272.0	1293.0	21.0	94.0	5.0	13.0	1.0	
13.0	0.0	2.0	1272.0	1272.0	1293.0	21.0	97.0	5.0	9.0	3.0	
14.0	0.0	2.0	1272.0	1272.0	1293.0	21.0	100.0	5.0	14.0	1.0	
15.0	0.0	2.0	1272.0	1272.0	1293.0	21.0	83.0	5.0	5.0	1.0	
16.0	0.0	2.0	1272.0	1272.0	1293.0	21.0	86.0	5.0	15.0	4.0	
17.0	0.0	2.0	1272.0	1272.0	1293.0	21.0	89.0	5.0	14.0	2.0	
18.0	0.0	2.0	1272.0	1272.0	1293.0	21.0	92.0	5.0	10.0	4.0	
19.0	0.0	2.0	1272.0	1272.0	1293.0	21.0	95.0	5.0	8.0	5.0	
20.0	0.0	2.0	1272.0	1272.0	1293.0	21.0	98.0	5.0	15.0	2.0	
21.0	0.0	2.0	1272.0	1272.0	1293.0	21.0	81.0	5.0	3.0	4.0	
22.0	0.0	2.0	1272.0	1272.0	1293.0	21.0	84.0	5.0	12.0	2.0	
23.0	0.0	2.0	1272.0	1272.0	1293.0	21.0	87.0	5.0	5.0	5.0	
24.0	0.0	2.0	1272.0	1272.0	1293.0	21.0	90.0	5.0	4.0	1.0	
25.0	0.0	2.0	1272.0	1272.0	1293.0	21.0	93.0	5.0	4.0	5.0	
26.0	0.0	2.0	1272.0	1272.0	1293.0	21.0	96.0	5.0	15.0	3.0	
27.0	0.0	2.0	1272.0	1272.0	1293.0	21.0	99.0	5.0	12.0	3.0	
28.0	0.0	2.0	1272.0	1272.0	1293.0	21.0	82.0	5.0	6.0	2.0	
29.0	0.0	2.0	1272.0	1272.0	1293.0	21.0	85.0	5.0	3.0	5.0	
30.0	0.0	2.0	1272.0	1272.0	1293.0	21.0	88.0	5.0	4.0	3.0	
31.0	0.0	2.0	1272.0	1272.0	1293.0	21.0	91.0	5.0	9.0	5.0	
32.0	0.0	2.0	1272.0	1272.0	1293.0	21.0	94.0	5.0	13.0	1.0	
33.0	0.0	2.0	1272.0	1272.0	1293.0	21.0	97.0	5.0	9.0	3.0	
34.0	0.0	2.0	1272.0	1272.0	1293.0	21.0	100.0	5.0	14.0	1.0	
35.0	0.0	2.0	1272.0	1272.0	1293.0	21.0	83.0	5.0	5.0	1.0	
36.0	0.0	2.0	1272.0	1272.0	1293.0	21.0	86.0	5.0	15.0	4.0	
37.0	0.0	2.0	1272.0	1272.0	1293.0	21.0	89.0	5.0	14.0	2.0	
38.0	0.0	2.0	1272.0	1272.0	1293.0	21.0	92.0	5.0	10.0	4.0	
39.0	0.0	2.0	1272.0	1272.0	1293.0	21.0	95.0	5.0	8.0	5.0	
40.0	0.0	2.0	1272.0	1272.0	1293.0	21.0	98.0	5.0	15.0	2.0	
41.0	0.0	2.0	1272.0	1272.0	1293.0	21.0	81.0	5.0	3.0	4.0	
42.0	0.0	2.0	1272.0	1272.0	1293.0	21.0	84.0	5.0	12.0	2.0	
43.0	0.0	2.0	1272.0	1272.0	1293.0	21.0	87.0	5.0	5.0	5.0	
44.0	0.0	2.0	1272.0	1272.0	1293.0	21.0	90.0	5.0	4.0	1.0	
45.0	0.0	2.0	1272.0	1272.0	1293.0	21.0	93.0	5.0	4.0	5.0	
46.0	0.0	2.0	1272.0	1272.0	1293.0	21.0	96.0	5.0	15.0	3.0	
47.0	0.0	2.0	1272.0	1272.0	1293.0	21.0	99.0	5.0	12.0	3.0	
48.0	0.0	2.0	1272.0	1272.0	1293.0	21.0	82.0	5.0	6.0	2.0	
49.0	0.0	2.0	1272.0	1272.0	1293.0	21.0	85.0	5.0	3.0	5.0	
50.0	0.0	2.0	1272.0	1272.0	1293.0	21.0	88.0	5.0	4.0	3.0	
51.0	0.0	2.0	1272.0	1272.0	1293.0	21.0	91.0	5.0	9.0	5.0	
52.0	0.0	2.0	1272.0	1272.0	1293.0	21.0	94.0	5.0	13.0	1.0	
53.0	0.0	2.0	1272.0	1272.0	1293.0	21.0	97.0	5.0	9.0	3.0	
54.0	0.0	2.0	1272.0	1272.0	1293.0	21.0	100.0	5.0	14.0	1.0	
55.0	0.0	2.0	1272.0	1272.0	1293.0	21.0	83.0	5.0	5.0	1.0	
56.0	0.0	2.0	1272.0	1272.0	1293.0	21.0	86.0	5.0	15.0	4.0	
57.0	0.0	2.0	1272.0	1272.0	1293.0	21.0	89.0	5.0	14.0	2.0	
58.0	0.0	2.0	1272.0	1272.0	1293.0	21.0	92.0	5.0	10.0	4.0	
59.0	0.0	2.0	1272.0	1272.0	1293.0	21.0	95.0	5.0	8.0	5.0	
60.0	0.0	2.0	1272.0	1272.0	1293.0	21.0	98.0	5.0	15.0	2.0	
61.0	0.0	2.0	1272.0	1272.0	1293.0	21.0	81.0	5.0	3.0	4.0	
62.0	0.0	2.0	1272.0	1272.0	1293.0	21.0	84.0	5.0	12.0	2.0	
63.0	0.0	2.0	1272.0	1272.0	1293.0	21.0	87.0	5.0	5.0	5.0	
64.0	0.0	2.0	1272.0	1272.0	1293.0	21.0	90.0	5.0	4.0	1.0	
65.0	0.0	2.0	1272.0	1272.0	1293.0	21.0	93.0	5.0	4.0	5.0	
66.0	0.0	2.0	1272.0	1272.0	1293.0	21.0	96.0	5.0	15.0	3.0	
67.0	0.0	2.0	1272.0	1272.0	1293.0	21.0	99.0	5.0	12.0	3.0	
68.0	0.0	2.0	1272.0	1272.0	1293.0	21.0	82.0	5.0	6.0	2.0	
69.0	0.0	2.0	1272.0	1272.0	1293.0	21.0	85.0	5.0	3.0	5.0	
70.0	0.0	2.0	1272.0	1272.0	1293.0	21.0	88.0	5.0	4.0	3.0	
71.0	0.0	2.0	1272.0	1272.0	1293.0	21.0	91.0	5.0	9.0	5.0	
72.0	0.0	2.0	1272.0	1272.0	1293.0	21.0	94.0	5.0	13.0	1.0	
73.0	0.0	2.0	1272.0	1272.0	1293.0	21.0	97.0	5.0	9.0	3.0	
74.0	0.0	2.0	1272.0	1272.0	1293.0	21.0	100.0	5.0	14.0	1.0	
75.0	0.0	2.0	1272.0	1272.0	1293.0	21.0	83.0	5.0	5.0	1.0	
76.0	0.0	2.0	1272.0	1272.0	1293.0	21.0	86.0	5.0	15.0	4.0	
77.0	0.0	2.0	1272.0	1272.0	1293.0	21.0	89.0	5.0	14.0	2.0	
78.0	0.0	2.0	1272.0	1272.0	1293.0	21.0	92.0	5.0	10.0	4.0	
79.0	0.0	2.0	1272.0	1272.0	1293.0	21.0	95.0	5.0	8.0	5.0	
80.0	0.0	2.0	1272.0	1272.0	1293.0	21.0	98.0	5.0	15.0	2.0	
81.0	0.0	2.0	1272.0	1272.0	1293.0	21.0	81.0	5.0	3.0	4.0	
82.0	0.0	2.0	1272.0	1272.0	1293.0	21.0	84.0	5.0	12.0	2.0	
83.0	0.0	2.0	1272.0	1272.0	1293.0	21.0	87.0	5.0	5.0	5.0	
84.0	0.0	2.0	1272.0	1272.0	1293.0	21.0	90.0	5.0	4.0	1.0	
85.0	0.0	2.0	1272.0	1272.0	1293.0	21.0	93.0	5.0	4.0	5.0	
86.0	0.0	2.0	1272.0	1272.0	1293.0	21.0	96.0	5.0	15.0	3.0	
87.0	0.0	2.0	1272.0	1272.0	1293.0	21.0	99.0	5.0	12.0	3.0	
88.0	0.0	2.0	1272.0	1272.0	1293.0	21.0	82.0	5.0	6.0	2.0	
89.0	0.0	2.0	1272.0	1272.0	1293.0	21.0	85.0	5.0	3.0	5.0	
90.0	0.0	2.0	1272.0	1272.0	1293.0	21.0	88.0	5.0	4.0	3.0	
91.0	0.0	2.0	1272.0	1272.0	1293.0	21.0	91.0	5.0	9.0	5.0	
92.0	0.0	2.0	1272.0	1272.0	1293.0	21.0	94.0	5.0	13.0	1.0	
93.0	0.0	2.0	1272.0	1272.0	1293.0	21.0	97.0	5.0	9.0	3.0	
94.0	0.0	2.0	1272.0	1272.0	1293.0	21.0	100.0	5.0	14.0	1.0	
95.0	0.0	2.0	1272.0	1272.0	1293.0	21.0	83.0	5.0	5.0	1.0	
96.0	0.0	2.0	1272.0	1272.0	1293.0	21.0	86.0	5.0	15.0	4.0	
97.0	0.0	2.0	1272.0	1272.0	1293.0	21.0	89.0	5.0	14.0	2.0	
98.0	0.0	2.0	1272.0	1272.0	1293.0	21.0	92.0	5.0	10.0	4.0	
99.0	0.0	2.0	1272.0	1272.0	1293.0	21.0	95.0	5.0	8.0	5.0	
100.0	0.0	2.0	1272.0	1272.0	1293.0	21.0	98.0	5.0	15.0	2.0	
101.0	0.0	2.0	1272.0	1272.0	1293.0	21.0	81.0	5.0	3.0	4.0	
102.0	0.0	2.0	1272.0	1272.0	1293.0	21.0	84.0	5.0	12.0	2.0	
103.0	0.0	2.0	1272.0	1272.0	1293.0	21.0	87.0	5.0	5.0	5.0	
104.0	0.0	2.0	1272.0	1272.0	1293.0	21.0	90.0	5.0	4.0	1.0	
105.0	0.0	2.0	1272.0	1272.0	1293.0	21.0	93.0	5.0	4.0	5.0	
106.0	0.0	2.0	1272.0	1272.0	1293.0	21.0	96.0	5.0	15.0	3.0	
107.0	0.0	2.0	1272.0	1272.0	1293.0	21.0	99.0	5.0	12.0	3.0	
108.0	0.0	2.0	1272.0	1272.0	1293.0	21.0	82.0	5.0	6.0	2.0	
109.0	0.0	2.0	1272.0	1272.0	1293.0	21.0	85.0	5.0	3.0	5.0	
110.0	0.0	2.0	1272.0	1272.0	1293.0	21.0	88.0	5.0	4.0	3.0	
111.0	0.0	2.0	1272.0	1272.0	1293.0	21.0	91.0	5.0	9.0	5.0	
112.0	0.0	2.0	1272.0	1272.0	1293.0	21.0	94.0	5.0	13.0	1.0	
113.0	0.0	2.0	1272.0	1272.0	1293.0	21.0	97.0	5.0	9.0	3.0	
114.0	0.0	2.0	1272.0	1272.0	1293.0	21.0	100.0	5.0	14.0	1.0	
115.0	0.0	2.0	1272.0	1272.0	1293.0	21.0	83.0	5.0	5.0	1.0	
116.0	0.0	2.0	1272.0	1272.0	1293.0	21.0	86.0	5.0	15.0	4.0	
117.0	0.0	2.0	1272.0	1272.0	1293.0	21.0	89.0	5.0	14.0	2.0	
118.0	0.0	2.0	1272.0	1272.0	1293.0	21.0	92.0	5.0	10.0	4.0	
119.0	0.0	2.0	1272.0	1272.0	1293.0	21.0	95.0	5.0	8.0	5.0	
120.0	0.0	2.0	1272.0	1272.0	1293.0	21.0	98.0	5.0	15.0	2.0	
121.0	0.0	2.0	1272.0	1272.0	1293.0	21.0	81.0	5.0	3.0	4.0	
122.0	0.0	2.0	1272.0	1272.0	1293.0	21.0	84.0	5.0	12.0	2.0	
123.0	0.0	2.0	1272.0	1272.0	1293.0	21.0	87.0	5.0	5.0	5.0	
124.0	0.0	2.0	1272.0	1272.0	1294.0	22.0	90.0	5.0	4.0	1.0	
125.0	0.0	2.0	1272.0	1272.0	1293.0	21.0	93.0	5.0	4.0	5.0	
126.0	0.0	2.0	1272.0	1272.0	1294.0	22.0	96.0	5.0	15.0	3.0	
127.0	0.0	2.0	1272.0	1272.0	1293.0	21.0	99.0	5.0	12.0	3.0	
128.0	0.0	2.0	1272.0	1272.0	1293.0	21.0	82.0	5.0	6.0	2.0	
129.0	0.0	2.0	1272.0	1272.0	1293.0	21.0	85.0	5.0	3.0	5.0	
130.0	0.0	2.0	1272.0	1272.0	1293.0	21.0	88.0	5.0	4.0	3.0	
131.0	0.0	2.0	1272.0	1272.0	1293.0	21.0	91.0	5.0	9.0	5.0	
132.0	0.0	2.0	1272.0	1272.0	1293.0	21.0	94.0	5.0	13.0	1.0	
133.0	0.0	2.0	1272.0	1272.0	1293.0	21.0	97.0	5.0	9.0	3.0	
134.0	0.0	2.0	1272.0	1272.0	1293.0	21.0	100.0	5.0	14.0	1.0	
135.0	0.0	2.0	1272.0	1272.0	1293.0	21.0	83.0	5.0	5.0	1.0	
136.0	1.0	2.0	1289.0	1289.0	1312.0	23.0	68.0	4.0	5.0	3.0	
137.0	1.0	2.0	1290.0	1290.0	1313.0	23.0	70.0	4.0	11.0	5.0	
138.0	1.0	2.0	1290.0	1290.0	1313.0	23.0	64.0	4.0	4.0	2.0	
139.0	1.0	2.0	1290.0	1290.0	1313.0	23.0	61.0	4.0	12.0	4.0	
140.0	1.0	2.0	1289.0	1289.0	1312.0	23.0	33.0	2.0	14.0	1.0	
141.0	1.0	2.0	1272.0	1272.0	1295.0	23.0	60.0	3.0	3.0	3.0	
142.0	0.0	2.0	1290.0	1290.0	1311.0	21.0	86.0	5.0	15.0	4.0	
143.0	0.0	2.0	1290.0	1290.0	1311.0	21.0	88.0	5.0	4.0	3.0	
144.0	1.0	2.0	1289.0	1289.0	1312.0	23.0	53.0	3.0	12.0	3.0	
145.0	1.0	2.0	1289.0	1289.0	1312.0	23.0	59.0	3.0	9.0	4.0	
146.0	1.0	2.0	1272.0	1272.0	1295.0	23.0	63.0	4.0	15.0	1.0	
147.0	1.0	2.0	1289.0	1289.0	1312.0	23.0	60.0	3.0	3.0	3.0	
148.0	1.0	2.0	1289.0	1289.0	1312.0	23.0	28.0	2.0	8.0	1.0	
149.0	1.0	2.0	1289.0	1289.0	1312.0	23.0	3.0	1.0	6.0	4.0	
150.0	1.0	2.0	1290.0	1290.0	1313.0	23.0	55.0	3.0	6.0	4.0	
151.0	1.0	2.0	1290.0	1290.0	1313.0	23.0	18.0	1.0	2.0	5.0	
152.0	1.0	2.0	1290.0	1290.0	1313.0	23.0	63.0	4.0	15.0	1.0	
153.0	0.0	2.0	1290.0	1290.0	1311.0	21.0	98.0	5.0	15.0	2.0	
154.0	0.0	2.0	1290.0	1290.0	1311.0	21.0	100.0	5.0	14.0	1.0	
155.0	1.0	2.0	1290.0	1290.0	1313.0	23.0	75.0	4.0	8.0	5.0	
156.0	0.0	2.0	1290.0	1290.0	1311.0	21.0	86.0	5.0	15.0	4.0	
157.0	1.0	2.0	1289.0	1289.0	1313.0	24.0	72.0	4.0	11.0	2.0	
158.0	1.0	2.0	1289.0	1289.0	1312.0	23.0	32.0	2.0	14.0	3.0	
159.0	1.0	2.0	1289.0	1289.0	1312.0	23.0	28.0	2.0	8.0	1.0	
160.0	1.0	2.0	1290.0	1290.0	1313.0	23.0	57.0	3.0	14.0	3.0	
161.0	1.0	2.0	1289.0	1289.0	1313.0	24.0	58.0	3.0	11.0	4.0	
162.0	1.0	2.0	1289.0	1289.0	1313.0	24.0	41.0	3.0	15.0	4.0	
163.0	1.0	2.0	1272.0	1272.0	1295.0	23.0	61.0	4.0	12.0	4.0	
164.0	1.0	2.0	1272.0	1272.0	1295.0	23.0	80.0	4.0	3.0	1.0	
165.0	0.0	2.0	1290.0	1290.0	1311.0	21.0	94.0	5.0	13.0	1.0	
166.0	0.0	2.0	1290.0	1290.0	1311.0	21.0	96.0	5.0	15.0	3.0	
167.0	1.0	2.0	1289.0	1289.0	1313.0	24.0	4.0	1.0	9.0	4.0	
168.0	0.0	2.0	1290.0	1290.0	1311.0	21.0	83.0	5.0	5.0	1.0	
169.0	1.0	2.0	1289.0	1289.0	1313.0	24.0	25.0	2.0	12.0	2.0	
170.0	0.0	2.0	1290.0	1290.0	1311.0	21.0	88.0	5.0	4.0	3.0	
171.0	1.0	2.0	1290.0	1290.0	1313.0	23.0	32.0	2.0	14.0	3.0	
172.0	1.0	2.0	1289.0	1289.0	1313.0	24.0	39.0	2.0	14.0	2.0	
173.0	1.0	2.0	1272.0	1272.0	1295.0	23.0	79.0	4.0	7.0	3.0	
174.0	0.0	2.0	1290.0	1290.0	1311.0	21.0	100.0	5.0	14.0	1.0	
175.0	0.0	2.0	1290.0	1290.0	1311.0	21.0	83.0	5.0	5.0	1.0	
176.0	0.0	2.0	1290.0	1290.0	1311.0	21.0	86.0	5.0	15.0	4.0	
177.0	1.0	2.0	1290.0	1290.0	1313.0	23.0	74.0	4.0	1.0	3.0	
178.0	1.0	2.0	1289.0	1289.0	1313.0	24.0	74.0	4.0	1.0	3.0	
179.0	1.0	2.0	1289.0	1289.0	1313.0	24.0	47.0	3.0	15.0	5.0	
180.0	1.0	2.0	1289.0	1289.0	1313.0	24.0	54.0	3.0	10.0	5.0	
181.0	0.0	2.0	1290.0	1290.0	1311.0	21.0	81.0	5.0	3.0	4.0	
182.0	0.0	2.0	1290.0	1290.0	1311.0	21.0	84.0	5.0	12.0	2.0	
183.0	1.0	2.0	1290.0	1290.0	1313.0	23.0	74.0	4.0	1.0	3.0	
184.0	1.0	2.0	1290.0	1290.0	1313.0	23.0	43.0	3.0	13.0	1.0	
185.0	0.0	2.0	1290.0	1290.0	1311.0	21.0	93.0	5.0	4.0	5.0	
186.0	1.0	2.0	1290.0	1290.0	1313.0	23.0	72.0	4.0	11.0	2.0	
187.0	0.0	2.0	1290.0	1291.0	1312.0	21.0	99.0	5.0	12.0	3.0	
188.0	1.0	2.0	1290.0	1290.0	1313.0	23.0	41.0	3.0	15.0	4.0	
189.0	1.0	2.0	1290.0	1290.0	1313.0	23.0	30.0	2.0	14.0	1.0	
190.0	0.0	2.0	1290.0	1291.0	1312.0	21.0	88.0	5.0	4.0	3.0	
191.0	0.0	2.0	1290.0	1290.0	1311.0	21.0	91.0	5.0	9.0	5.0	
192.0	1.0	2.0	1290.0	1290.0	1313.0	23.0	74.0	4.0	1.0	3.0	
193.0	0.0	2.0	1290.0	1291.0	1312.0	21.0	97.0	5.0	9.0	3.0	
194.0	1.0	2.0	1290.0	1290.0	1313.0	23.0	75.0	4.0	8.0	5.0	
195.0	1.0	2.0	1290.0	1290.0	1313.0	23.0	54.0	3.0	10.0	5.0	
196.0	1.0	2.0	1290.0	1290.0	1313.0	23.0	52.0	3.0	4.0	3.0	
197.0	0.0	2.0	1290.0	1291.0	1312.0	21.0	89.0	5.0	14.0	2.0	
198.0	0.0	2.0	1290.0	1291.0	1312.0	21.0	92.0	5.0	10.0	4.0	
199.0	1.0	2.0	1289.0	1289.0	1313.0	24.0	54.0	3.0	10.0	5.0	
200.0	0.0	2.0	1290.0	1291.0	1312.0	21.0	98.0	5.0	15.0	2.0	
201.0	1.0	2.0	1290.0	1290.0	1313.0	23.0	26.0	2.0	1.0	2.0	
202.0	1.0	2.0	1272.0	1272.0	1295.0	23.0	55.0	3.0	6.0	4.0	
203.0	0.0	2.0	1290.0	1291.0	1312.0	21.0	87.0	5.0	5.0	5.0	
204.0	0.0	2.0	1290.0	1291.0	1312.0	21.0	90.0	5.0	4.0	1.0	
205.0	1.0	2.0	1290.0	1290.0	1313.0	23.0	72.0	4.0	11.0	2.0	
206.0	1.0	2.0	1290.0	1290.0	1313.0	23.0	57.0	3.0	14.0	3.0	
207.0	1.0	2.0	1290.0	1290.0	1313.0	23.0	52.0	3.0	4.0	3.0	
208.0	1.0	2.0	1290.0	1290.0	1313.0	23.0	48.0	3.0	13.0	4.0	
209.0	0.0	2.0	1290.0	1291.0	1312.0	21.0	85.0	5.0	3.0	5.0	
210.0	0.0	2.0	1290.0	1291.0	1312.0	21.0	88.0	5.0	4.0	3.0	
211.0	0.0	2.0	1290.0	1291.0	1312.0	21.0	91.0	5.0	9.0	5.0	
212.0	0.0	2.0	1290.0	1291.0	1312.0	21.0	94.0	5.0	13.0	1.0	
213.0	0.0	2.0	1290.0	1291.0	1312.0	21.0	98.0	5.0	15.0	2.0	
214.0	1.0	2.0	1290.0	1291.0	1314.0	23.0	96.0	5.0	15.0	3.0	
215.0	0.0	2.0	1293.0	1293.0	1314.0	21.0	83.0	5.0	5.0	1.0	
216.0	0.0	2.0	1293.0	1293.0	1314.0	21.0	86.0	5.0	15.0	4.0	
217.0	0.0	2.0	1293.0	1293.0	1314.0	21.0	89.0	5.0	14.0	2.0	
218.0	0.0	2.0	1293.0	1293.0	1314.0	21.0	92.0	5.0	10.0	4.0	
219.0	0.0	2.0	1293.0	1293.0	1314.0	21.0	95.0	5.0	8.0	5.0	
220.0	0.0	2.0	1293.0	1293.0	1314.0	21.0	98.0	5.0	15.0	2.0	
221.0	1.0	2.0	1292.0	1292.0	1315.0	23.0	76.0	4.0	6.0	4.0	
222.0	0.0	2.0	1293.0	1293.0	1314.0	21.0	84.0	5.0	12.0	2.0	
223.0	0.0	2.0	1293.0	1293.0	1314.0	21.0	88.0	5.0	4.0	3.0	
224.0	0.0	2.0	1293.0	1293.0	1314.0	21.0	91.0	5.0	9.0	5.0	
225.0	0.0	2.0	1293.0	1293.0	1314.0	21.0	93.0	5.0	4.0	5.0	
226.0	1.0	2.0	1292.0	1292.0	1315.0	23.0	53.0	3.0	12.0	3.0	
227.0	1.0	2.0	1292.0	1292.0	1315.0	23.0	41.0	3.0	15.0	4.0	
228.0	0.0	2.0	1293.0	1293.0	1314.0	21.0	83.0	5.0	5.0	1.0	
229.0	0.0	2.0	1293.0	1293.0	1314.0	21.0	85.0	5.0	3.0	5.0	
230.0	1.0	2.0	1292.0	1292.0	1315.0	23.0	56.0	3.0	13.0	5.0	
231.0	0.0	2.0	1293.0	1293.0	1314.0	21.0	91.0	5.0	9.0	5.0	
232.0	0.0	2.0	1293.0	1293.0	1314.0	21.0	94.0	5.0	13.0	1.0	
233.0	0.0	2.0	1293.0	1293.0	1314.0	21.0	97.0	5.0	9.0	3.0	
234.0	0.0	2.0	1293.0	1293.0	1314.0	21.0	100.0	5.0	14.0	1.0	
235.0	0.0	2.0	1293.0	1293.0	1314.0	21.0	83.0	5.0	5.0	1.0	
236.0	0.0	2.0	1293.0	1293.0	1314.0	21.0	86.0	5.0	15.0	4.0	
237.0	0.0	2.0	1293.0	1293.0	1314.0	21.0	89.0	5.0	14.0	2.0	
238.0	0.0	2.0	1293.0	1293.0	1314.0	21.0	92.0	5.0	10.0	4.0	
239.0	0.0	2.0	1293.0	1293.0	1314.0	21.0	95.0	5.0	8.0	5.0	
240.0	0.0	2.0	1293.0	1293.0	1314.0	21.0	98.0	5.0	15.0	2.0	
241.0	1.0	2.0	1292.0	1292.0	1315.0	23.0	15.0	1.0	11.0	1.0	
242.0	0.0	2.0	1293.0	1293.0	1314.0	21.0	84.0	5.0	12.0	2.0	
243.0	0.0	2.0	1293.0	1293.0	1314.0	21.0	87.0	5.0	5.0	5.0	
244.0	0.0	2.0	1293.0	1294.0	1315.0	21.0	90.0	5.0	4.0	1.0	
245.0	0.0	2.0	1293.0	1294.0	1315.0	21.0	93.0	5.0	4.0	5.0	
246.0	0.0	2.0	1293.0	1293.0	1314.0	21.0	97.0	5.0	9.0	3.0	
247.0	1.0	2.0	1292.0	1292.0	1315.0	23.0	38.0	2.0	5.0	5.0	
248.0	0.0	2.0	1293.0	1293.0	1314.0	21.0	82.0	5.0	6.0	2.0	
249.0	0.0	2.0	1293.0	1293.0	1314.0	21.0	87.0	5.0	5.0	5.0	
250.0	0.0	2.0	1293.0	1294.0	1315.0	21.0	88.0	5.0	4.0	3.0	
251.0	0.0	2.0	1293.0	1294.0	1315.0	21.0	91.0	5.0	9.0	5.0	
252.0	1.0	2.0	1292.0	1292.0	1315.0	23.0	17.0	1.0	11.0	4.0	
253.0	0.0	2.0	1293.0	1294.0	1315.0	21.0	97.0	5.0	9.0	3.0	
254.0	0.0	2.0	1293.0	1294.0	1315.0	21.0	100.0	5.0	14.0	1.0	
255.0	0.0	2.0	1293.0	1293.0	1314.0	21.0	85.0	5.0	3.0	5.0	
256.0	0.0	2.0	1294.0	1294.0	1315.0	21.0	86.0	5.0	15.0	4.0	
257.0	0.0	2.0	1294.0	1294.0	1315.0	21.0	89.0	5.0	14.0	2.0	
258.0	0.0	2.0	1294.0	1294.0	1315.0	21.0	92.0	5.0	10.0	4.0	
259.0	0.0	2.0	1294.0	1294.0	1315.0	21.0	95.0	5.0	8.0	5.0	
260.0	0.0	2.0	1294.0	1294.0	1315.0	21.0	98.0	5.0	15.0	2.0	
261.0	0.0	2.0	1294.0	1294.0	1315.0	21.0	82.0	5.0	6.0	2.0	
262.0	1.0	2.0	1295.0	1295.0	1319.0	24.0	62.0	4.0	7.0	4.0	
263.0	1.0	2.0	1292.0	1292.0	1315.0	23.0	79.0	4.0	7.0	3.0	
264.0	0.0	2.0	1305.0	1305.0	1326.0	21.0	90.0	5.0	4.0	1.0	
265.0	0.0	2.0	1305.0	1305.0	1326.0	21.0	95.0	5.0	8.0	5.0	
266.0	0.0	2.0	1294.0	1294.0	1315.0	21.0	96.0	5.0	15.0	3.0	
267.0	0.0	2.0	1305.0	1305.0	1326.0	21.0	99.0	5.0	12.0	3.0	
268.0	1.0	2.0	1295.0	1295.0	1319.0	24.0	71.0	4.0	11.0	3.0	
269.0	1.0	2.0	1295.0	1296.0	1319.0	23.0	76.0	4.0	6.0	4.0	
270.0	0.0	2.0	1305.0	1305.0	1326.0	21.0	88.0	5.0	4.0	3.0	
271.0	0.0	2.0	1306.0	1306.0	1327.0	21.0	91.0	5.0	9.0	5.0	
272.0	0.0	2.0	1306.0	1306.0	1327.0	21.0	95.0	5.0	8.0	5.0	
273.0	1.0	2.0	1295.0	1296.0	1319.0	23.0	64.0	4.0	4.0	2.0	
274.0	1.0	2.0	1295.0	1295.0	1319.0	24.0	76.0	4.0	6.0	4.0	
275.0	0.0	2.0	1306.0	1306.0	1327.0	21.0	84.0	5.0	12.0	2.0	
276.0	0.0	2.0	1306.0	1306.0	1327.0	21.0	86.0	5.0	15.0	4.0	
277.0	1.0	2.0	1307.0	1307.0	1330.0	23.0	36.0	2.0	15.0	4.0	
278.0	0.0	2.0	1308.0	1308.0	1329.0	21.0	93.0	5.0	4.0	5.0	
279.0	0.0	2.0	1308.0	1308.0	1329.0	21.0	95.0	5.0	8.0	5.0	
280.0	1.0	2.0	1295.0	1296.0	1319.0	23.0	62.0	4.0	7.0	4.0	
281.0	0.0	2.0	1305.0	1305.0	1326.0	21.0	82.0	5.0	6.0	2.0	
282.0	1.0	2.0	1307.0	1307.0	1330.0	23.0	72.0	4.0	11.0	2.0	
283.0	0.0	2.0	1306.0	1306.0	1327.0	21.0	87.0	5.0	5.0	5.0	
284.0	0.0	2.0	1308.0	1308.0	1329.0	21.0	90.0	5.0	4.0	1.0	
285.0	1.0	2.0	1295.0	1295.0	1318.0	23.0	60.0	3.0	3.0	3.0	
286.0	0.0	2.0	1308.0	1308.0	1329.0	21.0	96.0	5.0	15.0	3.0	
287.0	1.0	2.0	1295.0	1296.0	1319.0	23.0	66.0	4.0	12.0	5.0	
288.0	0.0	2.0	1307.0	1307.0	1328.0	21.0	83.0	5.0	5.0	1.0	
289.0	1.0	2.0	1295.0	1296.0	1319.0	23.0	70.0	4.0	11.0	5.0	
290.0	1.0	2.0	1295.0	1296.0	1319.0	23.0	69.0	4.0	12.0	2.0	
291.0	0.0	2.0	1308.0	1308.0	1329.0	21.0	93.0	5.0	4.0	5.0	
292.0	1.0	2.0	1307.0	1307.0	1330.0	23.0	80.0	4.0	3.0	1.0	
293.0	1.0	2.0	1295.0	1295.0	1318.0	23.0	66.0	4.0	12.0	5.0	
294.0	0.0	2.0	1308.0	1308.0	1329.0	21.0	100.0	5.0	14.0	1.0	
295.0	0.0	2.0	1308.0	1308.0	1329.0	21.0	84.0	5.0	12.0	2.0	
296.0	0.0	2.0	1309.0	1309.0	1330.0	21.0	86.0	5.0	15.0	4.0	
297.0	0.0	2.0	1309.0	1309.0	1330.0	21.0	89.0	5.0	14.0	2.0	
298.0	1.0	2.0	1307.0	1307.0	1330.0	23.0	20.0	1.0	4.0	5.0	
299.0	1.0	2.0	1307.0	1307.0	1330.0	23.0	42.0	3.0	4.0	1.0	
300.0	1.0	2.0	1307.0	1307.0	1330.0	23.0	73.0	4.0	13.0	3.0	
301.0	0.0	2.0	1309.0	1309.0	1330.0	21.0	81.0	5.0	3.0	4.0	
302.0	1.0	2.0	1308.0	1308.0	1331.0	23.0	65.0	4.0	11.0	2.0	
303.0	0.0	2.0	1309.0	1309.0	1330.0	21.0	87.0	5.0	5.0	5.0	
304.0	0.0	2.0	1309.0	1309.0	1330.0	21.0	90.0	5.0	4.0	1.0	
305.0	1.0	2.0	1307.0	1307.0	1330.0	23.0	37.0	2.0	5.0	2.0	
306.0	0.0	2.0	1309.0	1309.0	1330.0	21.0	96.0	5.0	15.0	3.0	
307.0	1.0	2.0	1307.0	1307.0	1330.0	23.0	5.0	1.0	15.0	2.0	
308.0	1.0	2.0	1295.0	1296.0	1319.0	23.0	64.0	4.0	4.0	2.0	
309.0	1.0	2.0	1295.0	1296.0	1319.0	23.0	73.0	4.0	13.0	3.0	
310.0	0.0	2.0	1309.0	1309.0	1330.0	21.0	89.0	5.0	14.0	2.0	
311.0	1.0	2.0	1307.0	1307.0	1330.0	23.0	44.0	3.0	3.0	5.0	
312.0	0.0	2.0	1309.0	1309.0	1330.0	21.0	94.0	5.0	13.0	1.0	
313.0	0.0	2.0	1309.0	1309.0	1330.0	21.0	97.0	5.0	9.0	3.0	
314.0	1.0	2.0	1307.0	1307.0	1330.0	23.0	8.0	1.0	15.0	3.0	
315.0	1.0	2.0	1295.0	1296.0	1319.0	23.0	51.0	3.0	2.0	3.0	
316.0	0.0	2.0	1309.0	1309.0	1330.0	21.0	87.0	5.0	5.0	5.0	
317.0	1.0	2.0	1307.0	1307.0	1330.0	23.0	49.0	3.0	12.0	1.0	
318.0	1.0	2.0	1310.0	1310.0	1333.0	23.0	46.0	3.0	14.0	3.0	
319.0	1.0	2.0	1307.0	1307.0	1330.0	23.0	42.0	3.0	4.0	1.0	
320.0	1.0	2.0	1310.0	1310.0	1333.0	23.0	44.0	3.0	3.0	5.0	
321.0	0.0	2.0	1309.0	1309.0	1330.0	21.0	83.0	5.0	5.0	1.0	
322.0	1.0	2.0	1292.0	1292.0	1316.0	24.0	58.0	3.0	11.0	4.0	
323.0	0.0	2.0	1311.0	1311.0	1332.0	21.0	88.0	5.0	4.0	3.0	
324.0	0.0	2.0	1311.0	1311.0	1332.0	21.0	91.0	5.0	9.0	5.0	
325.0	1.0	2.0	1309.0	1309.0	1332.0	23.0	11.0	1.0	4.0	4.0	
326.0	1.0	2.0	1295.0	1296.0	1319.0	23.0	77.0	4.0	8.0	2.0	
327.0	1.0	2.0	1295.0	1296.0	1319.0	23.0	65.0	4.0	11.0	2.0	
328.0	0.0	2.0	1309.0	1309.0	1330.0	21.0	84.0	5.0	12.0	2.0	
329.0	0.0	2.0	1311.0	1311.0	1332.0	21.0	85.0	5.0	3.0	5.0	
330.0	1.0	2.0	1295.0	1295.0	1319.0	24.0	66.0	4.0	12.0	5.0	
331.0	1.0	2.0	1295.0	1296.0	1319.0	23.0	59.0	3.0	9.0	4.0	
332.0	1.0	2.0	1310.0	1310.0	1333.0	23.0	43.0	3.0	13.0	1.0	
333.0	1.0	2.0	1295.0	1296.0	1319.0	23.0	73.0	4.0	13.0	3.0	
334.0	0.0	2.0	1311.0	1311.0	1332.0	21.0	100.0	5.0	14.0	1.0	
335.0	0.0	2.0	1311.0	1311.0	1332.0	21.0	83.0	5.0	5.0	1.0	
336.0	1.0	2.0	1295.0	1296.0	1319.0	23.0	66.0	4.0	12.0	5.0	
337.0	1.0	2.0	1310.0	1310.0	1334.0	24.0	94.0	5.0	13.0	1.0	
338.0	1.0	2.0	1310.0	1310.0	1333.0	23.0	78.0	4.0	8.0	1.0	
339.0	1.0	2.0	1311.0	1311.0	1334.0	23.0	94.0	5.0	13.0	1.0	
340.0	0.0	2.0	1311.0	1311.0	1332.0	21.0	100.0	5.0	14.0	1.0	
341.0	1.0	2.0	1309.0	1309.0	1332.0	23.0	21.0	2.0	9.0	1.0	
342.0	1.0	2.0	1310.0	1310.0	1333.0	23.0	71.0	4.0	11.0	3.0	
343.0	1.0	2.0	1310.0	1310.0	1333.0	23.0	65.0	4.0	11.0	2.0	
344.0	0.0	2.0	1311.0	1312.0	1333.0	21.0	90.0	5.0	4.0	1.0	
345.0	1.0	2.0	1295.0	1296.0	1319.0	23.0	68.0	4.0	5.0	3.0	
346.0	1.0	2.0	1295.0	1295.0	1319.0	24.0	63.0	4.0	15.0	1.0	
347.0	1.0	2.0	1295.0	1296.0	1319.0	23.0	79.0	4.0	7.0	3.0	
348.0	1.0	2.0	1292.0	1292.0	1315.0	23.0	56.0	3.0	13.0	5.0	
349.0	1.0	2.0	1295.0	1296.0	1319.0	23.0	22.0	2.0	6.0	2.0	
350.0	1.0	2.0	1295.0	1295.0	1319.0	24.0	70.0	4.0	11.0	5.0	
351.0	0.0	2.0	1312.0	1312.0	1333.0	21.0	91.0	5.0	9.0	5.0	
352.0	1.0	2.0	1310.0	1310.0	1333.0	23.0	49.0	3.0	12.0	1.0	
353.0	0.0	2.0	1312.0	1312.0	1333.0	21.0	97.0	5.0	9.0	3.0	
354.0	0.0	2.0	1312.0	1312.0	1333.0	21.0	81.0	5.0	3.0	4.0	
355.0	0.0	2.0	1312.0	1312.0	1333.0	21.0	84.0	5.0	12.0	2.0	
356.0	0.0	2.0	1312.0	1312.0	1333.0	21.0	87.0	5.0	5.0	5.0	
357.0	1.0	2.0	1310.0	1310.0	1333.0	23.0	48.0	3.0	13.0	4.0	
358.0	1.0	2.0	1310.0	1310.0	1333.0	23.0	63.0	4.0	15.0	1.0	
359.0	0.0	2.0	1314.0	1314.0	1335.0	21.0	95.0	5.0	8.0	5.0	
360.0	0.0	2.0	1312.0	1312.0	1333.0	21.0	98.0	5.0	15.0	2.0	
361.0	1.0	2.0	1313.0	1313.0	1336.0	23.0	57.0	3.0	14.0	3.0	
362.0	1.0	2.0	1313.0	1313.0	1336.0	23.0	80.0	4.0	3.0	1.0	
363.0	0.0	2.0	1314.0	1314.0	1335.0	21.0	88.0	5.0	4.0	3.0	
364.0	1.0	2.0	1313.0	1313.0	1336.0	23.0	54.0	3.0	10.0	5.0	
365.0	1.0	2.0	1292.0	1292.0	1316.0	24.0	75.0	4.0	8.0	5.0	
366.0	1.0	2.0	1313.0	1313.0	1336.0	23.0	31.0	2.0	8.0	1.0	
367.0	1.0	2.0	1313.0	1313.0	1336.0	23.0	72.0	4.0	11.0	2.0	
368.0	0.0	2.0	1314.0	1314.0	1335.0	21.0	83.0	5.0	5.0	1.0	
369.0	1.0	2.0	1310.0	1310.0	1333.0	23.0	43.0	3.0	13.0	1.0	
370.0	1.0	2.0	1313.0	1313.0	1336.0	23.0	22.0	2.0	6.0	2.0	
371.0	0.0	2.0	1314.0	1314.0	1335.0	21.0	91.0	5.0	9.0	5.0	
372.0	0.0	2.0	1311.0	1311.0	1332.0	21.0	94.0	5.0	13.0	1.0	
373.0	1.0	2.0	1295.0	1295.0	1318.0	23.0	35.0	2.0	10.0	5.0	
374.0	1.0	2.0	1310.0	1310.0	1333.0	23.0	52.0	3.0	4.0	3.0	
375.0	1.0	2.0	1312.0	1313.0	1336.0	23.0	28.0	2.0	8.0	1.0	
376.0	1.0	2.0	1312.0	1313.0	1336.0	23.0	60.0	3.0	3.0	3.0	
377.0	0.0	2.0	1314.0	1314.0	1335.0	21.0	90.0	5.0	4.0	1.0	
378.0	0.0	2.0	1314.0	1314.0	1335.0	21.0	93.0	5.0	4.0	5.0	
379.0	1.0	2.0	1311.0	1311.0	1334.0	23.0	53.0	3.0	12.0	3.0	
380.0	1.0	2.0	1313.0	1313.0	1336.0	23.0	52.0	3.0	4.0	3.0	
381.0	1.0	2.0	1313.0	1313.0	1336.0	23.0	51.0	3.0	2.0	3.0	
382.0	1.0	2.0	1310.0	1310.0	1333.0	23.0	60.0	3.0	3.0	3.0	
383.0	1.0	2.0	1313.0	1313.0	1336.0	23.0	66.0	4.0	12.0	5.0	
384.0	0.0	2.0	1314.0	1314.0	1335.0	21.0	91.0	5.0	9.0	5.0	
385.0	1.0	2.0	1313.0	1313.0	1336.0	23.0	41.0	3.0	15.0	4.0	
386.0	1.0	2.0	1313.0	1313.0	1336.0	23.0	54.0	3.0	10.0	5.0	
387.0	0.0	2.0	1314.0	1314.0	1335.0	21.0	99.0	5.0	12.0	3.0	
388.0	1.0	2.0	1295.0	1295.0	1319.0	24.0	35.0	2.0	10.0	5.0	
389.0	1.0	2.0	1292.0	1292.0	1316.0	24.0	45.0	3.0	5.0	4.0	
390.0	0.0	2.0	1314.0	1314.0	1335.0	21.0	88.0	5.0	4.0	3.0	
391.0	1.0	2.0	1313.0	1313.0	1336.0	23.0	42.0	3.0	4.0	1.0	
392.0	1.0	2.0	1310.0	1310.0	1333.0	23.0	33.0	2.0	14.0	1.0	
393.0	1.0	2.0	1313.0	1313.0	1336.0	23.0	57.0	3.0	14.0	3.0	
394.0	1.0	2.0	1313.0	1313.0	1336.0	23.0	74.0	4.0	1.0	3.0	
395.0	1.0	2.0	1313.0	1313.0	1336.0	23.0	26.0	2.0	1.0	2.0	
396.0	1.0	2.0	1313.0	1313.0	1336.0	23.0	79.0	4.0	7.0	3.0	
397.0	1.0	2.0	1313.0	1313.0	1336.0	23.0	71.0	4.0	11.0	3.0	
398.0	1.0	2.0	1295.0	1295.0	1318.0	23.0	77.0	4.0	8.0	2.0	
399.0	0.0	2.0	1314.0	1314.0	1335.0	21.0	95.0	5.0	8.0	5.0	
400.0	0.0	2.0	1314.0	1314.0	1335.0	21.0	98.0	5.0	15.0	2.0	
401.0	0.0	2.0	1314.0	1314.0	1335.0	21.0	81.0	5.0	3.0	4.0	
402.0	1.0	2.0	1310.0	1310.0	1333.0	23.0	30.0	2.0	14.0	1.0	
403.0	0.0	2.0	1314.0	1314.0	1335.0	21.0	87.0	5.0	5.0	5.0	
404.0	0.0	2.0	1314.0	1314.0	1335.0	21.0	92.0	5.0	10.0	4.0	
405.0	1.0	2.0	1312.0	1312.0	1335.0	23.0	9.0	1.0	15.0	5.0	
406.0	0.0	2.0	1314.0	1314.0	1335.0	21.0	96.0	5.0	15.0	3.0	
407.0	1.0	2.0	1313.0	1313.0	1336.0	23.0	30.0	2.0	14.0	1.0	
408.0	0.0	2.0	1314.0	1314.0	1335.0	21.0	83.0	5.0	5.0	1.0	
409.0	0.0	2.0	1314.0	1315.0	1336.0	21.0	85.0	5.0	3.0	5.0	
410.0	0.0	2.0	1315.0	1315.0	1336.0	21.0	88.0	5.0	4.0	3.0	
411.0	0.0	2.0	1314.0	1314.0	1335.0	21.0	93.0	5.0	4.0	5.0	
412.0	0.0	2.0	1315.0	1315.0	1336.0	21.0	95.0	5.0	8.0	5.0	
413.0	0.0	2.0	1314.0	1314.0	1336.0	22.0	97.0	5.0	9.0	3.0	
414.0	0.0	2.0	1315.0	1315.0	1336.0	21.0	100.0	5.0	14.0	1.0	
415.0	0.0	2.0	1315.0	1315.0	1336.0	21.0	83.0	5.0	5.0	1.0	
416.0	0.0	2.0	1315.0	1315.0	1336.0	21.0	86.0	5.0	15.0	4.0	
417.0	1.0	2.0	1313.0	1313.0	1336.0	23.0	75.0	4.0	8.0	5.0	
418.0	0.0	2.0	1315.0	1315.0	1336.0	21.0	92.0	5.0	10.0	4.0	
419.0	0.0	2.0	1315.0	1315.0	1336.0	21.0	97.0	5.0	9.0	3.0	
420.0	0.0	2.0	1315.0	1315.0	1336.0	21.0	98.0	5.0	15.0	2.0	
421.0	0.0	2.0	1315.0	1315.0	1336.0	21.0	82.0	5.0	6.0	2.0	
422.0	1.0	2.0	1319.0	1319.0	1342.0	23.0	73.0	4.0	13.0	3.0	
423.0	0.0	2.0	1315.0	1315.0	1336.0	21.0	88.0	5.0	4.0	3.0	
424.0	0.0	2.0	1315.0	1315.0	1336.0	21.0	91.0	5.0	9.0	5.0	
425.0	1.0	2.0	1313.0	1313.0	1336.0	23.0	42.0	3.0	4.0	1.0	
426.0	1.0	2.0	1319.0	1319.0	1342.0	23.0	70.0	4.0	11.0	5.0	
427.0	1.0	2.0	1315.0	1315.0	1338.0	23.0	38.0	2.0	5.0	5.0	
428.0	0.0	2.0	1315.0	1315.0	1336.0	21.0	83.0	5.0	5.0	1.0	
429.0	0.0	2.0	1321.0	1321.0	1342.0	21.0	86.0	5.0	15.0	4.0	
430.0	1.0	2.0	1295.0	1295.0	1319.0	24.0	65.0	4.0	11.0	2.0	
431.0	1.0	2.0	1319.0	1319.0	1342.0	23.0	47.0	3.0	15.0	5.0	
432.0	0.0	2.0	1325.0	1325.0	1347.0	22.0	96.0	5.0	15.0	3.0	
433.0	0.0	2.0	1323.0	1323.0	1344.0	21.0	99.0	5.0	12.0	3.0	
434.0	1.0	2.0	1307.0	1307.0	1330.0	23.0	54.0	3.0	10.0	5.0	
435.0	0.0	2.0	1324.0	1324.0	1345.0	21.0	85.0	5.0	3.0	5.0	
436.0	1.0	2.0	1315.0	1315.0	1338.0	23.0	24.0	2.0	14.0	4.0	
437.0	0.0	2.0	1320.0	1320.0	1342.0	22.0	90.0	5.0	4.0	1.0	
438.0	1.0	2.0	1319.0	1319.0	1342.0	23.0	69.0	4.0	12.0	2.0	
439.0	1.0	2.0	1324.0	1324.0	1347.0	23.0	39.0	2.0	14.0	2.0	
440.0	0.0	2.0	1317.0	1317.0	1338.0	21.0	100.0	5.0	14.0	1.0	
441.0	1.0	2.0	1313.0	1313.0	1336.0	23.0	51.0	3.0	2.0	3.0	
442.0	1.0	2.0	1313.0	1313.0	1336.0	23.0	48.0	3.0	13.0	4.0	
443.0	1.0	2.0	1295.0	1295.0	1319.0	24.0	61.0	4.0	12.0	4.0	
444.0	0.0	2.0	1323.0	1323.0	1344.0	21.0	90.0	5.0	4.0	1.0	
445.0	1.0	2.0	1319.0	1319.0	1342.0	23.0	62.0	4.0	7.0	4.0	
446.0	0.0	2.0	1324.0	1324.0	1345.0	21.0	98.0	5.0	15.0	2.0	
447.0	0.0	2.0	1326.0	1326.0	1347.0	21.0	100.0	5.0	14.0	1.0	
448.0	0.0	2.0	1325.0	1325.0	1346.0	21.0	84.0	5.0	12.0	2.0	
449.0	1.0	2.0	1319.0	1319.0	1342.0	23.0	47.0	3.0	15.0	5.0	
450.0	1.0	2.0	1319.0	1319.0	1342.0	23.0	61.0	4.0	12.0	4.0	
451.0	0.0	2.0	1324.0	1324.0	1345.0	21.0	91.0	5.0	9.0	5.0	
452.0	0.0	2.0	1327.0	1327.0	1348.0	21.0	95.0	5.0	8.0	5.0	
453.0	1.0	2.0	1315.0	1315.0	1338.0	23.0	17.0	1.0	11.0	4.0	
454.0	0.0	2.0	1326.0	1326.0	1347.0	21.0	100.0	5.0	14.0	1.0	
455.0	0.0	2.0	1325.0	1325.0	1347.0	22.0	85.0	5.0	3.0	5.0	
456.0	0.0	2.0	1321.0	1321.0	1342.0	21.0	87.0	5.0	5.0	5.0	
457.0	1.0	2.0	1319.0	1319.0	1342.0	23.0	68.0	4.0	5.0	3.0	
458.0	0.0	2.0	1314.0	1314.0	1335.0	21.0	63.0	4.0	15.0	1.0	
459.0	0.0	2.0	1295.0	1295.0	1317.0	22.0	65.0	4.0	11.0	2.0	
460.0	0.0	2.0	1310.0	1310.0	1332.0	22.0	69.0	4.0	12.0	2.0	
461.0	0.0	2.0	1312.0	1312.0	1333.0	21.0	71.0	4.0	11.0	3.0	
462.0	0.0	2.0	1313.0	1313.0	1334.0	21.0	74.0	4.0	1.0	3.0	
463.0	0.0	2.0	1314.0	1314.0	1335.0	21.0	77.0	4.0	8.0	2.0	
464.0	0.0	2.0	1319.0	1319.0	1340.0	21.0	79.0	4.0	7.0	3.0	
465.0	0.0	2.0	1314.0	1314.0	1335.0	21.0	62.0	4.0	7.0	4.0	
466.0	0.0	2.0	1318.0	1319.0	1340.0	21.0	66.0	4.0	12.0	5.0	
467.0	0.0	2.0	1319.0	1319.0	1340.0	21.0	70.0	4.0	11.0	5.0	
468.0	0.0	2.0	1319.0	1319.0	1340.0	21.0	73.0	4.0	13.0	3.0	
469.0	0.0	2.0	1319.0	1319.0	1340.0	21.0	76.0	4.0	6.0	4.0	
470.0	0.0	2.0	1316.0	1316.0	1337.0	21.0	78.0	4.0	8.0	1.0	
471.0	0.0	2.0	1325.0	1325.0	1346.0	21.0	80.0	4.0	3.0	1.0	
472.0	0.0	2.0	1319.0	1319.0	1340.0	21.0	65.0	4.0	11.0	2.0	
473.0	0.0	2.0	1319.0	1319.0	1340.0	21.0	67.0	4.0	3.0	3.0	
474.0	0.0	2.0	1325.0	1326.0	1347.0	21.0	69.0	4.0	12.0	2.0	
475.0	1.0	2.0	1327.0	1327.0	1350.0	23.0	44.0	3.0	3.0	5.0	
476.0	0.0	2.0	1325.0	1325.0	1346.0	21.0	77.0	4.0	8.0	2.0	
477.0	0.0	2.0	1325.0	1325.0	1346.0	21.0	78.0	4.0	8.0	1.0	
478.0	0.0	2.0	1327.0	1328.0	1349.0	21.0	61.0	4.0	12.0	4.0	
479.0	0.0	2.0	1319.0	1319.0	1340.0	21.0	66.0	4.0	12.0	5.0	
480.0	1.0	2.0	1330.0	1330.0	1353.0	23.0	16.0	1.0	14.0	2.0	
481.0	0.0	2.0	1328.0	1328.0	1349.0	21.0	70.0	4.0	11.0	5.0	
482.0	1.0	2.0	1313.0	1313.0	1336.0	23.0	55.0	3.0	6.0	4.0	
483.0	0.0	2.0	1328.0	1328.0	1349.0	21.0	77.0	4.0	8.0	2.0	
484.0	0.0	2.0	1330.0	1330.0	1351.0	21.0	80.0	4.0	3.0	1.0	
485.0	1.0	2.0	1327.0	1327.0	1350.0	23.0	53.0	3.0	12.0	3.0	
486.0	0.0	2.0	1330.0	1330.0	1351.0	21.0	65.0	4.0	11.0	2.0	
487.0	0.0	2.0	1309.0	1309.0	1330.0	21.0	69.0	4.0	12.0	2.0	
488.0	1.0	2.0	1318.0	1319.0	1342.0	23.0	35.0	2.0	10.0	5.0	
489.0	1.0	2.0	1328.0	1328.0	1352.0	24.0	85.0	5.0	3.0	5.0	
490.0	0.0	2.0	1330.0	1330.0	1351.0	21.0	77.0	4.0	8.0	2.0	
491.0	0.0	2.0	1330.0	1330.0	1351.0	21.0	61.0	4.0	12.0	4.0	
492.0	0.0	2.0	1330.0	1330.0	1351.0	21.0	64.0	4.0	4.0	2.0	
493.0	1.0	2.0	1330.0	1330.0	1353.0	23.0	86.0	5.0	15.0	4.0	
494.0	1.0	2.0	1324.0	1324.0	1347.0	23.0	34.0	2.0	14.0	1.0	
495.0	0.0	2.0	1330.0	1330.0	1351.0	21.0	72.0	4.0	11.0	2.0	
496.0	0.0	2.0	1331.0	1331.0	1352.0	21.0	75.0	4.0	8.0	5.0	
497.0	1.0	2.0	1329.0	1329.0	1352.0	23.0	93.0	5.0	4.0	5.0	
498.0	1.0	2.0	1329.0	1329.0	1352.0	23.0	97.0	5.0	9.0	3.0	
499.0	1.0	2.0	1326.0	1327.0	1350.0	23.0	12.0	1.0	5.0	3.0	
500.0	1.0	2.0	1330.0	1330.0	1353.0	23.0	19.0	1.0	13.0	4.0	
501.0	0.0	2.0	1328.0	1328.0	1349.0	21.0	70.0	4.0	11.0	5.0	
502.0	1.0	2.0	1326.0	1327.0	1350.0	23.0	82.0	5.0	6.0	2.0	
503.0	0.0	2.0	1331.0	1331.0	1352.0	21.0	76.0	4.0	6.0	4.0	
504.0	1.0	2.0	1330.0	1330.0	1353.0	23.0	90.0	5.0	4.0	1.0	
505.0	1.0	2.0	1330.0	1330.0	1353.0	23.0	8.0	1.0	15.0	3.0	
506.0	0.0	2.0	1331.0	1331.0	1352.0	21.0	66.0	4.0	12.0	5.0	
507.0	0.0	2.0	1328.0	1328.0	1349.0	21.0	70.0	4.0	11.0	5.0	
508.0	1.0	2.0	1330.0	1330.0	1353.0	23.0	54.0	3.0	10.0	5.0	
509.0	1.0	2.0	1328.0	1328.0	1352.0	24.0	87.0	5.0	5.0	5.0	
510.0	0.0	2.0	1330.0	1330.0	1351.0	21.0	79.0	4.0	7.0	3.0	
511.0	1.0	2.0	1331.0	1331.0	1354.0	23.0	77.0	4.0	8.0	2.0	
512.0	1.0	2.0	1327.0	1327.0	1350.0	23.0	45.0	3.0	5.0	4.0	
513.0	0.0	2.0	1331.0	1331.0	1352.0	21.0	68.0	4.0	5.0	3.0	
514.0	0.0	2.0	1330.0	1330.0	1351.0	21.0	70.0	4.0	11.0	5.0	
515.0	0.0	2.0	1330.0	1330.0	1351.0	21.0	72.0	4.0	11.0	2.0	
516.0	1.0	2.0	1330.0	1330.0	1353.0	23.0	20.0	1.0	4.0	5.0	
517.0	0.0	2.0	1331.0	1331.0	1352.0	21.0	78.0	4.0	8.0	1.0	
518.0	1.0	2.0	1330.0	1330.0	1353.0	23.0	23.0	2.0	7.0	3.0	
519.0	0.0	2.0	1332.0	1332.0	1353.0	21.0	65.0	4.0	11.0	2.0	
520.0	0.0	2.0	1332.0	1332.0	1353.0	21.0	68.0	4.0	5.0	3.0	
521.0	1.0	2.0	1326.0	1327.0	1350.0	23.0	86.0	5.0	15.0	4.0	
522.0	0.0	2.0	1330.0	1330.0	1351.0	21.0	73.0	4.0	13.0	3.0	
523.0	1.0	2.0	1311.0	1311.0	1334.0	23.0	98.0	5.0	15.0	2.0	
524.0	1.0	2.0	1330.0	1330.0	1353.0	23.0	89.0	5.0	14.0	2.0	
525.0	0.0	2.0	1333.0	1333.0	1354.0	21.0	63.0	4.0	15.0	1.0	
526.0	0.0	2.0	1333.0	1333.0	1354.0	21.0	65.0	4.0	11.0	2.0	
527.0	1.0	2.0	1330.0	1330.0	1353.0	23.0	5.0	1.0	15.0	2.0	
528.0	1.0	2.0	1327.0	1327.0	1350.0	23.0	50.0	3.0	9.0	1.0	
529.0	0.0	2.0	1331.0	1331.0	1352.0	21.0	75.0	4.0	8.0	5.0	
530.0	1.0	2.0	1327.0	1327.0	1350.0	23.0	84.0	5.0	12.0	2.0	
531.0	1.0	2.0	1330.0	1330.0	1353.0	23.0	94.0	5.0	13.0	1.0	
532.0	1.0	2.0	1330.0	1330.0	1353.0	23.0	31.0	2.0	8.0	1.0	
533.0	1.0	2.0	1327.0	1327.0	1350.0	23.0	91.0	5.0	9.0	5.0	
534.0	1.0	2.0	1329.0	1330.0	1353.0	23.0	93.0	5.0	4.0	5.0	
535.0	1.0	2.0	1328.0	1329.0	1352.0	23.0	86.0	5.0	15.0	4.0	
536.0	0.0	2.0	1331.0	1331.0	1352.0	21.0	77.0	4.0	8.0	2.0	
537.0	1.0	2.0	1330.0	1330.0	1353.0	23.0	37.0	2.0	5.0	2.0	
538.0	0.0	2.0	1331.0	1331.0	1352.0	21.0	61.0	4.0	12.0	4.0	
539.0	1.0	2.0	1329.0	1329.0	1352.0	23.0	98.0	5.0	15.0	2.0	
540.0	1.0	2.0	1327.0	1327.0	1350.0	23.0	98.0	5.0	15.0	2.0	
541.0	0.0	2.0	1330.0	1330.0	1351.0	21.0	72.0	4.0	11.0	2.0	
542.0	0.0	2.0	1333.0	1333.0	1354.0	21.0	75.0	4.0	8.0	5.0	
543.0	0.0	2.0	1332.0	1332.0	1353.0	21.0	76.0	4.0	6.0	4.0	
544.0	0.0	2.0	1331.0	1331.0	1352.0	21.0	79.0	4.0	7.0	3.0	
545.0	1.0	2.0	1326.0	1326.0	1349.0	23.0	83.0	5.0	5.0	1.0	
546.0	1.0	2.0	1326.0	1326.0	1349.0	23.0	81.0	5.0	3.0	4.0	
547.0	1.0	2.0	1312.0	1313.0	1336.0	23.0	53.0	3.0	12.0	3.0	
548.0	1.0	2.0	1329.0	1329.0	1353.0	24.0	95.0	5.0	8.0	5.0	
549.0	1.0	2.0	1329.0	1329.0	1352.0	23.0	82.0	5.0	6.0	2.0	
550.0	0.0	2.0	1332.0	1332.0	1353.0	21.0	79.0	4.0	7.0	3.0	
551.0	1.0	2.0	1331.0	1332.0	1355.0	23.0	88.0	5.0	4.0	3.0	
552.0	0.0	2.0	1335.0	1335.0	1356.0	21.0	63.0	4.0	15.0	1.0	
553.0	0.0	2.0	1333.0	1333.0	1354.0	21.0	68.0	4.0	5.0	3.0	
554.0	0.0	2.0	1333.0	1333.0	1354.0	21.0	71.0	4.0	11.0	3.0	
555.0	0.0	2.0	1334.0	1334.0	1355.0	21.0	73.0	4.0	13.0	3.0	
556.0	0.0	2.0	1334.0	1334.0	1355.0	21.0	75.0	4.0	8.0	5.0	
557.0	1.0	2.0	1315.0	1315.0	1338.0	23.0	34.0	2.0	14.0	1.0	
558.0	0.0	2.0	1335.0	1335.0	1356.0	21.0	62.0	4.0	7.0	4.0	
559.0	0.0	2.0	1334.0	1334.0	1355.0	21.0	66.0	4.0	12.0	5.0	
560.0	1.0	2.0	1329.0	1329.0	1352.0	23.0	95.0	5.0	8.0	5.0	
561.0	0.0	2.0	1333.0	1333.0	1354.0	21.0	71.0	4.0	11.0	3.0	
562.0	1.0	2.0	1333.0	1333.0	1356.0	23.0	58.0	3.0	11.0	4.0	
563.0	1.0	2.0	1327.0	1327.0	1350.0	23.0	89.0	5.0	14.0	2.0	
564.0	0.0	2.0	1334.0	1334.0	1355.0	21.0	79.0	4.0	7.0	3.0	
565.0	1.0	2.0	1329.0	1329.0	1352.0	23.0	85.0	5.0	3.0	5.0	
566.0	1.0	2.0	1329.0	1329.0	1352.0	23.0	87.0	5.0	5.0	5.0	
567.0	0.0	2.0	1334.0	1334.0	1355.0	21.0	70.0	4.0	11.0	5.0	
568.0	1.0	2.0	1335.0	1335.0	1358.0	23.0	96.0	5.0	15.0	3.0	
569.0	0.0	2.0	1334.0	1334.0	1355.0	21.0	75.0	4.0	8.0	5.0	
570.0	1.0	2.0	1332.0	1332.0	1355.0	23.0	91.0	5.0	9.0	5.0	
571.0	1.0	2.0	1335.0	1335.0	1358.0	23.0	81.0	5.0	3.0	4.0	
572.0	1.0	2.0	1335.0	1335.0	1358.0	23.0	89.0	5.0	14.0	2.0	
573.0	1.0	2.0	1333.0	1333.0	1356.0	23.0	49.0	3.0	12.0	1.0	
574.0	0.0	2.0	1334.0	1334.0	1355.0	21.0	70.0	4.0	11.0	5.0	
575.0	0.0	2.0	1336.0	1336.0	1357.0	21.0	72.0	4.0	11.0	2.0	
576.0	1.0	2.0	1326.0	1326.0	1349.0	23.0	97.0	5.0	9.0	3.0	
577.0	0.0	2.0	1333.0	1333.0	1354.0	21.0	78.0	4.0	8.0	1.0	
578.0	0.0	2.0	1336.0	1336.0	1357.0	21.0	62.0	4.0	7.0	4.0	
579.0	1.0	2.0	1329.0	1329.0	1352.0	23.0	93.0	5.0	4.0	5.0	
580.0	1.0	2.0	1335.0	1335.0	1358.0	23.0	98.0	5.0	15.0	2.0	
581.0	1.0	2.0	1333.0	1333.0	1356.0	23.0	98.0	5.0	15.0	2.0	
582.0	1.0	2.0	1332.0	1332.0	1355.0	23.0	85.0	5.0	3.0	5.0	
583.0	0.0	2.0	1334.0	1334.0	1355.0	21.0	78.0	4.0	8.0	1.0	
584.0	1.0	2.0	1312.0	1312.0	1335.0	23.0	32.0	2.0	14.0	3.0	
585.0	1.0	2.0	1335.0	1335.0	1358.0	23.0	95.0	5.0	8.0	5.0	
586.0	1.0	2.0	1331.0	1331.0	1354.0	23.0	94.0	5.0	13.0	1.0	
587.0	0.0	2.0	1336.0	1336.0	1357.0	21.0	68.0	4.0	5.0	3.0	
588.0	1.0	2.0	1329.0	1329.0	1352.0	23.0	100.0	5.0	14.0	1.0	
589.0	1.0	2.0	1333.0	1333.0	1356.0	23.0	52.0	3.0	4.0	3.0	
590.0	0.0	2.0	1336.0	1336.0	1357.0	21.0	77.0	4.0	8.0	2.0	
591.0	1.0	2.0	1327.0	1327.0	1350.0	23.0	1.0	1.0	11.0	3.0	
592.0	1.0	2.0	1334.0	1334.0	1357.0	23.0	90.0	5.0	4.0	1.0	
593.0	0.0	2.0	1336.0	1336.0	1357.0	21.0	66.0	4.0	12.0	5.0	
594.0	0.0	2.0	1336.0	1336.0	1357.0	21.0	71.0	4.0	11.0	3.0	
595.0	1.0	2.0	1335.0	1335.0	1358.0	23.0	99.0	5.0	12.0	3.0	
596.0	0.0	2.0	1336.0	1336.0	1357.0	21.0	75.0	4.0	8.0	5.0	
597.0	1.0	2.0	1335.0	1335.0	1358.0	23.0	88.0	5.0	4.0	3.0	
598.0	0.0	2.0	1331.0	1331.0	1352.0	21.0	61.0	4.0	12.0	4.0	
599.0	0.0	2.0	1336.0	1336.0	1357.0	21.0	66.0	4.0	12.0	5.0	
600.0	1.0	2.0	1335.0	1335.0	1358.0	23.0	95.0	5.0	8.0	5.0	
601.0	1.0	2.0	1330.0	1330.0	1353.0	23.0	87.0	5.0	5.0	5.0	
602.0	0.0	2.0	1336.0	1336.0	1357.0	21.0	74.0	4.0	1.0	3.0	
603.0	1.0	2.0	1317.0	1317.0	1340.0	23.0	48.0	3.0	13.0	4.0	
604.0	1.0	2.0	1333.0	1333.0	1356.0	23.0	91.0	5.0	9.0	5.0	
605.0	1.0	2.0	1316.0	1316.0	1339.0	23.0	58.0	3.0	11.0	4.0	
606.0	0.0	2.0	1336.0	1336.0	1357.0	21.0	67.0	4.0	3.0	3.0	
607.0	0.0	2.0	1336.0	1336.0	1357.0	21.0	68.0	4.0	5.0	3.0	
608.0	1.0	2.0	1328.0	1328.0	1351.0	23.0	96.0	5.0	15.0	3.0	
609.0	1.0	2.0	1330.0	1330.0	1353.0	23.0	18.0	1.0	2.0	5.0	
610.0	0.0	2.0	1336.0	1336.0	1357.0	21.0	79.0	4.0	7.0	3.0	
611.0	0.0	2.0	1337.0	1337.0	1358.0	21.0	62.0	4.0	7.0	4.0	
612.0	1.0	2.0	1332.0	1332.0	1355.0	23.0	56.0	3.0	13.0	5.0	
613.0	1.0	2.0	1336.0	1336.0	1359.0	23.0	83.0	5.0	5.0	1.0	
614.0	0.0	2.0	1339.0	1339.0	1360.0	21.0	71.0	4.0	11.0	3.0	
615.0	1.0	2.0	1332.0	1332.0	1355.0	23.0	99.0	5.0	12.0	3.0	
616.0	0.0	2.0	1339.0	1339.0	1360.0	21.0	76.0	4.0	6.0	4.0	
617.0	0.0	2.0	1337.0	1337.0	1358.0	21.0	78.0	4.0	8.0	1.0	
618.0	1.0	2.0	1342.0	1342.0	1365.0	23.0	99.0	5.0	12.0	3.0	
619.0	1.0	2.0	1335.0	1335.0	1358.0	23.0	83.0	5.0	5.0	1.0	
620.0	1.0	2.0	1311.0	1311.0	1334.0	23.0	90.0	5.0	4.0	1.0	
621.0	0.0	2.0	1340.0	1340.0	1361.0	21.0	70.0	4.0	11.0	5.0	
622.0	0.0	2.0	1340.0	1340.0	1361.0	21.0	73.0	4.0	13.0	3.0	
623.0	0.0	2.0	1340.0	1340.0	1361.0	21.0	76.0	4.0	6.0	4.0	
624.0	0.0	2.0	1340.0	1340.0	1361.0	21.0	79.0	4.0	7.0	3.0	
625.0	0.0	2.0	1337.0	1337.0	1358.0	21.0	64.0	4.0	4.0	2.0	
626.0	1.0	2.0	1345.0	1345.0	1368.0	23.0	74.0	4.0	1.0	3.0	
627.0	1.0	2.0	1336.0	1336.0	1359.0	23.0	26.0	2.0	1.0	2.0	
628.0	0.0	2.0	1342.0	1342.0	1363.0	21.0	71.0	4.0	11.0	3.0	
629.0	1.0	2.0	1336.0	1336.0	1359.0	23.0	57.0	3.0	14.0	3.0	
630.0	1.0	2.0	1342.0	1342.0	1365.0	23.0	69.0	4.0	12.0	2.0	
631.0	0.0	2.0	1342.0	1342.0	1363.0	21.0	62.0	4.0	7.0	4.0	
632.0	0.0	2.0	1342.0	1342.0	1363.0	21.0	64.0	4.0	4.0	2.0	
633.0	0.0	2.0	1342.0	1342.0	1363.0	21.0	68.0	4.0	5.0	3.0	
634.0	0.0	2.0	1342.0	1342.0	1363.0	21.0	70.0	4.0	11.0	5.0	
635.0	0.0	2.0	1342.0	1342.0	1363.0	21.0	73.0	4.0	13.0	3.0	
636.0	1.0	2.0	1335.0	1335.0	1358.0	23.0	91.0	5.0	9.0	5.0	
637.0	1.0	2.0	1332.0	1332.0	1355.0	23.0	94.0	5.0	13.0	1.0	
638.0	0.0	2.0	1347.0	1347.0	1368.0	21.0	63.0	4.0	15.0	1.0	
639.0	1.0	2.0	1341.0	1341.0	1364.0	23.0	92.0	5.0	10.0	4.0	
640.0	1.0	2.0	1333.0	1333.0	1356.0	23.0	87.0	5.0	5.0	5.0	
641.0	1.0	2.0	1329.0	1329.0	1352.0	23.0	86.0	5.0	15.0	4.0	
642.0	0.0	2.0	1342.0	1342.0	1363.0	21.0	75.0	4.0	8.0	5.0	
643.0	0.0	2.0	1341.0	1341.0	1362.0	21.0	76.0	4.0	6.0	4.0	
644.0	1.0	2.0	1332.0	1333.0	1356.0	23.0	11.0	1.0	4.0	4.0	
645.0	0.0	2.0	1349.0	1349.0	1370.0	21.0	64.0	4.0	4.0	2.0	
646.0	1.0	2.0	1337.0	1337.0	1360.0	23.0	49.0	3.0	12.0	1.0	
647.0	0.0	2.0	1343.0	1343.0	1364.0	21.0	68.0	4.0	5.0	3.0	
648.0	0.0	2.0	1332.0	1332.0	1353.0	21.0	71.0	4.0	11.0	3.0	
649.0	1.0	2.0	1345.0	1345.0	1368.0	23.0	82.0	5.0	6.0	2.0	
650.0	1.0	2.0	1334.0	1334.0	1357.0	23.0	86.0	5.0	15.0	4.0	
651.0	0.0	2.0	1345.0	1345.0	1366.0	21.0	80.0	4.0	3.0	1.0	
652.0	0.0	2.0	1351.0	1351.0	1372.0	21.0	64.0	4.0	4.0	2.0	
653.0	1.0	2.0	1334.0	1334.0	1357.0	23.0	98.0	5.0	15.0	2.0	
654.0	1.0	2.0	1331.0	1331.0	1354.0	23.0	88.0	5.0	4.0	3.0	
655.0	0.0	2.0	1345.0	1345.0	1366.0	21.0	73.0	4.0	13.0	3.0	
656.0	0.0	2.0	1346.0	1346.0	1367.0	21.0	77.0	4.0	8.0	2.0	
657.0	0.0	2.0	1345.0	1345.0	1366.0	21.0	79.0	4.0	7.0	3.0	
658.0	1.0	2.0	1349.0	1349.0	1372.0	23.0	91.0	5.0	9.0	5.0	
659.0	1.0	2.0	1333.0	1333.0	1356.0	23.0	41.0	3.0	15.0	4.0	
660.0	0.0	2.0	1347.0	1347.0	1368.0	21.0	69.0	4.0	12.0	2.0	
661.0	0.0	2.0	1346.0	1346.0	1367.0	21.0	71.0	4.0	11.0	3.0	
662.0	1.0	2.0	1335.0	1335.0	1358.0	23.0	32.0	2.0	14.0	3.0	
663.0	1.0	2.0	1336.0	1336.0	1359.0	23.0	57.0	3.0	14.0	3.0	
664.0	1.0	2.0	1345.0	1345.0	1368.0	23.0	100.0	5.0	14.0	1.0	
665.0	1.0	2.0	1348.0	1348.0	1371.0	23.0	95.0	5.0	8.0	5.0	
666.0	1.0	2.0	1341.0	1341.0	1364.0	23.0	98.0	5.0	15.0	2.0	
667.0	1.0	2.0	1345.0	1345.0	1368.0	23.0	85.0	5.0	3.0	5.0	
668.0	1.0	2.0	1333.0	1333.0	1356.0	23.0	44.0	3.0	3.0	5.0	
669.0	1.0	2.0	1350.0	1350.0	1373.0	23.0	84.0	5.0	12.0	2.0	
670.0	0.0	2.0	1346.0	1346.0	1367.0	21.0	78.0	4.0	8.0	1.0	
671.0	0.0	2.0	1310.0	1310.0	1331.0	21.0	61.0	4.0	12.0	4.0	
672.0	1.0	2.0	1339.0	1339.0	1362.0	23.0	82.0	5.0	6.0	2.0	
673.0	1.0	2.0	1336.0	1336.0	1359.0	23.0	100.0	5.0	14.0	1.0	
674.0	1.0	2.0	1347.0	1347.0	1370.0	23.0	92.0	5.0	10.0	4.0	
675.0	1.0	2.0	1332.0	1332.0	1355.0	23.0	89.0	5.0	14.0	2.0	
676.0	1.0	2.0	1336.0	1336.0	1359.0	23.0	31.0	2.0	8.0	1.0	
677.0	1.0	2.0	1336.0	1336.0	1359.0	23.0	48.0	3.0	13.0	4.0	
678.0	1.0	2.0	1338.0	1338.0	1361.0	23.0	34.0	2.0	14.0	1.0	
679.0	1.0	2.0	1345.0	1345.0	1368.0	23.0	98.0	5.0	15.0	2.0	
680.0	1.0	2.0	1324.0	1324.0	1347.0	23.0	50.0	3.0	9.0	1.0	
681.0	1.0	2.0	1336.0	1336.0	1359.0	23.0	92.0	5.0	10.0	4.0	
682.0	1.0	2.0	1348.0	1348.0	1371.0	23.0	60.0	3.0	3.0	3.0	
683.0	1.0	2.0	1328.0	1328.0	1352.0	24.0	100.0	5.0	14.0	1.0	
684.0	1.0	2.0	1341.0	1342.0	1365.0	23.0	96.0	5.0	15.0	3.0	
685.0	1.0	2.0	1350.0	1350.0	1373.0	23.0	88.0	5.0	4.0	3.0	
686.0	1.0	2.0	1330.0	1330.0	1353.0	23.0	47.0	3.0	15.0	5.0	
687.0	1.0	2.0	1337.0	1337.0	1360.0	23.0	56.0	3.0	13.0	5.0	
688.0	1.0	2.0	1336.0	1336.0	1359.0	23.0	55.0	3.0	6.0	4.0	
689.0	0.0	2.0	1351.0	1351.0	1372.0	21.0	74.0	4.0	1.0	3.0	
690.0	1.0	2.0	1343.0	1344.0	1367.0	23.0	86.0	5.0	15.0	4.0	
691.0	0.0	2.0	1348.0	1348.0	1369.0	21.0	80.0	4.0	3.0	1.0	
692.0	0.0	2.0	1351.0	1351.0	1372.0	21.0	65.0	4.0	11.0	2.0	
693.0	1.0	2.0	1333.0	1333.0	1356.0	23.0	90.0	5.0	4.0	1.0	
694.0	1.0	2.0	1344.0	1344.0	1367.0	23.0	91.0	5.0	9.0	5.0	
695.0	1.0	2.0	1338.0	1338.0	1361.0	23.0	17.0	1.0	11.0	4.0	
696.0	1.0	2.0	1292.0	1292.0	1315.0	23.0	34.0	2.0	14.0	1.0	
697.0	0.0	2.0	1348.0	1348.0	1369.0	21.0	78.0	4.0	8.0	1.0	
698.0	1.0	2.0	1344.0	1344.0	1367.0	23.0	99.0	5.0	12.0	3.0	
699.0	0.0	2.0	1348.0	1348.0	1369.0	21.0	66.0	4.0	12.0	5.0	
700.0	0.0	2.0	1348.0	1348.0	1369.0	21.0	69.0	4.0	12.0	2.0	
701.0	1.0	2.0	1337.0	1337.0	1360.0	23.0	56.0	3.0	13.0	5.0	
702.0	1.0	2.0	1337.0	1337.0	1360.0	23.0	60.0	3.0	3.0	3.0	
703.0	1.0	2.0	1336.0	1336.0	1359.0	23.0	82.0	5.0	6.0	2.0	
704.0	1.0	2.0	1333.0	1333.0	1356.0	23.0	24.0	2.0	14.0	4.0	
705.0	1.0	2.0	1349.0	1349.0	1372.0	23.0	84.0	5.0	12.0	2.0	
706.0	1.0	2.0	1343.0	1344.0	1367.0	23.0	93.0	5.0	4.0	5.0	
707.0	1.0	2.0	1350.0	1350.0	1373.0	23.0	80.0	4.0	3.0	1.0	
708.0	0.0	2.0	1348.0	1348.0	1369.0	21.0	72.0	4.0	11.0	2.0	
709.0	1.0	2.0	1348.0	1348.0	1371.0	23.0	39.0	2.0	14.0	2.0	
710.0	0.0	2.0	1348.0	1348.0	1369.0	21.0	79.0	4.0	7.0	3.0	
711.0	0.0	2.0	1351.0	1351.0	1372.0	21.0	62.0	4.0	7.0	4.0	
712.0	0.0	2.0	1353.0	1353.0	1374.0	21.0	65.0	4.0	11.0	2.0	
713.0	1.0	2.0	1338.0	1338.0	1361.0	23.0	92.0	5.0	10.0	4.0	
714.0	1.0	2.0	1345.0	1345.0	1368.0	23.0	7.0	1.0	11.0	1.0	
715.0	1.0	2.0	1341.0	1341.0	1364.0	23.0	81.0	5.0	3.0	4.0	
716.0	0.0	2.0	1349.0	1349.0	1370.0	21.0	77.0	4.0	8.0	2.0	
717.0	1.0	2.0	1334.0	1334.0	1357.0	23.0	94.0	5.0	13.0	1.0	
718.0	0.0	2.0	1351.0	1351.0	1372.0	21.0	61.0	4.0	12.0	4.0	
719.0	0.0	2.0	1352.0	1352.0	1373.0	21.0	66.0	4.0	12.0	5.0	
720.0	1.0	2.0	1350.0	1350.0	1373.0	23.0	87.0	5.0	5.0	5.0	
721.0	1.0	2.0	1344.0	1344.0	1367.0	23.0	99.0	5.0	12.0	3.0	
722.0	1.0	2.0	1344.0	1344.0	1367.0	23.0	90.0	5.0	4.0	1.0	
723.0	1.0	2.0	1343.0	1343.0	1366.0	23.0	85.0	5.0	3.0	5.0	
724.0	1.0	2.0	1344.0	1344.0	1367.0	23.0	57.0	3.0	14.0	3.0	
725.0	1.0	2.0	1350.0	1350.0	1373.0	23.0	29.0	2.0	2.0	5.0	
726.0	1.0	2.0	1351.0	1351.0	1374.0	23.0	73.0	4.0	13.0	3.0	
727.0	1.0	2.0	1347.0	1347.0	1370.0	23.0	81.0	5.0	3.0	4.0	
728.0	1.0	2.0	1345.0	1345.0	1368.0	23.0	91.0	5.0	9.0	5.0	
729.0	1.0	2.0	1339.0	1339.0	1362.0	23.0	49.0	3.0	12.0	1.0	
730.0	0.0	2.0	1350.0	1350.0	1371.0	21.0	78.0	4.0	8.0	1.0	
731.0	1.0	2.0	1339.0	1339.0	1362.0	23.0	92.0	5.0	10.0	4.0	
732.0	0.0	2.0	1353.0	1353.0	1374.0	21.0	65.0	4.0	11.0	2.0	
733.0	1.0	2.0	1344.0	1344.0	1367.0	23.0	95.0	5.0	8.0	5.0	
734.0	1.0	2.0	1345.0	1345.0	1368.0	23.0	81.0	5.0	3.0	4.0	
735.0	0.0	2.0	1350.0	1350.0	1371.0	21.0	72.0	4.0	11.0	2.0	
736.0	0.0	2.0	1351.0	1351.0	1372.0	21.0	76.0	4.0	6.0	4.0	
737.0	1.0	2.0	1343.0	1343.0	1366.0	23.0	58.0	3.0	11.0	4.0	
738.0	1.0	2.0	1345.0	1345.0	1368.0	23.0	100.0	5.0	14.0	1.0	
739.0	1.0	2.0	1350.0	1350.0	1373.0	23.0	1.0	1.0	11.0	3.0	
740.0	0.0	2.0	1295.0	1296.0	1317.0	21.0	68.0	4.0	5.0	3.0	
741.0	1.0	2.0	1350.0	1350.0	1373.0	23.0	30.0	2.0	14.0	1.0	
742.0	1.0	2.0	1335.0	1335.0	1358.0	23.0	83.0	5.0	5.0	1.0	
743.0	1.0	2.0	1350.0	1350.0	1373.0	23.0	98.0	5.0	15.0	2.0	
744.0	1.0	2.0	1341.0	1341.0	1364.0	23.0	2.0	1.0	14.0	1.0	
745.0	1.0	2.0	1352.0	1352.0	1375.0	23.0	86.0	5.0	15.0	4.0	
746.0	1.0	2.0	1335.0	1335.0	1358.0	23.0	93.0	5.0	4.0	5.0	
747.0	1.0	2.0	1346.0	1346.0	1369.0	23.0	90.0	5.0	4.0	1.0	
748.0	1.0	2.0	1347.0	1347.0	1370.0	23.0	50.0	3.0	9.0	1.0	
749.0	0.0	2.0	1352.0	1352.0	1373.0	21.0	75.0	4.0	8.0	5.0	
750.0	1.0	2.0	1347.0	1347.0	1370.0	23.0	85.0	5.0	3.0	5.0	
751.0	0.0	2.0	1351.0	1351.0	1372.0	21.0	80.0	4.0	3.0	1.0	
752.0	1.0	2.0	1348.0	1348.0	1371.0	23.0	81.0	5.0	3.0	4.0	
753.0	1.0	2.0	1350.0	1350.0	1373.0	23.0	50.0	3.0	9.0	1.0	
754.0	1.0	2.0	1349.0	1350.0	1373.0	23.0	81.0	5.0	3.0	4.0	
755.0	1.0	2.0	1350.0	1350.0	1373.0	23.0	95.0	5.0	8.0	5.0	
756.0	1.0	2.0	1345.0	1345.0	1368.0	23.0	46.0	3.0	14.0	3.0	
757.0	0.0	2.0	1352.0	1352.0	1373.0	21.0	79.0	4.0	7.0	3.0	
758.0	1.0	2.0	1350.0	1350.0	1373.0	23.0	90.0	5.0	4.0	1.0	
759.0	0.0	2.0	1353.0	1353.0	1374.0	21.0	65.0	4.0	11.0	2.0	
760.0	1.0	2.0	1347.0	1347.0	1370.0	23.0	54.0	3.0	10.0	5.0	
761.0	1.0	2.0	1347.0	1347.0	1370.0	23.0	85.0	5.0	3.0	5.0	
762.0	0.0	2.0	1348.0	1348.0	1369.0	21.0	44.0	3.0	3.0	5.0	
763.0	0.0	2.0	1350.0	1350.0	1371.0	21.0	48.0	3.0	13.0	4.0	
764.0	1.0	2.0	1342.0	1342.0	1365.0	23.0	95.0	5.0	8.0	5.0	
765.0	0.0	2.0	1342.0	1342.0	1363.0	21.0	55.0	3.0	6.0	4.0	
766.0	0.0	2.0	1328.0	1328.0	1349.0	21.0	58.0	3.0	11.0	4.0	
767.0	0.0	2.0	1347.0	1347.0	1368.0	21.0	59.0	3.0	9.0	4.0	
768.0	0.0	2.0	1348.0	1348.0	1369.0	21.0	42.0	3.0	4.0	1.0	
769.0	0.0	2.0	1350.0	1350.0	1371.0	21.0	46.0	3.0	14.0	3.0	
770.0	1.0	2.0	1350.0	1350.0	1373.0	23.0	94.0	5.0	13.0	1.0	
771.0	0.0	2.0	1347.0	1347.0	1368.0	21.0	52.0	3.0	4.0	3.0	
772.0	1.0	2.0	1353.0	1353.0	1376.0	23.0	53.0	3.0	12.0	3.0	
773.0	1.0	2.0	1346.0	1346.0	1369.0	23.0	93.0	5.0	4.0	5.0	
774.0	1.0	2.0	1353.0	1353.0	1376.0	23.0	54.0	3.0	10.0	5.0	
775.0	0.0	2.0	1350.0	1350.0	1371.0	21.0	44.0	3.0	3.0	5.0	
776.0	0.0	2.0	1353.0	1353.0	1374.0	21.0	47.0	3.0	15.0	5.0	
777.0	1.0	2.0	1351.0	1351.0	1374.0	23.0	45.0	3.0	5.0	4.0	
778.0	0.0	2.0	1350.0	1350.0	1371.0	21.0	53.0	3.0	12.0	3.0	
779.0	0.0	2.0	1350.0	1350.0	1372.0	22.0	57.0	3.0	14.0	3.0	
780.0	1.0	2.0	1352.0	1352.0	1375.0	23.0	68.0	4.0	5.0	3.0	
781.0	1.0	2.0	1353.0	1353.0	1376.0	23.0	93.0	5.0	4.0	5.0	
782.0	1.0	2.0	1332.0	1332.0	1356.0	24.0	100.0	5.0	14.0	1.0	
783.0	1.0	2.0	1353.0	1353.0	1376.0	23.0	31.0	2.0	8.0	1.0	
784.0	0.0	2.0	1353.0	1353.0	1374.0	21.0	50.0	3.0	9.0	1.0	
785.0	1.0	2.0	1349.0	1349.0	1372.0	23.0	99.0	5.0	12.0	3.0	
786.0	1.0	2.0	1353.0	1353.0	1376.0	23.0	75.0	4.0	8.0	5.0	
787.0	1.0	2.0	1352.0	1352.0	1375.0	23.0	88.0	5.0	4.0	3.0	
788.0	1.0	2.0	1345.0	1346.0	1369.0	23.0	89.0	5.0	14.0	2.0	
789.0	0.0	2.0	1350.0	1350.0	1371.0	21.0	45.0	3.0	5.0	4.0	
790.0	0.0	2.0	1335.0	1335.0	1356.0	21.0	48.0	3.0	13.0	4.0	
791.0	1.0	2.0	1325.0	1326.0	1349.0	23.0	89.0	5.0	14.0	2.0	
792.0	1.0	2.0	1349.0	1349.0	1372.0	23.0	94.0	5.0	13.0	1.0	
793.0	0.0	2.0	1354.0	1354.0	1375.0	21.0	59.0	3.0	9.0	4.0	
794.0	0.0	2.0	1353.0	1353.0	1374.0	21.0	41.0	3.0	15.0	4.0	
795.0	1.0	2.0	1350.0	1350.0	1373.0	23.0	96.0	5.0	15.0	3.0	
796.0	1.0	2.0	1351.0	1351.0	1374.0	23.0	77.0	4.0	8.0	2.0	
797.0	1.0	2.0	1352.0	1352.0	1375.0	23.0	100.0	5.0	14.0	1.0	
798.0	1.0	2.0	1350.0	1350.0	1373.0	23.0	82.0	5.0	6.0	2.0	
799.0	0.0	2.0	1355.0	1356.0	1377.0	21.0	56.0	3.0	13.0	5.0	
800.0	0.0	2.0	1356.0	1356.0	1377.0	21.0	58.0	3.0	11.0	4.0	
801.0	0.0	2.0	1356.0	1356.0	1377.0	21.0	41.0	3.0	15.0	4.0	
802.0	1.0	2.0	1348.0	1348.0	1371.0	23.0	28.0	2.0	8.0	1.0	
803.0	1.0	2.0	1353.0	1353.0	1376.0	23.0	68.0	4.0	5.0	3.0	
804.0	0.0	2.0	1353.0	1353.0	1374.0	21.0	50.0	3.0	9.0	1.0	
805.0	0.0	2.0	1351.0	1351.0	1372.0	21.0	53.0	3.0	12.0	3.0	
806.0	1.0	2.0	1324.0	1324.0	1347.0	23.0	92.0	5.0	10.0	4.0	
807.0	1.0	2.0	1346.0	1346.0	1370.0	24.0	94.0	5.0	13.0	1.0	
808.0	0.0	2.0	1356.0	1356.0	1377.0	21.0	44.0	3.0	3.0	5.0	
809.0	1.0	2.0	1349.0	1350.0	1373.0	23.0	83.0	5.0	5.0	1.0	
810.0	1.0	2.0	1353.0	1353.0	1376.0	23.0	94.0	5.0	13.0	1.0	
811.0	1.0	2.0	1344.0	1344.0	1367.0	23.0	84.0	5.0	12.0	2.0	
812.0	1.0	2.0	1335.0	1335.0	1358.0	23.0	98.0	5.0	15.0	2.0	
813.0	1.0	2.0	1338.0	1338.0	1361.0	23.0	100.0	5.0	14.0	1.0	
814.0	1.0	2.0	1354.0	1354.0	1377.0	23.0	99.0	5.0	12.0	3.0	
815.0	0.0	2.0	1359.0	1359.0	1380.0	21.0	43.0	3.0	13.0	1.0	
816.0	1.0	2.0	1352.0	1352.0	1375.0	23.0	87.0	5.0	5.0	5.0	
817.0	0.0	2.0	1360.0	1360.0	1381.0	21.0	49.0	3.0	12.0	1.0	
818.0	0.0	2.0	1353.0	1353.0	1374.0	21.0	52.0	3.0	4.0	3.0	
819.0	1.0	2.0	1355.0	1355.0	1378.0	23.0	77.0	4.0	8.0	2.0	
820.0	1.0	2.0	1331.0	1332.0	1355.0	23.0	86.0	5.0	15.0	4.0	
821.0	1.0	2.0	1342.0	1342.0	1365.0	23.0	86.0	5.0	15.0	4.0	
822.0	0.0	2.0	1353.0	1353.0	1374.0	21.0	46.0	3.0	14.0	3.0	
823.0	1.0	2.0	1352.0	1353.0	1376.0	23.0	61.0	4.0	12.0	4.0	
824.0	1.0	2.0	1338.0	1338.0	1361.0	23.0	38.0	2.0	5.0	5.0	
825.0	1.0	2.0	1350.0	1350.0	1374.0	24.0	89.0	5.0	14.0	2.0	
826.0	0.0	2.0	1359.0	1359.0	1380.0	21.0	57.0	3.0	14.0	3.0	
827.0	0.0	2.0	1356.0	1356.0	1377.0	21.0	41.0	3.0	15.0	4.0	
828.0	1.0	2.0	1351.0	1351.0	1374.0	23.0	99.0	5.0	12.0	3.0	
829.0	0.0	2.0	1359.0	1359.0	1380.0	21.0	47.0	3.0	15.0	5.0	
830.0	0.0	2.0	1356.0	1356.0	1377.0	21.0	48.0	3.0	13.0	4.0	
831.0	1.0	2.0	1351.0	1351.0	1374.0	23.0	83.0	5.0	5.0	1.0	
832.0	0.0	2.0	1359.0	1359.0	1380.0	21.0	55.0	3.0	6.0	4.0	
833.0	1.0	2.0	1354.0	1354.0	1377.0	23.0	71.0	4.0	11.0	3.0	
834.0	0.0	2.0	1360.0	1360.0	1381.0	21.0	60.0	3.0	3.0	3.0	
835.0	1.0	2.0	1358.0	1358.0	1381.0	23.0	64.0	4.0	4.0	2.0	
836.0	1.0	2.0	1359.0	1359.0	1382.0	23.0	91.0	5.0	9.0	5.0	
837.0	1.0	2.0	1346.0	1346.0	1369.0	23.0	86.0	5.0	15.0	4.0	
838.0	1.0	2.0	1324.0	1324.0	1347.0	23.0	85.0	5.0	3.0	5.0	
839.0	1.0	2.0	1348.0	1348.0	1371.0	23.0	97.0	5.0	9.0	3.0	
840.0	0.0	2.0	1339.0	1339.0	1360.0	21.0	58.0	3.0	11.0	4.0	
841.0	1.0	2.0	1356.0	1356.0	1379.0	23.0	100.0	5.0	14.0	1.0	
842.0	1.0	2.0	1344.0	1344.0	1367.0	23.0	96.0	5.0	15.0	3.0	
843.0	1.0	2.0	1344.0	1344.0	1367.0	23.0	26.0	2.0	1.0	2.0	
844.0	1.0	2.0	1359.0	1359.0	1382.0	23.0	82.0	5.0	6.0	2.0	
845.0	0.0	2.0	1363.0	1363.0	1384.0	21.0	55.0	3.0	6.0	4.0	
846.0	0.0	2.0	1359.0	1359.0	1380.0	21.0	57.0	3.0	14.0	3.0	
847.0	0.0	2.0	1360.0	1360.0	1381.0	21.0	59.0	3.0	9.0	4.0	
848.0	1.0	2.0	1362.0	1362.0	1385.0	23.0	90.0	5.0	4.0	1.0	
849.0	1.0	2.0	1357.0	1357.0	1380.0	23.0	71.0	4.0	11.0	3.0	
850.0	1.0	2.0	1352.0	1352.0	1375.0	23.0	78.0	4.0	8.0	1.0	
851.0	0.0	2.0	1365.0	1365.0	1386.0	21.0	51.0	3.0	2.0	3.0	
852.0	1.0	2.0	1358.0	1358.0	1381.0	23.0	99.0	5.0	12.0	3.0	
853.0	1.0	2.0	1356.0	1356.0	1379.0	23.0	89.0	5.0	14.0	2.0	
854.0	1.0	2.0	1362.0	1362.0	1385.0	23.0	6.0	1.0	7.0	1.0	
855.0	1.0	2.0	1361.0	1361.0	1384.0	23.0	79.0	4.0	7.0	3.0	
856.0	0.0	2.0	1359.0	1359.0	1380.0	21.0	48.0	3.0	13.0	4.0	
857.0	0.0	2.0	1362.0	1362.0	1383.0	21.0	49.0	3.0	12.0	1.0	
858.0	1.0	2.0	1358.0	1358.0	1381.0	23.0	69.0	4.0	12.0	2.0	
859.0	1.0	2.0	1355.0	1355.0	1378.0	23.0	78.0	4.0	8.0	1.0	
860.0	1.0	2.0	1342.0	1342.0	1365.0	23.0	90.0	5.0	4.0	1.0	
861.0	1.0	2.0	1346.0	1347.0	1370.0	23.0	95.0	5.0	8.0	5.0	
862.0	1.0	2.0	1357.0	1357.0	1380.0	23.0	77.0	4.0	8.0	2.0	
863.0	1.0	2.0	1329.0	1330.0	1353.0	23.0	14.0	1.0	13.0	5.0	
864.0	1.0	2.0	1368.0	1368.0	1391.0	23.0	27.0	2.0	13.0	4.0	
865.0	1.0	2.0	1352.0	1352.0	1375.0	23.0	85.0	5.0	3.0	5.0	
866.0	1.0	2.0	1324.0	1324.0	1347.0	23.0	94.0	5.0	13.0	1.0	
867.0	1.0	2.0	1357.0	1357.0	1380.0	23.0	94.0	5.0	13.0	1.0	
868.0	1.0	2.0	1359.0	1359.0	1382.0	23.0	83.0	5.0	5.0	1.0	
869.0	1.0	2.0	1354.0	1355.0	1378.0	23.0	88.0	5.0	4.0	3.0	
870.0	1.0	2.0	1355.0	1355.0	1378.0	23.0	70.0	4.0	11.0	5.0	
871.0	1.0	2.0	1361.0	1361.0	1384.0	23.0	38.0	2.0	5.0	5.0	
872.0	1.0	2.0	1340.0	1340.0	1363.0	23.0	65.0	4.0	11.0	2.0	
873.0	1.0	2.0	1353.0	1353.0	1376.0	23.0	82.0	5.0	6.0	2.0	
874.0	1.0	2.0	1357.0	1358.0	1381.0	23.0	86.0	5.0	15.0	4.0	
875.0	1.0	2.0	1327.0	1327.0	1350.0	23.0	40.0	2.0	11.0	3.0	
876.0	1.0	2.0	1368.0	1368.0	1391.0	23.0	78.0	4.0	8.0	1.0	
877.0	1.0	2.0	1363.0	1363.0	1386.0	23.0	88.0	5.0	4.0	3.0	
878.0	1.0	2.0	1346.0	1346.0	1369.0	23.0	82.0	5.0	6.0	2.0	
879.0	1.0	2.0	1353.0	1354.0	1377.0	23.0	79.0	4.0	7.0	3.0	
880.0	1.0	2.0	1345.0	1345.0	1368.0	23.0	27.0	2.0	13.0	4.0	
881.0	1.0	2.0	1347.0	1347.0	1370.0	23.0	94.0	5.0	13.0	1.0	
882.0	0.0	2.0	1361.0	1361.0	1383.0	22.0	45.0	3.0	5.0	4.0	
883.0	0.0	2.0	1371.0	1371.0	1392.0	21.0	48.0	3.0	13.0	4.0	
884.0	1.0	2.0	1368.0	1368.0	1391.0	23.0	46.0	3.0	14.0	3.0	
885.0	1.0	2.0	1353.0	1353.0	1376.0	23.0	19.0	1.0	13.0	4.0	
886.0	1.0	2.0	1355.0	1355.0	1378.0	23.0	73.0	4.0	13.0	3.0	
887.0	1.0	2.0	1356.0	1356.0	1379.0	23.0	62.0	4.0	7.0	4.0	
888.0	1.0	2.0	1359.0	1359.0	1382.0	23.0	100.0	5.0	14.0	1.0	
889.0	0.0	2.0	1370.0	1370.0	1391.0	21.0	46.0	3.0	14.0	3.0	
890.0	1.0	2.0	1364.0	1364.0	1387.0	23.0	61.0	4.0	12.0	4.0	
891.0	1.0	2.0	1336.0	1336.0	1359.0	23.0	91.0	5.0	9.0	5.0	
892.0	1.0	2.0	1355.0	1355.0	1378.0	23.0	70.0	4.0	11.0	5.0	
893.0	1.0	2.0	1358.0	1358.0	1381.0	23.0	93.0	5.0	4.0	5.0	
894.0	0.0	2.0	1362.0	1362.0	1383.0	21.0	60.0	3.0	3.0	3.0	
895.0	0.0	2.0	1364.0	1364.0	1385.0	21.0	43.0	3.0	13.0	1.0	
896.0	1.0	2.0	1370.0	1370.0	1393.0	23.0	54.0	3.0	10.0	5.0	
897.0	1.0	2.0	1330.0	1330.0	1353.0	23.0	23.0	2.0	7.0	3.0	
898.0	1.0	2.0	1354.0	1354.0	1377.0	23.0	65.0	4.0	11.0	2.0	
899.0	1.0	2.0	1353.0	1353.0	1376.0	23.0	66.0	4.0	12.0	5.0	
900.0	0.0	2.0	1360.0	1360.0	1381.0	21.0	58.0	3.0	11.0	4.0	
901.0	1.0	2.0	1363.0	1363.0	1386.0	23.0	94.0	5.0	13.0	1.0	
902.0	1.0	2.0	1359.0	1359.0	1382.0	23.0	83.0	5.0	5.0	1.0	
903.0	1.0	2.0	1362.0	1362.0	1385.0	23.0	100.0	5.0	14.0	1.0	
904.0	1.0	2.0	1365.0	1365.0	1388.0	23.0	93.0	5.0	4.0	5.0	
905.0	0.0	2.0	1364.0	1364.0	1385.0	21.0	55.0	3.0	6.0	4.0	
906.0	0.0	2.0	1366.0	1366.0	1387.0	21.0	58.0	3.0	11.0	4.0	
907.0	1.0	2.0	1357.0	1357.0	1380.0	23.0	67.0	4.0	3.0	3.0	
908.0	1.0	2.0	1364.0	1364.0	1387.0	23.0	69.0	4.0	12.0	2.0	
909.0	1.0	2.0	1357.0	1357.0	1380.0	23.0	62.0	4.0	7.0	4.0	
910.0	1.0	2.0	1357.0	1357.0	1380.0	23.0	91.0	5.0	9.0	5.0	
911.0	1.0	2.0	1332.0	1332.0	1355.0	23.0	67.0	4.0	3.0	3.0	
912.0	1.0	2.0	1358.0	1358.0	1381.0	23.0	81.0	5.0	3.0	4.0	
913.0	0.0	2.0	1354.0	1354.0	1375.0	21.0	22.0	2.0	6.0	2.0	
914.0	0.0	2.0	1355.0	1356.0	1377.0	21.0	24.0	2.0	14.0	4.0	
915.0	0.0	2.0	1354.0	1354.0	1375.0	21.0	28.0	2.0	8.0	1.0	
916.0	0.0	2.0	1358.0	1358.0	1379.0	21.0	32.0	2.0	14.0	3.0	
917.0	1.0	2.0	1336.0	1336.0	1359.0	23.0	97.0	5.0	9.0	3.0	
918.0	0.0	2.0	1358.0	1358.0	1379.0	21.0	37.0	2.0	5.0	2.0	
919.0	0.0	2.0	1339.0	1339.0	1360.0	21.0	40.0	2.0	11.0	3.0	
920.0	1.0	2.0	1368.0	1368.0	1391.0	23.0	90.0	5.0	4.0	1.0	
921.0	0.0	2.0	1362.0	1362.0	1383.0	21.0	25.0	2.0	12.0	2.0	
922.0	1.0	2.0	1350.0	1350.0	1373.0	23.0	84.0	5.0	12.0	2.0	
923.0	1.0	2.0	1354.0	1354.0	1377.0	23.0	74.0	4.0	1.0	3.0	
924.0	0.0	2.0	1359.0	1359.0	1380.0	21.0	35.0	2.0	10.0	5.0	
925.0	0.0	2.0	1364.0	1364.0	1385.0	21.0	39.0	2.0	14.0	2.0	
926.0	0.0	2.0	1360.0	1360.0	1381.0	21.0	40.0	2.0	11.0	3.0	
927.0	1.0	2.0	1344.0	1344.0	1367.0	23.0	61.0	4.0	12.0	4.0	
928.0	1.0	2.0	1353.0	1353.0	1376.0	23.0	80.0	4.0	3.0	1.0	
929.0	1.0	2.0	1314.0	1314.0	1337.0	23.0	64.0	4.0	4.0	2.0	
930.0	1.0	2.0	1334.0	1334.0	1357.0	23.0	100.0	5.0	14.0	1.0	
931.0	1.0	2.0	1352.0	1352.0	1375.0	23.0	77.0	4.0	8.0	2.0	
932.0	1.0	2.0	1347.0	1347.0	1370.0	23.0	10.0	1.0	15.0	1.0	
933.0	0.0	2.0	1362.0	1362.0	1383.0	21.0	21.0	2.0	9.0	1.0	
934.0	1.0	2.0	1315.0	1315.0	1338.0	23.0	96.0	5.0	15.0	3.0	
935.0	0.0	2.0	1364.0	1364.0	1385.0	21.0	27.0	2.0	13.0	4.0	
936.0	1.0	2.0	1355.0	1355.0	1378.0	23.0	85.0	5.0	3.0	5.0	
937.0	1.0	2.0	1357.0	1357.0	1380.0	23.0	72.0	4.0	11.0	2.0	
938.0	1.0	2.0	1357.0	1357.0	1380.0	23.0	88.0	5.0	4.0	3.0	
939.0	1.0	2.0	1364.0	1364.0	1387.0	23.0	97.0	5.0	9.0	3.0	
940.0	1.0	2.0	1365.0	1365.0	1388.0	23.0	91.0	5.0	9.0	5.0	
941.0	0.0	2.0	1367.0	1367.0	1388.0	21.0	26.0	2.0	1.0	2.0	
942.0	1.0	2.0	1347.0	1347.0	1370.0	23.0	92.0	5.0	10.0	4.0	
943.0	1.0	2.0	1341.0	1341.0	1364.0	23.0	87.0	5.0	5.0	5.0	
944.0	0.0	2.0	1361.0	1361.0	1383.0	22.0	34.0	2.0	14.0	1.0	
945.0	1.0	2.0	1361.0	1361.0	1385.0	24.0	17.0	1.0	11.0	4.0	
946.0	1.0	2.0	1365.0	1365.0	1388.0	23.0	36.0	2.0	15.0	4.0	
947.0	1.0	2.0	1365.0	1365.0	1388.0	23.0	3.0	1.0	6.0	4.0	
948.0	1.0	2.0	1359.0	1359.0	1382.0	23.0	89.0	5.0	14.0	2.0	
949.0	1.0	2.0	1344.0	1345.0	1368.0	23.0	90.0	5.0	4.0	1.0	
950.0	1.0	2.0	1361.0	1361.0	1384.0	23.0	73.0	4.0	13.0	3.0	
951.0	1.0	2.0	1350.0	1350.0	1374.0	24.0	15.0	1.0	11.0	1.0	
952.0	0.0	2.0	1367.0	1367.0	1388.0	21.0	40.0	2.0	11.0	3.0	
953.0	1.0	2.0	1364.0	1364.0	1387.0	23.0	98.0	5.0	15.0	2.0	
954.0	1.0	2.0	1355.0	1355.0	1378.0	23.0	89.0	5.0	14.0	2.0	
955.0	0.0	2.0	1367.0	1367.0	1388.0	21.0	29.0	2.0	2.0	5.0	
956.0	1.0	2.0	1364.0	1364.0	1387.0	23.0	34.0	2.0	14.0	1.0	
957.0	0.0	2.0	1365.0	1365.0	1386.0	21.0	33.0	2.0	14.0	1.0	
958.0	0.0	2.0	1365.0	1365.0	1386.0	21.0	36.0	2.0	15.0	4.0	
959.0	1.0	2.0	1356.0	1356.0	1379.0	23.0	87.0	5.0	5.0	5.0	
960.0	1.0	2.0	1362.0	1362.0	1385.0	23.0	92.0	5.0	10.0	4.0	
961.0	1.0	2.0	1356.0	1356.0	1379.0	23.0	63.0	4.0	15.0	1.0	
962.0	1.0	2.0	1360.0	1360.0	1383.0	23.0	86.0	5.0	15.0	4.0	
963.0	1.0	2.0	1366.0	1366.0	1389.0	23.0	73.0	4.0	13.0	3.0	
964.0	1.0	2.0	1342.0	1342.0	1365.0	23.0	81.0	5.0	3.0	4.0	
965.0	1.0	2.0	1369.0	1369.0	1392.0	23.0	69.0	4.0	12.0	2.0	
966.0	1.0	2.0	1341.0	1341.0	1364.0	23.0	97.0	5.0	9.0	3.0	
967.0	1.0	2.0	1364.0	1365.0	1388.0	23.0	89.0	5.0	14.0	2.0	
968.0	1.0	2.0	1365.0	1365.0	1388.0	23.0	13.0	1.0	3.0	1.0	
969.0	1.0	2.0	1369.0	1369.0	1392.0	23.0	62.0	4.0	7.0	4.0	
970.0	1.0	2.0	1351.0	1352.0	1375.0	23.0	98.0	5.0	15.0	2.0	
971.0	1.0	2.0	1365.0	1365.0	1388.0	23.0	83.0	5.0	5.0	1.0	
972.0	1.0	2.0	1365.0	1365.0	1388.0	23.0	90.0	5.0	4.0	1.0	
973.0	1.0	2.0	1349.0	1349.0	1372.0	23.0	97.0	5.0	9.0	3.0	
974.0	1.0	2.0	1357.0	1357.0	1380.0	23.0	86.0	5.0	15.0	4.0	
975.0	1.0	2.0	1365.0	1365.0	1388.0	23.0	93.0	5.0	4.0	5.0	
976.0	1.0	2.0	1364.0	1364.0	1387.0	23.0	41.0	3.0	15.0	4.0	
977.0	0.0	2.0	1367.0	1367.0	1388.0	21.0	33.0	2.0	14.0	1.0	
978.0	1.0	2.0	1368.0	1368.0	1391.0	23.0	92.0	5.0	10.0	4.0	
979.0	1.0	2.0	1353.0	1353.0	1376.0	23.0	14.0	1.0	13.0	5.0	
980.0	0.0	2.0	1370.0	1370.0	1391.0	21.0	22.0	2.0	6.0	2.0	
981.0	1.0	2.0	1369.0	1369.0	1392.0	23.0	79.0	4.0	7.0	3.0	
982.0	1.0	2.0	1367.0	1367.0	1390.0	23.0	93.0	5.0	4.0	5.0	
983.0	1.0	2.0	1363.0	1363.0	1386.0	23.0	68.0	4.0	5.0	3.0	
984.0	1.0	2.0	1365.0	1365.0	1388.0	23.0	81.0	5.0	3.0	4.0	
985.0	1.0	2.0	1363.0	1363.0	1386.0	23.0	71.0	4.0	11.0	3.0	
986.0	1.0	2.0	1364.0	1364.0	1387.0	23.0	99.0	5.0	12.0	3.0	
987.0	1.0	2.0	1356.0	1356.0	1379.0	23.0	80.0	4.0	3.0	1.0	
988.0	1.0	2.0	1365.0	1365.0	1388.0	23.0	42.0	3.0	4.0	1.0	
989.0	0.0	2.0	1364.0	1364.0	1385.0	21.0	2.0	1.0	14.0	1.0	
990.0	1.0	2.0	1367.0	1367.0	1390.0	23.0	77.0	4.0	8.0	2.0	
991.0	1.0	2.0	1332.0	1332.0	1355.0	23.0	100.0	5.0	14.0	1.0	
992.0	1.0	2.0	1367.0	1367.0	1390.0	23.0	93.0	5.0	4.0	5.0	
993.0	1.0	2.0	1367.0	1367.0	1390.0	23.0	53.0	3.0	12.0	3.0	
994.0	1.0	2.0	1352.0	1352.0	1375.0	23.0	82.0	5.0	6.0	2.0	
995.0	1.0	2.0	1357.0	1357.0	1380.0	23.0	100.0	5.0	14.0	1.0	
996.0	1.0	2.0	1361.0	1361.0	1384.0	23.0	92.0	5.0	10.0	4.0	
997.0	1.0	2.0	1367.0	1367.0	1390.0	23.0	95.0	5.0	8.0	5.0	
998.0	1.0	2.0	1369.0	1369.0	1392.0	23.0	79.0	4.0	7.0	3.0	
999.0	0.0	2.0	1367.0	1367.0	1388.0	21.0	12.0	1.0	5.0	3.0	
1000.0	1.0	2.0	1290.0	1290.0	1313.0	23.0	89.0	5.0	14.0	2.0	
1001.0	1.0	2.0	1368.0	1368.0	1391.0	23.0	70.0	4.0	11.0	5.0	
1002.0	1.0	2.0	1368.0	1368.0	1391.0	23.0	97.0	5.0	9.0	3.0	
1003.0	1.0	2.0	1353.0	1354.0	1377.0	23.0	82.0	5.0	6.0	2.0	
1004.0	1.0	2.0	1367.0	1367.0	1390.0	23.0	87.0	5.0	5.0	5.0	
1005.0	1.0	2.0	1370.0	1370.0	1393.0	23.0	37.0	2.0	5.0	2.0	
1006.0	1.0	2.0	1360.0	1360.0	1383.0	23.0	96.0	5.0	15.0	3.0	
1007.0	1.0	2.0	1354.0	1354.0	1377.0	23.0	63.0	4.0	15.0	1.0	
1008.0	1.0	2.0	1355.0	1355.0	1378.0	23.0	79.0	4.0	7.0	3.0	
1009.0	1.0	2.0	1327.0	1327.0	1350.0	23.0	85.0	5.0	3.0	5.0	
1010.0	1.0	2.0	1357.0	1357.0	1380.0	23.0	72.0	4.0	11.0	2.0	
1011.0	0.0	2.0	1368.0	1368.0	1389.0	21.0	7.0	1.0	11.0	1.0	
1012.0	1.0	2.0	1352.0	1352.0	1375.0	23.0	97.0	5.0	9.0	3.0	
1013.0	1.0	2.0	1368.0	1368.0	1391.0	23.0	52.0	3.0	4.0	3.0	
1014.0	1.0	2.0	1357.0	1357.0	1380.0	23.0	74.0	4.0	1.0	3.0	
1015.0	0.0	2.0	1370.0	1370.0	1391.0	21.0	20.0	1.0	4.0	5.0	
1016.0	1.0	2.0	1361.0	1361.0	1384.0	23.0	70.0	4.0	11.0	5.0	
1017.0	1.0	2.0	1366.0	1367.0	1390.0	23.0	96.0	5.0	15.0	3.0	
1018.0	1.0	2.0	1368.0	1368.0	1391.0	23.0	92.0	5.0	10.0	4.0	
1019.0	1.0	2.0	1363.0	1363.0	1386.0	23.0	64.0	4.0	4.0	2.0	
1020.0	1.0	2.0	1361.0	1361.0	1384.0	23.0	100.0	5.0	14.0	1.0	
1021.0	0.0	2.0	1370.0	1370.0	1391.0	21.0	18.0	1.0	2.0	5.0	
1022.0	0.0	2.0	1373.0	1373.0	1394.0	21.0	1.0	1.0	11.0	3.0	
1023.0	1.0	2.0	1370.0	1370.0	1393.0	23.0	71.0	4.0	11.0	3.0	
1024.0	1.0	2.0	1368.0	1368.0	1391.0	23.0	92.0	5.0	10.0	4.0	
=====================================================================================================================================================
Map output of wordcount map task #, VM#, VM Flavour #, PM#, Rack #, Reduce1, Reduce2, etc (how much each map task produces to different reduce tasks)
=====================================================================================================================================================
1.0	81.0	3.0	3.0	8.23	3.77	3.35	3.91	7.4	4.96	3.85	8.57	4.12	5.55	5.31	6.61	5.65	4.42	6.28	3.63	7.12	4.86	6.69	6.02	8.64	
2.0	84.0	12.0	12.0	5.4	6.26	3.68	3.59	8.55	4.68	5.04	3.75	5.16	5.62	6.5	3.99	5.58	3.56	7.27	8.49	5.17	3.66	3.92	3.08	4.65	
3.0	87.0	5.0	5.0	4.59	4.53	5.12	4.58	7.37	6.96	4.21	7.26	8.27	7.92	8.23	8.72	8.57	7.86	7.45	3.87	8.66	4.59	3.38	8.53	5.36	
4.0	90.0	4.0	4.0	8.3	5.12	8.52	6.42	4.9	8.46	7.06	5.54	6.92	7.02	5.26	6.29	7.73	3.97	4.58	5.93	3.3	5.15	4.84	3.34	7.55	
5.0	93.0	4.0	4.0	4.48	5.26	6.53	5.62	3.96	5.78	7.59	3.65	6.16	5.45	8.5	4.97	5.88	6.4	5.13	6.61	3.13	4.22	3.65	4.93	4.3	
6.0	96.0	15.0	15.0	7.34	7.07	4.67	6.6	5.49	5.04	3.93	4.38	5.35	6.58	5.14	7.81	7.97	4.81	6.57	3.56	8.64	5.52	8.74	7.2	5.38	
7.0	99.0	12.0	12.0	4.79	6.79	8.51	4.73	6.96	5.2	5.9	7.42	4.63	4.8	3.6	3.37	4.5	8.19	6.07	3.51	3.54	5.52	8.6	8.87	6.82	
8.0	82.0	6.0	6.0	3.86	4.23	8.28	7.23	8.27	3.89	5.69	4.73	3.56	5.06	6.32	8.12	6.28	7.79	5.41	8.83	7.24	7.83	7.85	8.23	3.73	
9.0	85.0	3.0	3.0	6.64	8.85	8.12	6.71	8.59	5.63	5.28	6.4	8.69	5.57	6.46	6.9	5.81	6.34	5.51	8.25	5.77	4.17	3.03	4.68	6.44	
10.0	88.0	4.0	4.0	3.5	4.8	3.13	4.89	7.87	4.41	8.9	8.5	6.54	7.57	4.82	3.64	7.73	3.8	3.95	6.35	8.15	5.39	3.01	7.56	8.4	
11.0	91.0	9.0	9.0	5.8	4.32	4.79	4.22	6.17	6.94	6.36	7.12	8.35	7.2	7.26	3.46	3.89	7.84	7.13	8.16	3.18	5.49	6.64	4.28	3.46	
12.0	94.0	13.0	13.0	3.48	8.9	5.89	7.24	8.1	6.67	4.85	6.27	5.66	7.91	5.14	4.5	6.18	4.12	3.71	7.34	7.53	4.67	7.59	3.02	7.33	
13.0	97.0	9.0	9.0	4.2	4.44	8.03	3.53	8.4	3.08	4.05	7.63	7.93	6.59	3.35	4.64	8.5	8.48	3.28	6.9	5.49	7.61	5.19	3.57	3.76	
14.0	100.0	14.0	14.0	5.84	8.73	4.13	4.59	8.1	8.44	6.31	4.88	7.95	5.42	3.58	5.84	6.7	7.27	7.47	8.16	6.83	7.32	5.76	3.03	8.28	
15.0	83.0	5.0	5.0	7.3	3.07	6.96	4.54	7.49	6.11	7.74	8.89	7.72	6.76	4.3	4.72	8.12	4.1	3.21	8.61	6.09	4.47	4.15	6.76	3.96	
16.0	86.0	15.0	15.0	7.74	7.5	4.48	7.17	4.23	6.39	6.2	8.68	7.8	7.7	3.07	5.64	6.87	5.95	8.85	8.17	3.77	5.08	7.1	8.05	8.9	
17.0	89.0	14.0	14.0	3.11	4.62	6.99	3.49	8.66	4.32	7.03	5.02	8.95	3.97	7.6	3.84	5.49	3.53	6.35	3.3	9.0	5.35	5.06	4.07	5.55	
18.0	92.0	10.0	10.0	4.51	7.47	4.02	8.88	8.66	3.86	6.5	7.94	5.61	8.55	3.31	3.72	4.85	7.66	7.11	4.98	3.8	6.03	7.04	8.77	3.22	
19.0	95.0	8.0	8.0	5.92	7.18	8.94	5.27	6.31	8.92	7.24	7.23	3.44	6.08	5.85	4.04	6.66	5.89	3.11	6.17	7.96	8.06	8.48	7.89	7.95	
20.0	98.0	15.0	15.0	8.48	5.08	3.3	6.62	8.57	6.62	6.96	5.92	5.99	7.81	5.01	4.89	5.89	5.75	5.03	8.25	6.98	8.38	6.12	8.28	8.82	
21.0	81.0	3.0	3.0	5.7	6.29	3.95	8.12	8.16	6.77	4.96	5.06	3.0	8.22	7.38	7.74	8.86	3.68	3.42	7.07	3.83	8.98	7.33	5.23	7.36	
22.0	84.0	12.0	12.0	8.99	8.66	4.54	8.46	3.29	6.78	3.55	4.4	4.52	7.36	5.31	5.79	3.01	7.65	6.9	3.37	6.75	4.07	4.37	8.73	7.43	
23.0	87.0	5.0	5.0	7.34	8.25	3.38	6.47	4.99	7.74	6.8	4.41	6.97	3.88	7.39	5.89	5.01	5.08	4.72	7.51	3.47	3.06	4.5	4.61	8.84	
24.0	90.0	4.0	4.0	3.87	4.67	6.53	3.68	4.95	8.2	3.8	7.24	4.55	4.69	7.61	8.31	3.73	8.12	5.25	5.13	8.05	7.37	7.5	4.86	8.12	
25.0	93.0	4.0	4.0	7.17	4.37	8.47	3.59	6.72	8.44	8.26	5.9	5.29	9.0	3.89	8.56	7.22	5.28	3.82	6.75	7.36	7.31	5.83	5.25	7.47	
26.0	96.0	15.0	15.0	3.31	7.08	5.23	5.18	8.69	6.98	8.38	7.38	7.14	6.17	8.04	7.31	5.69	6.68	4.49	5.59	6.26	7.05	6.8	6.84	4.4	
27.0	99.0	12.0	12.0	8.17	8.82	6.51	3.43	8.88	5.16	8.58	3.24	6.27	6.21	3.99	7.37	3.14	4.23	6.11	6.16	3.85	7.41	3.66	8.87	5.14	
28.0	82.0	6.0	6.0	4.24	3.94	6.75	4.52	6.77	8.53	5.87	3.15	8.4	4.28	6.55	5.3	6.32	7.92	6.69	4.39	3.21	4.47	8.73	4.97	7.03	
29.0	85.0	3.0	3.0	8.2	5.07	6.13	5.26	4.08	3.67	3.3	7.42	5.42	5.3	4.18	3.93	5.97	3.16	7.19	8.79	5.75	5.77	8.5	5.26	3.48	
30.0	88.0	4.0	4.0	3.07	6.07	6.37	4.06	3.67	7.19	8.57	7.94	5.56	7.85	3.6	5.46	7.06	3.04	5.35	5.04	6.48	8.09	7.48	4.72	8.12	
31.0	91.0	9.0	9.0	5.77	6.94	4.21	6.81	3.62	6.85	8.66	5.36	8.14	5.02	3.8	5.79	3.49	3.3	7.69	6.04	8.68	6.13	4.01	6.1	5.69	
32.0	94.0	13.0	13.0	4.43	6.73	3.2	3.05	6.48	4.44	3.71	8.37	5.76	8.05	6.08	6.49	7.57	6.6	4.4	5.9	3.4	6.95	8.84	7.63	5.25	
33.0	97.0	9.0	9.0	6.57	7.48	4.48	6.35	8.4	4.84	6.21	6.39	8.95	8.87	6.47	4.14	6.0	3.04	7.01	3.96	4.1	6.26	3.99	8.9	4.58	
34.0	100.0	14.0	14.0	3.69	6.75	3.31	7.64	7.6	8.63	7.39	8.32	6.21	8.47	7.65	3.52	6.47	6.03	7.35	4.43	5.98	6.91	8.18	5.76	6.13	
35.0	83.0	5.0	5.0	5.88	7.54	8.95	8.08	4.61	5.43	3.83	6.79	3.06	6.91	4.87	7.28	4.42	8.97	3.48	8.78	4.67	5.75	3.3	7.64	7.98	
36.0	86.0	15.0	15.0	8.42	4.37	5.87	8.45	7.22	8.85	7.08	8.72	3.97	8.22	3.82	5.03	6.87	3.15	6.88	6.01	6.78	6.63	5.99	6.77	7.81	
37.0	89.0	14.0	14.0	8.64	3.94	3.03	7.15	4.34	5.1	8.09	5.81	4.99	4.93	4.04	5.99	7.14	7.21	8.17	8.57	3.82	5.37	6.1	3.85	5.52	
38.0	92.0	10.0	10.0	8.85	3.8	8.9	5.48	3.93	3.96	5.37	8.02	4.01	7.6	4.8	5.72	6.2	6.43	7.69	5.7	7.61	6.16	6.12	8.88	5.84	
39.0	95.0	8.0	8.0	8.88	7.22	3.02	5.72	6.28	5.33	6.76	4.2	3.67	5.15	4.54	4.49	4.91	6.44	8.5	6.49	7.69	5.69	5.61	8.72	8.04	
40.0	98.0	15.0	15.0	8.2	5.16	4.64	8.54	8.22	3.14	6.82	5.63	3.43	7.18	3.82	4.32	7.44	3.88	5.73	7.73	7.86	8.05	8.2	7.25	5.92	
41.0	81.0	3.0	3.0	5.87	6.34	7.29	3.12	6.83	5.79	7.21	7.86	3.67	3.04	4.94	7.65	5.72	4.93	6.04	4.16	4.1	6.99	5.91	6.06	6.35	
42.0	84.0	12.0	12.0	7.78	5.68	7.82	8.81	6.23	7.78	6.45	5.57	4.8	4.84	4.81	3.14	6.23	6.51	5.71	6.77	4.17	8.54	7.47	6.35	8.5	
43.0	87.0	5.0	5.0	6.5	6.88	7.96	8.79	4.97	8.33	3.93	8.51	5.44	8.53	8.07	6.37	3.75	4.82	7.75	8.62	7.68	8.78	4.29	7.85	8.6	
44.0	90.0	4.0	4.0	7.51	3.22	5.33	8.39	4.87	3.52	6.84	5.87	3.72	3.11	7.81	8.26	5.72	7.11	7.28	4.71	8.69	8.9	5.19	5.92	5.06	
45.0	93.0	4.0	4.0	8.22	3.16	8.96	6.08	4.77	8.86	7.86	3.1	8.45	7.08	7.4	7.73	8.37	6.6	6.77	7.13	5.04	5.28	4.2	8.74	5.86	
46.0	96.0	15.0	15.0	6.39	4.83	5.57	5.54	7.67	5.83	8.66	3.65	8.97	6.36	4.33	8.87	8.3	5.55	7.38	8.02	8.05	7.83	3.94	6.71	4.68	
47.0	99.0	12.0	12.0	7.45	3.27	5.41	5.85	5.6	3.42	5.01	3.87	4.9	4.71	6.73	6.54	7.12	3.27	8.99	6.09	8.97	6.42	7.78	5.68	7.5	
48.0	82.0	6.0	6.0	3.16	3.44	4.64	4.6	6.73	5.75	4.54	6.36	8.65	4.01	3.83	4.41	5.88	3.75	4.26	8.06	3.94	8.76	6.9	8.71	7.64	
49.0	85.0	3.0	3.0	8.11	7.03	7.63	7.1	8.66	6.31	7.73	8.64	6.28	5.9	4.1	3.77	6.98	6.31	5.9	6.83	8.94	8.92	3.84	7.86	4.78	
50.0	88.0	4.0	4.0	8.12	3.45	4.23	5.5	7.6	5.25	4.08	5.85	4.86	4.84	6.93	6.97	7.96	5.43	8.99	8.9	6.99	6.94	8.13	6.79	4.62	
51.0	91.0	9.0	9.0	8.05	6.89	3.19	5.31	5.85	6.09	4.63	5.81	7.46	4.36	7.51	7.93	5.14	4.24	7.9	6.17	8.7	4.68	8.25	4.59	7.04	
52.0	94.0	13.0	13.0	3.68	8.7	3.65	8.69	4.71	8.29	8.14	6.06	3.36	4.16	7.37	4.58	5.3	7.51	3.3	3.04	3.04	6.38	3.89	4.81	4.49	
53.0	97.0	9.0	9.0	8.88	6.65	6.73	7.93	8.11	3.99	6.7	3.47	7.14	7.23	4.61	3.2	3.42	7.7	5.0	8.62	3.05	6.3	3.32	4.51	7.66	
54.0	100.0	14.0	14.0	5.98	5.19	8.92	5.47	6.23	6.38	6.67	8.53	5.73	7.44	7.12	6.29	5.16	7.05	8.4	6.47	6.73	5.15	6.61	3.61	7.67	
55.0	83.0	5.0	5.0	6.04	7.96	3.0	8.21	5.93	4.29	3.62	4.84	4.71	3.26	8.25	5.49	4.48	7.63	8.39	5.72	6.61	8.73	7.43	5.47	8.69	
56.0	86.0	15.0	15.0	3.01	6.54	7.29	3.63	4.55	7.22	8.8	4.94	5.04	8.93	4.13	7.04	7.15	6.18	3.25	8.67	5.02	4.09	7.44	6.32	5.02	
57.0	89.0	14.0	14.0	4.13	8.32	3.63	4.0	7.1	5.26	5.74	7.02	7.23	3.48	7.9	5.49	8.11	5.33	8.89	6.07	4.47	4.48	6.53	7.94	5.16	
58.0	92.0	10.0	10.0	6.21	3.62	6.79	4.28	7.64	7.34	6.05	8.5	6.86	6.55	4.46	6.38	5.25	4.2	4.8	8.77	3.68	3.81	6.44	7.75	7.89	
59.0	95.0	8.0	8.0	8.58	4.15	5.93	6.95	7.46	5.89	7.56	4.1	6.79	5.61	7.57	6.32	5.37	4.18	8.75	7.68	3.75	7.32	8.84	5.04	5.17	
60.0	98.0	15.0	15.0	8.71	7.2	7.12	4.64	8.9	6.82	8.35	3.47	4.69	4.96	8.02	6.2	5.17	4.26	6.07	4.27	3.48	3.48	5.55	7.49	4.06	
61.0	81.0	3.0	3.0	7.92	8.17	4.88	8.91	6.17	4.69	3.74	8.05	6.44	3.67	3.23	6.1	4.79	5.61	5.06	7.05	6.33	4.81	4.03	8.84	5.29	
62.0	84.0	12.0	12.0	3.19	8.8	8.76	8.07	5.61	8.08	5.03	6.52	5.9	4.11	3.45	5.81	6.19	8.12	3.34	8.81	8.74	8.83	3.68	4.58	6.33	
63.0	87.0	5.0	5.0	3.29	5.1	6.29	7.9	8.53	7.6	4.02	6.86	7.14	8.45	5.94	4.49	4.29	7.53	5.73	4.18	6.12	4.96	6.77	5.82	4.6	
64.0	90.0	4.0	4.0	8.19	3.71	6.02	6.36	6.41	5.28	7.03	8.3	7.62	8.38	7.91	4.64	6.17	3.82	4.26	5.56	6.99	8.22	5.6	7.08	4.12	
65.0	93.0	4.0	4.0	7.13	4.91	7.3	3.43	8.05	4.3	5.72	3.22	8.73	4.74	8.05	3.14	3.99	8.79	7.23	6.14	3.93	7.08	3.03	4.79	5.57	
66.0	96.0	15.0	15.0	5.5	8.52	3.35	5.46	5.76	8.86	8.52	4.36	4.09	4.27	3.01	4.16	4.32	7.74	4.2	4.08	5.74	5.12	8.53	3.48	5.03	
67.0	99.0	12.0	12.0	8.75	3.34	3.18	7.4	6.84	6.43	8.24	3.51	5.13	3.11	7.81	6.74	7.53	4.72	4.88	6.84	8.41	4.2	3.68	7.43	8.85	
68.0	82.0	6.0	6.0	3.28	7.78	7.98	6.39	8.35	8.7	7.86	6.52	7.13	7.74	8.1	3.1	6.56	5.27	7.46	8.15	8.1	5.19	5.04	7.45	6.47	
69.0	85.0	3.0	3.0	4.64	4.85	3.66	5.31	3.11	7.54	3.12	8.65	6.1	4.09	8.12	4.55	3.49	5.84	6.25	4.98	6.85	4.66	4.76	5.05	4.8	
70.0	88.0	4.0	4.0	4.43	4.44	4.34	4.13	4.86	3.91	7.72	6.28	7.24	4.39	5.8	8.37	6.17	8.3	8.99	4.03	3.94	6.95	4.34	6.8	7.68	
71.0	91.0	9.0	9.0	3.28	6.53	8.0	6.49	3.78	7.22	3.48	3.96	6.02	8.4	3.05	3.31	5.56	6.11	3.41	7.67	3.31	3.59	6.26	6.18	8.29	
72.0	94.0	13.0	13.0	6.3	6.15	4.67	6.66	8.16	5.03	5.85	6.16	5.71	7.46	4.29	6.57	4.39	6.97	3.69	6.0	6.44	3.44	7.38	7.03	6.03	
73.0	97.0	9.0	9.0	8.35	4.0	6.72	6.76	3.42	3.08	4.1	3.74	3.62	7.67	6.19	4.51	6.8	8.74	5.89	8.41	6.79	7.88	5.05	3.55	6.06	
74.0	100.0	14.0	14.0	5.32	4.26	4.27	3.02	4.28	8.92	6.02	7.87	3.81	4.69	5.68	7.09	6.69	8.43	8.3	3.45	3.88	6.13	6.52	5.18	4.16	
75.0	83.0	5.0	5.0	6.8	6.28	5.6	4.01	4.93	4.97	8.58	7.18	6.55	5.54	4.32	4.19	3.41	7.93	6.21	4.54	8.92	5.03	6.65	8.08	5.0	
76.0	86.0	15.0	15.0	3.15	4.06	7.74	5.81	8.1	5.32	5.64	4.12	8.45	7.4	4.37	8.28	4.84	3.25	3.87	3.93	4.34	3.7	3.66	6.62	5.16	
77.0	89.0	14.0	14.0	3.67	6.6	7.13	7.0	6.79	7.02	8.04	8.29	4.02	7.49	5.83	3.93	5.93	7.56	8.23	4.86	4.7	6.42	7.97	8.42	6.99	
78.0	92.0	10.0	10.0	8.82	5.86	4.44	6.83	7.08	8.93	5.04	3.95	3.77	7.23	6.5	4.52	8.23	7.93	8.96	4.3	8.57	7.93	4.27	8.58	7.04	
79.0	95.0	8.0	8.0	8.64	8.83	7.62	4.42	8.28	4.75	5.16	4.2	5.58	7.48	4.14	8.96	3.3	8.8	3.3	6.53	7.63	8.2	3.89	6.96	4.56	
80.0	98.0	15.0	15.0	3.46	5.93	7.89	8.52	4.85	3.79	6.7	4.84	6.47	7.95	4.52	4.05	5.63	4.93	3.46	3.75	7.28	8.99	6.75	8.03	7.18	
81.0	81.0	3.0	3.0	4.76	7.79	8.73	8.99	5.35	8.04	6.03	3.04	8.6	6.75	7.76	8.78	4.09	6.69	5.92	6.14	4.32	6.4	6.09	5.86	5.96	
82.0	84.0	12.0	12.0	3.03	8.24	8.43	6.45	3.94	4.31	7.1	4.43	4.05	8.57	3.13	5.7	3.75	6.62	7.98	4.67	5.82	8.79	8.43	4.54	5.71	
83.0	87.0	5.0	5.0	8.53	7.46	7.47	6.85	6.23	3.56	5.67	5.44	6.0	7.71	5.35	6.22	8.86	8.08	3.76	8.87	3.26	7.93	4.98	4.2	7.51	
84.0	90.0	4.0	4.0	6.25	7.41	7.49	6.7	4.96	7.28	8.47	7.18	6.28	6.99	5.45	5.2	5.33	8.42	4.36	6.4	8.39	6.32	4.95	5.42	5.27	
85.0	93.0	4.0	4.0	5.32	6.32	7.82	7.85	8.52	5.29	6.15	4.27	5.01	4.19	5.37	6.92	8.18	5.27	3.17	4.5	8.42	3.28	7.7	8.33	7.43	
86.0	96.0	15.0	15.0	4.44	6.86	5.57	3.9	6.32	3.71	5.06	5.76	5.65	7.93	3.48	7.8	5.79	5.43	3.64	5.72	5.64	7.84	7.51	6.77	4.68	
87.0	99.0	12.0	12.0	4.35	7.92	3.65	8.52	6.65	4.49	8.41	5.08	6.4	7.59	5.36	8.85	3.27	4.81	6.86	6.24	4.21	6.5	7.01	6.64	7.58	
88.0	82.0	6.0	6.0	5.56	8.15	3.04	6.12	3.16	5.49	4.2	8.53	6.16	4.22	7.39	4.63	4.63	6.65	4.45	8.4	8.05	7.55	7.56	8.64	6.42	
89.0	85.0	3.0	3.0	6.81	4.34	7.69	8.08	3.22	6.19	3.33	4.17	8.77	8.71	5.98	4.21	6.65	3.44	4.39	7.73	6.79	8.6	6.64	8.68	6.56	
90.0	88.0	4.0	4.0	7.82	7.36	3.16	4.39	5.12	5.79	4.11	4.0	6.76	8.3	8.6	6.86	6.16	5.66	5.94	6.17	6.01	7.63	4.71	4.08	8.39	
91.0	91.0	9.0	9.0	5.96	3.03	8.29	5.72	6.9	5.76	5.62	5.48	7.44	7.95	3.85	8.18	8.18	7.23	8.42	8.4	6.26	5.55	5.41	5.87	7.08	
92.0	94.0	13.0	13.0	6.05	7.89	3.41	8.21	6.65	4.72	4.33	4.3	4.26	8.72	3.77	4.1	8.38	3.69	3.55	5.97	8.3	4.4	7.1	7.58	8.89	
93.0	97.0	9.0	9.0	3.58	8.84	7.93	8.73	7.69	8.04	6.45	6.49	5.42	7.34	3.69	6.58	5.08	6.56	8.11	3.03	5.63	6.81	6.4	7.53	7.25	
94.0	100.0	14.0	14.0	8.01	4.81	5.79	5.62	8.72	4.27	6.83	5.72	8.95	8.6	8.77	8.53	6.94	3.98	4.29	6.65	6.16	8.74	6.9	4.21	4.79	
95.0	83.0	5.0	5.0	7.03	6.34	4.17	4.39	5.94	3.5	3.86	5.94	7.46	8.65	5.76	5.27	7.99	3.46	4.29	8.35	7.22	8.59	3.05	5.55	3.98	
96.0	86.0	15.0	15.0	4.7	3.21	6.73	7.21	7.6	3.0	3.84	5.55	5.42	7.7	7.91	6.14	6.77	6.15	5.37	5.3	6.78	5.05	8.91	5.3	8.17	
97.0	89.0	14.0	14.0	7.79	3.06	7.08	6.83	4.39	7.8	6.95	8.01	8.16	8.99	7.68	7.49	5.48	4.11	8.88	6.1	4.84	5.98	7.92	3.11	3.45	
98.0	92.0	10.0	10.0	4.5	8.96	7.34	7.08	6.87	6.8	6.47	3.85	6.12	3.54	4.99	3.15	6.19	3.17	3.27	5.1	8.03	7.33	7.99	4.01	6.92	
99.0	95.0	8.0	8.0	7.38	4.0	7.65	4.69	3.56	7.15	6.24	6.14	5.98	5.14	7.8	8.06	8.2	7.88	6.92	6.87	3.58	6.04	6.4	6.14	4.43	
100.0	98.0	15.0	15.0	5.09	4.51	6.77	6.42	5.52	3.35	6.49	4.21	6.16	5.43	8.02	6.76	4.87	4.88	5.0	5.92	7.4	7.99	5.25	6.86	3.52	
101.0	81.0	3.0	3.0	4.74	8.89	8.49	6.58	7.93	4.97	5.04	7.92	7.53	6.1	4.51	6.31	5.29	5.69	4.33	8.95	6.28	3.31	6.67	7.28	3.3	
102.0	84.0	12.0	12.0	5.28	6.71	6.54	4.82	6.34	5.79	3.76	3.16	5.17	5.44	7.86	7.72	7.91	8.81	5.54	5.54	4.51	5.49	4.67	3.78	5.89	
103.0	87.0	5.0	5.0	7.16	6.45	3.65	4.88	4.0	3.51	6.25	6.1	4.04	8.96	4.01	4.6	3.44	4.07	7.93	8.01	7.31	4.98	6.91	5.04	8.81	
104.0	90.0	4.0	4.0	5.39	5.74	6.62	8.54	7.86	3.01	7.81	6.04	4.01	5.53	7.72	6.66	7.26	4.09	5.38	6.9	3.44	8.9	4.45	6.38	8.2	
105.0	93.0	4.0	4.0	6.67	7.05	7.92	8.65	4.61	7.43	7.61	4.47	5.05	7.51	4.76	5.27	7.96	7.73	5.03	5.54	3.43	3.74	4.0	5.24	7.68	
106.0	96.0	15.0	15.0	8.77	6.25	8.26	7.49	5.56	5.56	8.1	8.15	3.68	5.9	7.3	7.31	6.23	4.07	7.58	5.69	5.51	6.09	7.94	6.21	4.95	
107.0	99.0	12.0	12.0	5.52	4.41	4.91	7.16	8.27	7.02	3.41	3.43	3.29	3.93	6.95	4.68	6.98	6.99	8.6	3.98	4.09	4.9	3.17	4.99	6.47	
108.0	82.0	6.0	6.0	4.38	6.7	3.72	6.96	4.87	5.03	3.0	7.11	8.02	3.25	6.18	8.26	5.22	7.31	3.93	8.07	3.49	7.59	3.4	6.76	3.87	
109.0	85.0	3.0	3.0	4.03	6.67	8.29	6.84	3.24	8.29	6.17	8.67	6.95	7.57	6.08	5.82	8.6	8.94	6.48	7.79	3.95	3.12	4.15	3.03	4.76	
110.0	88.0	4.0	4.0	7.38	6.46	6.4	5.17	8.72	7.39	6.79	6.17	6.76	3.65	3.19	5.99	8.56	5.43	8.49	6.67	8.14	4.96	3.22	3.16	4.05	
111.0	91.0	9.0	9.0	5.6	6.76	4.07	8.11	6.57	4.82	6.54	4.62	7.64	3.65	4.43	6.08	4.22	6.57	4.12	4.53	4.65	5.56	3.64	3.13	5.19	
112.0	94.0	13.0	13.0	4.48	8.84	8.35	5.97	7.91	7.98	7.14	4.99	5.6	3.11	6.7	8.38	8.41	7.71	4.26	6.29	6.94	4.48	6.16	6.07	4.24	
113.0	97.0	9.0	9.0	4.81	8.31	8.8	6.9	7.21	8.88	4.67	7.21	7.66	7.87	4.4	5.96	3.36	5.53	7.08	8.04	5.93	8.67	4.63	4.26	7.39	
114.0	100.0	14.0	14.0	6.7	5.03	3.36	7.54	6.61	6.36	5.49	8.89	3.56	5.18	4.0	4.41	8.28	5.23	7.0	3.49	6.94	5.91	3.14	3.97	7.22	
115.0	83.0	5.0	5.0	4.79	4.78	5.75	7.85	4.5	3.4	6.48	4.58	8.38	5.6	5.05	7.21	4.96	8.2	3.97	3.82	7.38	6.05	8.22	3.93	8.22	
116.0	86.0	15.0	15.0	4.54	7.18	8.8	5.14	6.99	3.36	5.58	3.38	4.44	5.48	7.76	5.86	3.29	7.8	4.5	8.19	4.0	7.37	8.53	8.82	6.6	
117.0	89.0	14.0	14.0	4.91	3.98	4.58	3.85	4.66	3.25	4.7	7.46	8.09	6.37	6.92	8.04	4.3	6.27	3.47	4.01	3.26	7.41	4.3	3.92	7.5	
118.0	92.0	10.0	10.0	4.79	5.63	7.83	3.9	7.46	6.07	4.39	4.34	4.41	5.13	7.54	3.6	7.85	5.88	8.05	6.55	5.75	7.51	8.57	3.69	4.19	
119.0	95.0	8.0	8.0	3.74	6.97	8.95	4.72	8.01	6.83	7.82	7.35	6.65	4.87	6.47	7.5	6.87	7.05	8.63	4.63	7.98	4.46	6.9	4.61	8.39	
120.0	98.0	15.0	15.0	8.98	4.77	6.72	7.35	6.25	8.9	3.53	7.31	5.76	6.36	4.51	4.01	4.93	4.83	7.46	3.6	7.01	5.21	5.68	3.35	7.08	
121.0	81.0	3.0	3.0	3.73	5.91	5.81	7.01	6.85	7.52	6.61	8.51	6.04	6.14	8.38	8.31	3.34	4.11	6.81	5.96	4.69	3.29	8.45	8.87	8.68	
122.0	84.0	12.0	12.0	4.42	8.33	3.64	3.73	4.6	7.93	5.81	7.45	8.96	5.9	8.72	5.1	3.52	6.26	7.42	3.98	3.09	3.76	7.37	7.52	8.01	
123.0	87.0	5.0	5.0	7.52	6.21	4.36	6.65	6.51	3.2	6.89	8.87	3.95	8.52	4.43	7.68	6.03	8.34	4.8	6.37	8.73	7.15	8.47	6.12	3.06	
124.0	90.0	4.0	4.0	5.14	5.71	3.24	3.76	3.15	7.68	3.79	3.84	5.65	4.62	4.46	3.71	5.54	4.32	4.92	4.59	3.61	8.48	5.77	7.75	8.58	
125.0	93.0	4.0	4.0	6.3	6.09	3.44	7.68	3.77	6.76	7.32	7.29	3.38	4.82	3.54	5.35	5.88	3.3	7.67	6.51	4.56	4.57	4.93	7.7	7.56	
126.0	96.0	15.0	15.0	6.19	7.03	7.43	8.0	6.63	3.6	3.66	4.87	3.64	4.25	6.47	4.38	3.91	7.12	3.21	6.72	6.2	4.96	7.38	8.82	6.87	
127.0	99.0	12.0	12.0	6.66	5.3	5.38	7.5	3.22	6.2	6.94	3.98	8.56	6.02	5.72	6.73	6.61	3.49	5.57	6.74	6.57	6.58	5.47	8.99	5.26	
128.0	82.0	6.0	6.0	7.59	3.36	8.05	8.72	6.57	5.64	6.04	6.93	5.99	5.32	7.0	3.49	3.24	7.87	3.84	4.86	3.87	8.54	6.01	3.62	8.29	
129.0	85.0	3.0	3.0	8.68	6.41	3.58	3.54	3.12	4.29	6.35	6.28	5.08	6.03	6.87	5.73	7.57	4.32	4.02	4.16	4.79	6.15	5.48	8.81	3.44	
130.0	88.0	4.0	4.0	6.87	5.34	4.75	7.95	6.3	3.28	5.37	8.52	5.46	4.33	5.83	6.61	8.82	7.98	5.12	6.87	8.96	5.82	4.13	6.87	8.05	
131.0	91.0	9.0	9.0	5.27	7.9	6.7	7.39	7.05	8.97	7.2	4.05	8.21	8.51	7.6	7.94	4.92	7.65	8.28	3.83	3.66	6.12	3.04	4.63	5.03	
132.0	94.0	13.0	13.0	8.37	3.37	7.1	5.2	4.82	8.58	6.55	4.75	6.57	6.55	7.44	4.82	8.6	7.64	4.9	3.52	8.02	6.32	3.75	5.97	6.53	
133.0	97.0	9.0	9.0	4.67	4.13	3.14	6.38	4.41	8.95	8.21	8.67	3.52	6.94	5.18	4.33	5.15	7.94	3.54	6.19	3.9	8.99	4.62	4.96	4.91	
134.0	100.0	14.0	14.0	8.16	5.33	4.9	4.61	5.0	7.21	8.48	8.01	8.04	8.74	7.34	6.39	5.26	8.68	8.2	4.37	6.56	5.26	5.6	4.99	6.18	
135.0	83.0	5.0	5.0	4.76	3.99	7.68	6.11	4.58	4.81	6.48	5.82	7.99	4.95	6.28	5.04	7.25	8.31	3.68	3.32	3.28	5.04	3.91	6.75	4.32	
136.0	68.0	5.0	5.0	6.9	5.14	7.51	5.84	5.34	6.42	7.53	3.53	4.42	7.89	6.41	6.79	3.74	8.11	7.64	3.91	6.9	8.27	8.16	5.75	4.7	
137.0	70.0	11.0	11.0	4.7	7.46	4.85	7.21	8.2	6.84	8.06	6.46	8.58	5.78	5.0	6.59	6.87	5.43	4.88	7.96	5.55	8.81	7.68	8.95	4.22	
138.0	64.0	4.0	4.0	5.46	5.58	7.72	7.94	3.56	5.64	6.62	3.99	4.36	6.77	8.13	3.76	5.67	4.91	5.97	5.15	3.89	8.25	5.26	4.76	5.64	
139.0	61.0	12.0	12.0	8.1	6.31	6.42	5.77	6.88	5.84	5.43	3.93	6.34	4.93	8.46	7.35	5.55	5.85	4.67	5.65	5.03	4.87	6.97	6.86	5.93	
140.0	33.0	14.0	14.0	7.56	8.16	3.73	7.39	5.67	8.86	4.59	6.59	5.35	8.44	5.59	8.17	6.96	6.41	8.23	6.23	4.64	6.08	3.61	7.64	5.84	
141.0	60.0	3.0	3.0	8.64	7.19	3.85	5.18	8.62	7.18	7.46	7.06	5.95	7.67	4.32	3.79	3.7	7.8	8.88	7.83	5.02	3.76	3.97	3.54	7.9	
142.0	86.0	15.0	15.0	6.78	5.86	3.03	3.83	5.82	3.96	7.58	8.39	4.97	5.62	3.58	4.14	4.78	7.1	5.62	3.32	8.36	4.13	4.28	8.13	6.69	
143.0	88.0	4.0	4.0	5.67	7.43	3.87	4.62	4.02	7.39	6.77	7.04	3.7	5.42	7.89	7.0	8.48	7.2	8.67	6.8	9.0	6.49	3.81	6.87	4.62	
144.0	53.0	12.0	12.0	7.05	6.4	3.59	7.36	8.67	5.65	3.68	4.31	6.96	8.48	4.13	6.07	6.11	6.26	4.91	6.97	7.54	3.51	4.86	3.05	6.73	
145.0	59.0	9.0	9.0	7.88	4.95	3.51	3.03	4.06	5.3	6.42	7.89	8.0	6.62	4.58	6.59	8.11	5.43	8.95	5.71	8.01	6.83	3.2	7.4	6.4	
146.0	63.0	15.0	15.0	6.1	8.39	7.98	8.19	6.66	4.99	6.68	4.91	6.17	8.29	4.33	3.33	3.74	5.13	5.54	5.01	8.22	5.66	3.91	5.48	3.1	
147.0	60.0	3.0	3.0	8.91	3.54	4.72	5.3	5.26	4.86	4.06	6.41	7.03	3.99	3.87	4.37	3.85	7.74	8.28	6.22	6.04	8.13	6.14	8.4	8.44	
148.0	28.0	8.0	8.0	6.77	4.54	4.25	4.16	5.73	8.9	3.52	6.73	3.48	4.74	4.57	6.21	3.14	5.19	3.17	4.82	4.26	3.35	8.73	7.39	5.73	
149.0	3.0	6.0	6.0	8.98	3.32	7.44	7.73	3.23	3.71	8.67	4.37	3.48	4.28	7.68	3.87	6.57	4.29	4.59	6.03	4.05	6.35	5.41	8.57	8.6	
150.0	55.0	6.0	6.0	6.62	4.51	3.57	8.02	7.19	3.11	6.32	8.38	4.95	5.07	4.64	7.72	3.74	4.7	7.59	8.27	8.13	5.81	6.95	4.42	4.63	
151.0	18.0	2.0	2.0	6.6	3.35	6.96	6.8	4.27	6.87	5.59	7.6	8.56	6.66	6.86	3.73	5.34	6.96	6.95	5.11	7.34	3.91	4.16	8.72	6.79	
152.0	63.0	15.0	15.0	3.77	8.37	6.93	8.87	3.33	3.9	8.95	6.15	6.86	7.29	7.0	7.62	3.91	6.72	6.05	8.3	4.93	5.49	7.88	3.62	7.53	
153.0	98.0	15.0	15.0	7.71	5.57	5.86	6.36	5.85	8.0	6.85	7.35	8.3	5.65	5.95	8.33	7.47	5.45	5.14	8.18	6.74	4.03	8.96	3.43	8.68	
154.0	100.0	14.0	14.0	7.61	5.19	6.6	8.12	5.41	5.36	6.05	5.11	6.42	3.68	5.0	7.6	3.15	7.41	7.39	5.0	3.53	7.56	7.23	7.33	4.13	
155.0	75.0	8.0	8.0	3.32	8.3	8.96	6.53	4.2	4.61	8.97	3.93	5.08	5.29	3.37	7.39	8.51	4.82	8.73	4.5	8.91	4.36	8.45	3.47	7.15	
156.0	86.0	15.0	15.0	4.1	4.68	5.31	6.27	4.74	6.8	6.62	8.22	4.25	5.2	4.69	7.86	7.85	8.72	3.73	6.85	7.87	8.69	4.57	6.21	7.12	
157.0	72.0	11.0	11.0	5.21	3.87	8.43	4.98	8.54	3.12	5.53	7.55	5.0	6.76	8.15	6.3	9.0	7.01	7.85	3.98	4.64	3.48	6.52	5.7	6.16	
158.0	32.0	14.0	14.0	8.5	5.08	8.71	7.8	5.94	6.33	7.78	4.99	8.41	3.8	4.62	7.54	7.3	3.12	7.3	8.1	8.96	4.15	6.26	8.78	7.17	
159.0	28.0	8.0	8.0	6.91	6.23	8.9	5.73	3.66	8.71	8.26	4.15	3.63	5.72	7.95	6.95	8.59	8.22	7.91	5.83	6.87	8.44	7.02	4.87	3.81	
160.0	57.0	14.0	14.0	8.61	8.5	7.19	3.92	3.03	5.8	4.11	8.27	5.9	4.75	7.31	4.61	7.09	5.61	4.22	3.22	3.11	7.97	3.25	3.99	8.15	
161.0	58.0	11.0	11.0	5.11	8.03	7.29	6.5	6.65	7.8	3.05	5.69	6.69	3.09	8.51	8.83	5.33	3.29	7.52	4.61	6.27	3.4	7.58	6.89	8.62	
162.0	41.0	15.0	15.0	4.79	8.93	6.71	6.05	3.06	6.97	6.67	4.51	4.52	3.76	6.21	7.74	6.76	8.24	3.98	4.07	8.23	4.63	5.8	3.67	5.62	
163.0	61.0	12.0	12.0	3.63	3.43	7.34	6.89	6.56	7.77	4.9	8.88	6.68	7.54	5.34	4.64	6.42	5.92	5.44	7.95	3.67	4.91	8.31	5.36	6.13	
164.0	80.0	3.0	3.0	5.83	8.61	6.51	4.88	3.1	5.16	5.91	5.79	4.45	7.55	7.71	5.32	5.04	8.87	5.84	5.49	4.8	5.25	6.5	8.65	3.79	
165.0	94.0	13.0	13.0	6.13	3.41	3.14	3.1	7.55	6.9	3.58	4.86	7.74	5.12	5.86	5.58	5.69	5.42	7.66	3.68	4.13	4.67	5.01	8.78	8.83	
166.0	96.0	15.0	15.0	3.65	7.61	6.84	7.79	5.29	8.3	7.46	6.79	5.39	8.41	8.07	4.58	5.96	8.77	7.92	6.29	3.41	4.0	6.53	7.88	6.92	
167.0	4.0	9.0	9.0	3.5	4.78	7.81	6.74	3.09	4.47	4.7	8.98	4.76	7.9	6.35	3.41	5.42	6.17	5.77	6.78	8.73	3.23	7.09	3.44	7.63	
168.0	83.0	5.0	5.0	8.81	8.09	6.31	4.95	4.13	4.74	4.93	6.24	5.68	4.07	8.56	7.81	6.65	6.0	5.64	4.16	3.56	6.34	8.03	6.13	5.3	
169.0	25.0	12.0	12.0	3.2	7.34	3.85	5.54	7.0	5.22	3.41	8.0	3.83	7.35	6.99	8.73	3.09	8.64	5.43	8.13	6.69	6.0	5.09	8.55	5.5	
170.0	88.0	4.0	4.0	6.4	6.77	8.08	7.11	5.95	4.44	8.51	7.34	7.64	8.74	3.36	4.91	5.4	8.5	7.48	8.42	3.44	8.63	5.58	6.61	6.0	
171.0	32.0	14.0	14.0	7.66	5.49	6.97	8.45	6.61	4.22	5.15	6.8	3.99	3.4	5.04	3.79	3.24	6.67	4.53	3.78	3.5	5.75	4.91	3.14	5.9	
172.0	39.0	14.0	14.0	6.79	4.79	5.62	7.71	3.03	7.59	7.84	4.95	3.18	6.41	5.37	7.91	5.21	3.41	4.13	7.58	4.32	5.35	3.04	7.66	6.67	
173.0	79.0	7.0	7.0	6.69	6.4	3.5	6.79	6.85	7.34	8.7	3.54	4.44	7.36	4.8	5.76	5.64	8.47	5.79	4.43	3.79	6.89	5.47	6.48	5.85	
174.0	100.0	14.0	14.0	7.63	3.16	3.96	8.01	3.09	5.83	6.57	7.14	3.64	7.04	7.21	5.76	5.91	3.58	5.89	4.23	5.47	7.0	8.13	5.66	5.77	
175.0	83.0	5.0	5.0	6.6	5.95	5.83	3.97	6.66	3.78	4.95	6.01	4.25	5.53	6.88	6.02	3.52	8.23	8.86	8.73	4.26	5.69	4.77	5.21	8.95	
176.0	86.0	15.0	15.0	7.36	5.25	3.61	4.67	4.63	8.33	8.38	7.85	4.26	8.36	6.03	5.59	8.42	8.02	5.11	5.35	7.65	6.22	5.05	8.95	8.28	
177.0	74.0	1.0	1.0	8.81	3.55	6.23	8.83	6.48	6.92	4.8	6.09	6.44	7.41	5.39	3.45	7.7	7.97	8.37	4.22	8.37	5.16	6.03	5.69	5.65	
178.0	74.0	1.0	1.0	3.76	3.39	8.73	4.82	6.17	6.01	8.34	6.1	4.86	6.93	7.23	6.2	4.35	5.42	4.61	5.85	8.85	8.43	7.27	6.17	5.0	
179.0	47.0	15.0	15.0	4.01	4.36	7.01	5.19	8.95	8.39	5.39	7.85	4.71	8.02	6.54	8.99	3.04	5.35	5.29	6.91	3.19	8.7	5.37	5.52	3.39	
180.0	54.0	10.0	10.0	3.3	6.64	8.02	6.44	4.09	5.95	6.37	8.46	8.78	5.93	8.03	5.66	3.87	5.63	4.65	5.5	7.22	3.02	6.06	3.58	3.18	
181.0	81.0	3.0	3.0	5.41	7.01	8.07	4.14	3.68	4.94	5.35	5.95	4.89	4.0	3.96	7.77	8.84	6.45	4.97	5.06	3.53	7.32	6.71	7.79	7.25	
182.0	84.0	12.0	12.0	6.94	5.54	4.02	5.71	3.36	7.57	4.89	5.25	4.5	4.64	7.4	3.39	6.81	5.94	6.39	7.09	3.41	8.18	4.5	4.33	5.27	
183.0	74.0	1.0	1.0	4.58	7.8	8.04	5.27	4.68	7.1	3.36	5.7	4.98	3.1	4.22	5.82	8.58	4.08	8.57	3.32	8.95	6.72	4.74	5.74	8.04	
184.0	43.0	13.0	13.0	8.73	6.58	6.99	6.72	8.37	5.12	7.87	4.99	4.07	6.63	8.74	5.77	5.1	5.31	8.26	4.07	8.32	6.34	3.77	3.75	5.3	
185.0	93.0	4.0	4.0	6.52	8.94	8.47	4.63	4.32	7.46	6.58	7.51	3.95	6.48	3.75	6.96	5.54	6.75	5.91	6.63	4.41	8.5	3.49	7.81	5.5	
186.0	72.0	11.0	11.0	7.27	5.5	6.74	7.51	6.64	3.19	6.94	5.91	4.83	6.05	6.4	7.26	4.36	4.22	8.3	8.35	6.62	3.94	4.56	3.32	5.07	
187.0	99.0	12.0	12.0	7.56	3.72	7.66	5.77	6.11	7.72	6.5	4.38	7.04	6.72	5.64	6.4	4.4	3.86	7.57	9.0	6.41	8.83	3.57	8.57	7.12	
188.0	41.0	15.0	15.0	5.63	7.34	3.11	6.59	6.92	3.68	5.2	6.8	8.26	7.8	7.32	4.66	7.66	4.75	5.22	6.69	5.64	8.59	6.61	5.97	4.47	
189.0	30.0	14.0	14.0	3.3	8.31	8.16	6.04	4.66	5.44	8.15	6.59	3.09	7.11	4.59	8.67	6.77	7.58	8.81	7.09	3.43	3.17	7.11	7.04	6.88	
190.0	88.0	4.0	4.0	3.43	8.5	6.24	6.0	4.54	8.97	5.75	8.41	5.84	5.87	6.92	6.19	3.69	9.0	3.55	3.98	4.83	7.83	4.54	6.36	5.78	
191.0	91.0	9.0	9.0	3.29	8.45	7.27	6.02	8.86	5.83	4.86	3.89	6.18	6.0	8.06	3.0	6.75	3.01	6.07	4.09	7.19	4.7	4.66	7.45	3.75	
192.0	74.0	1.0	1.0	7.61	5.53	4.52	5.58	6.38	4.2	8.71	6.71	3.43	4.9	3.13	8.21	3.64	5.32	4.04	6.38	5.13	8.17	7.81	6.83	4.41	
193.0	97.0	9.0	9.0	5.51	4.69	7.87	5.3	3.44	8.42	4.42	4.85	4.65	8.86	4.29	7.49	3.14	8.74	6.17	5.33	3.9	8.36	5.11	7.7	7.82	
194.0	75.0	8.0	8.0	5.81	6.34	4.92	8.93	7.46	5.19	7.55	3.86	4.9	3.58	3.87	4.25	7.32	4.2	8.37	3.24	4.9	7.46	8.83	7.55	3.87	
195.0	54.0	10.0	10.0	6.57	3.09	5.92	8.55	7.23	3.67	7.89	3.66	5.14	3.31	4.58	7.6	8.19	6.06	8.9	3.35	3.2	8.14	5.97	7.8	5.77	
196.0	52.0	4.0	4.0	5.76	7.8	5.67	8.64	4.89	7.6	7.67	4.94	6.89	8.57	8.68	4.25	3.76	6.37	3.43	7.61	3.13	3.1	3.07	6.2	8.0	
197.0	89.0	14.0	14.0	7.04	4.44	5.78	5.98	3.52	8.81	3.3	6.67	4.01	7.46	7.45	3.97	5.62	3.03	4.41	3.85	7.11	4.44	8.27	8.61	6.03	
198.0	92.0	10.0	10.0	4.16	7.29	3.12	7.43	7.49	6.77	6.33	6.0	6.45	8.14	7.32	7.82	4.05	4.79	3.02	8.36	4.73	7.64	7.16	3.76	3.66	
199.0	54.0	10.0	10.0	5.71	8.34	5.56	4.45	6.57	5.33	5.04	4.52	4.03	5.36	6.51	5.69	8.33	3.81	4.93	3.19	5.54	8.86	6.73	7.41	3.96	
200.0	98.0	15.0	15.0	4.6	6.55	4.1	8.97	4.44	7.06	6.38	6.19	3.24	3.65	4.29	4.61	6.08	7.15	6.86	7.99	8.74	4.04	8.31	3.21	8.88	
201.0	26.0	1.0	1.0	5.93	5.36	5.01	3.85	8.93	7.56	3.49	7.05	7.94	6.43	8.2	5.69	7.91	7.36	3.5	4.67	6.24	8.78	4.55	3.44	8.6	
202.0	55.0	6.0	6.0	3.3	6.2	7.59	7.07	5.74	4.42	5.32	3.02	7.57	6.71	3.76	4.67	7.58	5.18	6.92	6.68	6.21	4.54	8.92	5.54	6.62	
203.0	87.0	5.0	5.0	6.05	3.01	7.52	8.52	8.38	8.44	8.72	3.08	5.26	8.18	6.11	5.2	8.64	8.52	8.19	5.83	7.3	5.08	4.19	8.39	8.84	
204.0	90.0	4.0	4.0	3.27	4.17	5.04	8.2	7.3	5.2	5.27	4.81	4.8	6.85	4.81	6.25	6.78	3.5	4.77	4.82	8.62	3.24	3.53	7.2	7.48	
205.0	72.0	11.0	11.0	5.12	6.2	5.4	8.36	7.15	4.56	6.23	8.88	8.1	7.8	6.59	3.69	8.19	5.75	4.85	4.23	8.35	6.99	5.0	5.06	4.6	
206.0	57.0	14.0	14.0	8.34	6.99	8.29	3.28	6.01	8.96	5.12	7.89	4.91	7.52	5.84	8.83	3.91	8.97	8.73	3.43	7.52	8.64	6.22	4.1	3.63	
207.0	52.0	4.0	4.0	5.93	6.55	5.15	7.89	3.57	7.86	8.85	6.16	4.69	6.03	7.45	8.27	5.36	5.25	8.88	8.41	6.93	4.12	8.94	7.21	6.76	
208.0	48.0	13.0	13.0	4.93	4.58	4.6	5.75	8.53	7.13	7.76	5.55	8.69	4.21	6.26	5.72	3.82	7.69	7.33	6.69	8.74	3.51	3.07	7.0	4.98	
209.0	85.0	3.0	3.0	6.15	7.18	3.97	8.47	5.91	6.78	5.27	5.78	7.59	6.07	8.48	8.8	4.81	5.61	4.34	5.26	3.15	3.23	4.91	8.81	7.69	
210.0	88.0	4.0	4.0	3.67	4.9	5.63	3.43	3.56	3.07	6.89	7.11	6.21	4.55	8.0	4.63	6.98	8.64	3.13	7.35	8.15	7.36	5.96	6.88	7.55	
211.0	91.0	9.0	9.0	7.96	5.34	6.19	7.19	3.4	3.48	6.42	5.78	3.99	3.58	6.4	5.51	3.27	6.13	8.1	5.23	3.32	7.15	3.58	7.64	3.92	
212.0	94.0	13.0	13.0	7.1	6.93	8.63	3.93	6.43	5.13	8.29	7.41	3.16	7.92	6.64	7.26	5.08	6.81	5.28	5.03	5.42	7.86	6.36	7.36	7.6	
213.0	98.0	15.0	15.0	3.33	7.06	7.82	5.01	5.47	4.14	3.5	5.19	3.57	8.5	3.24	4.07	5.41	5.59	5.59	8.09	8.31	6.22	7.08	8.76	3.88	
214.0	96.0	15.0	15.0	5.14	7.21	8.5	3.28	4.03	7.14	6.98	3.31	6.71	8.21	7.34	4.98	4.37	3.9	7.34	6.81	7.71	7.51	6.76	6.75	7.92	
215.0	83.0	5.0	5.0	3.76	4.61	8.09	3.87	4.6	6.41	3.11	3.92	3.38	4.27	6.27	7.53	8.09	6.41	8.09	3.46	8.47	6.64	4.7	7.49	6.05	
216.0	86.0	15.0	15.0	8.88	8.19	3.83	7.23	5.9	3.73	7.67	4.83	6.55	5.16	8.88	8.61	3.09	4.77	4.07	7.49	4.42	6.7	5.75	3.46	4.52	
217.0	89.0	14.0	14.0	7.22	3.32	3.81	3.84	3.51	5.25	4.67	5.93	3.26	3.95	4.18	5.25	3.65	8.79	7.16	6.27	4.43	3.33	6.06	6.67	7.39	
218.0	92.0	10.0	10.0	3.86	7.73	5.39	6.07	7.56	5.17	3.12	8.62	4.45	5.27	8.09	5.5	6.44	6.72	8.84	4.83	4.94	3.09	4.98	6.74	8.48	
219.0	95.0	8.0	8.0	7.05	8.89	3.26	7.21	8.61	4.85	5.98	6.35	8.96	8.35	4.23	3.5	6.24	6.37	3.86	7.6	3.41	5.16	7.16	7.69	3.86	
220.0	98.0	15.0	15.0	5.17	4.29	4.94	8.68	4.13	4.35	4.69	7.97	5.49	8.06	3.87	3.38	3.99	7.17	7.27	6.02	5.24	5.49	3.83	3.79	5.91	
221.0	76.0	6.0	6.0	7.83	5.25	6.54	6.21	8.9	4.36	3.98	8.67	3.32	3.91	7.96	5.91	3.01	4.5	4.06	3.21	4.08	3.48	4.67	5.07	5.0	
222.0	84.0	12.0	12.0	4.38	5.91	4.41	7.17	6.54	4.18	8.54	6.5	6.37	7.1	6.44	7.99	7.69	4.28	5.1	3.58	3.27	3.3	6.28	7.25	6.84	
223.0	88.0	4.0	4.0	7.09	5.86	6.31	4.26	8.75	7.33	7.28	7.75	3.91	6.49	6.79	3.65	5.21	6.68	5.57	8.45	3.56	7.92	7.57	6.43	3.31	
224.0	91.0	9.0	9.0	3.54	3.81	4.64	6.21	7.94	5.28	5.93	4.85	3.87	7.97	7.54	6.35	7.08	6.98	7.36	6.41	6.26	6.07	7.03	7.83	4.39	
225.0	93.0	4.0	4.0	5.53	4.36	4.85	3.99	5.49	4.25	8.81	4.01	3.48	4.6	3.59	5.74	5.42	5.03	7.81	8.91	3.87	5.91	7.43	4.0	8.22	
226.0	53.0	12.0	12.0	5.67	4.7	3.62	4.73	5.4	7.67	4.68	4.87	7.61	7.78	5.82	3.99	4.9	5.59	7.56	7.08	3.29	4.97	7.82	4.9	3.15	
227.0	41.0	15.0	15.0	8.29	7.81	5.63	4.11	6.18	8.54	7.34	7.72	5.11	5.06	6.93	8.61	5.85	4.05	7.02	5.79	5.66	6.56	6.15	5.86	5.14	
228.0	83.0	5.0	5.0	6.02	3.25	6.81	5.82	4.16	7.94	7.73	6.07	8.37	3.33	5.97	7.73	8.97	5.66	3.79	6.93	8.07	6.67	8.84	8.65	8.01	
229.0	85.0	3.0	3.0	4.48	8.24	5.26	6.06	4.1	5.95	8.87	8.81	7.07	4.81	3.21	4.38	7.2	3.54	5.48	3.59	6.18	7.61	5.89	8.92	8.47	
230.0	56.0	13.0	13.0	5.32	6.22	8.01	8.37	8.74	8.13	5.86	6.4	8.21	3.88	4.75	6.76	6.04	4.02	3.51	6.92	3.87	5.76	5.44	4.86	3.44	
231.0	91.0	9.0	9.0	6.82	3.78	4.71	3.9	4.97	4.25	6.81	5.58	7.29	3.84	7.06	3.93	3.5	3.54	3.83	4.96	3.68	6.79	4.86	8.04	3.76	
232.0	94.0	13.0	13.0	6.65	8.58	3.86	4.61	3.19	5.37	8.3	6.48	5.74	4.21	7.62	4.27	6.41	7.02	6.36	5.96	4.19	6.15	4.12	6.27	8.95	
233.0	97.0	9.0	9.0	3.23	8.41	5.24	7.86	3.06	7.02	3.63	5.81	3.73	6.41	5.55	6.54	5.69	8.73	4.0	6.74	4.81	3.72	3.62	3.96	7.01	
234.0	100.0	14.0	14.0	7.49	5.58	7.41	8.03	5.0	3.64	6.38	3.41	6.63	3.94	7.94	6.03	3.88	3.91	3.37	5.76	5.12	5.47	4.91	7.38	5.6	
235.0	83.0	5.0	5.0	4.71	6.32	7.12	6.69	5.55	3.25	7.44	8.39	3.24	8.96	5.71	5.52	3.3	7.07	8.23	3.07	7.9	6.12	5.95	7.83	4.03	
236.0	86.0	15.0	15.0	8.31	6.02	4.66	3.06	8.72	8.63	3.69	5.93	5.92	5.8	6.92	5.77	4.05	8.35	7.72	3.83	5.83	3.14	8.66	7.49	7.29	
237.0	89.0	14.0	14.0	4.46	5.84	7.59	8.01	5.51	5.31	7.17	6.94	4.39	3.87	8.08	4.13	7.53	5.6	4.06	4.28	4.23	7.28	5.6	4.7	6.71	
238.0	92.0	10.0	10.0	5.97	4.43	8.25	4.55	6.63	7.0	5.65	7.77	7.93	6.7	3.52	7.3	6.46	8.48	3.76	4.17	7.79	6.02	8.25	5.01	3.71	
239.0	95.0	8.0	8.0	3.82	5.36	7.6	7.5	7.59	7.38	7.62	4.7	7.27	3.44	4.54	3.5	8.58	4.32	7.97	8.13	5.27	4.24	5.09	8.32	4.51	
240.0	98.0	15.0	15.0	7.24	3.59	5.27	5.8	6.42	5.45	7.07	7.3	6.41	7.96	7.87	4.5	6.15	3.02	7.65	8.13	8.3	6.33	7.73	8.59	5.25	
241.0	15.0	11.0	11.0	5.29	3.02	8.4	3.59	8.83	8.14	8.97	8.52	5.52	5.33	7.66	8.35	8.65	6.31	4.2	4.18	7.56	7.65	6.74	8.82	4.61	
242.0	84.0	12.0	12.0	7.58	7.57	5.83	8.44	4.59	4.52	3.49	4.09	7.98	5.18	3.37	6.93	5.6	8.04	4.61	4.48	4.33	3.13	8.34	6.95	4.31	
243.0	87.0	5.0	5.0	5.7	5.45	8.39	4.87	7.36	3.56	3.51	8.3	8.28	7.91	6.62	3.16	3.54	3.91	6.61	8.4	6.42	4.07	4.31	4.78	6.38	
244.0	90.0	4.0	4.0	8.4	5.13	7.72	7.21	3.68	3.06	6.16	4.66	6.4	6.37	3.05	8.22	6.24	3.24	6.39	4.13	6.05	5.29	8.02	3.94	7.23	
245.0	93.0	4.0	4.0	8.26	4.41	7.52	4.36	5.31	8.34	4.62	3.7	4.34	6.94	4.8	6.27	6.6	4.11	5.91	6.27	6.63	8.08	6.33	7.3	8.19	
246.0	97.0	9.0	9.0	4.07	7.77	8.12	7.52	8.65	7.55	4.02	4.91	6.48	5.19	3.89	5.44	6.58	5.18	3.07	3.89	3.18	7.82	3.18	8.75	8.43	
247.0	38.0	5.0	5.0	3.59	8.95	4.76	6.0	6.13	8.72	8.18	4.17	7.93	5.98	6.71	8.37	3.13	5.92	7.6	7.49	3.19	3.04	8.78	8.4	3.77	
248.0	82.0	6.0	6.0	6.3	7.7	4.79	8.74	3.06	5.67	3.56	6.1	3.24	7.78	3.89	7.47	5.21	4.72	5.24	4.7	6.79	5.7	4.45	5.24	5.64	
249.0	87.0	5.0	5.0	7.34	4.01	7.19	6.4	3.82	8.2	4.68	3.75	3.91	8.45	3.04	4.42	5.1	6.2	6.93	7.44	8.66	6.13	8.26	8.52	6.48	
250.0	88.0	4.0	4.0	4.75	7.23	7.51	8.45	5.93	6.27	5.35	6.83	8.36	8.84	4.53	3.32	5.3	8.79	3.36	6.33	4.22	8.36	6.85	3.48	8.56	
251.0	91.0	9.0	9.0	3.38	5.96	6.48	7.34	7.92	7.64	4.83	7.39	3.19	7.15	8.23	4.58	8.52	3.43	4.18	4.61	6.8	5.47	7.21	7.98	4.32	
252.0	17.0	11.0	11.0	5.96	5.75	7.64	4.55	8.39	3.37	5.28	5.52	8.77	4.93	6.16	5.59	7.72	6.61	6.87	6.56	4.98	4.34	7.84	3.06	8.67	
253.0	97.0	9.0	9.0	3.44	4.19	7.96	4.48	6.37	7.47	6.83	7.14	7.5	4.46	8.56	3.54	7.74	7.28	3.86	4.22	3.23	6.17	7.34	5.92	3.28	
254.0	100.0	14.0	14.0	6.55	8.14	8.23	6.83	5.71	6.53	3.98	8.69	4.25	5.17	3.35	3.34	3.92	5.12	7.74	5.34	5.7	3.73	6.27	7.76	3.12	
255.0	85.0	3.0	3.0	7.14	5.26	6.47	4.02	6.49	7.39	8.53	4.96	5.97	4.74	4.38	8.36	8.34	4.53	5.12	4.67	3.29	3.18	7.62	5.88	4.94	
256.0	86.0	15.0	15.0	3.25	3.02	8.39	3.62	4.45	8.87	8.12	8.6	3.62	4.26	6.25	4.78	3.7	3.02	7.02	7.87	5.37	4.33	6.89	5.58	7.45	
257.0	89.0	14.0	14.0	6.95	7.43	7.3	7.63	8.43	3.35	4.64	5.86	6.44	7.18	5.86	6.74	8.76	5.64	3.43	7.16	4.26	5.92	5.86	6.16	4.72	
258.0	92.0	10.0	10.0	5.0	6.58	5.18	8.9	3.5	6.04	4.52	5.45	8.63	3.64	7.85	7.76	7.53	3.75	6.51	5.07	6.91	5.09	3.43	7.97	7.98	
259.0	95.0	8.0	8.0	4.06	8.11	6.0	8.34	5.31	3.85	7.07	7.36	8.26	8.77	6.42	4.22	3.89	5.57	8.23	5.57	3.13	8.03	8.9	5.01	5.29	
260.0	98.0	15.0	15.0	8.24	7.26	7.9	6.71	8.0	6.77	3.28	4.61	8.01	6.04	3.72	4.2	7.29	5.93	8.27	4.37	8.2	7.4	7.88	3.05	5.21	
261.0	82.0	6.0	6.0	7.65	3.12	4.74	5.21	5.33	5.65	6.64	8.24	7.24	7.62	6.62	4.47	3.07	5.77	8.96	4.25	6.61	4.77	6.68	6.64	5.98	
262.0	62.0	7.0	7.0	5.29	8.94	3.77	7.1	8.69	6.13	8.15	4.29	8.51	3.28	7.26	8.31	8.33	5.98	5.62	4.44	4.26	4.05	3.51	8.93	4.5	
263.0	79.0	7.0	7.0	6.92	4.32	5.55	6.26	8.48	7.97	3.37	4.05	7.35	4.85	8.63	7.45	3.32	4.33	4.33	4.66	7.45	8.29	8.31	8.32	5.24	
264.0	90.0	4.0	4.0	5.76	8.85	8.88	8.8	6.69	5.08	5.66	5.88	8.33	6.61	6.25	4.58	5.88	7.56	8.44	8.57	5.26	6.85	6.64	7.94	8.184955712669723	
265.0	95.0	8.0	8.0	7.32	5.05	5.29	4.91	8.66	3.65	4.45	4.62	4.42	6.77	5.58	7.54	4.62	7.44	5.7	5.55	5.82	7.36	3.08	7.24	7.29	
266.0	96.0	15.0	15.0	3.09	3.49	7.0	7.68	8.13	4.31	3.68	8.34	3.18	4.38	5.89	7.97	3.08	6.58	4.45	7.92	8.67	5.77	8.96	7.55	4.64	
267.0	99.0	12.0	12.0	7.86	3.27	5.38	3.42	6.48	3.03	6.22	5.79	3.95	3.06	3.95	4.38	6.27	8.9	3.81	8.53	3.31	6.16	4.29	8.81	5.86	
268.0	71.0	11.0	11.0	4.8	8.24	7.93	7.51	5.46	7.91	7.42	7.74	8.64	5.99	8.16	7.05	6.66	4.99	8.88	3.57	4.86	7.78	4.04	6.31	4.78	
269.0	76.0	6.0	6.0	3.55	5.77	6.26	4.88	8.23	7.52	7.67	6.0	8.12	5.22	7.51	6.63	8.94	4.33	5.0	4.6	5.2	4.16	8.73	7.65	6.09	
270.0	88.0	4.0	4.0	8.93	7.36	4.39	3.61	7.0	6.11	4.94	4.37	8.3	5.31	7.51	3.11	5.16	8.26	3.09	4.76	3.94	4.86	8.4	7.55	3.26	
271.0	91.0	9.0	9.0	4.81	4.03	8.7	5.24	8.68	8.32	5.36	8.34	8.62	7.65	4.62	5.04	8.47	8.48	6.39	4.93	5.47	7.46	3.58	4.59	6.9	
272.0	95.0	8.0	8.0	6.0	8.25	7.43	5.76	4.95	3.08	3.14	7.7	7.46	7.19	5.31	5.15	3.6	7.81	3.21	5.59	7.56	5.62	4.39	8.62	5.91	
273.0	64.0	4.0	4.0	4.32	3.46	3.93	5.0	3.09	4.49	4.42	3.71	6.83	3.99	4.55	3.18	3.99	4.82	7.73	6.82	3.5	8.86	7.27	3.7	5.29	
274.0	76.0	6.0	6.0	5.38	6.63	4.12	3.64	7.04	5.96	5.45	3.43	3.18	8.0	6.58	3.19	7.57	6.97	5.21	6.36	5.27	6.47	8.68	5.9	4.91	
275.0	84.0	12.0	12.0	3.98	4.17	7.67	8.62	3.7	8.08	7.73	7.22	6.13	4.62	6.22	3.23	8.42	3.22	8.49	3.17	5.49	3.41	4.75	3.83	4.05	
276.0	86.0	15.0	15.0	4.18	7.63	7.52	5.04	5.09	7.7	5.53	7.44	5.78	4.37	5.04	7.13	3.35	5.48	8.56	3.03	5.4	8.68	3.21	5.1	8.79	
277.0	36.0	15.0	15.0	4.72	4.07	5.18	6.45	5.67	5.41	5.27	3.33	6.38	4.07	8.01	4.07	7.95	5.59	7.12	5.46	4.01	3.66	5.48	3.83	5.15	
278.0	93.0	4.0	4.0	5.52	6.26	7.21	7.17	4.8	4.43	3.55	6.1	3.59	6.5	4.42	8.38	8.44	4.06	6.62	6.43	5.14	7.68	4.08	7.65	7.04	
279.0	95.0	8.0	8.0	6.54	5.25	4.48	5.23	7.87	3.76	5.98	7.28	5.14	4.83	7.5	4.15	3.34	3.36	5.91	8.4	5.36	5.53	6.01	3.68	7.15	
280.0	62.0	7.0	7.0	3.47	6.93	4.0	7.95	3.51	8.76	3.8	4.47	6.18	6.02	8.78	3.84	6.7	7.21	7.28	3.22	7.82	8.8	7.9	4.53	7.35	
281.0	82.0	6.0	6.0	7.04	9.0	8.02	7.14	4.18	5.59	3.31	5.75	7.35	4.11	4.31	4.21	7.37	6.4	6.35	5.6	8.74	5.42	8.25	5.05	4.33	
282.0	72.0	11.0	11.0	3.86	8.39	8.5	7.07	7.46	3.9	6.58	7.22	7.65	8.27	8.39	4.85	3.36	7.84	8.24	3.36	8.8	7.02	5.02	7.33	8.71	
283.0	87.0	5.0	5.0	6.75	6.69	7.27	4.56	8.77	6.54	8.4	3.03	4.8	5.47	7.73	8.29	6.86	5.69	4.09	8.66	6.97	4.8	3.33	3.98	5.93	
284.0	90.0	4.0	4.0	4.74	4.12	3.51	4.79	5.71	3.53	8.58	5.1	3.52	8.14	7.17	8.74	4.41	4.96	7.08	3.48	7.44	3.8	7.96	7.58	8.16	
285.0	60.0	3.0	3.0	4.79	6.63	3.04	7.09	3.47	6.81	3.98	7.66	5.66	6.86	6.95	7.63	6.31	8.76	8.67	3.48	4.68	7.14	5.38	5.57	3.8	
286.0	96.0	15.0	15.0	4.81	6.86	8.54	8.24	8.49	3.28	3.65	5.99	5.67	3.32	3.16	5.26	6.95	8.24	6.61	5.19	6.93	7.42	4.93	4.48	4.86	
287.0	66.0	12.0	12.0	4.6	6.14	5.65	6.24	8.96	7.12	6.66	6.31	5.44	7.53	5.22	4.55	7.79	4.81	5.83	7.4	6.59	6.32	5.84	8.55	8.9	
288.0	83.0	5.0	5.0	7.91	5.78	3.43	3.14	7.58	5.54	5.21	6.73	7.56	6.93	8.47	5.09	3.99	5.47	7.6	3.17	8.45	4.88	3.61	3.94	7.75	
289.0	70.0	11.0	11.0	3.69	8.36	7.7	6.56	7.95	4.48	3.53	6.96	7.33	5.23	4.98	5.48	6.07	3.59	8.92	6.67	4.41	3.94	6.74	4.02	5.45	
290.0	69.0	12.0	12.0	4.08	8.93	4.11	5.73	5.44	7.9	5.1	7.53	7.6	4.86	5.41	8.63	5.22	3.42	5.76	3.34	7.89	4.24	7.78	8.67	5.95	
291.0	93.0	4.0	4.0	4.0	5.92	8.98	5.81	8.82	8.38	8.77	5.84	5.72	6.02	7.53	6.9	4.39	8.97	8.1	3.26	5.55	8.94	4.5	5.92	4.6	
292.0	80.0	3.0	3.0	5.96	8.86	8.51	8.64	6.47	6.53	8.82	6.29	3.53	5.67	4.56	7.45	3.59	5.43	5.28	3.12	4.11	8.1	4.68	5.49	4.47	
293.0	66.0	12.0	12.0	6.72	6.23	5.07	6.43	8.76	4.82	8.41	7.89	4.29	6.01	5.57	6.08	3.88	4.93	6.28	4.24	4.3	7.11	4.33	3.23	6.03	
294.0	100.0	14.0	14.0	6.37	7.93	7.49	3.59	6.75	5.86	8.17	6.56	6.55	3.6	4.59	3.91	5.87	5.98	5.02	6.1	5.09	5.52	7.68	7.07	8.02	
295.0	84.0	12.0	12.0	5.36	4.06	3.34	8.85	8.49	3.67	6.24	5.24	5.32	5.04	8.24	3.0	4.75	8.79	5.89	5.78	4.61	6.69	3.6	8.24	8.0	
296.0	86.0	15.0	15.0	7.64	3.26	4.5	3.33	3.34	7.24	5.43	4.85	8.98	5.0	6.07	5.57	6.94	3.14	3.63	7.55	3.85	8.93	8.63	5.52	5.24	
297.0	89.0	14.0	14.0	7.86	5.9	4.87	5.53	4.93	8.51	3.54	6.23	8.19	3.1	8.49	3.92	8.49	4.4	5.28	4.09	7.72	3.85	4.33	7.0	6.12	
298.0	20.0	4.0	4.0	4.12	6.83	8.19	5.41	8.7	7.13	5.58	5.93	6.53	7.06	4.25	3.79	6.2	4.0	4.5	3.22	3.64	8.36	3.54	8.44	3.73	
299.0	42.0	4.0	4.0	7.06	5.71	5.19	9.0	8.32	6.41	7.19	4.06	7.18	5.94	5.56	5.79	7.69	3.57	7.44	5.55	7.36	6.25	4.45	3.37	3.3	
300.0	73.0	13.0	13.0	7.03	8.48	5.53	4.85	4.49	6.29	8.61	7.72	3.87	3.71	5.94	7.86	8.19	3.74	5.27	6.7	6.86	6.4	6.17	4.52	3.03	
301.0	81.0	3.0	3.0	7.51	4.97	6.44	3.68	8.27	3.6	3.77	7.59	8.54	5.94	5.32	4.28	5.44	5.01	6.68	4.63	3.84	6.43	6.51	6.32	7.9	
302.0	65.0	11.0	11.0	7.21	6.58	3.43	4.83	4.81	5.02	3.78	8.02	3.18	8.3	6.04	4.59	3.83	4.36	8.72	5.82	3.09	6.95	7.61	6.13	5.84	
303.0	87.0	5.0	5.0	5.63	4.75	7.69	4.76	6.76	5.79	7.61	8.5	8.7	6.84	3.73	5.38	5.27	3.27	6.24	7.02	7.05	5.02	5.32	3.27	6.28	
304.0	90.0	4.0	4.0	3.36	8.16	6.21	7.73	6.72	8.12	8.84	5.71	7.88	3.26	8.86	3.2	4.26	6.42	8.76	3.69	4.39	6.7	5.3	3.51	4.7	
305.0	37.0	5.0	5.0	8.33	6.41	5.76	4.58	7.18	6.66	4.12	7.85	4.87	3.39	7.93	3.29	5.65	5.61	5.15	6.86	7.11	4.37	3.37	7.22	5.84	
306.0	96.0	15.0	15.0	4.81	8.4	6.54	3.64	8.49	7.79	8.43	7.48	6.85	3.84	5.72	8.98	7.34	4.55	7.48	7.67	7.82	8.08	8.29	5.02	4.43	
307.0	5.0	15.0	15.0	5.51	8.71	4.42	8.54	6.46	4.52	6.87	5.63	7.08	5.07	7.25	5.21	7.32	6.11	8.82	5.0	4.31	6.09	5.83	7.28	8.62	
308.0	64.0	4.0	4.0	7.51	4.61	4.77	7.81	5.14	5.87	8.07	5.49	3.58	5.47	6.24	6.97	4.11	3.76	4.33	3.73	6.01	3.41	3.57	7.03	6.16	
309.0	73.0	13.0	13.0	4.82	8.15	4.49	7.29	6.11	3.93	5.03	7.86	6.05	7.66	3.18	8.9	8.35	6.65	3.09	4.98	5.19	8.03	3.34	6.68	7.08	
310.0	89.0	14.0	14.0	4.69	8.93	6.51	8.48	7.6	3.99	3.5	5.4	3.23	5.12	6.38	4.34	8.69	8.6	4.9	3.83	4.15	4.99	5.46	3.25	3.57	
311.0	44.0	3.0	3.0	8.3	7.18	6.46	6.73	8.93	8.89	3.8	5.65	5.07	4.73	6.33	4.39	8.55	4.1	6.69	3.9	4.93	3.3	3.72	4.17	7.51	
312.0	94.0	13.0	13.0	8.89	6.85	5.49	7.86	8.24	3.18	4.15	8.16	8.63	5.82	4.31	7.31	5.76	3.6	6.87	6.19	6.33	5.3	4.37	8.56	3.29	
313.0	97.0	9.0	9.0	7.97	5.99	6.21	6.0	5.56	3.63	4.82	4.44	5.69	7.47	7.59	5.46	4.21	5.27	3.06	7.84	5.12	5.22	4.92	3.78	3.28	
314.0	8.0	15.0	15.0	8.46	7.19	8.79	7.26	4.57	4.31	7.7	4.61	5.03	4.83	8.63	5.96	6.09	3.99	6.16	7.67	8.44	3.65	3.46	7.25	6.81	
315.0	51.0	2.0	2.0	6.62	7.49	8.55	4.17	8.93	8.64	3.43	3.27	8.81	5.78	6.76	5.5	7.25	7.06	5.17	5.19	5.28	8.23	7.54	3.06	7.97	
316.0	87.0	5.0	5.0	3.69	4.16	7.28	3.42	3.16	4.9	6.27	3.18	6.84	4.54	8.68	5.73	6.8	5.51	4.79	6.36	4.5	4.13	3.43	3.86	4.25	
317.0	49.0	12.0	12.0	7.03	4.29	8.74	7.71	8.63	6.05	4.91	8.55	6.11	5.33	7.26	4.21	5.72	5.41	4.98	6.52	8.09	8.42	6.03	5.04	7.73	
318.0	46.0	14.0	14.0	8.4	3.71	6.72	8.22	5.65	8.99	7.51	3.94	6.75	8.38	7.62	5.69	3.97	5.71	5.44	6.05	4.22	4.1	4.29	7.82	6.05	
319.0	42.0	4.0	4.0	3.07	4.38	3.23	4.2	3.11	7.77	4.22	7.85	4.05	4.78	4.58	5.25	5.38	4.31	8.37	7.83	6.2	5.93	6.95	8.16	5.33	
320.0	44.0	3.0	3.0	8.92	5.91	4.48	8.79	7.98	5.67	5.89	3.17	7.71	5.69	6.95	7.25	7.98	7.47	8.76	4.69	8.67	7.9	6.9	8.44	5.880121658070477	
321.0	83.0	5.0	5.0	5.4	4.19	8.37	7.87	8.82	5.01	6.95	4.83	6.11	4.6	6.59	4.79	7.55	5.58	8.4	5.78	6.27	7.87	4.6	3.16	8.63	
322.0	58.0	11.0	11.0	4.75	5.23	4.55	8.33	3.45	7.83	8.14	3.04	5.15	6.63	6.74	7.41	5.73	4.6	5.14	6.97	3.62	8.51	6.86	8.78	7.39	
323.0	88.0	4.0	4.0	8.67	6.62	5.07	7.48	6.42	3.56	4.83	7.71	3.39	5.4	3.91	8.45	4.47	6.27	5.61	6.29	3.76	4.31	5.53	7.28	7.55	
324.0	91.0	9.0	9.0	6.66	5.36	4.3	8.55	8.37	5.65	4.44	6.69	8.28	4.9	5.48	6.0	6.34	7.97	4.0	4.22	6.63	5.52	6.36	3.61	3.8	
325.0	11.0	4.0	4.0	7.85	3.84	6.04	5.25	3.58	4.45	8.78	7.04	8.88	5.93	6.39	6.6	5.74	8.26	8.23	6.78	5.02	6.73	6.77	6.9	3.3	
326.0	77.0	8.0	8.0	7.73	8.82	8.43	3.66	6.68	7.51	6.04	7.37	7.07	3.93	8.81	6.59	4.37	8.18	5.2	7.61	6.92	8.97	4.48	6.84	8.17	
327.0	65.0	11.0	11.0	7.7	7.27	3.15	8.7	6.3	5.1	8.21	6.81	4.13	3.55	8.84	4.85	7.9	7.04	5.37	8.9	4.81	8.91	6.41	7.39	5.11	
328.0	84.0	12.0	12.0	3.61	3.07	4.57	6.08	3.79	5.75	7.15	8.98	7.61	4.71	5.08	7.78	6.94	5.1	3.67	8.44	5.82	7.86	8.21	5.69	5.72	
329.0	85.0	3.0	3.0	8.64	3.81	4.73	3.9	5.49	4.03	3.83	6.97	4.85	8.97	3.33	3.33	8.63	4.35	8.91	5.81	4.21	7.37	8.4	7.82	8.49	
330.0	66.0	12.0	12.0	7.24	3.37	3.49	3.67	3.65	4.21	5.25	5.3	7.33	6.23	7.46	6.55	4.54	3.72	6.7	4.34	8.18	4.23	4.84	5.39	4.86	
331.0	59.0	9.0	9.0	4.4	6.44	4.5	8.23	7.48	7.43	8.02	7.85	5.17	3.41	3.96	3.0	5.95	6.7	6.46	7.18	3.37	5.6	5.76	5.36	5.84	
332.0	43.0	13.0	13.0	7.95	5.73	7.66	7.95	5.83	6.38	3.48	5.35	8.45	8.65	5.97	6.44	7.18	6.29	6.97	3.13	6.87	3.52	6.56	7.99	5.65	
333.0	73.0	13.0	13.0	3.08	8.18	7.23	8.16	4.08	6.72	8.24	8.66	6.7	7.66	3.2	7.55	8.33	6.52	7.58	7.44	8.13	6.5	4.82	5.31	8.41	
334.0	100.0	14.0	14.0	7.99	4.54	3.1	7.95	6.25	3.26	4.08	4.67	4.62	7.27	4.8	3.65	8.24	4.87	8.96	4.29	7.21	4.79	7.18	7.85	7.9	
335.0	83.0	5.0	5.0	7.9	4.42	4.44	3.32	4.44	6.29	8.73	6.36	7.07	4.04	3.86	5.27	4.58	7.05	7.01	4.47	3.67	6.15	8.59	4.85	3.71	
336.0	66.0	12.0	12.0	3.22	5.2	4.16	7.49	4.96	5.72	6.66	7.14	5.72	3.98	8.18	8.42	8.58	6.09	4.56	7.19	7.55	7.22	4.1	3.4	6.35	
337.0	94.0	13.0	13.0	4.85	8.07	6.32	8.97	6.7	6.55	8.08	4.8	4.98	7.9	8.62	3.26	4.18	3.25	4.39	5.09	7.34	4.13	4.51	8.53	3.5	
338.0	78.0	8.0	8.0	6.26	4.2	4.0	7.68	3.78	5.42	6.4	6.5	3.24	7.6	6.75	8.96	4.6	3.61	8.36	4.04	4.79	3.47	4.52	6.61	6.18	
339.0	94.0	13.0	13.0	3.79	6.27	7.23	7.9	5.4	7.77	3.17	5.08	6.04	3.58	5.77	7.68	7.73	5.52	3.37	3.74	6.8	4.97	5.31	5.32	6.26	
340.0	100.0	14.0	14.0	7.8	4.63	7.41	6.74	5.8	4.08	7.79	6.54	7.59	6.27	4.77	5.85	3.69	3.77	6.49	5.99	5.26	8.26	7.78	8.35	8.03	
341.0	21.0	9.0	9.0	6.61	8.18	7.0	3.38	8.9	7.72	3.53	3.33	7.62	6.38	4.85	7.05	8.69	7.57	3.88	8.14	3.63	4.56	5.8	8.4	4.98	
342.0	71.0	11.0	11.0	7.2	5.24	8.33	3.91	6.2	3.64	4.8	7.91	7.15	5.64	6.6	7.05	8.64	6.94	5.81	4.51	8.15	5.85	4.55	4.5	5.55	
343.0	65.0	11.0	11.0	6.7	5.88	5.1	7.98	6.03	7.45	7.2	5.16	3.51	8.05	8.0	7.02	7.94	4.16	6.77	4.56	5.61	3.26	7.3	3.42	8.81	
344.0	90.0	4.0	4.0	3.01	8.0	8.31	8.77	4.18	3.26	6.54	7.09	6.88	7.06	4.65	5.7	7.0	6.35	4.68	5.57	5.45	6.01	4.92	3.69	5.39	
345.0	68.0	5.0	5.0	4.35	5.37	6.28	3.87	3.86	8.99	8.63	7.19	4.82	3.68	3.83	7.74	5.36	7.12	7.66	7.56	7.86	7.07	3.61	4.5	6.5	
346.0	63.0	15.0	15.0	5.97	5.8	7.38	7.52	8.69	8.77	3.21	5.0	4.99	7.4	4.27	5.87	8.06	4.46	5.88	3.44	8.77	8.38	7.32	8.99	5.16	
347.0	79.0	7.0	7.0	3.74	8.89	7.06	4.55	3.14	3.93	5.68	4.15	5.68	4.76	3.33	3.62	8.62	7.67	3.22	7.08	6.68	3.55	4.22	3.98	8.44	
348.0	56.0	13.0	13.0	5.22	3.73	6.17	8.56	7.6	5.64	6.29	3.77	5.76	5.05	8.11	7.42	7.98	8.04	7.6	4.56	8.57	4.97	7.44	3.54	4.11	
349.0	22.0	6.0	6.0	7.8	6.13	7.67	3.29	5.59	8.09	4.36	3.23	8.48	8.71	7.09	4.17	3.24	4.8	6.6	5.47	8.19	3.07	6.63	4.27	5.93	
350.0	70.0	11.0	11.0	4.03	8.26	5.44	5.82	5.81	3.51	8.94	8.54	6.67	5.76	4.73	8.5	6.96	5.15	8.62	7.89	6.61	7.69	7.48	7.82	4.95	
351.0	91.0	9.0	9.0	5.14	3.78	5.52	6.11	6.25	7.8	7.6	4.32	7.9	5.66	5.83	6.13	4.51	5.2	7.42	6.33	8.61	5.5	3.54	4.63	5.08	
352.0	49.0	12.0	12.0	4.48	8.82	6.51	5.64	5.5	6.28	5.5	5.26	6.72	8.93	5.28	4.33	8.53	4.15	4.66	8.27	7.6	6.7	5.31	5.31	6.83	
353.0	97.0	9.0	9.0	4.5	6.05	5.48	7.91	6.08	8.26	4.84	6.57	8.32	8.78	6.35	5.99	5.54	4.29	5.5	4.59	4.81	4.12	8.86	7.69	8.02	
354.0	81.0	3.0	3.0	8.05	3.5	4.18	7.53	5.98	3.76	4.88	3.88	7.29	6.47	5.01	8.22	8.12	3.66	7.5	6.08	5.05	8.27	3.16	7.29	8.22	
355.0	84.0	12.0	12.0	8.24	3.48	6.08	6.05	4.65	7.07	5.47	4.61	7.33	5.35	4.8	5.69	4.6	8.41	3.82	8.08	3.23	3.78	4.61	5.99	7.66	
356.0	87.0	5.0	5.0	8.59	7.08	4.56	6.56	4.51	8.8	4.7	6.61	8.01	8.56	6.14	5.55	4.13	6.77	6.53	8.91	5.43	3.18	4.69	6.89	6.61	
357.0	48.0	13.0	13.0	6.11	6.35	3.26	3.78	5.48	4.52	3.64	3.61	6.75	5.54	8.56	5.45	5.71	5.47	8.47	8.02	8.04	8.3	5.28	4.39	5.79	
358.0	63.0	15.0	15.0	3.72	3.97	3.4	7.98	7.65	6.91	3.07	8.25	4.19	8.17	7.78	3.77	5.52	4.63	6.02	4.36	4.53	3.1	3.37	4.24	7.44	
359.0	95.0	8.0	8.0	4.85	4.2	3.24	5.4	5.26	8.72	5.87	6.76	3.08	8.8	4.87	5.13	5.09	4.38	4.97	6.9	7.89	5.71	3.75	4.46	8.28	
360.0	98.0	15.0	15.0	8.12	6.4	8.39	8.24	5.21	3.25	4.68	3.41	4.56	4.69	5.69	7.75	3.07	6.61	8.13	8.1	4.75	7.35	7.3	7.88	3.63	
361.0	57.0	14.0	14.0	6.75	6.72	6.53	8.28	6.12	7.34	7.93	6.78	7.71	6.06	3.03	4.19	6.56	7.38	6.72	3.2	7.25	4.46	3.83	4.96	5.87	
362.0	80.0	3.0	3.0	6.9	7.13	7.66	4.72	8.34	4.27	5.25	3.57	3.81	6.86	6.67	7.38	4.46	4.19	5.49	3.04	7.7	5.63	8.58	6.8	4.94	
363.0	88.0	4.0	4.0	6.1	6.42	4.66	5.71	7.37	4.16	8.8	4.19	3.58	6.52	3.05	3.84	8.45	5.77	4.38	5.28	3.71	3.65	7.71	3.77	8.85	
364.0	54.0	10.0	10.0	6.88	6.49	7.09	8.38	3.1	5.36	8.76	5.1	6.66	4.86	8.78	5.44	4.59	8.07	6.6	4.5	7.42	6.8	3.57	7.4	5.95	
365.0	75.0	8.0	8.0	4.06	6.76	4.27	7.59	5.55	3.02	5.18	4.02	6.71	5.36	6.43	6.95	8.47	3.46	7.23	4.41	5.98	8.32	4.81	8.05	3.53	
366.0	31.0	8.0	8.0	3.68	7.13	7.92	5.72	5.26	6.58	8.8	5.93	4.28	6.55	6.22	4.24	6.53	8.53	4.94	7.69	6.92	5.82	4.51	7.18	8.66	
367.0	72.0	11.0	11.0	4.64	6.6	7.01	5.42	6.27	7.41	3.98	6.79	5.07	3.24	8.44	3.88	7.04	8.21	7.65	4.17	4.39	4.71	4.68	3.49	3.78	
368.0	83.0	5.0	5.0	5.24	6.8	8.39	4.42	3.47	7.66	4.18	5.04	4.25	5.24	3.68	3.59	5.06	7.55	3.38	7.34	4.39	3.48	7.62	7.47	5.84	
369.0	43.0	13.0	13.0	3.72	3.14	5.94	4.74	8.07	3.15	6.15	6.94	3.47	3.12	8.82	7.06	4.33	4.27	6.89	8.68	4.09	7.15	6.77	5.83	8.2	
370.0	22.0	6.0	6.0	3.64	3.52	7.9	4.93	6.72	7.46	5.97	8.25	8.17	3.58	5.78	8.26	3.66	6.9	4.86	5.03	4.65	4.32	3.71	4.67	7.81	
371.0	91.0	9.0	9.0	5.29	6.64	6.17	7.67	4.66	3.11	4.6	5.91	4.95	4.9	7.35	8.78	8.79	4.84	3.06	8.21	6.45	6.15	4.26	6.64	8.67	
372.0	94.0	13.0	13.0	6.11	4.43	6.18	7.45	3.04	4.39	6.65	8.19	3.32	4.92	8.64	3.66	6.53	3.18	5.36	4.95	7.53	4.56	3.82	5.48	7.19	
373.0	35.0	10.0	10.0	6.49	6.54	6.14	3.48	6.4	5.74	3.02	7.85	8.61	4.1	8.06	8.0	8.87	3.9	6.17	7.05	4.74	8.39	4.55	8.64	5.15	
374.0	52.0	4.0	4.0	3.14	3.77	7.41	6.07	5.33	8.63	5.69	4.31	5.09	5.89	8.07	5.71	6.28	7.04	8.19	4.59	3.77	5.48	3.25	8.66	4.71	
375.0	28.0	8.0	8.0	5.85	8.26	3.72	8.95	3.95	3.21	8.9	3.13	3.12	6.93	5.46	5.78	8.24	3.84	5.21	4.33	4.53	7.34	4.6	6.12	4.78	
376.0	60.0	3.0	3.0	7.15	3.26	8.12	5.41	7.8	7.65	5.47	5.18	3.4	5.07	6.08	3.58	3.27	3.14	8.83	7.1	3.46	8.43	3.43	8.75	5.67	
377.0	90.0	4.0	4.0	3.78	4.15	6.66	6.21	8.58	6.31	5.7	3.86	8.56	5.45	3.5	8.97	4.66	7.04	7.89	7.67	7.97	5.41	5.69	3.61	3.49	
378.0	93.0	4.0	4.0	8.36	8.25	3.93	5.95	6.06	8.15	6.44	3.44	4.91	7.15	5.92	6.83	8.38	3.53	3.26	4.35	5.53	8.72	5.47	3.82	6.91	
379.0	53.0	12.0	12.0	7.79	4.83	8.44	5.19	5.75	7.59	6.75	6.02	7.26	4.61	3.5	4.56	5.56	6.1	4.19	3.36	8.97	8.07	6.38	6.93	7.93	
380.0	52.0	4.0	4.0	4.59	4.21	5.21	7.64	4.51	7.03	5.95	4.64	8.09	8.12	8.02	7.5	5.87	8.89	3.02	6.6	3.51	5.05	4.33	3.4	5.08	
381.0	51.0	2.0	2.0	3.29	7.26	6.19	7.74	5.55	5.62	5.29	3.87	4.02	4.24	4.55	5.64	3.17	3.15	5.62	6.6	7.07	5.2	5.14	4.22	7.89	
382.0	60.0	3.0	3.0	3.36	5.37	7.83	3.24	4.59	4.1	6.87	5.81	8.43	7.86	7.14	7.89	6.48	6.52	8.69	7.01	8.48	5.23	5.34	4.94	4.39	
383.0	66.0	12.0	12.0	8.15	3.8	8.78	4.68	6.24	5.65	7.88	7.57	4.49	8.06	5.64	7.54	8.54	4.65	7.4	4.78	5.33	3.27	8.43	3.55	4.83	
384.0	91.0	9.0	9.0	8.51	3.11	5.33	8.89	5.73	4.74	6.17	5.23	7.15	8.81	5.99	7.91	6.38	4.78	6.62	7.4	6.77	6.91	7.06	6.41	6.72	
385.0	41.0	15.0	15.0	3.21	6.21	3.28	4.56	3.26	6.46	4.37	6.17	6.31	5.23	5.61	5.21	6.04	4.65	6.29	4.85	4.92	5.21	6.45	3.85	5.48	
386.0	54.0	10.0	10.0	7.57	4.21	7.2	7.32	5.04	6.82	7.65	6.98	7.77	8.91	5.98	3.47	8.02	4.08	3.69	5.45	7.13	8.72	4.37	5.78	3.19	
387.0	99.0	12.0	12.0	4.78	3.49	5.12	4.97	8.77	5.34	7.7	6.64	6.48	5.41	6.0	8.63	8.27	8.64	3.92	3.35	5.99	8.32	3.77	3.33	6.86	
388.0	35.0	10.0	10.0	4.19	5.81	3.3	3.3	4.68	4.85	7.39	4.31	6.16	5.58	6.35	7.18	4.48	3.26	7.71	7.13	4.18	3.63	4.35	3.34	5.1	
389.0	45.0	5.0	5.0	3.81	4.88	8.05	3.44	8.94	3.89	5.47	4.02	6.8	6.98	8.69	8.54	3.35	5.18	7.53	7.13	7.2	8.05	4.73	7.86	4.5	
390.0	88.0	4.0	4.0	4.59	7.5	3.66	4.38	6.81	8.79	3.39	6.25	6.58	8.09	3.22	4.62	7.85	8.88	6.16	5.53	8.56	6.61	5.88	5.66	3.81	
391.0	42.0	4.0	4.0	3.66	4.86	6.4	6.59	8.45	5.33	8.8	4.2	3.24	5.9	3.59	8.79	4.15	4.14	7.76	7.16	4.58	6.93	8.48	7.08	4.88	
392.0	33.0	14.0	14.0	7.94	7.75	5.25	7.4	5.44	5.95	7.81	7.71	8.12	7.26	7.97	4.8	5.39	8.3	4.66	5.82	4.22	5.13	6.15	5.79	7.01	
393.0	57.0	14.0	14.0	5.79	4.68	4.19	4.75	4.47	4.12	6.13	5.25	4.5	4.24	4.38	6.45	6.67	6.84	5.29	6.82	4.66	5.47	4.71	4.63	3.95	
394.0	74.0	1.0	1.0	6.31	3.03	4.33	8.3	6.9	3.3	8.96	8.97	8.87	7.59	8.66	5.78	7.61	6.82	4.73	3.78	5.19	6.36	8.76	6.55	7.0	
395.0	26.0	1.0	1.0	3.12	4.78	8.25	4.0	7.63	3.71	7.07	5.01	7.82	8.94	7.04	5.55	6.07	8.42	3.82	8.91	3.42	8.67	7.65	6.19	3.39	
396.0	79.0	7.0	7.0	3.24	4.68	7.27	6.09	6.31	7.42	8.69	4.43	7.21	7.26	5.83	3.59	4.39	6.31	3.04	5.66	5.86	6.83	5.64	4.22	3.04	
397.0	71.0	11.0	11.0	6.97	3.65	5.43	7.39	8.99	8.88	8.4	3.1	7.78	4.31	7.27	7.05	6.78	4.54	5.71	7.15	5.08	6.88	6.34	8.18	6.27	
398.0	77.0	8.0	8.0	3.17	4.3	5.3	5.83	6.57	8.29	8.56	3.37	4.42	3.38	4.51	5.04	6.14	8.35	3.01	8.9	5.65	5.0	5.66	6.69	3.13	
399.0	95.0	8.0	8.0	7.03	6.87	6.1	7.15	5.04	6.65	3.41	7.34	7.0	6.7	6.05	7.45	8.41	5.54	5.16	4.31	4.34	4.75	6.59	5.08	6.95	
400.0	98.0	15.0	15.0	6.58	5.79	4.5	7.07	4.82	4.32	4.77	5.04	8.18	4.51	3.21	5.16	5.16	8.41	6.39	8.57	6.83	4.11	6.38	8.64	5.42	
401.0	81.0	3.0	3.0	6.48	3.05	5.23	6.4	8.41	3.1	7.17	6.12	7.44	6.44	4.48	3.16	8.39	4.57	4.21	7.93	3.16	4.9	4.98	5.38	6.17	
402.0	30.0	14.0	14.0	4.79	3.52	7.08	3.08	5.6	8.64	8.72	7.3	8.1	7.09	8.72	8.65	4.43	4.98	8.04	4.05	6.35	8.03	5.46	8.78	6.95	
403.0	87.0	5.0	5.0	7.3	3.46	6.98	6.07	3.38	8.24	7.74	8.99	5.33	5.51	7.26	6.14	8.79	5.93	4.05	6.06	3.67	4.52	5.56	4.42	8.9	
404.0	92.0	10.0	10.0	5.46	7.46	4.23	8.69	7.2	8.38	3.09	6.92	6.14	3.62	6.62	3.64	5.59	5.39	6.78	4.85	4.15	8.0	7.06	5.99	6.79	
405.0	9.0	15.0	15.0	8.48	6.66	7.41	4.03	3.51	6.23	6.08	8.82	4.58	6.41	7.12	4.64	4.64	4.79	6.09	8.2	4.5	6.65	4.2	6.0	7.66	
406.0	96.0	15.0	15.0	4.76	8.61	4.45	8.5	3.22	4.19	3.46	4.78	6.95	6.09	8.76	5.25	3.25	6.25	4.02	8.73	7.56	3.71	3.06	8.17	8.86	
407.0	30.0	14.0	14.0	4.24	4.26	6.31	8.52	3.57	3.77	8.26	3.33	3.41	4.85	3.28	7.45	6.65	7.58	3.5	4.44	8.73	4.07	8.63	6.58	8.86	
408.0	83.0	5.0	5.0	5.22	3.86	6.77	8.34	6.81	4.03	6.64	5.46	3.5	4.88	4.04	6.83	7.44	6.1	7.65	8.8	5.91	8.19	4.37	4.68	5.91	
409.0	85.0	3.0	3.0	4.44	7.45	4.23	5.87	6.75	7.91	5.12	4.69	3.89	3.11	4.38	4.03	3.31	6.16	3.93	8.5	3.61	8.56	5.48	6.17	3.39	
410.0	88.0	4.0	4.0	6.31	8.96	3.52	6.55	5.84	4.55	8.66	7.15	6.92	7.32	7.07	4.54	4.19	5.59	8.28	5.27	7.22	6.98	5.98	5.01	7.83	
411.0	93.0	4.0	4.0	8.94	5.35	3.02	6.28	6.56	5.17	8.0	7.69	4.98	5.83	4.94	8.08	5.99	6.38	4.05	3.04	8.51	8.82	6.19	4.61	3.31	
412.0	95.0	8.0	8.0	3.28	3.66	4.89	6.3	8.86	3.31	7.63	8.04	4.82	5.61	3.33	3.76	4.21	8.94	5.94	4.01	7.44	5.2	8.43	4.28	4.36	
413.0	97.0	9.0	9.0	5.51	3.75	8.9	3.56	4.82	7.87	6.92	8.91	5.03	6.24	7.98	5.11	5.7	7.35	4.71	3.31	7.25	8.0	8.89	3.29	6.88	
414.0	100.0	14.0	14.0	7.12	7.32	3.78	8.92	6.23	8.75	8.68	7.15	8.8	6.52	8.26	4.11	7.59	7.0	7.98	4.49	3.59	8.1	5.52	7.63	3.93	
415.0	83.0	5.0	5.0	5.96	7.25	4.24	3.47	7.21	6.23	5.7	8.89	7.54	8.51	8.11	8.25	5.62	3.95	5.65	8.3	7.76	4.06	7.48	8.75	3.15	
416.0	86.0	15.0	15.0	4.1	4.19	7.51	7.33	5.21	6.14	4.15	6.33	4.8	3.23	3.91	5.09	3.18	5.82	8.81	6.78	6.34	8.66	8.12	6.53	4.69	
417.0	75.0	8.0	8.0	7.59	4.88	7.36	6.6	7.26	7.2	8.67	4.88	8.24	7.66	4.61	8.17	5.75	6.12	5.57	7.44	4.43	4.09	6.5	3.44	5.55	
418.0	92.0	10.0	10.0	3.82	4.97	7.77	6.66	5.16	7.62	6.64	6.46	7.28	7.67	3.96	8.96	7.66	8.92	3.49	6.07	5.79	5.49	8.76	7.73	8.87	
419.0	97.0	9.0	9.0	6.74	8.2	4.83	4.68	8.58	3.22	3.02	7.26	7.0	4.98	8.53	7.57	4.44	7.27	4.84	3.13	3.82	3.24	3.06	7.09	6.31	
420.0	98.0	15.0	15.0	3.79	6.48	6.46	5.84	3.83	3.91	5.74	4.58	5.95	5.46	7.9	6.38	8.19	7.48	7.67	3.76	8.21	7.06	5.9	4.74	7.68	
421.0	82.0	6.0	6.0	5.5	3.15	5.97	8.4	6.32	4.67	6.61	6.59	4.05	8.73	8.55	4.65	3.7	3.97	4.04	3.48	3.44	7.99	7.79	3.17	3.73	
422.0	73.0	13.0	13.0	6.02	5.4	6.63	7.83	5.51	4.92	6.42	7.95	5.47	8.15	7.01	4.43	8.56	5.63	6.76	7.01	5.7	7.56	7.72	3.51	3.07	
423.0	88.0	4.0	4.0	7.21	7.08	7.76	7.83	5.12	6.19	7.27	3.73	3.06	4.73	5.22	7.34	5.05	5.28	8.0	6.56	3.61	4.97	3.4	5.01	4.54	
424.0	91.0	9.0	9.0	6.08	6.85	8.09	8.13	7.59	3.38	5.85	6.88	6.3	3.03	8.87	6.54	5.46	7.41	6.38	8.68	8.32	4.26	4.43	3.9	5.51	
425.0	42.0	4.0	4.0	5.98	8.13	5.97	3.59	4.67	4.9	6.38	3.79	3.21	3.64	4.6	5.27	3.61	5.19	4.08	8.17	7.85	4.3	6.57	5.51	7.96	
426.0	70.0	11.0	11.0	7.05	5.14	6.61	4.55	3.14	3.57	6.81	8.93	5.05	5.99	8.29	7.94	7.61	4.31	7.53	6.73	3.15	5.92	8.58	5.27	4.7	
427.0	38.0	5.0	5.0	3.84	3.97	4.81	3.09	6.51	5.63	6.04	8.0	5.08	7.84	4.61	6.9	5.25	6.06	4.8	4.01	3.82	4.42	6.34	5.28	5.67	
428.0	83.0	5.0	5.0	3.64	8.31	7.62	3.77	6.49	5.66	7.28	4.45	7.74	5.83	7.85	6.91	5.86	7.76	4.85	3.01	4.17	3.28	5.46	7.53	8.2	
429.0	86.0	15.0	15.0	3.4	4.8	8.95	6.63	5.43	7.29	3.81	6.81	4.85	4.71	4.59	7.08	4.96	4.07	3.14	5.24	3.1	5.35	7.35	8.58	6.22	
430.0	65.0	11.0	11.0	8.03	5.98	4.11	6.36	3.83	4.48	5.81	5.93	5.18	7.51	4.39	7.21	5.31	8.97	4.26	8.44	5.12	6.72	8.75	6.54	8.2	
431.0	47.0	15.0	15.0	4.34	6.08	7.09	6.86	4.59	6.25	3.2	6.78	4.95	5.55	5.16	6.6	8.01	7.9	7.98	8.49	4.45	5.28	7.53	5.7	8.88	
432.0	96.0	15.0	15.0	5.32	4.08	4.22	8.56	6.78	6.39	8.02	8.87	7.48	6.58	4.0	5.16	4.11	6.92	4.69	7.18	6.98	4.07	7.64	5.52	4.62	
433.0	99.0	12.0	12.0	6.16	7.38	5.22	8.69	4.53	3.31	3.56	8.38	3.5	3.38	8.23	6.51	4.55	5.63	3.82	6.81	6.86	6.59	8.46	4.67	3.5	
434.0	54.0	10.0	10.0	7.61	5.36	3.11	8.05	5.59	5.35	7.8	3.42	5.39	5.43	3.22	7.58	8.97	6.71	7.6	4.79	8.82	8.31	5.39	5.05	5.36	
435.0	85.0	3.0	3.0	8.04	7.97	3.71	3.49	6.87	8.18	5.65	4.45	7.72	5.13	6.19	3.72	4.93	4.55	7.3	5.25	3.68	4.66	8.34	6.73	3.27	
436.0	24.0	14.0	14.0	5.32	4.47	7.91	3.95	3.47	3.14	5.14	4.27	6.38	3.09	6.44	8.32	6.78	5.27	8.48	4.93	4.24	4.34	7.35	5.19	3.76	
437.0	90.0	4.0	4.0	8.3	4.74	6.09	8.7	4.83	7.92	3.2	6.84	8.73	7.82	4.52	5.79	8.4	3.41	7.92	7.08	5.38	7.52	6.57	5.88	3.56	
438.0	69.0	12.0	12.0	6.95	7.36	6.21	7.54	5.89	3.31	8.1	8.36	8.68	5.22	6.78	7.88	3.95	8.35	7.5	5.65	3.06	6.98	7.67	6.96	8.86	
439.0	39.0	14.0	14.0	7.57	6.91	6.54	8.54	8.49	8.87	8.93	4.51	8.34	4.74	6.07	7.76	6.52	8.8	5.32	3.95	4.1	8.3	6.97	5.2	8.41	
440.0	100.0	14.0	14.0	7.71	3.81	3.82	4.09	3.16	6.54	8.34	4.5	7.02	7.88	3.88	5.05	5.66	8.74	8.54	8.61	3.02	8.44	8.62	6.12	4.76	
441.0	51.0	2.0	2.0	5.4	5.69	3.16	7.04	5.54	7.0	3.38	8.07	6.56	7.58	7.92	6.72	7.38	8.14	5.55	6.49	8.7	7.88	5.9	5.04	3.47	
442.0	48.0	13.0	13.0	3.58	5.03	4.64	6.57	4.72	5.11	4.87	6.29	8.47	7.48	5.42	3.51	7.98	5.53	4.08	5.0	5.47	8.61	8.67	4.07	3.26	
443.0	61.0	12.0	12.0	4.38	3.68	3.3	8.14	3.95	6.92	8.71	7.28	5.23	7.53	6.52	5.38	6.82	8.77	6.55	8.47	8.05	7.92	3.94	6.61	7.28	
444.0	90.0	4.0	4.0	5.8	6.38	5.08	8.16	6.71	7.44	6.74	6.13	3.43	3.21	8.23	4.14	3.14	5.97	5.14	8.3	3.36	4.05	7.19	4.26	4.01	
445.0	62.0	7.0	7.0	6.42	5.23	3.47	5.49	4.51	3.67	3.19	8.5	7.17	5.76	8.89	7.14	5.85	7.46	8.4	4.04	6.3	7.38	5.54	5.58	3.05	
446.0	98.0	15.0	15.0	4.9	6.54	7.09	3.05	7.31	4.93	5.4	4.34	8.61	3.82	4.47	8.21	6.84	3.71	8.25	8.82	8.11	4.03	4.9	5.96	4.65	
447.0	100.0	14.0	14.0	6.38	7.56	7.89	8.2	3.93	4.28	8.08	3.64	6.34	4.06	4.38	3.22	7.71	6.88	8.14	3.48	6.19	4.57	5.2	7.47	8.78	
448.0	84.0	12.0	12.0	8.22	5.26	8.52	3.62	3.48	8.63	6.32	4.2	8.81	6.2	8.24	4.73	7.48	5.05	5.55	3.88	7.89	3.08	7.51	8.18	3.5	
449.0	47.0	15.0	15.0	7.36	6.23	5.05	7.97	7.74	3.31	4.97	3.85	3.01	7.51	4.67	4.69	5.08	3.69	8.56	4.64	5.43	4.58	4.36	7.47	3.91	
450.0	61.0	12.0	12.0	8.53	5.97	5.13	7.62	5.56	7.16	4.22	6.28	3.39	6.62	3.43	6.96	4.86	6.53	4.51	6.27	4.81	8.99	6.59	5.95	3.27	
451.0	91.0	9.0	9.0	8.04	8.31	4.84	3.54	8.29	8.51	5.06	7.47	7.1	4.55	6.21	4.17	6.27	3.82	8.75	7.69	3.22	6.5	7.68	4.33	8.98	
452.0	95.0	8.0	8.0	7.49	5.19	6.29	7.56	4.17	6.39	3.09	7.89	8.46	6.55	7.57	4.73	8.31	7.27	4.89	5.79	3.07	7.65	6.5	7.84	5.8	
453.0	17.0	11.0	11.0	8.46	5.34	4.84	3.59	8.13	7.31	6.13	3.57	3.09	4.27	3.29	5.88	8.17	8.95	7.98	6.26	8.65	8.95	5.45	6.53	3.06	
454.0	100.0	14.0	14.0	8.6	5.74	3.01	4.66	6.43	6.25	5.01	5.84	8.59	4.94	4.41	4.85	8.91	7.47	5.67	4.59	3.7	4.18	4.34	8.2	4.17	
455.0	85.0	3.0	3.0	4.06	4.44	5.29	7.01	3.16	3.34	6.65	4.32	8.63	8.01	6.32	4.42	8.76	8.93	8.44	5.68	4.33	3.44	8.54	4.47	4.04	
456.0	87.0	5.0	5.0	8.39	6.97	5.07	3.15	5.39	6.89	5.85	4.95	3.73	7.03	5.32	7.47	4.64	8.99	8.77	8.17	3.15	4.92	7.85	6.27	4.73	
457.0	68.0	5.0	5.0	3.03	6.64	5.79	4.99	3.03	3.8	3.55	8.17	4.43	4.51	7.78	8.05	5.89	7.43	8.04	5.94	6.39	8.21	8.04	5.58	3.5	
458.0	63.0	15.0	15.0	6.25	6.14	4.47	8.46	6.41	8.8	3.75	6.16	4.79	4.84	3.97	6.68	8.73	6.32	5.94	6.19	4.71	6.4	5.43	5.68	7.83	
459.0	65.0	11.0	11.0	7.0	8.42	6.34	7.03	4.63	7.4	8.35	8.05	8.94	5.93	7.34	4.9	7.51	5.66	8.84	3.79	6.82	3.84	8.48	5.62	6.27	
460.0	69.0	12.0	12.0	8.35	5.16	4.31	5.39	7.99	3.6	5.8	3.78	6.55	5.83	7.81	8.82	4.96	6.31	6.44	8.46	8.54	8.18	8.51	8.5	7.13	
461.0	71.0	11.0	11.0	4.14	8.38	8.17	4.81	4.92	4.98	7.22	7.91	6.04	8.09	4.84	3.88	3.1	5.95	4.77	4.8	5.21	4.09	5.8	5.02	5.96	
462.0	74.0	1.0	1.0	5.94	4.03	8.45	6.45	3.97	3.21	4.69	6.56	3.48	5.21	8.11	4.37	7.95	8.85	7.09	7.04	5.88	8.33	7.35	4.67	3.13	
463.0	77.0	8.0	8.0	8.21	8.22	4.35	5.45	5.89	8.76	7.34	3.24	8.22	6.47	5.55	4.75	7.75	7.84	5.05	3.17	7.49	3.33	3.69	5.07	5.27	
464.0	79.0	7.0	7.0	7.12	4.4	5.32	7.39	5.14	7.39	4.69	8.9	8.15	6.16	4.53	3.02	4.62	4.03	5.13	5.79	3.76	7.11	7.53	4.02	6.68	
465.0	62.0	7.0	7.0	7.65	6.98	8.48	6.86	7.22	5.72	6.83	8.63	3.28	5.07	6.15	5.66	4.09	8.75	7.78	4.32	3.81	7.19	7.3	5.26	5.52	
466.0	66.0	12.0	12.0	6.75	7.05	3.89	7.52	6.04	3.58	5.72	7.17	7.86	6.76	7.51	8.84	6.1	5.01	4.35	6.4	5.55	4.64	3.95	8.13	7.5	
467.0	70.0	11.0	11.0	7.1	7.15	6.73	3.24	4.27	8.32	7.38	6.97	5.27	5.49	8.19	6.88	4.91	4.57	4.15	8.78	5.12	5.21	7.26	3.17	7.77	
468.0	73.0	13.0	13.0	6.21	8.65	5.21	5.25	6.32	5.98	8.17	4.31	7.29	3.31	6.08	6.96	6.99	3.58	6.69	8.22	6.39	6.07	8.17	7.23	4.3	
469.0	76.0	6.0	6.0	4.12	4.36	5.77	3.64	8.03	7.47	3.24	6.55	7.5	6.49	6.74	3.79	8.48	6.55	5.44	7.48	4.34	3.05	6.17	4.96	5.47	
470.0	78.0	8.0	8.0	8.96	7.08	5.2	8.03	8.09	3.15	8.03	5.65	3.54	7.18	5.74	3.72	8.41	3.02	8.07	4.19	4.28	5.84	6.79	7.31	4.97	
471.0	80.0	3.0	3.0	5.38	4.37	8.42	5.25	8.7	8.39	6.86	7.46	6.65	6.21	7.42	6.05	7.96	6.46	4.23	8.2	3.36	6.43	6.78	5.26	4.85	
472.0	65.0	11.0	11.0	7.55	7.4	4.73	7.11	6.37	5.31	5.67	4.92	7.0	7.0	6.48	5.44	4.34	7.7	7.33	5.05	4.65	4.86	7.21	5.82	7.64	
473.0	67.0	3.0	3.0	8.56	8.16	7.83	4.18	7.85	4.88	4.38	6.18	6.57	4.42	6.64	7.38	4.81	3.03	5.24	6.1	6.24	8.37	5.92	3.39	3.22	
474.0	69.0	12.0	12.0	6.92	6.38	3.08	6.58	4.39	4.4	3.48	5.23	7.04	6.86	3.26	3.81	8.8	6.41	8.47	6.17	4.16	6.39	7.0	7.65	8.7	
475.0	44.0	3.0	3.0	4.29	3.4	6.08	8.31	8.24	3.37	5.76	5.67	7.93	6.18	3.55	7.26	7.46	5.43	8.75	5.81	5.28	5.47	8.31	3.66	4.08	
476.0	77.0	8.0	8.0	3.58	4.64	5.19	7.42	4.62	6.52	7.88	6.19	3.45	4.08	7.51	7.13	8.98	4.08	8.26	4.96	3.32	6.31	5.33	7.68	3.06	
477.0	78.0	8.0	8.0	7.74	8.12	6.26	6.19	4.48	5.88	8.76	5.17	3.21	4.51	6.81	4.88	8.65	3.41	6.11	3.92	4.95	7.18	3.68	7.28	7.99	
478.0	61.0	12.0	12.0	8.81	5.72	5.22	8.36	7.24	7.09	5.64	6.28	8.59	6.56	8.72	5.28	7.21	3.04	7.08	5.85	6.93	4.03	7.53	5.05	4.89	
479.0	66.0	12.0	12.0	6.96	7.69	7.86	5.74	8.26	4.76	6.09	5.85	7.74	6.41	4.78	3.87	6.07	3.32	8.63	6.55	7.25	7.95	4.39	3.11	3.97	
480.0	16.0	14.0	14.0	8.06	7.35	8.1	6.71	6.41	8.54	3.71	5.92	3.83	3.55	3.15	8.1	5.45	8.13	5.02	5.51	7.24	5.87	7.55	6.0	4.82	
481.0	70.0	11.0	11.0	6.05	6.85	6.29	8.95	5.96	5.83	5.28	5.97	7.08	8.87	5.8	3.61	6.98	3.75	7.18	6.68	5.13	8.76	4.08	3.17	5.73	
482.0	55.0	6.0	6.0	4.15	3.25	4.34	8.88	4.54	8.96	7.61	8.7	3.26	4.75	4.79	3.72	4.91	4.32	6.18	6.23	3.83	6.5	8.73	6.01	8.95	
483.0	77.0	8.0	8.0	8.63	4.94	6.79	4.59	8.09	7.18	4.01	3.07	5.84	5.19	3.46	4.49	6.52	6.93	5.24	8.54	3.58	3.33	8.43	6.72	7.85	
484.0	80.0	3.0	3.0	6.04	3.84	7.04	8.51	6.41	4.9	7.63	5.03	5.54	7.97	8.74	8.07	3.24	8.71	6.76	5.34	6.56	3.79	6.24	3.54	4.88	
485.0	53.0	12.0	12.0	7.59	6.06	3.79	5.95	3.09	8.47	7.39	7.39	6.94	6.61	4.04	5.38	3.38	8.74	4.5	3.1	5.7	3.05	6.51	6.94	7.29	
486.0	65.0	11.0	11.0	5.26	4.05	7.39	6.03	8.35	8.53	7.13	5.66	7.01	3.6	6.53	7.48	5.21	4.66	4.31	5.21	6.08	4.55	6.76	6.33	7.81	
487.0	69.0	12.0	12.0	3.48	4.25	4.3	7.8	8.36	7.08	7.76	5.89	7.87	4.19	8.59	6.38	3.46	3.06	6.71	4.18	7.15	4.87	7.48	7.6	4.19	
488.0	35.0	10.0	10.0	8.14	6.35	5.34	3.83	7.73	3.69	3.51	7.81	6.1	3.26	7.24	8.78	7.73	4.05	5.44	7.73	7.75	3.26	4.64	8.82	6.82	
489.0	85.0	3.0	3.0	8.92	5.1	3.32	6.87	7.54	3.86	6.8	6.44	8.1	3.18	3.95	3.42	3.89	4.26	3.23	6.46	8.68	4.88	3.47	5.67	8.57	
490.0	77.0	8.0	8.0	5.84	8.28	3.69	5.08	3.67	4.01	7.77	8.48	7.78	7.21	6.11	5.5	8.85	3.47	4.52	4.19	7.21	5.9	7.33	8.86	6.51	
491.0	61.0	12.0	12.0	5.46	8.01	3.2	6.07	3.37	3.22	7.68	3.49	5.63	7.51	7.24	3.82	8.5	7.19	4.86	8.04	8.31	7.34	4.0	4.24	3.33	
492.0	64.0	4.0	4.0	4.53	6.86	4.36	7.32	5.56	8.16	7.04	8.18	8.21	8.05	3.9	4.8	7.79	5.43	4.0	6.56	4.93	6.34	6.09	3.0	3.46	
493.0	86.0	15.0	15.0	3.45	3.32	7.06	4.75	6.62	5.62	3.63	7.42	5.8	8.49	6.67	4.82	3.09	7.61	6.01	7.63	4.91	8.84	6.28	4.31	6.04	
494.0	34.0	14.0	14.0	6.98	5.03	6.11	8.83	8.61	5.96	3.01	6.57	3.44	8.17	3.32	7.02	6.93	3.51	3.36	7.9	8.2	6.99	8.92	3.48	4.9	
495.0	72.0	11.0	11.0	5.26	7.26	5.8	8.75	8.46	6.84	4.36	4.57	5.54	6.74	4.04	3.86	5.18	3.07	8.9	8.86	5.39	8.75	3.79	8.24	6.44	
496.0	75.0	8.0	8.0	3.39	5.35	6.1	8.04	6.7	4.65	5.8	5.35	7.61	5.35	8.36	8.69	6.75	3.66	3.49	4.38	4.92	5.69	7.44	8.02	4.18	
497.0	93.0	4.0	4.0	4.14	6.99	7.71	4.01	5.54	4.27	3.26	6.56	6.29	8.54	3.6	7.86	8.83	8.86	3.22	6.86	8.06	4.07	7.67	8.33	7.5	
498.0	97.0	9.0	9.0	4.82	8.97	4.01	3.92	3.26	3.37	5.41	6.66	4.02	4.73	5.82	3.24	3.36	3.27	4.75	8.58	5.84	7.32	5.6	8.94	5.75	
499.0	12.0	5.0	5.0	8.8	3.83	5.64	7.37	6.07	7.24	7.98	5.19	6.3	6.36	5.48	7.87	6.01	3.7	7.38	7.6	7.48	3.38	8.53	4.73	6.33	
500.0	19.0	13.0	13.0	5.12	7.09	3.41	8.82	3.39	6.75	4.95	8.99	4.46	5.12	3.16	3.21	3.58	5.71	7.12	6.99	7.12	5.11	6.31	5.57	4.61	
501.0	70.0	11.0	11.0	3.13	6.45	7.98	7.63	7.52	7.23	4.09	3.87	7.56	6.98	8.78	5.0	5.12	3.23	8.06	8.49	4.54	3.2	5.81	7.58	5.89	
502.0	82.0	6.0	6.0	6.99	6.23	4.9	8.05	8.72	6.6	4.19	8.47	7.08	6.26	8.01	5.86	6.61	6.33	8.04	5.84	4.92	6.07	3.68	4.48	3.3	
503.0	76.0	6.0	6.0	7.82	6.49	4.11	6.15	8.05	6.05	8.51	3.8	8.36	7.88	8.18	4.65	3.77	7.71	3.85	3.83	4.82	3.99	5.32	7.93	3.32	
504.0	90.0	4.0	4.0	6.58	5.25	7.39	4.47	5.6	6.64	5.13	3.44	3.6	5.63	7.88	3.87	8.85	6.27	7.36	6.22	8.18	3.8	6.45	5.73	8.67	
505.0	8.0	15.0	15.0	3.03	6.15	4.08	8.02	7.15	5.63	8.59	4.1	6.24	5.39	4.39	5.45	3.45	3.89	8.3	6.48	5.06	5.92	8.89	5.77	8.34	
506.0	66.0	12.0	12.0	5.91	4.47	4.93	7.99	4.27	8.74	3.06	6.94	3.85	3.24	8.7	7.42	6.92	8.1	7.14	3.17	3.3	8.09	6.21	5.31	6.45	
507.0	70.0	11.0	11.0	8.72	7.8	6.57	5.88	8.47	5.32	3.68	5.21	6.86	6.8	6.59	6.05	3.85	7.06	4.53	3.48	4.11	6.88	5.91	3.22	4.57	
508.0	54.0	10.0	10.0	4.63	3.48	4.8	6.85	7.15	3.91	5.72	4.64	7.88	4.51	8.7	6.96	4.18	3.51	8.21	8.54	4.52	4.94	5.39	3.57	5.9	
509.0	87.0	5.0	5.0	4.34	6.32	6.83	7.37	4.51	3.93	7.22	5.8	4.13	7.62	7.57	4.54	6.15	3.94	3.75	4.25	8.77	3.15	3.48	5.65	8.3	
510.0	79.0	7.0	7.0	4.01	8.19	5.14	8.63	6.34	3.35	5.92	7.15	4.47	4.95	3.43	6.32	3.56	4.45	7.21	3.87	5.72	7.41	4.45	5.03	4.86	
511.0	77.0	8.0	8.0	4.34	9.0	3.95	5.21	6.9	6.77	5.6	8.5	6.65	7.84	3.91	4.93	3.84	8.09	5.17	5.35	8.9	6.45	7.26	7.7	8.89	
512.0	45.0	5.0	5.0	3.27	7.4	7.01	3.62	7.21	7.95	6.69	4.62	4.87	5.53	8.48	5.81	3.04	3.01	3.08	8.16	8.07	8.65	5.7	5.57	4.58	
513.0	68.0	5.0	5.0	3.42	4.39	5.41	6.76	8.35	6.09	8.07	4.73	3.02	3.98	8.08	8.31	3.83	8.56	5.14	4.91	8.5	7.75	7.95	4.13	6.46	
514.0	70.0	11.0	11.0	8.83	3.84	8.67	5.58	4.44	7.17	5.61	4.33	5.98	7.38	6.68	3.09	3.34	4.85	4.91	6.74	7.7	7.77	8.37	8.75	3.2	
515.0	72.0	11.0	11.0	5.88	5.97	7.84	5.62	4.42	7.83	5.17	5.1	5.54	5.77	5.66	7.43	7.09	3.16	3.73	5.79	3.86	4.13	5.81	5.62	5.81	
516.0	20.0	4.0	4.0	6.92	6.88	4.81	8.83	5.37	5.14	4.45	5.7	7.91	3.14	5.67	4.73	7.18	8.65	4.12	4.27	6.13	4.03	3.67	6.23	8.91	
517.0	78.0	8.0	8.0	4.88	5.31	6.3	8.38	7.87	7.29	8.39	3.04	7.35	3.79	6.71	4.25	5.07	3.87	6.25	6.25	7.89	4.12	3.16	5.53	7.99	
518.0	23.0	7.0	7.0	7.21	5.44	6.18	8.34	3.46	6.4	8.94	7.57	6.98	5.61	5.31	7.97	5.99	7.24	4.39	7.0	8.46	4.47	5.46	8.44	8.13	
519.0	65.0	11.0	11.0	7.04	4.72	3.28	3.28	6.14	6.74	6.89	4.34	8.77	4.9	8.16	6.23	4.74	8.28	8.7	8.54	7.47	8.69	6.71	8.8	3.71	
520.0	68.0	5.0	5.0	8.95	3.59	8.51	8.86	4.49	4.0	8.98	4.27	4.32	3.66	7.56	6.4	8.09	5.5	7.36	8.0	4.49	3.93	8.28	8.08	4.49	
521.0	86.0	15.0	15.0	8.59	8.64	7.17	4.57	8.17	6.72	4.62	6.92	3.36	6.27	6.24	6.36	6.68	7.02	5.47	5.21	5.26	7.05	7.33	6.32	6.73	
522.0	73.0	13.0	13.0	7.05	3.88	5.15	6.62	5.3	5.2	4.56	5.75	5.54	8.52	7.39	8.34	3.22	6.04	3.08	8.38	8.78	5.93	7.48	3.13	7.87	
523.0	98.0	15.0	15.0	3.75	4.28	5.23	6.75	3.35	5.74	5.25	5.08	5.05	5.54	5.02	4.13	6.24	8.58	3.54	8.77	4.8	4.05	7.26	6.42	4.13	
524.0	89.0	14.0	14.0	6.11	7.88	7.4	4.04	7.52	5.56	3.11	7.99	8.81	6.49	5.02	7.97	5.85	7.89	6.53	5.09	6.02	4.19	6.87	8.84	3.48	
525.0	63.0	15.0	15.0	6.62	3.89	6.83	8.04	4.99	8.76	3.93	6.43	7.51	6.93	7.19	7.23	4.73	6.36	7.83	4.23	3.14	5.66	6.02	5.27	5.47	
526.0	65.0	11.0	11.0	7.24	5.52	8.0	5.61	6.34	4.21	4.17	5.61	5.16	6.33	5.7	7.21	6.74	6.28	4.83	4.3	7.43	5.15	6.33	8.7	8.01	
527.0	5.0	15.0	15.0	5.85	6.36	7.19	3.54	3.11	6.9	6.34	6.53	6.11	8.89	6.71	4.47	5.52	5.9	4.42	7.72	7.63	5.05	6.98	7.93	4.31	
528.0	50.0	9.0	9.0	7.46	3.35	8.26	4.77	5.29	4.59	5.38	7.51	3.84	3.93	3.2	7.72	8.56	3.54	7.6	3.64	3.61	8.74	8.72	7.19	6.31	
529.0	75.0	8.0	8.0	9.0	3.6	5.86	3.81	8.66	8.62	4.62	8.58	5.09	6.75	4.99	6.67	5.86	7.68	4.05	7.56	3.74	6.18	4.41	5.06	8.25	
530.0	84.0	12.0	12.0	3.43	3.31	6.68	7.88	6.87	7.05	6.29	4.95	8.22	8.99	5.7	7.9	8.69	7.3	7.86	6.68	6.59	3.66	6.32	3.35	8.65	
531.0	94.0	13.0	13.0	4.6	3.87	5.27	7.27	3.35	5.7	4.96	4.62	8.7	6.04	5.16	7.79	4.14	3.1	3.87	7.48	7.33	7.15	4.76	4.48	6.99	
532.0	31.0	8.0	8.0	8.05	4.78	5.51	4.3	8.46	3.31	8.77	3.14	6.14	4.71	4.79	8.24	6.53	8.1	8.21	6.52	6.34	8.27	7.3	6.75	7.0	
533.0	91.0	9.0	9.0	3.18	5.2	6.51	5.53	3.8	7.84	5.95	6.02	6.24	4.89	3.36	6.98	3.18	7.41	8.95	4.14	4.14	5.88	8.2	8.92	3.48	
534.0	93.0	4.0	4.0	7.84	3.84	5.01	5.99	4.08	5.49	3.11	8.64	6.39	7.47	5.69	3.26	7.58	8.89	3.86	8.77	8.4	8.79	4.25	5.64	6.19	
535.0	86.0	15.0	15.0	6.08	7.93	4.28	4.02	4.52	4.96	3.42	3.17	5.7	8.15	8.03	3.59	4.34	8.7	7.33	4.45	6.69	5.06	5.01	6.84	4.68	
536.0	77.0	8.0	8.0	3.8	7.19	7.23	7.32	6.84	3.74	3.35	6.27	8.92	6.25	5.48	8.15	8.65	5.72	8.8	8.08	8.44	5.27	7.44	6.3	8.56	
537.0	37.0	5.0	5.0	3.56	6.51	6.5	5.13	4.88	3.3	7.5	7.27	8.07	5.72	8.65	7.3	5.12	3.5	3.48	3.94	8.36	6.31	7.86	3.26	4.91	
538.0	61.0	12.0	12.0	4.13	6.72	4.3	4.24	3.53	8.46	7.0	6.31	6.52	6.12	4.91	4.79	5.1	8.67	4.11	6.49	7.87	7.14	6.69	7.68	8.49	
539.0	98.0	15.0	15.0	4.04	3.86	7.22	4.48	5.83	7.48	3.84	3.1	7.32	6.82	4.02	7.27	4.44	5.14	5.18	3.83	8.14	4.99	6.67	7.38	3.38	
540.0	98.0	15.0	15.0	5.75	5.23	6.51	8.84	4.81	6.55	3.98	6.5	6.59	3.18	3.49	4.24	5.94	6.7	5.77	5.88	8.5	3.98	4.44	8.17	6.97	
541.0	72.0	11.0	11.0	6.43	4.1	8.99	3.69	6.67	5.06	3.72	8.68	4.53	7.0	3.89	6.01	4.42	8.21	3.63	3.05	8.46	4.26	3.22	5.81	7.76	
542.0	75.0	8.0	8.0	6.14	7.35	8.58	4.2	4.34	3.9	6.01	8.53	8.24	6.13	4.74	8.03	8.66	7.71	6.96	8.78	8.16	6.87	7.25	5.8	6.39	
543.0	76.0	6.0	6.0	6.98	5.06	4.78	5.34	5.91	7.36	8.4	4.21	5.49	3.27	5.28	8.08	6.52	5.72	5.93	3.61	6.89	8.74	8.9	4.04	7.27	
544.0	79.0	7.0	7.0	7.36	6.71	8.24	8.25	4.2	3.06	8.43	7.48	5.91	5.89	7.04	6.65	6.11	5.91	7.13	7.31	8.21	6.6	5.72	6.61	3.18	
545.0	83.0	5.0	5.0	6.76	8.4	4.17	8.66	5.31	7.68	8.04	5.31	7.88	7.69	8.23	8.11	7.18	8.64	3.93	5.32	8.83	7.79	6.12	7.55	7.650811240014196	
546.0	81.0	3.0	3.0	4.17	5.62	7.73	6.67	4.56	5.57	5.74	5.96	5.38	5.89	5.76	5.38	3.46	6.27	8.72	4.63	4.82	4.37	6.46	6.28	8.17	
547.0	53.0	12.0	12.0	7.56	4.79	8.21	4.58	5.06	4.46	4.8	7.54	8.94	8.38	3.58	8.11	8.86	6.22	5.97	7.5	8.59	8.78	4.11	3.58	7.66	
548.0	95.0	8.0	8.0	8.9	5.85	5.14	7.34	8.95	5.98	6.7	8.04	4.91	6.82	7.06	6.32	6.95	4.84	7.67	7.81	4.36	6.79	4.46	5.78	8.73	
549.0	82.0	6.0	6.0	8.98	7.5	5.74	8.75	5.75	4.68	3.66	4.19	6.62	7.42	7.34	4.02	8.92	4.66	6.89	5.86	6.75	4.48	4.33	3.8	8.38	
550.0	79.0	7.0	7.0	4.08	5.14	8.94	8.55	5.27	8.99	6.27	7.39	8.56	5.77	8.52	3.48	7.86	6.27	6.89	8.29	4.39	4.7	7.06	5.44	5.25	
551.0	88.0	4.0	4.0	4.56	8.04	3.06	8.42	4.14	3.04	5.37	7.93	3.52	7.99	6.36	4.87	8.83	7.0	6.81	7.57	3.44	7.74	7.51	6.4	8.59	
552.0	63.0	15.0	15.0	4.93	4.1	3.24	4.87	6.24	7.37	5.82	8.69	8.25	7.15	6.32	8.75	3.09	4.98	4.25	4.4	7.09	7.16	8.33	7.65	3.32	
553.0	68.0	5.0	5.0	3.87	8.04	6.26	8.92	8.86	7.58	6.32	6.14	6.56	5.95	3.29	3.13	4.02	8.09	5.2	6.33	5.98	6.75	7.86	8.01	7.0	
554.0	71.0	11.0	11.0	7.21	8.14	5.81	6.35	6.68	6.65	3.1	3.1	7.03	7.26	7.37	8.81	6.59	3.87	8.82	5.65	4.67	4.9	4.46	8.55	3.18	
555.0	73.0	13.0	13.0	6.12	5.33	7.38	8.86	5.68	3.63	7.67	5.44	3.5	6.44	7.23	4.21	7.17	7.78	5.19	8.33	8.03	8.66	6.83	3.77	4.18	
556.0	75.0	8.0	8.0	7.35	6.54	5.61	6.06	7.87	3.34	4.45	5.95	5.46	5.89	4.93	7.84	7.07	7.35	5.82	6.54	6.43	3.34	7.69	5.91	4.76	
557.0	34.0	14.0	14.0	6.55	6.28	5.26	3.71	8.42	3.43	5.98	4.12	6.57	7.07	3.58	3.82	7.94	4.25	7.32	6.49	8.06	5.23	3.5	7.07	6.01	
558.0	62.0	7.0	7.0	8.28	4.36	8.24	4.32	8.79	3.48	6.0	5.05	5.04	4.31	4.21	6.5	3.81	8.49	6.02	7.48	3.85	6.64	4.53	5.76	6.65	
559.0	66.0	12.0	12.0	8.79	8.11	7.5	4.85	7.69	7.77	5.76	8.36	7.79	5.53	3.51	5.52	4.67	6.87	4.63	5.27	3.44	4.67	5.53	3.27	5.68	
560.0	95.0	8.0	8.0	7.57	5.12	8.65	3.95	5.65	6.33	8.7	6.91	8.24	7.89	7.95	7.18	6.0	8.8	5.18	3.57	6.69	5.33	3.76	8.34	3.44	
561.0	71.0	11.0	11.0	8.37	7.96	7.19	4.06	8.51	6.29	3.01	6.26	5.27	7.66	4.27	6.43	3.8	5.08	8.17	4.92	8.54	6.29	3.01	4.78	8.57	
562.0	58.0	11.0	11.0	8.2	5.2	5.42	8.69	7.65	6.38	4.51	3.73	7.25	7.75	6.66	7.89	8.48	8.03	7.13	5.78	4.28	3.92	3.85	5.96	5.49	
563.0	89.0	14.0	14.0	7.03	7.54	7.91	6.46	4.29	3.34	7.65	4.46	3.95	5.22	8.31	4.37	6.92	6.92	3.34	7.75	6.07	7.95	8.75	6.81	6.93	
564.0	79.0	7.0	7.0	7.33	8.55	8.05	8.89	8.69	4.4	4.04	8.46	6.64	4.49	3.99	7.43	7.71	8.22	4.89	4.56	5.83	7.03	3.15	3.82	5.63	
565.0	85.0	3.0	3.0	6.56	7.41	7.8	5.51	7.94	3.95	5.77	4.44	7.73	5.02	8.99	6.42	7.32	8.01	3.78	5.62	5.12	8.64	3.85	8.52	5.56	
566.0	87.0	5.0	5.0	7.73	4.77	4.68	5.6	4.97	3.77	4.9	6.56	8.33	3.82	4.72	3.87	3.09	6.59	8.74	5.71	4.18	7.08	5.38	4.42	5.11	
567.0	70.0	11.0	11.0	3.63	3.1	7.24	5.74	7.62	7.8	7.6	4.2	6.19	4.36	6.75	4.76	4.84	5.3	6.63	7.93	5.14	8.78	8.47	6.48	7.48	
568.0	96.0	15.0	15.0	7.91	6.22	7.84	7.63	7.96	8.3	5.99	6.55	4.84	4.2	5.99	5.95	3.95	3.52	8.95	4.18	5.6	6.2	7.6	3.73	3.88	
569.0	75.0	8.0	8.0	6.18	4.14	8.16	5.07	7.09	4.42	8.79	5.36	7.05	5.35	4.45	5.21	4.92	8.31	8.34	6.3	8.63	3.07	4.55	8.51	7.97	
570.0	91.0	9.0	9.0	7.8	3.19	7.0	7.18	5.21	4.47	8.6	8.64	7.92	5.7	8.37	4.26	5.33	4.31	4.35	5.66	7.31	4.12	6.09	6.87	8.21	
571.0	81.0	3.0	3.0	8.16	3.47	4.97	6.15	3.59	4.1	3.64	8.45	5.36	4.79	6.34	5.22	7.17	4.2	4.16	4.44	4.97	7.62	5.5	8.24	6.26	
572.0	89.0	14.0	14.0	5.41	3.89	3.72	5.45	6.34	8.8	3.32	3.55	7.22	6.98	6.41	7.56	4.11	6.51	4.03	8.2	3.28	3.89	3.5	3.67	8.14	
573.0	49.0	12.0	12.0	7.04	5.05	6.77	7.99	7.53	3.98	8.62	4.46	6.19	5.47	3.59	8.37	7.41	7.95	5.03	8.63	7.42	3.81	3.17	5.63	5.47	
574.0	70.0	11.0	11.0	7.52	7.76	5.44	5.2	4.56	3.26	3.71	8.68	5.48	6.47	8.81	8.11	8.14	7.68	6.5	4.57	5.15	3.17	7.88	4.03	8.06	
575.0	72.0	11.0	11.0	8.83	3.44	8.55	3.09	7.1	3.79	6.06	5.88	5.67	8.94	8.0	7.47	6.25	6.55	3.01	6.36	3.16	3.45	7.41	3.47	8.46	
576.0	97.0	9.0	9.0	4.72	3.61	8.43	8.36	3.48	7.89	7.12	7.43	6.14	5.88	6.08	8.35	6.96	4.15	6.04	6.31	5.64	4.3	8.8	4.43	6.83	
577.0	78.0	8.0	8.0	4.26	7.04	3.19	6.06	5.99	7.7	3.64	6.89	3.32	5.59	8.54	6.42	8.91	4.11	6.97	8.51	7.77	3.87	7.23	8.51	5.6	
578.0	62.0	7.0	7.0	7.99	8.34	3.77	7.56	4.76	5.31	4.26	5.16	5.78	5.52	5.59	6.21	3.22	3.08	8.86	3.86	3.54	6.69	7.9	6.85	6.33	
579.0	93.0	4.0	4.0	7.07	5.11	3.43	4.08	8.12	8.67	3.63	4.83	6.34	3.67	8.28	4.04	7.93	5.23	5.27	6.18	5.46	5.41	4.02	8.78	8.9	
580.0	98.0	15.0	15.0	5.11	6.64	7.05	3.89	5.65	7.15	6.65	5.14	6.22	7.48	3.64	8.55	5.39	3.83	6.91	5.6	8.89	3.1	7.59	3.23	7.39	
581.0	98.0	15.0	15.0	7.06	3.61	8.66	5.74	5.28	3.1	5.51	7.41	5.07	8.49	3.79	4.53	8.16	3.66	4.83	3.2	3.75	5.66	3.7	6.57	8.65	
582.0	85.0	3.0	3.0	4.64	3.05	6.63	5.07	4.67	6.73	4.1	3.66	7.01	4.49	4.49	5.59	4.55	3.89	8.13	4.03	6.92	5.39	8.6	7.25	7.36	
583.0	78.0	8.0	8.0	5.56	8.82	7.79	8.75	6.31	4.7	5.96	7.36	8.44	8.06	6.98	7.85	5.84	4.31	7.15	8.81	6.64	5.07	7.65	6.92	7.642454116149162	
584.0	32.0	14.0	14.0	7.22	4.21	6.17	5.15	5.33	6.42	8.23	3.48	6.02	5.56	3.31	8.07	7.06	6.63	6.06	8.8	6.93	3.31	5.34	7.14	7.58	
585.0	95.0	8.0	8.0	4.45	4.16	5.94	5.38	4.82	8.34	8.42	6.06	4.73	7.34	3.78	6.23	3.13	8.54	4.93	8.87	5.93	6.95	4.42	7.82	6.64	
586.0	94.0	13.0	13.0	8.39	8.74	6.84	4.21	4.02	3.48	6.37	7.7	4.73	7.79	4.66	7.4	7.97	6.48	7.08	8.26	5.47	8.55	3.49	3.31	7.98	
587.0	68.0	5.0	5.0	4.66	5.89	6.66	6.06	7.47	8.94	8.87	7.29	7.25	5.78	4.62	3.83	5.84	3.16	6.18	8.12	3.82	4.85	3.65	4.7	4.26	
588.0	100.0	14.0	14.0	3.35	7.58	8.28	7.59	3.5	3.49	3.14	3.87	4.07	4.83	6.7	3.12	3.79	6.1	7.07	7.0	6.73	3.65	7.26	3.97	6.22	
589.0	52.0	4.0	4.0	5.26	5.72	4.35	6.8	6.21	3.23	8.51	4.82	5.7	7.87	5.31	5.15	4.66	8.46	7.11	5.92	4.89	5.0	7.52	7.66	4.23	
590.0	77.0	8.0	8.0	4.25	4.95	4.16	8.99	6.95	3.32	5.08	4.4	5.78	7.54	7.45	5.35	4.72	4.93	8.82	5.65	6.09	5.83	3.78	5.73	8.94	
591.0	1.0	11.0	11.0	5.8	6.78	3.72	8.05	6.95	4.87	5.91	5.97	7.64	7.85	6.78	8.43	4.63	3.52	8.0	3.19	5.81	3.63	6.4	5.31	5.98	
592.0	90.0	4.0	4.0	4.7	3.01	7.84	7.61	8.55	3.06	4.49	8.08	5.58	7.64	5.13	5.12	7.94	4.89	3.92	4.38	4.95	6.9	6.21	4.12	3.27	
593.0	66.0	12.0	12.0	6.82	6.63	7.58	3.15	8.03	4.96	5.04	4.57	8.54	3.46	5.43	5.88	4.48	6.39	6.2	4.09	8.31	3.98	6.78	5.95	5.97	
594.0	71.0	11.0	11.0	3.14	8.71	7.22	7.81	4.01	3.17	8.71	3.54	6.19	7.82	3.03	7.37	5.36	7.05	7.89	8.23	6.27	7.77	4.79	7.0	3.08	
595.0	99.0	12.0	12.0	5.35	8.02	8.8	5.43	7.66	8.8	7.34	8.29	4.5	8.21	7.64	7.5	5.2	3.68	5.62	6.94	3.11	5.53	6.45	8.99	5.8	
596.0	75.0	8.0	8.0	8.49	6.67	4.28	4.15	3.26	6.14	3.94	3.37	8.36	3.88	4.73	3.13	4.63	4.6	7.77	6.73	8.27	7.08	7.93	8.75	6.15	
597.0	88.0	4.0	4.0	7.51	6.08	7.04	4.82	4.9	5.03	6.72	3.38	6.82	3.29	8.52	8.37	8.81	7.07	5.19	6.14	3.09	5.75	3.11	3.27	8.67	
598.0	61.0	12.0	12.0	8.47	6.74	7.73	3.38	5.53	8.18	4.02	8.19	3.05	4.48	7.44	3.7	7.65	5.9	7.61	4.72	7.41	6.39	8.22	5.4	8.74	
599.0	66.0	12.0	12.0	3.14	5.89	8.43	3.97	4.22	5.65	4.37	6.54	3.46	4.39	7.29	6.9	8.13	6.91	6.67	3.57	6.46	8.31	3.94	5.11	3.64	
600.0	95.0	8.0	8.0	5.26	7.16	6.36	5.2	8.33	8.38	7.45	5.72	3.92	6.19	4.21	3.12	8.28	3.03	6.25	7.65	3.59	8.86	8.23	3.23	6.04	
601.0	87.0	5.0	5.0	7.84	6.22	3.19	8.18	7.18	8.69	5.81	8.25	3.0	4.53	6.99	4.9	4.68	8.37	5.07	5.65	7.68	7.47	5.95	8.41	7.56	
602.0	74.0	1.0	1.0	6.83	5.17	7.96	5.71	4.94	6.33	8.16	8.8	3.99	4.76	5.85	7.49	5.8	7.89	5.06	5.38	5.52	4.44	6.72	4.24	5.65	
603.0	48.0	13.0	13.0	4.92	7.43	3.14	5.05	6.58	3.75	6.1	4.06	6.59	8.29	8.64	5.77	5.7	8.04	3.52	3.66	6.53	7.57	7.6	3.42	8.14	
604.0	91.0	9.0	9.0	5.2	6.24	7.46	4.17	4.51	5.46	8.83	4.11	3.37	5.11	5.01	8.19	5.56	8.22	4.29	5.91	6.91	4.15	6.17	5.53	7.11	
605.0	58.0	11.0	11.0	4.31	6.95	3.54	6.51	6.58	8.9	7.19	4.92	7.92	3.01	6.44	5.74	7.71	6.23	3.07	3.2	6.08	8.97	4.92	7.7	4.84	
606.0	67.0	3.0	3.0	4.42	4.2	4.6	6.75	6.93	8.4	3.7	4.35	5.32	8.88	7.81	7.74	5.83	8.62	3.51	5.6	6.44	3.26	8.7	5.14	3.71	
607.0	68.0	5.0	5.0	6.55	4.13	5.6	5.77	8.67	5.15	3.47	3.13	8.08	8.48	8.55	8.81	8.97	6.45	7.99	7.57	6.52	4.3	4.35	8.89	3.28	
608.0	96.0	15.0	15.0	8.02	4.59	6.33	5.57	6.92	5.38	5.53	4.94	3.46	7.18	4.55	4.26	6.34	3.34	5.16	8.58	4.81	4.86	7.89	7.99	6.88	
609.0	18.0	2.0	2.0	6.24	6.96	5.47	4.23	4.18	8.28	3.95	6.71	3.18	4.69	8.74	8.77	5.54	7.98	6.99	4.55	6.54	5.22	7.52	7.52	8.41	
610.0	79.0	7.0	7.0	3.78	8.57	5.66	5.56	8.83	4.79	8.29	6.53	7.93	4.09	5.01	6.26	7.17	5.74	4.25	6.38	6.4	6.88	3.89	3.8	7.68	
611.0	62.0	7.0	7.0	5.14	3.48	5.69	3.9	7.94	4.28	8.7	8.92	8.23	5.19	5.45	4.55	6.19	4.98	8.59	7.19	8.32	5.8	8.78	7.45	8.52	
612.0	56.0	13.0	13.0	6.27	4.1	3.41	5.62	4.91	4.42	5.0	3.0	3.72	3.44	7.24	6.97	3.87	7.22	4.04	3.36	4.0	3.54	6.32	5.92	7.94	
613.0	83.0	5.0	5.0	5.31	4.55	5.63	8.92	4.31	6.62	7.36	3.09	3.3	6.51	8.77	4.66	3.63	5.92	7.83	5.5	7.83	8.15	6.77	3.3	8.98	
614.0	71.0	11.0	11.0	5.24	7.41	4.36	3.12	5.95	8.75	5.14	5.17	8.57	8.39	6.89	6.75	8.12	3.11	4.53	7.09	3.52	7.85	8.02	5.0	7.99	
615.0	99.0	12.0	12.0	6.74	4.92	4.25	8.92	7.25	6.25	4.82	3.74	7.58	8.16	6.36	8.68	6.8	8.57	4.74	8.29	8.67	3.09	3.56	5.26	6.02	
616.0	76.0	6.0	6.0	8.98	5.75	4.32	6.05	7.0	6.3	8.79	3.34	7.01	5.09	3.38	8.4	6.79	8.61	5.46	7.24	8.76	3.75	6.14	4.7	7.22	
617.0	78.0	8.0	8.0	7.77	5.66	6.33	7.73	8.44	8.87	7.2	7.57	7.9	8.28	7.39	8.29	6.03	4.65	6.3	5.78	4.87	8.81	6.65	5.93	8.185163323177393	
618.0	99.0	12.0	12.0	8.93	8.17	7.79	3.49	3.28	4.64	3.8	5.0	6.86	3.76	4.41	5.83	8.45	7.28	6.71	8.26	4.96	5.25	6.48	7.19	6.04	
619.0	83.0	5.0	5.0	6.16	4.21	8.95	7.74	7.14	8.56	8.01	5.46	6.99	6.34	7.78	7.72	6.08	3.46	8.89	7.56	5.12	8.87	3.32	7.89	7.05	
620.0	90.0	4.0	4.0	6.48	6.92	4.41	6.49	4.42	4.34	7.22	4.6	3.86	7.51	4.03	6.66	4.54	7.99	8.26	5.73	6.62	7.54	6.03	8.1	3.79	
621.0	70.0	11.0	11.0	7.11	7.74	4.79	7.69	8.76	9.0	7.21	6.18	5.64	7.7	8.59	7.65	8.84	7.13	8.84	3.39	4.42	4.05	5.17	7.68	3.84	
622.0	73.0	13.0	13.0	3.79	7.85	7.49	3.66	4.0	5.54	6.39	4.55	4.92	3.61	6.7	4.91	5.23	7.45	5.61	3.26	6.06	8.2	5.34	3.06	8.7	
623.0	76.0	6.0	6.0	4.4	6.51	4.27	6.89	6.22	8.14	3.6	7.94	7.51	5.86	3.39	7.0	3.7	7.92	8.48	4.92	4.03	3.67	4.42	5.83	4.49	
624.0	79.0	7.0	7.0	6.01	3.24	7.7	7.42	7.6	6.02	7.21	5.71	8.77	6.18	4.16	4.15	8.07	4.54	5.45	4.35	8.06	6.29	7.18	6.33	6.27	
625.0	64.0	4.0	4.0	5.04	6.78	7.31	8.53	5.92	7.4	6.84	4.45	3.57	6.92	4.98	4.4	5.62	6.13	6.48	7.19	8.5	5.8	3.83	5.07	8.93	
626.0	74.0	1.0	1.0	7.05	8.92	4.82	6.29	8.02	6.26	7.06	5.92	4.1	5.31	6.54	8.42	6.94	3.43	4.01	4.24	7.62	7.2	8.14	6.24	6.25	
627.0	26.0	1.0	1.0	5.88	8.5	3.42	3.97	7.92	4.73	8.26	4.75	6.46	4.69	8.82	7.4	7.38	8.29	5.6	8.09	3.96	4.74	4.32	4.51	6.52	
628.0	71.0	11.0	11.0	7.57	8.45	4.96	6.62	7.6	5.3	5.51	7.42	6.18	4.79	8.44	3.73	3.33	3.95	8.79	7.72	5.35	3.86	3.6	3.12	4.37	
629.0	57.0	14.0	14.0	6.34	7.81	7.11	5.22	3.71	7.07	3.71	3.98	3.34	7.82	6.41	6.08	8.1	4.45	3.98	7.61	5.78	3.28	4.11	3.31	7.0	
630.0	69.0	12.0	12.0	3.26	8.0	4.74	6.46	4.69	3.77	8.08	6.16	7.63	4.54	5.95	7.51	8.95	5.25	7.41	7.14	7.58	7.98	8.47	4.57	6.47	
631.0	62.0	7.0	7.0	6.28	4.25	4.35	5.7	8.57	8.22	4.06	3.37	6.35	8.72	6.34	5.13	7.31	6.05	3.96	5.2	5.14	8.07	7.61	6.33	4.46	
632.0	64.0	4.0	4.0	5.89	8.36	8.75	5.92	7.25	3.15	5.04	6.45	7.67	6.99	6.96	6.23	8.63	7.94	7.5	8.11	8.88	4.24	5.6	3.56	5.35	
633.0	68.0	5.0	5.0	8.61	7.06	6.49	4.07	5.6	4.43	5.43	5.97	5.34	3.09	6.76	5.99	6.97	4.49	4.28	4.48	7.47	7.1	8.68	3.92	5.57	
634.0	70.0	11.0	11.0	6.75	5.72	6.07	3.55	5.48	8.64	7.65	7.58	7.38	5.5	8.41	3.7	4.55	3.69	7.63	4.34	6.09	4.18	5.52	5.78	5.43	
635.0	73.0	13.0	13.0	3.74	3.97	5.56	8.06	8.44	7.16	8.27	7.1	4.9	7.37	4.7	6.35	6.73	5.87	3.09	8.15	6.55	5.66	8.66	4.24	4.36	
636.0	91.0	9.0	9.0	7.45	5.56	4.67	8.57	5.44	8.33	7.26	4.07	8.52	4.0	8.27	7.62	8.9	4.0	3.73	6.29	4.96	5.97	8.36	6.32	4.16	
637.0	94.0	13.0	13.0	8.48	6.05	6.91	6.44	7.36	7.95	7.71	7.85	8.2	3.62	7.63	4.19	6.43	3.89	3.28	7.37	4.58	5.72	8.47	3.19	8.43	
638.0	63.0	15.0	15.0	7.89	7.68	7.62	8.64	6.62	6.15	7.18	8.04	7.56	7.35	5.84	5.61	6.55	7.66	7.7	4.93	3.94	3.74	8.65	6.61	7.4	
639.0	92.0	10.0	10.0	7.01	3.5	7.98	7.56	5.27	6.55	8.2	7.66	3.88	3.43	7.24	8.4	6.27	6.79	3.61	8.22	8.62	7.66	5.8	6.54	7.61	
640.0	87.0	5.0	5.0	5.53	4.0	8.19	8.01	4.88	5.64	8.67	5.6	4.29	3.26	8.69	5.42	6.6	5.35	7.08	4.8	7.67	4.4	5.42	8.2	7.8	
641.0	86.0	15.0	15.0	6.42	5.34	7.69	7.07	6.71	8.68	7.96	8.22	8.7	7.42	4.72	6.34	6.6	6.91	3.37	4.57	6.18	7.12	8.22	5.4	5.5	
642.0	75.0	8.0	8.0	5.21	7.2	5.36	5.1	4.71	6.91	7.15	7.57	5.48	5.33	5.45	3.89	4.66	4.92	8.87	4.39	6.08	8.73	5.45	6.28	6.69	
643.0	76.0	6.0	6.0	7.43	7.69	5.01	3.9	5.06	7.88	3.32	7.45	8.52	4.78	7.52	3.76	5.52	8.24	8.3	5.78	7.75	8.78	8.12	4.14	5.87	
644.0	11.0	4.0	4.0	4.39	7.57	3.4	4.74	4.4	4.45	4.91	5.76	6.48	5.6	8.66	5.96	6.1	3.41	4.1	4.79	8.66	7.72	4.65	4.02	3.64	
645.0	64.0	4.0	4.0	6.66	7.03	6.47	5.74	5.0	3.56	3.33	7.63	8.3	6.7	6.23	7.23	8.4	7.29	6.77	8.53	3.54	8.33	4.89	5.71	5.92	
646.0	49.0	12.0	12.0	8.71	7.82	3.73	4.75	5.28	5.37	6.46	8.29	6.03	7.53	3.87	6.36	3.89	4.01	4.57	7.14	8.92	7.36	4.16	5.69	7.46	
647.0	68.0	5.0	5.0	5.22	5.01	4.92	4.44	6.35	7.05	6.07	4.37	4.79	3.95	3.81	5.92	7.93	4.5	7.58	6.77	7.91	3.1	7.2	6.59	7.84	
648.0	71.0	11.0	11.0	4.68	7.43	8.7	6.14	6.18	6.21	3.52	3.02	8.65	3.04	7.82	6.53	3.62	4.7	8.99	4.31	4.4	7.48	3.97	6.22	5.06	
649.0	82.0	6.0	6.0	6.21	4.6	5.63	7.99	3.53	5.0	6.47	6.41	4.57	3.91	8.61	6.55	3.18	3.58	4.89	3.38	3.52	7.11	3.21	3.73	8.33	
650.0	86.0	15.0	15.0	5.99	3.85	6.29	3.76	8.49	3.92	7.31	7.76	7.27	3.21	3.28	6.06	4.22	8.36	5.86	8.79	3.79	5.13	6.87	6.36	4.86	
651.0	80.0	3.0	3.0	5.25	8.92	3.17	7.03	7.51	3.03	5.01	5.48	6.28	3.03	6.94	3.96	5.77	8.9	6.94	5.22	6.19	6.61	5.42	6.97	5.71	
652.0	64.0	4.0	4.0	8.26	4.82	5.72	8.96	8.06	5.84	8.53	6.65	4.05	4.2	6.0	7.39	8.63	4.8	6.18	8.43	8.91	3.65	5.59	4.06	8.61	
653.0	98.0	15.0	15.0	7.04	8.96	5.68	3.57	5.58	4.74	6.81	8.29	6.12	7.62	4.04	6.36	8.2	4.91	4.73	5.91	8.9	6.03	4.96	8.35	5.51	
654.0	88.0	4.0	4.0	7.8	7.47	8.51	3.23	3.12	7.43	4.4	4.57	8.81	3.32	7.2	6.92	7.01	7.97	6.71	3.34	6.0	7.83	5.81	5.39	5.2	
655.0	73.0	13.0	13.0	3.63	8.42	6.82	5.49	7.91	8.81	7.54	5.46	4.0	8.12	5.58	8.98	7.68	4.28	7.85	7.9	4.53	8.25	3.45	5.53	3.09	
656.0	77.0	8.0	8.0	7.04	5.4	7.5	4.98	8.67	6.76	4.91	3.94	7.67	3.29	6.71	7.06	4.18	5.53	3.45	7.97	7.39	6.92	5.55	7.96	6.95	
657.0	79.0	7.0	7.0	7.58	6.24	6.36	6.64	8.52	4.64	3.34	6.92	8.31	3.98	3.6	6.0	6.11	6.95	3.57	7.46	6.33	5.97	6.64	8.56	3.7	
658.0	91.0	9.0	9.0	3.49	4.85	4.42	8.05	4.0	5.82	8.17	3.45	8.32	4.92	8.66	4.63	4.56	5.8	6.83	8.05	6.56	4.93	5.96	8.55	8.3	
659.0	41.0	15.0	15.0	3.61	3.27	8.96	6.43	8.83	5.19	6.63	3.11	8.23	8.5	8.11	6.0	3.68	6.59	5.56	3.82	8.7	6.5	7.51	8.29	8.57	
660.0	69.0	12.0	12.0	6.23	5.84	7.18	5.96	5.42	5.56	4.02	6.08	6.62	5.79	6.3	8.78	6.09	6.5	8.41	3.43	5.08	4.91	4.78	7.63	4.72	
661.0	71.0	11.0	11.0	3.2	3.43	4.53	7.17	5.45	3.02	5.46	4.71	4.55	3.41	3.07	7.69	7.23	3.92	6.96	6.29	3.58	3.71	3.38	3.11	5.48	
662.0	32.0	14.0	14.0	5.83	4.5	4.25	5.49	8.55	3.07	6.12	5.04	4.03	4.34	3.49	5.58	6.73	4.36	3.31	7.16	8.38	5.7	7.13	8.4	7.01	
663.0	57.0	14.0	14.0	6.41	4.38	4.13	6.44	4.8	5.53	6.63	5.41	6.5	5.64	4.72	8.89	6.32	6.56	8.48	5.98	7.58	7.02	8.31	3.71	7.55	
664.0	100.0	14.0	14.0	7.23	7.94	4.5	8.19	4.69	8.95	8.87	7.7	8.47	3.85	3.51	7.19	5.72	3.77	3.09	7.3	5.25	3.38	8.04	4.91	8.63	
665.0	95.0	8.0	8.0	6.02	4.0	6.71	7.2	7.19	5.82	4.76	6.94	4.78	6.01	4.66	4.4	4.19	6.38	6.78	3.14	8.27	5.28	7.21	8.02	6.69	
666.0	98.0	15.0	15.0	8.32	7.56	7.88	7.7	7.16	3.48	3.07	4.99	4.21	8.62	3.62	7.38	5.62	7.93	8.04	7.99	6.16	7.16	8.01	7.13	3.19	
667.0	85.0	3.0	3.0	5.53	3.55	8.3	7.23	7.53	5.51	4.24	4.88	5.77	3.84	4.74	7.49	3.56	6.77	5.08	5.53	7.15	3.22	6.21	3.29	7.88	
668.0	44.0	3.0	3.0	4.46	6.03	6.28	3.24	6.11	5.92	4.11	5.01	7.55	3.04	3.4	6.59	6.01	7.41	8.2	8.25	3.04	6.1	7.5	5.55	6.37	
669.0	84.0	12.0	12.0	6.02	8.42	6.97	3.45	8.96	3.9	8.53	3.38	6.88	8.12	4.56	8.84	8.68	4.97	4.55	7.69	4.34	8.93	4.38	6.27	7.71	
670.0	78.0	8.0	8.0	6.63	6.73	8.82	5.26	4.1	8.99	5.47	7.71	5.63	5.9	5.5	4.78	7.25	5.8	8.53	6.64	4.15	7.97	5.89	4.0	8.84	
671.0	61.0	12.0	12.0	7.25	4.7	8.99	3.03	6.86	4.97	5.3	3.74	5.93	5.38	8.26	3.65	7.13	6.44	5.33	6.43	3.94	8.45	7.56	3.45	4.14	
672.0	82.0	6.0	6.0	4.58	3.73	7.01	6.94	3.86	7.31	7.64	8.09	7.03	6.01	5.4	8.43	5.9	6.64	4.71	3.23	4.27	4.21	3.85	8.32	8.8	
673.0	100.0	14.0	14.0	3.97	7.86	7.36	7.62	4.77	7.56	7.79	7.3	4.22	5.63	3.68	4.51	7.91	4.28	8.69	5.58	4.37	4.19	6.2	7.01	3.09	
674.0	92.0	10.0	10.0	8.68	9.0	8.46	5.09	6.32	7.78	3.91	8.74	8.16	3.57	8.16	6.46	6.08	6.09	6.55	4.05	4.99	6.37	3.47	4.24	7.94	
675.0	89.0	14.0	14.0	4.56	6.68	6.14	7.83	6.83	7.98	4.01	4.61	6.41	8.46	3.75	5.28	7.15	5.02	8.96	4.82	4.84	6.18	8.56	3.01	3.32	
676.0	31.0	8.0	8.0	6.17	5.97	7.84	5.68	3.93	8.05	5.36	8.18	5.15	5.77	6.79	4.14	4.81	3.77	6.5	6.96	8.18	5.15	4.08	7.2	6.08	
677.0	48.0	13.0	13.0	3.1	4.93	4.5	5.2	5.88	4.48	8.32	8.45	4.66	5.5	8.77	3.04	8.01	7.35	4.31	7.45	8.98	5.83	8.16	5.68	5.07	
678.0	34.0	14.0	14.0	6.82	7.69	6.74	4.74	8.64	4.14	4.29	4.36	7.82	8.83	8.1	7.02	5.54	6.12	8.89	6.15	4.03	7.14	5.8	6.24	7.17	
679.0	98.0	15.0	15.0	7.75	7.03	7.86	5.65	5.66	5.43	3.38	8.47	4.61	5.52	8.75	4.44	4.8	7.9	3.57	4.37	7.25	4.35	5.56	4.33	3.54	
680.0	50.0	9.0	9.0	4.14	8.45	6.59	8.01	3.4	7.4	8.92	4.12	8.12	8.49	5.7	5.35	5.8	8.71	4.99	7.07	4.26	8.19	3.39	8.92	3.08	
681.0	92.0	10.0	10.0	3.82	6.28	8.45	3.52	3.91	4.02	8.53	6.68	4.4	3.1	4.18	5.95	6.67	6.82	8.38	4.22	4.42	5.82	6.91	4.98	5.89	
682.0	60.0	3.0	3.0	6.36	8.94	3.62	6.67	7.11	7.43	7.39	7.25	3.16	6.23	5.69	4.58	8.48	3.05	3.55	5.69	7.1	7.68	5.82	6.63	5.67	
683.0	100.0	14.0	14.0	8.33	7.31	4.91	5.55	5.93	6.16	7.08	4.88	4.49	5.5	3.54	8.8	8.89	8.64	3.67	7.38	7.47	6.57	5.3	3.07	7.08	
684.0	96.0	15.0	15.0	5.13	5.31	8.83	6.44	3.28	3.8	5.85	8.65	5.01	8.84	8.62	5.18	4.55	6.54	5.68	3.67	6.46	5.83	3.33	3.64	8.52	
685.0	88.0	4.0	4.0	6.29	6.3	7.08	5.36	6.76	3.3	3.8	3.49	8.37	8.54	5.54	8.97	4.68	4.12	5.27	3.35	8.01	8.9	3.09	7.52	4.09	
686.0	47.0	15.0	15.0	5.74	5.56	6.59	7.45	5.3	4.38	4.83	3.05	3.69	7.07	4.03	6.83	7.59	4.75	7.18	8.99	6.49	6.39	8.84	4.01	5.4	
687.0	56.0	13.0	13.0	7.49	4.35	3.93	7.88	4.67	5.05	8.63	4.65	8.43	7.93	5.4	8.27	3.95	7.41	6.64	4.12	7.9	4.68	3.23	7.54	4.34	
688.0	55.0	6.0	6.0	5.81	4.22	8.28	5.19	7.59	7.37	5.55	6.79	6.14	8.76	4.46	5.45	5.55	4.65	3.49	3.08	5.91	8.26	5.37	7.61	3.68	
689.0	74.0	1.0	1.0	6.81	7.75	8.89	4.16	8.42	5.08	7.85	7.83	3.69	4.03	7.67	6.34	8.92	8.19	5.2	8.06	6.18	4.74	5.23	7.55	5.89	
690.0	86.0	15.0	15.0	5.75	8.15	4.86	3.06	8.08	7.27	6.94	5.65	4.23	5.7	7.73	6.55	8.98	3.13	5.65	8.73	4.72	7.46	3.82	5.37	8.71	
691.0	80.0	3.0	3.0	7.6	6.08	8.28	5.14	3.32	8.01	5.76	7.11	5.7	3.43	7.32	6.1	4.35	3.01	4.85	8.45	5.41	5.55	3.9	4.41	4.68	
692.0	65.0	11.0	11.0	5.79	8.0	8.77	8.26	7.82	5.48	4.7	3.66	8.05	3.46	7.59	3.55	4.03	4.65	6.32	3.07	4.8	7.98	8.62	6.77	8.76	
693.0	90.0	4.0	4.0	7.0	4.02	5.55	3.68	6.46	7.65	3.9	6.75	3.23	8.65	3.14	4.27	5.31	8.45	4.4	7.45	4.04	6.47	4.26	4.31	7.41	
694.0	91.0	9.0	9.0	4.47	4.37	6.59	5.17	6.36	8.27	7.01	6.1	3.21	6.63	3.44	8.6	5.51	7.47	4.99	7.12	3.41	8.85	5.56	8.88	4.5	
695.0	17.0	11.0	11.0	8.36	5.0	7.33	4.6	4.68	5.63	5.17	4.73	5.56	7.34	8.4	4.78	5.65	7.91	7.3	3.76	3.28	8.44	6.65	7.29	7.97	
696.0	34.0	14.0	14.0	5.36	3.0	3.81	6.47	4.91	3.59	6.02	8.18	3.1	7.05	3.59	6.43	6.81	6.0	8.37	3.41	8.29	7.74	8.62	7.99	3.02	
697.0	78.0	8.0	8.0	5.99	7.99	8.44	3.76	6.29	6.57	7.31	5.42	7.01	3.45	4.25	8.49	5.63	3.13	6.66	5.8	4.74	4.79	5.49	3.1	3.26	
698.0	99.0	12.0	12.0	7.17	3.54	3.72	7.04	5.82	5.74	4.63	5.24	3.9	3.07	7.2	4.63	5.81	4.86	5.96	6.41	5.95	6.31	4.4	6.25	8.47	
699.0	66.0	12.0	12.0	3.32	3.46	6.72	4.45	3.92	7.18	5.98	3.37	8.92	8.79	4.33	6.14	6.11	6.26	4.32	7.48	3.83	7.07	3.33	5.24	4.21	
700.0	69.0	12.0	12.0	8.85	3.92	7.79	3.31	6.54	4.49	8.73	6.46	7.23	3.88	8.52	7.27	4.52	8.81	4.05	8.89	3.54	4.72	7.25	3.59	8.88	
701.0	56.0	13.0	13.0	3.11	3.17	5.6	3.95	7.78	5.31	8.13	3.42	8.69	6.78	5.48	7.9	7.42	5.19	5.59	7.33	4.03	7.97	3.11	6.52	4.99	
702.0	60.0	3.0	3.0	5.75	8.51	4.68	8.86	3.7	7.47	5.17	7.95	5.78	5.83	7.6	3.31	5.45	7.19	6.62	4.38	8.47	4.12	6.47	3.36	3.02	
703.0	82.0	6.0	6.0	7.26	6.46	8.88	5.06	4.5	7.16	6.58	4.32	7.22	5.81	7.77	3.65	3.97	4.71	5.9	5.99	4.7	7.41	4.59	7.74	8.17	
704.0	24.0	14.0	14.0	7.56	8.24	8.01	4.3	5.26	3.72	4.55	8.12	7.84	3.1	3.76	8.86	7.87	7.45	3.28	4.23	7.0	7.22	7.28	4.64	6.3	
705.0	84.0	12.0	12.0	5.77	7.19	3.54	3.51	3.61	6.94	7.07	4.71	5.57	6.51	4.61	6.59	8.26	7.02	3.64	5.76	7.38	3.71	8.5	8.68	7.82	
706.0	93.0	4.0	4.0	5.22	8.36	5.68	8.22	8.17	5.12	4.41	3.5	4.5	5.59	8.71	6.23	8.64	5.94	7.79	6.84	5.64	8.91	6.83	4.27	8.16	
707.0	80.0	3.0	3.0	5.09	4.77	5.48	3.28	4.12	6.59	7.13	6.48	5.5	6.02	4.94	7.45	4.28	8.86	8.95	7.96	3.36	3.73	5.07	7.97	6.1	
708.0	72.0	11.0	11.0	4.26	3.67	6.44	7.08	5.71	5.92	6.83	3.65	8.81	8.88	3.02	7.22	5.97	8.66	8.66	3.56	4.18	7.5	4.95	8.48	7.89	
709.0	39.0	14.0	14.0	6.27	4.58	8.84	4.27	6.37	4.58	4.07	8.11	3.88	5.79	4.81	6.95	8.29	6.99	5.24	4.98	3.47	8.86	7.47	8.41	3.0	
710.0	79.0	7.0	7.0	5.87	7.05	5.12	6.79	6.34	8.07	5.13	5.91	4.73	4.83	8.1	3.01	8.17	4.29	3.79	7.3	8.78	5.03	4.15	6.33	3.23	
711.0	62.0	7.0	7.0	8.3	6.6	3.16	6.92	3.69	4.33	4.98	3.07	5.38	7.48	8.17	7.99	8.45	6.67	6.23	6.16	8.08	7.17	6.56	5.9	7.52	
712.0	65.0	11.0	11.0	7.38	7.23	8.74	4.1	3.23	4.3	3.24	7.86	8.09	4.74	7.86	3.65	4.89	5.07	7.08	7.79	7.41	7.73	4.87	8.24	4.24	
713.0	92.0	10.0	10.0	8.13	8.24	8.34	4.13	7.18	7.38	4.42	7.13	7.62	4.32	7.78	5.65	6.98	4.36	3.3	8.53	4.88	3.63	7.35	5.53	5.66	
714.0	7.0	11.0	11.0	7.74	5.1	5.79	8.9	8.06	4.34	5.11	6.4	4.9	6.26	3.29	7.41	6.6	4.15	5.36	5.54	6.73	6.78	5.42	3.38	4.88	
715.0	81.0	3.0	3.0	7.53	7.28	4.56	3.5	6.31	6.94	8.28	7.09	8.65	6.95	4.43	5.12	5.17	7.21	5.79	5.1	5.82	6.48	3.99	8.13	5.15	
716.0	77.0	8.0	8.0	5.54	6.4	6.49	3.56	3.17	3.55	3.51	3.98	4.32	3.71	6.91	6.57	5.76	7.44	5.89	5.51	6.35	5.08	8.87	4.97	8.5	
717.0	94.0	13.0	13.0	5.0	7.64	3.34	3.31	6.29	4.62	4.61	7.72	8.3	4.73	3.67	8.52	6.26	7.13	5.57	7.43	8.69	8.1	5.21	4.98	7.51	
718.0	61.0	12.0	12.0	7.54	5.56	3.96	4.86	7.73	5.71	4.62	3.8	5.37	8.98	7.39	8.6	3.91	5.58	6.52	5.98	8.44	8.71	5.91	8.8	8.16	
719.0	66.0	12.0	12.0	3.45	6.6	7.35	7.89	7.75	3.21	7.48	3.31	8.45	4.47	4.04	4.87	8.78	8.0	6.12	3.84	8.61	7.64	8.19	7.97	6.65	
720.0	87.0	5.0	5.0	8.89	3.01	7.67	5.2	7.5	4.47	7.03	6.7	8.84	5.88	4.61	4.87	5.08	7.88	3.9	8.27	7.33	5.01	4.52	8.49	4.16	
721.0	99.0	12.0	12.0	8.37	8.98	5.36	3.41	7.58	4.61	8.23	7.92	7.4	7.05	5.28	7.48	5.69	6.82	8.68	4.22	3.05	8.19	8.64	5.28	7.37	
722.0	90.0	4.0	4.0	3.48	8.47	7.18	5.64	7.95	7.44	3.67	5.62	4.72	5.79	7.93	8.3	6.21	6.47	3.73	3.76	3.18	9.0	3.61	8.76	3.8	
723.0	85.0	3.0	3.0	3.78	4.63	5.73	5.9	7.37	7.91	3.18	3.84	8.64	8.54	6.93	3.51	5.38	7.25	3.38	7.15	3.56	8.34	8.24	8.29	8.52	
724.0	57.0	14.0	14.0	5.32	4.6	6.15	3.7	7.63	8.4	7.1	3.47	8.43	6.25	4.58	4.37	7.85	7.73	5.84	3.44	6.12	4.55	5.98	3.81	5.59	
725.0	29.0	2.0	2.0	7.66	7.99	4.97	4.99	6.99	6.72	5.84	8.33	8.86	3.93	3.77	8.66	7.3	3.32	4.88	8.38	7.72	4.0	4.08	5.23	8.02	
726.0	73.0	13.0	13.0	3.85	6.06	7.39	8.46	4.07	8.02	6.35	3.22	6.75	3.22	8.66	7.88	8.09	5.45	4.55	7.15	3.12	4.21	8.16	7.01	3.22	
727.0	81.0	3.0	3.0	7.29	6.4	3.45	7.14	4.23	6.06	4.9	7.84	8.2	7.3	6.1	4.4	3.15	4.71	4.78	3.63	7.77	3.88	5.25	5.37	5.79	
728.0	91.0	9.0	9.0	8.47	6.75	7.4	5.09	7.75	5.76	5.1	5.95	7.31	7.93	5.58	8.98	3.62	5.13	8.07	7.2	5.36	3.11	8.81	3.8	3.38	
729.0	49.0	12.0	12.0	7.49	4.64	7.38	3.72	8.77	6.55	3.91	7.04	8.41	5.71	3.11	5.85	6.61	5.71	3.1	6.82	5.09	6.37	8.19	7.27	8.4	
730.0	78.0	8.0	8.0	3.99	6.99	4.56	6.45	5.13	3.04	7.19	8.64	4.05	3.72	6.31	8.02	8.33	7.53	4.11	4.08	3.41	7.2	5.38	7.99	6.84	
731.0	92.0	10.0	10.0	4.44	4.08	6.69	8.51	6.4	5.53	3.77	6.03	8.69	5.9	5.25	6.34	3.21	8.95	4.89	3.61	3.32	7.1	3.98	6.05	8.32	
732.0	65.0	11.0	11.0	3.29	5.81	3.67	6.94	4.81	8.01	8.25	6.97	3.46	4.31	7.73	7.78	4.1	6.46	6.44	5.51	6.62	4.5	8.88	3.38	8.87	
733.0	95.0	8.0	8.0	4.1	7.79	4.27	3.01	6.86	3.72	8.58	8.85	4.99	6.94	5.65	8.23	6.86	6.07	5.41	5.16	8.78	5.22	4.82	7.14	6.03	
734.0	81.0	3.0	3.0	5.49	4.89	5.52	6.24	6.33	3.79	3.48	3.62	6.82	4.36	6.62	4.37	7.73	8.79	3.37	7.82	7.24	5.5	4.73	3.74	4.91	
735.0	72.0	11.0	11.0	8.96	6.21	3.39	3.97	3.65	8.35	7.05	3.45	5.71	7.85	3.13	8.01	3.01	6.27	3.71	5.89	8.19	7.95	5.83	4.58	3.37	
736.0	76.0	6.0	6.0	3.59	6.63	7.61	8.95	7.29	8.01	8.82	3.97	3.14	5.16	4.69	5.42	4.88	5.96	7.62	5.52	5.53	8.79	3.36	7.17	8.1	
737.0	58.0	11.0	11.0	4.82	6.86	5.41	4.91	5.52	5.93	5.82	5.81	8.91	4.93	6.2	4.56	3.34	3.04	5.98	7.91	5.52	6.41	7.58	5.15	7.54	
738.0	100.0	14.0	14.0	8.43	6.13	6.87	8.7	5.2	5.83	5.45	6.74	3.15	7.84	4.12	8.83	5.44	4.19	3.27	8.21	3.42	4.75	5.58	8.88	7.65	
739.0	1.0	11.0	11.0	6.84	3.22	8.57	5.7	8.03	8.67	7.95	7.56	3.68	7.88	6.87	4.85	7.79	8.46	3.82	8.33	7.02	6.95	4.01	5.88	4.1	
740.0	68.0	5.0	5.0	7.08	7.44	3.55	4.86	7.76	7.62	3.48	3.04	7.95	3.96	7.87	6.85	5.45	6.72	4.13	8.83	5.57	7.03	7.45	3.51	8.26	
741.0	30.0	14.0	14.0	4.79	7.15	6.66	7.41	5.7	7.17	3.9	7.58	4.55	3.79	5.61	6.97	3.18	3.9	6.06	7.18	7.74	3.89	3.34	4.33	6.48	
742.0	83.0	5.0	5.0	6.04	6.97	4.68	3.35	5.98	8.08	5.45	5.83	6.39	7.38	3.59	4.04	3.54	7.57	7.57	7.64	4.8	8.24	5.78	4.54	8.38	
743.0	98.0	15.0	15.0	4.79	6.95	4.56	5.56	5.22	4.33	6.25	8.22	5.2	3.21	3.39	5.01	7.61	3.46	3.46	4.27	4.84	6.1	4.18	4.81	3.63	
744.0	2.0	14.0	14.0	7.0	4.56	7.14	4.11	7.68	3.84	5.91	7.1	8.94	6.03	6.87	4.05	8.24	4.3	3.11	3.5	7.74	7.32	8.15	6.89	6.9	
745.0	86.0	15.0	15.0	5.81	4.41	6.26	7.23	7.07	4.76	7.58	3.2	7.89	8.6	6.74	3.49	8.93	3.46	7.72	7.89	7.68	6.94	5.55	5.18	3.56	
746.0	93.0	4.0	4.0	3.96	8.77	6.54	6.25	5.39	8.26	7.59	6.58	4.71	5.87	7.42	4.26	4.1	7.47	8.9	7.06	8.72	5.89	5.01	5.0	8.77	
747.0	90.0	4.0	4.0	6.07	3.34	4.77	6.29	5.41	5.8	8.72	5.02	3.54	5.96	4.32	8.2	7.7	8.08	7.14	4.87	5.08	8.55	8.42	6.72	8.84	
748.0	50.0	9.0	9.0	7.6	7.1	3.96	3.26	7.35	4.01	7.63	3.19	4.32	8.12	4.94	6.0	3.33	6.8	4.92	4.53	7.56	7.97	4.56	7.97	4.29	
749.0	75.0	8.0	8.0	4.69	5.33	5.6	8.89	6.82	4.7	6.29	3.33	5.91	4.62	3.07	5.73	4.2	5.14	5.28	7.74	3.34	8.39	4.95	5.36	4.13	
750.0	85.0	3.0	3.0	6.91	5.76	8.77	4.22	4.87	6.25	5.99	6.24	8.75	7.09	5.82	7.08	5.72	6.0	4.13	6.09	4.77	6.57	8.55	6.03	3.9	
751.0	80.0	3.0	3.0	4.23	3.4	3.37	8.35	7.25	7.61	6.72	4.38	7.62	4.11	5.57	5.33	3.06	8.39	8.32	8.58	7.6	8.6	3.79	7.23	4.83	
752.0	81.0	3.0	3.0	5.79	5.74	7.77	7.12	3.37	6.07	4.97	6.57	5.49	8.51	3.51	5.8	6.91	5.4	6.45	4.14	8.62	4.51	3.37	4.59	5.9	
753.0	50.0	9.0	9.0	3.55	6.54	3.87	7.38	3.87	5.22	3.12	4.34	6.4	5.12	5.23	8.03	5.91	7.64	8.94	5.98	6.3	6.62	7.67	3.58	3.81	
754.0	81.0	3.0	3.0	5.33	3.56	6.93	6.18	7.59	7.15	3.59	4.14	3.55	3.36	7.68	8.21	3.58	4.71	4.17	5.62	5.42	5.41	4.07	7.49	6.82	
755.0	95.0	8.0	8.0	3.11	8.34	8.85	7.67	7.56	6.19	6.37	6.77	6.69	4.69	7.23	7.22	7.6	4.2	8.7	4.45	5.76	6.08	4.1	5.51	6.13	
756.0	46.0	14.0	14.0	3.44	5.61	8.36	8.58	4.47	8.48	3.87	4.66	4.55	8.85	5.72	8.42	4.73	6.74	4.23	5.3	8.87	6.67	3.9	4.52	7.79	
757.0	79.0	7.0	7.0	8.71	8.65	5.89	4.72	7.95	4.34	6.47	6.93	8.5	3.77	7.05	6.91	4.53	8.82	8.21	6.09	6.67	5.29	4.04	8.67	4.78	
758.0	90.0	4.0	4.0	6.46	8.89	7.0	3.49	4.75	8.91	4.13	3.77	8.3	4.79	6.12	3.0	3.28	4.04	3.14	8.65	7.11	6.71	5.45	3.22	4.06	
759.0	65.0	11.0	11.0	5.02	7.62	5.67	8.37	4.69	3.23	3.45	6.26	5.93	4.36	4.84	8.97	8.64	7.76	7.78	5.92	4.2	8.07	4.07	5.9	7.86	
760.0	54.0	10.0	10.0	3.77	4.37	3.53	4.32	7.55	5.72	7.13	4.25	7.0	5.54	5.28	5.49	3.0	7.87	5.92	6.84	3.74	3.87	4.64	7.05	3.46	
761.0	85.0	3.0	3.0	4.4	5.35	3.21	6.71	4.03	3.57	3.52	8.32	3.23	3.59	4.85	7.62	5.1	4.63	7.73	7.01	7.02	4.32	4.92	8.12	6.44	
762.0	44.0	3.0	3.0	6.33	3.86	7.69	7.98	6.51	8.97	5.02	3.5	6.06	8.46	7.0	5.32	5.7	8.12	7.57	5.51	8.29	5.22	5.94	3.62	5.34	
763.0	48.0	13.0	13.0	7.54	5.7	5.97	8.84	5.57	4.61	5.13	8.6	5.3	6.35	8.4	7.74	6.17	5.95	5.26	5.73	6.33	3.69	4.69	8.18	5.1	
764.0	95.0	8.0	8.0	8.82	8.16	3.24	7.84	6.94	7.59	4.85	7.0	5.51	6.79	4.54	4.7	7.09	5.46	7.57	8.88	7.3	7.31	7.1	6.69	3.01	
765.0	55.0	6.0	6.0	4.22	7.38	3.23	7.39	4.25	6.81	8.51	8.6	3.72	7.76	7.8	5.51	3.42	6.45	6.33	6.71	6.27	7.45	6.6	3.28	6.98	
766.0	58.0	11.0	11.0	6.36	6.04	5.49	8.54	6.5	7.01	8.74	3.77	6.4	4.11	4.91	4.79	3.59	5.4	3.38	3.99	5.71	7.73	3.92	8.29	8.39	
767.0	59.0	9.0	9.0	6.62	7.95	6.87	4.12	8.53	6.07	6.62	3.98	5.53	5.04	5.87	7.31	8.41	3.47	8.6	8.69	8.55	7.03	7.96	6.32	6.73	
768.0	42.0	4.0	4.0	4.84	6.53	4.34	3.75	6.64	7.01	6.57	3.01	5.77	7.04	6.65	3.45	7.68	7.76	4.15	3.52	7.86	6.87	8.58	5.24	3.2	
769.0	46.0	14.0	14.0	5.56	3.21	5.21	4.79	5.33	6.81	3.07	3.16	7.21	4.28	5.02	4.19	3.1	3.5	3.2	4.9	7.73	6.88	3.56	5.64	3.05	
770.0	94.0	13.0	13.0	8.9	8.26	6.65	8.34	6.09	5.51	3.87	4.91	4.48	8.82	3.34	3.12	5.2	7.8	8.78	3.64	8.32	6.58	5.33	6.51	7.91	
771.0	52.0	4.0	4.0	3.75	6.85	4.38	6.48	4.45	3.02	3.76	4.27	3.86	4.04	3.32	5.26	5.41	4.1	5.81	5.22	3.24	3.19	5.39	6.18	4.23	
772.0	53.0	12.0	12.0	6.83	7.03	3.42	3.55	6.37	7.21	7.01	5.98	5.05	8.24	8.91	6.39	7.69	7.89	4.03	4.88	7.56	3.72	4.58	7.87	4.9	
773.0	93.0	4.0	4.0	5.97	5.44	6.24	3.74	7.63	5.55	8.09	4.52	3.23	7.82	3.68	6.89	8.15	5.99	8.38	3.94	3.3	6.99	6.22	5.72	5.65	
774.0	54.0	10.0	10.0	7.14	6.65	6.42	7.44	8.24	7.31	7.23	5.11	6.78	7.51	6.84	8.2	3.66	8.47	7.53	5.21	5.97	6.1	8.33	7.14	3.22	
775.0	44.0	3.0	3.0	4.76	7.76	5.62	6.91	6.18	4.44	6.45	3.18	3.53	5.35	7.06	7.77	5.06	8.75	3.28	5.37	3.09	5.06	3.83	4.71	3.16	
776.0	47.0	15.0	15.0	6.2	7.0	3.15	8.3	5.46	8.08	5.9	4.34	6.67	4.8	7.87	7.34	3.7	3.77	7.07	3.64	6.01	6.01	6.87	3.64	5.31	
777.0	45.0	5.0	5.0	3.06	6.1	8.51	8.88	8.01	3.49	7.23	7.22	4.14	5.24	3.71	7.95	6.68	4.46	5.82	5.58	6.54	7.88	4.8	7.37	7.38	
778.0	53.0	12.0	12.0	8.72	7.06	6.74	6.31	4.96	5.08	8.36	5.78	8.76	4.32	6.1	8.79	3.6	8.17	6.14	7.05	5.24	4.78	3.16	6.95	8.44	
779.0	57.0	14.0	14.0	8.23	5.53	6.65	4.66	7.32	7.33	4.47	5.98	3.98	6.45	5.06	4.52	3.74	7.43	7.07	6.29	6.23	3.41	6.2	8.51	8.07	
780.0	68.0	5.0	5.0	7.09	8.87	6.23	3.51	8.04	3.28	5.91	4.3	6.84	5.97	6.46	4.85	3.36	8.74	8.09	5.95	8.67	3.53	8.13	6.68	3.09	
781.0	93.0	4.0	4.0	7.81	5.65	4.62	6.23	5.86	5.29	4.86	8.97	3.2	4.45	6.55	7.03	6.77	6.58	4.03	7.88	3.14	8.6	7.85	8.36	7.57	
782.0	100.0	14.0	14.0	8.36	6.4	3.14	5.75	7.76	6.63	5.64	7.57	5.16	6.14	6.45	7.68	7.25	8.13	3.35	7.17	3.67	3.19	3.27	5.46	8.65	
783.0	31.0	8.0	8.0	4.57	4.35	8.22	8.65	3.31	7.33	5.92	5.19	4.13	4.16	7.9	5.99	4.95	3.24	3.28	7.07	6.98	3.33	4.93	7.89	4.32	
784.0	50.0	9.0	9.0	5.37	4.2	5.23	8.04	4.81	5.77	4.44	7.39	7.36	3.51	7.26	8.48	7.2	8.24	6.44	5.8	4.34	8.86	8.01	5.13	6.58	
785.0	99.0	12.0	12.0	6.09	4.12	5.54	8.87	5.27	7.05	6.41	7.24	6.16	4.58	8.55	8.79	3.07	6.61	4.24	6.47	6.05	6.96	8.04	4.63	8.77	
786.0	75.0	8.0	8.0	6.0	4.73	5.82	7.84	5.33	3.34	5.18	6.42	6.71	4.01	7.48	8.19	5.57	8.94	7.4	6.37	5.28	3.47	6.28	3.11	6.57	
787.0	88.0	4.0	4.0	5.18	4.56	5.66	6.26	4.16	6.9	5.58	8.86	7.35	3.97	4.89	3.78	6.87	6.99	6.56	6.12	6.42	4.77	5.51	5.51	8.54	
788.0	89.0	14.0	14.0	4.46	8.04	5.46	5.86	7.36	5.06	8.1	8.92	7.9	5.83	3.75	3.34	4.18	8.22	5.53	8.25	5.98	3.27	4.06	6.93	6.86	
789.0	45.0	5.0	5.0	5.67	8.71	5.1	7.79	4.01	6.36	3.9	5.16	3.43	8.89	7.52	7.44	7.73	4.8	6.74	6.99	6.47	8.28	7.67	6.42	8.15	
790.0	48.0	13.0	13.0	7.55	3.13	8.71	3.05	6.76	8.95	4.07	3.62	4.08	6.3	5.69	7.52	7.15	8.93	4.64	7.28	8.75	8.89	3.76	4.35	6.1	
791.0	89.0	14.0	14.0	4.05	6.54	7.16	3.64	5.44	3.68	5.15	4.32	3.55	6.62	6.89	7.12	8.35	7.08	6.04	8.62	4.95	8.59	8.72	3.92	7.54	
792.0	94.0	13.0	13.0	6.25	3.8	5.87	7.67	7.87	4.7	8.24	8.48	4.3	7.29	4.64	5.24	6.29	5.25	6.5	3.67	8.04	4.67	4.57	5.25	7.01	
793.0	59.0	9.0	9.0	3.33	4.32	6.52	5.58	7.36	4.12	3.79	6.87	8.94	8.03	3.5	5.56	3.01	8.18	7.28	3.33	6.52	8.43	3.3	6.57	5.12	
794.0	41.0	15.0	15.0	8.0	3.33	7.5	3.33	8.62	6.28	5.12	5.06	5.12	5.27	6.81	8.67	5.83	4.11	8.64	7.31	6.32	6.88	5.73	4.7	4.86	
795.0	96.0	15.0	15.0	3.75	4.72	7.51	4.51	7.43	4.28	8.03	3.33	3.79	7.69	8.67	8.79	5.58	5.66	8.23	8.42	3.01	3.13	4.23	7.12	7.32	
796.0	77.0	8.0	8.0	8.89	3.55	5.18	8.73	5.79	7.33	4.42	8.21	7.14	4.02	7.87	5.85	3.05	5.65	3.03	4.35	5.33	7.82	8.56	7.51	5.22	
797.0	100.0	14.0	14.0	6.74	6.58	5.83	5.18	4.31	6.51	5.44	3.2	5.77	6.66	6.57	6.92	5.93	4.04	5.48	3.09	4.13	5.14	5.06	5.11	4.88	
798.0	82.0	6.0	6.0	5.78	6.81	5.75	4.31	6.83	6.77	4.0	6.17	7.39	7.79	7.37	8.92	7.74	8.78	3.24	7.97	3.24	8.76	6.61	7.71	3.76	
799.0	56.0	13.0	13.0	6.22	4.29	8.04	8.32	5.75	8.97	8.01	4.96	5.12	8.31	7.15	6.95	8.77	7.29	3.3	4.95	3.24	7.08	5.64	6.05	5.05	
800.0	58.0	11.0	11.0	3.41	5.32	3.31	3.41	5.16	3.16	7.77	5.93	3.85	6.36	7.09	4.5	7.79	5.23	5.99	3.56	8.27	4.77	8.06	3.99	7.19	
801.0	41.0	15.0	15.0	6.87	3.86	5.35	6.84	8.42	3.88	8.26	5.69	4.93	3.03	3.98	4.11	6.7	5.21	8.13	6.6	8.35	6.29	6.05	3.32	4.72	
802.0	28.0	8.0	8.0	4.97	7.02	6.79	3.07	5.16	3.78	8.36	8.44	4.82	4.85	4.73	3.99	4.53	5.29	6.07	4.37	4.41	4.21	5.13	8.29	4.75	
803.0	68.0	5.0	5.0	4.01	6.36	8.34	4.04	5.34	5.23	6.6	8.83	3.35	3.48	3.37	4.54	3.97	8.54	3.04	3.56	3.18	5.09	6.01	6.03	6.33	
804.0	50.0	9.0	9.0	3.8	4.66	4.37	8.8	6.1	8.56	6.06	6.22	7.35	4.11	3.8	6.26	3.02	4.96	3.62	3.32	4.15	7.51	7.54	7.03	4.24	
805.0	53.0	12.0	12.0	8.8	6.3	5.91	5.0	5.95	7.32	5.16	5.2	5.03	8.11	8.19	7.42	8.45	7.43	7.44	4.22	6.23	7.31	5.29	4.29	6.73	
806.0	92.0	10.0	10.0	4.86	4.76	5.12	8.45	3.71	6.18	7.74	4.68	6.61	8.14	8.97	3.11	5.3	8.28	3.76	8.06	7.32	3.14	3.16	5.63	6.43	
807.0	94.0	13.0	13.0	8.88	6.66	3.47	4.35	4.07	8.87	8.31	4.05	3.23	7.55	7.9	6.52	4.09	5.5	7.73	3.66	3.12	7.71	5.85	4.77	6.96	
808.0	44.0	3.0	3.0	5.16	6.33	5.14	4.96	6.91	7.16	3.29	6.39	7.67	8.31	8.78	3.66	4.11	8.87	4.81	6.08	5.62	7.43	4.96	4.65	4.49	
809.0	83.0	5.0	5.0	7.46	3.17	6.91	6.96	5.52	4.86	3.45	8.94	8.12	7.42	6.61	7.85	5.97	8.88	8.34	8.17	8.27	7.95	7.41	6.7	0.6487940873036703	
810.0	94.0	13.0	13.0	6.39	7.43	4.01	4.03	3.65	5.12	3.61	3.74	7.41	3.06	5.26	5.26	7.09	3.96	7.33	8.78	6.81	3.52	6.52	8.48	6.13	
811.0	84.0	12.0	12.0	4.01	7.01	3.54	4.79	8.16	6.07	8.62	3.99	7.67	6.19	7.67	5.72	3.67	8.17	7.66	7.85	3.26	8.84	6.56	3.63	7.42	
812.0	98.0	15.0	15.0	7.15	4.31	8.56	3.51	6.91	3.14	4.93	8.83	7.23	7.09	4.88	6.91	4.4	5.54	7.47	7.65	6.65	5.26	7.0	5.32	8.17	
813.0	100.0	14.0	14.0	4.72	5.41	4.92	3.93	4.95	4.14	7.14	8.84	6.61	7.45	6.67	7.33	3.52	3.38	4.09	4.11	7.16	5.63	5.37	8.92	3.18	
814.0	99.0	12.0	12.0	6.01	4.84	5.07	7.88	5.53	4.68	5.75	4.85	7.29	5.67	7.54	3.88	6.26	4.73	8.14	6.54	4.12	6.83	4.5	6.24	6.34	
815.0	43.0	13.0	13.0	3.41	3.29	3.94	8.38	7.94	3.48	8.39	6.69	7.08	6.23	3.21	6.29	7.83	6.14	6.8	7.98	4.12	7.3	8.04	6.01	7.1	
816.0	87.0	5.0	5.0	3.69	3.32	5.98	3.77	3.75	8.59	5.93	8.89	5.3	6.27	4.67	6.01	7.31	5.4	5.15	3.28	4.34	4.86	6.57	7.35	8.41	
817.0	49.0	12.0	12.0	5.24	8.9	5.74	6.16	6.97	7.66	5.2	3.36	6.69	8.41	6.65	7.68	6.69	5.8	6.44	6.56	5.31	5.63	6.27	4.12	8.06	
818.0	52.0	4.0	4.0	5.93	7.5	4.48	6.47	4.22	5.49	7.29	8.72	8.34	3.11	8.41	4.08	7.36	3.36	8.62	5.58	3.88	5.58	5.8	4.54	4.17	
819.0	77.0	8.0	8.0	5.58	5.87	5.59	6.71	5.93	4.64	3.05	7.4	7.42	4.73	8.33	3.32	7.41	7.01	5.92	4.28	5.1	6.08	4.0	4.96	3.85	
820.0	86.0	15.0	15.0	5.96	6.68	8.56	7.76	8.03	7.62	8.62	8.81	3.44	6.21	4.6	5.24	8.31	4.58	5.41	4.52	6.39	7.6	6.24	8.41	8.07	
821.0	86.0	15.0	15.0	8.26	4.61	7.11	3.34	7.23	5.86	3.86	4.44	5.64	5.0	5.58	7.12	6.05	7.62	5.65	5.32	8.69	8.23	7.96	7.77	7.66	
822.0	46.0	14.0	14.0	6.53	8.26	5.53	7.93	7.77	5.21	3.83	5.38	7.98	6.48	6.97	6.33	8.79	5.82	6.99	4.37	6.62	8.86	7.62	3.05	3.74	
823.0	61.0	12.0	12.0	7.3	7.33	5.54	3.39	8.15	3.13	6.07	3.24	6.86	4.53	8.9	8.88	5.86	3.88	5.87	8.65	7.35	6.41	6.7	5.13	8.16	
824.0	38.0	5.0	5.0	6.4	7.62	3.9	5.09	4.79	5.02	6.86	5.49	4.24	4.6	3.15	7.17	5.19	6.63	7.02	3.96	3.24	5.43	5.72	7.98	3.82	
825.0	89.0	14.0	14.0	3.68	6.66	4.86	4.12	5.8	4.64	6.67	3.3	7.56	6.91	3.75	3.82	6.87	8.36	7.0	3.02	4.62	4.07	4.76	8.04	5.85	
826.0	57.0	14.0	14.0	4.91	4.03	4.57	8.22	6.08	5.78	3.91	5.94	7.2	5.42	7.44	7.56	8.09	5.79	6.1	7.14	5.17	3.83	4.55	4.03	6.4	
827.0	41.0	15.0	15.0	7.22	7.55	4.49	5.67	6.5	6.22	5.53	4.19	7.67	7.09	4.54	3.65	4.75	7.65	4.66	5.01	5.7	6.18	4.05	6.23	7.93	
828.0	99.0	12.0	12.0	5.98	8.58	6.65	6.23	7.49	5.39	3.3	3.19	5.48	7.22	5.97	8.43	5.05	6.66	5.55	6.51	6.88	5.1	6.92	8.11	8.77	
829.0	47.0	15.0	15.0	3.05	4.81	7.46	8.89	7.52	7.35	4.78	7.16	5.09	7.23	6.95	8.59	8.54	5.29	8.89	5.39	3.03	6.44	7.66	7.3	4.54	
830.0	48.0	13.0	13.0	3.5	5.15	5.23	6.15	5.81	8.21	5.87	7.2	4.64	6.17	6.1	4.07	5.28	8.24	6.38	5.15	8.72	4.57	8.86	4.07	5.65	
831.0	83.0	5.0	5.0	3.84	5.26	5.7	5.69	6.9	8.08	5.24	7.08	8.39	4.57	5.4	8.42	8.51	7.48	6.27	3.22	7.27	4.13	3.63	4.0	6.13	
832.0	55.0	6.0	6.0	4.69	4.26	3.08	7.15	7.31	3.19	4.19	7.65	4.76	4.55	7.48	4.98	3.44	6.23	6.86	3.34	6.53	7.28	7.69	7.41	6.62	
833.0	71.0	11.0	11.0	8.84	8.77	8.9	7.88	5.97	5.26	3.98	5.49	3.1	3.47	5.6	3.16	8.99	7.73	8.78	4.06	3.71	6.72	7.59	3.78	5.96	
834.0	60.0	3.0	3.0	8.56	8.23	8.58	3.36	7.39	6.39	4.44	8.73	5.59	5.64	8.57	8.72	4.43	4.99	7.42	4.76	8.03	7.73	5.48	4.33	3.63	
835.0	64.0	4.0	4.0	7.83	8.7	8.94	4.54	4.07	3.19	3.28	8.24	6.83	8.4	4.54	8.89	3.06	5.99	4.76	3.41	6.12	6.99	5.27	8.42	5.89	
836.0	91.0	9.0	9.0	3.2	6.43	4.43	4.75	7.2	4.7	8.34	3.11	4.06	6.73	8.98	3.07	4.73	8.2	5.68	5.29	8.92	5.68	5.27	4.94	8.99	
837.0	86.0	15.0	15.0	4.36	3.91	4.19	6.27	4.06	5.73	4.01	5.3	3.86	3.89	4.7	8.61	7.28	7.99	7.39	5.99	8.81	5.7	4.88	3.03	8.85	
838.0	85.0	3.0	3.0	8.32	7.42	4.81	5.67	4.24	5.45	8.42	7.21	4.63	6.05	4.05	6.24	6.92	7.76	4.23	7.47	7.22	3.12	7.52	4.23	8.42	
839.0	97.0	9.0	9.0	5.12	6.48	3.03	3.56	6.19	5.87	5.7	3.02	4.77	5.37	6.05	5.47	3.03	6.22	6.17	6.72	8.66	5.05	6.24	5.76	4.95	
840.0	58.0	11.0	11.0	7.35	8.09	3.05	4.15	5.57	3.65	4.59	8.51	5.45	7.65	5.99	8.88	8.18	8.71	3.89	4.57	5.41	8.31	3.33	3.13	7.46	
841.0	100.0	14.0	14.0	6.83	6.37	7.13	6.35	8.02	5.12	8.37	8.29	8.22	6.11	8.93	4.2	5.78	6.05	8.8	6.41	7.09	6.64	8.78	3.59	6.81	
842.0	96.0	15.0	15.0	7.76	5.56	7.1	8.3	5.87	3.88	6.6	4.77	4.49	3.45	4.64	8.0	3.73	3.12	6.42	4.17	7.69	5.42	3.37	3.23	4.7	
843.0	26.0	1.0	1.0	7.59	8.0	6.44	7.86	8.56	3.62	4.39	3.54	4.41	7.7	7.43	8.18	4.97	6.48	8.3	4.13	4.22	5.84	3.19	8.52	5.83	
844.0	82.0	6.0	6.0	8.27	3.65	6.2	6.28	6.45	6.46	5.22	3.54	4.2	5.36	6.39	6.09	4.44	4.88	3.43	4.65	7.87	7.08	3.51	6.71	7.54	
845.0	55.0	6.0	6.0	6.08	7.02	3.42	5.12	7.37	3.98	7.65	7.17	4.27	4.07	7.85	3.78	3.53	5.01	8.06	7.13	6.25	3.59	8.31	6.73	8.35	
846.0	57.0	14.0	14.0	8.23	5.83	6.86	8.49	5.44	5.83	5.21	5.78	6.86	4.71	6.6	3.05	8.6	7.82	5.77	3.42	3.48	5.35	3.9	6.37	5.4	
847.0	59.0	9.0	9.0	4.28	3.01	7.72	8.07	5.22	5.95	8.01	6.18	6.3	7.51	6.89	4.79	7.15	5.42	7.87	8.7	7.01	4.29	4.32	5.53	5.88	
848.0	90.0	4.0	4.0	6.19	6.96	4.87	4.6	5.09	8.92	6.02	5.91	8.4	4.76	7.74	7.42	4.79	3.85	8.23	5.75	7.62	4.9	3.72	3.0	6.11	
849.0	71.0	11.0	11.0	8.57	4.74	7.68	6.8	5.57	8.11	4.81	6.79	4.31	5.64	7.21	7.01	6.88	5.4	6.71	8.0	4.21	3.25	6.12	6.37	3.71	
850.0	78.0	8.0	8.0	5.89	6.59	5.55	6.07	5.06	3.38	7.89	7.17	7.25	6.86	8.08	7.37	6.94	6.75	4.74	6.9	6.07	3.36	5.11	5.16	8.68	
851.0	51.0	2.0	2.0	6.94	6.98	6.43	5.69	5.41	3.96	4.27	4.16	6.56	7.23	4.59	8.96	7.87	4.67	7.49	6.54	8.92	5.55	5.3	7.51	6.65	
852.0	99.0	12.0	12.0	5.43	5.27	3.53	7.87	5.73	6.43	4.27	6.09	5.43	7.79	4.15	3.18	4.27	6.14	6.65	4.6	3.35	4.05	5.0	7.78	4.64	
853.0	89.0	14.0	14.0	6.98	5.01	3.17	5.49	5.08	7.37	8.72	3.32	6.92	5.83	4.37	8.88	3.42	5.75	7.42	7.32	4.69	7.74	8.65	7.68	4.93	
854.0	6.0	7.0	7.0	8.31	5.6	3.26	3.95	6.45	8.68	6.28	4.44	8.4	6.16	8.21	4.62	5.82	6.78	7.71	4.24	7.67	4.19	6.62	6.05	3.19	
855.0	79.0	7.0	7.0	3.49	7.18	5.66	5.09	7.96	3.56	8.15	4.61	4.12	7.99	7.8	4.87	5.1	4.34	6.43	3.54	3.36	3.51	4.76	5.95	4.4	
856.0	48.0	13.0	13.0	5.95	6.36	8.2	7.49	6.43	5.22	3.92	3.57	5.84	3.87	6.91	6.44	5.86	4.51	5.98	4.14	8.6	3.32	3.65	7.06	8.09	
857.0	49.0	12.0	12.0	5.99	5.3	4.11	4.51	8.81	5.8	8.17	5.79	3.17	4.07	4.47	3.92	7.45	5.03	3.22	7.19	8.05	5.25	7.84	6.56	7.02	
858.0	69.0	12.0	12.0	8.44	7.86	8.65	4.96	6.26	4.03	7.79	4.13	7.14	6.91	6.11	6.63	5.6	7.64	8.04	8.75	5.32	3.97	4.11	3.93	7.46	
859.0	78.0	8.0	8.0	5.18	8.91	6.68	7.91	5.93	4.07	8.62	6.26	7.93	7.67	6.96	7.75	8.06	4.46	8.62	3.5	3.21	3.16	4.82	7.9	5.17	
860.0	90.0	4.0	4.0	5.24	6.0	6.42	8.29	7.04	5.18	3.34	5.28	3.28	8.55	7.08	7.18	4.9	8.24	5.78	4.18	6.22	5.08	7.74	8.88	8.11	
861.0	95.0	8.0	8.0	8.54	5.4	5.21	8.66	3.99	5.13	4.98	4.65	8.08	8.36	6.78	5.02	4.32	3.48	3.22	4.05	6.65	3.47	4.3	5.52	4.94	
862.0	77.0	8.0	8.0	6.78	7.39	3.68	4.26	8.12	6.27	8.59	7.87	3.06	5.54	4.94	3.39	6.75	6.27	7.46	3.82	7.07	3.4	4.12	8.3	6.39	
863.0	14.0	13.0	13.0	6.01	5.91	6.93	4.28	8.53	3.78	4.85	8.78	5.71	3.94	5.35	6.86	4.25	4.41	7.49	8.97	3.56	8.89	8.06	8.05	4.37	
864.0	27.0	13.0	13.0	3.88	6.22	5.27	5.95	8.36	5.68	4.35	3.25	8.3	3.69	4.27	4.76	6.87	6.08	3.75	6.62	3.12	4.61	4.06	8.54	3.42	
865.0	85.0	3.0	3.0	3.9	7.93	4.87	5.26	4.8	5.32	6.48	8.35	7.97	3.91	7.18	4.73	4.6	8.94	5.44	6.55	5.36	7.05	5.14	8.24	8.16	
866.0	94.0	13.0	13.0	7.33	3.49	5.92	6.19	6.41	4.63	5.56	4.54	4.88	5.22	4.05	8.91	5.6	8.78	6.89	6.47	3.98	8.28	5.72	3.97	7.97	
867.0	94.0	13.0	13.0	4.5	8.23	3.08	3.78	8.36	4.8	6.11	4.09	5.25	6.41	5.19	8.52	6.87	8.68	7.57	3.22	5.75	3.96	3.06	5.36	8.36	
868.0	83.0	5.0	5.0	5.46	4.48	5.52	3.71	5.86	4.23	8.79	7.6	4.35	5.17	6.42	8.32	6.66	3.74	3.23	6.45	4.44	8.54	4.16	4.36	3.2	
869.0	88.0	4.0	4.0	8.76	3.01	6.58	8.75	7.92	6.0	8.17	7.89	5.92	3.31	6.65	8.81	5.46	6.47	6.06	3.08	7.71	4.83	3.41	8.34	8.28	
870.0	70.0	11.0	11.0	5.04	5.29	6.28	4.15	8.67	6.72	7.51	8.1	5.05	6.36	7.62	4.67	4.4	4.81	8.55	8.09	3.87	5.35	8.26	3.12	5.39	
871.0	38.0	5.0	5.0	3.76	7.59	7.39	7.36	6.61	5.43	4.31	6.17	3.41	7.63	3.11	8.65	6.68	8.7	7.27	6.59	5.73	4.62	3.82	3.16	3.77	
872.0	65.0	11.0	11.0	4.49	4.69	6.38	8.16	3.46	5.54	5.54	6.16	6.69	6.75	7.26	8.59	4.95	5.89	5.69	8.0	7.48	4.66	5.92	5.05	8.22	
873.0	82.0	6.0	6.0	8.54	8.94	4.56	4.43	6.92	4.6	6.98	7.91	6.25	8.44	6.21	7.12	4.65	3.89	3.55	8.5	6.61	7.13	7.95	6.98	7.73	
874.0	86.0	15.0	15.0	6.56	4.88	6.46	3.99	5.74	3.58	8.08	4.98	7.96	8.11	3.59	6.98	8.16	6.86	6.71	6.74	6.5	3.87	8.38	8.19	8.71	
875.0	40.0	11.0	11.0	6.82	8.29	7.77	6.04	6.45	7.14	7.55	7.44	4.69	4.56	8.99	3.34	8.3	6.04	7.12	8.14	7.39	4.27	3.34	8.71	4.29	
876.0	78.0	8.0	8.0	7.66	7.86	5.23	6.82	8.92	6.79	6.33	3.21	8.28	4.63	6.41	6.52	6.81	4.96	5.73	4.05	7.01	3.52	7.47	3.85	4.43	
877.0	88.0	4.0	4.0	8.3	4.34	5.58	6.9	8.71	5.01	7.42	5.1	7.05	7.02	7.66	7.49	7.86	8.99	5.01	6.0	5.23	8.49	8.82	7.03	1.712029272596828	
878.0	82.0	6.0	6.0	3.02	8.1	5.6	8.71	7.49	6.78	5.13	7.68	7.83	7.15	5.34	5.67	5.88	6.24	4.67	4.17	6.91	8.96	3.28	7.4	8.7	
879.0	79.0	7.0	7.0	3.94	7.18	3.53	4.17	4.9	4.0	4.08	4.41	5.5	8.59	8.55	6.44	8.5	8.47	4.32	6.2	6.38	8.17	4.85	8.57	8.34	
880.0	27.0	13.0	13.0	4.73	7.7	5.15	8.04	3.53	5.88	5.95	7.16	3.26	6.74	5.3	6.51	4.13	7.67	3.29	6.75	4.22	7.62	7.36	4.97	4.66	
881.0	94.0	13.0	13.0	4.16	3.43	3.19	8.98	7.36	8.36	8.78	5.0	8.12	3.15	8.95	5.7	3.16	3.81	6.02	5.83	3.15	6.93	5.05	3.31	4.05	
882.0	45.0	5.0	5.0	8.88	3.48	5.13	4.65	7.36	6.2	7.82	6.28	3.78	3.85	4.09	6.55	6.59	8.12	4.55	6.4	8.88	3.43	3.01	7.47	7.83	
883.0	48.0	13.0	13.0	7.91	3.03	5.06	3.59	5.42	3.44	7.08	6.6	6.48	6.88	5.56	6.56	3.04	4.25	6.22	8.09	4.28	4.62	8.36	5.95	5.1	
884.0	46.0	14.0	14.0	6.29	5.18	6.88	3.3	5.84	5.86	3.16	8.54	8.73	3.26	4.92	4.39	4.66	6.6	4.51	3.73	6.04	6.97	7.88	3.91	3.24	
885.0	19.0	13.0	13.0	7.31	5.92	3.08	7.15	8.16	8.77	3.5	4.3	7.49	3.93	8.64	6.32	8.95	5.83	7.69	4.68	5.41	3.69	8.57	3.94	3.29	
886.0	73.0	13.0	13.0	8.73	5.41	5.48	3.69	3.09	7.81	4.82	4.06	6.17	5.95	3.82	5.32	4.8	3.07	3.86	5.77	4.31	4.51	3.41	6.98	3.52	
887.0	62.0	7.0	7.0	4.13	4.53	8.12	5.71	8.05	8.96	8.97	4.24	3.35	7.43	7.48	5.45	6.72	5.76	3.32	4.24	5.98	8.28	8.35	8.21	5.12	
888.0	100.0	14.0	14.0	8.27	8.55	5.18	8.45	7.16	5.79	7.21	8.45	5.19	3.13	3.03	4.44	6.52	7.53	4.77	3.78	4.34	3.75	8.36	6.8	8.64	
889.0	46.0	14.0	14.0	3.76	7.59	4.96	3.63	5.37	8.51	4.83	4.55	6.34	6.9	3.37	6.16	4.86	7.07	7.03	7.03	8.09	6.79	4.71	6.13	7.99	
890.0	61.0	12.0	12.0	4.42	3.82	4.4	4.48	3.96	3.2	7.6	3.72	4.12	3.2	3.53	8.41	6.43	4.45	6.28	8.54	6.04	8.3	6.22	3.4	6.09	
891.0	91.0	9.0	9.0	6.4	7.96	7.42	6.62	5.03	4.58	4.32	8.35	6.49	4.7	7.73	6.76	7.15	6.52	3.16	8.39	5.66	6.44	8.75	4.95	8.6	
892.0	70.0	11.0	11.0	7.25	6.12	8.14	6.47	8.02	3.16	6.34	4.93	4.39	6.91	4.5	3.92	4.85	4.87	6.67	3.69	5.46	6.98	4.18	3.44	4.0	
893.0	93.0	4.0	4.0	5.89	6.13	4.11	3.33	6.52	4.96	8.12	3.97	6.5	7.91	5.23	8.78	7.05	8.79	5.03	7.17	7.25	7.78	6.02	6.76	8.35	
894.0	60.0	3.0	3.0	8.25	3.09	3.58	5.97	8.6	3.58	8.09	3.33	8.46	5.53	5.53	3.59	6.32	3.71	7.74	3.78	4.41	4.56	7.93	6.83	5.78	
895.0	43.0	13.0	13.0	3.06	5.25	3.34	4.51	8.73	5.37	5.6	8.16	7.63	5.49	7.6	4.06	3.33	5.03	6.46	3.02	8.48	5.49	6.17	7.93	8.76	
896.0	54.0	10.0	10.0	4.83	4.7	6.3	8.68	6.79	8.35	8.12	3.31	8.47	3.52	5.72	8.45	6.56	7.63	8.43	5.79	4.64	3.82	8.15	3.27	8.44	
897.0	23.0	7.0	7.0	6.93	7.58	5.3	8.83	4.66	7.4	6.58	8.12	7.28	5.02	6.97	3.7	7.06	5.29	7.32	4.89	8.02	5.22	4.0	6.7	3.64	
898.0	65.0	11.0	11.0	6.75	4.32	7.4	5.24	6.58	4.44	6.21	3.21	8.31	3.75	6.18	8.02	6.02	7.27	8.09	3.11	5.52	3.66	8.89	6.05	3.15	
899.0	66.0	12.0	12.0	3.06	4.51	7.87	5.43	3.08	3.81	4.08	7.26	4.93	7.6	3.35	6.73	6.89	4.85	5.74	5.73	5.11	8.45	6.81	4.29	7.32	
900.0	58.0	11.0	11.0	6.85	6.68	5.09	3.8	7.89	7.15	8.78	7.21	4.51	6.83	6.1	4.75	5.39	3.77	4.38	5.67	3.78	6.21	7.06	8.24	7.18	
901.0	94.0	13.0	13.0	6.71	5.0	6.16	8.19	3.6	7.23	4.09	3.2	8.51	7.97	8.29	7.2	5.51	4.86	3.25	5.32	5.09	6.65	3.49	4.84	8.17	
902.0	83.0	5.0	5.0	5.68	6.28	8.85	5.2	8.77	7.24	6.06	5.01	6.93	3.49	7.53	6.97	6.04	5.82	6.45	7.09	5.35	8.72	4.64	8.45	7.32	
903.0	100.0	14.0	14.0	3.14	4.08	6.22	3.36	7.12	6.55	8.07	4.32	4.06	7.78	6.38	3.29	4.78	4.46	7.99	4.14	7.2	6.3	3.19	8.1	3.42	
904.0	93.0	4.0	4.0	8.9	4.49	8.85	7.73	5.98	4.15	8.53	6.48	5.95	6.63	8.21	6.2	3.57	5.82	8.42	5.74	6.11	4.77	6.86	3.23	7.77	
905.0	55.0	6.0	6.0	7.58	6.49	5.24	6.2	3.46	3.51	5.72	8.96	4.6	5.33	4.49	8.47	5.17	3.11	7.75	3.81	6.38	4.65	5.69	6.8	8.93	
906.0	58.0	11.0	11.0	7.73	5.83	7.78	8.94	5.97	8.49	8.48	5.55	4.55	3.3	5.85	6.9	7.09	4.2	5.63	6.39	4.6	4.51	5.43	8.09	5.74	
907.0	67.0	3.0	3.0	6.27	6.87	3.16	3.29	3.04	3.87	3.81	8.7	6.71	7.73	6.43	5.48	6.28	3.94	3.76	4.37	4.9	7.78	6.49	4.23	7.62	
908.0	69.0	12.0	12.0	5.55	4.7	8.79	5.71	7.04	6.04	7.08	4.12	7.69	5.8	3.9	8.21	6.42	3.25	5.33	3.04	7.22	4.41	3.62	3.56	3.93	
909.0	62.0	7.0	7.0	5.5	4.45	3.25	7.75	5.37	3.92	6.53	3.71	6.42	7.1	7.87	5.4	4.04	3.07	4.99	3.65	7.78	8.52	4.71	3.11	8.07	
910.0	91.0	9.0	9.0	5.12	5.61	6.65	6.49	6.03	4.63	3.75	5.54	5.37	8.75	5.05	3.09	6.64	8.87	7.4	4.65	7.19	5.49	3.49	5.11	8.59	
911.0	67.0	3.0	3.0	4.65	6.29	5.71	4.16	6.76	5.57	5.75	4.2	3.55	3.42	4.1	8.6	3.89	6.84	8.64	8.86	4.19	5.37	4.45	5.7	4.9	
912.0	81.0	3.0	3.0	7.36	3.14	6.23	3.17	8.87	4.06	6.71	8.8	6.14	6.43	3.06	5.2	5.76	4.96	8.24	8.25	8.5	3.32	4.57	3.37	6.05	
913.0	22.0	6.0	6.0	6.18	4.05	5.07	6.5	8.24	6.1	4.93	5.94	7.04	5.65	4.47	7.93	4.4	4.01	8.2	8.51	6.61	5.43	3.69	4.98	7.08	
914.0	24.0	14.0	14.0	7.75	4.98	3.39	6.05	7.59	3.62	5.24	5.02	4.88	4.57	4.7	6.96	4.23	6.36	7.63	8.13	4.27	4.16	4.46	4.6	3.27	
915.0	28.0	8.0	8.0	5.32	6.81	5.99	7.86	4.02	8.79	4.13	6.89	5.99	6.21	5.03	8.98	3.25	7.73	8.58	5.05	7.51	5.23	5.65	3.52	3.31	
916.0	32.0	14.0	14.0	3.63	5.47	8.4	4.99	4.62	6.05	8.74	6.58	5.67	4.3	7.64	7.37	7.72	8.78	5.07	7.66	8.56	4.97	7.6	4.19	7.59	
917.0	97.0	9.0	9.0	8.88	4.88	8.22	4.17	7.84	3.82	7.51	3.03	7.08	4.14	8.96	5.52	7.12	3.8	7.62	5.17	6.45	6.3	6.87	4.73	3.24	
918.0	37.0	5.0	5.0	8.19	4.03	4.6	4.86	3.07	8.58	3.8	5.5	4.25	7.43	7.8	6.94	6.55	6.14	8.62	8.21	8.99	8.0	4.75	3.34	5.45	
919.0	40.0	11.0	11.0	5.94	3.06	7.05	3.27	4.24	3.46	8.78	6.91	4.78	8.8	8.34	5.11	5.73	3.02	5.52	4.01	5.68	7.03	3.11	5.15	7.23	
920.0	90.0	4.0	4.0	6.53	7.51	7.23	4.11	7.97	3.49	3.03	5.88	7.69	4.44	3.98	4.75	5.77	7.65	6.66	6.52	4.42	4.81	8.29	8.21	6.18	
921.0	25.0	12.0	12.0	7.19	8.06	4.55	4.12	7.9	5.8	6.67	3.57	4.43	5.24	4.28	6.73	4.52	3.98	8.29	6.37	3.62	8.61	8.34	3.47	7.92	
922.0	84.0	12.0	12.0	5.16	3.78	6.99	4.67	7.86	6.05	6.0	5.27	7.06	7.79	3.58	6.74	5.54	4.33	7.0	7.18	7.08	8.46	8.84	4.42	7.98	
923.0	74.0	1.0	1.0	5.67	8.8	4.16	5.41	7.4	4.79	5.05	4.53	3.01	7.41	5.18	8.65	8.79	4.46	5.32	4.68	4.17	4.84	3.34	4.54	7.41	
924.0	35.0	10.0	10.0	7.24	3.85	6.96	8.42	6.69	7.68	7.19	4.85	7.03	8.35	6.88	4.52	6.44	5.68	7.18	5.89	7.02	8.77	6.36	8.91	8.02	
925.0	39.0	14.0	14.0	4.26	4.81	8.02	7.97	6.58	7.61	7.26	7.75	3.7	8.05	6.6	4.05	7.74	8.58	4.35	4.65	4.35	7.44	7.27	3.26	4.78	
926.0	40.0	11.0	11.0	7.12	4.87	7.62	4.47	4.55	6.06	3.25	6.17	5.58	3.6	6.71	7.57	6.58	7.13	8.88	6.24	4.62	4.22	3.46	8.89	4.48	
927.0	61.0	12.0	12.0	4.45	8.68	6.33	6.44	6.49	6.56	3.43	3.03	4.24	3.98	4.96	4.15	6.15	6.08	8.86	5.31	6.66	8.25	3.29	4.84	5.43	
928.0	80.0	3.0	3.0	3.03	8.98	3.26	5.8	5.73	6.49	8.04	6.47	4.03	3.9	3.11	6.73	3.12	6.4	4.84	5.94	3.7	7.23	4.6	6.0	8.74	
929.0	64.0	4.0	4.0	8.29	3.51	4.37	6.19	7.81	7.91	3.33	3.84	4.6	8.05	3.28	6.14	5.74	7.15	7.67	3.12	3.68	5.21	7.27	6.03	6.0	
930.0	100.0	14.0	14.0	4.58	8.15	4.45	4.56	8.9	8.75	4.43	6.75	8.2	6.42	3.92	3.44	7.63	6.03	7.57	6.96	5.0	4.44	7.78	8.74	4.96	
931.0	77.0	8.0	8.0	7.02	3.47	7.67	5.99	5.14	8.32	3.42	4.88	4.0	5.94	4.44	3.26	8.56	5.19	4.04	3.75	5.93	4.8	6.59	6.67	6.81	
932.0	10.0	15.0	15.0	3.4	6.68	3.32	4.76	5.78	6.84	5.72	4.72	8.85	6.14	5.83	7.96	3.51	4.38	7.37	7.81	6.83	3.36	4.9	5.95	6.68	
933.0	21.0	9.0	9.0	3.72	4.0	7.05	8.95	5.59	8.91	6.76	8.23	8.84	7.05	4.56	5.97	4.84	8.39	7.67	3.62	3.49	8.25	8.33	3.22	5.62	
934.0	96.0	15.0	15.0	6.16	8.45	6.0	6.42	6.48	5.06	6.53	3.9	3.36	8.9	3.95	5.2	4.11	5.92	8.81	3.26	5.13	3.06	5.21	4.28	6.27	
935.0	27.0	13.0	13.0	4.1	8.84	7.97	3.88	7.19	6.54	8.75	7.84	5.08	3.37	5.83	8.25	6.85	6.93	6.31	5.55	3.64	6.91	8.63	6.73	7.47	
936.0	85.0	3.0	3.0	4.28	3.52	5.87	6.64	5.75	3.74	4.06	8.29	7.3	6.88	3.15	5.99	4.18	3.3	7.01	4.76	4.9	3.07	4.35	5.77	5.46	
937.0	72.0	11.0	11.0	3.53	8.41	7.21	3.52	8.12	4.93	4.02	6.59	7.21	8.04	5.22	8.13	8.76	4.38	8.14	6.16	6.25	6.98	8.19	7.62	5.54	
938.0	88.0	4.0	4.0	7.64	4.81	5.8	6.48	6.42	3.36	6.62	6.12	7.13	4.58	5.75	5.24	8.93	3.31	7.07	4.35	7.45	6.63	3.09	6.12	4.88	
939.0	97.0	9.0	9.0	4.04	5.44	4.46	8.3	6.87	7.05	4.49	4.12	3.83	5.73	6.83	4.65	5.01	4.36	3.14	5.05	3.07	5.32	5.06	6.39	6.98	
940.0	91.0	9.0	9.0	8.16	8.62	3.64	6.43	5.94	3.35	5.72	3.71	4.91	6.47	8.93	4.87	7.18	5.31	7.43	6.25	6.76	7.67	6.06	3.45	8.8	
941.0	26.0	1.0	1.0	5.95	8.7	8.94	7.93	5.34	5.9	4.41	8.04	7.2	7.64	8.71	7.38	4.44	8.48	8.84	6.32	8.89	8.64	3.89	3.87	6.376301200011413	
942.0	92.0	10.0	10.0	6.35	7.18	7.98	7.21	7.67	5.8	7.34	5.13	3.07	8.6	8.76	8.06	8.37	3.21	8.33	7.81	3.9	5.63	7.27	5.41	5.95	
943.0	87.0	5.0	5.0	8.26	7.98	5.23	6.89	5.95	8.48	5.13	8.87	3.94	8.18	8.44	7.0	4.55	4.27	5.74	4.87	5.52	4.53	4.63	4.72	8.65	
944.0	34.0	14.0	14.0	6.48	3.49	7.29	7.98	3.39	6.59	4.93	4.07	8.83	3.75	3.83	8.38	8.0	8.1	6.19	5.73	6.42	6.27	8.84	7.67	7.22	
945.0	17.0	11.0	11.0	3.62	6.81	7.3	4.34	7.01	3.59	5.03	3.23	5.97	6.63	8.8	5.91	3.77	5.4	3.99	4.97	4.04	7.16	5.98	8.27	6.56	
946.0	36.0	15.0	15.0	7.45	8.9	3.09	6.57	7.91	6.0	7.86	7.67	8.91	3.37	5.1	6.27	3.32	3.54	4.42	5.94	4.1	5.18	6.86	8.31	8.45	
947.0	3.0	6.0	6.0	3.84	7.06	7.41	3.34	7.7	8.16	3.32	7.4	4.53	5.94	6.76	7.32	7.99	6.36	4.68	3.19	3.77	8.81	5.48	5.45	4.36	
948.0	89.0	14.0	14.0	5.06	5.62	5.13	7.88	7.24	8.64	3.46	8.34	5.16	8.39	3.27	3.47	4.02	6.18	8.78	7.08	8.84	7.43	4.6	4.87	8.47	
949.0	90.0	4.0	4.0	5.11	3.28	6.58	4.27	8.04	7.26	4.4	7.49	4.64	8.93	6.72	6.28	8.1	5.18	8.82	8.01	5.4	7.09	4.74	5.73	8.1	
950.0	73.0	13.0	13.0	5.52	3.87	6.94	8.34	7.68	3.38	6.97	4.53	6.64	5.23	6.72	4.7	3.99	6.0	5.19	4.77	8.89	5.17	6.3	8.57	3.75	
951.0	15.0	11.0	11.0	4.52	5.2	4.09	6.74	5.94	6.49	8.31	5.89	8.28	7.74	9.0	4.69	7.12	3.74	7.89	5.95	5.51	4.52	8.19	4.25	5.61	
952.0	40.0	11.0	11.0	5.16	8.18	3.29	4.39	6.93	7.33	8.62	4.97	4.93	3.79	3.2	6.52	4.82	6.36	4.03	7.6	5.35	3.57	7.99	6.92	6.68	
953.0	98.0	15.0	15.0	5.7	6.77	5.55	6.25	8.22	8.65	7.97	6.27	5.49	7.23	5.06	6.85	7.6	3.77	4.41	8.74	7.65	8.27	8.66	6.72	6.17	
954.0	89.0	14.0	14.0	3.16	4.66	8.05	4.6	7.53	5.88	4.69	8.58	5.07	3.94	3.47	6.21	6.22	7.32	3.21	4.73	4.6	5.38	7.8	5.38	5.96	
955.0	29.0	2.0	2.0	6.97	6.34	6.64	6.21	8.28	8.38	6.82	5.01	3.03	8.95	8.91	4.52	5.26	5.25	3.86	8.05	3.17	5.63	4.68	4.41	8.68	
956.0	34.0	14.0	14.0	3.04	5.79	7.42	4.03	3.82	3.2	4.54	7.74	3.26	7.9	8.8	5.14	6.52	3.07	7.57	8.83	7.53	8.38	4.86	3.96	6.79	
957.0	33.0	14.0	14.0	6.95	8.07	3.19	4.59	7.58	8.45	3.28	5.58	7.06	3.96	7.33	5.68	8.19	7.14	7.43	3.51	6.36	3.79	6.3	4.78	8.4	
958.0	36.0	15.0	15.0	6.8	5.35	8.97	3.14	4.28	8.56	6.43	4.71	3.21	3.27	8.37	6.09	4.67	7.13	6.55	6.11	8.49	3.53	4.98	5.88	5.57	
959.0	87.0	5.0	5.0	8.6	3.04	3.4	5.67	3.28	3.84	7.21	7.52	3.65	8.09	6.22	7.91	7.04	4.88	5.35	7.7	6.48	6.83	8.13	6.12	7.3	
960.0	92.0	10.0	10.0	6.6	4.8	5.03	6.89	7.42	5.3	8.22	7.5	3.74	6.51	8.51	6.58	5.53	3.57	3.44	8.23	4.98	3.92	4.56	6.64	4.87	
961.0	63.0	15.0	15.0	4.05	7.05	4.98	7.43	3.98	7.55	7.18	3.91	7.47	4.08	7.73	4.48	7.3	3.69	4.75	6.27	7.27	5.85	5.28	8.63	3.26	
962.0	86.0	15.0	15.0	8.42	7.37	3.35	3.94	8.61	6.6	3.7	4.6	4.82	3.23	4.24	7.97	5.4	4.13	4.49	8.1	3.31	5.62	8.78	3.33	5.03	
963.0	73.0	13.0	13.0	5.87	4.06	5.74	7.34	3.47	4.36	7.97	7.82	4.52	4.69	6.67	5.58	5.79	7.59	3.97	4.05	4.24	5.71	6.76	7.49	3.82	
964.0	81.0	3.0	3.0	5.11	3.79	7.7	8.36	3.79	6.3	6.42	6.93	6.47	6.26	4.39	4.84	4.73	8.61	3.06	7.21	5.45	5.92	4.11	7.38	7.47	
965.0	69.0	12.0	12.0	6.56	7.7	4.13	6.27	7.18	5.01	5.96	6.93	6.25	6.78	5.8	8.43	3.68	7.29	4.79	5.52	8.42	5.3	4.81	5.8	3.36	
966.0	97.0	9.0	9.0	5.92	6.02	6.58	3.56	7.38	5.87	3.34	8.11	7.09	4.26	8.06	5.63	4.17	3.76	5.81	6.13	7.09	8.14	3.34	8.89	5.81	
967.0	89.0	14.0	14.0	8.93	7.03	3.16	4.04	3.85	7.5	5.16	8.2	4.28	8.0	4.74	3.39	8.49	5.52	4.5	6.61	5.79	5.33	5.52	7.0	8.7	
968.0	13.0	3.0	3.0	7.61	3.12	3.37	5.82	4.96	6.68	3.09	6.89	7.36	3.5	4.15	4.85	3.02	7.57	3.49	3.53	7.25	4.58	5.79	3.93	8.55	
969.0	62.0	7.0	7.0	5.04	3.15	6.65	6.67	7.88	8.01	7.54	4.25	4.59	8.51	6.56	7.78	6.2	4.23	3.23	7.8	7.84	4.51	6.98	8.09	4.45	
970.0	98.0	15.0	15.0	3.49	4.32	8.64	4.05	4.19	6.41	6.4	5.43	8.92	4.59	6.11	4.92	8.08	6.8	5.89	3.25	5.45	5.7	6.31	3.58	8.83	
971.0	83.0	5.0	5.0	8.02	3.4	6.95	6.51	7.78	7.78	6.86	7.82	6.85	4.43	7.95	3.98	7.96	7.45	8.92	6.88	4.52	7.98	6.2	7.5	7.42	
972.0	90.0	4.0	4.0	7.42	8.98	7.8	5.24	8.67	3.82	8.8	4.56	4.28	8.06	8.86	3.91	5.47	5.73	7.54	7.53	8.03	5.2	5.05	3.06	3.79	
973.0	97.0	9.0	9.0	3.67	7.73	5.98	3.64	8.35	7.6	5.94	8.41	5.08	5.12	8.47	4.97	3.44	4.11	8.36	4.95	3.58	8.07	4.27	8.0	8.18	
974.0	86.0	15.0	15.0	4.87	4.25	3.0	7.52	8.69	7.01	7.63	5.6	8.52	7.38	5.55	7.02	8.84	5.03	3.25	8.82	6.85	4.85	3.86	7.7	3.84	
975.0	93.0	4.0	4.0	7.16	7.96	5.74	4.06	8.33	3.47	3.05	3.54	6.28	8.76	3.43	6.62	5.77	3.28	3.3	8.45	5.17	5.79	5.47	4.85	8.36	
976.0	41.0	15.0	15.0	6.78	8.43	7.44	7.54	6.21	4.34	3.16	8.33	3.19	7.11	4.26	3.9	7.29	4.41	7.37	7.43	8.97	6.59	8.14	4.55	6.2	
977.0	33.0	14.0	14.0	8.63	7.66	7.75	8.24	4.07	5.84	5.11	6.49	4.91	5.32	4.95	4.27	3.83	4.7	6.45	3.69	4.46	3.01	8.67	5.44	5.21	
978.0	92.0	10.0	10.0	4.21	8.9	7.52	5.26	8.42	8.47	8.59	7.6	5.54	4.96	7.34	8.24	5.65	3.6	7.97	3.66	7.68	8.35	4.91	6.06	3.98	
979.0	14.0	13.0	13.0	6.45	5.67	4.31	7.84	6.74	7.54	4.6	6.08	5.05	3.51	6.1	8.25	3.42	7.44	3.75	7.56	8.05	4.18	5.27	5.3	8.24	
980.0	22.0	6.0	6.0	5.22	8.41	6.17	8.99	3.34	4.43	6.13	7.57	5.11	8.35	6.79	3.83	5.19	3.38	3.5	6.92	8.57	4.15	4.01	5.29	8.04	
981.0	79.0	7.0	7.0	6.77	4.09	3.1	7.56	4.15	8.62	7.58	8.95	7.46	4.17	5.82	6.35	7.3	5.63	3.47	4.52	8.36	4.55	5.98	8.4	7.76	
982.0	93.0	4.0	4.0	6.04	5.73	7.86	3.27	3.8	8.9	8.72	4.25	6.62	7.38	3.44	7.35	3.45	4.35	3.42	5.05	5.66	8.54	6.46	3.87	5.55	
983.0	68.0	5.0	5.0	8.74	3.88	3.98	3.2	7.26	8.77	4.68	4.67	7.62	6.7	4.33	6.58	3.16	7.34	3.49	5.0	5.08	7.27	3.71	8.18	7.81	
984.0	81.0	3.0	3.0	3.94	7.18	8.22	6.94	8.34	3.84	5.79	7.48	5.5	4.99	7.09	8.77	6.34	5.6	7.06	6.09	5.31	6.2	5.54	5.1	6.84	
985.0	71.0	11.0	11.0	6.49	6.59	3.79	8.94	4.66	3.59	5.0	7.45	3.46	5.45	5.14	3.39	5.14	6.91	8.33	5.68	6.58	8.73	8.93	4.74	8.66	
986.0	99.0	12.0	12.0	3.56	6.53	3.65	4.25	5.93	3.19	8.29	5.06	8.6	4.06	7.75	4.07	4.78	8.79	8.66	4.46	4.57	7.57	7.19	3.98	7.84	
987.0	80.0	3.0	3.0	4.84	4.32	5.83	5.05	8.07	3.85	6.93	3.13	3.76	8.67	5.29	7.79	7.21	8.34	8.51	3.35	6.58	5.1	3.1	8.69	5.89	
988.0	42.0	4.0	4.0	8.25	8.47	6.25	7.57	5.75	8.28	3.9	4.55	6.98	4.01	6.49	3.55	5.37	5.11	3.19	8.22	4.88	4.79	3.68	6.5	7.82	
989.0	2.0	14.0	14.0	6.46	4.22	4.45	3.43	7.64	4.99	3.13	5.23	4.31	3.57	8.4	3.38	4.02	5.57	7.77	6.95	6.21	4.85	4.16	6.68	5.07	
990.0	77.0	8.0	8.0	7.3	3.98	6.79	8.05	7.84	4.85	7.26	7.93	6.65	4.5	7.96	3.89	6.82	6.22	8.16	7.02	8.83	5.44	3.36	4.63	7.51	
991.0	100.0	14.0	14.0	5.35	7.77	6.13	7.77	3.36	3.49	7.95	7.53	7.66	5.05	6.99	3.13	6.63	7.45	3.22	4.76	3.44	3.56	8.38	4.66	6.6	
992.0	93.0	4.0	4.0	4.42	7.72	4.7	8.6	7.54	4.96	4.72	6.08	5.8	4.96	4.82	5.28	5.2	8.81	5.03	8.72	7.39	6.89	7.86	7.3	7.28	
993.0	53.0	12.0	12.0	6.32	6.43	6.18	6.93	8.32	5.44	3.34	3.91	4.67	8.13	6.48	8.22	5.44	3.82	6.53	4.5	5.48	5.14	8.54	7.9	6.92	
994.0	82.0	6.0	6.0	8.26	4.84	5.33	8.55	4.37	6.89	5.87	5.6	6.62	5.01	8.53	8.32	6.72	7.15	5.49	8.78	6.65	3.61	6.93	3.95	5.81	
995.0	100.0	14.0	14.0	6.53	6.43	5.74	3.47	8.14	8.47	8.3	4.6	5.51	5.7	6.02	8.13	7.42	8.65	3.59	4.84	3.3	5.27	3.86	4.36	8.9	
996.0	92.0	10.0	10.0	7.58	6.96	3.35	3.6	4.91	3.91	6.53	6.78	3.91	5.33	8.82	5.76	6.88	8.17	4.33	3.21	5.65	8.33	6.47	7.95	5.41	
997.0	95.0	8.0	8.0	4.39	4.02	6.66	7.31	6.27	6.55	8.84	6.78	8.86	6.47	8.35	4.49	3.65	7.29	7.12	4.85	6.2	5.46	4.79	8.82	4.33	
998.0	79.0	7.0	7.0	7.85	8.41	3.96	5.21	7.43	3.49	8.02	6.07	3.1	3.82	3.09	3.46	8.24	7.87	6.49	4.73	5.21	3.62	5.48	6.54	6.31	
999.0	12.0	5.0	5.0	6.82	6.97	7.6	5.05	8.15	7.88	3.61	4.91	4.51	3.85	7.85	3.45	7.32	6.83	4.9	7.53	4.38	8.78	5.46	3.09	8.08	
1000.0	89.0	14.0	14.0	8.17	6.72	7.42	7.55	5.54	6.67	6.05	7.98	7.62	3.52	8.7	3.5	7.43	7.32	6.58	4.2	7.75	6.47	3.19	8.53	3.78	
1001.0	70.0	11.0	11.0	7.19	3.8	5.62	4.07	3.16	3.1	3.99	3.76	8.71	8.61	3.86	4.88	4.35	6.97	7.57	5.25	6.12	4.33	4.52	7.04	5.74	
1002.0	97.0	9.0	9.0	4.37	5.33	6.08	3.29	3.52	6.49	3.16	5.26	7.23	6.55	7.52	6.03	3.4	4.0	6.59	3.65	4.16	7.56	5.58	7.79	3.87	
1003.0	82.0	6.0	6.0	4.9	3.15	6.76	7.74	4.25	5.27	8.46	3.9	3.79	7.01	7.1	6.61	8.27	6.99	6.95	6.47	6.53	6.53	4.51	5.17	5.31	
1004.0	87.0	5.0	5.0	8.52	6.32	5.64	5.63	7.3	4.6	3.67	5.95	7.95	3.21	7.54	7.25	5.51	8.45	4.88	3.11	7.5	8.38	6.67	3.39	6.29	
1005.0	37.0	5.0	5.0	7.55	3.46	7.99	4.0	4.45	7.01	8.92	5.11	5.76	4.57	7.81	4.12	3.84	3.74	4.31	4.45	3.41	5.27	6.96	4.97	3.87	
1006.0	96.0	15.0	15.0	8.95	5.1	4.02	7.88	6.92	5.72	4.3	8.23	7.77	4.91	7.46	7.51	7.42	4.44	6.67	3.95	4.73	4.84	7.06	6.24	6.17	
1007.0	63.0	15.0	15.0	8.75	3.97	6.0	5.94	6.53	8.4	8.55	5.04	7.49	4.8	7.73	3.76	8.47	3.95	7.01	8.85	5.36	8.42	8.88	7.5	8.85	
1008.0	79.0	7.0	7.0	3.3	3.35	6.9	8.52	4.78	4.05	6.57	3.5	3.62	8.64	4.76	7.98	4.62	4.81	4.56	3.99	7.99	8.22	4.95	5.58	4.65	
1009.0	85.0	3.0	3.0	7.1	3.33	8.1	7.95	8.8	7.2	5.88	5.98	7.17	5.32	7.0	8.89	4.44	5.03	7.82	3.14	5.63	5.16	7.59	5.55	7.73	
1010.0	72.0	11.0	11.0	3.31	6.7	3.19	8.42	5.11	3.46	8.11	7.99	4.26	8.09	7.19	5.61	3.61	6.1	4.69	5.96	5.04	5.59	5.69	6.77	7.94	
1011.0	7.0	11.0	11.0	4.38	4.68	7.19	7.43	6.16	7.12	3.17	6.0	8.66	7.63	8.38	3.08	8.18	5.62	8.73	5.12	8.87	7.5	4.4	4.94	8.3	
1012.0	97.0	9.0	9.0	6.8	8.98	4.71	8.45	6.9	4.11	4.08	7.79	4.82	3.95	4.23	3.68	6.77	6.73	4.24	7.29	3.82	3.12	7.61	4.85	6.56	
1013.0	52.0	4.0	4.0	6.2	7.89	7.55	4.9	6.49	8.73	5.28	8.63	6.08	5.98	3.0	5.26	6.23	8.0	5.01	3.63	6.6	6.78	5.84	5.0	3.52	
1014.0	74.0	1.0	1.0	8.36	6.91	4.84	7.15	3.42	4.86	3.25	3.66	8.95	7.67	7.63	7.41	7.55	3.51	6.92	4.49	4.48	5.78	3.09	8.38	4.13	
1015.0	20.0	4.0	4.0	5.98	4.12	4.62	8.61	7.76	3.93	4.82	3.58	7.93	6.49	7.46	4.04	8.3	5.54	4.32	5.26	6.89	5.27	8.31	8.8	8.93	
1016.0	70.0	11.0	11.0	6.04	8.0	3.28	4.7	8.55	5.08	7.13	6.26	3.14	6.66	4.12	3.04	5.03	8.7	5.24	6.37	3.43	6.52	6.18	7.26	4.73	
1017.0	96.0	15.0	15.0	8.63	8.7	7.69	6.7	7.73	7.61	7.34	8.72	8.68	3.59	7.46	8.56	6.64	3.14	8.14	5.05	6.35	7.67	5.88	7.8	4.020112716396573	
1018.0	92.0	10.0	10.0	5.79	4.57	8.7	6.83	4.22	6.08	8.85	7.3	6.02	8.54	5.84	3.46	7.08	6.04	4.4	5.08	7.49	4.75	5.26	8.16	5.71	
1019.0	64.0	4.0	4.0	8.91	3.49	3.79	7.78	3.22	8.06	8.62	6.7	5.13	5.26	4.15	8.31	3.02	4.19	3.59	7.99	3.22	5.13	5.36	5.87	8.49	
1020.0	100.0	14.0	14.0	8.73	7.7	5.67	5.85	8.42	5.47	3.91	7.96	5.87	4.4	5.72	7.46	8.12	6.31	4.6	6.23	6.74	4.52	6.49	8.47	4.16	
1021.0	18.0	2.0	2.0	5.72	3.12	7.15	3.62	6.8	8.11	8.18	4.67	6.59	8.31	4.8	5.11	6.87	3.35	8.07	8.22	5.2	6.18	3.59	6.78	4.01	
1022.0	1.0	11.0	11.0	4.1	4.83	4.19	5.3	7.35	5.68	3.99	6.89	6.72	7.11	8.37	3.17	4.12	3.49	4.83	5.73	7.31	6.27	8.91	5.66	3.13	
1023.0	71.0	11.0	11.0	3.11	3.15	8.45	6.67	6.96	6.73	7.39	5.78	4.12	7.67	4.73	8.67	7.23	5.29	7.03	4.21	3.02	7.71	8.13	7.43	3.5	
1024.0	92.0	10.0	10.0	3.55	8.67	6.82	7.5	3.69	4.83	8.04	6.41	3.95	5.06	5.79	3.22	8.38	6.5	7.57	3.49	7.32	6.35	3.74	7.91	6.33	
=====================================================================================================================================================
number of non-local execution forwordcount is 523
=====================================================================================================================================================
=====================================================================================================================================================
Map Status of job/thread name: word std deviation  after done (10 columns: map task #,Local(0)/Non_local(1), status(not_yet_started(0),running(1)/finished(2)), response time, start time, end time, latency, bin #, VM flavor #, PM #, Rack #)
=====================================================================================================================================================
1.0	1.0	2.0	1272.0	1272.0	1289.0	17.0	52.0	3.0	4.0	3.0	
2.0	1.0	2.0	1272.0	1272.0	1289.0	17.0	51.0	3.0	2.0	3.0	
3.0	1.0	2.0	1272.0	1272.0	1289.0	17.0	68.0	4.0	5.0	3.0	
4.0	1.0	2.0	1272.0	1272.0	1289.0	17.0	57.0	3.0	14.0	3.0	
5.0	1.0	2.0	1272.0	1272.0	1289.0	17.0	69.0	4.0	12.0	2.0	
6.0	1.0	2.0	1272.0	1272.0	1289.0	17.0	54.0	3.0	10.0	5.0	
7.0	1.0	2.0	1272.0	1272.0	1289.0	17.0	7.0	1.0	11.0	1.0	
8.0	1.0	2.0	1272.0	1272.0	1289.0	17.0	72.0	4.0	11.0	2.0	
9.0	1.0	2.0	1272.0	1272.0	1289.0	17.0	72.0	4.0	11.0	2.0	
10.0	1.0	2.0	1272.0	1272.0	1289.0	17.0	1.0	1.0	11.0	3.0	
11.0	1.0	2.0	1272.0	1272.0	1289.0	17.0	34.0	2.0	14.0	1.0	
12.0	1.0	2.0	1272.0	1272.0	1289.0	17.0	53.0	3.0	12.0	3.0	
13.0	0.0	2.0	1290.0	1290.0	1305.0	15.0	97.0	5.0	9.0	3.0	
14.0	0.0	2.0	1290.0	1290.0	1305.0	15.0	98.0	5.0	15.0	2.0	
15.0	1.0	2.0	1290.0	1290.0	1307.0	17.0	39.0	2.0	14.0	2.0	
16.0	1.0	2.0	1290.0	1290.0	1307.0	17.0	40.0	2.0	11.0	3.0	
17.0	0.0	2.0	1290.0	1290.0	1305.0	15.0	88.0	5.0	4.0	3.0	
18.0	1.0	2.0	1272.0	1272.0	1289.0	17.0	79.0	4.0	7.0	3.0	
19.0	1.0	2.0	1272.0	1272.0	1289.0	17.0	46.0	3.0	14.0	3.0	
20.0	1.0	2.0	1272.0	1272.0	1289.0	17.0	3.0	1.0	6.0	4.0	
21.0	0.0	2.0	1290.0	1290.0	1305.0	15.0	99.0	5.0	12.0	3.0	
22.0	1.0	2.0	1290.0	1290.0	1307.0	17.0	76.0	4.0	6.0	4.0	
23.0	1.0	2.0	1290.0	1290.0	1307.0	17.0	80.0	4.0	3.0	1.0	
24.0	1.0	2.0	1272.0	1272.0	1289.0	17.0	54.0	3.0	10.0	5.0	
25.0	1.0	2.0	1289.0	1289.0	1307.0	18.0	34.0	2.0	14.0	1.0	
26.0	1.0	2.0	1272.0	1272.0	1289.0	17.0	69.0	4.0	12.0	2.0	
27.0	1.0	2.0	1272.0	1272.0	1289.0	17.0	50.0	3.0	9.0	1.0	
28.0	1.0	2.0	1290.0	1290.0	1307.0	17.0	76.0	4.0	6.0	4.0	
29.0	1.0	2.0	1272.0	1272.0	1289.0	17.0	29.0	2.0	2.0	5.0	
30.0	1.0	2.0	1272.0	1272.0	1289.0	17.0	80.0	4.0	3.0	1.0	
31.0	0.0	2.0	1290.0	1290.0	1305.0	15.0	89.0	5.0	14.0	2.0	
32.0	1.0	2.0	1272.0	1272.0	1289.0	17.0	80.0	4.0	3.0	1.0	
33.0	1.0	2.0	1272.0	1272.0	1289.0	17.0	25.0	2.0	12.0	2.0	
34.0	1.0	2.0	1272.0	1272.0	1289.0	17.0	50.0	3.0	9.0	1.0	
35.0	1.0	2.0	1272.0	1272.0	1289.0	17.0	77.0	4.0	8.0	2.0	
36.0	1.0	2.0	1272.0	1272.0	1289.0	17.0	19.0	1.0	13.0	4.0	
37.0	1.0	2.0	1290.0	1290.0	1307.0	17.0	23.0	2.0	7.0	3.0	
38.0	0.0	2.0	1290.0	1290.0	1305.0	15.0	92.0	5.0	10.0	4.0	
39.0	1.0	2.0	1272.0	1272.0	1289.0	17.0	69.0	4.0	12.0	2.0	
40.0	1.0	2.0	1289.0	1289.0	1307.0	18.0	8.0	1.0	15.0	3.0	
41.0	1.0	2.0	1272.0	1272.0	1289.0	17.0	21.0	2.0	9.0	1.0	
42.0	1.0	2.0	1272.0	1272.0	1289.0	17.0	74.0	4.0	1.0	3.0	
43.0	1.0	2.0	1272.0	1272.0	1289.0	17.0	51.0	3.0	2.0	3.0	
44.0	0.0	2.0	1290.0	1290.0	1305.0	15.0	90.0	5.0	4.0	1.0	
45.0	1.0	2.0	1272.0	1272.0	1289.0	17.0	60.0	3.0	3.0	3.0	
46.0	1.0	2.0	1272.0	1272.0	1289.0	17.0	78.0	4.0	8.0	1.0	
47.0	1.0	2.0	1272.0	1272.0	1289.0	17.0	4.0	1.0	9.0	4.0	
48.0	0.0	2.0	1290.0	1290.0	1305.0	15.0	82.0	5.0	6.0	2.0	
49.0	1.0	2.0	1272.0	1272.0	1289.0	17.0	48.0	3.0	13.0	4.0	
50.0	0.0	2.0	1290.0	1291.0	1306.0	15.0	86.0	5.0	15.0	4.0	
51.0	1.0	2.0	1272.0	1272.0	1289.0	17.0	5.0	1.0	15.0	2.0	
52.0	1.0	2.0	1272.0	1272.0	1289.0	17.0	60.0	3.0	3.0	3.0	
53.0	0.0	2.0	1290.0	1290.0	1305.0	15.0	96.0	5.0	15.0	3.0	
54.0	1.0	2.0	1272.0	1272.0	1289.0	17.0	58.0	3.0	11.0	4.0	
55.0	0.0	2.0	1290.0	1290.0	1305.0	15.0	81.0	5.0	3.0	4.0	
56.0	1.0	2.0	1272.0	1272.0	1289.0	17.0	2.0	1.0	14.0	1.0	
57.0	1.0	2.0	1290.0	1290.0	1307.0	17.0	43.0	3.0	13.0	1.0	
58.0	0.0	2.0	1290.0	1290.0	1305.0	15.0	90.0	5.0	4.0	1.0	
59.0	1.0	2.0	1272.0	1272.0	1289.0	17.0	28.0	2.0	8.0	1.0	
60.0	1.0	2.0	1272.0	1272.0	1289.0	17.0	47.0	3.0	15.0	5.0	
61.0	0.0	2.0	1290.0	1291.0	1306.0	15.0	100.0	5.0	14.0	1.0	
62.0	1.0	2.0	1272.0	1272.0	1289.0	17.0	54.0	3.0	10.0	5.0	
63.0	0.0	2.0	1290.0	1290.0	1305.0	15.0	85.0	5.0	3.0	5.0	
64.0	1.0	2.0	1289.0	1289.0	1307.0	18.0	77.0	4.0	8.0	2.0	
65.0	0.0	2.0	1290.0	1290.0	1305.0	15.0	91.0	5.0	9.0	5.0	
66.0	1.0	2.0	1272.0	1272.0	1289.0	17.0	30.0	2.0	14.0	1.0	
67.0	1.0	2.0	1272.0	1272.0	1289.0	17.0	39.0	2.0	14.0	2.0	
68.0	1.0	2.0	1272.0	1272.0	1289.0	17.0	76.0	4.0	6.0	4.0	
69.0	1.0	2.0	1290.0	1290.0	1307.0	17.0	58.0	3.0	11.0	4.0	
70.0	1.0	2.0	1290.0	1290.0	1307.0	17.0	55.0	3.0	6.0	4.0	
71.0	1.0	2.0	1272.0	1272.0	1289.0	17.0	52.0	3.0	4.0	3.0	
72.0	1.0	2.0	1272.0	1272.0	1289.0	17.0	69.0	4.0	12.0	2.0	
73.0	1.0	2.0	1272.0	1272.0	1289.0	17.0	29.0	2.0	2.0	5.0	
74.0	1.0	2.0	1290.0	1290.0	1307.0	17.0	49.0	3.0	12.0	1.0	
75.0	1.0	2.0	1272.0	1272.0	1289.0	17.0	59.0	3.0	9.0	4.0	
76.0	1.0	2.0	1272.0	1272.0	1289.0	17.0	44.0	3.0	3.0	5.0	
77.0	1.0	2.0	1290.0	1290.0	1307.0	17.0	73.0	4.0	13.0	3.0	
78.0	1.0	2.0	1272.0	1272.0	1289.0	17.0	33.0	2.0	14.0	1.0	
79.0	1.0	2.0	1272.0	1272.0	1289.0	17.0	44.0	3.0	3.0	5.0	
80.0	1.0	2.0	1272.0	1272.0	1289.0	17.0	72.0	4.0	11.0	2.0	
81.0	1.0	2.0	1272.0	1272.0	1289.0	17.0	44.0	3.0	3.0	5.0	
82.0	1.0	2.0	1289.0	1289.0	1307.0	18.0	5.0	1.0	15.0	2.0	
83.0	1.0	2.0	1272.0	1272.0	1289.0	17.0	36.0	2.0	15.0	4.0	
84.0	0.0	2.0	1293.0	1293.0	1308.0	15.0	90.0	5.0	4.0	1.0	
85.0	1.0	2.0	1272.0	1272.0	1289.0	17.0	77.0	4.0	8.0	2.0	
86.0	1.0	2.0	1290.0	1290.0	1307.0	17.0	42.0	3.0	4.0	1.0	
87.0	1.0	2.0	1290.0	1290.0	1307.0	17.0	44.0	3.0	3.0	5.0	
88.0	1.0	2.0	1272.0	1272.0	1289.0	17.0	41.0	3.0	15.0	4.0	
89.0	1.0	2.0	1272.0	1272.0	1289.0	17.0	20.0	1.0	4.0	5.0	
90.0	1.0	2.0	1272.0	1272.0	1289.0	17.0	32.0	2.0	14.0	3.0	
91.0	1.0	2.0	1272.0	1272.0	1289.0	17.0	63.0	4.0	15.0	1.0	
92.0	1.0	2.0	1272.0	1272.0	1289.0	17.0	28.0	2.0	8.0	1.0	
93.0	0.0	2.0	1290.0	1290.0	1305.0	15.0	95.0	5.0	8.0	5.0	
94.0	1.0	2.0	1290.0	1290.0	1307.0	17.0	80.0	4.0	3.0	1.0	
95.0	1.0	2.0	1272.0	1272.0	1289.0	17.0	72.0	4.0	11.0	2.0	
96.0	1.0	2.0	1289.0	1289.0	1307.0	18.0	50.0	3.0	9.0	1.0	
97.0	1.0	2.0	1272.0	1272.0	1289.0	17.0	80.0	4.0	3.0	1.0	
98.0	1.0	2.0	1272.0	1272.0	1289.0	17.0	61.0	4.0	12.0	4.0	
99.0	1.0	2.0	1272.0	1272.0	1289.0	17.0	43.0	3.0	13.0	1.0	
100.0	1.0	2.0	1272.0	1272.0	1289.0	17.0	41.0	3.0	15.0	4.0	
101.0	0.0	2.0	1290.0	1291.0	1306.0	15.0	100.0	5.0	14.0	1.0	
102.0	0.0	2.0	1290.0	1291.0	1306.0	15.0	82.0	5.0	6.0	2.0	
103.0	0.0	2.0	1290.0	1291.0	1306.0	15.0	86.0	5.0	15.0	4.0	
104.0	1.0	2.0	1272.0	1272.0	1289.0	17.0	8.0	1.0	15.0	3.0	
105.0	0.0	2.0	1290.0	1290.0	1305.0	15.0	91.0	5.0	9.0	5.0	
106.0	1.0	2.0	1290.0	1290.0	1307.0	17.0	47.0	3.0	15.0	5.0	
107.0	0.0	2.0	1290.0	1291.0	1306.0	15.0	97.0	5.0	9.0	3.0	
108.0	1.0	2.0	1272.0	1272.0	1290.0	18.0	48.0	3.0	13.0	4.0	
109.0	1.0	2.0	1272.0	1272.0	1290.0	18.0	39.0	2.0	14.0	2.0	
110.0	1.0	2.0	1272.0	1272.0	1290.0	18.0	41.0	3.0	15.0	4.0	
111.0	1.0	2.0	1272.0	1272.0	1290.0	18.0	37.0	2.0	5.0	2.0	
112.0	1.0	2.0	1272.0	1272.0	1290.0	18.0	38.0	2.0	5.0	5.0	
113.0	0.0	2.0	1290.0	1291.0	1306.0	15.0	95.0	5.0	8.0	5.0	
114.0	1.0	2.0	1272.0	1272.0	1290.0	18.0	18.0	1.0	2.0	5.0	
115.0	1.0	2.0	1272.0	1272.0	1290.0	18.0	43.0	3.0	13.0	1.0	
116.0	1.0	2.0	1272.0	1272.0	1290.0	18.0	27.0	2.0	13.0	4.0	
117.0	0.0	2.0	1290.0	1291.0	1306.0	15.0	87.0	5.0	5.0	5.0	
118.0	1.0	2.0	1272.0	1272.0	1290.0	18.0	43.0	3.0	13.0	1.0	
119.0	1.0	2.0	1272.0	1272.0	1290.0	18.0	64.0	4.0	4.0	2.0	
120.0	1.0	2.0	1272.0	1272.0	1290.0	18.0	33.0	2.0	14.0	1.0	
121.0	1.0	2.0	1272.0	1272.0	1290.0	18.0	37.0	2.0	5.0	2.0	
122.0	0.0	2.0	1290.0	1291.0	1306.0	15.0	82.0	5.0	6.0	2.0	
123.0	0.0	2.0	1290.0	1291.0	1306.0	15.0	87.0	5.0	5.0	5.0	
124.0	1.0	2.0	1272.0	1272.0	1290.0	18.0	65.0	4.0	11.0	2.0	
125.0	1.0	2.0	1272.0	1272.0	1290.0	18.0	52.0	3.0	4.0	3.0	
126.0	1.0	2.0	1272.0	1272.0	1290.0	18.0	72.0	4.0	11.0	2.0	
127.0	1.0	2.0	1272.0	1272.0	1290.0	18.0	70.0	4.0	11.0	5.0	
128.0	1.0	2.0	1272.0	1272.0	1290.0	18.0	78.0	4.0	8.0	1.0	
129.0	1.0	2.0	1290.0	1290.0	1307.0	17.0	78.0	4.0	8.0	1.0	
130.0	1.0	2.0	1290.0	1290.0	1307.0	17.0	37.0	2.0	5.0	2.0	
131.0	1.0	2.0	1290.0	1290.0	1307.0	17.0	75.0	4.0	8.0	5.0	
132.0	1.0	2.0	1272.0	1272.0	1290.0	18.0	45.0	3.0	5.0	4.0	
133.0	1.0	2.0	1272.0	1272.0	1290.0	18.0	73.0	4.0	13.0	3.0	
134.0	1.0	2.0	1272.0	1272.0	1290.0	18.0	44.0	3.0	3.0	5.0	
135.0	1.0	2.0	1272.0	1272.0	1290.0	18.0	42.0	3.0	4.0	1.0	
136.0	0.0	2.0	1290.0	1291.0	1306.0	15.0	84.0	5.0	12.0	2.0	
137.0	1.0	2.0	1272.0	1272.0	1290.0	18.0	26.0	2.0	1.0	2.0	
138.0	0.0	2.0	1290.0	1291.0	1306.0	15.0	92.0	5.0	10.0	4.0	
139.0	1.0	2.0	1272.0	1272.0	1290.0	18.0	55.0	3.0	6.0	4.0	
140.0	1.0	2.0	1272.0	1272.0	1290.0	18.0	54.0	3.0	10.0	5.0	
141.0	0.0	2.0	1293.0	1293.0	1308.0	15.0	99.0	5.0	12.0	3.0	
142.0	0.0	2.0	1293.0	1293.0	1308.0	15.0	82.0	5.0	6.0	2.0	
143.0	1.0	2.0	1289.0	1289.0	1307.0	18.0	29.0	2.0	2.0	5.0	
144.0	1.0	2.0	1292.0	1292.0	1309.0	17.0	69.0	4.0	12.0	2.0	
145.0	1.0	2.0	1290.0	1290.0	1307.0	17.0	23.0	2.0	7.0	3.0	
146.0	1.0	2.0	1272.0	1272.0	1290.0	18.0	73.0	4.0	13.0	3.0	
147.0	1.0	2.0	1292.0	1292.0	1309.0	17.0	6.0	1.0	7.0	1.0	
148.0	1.0	2.0	1272.0	1272.0	1290.0	18.0	53.0	3.0	12.0	3.0	
149.0	0.0	2.0	1293.0	1293.0	1309.0	16.0	84.0	5.0	12.0	2.0	
150.0	1.0	2.0	1272.0	1272.0	1290.0	18.0	40.0	2.0	11.0	3.0	
151.0	1.0	2.0	1272.0	1272.0	1290.0	18.0	23.0	2.0	7.0	3.0	
152.0	0.0	2.0	1293.0	1293.0	1308.0	15.0	93.0	5.0	4.0	5.0	
153.0	0.0	2.0	1293.0	1293.0	1308.0	15.0	96.0	5.0	15.0	3.0	
154.0	0.0	2.0	1293.0	1293.0	1309.0	16.0	98.0	5.0	15.0	2.0	
155.0	0.0	2.0	1293.0	1293.0	1308.0	15.0	81.0	5.0	3.0	4.0	
156.0	1.0	2.0	1272.0	1272.0	1290.0	18.0	32.0	2.0	14.0	3.0	
157.0	1.0	2.0	1290.0	1290.0	1307.0	17.0	58.0	3.0	11.0	4.0	
158.0	1.0	2.0	1272.0	1272.0	1290.0	18.0	74.0	4.0	1.0	3.0	
159.0	1.0	2.0	1272.0	1272.0	1290.0	18.0	74.0	4.0	1.0	3.0	
160.0	1.0	2.0	1272.0	1272.0	1290.0	18.0	69.0	4.0	12.0	2.0	
161.0	0.0	2.0	1293.0	1293.0	1308.0	15.0	81.0	5.0	3.0	4.0	
162.0	1.0	2.0	1272.0	1272.0	1290.0	18.0	75.0	4.0	8.0	5.0	
163.0	1.0	2.0	1292.0	1292.0	1309.0	17.0	25.0	2.0	12.0	2.0	
164.0	1.0	2.0	1272.0	1272.0	1290.0	18.0	46.0	3.0	14.0	3.0	
165.0	1.0	2.0	1272.0	1272.0	1290.0	18.0	57.0	3.0	14.0	3.0	
166.0	1.0	2.0	1272.0	1272.0	1290.0	18.0	76.0	4.0	6.0	4.0	
167.0	1.0	2.0	1272.0	1272.0	1290.0	18.0	65.0	4.0	11.0	2.0	
168.0	1.0	2.0	1272.0	1272.0	1290.0	18.0	80.0	4.0	3.0	1.0	
169.0	0.0	2.0	1293.0	1293.0	1309.0	16.0	85.0	5.0	3.0	5.0	
170.0	0.0	2.0	1293.0	1293.0	1308.0	15.0	86.0	5.0	15.0	4.0	
171.0	1.0	2.0	1290.0	1290.0	1307.0	17.0	42.0	3.0	4.0	1.0	
172.0	1.0	2.0	1290.0	1290.0	1307.0	17.0	74.0	4.0	1.0	3.0	
173.0	0.0	2.0	1293.0	1293.0	1308.0	15.0	96.0	5.0	15.0	3.0	
174.0	1.0	2.0	1289.0	1289.0	1307.0	18.0	69.0	4.0	12.0	2.0	
175.0	1.0	2.0	1272.0	1272.0	1289.0	17.0	47.0	3.0	15.0	5.0	
176.0	0.0	2.0	1293.0	1293.0	1309.0	16.0	86.0	5.0	15.0	4.0	
177.0	1.0	2.0	1272.0	1272.0	1290.0	18.0	61.0	4.0	12.0	4.0	
178.0	1.0	2.0	1289.0	1289.0	1307.0	18.0	41.0	3.0	15.0	4.0	
179.0	0.0	2.0	1293.0	1293.0	1309.0	16.0	93.0	5.0	4.0	5.0	
180.0	0.0	2.0	1293.0	1293.0	1309.0	16.0	96.0	5.0	15.0	3.0	
181.0	1.0	2.0	1272.0	1272.0	1290.0	18.0	49.0	3.0	12.0	1.0	
182.0	1.0	2.0	1272.0	1272.0	1290.0	18.0	40.0	2.0	11.0	3.0	
183.0	1.0	2.0	1272.0	1272.0	1290.0	18.0	16.0	1.0	14.0	2.0	
184.0	1.0	2.0	1272.0	1272.0	1290.0	18.0	46.0	3.0	14.0	3.0	
185.0	1.0	2.0	1272.0	1272.0	1290.0	18.0	30.0	2.0	14.0	1.0	
186.0	0.0	2.0	1293.0	1293.0	1309.0	16.0	96.0	5.0	15.0	3.0	
187.0	1.0	2.0	1272.0	1272.0	1290.0	18.0	57.0	3.0	14.0	3.0	
188.0	1.0	2.0	1292.0	1292.0	1309.0	17.0	61.0	4.0	12.0	4.0	
189.0	1.0	2.0	1272.0	1272.0	1290.0	18.0	58.0	3.0	11.0	4.0	
190.0	1.0	2.0	1272.0	1272.0	1290.0	18.0	23.0	2.0	7.0	3.0	
191.0	1.0	2.0	1272.0	1272.0	1290.0	18.0	42.0	3.0	4.0	1.0	
192.0	1.0	2.0	1272.0	1272.0	1290.0	18.0	72.0	4.0	11.0	2.0	
193.0	0.0	2.0	1293.0	1293.0	1309.0	16.0	97.0	5.0	9.0	3.0	
194.0	1.0	2.0	1272.0	1272.0	1290.0	18.0	80.0	4.0	3.0	1.0	
195.0	1.0	2.0	1289.0	1289.0	1307.0	18.0	21.0	2.0	9.0	1.0	
196.0	1.0	2.0	1272.0	1272.0	1290.0	18.0	74.0	4.0	1.0	3.0	
197.0	1.0	2.0	1272.0	1272.0	1290.0	18.0	52.0	3.0	4.0	3.0	
198.0	0.0	2.0	1293.0	1293.0	1309.0	16.0	90.0	5.0	4.0	1.0	
199.0	0.0	2.0	1293.0	1293.0	1309.0	16.0	93.0	5.0	4.0	5.0	
200.0	1.0	2.0	1272.0	1272.0	1290.0	18.0	43.0	3.0	13.0	1.0	
201.0	0.0	2.0	1293.0	1293.0	1309.0	16.0	99.0	5.0	12.0	3.0	
202.0	0.0	2.0	1293.0	1293.0	1309.0	16.0	82.0	5.0	6.0	2.0	
203.0	0.0	2.0	1293.0	1293.0	1309.0	16.0	87.0	5.0	5.0	5.0	
204.0	0.0	2.0	1293.0	1293.0	1309.0	16.0	89.0	5.0	14.0	2.0	
205.0	0.0	2.0	1294.0	1294.0	1309.0	15.0	91.0	5.0	9.0	5.0	
206.0	0.0	2.0	1294.0	1294.0	1309.0	15.0	94.0	5.0	13.0	1.0	
207.0	1.0	2.0	1292.0	1292.0	1309.0	17.0	21.0	2.0	9.0	1.0	
208.0	0.0	2.0	1293.0	1293.0	1309.0	16.0	82.0	5.0	6.0	2.0	
209.0	1.0	2.0	1289.0	1289.0	1307.0	18.0	36.0	2.0	15.0	4.0	
210.0	0.0	2.0	1294.0	1294.0	1309.0	15.0	87.0	5.0	5.0	5.0	
211.0	1.0	2.0	1272.0	1272.0	1290.0	18.0	46.0	3.0	14.0	3.0	
212.0	1.0	2.0	1272.0	1272.0	1290.0	18.0	58.0	3.0	11.0	4.0	
213.0	1.0	2.0	1289.0	1289.0	1307.0	18.0	2.0	1.0	14.0	1.0	
214.0	1.0	2.0	1272.0	1272.0	1289.0	17.0	55.0	3.0	6.0	4.0	
215.0	0.0	2.0	1294.0	1294.0	1309.0	15.0	81.0	5.0	3.0	4.0	
216.0	0.0	2.0	1294.0	1294.0	1309.0	15.0	85.0	5.0	3.0	5.0	
217.0	0.0	2.0	1294.0	1294.0	1309.0	15.0	88.0	5.0	4.0	3.0	
218.0	1.0	2.0	1272.0	1272.0	1289.0	17.0	13.0	1.0	3.0	1.0	
219.0	1.0	2.0	1272.0	1272.0	1289.0	17.0	75.0	4.0	8.0	5.0	
220.0	0.0	2.0	1294.0	1294.0	1309.0	15.0	96.0	5.0	15.0	3.0	
221.0	1.0	2.0	1272.0	1272.0	1289.0	17.0	68.0	4.0	5.0	3.0	
222.0	0.0	2.0	1294.0	1294.0	1309.0	15.0	82.0	5.0	6.0	2.0	
223.0	0.0	2.0	1294.0	1294.0	1309.0	15.0	85.0	5.0	3.0	5.0	
224.0	0.0	2.0	1294.0	1294.0	1309.0	15.0	89.0	5.0	14.0	2.0	
225.0	0.0	2.0	1294.0	1294.0	1309.0	15.0	92.0	5.0	10.0	4.0	
226.0	1.0	2.0	1272.0	1272.0	1289.0	17.0	74.0	4.0	1.0	3.0	
227.0	1.0	2.0	1272.0	1272.0	1289.0	17.0	75.0	4.0	8.0	5.0	
228.0	0.0	2.0	1305.0	1305.0	1320.0	15.0	81.0	5.0	3.0	4.0	
229.0	1.0	2.0	1272.0	1272.0	1289.0	17.0	36.0	2.0	15.0	4.0	
230.0	0.0	2.0	1306.0	1306.0	1321.0	15.0	86.0	5.0	15.0	4.0	
231.0	1.0	2.0	1272.0	1272.0	1289.0	17.0	70.0	4.0	11.0	5.0	
232.0	1.0	2.0	1272.0	1272.0	1289.0	17.0	60.0	3.0	3.0	3.0	
233.0	0.0	2.0	1294.0	1294.0	1309.0	15.0	97.0	5.0	9.0	3.0	
234.0	0.0	2.0	1306.0	1306.0	1321.0	15.0	100.0	5.0	14.0	1.0	
235.0	1.0	2.0	1272.0	1272.0	1289.0	17.0	26.0	2.0	1.0	2.0	
236.0	1.0	2.0	1272.0	1272.0	1289.0	17.0	50.0	3.0	9.0	1.0	
237.0	1.0	2.0	1272.0	1272.0	1289.0	17.0	72.0	4.0	11.0	2.0	
238.0	0.0	2.0	1305.0	1305.0	1320.0	15.0	90.0	5.0	4.0	1.0	
239.0	1.0	2.0	1295.0	1296.0	1313.0	17.0	65.0	4.0	11.0	2.0	
240.0	1.0	2.0	1295.0	1295.0	1313.0	18.0	75.0	4.0	8.0	5.0	
241.0	1.0	2.0	1305.0	1305.0	1322.0	17.0	97.0	5.0	9.0	3.0	
242.0	1.0	2.0	1289.0	1289.0	1307.0	18.0	52.0	3.0	4.0	3.0	
243.0	0.0	2.0	1306.0	1306.0	1321.0	15.0	87.0	5.0	5.0	5.0	
244.0	0.0	2.0	1308.0	1308.0	1323.0	15.0	89.0	5.0	14.0	2.0	
245.0	0.0	2.0	1305.0	1305.0	1320.0	15.0	91.0	5.0	9.0	5.0	
246.0	1.0	2.0	1272.0	1272.0	1289.0	17.0	49.0	3.0	12.0	1.0	
247.0	1.0	2.0	1295.0	1295.0	1313.0	18.0	78.0	4.0	8.0	1.0	
248.0	1.0	2.0	1272.0	1272.0	1289.0	17.0	63.0	4.0	15.0	1.0	
249.0	1.0	2.0	1272.0	1272.0	1289.0	17.0	50.0	3.0	9.0	1.0	
250.0	1.0	2.0	1295.0	1295.0	1313.0	18.0	66.0	4.0	12.0	5.0	
251.0	1.0	2.0	1272.0	1272.0	1289.0	17.0	71.0	4.0	11.0	3.0	
252.0	0.0	2.0	1306.0	1306.0	1321.0	15.0	92.0	5.0	10.0	4.0	
253.0	1.0	2.0	1272.0	1272.0	1289.0	17.0	61.0	4.0	12.0	4.0	
254.0	1.0	2.0	1289.0	1289.0	1307.0	18.0	50.0	3.0	9.0	1.0	
255.0	1.0	2.0	1307.0	1307.0	1324.0	17.0	41.0	3.0	15.0	4.0	
256.0	0.0	2.0	1308.0	1308.0	1324.0	16.0	85.0	5.0	3.0	5.0	
257.0	0.0	2.0	1308.0	1308.0	1324.0	16.0	87.0	5.0	5.0	5.0	
258.0	1.0	2.0	1295.0	1295.0	1313.0	18.0	66.0	4.0	12.0	5.0	
259.0	1.0	2.0	1289.0	1289.0	1307.0	18.0	20.0	1.0	4.0	5.0	
260.0	1.0	2.0	1295.0	1296.0	1313.0	17.0	68.0	4.0	5.0	3.0	
261.0	0.0	2.0	1308.0	1308.0	1323.0	15.0	99.0	5.0	12.0	3.0	
262.0	0.0	2.0	1308.0	1308.0	1323.0	15.0	82.0	5.0	6.0	2.0	
263.0	1.0	2.0	1290.0	1290.0	1307.0	17.0	37.0	2.0	5.0	2.0	
264.0	0.0	2.0	1308.0	1308.0	1323.0	15.0	90.0	5.0	4.0	1.0	
265.0	1.0	2.0	1307.0	1307.0	1324.0	17.0	40.0	2.0	11.0	3.0	
266.0	1.0	2.0	1292.0	1292.0	1309.0	17.0	12.0	1.0	5.0	3.0	
267.0	0.0	2.0	1309.0	1309.0	1324.0	15.0	99.0	5.0	12.0	3.0	
268.0	0.0	2.0	1309.0	1309.0	1324.0	15.0	82.0	5.0	6.0	2.0	
269.0	1.0	2.0	1289.0	1289.0	1307.0	18.0	44.0	3.0	3.0	5.0	
270.0	1.0	2.0	1292.0	1292.0	1309.0	17.0	14.0	1.0	13.0	5.0	
271.0	1.0	2.0	1295.0	1296.0	1313.0	17.0	59.0	3.0	9.0	4.0	
272.0	1.0	2.0	1307.0	1307.0	1324.0	17.0	55.0	3.0	6.0	4.0	
273.0	0.0	2.0	1308.0	1308.0	1324.0	16.0	95.0	5.0	8.0	5.0	
274.0	0.0	2.0	1309.0	1309.0	1324.0	15.0	98.0	5.0	15.0	2.0	
275.0	1.0	2.0	1295.0	1296.0	1313.0	17.0	74.0	4.0	1.0	3.0	
276.0	1.0	2.0	1292.0	1292.0	1309.0	17.0	55.0	3.0	6.0	4.0	
277.0	0.0	2.0	1309.0	1309.0	1324.0	15.0	89.0	5.0	14.0	2.0	
278.0	0.0	2.0	1309.0	1309.0	1324.0	15.0	90.0	5.0	4.0	1.0	
279.0	1.0	2.0	1272.0	1272.0	1289.0	17.0	72.0	4.0	11.0	2.0	
280.0	1.0	2.0	1307.0	1307.0	1324.0	17.0	37.0	2.0	5.0	2.0	
281.0	0.0	2.0	1311.0	1311.0	1326.0	15.0	100.0	5.0	14.0	1.0	
282.0	1.0	2.0	1295.0	1295.0	1313.0	18.0	62.0	4.0	7.0	4.0	
283.0	0.0	2.0	1309.0	1309.0	1324.0	15.0	85.0	5.0	3.0	5.0	
284.0	1.0	2.0	1289.0	1289.0	1307.0	18.0	69.0	4.0	12.0	2.0	
285.0	0.0	2.0	1309.0	1309.0	1324.0	15.0	92.0	5.0	10.0	4.0	
286.0	0.0	2.0	1309.0	1309.0	1324.0	15.0	94.0	5.0	13.0	1.0	
287.0	1.0	2.0	1289.0	1289.0	1307.0	18.0	54.0	3.0	10.0	5.0	
288.0	1.0	2.0	1295.0	1295.0	1313.0	18.0	71.0	4.0	11.0	3.0	
289.0	1.0	2.0	1295.0	1295.0	1313.0	18.0	67.0	4.0	3.0	3.0	
290.0	1.0	2.0	1309.0	1309.0	1326.0	17.0	12.0	1.0	5.0	3.0	
291.0	0.0	2.0	1293.0	1293.0	1309.0	16.0	91.0	5.0	9.0	5.0	
292.0	0.0	2.0	1309.0	1309.0	1324.0	15.0	92.0	5.0	10.0	4.0	
293.0	1.0	2.0	1289.0	1289.0	1307.0	18.0	72.0	4.0	11.0	2.0	
294.0	1.0	2.0	1307.0	1307.0	1324.0	17.0	39.0	2.0	14.0	2.0	
295.0	0.0	2.0	1311.0	1311.0	1326.0	15.0	83.0	5.0	5.0	1.0	
296.0	0.0	2.0	1310.0	1310.0	1325.0	15.0	86.0	5.0	15.0	4.0	
297.0	0.0	2.0	1312.0	1312.0	1327.0	15.0	88.0	5.0	4.0	3.0	
298.0	1.0	2.0	1295.0	1295.0	1313.0	18.0	73.0	4.0	13.0	3.0	
299.0	1.0	2.0	1310.0	1310.0	1327.0	17.0	53.0	3.0	12.0	3.0	
300.0	1.0	2.0	1309.0	1309.0	1326.0	17.0	25.0	2.0	12.0	2.0	
301.0	0.0	2.0	1311.0	1311.0	1326.0	15.0	81.0	5.0	3.0	4.0	
302.0	1.0	2.0	1292.0	1292.0	1309.0	17.0	11.0	1.0	4.0	4.0	
303.0	0.0	2.0	1311.0	1311.0	1326.0	15.0	85.0	5.0	3.0	5.0	
304.0	1.0	2.0	1272.0	1272.0	1289.0	17.0	59.0	3.0	9.0	4.0	
305.0	0.0	2.0	1309.0	1309.0	1324.0	15.0	91.0	5.0	9.0	5.0	
306.0	0.0	2.0	1311.0	1311.0	1326.0	15.0	96.0	5.0	15.0	3.0	
307.0	0.0	2.0	1311.0	1311.0	1326.0	15.0	97.0	5.0	9.0	3.0	
308.0	1.0	2.0	1310.0	1310.0	1327.0	17.0	7.0	1.0	11.0	1.0	
309.0	1.0	2.0	1307.0	1307.0	1324.0	17.0	34.0	2.0	14.0	1.0	
310.0	0.0	2.0	1311.0	1311.0	1326.0	15.0	86.0	5.0	15.0	4.0	
311.0	1.0	2.0	1310.0	1310.0	1327.0	17.0	1.0	1.0	11.0	3.0	
312.0	0.0	2.0	1311.0	1311.0	1326.0	15.0	92.0	5.0	10.0	4.0	
313.0	1.0	2.0	1310.0	1310.0	1327.0	17.0	29.0	2.0	2.0	5.0	
314.0	1.0	2.0	1310.0	1310.0	1327.0	17.0	59.0	3.0	9.0	4.0	
315.0	0.0	2.0	1312.0	1312.0	1327.0	15.0	81.0	5.0	3.0	4.0	
316.0	0.0	2.0	1311.0	1311.0	1326.0	15.0	86.0	5.0	15.0	4.0	
317.0	0.0	2.0	1312.0	1312.0	1327.0	15.0	88.0	5.0	4.0	3.0	
318.0	1.0	2.0	1295.0	1296.0	1313.0	17.0	77.0	4.0	8.0	2.0	
319.0	1.0	2.0	1295.0	1296.0	1313.0	17.0	71.0	4.0	11.0	3.0	
320.0	0.0	2.0	1312.0	1312.0	1327.0	15.0	98.0	5.0	15.0	2.0	
321.0	1.0	2.0	1310.0	1310.0	1327.0	17.0	45.0	3.0	5.0	4.0	
322.0	1.0	2.0	1313.0	1313.0	1330.0	17.0	39.0	2.0	14.0	2.0	
323.0	0.0	2.0	1312.0	1312.0	1327.0	15.0	85.0	5.0	3.0	5.0	
324.0	0.0	2.0	1314.0	1314.0	1329.0	15.0	89.0	5.0	14.0	2.0	
325.0	1.0	2.0	1295.0	1296.0	1313.0	17.0	31.0	2.0	8.0	1.0	
326.0	1.0	2.0	1295.0	1296.0	1313.0	17.0	79.0	4.0	7.0	3.0	
327.0	0.0	2.0	1314.0	1314.0	1329.0	15.0	98.0	5.0	15.0	2.0	
328.0	1.0	2.0	1295.0	1296.0	1313.0	17.0	42.0	3.0	4.0	1.0	
329.0	1.0	2.0	1313.0	1313.0	1330.0	17.0	80.0	4.0	3.0	1.0	
330.0	1.0	2.0	1313.0	1313.0	1330.0	17.0	31.0	2.0	8.0	1.0	
331.0	0.0	2.0	1311.0	1311.0	1326.0	15.0	91.0	5.0	9.0	5.0	
332.0	1.0	2.0	1295.0	1296.0	1313.0	17.0	42.0	3.0	4.0	1.0	
333.0	0.0	2.0	1311.0	1312.0	1327.0	15.0	95.0	5.0	8.0	5.0	
334.0	1.0	2.0	1295.0	1296.0	1313.0	17.0	80.0	4.0	3.0	1.0	
335.0	1.0	2.0	1310.0	1310.0	1327.0	17.0	26.0	2.0	1.0	2.0	
336.0	1.0	2.0	1310.0	1310.0	1327.0	17.0	38.0	2.0	5.0	5.0	
337.0	1.0	2.0	1313.0	1313.0	1330.0	17.0	70.0	4.0	11.0	5.0	
338.0	0.0	2.0	1315.0	1315.0	1330.0	15.0	92.0	5.0	10.0	4.0	
339.0	1.0	2.0	1295.0	1296.0	1313.0	17.0	80.0	4.0	3.0	1.0	
340.0	1.0	2.0	1313.0	1313.0	1330.0	17.0	80.0	4.0	3.0	1.0	
341.0	0.0	2.0	1314.0	1314.0	1329.0	15.0	100.0	5.0	14.0	1.0	
342.0	0.0	2.0	1314.0	1314.0	1329.0	15.0	83.0	5.0	5.0	1.0	
343.0	1.0	2.0	1312.0	1312.0	1329.0	17.0	10.0	1.0	15.0	1.0	
344.0	1.0	2.0	1313.0	1313.0	1330.0	17.0	43.0	3.0	13.0	1.0	
345.0	1.0	2.0	1295.0	1296.0	1313.0	17.0	77.0	4.0	8.0	2.0	
346.0	0.0	2.0	1314.0	1314.0	1329.0	15.0	94.0	5.0	13.0	1.0	
347.0	1.0	2.0	1313.0	1313.0	1330.0	17.0	25.0	2.0	12.0	2.0	
348.0	1.0	2.0	1313.0	1313.0	1330.0	17.0	18.0	1.0	2.0	5.0	
349.0	1.0	2.0	1310.0	1310.0	1327.0	17.0	60.0	3.0	3.0	3.0	
350.0	0.0	2.0	1314.0	1314.0	1329.0	15.0	86.0	5.0	15.0	4.0	
351.0	1.0	2.0	1295.0	1295.0	1313.0	18.0	67.0	4.0	3.0	3.0	
352.0	1.0	2.0	1295.0	1296.0	1313.0	17.0	78.0	4.0	8.0	1.0	
353.0	0.0	2.0	1314.0	1314.0	1329.0	15.0	96.0	5.0	15.0	3.0	
354.0	0.0	2.0	1315.0	1315.0	1330.0	15.0	100.0	5.0	14.0	1.0	
355.0	1.0	2.0	1307.0	1307.0	1324.0	17.0	43.0	3.0	13.0	1.0	
356.0	0.0	2.0	1314.0	1314.0	1329.0	15.0	84.0	5.0	12.0	2.0	
357.0	1.0	2.0	1313.0	1313.0	1330.0	17.0	54.0	3.0	10.0	5.0	
358.0	0.0	2.0	1315.0	1315.0	1330.0	15.0	90.0	5.0	4.0	1.0	
359.0	1.0	2.0	1313.0	1313.0	1330.0	17.0	59.0	3.0	9.0	4.0	
360.0	0.0	2.0	1314.0	1314.0	1329.0	15.0	97.0	5.0	9.0	3.0	
361.0	1.0	2.0	1313.0	1313.0	1330.0	17.0	32.0	2.0	14.0	3.0	
362.0	0.0	2.0	1310.0	1310.0	1325.0	15.0	84.0	5.0	12.0	2.0	
363.0	0.0	2.0	1315.0	1315.0	1330.0	15.0	85.0	5.0	3.0	5.0	
364.0	0.0	2.0	1315.0	1315.0	1330.0	15.0	89.0	5.0	14.0	2.0	
365.0	1.0	2.0	1295.0	1296.0	1313.0	17.0	69.0	4.0	12.0	2.0	
366.0	1.0	2.0	1313.0	1313.0	1330.0	17.0	63.0	4.0	15.0	1.0	
367.0	1.0	2.0	1307.0	1307.0	1324.0	17.0	50.0	3.0	9.0	1.0	
368.0	1.0	2.0	1295.0	1296.0	1313.0	17.0	79.0	4.0	7.0	3.0	
369.0	0.0	2.0	1315.0	1315.0	1330.0	15.0	83.0	5.0	5.0	1.0	
370.0	1.0	2.0	1295.0	1296.0	1313.0	17.0	22.0	2.0	6.0	2.0	
371.0	1.0	2.0	1315.0	1315.0	1332.0	17.0	94.0	5.0	13.0	1.0	
372.0	0.0	2.0	1324.0	1324.0	1339.0	15.0	92.0	5.0	10.0	4.0	
373.0	0.0	2.0	1314.0	1314.0	1329.0	15.0	95.0	5.0	8.0	5.0	
374.0	0.0	2.0	1321.0	1321.0	1336.0	15.0	100.0	5.0	14.0	1.0	
375.0	1.0	2.0	1313.0	1313.0	1330.0	17.0	77.0	4.0	8.0	2.0	
376.0	1.0	2.0	1315.0	1315.0	1332.0	17.0	81.0	5.0	3.0	4.0	
377.0	0.0	2.0	1315.0	1315.0	1330.0	15.0	87.0	5.0	5.0	5.0	
378.0	1.0	2.0	1313.0	1313.0	1330.0	17.0	72.0	4.0	11.0	2.0	
379.0	1.0	2.0	1313.0	1313.0	1330.0	17.0	73.0	4.0	13.0	3.0	
380.0	0.0	2.0	1315.0	1315.0	1330.0	15.0	97.0	5.0	9.0	3.0	
381.0	0.0	2.0	1324.0	1324.0	1339.0	15.0	99.0	5.0	12.0	3.0	
382.0	0.0	2.0	1315.0	1315.0	1330.0	15.0	82.0	5.0	6.0	2.0	
383.0	1.0	2.0	1295.0	1295.0	1313.0	18.0	80.0	4.0	3.0	1.0	
384.0	0.0	2.0	1324.0	1324.0	1339.0	15.0	89.0	5.0	14.0	2.0	
385.0	1.0	2.0	1319.0	1319.0	1336.0	17.0	62.0	4.0	7.0	4.0	
386.0	1.0	2.0	1314.0	1314.0	1331.0	17.0	66.0	4.0	12.0	5.0	
387.0	1.0	2.0	1315.0	1315.0	1332.0	17.0	56.0	3.0	13.0	5.0	
388.0	1.0	2.0	1313.0	1313.0	1330.0	17.0	65.0	4.0	11.0	2.0	
389.0	1.0	2.0	1313.0	1313.0	1330.0	17.0	41.0	3.0	15.0	4.0	
390.0	1.0	2.0	1314.0	1314.0	1331.0	17.0	79.0	4.0	7.0	3.0	
391.0	0.0	2.0	1320.0	1320.0	1336.0	16.0	91.0	5.0	9.0	5.0	
392.0	1.0	2.0	1310.0	1310.0	1327.0	17.0	46.0	3.0	14.0	3.0	
393.0	1.0	2.0	1313.0	1313.0	1330.0	17.0	52.0	3.0	4.0	3.0	
394.0	1.0	2.0	1314.0	1314.0	1331.0	17.0	77.0	4.0	8.0	2.0	
395.0	0.0	2.0	1323.0	1323.0	1338.0	15.0	82.0	5.0	6.0	2.0	
396.0	1.0	2.0	1313.0	1313.0	1330.0	17.0	80.0	4.0	3.0	1.0	
397.0	1.0	2.0	1313.0	1313.0	1330.0	17.0	47.0	3.0	15.0	5.0	
398.0	0.0	2.0	1325.0	1325.0	1341.0	16.0	92.0	5.0	10.0	4.0	
399.0	1.0	2.0	1295.0	1295.0	1313.0	18.0	73.0	4.0	13.0	3.0	
400.0	1.0	2.0	1310.0	1310.0	1327.0	17.0	57.0	3.0	14.0	3.0	
401.0	1.0	2.0	1313.0	1313.0	1330.0	17.0	72.0	4.0	11.0	2.0	
402.0	0.0	2.0	1324.0	1324.0	1339.0	15.0	82.0	5.0	6.0	2.0	
403.0	0.0	2.0	1315.0	1315.0	1330.0	15.0	86.0	5.0	15.0	4.0	
404.0	1.0	2.0	1324.0	1324.0	1341.0	17.0	2.0	1.0	14.0	1.0	
405.0	1.0	2.0	1319.0	1319.0	1336.0	17.0	35.0	2.0	10.0	5.0	
406.0	0.0	2.0	1326.0	1326.0	1341.0	15.0	96.0	5.0	15.0	3.0	
407.0	0.0	2.0	1325.0	1325.0	1341.0	16.0	98.0	5.0	15.0	2.0	
408.0	1.0	2.0	1318.0	1319.0	1336.0	17.0	77.0	4.0	8.0	2.0	
409.0	0.0	2.0	1309.0	1309.0	1324.0	15.0	83.0	5.0	5.0	1.0	
410.0	1.0	2.0	1313.0	1313.0	1330.0	17.0	64.0	4.0	4.0	2.0	
411.0	1.0	2.0	1314.0	1314.0	1331.0	17.0	73.0	4.0	13.0	3.0	
412.0	1.0	2.0	1324.0	1324.0	1341.0	17.0	87.0	5.0	5.0	5.0	
413.0	1.0	2.0	1326.0	1326.0	1343.0	17.0	69.0	4.0	12.0	2.0	
414.0	0.0	2.0	1326.0	1327.0	1342.0	15.0	99.0	5.0	12.0	3.0	
415.0	0.0	2.0	1326.0	1326.0	1341.0	15.0	81.0	5.0	3.0	4.0	
416.0	1.0	2.0	1315.0	1315.0	1332.0	17.0	76.0	4.0	6.0	4.0	
417.0	1.0	2.0	1319.0	1319.0	1336.0	17.0	66.0	4.0	12.0	5.0	
418.0	0.0	2.0	1326.0	1326.0	1341.0	15.0	91.0	5.0	9.0	5.0	
419.0	0.0	2.0	1327.0	1327.0	1342.0	15.0	95.0	5.0	8.0	5.0	
420.0	0.0	2.0	1326.0	1326.0	1341.0	15.0	97.0	5.0	9.0	3.0	
421.0	0.0	2.0	1327.0	1327.0	1342.0	15.0	81.0	5.0	3.0	4.0	
422.0	1.0	2.0	1314.0	1314.0	1331.0	17.0	75.0	4.0	8.0	5.0	
423.0	0.0	2.0	1327.0	1327.0	1342.0	15.0	86.0	5.0	15.0	4.0	
424.0	1.0	2.0	1319.0	1319.0	1336.0	17.0	67.0	4.0	3.0	3.0	
425.0	0.0	2.0	1328.0	1328.0	1343.0	15.0	93.0	5.0	4.0	5.0	
426.0	1.0	2.0	1307.0	1307.0	1324.0	17.0	76.0	4.0	6.0	4.0	
427.0	0.0	2.0	1328.0	1329.0	1344.0	15.0	99.0	5.0	12.0	3.0	
428.0	1.0	2.0	1310.0	1310.0	1327.0	17.0	40.0	2.0	11.0	3.0	
429.0	0.0	2.0	1328.0	1328.0	1343.0	15.0	83.0	5.0	5.0	1.0	
430.0	0.0	2.0	1327.0	1327.0	1342.0	15.0	87.0	5.0	5.0	5.0	
431.0	1.0	2.0	1319.0	1319.0	1336.0	17.0	22.0	2.0	6.0	2.0	
432.0	0.0	2.0	1330.0	1330.0	1345.0	15.0	94.0	5.0	13.0	1.0	
433.0	0.0	2.0	1328.0	1328.0	1343.0	15.0	96.0	5.0	15.0	3.0	
434.0	0.0	2.0	1328.0	1329.0	1344.0	15.0	98.0	5.0	15.0	2.0	
435.0	0.0	2.0	1329.0	1329.0	1344.0	15.0	82.0	5.0	6.0	2.0	
436.0	1.0	2.0	1319.0	1319.0	1336.0	17.0	65.0	4.0	11.0	2.0	
437.0	1.0	2.0	1324.0	1324.0	1341.0	17.0	76.0	4.0	6.0	4.0	
438.0	0.0	2.0	1326.0	1327.0	1342.0	15.0	90.0	5.0	4.0	1.0	
439.0	1.0	2.0	1319.0	1319.0	1336.0	17.0	68.0	4.0	5.0	3.0	
440.0	0.0	2.0	1329.0	1329.0	1344.0	15.0	98.0	5.0	15.0	2.0	
441.0	1.0	2.0	1327.0	1327.0	1344.0	17.0	38.0	2.0	5.0	5.0	
442.0	0.0	2.0	1329.0	1329.0	1344.0	15.0	83.0	5.0	5.0	1.0	
443.0	0.0	2.0	1330.0	1330.0	1345.0	15.0	85.0	5.0	3.0	5.0	
444.0	1.0	2.0	1319.0	1319.0	1336.0	17.0	68.0	4.0	5.0	3.0	
445.0	1.0	2.0	1325.0	1325.0	1342.0	17.0	76.0	4.0	6.0	4.0	
446.0	0.0	2.0	1329.0	1329.0	1344.0	15.0	96.0	5.0	15.0	3.0	
447.0	1.0	2.0	1328.0	1328.0	1345.0	17.0	73.0	4.0	13.0	3.0	
448.0	1.0	2.0	1319.0	1319.0	1336.0	17.0	61.0	4.0	12.0	4.0	
449.0	0.0	2.0	1329.0	1329.0	1344.0	15.0	84.0	5.0	12.0	2.0	
450.0	0.0	2.0	1330.0	1330.0	1345.0	15.0	87.0	5.0	5.0	5.0	
451.0	1.0	2.0	1326.0	1327.0	1344.0	17.0	6.0	1.0	7.0	1.0	
452.0	0.0	2.0	1330.0	1330.0	1345.0	15.0	92.0	5.0	10.0	4.0	
453.0	0.0	2.0	1329.0	1329.0	1344.0	15.0	97.0	5.0	9.0	3.0	
454.0	1.0	2.0	1314.0	1314.0	1331.0	17.0	68.0	4.0	5.0	3.0	
455.0	0.0	2.0	1330.0	1330.0	1345.0	15.0	81.0	5.0	3.0	4.0	
456.0	0.0	2.0	1329.0	1329.0	1345.0	16.0	84.0	5.0	12.0	2.0	
457.0	0.0	2.0	1328.0	1328.0	1343.0	15.0	89.0	5.0	14.0	2.0	
458.0	0.0	2.0	1329.0	1329.0	1344.0	15.0	91.0	5.0	9.0	5.0	
459.0	0.0	2.0	1314.0	1315.0	1330.0	15.0	94.0	5.0	13.0	1.0	
460.0	0.0	2.0	1330.0	1330.0	1345.0	15.0	96.0	5.0	15.0	3.0	
461.0	0.0	2.0	1329.0	1330.0	1345.0	15.0	100.0	5.0	14.0	1.0	
462.0	0.0	2.0	1330.0	1330.0	1345.0	15.0	82.0	5.0	6.0	2.0	
463.0	0.0	2.0	1330.0	1330.0	1345.0	15.0	87.0	5.0	5.0	5.0	
464.0	1.0	2.0	1295.0	1295.0	1313.0	18.0	67.0	4.0	3.0	3.0	
465.0	0.0	2.0	1330.0	1330.0	1345.0	15.0	93.0	5.0	4.0	5.0	
466.0	1.0	2.0	1319.0	1319.0	1336.0	17.0	65.0	4.0	11.0	2.0	
467.0	1.0	2.0	1312.0	1313.0	1330.0	17.0	3.0	1.0	6.0	4.0	
468.0	1.0	2.0	1330.0	1330.0	1347.0	17.0	13.0	1.0	3.0	1.0	
469.0	0.0	2.0	1330.0	1330.0	1345.0	15.0	84.0	5.0	12.0	2.0	
470.0	1.0	2.0	1314.0	1314.0	1331.0	17.0	78.0	4.0	8.0	1.0	
471.0	1.0	2.0	1307.0	1307.0	1324.0	17.0	2.0	1.0	14.0	1.0	
472.0	0.0	2.0	1331.0	1331.0	1346.0	15.0	94.0	5.0	13.0	1.0	
473.0	1.0	2.0	1315.0	1315.0	1332.0	17.0	79.0	4.0	7.0	3.0	
474.0	1.0	2.0	1330.0	1330.0	1347.0	17.0	73.0	4.0	13.0	3.0	
475.0	0.0	2.0	1330.0	1330.0	1345.0	15.0	83.0	5.0	5.0	1.0	
476.0	1.0	2.0	1328.0	1328.0	1345.0	17.0	79.0	4.0	7.0	3.0	
477.0	1.0	2.0	1310.0	1310.0	1327.0	17.0	44.0	3.0	3.0	5.0	
478.0	0.0	2.0	1329.0	1329.0	1344.0	15.0	90.0	5.0	4.0	1.0	
479.0	1.0	2.0	1315.0	1315.0	1332.0	17.0	15.0	1.0	11.0	1.0	
480.0	0.0	2.0	1330.0	1330.0	1345.0	15.0	97.0	5.0	9.0	3.0	
481.0	0.0	2.0	1330.0	1330.0	1345.0	15.0	100.0	5.0	14.0	1.0	
482.0	1.0	2.0	1331.0	1331.0	1348.0	17.0	78.0	4.0	8.0	1.0	
483.0	0.0	2.0	1330.0	1330.0	1345.0	15.0	86.0	5.0	15.0	4.0	
484.0	0.0	2.0	1331.0	1331.0	1346.0	15.0	90.0	5.0	4.0	1.0	
485.0	0.0	2.0	1331.0	1332.0	1347.0	15.0	92.0	5.0	10.0	4.0	
486.0	0.0	2.0	1332.0	1332.0	1348.0	16.0	94.0	5.0	13.0	1.0	
487.0	0.0	2.0	1330.0	1330.0	1345.0	15.0	97.0	5.0	9.0	3.0	
488.0	0.0	2.0	1331.0	1331.0	1346.0	15.0	82.0	5.0	6.0	2.0	
489.0	1.0	2.0	1331.0	1331.0	1348.0	17.0	51.0	3.0	2.0	3.0	
490.0	1.0	2.0	1295.0	1296.0	1313.0	17.0	31.0	2.0	8.0	1.0	
491.0	0.0	2.0	1332.0	1332.0	1347.0	15.0	90.0	5.0	4.0	1.0	
492.0	0.0	2.0	1332.0	1332.0	1347.0	15.0	92.0	5.0	10.0	4.0	
493.0	0.0	2.0	1332.0	1332.0	1348.0	16.0	97.0	5.0	9.0	3.0	
494.0	1.0	2.0	1331.0	1331.0	1348.0	17.0	80.0	4.0	3.0	1.0	
495.0	0.0	2.0	1332.0	1332.0	1347.0	15.0	81.0	5.0	3.0	4.0	
496.0	0.0	2.0	1335.0	1335.0	1350.0	15.0	84.0	5.0	12.0	2.0	
497.0	1.0	2.0	1332.0	1332.0	1349.0	17.0	83.0	5.0	5.0	1.0	
498.0	0.0	2.0	1335.0	1335.0	1350.0	15.0	90.0	5.0	4.0	1.0	
499.0	1.0	2.0	1319.0	1319.0	1336.0	17.0	61.0	4.0	12.0	4.0	
500.0	0.0	2.0	1332.0	1332.0	1348.0	16.0	97.0	5.0	9.0	3.0	
501.0	0.0	2.0	1333.0	1333.0	1348.0	15.0	81.0	5.0	3.0	4.0	
502.0	1.0	2.0	1307.0	1307.0	1324.0	17.0	44.0	3.0	3.0	5.0	
503.0	1.0	2.0	1330.0	1330.0	1347.0	17.0	27.0	2.0	13.0	4.0	
504.0	1.0	2.0	1333.0	1333.0	1350.0	17.0	33.0	2.0	14.0	1.0	
505.0	0.0	2.0	1335.0	1335.0	1350.0	15.0	91.0	5.0	9.0	5.0	
506.0	1.0	2.0	1319.0	1319.0	1336.0	17.0	66.0	4.0	12.0	5.0	
507.0	0.0	2.0	1333.0	1333.0	1348.0	15.0	97.0	5.0	9.0	3.0	
508.0	1.0	2.0	1330.0	1330.0	1347.0	17.0	69.0	4.0	12.0	2.0	
509.0	0.0	2.0	1335.0	1335.0	1350.0	15.0	83.0	5.0	5.0	1.0	
510.0	0.0	2.0	1335.0	1335.0	1350.0	15.0	88.0	5.0	4.0	3.0	
511.0	0.0	2.0	1335.0	1335.0	1350.0	15.0	91.0	5.0	9.0	5.0	
512.0	1.0	2.0	1333.0	1333.0	1350.0	17.0	43.0	3.0	13.0	1.0	
513.0	0.0	2.0	1335.0	1335.0	1350.0	15.0	95.0	5.0	8.0	5.0	
514.0	0.0	2.0	1334.0	1334.0	1349.0	15.0	99.0	5.0	12.0	3.0	
515.0	0.0	2.0	1334.0	1334.0	1349.0	15.0	81.0	5.0	3.0	4.0	
516.0	1.0	2.0	1333.0	1333.0	1350.0	17.0	53.0	3.0	12.0	3.0	
517.0	1.0	2.0	1334.0	1334.0	1351.0	17.0	98.0	5.0	15.0	2.0	
518.0	0.0	2.0	1335.0	1335.0	1350.0	15.0	92.0	5.0	10.0	4.0	
519.0	0.0	2.0	1335.0	1335.0	1350.0	15.0	93.0	5.0	4.0	5.0	
520.0	0.0	2.0	1336.0	1336.0	1351.0	15.0	97.0	5.0	9.0	3.0	
521.0	1.0	2.0	1333.0	1333.0	1350.0	17.0	56.0	3.0	13.0	5.0	
522.0	1.0	2.0	1336.0	1336.0	1353.0	17.0	75.0	4.0	8.0	5.0	
523.0	1.0	2.0	1312.0	1313.0	1330.0	17.0	33.0	2.0	14.0	1.0	
524.0	1.0	2.0	1336.0	1336.0	1353.0	17.0	65.0	4.0	11.0	2.0	
525.0	0.0	2.0	1336.0	1336.0	1351.0	15.0	91.0	5.0	9.0	5.0	
526.0	1.0	2.0	1333.0	1333.0	1350.0	17.0	30.0	2.0	14.0	1.0	
527.0	1.0	2.0	1331.0	1331.0	1348.0	17.0	72.0	4.0	11.0	2.0	
528.0	0.0	2.0	1335.0	1335.0	1350.0	15.0	81.0	5.0	3.0	4.0	
529.0	0.0	2.0	1336.0	1336.0	1351.0	15.0	85.0	5.0	3.0	5.0	
530.0	0.0	2.0	1335.0	1335.0	1350.0	15.0	87.0	5.0	5.0	5.0	
531.0	0.0	2.0	1313.0	1313.0	1328.0	15.0	89.0	5.0	14.0	2.0	
532.0	1.0	2.0	1334.0	1334.0	1351.0	17.0	45.0	3.0	5.0	4.0	
533.0	0.0	2.0	1336.0	1336.0	1351.0	15.0	95.0	5.0	8.0	5.0	
534.0	1.0	2.0	1324.0	1324.0	1341.0	17.0	37.0	2.0	5.0	2.0	
535.0	0.0	2.0	1336.0	1336.0	1351.0	15.0	83.0	5.0	5.0	1.0	
536.0	0.0	2.0	1336.0	1336.0	1351.0	15.0	86.0	5.0	15.0	4.0	
537.0	1.0	2.0	1337.0	1337.0	1354.0	17.0	51.0	3.0	2.0	3.0	
538.0	0.0	2.0	1338.0	1338.0	1353.0	15.0	92.0	5.0	10.0	4.0	
539.0	0.0	2.0	1335.0	1335.0	1350.0	15.0	94.0	5.0	13.0	1.0	
540.0	0.0	2.0	1336.0	1336.0	1351.0	15.0	98.0	5.0	15.0	2.0	
541.0	1.0	2.0	1336.0	1336.0	1353.0	17.0	54.0	3.0	10.0	5.0	
542.0	1.0	2.0	1332.0	1332.0	1349.0	17.0	64.0	4.0	4.0	2.0	
543.0	0.0	2.0	1342.0	1342.0	1357.0	15.0	86.0	5.0	15.0	4.0	
544.0	0.0	2.0	1339.0	1339.0	1354.0	15.0	89.0	5.0	14.0	2.0	
545.0	1.0	2.0	1336.0	1336.0	1353.0	17.0	46.0	3.0	14.0	3.0	
546.0	0.0	2.0	1345.0	1345.0	1360.0	15.0	94.0	5.0	13.0	1.0	
547.0	0.0	2.0	1339.0	1339.0	1354.0	15.0	99.0	5.0	12.0	3.0	
548.0	0.0	2.0	1338.0	1338.0	1353.0	15.0	82.0	5.0	6.0	2.0	
549.0	0.0	2.0	1343.0	1344.0	1359.0	15.0	83.0	5.0	5.0	1.0	
550.0	1.0	2.0	1339.0	1339.0	1356.0	17.0	77.0	4.0	8.0	2.0	
551.0	0.0	2.0	1341.0	1341.0	1357.0	16.0	91.0	5.0	9.0	5.0	
552.0	1.0	2.0	1342.0	1342.0	1359.0	17.0	47.0	3.0	15.0	5.0	
553.0	1.0	2.0	1330.0	1330.0	1347.0	17.0	55.0	3.0	6.0	4.0	
554.0	1.0	2.0	1336.0	1336.0	1353.0	17.0	46.0	3.0	14.0	3.0	
555.0	1.0	2.0	1336.0	1336.0	1353.0	17.0	22.0	2.0	6.0	2.0	
556.0	1.0	2.0	1336.0	1336.0	1353.0	17.0	60.0	3.0	3.0	3.0	
557.0	1.0	2.0	1337.0	1337.0	1354.0	17.0	59.0	3.0	9.0	4.0	
558.0	0.0	2.0	1342.0	1342.0	1357.0	15.0	90.0	5.0	4.0	1.0	
559.0	1.0	2.0	1314.0	1314.0	1331.0	17.0	78.0	4.0	8.0	1.0	
560.0	0.0	2.0	1340.0	1340.0	1355.0	15.0	97.0	5.0	9.0	3.0	
561.0	1.0	2.0	1331.0	1331.0	1348.0	17.0	63.0	4.0	15.0	1.0	
562.0	0.0	2.0	1344.0	1344.0	1359.0	15.0	83.0	5.0	5.0	1.0	
563.0	1.0	2.0	1309.0	1309.0	1326.0	17.0	6.0	1.0	7.0	1.0	
564.0	0.0	2.0	1343.0	1344.0	1359.0	15.0	89.0	5.0	14.0	2.0	
565.0	0.0	2.0	1345.0	1345.0	1360.0	15.0	92.0	5.0	10.0	4.0	
566.0	0.0	2.0	1345.0	1345.0	1360.0	15.0	96.0	5.0	15.0	3.0	
567.0	1.0	2.0	1330.0	1330.0	1347.0	17.0	59.0	3.0	9.0	4.0	
568.0	1.0	2.0	1325.0	1325.0	1342.0	17.0	75.0	4.0	8.0	5.0	
569.0	1.0	2.0	1341.0	1341.0	1358.0	17.0	81.0	5.0	3.0	4.0	
570.0	0.0	2.0	1345.0	1345.0	1360.0	15.0	86.0	5.0	15.0	4.0	
571.0	1.0	2.0	1327.0	1327.0	1344.0	17.0	26.0	2.0	1.0	2.0	
572.0	0.0	2.0	1345.0	1345.0	1360.0	15.0	93.0	5.0	4.0	5.0	
573.0	1.0	2.0	1336.0	1336.0	1353.0	17.0	54.0	3.0	10.0	5.0	
574.0	1.0	2.0	1339.0	1339.0	1356.0	17.0	63.0	4.0	15.0	1.0	
575.0	0.0	2.0	1344.0	1344.0	1359.0	15.0	83.0	5.0	5.0	1.0	
576.0	0.0	2.0	1345.0	1345.0	1360.0	15.0	84.0	5.0	12.0	2.0	
577.0	0.0	2.0	1347.0	1347.0	1362.0	15.0	88.0	5.0	4.0	3.0	
578.0	0.0	2.0	1347.0	1347.0	1362.0	15.0	90.0	5.0	4.0	1.0	
579.0	0.0	2.0	1346.0	1346.0	1361.0	15.0	93.0	5.0	4.0	5.0	
580.0	0.0	2.0	1344.0	1344.0	1359.0	15.0	98.0	5.0	15.0	2.0	
581.0	1.0	2.0	1327.0	1327.0	1344.0	17.0	57.0	3.0	14.0	3.0	
582.0	1.0	2.0	1344.0	1344.0	1361.0	17.0	38.0	2.0	5.0	5.0	
583.0	0.0	2.0	1345.0	1345.0	1360.0	15.0	85.0	5.0	3.0	5.0	
584.0	1.0	2.0	1330.0	1330.0	1347.0	17.0	52.0	3.0	4.0	3.0	
585.0	0.0	2.0	1350.0	1350.0	1365.0	15.0	91.0	5.0	9.0	5.0	
586.0	0.0	2.0	1347.0	1347.0	1362.0	15.0	96.0	5.0	15.0	3.0	
587.0	0.0	2.0	1344.0	1344.0	1359.0	15.0	98.0	5.0	15.0	2.0	
588.0	0.0	2.0	1346.0	1346.0	1361.0	15.0	82.0	5.0	6.0	2.0	
589.0	0.0	2.0	1345.0	1345.0	1360.0	15.0	83.0	5.0	5.0	1.0	
590.0	0.0	2.0	1348.0	1348.0	1363.0	15.0	88.0	5.0	4.0	3.0	
591.0	1.0	2.0	1348.0	1348.0	1365.0	17.0	36.0	2.0	15.0	4.0	
592.0	1.0	2.0	1334.0	1334.0	1351.0	17.0	76.0	4.0	6.0	4.0	
593.0	0.0	2.0	1344.0	1344.0	1359.0	15.0	97.0	5.0	9.0	3.0	
594.0	1.0	2.0	1312.0	1313.0	1330.0	17.0	28.0	2.0	8.0	1.0	
595.0	1.0	2.0	1336.0	1336.0	1353.0	17.0	50.0	3.0	9.0	1.0	
596.0	0.0	2.0	1346.0	1346.0	1361.0	15.0	84.0	5.0	12.0	2.0	
597.0	0.0	2.0	1349.0	1349.0	1364.0	15.0	89.0	5.0	14.0	2.0	
598.0	1.0	2.0	1337.0	1337.0	1354.0	17.0	62.0	4.0	7.0	4.0	
599.0	0.0	2.0	1348.0	1348.0	1363.0	15.0	94.0	5.0	13.0	1.0	
600.0	0.0	2.0	1345.0	1345.0	1360.0	15.0	97.0	5.0	9.0	3.0	
601.0	0.0	2.0	1347.0	1347.0	1362.0	15.0	100.0	5.0	14.0	1.0	
602.0	1.0	2.0	1342.0	1342.0	1359.0	17.0	44.0	3.0	3.0	5.0	
603.0	1.0	2.0	1327.0	1327.0	1344.0	17.0	52.0	3.0	4.0	3.0	
604.0	1.0	2.0	1331.0	1331.0	1348.0	17.0	66.0	4.0	12.0	5.0	
605.0	1.0	2.0	1348.0	1348.0	1365.0	17.0	36.0	2.0	15.0	4.0	
606.0	0.0	2.0	1349.0	1349.0	1364.0	15.0	96.0	5.0	15.0	3.0	
607.0	0.0	2.0	1348.0	1348.0	1363.0	15.0	97.0	5.0	9.0	3.0	
608.0	1.0	2.0	1348.0	1348.0	1365.0	17.0	51.0	3.0	2.0	3.0	
609.0	1.0	2.0	1330.0	1330.0	1347.0	17.0	54.0	3.0	10.0	5.0	
610.0	1.0	2.0	1349.0	1349.0	1366.0	17.0	81.0	5.0	3.0	4.0	
611.0	1.0	2.0	1342.0	1342.0	1359.0	17.0	47.0	3.0	15.0	5.0	
612.0	0.0	2.0	1350.0	1350.0	1365.0	15.0	93.0	5.0	4.0	5.0	
613.0	0.0	2.0	1348.0	1348.0	1363.0	15.0	97.0	5.0	9.0	3.0	
614.0	1.0	2.0	1336.0	1336.0	1353.0	17.0	50.0	3.0	9.0	1.0	
615.0	1.0	2.0	1349.0	1349.0	1366.0	17.0	88.0	5.0	4.0	3.0	
616.0	0.0	2.0	1350.0	1350.0	1365.0	15.0	86.0	5.0	15.0	4.0	
617.0	1.0	2.0	1340.0	1340.0	1357.0	17.0	66.0	4.0	12.0	5.0	
618.0	1.0	2.0	1347.0	1348.0	1365.0	17.0	69.0	4.0	12.0	2.0	
619.0	1.0	2.0	1340.0	1340.0	1357.0	17.0	67.0	4.0	3.0	3.0	
620.0	1.0	2.0	1350.0	1350.0	1367.0	17.0	83.0	5.0	5.0	1.0	
621.0	0.0	2.0	1349.0	1349.0	1364.0	15.0	99.0	5.0	12.0	3.0	
622.0	0.0	2.0	1349.0	1350.0	1365.0	15.0	83.0	5.0	5.0	1.0	
623.0	0.0	2.0	1350.0	1350.0	1365.0	15.0	85.0	5.0	3.0	5.0	
624.0	1.0	2.0	1295.0	1295.0	1313.0	18.0	67.0	4.0	3.0	3.0	
625.0	0.0	2.0	1350.0	1350.0	1365.0	15.0	91.0	5.0	9.0	5.0	
626.0	1.0	2.0	1334.0	1334.0	1351.0	17.0	53.0	3.0	12.0	3.0	
627.0	1.0	2.0	1350.0	1350.0	1368.0	18.0	92.0	5.0	10.0	4.0	
628.0	0.0	2.0	1350.0	1350.0	1365.0	15.0	81.0	5.0	3.0	4.0	
629.0	0.0	2.0	1350.0	1350.0	1365.0	15.0	83.0	5.0	5.0	1.0	
630.0	1.0	2.0	1314.0	1314.0	1331.0	17.0	76.0	4.0	6.0	4.0	
631.0	1.0	2.0	1340.0	1340.0	1357.0	17.0	66.0	4.0	12.0	5.0	
632.0	0.0	2.0	1350.0	1350.0	1365.0	15.0	93.0	5.0	4.0	5.0	
633.0	1.0	2.0	1350.0	1350.0	1367.0	17.0	40.0	2.0	11.0	3.0	
634.0	1.0	2.0	1348.0	1348.0	1365.0	17.0	33.0	2.0	14.0	1.0	
635.0	1.0	2.0	1339.0	1339.0	1356.0	17.0	65.0	4.0	11.0	2.0	
636.0	1.0	2.0	1348.0	1348.0	1365.0	17.0	49.0	3.0	12.0	1.0	
637.0	1.0	2.0	1347.0	1347.0	1364.0	17.0	41.0	3.0	15.0	4.0	
638.0	0.0	2.0	1350.0	1350.0	1365.0	15.0	90.0	5.0	4.0	1.0	
639.0	1.0	2.0	1350.0	1350.0	1367.0	17.0	43.0	3.0	13.0	1.0	
640.0	0.0	2.0	1351.0	1351.0	1366.0	15.0	98.0	5.0	15.0	2.0	
641.0	0.0	2.0	1352.0	1352.0	1367.0	15.0	100.0	5.0	14.0	1.0	
642.0	1.0	2.0	1351.0	1351.0	1368.0	17.0	85.0	5.0	3.0	5.0	
643.0	1.0	2.0	1348.0	1348.0	1365.0	17.0	32.0	2.0	14.0	3.0	
644.0	0.0	2.0	1349.0	1349.0	1364.0	15.0	89.0	5.0	14.0	2.0	
645.0	0.0	2.0	1350.0	1350.0	1365.0	15.0	91.0	5.0	9.0	5.0	
646.0	0.0	2.0	1351.0	1351.0	1366.0	15.0	95.0	5.0	8.0	5.0	
647.0	0.0	2.0	1355.0	1355.0	1370.0	15.0	97.0	5.0	9.0	3.0	
648.0	1.0	2.0	1327.0	1327.0	1344.0	17.0	61.0	4.0	12.0	4.0	
649.0	1.0	2.0	1351.0	1351.0	1368.0	17.0	67.0	4.0	3.0	3.0	
650.0	1.0	2.0	1345.0	1345.0	1362.0	17.0	47.0	3.0	15.0	5.0	
651.0	0.0	2.0	1351.0	1351.0	1366.0	15.0	91.0	5.0	9.0	5.0	
652.0	0.0	2.0	1351.0	1352.0	1367.0	15.0	94.0	5.0	13.0	1.0	
653.0	0.0	2.0	1351.0	1351.0	1366.0	15.0	96.0	5.0	15.0	3.0	
654.0	1.0	2.0	1350.0	1350.0	1367.0	17.0	53.0	3.0	12.0	3.0	
655.0	0.0	2.0	1358.0	1358.0	1373.0	15.0	83.0	5.0	5.0	1.0	
656.0	0.0	2.0	1351.0	1351.0	1366.0	15.0	86.0	5.0	15.0	4.0	
657.0	1.0	2.0	1342.0	1342.0	1359.0	17.0	35.0	2.0	10.0	5.0	
658.0	0.0	2.0	1353.0	1353.0	1368.0	15.0	90.0	5.0	4.0	1.0	
659.0	0.0	2.0	1352.0	1352.0	1367.0	15.0	93.0	5.0	4.0	5.0	
660.0	1.0	2.0	1355.0	1355.0	1372.0	17.0	86.0	5.0	15.0	4.0	
661.0	1.0	2.0	1351.0	1351.0	1368.0	17.0	69.0	4.0	12.0	2.0	
662.0	0.0	2.0	1358.0	1358.0	1373.0	15.0	83.0	5.0	5.0	1.0	
663.0	0.0	2.0	1352.0	1352.0	1367.0	15.0	87.0	5.0	5.0	5.0	
664.0	0.0	2.0	1353.0	1353.0	1368.0	15.0	89.0	5.0	14.0	2.0	
665.0	1.0	2.0	1331.0	1331.0	1348.0	17.0	69.0	4.0	12.0	2.0	
666.0	0.0	2.0	1352.0	1352.0	1367.0	15.0	94.0	5.0	13.0	1.0	
667.0	1.0	2.0	1348.0	1348.0	1365.0	17.0	65.0	4.0	11.0	2.0	
668.0	1.0	2.0	1353.0	1353.0	1370.0	17.0	22.0	2.0	6.0	2.0	
669.0	0.0	2.0	1353.0	1353.0	1368.0	15.0	85.0	5.0	3.0	5.0	
670.0	0.0	2.0	1314.0	1314.0	1329.0	15.0	87.0	5.0	5.0	5.0	
671.0	1.0	2.0	1351.0	1351.0	1368.0	17.0	74.0	4.0	1.0	3.0	
672.0	0.0	2.0	1353.0	1353.0	1368.0	15.0	92.0	5.0	10.0	4.0	
673.0	0.0	2.0	1352.0	1352.0	1367.0	15.0	95.0	5.0	8.0	5.0	
674.0	1.0	2.0	1336.0	1336.0	1353.0	17.0	41.0	3.0	15.0	4.0	
675.0	1.0	2.0	1353.0	1353.0	1370.0	17.0	71.0	4.0	11.0	3.0	
676.0	1.0	2.0	1351.0	1351.0	1368.0	17.0	78.0	4.0	8.0	1.0	
677.0	0.0	2.0	1353.0	1353.0	1368.0	15.0	87.0	5.0	5.0	5.0	
678.0	1.0	2.0	1342.0	1342.0	1359.0	17.0	61.0	4.0	12.0	4.0	
679.0	0.0	2.0	1353.0	1353.0	1368.0	15.0	95.0	5.0	8.0	5.0	
680.0	1.0	2.0	1354.0	1354.0	1371.0	17.0	75.0	4.0	8.0	5.0	
681.0	1.0	2.0	1355.0	1355.0	1372.0	17.0	96.0	5.0	15.0	3.0	
682.0	0.0	2.0	1359.0	1359.0	1374.0	15.0	83.0	5.0	5.0	1.0	
683.0	1.0	2.0	1336.0	1336.0	1353.0	17.0	65.0	4.0	11.0	2.0	
684.0	1.0	2.0	1353.0	1353.0	1370.0	17.0	18.0	1.0	2.0	5.0	
685.0	1.0	2.0	1345.0	1345.0	1362.0	17.0	21.0	2.0	9.0	1.0	
686.0	0.0	2.0	1354.0	1354.0	1369.0	15.0	95.0	5.0	8.0	5.0	
687.0	1.0	2.0	1353.0	1353.0	1370.0	17.0	54.0	3.0	10.0	5.0	
688.0	0.0	2.0	1355.0	1356.0	1371.0	15.0	100.0	5.0	14.0	1.0	
689.0	0.0	2.0	1359.0	1359.0	1375.0	16.0	83.0	5.0	5.0	1.0	
690.0	1.0	2.0	1350.0	1350.0	1367.0	17.0	25.0	2.0	12.0	2.0	
691.0	0.0	2.0	1354.0	1354.0	1369.0	15.0	89.0	5.0	14.0	2.0	
692.0	0.0	2.0	1354.0	1355.0	1370.0	15.0	94.0	5.0	13.0	1.0	
693.0	0.0	2.0	1354.0	1354.0	1369.0	15.0	95.0	5.0	8.0	5.0	
694.0	1.0	2.0	1333.0	1333.0	1350.0	17.0	78.0	4.0	8.0	1.0	
695.0	1.0	2.0	1352.0	1352.0	1369.0	17.0	86.0	5.0	15.0	4.0	
696.0	0.0	2.0	1353.0	1353.0	1368.0	15.0	86.0	5.0	15.0	4.0	
697.0	0.0	2.0	1351.0	1351.0	1366.0	15.0	87.0	5.0	5.0	5.0	
698.0	1.0	2.0	1348.0	1348.0	1365.0	17.0	42.0	3.0	4.0	1.0	
699.0	0.0	2.0	1358.0	1358.0	1373.0	15.0	95.0	5.0	8.0	5.0	
700.0	0.0	2.0	1356.0	1356.0	1371.0	15.0	98.0	5.0	15.0	2.0	
701.0	1.0	2.0	1359.0	1359.0	1376.0	17.0	71.0	4.0	11.0	3.0	
702.0	0.0	2.0	1360.0	1360.0	1375.0	15.0	84.0	5.0	12.0	2.0	
703.0	1.0	2.0	1351.0	1351.0	1368.0	17.0	72.0	4.0	11.0	2.0	
704.0	0.0	2.0	1355.0	1355.0	1370.0	15.0	88.0	5.0	4.0	3.0	
705.0	0.0	2.0	1355.0	1356.0	1371.0	15.0	91.0	5.0	9.0	5.0	
706.0	1.0	2.0	1352.0	1352.0	1369.0	17.0	61.0	4.0	12.0	4.0	
707.0	0.0	2.0	1358.0	1358.0	1373.0	15.0	98.0	5.0	15.0	2.0	
708.0	1.0	2.0	1334.0	1334.0	1351.0	17.0	67.0	4.0	3.0	3.0	
709.0	0.0	2.0	1360.0	1360.0	1375.0	15.0	83.0	5.0	5.0	1.0	
710.0	0.0	2.0	1355.0	1355.0	1370.0	15.0	87.0	5.0	5.0	5.0	
711.0	0.0	2.0	1357.0	1357.0	1372.0	15.0	90.0	5.0	4.0	1.0	
712.0	1.0	2.0	1336.0	1336.0	1353.0	17.0	66.0	4.0	12.0	5.0	
713.0	1.0	2.0	1347.0	1347.0	1364.0	17.0	39.0	2.0	14.0	2.0	
714.0	1.0	2.0	1356.0	1356.0	1373.0	17.0	49.0	3.0	12.0	1.0	
715.0	1.0	2.0	1350.0	1350.0	1367.0	17.0	12.0	1.0	5.0	3.0	
716.0	1.0	2.0	1359.0	1359.0	1376.0	17.0	47.0	3.0	15.0	5.0	
717.0	0.0	2.0	1357.0	1357.0	1372.0	15.0	88.0	5.0	4.0	3.0	
718.0	1.0	2.0	1354.0	1354.0	1371.0	17.0	51.0	3.0	2.0	3.0	
719.0	0.0	2.0	1358.0	1358.0	1373.0	15.0	95.0	5.0	8.0	5.0	
720.0	1.0	2.0	1347.0	1347.0	1364.0	17.0	27.0	2.0	13.0	4.0	
721.0	0.0	2.0	1364.0	1364.0	1379.0	15.0	81.0	5.0	3.0	4.0	
722.0	1.0	2.0	1359.0	1359.0	1376.0	17.0	31.0	2.0	8.0	1.0	
723.0	1.0	2.0	1353.0	1353.0	1370.0	17.0	20.0	1.0	4.0	5.0	
724.0	1.0	2.0	1358.0	1358.0	1375.0	17.0	96.0	5.0	15.0	3.0	
725.0	0.0	2.0	1358.0	1359.0	1374.0	15.0	91.0	5.0	9.0	5.0	
726.0	1.0	2.0	1342.0	1342.0	1359.0	17.0	43.0	3.0	13.0	1.0	
727.0	0.0	2.0	1359.0	1359.0	1374.0	15.0	97.0	5.0	9.0	3.0	
728.0	0.0	2.0	1361.0	1361.0	1376.0	15.0	82.0	5.0	6.0	2.0	
729.0	0.0	2.0	1362.0	1362.0	1377.0	15.0	84.0	5.0	12.0	2.0	
730.0	0.0	2.0	1359.0	1359.0	1374.0	15.0	87.0	5.0	5.0	5.0	
731.0	1.0	2.0	1338.0	1338.0	1355.0	17.0	24.0	2.0	14.0	4.0	
732.0	0.0	2.0	1359.0	1359.0	1374.0	15.0	92.0	5.0	10.0	4.0	
733.0	0.0	2.0	1359.0	1359.0	1374.0	15.0	97.0	5.0	9.0	3.0	
734.0	1.0	2.0	1292.0	1292.0	1310.0	18.0	27.0	2.0	13.0	4.0	
735.0	0.0	2.0	1362.0	1362.0	1377.0	15.0	82.0	5.0	6.0	2.0	
736.0	0.0	2.0	1365.0	1365.0	1380.0	15.0	84.0	5.0	12.0	2.0	
737.0	1.0	2.0	1353.0	1354.0	1371.0	17.0	76.0	4.0	6.0	4.0	
738.0	1.0	2.0	1336.0	1336.0	1353.0	17.0	51.0	3.0	2.0	3.0	
739.0	1.0	2.0	1353.0	1353.0	1370.0	17.0	37.0	2.0	5.0	2.0	
740.0	0.0	2.0	1359.0	1359.0	1374.0	15.0	98.0	5.0	15.0	2.0	
741.0	0.0	2.0	1365.0	1365.0	1380.0	15.0	99.0	5.0	12.0	3.0	
742.0	1.0	2.0	1342.0	1342.0	1359.0	17.0	64.0	4.0	4.0	2.0	
743.0	1.0	2.0	1361.0	1361.0	1378.0	17.0	76.0	4.0	6.0	4.0	
744.0	1.0	2.0	1357.0	1357.0	1374.0	17.0	66.0	4.0	12.0	5.0	
745.0	1.0	2.0	1335.0	1335.0	1353.0	18.0	9.0	1.0	15.0	5.0	
746.0	0.0	2.0	1360.0	1361.0	1376.0	15.0	96.0	5.0	15.0	3.0	
747.0	0.0	2.0	1359.0	1359.0	1374.0	15.0	98.0	5.0	15.0	2.0	
748.0	1.0	2.0	1353.0	1353.0	1370.0	17.0	5.0	1.0	15.0	2.0	
749.0	1.0	2.0	1350.0	1350.0	1367.0	17.0	4.0	1.0	9.0	4.0	
750.0	0.0	2.0	1362.0	1362.0	1377.0	15.0	88.0	5.0	4.0	3.0	
751.0	1.0	2.0	1336.0	1336.0	1353.0	17.0	53.0	3.0	12.0	3.0	
752.0	0.0	2.0	1360.0	1360.0	1375.0	15.0	92.0	5.0	10.0	4.0	
753.0	1.0	2.0	1359.0	1359.0	1376.0	17.0	61.0	4.0	12.0	4.0	
754.0	1.0	2.0	1356.0	1356.0	1374.0	18.0	24.0	2.0	14.0	4.0	
755.0	0.0	2.0	1365.0	1365.0	1380.0	15.0	83.0	5.0	5.0	1.0	
756.0	0.0	2.0	1365.0	1365.0	1380.0	15.0	86.0	5.0	15.0	4.0	
757.0	1.0	2.0	1363.0	1363.0	1380.0	17.0	70.0	4.0	11.0	5.0	
758.0	0.0	2.0	1364.0	1364.0	1379.0	15.0	92.0	5.0	10.0	4.0	
759.0	1.0	2.0	1357.0	1357.0	1374.0	17.0	75.0	4.0	8.0	5.0	
760.0	0.0	2.0	1360.0	1360.0	1375.0	15.0	97.0	5.0	9.0	3.0	
761.0	1.0	2.0	1363.0	1363.0	1380.0	17.0	65.0	4.0	11.0	2.0	
762.0	0.0	2.0	1366.0	1366.0	1381.0	15.0	84.0	5.0	12.0	2.0	
763.0	1.0	2.0	1361.0	1361.0	1379.0	18.0	45.0	3.0	5.0	4.0	
764.0	1.0	2.0	1334.0	1334.0	1351.0	17.0	74.0	4.0	1.0	3.0	
765.0	1.0	2.0	1353.0	1353.0	1370.0	17.0	8.0	1.0	15.0	3.0	
766.0	0.0	2.0	1362.0	1362.0	1377.0	15.0	96.0	5.0	15.0	3.0	
767.0	0.0	2.0	1362.0	1362.0	1377.0	15.0	97.0	5.0	9.0	3.0	
768.0	1.0	2.0	1364.0	1364.0	1381.0	17.0	87.0	5.0	5.0	5.0	
769.0	1.0	2.0	1359.0	1359.0	1376.0	17.0	64.0	4.0	4.0	2.0	
770.0	0.0	2.0	1366.0	1366.0	1381.0	15.0	86.0	5.0	15.0	4.0	
771.0	1.0	2.0	1350.0	1350.0	1367.0	17.0	56.0	3.0	13.0	5.0	
772.0	1.0	2.0	1295.0	1295.0	1313.0	18.0	55.0	3.0	6.0	4.0	
773.0	0.0	2.0	1363.0	1363.0	1378.0	15.0	97.0	5.0	9.0	3.0	
774.0	1.0	2.0	1354.0	1354.0	1371.0	17.0	35.0	2.0	10.0	5.0	
775.0	0.0	2.0	1365.0	1365.0	1380.0	15.0	81.0	5.0	3.0	4.0	
776.0	0.0	2.0	1365.0	1365.0	1380.0	15.0	85.0	5.0	3.0	5.0	
777.0	0.0	2.0	1364.0	1364.0	1379.0	15.0	89.0	5.0	14.0	2.0	
778.0	1.0	2.0	1363.0	1363.0	1380.0	17.0	97.0	5.0	9.0	3.0	
779.0	0.0	2.0	1360.0	1360.0	1375.0	15.0	93.0	5.0	4.0	5.0	
780.0	0.0	2.0	1364.0	1364.0	1379.0	15.0	96.0	5.0	15.0	3.0	
781.0	0.0	2.0	1366.0	1366.0	1381.0	15.0	81.0	5.0	3.0	4.0	
782.0	1.0	2.0	1366.0	1367.0	1384.0	17.0	87.0	5.0	5.0	5.0	
783.0	1.0	2.0	1357.0	1357.0	1374.0	17.0	66.0	4.0	12.0	5.0	
784.0	1.0	2.0	1346.0	1346.0	1363.0	17.0	80.0	4.0	3.0	1.0	
785.0	0.0	2.0	1361.0	1361.0	1376.0	15.0	93.0	5.0	4.0	5.0	
786.0	0.0	2.0	1365.0	1365.0	1380.0	15.0	96.0	5.0	15.0	3.0	
787.0	1.0	2.0	1350.0	1350.0	1367.0	17.0	29.0	2.0	2.0	5.0	
788.0	0.0	2.0	1367.0	1367.0	1382.0	15.0	100.0	5.0	14.0	1.0	
789.0	1.0	2.0	1359.0	1359.0	1376.0	17.0	52.0	3.0	4.0	3.0	
790.0	1.0	2.0	1331.0	1331.0	1348.0	17.0	59.0	3.0	9.0	4.0	
791.0	0.0	2.0	1365.0	1365.0	1380.0	15.0	90.0	5.0	4.0	1.0	
792.0	0.0	2.0	1367.0	1367.0	1382.0	15.0	94.0	5.0	13.0	1.0	
793.0	0.0	2.0	1365.0	1365.0	1380.0	15.0	95.0	5.0	8.0	5.0	
794.0	1.0	2.0	1355.0	1355.0	1372.0	17.0	66.0	4.0	12.0	5.0	
795.0	0.0	2.0	1368.0	1368.0	1383.0	15.0	82.0	5.0	6.0	2.0	
796.0	1.0	2.0	1364.0	1364.0	1381.0	17.0	68.0	4.0	5.0	3.0	
797.0	1.0	2.0	1365.0	1365.0	1382.0	17.0	59.0	3.0	9.0	4.0	
798.0	1.0	2.0	1333.0	1333.0	1350.0	17.0	46.0	3.0	14.0	3.0	
799.0	1.0	2.0	1353.0	1353.0	1370.0	17.0	16.0	1.0	14.0	2.0	
800.0	1.0	2.0	1367.0	1367.0	1384.0	17.0	99.0	5.0	12.0	3.0	
801.0	1.0	2.0	1331.0	1331.0	1348.0	17.0	79.0	4.0	7.0	3.0	
802.0	1.0	2.0	1336.0	1336.0	1353.0	17.0	51.0	3.0	2.0	3.0	
803.0	1.0	2.0	1352.0	1352.0	1369.0	17.0	75.0	4.0	8.0	5.0	
804.0	0.0	2.0	1367.0	1367.0	1382.0	15.0	90.0	5.0	4.0	1.0	
805.0	1.0	2.0	1361.0	1361.0	1379.0	18.0	38.0	2.0	5.0	5.0	
806.0	0.0	2.0	1366.0	1366.0	1381.0	15.0	95.0	5.0	8.0	5.0	
807.0	0.0	2.0	1367.0	1368.0	1383.0	15.0	99.0	5.0	12.0	3.0	
808.0	1.0	2.0	1353.0	1353.0	1370.0	17.0	54.0	3.0	10.0	5.0	
809.0	0.0	2.0	1350.0	1350.0	1365.0	15.0	84.0	5.0	12.0	2.0	
810.0	0.0	2.0	1342.0	1342.0	1357.0	15.0	87.0	5.0	5.0	5.0	
811.0	0.0	2.0	1344.0	1344.0	1359.0	15.0	90.0	5.0	4.0	1.0	
812.0	1.0	2.0	1364.0	1364.0	1381.0	17.0	73.0	4.0	13.0	3.0	
813.0	1.0	2.0	1365.0	1365.0	1382.0	17.0	32.0	2.0	14.0	3.0	
814.0	1.0	2.0	1358.0	1358.0	1375.0	17.0	78.0	4.0	8.0	1.0	
815.0	1.0	2.0	1359.0	1359.0	1376.0	17.0	76.0	4.0	6.0	4.0	
816.0	1.0	2.0	1347.0	1347.0	1364.0	17.0	34.0	2.0	14.0	1.0	
817.0	0.0	2.0	1368.0	1368.0	1383.0	15.0	89.0	5.0	14.0	2.0	
818.0	1.0	2.0	1357.0	1357.0	1374.0	17.0	67.0	4.0	3.0	3.0	
819.0	0.0	2.0	1367.0	1367.0	1382.0	15.0	94.0	5.0	13.0	1.0	
820.0	1.0	2.0	1365.0	1365.0	1382.0	17.0	69.0	4.0	12.0	2.0	
821.0	1.0	2.0	1345.0	1345.0	1362.0	17.0	60.0	3.0	3.0	3.0	
822.0	0.0	2.0	1367.0	1368.0	1383.0	15.0	84.0	5.0	12.0	2.0	
823.0	0.0	2.0	1366.0	1367.0	1382.0	15.0	85.0	5.0	3.0	5.0	
824.0	1.0	2.0	1342.0	1342.0	1359.0	17.0	71.0	4.0	11.0	3.0	
825.0	0.0	2.0	1366.0	1366.0	1381.0	15.0	91.0	5.0	9.0	5.0	
826.0	0.0	2.0	1355.0	1355.0	1370.0	15.0	94.0	5.0	13.0	1.0	
827.0	0.0	2.0	1368.0	1368.0	1383.0	15.0	98.0	5.0	15.0	2.0	
828.0	1.0	2.0	1351.0	1351.0	1368.0	17.0	68.0	4.0	5.0	3.0	
829.0	1.0	2.0	1368.0	1368.0	1385.0	17.0	90.0	5.0	4.0	1.0	
830.0	0.0	2.0	1367.0	1367.0	1382.0	15.0	86.0	5.0	15.0	4.0	
831.0	1.0	2.0	1359.0	1359.0	1376.0	17.0	26.0	2.0	1.0	2.0	
832.0	0.0	2.0	1368.0	1368.0	1383.0	15.0	92.0	5.0	10.0	4.0	
833.0	0.0	2.0	1367.0	1367.0	1382.0	15.0	96.0	5.0	15.0	3.0	
834.0	0.0	2.0	1368.0	1368.0	1383.0	15.0	100.0	5.0	14.0	1.0	
835.0	0.0	2.0	1343.0	1343.0	1358.0	15.0	82.0	5.0	6.0	2.0	
836.0	0.0	2.0	1368.0	1368.0	1383.0	15.0	86.0	5.0	15.0	4.0	
837.0	1.0	2.0	1347.0	1347.0	1364.0	17.0	73.0	4.0	13.0	3.0	
838.0	1.0	2.0	1366.0	1366.0	1383.0	17.0	80.0	4.0	3.0	1.0	
839.0	0.0	2.0	1367.0	1368.0	1383.0	15.0	95.0	5.0	8.0	5.0	
840.0	0.0	2.0	1369.0	1369.0	1384.0	15.0	98.0	5.0	15.0	2.0	
841.0	0.0	2.0	1368.0	1368.0	1383.0	15.0	81.0	5.0	3.0	4.0	
842.0	0.0	2.0	1368.0	1368.0	1383.0	15.0	82.0	5.0	6.0	2.0	
843.0	0.0	2.0	1368.0	1368.0	1383.0	15.0	85.0	5.0	3.0	5.0	
844.0	0.0	2.0	1357.0	1357.0	1372.0	15.0	90.0	5.0	4.0	1.0	
845.0	1.0	2.0	1330.0	1330.0	1347.0	17.0	63.0	4.0	15.0	1.0	
846.0	1.0	2.0	1365.0	1365.0	1382.0	17.0	65.0	4.0	11.0	2.0	
847.0	1.0	2.0	1365.0	1365.0	1382.0	17.0	49.0	3.0	12.0	1.0	
848.0	0.0	2.0	1336.0	1336.0	1351.0	15.0	100.0	5.0	14.0	1.0	
849.0	1.0	2.0	1354.0	1354.0	1371.0	17.0	77.0	4.0	8.0	2.0	
850.0	1.0	2.0	1363.0	1363.0	1380.0	17.0	73.0	4.0	13.0	3.0	
851.0	1.0	2.0	1367.0	1367.0	1384.0	17.0	21.0	2.0	9.0	1.0	
852.0	0.0	2.0	1369.0	1369.0	1384.0	15.0	93.0	5.0	4.0	5.0	
853.0	0.0	2.0	1368.0	1368.0	1383.0	15.0	95.0	5.0	8.0	5.0	
854.0	1.0	2.0	1334.0	1334.0	1351.0	17.0	74.0	4.0	1.0	3.0	
855.0	1.0	2.0	1369.0	1369.0	1386.0	17.0	61.0	4.0	12.0	4.0	
856.0	0.0	2.0	1368.0	1368.0	1383.0	15.0	85.0	5.0	3.0	5.0	
857.0	0.0	2.0	1368.0	1368.0	1383.0	15.0	87.0	5.0	5.0	5.0	
858.0	0.0	2.0	1367.0	1367.0	1382.0	15.0	91.0	5.0	9.0	5.0	
859.0	0.0	2.0	1369.0	1369.0	1384.0	15.0	95.0	5.0	8.0	5.0	
860.0	0.0	2.0	1370.0	1370.0	1385.0	15.0	97.0	5.0	9.0	3.0	
861.0	1.0	2.0	1356.0	1356.0	1373.0	17.0	11.0	1.0	4.0	4.0	
862.0	1.0	2.0	1333.0	1333.0	1350.0	17.0	4.0	1.0	9.0	4.0	
863.0	1.0	2.0	1368.0	1368.0	1385.0	17.0	72.0	4.0	11.0	2.0	
864.0	0.0	2.0	1369.0	1369.0	1384.0	15.0	89.0	5.0	14.0	2.0	
865.0	1.0	2.0	1350.0	1350.0	1367.0	17.0	33.0	2.0	14.0	1.0	
866.0	1.0	2.0	1368.0	1368.0	1385.0	17.0	69.0	4.0	12.0	2.0	
867.0	1.0	2.0	1367.0	1367.0	1384.0	17.0	25.0	2.0	12.0	2.0	
868.0	0.0	2.0	1353.0	1353.0	1368.0	15.0	82.0	5.0	6.0	2.0	
869.0	0.0	2.0	1369.0	1369.0	1384.0	15.0	85.0	5.0	3.0	5.0	
870.0	0.0	2.0	1369.0	1369.0	1384.0	15.0	86.0	5.0	15.0	4.0	
871.0	1.0	2.0	1354.0	1354.0	1371.0	17.0	74.0	4.0	1.0	3.0	
872.0	0.0	2.0	1370.0	1370.0	1385.0	15.0	93.0	5.0	4.0	5.0	
873.0	1.0	2.0	1368.0	1368.0	1385.0	17.0	100.0	5.0	14.0	1.0	
874.0	1.0	2.0	1366.0	1366.0	1383.0	17.0	79.0	4.0	7.0	3.0	
875.0	1.0	2.0	1369.0	1369.0	1386.0	17.0	75.0	4.0	8.0	5.0	
876.0	1.0	2.0	1368.0	1368.0	1385.0	17.0	67.0	4.0	3.0	3.0	
877.0	0.0	2.0	1323.0	1323.0	1339.0	16.0	89.0	5.0	14.0	2.0	
878.0	1.0	2.0	1359.0	1359.0	1376.0	17.0	61.0	4.0	12.0	4.0	
879.0	0.0	2.0	1370.0	1370.0	1385.0	15.0	94.0	5.0	13.0	1.0	
880.0	0.0	2.0	1371.0	1371.0	1386.0	15.0	97.0	5.0	9.0	3.0	
881.0	0.0	2.0	1368.0	1368.0	1383.0	15.0	100.0	5.0	14.0	1.0	
882.0	0.0	2.0	1369.0	1369.0	1384.0	15.0	82.0	5.0	6.0	2.0	
883.0	0.0	2.0	1369.0	1369.0	1384.0	15.0	86.0	5.0	15.0	4.0	
884.0	0.0	2.0	1369.0	1369.0	1384.0	15.0	89.0	5.0	14.0	2.0	
885.0	0.0	2.0	1368.0	1368.0	1383.0	15.0	91.0	5.0	9.0	5.0	
886.0	1.0	2.0	1354.0	1354.0	1371.0	17.0	68.0	4.0	5.0	3.0	
887.0	1.0	2.0	1347.0	1347.0	1364.0	17.0	55.0	3.0	6.0	4.0	
888.0	0.0	2.0	1370.0	1370.0	1385.0	15.0	81.0	5.0	3.0	4.0	
889.0	0.0	2.0	1370.0	1370.0	1385.0	15.0	85.0	5.0	3.0	5.0	
890.0	0.0	2.0	1370.0	1370.0	1385.0	15.0	87.0	5.0	5.0	5.0	
891.0	0.0	2.0	1369.0	1369.0	1384.0	15.0	90.0	5.0	4.0	1.0	
892.0	1.0	2.0	1368.0	1368.0	1385.0	17.0	68.0	4.0	5.0	3.0	
893.0	0.0	2.0	1370.0	1370.0	1385.0	15.0	95.0	5.0	8.0	5.0	
894.0	0.0	2.0	1371.0	1371.0	1386.0	15.0	100.0	5.0	14.0	1.0	
895.0	1.0	2.0	1371.0	1371.0	1388.0	17.0	65.0	4.0	11.0	2.0	
896.0	1.0	2.0	1355.0	1355.0	1372.0	17.0	75.0	4.0	8.0	5.0	
897.0	1.0	2.0	1351.0	1351.0	1368.0	17.0	70.0	4.0	11.0	5.0	
898.0	0.0	2.0	1370.0	1370.0	1385.0	15.0	92.0	5.0	10.0	4.0	
899.0	0.0	2.0	1369.0	1369.0	1384.0	15.0	95.0	5.0	8.0	5.0	
900.0	0.0	2.0	1372.0	1372.0	1387.0	15.0	96.0	5.0	15.0	3.0	
901.0	0.0	2.0	1371.0	1371.0	1386.0	15.0	81.0	5.0	3.0	4.0	
902.0	1.0	2.0	1371.0	1371.0	1388.0	17.0	76.0	4.0	6.0	4.0	
903.0	1.0	2.0	1366.0	1366.0	1383.0	17.0	58.0	3.0	11.0	4.0	
904.0	0.0	2.0	1370.0	1370.0	1385.0	15.0	88.0	5.0	4.0	3.0	
905.0	0.0	2.0	1370.0	1370.0	1385.0	15.0	93.0	5.0	4.0	5.0	
906.0	0.0	2.0	1370.0	1370.0	1385.0	15.0	94.0	5.0	13.0	1.0	
907.0	0.0	2.0	1372.0	1372.0	1387.0	15.0	99.0	5.0	12.0	3.0	
908.0	1.0	2.0	1370.0	1370.0	1387.0	17.0	67.0	4.0	3.0	3.0	
909.0	0.0	2.0	1372.0	1372.0	1387.0	15.0	84.0	5.0	12.0	2.0	
910.0	1.0	2.0	1347.0	1347.0	1364.0	17.0	43.0	3.0	13.0	1.0	
911.0	1.0	2.0	1369.0	1369.0	1386.0	17.0	44.0	3.0	3.0	5.0	
912.0	1.0	2.0	1343.0	1343.0	1360.0	17.0	55.0	3.0	6.0	4.0	
913.0	1.0	2.0	1363.0	1363.0	1380.0	17.0	62.0	4.0	7.0	4.0	
914.0	0.0	2.0	1349.0	1349.0	1364.0	15.0	70.0	4.0	11.0	5.0	
915.0	1.0	2.0	1363.0	1363.0	1380.0	17.0	75.0	4.0	8.0	5.0	
916.0	0.0	2.0	1360.0	1360.0	1375.0	15.0	76.0	4.0	6.0	4.0	
917.0	0.0	2.0	1367.0	1367.0	1382.0	15.0	78.0	4.0	8.0	1.0	
918.0	0.0	2.0	1349.0	1349.0	1364.0	15.0	61.0	4.0	12.0	4.0	
919.0	0.0	2.0	1356.0	1356.0	1371.0	15.0	65.0	4.0	11.0	2.0	
920.0	1.0	2.0	1336.0	1336.0	1353.0	17.0	52.0	3.0	4.0	3.0	
921.0	0.0	2.0	1360.0	1360.0	1375.0	15.0	71.0	4.0	11.0	3.0	
922.0	0.0	2.0	1368.0	1368.0	1383.0	15.0	74.0	4.0	1.0	3.0	
923.0	0.0	2.0	1369.0	1369.0	1384.0	15.0	78.0	4.0	8.0	1.0	
924.0	0.0	2.0	1359.0	1359.0	1374.0	15.0	61.0	4.0	12.0	4.0	
925.0	0.0	2.0	1358.0	1358.0	1373.0	15.0	62.0	4.0	7.0	4.0	
926.0	1.0	2.0	1371.0	1371.0	1388.0	17.0	46.0	3.0	14.0	3.0	
927.0	0.0	2.0	1364.0	1364.0	1379.0	15.0	70.0	4.0	11.0	5.0	
928.0	0.0	2.0	1367.0	1367.0	1382.0	15.0	71.0	4.0	11.0	3.0	
929.0	0.0	2.0	1368.0	1368.0	1383.0	15.0	74.0	4.0	1.0	3.0	
930.0	0.0	2.0	1370.0	1370.0	1385.0	15.0	77.0	4.0	8.0	2.0	
931.0	0.0	2.0	1367.0	1367.0	1382.0	15.0	61.0	4.0	12.0	4.0	
932.0	1.0	2.0	1368.0	1368.0	1385.0	17.0	69.0	4.0	12.0	2.0	
933.0	1.0	2.0	1370.0	1370.0	1387.0	17.0	94.0	5.0	13.0	1.0	
934.0	0.0	2.0	1368.0	1368.0	1383.0	15.0	69.0	4.0	12.0	2.0	
935.0	0.0	2.0	1369.0	1369.0	1384.0	15.0	72.0	4.0	11.0	2.0	
936.0	1.0	2.0	1367.0	1367.0	1384.0	17.0	43.0	3.0	13.0	1.0	
937.0	0.0	2.0	1368.0	1368.0	1383.0	15.0	80.0	4.0	3.0	1.0	
938.0	0.0	2.0	1369.0	1369.0	1384.0	15.0	63.0	4.0	15.0	1.0	
939.0	1.0	2.0	1371.0	1371.0	1388.0	17.0	72.0	4.0	11.0	2.0	
940.0	1.0	2.0	1372.0	1372.0	1389.0	17.0	65.0	4.0	11.0	2.0	
941.0	0.0	2.0	1370.0	1370.0	1385.0	15.0	71.0	4.0	11.0	3.0	
942.0	0.0	2.0	1371.0	1371.0	1386.0	15.0	74.0	4.0	1.0	3.0	
943.0	0.0	2.0	1369.0	1369.0	1384.0	15.0	76.0	4.0	6.0	4.0	
944.0	0.0	2.0	1353.0	1353.0	1368.0	15.0	80.0	4.0	3.0	1.0	
945.0	0.0	2.0	1371.0	1371.0	1386.0	15.0	63.0	4.0	15.0	1.0	
946.0	1.0	2.0	1371.0	1371.0	1388.0	17.0	44.0	3.0	3.0	5.0	
947.0	1.0	2.0	1373.0	1373.0	1390.0	17.0	90.0	5.0	4.0	1.0	
948.0	1.0	2.0	1370.0	1370.0	1387.0	17.0	54.0	3.0	10.0	5.0	
949.0	0.0	2.0	1371.0	1371.0	1386.0	15.0	75.0	4.0	8.0	5.0	
950.0	0.0	2.0	1371.0	1371.0	1386.0	15.0	78.0	4.0	8.0	1.0	
951.0	0.0	2.0	1369.0	1369.0	1384.0	15.0	80.0	4.0	3.0	1.0	
952.0	0.0	2.0	1316.0	1316.0	1331.0	15.0	63.0	4.0	15.0	1.0	
953.0	1.0	2.0	1372.0	1372.0	1389.0	17.0	53.0	3.0	12.0	3.0	
954.0	1.0	2.0	1371.0	1371.0	1388.0	17.0	95.0	5.0	8.0	5.0	
955.0	0.0	2.0	1372.0	1372.0	1387.0	15.0	74.0	4.0	1.0	3.0	
956.0	1.0	2.0	1370.0	1370.0	1387.0	17.0	92.0	5.0	10.0	4.0	
957.0	0.0	2.0	1372.0	1372.0	1387.0	15.0	80.0	4.0	3.0	1.0	
958.0	1.0	2.0	1370.0	1370.0	1387.0	17.0	60.0	3.0	3.0	3.0	
959.0	1.0	2.0	1372.0	1372.0	1389.0	17.0	62.0	4.0	7.0	4.0	
960.0	1.0	2.0	1367.0	1367.0	1384.0	17.0	57.0	3.0	14.0	3.0	
961.0	1.0	2.0	1374.0	1374.0	1391.0	17.0	92.0	5.0	10.0	4.0	
962.0	0.0	2.0	1373.0	1373.0	1388.0	15.0	75.0	4.0	8.0	5.0	
963.0	1.0	2.0	1330.0	1330.0	1347.0	17.0	43.0	3.0	13.0	1.0	
964.0	0.0	2.0	1372.0	1372.0	1387.0	15.0	61.0	4.0	12.0	4.0	
965.0	0.0	2.0	1372.0	1372.0	1387.0	15.0	64.0	4.0	4.0	2.0	
966.0	1.0	2.0	1371.0	1371.0	1388.0	17.0	28.0	2.0	8.0	1.0	
967.0	1.0	2.0	1372.0	1372.0	1389.0	17.0	91.0	5.0	9.0	5.0	
968.0	1.0	2.0	1373.0	1373.0	1390.0	17.0	50.0	3.0	9.0	1.0	
969.0	0.0	2.0	1372.0	1372.0	1387.0	15.0	76.0	4.0	6.0	4.0	
970.0	0.0	2.0	1373.0	1373.0	1388.0	15.0	79.0	4.0	7.0	3.0	
971.0	0.0	2.0	1373.0	1373.0	1388.0	15.0	62.0	4.0	7.0	4.0	
972.0	0.0	2.0	1374.0	1374.0	1389.0	15.0	65.0	4.0	11.0	2.0	
973.0	0.0	2.0	1372.0	1372.0	1387.0	15.0	66.0	4.0	12.0	5.0	
974.0	0.0	2.0	1376.0	1376.0	1391.0	15.0	71.0	4.0	11.0	3.0	
975.0	0.0	2.0	1374.0	1374.0	1389.0	15.0	73.0	4.0	13.0	3.0	
976.0	0.0	2.0	1374.0	1374.0	1389.0	15.0	75.0	4.0	8.0	5.0	
977.0	0.0	2.0	1373.0	1373.0	1388.0	15.0	80.0	4.0	3.0	1.0	
978.0	1.0	2.0	1373.0	1373.0	1390.0	17.0	91.0	5.0	9.0	5.0	
979.0	0.0	2.0	1373.0	1373.0	1388.0	15.0	66.0	4.0	12.0	5.0	
980.0	1.0	2.0	1365.0	1365.0	1382.0	17.0	86.0	5.0	15.0	4.0	
981.0	1.0	2.0	1371.0	1371.0	1388.0	17.0	39.0	2.0	14.0	2.0	
982.0	1.0	2.0	1372.0	1373.0	1390.0	17.0	90.0	5.0	4.0	1.0	
983.0	0.0	2.0	1375.0	1375.0	1390.0	15.0	78.0	4.0	8.0	1.0	
984.0	1.0	2.0	1374.0	1374.0	1391.0	17.0	47.0	3.0	15.0	5.0	
985.0	0.0	2.0	1376.0	1376.0	1391.0	15.0	64.0	4.0	4.0	2.0	
986.0	1.0	2.0	1370.0	1370.0	1387.0	17.0	54.0	3.0	10.0	5.0	
987.0	0.0	2.0	1375.0	1375.0	1390.0	15.0	68.0	4.0	5.0	3.0	
988.0	1.0	2.0	1372.0	1372.0	1389.0	17.0	57.0	3.0	14.0	3.0	
989.0	1.0	2.0	1373.0	1373.0	1390.0	17.0	98.0	5.0	15.0	2.0	
990.0	1.0	2.0	1369.0	1369.0	1386.0	17.0	42.0	3.0	4.0	1.0	
991.0	0.0	2.0	1374.0	1374.0	1389.0	15.0	61.0	4.0	12.0	4.0	
992.0	0.0	2.0	1374.0	1374.0	1389.0	15.0	65.0	4.0	11.0	2.0	
993.0	1.0	2.0	1348.0	1348.0	1365.0	17.0	59.0	3.0	9.0	4.0	
994.0	1.0	2.0	1374.0	1374.0	1391.0	17.0	79.0	4.0	7.0	3.0	
995.0	1.0	2.0	1376.0	1376.0	1393.0	17.0	68.0	4.0	5.0	3.0	
996.0	1.0	2.0	1373.0	1373.0	1390.0	17.0	49.0	3.0	12.0	1.0	
997.0	1.0	2.0	1371.0	1371.0	1388.0	17.0	35.0	2.0	10.0	5.0	
998.0	1.0	2.0	1293.0	1293.0	1310.0	17.0	84.0	5.0	12.0	2.0	
999.0	1.0	2.0	1374.0	1374.0	1391.0	17.0	91.0	5.0	9.0	5.0	
1000.0	1.0	2.0	1372.0	1372.0	1389.0	17.0	88.0	5.0	4.0	3.0	
1001.0	1.0	2.0	1353.0	1353.0	1370.0	17.0	85.0	5.0	3.0	5.0	
1002.0	1.0	2.0	1374.0	1374.0	1391.0	17.0	98.0	5.0	15.0	2.0	
1003.0	0.0	2.0	1375.0	1375.0	1390.0	15.0	78.0	4.0	8.0	1.0	
1004.0	0.0	2.0	1376.0	1376.0	1391.0	15.0	61.0	4.0	12.0	4.0	
1005.0	1.0	2.0	1370.0	1370.0	1387.0	17.0	50.0	3.0	9.0	1.0	
1006.0	1.0	2.0	1353.0	1353.0	1370.0	17.0	93.0	5.0	4.0	5.0	
1007.0	1.0	2.0	1377.0	1377.0	1394.0	17.0	71.0	4.0	11.0	3.0	
1008.0	1.0	2.0	1374.0	1374.0	1391.0	17.0	66.0	4.0	12.0	5.0	
1009.0	0.0	2.0	1375.0	1375.0	1390.0	15.0	76.0	4.0	6.0	4.0	
1010.0	1.0	2.0	1375.0	1375.0	1392.0	17.0	96.0	5.0	15.0	3.0	
1011.0	1.0	2.0	1376.0	1376.0	1393.0	17.0	82.0	5.0	6.0	2.0	
1012.0	1.0	2.0	1373.0	1373.0	1390.0	17.0	83.0	5.0	5.0	1.0	
1013.0	0.0	2.0	1374.0	1374.0	1389.0	15.0	66.0	4.0	12.0	5.0	
1014.0	1.0	2.0	1373.0	1373.0	1390.0	17.0	98.0	5.0	15.0	2.0	
1015.0	1.0	2.0	1372.0	1372.0	1389.0	17.0	48.0	3.0	13.0	4.0	
1016.0	1.0	2.0	1374.0	1374.0	1391.0	17.0	97.0	5.0	9.0	3.0	
1017.0	1.0	2.0	1373.0	1373.0	1390.0	17.0	52.0	3.0	4.0	3.0	
1018.0	0.0	2.0	1376.0	1376.0	1391.0	15.0	61.0	4.0	12.0	4.0	
1019.0	1.0	2.0	1368.0	1368.0	1385.0	17.0	59.0	3.0	9.0	4.0	
1020.0	1.0	2.0	1357.0	1357.0	1374.0	17.0	79.0	4.0	7.0	3.0	
1021.0	1.0	2.0	1367.0	1367.0	1384.0	17.0	83.0	5.0	5.0	1.0	
1022.0	0.0	2.0	1376.0	1376.0	1391.0	15.0	75.0	4.0	8.0	5.0	
1023.0	1.0	2.0	1373.0	1373.0	1390.0	17.0	83.0	5.0	5.0	1.0	
1024.0	1.0	2.0	1375.0	1375.0	1392.0	17.0	98.0	5.0	15.0	2.0	
1025.0	0.0	2.0	1377.0	1378.0	1393.0	15.0	63.0	4.0	15.0	1.0	
1026.0	0.0	2.0	1374.0	1374.0	1389.0	15.0	65.0	4.0	11.0	2.0	
1027.0	0.0	2.0	1378.0	1378.0	1393.0	15.0	70.0	4.0	11.0	5.0	
1028.0	1.0	2.0	1375.0	1375.0	1392.0	17.0	93.0	5.0	4.0	5.0	
1029.0	1.0	2.0	1370.0	1370.0	1387.0	17.0	8.0	1.0	15.0	3.0	
1030.0	1.0	2.0	1290.0	1290.0	1307.0	17.0	83.0	5.0	5.0	1.0	
1031.0	1.0	2.0	1366.0	1366.0	1383.0	17.0	43.0	3.0	13.0	1.0	
1032.0	1.0	2.0	1376.0	1376.0	1393.0	17.0	88.0	5.0	4.0	3.0	
1033.0	1.0	2.0	1380.0	1380.0	1397.0	17.0	77.0	4.0	8.0	2.0	
1034.0	1.0	2.0	1376.0	1376.0	1393.0	17.0	23.0	2.0	7.0	3.0	
1035.0	1.0	2.0	1370.0	1370.0	1387.0	17.0	16.0	1.0	14.0	2.0	
1036.0	1.0	2.0	1377.0	1377.0	1394.0	17.0	84.0	5.0	12.0	2.0	
1037.0	0.0	2.0	1376.0	1376.0	1391.0	15.0	80.0	4.0	3.0	1.0	
1038.0	1.0	2.0	1338.0	1338.0	1355.0	17.0	96.0	5.0	15.0	3.0	
1039.0	1.0	2.0	1373.0	1373.0	1390.0	17.0	88.0	5.0	4.0	3.0	
1040.0	1.0	2.0	1379.0	1379.0	1396.0	17.0	81.0	5.0	3.0	4.0	
1041.0	1.0	2.0	1376.0	1376.0	1393.0	17.0	96.0	5.0	15.0	3.0	
1042.0	0.0	2.0	1377.0	1377.0	1392.0	15.0	74.0	4.0	1.0	3.0	
1043.0	1.0	2.0	1375.0	1375.0	1392.0	17.0	86.0	5.0	15.0	4.0	
1044.0	1.0	2.0	1375.0	1375.0	1392.0	17.0	92.0	5.0	10.0	4.0	
1045.0	1.0	2.0	1354.0	1354.0	1371.0	17.0	30.0	2.0	14.0	1.0	
1046.0	0.0	2.0	1377.0	1377.0	1392.0	15.0	65.0	4.0	11.0	2.0	
1047.0	1.0	2.0	1376.0	1376.0	1393.0	17.0	47.0	3.0	15.0	5.0	
1048.0	1.0	2.0	1324.0	1324.0	1341.0	17.0	41.0	3.0	15.0	4.0	
1049.0	1.0	2.0	1356.0	1356.0	1373.0	17.0	52.0	3.0	4.0	3.0	
1050.0	1.0	2.0	1373.0	1373.0	1390.0	17.0	84.0	5.0	12.0	2.0	
1051.0	1.0	2.0	1374.0	1374.0	1391.0	17.0	46.0	3.0	14.0	3.0	
1052.0	0.0	2.0	1368.0	1368.0	1383.0	15.0	63.0	4.0	15.0	1.0	
1053.0	1.0	2.0	1355.0	1355.0	1372.0	17.0	48.0	3.0	13.0	4.0	
1054.0	0.0	2.0	1343.0	1343.0	1358.0	15.0	69.0	4.0	12.0	2.0	
1055.0	1.0	2.0	1375.0	1375.0	1392.0	17.0	83.0	5.0	5.0	1.0	
1056.0	1.0	2.0	1372.0	1372.0	1389.0	17.0	86.0	5.0	15.0	4.0	
1057.0	1.0	2.0	1371.0	1371.0	1388.0	17.0	91.0	5.0	9.0	5.0	
1058.0	1.0	2.0	1376.0	1376.0	1393.0	17.0	93.0	5.0	4.0	5.0	
1059.0	1.0	2.0	1375.0	1376.0	1393.0	17.0	88.0	5.0	4.0	3.0	
1060.0	1.0	2.0	1376.0	1376.0	1393.0	17.0	31.0	2.0	8.0	1.0	
1061.0	1.0	2.0	1376.0	1376.0	1393.0	17.0	81.0	5.0	3.0	4.0	
1062.0	0.0	2.0	1378.0	1378.0	1393.0	15.0	73.0	4.0	13.0	3.0	
1063.0	0.0	2.0	1378.0	1378.0	1393.0	15.0	77.0	4.0	8.0	2.0	
1064.0	1.0	2.0	1373.0	1373.0	1390.0	17.0	29.0	2.0	2.0	5.0	
1065.0	1.0	2.0	1374.0	1374.0	1391.0	17.0	45.0	3.0	5.0	4.0	
1066.0	0.0	2.0	1380.0	1380.0	1395.0	15.0	65.0	4.0	11.0	2.0	
1067.0	1.0	2.0	1374.0	1374.0	1391.0	17.0	50.0	3.0	9.0	1.0	
1068.0	1.0	2.0	1373.0	1373.0	1390.0	17.0	95.0	5.0	8.0	5.0	
1069.0	1.0	2.0	1377.0	1377.0	1394.0	17.0	56.0	3.0	13.0	5.0	
1070.0	0.0	2.0	1377.0	1377.0	1392.0	15.0	79.0	4.0	7.0	3.0	
1071.0	0.0	2.0	1376.0	1376.0	1391.0	15.0	61.0	4.0	12.0	4.0	
1072.0	1.0	2.0	1378.0	1378.0	1395.0	17.0	84.0	5.0	12.0	2.0	
1073.0	1.0	2.0	1371.0	1371.0	1388.0	17.0	30.0	2.0	14.0	1.0	
1074.0	0.0	2.0	1378.0	1378.0	1393.0	15.0	70.0	4.0	11.0	5.0	
1075.0	1.0	2.0	1333.0	1333.0	1350.0	17.0	84.0	5.0	12.0	2.0	
1076.0	0.0	2.0	1379.0	1379.0	1394.0	15.0	76.0	4.0	6.0	4.0	
1077.0	0.0	2.0	1378.0	1378.0	1393.0	15.0	80.0	4.0	3.0	1.0	
1078.0	1.0	2.0	1373.0	1373.0	1390.0	17.0	84.0	5.0	12.0	2.0	
1079.0	1.0	2.0	1377.0	1377.0	1394.0	17.0	82.0	5.0	6.0	2.0	
1080.0	1.0	2.0	1375.0	1375.0	1392.0	17.0	22.0	2.0	6.0	2.0	
1081.0	0.0	2.0	1379.0	1379.0	1394.0	15.0	70.0	4.0	11.0	5.0	
1082.0	1.0	2.0	1375.0	1375.0	1392.0	17.0	85.0	5.0	3.0	5.0	
1083.0	1.0	2.0	1377.0	1377.0	1394.0	17.0	90.0	5.0	4.0	1.0	
1084.0	1.0	2.0	1377.0	1377.0	1394.0	17.0	99.0	5.0	12.0	3.0	
1085.0	1.0	2.0	1376.0	1376.0	1393.0	17.0	31.0	2.0	8.0	1.0	
1086.0	0.0	2.0	1380.0	1380.0	1395.0	15.0	67.0	4.0	3.0	3.0	
1087.0	1.0	2.0	1377.0	1377.0	1394.0	17.0	58.0	3.0	11.0	4.0	
1088.0	0.0	2.0	1380.0	1380.0	1395.0	15.0	71.0	4.0	11.0	3.0	
1089.0	1.0	2.0	1355.0	1355.0	1372.0	17.0	88.0	5.0	4.0	3.0	
1090.0	1.0	2.0	1380.0	1380.0	1397.0	17.0	91.0	5.0	9.0	5.0	
1091.0	1.0	2.0	1378.0	1378.0	1396.0	18.0	85.0	5.0	3.0	5.0	
1092.0	1.0	2.0	1380.0	1380.0	1397.0	17.0	69.0	4.0	12.0	2.0	
1093.0	1.0	2.0	1379.0	1379.0	1396.0	17.0	96.0	5.0	15.0	3.0	
1094.0	1.0	2.0	1343.0	1343.0	1360.0	17.0	96.0	5.0	15.0	3.0	
1095.0	0.0	2.0	1380.0	1380.0	1395.0	15.0	72.0	4.0	11.0	2.0	
1096.0	1.0	2.0	1375.0	1375.0	1392.0	17.0	89.0	5.0	14.0	2.0	
1097.0	1.0	2.0	1378.0	1378.0	1395.0	17.0	88.0	5.0	4.0	3.0	
1098.0	0.0	2.0	1379.0	1379.0	1394.0	15.0	62.0	4.0	7.0	4.0	
1099.0	1.0	2.0	1377.0	1377.0	1394.0	17.0	97.0	5.0	9.0	3.0	
1100.0	1.0	2.0	1380.0	1380.0	1397.0	17.0	86.0	5.0	15.0	4.0	
1101.0	0.0	2.0	1380.0	1380.0	1395.0	15.0	70.0	4.0	11.0	5.0	
1102.0	1.0	2.0	1367.0	1368.0	1385.0	17.0	56.0	3.0	13.0	5.0	
1103.0	1.0	2.0	1377.0	1377.0	1394.0	17.0	82.0	5.0	6.0	2.0	
1104.0	1.0	2.0	1382.0	1382.0	1399.0	17.0	83.0	5.0	5.0	1.0	
1105.0	1.0	2.0	1379.0	1379.0	1396.0	17.0	37.0	2.0	5.0	2.0	
1106.0	0.0	2.0	1382.0	1382.0	1397.0	15.0	67.0	4.0	3.0	3.0	
1107.0	1.0	2.0	1376.0	1376.0	1393.0	17.0	52.0	3.0	4.0	3.0	
1108.0	1.0	2.0	1373.0	1373.0	1390.0	17.0	30.0	2.0	14.0	1.0	
1109.0	1.0	2.0	1376.0	1376.0	1393.0	17.0	19.0	1.0	13.0	4.0	
1110.0	1.0	2.0	1362.0	1362.0	1379.0	17.0	47.0	3.0	15.0	5.0	
1111.0	1.0	2.0	1375.0	1375.0	1392.0	17.0	82.0	5.0	6.0	2.0	
1112.0	1.0	2.0	1341.0	1341.0	1358.0	17.0	92.0	5.0	10.0	4.0	
1113.0	1.0	2.0	1377.0	1377.0	1394.0	17.0	85.0	5.0	3.0	5.0	
1114.0	0.0	2.0	1381.0	1381.0	1396.0	15.0	69.0	4.0	12.0	2.0	
1115.0	1.0	2.0	1379.0	1379.0	1396.0	17.0	100.0	5.0	14.0	1.0	
1116.0	1.0	2.0	1380.0	1380.0	1397.0	17.0	88.0	5.0	4.0	3.0	
1117.0	1.0	2.0	1352.0	1352.0	1370.0	18.0	93.0	5.0	4.0	5.0	
1118.0	1.0	2.0	1377.0	1378.0	1395.0	17.0	41.0	3.0	15.0	4.0	
1119.0	1.0	2.0	1372.0	1373.0	1390.0	17.0	97.0	5.0	9.0	3.0	
1120.0	0.0	2.0	1349.0	1349.0	1364.0	15.0	69.0	4.0	12.0	2.0	
1121.0	1.0	2.0	1375.0	1375.0	1392.0	17.0	84.0	5.0	12.0	2.0	
1122.0	1.0	2.0	1376.0	1376.0	1393.0	17.0	14.0	1.0	13.0	5.0	
1123.0	0.0	2.0	1354.0	1354.0	1369.0	15.0	78.0	4.0	8.0	1.0	
1124.0	1.0	2.0	1375.0	1376.0	1393.0	17.0	87.0	5.0	5.0	5.0	
1125.0	0.0	2.0	1380.0	1380.0	1395.0	15.0	62.0	4.0	7.0	4.0	
1126.0	0.0	2.0	1382.0	1382.0	1397.0	15.0	67.0	4.0	3.0	3.0	
1127.0	1.0	2.0	1373.0	1373.0	1390.0	17.0	11.0	1.0	4.0	4.0	
1128.0	0.0	2.0	1380.0	1380.0	1395.0	15.0	73.0	4.0	13.0	3.0	
1129.0	0.0	2.0	1380.0	1380.0	1395.0	15.0	74.0	4.0	1.0	3.0	
1130.0	0.0	2.0	1383.0	1383.0	1398.0	15.0	79.0	4.0	7.0	3.0	
1131.0	1.0	2.0	1372.0	1372.0	1389.0	17.0	94.0	5.0	13.0	1.0	
1132.0	1.0	2.0	1376.0	1376.0	1393.0	17.0	26.0	2.0	1.0	2.0	
1133.0	1.0	2.0	1380.0	1380.0	1397.0	17.0	57.0	3.0	14.0	3.0	
1134.0	0.0	2.0	1382.0	1382.0	1397.0	15.0	69.0	4.0	12.0	2.0	
1135.0	0.0	2.0	1383.0	1383.0	1398.0	15.0	74.0	4.0	1.0	3.0	
1136.0	1.0	2.0	1374.0	1374.0	1391.0	17.0	50.0	3.0	9.0	1.0	
1137.0	1.0	2.0	1377.0	1377.0	1394.0	17.0	48.0	3.0	13.0	4.0	
1138.0	0.0	2.0	1380.0	1380.0	1395.0	15.0	62.0	4.0	7.0	4.0	
1139.0	1.0	2.0	1373.0	1373.0	1390.0	17.0	87.0	5.0	5.0	5.0	
1140.0	1.0	2.0	1374.0	1374.0	1391.0	17.0	83.0	5.0	5.0	1.0	
1141.0	0.0	2.0	1382.0	1382.0	1397.0	15.0	71.0	4.0	11.0	3.0	
1142.0	1.0	2.0	1377.0	1377.0	1394.0	17.0	24.0	2.0	14.0	4.0	
1143.0	1.0	2.0	1333.0	1333.0	1350.0	17.0	48.0	3.0	13.0	4.0	
1144.0	1.0	2.0	1293.0	1293.0	1310.0	17.0	94.0	5.0	13.0	1.0	
1145.0	0.0	2.0	1381.0	1381.0	1396.0	15.0	64.0	4.0	4.0	2.0	
1146.0	1.0	2.0	1374.0	1374.0	1391.0	17.0	89.0	5.0	14.0	2.0	
1147.0	1.0	2.0	1349.0	1349.0	1366.0	17.0	84.0	5.0	12.0	2.0	
1148.0	0.0	2.0	1384.0	1384.0	1399.0	15.0	72.0	4.0	11.0	2.0	
1149.0	0.0	2.0	1378.0	1378.0	1393.0	15.0	76.0	4.0	6.0	4.0	
1150.0	0.0	2.0	1356.0	1356.0	1371.0	15.0	77.0	4.0	8.0	2.0	
1151.0	0.0	2.0	1382.0	1382.0	1397.0	15.0	61.0	4.0	12.0	4.0	
1152.0	0.0	2.0	1356.0	1356.0	1371.0	15.0	63.0	4.0	15.0	1.0	
1153.0	1.0	2.0	1375.0	1375.0	1392.0	17.0	82.0	5.0	6.0	2.0	
1154.0	0.0	2.0	1383.0	1383.0	1398.0	15.0	69.0	4.0	12.0	2.0	
1155.0	1.0	2.0	1380.0	1380.0	1397.0	17.0	100.0	5.0	14.0	1.0	
1156.0	0.0	2.0	1380.0	1380.0	1395.0	15.0	75.0	4.0	8.0	5.0	
1157.0	1.0	2.0	1383.0	1383.0	1400.0	17.0	95.0	5.0	8.0	5.0	
1158.0	0.0	2.0	1354.0	1354.0	1369.0	15.0	62.0	4.0	7.0	4.0	
1159.0	1.0	2.0	1376.0	1376.0	1393.0	17.0	82.0	5.0	6.0	2.0	
1160.0	1.0	2.0	1377.0	1377.0	1394.0	17.0	96.0	5.0	15.0	3.0	
1161.0	0.0	2.0	1384.0	1384.0	1399.0	15.0	70.0	4.0	11.0	5.0	
1162.0	0.0	2.0	1383.0	1383.0	1398.0	15.0	74.0	4.0	1.0	3.0	
1163.0	1.0	2.0	1384.0	1384.0	1401.0	17.0	86.0	5.0	15.0	4.0	
1164.0	0.0	2.0	1330.0	1330.0	1345.0	15.0	80.0	4.0	3.0	1.0	
1165.0	1.0	2.0	1358.0	1358.0	1375.0	17.0	81.0	5.0	3.0	4.0	
1166.0	0.0	2.0	1382.0	1382.0	1397.0	15.0	65.0	4.0	11.0	2.0	
1167.0	1.0	2.0	1364.0	1365.0	1382.0	17.0	100.0	5.0	14.0	1.0	
1168.0	1.0	2.0	1371.0	1371.0	1388.0	17.0	60.0	3.0	3.0	3.0	
1169.0	0.0	2.0	1384.0	1384.0	1399.0	15.0	76.0	4.0	6.0	4.0	
1170.0	1.0	2.0	1330.0	1330.0	1347.0	17.0	41.0	3.0	15.0	4.0	
1171.0	0.0	2.0	1384.0	1384.0	1399.0	15.0	80.0	4.0	3.0	1.0	
1172.0	1.0	2.0	1382.0	1382.0	1399.0	17.0	100.0	5.0	14.0	1.0	
1173.0	0.0	2.0	1369.0	1369.0	1384.0	15.0	66.0	4.0	12.0	5.0	
1174.0	1.0	2.0	1383.0	1383.0	1400.0	17.0	99.0	5.0	12.0	3.0	
1175.0	0.0	2.0	1384.0	1384.0	1399.0	15.0	73.0	4.0	13.0	3.0	
1176.0	1.0	2.0	1382.0	1382.0	1399.0	17.0	94.0	5.0	13.0	1.0	
1177.0	1.0	2.0	1367.0	1367.0	1384.0	17.0	4.0	1.0	9.0	4.0	
1178.0	1.0	2.0	1383.0	1383.0	1400.0	17.0	60.0	3.0	3.0	3.0	
1179.0	1.0	2.0	1381.0	1381.0	1398.0	17.0	99.0	5.0	12.0	3.0	
1180.0	1.0	2.0	1359.0	1359.0	1376.0	17.0	44.0	3.0	3.0	5.0	
1181.0	1.0	2.0	1374.0	1374.0	1391.0	17.0	41.0	3.0	15.0	4.0	
1182.0	1.0	2.0	1381.0	1381.0	1398.0	17.0	81.0	5.0	3.0	4.0	
1183.0	0.0	2.0	1384.0	1384.0	1399.0	15.0	78.0	4.0	8.0	1.0	
1184.0	1.0	2.0	1375.0	1375.0	1392.0	17.0	97.0	5.0	9.0	3.0	
1185.0	1.0	2.0	1381.0	1381.0	1398.0	17.0	40.0	2.0	11.0	3.0	
1186.0	1.0	2.0	1373.0	1373.0	1390.0	17.0	82.0	5.0	6.0	2.0	
1187.0	1.0	2.0	1381.0	1381.0	1398.0	17.0	86.0	5.0	15.0	4.0	
1188.0	0.0	2.0	1385.0	1385.0	1400.0	15.0	72.0	4.0	11.0	2.0	
1189.0	1.0	2.0	1383.0	1383.0	1400.0	17.0	92.0	5.0	10.0	4.0	
1190.0	1.0	2.0	1375.0	1375.0	1392.0	17.0	92.0	5.0	10.0	4.0	
1191.0	1.0	2.0	1329.0	1329.0	1346.0	17.0	93.0	5.0	4.0	5.0	
1192.0	1.0	2.0	1382.0	1382.0	1399.0	17.0	100.0	5.0	14.0	1.0	
1193.0	0.0	2.0	1381.0	1381.0	1396.0	15.0	68.0	4.0	5.0	3.0	
1194.0	1.0	2.0	1380.0	1380.0	1397.0	17.0	97.0	5.0	9.0	3.0	
1195.0	1.0	2.0	1378.0	1378.0	1395.0	17.0	89.0	5.0	14.0	2.0	
1196.0	1.0	2.0	1344.0	1344.0	1361.0	17.0	82.0	5.0	6.0	2.0	
1197.0	1.0	2.0	1380.0	1380.0	1397.0	17.0	57.0	3.0	14.0	3.0	
1198.0	0.0	2.0	1383.0	1383.0	1398.0	15.0	63.0	4.0	15.0	1.0	
1199.0	1.0	2.0	1376.0	1376.0	1393.0	17.0	94.0	5.0	13.0	1.0	
1200.0	1.0	2.0	1379.0	1379.0	1396.0	17.0	82.0	5.0	6.0	2.0	
1201.0	1.0	2.0	1379.0	1379.0	1396.0	17.0	47.0	3.0	15.0	5.0	
1202.0	1.0	2.0	1378.0	1378.0	1395.0	17.0	97.0	5.0	9.0	3.0	
1203.0	1.0	2.0	1383.0	1383.0	1400.0	17.0	21.0	2.0	9.0	1.0	
1204.0	1.0	2.0	1383.0	1383.0	1400.0	17.0	25.0	2.0	12.0	2.0	
1205.0	1.0	2.0	1371.0	1371.0	1388.0	17.0	51.0	3.0	2.0	3.0	
1206.0	1.0	2.0	1370.0	1370.0	1387.0	17.0	94.0	5.0	13.0	1.0	
1207.0	1.0	2.0	1379.0	1379.0	1396.0	17.0	45.0	3.0	5.0	4.0	
1208.0	0.0	2.0	1385.0	1385.0	1400.0	15.0	71.0	4.0	11.0	3.0	
1209.0	1.0	2.0	1382.0	1382.0	1399.0	17.0	49.0	3.0	12.0	1.0	
1210.0	0.0	2.0	1384.0	1384.0	1399.0	15.0	79.0	4.0	7.0	3.0	
1211.0	0.0	2.0	1386.0	1386.0	1401.0	15.0	62.0	4.0	7.0	4.0	
1212.0	1.0	2.0	1373.0	1373.0	1390.0	17.0	81.0	5.0	3.0	4.0	
1213.0	1.0	2.0	1375.0	1375.0	1392.0	17.0	100.0	5.0	14.0	1.0	
1214.0	1.0	2.0	1371.0	1371.0	1389.0	18.0	53.0	3.0	12.0	3.0	
1215.0	1.0	2.0	1377.0	1377.0	1394.0	17.0	41.0	3.0	15.0	4.0	
1216.0	1.0	2.0	1382.0	1382.0	1399.0	17.0	91.0	5.0	9.0	5.0	
1217.0	1.0	2.0	1383.0	1383.0	1400.0	17.0	85.0	5.0	3.0	5.0	
1218.0	1.0	2.0	1380.0	1380.0	1397.0	17.0	47.0	3.0	15.0	5.0	
1219.0	1.0	2.0	1372.0	1372.0	1389.0	17.0	90.0	5.0	4.0	1.0	
1220.0	0.0	2.0	1328.0	1328.0	1343.0	15.0	68.0	4.0	5.0	3.0	
1221.0	1.0	2.0	1384.0	1384.0	1401.0	17.0	55.0	3.0	6.0	4.0	
1222.0	1.0	2.0	1382.0	1382.0	1399.0	17.0	88.0	5.0	4.0	3.0	
1223.0	1.0	2.0	1380.0	1380.0	1397.0	17.0	43.0	3.0	13.0	1.0	
1224.0	1.0	2.0	1379.0	1379.0	1396.0	17.0	89.0	5.0	14.0	2.0	
1225.0	1.0	2.0	1383.0	1383.0	1400.0	17.0	82.0	5.0	6.0	2.0	
1226.0	1.0	2.0	1382.0	1382.0	1399.0	17.0	83.0	5.0	5.0	1.0	
1227.0	1.0	2.0	1353.0	1353.0	1370.0	17.0	60.0	3.0	3.0	3.0	
1228.0	0.0	2.0	1354.0	1355.0	1370.0	15.0	71.0	4.0	11.0	3.0	
1229.0	1.0	2.0	1383.0	1383.0	1400.0	17.0	87.0	5.0	5.0	5.0	
1230.0	1.0	2.0	1382.0	1382.0	1399.0	17.0	59.0	3.0	9.0	4.0	
1231.0	1.0	2.0	1384.0	1384.0	1401.0	17.0	89.0	5.0	14.0	2.0	
1232.0	0.0	2.0	1384.0	1384.0	1399.0	15.0	63.0	4.0	15.0	1.0	
1233.0	0.0	2.0	1384.0	1384.0	1399.0	15.0	66.0	4.0	12.0	5.0	
1234.0	1.0	2.0	1383.0	1383.0	1400.0	17.0	49.0	3.0	12.0	1.0	
1235.0	0.0	2.0	1386.0	1386.0	1401.0	15.0	74.0	4.0	1.0	3.0	
1236.0	1.0	2.0	1375.0	1375.0	1392.0	17.0	81.0	5.0	3.0	4.0	
1237.0	1.0	2.0	1381.0	1381.0	1398.0	17.0	91.0	5.0	9.0	5.0	
1238.0	0.0	2.0	1386.0	1386.0	1401.0	15.0	62.0	4.0	7.0	4.0	
1239.0	0.0	2.0	1385.0	1385.0	1400.0	15.0	64.0	4.0	4.0	2.0	
1240.0	1.0	2.0	1370.0	1370.0	1387.0	17.0	10.0	1.0	15.0	1.0	
1241.0	1.0	2.0	1377.0	1377.0	1394.0	17.0	94.0	5.0	13.0	1.0	
1242.0	1.0	2.0	1373.0	1373.0	1390.0	17.0	95.0	5.0	8.0	5.0	
1243.0	0.0	2.0	1375.0	1375.0	1390.0	15.0	77.0	4.0	8.0	2.0	
1244.0	1.0	2.0	1376.0	1376.0	1393.0	17.0	53.0	3.0	12.0	3.0	
1245.0	1.0	2.0	1345.0	1345.0	1362.0	17.0	84.0	5.0	12.0	2.0	
1246.0	1.0	2.0	1383.0	1383.0	1400.0	17.0	82.0	5.0	6.0	2.0	
1247.0	0.0	2.0	1385.0	1385.0	1400.0	15.0	69.0	4.0	12.0	2.0	
1248.0	1.0	2.0	1355.0	1355.0	1372.0	17.0	99.0	5.0	12.0	3.0	
1249.0	1.0	2.0	1379.0	1379.0	1397.0	18.0	32.0	2.0	14.0	3.0	
1250.0	1.0	2.0	1382.0	1382.0	1399.0	17.0	86.0	5.0	15.0	4.0	
1251.0	0.0	2.0	1363.0	1363.0	1378.0	15.0	80.0	4.0	3.0	1.0	
1252.0	0.0	2.0	1370.0	1370.0	1385.0	15.0	64.0	4.0	4.0	2.0	
1253.0	1.0	2.0	1382.0	1382.0	1399.0	17.0	100.0	5.0	14.0	1.0	
1254.0	0.0	2.0	1385.0	1385.0	1400.0	15.0	69.0	4.0	12.0	2.0	
1255.0	1.0	2.0	1357.0	1357.0	1374.0	17.0	87.0	5.0	5.0	5.0	
1256.0	0.0	2.0	1385.0	1385.0	1400.0	15.0	77.0	4.0	8.0	2.0	
1257.0	1.0	2.0	1380.0	1380.0	1397.0	17.0	85.0	5.0	3.0	5.0	
1258.0	1.0	2.0	1322.0	1323.0	1340.0	17.0	97.0	5.0	9.0	3.0	
1259.0	1.0	2.0	1380.0	1380.0	1397.0	17.0	94.0	5.0	13.0	1.0	
1260.0	1.0	2.0	1382.0	1382.0	1399.0	17.0	94.0	5.0	13.0	1.0	
1261.0	1.0	2.0	1375.0	1375.0	1392.0	17.0	83.0	5.0	5.0	1.0	
1262.0	1.0	2.0	1381.0	1381.0	1398.0	17.0	59.0	3.0	9.0	4.0	
1263.0	0.0	2.0	1386.0	1386.0	1401.0	15.0	78.0	4.0	8.0	1.0	
1264.0	0.0	2.0	1386.0	1386.0	1401.0	15.0	61.0	4.0	12.0	4.0	
1265.0	1.0	2.0	1380.0	1380.0	1397.0	17.0	86.0	5.0	15.0	4.0	
1266.0	0.0	2.0	1385.0	1385.0	1400.0	15.0	67.0	4.0	3.0	3.0	
1267.0	0.0	2.0	1385.0	1385.0	1400.0	15.0	68.0	4.0	5.0	3.0	
1268.0	0.0	2.0	1386.0	1386.0	1401.0	15.0	71.0	4.0	11.0	3.0	
1269.0	1.0	2.0	1326.0	1326.0	1343.0	17.0	86.0	5.0	15.0	4.0	
1270.0	1.0	2.0	1384.0	1384.0	1401.0	17.0	98.0	5.0	15.0	2.0	
1271.0	1.0	2.0	1385.0	1385.0	1402.0	17.0	94.0	5.0	13.0	1.0	
1272.0	0.0	2.0	1317.0	1317.0	1332.0	15.0	65.0	4.0	11.0	2.0	
1273.0	0.0	2.0	1386.0	1386.0	1401.0	15.0	68.0	4.0	5.0	3.0	
1274.0	1.0	2.0	1376.0	1376.0	1393.0	17.0	81.0	5.0	3.0	4.0	
1275.0	0.0	2.0	1387.0	1387.0	1402.0	15.0	74.0	4.0	1.0	3.0	
1276.0	1.0	2.0	1313.0	1313.0	1330.0	17.0	55.0	3.0	6.0	4.0	
1277.0	0.0	2.0	1386.0	1386.0	1401.0	15.0	78.0	4.0	8.0	1.0	
1278.0	0.0	2.0	1379.0	1379.0	1394.0	15.0	63.0	4.0	15.0	1.0	
1279.0	1.0	2.0	1380.0	1380.0	1397.0	17.0	81.0	5.0	3.0	4.0	
1280.0	1.0	2.0	1359.0	1359.0	1377.0	18.0	90.0	5.0	4.0	1.0	
1281.0	1.0	2.0	1385.0	1385.0	1402.0	17.0	6.0	1.0	7.0	1.0	
1282.0	1.0	2.0	1385.0	1385.0	1402.0	17.0	94.0	5.0	13.0	1.0	
1283.0	1.0	2.0	1381.0	1381.0	1398.0	17.0	93.0	5.0	4.0	5.0	
1284.0	1.0	2.0	1353.0	1353.0	1370.0	17.0	46.0	3.0	14.0	3.0	
1285.0	1.0	2.0	1384.0	1384.0	1401.0	17.0	82.0	5.0	6.0	2.0	
1286.0	1.0	2.0	1383.0	1383.0	1400.0	17.0	89.0	5.0	14.0	2.0	
1287.0	1.0	2.0	1385.0	1385.0	1402.0	17.0	92.0	5.0	10.0	4.0	
1288.0	1.0	2.0	1384.0	1384.0	1401.0	17.0	21.0	2.0	9.0	1.0	
1289.0	1.0	2.0	1383.0	1383.0	1400.0	17.0	98.0	5.0	15.0	2.0	
1290.0	1.0	2.0	1383.0	1383.0	1400.0	17.0	96.0	5.0	15.0	3.0	
1291.0	0.0	2.0	1383.0	1383.0	1398.0	15.0	80.0	4.0	3.0	1.0	
1292.0	0.0	2.0	1386.0	1386.0	1401.0	15.0	63.0	4.0	15.0	1.0	
1293.0	0.0	2.0	1387.0	1387.0	1402.0	15.0	67.0	4.0	3.0	3.0	
1294.0	1.0	2.0	1385.0	1385.0	1402.0	17.0	100.0	5.0	14.0	1.0	
1295.0	1.0	2.0	1377.0	1377.0	1394.0	17.0	55.0	3.0	6.0	4.0	
1296.0	0.0	2.0	1386.0	1386.0	1401.0	15.0	75.0	4.0	8.0	5.0	
1297.0	1.0	2.0	1382.0	1382.0	1399.0	17.0	82.0	5.0	6.0	2.0	
1298.0	0.0	2.0	1386.0	1386.0	1401.0	15.0	63.0	4.0	15.0	1.0	
1299.0	1.0	2.0	1382.0	1382.0	1399.0	17.0	90.0	5.0	4.0	1.0	
1300.0	1.0	2.0	1375.0	1375.0	1392.0	17.0	98.0	5.0	15.0	2.0	
1301.0	1.0	2.0	1382.0	1382.0	1399.0	17.0	86.0	5.0	15.0	4.0	
1302.0	1.0	2.0	1385.0	1385.0	1402.0	17.0	56.0	3.0	13.0	5.0	
1303.0	1.0	2.0	1384.0	1384.0	1401.0	17.0	90.0	5.0	4.0	1.0	
1304.0	1.0	2.0	1384.0	1384.0	1401.0	17.0	93.0	5.0	4.0	5.0	
1305.0	1.0	2.0	1383.0	1383.0	1400.0	17.0	81.0	5.0	3.0	4.0	
1306.0	1.0	2.0	1385.0	1385.0	1402.0	17.0	85.0	5.0	3.0	5.0	
1307.0	1.0	2.0	1342.0	1342.0	1359.0	17.0	87.0	5.0	5.0	5.0	
1308.0	1.0	2.0	1376.0	1376.0	1393.0	17.0	93.0	5.0	4.0	5.0	
1309.0	0.0	2.0	1386.0	1386.0	1401.0	15.0	75.0	4.0	8.0	5.0	
1310.0	1.0	2.0	1381.0	1381.0	1398.0	17.0	84.0	5.0	12.0	2.0	
1311.0	1.0	2.0	1383.0	1383.0	1400.0	17.0	86.0	5.0	15.0	4.0	
1312.0	1.0	2.0	1382.0	1382.0	1399.0	17.0	32.0	2.0	14.0	3.0	
1313.0	0.0	2.0	1387.0	1387.0	1402.0	15.0	66.0	4.0	12.0	5.0	
1314.0	0.0	2.0	1331.0	1331.0	1346.0	15.0	71.0	4.0	11.0	3.0	
1315.0	1.0	2.0	1383.0	1383.0	1400.0	17.0	45.0	3.0	5.0	4.0	
1316.0	1.0	2.0	1384.0	1384.0	1401.0	17.0	25.0	2.0	12.0	2.0	
1317.0	1.0	2.0	1386.0	1386.0	1403.0	17.0	88.0	5.0	4.0	3.0	
1318.0	1.0	2.0	1377.0	1377.0	1394.0	17.0	44.0	3.0	3.0	5.0	
1319.0	0.0	2.0	1386.0	1386.0	1401.0	15.0	64.0	4.0	4.0	2.0	
1320.0	1.0	2.0	1387.0	1387.0	1404.0	17.0	9.0	1.0	15.0	5.0	
1321.0	1.0	2.0	1383.0	1383.0	1400.0	17.0	100.0	5.0	14.0	1.0	
1322.0	1.0	2.0	1326.0	1326.0	1343.0	17.0	82.0	5.0	6.0	2.0	
1323.0	1.0	2.0	1384.0	1384.0	1401.0	17.0	4.0	1.0	9.0	4.0	
1324.0	1.0	2.0	1375.0	1375.0	1392.0	17.0	97.0	5.0	9.0	3.0	
1325.0	1.0	2.0	1383.0	1383.0	1400.0	17.0	85.0	5.0	3.0	5.0	
1326.0	0.0	2.0	1388.0	1388.0	1403.0	15.0	65.0	4.0	11.0	2.0	
1327.0	0.0	2.0	1310.0	1310.0	1325.0	15.0	69.0	4.0	12.0	2.0	
1328.0	1.0	2.0	1383.0	1383.0	1400.0	17.0	95.0	5.0	8.0	5.0	
1329.0	0.0	2.0	1387.0	1387.0	1402.0	15.0	76.0	4.0	6.0	4.0	
1330.0	1.0	2.0	1387.0	1387.0	1404.0	17.0	99.0	5.0	12.0	3.0	
1331.0	0.0	2.0	1379.0	1379.0	1394.0	15.0	80.0	4.0	3.0	1.0	
1332.0	1.0	2.0	1385.0	1385.0	1402.0	17.0	5.0	1.0	15.0	2.0	
1333.0	1.0	2.0	1375.0	1375.0	1392.0	17.0	59.0	3.0	9.0	4.0	
1334.0	0.0	2.0	1387.0	1387.0	1402.0	15.0	69.0	4.0	12.0	2.0	
1335.0	1.0	2.0	1373.0	1373.0	1390.0	17.0	95.0	5.0	8.0	5.0	
1336.0	1.0	2.0	1386.0	1386.0	1403.0	17.0	42.0	3.0	4.0	1.0	
1337.0	0.0	2.0	1378.0	1378.0	1393.0	15.0	79.0	4.0	7.0	3.0	
1338.0	0.0	2.0	1387.0	1387.0	1402.0	15.0	61.0	4.0	12.0	4.0	
1339.0	0.0	2.0	1387.0	1387.0	1402.0	15.0	64.0	4.0	4.0	2.0	
1340.0	1.0	2.0	1387.0	1387.0	1404.0	17.0	41.0	3.0	15.0	4.0	
1341.0	0.0	2.0	1380.0	1380.0	1395.0	15.0	72.0	4.0	11.0	2.0	
1342.0	1.0	2.0	1384.0	1384.0	1401.0	17.0	87.0	5.0	5.0	5.0	
1343.0	0.0	2.0	1388.0	1388.0	1403.0	15.0	76.0	4.0	6.0	4.0	
1344.0	0.0	2.0	1387.0	1387.0	1402.0	15.0	80.0	4.0	3.0	1.0	
1345.0	1.0	2.0	1385.0	1385.0	1402.0	17.0	17.0	1.0	11.0	4.0	
1346.0	1.0	2.0	1373.0	1373.0	1390.0	17.0	94.0	5.0	13.0	1.0	
1347.0	1.0	2.0	1385.0	1385.0	1402.0	17.0	87.0	5.0	5.0	5.0	
1348.0	1.0	2.0	1335.0	1335.0	1353.0	18.0	93.0	5.0	4.0	5.0	
1349.0	1.0	2.0	1328.0	1328.0	1345.0	17.0	89.0	5.0	14.0	2.0	
1350.0	1.0	2.0	1357.0	1358.0	1375.0	17.0	98.0	5.0	15.0	2.0	
1351.0	1.0	2.0	1384.0	1384.0	1401.0	17.0	57.0	3.0	14.0	3.0	
1352.0	1.0	2.0	1388.0	1388.0	1405.0	17.0	3.0	1.0	6.0	4.0	
1353.0	0.0	2.0	1388.0	1388.0	1403.0	15.0	68.0	4.0	5.0	3.0	
1354.0	0.0	2.0	1390.0	1390.0	1405.0	15.0	71.0	4.0	11.0	3.0	
1355.0	1.0	2.0	1381.0	1381.0	1398.0	17.0	95.0	5.0	8.0	5.0	
1356.0	0.0	2.0	1388.0	1388.0	1403.0	15.0	75.0	4.0	8.0	5.0	
1357.0	1.0	2.0	1388.0	1388.0	1405.0	17.0	26.0	2.0	1.0	2.0	
1358.0	0.0	2.0	1387.0	1387.0	1402.0	15.0	61.0	4.0	12.0	4.0	
1359.0	1.0	2.0	1384.0	1384.0	1401.0	17.0	92.0	5.0	10.0	4.0	
1360.0	1.0	2.0	1388.0	1388.0	1405.0	17.0	83.0	5.0	5.0	1.0	
1361.0	1.0	2.0	1384.0	1384.0	1401.0	17.0	38.0	2.0	5.0	5.0	
1362.0	1.0	2.0	1377.0	1377.0	1394.0	17.0	88.0	5.0	4.0	3.0	
1363.0	1.0	2.0	1385.0	1385.0	1402.0	17.0	97.0	5.0	9.0	3.0	
1364.0	0.0	2.0	1388.0	1388.0	1403.0	15.0	79.0	4.0	7.0	3.0	
1365.0	1.0	2.0	1379.0	1379.0	1396.0	17.0	92.0	5.0	10.0	4.0	
1366.0	0.0	2.0	1388.0	1388.0	1403.0	15.0	66.0	4.0	12.0	5.0	
1367.0	1.0	2.0	1348.0	1348.0	1365.0	17.0	3.0	1.0	6.0	4.0	
1368.0	1.0	2.0	1385.0	1385.0	1402.0	17.0	93.0	5.0	4.0	5.0	
1369.0	1.0	2.0	1383.0	1383.0	1400.0	17.0	88.0	5.0	4.0	3.0	
1370.0	1.0	2.0	1386.0	1386.0	1403.0	17.0	33.0	2.0	14.0	1.0	
1371.0	1.0	2.0	1387.0	1387.0	1404.0	17.0	16.0	1.0	14.0	2.0	
1372.0	0.0	2.0	1389.0	1389.0	1404.0	15.0	65.0	4.0	11.0	2.0	
1373.0	1.0	2.0	1387.0	1387.0	1404.0	17.0	97.0	5.0	9.0	3.0	
1374.0	1.0	2.0	1385.0	1385.0	1402.0	17.0	85.0	5.0	3.0	5.0	
1375.0	0.0	2.0	1388.0	1388.0	1403.0	15.0	72.0	4.0	11.0	2.0	
1376.0	1.0	2.0	1385.0	1385.0	1402.0	17.0	59.0	3.0	9.0	4.0	
1377.0	1.0	2.0	1379.0	1379.0	1396.0	17.0	87.0	5.0	5.0	5.0	
1378.0	0.0	2.0	1388.0	1388.0	1403.0	15.0	62.0	4.0	7.0	4.0	
1379.0	1.0	2.0	1382.0	1382.0	1399.0	17.0	85.0	5.0	3.0	5.0	
1380.0	0.0	2.0	1390.0	1390.0	1405.0	15.0	68.0	4.0	5.0	3.0	
1381.0	1.0	2.0	1387.0	1387.0	1404.0	17.0	10.0	1.0	15.0	1.0	
1382.0	0.0	2.0	1389.0	1389.0	1404.0	15.0	73.0	4.0	13.0	3.0	
1383.0	0.0	2.0	1382.0	1382.0	1397.0	15.0	78.0	4.0	8.0	1.0	
1384.0	0.0	2.0	1388.0	1388.0	1403.0	15.0	80.0	4.0	3.0	1.0	
1385.0	1.0	2.0	1380.0	1380.0	1397.0	17.0	95.0	5.0	8.0	5.0	
1386.0	1.0	2.0	1380.0	1380.0	1397.0	17.0	48.0	3.0	13.0	4.0	
1387.0	1.0	2.0	1382.0	1382.0	1399.0	17.0	89.0	5.0	14.0	2.0	
1388.0	1.0	2.0	1389.0	1389.0	1406.0	17.0	53.0	3.0	12.0	3.0	
1389.0	1.0	2.0	1383.0	1383.0	1400.0	17.0	34.0	2.0	14.0	1.0	
1390.0	1.0	2.0	1329.0	1329.0	1346.0	17.0	93.0	5.0	4.0	5.0	
1391.0	1.0	2.0	1387.0	1387.0	1404.0	17.0	99.0	5.0	12.0	3.0	
1392.0	1.0	2.0	1388.0	1388.0	1405.0	17.0	36.0	2.0	15.0	4.0	
1393.0	1.0	2.0	1380.0	1380.0	1397.0	17.0	96.0	5.0	15.0	3.0	
1394.0	1.0	2.0	1390.0	1390.0	1407.0	17.0	87.0	5.0	5.0	5.0	
1395.0	1.0	2.0	1387.0	1387.0	1404.0	17.0	94.0	5.0	13.0	1.0	
1396.0	1.0	2.0	1388.0	1388.0	1405.0	17.0	29.0	2.0	2.0	5.0	
1397.0	1.0	2.0	1379.0	1379.0	1396.0	17.0	89.0	5.0	14.0	2.0	
1398.0	1.0	2.0	1383.0	1383.0	1400.0	17.0	91.0	5.0	9.0	5.0	
1399.0	1.0	2.0	1388.0	1388.0	1405.0	17.0	98.0	5.0	15.0	2.0	
1400.0	0.0	2.0	1365.0	1365.0	1380.0	15.0	69.0	4.0	12.0	2.0	
1401.0	1.0	2.0	1385.0	1385.0	1402.0	17.0	27.0	2.0	13.0	4.0	
1402.0	1.0	2.0	1388.0	1388.0	1405.0	17.0	35.0	2.0	10.0	5.0	
1403.0	1.0	2.0	1389.0	1389.0	1406.0	17.0	75.0	4.0	8.0	5.0	
1404.0	1.0	2.0	1387.0	1387.0	1404.0	17.0	84.0	5.0	12.0	2.0	
1405.0	1.0	2.0	1345.0	1345.0	1362.0	17.0	25.0	2.0	12.0	2.0	
1406.0	0.0	2.0	1389.0	1389.0	1404.0	15.0	65.0	4.0	11.0	2.0	
1407.0	1.0	2.0	1390.0	1390.0	1407.0	17.0	78.0	4.0	8.0	1.0	
1408.0	1.0	2.0	1352.0	1352.0	1369.0	17.0	85.0	5.0	3.0	5.0	
1409.0	1.0	2.0	1388.0	1388.0	1405.0	17.0	44.0	3.0	3.0	5.0	
1410.0	1.0	2.0	1388.0	1388.0	1405.0	17.0	39.0	2.0	14.0	2.0	
1411.0	0.0	2.0	1389.0	1389.0	1404.0	15.0	62.0	4.0	7.0	4.0	
1412.0	1.0	2.0	1375.0	1375.0	1392.0	17.0	98.0	5.0	15.0	2.0	
1413.0	0.0	2.0	1355.0	1355.0	1370.0	15.0	67.0	4.0	3.0	3.0	
1414.0	1.0	2.0	1383.0	1383.0	1400.0	17.0	86.0	5.0	15.0	4.0	
1415.0	1.0	2.0	1388.0	1388.0	1405.0	17.0	91.0	5.0	9.0	5.0	
1416.0	1.0	2.0	1388.0	1388.0	1405.0	17.0	45.0	3.0	5.0	4.0	
1417.0	1.0	2.0	1390.0	1390.0	1407.0	17.0	83.0	5.0	5.0	1.0	
1418.0	0.0	2.0	1389.0	1389.0	1404.0	15.0	61.0	4.0	12.0	4.0	
1419.0	1.0	2.0	1384.0	1384.0	1401.0	17.0	85.0	5.0	3.0	5.0	
1420.0	1.0	2.0	1389.0	1389.0	1406.0	17.0	90.0	5.0	4.0	1.0	
1421.0	1.0	2.0	1380.0	1380.0	1397.0	17.0	90.0	5.0	4.0	1.0	
1422.0	1.0	2.0	1384.0	1384.0	1401.0	17.0	86.0	5.0	15.0	4.0	
1423.0	0.0	2.0	1390.0	1390.0	1405.0	15.0	77.0	4.0	8.0	2.0	
1424.0	1.0	2.0	1389.0	1389.0	1406.0	17.0	94.0	5.0	13.0	1.0	
1425.0	1.0	2.0	1390.0	1390.0	1407.0	17.0	83.0	5.0	5.0	1.0	
1426.0	0.0	2.0	1389.0	1389.0	1404.0	15.0	66.0	4.0	12.0	5.0	
1427.0	1.0	2.0	1380.0	1380.0	1397.0	17.0	83.0	5.0	5.0	1.0	
1428.0	1.0	2.0	1389.0	1389.0	1406.0	17.0	88.0	5.0	4.0	3.0	
1429.0	1.0	2.0	1386.0	1386.0	1403.0	17.0	81.0	5.0	3.0	4.0	
1430.0	1.0	2.0	1384.0	1384.0	1401.0	17.0	99.0	5.0	12.0	3.0	
1431.0	1.0	2.0	1390.0	1390.0	1407.0	17.0	88.0	5.0	4.0	3.0	
1432.0	1.0	2.0	1388.0	1388.0	1405.0	17.0	42.0	3.0	4.0	1.0	
1433.0	1.0	2.0	1387.0	1387.0	1404.0	17.0	50.0	3.0	9.0	1.0	
1434.0	1.0	2.0	1388.0	1388.0	1405.0	17.0	30.0	2.0	14.0	1.0	
1435.0	0.0	2.0	1389.0	1389.0	1404.0	15.0	73.0	4.0	13.0	3.0	
1436.0	1.0	2.0	1311.0	1312.0	1329.0	17.0	93.0	5.0	4.0	5.0	
1437.0	1.0	2.0	1389.0	1389.0	1406.0	17.0	48.0	3.0	13.0	4.0	
1438.0	1.0	2.0	1384.0	1384.0	1401.0	17.0	100.0	5.0	14.0	1.0	
1439.0	0.0	2.0	1389.0	1389.0	1404.0	15.0	65.0	4.0	11.0	2.0	
1440.0	1.0	2.0	1349.0	1349.0	1366.0	17.0	58.0	3.0	11.0	4.0	
1441.0	1.0	2.0	1311.0	1311.0	1328.0	17.0	93.0	5.0	4.0	5.0	
1442.0	1.0	2.0	1391.0	1391.0	1408.0	17.0	78.0	4.0	8.0	1.0	
1443.0	1.0	2.0	1376.0	1376.0	1393.0	17.0	23.0	2.0	7.0	3.0	
1444.0	1.0	2.0	1380.0	1380.0	1397.0	17.0	84.0	5.0	12.0	2.0	
1445.0	1.0	2.0	1390.0	1390.0	1407.0	17.0	52.0	3.0	4.0	3.0	
1446.0	1.0	2.0	1360.0	1360.0	1377.0	17.0	55.0	3.0	6.0	4.0	
1447.0	1.0	2.0	1388.0	1388.0	1405.0	17.0	89.0	5.0	14.0	2.0	
1448.0	1.0	2.0	1385.0	1385.0	1402.0	17.0	95.0	5.0	8.0	5.0	
1449.0	0.0	2.0	1390.0	1390.0	1405.0	15.0	76.0	4.0	6.0	4.0	
1450.0	1.0	2.0	1387.0	1387.0	1404.0	17.0	54.0	3.0	10.0	5.0	
1451.0	1.0	2.0	1383.0	1383.0	1400.0	17.0	100.0	5.0	14.0	1.0	
1452.0	0.0	2.0	1389.0	1389.0	1404.0	15.0	65.0	4.0	11.0	2.0	
1453.0	1.0	2.0	1381.0	1381.0	1398.0	17.0	60.0	3.0	3.0	3.0	
1454.0	1.0	2.0	1391.0	1391.0	1408.0	17.0	15.0	1.0	11.0	1.0	
1455.0	1.0	2.0	1385.0	1385.0	1402.0	17.0	88.0	5.0	4.0	3.0	
1456.0	1.0	2.0	1388.0	1388.0	1405.0	17.0	28.0	2.0	8.0	1.0	
1457.0	1.0	2.0	1388.0	1388.0	1405.0	17.0	51.0	3.0	2.0	3.0	
1458.0	1.0	2.0	1386.0	1386.0	1403.0	17.0	97.0	5.0	9.0	3.0	
1459.0	1.0	2.0	1385.0	1385.0	1402.0	17.0	55.0	3.0	6.0	4.0	
1460.0	0.0	2.0	1317.0	1317.0	1332.0	15.0	68.0	4.0	5.0	3.0	
1461.0	1.0	2.0	1383.0	1383.0	1400.0	17.0	84.0	5.0	12.0	2.0	
1462.0	1.0	2.0	1386.0	1386.0	1403.0	17.0	44.0	3.0	3.0	5.0	
1463.0	1.0	2.0	1390.0	1390.0	1407.0	17.0	95.0	5.0	8.0	5.0	
1464.0	1.0	2.0	1391.0	1391.0	1408.0	17.0	92.0	5.0	10.0	4.0	
1465.0	1.0	2.0	1387.0	1387.0	1404.0	17.0	94.0	5.0	13.0	1.0	
1466.0	1.0	2.0	1388.0	1388.0	1405.0	17.0	93.0	5.0	4.0	5.0	
1467.0	0.0	2.0	1391.0	1391.0	1406.0	15.0	70.0	4.0	11.0	5.0	
1468.0	0.0	2.0	1375.0	1375.0	1390.0	15.0	71.0	4.0	11.0	3.0	
1469.0	0.0	2.0	1391.0	1391.0	1406.0	15.0	75.0	4.0	8.0	5.0	
1470.0	1.0	2.0	1371.0	1371.0	1388.0	17.0	98.0	5.0	15.0	2.0	
1471.0	1.0	2.0	1381.0	1381.0	1398.0	17.0	81.0	5.0	3.0	4.0	
1472.0	1.0	2.0	1352.0	1352.0	1369.0	17.0	98.0	5.0	15.0	2.0	
1473.0	0.0	2.0	1391.0	1391.0	1406.0	15.0	67.0	4.0	3.0	3.0	
1474.0	1.0	2.0	1388.0	1388.0	1405.0	17.0	81.0	5.0	3.0	4.0	
1475.0	1.0	2.0	1391.0	1391.0	1408.0	17.0	61.0	4.0	12.0	4.0	
1476.0	1.0	2.0	1385.0	1385.0	1402.0	17.0	39.0	2.0	14.0	2.0	
1477.0	1.0	2.0	1380.0	1380.0	1397.0	17.0	35.0	2.0	10.0	5.0	
1478.0	1.0	2.0	1381.0	1381.0	1398.0	17.0	86.0	5.0	15.0	4.0	
1479.0	1.0	2.0	1388.0	1388.0	1405.0	17.0	33.0	2.0	14.0	1.0	
1480.0	1.0	2.0	1389.0	1389.0	1406.0	17.0	7.0	1.0	11.0	1.0	
1481.0	0.0	2.0	1391.0	1391.0	1406.0	15.0	71.0	4.0	11.0	3.0	
1482.0	1.0	2.0	1386.0	1386.0	1403.0	17.0	94.0	5.0	13.0	1.0	
1483.0	1.0	2.0	1361.0	1361.0	1378.0	17.0	84.0	5.0	12.0	2.0	
1484.0	1.0	2.0	1382.0	1382.0	1399.0	17.0	91.0	5.0	9.0	5.0	
1485.0	0.0	2.0	1391.0	1391.0	1406.0	15.0	64.0	4.0	4.0	2.0	
1486.0	1.0	2.0	1383.0	1383.0	1400.0	17.0	98.0	5.0	15.0	2.0	
1487.0	1.0	2.0	1385.0	1385.0	1402.0	17.0	2.0	1.0	14.0	1.0	
1488.0	1.0	2.0	1366.0	1366.0	1383.0	17.0	98.0	5.0	15.0	2.0	
1489.0	1.0	2.0	1389.0	1389.0	1406.0	17.0	86.0	5.0	15.0	4.0	
1490.0	1.0	2.0	1390.0	1390.0	1407.0	17.0	96.0	5.0	15.0	3.0	
1491.0	0.0	2.0	1391.0	1391.0	1406.0	15.0	80.0	4.0	3.0	1.0	
1492.0	0.0	2.0	1392.0	1392.0	1407.0	15.0	65.0	4.0	11.0	2.0	
1493.0	1.0	2.0	1391.0	1391.0	1408.0	17.0	97.0	5.0	9.0	3.0	
1494.0	1.0	2.0	1390.0	1390.0	1407.0	17.0	98.0	5.0	15.0	2.0	
1495.0	1.0	2.0	1390.0	1390.0	1407.0	17.0	29.0	2.0	2.0	5.0	
1496.0	1.0	2.0	1390.0	1390.0	1407.0	17.0	91.0	5.0	9.0	5.0	
1497.0	0.0	2.0	1390.0	1390.0	1405.0	15.0	78.0	4.0	8.0	1.0	
1498.0	1.0	2.0	1383.0	1383.0	1400.0	17.0	58.0	3.0	11.0	4.0	
1499.0	1.0	2.0	1362.0	1362.0	1379.0	17.0	82.0	5.0	6.0	2.0	
1500.0	1.0	2.0	1381.0	1381.0	1398.0	17.0	87.0	5.0	5.0	5.0	
1501.0	1.0	2.0	1390.0	1390.0	1407.0	17.0	82.0	5.0	6.0	2.0	
1502.0	1.0	2.0	1389.0	1389.0	1406.0	17.0	99.0	5.0	12.0	3.0	
1503.0	0.0	2.0	1390.0	1390.0	1405.0	15.0	77.0	4.0	8.0	2.0	
1504.0	0.0	2.0	1391.0	1391.0	1406.0	15.0	79.0	4.0	7.0	3.0	
1505.0	1.0	2.0	1370.0	1370.0	1387.0	17.0	9.0	1.0	15.0	5.0	
1506.0	1.0	2.0	1388.0	1388.0	1405.0	17.0	93.0	5.0	4.0	5.0	
1507.0	1.0	2.0	1390.0	1390.0	1407.0	17.0	81.0	5.0	3.0	4.0	
1508.0	1.0	2.0	1391.0	1391.0	1408.0	17.0	47.0	3.0	15.0	5.0	
1509.0	0.0	2.0	1392.0	1392.0	1407.0	15.0	74.0	4.0	1.0	3.0	
1510.0	1.0	2.0	1391.0	1391.0	1408.0	17.0	20.0	1.0	4.0	5.0	
1511.0	1.0	2.0	1387.0	1387.0	1404.0	17.0	92.0	5.0	10.0	4.0	
1512.0	1.0	2.0	1373.0	1373.0	1390.0	17.0	83.0	5.0	5.0	1.0	
1513.0	0.0	2.0	1391.0	1391.0	1406.0	15.0	66.0	4.0	12.0	5.0	
1514.0	1.0	2.0	1390.0	1390.0	1407.0	17.0	93.0	5.0	4.0	5.0	
1515.0	0.0	2.0	1391.0	1391.0	1406.0	15.0	72.0	4.0	11.0	2.0	
1516.0	0.0	2.0	1391.0	1391.0	1406.0	15.0	77.0	4.0	8.0	2.0	
1517.0	1.0	2.0	1374.0	1374.0	1391.0	17.0	52.0	3.0	4.0	3.0	
1518.0	1.0	2.0	1391.0	1391.0	1408.0	17.0	97.0	5.0	9.0	3.0	
1519.0	0.0	2.0	1388.0	1388.0	1403.0	15.0	46.0	3.0	14.0	3.0	
1520.0	0.0	2.0	1340.0	1340.0	1355.0	15.0	48.0	3.0	13.0	4.0	
1521.0	0.0	2.0	1344.0	1344.0	1359.0	15.0	52.0	3.0	4.0	3.0	
1522.0	0.0	2.0	1327.0	1328.0	1343.0	15.0	55.0	3.0	6.0	4.0	
1523.0	0.0	2.0	1345.0	1345.0	1360.0	15.0	59.0	3.0	9.0	4.0	
1524.0	1.0	2.0	1381.0	1381.0	1398.0	17.0	84.0	5.0	12.0	2.0	
1525.0	0.0	2.0	1351.0	1351.0	1366.0	15.0	43.0	3.0	13.0	1.0	
1526.0	0.0	2.0	1391.0	1391.0	1406.0	15.0	46.0	3.0	14.0	3.0	
1527.0	1.0	2.0	1385.0	1385.0	1402.0	17.0	90.0	5.0	4.0	1.0	
1528.0	0.0	2.0	1387.0	1387.0	1402.0	15.0	54.0	3.0	10.0	5.0	
1529.0	0.0	2.0	1389.0	1389.0	1404.0	15.0	57.0	3.0	14.0	3.0	
1530.0	1.0	2.0	1372.0	1372.0	1389.0	17.0	99.0	5.0	12.0	3.0	
1531.0	0.0	2.0	1383.0	1383.0	1398.0	15.0	43.0	3.0	13.0	1.0	
1532.0	0.0	2.0	1376.0	1376.0	1391.0	15.0	44.0	3.0	3.0	5.0	
1533.0	0.0	2.0	1390.0	1390.0	1405.0	15.0	49.0	3.0	12.0	1.0	
1534.0	0.0	2.0	1386.0	1386.0	1401.0	15.0	51.0	3.0	2.0	3.0	
1535.0	0.0	2.0	1389.0	1389.0	1404.0	15.0	53.0	3.0	12.0	3.0	
1536.0	1.0	2.0	1391.0	1391.0	1408.0	17.0	27.0	2.0	13.0	4.0	
1537.0	0.0	2.0	1388.0	1388.0	1403.0	15.0	60.0	3.0	3.0	3.0	
1538.0	1.0	2.0	1385.0	1385.0	1402.0	17.0	90.0	5.0	4.0	1.0	
1539.0	1.0	2.0	1388.0	1388.0	1405.0	17.0	95.0	5.0	8.0	5.0	
1540.0	0.0	2.0	1390.0	1390.0	1405.0	15.0	50.0	3.0	9.0	1.0	
1541.0	0.0	2.0	1390.0	1390.0	1405.0	15.0	53.0	3.0	12.0	3.0	
1542.0	1.0	2.0	1390.0	1390.0	1407.0	17.0	94.0	5.0	13.0	1.0	
1543.0	1.0	2.0	1385.0	1385.0	1402.0	17.0	92.0	5.0	10.0	4.0	
1544.0	1.0	2.0	1369.0	1369.0	1386.0	17.0	63.0	4.0	15.0	1.0	
1545.0	1.0	2.0	1351.0	1352.0	1369.0	17.0	79.0	4.0	7.0	3.0	
1546.0	0.0	2.0	1391.0	1391.0	1406.0	15.0	46.0	3.0	14.0	3.0	
1547.0	0.0	2.0	1391.0	1391.0	1406.0	15.0	50.0	3.0	9.0	1.0	
1548.0	1.0	2.0	1390.0	1390.0	1407.0	17.0	90.0	5.0	4.0	1.0	
1549.0	1.0	2.0	1391.0	1391.0	1408.0	17.0	54.0	3.0	10.0	5.0	
1550.0	1.0	2.0	1391.0	1391.0	1408.0	17.0	91.0	5.0	9.0	5.0	
1551.0	0.0	2.0	1391.0	1391.0	1406.0	15.0	41.0	3.0	15.0	4.0	
1552.0	0.0	2.0	1391.0	1391.0	1406.0	15.0	44.0	3.0	3.0	5.0	
1553.0	1.0	2.0	1391.0	1391.0	1408.0	17.0	52.0	3.0	4.0	3.0	
1554.0	0.0	2.0	1391.0	1391.0	1406.0	15.0	50.0	3.0	9.0	1.0	
1555.0	0.0	2.0	1376.0	1376.0	1391.0	15.0	54.0	3.0	10.0	5.0	
1556.0	1.0	2.0	1393.0	1393.0	1410.0	17.0	94.0	5.0	13.0	1.0	
1557.0	1.0	2.0	1392.0	1392.0	1409.0	17.0	83.0	5.0	5.0	1.0	
1558.0	0.0	2.0	1394.0	1394.0	1409.0	15.0	44.0	3.0	3.0	5.0	
1559.0	0.0	2.0	1391.0	1391.0	1406.0	15.0	45.0	3.0	5.0	4.0	
1560.0	1.0	2.0	1388.0	1388.0	1405.0	17.0	13.0	1.0	3.0	1.0	
1561.0	0.0	2.0	1391.0	1391.0	1406.0	15.0	52.0	3.0	4.0	3.0	
1562.0	1.0	2.0	1393.0	1393.0	1410.0	17.0	26.0	2.0	1.0	2.0	
1563.0	0.0	2.0	1392.0	1392.0	1407.0	15.0	59.0	3.0	9.0	4.0	
1564.0	1.0	2.0	1385.0	1385.0	1402.0	17.0	81.0	5.0	3.0	4.0	
1565.0	1.0	2.0	1388.0	1388.0	1405.0	17.0	12.0	1.0	5.0	3.0	
1566.0	0.0	2.0	1391.0	1391.0	1406.0	15.0	46.0	3.0	14.0	3.0	
1567.0	1.0	2.0	1360.0	1360.0	1377.0	17.0	85.0	5.0	3.0	5.0	
1568.0	0.0	2.0	1393.0	1393.0	1408.0	15.0	53.0	3.0	12.0	3.0	
1569.0	1.0	2.0	1390.0	1390.0	1407.0	17.0	28.0	2.0	8.0	1.0	
1570.0	1.0	2.0	1391.0	1391.0	1408.0	17.0	97.0	5.0	9.0	3.0	
1571.0	0.0	2.0	1394.0	1394.0	1409.0	15.0	41.0	3.0	15.0	4.0	
1572.0	1.0	2.0	1394.0	1394.0	1411.0	17.0	80.0	4.0	3.0	1.0	
1573.0	1.0	2.0	1392.0	1392.0	1409.0	17.0	84.0	5.0	12.0	2.0	
1574.0	1.0	2.0	1387.0	1387.0	1404.0	17.0	96.0	5.0	15.0	3.0	
1575.0	0.0	2.0	1393.0	1393.0	1408.0	15.0	54.0	3.0	10.0	5.0	
1576.0	0.0	2.0	1394.0	1394.0	1409.0	15.0	56.0	3.0	13.0	5.0	
1577.0	1.0	2.0	1388.0	1388.0	1405.0	17.0	90.0	5.0	4.0	1.0	
1578.0	1.0	2.0	1394.0	1394.0	1411.0	17.0	99.0	5.0	12.0	3.0	
1579.0	1.0	2.0	1357.0	1357.0	1374.0	17.0	72.0	4.0	11.0	2.0	
1580.0	0.0	2.0	1392.0	1392.0	1407.0	15.0	48.0	3.0	13.0	4.0	
1581.0	0.0	2.0	1393.0	1393.0	1408.0	15.0	52.0	3.0	4.0	3.0	
1582.0	1.0	2.0	1385.0	1385.0	1402.0	17.0	93.0	5.0	4.0	5.0	
1583.0	1.0	2.0	1392.0	1392.0	1409.0	17.0	92.0	5.0	10.0	4.0	
1584.0	1.0	2.0	1392.0	1392.0	1409.0	17.0	82.0	5.0	6.0	2.0	
1585.0	1.0	2.0	1394.0	1394.0	1411.0	17.0	58.0	3.0	11.0	4.0	
1586.0	1.0	2.0	1390.0	1390.0	1407.0	17.0	97.0	5.0	9.0	3.0	
1587.0	0.0	2.0	1316.0	1316.0	1331.0	15.0	51.0	3.0	2.0	3.0	
1588.0	1.0	2.0	1390.0	1390.0	1407.0	17.0	11.0	1.0	4.0	4.0	
1589.0	1.0	2.0	1393.0	1393.0	1410.0	17.0	19.0	1.0	13.0	4.0	
1590.0	1.0	2.0	1390.0	1390.0	1407.0	17.0	90.0	5.0	4.0	1.0	
1591.0	1.0	2.0	1378.0	1378.0	1395.0	17.0	78.0	4.0	8.0	1.0	
1592.0	0.0	2.0	1396.0	1396.0	1411.0	15.0	45.0	3.0	5.0	4.0	
1593.0	1.0	2.0	1385.0	1385.0	1402.0	17.0	100.0	5.0	14.0	1.0	
1594.0	1.0	2.0	1329.0	1329.0	1346.0	17.0	84.0	5.0	12.0	2.0	
1595.0	1.0	2.0	1392.0	1392.0	1409.0	17.0	98.0	5.0	15.0	2.0	
1596.0	1.0	2.0	1392.0	1392.0	1409.0	17.0	81.0	5.0	3.0	4.0	
1597.0	1.0	2.0	1391.0	1391.0	1408.0	17.0	83.0	5.0	5.0	1.0	
1598.0	0.0	2.0	1385.0	1385.0	1400.0	15.0	43.0	3.0	13.0	1.0	
1599.0	0.0	2.0	1393.0	1393.0	1408.0	15.0	47.0	3.0	15.0	5.0	
1600.0	1.0	2.0	1392.0	1392.0	1409.0	17.0	98.0	5.0	15.0	2.0	
1601.0	1.0	2.0	1390.0	1390.0	1407.0	17.0	96.0	5.0	15.0	3.0	
1602.0	1.0	2.0	1392.0	1392.0	1409.0	17.0	97.0	5.0	9.0	3.0	
1603.0	1.0	2.0	1391.0	1391.0	1408.0	17.0	92.0	5.0	10.0	4.0	
1604.0	1.0	2.0	1390.0	1390.0	1407.0	17.0	98.0	5.0	15.0	2.0	
1605.0	1.0	2.0	1393.0	1393.0	1410.0	17.0	79.0	4.0	7.0	3.0	
1606.0	1.0	2.0	1314.0	1314.0	1331.0	17.0	90.0	5.0	4.0	1.0	
1607.0	1.0	2.0	1391.0	1391.0	1408.0	17.0	92.0	5.0	10.0	4.0	
1608.0	1.0	2.0	1392.0	1392.0	1409.0	17.0	62.0	4.0	7.0	4.0	
1609.0	1.0	2.0	1358.0	1358.0	1375.0	17.0	98.0	5.0	15.0	2.0	
1610.0	0.0	2.0	1398.0	1398.0	1413.0	15.0	58.0	3.0	11.0	4.0	
1611.0	0.0	2.0	1395.0	1395.0	1410.0	15.0	41.0	3.0	15.0	4.0	
1612.0	1.0	2.0	1394.0	1394.0	1411.0	17.0	76.0	4.0	6.0	4.0	
1613.0	1.0	2.0	1390.0	1390.0	1407.0	17.0	30.0	2.0	14.0	1.0	
1614.0	1.0	2.0	1396.0	1396.0	1413.0	17.0	89.0	5.0	14.0	2.0	
1615.0	1.0	2.0	1387.0	1387.0	1404.0	17.0	34.0	2.0	14.0	1.0	
1616.0	0.0	2.0	1397.0	1397.0	1412.0	15.0	57.0	3.0	14.0	3.0	
1617.0	1.0	2.0	1395.0	1395.0	1412.0	17.0	72.0	4.0	11.0	2.0	
1618.0	1.0	2.0	1392.0	1392.0	1409.0	17.0	96.0	5.0	15.0	3.0	
1619.0	0.0	2.0	1396.0	1396.0	1411.0	15.0	47.0	3.0	15.0	5.0	
1620.0	1.0	2.0	1392.0	1392.0	1409.0	17.0	100.0	5.0	14.0	1.0	
1621.0	1.0	2.0	1393.0	1393.0	1410.0	17.0	88.0	5.0	4.0	3.0	
1622.0	1.0	2.0	1351.0	1351.0	1368.0	17.0	100.0	5.0	14.0	1.0	
1623.0	0.0	2.0	1397.0	1397.0	1412.0	15.0	57.0	3.0	14.0	3.0	
1624.0	1.0	2.0	1393.0	1393.0	1410.0	17.0	63.0	4.0	15.0	1.0	
1625.0	1.0	2.0	1393.0	1393.0	1410.0	17.0	14.0	1.0	13.0	5.0	
1626.0	0.0	2.0	1397.0	1397.0	1412.0	15.0	47.0	3.0	15.0	5.0	
1627.0	1.0	2.0	1392.0	1392.0	1409.0	17.0	93.0	5.0	4.0	5.0	
1628.0	1.0	2.0	1394.0	1394.0	1411.0	17.0	96.0	5.0	15.0	3.0	
1629.0	0.0	2.0	1394.0	1394.0	1409.0	15.0	55.0	3.0	6.0	4.0	
1630.0	1.0	2.0	1393.0	1393.0	1410.0	17.0	77.0	4.0	8.0	2.0	
1631.0	1.0	2.0	1397.0	1397.0	1414.0	17.0	97.0	5.0	9.0	3.0	
1632.0	1.0	2.0	1392.0	1392.0	1409.0	17.0	22.0	2.0	6.0	2.0	
1633.0	1.0	2.0	1389.0	1389.0	1406.0	17.0	88.0	5.0	4.0	3.0	
1634.0	1.0	2.0	1392.0	1392.0	1409.0	17.0	98.0	5.0	15.0	2.0	
1635.0	1.0	2.0	1393.0	1393.0	1410.0	17.0	93.0	5.0	4.0	5.0	
1636.0	1.0	2.0	1393.0	1393.0	1410.0	17.0	93.0	5.0	4.0	5.0	
1637.0	0.0	2.0	1398.0	1398.0	1413.0	15.0	59.0	3.0	9.0	4.0	
1638.0	1.0	2.0	1395.0	1395.0	1412.0	17.0	62.0	4.0	7.0	4.0	
1639.0	1.0	2.0	1399.0	1399.0	1416.0	17.0	86.0	5.0	15.0	4.0	
1640.0	1.0	2.0	1290.0	1290.0	1307.0	17.0	89.0	5.0	14.0	2.0	
1641.0	1.0	2.0	1389.0	1389.0	1406.0	17.0	24.0	2.0	14.0	4.0	
1642.0	1.0	2.0	1394.0	1394.0	1411.0	17.0	84.0	5.0	12.0	2.0	
1643.0	1.0	2.0	1395.0	1395.0	1412.0	17.0	65.0	4.0	11.0	2.0	
1644.0	1.0	2.0	1397.0	1397.0	1414.0	17.0	35.0	2.0	10.0	5.0	
1645.0	0.0	2.0	1398.0	1398.0	1413.0	15.0	43.0	3.0	13.0	1.0	
1646.0	1.0	2.0	1395.0	1395.0	1412.0	17.0	55.0	3.0	6.0	4.0	
1647.0	1.0	2.0	1393.0	1393.0	1410.0	17.0	71.0	4.0	11.0	3.0	
1648.0	1.0	2.0	1393.0	1393.0	1410.0	17.0	70.0	4.0	11.0	5.0	
1649.0	1.0	2.0	1334.0	1334.0	1351.0	17.0	87.0	5.0	5.0	5.0	
1650.0	1.0	2.0	1389.0	1389.0	1406.0	17.0	91.0	5.0	9.0	5.0	
1651.0	1.0	2.0	1333.0	1333.0	1350.0	17.0	72.0	4.0	11.0	2.0	
1652.0	1.0	2.0	1393.0	1393.0	1410.0	17.0	68.0	4.0	5.0	3.0	
1653.0	1.0	2.0	1392.0	1392.0	1409.0	17.0	83.0	5.0	5.0	1.0	
1654.0	1.0	2.0	1386.0	1386.0	1403.0	17.0	100.0	5.0	14.0	1.0	
1655.0	1.0	2.0	1397.0	1397.0	1414.0	17.0	69.0	4.0	12.0	2.0	
1656.0	0.0	2.0	1328.0	1328.0	1343.0	15.0	58.0	3.0	11.0	4.0	
1657.0	1.0	2.0	1392.0	1392.0	1409.0	17.0	89.0	5.0	14.0	2.0	
1658.0	1.0	2.0	1398.0	1398.0	1415.0	17.0	74.0	4.0	1.0	3.0	
1659.0	1.0	2.0	1397.0	1397.0	1414.0	17.0	32.0	2.0	14.0	3.0	
1660.0	0.0	2.0	1397.0	1397.0	1412.0	15.0	48.0	3.0	13.0	4.0	
1661.0	1.0	2.0	1334.0	1334.0	1351.0	17.0	94.0	5.0	13.0	1.0	
1662.0	1.0	2.0	1392.0	1392.0	1409.0	17.0	79.0	4.0	7.0	3.0	
1663.0	1.0	2.0	1397.0	1397.0	1414.0	17.0	61.0	4.0	12.0	4.0	
1664.0	0.0	2.0	1341.0	1341.0	1356.0	15.0	41.0	3.0	15.0	4.0	
1665.0	1.0	2.0	1391.0	1391.0	1408.0	17.0	61.0	4.0	12.0	4.0	
1666.0	1.0	2.0	1399.0	1399.0	1416.0	17.0	88.0	5.0	4.0	3.0	
1667.0	0.0	2.0	1398.0	1398.0	1413.0	15.0	49.0	3.0	12.0	1.0	
1668.0	1.0	2.0	1397.0	1397.0	1414.0	17.0	90.0	5.0	4.0	1.0	
1669.0	1.0	2.0	1380.0	1380.0	1397.0	17.0	99.0	5.0	12.0	3.0	
1670.0	1.0	2.0	1395.0	1395.0	1412.0	17.0	73.0	4.0	13.0	3.0	
1671.0	0.0	2.0	1397.0	1397.0	1412.0	15.0	43.0	3.0	13.0	1.0	
1672.0	1.0	2.0	1392.0	1392.0	1409.0	17.0	99.0	5.0	12.0	3.0	
1673.0	1.0	2.0	1397.0	1397.0	1414.0	17.0	72.0	4.0	11.0	2.0	
1674.0	1.0	2.0	1394.0	1394.0	1411.0	17.0	94.0	5.0	13.0	1.0	
1675.0	1.0	2.0	1399.0	1399.0	1416.0	17.0	72.0	4.0	11.0	2.0	
1676.0	1.0	2.0	1347.0	1347.0	1364.0	17.0	100.0	5.0	14.0	1.0	
1677.0	1.0	2.0	1397.0	1397.0	1414.0	17.0	78.0	4.0	8.0	1.0	
1678.0	1.0	2.0	1390.0	1390.0	1407.0	17.0	95.0	5.0	8.0	5.0	
1679.0	1.0	2.0	1395.0	1395.0	1412.0	17.0	71.0	4.0	11.0	3.0	
1680.0	0.0	2.0	1400.0	1400.0	1415.0	15.0	49.0	3.0	12.0	1.0	
1681.0	1.0	2.0	1384.0	1384.0	1401.0	17.0	83.0	5.0	5.0	1.0	
1682.0	1.0	2.0	1394.0	1394.0	1411.0	17.0	82.0	5.0	6.0	2.0	
1683.0	1.0	2.0	1398.0	1398.0	1415.0	17.0	93.0	5.0	4.0	5.0	
1684.0	1.0	2.0	1397.0	1397.0	1414.0	17.0	69.0	4.0	12.0	2.0	
1685.0	1.0	2.0	1396.0	1396.0	1413.0	17.0	92.0	5.0	10.0	4.0	
1686.0	1.0	2.0	1400.0	1400.0	1417.0	17.0	82.0	5.0	6.0	2.0	
1687.0	1.0	2.0	1400.0	1400.0	1417.0	17.0	84.0	5.0	12.0	2.0	
1688.0	1.0	2.0	1397.0	1397.0	1414.0	17.0	81.0	5.0	3.0	4.0	
1689.0	1.0	2.0	1399.0	1399.0	1416.0	17.0	32.0	2.0	14.0	3.0	
1690.0	1.0	2.0	1398.0	1398.0	1415.0	17.0	63.0	4.0	15.0	1.0	
1691.0	1.0	2.0	1351.0	1351.0	1368.0	17.0	69.0	4.0	12.0	2.0	
1692.0	1.0	2.0	1397.0	1397.0	1414.0	17.0	96.0	5.0	15.0	3.0	
1693.0	1.0	2.0	1369.0	1369.0	1386.0	17.0	78.0	4.0	8.0	1.0	
1694.0	1.0	2.0	1397.0	1397.0	1414.0	17.0	95.0	5.0	8.0	5.0	
1695.0	1.0	2.0	1397.0	1397.0	1414.0	17.0	71.0	4.0	11.0	3.0	
1696.0	1.0	2.0	1393.0	1393.0	1410.0	17.0	96.0	5.0	15.0	3.0	
1697.0	1.0	2.0	1393.0	1393.0	1410.0	17.0	23.0	2.0	7.0	3.0	
1698.0	0.0	2.0	1384.0	1384.0	1399.0	15.0	43.0	3.0	13.0	1.0	
1699.0	1.0	2.0	1376.0	1376.0	1393.0	17.0	66.0	4.0	12.0	5.0	
1700.0	1.0	2.0	1398.0	1398.0	1415.0	17.0	81.0	5.0	3.0	4.0	
1701.0	1.0	2.0	1393.0	1393.0	1410.0	17.0	82.0	5.0	6.0	2.0	
1702.0	1.0	2.0	1374.0	1374.0	1391.0	17.0	77.0	4.0	8.0	2.0	
1703.0	1.0	2.0	1393.0	1393.0	1410.0	17.0	70.0	4.0	11.0	5.0	
1704.0	0.0	2.0	1400.0	1400.0	1415.0	15.0	60.0	3.0	3.0	3.0	
1705.0	1.0	2.0	1397.0	1397.0	1414.0	17.0	99.0	5.0	12.0	3.0	
1706.0	1.0	2.0	1400.0	1400.0	1417.0	17.0	81.0	5.0	3.0	4.0	
1707.0	1.0	2.0	1394.0	1394.0	1411.0	17.0	90.0	5.0	4.0	1.0	
1708.0	1.0	2.0	1391.0	1391.0	1408.0	17.0	18.0	1.0	2.0	5.0	
1709.0	1.0	2.0	1394.0	1394.0	1411.0	17.0	70.0	4.0	11.0	5.0	
1710.0	1.0	2.0	1393.0	1393.0	1410.0	17.0	23.0	2.0	7.0	3.0	
1711.0	1.0	2.0	1397.0	1397.0	1414.0	17.0	91.0	5.0	9.0	5.0	
1712.0	1.0	2.0	1311.0	1311.0	1328.0	17.0	89.0	5.0	14.0	2.0	
1713.0	1.0	2.0	1393.0	1393.0	1410.0	17.0	73.0	4.0	13.0	3.0	
1714.0	1.0	2.0	1401.0	1401.0	1418.0	17.0	89.0	5.0	14.0	2.0	
1715.0	1.0	2.0	1400.0	1400.0	1417.0	17.0	85.0	5.0	3.0	5.0	
1716.0	1.0	2.0	1394.0	1394.0	1411.0	17.0	24.0	2.0	14.0	4.0	
1717.0	1.0	2.0	1396.0	1396.0	1413.0	17.0	85.0	5.0	3.0	5.0	
1718.0	1.0	2.0	1379.0	1379.0	1396.0	17.0	38.0	2.0	5.0	5.0	
1719.0	1.0	2.0	1358.0	1358.0	1375.0	17.0	92.0	5.0	10.0	4.0	
1720.0	1.0	2.0	1400.0	1400.0	1417.0	17.0	71.0	4.0	11.0	3.0	
1721.0	1.0	2.0	1400.0	1400.0	1417.0	17.0	82.0	5.0	6.0	2.0	
1722.0	1.0	2.0	1391.0	1391.0	1408.0	17.0	90.0	5.0	4.0	1.0	
1723.0	1.0	2.0	1326.0	1326.0	1343.0	17.0	85.0	5.0	3.0	5.0	
1724.0	1.0	2.0	1393.0	1393.0	1410.0	17.0	37.0	2.0	5.0	2.0	
1725.0	1.0	2.0	1395.0	1395.0	1412.0	17.0	96.0	5.0	15.0	3.0	
1726.0	1.0	2.0	1399.0	1399.0	1416.0	17.0	100.0	5.0	14.0	1.0	
1727.0	1.0	2.0	1396.0	1396.0	1413.0	17.0	69.0	4.0	12.0	2.0	
1728.0	1.0	2.0	1402.0	1402.0	1419.0	17.0	61.0	4.0	12.0	4.0	
1729.0	1.0	2.0	1399.0	1399.0	1416.0	17.0	83.0	5.0	5.0	1.0	
1730.0	0.0	2.0	1333.0	1333.0	1348.0	15.0	60.0	3.0	3.0	3.0	
1731.0	1.0	2.0	1392.0	1392.0	1409.0	17.0	79.0	4.0	7.0	3.0	
1732.0	1.0	2.0	1391.0	1391.0	1408.0	17.0	83.0	5.0	5.0	1.0	
1733.0	1.0	2.0	1387.0	1387.0	1404.0	17.0	98.0	5.0	15.0	2.0	
1734.0	0.0	2.0	1401.0	1401.0	1416.0	15.0	51.0	3.0	2.0	3.0	
1735.0	1.0	2.0	1395.0	1395.0	1412.0	17.0	89.0	5.0	14.0	2.0	
1736.0	1.0	2.0	1399.0	1399.0	1416.0	17.0	91.0	5.0	9.0	5.0	
1737.0	1.0	2.0	1346.0	1346.0	1363.0	17.0	84.0	5.0	12.0	2.0	
1738.0	1.0	2.0	1394.0	1394.0	1411.0	17.0	82.0	5.0	6.0	2.0	
1739.0	1.0	2.0	1332.0	1332.0	1349.0	17.0	69.0	4.0	12.0	2.0	
1740.0	1.0	2.0	1398.0	1398.0	1415.0	17.0	69.0	4.0	12.0	2.0	
1741.0	1.0	2.0	1394.0	1394.0	1411.0	17.0	88.0	5.0	4.0	3.0	
1742.0	1.0	2.0	1312.0	1312.0	1329.0	17.0	84.0	5.0	12.0	2.0	
1743.0	1.0	2.0	1393.0	1393.0	1410.0	17.0	88.0	5.0	4.0	3.0	
1744.0	1.0	2.0	1392.0	1392.0	1409.0	17.0	92.0	5.0	10.0	4.0	
1745.0	1.0	2.0	1399.0	1399.0	1416.0	17.0	100.0	5.0	14.0	1.0	
1746.0	1.0	2.0	1374.0	1374.0	1391.0	17.0	15.0	1.0	11.0	1.0	
1747.0	1.0	2.0	1395.0	1395.0	1412.0	17.0	70.0	4.0	11.0	5.0	
1748.0	1.0	2.0	1396.0	1396.0	1413.0	17.0	38.0	2.0	5.0	5.0	
1749.0	1.0	2.0	1394.0	1394.0	1411.0	17.0	1.0	1.0	11.0	3.0	
1750.0	1.0	2.0	1374.0	1374.0	1391.0	17.0	83.0	5.0	5.0	1.0	
1751.0	1.0	2.0	1393.0	1393.0	1410.0	17.0	31.0	2.0	8.0	1.0	
1752.0	1.0	2.0	1399.0	1399.0	1416.0	17.0	89.0	5.0	14.0	2.0	
1753.0	1.0	2.0	1398.0	1398.0	1415.0	17.0	40.0	2.0	11.0	3.0	
1754.0	1.0	2.0	1397.0	1397.0	1414.0	17.0	86.0	5.0	15.0	4.0	
1755.0	1.0	2.0	1387.0	1387.0	1404.0	17.0	8.0	1.0	15.0	3.0	
1756.0	1.0	2.0	1374.0	1374.0	1391.0	17.0	72.0	4.0	11.0	2.0	
1757.0	1.0	2.0	1350.0	1350.0	1367.0	17.0	21.0	2.0	9.0	1.0	
1758.0	1.0	2.0	1398.0	1398.0	1415.0	17.0	86.0	5.0	15.0	4.0	
1759.0	1.0	2.0	1394.0	1394.0	1411.0	17.0	97.0	5.0	9.0	3.0	
1760.0	1.0	2.0	1397.0	1397.0	1414.0	17.0	77.0	4.0	8.0	2.0	
1761.0	1.0	2.0	1401.0	1401.0	1418.0	17.0	68.0	4.0	5.0	3.0	
1762.0	1.0	2.0	1358.0	1359.0	1376.0	17.0	88.0	5.0	4.0	3.0	
1763.0	1.0	2.0	1398.0	1398.0	1415.0	17.0	99.0	5.0	12.0	3.0	
1764.0	1.0	2.0	1402.0	1402.0	1419.0	17.0	55.0	3.0	6.0	4.0	
1765.0	0.0	2.0	1399.0	1399.0	1414.0	15.0	43.0	3.0	13.0	1.0	
1766.0	1.0	2.0	1345.0	1345.0	1362.0	17.0	97.0	5.0	9.0	3.0	
1767.0	1.0	2.0	1402.0	1402.0	1419.0	17.0	87.0	5.0	5.0	5.0	
1768.0	0.0	2.0	1402.0	1402.0	1417.0	15.0	54.0	3.0	10.0	5.0	
1769.0	0.0	2.0	1401.0	1401.0	1416.0	15.0	57.0	3.0	14.0	3.0	
1770.0	1.0	2.0	1381.0	1381.0	1398.0	17.0	73.0	4.0	13.0	3.0	
1771.0	1.0	2.0	1392.0	1392.0	1409.0	17.0	69.0	4.0	12.0	2.0	
1772.0	1.0	2.0	1396.0	1396.0	1413.0	17.0	89.0	5.0	14.0	2.0	
1773.0	1.0	2.0	1403.0	1403.0	1420.0	17.0	75.0	4.0	8.0	5.0	
1774.0	1.0	2.0	1399.0	1399.0	1416.0	17.0	76.0	4.0	6.0	4.0	
1775.0	1.0	2.0	1393.0	1393.0	1410.0	17.0	80.0	4.0	3.0	1.0	
1776.0	1.0	2.0	1373.0	1373.0	1390.0	17.0	90.0	5.0	4.0	1.0	
1777.0	1.0	2.0	1399.0	1399.0	1416.0	17.0	70.0	4.0	11.0	5.0	
1778.0	1.0	2.0	1400.0	1400.0	1417.0	17.0	99.0	5.0	12.0	3.0	
1779.0	1.0	2.0	1331.0	1331.0	1348.0	17.0	65.0	4.0	11.0	2.0	
1780.0	1.0	2.0	1394.0	1394.0	1411.0	17.0	62.0	4.0	7.0	4.0	
1781.0	1.0	2.0	1400.0	1400.0	1417.0	17.0	77.0	4.0	8.0	2.0	
1782.0	0.0	2.0	1401.0	1401.0	1416.0	15.0	55.0	3.0	6.0	4.0	
1783.0	0.0	2.0	1399.0	1399.0	1414.0	15.0	59.0	3.0	9.0	4.0	
1784.0	1.0	2.0	1402.0	1402.0	1419.0	17.0	76.0	4.0	6.0	4.0	
1785.0	1.0	2.0	1356.0	1356.0	1373.0	17.0	90.0	5.0	4.0	1.0	
1786.0	1.0	2.0	1382.0	1382.0	1399.0	17.0	96.0	5.0	15.0	3.0	
1787.0	1.0	2.0	1400.0	1400.0	1417.0	17.0	98.0	5.0	15.0	2.0	
1788.0	1.0	2.0	1332.0	1333.0	1350.0	17.0	21.0	2.0	9.0	1.0	
1789.0	1.0	2.0	1339.0	1339.0	1356.0	17.0	89.0	5.0	14.0	2.0	
1790.0	1.0	2.0	1342.0	1342.0	1359.0	17.0	76.0	4.0	6.0	4.0	
1791.0	1.0	2.0	1396.0	1396.0	1413.0	17.0	68.0	4.0	5.0	3.0	
1792.0	1.0	2.0	1390.0	1390.0	1407.0	17.0	90.0	5.0	4.0	1.0	
1793.0	1.0	2.0	1404.0	1404.0	1421.0	17.0	94.0	5.0	13.0	1.0	
1794.0	1.0	2.0	1390.0	1390.0	1407.0	17.0	93.0	5.0	4.0	5.0	
1795.0	1.0	2.0	1401.0	1401.0	1418.0	17.0	86.0	5.0	15.0	4.0	
1796.0	1.0	2.0	1395.0	1395.0	1412.0	17.0	67.0	4.0	3.0	3.0	
1797.0	1.0	2.0	1353.0	1353.0	1370.0	17.0	9.0	1.0	15.0	5.0	
1798.0	1.0	2.0	1317.0	1317.0	1334.0	17.0	100.0	5.0	14.0	1.0	
1799.0	1.0	2.0	1395.0	1395.0	1412.0	17.0	62.0	4.0	7.0	4.0	
1800.0	1.0	2.0	1383.0	1383.0	1400.0	17.0	80.0	4.0	3.0	1.0	
1801.0	0.0	2.0	1404.0	1404.0	1419.0	15.0	53.0	3.0	12.0	3.0	
1802.0	1.0	2.0	1399.0	1399.0	1416.0	17.0	80.0	4.0	3.0	1.0	
1803.0	1.0	2.0	1400.0	1400.0	1417.0	17.0	67.0	4.0	3.0	3.0	
1804.0	1.0	2.0	1394.0	1394.0	1411.0	17.0	71.0	4.0	11.0	3.0	
1805.0	0.0	2.0	1400.0	1400.0	1415.0	15.0	45.0	3.0	5.0	4.0	
1806.0	1.0	2.0	1395.0	1395.0	1412.0	17.0	78.0	4.0	8.0	1.0	
1807.0	1.0	2.0	1399.0	1399.0	1416.0	17.0	100.0	5.0	14.0	1.0	
1808.0	1.0	2.0	1398.0	1398.0	1415.0	17.0	84.0	5.0	12.0	2.0	
1809.0	1.0	2.0	1401.0	1401.0	1418.0	17.0	85.0	5.0	3.0	5.0	
1810.0	1.0	2.0	1390.0	1390.0	1407.0	17.0	95.0	5.0	8.0	5.0	
1811.0	0.0	2.0	1400.0	1400.0	1415.0	15.0	43.0	3.0	13.0	1.0	
1812.0	1.0	2.0	1395.0	1395.0	1412.0	17.0	72.0	4.0	11.0	2.0	
1813.0	1.0	2.0	1400.0	1400.0	1417.0	17.0	25.0	2.0	12.0	2.0	
1814.0	1.0	2.0	1341.0	1341.0	1358.0	17.0	37.0	2.0	5.0	2.0	
1815.0	0.0	2.0	1380.0	1380.0	1395.0	15.0	55.0	3.0	6.0	4.0	
1816.0	1.0	2.0	1397.0	1397.0	1414.0	17.0	86.0	5.0	15.0	4.0	
1817.0	1.0	2.0	1401.0	1401.0	1418.0	17.0	90.0	5.0	4.0	1.0	
1818.0	1.0	2.0	1399.0	1399.0	1416.0	17.0	90.0	5.0	4.0	1.0	
1819.0	1.0	2.0	1398.0	1398.0	1415.0	17.0	91.0	5.0	9.0	5.0	
1820.0	1.0	2.0	1402.0	1402.0	1419.0	17.0	85.0	5.0	3.0	5.0	
1821.0	1.0	2.0	1399.0	1399.0	1416.0	17.0	82.0	5.0	6.0	2.0	
1822.0	1.0	2.0	1396.0	1396.0	1413.0	17.0	87.0	5.0	5.0	5.0	
1823.0	0.0	2.0	1375.0	1375.0	1390.0	15.0	28.0	2.0	8.0	1.0	
1824.0	0.0	2.0	1393.0	1393.0	1408.0	15.0	31.0	2.0	8.0	1.0	
1825.0	1.0	2.0	1398.0	1398.0	1415.0	17.0	84.0	5.0	12.0	2.0	
1826.0	0.0	2.0	1396.0	1396.0	1411.0	15.0	37.0	2.0	5.0	2.0	
1827.0	1.0	2.0	1401.0	1401.0	1418.0	17.0	62.0	4.0	7.0	4.0	
1828.0	0.0	2.0	1391.0	1391.0	1406.0	15.0	22.0	2.0	6.0	2.0	
1829.0	1.0	2.0	1400.0	1400.0	1417.0	17.0	95.0	5.0	8.0	5.0	
1830.0	1.0	2.0	1395.0	1395.0	1412.0	17.0	88.0	5.0	4.0	3.0	
1831.0	1.0	2.0	1401.0	1401.0	1418.0	17.0	62.0	4.0	7.0	4.0	
1832.0	1.0	2.0	1398.0	1398.0	1415.0	17.0	86.0	5.0	15.0	4.0	
1833.0	0.0	2.0	1386.0	1386.0	1401.0	15.0	36.0	2.0	15.0	4.0	
1834.0	1.0	2.0	1395.0	1395.0	1412.0	17.0	75.0	4.0	8.0	5.0	
1835.0	1.0	2.0	1398.0	1398.0	1415.0	17.0	87.0	5.0	5.0	5.0	
1836.0	1.0	2.0	1399.0	1399.0	1416.0	17.0	91.0	5.0	9.0	5.0	
1837.0	1.0	2.0	1310.0	1310.0	1327.0	17.0	61.0	4.0	12.0	4.0	
1838.0	1.0	2.0	1396.0	1396.0	1413.0	17.0	100.0	5.0	14.0	1.0	
1839.0	1.0	2.0	1366.0	1366.0	1383.0	17.0	88.0	5.0	4.0	3.0	
1840.0	0.0	2.0	1401.0	1401.0	1416.0	15.0	38.0	2.0	5.0	5.0	
1841.0	0.0	2.0	1400.0	1400.0	1415.0	15.0	21.0	2.0	9.0	1.0	
1842.0	1.0	2.0	1400.0	1400.0	1417.0	17.0	85.0	5.0	3.0	5.0	
1843.0	1.0	2.0	1348.0	1348.0	1365.0	17.0	88.0	5.0	4.0	3.0	
1844.0	1.0	2.0	1401.0	1401.0	1418.0	17.0	78.0	4.0	8.0	1.0	
1845.0	1.0	2.0	1388.0	1388.0	1405.0	17.0	91.0	5.0	9.0	5.0	
1846.0	1.0	2.0	1394.0	1394.0	1411.0	17.0	48.0	3.0	13.0	4.0	
1847.0	1.0	2.0	1400.0	1400.0	1417.0	17.0	100.0	5.0	14.0	1.0	
1848.0	1.0	2.0	1400.0	1400.0	1417.0	17.0	68.0	4.0	5.0	3.0	
1849.0	1.0	2.0	1311.0	1311.0	1328.0	17.0	100.0	5.0	14.0	1.0	
1850.0	1.0	2.0	1400.0	1400.0	1417.0	17.0	86.0	5.0	15.0	4.0	
1851.0	1.0	2.0	1403.0	1403.0	1420.0	17.0	94.0	5.0	13.0	1.0	
1852.0	1.0	2.0	1393.0	1393.0	1410.0	17.0	76.0	4.0	6.0	4.0	
1853.0	0.0	2.0	1401.0	1401.0	1416.0	15.0	36.0	2.0	15.0	4.0	
1854.0	1.0	2.0	1392.0	1392.0	1409.0	17.0	86.0	5.0	15.0	4.0	
1855.0	1.0	2.0	1400.0	1400.0	1417.0	17.0	88.0	5.0	4.0	3.0	
1856.0	1.0	2.0	1400.0	1400.0	1417.0	17.0	99.0	5.0	12.0	3.0	
1857.0	1.0	2.0	1401.0	1401.0	1418.0	17.0	92.0	5.0	10.0	4.0	
1858.0	1.0	2.0	1384.0	1384.0	1401.0	17.0	89.0	5.0	14.0	2.0	
1859.0	1.0	2.0	1390.0	1390.0	1407.0	17.0	83.0	5.0	5.0	1.0	
1860.0	1.0	2.0	1391.0	1391.0	1408.0	17.0	89.0	5.0	14.0	2.0	
1861.0	1.0	2.0	1371.0	1371.0	1388.0	17.0	45.0	3.0	5.0	4.0	
1862.0	1.0	2.0	1399.0	1399.0	1416.0	17.0	94.0	5.0	13.0	1.0	
1863.0	1.0	2.0	1363.0	1364.0	1381.0	17.0	84.0	5.0	12.0	2.0	
1864.0	1.0	2.0	1405.0	1405.0	1422.0	17.0	91.0	5.0	9.0	5.0	
1865.0	1.0	2.0	1394.0	1394.0	1411.0	17.0	85.0	5.0	3.0	5.0	
1866.0	1.0	2.0	1402.0	1402.0	1419.0	17.0	74.0	4.0	1.0	3.0	
1867.0	1.0	2.0	1403.0	1403.0	1420.0	17.0	76.0	4.0	6.0	4.0	
1868.0	1.0	2.0	1400.0	1400.0	1417.0	17.0	58.0	3.0	11.0	4.0	
1869.0	1.0	2.0	1387.0	1387.0	1404.0	17.0	58.0	3.0	11.0	4.0	
1870.0	1.0	2.0	1400.0	1400.0	1417.0	17.0	69.0	4.0	12.0	2.0	
1871.0	1.0	2.0	1399.0	1399.0	1416.0	17.0	63.0	4.0	15.0	1.0	
1872.0	0.0	2.0	1400.0	1400.0	1415.0	15.0	34.0	2.0	14.0	1.0	
1873.0	1.0	2.0	1397.0	1397.0	1414.0	17.0	72.0	4.0	11.0	2.0	
1874.0	1.0	2.0	1398.0	1398.0	1415.0	17.0	73.0	4.0	13.0	3.0	
1875.0	1.0	2.0	1391.0	1391.0	1408.0	17.0	61.0	4.0	12.0	4.0	
1876.0	1.0	2.0	1356.0	1356.0	1373.0	17.0	91.0	5.0	9.0	5.0	
1877.0	1.0	2.0	1401.0	1401.0	1418.0	17.0	99.0	5.0	12.0	3.0	
1878.0	1.0	2.0	1400.0	1400.0	1417.0	17.0	100.0	5.0	14.0	1.0	
1879.0	1.0	2.0	1395.0	1395.0	1412.0	17.0	84.0	5.0	12.0	2.0	
1880.0	1.0	2.0	1393.0	1393.0	1410.0	17.0	66.0	4.0	12.0	5.0	
1881.0	0.0	2.0	1401.0	1401.0	1416.0	15.0	21.0	2.0	9.0	1.0	
1882.0	1.0	2.0	1401.0	1401.0	1418.0	17.0	63.0	4.0	15.0	1.0	
1883.0	1.0	2.0	1393.0	1393.0	1410.0	17.0	87.0	5.0	5.0	5.0	
1884.0	1.0	2.0	1396.0	1396.0	1413.0	17.0	96.0	5.0	15.0	3.0	
1885.0	1.0	2.0	1352.0	1352.0	1369.0	17.0	76.0	4.0	6.0	4.0	
1886.0	1.0	2.0	1390.0	1390.0	1407.0	17.0	87.0	5.0	5.0	5.0	
1887.0	1.0	2.0	1402.0	1402.0	1419.0	17.0	100.0	5.0	14.0	1.0	
1888.0	1.0	2.0	1402.0	1402.0	1419.0	17.0	94.0	5.0	13.0	1.0	
1889.0	0.0	2.0	1401.0	1401.0	1416.0	15.0	25.0	2.0	12.0	2.0	
1890.0	1.0	2.0	1402.0	1402.0	1419.0	17.0	94.0	5.0	13.0	1.0	
1891.0	1.0	2.0	1373.0	1373.0	1390.0	17.0	96.0	5.0	15.0	3.0	
1892.0	1.0	2.0	1399.0	1399.0	1416.0	17.0	79.0	4.0	7.0	3.0	
1893.0	1.0	2.0	1399.0	1399.0	1416.0	17.0	86.0	5.0	15.0	4.0	
1894.0	1.0	2.0	1399.0	1399.0	1416.0	17.0	73.0	4.0	13.0	3.0	
1895.0	1.0	2.0	1404.0	1404.0	1421.0	17.0	65.0	4.0	11.0	2.0	
1896.0	1.0	2.0	1402.0	1402.0	1419.0	17.0	88.0	5.0	4.0	3.0	
1897.0	1.0	2.0	1405.0	1405.0	1422.0	17.0	95.0	5.0	8.0	5.0	
1898.0	1.0	2.0	1400.0	1400.0	1417.0	17.0	91.0	5.0	9.0	5.0	
1899.0	1.0	2.0	1398.0	1398.0	1415.0	17.0	74.0	4.0	1.0	3.0	
1900.0	1.0	2.0	1400.0	1400.0	1417.0	17.0	64.0	4.0	4.0	2.0	
1901.0	1.0	2.0	1400.0	1400.0	1417.0	17.0	86.0	5.0	15.0	4.0	
1902.0	1.0	2.0	1402.0	1402.0	1419.0	17.0	97.0	5.0	9.0	3.0	
1903.0	1.0	2.0	1401.0	1401.0	1418.0	17.0	71.0	4.0	11.0	3.0	
1904.0	1.0	2.0	1331.0	1332.0	1349.0	17.0	84.0	5.0	12.0	2.0	
1905.0	1.0	2.0	1392.0	1392.0	1409.0	17.0	85.0	5.0	3.0	5.0	
1906.0	1.0	2.0	1400.0	1400.0	1417.0	17.0	99.0	5.0	12.0	3.0	
1907.0	1.0	2.0	1402.0	1402.0	1419.0	17.0	59.0	3.0	9.0	4.0	
1908.0	1.0	2.0	1390.0	1390.0	1407.0	17.0	95.0	5.0	8.0	5.0	
1909.0	1.0	2.0	1351.0	1351.0	1368.0	17.0	97.0	5.0	9.0	3.0	
1910.0	1.0	2.0	1397.0	1397.0	1414.0	17.0	94.0	5.0	13.0	1.0	
1911.0	1.0	2.0	1404.0	1404.0	1421.0	17.0	84.0	5.0	12.0	2.0	
1912.0	1.0	2.0	1403.0	1403.0	1420.0	17.0	100.0	5.0	14.0	1.0	
1913.0	1.0	2.0	1395.0	1395.0	1412.0	17.0	74.0	4.0	1.0	3.0	
1914.0	0.0	2.0	1388.0	1388.0	1403.0	15.0	40.0	2.0	11.0	3.0	
1915.0	1.0	2.0	1401.0	1401.0	1418.0	17.0	98.0	5.0	15.0	2.0	
1916.0	1.0	2.0	1402.0	1402.0	1419.0	17.0	81.0	5.0	3.0	4.0	
1917.0	1.0	2.0	1400.0	1400.0	1417.0	17.0	80.0	4.0	3.0	1.0	
1918.0	0.0	2.0	1403.0	1403.0	1418.0	15.0	33.0	2.0	14.0	1.0	
1919.0	1.0	2.0	1402.0	1402.0	1419.0	17.0	5.0	1.0	15.0	2.0	
1920.0	1.0	2.0	1365.0	1365.0	1382.0	17.0	88.0	5.0	4.0	3.0	
1921.0	1.0	2.0	1401.0	1401.0	1418.0	17.0	4.0	1.0	9.0	4.0	
1922.0	1.0	2.0	1397.0	1397.0	1414.0	17.0	85.0	5.0	3.0	5.0	
1923.0	0.0	2.0	1310.0	1310.0	1325.0	15.0	27.0	2.0	13.0	4.0	
1924.0	1.0	2.0	1404.0	1404.0	1421.0	17.0	65.0	4.0	11.0	2.0	
1925.0	1.0	2.0	1400.0	1400.0	1417.0	17.0	89.0	5.0	14.0	2.0	
1926.0	1.0	2.0	1401.0	1401.0	1418.0	17.0	64.0	4.0	4.0	2.0	
1927.0	1.0	2.0	1402.0	1402.0	1419.0	17.0	93.0	5.0	4.0	5.0	
1928.0	1.0	2.0	1402.0	1402.0	1419.0	17.0	2.0	1.0	14.0	1.0	
1929.0	1.0	2.0	1401.0	1401.0	1418.0	17.0	74.0	4.0	1.0	3.0	
1930.0	0.0	2.0	1402.0	1402.0	1417.0	15.0	27.0	2.0	13.0	4.0	
1931.0	1.0	2.0	1401.0	1401.0	1418.0	17.0	100.0	5.0	14.0	1.0	
1932.0	0.0	2.0	1404.0	1404.0	1419.0	15.0	34.0	2.0	14.0	1.0	
1933.0	1.0	2.0	1403.0	1403.0	1420.0	17.0	65.0	4.0	11.0	2.0	
1934.0	1.0	2.0	1401.0	1401.0	1418.0	17.0	93.0	5.0	4.0	5.0	
1935.0	1.0	2.0	1372.0	1372.0	1389.0	17.0	88.0	5.0	4.0	3.0	
1936.0	1.0	2.0	1399.0	1399.0	1416.0	17.0	83.0	5.0	5.0	1.0	
1937.0	1.0	2.0	1404.0	1404.0	1421.0	17.0	50.0	3.0	9.0	1.0	
1938.0	1.0	2.0	1329.0	1329.0	1347.0	18.0	10.0	1.0	15.0	1.0	
1939.0	1.0	2.0	1402.0	1402.0	1419.0	17.0	6.0	1.0	7.0	1.0	
1940.0	1.0	2.0	1401.0	1401.0	1418.0	17.0	63.0	4.0	15.0	1.0	
1941.0	0.0	2.0	1324.0	1324.0	1339.0	15.0	40.0	2.0	11.0	3.0	
1942.0	0.0	2.0	1374.0	1374.0	1389.0	15.0	24.0	2.0	14.0	4.0	
1943.0	1.0	2.0	1403.0	1403.0	1420.0	17.0	79.0	4.0	7.0	3.0	
1944.0	1.0	2.0	1397.0	1397.0	1414.0	17.0	84.0	5.0	12.0	2.0	
1945.0	1.0	2.0	1402.0	1402.0	1419.0	17.0	90.0	5.0	4.0	1.0	
1946.0	1.0	2.0	1402.0	1402.0	1419.0	17.0	69.0	4.0	12.0	2.0	
1947.0	0.0	2.0	1403.0	1403.0	1418.0	15.0	40.0	2.0	11.0	3.0	
1948.0	1.0	2.0	1360.0	1360.0	1377.0	17.0	94.0	5.0	13.0	1.0	
1949.0	1.0	2.0	1403.0	1403.0	1420.0	17.0	88.0	5.0	4.0	3.0	
1950.0	1.0	2.0	1396.0	1396.0	1413.0	17.0	64.0	4.0	4.0	2.0	
1951.0	1.0	2.0	1404.0	1404.0	1421.0	17.0	62.0	4.0	7.0	4.0	
1952.0	1.0	2.0	1404.0	1404.0	1421.0	17.0	99.0	5.0	12.0	3.0	
1953.0	1.0	2.0	1332.0	1332.0	1349.0	17.0	84.0	5.0	12.0	2.0	
1954.0	1.0	2.0	1374.0	1374.0	1391.0	17.0	98.0	5.0	15.0	2.0	
1955.0	1.0	2.0	1387.0	1387.0	1404.0	17.0	60.0	3.0	3.0	3.0	
1956.0	1.0	2.0	1403.0	1403.0	1420.0	17.0	81.0	5.0	3.0	4.0	
1957.0	1.0	2.0	1402.0	1402.0	1419.0	17.0	39.0	2.0	14.0	2.0	
1958.0	1.0	2.0	1402.0	1402.0	1419.0	17.0	64.0	4.0	4.0	2.0	
1959.0	1.0	2.0	1402.0	1402.0	1419.0	17.0	80.0	4.0	3.0	1.0	
1960.0	1.0	2.0	1401.0	1401.0	1418.0	17.0	82.0	5.0	6.0	2.0	
1961.0	1.0	2.0	1404.0	1404.0	1421.0	17.0	97.0	5.0	9.0	3.0	
1962.0	1.0	2.0	1375.0	1375.0	1392.0	17.0	99.0	5.0	12.0	3.0	
1963.0	1.0	2.0	1381.0	1381.0	1398.0	17.0	49.0	3.0	12.0	1.0	
1964.0	1.0	2.0	1403.0	1403.0	1420.0	17.0	60.0	3.0	3.0	3.0	
1965.0	1.0	2.0	1358.0	1358.0	1375.0	17.0	89.0	5.0	14.0	2.0	
1966.0	1.0	2.0	1401.0	1401.0	1418.0	17.0	89.0	5.0	14.0	2.0	
1967.0	1.0	2.0	1398.0	1398.0	1415.0	17.0	60.0	3.0	3.0	3.0	
1968.0	1.0	2.0	1405.0	1405.0	1422.0	17.0	77.0	4.0	8.0	2.0	
1969.0	1.0	2.0	1362.0	1362.0	1379.0	17.0	76.0	4.0	6.0	4.0	
1970.0	1.0	2.0	1404.0	1404.0	1421.0	17.0	41.0	3.0	15.0	4.0	
1971.0	1.0	2.0	1404.0	1404.0	1421.0	17.0	92.0	5.0	10.0	4.0	
1972.0	1.0	2.0	1400.0	1400.0	1417.0	17.0	87.0	5.0	5.0	5.0	
1973.0	1.0	2.0	1392.0	1392.0	1409.0	17.0	82.0	5.0	6.0	2.0	
1974.0	1.0	2.0	1403.0	1403.0	1420.0	17.0	97.0	5.0	9.0	3.0	
1975.0	0.0	2.0	1370.0	1370.0	1385.0	15.0	5.0	1.0	15.0	2.0	
1976.0	1.0	2.0	1403.0	1403.0	1420.0	17.0	72.0	4.0	11.0	2.0	
1977.0	1.0	2.0	1402.0	1402.0	1419.0	17.0	92.0	5.0	10.0	4.0	
1978.0	1.0	2.0	1399.0	1399.0	1416.0	17.0	94.0	5.0	13.0	1.0	
1979.0	1.0	2.0	1404.0	1404.0	1421.0	17.0	66.0	4.0	12.0	5.0	
1980.0	1.0	2.0	1399.0	1399.0	1416.0	17.0	66.0	4.0	12.0	5.0	
1981.0	1.0	2.0	1402.0	1402.0	1419.0	17.0	92.0	5.0	10.0	4.0	
1982.0	1.0	2.0	1404.0	1404.0	1421.0	17.0	98.0	5.0	15.0	2.0	
1983.0	1.0	2.0	1401.0	1401.0	1418.0	17.0	75.0	4.0	8.0	5.0	
1984.0	1.0	2.0	1374.0	1374.0	1391.0	17.0	67.0	4.0	3.0	3.0	
1985.0	1.0	2.0	1403.0	1403.0	1420.0	17.0	62.0	4.0	7.0	4.0	
1986.0	1.0	2.0	1368.0	1368.0	1385.0	17.0	85.0	5.0	3.0	5.0	
1987.0	1.0	2.0	1402.0	1402.0	1419.0	17.0	61.0	4.0	12.0	4.0	
1988.0	1.0	2.0	1404.0	1404.0	1421.0	17.0	16.0	1.0	14.0	2.0	
1989.0	1.0	2.0	1402.0	1402.0	1419.0	17.0	66.0	4.0	12.0	5.0	
1990.0	1.0	2.0	1403.0	1403.0	1420.0	17.0	42.0	3.0	4.0	1.0	
1991.0	1.0	2.0	1392.0	1392.0	1409.0	17.0	79.0	4.0	7.0	3.0	
1992.0	1.0	2.0	1404.0	1404.0	1421.0	17.0	73.0	4.0	13.0	3.0	
1993.0	1.0	2.0	1401.0	1401.0	1418.0	17.0	61.0	4.0	12.0	4.0	
1994.0	1.0	2.0	1404.0	1404.0	1421.0	17.0	96.0	5.0	15.0	3.0	
1995.0	1.0	2.0	1402.0	1402.0	1419.0	17.0	93.0	5.0	4.0	5.0	
1996.0	1.0	2.0	1404.0	1404.0	1421.0	17.0	65.0	4.0	11.0	2.0	
1997.0	0.0	2.0	1404.0	1404.0	1419.0	15.0	9.0	1.0	15.0	5.0	
1998.0	1.0	2.0	1404.0	1404.0	1421.0	17.0	57.0	3.0	14.0	3.0	
1999.0	1.0	2.0	1393.0	1393.0	1410.0	17.0	76.0	4.0	6.0	4.0	
2000.0	1.0	2.0	1401.0	1401.0	1418.0	17.0	75.0	4.0	8.0	5.0	
2001.0	1.0	2.0	1402.0	1402.0	1419.0	17.0	56.0	3.0	13.0	5.0	
2002.0	1.0	2.0	1404.0	1404.0	1421.0	17.0	73.0	4.0	13.0	3.0	
2003.0	0.0	2.0	1404.0	1404.0	1419.0	15.0	8.0	1.0	15.0	3.0	
2004.0	1.0	2.0	1402.0	1402.0	1419.0	17.0	90.0	5.0	4.0	1.0	
2005.0	1.0	2.0	1396.0	1396.0	1413.0	17.0	82.0	5.0	6.0	2.0	
2006.0	0.0	2.0	1402.0	1402.0	1417.0	15.0	17.0	1.0	11.0	4.0	
2007.0	1.0	2.0	1405.0	1405.0	1422.0	17.0	77.0	4.0	8.0	2.0	
2008.0	1.0	2.0	1374.0	1374.0	1391.0	17.0	97.0	5.0	9.0	3.0	
2009.0	1.0	2.0	1392.0	1392.0	1409.0	17.0	97.0	5.0	9.0	3.0	
2010.0	1.0	2.0	1394.0	1394.0	1411.0	17.0	63.0	4.0	15.0	1.0	
2011.0	1.0	2.0	1403.0	1403.0	1420.0	17.0	66.0	4.0	12.0	5.0	
2012.0	1.0	2.0	1403.0	1403.0	1420.0	17.0	68.0	4.0	5.0	3.0	
2013.0	1.0	2.0	1393.0	1393.0	1410.0	17.0	82.0	5.0	6.0	2.0	
2014.0	1.0	2.0	1402.0	1402.0	1419.0	17.0	100.0	5.0	14.0	1.0	
2015.0	1.0	2.0	1403.0	1403.0	1420.0	17.0	46.0	3.0	14.0	3.0	
2016.0	1.0	2.0	1391.0	1391.0	1408.0	17.0	92.0	5.0	10.0	4.0	
2017.0	0.0	2.0	1404.0	1404.0	1419.0	15.0	10.0	1.0	15.0	1.0	
2018.0	1.0	2.0	1398.0	1398.0	1415.0	17.0	80.0	4.0	3.0	1.0	
2019.0	1.0	2.0	1358.0	1358.0	1375.0	17.0	82.0	5.0	6.0	2.0	
2020.0	1.0	2.0	1401.0	1401.0	1418.0	17.0	86.0	5.0	15.0	4.0	
2021.0	1.0	2.0	1381.0	1381.0	1398.0	17.0	58.0	3.0	11.0	4.0	
2022.0	1.0	2.0	1405.0	1405.0	1422.0	17.0	89.0	5.0	14.0	2.0	
2023.0	1.0	2.0	1400.0	1400.0	1417.0	17.0	69.0	4.0	12.0	2.0	
2024.0	1.0	2.0	1400.0	1400.0	1417.0	17.0	98.0	5.0	15.0	2.0	
2025.0	1.0	2.0	1400.0	1400.0	1417.0	17.0	95.0	5.0	8.0	5.0	
2026.0	1.0	2.0	1405.0	1405.0	1422.0	17.0	35.0	2.0	10.0	5.0	
2027.0	1.0	2.0	1402.0	1402.0	1419.0	17.0	67.0	4.0	3.0	3.0	
2028.0	1.0	2.0	1402.0	1402.0	1419.0	17.0	95.0	5.0	8.0	5.0	
2029.0	1.0	2.0	1309.0	1309.0	1326.0	17.0	81.0	5.0	3.0	4.0	
2030.0	1.0	2.0	1401.0	1401.0	1418.0	17.0	83.0	5.0	5.0	1.0	
2031.0	1.0	2.0	1376.0	1376.0	1393.0	17.0	76.0	4.0	6.0	4.0	
2032.0	1.0	2.0	1404.0	1404.0	1421.0	17.0	99.0	5.0	12.0	3.0	
2033.0	1.0	2.0	1404.0	1404.0	1421.0	17.0	58.0	3.0	11.0	4.0	
2034.0	1.0	2.0	1403.0	1403.0	1420.0	17.0	80.0	4.0	3.0	1.0	
2035.0	1.0	2.0	1398.0	1398.0	1415.0	17.0	95.0	5.0	8.0	5.0	
2036.0	1.0	2.0	1355.0	1355.0	1372.0	17.0	75.0	4.0	8.0	5.0	
2037.0	1.0	2.0	1405.0	1405.0	1422.0	17.0	50.0	3.0	9.0	1.0	
2038.0	1.0	2.0	1404.0	1404.0	1421.0	17.0	61.0	4.0	12.0	4.0	
2039.0	1.0	2.0	1405.0	1405.0	1422.0	17.0	12.0	1.0	5.0	3.0	
2040.0	1.0	2.0	1405.0	1405.0	1422.0	17.0	49.0	3.0	12.0	1.0	
2041.0	1.0	2.0	1405.0	1405.0	1422.0	17.0	83.0	5.0	5.0	1.0	
2042.0	1.0	2.0	1405.0	1405.0	1422.0	17.0	71.0	4.0	11.0	3.0	
2043.0	1.0	2.0	1404.0	1404.0	1421.0	17.0	54.0	3.0	10.0	5.0	
2044.0	1.0	2.0	1404.0	1404.0	1421.0	17.0	65.0	4.0	11.0	2.0	
2045.0	1.0	2.0	1405.0	1405.0	1422.0	17.0	36.0	2.0	15.0	4.0	
2046.0	1.0	2.0	1404.0	1404.0	1421.0	17.0	60.0	3.0	3.0	3.0	
2047.0	1.0	2.0	1404.0	1404.0	1421.0	17.0	94.0	5.0	13.0	1.0	
2048.0	1.0	2.0	1371.0	1371.0	1388.0	17.0	68.0	4.0	5.0	3.0	
=====================================================================================================================================================
Map output of word std deviation map task #, VM#, VM Flavour #, PM#, Rack #, Reduce1, Reduce2, etc (how much each map task produces to different reduce tasks)
=====================================================================================================================================================
1.0	52.0	4.0	4.0	8.32	8.51	5.8	8.13	4.24	5.14	9.78	5.22	7.64	8.83	7.85	3.91	6.44	5.13	10.16	9.06	4.75	8.58	9.74	
2.0	51.0	2.0	2.0	5.86	9.2	8.77	4.4	4.48	5.33	5.72	8.81	6.75	6.08	6.14	5.48	3.59	7.36	6.92	7.91	7.43	5.65	8.74	
3.0	68.0	5.0	5.0	4.41	5.43	6.68	9.19	6.06	5.38	5.32	9.49	7.47	6.43	4.16	4.26	7.22	4.87	8.61	4.54	3.8	3.86	6.08	
4.0	57.0	14.0	14.0	5.95	3.76	9.62	7.78	6.43	7.79	8.22	9.96	6.63	3.86	10.36	8.32	5.06	7.52	8.82	6.37	7.16	4.8	5.47	
5.0	69.0	12.0	12.0	5.41	3.57	8.95	7.87	5.71	6.33	6.28	5.49	9.59	10.35	4.73	4.31	8.56	9.27	7.87	7.95	4.75	8.16	8.61	
6.0	54.0	10.0	10.0	9.25	4.81	5.28	3.67	8.03	7.62	9.36	9.21	5.12	6.34	3.5	9.52	6.63	7.26	10.25	5.0	10.22	4.08	9.55	
7.0	7.0	11.0	11.0	7.18	9.58	5.3	7.22	10.26	6.41	7.04	8.14	8.78	7.91	3.92	7.28	8.86	8.42	6.71	7.74	5.93	6.4	9.57	
8.0	72.0	11.0	11.0	4.74	6.28	3.81	8.02	8.26	4.19	9.5	4.87	7.47	9.35	8.98	3.76	10.5	8.94	3.51	8.28	3.64	3.75	9.44	
9.0	72.0	11.0	11.0	8.41	10.39	5.42	7.52	5.22	9.77	7.01	6.06	9.18	4.6	4.97	4.06	4.04	8.16	7.94	4.51	5.63	9.73	4.64	
10.0	1.0	11.0	11.0	6.77	8.43	4.73	6.31	8.2	9.97	7.88	8.39	9.55	7.66	6.66	7.34	5.56	6.24	10.28	6.9	5.03	4.04	10.27	
11.0	34.0	14.0	14.0	8.24	8.89	5.55	6.49	4.9	9.09	7.22	6.79	6.57	4.91	3.93	5.03	3.87	3.57	5.39	6.02	8.85	5.36	7.19	
12.0	53.0	12.0	12.0	8.86	9.63	10.43	7.49	5.07	8.29	7.94	4.58	6.59	5.94	8.93	7.49	6.9	7.07	5.84	7.52	5.59	6.33	4.75	
13.0	97.0	9.0	9.0	6.54	4.15	7.31	5.8	6.46	8.14	6.27	4.63	7.86	4.78	5.24	8.25	5.52	3.52	7.14	8.8	9.84	5.65	8.04	
14.0	98.0	15.0	15.0	8.83	10.22	8.57	5.08	8.38	7.15	9.05	9.13	6.58	4.87	9.93	4.75	9.91	10.11	8.83	8.0	8.17	4.64	4.880306867164165	
15.0	39.0	14.0	14.0	6.45	8.5	4.3	8.53	4.76	4.18	7.3	7.48	8.16	7.49	5.98	7.33	6.74	8.25	9.53	5.65	7.36	7.33	8.64	
16.0	40.0	11.0	11.0	7.6	5.73	9.18	5.73	8.08	10.45	9.72	8.76	6.49	4.93	3.95	6.6	8.84	4.9	6.74	8.63	6.89	7.99	8.21	
17.0	88.0	4.0	4.0	8.75	10.23	6.51	5.2	4.36	4.49	10.32	3.95	10.0	4.83	6.48	5.09	4.0	7.64	5.7	8.06	3.64	8.25	8.06	
18.0	79.0	7.0	7.0	6.11	7.94	4.39	3.52	4.5	7.5	9.95	5.81	10.12	7.47	4.42	9.23	8.99	3.82	10.3	8.18	3.92	6.08	8.04	
19.0	46.0	14.0	14.0	8.38	7.65	7.74	3.74	4.95	3.84	7.04	7.56	4.76	10.2	4.16	8.07	5.52	10.45	7.8	7.13	8.38	5.33	6.16	
20.0	3.0	6.0	6.0	9.65	5.29	8.56	3.64	7.34	5.44	4.29	6.22	4.22	10.32	5.59	9.12	4.56	9.7	3.76	5.88	6.85	10.2	7.82	
21.0	99.0	12.0	12.0	3.75	6.52	10.3	6.94	10.48	4.34	4.31	7.94	6.1	7.0	8.17	7.01	4.75	8.95	6.83	8.36	8.45	3.94	3.96	
22.0	76.0	6.0	6.0	5.69	6.05	6.58	5.24	7.76	6.54	9.84	4.43	3.61	7.71	7.95	3.77	5.81	6.89	7.41	7.52	8.54	7.73	7.71	
23.0	80.0	3.0	3.0	3.77	9.02	4.71	5.98	7.71	9.97	7.15	10.38	7.63	4.92	9.67	6.07	7.0	6.67	7.31	7.5	9.65	6.38	7.54	
24.0	54.0	10.0	10.0	7.76	10.28	9.29	9.26	5.06	10.49	4.32	4.56	8.51	9.09	3.59	6.04	9.38	7.0	8.55	8.06	7.97	8.82	1.5863282507503682	
25.0	34.0	14.0	14.0	3.93	4.92	8.35	8.95	3.65	4.38	6.53	8.93	10.45	4.15	7.08	9.11	9.7	5.22	5.99	8.59	3.66	9.61	9.84	
26.0	69.0	12.0	12.0	10.49	8.09	6.43	3.85	9.3	9.05	3.63	5.8	6.43	7.68	4.13	7.56	4.98	5.26	5.75	7.74	7.12	5.11	3.77	
27.0	50.0	9.0	9.0	7.08	6.18	9.35	4.14	8.01	5.65	5.23	6.03	10.04	6.69	4.22	5.33	10.13	4.06	9.09	7.14	7.06	5.31	5.82	
28.0	76.0	6.0	6.0	10.49	8.8	5.69	7.84	7.77	5.82	10.38	8.22	4.32	5.14	5.42	5.84	4.75	10.09	9.21	5.67	8.62	4.76	8.25	
29.0	29.0	2.0	2.0	9.46	5.9	3.86	5.19	5.66	8.17	5.12	4.39	8.02	4.69	7.71	7.48	9.44	10.36	7.61	4.67	8.31	7.87	8.93	
30.0	80.0	3.0	3.0	6.0	10.45	8.01	8.42	7.1	4.01	8.49	10.02	7.46	6.05	10.49	6.67	6.23	7.82	5.48	8.6	8.21	4.48	9.08	
31.0	89.0	14.0	14.0	5.64	6.16	5.85	4.27	7.46	6.41	6.92	3.88	6.46	8.57	5.13	8.31	10.14	4.55	4.38	4.32	5.39	5.98	9.73	
32.0	80.0	3.0	3.0	4.4	8.21	10.49	5.72	7.63	5.11	7.01	8.11	3.71	9.97	8.17	5.44	7.88	10.09	4.05	4.65	5.33	8.94	6.62	
33.0	25.0	12.0	12.0	5.84	10.49	10.16	8.01	7.63	8.17	9.14	10.03	9.02	9.41	4.21	8.62	5.14	5.41	8.53	5.91	6.43	5.95	6.336583783355828	
34.0	50.0	9.0	9.0	5.41	6.56	8.23	3.7	9.56	5.4	5.1	5.98	8.18	6.37	4.17	4.28	6.09	4.87	4.43	3.79	7.21	9.43	4.27	
35.0	77.0	8.0	8.0	3.84	10.25	5.85	8.16	6.22	6.32	6.9	6.34	10.18	4.09	8.73	7.88	8.61	3.98	8.0	6.41	6.28	9.73	8.61	
36.0	19.0	13.0	13.0	3.55	8.04	7.24	9.18	9.05	8.97	10.43	9.84	9.34	9.79	6.16	7.8	4.25	9.47	8.39	4.32	7.78	4.69	4.135985885438797	
37.0	23.0	7.0	7.0	8.45	8.24	4.58	9.9	8.57	8.06	9.9	7.3	10.14	4.98	9.7	10.48	9.23	7.63	7.04	9.4	5.1	3.6550714280827123	0.6927025810946266	
38.0	92.0	10.0	10.0	7.49	9.75	10.38	5.73	8.31	4.09	7.82	10.0	3.91	5.14	4.87	5.41	6.47	8.46	8.89	7.43	9.16	4.53	8.21	
39.0	69.0	12.0	12.0	9.37	9.88	9.12	6.53	4.81	8.31	4.64	4.6	3.61	4.23	10.45	8.31	10.12	9.53	9.59	7.6	4.81	7.46	8.51	
40.0	8.0	15.0	15.0	7.08	8.71	10.42	3.72	6.72	8.14	4.38	5.59	9.29	7.6	9.74	9.34	9.59	6.69	6.43	9.86	4.72	5.65	5.15	
41.0	21.0	9.0	9.0	4.32	9.71	7.22	5.73	5.15	6.72	4.49	5.88	6.69	7.87	4.2	7.54	4.3	10.46	6.74	9.51	10.05	10.35	7.76	
42.0	74.0	1.0	1.0	6.39	4.58	5.96	5.29	8.26	8.7	8.12	6.45	9.34	10.29	4.95	4.41	3.64	7.78	7.2	7.25	6.81	9.63	4.84	
43.0	51.0	2.0	2.0	7.49	7.86	9.43	8.55	7.31	4.98	7.14	6.48	8.35	4.55	9.06	7.87	8.06	4.48	3.57	8.16	9.61	5.3	10.14	
44.0	90.0	4.0	4.0	7.07	5.3	9.44	9.6	4.67	4.51	9.5	7.01	7.16	8.86	7.63	9.55	5.92	4.91	8.68	8.76	4.94	4.96	8.91	
45.0	60.0	3.0	3.0	3.5	8.41	7.2	9.7	9.16	4.67	10.41	5.07	7.72	3.92	6.94	10.1	4.14	6.67	3.55	9.02	4.94	6.02	8.8	
46.0	78.0	8.0	8.0	8.48	5.12	9.54	6.07	8.33	7.78	8.42	7.62	8.02	6.07	8.97	9.2	10.23	6.04	4.83	7.97	8.95	6.51	2.5289267204939687	
47.0	4.0	9.0	9.0	9.51	4.66	5.21	5.44	6.44	4.45	5.36	8.93	7.19	9.97	6.44	6.78	5.08	6.04	5.46	8.2	9.01	8.96	10.39	
48.0	82.0	6.0	6.0	3.88	9.88	7.74	8.2	7.88	3.79	10.35	4.63	5.67	7.65	4.81	6.5	9.67	9.84	6.85	8.94	9.14	5.63	4.32	
49.0	48.0	13.0	13.0	7.3	3.68	6.08	4.85	8.89	5.63	4.63	8.57	5.67	5.66	5.16	3.93	5.8	7.04	7.98	3.61	4.15	5.7	8.04	
50.0	86.0	15.0	15.0	10.23	5.56	5.34	4.43	9.21	6.93	4.99	5.01	3.76	6.75	7.81	6.28	6.07	8.4	9.36	9.2	10.25	4.43	7.66	
51.0	5.0	15.0	15.0	8.98	6.82	9.17	6.94	6.23	4.79	9.07	10.24	7.11	9.64	5.79	8.52	4.65	4.42	6.07	6.3	6.52	7.31	8.27	
52.0	60.0	3.0	3.0	6.9	6.7	3.92	9.7	5.27	4.86	3.61	6.09	7.31	6.98	4.32	8.58	4.0	6.49	7.04	5.85	5.02	3.84	10.36	
53.0	96.0	15.0	15.0	8.99	9.09	6.39	8.07	8.65	8.0	6.65	4.78	9.4	3.95	6.82	3.95	9.4	3.5	4.75	10.18	4.04	4.03	5.47	
54.0	58.0	11.0	11.0	8.12	6.24	6.37	5.58	7.31	5.53	8.56	9.55	8.25	5.17	4.66	7.81	6.93	9.48	5.02	3.78	8.12	5.82	6.45	
55.0	81.0	3.0	3.0	3.94	7.05	5.86	5.47	9.46	7.06	7.02	10.35	9.71	5.98	8.79	4.63	5.28	9.63	3.78	9.65	9.13	7.46	6.44	
56.0	2.0	14.0	14.0	8.85	6.3	4.24	8.81	6.6	5.48	5.05	7.62	6.54	10.4	3.62	9.26	6.51	8.2	5.53	8.47	7.67	9.86	7.44	
57.0	43.0	13.0	13.0	4.55	4.86	5.34	6.64	7.44	6.43	10.01	4.43	4.55	9.82	5.97	9.24	4.33	4.16	3.79	5.83	8.94	7.94	10.02	
58.0	90.0	4.0	4.0	5.4	4.0	10.39	3.74	4.68	8.62	6.03	10.33	4.68	5.67	5.68	6.05	10.46	10.32	5.91	3.81	7.5	5.22	7.89	
59.0	28.0	8.0	8.0	6.41	8.01	7.95	4.5	8.28	5.51	7.12	3.95	8.86	6.85	7.75	4.92	5.52	3.54	3.86	3.89	8.08	5.84	9.28	
60.0	47.0	15.0	15.0	7.63	4.65	4.67	5.05	4.85	6.46	10.46	4.98	5.22	9.42	3.86	8.92	7.38	10.27	5.0	8.11	9.79	7.09	5.31	
61.0	100.0	14.0	14.0	7.43	3.56	5.16	5.2	9.88	4.74	4.81	4.47	6.01	6.15	5.97	8.99	8.83	7.05	4.91	5.89	7.53	7.23	6.98	
62.0	54.0	10.0	10.0	9.68	7.05	10.47	7.05	5.08	10.17	8.7	5.55	6.44	4.8	7.86	9.5	6.04	6.29	8.58	4.0	6.7	9.29	7.37	
63.0	85.0	3.0	3.0	6.21	10.04	8.79	6.65	3.65	4.63	10.39	3.98	8.42	8.99	4.7	5.01	10.43	5.0	9.06	5.79	6.25	10.45	4.29	
64.0	77.0	8.0	8.0	9.55	4.14	8.49	7.22	7.9	4.52	7.01	4.06	8.66	3.85	6.15	8.22	4.48	7.47	5.34	5.01	7.59	9.81	8.84	
65.0	91.0	9.0	9.0	5.3	3.81	8.76	6.22	9.69	9.04	9.47	9.68	4.31	5.74	5.89	10.25	9.09	7.41	4.11	8.5	9.39	8.9	4.87	
66.0	30.0	14.0	14.0	5.26	4.96	9.29	8.72	9.79	4.94	9.12	9.5	8.76	3.54	4.59	6.82	3.82	4.04	9.17	9.88	7.91	5.18	3.97	
67.0	39.0	14.0	14.0	4.99	5.39	7.91	4.98	7.4	4.7	9.06	5.05	7.46	4.12	7.61	8.37	9.26	7.49	6.46	7.53	9.57	6.25	9.66	
68.0	76.0	6.0	6.0	4.47	6.71	10.3	6.92	8.02	10.47	9.56	6.87	9.83	6.64	8.09	7.49	7.51	4.41	7.52	3.6	5.47	8.71	4.03	
69.0	58.0	11.0	11.0	5.04	9.21	7.11	3.65	9.8	9.69	9.38	8.86	10.06	7.76	7.94	3.8	3.72	10.27	5.49	10.0	5.99	4.76	5.09	
70.0	55.0	6.0	6.0	6.86	5.27	8.6	7.11	5.94	7.53	4.06	8.06	3.93	7.34	9.04	9.63	5.26	6.41	8.88	9.13	3.53	10.02	5.39	
71.0	52.0	4.0	4.0	3.67	6.76	7.3	6.89	8.61	7.92	8.75	8.85	9.4	10.49	8.18	5.6	6.64	4.95	6.35	5.53	4.12	6.48	7.29	
72.0	69.0	12.0	12.0	7.95	6.37	9.72	7.94	3.96	7.56	10.4	7.69	7.43	7.89	9.08	5.36	5.86	9.51	7.59	8.03	6.55	6.64	4.49	
73.0	29.0	2.0	2.0	5.71	7.49	6.73	9.05	6.05	3.85	10.44	8.74	7.68	6.85	7.21	9.34	5.15	8.02	7.49	7.27	10.45	5.49	5.01	
74.0	49.0	12.0	12.0	9.31	7.86	8.3	6.93	8.35	8.72	9.8	5.79	8.68	10.14	4.68	3.97	9.71	4.04	5.06	5.04	4.24	8.97	9.52	
75.0	59.0	9.0	9.0	7.31	4.28	8.32	9.66	9.99	6.3	6.71	9.37	8.47	8.26	5.92	4.07	3.88	5.44	6.95	3.79	4.45	6.16	10.14	
76.0	44.0	3.0	3.0	10.41	8.45	4.72	9.36	10.04	6.9	8.76	6.44	8.39	5.92	10.47	6.1	4.25	4.2	5.13	3.94	6.72	8.57	5.7	
77.0	73.0	13.0	13.0	10.0	7.16	6.7	5.54	9.02	5.71	6.53	8.38	8.13	5.09	5.8	6.49	8.42	5.21	5.66	3.94	4.9	3.8	4.75	
78.0	33.0	14.0	14.0	6.54	7.1	10.26	4.16	7.5	5.08	8.39	4.4	5.16	3.86	6.8	5.08	7.4	6.11	5.11	5.53	8.26	7.01	9.34	
79.0	44.0	3.0	3.0	8.87	3.81	5.78	5.8	7.26	7.35	9.76	6.97	8.76	6.21	8.36	5.2	7.49	4.17	3.75	6.39	8.11	9.92	9.24	
80.0	72.0	11.0	11.0	5.35	10.24	10.17	6.98	6.45	9.72	10.26	8.0	3.8	5.18	10.39	4.93	5.25	6.31	8.03	9.8	6.56	9.24	3.89	
81.0	44.0	3.0	3.0	4.23	8.18	3.51	9.28	6.56	4.41	7.24	5.34	8.16	5.34	9.43	3.6	7.15	8.1	10.41	6.63	6.23	3.55	4.66	
82.0	5.0	15.0	15.0	9.8	7.33	7.11	8.07	8.17	9.45	5.39	7.8	4.42	10.15	5.71	9.39	5.17	4.42	4.53	7.19	4.17	5.22	5.7	
83.0	36.0	15.0	15.0	7.07	4.4	5.1	5.52	3.55	5.97	5.12	5.43	9.51	10.01	5.07	6.82	6.81	7.87	9.74	6.75	9.81	9.14	8.39	
84.0	90.0	4.0	4.0	5.45	6.71	7.8	5.17	5.36	3.68	4.53	5.26	4.16	5.5	7.18	4.32	7.42	6.09	3.79	6.56	4.31	4.32	3.68	
85.0	77.0	8.0	8.0	7.44	7.98	5.44	7.97	4.13	3.54	10.04	5.11	3.71	5.64	9.72	5.35	9.78	6.41	7.7	5.22	9.74	8.91	3.77	
86.0	42.0	4.0	4.0	7.46	9.52	9.64	3.5	8.12	4.62	3.85	7.5	6.64	9.77	4.24	10.35	6.19	8.53	8.06	6.84	6.55	6.05	4.8	
87.0	44.0	3.0	3.0	3.73	6.95	8.87	6.37	10.34	6.15	5.82	5.36	6.68	9.13	7.88	8.04	5.08	6.05	3.59	8.35	5.04	9.76	5.67	
88.0	41.0	15.0	15.0	10.08	8.43	7.1	5.73	7.28	4.39	4.42	10.21	5.16	5.36	9.69	3.71	5.76	6.57	3.9	10.26	7.01	7.93	7.56	
89.0	20.0	4.0	4.0	6.66	5.58	4.12	7.48	8.85	7.97	4.28	8.75	7.76	9.93	8.63	6.44	5.22	5.85	10.04	9.88	8.18	6.8	10.43	
90.0	32.0	14.0	14.0	7.54	8.96	6.23	7.29	6.57	6.77	6.01	4.11	5.83	6.79	6.54	6.75	5.97	8.26	4.26	4.05	8.6	8.95	7.54	
91.0	63.0	15.0	15.0	7.45	6.58	4.47	6.4	8.1	5.38	10.43	4.64	10.24	7.48	6.9	3.86	7.45	6.45	8.22	4.8	8.08	6.18	4.53	
92.0	28.0	8.0	8.0	9.99	10.16	7.63	6.15	7.68	6.69	8.54	7.17	9.2	9.04	9.58	4.52	4.49	8.54	4.08	5.21	9.43	8.59	5.98	
93.0	95.0	8.0	8.0	9.05	8.53	5.73	3.51	7.88	9.61	4.97	5.48	5.71	7.25	6.59	7.93	5.72	5.1	8.13	6.31	5.54	6.78	8.48	
94.0	80.0	3.0	3.0	8.46	4.92	6.69	5.53	7.36	6.14	7.81	6.17	7.33	6.1	4.39	9.38	5.41	5.98	5.45	10.41	3.99	8.22	7.35	
95.0	72.0	11.0	11.0	4.61	8.11	6.39	4.28	6.41	5.03	9.95	6.8	7.66	9.04	10.22	6.18	6.92	7.53	5.95	4.77	8.13	8.63	9.28	
96.0	50.0	9.0	9.0	10.22	8.77	3.96	10.33	7.99	10.1	4.37	4.59	10.36	4.23	5.94	9.67	10.46	6.49	3.66	10.29	9.59	9.55	2.917580811593293	
97.0	80.0	3.0	3.0	4.13	6.96	5.11	4.39	8.56	5.92	5.6	9.07	3.91	4.5	8.02	10.23	10.45	5.62	9.5	4.49	10.05	4.28	9.8	
98.0	61.0	12.0	12.0	4.05	4.46	10.24	8.46	6.36	8.56	8.89	5.4	7.03	7.46	4.62	8.21	3.79	10.32	7.68	6.14	3.84	3.77	5.88	
99.0	43.0	13.0	13.0	5.45	9.73	3.84	5.55	8.83	4.15	10.3	8.35	4.72	4.91	10.46	8.55	8.74	9.65	5.67	6.55	3.67	7.49	8.93	
100.0	41.0	15.0	15.0	8.97	8.41	7.67	3.98	5.55	6.81	6.93	6.46	9.99	6.02	9.97	3.58	6.56	8.53	7.43	9.34	9.59	6.63	10.46	
101.0	100.0	14.0	14.0	4.61	10.31	8.75	4.3	10.18	6.73	9.82	8.76	4.98	9.46	9.43	7.91	7.63	10.36	3.64	4.48	4.3	7.99	9.5	
102.0	82.0	6.0	6.0	5.85	5.72	9.66	5.18	8.93	3.55	10.32	3.84	10.39	8.52	9.64	5.27	7.11	7.69	6.5	8.43	6.68	7.12	6.01	
103.0	86.0	15.0	15.0	8.91	9.17	10.48	7.23	6.69	6.19	4.12	6.14	5.72	5.66	5.92	10.06	7.84	9.38	3.79	9.84	4.51	6.76	8.03	
104.0	8.0	15.0	15.0	10.04	6.82	7.72	6.25	3.6	8.46	7.43	8.02	8.01	10.22	8.5	8.24	10.15	9.89	9.32	10.03	4.55	3.59	1.441630725825391	
105.0	91.0	9.0	9.0	9.35	9.8	6.92	4.77	9.28	7.17	9.3	5.13	7.81	6.77	6.14	6.6	10.01	9.23	7.75	4.73	8.79	9.16	4.941351279402008	
106.0	47.0	15.0	15.0	5.62	5.73	3.96	7.3	4.15	8.88	4.07	6.57	9.4	10.23	8.26	8.22	8.12	5.05	10.05	9.67	10.04	10.35	10.45	
107.0	97.0	9.0	9.0	7.44	8.28	5.81	10.01	5.66	8.79	8.82	6.66	7.22	10.18	3.72	4.93	8.55	4.23	4.76	7.64	6.63	5.17	9.13	
108.0	48.0	13.0	13.0	7.05	5.6	7.78	4.43	10.0	9.75	5.91	8.11	10.4	5.75	9.24	6.57	8.17	4.3	4.08	6.67	7.22	3.92	10.22	
109.0	39.0	14.0	14.0	6.69	7.8	6.1	4.06	8.44	6.36	6.97	10.06	8.12	5.93	6.55	9.3	9.4	3.55	4.0	4.01	6.84	6.92	5.4	
110.0	41.0	15.0	15.0	7.25	6.81	7.24	4.04	9.59	6.55	8.04	6.97	6.48	3.89	7.75	6.14	9.42	8.62	3.61	7.46	8.35	9.91	9.68	
111.0	37.0	5.0	5.0	5.4	3.62	7.1	10.01	7.93	8.26	3.8	9.62	7.48	9.88	4.13	4.75	6.85	7.35	3.83	9.17	7.27	3.71	7.4	
112.0	38.0	5.0	5.0	6.12	7.97	6.73	4.67	4.07	3.55	10.21	7.45	3.83	7.19	8.65	5.01	5.58	4.06	5.76	9.19	4.9	4.5	6.47	
113.0	95.0	8.0	8.0	9.67	9.95	6.53	9.96	6.94	9.55	7.78	7.95	9.48	7.03	4.82	5.96	6.23	7.66	8.16	4.68	4.49	7.23	4.03	
114.0	18.0	2.0	2.0	4.94	9.54	7.5	5.86	9.81	4.3	7.24	10.37	5.23	4.58	8.12	8.67	7.17	6.38	9.15	9.89	7.64	8.5	6.1	
115.0	43.0	13.0	13.0	4.59	9.37	8.48	10.27	9.42	9.07	8.38	3.5	4.67	10.42	4.01	3.53	9.11	4.74	5.05	7.41	9.3	7.88	7.91	
116.0	27.0	13.0	13.0	8.26	9.51	9.55	8.69	8.64	4.36	8.26	5.66	6.28	7.94	3.73	9.08	4.9	9.15	3.84	3.71	7.88	6.8	4.0	
117.0	87.0	5.0	5.0	8.62	7.3	5.11	8.99	4.71	5.82	7.72	3.79	4.83	5.56	5.89	10.47	8.4	4.05	3.94	6.32	4.35	6.1	6.56	
118.0	43.0	13.0	13.0	8.61	4.6	5.96	10.26	4.4	3.79	4.43	10.25	7.75	6.63	5.91	8.42	9.74	4.41	6.27	3.9	6.18	6.83	5.27	
119.0	64.0	4.0	4.0	5.29	8.06	6.64	8.72	3.59	5.64	8.86	8.61	6.37	5.56	6.39	9.39	9.65	6.66	6.09	4.26	5.72	6.04	10.34	
120.0	33.0	14.0	14.0	4.9	9.31	9.44	9.28	7.41	9.49	7.8	8.55	9.1	8.57	6.38	7.14	8.33	7.71	7.14	7.14	10.23	9.22	10.37557233234604	
121.0	37.0	5.0	5.0	9.71	6.26	8.12	4.83	4.98	6.34	8.13	4.85	5.99	8.61	5.36	5.42	6.21	9.14	7.03	4.65	7.9	4.77	4.55	
122.0	82.0	6.0	6.0	8.57	7.25	4.63	5.24	6.44	9.36	5.69	10.32	4.22	9.47	10.21	10.21	7.36	4.53	9.14	4.61	6.12	4.48	4.39	
123.0	87.0	5.0	5.0	9.38	9.3	4.8	4.13	5.67	5.09	3.76	9.33	7.77	8.57	7.11	8.86	9.75	7.59	7.85	7.99	6.26	3.99	7.8	
124.0	65.0	11.0	11.0	6.73	8.56	5.21	8.88	7.03	6.7	4.3	8.84	6.73	7.13	9.03	6.39	10.31	5.86	3.99	4.47	9.21	9.33	4.33	
125.0	52.0	4.0	4.0	8.01	9.94	10.27	8.73	6.64	5.73	4.01	5.31	5.23	6.58	4.87	4.1	9.82	10.12	7.27	4.74	9.1	5.82	3.56	
126.0	72.0	11.0	11.0	3.6	5.32	6.93	5.23	10.47	8.93	3.78	4.56	4.84	7.83	6.61	6.74	8.67	6.92	5.86	7.25	6.81	3.92	9.37	
127.0	70.0	11.0	11.0	9.03	6.71	8.91	9.61	5.82	4.97	8.56	6.73	9.71	6.14	6.84	5.41	6.43	5.54	10.18	9.61	8.05	7.29	9.06	
128.0	78.0	8.0	8.0	6.35	9.2	9.41	6.46	4.68	6.58	9.16	3.69	8.58	3.52	10.45	5.33	4.44	8.75	4.47	8.7	4.65	7.3	10.38	
129.0	78.0	8.0	8.0	9.11	6.81	8.35	6.31	6.11	4.66	8.4	6.22	8.35	6.27	4.75	4.9	5.59	10.02	9.81	7.5	5.1	4.08	7.04	
130.0	37.0	5.0	5.0	4.74	9.11	9.41	9.54	10.39	9.3	3.78	3.87	9.61	3.86	5.6	10.4	7.2	7.54	4.62	4.43	4.72	5.78	7.74	
131.0	75.0	8.0	8.0	4.37	6.99	9.41	7.62	7.13	4.91	9.36	7.85	9.21	10.19	6.99	6.26	10.01	8.84	10.42	7.24	10.47	4.33	8.763598935647849	
132.0	45.0	5.0	5.0	8.88	8.66	5.66	8.73	5.73	5.74	6.57	7.76	6.75	4.34	5.97	8.35	10.38	5.81	10.22	8.17	4.53	5.8	6.78	
133.0	73.0	13.0	13.0	5.8	10.26	8.77	5.52	3.98	7.87	5.47	9.0	8.19	4.74	5.63	6.68	9.52	4.99	3.9	10.07	10.2	8.39	7.03	
134.0	44.0	3.0	3.0	4.53	6.43	7.27	8.6	9.56	8.19	9.33	5.27	6.66	8.55	9.08	8.22	8.75	9.03	5.52	7.51	8.6	5.27	7.1	
135.0	42.0	4.0	4.0	6.4	5.55	8.83	5.4	9.24	8.07	7.38	7.21	10.04	10.0	7.93	9.66	8.85	10.4	4.73	5.24	4.78	5.62	8.99	
136.0	84.0	12.0	12.0	6.6	5.79	6.21	6.32	6.36	4.04	9.45	4.7	8.25	8.66	5.56	4.12	9.19	5.29	5.27	5.38	9.6	4.62	9.83	
137.0	26.0	1.0	1.0	4.93	4.17	10.25	8.3	8.53	5.63	5.93	5.71	6.14	5.33	8.79	7.24	5.56	6.35	9.47	5.65	10.22	5.11	9.96	
138.0	92.0	10.0	10.0	6.9	5.94	6.16	10.2	4.91	7.5	6.67	6.99	8.48	7.61	8.72	6.92	6.36	6.51	4.6	6.79	7.53	4.54	5.63	
139.0	55.0	6.0	6.0	5.21	3.73	10.28	8.93	9.36	9.65	7.6	3.88	6.64	4.98	5.44	7.73	10.43	9.22	9.82	7.52	10.04	5.46	8.46	
140.0	54.0	10.0	10.0	4.76	5.67	7.98	6.71	4.63	3.52	7.01	4.57	6.1	6.11	3.89	5.91	6.2	6.04	7.17	3.84	7.0	9.92	3.5	
141.0	99.0	12.0	12.0	9.27	6.04	4.91	6.48	9.02	4.84	4.73	7.12	6.52	8.85	10.1	4.36	4.44	8.74	6.3	8.76	4.03	10.2	10.08	
142.0	82.0	6.0	6.0	4.32	8.51	9.2	6.24	4.58	4.78	3.64	5.4	7.43	7.98	7.84	9.07	3.67	6.16	6.9	3.91	4.22	4.17	7.18	
143.0	29.0	2.0	2.0	5.27	7.14	5.02	4.69	4.3	8.27	8.12	9.55	5.13	9.53	3.86	7.37	8.67	9.53	4.8	9.56	6.46	6.29	7.95	
144.0	69.0	12.0	12.0	6.64	6.86	7.51	9.92	5.29	8.06	8.06	6.83	4.35	10.17	4.39	6.19	7.2	3.66	8.03	5.91	8.36	10.35	4.89	
145.0	23.0	7.0	7.0	9.34	4.29	8.64	5.0	4.36	5.1	3.55	6.15	10.19	4.26	4.47	5.45	6.17	4.7	9.43	5.49	6.37	8.89	7.11	
146.0	73.0	13.0	13.0	5.54	9.44	8.56	5.29	9.96	9.01	6.14	8.79	6.89	9.54	5.37	8.88	7.36	6.74	8.2	7.95	9.82	6.07	10.406475280645248	
147.0	6.0	7.0	7.0	9.19	5.58	8.53	9.76	8.3	7.91	6.35	5.22	10.1	10.25	9.22	6.48	9.1	3.6	10.0	4.77	4.08	6.07	6.97	
148.0	53.0	12.0	12.0	5.47	5.44	10.13	3.51	7.49	6.56	8.87	7.42	8.02	7.7	4.54	6.47	8.41	9.19	4.77	4.13	7.33	5.14	6.59	
149.0	84.0	12.0	12.0	10.36	8.03	6.73	10.12	10.05	7.63	9.14	5.19	9.21	9.5	10.04	6.52	4.02	5.38	4.26	10.21	5.71	9.49	8.163158781690285	
150.0	40.0	11.0	11.0	8.21	5.21	9.94	5.98	10.37	5.12	5.71	6.28	9.93	6.95	3.51	8.93	8.29	6.32	6.73	3.94	5.61	3.69	6.75	
151.0	23.0	7.0	7.0	4.62	6.68	5.78	9.42	3.74	7.55	8.15	3.64	6.81	9.31	5.73	6.74	6.29	8.26	7.23	8.28	9.01	5.0	6.08	
152.0	93.0	4.0	4.0	4.98	10.2	6.19	8.11	4.57	7.71	8.11	5.2	7.37	6.48	6.18	9.71	8.33	9.38	3.86	8.64	8.59	6.76	8.92	
153.0	96.0	15.0	15.0	7.67	5.5	7.33	8.76	6.8	6.33	9.97	8.49	7.16	8.31	7.34	5.56	5.8	7.6	8.68	6.67	4.54	5.95	4.04	
154.0	98.0	15.0	15.0	4.25	5.95	6.56	9.88	4.82	9.61	4.05	8.39	8.74	5.47	9.05	5.15	10.11	4.42	10.24	5.43	4.06	4.89	4.31	
155.0	81.0	3.0	3.0	6.69	7.73	9.53	4.27	7.51	9.15	10.22	3.79	8.15	8.05	4.14	3.53	8.04	9.64	5.18	9.15	4.17	8.96	7.52	
156.0	32.0	14.0	14.0	8.21	5.11	8.6	5.99	4.6	5.44	9.48	5.48	8.35	8.3	7.09	5.3	9.69	5.99	6.96	10.15	5.62	6.19	7.73	
157.0	58.0	11.0	11.0	8.35	5.46	7.36	5.99	4.58	5.69	8.49	10.01	7.45	8.45	9.47	4.44	4.0	9.46	5.57	5.32	4.5	6.97	5.11	
158.0	74.0	1.0	1.0	4.91	4.36	7.73	9.75	4.5	4.75	4.04	8.8	8.42	5.41	6.02	5.45	5.65	8.1	4.52	7.93	6.16	8.1	4.34	
159.0	74.0	1.0	1.0	7.53	5.51	9.13	6.63	5.49	6.74	7.11	5.96	7.06	6.19	10.43	5.24	8.73	6.26	10.35	6.12	9.76	6.32	6.74	
160.0	69.0	12.0	12.0	7.27	6.11	7.32	7.47	4.6	7.46	4.14	9.02	8.96	3.56	3.98	6.33	4.16	8.05	4.96	7.34	4.86	4.54	9.68	
161.0	81.0	3.0	3.0	4.22	10.05	9.59	8.73	8.45	5.99	5.19	6.61	5.46	3.77	5.07	6.47	8.57	7.94	6.01	9.04	7.03	7.71	9.52	
162.0	75.0	8.0	8.0	5.77	8.17	4.33	8.52	8.35	3.91	5.91	8.88	4.65	3.54	8.67	5.87	9.16	4.29	9.24	6.99	9.96	3.51	9.39	
163.0	25.0	12.0	12.0	4.95	8.51	8.49	5.16	5.53	8.73	3.8	5.18	6.09	7.63	3.62	10.1	4.16	3.63	8.33	8.12	4.74	8.48	4.8	
164.0	46.0	14.0	14.0	6.68	3.99	7.73	10.14	10.46	7.94	8.2	8.97	8.19	7.09	7.12	6.15	6.23	3.81	4.81	6.49	4.79	8.26	3.78	
165.0	57.0	14.0	14.0	7.53	4.85	9.39	6.37	6.6	8.26	6.84	3.82	10.33	9.91	8.46	10.38	6.71	8.96	9.23	8.37	7.31	3.65	7.1	
166.0	76.0	6.0	6.0	4.59	8.91	9.65	4.73	5.53	5.28	4.85	6.82	8.79	8.98	6.25	4.54	6.12	9.26	10.13	8.46	7.52	6.53	10.26	
167.0	65.0	11.0	11.0	5.11	9.07	4.91	3.52	8.27	5.28	7.47	6.71	6.84	5.21	3.68	10.33	10.1	6.88	3.51	5.26	8.56	5.06	6.3	
168.0	80.0	3.0	3.0	8.45	5.91	10.05	5.58	9.66	9.75	6.35	6.4	4.17	9.3	5.03	7.04	5.37	5.99	5.29	8.89	9.63	3.74	4.09	
169.0	85.0	3.0	3.0	5.34	4.7	10.27	9.6	4.93	8.1	7.96	8.74	4.87	6.67	5.91	7.44	6.87	7.79	6.34	5.24	5.24	9.76	8.84	
170.0	86.0	15.0	15.0	5.56	5.31	4.11	5.4	9.12	7.58	7.57	6.3	9.72	7.55	5.0	3.86	8.3	7.43	6.88	8.49	5.71	9.08	4.61	
171.0	42.0	4.0	4.0	5.14	9.77	10.31	7.67	4.89	8.95	4.4	9.2	10.32	8.1	6.76	9.82	10.47	6.42	6.37	5.68	8.21	5.13	9.96	
172.0	74.0	1.0	1.0	8.84	5.11	9.85	9.46	4.91	7.17	7.47	4.42	4.19	6.85	8.24	5.47	6.06	9.46	10.47	3.56	9.77	5.36	5.65	
173.0	96.0	15.0	15.0	4.31	10.09	10.34	10.18	6.93	9.97	7.96	7.49	4.15	10.2	3.62	9.25	10.37	6.15	3.71	5.73	7.07	4.25	10.46	
174.0	69.0	12.0	12.0	6.51	4.34	3.93	6.06	6.7	4.53	6.87	6.97	4.87	7.44	9.52	5.52	3.69	4.26	8.5	9.24	8.23	8.39	6.27	
175.0	47.0	15.0	15.0	5.35	6.28	5.08	10.17	5.15	5.82	9.38	4.97	10.2	4.78	5.16	9.74	4.8	10.21	5.23	4.74	9.74	9.39	5.59	
176.0	86.0	15.0	15.0	4.78	6.27	8.19	3.74	6.1	8.07	5.26	9.94	4.74	4.95	4.21	6.31	7.29	6.12	6.7	9.94	7.91	8.85	6.95	
177.0	61.0	12.0	12.0	6.61	6.43	9.82	6.76	5.42	7.4	9.81	6.27	9.12	4.95	9.64	5.66	8.51	4.75	10.12	8.0	5.12	5.9	8.08	
178.0	41.0	15.0	15.0	7.46	5.2	8.14	7.11	3.78	7.11	10.2	4.14	3.6	8.14	5.0	9.67	4.89	8.44	4.07	6.56	4.7	8.05	10.18	
179.0	93.0	4.0	4.0	9.17	5.36	9.9	4.47	7.1	6.24	10.34	5.29	9.75	5.09	7.19	8.78	8.61	7.24	4.81	6.15	4.3	4.82	9.49	
180.0	96.0	15.0	15.0	3.83	8.3	7.12	6.59	7.47	7.4	3.87	7.4	10.2	9.97	4.04	10.2	8.3	3.88	7.77	9.1	4.38	5.68	5.35	
181.0	49.0	12.0	12.0	7.07	9.71	4.33	8.14	6.02	7.37	3.84	5.0	8.96	10.45	7.47	5.84	4.95	10.35	5.78	9.19	9.0	7.84	4.94	
182.0	40.0	11.0	11.0	6.87	10.09	7.03	4.59	8.36	10.07	4.09	9.88	3.77	9.11	5.46	9.08	4.79	10.28	4.97	9.26	8.31	9.82	6.58	
183.0	16.0	14.0	14.0	8.01	7.66	9.61	6.18	8.14	6.4	10.18	4.94	6.11	6.04	7.04	7.56	9.33	9.3	10.37	6.95	9.22	3.7	5.78	
184.0	46.0	14.0	14.0	6.07	4.07	6.7	9.34	7.05	6.11	9.57	9.38	3.85	5.11	7.33	6.6	8.84	9.86	7.26	5.29	8.54	6.94	7.14	
185.0	30.0	14.0	14.0	7.54	9.08	6.37	4.65	4.17	10.44	8.52	5.44	8.58	9.45	9.86	7.8	8.66	8.72	7.46	7.53	6.87	7.42	9.522570251266322	
186.0	96.0	15.0	15.0	10.24	8.23	6.6	7.08	8.39	6.64	8.91	6.81	6.87	6.75	6.39	9.59	8.88	6.12	7.32	4.12	3.6	6.37	8.51	
187.0	57.0	14.0	14.0	10.44	6.19	9.21	9.12	4.42	10.41	9.44	6.63	4.33	6.76	10.14	5.38	9.27	9.61	9.5	5.89	8.67	6.43	1.4514756778363487	
188.0	61.0	12.0	12.0	5.03	9.19	7.78	4.81	4.19	9.84	9.83	6.27	9.17	8.64	3.84	4.91	3.91	10.36	7.59	10.18	7.17	4.51	8.65	
189.0	58.0	11.0	11.0	4.45	7.65	4.36	5.94	9.31	6.2	9.63	3.72	8.52	8.73	7.74	9.72	5.59	6.89	6.89	3.72	9.06	7.36	10.38	
190.0	23.0	7.0	7.0	5.32	5.25	8.88	5.09	5.43	8.47	4.25	9.62	6.64	6.14	6.96	6.06	8.57	9.57	10.33	9.37	5.93	6.4	9.7	
191.0	42.0	4.0	4.0	9.97	6.73	5.35	8.74	10.27	4.49	4.93	4.79	9.57	9.18	4.28	8.1	8.92	7.44	4.49	7.78	9.41	3.51	5.06	
192.0	72.0	11.0	11.0	9.0	7.03	3.82	5.19	6.81	5.04	8.51	5.13	6.97	7.55	3.61	5.57	4.45	9.82	9.51	9.6	10.32	6.72	5.86	
193.0	97.0	9.0	9.0	3.63	9.8	9.28	3.84	9.5	8.38	9.02	6.83	7.11	10.34	7.45	6.9	7.85	4.32	10.28	9.73	10.08	7.68	9.137298736938972	
194.0	80.0	3.0	3.0	10.49	5.5	7.9	5.73	6.73	8.39	7.18	9.62	6.85	4.93	6.6	4.16	10.45	4.49	7.14	5.76	9.84	4.72	10.11	
195.0	21.0	9.0	9.0	8.87	6.15	6.34	9.97	8.4	7.69	6.14	4.62	10.07	6.52	3.53	8.45	10.14	5.79	5.01	4.91	9.15	9.3	7.54	
196.0	74.0	1.0	1.0	5.15	8.09	4.94	6.08	4.79	9.88	5.08	6.35	10.12	10.34	5.37	3.86	10.03	5.51	5.09	7.34	6.93	5.65	9.17	
197.0	52.0	4.0	4.0	6.66	10.32	5.93	7.22	8.61	8.83	8.93	7.85	4.48	9.13	4.4	9.85	4.69	5.28	5.61	6.65	4.52	8.5	8.71	
198.0	90.0	4.0	4.0	8.72	7.18	5.56	6.59	8.67	9.25	3.63	5.03	10.48	10.04	9.61	7.43	7.24	9.36	8.16	3.98	6.2	9.45	7.46	
199.0	93.0	4.0	4.0	7.33	8.69	3.96	8.65	3.74	6.18	10.4	8.57	7.76	9.53	6.4	6.82	5.37	4.67	4.18	3.79	10.42	4.93	4.69	
200.0	43.0	13.0	13.0	7.42	8.76	3.56	8.72	4.4	6.78	3.85	5.7	4.4	7.38	7.35	4.9	10.24	10.01	9.37	5.32	8.12	8.1	4.4	
201.0	99.0	12.0	12.0	7.61	3.86	9.42	9.92	4.89	7.97	8.44	9.14	7.14	8.65	7.91	5.55	4.55	3.93	4.54	6.05	8.72	6.1	8.46	
202.0	82.0	6.0	6.0	6.42	6.64	10.4	6.45	8.64	8.03	5.08	8.27	8.01	6.76	4.53	7.91	6.62	5.02	3.79	5.8	8.82	7.78	4.88	
203.0	87.0	5.0	5.0	10.47	5.64	4.11	6.76	8.93	4.91	6.77	8.38	6.95	5.27	9.93	7.98	7.43	4.2	3.74	7.07	8.67	4.71	5.32	
204.0	89.0	14.0	14.0	7.86	7.22	9.31	5.01	10.02	3.89	4.9	5.82	3.89	8.93	7.13	8.04	7.02	5.42	8.8	6.9	3.92	5.73	3.55	
205.0	91.0	9.0	9.0	4.64	7.3	6.59	9.14	9.91	7.92	6.11	10.06	4.08	8.41	8.86	3.69	4.39	7.59	7.42	3.66	3.92	9.29	4.07	
206.0	94.0	13.0	13.0	7.88	5.4	10.39	4.39	8.5	7.33	6.5	9.6	7.96	9.96	5.99	9.7	4.94	9.69	6.98	8.75	8.34	5.9	6.127473118257257	
207.0	21.0	9.0	9.0	3.8	4.25	5.35	8.38	8.9	10.07	5.84	3.97	7.28	8.4	10.49	5.6	10.07	9.38	4.56	5.66	8.24	4.19	3.97	
208.0	82.0	6.0	6.0	9.34	9.35	9.83	9.53	4.22	6.71	8.55	5.91	3.93	9.69	7.33	8.53	3.6	7.76	9.77	6.86	6.6	5.84	8.34	
209.0	36.0	15.0	15.0	3.69	7.74	6.58	8.86	9.77	7.26	8.23	7.15	5.84	6.85	4.33	9.11	9.24	6.22	7.23	9.73	4.15	6.03	9.68	
210.0	87.0	5.0	5.0	3.57	8.63	4.23	9.51	9.45	7.14	3.62	10.25	5.13	8.47	3.57	8.73	6.9	7.41	6.54	8.65	9.88	7.34	9.12	
211.0	46.0	14.0	14.0	10.49	7.91	4.6	6.14	3.75	4.28	10.42	8.66	3.72	4.49	4.78	6.91	10.47	8.47	3.51	4.39	7.07	7.33	4.34	
212.0	58.0	11.0	11.0	8.7	9.35	5.02	5.89	7.08	8.48	7.96	5.81	8.57	3.56	3.84	3.53	4.96	5.37	9.97	6.65	8.0	8.64	9.08	
213.0	2.0	14.0	14.0	4.58	9.52	5.09	9.64	8.49	6.73	10.06	5.64	5.1	9.63	9.32	8.94	9.31	5.1	9.62	3.68	7.99	6.34	10.49	
214.0	55.0	6.0	6.0	6.26	8.98	5.51	10.11	5.18	8.94	7.44	6.26	8.23	4.15	8.74	9.96	8.57	8.33	9.96	7.16	9.39	7.5	4.601020336337006	
215.0	81.0	3.0	3.0	5.8	5.18	6.27	3.52	4.91	10.12	5.52	5.46	5.04	4.51	9.25	9.44	5.34	5.29	8.53	9.39	4.15	3.75	4.23	
216.0	85.0	3.0	3.0	3.85	3.92	6.73	4.35	7.97	4.93	4.99	9.04	7.09	4.12	10.48	6.96	5.1	8.97	6.5	5.6	5.26	8.46	5.41	
217.0	88.0	4.0	4.0	5.53	10.36	5.0	6.06	8.17	3.75	10.29	9.21	7.87	4.79	6.47	8.35	9.87	7.45	6.57	7.6	5.66	3.54	9.49	
218.0	13.0	3.0	3.0	4.57	6.3	9.6	10.3	5.75	7.06	8.69	4.89	9.03	5.66	9.16	10.48	9.58	7.19	9.24	5.99	5.62	7.01	5.08	
219.0	75.0	8.0	8.0	9.41	6.03	10.32	8.68	3.77	9.72	9.98	3.6	3.94	6.99	10.36	3.55	7.06	8.19	10.26	9.21	8.12	10.1	0.5924798112629875	
220.0	96.0	15.0	15.0	3.81	8.9	4.54	8.99	5.45	9.18	7.27	6.82	7.86	7.62	5.19	9.42	5.77	5.7	9.66	8.58	8.7	7.7	8.52	
221.0	68.0	5.0	5.0	9.88	9.94	7.94	7.6	9.47	10.07	10.09	7.14	9.03	7.63	8.66	8.84	6.45	4.07	9.8	6.59	3.58	9.85	8.640886338160362	
222.0	82.0	6.0	6.0	4.7	7.08	5.3	10.13	6.22	5.3	5.96	8.37	5.87	7.3	9.79	4.01	4.9	9.35	4.58	7.97	6.54	7.16	4.54	
223.0	85.0	3.0	3.0	4.28	8.61	4.54	3.8	6.8	4.51	6.12	5.54	7.04	6.73	8.06	3.63	5.22	3.93	4.24	9.83	6.87	4.96	5.19	
224.0	89.0	14.0	14.0	8.07	9.6	7.71	4.78	9.58	8.2	5.3	7.19	5.73	6.19	7.85	3.87	8.42	4.93	7.05	5.09	9.95	9.11	8.15	
225.0	92.0	10.0	10.0	7.98	3.59	7.65	5.06	9.06	7.35	6.21	4.8	5.72	8.32	8.31	9.45	8.63	9.22	8.92	9.81	10.22	7.69	5.39	
226.0	74.0	1.0	1.0	7.16	10.01	4.86	4.94	8.08	7.48	10.16	4.48	5.82	10.29	7.49	3.84	5.46	8.77	7.62	4.27	8.66	9.56	5.89	
227.0	75.0	8.0	8.0	4.74	7.29	4.72	10.09	4.57	8.89	4.39	6.24	6.56	10.18	5.07	4.61	4.41	4.2	8.88	9.31	4.96	5.87	5.9	
228.0	81.0	3.0	3.0	8.15	6.38	8.26	6.29	3.82	6.67	9.64	6.16	5.11	7.35	8.51	7.88	3.79	4.9	5.51	7.28	5.1	9.85	6.8	
229.0	36.0	15.0	15.0	3.59	4.08	10.37	5.29	7.68	8.06	3.58	6.77	4.96	3.75	8.7	5.71	9.12	6.02	9.12	6.98	8.97	10.01	8.24	
230.0	86.0	15.0	15.0	5.26	7.15	7.47	7.08	4.9	10.46	5.09	10.27	6.66	7.71	10.17	4.35	4.05	4.91	7.99	8.55	4.88	9.71	10.11	
231.0	70.0	11.0	11.0	4.21	10.17	6.49	7.61	6.08	7.37	4.59	7.8	7.47	6.89	10.5	7.67	4.44	3.92	7.64	5.73	8.88	6.26	10.43	
232.0	60.0	3.0	3.0	9.45	9.69	8.42	3.74	5.9	10.01	8.19	5.27	4.25	6.82	5.83	4.84	7.47	5.98	3.83	3.52	8.87	7.32	9.67	
233.0	97.0	9.0	9.0	7.44	6.41	6.69	4.08	5.3	7.76	6.78	3.81	8.39	9.82	8.36	6.81	5.37	4.43	3.95	4.43	8.45	9.57	10.11	
234.0	100.0	14.0	14.0	7.11	4.29	9.25	4.64	10.4	8.97	3.72	9.65	10.43	8.24	6.36	8.28	7.78	5.58	4.23	10.35	7.98	8.67	7.2	
235.0	26.0	1.0	1.0	10.38	7.04	8.62	3.82	7.76	4.21	8.91	9.9	8.96	4.7	4.01	8.33	9.58	9.41	10.23	9.05	3.93	10.46	5.0548767234944	
236.0	50.0	9.0	9.0	8.23	8.71	6.68	5.35	5.63	5.39	7.85	3.58	7.12	10.33	7.15	9.03	9.66	4.05	9.88	8.93	8.25	3.51	5.31	
237.0	72.0	11.0	11.0	7.05	10.12	9.1	5.58	9.87	6.6	3.59	8.24	6.94	9.78	9.75	7.48	9.28	4.93	9.65	8.97	4.7	8.75	9.887917639308926	
238.0	90.0	4.0	4.0	8.42	8.05	9.23	9.54	3.65	7.94	9.66	4.45	8.81	10.03	8.99	8.39	10.3	4.94	7.41	4.3	5.49	4.5	6.13	
239.0	65.0	11.0	11.0	4.45	4.27	6.34	4.19	10.12	6.13	5.91	5.63	8.5	3.75	3.87	3.6	3.7	9.85	8.6	9.02	10.37	9.42	6.15	
240.0	75.0	8.0	8.0	9.51	6.37	8.09	8.92	9.01	6.32	6.83	4.21	5.55	9.47	9.79	3.58	9.33	4.14	3.86	6.03	9.02	4.59	6.92	
241.0	97.0	9.0	9.0	9.89	9.18	3.94	8.04	5.93	7.18	5.97	6.05	8.67	4.91	10.02	9.46	5.1	6.46	7.56	4.32	3.94	7.07	7.37	
242.0	52.0	4.0	4.0	4.98	6.24	9.24	4.19	3.96	8.58	4.1	4.41	8.44	8.02	6.36	3.67	7.1	6.82	6.91	7.95	6.77	5.29	8.6	
243.0	87.0	5.0	5.0	7.4	10.17	4.26	9.99	4.01	8.18	9.34	6.94	5.15	7.89	4.92	9.13	6.63	8.64	9.97	9.42	9.39	6.9	7.785396678011164	
244.0	89.0	14.0	14.0	5.68	6.46	6.93	9.1	10.18	7.93	8.47	8.38	3.69	9.05	10.39	9.97	7.27	4.53	5.86	10.26	5.03	9.64	1.4436427482365217	
245.0	91.0	9.0	9.0	9.22	5.21	5.16	8.42	10.17	4.33	5.86	4.91	6.81	4.37	7.57	6.5	8.84	3.89	9.24	10.35	9.16	5.87	10.0	
246.0	49.0	12.0	12.0	5.71	5.97	9.7	8.01	7.32	8.51	6.41	6.27	5.74	3.66	8.49	5.55	4.78	6.84	8.16	6.04	5.64	5.08	8.03	
247.0	78.0	8.0	8.0	8.71	6.37	9.14	7.0	10.4	7.81	4.66	4.11	4.44	4.24	9.49	6.58	7.56	5.42	4.84	8.45	6.01	5.55	6.08	
248.0	63.0	15.0	15.0	5.51	8.66	8.14	6.8	6.37	5.71	7.88	8.1	6.78	7.4	7.2	9.79	7.91	5.13	5.57	10.21	8.75	6.79	6.88	
249.0	50.0	9.0	9.0	8.29	7.46	5.69	4.0	10.48	9.67	8.16	5.39	5.3	7.96	4.9	6.9	8.52	9.19	7.2	4.29	8.41	5.64	4.44	
250.0	66.0	12.0	12.0	6.31	5.31	7.43	5.71	6.61	4.29	5.48	9.68	3.58	6.87	3.82	10.34	5.63	7.03	3.67	8.65	7.82	9.31	7.64	
251.0	71.0	11.0	11.0	5.16	7.35	7.23	8.53	3.82	9.24	6.34	10.2	8.4	9.37	6.19	3.5	8.17	4.9	5.14	4.15	4.09	8.0	7.46	
252.0	92.0	10.0	10.0	3.89	8.19	3.84	6.1	8.76	7.0	10.16	6.16	5.36	9.43	4.62	6.55	6.83	7.41	5.32	9.44	7.92	6.42	9.21	
253.0	61.0	12.0	12.0	7.82	4.18	7.4	8.16	9.34	8.6	9.33	4.57	6.92	4.17	7.67	3.54	6.99	5.52	3.64	7.35	6.72	9.78	6.89	
254.0	50.0	9.0	9.0	10.08	3.96	8.51	9.98	3.91	6.06	7.52	7.08	7.92	4.31	4.74	8.16	8.98	8.96	5.16	6.4	8.08	8.37	7.12	
255.0	41.0	15.0	15.0	6.13	6.81	6.75	7.34	8.09	7.31	5.43	10.38	4.98	6.93	9.02	6.37	4.35	3.6	8.5	8.44	5.08	5.27	8.7	
256.0	85.0	3.0	3.0	5.2	6.78	9.6	8.61	3.67	5.67	6.03	10.14	7.83	7.44	8.61	5.56	4.06	9.57	10.18	3.65	10.16	8.31	10.15	
257.0	87.0	5.0	5.0	3.72	6.87	6.99	6.41	3.86	9.39	8.17	6.89	4.66	9.73	10.4	8.93	6.1	5.03	7.34	7.05	8.23	4.45	9.87	
258.0	66.0	12.0	12.0	3.75	9.19	8.06	5.38	6.44	8.22	10.03	7.64	8.68	8.01	3.92	4.05	7.37	7.92	7.7	7.8	5.16	9.33	9.22	
259.0	20.0	4.0	4.0	6.94	4.05	9.3	6.06	3.73	10.24	10.18	5.49	6.86	7.06	6.29	5.48	7.01	6.84	6.87	4.6	6.85	9.38	7.06	
260.0	68.0	5.0	5.0	4.44	6.54	9.86	5.28	10.44	8.25	5.47	8.31	4.8	6.63	8.39	3.8	5.36	8.99	5.54	7.5	5.76	10.01	7.42	
261.0	99.0	12.0	12.0	10.17	3.64	10.32	10.33	6.47	5.9	6.27	5.65	5.17	10.19	7.03	8.82	7.76	9.55	3.99	8.81	10.11	5.7	6.39	
262.0	82.0	6.0	6.0	7.0	5.4	4.02	8.82	4.3	9.97	7.94	5.54	7.24	7.41	5.2	7.07	4.83	5.22	7.95	8.06	6.04	10.0	8.47	
263.0	37.0	5.0	5.0	5.66	5.24	10.43	9.88	10.48	3.77	5.95	8.83	7.71	9.79	8.11	4.89	9.72	8.72	9.46	7.98	6.68	10.38	1.8887234774985382	
264.0	90.0	4.0	4.0	5.24	5.21	8.03	5.36	5.85	4.16	7.26	10.12	10.32	10.28	5.91	5.13	8.1	8.64	5.07	9.08	8.17	5.93	7.15	
265.0	40.0	11.0	11.0	4.81	5.57	3.79	7.5	7.63	5.0	7.54	10.14	6.93	9.68	4.31	4.0	3.92	6.33	10.35	4.69	5.43	5.0	7.61	
266.0	12.0	5.0	5.0	5.6	7.17	9.96	7.05	5.36	4.69	4.67	10.39	10.43	6.7	9.18	4.49	8.79	5.15	5.58	8.06	5.64	3.62	8.78	
267.0	99.0	12.0	12.0	10.26	5.83	9.78	6.62	5.25	10.47	6.2	6.4	7.07	10.31	3.65	4.76	3.75	7.31	4.21	8.43	4.24	7.56	3.77	
268.0	82.0	6.0	6.0	5.91	5.28	9.23	8.35	4.4	7.81	3.81	8.61	9.09	4.64	4.96	5.28	3.67	9.06	7.12	8.01	4.15	10.02	9.56	
269.0	44.0	3.0	3.0	10.5	6.7	8.35	10.31	3.62	8.94	3.73	4.92	9.04	4.43	5.52	4.01	7.24	4.59	9.71	6.05	8.79	6.04	5.78	
270.0	14.0	13.0	13.0	7.66	4.89	9.2	5.97	4.55	5.68	10.17	6.1	5.55	4.21	8.0	4.68	9.25	6.88	6.12	7.87	5.37	3.82	6.55	
271.0	59.0	9.0	9.0	6.72	4.87	10.16	5.19	10.01	6.47	4.08	6.44	8.79	7.59	9.47	4.43	7.04	4.22	10.22	5.72	7.08	8.35	7.44	
272.0	55.0	6.0	6.0	6.36	4.37	8.23	9.99	8.14	9.11	4.93	8.3	10.02	10.48	9.95	6.91	9.67	9.5	3.75	9.14	8.23	5.64	9.844439563841627	
273.0	95.0	8.0	8.0	7.76	5.36	8.92	3.95	9.0	8.6	5.96	9.5	7.01	8.96	10.06	6.94	6.31	4.22	3.69	3.8	5.87	7.71	9.26	
274.0	98.0	15.0	15.0	6.39	7.52	3.95	8.06	5.33	9.63	9.61	6.45	8.24	9.1	7.21	3.7	6.43	5.97	6.71	9.19	4.62	9.9	6.38	
275.0	74.0	1.0	1.0	3.72	5.89	4.12	9.33	4.65	9.77	9.49	6.04	5.89	4.43	7.27	5.05	5.0	9.94	3.59	7.33	6.44	3.73	5.25	
276.0	55.0	6.0	6.0	8.79	9.48	8.12	8.51	5.83	10.3	3.99	9.37	6.37	10.24	7.5	9.26	8.24	5.6	8.22	4.01	10.4	8.02	6.831070891969111	
277.0	89.0	14.0	14.0	7.42	6.16	5.15	5.21	6.96	7.05	5.16	8.85	5.92	9.92	5.8	5.56	6.88	6.54	4.2	10.03	5.66	6.9	6.91	
278.0	90.0	4.0	4.0	8.13	8.11	4.76	10.37	9.29	7.37	9.17	6.24	8.06	9.87	5.95	7.42	6.73	8.9	10.02	7.86	5.68	9.32	7.167567067012294	
279.0	72.0	11.0	11.0	6.59	10.43	6.37	9.42	5.9	10.18	7.19	9.89	6.93	7.28	7.23	8.26	5.99	4.63	6.84	4.28	4.84	9.77	7.4	
280.0	37.0	5.0	5.0	3.72	5.62	9.51	4.77	6.09	10.24	3.96	8.59	8.34	8.28	9.59	4.01	4.95	10.0	6.05	3.87	5.39	7.82	5.78	
281.0	100.0	14.0	14.0	9.76	4.63	5.0	6.31	9.59	9.15	8.79	8.38	10.42	4.19	6.69	4.99	9.04	10.02	4.38	3.76	4.84	10.5	3.89	
282.0	62.0	7.0	7.0	6.69	7.2	6.0	6.69	9.88	9.73	7.14	7.3	5.03	8.46	10.49	7.11	3.92	8.96	5.28	9.83	4.71	6.21	5.21	
283.0	85.0	3.0	3.0	7.75	8.28	7.02	7.12	7.73	6.95	6.78	6.99	8.7	3.59	6.94	7.74	6.44	8.31	5.56	7.8	5.89	10.47	7.28	
284.0	69.0	12.0	12.0	8.71	4.07	7.6	4.15	9.44	5.79	6.46	7.75	8.03	6.6	10.36	4.4	8.09	8.93	8.11	5.36	8.89	3.57	4.83	
285.0	92.0	10.0	10.0	6.7	8.32	6.27	8.08	7.83	5.71	9.14	4.05	5.84	4.11	3.87	10.45	7.83	4.89	9.59	8.17	10.15	7.84	7.18	
286.0	94.0	13.0	13.0	4.03	5.94	10.2	5.98	5.96	7.24	5.35	3.7	8.74	6.34	6.28	3.67	4.71	7.72	6.77	7.21	4.85	3.83	7.47	
287.0	54.0	10.0	10.0	7.87	3.52	8.34	5.18	9.12	10.15	8.86	7.73	4.26	6.5	10.02	6.52	5.83	6.43	4.98	9.56	8.38	8.58	5.76	
288.0	71.0	11.0	11.0	9.85	9.58	7.46	3.83	9.76	4.54	5.81	5.29	4.03	10.05	10.36	6.99	3.97	4.1	5.92	4.14	4.97	4.25	5.72	
289.0	67.0	3.0	3.0	9.05	8.1	9.81	4.54	3.62	3.61	10.01	10.35	3.53	9.95	3.59	6.34	8.36	8.03	8.15	9.5	6.75	5.86	10.42	
290.0	12.0	5.0	5.0	4.11	5.83	6.69	10.24	9.78	3.91	5.63	5.31	5.53	7.65	5.11	5.6	4.72	5.67	9.02	4.55	8.93	6.98	3.69	
291.0	91.0	9.0	9.0	6.07	9.74	8.77	4.22	6.1	8.42	8.82	6.71	3.96	9.07	4.05	5.26	8.72	3.85	5.07	6.32	6.72	4.47	4.54	
292.0	92.0	10.0	10.0	4.48	9.49	6.9	8.99	10.33	7.74	7.76	6.5	6.5	4.98	7.47	8.66	3.59	4.4	3.99	5.12	7.69	8.02	9.93	
293.0	72.0	11.0	11.0	5.94	4.12	6.05	6.2	6.14	6.35	3.79	8.2	6.24	3.71	8.22	5.6	9.78	7.02	6.09	6.88	8.06	9.53	4.48	
294.0	39.0	14.0	14.0	3.75	4.04	10.46	5.16	7.37	5.4	4.71	10.49	6.89	9.22	8.23	6.36	4.04	10.38	6.13	8.78	4.12	5.04	7.56	
295.0	83.0	5.0	5.0	3.95	10.09	9.11	9.39	4.82	9.77	5.9	8.93	9.89	8.52	5.04	8.32	5.11	8.14	5.54	3.73	9.13	7.25	3.9	
296.0	86.0	15.0	15.0	10.01	4.99	3.95	9.2	3.61	5.75	4.51	8.14	8.41	6.31	7.72	3.59	4.8	9.84	5.2	3.91	9.27	8.81	5.53	
297.0	88.0	4.0	4.0	5.84	7.89	9.49	9.8	9.06	9.55	7.7	6.94	6.68	5.61	7.81	3.82	6.36	8.36	7.92	8.09	10.02	8.75	2.0348979103827407	
298.0	73.0	13.0	13.0	9.03	8.04	7.37	7.0	7.39	8.16	3.9	4.55	3.72	5.11	7.75	7.16	7.33	5.16	5.59	6.08	8.1	6.73	4.38	
299.0	53.0	12.0	12.0	10.42	10.5	10.44	9.85	3.87	5.61	7.95	6.59	7.87	9.32	3.72	6.01	3.8	6.03	10.42	5.87	10.0	5.56	5.92	
300.0	25.0	12.0	12.0	5.59	4.5	5.61	8.13	6.88	4.87	4.85	10.13	4.92	4.95	8.7	9.98	9.21	6.4	5.54	3.62	4.56	7.06	4.38	
301.0	81.0	3.0	3.0	9.53	6.15	6.33	7.72	5.66	9.85	4.46	9.21	6.45	6.8	6.22	3.83	7.58	4.06	5.23	9.91	10.29	5.83	3.67	
302.0	11.0	4.0	4.0	4.47	4.22	7.28	4.81	4.37	5.05	9.36	3.72	5.89	4.99	9.7	10.19	10.06	6.16	8.83	8.31	6.62	8.34	5.97	
303.0	85.0	3.0	3.0	9.31	9.44	9.74	5.52	4.07	7.88	7.93	10.26	10.37	7.19	5.77	4.9	3.72	4.6	10.02	6.22	8.79	4.01	5.19	
304.0	59.0	9.0	9.0	10.07	8.13	6.44	8.93	5.03	5.22	5.46	9.29	5.33	5.33	9.36	10.36	7.46	10.31	5.98	5.02	8.71	4.82	6.25	
305.0	91.0	9.0	9.0	9.14	7.62	6.69	5.84	8.31	8.97	5.28	10.2	4.9	8.03	5.35	7.65	5.8	7.9	6.64	10.02	8.58	3.64	10.08	
306.0	96.0	15.0	15.0	6.28	9.17	7.74	4.87	5.16	3.97	7.23	6.86	8.45	8.16	6.41	4.75	3.91	8.94	6.97	6.71	7.99	9.28	8.67	
307.0	97.0	9.0	9.0	8.26	5.73	5.38	6.63	9.99	9.33	9.61	9.51	3.89	8.2	10.29	10.3	3.57	8.63	4.31	3.63	8.34	4.14	9.29	
308.0	7.0	11.0	11.0	7.07	9.96	7.89	8.13	6.89	7.61	5.43	7.19	4.37	4.56	4.8	8.24	6.91	4.63	7.71	4.56	8.92	4.02	4.24	
309.0	34.0	14.0	14.0	5.57	9.07	5.47	9.28	6.36	5.31	10.38	8.98	8.75	4.6	6.25	5.82	10.48	4.23	4.28	9.56	7.35	10.06	10.17	
310.0	86.0	15.0	15.0	7.46	10.33	7.27	3.74	8.35	6.92	8.24	8.74	7.92	5.16	10.13	10.19	6.94	8.96	4.33	6.25	8.85	4.58	9.13	
311.0	1.0	11.0	11.0	9.06	8.71	5.84	8.34	5.32	7.58	9.7	9.69	5.95	4.95	4.33	8.89	6.49	10.0	7.48	5.34	4.85	4.67	3.95	
312.0	92.0	10.0	10.0	7.92	8.38	10.0	10.03	5.44	7.29	9.04	6.59	5.1	10.48	5.22	9.36	5.97	6.73	4.77	5.88	7.8	3.96	7.95	
313.0	29.0	2.0	2.0	6.42	9.17	7.92	4.56	10.19	7.74	7.38	7.27	9.25	5.87	9.28	9.75	7.59	5.38	4.8	3.58	6.81	10.04	4.43	
314.0	59.0	9.0	9.0	9.64	5.81	8.37	3.65	8.32	10.35	7.5	9.93	7.86	7.88	8.13	4.67	8.95	6.31	9.63	6.32	10.11	9.26	7.068021263598681	
315.0	81.0	3.0	3.0	3.86	8.63	7.38	8.25	6.32	7.76	8.4	8.28	8.03	9.59	7.25	3.89	4.85	6.9	4.38	8.48	8.74	7.19	6.17	
316.0	86.0	15.0	15.0	8.49	5.0	9.41	6.09	3.86	7.87	7.49	3.73	7.54	5.11	9.77	8.97	3.98	8.05	6.71	8.71	4.25	4.33	5.83	
317.0	88.0	4.0	4.0	3.65	10.14	9.23	4.02	6.82	6.52	4.84	10.28	8.88	9.7	6.78	6.5	7.55	9.43	9.54	9.8	3.81	7.18	10.17	
318.0	77.0	8.0	8.0	7.31	8.32	6.38	9.76	4.09	8.4	4.2	10.34	5.35	5.65	5.15	10.18	10.48	5.17	4.91	5.55	8.68	8.09	4.02	
319.0	71.0	11.0	11.0	7.29	9.22	5.63	7.95	6.72	4.45	8.83	8.68	4.35	6.18	5.88	6.29	9.82	9.85	6.26	9.99	8.81	6.2	5.26	
320.0	98.0	15.0	15.0	5.74	7.03	4.93	9.52	4.0	4.58	4.77	8.0	10.12	7.66	10.35	9.0	6.0	6.24	4.49	5.57	9.42	8.65	5.73	
321.0	45.0	5.0	5.0	7.03	5.81	9.37	8.2	9.09	7.47	4.14	10.48	6.85	8.94	8.71	4.79	4.44	5.2	7.58	3.57	7.12	6.8	8.99	
322.0	39.0	14.0	14.0	8.27	5.58	6.56	5.97	7.12	5.39	6.99	8.0	6.61	8.34	4.21	9.46	10.31	10.21	4.5	7.8	4.82	9.91	6.89	
323.0	85.0	3.0	3.0	7.18	7.82	6.61	4.0	7.64	3.94	10.49	5.26	9.31	5.19	6.81	3.67	8.84	9.01	9.39	5.66	10.17	9.96	7.78	
324.0	89.0	14.0	14.0	4.06	7.67	3.51	8.36	6.35	10.37	5.94	5.97	7.38	7.19	4.97	5.5	3.98	6.07	9.19	5.18	10.1	6.79	7.91	
325.0	31.0	8.0	8.0	7.8	9.58	7.46	5.08	8.16	10.48	4.66	3.78	8.53	9.12	4.4	3.92	5.0	5.27	7.11	8.7	7.69	3.8	7.76	
326.0	79.0	7.0	7.0	9.01	8.19	5.41	10.35	8.05	5.3	6.89	6.35	7.54	10.13	9.62	7.45	8.68	7.28	7.79	6.27	9.47	8.78	3.4783679502534746	
327.0	98.0	15.0	15.0	6.52	4.84	9.77	5.89	4.93	8.37	4.78	5.79	5.29	7.56	7.55	9.03	8.33	10.38	8.18	5.67	7.1	4.04	7.13	
328.0	42.0	4.0	4.0	7.65	5.2	4.56	9.68	7.5	5.81	5.5	10.37	7.45	7.01	6.2	6.09	10.02	4.09	4.18	7.99	6.07	9.54	7.9	
329.0	80.0	3.0	3.0	8.35	4.06	5.77	9.48	9.83	7.96	9.36	7.57	10.28	6.57	4.48	6.49	6.23	5.18	4.45	10.44	9.83	5.13	7.7	
330.0	31.0	8.0	8.0	6.01	8.04	8.49	3.62	7.48	5.2	4.9	6.76	5.64	4.01	7.69	8.23	8.73	4.21	6.16	6.19	4.81	9.21	4.67	
331.0	91.0	9.0	9.0	7.45	4.88	4.63	6.19	4.45	10.06	8.7	9.98	4.75	4.13	8.54	6.63	4.65	6.17	8.31	5.6	9.65	9.01	9.19	
332.0	42.0	4.0	4.0	10.24	3.9	5.13	9.98	6.91	9.26	6.95	6.43	5.8	9.24	9.48	8.9	3.88	4.76	5.23	8.25	5.91	3.63	9.45	
333.0	95.0	8.0	8.0	10.03	3.92	5.23	9.85	5.24	6.3	5.08	6.66	5.51	4.69	7.96	3.92	5.36	9.91	5.95	10.22	8.8	5.39	5.19	
334.0	80.0	3.0	3.0	6.69	7.79	6.41	9.01	7.58	6.4	6.12	9.18	5.28	9.56	8.37	4.41	7.03	3.82	5.27	4.55	9.61	8.58	6.33	
335.0	26.0	1.0	1.0	8.09	10.16	5.14	3.76	4.79	4.58	10.33	7.75	9.85	7.35	9.97	5.89	6.2	4.96	8.68	6.22	8.94	10.41	4.5	
336.0	38.0	5.0	5.0	7.73	3.71	4.28	6.7	9.69	3.64	9.89	4.86	6.17	7.73	6.36	9.76	5.68	7.38	8.21	4.35	4.33	3.72	5.31	
337.0	70.0	11.0	11.0	9.37	5.18	3.81	6.84	6.44	9.17	3.92	4.89	3.92	9.32	6.51	5.82	4.48	9.63	8.07	10.17	6.72	4.36	6.65	
338.0	92.0	10.0	10.0	8.73	3.56	8.81	9.97	4.33	6.49	6.91	9.34	9.26	8.24	8.28	5.37	5.08	9.66	9.21	5.12	5.45	3.93	7.57	
339.0	80.0	3.0	3.0	9.77	4.73	9.53	4.27	3.8	6.49	8.13	8.14	7.97	8.79	4.27	10.33	6.56	7.7	9.56	10.13	5.96	10.45	9.7	
340.0	80.0	3.0	3.0	8.55	6.87	3.73	8.14	6.67	5.56	9.8	6.27	5.54	5.75	5.19	6.74	7.43	9.97	10.12	3.8	6.64	7.92	9.94	
341.0	100.0	14.0	14.0	5.97	8.54	4.86	5.73	7.21	8.38	8.49	10.11	4.89	8.75	3.81	5.37	4.02	10.05	5.4	7.45	6.68	7.37	4.97	
342.0	83.0	5.0	5.0	3.57	6.27	9.38	7.82	9.94	8.37	10.06	9.09	10.38	4.2	10.08	5.37	9.08	7.72	7.9	8.74	7.22	5.24	8.468374263498276	
343.0	10.0	15.0	15.0	8.11	8.51	3.61	4.0	5.09	4.45	4.18	10.15	7.99	4.46	3.63	4.3	5.35	3.57	8.78	4.11	5.86	6.25	6.35	
344.0	43.0	13.0	13.0	10.15	8.4	8.8	10.25	5.56	9.47	6.61	6.37	5.72	4.09	5.33	7.37	8.77	5.59	4.37	3.87	9.82	9.22	8.14	
345.0	77.0	8.0	8.0	5.29	4.91	10.31	4.57	5.83	3.79	6.94	5.49	6.11	3.82	10.01	4.71	8.69	9.96	4.55	10.01	4.99	8.13	3.89	
346.0	94.0	13.0	13.0	9.17	4.19	9.49	4.02	4.44	9.75	8.7	9.93	10.34	8.59	3.8	5.42	6.74	6.14	8.3	8.1	4.15	8.38	10.12	
347.0	25.0	12.0	12.0	4.45	7.28	3.87	5.2	4.55	4.45	3.8	8.15	7.23	8.96	9.23	9.39	8.63	8.58	8.31	10.45	7.41	10.25	5.03	
348.0	18.0	2.0	2.0	9.41	9.17	4.62	3.89	9.9	4.32	4.5	6.32	5.84	5.22	7.67	4.8	8.95	4.68	8.68	5.63	4.47	5.7	7.69	
349.0	60.0	3.0	3.0	10.48	6.11	5.67	4.17	4.92	7.83	6.64	9.5	7.88	9.76	9.38	6.53	6.38	6.38	9.95	6.65	6.12	6.08	3.93	
350.0	86.0	15.0	15.0	8.89	7.63	4.91	4.88	6.72	7.7	4.2	9.93	4.15	7.32	8.67	4.71	5.02	8.07	7.31	9.67	7.43	4.19	6.21	
351.0	67.0	3.0	3.0	6.7	4.8	4.34	5.18	8.73	8.02	7.5	7.45	8.02	5.59	6.65	8.99	7.86	3.88	3.51	8.7	7.75	9.8	3.58	
352.0	78.0	8.0	8.0	7.44	8.84	9.39	6.27	7.93	9.5	8.22	7.38	7.99	4.19	3.91	6.58	4.99	7.13	3.99	4.42	5.18	9.05	5.7	
353.0	96.0	15.0	15.0	4.87	3.79	8.28	9.2	5.51	6.47	10.41	6.58	10.38	7.01	7.35	4.46	4.45	4.56	8.28	6.83	7.68	4.61	7.94	
354.0	100.0	14.0	14.0	7.8	4.15	7.33	8.71	8.22	4.71	6.86	7.27	9.91	7.19	10.44	5.62	3.68	6.36	9.49	10.43	6.92	9.05	8.0	
355.0	43.0	13.0	13.0	8.72	7.39	8.33	8.02	4.24	6.07	10.32	4.37	7.17	6.63	10.48	8.15	10.02	9.26	5.71	8.3	5.64	3.97	3.61	
356.0	84.0	12.0	12.0	10.04	10.1	3.57	8.8	9.45	9.28	6.32	3.73	4.18	10.3	6.83	6.43	4.05	7.61	4.34	9.68	5.72	5.04	9.07	
357.0	54.0	10.0	10.0	8.36	3.73	9.02	5.48	8.32	9.36	8.75	6.23	4.95	6.79	6.87	10.18	10.47	4.58	8.95	6.68	6.22	3.93	3.53	
358.0	90.0	4.0	4.0	7.53	3.88	10.41	5.54	4.67	6.17	5.0	5.32	9.32	8.18	8.7	10.11	8.92	8.55	3.55	9.18	7.71	5.72	6.73	
359.0	59.0	9.0	9.0	3.54	7.24	3.93	9.17	8.38	3.57	5.37	4.91	7.61	9.37	7.15	3.97	9.96	8.64	9.48	9.65	7.71	10.31	7.48	
360.0	97.0	9.0	9.0	8.76	10.18	7.69	7.55	7.69	5.55	8.96	6.3	9.94	7.46	5.45	6.17	9.7	9.34	5.15	9.41	6.96	8.71	3.447525194573795	
361.0	32.0	14.0	14.0	8.33	9.41	4.55	10.13	7.62	4.85	9.6	4.8	6.93	5.93	5.71	7.16	9.93	7.02	7.33	4.4	6.01	4.27	4.63	
362.0	84.0	12.0	12.0	9.56	9.48	7.44	8.71	5.37	3.59	6.55	9.29	3.53	4.65	7.98	10.1	9.24	9.55	6.13	4.23	6.78	7.49	6.25	
363.0	85.0	3.0	3.0	7.89	7.11	9.7	5.38	4.95	4.77	8.53	6.15	8.53	5.68	9.75	4.73	7.54	5.2	10.34	8.12	6.16	4.85	6.07	
364.0	89.0	14.0	14.0	8.56	5.42	8.05	5.09	7.5	6.17	9.53	8.42	5.63	5.17	5.87	8.03	8.32	3.58	7.11	3.62	7.89	7.38	8.01	
365.0	69.0	12.0	12.0	9.04	9.16	3.88	3.59	7.97	9.34	7.47	5.94	4.59	9.56	6.24	4.54	8.12	3.92	3.53	5.5	5.39	7.64	4.03	
366.0	63.0	15.0	15.0	8.95	4.72	10.06	4.87	4.52	8.61	7.95	3.66	4.72	6.39	3.78	7.06	8.99	3.61	9.13	6.81	9.9	5.91	7.72	
367.0	50.0	9.0	9.0	4.06	3.66	7.25	5.61	10.0	5.66	8.33	8.63	8.94	4.74	4.58	5.41	4.53	8.3	4.56	8.43	9.16	8.48	8.69	
368.0	79.0	7.0	7.0	7.75	3.78	5.79	3.72	3.83	10.11	7.1	7.97	4.37	4.06	6.44	10.31	9.63	9.06	8.07	8.0	8.6	4.44	4.55	
369.0	83.0	5.0	5.0	6.01	9.12	4.41	7.66	9.86	4.01	5.97	8.63	8.19	4.59	5.53	3.52	5.38	5.54	5.93	9.68	7.39	5.72	6.28	
370.0	22.0	6.0	6.0	3.94	3.53	9.6	4.16	9.2	3.56	5.5	4.76	6.65	9.95	9.26	4.85	8.6	6.39	10.2	5.57	3.75	8.76	3.96	
371.0	94.0	13.0	13.0	6.27	4.81	8.73	3.7	9.0	4.26	4.69	10.07	9.74	8.44	10.01	5.57	3.7	6.38	10.41	7.99	4.32	4.96	3.53	
372.0	92.0	10.0	10.0	10.48	4.81	4.17	6.77	7.55	9.91	3.92	6.33	8.89	6.89	8.63	9.29	3.83	4.85	8.73	4.54	9.72	6.47	5.74	
373.0	95.0	8.0	8.0	3.72	8.56	8.98	9.97	6.6	7.03	8.0	4.68	7.34	10.3	10.14	7.33	5.52	6.87	7.79	4.82	4.76	9.76	3.78	
374.0	100.0	14.0	14.0	4.13	10.13	8.52	7.03	10.25	6.58	4.78	4.48	4.58	10.2	9.56	8.09	6.76	9.68	10.46	10.05	5.92	6.53	9.35	
375.0	77.0	8.0	8.0	7.82	10.32	5.66	5.18	6.79	3.63	4.81	6.75	4.24	7.54	6.17	9.68	8.8	7.72	3.97	7.52	8.19	6.55	5.02	
376.0	81.0	3.0	3.0	8.94	5.01	6.23	4.39	4.73	5.65	6.01	5.38	9.59	5.69	7.5	9.04	3.94	4.73	6.11	5.15	3.98	4.43	4.76	
377.0	87.0	5.0	5.0	3.6	3.64	9.54	7.2	9.83	8.49	7.73	9.43	9.25	8.25	9.78	6.25	8.75	6.17	5.96	10.05	4.11	4.83	5.24	
378.0	72.0	11.0	11.0	3.88	6.49	9.96	5.47	6.88	6.32	5.28	8.44	6.7	5.66	8.76	3.74	7.95	7.68	7.95	7.75	8.67	8.77	9.06	
379.0	73.0	13.0	13.0	10.1	8.18	5.67	10.01	8.7	8.14	4.12	5.25	4.73	8.25	7.56	4.57	7.35	8.84	8.8	6.26	6.82	9.74	8.12	
380.0	97.0	9.0	9.0	5.48	8.52	6.24	9.41	4.95	5.12	10.32	3.65	4.38	9.58	9.72	4.13	5.91	4.48	6.73	6.63	8.33	7.55	7.92	
381.0	99.0	12.0	12.0	3.54	9.94	6.28	10.42	9.95	7.88	10.17	9.13	4.11	4.07	4.74	7.57	6.31	5.32	9.76	5.86	8.98	9.93	4.7	
382.0	82.0	6.0	6.0	9.18	6.13	10.38	8.98	4.75	7.41	10.42	8.19	9.73	8.58	5.73	7.33	9.39	9.47	8.69	9.27	8.89	7.193206831739124	0.5087131857748877	
383.0	80.0	3.0	3.0	5.29	9.36	9.16	5.6	6.91	7.17	4.2	7.33	5.38	9.56	6.0	10.22	3.52	10.38	10.46	9.79	6.2	9.95	8.27	
384.0	89.0	14.0	14.0	4.75	4.39	9.61	6.61	8.49	8.75	6.54	3.61	6.29	5.8	8.01	5.24	4.36	9.11	8.0	6.2	5.9	9.59	9.26	
385.0	62.0	7.0	7.0	4.03	4.97	4.48	6.0	7.65	10.32	8.35	7.06	5.12	6.72	6.79	9.05	10.44	6.66	8.9	6.44	4.21	6.25	10.04	
386.0	66.0	12.0	12.0	4.76	7.04	8.54	7.45	6.35	4.5	6.52	8.72	5.26	4.46	10.13	9.2	7.5	7.83	6.68	7.65	4.76	9.4	4.35	
387.0	56.0	13.0	13.0	4.08	6.25	3.63	10.02	4.04	10.16	8.15	5.77	9.42	7.35	7.66	5.05	9.92	3.53	6.42	8.73	5.89	9.76	4.28	
388.0	65.0	11.0	11.0	9.98	9.57	4.53	7.8	9.89	8.52	9.24	10.38	4.46	6.19	8.17	8.7	8.91	6.14	8.75	4.36	8.84	6.8	1.0693050180841475	
389.0	41.0	15.0	15.0	8.62	4.68	9.12	5.51	3.6	4.25	7.69	6.84	9.97	8.94	8.82	10.1	4.47	8.85	8.48	7.35	7.94	6.44	8.19	
390.0	79.0	7.0	7.0	4.2	4.27	6.67	9.03	4.12	10.26	10.36	6.69	9.58	4.13	9.33	4.36	9.64	7.85	6.23	4.65	10.19	7.9	5.92	
391.0	91.0	9.0	9.0	7.7	4.47	10.42	7.52	7.19	3.6	8.34	3.68	10.38	4.02	6.28	8.27	7.29	5.88	6.23	5.86	4.34	5.54	3.96	
392.0	46.0	14.0	14.0	5.84	5.23	4.93	8.46	9.53	3.55	5.24	3.73	6.14	8.11	6.56	7.1	9.83	7.96	5.21	9.41	4.76	9.89	8.11	
393.0	52.0	4.0	4.0	7.71	9.45	7.42	5.56	3.99	5.05	4.38	4.84	9.48	9.84	7.35	4.17	3.75	5.57	10.4	9.05	6.41	6.44	6.16	
394.0	77.0	8.0	8.0	10.03	5.84	9.43	10.39	8.9	8.53	4.13	6.95	5.83	10.13	4.2	3.58	9.89	5.09	5.86	9.7	4.03	8.1	9.26	
395.0	82.0	6.0	6.0	9.5	8.58	3.77	7.95	8.37	9.46	7.2	7.7	8.24	9.78	9.35	8.83	4.53	7.5	4.76	6.34	10.09	10.4	2.8008083165227635	
396.0	80.0	3.0	3.0	5.43	5.74	9.2	3.58	6.39	5.88	5.14	10.43	5.22	7.63	6.4	4.8	6.9	3.6	7.1	10.17	4.5	8.06	4.56	
397.0	47.0	15.0	15.0	7.5	5.11	6.96	7.72	10.32	7.33	6.14	3.72	6.78	9.62	9.22	4.06	7.38	10.28	5.75	6.62	8.47	8.8	9.21	
398.0	92.0	10.0	10.0	5.82	6.65	8.86	9.7	5.31	5.64	5.44	6.54	10.14	4.96	10.0	8.31	4.76	4.34	8.34	5.64	8.44	3.65	5.03	
399.0	73.0	13.0	13.0	9.53	8.23	3.68	4.24	8.36	9.6	4.62	4.36	8.55	9.27	4.47	7.18	9.49	4.75	4.66	7.56	6.6	3.94	10.04	
400.0	57.0	14.0	14.0	6.66	6.0	7.91	10.4	5.74	5.4	8.0	5.2	4.01	8.42	3.9	7.66	8.37	5.33	9.54	6.0	4.31	5.9	9.74	
401.0	72.0	11.0	11.0	8.49	8.74	5.08	8.34	8.02	3.87	4.11	8.42	6.31	6.9	3.7	4.44	10.06	8.48	9.44	7.51	9.12	9.78	6.67	
402.0	82.0	6.0	6.0	5.06	6.14	6.06	8.87	5.31	3.93	8.26	8.83	9.07	3.74	9.08	4.93	9.68	7.44	5.95	8.77	7.29	4.86	8.51	
403.0	86.0	15.0	15.0	9.83	4.72	8.16	6.05	8.43	10.09	9.62	8.95	4.97	6.08	8.87	6.05	4.36	7.9	3.77	7.65	6.3	9.45	6.45	
404.0	2.0	14.0	14.0	4.59	5.26	4.59	6.44	7.11	6.2	9.65	5.47	8.09	10.09	7.43	5.9	8.48	8.01	5.51	9.61	3.81	6.29	10.22	
405.0	35.0	10.0	10.0	5.05	4.3	4.42	9.63	5.87	8.08	6.23	8.59	9.36	4.24	5.05	5.9	7.29	9.78	9.19	3.53	3.57	6.35	8.7	
406.0	96.0	15.0	15.0	6.29	4.13	4.49	3.92	7.81	5.41	9.97	9.13	3.66	10.07	8.45	9.56	8.09	6.93	10.33	9.94	6.44	5.93	5.59	
407.0	98.0	15.0	15.0	9.85	9.23	5.51	9.38	6.44	9.44	7.11	3.58	5.96	5.41	8.22	6.03	4.15	9.89	10.36	9.57	7.78	5.42	10.34	
408.0	77.0	8.0	8.0	9.77	10.21	7.39	6.64	8.41	7.17	6.35	3.81	7.34	9.75	3.91	8.36	6.0	9.29	9.75	8.77	7.32	9.2	4.757116286240589	
409.0	83.0	5.0	5.0	3.89	4.14	8.1	4.41	5.52	6.76	8.66	7.84	8.36	7.05	5.19	3.56	9.06	8.03	4.81	6.69	4.02	8.65	6.75	
410.0	64.0	4.0	4.0	10.35	6.75	4.11	9.93	7.96	6.35	8.44	10.12	5.46	10.36	10.25	8.34	9.47	9.57	4.12	3.72	3.53	4.08	8.11	
411.0	73.0	13.0	13.0	4.22	9.59	7.72	9.03	10.2	9.43	6.18	5.94	6.66	5.34	6.44	10.3	8.25	10.08	8.56	7.92	6.49	4.37	6.11	
412.0	87.0	5.0	5.0	8.87	9.0	4.3	8.02	3.77	8.14	8.3	4.75	6.99	7.57	8.59	9.08	8.12	3.7	7.11	7.02	4.23	3.99	6.22	
413.0	69.0	12.0	12.0	8.72	10.23	6.57	10.3	10.3	6.05	9.05	7.73	4.88	9.31	4.85	9.29	6.29	9.2	4.03	4.98	5.53	6.73	6.6	
414.0	99.0	12.0	12.0	8.2	7.28	4.9	4.1	9.39	4.6	5.12	8.69	5.17	7.81	7.56	7.99	10.16	6.8	4.76	5.15	7.91	8.59	6.03	
415.0	81.0	3.0	3.0	10.24	7.81	9.59	6.61	8.7	6.45	5.95	4.11	3.56	6.22	4.88	3.76	3.84	8.75	7.54	7.66	8.17	4.13	8.22	
416.0	76.0	6.0	6.0	5.2	5.44	6.42	5.66	8.62	6.36	10.01	3.59	9.46	4.75	9.87	9.16	6.63	6.84	8.15	7.72	4.16	5.46	7.05	
417.0	66.0	12.0	12.0	4.58	3.59	8.69	8.27	9.29	6.18	9.15	7.05	7.41	8.82	4.67	10.24	7.18	7.99	4.35	8.15	6.59	7.95	10.26	
418.0	91.0	9.0	9.0	6.6	7.09	4.06	9.53	7.07	6.92	5.67	6.42	9.7	5.51	6.96	6.88	6.22	6.41	7.3	6.12	7.45	5.4	7.05	
419.0	95.0	8.0	8.0	7.38	6.18	4.61	3.81	4.08	8.36	10.48	7.56	5.45	9.6	6.5	5.11	3.73	7.45	7.04	7.23	4.22	7.83	8.48	
420.0	97.0	9.0	9.0	6.33	7.05	4.35	5.82	9.71	7.44	3.83	6.06	8.34	4.87	10.48	10.09	5.7	8.75	5.88	8.58	9.94	6.19	8.09	
421.0	81.0	3.0	3.0	10.36	8.43	6.85	8.18	4.76	4.63	6.09	5.39	4.15	9.82	9.87	9.56	7.69	9.66	8.31	7.71	8.91	9.71	5.9437947981748955	
422.0	75.0	8.0	8.0	5.99	5.03	6.16	3.57	8.09	4.94	10.11	6.82	3.54	4.48	5.45	10.01	8.34	9.48	8.51	8.27	5.8	5.82	9.42	
423.0	86.0	15.0	15.0	4.78	9.8	5.83	6.27	3.99	4.63	3.61	8.54	5.8	7.53	5.38	7.1	10.33	9.32	5.65	9.67	3.91	7.12	10.18	
424.0	67.0	3.0	3.0	7.94	4.19	6.5	4.27	10.38	9.85	8.57	8.63	8.88	8.94	6.26	4.09	9.64	4.17	6.3	4.12	9.42	9.97	8.15	
425.0	93.0	4.0	4.0	8.27	10.49	9.73	4.25	10.45	6.61	9.17	7.58	5.83	9.82	4.03	8.45	9.42	10.27	5.92	7.17	9.41	7.87	7.533015826978054	
426.0	76.0	6.0	6.0	6.23	7.6	6.72	5.35	4.64	7.47	4.14	10.05	8.14	9.2	5.26	6.54	5.6	6.39	4.25	9.4	5.48	10.0	9.86	
427.0	99.0	12.0	12.0	4.25	3.89	4.81	6.83	6.95	7.89	8.65	10.06	9.29	3.68	6.89	5.4	4.63	7.27	9.15	4.93	6.16	9.9	10.05	
428.0	40.0	11.0	11.0	5.65	9.85	6.46	4.62	5.04	7.57	8.39	4.77	5.49	7.13	10.13	7.92	3.54	5.52	8.87	5.32	7.39	5.3	4.61	
429.0	83.0	5.0	5.0	6.43	5.42	9.83	7.52	10.0	7.01	5.39	8.91	8.68	7.34	9.61	5.97	3.88	7.76	9.05	4.71	10.38	8.74	9.28	
430.0	87.0	5.0	5.0	8.21	7.53	3.61	10.39	7.34	9.92	10.36	5.23	7.55	9.9	5.54	4.32	10.14	6.51	4.14	6.74	10.24	7.22	8.83	
431.0	22.0	6.0	6.0	8.44	4.99	5.21	9.65	7.96	9.8	9.09	3.81	8.61	7.72	10.48	3.88	10.28	5.18	3.88	5.76	4.01	7.7	7.0	
432.0	94.0	13.0	13.0	8.23	5.01	6.35	9.27	3.93	5.06	5.89	5.58	9.0	3.86	5.74	7.45	9.86	7.98	7.53	5.53	7.93	5.42	6.98	
433.0	96.0	15.0	15.0	9.62	7.64	8.97	6.76	9.71	5.29	10.38	5.75	6.99	9.89	3.62	9.7	7.97	9.65	10.05	5.7	5.67	9.55	9.53387342770591	
434.0	98.0	15.0	15.0	4.93	4.74	4.36	8.13	9.2	6.63	8.5	5.09	4.64	6.49	3.77	5.71	5.71	5.39	3.61	7.2	3.78	5.27	8.03	
435.0	82.0	6.0	6.0	10.44	7.51	5.33	4.32	4.85	5.86	5.6	7.36	10.07	7.02	9.55	10.25	6.66	5.32	10.42	8.81	7.45	5.91	9.44	
436.0	65.0	11.0	11.0	9.33	7.88	4.61	7.34	6.93	9.37	8.96	3.51	8.34	3.6	3.88	10.47	6.27	8.89	8.53	3.71	4.75	4.95	7.43	
437.0	76.0	6.0	6.0	7.45	5.72	6.18	5.53	10.17	7.83	7.66	10.03	8.05	6.99	7.64	7.93	7.29	3.66	6.83	9.45	4.22	5.31	8.83	
438.0	90.0	4.0	4.0	9.11	7.06	6.94	8.68	10.25	3.81	4.64	9.99	5.35	7.01	4.97	9.66	9.65	7.11	4.01	3.68	6.15	7.09	9.04	
439.0	68.0	5.0	5.0	3.91	5.47	4.05	6.67	4.88	9.72	4.29	4.86	3.81	4.99	9.56	9.84	3.99	8.05	7.02	3.53	8.58	8.4	4.52	
440.0	98.0	15.0	15.0	5.38	3.76	10.2	6.62	4.58	5.3	5.5	4.56	7.57	3.9	7.73	7.76	9.8	6.84	9.21	6.83	9.53	5.38	6.01	
441.0	38.0	5.0	5.0	6.34	5.43	10.49	6.5	3.79	5.24	4.41	7.37	10.17	9.07	10.19	7.34	8.44	8.59	7.13	3.77	8.5	7.58	5.76	
442.0	83.0	5.0	5.0	4.47	4.55	6.28	6.69	8.73	9.55	5.94	8.31	5.92	8.5	9.51	8.92	5.23	5.64	4.91	9.73	10.44	8.61	5.41	
443.0	85.0	3.0	3.0	7.03	10.1	4.46	7.84	7.06	9.23	6.89	5.45	3.76	9.34	6.55	3.71	8.5	8.24	6.39	10.4	3.53	10.18	5.79	
444.0	68.0	5.0	5.0	4.38	10.21	10.13	10.28	7.81	4.41	8.02	6.28	7.16	4.12	8.9	7.35	8.77	3.73	4.79	4.93	5.3	7.58	9.25	
445.0	76.0	6.0	6.0	10.3	8.47	10.24	7.86	9.13	8.95	9.23	3.84	10.08	4.28	3.99	6.4	7.75	10.02	10.09	5.89	4.41	4.18	10.22	
446.0	96.0	15.0	15.0	7.5	9.51	9.26	3.87	8.61	8.12	8.78	4.12	8.13	6.73	5.84	8.44	10.21	4.55	6.67	7.03	9.23	4.98	4.42	
447.0	73.0	13.0	13.0	8.02	9.38	7.43	5.18	3.53	4.27	9.21	4.79	7.32	4.18	7.54	5.27	10.09	4.53	5.32	4.21	8.52	9.13	5.08	
448.0	61.0	12.0	12.0	6.91	4.95	8.62	5.19	8.2	9.96	10.0	5.41	5.28	8.89	7.52	7.53	7.22	4.99	9.82	8.85	4.13	8.74	10.08	
449.0	84.0	12.0	12.0	4.38	3.87	9.25	9.73	4.76	9.25	10.13	5.91	4.88	9.85	5.43	8.12	6.64	4.68	6.52	7.32	8.95	7.31	6.7	
450.0	87.0	5.0	5.0	5.15	9.1	4.28	8.99	6.8	7.64	7.61	6.61	8.1	5.72	7.43	8.19	4.39	9.67	10.18	7.73	9.59	3.58	8.43	
451.0	6.0	7.0	7.0	9.22	5.67	7.59	8.18	6.02	8.44	9.26	3.74	3.8	7.68	8.25	7.07	5.76	7.0	8.57	5.64	7.03	8.51	6.73	
452.0	92.0	10.0	10.0	8.65	5.25	5.07	8.09	3.91	10.26	9.5	10.46	8.59	8.25	8.13	10.36	7.89	6.25	9.98	8.8	4.2	5.46	3.6342877161969978	
453.0	97.0	9.0	9.0	7.46	3.92	4.69	6.63	6.02	7.37	4.62	7.35	4.9	6.28	8.87	7.72	5.8	10.48	6.47	8.44	7.64	10.38	4.79	
454.0	68.0	5.0	5.0	9.81	4.32	4.01	4.98	9.15	6.85	5.48	3.57	3.81	6.91	8.37	6.3	6.14	7.11	9.34	3.67	8.11	5.28	5.54	
455.0	81.0	3.0	3.0	4.6	9.85	10.35	9.93	8.06	7.0	4.66	7.65	4.56	3.73	8.11	9.82	8.71	10.07	6.48	9.87	7.44	7.23	3.957481514926016	
456.0	84.0	12.0	12.0	8.02	5.81	9.76	5.32	9.17	4.88	5.84	7.82	9.37	7.51	8.82	4.92	6.55	5.1	9.65	5.8	9.29	4.51	10.15	
457.0	89.0	14.0	14.0	8.08	7.58	5.88	8.0	9.23	6.53	8.36	6.42	3.85	9.83	5.84	4.53	5.08	8.85	3.82	10.39	5.03	8.38	5.16	
458.0	91.0	9.0	9.0	7.15	5.83	6.7	7.68	9.14	9.51	8.7	7.65	4.38	6.36	4.27	5.02	6.12	8.6	5.25	9.68	5.1	6.79	4.99	
459.0	94.0	13.0	13.0	7.59	5.95	6.86	10.44	5.08	8.84	8.99	7.94	3.77	3.93	6.82	7.52	5.71	10.13	5.59	5.06	8.45	6.25	5.81	
460.0	96.0	15.0	15.0	6.99	6.6	6.78	5.41	5.45	5.53	10.02	9.97	7.12	5.53	6.54	10.12	6.46	3.75	9.49	9.54	4.18	7.47	9.93	
461.0	100.0	14.0	14.0	8.18	4.46	4.19	4.98	9.07	8.15	4.18	9.38	5.24	5.6	10.33	6.79	8.57	5.45	5.16	9.44	5.71	6.8	5.42	
462.0	82.0	6.0	6.0	10.07	8.06	6.81	3.92	6.45	8.74	3.56	9.98	9.29	10.07	6.12	8.59	7.95	5.78	10.06	5.47	10.17	5.13	7.96	
463.0	87.0	5.0	5.0	10.24	8.87	6.31	9.34	4.97	4.84	9.1	8.07	10.19	7.7	4.04	6.73	4.52	9.82	6.78	8.61	5.89	8.15	4.29	
464.0	67.0	3.0	3.0	9.97	7.69	10.5	6.84	5.6	8.82	8.98	3.66	8.2	4.97	4.23	3.98	4.78	5.0	8.3	9.3	10.05	6.96	6.77	
465.0	93.0	4.0	4.0	5.45	6.38	9.75	6.91	9.96	8.41	3.98	8.7	3.72	4.55	8.59	8.86	5.85	5.42	8.05	7.34	7.77	7.66	4.64	
466.0	65.0	11.0	11.0	9.49	6.99	6.68	3.75	9.37	10.41	7.74	8.99	8.01	7.65	6.61	5.26	5.66	5.87	4.25	4.2	4.16	3.59	7.03	
467.0	3.0	6.0	6.0	5.83	5.38	9.73	8.78	4.02	5.18	7.5	4.26	9.84	8.2	9.93	4.43	10.19	8.52	6.36	8.61	3.57	6.24	9.46	
468.0	13.0	3.0	3.0	9.23	8.45	6.23	6.62	5.47	7.85	9.42	6.9	4.26	4.72	5.74	6.66	10.15	10.21	7.58	9.98	4.54	10.19	8.62	
469.0	84.0	12.0	12.0	4.43	10.42	5.81	8.66	5.26	9.7	5.34	8.67	7.5	5.51	9.47	9.42	5.56	6.35	7.04	9.43	8.34	6.2	6.51	
470.0	78.0	8.0	8.0	10.46	3.86	4.32	3.94	4.0	6.26	6.9	9.03	4.14	8.26	9.12	9.05	4.45	5.29	9.27	4.45	5.0	5.31	5.82	
471.0	2.0	14.0	14.0	4.97	7.5	4.97	5.64	5.49	5.43	4.85	8.65	7.3	7.21	9.78	9.2	8.37	7.91	7.68	4.74	4.06	4.93	4.07	
472.0	94.0	13.0	13.0	7.71	3.84	9.76	7.5	9.65	9.8	7.42	10.28	4.11	8.53	5.27	9.58	9.38	7.77	6.71	8.89	6.86	3.76	5.01	
473.0	79.0	7.0	7.0	7.58	4.58	8.07	4.49	9.71	7.8	7.99	5.26	6.35	3.73	9.93	9.93	8.02	6.71	10.15	6.77	8.03	8.84	6.39	
474.0	73.0	13.0	13.0	9.1	3.77	5.08	4.67	4.15	8.74	8.67	8.43	7.65	4.77	3.69	6.16	6.67	5.11	9.73	6.98	8.89	8.48	8.95	
475.0	83.0	5.0	5.0	6.62	9.55	8.45	10.04	7.87	4.57	6.79	8.57	5.99	9.74	4.68	6.39	5.66	4.83	9.17	10.22	6.13	5.7	9.09	
476.0	79.0	7.0	7.0	10.26	9.77	4.57	8.23	9.3	8.14	7.35	9.02	3.85	6.82	5.63	9.07	7.85	4.59	8.31	7.95	3.54	4.1	10.41	
477.0	44.0	3.0	3.0	8.61	5.72	3.77	6.09	4.37	4.99	5.1	4.66	6.93	9.09	9.05	9.21	8.25	7.84	4.73	3.54	4.31	7.57	3.78	
478.0	90.0	4.0	4.0	8.17	10.39	8.34	3.94	4.2	8.37	5.44	8.74	6.08	8.81	5.78	3.83	5.02	7.11	7.97	10.38	7.23	8.76	8.19	
479.0	15.0	11.0	11.0	9.55	5.87	4.68	7.97	5.36	5.82	10.47	7.47	10.11	5.61	7.58	9.26	7.84	4.44	5.92	7.11	4.73	5.56	8.04	
480.0	97.0	9.0	9.0	9.86	8.76	7.83	3.95	10.15	4.87	3.65	6.35	7.91	4.72	3.77	5.56	4.05	6.56	3.58	7.84	9.12	9.85	4.47	
481.0	100.0	14.0	14.0	7.39	9.28	5.4	4.51	7.52	4.03	9.14	8.66	4.14	7.28	8.57	6.1	9.65	10.32	7.89	8.34	10.4	3.7	9.41	
482.0	78.0	8.0	8.0	10.16	10.16	4.28	6.27	3.88	10.19	8.7	4.89	5.05	6.84	5.29	9.39	5.83	4.4	9.0	5.86	10.17	6.69	7.56	
483.0	86.0	15.0	15.0	7.14	9.2	7.15	8.7	9.54	5.48	7.81	3.93	3.52	5.98	5.16	7.76	8.08	8.04	10.44	6.15	5.13	10.03	8.85	
484.0	90.0	4.0	4.0	8.67	10.25	6.8	3.65	6.85	6.69	5.88	8.06	4.99	6.66	7.11	9.23	3.73	9.06	8.4	4.27	4.14	9.45	6.3	
485.0	92.0	10.0	10.0	5.11	5.67	8.33	5.5	6.76	6.87	4.06	3.64	9.35	4.7	5.48	7.94	5.94	4.4	5.08	6.37	7.45	8.33	9.25	
486.0	94.0	13.0	13.0	3.56	8.8	6.33	6.92	6.29	10.33	5.64	4.67	4.48	8.37	3.98	5.07	7.69	9.93	8.12	3.55	4.43	9.82	7.75	
487.0	97.0	9.0	9.0	3.9	10.35	4.64	8.57	3.56	7.18	5.55	6.17	4.89	3.87	8.39	9.21	8.36	7.26	4.11	4.53	10.35	8.62	7.13	
488.0	82.0	6.0	6.0	4.27	8.89	8.96	4.98	3.94	3.81	4.3	6.28	9.12	3.92	9.68	9.83	7.68	5.77	5.87	5.68	5.8	3.69	8.25	
489.0	51.0	2.0	2.0	8.11	4.18	6.2	6.33	6.32	8.96	8.49	8.55	6.38	7.07	8.01	7.44	7.76	5.42	10.12	10.45	3.8	6.71	6.42	
490.0	31.0	8.0	8.0	6.76	6.51	4.49	9.7	5.39	9.08	8.97	8.53	8.71	7.34	6.37	7.94	6.46	8.34	7.6	8.67	4.86	6.11	4.61	
491.0	90.0	4.0	4.0	4.82	10.37	6.61	6.91	3.76	8.93	8.42	6.77	10.08	7.15	9.03	7.44	10.38	8.47	7.42	4.55	8.46	5.72	5.67	
492.0	92.0	10.0	10.0	3.51	8.51	7.39	8.96	7.48	9.21	5.79	6.6	10.01	7.7	7.77	8.72	6.32	8.65	4.6	8.75	5.9	7.75	10.48	
493.0	97.0	9.0	9.0	10.08	4.74	9.47	8.6	9.1	4.23	9.63	9.92	9.92	3.76	4.31	6.2	7.11	6.12	4.02	4.37	9.04	9.33	7.54	
494.0	80.0	3.0	3.0	6.47	6.09	9.43	8.95	10.08	4.64	8.48	4.48	9.2	10.01	9.42	6.79	7.22	9.45	9.88	6.04	9.52	5.03	9.02914293757611	
495.0	81.0	3.0	3.0	10.47	5.17	4.75	7.15	9.4	10.32	5.85	6.73	4.33	6.13	9.2	7.87	5.56	6.85	7.77	7.71	6.88	10.4	8.6	
496.0	84.0	12.0	12.0	9.44	8.57	7.91	4.01	4.83	9.24	7.21	7.3	5.46	8.05	10.27	5.18	6.45	5.1	6.73	8.32	9.69	8.89	5.37	
497.0	83.0	5.0	5.0	7.81	4.61	8.59	9.56	9.46	5.97	9.76	5.47	7.41	10.45	8.87	8.86	4.63	3.91	7.91	8.39	6.74	7.64	4.3	
498.0	90.0	4.0	4.0	5.26	9.85	8.06	7.08	6.01	7.35	4.82	7.78	8.32	4.53	5.49	4.35	6.55	8.41	9.87	4.63	8.01	7.94	8.65	
499.0	61.0	12.0	12.0	9.87	6.49	4.27	3.56	4.44	3.51	5.33	9.45	5.46	5.82	5.23	6.18	7.22	9.75	6.56	5.34	10.25	5.11	5.84	
500.0	97.0	9.0	9.0	6.72	7.08	10.14	9.32	8.51	6.09	8.09	10.19	6.35	5.67	5.37	5.01	3.72	8.75	8.82	10.07	6.79	8.0	7.63	
501.0	81.0	3.0	3.0	7.26	8.24	4.21	9.96	6.47	8.89	10.24	4.19	4.37	10.13	6.43	4.18	6.05	9.28	6.53	10.33	5.22	9.67	10.36	
502.0	44.0	3.0	3.0	7.79	9.69	4.42	4.81	7.13	9.56	8.73	6.26	8.04	3.83	10.03	4.55	9.44	7.63	9.76	10.32	8.61	6.22	4.43	
503.0	27.0	13.0	13.0	4.84	7.17	9.29	3.73	5.54	7.12	9.26	6.45	4.9	8.03	3.8	4.7	7.72	4.02	7.39	7.74	9.13	3.69	5.93	
504.0	33.0	14.0	14.0	5.46	3.56	8.94	10.22	8.09	4.84	3.65	3.6	8.12	5.55	9.93	9.33	8.18	3.64	9.75	5.58	9.68	4.65	4.73	
505.0	91.0	9.0	9.0	6.59	3.81	6.94	5.68	8.17	5.72	8.79	7.57	4.71	4.93	5.63	10.13	7.29	7.43	9.95	4.0	10.03	3.7	9.75	
506.0	66.0	12.0	12.0	6.09	5.98	5.52	7.3	5.32	3.88	6.94	6.04	8.62	4.34	9.91	3.78	5.36	5.1	5.11	10.1	9.95	6.7	7.37	
507.0	97.0	9.0	9.0	9.67	4.29	5.87	4.4	9.2	4.02	8.79	6.82	7.61	9.15	6.9	7.9	4.33	9.17	9.72	5.35	4.08	4.37	10.42	
508.0	69.0	12.0	12.0	7.97	9.06	3.53	7.0	4.01	9.85	7.69	10.18	6.07	6.64	10.11	6.35	8.93	7.06	10.4	9.12	4.51	4.7	7.09	
509.0	83.0	5.0	5.0	6.13	10.0	4.38	9.97	9.18	7.71	6.65	8.91	5.32	4.49	6.27	6.96	6.08	10.2	5.38	5.21	3.58	8.29	4.07	
510.0	88.0	4.0	4.0	4.22	6.62	5.38	9.62	9.09	4.77	3.58	5.59	9.78	5.56	8.46	8.43	10.38	5.69	7.28	3.62	4.44	5.86	6.59	
511.0	91.0	9.0	9.0	7.06	9.87	9.88	7.76	5.62	6.05	8.25	4.52	8.59	6.24	6.66	9.91	8.39	6.54	5.63	6.31	7.7	8.19	5.12	
512.0	43.0	13.0	13.0	8.23	6.0	9.57	6.72	8.37	5.22	10.12	7.18	8.19	4.45	5.21	7.4	8.34	5.49	6.25	4.18	5.29	7.1	8.37	
513.0	95.0	8.0	8.0	3.95	4.94	7.35	4.56	3.51	3.76	7.73	5.53	5.68	7.07	7.7	7.2	8.43	8.99	4.1	10.45	9.75	10.01	7.21	
514.0	99.0	12.0	12.0	9.39	7.89	4.56	4.03	3.73	9.19	10.06	8.48	5.35	10.35	8.34	4.86	8.49	5.73	9.69	5.64	8.35	5.04	6.82	
515.0	81.0	3.0	3.0	8.83	10.44	8.1	4.94	9.14	7.07	6.83	4.37	6.16	6.34	7.71	9.17	9.48	6.5	8.56	3.98	8.63	8.43	6.68	
516.0	53.0	12.0	12.0	5.47	5.04	9.47	6.82	6.05	3.96	4.53	8.98	9.65	5.79	5.82	5.25	5.69	4.27	4.92	9.64	6.0	3.8	5.05	
517.0	98.0	15.0	15.0	7.51	4.5	7.89	8.92	5.84	7.42	8.21	8.71	4.55	4.72	8.47	8.64	6.45	3.8	6.16	4.44	8.93	5.17	8.63	
518.0	92.0	10.0	10.0	5.06	5.68	6.41	8.42	3.56	3.83	3.73	8.52	6.98	5.59	7.96	8.8	7.35	10.37	7.74	6.98	9.84	9.56	8.54	
519.0	93.0	4.0	4.0	9.39	6.88	9.2	5.38	8.18	10.15	5.15	7.76	8.29	9.36	4.34	7.37	4.66	9.26	9.37	5.01	5.45	7.39	6.74	
520.0	97.0	9.0	9.0	8.18	5.66	4.0	6.76	8.07	7.43	9.61	6.12	7.26	5.92	6.25	7.73	10.01	3.94	8.02	6.47	9.94	7.81	8.3	
521.0	56.0	13.0	13.0	3.93	5.46	5.59	8.88	5.34	9.38	8.46	10.0	8.2	7.8	7.46	7.93	9.45	7.21	8.64	4.16	5.54	8.48	6.35	
522.0	75.0	8.0	8.0	8.04	10.14	6.13	8.23	6.34	9.71	7.5	4.98	4.05	8.05	6.33	4.46	6.54	4.45	4.7	5.02	7.76	6.86	9.03	
523.0	33.0	14.0	14.0	3.53	4.62	4.68	7.05	8.21	6.91	9.28	6.02	5.96	4.12	6.08	9.52	7.81	3.63	9.69	6.07	10.25	8.47	4.58	
524.0	65.0	11.0	11.0	9.32	7.01	4.06	5.43	8.54	10.24	10.49	7.97	8.82	4.39	7.5	6.3	4.74	3.64	5.31	5.32	3.97	3.56	4.05	
525.0	91.0	9.0	9.0	7.56	7.47	3.63	6.28	8.34	4.84	9.11	9.99	3.84	10.39	3.67	9.82	6.85	9.58	7.79	6.09	6.6	3.76	6.36	
526.0	30.0	14.0	14.0	7.97	10.43	8.91	6.42	5.09	3.57	3.9	10.02	9.85	10.06	9.67	6.92	8.76	9.46	4.33	6.96	10.1	5.41	5.35	
527.0	72.0	11.0	11.0	5.42	6.98	4.81	5.54	9.5	5.07	9.01	3.85	5.53	3.9	9.67	6.55	5.13	8.1	9.13	7.37	6.21	9.11	9.91	
528.0	81.0	3.0	3.0	5.8	7.95	7.1	7.87	5.09	8.35	10.14	10.2	7.89	4.9	6.74	5.69	5.86	7.08	5.29	3.67	9.03	3.97	5.58	
529.0	85.0	3.0	3.0	6.75	7.64	6.39	7.43	4.71	7.42	8.03	6.73	9.9	9.08	7.94	5.44	8.11	7.33	8.38	7.89	8.5	4.56	8.33	
530.0	87.0	5.0	5.0	7.23	3.65	5.11	4.98	5.61	6.64	4.99	7.01	9.0	5.18	7.89	8.76	8.69	6.59	3.86	7.5	8.44	10.35	9.26	
531.0	89.0	14.0	14.0	6.08	8.92	6.56	9.42	9.78	6.14	4.98	10.26	4.66	6.14	7.04	4.21	6.58	3.91	6.77	4.62	6.92	8.25	8.97	
532.0	45.0	5.0	5.0	5.7	8.75	3.93	7.26	8.69	5.04	9.33	9.37	5.73	8.31	6.66	6.68	3.68	3.9	4.95	7.45	9.61	4.4	6.92	
533.0	95.0	8.0	8.0	5.4	9.66	4.33	5.06	7.6	8.49	9.0	9.24	7.57	10.4	7.42	7.2	6.99	7.9	8.91	3.58	8.45	4.43	4.74	
534.0	37.0	5.0	5.0	9.03	8.12	4.3	9.78	5.31	6.82	4.34	7.92	3.92	7.96	4.19	9.55	5.22	3.6	8.64	5.11	9.86	3.7	3.54	
535.0	83.0	5.0	5.0	6.02	5.21	4.92	6.23	6.95	8.76	6.6	6.07	8.8	10.12	8.43	3.64	9.63	5.9	5.82	9.04	9.62	4.33	9.1	
536.0	86.0	15.0	15.0	7.45	3.64	7.63	6.14	4.06	8.9	3.79	7.48	7.88	5.72	9.88	8.56	8.68	5.75	3.54	8.82	3.71	6.17	3.86	
537.0	51.0	2.0	2.0	10.2	10.16	6.32	5.01	3.83	5.88	4.05	8.85	5.55	8.8	7.57	4.74	9.13	8.57	9.47	7.96	8.09	3.75	4.59	
538.0	92.0	10.0	10.0	5.51	9.35	9.84	6.58	5.04	8.5	10.29	10.02	7.16	6.85	10.07	5.46	8.6	4.0	5.58	7.18	7.81	4.46	8.42	
539.0	94.0	13.0	13.0	6.28	7.23	5.45	7.31	6.62	8.34	7.31	8.62	7.12	4.77	7.48	6.43	4.9	9.11	5.83	10.1	4.07	8.02	7.97	
540.0	98.0	15.0	15.0	4.11	7.25	10.5	8.27	4.12	4.41	9.54	9.09	7.62	6.34	8.08	5.74	10.47	8.11	5.61	4.69	4.44	7.89	6.85	
541.0	54.0	10.0	10.0	9.12	10.12	9.81	9.53	8.14	7.98	9.98	5.3	4.14	5.65	7.25	10.21	10.2	6.7	6.93	10.32	6.12	8.61	3.9955460254471817	
542.0	64.0	4.0	4.0	7.91	4.41	9.65	4.61	9.0	5.31	6.07	9.6	3.93	9.34	5.45	6.49	5.13	9.26	4.74	9.4	10.23	5.9	5.54	
543.0	86.0	15.0	15.0	3.7	7.09	7.58	6.92	7.11	10.02	9.07	4.25	10.28	9.81	10.29	3.7	9.73	5.13	9.67	3.8	4.49	7.08	6.18	
544.0	89.0	14.0	14.0	6.57	7.34	8.98	3.91	7.59	5.47	5.01	10.22	6.51	3.86	8.51	8.64	4.27	6.28	4.77	3.84	7.64	10.25	5.15	
545.0	46.0	14.0	14.0	7.39	6.72	7.64	6.31	8.78	8.49	5.87	9.26	9.38	4.58	9.88	5.25	5.37	8.83	4.21	6.46	6.77	10.09	6.23	
546.0	94.0	13.0	13.0	4.82	6.51	7.07	8.25	8.81	3.55	8.54	5.99	9.18	10.19	8.88	8.14	8.45	5.47	8.43	4.12	4.17	6.99	6.69	
547.0	99.0	12.0	12.0	5.64	7.76	5.1	5.94	4.81	4.24	4.53	9.46	8.18	4.4	10.39	7.57	7.76	4.3	9.74	6.33	6.64	4.25	4.1	
548.0	82.0	6.0	6.0	8.62	5.09	9.69	3.52	6.59	10.48	4.81	6.16	7.24	5.82	5.41	10.07	5.38	8.93	7.02	6.65	8.8	5.11	6.16	
549.0	83.0	5.0	5.0	9.19	10.46	4.46	4.25	4.03	10.1	9.1	5.16	9.76	6.42	8.86	7.55	9.76	8.29	3.5	10.09	3.71	9.85	7.75	
550.0	77.0	8.0	8.0	7.25	6.09	8.87	3.84	6.23	8.91	7.07	9.47	4.31	4.99	7.27	4.33	6.22	7.7	5.21	7.39	6.27	7.12	5.24	
551.0	91.0	9.0	9.0	5.18	7.18	10.4	10.18	6.52	9.59	6.41	10.02	10.02	5.01	10.44	5.46	10.42	3.52	5.57	8.67	3.66	8.48	5.25	
552.0	47.0	15.0	15.0	9.95	6.37	9.92	3.94	5.01	3.51	9.73	5.19	5.36	9.18	4.29	9.08	8.35	10.32	4.94	8.52	3.58	7.51	8.79	
553.0	55.0	6.0	6.0	9.12	9.06	3.54	10.12	9.89	5.81	7.54	7.13	7.0	9.91	7.92	6.51	5.16	4.42	9.84	6.62	10.4	6.24	8.1	
554.0	46.0	14.0	14.0	4.98	8.03	3.79	9.38	7.06	7.41	8.28	8.47	4.07	6.78	8.97	3.86	3.55	10.39	4.76	9.88	9.97	8.32	9.62	
555.0	22.0	6.0	6.0	9.38	5.97	4.8	5.29	7.45	6.18	9.91	8.96	6.15	7.99	7.16	5.01	5.67	7.71	10.43	5.78	8.39	7.99	6.25	
556.0	60.0	3.0	3.0	6.01	3.54	4.44	9.6	4.69	9.83	7.45	5.47	6.39	9.49	7.87	7.9	10.29	10.22	6.22	4.57	5.04	7.29	4.26	
557.0	59.0	9.0	9.0	6.96	4.23	4.62	8.54	9.59	9.95	4.68	5.64	9.47	9.42	7.01	6.34	4.6	5.92	10.37	9.57	5.45	8.99	10.03	
558.0	90.0	4.0	4.0	6.36	6.38	7.95	6.34	7.58	5.29	7.0	9.6	9.23	7.84	8.54	5.82	9.84	4.49	4.15	6.11	5.57	6.91	10.3	
559.0	78.0	8.0	8.0	7.51	8.98	6.15	5.36	9.72	5.83	4.25	4.79	3.6	5.99	7.15	6.22	4.91	4.12	9.24	3.6	3.57	6.15	6.69	
560.0	97.0	9.0	9.0	5.32	3.7	7.99	4.46	9.21	9.8	9.48	4.9	5.09	3.63	6.28	9.16	9.53	4.74	3.88	3.82	7.59	4.92	3.64	
561.0	63.0	15.0	15.0	5.95	10.01	3.76	8.63	8.7	10.15	4.51	9.17	10.48	8.89	5.31	3.63	8.15	3.6	8.0	10.46	3.64	8.96	8.52	
562.0	83.0	5.0	5.0	10.5	7.01	5.87	10.37	8.13	7.24	10.16	4.8	9.72	6.68	5.35	4.45	8.84	10.28	5.5	5.76	3.81	7.13	9.22	
563.0	6.0	7.0	7.0	8.58	10.03	7.57	9.26	9.48	6.32	6.21	8.93	6.13	9.07	6.77	7.91	9.11	9.7	9.79	8.25	10.36	9.141426334465914	5.581475338282933	
564.0	89.0	14.0	14.0	6.46	6.31	6.25	3.57	8.33	8.12	4.51	8.71	6.35	3.91	9.19	6.45	6.6	5.92	5.24	8.24	5.87	6.54	5.22	
565.0	92.0	10.0	10.0	10.15	7.98	8.94	3.7	5.68	6.98	9.5	6.54	6.19	9.82	6.04	9.36	6.32	5.77	6.73	8.67	5.38	4.74	8.11	
566.0	96.0	15.0	15.0	7.04	7.45	9.23	5.21	8.08	7.01	5.03	8.28	5.9	7.62	7.91	6.01	8.98	6.79	9.45	5.48	4.27	8.57	4.28	
567.0	59.0	9.0	9.0	4.89	7.73	6.86	5.98	6.05	8.8	8.57	3.63	5.3	10.48	10.29	4.07	5.45	3.87	6.49	5.5	9.09	6.83	7.14	
568.0	75.0	8.0	8.0	7.18	5.69	8.83	8.23	5.43	10.35	9.09	7.64	6.5	5.72	6.18	3.67	9.01	7.8	3.72	6.9	9.24	7.34	7.29	
569.0	81.0	3.0	3.0	9.83	4.24	9.45	6.76	4.54	6.52	6.85	6.35	5.32	4.83	10.05	4.87	4.13	9.89	6.06	4.47	8.53	7.77	7.94	
570.0	86.0	15.0	15.0	7.2	9.66	5.33	4.4	6.27	6.82	9.57	10.48	7.29	6.41	9.0	4.91	9.03	6.35	4.62	7.15	7.84	9.43	4.71	
571.0	26.0	1.0	1.0	5.06	10.2	8.31	9.19	3.92	6.64	10.4	5.85	6.14	6.43	5.93	6.59	4.95	4.81	9.01	5.27	8.32	4.74	10.47	
572.0	93.0	4.0	4.0	3.53	7.02	6.42	6.1	8.25	8.9	9.89	7.77	7.78	4.42	6.54	8.59	5.31	8.18	9.48	9.43	6.25	3.68	7.57	
573.0	54.0	10.0	10.0	5.65	4.97	4.09	10.36	6.12	8.4	7.51	4.57	9.76	7.64	7.68	4.3	9.11	7.87	9.17	10.38	6.16	3.8	7.89	
574.0	63.0	15.0	15.0	9.59	8.9	9.02	8.06	8.78	10.02	10.15	4.12	8.29	8.89	9.64	5.24	4.15	6.4	3.82	7.38	9.95	6.14	1.6034898677336722	
575.0	83.0	5.0	5.0	7.93	4.92	4.38	5.87	9.23	7.92	9.09	8.44	6.08	4.36	5.73	7.82	5.71	9.3	8.32	3.86	8.52	8.95	4.51	
576.0	84.0	12.0	12.0	8.18	3.99	8.72	4.48	8.21	3.73	3.55	9.89	7.93	5.91	4.59	4.0	8.43	4.25	9.35	8.8	7.28	6.16	6.6	
577.0	88.0	4.0	4.0	6.47	6.33	7.28	6.11	9.27	6.58	8.66	8.42	4.06	10.05	10.28	3.58	5.56	5.11	8.64	5.29	8.92	10.47	8.42	
578.0	90.0	4.0	4.0	3.99	6.12	4.18	6.16	8.49	10.33	7.43	7.51	9.18	4.06	8.69	8.98	7.1	4.02	4.07	9.95	6.2	5.45	10.04	
579.0	93.0	4.0	4.0	5.33	6.33	5.23	8.39	8.89	6.21	6.5	9.62	3.6	7.62	9.15	7.63	7.21	3.7	4.81	8.41	7.23	8.15	8.43	
580.0	98.0	15.0	15.0	5.44	8.61	7.91	9.92	5.07	9.09	4.93	4.07	5.6	8.27	4.68	4.89	5.4	4.32	8.88	6.02	3.81	6.13	5.73	
581.0	57.0	14.0	14.0	9.91	4.32	5.15	8.69	9.59	4.67	6.3	4.38	3.92	10.27	9.62	4.07	5.26	6.96	7.76	10.18	5.63	6.58	8.26	
582.0	38.0	5.0	5.0	8.4	9.47	8.21	6.64	6.38	5.55	5.71	6.71	8.01	3.57	9.16	5.16	4.69	7.7	7.37	10.23	9.98	4.64	8.21	
583.0	85.0	3.0	3.0	9.59	7.88	4.25	9.46	7.13	7.46	5.42	4.76	9.08	4.72	3.98	7.11	4.47	7.9	4.43	5.78	9.27	9.17	7.07	
584.0	52.0	4.0	4.0	4.95	4.48	8.95	8.86	3.7	9.32	5.94	8.78	5.52	3.88	3.69	10.27	3.77	8.83	5.18	6.92	5.26	7.22	9.22	
585.0	91.0	9.0	9.0	9.17	5.83	5.74	9.75	6.09	5.04	4.79	8.66	4.28	4.49	4.85	9.06	5.61	7.37	7.05	8.04	5.09	8.04	6.66	
586.0	96.0	15.0	15.0	7.95	5.33	4.14	8.86	8.27	4.46	4.4	9.82	8.96	6.29	10.45	6.2	10.32	7.42	9.44	3.87	5.68	8.2	10.37	
587.0	98.0	15.0	15.0	4.17	6.26	9.87	6.52	7.27	8.65	9.04	4.98	9.17	6.42	7.51	5.55	4.42	7.77	5.85	8.94	4.81	8.46	4.81	
588.0	82.0	6.0	6.0	4.82	3.85	4.76	4.96	5.23	6.34	9.04	9.86	8.73	8.62	7.44	10.17	9.66	6.14	8.79	5.14	6.91	9.53	4.1	
589.0	83.0	5.0	5.0	6.02	6.4	10.06	5.93	4.55	4.38	6.32	4.78	6.99	4.7	7.81	6.21	7.05	10.45	6.01	9.41	6.03	6.3	4.18	
590.0	88.0	4.0	4.0	3.91	9.6	8.81	6.49	4.17	9.46	7.21	7.02	7.74	10.27	6.64	9.71	5.26	9.97	9.63	4.01	7.44	9.29	4.92	
591.0	36.0	15.0	15.0	9.72	8.82	9.13	6.42	9.5	7.56	5.83	7.89	8.28	6.83	10.34	7.93	4.14	4.37	5.82	4.92	8.12	6.36	4.33	
592.0	76.0	6.0	6.0	6.56	8.07	8.76	6.58	8.4	7.4	8.8	9.9	8.88	7.87	10.38	5.02	8.14	8.88	10.29	6.9	7.98	2.198400889506157	0.6240566130781876	
593.0	97.0	9.0	9.0	3.86	8.01	6.42	7.82	6.95	5.43	4.76	5.82	4.79	9.54	4.99	7.18	9.5	8.34	7.29	6.04	4.81	10.0	6.45	
594.0	28.0	8.0	8.0	4.75	7.47	9.27	7.99	9.67	10.19	6.49	10.16	4.86	8.89	4.51	8.33	6.74	4.66	4.96	8.98	10.48	10.4	1.7512492743035881	
595.0	50.0	9.0	9.0	9.45	3.56	4.4	4.37	5.61	4.26	5.88	5.91	6.22	7.49	9.15	5.67	6.57	6.11	10.41	9.05	7.07	6.33	9.29	
596.0	84.0	12.0	12.0	8.24	6.43	5.29	5.46	9.16	5.29	9.48	9.41	9.01	8.72	5.91	5.65	9.14	3.51	9.57	7.64	5.29	4.44	4.88	
597.0	89.0	14.0	14.0	6.04	8.95	6.76	7.81	5.14	6.5	10.49	5.89	9.82	9.32	4.57	9.26	8.66	9.35	9.26	3.83	5.43	8.87	5.06	
598.0	62.0	7.0	7.0	3.64	4.21	9.25	8.25	3.54	3.89	8.56	7.8	7.97	6.82	6.84	7.65	3.57	7.87	7.41	5.45	5.67	3.93	7.76	
599.0	94.0	13.0	13.0	5.15	7.91	6.6	6.44	4.81	10.18	8.31	6.63	9.25	4.62	8.87	8.39	6.53	7.02	6.51	4.62	6.71	3.69	5.17	
600.0	97.0	9.0	9.0	6.66	7.54	6.75	10.38	4.91	4.79	8.42	10.41	4.57	3.54	4.32	10.24	4.18	3.59	6.55	9.55	3.56	4.04	3.51	
601.0	100.0	14.0	14.0	6.61	5.2	7.25	9.33	3.53	5.35	8.82	9.52	9.68	6.26	9.38	4.58	8.03	5.72	5.68	4.35	6.59	6.39	5.9	
602.0	44.0	3.0	3.0	9.31	8.5	8.3	3.51	8.28	6.5	9.21	9.73	10.45	6.56	7.11	6.82	6.66	5.62	4.08	5.54	7.35	6.7	4.92	
603.0	52.0	4.0	4.0	6.75	4.83	3.78	5.09	9.53	10.3	6.5	6.12	10.17	8.3	3.57	5.78	8.9	5.02	7.74	6.98	8.0	9.68	8.58	
604.0	66.0	12.0	12.0	5.81	3.67	9.22	6.51	5.03	5.46	9.94	7.82	3.68	4.11	8.9	9.7	10.27	8.48	7.73	6.62	8.34	3.96	3.58	
605.0	36.0	15.0	15.0	9.61	5.99	5.02	9.79	4.55	4.27	8.84	4.94	6.51	6.66	3.62	3.65	6.51	7.9	6.75	3.87	4.33	6.5	6.35	
606.0	96.0	15.0	15.0	8.39	10.06	9.28	8.62	9.47	10.02	4.63	9.06	4.93	7.65	7.99	5.5	9.47	6.44	4.29	6.58	10.12	10.1	2.465156437370802	
607.0	97.0	9.0	9.0	9.9	5.06	4.07	3.86	7.67	7.12	4.85	4.3	7.26	4.37	6.95	7.66	8.35	6.03	4.23	10.2	3.86	9.57	6.45	
608.0	51.0	2.0	2.0	8.29	9.25	8.12	7.88	10.33	7.32	7.7	8.56	8.5	8.2	4.65	6.89	9.44	6.78	8.94	7.86	7.93	6.95	9.098436864574255	
609.0	54.0	10.0	10.0	8.56	6.17	8.52	6.69	3.84	7.24	3.73	9.91	4.9	9.95	4.64	3.77	4.0	4.2	6.74	6.85	9.26	8.36	3.8	
610.0	81.0	3.0	3.0	6.45	5.63	5.23	9.09	4.57	5.99	6.37	7.98	4.22	8.57	6.52	6.63	3.71	4.87	6.31	4.98	8.27	8.4	7.21	
611.0	47.0	15.0	15.0	4.97	5.9	8.07	5.02	9.69	9.16	8.2	7.75	4.36	4.13	8.77	7.22	9.08	5.56	10.05	8.19	4.0	4.7	3.79	
612.0	93.0	4.0	4.0	7.24	6.62	8.83	10.47	5.38	3.69	7.6	8.54	10.48	6.5	5.33	3.85	8.47	8.94	3.82	4.81	8.69	3.53	9.56	
613.0	97.0	9.0	9.0	7.44	5.94	6.79	4.88	5.43	4.39	5.1	9.77	6.68	5.76	6.1	5.59	7.32	10.06	5.42	4.24	5.36	4.67	6.37	
614.0	50.0	9.0	9.0	4.0	4.38	8.03	3.61	3.87	4.29	10.03	5.63	8.91	6.32	8.91	6.13	3.84	5.14	5.61	5.36	5.34	10.32	5.05	
615.0	88.0	4.0	4.0	7.14	4.36	7.09	7.95	6.18	8.3	6.76	5.41	6.31	5.31	6.7	10.34	5.0	3.95	5.23	7.63	8.17	8.97	5.07	
616.0	86.0	15.0	15.0	5.76	4.71	4.64	5.29	5.56	3.64	8.44	9.05	5.1	10.01	5.95	8.12	10.25	9.11	6.16	4.25	4.8	8.57	9.96	
617.0	66.0	12.0	12.0	6.5	8.22	10.33	9.46	5.12	9.47	3.53	8.22	10.34	10.41	3.82	9.78	6.93	9.44	4.37	7.8	3.72	5.34	4.87	
618.0	69.0	12.0	12.0	9.69	3.68	9.55	6.02	4.39	10.31	8.83	9.71	9.15	4.59	3.8	8.34	8.47	6.18	8.41	4.98	5.58	6.29	6.4	
619.0	67.0	3.0	3.0	8.32	9.88	7.74	6.37	8.55	5.56	6.87	4.09	4.42	7.69	9.53	5.49	10.27	8.4	9.46	6.91	7.41	4.25	3.77	
620.0	83.0	5.0	5.0	5.41	7.0	10.49	10.38	7.04	5.87	9.94	6.03	4.29	5.35	9.79	8.85	10.5	8.22	5.15	4.89	6.85	6.36	8.11	
621.0	99.0	12.0	12.0	3.89	3.94	3.65	5.07	8.31	10.31	6.63	4.74	7.99	9.65	8.04	7.22	7.35	7.45	8.81	6.32	5.01	3.8	7.47	
622.0	83.0	5.0	5.0	7.08	10.19	6.46	6.18	5.71	4.91	7.84	3.68	4.32	9.6	4.93	10.08	9.9	5.24	3.98	9.83	4.42	5.21	6.6	
623.0	85.0	3.0	3.0	4.22	9.09	5.01	4.02	8.46	9.74	8.53	9.86	4.48	5.57	7.23	5.12	7.26	10.03	8.03	8.12	4.54	10.02	7.61	
624.0	67.0	3.0	3.0	3.65	6.02	9.05	10.2	4.95	6.36	10.17	8.97	7.4	4.68	5.39	5.26	9.27	5.86	4.14	6.59	8.5	4.15	6.94	
625.0	91.0	9.0	9.0	9.32	4.81	4.56	6.39	3.67	9.73	7.52	3.92	6.0	8.54	7.53	7.87	6.49	7.92	7.89	4.59	4.16	3.55	3.69	
626.0	53.0	12.0	12.0	4.55	8.63	10.09	3.83	4.03	6.2	6.89	5.16	7.27	7.98	9.3	9.44	10.37	7.67	4.44	9.26	8.73	9.77	5.73	
627.0	92.0	10.0	10.0	5.09	10.23	5.44	5.55	6.93	3.93	5.04	4.76	8.59	7.19	3.84	6.85	10.38	10.49	9.07	9.85	4.23	6.09	9.91	
628.0	81.0	3.0	3.0	5.76	5.37	6.51	9.9	3.91	9.83	5.41	6.2	8.52	6.64	6.72	6.41	9.75	9.86	8.03	10.02	6.31	10.13	8.0	
629.0	83.0	5.0	5.0	3.71	9.05	3.58	5.79	9.43	4.37	10.11	3.75	8.52	10.0	8.93	9.32	5.93	10.36	3.56	4.08	9.21	7.1	8.58	
630.0	76.0	6.0	6.0	3.66	4.71	3.98	6.53	4.11	9.76	8.87	7.7	6.49	3.82	9.45	7.13	9.58	4.21	7.52	9.54	8.02	10.28	8.9	
631.0	66.0	12.0	12.0	6.47	4.7	9.37	7.07	9.2	3.76	3.55	7.23	5.87	6.92	9.39	8.9	10.45	4.26	5.76	4.41	7.34	5.15	6.24	
632.0	93.0	4.0	4.0	8.67	8.51	7.18	4.2	8.2	3.78	8.33	4.57	5.01	8.23	6.57	6.72	7.31	5.02	9.29	6.68	5.28	3.75	4.55	
633.0	40.0	11.0	11.0	6.52	8.24	9.88	9.86	7.0	6.75	8.81	5.33	5.53	9.01	7.71	9.87	3.89	10.39	8.33	7.53	8.06	5.51	7.156283833253522	
634.0	33.0	14.0	14.0	10.01	8.89	5.55	7.82	10.13	4.5	5.38	8.77	9.57	5.98	8.65	5.02	8.85	3.61	8.71	7.0	6.97	6.75	5.28	
635.0	65.0	11.0	11.0	4.23	5.83	6.87	6.82	7.83	8.64	10.24	4.2	4.2	6.89	5.68	10.01	7.44	8.09	9.85	5.21	10.19	7.04	4.27	
636.0	49.0	12.0	12.0	6.15	8.14	3.62	9.48	8.0	4.24	4.18	4.05	5.89	8.16	9.56	8.23	5.71	8.44	5.39	9.37	4.44	6.47	4.78	
637.0	41.0	15.0	15.0	8.34	7.63	10.41	5.69	5.47	9.92	7.0	5.52	3.74	6.2	6.75	5.32	7.37	8.81	7.82	9.62	5.7	8.71	4.0	
638.0	90.0	4.0	4.0	4.54	6.49	4.67	3.94	8.86	5.48	7.92	4.39	4.82	7.71	8.52	7.69	3.83	7.6	6.64	3.9	10.21	8.59	4.41	
639.0	43.0	13.0	13.0	3.55	6.6	10.41	8.37	9.0	9.89	9.8	5.62	6.33	5.17	8.08	6.54	7.55	3.93	5.21	6.8	8.79	7.59	4.21	
640.0	98.0	15.0	15.0	5.44	6.3	8.56	5.96	9.1	6.75	4.26	8.89	8.79	5.81	8.84	8.53	10.14	8.18	6.94	5.87	7.85	7.35	8.01	
641.0	100.0	14.0	14.0	5.43	7.93	4.47	6.46	8.34	8.09	7.65	7.36	5.31	4.7	8.15	10.39	5.22	7.88	7.13	6.4	8.61	8.55	7.77	
642.0	85.0	3.0	3.0	3.58	8.93	7.12	8.86	6.83	4.61	6.7	9.94	7.62	3.98	9.89	9.09	5.75	3.55	4.24	4.14	9.38	4.46	7.52	
643.0	32.0	14.0	14.0	3.62	9.35	5.43	9.34	4.63	4.7	6.32	10.2	8.64	9.24	3.55	6.75	3.99	6.05	9.51	9.28	5.92	10.02	6.15	
644.0	89.0	14.0	14.0	9.63	4.74	8.11	3.92	7.87	5.78	6.07	6.32	8.84	9.41	4.31	9.27	5.45	7.6	3.57	3.77	5.75	4.87	8.22	
645.0	91.0	9.0	9.0	7.84	7.01	5.67	5.65	4.04	8.24	8.62	4.6	9.77	3.67	5.2	7.27	5.16	4.9	7.44	9.41	8.84	8.71	9.35	
646.0	95.0	8.0	8.0	4.02	5.11	10.4	5.28	5.49	8.47	9.38	6.99	5.92	4.68	9.72	9.87	9.34	6.8	6.99	6.01	6.16	7.81	6.09	
647.0	97.0	9.0	9.0	8.86	4.33	5.45	5.0	5.17	3.61	8.73	5.07	8.92	7.84	8.37	9.22	6.48	6.46	4.54	6.29	8.9	4.98	6.97	
648.0	61.0	12.0	12.0	7.23	6.77	3.67	4.7	7.29	9.75	9.27	6.28	5.92	6.71	10.25	9.2	3.88	4.23	5.02	6.63	8.77	3.74	7.66	
649.0	67.0	3.0	3.0	7.53	7.92	9.03	4.63	4.84	10.08	4.57	6.01	9.64	7.72	5.75	4.76	5.62	4.05	6.11	9.76	6.55	9.92	5.03	
650.0	47.0	15.0	15.0	4.33	5.29	9.57	9.11	7.96	6.05	5.46	4.67	6.0	6.58	10.37	6.54	6.36	5.31	3.72	10.45	6.81	6.53	4.37	
651.0	91.0	9.0	9.0	5.34	5.25	10.0	6.65	6.28	9.78	7.5	5.84	9.96	10.44	9.01	6.78	5.76	7.48	9.49	6.54	4.14	5.51	4.22	
652.0	94.0	13.0	13.0	5.21	8.99	5.43	6.54	5.43	7.76	10.4	9.96	5.44	7.78	7.98	4.09	9.39	8.18	7.64	6.47	6.48	9.14	4.58	
653.0	96.0	15.0	15.0	6.05	6.42	9.15	8.56	9.95	4.4	8.08	7.07	6.18	6.34	8.02	6.86	8.09	9.06	4.17	4.98	5.41	7.81	5.35	
654.0	53.0	12.0	12.0	3.68	8.18	3.75	7.77	6.28	6.03	6.61	5.95	9.1	3.62	6.48	3.89	5.7	8.54	7.29	8.5	9.07	9.81	10.5	
655.0	83.0	5.0	5.0	8.33	9.28	4.53	7.06	4.44	4.95	10.38	3.98	7.64	4.97	5.11	5.54	9.12	7.58	4.95	5.39	7.99	3.97	5.25	
656.0	86.0	15.0	15.0	8.06	6.18	5.09	7.86	5.17	7.98	5.66	7.1	4.84	3.82	3.93	5.35	8.92	7.27	5.49	8.87	8.22	9.67	7.43	
657.0	35.0	10.0	10.0	5.39	4.03	7.93	6.3	9.01	9.34	7.59	10.07	8.44	7.76	6.43	3.92	9.82	9.49	5.93	5.98	9.52	4.02	6.88	
658.0	90.0	4.0	4.0	4.55	8.05	5.78	9.16	3.62	7.82	6.15	4.71	8.14	8.07	9.7	8.96	9.2	3.66	6.02	10.3	6.88	8.91	6.13	
659.0	93.0	4.0	4.0	4.46	5.67	6.69	8.14	9.02	4.57	7.23	8.33	7.11	7.07	6.86	6.16	9.94	7.75	8.65	4.02	8.44	10.3	5.99	
660.0	86.0	15.0	15.0	7.39	7.63	4.49	9.4	9.05	3.75	5.15	5.04	3.74	9.3	6.52	4.93	4.64	4.73	5.64	10.39	5.19	8.75	7.68	
661.0	69.0	12.0	12.0	8.19	7.48	10.24	4.27	6.63	10.19	9.43	8.21	8.92	7.93	7.88	10.14	7.14	7.93	6.41	8.92	4.7	7.2	9.029863869393793	
662.0	83.0	5.0	5.0	7.56	6.69	9.5	5.75	6.95	7.49	8.12	4.69	10.4	6.83	9.0	7.09	8.49	10.27	8.17	7.43	4.25	4.16	10.09	
663.0	87.0	5.0	5.0	6.94	5.6	9.43	7.68	5.83	7.8	5.8	3.87	4.43	7.68	8.21	4.93	9.2	5.36	6.71	8.55	7.84	5.88	8.68	
664.0	89.0	14.0	14.0	5.67	8.2	7.03	8.64	4.15	3.98	8.32	8.16	4.81	7.64	8.6	3.87	10.33	9.33	7.04	6.9	8.42	7.24	5.14	
665.0	69.0	12.0	12.0	4.46	9.11	4.87	5.24	5.49	7.21	4.28	5.09	10.23	6.94	4.6	9.92	10.35	8.96	4.02	7.14	6.93	7.81	6.09	
666.0	94.0	13.0	13.0	6.69	10.03	4.9	6.51	8.73	3.72	8.1	6.43	7.56	10.13	8.3	7.84	10.39	5.62	4.95	4.42	9.19	5.06	8.24	
667.0	65.0	11.0	11.0	9.64	9.29	4.9	6.87	6.76	4.85	10.45	9.05	4.5	7.44	10.26	9.5	7.93	6.85	9.59	10.02	5.61	7.78	6.326438762473314	
668.0	22.0	6.0	6.0	7.23	8.64	8.82	6.02	4.35	7.9	5.52	3.65	7.83	7.47	7.51	5.73	4.63	9.93	8.1	5.44	9.53	9.7	8.62	
669.0	85.0	3.0	3.0	4.27	4.0	4.17	6.33	6.65	5.75	3.83	8.51	8.4	8.74	4.63	4.78	5.67	5.48	9.3	4.98	9.6	7.33	5.62	
670.0	87.0	5.0	5.0	4.33	5.05	6.28	8.34	3.92	6.57	5.06	7.38	4.57	8.46	8.77	5.13	5.55	4.19	6.35	5.28	9.03	8.26	3.88	
671.0	74.0	1.0	1.0	6.43	4.37	6.99	8.55	9.29	7.52	5.0	5.13	9.51	8.78	3.61	5.22	8.53	7.25	3.99	10.47	4.87	9.64	5.29	
672.0	92.0	10.0	10.0	9.14	6.72	5.95	8.26	6.89	4.39	8.91	9.91	10.26	10.37	6.54	3.95	10.3	7.38	9.64	7.76	6.2	4.53	4.35	
673.0	95.0	8.0	8.0	5.33	4.79	9.02	8.59	6.09	6.83	5.81	7.27	7.31	9.51	7.71	6.6	8.53	6.73	10.26	7.68	8.31	8.67	6.75	
674.0	41.0	15.0	15.0	10.01	6.38	8.59	5.38	10.43	7.31	4.99	7.36	8.42	3.89	9.88	8.62	8.76	6.55	3.85	7.37	3.89	9.65	8.4	
675.0	71.0	11.0	11.0	4.05	10.34	9.52	10.24	7.64	6.86	6.24	3.63	8.62	6.29	8.95	8.23	8.11	6.58	10.13	6.66	5.26	7.94	5.75	
676.0	78.0	8.0	8.0	5.96	4.28	7.08	5.61	4.02	8.73	3.9	9.21	7.45	7.12	4.09	5.88	6.1	7.36	5.13	6.42	5.11	6.11	5.03	
677.0	87.0	5.0	5.0	8.28	8.31	9.74	4.66	3.84	6.07	3.9	7.53	8.48	9.61	5.9	6.98	5.1	7.33	8.93	8.48	7.64	6.34	8.76	
678.0	61.0	12.0	12.0	8.43	8.8	5.56	3.91	7.27	6.51	4.65	3.87	8.02	7.08	7.8	7.74	5.7	5.27	5.87	5.33	3.85	9.72	6.48	
679.0	95.0	8.0	8.0	8.92	9.38	10.18	8.12	4.59	4.26	9.73	6.18	5.24	6.53	9.52	9.87	8.52	4.3	8.84	10.46	10.31	10.46	8.469013210602135	
680.0	75.0	8.0	8.0	7.37	10.21	6.61	6.48	8.98	7.83	9.64	9.94	9.89	9.78	10.44	7.92	10.14	5.4	5.62	7.17	6.91	3.3159505964646896	0.6779723214264621	
681.0	96.0	15.0	15.0	6.25	3.56	4.4	5.29	5.83	9.14	5.12	3.76	4.75	8.77	4.63	6.58	7.07	5.2	4.7	5.05	5.87	6.51	4.48	
682.0	83.0	5.0	5.0	4.45	4.5	9.37	3.98	10.34	5.29	5.63	7.87	7.88	5.16	6.39	10.42	5.96	9.06	8.53	4.47	5.42	6.54	8.14	
683.0	65.0	11.0	11.0	6.61	9.55	3.53	8.43	3.53	7.04	4.2	6.5	9.75	7.69	4.57	8.91	9.47	6.4	6.8	8.95	7.25	7.01	10.21	
684.0	18.0	2.0	2.0	8.71	6.52	9.94	6.3	9.71	10.5	10.32	4.02	7.57	8.0	8.96	4.82	3.85	8.13	7.94	7.4	8.34	7.79	2.4926945923101296	
685.0	21.0	9.0	9.0	6.78	7.81	7.51	7.25	9.86	9.69	3.93	7.11	3.61	6.55	7.29	4.39	10.34	8.62	9.05	5.37	9.48	8.28	8.98	
686.0	95.0	8.0	8.0	9.13	10.17	10.25	7.93	8.64	6.29	8.29	5.57	10.47	10.45	7.19	5.95	7.73	9.43	8.71	6.3	4.59	10.33	4.2649316403676005	
687.0	54.0	10.0	10.0	10.19	9.92	7.95	6.44	6.99	9.68	7.24	4.54	5.52	6.13	6.91	6.87	4.3	10.28	3.54	10.12	7.28	8.16	9.01	
688.0	100.0	14.0	14.0	8.97	7.87	7.66	9.17	10.29	7.85	7.41	5.19	5.17	7.72	6.04	8.23	9.5	6.53	7.48	7.21	10.42	10.06	6.669472499908223	
689.0	83.0	5.0	5.0	6.22	7.01	8.86	6.8	5.86	6.86	7.99	8.85	3.84	6.25	7.34	5.96	10.4	9.97	9.78	6.2	4.88	3.54	10.07	
690.0	25.0	12.0	12.0	4.04	9.47	7.07	9.69	3.61	4.34	9.34	9.89	4.32	3.87	7.21	6.0	8.6	9.04	4.02	6.54	5.05	9.16	9.6	
691.0	89.0	14.0	14.0	8.3	5.51	4.23	8.56	8.22	9.07	4.1	7.43	4.69	10.33	7.81	4.43	4.97	6.7	5.17	5.46	5.23	4.66	7.24	
692.0	94.0	13.0	13.0	8.55	8.55	7.17	4.77	6.93	4.05	3.87	9.15	7.72	7.24	4.42	7.83	7.05	8.28	3.67	7.73	8.19	3.85	6.4	
693.0	95.0	8.0	8.0	5.68	5.9	9.61	5.1	8.7	10.3	7.17	6.01	10.39	9.2	7.04	5.47	6.57	8.68	6.15	5.0	5.94	5.95	6.7	
694.0	78.0	8.0	8.0	5.72	3.66	9.64	8.66	5.47	7.51	8.51	8.92	10.06	4.51	6.52	8.8	6.52	4.66	9.33	5.1	8.95	8.87	3.65	
695.0	86.0	15.0	15.0	5.27	4.36	10.28	10.3	6.44	7.65	9.84	3.86	5.27	10.03	6.01	7.4	4.65	4.96	6.0	10.22	9.04	9.34	8.6	
696.0	86.0	15.0	15.0	5.17	9.27	7.04	8.92	5.79	6.77	4.32	8.89	4.66	6.88	3.68	7.11	4.4	9.61	5.12	5.32	8.07	7.94	3.5	
697.0	87.0	5.0	5.0	6.72	4.54	9.93	6.87	4.09	4.75	4.84	4.4	4.94	4.67	9.74	8.9	5.8	8.28	7.73	9.21	6.5	9.75	4.6	
698.0	42.0	4.0	4.0	4.43	5.75	8.79	4.18	5.44	6.59	6.52	9.33	6.63	4.8	10.32	9.91	9.41	6.95	6.71	3.54	4.95	4.55	10.23	
699.0	95.0	8.0	8.0	10.46	4.94	7.46	6.17	9.38	9.57	9.65	4.49	10.19	3.73	4.42	6.28	8.15	6.97	5.1	5.19	9.25	9.7	4.57	
700.0	98.0	15.0	15.0	7.97	7.3	6.7	7.31	7.46	4.74	6.83	7.78	5.21	8.07	3.67	7.92	5.79	3.94	5.15	8.22	6.2	9.78	7.77	
701.0	71.0	11.0	11.0	6.3	4.03	6.54	7.54	7.84	4.38	7.96	7.94	7.13	10.0	6.02	5.55	8.68	8.71	6.08	10.29	6.29	8.77	3.67	
702.0	84.0	12.0	12.0	5.82	6.49	5.09	4.4	7.19	5.09	7.36	9.63	9.14	4.1	10.43	4.92	5.05	5.43	6.54	8.1	4.02	8.34	6.76	
703.0	72.0	11.0	11.0	4.55	4.67	6.54	5.36	7.48	4.15	7.65	5.1	8.98	9.38	9.18	5.65	5.25	9.95	5.21	6.59	8.33	5.52	6.48	
704.0	88.0	4.0	4.0	4.29	6.15	7.88	6.96	6.08	9.5	7.29	7.67	10.0	5.39	9.97	9.17	8.73	4.4	8.05	4.25	8.81	7.76	3.98	
705.0	91.0	9.0	9.0	9.65	9.95	10.35	7.48	9.4	4.15	7.8	5.94	5.68	5.16	8.51	8.56	3.95	8.67	6.29	7.16	6.96	8.72	6.14	
706.0	61.0	12.0	12.0	4.35	4.23	6.15	6.66	8.43	5.48	5.15	9.24	5.92	7.79	7.24	6.62	7.5	3.79	10.0	7.69	8.67	4.36	4.6	
707.0	98.0	15.0	15.0	9.79	3.92	9.32	6.62	10.15	9.05	3.97	3.54	6.08	4.6	8.29	6.64	6.63	7.59	9.84	7.84	3.79	7.76	6.7	
708.0	67.0	3.0	3.0	6.21	9.93	8.12	6.02	4.67	6.09	8.29	9.17	7.67	3.82	7.5	9.92	6.52	9.33	5.87	8.42	9.73	9.31	8.69	
709.0	83.0	5.0	5.0	7.46	9.91	4.13	9.02	5.36	3.51	9.69	4.01	5.97	9.56	10.03	5.1	9.59	7.54	3.5	4.25	5.82	9.17	9.75	
710.0	87.0	5.0	5.0	3.67	10.28	3.79	7.42	4.59	8.12	3.86	8.72	7.2	7.04	10.39	5.96	9.11	8.76	4.2	3.59	8.44	8.48	3.96	
711.0	90.0	4.0	4.0	6.62	7.16	9.35	7.44	10.39	7.09	9.24	4.07	7.72	8.59	3.88	8.12	5.61	4.34	4.46	4.23	9.8	5.07	6.41	
712.0	66.0	12.0	12.0	3.74	7.23	8.77	8.77	7.89	4.47	8.62	4.75	10.28	9.6	8.91	6.61	7.05	3.63	3.75	8.77	7.54	9.77	5.12	
713.0	39.0	14.0	14.0	4.77	6.5	6.61	3.97	4.62	4.98	8.49	3.9	5.28	3.61	4.15	6.76	7.1	8.74	6.21	5.5	10.4	6.18	4.92	
714.0	49.0	12.0	12.0	6.77	8.15	6.66	8.88	6.71	6.66	7.8	6.69	4.26	9.51	7.04	9.97	9.09	9.72	5.63	4.0	5.81	9.42	8.13	
715.0	12.0	5.0	5.0	6.59	3.97	8.2	7.92	8.59	9.94	8.57	6.33	10.27	6.62	4.47	7.49	4.47	5.1	4.91	5.06	7.53	9.52	9.2	
716.0	47.0	15.0	15.0	7.65	4.96	10.2	10.32	5.83	8.06	7.44	7.55	8.16	7.35	10.23	9.85	3.91	10.33	6.97	7.63	7.12	8.07	2.206732050517081	
717.0	88.0	4.0	4.0	5.2	7.63	3.72	8.71	5.91	7.45	6.41	10.19	4.79	7.74	7.75	6.59	5.67	5.6	8.82	3.72	3.78	5.65	8.52	
718.0	51.0	2.0	2.0	4.04	3.96	9.3	3.71	8.27	4.17	7.35	3.83	7.83	5.33	9.38	4.09	5.6	9.56	7.24	8.25	4.24	3.55	5.37	
719.0	95.0	8.0	8.0	6.71	5.55	8.6	8.02	3.98	6.96	3.71	4.19	6.02	6.11	8.44	5.93	10.01	9.73	8.68	9.21	8.15	7.57	10.43	
720.0	27.0	13.0	13.0	10.26	5.23	6.51	10.03	4.98	5.9	4.45	3.93	7.56	4.0	6.18	8.79	7.81	8.52	7.62	4.26	8.54	3.6	8.35	
721.0	81.0	3.0	3.0	7.93	7.05	4.17	8.73	9.84	10.39	5.34	5.61	6.9	9.01	8.84	6.53	5.79	9.59	9.16	4.82	3.92	8.51	9.51	
722.0	31.0	8.0	8.0	10.42	7.06	8.73	8.57	7.64	6.23	5.48	6.45	5.27	10.05	8.14	4.21	7.77	9.25	10.19	8.88	6.9	7.48	4.417374519166232	
723.0	20.0	4.0	4.0	6.28	4.42	3.51	8.64	7.88	8.23	10.01	8.51	5.51	5.21	3.64	5.29	4.16	8.26	9.88	7.53	7.65	9.05	6.14	
724.0	96.0	15.0	15.0	6.22	6.92	6.77	9.07	7.71	8.78	10.08	7.86	5.91	8.17	9.99	9.07	4.71	5.32	8.85	8.66	7.11	4.25	5.18	
725.0	91.0	9.0	9.0	4.31	6.67	4.98	4.29	4.85	8.39	9.51	3.7	7.98	6.73	8.17	8.96	7.61	9.9	6.87	4.33	6.95	5.97	5.58	
726.0	43.0	13.0	13.0	10.14	10.03	7.67	4.55	3.86	10.08	5.37	7.37	4.92	9.43	9.51	4.66	8.94	8.43	8.37	7.37	6.68	8.81	5.35	
727.0	97.0	9.0	9.0	6.99	4.21	9.74	4.73	7.47	7.85	6.52	4.93	10.22	10.15	4.43	8.0	5.31	5.29	9.56	4.63	4.02	10.38	9.53	
728.0	82.0	6.0	6.0	5.81	4.89	7.26	4.7	7.38	9.07	9.45	7.16	9.4	9.57	3.94	9.41	7.37	10.19	6.65	6.91	8.65	5.21	5.29	
729.0	84.0	12.0	12.0	9.3	10.46	9.7	9.59	5.47	7.59	3.69	9.85	5.28	7.95	6.98	9.11	5.15	5.58	7.86	10.33	9.61	6.56	7.549230734296327	
730.0	87.0	5.0	5.0	6.25	7.67	6.71	5.65	5.36	6.81	4.28	10.06	8.82	3.92	7.56	8.98	10.28	6.65	8.57	9.77	5.53	6.88	9.41	
731.0	24.0	14.0	14.0	4.93	8.18	7.74	4.66	5.46	4.31	7.11	6.1	5.51	5.19	6.0	7.1	9.96	9.19	3.72	9.29	5.44	5.42	5.31	
732.0	92.0	10.0	10.0	5.71	9.42	5.97	6.42	5.09	10.27	7.61	7.17	8.42	9.04	7.53	5.95	6.61	4.26	5.91	9.12	6.66	9.79	5.33	
733.0	97.0	9.0	9.0	7.83	4.09	7.15	5.3	5.93	7.88	5.05	7.83	6.41	4.66	4.07	8.97	4.7	7.73	10.08	5.83	6.57	7.64	3.7	
734.0	27.0	13.0	13.0	4.13	9.37	10.08	9.59	8.26	10.45	5.97	8.12	6.2	3.95	9.69	5.01	8.93	5.99	7.11	8.27	5.31	4.14	4.53	
735.0	82.0	6.0	6.0	8.22	7.87	3.6	7.36	5.65	9.59	5.04	4.47	7.24	4.49	3.58	5.45	7.18	8.31	7.17	5.15	7.08	6.19	9.01	
736.0	84.0	12.0	12.0	7.48	6.53	9.8	4.73	7.15	9.28	9.61	4.31	8.47	9.12	3.61	4.92	10.29	6.27	4.82	5.85	10.03	4.25	4.03	
737.0	76.0	6.0	6.0	9.43	5.56	6.68	5.37	4.8	4.17	8.28	6.86	6.59	3.83	6.11	5.17	8.46	5.32	8.08	8.06	6.51	5.96	7.57	
738.0	51.0	2.0	2.0	7.82	4.45	5.58	6.89	8.94	10.42	4.24	10.3	7.9	7.3	8.87	10.12	10.04	6.37	6.46	6.14	10.22	4.5	5.11	
739.0	37.0	5.0	5.0	4.29	6.34	7.16	4.16	6.74	4.26	9.53	4.01	7.58	3.82	8.64	4.02	4.55	8.11	7.44	5.58	5.48	5.42	7.17	
740.0	98.0	15.0	15.0	8.88	10.49	9.1	3.78	5.9	9.04	9.11	6.87	7.91	6.15	6.03	6.86	7.47	5.41	5.18	10.15	8.55	10.25	6.0	
741.0	99.0	12.0	12.0	3.52	4.24	6.2	8.82	8.17	6.61	5.32	4.2	6.86	8.93	8.04	8.37	3.96	3.71	8.57	10.49	6.78	3.95	9.3	
742.0	64.0	4.0	4.0	6.43	8.4	9.74	10.16	3.68	7.94	4.66	8.59	10.49	7.77	9.25	8.89	4.71	6.3	9.45	7.98	7.8	10.17	0.70219795562668	
743.0	76.0	6.0	6.0	8.97	7.17	9.45	8.91	7.05	7.26	10.11	3.95	8.68	10.04	7.57	9.03	10.33	9.3	8.37	4.39	7.11	8.06	2.547534019923389	
744.0	66.0	12.0	12.0	9.23	8.01	6.67	4.52	3.86	10.04	6.75	9.07	8.59	5.58	8.81	10.4	4.27	10.0	3.89	5.02	6.93	6.86	9.43	
745.0	9.0	15.0	15.0	8.86	8.86	6.27	5.82	10.43	4.94	4.37	5.54	10.04	4.91	5.17	6.26	8.27	7.22	6.12	6.11	8.65	9.57	5.5	
746.0	96.0	15.0	15.0	9.4	8.0	5.26	7.97	5.48	8.08	4.46	8.25	6.64	7.78	7.4	9.56	7.45	5.74	4.62	6.99	7.51	7.46	9.57	
747.0	98.0	15.0	15.0	10.29	6.91	5.09	5.71	7.26	7.69	5.18	3.51	4.12	7.18	5.44	8.83	4.55	4.25	7.04	5.12	9.02	3.86	5.14	
748.0	5.0	15.0	15.0	3.56	7.12	4.05	4.83	8.97	4.52	10.4	5.44	7.83	5.67	9.75	10.43	8.76	7.57	9.86	7.0	3.67	4.33	10.37	
749.0	4.0	9.0	9.0	5.42	4.88	3.54	8.26	7.24	5.5	5.03	6.15	4.81	5.97	7.38	5.29	3.97	4.96	3.8	5.14	6.51	5.5	6.52	
750.0	88.0	4.0	4.0	6.19	9.84	8.17	5.42	5.67	8.77	6.63	7.85	6.83	6.25	7.73	3.88	6.36	5.98	7.86	8.62	8.73	7.46	8.63	
751.0	53.0	12.0	12.0	5.82	3.85	4.24	3.82	9.05	8.81	6.4	7.47	10.19	5.88	3.92	5.39	8.25	7.78	9.07	9.96	5.62	7.06	6.48	
752.0	92.0	10.0	10.0	9.0	3.91	5.08	4.6	8.1	9.14	7.26	5.19	10.18	10.27	4.16	9.35	4.9	8.74	9.38	9.56	6.91	6.67	5.13	
753.0	61.0	12.0	12.0	7.92	6.6	7.29	9.98	4.5	7.15	9.55	9.64	3.71	6.38	7.49	10.19	8.8	9.19	6.22	7.67	8.89	6.43	6.57	
754.0	24.0	14.0	14.0	8.05	9.61	5.12	9.11	4.64	6.73	6.07	9.56	3.71	5.68	8.73	6.96	4.54	4.21	10.31	9.99	6.86	7.42	4.95	
755.0	83.0	5.0	5.0	10.0	10.5	9.62	5.87	8.01	6.6	9.05	10.05	8.81	8.25	8.45	10.29	9.99	10.0	6.91	8.06	6.098352370496469	5.067319743669085	1.950446805639095	
756.0	86.0	15.0	15.0	6.22	7.73	7.79	3.65	6.96	5.7	5.46	5.5	7.2	4.66	8.69	10.05	7.62	6.56	3.59	7.0	9.99	5.38	6.75	
757.0	70.0	11.0	11.0	7.86	5.05	10.23	7.32	5.67	7.12	4.79	5.51	5.57	9.07	9.68	6.33	9.69	9.1	4.78	8.49	6.06	7.89	5.3	
758.0	92.0	10.0	10.0	9.66	3.64	6.6	6.09	3.94	9.42	7.26	9.31	9.74	8.98	5.57	4.74	8.45	7.42	10.45	10.03	3.81	4.39	4.06	
759.0	75.0	8.0	8.0	4.65	5.76	9.01	7.99	5.26	10.47	7.87	10.4	4.58	8.09	5.11	7.2	4.98	4.41	6.31	6.52	4.0	9.4	9.18	
760.0	97.0	9.0	9.0	4.84	9.35	4.96	5.18	4.5	6.64	4.63	4.39	8.5	8.26	5.7	8.15	3.55	10.47	6.66	5.18	7.04	4.87	7.49	
761.0	65.0	11.0	11.0	8.24	6.27	7.32	5.13	9.43	9.44	7.36	5.89	10.49	6.15	6.84	4.71	10.1	8.55	5.06	5.0	7.45	3.5	7.17	
762.0	84.0	12.0	12.0	5.67	9.18	7.11	9.36	5.97	6.54	7.96	6.21	6.14	3.6	8.25	6.26	6.79	6.92	10.18	7.24	10.06	4.38	8.05	
763.0	45.0	5.0	5.0	9.43	7.9	8.84	5.38	7.15	10.18	9.05	4.48	7.15	7.13	3.76	9.82	6.92	7.39	3.71	6.18	8.68	5.57	5.82	
764.0	74.0	1.0	1.0	8.05	6.23	6.44	10.44	6.79	10.34	5.38	6.59	7.88	7.8	7.51	6.7	6.11	9.32	6.39	5.89	6.88	9.83	6.92	
765.0	8.0	15.0	15.0	8.38	6.76	8.4	10.45	7.39	6.8	9.35	3.56	8.57	5.79	3.71	4.08	4.44	8.7	9.55	9.31	9.81	4.21	7.18	
766.0	96.0	15.0	15.0	8.46	10.26	10.44	10.24	10.41	7.89	5.05	7.32	9.07	4.34	8.24	5.41	7.16	8.48	8.86	3.62	3.56	4.56	6.12	
767.0	97.0	9.0	9.0	9.01	3.83	8.29	5.97	6.24	7.11	5.48	6.07	4.9	6.91	9.36	4.75	3.69	5.73	6.62	8.04	8.55	10.14	6.97	
768.0	87.0	5.0	5.0	5.14	9.31	9.37	7.66	6.13	6.1	5.15	7.13	6.78	7.77	6.84	6.02	7.9	5.63	9.31	7.42	5.79	8.51	4.15	
769.0	64.0	4.0	4.0	4.69	8.78	7.84	4.01	5.1	6.92	3.61	4.95	8.35	9.73	10.47	8.74	4.51	5.23	5.43	6.73	4.02	6.38	8.48	
770.0	86.0	15.0	15.0	6.53	5.35	7.35	7.03	8.13	3.78	6.79	6.42	8.64	7.14	6.92	3.82	9.59	8.06	5.17	8.48	10.15	9.88	6.05	
771.0	56.0	13.0	13.0	3.52	3.72	3.68	4.87	6.1	4.27	4.34	9.58	9.99	6.0	6.08	8.21	6.09	10.5	4.98	3.57	8.98	6.84	5.61	
772.0	55.0	6.0	6.0	5.37	5.99	10.11	9.5	8.22	4.44	9.19	6.83	6.49	9.7	5.1	9.51	3.72	4.73	4.37	10.18	8.84	10.33	3.59	
773.0	97.0	9.0	9.0	8.94	4.29	10.29	4.88	5.22	10.39	5.55	5.4	3.78	3.54	5.36	9.41	10.47	6.1	3.51	8.07	6.52	9.52	3.76	
774.0	35.0	10.0	10.0	8.68	10.06	9.81	7.56	5.12	7.08	8.19	9.58	8.27	9.78	5.37	4.97	8.85	7.04	5.45	9.27	7.18	8.65	10.115279922319734	
775.0	81.0	3.0	3.0	6.34	3.86	4.53	4.55	6.21	5.13	9.44	7.29	4.09	7.93	8.38	5.23	7.35	7.66	8.43	9.16	8.38	7.87	4.99	
776.0	85.0	3.0	3.0	10.11	7.16	6.65	4.16	4.49	9.13	10.22	4.89	8.66	8.69	9.13	8.91	6.78	3.73	8.44	5.12	7.4	4.69	7.56	
777.0	89.0	14.0	14.0	5.75	8.87	9.0	3.88	8.24	6.13	9.17	3.94	3.98	5.02	10.43	3.72	7.96	5.63	8.42	6.82	5.15	8.41	4.91	
778.0	97.0	9.0	9.0	5.15	4.23	5.29	3.95	5.99	6.65	7.74	10.32	5.61	8.63	6.96	5.49	8.53	10.12	6.37	4.89	7.46	6.87	9.45	
779.0	93.0	4.0	4.0	8.81	3.83	6.93	4.16	6.18	4.06	8.65	4.67	4.68	8.97	9.72	6.2	4.41	6.04	5.5	6.42	9.01	9.35	6.0	
780.0	96.0	15.0	15.0	9.8	8.93	8.53	7.06	7.58	6.88	6.55	7.58	10.09	4.74	7.62	3.62	9.5	9.06	3.67	8.92	8.93	4.74	6.23	
781.0	81.0	3.0	3.0	6.28	8.95	9.02	5.83	9.26	6.03	9.98	4.6	7.31	6.14	7.17	8.75	4.7	9.16	7.41	4.67	3.72	7.06	5.07	
782.0	87.0	5.0	5.0	7.22	5.98	4.84	5.98	8.52	9.4	9.28	4.94	3.57	6.18	7.21	7.91	6.17	5.2	8.91	5.35	8.23	9.33	7.01	
783.0	66.0	12.0	12.0	4.15	8.96	3.73	6.94	10.18	8.71	10.09	5.28	7.43	4.77	3.81	5.45	6.59	4.21	9.18	5.01	9.23	7.56	3.75	
784.0	80.0	3.0	3.0	4.26	5.36	10.0	8.49	9.5	9.92	5.87	8.99	7.94	3.87	9.65	3.64	7.76	3.68	4.79	7.78	3.54	6.74	9.03	
785.0	93.0	4.0	4.0	4.9	9.67	4.47	4.23	3.58	8.37	10.2	5.36	10.14	7.73	5.67	8.08	3.54	5.86	9.62	4.07	7.7	5.12	7.57	
786.0	96.0	15.0	15.0	6.72	10.07	6.45	3.98	4.88	5.52	5.21	5.85	9.45	9.22	6.75	8.64	7.21	5.42	8.28	9.82	10.43	8.05	9.37	
787.0	29.0	2.0	2.0	5.38	4.89	6.28	7.92	9.62	5.17	6.19	5.18	4.85	6.4	8.46	6.21	4.62	10.17	8.86	9.65	10.31	8.33	6.11	
788.0	100.0	14.0	14.0	9.54	8.48	10.09	6.1	7.46	9.28	5.82	9.2	7.06	6.96	4.1	9.03	4.46	6.23	9.01	7.92	6.46	3.52	8.04	
789.0	52.0	4.0	4.0	5.54	6.72	6.83	8.11	4.73	6.56	10.07	6.9	10.25	6.12	7.27	4.01	7.06	7.31	10.26	5.72	6.85	4.1	8.53	
790.0	59.0	9.0	9.0	6.64	7.45	6.35	4.48	5.56	8.84	4.45	7.91	6.88	5.74	4.51	8.5	10.32	5.33	5.23	4.48	9.0	7.09	9.96	
791.0	90.0	4.0	4.0	9.8	3.66	9.49	6.89	10.34	6.72	4.92	4.41	9.17	5.83	5.31	5.43	8.99	6.32	7.57	10.22	5.25	9.16	7.23	
792.0	94.0	13.0	13.0	9.07	8.19	9.56	7.49	6.27	9.22	8.98	6.8	4.64	10.37	7.89	7.75	5.35	7.3	5.78	10.36	5.41	10.15	9.542660577917951	
793.0	95.0	8.0	8.0	8.9	10.16	4.81	10.44	5.48	9.62	7.94	8.99	6.43	10.23	8.1	6.11	9.58	10.15	8.06	10.19	4.38	5.098374502691272	3.1453135383151882	
794.0	66.0	12.0	12.0	6.14	7.97	7.09	5.66	7.8	5.83	5.56	7.26	6.48	10.46	8.58	9.91	6.97	9.82	4.68	7.55	9.36	7.84	3.72	
795.0	82.0	6.0	6.0	9.47	4.77	5.43	9.02	10.47	10.1	4.27	6.39	6.83	4.69	7.34	4.67	8.34	9.87	5.22	10.21	8.06	9.92	8.3	
796.0	68.0	5.0	5.0	10.0	10.23	8.01	5.49	6.16	8.67	3.73	5.21	10.49	6.61	8.12	7.49	9.17	5.16	7.05	8.7	9.93	6.05	5.06	
797.0	59.0	9.0	9.0	5.48	9.97	3.75	10.49	9.44	9.13	5.55	3.9	4.4	8.79	9.39	4.27	5.04	4.74	9.7	3.83	6.1	9.18	5.77	
798.0	46.0	14.0	14.0	9.78	6.4	9.37	9.7	4.84	6.04	3.88	9.05	4.6	4.46	10.2	9.57	5.01	3.78	4.28	8.33	9.27	8.96	7.77	
799.0	16.0	14.0	14.0	7.4	4.68	7.85	5.87	3.78	8.05	5.81	5.35	8.01	3.74	5.6	8.89	4.7	8.39	5.81	7.62	7.75	4.25	10.02	
800.0	99.0	12.0	12.0	6.67	7.16	4.14	4.67	7.42	7.2	7.69	4.71	7.86	5.39	7.32	4.76	4.33	5.21	5.34	7.97	6.0	4.81	9.39	
801.0	79.0	7.0	7.0	7.26	6.6	7.35	7.17	7.64	4.65	9.15	6.93	5.59	8.91	9.1	7.04	10.16	9.81	3.56	6.25	9.86	8.13	5.96	
802.0	51.0	2.0	2.0	6.73	9.37	9.84	6.24	8.64	5.94	8.59	9.61	7.97	8.36	6.47	7.44	9.76	8.95	6.32	5.94	10.02	9.72	7.142895591540978	
803.0	75.0	8.0	8.0	5.99	6.61	5.35	5.5	5.34	5.91	5.97	8.74	9.81	6.76	5.52	9.08	3.63	8.64	6.04	8.48	6.28	5.66	10.38	
804.0	90.0	4.0	4.0	5.53	9.95	7.35	9.15	6.32	9.6	5.39	3.66	9.16	8.24	8.32	10.02	9.4	7.16	7.24	7.91	10.24	6.68	0.37752962785217986	
805.0	38.0	5.0	5.0	10.24	5.84	8.53	8.98	9.01	6.06	8.77	7.11	9.9	8.55	9.22	6.11	7.06	6.21	5.71	6.48	10.27	10.48	7.269208113270922	
806.0	95.0	8.0	8.0	7.94	3.78	4.97	5.54	5.78	7.91	9.71	3.75	7.7	4.69	9.16	9.15	8.31	9.31	10.06	10.3	7.56	7.42	5.13	
807.0	99.0	12.0	12.0	5.7	3.98	9.68	9.64	7.6	4.9	10.1	7.7	7.92	8.75	9.59	7.5	8.16	8.25	4.9	9.63	6.66	4.61	7.84	
808.0	54.0	10.0	10.0	9.26	9.0	8.39	10.35	5.24	7.91	8.74	7.33	4.12	4.18	8.26	8.2	8.48	6.33	3.61	8.08	3.75	6.53	6.2	
809.0	84.0	12.0	12.0	3.7	9.12	5.39	6.76	5.4	9.83	5.48	4.74	7.1	7.92	7.81	9.95	3.86	9.37	9.3	5.73	6.9	9.66	7.49	
810.0	87.0	5.0	5.0	9.03	5.45	7.7	9.93	5.33	9.28	7.16	10.46	7.68	8.71	9.03	8.79	7.09	7.98	3.66	6.25	9.07	9.83	8.46098015485082	
811.0	90.0	4.0	4.0	8.25	7.45	4.71	5.3	5.57	9.09	7.76	9.25	5.14	9.95	4.22	7.28	6.45	10.5	6.16	6.31	6.86	8.59	8.13	
812.0	73.0	13.0	13.0	9.11	4.66	8.34	7.07	4.65	8.78	9.62	7.34	8.85	8.19	4.78	6.75	10.12	9.88	6.83	6.24	5.52	4.08	4.58	
813.0	32.0	14.0	14.0	4.23	5.47	5.94	9.46	4.51	8.22	9.22	5.71	9.97	4.76	8.38	3.78	3.73	9.97	3.72	9.0	9.53	6.36	6.54	
814.0	78.0	8.0	8.0	4.7	6.24	8.39	4.86	9.64	4.15	8.44	5.94	6.26	10.19	3.89	5.86	5.59	3.81	9.41	9.39	7.0	4.97	7.62	
815.0	76.0	6.0	6.0	9.87	4.19	5.92	4.25	4.17	6.58	3.5	3.81	5.82	4.67	5.21	5.02	6.91	4.58	4.51	9.96	5.93	9.45	7.8	
816.0	34.0	14.0	14.0	9.11	4.65	8.68	8.16	7.81	4.63	8.97	8.75	3.56	5.92	8.14	3.7	4.65	6.53	5.04	8.72	6.65	3.83	10.35	
817.0	89.0	14.0	14.0	10.09	6.33	5.08	6.67	6.36	8.11	7.9	7.57	4.38	5.15	7.03	4.21	10.11	8.11	9.14	8.12	4.46	4.46	9.02	
818.0	67.0	3.0	3.0	5.61	9.01	4.37	8.66	4.07	8.87	8.76	9.98	5.92	7.3	7.31	6.83	5.14	8.53	4.87	5.06	3.71	8.99	8.13	
819.0	94.0	13.0	13.0	6.92	4.98	6.28	9.86	8.36	10.24	9.38	3.98	9.85	8.57	6.77	5.68	6.63	5.03	8.0	9.85	5.12	5.65	10.36	
820.0	69.0	12.0	12.0	6.6	4.22	8.58	5.83	6.84	9.94	6.95	5.17	6.32	5.17	6.5	5.81	9.18	9.41	9.76	10.1	5.41	5.55	3.97	
821.0	60.0	3.0	3.0	9.48	9.2	4.59	7.73	6.99	7.11	4.35	7.03	9.34	10.47	8.54	4.88	3.73	9.46	7.19	9.1	6.6	6.07	6.46	
822.0	84.0	12.0	12.0	9.22	7.68	5.76	4.28	7.89	9.9	9.11	3.6	9.47	4.23	5.62	4.38	9.82	3.87	8.66	4.72	9.67	8.01	7.58	
823.0	85.0	3.0	3.0	7.22	4.56	10.49	3.76	7.25	8.19	3.61	9.87	9.45	4.97	3.97	5.93	4.64	6.96	7.83	5.57	7.37	10.46	6.19	
824.0	71.0	11.0	11.0	9.13	8.67	3.81	6.81	6.02	9.59	7.16	6.31	7.23	5.72	4.95	8.35	7.13	4.92	8.96	6.63	9.08	3.85	9.63	
825.0	91.0	9.0	9.0	7.77	8.78	9.48	5.67	4.9	10.3	9.4	3.57	5.66	4.89	6.95	4.35	4.88	6.99	4.26	5.5	5.71	4.06	3.6	
826.0	94.0	13.0	13.0	4.11	6.92	7.09	5.09	7.3	4.15	6.46	4.17	6.87	6.75	7.08	5.2	7.83	6.56	6.91	4.96	10.33	10.44	4.44	
827.0	98.0	15.0	15.0	7.53	9.62	8.64	3.87	5.19	3.74	6.28	7.01	8.13	9.07	4.55	5.71	6.64	10.26	6.67	10.29	6.11	6.49	5.26	
828.0	68.0	5.0	5.0	5.43	4.31	5.13	4.05	4.27	3.83	5.54	10.43	5.58	4.86	7.9	4.55	7.31	8.62	9.04	5.65	7.08	4.88	6.32	
829.0	90.0	4.0	4.0	10.35	5.15	9.79	6.9	10.21	6.9	6.89	5.51	7.24	6.4	9.17	10.28	7.79	3.68	6.65	7.45	9.79	8.25	6.777280492551978	
830.0	86.0	15.0	15.0	6.48	7.16	6.08	8.51	8.82	5.25	9.81	7.95	9.13	8.27	7.86	4.51	7.41	4.82	4.99	5.4	10.25	7.75	4.45	
831.0	26.0	1.0	1.0	4.74	5.36	6.72	5.42	9.52	4.53	4.55	7.9	4.49	10.43	3.54	6.42	5.08	4.34	8.97	9.18	7.05	6.07	5.61	
832.0	92.0	10.0	10.0	6.37	4.32	5.44	5.08	8.52	9.3	5.37	6.56	8.64	4.69	7.68	8.86	4.77	3.51	6.82	8.59	8.01	7.75	8.09	
833.0	96.0	15.0	15.0	6.57	3.56	7.21	6.81	8.27	7.78	8.68	10.03	7.55	4.04	3.88	10.44	8.99	5.52	6.2	8.52	7.73	10.3	6.13	
834.0	100.0	14.0	14.0	9.31	4.94	8.96	7.33	6.3	7.96	9.67	4.53	10.31	7.89	9.73	7.34	5.74	4.91	10.33	9.3	6.48	3.88	5.54	
835.0	82.0	6.0	6.0	7.53	4.04	7.71	8.31	9.62	5.9	5.64	3.94	7.18	5.68	9.01	10.0	5.22	4.8	3.93	6.89	9.97	5.47	10.17	
836.0	86.0	15.0	15.0	6.53	8.72	3.54	4.33	8.1	10.05	4.85	7.32	8.28	8.09	6.48	4.41	6.23	4.7	4.33	4.92	5.72	6.16	8.59	
837.0	73.0	13.0	13.0	7.31	9.47	5.67	10.34	8.19	4.11	8.59	8.38	4.77	9.68	5.86	4.68	6.32	6.11	4.63	6.93	5.93	4.82	8.68	
838.0	80.0	3.0	3.0	9.92	10.21	5.33	8.96	4.05	7.09	5.8	7.89	7.33	7.29	3.96	5.29	6.41	6.06	6.27	8.32	5.16	6.66	4.66	
839.0	95.0	8.0	8.0	6.73	9.67	5.28	8.91	5.56	5.83	5.54	7.33	8.67	4.86	3.87	5.59	8.17	9.94	5.79	9.69	9.84	5.77	7.13	
840.0	98.0	15.0	15.0	8.13	9.23	4.85	9.37	9.09	6.25	7.71	7.15	10.27	8.8	4.51	7.82	6.53	6.34	3.99	8.39	7.74	3.71	3.78	
841.0	81.0	3.0	3.0	6.95	8.7	5.09	7.76	10.49	6.22	5.71	5.1	7.27	5.63	9.55	8.87	3.62	9.87	7.81	9.79	7.67	10.18	9.99	
842.0	82.0	6.0	6.0	9.07	8.11	9.9	10.03	7.24	10.16	7.25	9.94	6.51	8.08	9.0	10.11	4.78	3.62	6.57	9.72	8.33	0.49040046471334175	4.13217342421874	
843.0	85.0	3.0	3.0	7.34	7.88	4.96	9.91	7.82	5.65	9.85	9.19	5.93	7.56	6.97	4.08	7.44	3.7	4.75	5.08	7.14	4.67	6.28	
844.0	90.0	4.0	4.0	10.04	7.54	5.11	8.7	5.59	8.26	8.63	8.68	6.06	6.41	4.96	8.04	7.3	6.43	4.76	9.26	4.75	3.52	3.79	
845.0	63.0	15.0	15.0	4.4	9.9	8.98	8.77	5.15	10.16	10.36	3.73	3.64	9.26	7.31	9.93	4.59	7.0	9.47	6.21	4.84	3.79	3.54	
846.0	65.0	11.0	11.0	6.95	8.99	6.51	5.52	3.88	6.43	4.46	9.93	6.76	8.85	5.2	4.85	6.69	10.16	7.31	4.13	7.12	9.3	7.74	
847.0	49.0	12.0	12.0	3.8	8.83	5.5	7.52	8.26	8.18	5.34	4.54	3.71	10.41	5.8	9.56	5.89	6.0	5.57	8.03	10.45	9.14	7.55	
848.0	100.0	14.0	14.0	5.52	8.07	8.11	7.43	8.03	9.18	5.29	7.04	10.35	7.13	3.79	4.16	10.39	4.2	5.27	9.35	6.0	4.12	5.13	
849.0	77.0	8.0	8.0	8.89	4.24	7.4	6.0	9.48	9.55	4.62	6.08	9.67	5.01	10.35	4.04	7.94	6.11	7.93	7.0	7.87	8.63	4.0	
850.0	73.0	13.0	13.0	9.77	6.69	10.02	8.85	5.91	7.11	7.38	5.85	10.05	10.1	4.51	5.4	5.17	9.88	9.03	6.96	4.18	9.62	5.45	
851.0	21.0	9.0	9.0	10.36	5.22	8.91	6.76	9.02	10.45	4.66	7.44	4.25	10.09	10.43	8.63	6.15	4.16	5.44	9.46	4.41	5.82	6.82	
852.0	93.0	4.0	4.0	9.49	8.42	3.72	5.98	8.2	7.45	9.73	10.09	8.23	7.32	7.42	3.91	9.76	3.86	8.56	9.01	5.7	5.31	3.7	
853.0	95.0	8.0	8.0	6.64	5.07	9.18	5.83	8.05	4.05	8.64	4.17	4.4	6.71	6.15	4.16	8.5	9.92	8.39	3.92	8.33	10.15	5.13	
854.0	74.0	1.0	1.0	7.7	7.46	6.53	8.05	8.4	8.96	4.62	5.3	3.94	5.53	4.42	10.42	4.18	3.94	3.83	7.32	8.13	9.52	8.45	
855.0	61.0	12.0	12.0	8.6	4.72	9.78	4.65	9.4	4.95	3.98	8.0	8.17	4.3	4.49	8.4	8.8	5.95	4.1	5.01	7.5	5.71	4.39	
856.0	85.0	3.0	3.0	5.95	7.52	8.37	8.23	5.14	10.36	7.3	8.82	8.34	7.57	5.34	10.35	5.68	3.53	5.85	5.65	5.06	4.8	8.46	
857.0	87.0	5.0	5.0	6.16	6.27	9.92	7.77	9.18	9.01	4.97	6.2	8.26	3.91	9.36	7.77	3.74	6.35	5.54	5.09	4.05	5.13	4.12	
858.0	91.0	9.0	9.0	3.77	8.79	9.93	9.21	5.21	3.81	9.44	7.06	9.29	4.33	9.28	4.02	8.06	6.43	5.85	9.06	7.14	5.17	6.1	
859.0	95.0	8.0	8.0	7.44	8.55	7.94	7.33	8.46	5.34	10.12	8.94	6.5	6.28	5.11	6.33	7.88	10.31	6.32	8.23	3.55	6.98	5.99	
860.0	97.0	9.0	9.0	8.52	4.35	6.18	8.53	7.29	8.87	6.26	5.49	5.4	4.24	5.37	8.71	7.56	4.35	3.83	6.93	9.26	7.65	6.65	
861.0	11.0	4.0	4.0	4.88	8.61	4.59	8.13	4.65	8.29	9.7	10.5	5.42	6.82	7.89	7.93	8.04	9.12	7.65	7.55	9.75	8.87	9.239363346081602	
862.0	4.0	9.0	9.0	6.49	7.91	8.36	4.24	7.41	9.5	6.85	4.58	8.75	4.15	7.88	5.38	4.19	5.91	4.08	6.6	8.08	6.03	4.62	
863.0	72.0	11.0	11.0	6.62	7.68	6.2	4.12	8.23	9.42	4.99	5.15	7.09	4.27	8.33	10.17	10.31	4.46	6.15	5.24	5.59	7.03	5.52	
864.0	89.0	14.0	14.0	6.52	8.47	4.84	4.2	9.8	9.69	9.95	4.16	4.36	6.34	5.52	9.16	10.13	9.04	7.03	7.74	7.09	9.4	7.74	
865.0	33.0	14.0	14.0	5.26	9.55	6.66	6.27	8.2	8.14	9.74	8.37	7.12	3.95	7.47	7.82	7.43	7.88	8.0	5.06	4.29	8.64	8.01	
866.0	69.0	12.0	12.0	7.34	5.08	8.01	5.84	6.61	9.47	5.1	6.8	6.1	7.35	8.62	8.7	9.16	7.8	7.93	8.13	9.11	6.09	8.64	
867.0	25.0	12.0	12.0	5.56	9.2	7.52	8.24	7.53	9.29	8.27	8.59	6.52	6.93	8.78	3.61	5.5	7.25	10.08	4.85	8.19	9.74	6.37	
868.0	82.0	6.0	6.0	9.79	6.22	8.98	4.79	7.25	8.7	7.98	9.9	8.96	6.87	7.66	6.78	8.36	7.81	6.88	5.65	7.28	5.25	10.35	
869.0	85.0	3.0	3.0	9.92	4.55	9.46	5.29	10.12	6.28	6.65	10.03	10.15	5.76	3.71	7.64	9.17	9.17	7.94	8.94	9.79	6.14	5.740666835418493	
870.0	86.0	15.0	15.0	9.38	4.69	7.59	10.3	8.16	6.17	5.8	9.02	4.99	9.49	8.59	8.75	8.56	4.63	8.16	8.29	7.09	5.72	7.94	
871.0	74.0	1.0	1.0	5.47	8.02	8.34	7.38	7.01	5.93	9.11	3.83	8.52	10.39	7.37	4.16	5.83	9.96	6.41	9.11	6.55	7.67	4.93	
872.0	93.0	4.0	4.0	9.86	7.67	10.32	3.6	3.92	5.92	7.58	4.3	4.59	4.75	7.31	9.69	9.65	5.19	6.44	8.28	8.71	4.29	9.77	
873.0	100.0	14.0	14.0	5.37	9.59	4.84	9.71	3.65	4.12	7.97	4.63	8.23	4.54	5.88	8.55	4.75	9.86	9.14	7.62	5.68	6.86	8.32	
874.0	79.0	7.0	7.0	4.4	10.36	4.61	5.07	5.75	9.03	9.58	8.48	9.2	4.42	9.47	6.1	8.87	4.46	5.79	4.06	9.24	8.65	4.17	
875.0	75.0	8.0	8.0	8.15	6.12	4.23	8.77	10.36	10.32	9.79	10.25	6.26	10.29	7.43	4.14	4.97	3.75	7.72	9.83	4.29	5.15	7.72	
876.0	67.0	3.0	3.0	9.48	7.03	5.16	7.29	6.74	3.75	8.95	10.21	7.94	5.17	9.23	9.1	6.22	4.44	8.17	10.22	7.0	9.88	3.76	
877.0	89.0	14.0	14.0	7.59	8.57	3.94	4.08	7.62	7.22	6.82	7.35	9.85	10.43	5.51	3.92	5.95	9.7	6.5	10.23	10.19	7.82	6.36	
878.0	61.0	12.0	12.0	8.12	3.94	7.19	4.68	4.83	4.15	4.92	7.9	4.62	3.88	9.58	9.73	7.44	6.0	6.36	4.78	10.15	8.06	7.72	
879.0	94.0	13.0	13.0	8.67	8.65	10.04	4.59	4.43	3.91	9.71	3.95	8.74	9.65	5.62	7.41	3.97	4.17	9.28	8.5	7.41	9.51	4.28	
880.0	97.0	9.0	9.0	5.43	5.4	4.12	5.45	5.66	3.98	3.56	4.67	8.25	6.65	7.84	10.2	4.34	7.96	10.47	8.4	3.86	10.35	5.85	
881.0	100.0	14.0	14.0	5.83	7.43	6.57	7.13	5.47	9.22	8.84	10.17	5.78	7.74	7.6	4.33	4.35	6.47	10.14	8.62	5.2	7.72	9.24	
882.0	82.0	6.0	6.0	4.65	7.02	5.53	4.3	4.35	7.91	7.47	9.21	5.51	9.03	9.4	4.42	6.07	6.58	5.07	10.07	7.61	4.44	6.5	
883.0	86.0	15.0	15.0	10.06	7.57	5.62	9.08	10.31	5.53	10.43	6.35	5.38	9.72	9.76	6.88	8.32	9.5	3.75	7.24	3.93	5.45	6.21	
884.0	89.0	14.0	14.0	9.86	4.49	5.98	5.02	4.34	5.27	4.83	6.81	4.56	6.92	7.0	9.52	9.84	7.92	6.73	3.52	9.33	3.64	9.73	
885.0	91.0	9.0	9.0	9.29	9.46	9.22	4.19	5.76	8.38	5.18	4.04	8.94	4.07	7.23	7.16	9.4	3.86	10.44	5.27	3.87	7.81	8.79	
886.0	68.0	5.0	5.0	9.19	8.07	8.66	9.81	9.77	6.57	6.6	10.37	6.51	9.39	6.7	9.71	3.77	4.91	4.67	9.31	7.81	8.63	5.50056638272116	
887.0	55.0	6.0	6.0	9.8	6.46	7.67	4.36	8.95	10.41	10.43	10.22	5.61	7.77	8.32	4.12	4.6	7.99	8.16	9.35	8.03	4.15	10.07	
888.0	81.0	3.0	3.0	7.09	9.11	7.42	7.97	10.11	8.57	6.21	5.05	8.84	6.58	8.46	6.21	9.71	6.35	7.88	8.71	8.12	8.98	3.5097042343675158	
889.0	85.0	3.0	3.0	8.14	8.18	9.42	3.74	10.35	5.08	6.57	8.07	5.45	10.4	5.15	6.83	3.96	8.32	9.12	4.2	5.74	10.07	10.09	
890.0	87.0	5.0	5.0	6.0	9.84	5.92	8.68	6.12	5.67	9.47	6.81	8.81	7.25	3.93	10.34	8.39	7.55	5.51	4.29	7.31	6.13	7.33	
891.0	90.0	4.0	4.0	3.74	3.8	5.93	5.63	10.41	5.25	6.64	5.56	9.51	9.29	4.97	6.03	5.52	5.51	10.4	3.51	7.3	9.8	7.33	
892.0	68.0	5.0	5.0	3.6	8.36	4.11	5.3	3.62	3.96	8.06	7.17	9.34	7.01	4.82	6.71	4.92	7.19	3.59	9.77	10.21	4.41	9.62	
893.0	95.0	8.0	8.0	9.86	4.26	4.83	10.03	8.56	4.99	7.3	10.46	5.99	6.29	10.07	7.46	7.07	7.34	5.26	4.29	4.17	8.23	5.42	
894.0	100.0	14.0	14.0	8.13	6.47	6.17	6.89	5.56	8.49	4.17	4.12	6.87	9.16	3.94	9.72	6.78	8.08	4.27	6.3	4.89	8.26	5.54	
895.0	65.0	11.0	11.0	3.76	3.79	10.4	5.52	6.54	6.01	7.3	9.85	8.59	3.73	9.23	8.11	7.44	8.07	8.87	5.3	6.31	9.45	8.11	
896.0	75.0	8.0	8.0	8.54	4.1	5.01	5.49	10.17	5.1	8.53	7.69	3.65	3.52	4.3	9.28	8.23	7.49	10.19	8.02	7.84	8.79	9.59	
897.0	70.0	11.0	11.0	6.75	9.49	5.43	10.31	6.29	8.89	9.3	10.41	6.32	7.32	9.89	7.12	6.67	5.99	5.63	5.46	6.84	5.75	4.54	
898.0	92.0	10.0	10.0	7.25	3.71	3.81	9.81	7.8	3.95	8.08	10.35	9.06	5.68	9.47	4.23	3.65	7.88	5.96	7.24	8.68	6.31	6.2	
899.0	95.0	8.0	8.0	8.51	7.74	6.45	7.72	7.53	5.56	5.12	9.71	6.86	6.81	6.62	8.77	9.1	4.23	8.9	7.21	6.61	6.64	3.84	
900.0	96.0	15.0	15.0	8.54	7.41	10.14	10.01	5.9	9.62	9.3	6.13	8.31	6.92	5.88	8.71	4.68	5.09	9.26	4.7	7.54	4.39	10.19	
901.0	81.0	3.0	3.0	10.27	3.59	10.43	5.28	9.08	4.64	4.7	5.69	6.26	9.15	5.87	8.73	4.6	9.94	10.2	8.82	7.62	4.92	5.41	
902.0	76.0	6.0	6.0	4.93	4.45	5.47	4.9	10.45	8.01	4.0	6.14	10.19	3.71	6.29	7.55	8.03	3.8	7.91	6.86	9.97	6.81	9.21	
903.0	58.0	11.0	11.0	7.26	10.02	10.37	8.17	7.13	5.23	9.48	3.65	10.21	10.21	8.15	7.58	5.43	10.03	3.68	10.1	7.35	8.57	2.369064088814763	
904.0	88.0	4.0	4.0	8.82	10.47	8.08	4.56	4.87	7.84	3.61	6.2	9.98	8.58	3.75	9.47	5.68	5.13	9.33	10.01	7.88	5.93	5.94	
905.0	93.0	4.0	4.0	8.96	5.5	6.95	10.16	9.3	8.06	9.41	10.17	4.03	8.41	4.43	5.23	6.12	6.83	5.44	9.17	8.95	7.45	4.64	
906.0	94.0	13.0	13.0	5.33	7.54	7.54	7.68	5.09	8.41	9.51	8.09	7.95	8.79	6.27	4.44	5.39	5.71	5.32	3.71	9.11	6.45	4.96	
907.0	99.0	12.0	12.0	10.37	5.79	6.42	10.03	6.88	4.17	3.86	8.85	4.2	3.92	5.7	5.77	10.41	9.21	8.77	8.73	7.56	9.71	7.97	
908.0	67.0	3.0	3.0	6.9	8.42	4.29	9.93	4.31	5.6	9.41	6.89	10.14	6.9	8.94	4.89	5.82	9.46	9.73	6.1	6.92	5.51	9.92	
909.0	84.0	12.0	12.0	8.76	7.66	7.76	7.27	4.78	5.92	9.4	8.04	8.43	8.85	6.39	7.02	7.25	8.88	9.79	5.68	7.43	3.76	5.88	
910.0	43.0	13.0	13.0	7.55	9.71	8.94	9.17	5.82	9.85	10.3	7.79	4.94	8.69	4.68	8.51	6.39	7.0	9.8	4.17	3.79	9.59	9.24	
911.0	44.0	3.0	3.0	9.08	4.26	6.14	5.06	5.37	6.06	8.49	4.25	9.98	7.78	10.02	5.75	4.96	3.81	8.25	5.78	3.67	4.31	10.41	
912.0	55.0	6.0	6.0	5.5	4.62	8.28	5.61	5.7	7.42	3.61	10.49	9.47	8.06	9.93	9.48	4.54	8.68	10.27	8.28	4.35	4.4	4.64	
913.0	62.0	7.0	7.0	3.74	8.19	6.02	10.31	10.33	5.76	3.89	10.18	7.47	4.82	5.27	8.59	5.35	3.89	4.86	8.72	7.11	5.81	10.37	
914.0	70.0	11.0	11.0	5.26	5.2	4.58	9.22	6.17	5.51	6.2	5.18	8.51	4.25	5.49	8.43	7.74	10.01	4.69	6.27	7.89	9.28	7.37	
915.0	75.0	8.0	8.0	7.25	10.31	10.04	9.1	6.39	4.2	9.73	6.05	3.71	5.98	6.6	4.3	5.57	4.41	10.37	6.25	8.83	6.89	7.71	
916.0	76.0	6.0	6.0	4.77	9.89	8.05	4.28	8.26	10.45	8.28	8.33	6.15	6.66	5.33	5.18	10.35	10.12	9.12	7.68	8.52	6.3	3.53	
917.0	78.0	8.0	8.0	5.91	10.2	8.51	9.54	5.08	8.28	6.76	6.35	10.43	3.73	8.67	10.21	9.41	9.68	7.85	4.04	3.5	7.54	6.07	
918.0	61.0	12.0	12.0	3.75	10.34	8.7	6.36	9.52	8.86	7.27	9.57	7.16	3.96	4.84	4.03	5.12	9.47	8.64	6.0	6.84	3.71	10.3	
919.0	65.0	11.0	11.0	5.08	7.73	5.88	5.34	4.1	8.07	9.69	7.51	5.98	5.8	9.7	5.61	8.48	10.38	5.19	8.23	10.44	8.79	3.63	
920.0	52.0	4.0	4.0	5.26	5.26	9.18	5.7	8.77	4.68	6.93	9.22	8.95	7.09	9.42	6.2	3.87	3.77	10.5	4.05	6.39	4.01	4.74	
921.0	71.0	11.0	11.0	7.69	7.15	9.01	6.72	7.03	7.27	4.86	4.76	4.72	6.22	5.36	10.36	9.88	9.3	6.57	8.57	6.86	7.93	6.81	
922.0	74.0	1.0	1.0	8.72	8.67	3.63	8.42	4.98	4.59	4.27	8.61	6.12	10.29	9.52	8.95	9.7	9.25	8.53	7.73	6.22	10.2	6.0600088622633175	
923.0	78.0	8.0	8.0	4.71	6.62	4.22	9.84	6.4	10.35	5.73	5.17	4.91	6.98	9.83	8.06	3.73	9.1	6.44	8.95	4.06	10.18	7.66	
924.0	61.0	12.0	12.0	10.25	4.22	5.91	7.86	4.87	9.54	8.55	8.36	3.89	5.01	7.27	7.95	6.96	7.39	7.25	9.4	8.3	4.2	5.67	
925.0	62.0	7.0	7.0	7.49	5.93	4.63	6.02	7.75	4.21	3.83	9.54	6.28	9.42	8.08	8.95	4.62	7.8	8.01	6.06	9.64	7.94	8.01	
926.0	46.0	14.0	14.0	7.96	5.49	7.06	9.35	4.9	5.84	3.87	7.72	4.05	7.25	6.73	4.95	9.22	4.16	9.82	8.29	6.76	6.54	5.24	
927.0	70.0	11.0	11.0	7.7	8.98	4.07	6.77	5.97	10.05	10.11	4.94	4.82	4.29	8.56	4.34	6.78	9.89	4.58	6.0	9.52	6.8	6.5	
928.0	71.0	11.0	11.0	9.99	7.53	8.13	4.99	4.83	4.96	6.29	7.6	9.14	4.57	8.62	8.39	8.71	9.13	5.38	8.68	7.62	8.29	7.07	
929.0	74.0	1.0	1.0	10.41	5.68	9.64	4.44	10.49	10.28	9.78	9.03	10.2	9.12	6.38	6.57	7.06	7.06	9.93	8.11	4.55	9.762065795554449	7.928654470720614	
930.0	77.0	8.0	8.0	10.11	9.65	8.74	8.51	7.54	7.96	10.36	4.96	6.08	10.31	7.97	5.36	5.4	5.4	4.65	9.58	4.87	9.35	6.11	
931.0	61.0	12.0	12.0	4.64	3.71	3.81	6.32	6.91	8.44	6.49	5.27	8.21	4.14	5.78	4.7	9.3	5.86	9.17	9.07	6.7	8.75	8.33	
932.0	69.0	12.0	12.0	6.98	4.22	8.66	7.8	6.59	3.93	5.44	6.46	5.16	5.47	4.69	5.41	5.28	4.29	6.75	5.66	5.07	8.69	7.74	
933.0	94.0	13.0	13.0	5.01	8.57	5.01	9.32	9.24	4.84	9.24	9.97	4.48	5.94	9.18	5.27	5.6	6.96	8.59	5.62	8.11	8.61	5.94	
934.0	69.0	12.0	12.0	7.39	7.33	8.33	7.36	4.93	6.8	7.84	8.7	4.36	9.5	4.39	6.12	5.8	4.02	9.48	7.02	5.62	4.38	4.06	
935.0	72.0	11.0	11.0	5.33	4.11	10.14	6.48	6.42	6.17	4.74	3.96	8.83	6.34	5.11	7.88	4.62	4.0	3.81	8.58	4.94	8.17	4.2	
936.0	43.0	13.0	13.0	5.89	7.03	4.46	10.13	7.58	7.5	8.47	4.78	5.59	10.41	4.46	6.91	3.76	8.16	4.9	4.21	7.62	7.38	4.84	
937.0	80.0	3.0	3.0	10.45	4.72	9.42	7.83	4.18	7.59	6.71	10.38	8.93	10.02	9.83	4.13	9.56	8.55	8.73	9.86	3.95	5.66	2.260111263303985	
938.0	63.0	15.0	15.0	7.67	8.34	6.59	7.94	9.02	3.54	10.19	9.06	8.71	8.25	5.71	3.94	4.14	6.74	9.4	7.96	6.63	8.7	4.92	
939.0	72.0	11.0	11.0	8.62	4.64	8.46	9.1	5.66	10.46	9.56	5.38	4.03	5.98	3.76	9.67	9.88	8.84	9.28	8.04	4.5	5.81	7.36	
940.0	65.0	11.0	11.0	10.18	9.2	6.05	8.6	9.3	7.4	8.88	8.78	5.84	4.07	7.84	10.36	4.38	6.12	5.1	6.16	7.27	8.44	9.98	
941.0	71.0	11.0	11.0	5.28	4.14	8.75	4.18	7.49	10.35	8.38	8.6	9.28	10.13	4.24	6.01	7.84	5.88	9.11	6.5	9.1	9.67	10.31	
942.0	74.0	1.0	1.0	6.08	4.17	5.78	8.44	8.08	10.49	8.38	9.56	4.2	4.42	6.12	10.17	6.99	7.25	5.38	5.3	8.64	5.41	10.41	
943.0	76.0	6.0	6.0	3.98	7.46	4.61	10.26	3.82	4.15	7.96	4.59	5.14	9.07	8.46	6.13	7.66	4.42	5.28	9.65	8.18	4.36	9.55	
944.0	80.0	3.0	3.0	5.72	3.66	5.68	6.8	6.37	8.89	9.16	4.01	8.83	5.59	9.85	7.97	4.26	5.84	8.93	10.18	7.58	5.72	3.59	
945.0	63.0	15.0	15.0	10.12	7.88	4.96	9.57	9.85	7.01	5.78	6.48	9.95	6.92	3.79	9.18	4.39	9.69	4.24	5.46	5.79	4.4	3.59	
946.0	44.0	3.0	3.0	7.68	8.49	4.86	5.06	9.55	9.59	9.21	8.7	6.22	5.01	10.44	9.29	8.94	10.43	4.89	10.33	9.74	8.851161974520663	4.26632228416676	
947.0	90.0	4.0	4.0	5.83	8.26	8.31	6.43	3.54	9.9	5.46	8.68	6.57	7.6	6.79	8.7	8.1	5.77	9.44	3.58	8.85	7.29	7.12	
948.0	54.0	10.0	10.0	6.68	8.88	7.03	8.67	10.21	10.47	6.01	6.79	8.54	3.68	4.89	9.55	6.96	9.37	6.56	4.26	4.32	5.7	7.4	
949.0	75.0	8.0	8.0	10.29	6.42	5.02	5.78	8.73	9.92	8.24	8.2	10.24	9.13	5.1	7.94	5.63	10.43	7.72	6.83	7.58	7.22	3.896828192090191	
950.0	78.0	8.0	8.0	5.04	4.99	6.57	4.75	7.0	7.86	6.31	8.5	5.63	9.39	4.81	4.47	8.16	6.0	4.98	8.89	8.81	3.94	5.27	
951.0	80.0	3.0	3.0	5.1	4.81	9.88	8.23	9.88	7.0	9.29	8.1	9.46	5.92	8.74	10.34	7.77	6.78	3.92	9.28	9.97	8.31	5.764579705767086	
952.0	63.0	15.0	15.0	4.38	4.71	4.99	10.13	8.2	4.16	9.04	6.49	8.03	6.64	6.03	9.52	4.89	4.27	10.03	5.56	6.15	4.41	6.11	
953.0	53.0	12.0	12.0	8.91	4.06	7.25	3.62	8.39	4.99	7.14	9.62	6.4	9.6	4.93	7.02	5.98	4.24	8.55	10.05	10.42	5.01	10.49	
954.0	95.0	8.0	8.0	3.82	7.99	6.4	8.89	4.25	10.13	6.04	9.58	7.03	3.89	7.84	8.52	7.72	6.61	9.96	8.34	8.58	9.59	9.87	
955.0	74.0	1.0	1.0	4.08	6.89	6.86	6.86	5.13	7.77	3.92	4.88	8.1	6.42	5.15	7.35	5.81	4.22	10.0	4.76	3.6	4.95	10.12	
956.0	92.0	10.0	10.0	6.1	4.39	6.06	5.01	3.84	4.48	7.07	5.09	8.16	10.11	3.71	8.0	7.57	10.1	4.42	7.44	6.1	9.65	9.89	
957.0	80.0	3.0	3.0	5.17	5.43	9.09	6.46	9.02	5.35	9.11	7.8	7.44	3.75	5.13	5.44	7.53	7.55	8.59	7.3	10.36	5.55	5.57	
958.0	60.0	3.0	3.0	5.86	8.44	6.25	5.85	8.75	8.63	6.71	10.37	10.2	8.83	8.26	5.21	7.52	7.17	7.85	4.57	7.34	10.07	8.68	
959.0	62.0	7.0	7.0	5.17	5.95	7.9	7.03	7.48	7.27	4.45	8.48	7.92	8.35	8.8	5.57	8.02	3.86	8.85	5.57	6.81	7.99	3.92	
960.0	57.0	14.0	14.0	6.63	7.5	8.86	4.25	5.84	7.35	5.13	8.7	6.54	10.07	6.81	4.1	8.7	9.23	7.82	4.18	8.72	5.19	5.95	
961.0	92.0	10.0	10.0	4.39	8.29	10.12	9.77	10.25	10.38	6.73	9.22	7.46	7.52	7.91	7.22	9.37	6.14	5.77	3.65	8.34	8.67	5.961044695278966	
962.0	75.0	8.0	8.0	7.2	9.43	9.97	7.23	8.13	8.57	10.26	6.91	5.97	7.81	5.43	6.98	8.32	9.93	4.33	7.29	8.63	4.07	8.08	
963.0	43.0	13.0	13.0	7.82	10.29	5.96	6.4	5.71	8.95	9.28	10.27	6.63	8.69	8.25	8.0	8.47	4.0	3.95	6.22	8.26	6.13	7.89	
964.0	61.0	12.0	12.0	8.11	4.57	7.6	10.42	5.27	7.25	3.72	4.84	4.08	7.46	9.24	9.71	5.18	9.0	9.86	3.68	8.66	4.53	9.23	
965.0	64.0	4.0	4.0	9.04	7.36	6.31	9.33	5.62	5.06	5.69	6.04	10.4	6.42	8.2	6.0	7.31	4.08	10.07	4.9	9.51	7.05	8.02	
966.0	28.0	8.0	8.0	9.63	8.1	6.83	4.49	8.77	6.76	8.12	9.85	7.45	7.52	7.28	5.74	4.76	7.91	10.31	5.44	4.7	7.7	4.04	
967.0	91.0	9.0	9.0	5.82	3.61	8.23	10.09	9.76	7.49	8.77	4.0	9.81	7.0	8.18	4.32	7.43	6.2	7.91	4.62	3.99	5.11	8.74	
968.0	50.0	9.0	9.0	5.0	7.34	6.61	8.35	10.09	5.46	4.82	9.96	6.29	5.5	3.96	3.66	5.87	9.65	8.23	7.7	9.72	6.36	6.59	
969.0	76.0	6.0	6.0	6.16	4.81	6.27	5.29	6.54	5.31	6.06	3.62	4.04	5.99	8.02	5.22	5.27	7.88	7.21	9.92	5.43	5.78	8.3	
970.0	79.0	7.0	7.0	8.07	9.21	4.94	8.09	5.5	4.72	5.04	7.93	8.85	8.91	8.77	10.21	3.72	7.92	9.1	6.5	7.89	7.06	6.92	
971.0	62.0	7.0	7.0	6.49	3.75	9.98	5.76	9.73	5.9	3.55	7.67	9.6	4.4	8.83	7.98	3.67	5.28	8.73	7.45	4.43	5.57	8.12	
972.0	65.0	11.0	11.0	3.85	7.23	8.23	5.78	10.33	9.32	5.63	3.56	6.45	9.2	4.5	7.87	7.11	5.64	4.79	4.21	6.82	10.35	5.21	
973.0	66.0	12.0	12.0	7.51	7.67	10.07	7.33	7.36	7.36	5.28	4.93	4.1	5.61	7.0	7.36	7.06	9.13	6.4	6.57	9.75	8.61	6.79	
974.0	71.0	11.0	11.0	5.95	10.23	10.26	9.92	3.84	3.64	9.96	5.54	6.43	4.17	6.21	4.05	7.19	7.09	4.86	7.57	3.98	6.83	3.95	
975.0	73.0	13.0	13.0	5.4	9.85	6.82	9.44	4.47	7.98	9.83	7.44	5.11	5.54	7.77	9.58	10.17	8.1	3.72	8.34	3.84	7.16	9.26	
976.0	75.0	8.0	8.0	8.6	8.52	3.84	9.95	5.8	5.31	6.45	8.17	6.92	8.51	6.88	8.58	3.7	4.58	6.74	8.86	10.1	9.0	10.18	
977.0	80.0	3.0	3.0	7.2	8.26	8.47	6.02	9.46	10.44	4.66	8.78	7.74	10.19	3.93	6.36	6.91	6.81	9.83	9.97	9.21	6.89	0.46857908014897703	
978.0	91.0	9.0	9.0	5.73	3.88	8.48	5.43	8.98	9.56	4.21	9.08	9.55	8.25	4.11	9.02	5.7	4.28	4.75	7.22	10.25	8.73	6.47	
979.0	66.0	12.0	12.0	8.6	6.44	3.69	7.15	6.12	4.66	9.62	5.89	4.42	8.54	10.16	4.52	4.1	7.18	8.57	7.17	4.17	9.04	9.96	
980.0	86.0	15.0	15.0	9.56	4.05	3.54	8.68	5.86	3.6	9.59	10.07	3.66	5.06	5.43	7.45	3.98	8.56	5.58	9.27	6.57	3.77	6.78	
981.0	39.0	14.0	14.0	6.11	6.25	6.81	5.06	6.4	4.93	8.17	4.9	5.92	7.25	6.18	7.52	4.47	4.04	10.0	4.98	8.21	7.98	9.16	
982.0	90.0	4.0	4.0	5.37	8.12	6.09	10.14	6.7	9.94	6.29	5.39	7.53	9.54	9.38	4.55	5.96	9.02	8.82	10.39	7.94	6.45	7.5	
983.0	78.0	8.0	8.0	4.85	6.92	7.93	9.55	8.32	5.25	8.43	3.7	8.08	9.33	9.82	9.37	8.36	7.63	6.38	5.3	8.14	7.33	8.28	
984.0	47.0	15.0	15.0	4.7	10.2	5.82	4.01	6.44	5.01	5.69	6.36	5.81	3.66	4.13	8.42	3.85	9.89	7.64	3.72	7.84	3.63	7.34	
985.0	64.0	4.0	4.0	4.31	5.37	6.53	10.24	3.63	7.25	5.56	9.19	7.09	6.64	5.97	4.71	8.53	8.56	6.37	9.69	4.76	5.75	6.74	
986.0	54.0	10.0	10.0	10.29	5.78	9.77	6.54	7.04	6.38	8.6	5.05	7.15	7.6	7.01	4.25	5.86	9.11	4.34	8.32	10.48	4.74	10.0	
987.0	68.0	5.0	5.0	6.08	5.03	3.86	5.73	7.21	10.12	6.29	8.1	3.54	8.72	7.77	9.73	9.96	4.84	8.94	4.49	9.6	4.28	10.48	
988.0	57.0	14.0	14.0	10.43	8.75	4.97	8.08	4.02	10.39	4.27	9.52	8.9	6.09	8.93	7.75	5.69	5.64	4.31	5.33	7.42	4.07	8.06	
989.0	98.0	15.0	15.0	4.83	5.75	5.24	4.29	5.59	9.73	9.69	6.97	9.41	6.22	5.35	6.28	4.36	10.01	9.38	5.88	4.86	6.32	4.55	
990.0	42.0	4.0	4.0	5.27	8.86	7.22	5.48	9.08	4.61	7.62	4.5	7.77	8.56	5.5	4.3	9.33	10.42	7.31	9.08	5.13	8.29	9.96	
991.0	61.0	12.0	12.0	10.0	4.86	8.3	4.6	6.73	5.65	5.62	5.22	7.2	5.72	7.68	8.4	9.48	5.96	8.04	9.98	7.32	9.47	5.8	
992.0	65.0	11.0	11.0	4.66	7.46	9.63	8.66	10.36	9.43	3.98	6.12	5.23	7.71	5.79	6.27	9.09	9.43	9.24	6.33	8.26	6.55	7.51	
993.0	59.0	9.0	9.0	5.34	4.51	4.49	9.75	10.48	6.29	5.08	7.38	5.87	5.34	7.37	6.66	8.77	8.51	4.96	4.05	10.09	3.76	7.16	
994.0	79.0	7.0	7.0	9.72	10.26	7.45	8.9	10.42	6.25	3.65	9.89	7.14	3.99	4.63	6.88	5.38	6.03	4.08	7.59	7.6	5.71	9.43	
995.0	68.0	5.0	5.0	8.09	8.33	5.93	6.03	4.39	10.36	4.35	5.76	5.92	4.11	8.12	9.66	5.67	6.98	5.56	7.92	9.44	10.17	8.93	
996.0	49.0	12.0	12.0	4.5	4.92	6.16	5.11	9.86	8.22	4.08	10.47	9.36	6.5	4.2	4.52	8.16	7.08	8.36	8.0	5.3	3.84	9.8	
997.0	35.0	10.0	10.0	8.0	7.43	9.58	8.27	6.15	7.31	7.36	8.02	4.01	10.12	4.64	8.28	4.23	6.07	5.0	5.16	8.75	4.57	7.26	
998.0	84.0	12.0	12.0	5.43	10.37	6.05	6.71	5.02	10.07	3.67	4.22	3.85	10.46	9.64	7.61	5.4	5.92	7.03	6.47	9.08	7.88	6.99	
999.0	91.0	9.0	9.0	4.05	3.64	7.42	6.69	5.37	3.67	6.26	10.15	3.97	8.92	7.69	5.34	5.99	7.69	7.87	8.65	10.32	6.72	6.44	
1000.0	88.0	4.0	4.0	9.44	8.3	7.75	9.22	8.94	9.75	6.95	10.21	9.7	7.02	4.22	10.23	5.64	4.94	7.57	10.26	5.55	5.05	7.805659441845114	
1001.0	85.0	3.0	3.0	10.45	9.32	8.75	10.03	6.87	5.08	10.44	8.65	6.56	4.69	3.94	4.77	9.97	8.82	8.79	8.32	4.0	10.24	10.29684594444316	
1002.0	98.0	15.0	15.0	4.0	10.08	6.09	9.94	9.3	5.33	3.76	9.32	7.87	10.42	8.76	5.84	3.74	8.51	4.66	8.38	3.95	9.66	4.48	
1003.0	78.0	8.0	8.0	10.16	7.29	9.92	4.69	3.61	9.07	7.03	10.3	6.05	5.34	6.84	5.4	9.6	7.37	4.02	5.18	3.87	8.52	6.91	
1004.0	61.0	12.0	12.0	3.92	7.96	8.18	5.43	9.07	3.98	8.83	8.95	6.44	8.27	3.82	6.78	3.62	8.63	3.59	5.76	9.59	5.08	6.23	
1005.0	50.0	9.0	9.0	6.67	5.24	4.3	9.83	5.09	8.95	6.58	6.33	9.28	3.86	6.85	10.33	5.01	6.0	8.28	9.41	5.85	9.31	5.24	
1006.0	93.0	4.0	4.0	3.66	4.15	9.3	8.14	7.87	9.42	9.48	7.96	4.32	4.84	9.71	6.77	7.45	7.47	8.34	6.91	5.18	5.38	8.4	
1007.0	71.0	11.0	11.0	5.94	9.03	3.7	6.78	10.23	6.18	7.05	9.72	5.18	10.45	5.74	4.6	9.79	8.94	8.88	4.27	9.7	4.52	5.54	
1008.0	66.0	12.0	12.0	7.39	4.94	7.53	4.23	5.51	5.44	8.16	7.4	8.68	9.98	8.1	3.66	8.65	8.77	8.29	6.86	5.12	4.09	10.19	
1009.0	76.0	6.0	6.0	5.58	9.01	6.16	4.69	8.31	9.16	6.2	4.77	10.11	8.84	5.65	7.74	5.1	8.74	7.32	6.52	6.47	3.87	5.15	
1010.0	96.0	15.0	15.0	5.05	9.98	5.7	7.15	8.25	5.08	7.01	7.68	9.25	7.49	6.98	5.42	6.88	3.68	10.07	7.76	10.34	8.58	7.79	
1011.0	82.0	6.0	6.0	10.14	7.01	9.1	8.85	6.57	9.39	4.53	4.87	5.92	5.32	6.39	9.47	3.96	4.34	5.2	10.5	5.38	6.5	4.46	
1012.0	83.0	5.0	5.0	6.53	5.56	5.65	9.74	7.84	8.14	8.87	8.26	7.59	7.04	9.55	9.38	3.7	6.16	8.1	3.88	7.87	4.26	7.77	
1013.0	66.0	12.0	12.0	7.63	9.76	3.61	9.79	9.89	6.05	4.74	4.63	8.62	4.52	4.41	9.56	6.15	7.09	8.03	5.42	5.03	4.28	7.53	
1014.0	98.0	15.0	15.0	7.41	4.11	4.62	6.41	9.97	10.46	8.04	10.36	7.19	7.58	10.26	6.34	5.7	5.91	7.16	8.17	3.93	10.28	6.87	
1015.0	48.0	13.0	13.0	9.14	10.18	9.31	4.22	8.43	5.82	8.84	4.09	8.31	10.1	4.27	4.0	7.14	4.43	4.95	4.46	6.09	6.08	10.27	
1016.0	97.0	9.0	9.0	9.98	10.3	4.51	6.27	9.68	4.16	7.1	8.12	6.69	7.49	4.19	5.86	5.31	7.27	7.02	7.91	3.78	4.58	5.56	
1017.0	52.0	4.0	4.0	3.69	3.91	7.49	3.93	9.38	8.08	5.8	8.41	5.16	8.8	8.9	9.49	9.39	3.84	6.17	7.65	9.39	6.31	5.4	
1018.0	61.0	12.0	12.0	10.07	5.56	9.22	9.91	5.86	9.35	4.16	5.63	10.3	7.51	10.0	6.36	9.72	8.5	7.53	4.57	8.59	6.59	9.627055686386544	
1019.0	59.0	9.0	9.0	4.16	8.19	9.58	6.13	5.25	5.38	4.88	4.7	8.09	8.3	10.37	8.79	7.75	3.8	7.32	6.74	8.5	4.76	6.42	
1020.0	79.0	7.0	7.0	9.01	5.73	8.56	9.68	4.02	6.32	9.83	5.13	5.51	3.93	5.03	9.01	9.59	4.92	8.57	6.94	4.75	8.83	10.44	
1021.0	83.0	5.0	5.0	4.69	4.48	7.18	9.02	6.23	7.51	8.0	9.43	5.21	8.62	4.2	9.96	10.37	5.79	5.7	8.06	6.05	9.5	9.38	
1022.0	75.0	8.0	8.0	6.29	7.38	9.69	8.53	9.79	10.03	5.84	10.23	9.58	9.45	3.93	8.95	6.85	9.68	10.1	8.81	6.63	0.7973326922184643	1.1211859051308468	
1023.0	83.0	5.0	5.0	7.38	8.03	7.79	3.51	9.1	7.7	7.3	5.45	9.07	3.8	4.7	9.48	5.72	9.67	8.3	7.97	4.86	4.8	5.23	
1024.0	98.0	15.0	15.0	8.79	6.11	10.2	9.46	4.22	6.21	8.41	8.85	5.56	4.61	7.61	4.17	9.78	9.81	4.97	4.74	5.26	4.35	3.83	
1025.0	63.0	15.0	15.0	8.78	6.18	3.73	8.16	9.44	3.7	8.58	5.85	7.08	4.13	4.9	5.65	9.58	10.18	7.38	6.08	7.36	8.86	8.38	
1026.0	65.0	11.0	11.0	7.42	9.33	3.65	10.2	3.99	3.83	8.55	9.67	7.9	9.55	7.55	4.87	8.7	5.64	4.83	4.53	7.56	5.03	7.11	
1027.0	70.0	11.0	11.0	4.35	4.97	4.27	8.41	7.76	4.04	8.55	7.14	6.19	9.81	6.84	5.75	9.81	6.34	3.68	5.43	8.0	9.76	10.44	
1028.0	93.0	4.0	4.0	7.63	8.65	9.72	7.76	9.25	8.04	8.62	6.54	8.12	10.39	4.04	7.6	5.56	3.69	9.54	5.2	10.39	5.68	8.8	
1029.0	8.0	15.0	15.0	7.46	3.83	7.63	10.2	6.68	9.13	4.29	9.67	3.86	8.96	6.53	8.14	4.72	3.81	4.2	6.81	7.02	6.4	4.72	
1030.0	83.0	5.0	5.0	4.32	9.64	5.28	8.25	4.79	6.79	4.5	9.88	9.3	5.31	4.85	6.31	7.94	10.44	7.05	3.67	6.23	5.53	8.42	
1031.0	43.0	13.0	13.0	5.68	4.06	9.78	9.03	5.16	6.05	6.28	7.72	6.77	6.35	5.22	8.87	7.46	6.52	4.8	5.77	9.89	6.18	9.4	
1032.0	88.0	4.0	4.0	3.61	4.66	9.01	5.88	4.63	4.01	8.95	9.65	9.99	9.3	7.92	7.6	5.42	8.62	5.54	3.72	5.16	5.02	5.68	
1033.0	77.0	8.0	8.0	3.73	4.45	8.45	7.58	9.39	4.44	5.14	8.13	5.74	4.13	4.31	6.26	3.71	8.14	6.38	7.73	4.0	7.11	4.44	
1034.0	23.0	7.0	7.0	4.35	5.7	5.63	10.1	9.98	7.9	6.53	3.82	8.9	10.1	5.71	10.32	5.75	10.3	6.94	5.79	4.63	10.18	8.87	
1035.0	16.0	14.0	14.0	5.17	6.32	5.63	6.55	8.56	4.29	6.44	6.82	9.15	3.66	10.25	9.01	4.38	8.2	7.71	10.3	7.28	3.83	6.54	
1036.0	84.0	12.0	12.0	5.61	3.82	9.25	5.2	9.78	4.29	5.52	10.47	9.93	9.32	9.09	6.22	8.53	9.39	3.86	9.15	9.76	8.86	9.84182651122061	
1037.0	80.0	3.0	3.0	5.85	9.44	6.2	3.7	9.71	4.87	4.78	10.15	6.14	9.52	7.75	8.24	8.24	7.4	5.22	6.27	3.8	8.34	8.21	
1038.0	96.0	15.0	15.0	9.59	7.33	6.52	4.38	5.88	5.82	5.18	4.58	9.54	7.29	10.47	6.56	5.34	10.48	9.71	9.67	7.66	6.83	6.35	
1039.0	88.0	4.0	4.0	9.11	5.63	10.49	7.51	4.01	4.57	9.05	7.87	7.03	6.87	6.28	7.3	7.88	9.98	8.75	5.65	6.88	7.4	6.3	
1040.0	81.0	3.0	3.0	6.01	8.99	6.11	6.76	10.14	4.61	5.01	9.22	7.78	10.15	8.67	8.17	6.61	6.95	9.36	8.27	4.08	6.68	8.29	
1041.0	96.0	15.0	15.0	8.7	7.17	8.16	6.56	3.58	8.8	7.64	9.91	6.45	4.36	9.25	9.88	9.42	7.39	5.06	4.39	7.06	9.76	6.36	
1042.0	74.0	1.0	1.0	8.27	5.36	3.96	6.77	9.79	7.37	9.25	9.65	4.89	6.42	9.74	7.12	5.61	8.6	6.69	6.09	8.77	9.58	7.12	
1043.0	86.0	15.0	15.0	7.16	9.92	9.58	9.22	4.06	8.79	9.07	8.63	9.11	6.83	10.0	7.01	10.09	8.59	7.68	6.6	6.4	7.3162971115797255	2.8086223676677533	
1044.0	92.0	10.0	10.0	9.84	8.77	5.05	4.63	6.73	3.9	9.61	8.56	3.93	3.66	6.82	4.8	8.86	9.24	5.17	6.42	6.95	8.8	4.82	
1045.0	30.0	14.0	14.0	5.87	8.79	5.4	8.8	5.59	4.72	9.23	8.23	7.02	4.04	9.04	6.05	4.87	4.04	7.29	10.31	5.63	8.69	7.0	
1046.0	65.0	11.0	11.0	6.59	5.76	8.48	7.19	9.61	5.38	5.05	4.25	10.37	4.28	4.5	3.99	8.71	8.59	4.46	4.4	4.5	6.03	7.93	
1047.0	47.0	15.0	15.0	3.51	9.68	5.95	4.06	10.09	7.34	7.44	9.79	4.57	5.87	4.24	6.9	8.49	5.63	6.05	5.48	8.7	5.34	10.2	
1048.0	41.0	15.0	15.0	8.14	7.1	5.75	7.01	3.99	5.83	7.01	5.0	7.52	4.81	8.35	4.9	4.4	5.26	7.84	10.07	7.6	9.51	4.57	
1049.0	52.0	4.0	4.0	9.0	7.72	8.29	5.1	6.81	4.81	7.93	10.05	5.23	9.58	7.53	8.73	8.9	4.32	7.21	10.1	7.49	10.39	1.4597052995604347	
1050.0	84.0	12.0	12.0	4.15	3.7	8.88	8.82	9.52	6.2	10.46	7.55	4.96	8.05	7.13	3.99	10.18	6.47	6.68	4.11	8.3	4.57	6.45	
1051.0	46.0	14.0	14.0	9.68	6.28	8.54	9.3	7.42	9.76	10.03	6.02	8.15	9.68	8.74	3.62	10.17	9.3	4.29	8.6	8.27	8.0	8.766230646407282	
1052.0	63.0	15.0	15.0	6.11	5.53	6.51	4.7	5.22	4.72	6.14	5.01	9.13	6.49	5.65	10.37	7.69	5.57	10.26	6.79	8.79	9.01	9.41	
1053.0	48.0	13.0	13.0	7.17	4.36	7.91	4.46	9.9	9.33	7.24	8.08	7.22	4.48	5.84	5.38	6.16	4.5	3.8	6.01	8.65	10.46	10.12	
1054.0	69.0	12.0	12.0	9.17	6.84	5.87	9.63	4.11	10.03	6.61	4.88	6.61	3.95	8.45	7.12	5.29	8.92	6.87	7.68	4.73	10.14	10.23	
1055.0	83.0	5.0	5.0	4.81	8.71	6.73	5.06	6.79	7.09	6.93	10.04	5.29	5.03	6.83	8.7	8.58	7.35	9.96	10.09	10.15	9.36	6.16	
1056.0	86.0	15.0	15.0	4.68	4.9	9.53	10.21	8.21	7.44	8.64	9.7	8.69	9.24	4.21	4.09	5.27	5.02	9.93	6.15	5.26	9.42	8.78	
1057.0	91.0	9.0	9.0	9.71	7.45	8.47	4.16	8.78	9.84	7.11	3.87	3.69	10.45	6.02	5.96	10.38	8.21	8.09	3.71	8.98	4.34	9.41	
1058.0	93.0	4.0	4.0	7.6	7.59	4.99	8.76	4.61	8.95	4.85	5.73	9.37	6.06	3.96	3.64	9.36	3.58	9.54	7.3	6.11	8.0	5.9	
1059.0	88.0	4.0	4.0	7.3	6.73	10.42	5.1	8.62	3.53	9.0	10.11	5.5	3.92	4.09	8.56	4.8	10.08	7.54	8.97	9.59	10.27	10.09	
1060.0	31.0	8.0	8.0	4.88	9.2	5.24	6.98	5.5	3.63	5.05	6.04	4.98	9.86	5.48	5.81	8.24	9.04	6.75	7.6	6.45	6.87	6.95	
1061.0	81.0	3.0	3.0	6.46	10.37	4.38	3.94	8.3	7.73	9.88	9.21	5.85	6.8	9.22	4.87	4.46	7.02	6.03	7.74	4.43	5.74	4.79	
1062.0	73.0	13.0	13.0	9.75	8.52	5.87	6.34	6.63	9.36	6.71	5.16	6.05	7.54	7.04	5.92	10.06	4.39	4.63	6.46	7.88	10.03	7.5	
1063.0	77.0	8.0	8.0	10.17	7.36	7.54	5.82	5.23	4.6	4.77	6.34	10.09	7.37	10.11	3.89	4.92	8.86	6.96	4.4	7.63	5.29	8.79	
1064.0	29.0	2.0	2.0	8.86	9.64	4.67	4.98	7.35	3.89	7.97	6.89	5.55	7.5	5.79	7.53	5.81	7.6	4.46	8.82	5.95	8.5	4.25	
1065.0	45.0	5.0	5.0	7.0	4.19	7.81	9.35	8.49	8.82	6.14	4.98	3.95	3.77	9.94	7.28	4.52	7.81	7.06	7.42	7.06	6.96	4.04	
1066.0	65.0	11.0	11.0	7.6	7.61	10.18	7.01	8.52	4.85	3.51	9.32	9.96	8.05	5.94	10.24	9.39	5.97	10.45	4.93	6.63	6.18	10.44	
1067.0	50.0	9.0	9.0	4.38	5.58	10.49	7.39	10.46	8.86	9.52	8.38	8.28	4.8	3.61	7.48	9.84	5.66	6.55	4.42	3.6	5.12	4.15	
1068.0	95.0	8.0	8.0	5.51	6.55	8.12	5.24	9.91	6.04	4.54	9.87	5.68	6.85	3.59	7.44	3.78	5.51	3.91	3.83	8.89	4.08	7.53	
1069.0	56.0	13.0	13.0	4.75	4.86	7.19	5.61	4.18	10.2	9.31	9.24	4.63	7.05	7.67	6.03	9.78	5.44	5.63	3.68	3.93	7.62	5.44	
1070.0	79.0	7.0	7.0	8.59	9.29	6.66	8.62	8.1	6.64	4.36	6.77	3.61	9.49	10.2	6.44	4.49	8.34	3.86	10.35	8.76	5.06	4.56	
1071.0	61.0	12.0	12.0	7.12	3.56	9.63	7.46	5.9	6.12	8.46	4.58	8.93	5.93	4.21	10.33	10.46	3.52	10.35	3.57	5.56	4.85	7.7	
1072.0	84.0	12.0	12.0	8.94	8.54	6.16	4.2	7.53	6.99	8.56	4.53	4.35	9.5	9.26	6.78	3.73	4.5	7.78	4.9	6.89	8.06	7.6	
1073.0	30.0	14.0	14.0	3.51	7.48	3.87	7.37	5.01	5.21	4.84	6.29	6.7	7.82	5.5	5.76	7.73	7.42	9.17	5.57	4.65	6.86	5.39	
1074.0	70.0	11.0	11.0	4.77	7.3	8.92	9.94	5.72	6.69	7.4	4.4	5.75	6.32	3.98	9.77	8.68	3.53	8.41	5.05	8.61	6.2	7.87	
1075.0	84.0	12.0	12.0	9.21	9.05	7.6	8.17	5.57	7.89	6.81	5.99	10.21	5.98	5.76	4.43	7.6	10.4	6.37	6.19	3.89	5.22	4.05	
1076.0	76.0	6.0	6.0	9.23	9.73	3.62	7.41	5.41	3.92	5.96	6.09	4.51	4.26	7.89	6.35	4.34	7.48	9.12	5.78	6.4	4.78	5.43	
1077.0	80.0	3.0	3.0	3.92	8.23	8.9	6.54	8.75	4.86	5.7	9.48	8.14	5.78	4.25	9.25	7.23	4.69	10.25	4.25	4.87	5.93	8.07	
1078.0	84.0	12.0	12.0	7.45	7.24	9.68	5.94	8.17	4.43	8.0	7.61	3.85	6.42	6.3	6.44	5.07	4.22	3.85	10.46	6.99	7.03	6.01	
1079.0	82.0	6.0	6.0	4.58	8.75	5.19	7.67	7.58	4.26	8.56	10.37	4.99	4.34	9.04	8.72	8.48	7.13	4.59	7.01	10.18	4.58	6.26	
1080.0	22.0	6.0	6.0	8.23	4.72	10.13	6.36	8.8	5.53	9.6	7.31	9.38	9.67	5.3	9.11	6.05	7.91	6.23	8.52	5.33	10.03	0.6913480118848505	
1081.0	70.0	11.0	11.0	6.0	6.2	7.98	8.36	6.4	5.57	4.44	5.29	4.93	3.64	8.6	10.03	3.57	8.59	6.85	7.48	6.67	8.93	9.28	
1082.0	85.0	3.0	3.0	9.47	5.83	9.11	8.6	4.04	7.26	6.8	9.95	8.79	9.86	3.76	3.82	4.61	5.1	7.9	10.16	5.91	5.6	5.51	
1083.0	90.0	4.0	4.0	8.07	4.18	8.25	8.99	10.28	8.19	5.45	8.35	5.99	7.48	8.01	4.29	7.78	8.06	10.49	9.87	3.86	7.58	6.49	
1084.0	99.0	12.0	12.0	9.1	5.58	5.66	4.91	7.95	7.11	8.72	8.7	5.25	10.04	7.66	4.4	3.88	6.09	8.33	10.18	8.32	8.64	8.65	
1085.0	31.0	8.0	8.0	4.14	8.18	7.98	10.1	4.97	8.26	7.79	9.75	5.5	8.31	9.99	4.35	10.31	8.41	4.79	9.61	10.31	5.71	5.247459392286479	
1086.0	67.0	3.0	3.0	6.18	3.67	9.01	10.14	10.1	6.57	6.12	5.42	8.54	6.02	9.36	4.55	5.91	6.55	7.57	7.6	4.2	5.67	4.9	
1087.0	58.0	11.0	11.0	7.21	8.15	5.68	6.46	4.3	4.1	5.04	6.41	3.97	4.02	4.15	3.98	4.65	8.14	5.52	6.63	9.85	10.29	8.16	
1088.0	71.0	11.0	11.0	7.69	7.52	10.1	10.04	7.08	3.97	6.78	3.69	9.7	6.07	5.32	4.96	9.89	10.42	6.97	6.77	4.48	4.43	6.63	
1089.0	88.0	4.0	4.0	7.98	5.43	3.58	9.0	6.07	7.93	9.83	4.05	10.12	5.06	5.37	8.64	6.45	9.3	9.4	4.86	4.3	9.77	7.46	
1090.0	91.0	9.0	9.0	5.67	10.01	8.44	6.35	3.73	6.69	7.95	7.62	6.21	10.12	4.08	7.11	7.6	7.9	7.3	10.14	3.53	9.19	7.89	
1091.0	85.0	3.0	3.0	8.94	10.23	4.73	5.19	5.2	8.78	6.64	7.9	8.82	8.27	9.35	6.83	7.75	10.15	4.34	5.99	6.57	6.04	4.91	
1092.0	69.0	12.0	12.0	6.17	4.7	8.04	5.59	7.08	5.83	6.44	8.83	7.33	6.49	5.89	9.09	7.33	3.68	10.47	4.22	10.19	6.71	9.91	
1093.0	96.0	15.0	15.0	10.44	9.48	9.78	8.97	5.95	4.56	3.89	3.9	8.69	7.75	8.84	9.38	3.56	5.64	10.44	7.24	7.77	7.46	4.07	
1094.0	96.0	15.0	15.0	5.76	4.01	10.41	6.8	5.16	8.01	7.95	4.83	6.75	4.78	8.24	5.54	4.31	8.24	5.0	6.18	4.46	4.74	8.19	
1095.0	72.0	11.0	11.0	8.91	9.19	5.63	6.89	9.83	3.64	4.57	3.9	9.66	5.53	7.09	7.85	5.04	8.92	8.73	7.55	8.3	8.41	6.31	
1096.0	89.0	14.0	14.0	5.48	9.41	9.52	10.46	4.89	10.24	10.02	4.64	8.4	6.16	4.72	5.27	5.9	6.92	6.29	7.42	5.95	8.95	5.49	
1097.0	88.0	4.0	4.0	9.49	8.57	10.09	4.73	9.98	8.75	7.26	6.81	8.75	5.82	4.97	4.57	5.97	7.51	9.23	4.53	3.75	10.25	4.35	
1098.0	62.0	7.0	7.0	9.25	8.91	6.5	6.35	7.04	6.27	5.02	5.75	9.2	5.48	6.16	3.78	9.54	7.53	6.56	3.53	4.8	7.76	8.93	
1099.0	97.0	9.0	9.0	9.1	10.33	7.63	8.81	8.48	9.87	6.72	4.73	9.8	5.65	6.92	5.68	8.27	5.14	3.67	7.99	6.47	7.37	3.96	
1100.0	86.0	15.0	15.0	6.36	6.0	3.59	4.96	9.17	7.65	8.36	6.9	4.83	10.4	5.44	4.49	7.42	4.99	9.59	7.72	5.43	9.74	6.01	
1101.0	70.0	11.0	11.0	4.39	4.61	8.54	9.79	7.36	4.83	3.79	9.65	9.42	6.09	6.99	3.58	9.13	3.7	10.16	8.12	5.03	7.57	4.48	
1102.0	56.0	13.0	13.0	6.84	7.95	5.71	5.11	4.6	7.54	10.09	5.2	6.12	5.7	8.09	5.87	5.25	4.74	4.3	8.02	10.43	5.46	7.65	
1103.0	82.0	6.0	6.0	9.96	9.96	10.2	8.68	7.19	10.39	4.83	10.11	4.65	5.61	4.49	7.45	9.68	7.51	8.11	6.65	4.9	7.87	7.262814047632942	
1104.0	83.0	5.0	5.0	8.66	7.78	6.15	9.88	7.52	8.82	6.12	7.59	8.78	9.87	5.81	6.75	5.73	10.27	5.39	6.36	8.82	6.16	6.45	
1105.0	37.0	5.0	5.0	8.37	4.48	6.44	4.66	9.36	8.04	6.77	5.33	8.92	6.23	4.08	5.54	8.73	5.54	5.32	5.43	4.84	5.2	10.08	
1106.0	67.0	3.0	3.0	6.37	3.53	7.93	5.3	8.35	7.71	8.36	3.71	7.35	7.52	9.89	4.71	4.95	5.3	5.28	4.68	7.88	5.56	7.9	
1107.0	52.0	4.0	4.0	5.18	8.56	4.8	10.34	6.54	9.37	9.72	8.65	4.82	5.08	3.7	8.63	9.81	8.61	9.46	5.57	8.31	8.66	8.16	
1108.0	30.0	14.0	14.0	7.74	7.33	10.38	5.05	6.13	8.83	6.64	5.82	3.52	8.47	3.96	5.61	9.48	7.5	10.08	10.01	7.96	6.98	4.03	
1109.0	19.0	13.0	13.0	5.06	8.28	5.88	7.77	4.64	7.45	7.26	8.13	7.34	9.16	9.84	7.22	6.01	7.53	10.46	5.32	6.12	5.74	7.82	
1110.0	47.0	15.0	15.0	4.66	3.62	9.28	8.42	4.18	9.21	6.25	5.48	4.17	6.08	4.85	3.53	6.12	10.42	5.58	3.69	9.56	9.88	8.02	
1111.0	82.0	6.0	6.0	3.72	8.06	4.78	3.52	7.62	10.21	4.96	4.34	4.71	4.88	8.14	7.04	5.28	8.01	7.22	5.85	7.12	4.9	6.56	
1112.0	92.0	10.0	10.0	9.57	6.13	4.46	6.94	6.05	9.38	9.57	6.72	6.96	9.94	4.0	5.65	9.72	4.07	4.96	8.85	8.71	9.43	9.23	
1113.0	85.0	3.0	3.0	10.07	4.2	8.49	7.63	4.51	10.38	6.24	4.51	6.06	10.3	4.59	7.09	9.92	9.9	4.42	4.95	8.43	10.48	7.35	
1114.0	69.0	12.0	12.0	6.69	5.95	9.65	8.76	7.4	8.19	4.6	6.57	9.8	9.57	4.42	4.17	5.48	6.05	8.38	8.18	6.36	9.19	6.1	
1115.0	100.0	14.0	14.0	3.72	9.16	4.75	8.99	5.33	7.19	9.78	7.43	6.12	6.88	8.32	4.18	6.53	9.79	5.99	6.24	6.45	8.04	8.51	
1116.0	88.0	4.0	4.0	7.19	7.84	4.6	4.07	3.86	3.53	8.01	8.73	5.41	8.21	3.58	5.17	8.33	6.78	7.05	3.67	8.85	5.21	10.23	
1117.0	93.0	4.0	4.0	6.47	5.73	6.14	7.55	9.15	6.48	6.48	3.77	4.1	8.58	9.71	8.32	7.53	4.14	10.34	7.13	5.01	3.92	9.93	
1118.0	41.0	15.0	15.0	10.49	5.36	4.32	7.39	7.39	5.0	7.61	8.86	6.41	4.77	6.5	9.93	4.73	8.06	10.29	10.31	5.18	9.62	5.66	
1119.0	97.0	9.0	9.0	8.05	5.08	8.29	10.28	8.0	9.74	5.27	6.44	4.69	5.38	6.39	5.6	9.26	7.69	7.49	10.25	8.93	7.61	7.25	
1120.0	69.0	12.0	12.0	6.44	7.61	5.64	7.63	8.61	8.59	3.52	4.61	4.66	10.42	5.06	4.13	5.63	9.06	5.75	7.13	9.02	5.61	4.18	
1121.0	84.0	12.0	12.0	8.33	6.4	8.17	5.19	8.0	7.29	5.76	6.1	5.74	5.7	4.98	6.09	8.82	4.5	3.84	3.67	4.89	9.27	10.07	
1122.0	14.0	13.0	13.0	9.19	8.41	8.31	9.84	4.2	6.48	8.64	4.38	5.2	3.6	10.08	10.22	7.79	3.69	3.64	10.18	9.11	8.62	8.87	
1123.0	78.0	8.0	8.0	8.09	9.54	10.18	5.72	7.71	9.65	5.76	8.74	6.2	8.42	4.78	3.67	3.87	7.35	10.27	6.78	9.84	9.95	9.14	
1124.0	87.0	5.0	5.0	6.63	5.62	4.49	5.5	4.01	8.62	8.36	5.82	5.03	9.17	10.41	6.16	10.16	9.79	6.08	8.44	7.95	3.72	7.45	
1125.0	62.0	7.0	7.0	8.95	9.73	6.29	10.49	3.98	7.19	5.99	4.55	6.94	8.95	6.23	8.01	5.13	4.2	9.71	9.33	7.25	4.08	8.67	
1126.0	67.0	3.0	3.0	4.75	8.76	8.2	5.29	10.17	7.76	5.63	6.61	5.46	6.8	5.16	9.39	3.56	9.04	6.31	4.5	8.98	8.98	5.68	
1127.0	11.0	4.0	4.0	7.94	5.09	8.58	7.4	10.43	10.4	9.97	9.98	3.55	4.54	7.02	9.65	7.97	5.97	7.8	7.51	10.34	10.06	1.7926362694638502	
1128.0	73.0	13.0	13.0	8.14	10.25	9.23	8.17	9.91	5.32	5.18	3.52	6.53	3.95	5.95	4.95	3.87	6.1	8.58	10.35	4.55	6.17	3.54	
1129.0	74.0	1.0	1.0	4.84	6.94	10.47	7.05	4.9	9.39	10.42	10.11	7.49	9.34	9.0	3.97	9.96	4.32	4.83	8.42	10.23	6.76	7.941821251824942	
1130.0	79.0	7.0	7.0	7.18	7.07	3.81	6.53	6.18	3.93	8.15	9.55	4.18	4.41	8.86	8.95	6.24	6.17	7.59	5.52	3.58	4.91	7.03	
1131.0	94.0	13.0	13.0	4.58	5.31	10.22	7.81	10.26	4.46	3.52	9.62	9.22	8.93	3.98	7.21	4.43	9.47	4.2	6.18	5.65	6.9	9.2	
1132.0	26.0	1.0	1.0	4.42	4.19	4.37	9.73	7.33	8.05	9.9	9.36	9.45	8.26	9.37	5.9	4.94	6.21	9.82	6.04	9.9	4.94	9.08	
1133.0	57.0	14.0	14.0	9.51	7.73	8.81	8.49	4.96	4.58	9.8	5.16	7.97	7.02	8.67	4.98	7.77	3.58	6.2	8.08	7.44	9.38	4.66	
1134.0	69.0	12.0	12.0	5.5	5.26	7.69	5.12	7.05	7.07	4.34	3.69	6.84	3.52	5.68	6.15	4.4	5.76	9.75	7.14	4.64	7.06	4.53	
1135.0	74.0	1.0	1.0	6.51	7.29	10.14	8.65	10.12	8.1	9.03	3.92	7.74	9.74	7.22	6.71	6.25	5.22	6.83	8.48	7.89	9.72	3.872834742574349	
1136.0	50.0	9.0	9.0	5.05	7.67	8.25	10.49	8.99	6.68	5.59	10.32	5.13	9.72	10.11	6.41	4.58	4.25	9.99	6.03	9.19	6.53	3.68	
1137.0	48.0	13.0	13.0	10.06	5.36	10.09	7.5	7.68	9.84	9.5	8.36	8.69	4.87	9.15	10.04	7.9	9.0	3.54	5.6	5.77	5.2	7.203218011280891	
1138.0	62.0	7.0	7.0	10.46	9.85	6.01	9.23	5.51	7.85	10.48	9.28	4.83	6.98	3.87	9.95	8.23	7.88	5.0	7.4	10.34	9.32	10.451024863429634	
1139.0	87.0	5.0	5.0	9.54	3.82	4.89	8.72	7.75	10.09	9.14	7.8	8.33	7.05	3.55	4.59	5.39	8.81	5.67	9.09	10.35	10.01	7.34	
1140.0	83.0	5.0	5.0	7.89	3.68	4.16	4.89	5.58	7.11	7.84	3.87	3.89	5.46	5.68	9.82	6.67	4.19	9.66	9.37	9.24	5.41	9.52	
1141.0	71.0	11.0	11.0	8.11	5.76	9.98	6.95	7.42	6.14	4.94	9.82	9.28	8.24	5.06	4.79	5.03	6.89	5.99	6.42	10.41	8.01	7.48	
1142.0	24.0	14.0	14.0	6.92	3.99	8.19	4.62	6.3	4.72	10.4	7.98	6.93	4.74	7.87	5.58	9.72	9.46	9.86	8.27	9.73	6.02	3.94	
1143.0	48.0	13.0	13.0	8.78	4.64	4.47	9.74	10.0	8.99	7.98	10.13	8.62	8.55	9.37	4.91	6.52	7.89	5.36	6.99	4.7	9.02	6.66	
1144.0	94.0	13.0	13.0	9.83	5.47	7.52	9.14	8.73	10.4	6.35	8.29	6.83	7.64	3.86	9.13	7.89	9.53	5.39	8.88	5.95	10.14	9.784563179196487	
1145.0	64.0	4.0	4.0	8.96	3.89	3.75	3.79	9.32	4.64	8.28	3.93	3.9	8.78	6.47	4.43	3.65	4.22	10.48	10.29	7.79	6.93	3.97	
1146.0	89.0	14.0	14.0	9.22	4.28	4.93	5.99	4.9	3.69	10.42	7.64	8.25	8.2	5.33	6.95	10.12	5.8	6.17	4.52	10.41	4.98	7.92	
1147.0	84.0	12.0	12.0	9.91	4.45	4.12	3.53	8.14	4.3	4.22	4.31	4.95	4.53	4.38	7.3	6.15	6.82	4.49	9.09	8.8	9.47	4.74	
1148.0	72.0	11.0	11.0	9.66	9.16	3.77	4.1	5.52	6.85	7.73	10.36	4.67	4.79	7.78	7.83	6.31	4.02	8.03	9.48	5.95	5.38	8.18	
1149.0	76.0	6.0	6.0	10.19	9.39	6.67	3.61	4.5	5.01	6.1	4.76	9.04	9.73	3.87	8.93	5.13	9.49	8.48	5.12	8.98	4.3	6.61	
1150.0	77.0	8.0	8.0	10.3	9.74	8.47	7.51	5.93	5.66	4.97	8.9	4.75	4.33	4.15	3.7	8.13	4.88	10.48	9.9	8.99	10.41	5.46	
1151.0	61.0	12.0	12.0	6.15	7.28	5.27	5.97	9.22	7.13	9.54	7.55	8.19	5.05	9.63	3.65	5.7	4.46	6.29	7.29	10.05	5.73	8.28	
1152.0	63.0	15.0	15.0	6.41	6.54	9.73	5.8	7.46	9.8	4.56	3.89	6.0	7.33	9.31	8.12	8.35	6.36	3.68	10.42	5.58	8.43	6.58	
1153.0	82.0	6.0	6.0	5.41	3.8	4.99	8.95	5.78	10.18	6.0	8.47	5.46	7.5	9.57	6.26	7.35	5.68	8.75	9.17	8.42	9.04	5.51	
1154.0	69.0	12.0	12.0	10.09	5.75	5.97	10.44	9.47	5.17	9.75	5.67	6.6	9.16	9.91	8.62	6.14	9.75	4.04	9.14	8.06	6.74	1.3292237268685487	
1155.0	100.0	14.0	14.0	4.81	6.47	4.42	9.99	7.75	9.65	5.27	5.69	8.17	8.52	5.49	5.7	5.64	8.05	8.99	5.76	8.94	7.76	7.66	
1156.0	75.0	8.0	8.0	5.73	5.13	7.98	4.67	8.04	9.36	5.66	7.98	6.01	10.39	8.94	9.13	9.5	10.09	8.46	5.23	10.1	7.59	4.40784725681283	
1157.0	95.0	8.0	8.0	6.2	4.57	9.94	8.66	6.92	9.26	6.87	8.57	6.38	7.99	8.92	7.83	5.55	7.25	9.81	9.29	7.35	6.1	9.57	
1158.0	62.0	7.0	7.0	5.53	4.88	9.59	4.49	7.49	4.06	10.39	6.68	7.51	5.13	5.19	6.74	4.87	8.89	4.79	10.07	9.06	6.1	7.11	
1159.0	82.0	6.0	6.0	7.6	3.77	8.62	3.63	7.34	4.08	8.19	5.18	8.68	9.74	6.73	6.2	6.87	6.33	10.24	5.53	8.28	4.46	6.09	
1160.0	96.0	15.0	15.0	7.85	5.54	3.58	4.49	5.02	3.94	6.37	4.69	9.04	8.15	4.3	6.24	7.41	7.82	6.69	6.28	6.21	9.36	6.42	
1161.0	70.0	11.0	11.0	7.68	8.29	4.01	9.21	6.1	9.56	9.45	4.65	9.46	6.18	6.27	8.52	9.17	9.04	9.15	6.85	9.52	8.95	4.963781768116288	
1162.0	74.0	1.0	1.0	6.65	7.6	7.53	4.62	5.39	7.57	8.24	8.62	4.01	7.86	5.17	10.21	5.87	3.5	7.23	10.17	9.94	9.22	9.26	
1163.0	86.0	15.0	15.0	6.74	7.87	8.3	6.38	9.41	4.14	10.22	9.52	8.69	6.29	7.91	6.6	6.8	10.33	10.33	8.31	6.1	9.15	3.830079434946704	
1164.0	80.0	3.0	3.0	5.34	6.64	7.37	7.4	8.92	4.54	9.83	7.26	10.13	4.08	4.08	5.32	5.79	7.09	7.16	5.51	8.37	8.83	8.56	
1165.0	81.0	3.0	3.0	7.24	8.48	9.02	6.91	4.4	6.22	3.69	8.6	4.8	9.44	10.19	8.09	7.9	6.54	4.06	5.81	7.21	10.39	5.81	
1166.0	65.0	11.0	11.0	6.91	5.41	9.79	8.7	4.82	8.04	10.18	7.13	8.79	3.8	4.55	9.57	5.47	6.53	6.93	5.08	9.14	7.37	10.26	
1167.0	100.0	14.0	14.0	8.47	9.68	6.47	5.98	6.09	5.72	9.79	6.08	7.1	6.44	4.98	5.03	4.34	9.74	4.28	10.43	5.99	5.98	8.5	
1168.0	60.0	3.0	3.0	6.13	10.06	5.41	7.94	9.19	8.27	10.35	5.02	9.36	4.75	8.08	3.99	7.11	5.17	4.87	8.22	6.49	4.58	4.51	
1169.0	76.0	6.0	6.0	8.88	7.69	3.51	6.65	3.95	4.59	3.98	7.3	7.66	5.4	8.02	5.56	7.25	4.14	8.22	5.17	7.06	8.87	6.86	
1170.0	41.0	15.0	15.0	5.08	8.69	8.25	6.9	4.87	5.98	8.28	6.98	8.63	5.77	7.79	7.52	9.54	8.21	8.17	7.23	9.29	3.72	9.28	
1171.0	80.0	3.0	3.0	5.82	8.3	4.21	6.07	4.17	7.06	6.72	5.94	8.98	9.89	9.77	7.28	8.28	8.18	10.31	4.04	6.83	8.51	9.96	
1172.0	100.0	14.0	14.0	10.28	7.81	5.13	5.39	3.76	5.53	10.14	5.64	7.44	6.51	10.0	9.42	6.89	5.07	3.76	7.29	8.45	4.43	7.47	
1173.0	66.0	12.0	12.0	5.25	8.16	6.44	3.82	8.21	7.96	9.05	7.55	4.4	5.9	4.38	6.72	8.85	4.65	4.31	4.7	8.79	8.63	4.7	
1174.0	99.0	12.0	12.0	6.75	3.99	4.87	7.58	9.85	4.11	3.56	5.1	4.0	3.52	9.13	8.47	9.96	9.21	5.29	10.24	5.31	8.89	8.29	
1175.0	73.0	13.0	13.0	4.49	5.17	6.7	6.73	10.12	4.59	4.9	9.7	4.49	4.99	7.23	4.25	5.78	10.24	9.43	4.71	8.38	4.11	9.16	
1176.0	94.0	13.0	13.0	10.4	4.79	5.67	6.27	7.11	4.06	9.68	6.0	5.88	8.7	8.64	7.45	10.22	9.79	6.42	8.44	5.55	5.48	7.92	
1177.0	4.0	9.0	9.0	7.29	8.23	4.52	5.11	8.0	5.71	6.65	4.24	7.11	8.38	8.85	6.41	7.42	3.65	10.41	8.2	6.52	9.42	7.17	
1178.0	60.0	3.0	3.0	7.77	9.46	5.53	7.71	6.76	4.3	8.65	5.39	10.42	10.41	8.51	9.76	8.76	7.94	8.79	8.42	4.52	5.59	10.169214939033033	
1179.0	99.0	12.0	12.0	9.87	9.04	6.89	5.37	8.81	6.11	9.82	4.81	10.47	10.43	6.57	9.23	6.17	10.22	8.67	9.89	7.5	0.5281683810056239	8.604423812167957	
1180.0	44.0	3.0	3.0	8.09	5.31	5.64	5.52	8.0	5.79	8.12	7.03	7.76	5.37	4.38	4.04	6.83	7.81	9.19	4.38	7.19	5.75	9.65	
1181.0	41.0	15.0	15.0	4.31	4.68	7.84	5.65	5.67	7.47	7.46	5.1	5.05	7.81	8.38	3.78	4.43	3.55	8.98	8.6	4.76	10.16	10.04	
1182.0	81.0	3.0	3.0	8.74	9.57	6.84	5.45	9.71	6.79	7.3	8.45	8.78	5.94	6.43	8.38	5.35	3.77	10.14	4.46	9.46	4.27	3.75	
1183.0	78.0	8.0	8.0	4.57	3.63	7.3	7.58	9.32	5.37	7.55	8.17	9.84	4.21	10.17	8.03	6.79	3.81	3.51	5.68	7.06	5.96	5.78	
1184.0	97.0	9.0	9.0	3.94	10.12	6.48	5.85	9.89	9.29	5.52	5.33	7.37	10.2	5.01	4.1	10.5	10.11	5.39	3.73	9.52	6.15	6.3	
1185.0	40.0	11.0	11.0	3.92	8.48	8.84	9.03	9.64	10.13	8.68	6.24	3.77	5.41	10.21	10.38	3.75	5.28	7.92	6.6	8.3	7.35	4.33	
1186.0	82.0	6.0	6.0	7.27	8.05	5.26	5.76	3.96	8.71	9.34	4.58	5.39	5.59	9.29	6.0	7.4	9.15	6.63	5.43	9.18	9.42	10.4	
1187.0	86.0	15.0	15.0	3.97	6.56	9.0	4.37	10.3	10.08	8.52	4.51	5.38	6.31	10.35	9.65	7.35	7.49	7.99	7.45	4.08	9.54	6.51	
1188.0	72.0	11.0	11.0	3.89	7.86	10.32	4.99	3.78	7.71	7.63	5.72	7.06	9.46	7.08	4.09	8.01	6.82	4.64	9.03	4.28	6.11	7.7	
1189.0	92.0	10.0	10.0	9.32	5.36	7.21	7.62	7.97	7.93	3.93	3.55	9.66	6.73	5.25	5.19	9.24	7.73	8.78	6.76	6.88	9.46	5.56	
1190.0	92.0	10.0	10.0	9.31	6.29	5.29	10.29	4.34	8.7	5.28	7.26	4.35	3.77	6.17	7.09	7.2	4.83	8.0	9.6	8.94	9.26	10.47	
1191.0	93.0	4.0	4.0	7.77	6.56	6.12	5.27	8.93	4.96	5.37	5.92	9.09	5.76	6.61	6.45	9.43	9.65	5.62	9.28	8.64	9.72	8.81	
1192.0	100.0	14.0	14.0	7.26	6.67	8.83	10.2	9.33	5.04	7.52	4.53	8.17	5.28	4.86	4.8	5.6	9.39	5.6	9.35	8.11	5.7	8.8	
1193.0	68.0	5.0	5.0	6.42	4.42	4.82	4.04	4.61	5.81	9.23	7.06	7.31	6.91	9.68	6.72	4.68	9.29	9.57	3.8	5.19	8.2	5.82	
1194.0	97.0	9.0	9.0	5.01	6.83	9.51	7.03	5.09	4.67	8.49	6.56	5.86	8.53	10.06	4.55	7.19	3.7	4.28	9.77	7.28	6.6	5.59	
1195.0	89.0	14.0	14.0	4.11	8.73	6.87	4.86	4.11	4.56	7.96	6.47	4.87	3.52	10.16	7.11	6.9	5.66	6.91	8.01	4.51	6.77	6.84	
1196.0	82.0	6.0	6.0	9.43	6.47	9.45	4.95	5.67	6.87	8.87	3.6	4.32	4.79	9.04	7.46	7.01	3.79	3.8	5.66	3.61	8.86	4.11	
1197.0	57.0	14.0	14.0	3.58	4.04	4.59	6.24	8.51	8.13	4.06	9.2	7.44	8.54	5.28	5.76	8.11	4.23	4.32	8.04	4.15	8.36	6.51	
1198.0	63.0	15.0	15.0	8.87	6.85	6.48	7.82	3.95	5.92	10.32	7.1	4.48	10.49	4.72	4.76	4.31	10.3	9.83	3.85	5.25	9.93	9.09	
1199.0	94.0	13.0	13.0	5.73	9.29	6.44	8.31	9.86	8.12	7.29	8.16	7.12	3.99	9.16	9.01	10.01	4.82	7.39	9.42	7.45	8.98	8.64170689673467	
1200.0	82.0	6.0	6.0	6.11	10.47	6.92	8.77	5.47	8.71	5.57	6.07	3.51	9.81	9.2	5.24	6.61	8.64	10.28	6.49	8.95	3.62	6.18	
1201.0	47.0	15.0	15.0	8.1	3.86	7.49	4.53	9.35	7.17	6.47	8.29	7.24	9.97	8.43	7.45	8.11	10.35	9.43	7.07	7.8	9.7	3.557695752938422	
1202.0	97.0	9.0	9.0	8.62	4.8	10.49	4.62	10.12	4.23	8.43	4.29	4.64	4.17	9.9	7.75	4.04	4.56	9.7	7.65	8.31	8.97	3.6	
1203.0	21.0	9.0	9.0	6.68	6.02	6.37	4.93	5.42	7.07	7.47	5.25	8.7	3.81	5.91	3.77	4.51	5.89	3.75	7.4	9.19	7.79	7.8	
1204.0	25.0	12.0	12.0	7.27	9.57	9.39	3.63	8.14	6.21	7.24	4.14	6.55	9.05	5.75	8.36	6.74	3.96	5.44	6.41	3.55	6.83	9.92	
1205.0	51.0	2.0	2.0	6.78	10.23	6.81	3.7	8.36	10.15	4.96	7.73	9.16	5.95	5.84	10.06	8.96	7.13	7.81	5.46	4.24	9.78	4.76	
1206.0	94.0	13.0	13.0	7.35	7.85	4.27	10.19	5.29	6.61	10.25	5.38	8.31	6.62	9.97	4.96	9.94	5.71	9.81	7.04	6.59	4.17	4.32	
1207.0	45.0	5.0	5.0	5.29	8.51	5.96	4.48	4.24	8.39	8.04	8.88	7.0	5.99	8.26	10.45	6.95	3.71	4.82	5.97	5.9	5.8	3.92	
1208.0	71.0	11.0	11.0	6.51	8.93	4.91	7.13	3.51	6.16	4.48	8.15	4.79	9.71	5.47	6.58	4.78	4.0	4.87	3.64	8.06	5.42	6.55	
1209.0	49.0	12.0	12.0	3.85	8.92	7.04	8.77	6.85	4.05	8.56	9.05	5.47	5.31	3.91	4.7	9.75	4.66	3.57	6.25	4.83	4.3	7.02	
1210.0	79.0	7.0	7.0	7.88	6.36	4.79	5.84	6.22	9.32	4.5	10.02	8.97	6.76	9.01	9.74	4.98	10.12	8.38	3.87	5.14	9.66	9.16	
1211.0	62.0	7.0	7.0	6.58	6.58	10.42	6.2	10.12	10.12	8.69	9.88	9.59	8.92	5.41	5.69	4.08	10.04	9.08	8.09	6.65	5.97	2.7925519861926196	
1212.0	81.0	3.0	3.0	8.71	8.33	6.33	8.62	6.51	3.72	8.04	4.55	8.47	8.22	6.99	9.96	3.97	7.96	6.05	5.78	8.06	4.46	7.16	
1213.0	100.0	14.0	14.0	6.86	7.16	5.84	4.07	7.43	8.85	3.66	7.98	5.73	4.86	8.74	6.23	4.79	8.41	8.04	5.89	6.92	5.22	6.9	
1214.0	53.0	12.0	12.0	6.29	4.31	9.87	8.89	6.74	6.51	8.32	8.71	9.04	10.2	9.06	8.86	8.46	4.93	8.74	5.54	7.05	4.55	8.94	
1215.0	41.0	15.0	15.0	5.46	7.74	5.1	7.75	8.64	5.32	10.1	4.66	10.15	7.51	8.4	9.86	4.61	6.51	4.99	6.91	8.92	7.31	8.35	
1216.0	91.0	9.0	9.0	10.17	3.94	8.07	8.4	9.53	10.29	8.14	9.77	6.32	7.09	7.13	7.18	7.51	4.54	5.8	5.49	10.15	8.14	5.44	
1217.0	85.0	3.0	3.0	3.7	10.39	9.55	9.04	5.09	10.44	10.32	8.33	5.35	7.29	9.39	4.61	9.29	7.75	8.29	5.16	7.21	10.12	5.105907478128572	
1218.0	47.0	15.0	15.0	10.48	9.41	3.96	7.09	7.59	6.22	3.71	10.43	4.51	9.87	9.19	4.45	3.69	6.57	4.34	7.45	5.36	5.6	9.2	
1219.0	90.0	4.0	4.0	6.81	4.25	7.36	4.48	4.99	9.04	9.39	7.92	6.36	5.3	6.3	7.19	5.75	5.34	9.28	6.37	4.17	6.67	10.42	
1220.0	68.0	5.0	5.0	6.82	8.15	3.54	6.16	8.19	6.24	6.88	7.58	5.33	10.02	4.67	9.01	7.31	10.49	7.29	9.29	9.01	9.27	9.14	
1221.0	55.0	6.0	6.0	5.93	7.47	3.73	3.75	5.19	7.31	4.12	3.95	9.46	5.36	4.67	3.69	7.63	4.77	3.91	6.85	4.21	5.25	5.59	
1222.0	88.0	4.0	4.0	9.4	9.77	5.52	4.82	5.0	4.58	4.22	7.82	10.13	6.91	3.83	6.44	6.32	8.75	8.72	10.14	6.28	6.3	4.79	
1223.0	43.0	13.0	13.0	6.82	6.62	9.16	7.09	8.77	9.0	8.88	10.17	7.92	3.93	6.73	6.02	5.16	4.73	9.72	9.86	4.24	8.73	5.7	
1224.0	89.0	14.0	14.0	9.21	9.42	9.06	7.41	10.32	7.53	8.94	9.43	7.3	7.93	5.13	7.47	8.95	9.0	5.18	8.23	4.47	3.64	0.38662982156834697	
1225.0	82.0	6.0	6.0	4.71	9.72	7.94	5.65	4.39	9.93	5.84	5.44	6.35	3.74	9.46	5.48	10.37	6.14	7.03	5.89	7.53	7.43	6.76	
1226.0	83.0	5.0	5.0	4.46	4.6	6.91	8.36	10.48	9.64	5.71	4.88	6.08	6.64	9.69	7.3	3.62	3.75	7.1	9.83	9.96	6.31	7.69	
1227.0	60.0	3.0	3.0	9.83	6.08	8.02	6.45	9.25	6.03	6.88	9.86	8.41	9.94	10.07	4.8	5.63	6.61	5.88	8.65	5.59	7.08	6.06	
1228.0	71.0	11.0	11.0	5.78	5.25	6.19	10.25	6.72	8.86	7.91	6.92	10.27	10.43	8.03	4.58	9.49	4.73	4.02	8.61	5.47	9.81	5.41	
1229.0	87.0	5.0	5.0	6.0	4.57	7.98	4.93	5.27	7.82	8.42	7.6	6.53	8.27	5.12	9.73	9.79	5.3	5.7	7.29	9.28	6.3	4.18	
1230.0	59.0	9.0	9.0	4.1	7.87	4.1	7.86	7.79	7.23	4.64	5.45	4.42	4.72	9.1	5.43	4.04	8.3	6.47	8.09	9.17	4.63	4.92	
1231.0	89.0	14.0	14.0	9.03	9.94	4.01	4.42	6.75	5.32	5.46	7.22	3.57	4.63	3.91	4.49	6.44	10.17	6.55	10.01	4.81	5.71	6.38	
1232.0	63.0	15.0	15.0	9.65	7.86	4.35	9.37	7.05	6.41	10.33	10.43	8.67	7.14	8.83	3.71	8.56	4.15	4.89	6.48	7.53	9.78	9.5	
1233.0	66.0	12.0	12.0	8.5	7.75	7.86	10.29	6.19	10.33	5.63	8.51	6.29	3.94	6.01	3.96	4.5	6.88	10.23	4.87	7.44	9.07	8.7	
1234.0	49.0	12.0	12.0	6.96	10.39	3.75	5.59	6.38	9.93	9.02	6.72	7.1	4.67	5.92	10.12	4.55	7.95	8.67	5.97	9.33	6.12	9.04	
1235.0	74.0	1.0	1.0	5.65	7.82	5.72	3.84	8.15	4.68	6.26	7.22	4.36	4.52	9.74	6.22	9.41	6.2	5.42	3.7	4.39	4.49	3.95	
1236.0	81.0	3.0	3.0	4.42	4.31	9.17	6.05	3.77	4.54	7.81	3.71	4.64	6.92	9.76	5.75	5.11	4.5	10.44	9.61	4.7	5.96	9.95	
1237.0	91.0	9.0	9.0	4.5	4.04	9.48	10.0	9.2	5.95	8.34	6.93	7.31	9.06	7.49	5.25	4.81	4.75	8.61	6.59	8.66	9.57	5.88	
1238.0	62.0	7.0	7.0	9.17	8.97	10.46	9.64	6.36	10.14	8.4	7.64	6.63	6.75	4.74	9.99	10.47	10.49	9.28	6.68	6.07	4.6406560772747545	5.921681132726575	
1239.0	64.0	4.0	4.0	5.92	5.91	6.98	6.81	9.3	6.79	8.27	9.9	7.69	6.38	10.46	7.46	4.85	6.92	9.92	7.72	7.93	8.3	9.05	
1240.0	10.0	15.0	15.0	9.8	7.63	9.79	5.91	4.97	5.8	3.62	10.31	6.55	4.97	8.51	7.88	7.97	10.01	7.92	8.14	7.42	5.14	6.53	
1241.0	94.0	13.0	13.0	6.15	5.09	8.66	6.15	3.78	6.36	4.96	7.16	5.93	4.47	7.33	5.6	9.89	9.98	7.99	5.46	8.58	6.79	9.9	
1242.0	95.0	8.0	8.0	9.12	7.58	6.04	10.31	8.63	4.24	9.75	4.21	6.98	6.91	4.51	7.42	7.43	4.0	5.71	10.38	5.51	8.29	7.18	
1243.0	77.0	8.0	8.0	8.77	5.3	8.42	8.82	5.56	8.56	8.95	4.71	7.63	9.14	9.71	10.28	3.93	7.7	7.09	9.03	7.38	10.12	8.474434855000249	
1244.0	53.0	12.0	12.0	5.38	6.91	3.71	7.71	8.96	4.23	5.42	5.24	5.32	7.0	6.69	7.29	6.83	7.49	4.86	9.39	10.39	4.49	4.2	
1245.0	84.0	12.0	12.0	5.91	7.06	10.43	5.43	5.0	5.95	8.08	6.37	6.48	4.88	9.73	5.63	4.82	8.29	8.05	6.73	9.58	9.12	10.36	
1246.0	82.0	6.0	6.0	5.24	5.43	7.19	6.2	5.9	9.89	6.17	6.65	3.6	6.53	7.27	6.1	9.93	8.38	9.22	5.39	5.8	7.94	4.67	
1247.0	69.0	12.0	12.0	6.08	3.52	7.11	3.62	4.48	10.35	4.69	4.02	6.74	9.46	8.02	8.46	5.12	4.92	8.71	5.63	5.47	4.19	6.83	
1248.0	99.0	12.0	12.0	10.49	6.18	6.62	7.05	9.13	4.78	5.53	9.08	4.96	9.72	7.18	5.58	6.0	8.08	5.59	10.03	5.76	7.24	6.88	
1249.0	32.0	14.0	14.0	5.53	7.7	9.28	4.95	9.9	6.69	7.06	6.89	5.95	5.76	4.68	5.17	9.36	5.61	8.64	6.04	6.73	4.13	10.12	
1250.0	86.0	15.0	15.0	8.48	3.85	6.25	9.35	6.89	6.73	4.25	4.63	5.24	6.03	6.34	7.39	7.68	7.79	8.77	8.96	3.65	7.15	8.84	
1251.0	80.0	3.0	3.0	4.91	10.01	5.38	5.5	8.2	7.21	6.29	4.57	6.59	7.58	7.61	6.48	7.48	4.56	9.49	5.76	8.8	9.66	9.72	
1252.0	64.0	4.0	4.0	8.69	6.62	8.55	6.4	8.02	5.58	6.31	6.82	9.48	9.01	5.47	6.28	8.59	5.71	4.56	9.64	4.78	8.91	6.34	
1253.0	100.0	14.0	14.0	4.23	4.83	4.19	4.89	5.59	4.84	7.35	10.4	4.27	10.03	4.25	10.24	5.2	7.21	7.81	3.55	5.82	6.84	3.63	
1254.0	69.0	12.0	12.0	5.14	8.26	5.42	10.12	3.68	9.16	6.62	7.95	6.23	4.85	3.95	9.38	10.05	10.47	5.76	9.98	7.39	5.82	6.51	
1255.0	87.0	5.0	5.0	7.91	4.42	9.66	10.35	5.34	7.83	9.6	10.39	7.9	6.92	10.0	10.22	7.0	9.75	7.57	4.17	4.55	8.68	7.683906287225723	
1256.0	77.0	8.0	8.0	9.65	7.06	9.23	5.74	4.99	6.2	8.93	10.39	4.1	3.63	5.26	5.18	4.71	3.91	9.5	8.7	5.21	5.61	3.86	
1257.0	85.0	3.0	3.0	7.33	5.78	6.29	5.83	5.27	7.34	8.88	3.62	3.64	5.31	4.0	4.43	4.94	4.81	7.0	6.61	10.45	7.0	7.47	
1258.0	97.0	9.0	9.0	5.11	5.25	9.47	9.73	4.06	4.49	3.59	9.98	5.08	7.31	9.37	4.53	5.23	3.91	7.91	6.49	7.29	4.95	6.98	
1259.0	94.0	13.0	13.0	9.84	6.07	8.21	6.79	9.33	6.77	8.32	3.77	10.14	8.16	7.36	7.57	10.39	7.55	6.06	6.95	4.29	5.24	8.34	
1260.0	94.0	13.0	13.0	5.06	5.05	7.09	8.17	5.23	9.98	4.77	9.56	4.03	6.6	5.28	9.2	8.78	4.95	3.83	10.26	6.48	6.94	7.4	
1261.0	83.0	5.0	5.0	6.77	9.94	6.27	5.94	8.58	4.22	5.81	9.08	8.52	9.35	6.1	5.24	4.07	5.65	8.08	9.04	5.58	5.19	4.96	
1262.0	59.0	9.0	9.0	6.62	4.37	6.54	5.46	7.45	8.91	8.07	9.01	5.43	8.26	5.29	9.64	9.62	5.52	4.59	7.64	4.51	5.84	6.09	
1263.0	78.0	8.0	8.0	10.43	9.69	10.19	9.75	8.19	4.05	6.46	9.11	5.68	9.98	9.35	5.37	4.1	4.93	9.15	9.53	7.38	10.16	7.016889828710395	
1264.0	61.0	12.0	12.0	7.09	8.62	8.87	6.18	10.38	8.36	9.81	7.89	9.8	4.45	7.54	9.31	4.84	7.36	6.64	6.93	10.07	4.63	5.313935475622249	
1265.0	86.0	15.0	15.0	10.48	5.38	5.69	9.09	7.22	6.11	6.43	8.05	3.62	3.58	6.48	4.99	5.64	5.98	5.47	7.34	9.56	7.87	7.82	
1266.0	67.0	3.0	3.0	4.47	8.63	6.79	7.69	9.18	5.71	6.28	7.58	5.04	3.86	4.79	6.5	6.56	6.03	9.12	10.06	8.68	8.95	8.91	
1267.0	68.0	5.0	5.0	8.08	4.07	4.7	9.62	8.01	9.3	9.66	9.04	9.39	3.61	8.13	6.92	7.82	4.88	8.02	9.91	9.95	5.0	10.43	
1268.0	71.0	11.0	11.0	10.26	6.99	9.38	6.13	9.87	4.4	7.39	4.27	4.36	4.88	4.02	5.48	7.93	7.36	4.19	6.51	7.32	9.84	6.96	
1269.0	86.0	15.0	15.0	10.38	7.23	4.55	6.57	10.04	4.16	8.66	4.45	7.13	3.71	4.89	5.84	9.44	9.41	6.07	5.03	7.98	3.7	9.23	
1270.0	98.0	15.0	15.0	10.22	8.39	3.74	8.11	5.42	4.54	4.01	10.01	6.96	6.27	6.42	4.58	8.82	10.2	5.97	5.13	10.08	10.09	4.23	
1271.0	94.0	13.0	13.0	4.93	5.11	6.79	8.12	10.36	4.65	8.16	8.98	7.87	9.44	5.1	4.28	5.8	5.36	9.85	6.39	8.99	7.12	10.12	
1272.0	65.0	11.0	11.0	5.57	5.16	9.88	7.14	5.68	6.61	6.43	8.16	9.25	10.2	6.94	5.99	6.61	7.83	7.16	7.28	4.47	8.92	8.48	
1273.0	68.0	5.0	5.0	8.71	7.21	6.84	10.21	8.11	3.73	5.03	5.3	5.32	8.42	8.29	10.04	4.21	7.44	5.93	7.01	8.81	6.75	5.89	
1274.0	81.0	3.0	3.0	6.62	8.52	10.32	4.3	5.36	5.74	9.16	4.87	9.15	4.08	6.29	6.85	9.93	4.96	6.89	8.57	5.61	4.66	8.84	
1275.0	74.0	1.0	1.0	8.41	9.8	6.35	3.85	5.17	6.85	7.47	4.22	6.57	8.8	5.56	10.0	5.02	9.38	7.45	6.04	7.48	6.64	9.38	
1276.0	55.0	6.0	6.0	4.47	7.03	4.51	6.72	7.17	9.28	9.82	5.99	8.36	5.35	9.09	9.07	9.98	8.38	7.57	7.22	5.2	7.92	8.44	
1277.0	78.0	8.0	8.0	4.08	5.24	9.59	4.25	4.64	5.68	5.16	5.3	9.64	4.84	6.86	4.35	5.41	6.14	3.82	9.44	7.09	3.61	7.46	
1278.0	63.0	15.0	15.0	6.45	7.93	6.98	8.08	3.94	4.23	6.08	3.53	3.7	6.87	7.15	9.99	4.22	6.4	5.39	10.27	10.49	8.09	4.24	
1279.0	81.0	3.0	3.0	4.14	7.09	9.83	6.53	7.61	4.73	7.8	8.92	9.96	8.43	5.13	7.52	3.77	4.4	9.45	8.72	6.05	4.07	9.59	
1280.0	90.0	4.0	4.0	7.49	10.19	10.36	9.0	6.75	8.29	8.78	6.67	10.38	9.69	4.89	4.52	5.55	4.46	7.42	4.14	4.43	8.19	3.53	
1281.0	6.0	7.0	7.0	6.65	6.08	4.24	6.9	6.05	7.23	9.98	7.51	8.15	4.54	8.29	5.63	10.49	7.44	3.61	8.3	5.21	4.62	4.01	
1282.0	94.0	13.0	13.0	9.33	4.67	4.58	4.57	10.45	3.95	9.15	4.42	8.17	5.06	8.14	7.66	6.93	5.97	8.85	3.88	8.32	3.95	8.12	
1283.0	93.0	4.0	4.0	7.24	4.29	9.03	7.9	8.4	6.16	7.97	8.58	4.73	7.37	6.23	9.1	7.03	5.85	6.97	8.62	6.72	9.9	3.54	
1284.0	46.0	14.0	14.0	4.68	6.16	9.08	4.84	10.24	7.56	10.46	9.22	3.54	4.48	6.01	10.17	3.65	8.94	8.17	3.84	6.98	10.37	6.54	
1285.0	82.0	6.0	6.0	9.34	7.55	10.03	9.99	5.41	6.95	9.27	8.31	6.08	3.66	8.11	5.11	10.33	10.49	7.73	9.13	5.48	8.6	6.8750210702933146	
1286.0	89.0	14.0	14.0	8.11	4.25	9.88	6.53	10.0	4.21	7.42	9.03	5.83	4.23	6.86	4.52	4.53	8.07	5.88	4.13	9.59	4.76	4.68	
1287.0	92.0	10.0	10.0	6.38	7.54	7.89	3.88	10.31	7.12	4.15	8.3	10.3	8.3	5.74	7.78	3.89	3.87	8.44	10.36	10.09	6.77	3.88	
1288.0	21.0	9.0	9.0	4.3	8.66	4.26	9.75	9.02	5.97	5.68	6.74	9.82	5.56	10.4	5.78	3.98	10.13	8.19	6.07	5.29	7.81	6.44	
1289.0	98.0	15.0	15.0	5.45	6.52	3.86	8.52	4.43	4.56	6.07	10.08	10.25	7.46	7.88	5.26	8.58	7.79	8.61	7.67	9.27	5.03	7.66	
1290.0	96.0	15.0	15.0	4.13	7.8	7.11	3.63	6.09	6.93	4.54	7.93	9.83	5.26	5.5	5.78	9.92	7.81	4.43	6.84	10.43	6.85	7.08	
1291.0	80.0	3.0	3.0	8.59	5.11	5.44	9.34	8.44	9.24	6.99	8.85	8.44	9.19	8.43	5.06	4.82	5.28	7.15	5.67	9.91	7.8	4.19	
1292.0	63.0	15.0	15.0	7.58	5.48	6.04	6.42	6.57	10.42	6.22	4.64	6.99	10.37	5.24	7.14	6.34	7.25	5.18	4.56	4.67	3.94	5.81	
1293.0	67.0	3.0	3.0	10.05	9.48	9.84	6.88	9.54	7.54	8.82	7.3	3.93	5.68	7.91	6.3	7.0	4.72	10.26	7.75	4.97	8.06	5.88	
1294.0	100.0	14.0	14.0	9.15	3.92	3.99	8.27	9.25	8.67	10.1	7.88	5.88	9.46	9.94	9.95	8.19	5.72	8.93	4.47	8.94	6.04	4.953775335138875	
1295.0	55.0	6.0	6.0	10.22	5.76	5.76	6.44	5.36	8.28	9.98	7.76	7.38	5.6	7.29	6.07	4.46	4.36	6.6	4.33	10.05	4.6	8.17	
1296.0	75.0	8.0	8.0	9.25	7.79	10.47	8.6	6.67	8.11	5.96	10.22	8.32	7.46	3.58	5.43	10.26	5.54	8.1	5.76	8.15	9.21	5.559468594592089	
1297.0	82.0	6.0	6.0	7.51	7.22	6.66	10.2	6.51	5.78	3.71	7.18	3.97	8.6	4.8	4.21	9.96	3.88	10.36	6.97	10.31	3.76	6.02	
1298.0	63.0	15.0	15.0	9.01	5.04	9.27	8.43	7.3	5.13	4.36	6.56	9.13	8.13	6.07	6.0	9.81	10.26	6.47	8.33	8.88	9.06	9.94	
1299.0	90.0	4.0	4.0	4.46	5.41	3.67	5.78	8.21	10.46	9.41	4.83	8.99	3.72	5.79	4.76	3.68	9.89	7.91	9.0	7.08	9.4	6.23	
1300.0	98.0	15.0	15.0	6.5	5.26	8.48	6.84	7.62	9.19	5.27	4.4	10.15	7.96	4.27	4.45	3.8	7.37	8.77	10.36	6.79	9.49	9.79	
1301.0	86.0	15.0	15.0	6.15	4.66	8.99	5.42	5.86	8.32	7.28	7.19	9.91	9.76	9.75	7.2	4.93	4.67	8.57	6.85	8.75	7.75	7.4	
1302.0	56.0	13.0	13.0	6.03	9.54	7.04	8.31	6.15	7.17	8.68	6.51	7.87	4.72	9.96	4.47	10.48	5.86	8.67	6.56	6.73	8.92	4.77	
1303.0	90.0	4.0	4.0	9.29	5.52	3.68	8.09	6.5	3.66	5.97	8.54	6.71	9.55	6.22	5.99	9.38	5.15	9.56	7.88	9.12	7.62	3.97	
1304.0	93.0	4.0	4.0	4.24	5.84	8.79	5.31	7.43	6.52	3.99	9.68	9.72	10.4	3.55	8.46	9.56	6.61	4.92	5.34	8.33	9.02	5.89	
1305.0	81.0	3.0	3.0	7.54	9.99	6.16	10.02	6.62	8.07	4.38	10.32	4.8	9.16	3.79	6.34	6.6	8.44	8.93	8.53	9.45	10.01	6.596975000286433	
1306.0	85.0	3.0	3.0	4.77	6.5	3.95	8.91	5.9	9.6	7.49	4.27	7.06	6.34	7.33	10.16	7.76	9.86	4.47	4.9	10.47	7.17	6.68	
1307.0	87.0	5.0	5.0	5.51	4.36	9.65	4.41	8.73	7.22	4.87	8.0	5.57	3.53	4.47	7.53	3.87	7.5	6.37	9.28	3.9	5.28	4.23	
1308.0	93.0	4.0	4.0	7.11	9.95	7.99	9.7	3.93	5.96	4.0	4.58	10.17	10.34	8.61	4.89	6.08	10.42	4.7	4.31	8.59	3.67	8.91	
1309.0	75.0	8.0	8.0	4.23	3.98	9.35	6.16	5.02	5.49	7.04	5.86	3.86	5.54	9.13	7.72	3.98	8.21	4.87	5.72	8.55	5.59	4.41	
1310.0	84.0	12.0	12.0	5.92	9.69	4.97	6.29	5.12	9.14	5.76	7.99	6.53	7.97	10.18	9.34	10.33	4.59	7.03	7.2	7.68	10.18	5.82	
1311.0	86.0	15.0	15.0	5.82	4.98	7.31	5.0	3.55	5.48	4.63	9.22	4.92	3.52	4.05	4.41	10.34	5.28	9.82	3.7	5.74	10.01	8.11	
1312.0	32.0	14.0	14.0	6.44	4.83	5.44	4.99	6.24	9.2	3.89	7.03	5.22	4.23	8.34	5.77	9.11	8.62	5.37	3.77	3.71	7.61	10.33	
1313.0	66.0	12.0	12.0	6.78	9.04	8.13	6.42	5.05	9.51	5.47	6.34	3.78	4.22	3.66	6.08	6.62	9.12	6.15	5.64	7.75	4.36	7.29	
1314.0	71.0	11.0	11.0	8.0	8.24	7.04	8.72	8.85	5.74	7.09	9.2	5.81	9.55	4.16	5.92	7.12	5.47	6.1	7.93	5.73	7.5	4.26	
1315.0	45.0	5.0	5.0	4.72	8.17	6.99	5.66	4.79	4.0	5.36	9.93	7.86	5.09	5.75	5.28	6.33	10.4	7.68	9.77	9.21	3.57	6.01	
1316.0	25.0	12.0	12.0	7.2	8.77	6.34	3.86	8.06	9.84	5.49	10.25	9.24	3.7	6.82	8.69	8.22	3.54	7.7	7.98	6.66	3.85	3.75	
1317.0	88.0	4.0	4.0	7.33	7.74	3.75	6.59	5.86	7.45	5.56	8.09	8.9	6.36	9.04	6.76	10.02	5.49	5.85	5.86	10.01	7.8	8.3	
1318.0	44.0	3.0	3.0	9.08	3.81	7.3	4.51	10.01	7.53	10.32	8.94	6.18	6.89	5.59	7.07	4.58	5.58	7.72	10.31	5.45	7.61	9.89	
1319.0	64.0	4.0	4.0	5.06	3.82	4.76	4.48	8.09	10.23	4.21	9.75	6.0	3.96	6.28	6.62	4.84	4.86	9.72	6.85	6.99	7.87	7.59	
1320.0	9.0	15.0	15.0	6.35	4.41	6.06	4.19	5.88	9.22	9.04	6.21	6.05	5.62	9.23	3.94	8.65	4.79	4.03	8.72	8.61	8.33	6.12	
1321.0	100.0	14.0	14.0	7.5	4.85	4.95	6.85	8.31	6.87	6.86	8.46	8.48	8.98	3.69	4.67	5.5	4.25	5.62	7.65	5.19	8.87	6.36	
1322.0	82.0	6.0	6.0	9.58	10.22	6.48	5.04	4.86	7.7	8.46	9.36	8.76	9.41	6.77	9.5	7.17	5.34	6.99	3.55	4.39	5.72	9.85	
1323.0	4.0	9.0	9.0	8.15	4.58	5.78	5.48	4.78	10.31	6.69	5.5	4.21	8.91	4.82	9.54	3.6	5.11	10.0	6.05	6.25	4.4	3.69	
1324.0	97.0	9.0	9.0	10.12	8.26	4.63	9.73	8.87	9.8	10.07	10.15	9.87	10.29	4.15	8.41	3.83	9.87	4.67	9.87	4.34	4.19	5.7549553954637025	
1325.0	85.0	3.0	3.0	5.55	8.39	7.71	9.05	7.79	4.92	8.21	4.38	10.26	8.28	4.83	6.57	8.02	5.56	6.3	5.54	4.96	8.97	9.97	
1326.0	65.0	11.0	11.0	10.11	4.2	8.12	9.72	8.25	8.9	6.47	8.43	6.08	5.58	9.3	7.14	9.48	6.65	8.58	5.1	5.08	4.51	3.97	
1327.0	69.0	12.0	12.0	6.14	7.19	5.62	5.62	4.04	4.88	8.72	6.3	5.36	7.1	9.48	3.94	9.87	6.18	4.32	8.33	7.18	8.39	6.03	
1328.0	95.0	8.0	8.0	3.98	5.75	7.21	5.24	7.1	10.43	8.23	9.81	8.05	5.34	9.74	9.08	9.31	4.74	6.39	4.85	8.07	6.13	7.99	
1329.0	76.0	6.0	6.0	9.43	3.75	3.89	6.71	9.98	7.41	3.63	6.55	7.57	4.08	4.7	9.09	4.97	8.25	3.55	10.14	3.82	6.25	6.83	
1330.0	99.0	12.0	12.0	6.54	4.58	4.31	6.97	4.14	3.67	8.38	7.76	3.73	3.56	9.97	7.63	8.23	7.53	5.05	9.0	4.72	6.62	4.47	
1331.0	80.0	3.0	3.0	8.11	9.6	8.09	4.33	8.0	5.7	5.88	4.69	6.95	7.83	6.46	4.62	9.9	8.13	7.4	4.72	5.12	6.76	7.09	
1332.0	5.0	15.0	15.0	7.98	4.03	8.3	8.95	5.51	9.96	9.75	6.05	6.91	6.85	9.53	9.38	9.41	9.19	9.89	6.25	9.96	3.99	5.18542991266278	
1333.0	59.0	9.0	9.0	7.64	4.8	9.08	5.94	6.77	5.49	4.92	6.74	6.93	6.05	8.78	4.52	6.21	7.2	4.18	5.84	4.59	5.54	5.39	
1334.0	69.0	12.0	12.0	5.77	4.81	5.84	5.89	6.97	4.35	4.37	8.73	6.46	7.09	4.91	6.84	5.04	9.96	7.47	8.51	9.56	10.14	6.32	
1335.0	95.0	8.0	8.0	10.3	5.66	5.85	9.64	7.74	7.26	9.56	7.39	5.63	7.97	3.85	5.31	6.51	5.08	4.65	8.27	4.22	6.13	9.62	
1336.0	42.0	4.0	4.0	6.62	10.01	6.43	7.47	7.53	4.58	4.14	6.79	8.57	5.97	6.89	3.77	8.05	8.32	3.64	6.28	10.1	10.07	5.53	
1337.0	79.0	7.0	7.0	7.89	6.08	9.53	6.35	8.26	6.4	6.45	8.66	8.29	7.01	6.23	7.15	9.64	6.18	7.61	6.33	9.23	7.95	5.39	
1338.0	61.0	12.0	12.0	9.9	4.67	8.11	9.04	10.47	6.95	4.63	4.37	4.24	9.37	8.41	4.47	7.99	9.42	6.78	10.3	4.45	10.43	8.9	
1339.0	64.0	4.0	4.0	7.16	8.87	7.43	6.51	5.2	9.7	7.34	5.43	6.17	9.8	7.95	7.92	9.29	9.95	9.53	4.05	9.36	5.97	7.27	
1340.0	41.0	15.0	15.0	8.93	5.23	9.95	9.96	9.65	6.23	7.11	4.11	7.47	8.65	8.73	3.92	7.76	4.03	4.11	10.28	10.46	8.87	4.05	
1341.0	72.0	11.0	11.0	9.2	6.42	6.79	4.12	5.61	4.98	8.52	9.21	3.73	7.69	6.52	5.56	8.96	7.2	9.99	5.57	7.86	3.92	7.96	
1342.0	87.0	5.0	5.0	6.57	10.14	4.65	8.65	5.31	10.08	4.04	8.28	5.63	4.43	7.0	4.83	8.14	8.87	3.88	3.66	9.81	4.09	6.19	
1343.0	76.0	6.0	6.0	5.73	6.16	4.03	7.89	6.41	9.97	8.66	8.35	4.67	3.6	8.77	6.74	7.61	4.78	8.28	10.05	8.03	10.14	8.35	
1344.0	80.0	3.0	3.0	5.83	6.1	6.28	5.96	6.67	9.12	5.43	7.67	4.72	8.8	7.78	5.89	9.74	4.84	3.65	7.61	7.8	5.63	8.87	
1345.0	17.0	11.0	11.0	8.38	7.87	7.2	9.13	8.93	6.43	4.37	4.02	9.04	8.05	9.38	5.38	6.12	5.58	5.64	6.06	9.62	5.45	4.84	
1346.0	94.0	13.0	13.0	3.86	4.66	5.98	9.5	7.14	7.74	8.36	8.0	6.7	4.44	3.55	9.52	10.45	10.03	5.87	7.57	9.75	8.41	6.23	
1347.0	87.0	5.0	5.0	4.46	3.96	4.83	3.94	7.33	5.81	4.02	6.96	9.29	10.28	6.41	5.88	4.73	8.26	8.87	6.15	6.69	6.68	4.65	
1348.0	93.0	4.0	4.0	5.3	7.94	5.16	10.0	5.54	5.79	9.34	5.39	7.6	5.48	8.51	9.37	5.24	9.62	7.19	4.29	5.42	9.78	4.88	
1349.0	89.0	14.0	14.0	6.23	5.61	7.57	5.52	6.91	6.64	3.96	6.22	6.82	7.46	10.25	9.2	5.98	8.86	4.41	8.33	10.18	6.64	8.82	
1350.0	98.0	15.0	15.0	10.24	6.27	8.49	8.78	5.09	5.37	6.31	5.58	4.16	6.65	5.89	6.33	10.39	4.16	5.58	9.56	10.44	9.91	3.75	
1351.0	57.0	14.0	14.0	7.16	4.78	9.17	5.24	10.0	10.35	7.43	10.1	7.45	9.18	6.19	4.86	5.22	4.11	5.43	10.31	9.54	7.27	8.02	
1352.0	3.0	6.0	6.0	4.78	5.82	4.7	4.23	7.6	5.92	4.09	6.08	4.41	6.54	10.25	8.51	3.92	7.69	10.08	3.54	10.47	8.02	3.82	
1353.0	68.0	5.0	5.0	7.75	6.29	9.32	8.36	9.36	5.05	4.94	6.45	4.83	5.11	8.8	7.5	7.66	8.5	7.0	10.17	6.7	7.72	8.55	
1354.0	71.0	11.0	11.0	9.42	4.86	9.01	7.6	5.28	4.98	10.47	3.91	5.97	3.92	4.74	7.43	4.68	3.66	9.2	8.82	7.55	3.62	7.54	
1355.0	95.0	8.0	8.0	7.6	7.88	5.02	8.38	7.42	5.32	8.55	10.33	9.37	6.5	8.14	3.88	5.63	10.31	5.46	6.55	9.09	10.0	7.52	
1356.0	75.0	8.0	8.0	9.31	4.8	4.25	9.46	5.7	10.08	8.04	7.93	3.64	5.06	3.88	5.45	4.98	8.24	10.47	5.56	6.31	7.48	6.37	
1357.0	26.0	1.0	1.0	7.89	4.15	7.75	4.62	9.29	5.78	3.63	6.13	8.57	5.84	8.76	3.61	6.61	8.14	9.7	5.03	3.72	3.84	7.72	
1358.0	61.0	12.0	12.0	6.8	10.37	6.95	7.53	8.88	4.57	10.02	10.1	9.1	7.98	5.4	9.19	9.01	7.61	7.68	6.13	8.89	9.41	9.845626082077716	
1359.0	92.0	10.0	10.0	5.45	7.47	8.28	9.54	6.99	7.99	7.98	10.17	4.94	3.8	7.35	5.33	5.27	8.37	5.71	6.94	9.04	4.2	9.59	
1360.0	83.0	5.0	5.0	9.54	7.04	10.34	7.22	8.06	9.36	5.48	8.18	5.3	7.87	4.83	8.19	8.94	8.38	6.82	9.3	9.51	7.01	7.707662852502911	
1361.0	38.0	5.0	5.0	9.07	9.87	6.82	9.56	8.89	6.49	5.2	7.9	5.98	7.98	5.82	5.36	4.46	9.2	6.66	3.66	7.22	6.97	3.63	
1362.0	88.0	4.0	4.0	9.76	8.91	4.97	4.57	4.38	10.15	8.12	5.83	6.95	3.95	4.86	8.99	3.9	4.83	7.45	5.9	4.9	5.4	7.42	
1363.0	97.0	9.0	9.0	3.88	4.86	8.8	8.62	7.96	9.17	3.99	8.19	8.42	4.62	4.27	4.23	7.27	5.86	5.0	5.32	8.68	8.94	10.48	
1364.0	79.0	7.0	7.0	9.48	4.41	9.27	6.21	8.91	8.72	10.45	4.46	6.42	10.35	6.42	3.69	8.64	5.58	7.39	5.09	7.43	6.8	8.15	
1365.0	92.0	10.0	10.0	4.9	9.06	4.49	7.09	10.17	6.52	8.42	6.06	7.81	6.78	7.75	7.52	5.26	7.75	8.87	4.83	4.55	5.58	10.11	
1366.0	66.0	12.0	12.0	4.35	3.54	6.22	7.98	8.66	9.78	5.46	9.58	8.07	4.68	4.59	10.46	6.05	9.12	4.33	8.39	3.79	3.6	10.09	
1367.0	3.0	6.0	6.0	5.14	8.13	7.47	9.85	8.23	9.49	9.85	7.02	7.43	9.89	7.16	7.71	4.74	8.63	7.03	9.22	8.79	6.09	7.380320094001859	
1368.0	93.0	4.0	4.0	9.43	5.11	3.66	9.76	7.71	5.9	8.99	6.6	7.94	7.01	9.91	7.9	6.84	7.71	4.45	5.1	7.88	6.38	4.71	
1369.0	88.0	4.0	4.0	7.22	9.95	7.35	10.07	10.16	5.4	9.39	6.05	9.78	5.4	6.92	4.87	5.93	4.37	6.66	9.94	5.9	3.7	4.59	
1370.0	33.0	14.0	14.0	10.07	10.4	8.16	8.63	6.52	5.51	7.78	7.22	8.33	5.69	10.09	3.52	5.29	5.08	5.76	9.52	7.67	7.93	10.46	
1371.0	16.0	14.0	14.0	5.18	6.4	4.39	8.1	7.28	5.8	5.78	4.24	9.62	10.47	9.36	7.8	4.04	5.82	7.89	7.15	9.29	6.6	7.36	
1372.0	65.0	11.0	11.0	7.62	5.95	6.79	6.36	8.25	7.99	5.18	7.34	6.12	4.96	8.02	3.78	8.17	4.04	6.31	6.53	5.22	10.17	8.12	
1373.0	97.0	9.0	9.0	9.17	10.04	5.14	10.02	8.97	9.45	6.41	6.27	3.88	9.97	3.83	10.12	4.85	8.61	4.83	10.37	10.01	4.14	7.0	
1374.0	85.0	3.0	3.0	10.37	4.02	8.65	8.9	10.23	3.98	9.45	9.07	10.23	9.77	9.56	5.47	7.54	4.43	5.42	6.47	6.93	5.31	7.03	
1375.0	72.0	11.0	11.0	6.23	5.54	6.2	7.35	7.72	3.6	4.98	7.72	10.04	7.49	8.96	5.55	7.37	6.55	6.47	6.06	9.47	8.22	7.88	
1376.0	59.0	9.0	9.0	5.34	5.21	5.73	6.01	6.83	5.34	6.46	8.73	9.45	8.22	6.56	5.49	4.84	4.98	9.66	6.41	8.26	3.63	7.22	
1377.0	87.0	5.0	5.0	8.25	4.38	3.59	8.14	6.87	3.83	3.61	6.92	9.75	5.35	4.87	5.79	3.62	7.11	4.79	9.55	9.72	7.55	6.2	
1378.0	62.0	7.0	7.0	6.46	4.23	8.04	8.85	5.86	4.8	4.29	8.63	9.6	6.56	5.61	9.64	9.79	6.41	6.99	6.38	4.73	5.33	7.61	
1379.0	85.0	3.0	3.0	4.92	7.04	10.01	4.98	10.22	6.59	8.67	8.73	8.4	6.55	8.86	3.78	8.03	9.71	4.05	6.01	8.03	4.54	6.81	
1380.0	68.0	5.0	5.0	8.08	4.95	5.03	6.5	9.05	8.72	7.87	7.14	3.58	3.88	3.54	3.77	7.31	8.49	7.35	8.38	8.87	10.11	5.89	
1381.0	10.0	15.0	15.0	6.88	6.5	6.35	6.17	6.73	7.6	3.88	5.78	9.33	7.32	5.54	7.06	6.44	5.38	4.82	7.71	6.0	5.41	8.3	
1382.0	73.0	13.0	13.0	4.12	9.79	9.11	7.88	9.83	4.56	6.68	9.27	4.84	8.42	9.56	5.97	9.08	6.38	5.87	9.62	8.08	5.36	7.5	
1383.0	78.0	8.0	8.0	9.2	6.22	7.86	8.23	6.71	9.97	7.9	8.33	6.91	3.51	7.96	7.51	7.94	3.73	5.03	3.59	8.1	9.62	4.09	
1384.0	80.0	3.0	3.0	5.18	8.33	4.2	4.93	4.47	9.02	5.88	8.69	6.2	6.06	5.43	10.08	10.09	7.98	8.15	4.16	8.89	4.82	7.75	
1385.0	95.0	8.0	8.0	6.72	5.32	10.43	9.94	7.27	6.77	3.77	9.94	6.96	4.3	9.88	3.94	7.15	8.19	7.47	5.01	4.53	8.99	4.59	
1386.0	48.0	13.0	13.0	4.85	9.7	6.94	8.88	10.43	4.64	9.2	6.83	10.42	10.35	4.22	7.1	8.13	5.91	8.18	7.65	4.54	10.03	6.69	
1387.0	89.0	14.0	14.0	9.73	9.77	4.53	9.74	3.54	6.21	6.8	9.75	7.33	6.65	3.7	8.74	7.37	9.38	9.57	8.03	5.72	5.9	8.8	
1388.0	53.0	12.0	12.0	8.74	9.69	4.21	8.19	4.48	6.0	7.93	7.39	4.66	9.07	8.5	4.83	7.67	8.97	8.95	4.16	4.85	7.26	9.01	
1389.0	34.0	14.0	14.0	5.13	8.1	8.65	5.09	7.63	10.21	10.19	8.21	9.77	8.4	9.47	9.1	9.51	9.77	10.14	10.03	6.7432172057494935	2.0200323382089542	9.62451717588492	
1390.0	93.0	4.0	4.0	5.12	7.16	4.14	3.51	5.85	8.3	5.76	6.9	9.85	4.46	4.17	4.14	9.5	4.51	9.96	4.75	6.83	6.01	4.69	
1391.0	99.0	12.0	12.0	3.52	7.2	9.51	5.23	6.89	10.46	6.35	9.37	9.24	4.56	10.31	9.94	9.98	5.73	5.18	8.04	10.16	6.88	5.455675675628372	
1392.0	36.0	15.0	15.0	4.62	9.18	4.83	9.6	9.69	8.81	10.32	4.15	5.16	8.43	8.25	7.76	4.0	9.96	9.18	3.87	5.82	4.36	7.0	
1393.0	96.0	15.0	15.0	5.16	3.86	5.91	9.81	10.22	5.25	5.91	5.91	10.4	10.19	7.13	5.97	8.54	9.41	7.6	9.98	4.93	3.7	5.96	
1394.0	87.0	5.0	5.0	5.07	4.1	8.05	7.14	7.92	5.67	6.64	8.48	5.24	6.02	9.35	4.07	6.98	9.27	10.08	6.15	7.34	7.41	7.16	
1395.0	94.0	13.0	13.0	9.9	3.72	9.52	9.74	4.56	4.71	5.06	5.83	7.65	9.07	3.54	5.65	6.42	5.59	7.04	3.94	4.81	4.83	4.25	
1396.0	29.0	2.0	2.0	5.6	7.56	8.22	7.91	7.26	9.18	4.73	4.86	9.43	3.52	4.58	7.12	6.39	6.19	7.73	9.3	3.75	4.38	9.32	
1397.0	89.0	14.0	14.0	8.01	5.55	4.21	4.24	8.54	9.86	4.81	3.66	7.23	6.13	4.66	5.79	9.97	8.52	4.38	5.19	5.52	4.46	8.85	
1398.0	91.0	9.0	9.0	7.44	7.3	6.3	5.14	8.17	6.28	8.98	7.46	9.51	4.26	7.62	8.82	4.27	9.78	5.56	5.89	9.37	3.6	8.74	
1399.0	98.0	15.0	15.0	7.17	3.84	8.98	8.41	8.58	5.06	7.3	6.69	9.97	7.45	6.35	3.89	9.78	6.38	10.49	5.57	7.72	6.64	3.84	
1400.0	69.0	12.0	12.0	7.76	3.86	7.4	6.51	8.63	6.07	6.99	6.09	8.98	8.92	8.68	8.92	4.45	6.54	4.69	4.76	6.69	4.35	5.66	
1401.0	27.0	13.0	13.0	4.55	6.03	5.27	6.48	5.75	5.32	6.55	6.63	5.18	8.18	4.35	9.09	8.39	3.63	7.22	9.33	7.25	6.93	4.09	
1402.0	35.0	10.0	10.0	5.62	6.6	8.42	9.06	10.13	8.91	3.53	8.32	8.25	6.36	5.93	7.71	5.48	10.2	7.72	9.17	5.57	7.26	3.83	
1403.0	75.0	8.0	8.0	10.26	6.99	10.13	5.49	9.34	10.3	6.92	10.0	9.81	7.89	6.79	7.24	4.71	5.2	8.28	10.19	7.86	8.69	0.8917811537549898	
1404.0	84.0	12.0	12.0	4.86	7.94	9.43	6.71	8.71	5.33	9.94	6.29	9.54	3.56	9.17	5.39	4.05	3.75	5.47	3.68	8.11	10.09	8.78	
1405.0	25.0	12.0	12.0	6.97	8.85	10.19	10.36	10.03	3.67	8.18	6.72	5.76	3.98	4.74	3.59	8.39	7.72	6.2	4.72	5.05	6.91	7.58	
1406.0	65.0	11.0	11.0	6.97	6.47	7.19	6.62	5.22	4.99	6.18	10.08	7.33	4.43	7.76	7.54	6.0	9.26	8.9	4.36	4.61	9.11	3.89	
1407.0	78.0	8.0	8.0	8.66	3.92	5.87	6.3	9.43	7.13	5.14	7.18	7.61	7.41	6.7	10.32	6.71	6.26	9.58	9.86	9.76	5.12	10.45	
1408.0	85.0	3.0	3.0	3.62	7.3	7.13	6.11	7.88	5.31	9.45	10.35	7.93	6.92	7.73	7.89	6.9	9.39	10.34	4.12	8.92	7.36	4.54	
1409.0	44.0	3.0	3.0	8.65	9.83	7.52	5.31	7.81	4.75	4.44	4.64	4.48	6.34	9.93	9.08	6.57	6.84	8.98	9.71	7.79	5.44	5.57	
1410.0	39.0	14.0	14.0	6.57	3.75	7.78	8.32	7.25	7.84	7.58	9.94	4.95	9.06	9.07	9.3	4.97	5.26	10.41	4.35	10.3	5.53	8.95	
1411.0	62.0	7.0	7.0	8.55	3.51	10.36	10.35	4.99	7.17	3.76	5.03	7.32	5.65	8.91	9.19	9.52	8.68	9.51	6.07	6.48	9.97	4.41	
1412.0	98.0	15.0	15.0	7.99	7.32	7.1	9.44	10.0	9.78	10.21	4.06	5.19	3.72	8.74	6.79	9.58	9.73	7.08	4.18	6.06	9.65	4.31	
1413.0	67.0	3.0	3.0	7.41	5.77	10.39	4.67	8.85	8.35	6.31	4.1	7.36	8.28	8.18	4.09	9.56	3.67	4.78	4.29	7.42	3.53	7.15	
1414.0	86.0	15.0	15.0	9.89	6.18	10.28	8.39	9.36	8.08	4.69	5.08	3.88	4.62	6.3	7.7	6.82	7.46	7.7	3.72	10.48	6.58	10.0	
1415.0	91.0	9.0	9.0	4.06	4.35	5.77	5.84	3.57	5.41	10.12	7.67	3.73	9.63	9.68	7.76	4.28	6.42	5.26	8.73	8.45	10.19	9.29	
1416.0	45.0	5.0	5.0	8.53	5.85	9.82	3.53	6.37	6.09	10.0	8.0	5.76	7.26	9.71	8.99	7.91	8.77	4.34	6.61	6.87	9.62	5.68	
1417.0	83.0	5.0	5.0	9.91	8.25	3.98	9.25	10.48	6.86	5.17	3.54	4.24	6.62	5.43	5.73	3.99	5.9	6.31	5.42	6.88	8.53	7.34	
1418.0	61.0	12.0	12.0	8.24	8.55	8.94	8.0	4.51	9.49	8.88	4.3	6.82	3.72	6.84	10.35	7.91	10.1	4.96	5.32	9.24	9.85	7.83	
1419.0	85.0	3.0	3.0	6.42	4.01	5.95	9.43	6.46	7.87	4.8	7.22	10.46	10.21	4.52	7.48	10.4	3.58	4.92	6.34	5.15	4.4	6.22	
1420.0	90.0	4.0	4.0	9.41	6.67	9.89	4.45	9.82	8.81	5.19	5.43	6.56	7.03	8.55	3.59	7.82	8.54	7.3	9.25	4.06	9.28	4.87	
1421.0	90.0	4.0	4.0	4.53	5.3	6.15	5.9	5.06	4.81	4.74	5.58	8.21	3.63	7.96	5.87	7.29	7.77	3.74	6.97	4.19	6.87	6.15	
1422.0	86.0	15.0	15.0	5.07	10.18	5.01	7.68	7.51	7.25	9.11	10.02	4.94	9.83	8.4	6.87	6.39	9.7	7.86	6.34	8.19	8.1	1.0974366859424711	
1423.0	77.0	8.0	8.0	9.38	6.1	3.52	5.57	5.08	4.08	6.88	7.91	7.41	8.86	7.89	9.81	6.77	9.67	7.89	6.14	9.6	5.41	8.52	
1424.0	94.0	13.0	13.0	4.34	10.3	10.29	5.88	7.06	5.65	5.39	5.5	5.67	9.12	7.38	3.75	3.68	6.98	6.0	7.57	8.68	10.19	4.77	
1425.0	83.0	5.0	5.0	7.39	4.9	7.88	6.8	4.16	5.34	5.06	4.58	4.98	5.28	7.55	6.31	3.51	5.15	4.86	7.72	8.21	9.41	5.89	
1426.0	66.0	12.0	12.0	10.24	7.2	4.82	5.15	5.17	4.81	9.53	5.46	4.55	5.27	7.33	9.44	8.45	9.39	5.69	9.37	9.89	6.41	3.76	
1427.0	83.0	5.0	5.0	9.37	8.59	5.12	6.64	6.64	9.16	7.33	8.37	10.32	8.19	6.1	7.78	6.8	7.82	8.85	6.68	4.76	8.89	7.93	
1428.0	88.0	4.0	4.0	7.71	7.68	4.29	4.2	7.75	8.57	6.51	9.36	7.83	10.38	6.14	6.25	5.86	10.11	5.39	8.87	9.05	4.35	6.01	
1429.0	81.0	3.0	3.0	5.06	7.2	8.36	10.33	9.7	6.54	3.63	4.0	7.33	4.06	9.05	4.32	6.57	7.66	8.69	6.99	3.75	9.43	4.74	
1430.0	99.0	12.0	12.0	8.24	10.19	7.44	5.41	4.91	8.51	9.59	6.25	9.9	6.04	7.74	7.49	9.75	6.02	4.29	8.87	9.6	3.67	6.0	
1431.0	88.0	4.0	4.0	7.05	8.68	3.94	5.62	9.1	7.49	4.75	4.33	8.39	3.55	10.32	8.88	3.55	3.76	6.09	5.83	6.42	5.74	8.76	
1432.0	42.0	4.0	4.0	6.69	8.61	9.53	4.78	9.87	7.79	5.17	3.61	7.2	8.7	9.1	7.15	8.06	7.15	7.52	3.97	6.3	6.82	7.29	
1433.0	50.0	9.0	9.0	9.93	7.7	6.73	7.32	5.0	5.2	7.41	7.53	3.71	7.92	3.8	5.56	7.61	9.57	7.85	8.36	4.49	10.13	6.61	
1434.0	30.0	14.0	14.0	9.33	7.41	9.64	9.25	10.29	7.83	4.78	5.02	6.45	7.66	6.02	8.41	5.39	9.72	7.94	4.57	7.98	4.31	9.1	
1435.0	73.0	13.0	13.0	9.62	7.94	9.77	8.66	6.01	10.34	4.19	5.79	4.3	9.11	3.52	9.8	6.09	4.05	10.2	6.97	6.27	7.4	10.46	
1436.0	93.0	4.0	4.0	4.48	8.85	6.8	6.03	3.9	7.44	5.12	7.88	7.84	6.79	3.88	4.97	4.84	5.3	9.94	9.0	5.54	5.22	6.79	
1437.0	48.0	13.0	13.0	4.75	7.57	10.36	5.23	9.81	4.71	9.88	3.77	4.25	7.75	3.92	8.31	4.75	9.57	4.85	5.23	9.82	5.64	9.21	
1438.0	100.0	14.0	14.0	6.41	7.24	6.43	8.73	8.41	6.88	8.31	5.27	7.03	9.28	4.67	3.81	7.92	9.99	8.54	3.77	6.98	9.25	9.75	
1439.0	65.0	11.0	11.0	7.85	10.38	8.09	4.29	4.45	9.4	3.88	8.04	5.53	4.78	9.95	10.47	9.15	6.87	6.38	6.15	4.83	4.81	8.66	
1440.0	58.0	11.0	11.0	8.69	9.8	8.86	6.33	4.54	4.54	9.56	7.57	5.85	6.66	8.96	5.09	9.01	7.57	8.95	4.41	9.86	5.83	8.0	
1441.0	93.0	4.0	4.0	7.34	9.57	6.68	9.7	7.17	4.24	8.82	6.84	8.66	5.94	4.73	4.55	6.89	6.35	3.65	10.29	8.75	7.7	5.58	
1442.0	78.0	8.0	8.0	10.48	4.11	5.5	10.46	6.91	6.38	9.27	7.11	3.63	4.8	10.27	6.68	7.67	3.93	3.71	6.46	9.88	7.28	7.97	
1443.0	23.0	7.0	7.0	4.86	3.94	7.33	9.67	4.26	10.08	8.33	9.83	5.73	10.22	6.56	4.1	9.46	6.76	8.53	5.61	5.25	10.4	5.99	
1444.0	84.0	12.0	12.0	9.37	5.7	4.92	5.38	7.04	6.67	3.89	4.84	9.18	7.41	7.58	9.6	10.48	4.57	10.34	8.76	8.57	3.54	8.31	
1445.0	52.0	4.0	4.0	9.33	9.48	9.67	7.57	8.43	5.75	7.35	5.51	8.65	5.09	4.58	7.18	7.92	4.83	8.16	6.11	8.36	4.15	7.5	
1446.0	55.0	6.0	6.0	5.21	9.32	4.62	9.06	3.61	6.06	6.54	3.96	9.96	9.58	5.76	8.84	8.88	9.49	9.77	4.14	9.67	4.74	9.33	
1447.0	89.0	14.0	14.0	6.85	9.96	4.51	5.92	7.27	9.85	8.31	9.69	4.24	8.77	8.34	3.86	3.87	3.52	7.05	9.84	8.73	4.73	8.87	
1448.0	95.0	8.0	8.0	9.31	4.53	7.88	6.76	10.07	4.65	6.49	3.77	7.02	9.41	8.15	9.09	7.34	6.59	6.06	7.11	6.66	4.08	5.1	
1449.0	76.0	6.0	6.0	9.03	10.11	8.92	4.42	7.0	8.32	5.67	4.38	7.79	3.63	10.19	8.71	3.52	7.49	4.73	4.38	5.09	5.47	9.81	
1450.0	54.0	10.0	10.0	7.02	8.57	7.79	9.98	5.95	6.5	3.59	8.21	9.21	9.68	3.69	6.75	4.79	4.16	9.78	8.46	4.14	7.18	9.44	
1451.0	100.0	14.0	14.0	7.7	3.58	10.27	8.33	7.75	9.95	4.47	8.22	4.95	5.39	10.01	7.04	10.36	8.41	3.75	7.91	7.98	10.25	7.26	
1452.0	65.0	11.0	11.0	9.82	9.76	8.84	5.57	7.88	9.22	5.19	6.66	7.53	5.17	5.92	9.14	8.86	7.78	3.89	5.24	5.03	6.33	4.07	
1453.0	60.0	3.0	3.0	9.59	9.3	8.67	7.64	10.29	9.91	4.49	7.77	4.51	6.45	4.58	8.34	4.05	5.34	10.39	5.96	5.1	5.73	3.96	
1454.0	15.0	11.0	11.0	8.06	5.87	5.58	7.48	10.07	7.28	6.88	8.16	5.93	5.77	10.08	7.22	4.14	6.78	7.77	8.71	4.48	10.39	7.89	
1455.0	88.0	4.0	4.0	3.56	9.21	8.93	4.21	10.28	7.89	8.34	6.47	9.37	7.81	9.23	9.06	9.61	9.43	4.23	4.69	7.62	9.59	9.974332036523364	
1456.0	28.0	8.0	8.0	5.96	6.64	8.82	9.29	8.52	3.95	8.09	8.62	9.36	4.65	7.41	7.65	4.07	6.92	8.71	9.4	7.56	9.99	9.12	
1457.0	51.0	2.0	2.0	3.79	4.39	3.69	7.3	8.54	7.12	8.24	7.18	3.8	4.19	7.31	7.65	9.37	8.82	7.39	4.37	3.88	10.48	3.65	
1458.0	97.0	9.0	9.0	4.8	3.57	5.91	3.91	8.69	6.66	9.55	9.53	5.94	9.84	7.98	9.29	5.98	4.88	7.41	5.26	3.72	6.68	6.99	
1459.0	55.0	6.0	6.0	4.75	6.9	4.65	3.58	4.45	8.64	8.5	5.28	8.89	6.52	8.04	7.69	8.74	7.47	9.45	9.79	4.45	4.0	3.73	
1460.0	68.0	5.0	5.0	5.32	10.19	8.51	9.56	5.64	7.44	7.04	4.41	10.02	5.39	4.89	3.53	10.1	7.83	9.32	6.6	7.84	9.78	5.22	
1461.0	84.0	12.0	12.0	6.8	3.67	8.53	5.46	5.03	5.34	6.34	4.43	7.74	4.32	8.97	5.64	8.38	4.79	7.98	9.64	3.96	7.75	8.95	
1462.0	44.0	3.0	3.0	7.06	4.24	5.99	5.25	5.59	5.75	7.61	5.42	8.46	8.12	8.39	4.26	9.82	8.79	9.88	9.8	3.56	7.17	5.03	
1463.0	95.0	8.0	8.0	5.09	5.83	8.34	5.56	5.66	5.74	4.53	6.97	5.03	3.85	5.75	7.27	4.46	9.32	10.44	5.63	7.48	6.58	10.22	
1464.0	92.0	10.0	10.0	8.23	9.67	6.68	10.38	8.66	4.46	8.67	9.15	9.62	4.2	6.6	6.99	6.64	8.16	7.47	9.3	6.32	8.15	3.7544864112167162	
1465.0	94.0	13.0	13.0	6.82	9.63	10.22	5.81	10.29	6.31	4.51	6.16	9.25	8.82	4.27	4.3	5.07	7.52	8.79	8.51	5.76	7.61	6.12	
1466.0	93.0	4.0	4.0	10.3	4.6	9.25	8.44	5.66	8.12	10.07	7.18	8.48	10.32	9.47	6.01	6.66	3.84	9.23	9.59	10.18	3.68	9.117316615734708	
1467.0	70.0	11.0	11.0	8.76	7.75	9.68	5.54	4.25	10.04	5.45	8.61	6.33	8.28	6.82	7.2	6.36	7.32	6.9	4.57	9.9	5.33	6.49	
1468.0	71.0	11.0	11.0	8.87	4.71	5.39	4.47	6.0	5.31	8.0	8.03	8.15	7.35	9.0	6.27	6.96	9.47	5.01	4.97	4.48	6.85	9.77	
1469.0	75.0	8.0	8.0	8.32	4.37	6.38	6.07	9.47	8.36	3.83	4.03	5.13	4.1	8.01	5.4	8.2	8.87	4.24	7.84	7.88	7.22	5.53	
1470.0	98.0	15.0	15.0	6.61	9.86	6.33	4.36	7.27	9.32	3.92	8.25	9.86	7.32	5.27	7.63	5.33	7.9	6.65	4.48	5.24	7.97	7.72	
1471.0	81.0	3.0	3.0	6.22	9.51	4.47	7.16	5.22	9.46	6.37	7.7	8.43	5.66	9.72	6.25	3.98	7.83	8.38	4.06	7.83	9.9	8.76	
1472.0	98.0	15.0	15.0	6.5	9.07	9.0	8.84	7.6	4.34	4.6	5.44	5.2	5.08	8.95	6.48	6.18	8.0	8.6	6.5	7.95	5.86	4.92	
1473.0	67.0	3.0	3.0	4.7	10.03	8.54	8.16	6.89	9.46	9.02	7.56	5.41	4.6	6.58	8.7	6.87	6.64	4.61	3.93	10.09	4.33	4.03	
1474.0	81.0	3.0	3.0	8.38	6.48	8.64	4.69	7.19	5.4	3.56	5.26	4.77	10.42	8.72	5.31	8.19	7.51	5.68	4.15	3.8	6.15	8.86	
1475.0	61.0	12.0	12.0	5.53	6.19	9.44	9.67	5.59	7.16	8.58	6.65	10.49	10.46	9.32	9.53	5.99	5.95	6.29	9.17	8.72	7.51	4.151848114477008	
1476.0	39.0	14.0	14.0	9.82	5.63	5.52	10.46	9.85	4.97	9.45	7.18	5.52	7.76	3.74	8.25	7.78	7.56	4.28	7.44	7.22	5.9	4.69	
1477.0	35.0	10.0	10.0	8.45	9.22	8.11	5.4	6.09	10.17	7.79	4.07	7.08	5.28	8.81	3.86	9.16	3.74	8.35	8.47	5.88	6.77	7.87	
1478.0	86.0	15.0	15.0	4.18	4.08	8.97	9.14	4.9	5.08	5.09	10.28	9.25	6.8	5.57	3.81	10.1	8.26	6.03	6.38	7.1	9.45	4.73	
1479.0	33.0	14.0	14.0	4.58	8.87	7.8	5.89	5.36	7.16	3.89	7.08	3.75	9.21	4.64	8.67	4.87	9.05	8.77	4.19	4.46	6.14	3.84	
1480.0	7.0	11.0	11.0	6.11	3.88	5.79	8.92	5.79	10.46	10.03	3.67	4.37	5.24	8.04	6.15	7.42	9.86	9.54	6.94	5.55	9.15	8.67	
1481.0	71.0	11.0	11.0	5.73	10.37	10.31	4.83	7.88	3.97	9.06	5.72	7.27	5.91	7.33	8.65	7.53	3.76	5.49	7.04	8.02	7.99	5.49	
1482.0	94.0	13.0	13.0	7.4	6.06	7.1	6.73	7.22	4.84	7.91	5.98	9.28	7.09	4.54	4.0	3.77	8.09	6.45	8.92	4.74	3.69	4.85	
1483.0	84.0	12.0	12.0	7.91	9.7	5.41	8.74	8.38	6.66	3.96	9.89	8.19	6.53	8.51	5.5	3.91	6.76	9.34	8.86	5.58	9.23	7.11	
1484.0	91.0	9.0	9.0	9.03	4.66	6.9	7.96	8.63	5.62	5.93	7.43	6.34	8.54	4.24	4.13	9.24	5.87	8.92	4.5	5.99	10.31	7.61	
1485.0	64.0	4.0	4.0	9.14	8.24	6.75	4.22	9.7	5.46	5.66	6.41	5.04	7.63	7.08	6.34	4.11	6.68	9.65	3.74	6.76	5.48	8.29	
1486.0	98.0	15.0	15.0	9.12	6.94	8.24	7.9	6.31	3.98	9.39	6.47	9.38	7.28	4.13	10.08	5.92	10.21	4.4	5.44	5.36	8.65	5.82	
1487.0	2.0	14.0	14.0	6.58	9.01	7.36	5.54	5.14	9.44	7.22	7.96	7.67	5.19	4.23	8.21	7.29	7.45	9.08	5.37	3.78	5.74	5.88	
1488.0	98.0	15.0	15.0	9.28	4.21	10.09	7.04	7.88	6.41	10.46	8.5	7.89	10.24	4.15	9.18	3.69	9.17	9.1	4.56	4.17	8.1	9.29	
1489.0	86.0	15.0	15.0	6.67	10.15	5.89	9.32	7.29	7.44	3.59	8.48	8.62	6.68	5.91	4.1	5.35	9.66	4.33	4.49	3.69	5.88	6.35	
1490.0	96.0	15.0	15.0	7.96	9.82	7.0	3.77	10.25	8.61	6.51	4.45	4.15	8.53	6.3	6.16	7.9	6.59	4.85	7.85	6.82	6.77	3.96	
1491.0	80.0	3.0	3.0	6.03	5.34	9.77	10.17	9.19	5.0	7.82	4.67	9.81	9.8	3.75	9.78	7.63	4.41	5.46	5.03	8.72	3.9	8.91	
1492.0	65.0	11.0	11.0	5.75	7.78	7.34	6.42	10.21	4.47	7.35	4.49	5.3	6.23	6.28	7.23	4.47	9.92	4.35	10.23	8.52	9.1	5.33	
1493.0	97.0	9.0	9.0	5.91	6.13	7.43	7.97	10.34	6.12	6.38	6.99	4.04	7.06	8.13	5.95	7.57	6.33	8.91	6.57	5.12	5.1	4.88	
1494.0	98.0	15.0	15.0	8.5	6.46	8.84	8.75	5.93	10.2	10.26	6.54	7.91	3.61	6.96	9.17	6.02	5.34	8.76	5.13	6.45	9.26	5.64	
1495.0	29.0	2.0	2.0	5.07	6.62	9.6	7.39	6.23	8.47	4.99	3.51	6.5	9.53	8.19	8.31	8.06	4.04	8.46	7.74	5.99	10.02	5.24	
1496.0	91.0	9.0	9.0	7.55	10.2	10.2	7.45	3.53	5.78	5.31	10.26	6.58	5.51	3.63	5.97	9.41	4.67	9.17	5.02	7.27	4.58	4.54	
1497.0	78.0	8.0	8.0	10.1	9.41	9.33	10.12	8.12	5.05	8.74	6.9	9.02	6.41	9.42	6.01	5.44	7.88	8.47	4.88	6.01	3.87	3.99	
1498.0	58.0	11.0	11.0	4.65	7.42	9.04	10.49	7.9	5.07	4.62	7.96	8.59	8.2	6.8	4.18	4.8	6.85	7.89	3.88	7.82	6.48	9.23	
1499.0	82.0	6.0	6.0	5.63	7.43	9.23	9.76	6.74	9.58	8.17	6.35	6.68	8.24	8.05	8.0	8.85	5.8	6.58	6.1	8.84	4.05	6.17	
1500.0	87.0	5.0	5.0	5.43	9.91	6.8	7.04	5.9	3.95	8.92	5.06	6.85	7.2	5.5	4.93	7.44	6.7	10.45	8.95	8.8	6.4	10.23	
1501.0	82.0	6.0	6.0	5.51	8.57	7.38	8.46	9.71	3.68	4.66	4.81	6.61	9.21	5.16	6.87	7.33	4.45	8.18	9.5	6.26	10.01	10.39	
1502.0	99.0	12.0	12.0	7.24	6.95	5.64	10.35	5.8	9.6	3.99	4.45	6.55	4.43	3.73	6.28	5.28	6.71	3.72	10.31	10.13	6.74	8.96	
1503.0	77.0	8.0	8.0	10.28	8.39	7.53	9.19	7.8	7.4	6.06	9.68	9.77	5.67	9.16	7.49	9.96	10.09	9.3	5.02	8.76	8.997937392820738	1.3812072977794316	
1504.0	79.0	7.0	7.0	9.04	3.52	8.52	9.91	5.24	9.68	4.19	4.48	9.27	8.66	3.64	8.14	7.25	5.43	6.37	8.55	7.7	9.37	6.4	
1505.0	9.0	15.0	15.0	9.22	6.99	8.84	9.0	9.49	5.77	7.46	10.33	6.52	5.6	6.11	8.21	8.62	8.42	6.29	9.5	9.84	3.67	7.302945652173735	
1506.0	93.0	4.0	4.0	4.39	5.01	8.82	9.44	10.41	6.54	3.5	6.77	9.58	5.17	8.14	4.65	6.92	10.21	6.5	9.93	3.69	6.07	6.69	
1507.0	81.0	3.0	3.0	9.39	9.68	8.1	5.41	9.25	6.81	7.27	9.16	7.26	5.0	5.58	8.49	7.45	8.31	5.47	8.23	3.93	7.12	9.24	
1508.0	47.0	15.0	15.0	6.81	6.58	7.58	9.48	7.99	10.32	4.71	10.16	6.81	8.73	6.67	6.98	5.29	3.55	8.32	7.69	8.07	9.63	9.5	
1509.0	74.0	1.0	1.0	7.68	8.6	7.05	6.02	5.8	8.88	10.45	9.0	5.94	5.13	7.34	4.58	7.01	4.18	10.36	3.5	6.41	5.85	6.28	
1510.0	20.0	4.0	4.0	3.58	7.86	8.21	9.25	7.83	9.87	4.11	4.49	9.4	6.16	6.87	5.84	4.78	6.22	5.9	8.19	10.17	7.77	9.99	
1511.0	92.0	10.0	10.0	10.43	9.57	3.93	4.66	10.08	10.41	10.36	4.78	7.47	6.43	9.85	8.79	9.17	4.86	4.07	8.92	9.81	4.63	4.438316334807508	
1512.0	83.0	5.0	5.0	4.31	8.5	5.96	4.35	3.88	8.91	7.16	8.47	7.63	9.04	7.72	8.59	10.04	4.74	6.84	7.12	8.33	8.01	3.82	
1513.0	66.0	12.0	12.0	4.27	4.2	6.19	8.75	6.82	4.73	5.2	9.02	7.99	6.65	5.88	9.28	4.41	6.32	9.09	4.39	8.65	6.87	3.52	
1514.0	93.0	4.0	4.0	4.08	7.1	8.49	8.61	7.37	10.39	4.27	7.61	3.86	9.26	3.76	8.28	8.28	8.65	8.3	4.21	9.54	6.37	8.54	
1515.0	72.0	11.0	11.0	3.84	6.43	7.73	9.75	8.05	9.69	3.8	10.36	4.54	5.64	7.43	9.68	3.89	8.78	4.02	7.77	9.32	7.15	6.09	
1516.0	77.0	8.0	8.0	6.27	10.01	5.28	5.82	8.39	7.77	10.45	9.98	7.24	7.32	5.99	8.86	10.01	6.5	7.91	6.21	5.08	6.9	8.17	
1517.0	52.0	4.0	4.0	4.75	6.25	9.68	7.0	4.17	4.12	4.12	4.79	6.78	6.14	6.26	5.73	4.41	7.96	8.46	8.53	3.93	9.83	9.69	
1518.0	97.0	9.0	9.0	7.54	8.2	6.48	4.62	10.28	3.71	6.51	9.01	3.89	5.98	6.61	3.76	8.0	8.24	7.47	7.38	8.04	4.02	7.6	
1519.0	46.0	14.0	14.0	5.96	5.13	4.47	6.74	9.14	10.2	5.72	5.87	8.02	10.08	8.03	4.62	7.61	8.93	8.02	10.21	3.69	9.64	9.69	
1520.0	48.0	13.0	13.0	3.58	7.44	4.8	8.16	7.48	8.03	10.24	3.55	6.95	10.36	8.97	8.12	4.63	8.75	7.15	4.13	3.83	10.19	5.13	
1521.0	52.0	4.0	4.0	3.59	6.13	10.19	9.72	6.53	10.44	8.77	5.6	5.05	5.82	5.85	9.99	9.71	9.44	10.13	8.36	9.68	8.41	8.210085606968843	
1522.0	55.0	6.0	6.0	9.95	6.22	7.79	5.46	6.97	7.37	8.2	10.15	4.55	10.32	9.33	6.34	8.38	7.25	6.45	9.94	8.95	5.06	2.3725885050811306	
1523.0	59.0	9.0	9.0	9.01	9.07	10.22	7.18	9.39	9.34	8.2	5.39	9.21	6.55	3.89	6.32	9.27	9.77	4.98	10.42	5.4	5.1	1.9553044457260955	
1524.0	84.0	12.0	12.0	10.03	5.7	7.54	5.68	6.13	6.8	6.27	4.73	7.42	6.26	4.72	8.38	3.94	5.4	8.39	7.83	6.17	4.91	4.89	
1525.0	43.0	13.0	13.0	4.13	7.49	6.41	3.67	9.76	3.96	9.02	5.22	9.51	5.2	6.33	8.49	3.93	6.58	10.46	8.62	5.33	7.7	10.15	
1526.0	46.0	14.0	14.0	3.6	8.44	4.64	5.73	10.13	9.85	6.11	6.74	6.38	5.25	4.6	6.39	9.5	5.63	5.45	3.63	8.89	10.02	8.74	
1527.0	90.0	4.0	4.0	9.86	9.46	7.3	6.4	9.94	9.52	8.16	6.63	7.1	7.73	9.11	8.94	6.19	5.12	10.22	7.52	3.59	10.29	5.149135962800635	
1528.0	54.0	10.0	10.0	6.09	10.0	10.45	4.65	4.8	9.03	6.48	4.72	6.82	3.56	10.4	6.3	4.96	8.47	4.14	8.72	5.96	10.49	9.46	
1529.0	57.0	14.0	14.0	10.2	8.36	3.99	10.16	3.59	9.87	7.31	10.39	9.99	8.7	9.0	4.11	4.85	8.24	7.18	5.21	7.96	5.71	9.02	
1530.0	99.0	12.0	12.0	5.25	3.69	7.31	9.64	10.09	7.51	9.13	8.76	7.82	5.48	7.61	9.4	9.27	8.03	6.64	8.65	5.24	4.21	4.6	
1531.0	43.0	13.0	13.0	5.98	10.28	3.65	4.25	9.84	7.33	7.89	6.01	8.19	9.38	8.3	4.15	3.94	7.26	7.16	8.57	9.27	5.53	7.77	
1532.0	44.0	3.0	3.0	3.73	9.71	9.93	7.87	5.3	5.86	9.45	10.13	10.31	9.96	7.51	8.13	5.66	7.37	8.79	10.17	8.51	1.7334656192550706	8.102877474810326	
1533.0	49.0	12.0	12.0	8.16	6.37	9.06	7.5	10.13	7.45	8.36	4.03	8.22	5.07	3.63	6.03	8.54	6.22	6.89	7.57	4.49	5.61	8.02	
1534.0	51.0	2.0	2.0	5.03	9.6	8.61	7.98	3.61	4.91	10.08	6.34	6.57	4.21	9.44	6.8	5.07	8.74	7.53	6.66	8.67	7.7	6.14	
1535.0	53.0	12.0	12.0	8.26	7.44	8.95	9.49	6.87	4.41	9.61	7.52	6.72	8.21	6.4	6.83	4.28	5.08	7.58	9.1	4.96	5.24	8.53	
1536.0	27.0	13.0	13.0	5.14	4.76	9.88	10.06	4.09	7.06	3.54	5.77	4.1	6.17	4.3	9.04	10.41	8.68	3.99	5.47	5.15	5.84	8.55	
1537.0	60.0	3.0	3.0	8.4	3.96	7.37	5.29	6.11	8.44	8.83	4.58	10.1	9.26	4.82	7.74	9.93	3.95	3.79	8.43	3.95	3.64	5.59	
1538.0	90.0	4.0	4.0	6.8	6.16	9.24	6.82	9.93	10.22	5.66	7.6	9.26	8.38	5.79	5.3	6.3	8.27	9.73	9.05	3.57	6.45	8.93	
1539.0	95.0	8.0	8.0	5.21	8.78	4.73	8.28	7.98	6.99	6.35	3.57	6.02	4.58	8.48	8.55	7.32	7.64	6.74	4.33	7.15	4.04	7.37	
1540.0	50.0	9.0	9.0	7.81	5.04	5.24	5.93	4.6	6.32	4.03	5.81	6.52	4.38	10.04	6.48	7.15	7.86	6.21	5.37	5.35	6.7	6.78	
1541.0	53.0	12.0	12.0	5.88	8.35	9.51	7.96	9.78	10.28	4.08	4.48	8.6	9.29	6.45	8.71	6.22	7.28	6.08	8.04	10.0	7.0	6.01	
1542.0	94.0	13.0	13.0	6.46	9.91	6.14	7.74	3.92	4.33	4.28	10.03	9.04	5.15	8.7	3.81	8.57	5.76	7.92	3.61	3.61	7.32	9.42	
1543.0	92.0	10.0	10.0	6.56	8.4	5.42	5.04	4.35	7.04	3.82	7.07	9.37	5.08	4.73	6.77	4.87	7.63	7.73	8.32	9.55	4.04	5.86	
1544.0	63.0	15.0	15.0	8.95	9.67	7.71	8.45	6.04	5.38	3.95	3.56	4.56	7.28	7.39	4.48	5.62	9.88	6.66	9.13	7.61	3.78	10.33	
1545.0	79.0	7.0	7.0	7.92	7.93	9.57	6.88	4.81	6.91	7.73	6.29	8.54	7.04	9.79	10.45	9.68	7.62	5.18	8.99	6.9	4.82	5.18	
1546.0	46.0	14.0	14.0	4.13	5.41	4.93	7.23	9.72	8.54	7.59	8.38	4.58	6.86	8.08	8.65	7.04	7.74	4.79	4.9	4.5	5.34	5.28	
1547.0	50.0	9.0	9.0	4.64	5.46	6.58	5.72	10.35	7.39	6.63	6.63	9.19	5.64	6.82	5.16	9.36	3.88	6.08	6.96	8.04	6.76	5.26	
1548.0	90.0	4.0	4.0	7.6	4.54	4.72	5.95	4.12	5.71	4.66	9.28	3.74	9.41	9.7	9.19	8.65	4.79	5.57	7.51	6.25	3.75	3.81	
1549.0	54.0	10.0	10.0	9.31	7.86	3.97	6.51	8.18	6.09	6.45	7.22	6.66	6.1	3.76	7.76	6.43	4.11	5.05	3.59	6.22	6.58	5.56	
1550.0	91.0	9.0	9.0	4.95	5.59	6.69	8.82	10.46	4.69	9.84	4.76	7.89	9.09	8.97	7.62	4.21	5.08	4.68	6.83	7.11	6.98	8.84	
1551.0	41.0	15.0	15.0	6.95	5.49	6.45	10.05	7.81	8.96	3.78	5.82	9.4	6.44	3.58	7.05	5.25	5.92	8.17	4.67	9.28	5.74	9.67	
1552.0	44.0	3.0	3.0	3.53	6.13	10.43	8.47	8.8	10.23	9.84	9.75	5.35	5.86	3.74	6.53	6.64	4.69	8.86	7.12	5.66	9.89	9.11	
1553.0	52.0	4.0	4.0	4.82	8.46	4.63	4.05	8.76	10.48	5.4	8.94	6.7	4.67	6.73	8.84	6.07	6.16	7.29	5.62	7.25	7.16	5.62	
1554.0	50.0	9.0	9.0	8.88	6.23	6.33	6.64	8.47	4.01	8.44	9.12	8.88	9.23	8.3	5.46	7.35	7.4	5.76	10.0	5.43	4.49	5.38	
1555.0	54.0	10.0	10.0	8.19	5.46	9.9	9.26	5.19	3.75	3.86	5.58	5.65	3.55	9.45	9.42	4.14	8.89	8.01	5.15	9.28	8.6	8.35	
1556.0	94.0	13.0	13.0	5.75	9.38	6.18	5.91	8.52	6.6	3.65	9.05	9.16	4.7	3.73	6.36	3.93	9.69	9.65	10.05	10.13	10.39	8.9	
1557.0	83.0	5.0	5.0	6.17	6.46	6.75	9.39	6.71	10.17	7.98	4.43	8.93	9.75	8.45	5.24	8.45	4.78	10.39	5.85	6.41	4.14	8.94	
1558.0	44.0	3.0	3.0	5.51	9.69	5.71	6.93	10.35	3.78	4.71	9.37	6.79	9.67	6.36	5.98	6.19	3.67	4.69	4.49	4.77	7.57	6.72	
1559.0	45.0	5.0	5.0	3.97	5.15	7.83	10.07	8.37	7.73	4.7	6.3	8.75	4.88	3.71	6.09	7.18	8.94	9.99	7.89	7.26	7.24	6.47	
1560.0	13.0	3.0	3.0	10.07	10.47	9.87	4.81	4.22	9.1	8.83	6.12	5.73	6.2	5.15	9.8	4.74	6.98	9.58	10.33	8.59	8.22	2.68285876874784	
1561.0	52.0	4.0	4.0	8.95	8.81	3.76	9.52	5.01	9.95	5.8	5.08	5.18	8.21	6.58	7.43	10.04	8.91	6.19	9.37	4.86	9.87	3.51	
1562.0	26.0	1.0	1.0	4.72	4.52	6.36	7.55	5.53	9.07	7.92	5.36	8.63	7.4	8.89	9.02	9.41	5.03	8.23	8.69	6.78	9.17	4.14	
1563.0	59.0	9.0	9.0	4.68	6.82	5.85	5.48	9.16	5.21	8.63	9.03	8.66	6.37	4.56	10.39	4.74	8.59	4.11	3.61	8.25	4.7	10.3	
1564.0	81.0	3.0	3.0	6.76	6.04	8.7	7.66	9.75	9.67	7.59	7.37	4.52	3.98	6.46	7.38	8.83	6.28	4.14	5.1	8.2	3.54	5.58	
1565.0	12.0	5.0	5.0	4.66	3.63	7.08	8.15	9.84	9.51	4.79	4.35	5.58	5.54	4.0	3.62	3.6	4.94	4.7	5.47	6.55	5.21	9.98	
1566.0	46.0	14.0	14.0	5.11	5.71	9.04	7.7	7.96	8.28	4.72	4.15	4.97	9.26	6.3	9.92	10.46	7.45	4.75	6.47	7.72	5.76	8.33	
1567.0	85.0	3.0	3.0	4.55	3.92	4.43	10.27	5.42	7.02	5.8	9.0	6.3	5.35	4.66	10.46	5.24	9.34	5.46	4.75	9.39	7.23	10.09	
1568.0	53.0	12.0	12.0	10.37	9.75	3.51	7.63	9.05	5.25	8.63	8.45	8.4	8.76	8.04	8.26	4.31	8.54	8.31	8.06	4.56	8.68	10.471907670068289	
1569.0	28.0	8.0	8.0	6.86	5.51	4.69	9.24	8.96	7.63	4.21	10.32	5.46	7.56	9.46	8.32	7.43	8.3	8.94	8.49	10.16	4.64	8.61	
1570.0	97.0	9.0	9.0	7.14	7.17	3.93	5.65	8.27	6.67	5.15	8.66	5.07	5.69	10.03	9.81	7.07	7.51	6.68	7.15	10.08	8.53	5.82	
1571.0	41.0	15.0	15.0	8.63	4.22	5.52	4.61	5.68	9.21	10.37	6.76	8.33	7.85	4.02	5.24	9.77	6.64	5.46	7.86	4.52	9.41	8.57	
1572.0	80.0	3.0	3.0	9.78	4.07	6.01	9.19	8.8	5.07	4.71	6.22	8.13	5.43	3.92	8.93	8.05	9.65	7.46	5.7	8.7	4.58	6.79	
1573.0	84.0	12.0	12.0	5.8	4.06	4.9	9.05	10.41	7.07	9.17	9.96	9.26	8.1	7.83	5.27	7.48	3.86	7.48	9.29	8.5	8.38	4.37	
1574.0	96.0	15.0	15.0	10.24	7.91	6.58	6.85	9.3	3.55	6.56	5.62	7.1	7.74	8.46	8.25	4.8	6.42	9.81	4.02	8.57	7.63	3.96	
1575.0	54.0	10.0	10.0	4.6	4.74	7.95	7.45	7.66	6.41	8.33	3.99	6.84	8.07	5.87	6.2	9.71	10.18	9.59	5.23	8.63	8.59	4.97	
1576.0	56.0	13.0	13.0	9.38	10.29	4.09	8.4	4.19	8.85	4.64	10.43	3.91	4.94	8.83	9.94	3.62	7.05	8.59	5.76	4.67	7.33	10.18	
1577.0	90.0	4.0	4.0	5.45	10.3	5.37	10.07	4.12	9.84	8.77	9.18	9.07	5.98	5.38	4.86	7.75	6.33	6.52	3.63	4.78	10.44	7.14	
1578.0	99.0	12.0	12.0	9.06	8.34	7.94	8.85	6.04	6.78	6.93	4.92	6.52	6.53	7.23	5.92	6.84	10.05	7.65	4.53	10.11	6.53	6.49	
1579.0	72.0	11.0	11.0	9.35	6.42	8.1	3.53	5.31	8.34	9.21	6.9	7.13	6.47	6.95	5.8	5.01	4.23	8.29	6.35	4.91	6.37	8.3	
1580.0	48.0	13.0	13.0	6.16	7.2	8.88	9.63	10.39	10.31	5.44	4.35	3.64	6.95	7.4	6.76	10.47	8.65	8.86	7.17	7.79	5.44	5.69	
1581.0	52.0	4.0	4.0	10.17	10.38	6.23	5.98	5.0	8.55	7.64	10.42	7.33	5.35	4.47	7.65	8.39	8.85	5.52	4.13	10.06	8.68	3.96	
1582.0	93.0	4.0	4.0	7.35	4.0	9.49	5.75	9.77	8.49	3.93	8.71	8.41	6.84	9.28	8.76	4.93	5.86	7.39	3.82	6.95	5.04	9.27	
1583.0	92.0	10.0	10.0	6.09	6.61	3.85	9.33	7.86	6.91	4.71	8.38	9.93	10.23	4.29	7.25	5.65	8.75	3.7	5.13	9.87	5.09	4.31	
1584.0	82.0	6.0	6.0	3.54	4.14	9.61	4.67	6.05	5.59	6.55	10.09	4.06	4.6	6.25	7.2	4.87	4.23	7.38	6.72	6.7	5.41	6.22	
1585.0	58.0	11.0	11.0	8.05	5.14	5.73	4.71	5.98	4.81	3.51	5.51	3.51	5.97	4.92	3.51	8.54	8.19	9.66	5.28	8.06	7.94	6.15	
1586.0	97.0	9.0	9.0	3.88	6.14	5.21	9.88	5.82	4.23	8.69	6.87	4.05	6.59	8.99	4.0	4.67	3.84	10.07	8.27	10.35	7.24	3.85	
1587.0	51.0	2.0	2.0	4.86	8.7	7.95	8.76	7.3	4.07	4.26	7.85	8.14	4.89	7.78	10.33	7.4	10.5	7.2	6.22	8.29	8.96	7.64	
1588.0	11.0	4.0	4.0	4.54	7.11	9.19	4.69	8.66	6.26	9.58	3.77	4.3	10.14	3.56	10.46	5.8	7.34	9.24	8.08	9.01	10.27	7.37	
1589.0	19.0	13.0	13.0	9.82	10.37	9.5	8.16	5.24	4.17	6.75	7.89	5.75	8.91	9.25	3.62	5.46	5.63	5.85	7.39	7.61	7.04	10.21	
1590.0	90.0	4.0	4.0	5.48	7.5	7.39	5.02	8.58	6.89	4.48	4.71	10.13	6.35	8.21	5.1	8.3	3.95	4.16	4.72	4.87	6.84	5.04	
1591.0	78.0	8.0	8.0	9.06	8.16	4.86	6.56	4.94	6.24	7.98	8.09	5.45	5.58	5.9	5.93	9.41	9.71	5.83	5.6	3.82	6.35	7.9	
1592.0	45.0	5.0	5.0	10.46	3.98	9.1	7.4	3.94	9.47	10.02	10.18	6.76	6.31	9.68	4.65	8.0	4.71	4.86	10.43	4.06	6.93	9.49	
1593.0	100.0	14.0	14.0	3.64	10.17	4.2	8.4	4.85	5.9	9.25	7.87	4.94	9.45	8.12	4.02	5.42	6.69	5.12	7.4	8.27	7.13	8.88	
1594.0	84.0	12.0	12.0	7.06	3.9	4.85	7.68	8.01	4.42	10.21	4.71	3.59	5.7	6.18	8.0	6.73	3.75	9.86	9.7	5.7	10.42	10.26	
1595.0	98.0	15.0	15.0	10.48	5.06	4.68	4.36	4.39	4.71	8.87	5.54	9.27	4.77	4.34	9.34	7.08	6.95	5.56	5.17	10.28	6.56	5.5	
1596.0	81.0	3.0	3.0	5.27	9.54	8.37	3.71	10.23	7.48	8.72	6.53	4.82	5.4	3.79	8.36	6.69	7.45	8.5	6.44	5.24	7.73	5.06	
1597.0	83.0	5.0	5.0	6.13	5.23	3.73	6.72	9.62	10.03	5.97	6.33	3.93	9.18	6.03	4.54	5.87	6.47	8.74	7.35	8.42	8.98	10.18	
1598.0	43.0	13.0	13.0	6.82	4.46	4.75	8.93	8.73	4.9	5.83	6.09	3.65	5.92	8.94	9.31	3.54	4.95	6.84	10.1	3.83	6.73	10.33	
1599.0	47.0	15.0	15.0	6.41	9.72	5.65	6.5	6.97	5.78	9.18	10.46	5.34	5.91	10.2	9.45	9.32	3.9	9.83	8.24	10.12	4.48	6.8	
1600.0	98.0	15.0	15.0	9.11	5.43	9.32	6.8	8.06	9.18	6.56	6.76	4.78	4.05	7.96	3.87	5.92	7.35	6.24	6.4	5.03	4.31	8.13	
1601.0	96.0	15.0	15.0	5.18	4.29	4.7	9.57	5.76	3.99	10.0	6.35	9.68	8.16	4.25	7.1	7.81	6.29	7.8	5.4	5.53	5.93	7.51	
1602.0	97.0	9.0	9.0	7.79	9.82	8.33	9.23	6.7	4.19	6.58	3.77	7.56	10.18	7.92	6.21	4.25	5.54	8.7	8.19	8.32	9.41	7.0	
1603.0	92.0	10.0	10.0	6.63	8.97	7.12	9.64	5.79	6.28	6.79	6.37	8.53	5.89	6.75	9.12	6.28	4.62	10.35	10.5	6.12	8.93	5.93	
1604.0	98.0	15.0	15.0	9.6	7.75	10.32	9.6	5.81	3.57	5.96	10.1	8.87	9.78	10.12	7.5	5.85	3.59	8.0	10.49	7.95	6.37	5.573280725623398	
1605.0	79.0	7.0	7.0	7.13	6.96	5.34	7.91	9.72	10.12	7.5	4.18	9.12	9.84	4.39	10.03	5.27	6.22	7.57	6.6	5.25	6.63	7.69	
1606.0	90.0	4.0	4.0	5.31	8.23	7.9	10.23	8.13	9.28	7.94	9.27	5.06	4.84	9.67	9.96	9.38	5.65	6.44	9.11	4.83	6.45	7.29	
1607.0	92.0	10.0	10.0	4.96	8.63	3.6	4.93	7.28	7.52	4.83	7.83	10.05	3.78	5.47	4.36	7.71	7.19	8.76	9.25	3.64	9.96	8.48	
1608.0	62.0	7.0	7.0	10.18	8.86	3.95	6.9	8.79	8.57	9.6	7.25	9.85	7.8	4.61	5.39	7.33	10.17	5.18	5.35	7.92	9.9	6.51	
1609.0	98.0	15.0	15.0	6.03	7.9	4.55	9.43	6.64	10.33	9.36	6.96	3.52	9.34	3.8	9.71	5.71	6.51	9.4	4.61	7.45	6.8	4.22	
1610.0	58.0	11.0	11.0	5.74	6.99	10.43	9.45	5.71	10.07	9.47	4.57	5.87	3.67	3.72	7.98	4.8	9.65	9.19	5.94	4.4	8.14	4.59	
1611.0	41.0	15.0	15.0	5.28	9.93	6.39	4.64	4.43	8.42	8.6	5.13	6.58	6.86	5.06	9.37	7.36	8.83	3.82	5.04	8.61	10.49	7.35	
1612.0	76.0	6.0	6.0	4.32	6.2	7.11	5.75	9.06	8.22	8.8	5.84	4.62	4.46	3.73	6.82	6.55	6.97	9.15	7.38	10.01	9.65	8.64	
1613.0	30.0	14.0	14.0	3.85	4.95	6.13	6.89	7.21	8.2	6.41	5.62	3.62	8.89	8.29	3.52	7.39	5.42	7.33	5.58	9.95	4.55	9.1	
1614.0	89.0	14.0	14.0	9.71	10.47	4.59	5.28	5.48	3.84	9.33	10.25	4.07	3.8	5.1	8.08	6.8	4.86	10.45	9.55	8.47	9.12	4.29	
1615.0	34.0	14.0	14.0	5.58	4.81	5.0	7.42	4.19	3.7	4.15	5.3	6.76	9.95	8.86	10.03	5.83	3.74	6.44	7.48	10.31	6.73	7.93	
1616.0	57.0	14.0	14.0	6.46	4.32	8.9	7.22	4.26	7.8	5.27	4.56	7.74	7.98	9.98	4.33	6.1	6.42	6.58	7.69	6.49	4.14	10.2	
1617.0	72.0	11.0	11.0	8.18	9.02	5.91	5.72	5.6	8.71	4.97	9.31	7.02	5.4	3.62	4.41	7.1	9.2	8.29	10.28	6.56	9.21	9.95	
1618.0	96.0	15.0	15.0	10.49	9.94	9.78	5.36	9.83	5.84	9.52	5.56	9.81	5.22	9.66	8.93	8.34	4.54	5.67	9.47	10.18	9.76775496268495	7.804909155880903	
1619.0	47.0	15.0	15.0	9.69	8.6	8.92	6.92	9.66	3.95	9.75	7.47	9.62	3.69	3.84	4.84	8.34	5.32	8.3	8.57	9.62	8.7	4.12	
1620.0	100.0	14.0	14.0	4.52	8.76	4.59	4.1	7.27	7.62	10.42	10.14	7.88	5.55	3.86	6.27	4.39	8.15	6.28	9.51	8.7	9.36	5.05	
1621.0	88.0	4.0	4.0	9.34	5.78	3.68	9.47	8.9	5.94	10.06	8.7	6.57	4.2	6.51	6.17	3.7	6.19	3.97	8.94	5.84	3.99	5.27	
1622.0	100.0	14.0	14.0	6.65	7.66	7.74	3.56	9.92	3.95	8.92	10.08	6.9	10.2	9.5	8.06	4.92	8.15	6.77	6.88	6.67	5.17	10.18	
1623.0	57.0	14.0	14.0	5.43	8.83	5.59	4.85	4.11	9.56	4.29	4.4	9.96	6.18	9.14	9.19	4.46	4.93	6.52	7.55	5.79	9.74	3.56	
1624.0	63.0	15.0	15.0	3.97	8.59	8.76	6.13	8.42	8.19	8.03	9.2	5.08	5.2	10.38	8.27	8.73	3.56	4.74	6.56	6.18	8.06	6.24	
1625.0	14.0	13.0	13.0	6.99	7.36	8.49	7.84	3.73	8.76	4.87	3.91	5.86	3.62	8.16	3.69	3.68	5.21	5.35	7.22	6.31	6.1	5.79	
1626.0	47.0	15.0	15.0	6.57	4.88	4.16	3.88	8.17	5.52	6.15	7.19	4.34	10.45	4.21	7.4	5.24	10.31	7.71	8.83	8.08	6.39	9.74	
1627.0	93.0	4.0	4.0	7.69	10.27	7.0	5.02	9.93	4.13	7.56	6.26	4.56	6.73	6.1	9.27	8.29	7.45	9.84	6.43	10.1	8.61	5.36	
1628.0	96.0	15.0	15.0	8.59	7.82	10.09	3.99	10.23	3.79	3.72	5.67	9.46	9.17	3.92	4.2	9.21	7.76	4.01	10.46	9.96	6.1	4.03	
1629.0	55.0	6.0	6.0	4.78	9.83	9.04	4.36	9.1	6.0	8.2	3.82	5.04	8.48	9.17	3.69	7.05	7.14	7.48	8.85	8.92	8.64	6.43	
1630.0	77.0	8.0	8.0	6.27	10.32	7.66	9.5	7.98	4.23	7.6	8.36	3.67	9.66	4.24	5.48	9.15	6.07	5.82	6.73	5.94	9.3	3.85	
1631.0	97.0	9.0	9.0	6.94	8.47	5.16	7.98	9.45	8.8	5.15	5.48	4.2	9.15	3.94	8.93	3.73	9.44	10.15	10.25	4.46	5.2	7.49	
1632.0	22.0	6.0	6.0	5.58	7.07	4.4	8.53	6.13	8.29	9.78	3.79	7.14	5.76	5.83	9.02	9.29	8.12	6.1	9.04	8.87	5.66	6.13	
1633.0	88.0	4.0	4.0	8.51	9.89	7.54	9.75	6.87	5.1	6.2	8.06	4.6	6.68	7.06	9.28	8.5	10.32	4.77	9.79	5.28	5.93	4.01	
1634.0	98.0	15.0	15.0	7.78	9.16	10.11	9.57	7.33	10.21	4.76	5.31	6.14	6.34	3.6	6.22	6.76	5.96	10.38	3.55	6.72	7.33	3.65	
1635.0	93.0	4.0	4.0	7.64	3.97	7.62	9.89	6.9	4.13	3.82	8.2	5.7	5.63	7.74	5.62	7.23	7.23	3.97	8.41	7.56	6.75	9.88	
1636.0	93.0	4.0	4.0	3.87	10.02	8.16	4.09	4.48	7.62	5.23	5.78	9.14	6.43	7.58	3.95	6.39	9.75	5.29	10.11	7.13	7.21	3.72	
1637.0	59.0	9.0	9.0	5.19	7.88	3.98	6.43	6.2	10.03	6.69	8.82	9.57	6.76	10.48	4.51	5.41	6.37	4.98	6.31	6.7	7.66	4.9	
1638.0	62.0	7.0	7.0	8.29	4.53	10.24	4.12	6.2	10.22	10.48	10.06	10.12	10.48	7.84	4.91	5.08	7.06	7.64	8.9	5.73	9.64	1.1225486753805654	
1639.0	86.0	15.0	15.0	4.36	7.25	5.75	8.31	3.59	7.51	7.96	3.88	9.52	4.36	9.56	9.23	4.22	4.48	9.74	5.99	8.15	3.82	4.6	
1640.0	89.0	14.0	14.0	4.5	8.05	10.01	5.45	10.49	6.31	5.3	5.19	5.24	4.62	9.38	8.06	3.63	4.15	4.21	4.21	10.11	6.18	4.73	
1641.0	24.0	14.0	14.0	6.7	9.65	7.55	3.95	10.5	5.4	5.47	6.42	5.69	9.92	3.76	6.04	9.73	7.03	9.33	10.09	5.66	8.78	5.85	
1642.0	84.0	12.0	12.0	7.15	7.14	9.11	4.05	6.21	5.3	10.35	10.01	6.16	3.66	9.64	7.33	9.56	9.18	5.95	6.43	6.44	9.7	7.51	
1643.0	65.0	11.0	11.0	8.18	6.93	8.43	4.56	7.32	3.91	3.73	6.22	8.72	8.08	9.27	9.9	9.74	4.23	5.88	4.88	6.47	4.17	8.54	
1644.0	35.0	10.0	10.0	8.63	6.75	5.27	6.19	9.23	10.45	6.37	10.28	5.33	5.73	5.61	7.24	5.2	8.67	4.15	5.52	4.89	3.81	5.23	
1645.0	43.0	13.0	13.0	8.68	7.64	8.35	5.82	8.74	9.8	8.29	6.63	5.75	9.88	8.36	8.97	7.91	10.08	3.64	3.6	9.74	7.84	2.927045152990018	
1646.0	55.0	6.0	6.0	4.9	6.19	4.99	6.35	5.14	6.86	10.26	4.4	3.86	8.46	3.99	5.91	9.0	7.68	6.48	6.35	3.6	7.78	4.21	
1647.0	71.0	11.0	11.0	10.18	8.93	5.78	9.15	5.27	5.1	10.32	4.79	7.74	3.74	6.27	10.15	9.54	5.33	4.42	7.67	10.31	8.82	6.78	
1648.0	70.0	11.0	11.0	4.93	9.79	8.42	10.04	5.79	10.49	3.8	6.77	7.29	4.85	3.65	6.93	8.03	10.16	8.15	6.6	5.86	4.51	8.28	
1649.0	87.0	5.0	5.0	6.42	8.57	6.87	5.52	9.42	3.75	3.81	8.22	9.83	6.27	5.03	5.7	7.51	9.36	3.82	7.39	10.17	8.27	6.54	
1650.0	91.0	9.0	9.0	8.05	8.24	9.58	9.74	8.58	3.81	6.2	3.97	4.73	6.17	6.95	7.87	8.91	4.52	5.65	10.05	8.81	4.5	6.75	
1651.0	72.0	11.0	11.0	7.82	6.66	3.78	5.3	4.31	9.1	7.93	4.62	7.63	8.12	7.68	6.45	6.21	3.8	10.14	9.28	7.72	4.85	6.25	
1652.0	68.0	5.0	5.0	6.72	9.71	9.28	9.72	10.32	4.66	5.3	7.49	7.19	8.8	7.89	9.29	10.42	6.11	6.38	10.4	5.66	6.45	10.115236914881208	
1653.0	83.0	5.0	5.0	9.62	6.73	6.04	4.0	3.98	3.87	9.05	4.57	4.38	7.52	6.22	3.7	5.27	4.97	8.75	7.17	6.39	5.69	5.1	
1654.0	100.0	14.0	14.0	5.63	10.01	6.62	10.19	7.6	5.3	7.98	4.0	8.33	6.53	6.54	10.22	7.34	7.45	5.72	6.97	6.79	5.8	7.27	
1655.0	69.0	12.0	12.0	4.47	5.9	5.82	4.04	7.14	9.07	7.61	3.51	10.41	8.78	5.06	5.7	7.83	5.04	10.16	7.73	3.58	7.73	4.39	
1656.0	58.0	11.0	11.0	9.84	8.84	4.49	6.95	4.98	10.21	3.83	10.15	4.75	5.86	10.29	5.52	5.52	5.06	4.35	5.34	5.26	5.9	10.18	
1657.0	89.0	14.0	14.0	6.22	9.36	10.19	5.08	10.25	4.9	5.27	6.73	9.15	9.02	4.21	8.57	4.24	6.59	5.05	9.49	5.5	3.76	4.78	
1658.0	74.0	1.0	1.0	8.53	10.06	6.95	10.47	4.37	4.25	8.2	9.37	7.93	3.52	5.11	4.95	10.28	6.75	6.31	9.66	9.65	3.51	9.1	
1659.0	32.0	14.0	14.0	6.08	4.59	5.05	5.81	8.65	6.83	4.36	4.14	7.87	6.89	7.56	8.34	9.84	6.17	9.2	9.73	10.09	7.09	8.05	
1660.0	48.0	13.0	13.0	10.35	5.99	10.24	10.4	4.2	6.76	9.04	3.87	8.29	6.77	3.75	7.96	7.76	8.07	9.62	3.68	8.61	8.37	8.4	
1661.0	94.0	13.0	13.0	10.35	9.61	9.19	4.02	5.22	8.51	10.05	10.24	4.98	8.44	7.64	5.94	7.69	4.91	7.39	8.74	3.65	10.04	5.02	
1662.0	79.0	7.0	7.0	6.42	7.89	8.0	5.67	4.13	8.56	5.72	5.89	9.05	3.96	4.11	5.68	6.52	4.34	9.69	5.95	5.14	5.53	10.44	
1663.0	61.0	12.0	12.0	6.0	5.93	6.84	9.31	8.78	9.48	5.51	6.67	6.36	6.69	7.18	5.97	7.57	5.45	7.42	4.99	9.42	8.53	7.32	
1664.0	41.0	15.0	15.0	7.63	5.55	5.2	6.06	7.88	9.37	7.44	8.95	10.22	8.47	6.57	7.79	4.85	8.84	6.63	6.7	6.43	7.91	10.07	
1665.0	61.0	12.0	12.0	9.31	9.0	7.82	7.08	4.16	5.61	4.71	8.29	9.15	8.02	8.14	7.31	9.1	7.32	8.63	7.87	9.58	3.6	6.41	
1666.0	88.0	4.0	4.0	8.95	9.29	7.19	6.71	6.73	4.95	7.59	10.02	4.23	9.33	5.65	4.09	6.04	6.29	9.6	4.18	8.6	4.9	5.32	
1667.0	49.0	12.0	12.0	10.1	8.08	7.32	9.33	4.06	7.66	8.08	8.46	7.54	5.97	7.97	8.33	8.49	8.69	5.69	5.03	9.75	7.79	4.298052805580102	
1668.0	90.0	4.0	4.0	8.75	3.83	6.67	7.16	9.41	6.58	8.73	5.01	6.63	5.72	4.26	9.49	4.22	7.23	5.97	10.19	7.26	7.42	6.28	
1669.0	99.0	12.0	12.0	6.3	7.26	3.62	6.92	8.39	9.46	4.54	6.18	3.57	8.4	4.87	5.9	4.24	5.58	5.28	6.05	5.51	4.86	8.48	
1670.0	73.0	13.0	13.0	3.73	9.44	4.71	6.69	9.18	9.41	5.86	6.3	10.07	3.87	10.1	9.13	5.26	10.23	9.24	5.12	9.71	10.01	0.49995648714810725	
1671.0	43.0	13.0	13.0	10.07	9.24	7.69	8.32	9.54	7.89	4.99	3.78	5.64	4.38	8.13	9.64	8.38	8.14	4.45	8.23	7.04	5.52	9.81	
1672.0	99.0	12.0	12.0	6.57	9.32	7.38	3.55	7.4	7.73	8.95	8.39	7.46	3.75	9.65	9.94	4.17	5.45	6.09	3.76	9.43	10.46	6.2	
1673.0	72.0	11.0	11.0	9.97	6.09	6.23	5.29	10.36	8.99	4.16	3.85	8.6	9.33	4.52	7.31	9.07	10.5	8.61	9.07	5.25	7.52	7.13	
1674.0	94.0	13.0	13.0	5.2	4.08	8.27	4.37	5.45	4.94	9.88	5.95	9.07	8.44	8.69	3.53	9.39	6.62	7.52	4.66	6.76	9.85	6.27	
1675.0	72.0	11.0	11.0	5.23	6.85	9.92	8.18	7.41	9.29	6.58	8.76	5.9	5.06	7.32	10.07	3.79	4.83	5.23	3.6	4.13	6.22	4.39	
1676.0	100.0	14.0	14.0	7.36	4.55	7.89	7.8	9.2	3.93	3.82	9.96	8.75	10.05	4.45	5.36	3.55	9.9	6.32	9.23	7.64	4.08	4.16	
1677.0	78.0	8.0	8.0	9.98	9.16	8.69	5.8	5.59	7.38	8.41	4.03	5.91	7.36	10.31	7.91	4.0	6.04	5.57	4.26	9.32	7.71	7.11	
1678.0	95.0	8.0	8.0	9.47	3.91	4.95	6.5	8.98	3.95	6.72	6.06	9.3	10.3	6.17	8.6	5.24	10.21	9.75	5.68	6.01	9.0	6.88	
1679.0	71.0	11.0	11.0	4.23	6.88	3.6	4.7	10.43	3.6	9.48	10.13	6.12	6.89	5.27	7.9	5.2	4.09	7.55	9.3	7.34	10.05	7.09	
1680.0	49.0	12.0	12.0	7.57	5.68	5.4	6.55	5.82	10.12	6.72	9.88	9.52	6.93	7.98	8.86	5.0	4.48	3.98	10.29	3.67	8.69	8.76	
1681.0	83.0	5.0	5.0	6.09	5.83	3.68	8.53	5.29	9.38	3.61	4.11	8.47	6.85	3.55	4.67	5.85	9.93	9.78	7.37	6.05	4.53	4.26	
1682.0	82.0	6.0	6.0	7.48	4.42	6.85	7.64	8.51	8.88	3.88	6.11	7.83	9.16	9.64	4.01	6.5	4.07	9.72	6.31	6.01	6.64	6.14	
1683.0	93.0	4.0	4.0	7.38	3.6	5.83	4.22	10.41	4.48	5.76	10.29	6.79	7.18	5.56	9.03	7.93	8.43	9.81	7.77	8.79	9.0	9.42	
1684.0	69.0	12.0	12.0	7.48	4.33	9.56	10.09	7.63	8.48	3.95	6.36	4.63	6.36	10.14	5.75	10.0	4.35	6.62	8.26	5.74	5.58	5.21	
1685.0	92.0	10.0	10.0	4.36	5.9	8.3	9.4	4.48	4.07	8.15	9.43	5.77	7.89	3.71	5.14	6.84	6.77	7.16	5.92	4.46	7.69	8.61	
1686.0	82.0	6.0	6.0	8.03	9.63	4.4	4.2	9.73	9.87	9.42	9.43	5.06	6.99	9.59	9.82	9.49	10.13	3.53	4.82	6.11	7.89	2.9602653876845477	
1687.0	84.0	12.0	12.0	3.57	5.09	6.51	5.9	4.46	4.96	4.71	5.47	6.85	8.13	4.08	6.51	8.14	4.45	4.9	8.49	5.15	5.17	7.53	
1688.0	81.0	3.0	3.0	8.8	5.66	7.56	9.76	7.89	7.58	6.06	8.49	7.31	3.83	7.16	10.05	7.12	9.37	8.98	5.87	5.96	5.2	8.78	
1689.0	32.0	14.0	14.0	7.93	8.5	4.37	10.28	6.54	3.59	6.49	6.64	7.53	3.76	4.97	9.29	7.52	7.75	9.83	4.05	8.79	5.3	6.88	
1690.0	63.0	15.0	15.0	9.41	3.74	9.21	4.46	3.83	7.26	4.91	7.21	8.99	5.74	3.64	7.73	6.02	5.92	4.04	3.69	6.95	9.5	7.01	
1691.0	69.0	12.0	12.0	8.27	6.38	6.23	6.12	4.99	10.37	5.24	6.25	7.38	3.62	9.69	4.57	8.76	4.39	6.7	4.5	4.26	8.15	5.03	
1692.0	96.0	15.0	15.0	7.25	9.99	10.08	10.16	8.97	9.05	10.13	9.33	4.69	7.02	3.9	10.41	9.99	5.19	5.86	7.6	6.56	4.83	1.3696458615736216	
1693.0	78.0	8.0	8.0	5.68	7.58	4.45	7.76	9.52	9.9	9.4	9.06	4.47	8.21	10.47	10.2	6.1	5.91	5.37	4.5	9.84	4.67	4.26	
1694.0	95.0	8.0	8.0	10.06	4.37	8.0	3.92	5.56	6.09	4.5	8.58	3.83	3.6	4.91	9.92	7.45	9.57	9.76	10.19	3.86	5.3	3.84	
1695.0	71.0	11.0	11.0	4.15	10.37	6.93	3.52	7.05	9.1	4.89	7.74	10.45	9.01	9.18	3.81	8.62	4.82	8.83	8.37	4.47	5.9	7.08	
1696.0	96.0	15.0	15.0	7.8	6.34	4.37	4.91	9.93	7.38	8.61	4.07	7.58	5.17	8.8	8.5	6.83	3.53	9.81	8.76	5.16	7.33	7.9	
1697.0	23.0	7.0	7.0	6.53	7.73	7.75	9.84	4.32	9.49	10.44	10.38	7.61	8.65	6.52	9.87	5.54	5.02	7.47	8.27	10.21	7.05	1.185951801368092	
1698.0	43.0	13.0	13.0	9.5	9.15	5.22	4.36	6.69	10.24	8.77	6.21	9.2	4.02	10.32	5.27	4.76	7.14	7.94	9.01	6.9	4.86	8.28	
1699.0	66.0	12.0	12.0	8.17	5.3	7.22	3.61	6.01	9.35	5.4	10.29	4.76	7.44	3.99	5.12	8.72	8.64	3.69	7.21	8.04	5.52	6.83	
1700.0	81.0	3.0	3.0	5.41	7.56	4.57	9.81	5.4	3.89	9.37	10.34	4.68	6.73	9.23	10.1	5.36	9.95	7.65	7.25	8.31	9.73	7.07	
1701.0	82.0	6.0	6.0	9.79	7.81	7.44	10.38	9.73	9.85	7.63	5.27	9.96	5.5	7.37	4.44	7.18	6.51	10.28	7.69	6.79	9.18	7.254656885844364	
1702.0	77.0	8.0	8.0	3.53	8.4	4.29	10.38	5.9	5.16	4.51	4.53	5.1	5.21	9.19	3.91	5.63	4.34	7.28	10.02	4.0	4.98	4.33	
1703.0	70.0	11.0	11.0	4.4	8.28	5.4	5.56	6.74	9.11	8.98	9.75	6.34	5.47	8.33	7.31	3.93	4.42	9.85	5.48	7.4	5.27	10.34	
1704.0	60.0	3.0	3.0	3.61	6.4	4.09	8.22	8.02	10.12	6.63	7.54	10.5	5.11	6.28	9.41	9.36	5.07	9.09	6.08	9.53	8.38	4.34	
1705.0	99.0	12.0	12.0	8.03	8.2	4.03	5.84	10.05	6.37	6.18	9.4	8.15	3.61	10.39	9.75	8.34	8.32	3.62	10.3	5.11	9.88	9.7	
1706.0	81.0	3.0	3.0	9.67	5.09	8.63	6.2	4.08	7.69	4.96	9.07	3.6	8.09	7.73	6.61	4.57	9.01	8.45	3.54	8.57	7.5	10.49	
1707.0	90.0	4.0	4.0	7.27	7.66	5.03	7.45	10.23	4.03	9.97	10.0	4.88	5.42	4.25	9.65	8.47	7.71	10.29	9.03	9.8	4.97	5.0	
1708.0	18.0	2.0	2.0	7.36	8.57	8.42	9.76	5.67	10.34	5.75	7.07	6.78	7.16	3.67	4.94	6.59	9.39	9.08	4.41	7.67	5.73	3.53	
1709.0	70.0	11.0	11.0	9.18	7.42	9.3	10.14	3.51	4.85	7.28	4.22	7.99	4.28	10.43	4.76	5.95	4.31	7.07	7.63	7.92	7.93	4.94	
1710.0	23.0	7.0	7.0	5.46	5.05	9.37	7.57	8.89	9.67	8.22	8.15	9.56	6.07	6.65	5.53	5.28	5.89	9.1	5.59	5.91	9.3	4.83	
1711.0	91.0	9.0	9.0	7.03	4.1	8.07	5.68	8.18	4.57	9.39	4.24	7.31	7.61	8.48	5.71	4.22	5.66	8.96	9.35	5.65	9.81	5.79	
1712.0	89.0	14.0	14.0	7.56	7.53	5.98	5.72	7.07	9.76	6.12	7.24	3.89	9.76	4.93	5.07	7.18	8.94	6.3	3.58	5.69	5.97	4.04	
1713.0	73.0	13.0	13.0	5.13	5.21	7.9	9.1	6.91	6.95	6.55	5.64	8.18	5.48	7.89	6.5	7.01	5.76	6.02	7.34	7.23	6.99	6.47	
1714.0	89.0	14.0	14.0	9.86	3.97	6.53	6.55	8.52	4.58	7.06	5.98	7.42	4.09	10.48	4.53	8.04	8.17	4.67	10.13	9.95	9.06	10.44	
1715.0	85.0	3.0	3.0	10.14	6.82	4.12	3.91	3.86	9.61	3.97	9.35	5.45	7.69	4.17	9.37	9.13	7.33	6.69	6.66	4.99	5.91	4.68	
1716.0	24.0	14.0	14.0	6.95	7.94	4.05	3.66	3.98	5.26	4.16	6.85	6.55	9.81	8.63	9.89	9.18	7.49	5.63	9.49	6.77	6.71	7.54	
1717.0	85.0	3.0	3.0	5.2	8.01	9.57	3.65	4.67	6.05	5.7	5.56	8.6	10.02	4.24	3.79	5.33	5.16	6.62	7.04	9.13	5.4	4.35	
1718.0	38.0	5.0	5.0	4.31	6.54	5.88	9.35	6.65	8.44	9.6	9.68	9.92	7.05	7.03	4.88	5.31	8.5	5.45	5.09	8.85	6.34	7.48	
1719.0	92.0	10.0	10.0	4.95	8.9	8.5	4.24	9.94	3.89	6.35	9.25	8.82	4.44	9.08	10.23	10.49	7.65	8.68	4.76	8.77	6.57	8.8	
1720.0	71.0	11.0	11.0	5.43	5.13	4.51	10.28	4.92	9.27	3.75	4.9	7.71	10.0	5.69	4.05	10.47	4.28	4.7	8.77	4.4	6.3	3.65	
1721.0	82.0	6.0	6.0	9.06	4.52	5.11	9.87	8.32	8.26	5.58	5.48	9.42	9.78	7.51	9.6	7.32	6.35	6.54	9.98	7.11	4.97	7.01	
1722.0	90.0	4.0	4.0	4.24	8.28	4.53	4.33	3.65	5.75	7.09	4.17	8.55	9.33	6.29	4.71	10.22	6.65	5.36	8.21	6.2	8.3	5.56	
1723.0	85.0	3.0	3.0	4.09	8.45	9.17	9.89	9.22	10.45	7.24	5.35	8.34	6.42	6.43	6.15	4.97	4.78	8.09	7.88	4.84	5.49	5.0	
1724.0	37.0	5.0	5.0	5.55	9.87	8.45	4.54	4.06	4.66	4.31	4.28	10.26	4.45	9.97	3.52	5.62	9.01	7.74	3.63	4.38	8.34	6.65	
1725.0	96.0	15.0	15.0	9.25	7.81	8.4	5.44	8.27	7.55	6.86	3.87	4.11	4.38	6.67	5.78	7.23	5.58	6.86	5.95	10.23	9.62	7.24	
1726.0	100.0	14.0	14.0	5.99	6.35	7.83	4.67	7.23	5.95	4.24	6.88	7.53	7.19	4.05	10.07	6.4	8.08	8.46	9.05	7.75	3.98	4.6	
1727.0	69.0	12.0	12.0	7.26	5.07	7.66	8.75	5.03	9.9	7.07	4.19	9.05	6.49	5.26	9.25	7.32	10.0	7.68	9.63	4.0	4.19	8.96	
1728.0	61.0	12.0	12.0	4.59	8.08	3.72	4.82	5.38	10.16	8.49	6.83	4.2	7.59	5.01	8.75	6.03	4.71	10.47	6.22	8.76	4.56	10.48	
1729.0	83.0	5.0	5.0	10.14	5.53	9.25	10.11	4.14	7.01	10.4	6.13	7.48	4.3	10.36	8.92	6.41	7.47	8.49	5.26	9.95	6.19	7.39	
1730.0	60.0	3.0	3.0	5.9	4.69	8.63	9.24	4.36	6.16	3.52	8.64	7.43	6.79	10.08	4.83	10.08	4.5	10.02	4.99	4.68	7.88	7.83	
1731.0	79.0	7.0	7.0	6.89	7.85	10.38	7.15	4.88	5.48	9.15	6.03	10.24	4.54	7.1	5.83	10.02	6.28	5.07	5.9	4.07	4.8	9.59	
1732.0	83.0	5.0	5.0	9.64	6.24	9.52	8.7	8.84	7.57	7.91	4.27	4.72	6.44	9.43	8.08	5.8	5.35	5.35	6.31	9.6	6.32	6.94	
1733.0	98.0	15.0	15.0	9.18	4.32	9.26	9.15	5.21	7.09	4.74	10.14	7.92	10.12	9.99	10.18	5.67	8.87	7.88	6.37	6.15	7.28	2.5026030731332476	
1734.0	51.0	2.0	2.0	3.79	4.3	9.56	7.42	5.15	6.79	6.36	3.58	8.55	3.65	10.1	3.95	6.2	9.67	4.88	9.18	9.72	8.88	8.11	
1735.0	89.0	14.0	14.0	6.27	10.47	9.22	6.66	6.2	7.49	6.78	9.95	8.93	4.62	3.69	4.46	7.2	8.58	3.77	9.97	3.98	5.67	5.49	
1736.0	91.0	9.0	9.0	6.8	9.84	10.36	8.36	5.98	8.4	8.71	7.42	3.64	9.12	4.41	3.53	9.23	4.85	5.15	6.31	9.52	7.47	7.57	
1737.0	84.0	12.0	12.0	9.98	5.29	5.8	9.08	9.45	9.21	6.67	7.76	7.96	7.75	6.47	6.81	6.05	4.76	3.56	8.7	4.53	6.25	10.3	
1738.0	82.0	6.0	6.0	9.74	5.19	4.42	6.85	9.79	5.82	3.9	7.65	8.31	8.72	5.24	3.94	8.55	7.49	3.75	5.22	6.48	8.91	4.38	
1739.0	69.0	12.0	12.0	5.58	10.09	7.19	8.11	5.61	4.43	3.68	10.08	10.44	4.01	10.12	10.17	9.88	4.98	9.1	7.61	9.01	6.35	7.69	
1740.0	69.0	12.0	12.0	4.12	7.49	6.0	9.13	3.62	9.39	9.64	9.16	6.34	9.76	3.89	8.05	9.18	9.91	3.59	6.06	5.2	7.78	6.62	
1741.0	88.0	4.0	4.0	10.04	6.24	8.95	5.54	7.73	4.12	4.79	7.36	3.87	9.77	9.11	6.45	9.8	9.42	6.17	4.49	8.99	5.9	7.48	
1742.0	84.0	12.0	12.0	9.48	3.64	7.55	9.4	8.24	6.72	8.13	7.85	7.89	9.07	8.55	10.33	9.27	7.64	4.86	5.35	5.5	9.61	1.7509609001322908	
1743.0	88.0	4.0	4.0	7.04	4.59	7.18	3.69	4.02	3.77	4.55	9.24	3.64	4.6	5.3	9.11	9.84	7.15	9.1	7.46	4.97	10.39	10.4	
1744.0	92.0	10.0	10.0	4.1	7.26	8.7	5.13	7.44	7.69	7.46	6.07	8.22	8.97	4.97	8.97	6.92	9.71	9.99	8.04	7.29	5.3	10.48	
1745.0	100.0	14.0	14.0	6.39	9.48	3.61	9.39	8.97	4.68	3.64	9.23	7.33	7.89	8.48	3.89	4.84	5.44	7.79	9.0	8.51	10.17	9.08	
1746.0	15.0	11.0	11.0	10.26	6.71	5.38	10.2	9.09	10.27	9.25	10.14	10.27	4.62	5.32	9.65	8.45	8.1	6.65	6.59	9.05	8.762066510986939	2.7576469922817997	
1747.0	70.0	11.0	11.0	6.39	6.98	10.43	7.48	9.18	9.19	7.25	4.3	9.63	8.67	6.31	6.59	9.57	4.08	4.1	10.1	9.38	7.17	8.52	
1748.0	38.0	5.0	5.0	7.08	7.49	8.86	8.89	6.14	8.63	4.06	6.99	8.06	7.68	6.07	5.8	9.61	6.87	6.87	10.21	7.76	10.38	4.45	
1749.0	1.0	11.0	11.0	10.15	8.61	10.13	4.38	8.72	5.94	8.62	3.8	6.64	3.7	10.24	8.72	5.89	6.4	9.39	10.5	7.63	5.67	9.74	
1750.0	83.0	5.0	5.0	6.12	5.78	4.77	8.47	6.34	5.3	4.91	6.65	7.21	6.94	8.07	4.91	5.15	3.84	9.52	5.65	7.79	7.04	6.45	
1751.0	31.0	8.0	8.0	9.21	4.1	5.62	4.22	6.73	6.19	9.25	5.87	7.5	9.33	5.89	6.66	3.84	6.06	6.44	3.57	9.72	10.06	7.95	
1752.0	89.0	14.0	14.0	9.49	8.97	4.16	8.29	4.41	6.37	6.64	5.31	4.87	3.8	5.01	7.65	6.4	4.31	4.53	10.47	9.3	4.56	3.85	
1753.0	40.0	11.0	11.0	9.86	6.89	7.82	8.01	5.09	6.13	7.58	10.41	8.57	7.46	9.11	8.99	4.75	3.8	5.93	8.39	6.25	7.81	6.57	
1754.0	86.0	15.0	15.0	6.03	8.28	8.72	7.56	7.89	4.95	7.09	3.57	8.51	9.18	7.14	7.38	8.21	7.09	6.02	9.93	8.06	5.77	4.94	
1755.0	8.0	15.0	15.0	9.96	3.64	4.41	7.47	7.9	4.88	9.15	7.61	3.51	3.85	6.87	7.44	6.19	3.56	6.86	10.18	8.43	5.59	9.34	
1756.0	72.0	11.0	11.0	8.02	7.06	4.33	3.79	3.73	10.41	9.59	3.71	7.48	3.99	7.07	10.02	5.62	7.37	4.68	8.72	8.01	9.2	3.75	
1757.0	21.0	9.0	9.0	6.8	10.24	9.16	4.7	5.11	5.52	10.09	5.65	10.18	7.07	7.76	7.1	7.06	4.09	7.68	5.81	4.93	3.8	4.68	
1758.0	86.0	15.0	15.0	9.59	7.25	6.09	5.92	5.56	8.5	3.54	10.29	8.3	10.4	4.46	5.83	4.05	10.09	5.51	5.45	7.1	9.32	9.54	
1759.0	97.0	9.0	9.0	3.6	8.42	7.9	8.79	6.11	5.97	5.08	7.77	5.65	7.41	7.29	8.07	8.01	6.77	10.26	5.81	5.67	4.34	9.41	
1760.0	77.0	8.0	8.0	8.33	6.67	8.54	4.34	6.08	8.96	7.46	9.18	5.31	6.04	7.69	5.17	8.01	4.23	5.08	10.23	7.34	8.78	4.52	
1761.0	68.0	5.0	5.0	4.81	6.15	4.42	9.91	4.39	8.99	4.36	6.68	5.93	10.29	9.31	5.81	10.38	6.27	9.86	8.26	7.41	8.88	4.97	
1762.0	88.0	4.0	4.0	6.21	10.13	10.34	5.3	5.26	4.01	6.79	3.7	6.44	8.03	8.58	4.05	6.15	7.22	4.55	8.97	7.05	4.92	4.46	
1763.0	99.0	12.0	12.0	8.44	7.56	9.01	6.5	9.49	9.6	8.4	8.74	5.38	5.31	8.79	6.82	7.85	3.53	10.02	9.48	8.31	4.12	9.59	
1764.0	55.0	6.0	6.0	4.81	10.25	3.87	6.25	6.15	6.94	5.21	9.81	9.66	10.5	5.11	8.11	8.9	3.94	6.79	10.03	5.57	8.91	7.39	
1765.0	43.0	13.0	13.0	9.74	7.8	3.83	6.25	9.95	8.84	3.95	3.89	8.4	9.93	6.26	7.31	4.84	5.67	4.95	9.18	9.58	8.96	4.64	
1766.0	97.0	9.0	9.0	10.11	10.23	5.53	8.49	5.34	6.94	3.53	4.12	3.81	4.45	8.44	6.82	9.96	9.14	7.45	6.52	7.71	8.07	5.6	
1767.0	87.0	5.0	5.0	4.69	8.72	9.6	8.95	7.93	5.45	9.4	6.58	5.59	7.41	7.49	8.46	9.29	7.88	8.68	10.04	6.78	8.48	9.112427923742281	
1768.0	54.0	10.0	10.0	5.11	3.68	4.68	9.77	9.67	10.14	8.75	4.86	3.8	8.12	9.87	4.72	3.75	7.87	8.71	8.73	6.71	8.92	6.23	
1769.0	57.0	14.0	14.0	3.61	6.6	5.92	9.63	9.17	3.96	6.33	5.72	5.13	6.07	6.69	5.6	8.88	9.19	9.01	8.05	5.26	6.41	8.5	
1770.0	73.0	13.0	13.0	9.24	8.03	7.51	5.88	4.61	7.73	8.95	5.01	7.47	9.11	10.11	8.16	9.78	7.76	6.46	6.74	9.52	8.47	10.386467099452519	
1771.0	69.0	12.0	12.0	8.86	4.56	3.73	6.47	5.7	7.16	5.83	5.99	7.69	5.29	7.8	10.0	6.64	5.6	4.27	8.65	7.2	8.83	5.64	
1772.0	89.0	14.0	14.0	6.64	4.51	6.62	9.66	6.37	7.75	6.29	8.37	3.71	7.31	8.38	3.56	4.21	10.11	8.77	7.73	8.54	6.38	9.51	
1773.0	75.0	8.0	8.0	9.71	8.27	5.88	6.37	7.58	4.78	8.2	6.23	5.3	6.81	7.98	9.57	4.54	6.12	8.55	4.96	4.13	3.98	7.27	
1774.0	76.0	6.0	6.0	3.89	4.05	8.21	10.39	10.45	7.9	7.23	10.35	6.43	7.31	4.46	5.48	7.24	7.37	5.91	6.61	8.03	9.34	7.59	
1775.0	80.0	3.0	3.0	8.8	7.65	10.2	4.43	6.95	5.94	5.29	6.01	9.69	6.76	7.79	5.16	9.35	7.48	6.14	6.59	8.01	4.43	7.39	
1776.0	90.0	4.0	4.0	8.71	4.05	7.21	3.84	4.92	5.57	6.05	5.07	4.31	5.47	3.63	7.42	3.63	8.98	8.92	9.01	4.45	9.74	5.33	
1777.0	70.0	11.0	11.0	7.62	5.01	5.32	6.44	6.21	5.77	4.11	4.13	3.92	8.43	6.56	4.84	3.89	10.3	3.51	8.16	8.94	10.24	7.95	
1778.0	99.0	12.0	12.0	4.5	10.01	5.78	3.66	4.32	4.62	5.27	7.71	9.12	8.34	8.92	5.56	9.04	5.3	5.94	4.09	6.0	5.47	8.25	
1779.0	65.0	11.0	11.0	10.2	7.94	7.07	6.39	4.1	6.9	7.44	5.26	9.15	9.4	6.18	6.28	3.53	9.87	9.18	7.86	7.06	9.75	3.59	
1780.0	62.0	7.0	7.0	4.25	5.29	8.69	5.09	8.92	7.98	4.2	4.82	4.1	6.46	6.46	7.69	5.19	6.61	9.67	5.42	3.81	7.91	8.14	
1781.0	77.0	8.0	8.0	7.1	4.81	5.72	6.74	8.35	9.81	9.78	5.73	10.24	9.46	9.69	8.65	8.17	4.4	4.92	5.09	6.8	10.12	10.43	
1782.0	55.0	6.0	6.0	9.51	6.5	7.9	10.31	4.65	10.29	7.99	6.53	8.16	3.62	8.77	3.64	4.22	5.43	8.89	8.53	4.59	6.71	9.17	
1783.0	59.0	9.0	9.0	4.64	8.82	9.73	8.24	5.0	5.8	7.89	4.89	4.51	4.31	7.59	8.36	9.19	6.25	9.72	5.59	9.19	4.79	4.8	
1784.0	76.0	6.0	6.0	4.56	10.33	3.81	4.2	7.37	9.43	9.82	5.98	8.19	4.57	10.46	8.78	7.12	9.04	8.42	8.76	9.3	9.57	0.38240862658700625	
1785.0	90.0	4.0	4.0	8.7	8.39	7.32	5.17	9.19	6.84	4.79	8.24	8.18	4.54	6.16	9.88	5.93	6.44	6.83	4.27	6.82	3.97	5.97	
1786.0	96.0	15.0	15.0	8.32	6.14	4.93	7.54	8.27	7.76	4.57	3.87	10.22	8.99	8.56	7.26	6.04	8.05	6.2	8.14	3.57	5.34	4.75	
1787.0	98.0	15.0	15.0	7.45	8.55	7.47	9.73	7.94	5.65	3.53	6.32	3.96	4.42	5.84	3.73	6.93	3.66	4.56	8.01	6.86	9.53	8.12	
1788.0	21.0	9.0	9.0	8.42	6.24	8.09	10.37	7.57	9.98	5.31	4.78	5.75	3.68	6.49	9.96	5.71	3.72	4.64	4.61	5.19	5.54	9.24	
1789.0	89.0	14.0	14.0	7.94	7.88	3.52	8.94	6.03	4.22	7.8	10.05	8.1	5.67	7.45	7.23	6.48	7.27	7.68	4.22	8.18	9.72	5.47	
1790.0	76.0	6.0	6.0	9.2	6.59	5.36	7.92	5.04	9.12	6.29	7.65	9.13	3.58	8.37	10.19	9.95	9.18	3.67	7.26	4.98	9.36	6.79	
1791.0	68.0	5.0	5.0	9.31	7.35	5.59	9.72	3.82	8.52	8.07	8.72	7.67	6.21	7.11	6.87	7.42	10.15	6.5	6.18	5.8	8.52	4.51	
1792.0	90.0	4.0	4.0	8.45	3.86	4.43	10.22	5.91	6.58	4.08	10.3	9.07	7.81	3.62	8.58	5.5	5.92	6.59	3.64	7.83	5.9	7.79	
1793.0	94.0	13.0	13.0	4.66	7.27	3.59	4.23	5.42	7.95	6.57	4.19	4.89	10.41	9.21	10.41	6.51	6.67	4.85	4.8	3.96	8.52	9.02	
1794.0	93.0	4.0	4.0	4.6	4.78	4.4	4.5	5.69	4.4	7.05	9.06	5.45	8.4	9.44	7.55	5.71	3.54	5.01	3.72	8.81	4.9	7.71	
1795.0	86.0	15.0	15.0	5.91	4.72	6.16	6.4	10.06	6.3	4.1	10.0	7.32	4.1	6.67	10.33	7.85	4.14	5.93	5.49	8.43	7.56	7.92	
1796.0	67.0	3.0	3.0	9.04	7.63	3.72	6.54	9.58	7.73	6.37	10.37	3.68	7.85	4.94	4.01	6.91	9.84	5.83	10.21	6.45	6.87	9.41	
1797.0	9.0	15.0	15.0	9.61	6.08	3.63	3.82	5.75	8.69	5.96	5.76	5.13	10.3	6.94	9.13	6.8	8.14	10.42	7.81	8.18	7.48	8.26	
1798.0	100.0	14.0	14.0	4.5	8.77	9.14	4.7	8.14	7.08	6.72	3.63	6.28	6.27	7.0	8.59	6.65	9.12	6.67	8.67	3.61	6.0	9.98	
1799.0	62.0	7.0	7.0	8.92	10.02	4.81	6.9	9.52	6.41	10.27	9.79	8.8	8.58	6.88	9.76	5.25	3.76	9.8	7.85	4.81	6.65	8.758979321380654	
1800.0	80.0	3.0	3.0	4.47	8.13	4.44	3.72	8.71	8.03	10.4	5.23	5.27	7.57	4.81	10.14	8.42	8.12	4.62	8.46	3.75	7.47	9.64	
1801.0	53.0	12.0	12.0	9.43	8.38	10.1	10.05	8.68	8.12	5.1	7.59	6.25	8.11	10.21	4.58	5.51	3.85	3.68	7.45	10.29	6.3	8.39	
1802.0	80.0	3.0	3.0	8.85	4.31	3.56	5.68	6.16	8.14	4.03	10.1	4.72	5.13	4.14	6.28	5.53	7.92	7.65	6.09	8.65	4.0	6.22	
1803.0	67.0	3.0	3.0	5.64	7.02	9.63	9.69	6.18	5.92	5.56	9.45	4.06	7.0	5.05	8.36	9.11	6.54	9.5	10.21	7.84	10.25	4.39	
1804.0	71.0	11.0	11.0	5.09	7.47	7.06	9.89	5.19	4.54	10.17	8.2	8.55	3.85	6.52	8.53	8.59	8.78	6.52	4.65	6.65	7.21	5.31	
1805.0	45.0	5.0	5.0	7.63	4.3	10.09	4.79	5.86	6.88	5.11	7.73	8.94	8.08	7.97	8.32	8.34	5.03	4.3	4.41	10.17	7.0	4.32	
1806.0	78.0	8.0	8.0	5.98	7.57	5.7	6.28	3.7	5.76	5.83	9.63	6.74	5.36	7.85	7.18	7.92	4.65	8.05	9.84	7.24	4.44	5.45	
1807.0	100.0	14.0	14.0	6.82	6.21	7.4	7.82	7.65	7.09	6.63	4.09	5.0	4.43	3.62	8.66	4.64	3.88	8.35	9.56	9.65	3.8	3.78	
1808.0	84.0	12.0	12.0	5.66	4.51	6.4	7.76	8.37	9.33	8.68	9.71	8.77	8.39	8.17	6.97	4.49	4.24	7.55	8.45	3.86	6.58	7.92	
1809.0	85.0	3.0	3.0	5.92	5.34	4.33	5.51	7.68	5.34	10.36	6.66	6.82	5.05	5.05	5.51	5.04	8.51	4.87	7.73	4.68	6.16	7.04	
1810.0	95.0	8.0	8.0	5.95	10.5	5.32	8.82	9.67	4.8	8.44	5.46	10.18	5.71	6.84	3.87	7.42	3.65	5.64	7.29	4.02	7.06	7.78	
1811.0	43.0	13.0	13.0	5.12	5.4	8.68	3.53	7.8	3.65	9.43	5.17	9.67	7.85	6.05	5.36	8.55	6.78	10.39	10.14	6.68	8.03	3.59	
1812.0	72.0	11.0	11.0	4.05	7.87	7.86	7.01	3.79	5.83	4.69	8.4	10.41	8.11	6.06	5.02	6.03	5.28	5.05	10.36	8.06	5.23	6.51	
1813.0	25.0	12.0	12.0	6.89	9.6	9.75	8.05	7.46	7.76	10.08	5.68	10.08	7.97	9.72	6.93	7.1	8.39	8.69	6.71	6.02	8.31	4.370326991415511	
1814.0	37.0	5.0	5.0	6.1	4.37	8.8	6.25	7.56	4.12	8.83	6.16	5.09	5.57	9.34	9.82	5.34	4.72	7.31	9.28	7.04	4.7	10.35	
1815.0	55.0	6.0	6.0	10.39	5.14	3.68	7.07	9.79	8.2	9.24	9.7	3.62	10.25	6.88	8.11	9.22	3.6	3.63	7.32	5.72	7.16	10.3	
1816.0	86.0	15.0	15.0	7.8	4.54	4.84	3.77	8.74	8.69	9.96	8.25	6.6	5.75	7.75	7.28	3.95	6.19	6.63	8.94	10.26	5.59	6.2	
1817.0	90.0	4.0	4.0	4.43	10.06	5.8	4.93	6.73	4.26	4.83	3.7	7.29	7.26	7.55	7.36	7.46	9.7	5.32	5.6	5.34	10.07	9.25	
1818.0	90.0	4.0	4.0	8.58	6.45	4.15	10.44	8.28	9.24	8.25	8.8	9.57	9.06	4.98	9.69	5.99	9.33	7.09	4.11	8.35	9.98	3.239582757431949	
1819.0	91.0	9.0	9.0	6.23	7.43	8.49	4.56	4.66	7.54	5.08	10.01	9.83	7.2	4.58	6.99	7.51	7.26	6.0	8.72	5.67	6.37	7.7	
1820.0	85.0	3.0	3.0	5.81	5.8	10.41	6.8	5.82	8.83	7.57	9.21	5.39	8.21	6.36	6.74	9.21	9.92	4.4	9.66	7.17	8.15	5.06	
1821.0	82.0	6.0	6.0	6.53	6.38	7.88	5.51	5.34	6.67	10.14	6.64	4.19	3.72	4.45	6.05	3.89	8.63	7.7	5.02	6.24	5.74	10.3	
1822.0	87.0	5.0	5.0	9.37	6.42	7.31	7.24	6.97	4.8	3.76	8.19	6.95	5.68	10.43	9.22	3.76	6.41	7.54	9.23	9.56	9.37	5.13	
1823.0	28.0	8.0	8.0	3.88	5.18	9.62	7.85	9.27	10.29	4.6	5.54	8.89	7.15	5.07	10.26	4.94	8.33	9.8	10.33	5.94	7.42	6.82	
1824.0	31.0	8.0	8.0	4.18	5.25	9.71	10.27	10.06	8.11	10.21	3.73	10.03	4.09	3.78	4.61	4.89	7.32	4.04	7.96	8.87	4.86	8.51	
1825.0	84.0	12.0	12.0	9.54	3.75	6.65	4.63	8.37	6.43	5.26	10.15	7.73	9.98	7.05	7.32	4.93	6.46	6.73	8.15	7.35	3.59	8.26	
1826.0	37.0	5.0	5.0	8.63	4.54	6.55	4.69	6.04	8.76	6.22	7.41	10.15	5.17	7.48	5.3	8.13	6.13	10.14	5.5	7.9	6.78	4.38	
1827.0	62.0	7.0	7.0	5.88	8.46	6.73	7.03	7.82	4.12	8.51	4.42	3.57	8.63	9.32	3.68	4.1	5.68	4.13	7.1	4.27	3.75	4.48	
1828.0	22.0	6.0	6.0	6.76	5.42	4.69	6.98	8.26	4.67	4.92	10.4	7.4	7.93	9.34	6.91	4.38	5.04	7.06	5.79	6.41	7.51	5.0	
1829.0	95.0	8.0	8.0	9.41	8.61	3.57	10.16	8.23	8.14	10.12	9.11	10.17	8.16	3.97	4.74	8.67	8.24	5.43	4.19	4.29	10.15	5.19	
1830.0	88.0	4.0	4.0	7.95	6.1	4.48	5.7	7.97	6.78	10.14	10.22	5.22	5.35	7.09	3.51	7.14	9.97	8.57	5.12	8.1	8.61	7.6	
1831.0	62.0	7.0	7.0	9.62	10.05	5.61	9.9	10.09	10.45	4.06	8.62	8.08	5.1	5.94	10.2	7.79	4.46	3.54	8.99	6.89	10.38	1.7540607237680832	
1832.0	86.0	15.0	15.0	6.98	9.9	4.78	4.06	7.76	6.58	7.19	9.61	5.35	5.17	5.17	5.06	7.91	10.26	8.68	7.04	6.5	3.78	5.03	
1833.0	36.0	15.0	15.0	9.99	5.06	9.16	6.68	8.19	4.1	4.16	4.07	9.9	6.76	8.66	5.84	4.01	8.96	3.91	4.24	8.56	10.21	8.05	
1834.0	75.0	8.0	8.0	9.48	7.63	5.89	9.67	6.33	8.78	9.36	4.01	5.56	6.26	9.08	9.43	8.34	4.25	5.38	3.54	8.94	6.47	5.69	
1835.0	87.0	5.0	5.0	6.06	8.31	5.0	10.2	9.38	9.7	8.97	9.9	5.2	7.73	3.57	10.05	4.9	8.02	10.34	4.71	5.94	5.11	10.25	
1836.0	91.0	9.0	9.0	5.25	9.52	6.15	7.82	6.87	7.5	5.12	5.97	8.67	6.17	7.79	8.45	7.34	6.0	7.77	9.38	6.19	8.06	7.8	
1837.0	61.0	12.0	12.0	8.05	9.66	8.91	8.04	8.49	8.76	10.41	6.02	9.32	6.85	6.28	4.14	3.58	6.47	5.87	8.3	5.95	10.16	10.2	
1838.0	100.0	14.0	14.0	8.61	3.59	9.21	3.52	8.86	9.17	6.63	3.69	4.12	8.55	7.84	10.36	8.74	5.61	5.63	10.02	5.36	6.07	7.64	
1839.0	88.0	4.0	4.0	10.01	4.32	9.16	9.83	9.12	10.35	7.78	9.02	9.23	7.49	7.59	3.56	3.97	9.08	5.85	8.01	5.27	6.28	10.26	
1840.0	38.0	5.0	5.0	9.04	4.54	4.27	3.94	3.98	10.31	5.84	9.82	8.05	3.56	8.69	6.88	6.65	5.99	10.34	4.87	10.39	7.99	6.09	
1841.0	21.0	9.0	9.0	5.1	5.72	10.24	7.74	8.72	7.71	9.87	8.56	6.79	10.11	9.18	7.19	7.86	5.71	5.89	8.63	7.92	5.99	5.104240386472963	
1842.0	85.0	3.0	3.0	3.98	6.33	4.26	4.31	7.75	8.46	8.6	8.09	4.49	8.97	8.7	5.52	10.4	4.62	4.64	6.15	9.93	8.85	5.61	
1843.0	88.0	4.0	4.0	8.28	3.64	6.48	8.27	9.9	9.14	9.94	9.27	10.28	8.17	9.55	3.95	9.27	8.43	4.92	4.93	6.21	4.42	4.06	
1844.0	78.0	8.0	8.0	6.86	8.57	6.62	6.28	8.64	10.49	10.13	10.44	3.74	5.28	6.04	9.83	6.74	9.33	5.61	8.64	5.17	8.07	8.49	
1845.0	91.0	9.0	9.0	6.62	8.96	6.18	7.04	5.42	9.64	4.32	10.43	4.62	8.85	7.91	9.2	10.24	7.14	6.89	8.35	6.17	6.77	7.55	
1846.0	48.0	13.0	13.0	4.96	5.28	8.76	5.12	6.31	9.4	9.86	8.7	9.26	5.05	5.93	7.63	7.36	6.55	7.69	8.88	7.92	7.03	8.64	
1847.0	100.0	14.0	14.0	4.52	5.5	8.19	4.6	7.68	7.68	5.27	3.69	8.71	9.58	6.27	3.97	10.15	8.49	10.28	5.36	4.46	9.42	9.52	
1848.0	68.0	5.0	5.0	4.5	9.88	9.18	5.33	7.89	7.59	7.06	9.7	7.43	5.7	6.31	6.54	7.25	3.98	9.21	9.49	9.57	3.64	8.2	
1849.0	100.0	14.0	14.0	7.23	9.09	6.13	4.03	5.54	9.21	4.6	6.92	3.59	10.26	9.78	7.33	6.08	9.9	5.4	6.86	6.85	7.25	5.95	
1850.0	86.0	15.0	15.0	5.06	6.28	7.05	8.2	8.86	8.91	5.92	6.73	7.62	6.53	10.02	8.1	8.29	6.92	5.16	4.4	4.95	6.91	10.07	
1851.0	94.0	13.0	13.0	5.88	5.54	5.37	8.39	6.85	5.53	6.18	5.14	7.9	7.91	4.59	8.28	7.98	7.13	8.23	8.22	8.44	5.07	9.59	
1852.0	76.0	6.0	6.0	8.8	8.14	3.52	8.41	9.24	3.63	7.87	7.74	7.75	8.09	7.69	6.09	3.69	4.02	4.89	3.91	7.18	4.12	6.26	
1853.0	36.0	15.0	15.0	10.46	9.02	7.12	6.43	7.24	6.9	8.21	5.12	6.55	8.74	9.77	9.76	5.61	7.03	8.56	7.84	6.37	8.31	3.1298450180747888	
1854.0	86.0	15.0	15.0	4.31	8.76	5.31	10.2	4.94	3.75	5.84	6.06	6.92	6.64	8.9	9.23	5.45	4.35	9.17	9.42	9.58	7.97	7.65	
1855.0	88.0	4.0	4.0	9.51	3.9	9.28	4.64	3.89	7.72	5.07	5.65	5.67	6.42	8.95	8.76	4.63	8.09	6.05	6.25	7.03	6.88	7.37	
1856.0	99.0	12.0	12.0	8.14	9.58	9.75	6.85	10.38	8.28	4.89	4.29	7.16	8.07	3.82	10.1	9.1	3.7	6.76	4.04	6.37	5.71	7.88	
1857.0	92.0	10.0	10.0	3.73	3.54	5.93	6.01	3.98	3.98	5.77	5.81	9.52	5.76	7.36	6.46	8.25	3.67	5.61	6.52	9.3	7.11	4.03	
1858.0	89.0	14.0	14.0	8.49	6.69	7.59	9.28	6.78	10.36	10.46	8.91	9.82	5.15	5.1	4.16	7.21	6.68	5.4	10.19	4.68	3.97	5.93	
1859.0	83.0	5.0	5.0	4.97	5.21	10.44	8.15	9.97	6.81	7.7	6.17	10.16	9.91	5.48	5.5	6.18	5.28	4.58	6.06	4.27	9.25	8.13	
1860.0	89.0	14.0	14.0	9.12	6.1	5.1	6.82	4.44	3.75	5.2	4.51	9.43	3.82	6.71	3.73	8.12	5.55	9.05	10.13	8.05	9.12	8.49	
1861.0	45.0	5.0	5.0	7.59	7.02	3.85	5.82	4.31	3.76	3.7	9.88	4.59	9.12	5.7	7.46	3.75	6.82	9.8	5.85	10.41	8.49	4.7	
1862.0	94.0	13.0	13.0	6.57	5.93	5.55	9.29	8.84	6.68	10.27	5.71	10.16	10.08	7.18	5.03	5.02	6.75	7.4	6.53	8.32	4.25	4.28	
1863.0	84.0	12.0	12.0	5.13	7.98	8.08	3.86	9.87	5.68	8.37	7.54	4.67	6.52	4.82	6.55	7.2	7.02	10.17	4.42	3.51	7.8	9.08	
1864.0	91.0	9.0	9.0	9.47	9.13	6.72	7.13	7.86	5.62	5.04	3.99	4.72	9.56	8.27	4.44	6.36	4.25	6.56	5.08	7.21	6.05	5.2	
1865.0	85.0	3.0	3.0	8.6	8.24	6.46	7.5	8.72	9.91	9.6	7.06	9.42	7.12	8.49	7.26	4.94	9.75	7.96	5.59	3.82	5.31	9.95	
1866.0	74.0	1.0	1.0	5.29	10.45	9.54	10.48	10.34	3.77	7.38	8.87	6.03	9.59	4.53	8.22	9.99	6.56	9.25	6.47	5.95	8.44	6.888136895353496	
1867.0	76.0	6.0	6.0	9.24	9.56	10.45	9.19	6.89	5.1	7.6	8.9	9.32	8.49	6.95	5.05	8.32	9.12	6.26	5.04	4.19	5.4	9.5	
1868.0	58.0	11.0	11.0	7.64	6.3	10.06	7.11	6.01	7.33	4.99	8.22	8.77	6.05	7.98	7.28	4.68	9.55	5.99	7.84	8.54	4.41	6.75	
1869.0	58.0	11.0	11.0	9.18	7.87	4.32	3.54	9.22	6.34	9.43	10.34	4.03	8.37	3.82	5.58	5.28	5.37	6.08	5.78	5.83	5.47	9.87	
1870.0	69.0	12.0	12.0	4.36	7.92	5.21	6.03	10.45	4.68	7.4	8.49	4.39	4.46	8.72	3.97	6.17	8.07	7.25	8.68	10.25	5.7	4.45	
1871.0	63.0	15.0	15.0	4.07	6.73	5.67	5.62	10.08	3.91	6.05	5.52	3.72	3.51	5.91	9.26	5.79	6.6	9.65	9.88	8.63	6.57	6.92	
1872.0	34.0	14.0	14.0	7.16	6.18	7.99	7.05	7.74	6.72	4.68	9.84	7.39	6.99	6.52	7.62	6.15	10.31	9.1	9.94	5.0	5.38	6.38	
1873.0	72.0	11.0	11.0	7.51	8.31	10.09	6.5	9.36	9.38	4.34	7.78	6.88	6.14	7.77	9.18	9.39	7.79	5.8	9.45	6.81	9.45	5.324264488612556	
1874.0	73.0	13.0	13.0	10.16	6.71	4.4	5.67	9.96	8.15	9.44	5.16	9.47	3.76	8.0	5.44	6.77	3.85	8.02	4.17	9.5	8.81	7.88	
1875.0	61.0	12.0	12.0	4.77	7.74	7.91	7.72	3.8	4.46	8.97	7.59	7.97	6.43	6.54	8.38	7.02	8.5	9.89	4.39	4.92	8.29	6.3	
1876.0	91.0	9.0	9.0	6.39	5.35	5.02	6.79	5.6	10.23	9.15	6.37	6.79	6.87	10.25	6.49	4.57	7.04	4.74	4.56	9.05	4.68	6.35	
1877.0	99.0	12.0	12.0	3.97	7.06	3.54	10.42	7.73	4.13	9.22	8.97	4.08	4.21	5.39	5.21	10.27	3.54	9.91	4.26	6.72	7.13	9.24	
1878.0	100.0	14.0	14.0	10.3	5.62	5.03	7.37	7.87	8.46	5.47	8.6	5.59	9.44	9.71	8.49	7.41	5.07	4.64	10.24	7.65	8.56	4.01	
1879.0	84.0	12.0	12.0	6.08	8.04	6.5	6.37	9.96	8.5	4.0	5.48	6.9	8.67	4.25	9.99	9.78	7.02	10.22	4.75	7.18	6.4	5.77	
1880.0	66.0	12.0	12.0	5.99	9.88	7.5	9.39	9.67	8.44	10.49	7.14	8.56	8.37	10.22	7.8	5.64	3.75	8.83	10.16	4.85	9.92	2.992752030654614	
1881.0	21.0	9.0	9.0	8.76	7.3	6.96	5.97	8.65	5.92	6.86	5.96	9.09	8.4	7.3	8.9	8.2	6.96	8.8	7.11	6.65	9.27	6.51	
1882.0	63.0	15.0	15.0	3.63	3.77	8.88	6.08	6.11	5.33	8.33	9.08	3.9	8.9	7.14	4.91	3.81	6.52	7.92	4.37	4.11	6.16	4.84	
1883.0	87.0	5.0	5.0	6.93	10.09	6.09	9.38	8.48	6.97	8.16	9.07	8.22	5.71	8.94	8.84	3.74	5.68	5.51	9.89	8.59	9.93	2.129022227022774	
1884.0	96.0	15.0	15.0	9.82	9.26	6.29	5.58	10.39	6.92	9.91	4.78	7.6	7.41	5.08	4.66	10.13	5.58	5.01	5.87	8.39	4.34	7.22	
1885.0	76.0	6.0	6.0	5.96	9.73	6.45	4.63	9.7	7.18	8.17	8.07	8.25	8.68	8.67	7.45	4.42	9.59	9.34	7.54	6.09	8.35	7.552277226238665	
1886.0	87.0	5.0	5.0	10.44	10.26	7.99	8.81	8.54	8.7	4.26	7.64	10.08	6.65	5.71	6.66	9.26	7.2	8.34	6.54	9.33	8.4	6.08276853656083	
1887.0	100.0	14.0	14.0	6.85	4.1	8.9	5.43	9.96	3.74	4.88	6.58	6.35	3.84	10.46	10.2	7.44	4.23	6.39	4.9	6.0	5.68	5.75	
1888.0	94.0	13.0	13.0	8.33	5.56	8.86	6.09	7.76	6.75	7.32	4.08	4.81	9.55	7.16	6.12	5.61	8.5	6.85	6.35	8.81	5.39	5.39	
1889.0	25.0	12.0	12.0	7.9	8.03	8.67	3.92	3.8	6.85	10.34	8.36	6.09	6.73	9.17	3.58	7.39	6.14	5.22	4.29	7.92	8.67	6.44	
1890.0	94.0	13.0	13.0	9.29	7.17	4.95	7.15	9.14	9.43	8.78	4.88	6.05	8.86	9.28	3.52	5.97	6.24	6.14	7.39	3.95	8.26	10.02	
1891.0	96.0	15.0	15.0	8.13	8.11	9.59	9.46	8.02	8.83	9.42	4.13	5.73	8.96	8.05	7.46	6.24	6.86	9.12	8.83	5.68	4.4	8.88	
1892.0	79.0	7.0	7.0	5.36	6.5	8.98	10.29	5.6	9.09	6.84	7.04	6.84	5.26	7.76	5.0	4.9	4.62	5.18	10.12	6.83	7.01	4.46	
1893.0	86.0	15.0	15.0	9.01	4.48	6.07	9.1	4.35	6.94	5.76	5.75	9.45	6.84	6.73	7.68	6.7	8.21	8.74	4.32	3.76	7.39	5.84	
1894.0	73.0	13.0	13.0	9.37	7.09	5.18	9.45	10.35	8.77	7.67	6.34	3.97	8.42	9.52	3.59	7.22	7.0	9.45	9.94	9.44	9.3	3.277332725408505	
1895.0	65.0	11.0	11.0	5.31	7.82	9.94	5.85	9.16	6.42	8.77	10.06	4.78	8.4	6.95	9.89	7.18	4.93	5.06	4.76	6.6	9.23	4.69	
1896.0	88.0	4.0	4.0	5.27	6.83	10.34	4.59	6.27	9.16	9.09	6.82	3.84	5.81	10.14	7.66	7.75	4.08	7.01	3.8	7.19	5.07	7.16	
1897.0	95.0	8.0	8.0	4.83	10.29	7.21	6.79	10.0	10.21	9.41	5.25	9.76	5.61	7.71	7.68	8.73	6.33	8.53	9.9	4.22	4.81	5.9	
1898.0	91.0	9.0	9.0	9.84	5.46	8.39	8.06	9.73	8.95	9.73	3.96	10.15	6.78	5.68	7.81	7.58	9.76	6.01	4.6	9.84	3.71	5.23	
1899.0	74.0	1.0	1.0	9.47	3.6	4.32	8.57	9.32	5.98	4.39	8.07	7.97	6.01	6.15	5.27	4.39	6.44	6.08	6.08	9.27	5.9	7.92	
1900.0	64.0	4.0	4.0	9.93	6.32	9.6	6.89	5.33	4.37	6.08	7.53	4.96	4.52	5.48	4.04	10.29	3.94	7.91	8.3	4.78	6.23	4.84	
1901.0	86.0	15.0	15.0	4.69	4.23	8.92	9.11	6.55	7.28	9.25	4.6	7.25	9.34	10.1	3.76	4.29	3.94	5.01	5.56	5.74	6.19	10.49	
1902.0	97.0	9.0	9.0	4.61	5.03	10.24	4.77	7.78	10.43	3.63	10.35	5.97	8.11	6.57	9.88	8.88	4.8	7.58	9.65	5.33	4.59	7.5	
1903.0	71.0	11.0	11.0	7.06	10.08	10.31	7.65	7.33	3.86	3.76	5.31	5.73	10.06	9.33	7.6	9.39	5.75	4.76	3.63	4.71	7.48	9.05	
1904.0	84.0	12.0	12.0	4.26	3.82	5.96	6.69	6.52	7.81	9.3	8.88	5.88	9.63	3.83	9.48	10.45	8.1	8.75	10.45	3.5	4.74	4.34	
1905.0	85.0	3.0	3.0	6.28	7.13	6.06	6.38	9.7	6.53	5.68	6.46	7.04	5.99	4.93	9.11	3.58	7.29	7.51	5.78	8.79	3.77	7.81	
1906.0	99.0	12.0	12.0	6.84	8.62	4.85	4.12	5.94	6.39	6.68	3.68	5.64	9.98	7.18	8.87	3.64	5.38	7.06	8.09	4.7	4.67	7.44	
1907.0	59.0	9.0	9.0	8.89	3.62	7.49	7.67	4.36	4.48	9.75	4.11	6.45	4.87	4.0	7.6	5.44	9.67	3.78	3.78	9.06	7.42	3.84	
1908.0	95.0	8.0	8.0	8.29	7.8	7.57	4.5	9.92	5.52	4.37	8.13	7.79	9.58	9.68	4.36	10.27	3.95	5.69	7.78	5.5	9.63	5.16	
1909.0	97.0	9.0	9.0	7.06	8.06	5.37	5.12	4.17	10.02	6.99	10.14	6.08	7.3	4.89	4.04	6.65	4.78	9.07	7.08	6.95	9.78	5.31	
1910.0	94.0	13.0	13.0	7.13	3.65	6.38	8.49	5.62	4.33	6.62	8.89	9.12	4.71	4.18	6.12	10.45	3.69	7.15	7.52	5.73	7.17	7.86	
1911.0	84.0	12.0	12.0	8.46	10.17	10.13	4.81	6.67	6.54	4.21	4.27	8.01	8.78	9.1	7.51	9.1	7.48	6.33	6.97	4.64	3.94	9.58	
1912.0	100.0	14.0	14.0	7.38	3.94	6.31	5.6	9.63	7.7	9.95	5.56	9.29	4.79	7.72	4.23	6.72	3.97	3.6	6.96	5.67	7.37	3.75	
1913.0	74.0	1.0	1.0	8.52	6.25	4.94	5.28	4.49	6.24	5.86	6.8	10.11	4.69	5.41	6.47	10.45	4.63	6.95	7.46	5.0	6.47	4.87	
1914.0	40.0	11.0	11.0	4.7	9.45	10.31	6.23	3.62	8.85	4.84	7.74	5.86	7.37	6.81	6.42	8.98	8.13	9.42	5.63	7.26	4.42	6.94	
1915.0	98.0	15.0	15.0	4.45	10.16	10.11	5.61	6.45	3.92	3.69	9.43	3.95	7.99	5.86	4.78	4.61	8.15	9.82	8.62	3.97	5.96	4.43	
1916.0	81.0	3.0	3.0	4.54	9.35	5.62	7.88	5.2	9.28	9.19	6.48	7.15	7.88	6.23	8.12	4.44	9.28	9.82	10.28	6.58	7.34	4.76	
1917.0	80.0	3.0	3.0	3.77	4.56	4.22	9.19	4.83	4.17	9.26	6.03	7.6	9.93	4.17	7.33	8.22	5.8	4.8	4.42	5.15	9.51	3.68	
1918.0	33.0	14.0	14.0	7.74	6.68	4.44	10.32	10.26	3.92	8.54	5.86	4.65	4.68	10.18	5.47	10.15	8.68	5.07	9.67	6.82	5.72	7.73	
1919.0	5.0	15.0	15.0	7.01	4.39	5.92	5.02	9.76	8.68	7.67	7.85	5.01	4.23	9.07	5.29	9.17	9.1	9.61	9.9	8.99	5.09	5.22	
1920.0	88.0	4.0	4.0	7.35	5.65	5.78	8.33	8.63	4.19	9.54	9.81	7.58	6.36	6.41	5.58	5.84	9.67	6.94	4.15	9.33	6.74	4.79	
1921.0	4.0	9.0	9.0	6.8	10.02	8.67	5.89	7.03	5.5	4.73	8.24	7.56	5.33	5.4	9.34	7.03	5.3	6.6	9.14	7.96	6.27	10.05	
1922.0	85.0	3.0	3.0	10.1	7.72	5.93	4.85	9.61	5.83	10.02	6.33	7.22	4.61	9.48	4.86	6.72	9.38	8.83	3.57	8.33	9.51	9.1	
1923.0	27.0	13.0	13.0	10.45	10.08	3.56	8.37	7.36	4.37	5.87	9.06	8.74	9.89	3.61	10.16	6.28	6.88	7.59	5.02	9.14	6.47	8.36	
1924.0	65.0	11.0	11.0	6.73	9.91	10.26	9.1	8.08	6.28	3.89	8.34	6.62	9.56	6.3	4.44	9.49	6.58	6.24	4.02	3.64	8.56	5.21	
1925.0	89.0	14.0	14.0	10.36	5.31	6.15	6.27	3.82	9.58	7.01	6.19	4.36	4.74	5.64	9.63	4.01	6.34	8.08	7.22	9.43	7.21	7.85	
1926.0	64.0	4.0	4.0	7.1	4.26	6.01	9.5	7.92	6.67	9.64	8.79	7.66	9.68	5.88	8.58	9.14	10.29	3.7	7.46	6.58	5.93	5.96	
1927.0	93.0	4.0	4.0	4.76	10.02	9.14	3.67	5.8	6.19	3.96	6.82	4.92	8.09	3.56	5.13	8.36	8.72	5.79	8.0	7.86	5.02	6.85	
1928.0	2.0	14.0	14.0	6.66	9.51	4.77	7.71	7.25	7.89	9.45	4.65	7.85	3.56	3.86	8.12	5.12	4.73	9.2	3.78	6.96	3.99	7.86	
1929.0	74.0	1.0	1.0	6.91	8.03	6.13	8.2	6.04	9.42	4.49	4.41	10.38	3.61	6.82	8.41	7.8	6.66	8.32	4.31	10.13	10.18	6.03	
1930.0	27.0	13.0	13.0	9.1	4.79	9.87	6.43	5.76	6.33	10.29	8.29	4.42	5.4	8.82	6.85	9.93	10.38	7.88	3.64	9.39	5.32	7.68	
1931.0	100.0	14.0	14.0	7.73	7.48	6.6	10.24	7.65	7.87	8.26	7.45	4.86	7.93	6.38	9.2	8.88	6.05	7.23	9.31	5.72	6.29	8.12	
1932.0	34.0	14.0	14.0	8.16	7.72	5.41	4.26	5.82	8.72	4.35	3.54	9.12	5.24	6.66	10.24	8.19	4.8	6.05	6.78	3.57	5.8	4.21	
1933.0	65.0	11.0	11.0	4.23	7.2	8.82	8.07	4.84	5.76	5.48	5.06	9.09	10.06	9.33	3.83	5.5	9.96	9.94	3.58	9.67	3.64	8.44	
1934.0	93.0	4.0	4.0	9.2	5.58	6.65	5.66	6.18	10.33	3.51	8.79	3.9	6.27	7.45	5.97	8.92	5.75	9.79	6.25	9.42	4.04	7.12	
1935.0	88.0	4.0	4.0	3.64	4.09	4.55	6.74	7.6	7.06	9.75	8.66	10.23	3.71	9.25	6.77	7.98	7.04	9.34	3.72	9.47	4.35	10.4	
1936.0	83.0	5.0	5.0	3.83	6.79	4.0	5.27	10.45	5.81	4.42	8.68	6.74	8.3	5.73	4.06	4.9	8.23	7.97	6.47	5.68	6.78	10.31	
1937.0	50.0	9.0	9.0	7.89	5.11	7.07	5.09	5.13	4.0	5.42	5.93	9.6	9.03	7.8	6.2	8.22	7.74	9.67	3.99	3.96	8.22	5.64	
1938.0	10.0	15.0	15.0	4.5	6.85	10.5	5.09	9.89	9.12	9.96	5.37	4.35	9.31	10.17	3.61	10.08	7.77	9.33	4.52	4.13	6.94	10.03	
1939.0	6.0	7.0	7.0	7.08	6.88	7.0	10.07	5.12	8.59	3.94	6.0	8.64	9.78	3.76	9.15	10.15	4.01	7.8	7.97	3.99	5.47	3.93	
1940.0	63.0	15.0	15.0	10.4	6.68	5.19	5.32	7.05	6.42	3.82	8.04	6.28	7.92	10.34	8.46	6.61	6.51	9.98	6.6	8.29	9.33	9.31	
1941.0	40.0	11.0	11.0	6.13	4.52	9.28	6.35	7.74	8.75	6.65	9.26	8.04	10.04	4.74	6.53	9.55	6.47	6.38	10.16	5.59	5.25	10.36	
1942.0	24.0	14.0	14.0	4.03	8.34	8.95	6.11	9.16	5.32	5.01	8.1	10.28	6.11	9.56	5.03	10.47	5.15	9.06	8.93	3.58	8.6	5.75	
1943.0	79.0	7.0	7.0	5.65	7.77	6.9	6.34	9.07	5.43	7.5	8.51	5.36	4.15	4.13	5.05	6.78	6.63	9.71	4.87	6.52	7.66	4.65	
1944.0	84.0	12.0	12.0	6.16	7.56	5.05	7.35	4.81	4.88	4.36	8.84	6.03	4.27	4.07	5.79	4.71	6.1	8.59	10.08	5.97	9.28	8.21	
1945.0	90.0	4.0	4.0	9.18	4.78	7.79	5.68	9.74	8.55	6.97	7.16	9.76	8.3	5.55	6.42	7.03	9.13	5.1	10.09	4.0	5.17	8.83	
1946.0	69.0	12.0	12.0	4.05	6.17	6.19	6.18	4.45	6.14	8.25	9.39	6.32	8.59	7.84	4.97	9.86	4.95	7.52	8.55	6.05	10.28	7.37	
1947.0	40.0	11.0	11.0	7.18	8.04	8.58	6.21	9.28	7.25	3.96	8.52	9.48	10.21	5.56	8.86	8.48	5.9	8.71	7.26	10.21	4.44	3.8626434511462984	
1948.0	94.0	13.0	13.0	7.02	4.75	9.51	3.73	10.32	9.82	9.44	6.96	9.57	7.91	4.35	3.52	9.42	6.33	8.26	10.01	4.24	6.51	4.74	
1949.0	88.0	4.0	4.0	4.43	4.95	4.88	5.29	9.22	8.0	6.1	6.1	3.64	5.22	4.31	6.89	8.37	9.34	6.22	4.79	5.58	5.46	4.89	
1950.0	64.0	4.0	4.0	9.27	5.38	6.34	10.34	4.34	6.8	4.8	7.83	6.4	8.94	6.31	8.68	6.99	10.33	7.23	7.95	4.25	9.91	3.66	
1951.0	62.0	7.0	7.0	8.58	10.48	4.6	9.08	4.43	6.16	4.27	6.03	3.53	7.51	8.52	7.85	5.19	7.26	7.07	6.82	5.31	9.88	8.11	
1952.0	99.0	12.0	12.0	7.93	4.46	8.78	6.17	5.7	10.01	3.9	9.05	6.05	10.06	6.79	8.27	6.03	7.87	8.85	4.14	7.37	8.25	5.23	
1953.0	84.0	12.0	12.0	10.18	3.71	7.22	3.61	8.06	5.39	8.33	8.78	5.77	4.63	6.83	3.9	8.87	7.97	4.17	4.15	8.24	10.13	4.19	
1954.0	98.0	15.0	15.0	9.55	5.7	4.92	7.06	8.84	5.51	8.27	5.94	7.96	4.45	9.13	5.81	8.47	7.09	6.98	8.2	10.15	8.99	10.1	
1955.0	60.0	3.0	3.0	6.7	4.8	8.82	6.46	6.99	4.77	4.1	7.41	9.07	6.86	4.51	4.32	10.13	5.06	8.99	9.91	3.87	6.84	6.33	
1956.0	81.0	3.0	3.0	5.28	8.18	3.81	10.12	3.86	4.39	4.73	6.14	5.59	9.72	5.82	7.87	5.79	7.61	5.2	6.63	3.87	7.1	6.08	
1957.0	39.0	14.0	14.0	4.3	8.8	5.59	9.25	4.32	4.51	9.7	6.71	9.75	4.58	8.5	9.21	5.38	6.89	4.34	7.88	7.95	4.76	8.33	
1958.0	64.0	4.0	4.0	4.46	6.23	5.84	9.71	3.67	10.43	10.22	6.15	8.05	8.84	9.53	3.55	5.8	5.72	7.33	7.74	7.46	5.24	3.74	
1959.0	80.0	3.0	3.0	6.48	5.51	5.3	6.85	4.34	9.92	8.96	9.09	10.47	4.71	9.97	4.53	7.23	6.65	3.89	8.07	5.01	4.05	8.68	
1960.0	82.0	6.0	6.0	4.69	3.97	8.64	10.18	4.27	7.49	7.4	7.97	6.54	6.94	7.03	8.99	4.66	4.96	6.46	8.65	6.63	9.53	8.44	
1961.0	97.0	9.0	9.0	7.33	9.4	6.76	3.77	8.45	4.88	9.49	4.29	5.28	5.87	3.98	7.13	4.43	10.11	3.5	7.11	4.48	9.68	7.92	
1962.0	99.0	12.0	12.0	6.73	8.81	7.23	6.76	3.53	4.33	7.04	7.24	5.29	5.7	5.89	7.01	8.49	10.32	9.39	4.1	10.18	9.68	8.66	
1963.0	49.0	12.0	12.0	8.39	8.55	6.99	7.64	7.78	6.53	5.92	3.63	6.55	10.35	6.44	4.79	7.29	5.84	7.54	4.1	9.46	6.61	6.95	
1964.0	60.0	3.0	3.0	5.76	9.95	7.59	7.5	7.67	10.26	6.59	8.18	7.75	6.06	5.77	6.92	7.92	8.66	5.62	6.81	8.06	7.66	5.03	
1965.0	89.0	14.0	14.0	5.71	6.91	4.07	8.88	3.74	8.44	8.97	7.18	10.07	9.68	9.13	4.12	9.55	9.56	5.39	10.37	3.95	10.31	9.79	
1966.0	89.0	14.0	14.0	3.96	6.71	10.06	10.34	5.24	8.82	5.43	3.89	5.14	8.4	9.52	3.65	5.95	3.62	7.4	4.73	5.43	10.17	9.33	
1967.0	60.0	3.0	3.0	4.07	3.54	10.37	7.7	9.13	7.83	4.38	6.45	5.81	10.11	6.94	5.61	7.39	9.27	5.36	7.12	9.45	4.87	5.54	
1968.0	77.0	8.0	8.0	6.14	9.4	5.06	9.76	8.53	10.46	8.12	9.71	4.45	4.7	6.57	8.14	8.45	6.97	6.27	4.76	6.13	4.01	4.89	
1969.0	76.0	6.0	6.0	4.39	7.38	5.28	6.01	8.72	7.92	4.29	5.04	6.95	10.43	6.97	5.76	4.67	7.64	9.44	5.65	3.98	5.83	3.6	
1970.0	41.0	15.0	15.0	4.76	9.08	6.41	10.15	6.74	3.52	4.39	8.91	9.86	4.19	10.18	10.12	5.46	10.11	5.65	5.27	4.75	5.99	5.64	
1971.0	92.0	10.0	10.0	6.37	4.94	8.47	6.13	7.46	5.95	6.75	4.77	4.64	5.58	6.21	6.14	8.99	7.72	9.86	6.04	9.07	9.97	3.98	
1972.0	87.0	5.0	5.0	4.91	8.3	7.31	6.66	9.45	5.86	8.39	4.86	5.04	6.14	6.55	8.11	5.84	5.34	10.26	3.89	5.51	9.44	4.74	
1973.0	82.0	6.0	6.0	8.9	7.69	7.23	10.36	5.44	9.19	9.11	10.04	7.17	7.62	7.14	6.6	8.2	6.87	5.23	9.12	10.32	5.06	6.8267558054641775	
1974.0	97.0	9.0	9.0	8.38	4.71	6.75	7.01	5.27	4.46	3.62	6.73	8.34	7.89	6.64	6.62	6.53	8.59	5.04	5.1	4.77	9.66	5.49	
1975.0	5.0	15.0	15.0	5.08	7.81	5.2	9.74	3.94	10.43	7.93	7.95	8.6	9.79	7.74	9.69	3.66	6.58	8.79	3.73	5.74	6.85	5.63	
1976.0	72.0	11.0	11.0	9.05	3.57	4.26	8.71	8.0	7.47	7.52	6.95	6.5	6.67	6.92	6.89	7.66	8.84	5.1	10.16	10.45	8.59	9.19	
1977.0	92.0	10.0	10.0	4.2	8.91	9.47	7.93	10.06	9.82	9.13	3.94	4.43	6.43	6.62	5.36	9.27	6.07	4.56	8.1	8.0	9.7	3.96	
1978.0	94.0	13.0	13.0	6.93	9.82	4.66	6.07	6.19	8.46	6.42	4.97	5.77	5.74	8.77	8.62	9.96	3.91	6.82	4.99	5.07	5.69	7.23	
1979.0	66.0	12.0	12.0	7.36	9.87	7.19	5.75	7.06	8.85	8.71	5.56	5.87	3.91	8.44	6.85	8.87	6.3	9.74	7.57	5.18	3.73	10.06	
1980.0	66.0	12.0	12.0	6.41	8.87	3.58	9.11	6.72	4.39	8.85	9.83	7.58	5.1	7.23	6.39	4.91	7.38	6.84	7.16	7.19	6.5	7.11	
1981.0	92.0	10.0	10.0	8.68	10.28	9.85	7.58	7.75	4.08	7.11	4.57	6.38	7.07	8.46	4.96	5.57	9.02	10.27	9.69	9.57	3.7	8.26	
1982.0	98.0	15.0	15.0	3.9	6.33	4.86	7.4	6.82	4.99	7.79	8.87	6.0	3.81	4.46	6.31	8.68	6.18	10.39	5.28	5.2	8.59	7.9	
1983.0	75.0	8.0	8.0	6.32	4.14	5.74	8.69	9.37	6.0	9.87	9.18	8.8	8.72	8.24	9.8	6.29	8.47	4.16	9.5	7.47	4.26	6.81	
1984.0	67.0	3.0	3.0	4.23	4.03	8.09	7.48	10.47	4.21	8.03	4.73	4.18	5.09	5.76	9.75	7.08	8.25	5.81	4.06	5.29	9.85	5.09	
1985.0	62.0	7.0	7.0	5.22	7.17	9.09	9.47	9.85	9.18	5.75	6.42	8.95	5.82	9.89	7.04	7.51	7.43	8.79	6.92	6.49	5.57	9.89	
1986.0	85.0	3.0	3.0	9.66	4.64	8.23	6.37	5.98	9.62	6.67	8.92	9.82	6.4	4.27	8.41	6.67	6.92	6.87	5.71	9.45	3.98	4.22	
1987.0	61.0	12.0	12.0	3.53	9.17	4.77	6.18	10.05	8.52	8.48	8.34	7.66	5.62	6.67	4.67	8.88	6.95	9.05	6.15	7.47	5.86	6.53	
1988.0	16.0	14.0	14.0	7.09	8.77	6.58	4.95	5.78	5.3	7.26	10.31	8.15	4.78	7.19	6.94	8.95	5.01	8.67	5.71	6.76	7.25	5.47	
1989.0	66.0	12.0	12.0	9.99	9.86	7.6	5.05	7.08	8.31	4.24	5.41	9.08	4.27	4.36	10.5	5.43	5.44	9.12	6.18	4.89	6.59	4.38	
1990.0	42.0	4.0	4.0	10.31	4.44	7.15	8.53	3.53	9.0	4.49	4.02	3.68	10.05	6.85	6.52	4.41	6.75	7.56	7.63	6.42	7.16	4.54	
1991.0	79.0	7.0	7.0	6.81	6.08	8.11	9.07	9.18	8.54	5.39	4.65	5.52	5.46	4.19	8.51	4.43	4.72	6.34	9.78	7.51	10.07	10.22	
1992.0	73.0	13.0	13.0	7.02	3.57	9.69	7.5	3.51	7.27	7.12	5.77	4.83	10.26	5.97	7.75	3.57	9.48	6.85	6.56	5.66	4.04	9.12	
1993.0	61.0	12.0	12.0	4.9	4.48	7.29	7.51	4.87	5.84	8.49	4.5	9.37	4.76	8.23	7.74	9.85	8.57	8.17	10.24	7.02	5.4	9.01	
1994.0	96.0	15.0	15.0	8.26	6.01	8.55	9.74	3.89	7.78	6.96	9.95	7.29	6.28	5.5	4.29	6.26	7.0	7.34	4.26	3.87	3.88	6.01	
1995.0	93.0	4.0	4.0	8.31	4.8	8.8	4.18	3.88	6.22	5.32	9.12	5.01	7.99	9.65	10.28	4.71	4.09	6.73	3.73	5.54	9.26	5.74	
1996.0	65.0	11.0	11.0	4.99	8.07	6.8	8.06	9.9	7.93	7.4	9.29	5.69	9.21	6.71	7.61	8.84	7.9	7.17	3.73	10.3	9.42	3.1102945554763783	
1997.0	9.0	15.0	15.0	10.5	8.2	10.28	9.94	10.25	6.89	7.84	5.98	5.56	3.83	5.55	7.0	8.12	6.1	9.13	4.94	9.49	6.06	9.5	
1998.0	57.0	14.0	14.0	5.73	9.2	4.17	6.15	7.54	6.47	7.38	7.2	8.3	8.1	5.57	8.36	5.76	7.68	4.29	6.06	5.74	4.04	7.45	
1999.0	76.0	6.0	6.0	6.46	4.07	7.41	10.48	8.59	7.34	9.02	7.42	8.2	9.26	9.86	4.28	3.83	8.82	6.33	9.78	3.58	10.05	6.35	
2000.0	75.0	8.0	8.0	6.66	9.26	10.29	8.54	9.27	5.02	9.03	10.3	4.96	5.06	5.7	6.41	4.82	5.27	6.12	8.06	6.72	7.39	9.67	
2001.0	56.0	13.0	13.0	6.25	6.85	7.17	8.91	3.86	8.17	10.21	9.64	7.41	4.17	9.53	9.76	8.78	8.21	4.34	5.39	5.16	4.63	8.49	
2002.0	73.0	13.0	13.0	4.98	9.24	5.52	5.87	4.79	3.68	5.44	9.91	6.64	3.66	7.21	4.57	7.91	3.8	8.42	7.67	9.69	8.64	4.46	
2003.0	8.0	15.0	15.0	3.69	8.84	3.68	5.75	5.16	5.23	9.86	4.73	3.56	8.37	10.05	10.08	5.92	5.97	8.3	5.47	5.49	8.14	10.02	
2004.0	90.0	4.0	4.0	7.99	4.23	6.5	4.63	6.78	8.36	5.33	4.92	4.89	9.27	6.87	7.26	6.72	6.58	3.88	3.79	7.19	10.34	3.68	
2005.0	82.0	6.0	6.0	5.53	8.38	9.84	7.22	7.86	7.69	5.9	5.14	3.84	8.04	8.44	9.02	7.29	8.75	9.21	8.73	4.66	5.39	6.0	
2006.0	17.0	11.0	11.0	7.06	3.64	4.46	6.21	4.84	5.36	6.79	3.55	4.59	9.29	9.5	10.22	3.82	9.26	4.39	6.66	8.87	4.09	9.68	
2007.0	77.0	8.0	8.0	4.97	8.68	5.94	7.53	9.47	5.09	6.16	3.94	9.79	6.95	9.45	9.75	8.37	4.16	6.1	7.56	4.75	10.27	10.17	
2008.0	97.0	9.0	9.0	6.68	5.02	7.78	6.69	3.97	6.14	5.8	7.49	5.26	3.79	6.63	5.7	5.99	5.07	8.34	8.87	8.97	8.46	4.8	
2009.0	97.0	9.0	9.0	6.14	7.69	10.31	8.78	5.54	8.56	6.86	4.44	10.22	6.68	4.38	10.05	4.73	8.77	9.25	3.84	5.99	9.22	5.4	
2010.0	63.0	15.0	15.0	5.66	7.7	4.47	9.82	5.14	8.52	5.52	6.85	6.43	10.4	8.0	8.6	5.39	7.51	6.64	6.55	9.93	9.89	10.43	
2011.0	66.0	12.0	12.0	8.5	6.86	7.64	7.29	9.64	10.36	4.1	9.21	4.52	8.26	8.97	10.08	4.17	8.89	5.92	9.08	6.97	8.33	9.873526652859576	
2012.0	68.0	5.0	5.0	7.28	4.68	9.94	5.26	4.29	8.51	5.59	7.61	3.86	4.86	6.08	5.25	3.73	8.48	10.03	9.77	5.5	9.47	9.72	
2013.0	82.0	6.0	6.0	10.01	8.67	5.79	6.81	6.84	8.94	4.15	3.59	5.82	6.55	10.15	5.77	6.22	7.49	6.14	3.89	8.84	5.34	8.83	
2014.0	100.0	14.0	14.0	4.37	8.94	9.14	5.21	9.53	9.52	5.45	8.72	3.64	7.99	3.81	8.58	5.57	6.39	5.06	4.1	5.95	4.52	9.14	
2015.0	46.0	14.0	14.0	5.09	3.62	6.84	3.85	10.31	5.89	8.43	4.99	10.45	5.52	3.62	7.79	3.87	9.55	7.68	3.85	9.48	4.44	8.47	
2016.0	92.0	10.0	10.0	10.34	4.81	6.08	6.52	7.58	9.76	7.64	8.82	7.99	3.53	9.4	10.39	9.56	4.19	4.44	6.43	9.41	5.82	5.95	
2017.0	10.0	15.0	15.0	4.37	7.09	5.06	7.35	10.07	7.9	5.32	4.45	9.32	8.78	3.75	4.3	5.04	5.77	9.4	9.57	10.17	6.2	9.59	
2018.0	80.0	3.0	3.0	5.6	6.18	10.29	4.82	4.4	6.07	4.52	3.57	9.55	4.74	3.81	6.29	8.74	5.92	6.51	4.94	7.04	6.17	10.34	
2019.0	82.0	6.0	6.0	10.17	5.43	10.42	10.26	7.19	5.86	6.91	10.37	7.47	5.16	6.77	8.62	6.54	8.3	5.95	8.52	5.76	9.73	0.01840398011989247	
2020.0	86.0	15.0	15.0	4.27	6.16	9.76	8.09	4.22	9.57	9.54	8.86	6.61	7.17	8.49	10.4	10.49	7.58	9.08	8.68	8.54	9.07	1.7023084915031226	
2021.0	58.0	11.0	11.0	9.72	4.67	8.19	6.83	7.63	7.25	5.76	8.03	7.64	8.77	4.09	10.01	9.91	6.44	3.74	7.94	5.31	5.52	6.51	
2022.0	89.0	14.0	14.0	7.86	6.84	4.52	6.29	7.02	8.11	9.25	8.58	3.65	10.2	5.84	9.36	10.28	4.73	9.48	4.15	5.25	3.89	8.88	
2023.0	69.0	12.0	12.0	5.74	4.17	5.27	10.32	4.1	9.72	7.92	4.34	4.56	9.98	3.9	10.08	9.74	9.08	4.86	3.66	4.32	8.54	7.33	
2024.0	98.0	15.0	15.0	8.24	9.32	9.4	9.7	6.66	4.47	10.18	10.43	3.56	8.35	4.2	4.83	5.0	7.12	7.75	6.91	8.05	4.59	6.73	
2025.0	95.0	8.0	8.0	5.59	4.57	6.75	6.31	8.45	6.08	9.64	10.34	5.71	5.66	7.23	6.5	5.44	5.52	3.94	5.32	10.45	5.2	7.73	
2026.0	35.0	10.0	10.0	6.01	6.84	4.2	6.99	7.69	6.43	7.43	3.84	4.25	3.7	9.32	6.01	7.74	3.71	9.27	8.18	3.68	8.74	6.02	
2027.0	67.0	3.0	3.0	6.46	8.1	5.45	7.13	9.54	6.59	7.68	4.38	10.03	8.39	9.39	5.91	9.52	3.57	5.52	9.45	9.92	5.96	10.04	
2028.0	95.0	8.0	8.0	9.3	9.74	7.86	7.96	5.68	6.93	7.87	4.11	6.5	5.96	6.56	4.91	10.26	8.36	6.9	8.33	7.73	5.37	4.0	
2029.0	81.0	3.0	3.0	9.26	9.97	7.07	7.43	4.13	9.96	7.54	9.66	7.44	5.43	6.6	5.68	6.65	3.52	8.86	5.47	10.25	3.58	10.13	
2030.0	83.0	5.0	5.0	9.97	10.08	5.56	6.23	4.82	5.44	4.85	5.6	9.82	4.74	7.54	9.47	10.08	7.72	6.74	7.68	4.81	9.62	8.66	
2031.0	76.0	6.0	6.0	4.84	5.45	8.04	9.46	5.52	3.88	3.9	8.68	8.69	10.37	6.61	7.97	9.08	7.97	3.9	3.66	8.84	9.16	7.7	
2032.0	99.0	12.0	12.0	6.48	5.89	4.23	4.09	9.07	9.42	4.17	8.82	8.6	7.76	9.12	5.79	4.9	4.51	8.43	4.47	7.12	5.83	5.11	
2033.0	58.0	11.0	11.0	5.74	4.61	10.43	4.9	7.84	7.15	8.96	9.6	9.99	5.64	8.87	4.09	6.12	8.73	8.03	7.95	4.51	6.81	6.4	
2034.0	80.0	3.0	3.0	7.65	10.29	9.44	6.0	4.35	9.95	7.73	7.97	3.58	5.66	3.96	7.94	4.91	6.42	9.2	4.61	3.58	6.92	3.85	
2035.0	95.0	8.0	8.0	8.95	4.0	10.43	5.15	6.87	8.68	8.19	3.75	5.17	9.26	7.91	8.21	4.64	9.64	5.62	4.67	7.87	6.6	3.89	
2036.0	75.0	8.0	8.0	8.55	4.08	4.01	10.46	3.77	6.35	6.54	4.48	9.09	9.94	6.61	10.31	6.95	5.68	8.07	6.95	6.2	8.89	5.49	
2037.0	50.0	9.0	9.0	4.62	3.65	8.38	3.59	4.32	6.29	7.51	6.63	6.38	8.32	8.57	10.29	9.6	6.54	7.4	9.42	4.82	7.47	10.1	
2038.0	61.0	12.0	12.0	9.96	6.73	6.42	5.4	8.11	3.63	9.01	4.53	3.55	8.53	7.65	10.03	9.65	8.97	8.9	8.84	3.75	5.89	4.11	
2039.0	12.0	5.0	5.0	5.77	7.66	8.88	9.91	7.18	9.32	9.04	4.36	10.12	5.98	9.29	8.54	9.64	7.3	4.36	5.56	8.43	9.33	7.0712459183222665	
2040.0	49.0	12.0	12.0	4.27	6.34	5.37	5.81	9.53	6.27	8.17	9.39	4.45	3.6	3.6	8.73	5.79	5.39	6.13	9.88	3.68	9.98	4.79	
2041.0	83.0	5.0	5.0	4.87	9.85	4.08	5.33	4.88	7.27	8.37	7.94	8.36	9.11	6.51	9.34	4.09	6.92	7.23	3.63	3.66	5.17	3.96	
2042.0	71.0	11.0	11.0	8.57	9.65	6.49	8.78	7.99	6.77	4.96	6.46	7.37	5.03	6.67	4.11	7.46	6.98	4.44	4.73	7.72	6.93	4.89	
2043.0	54.0	10.0	10.0	6.83	7.39	8.77	8.89	8.63	7.51	8.32	8.29	7.77	7.17	3.73	9.15	9.17	7.5	3.64	9.65	9.34	8.89	1.927237981434804	
2044.0	65.0	11.0	11.0	5.54	5.9	10.06	7.06	10.0	6.94	9.18	5.43	8.85	5.09	6.93	8.84	7.33	6.94	9.01	4.41	7.57	6.55	4.04	
2045.0	36.0	15.0	15.0	8.45	7.96	6.47	8.74	9.23	6.37	9.88	6.56	9.84	3.65	6.66	5.26	8.93	10.47	4.21	5.36	9.68	10.09	6.42	
2046.0	60.0	3.0	3.0	8.42	10.06	8.53	5.57	5.56	6.57	7.62	5.29	7.47	9.63	4.88	9.41	7.59	10.0	6.12	9.78	7.37	5.12	4.74	
2047.0	94.0	13.0	13.0	4.9	6.44	5.98	6.22	7.73	5.16	7.01	4.81	5.16	10.34	6.88	3.65	10.12	9.04	4.48	8.6	9.7	7.39	9.92	
2048.0	68.0	5.0	5.0	7.25	6.22	10.24	8.39	9.3	5.92	9.33	8.01	6.62	7.4	8.52	9.44	10.26	6.42	4.43	7.02	6.88	5.05	5.27	
=====================================================================================================================================================
number of non-local execution forword std deviation is 1360
=====================================================================================================================================================
=====================================================================================================================================================
Map Status of job/thread name: kmean  after done (10 columns: map task #,Local(0)/Non_local(1), status(not_yet_started(0),running(1)/finished(2)), response time, start time, end time, latency, bin #, VM flavor #, PM #, Rack #)
=====================================================================================================================================================
1.0	0.0	2.0	1290.0	1291.0	1312.0	21.0	95.0	5.0	8.0	5.0	
2.0	1.0	2.0	1272.0	1272.0	1295.0	23.0	69.0	4.0	12.0	2.0	
3.0	1.0	2.0	1272.0	1272.0	1295.0	23.0	79.0	4.0	7.0	3.0	
4.0	0.0	2.0	1290.0	1291.0	1312.0	21.0	84.0	5.0	12.0	2.0	
5.0	0.0	2.0	1293.0	1293.0	1314.0	21.0	87.0	5.0	5.0	5.0	
6.0	0.0	2.0	1290.0	1290.0	1311.0	21.0	92.0	5.0	10.0	4.0	
7.0	0.0	2.0	1290.0	1290.0	1311.0	21.0	94.0	5.0	13.0	1.0	
8.0	0.0	2.0	1309.0	1309.0	1330.0	21.0	96.0	5.0	15.0	3.0	
9.0	0.0	2.0	1290.0	1291.0	1312.0	21.0	81.0	5.0	3.0	4.0	
10.0	0.0	2.0	1294.0	1294.0	1315.0	21.0	83.0	5.0	5.0	1.0	
11.0	1.0	2.0	1289.0	1289.0	1313.0	24.0	72.0	4.0	11.0	2.0	
12.0	1.0	2.0	1272.0	1272.0	1295.0	23.0	66.0	4.0	12.0	5.0	
13.0	1.0	2.0	1295.0	1296.0	1319.0	23.0	49.0	3.0	12.0	1.0	
14.0	0.0	2.0	1294.0	1294.0	1315.0	21.0	94.0	5.0	13.0	1.0	
15.0	0.0	2.0	1311.0	1311.0	1332.0	21.0	97.0	5.0	9.0	3.0	
16.0	1.0	2.0	1272.0	1272.0	1295.0	23.0	62.0	4.0	7.0	4.0	
17.0	1.0	2.0	1272.0	1272.0	1295.0	23.0	68.0	4.0	5.0	3.0	
18.0	1.0	2.0	1272.0	1272.0	1295.0	23.0	56.0	3.0	13.0	5.0	
19.0	0.0	2.0	1330.0	1330.0	1351.0	21.0	89.0	5.0	14.0	2.0	
20.0	0.0	2.0	1309.0	1309.0	1330.0	21.0	93.0	5.0	4.0	5.0	
21.0	0.0	2.0	1312.0	1312.0	1333.0	21.0	95.0	5.0	8.0	5.0	
22.0	1.0	2.0	1272.0	1272.0	1295.0	23.0	31.0	2.0	8.0	1.0	
23.0	1.0	2.0	1290.0	1290.0	1313.0	23.0	72.0	4.0	11.0	2.0	
24.0	0.0	2.0	1309.0	1309.0	1330.0	21.0	85.0	5.0	3.0	5.0	
25.0	0.0	2.0	1293.0	1293.0	1314.0	21.0	88.0	5.0	4.0	3.0	
26.0	1.0	2.0	1272.0	1272.0	1295.0	23.0	59.0	3.0	9.0	4.0	
27.0	1.0	2.0	1272.0	1272.0	1295.0	23.0	71.0	4.0	11.0	3.0	
28.0	1.0	2.0	1272.0	1272.0	1295.0	23.0	79.0	4.0	7.0	3.0	
29.0	0.0	2.0	1293.0	1293.0	1314.0	21.0	81.0	5.0	3.0	4.0	
30.0	0.0	2.0	1314.0	1314.0	1335.0	21.0	84.0	5.0	12.0	2.0	
31.0	1.0	2.0	1294.0	1294.0	1317.0	23.0	100.0	5.0	14.0	1.0	
32.0	0.0	2.0	1327.0	1327.0	1348.0	21.0	88.0	5.0	4.0	3.0	
33.0	1.0	2.0	1272.0	1272.0	1295.0	23.0	68.0	4.0	5.0	3.0	
34.0	0.0	2.0	1330.0	1330.0	1351.0	21.0	96.0	5.0	15.0	3.0	
35.0	0.0	2.0	1335.0	1335.0	1356.0	21.0	99.0	5.0	12.0	3.0	
36.0	0.0	2.0	1332.0	1332.0	1353.0	21.0	82.0	5.0	6.0	2.0	
37.0	1.0	2.0	1272.0	1272.0	1295.0	23.0	64.0	4.0	4.0	2.0	
38.0	1.0	2.0	1272.0	1272.0	1295.0	23.0	61.0	4.0	12.0	4.0	
39.0	1.0	2.0	1295.0	1295.0	1319.0	24.0	62.0	4.0	7.0	4.0	
40.0	0.0	2.0	1317.0	1317.0	1338.0	21.0	92.0	5.0	10.0	4.0	
41.0	1.0	2.0	1331.0	1331.0	1354.0	23.0	74.0	4.0	1.0	3.0	
42.0	1.0	2.0	1272.0	1272.0	1295.0	23.0	64.0	4.0	4.0	2.0	
43.0	1.0	2.0	1380.0	1380.0	1403.0	23.0	66.0	4.0	12.0	5.0	
44.0	1.0	2.0	1313.0	1313.0	1336.0	23.0	67.0	4.0	3.0	3.0	
45.0	0.0	2.0	1336.0	1336.0	1357.0	21.0	88.0	5.0	4.0	3.0	
46.0	1.0	2.0	1292.0	1292.0	1315.0	23.0	45.0	3.0	5.0	4.0	
47.0	1.0	2.0	1272.0	1272.0	1295.0	23.0	51.0	3.0	2.0	3.0	
48.0	1.0	2.0	1336.0	1336.0	1359.0	23.0	61.0	4.0	12.0	4.0	
49.0	1.0	2.0	1295.0	1296.0	1319.0	23.0	61.0	4.0	12.0	4.0	
50.0	1.0	2.0	1356.0	1356.0	1379.0	23.0	99.0	5.0	12.0	3.0	
51.0	0.0	2.0	1370.0	1370.0	1391.0	21.0	85.0	5.0	3.0	5.0	
52.0	1.0	2.0	1295.0	1296.0	1319.0	23.0	68.0	4.0	5.0	3.0	
53.0	1.0	2.0	1272.0	1272.0	1295.0	23.0	22.0	2.0	6.0	2.0	
54.0	1.0	2.0	1295.0	1295.0	1319.0	24.0	64.0	4.0	4.0	2.0	
55.0	1.0	2.0	1289.0	1289.0	1313.0	24.0	80.0	4.0	3.0	1.0	
56.0	1.0	2.0	1295.0	1296.0	1319.0	23.0	63.0	4.0	15.0	1.0	
57.0	0.0	2.0	1358.0	1358.0	1379.0	21.0	84.0	5.0	12.0	2.0	
58.0	1.0	2.0	1394.0	1394.0	1417.0	23.0	77.0	4.0	8.0	2.0	
59.0	1.0	2.0	1272.0	1272.0	1295.0	23.0	66.0	4.0	12.0	5.0	
60.0	1.0	2.0	1272.0	1272.0	1295.0	23.0	73.0	4.0	13.0	3.0	
61.0	1.0	2.0	1272.0	1272.0	1295.0	23.0	73.0	4.0	13.0	3.0	
62.0	0.0	2.0	1379.0	1379.0	1400.0	21.0	99.0	5.0	12.0	3.0	
63.0	1.0	2.0	1319.0	1319.0	1342.0	23.0	64.0	4.0	4.0	2.0	
64.0	1.0	2.0	1272.0	1272.0	1295.0	23.0	76.0	4.0	6.0	4.0	
65.0	1.0	2.0	1272.0	1272.0	1295.0	23.0	65.0	4.0	11.0	2.0	
66.0	1.0	2.0	1272.0	1272.0	1295.0	23.0	77.0	4.0	8.0	2.0	
67.0	1.0	2.0	1314.0	1314.0	1337.0	23.0	62.0	4.0	7.0	4.0	
68.0	1.0	2.0	1272.0	1272.0	1295.0	23.0	68.0	4.0	5.0	3.0	
69.0	0.0	2.0	1393.0	1393.0	1414.0	21.0	81.0	5.0	3.0	4.0	
70.0	1.0	2.0	1272.0	1272.0	1295.0	23.0	62.0	4.0	7.0	4.0	
71.0	1.0	2.0	1292.0	1292.0	1315.0	23.0	24.0	2.0	14.0	4.0	
72.0	0.0	2.0	1374.0	1374.0	1395.0	21.0	89.0	5.0	14.0	2.0	
73.0	0.0	2.0	1388.0	1388.0	1409.0	21.0	91.0	5.0	9.0	5.0	
74.0	1.0	2.0	1272.0	1272.0	1295.0	23.0	70.0	4.0	11.0	5.0	
75.0	0.0	2.0	1391.0	1391.0	1412.0	21.0	98.0	5.0	15.0	2.0	
76.0	0.0	2.0	1409.0	1409.0	1430.0	21.0	82.0	5.0	6.0	2.0	
77.0	0.0	2.0	1391.0	1391.0	1412.0	21.0	85.0	5.0	3.0	5.0	
78.0	0.0	2.0	1415.0	1415.0	1436.0	21.0	86.0	5.0	15.0	4.0	
79.0	1.0	2.0	1295.0	1295.0	1319.0	24.0	67.0	4.0	3.0	3.0	
80.0	1.0	2.0	1272.0	1272.0	1295.0	23.0	77.0	4.0	8.0	2.0	
81.0	0.0	2.0	1333.0	1333.0	1354.0	21.0	95.0	5.0	8.0	5.0	
82.0	1.0	2.0	1338.0	1338.0	1361.0	23.0	45.0	3.0	5.0	4.0	
83.0	0.0	2.0	1407.0	1407.0	1428.0	21.0	83.0	5.0	5.0	1.0	
84.0	0.0	2.0	1402.0	1402.0	1423.0	21.0	84.0	5.0	12.0	2.0	
85.0	1.0	2.0	1272.0	1272.0	1295.0	23.0	63.0	4.0	15.0	1.0	
86.0	1.0	2.0	1272.0	1272.0	1295.0	23.0	47.0	3.0	15.0	5.0	
87.0	1.0	2.0	1289.0	1289.0	1313.0	24.0	51.0	3.0	2.0	3.0	
88.0	0.0	2.0	1351.0	1351.0	1372.0	21.0	96.0	5.0	15.0	3.0	
89.0	1.0	2.0	1272.0	1272.0	1295.0	23.0	74.0	4.0	1.0	3.0	
90.0	1.0	2.0	1357.0	1357.0	1380.0	23.0	68.0	4.0	5.0	3.0	
91.0	0.0	2.0	1417.0	1417.0	1438.0	21.0	86.0	5.0	15.0	4.0	
92.0	0.0	2.0	1408.0	1408.0	1429.0	21.0	90.0	5.0	4.0	1.0	
93.0	1.0	2.0	1272.0	1272.0	1295.0	23.0	42.0	3.0	4.0	1.0	
94.0	1.0	2.0	1331.0	1331.0	1354.0	23.0	74.0	4.0	1.0	3.0	
95.0	0.0	2.0	1408.0	1408.0	1429.0	21.0	97.0	5.0	9.0	3.0	
96.0	1.0	2.0	1359.0	1359.0	1382.0	23.0	42.0	3.0	4.0	1.0	
97.0	0.0	2.0	1421.0	1421.0	1442.0	21.0	84.0	5.0	12.0	2.0	
98.0	1.0	2.0	1336.0	1336.0	1359.0	23.0	67.0	4.0	3.0	3.0	
99.0	1.0	2.0	1272.0	1272.0	1295.0	23.0	49.0	3.0	12.0	1.0	
100.0	0.0	2.0	1407.0	1407.0	1428.0	21.0	93.0	5.0	4.0	5.0	
101.0	0.0	2.0	1428.0	1428.0	1449.0	21.0	96.0	5.0	15.0	3.0	
102.0	1.0	2.0	1318.0	1319.0	1342.0	23.0	71.0	4.0	11.0	3.0	
103.0	0.0	2.0	1428.0	1428.0	1449.0	21.0	83.0	5.0	5.0	1.0	
104.0	1.0	2.0	1272.0	1272.0	1295.0	23.0	80.0	4.0	3.0	1.0	
105.0	1.0	2.0	1272.0	1272.0	1295.0	23.0	78.0	4.0	8.0	1.0	
106.0	0.0	2.0	1418.0	1418.0	1439.0	21.0	92.0	5.0	10.0	4.0	
107.0	0.0	2.0	1411.0	1411.0	1432.0	21.0	94.0	5.0	13.0	1.0	
108.0	0.0	2.0	1417.0	1417.0	1438.0	21.0	98.0	5.0	15.0	2.0	
109.0	1.0	2.0	1342.0	1342.0	1365.0	23.0	62.0	4.0	7.0	4.0	
110.0	1.0	2.0	1429.0	1429.0	1452.0	23.0	46.0	3.0	14.0	3.0	
111.0	1.0	2.0	1359.0	1359.0	1382.0	23.0	67.0	4.0	3.0	3.0	
112.0	0.0	2.0	1419.0	1419.0	1440.0	21.0	88.0	5.0	4.0	3.0	
113.0	0.0	2.0	1415.0	1415.0	1436.0	21.0	93.0	5.0	4.0	5.0	
114.0	1.0	2.0	1315.0	1315.0	1338.0	23.0	45.0	3.0	5.0	4.0	
115.0	1.0	2.0	1398.0	1398.0	1421.0	23.0	73.0	4.0	13.0	3.0	
116.0	0.0	2.0	1413.0	1413.0	1434.0	21.0	100.0	5.0	14.0	1.0	
117.0	0.0	2.0	1436.0	1436.0	1457.0	21.0	84.0	5.0	12.0	2.0	
118.0	0.0	2.0	1418.0	1418.0	1439.0	21.0	86.0	5.0	15.0	4.0	
119.0	1.0	2.0	1417.0	1417.0	1440.0	23.0	69.0	4.0	12.0	2.0	
120.0	0.0	2.0	1440.0	1440.0	1461.0	21.0	92.0	5.0	10.0	4.0	
121.0	0.0	2.0	1430.0	1430.0	1451.0	21.0	95.0	5.0	8.0	5.0	
122.0	0.0	2.0	1417.0	1417.0	1438.0	21.0	99.0	5.0	12.0	3.0	
123.0	1.0	2.0	1415.0	1415.0	1438.0	23.0	74.0	4.0	1.0	3.0	
124.0	1.0	2.0	1421.0	1421.0	1444.0	23.0	58.0	3.0	11.0	4.0	
125.0	0.0	2.0	1418.0	1418.0	1439.0	21.0	87.0	5.0	5.0	5.0	
126.0	1.0	2.0	1411.0	1411.0	1434.0	23.0	37.0	2.0	5.0	2.0	
127.0	0.0	2.0	1417.0	1417.0	1438.0	21.0	95.0	5.0	8.0	5.0	
128.0	1.0	2.0	1388.0	1388.0	1411.0	23.0	64.0	4.0	4.0	2.0	
129.0	1.0	2.0	1419.0	1419.0	1442.0	23.0	74.0	4.0	1.0	3.0	
130.0	1.0	2.0	1295.0	1295.0	1318.0	23.0	71.0	4.0	11.0	3.0	
131.0	0.0	2.0	1430.0	1430.0	1451.0	21.0	86.0	5.0	15.0	4.0	
132.0	1.0	2.0	1272.0	1272.0	1295.0	23.0	65.0	4.0	11.0	2.0	
133.0	1.0	2.0	1419.0	1419.0	1442.0	23.0	55.0	3.0	6.0	4.0	
134.0	0.0	2.0	1437.0	1437.0	1458.0	21.0	96.0	5.0	15.0	3.0	
135.0	0.0	2.0	1442.0	1442.0	1463.0	21.0	99.0	5.0	12.0	3.0	
136.0	1.0	2.0	1272.0	1272.0	1295.0	23.0	65.0	4.0	11.0	2.0	
137.0	1.0	2.0	1411.0	1411.0	1434.0	23.0	64.0	4.0	4.0	2.0	
138.0	1.0	2.0	1272.0	1272.0	1295.0	23.0	67.0	4.0	3.0	3.0	
139.0	0.0	2.0	1422.0	1422.0	1443.0	21.0	91.0	5.0	9.0	5.0	
140.0	0.0	2.0	1419.0	1419.0	1440.0	21.0	93.0	5.0	4.0	5.0	
141.0	1.0	2.0	1354.0	1354.0	1377.0	23.0	73.0	4.0	13.0	3.0	
142.0	0.0	2.0	1419.0	1419.0	1440.0	21.0	100.0	5.0	14.0	1.0	
143.0	0.0	2.0	1418.0	1418.0	1439.0	21.0	82.0	5.0	6.0	2.0	
144.0	1.0	2.0	1272.0	1272.0	1295.0	23.0	78.0	4.0	8.0	1.0	
145.0	1.0	2.0	1406.0	1406.0	1429.0	23.0	50.0	3.0	9.0	1.0	
146.0	1.0	2.0	1412.0	1412.0	1435.0	23.0	62.0	4.0	7.0	4.0	
147.0	1.0	2.0	1416.0	1416.0	1439.0	23.0	38.0	2.0	5.0	5.0	
148.0	1.0	2.0	1408.0	1408.0	1431.0	23.0	47.0	3.0	15.0	5.0	
149.0	1.0	2.0	1419.0	1419.0	1442.0	23.0	67.0	4.0	3.0	3.0	
150.0	0.0	2.0	1432.0	1432.0	1453.0	21.0	82.0	5.0	6.0	2.0	
151.0	1.0	2.0	1295.0	1296.0	1319.0	23.0	47.0	3.0	15.0	5.0	
152.0	1.0	2.0	1272.0	1272.0	1295.0	23.0	76.0	4.0	6.0	4.0	
153.0	1.0	2.0	1419.0	1419.0	1442.0	23.0	66.0	4.0	12.0	5.0	
154.0	0.0	2.0	1441.0	1441.0	1462.0	21.0	94.0	5.0	13.0	1.0	
155.0	0.0	2.0	1290.0	1290.0	1311.0	21.0	97.0	5.0	9.0	3.0	
156.0	0.0	2.0	1440.0	1440.0	1461.0	21.0	100.0	5.0	14.0	1.0	
157.0	0.0	2.0	1451.0	1451.0	1472.0	21.0	83.0	5.0	5.0	1.0	
158.0	0.0	2.0	1454.0	1454.0	1475.0	21.0	88.0	5.0	4.0	3.0	
159.0	0.0	2.0	1429.0	1429.0	1450.0	21.0	90.0	5.0	4.0	1.0	
160.0	1.0	2.0	1319.0	1319.0	1342.0	23.0	64.0	4.0	4.0	2.0	
161.0	1.0	2.0	1272.0	1272.0	1295.0	23.0	78.0	4.0	8.0	1.0	
162.0	0.0	2.0	1432.0	1432.0	1453.0	21.0	98.0	5.0	15.0	2.0	
163.0	1.0	2.0	1272.0	1272.0	1295.0	23.0	73.0	4.0	13.0	3.0	
164.0	0.0	2.0	1411.0	1411.0	1432.0	21.0	84.0	5.0	12.0	2.0	
165.0	1.0	2.0	1376.0	1376.0	1399.0	23.0	51.0	3.0	2.0	3.0	
166.0	1.0	2.0	1334.0	1334.0	1357.0	23.0	72.0	4.0	11.0	2.0	
167.0	0.0	2.0	1449.0	1449.0	1470.0	21.0	95.0	5.0	8.0	5.0	
168.0	0.0	2.0	1449.0	1449.0	1470.0	21.0	98.0	5.0	15.0	2.0	
169.0	0.0	2.0	1441.0	1441.0	1462.0	21.0	81.0	5.0	3.0	4.0	
170.0	0.0	2.0	1411.0	1411.0	1432.0	21.0	82.0	5.0	6.0	2.0	
171.0	0.0	2.0	1407.0	1407.0	1428.0	21.0	87.0	5.0	5.0	5.0	
172.0	0.0	2.0	1455.0	1455.0	1476.0	21.0	88.0	5.0	4.0	3.0	
173.0	0.0	2.0	1419.0	1419.0	1440.0	21.0	92.0	5.0	10.0	4.0	
174.0	1.0	2.0	1313.0	1313.0	1336.0	23.0	67.0	4.0	3.0	3.0	
175.0	0.0	2.0	1407.0	1407.0	1428.0	21.0	98.0	5.0	15.0	2.0	
176.0	0.0	2.0	1331.0	1331.0	1352.0	21.0	81.0	5.0	3.0	4.0	
177.0	1.0	2.0	1272.0	1272.0	1295.0	23.0	70.0	4.0	11.0	5.0	
178.0	0.0	2.0	1459.0	1459.0	1480.0	21.0	86.0	5.0	15.0	4.0	
179.0	1.0	2.0	1357.0	1357.0	1380.0	23.0	66.0	4.0	12.0	5.0	
180.0	1.0	2.0	1272.0	1272.0	1295.0	23.0	48.0	3.0	13.0	4.0	
181.0	0.0	2.0	1407.0	1407.0	1428.0	21.0	95.0	5.0	8.0	5.0	
182.0	0.0	2.0	1459.0	1459.0	1480.0	21.0	98.0	5.0	15.0	2.0	
183.0	0.0	2.0	1458.0	1458.0	1479.0	21.0	81.0	5.0	3.0	4.0	
184.0	0.0	2.0	1411.0	1411.0	1432.0	21.0	85.0	5.0	3.0	5.0	
185.0	0.0	2.0	1435.0	1435.0	1456.0	21.0	87.0	5.0	5.0	5.0	
186.0	0.0	2.0	1453.0	1453.0	1474.0	21.0	92.0	5.0	10.0	4.0	
187.0	1.0	2.0	1418.0	1418.0	1441.0	23.0	40.0	2.0	11.0	3.0	
188.0	0.0	2.0	1435.0	1435.0	1456.0	21.0	98.0	5.0	15.0	2.0	
189.0	1.0	2.0	1307.0	1307.0	1330.0	23.0	23.0	2.0	7.0	3.0	
190.0	0.0	2.0	1460.0	1460.0	1481.0	21.0	83.0	5.0	5.0	1.0	
191.0	1.0	2.0	1331.0	1331.0	1354.0	23.0	73.0	4.0	13.0	3.0	
192.0	1.0	2.0	1371.0	1371.0	1394.0	23.0	77.0	4.0	8.0	2.0	
193.0	1.0	2.0	1410.0	1410.0	1433.0	23.0	31.0	2.0	8.0	1.0	
194.0	1.0	2.0	1435.0	1435.0	1458.0	23.0	85.0	5.0	3.0	5.0	
195.0	1.0	2.0	1272.0	1272.0	1295.0	23.0	66.0	4.0	12.0	5.0	
196.0	0.0	2.0	1462.0	1462.0	1483.0	21.0	81.0	5.0	3.0	4.0	
197.0	0.0	2.0	1464.0	1464.0	1485.0	21.0	83.0	5.0	5.0	1.0	
198.0	1.0	2.0	1433.0	1433.0	1456.0	23.0	48.0	3.0	13.0	4.0	
199.0	0.0	2.0	1406.0	1406.0	1427.0	21.0	90.0	5.0	4.0	1.0	
200.0	0.0	2.0	1453.0	1453.0	1474.0	21.0	94.0	5.0	13.0	1.0	
201.0	0.0	2.0	1458.0	1458.0	1479.0	21.0	96.0	5.0	15.0	3.0	
202.0	0.0	2.0	1485.0	1485.0	1506.0	21.0	100.0	5.0	14.0	1.0	
203.0	1.0	2.0	1353.0	1353.0	1376.0	23.0	23.0	2.0	7.0	3.0	
204.0	0.0	2.0	1465.0	1465.0	1486.0	21.0	85.0	5.0	3.0	5.0	
205.0	0.0	2.0	1428.0	1428.0	1449.0	21.0	87.0	5.0	5.0	5.0	
206.0	0.0	2.0	1418.0	1418.0	1439.0	21.0	90.0	5.0	4.0	1.0	
207.0	0.0	2.0	1428.0	1428.0	1449.0	21.0	95.0	5.0	8.0	5.0	
208.0	0.0	2.0	1428.0	1428.0	1449.0	21.0	98.0	5.0	15.0	2.0	
209.0	0.0	2.0	1463.0	1463.0	1484.0	21.0	81.0	5.0	3.0	4.0	
210.0	0.0	2.0	1477.0	1477.0	1498.0	21.0	82.0	5.0	6.0	2.0	
211.0	1.0	2.0	1462.0	1462.0	1485.0	23.0	72.0	4.0	11.0	2.0	
212.0	1.0	2.0	1353.0	1353.0	1376.0	23.0	51.0	3.0	2.0	3.0	
213.0	1.0	2.0	1444.0	1444.0	1467.0	23.0	73.0	4.0	13.0	3.0	
214.0	1.0	2.0	1422.0	1422.0	1445.0	23.0	71.0	4.0	11.0	3.0	
215.0	1.0	2.0	1342.0	1342.0	1365.0	23.0	64.0	4.0	4.0	2.0	
216.0	1.0	2.0	1272.0	1272.0	1295.0	23.0	67.0	4.0	3.0	3.0	
217.0	1.0	2.0	1410.0	1410.0	1433.0	23.0	23.0	2.0	7.0	3.0	
218.0	0.0	2.0	1472.0	1472.0	1493.0	21.0	86.0	5.0	15.0	4.0	
219.0	0.0	2.0	1459.0	1459.0	1480.0	21.0	91.0	5.0	9.0	5.0	
220.0	1.0	2.0	1386.0	1386.0	1409.0	23.0	63.0	4.0	15.0	1.0	
221.0	0.0	2.0	1461.0	1461.0	1482.0	21.0	95.0	5.0	8.0	5.0	
222.0	1.0	2.0	1272.0	1272.0	1295.0	23.0	64.0	4.0	4.0	2.0	
223.0	1.0	2.0	1435.0	1435.0	1458.0	23.0	74.0	4.0	1.0	3.0	
224.0	0.0	2.0	1478.0	1478.0	1499.0	21.0	84.0	5.0	12.0	2.0	
225.0	0.0	2.0	1462.0	1462.0	1483.0	21.0	89.0	5.0	14.0	2.0	
226.0	0.0	2.0	1439.0	1439.0	1460.0	21.0	91.0	5.0	9.0	5.0	
227.0	0.0	2.0	1461.0	1461.0	1482.0	21.0	93.0	5.0	4.0	5.0	
228.0	1.0	2.0	1439.0	1439.0	1462.0	23.0	100.0	5.0	14.0	1.0	
229.0	1.0	2.0	1433.0	1433.0	1456.0	23.0	68.0	4.0	5.0	3.0	
230.0	1.0	2.0	1272.0	1272.0	1295.0	23.0	63.0	4.0	15.0	1.0	
231.0	0.0	2.0	1463.0	1463.0	1484.0	21.0	85.0	5.0	3.0	5.0	
232.0	1.0	2.0	1427.0	1427.0	1450.0	23.0	56.0	3.0	13.0	5.0	
233.0	1.0	2.0	1357.0	1357.0	1380.0	23.0	67.0	4.0	3.0	3.0	
234.0	1.0	2.0	1459.0	1459.0	1482.0	23.0	60.0	3.0	3.0	3.0	
235.0	0.0	2.0	1474.0	1474.0	1495.0	21.0	98.0	5.0	15.0	2.0	
236.0	0.0	2.0	1481.0	1481.0	1502.0	21.0	81.0	5.0	3.0	4.0	
237.0	1.0	2.0	1444.0	1444.0	1467.0	23.0	60.0	3.0	3.0	3.0	
238.0	0.0	2.0	1414.0	1414.0	1435.0	21.0	86.0	5.0	15.0	4.0	
239.0	1.0	2.0	1272.0	1272.0	1295.0	23.0	62.0	4.0	7.0	4.0	
240.0	0.0	2.0	1462.0	1462.0	1483.0	21.0	94.0	5.0	13.0	1.0	
241.0	1.0	2.0	1415.0	1415.0	1438.0	23.0	45.0	3.0	5.0	4.0	
242.0	0.0	2.0	1485.0	1485.0	1506.0	21.0	100.0	5.0	14.0	1.0	
243.0	1.0	2.0	1419.0	1419.0	1442.0	23.0	59.0	3.0	9.0	4.0	
244.0	1.0	2.0	1290.0	1290.0	1313.0	23.0	46.0	3.0	14.0	3.0	
245.0	1.0	2.0	1371.0	1371.0	1394.0	23.0	70.0	4.0	11.0	5.0	
246.0	0.0	2.0	1415.0	1415.0	1436.0	21.0	91.0	5.0	9.0	5.0	
247.0	1.0	2.0	1449.0	1449.0	1472.0	23.0	66.0	4.0	12.0	5.0	
248.0	0.0	2.0	1483.0	1483.0	1504.0	21.0	97.0	5.0	9.0	3.0	
249.0	0.0	2.0	1497.0	1497.0	1518.0	21.0	99.0	5.0	12.0	3.0	
250.0	1.0	2.0	1272.0	1272.0	1295.0	23.0	62.0	4.0	7.0	4.0	
251.0	1.0	2.0	1295.0	1296.0	1319.0	23.0	56.0	3.0	13.0	5.0	
252.0	0.0	2.0	1460.0	1460.0	1481.0	21.0	90.0	5.0	4.0	1.0	
253.0	0.0	2.0	1347.0	1347.0	1368.0	21.0	92.0	5.0	10.0	4.0	
254.0	1.0	2.0	1412.0	1412.0	1435.0	23.0	71.0	4.0	11.0	3.0	
255.0	1.0	2.0	1442.0	1442.0	1465.0	23.0	65.0	4.0	11.0	2.0	
256.0	0.0	2.0	1483.0	1483.0	1504.0	21.0	82.0	5.0	6.0	2.0	
257.0	0.0	2.0	1475.0	1475.0	1496.0	21.0	83.0	5.0	5.0	1.0	
258.0	1.0	2.0	1272.0	1272.0	1295.0	23.0	71.0	4.0	11.0	3.0	
259.0	1.0	2.0	1382.0	1382.0	1405.0	23.0	42.0	3.0	4.0	1.0	
260.0	0.0	2.0	1463.0	1463.0	1484.0	21.0	94.0	5.0	13.0	1.0	
261.0	0.0	2.0	1466.0	1466.0	1487.0	21.0	95.0	5.0	8.0	5.0	
262.0	1.0	2.0	1442.0	1442.0	1465.0	23.0	76.0	4.0	6.0	4.0	
263.0	1.0	2.0	1436.0	1436.0	1459.0	23.0	59.0	3.0	9.0	4.0	
264.0	1.0	2.0	1412.0	1412.0	1435.0	23.0	57.0	3.0	14.0	3.0	
265.0	1.0	2.0	1313.0	1313.0	1336.0	23.0	50.0	3.0	9.0	1.0	
266.0	0.0	2.0	1464.0	1464.0	1485.0	21.0	91.0	5.0	9.0	5.0	
267.0	0.0	2.0	1428.0	1428.0	1449.0	21.0	93.0	5.0	4.0	5.0	
268.0	0.0	2.0	1486.0	1486.0	1507.0	21.0	98.0	5.0	15.0	2.0	
269.0	1.0	2.0	1477.0	1477.0	1500.0	23.0	54.0	3.0	10.0	5.0	
270.0	1.0	2.0	1461.0	1461.0	1484.0	23.0	70.0	4.0	11.0	5.0	
271.0	0.0	2.0	1463.0	1463.0	1484.0	21.0	87.0	5.0	5.0	5.0	
272.0	1.0	2.0	1415.0	1415.0	1438.0	23.0	80.0	4.0	3.0	1.0	
273.0	1.0	2.0	1439.0	1439.0	1462.0	23.0	62.0	4.0	7.0	4.0	
274.0	0.0	2.0	1420.0	1420.0	1441.0	21.0	94.0	5.0	13.0	1.0	
275.0	1.0	2.0	1431.0	1431.0	1454.0	23.0	76.0	4.0	6.0	4.0	
276.0	1.0	2.0	1381.0	1381.0	1404.0	23.0	56.0	3.0	13.0	5.0	
277.0	1.0	2.0	1421.0	1421.0	1444.0	23.0	65.0	4.0	11.0	2.0	
278.0	0.0	2.0	1473.0	1473.0	1494.0	21.0	88.0	5.0	4.0	3.0	
279.0	0.0	2.0	1422.0	1422.0	1443.0	21.0	89.0	5.0	14.0	2.0	
280.0	0.0	2.0	1472.0	1472.0	1493.0	21.0	93.0	5.0	4.0	5.0	
281.0	1.0	2.0	1407.0	1407.0	1430.0	23.0	28.0	2.0	8.0	1.0	
282.0	0.0	2.0	1491.0	1491.0	1512.0	21.0	98.0	5.0	15.0	2.0	
283.0	1.0	2.0	1428.0	1428.0	1451.0	23.0	42.0	3.0	4.0	1.0	
284.0	1.0	2.0	1459.0	1459.0	1482.0	23.0	69.0	4.0	12.0	2.0	
285.0	0.0	2.0	1480.0	1480.0	1501.0	21.0	87.0	5.0	5.0	5.0	
286.0	1.0	2.0	1412.0	1412.0	1435.0	23.0	74.0	4.0	1.0	3.0	
287.0	0.0	2.0	1470.0	1470.0	1491.0	21.0	95.0	5.0	8.0	5.0	
288.0	1.0	2.0	1481.0	1481.0	1504.0	23.0	90.0	5.0	4.0	1.0	
289.0	0.0	2.0	1464.0	1464.0	1485.0	21.0	100.0	5.0	14.0	1.0	
290.0	1.0	2.0	1351.0	1351.0	1374.0	23.0	72.0	4.0	11.0	2.0	
291.0	1.0	2.0	1330.0	1330.0	1353.0	23.0	80.0	4.0	3.0	1.0	
292.0	1.0	2.0	1412.0	1412.0	1435.0	23.0	55.0	3.0	6.0	4.0	
293.0	1.0	2.0	1408.0	1408.0	1431.0	23.0	61.0	4.0	12.0	4.0	
294.0	1.0	2.0	1445.0	1445.0	1468.0	23.0	50.0	3.0	9.0	1.0	
295.0	1.0	2.0	1456.0	1456.0	1479.0	23.0	68.0	4.0	5.0	3.0	
296.0	0.0	2.0	1495.0	1495.0	1516.0	21.0	82.0	5.0	6.0	2.0	
297.0	1.0	2.0	1461.0	1461.0	1484.0	23.0	77.0	4.0	8.0	2.0	
298.0	1.0	2.0	1272.0	1272.0	1295.0	23.0	77.0	4.0	8.0	2.0	
299.0	0.0	2.0	1474.0	1474.0	1495.0	21.0	91.0	5.0	9.0	5.0	
300.0	1.0	2.0	1410.0	1410.0	1433.0	23.0	68.0	4.0	5.0	3.0	
301.0	0.0	2.0	1482.0	1482.0	1503.0	21.0	95.0	5.0	8.0	5.0	
302.0	0.0	2.0	1483.0	1483.0	1504.0	21.0	99.0	5.0	12.0	3.0	
303.0	1.0	2.0	1410.0	1410.0	1433.0	23.0	77.0	4.0	8.0	2.0	
304.0	1.0	2.0	1418.0	1418.0	1441.0	23.0	67.0	4.0	3.0	3.0	
305.0	1.0	2.0	1459.0	1459.0	1482.0	23.0	64.0	4.0	4.0	2.0	
306.0	0.0	2.0	1439.0	1439.0	1460.0	21.0	92.0	5.0	10.0	4.0	
307.0	0.0	2.0	1445.0	1445.0	1466.0	21.0	95.0	5.0	8.0	5.0	
308.0	1.0	2.0	1462.0	1462.0	1485.0	23.0	63.0	4.0	15.0	1.0	
309.0	1.0	2.0	1442.0	1442.0	1465.0	23.0	66.0	4.0	12.0	5.0	
310.0	1.0	2.0	1421.0	1421.0	1444.0	23.0	41.0	3.0	15.0	4.0	
311.0	0.0	2.0	1439.0	1439.0	1460.0	21.0	86.0	5.0	15.0	4.0	
312.0	1.0	2.0	1472.0	1472.0	1495.0	23.0	66.0	4.0	12.0	5.0	
313.0	1.0	2.0	1394.0	1394.0	1417.0	23.0	70.0	4.0	11.0	5.0	
314.0	0.0	2.0	1474.0	1474.0	1495.0	21.0	94.0	5.0	13.0	1.0	
315.0	1.0	2.0	1485.0	1485.0	1508.0	23.0	64.0	4.0	4.0	2.0	
316.0	0.0	2.0	1476.0	1476.0	1497.0	21.0	81.0	5.0	3.0	4.0	
317.0	0.0	2.0	1442.0	1442.0	1463.0	21.0	84.0	5.0	12.0	2.0	
318.0	0.0	2.0	1484.0	1484.0	1505.0	21.0	87.0	5.0	5.0	5.0	
319.0	0.0	2.0	1480.0	1480.0	1501.0	21.0	91.0	5.0	9.0	5.0	
320.0	0.0	2.0	1481.0	1481.0	1502.0	21.0	94.0	5.0	13.0	1.0	
321.0	1.0	2.0	1365.0	1365.0	1388.0	23.0	64.0	4.0	4.0	2.0	
322.0	1.0	2.0	1462.0	1462.0	1485.0	23.0	64.0	4.0	4.0	2.0	
323.0	1.0	2.0	1410.0	1410.0	1433.0	23.0	26.0	2.0	1.0	2.0	
324.0	1.0	2.0	1411.0	1411.0	1434.0	23.0	24.0	2.0	14.0	4.0	
325.0	1.0	2.0	1457.0	1457.0	1480.0	23.0	43.0	3.0	13.0	1.0	
326.0	1.0	2.0	1451.0	1451.0	1474.0	23.0	79.0	4.0	7.0	3.0	
327.0	0.0	2.0	1483.0	1483.0	1504.0	21.0	94.0	5.0	13.0	1.0	
328.0	1.0	2.0	1481.0	1481.0	1504.0	23.0	83.0	5.0	5.0	1.0	
329.0	0.0	2.0	1455.0	1455.0	1476.0	21.0	100.0	5.0	14.0	1.0	
330.0	1.0	2.0	1416.0	1416.0	1439.0	23.0	72.0	4.0	11.0	2.0	
331.0	0.0	2.0	1481.0	1481.0	1502.0	21.0	85.0	5.0	3.0	5.0	
332.0	0.0	2.0	1476.0	1476.0	1497.0	21.0	88.0	5.0	4.0	3.0	
333.0	1.0	2.0	1484.0	1484.0	1507.0	23.0	61.0	4.0	12.0	4.0	
334.0	0.0	2.0	1497.0	1497.0	1518.0	21.0	95.0	5.0	8.0	5.0	
335.0	1.0	2.0	1435.0	1435.0	1458.0	23.0	71.0	4.0	11.0	3.0	
336.0	1.0	2.0	1374.0	1374.0	1397.0	23.0	72.0	4.0	11.0	2.0	
337.0	1.0	2.0	1272.0	1272.0	1295.0	23.0	35.0	2.0	10.0	5.0	
338.0	0.0	2.0	1485.0	1485.0	1506.0	21.0	86.0	5.0	15.0	4.0	
339.0	1.0	2.0	1380.0	1380.0	1403.0	23.0	67.0	4.0	3.0	3.0	
340.0	0.0	2.0	1491.0	1491.0	1512.0	21.0	93.0	5.0	4.0	5.0	
341.0	1.0	2.0	1464.0	1464.0	1487.0	23.0	75.0	4.0	8.0	5.0	
342.0	0.0	2.0	1497.0	1497.0	1518.0	21.0	98.0	5.0	15.0	2.0	
343.0	1.0	2.0	1328.0	1328.0	1351.0	23.0	69.0	4.0	12.0	2.0	
344.0	0.0	2.0	1463.0	1463.0	1484.0	21.0	84.0	5.0	12.0	2.0	
345.0	1.0	2.0	1475.0	1475.0	1498.0	23.0	47.0	3.0	15.0	5.0	
346.0	0.0	2.0	1485.0	1485.0	1506.0	21.0	91.0	5.0	9.0	5.0	
347.0	0.0	2.0	1493.0	1493.0	1514.0	21.0	93.0	5.0	4.0	5.0	
348.0	0.0	2.0	1429.0	1429.0	1450.0	21.0	97.0	5.0	9.0	3.0	
349.0	1.0	2.0	1444.0	1444.0	1467.0	23.0	41.0	3.0	15.0	4.0	
350.0	1.0	2.0	1485.0	1485.0	1508.0	23.0	88.0	5.0	4.0	3.0	
351.0	1.0	2.0	1462.0	1462.0	1485.0	23.0	40.0	2.0	11.0	3.0	
352.0	0.0	2.0	1483.0	1483.0	1504.0	21.0	89.0	5.0	14.0	2.0	
353.0	0.0	2.0	1452.0	1452.0	1473.0	21.0	91.0	5.0	9.0	5.0	
354.0	0.0	2.0	1497.0	1497.0	1518.0	21.0	94.0	5.0	13.0	1.0	
355.0	1.0	2.0	1411.0	1411.0	1434.0	23.0	70.0	4.0	11.0	5.0	
356.0	1.0	2.0	1421.0	1421.0	1444.0	23.0	73.0	4.0	13.0	3.0	
357.0	0.0	2.0	1483.0	1483.0	1504.0	21.0	85.0	5.0	3.0	5.0	
358.0	0.0	2.0	1498.0	1498.0	1519.0	21.0	88.0	5.0	4.0	3.0	
359.0	0.0	2.0	1492.0	1492.0	1513.0	21.0	90.0	5.0	4.0	1.0	
360.0	1.0	2.0	1455.0	1455.0	1478.0	23.0	63.0	4.0	15.0	1.0	
361.0	1.0	2.0	1434.0	1434.0	1457.0	23.0	70.0	4.0	11.0	5.0	
362.0	1.0	2.0	1473.0	1473.0	1496.0	23.0	61.0	4.0	12.0	4.0	
363.0	1.0	2.0	1430.0	1430.0	1453.0	23.0	79.0	4.0	7.0	3.0	
364.0	1.0	2.0	1461.0	1461.0	1484.0	23.0	69.0	4.0	12.0	2.0	
365.0	1.0	2.0	1479.0	1479.0	1502.0	23.0	47.0	3.0	15.0	5.0	
366.0	0.0	2.0	1495.0	1495.0	1516.0	21.0	91.0	5.0	9.0	5.0	
367.0	0.0	2.0	1455.0	1455.0	1476.0	21.0	94.0	5.0	13.0	1.0	
368.0	1.0	2.0	1437.0	1437.0	1460.0	23.0	79.0	4.0	7.0	3.0	
369.0	1.0	2.0	1418.0	1418.0	1441.0	23.0	64.0	4.0	4.0	2.0	
370.0	0.0	2.0	1485.0	1485.0	1506.0	21.0	83.0	5.0	5.0	1.0	
371.0	1.0	2.0	1429.0	1429.0	1452.0	23.0	44.0	3.0	3.0	5.0	
372.0	1.0	2.0	1429.0	1429.0	1452.0	23.0	45.0	3.0	5.0	4.0	
373.0	0.0	2.0	1426.0	1426.0	1447.0	21.0	93.0	5.0	4.0	5.0	
374.0	0.0	2.0	1500.0	1500.0	1521.0	21.0	96.0	5.0	15.0	3.0	
375.0	0.0	2.0	1480.0	1480.0	1501.0	21.0	98.0	5.0	15.0	2.0	
376.0	1.0	2.0	1441.0	1441.0	1464.0	23.0	75.0	4.0	8.0	5.0	
377.0	0.0	2.0	1484.0	1484.0	1505.0	21.0	85.0	5.0	3.0	5.0	
378.0	1.0	2.0	1490.0	1490.0	1513.0	23.0	54.0	3.0	10.0	5.0	
379.0	1.0	2.0	1462.0	1462.0	1485.0	23.0	75.0	4.0	8.0	5.0	
380.0	1.0	2.0	1479.0	1479.0	1502.0	23.0	77.0	4.0	8.0	2.0	
381.0	0.0	2.0	1487.0	1487.0	1508.0	21.0	97.0	5.0	9.0	3.0	
382.0	0.0	2.0	1476.0	1476.0	1497.0	21.0	100.0	5.0	14.0	1.0	
383.0	1.0	2.0	1327.0	1327.0	1350.0	23.0	29.0	2.0	2.0	5.0	
384.0	0.0	2.0	1458.0	1458.0	1479.0	21.0	84.0	5.0	12.0	2.0	
385.0	1.0	2.0	1496.0	1496.0	1519.0	23.0	61.0	4.0	12.0	4.0	
386.0	1.0	2.0	1417.0	1417.0	1440.0	23.0	25.0	2.0	12.0	2.0	
387.0	1.0	2.0	1460.0	1460.0	1483.0	23.0	75.0	4.0	8.0	5.0	
388.0	0.0	2.0	1501.0	1501.0	1522.0	21.0	98.0	5.0	15.0	2.0	
389.0	0.0	2.0	1497.0	1497.0	1518.0	21.0	100.0	5.0	14.0	1.0	
390.0	0.0	2.0	1495.0	1495.0	1516.0	21.0	83.0	5.0	5.0	1.0	
391.0	1.0	2.0	1441.0	1441.0	1464.0	23.0	68.0	4.0	5.0	3.0	
392.0	1.0	2.0	1443.0	1443.0	1466.0	23.0	51.0	3.0	2.0	3.0	
393.0	0.0	2.0	1496.0	1496.0	1517.0	21.0	91.0	5.0	9.0	5.0	
394.0	1.0	2.0	1456.0	1456.0	1479.0	23.0	77.0	4.0	8.0	2.0	
395.0	0.0	2.0	1453.0	1453.0	1474.0	21.0	98.0	5.0	15.0	2.0	
396.0	0.0	2.0	1498.0	1498.0	1519.0	21.0	82.0	5.0	6.0	2.0	
397.0	0.0	2.0	1499.0	1499.0	1520.0	21.0	85.0	5.0	3.0	5.0	
398.0	1.0	2.0	1454.0	1454.0	1477.0	23.0	71.0	4.0	11.0	3.0	
399.0	0.0	2.0	1453.0	1453.0	1474.0	21.0	91.0	5.0	9.0	5.0	
400.0	1.0	2.0	1458.0	1458.0	1481.0	23.0	55.0	3.0	6.0	4.0	
401.0	0.0	2.0	1491.0	1491.0	1512.0	21.0	95.0	5.0	8.0	5.0	
402.0	1.0	2.0	1272.0	1272.0	1295.0	23.0	71.0	4.0	11.0	3.0	
403.0	1.0	2.0	1459.0	1459.0	1482.0	23.0	43.0	3.0	13.0	1.0	
404.0	0.0	2.0	1501.0	1501.0	1522.0	21.0	86.0	5.0	15.0	4.0	
405.0	1.0	2.0	1491.0	1491.0	1514.0	23.0	67.0	4.0	3.0	3.0	
406.0	0.0	2.0	1496.0	1496.0	1517.0	21.0	91.0	5.0	9.0	5.0	
407.0	0.0	2.0	1505.0	1505.0	1526.0	21.0	95.0	5.0	8.0	5.0	
408.0	0.0	2.0	1421.0	1421.0	1442.0	21.0	98.0	5.0	15.0	2.0	
409.0	1.0	2.0	1475.0	1475.0	1498.0	23.0	75.0	4.0	8.0	5.0	
410.0	1.0	2.0	1457.0	1457.0	1480.0	23.0	58.0	3.0	11.0	4.0	
411.0	0.0	2.0	1478.0	1478.0	1499.0	21.0	85.0	5.0	3.0	5.0	
412.0	0.0	2.0	1457.0	1457.0	1478.0	21.0	89.0	5.0	14.0	2.0	
413.0	0.0	2.0	1497.0	1497.0	1518.0	21.0	92.0	5.0	10.0	4.0	
414.0	1.0	2.0	1436.0	1436.0	1459.0	23.0	69.0	4.0	12.0	2.0	
415.0	0.0	2.0	1438.0	1438.0	1459.0	21.0	98.0	5.0	15.0	2.0	
416.0	1.0	2.0	1490.0	1490.0	1513.0	23.0	61.0	4.0	12.0	4.0	
417.0	0.0	2.0	1415.0	1415.0	1436.0	21.0	84.0	5.0	12.0	2.0	
418.0	0.0	2.0	1440.0	1440.0	1461.0	21.0	88.0	5.0	4.0	3.0	
419.0	0.0	2.0	1501.0	1501.0	1522.0	21.0	91.0	5.0	9.0	5.0	
420.0	1.0	2.0	1498.0	1498.0	1521.0	23.0	46.0	3.0	14.0	3.0	
421.0	1.0	2.0	1506.0	1506.0	1529.0	23.0	81.0	5.0	3.0	4.0	
422.0	0.0	2.0	1502.0	1502.0	1523.0	21.0	98.0	5.0	15.0	2.0	
423.0	1.0	2.0	1422.0	1422.0	1445.0	23.0	77.0	4.0	8.0	2.0	
424.0	1.0	2.0	1458.0	1458.0	1481.0	23.0	57.0	3.0	14.0	3.0	
425.0	1.0	2.0	1403.0	1403.0	1426.0	23.0	66.0	4.0	12.0	5.0	
426.0	1.0	2.0	1486.0	1486.0	1509.0	23.0	34.0	2.0	14.0	1.0	
427.0	0.0	2.0	1510.0	1510.0	1531.0	21.0	95.0	5.0	8.0	5.0	
428.0	0.0	2.0	1507.0	1507.0	1528.0	21.0	98.0	5.0	15.0	2.0	
429.0	1.0	2.0	1456.0	1456.0	1479.0	23.0	26.0	2.0	1.0	2.0	
430.0	0.0	2.0	1433.0	1433.0	1454.0	21.0	82.0	5.0	6.0	2.0	
431.0	0.0	2.0	1504.0	1504.0	1525.0	21.0	87.0	5.0	5.0	5.0	
432.0	0.0	2.0	1443.0	1443.0	1464.0	21.0	89.0	5.0	14.0	2.0	
433.0	1.0	2.0	1490.0	1490.0	1513.0	23.0	58.0	3.0	11.0	4.0	
434.0	0.0	2.0	1416.0	1416.0	1437.0	21.0	94.0	5.0	13.0	1.0	
435.0	1.0	2.0	1481.0	1481.0	1504.0	23.0	63.0	4.0	15.0	1.0	
436.0	0.0	2.0	1437.0	1437.0	1458.0	21.0	81.0	5.0	3.0	4.0	
437.0	1.0	2.0	1451.0	1451.0	1474.0	23.0	52.0	3.0	4.0	3.0	
438.0	0.0	2.0	1429.0	1429.0	1450.0	21.0	88.0	5.0	4.0	3.0	
439.0	1.0	2.0	1497.0	1497.0	1520.0	23.0	79.0	4.0	7.0	3.0	
440.0	1.0	2.0	1421.0	1421.0	1444.0	23.0	62.0	4.0	7.0	4.0	
441.0	0.0	2.0	1433.0	1433.0	1454.0	21.0	96.0	5.0	15.0	3.0	
442.0	1.0	2.0	1417.0	1417.0	1440.0	23.0	70.0	4.0	11.0	5.0	
443.0	0.0	2.0	1504.0	1504.0	1525.0	21.0	83.0	5.0	5.0	1.0	
444.0	1.0	2.0	1404.0	1404.0	1427.0	23.0	56.0	3.0	13.0	5.0	
445.0	1.0	2.0	1478.0	1478.0	1501.0	23.0	41.0	3.0	15.0	4.0	
446.0	1.0	2.0	1440.0	1440.0	1463.0	23.0	56.0	3.0	13.0	5.0	
447.0	0.0	2.0	1438.0	1438.0	1459.0	21.0	95.0	5.0	8.0	5.0	
448.0	1.0	2.0	1500.0	1500.0	1523.0	23.0	76.0	4.0	6.0	4.0	
449.0	0.0	2.0	1438.0	1438.0	1459.0	21.0	99.0	5.0	12.0	3.0	
450.0	0.0	2.0	1436.0	1436.0	1457.0	21.0	84.0	5.0	12.0	2.0	
451.0	1.0	2.0	1495.0	1495.0	1518.0	23.0	79.0	4.0	7.0	3.0	
452.0	0.0	2.0	1504.0	1504.0	1525.0	21.0	89.0	5.0	14.0	2.0	
453.0	1.0	2.0	1414.0	1414.0	1437.0	23.0	61.0	4.0	12.0	4.0	
454.0	0.0	2.0	1518.0	1518.0	1539.0	21.0	95.0	5.0	8.0	5.0	
455.0	1.0	2.0	1272.0	1272.0	1295.0	23.0	67.0	4.0	3.0	3.0	
456.0	1.0	2.0	1433.0	1433.0	1456.0	23.0	77.0	4.0	8.0	2.0	
457.0	1.0	2.0	1272.0	1272.0	1295.0	23.0	75.0	4.0	8.0	5.0	
458.0	0.0	2.0	1451.0	1451.0	1472.0	21.0	86.0	5.0	15.0	4.0	
459.0	0.0	2.0	1418.0	1418.0	1439.0	21.0	89.0	5.0	14.0	2.0	
460.0	0.0	2.0	1447.0	1447.0	1468.0	21.0	93.0	5.0	4.0	5.0	
461.0	1.0	2.0	1510.0	1510.0	1533.0	23.0	80.0	4.0	3.0	1.0	
462.0	0.0	2.0	1440.0	1440.0	1461.0	21.0	100.0	5.0	14.0	1.0	
463.0	1.0	2.0	1429.0	1429.0	1452.0	23.0	75.0	4.0	8.0	5.0	
464.0	1.0	2.0	1485.0	1485.0	1508.0	23.0	67.0	4.0	3.0	3.0	
465.0	0.0	2.0	1507.0	1507.0	1528.0	21.0	88.0	5.0	4.0	3.0	
466.0	0.0	2.0	1506.0	1506.0	1527.0	21.0	91.0	5.0	9.0	5.0	
467.0	1.0	2.0	1513.0	1513.0	1536.0	23.0	90.0	5.0	4.0	1.0	
468.0	0.0	2.0	1518.0	1518.0	1539.0	21.0	98.0	5.0	15.0	2.0	
469.0	0.0	2.0	1482.0	1482.0	1503.0	21.0	99.0	5.0	12.0	3.0	
470.0	1.0	2.0	1488.0	1488.0	1511.0	23.0	65.0	4.0	11.0	2.0	
471.0	1.0	2.0	1485.0	1485.0	1508.0	23.0	33.0	2.0	14.0	1.0	
472.0	0.0	2.0	1497.0	1497.0	1518.0	21.0	88.0	5.0	4.0	3.0	
473.0	1.0	2.0	1480.0	1480.0	1503.0	23.0	77.0	4.0	8.0	2.0	
474.0	0.0	2.0	1518.0	1518.0	1539.0	21.0	94.0	5.0	13.0	1.0	
475.0	1.0	2.0	1439.0	1439.0	1462.0	23.0	87.0	5.0	5.0	5.0	
476.0	0.0	2.0	1504.0	1504.0	1525.0	21.0	82.0	5.0	6.0	2.0	
477.0	1.0	2.0	1502.0	1502.0	1525.0	23.0	78.0	4.0	8.0	1.0	
478.0	1.0	2.0	1433.0	1433.0	1456.0	23.0	78.0	4.0	8.0	1.0	
479.0	1.0	2.0	1272.0	1272.0	1295.0	23.0	75.0	4.0	8.0	5.0	
480.0	0.0	2.0	1518.0	1518.0	1539.0	21.0	92.0	5.0	10.0	4.0	
481.0	1.0	2.0	1503.0	1503.0	1526.0	23.0	64.0	4.0	4.0	2.0	
482.0	0.0	2.0	1470.0	1470.0	1491.0	21.0	98.0	5.0	15.0	2.0	
483.0	1.0	2.0	1456.0	1456.0	1479.0	23.0	72.0	4.0	11.0	2.0	
484.0	1.0	2.0	1421.0	1421.0	1444.0	23.0	54.0	3.0	10.0	5.0	
485.0	0.0	2.0	1499.0	1499.0	1520.0	21.0	89.0	5.0	14.0	2.0	
486.0	1.0	2.0	1458.0	1458.0	1481.0	23.0	69.0	4.0	12.0	2.0	
487.0	0.0	2.0	1421.0	1421.0	1442.0	21.0	94.0	5.0	13.0	1.0	
488.0	0.0	2.0	1499.0	1499.0	1520.0	21.0	97.0	5.0	9.0	3.0	
489.0	0.0	2.0	1502.0	1502.0	1523.0	21.0	81.0	5.0	3.0	4.0	
490.0	0.0	2.0	1416.0	1416.0	1437.0	21.0	83.0	5.0	5.0	1.0	
491.0	0.0	2.0	1480.0	1480.0	1501.0	21.0	86.0	5.0	15.0	4.0	
492.0	0.0	2.0	1462.0	1462.0	1483.0	21.0	89.0	5.0	14.0	2.0	
493.0	1.0	2.0	1474.0	1474.0	1497.0	23.0	63.0	4.0	15.0	1.0	
494.0	1.0	2.0	1453.0	1453.0	1476.0	23.0	48.0	3.0	13.0	4.0	
495.0	1.0	2.0	1486.0	1486.0	1509.0	23.0	66.0	4.0	12.0	5.0	
496.0	0.0	2.0	1420.0	1420.0	1441.0	21.0	81.0	5.0	3.0	4.0	
497.0	1.0	2.0	1462.0	1462.0	1485.0	23.0	21.0	2.0	9.0	1.0	
498.0	0.0	2.0	1345.0	1345.0	1366.0	21.0	87.0	5.0	5.0	5.0	
499.0	0.0	2.0	1510.0	1510.0	1531.0	21.0	89.0	5.0	14.0	2.0	
500.0	1.0	2.0	1495.0	1495.0	1518.0	23.0	66.0	4.0	12.0	5.0	
501.0	1.0	2.0	1422.0	1422.0	1445.0	23.0	36.0	2.0	15.0	4.0	
502.0	0.0	2.0	1453.0	1453.0	1474.0	21.0	98.0	5.0	15.0	2.0	
503.0	0.0	2.0	1453.0	1453.0	1474.0	21.0	82.0	5.0	6.0	2.0	
504.0	1.0	2.0	1319.0	1319.0	1342.0	23.0	62.0	4.0	7.0	4.0	
505.0	1.0	2.0	1488.0	1488.0	1511.0	23.0	76.0	4.0	6.0	4.0	
506.0	0.0	2.0	1408.0	1408.0	1429.0	21.0	91.0	5.0	9.0	5.0	
507.0	1.0	2.0	1439.0	1439.0	1462.0	23.0	32.0	2.0	14.0	3.0	
508.0	0.0	2.0	1512.0	1512.0	1533.0	21.0	98.0	5.0	15.0	2.0	
509.0	0.0	2.0	1479.0	1479.0	1500.0	21.0	81.0	5.0	3.0	4.0	
510.0	1.0	2.0	1438.0	1438.0	1461.0	23.0	74.0	4.0	1.0	3.0	
511.0	0.0	2.0	1397.0	1397.0	1418.0	21.0	87.0	5.0	5.0	5.0	
512.0	0.0	2.0	1460.0	1460.0	1481.0	21.0	89.0	5.0	14.0	2.0	
513.0	1.0	2.0	1444.0	1444.0	1467.0	23.0	61.0	4.0	12.0	4.0	
514.0	0.0	2.0	1479.0	1479.0	1500.0	21.0	96.0	5.0	15.0	3.0	
515.0	1.0	2.0	1456.0	1456.0	1479.0	23.0	78.0	4.0	8.0	1.0	
516.0	1.0	2.0	1467.0	1467.0	1490.0	23.0	58.0	3.0	11.0	4.0	
517.0	0.0	2.0	1430.0	1430.0	1451.0	21.0	83.0	5.0	5.0	1.0	
518.0	0.0	2.0	1410.0	1410.0	1431.0	21.0	88.0	5.0	4.0	3.0	
519.0	0.0	2.0	1443.0	1443.0	1464.0	21.0	91.0	5.0	9.0	5.0	
520.0	0.0	2.0	1442.0	1442.0	1463.0	21.0	94.0	5.0	13.0	1.0	
521.0	1.0	2.0	1354.0	1354.0	1377.0	23.0	74.0	4.0	1.0	3.0	
522.0	1.0	2.0	1295.0	1295.0	1319.0	24.0	65.0	4.0	11.0	2.0	
523.0	1.0	2.0	1485.0	1485.0	1508.0	23.0	46.0	3.0	14.0	3.0	
524.0	0.0	2.0	1506.0	1506.0	1527.0	21.0	86.0	5.0	15.0	4.0	
525.0	1.0	2.0	1442.0	1442.0	1465.0	23.0	34.0	2.0	14.0	1.0	
526.0	1.0	2.0	1442.0	1442.0	1465.0	23.0	55.0	3.0	6.0	4.0	
527.0	0.0	2.0	1512.0	1512.0	1533.0	21.0	95.0	5.0	8.0	5.0	
528.0	1.0	2.0	1463.0	1463.0	1486.0	23.0	56.0	3.0	13.0	5.0	
529.0	0.0	2.0	1421.0	1421.0	1442.0	21.0	99.0	5.0	12.0	3.0	
530.0	1.0	2.0	1416.0	1416.0	1439.0	23.0	51.0	3.0	2.0	3.0	
531.0	0.0	2.0	1483.0	1483.0	1504.0	21.0	87.0	5.0	5.0	5.0	
532.0	0.0	2.0	1471.0	1471.0	1492.0	21.0	90.0	5.0	4.0	1.0	
533.0	0.0	2.0	1408.0	1408.0	1429.0	21.0	92.0	5.0	10.0	4.0	
534.0	1.0	2.0	1421.0	1421.0	1444.0	23.0	60.0	3.0	3.0	3.0	
535.0	0.0	2.0	1314.0	1314.0	1335.0	21.0	99.0	5.0	12.0	3.0	
536.0	0.0	2.0	1462.0	1462.0	1483.0	21.0	82.0	5.0	6.0	2.0	
537.0	0.0	2.0	1506.0	1506.0	1527.0	21.0	83.0	5.0	5.0	1.0	
538.0	0.0	2.0	1508.0	1508.0	1529.0	21.0	88.0	5.0	4.0	3.0	
539.0	0.0	2.0	1471.0	1471.0	1492.0	21.0	90.0	5.0	4.0	1.0	
540.0	0.0	2.0	1518.0	1518.0	1539.0	21.0	94.0	5.0	13.0	1.0	
541.0	0.0	2.0	1407.0	1407.0	1428.0	21.0	96.0	5.0	15.0	3.0	
542.0	0.0	2.0	1434.0	1434.0	1455.0	21.0	100.0	5.0	14.0	1.0	
543.0	1.0	2.0	1463.0	1463.0	1486.0	23.0	25.0	2.0	12.0	2.0	
544.0	1.0	2.0	1457.0	1457.0	1480.0	23.0	24.0	2.0	14.0	4.0	
545.0	0.0	2.0	1434.0	1434.0	1455.0	21.0	88.0	5.0	4.0	3.0	
546.0	1.0	2.0	1424.0	1424.0	1447.0	23.0	67.0	4.0	3.0	3.0	
547.0	1.0	2.0	1438.0	1438.0	1461.0	23.0	80.0	4.0	3.0	1.0	
548.0	0.0	2.0	1466.0	1466.0	1487.0	21.0	97.0	5.0	9.0	3.0	
549.0	0.0	2.0	1507.0	1507.0	1528.0	21.0	100.0	5.0	14.0	1.0	
550.0	0.0	2.0	1474.0	1474.0	1495.0	21.0	82.0	5.0	6.0	2.0	
551.0	1.0	2.0	1480.0	1480.0	1503.0	23.0	68.0	4.0	5.0	3.0	
552.0	0.0	2.0	1520.0	1520.0	1541.0	21.0	89.0	5.0	14.0	2.0	
553.0	0.0	2.0	1405.0	1405.0	1426.0	21.0	93.0	5.0	4.0	5.0	
554.0	0.0	2.0	1476.0	1476.0	1497.0	21.0	94.0	5.0	13.0	1.0	
555.0	0.0	2.0	1471.0	1471.0	1492.0	21.0	97.0	5.0	9.0	3.0	
556.0	0.0	2.0	1414.0	1414.0	1435.0	21.0	81.0	5.0	3.0	4.0	
557.0	0.0	2.0	1507.0	1507.0	1528.0	21.0	84.0	5.0	12.0	2.0	
558.0	0.0	2.0	1516.0	1516.0	1537.0	21.0	86.0	5.0	15.0	4.0	
559.0	0.0	2.0	1516.0	1516.0	1537.0	21.0	91.0	5.0	9.0	5.0	
560.0	1.0	2.0	1420.0	1420.0	1443.0	23.0	80.0	4.0	3.0	1.0	
561.0	1.0	2.0	1491.0	1491.0	1514.0	23.0	36.0	2.0	15.0	4.0	
562.0	1.0	2.0	1272.0	1272.0	1295.0	23.0	66.0	4.0	12.0	5.0	
563.0	1.0	2.0	1473.0	1473.0	1496.0	23.0	53.0	3.0	12.0	3.0	
564.0	1.0	2.0	1445.0	1445.0	1468.0	23.0	71.0	4.0	11.0	3.0	
565.0	1.0	2.0	1444.0	1444.0	1467.0	23.0	54.0	3.0	10.0	5.0	
566.0	0.0	2.0	1519.0	1519.0	1540.0	21.0	92.0	5.0	10.0	4.0	
567.0	0.0	2.0	1526.0	1526.0	1547.0	21.0	95.0	5.0	8.0	5.0	
568.0	0.0	2.0	1412.0	1412.0	1433.0	21.0	96.0	5.0	15.0	3.0	
569.0	0.0	2.0	1507.0	1507.0	1528.0	21.0	81.0	5.0	3.0	4.0	
570.0	1.0	2.0	1474.0	1474.0	1497.0	23.0	79.0	4.0	7.0	3.0	
571.0	1.0	2.0	1474.0	1474.0	1497.0	23.0	98.0	5.0	15.0	2.0	
572.0	1.0	2.0	1431.0	1431.0	1454.0	23.0	80.0	4.0	3.0	1.0	
573.0	1.0	2.0	1420.0	1420.0	1443.0	23.0	46.0	3.0	14.0	3.0	
574.0	1.0	2.0	1458.0	1458.0	1481.0	23.0	70.0	4.0	11.0	5.0	
575.0	1.0	2.0	1507.0	1507.0	1530.0	23.0	61.0	4.0	12.0	4.0	
576.0	0.0	2.0	1457.0	1457.0	1478.0	21.0	82.0	5.0	6.0	2.0	
577.0	1.0	2.0	1452.0	1452.0	1475.0	23.0	66.0	4.0	12.0	5.0	
578.0	0.0	2.0	1519.0	1519.0	1540.0	21.0	88.0	5.0	4.0	3.0	
579.0	1.0	2.0	1422.0	1422.0	1445.0	23.0	68.0	4.0	5.0	3.0	
580.0	0.0	2.0	1440.0	1440.0	1461.0	21.0	93.0	5.0	4.0	5.0	
581.0	1.0	2.0	1487.0	1487.0	1510.0	23.0	77.0	4.0	8.0	2.0	
582.0	1.0	2.0	1452.0	1452.0	1475.0	23.0	44.0	3.0	3.0	5.0	
583.0	1.0	2.0	1451.0	1451.0	1474.0	23.0	42.0	3.0	4.0	1.0	
584.0	0.0	2.0	1409.0	1409.0	1430.0	21.0	86.0	5.0	15.0	4.0	
585.0	1.0	2.0	1411.0	1411.0	1434.0	23.0	63.0	4.0	15.0	1.0	
586.0	1.0	2.0	1406.0	1406.0	1429.0	23.0	44.0	3.0	3.0	5.0	
587.0	1.0	2.0	1435.0	1435.0	1458.0	23.0	69.0	4.0	12.0	2.0	
588.0	0.0	2.0	1409.0	1409.0	1430.0	21.0	98.0	5.0	15.0	2.0	
589.0	0.0	2.0	1507.0	1507.0	1528.0	21.0	100.0	5.0	14.0	1.0	
590.0	1.0	2.0	1419.0	1419.0	1442.0	23.0	76.0	4.0	6.0	4.0	
591.0	1.0	2.0	1420.0	1420.0	1443.0	23.0	42.0	3.0	4.0	1.0	
592.0	0.0	2.0	1522.0	1522.0	1543.0	21.0	90.0	5.0	4.0	1.0	
593.0	0.0	2.0	1409.0	1409.0	1430.0	21.0	91.0	5.0	9.0	5.0	
594.0	0.0	2.0	1460.0	1460.0	1481.0	21.0	94.0	5.0	13.0	1.0	
595.0	1.0	2.0	1509.0	1509.0	1532.0	23.0	73.0	4.0	13.0	3.0	
596.0	1.0	2.0	1447.0	1447.0	1470.0	23.0	67.0	4.0	3.0	3.0	
597.0	0.0	2.0	1457.0	1457.0	1478.0	21.0	84.0	5.0	12.0	2.0	
598.0	1.0	2.0	1440.0	1440.0	1463.0	23.0	39.0	2.0	14.0	2.0	
599.0	1.0	2.0	1443.0	1443.0	1466.0	23.0	80.0	4.0	3.0	1.0	
600.0	0.0	2.0	1452.0	1452.0	1473.0	21.0	92.0	5.0	10.0	4.0	
601.0	1.0	2.0	1406.0	1406.0	1429.0	23.0	45.0	3.0	5.0	4.0	
602.0	1.0	2.0	1419.0	1419.0	1442.0	23.0	69.0	4.0	12.0	2.0	
603.0	0.0	2.0	1499.0	1499.0	1520.0	21.0	82.0	5.0	6.0	2.0	
604.0	1.0	2.0	1431.0	1431.0	1454.0	23.0	71.0	4.0	11.0	3.0	
605.0	1.0	2.0	1416.0	1416.0	1439.0	23.0	21.0	2.0	9.0	1.0	
606.0	0.0	2.0	1409.0	1409.0	1430.0	21.0	92.0	5.0	10.0	4.0	
607.0	1.0	2.0	1480.0	1480.0	1503.0	23.0	80.0	4.0	3.0	1.0	
608.0	1.0	2.0	1409.0	1409.0	1432.0	23.0	63.0	4.0	15.0	1.0	
609.0	0.0	2.0	1430.0	1430.0	1451.0	21.0	99.0	5.0	12.0	3.0	
610.0	1.0	2.0	1468.0	1468.0	1491.0	23.0	50.0	3.0	9.0	1.0	
611.0	0.0	2.0	1413.0	1413.0	1434.0	21.0	87.0	5.0	5.0	5.0	
612.0	0.0	2.0	1409.0	1409.0	1430.0	21.0	89.0	5.0	14.0	2.0	
613.0	1.0	2.0	1413.0	1413.0	1436.0	23.0	64.0	4.0	4.0	2.0	
614.0	1.0	2.0	1372.0	1372.0	1395.0	23.0	75.0	4.0	8.0	5.0	
615.0	1.0	2.0	1503.0	1503.0	1526.0	23.0	60.0	3.0	3.0	3.0	
616.0	0.0	2.0	1519.0	1519.0	1540.0	21.0	82.0	5.0	6.0	2.0	
617.0	1.0	2.0	1479.0	1479.0	1502.0	23.0	68.0	4.0	5.0	3.0	
618.0	0.0	2.0	1438.0	1438.0	1459.0	21.0	86.0	5.0	15.0	4.0	
619.0	0.0	2.0	1413.0	1413.0	1434.0	21.0	89.0	5.0	14.0	2.0	
620.0	1.0	2.0	1522.0	1522.0	1545.0	23.0	86.0	5.0	15.0	4.0	
621.0	1.0	2.0	1499.0	1499.0	1522.0	23.0	28.0	2.0	8.0	1.0	
622.0	1.0	2.0	1421.0	1421.0	1444.0	23.0	73.0	4.0	13.0	3.0	
623.0	1.0	2.0	1452.0	1452.0	1475.0	23.0	46.0	3.0	14.0	3.0	
624.0	0.0	2.0	1414.0	1414.0	1435.0	21.0	84.0	5.0	12.0	2.0	
625.0	0.0	2.0	1441.0	1441.0	1462.0	21.0	89.0	5.0	14.0	2.0	
626.0	0.0	2.0	1522.0	1522.0	1543.0	21.0	91.0	5.0	9.0	5.0	
627.0	1.0	2.0	1504.0	1504.0	1527.0	23.0	57.0	3.0	14.0	3.0	
628.0	0.0	2.0	1518.0	1518.0	1539.0	21.0	98.0	5.0	15.0	2.0	
629.0	0.0	2.0	1518.0	1518.0	1539.0	21.0	99.0	5.0	12.0	3.0	
630.0	1.0	2.0	1501.0	1501.0	1524.0	23.0	64.0	4.0	4.0	2.0	
631.0	1.0	2.0	1506.0	1506.0	1529.0	23.0	38.0	2.0	5.0	5.0	
632.0	1.0	2.0	1519.0	1519.0	1542.0	23.0	66.0	4.0	12.0	5.0	
633.0	0.0	2.0	1482.0	1482.0	1503.0	21.0	93.0	5.0	4.0	5.0	
634.0	1.0	2.0	1482.0	1482.0	1505.0	23.0	71.0	4.0	11.0	3.0	
635.0	1.0	2.0	1272.0	1272.0	1295.0	23.0	67.0	4.0	3.0	3.0	
636.0	0.0	2.0	1506.0	1506.0	1527.0	21.0	100.0	5.0	14.0	1.0	
637.0	0.0	2.0	1501.0	1501.0	1522.0	21.0	84.0	5.0	12.0	2.0	
638.0	1.0	2.0	1399.0	1399.0	1422.0	23.0	51.0	3.0	2.0	3.0	
639.0	1.0	2.0	1363.0	1363.0	1386.0	23.0	63.0	4.0	15.0	1.0	
640.0	1.0	2.0	1497.0	1497.0	1520.0	23.0	76.0	4.0	6.0	4.0	
641.0	1.0	2.0	1454.0	1454.0	1477.0	23.0	76.0	4.0	6.0	4.0	
642.0	0.0	2.0	1465.0	1465.0	1486.0	21.0	98.0	5.0	15.0	2.0	
643.0	0.0	2.0	1431.0	1431.0	1452.0	21.0	83.0	5.0	5.0	1.0	
644.0	1.0	2.0	1465.0	1465.0	1488.0	23.0	53.0	3.0	12.0	3.0	
645.0	1.0	2.0	1455.0	1455.0	1478.0	23.0	22.0	2.0	6.0	2.0	
646.0	1.0	2.0	1501.0	1501.0	1524.0	23.0	37.0	2.0	5.0	2.0	
647.0	1.0	2.0	1480.0	1480.0	1503.0	23.0	59.0	3.0	9.0	4.0	
648.0	0.0	2.0	1520.0	1520.0	1541.0	21.0	97.0	5.0	9.0	3.0	
649.0	0.0	2.0	1520.0	1520.0	1541.0	21.0	81.0	5.0	3.0	4.0	
650.0	1.0	2.0	1482.0	1482.0	1505.0	23.0	43.0	3.0	13.0	1.0	
651.0	1.0	2.0	1427.0	1427.0	1450.0	23.0	90.0	5.0	4.0	1.0	
652.0	1.0	2.0	1431.0	1431.0	1454.0	23.0	52.0	3.0	4.0	3.0	
653.0	0.0	2.0	1406.0	1406.0	1427.0	21.0	91.0	5.0	9.0	5.0	
654.0	1.0	2.0	1457.0	1457.0	1480.0	23.0	87.0	5.0	5.0	5.0	
655.0	1.0	2.0	1468.0	1468.0	1491.0	23.0	36.0	2.0	15.0	4.0	
656.0	1.0	2.0	1452.0	1452.0	1475.0	23.0	75.0	4.0	8.0	5.0	
657.0	0.0	2.0	1509.0	1509.0	1530.0	21.0	85.0	5.0	3.0	5.0	
658.0	0.0	2.0	1456.0	1456.0	1477.0	21.0	87.0	5.0	5.0	5.0	
659.0	1.0	2.0	1522.0	1522.0	1545.0	23.0	98.0	5.0	15.0	2.0	
660.0	1.0	2.0	1455.0	1455.0	1478.0	23.0	41.0	3.0	15.0	4.0	
661.0	0.0	2.0	1477.0	1477.0	1498.0	21.0	97.0	5.0	9.0	3.0	
662.0	1.0	2.0	1523.0	1523.0	1546.0	23.0	96.0	5.0	15.0	3.0	
663.0	0.0	2.0	1516.0	1516.0	1537.0	21.0	83.0	5.0	5.0	1.0	
664.0	1.0	2.0	1486.0	1486.0	1509.0	23.0	56.0	3.0	13.0	5.0	
665.0	0.0	2.0	1439.0	1439.0	1460.0	21.0	89.0	5.0	14.0	2.0	
666.0	0.0	2.0	1450.0	1450.0	1471.0	21.0	90.0	5.0	4.0	1.0	
667.0	1.0	2.0	1496.0	1496.0	1519.0	23.0	67.0	4.0	3.0	3.0	
668.0	0.0	2.0	1432.0	1432.0	1453.0	21.0	97.0	5.0	9.0	3.0	
669.0	1.0	2.0	1411.0	1411.0	1434.0	23.0	76.0	4.0	6.0	4.0	
670.0	1.0	2.0	1429.0	1429.0	1452.0	23.0	92.0	5.0	10.0	4.0	
671.0	0.0	2.0	1462.0	1462.0	1483.0	21.0	87.0	5.0	5.0	5.0	
672.0	0.0	2.0	1450.0	1450.0	1471.0	21.0	90.0	5.0	4.0	1.0	
673.0	0.0	2.0	1506.0	1506.0	1527.0	21.0	92.0	5.0	10.0	4.0	
674.0	1.0	2.0	1514.0	1514.0	1537.0	23.0	67.0	4.0	3.0	3.0	
675.0	1.0	2.0	1438.0	1438.0	1461.0	23.0	71.0	4.0	11.0	3.0	
676.0	0.0	2.0	1436.0	1436.0	1457.0	21.0	82.0	5.0	6.0	2.0	
677.0	0.0	2.0	1479.0	1479.0	1500.0	21.0	84.0	5.0	12.0	2.0	
678.0	1.0	2.0	1481.0	1481.0	1504.0	23.0	70.0	4.0	11.0	5.0	
679.0	1.0	2.0	1484.0	1484.0	1507.0	23.0	92.0	5.0	10.0	4.0	
680.0	1.0	2.0	1527.0	1527.0	1550.0	23.0	90.0	5.0	4.0	1.0	
681.0	0.0	2.0	1450.0	1450.0	1471.0	21.0	97.0	5.0	9.0	3.0	
682.0	0.0	2.0	1409.0	1409.0	1430.0	21.0	99.0	5.0	12.0	3.0	
683.0	0.0	2.0	1409.0	1409.0	1430.0	21.0	83.0	5.0	5.0	1.0	
684.0	0.0	2.0	1503.0	1503.0	1524.0	21.0	84.0	5.0	12.0	2.0	
685.0	1.0	2.0	1431.0	1431.0	1454.0	23.0	54.0	3.0	10.0	5.0	
686.0	0.0	2.0	1410.0	1410.0	1431.0	21.0	66.0	4.0	12.0	5.0	
687.0	0.0	2.0	1380.0	1380.0	1401.0	21.0	68.0	4.0	5.0	3.0	
688.0	0.0	2.0	1416.0	1416.0	1437.0	21.0	70.0	4.0	11.0	5.0	
689.0	0.0	2.0	1377.0	1377.0	1398.0	21.0	73.0	4.0	13.0	3.0	
690.0	0.0	2.0	1407.0	1407.0	1428.0	21.0	78.0	4.0	8.0	1.0	
691.0	0.0	2.0	1409.0	1409.0	1430.0	21.0	79.0	4.0	7.0	3.0	
692.0	0.0	2.0	1365.0	1365.0	1386.0	21.0	62.0	4.0	7.0	4.0	
693.0	0.0	2.0	1403.0	1403.0	1424.0	21.0	67.0	4.0	3.0	3.0	
694.0	0.0	2.0	1466.0	1466.0	1487.0	21.0	68.0	4.0	5.0	3.0	
695.0	0.0	2.0	1416.0	1416.0	1437.0	21.0	73.0	4.0	13.0	3.0	
696.0	0.0	2.0	1377.0	1377.0	1398.0	21.0	74.0	4.0	1.0	3.0	
697.0	0.0	2.0	1409.0	1409.0	1430.0	21.0	79.0	4.0	7.0	3.0	
698.0	0.0	2.0	1411.0	1411.0	1432.0	21.0	62.0	4.0	7.0	4.0	
699.0	1.0	2.0	1407.0	1407.0	1430.0	23.0	95.0	5.0	8.0	5.0	
700.0	0.0	2.0	1431.0	1431.0	1452.0	21.0	66.0	4.0	12.0	5.0	
701.0	0.0	2.0	1417.0	1417.0	1438.0	21.0	71.0	4.0	11.0	3.0	
702.0	0.0	2.0	1398.0	1398.0	1419.0	21.0	74.0	4.0	1.0	3.0	
703.0	0.0	2.0	1418.0	1418.0	1439.0	21.0	75.0	4.0	8.0	5.0	
704.0	0.0	2.0	1412.0	1412.0	1433.0	21.0	78.0	4.0	8.0	1.0	
705.0	0.0	2.0	1418.0	1418.0	1439.0	21.0	62.0	4.0	7.0	4.0	
706.0	0.0	2.0	1441.0	1441.0	1462.0	21.0	64.0	4.0	4.0	2.0	
707.0	0.0	2.0	1441.0	1441.0	1462.0	21.0	67.0	4.0	3.0	3.0	
708.0	0.0	2.0	1435.0	1435.0	1456.0	21.0	72.0	4.0	11.0	2.0	
709.0	0.0	2.0	1420.0	1420.0	1441.0	21.0	75.0	4.0	8.0	5.0	
710.0	0.0	2.0	1434.0	1434.0	1455.0	21.0	76.0	4.0	6.0	4.0	
711.0	0.0	2.0	1431.0	1431.0	1452.0	21.0	61.0	4.0	12.0	4.0	
712.0	1.0	2.0	1407.0	1407.0	1430.0	23.0	30.0	2.0	14.0	1.0	
713.0	0.0	2.0	1470.0	1470.0	1491.0	21.0	67.0	4.0	3.0	3.0	
714.0	1.0	2.0	1430.0	1430.0	1453.0	23.0	81.0	5.0	3.0	4.0	
715.0	0.0	2.0	1458.0	1458.0	1479.0	21.0	71.0	4.0	11.0	3.0	
716.0	0.0	2.0	1439.0	1439.0	1460.0	21.0	75.0	4.0	8.0	5.0	
717.0	0.0	2.0	1416.0	1416.0	1437.0	21.0	79.0	4.0	7.0	3.0	
718.0	0.0	2.0	1435.0	1435.0	1456.0	21.0	62.0	4.0	7.0	4.0	
719.0	0.0	2.0	1457.0	1457.0	1478.0	21.0	64.0	4.0	4.0	2.0	
720.0	1.0	2.0	1501.0	1501.0	1524.0	23.0	41.0	3.0	15.0	4.0	
721.0	0.0	2.0	1498.0	1498.0	1519.0	21.0	71.0	4.0	11.0	3.0	
722.0	0.0	2.0	1458.0	1458.0	1479.0	21.0	73.0	4.0	13.0	3.0	
723.0	0.0	2.0	1484.0	1484.0	1505.0	21.0	77.0	4.0	8.0	2.0	
724.0	0.0	2.0	1430.0	1430.0	1451.0	21.0	79.0	4.0	7.0	3.0	
725.0	0.0	2.0	1440.0	1440.0	1461.0	21.0	61.0	4.0	12.0	4.0	
726.0	0.0	2.0	1482.0	1482.0	1503.0	21.0	64.0	4.0	4.0	2.0	
727.0	0.0	2.0	1414.0	1414.0	1435.0	21.0	69.0	4.0	12.0	2.0	
728.0	0.0	2.0	1499.0	1499.0	1520.0	21.0	70.0	4.0	11.0	5.0	
729.0	0.0	2.0	1458.0	1458.0	1479.0	21.0	74.0	4.0	1.0	3.0	
730.0	0.0	2.0	1485.0	1485.0	1506.0	21.0	78.0	4.0	8.0	1.0	
731.0	1.0	2.0	1453.0	1453.0	1476.0	23.0	62.0	4.0	7.0	4.0	
732.0	0.0	2.0	1483.0	1483.0	1504.0	21.0	62.0	4.0	7.0	4.0	
733.0	0.0	2.0	1519.0	1519.0	1540.0	21.0	67.0	4.0	3.0	3.0	
734.0	0.0	2.0	1502.0	1502.0	1523.0	21.0	68.0	4.0	5.0	3.0	
735.0	1.0	2.0	1440.0	1440.0	1463.0	23.0	25.0	2.0	12.0	2.0	
736.0	0.0	2.0	1479.0	1479.0	1500.0	21.0	74.0	4.0	1.0	3.0	
737.0	1.0	2.0	1416.0	1416.0	1439.0	23.0	88.0	5.0	4.0	3.0	
738.0	0.0	2.0	1458.0	1458.0	1479.0	21.0	61.0	4.0	12.0	4.0	
739.0	0.0	2.0	1485.0	1485.0	1506.0	21.0	63.0	4.0	15.0	1.0	
740.0	1.0	2.0	1430.0	1430.0	1453.0	23.0	92.0	5.0	10.0	4.0	
741.0	0.0	2.0	1479.0	1479.0	1500.0	21.0	71.0	4.0	11.0	3.0	
742.0	0.0	2.0	1467.0	1467.0	1488.0	21.0	73.0	4.0	13.0	3.0	
743.0	0.0	2.0	1498.0	1498.0	1519.0	21.0	75.0	4.0	8.0	5.0	
744.0	0.0	2.0	1474.0	1474.0	1495.0	21.0	79.0	4.0	7.0	3.0	
745.0	0.0	2.0	1497.0	1497.0	1518.0	21.0	63.0	4.0	15.0	1.0	
746.0	0.0	2.0	1519.0	1519.0	1540.0	21.0	65.0	4.0	11.0	2.0	
747.0	0.0	2.0	1481.0	1481.0	1502.0	21.0	69.0	4.0	12.0	2.0	
748.0	0.0	2.0	1506.0	1506.0	1527.0	21.0	72.0	4.0	11.0	2.0	
749.0	0.0	2.0	1479.0	1479.0	1500.0	21.0	73.0	4.0	13.0	3.0	
750.0	1.0	2.0	1436.0	1436.0	1459.0	23.0	60.0	3.0	3.0	3.0	
751.0	0.0	2.0	1502.0	1502.0	1523.0	21.0	61.0	4.0	12.0	4.0	
752.0	1.0	2.0	1466.0	1466.0	1489.0	23.0	42.0	3.0	4.0	1.0	
753.0	1.0	2.0	1407.0	1407.0	1430.0	23.0	48.0	3.0	13.0	4.0	
754.0	0.0	2.0	1502.0	1502.0	1523.0	21.0	69.0	4.0	12.0	2.0	
755.0	0.0	2.0	1488.0	1488.0	1509.0	21.0	73.0	4.0	13.0	3.0	
756.0	1.0	2.0	1336.0	1336.0	1359.0	23.0	42.0	3.0	4.0	1.0	
757.0	0.0	2.0	1506.0	1506.0	1527.0	21.0	78.0	4.0	8.0	1.0	
758.0	1.0	2.0	1478.0	1478.0	1501.0	23.0	37.0	2.0	5.0	2.0	
759.0	1.0	2.0	1485.0	1485.0	1508.0	23.0	32.0	2.0	14.0	3.0	
760.0	1.0	2.0	1452.0	1452.0	1475.0	23.0	45.0	3.0	5.0	4.0	
761.0	0.0	2.0	1507.0	1507.0	1528.0	21.0	70.0	4.0	11.0	5.0	
762.0	0.0	2.0	1500.0	1500.0	1521.0	21.0	73.0	4.0	13.0	3.0	
763.0	0.0	2.0	1441.0	1441.0	1462.0	21.0	75.0	4.0	8.0	5.0	
764.0	0.0	2.0	1519.0	1519.0	1540.0	21.0	80.0	4.0	3.0	1.0	
765.0	0.0	2.0	1419.0	1419.0	1440.0	21.0	61.0	4.0	12.0	4.0	
766.0	1.0	2.0	1495.0	1495.0	1518.0	23.0	42.0	3.0	4.0	1.0	
767.0	0.0	2.0	1507.0	1507.0	1528.0	21.0	69.0	4.0	12.0	2.0	
768.0	1.0	2.0	1456.0	1456.0	1479.0	23.0	23.0	2.0	7.0	3.0	
769.0	0.0	2.0	1505.0	1505.0	1526.0	21.0	74.0	4.0	1.0	3.0	
770.0	0.0	2.0	1511.0	1511.0	1532.0	21.0	76.0	4.0	6.0	4.0	
771.0	1.0	2.0	1481.0	1481.0	1504.0	23.0	51.0	3.0	2.0	3.0	
772.0	0.0	2.0	1432.0	1432.0	1453.0	21.0	62.0	4.0	7.0	4.0	
773.0	0.0	2.0	1505.0	1505.0	1526.0	21.0	67.0	4.0	3.0	3.0	
774.0	1.0	2.0	1395.0	1395.0	1418.0	23.0	89.0	5.0	14.0	2.0	
775.0	0.0	2.0	1479.0	1479.0	1500.0	21.0	72.0	4.0	11.0	2.0	
776.0	0.0	2.0	1506.0	1506.0	1527.0	21.0	75.0	4.0	8.0	5.0	
777.0	1.0	2.0	1452.0	1452.0	1475.0	23.0	50.0	3.0	9.0	1.0	
778.0	1.0	2.0	1412.0	1412.0	1435.0	23.0	85.0	5.0	3.0	5.0	
779.0	0.0	2.0	1432.0	1432.0	1453.0	21.0	63.0	4.0	15.0	1.0	
780.0	0.0	2.0	1508.0	1508.0	1529.0	21.0	68.0	4.0	5.0	3.0	
781.0	1.0	2.0	1499.0	1499.0	1522.0	23.0	63.0	4.0	15.0	1.0	
782.0	0.0	2.0	1521.0	1521.0	1542.0	21.0	74.0	4.0	1.0	3.0	
783.0	0.0	2.0	1485.0	1485.0	1506.0	21.0	75.0	4.0	8.0	5.0	
784.0	0.0	2.0	1438.0	1438.0	1459.0	21.0	80.0	4.0	3.0	1.0	
785.0	0.0	2.0	1462.0	1462.0	1483.0	21.0	62.0	4.0	7.0	4.0	
786.0	1.0	2.0	1407.0	1407.0	1430.0	23.0	90.0	5.0	4.0	1.0	
787.0	1.0	2.0	1430.0	1430.0	1453.0	23.0	89.0	5.0	14.0	2.0	
788.0	0.0	2.0	1313.0	1313.0	1334.0	21.0	72.0	4.0	11.0	2.0	
789.0	0.0	2.0	1435.0	1435.0	1456.0	21.0	73.0	4.0	13.0	3.0	
790.0	0.0	2.0	1410.0	1410.0	1431.0	21.0	76.0	4.0	6.0	4.0	
791.0	0.0	2.0	1513.0	1513.0	1534.0	21.0	61.0	4.0	12.0	4.0	
792.0	1.0	2.0	1484.0	1484.0	1507.0	23.0	100.0	5.0	14.0	1.0	
793.0	1.0	2.0	1419.0	1419.0	1442.0	23.0	85.0	5.0	3.0	5.0	
794.0	0.0	2.0	1410.0	1410.0	1431.0	21.0	70.0	4.0	11.0	5.0	
795.0	1.0	2.0	1416.0	1416.0	1439.0	23.0	32.0	2.0	14.0	3.0	
796.0	0.0	2.0	1520.0	1520.0	1541.0	21.0	76.0	4.0	6.0	4.0	
797.0	0.0	2.0	1520.0	1520.0	1541.0	21.0	79.0	4.0	7.0	3.0	
798.0	1.0	2.0	1458.0	1458.0	1481.0	23.0	85.0	5.0	3.0	5.0	
799.0	1.0	2.0	1460.0	1460.0	1483.0	23.0	91.0	5.0	9.0	5.0	
800.0	0.0	2.0	1475.0	1475.0	1496.0	21.0	67.0	4.0	3.0	3.0	
801.0	1.0	2.0	1435.0	1435.0	1458.0	23.0	81.0	5.0	3.0	4.0	
802.0	0.0	2.0	1414.0	1414.0	1435.0	21.0	72.0	4.0	11.0	2.0	
803.0	1.0	2.0	1513.0	1513.0	1536.0	23.0	58.0	3.0	11.0	4.0	
804.0	1.0	2.0	1524.0	1524.0	1547.0	23.0	77.0	4.0	8.0	2.0	
805.0	1.0	2.0	1409.0	1409.0	1432.0	23.0	22.0	2.0	6.0	2.0	
806.0	0.0	2.0	1465.0	1465.0	1486.0	21.0	65.0	4.0	11.0	2.0	
807.0	1.0	2.0	1442.0	1442.0	1465.0	23.0	98.0	5.0	15.0	2.0	
808.0	0.0	2.0	1477.0	1477.0	1498.0	21.0	71.0	4.0	11.0	3.0	
809.0	1.0	2.0	1439.0	1439.0	1462.0	23.0	88.0	5.0	4.0	3.0	
810.0	1.0	2.0	1465.0	1465.0	1488.0	23.0	94.0	5.0	13.0	1.0	
811.0	1.0	2.0	1462.0	1462.0	1485.0	23.0	86.0	5.0	15.0	4.0	
812.0	0.0	2.0	1348.0	1348.0	1369.0	21.0	63.0	4.0	15.0	1.0	
813.0	0.0	2.0	1475.0	1475.0	1496.0	21.0	65.0	4.0	11.0	2.0	
814.0	0.0	2.0	1457.0	1457.0	1478.0	21.0	70.0	4.0	11.0	5.0	
815.0	0.0	2.0	1485.0	1485.0	1506.0	21.0	72.0	4.0	11.0	2.0	
816.0	1.0	2.0	1506.0	1506.0	1529.0	23.0	79.0	4.0	7.0	3.0	
817.0	1.0	2.0	1498.0	1498.0	1521.0	23.0	52.0	3.0	4.0	3.0	
818.0	0.0	2.0	1500.0	1500.0	1521.0	21.0	62.0	4.0	7.0	4.0	
819.0	0.0	2.0	1434.0	1434.0	1455.0	21.0	63.0	4.0	15.0	1.0	
820.0	1.0	2.0	1510.0	1510.0	1533.0	23.0	51.0	3.0	2.0	3.0	
821.0	0.0	2.0	1482.0	1482.0	1503.0	21.0	69.0	4.0	12.0	2.0	
822.0	0.0	2.0	1521.0	1521.0	1542.0	21.0	72.0	4.0	11.0	2.0	
823.0	1.0	2.0	1407.0	1407.0	1430.0	23.0	52.0	3.0	4.0	3.0	
824.0	1.0	2.0	1519.0	1519.0	1542.0	23.0	83.0	5.0	5.0	1.0	
825.0	1.0	2.0	1498.0	1498.0	1521.0	23.0	97.0	5.0	9.0	3.0	
826.0	1.0	2.0	1461.0	1461.0	1484.0	23.0	100.0	5.0	14.0	1.0	
827.0	1.0	2.0	1437.0	1437.0	1460.0	23.0	90.0	5.0	4.0	1.0	
828.0	1.0	2.0	1479.0	1479.0	1502.0	23.0	48.0	3.0	13.0	4.0	
829.0	0.0	2.0	1519.0	1519.0	1540.0	21.0	75.0	4.0	8.0	5.0	
830.0	0.0	2.0	1523.0	1523.0	1544.0	21.0	77.0	4.0	8.0	2.0	
831.0	0.0	2.0	1475.0	1475.0	1496.0	21.0	80.0	4.0	3.0	1.0	
832.0	0.0	2.0	1506.0	1506.0	1527.0	21.0	63.0	4.0	15.0	1.0	
833.0	1.0	2.0	1407.0	1407.0	1430.0	23.0	81.0	5.0	3.0	4.0	
834.0	0.0	2.0	1523.0	1523.0	1544.0	21.0	70.0	4.0	11.0	5.0	
835.0	1.0	2.0	1409.0	1409.0	1432.0	23.0	98.0	5.0	15.0	2.0	
836.0	0.0	2.0	1523.0	1523.0	1544.0	21.0	76.0	4.0	6.0	4.0	
837.0	1.0	2.0	1501.0	1501.0	1524.0	23.0	22.0	2.0	6.0	2.0	
838.0	0.0	2.0	1519.0	1519.0	1540.0	21.0	61.0	4.0	12.0	4.0	
839.0	0.0	2.0	1453.0	1453.0	1474.0	21.0	63.0	4.0	15.0	1.0	
840.0	0.0	2.0	1454.0	1454.0	1475.0	21.0	67.0	4.0	3.0	3.0	
841.0	1.0	2.0	1481.0	1481.0	1504.0	23.0	57.0	3.0	14.0	3.0	
842.0	1.0	2.0	1416.0	1416.0	1439.0	23.0	100.0	5.0	14.0	1.0	
843.0	1.0	2.0	1431.0	1431.0	1454.0	23.0	47.0	3.0	15.0	5.0	
844.0	1.0	2.0	1524.0	1524.0	1547.0	23.0	68.0	4.0	5.0	3.0	
845.0	0.0	2.0	1416.0	1416.0	1437.0	21.0	63.0	4.0	15.0	1.0	
846.0	0.0	2.0	1454.0	1454.0	1475.0	21.0	65.0	4.0	11.0	2.0	
847.0	1.0	2.0	1417.0	1417.0	1440.0	23.0	85.0	5.0	3.0	5.0	
848.0	0.0	2.0	1440.0	1440.0	1461.0	21.0	70.0	4.0	11.0	5.0	
849.0	1.0	2.0	1413.0	1413.0	1436.0	23.0	82.0	5.0	6.0	2.0	
850.0	1.0	2.0	1456.0	1456.0	1479.0	23.0	48.0	3.0	13.0	4.0	
851.0	1.0	2.0	1313.0	1313.0	1336.0	23.0	46.0	3.0	14.0	3.0	
852.0	1.0	2.0	1434.0	1434.0	1457.0	23.0	87.0	5.0	5.0	5.0	
853.0	1.0	2.0	1440.0	1440.0	1463.0	23.0	81.0	5.0	3.0	4.0	
854.0	0.0	2.0	1524.0	1524.0	1545.0	21.0	69.0	4.0	12.0	2.0	
855.0	1.0	2.0	1427.0	1427.0	1450.0	23.0	53.0	3.0	12.0	3.0	
856.0	0.0	2.0	1476.0	1476.0	1497.0	21.0	76.0	4.0	6.0	4.0	
857.0	0.0	2.0	1453.0	1453.0	1474.0	21.0	79.0	4.0	7.0	3.0	
858.0	1.0	2.0	1453.0	1453.0	1476.0	23.0	90.0	5.0	4.0	1.0	
859.0	1.0	2.0	1473.0	1473.0	1496.0	23.0	91.0	5.0	9.0	5.0	
860.0	0.0	2.0	1442.0	1442.0	1463.0	21.0	67.0	4.0	3.0	3.0	
861.0	1.0	2.0	1436.0	1436.0	1459.0	23.0	93.0	5.0	4.0	5.0	
862.0	1.0	2.0	1414.0	1414.0	1437.0	23.0	81.0	5.0	3.0	4.0	
863.0	1.0	2.0	1434.0	1434.0	1457.0	23.0	89.0	5.0	14.0	2.0	
864.0	1.0	2.0	1476.0	1476.0	1499.0	23.0	82.0	5.0	6.0	2.0	
865.0	1.0	2.0	1506.0	1506.0	1529.0	23.0	86.0	5.0	15.0	4.0	
866.0	0.0	2.0	1475.0	1475.0	1496.0	21.0	66.0	4.0	12.0	5.0	
867.0	0.0	2.0	1526.0	1526.0	1547.0	21.0	67.0	4.0	3.0	3.0	
868.0	1.0	2.0	1502.0	1502.0	1525.0	23.0	94.0	5.0	13.0	1.0	
869.0	1.0	2.0	1422.0	1422.0	1445.0	23.0	50.0	3.0	9.0	1.0	
870.0	1.0	2.0	1481.0	1481.0	1504.0	23.0	86.0	5.0	15.0	4.0	
871.0	1.0	2.0	1417.0	1417.0	1440.0	23.0	87.0	5.0	5.0	5.0	
872.0	1.0	2.0	1462.0	1462.0	1485.0	23.0	32.0	2.0	14.0	3.0	
873.0	1.0	2.0	1479.0	1479.0	1502.0	23.0	23.0	2.0	7.0	3.0	
874.0	0.0	2.0	1289.0	1289.0	1310.0	21.0	69.0	4.0	12.0	2.0	
875.0	0.0	2.0	1519.0	1519.0	1540.0	21.0	71.0	4.0	11.0	3.0	
876.0	0.0	2.0	1500.0	1500.0	1521.0	21.0	74.0	4.0	1.0	3.0	
877.0	0.0	2.0	1428.0	1428.0	1449.0	21.0	78.0	4.0	8.0	1.0	
878.0	1.0	2.0	1475.0	1475.0	1498.0	23.0	44.0	3.0	3.0	5.0	
879.0	0.0	2.0	1511.0	1511.0	1532.0	21.0	65.0	4.0	11.0	2.0	
880.0	1.0	2.0	1413.0	1413.0	1436.0	23.0	58.0	3.0	11.0	4.0	
881.0	0.0	2.0	1478.0	1478.0	1499.0	21.0	70.0	4.0	11.0	5.0	
882.0	0.0	2.0	1521.0	1521.0	1542.0	21.0	73.0	4.0	13.0	3.0	
883.0	1.0	2.0	1414.0	1414.0	1437.0	23.0	99.0	5.0	12.0	3.0	
884.0	1.0	2.0	1462.0	1462.0	1485.0	23.0	100.0	5.0	14.0	1.0	
885.0	1.0	2.0	1504.0	1504.0	1527.0	23.0	51.0	3.0	2.0	3.0	
886.0	1.0	2.0	1523.0	1523.0	1546.0	23.0	61.0	4.0	12.0	4.0	
887.0	0.0	2.0	1484.0	1484.0	1505.0	21.0	69.0	4.0	12.0	2.0	
888.0	0.0	2.0	1461.0	1461.0	1482.0	21.0	71.0	4.0	11.0	3.0	
889.0	1.0	2.0	1408.0	1408.0	1431.0	23.0	97.0	5.0	9.0	3.0	
890.0	1.0	2.0	1413.0	1413.0	1436.0	23.0	59.0	3.0	9.0	4.0	
891.0	1.0	2.0	1434.0	1434.0	1457.0	23.0	24.0	2.0	14.0	4.0	
892.0	1.0	2.0	1476.0	1476.0	1499.0	23.0	28.0	2.0	8.0	1.0	
893.0	0.0	2.0	1412.0	1412.0	1433.0	21.0	65.0	4.0	11.0	2.0	
894.0	0.0	2.0	1487.0	1487.0	1508.0	21.0	68.0	4.0	5.0	3.0	
895.0	0.0	2.0	1412.0	1412.0	1433.0	21.0	72.0	4.0	11.0	2.0	
896.0	0.0	2.0	1526.0	1526.0	1547.0	21.0	74.0	4.0	1.0	3.0	
897.0	1.0	2.0	1497.0	1497.0	1520.0	23.0	81.0	5.0	3.0	4.0	
898.0	1.0	2.0	1453.0	1453.0	1476.0	23.0	28.0	2.0	8.0	1.0	
899.0	0.0	2.0	1518.0	1518.0	1539.0	21.0	63.0	4.0	15.0	1.0	
900.0	0.0	2.0	1412.0	1412.0	1433.0	21.0	67.0	4.0	3.0	3.0	
901.0	0.0	2.0	1526.0	1526.0	1547.0	21.0	71.0	4.0	11.0	3.0	
902.0	1.0	2.0	1478.0	1478.0	1501.0	23.0	89.0	5.0	14.0	2.0	
903.0	1.0	2.0	1505.0	1505.0	1528.0	23.0	43.0	3.0	13.0	1.0	
904.0	0.0	2.0	1410.0	1410.0	1431.0	21.0	80.0	4.0	3.0	1.0	
905.0	0.0	2.0	1521.0	1521.0	1542.0	21.0	62.0	4.0	7.0	4.0	
906.0	1.0	2.0	1500.0	1500.0	1523.0	23.0	84.0	5.0	12.0	2.0	
907.0	1.0	2.0	1430.0	1430.0	1453.0	23.0	48.0	3.0	13.0	4.0	
908.0	0.0	2.0	1349.0	1350.0	1371.0	21.0	70.0	4.0	11.0	5.0	
909.0	1.0	2.0	1475.0	1475.0	1498.0	23.0	45.0	3.0	5.0	4.0	
910.0	1.0	2.0	1501.0	1501.0	1524.0	23.0	89.0	5.0	14.0	2.0	
911.0	1.0	2.0	1407.0	1407.0	1430.0	23.0	29.0	2.0	2.0	5.0	
912.0	1.0	2.0	1500.0	1500.0	1523.0	23.0	54.0	3.0	10.0	5.0	
913.0	0.0	2.0	1508.0	1508.0	1529.0	21.0	67.0	4.0	3.0	3.0	
914.0	0.0	2.0	1526.0	1526.0	1547.0	21.0	69.0	4.0	12.0	2.0	
915.0	0.0	2.0	1410.0	1410.0	1431.0	21.0	71.0	4.0	11.0	3.0	
916.0	1.0	2.0	1460.0	1460.0	1483.0	23.0	79.0	4.0	7.0	3.0	
917.0	1.0	2.0	1406.0	1406.0	1429.0	23.0	46.0	3.0	14.0	3.0	
918.0	1.0	2.0	1442.0	1442.0	1465.0	23.0	59.0	3.0	9.0	4.0	
919.0	1.0	2.0	1432.0	1432.0	1455.0	23.0	22.0	2.0	6.0	2.0	
920.0	1.0	2.0	1419.0	1419.0	1442.0	23.0	34.0	2.0	14.0	1.0	
921.0	1.0	2.0	1436.0	1436.0	1459.0	23.0	91.0	5.0	9.0	5.0	
922.0	0.0	2.0	1444.0	1444.0	1465.0	21.0	73.0	4.0	13.0	3.0	
923.0	0.0	2.0	1438.0	1438.0	1459.0	21.0	77.0	4.0	8.0	2.0	
924.0	1.0	2.0	1414.0	1414.0	1437.0	23.0	85.0	5.0	3.0	5.0	
925.0	0.0	2.0	1522.0	1522.0	1543.0	21.0	63.0	4.0	15.0	1.0	
926.0	1.0	2.0	1414.0	1414.0	1437.0	23.0	97.0	5.0	9.0	3.0	
927.0	0.0	2.0	1417.0	1417.0	1438.0	21.0	68.0	4.0	5.0	3.0	
928.0	1.0	2.0	1413.0	1413.0	1436.0	23.0	43.0	3.0	13.0	1.0	
929.0	1.0	2.0	1476.0	1476.0	1499.0	23.0	89.0	5.0	14.0	2.0	
930.0	0.0	2.0	1417.0	1417.0	1438.0	21.0	77.0	4.0	8.0	2.0	
931.0	0.0	2.0	1417.0	1417.0	1438.0	21.0	80.0	4.0	3.0	1.0	
932.0	1.0	2.0	1366.0	1366.0	1389.0	23.0	87.0	5.0	5.0	5.0	
933.0	0.0	2.0	1433.0	1433.0	1454.0	21.0	65.0	4.0	11.0	2.0	
934.0	1.0	2.0	1501.0	1501.0	1524.0	23.0	87.0	5.0	5.0	5.0	
935.0	0.0	2.0	1500.0	1500.0	1521.0	21.0	72.0	4.0	11.0	2.0	
936.0	1.0	2.0	1475.0	1475.0	1498.0	23.0	50.0	3.0	9.0	1.0	
937.0	0.0	2.0	1525.0	1525.0	1546.0	21.0	78.0	4.0	8.0	1.0	
938.0	1.0	2.0	1495.0	1495.0	1518.0	23.0	30.0	2.0	14.0	1.0	
939.0	1.0	2.0	1417.0	1417.0	1440.0	23.0	81.0	5.0	3.0	4.0	
940.0	0.0	2.0	1433.0	1433.0	1454.0	21.0	67.0	4.0	3.0	3.0	
941.0	1.0	2.0	1475.0	1475.0	1498.0	23.0	46.0	3.0	14.0	3.0	
942.0	0.0	2.0	1527.0	1527.0	1548.0	21.0	72.0	4.0	11.0	2.0	
943.0	1.0	2.0	1436.0	1436.0	1459.0	23.0	49.0	3.0	12.0	1.0	
944.0	0.0	2.0	1524.0	1524.0	1545.0	21.0	80.0	4.0	3.0	1.0	
945.0	0.0	2.0	1522.0	1522.0	1543.0	21.0	62.0	4.0	7.0	4.0	
946.0	1.0	2.0	1335.0	1335.0	1358.0	23.0	84.0	5.0	12.0	2.0	
947.0	0.0	2.0	1463.0	1463.0	1484.0	21.0	67.0	4.0	3.0	3.0	
948.0	1.0	2.0	1450.0	1450.0	1473.0	23.0	53.0	3.0	12.0	3.0	
949.0	0.0	2.0	1463.0	1463.0	1484.0	21.0	74.0	4.0	1.0	3.0	
950.0	1.0	2.0	1481.0	1481.0	1504.0	23.0	55.0	3.0	6.0	4.0	
951.0	1.0	2.0	1432.0	1432.0	1455.0	23.0	41.0	3.0	15.0	4.0	
952.0	0.0	2.0	1508.0	1508.0	1529.0	21.0	64.0	4.0	4.0	2.0	
953.0	1.0	2.0	1389.0	1389.0	1412.0	23.0	87.0	5.0	5.0	5.0	
954.0	1.0	2.0	1432.0	1432.0	1455.0	23.0	85.0	5.0	3.0	5.0	
955.0	1.0	2.0	1496.0	1496.0	1519.0	23.0	83.0	5.0	5.0	1.0	
956.0	1.0	2.0	1408.0	1408.0	1431.0	23.0	92.0	5.0	10.0	4.0	
957.0	1.0	2.0	1518.0	1518.0	1541.0	23.0	48.0	3.0	13.0	4.0	
958.0	1.0	2.0	1419.0	1419.0	1442.0	23.0	53.0	3.0	12.0	3.0	
959.0	0.0	2.0	1342.0	1342.0	1363.0	21.0	63.0	4.0	15.0	1.0	
960.0	0.0	2.0	1336.0	1336.0	1357.0	21.0	67.0	4.0	3.0	3.0	
961.0	0.0	2.0	1440.0	1440.0	1461.0	21.0	69.0	4.0	12.0	2.0	
962.0	1.0	2.0	1410.0	1410.0	1433.0	23.0	93.0	5.0	4.0	5.0	
963.0	0.0	2.0	1440.0	1440.0	1461.0	21.0	77.0	4.0	8.0	2.0	
964.0	0.0	2.0	1527.0	1527.0	1548.0	21.0	78.0	4.0	8.0	1.0	
965.0	1.0	2.0	1508.0	1508.0	1531.0	23.0	33.0	2.0	14.0	1.0	
966.0	0.0	2.0	1444.0	1444.0	1465.0	21.0	65.0	4.0	11.0	2.0	
967.0	1.0	2.0	1453.0	1453.0	1476.0	23.0	82.0	5.0	6.0	2.0	
968.0	1.0	2.0	1462.0	1462.0	1485.0	23.0	88.0	5.0	4.0	3.0	
969.0	1.0	2.0	1503.0	1503.0	1526.0	23.0	24.0	2.0	14.0	4.0	
970.0	1.0	2.0	1511.0	1511.0	1534.0	23.0	73.0	4.0	13.0	3.0	
971.0	0.0	2.0	1529.0	1529.0	1550.0	21.0	79.0	4.0	7.0	3.0	
972.0	1.0	2.0	1463.0	1463.0	1486.0	23.0	99.0	5.0	12.0	3.0	
973.0	1.0	2.0	1461.0	1461.0	1484.0	23.0	100.0	5.0	14.0	1.0	
974.0	0.0	2.0	1463.0	1463.0	1484.0	21.0	69.0	4.0	12.0	2.0	
975.0	1.0	2.0	1454.0	1454.0	1477.0	23.0	96.0	5.0	15.0	3.0	
976.0	1.0	2.0	1483.0	1483.0	1506.0	23.0	92.0	5.0	10.0	4.0	
977.0	0.0	2.0	1466.0	1466.0	1487.0	21.0	77.0	4.0	8.0	2.0	
978.0	1.0	2.0	1440.0	1440.0	1463.0	23.0	87.0	5.0	5.0	5.0	
979.0	1.0	2.0	1439.0	1439.0	1462.0	23.0	82.0	5.0	6.0	2.0	
980.0	1.0	2.0	1483.0	1483.0	1506.0	23.0	86.0	5.0	15.0	4.0	
981.0	0.0	2.0	1437.0	1437.0	1458.0	21.0	70.0	4.0	11.0	5.0	
982.0	0.0	2.0	1532.0	1532.0	1553.0	21.0	73.0	4.0	13.0	3.0	
983.0	1.0	2.0	1432.0	1432.0	1455.0	23.0	94.0	5.0	13.0	1.0	
984.0	1.0	2.0	1451.0	1451.0	1474.0	23.0	95.0	5.0	8.0	5.0	
985.0	0.0	2.0	1525.0	1525.0	1546.0	21.0	63.0	4.0	15.0	1.0	
986.0	0.0	2.0	1509.0	1509.0	1530.0	21.0	65.0	4.0	11.0	2.0	
987.0	1.0	2.0	1476.0	1476.0	1499.0	23.0	97.0	5.0	9.0	3.0	
988.0	0.0	2.0	1527.0	1527.0	1548.0	21.0	70.0	4.0	11.0	5.0	
989.0	0.0	2.0	1508.0	1508.0	1529.0	21.0	75.0	4.0	8.0	5.0	
990.0	1.0	2.0	1442.0	1442.0	1465.0	23.0	53.0	3.0	12.0	3.0	
991.0	0.0	2.0	1503.0	1503.0	1524.0	21.0	80.0	4.0	3.0	1.0	
992.0	1.0	2.0	1410.0	1410.0	1433.0	23.0	82.0	5.0	6.0	2.0	
993.0	1.0	2.0	1526.0	1526.0	1549.0	23.0	77.0	4.0	8.0	2.0	
994.0	0.0	2.0	1503.0	1503.0	1524.0	21.0	68.0	4.0	5.0	3.0	
995.0	0.0	2.0	1533.0	1533.0	1554.0	21.0	71.0	4.0	11.0	3.0	
996.0	0.0	2.0	1442.0	1442.0	1463.0	21.0	74.0	4.0	1.0	3.0	
997.0	0.0	2.0	1503.0	1503.0	1524.0	21.0	77.0	4.0	8.0	2.0	
998.0	0.0	2.0	1479.0	1479.0	1500.0	21.0	62.0	4.0	7.0	4.0	
999.0	1.0	2.0	1465.0	1465.0	1488.0	23.0	76.0	4.0	6.0	4.0	
1000.0	0.0	2.0	1465.0	1465.0	1486.0	21.0	66.0	4.0	12.0	5.0	
1001.0	1.0	2.0	1456.0	1456.0	1479.0	23.0	47.0	3.0	15.0	5.0	
1002.0	1.0	2.0	1456.0	1456.0	1479.0	23.0	98.0	5.0	15.0	2.0	
1003.0	1.0	2.0	1523.0	1523.0	1546.0	23.0	84.0	5.0	12.0	2.0	
1004.0	1.0	2.0	1531.0	1531.0	1554.0	23.0	33.0	2.0	14.0	1.0	
1005.0	0.0	2.0	1525.0	1525.0	1546.0	21.0	62.0	4.0	7.0	4.0	
1006.0	0.0	2.0	1524.0	1524.0	1545.0	21.0	64.0	4.0	4.0	2.0	
1007.0	1.0	2.0	1518.0	1518.0	1541.0	23.0	100.0	5.0	14.0	1.0	
1008.0	0.0	2.0	1528.0	1528.0	1549.0	21.0	70.0	4.0	11.0	5.0	
1009.0	1.0	2.0	1510.0	1510.0	1533.0	23.0	42.0	3.0	4.0	1.0	
1010.0	1.0	2.0	1521.0	1521.0	1544.0	23.0	44.0	3.0	3.0	5.0	
1011.0	1.0	2.0	1437.0	1437.0	1460.0	23.0	94.0	5.0	13.0	1.0	
1012.0	1.0	2.0	1435.0	1435.0	1458.0	23.0	55.0	3.0	6.0	4.0	
1013.0	1.0	2.0	1486.0	1486.0	1509.0	23.0	25.0	2.0	12.0	2.0	
1014.0	0.0	2.0	1420.0	1420.0	1441.0	21.0	68.0	4.0	5.0	3.0	
1015.0	1.0	2.0	1537.0	1537.0	1560.0	23.0	83.0	5.0	5.0	1.0	
1016.0	1.0	2.0	1501.0	1501.0	1524.0	23.0	58.0	3.0	11.0	4.0	
1017.0	1.0	2.0	1528.0	1528.0	1551.0	23.0	100.0	5.0	14.0	1.0	
1018.0	0.0	2.0	1452.0	1452.0	1473.0	21.0	61.0	4.0	12.0	4.0	
1019.0	1.0	2.0	1411.0	1411.0	1434.0	23.0	88.0	5.0	4.0	3.0	
1020.0	0.0	2.0	1445.0	1445.0	1466.0	21.0	68.0	4.0	5.0	3.0	
1021.0	1.0	2.0	1521.0	1521.0	1544.0	23.0	96.0	5.0	15.0	3.0	
1022.0	1.0	2.0	1476.0	1476.0	1499.0	23.0	90.0	5.0	4.0	1.0	
1023.0	1.0	2.0	1440.0	1440.0	1463.0	23.0	85.0	5.0	3.0	5.0	
1024.0	1.0	2.0	1509.0	1509.0	1532.0	23.0	53.0	3.0	12.0	3.0	
1025.0	0.0	2.0	1504.0	1504.0	1525.0	21.0	62.0	4.0	7.0	4.0	
1026.0	1.0	2.0	1483.0	1483.0	1506.0	23.0	38.0	2.0	5.0	5.0	
1027.0	1.0	2.0	1429.0	1429.0	1452.0	23.0	50.0	3.0	9.0	1.0	
1028.0	1.0	2.0	1462.0	1462.0	1485.0	23.0	33.0	2.0	14.0	1.0	
1029.0	0.0	2.0	1527.0	1527.0	1548.0	21.0	75.0	4.0	8.0	5.0	
1030.0	1.0	2.0	1502.0	1502.0	1525.0	23.0	26.0	2.0	1.0	2.0	
1031.0	1.0	2.0	1498.0	1498.0	1521.0	23.0	47.0	3.0	15.0	5.0	
1032.0	0.0	2.0	1526.0	1526.0	1547.0	21.0	64.0	4.0	4.0	2.0	
1033.0	1.0	2.0	1480.0	1480.0	1503.0	23.0	24.0	2.0	14.0	4.0	
1034.0	0.0	2.0	1307.0	1307.0	1328.0	21.0	69.0	4.0	12.0	2.0	
1035.0	1.0	2.0	1449.0	1449.0	1472.0	23.0	83.0	5.0	5.0	1.0	
1036.0	1.0	2.0	1437.0	1437.0	1460.0	23.0	83.0	5.0	5.0	1.0	
1037.0	0.0	2.0	1518.0	1518.0	1539.0	21.0	79.0	4.0	7.0	3.0	
1038.0	0.0	2.0	1530.0	1530.0	1551.0	21.0	61.0	4.0	12.0	4.0	
1039.0	0.0	2.0	1527.0	1527.0	1548.0	21.0	63.0	4.0	15.0	1.0	
1040.0	1.0	2.0	1481.0	1481.0	1504.0	23.0	89.0	5.0	14.0	2.0	
1041.0	1.0	2.0	1423.0	1423.0	1446.0	23.0	84.0	5.0	12.0	2.0	
1042.0	0.0	2.0	1456.0	1456.0	1477.0	21.0	73.0	4.0	13.0	3.0	
1043.0	0.0	2.0	1455.0	1455.0	1476.0	21.0	76.0	4.0	6.0	4.0	
1044.0	0.0	2.0	1489.0	1489.0	1510.0	21.0	80.0	4.0	3.0	1.0	
1045.0	0.0	2.0	1478.0	1478.0	1499.0	21.0	63.0	4.0	15.0	1.0	
1046.0	0.0	2.0	1509.0	1509.0	1530.0	21.0	66.0	4.0	12.0	5.0	
1047.0	1.0	2.0	1454.0	1454.0	1477.0	23.0	54.0	3.0	10.0	5.0	
1048.0	1.0	2.0	1525.0	1525.0	1548.0	23.0	94.0	5.0	13.0	1.0	
1049.0	1.0	2.0	1439.0	1439.0	1462.0	23.0	90.0	5.0	4.0	1.0	
1050.0	1.0	2.0	1405.0	1405.0	1428.0	23.0	42.0	3.0	4.0	1.0	
1051.0	1.0	2.0	1480.0	1480.0	1503.0	23.0	84.0	5.0	12.0	2.0	
1052.0	1.0	2.0	1494.0	1494.0	1517.0	23.0	56.0	3.0	13.0	5.0	
1053.0	1.0	2.0	1487.0	1487.0	1510.0	23.0	95.0	5.0	8.0	5.0	
1054.0	1.0	2.0	1524.0	1524.0	1547.0	23.0	89.0	5.0	14.0	2.0	
1055.0	1.0	2.0	1409.0	1409.0	1432.0	23.0	41.0	3.0	15.0	4.0	
1056.0	1.0	2.0	1483.0	1483.0	1506.0	23.0	91.0	5.0	9.0	5.0	
1057.0	0.0	2.0	1445.0	1445.0	1466.0	21.0	77.0	4.0	8.0	2.0	
1058.0	1.0	2.0	1503.0	1503.0	1526.0	23.0	99.0	5.0	12.0	3.0	
1059.0	1.0	2.0	1455.0	1455.0	1478.0	23.0	37.0	2.0	5.0	2.0	
1060.0	1.0	2.0	1445.0	1445.0	1468.0	23.0	36.0	2.0	15.0	4.0	
1061.0	1.0	2.0	1471.0	1471.0	1494.0	23.0	56.0	3.0	13.0	5.0	
1062.0	1.0	2.0	1410.0	1410.0	1433.0	23.0	96.0	5.0	15.0	3.0	
1063.0	1.0	2.0	1442.0	1442.0	1465.0	23.0	85.0	5.0	3.0	5.0	
1064.0	1.0	2.0	1416.0	1416.0	1439.0	23.0	91.0	5.0	9.0	5.0	
1065.0	1.0	2.0	1475.0	1475.0	1498.0	23.0	88.0	5.0	4.0	3.0	
1066.0	0.0	2.0	1518.0	1518.0	1539.0	21.0	66.0	4.0	12.0	5.0	
1067.0	0.0	2.0	1442.0	1442.0	1463.0	21.0	69.0	4.0	12.0	2.0	
1068.0	1.0	2.0	1472.0	1472.0	1495.0	23.0	83.0	5.0	5.0	1.0	
1069.0	0.0	2.0	1487.0	1487.0	1508.0	21.0	75.0	4.0	8.0	5.0	
1070.0	0.0	2.0	1441.0	1441.0	1462.0	21.0	78.0	4.0	8.0	1.0	
1071.0	1.0	2.0	1465.0	1465.0	1488.0	23.0	55.0	3.0	6.0	4.0	
1072.0	0.0	2.0	1441.0	1441.0	1462.0	21.0	63.0	4.0	15.0	1.0	
1073.0	1.0	2.0	1506.0	1506.0	1529.0	23.0	91.0	5.0	9.0	5.0	
1074.0	0.0	2.0	1528.0	1528.0	1549.0	21.0	69.0	4.0	12.0	2.0	
1075.0	0.0	2.0	1512.0	1512.0	1533.0	21.0	71.0	4.0	11.0	3.0	
1076.0	0.0	2.0	1529.0	1529.0	1550.0	21.0	75.0	4.0	8.0	5.0	
1077.0	1.0	2.0	1518.0	1518.0	1541.0	23.0	88.0	5.0	4.0	3.0	
1078.0	1.0	2.0	1451.0	1451.0	1474.0	23.0	30.0	2.0	14.0	1.0	
1079.0	0.0	2.0	1437.0	1437.0	1458.0	21.0	63.0	4.0	15.0	1.0	
1080.0	1.0	2.0	1521.0	1521.0	1544.0	23.0	97.0	5.0	9.0	3.0	
1081.0	1.0	2.0	1460.0	1460.0	1483.0	23.0	38.0	2.0	5.0	5.0	
1082.0	1.0	2.0	1535.0	1535.0	1558.0	23.0	50.0	3.0	9.0	1.0	
1083.0	1.0	2.0	1527.0	1527.0	1550.0	23.0	83.0	5.0	5.0	1.0	
1084.0	1.0	2.0	1417.0	1417.0	1440.0	23.0	27.0	2.0	13.0	4.0	
1085.0	1.0	2.0	1459.0	1459.0	1482.0	23.0	99.0	5.0	12.0	3.0	
1086.0	1.0	2.0	1528.0	1528.0	1551.0	23.0	93.0	5.0	4.0	5.0	
1087.0	0.0	2.0	1505.0	1505.0	1526.0	21.0	69.0	4.0	12.0	2.0	
1088.0	1.0	2.0	1484.0	1484.0	1507.0	23.0	94.0	5.0	13.0	1.0	
1089.0	1.0	2.0	1526.0	1526.0	1549.0	23.0	99.0	5.0	12.0	3.0	
1090.0	0.0	2.0	1505.0	1505.0	1526.0	21.0	77.0	4.0	8.0	2.0	
1091.0	1.0	2.0	1438.0	1438.0	1461.0	23.0	45.0	3.0	5.0	4.0	
1092.0	1.0	2.0	1441.0	1441.0	1464.0	23.0	100.0	5.0	14.0	1.0	
1093.0	1.0	2.0	1529.0	1529.0	1552.0	23.0	86.0	5.0	15.0	4.0	
1094.0	0.0	2.0	1503.0	1503.0	1524.0	21.0	69.0	4.0	12.0	2.0	
1095.0	1.0	2.0	1437.0	1437.0	1460.0	23.0	85.0	5.0	3.0	5.0	
1096.0	1.0	2.0	1440.0	1440.0	1463.0	23.0	27.0	2.0	13.0	4.0	
1097.0	1.0	2.0	1455.0	1455.0	1478.0	23.0	84.0	5.0	12.0	2.0	
1098.0	0.0	2.0	1454.0	1454.0	1475.0	21.0	80.0	4.0	3.0	1.0	
1099.0	0.0	2.0	1504.0	1504.0	1525.0	21.0	63.0	4.0	15.0	1.0	
1100.0	0.0	2.0	1438.0	1438.0	1459.0	21.0	68.0	4.0	5.0	3.0	
1101.0	0.0	2.0	1491.0	1491.0	1512.0	21.0	71.0	4.0	11.0	3.0	
1102.0	0.0	2.0	1437.0	1437.0	1458.0	21.0	73.0	4.0	13.0	3.0	
1103.0	0.0	2.0	1502.0	1502.0	1523.0	21.0	77.0	4.0	8.0	2.0	
1104.0	1.0	2.0	1365.0	1365.0	1388.0	23.0	91.0	5.0	9.0	5.0	
1105.0	1.0	2.0	1372.0	1372.0	1395.0	23.0	96.0	5.0	15.0	3.0	
1106.0	0.0	2.0	1529.0	1529.0	1550.0	21.0	64.0	4.0	4.0	2.0	
1107.0	0.0	2.0	1397.0	1397.0	1418.0	21.0	67.0	4.0	3.0	3.0	
1108.0	1.0	2.0	1458.0	1458.0	1481.0	23.0	81.0	5.0	3.0	4.0	
1109.0	1.0	2.0	1435.0	1435.0	1458.0	23.0	57.0	3.0	14.0	3.0	
1110.0	0.0	2.0	1510.0	1510.0	1531.0	21.0	77.0	4.0	8.0	2.0	
1111.0	0.0	2.0	1437.0	1437.0	1458.0	21.0	61.0	4.0	12.0	4.0	
1112.0	1.0	2.0	1374.0	1374.0	1397.0	23.0	87.0	5.0	5.0	5.0	
1113.0	0.0	2.0	1421.0	1421.0	1442.0	21.0	65.0	4.0	11.0	2.0	
1114.0	1.0	2.0	1351.0	1351.0	1374.0	23.0	89.0	5.0	14.0	2.0	
1115.0	0.0	2.0	1505.0	1505.0	1526.0	21.0	71.0	4.0	11.0	3.0	
1116.0	1.0	2.0	1529.0	1529.0	1552.0	23.0	91.0	5.0	9.0	5.0	
1117.0	1.0	2.0	1415.0	1415.0	1438.0	23.0	95.0	5.0	8.0	5.0	
1118.0	1.0	2.0	1455.0	1455.0	1478.0	23.0	85.0	5.0	3.0	5.0	
1119.0	1.0	2.0	1479.0	1479.0	1502.0	23.0	98.0	5.0	15.0	2.0	
1120.0	0.0	2.0	1459.0	1459.0	1480.0	21.0	68.0	4.0	5.0	3.0	
1121.0	1.0	2.0	1532.0	1532.0	1555.0	23.0	65.0	4.0	11.0	2.0	
1122.0	1.0	2.0	1463.0	1463.0	1486.0	23.0	82.0	5.0	6.0	2.0	
1123.0	1.0	2.0	1454.0	1454.0	1477.0	23.0	52.0	3.0	4.0	3.0	
1124.0	0.0	2.0	1459.0	1459.0	1480.0	21.0	80.0	4.0	3.0	1.0	
1125.0	1.0	2.0	1498.0	1498.0	1521.0	23.0	44.0	3.0	3.0	5.0	
1126.0	1.0	2.0	1495.0	1495.0	1518.0	23.0	52.0	3.0	4.0	3.0	
1127.0	1.0	2.0	1487.0	1487.0	1510.0	23.0	51.0	3.0	2.0	3.0	
1128.0	1.0	2.0	1417.0	1417.0	1440.0	23.0	100.0	5.0	14.0	1.0	
1129.0	1.0	2.0	1459.0	1459.0	1482.0	23.0	93.0	5.0	4.0	5.0	
1130.0	0.0	2.0	1459.0	1459.0	1480.0	21.0	77.0	4.0	8.0	2.0	
1131.0	0.0	2.0	1533.0	1533.0	1554.0	21.0	80.0	4.0	3.0	1.0	
1132.0	1.0	2.0	1496.0	1496.0	1519.0	23.0	53.0	3.0	12.0	3.0	
1133.0	0.0	2.0	1484.0	1484.0	1505.0	21.0	67.0	4.0	3.0	3.0	
1134.0	1.0	2.0	1390.0	1390.0	1413.0	23.0	84.0	5.0	12.0	2.0	
1135.0	1.0	2.0	1439.0	1439.0	1462.0	23.0	33.0	2.0	14.0	1.0	
1136.0	0.0	2.0	1484.0	1484.0	1505.0	21.0	74.0	4.0	1.0	3.0	
1137.0	0.0	2.0	1531.0	1531.0	1552.0	21.0	77.0	4.0	8.0	2.0	
1138.0	1.0	2.0	1461.0	1461.0	1484.0	23.0	88.0	5.0	4.0	3.0	
1139.0	1.0	2.0	1519.0	1519.0	1542.0	23.0	53.0	3.0	12.0	3.0	
1140.0	0.0	2.0	1401.0	1401.0	1422.0	21.0	68.0	4.0	5.0	3.0	
1141.0	0.0	2.0	1450.0	1450.0	1471.0	21.0	56.0	3.0	13.0	5.0	
1142.0	0.0	2.0	1436.0	1436.0	1457.0	21.0	58.0	3.0	11.0	4.0	
1143.0	1.0	2.0	1461.0	1461.0	1484.0	23.0	92.0	5.0	10.0	4.0	
1144.0	1.0	2.0	1484.0	1484.0	1507.0	23.0	69.0	4.0	12.0	2.0	
1145.0	0.0	2.0	1295.0	1295.0	1317.0	22.0	48.0	3.0	13.0	4.0	
1146.0	1.0	2.0	1435.0	1435.0	1458.0	23.0	86.0	5.0	15.0	4.0	
1147.0	0.0	2.0	1406.0	1406.0	1427.0	21.0	53.0	3.0	12.0	3.0	
1148.0	0.0	2.0	1504.0	1504.0	1525.0	21.0	55.0	3.0	6.0	4.0	
1149.0	0.0	2.0	1459.0	1459.0	1480.0	21.0	59.0	3.0	9.0	4.0	
1150.0	0.0	2.0	1489.0	1489.0	1510.0	21.0	42.0	3.0	4.0	1.0	
1151.0	1.0	2.0	1432.0	1432.0	1455.0	23.0	84.0	5.0	12.0	2.0	
1152.0	0.0	2.0	1412.0	1412.0	1433.0	21.0	48.0	3.0	13.0	4.0	
1153.0	0.0	2.0	1460.0	1460.0	1481.0	21.0	51.0	3.0	2.0	3.0	
1154.0	1.0	2.0	1457.0	1457.0	1480.0	23.0	84.0	5.0	12.0	2.0	
1155.0	1.0	2.0	1499.0	1499.0	1522.0	23.0	90.0	5.0	4.0	1.0	
1156.0	0.0	2.0	1482.0	1482.0	1503.0	21.0	60.0	3.0	3.0	3.0	
1157.0	1.0	2.0	1412.0	1412.0	1435.0	23.0	87.0	5.0	5.0	5.0	
1158.0	0.0	2.0	1412.0	1412.0	1433.0	21.0	47.0	3.0	15.0	5.0	
1159.0	0.0	2.0	1476.0	1476.0	1497.0	21.0	48.0	3.0	13.0	4.0	
1160.0	0.0	2.0	1488.0	1488.0	1509.0	21.0	53.0	3.0	12.0	3.0	
1161.0	1.0	2.0	1498.0	1498.0	1521.0	23.0	50.0	3.0	9.0	1.0	
1162.0	0.0	2.0	1307.0	1307.0	1328.0	21.0	58.0	3.0	11.0	4.0	
1163.0	0.0	2.0	1490.0	1490.0	1511.0	21.0	41.0	3.0	15.0	4.0	
1164.0	0.0	2.0	1498.0	1498.0	1519.0	21.0	45.0	3.0	5.0	4.0	
1165.0	0.0	2.0	1464.0	1464.0	1485.0	21.0	46.0	3.0	14.0	3.0	
1166.0	1.0	2.0	1293.0	1293.0	1317.0	24.0	92.0	5.0	10.0	4.0	
1167.0	1.0	2.0	1505.0	1505.0	1528.0	23.0	93.0	5.0	4.0	5.0	
1168.0	0.0	2.0	1509.0	1509.0	1530.0	21.0	56.0	3.0	13.0	5.0	
1169.0	1.0	2.0	1454.0	1454.0	1477.0	23.0	82.0	5.0	6.0	2.0	
1170.0	0.0	2.0	1501.0	1501.0	1522.0	21.0	43.0	3.0	13.0	1.0	
1171.0	0.0	2.0	1443.0	1443.0	1464.0	21.0	46.0	3.0	14.0	3.0	
1172.0	1.0	2.0	1443.0	1443.0	1466.0	23.0	42.0	3.0	4.0	1.0	
1173.0	0.0	2.0	1422.0	1422.0	1443.0	21.0	51.0	3.0	2.0	3.0	
1174.0	1.0	2.0	1417.0	1417.0	1440.0	23.0	82.0	5.0	6.0	2.0	
1175.0	0.0	2.0	1524.0	1524.0	1545.0	21.0	58.0	3.0	11.0	4.0	
1176.0	0.0	2.0	1503.0	1503.0	1524.0	21.0	59.0	3.0	9.0	4.0	
1177.0	1.0	2.0	1453.0	1453.0	1476.0	23.0	81.0	5.0	3.0	4.0	
1178.0	0.0	2.0	1454.0	1454.0	1475.0	21.0	47.0	3.0	15.0	5.0	
1179.0	1.0	2.0	1484.0	1484.0	1507.0	23.0	88.0	5.0	4.0	3.0	
1180.0	1.0	2.0	1529.0	1529.0	1552.0	23.0	67.0	4.0	3.0	3.0	
1181.0	0.0	2.0	1509.0	1509.0	1530.0	21.0	55.0	3.0	6.0	4.0	
1182.0	0.0	2.0	1524.0	1524.0	1545.0	21.0	59.0	3.0	9.0	4.0	
1183.0	1.0	2.0	1352.0	1353.0	1376.0	23.0	81.0	5.0	3.0	4.0	
1184.0	1.0	2.0	1416.0	1416.0	1439.0	23.0	89.0	5.0	14.0	2.0	
1185.0	1.0	2.0	1484.0	1484.0	1507.0	23.0	84.0	5.0	12.0	2.0	
1186.0	0.0	2.0	1491.0	1491.0	1512.0	21.0	50.0	3.0	9.0	1.0	
1187.0	0.0	2.0	1513.0	1513.0	1534.0	21.0	54.0	3.0	10.0	5.0	
1188.0	1.0	2.0	1450.0	1450.0	1473.0	23.0	91.0	5.0	9.0	5.0	
1189.0	1.0	2.0	1508.0	1508.0	1531.0	23.0	21.0	2.0	9.0	1.0	
1190.0	0.0	2.0	1480.0	1480.0	1501.0	21.0	43.0	3.0	13.0	1.0	
1191.0	0.0	2.0	1519.0	1519.0	1540.0	21.0	45.0	3.0	5.0	4.0	
1192.0	0.0	2.0	1502.0	1502.0	1523.0	21.0	48.0	3.0	13.0	4.0	
1193.0	1.0	2.0	1414.0	1414.0	1437.0	23.0	96.0	5.0	15.0	3.0	
1194.0	1.0	2.0	1440.0	1440.0	1463.0	23.0	82.0	5.0	6.0	2.0	
1195.0	1.0	2.0	1486.0	1486.0	1509.0	23.0	85.0	5.0	3.0	5.0	
1196.0	0.0	2.0	1511.0	1511.0	1532.0	21.0	41.0	3.0	15.0	4.0	
1197.0	0.0	2.0	1518.0	1518.0	1539.0	21.0	42.0	3.0	4.0	1.0	
1198.0	1.0	2.0	1450.0	1450.0	1473.0	23.0	88.0	5.0	4.0	3.0	
1199.0	0.0	2.0	1415.0	1415.0	1436.0	21.0	49.0	3.0	12.0	1.0	
1200.0	0.0	2.0	1518.0	1518.0	1539.0	21.0	52.0	3.0	4.0	3.0	
1201.0	1.0	2.0	1496.0	1496.0	1519.0	23.0	66.0	4.0	12.0	5.0	
1202.0	0.0	2.0	1527.0	1527.0	1548.0	21.0	57.0	3.0	14.0	3.0	
1203.0	0.0	2.0	1524.0	1524.0	1545.0	21.0	41.0	3.0	15.0	4.0	
1204.0	1.0	2.0	1420.0	1420.0	1443.0	23.0	97.0	5.0	9.0	3.0	
1205.0	0.0	2.0	1521.0	1521.0	1542.0	21.0	46.0	3.0	14.0	3.0	
1206.0	0.0	2.0	1521.0	1521.0	1542.0	21.0	50.0	3.0	9.0	1.0	
1207.0	1.0	2.0	1473.0	1473.0	1496.0	23.0	92.0	5.0	10.0	4.0	
1208.0	0.0	2.0	1525.0	1525.0	1546.0	21.0	55.0	3.0	6.0	4.0	
1209.0	0.0	2.0	1526.0	1526.0	1547.0	21.0	60.0	3.0	3.0	3.0	
1210.0	1.0	2.0	1478.0	1478.0	1501.0	23.0	82.0	5.0	6.0	2.0	
1211.0	1.0	2.0	1479.0	1479.0	1502.0	23.0	78.0	4.0	8.0	1.0	
1212.0	1.0	2.0	1495.0	1495.0	1518.0	23.0	98.0	5.0	15.0	2.0	
1213.0	1.0	2.0	1504.0	1504.0	1527.0	23.0	86.0	5.0	15.0	4.0	
1214.0	1.0	2.0	1504.0	1504.0	1527.0	23.0	90.0	5.0	4.0	1.0	
1215.0	1.0	2.0	1463.0	1463.0	1486.0	23.0	39.0	2.0	14.0	2.0	
1216.0	0.0	2.0	1532.0	1532.0	1553.0	21.0	41.0	3.0	15.0	4.0	
1217.0	0.0	2.0	1415.0	1415.0	1436.0	21.0	43.0	3.0	13.0	1.0	
1218.0	1.0	2.0	1407.0	1407.0	1430.0	23.0	94.0	5.0	13.0	1.0	
1219.0	1.0	2.0	1418.0	1418.0	1441.0	23.0	100.0	5.0	14.0	1.0	
1220.0	1.0	2.0	1418.0	1418.0	1441.0	23.0	83.0	5.0	5.0	1.0	
1221.0	1.0	2.0	1485.0	1485.0	1508.0	23.0	21.0	2.0	9.0	1.0	
1222.0	1.0	2.0	1495.0	1495.0	1518.0	23.0	94.0	5.0	13.0	1.0	
1223.0	1.0	2.0	1486.0	1486.0	1509.0	23.0	39.0	2.0	14.0	2.0	
1224.0	1.0	2.0	1528.0	1528.0	1551.0	23.0	84.0	5.0	12.0	2.0	
1225.0	1.0	2.0	1503.0	1503.0	1526.0	23.0	93.0	5.0	4.0	5.0	
1226.0	1.0	2.0	1484.0	1484.0	1507.0	23.0	70.0	4.0	11.0	5.0	
1227.0	1.0	2.0	1520.0	1520.0	1543.0	23.0	85.0	5.0	3.0	5.0	
1228.0	1.0	2.0	1416.0	1416.0	1439.0	23.0	86.0	5.0	15.0	4.0	
1229.0	1.0	2.0	1531.0	1531.0	1554.0	23.0	21.0	2.0	9.0	1.0	
1230.0	1.0	2.0	1406.0	1406.0	1429.0	23.0	88.0	5.0	4.0	3.0	
1231.0	1.0	2.0	1508.0	1508.0	1531.0	23.0	97.0	5.0	9.0	3.0	
1232.0	1.0	2.0	1486.0	1486.0	1509.0	23.0	65.0	4.0	11.0	2.0	
1233.0	1.0	2.0	1439.0	1439.0	1462.0	23.0	89.0	5.0	14.0	2.0	
1234.0	1.0	2.0	1522.0	1522.0	1545.0	23.0	84.0	5.0	12.0	2.0	
1235.0	1.0	2.0	1454.0	1454.0	1477.0	23.0	97.0	5.0	9.0	3.0	
1236.0	1.0	2.0	1522.0	1522.0	1545.0	23.0	28.0	2.0	8.0	1.0	
1237.0	1.0	2.0	1478.0	1478.0	1501.0	23.0	64.0	4.0	4.0	2.0	
1238.0	1.0	2.0	1413.0	1413.0	1436.0	23.0	84.0	5.0	12.0	2.0	
1239.0	1.0	2.0	1539.0	1539.0	1562.0	23.0	66.0	4.0	12.0	5.0	
1240.0	0.0	2.0	1527.0	1527.0	1548.0	21.0	51.0	3.0	2.0	3.0	
1241.0	1.0	2.0	1504.0	1504.0	1527.0	23.0	70.0	4.0	11.0	5.0	
1242.0	1.0	2.0	1525.0	1525.0	1548.0	23.0	83.0	5.0	5.0	1.0	
1243.0	1.0	2.0	1468.0	1468.0	1491.0	23.0	93.0	5.0	4.0	5.0	
1244.0	0.0	2.0	1528.0	1528.0	1549.0	21.0	43.0	3.0	13.0	1.0	
1245.0	0.0	2.0	1508.0	1508.0	1529.0	21.0	46.0	3.0	14.0	3.0	
1246.0	1.0	2.0	1433.0	1433.0	1456.0	23.0	23.0	2.0	7.0	3.0	
1247.0	0.0	2.0	1523.0	1523.0	1544.0	21.0	54.0	3.0	10.0	5.0	
1248.0	1.0	2.0	1504.0	1504.0	1527.0	23.0	97.0	5.0	9.0	3.0	
1249.0	0.0	2.0	1415.0	1415.0	1436.0	21.0	60.0	3.0	3.0	3.0	
1250.0	1.0	2.0	1522.0	1522.0	1545.0	23.0	84.0	5.0	12.0	2.0	
1251.0	1.0	2.0	1460.0	1460.0	1483.0	23.0	85.0	5.0	3.0	5.0	
1252.0	1.0	2.0	1492.0	1492.0	1515.0	23.0	97.0	5.0	9.0	3.0	
1253.0	1.0	2.0	1520.0	1520.0	1543.0	23.0	82.0	5.0	6.0	2.0	
1254.0	1.0	2.0	1527.0	1527.0	1550.0	23.0	97.0	5.0	9.0	3.0	
1255.0	1.0	2.0	1478.0	1478.0	1501.0	23.0	84.0	5.0	12.0	2.0	
1256.0	1.0	2.0	1527.0	1527.0	1550.0	23.0	86.0	5.0	15.0	4.0	
1257.0	1.0	2.0	1526.0	1526.0	1549.0	23.0	93.0	5.0	4.0	5.0	
1258.0	1.0	2.0	1436.0	1436.0	1459.0	23.0	86.0	5.0	15.0	4.0	
1259.0	1.0	2.0	1536.0	1536.0	1559.0	23.0	90.0	5.0	4.0	1.0	
1260.0	1.0	2.0	1463.0	1463.0	1486.0	23.0	27.0	2.0	13.0	4.0	
1261.0	0.0	2.0	1360.0	1360.0	1381.0	21.0	56.0	3.0	13.0	5.0	
1262.0	1.0	2.0	1431.0	1431.0	1454.0	23.0	88.0	5.0	4.0	3.0	
1263.0	1.0	2.0	1529.0	1529.0	1552.0	23.0	100.0	5.0	14.0	1.0	
1264.0	1.0	2.0	1532.0	1532.0	1555.0	23.0	99.0	5.0	12.0	3.0	
1265.0	0.0	2.0	1521.0	1521.0	1542.0	21.0	47.0	3.0	15.0	5.0	
1266.0	1.0	2.0	1528.0	1528.0	1551.0	23.0	27.0	2.0	13.0	4.0	
1267.0	0.0	2.0	1521.0	1521.0	1542.0	21.0	52.0	3.0	4.0	3.0	
1268.0	1.0	2.0	1483.0	1483.0	1506.0	23.0	79.0	4.0	7.0	3.0	
1269.0	1.0	2.0	1330.0	1330.0	1353.0	23.0	85.0	5.0	3.0	5.0	
1270.0	0.0	2.0	1533.0	1533.0	1554.0	21.0	42.0	3.0	4.0	1.0	
1271.0	1.0	2.0	1499.0	1499.0	1522.0	23.0	62.0	4.0	7.0	4.0	
1272.0	1.0	2.0	1507.0	1507.0	1530.0	23.0	92.0	5.0	10.0	4.0	
1273.0	1.0	2.0	1483.0	1483.0	1506.0	23.0	75.0	4.0	8.0	5.0	
1274.0	0.0	2.0	1488.0	1488.0	1509.0	21.0	55.0	3.0	6.0	4.0	
1275.0	1.0	2.0	1443.0	1443.0	1466.0	23.0	97.0	5.0	9.0	3.0	
1276.0	1.0	2.0	1412.0	1412.0	1435.0	23.0	73.0	4.0	13.0	3.0	
1277.0	1.0	2.0	1418.0	1418.0	1441.0	23.0	78.0	4.0	8.0	1.0	
1278.0	0.0	2.0	1525.0	1525.0	1546.0	21.0	47.0	3.0	15.0	5.0	
1279.0	1.0	2.0	1539.0	1539.0	1562.0	23.0	52.0	3.0	4.0	3.0	
1280.0	0.0	2.0	1532.0	1532.0	1553.0	21.0	53.0	3.0	12.0	3.0	
1281.0	1.0	2.0	1483.0	1483.0	1506.0	23.0	81.0	5.0	3.0	4.0	
1282.0	1.0	2.0	1437.0	1437.0	1460.0	23.0	97.0	5.0	9.0	3.0	
1283.0	1.0	2.0	1474.0	1474.0	1497.0	23.0	99.0	5.0	12.0	3.0	
1284.0	1.0	2.0	1534.0	1534.0	1557.0	23.0	61.0	4.0	12.0	4.0	
1285.0	1.0	2.0	1484.0	1484.0	1507.0	23.0	81.0	5.0	3.0	4.0	
1286.0	1.0	2.0	1430.0	1430.0	1453.0	23.0	82.0	5.0	6.0	2.0	
1287.0	1.0	2.0	1461.0	1461.0	1484.0	23.0	61.0	4.0	12.0	4.0	
1288.0	1.0	2.0	1479.0	1479.0	1502.0	23.0	26.0	2.0	1.0	2.0	
1289.0	1.0	2.0	1504.0	1504.0	1527.0	23.0	99.0	5.0	12.0	3.0	
1290.0	1.0	2.0	1467.0	1467.0	1490.0	23.0	61.0	4.0	12.0	4.0	
1291.0	0.0	2.0	1529.0	1529.0	1550.0	21.0	46.0	3.0	14.0	3.0	
1292.0	1.0	2.0	1484.0	1484.0	1507.0	23.0	100.0	5.0	14.0	1.0	
1293.0	0.0	2.0	1477.0	1477.0	1498.0	21.0	52.0	3.0	4.0	3.0	
1294.0	1.0	2.0	1308.0	1308.0	1331.0	23.0	81.0	5.0	3.0	4.0	
1295.0	1.0	2.0	1418.0	1418.0	1441.0	23.0	75.0	4.0	8.0	5.0	
1296.0	1.0	2.0	1524.0	1524.0	1547.0	23.0	87.0	5.0	5.0	5.0	
1297.0	1.0	2.0	1525.0	1525.0	1548.0	23.0	89.0	5.0	14.0	2.0	
1298.0	1.0	2.0	1437.0	1437.0	1460.0	23.0	99.0	5.0	12.0	3.0	
1299.0	1.0	2.0	1430.0	1430.0	1453.0	23.0	28.0	2.0	8.0	1.0	
1300.0	0.0	2.0	1533.0	1533.0	1554.0	21.0	51.0	3.0	2.0	3.0	
1301.0	1.0	2.0	1524.0	1524.0	1547.0	23.0	82.0	5.0	6.0	2.0	
1302.0	0.0	2.0	1480.0	1480.0	1501.0	21.0	58.0	3.0	11.0	4.0	
1303.0	1.0	2.0	1537.0	1537.0	1560.0	23.0	67.0	4.0	3.0	3.0	
1304.0	1.0	2.0	1478.0	1478.0	1501.0	23.0	22.0	2.0	6.0	2.0	
1305.0	1.0	2.0	1525.0	1525.0	1548.0	23.0	87.0	5.0	5.0	5.0	
1306.0	1.0	2.0	1537.0	1537.0	1560.0	23.0	91.0	5.0	9.0	5.0	
1307.0	1.0	2.0	1439.0	1439.0	1462.0	23.0	86.0	5.0	15.0	4.0	
1308.0	1.0	2.0	1500.0	1500.0	1523.0	23.0	87.0	5.0	5.0	5.0	
1309.0	1.0	2.0	1529.0	1529.0	1552.0	23.0	40.0	2.0	11.0	3.0	
1310.0	1.0	2.0	1429.0	1429.0	1452.0	23.0	91.0	5.0	9.0	5.0	
1311.0	1.0	2.0	1421.0	1421.0	1444.0	23.0	61.0	4.0	12.0	4.0	
1312.0	1.0	2.0	1460.0	1460.0	1483.0	23.0	86.0	5.0	15.0	4.0	
1313.0	1.0	2.0	1539.0	1539.0	1562.0	23.0	99.0	5.0	12.0	3.0	
1314.0	0.0	2.0	1530.0	1530.0	1551.0	21.0	55.0	3.0	6.0	4.0	
1315.0	1.0	2.0	1458.0	1458.0	1481.0	23.0	63.0	4.0	15.0	1.0	
1316.0	1.0	2.0	1439.0	1439.0	1462.0	23.0	21.0	2.0	9.0	1.0	
1317.0	1.0	2.0	1488.0	1488.0	1511.0	23.0	94.0	5.0	13.0	1.0	
1318.0	1.0	2.0	1460.0	1460.0	1483.0	23.0	97.0	5.0	9.0	3.0	
1319.0	1.0	2.0	1488.0	1488.0	1511.0	23.0	73.0	4.0	13.0	3.0	
1320.0	0.0	2.0	1439.0	1439.0	1460.0	21.0	51.0	3.0	2.0	3.0	
1321.0	1.0	2.0	1379.0	1379.0	1402.0	23.0	84.0	5.0	12.0	2.0	
1322.0	1.0	2.0	1517.0	1517.0	1540.0	23.0	91.0	5.0	9.0	5.0	
1323.0	1.0	2.0	1529.0	1529.0	1552.0	23.0	75.0	4.0	8.0	5.0	
1324.0	0.0	2.0	1436.0	1436.0	1457.0	21.0	43.0	3.0	13.0	1.0	
1325.0	1.0	2.0	1500.0	1500.0	1523.0	23.0	70.0	4.0	11.0	5.0	
1326.0	0.0	2.0	1466.0	1466.0	1487.0	21.0	51.0	3.0	2.0	3.0	
1327.0	1.0	2.0	1508.0	1508.0	1531.0	23.0	32.0	2.0	14.0	3.0	
1328.0	1.0	2.0	1529.0	1529.0	1552.0	23.0	38.0	2.0	5.0	5.0	
1329.0	0.0	2.0	1536.0	1536.0	1557.0	21.0	58.0	3.0	11.0	4.0	
1330.0	1.0	2.0	1465.0	1465.0	1488.0	23.0	73.0	4.0	13.0	3.0	
1331.0	1.0	2.0	1506.0	1506.0	1529.0	23.0	75.0	4.0	8.0	5.0	
1332.0	1.0	2.0	1533.0	1533.0	1556.0	23.0	68.0	4.0	5.0	3.0	
1333.0	1.0	2.0	1477.0	1477.0	1500.0	23.0	96.0	5.0	15.0	3.0	
1334.0	1.0	2.0	1531.0	1531.0	1554.0	23.0	97.0	5.0	9.0	3.0	
1335.0	1.0	2.0	1523.0	1523.0	1546.0	23.0	69.0	4.0	12.0	2.0	
1336.0	1.0	2.0	1505.0	1505.0	1528.0	23.0	87.0	5.0	5.0	5.0	
1337.0	1.0	2.0	1523.0	1523.0	1546.0	23.0	98.0	5.0	15.0	2.0	
1338.0	1.0	2.0	1510.0	1510.0	1533.0	23.0	68.0	4.0	5.0	3.0	
1339.0	0.0	2.0	1497.0	1497.0	1518.0	21.0	48.0	3.0	13.0	4.0	
1340.0	1.0	2.0	1528.0	1528.0	1551.0	23.0	98.0	5.0	15.0	2.0	
1341.0	0.0	2.0	1419.0	1419.0	1440.0	21.0	56.0	3.0	13.0	5.0	
1342.0	1.0	2.0	1539.0	1539.0	1562.0	23.0	98.0	5.0	15.0	2.0	
1343.0	1.0	2.0	1460.0	1460.0	1483.0	23.0	99.0	5.0	12.0	3.0	
1344.0	1.0	2.0	1523.0	1523.0	1546.0	23.0	48.0	3.0	13.0	4.0	
1345.0	1.0	2.0	1430.0	1430.0	1453.0	23.0	90.0	5.0	4.0	1.0	
1346.0	1.0	2.0	1527.0	1527.0	1550.0	23.0	100.0	5.0	14.0	1.0	
1347.0	1.0	2.0	1474.0	1474.0	1497.0	23.0	95.0	5.0	8.0	5.0	
1348.0	1.0	2.0	1528.0	1528.0	1551.0	23.0	87.0	5.0	5.0	5.0	
1349.0	1.0	2.0	1506.0	1506.0	1529.0	23.0	40.0	2.0	11.0	3.0	
1350.0	0.0	2.0	1474.0	1474.0	1495.0	21.0	42.0	3.0	4.0	1.0	
1351.0	0.0	2.0	1461.0	1461.0	1482.0	21.0	45.0	3.0	5.0	4.0	
1352.0	1.0	2.0	1465.0	1465.0	1488.0	23.0	65.0	4.0	11.0	2.0	
1353.0	0.0	2.0	1474.0	1474.0	1495.0	21.0	52.0	3.0	4.0	3.0	
1354.0	1.0	2.0	1458.0	1458.0	1481.0	23.0	86.0	5.0	15.0	4.0	
1355.0	1.0	2.0	1482.0	1482.0	1505.0	23.0	93.0	5.0	4.0	5.0	
1356.0	1.0	2.0	1509.0	1509.0	1532.0	23.0	99.0	5.0	12.0	3.0	
1357.0	0.0	2.0	1522.0	1522.0	1543.0	21.0	43.0	3.0	13.0	1.0	
1358.0	1.0	2.0	1527.0	1527.0	1550.0	23.0	91.0	5.0	9.0	5.0	
1359.0	1.0	2.0	1500.0	1500.0	1523.0	23.0	73.0	4.0	13.0	3.0	
1360.0	1.0	2.0	1433.0	1433.0	1456.0	23.0	26.0	2.0	1.0	2.0	
1361.0	0.0	2.0	1530.0	1530.0	1551.0	21.0	56.0	3.0	13.0	5.0	
1362.0	1.0	2.0	1506.0	1506.0	1529.0	23.0	100.0	5.0	14.0	1.0	
1363.0	1.0	2.0	1533.0	1533.0	1556.0	23.0	98.0	5.0	15.0	2.0	
1364.0	1.0	2.0	1472.0	1472.0	1495.0	23.0	83.0	5.0	5.0	1.0	
1365.0	1.0	2.0	1474.0	1474.0	1497.0	23.0	92.0	5.0	10.0	4.0	
1366.0	1.0	2.0	1449.0	1449.0	1472.0	23.0	93.0	5.0	4.0	5.0	
1367.0	0.0	2.0	1430.0	1430.0	1451.0	21.0	52.0	3.0	4.0	3.0	
1368.0	0.0	2.0	1419.0	1419.0	1440.0	21.0	39.0	2.0	14.0	2.0	
1369.0	1.0	2.0	1477.0	1477.0	1500.0	23.0	70.0	4.0	11.0	5.0	
1370.0	0.0	2.0	1507.0	1507.0	1528.0	21.0	27.0	2.0	13.0	4.0	
1371.0	0.0	2.0	1430.0	1430.0	1451.0	21.0	29.0	2.0	2.0	5.0	
1372.0	0.0	2.0	1418.0	1418.0	1439.0	21.0	33.0	2.0	14.0	1.0	
1373.0	0.0	2.0	1443.0	1443.0	1464.0	21.0	35.0	2.0	10.0	5.0	
1374.0	0.0	2.0	1434.0	1434.0	1455.0	21.0	37.0	2.0	5.0	2.0	
1375.0	0.0	2.0	1441.0	1441.0	1462.0	21.0	40.0	2.0	11.0	3.0	
1376.0	1.0	2.0	1430.0	1430.0	1453.0	23.0	91.0	5.0	9.0	5.0	
1377.0	1.0	2.0	1501.0	1501.0	1524.0	23.0	82.0	5.0	6.0	2.0	
1378.0	0.0	2.0	1430.0	1430.0	1451.0	21.0	30.0	2.0	14.0	1.0	
1379.0	0.0	2.0	1465.0	1465.0	1486.0	21.0	34.0	2.0	14.0	1.0	
1380.0	1.0	2.0	1528.0	1528.0	1551.0	23.0	88.0	5.0	4.0	3.0	
1381.0	0.0	2.0	1509.0	1509.0	1530.0	21.0	39.0	2.0	14.0	2.0	
1382.0	0.0	2.0	1524.0	1524.0	1545.0	21.0	22.0	2.0	6.0	2.0	
1383.0	1.0	2.0	1477.0	1477.0	1500.0	23.0	76.0	4.0	6.0	4.0	
1384.0	1.0	2.0	1530.0	1530.0	1553.0	23.0	92.0	5.0	10.0	4.0	
1385.0	0.0	2.0	1474.0	1474.0	1495.0	21.0	30.0	2.0	14.0	1.0	
1386.0	0.0	2.0	1509.0	1509.0	1530.0	21.0	34.0	2.0	14.0	1.0	
1387.0	1.0	2.0	1518.0	1518.0	1541.0	23.0	30.0	2.0	14.0	1.0	
1388.0	1.0	2.0	1462.0	1462.0	1485.0	23.0	67.0	4.0	3.0	3.0	
1389.0	1.0	2.0	1431.0	1431.0	1454.0	23.0	97.0	5.0	9.0	3.0	
1390.0	1.0	2.0	1468.0	1468.0	1491.0	23.0	71.0	4.0	11.0	3.0	
1391.0	1.0	2.0	1539.0	1539.0	1562.0	23.0	82.0	5.0	6.0	2.0	
1392.0	1.0	2.0	1487.0	1487.0	1510.0	23.0	89.0	5.0	14.0	2.0	
1393.0	1.0	2.0	1523.0	1523.0	1546.0	23.0	81.0	5.0	3.0	4.0	
1394.0	1.0	2.0	1523.0	1523.0	1546.0	23.0	81.0	5.0	3.0	4.0	
1395.0	1.0	2.0	1500.0	1500.0	1523.0	23.0	96.0	5.0	15.0	3.0	
1396.0	1.0	2.0	1452.0	1452.0	1475.0	23.0	83.0	5.0	5.0	1.0	
1397.0	0.0	2.0	1525.0	1525.0	1546.0	21.0	26.0	2.0	1.0	2.0	
1398.0	1.0	2.0	1524.0	1524.0	1547.0	23.0	84.0	5.0	12.0	2.0	
1399.0	1.0	2.0	1412.0	1412.0	1435.0	23.0	98.0	5.0	15.0	2.0	
1400.0	1.0	2.0	1523.0	1523.0	1546.0	23.0	68.0	4.0	5.0	3.0	
1401.0	1.0	2.0	1526.0	1526.0	1549.0	23.0	24.0	2.0	14.0	4.0	
1402.0	0.0	2.0	1525.0	1525.0	1546.0	21.0	23.0	2.0	7.0	3.0	
1403.0	0.0	2.0	1509.0	1509.0	1530.0	21.0	25.0	2.0	12.0	2.0	
1404.0	1.0	2.0	1525.0	1525.0	1548.0	23.0	82.0	5.0	6.0	2.0	
1405.0	1.0	2.0	1430.0	1430.0	1453.0	23.0	98.0	5.0	15.0	2.0	
1406.0	1.0	2.0	1504.0	1504.0	1527.0	23.0	89.0	5.0	14.0	2.0	
1407.0	1.0	2.0	1487.0	1487.0	1510.0	23.0	68.0	4.0	5.0	3.0	
1408.0	0.0	2.0	1485.0	1485.0	1506.0	21.0	40.0	2.0	11.0	3.0	
1409.0	1.0	2.0	1479.0	1479.0	1502.0	23.0	61.0	4.0	12.0	4.0	
1410.0	1.0	2.0	1496.0	1496.0	1519.0	23.0	92.0	5.0	10.0	4.0	
1411.0	1.0	2.0	1533.0	1533.0	1556.0	23.0	95.0	5.0	8.0	5.0	
1412.0	1.0	2.0	1467.0	1467.0	1490.0	23.0	41.0	3.0	15.0	4.0	
1413.0	1.0	2.0	1515.0	1515.0	1538.0	23.0	97.0	5.0	9.0	3.0	
1414.0	1.0	2.0	1500.0	1500.0	1523.0	23.0	81.0	5.0	3.0	4.0	
1415.0	1.0	2.0	1502.0	1502.0	1525.0	23.0	23.0	2.0	7.0	3.0	
1416.0	1.0	2.0	1454.0	1454.0	1477.0	23.0	70.0	4.0	11.0	5.0	
1417.0	0.0	2.0	1486.0	1486.0	1507.0	21.0	27.0	2.0	13.0	4.0	
1418.0	1.0	2.0	1539.0	1539.0	1562.0	23.0	95.0	5.0	8.0	5.0	
1419.0	1.0	2.0	1527.0	1527.0	1550.0	23.0	94.0	5.0	13.0	1.0	
1420.0	0.0	2.0	1524.0	1524.0	1545.0	21.0	37.0	2.0	5.0	2.0	
1421.0	0.0	2.0	1530.0	1530.0	1551.0	21.0	39.0	2.0	14.0	2.0	
1422.0	1.0	2.0	1473.0	1473.0	1496.0	23.0	91.0	5.0	9.0	5.0	
1423.0	0.0	2.0	1530.0	1530.0	1551.0	21.0	25.0	2.0	12.0	2.0	
1424.0	1.0	2.0	1439.0	1439.0	1462.0	23.0	72.0	4.0	11.0	2.0	
1425.0	1.0	2.0	1451.0	1451.0	1474.0	23.0	99.0	5.0	12.0	3.0	
1426.0	0.0	2.0	1530.0	1530.0	1551.0	21.0	34.0	2.0	14.0	1.0	
1427.0	0.0	2.0	1439.0	1439.0	1460.0	21.0	38.0	2.0	5.0	5.0	
1428.0	1.0	2.0	1436.0	1436.0	1459.0	23.0	64.0	4.0	4.0	2.0	
1429.0	1.0	2.0	1422.0	1422.0	1445.0	23.0	95.0	5.0	8.0	5.0	
1430.0	1.0	2.0	1527.0	1527.0	1550.0	23.0	89.0	5.0	14.0	2.0	
1431.0	1.0	2.0	1496.0	1496.0	1519.0	23.0	80.0	4.0	3.0	1.0	
1432.0	1.0	2.0	1517.0	1517.0	1540.0	23.0	88.0	5.0	4.0	3.0	
1433.0	1.0	2.0	1442.0	1442.0	1465.0	23.0	94.0	5.0	13.0	1.0	
1434.0	1.0	2.0	1430.0	1430.0	1453.0	23.0	94.0	5.0	13.0	1.0	
1435.0	1.0	2.0	1477.0	1477.0	1500.0	23.0	87.0	5.0	5.0	5.0	
1436.0	1.0	2.0	1538.0	1538.0	1561.0	23.0	90.0	5.0	4.0	1.0	
1437.0	1.0	2.0	1538.0	1538.0	1561.0	23.0	97.0	5.0	9.0	3.0	
1438.0	1.0	2.0	1530.0	1530.0	1553.0	23.0	85.0	5.0	3.0	5.0	
1439.0	1.0	2.0	1518.0	1518.0	1541.0	23.0	83.0	5.0	5.0	1.0	
1440.0	1.0	2.0	1453.0	1453.0	1476.0	23.0	89.0	5.0	14.0	2.0	
1441.0	1.0	2.0	1417.0	1417.0	1440.0	23.0	77.0	4.0	8.0	2.0	
1442.0	1.0	2.0	1496.0	1496.0	1519.0	23.0	65.0	4.0	11.0	2.0	
1443.0	1.0	2.0	1534.0	1534.0	1557.0	23.0	94.0	5.0	13.0	1.0	
1444.0	1.0	2.0	1476.0	1476.0	1499.0	23.0	62.0	4.0	7.0	4.0	
1445.0	1.0	2.0	1408.0	1408.0	1431.0	23.0	83.0	5.0	5.0	1.0	
1446.0	1.0	2.0	1502.0	1502.0	1525.0	23.0	47.0	3.0	15.0	5.0	
1447.0	1.0	2.0	1482.0	1482.0	1505.0	23.0	95.0	5.0	8.0	5.0	
1448.0	1.0	2.0	1408.0	1408.0	1431.0	23.0	52.0	3.0	4.0	3.0	
1449.0	1.0	2.0	1531.0	1531.0	1554.0	23.0	32.0	2.0	14.0	3.0	
1450.0	1.0	2.0	1408.0	1408.0	1431.0	23.0	54.0	3.0	10.0	5.0	
1451.0	1.0	2.0	1528.0	1528.0	1551.0	23.0	81.0	5.0	3.0	4.0	
1452.0	1.0	2.0	1438.0	1438.0	1461.0	23.0	95.0	5.0	8.0	5.0	
1453.0	0.0	2.0	1422.0	1422.0	1443.0	21.0	35.0	2.0	10.0	5.0	
1454.0	1.0	2.0	1514.0	1514.0	1537.0	23.0	93.0	5.0	4.0	5.0	
1455.0	1.0	2.0	1409.0	1409.0	1432.0	23.0	97.0	5.0	9.0	3.0	
1456.0	1.0	2.0	1531.0	1531.0	1554.0	23.0	89.0	5.0	14.0	2.0	
1457.0	1.0	2.0	1421.0	1421.0	1444.0	23.0	66.0	4.0	12.0	5.0	
1458.0	1.0	2.0	1418.0	1418.0	1441.0	23.0	63.0	4.0	15.0	1.0	
1459.0	1.0	2.0	1493.0	1493.0	1516.0	23.0	86.0	5.0	15.0	4.0	
1460.0	1.0	2.0	1467.0	1467.0	1490.0	23.0	60.0	3.0	3.0	3.0	
1461.0	1.0	2.0	1466.0	1466.0	1489.0	23.0	80.0	4.0	3.0	1.0	
1462.0	1.0	2.0	1467.0	1467.0	1490.0	23.0	54.0	3.0	10.0	5.0	
1463.0	1.0	2.0	1529.0	1529.0	1552.0	23.0	88.0	5.0	4.0	3.0	
1464.0	1.0	2.0	1290.0	1290.0	1313.0	23.0	50.0	3.0	9.0	1.0	
1465.0	1.0	2.0	1512.0	1512.0	1535.0	23.0	50.0	3.0	9.0	1.0	
1466.0	1.0	2.0	1441.0	1441.0	1464.0	23.0	83.0	5.0	5.0	1.0	
1467.0	1.0	2.0	1308.0	1308.0	1332.0	24.0	82.0	5.0	6.0	2.0	
1468.0	1.0	2.0	1499.0	1499.0	1522.0	23.0	84.0	5.0	12.0	2.0	
1469.0	1.0	2.0	1319.0	1319.0	1342.0	23.0	63.0	4.0	15.0	1.0	
1470.0	1.0	2.0	1515.0	1515.0	1538.0	23.0	90.0	5.0	4.0	1.0	
1471.0	1.0	2.0	1529.0	1529.0	1552.0	23.0	81.0	5.0	3.0	4.0	
1472.0	1.0	2.0	1419.0	1419.0	1442.0	23.0	94.0	5.0	13.0	1.0	
1473.0	1.0	2.0	1464.0	1464.0	1487.0	23.0	89.0	5.0	14.0	2.0	
1474.0	1.0	2.0	1539.0	1539.0	1562.0	23.0	94.0	5.0	13.0	1.0	
1475.0	1.0	2.0	1414.0	1414.0	1437.0	23.0	90.0	5.0	4.0	1.0	
1476.0	1.0	2.0	1539.0	1539.0	1562.0	23.0	63.0	4.0	15.0	1.0	
1477.0	1.0	2.0	1530.0	1530.0	1553.0	23.0	65.0	4.0	11.0	2.0	
1478.0	1.0	2.0	1426.0	1426.0	1449.0	23.0	66.0	4.0	12.0	5.0	
1479.0	1.0	2.0	1456.0	1456.0	1479.0	23.0	62.0	4.0	7.0	4.0	
1480.0	1.0	2.0	1517.0	1517.0	1540.0	23.0	91.0	5.0	9.0	5.0	
1481.0	1.0	2.0	1460.0	1460.0	1483.0	23.0	92.0	5.0	10.0	4.0	
1482.0	1.0	2.0	1523.0	1523.0	1546.0	23.0	73.0	4.0	13.0	3.0	
1483.0	1.0	2.0	1539.0	1539.0	1562.0	23.0	92.0	5.0	10.0	4.0	
1484.0	1.0	2.0	1535.0	1535.0	1558.0	23.0	93.0	5.0	4.0	5.0	
1485.0	1.0	2.0	1413.0	1413.0	1436.0	23.0	69.0	4.0	12.0	2.0	
1486.0	1.0	2.0	1431.0	1431.0	1454.0	23.0	70.0	4.0	11.0	5.0	
1487.0	1.0	2.0	1435.0	1435.0	1458.0	23.0	84.0	5.0	12.0	2.0	
1488.0	1.0	2.0	1427.0	1427.0	1450.0	23.0	91.0	5.0	9.0	5.0	
1489.0	1.0	2.0	1527.0	1527.0	1550.0	23.0	86.0	5.0	15.0	4.0	
1490.0	1.0	2.0	1531.0	1531.0	1554.0	23.0	95.0	5.0	8.0	5.0	
1491.0	1.0	2.0	1527.0	1527.0	1550.0	23.0	99.0	5.0	12.0	3.0	
1492.0	1.0	2.0	1436.0	1436.0	1459.0	23.0	43.0	3.0	13.0	1.0	
1493.0	1.0	2.0	1530.0	1530.0	1553.0	23.0	94.0	5.0	13.0	1.0	
1494.0	1.0	2.0	1507.0	1507.0	1530.0	23.0	94.0	5.0	13.0	1.0	
1495.0	1.0	2.0	1504.0	1504.0	1527.0	23.0	94.0	5.0	13.0	1.0	
1496.0	1.0	2.0	1534.0	1534.0	1557.0	23.0	54.0	3.0	10.0	5.0	
1497.0	1.0	2.0	1495.0	1495.0	1518.0	23.0	83.0	5.0	5.0	1.0	
1498.0	1.0	2.0	1523.0	1523.0	1546.0	23.0	87.0	5.0	5.0	5.0	
1499.0	1.0	2.0	1528.0	1528.0	1551.0	23.0	100.0	5.0	14.0	1.0	
1500.0	1.0	2.0	1444.0	1444.0	1467.0	23.0	58.0	3.0	11.0	4.0	
1501.0	1.0	2.0	1517.0	1517.0	1540.0	23.0	56.0	3.0	13.0	5.0	
1502.0	1.0	2.0	1528.0	1528.0	1551.0	23.0	85.0	5.0	3.0	5.0	
1503.0	1.0	2.0	1503.0	1503.0	1526.0	23.0	95.0	5.0	8.0	5.0	
1504.0	1.0	2.0	1477.0	1477.0	1500.0	23.0	73.0	4.0	13.0	3.0	
1505.0	1.0	2.0	1433.0	1433.0	1456.0	23.0	31.0	2.0	8.0	1.0	
1506.0	1.0	2.0	1462.0	1462.0	1485.0	23.0	78.0	4.0	8.0	1.0	
1507.0	1.0	2.0	1527.0	1527.0	1550.0	23.0	92.0	5.0	10.0	4.0	
1508.0	1.0	2.0	1530.0	1530.0	1553.0	23.0	66.0	4.0	12.0	5.0	
1509.0	1.0	2.0	1532.0	1532.0	1555.0	23.0	76.0	4.0	6.0	4.0	
1510.0	1.0	2.0	1537.0	1537.0	1560.0	23.0	86.0	5.0	15.0	4.0	
1511.0	1.0	2.0	1539.0	1539.0	1562.0	23.0	94.0	5.0	13.0	1.0	
1512.0	1.0	2.0	1539.0	1539.0	1562.0	23.0	98.0	5.0	15.0	2.0	
1513.0	1.0	2.0	1434.0	1434.0	1457.0	23.0	64.0	4.0	4.0	2.0	
1514.0	1.0	2.0	1453.0	1453.0	1476.0	23.0	97.0	5.0	9.0	3.0	
1515.0	1.0	2.0	1516.0	1516.0	1539.0	23.0	82.0	5.0	6.0	2.0	
1516.0	1.0	2.0	1539.0	1539.0	1562.0	23.0	42.0	3.0	4.0	1.0	
1517.0	1.0	2.0	1433.0	1433.0	1456.0	23.0	47.0	3.0	15.0	5.0	
1518.0	1.0	2.0	1464.0	1464.0	1487.0	23.0	68.0	4.0	5.0	3.0	
1519.0	1.0	2.0	1539.0	1539.0	1562.0	23.0	79.0	4.0	7.0	3.0	
1520.0	1.0	2.0	1486.0	1486.0	1509.0	23.0	82.0	5.0	6.0	2.0	
1521.0	1.0	2.0	1529.0	1529.0	1552.0	23.0	68.0	4.0	5.0	3.0	
1522.0	1.0	2.0	1537.0	1537.0	1560.0	23.0	93.0	5.0	4.0	5.0	
1523.0	1.0	2.0	1511.0	1511.0	1534.0	23.0	94.0	5.0	13.0	1.0	
1524.0	1.0	2.0	1527.0	1527.0	1550.0	23.0	85.0	5.0	3.0	5.0	
1525.0	1.0	2.0	1492.0	1492.0	1515.0	23.0	90.0	5.0	4.0	1.0	
1526.0	1.0	2.0	1504.0	1504.0	1527.0	23.0	85.0	5.0	3.0	5.0	
1527.0	1.0	2.0	1494.0	1494.0	1517.0	23.0	88.0	5.0	4.0	3.0	
1528.0	1.0	2.0	1505.0	1505.0	1528.0	23.0	85.0	5.0	3.0	5.0	
1529.0	1.0	2.0	1486.0	1486.0	1509.0	23.0	99.0	5.0	12.0	3.0	
1530.0	1.0	2.0	1534.0	1534.0	1557.0	23.0	73.0	4.0	13.0	3.0	
1531.0	1.0	2.0	1512.0	1512.0	1535.0	23.0	93.0	5.0	4.0	5.0	
1532.0	1.0	2.0	1395.0	1395.0	1418.0	23.0	75.0	4.0	8.0	5.0	
1533.0	1.0	2.0	1406.0	1406.0	1429.0	23.0	75.0	4.0	8.0	5.0	
1534.0	1.0	2.0	1459.0	1459.0	1482.0	23.0	95.0	5.0	8.0	5.0	
1535.0	1.0	2.0	1418.0	1418.0	1441.0	23.0	89.0	5.0	14.0	2.0	
1536.0	1.0	2.0	1540.0	1540.0	1563.0	23.0	91.0	5.0	9.0	5.0	
=====================================================================================================================================================
Map output of kmean map task #, VM#, VM Flavour #, PM#, Rack #, Reduce1, Reduce2, etc (how much each map task produces to different reduce tasks)
=====================================================================================================================================================
1.0	95.0	8.0	8.0	16.57	10.24	7.47	14.83	9.14	17.11	14.67	14.14	6.6	13.37	15.77	
2.0	69.0	12.0	12.0	12.48	11.83	12.15	17.61	17.13	14.13	16.41	6.23	8.51	11.17	11.21	
3.0	79.0	7.0	7.0	12.72	17.09	7.75	11.44	11.52	17.62	9.61	9.78	12.62	14.67	9.21	
4.0	84.0	12.0	12.0	15.09	15.99	9.73	16.18	8.93	17.9	14.03	11.14	14.7	11.45	16.97	
5.0	87.0	5.0	5.0	7.08	11.52	6.77	10.34	7.12	6.57	14.7	13.32	15.2	15.05	15.47	
6.0	92.0	10.0	10.0	13.14	10.36	14.07	16.65	13.52	9.23	8.8	6.81	8.38	12.01	17.53	
7.0	94.0	13.0	13.0	11.32	8.89	14.17	10.87	12.59	16.86	7.93	11.79	10.07	16.33	8.09	
8.0	96.0	15.0	15.0	9.48	11.07	11.12	16.78	10.81	12.2	11.62	11.78	13.95	16.75	17.23	
9.0	81.0	3.0	3.0	12.15	9.75	7.76	11.52	10.51	13.16	9.17	15.97	11.2	7.13	14.47	
10.0	83.0	5.0	5.0	10.33	12.6	15.83	14.08	15.75	7.19	13.18	10.42	9.75	8.77	10.32	
11.0	72.0	11.0	11.0	15.09	7.13	8.0	12.7	7.24	10.18	10.35	6.03	6.43	10.24	11.32	
12.0	66.0	12.0	12.0	12.34	14.33	11.31	13.62	13.04	6.55	7.67	8.07	12.94	7.93	12.16	
13.0	49.0	12.0	12.0	11.02	12.06	7.79	10.47	6.86	10.24	15.04	15.9	16.63	7.81	16.11	
14.0	94.0	13.0	13.0	13.64	12.78	12.85	10.21	7.82	15.52	6.76	7.64	17.85	13.71	12.54	
15.0	97.0	9.0	9.0	8.53	10.86	15.95	7.82	7.72	16.0	6.98	16.15	10.51	7.2	7.08	
16.0	62.0	7.0	7.0	7.17	6.22	11.68	6.8	9.23	14.97	9.77	8.32	14.15	13.33	16.77	
17.0	68.0	5.0	5.0	11.19	7.23	17.91	17.57	10.25	16.79	16.11	11.4	15.44	10.28	17.81	
18.0	56.0	13.0	13.0	10.99	16.8	16.14	12.49	8.23	14.7	7.47	13.95	10.29	11.09	16.03	
19.0	89.0	14.0	14.0	15.09	10.13	11.8	12.78	9.93	14.11	9.2	7.34	15.9	14.28	7.24	
20.0	93.0	4.0	4.0	16.92	7.36	7.4	12.42	8.6	9.41	16.59	10.74	17.99	14.74	17.13	
21.0	95.0	8.0	8.0	6.96	12.16	10.46	9.65	10.3	10.69	8.05	12.14	8.13	6.55	17.23	
22.0	31.0	8.0	8.0	15.0	8.9	8.27	9.34	17.58	9.99	12.49	13.35	12.69	16.57	14.85	
23.0	72.0	11.0	11.0	10.44	11.07	14.74	8.16	12.33	12.72	13.66	13.78	12.35	11.83	14.96	
24.0	85.0	3.0	3.0	11.47	12.4	15.04	17.24	9.43	9.75	14.38	12.45	12.76	14.25	7.17	
25.0	88.0	4.0	4.0	6.44	9.88	10.66	8.5	16.61	7.74	17.19	17.13	9.49	14.7	10.13	
26.0	59.0	9.0	9.0	12.95	11.72	14.57	13.93	17.14	10.15	15.05	8.56	15.53	9.17	8.63	
27.0	71.0	11.0	11.0	13.18	9.69	9.49	9.51	11.77	15.79	15.39	10.02	11.64	11.76	16.21	
28.0	79.0	7.0	7.0	17.15	15.45	9.65	14.52	7.69	12.91	6.25	17.49	9.7	14.91	13.84	
29.0	81.0	3.0	3.0	10.15	6.81	16.46	11.48	11.45	11.29	11.01	8.52	6.07	14.47	11.49	
30.0	84.0	12.0	12.0	12.39	9.4	11.73	14.09	14.94	8.28	7.33	14.59	13.82	9.64	10.52	
31.0	100.0	14.0	14.0	10.08	16.41	7.66	10.43	11.64	15.87	9.08	15.26	9.57	7.99	8.36	
32.0	88.0	4.0	4.0	16.15	8.18	8.73	16.82	15.69	6.36	14.22	7.03	7.13	12.56	14.99	
33.0	68.0	5.0	5.0	12.94	15.92	6.34	11.35	13.93	8.83	7.37	8.14	10.96	14.82	16.0	
34.0	96.0	15.0	15.0	13.49	8.58	12.28	15.09	11.59	9.46	13.23	6.98	9.7	11.08	12.45	
35.0	99.0	12.0	12.0	9.52	13.16	9.96	8.16	6.74	10.68	9.71	14.37	12.32	9.54	10.31	
36.0	82.0	6.0	6.0	10.83	15.96	8.28	10.92	14.01	11.37	6.56	17.12	12.74	14.7	8.71	
37.0	64.0	4.0	4.0	12.59	16.23	15.94	7.8	15.83	16.54	13.73	8.07	11.22	12.91	9.39	
38.0	61.0	12.0	12.0	10.6	11.25	11.78	6.35	9.4	16.1	13.08	8.82	12.55	13.02	13.26	
39.0	62.0	7.0	7.0	10.53	7.64	13.34	15.66	11.17	9.41	13.18	8.45	11.43	17.62	14.65	
40.0	92.0	10.0	10.0	17.39	9.74	13.37	7.36	16.39	7.66	16.77	10.11	17.16	15.42	7.65	
41.0	74.0	1.0	1.0	11.01	14.39	15.82	10.43	6.5	12.77	14.42	9.68	14.34	12.65	7.22	
42.0	64.0	4.0	4.0	17.32	12.94	13.85	13.66	8.02	13.74	16.04	8.82	12.59	17.77	8.2	
43.0	66.0	12.0	12.0	6.95	6.54	6.88	8.1	13.9	6.51	6.41	12.48	16.2	12.83	12.48	
44.0	67.0	3.0	3.0	13.11	11.06	16.48	11.65	16.28	15.31	11.47	9.14	12.5	11.25	14.12	
45.0	88.0	4.0	4.0	10.19	6.18	17.03	10.99	15.3	9.02	16.27	14.19	17.54	16.55	12.62	
46.0	45.0	5.0	5.0	11.94	17.37	10.15	14.7	11.12	14.21	10.45	8.35	16.98	14.17	16.0	
47.0	51.0	2.0	2.0	7.34	7.53	10.61	12.36	11.38	6.43	13.03	12.41	8.1	7.39	10.56	
48.0	61.0	12.0	12.0	8.5	17.74	14.16	17.82	9.66	10.54	13.9	17.41	6.25	12.5	11.23	
49.0	61.0	12.0	12.0	13.78	12.93	16.52	9.34	15.77	17.17	17.41	13.62	17.59	7.0	0.47720286208997376	
50.0	99.0	12.0	12.0	15.28	6.14	9.65	6.93	8.98	6.88	7.34	14.45	13.95	10.83	13.26	
51.0	85.0	3.0	3.0	15.8	6.79	7.74	15.85	15.02	7.88	16.42	6.55	13.11	15.85	10.0	
52.0	68.0	5.0	5.0	11.36	15.48	9.29	15.81	9.95	14.25	13.26	16.52	13.02	8.43	10.93	
53.0	22.0	6.0	6.0	17.47	10.62	13.15	17.09	11.28	8.76	13.59	12.24	8.7	11.83	6.16	
54.0	64.0	4.0	4.0	15.7	14.6	16.44	15.04	8.85	14.87	10.66	9.02	14.79	10.15	8.59	
55.0	80.0	3.0	3.0	10.3	12.33	16.81	10.76	8.53	16.16	7.48	7.23	15.87	13.14	10.89	
56.0	63.0	15.0	15.0	15.1	17.7	6.12	16.25	9.66	13.83	11.57	15.05	8.36	16.61	10.27	
57.0	84.0	12.0	12.0	14.76	16.51	7.89	6.6	16.28	14.71	14.68	14.53	8.73	8.9	10.08	
58.0	77.0	8.0	8.0	15.77	11.42	9.9	10.87	11.58	10.14	15.35	6.04	16.29	16.25	12.92	
59.0	66.0	12.0	12.0	16.36	9.02	15.07	16.67	17.32	9.38	10.43	10.45	6.13	12.86	17.31	
60.0	73.0	13.0	13.0	13.64	9.49	10.14	9.44	7.47	12.62	14.04	11.84	9.73	17.1	11.89	
61.0	73.0	13.0	13.0	14.71	11.88	16.83	9.18	7.09	14.96	9.21	16.2	16.49	8.62	11.37	
62.0	99.0	12.0	12.0	6.81	7.49	8.82	10.05	15.02	17.17	12.76	6.53	10.87	14.37	13.15	
63.0	64.0	4.0	4.0	17.16	6.95	12.74	15.13	7.59	6.92	15.18	14.15	8.29	12.21	8.47	
64.0	76.0	6.0	6.0	6.8	9.21	12.89	7.91	10.87	10.47	12.26	10.89	10.38	11.38	6.06	
65.0	65.0	11.0	11.0	16.02	11.87	16.81	16.28	12.94	14.2	10.26	14.28	7.9	17.72	0.5839759506373077	
66.0	77.0	8.0	8.0	7.6	6.32	10.51	14.69	15.36	17.83	8.98	7.63	17.31	8.91	14.5	
67.0	62.0	7.0	7.0	8.33	11.64	15.16	6.06	10.51	9.51	13.58	7.5	9.33	6.64	9.03	
68.0	68.0	5.0	5.0	14.05	15.42	10.07	10.9	8.92	13.58	16.3	9.86	14.52	16.42	12.2	
69.0	81.0	3.0	3.0	15.51	8.73	8.63	12.61	11.24	7.35	15.82	17.12	15.59	7.05	16.47	
70.0	62.0	7.0	7.0	16.88	14.11	15.03	16.3	7.06	9.57	16.82	9.44	16.49	15.7	7.32	
71.0	24.0	14.0	14.0	13.01	10.78	13.99	13.62	12.92	6.03	17.03	15.74	14.43	9.29	7.25	
72.0	89.0	14.0	14.0	6.66	8.99	14.67	6.06	17.33	9.24	7.36	15.45	13.98	9.01	12.44	
73.0	91.0	9.0	9.0	7.95	9.29	13.33	10.25	17.04	16.11	12.59	13.59	7.48	11.42	11.06	
74.0	70.0	11.0	11.0	9.67	15.07	11.29	16.2	6.84	12.47	17.46	10.39	6.07	13.7	11.37	
75.0	98.0	15.0	15.0	16.34	7.07	10.17	11.89	10.22	6.48	8.44	9.08	6.47	12.47	17.76	
76.0	82.0	6.0	6.0	14.66	15.64	13.97	17.18	12.96	6.24	16.79	15.33	10.83	9.08	7.57	
77.0	85.0	3.0	3.0	7.54	6.63	13.01	15.13	17.47	9.15	11.27	7.19	17.75	13.53	11.41	
78.0	86.0	15.0	15.0	11.59	17.28	15.82	10.19	6.81	12.75	6.38	12.15	11.9	12.27	8.91	
79.0	67.0	3.0	3.0	10.36	8.9	12.42	9.76	16.88	7.48	17.5	10.83	10.96	7.2	7.88	
80.0	77.0	8.0	8.0	7.16	16.3	11.97	15.67	17.33	12.36	17.84	10.8	6.06	13.82	8.18	
81.0	95.0	8.0	8.0	17.56	11.53	13.38	14.25	15.76	13.49	15.05	15.38	14.04	16.54	15.695824813514887	
82.0	45.0	5.0	5.0	12.62	7.2	6.11	12.07	10.72	13.98	15.99	8.79	7.12	8.5	10.08	
83.0	83.0	5.0	5.0	13.24	11.31	10.57	16.71	16.93	17.56	16.67	9.02	7.04	16.43	13.2	
84.0	84.0	12.0	12.0	16.2	11.35	6.82	9.62	14.23	15.06	12.3	7.54	6.97	10.96	17.23	
85.0	63.0	15.0	15.0	14.7	8.99	17.11	10.07	14.46	8.11	6.76	17.3	8.79	15.14	11.98	
86.0	47.0	15.0	15.0	17.01	16.26	6.67	16.96	6.09	17.17	10.5	13.76	6.86	7.37	12.26	
87.0	51.0	2.0	2.0	14.51	16.14	11.18	11.53	12.02	15.45	9.69	7.82	15.46	8.12	17.31	
88.0	96.0	15.0	15.0	11.78	10.5	7.25	12.01	7.99	13.68	10.96	12.98	16.6	12.71	9.42	
89.0	74.0	1.0	1.0	14.9	6.56	13.07	16.68	14.09	14.26	13.08	6.87	16.81	12.42	17.87	
90.0	68.0	5.0	5.0	16.88	17.56	11.88	16.53	14.36	9.74	9.41	10.92	12.57	7.45	12.76	
91.0	86.0	15.0	15.0	9.97	7.28	12.28	17.5	10.99	16.22	14.12	15.63	13.44	12.27	16.24	
92.0	90.0	4.0	4.0	6.69	14.83	13.18	14.53	16.64	17.85	8.34	11.24	15.22	11.9	14.18	
93.0	42.0	4.0	4.0	8.88	15.31	6.7	16.52	8.78	7.64	9.07	13.1	16.62	16.35	16.75	
94.0	74.0	1.0	1.0	13.69	6.59	11.34	10.79	15.59	8.46	6.14	14.46	15.99	10.52	10.62	
95.0	97.0	9.0	9.0	9.37	9.86	11.73	12.42	7.73	11.0	16.72	13.21	14.19	6.28	7.26	
96.0	42.0	4.0	4.0	7.04	17.79	9.08	9.42	7.29	17.19	17.82	17.01	15.28	13.95	16.82	
97.0	84.0	12.0	12.0	12.73	15.68	17.59	15.97	7.92	13.91	7.87	17.03	12.96	8.78	12.12	
98.0	67.0	3.0	3.0	7.69	13.85	8.41	6.66	17.11	16.32	10.86	11.13	14.42	14.22	9.04	
99.0	49.0	12.0	12.0	17.42	8.83	8.89	15.18	14.01	17.79	10.84	9.79	16.72	13.53	14.68	
100.0	93.0	4.0	4.0	17.24	17.97	11.47	15.74	7.89	12.75	9.78	15.69	11.72	13.14	16.92	
101.0	96.0	15.0	15.0	6.26	12.5	15.63	9.48	9.86	14.16	15.97	7.61	11.17	10.49	17.1	
102.0	71.0	11.0	11.0	6.95	15.47	10.27	17.91	7.3	12.65	17.94	12.54	8.6	11.85	16.42	
103.0	83.0	5.0	5.0	8.34	15.13	9.15	12.74	8.59	6.81	8.58	16.34	16.25	14.03	11.58	
104.0	80.0	3.0	3.0	6.87	9.15	11.61	17.17	12.65	9.71	15.69	9.36	9.13	8.41	13.02	
105.0	78.0	8.0	8.0	13.95	8.73	15.31	10.67	13.17	12.95	17.53	10.8	17.31	16.94	17.43	
106.0	92.0	10.0	10.0	9.83	12.86	17.42	9.94	17.28	10.79	17.55	6.3	15.0	6.74	13.34	
107.0	94.0	13.0	13.0	15.9	7.48	8.82	16.31	9.32	11.02	10.19	17.35	8.3	9.03	8.86	
108.0	98.0	15.0	15.0	10.19	13.59	9.37	12.7	15.69	12.61	17.09	6.32	13.65	11.09	14.1	
109.0	62.0	7.0	7.0	15.79	17.79	13.95	6.18	9.88	6.92	13.07	6.73	15.57	14.91	15.56	
110.0	46.0	14.0	14.0	7.53	17.15	17.01	13.56	7.2	15.35	6.16	9.26	8.72	15.39	7.32	
111.0	67.0	3.0	3.0	13.28	16.15	7.25	7.33	11.37	9.59	14.0	16.69	13.21	9.8	15.37	
112.0	88.0	4.0	4.0	12.17	9.28	13.51	7.24	9.98	12.39	11.73	9.97	14.28	6.0	14.49	
113.0	93.0	4.0	4.0	9.87	8.88	10.72	11.33	13.73	10.24	7.36	15.61	13.27	12.35	7.65	
114.0	45.0	5.0	5.0	9.93	6.82	13.37	14.9	6.97	14.33	12.26	16.96	8.9	6.52	9.87	
115.0	73.0	13.0	13.0	14.41	8.72	6.72	16.38	15.18	11.9	16.68	12.77	15.74	9.82	17.52	
116.0	100.0	14.0	14.0	13.01	8.11	17.14	11.08	16.27	12.86	12.51	16.44	10.93	11.33	6.53	
117.0	84.0	12.0	12.0	13.11	9.83	16.83	13.14	7.83	16.56	17.32	13.18	14.77	7.76	16.73	
118.0	86.0	15.0	15.0	6.61	13.66	12.85	11.62	14.36	7.43	11.35	12.81	10.68	13.3	13.51	
119.0	69.0	12.0	12.0	15.79	15.2	17.41	16.94	16.91	7.5	8.85	13.69	9.23	15.29	8.0	
120.0	92.0	10.0	10.0	6.79	6.45	6.39	7.96	16.7	6.58	8.16	14.94	9.69	17.57	10.68	
121.0	95.0	8.0	8.0	12.97	16.05	12.87	7.96	11.36	14.18	11.27	12.96	10.94	16.53	6.29	
122.0	99.0	12.0	12.0	10.88	9.68	14.59	7.05	9.84	14.41	17.54	7.35	17.44	7.92	10.53	
123.0	74.0	1.0	1.0	9.39	13.37	12.16	8.37	12.24	6.32	15.91	9.14	10.67	17.44	12.44	
124.0	58.0	11.0	11.0	15.92	8.74	13.79	7.09	6.79	7.96	16.58	11.33	8.87	12.11	11.59	
125.0	87.0	5.0	5.0	7.97	16.86	10.26	10.66	6.04	8.85	6.87	10.55	12.7	10.38	16.49	
126.0	37.0	5.0	5.0	10.64	13.22	14.93	9.65	13.91	10.17	17.45	15.3	8.06	15.22	13.19	
127.0	95.0	8.0	8.0	9.57	16.88	14.4	15.95	8.39	16.02	8.69	11.95	8.52	8.41	11.36	
128.0	64.0	4.0	4.0	9.26	16.69	15.89	13.93	14.32	11.45	15.76	6.35	17.35	15.5	17.55	
129.0	74.0	1.0	1.0	15.33	14.45	12.32	6.77	7.24	17.55	15.47	16.84	10.05	8.12	8.44	
130.0	71.0	11.0	11.0	8.97	11.0	16.85	16.91	6.06	10.54	6.77	11.6	10.18	15.48	6.69	
131.0	86.0	15.0	15.0	13.9	12.64	7.61	6.7	10.87	10.17	11.1	9.17	14.69	11.41	10.75	
132.0	65.0	11.0	11.0	11.59	13.42	17.66	17.17	11.94	13.38	10.73	8.33	16.16	6.98	7.49	
133.0	55.0	6.0	6.0	11.25	12.93	6.12	10.71	17.89	16.67	6.12	16.97	12.63	8.37	8.92	
134.0	96.0	15.0	15.0	11.56	8.87	9.39	6.12	7.13	6.45	17.11	11.53	15.21	8.89	10.95	
135.0	99.0	12.0	12.0	8.08	12.08	10.44	11.14	16.5	9.19	8.22	7.24	17.7	13.27	8.18	
136.0	65.0	11.0	11.0	8.03	11.92	12.04	6.98	15.21	11.28	15.28	15.35	9.06	11.61	10.67	
137.0	64.0	4.0	4.0	13.4	12.01	8.2	15.78	16.96	6.59	10.77	9.61	17.26	7.7	7.14	
138.0	67.0	3.0	3.0	12.16	7.78	12.63	13.07	11.44	7.32	8.66	14.7	11.38	7.02	7.85	
139.0	91.0	9.0	9.0	6.77	17.55	6.54	8.82	11.32	16.81	6.74	15.08	15.38	8.36	16.73	
140.0	93.0	4.0	4.0	15.29	7.27	8.36	6.45	9.92	16.15	17.34	7.69	13.84	17.44	10.67	
141.0	73.0	13.0	13.0	7.93	11.35	12.15	17.54	13.15	13.91	13.27	14.26	16.3	12.34	17.88	
142.0	100.0	14.0	14.0	10.14	14.81	7.69	8.74	7.39	17.02	12.82	6.44	12.19	15.62	12.73	
143.0	82.0	6.0	6.0	12.16	15.96	8.13	7.8	11.67	13.58	12.54	16.48	8.09	14.21	11.86	
144.0	78.0	8.0	8.0	13.08	8.32	11.39	15.72	11.91	7.46	17.84	12.76	16.69	6.1	7.65	
145.0	50.0	9.0	9.0	17.03	11.25	13.5	12.3	15.11	14.67	8.26	10.8	11.31	15.74	17.12	
146.0	62.0	7.0	7.0	15.78	11.01	12.98	10.15	6.82	10.04	12.21	16.81	10.56	15.02	8.2	
147.0	38.0	5.0	5.0	10.64	14.04	8.2	16.61	16.16	17.28	17.79	16.97	14.28	8.69	9.59370364124546	
148.0	47.0	15.0	15.0	11.2	15.04	11.98	9.84	13.54	9.91	13.14	13.26	13.64	13.67	13.96	
149.0	67.0	3.0	3.0	10.52	17.93	12.71	14.51	9.13	11.05	14.28	14.61	17.18	16.61	16.807090658711953	
150.0	82.0	6.0	6.0	13.23	7.88	11.86	14.41	10.67	14.09	14.34	14.85	12.88	13.07	7.57	
151.0	47.0	15.0	15.0	12.94	13.11	17.55	8.37	6.9	14.76	13.17	6.68	6.37	6.13	8.63	
152.0	76.0	6.0	6.0	17.71	11.17	10.1	9.06	14.96	15.38	15.87	10.08	13.85	10.58	11.29	
153.0	66.0	12.0	12.0	9.22	13.63	13.12	15.36	17.96	12.36	11.72	14.4	17.67	14.68	13.584610447758857	
154.0	94.0	13.0	13.0	14.34	15.39	11.44	10.82	17.19	6.77	8.28	6.57	13.58	6.56	6.07	
155.0	97.0	9.0	9.0	8.11	7.41	7.67	15.28	7.1	9.19	17.56	14.89	17.22	6.9	11.84	
156.0	100.0	14.0	14.0	6.41	11.9	16.56	8.84	8.06	7.72	13.19	15.64	14.2	8.17	8.59	
157.0	83.0	5.0	5.0	8.27	6.79	9.9	16.96	11.43	14.19	6.68	14.91	11.53	6.01	9.18	
158.0	88.0	4.0	4.0	13.39	6.95	9.9	9.9	7.95	14.95	9.05	14.23	17.14	17.77	13.48	
159.0	90.0	4.0	4.0	16.46	13.35	9.83	9.36	7.88	14.8	7.42	11.26	13.47	16.84	7.91	
160.0	64.0	4.0	4.0	12.29	17.38	15.01	17.77	8.62	16.99	11.36	6.76	12.86	12.48	17.83	
161.0	78.0	8.0	8.0	17.07	9.94	11.23	11.5	14.91	7.08	10.24	6.01	7.59	12.26	10.04	
162.0	98.0	15.0	15.0	16.6	15.02	7.32	8.43	9.55	7.13	17.27	13.62	14.38	13.17	12.65	
163.0	73.0	13.0	13.0	10.18	12.26	8.57	9.42	7.94	6.95	15.35	11.23	10.48	12.78	8.52	
164.0	84.0	12.0	12.0	7.37	16.53	6.44	11.28	13.36	15.59	12.51	12.79	16.84	7.48	9.13	
165.0	51.0	2.0	2.0	6.8	13.46	7.77	6.75	15.51	14.41	17.82	11.37	7.17	15.3	16.85	
166.0	72.0	11.0	11.0	17.6	16.8	12.46	14.35	8.94	12.37	16.97	11.33	6.65	6.15	17.58	
167.0	95.0	8.0	8.0	15.49	17.4	11.66	7.02	7.26	9.97	13.8	12.32	7.28	17.47	11.45	
168.0	98.0	15.0	15.0	15.66	17.25	16.61	11.61	16.26	11.02	17.28	7.1	8.33	17.07	9.27169067981408	
169.0	81.0	3.0	3.0	13.43	13.89	12.53	16.49	15.38	12.57	6.51	13.71	9.3	13.76	17.81	
170.0	82.0	6.0	6.0	14.01	17.29	17.71	6.96	6.88	17.97	16.88	14.81	10.68	12.25	8.22	
171.0	87.0	5.0	5.0	7.36	10.82	16.26	9.04	11.2	12.36	17.9	8.24	7.4	6.25	9.14	
172.0	88.0	4.0	4.0	15.89	6.5	15.44	11.18	8.95	7.45	15.84	17.94	14.91	10.69	10.19	
173.0	92.0	10.0	10.0	8.8	10.58	9.91	11.66	12.19	8.7	6.67	11.31	6.11	14.18	17.18	
174.0	67.0	3.0	3.0	12.5	15.09	11.03	17.6	12.85	9.7	9.7	9.6	16.0	11.87	9.12	
175.0	98.0	15.0	15.0	11.48	14.45	9.7	8.04	6.48	8.85	16.98	16.4	17.47	14.52	9.18	
176.0	81.0	3.0	3.0	10.29	16.96	13.36	12.55	17.06	8.13	8.84	17.52	8.64	9.55	14.92	
177.0	70.0	11.0	11.0	16.5	6.02	15.75	8.32	6.99	11.36	12.89	17.28	15.33	7.52	10.41	
178.0	86.0	15.0	15.0	7.51	13.86	10.31	12.41	7.36	17.28	9.52	10.3	8.55	8.24	12.56	
179.0	66.0	12.0	12.0	15.01	17.55	10.78	8.34	12.98	15.68	15.54	6.93	17.44	11.52	10.32	
180.0	48.0	13.0	13.0	6.97	12.06	6.2	7.98	16.24	12.52	14.36	15.56	11.63	17.7	14.14	
181.0	95.0	8.0	8.0	6.39	10.33	16.48	7.38	6.85	13.22	17.39	6.32	6.96	12.24	10.62	
182.0	98.0	15.0	15.0	9.96	14.44	17.12	10.02	17.29	13.68	9.55	10.03	13.59	11.78	10.23	
183.0	81.0	3.0	3.0	9.22	11.54	10.67	12.03	15.3	7.33	6.64	14.74	16.69	6.61	14.49	
184.0	85.0	3.0	3.0	12.61	16.95	9.7	15.42	10.94	11.93	16.71	11.99	16.15	7.81	10.78	
185.0	87.0	5.0	5.0	7.26	12.62	13.88	10.8	14.28	11.38	8.93	12.25	16.29	14.06	14.66	
186.0	92.0	10.0	10.0	17.48	13.35	9.16	7.6	13.58	15.41	12.53	14.72	7.5	8.51	15.32	
187.0	40.0	11.0	11.0	14.47	6.91	17.04	12.68	16.79	6.69	12.51	14.68	10.25	6.23	8.46	
188.0	98.0	15.0	15.0	10.35	10.08	9.62	14.24	10.06	12.24	10.83	8.31	13.84	13.23	9.03	
189.0	23.0	7.0	7.0	11.23	12.84	6.44	16.27	15.75	16.69	9.06	6.14	17.16	13.74	12.92	
190.0	83.0	5.0	5.0	9.34	7.98	12.54	17.35	15.68	8.63	16.96	6.43	12.42	8.42	11.98	
191.0	73.0	13.0	13.0	7.2	15.54	17.55	6.61	16.44	8.14	12.81	8.82	8.38	6.67	17.08	
192.0	77.0	8.0	8.0	12.46	11.13	11.84	9.28	12.72	13.22	10.73	7.6	15.42	7.59	8.83	
193.0	31.0	8.0	8.0	10.92	11.92	17.36	9.26	12.38	16.24	8.45	9.11	8.65	6.99	7.66	
194.0	85.0	3.0	3.0	14.35	10.49	17.0	15.91	12.51	12.98	11.53	16.31	9.8	13.3	13.76	
195.0	66.0	12.0	12.0	10.74	11.28	9.93	10.79	17.56	15.07	10.13	8.97	12.77	7.29	11.25	
196.0	81.0	3.0	3.0	9.13	15.63	14.73	14.14	11.28	13.78	10.72	15.86	10.18	8.24	12.67	
197.0	83.0	5.0	5.0	11.89	16.79	13.38	10.37	11.76	9.23	14.61	16.89	13.62	12.88	9.58	
198.0	48.0	13.0	13.0	15.53	16.42	15.36	14.2	7.32	7.89	7.33	7.31	10.11	7.38	16.29	
199.0	90.0	4.0	4.0	14.07	15.04	15.82	10.75	17.01	6.97	12.85	17.23	11.0	15.05	8.2	
200.0	94.0	13.0	13.0	7.31	15.78	9.08	9.04	11.43	13.0	9.78	10.84	15.42	15.63	6.03	
201.0	96.0	15.0	15.0	7.3	16.74	15.91	9.46	10.57	16.12	11.01	11.0	11.19	14.18	13.6	
202.0	100.0	14.0	14.0	6.08	17.24	13.75	16.77	13.83	13.98	16.67	9.22	13.2	15.28	13.69	
203.0	23.0	7.0	7.0	11.7	11.12	14.39	17.81	8.69	11.41	8.39	15.52	17.05	17.33	14.28	
204.0	85.0	3.0	3.0	9.38	12.64	8.97	7.55	17.8	12.0	12.34	10.39	15.54	10.0	13.1	
205.0	87.0	5.0	5.0	16.13	9.63	17.51	10.24	7.42	9.3	15.64	9.29	16.95	10.59	12.48	
206.0	90.0	4.0	4.0	8.14	17.07	16.37	11.49	8.29	14.46	15.87	11.26	9.91	15.91	13.65	
207.0	95.0	8.0	8.0	12.71	8.8	11.58	13.81	11.5	16.53	6.18	8.23	10.47	14.18	9.98	
208.0	98.0	15.0	15.0	7.79	13.45	12.07	15.63	10.28	8.51	17.94	8.89	10.97	15.52	13.67	
209.0	81.0	3.0	3.0	14.06	14.37	8.01	6.45	17.12	14.63	13.4	13.84	13.34	12.15	8.62	
210.0	82.0	6.0	6.0	13.51	8.51	14.34	13.1	8.73	17.5	14.52	11.6	10.33	12.98	15.21	
211.0	72.0	11.0	11.0	10.33	15.62	11.17	6.78	14.6	7.73	13.57	6.32	10.32	8.65	12.28	
212.0	51.0	2.0	2.0	14.47	13.72	16.8	16.63	8.01	13.18	17.77	11.06	11.65	6.84	14.0	
213.0	73.0	13.0	13.0	16.24	16.3	10.41	8.02	16.15	11.8	13.12	16.23	16.2	7.73	16.45	
214.0	71.0	11.0	11.0	10.02	7.09	10.56	12.36	6.6	10.82	12.68	13.32	8.71	13.03	7.76	
215.0	64.0	4.0	4.0	15.44	15.2	12.86	9.69	9.41	16.38	7.0	15.25	13.75	9.0	16.96	
216.0	67.0	3.0	3.0	7.15	10.64	11.81	11.3	6.9	8.7	8.66	6.11	8.71	13.98	12.06	
217.0	23.0	7.0	7.0	15.96	17.27	16.84	6.57	10.07	13.33	9.76	17.6	9.38	14.21	15.1	
218.0	86.0	15.0	15.0	13.86	10.15	14.2	17.99	10.96	17.09	6.93	13.32	13.74	8.08	16.76	
219.0	91.0	9.0	9.0	14.33	9.91	10.77	9.7	6.48	17.0	10.7	12.48	10.61	16.65	11.82	
220.0	63.0	15.0	15.0	7.17	16.05	8.81	15.04	16.04	14.28	16.45	8.83	13.94	14.84	12.11	
221.0	95.0	8.0	8.0	7.7	16.63	15.47	15.75	14.77	11.47	9.0	11.4	9.13	11.02	13.14	
222.0	64.0	4.0	4.0	6.08	17.53	12.8	13.53	10.63	13.2	7.82	14.99	13.12	9.65	10.51	
223.0	74.0	1.0	1.0	7.26	10.39	8.43	8.86	6.68	12.03	7.13	15.42	9.31	16.54	9.87	
224.0	84.0	12.0	12.0	15.67	11.35	9.53	6.84	17.82	17.84	17.17	13.3	11.22	12.53	6.61	
225.0	89.0	14.0	14.0	13.43	14.67	7.55	14.6	8.96	9.83	8.01	15.37	11.65	6.0	16.46	
226.0	91.0	9.0	9.0	6.13	10.67	16.6	17.52	16.56	14.04	12.04	6.86	10.0	8.76	12.62	
227.0	93.0	4.0	4.0	11.73	13.96	9.01	15.09	13.38	14.11	17.24	15.89	17.25	7.96	12.5	
228.0	100.0	14.0	14.0	16.14	6.72	12.83	13.01	16.54	15.52	10.03	13.68	16.1	8.92	11.16	
229.0	68.0	5.0	5.0	10.33	17.24	9.65	13.65	7.95	14.88	11.88	16.25	11.58	9.59	11.4	
230.0	63.0	15.0	15.0	11.26	17.98	8.47	17.2	14.66	11.96	17.95	7.62	11.29	11.74	6.51	
231.0	85.0	3.0	3.0	14.06	12.67	16.58	16.18	11.04	9.74	8.55	15.75	13.83	15.5	9.63	
232.0	56.0	13.0	13.0	7.4	15.27	7.2	15.15	12.26	17.14	12.97	9.63	11.92	13.44	8.72	
233.0	67.0	3.0	3.0	17.84	14.49	14.03	14.0	10.28	8.82	14.7	16.15	12.09	9.83	6.69	
234.0	60.0	3.0	3.0	17.12	6.32	16.97	7.54	9.95	11.07	14.55	15.98	14.79	12.53	6.32	
235.0	98.0	15.0	15.0	8.75	6.79	8.21	6.13	13.0	17.07	17.22	6.41	11.11	7.16	6.05	
236.0	81.0	3.0	3.0	12.57	7.73	14.83	8.93	14.06	16.13	14.97	12.38	9.5	8.88	6.76	
237.0	60.0	3.0	3.0	8.46	7.96	12.27	12.0	9.38	17.93	17.67	17.1	7.19	16.24	7.78	
238.0	86.0	15.0	15.0	9.48	14.97	6.06	6.29	16.1	14.18	13.68	9.07	15.25	9.8	10.05	
239.0	62.0	7.0	7.0	17.93	15.15	10.07	10.28	8.09	13.86	10.22	16.1	6.34	15.66	11.9	
240.0	94.0	13.0	13.0	9.96	14.36	11.28	10.4	6.18	6.67	14.88	11.82	11.01	11.63	6.71	
241.0	45.0	5.0	5.0	15.01	10.47	11.31	13.64	6.0	8.63	13.47	11.81	10.14	6.52	12.65	
242.0	100.0	14.0	14.0	17.52	10.69	16.15	10.77	9.72	13.89	11.51	15.34	10.99	9.85	14.72	
243.0	59.0	9.0	9.0	8.24	6.4	6.48	6.02	13.77	11.13	10.75	8.08	10.02	8.31	16.09	
244.0	46.0	14.0	14.0	17.37	15.21	9.0	14.65	14.91	10.0	16.5	11.03	15.85	13.6	10.725114140773597	
245.0	70.0	11.0	11.0	14.01	10.63	6.99	17.75	17.05	6.6	6.39	8.46	10.76	13.82	16.62	
246.0	91.0	9.0	9.0	15.73	17.82	10.01	17.97	11.56	6.73	12.46	10.08	9.39	10.68	17.22	
247.0	66.0	12.0	12.0	10.67	12.92	11.7	17.83	17.84	8.95	6.01	8.95	17.85	13.41	16.2	
248.0	97.0	9.0	9.0	13.11	12.2	14.8	10.93	11.86	14.48	7.13	17.77	13.4	6.56	17.59	
249.0	99.0	12.0	12.0	14.42	15.42	16.27	7.77	11.04	13.28	17.46	6.64	16.81	13.72	15.89	
250.0	62.0	7.0	7.0	16.29	15.02	11.64	8.77	17.73	6.82	9.67	11.69	9.62	15.35	8.55	
251.0	56.0	13.0	13.0	16.89	14.95	16.39	6.02	10.43	7.79	10.77	9.78	12.94	11.99	9.73	
252.0	90.0	4.0	4.0	12.78	13.15	13.04	14.32	13.9	15.8	7.09	17.9	6.31	13.35	16.24	
253.0	92.0	10.0	10.0	6.9	6.46	10.87	15.66	13.95	7.73	13.74	7.51	16.67	11.81	15.87	
254.0	71.0	11.0	11.0	11.8	9.79	7.49	8.62	10.63	9.16	14.08	8.16	14.46	11.81	8.62	
255.0	65.0	11.0	11.0	11.96	17.56	13.76	14.05	11.73	15.9	15.72	14.34	17.13	14.43	7.538240341803632	
256.0	82.0	6.0	6.0	13.26	6.81	8.04	16.38	7.15	8.86	15.96	7.23	15.11	13.1	10.78	
257.0	83.0	5.0	5.0	8.15	13.9	8.63	12.57	11.0	16.94	17.05	12.66	10.68	17.56	9.24	
258.0	71.0	11.0	11.0	14.08	17.93	17.55	14.93	9.61	10.41	17.01	15.81	11.64	16.4	0.20094901698273193	
259.0	42.0	4.0	4.0	15.15	11.08	6.23	7.13	7.21	17.57	9.52	17.89	11.48	17.33	15.82	
260.0	94.0	13.0	13.0	16.68	10.6	13.74	16.71	8.08	17.08	11.79	17.4	17.33	9.25	15.309781516246934	
261.0	95.0	8.0	8.0	8.62	6.19	9.54	16.6	16.23	7.56	17.89	12.1	17.99	10.68	17.98	
262.0	76.0	6.0	6.0	13.37	15.3	10.67	17.83	15.54	8.08	16.7	15.28	10.45	14.05	14.65	
263.0	59.0	9.0	9.0	8.22	6.75	9.41	14.25	9.62	12.19	6.06	12.05	10.95	12.37	12.36	
264.0	57.0	14.0	14.0	14.76	6.55	10.9	13.42	12.43	10.6	17.86	7.74	10.43	12.96	12.76	
265.0	50.0	9.0	9.0	6.59	7.87	7.22	14.92	17.05	15.96	15.24	16.38	11.29	11.68	15.93	
266.0	91.0	9.0	9.0	7.21	12.55	14.87	8.15	9.8	12.67	12.97	13.99	11.33	11.94	17.21	
267.0	93.0	4.0	4.0	7.49	10.72	7.16	12.0	13.08	9.96	13.5	7.94	14.71	7.37	11.75	
268.0	98.0	15.0	15.0	13.83	12.4	11.71	6.56	12.59	11.01	13.62	12.27	9.78	14.27	17.08	
269.0	54.0	10.0	10.0	14.87	15.78	15.89	17.01	9.86	7.84	10.95	9.61	11.85	17.61	6.06	
270.0	70.0	11.0	11.0	11.38	16.54	9.18	11.78	12.38	8.98	11.33	14.57	16.85	15.39	11.9	
271.0	87.0	5.0	5.0	10.71	7.57	16.98	16.18	16.42	15.5	10.4	16.59	6.68	17.62	17.48	
272.0	80.0	3.0	3.0	11.97	6.16	8.46	11.59	8.03	17.75	12.9	8.13	14.27	7.12	15.03	
273.0	62.0	7.0	7.0	10.03	16.36	11.78	10.29	8.9	7.05	17.64	9.7	11.61	15.85	13.11	
274.0	94.0	13.0	13.0	16.73	13.67	10.22	10.94	8.96	12.86	14.52	6.25	17.8	17.98	13.15	
275.0	76.0	6.0	6.0	10.98	11.2	6.36	10.65	9.31	12.88	16.65	13.05	12.0	11.69	9.91	
276.0	56.0	13.0	13.0	9.64	14.15	14.89	12.71	14.31	9.04	17.07	14.57	11.77	9.32	17.39	
277.0	65.0	11.0	11.0	9.44	8.52	15.7	7.09	17.19	16.5	12.67	6.89	15.05	11.31	7.7	
278.0	88.0	4.0	4.0	14.24	8.65	12.68	17.45	14.17	12.74	11.8	7.17	14.49	16.27	13.55	
279.0	89.0	14.0	14.0	16.34	6.68	6.44	11.01	12.2	6.21	9.36	6.63	13.05	17.3	8.76	
280.0	93.0	4.0	4.0	11.43	12.1	6.86	7.47	13.09	12.81	9.0	9.37	8.15	12.08	7.32	
281.0	28.0	8.0	8.0	8.38	11.57	13.49	11.71	17.27	9.81	7.65	17.54	13.79	12.78	7.22	
282.0	98.0	15.0	15.0	11.28	9.61	17.48	10.75	6.83	13.08	14.36	8.97	14.0	13.78	14.89	
283.0	42.0	4.0	4.0	17.75	9.64	16.37	7.38	13.9	9.89	15.22	13.94	9.4	15.64	15.04	
284.0	69.0	12.0	12.0	13.07	11.07	13.79	9.65	10.94	6.54	7.83	12.68	10.52	13.52	9.96	
285.0	87.0	5.0	5.0	16.72	17.19	15.22	9.85	16.6	7.17	7.67	6.15	8.36	11.93	8.85	
286.0	74.0	1.0	1.0	13.15	17.33	14.03	6.66	7.44	16.04	9.9	7.35	8.65	13.46	17.77	
287.0	95.0	8.0	8.0	7.25	16.61	9.44	6.72	10.37	7.22	12.64	9.98	6.36	12.98	14.52	
288.0	90.0	4.0	4.0	16.24	17.44	7.48	14.44	6.31	6.81	10.67	6.23	10.21	7.5	14.12	
289.0	100.0	14.0	14.0	6.88	8.74	10.31	13.7	8.2	17.06	17.89	15.75	13.92	12.08	6.97	
290.0	72.0	11.0	11.0	17.53	7.1	9.13	6.13	12.97	13.8	9.27	15.71	13.1	6.31	10.41	
291.0	80.0	3.0	3.0	6.54	7.09	11.04	12.31	12.98	10.26	8.32	15.09	13.21	11.93	15.86	
292.0	55.0	6.0	6.0	9.12	11.7	10.24	7.84	13.75	12.37	8.52	9.37	12.73	14.63	10.22	
293.0	61.0	12.0	12.0	11.27	12.96	17.76	9.51	9.18	11.98	11.15	7.91	15.53	16.54	15.84	
294.0	50.0	9.0	9.0	12.48	8.43	15.9	13.87	6.27	17.53	16.93	6.83	7.75	14.12	6.11	
295.0	68.0	5.0	5.0	13.24	9.9	12.82	9.82	8.15	11.84	12.99	8.29	9.51	17.31	6.07	
296.0	82.0	6.0	6.0	13.66	17.08	10.57	17.91	14.56	12.77	8.82	15.5	10.37	12.85	9.49	
297.0	77.0	8.0	8.0	14.39	15.47	14.09	16.74	9.57	8.47	13.13	11.53	16.24	14.51	10.36	
298.0	77.0	8.0	8.0	6.54	8.7	9.21	13.88	12.06	15.38	7.5	9.43	13.54	9.19	16.89	
299.0	91.0	9.0	9.0	17.46	13.56	13.18	7.51	10.36	7.65	17.89	15.2	11.36	17.4	14.41	
300.0	68.0	5.0	5.0	14.63	15.74	8.14	15.71	11.05	13.94	6.15	17.0	7.49	8.1	6.44	
301.0	95.0	8.0	8.0	8.19	9.38	14.13	14.3	12.14	13.91	16.66	10.13	16.56	10.34	16.11	
302.0	99.0	12.0	12.0	9.52	7.74	14.0	6.07	7.25	13.66	12.95	6.27	9.77	16.08	8.66	
303.0	77.0	8.0	8.0	11.74	10.0	14.79	10.61	15.6	9.91	9.34	12.86	17.96	14.69	17.52	
304.0	67.0	3.0	3.0	10.48	9.41	14.17	14.42	7.25	14.71	12.05	15.32	15.49	14.76	9.76	
305.0	64.0	4.0	4.0	11.62	14.64	14.2	17.77	17.37	15.44	12.66	17.51	16.7	8.45	12.864497231734727	
306.0	92.0	10.0	10.0	10.95	7.04	16.84	15.93	14.02	7.49	15.98	16.36	6.23	8.8	10.95	
307.0	95.0	8.0	8.0	17.12	17.78	6.49	12.83	16.52	10.58	10.55	9.72	16.77	15.4	16.82	
308.0	63.0	15.0	15.0	10.82	7.97	6.17	9.76	6.89	17.18	7.35	15.42	16.36	10.23	16.6	
309.0	66.0	12.0	12.0	15.33	14.47	15.65	10.37	13.71	17.15	14.65	6.69	7.6	12.08	9.82	
310.0	41.0	15.0	15.0	16.63	15.02	13.17	8.8	6.91	6.31	10.95	10.33	16.43	9.58	10.44	
311.0	86.0	15.0	15.0	9.99	10.19	14.0	16.47	10.08	10.42	11.98	16.11	11.36	9.31	8.13	
312.0	66.0	12.0	12.0	9.71	6.42	9.38	16.13	13.85	15.64	14.24	9.23	14.32	15.65	8.65	
313.0	70.0	11.0	11.0	14.59	9.27	8.8	7.41	7.24	16.36	7.95	13.75	15.74	10.78	10.56	
314.0	94.0	13.0	13.0	16.9	8.47	11.44	17.83	6.32	7.08	10.4	13.94	9.06	9.6	11.11	
315.0	64.0	4.0	4.0	8.82	17.11	7.21	10.6	12.35	15.56	7.41	11.06	16.98	16.03	10.31	
316.0	81.0	3.0	3.0	6.06	11.58	17.95	11.69	10.73	11.91	12.98	12.21	14.72	7.35	12.24	
317.0	84.0	12.0	12.0	6.9	11.89	8.0	11.27	6.43	6.81	10.79	6.48	14.65	12.84	15.95	
318.0	87.0	5.0	5.0	10.22	12.07	15.83	10.75	9.84	17.47	14.74	8.77	11.21	13.66	10.33	
319.0	91.0	9.0	9.0	11.07	16.45	7.57	16.1	6.14	14.88	12.58	6.79	6.32	15.0	8.74	
320.0	94.0	13.0	13.0	12.78	13.03	6.84	6.67	6.14	17.02	8.33	6.01	15.86	6.41	7.74	
321.0	64.0	4.0	4.0	14.51	15.11	16.64	8.91	7.54	6.15	9.43	7.86	6.71	6.92	11.74	
322.0	64.0	4.0	4.0	16.01	15.62	16.68	14.58	11.29	15.17	14.69	13.13	13.91	10.9	14.243248738792815	
323.0	26.0	1.0	1.0	8.79	16.99	10.8	14.31	14.95	10.1	17.42	7.71	15.53	15.06	7.43	
324.0	24.0	14.0	14.0	15.64	13.14	11.15	10.99	11.39	12.35	12.38	17.83	7.83	15.42	7.1	
325.0	43.0	13.0	13.0	14.04	14.48	10.14	16.35	17.45	10.96	7.29	13.01	16.76	8.63	9.76	
326.0	79.0	7.0	7.0	9.61	6.06	14.54	14.22	13.21	10.84	8.11	11.78	12.8	10.69	11.68	
327.0	94.0	13.0	13.0	7.04	13.84	12.17	11.89	17.57	15.29	9.05	8.49	6.62	17.34	17.6	
328.0	83.0	5.0	5.0	17.3	9.49	12.15	14.13	10.26	9.95	12.1	16.73	9.68	17.23	13.71	
329.0	100.0	14.0	14.0	9.39	14.26	16.55	8.2	9.31	11.11	11.49	13.45	9.23	8.22	14.84	
330.0	72.0	11.0	11.0	7.11	15.44	17.25	8.66	14.87	16.91	10.07	11.76	14.85	14.31	16.37	
331.0	85.0	3.0	3.0	12.83	14.75	6.81	13.84	14.54	9.53	16.84	8.54	7.23	17.32	15.65	
332.0	88.0	4.0	4.0	8.81	12.43	17.87	14.03	10.11	10.67	10.59	17.27	9.8	9.5	12.03	
333.0	61.0	12.0	12.0	16.53	8.85	6.43	16.89	9.92	6.29	15.57	12.96	6.99	13.78	10.0	
334.0	95.0	8.0	8.0	14.63	12.68	10.27	14.4	16.41	11.36	12.53	8.12	7.69	14.67	8.89	
335.0	71.0	11.0	11.0	6.41	11.68	11.66	8.22	11.56	9.69	12.81	15.64	17.34	11.76	11.6	
336.0	72.0	11.0	11.0	7.89	17.17	7.61	16.85	7.39	17.93	6.45	12.63	12.63	16.47	15.14	
337.0	35.0	10.0	10.0	9.54	10.22	11.3	15.57	14.39	14.92	10.52	14.66	13.2	17.19	13.51	
338.0	86.0	15.0	15.0	9.53	9.03	8.78	6.0	7.48	11.8	7.15	10.12	10.55	14.08	11.92	
339.0	67.0	3.0	3.0	17.14	10.79	10.32	13.13	10.46	15.22	11.87	10.08	7.28	16.41	10.8	
340.0	93.0	4.0	4.0	7.54	17.36	15.77	8.23	7.65	10.09	6.73	16.38	6.08	6.53	13.86	
341.0	75.0	8.0	8.0	7.39	12.83	12.78	8.36	12.37	16.26	6.74	8.52	11.85	17.31	9.12	
342.0	98.0	15.0	15.0	6.51	6.12	13.11	15.48	10.02	14.51	9.91	13.86	17.75	15.35	15.64	
343.0	69.0	12.0	12.0	11.6	16.33	10.04	7.47	6.86	14.11	12.1	6.05	9.05	10.18	16.93	
344.0	84.0	12.0	12.0	7.9	8.35	12.56	17.49	13.27	8.56	7.86	8.17	6.84	10.81	11.74	
345.0	47.0	15.0	15.0	7.12	11.47	6.85	6.88	9.16	11.82	9.21	12.06	13.53	8.71	8.76	
346.0	91.0	9.0	9.0	6.44	10.45	10.8	17.93	6.29	15.87	14.56	9.06	11.48	7.73	7.54	
347.0	93.0	4.0	4.0	11.93	9.25	11.56	8.99	15.56	13.08	13.06	13.73	14.35	14.46	16.31	
348.0	97.0	9.0	9.0	17.46	13.8	17.54	14.72	7.85	6.67	16.41	16.66	6.62	8.43	10.18	
349.0	41.0	15.0	15.0	11.17	9.11	11.57	12.79	17.23	7.88	9.67	13.68	15.55	16.6	6.02	
350.0	88.0	4.0	4.0	9.65	11.37	16.92	7.26	7.81	8.67	15.08	6.04	6.36	12.3	7.32	
351.0	40.0	11.0	11.0	14.76	12.69	14.61	7.75	10.8	17.11	11.71	17.08	7.1	14.73	7.47	
352.0	89.0	14.0	14.0	17.74	11.58	17.65	16.41	16.55	17.97	16.81	14.99	15.58	10.244805960425419	14.706768974010677	
353.0	91.0	9.0	9.0	16.0	12.95	7.53	14.13	6.39	10.1	16.65	11.57	14.96	7.45	7.55	
354.0	94.0	13.0	13.0	17.34	15.52	16.68	12.8	13.09	10.59	13.56	6.46	9.52	9.88	11.87	
355.0	70.0	11.0	11.0	14.34	15.83	10.72	6.95	17.31	8.31	10.46	6.91	17.58	12.12	14.13	
356.0	73.0	13.0	13.0	16.14	10.7	12.93	17.85	6.31	8.44	8.68	17.82	8.86	11.04	14.74	
357.0	85.0	3.0	3.0	12.23	6.69	16.45	10.85	15.97	8.66	17.22	12.63	12.17	9.71	13.69	
358.0	88.0	4.0	4.0	16.31	12.81	8.71	13.37	9.47	10.27	13.28	12.95	16.47	11.4	10.78	
359.0	90.0	4.0	4.0	9.39	10.35	12.69	9.2	11.16	8.71	13.48	9.83	11.54	14.52	6.97	
360.0	63.0	15.0	15.0	9.05	13.37	9.24	6.93	17.07	10.97	9.7	7.0	17.93	16.92	6.6	
361.0	70.0	11.0	11.0	16.54	6.09	10.24	9.31	9.43	13.18	12.38	14.89	8.42	6.62	14.24	
362.0	61.0	12.0	12.0	8.5	15.91	16.89	13.58	15.63	14.17	10.99	10.84	16.88	15.6	1.0518895858264112	
363.0	79.0	7.0	7.0	15.79	16.5	8.8	10.68	8.25	10.96	13.0	8.76	8.02	15.85	9.88	
364.0	69.0	12.0	12.0	10.85	9.55	8.85	8.33	9.98	9.46	16.83	8.5	10.51	11.43	17.3	
365.0	47.0	15.0	15.0	17.94	6.59	17.23	12.27	10.52	14.87	7.2	12.33	8.18	17.81	10.74	
366.0	91.0	9.0	9.0	6.92	13.72	9.24	14.97	10.85	8.55	6.91	12.2	15.55	11.16	12.63	
367.0	94.0	13.0	13.0	6.54	15.42	10.19	12.51	11.49	16.38	7.04	15.63	12.27	9.09	14.4	
368.0	79.0	7.0	7.0	11.62	17.97	15.71	6.51	13.29	11.23	10.25	15.92	9.72	11.47	17.15	
369.0	64.0	4.0	4.0	12.06	13.06	14.4	8.46	8.6	15.67	8.15	8.52	14.24	13.89	6.37	
370.0	83.0	5.0	5.0	17.84	14.76	6.55	12.4	15.07	12.55	12.52	6.43	16.71	12.59	9.26	
371.0	44.0	3.0	3.0	11.92	6.87	17.52	11.35	10.7	15.8	16.85	11.22	6.45	8.68	13.57	
372.0	45.0	5.0	5.0	11.84	10.97	12.64	14.39	9.98	10.31	7.25	10.45	13.68	7.68	15.0	
373.0	93.0	4.0	4.0	13.94	6.22	13.19	8.54	17.37	17.98	12.9	11.55	15.87	7.78	17.3	
374.0	96.0	15.0	15.0	6.66	7.09	6.64	7.81	16.47	10.95	10.7	10.14	10.44	13.51	11.15	
375.0	98.0	15.0	15.0	10.3	13.59	12.8	8.97	16.05	17.08	17.72	6.4	17.95	8.25	16.13	
376.0	75.0	8.0	8.0	14.51	12.71	17.22	14.06	11.94	13.25	10.67	14.48	7.15	12.47	12.64	
377.0	85.0	3.0	3.0	17.69	10.63	16.21	10.56	9.74	9.37	8.44	14.12	15.25	7.27	12.51	
378.0	54.0	10.0	10.0	13.44	12.21	11.82	10.22	15.78	14.66	14.03	12.43	15.53	6.48	6.34	
379.0	75.0	8.0	8.0	10.81	14.63	9.19	11.59	7.25	17.91	10.41	6.73	14.95	12.89	10.76	
380.0	77.0	8.0	8.0	12.53	15.13	7.55	7.17	13.32	13.02	6.29	15.54	12.48	7.51	8.99	
381.0	97.0	9.0	9.0	14.2	14.57	12.39	11.04	15.64	14.5	6.76	14.21	11.38	16.26	7.95	
382.0	100.0	14.0	14.0	13.98	16.09	16.08	16.61	14.02	9.94	8.43	7.23	11.14	10.66	17.22	
383.0	29.0	2.0	2.0	14.26	17.91	8.23	16.21	7.98	17.19	14.1	15.46	11.53	11.01	13.85	
384.0	84.0	12.0	12.0	10.49	16.37	8.32	9.11	16.38	16.54	9.9	13.7	17.03	17.63	7.06	
385.0	61.0	12.0	12.0	16.35	17.68	9.19	16.06	14.87	8.58	14.07	15.54	16.38	12.44	9.79106574255507	
386.0	25.0	12.0	12.0	6.13	11.3	10.59	10.23	16.01	11.29	17.24	14.23	12.17	15.68	6.71	
387.0	75.0	8.0	8.0	12.88	11.84	9.98	10.57	12.98	17.17	13.26	6.62	11.9	8.92	6.84	
388.0	98.0	15.0	15.0	15.13	6.61	9.32	15.99	14.67	8.09	9.18	13.08	13.01	8.73	9.4	
389.0	100.0	14.0	14.0	7.72	17.42	17.1	10.76	7.37	6.07	16.84	8.37	8.09	9.03	11.85	
390.0	83.0	5.0	5.0	15.8	9.92	6.5	9.7	17.61	9.22	8.84	12.57	15.8	9.78	12.35	
391.0	68.0	5.0	5.0	17.22	6.85	6.32	7.71	10.27	14.11	14.07	8.58	12.0	14.23	6.18	
392.0	51.0	2.0	2.0	17.23	6.38	12.26	12.14	12.89	6.43	15.7	6.62	7.89	13.67	7.59	
393.0	91.0	9.0	9.0	17.2	7.02	16.51	8.23	6.5	17.75	13.38	11.08	17.4	13.05	17.99	
394.0	77.0	8.0	8.0	9.44	7.28	10.32	8.62	10.58	10.43	8.13	15.53	8.65	15.45	9.54	
395.0	98.0	15.0	15.0	15.0	15.07	8.3	14.76	6.9	16.5	15.7	7.24	16.48	13.5	12.36	
396.0	82.0	6.0	6.0	13.13	7.7	15.82	10.29	14.1	8.58	8.25	11.12	9.96	17.05	15.63	
397.0	85.0	3.0	3.0	11.0	10.32	8.72	14.0	10.91	16.46	17.02	17.6	8.06	11.79	16.45	
398.0	71.0	11.0	11.0	6.67	15.26	12.99	9.23	13.67	14.45	13.3	16.79	7.11	12.05	9.41	
399.0	91.0	9.0	9.0	6.06	11.86	15.02	17.54	16.12	7.24	13.46	13.49	13.14	16.05	14.07	
400.0	55.0	6.0	6.0	9.67	16.55	14.07	14.18	11.34	13.09	11.71	8.06	6.33	11.61	17.39	
401.0	95.0	8.0	8.0	15.63	13.26	13.66	12.89	13.3	12.78	7.94	6.29	17.36	7.89	14.37	
402.0	71.0	11.0	11.0	10.9	14.52	15.9	6.15	6.88	7.0	13.84	16.74	14.52	17.81	15.67	
403.0	43.0	13.0	13.0	11.56	11.36	8.72	17.96	6.18	12.59	13.34	17.54	14.25	7.79	6.65	
404.0	86.0	15.0	15.0	10.65	9.05	15.87	8.35	16.13	14.96	11.56	14.14	7.63	14.98	15.15	
405.0	67.0	3.0	3.0	10.27	12.86	6.72	14.27	6.02	7.42	13.44	6.51	9.22	8.3	8.35	
406.0	91.0	9.0	9.0	12.26	15.56	12.5	14.61	14.83	16.38	8.08	9.9	8.08	8.43	11.68	
407.0	95.0	8.0	8.0	8.59	10.47	10.09	14.43	14.8	14.48	16.83	9.17	6.73	16.49	9.79	
408.0	98.0	15.0	15.0	11.87	15.83	11.37	11.26	17.85	17.84	17.53	8.09	12.96	16.28	6.346504032987163	
409.0	75.0	8.0	8.0	10.57	11.45	12.1	15.97	15.67	17.0	12.3	14.79	9.94	7.53	9.46	
410.0	58.0	11.0	11.0	6.54	17.48	14.95	6.84	7.79	12.39	12.33	7.72	15.49	12.95	17.26	
411.0	85.0	3.0	3.0	7.5	13.28	15.98	8.44	11.63	8.1	7.43	13.76	12.54	8.64	13.74	
412.0	89.0	14.0	14.0	10.16	7.03	16.0	6.59	10.99	13.75	9.22	12.75	14.5	17.89	14.96	
413.0	92.0	10.0	10.0	9.7	9.39	12.64	6.56	16.49	16.41	11.38	14.53	16.07	9.06	9.99	
414.0	69.0	12.0	12.0	13.25	15.85	12.79	6.08	8.83	7.13	11.34	15.48	14.2	7.57	16.81	
415.0	98.0	15.0	15.0	7.27	10.15	15.0	9.11	17.92	17.28	15.93	15.55	12.08	16.89	17.71	
416.0	61.0	12.0	12.0	16.4	11.28	8.66	14.56	16.21	17.58	7.5	8.81	13.25	16.98	15.08	
417.0	84.0	12.0	12.0	17.87	10.05	14.78	7.78	14.01	13.9	6.67	14.79	17.96	13.12	9.31	
418.0	88.0	4.0	4.0	8.68	16.32	9.66	16.37	8.47	6.65	12.24	11.15	10.23	11.17	10.53	
419.0	91.0	9.0	9.0	9.23	10.55	17.98	12.54	16.53	10.68	17.24	7.31	10.42	17.12	14.69	
420.0	46.0	14.0	14.0	7.23	13.47	17.83	12.76	13.12	17.99	14.18	7.66	10.52	9.36	13.64	
421.0	81.0	3.0	3.0	16.22	7.0	9.89	6.19	13.93	10.71	9.3	17.97	17.5	11.59	8.2	
422.0	98.0	15.0	15.0	6.64	16.32	8.3	9.6	9.36	16.56	16.75	15.25	8.93	12.84	12.53	
423.0	77.0	8.0	8.0	13.85	7.54	10.14	16.48	14.73	15.12	11.59	13.41	11.7	13.78	13.98	
424.0	57.0	14.0	14.0	14.8	6.33	9.09	8.49	7.5	16.13	17.25	17.15	6.72	16.96	8.76	
425.0	66.0	12.0	12.0	10.81	10.67	11.72	16.08	17.83	9.43	14.51	17.47	9.67	12.37	14.03	
426.0	34.0	14.0	14.0	10.3	7.89	10.55	15.61	15.52	9.09	10.86	16.64	12.13	14.37	12.17	
427.0	95.0	8.0	8.0	13.21	15.46	8.69	8.45	13.0	10.59	7.66	15.47	7.74	7.49	10.85	
428.0	98.0	15.0	15.0	10.35	6.11	8.39	17.02	11.17	10.62	15.74	9.36	10.98	6.11	11.16	
429.0	26.0	1.0	1.0	10.76	14.0	9.95	8.96	8.49	8.85	12.14	12.99	17.59	17.26	13.7	
430.0	82.0	6.0	6.0	11.54	9.82	9.77	8.14	12.03	15.72	13.51	16.47	15.83	10.87	6.22	
431.0	87.0	5.0	5.0	16.35	17.59	15.34	16.37	6.78	7.48	8.01	10.16	8.13	14.54	8.17	
432.0	89.0	14.0	14.0	10.98	13.69	7.47	14.69	10.76	17.75	14.77	15.83	10.3	14.17	16.59	
433.0	58.0	11.0	11.0	16.06	12.23	7.83	16.95	8.55	15.85	17.53	6.29	14.46	17.8	16.32	
434.0	94.0	13.0	13.0	8.25	7.14	17.91	12.09	13.64	13.4	17.68	17.32	8.58	7.19	16.9	
435.0	63.0	15.0	15.0	15.45	16.74	15.99	10.98	12.35	9.05	17.68	14.14	17.88	12.37	14.908736944281076	
436.0	81.0	3.0	3.0	11.87	14.05	7.59	14.57	9.79	6.01	12.59	16.15	12.92	10.92	6.96	
437.0	52.0	4.0	4.0	16.31	9.3	6.81	11.89	8.65	7.27	15.61	15.61	14.46	11.54	13.92	
438.0	88.0	4.0	4.0	13.66	6.09	14.06	7.2	11.65	10.51	6.83	11.36	7.13	15.1	16.23	
439.0	79.0	7.0	7.0	13.96	7.38	7.09	17.1	12.3	7.66	16.6	11.94	12.95	8.12	14.33	
440.0	62.0	7.0	7.0	12.44	15.41	15.77	9.94	6.33	10.76	8.33	11.36	14.24	16.9	12.03	
441.0	96.0	15.0	15.0	16.93	8.85	7.15	15.56	12.44	15.48	10.24	8.48	10.42	11.98	11.57	
442.0	70.0	11.0	11.0	6.8	17.56	12.78	10.92	6.33	10.39	7.35	16.72	14.54	17.07	16.95	
443.0	83.0	5.0	5.0	16.98	17.37	13.85	11.02	17.26	9.98	9.96	14.02	14.02	7.44	16.66	
444.0	56.0	13.0	13.0	8.56	11.9	13.71	16.33	9.84	17.27	9.79	12.76	6.47	10.38	7.47	
445.0	41.0	15.0	15.0	13.74	14.12	16.17	8.82	9.37	15.69	15.75	9.26	11.33	17.24	17.97	
446.0	56.0	13.0	13.0	14.05	14.35	8.05	14.46	10.08	13.08	11.45	7.03	6.45	12.54	17.4	
447.0	95.0	8.0	8.0	7.48	6.3	16.25	8.93	8.69	11.89	17.07	11.58	16.91	9.47	13.38	
448.0	76.0	6.0	6.0	13.62	6.43	15.37	10.37	7.03	12.7	9.62	15.42	17.51	12.31	11.06	
449.0	99.0	12.0	12.0	12.95	10.58	10.99	10.99	15.02	8.56	17.25	8.69	11.99	15.7	17.62	
450.0	84.0	12.0	12.0	17.54	7.24	15.66	12.5	12.44	13.14	14.41	9.36	9.22	7.91	10.17	
451.0	79.0	7.0	7.0	8.44	11.14	14.89	15.71	8.04	8.2	6.47	13.48	7.05	8.42	13.07	
452.0	89.0	14.0	14.0	14.51	6.66	12.78	17.49	13.16	12.44	7.34	13.89	17.51	11.81	16.27	
453.0	61.0	12.0	12.0	6.93	7.36	17.81	15.48	16.98	11.34	14.81	7.58	11.17	7.42	6.55	
454.0	95.0	8.0	8.0	10.34	7.57	17.34	12.64	17.72	13.77	13.99	8.26	8.7	6.25	12.66	
455.0	67.0	3.0	3.0	8.49	15.67	15.8	15.08	8.5	11.62	7.23	6.77	10.99	10.3	8.78	
456.0	77.0	8.0	8.0	12.16	8.52	17.17	7.09	10.51	15.61	16.26	16.34	15.55	10.93	11.88	
457.0	75.0	8.0	8.0	12.94	6.37	9.0	8.66	10.21	14.83	17.69	6.51	16.83	11.42	6.41	
458.0	86.0	15.0	15.0	14.57	15.7	18.0	10.69	8.02	15.83	6.01	10.47	13.09	10.79	15.12	
459.0	89.0	14.0	14.0	15.33	13.68	8.99	9.87	15.88	10.2	12.21	12.74	10.03	13.19	11.91	
460.0	93.0	4.0	4.0	10.91	14.25	14.85	14.62	10.49	11.32	12.87	15.51	18.0	17.14	10.064335282331818	
461.0	80.0	3.0	3.0	6.74	13.71	15.27	15.99	8.15	12.5	14.71	12.17	15.39	13.51	11.71	
462.0	100.0	14.0	14.0	8.84	7.4	8.06	12.58	7.87	13.81	6.57	7.72	8.9	14.81	8.92	
463.0	75.0	8.0	8.0	16.89	15.47	15.0	10.28	11.7	10.04	13.34	12.09	15.84	7.82	15.44	
464.0	67.0	3.0	3.0	17.15	8.82	11.46	15.17	10.61	11.09	7.17	8.51	13.05	13.88	15.7	
465.0	88.0	4.0	4.0	13.53	8.43	6.96	14.07	13.98	16.37	16.11	9.65	12.91	6.11	15.31	
466.0	91.0	9.0	9.0	16.04	14.39	13.57	6.14	13.72	17.26	7.06	7.94	6.88	10.35	10.14	
467.0	90.0	4.0	4.0	16.34	17.57	16.45	6.3	13.43	6.26	16.67	9.49	15.68	7.79	11.3	
468.0	98.0	15.0	15.0	7.35	8.6	10.83	6.67	7.95	14.22	12.66	14.76	17.5	8.4	15.88	
469.0	99.0	12.0	12.0	10.03	14.39	7.63	8.14	6.09	13.22	9.02	6.49	14.35	13.53	12.18	
470.0	65.0	11.0	11.0	14.35	15.53	16.11	15.18	14.04	11.87	15.11	8.54	11.84	6.3	16.74	
471.0	33.0	14.0	14.0	6.26	8.32	11.39	15.68	6.68	15.03	15.89	13.8	8.22	12.56	9.67	
472.0	88.0	4.0	4.0	16.8	12.88	17.15	15.14	8.48	8.06	12.29	6.5	16.52	17.6	8.17	
473.0	77.0	8.0	8.0	14.21	15.53	13.47	12.02	9.8	14.83	10.06	14.97	15.67	16.32	8.51	
474.0	94.0	13.0	13.0	8.93	14.61	7.03	6.22	17.2	10.77	10.11	7.16	6.99	14.74	16.57	
475.0	87.0	5.0	5.0	15.3	12.19	11.04	6.6	10.63	16.7	12.36	6.96	15.46	15.56	15.44	
476.0	82.0	6.0	6.0	11.42	11.27	16.24	10.2	16.53	7.18	11.41	14.76	12.71	13.81	15.97	
477.0	78.0	8.0	8.0	7.32	16.28	7.2	8.54	14.65	16.84	7.22	12.07	6.62	7.19	10.72	
478.0	78.0	8.0	8.0	8.26	13.52	9.43	15.17	10.63	17.05	11.03	17.69	10.33	11.19	13.36	
479.0	75.0	8.0	8.0	17.21	10.16	13.44	17.74	7.01	15.26	8.43	13.21	10.76	13.89	11.37	
480.0	92.0	10.0	10.0	14.63	16.34	9.91	17.61	9.79	15.13	7.53	11.21	13.28	8.05	12.15	
481.0	64.0	4.0	4.0	16.99	16.29	16.67	14.63	14.63	11.65	17.01	8.98	13.08	6.89	12.9	
482.0	98.0	15.0	15.0	9.8	7.74	15.47	6.68	6.2	16.38	11.55	14.41	13.96	8.83	17.31	
483.0	72.0	11.0	11.0	13.75	13.31	12.63	16.62	10.68	10.84	13.01	12.37	16.92	17.99	1.6226108534486523	
484.0	54.0	10.0	10.0	7.94	11.21	17.64	12.44	14.83	14.24	6.63	15.78	17.07	17.75	11.61	
485.0	89.0	14.0	14.0	14.53	16.4	9.62	8.73	8.01	17.25	15.54	10.31	17.31	8.95	14.2	
486.0	69.0	12.0	12.0	14.36	11.04	6.82	10.01	16.37	13.08	11.02	11.44	6.18	12.43	10.34	
487.0	94.0	13.0	13.0	9.07	16.07	14.22	12.44	10.49	15.84	14.03	15.24	7.55	17.88	9.45	
488.0	97.0	9.0	9.0	9.47	16.33	7.64	10.36	8.25	15.3	9.63	9.57	11.44	12.41	6.61	
489.0	81.0	3.0	3.0	12.8	7.21	14.52	15.75	15.37	9.62	7.45	13.27	10.09	11.01	15.85	
490.0	83.0	5.0	5.0	8.14	6.39	13.94	7.44	17.71	9.1	10.85	12.07	12.45	9.97	16.93	
491.0	86.0	15.0	15.0	9.61	12.72	10.38	14.66	15.67	16.31	16.52	8.59	13.96	8.57	10.49	
492.0	89.0	14.0	14.0	16.89	6.55	17.01	11.2	6.45	7.65	10.81	10.54	14.19	15.17	11.03	
493.0	63.0	15.0	15.0	8.14	6.19	8.82	11.59	11.99	12.11	16.26	13.77	10.46	9.99	15.58	
494.0	48.0	13.0	13.0	11.34	9.53	12.24	13.16	13.69	15.38	13.13	12.28	6.68	17.12	15.41	
495.0	66.0	12.0	12.0	17.23	15.81	6.72	17.07	15.02	9.29	6.24	15.61	8.25	17.59	8.21	
496.0	81.0	3.0	3.0	14.88	14.43	17.29	13.17	7.09	6.43	11.28	10.44	6.4	12.64	12.6	
497.0	21.0	9.0	9.0	10.35	16.68	13.43	7.49	14.53	11.59	14.85	8.76	8.65	12.38	7.45	
498.0	87.0	5.0	5.0	13.57	8.85	14.64	14.65	10.49	9.85	7.4	9.99	15.27	6.57	9.19	
499.0	89.0	14.0	14.0	9.41	14.25	17.15	7.43	9.62	11.25	9.32	12.73	17.45	10.62	17.97	
500.0	66.0	12.0	12.0	9.37	6.29	17.54	11.83	8.74	11.01	7.75	7.49	6.29	6.92	6.66	
501.0	36.0	15.0	15.0	14.4	13.95	11.94	6.51	15.18	16.62	15.32	16.82	10.82	9.31	11.48	
502.0	98.0	15.0	15.0	9.5	14.57	13.49	16.92	13.74	10.42	17.45	17.01	17.24	17.87	12.954558129285875	
503.0	82.0	6.0	6.0	17.65	13.3	10.28	10.06	14.13	13.61	13.41	15.8	8.84	7.77	6.81	
504.0	62.0	7.0	7.0	9.98	10.86	10.85	17.69	8.16	15.19	11.02	10.09	16.21	7.65	12.54	
505.0	76.0	6.0	6.0	14.11	11.9	11.93	7.25	17.36	8.65	14.36	6.65	16.76	11.36	11.79	
506.0	91.0	9.0	9.0	15.97	10.9	6.84	16.26	15.64	15.09	7.34	15.87	11.41	15.07	11.51	
507.0	32.0	14.0	14.0	10.71	11.92	7.06	13.58	9.45	9.5	6.12	10.18	7.3	8.47	9.54	
508.0	98.0	15.0	15.0	13.8	13.79	15.12	17.11	9.75	12.08	17.25	15.12	17.59	8.24	12.345064285475804	
509.0	81.0	3.0	3.0	12.79	15.7	9.23	14.37	9.62	15.6	17.11	7.72	6.82	15.8	11.15	
510.0	74.0	1.0	1.0	14.1	12.31	6.2	13.54	17.94	6.03	6.14	6.03	9.54	13.35	10.18	
511.0	87.0	5.0	5.0	17.95	9.73	8.19	12.39	17.31	13.74	16.81	12.02	8.79	12.89	15.07	
512.0	89.0	14.0	14.0	11.46	15.1	6.59	8.06	12.16	16.21	11.8	7.43	14.72	15.98	10.0	
513.0	61.0	12.0	12.0	10.64	9.86	12.24	7.81	12.47	17.7	16.91	10.03	15.01	9.94	15.13	
514.0	96.0	15.0	15.0	17.05	8.23	14.4	17.35	12.24	13.43	10.08	10.13	14.16	16.46	9.51	
515.0	78.0	8.0	8.0	16.14	6.3	12.38	15.25	15.4	16.9	10.93	9.65	13.55	9.17	8.29	
516.0	58.0	11.0	11.0	11.8	15.28	10.56	9.68	9.99	7.6	16.9	15.99	11.89	6.62	7.75	
517.0	83.0	5.0	5.0	15.42	11.36	7.29	7.41	16.77	7.73	8.98	17.06	9.9	15.38	9.41	
518.0	88.0	4.0	4.0	7.34	17.98	9.37	15.71	7.31	12.3	11.2	12.8	11.51	9.49	13.37	
519.0	91.0	9.0	9.0	11.41	14.32	13.66	13.1	13.19	6.86	15.08	12.41	13.47	7.91	8.1	
520.0	94.0	13.0	13.0	16.03	9.85	16.67	6.09	8.62	11.3	17.15	6.13	6.63	7.66	11.14	
521.0	74.0	1.0	1.0	11.11	8.13	17.31	8.09	7.79	10.1	7.01	14.33	12.23	13.61	15.05	
522.0	65.0	11.0	11.0	15.0	9.76	17.89	13.53	8.83	7.21	6.97	7.75	14.28	9.18	17.75	
523.0	46.0	14.0	14.0	6.13	14.88	17.5	10.61	11.28	15.38	11.96	16.03	11.04	14.05	9.81	
524.0	86.0	15.0	15.0	10.35	11.81	16.61	7.21	13.74	11.53	17.75	9.56	15.4	9.25	6.1	
525.0	34.0	14.0	14.0	9.03	15.5	6.74	9.96	6.36	12.46	10.36	9.69	17.85	16.22	9.77	
526.0	55.0	6.0	6.0	10.4	11.1	13.42	7.38	11.96	15.71	12.47	13.96	13.18	8.08	11.19	
527.0	95.0	8.0	8.0	6.84	10.28	12.37	12.09	6.27	12.69	15.22	15.54	7.73	12.2	17.64	
528.0	56.0	13.0	13.0	9.52	8.43	16.11	6.53	15.13	14.68	9.29	10.62	6.7	10.62	14.72	
529.0	99.0	12.0	12.0	17.94	7.01	13.3	17.74	12.83	17.84	12.32	16.45	17.98	8.97	17.293369321172506	
530.0	51.0	2.0	2.0	10.33	8.37	6.13	13.7	16.9	7.91	15.09	11.19	9.01	7.4	13.38	
531.0	87.0	5.0	5.0	13.34	6.68	11.53	13.3	11.82	9.3	14.54	13.38	6.89	7.74	7.72	
532.0	90.0	4.0	4.0	6.99	14.71	6.3	16.8	12.57	15.88	13.18	9.6	8.05	15.76	12.76	
533.0	92.0	10.0	10.0	8.13	9.18	16.87	14.38	17.1	13.34	8.67	16.51	9.71	12.44	13.74	
534.0	60.0	3.0	3.0	13.11	17.06	14.46	8.36	16.65	8.3	12.23	14.78	11.85	16.41	17.76	
535.0	99.0	12.0	12.0	14.71	6.82	13.51	11.79	6.94	8.36	13.04	10.27	7.94	15.6	9.86	
536.0	82.0	6.0	6.0	11.19	13.54	6.48	13.65	14.76	9.66	6.42	6.34	16.54	7.42	13.97	
537.0	83.0	5.0	5.0	15.85	10.48	14.83	12.23	7.9	7.7	12.05	16.48	14.99	6.11	10.21	
538.0	88.0	4.0	4.0	12.03	10.43	15.71	6.25	17.45	12.6	13.12	6.78	12.87	15.59	13.78	
539.0	90.0	4.0	4.0	9.28	6.99	12.67	13.99	7.43	9.58	14.7	6.59	13.01	12.23	6.55	
540.0	94.0	13.0	13.0	9.0	10.16	7.95	15.98	11.11	15.77	8.04	7.84	13.02	8.09	6.7	
541.0	96.0	15.0	15.0	7.26	7.57	12.8	7.28	11.47	8.61	7.65	15.54	6.26	13.34	9.11	
542.0	100.0	14.0	14.0	10.63	7.49	16.62	8.4	10.9	16.53	8.69	11.2	10.22	16.7	12.22	
543.0	25.0	12.0	12.0	13.52	10.95	12.19	15.34	12.24	10.36	15.94	11.74	11.44	7.27	17.18	
544.0	24.0	14.0	14.0	9.13	8.13	13.2	15.61	17.56	11.44	17.35	8.78	7.42	15.01	10.27	
545.0	88.0	4.0	4.0	13.45	7.14	16.24	14.0	6.79	6.84	9.36	8.2	8.53	12.79	6.87	
546.0	67.0	3.0	3.0	8.15	6.87	14.93	11.09	14.9	6.56	8.68	14.24	7.84	10.16	6.34	
547.0	80.0	3.0	3.0	7.92	14.27	8.07	6.53	6.91	6.85	11.1	15.89	16.53	10.55	16.12	
548.0	97.0	9.0	9.0	6.94	12.55	9.28	13.16	17.58	9.54	6.37	13.42	10.74	8.93	10.73	
549.0	100.0	14.0	14.0	16.87	11.9	9.27	10.28	13.88	14.14	15.83	15.72	15.52	17.19	15.12485476064672	
550.0	82.0	6.0	6.0	13.02	14.04	9.6	16.01	13.56	10.76	8.43	7.21	16.19	8.87	9.38	
551.0	68.0	5.0	5.0	17.31	9.26	16.12	10.42	13.56	6.71	9.48	16.7	10.68	12.81	9.05	
552.0	89.0	14.0	14.0	10.66	16.17	6.95	11.3	17.78	14.74	17.06	8.87	16.29	10.56	6.95	
553.0	93.0	4.0	4.0	7.65	10.09	10.79	13.54	16.41	16.11	15.17	6.97	16.37	7.03	17.19	
554.0	94.0	13.0	13.0	12.9	12.06	6.87	7.79	7.63	10.56	6.45	6.46	13.82	13.2	9.36	
555.0	97.0	9.0	9.0	9.91	16.39	11.91	11.2	13.21	16.44	17.4	15.9	13.68	8.69	8.06	
556.0	81.0	3.0	3.0	10.85	8.01	11.48	17.59	11.19	9.26	7.42	15.29	8.33	13.72	11.38	
557.0	84.0	12.0	12.0	8.94	8.85	10.24	16.14	10.72	15.52	12.39	9.13	14.71	15.2	16.27	
558.0	86.0	15.0	15.0	9.53	12.41	10.31	15.27	16.02	8.93	11.26	7.14	8.8	17.56	6.68	
559.0	91.0	9.0	9.0	8.77	14.71	6.18	13.59	14.22	12.51	6.49	16.03	14.05	16.75	6.42	
560.0	80.0	3.0	3.0	8.11	10.53	14.62	9.21	9.89	14.87	10.64	12.29	16.43	15.29	12.39	
561.0	36.0	15.0	15.0	11.09	10.7	7.65	14.85	16.83	13.59	11.88	14.97	16.74	6.1	15.64	
562.0	66.0	12.0	12.0	14.04	15.91	6.96	10.73	11.47	9.39	17.16	16.99	8.92	7.25	9.43	
563.0	53.0	12.0	12.0	8.94	11.23	12.97	17.71	6.93	13.06	17.94	14.15	15.91	15.13	6.94	
564.0	71.0	11.0	11.0	8.48	11.54	7.74	6.71	11.68	10.01	17.7	10.74	10.68	17.14	10.81	
565.0	54.0	10.0	10.0	7.34	17.39	9.81	13.28	14.68	13.0	11.37	6.38	15.44	12.74	13.36	
566.0	92.0	10.0	10.0	12.57	7.55	15.78	7.23	11.4	15.01	13.31	7.69	6.2	7.22	16.89	
567.0	95.0	8.0	8.0	17.03	15.77	12.41	7.73	11.35	12.35	7.36	14.76	12.87	14.19	12.07	
568.0	96.0	15.0	15.0	8.04	15.72	13.73	10.73	16.48	15.21	14.35	13.45	11.18	13.74	16.24	
569.0	81.0	3.0	3.0	11.06	7.01	7.01	6.79	15.21	14.85	15.25	16.84	15.88	11.65	16.13	
570.0	79.0	7.0	7.0	12.78	12.27	7.09	6.22	15.43	7.78	6.04	14.78	16.17	11.11	13.25	
571.0	98.0	15.0	15.0	6.35	9.57	16.2	12.93	7.96	11.13	9.26	11.49	13.97	11.39	8.33	
572.0	80.0	3.0	3.0	9.4	16.33	15.62	10.62	6.99	16.13	15.85	8.42	10.58	9.35	6.59	
573.0	46.0	14.0	14.0	17.44	17.28	14.52	7.29	6.24	7.29	6.37	8.5	8.35	8.22	7.13	
574.0	70.0	11.0	11.0	10.13	17.84	10.82	14.66	12.49	13.03	14.6	17.82	9.1	7.54	9.78	
575.0	61.0	12.0	12.0	12.1	17.3	9.83	11.05	15.53	15.22	6.29	6.51	6.69	11.0	14.25	
576.0	82.0	6.0	6.0	15.6	13.28	14.93	6.48	13.97	14.08	13.4	9.78	8.92	10.28	11.87	
577.0	66.0	12.0	12.0	13.76	10.67	14.26	17.78	6.01	16.95	16.83	11.13	8.23	15.92	17.31	
578.0	88.0	4.0	4.0	10.93	8.64	15.57	15.21	16.52	6.77	7.87	15.99	17.49	8.87	17.95	
579.0	68.0	5.0	5.0	13.96	7.48	11.09	17.61	11.31	10.54	17.13	6.02	9.1	9.55	9.08	
580.0	93.0	4.0	4.0	14.63	10.44	17.16	14.84	14.87	11.26	16.92	12.35	10.41	15.56	0.21037557130605777	
581.0	77.0	8.0	8.0	15.02	17.95	11.37	16.4	7.86	6.61	8.09	15.91	12.29	8.65	16.93	
582.0	44.0	3.0	3.0	10.03	6.98	6.17	12.51	14.45	15.64	16.69	8.5	17.77	16.68	13.41	
583.0	42.0	4.0	4.0	11.58	9.32	9.98	12.5	10.75	13.34	10.62	11.13	8.51	12.02	16.37	
584.0	86.0	15.0	15.0	16.81	16.98	12.13	12.84	14.07	6.03	6.3	7.86	14.53	12.97	11.1	
585.0	63.0	15.0	15.0	11.47	9.41	14.89	8.32	7.31	7.72	16.5	11.62	6.66	9.31	12.6	
586.0	44.0	3.0	3.0	7.77	6.19	15.55	6.76	7.14	11.31	14.84	13.83	12.87	9.7	6.48	
587.0	69.0	12.0	12.0	16.11	7.26	17.89	9.7	9.0	9.31	15.37	10.18	15.1	8.43	12.89	
588.0	98.0	15.0	15.0	13.93	13.5	10.34	15.56	7.77	9.49	15.9	8.8	6.15	10.74	9.86	
589.0	100.0	14.0	14.0	14.46	10.75	11.27	7.07	17.68	13.05	8.33	15.4	16.75	7.57	10.88	
590.0	76.0	6.0	6.0	14.19	11.25	9.08	8.54	12.32	16.15	8.77	7.51	17.03	10.16	13.4	
591.0	42.0	4.0	4.0	6.8	12.57	14.49	14.26	17.35	15.35	12.35	11.68	12.27	15.22	12.81	
592.0	90.0	4.0	4.0	17.84	11.19	13.83	8.66	14.17	13.27	16.64	8.46	8.7	12.93	17.94	
593.0	91.0	9.0	9.0	15.83	12.52	13.32	16.08	6.27	7.01	14.0	7.74	14.49	16.35	9.86	
594.0	94.0	13.0	13.0	16.01	14.07	12.7	8.62	9.64	11.98	13.67	17.94	17.75	9.68	12.03	
595.0	73.0	13.0	13.0	11.32	11.7	10.16	10.27	14.79	11.73	13.43	9.74	13.71	9.67	17.97	
596.0	67.0	3.0	3.0	7.83	6.86	13.91	7.26	16.01	12.88	11.63	14.46	16.96	13.5	8.19	
597.0	84.0	12.0	12.0	17.83	10.94	17.1	8.17	12.77	11.45	13.91	13.44	9.37	9.04	13.23	
598.0	39.0	14.0	14.0	13.38	9.08	7.45	17.61	12.23	6.07	7.41	7.86	17.69	6.97	8.28	
599.0	80.0	3.0	3.0	11.03	16.28	13.0	7.7	13.42	13.28	14.4	16.57	7.95	9.67	9.87	
600.0	92.0	10.0	10.0	7.15	16.23	9.65	13.77	8.99	14.25	13.62	11.82	10.09	8.83	16.8	
601.0	45.0	5.0	5.0	7.46	12.02	16.21	8.95	9.35	9.23	9.88	7.3	11.55	15.61	11.14	
602.0	69.0	12.0	12.0	8.77	11.21	16.41	17.43	12.01	7.98	9.61	6.67	9.48	12.3	10.38	
603.0	82.0	6.0	6.0	13.6	6.97	7.95	12.85	7.6	16.36	14.16	10.12	8.1	13.43	8.4	
604.0	71.0	11.0	11.0	10.09	7.15	12.0	15.02	16.36	17.93	17.01	7.37	12.96	13.45	8.32	
605.0	21.0	9.0	9.0	9.27	15.26	17.74	15.62	6.46	7.89	6.27	13.33	6.86	7.76	17.76	
606.0	92.0	10.0	10.0	12.69	10.05	14.99	6.96	9.66	7.09	9.1	11.66	17.17	12.83	6.05	
607.0	80.0	3.0	3.0	6.37	8.15	9.24	17.3	7.39	8.47	8.28	9.84	11.17	10.01	14.06	
608.0	63.0	15.0	15.0	11.11	9.86	9.74	15.55	8.65	11.48	10.44	13.67	7.72	15.37	11.18	
609.0	99.0	12.0	12.0	16.06	17.2	6.66	6.37	7.19	12.85	6.27	8.75	7.62	6.64	12.7	
610.0	50.0	9.0	9.0	17.65	8.45	11.7	15.65	8.64	11.63	9.04	8.84	12.1	17.69	7.96	
611.0	87.0	5.0	5.0	13.41	9.53	15.05	6.97	10.26	13.81	9.8	9.47	15.26	13.65	8.58	
612.0	89.0	14.0	14.0	15.27	14.03	14.61	12.96	8.71	9.75	17.22	16.65	15.79	10.41	16.69	
613.0	64.0	4.0	4.0	16.59	7.04	9.46	14.35	16.41	14.81	10.71	12.28	11.15	8.86	6.41	
614.0	75.0	8.0	8.0	6.2	15.13	17.2	17.57	13.89	14.79	16.0	13.67	13.22	10.3	9.07	
615.0	60.0	3.0	3.0	10.31	15.58	11.92	10.58	16.29	14.27	13.92	17.02	9.77	6.99	10.97	
616.0	82.0	6.0	6.0	11.37	8.23	17.72	7.58	8.73	17.29	14.79	6.77	8.83	8.5	9.91	
617.0	68.0	5.0	5.0	15.61	11.9	17.69	8.03	11.85	13.22	16.81	10.13	6.37	11.56	7.75	
618.0	86.0	15.0	15.0	7.71	17.03	17.24	10.72	15.23	6.13	10.41	13.21	15.32	8.91	17.04	
619.0	89.0	14.0	14.0	12.72	16.98	8.23	14.52	12.51	17.05	9.35	14.35	15.26	8.77	11.57	
620.0	86.0	15.0	15.0	14.62	9.0	7.03	14.09	15.85	6.36	17.36	8.19	13.24	7.56	6.51	
621.0	28.0	8.0	8.0	9.3	15.87	9.98	9.05	10.79	14.03	12.61	7.43	9.28	6.09	7.46	
622.0	73.0	13.0	13.0	17.69	17.22	16.48	6.35	15.06	13.83	16.05	7.06	13.82	12.52	8.6	
623.0	46.0	14.0	14.0	9.06	12.18	6.09	7.67	7.78	17.21	9.15	9.3	13.19	17.21	7.89	
624.0	84.0	12.0	12.0	16.23	14.78	8.22	8.15	12.06	9.71	6.74	6.75	8.46	16.91	8.47	
625.0	89.0	14.0	14.0	14.39	10.59	8.72	9.22	12.16	11.91	17.19	14.95	12.94	9.62	12.22	
626.0	91.0	9.0	9.0	8.77	11.91	17.81	17.13	9.29	7.53	16.9	16.49	8.2	13.72	8.11	
627.0	57.0	14.0	14.0	10.3	10.93	12.47	15.77	7.0	7.39	10.21	16.79	9.05	10.22	13.14	
628.0	98.0	15.0	15.0	16.69	16.19	11.77	12.55	9.06	7.67	15.09	10.76	9.26	7.51	8.32	
629.0	99.0	12.0	12.0	13.82	6.98	16.18	12.07	8.4	12.41	12.13	14.19	12.78	12.56	13.2	
630.0	64.0	4.0	4.0	11.32	6.81	7.42	7.32	14.16	13.75	15.15	14.79	7.39	11.58	14.8	
631.0	38.0	5.0	5.0	10.39	9.7	17.27	17.56	14.82	10.41	17.23	8.88	11.05	12.78	15.66	
632.0	66.0	12.0	12.0	8.29	8.42	16.33	11.8	9.04	17.13	17.04	8.76	12.99	16.46	11.47	
633.0	93.0	4.0	4.0	7.02	9.54	16.29	16.55	8.62	6.72	15.8	10.66	15.54	16.98	13.7	
634.0	71.0	11.0	11.0	12.29	17.21	17.09	8.24	11.91	15.87	17.65	16.24	7.33	11.74	15.42	
635.0	67.0	3.0	3.0	13.69	6.12	12.2	7.49	6.41	7.6	14.0	9.6	17.28	16.88	10.61	
636.0	100.0	14.0	14.0	14.08	13.58	10.0	17.03	7.42	16.39	16.16	16.92	9.9	8.68	12.11	
637.0	84.0	12.0	12.0	7.91	8.71	12.04	8.5	7.37	16.23	6.45	7.73	7.12	8.18	10.62	
638.0	51.0	2.0	2.0	14.18	17.55	16.39	8.85	12.57	11.77	14.39	17.57	7.19	8.52	14.84	
639.0	63.0	15.0	15.0	16.5	16.94	16.36	16.93	17.09	9.05	12.17	15.58	6.23	12.78	13.60116925697009	
640.0	76.0	6.0	6.0	6.68	10.12	10.86	16.54	14.35	10.87	16.84	12.85	17.02	15.84	12.67	
641.0	76.0	6.0	6.0	17.69	6.73	17.57	12.84	11.74	12.91	9.36	12.22	17.5	12.38	11.83	
642.0	98.0	15.0	15.0	10.74	17.08	13.69	9.43	13.07	17.73	14.36	14.63	17.4	8.7	15.11	
643.0	83.0	5.0	5.0	13.28	14.89	10.87	9.08	12.02	13.84	9.18	15.98	15.94	15.78	7.33	
644.0	53.0	12.0	12.0	16.55	12.03	16.12	14.57	8.54	16.95	12.78	13.9	14.41	6.39	16.28	
645.0	22.0	6.0	6.0	7.83	8.96	12.35	14.39	14.11	16.55	15.4	6.84	14.15	10.71	15.85	
646.0	37.0	5.0	5.0	10.44	9.03	16.79	6.12	12.26	15.04	17.04	16.27	10.14	15.61	14.71	
647.0	59.0	9.0	9.0	7.74	14.87	9.13	12.94	16.54	6.21	9.33	16.44	7.5	11.23	13.42	
648.0	97.0	9.0	9.0	15.45	13.15	17.5	11.31	8.22	10.76	16.87	16.5	11.99	15.47	10.25	
649.0	81.0	3.0	3.0	15.3	11.57	17.51	6.98	15.09	11.4	13.8	13.43	7.44	12.27	15.04	
650.0	43.0	13.0	13.0	13.52	6.64	10.85	7.6	13.21	13.55	7.21	13.65	11.94	16.84	8.04	
651.0	90.0	4.0	4.0	16.63	7.65	15.39	7.37	8.87	9.15	11.58	9.24	6.43	12.79	8.44	
652.0	52.0	4.0	4.0	11.63	14.38	10.06	7.36	13.38	8.37	11.01	8.47	10.47	13.5	17.19	
653.0	91.0	9.0	9.0	8.01	16.44	9.52	12.41	15.03	6.48	15.11	12.29	7.79	6.12	16.73	
654.0	87.0	5.0	5.0	17.87	12.34	16.59	13.58	17.29	16.44	12.37	13.17	14.02	11.6	5.544445192752436	
655.0	36.0	15.0	15.0	10.92	14.59	11.94	10.86	7.98	8.2	17.82	17.56	8.66	13.31	17.41	
656.0	75.0	8.0	8.0	16.7	9.61	8.2	17.54	14.24	16.52	9.84	9.9	17.46	13.36	14.09	
657.0	85.0	3.0	3.0	9.77	9.85	16.97	13.48	17.91	16.77	16.0	9.82	11.62	14.13	16.37	
658.0	87.0	5.0	5.0	17.13	7.72	14.99	15.87	9.68	9.58	9.41	10.32	12.44	7.5	15.1	
659.0	98.0	15.0	15.0	9.2	15.14	8.75	10.76	6.76	15.89	14.43	7.43	7.72	8.37	11.3	
660.0	41.0	15.0	15.0	14.85	7.57	11.82	9.27	10.54	16.22	10.18	17.67	17.97	10.56	14.6	
661.0	97.0	9.0	9.0	16.85	9.5	13.38	15.51	13.1	14.86	7.89	9.87	12.82	7.29	10.22	
662.0	96.0	15.0	15.0	15.85	14.71	15.26	10.44	8.99	17.71	6.65	15.45	17.78	11.25	12.46	
663.0	83.0	5.0	5.0	14.59	7.54	17.69	16.94	11.53	12.48	15.53	9.7	7.33	15.53	14.14	
664.0	56.0	13.0	13.0	13.31	10.16	17.4	17.56	6.9	13.81	7.59	17.95	9.82	12.23	16.63	
665.0	89.0	14.0	14.0	11.18	17.3	12.83	6.16	13.5	6.41	10.82	8.61	12.01	7.96	13.12	
666.0	90.0	4.0	4.0	15.27	12.3	14.13	13.53	8.36	11.62	11.64	14.62	6.95	9.96	10.89	
667.0	67.0	3.0	3.0	9.82	6.52	8.06	8.63	14.73	12.09	10.28	8.01	6.06	13.3	9.44	
668.0	97.0	9.0	9.0	6.64	8.43	11.15	6.46	17.76	15.35	7.44	11.26	9.4	17.65	14.11	
669.0	76.0	6.0	6.0	9.74	10.51	8.22	14.35	11.2	13.19	12.42	8.51	10.85	14.12	12.12	
670.0	92.0	10.0	10.0	6.83	8.07	15.51	15.73	12.23	14.91	15.4	10.37	6.07	13.94	7.46	
671.0	87.0	5.0	5.0	8.42	7.78	12.31	16.74	8.39	7.62	12.25	17.4	7.81	6.83	15.17	
672.0	90.0	4.0	4.0	7.95	6.93	11.13	6.5	10.96	12.26	10.82	8.02	9.6	14.97	13.08	
673.0	92.0	10.0	10.0	7.64	8.3	12.52	11.6	11.89	6.91	10.38	12.94	15.46	14.7	15.27	
674.0	67.0	3.0	3.0	16.05	8.48	14.36	11.43	17.53	10.5	16.29	14.53	11.27	10.67	12.64	
675.0	71.0	11.0	11.0	8.48	15.82	12.46	15.7	8.37	13.75	7.25	9.11	17.55	10.99	16.42	
676.0	82.0	6.0	6.0	11.7	12.09	7.99	13.03	15.54	12.38	13.25	13.4	16.15	17.94	14.42	
677.0	84.0	12.0	12.0	11.22	11.83	13.68	17.51	14.43	13.6	6.84	12.49	17.49	13.08	7.21	
678.0	70.0	11.0	11.0	17.74	16.21	14.98	15.69	11.76	11.1	6.88	14.49	17.34	14.86	2.5790415476109767	
679.0	92.0	10.0	10.0	14.71	11.1	6.11	12.21	11.33	10.06	10.22	9.55	15.01	12.62	15.79	
680.0	90.0	4.0	4.0	13.94	16.37	11.51	8.16	9.04	14.08	10.93	16.26	12.93	10.85	10.16	
681.0	97.0	9.0	9.0	14.27	14.42	8.35	8.59	9.25	12.1	13.3	6.53	7.41	12.95	17.84	
682.0	99.0	12.0	12.0	10.95	16.63	12.99	13.89	8.84	15.52	7.55	11.93	16.5	9.14	14.98	
683.0	83.0	5.0	5.0	11.18	12.21	7.62	15.71	8.61	13.98	11.41	14.83	16.24	14.59	15.52	
684.0	84.0	12.0	12.0	13.91	16.76	17.46	11.55	16.15	10.6	8.03	10.81	9.43	11.25	16.6	
685.0	54.0	10.0	10.0	6.11	15.6	17.54	11.67	11.74	9.74	17.54	10.93	8.67	15.75	9.01	
686.0	66.0	12.0	12.0	16.35	15.47	7.41	14.3	9.6	12.63	7.26	15.4	15.88	11.78	10.75	
687.0	68.0	5.0	5.0	10.05	6.79	14.58	11.74	15.14	12.3	16.27	17.82	10.41	6.31	9.66	
688.0	70.0	11.0	11.0	8.84	12.76	13.46	8.27	17.46	17.4	17.76	17.12	13.96	17.96	5.118763105168971	
689.0	73.0	13.0	13.0	15.43	9.51	12.29	11.1	14.38	11.97	11.3	17.39	6.35	15.79	6.22	
690.0	78.0	8.0	8.0	8.01	14.39	6.56	10.63	14.91	12.41	9.84	11.97	8.17	6.86	6.85	
691.0	79.0	7.0	7.0	8.61	6.18	16.34	7.16	17.14	16.18	7.46	9.95	16.7	14.79	6.58	
692.0	62.0	7.0	7.0	9.73	14.89	11.1	9.08	8.2	7.49	16.29	6.02	14.1	7.81	7.66	
693.0	67.0	3.0	3.0	6.71	9.88	11.06	15.14	11.03	11.93	16.72	16.39	12.44	9.37	14.1	
694.0	68.0	5.0	5.0	7.78	17.39	6.21	17.02	16.14	6.6	12.49	7.5	8.68	9.02	15.28	
695.0	73.0	13.0	13.0	11.82	7.6	6.86	8.76	16.5	17.48	16.97	15.09	8.02	17.78	8.07	
696.0	74.0	1.0	1.0	14.53	8.14	14.42	9.0	10.81	11.26	8.81	9.29	10.81	17.75	14.82	
697.0	79.0	7.0	7.0	15.51	12.01	13.69	9.76	6.28	8.25	9.47	7.09	8.36	7.57	12.11	
698.0	62.0	7.0	7.0	17.32	6.86	8.35	12.72	6.55	17.45	9.46	14.25	8.13	7.11	15.69	
699.0	95.0	8.0	8.0	16.25	7.39	17.72	10.05	11.48	15.91	10.76	17.95	15.78	6.55	8.74	
700.0	66.0	12.0	12.0	11.94	13.8	15.99	9.42	9.01	12.99	17.42	9.82	10.9	15.52	9.85	
701.0	71.0	11.0	11.0	16.83	11.32	15.45	8.1	17.91	15.04	12.81	16.16	8.63	7.81	13.05	
702.0	74.0	1.0	1.0	10.97	11.19	14.04	8.12	8.15	13.33	10.44	12.43	16.29	6.24	15.31	
703.0	75.0	8.0	8.0	12.91	11.09	8.28	12.98	13.3	13.03	16.21	11.88	14.09	9.12	12.17	
704.0	78.0	8.0	8.0	17.58	17.38	9.11	7.31	16.06	12.61	13.68	6.1	16.63	10.23	10.58	
705.0	62.0	7.0	7.0	6.23	8.04	12.83	13.35	15.88	16.12	17.03	10.21	14.75	17.48	11.84	
706.0	64.0	4.0	4.0	17.06	16.97	14.85	14.57	17.41	15.06	13.71	13.92	17.33	5.313242492499615	7.977580536128484	
707.0	67.0	3.0	3.0	7.93	10.8	13.49	7.65	17.7	10.54	17.96	15.52	13.43	17.79	13.22	
708.0	72.0	11.0	11.0	16.37	14.87	7.61	9.88	8.14	16.33	8.18	6.84	14.55	13.42	11.02	
709.0	75.0	8.0	8.0	11.37	11.38	15.29	11.17	12.69	15.64	6.84	17.46	6.01	17.8	12.33	
710.0	76.0	6.0	6.0	16.74	7.58	15.88	12.15	15.29	13.05	17.4	14.1	6.02	13.39	6.7	
711.0	61.0	12.0	12.0	7.93	15.02	17.06	9.57	15.54	10.45	8.26	8.45	13.01	13.32	10.85	
712.0	30.0	14.0	14.0	14.32	7.16	9.73	17.74	7.84	8.49	11.73	17.99	8.4	11.56	14.3	
713.0	67.0	3.0	3.0	15.82	17.94	6.18	11.64	10.22	12.8	17.43	13.93	8.35	16.07	9.95	
714.0	81.0	3.0	3.0	13.66	9.66	17.55	16.94	13.86	10.01	17.99	16.48	14.83	13.74	2.707360817067494	
715.0	71.0	11.0	11.0	15.41	10.62	17.86	13.69	10.26	16.75	8.35	13.43	7.56	8.14	15.22	
716.0	75.0	8.0	8.0	9.94	15.96	13.84	10.21	14.87	13.38	15.93	10.02	7.7	14.0	10.83	
717.0	79.0	7.0	7.0	17.24	11.39	13.22	15.53	11.58	9.01	7.23	10.05	12.68	17.34	11.48	
718.0	62.0	7.0	7.0	10.19	10.46	16.12	9.15	8.54	6.73	17.08	7.26	7.78	13.18	9.04	
719.0	64.0	4.0	4.0	12.22	15.0	11.11	12.06	17.87	12.21	6.28	10.99	13.94	14.15	16.41	
720.0	41.0	15.0	15.0	17.71	13.09	10.24	7.13	13.04	13.85	10.2	17.68	14.83	17.36	13.33	
721.0	71.0	11.0	11.0	8.31	10.93	9.06	11.65	12.9	8.02	17.4	17.9	12.77	6.96	6.39	
722.0	73.0	13.0	13.0	14.11	15.46	9.63	10.09	7.26	10.12	6.62	15.23	6.28	13.5	12.29	
723.0	77.0	8.0	8.0	6.19	6.54	13.23	8.12	12.56	17.46	7.62	9.74	7.22	9.36	9.78	
724.0	79.0	7.0	7.0	11.98	14.83	9.57	9.98	8.31	14.23	16.0	6.43	10.73	16.21	16.18	
725.0	61.0	12.0	12.0	13.83	15.77	7.8	14.65	6.87	17.27	6.82	6.69	16.59	6.8	13.35	
726.0	64.0	4.0	4.0	15.07	10.32	10.31	9.26	16.15	14.36	15.33	6.08	16.66	11.73	16.61	
727.0	69.0	12.0	12.0	14.66	6.56	8.76	11.13	6.56	11.74	10.57	12.47	8.28	15.96	13.04	
728.0	70.0	11.0	11.0	11.73	9.59	15.52	11.22	9.74	16.97	6.81	17.17	17.69	7.34	10.47	
729.0	74.0	1.0	1.0	17.92	17.41	9.67	17.43	8.45	11.48	10.14	9.68	8.63	7.61	8.99	
730.0	78.0	8.0	8.0	8.74	11.61	9.49	9.67	13.17	7.87	7.98	14.2	11.08	11.41	8.13	
731.0	62.0	7.0	7.0	13.27	6.54	14.24	13.23	8.27	8.41	16.34	8.0	11.03	14.37	12.19	
732.0	62.0	7.0	7.0	10.33	17.0	16.48	12.78	9.0	17.58	8.38	13.04	16.69	14.71	17.97	
733.0	67.0	3.0	3.0	17.99	15.24	13.62	14.8	13.92	17.66	6.58	8.48	8.72	11.68	8.98	
734.0	68.0	5.0	5.0	8.64	9.46	8.29	13.89	12.32	17.53	16.41	8.23	15.93	14.58	6.25	
735.0	25.0	12.0	12.0	6.73	6.8	17.57	13.53	8.27	8.64	11.57	16.76	6.58	7.72	7.19	
736.0	74.0	1.0	1.0	10.74	12.69	15.81	6.88	11.65	7.97	10.1	16.23	10.57	13.98	8.31	
737.0	88.0	4.0	4.0	16.87	16.69	14.63	9.5	8.28	14.19	12.92	16.73	7.4	17.81	15.84	
738.0	61.0	12.0	12.0	6.95	12.35	8.95	6.58	8.84	6.03	16.59	11.58	17.15	14.34	13.54	
739.0	63.0	15.0	15.0	10.48	17.67	16.08	9.53	6.72	14.18	13.16	15.88	12.53	16.18	9.17	
740.0	92.0	10.0	10.0	14.84	9.24	13.75	13.55	15.68	9.79	9.0	12.84	13.46	11.86	15.79	
741.0	71.0	11.0	11.0	7.58	13.13	10.09	16.11	16.07	14.43	13.15	16.78	10.96	15.09	7.87	
742.0	73.0	13.0	13.0	17.94	15.3	17.76	7.72	8.34	9.82	8.16	9.53	14.61	15.76	8.01	
743.0	75.0	8.0	8.0	17.74	11.68	11.99	9.67	16.15	15.56	9.55	13.32	7.05	16.47	8.44	
744.0	79.0	7.0	7.0	11.34	12.66	6.57	14.61	9.53	11.13	16.51	8.84	12.76	17.61	7.21	
745.0	63.0	15.0	15.0	11.02	16.55	17.19	13.69	8.13	8.45	17.42	7.93	10.82	10.15	8.54	
746.0	65.0	11.0	11.0	7.25	14.67	13.28	14.77	8.77	11.73	16.31	11.81	10.79	16.7	10.51	
747.0	69.0	12.0	12.0	7.66	12.72	9.42	6.01	8.2	14.25	17.36	11.68	14.0	16.37	6.93	
748.0	72.0	11.0	11.0	9.9	11.62	16.87	13.51	6.17	11.8	10.69	7.7	17.14	6.38	12.93	
749.0	73.0	13.0	13.0	12.63	12.75	8.66	11.08	15.09	13.06	8.64	14.76	12.8	10.59	14.05	
750.0	60.0	3.0	3.0	10.05	10.55	8.63	10.72	9.96	15.24	9.68	16.06	12.23	6.65	13.13	
751.0	61.0	12.0	12.0	12.21	14.31	9.32	7.5	9.88	9.86	10.13	8.24	16.67	11.86	7.77	
752.0	42.0	4.0	4.0	15.38	14.83	12.45	14.0	6.61	15.73	7.54	10.24	15.7	9.1	11.16	
753.0	48.0	13.0	13.0	12.49	11.35	10.55	7.17	17.41	9.23	13.66	17.99	15.48	10.58	12.96	
754.0	69.0	12.0	12.0	17.16	13.32	14.86	7.11	10.13	15.95	14.48	7.49	16.91	7.32	16.53	
755.0	73.0	13.0	13.0	17.89	8.71	9.4	7.31	17.6	13.67	9.64	13.22	10.86	14.3	6.24	
756.0	42.0	4.0	4.0	12.85	14.38	11.9	9.06	17.38	8.94	8.24	15.1	15.28	6.64	7.09	
757.0	78.0	8.0	8.0	8.04	14.01	11.67	11.28	7.92	6.43	13.12	15.53	17.72	12.85	9.87	
758.0	37.0	5.0	5.0	17.17	12.51	12.32	7.41	14.23	7.77	15.89	6.53	7.87	17.77	6.86	
759.0	32.0	14.0	14.0	9.64	7.54	6.92	10.85	8.34	11.93	16.08	6.98	9.24	16.09	9.79	
760.0	45.0	5.0	5.0	6.32	6.43	10.61	17.16	7.05	13.5	13.61	17.53	13.51	12.19	15.13	
761.0	70.0	11.0	11.0	9.34	10.04	9.95	16.81	12.96	17.05	9.44	6.68	15.78	11.8	13.71	
762.0	73.0	13.0	13.0	11.54	14.56	17.01	9.66	9.83	11.49	8.14	9.55	10.86	9.28	6.14	
763.0	75.0	8.0	8.0	11.53	12.12	15.53	9.11	14.93	15.09	8.54	16.2	12.54	17.42	15.37	
764.0	80.0	3.0	3.0	11.18	8.61	9.48	12.25	9.18	16.07	9.72	7.19	13.12	8.94	14.9	
765.0	61.0	12.0	12.0	6.19	12.13	9.4	16.5	7.44	16.6	10.88	12.2	16.0	17.16	9.14	
766.0	42.0	4.0	4.0	15.18	8.78	16.23	8.67	10.71	6.46	11.22	6.54	8.23	7.34	8.83	
767.0	69.0	12.0	12.0	6.95	7.3	10.04	15.94	6.45	17.46	6.67	6.57	14.51	13.1	12.68	
768.0	23.0	7.0	7.0	14.05	7.72	10.65	15.81	8.39	8.34	10.41	7.1	16.44	16.83	16.0	
769.0	74.0	1.0	1.0	12.1	13.01	15.56	7.42	17.86	17.44	10.92	10.71	13.46	12.36	16.81	
770.0	76.0	6.0	6.0	10.62	9.46	14.26	17.83	12.06	15.9	9.65	7.57	15.27	7.75	9.92	
771.0	51.0	2.0	2.0	17.1	14.48	13.37	10.72	15.38	14.33	13.43	13.3	8.67	12.11	7.56	
772.0	62.0	7.0	7.0	15.97	11.57	12.47	14.26	15.73	15.53	10.51	15.68	11.41	6.96	12.01	
773.0	67.0	3.0	3.0	12.3	13.35	13.54	8.4	15.95	12.76	10.66	15.32	6.91	11.44	13.54	
774.0	89.0	14.0	14.0	16.23	8.81	12.71	14.97	6.03	16.45	10.3	15.05	8.63	12.75	15.31	
775.0	72.0	11.0	11.0	6.47	15.08	9.56	14.19	7.88	11.39	16.88	15.15	17.96	16.18	6.99	
776.0	75.0	8.0	8.0	15.1	11.58	15.55	14.32	12.55	14.37	6.62	12.7	12.81	6.14	8.83	
777.0	50.0	9.0	9.0	11.99	14.01	16.04	6.21	10.64	14.49	8.38	9.02	14.55	15.36	17.94	
778.0	85.0	3.0	3.0	14.04	17.38	14.37	10.36	12.42	7.1	12.38	12.38	13.94	16.8	8.69	
779.0	63.0	15.0	15.0	9.03	7.46	12.31	17.84	12.53	14.17	7.27	15.68	12.73	11.28	15.48	
780.0	68.0	5.0	5.0	7.17	7.58	9.96	12.99	8.57	9.16	15.18	15.89	7.26	6.72	7.01	
781.0	63.0	15.0	15.0	15.48	6.3	14.96	8.22	10.12	7.03	6.35	7.6	14.3	10.72	7.81	
782.0	74.0	1.0	1.0	16.33	16.37	9.96	9.51	11.5	15.75	15.52	15.86	9.54	9.65	8.03	
783.0	75.0	8.0	8.0	9.4	12.08	7.53	6.87	16.64	8.64	7.42	11.11	13.04	14.09	15.65	
784.0	80.0	3.0	3.0	17.49	15.77	15.84	11.78	17.61	11.95	17.53	11.61	17.19	15.56	15.786605937263706	
785.0	62.0	7.0	7.0	13.75	11.3	8.15	6.82	15.85	9.35	6.58	7.37	8.25	6.55	6.31	
786.0	90.0	4.0	4.0	6.1	7.98	11.98	8.69	9.33	15.3	11.63	10.7	16.48	7.28	10.41	
787.0	89.0	14.0	14.0	15.26	10.48	15.86	10.48	9.63	13.29	6.47	14.99	9.95	10.62	7.23	
788.0	72.0	11.0	11.0	9.1	10.65	11.45	9.71	14.39	6.32	15.2	13.75	14.58	12.81	13.61	
789.0	73.0	13.0	13.0	6.81	10.19	17.28	16.99	15.03	12.25	11.73	15.75	11.12	9.04	16.07	
790.0	76.0	6.0	6.0	13.03	11.61	10.48	10.24	14.27	13.44	10.47	7.25	7.77	10.91	14.71	
791.0	61.0	12.0	12.0	13.72	8.73	15.02	14.11	6.56	16.23	7.51	17.44	14.55	11.8	8.72	
792.0	100.0	14.0	14.0	12.13	6.31	7.35	13.73	12.78	6.15	11.03	14.16	6.61	12.98	14.31	
793.0	85.0	3.0	3.0	14.23	7.42	15.99	8.37	17.87	16.98	6.65	16.15	8.05	15.9	7.6	
794.0	70.0	11.0	11.0	11.61	13.06	17.0	6.97	6.7	15.7	13.16	16.61	9.78	6.07	7.76	
795.0	32.0	14.0	14.0	7.77	11.2	17.22	14.16	6.15	12.75	17.31	7.35	13.48	14.02	9.34	
796.0	76.0	6.0	6.0	16.49	10.29	12.41	9.71	7.0	15.39	15.67	7.47	8.55	11.71	10.77	
797.0	79.0	7.0	7.0	10.37	11.4	13.43	14.83	7.44	13.21	7.51	12.29	11.82	12.02	17.0	
798.0	85.0	3.0	3.0	16.63	6.04	11.66	10.96	15.68	7.26	13.44	14.71	10.04	8.01	9.14	
799.0	91.0	9.0	9.0	9.97	12.13	9.88	10.52	11.97	7.85	17.75	13.22	17.89	6.22	9.54	
800.0	67.0	3.0	3.0	16.92	16.06	17.13	15.25	12.19	12.4	8.45	12.81	17.44	9.73	13.383326549885293	
801.0	81.0	3.0	3.0	12.43	17.5	14.38	10.95	14.04	17.2	13.59	9.28	17.45	11.3	10.399428193512122	
802.0	72.0	11.0	11.0	17.92	8.29	12.36	9.06	12.45	8.19	17.68	13.43	9.05	6.38	9.39	
803.0	58.0	11.0	11.0	12.5	6.48	6.65	13.75	13.45	9.27	16.25	6.1	8.12	7.84	13.63	
804.0	77.0	8.0	8.0	15.94	8.24	8.06	11.29	9.73	6.96	16.8	8.93	13.71	6.25	8.04	
805.0	22.0	6.0	6.0	9.88	15.78	7.89	13.65	16.75	14.74	6.58	11.96	10.29	12.05	6.91	
806.0	65.0	11.0	11.0	12.52	7.56	6.18	16.68	17.42	16.67	14.51	15.37	14.21	10.2	11.41	
807.0	98.0	15.0	15.0	7.98	8.54	17.5	12.52	14.72	9.05	17.36	16.62	6.29	15.68	14.25	
808.0	71.0	11.0	11.0	9.96	10.55	12.11	14.1	9.72	6.75	7.57	14.82	11.4	7.48	17.67	
809.0	88.0	4.0	4.0	10.61	16.99	10.75	10.81	15.88	13.54	15.39	15.67	7.65	12.11	16.47	
810.0	94.0	13.0	13.0	7.61	16.64	8.36	14.56	9.77	13.21	11.57	11.03	7.17	11.61	14.6	
811.0	86.0	15.0	15.0	14.47	13.9	10.46	8.27	9.12	9.93	17.03	9.71	8.26	13.95	12.23	
812.0	63.0	15.0	15.0	9.88	8.74	9.02	13.93	10.02	17.14	14.13	7.18	11.83	17.36	16.51	
813.0	65.0	11.0	11.0	14.71	17.03	11.49	14.36	11.83	12.89	7.25	15.71	10.99	17.35	15.41	
814.0	70.0	11.0	11.0	16.77	14.16	14.91	10.9	14.75	8.03	7.22	7.06	9.37	6.9	15.22	
815.0	72.0	11.0	11.0	6.73	13.35	8.01	17.63	10.92	7.21	7.83	17.93	7.51	7.0	7.39	
816.0	79.0	7.0	7.0	7.73	13.49	13.89	12.83	7.33	7.25	7.68	11.58	9.05	14.53	17.21	
817.0	52.0	4.0	4.0	15.56	10.52	7.38	11.46	11.56	16.2	17.03	11.49	6.34	14.6	12.83	
818.0	62.0	7.0	7.0	6.35	13.11	12.5	13.57	8.03	17.84	8.15	14.78	12.71	10.04	8.93	
819.0	63.0	15.0	15.0	8.85	6.18	14.46	15.28	15.64	14.31	15.3	8.41	14.89	13.67	16.23	
820.0	51.0	2.0	2.0	16.92	13.03	8.94	10.75	17.73	8.64	10.15	8.26	10.52	14.18	15.55	
821.0	69.0	12.0	12.0	9.67	9.31	8.49	15.54	8.53	15.84	7.57	10.19	12.39	8.53	10.95	
822.0	72.0	11.0	11.0	9.38	9.45	15.35	15.3	7.86	14.88	17.36	14.23	11.3	6.44	8.26	
823.0	52.0	4.0	4.0	8.49	16.37	11.19	14.57	13.26	8.91	8.55	14.18	6.82	8.31	7.51	
824.0	83.0	5.0	5.0	17.32	13.51	13.16	14.28	6.8	9.97	15.41	6.63	6.87	9.17	14.44	
825.0	97.0	9.0	9.0	11.72	14.9	6.76	8.47	14.6	11.42	12.63	12.43	15.6	6.36	12.24	
826.0	100.0	14.0	14.0	10.06	8.46	13.62	17.71	15.33	13.51	16.9	11.19	6.7	13.88	16.57	
827.0	90.0	4.0	4.0	17.64	7.75	8.79	15.16	14.55	14.39	12.19	16.27	6.85	13.89	15.18	
828.0	48.0	13.0	13.0	13.15	6.14	13.09	17.22	17.98	17.44	13.5	9.95	12.38	8.43	9.49	
829.0	75.0	8.0	8.0	8.96	14.29	11.99	15.09	16.92	7.87	14.99	14.91	10.08	8.53	12.05	
830.0	77.0	8.0	8.0	9.72	6.57	8.78	13.39	12.21	11.83	9.95	7.89	14.28	9.19	8.47	
831.0	80.0	3.0	3.0	10.66	10.05	10.0	13.32	13.58	8.07	14.91	9.84	6.61	15.26	15.4	
832.0	63.0	15.0	15.0	15.68	6.86	11.76	7.69	11.74	8.92	11.23	9.9	16.33	16.83	14.09	
833.0	81.0	3.0	3.0	14.43	9.48	7.53	7.53	7.72	6.69	8.95	9.92	7.58	6.46	15.84	
834.0	70.0	11.0	11.0	10.31	8.99	12.5	16.79	17.82	9.42	12.46	8.46	8.72	8.01	12.38	
835.0	98.0	15.0	15.0	14.39	14.57	6.38	9.14	17.12	14.74	8.98	8.53	12.4	12.41	8.81	
836.0	76.0	6.0	6.0	7.05	10.36	15.01	15.07	15.76	7.68	8.97	16.63	14.15	7.51	17.69	
837.0	22.0	6.0	6.0	12.54	6.55	15.98	14.66	6.25	12.74	15.5	9.21	16.44	16.36	13.36	
838.0	61.0	12.0	12.0	6.45	15.71	11.31	13.49	11.06	8.31	7.19	11.9	15.24	9.16	11.03	
839.0	63.0	15.0	15.0	10.45	8.43	8.77	14.94	9.79	13.6	7.39	14.42	8.43	16.43	7.96	
840.0	67.0	3.0	3.0	9.93	12.5	8.23	7.81	6.78	9.27	6.73	13.84	8.48	6.03	12.22	
841.0	57.0	14.0	14.0	13.97	10.4	10.15	15.17	15.32	13.41	7.56	10.32	15.06	16.52	16.18	
842.0	100.0	14.0	14.0	10.77	15.42	9.93	15.31	6.62	13.8	17.35	7.71	8.27	15.37	14.48	
843.0	47.0	15.0	15.0	7.85	15.22	10.99	12.95	9.34	15.73	11.57	15.63	16.04	12.91	11.83	
844.0	68.0	5.0	5.0	17.77	9.59	16.76	10.38	17.23	11.57	7.58	15.82	9.41	8.66	14.08	
845.0	63.0	15.0	15.0	12.62	9.88	12.45	8.28	11.8	6.61	11.01	14.87	16.24	9.07	6.67	
846.0	65.0	11.0	11.0	16.07	7.18	13.4	14.3	14.37	7.59	11.59	7.26	14.65	6.66	14.4	
847.0	85.0	3.0	3.0	11.18	10.83	17.6	17.91	12.49	14.79	15.78	15.67	13.36	17.76	8.245093502486226	
848.0	70.0	11.0	11.0	9.2	12.68	11.69	10.29	10.7	10.45	11.3	16.85	12.34	16.12	15.01	
849.0	82.0	6.0	6.0	13.02	11.68	6.91	16.43	8.43	16.41	16.93	7.54	16.01	9.01	7.09	
850.0	48.0	13.0	13.0	6.47	15.21	14.96	17.99	16.68	15.73	7.83	11.65	8.27	9.15	9.99	
851.0	46.0	14.0	14.0	7.8	7.08	6.88	14.39	7.42	15.23	16.2	13.28	14.5	13.79	14.82	
852.0	87.0	5.0	5.0	12.24	17.24	17.24	14.92	7.7	10.82	11.29	12.62	6.01	15.83	11.57	
853.0	81.0	3.0	3.0	7.7	6.68	17.66	13.66	17.22	10.86	16.14	13.86	16.43	11.17	10.02	
854.0	69.0	12.0	12.0	10.22	12.29	7.31	16.41	12.29	11.34	9.93	11.64	12.08	13.85	14.57	
855.0	53.0	12.0	12.0	10.49	11.4	16.24	6.03	15.49	10.27	13.91	10.81	13.96	12.95	14.61	
856.0	76.0	6.0	6.0	8.03	13.9	9.37	16.2	7.46	6.69	13.88	7.02	14.91	6.74	12.91	
857.0	79.0	7.0	7.0	16.82	11.39	7.19	9.6	15.41	9.34	7.52	6.74	9.36	8.21	7.51	
858.0	90.0	4.0	4.0	16.55	9.91	6.42	10.36	17.77	9.09	12.19	12.89	13.08	15.77	6.28	
859.0	91.0	9.0	9.0	9.64	17.88	13.87	7.29	10.42	10.02	15.11	7.49	8.59	16.33	13.28	
860.0	67.0	3.0	3.0	13.35	8.9	16.31	12.63	12.24	11.28	15.06	13.29	16.56	17.4	6.13	
861.0	93.0	4.0	4.0	8.84	7.39	7.39	17.7	9.75	17.67	11.79	7.66	9.07	6.75	8.2	
862.0	81.0	3.0	3.0	11.12	10.26	11.04	10.34	16.88	14.31	13.98	15.7	17.86	7.1	17.75	
863.0	89.0	14.0	14.0	16.27	14.89	15.63	15.69	15.4	6.38	10.72	14.13	12.29	8.52	14.23	
864.0	82.0	6.0	6.0	10.15	9.54	11.44	15.56	13.26	9.05	11.41	10.27	15.67	16.43	10.71	
865.0	86.0	15.0	15.0	8.29	12.16	8.55	16.56	16.98	6.86	11.15	11.55	11.95	14.48	7.51	
866.0	66.0	12.0	12.0	15.81	10.7	10.8	14.61	10.96	17.76	8.87	11.63	9.47	9.94	8.86	
867.0	67.0	3.0	3.0	15.31	8.16	16.58	7.12	14.06	16.92	14.83	7.09	15.31	15.79	7.52	
868.0	94.0	13.0	13.0	7.06	9.15	14.98	7.64	14.21	16.52	17.67	15.46	11.17	6.68	6.17	
869.0	50.0	9.0	9.0	9.02	13.47	16.44	7.41	17.26	7.54	14.69	6.72	7.85	12.18	10.0	
870.0	86.0	15.0	15.0	10.21	6.77	13.73	18.0	6.54	16.82	6.21	11.64	8.34	15.67	13.12	
871.0	87.0	5.0	5.0	9.33	13.08	12.73	10.17	14.44	15.29	11.87	17.81	8.83	8.44	14.67	
872.0	32.0	14.0	14.0	10.25	6.38	14.45	10.24	13.3	6.06	11.51	14.08	12.3	8.28	15.39	
873.0	23.0	7.0	7.0	6.14	8.02	9.09	16.16	9.43	6.09	7.85	7.33	17.64	7.27	10.0	
874.0	69.0	12.0	12.0	16.47	8.72	11.04	14.7	16.18	12.06	12.62	12.4	16.75	15.34	6.03	
875.0	71.0	11.0	11.0	12.59	16.23	17.84	11.8	12.84	8.73	8.94	8.72	11.52	12.16	10.41	
876.0	74.0	1.0	1.0	17.41	15.03	7.55	14.92	8.35	16.35	9.9	8.94	15.47	11.47	6.0	
877.0	78.0	8.0	8.0	8.11	6.44	8.69	6.85	6.69	8.76	13.97	16.36	9.66	16.0	10.34	
878.0	44.0	3.0	3.0	7.49	6.9	8.84	10.95	14.86	7.23	12.75	6.15	8.37	10.43	12.67	
879.0	65.0	11.0	11.0	16.21	17.26	10.46	13.9	10.35	11.33	12.8	11.61	6.31	17.89	7.83	
880.0	58.0	11.0	11.0	6.06	10.6	16.35	8.71	13.4	10.92	12.23	9.26	7.23	16.7	9.35	
881.0	70.0	11.0	11.0	13.37	6.51	8.27	11.24	9.53	16.48	8.34	12.64	16.27	13.06	15.16	
882.0	73.0	13.0	13.0	6.9	7.88	10.77	11.44	9.71	16.63	16.59	15.53	16.49	10.09	17.3	
883.0	99.0	12.0	12.0	10.38	13.89	17.08	10.85	7.54	15.3	15.39	13.05	14.8	10.88	15.2	
884.0	100.0	14.0	14.0	7.85	6.5	15.26	11.12	7.38	14.93	8.18	8.11	15.2	14.98	17.35	
885.0	51.0	2.0	2.0	10.5	12.36	16.18	10.65	6.24	16.06	8.72	9.27	11.59	7.69	10.05	
886.0	61.0	12.0	12.0	15.7	16.31	8.64	7.61	17.25	9.9	8.61	12.94	16.75	6.16	13.14	
887.0	69.0	12.0	12.0	15.77	17.86	17.92	6.22	17.68	14.35	6.0	10.38	17.76	15.89	14.177044251212306	
888.0	71.0	11.0	11.0	6.11	12.92	7.92	15.61	15.81	6.32	9.76	7.73	7.74	6.55	11.05	
889.0	97.0	9.0	9.0	15.0	8.18	15.65	17.21	10.74	15.0	9.4	10.21	10.4	9.32	13.57	
890.0	59.0	9.0	9.0	9.16	13.69	12.24	9.83	12.29	8.07	16.77	15.86	10.99	16.17	16.12	
891.0	24.0	14.0	14.0	12.02	12.13	15.7	14.81	6.23	16.38	12.07	15.58	6.8	14.61	10.99	
892.0	28.0	8.0	8.0	17.44	6.54	15.85	14.12	10.87	13.68	15.7	7.44	14.05	8.6	17.14	
893.0	65.0	11.0	11.0	7.12	12.01	13.76	13.97	14.04	17.23	7.56	14.1	7.74	17.27	9.2	
894.0	68.0	5.0	5.0	10.98	7.44	13.24	14.51	16.67	7.21	9.2	10.49	11.34	7.28	10.82	
895.0	72.0	11.0	11.0	14.31	8.48	11.78	16.23	8.89	16.36	12.71	15.68	14.36	14.38	16.87	
896.0	74.0	1.0	1.0	12.87	13.39	12.56	9.16	13.47	17.16	16.22	16.56	14.89	10.95	7.3	
897.0	81.0	3.0	3.0	7.47	8.51	13.77	17.44	16.41	15.65	10.24	13.63	8.72	13.03	14.65	
898.0	28.0	8.0	8.0	15.15	12.27	6.51	13.75	15.18	12.85	8.7	9.06	9.33	15.39	15.7	
899.0	63.0	15.0	15.0	12.58	8.52	7.37	16.58	13.32	13.74	15.41	7.21	15.07	10.69	12.88	
900.0	67.0	3.0	3.0	16.84	17.7	10.54	15.88	15.52	17.09	12.94	8.95	9.92	8.56	16.1	
901.0	71.0	11.0	11.0	15.86	11.5	14.64	16.44	16.64	13.59	6.35	13.01	9.77	12.93	7.65	
902.0	89.0	14.0	14.0	12.49	6.08	7.23	7.8	6.06	10.01	8.57	11.58	17.42	8.4	10.17	
903.0	43.0	13.0	13.0	16.73	14.8	12.75	14.54	15.04	8.81	13.35	8.1	8.43	6.21	9.15	
904.0	80.0	3.0	3.0	17.97	16.4	6.1	17.26	15.78	7.05	8.66	7.13	6.79	17.77	17.33	
905.0	62.0	7.0	7.0	15.43	11.99	9.69	7.46	17.0	12.66	6.49	6.87	9.5	9.41	15.99	
906.0	84.0	12.0	12.0	8.08	15.36	9.71	9.29	7.15	12.84	17.81	14.86	12.71	8.01	10.91	
907.0	48.0	13.0	13.0	8.67	9.33	6.93	14.71	6.33	6.06	7.99	6.75	8.47	17.46	16.76	
908.0	70.0	11.0	11.0	8.98	14.49	11.84	14.43	11.39	17.96	14.36	13.75	17.02	11.17	9.05	
909.0	45.0	5.0	5.0	8.5	14.64	14.22	10.97	7.2	16.26	14.84	7.92	17.56	15.35	14.61	
910.0	89.0	14.0	14.0	16.75	15.49	15.57	10.02	17.58	11.69	9.19	10.72	16.42	12.54	11.14	
911.0	29.0	2.0	2.0	11.68	10.65	14.79	13.97	8.31	6.68	14.59	13.51	7.93	11.1	8.86	
912.0	54.0	10.0	10.0	12.56	6.87	8.86	11.66	16.66	9.94	15.62	15.01	16.8	12.72	14.89	
913.0	67.0	3.0	3.0	16.36	8.42	13.8	8.57	17.05	10.03	13.09	6.26	9.1	6.63	8.65	
914.0	69.0	12.0	12.0	16.95	13.02	13.06	12.71	17.01	12.26	15.57	10.05	11.22	7.45	14.54	
915.0	71.0	11.0	11.0	12.33	11.98	17.14	16.85	14.62	14.86	9.97	10.86	8.89	7.24	8.26	
916.0	79.0	7.0	7.0	15.65	10.88	7.54	8.56	7.41	17.01	8.86	16.47	17.28	15.59	17.69	
917.0	46.0	14.0	14.0	10.2	15.74	7.0	15.25	11.67	13.53	6.14	10.93	12.36	13.7	16.11	
918.0	59.0	9.0	9.0	16.49	8.94	6.81	15.82	7.83	9.75	15.44	13.51	17.13	9.14	13.91	
919.0	22.0	6.0	6.0	15.16	16.63	13.49	15.15	12.3	11.69	12.55	10.61	16.76	17.99	6.348858980148227	
920.0	34.0	14.0	14.0	8.73	15.81	9.7	9.23	11.18	6.99	11.37	13.89	6.79	12.43	7.23	
921.0	91.0	9.0	9.0	11.07	15.39	14.59	12.64	14.25	13.17	12.54	14.11	9.6	14.25	15.36	
922.0	73.0	13.0	13.0	7.74	11.46	16.51	15.37	13.38	7.29	8.11	14.9	14.82	11.49	6.6	
923.0	77.0	8.0	8.0	12.03	14.11	12.6	6.48	9.44	11.45	17.47	12.71	17.97	8.53	10.16	
924.0	85.0	3.0	3.0	8.04	9.72	11.84	15.13	17.53	14.98	12.09	12.73	12.57	10.47	13.25	
925.0	63.0	15.0	15.0	6.36	10.55	9.6	9.87	16.66	16.53	6.44	6.55	9.71	9.93	14.42	
926.0	97.0	9.0	9.0	9.52	16.9	17.16	12.43	14.49	16.26	10.46	11.08	7.5	8.89	9.34	
927.0	68.0	5.0	5.0	6.34	10.03	14.71	15.4	16.03	17.51	7.48	16.08	15.23	6.18	16.81	
928.0	43.0	13.0	13.0	9.99	6.77	15.43	14.76	17.11	10.97	7.35	9.9	11.54	12.97	6.5	
929.0	89.0	14.0	14.0	8.95	15.62	9.27	17.94	8.96	14.47	16.1	6.91	10.1	10.55	14.96	
930.0	77.0	8.0	8.0	6.24	13.43	15.12	13.01	9.85	6.13	13.81	15.34	9.62	7.9	12.16	
931.0	80.0	3.0	3.0	7.55	11.03	8.38	11.22	10.76	12.22	15.86	7.7	7.42	6.49	16.59	
932.0	87.0	5.0	5.0	15.57	15.52	12.36	15.51	8.91	10.35	6.19	15.87	9.66	9.75	6.25	
933.0	65.0	11.0	11.0	12.44	6.07	8.77	9.88	8.69	16.47	9.97	13.93	10.14	14.44	7.93	
934.0	87.0	5.0	5.0	11.65	15.52	14.51	10.36	11.57	13.32	16.84	9.63	10.25	14.93	10.83	
935.0	72.0	11.0	11.0	14.08	6.07	12.59	16.36	13.55	6.84	16.05	16.5	12.5	11.66	16.69	
936.0	50.0	9.0	9.0	7.02	8.86	6.14	15.76	8.02	13.63	9.12	8.25	15.53	6.71	11.59	
937.0	78.0	8.0	8.0	8.54	7.69	17.85	16.25	11.03	13.52	12.58	15.52	14.05	14.86	13.45	
938.0	30.0	14.0	14.0	6.02	12.94	15.85	10.87	17.24	7.51	10.21	16.6	12.45	8.58	12.61	
939.0	81.0	3.0	3.0	13.39	14.44	12.25	6.67	9.88	8.15	10.61	12.57	6.96	13.09	12.47	
940.0	67.0	3.0	3.0	6.48	7.48	14.86	7.21	6.94	11.92	14.3	11.59	15.46	6.1	6.96	
941.0	46.0	14.0	14.0	6.87	17.19	11.6	10.68	6.12	15.86	12.47	11.31	6.87	13.14	10.96	
942.0	72.0	11.0	11.0	17.66	9.43	9.92	11.43	14.58	8.38	7.29	14.16	9.01	10.58	11.32	
943.0	49.0	12.0	12.0	8.93	12.53	16.22	7.02	6.76	15.25	10.57	7.02	11.58	17.39	11.77	
944.0	80.0	3.0	3.0	7.36	15.48	8.36	16.2	17.45	12.07	16.51	7.68	8.06	13.36	9.29	
945.0	62.0	7.0	7.0	10.15	14.71	17.5	10.92	11.3	6.34	8.91	8.37	12.69	8.77	14.8	
946.0	84.0	12.0	12.0	6.03	9.0	15.71	17.64	13.57	14.29	12.16	11.64	11.15	16.8	13.46	
947.0	67.0	3.0	3.0	7.89	16.92	7.3	6.66	14.91	8.85	8.98	7.72	8.31	8.01	7.01	
948.0	53.0	12.0	12.0	6.8	7.12	13.55	7.17	6.19	15.95	6.63	17.95	15.35	14.32	8.74	
949.0	74.0	1.0	1.0	8.16	15.28	11.55	6.24	12.88	7.85	15.43	10.42	7.07	7.07	11.26	
950.0	55.0	6.0	6.0	12.87	9.57	14.47	6.82	11.92	7.69	15.15	15.32	6.34	9.13	16.92	
951.0	41.0	15.0	15.0	8.66	7.88	9.81	17.14	17.48	16.94	14.62	8.14	16.86	6.87	10.97	
952.0	64.0	4.0	4.0	7.45	8.42	14.27	8.84	8.1	12.72	12.52	7.51	12.6	9.21	13.99	
953.0	87.0	5.0	5.0	8.44	7.38	6.64	17.94	6.1	11.6	14.83	6.57	7.59	11.28	13.02	
954.0	85.0	3.0	3.0	13.3	13.58	6.85	7.48	11.46	13.25	16.09	17.68	8.17	10.84	13.36	
955.0	83.0	5.0	5.0	13.34	16.02	9.26	12.89	17.93	10.9	16.93	17.0	7.05	14.41	12.37	
956.0	92.0	10.0	10.0	8.4	9.9	6.55	6.71	17.1	8.06	16.5	10.88	16.43	7.37	8.99	
957.0	48.0	13.0	13.0	14.83	6.45	9.71	16.01	10.09	10.12	17.1	6.45	15.53	11.05	8.59	
958.0	53.0	12.0	12.0	9.16	7.65	7.75	11.39	7.58	6.94	7.34	13.36	17.87	13.65	9.68	
959.0	63.0	15.0	15.0	11.85	10.78	12.19	6.64	9.76	12.92	16.0	17.47	12.2	9.76	8.07	
960.0	67.0	3.0	3.0	8.35	17.29	15.27	17.59	13.41	14.88	10.11	16.64	16.3	10.1	12.172986989781116	
961.0	69.0	12.0	12.0	17.0	16.76	10.89	14.8	12.99	12.96	11.15	17.05	6.23	14.96	13.29	
962.0	93.0	4.0	4.0	11.49	14.6	7.43	17.71	11.87	11.4	16.59	17.08	11.82	6.06	12.07	
963.0	77.0	8.0	8.0	15.26	10.79	10.85	9.45	17.62	12.61	15.63	17.96	6.58	6.52	7.94	
964.0	78.0	8.0	8.0	15.14	6.76	13.99	7.84	14.72	9.34	12.28	10.08	16.9	14.13	13.49	
965.0	33.0	14.0	14.0	13.51	7.89	10.1	15.27	15.01	12.27	10.32	11.82	7.45	9.87	13.79	
966.0	65.0	11.0	11.0	10.46	8.44	14.89	13.92	7.07	11.76	8.83	6.24	8.63	12.75	7.98	
967.0	82.0	6.0	6.0	12.01	12.67	9.74	16.8	14.5	6.31	15.96	12.4	14.39	11.9	9.37	
968.0	88.0	4.0	4.0	6.0	15.16	13.95	17.24	10.26	13.65	16.24	17.51	15.31	16.94	7.718836416191237	
969.0	24.0	14.0	14.0	10.3	17.47	16.66	15.95	7.17	16.44	13.98	9.94	12.5	13.18	7.02	
970.0	73.0	13.0	13.0	13.93	16.72	6.45	13.45	12.04	9.7	11.53	16.5	10.26	7.7	12.58	
971.0	79.0	7.0	7.0	10.34	11.36	16.19	13.0	10.94	16.31	10.26	17.71	7.33	17.55	13.63	
972.0	99.0	12.0	12.0	11.64	11.09	13.82	10.94	9.88	10.03	13.76	10.14	16.75	15.66	17.73	
973.0	100.0	14.0	14.0	11.02	10.57	17.07	7.12	13.74	15.64	7.12	17.39	12.51	17.6	15.99	
974.0	69.0	12.0	12.0	8.33	15.94	8.26	14.1	9.27	16.1	7.3	11.66	13.05	17.85	15.62	
975.0	96.0	15.0	15.0	8.93	10.79	16.95	16.03	7.25	16.57	15.99	9.22	12.15	9.51	14.04	
976.0	92.0	10.0	10.0	9.15	9.64	10.99	9.73	17.72	16.26	16.09	7.6	10.71	6.47	9.36	
977.0	77.0	8.0	8.0	12.86	10.72	15.4	9.1	13.24	8.71	17.33	12.75	15.69	14.71	15.07	
978.0	87.0	5.0	5.0	15.08	8.89	15.41	10.12	10.6	14.76	14.44	8.7	17.98	8.66	10.04	
979.0	82.0	6.0	6.0	10.92	16.19	15.51	12.06	8.87	7.57	14.02	13.33	11.29	11.95	15.34	
980.0	86.0	15.0	15.0	16.53	6.59	7.0	8.26	13.29	14.74	17.95	6.04	7.06	17.29	15.28	
981.0	70.0	11.0	11.0	7.3	10.92	9.35	9.13	8.13	11.99	10.47	12.59	16.46	8.13	17.43	
982.0	73.0	13.0	13.0	17.97	16.35	17.12	11.52	10.31	15.21	8.28	7.81	16.57	15.38	16.51	
983.0	94.0	13.0	13.0	9.75	11.1	10.26	11.14	11.9	8.16	15.11	17.0	15.97	13.88	10.07	
984.0	95.0	8.0	8.0	11.34	14.87	12.01	8.56	13.23	14.56	17.44	11.62	17.56	16.38	9.18	
985.0	63.0	15.0	15.0	8.86	6.07	12.2	7.93	15.9	13.3	16.76	7.68	10.54	12.11	13.79	
986.0	65.0	11.0	11.0	15.78	11.36	8.8	12.03	7.66	13.05	6.14	8.94	9.82	17.24	13.25	
987.0	97.0	9.0	9.0	16.36	17.7	12.53	11.82	17.74	11.21	9.66	12.15	14.82	14.57	8.049760148605579	
988.0	70.0	11.0	11.0	6.95	16.33	6.05	16.49	7.05	6.42	10.77	13.29	10.92	14.19	10.61	
989.0	75.0	8.0	8.0	8.83	16.42	11.19	11.09	13.73	7.91	17.96	17.13	9.21	13.78	7.25	
990.0	53.0	12.0	12.0	9.47	16.99	7.5	13.91	11.7	6.97	10.23	7.69	10.27	14.66	11.5	
991.0	80.0	3.0	3.0	11.7	13.38	10.66	17.49	11.41	11.19	8.23	17.83	13.44	6.47	6.62	
992.0	82.0	6.0	6.0	16.67	14.65	7.7	14.5	8.9	17.01	9.19	15.9	10.66	16.84	6.72	
993.0	77.0	8.0	8.0	9.79	8.05	9.57	17.28	8.17	11.04	14.92	17.91	6.88	6.78	16.14	
994.0	68.0	5.0	5.0	9.22	8.92	14.81	9.92	15.9	13.34	11.04	6.36	16.01	15.24	13.75	
995.0	71.0	11.0	11.0	10.22	6.12	15.74	10.11	10.76	16.57	17.83	7.79	11.77	16.61	13.64	
996.0	74.0	1.0	1.0	10.58	14.36	13.37	13.01	11.64	9.71	13.9	7.67	13.11	7.64	12.25	
997.0	77.0	8.0	8.0	7.38	13.27	11.77	7.28	9.32	9.75	11.91	17.13	14.52	17.26	11.72	
998.0	62.0	7.0	7.0	11.89	13.71	11.38	17.48	15.19	17.51	6.48	12.15	6.26	15.91	10.07	
999.0	76.0	6.0	6.0	10.1	9.37	13.61	17.92	11.31	6.5	13.05	14.06	6.98	10.9	7.02	
1000.0	66.0	12.0	12.0	13.37	16.4	15.12	9.55	6.15	13.71	14.68	14.2	8.51	17.86	6.22	
1001.0	47.0	15.0	15.0	7.2	17.26	9.07	8.69	7.07	14.31	9.24	8.55	15.2	12.44	6.31	
1002.0	98.0	15.0	15.0	6.64	11.72	13.43	6.18	12.4	10.52	10.25	7.67	8.82	10.42	8.12	
1003.0	84.0	12.0	12.0	9.81	17.75	14.23	15.52	12.18	11.11	6.07	7.47	9.86	9.63	9.63	
1004.0	33.0	14.0	14.0	15.19	6.2	8.7	15.15	8.07	16.38	17.9	6.11	17.61	11.73	12.05	
1005.0	62.0	7.0	7.0	6.55	8.62	10.34	8.3	6.75	12.42	16.65	16.09	7.61	10.16	17.84	
1006.0	64.0	4.0	4.0	16.61	11.82	11.42	6.04	8.46	6.92	9.32	11.38	9.01	10.42	7.38	
1007.0	100.0	14.0	14.0	17.86	12.05	9.33	15.12	10.25	12.33	17.09	13.1	12.1	10.27	17.86	
1008.0	70.0	11.0	11.0	9.39	9.62	7.54	8.63	15.77	16.34	7.68	9.43	8.92	11.01	11.48	
1009.0	42.0	4.0	4.0	8.67	11.74	7.68	13.23	16.51	13.35	17.53	17.96	12.18	7.24	12.75	
1010.0	44.0	3.0	3.0	13.41	6.25	11.21	9.0	6.09	10.93	6.8	8.84	16.7	15.73	16.46	
1011.0	94.0	13.0	13.0	14.26	16.11	8.31	17.15	7.21	14.54	12.47	14.26	17.57	13.93	17.01	
1012.0	55.0	6.0	6.0	17.37	9.82	11.16	12.88	16.44	11.39	9.16	13.27	11.56	8.43	7.35	
1013.0	25.0	12.0	12.0	6.22	7.84	9.22	7.86	13.28	8.69	15.49	14.67	16.97	17.38	14.59	
1014.0	68.0	5.0	5.0	15.24	11.48	10.74	9.33	6.76	17.31	17.77	7.38	14.26	16.71	9.94	
1015.0	83.0	5.0	5.0	10.44	14.96	12.98	17.73	9.45	14.02	6.78	7.86	8.64	15.79	12.84	
1016.0	58.0	11.0	11.0	6.78	17.35	14.26	7.72	8.42	12.18	9.73	13.83	17.54	16.94	7.62	
1017.0	100.0	14.0	14.0	7.9	12.27	15.51	15.0	10.01	10.26	8.61	17.66	12.66	11.89	11.71	
1018.0	61.0	12.0	12.0	9.99	16.35	8.17	13.85	14.57	11.41	16.2	10.0	12.87	14.42	16.02	
1019.0	88.0	4.0	4.0	7.09	16.85	16.0	14.65	14.95	9.01	8.5	11.53	12.38	16.59	11.19	
1020.0	68.0	5.0	5.0	13.47	16.21	14.77	17.37	10.01	17.49	10.3	11.76	13.12	9.42	17.78	
1021.0	96.0	15.0	15.0	9.11	9.27	11.37	11.99	16.18	17.65	17.65	17.65	7.38	11.35	10.93	
1022.0	90.0	4.0	4.0	12.7	13.4	16.46	16.09	13.58	17.59	6.82	10.15	16.92	9.51	16.25	
1023.0	85.0	3.0	3.0	13.36	9.06	6.68	13.7	6.68	6.57	6.37	13.42	17.68	8.3	6.72	
1024.0	53.0	12.0	12.0	17.18	16.54	7.12	17.11	11.57	14.96	17.72	15.13	6.24	12.79	16.69	
1025.0	62.0	7.0	7.0	8.44	12.53	16.87	8.5	11.87	11.56	15.44	16.9	9.44	6.08	11.05	
1026.0	38.0	5.0	5.0	14.11	6.35	13.51	9.87	17.81	11.17	8.96	11.5	9.76	12.26	15.67	
1027.0	50.0	9.0	9.0	15.12	10.23	17.1	7.42	9.84	9.92	17.55	8.28	9.82	6.69	10.94	
1028.0	33.0	14.0	14.0	16.23	6.7	7.44	8.34	10.04	16.8	9.48	6.77	17.72	14.53	12.81	
1029.0	75.0	8.0	8.0	14.13	12.68	9.22	13.51	11.4	10.27	12.03	11.99	7.03	13.51	13.15	
1030.0	26.0	1.0	1.0	17.99	6.28	14.11	15.69	6.11	16.95	13.15	15.39	7.51	13.73	13.22	
1031.0	47.0	15.0	15.0	16.85	7.09	9.23	15.15	16.59	9.26	13.17	9.54	7.24	13.42	16.06	
1032.0	64.0	4.0	4.0	14.8	12.63	17.35	9.32	10.64	16.45	10.74	15.55	10.85	6.11	10.36	
1033.0	24.0	14.0	14.0	9.92	14.94	16.27	11.6	7.79	15.08	10.32	7.07	10.69	17.49	9.77	
1034.0	69.0	12.0	12.0	17.09	8.7	9.59	9.88	15.32	13.47	8.73	6.62	11.89	14.43	12.18	
1035.0	83.0	5.0	5.0	14.36	9.95	16.23	6.34	7.76	13.48	17.22	11.67	7.72	11.65	16.2	
1036.0	83.0	5.0	5.0	10.93	9.59	17.96	11.17	9.83	11.97	8.16	6.4	7.24	6.68	6.19	
1037.0	79.0	7.0	7.0	9.1	13.61	14.26	6.61	6.35	8.29	15.85	8.53	7.71	15.29	10.36	
1038.0	61.0	12.0	12.0	14.36	6.16	10.32	14.38	16.16	8.15	12.44	13.6	10.8	17.02	9.26	
1039.0	63.0	15.0	15.0	9.04	8.78	11.65	15.62	16.98	10.19	6.3	15.68	11.7	13.96	7.75	
1040.0	89.0	14.0	14.0	6.82	8.98	7.59	8.51	13.87	13.78	16.69	17.98	11.26	8.69	16.49	
1041.0	84.0	12.0	12.0	14.5	14.29	8.54	13.92	14.68	11.31	6.4	11.99	10.49	13.82	12.91	
1042.0	73.0	13.0	13.0	9.98	7.75	10.23	12.84	7.57	14.43	9.55	17.82	16.46	15.88	6.99	
1043.0	76.0	6.0	6.0	8.63	17.85	8.74	14.46	7.8	13.69	10.63	7.24	10.21	8.72	15.07	
1044.0	80.0	3.0	3.0	16.02	10.58	7.77	12.53	15.8	6.68	10.99	8.54	6.68	8.94	11.67	
1045.0	63.0	15.0	15.0	12.08	6.26	14.85	13.79	7.09	11.8	10.75	8.78	6.12	15.09	14.66	
1046.0	66.0	12.0	12.0	17.43	13.2	9.64	15.67	15.15	11.41	10.17	13.82	8.37	6.65	8.65	
1047.0	54.0	10.0	10.0	17.82	9.27	9.23	13.06	7.14	9.3	9.99	16.31	14.04	7.04	8.8	
1048.0	94.0	13.0	13.0	15.97	13.37	8.33	9.27	8.14	14.89	17.04	10.62	14.03	12.47	15.28	
1049.0	90.0	4.0	4.0	11.18	7.65	10.58	12.76	8.65	9.88	7.3	6.78	17.6	12.69	7.49	
1050.0	42.0	4.0	4.0	17.24	8.09	14.26	9.38	13.68	10.28	13.9	17.74	13.27	13.19	17.09	
1051.0	84.0	12.0	12.0	16.17	14.14	15.73	9.39	16.2	8.65	11.6	9.83	8.17	8.55	12.04	
1052.0	56.0	13.0	13.0	15.1	10.52	7.93	9.36	9.85	17.87	9.22	15.97	8.91	7.95	15.41	
1053.0	95.0	8.0	8.0	9.23	13.21	17.35	16.23	15.74	11.14	6.93	6.21	17.87	8.48	15.3	
1054.0	89.0	14.0	14.0	13.53	10.67	11.13	16.06	8.87	12.66	7.44	7.45	17.54	14.98	8.57	
1055.0	41.0	15.0	15.0	13.62	6.24	17.68	14.2	15.86	10.42	12.52	9.86	7.95	13.75	9.19	
1056.0	91.0	9.0	9.0	8.38	17.62	6.86	15.01	13.59	11.11	7.94	7.38	11.85	13.28	6.75	
1057.0	77.0	8.0	8.0	8.5	12.77	9.15	11.62	17.56	9.9	10.99	14.09	8.59	11.34	8.84	
1058.0	99.0	12.0	12.0	13.45	13.96	12.42	16.58	12.98	13.93	17.3	16.93	13.81	12.5	3.4838503376726058	
1059.0	37.0	5.0	5.0	8.98	7.26	11.58	10.82	17.84	16.45	13.87	9.87	12.14	17.47	6.35	
1060.0	36.0	15.0	15.0	10.22	10.89	7.72	7.55	14.05	6.8	16.34	8.08	13.14	13.68	13.23	
1061.0	56.0	13.0	13.0	6.56	14.9	13.78	14.38	12.84	10.81	10.92	7.99	12.98	12.18	15.0	
1062.0	96.0	15.0	15.0	17.54	9.57	17.05	6.91	12.4	7.82	9.22	12.52	11.54	12.33	16.63	
1063.0	85.0	3.0	3.0	15.79	12.9	10.88	12.14	9.16	12.14	17.58	14.79	12.7	7.58	6.73	
1064.0	91.0	9.0	9.0	16.65	17.6	6.48	8.18	9.99	14.69	11.46	17.01	16.88	6.08	16.98	
1065.0	88.0	4.0	4.0	6.2	8.85	6.61	11.88	6.8	7.95	6.88	15.19	14.24	6.22	15.15	
1066.0	66.0	12.0	12.0	16.85	15.41	11.73	6.96	17.94	10.95	9.99	17.75	16.38	13.26	9.41	
1067.0	69.0	12.0	12.0	16.94	7.92	13.54	15.14	12.69	13.37	11.14	7.34	13.52	16.3	15.32	
1068.0	83.0	5.0	5.0	7.05	17.36	8.4	9.62	6.58	15.87	15.7	17.48	16.32	14.86	7.1	
1069.0	75.0	8.0	8.0	13.13	10.79	9.36	10.29	6.14	13.36	11.95	15.46	13.59	16.67	14.87	
1070.0	78.0	8.0	8.0	7.02	15.58	9.91	9.24	17.13	16.22	9.7	9.36	11.25	7.29	17.52	
1071.0	55.0	6.0	6.0	13.13	15.11	14.69	16.38	17.96	10.79	12.21	8.5	14.79	6.23	14.98	
1072.0	63.0	15.0	15.0	9.53	13.13	9.67	9.89	6.43	12.49	15.75	8.5	6.72	10.83	11.8	
1073.0	91.0	9.0	9.0	13.63	13.79	11.84	17.04	15.78	10.92	15.51	12.22	12.16	14.86	11.73	
1074.0	69.0	12.0	12.0	16.18	15.55	7.98	8.24	15.51	13.42	9.67	8.43	11.16	14.64	10.02	
1075.0	71.0	11.0	11.0	7.46	17.21	12.17	13.58	12.61	14.26	15.56	12.3	16.3	10.86	12.1	
1076.0	75.0	8.0	8.0	7.25	12.96	13.68	8.68	17.15	12.9	8.48	15.43	16.71	10.15	17.75	
1077.0	88.0	4.0	4.0	9.35	6.36	10.3	12.39	7.6	16.54	10.9	11.93	15.15	12.0	13.34	
1078.0	30.0	14.0	14.0	6.81	12.9	16.88	13.19	10.66	6.66	16.4	9.63	17.69	14.27	13.66	
1079.0	63.0	15.0	15.0	14.9	11.77	14.06	10.45	15.05	14.27	6.47	15.99	6.46	9.08	6.5	
1080.0	97.0	9.0	9.0	17.27	6.65	10.5	15.06	7.85	13.23	7.93	15.48	10.13	6.3	13.41	
1081.0	38.0	5.0	5.0	17.62	17.3	12.35	13.56	13.06	8.6	14.97	8.21	11.9	13.57	6.07	
1082.0	50.0	9.0	9.0	15.9	13.65	16.15	8.14	14.94	10.36	16.69	12.99	12.56	13.75	9.85	
1083.0	83.0	5.0	5.0	10.1	8.69	8.62	17.02	14.08	6.51	12.37	11.12	7.72	15.74	8.95	
1084.0	27.0	13.0	13.0	12.65	16.27	15.15	13.65	9.93	12.76	9.36	7.76	7.46	13.63	15.77	
1085.0	99.0	12.0	12.0	8.53	13.01	15.03	9.39	6.11	14.01	15.16	14.21	11.99	14.53	6.02	
1086.0	93.0	4.0	4.0	12.1	16.33	10.08	8.45	12.44	10.77	6.97	7.29	7.33	16.39	8.91	
1087.0	69.0	12.0	12.0	9.43	13.43	13.61	17.32	7.73	10.1	12.03	16.5	12.42	15.0	8.94	
1088.0	94.0	13.0	13.0	9.87	6.72	7.94	14.81	7.9	11.81	12.07	9.05	12.2	14.5	13.87	
1089.0	99.0	12.0	12.0	8.92	9.56	11.78	17.95	8.86	15.29	17.31	14.3	6.25	9.38	11.08	
1090.0	77.0	8.0	8.0	10.76	15.58	14.36	9.2	10.45	6.91	12.93	15.64	9.24	14.48	13.77	
1091.0	45.0	5.0	5.0	15.22	15.14	7.89	8.37	9.2	17.18	13.72	14.18	15.02	16.04	8.1	
1092.0	100.0	14.0	14.0	17.39	6.29	10.11	10.74	13.33	16.92	15.1	6.36	16.15	8.02	11.11	
1093.0	86.0	15.0	15.0	8.53	8.99	6.07	7.01	14.29	15.02	14.63	15.35	14.77	6.72	14.52	
1094.0	69.0	12.0	12.0	16.33	14.23	12.58	16.9	14.68	17.24	12.71	15.75	10.31	8.89	5.907769035896475	
1095.0	85.0	3.0	3.0	12.68	17.81	9.49	17.62	9.55	6.36	14.51	14.35	12.65	6.33	17.61	
1096.0	27.0	13.0	13.0	10.41	9.14	9.28	17.88	9.72	11.48	11.93	9.57	9.27	14.25	14.74	
1097.0	84.0	12.0	12.0	6.75	17.41	6.35	16.97	10.59	9.36	8.06	17.44	16.08	9.47	9.24	
1098.0	80.0	3.0	3.0	12.09	16.52	11.21	14.86	8.44	11.39	6.58	6.11	14.58	15.91	10.85	
1099.0	63.0	15.0	15.0	16.76	17.32	15.38	10.24	15.95	11.0	11.34	15.23	12.6	7.22	8.19	
1100.0	68.0	5.0	5.0	11.87	7.78	12.44	11.48	6.67	7.78	12.01	17.64	11.68	6.73	10.46	
1101.0	71.0	11.0	11.0	11.58	9.74	16.71	12.15	7.35	16.92	13.16	15.19	15.68	7.7	6.03	
1102.0	73.0	13.0	13.0	17.52	8.58	12.25	14.64	10.83	8.06	10.02	10.96	17.88	14.9	10.53	
1103.0	77.0	8.0	8.0	9.13	11.08	6.48	14.29	7.81	16.94	10.6	17.98	8.53	15.75	12.69	
1104.0	91.0	9.0	9.0	10.31	10.36	7.07	10.19	14.98	6.35	7.19	10.4	17.13	17.48	12.9	
1105.0	96.0	15.0	15.0	9.16	11.47	7.37	9.74	9.89	13.32	16.43	13.1	6.15	9.95	9.32	
1106.0	64.0	4.0	4.0	11.61	13.5	6.01	14.23	10.26	11.06	12.0	11.73	16.59	17.35	17.93	
1107.0	67.0	3.0	3.0	8.35	17.25	14.88	14.35	11.02	14.98	17.96	12.56	10.72	17.4	11.43926299021918	
1108.0	81.0	3.0	3.0	16.93	14.73	8.04	9.49	13.75	13.23	17.74	8.1	15.5	6.72	12.8	
1109.0	57.0	14.0	14.0	8.79	12.52	9.19	14.83	14.69	10.91	11.25	14.18	9.52	10.07	10.31	
1110.0	77.0	8.0	8.0	13.98	8.27	14.73	14.32	15.73	13.29	10.38	9.08	15.22	7.66	12.98	
1111.0	61.0	12.0	12.0	15.74	10.08	10.66	6.4	8.86	9.93	10.1	15.91	13.63	17.51	14.21	
1112.0	87.0	5.0	5.0	11.87	12.8	10.71	12.91	17.19	9.1	14.21	11.85	17.05	9.64	16.76	
1113.0	65.0	11.0	11.0	6.21	12.09	13.33	7.58	10.62	13.64	10.83	13.27	16.7	8.67	8.29	
1114.0	89.0	14.0	14.0	6.87	9.25	8.46	17.97	11.35	8.83	15.23	6.59	13.23	10.39	6.83	
1115.0	71.0	11.0	11.0	11.15	11.21	14.92	9.59	7.0	10.59	14.22	8.28	6.96	12.5	15.61	
1116.0	91.0	9.0	9.0	8.82	6.65	10.36	14.55	13.48	17.42	9.76	14.5	14.64	9.16	12.76	
1117.0	95.0	8.0	8.0	10.36	9.12	8.0	17.7	12.6	14.04	16.92	8.9	17.3	16.57	15.45	
1118.0	85.0	3.0	3.0	8.15	13.92	8.37	15.27	8.18	14.0	8.53	14.68	8.0	15.16	16.72	
1119.0	98.0	15.0	15.0	13.13	8.61	8.09	15.41	8.5	6.47	7.64	8.91	8.58	14.06	11.72	
1120.0	68.0	5.0	5.0	11.01	16.46	12.63	15.64	10.3	11.14	16.37	9.03	16.56	12.87	12.63	
1121.0	65.0	11.0	11.0	14.06	17.8	9.95	11.26	14.45	13.29	10.03	13.22	15.17	11.51	6.17	
1122.0	82.0	6.0	6.0	9.98	14.91	14.28	8.68	8.14	9.7	9.81	15.83	12.41	15.43	11.06	
1123.0	52.0	4.0	4.0	13.52	13.89	9.57	8.95	10.37	13.0	6.04	8.25	15.04	10.86	9.51	
1124.0	80.0	3.0	3.0	9.5	15.31	17.46	12.75	6.77	6.48	11.91	16.8	6.63	16.99	9.34	
1125.0	44.0	3.0	3.0	15.85	11.41	14.51	7.92	11.97	16.45	10.56	16.73	17.8	7.23	15.29	
1126.0	52.0	4.0	4.0	6.56	8.09	13.17	7.46	8.77	10.85	9.6	16.22	15.06	11.54	12.49	
1127.0	51.0	2.0	2.0	17.86	10.67	14.68	12.88	16.38	7.68	8.48	15.85	12.39	7.16	16.12	
1128.0	100.0	14.0	14.0	9.81	12.01	9.23	6.98	12.86	8.92	7.38	16.87	13.32	12.12	10.89	
1129.0	93.0	4.0	4.0	16.5	15.32	11.92	14.33	9.11	7.04	7.26	13.01	13.32	13.01	17.4	
1130.0	77.0	8.0	8.0	9.43	14.62	9.09	13.3	17.33	12.11	7.17	8.69	7.44	9.44	12.45	
1131.0	80.0	3.0	3.0	6.08	6.78	13.01	15.45	12.11	17.4	11.28	10.91	8.66	9.27	6.46	
1132.0	53.0	12.0	12.0	6.16	13.12	12.31	7.64	11.21	6.92	13.63	11.84	8.32	8.32	13.6	
1133.0	67.0	3.0	3.0	15.26	13.51	16.27	16.38	10.66	14.98	6.54	17.01	7.69	7.23	11.9	
1134.0	84.0	12.0	12.0	8.9	12.3	12.41	14.05	15.37	13.25	13.37	12.03	8.86	15.37	6.33	
1135.0	33.0	14.0	14.0	16.02	11.24	15.59	12.63	11.35	10.35	8.6	14.03	15.91	8.38	10.38	
1136.0	74.0	1.0	1.0	12.27	17.68	13.57	14.66	15.36	13.2	6.57	8.6	7.05	13.06	7.56	
1137.0	77.0	8.0	8.0	15.04	12.01	11.83	17.66	17.13	11.03	7.93	16.29	11.18	7.78	14.71	
1138.0	88.0	4.0	4.0	11.76	16.74	16.93	10.96	15.35	17.05	17.29	12.85	16.54	17.95	2.8496941269077274	
1139.0	53.0	12.0	12.0	13.61	15.52	8.36	14.48	15.47	14.2	9.07	8.14	6.34	6.25	13.41	
1140.0	68.0	5.0	5.0	17.61	10.42	8.88	9.89	9.4	6.67	12.47	16.46	15.22	9.82	13.3	
1141.0	56.0	13.0	13.0	12.66	10.41	14.23	6.72	12.2	7.29	9.03	6.48	8.82	17.49	18.0	
1142.0	58.0	11.0	11.0	13.33	12.09	7.78	12.97	9.68	11.96	7.55	6.07	9.5	16.68	14.92	
1143.0	92.0	10.0	10.0	11.48	9.01	11.85	6.79	11.96	12.1	11.4	9.0	7.78	16.02	16.11	
1144.0	69.0	12.0	12.0	13.74	11.12	15.62	15.59	15.59	15.48	7.32	9.1	6.92	13.34	11.05	
1145.0	48.0	13.0	13.0	15.68	11.51	13.97	11.12	10.79	7.6	10.96	10.21	7.31	11.25	17.79	
1146.0	86.0	15.0	15.0	9.84	8.36	7.59	6.06	15.78	16.19	6.49	10.94	10.91	15.23	15.58	
1147.0	53.0	12.0	12.0	13.87	12.98	7.99	16.54	11.49	6.75	11.66	9.41	7.99	15.59	17.93	
1148.0	55.0	6.0	6.0	11.59	6.76	8.32	15.13	17.01	7.17	7.49	16.68	15.97	7.58	15.07	
1149.0	59.0	9.0	9.0	8.2	10.86	12.06	14.82	9.89	8.47	11.8	7.04	9.47	6.39	15.49	
1150.0	42.0	4.0	4.0	8.14	7.14	9.95	14.11	7.49	6.9	13.98	9.58	15.48	10.67	13.35	
1151.0	84.0	12.0	12.0	7.96	12.49	10.25	12.96	14.22	10.29	12.82	8.46	15.02	11.1	17.8	
1152.0	48.0	13.0	13.0	11.83	16.77	7.97	15.85	13.05	9.38	11.65	7.0	15.32	8.43	7.39	
1153.0	51.0	2.0	2.0	11.49	9.85	13.94	10.14	15.52	11.89	6.8	16.17	12.73	14.37	12.97	
1154.0	84.0	12.0	12.0	10.39	11.24	6.56	14.44	17.45	7.41	16.03	16.9	12.45	13.48	9.41	
1155.0	90.0	4.0	4.0	12.72	6.09	7.75	16.64	15.25	10.48	12.93	11.16	10.54	17.19	15.69	
1156.0	60.0	3.0	3.0	9.22	15.16	14.45	10.6	6.69	15.44	15.63	11.21	8.2	10.65	8.73	
1157.0	87.0	5.0	5.0	17.81	14.62	6.23	8.79	6.71	6.02	7.28	14.02	12.55	15.34	6.97	
1158.0	47.0	15.0	15.0	8.58	14.94	16.42	15.87	11.05	8.89	15.02	10.03	10.7	13.62	13.78	
1159.0	48.0	13.0	13.0	12.86	12.79	10.32	10.58	11.23	9.77	12.08	16.83	15.41	9.53	8.94	
1160.0	53.0	12.0	12.0	14.24	8.75	14.43	15.46	15.69	14.19	7.9	9.87	14.97	14.72	14.07	
1161.0	50.0	9.0	9.0	7.34	9.13	13.27	8.91	13.69	6.05	16.18	9.77	7.86	9.69	9.27	
1162.0	58.0	11.0	11.0	16.0	13.93	9.13	11.09	9.02	12.35	6.76	17.72	12.26	6.59	13.35	
1163.0	41.0	15.0	15.0	16.61	11.57	13.33	9.46	8.96	15.09	17.41	11.94	9.26	14.91	8.7	
1164.0	45.0	5.0	5.0	10.56	11.62	11.72	12.59	12.49	14.51	12.8	16.05	13.29	17.35	7.35	
1165.0	46.0	14.0	14.0	12.56	13.8	11.73	11.11	12.15	10.21	12.05	13.02	15.32	16.96	11.94	
1166.0	92.0	10.0	10.0	11.99	14.58	9.25	11.52	12.24	15.57	17.38	10.64	6.65	14.11	16.6	
1167.0	93.0	4.0	4.0	15.13	10.5	16.08	8.6	8.44	10.02	8.67	15.78	8.85	13.87	17.34	
1168.0	56.0	13.0	13.0	11.59	11.23	13.59	14.58	10.1	16.75	17.42	17.18	6.79	12.82	8.23	
1169.0	82.0	6.0	6.0	9.25	9.97	8.69	17.26	12.5	13.83	6.8	6.91	11.58	17.36	11.92	
1170.0	43.0	13.0	13.0	10.62	6.77	12.34	7.81	16.64	13.97	10.15	6.35	13.9	13.83	16.37	
1171.0	46.0	14.0	14.0	10.97	9.29	11.37	17.59	7.45	11.45	8.21	7.78	13.46	17.45	16.62	
1172.0	42.0	4.0	4.0	17.04	6.68	16.42	17.83	12.2	16.12	17.32	9.87	6.7	12.6	7.7	
1173.0	51.0	2.0	2.0	15.08	11.34	17.47	6.01	14.44	17.46	6.92	15.14	14.32	15.66	9.72	
1174.0	82.0	6.0	6.0	11.36	17.25	6.85	10.7	9.66	17.82	17.85	17.2	11.89	13.22	12.89	
1175.0	58.0	11.0	11.0	13.17	7.22	14.47	8.54	10.82	9.93	17.18	15.23	8.53	7.31	12.06	
1176.0	59.0	9.0	9.0	17.37	9.74	8.79	11.62	13.49	17.75	14.84	10.88	12.46	14.32	6.57	
1177.0	81.0	3.0	3.0	9.43	7.27	8.87	7.68	7.55	15.42	13.57	10.17	7.35	11.54	8.16	
1178.0	47.0	15.0	15.0	10.24	11.31	12.3	16.05	14.94	11.5	8.53	16.63	9.53	10.88	9.1	
1179.0	88.0	4.0	4.0	14.43	12.42	15.0	8.62	9.49	17.59	6.96	7.57	9.31	14.17	9.76	
1180.0	67.0	3.0	3.0	8.88	9.56	10.3	6.74	9.1	9.62	13.29	12.8	11.6	17.77	11.27	
1181.0	55.0	6.0	6.0	13.43	9.55	10.94	11.83	14.55	9.53	12.77	7.51	13.01	12.7	14.02	
1182.0	59.0	9.0	9.0	13.14	17.39	11.07	15.22	11.67	6.52	17.34	12.22	12.96	16.85	6.95	
1183.0	81.0	3.0	3.0	8.68	6.88	8.92	11.33	11.0	15.01	11.04	7.74	17.77	16.33	10.05	
1184.0	89.0	14.0	14.0	7.51	11.29	17.57	7.87	13.55	14.03	16.51	11.46	14.07	16.68	13.44	
1185.0	84.0	12.0	12.0	17.39	13.34	9.63	16.47	9.6	14.59	10.92	13.38	15.86	7.41	13.45	
1186.0	50.0	9.0	9.0	12.19	7.83	9.82	13.47	14.38	10.1	17.64	6.53	12.6	7.33	12.06	
1187.0	54.0	10.0	10.0	15.72	13.69	12.85	10.49	10.59	11.64	10.39	14.94	13.01	9.27	17.12	
1188.0	91.0	9.0	9.0	13.24	6.8	6.22	12.7	13.82	11.17	8.27	16.75	14.44	14.01	13.01	
1189.0	21.0	9.0	9.0	12.58	9.68	7.9	16.33	15.35	10.87	7.77	10.29	8.47	10.52	8.83	
1190.0	43.0	13.0	13.0	8.67	14.92	9.39	7.74	11.71	16.77	10.88	6.29	16.1	7.1	10.29	
1191.0	45.0	5.0	5.0	9.62	16.01	9.93	8.94	14.89	9.85	10.29	6.73	7.35	11.62	13.03	
1192.0	48.0	13.0	13.0	6.88	6.05	11.36	6.16	14.8	12.48	8.1	8.2	8.66	6.02	7.5	
1193.0	96.0	15.0	15.0	14.68	11.38	11.46	9.86	13.55	17.03	13.53	10.9	9.85	9.04	15.85	
1194.0	82.0	6.0	6.0	13.57	13.16	14.36	16.02	9.78	11.43	8.19	9.97	8.72	13.26	6.07	
1195.0	85.0	3.0	3.0	14.37	8.94	14.81	16.62	8.61	6.73	12.89	17.73	12.03	11.29	16.47	
1196.0	41.0	15.0	15.0	12.51	9.25	16.07	14.51	15.77	8.8	11.03	16.87	16.95	17.19	5.432795283598375	
1197.0	42.0	4.0	4.0	9.97	15.71	13.34	12.68	6.43	7.7	16.24	17.67	13.67	17.69	13.75	
1198.0	88.0	4.0	4.0	13.18	8.67	17.9	13.37	6.84	12.28	13.94	16.64	15.59	12.68	7.45	
1199.0	49.0	12.0	12.0	7.8	17.14	10.31	7.13	15.58	16.6	7.2	16.35	12.41	13.69	14.0	
1200.0	52.0	4.0	4.0	10.02	9.36	9.4	9.82	12.06	17.76	17.15	7.92	12.08	17.26	11.21	
1201.0	66.0	12.0	12.0	6.22	12.33	11.2	13.39	6.73	14.64	8.72	15.53	11.49	7.93	12.67	
1202.0	57.0	14.0	14.0	11.27	15.0	7.32	13.67	7.04	13.78	15.57	12.54	7.58	9.04	14.18	
1203.0	41.0	15.0	15.0	6.27	13.79	7.79	13.93	16.46	10.34	8.04	11.35	17.44	6.38	15.16	
1204.0	97.0	9.0	9.0	16.84	7.66	8.57	15.66	16.06	10.77	15.96	15.65	16.08	10.52	9.07	
1205.0	46.0	14.0	14.0	8.92	17.83	10.83	9.74	17.62	17.75	7.74	6.15	14.36	12.62	9.58	
1206.0	50.0	9.0	9.0	14.2	10.7	13.54	8.04	10.31	17.5	7.79	10.18	7.03	13.01	9.1	
1207.0	92.0	10.0	10.0	13.16	16.29	8.34	8.77	16.81	9.84	8.79	9.15	8.63	13.74	8.85	
1208.0	55.0	6.0	6.0	11.47	12.82	12.69	10.64	10.77	10.05	11.96	6.99	11.2	14.27	11.81	
1209.0	60.0	3.0	3.0	14.34	8.94	8.22	12.97	8.58	9.85	13.13	9.48	16.17	6.46	15.67	
1210.0	82.0	6.0	6.0	13.14	15.97	16.0	11.58	17.55	13.58	11.62	9.08	11.15	16.1	10.96	
1211.0	78.0	8.0	8.0	9.78	11.46	14.1	14.43	9.02	8.5	15.93	11.85	12.44	17.9	15.09	
1212.0	98.0	15.0	15.0	9.66	6.61	8.01	9.09	17.35	14.43	6.49	16.78	8.45	16.27	11.42	
1213.0	86.0	15.0	15.0	11.41	8.41	8.74	10.86	17.37	14.85	13.74	17.95	10.76	12.4	8.1	
1214.0	90.0	4.0	4.0	6.44	10.53	14.8	10.57	8.55	9.25	16.96	11.51	6.94	16.4	7.46	
1215.0	39.0	14.0	14.0	17.93	6.77	16.84	14.12	8.96	11.73	11.18	12.57	8.65	7.41	9.27	
1216.0	41.0	15.0	15.0	11.76	8.04	13.3	10.66	14.35	7.01	9.48	13.89	6.08	9.6	13.92	
1217.0	43.0	13.0	13.0	7.97	13.36	9.29	11.3	7.7	12.5	15.18	8.08	17.26	13.92	9.67	
1218.0	94.0	13.0	13.0	17.44	13.05	7.66	13.17	9.02	11.87	7.09	15.96	7.13	16.74	9.09	
1219.0	100.0	14.0	14.0	8.32	7.64	6.64	7.29	17.23	17.8	17.71	9.33	7.08	13.76	12.5	
1220.0	83.0	5.0	5.0	14.58	16.75	7.03	9.1	8.55	15.82	8.25	15.9	6.63	9.15	17.53	
1221.0	21.0	9.0	9.0	12.4	16.75	14.01	6.85	15.6	8.81	7.61	13.1	16.59	13.78	14.27	
1222.0	94.0	13.0	13.0	7.99	13.86	14.01	10.93	12.11	11.68	16.4	16.29	11.94	10.95	9.62	
1223.0	39.0	14.0	14.0	9.47	7.09	14.33	15.6	6.53	8.98	17.21	15.94	8.28	16.97	11.17	
1224.0	84.0	12.0	12.0	16.88	17.14	7.32	7.92	6.67	6.07	11.3	6.34	15.95	7.76	10.61	
1225.0	93.0	4.0	4.0	14.65	8.35	12.44	14.36	17.05	6.21	17.72	14.38	15.95	10.16	8.05	
1226.0	70.0	11.0	11.0	14.78	11.96	17.69	11.45	17.13	15.11	6.14	15.13	7.01	15.1	13.02	
1227.0	85.0	3.0	3.0	10.94	9.22	17.28	6.25	10.72	10.94	11.63	15.16	15.47	10.14	13.13	
1228.0	86.0	15.0	15.0	11.81	16.08	14.95	13.09	17.23	6.55	15.36	9.71	8.67	8.66	8.69	
1229.0	21.0	9.0	9.0	17.6	14.37	12.73	13.89	8.07	8.12	13.56	13.58	12.36	11.0	7.44	
1230.0	88.0	4.0	4.0	10.54	15.99	10.0	6.32	6.89	15.91	17.52	13.55	13.97	16.1	7.02	
1231.0	97.0	9.0	9.0	14.96	10.03	9.68	14.5	11.0	16.58	12.15	11.7	6.96	6.14	6.22	
1232.0	65.0	11.0	11.0	14.78	7.61	10.27	8.91	8.09	8.53	15.7	15.69	8.96	8.16	16.25	
1233.0	89.0	14.0	14.0	11.16	7.05	9.67	12.98	7.63	6.49	10.24	12.29	9.09	11.06	9.16	
1234.0	84.0	12.0	12.0	16.12	17.43	8.23	12.45	6.39	8.44	11.3	14.35	7.93	13.95	15.5	
1235.0	97.0	9.0	9.0	7.31	12.08	13.71	9.41	14.09	11.09	15.2	12.82	13.77	9.9	9.59	
1236.0	28.0	8.0	8.0	11.94	13.25	7.86	11.51	7.8	7.33	12.91	12.12	13.62	14.15	10.3	
1237.0	64.0	4.0	4.0	9.46	15.74	15.32	10.31	7.17	9.56	8.05	6.8	6.98	14.55	12.36	
1238.0	84.0	12.0	12.0	7.27	10.21	12.66	14.48	11.34	11.28	16.27	17.01	14.27	12.46	11.61	
1239.0	66.0	12.0	12.0	6.94	9.17	9.93	7.34	8.18	12.32	15.49	10.62	14.54	6.29	6.71	
1240.0	51.0	2.0	2.0	6.82	7.89	17.2	17.58	11.65	11.59	9.22	13.03	14.8	9.72	12.16	
1241.0	70.0	11.0	11.0	15.59	15.48	17.62	11.16	10.0	15.39	9.86	7.51	6.7	14.08	17.95	
1242.0	83.0	5.0	5.0	14.88	11.28	15.92	14.43	7.96	16.29	12.34	10.83	16.46	12.58	15.63	
1243.0	93.0	4.0	4.0	13.26	12.35	12.55	8.19	9.35	12.3	15.05	10.69	11.54	15.69	9.61	
1244.0	43.0	13.0	13.0	16.76	6.4	17.64	17.0	6.75	9.45	13.17	13.07	10.19	15.87	8.79	
1245.0	46.0	14.0	14.0	17.58	15.02	9.27	8.49	15.58	8.85	7.09	12.27	13.93	9.87	12.91	
1246.0	23.0	7.0	7.0	10.66	7.91	16.47	17.4	12.73	11.97	8.43	13.91	8.38	11.47	10.35	
1247.0	54.0	10.0	10.0	13.27	14.22	12.58	7.03	17.61	15.7	11.91	10.81	17.82	11.3	7.97	
1248.0	97.0	9.0	9.0	14.91	7.94	17.92	6.93	15.97	14.81	10.33	12.72	13.67	16.9	9.42	
1249.0	60.0	3.0	3.0	14.45	12.76	9.34	6.86	9.17	16.41	11.27	17.06	13.08	14.38	6.89	
1250.0	84.0	12.0	12.0	9.9	11.17	16.84	8.3	9.42	17.85	17.4	8.52	6.96	8.07	8.9	
1251.0	85.0	3.0	3.0	10.99	9.6	10.7	13.27	9.97	13.73	8.94	17.77	6.45	11.27	15.62	
1252.0	97.0	9.0	9.0	12.75	12.53	15.63	6.14	11.51	9.11	13.2	15.21	12.85	16.3	17.8	
1253.0	82.0	6.0	6.0	13.8	6.18	15.55	16.62	15.83	14.76	15.12	14.25	13.01	14.58	14.91976573953067	
1254.0	97.0	9.0	9.0	7.37	11.72	17.88	10.96	10.99	7.8	16.9	13.23	14.62	17.29	13.93	
1255.0	84.0	12.0	12.0	6.09	17.63	16.99	6.55	11.6	10.92	9.6	12.68	7.61	8.61	8.15	
1256.0	86.0	15.0	15.0	8.58	11.93	17.19	10.14	9.19	6.7	12.48	16.13	12.04	7.98	14.79	
1257.0	93.0	4.0	4.0	11.94	12.92	15.28	8.41	10.32	17.53	16.27	8.22	16.56	14.24	6.97	
1258.0	86.0	15.0	15.0	10.57	8.93	15.22	7.15	10.35	7.6	12.96	13.24	6.15	8.77	10.94	
1259.0	90.0	4.0	4.0	17.81	12.9	15.85	16.79	16.58	8.76	13.75	6.83	6.78	16.96	11.12	
1260.0	27.0	13.0	13.0	6.96	16.76	11.74	12.73	15.93	6.11	11.89	13.59	11.39	7.9	14.87	
1261.0	56.0	13.0	13.0	7.63	11.49	11.21	12.93	8.86	17.51	7.98	14.19	9.27	7.77	14.12	
1262.0	88.0	4.0	4.0	14.88	17.43	7.62	15.74	10.75	13.43	10.17	9.39	12.78	16.08	6.02	
1263.0	100.0	14.0	14.0	17.21	6.72	9.0	6.47	7.22	12.48	12.01	14.67	6.26	12.72	8.82	
1264.0	99.0	12.0	12.0	14.85	15.27	7.95	12.17	10.1	9.72	10.11	13.6	8.05	9.15	9.41	
1265.0	47.0	15.0	15.0	9.18	7.1	13.34	11.76	8.99	6.72	7.67	14.22	10.02	13.71	17.29	
1266.0	27.0	13.0	13.0	8.71	16.65	8.95	6.09	8.2	16.41	8.4	15.93	15.17	11.37	14.75	
1267.0	52.0	4.0	4.0	7.04	8.53	7.2	8.59	13.61	11.32	12.79	17.68	17.47	11.18	13.46	
1268.0	79.0	7.0	7.0	17.44	17.75	14.55	6.93	13.54	13.74	15.87	14.68	10.27	8.95	11.32	
1269.0	85.0	3.0	3.0	9.98	15.12	14.95	8.79	17.04	10.18	14.62	7.85	13.63	14.26	7.33	
1270.0	42.0	4.0	4.0	15.48	8.98	14.91	17.98	10.86	11.59	7.94	17.2	7.12	15.64	6.78	
1271.0	62.0	7.0	7.0	15.14	10.08	13.49	10.63	16.9	11.53	14.16	12.54	14.05	12.44	10.63	
1272.0	92.0	10.0	10.0	15.39	8.32	12.88	17.06	15.82	12.11	6.37	15.76	13.04	12.71	6.6	
1273.0	75.0	8.0	8.0	15.87	12.31	6.93	8.42	16.54	7.95	14.4	9.79	13.29	7.92	6.97	
1274.0	55.0	6.0	6.0	13.7	11.33	8.39	11.36	13.19	9.27	6.33	10.77	14.96	8.85	16.28	
1275.0	97.0	9.0	9.0	11.76	6.49	10.53	16.38	17.59	14.0	9.77	10.12	8.15	13.64	6.85	
1276.0	73.0	13.0	13.0	13.31	14.56	12.84	16.03	12.22	7.04	13.61	12.8	17.66	11.58	6.42	
1277.0	78.0	8.0	8.0	12.53	9.42	13.72	17.86	10.75	13.97	14.76	17.57	6.44	11.04	17.56	
1278.0	47.0	15.0	15.0	14.86	8.05	14.41	8.14	12.95	14.2	15.81	12.09	9.21	10.66	10.74	
1279.0	52.0	4.0	4.0	14.57	8.26	13.87	9.98	14.42	14.86	12.6	11.01	17.72	8.28	10.26	
1280.0	53.0	12.0	12.0	13.41	7.69	12.65	8.77	10.54	15.58	12.53	14.16	8.61	13.16	6.43	
1281.0	81.0	3.0	3.0	16.75	16.38	11.33	8.43	6.85	13.43	16.62	12.73	11.75	13.27	11.65	
1282.0	97.0	9.0	9.0	6.96	14.95	6.03	9.63	8.38	13.76	10.1	14.37	13.44	10.71	15.85	
1283.0	99.0	12.0	12.0	11.49	9.43	10.11	7.0	13.29	13.53	12.38	11.01	10.12	17.11	16.44	
1284.0	61.0	12.0	12.0	13.44	6.78	7.73	6.15	14.73	15.55	9.53	13.19	6.84	8.15	17.6	
1285.0	81.0	3.0	3.0	17.98	10.64	13.07	11.3	12.24	14.77	7.96	16.99	9.13	9.05	8.83	
1286.0	82.0	6.0	6.0	16.27	6.88	11.0	15.92	16.06	7.73	14.66	13.8	17.91	13.26	9.49	
1287.0	61.0	12.0	12.0	6.63	7.19	12.39	6.75	11.84	10.13	12.89	13.4	8.07	14.86	7.98	
1288.0	26.0	1.0	1.0	14.93	8.05	17.71	11.23	16.4	10.18	7.69	6.22	17.66	8.7	17.99	
1289.0	99.0	12.0	12.0	12.07	7.33	15.51	14.73	10.5	12.01	8.93	11.01	13.43	12.98	13.08	
1290.0	61.0	12.0	12.0	13.66	9.39	8.53	6.49	8.69	17.45	16.58	15.16	17.64	16.11	14.49	
1291.0	46.0	14.0	14.0	12.44	7.68	15.34	16.54	15.22	11.09	7.12	12.14	17.01	6.2	14.9	
1292.0	100.0	14.0	14.0	17.75	17.59	16.46	7.52	7.32	13.18	11.16	13.06	16.82	11.18	16.99	
1293.0	52.0	4.0	4.0	6.39	14.45	6.43	12.91	7.9	15.86	14.33	15.33	13.21	9.02	14.98	
1294.0	81.0	3.0	3.0	6.27	6.04	11.93	10.87	8.17	10.7	12.75	11.08	10.53	7.39	15.19	
1295.0	75.0	8.0	8.0	14.48	15.6	9.02	6.94	15.8	14.16	17.24	6.77	15.03	15.59	13.39	
1296.0	87.0	5.0	5.0	9.55	11.27	9.46	13.35	10.77	17.81	8.58	11.42	17.62	16.92	17.13	
1297.0	89.0	14.0	14.0	11.69	15.84	12.3	14.73	9.79	14.34	14.3	15.2	6.56	14.76	13.93	
1298.0	99.0	12.0	12.0	11.79	11.42	8.8	15.98	9.23	17.02	16.09	9.08	9.84	12.52	10.06	
1299.0	28.0	8.0	8.0	17.75	13.23	14.49	10.06	15.43	15.09	12.14	7.88	13.17	13.06	8.71	
1300.0	51.0	2.0	2.0	11.3	6.97	6.14	12.34	17.01	15.24	10.19	10.3	6.47	15.39	7.67	
1301.0	82.0	6.0	6.0	7.82	17.4	14.24	6.82	17.51	12.41	11.83	16.77	11.04	13.27	17.02	
1302.0	58.0	11.0	11.0	10.87	12.47	10.32	9.22	14.03	13.08	11.33	10.47	14.03	13.5	10.54	
1303.0	67.0	3.0	3.0	15.48	17.12	8.97	17.25	9.15	8.64	15.53	17.05	11.43	14.92	10.78	
1304.0	22.0	6.0	6.0	8.83	6.59	8.09	13.98	13.93	14.82	16.94	16.74	11.94	15.62	8.85	
1305.0	87.0	5.0	5.0	13.48	8.54	16.82	11.69	7.14	16.97	10.49	17.03	11.45	12.2	10.13	
1306.0	91.0	9.0	9.0	10.31	15.97	14.66	13.42	9.63	7.69	7.88	6.25	16.92	11.39	16.05	
1307.0	86.0	15.0	15.0	9.74	11.97	17.27	12.01	13.31	16.18	9.64	9.09	9.42	7.42	14.53	
1308.0	87.0	5.0	5.0	15.63	10.14	11.87	9.29	11.21	6.8	14.01	7.25	15.13	13.36	8.82	
1309.0	40.0	11.0	11.0	7.92	15.88	7.1	14.65	16.79	7.49	9.81	15.49	14.02	8.87	11.36	
1310.0	91.0	9.0	9.0	13.62	12.28	13.2	17.06	9.34	17.7	13.09	9.93	10.52	14.05	14.94	
1311.0	61.0	12.0	12.0	9.99	11.69	7.65	13.07	17.62	17.99	13.15	13.27	14.67	14.47	17.42	
1312.0	86.0	15.0	15.0	16.28	14.25	7.06	9.32	11.18	17.59	11.12	7.79	12.22	6.76	8.03	
1313.0	99.0	12.0	12.0	15.07	10.42	17.06	6.36	17.91	17.3	9.34	6.44	7.93	8.3	17.39	
1314.0	55.0	6.0	6.0	6.14	7.75	9.73	12.65	15.64	7.98	13.3	12.79	12.83	13.97	13.34	
1315.0	63.0	15.0	15.0	15.87	14.22	11.31	9.32	7.54	9.87	12.94	10.03	9.46	15.76	15.6	
1316.0	21.0	9.0	9.0	10.23	9.07	7.31	15.16	16.16	15.26	11.65	9.98	9.2	8.61	8.82	
1317.0	94.0	13.0	13.0	9.03	9.26	9.85	14.35	7.55	9.23	14.04	13.25	10.39	13.92	12.51	
1318.0	97.0	9.0	9.0	10.83	7.67	13.15	12.35	14.41	12.19	6.14	14.17	15.85	8.69	7.58	
1319.0	73.0	13.0	13.0	12.65	17.66	16.05	15.48	10.52	14.81	8.43	16.8	6.1	15.19	11.33	
1320.0	51.0	2.0	2.0	12.45	14.57	11.0	16.82	11.55	7.43	6.29	7.91	14.41	9.41	12.08	
1321.0	84.0	12.0	12.0	13.78	8.4	8.33	9.7	17.16	10.19	12.27	14.44	12.2	13.63	8.18	
1322.0	91.0	9.0	9.0	13.83	16.05	9.94	15.72	7.08	11.15	17.5	15.8	9.3	15.45	6.83	
1323.0	75.0	8.0	8.0	8.64	12.99	11.87	7.96	8.02	10.12	7.18	13.43	15.38	11.29	15.89	
1324.0	43.0	13.0	13.0	10.71	17.41	15.45	17.91	15.61	11.0	13.06	9.67	14.89	6.02	16.39	
1325.0	70.0	11.0	11.0	16.15	11.28	6.56	16.74	17.27	11.2	16.9	15.55	13.56	11.16	7.25	
1326.0	51.0	2.0	2.0	7.58	16.95	8.07	12.18	9.0	12.9	8.81	16.64	6.35	17.85	6.97	
1327.0	32.0	14.0	14.0	15.37	9.05	15.7	17.62	15.56	9.66	12.41	16.02	6.59	8.62	15.29	
1328.0	38.0	5.0	5.0	6.49	14.62	14.88	15.1	10.48	14.01	14.13	17.91	17.06	7.62	16.28	
1329.0	58.0	11.0	11.0	16.09	10.71	17.69	16.54	8.46	12.84	11.46	14.26	11.9	16.51	9.97	
1330.0	73.0	13.0	13.0	11.17	8.51	16.11	13.39	11.11	12.03	6.9	12.35	17.43	15.61	11.9	
1331.0	75.0	8.0	8.0	6.37	12.66	13.94	7.25	13.73	14.45	14.6	12.04	7.97	15.73	14.39	
1332.0	68.0	5.0	5.0	14.19	12.96	14.14	8.61	11.22	15.75	14.17	17.43	13.19	6.88	10.08	
1333.0	96.0	15.0	15.0	9.24	8.05	16.5	6.74	10.35	14.33	17.9	13.47	6.45	16.93	17.64	
1334.0	97.0	9.0	9.0	14.28	7.47	10.85	12.25	11.62	9.6	8.54	14.6	14.26	10.31	9.25	
1335.0	69.0	12.0	12.0	6.58	6.25	6.2	14.88	17.76	9.53	14.35	6.11	12.11	14.4	6.19	
1336.0	87.0	5.0	5.0	8.2	10.09	12.25	7.38	11.04	11.88	10.71	6.96	10.74	11.94	8.41	
1337.0	98.0	15.0	15.0	7.0	6.02	12.95	12.61	10.4	7.78	8.49	12.69	17.03	16.17	13.02	
1338.0	68.0	5.0	5.0	7.78	11.09	16.26	17.89	17.28	7.4	10.88	15.37	14.25	8.98	16.57	
1339.0	48.0	13.0	13.0	9.78	6.39	16.82	8.63	7.13	6.99	8.39	16.51	16.28	9.2	12.84	
1340.0	98.0	15.0	15.0	13.32	16.32	16.95	13.6	8.35	10.49	7.82	14.42	7.16	14.14	12.98	
1341.0	56.0	13.0	13.0	14.13	7.26	13.41	16.68	9.19	8.05	17.44	14.61	16.53	6.55	13.86	
1342.0	98.0	15.0	15.0	12.2	10.66	15.39	7.98	9.13	12.29	14.33	8.53	9.8	8.59	9.8	
1343.0	99.0	12.0	12.0	14.61	8.98	9.02	15.72	15.92	12.2	11.12	15.56	16.79	11.56	15.91	
1344.0	48.0	13.0	13.0	15.05	6.22	10.06	17.44	16.42	13.16	12.33	13.44	9.87	9.65	8.12	
1345.0	90.0	4.0	4.0	6.45	6.85	14.5	15.36	15.24	9.57	7.55	6.08	11.12	14.19	8.38	
1346.0	100.0	14.0	14.0	9.82	11.47	17.84	9.08	13.38	14.62	13.5	14.66	9.84	15.54	6.97	
1347.0	95.0	8.0	8.0	9.45	10.23	15.1	8.0	11.76	7.14	17.53	17.35	8.3	6.04	7.59	
1348.0	87.0	5.0	5.0	17.23	16.4	7.54	12.31	7.32	10.46	14.07	6.88	7.74	11.9	13.07	
1349.0	40.0	11.0	11.0	6.85	11.9	16.51	7.79	11.36	10.73	8.72	11.04	8.99	6.89	9.96	
1350.0	42.0	4.0	4.0	16.72	14.7	12.46	6.49	12.76	17.59	17.43	15.01	8.89	17.98	15.527450549411316	
1351.0	45.0	5.0	5.0	11.3	8.79	17.33	10.5	14.55	9.8	7.71	13.98	16.82	9.3	17.45	
1352.0	65.0	11.0	11.0	8.5	9.99	13.37	17.42	7.42	8.42	16.35	14.04	6.74	15.56	7.58	
1353.0	52.0	4.0	4.0	14.61	12.51	16.98	17.45	12.4	11.11	8.57	17.83	14.07	13.87	7.922207592070533	
1354.0	86.0	15.0	15.0	15.2	9.17	15.15	14.06	14.89	12.62	11.37	9.33	9.81	6.78	8.42	
1355.0	93.0	4.0	4.0	8.97	12.12	12.46	8.12	16.3	14.29	10.8	6.91	12.69	9.82	16.05	
1356.0	99.0	12.0	12.0	7.51	17.33	16.29	11.41	10.41	6.65	10.14	16.14	16.33	13.01	17.76	
1357.0	43.0	13.0	13.0	16.27	11.78	15.58	8.56	8.48	10.9	14.59	7.6	10.43	17.34	11.39	
1358.0	91.0	9.0	9.0	14.75	8.45	17.97	7.66	10.24	14.1	17.85	15.54	13.72	12.59	8.33	
1359.0	73.0	13.0	13.0	6.63	17.22	14.29	10.39	11.78	12.91	12.25	13.61	9.08	6.21	9.43	
1360.0	26.0	1.0	1.0	10.4	11.33	17.52	14.86	9.99	11.55	9.46	13.64	16.18	7.06	7.98	
1361.0	56.0	13.0	13.0	11.95	10.65	16.44	9.14	8.25	17.84	16.36	6.57	6.03	6.54	15.37	
1362.0	100.0	14.0	14.0	14.17	12.77	8.86	10.38	12.4	8.24	17.75	12.14	7.84	12.55	6.26	
1363.0	98.0	15.0	15.0	12.1	17.23	14.26	14.52	12.63	7.53	16.27	14.45	7.61	9.49	13.42	
1364.0	83.0	5.0	5.0	9.6	13.27	8.74	16.43	16.11	9.2	11.86	8.5	11.66	6.22	6.53	
1365.0	92.0	10.0	10.0	12.36	9.62	10.11	10.36	10.26	17.52	12.33	16.12	7.35	16.89	9.19	
1366.0	93.0	4.0	4.0	16.71	15.61	7.79	15.94	8.73	6.95	9.46	17.2	8.86	11.48	11.5	
1367.0	52.0	4.0	4.0	17.2	16.49	7.5	8.45	8.77	6.79	8.33	10.16	9.76	6.05	6.84	
1368.0	39.0	14.0	14.0	9.66	8.95	17.28	15.31	11.84	12.64	7.47	13.01	9.17	9.51	17.45	
1369.0	70.0	11.0	11.0	16.35	12.98	9.11	7.01	16.53	11.9	9.64	11.66	13.6	9.65	16.38	
1370.0	27.0	13.0	13.0	10.42	12.69	16.06	7.34	14.08	6.54	7.62	12.67	11.92	6.74	7.33	
1371.0	29.0	2.0	2.0	8.69	11.47	13.78	17.97	9.78	7.34	13.65	12.78	6.82	10.21	8.48	
1372.0	33.0	14.0	14.0	6.9	17.45	13.34	11.53	9.37	16.07	12.97	7.75	8.27	17.59	14.31	
1373.0	35.0	10.0	10.0	10.47	11.89	8.82	7.86	6.21	16.28	7.09	15.89	15.91	6.08	10.57	
1374.0	37.0	5.0	5.0	9.89	9.89	8.97	6.75	8.12	14.33	11.44	17.24	14.12	17.96	9.76	
1375.0	40.0	11.0	11.0	15.24	6.11	10.95	17.03	16.63	11.3	14.48	9.98	14.76	12.56	11.74	
1376.0	91.0	9.0	9.0	16.64	14.67	15.81	10.03	8.18	16.35	15.22	12.79	8.28	11.63	6.92	
1377.0	82.0	6.0	6.0	7.21	6.66	12.54	6.74	11.59	13.62	17.05	10.3	14.93	15.55	8.11	
1378.0	30.0	14.0	14.0	16.09	15.45	15.3	8.76	9.94	11.48	13.26	15.49	13.78	11.15	10.3	
1379.0	34.0	14.0	14.0	6.78	14.83	10.17	9.84	8.98	15.36	14.63	10.8	17.94	7.42	16.12	
1380.0	88.0	4.0	4.0	8.34	16.8	6.37	8.11	16.17	7.31	17.67	7.84	6.63	17.85	14.39	
1381.0	39.0	14.0	14.0	15.49	8.44	12.29	12.31	15.95	11.47	12.94	14.55	7.77	14.96	12.17	
1382.0	22.0	6.0	6.0	12.0	16.52	7.38	9.75	9.86	14.72	15.61	13.07	14.49	10.74	14.87	
1383.0	76.0	6.0	6.0	11.41	11.16	14.15	6.11	14.27	17.02	12.32	6.72	9.74	14.17	8.64	
1384.0	92.0	10.0	10.0	13.96	11.72	15.82	13.2	12.39	10.42	13.53	12.03	11.26	14.49	7.74	
1385.0	30.0	14.0	14.0	6.49	16.23	9.1	7.49	9.06	14.07	12.4	17.6	17.41	9.01	13.01	
1386.0	34.0	14.0	14.0	10.57	17.6	17.11	11.56	17.49	11.32	11.9	14.77	17.13	13.99	11.380789967112293	
1387.0	30.0	14.0	14.0	6.91	9.08	12.74	8.57	14.5	12.44	7.97	8.35	9.73	13.87	8.52	
1388.0	67.0	3.0	3.0	9.92	15.24	10.43	15.35	10.06	11.8	12.15	7.67	10.63	14.95	11.4	
1389.0	97.0	9.0	9.0	8.31	7.54	15.14	10.52	12.98	6.32	11.18	9.29	8.94	6.92	17.37	
1390.0	71.0	11.0	11.0	10.48	8.72	14.26	12.62	11.01	10.82	11.01	14.5	10.87	7.84	17.17	
1391.0	82.0	6.0	6.0	16.89	8.02	8.82	6.53	13.78	8.13	17.94	11.56	10.34	17.69	9.48	
1392.0	89.0	14.0	14.0	14.83	7.13	11.97	9.72	15.81	11.69	10.34	7.68	8.8	6.31	8.47	
1393.0	81.0	3.0	3.0	15.6	16.5	11.24	13.11	9.12	14.1	15.04	12.47	12.46	17.12	14.73	
1394.0	81.0	3.0	3.0	17.17	11.56	7.18	9.7	7.51	7.58	13.24	11.45	7.01	8.53	15.9	
1395.0	96.0	15.0	15.0	15.95	9.36	9.7	10.06	10.64	10.98	12.54	17.35	7.41	17.92	11.51	
1396.0	83.0	5.0	5.0	12.83	13.69	14.87	9.39	11.76	17.98	11.88	7.06	7.47	14.82	6.61	
1397.0	26.0	1.0	1.0	9.18	8.53	17.98	13.74	6.29	9.02	16.96	7.13	17.6	13.97	8.86	
1398.0	84.0	12.0	12.0	7.3	16.45	9.8	16.95	8.12	8.93	8.23	12.62	10.59	7.17	10.89	
1399.0	98.0	15.0	15.0	10.06	9.71	16.45	15.06	11.48	16.74	9.93	8.19	8.61	15.2	14.82	
1400.0	68.0	5.0	5.0	13.43	12.84	14.1	6.03	17.54	14.38	6.18	17.02	11.41	16.91	11.91	
1401.0	24.0	14.0	14.0	10.09	13.22	13.74	12.44	11.05	16.07	7.48	13.05	14.62	16.05	8.67	
1402.0	23.0	7.0	7.0	9.96	7.84	11.41	15.8	10.27	15.17	10.66	17.88	9.65	17.22	9.02	
1403.0	25.0	12.0	12.0	11.39	15.49	16.23	14.81	10.53	15.8	12.82	16.39	7.46	9.38	6.77	
1404.0	82.0	6.0	6.0	11.92	10.77	16.51	9.45	9.96	15.15	16.79	7.4	11.86	8.19	6.59	
1405.0	98.0	15.0	15.0	9.55	13.76	10.94	8.62	8.79	17.51	11.15	6.46	14.1	6.71	8.38	
1406.0	89.0	14.0	14.0	13.67	6.81	10.98	6.32	6.88	6.5	10.58	7.42	12.8	9.47	11.55	
1407.0	68.0	5.0	5.0	11.18	8.74	7.25	11.31	15.83	13.97	13.26	7.76	14.14	13.81	6.17	
1408.0	40.0	11.0	11.0	16.55	8.57	12.47	7.27	15.02	6.29	14.68	6.25	15.45	8.22	17.99	
1409.0	61.0	12.0	12.0	6.31	9.5	9.87	11.79	16.05	13.46	9.88	17.73	16.86	14.8	11.11	
1410.0	92.0	10.0	10.0	8.97	16.82	11.64	6.15	7.0	15.6	6.63	12.38	17.03	9.17	7.18	
1411.0	95.0	8.0	8.0	12.18	9.46	6.57	6.25	11.53	16.1	12.13	10.26	12.12	17.43	7.02	
1412.0	41.0	15.0	15.0	17.15	7.34	9.43	13.0	6.67	15.56	8.35	15.33	15.69	15.37	6.96	
1413.0	97.0	9.0	9.0	13.53	6.68	16.03	14.87	15.68	16.9	15.9	14.0	7.42	12.03	17.81	
1414.0	81.0	3.0	3.0	16.92	8.2	13.96	15.86	13.01	10.53	14.23	13.21	7.15	6.01	17.36	
1415.0	23.0	7.0	7.0	15.15	13.67	13.86	7.24	7.19	10.67	6.18	14.64	8.99	11.7	14.99	
1416.0	70.0	11.0	11.0	10.12	6.3	7.02	15.39	12.31	14.51	10.97	10.67	9.62	10.18	11.01	
1417.0	27.0	13.0	13.0	7.91	14.63	6.49	12.2	9.14	7.16	17.02	7.05	12.71	15.37	16.33	
1418.0	95.0	8.0	8.0	8.96	14.99	6.29	14.29	17.29	10.64	10.31	15.22	17.32	10.76	10.97	
1419.0	94.0	13.0	13.0	7.73	12.16	11.75	15.22	10.74	7.3	8.73	7.69	7.27	7.18	11.17	
1420.0	37.0	5.0	5.0	13.5	14.29	12.55	10.94	12.56	10.34	17.28	13.87	16.5	15.01	11.76	
1421.0	39.0	14.0	14.0	17.47	8.63	13.35	8.65	14.21	12.3	17.91	13.52	14.53	8.22	15.02	
1422.0	91.0	9.0	9.0	14.65	7.17	8.36	15.45	7.78	13.53	7.57	6.21	13.93	11.19	10.37	
1423.0	25.0	12.0	12.0	12.96	13.17	6.36	13.64	10.13	8.58	7.86	8.36	13.37	12.12	10.56	
1424.0	72.0	11.0	11.0	11.15	14.65	7.15	17.92	7.89	6.88	10.6	8.12	17.9	8.57	11.62	
1425.0	99.0	12.0	12.0	6.8	12.04	12.63	15.13	7.97	16.01	11.23	11.97	14.23	13.35	7.05	
1426.0	34.0	14.0	14.0	10.78	15.71	17.69	10.13	9.09	7.7	10.67	8.39	16.16	8.53	15.59	
1427.0	38.0	5.0	5.0	13.49	10.25	17.98	13.1	13.86	9.77	14.94	9.66	13.22	17.42	9.25	
1428.0	64.0	4.0	4.0	16.22	11.21	6.07	8.99	14.33	11.89	13.54	12.1	7.63	14.05	10.92	
1429.0	95.0	8.0	8.0	6.28	12.41	13.6	12.68	9.45	15.07	11.69	15.0	8.64	10.58	10.91	
1430.0	89.0	14.0	14.0	8.92	7.04	10.14	15.02	12.19	7.21	8.4	13.32	16.36	11.74	8.34	
1431.0	80.0	3.0	3.0	6.18	11.9	13.69	10.6	9.14	8.63	16.84	13.07	12.31	13.72	13.39	
1432.0	88.0	4.0	4.0	8.79	17.5	7.26	17.95	15.21	13.24	16.94	11.98	17.7	15.31	2.479136378143753	
1433.0	94.0	13.0	13.0	7.52	9.31	12.89	8.56	11.49	15.41	11.81	8.77	13.74	14.12	6.56	
1434.0	94.0	13.0	13.0	13.87	15.76	14.66	7.95	10.64	15.14	6.55	9.63	11.99	6.13	7.25	
1435.0	87.0	5.0	5.0	11.5	15.22	10.96	10.26	12.63	16.23	12.38	13.5	14.29	10.35	16.83	
1436.0	90.0	4.0	4.0	11.56	15.65	8.05	7.65	13.84	17.82	9.91	7.14	13.6	17.03	11.74	
1437.0	97.0	9.0	9.0	7.26	6.54	11.06	8.63	7.48	9.11	7.18	11.87	7.82	8.13	11.53	
1438.0	85.0	3.0	3.0	6.01	6.36	12.17	10.47	14.92	12.73	8.38	8.2	6.52	13.02	13.62	
1439.0	83.0	5.0	5.0	15.63	10.88	11.37	7.06	7.14	11.66	10.09	11.07	7.57	14.0	13.59	
1440.0	89.0	14.0	14.0	15.47	10.47	10.25	13.46	15.52	14.4	13.66	11.62	13.22	12.43	9.63	
1441.0	77.0	8.0	8.0	6.77	17.45	16.86	14.9	14.83	10.92	7.14	16.33	11.12	13.55	6.64	
1442.0	65.0	11.0	11.0	15.9	16.77	7.37	11.68	11.66	13.34	6.06	13.15	13.45	17.84	15.92	
1443.0	94.0	13.0	13.0	7.41	12.78	8.14	15.48	6.62	7.78	14.82	6.58	14.27	10.58	7.03	
1444.0	62.0	7.0	7.0	14.96	17.62	7.47	9.52	11.43	10.02	6.17	6.6	16.31	9.35	8.36	
1445.0	83.0	5.0	5.0	6.29	11.53	7.11	9.5	6.58	8.18	7.28	8.24	6.28	6.25	15.88	
1446.0	47.0	15.0	15.0	9.33	17.32	6.77	9.07	8.03	14.25	8.75	11.11	15.3	14.53	12.29	
1447.0	95.0	8.0	8.0	14.45	7.17	11.59	11.92	6.92	16.03	17.88	17.79	12.56	6.1	9.83	
1448.0	52.0	4.0	4.0	7.41	16.56	16.55	14.91	17.0	8.9	13.85	7.39	16.78	14.64	10.65	
1449.0	32.0	14.0	14.0	10.49	16.35	14.01	12.75	8.61	11.17	14.47	10.47	10.25	16.37	16.21	
1450.0	54.0	10.0	10.0	13.51	12.32	8.55	6.69	13.29	12.62	9.91	11.28	15.22	16.4	10.58	
1451.0	81.0	3.0	3.0	12.2	9.88	8.17	10.05	17.69	11.62	6.15	7.02	9.5	15.09	6.62	
1452.0	95.0	8.0	8.0	8.87	10.48	17.17	16.89	8.55	11.28	12.39	7.17	8.43	17.22	15.86	
1453.0	35.0	10.0	10.0	12.35	6.97	12.2	13.62	15.57	13.95	6.26	17.32	13.44	7.5	17.38	
1454.0	93.0	4.0	4.0	14.54	12.96	8.47	16.94	10.91	12.56	10.1	15.59	15.4	7.5	15.38	
1455.0	97.0	9.0	9.0	17.44	8.16	17.92	12.73	7.95	8.15	13.43	14.1	17.12	6.56	9.49	
1456.0	89.0	14.0	14.0	8.75	11.54	14.97	8.39	9.0	13.64	9.86	9.51	10.71	7.53	8.99	
1457.0	66.0	12.0	12.0	7.99	6.6	16.93	9.35	17.06	8.59	17.34	10.93	10.91	14.48	13.59	
1458.0	63.0	15.0	15.0	7.27	13.79	12.75	13.83	16.2	11.74	15.57	16.12	15.88	10.99	10.23	
1459.0	86.0	15.0	15.0	12.17	11.17	13.9	14.27	8.99	16.99	12.99	13.7	12.12	11.71	8.91	
1460.0	60.0	3.0	3.0	15.78	15.42	8.16	7.59	11.41	11.98	12.6	10.43	7.8	6.26	14.99	
1461.0	80.0	3.0	3.0	17.83	8.9	14.19	11.77	12.99	10.7	7.77	7.1	14.33	6.77	7.38	
1462.0	54.0	10.0	10.0	11.11	13.86	13.28	15.25	10.58	17.84	6.06	6.48	17.74	13.56	8.27	
1463.0	88.0	4.0	4.0	13.74	11.41	17.92	7.41	14.12	12.82	6.34	7.11	10.72	6.59	16.1	
1464.0	50.0	9.0	9.0	17.98	8.25	15.42	9.91	8.36	9.45	16.54	17.87	9.46	13.76	12.8	
1465.0	50.0	9.0	9.0	14.67	9.11	7.73	7.12	9.36	14.64	6.54	16.67	6.78	12.15	16.95	
1466.0	83.0	5.0	5.0	12.94	16.19	15.49	12.17	15.23	10.68	11.5	9.04	10.43	8.57	14.1	
1467.0	82.0	6.0	6.0	6.26	15.83	15.69	6.7	15.58	11.96	10.73	12.32	11.94	8.87	16.79	
1468.0	84.0	12.0	12.0	9.4	16.97	16.35	13.58	7.25	10.45	10.33	8.47	6.8	6.07	7.7	
1469.0	63.0	15.0	15.0	13.44	15.42	8.56	16.88	6.74	15.99	10.6	16.0	6.09	14.8	17.83	
1470.0	90.0	4.0	4.0	14.81	13.15	16.26	17.73	9.32	10.48	14.29	8.29	11.33	7.25	9.24	
1471.0	81.0	3.0	3.0	10.03	10.62	17.26	13.81	6.97	9.54	10.12	13.49	13.26	8.81	16.37	
1472.0	94.0	13.0	13.0	7.6	16.87	15.77	7.21	15.06	6.12	6.44	14.83	11.24	15.81	17.36	
1473.0	89.0	14.0	14.0	16.01	9.7	13.29	15.37	10.21	9.67	16.52	12.04	7.6	10.09	15.96	
1474.0	94.0	13.0	13.0	8.54	17.91	11.62	14.36	14.92	14.48	13.07	9.46	15.34	9.35	17.13	
1475.0	90.0	4.0	4.0	14.62	11.88	12.07	7.63	12.3	11.04	11.84	17.73	15.76	8.25	14.81	
1476.0	63.0	15.0	15.0	7.45	16.27	10.16	6.53	13.94	11.99	15.92	16.57	11.91	11.15	11.12	
1477.0	65.0	11.0	11.0	6.23	11.26	11.79	12.17	8.99	13.37	17.12	7.08	11.32	11.99	17.57	
1478.0	66.0	12.0	12.0	6.62	13.2	13.67	14.1	7.36	16.42	16.52	11.87	15.89	10.67	11.64	
1479.0	62.0	7.0	7.0	12.17	6.9	16.02	13.71	17.22	8.66	13.12	11.15	17.03	13.3	6.71	
1480.0	91.0	9.0	9.0	16.98	10.14	13.2	9.67	13.91	9.99	14.45	10.37	11.62	16.73	12.25	
1481.0	92.0	10.0	10.0	15.59	16.72	10.84	12.3	13.74	7.41	7.16	17.26	10.22	8.9	7.2	
1482.0	73.0	13.0	13.0	7.59	9.4	8.97	17.64	14.92	13.75	8.64	7.58	14.48	7.34	15.82	
1483.0	92.0	10.0	10.0	6.59	9.04	6.73	6.15	13.18	11.56	7.58	7.61	16.72	15.66	9.75	
1484.0	93.0	4.0	4.0	16.44	7.17	13.11	17.33	10.81	15.51	14.9	9.78	8.74	8.84	11.08	
1485.0	69.0	12.0	12.0	11.14	8.78	10.3	8.37	10.56	16.62	10.89	12.29	10.5	7.12	9.74	
1486.0	70.0	11.0	11.0	6.41	14.16	6.88	8.99	17.2	17.88	12.77	13.84	6.33	11.72	14.29	
1487.0	84.0	12.0	12.0	11.62	8.58	8.47	16.98	11.42	10.45	8.62	7.71	17.86	8.89	16.51	
1488.0	91.0	9.0	9.0	6.73	16.84	7.87	12.62	17.81	14.85	16.17	6.78	6.22	14.28	15.09	
1489.0	86.0	15.0	15.0	16.43	17.26	7.8	17.8	7.83	8.56	17.75	6.13	10.3	9.14	14.83	
1490.0	95.0	8.0	8.0	15.47	8.26	11.87	6.62	16.78	10.77	17.24	13.75	9.31	12.29	15.58	
1491.0	99.0	12.0	12.0	17.23	13.73	14.14	6.0	15.26	12.62	8.66	7.04	6.76	9.21	12.64	
1492.0	43.0	13.0	13.0	7.39	11.23	7.61	12.43	15.84	7.8	8.69	8.69	9.17	13.79	6.68	
1493.0	94.0	13.0	13.0	14.65	9.05	17.99	15.42	15.15	15.83	8.11	16.5	8.05	16.85	9.78	
1494.0	94.0	13.0	13.0	11.38	8.3	12.63	6.86	11.19	8.36	13.42	7.02	17.04	14.44	7.49	
1495.0	94.0	13.0	13.0	13.91	10.44	12.74	16.8	8.25	9.76	15.31	17.25	17.2	12.16	10.45	
1496.0	54.0	10.0	10.0	16.05	13.65	15.01	13.29	10.85	7.9	7.56	15.58	9.04	16.77	13.38	
1497.0	83.0	5.0	5.0	11.99	14.7	10.88	10.24	10.31	17.07	7.05	8.41	7.8	15.51	7.14	
1498.0	87.0	5.0	5.0	9.01	10.4	7.25	11.82	12.95	16.32	14.03	11.24	11.67	14.72	15.78	
1499.0	100.0	14.0	14.0	12.42	7.84	15.03	7.85	12.24	17.03	8.17	17.88	6.27	14.87	15.25	
1500.0	58.0	11.0	11.0	11.71	8.17	7.44	13.28	6.52	16.7	10.4	11.83	8.35	11.24	14.59	
1501.0	56.0	13.0	13.0	10.2	13.16	8.4	16.76	11.81	17.11	17.68	13.42	17.02	10.91	12.16	
1502.0	85.0	3.0	3.0	11.91	14.47	9.12	11.54	9.7	8.43	7.5	9.15	7.77	9.88	14.01	
1503.0	95.0	8.0	8.0	9.34	7.58	13.11	16.26	12.75	8.9	15.93	17.84	13.08	16.2	10.94	
1504.0	73.0	13.0	13.0	8.74	11.24	15.2	10.0	17.56	16.39	16.83	9.17	6.48	11.17	11.19	
1505.0	31.0	8.0	8.0	12.37	14.73	9.51	14.19	6.81	6.77	11.47	13.2	17.62	11.02	13.48	
1506.0	78.0	8.0	8.0	14.33	15.35	15.11	6.88	11.04	10.34	7.53	16.66	8.6	13.74	11.0	
1507.0	92.0	10.0	10.0	16.47	13.87	17.18	13.99	15.93	17.94	12.78	11.99	14.54	14.14	0.3718253435413712	
1508.0	66.0	12.0	12.0	13.54	15.7	10.42	13.4	12.7	17.06	8.04	9.86	12.81	12.93	8.93	
1509.0	76.0	6.0	6.0	7.31	17.45	9.53	10.98	13.7	6.38	16.71	9.65	15.53	7.63	17.92	
1510.0	86.0	15.0	15.0	9.1	6.7	8.07	10.04	10.57	10.15	13.2	12.98	7.6	13.56	11.61	
1511.0	94.0	13.0	13.0	9.2	11.12	17.2	14.51	10.67	14.88	10.72	15.33	9.74	17.86	12.63	
1512.0	98.0	15.0	15.0	9.84	13.49	16.43	13.28	13.27	12.29	13.68	17.48	10.0	13.14	11.51	
1513.0	64.0	4.0	4.0	10.39	15.72	8.01	14.64	17.67	6.11	9.69	16.72	11.29	17.12	6.5	
1514.0	97.0	9.0	9.0	16.92	12.62	7.96	13.45	8.75	16.02	17.66	13.37	13.45	16.7	7.59	
1515.0	82.0	6.0	6.0	13.42	12.98	11.76	10.45	14.21	6.36	13.01	6.31	15.26	10.99	13.87	
1516.0	42.0	4.0	4.0	13.71	12.83	15.58	17.41	6.29	15.08	11.54	10.13	11.84	8.13	9.06	
1517.0	47.0	15.0	15.0	16.87	17.66	8.94	15.91	10.93	11.86	13.16	17.68	15.34	12.35	13.146687882906235	
1518.0	68.0	5.0	5.0	11.21	11.83	12.83	14.9	10.44	10.96	11.07	12.39	8.82	8.31	6.23	
1519.0	79.0	7.0	7.0	10.84	6.25	10.93	11.6	9.76	10.28	16.88	9.85	13.1	12.85	14.67	
1520.0	82.0	6.0	6.0	17.64	7.59	12.44	17.91	13.14	12.46	15.13	17.21	13.97	15.73	9.500595026223522	
1521.0	68.0	5.0	5.0	11.67	11.69	16.83	13.5	16.33	14.29	9.14	14.87	11.68	6.42	17.17	
1522.0	93.0	4.0	4.0	6.17	9.24	15.24	15.03	12.58	6.49	14.56	7.31	12.42	10.89	16.84	
1523.0	94.0	13.0	13.0	14.15	10.54	11.82	12.32	13.11	15.19	10.23	13.39	16.85	8.48	13.99	
1524.0	85.0	3.0	3.0	15.02	6.14	14.21	7.92	12.18	11.98	10.7	12.34	10.76	17.53	8.99	
1525.0	90.0	4.0	4.0	16.97	13.28	16.87	8.8	10.26	12.99	12.32	12.2	12.06	13.35	6.66	
1526.0	85.0	3.0	3.0	15.34	13.02	13.7	14.17	15.57	13.51	10.89	14.23	6.08	7.36	8.06	
1527.0	88.0	4.0	4.0	6.46	14.82	13.71	17.35	15.99	8.58	10.63	15.95	13.5	13.94	13.34	
1528.0	85.0	3.0	3.0	16.63	9.89	15.5	12.78	15.25	14.93	10.0	12.71	14.14	6.89	8.96	
1529.0	99.0	12.0	12.0	6.72	10.5	16.07	7.7	17.46	6.08	12.88	9.53	7.41	14.89	8.91	
1530.0	73.0	13.0	13.0	12.03	15.84	16.03	10.86	8.75	15.1	14.7	12.68	7.82	7.34	12.79	
1531.0	93.0	4.0	4.0	16.57	8.31	12.2	13.92	12.86	9.44	7.03	6.24	8.28	9.57	14.15	
1532.0	75.0	8.0	8.0	16.98	7.49	6.53	7.44	9.45	6.35	12.87	9.29	7.12	9.36	16.9	
1533.0	75.0	8.0	8.0	14.96	9.99	6.53	10.51	17.29	12.42	9.02	8.85	14.74	17.33	11.49	
1534.0	95.0	8.0	8.0	15.8	14.98	7.5	12.11	11.18	12.48	15.76	10.64	17.55	12.57	6.12	
1535.0	89.0	14.0	14.0	16.61	16.08	16.14	13.25	14.09	14.28	10.35	7.26	17.57	7.31	8.93	
1536.0	91.0	9.0	9.0	6.01	12.68	14.78	7.86	17.87	16.83	12.24	9.49	9.25	8.89	8.9	
=====================================================================================================================================================
number of non-local execution forkmean is 886
=====================================================================================================================================================
=====================================================================================================================================================
Reduce Status of job/thread name: wordcount after done (10 columns: reduce task #, amount of data to process, status(not_yet_started(0),running(1)/finished(2)), response time, start time, end time, latency, bin #, VM flavor #, PM #, Rack #)
=====================================================================================================================================================
1.0	6105.68	2.0	1395.0	1395.0	1637.0	242.0	96.0	5.0	15.0	3.0	
2.0	6126.12	2.0	1401.0	1401.0	1644.0	243.0	87.0	5.0	5.0	5.0	
3.0	6250.99	2.0	1402.0	1402.0	1649.0	247.0	85.0	5.0	3.0	5.0	
4.0	6261.64	2.0	1397.0	1397.0	1644.0	247.0	83.0	5.0	5.0	1.0	
5.0	6072.1	2.0	1397.0	1397.0	1638.0	241.0	65.0	4.0	11.0	2.0	
6.0	6159.28	2.0	1397.0	1397.0	1641.0	244.0	88.0	5.0	4.0	3.0	
7.0	6108.7	2.0	1399.0	1399.0	1641.0	242.0	96.0	5.0	15.0	3.0	
8.0	6150.44	2.0	1397.0	1397.0	1641.0	244.0	100.0	5.0	14.0	1.0	
9.0	6112.62	2.0	1396.0	1396.0	1638.0	242.0	81.0	5.0	3.0	4.0	
10.0	6169.12	2.0	1399.0	1399.0	1643.0	244.0	49.0	3.0	12.0	1.0	
11.0	6168.03	2.0	1398.0	1398.0	1642.0	244.0	81.0	5.0	3.0	4.0	
12.0	6130.99	2.0	1395.0	1395.0	1638.0	243.0	97.0	5.0	9.0	3.0	
13.0	6127.51	2.0	1399.0	1399.0	1642.0	243.0	85.0	5.0	3.0	5.0	
14.0	6167.23	2.0	1400.0	1400.0	1644.0	244.0	96.0	5.0	15.0	3.0	
15.0	6071.94	2.0	1400.0	1400.0	1641.0	241.0	72.0	4.0	11.0	2.0	
16.0	6047.77	2.0	1398.0	1398.0	1638.0	240.0	79.0	4.0	7.0	3.0	
17.0	6161.41	2.0	1399.0	1399.0	1643.0	244.0	78.0	4.0	8.0	1.0	
18.0	6082.47	2.0	1401.0	1401.0	1642.0	241.0	78.0	4.0	8.0	1.0	
19.0	6170.24	2.0	1400.0	1400.0	1644.0	244.0	92.0	5.0	10.0	4.0	
20.0	6244.33	2.0	1403.0	1403.0	1650.0	247.0	44.0	3.0	3.0	5.0	
=====================================================================================================================================================
Reduce Status of job/thread name: wordmean after done (10 columns: reduce task #, amount of data to process, status(not_yet_started(0),running(1)/finished(2)), response time, start time, end time, latency, bin #, VM flavor #, PM #, Rack #)
=====================================================================================================================================================
1.0	4079.18	2.0	1433.0	1433.0	1601.0	168.0	72.0	4.0	11.0	2.0	
2.0	4040.26	2.0	1444.0	1444.0	1611.0	167.0	66.0	4.0	12.0	5.0	
3.0	4115.75	2.0	1461.0	1461.0	1631.0	170.0	80.0	4.0	3.0	1.0	
4.0	4118.35	2.0	1456.0	1456.0	1626.0	170.0	31.0	2.0	8.0	1.0	
5.0	4104.67	2.0	1520.0	1520.0	1689.0	169.0	70.0	4.0	11.0	5.0	
6.0	4117.04	2.0	1421.0	1421.0	1591.0	170.0	57.0	3.0	14.0	3.0	
7.0	4115.91	2.0	1483.0	1483.0	1653.0	170.0	89.0	5.0	14.0	2.0	
8.0	4068.19	2.0	1451.0	1451.0	1619.0	168.0	29.0	2.0	2.0	5.0	
9.0	4058.68	2.0	1459.0	1459.0	1627.0	168.0	49.0	3.0	12.0	1.0	
10.0	4076.91	2.0	1500.0	1500.0	1668.0	168.0	71.0	4.0	11.0	3.0	
11.0	4166.46	2.0	1384.0	1384.0	1555.0	171.0	95.0	5.0	8.0	5.0	
12.0	4125.11	2.0	1417.0	1417.0	1587.0	170.0	99.0	5.0	12.0	3.0	
13.0	4004.69	2.0	1449.0	1449.0	1615.0	166.0	96.0	5.0	15.0	3.0	
14.0	4159.07	2.0	1419.0	1419.0	1590.0	171.0	74.0	4.0	1.0	3.0	
15.0	4065.26	2.0	1419.0	1419.0	1587.0	168.0	90.0	5.0	4.0	1.0	
=====================================================================================================================================================
Reduce Status of job/thread name: word std deviation after done (10 columns: reduce task #, amount of data to process, status(not_yet_started(0),running(1)/finished(2)), response time, start time, end time, latency, bin #, VM flavor #, PM #, Rack #)
=====================================================================================================================================================
1.0	14292.39	2.0	1433.0	1433.0	1939.0	506.0	96.0	5.0	15.0	3.0	
2.0	14470.79	2.0	1509.0	1509.0	2021.0	512.0	82.0	5.0	6.0	2.0	
3.0	14371.71	2.0	1482.0	1482.0	1991.0	509.0	45.0	3.0	5.0	4.0	
4.0	14451.48	2.0	1526.0	1526.0	2037.0	511.0	95.0	5.0	8.0	5.0	
5.0	14468.58	2.0	1462.0	1462.0	1974.0	512.0	90.0	5.0	4.0	1.0	
6.0	14450.71	2.0	1490.0	1490.0	2001.0	511.0	60.0	3.0	3.0	3.0	
7.0	14376.76	2.0	1433.0	1433.0	1942.0	509.0	93.0	5.0	4.0	5.0	
8.0	14389.76	2.0	1514.0	1514.0	2023.0	509.0	36.0	2.0	15.0	4.0	
9.0	14305.83	2.0	1464.0	1464.0	1970.0	506.0	35.0	2.0	10.0	5.0	
10.0	14326.68	2.0	1465.0	1465.0	1972.0	507.0	59.0	3.0	9.0	4.0	
11.0	14248.95	2.0	1444.0	1444.0	1948.0	504.0	62.0	4.0	7.0	4.0	
12.0	14325.46	2.0	1449.0	1449.0	1956.0	507.0	78.0	4.0	8.0	1.0	
13.0	14227.04	2.0	1449.0	1449.0	1953.0	504.0	87.0	5.0	5.0	5.0	
14.0	14364.0	2.0	1459.0	1459.0	1967.0	508.0	86.0	5.0	15.0	4.0	
15.0	14365.19	2.0	1446.0	1446.0	1954.0	508.0	84.0	5.0	12.0	2.0	
16.0	14410.41	2.0	1461.0	1461.0	1971.0	510.0	74.0	4.0	1.0	3.0	
17.0	14264.25	2.0	1502.0	1502.0	2007.0	505.0	85.0	5.0	3.0	5.0	
18.0	13938.74	2.0	1431.0	1431.0	1925.0	494.0	92.0	5.0	10.0	4.0	
=====================================================================================================================================================
Reduce Status of job/thread name: kmean after done (10 columns: reduce task #, amount of data to process, status(not_yet_started(0),running(1)/finished(2)), response time, start time, end time, latency, bin #, VM flavor #, PM #, Rack #)
=====================================================================================================================================================
1.0	18163.91	2.0	1563.0	1563.0	2228.0	665.0	72.0	4.0	11.0	2.0	
2.0	18506.03	2.0	1563.0	1563.0	2239.0	676.0	79.0	4.0	7.0	3.0	
3.0	18358.16	2.0	1563.0	1563.0	2234.0	671.0	46.0	3.0	14.0	3.0	
4.0	18173.77	2.0	1563.0	1563.0	2228.0	665.0	28.0	2.0	8.0	1.0	
5.0	18602.02	2.0	1563.0	1563.0	2243.0	680.0	40.0	2.0	11.0	3.0	
6.0	18480.78	2.0	1563.0	1563.0	2239.0	676.0	94.0	5.0	13.0	1.0	
7.0	18315.3	2.0	1563.0	1563.0	2233.0	670.0	60.0	3.0	3.0	3.0	
8.0	18392.12	2.0	1563.0	1563.0	2236.0	673.0	99.0	5.0	12.0	3.0	
9.0	18315.7	2.0	1563.0	1563.0	2233.0	670.0	24.0	2.0	14.0	4.0	
10.0	18100.11	2.0	1563.0	1563.0	2226.0	663.0	91.0	5.0	9.0	5.0	
