=====================================================================================================================================================
Map Status of job/thread name: wordcount  after done (10 columns: map task #,Local(0)/Non_local(1), status(not_yet_started(0),running(1)/finished(2)), response time, start time, end time, latency, bin #, VM flavor #, PM #, Rack #)
=====================================================================================================================================================
1.0	0.0	2.0	275.0	275.0	296.0	21.0	81.0	5.0	3.0	4.0	
2.0	0.0	2.0	275.0	275.0	296.0	21.0	84.0	5.0	12.0	2.0	
3.0	0.0	2.0	275.0	275.0	296.0	21.0	87.0	5.0	5.0	5.0	
4.0	0.0	2.0	275.0	275.0	296.0	21.0	90.0	5.0	4.0	1.0	
5.0	0.0	2.0	275.0	275.0	296.0	21.0	93.0	5.0	4.0	5.0	
6.0	0.0	2.0	275.0	275.0	296.0	21.0	96.0	5.0	15.0	3.0	
7.0	0.0	2.0	275.0	275.0	296.0	21.0	99.0	5.0	12.0	3.0	
8.0	0.0	2.0	275.0	275.0	296.0	21.0	82.0	5.0	6.0	2.0	
9.0	0.0	2.0	275.0	275.0	296.0	21.0	85.0	5.0	3.0	5.0	
10.0	0.0	2.0	275.0	275.0	296.0	21.0	88.0	5.0	4.0	3.0	
11.0	0.0	2.0	275.0	275.0	296.0	21.0	91.0	5.0	9.0	5.0	
12.0	0.0	2.0	275.0	275.0	296.0	21.0	94.0	5.0	13.0	1.0	
13.0	0.0	2.0	275.0	275.0	296.0	21.0	97.0	5.0	9.0	3.0	
14.0	0.0	2.0	275.0	275.0	296.0	21.0	100.0	5.0	14.0	1.0	
15.0	0.0	2.0	275.0	275.0	296.0	21.0	83.0	5.0	5.0	1.0	
16.0	0.0	2.0	275.0	275.0	296.0	21.0	86.0	5.0	15.0	4.0	
17.0	0.0	2.0	275.0	275.0	296.0	21.0	89.0	5.0	14.0	2.0	
18.0	0.0	2.0	275.0	275.0	296.0	21.0	92.0	5.0	10.0	4.0	
19.0	0.0	2.0	275.0	275.0	296.0	21.0	95.0	5.0	8.0	5.0	
20.0	0.0	2.0	275.0	275.0	296.0	21.0	98.0	5.0	15.0	2.0	
21.0	0.0	2.0	275.0	275.0	296.0	21.0	81.0	5.0	3.0	4.0	
22.0	0.0	2.0	275.0	275.0	296.0	21.0	84.0	5.0	12.0	2.0	
23.0	0.0	2.0	275.0	275.0	296.0	21.0	87.0	5.0	5.0	5.0	
24.0	0.0	2.0	275.0	275.0	296.0	21.0	90.0	5.0	4.0	1.0	
25.0	0.0	2.0	275.0	275.0	296.0	21.0	93.0	5.0	4.0	5.0	
26.0	0.0	2.0	275.0	275.0	296.0	21.0	96.0	5.0	15.0	3.0	
27.0	0.0	2.0	275.0	275.0	296.0	21.0	99.0	5.0	12.0	3.0	
28.0	0.0	2.0	275.0	275.0	296.0	21.0	82.0	5.0	6.0	2.0	
29.0	0.0	2.0	275.0	275.0	296.0	21.0	85.0	5.0	3.0	5.0	
30.0	0.0	2.0	275.0	275.0	296.0	21.0	88.0	5.0	4.0	3.0	
31.0	0.0	2.0	275.0	275.0	296.0	21.0	91.0	5.0	9.0	5.0	
32.0	0.0	2.0	275.0	275.0	296.0	21.0	94.0	5.0	13.0	1.0	
33.0	0.0	2.0	275.0	275.0	296.0	21.0	97.0	5.0	9.0	3.0	
34.0	0.0	2.0	275.0	275.0	296.0	21.0	100.0	5.0	14.0	1.0	
35.0	0.0	2.0	275.0	275.0	296.0	21.0	83.0	5.0	5.0	1.0	
36.0	0.0	2.0	275.0	275.0	296.0	21.0	86.0	5.0	15.0	4.0	
37.0	0.0	2.0	275.0	275.0	296.0	21.0	89.0	5.0	14.0	2.0	
38.0	0.0	2.0	275.0	275.0	296.0	21.0	92.0	5.0	10.0	4.0	
39.0	0.0	2.0	275.0	275.0	296.0	21.0	95.0	5.0	8.0	5.0	
40.0	0.0	2.0	275.0	275.0	296.0	21.0	98.0	5.0	15.0	2.0	
41.0	0.0	2.0	275.0	275.0	296.0	21.0	81.0	5.0	3.0	4.0	
42.0	0.0	2.0	275.0	275.0	296.0	21.0	84.0	5.0	12.0	2.0	
43.0	0.0	2.0	275.0	275.0	296.0	21.0	87.0	5.0	5.0	5.0	
44.0	0.0	2.0	275.0	275.0	296.0	21.0	90.0	5.0	4.0	1.0	
45.0	0.0	2.0	275.0	275.0	296.0	21.0	93.0	5.0	4.0	5.0	
46.0	0.0	2.0	275.0	275.0	296.0	21.0	96.0	5.0	15.0	3.0	
47.0	0.0	2.0	275.0	275.0	296.0	21.0	99.0	5.0	12.0	3.0	
48.0	0.0	2.0	275.0	275.0	296.0	21.0	82.0	5.0	6.0	2.0	
49.0	0.0	2.0	275.0	275.0	296.0	21.0	85.0	5.0	3.0	5.0	
50.0	0.0	2.0	275.0	275.0	296.0	21.0	88.0	5.0	4.0	3.0	
51.0	0.0	2.0	275.0	275.0	296.0	21.0	91.0	5.0	9.0	5.0	
52.0	0.0	2.0	275.0	275.0	296.0	21.0	94.0	5.0	13.0	1.0	
53.0	0.0	2.0	275.0	275.0	296.0	21.0	97.0	5.0	9.0	3.0	
54.0	0.0	2.0	275.0	275.0	296.0	21.0	100.0	5.0	14.0	1.0	
55.0	0.0	2.0	275.0	275.0	296.0	21.0	83.0	5.0	5.0	1.0	
56.0	0.0	2.0	275.0	275.0	296.0	21.0	86.0	5.0	15.0	4.0	
57.0	0.0	2.0	275.0	275.0	296.0	21.0	89.0	5.0	14.0	2.0	
58.0	0.0	2.0	275.0	275.0	296.0	21.0	92.0	5.0	10.0	4.0	
59.0	0.0	2.0	275.0	275.0	296.0	21.0	95.0	5.0	8.0	5.0	
60.0	0.0	2.0	275.0	275.0	296.0	21.0	98.0	5.0	15.0	2.0	
61.0	0.0	2.0	275.0	275.0	296.0	21.0	81.0	5.0	3.0	4.0	
62.0	0.0	2.0	275.0	275.0	296.0	21.0	84.0	5.0	12.0	2.0	
63.0	0.0	2.0	275.0	275.0	296.0	21.0	87.0	5.0	5.0	5.0	
64.0	0.0	2.0	275.0	275.0	296.0	21.0	90.0	5.0	4.0	1.0	
65.0	0.0	2.0	275.0	275.0	296.0	21.0	93.0	5.0	4.0	5.0	
66.0	0.0	2.0	275.0	275.0	296.0	21.0	96.0	5.0	15.0	3.0	
67.0	0.0	2.0	275.0	275.0	296.0	21.0	99.0	5.0	12.0	3.0	
68.0	0.0	2.0	275.0	275.0	296.0	21.0	82.0	5.0	6.0	2.0	
69.0	0.0	2.0	275.0	275.0	296.0	21.0	85.0	5.0	3.0	5.0	
70.0	0.0	2.0	275.0	275.0	296.0	21.0	88.0	5.0	4.0	3.0	
71.0	0.0	2.0	275.0	275.0	296.0	21.0	91.0	5.0	9.0	5.0	
72.0	0.0	2.0	275.0	275.0	296.0	21.0	94.0	5.0	13.0	1.0	
73.0	0.0	2.0	275.0	275.0	296.0	21.0	97.0	5.0	9.0	3.0	
74.0	0.0	2.0	275.0	275.0	296.0	21.0	100.0	5.0	14.0	1.0	
75.0	0.0	2.0	275.0	275.0	296.0	21.0	83.0	5.0	5.0	1.0	
76.0	0.0	2.0	275.0	275.0	296.0	21.0	86.0	5.0	15.0	4.0	
77.0	0.0	2.0	275.0	275.0	296.0	21.0	89.0	5.0	14.0	2.0	
78.0	0.0	2.0	275.0	275.0	296.0	21.0	92.0	5.0	10.0	4.0	
79.0	0.0	2.0	275.0	275.0	296.0	21.0	95.0	5.0	8.0	5.0	
80.0	0.0	2.0	275.0	275.0	296.0	21.0	98.0	5.0	15.0	2.0	
81.0	0.0	2.0	275.0	275.0	296.0	21.0	81.0	5.0	3.0	4.0	
82.0	0.0	2.0	275.0	275.0	296.0	21.0	84.0	5.0	12.0	2.0	
83.0	0.0	2.0	275.0	275.0	296.0	21.0	87.0	5.0	5.0	5.0	
84.0	0.0	2.0	275.0	275.0	296.0	21.0	90.0	5.0	4.0	1.0	
85.0	0.0	2.0	275.0	275.0	296.0	21.0	93.0	5.0	4.0	5.0	
86.0	0.0	2.0	275.0	275.0	296.0	21.0	96.0	5.0	15.0	3.0	
87.0	0.0	2.0	275.0	275.0	296.0	21.0	99.0	5.0	12.0	3.0	
88.0	0.0	2.0	275.0	275.0	296.0	21.0	82.0	5.0	6.0	2.0	
89.0	0.0	2.0	275.0	275.0	296.0	21.0	85.0	5.0	3.0	5.0	
90.0	0.0	2.0	275.0	275.0	296.0	21.0	88.0	5.0	4.0	3.0	
91.0	0.0	2.0	275.0	275.0	296.0	21.0	91.0	5.0	9.0	5.0	
92.0	0.0	2.0	275.0	275.0	296.0	21.0	94.0	5.0	13.0	1.0	
93.0	0.0	2.0	275.0	275.0	296.0	21.0	97.0	5.0	9.0	3.0	
94.0	0.0	2.0	275.0	275.0	296.0	21.0	100.0	5.0	14.0	1.0	
95.0	0.0	2.0	275.0	275.0	296.0	21.0	83.0	5.0	5.0	1.0	
96.0	0.0	2.0	275.0	275.0	296.0	21.0	86.0	5.0	15.0	4.0	
97.0	0.0	2.0	275.0	275.0	296.0	21.0	89.0	5.0	14.0	2.0	
98.0	0.0	2.0	275.0	275.0	296.0	21.0	92.0	5.0	10.0	4.0	
99.0	0.0	2.0	275.0	275.0	296.0	21.0	95.0	5.0	8.0	5.0	
100.0	0.0	2.0	275.0	275.0	296.0	21.0	98.0	5.0	15.0	2.0	
101.0	0.0	2.0	275.0	275.0	296.0	21.0	81.0	5.0	3.0	4.0	
102.0	0.0	2.0	275.0	275.0	296.0	21.0	84.0	5.0	12.0	2.0	
103.0	0.0	2.0	275.0	275.0	296.0	21.0	87.0	5.0	5.0	5.0	
104.0	0.0	2.0	275.0	275.0	296.0	21.0	90.0	5.0	4.0	1.0	
105.0	0.0	2.0	275.0	275.0	296.0	21.0	93.0	5.0	4.0	5.0	
106.0	0.0	2.0	275.0	275.0	296.0	21.0	96.0	5.0	15.0	3.0	
107.0	0.0	2.0	275.0	275.0	296.0	21.0	99.0	5.0	12.0	3.0	
108.0	0.0	2.0	275.0	275.0	296.0	21.0	82.0	5.0	6.0	2.0	
109.0	0.0	2.0	275.0	275.0	296.0	21.0	85.0	5.0	3.0	5.0	
110.0	0.0	2.0	275.0	275.0	296.0	21.0	88.0	5.0	4.0	3.0	
111.0	0.0	2.0	275.0	275.0	296.0	21.0	91.0	5.0	9.0	5.0	
112.0	0.0	2.0	275.0	275.0	296.0	21.0	94.0	5.0	13.0	1.0	
113.0	0.0	2.0	275.0	275.0	296.0	21.0	97.0	5.0	9.0	3.0	
114.0	0.0	2.0	275.0	275.0	296.0	21.0	100.0	5.0	14.0	1.0	
115.0	0.0	2.0	275.0	275.0	296.0	21.0	83.0	5.0	5.0	1.0	
116.0	0.0	2.0	275.0	275.0	296.0	21.0	86.0	5.0	15.0	4.0	
117.0	0.0	2.0	275.0	275.0	296.0	21.0	89.0	5.0	14.0	2.0	
118.0	0.0	2.0	275.0	275.0	296.0	21.0	92.0	5.0	10.0	4.0	
119.0	0.0	2.0	275.0	275.0	296.0	21.0	95.0	5.0	8.0	5.0	
120.0	0.0	2.0	275.0	275.0	296.0	21.0	98.0	5.0	15.0	2.0	
121.0	0.0	2.0	275.0	275.0	296.0	21.0	81.0	5.0	3.0	4.0	
122.0	0.0	2.0	275.0	275.0	296.0	21.0	84.0	5.0	12.0	2.0	
123.0	0.0	2.0	275.0	275.0	296.0	21.0	87.0	5.0	5.0	5.0	
124.0	0.0	2.0	275.0	275.0	296.0	21.0	90.0	5.0	4.0	1.0	
125.0	0.0	2.0	275.0	275.0	296.0	21.0	93.0	5.0	4.0	5.0	
126.0	0.0	2.0	275.0	275.0	296.0	21.0	96.0	5.0	15.0	3.0	
127.0	0.0	2.0	275.0	275.0	296.0	21.0	99.0	5.0	12.0	3.0	
128.0	0.0	2.0	275.0	275.0	296.0	21.0	82.0	5.0	6.0	2.0	
129.0	0.0	2.0	275.0	275.0	296.0	21.0	85.0	5.0	3.0	5.0	
130.0	0.0	2.0	275.0	275.0	296.0	21.0	88.0	5.0	4.0	3.0	
131.0	0.0	2.0	275.0	275.0	296.0	21.0	91.0	5.0	9.0	5.0	
132.0	0.0	2.0	275.0	275.0	296.0	21.0	94.0	5.0	13.0	1.0	
133.0	0.0	2.0	275.0	275.0	296.0	21.0	97.0	5.0	9.0	3.0	
134.0	0.0	2.0	275.0	275.0	296.0	21.0	100.0	5.0	14.0	1.0	
135.0	0.0	2.0	275.0	275.0	296.0	21.0	83.0	5.0	5.0	1.0	
136.0	0.0	2.0	275.0	275.0	296.0	21.0	86.0	5.0	15.0	4.0	
137.0	0.0	2.0	275.0	275.0	296.0	21.0	89.0	5.0	14.0	2.0	
138.0	0.0	2.0	275.0	275.0	296.0	21.0	92.0	5.0	10.0	4.0	
139.0	0.0	2.0	275.0	275.0	296.0	21.0	95.0	5.0	8.0	5.0	
140.0	0.0	2.0	275.0	275.0	296.0	21.0	98.0	5.0	15.0	2.0	
141.0	0.0	2.0	275.0	275.0	296.0	21.0	81.0	5.0	3.0	4.0	
142.0	0.0	2.0	275.0	275.0	296.0	21.0	84.0	5.0	12.0	2.0	
143.0	0.0	2.0	275.0	275.0	296.0	21.0	87.0	5.0	5.0	5.0	
144.0	0.0	2.0	275.0	275.0	296.0	21.0	90.0	5.0	4.0	1.0	
145.0	0.0	2.0	275.0	275.0	296.0	21.0	93.0	5.0	4.0	5.0	
146.0	0.0	2.0	275.0	275.0	296.0	21.0	96.0	5.0	15.0	3.0	
147.0	0.0	2.0	275.0	275.0	296.0	21.0	99.0	5.0	12.0	3.0	
148.0	0.0	2.0	275.0	275.0	296.0	21.0	82.0	5.0	6.0	2.0	
149.0	0.0	2.0	275.0	275.0	296.0	21.0	85.0	5.0	3.0	5.0	
150.0	0.0	2.0	275.0	275.0	296.0	21.0	88.0	5.0	4.0	3.0	
151.0	0.0	2.0	275.0	275.0	296.0	21.0	91.0	5.0	9.0	5.0	
152.0	0.0	2.0	275.0	275.0	296.0	21.0	94.0	5.0	13.0	1.0	
153.0	0.0	2.0	275.0	275.0	296.0	21.0	97.0	5.0	9.0	3.0	
154.0	0.0	2.0	275.0	275.0	296.0	21.0	100.0	5.0	14.0	1.0	
155.0	0.0	2.0	275.0	275.0	296.0	21.0	83.0	5.0	5.0	1.0	
156.0	0.0	2.0	275.0	275.0	296.0	21.0	86.0	5.0	15.0	4.0	
157.0	0.0	2.0	275.0	275.0	296.0	21.0	89.0	5.0	14.0	2.0	
158.0	0.0	2.0	275.0	275.0	296.0	21.0	92.0	5.0	10.0	4.0	
159.0	0.0	2.0	275.0	275.0	296.0	21.0	95.0	5.0	8.0	5.0	
160.0	0.0	2.0	275.0	275.0	296.0	21.0	98.0	5.0	15.0	2.0	
161.0	0.0	2.0	275.0	275.0	296.0	21.0	81.0	5.0	3.0	4.0	
162.0	0.0	2.0	275.0	275.0	296.0	21.0	84.0	5.0	12.0	2.0	
163.0	0.0	2.0	275.0	275.0	296.0	21.0	87.0	5.0	5.0	5.0	
164.0	0.0	2.0	275.0	275.0	296.0	21.0	90.0	5.0	4.0	1.0	
165.0	0.0	2.0	275.0	275.0	296.0	21.0	93.0	5.0	4.0	5.0	
166.0	0.0	2.0	275.0	275.0	296.0	21.0	96.0	5.0	15.0	3.0	
167.0	0.0	2.0	275.0	275.0	296.0	21.0	99.0	5.0	12.0	3.0	
168.0	0.0	2.0	275.0	275.0	296.0	21.0	82.0	5.0	6.0	2.0	
169.0	0.0	2.0	275.0	275.0	296.0	21.0	85.0	5.0	3.0	5.0	
170.0	0.0	2.0	275.0	275.0	296.0	21.0	88.0	5.0	4.0	3.0	
171.0	0.0	2.0	275.0	275.0	296.0	21.0	91.0	5.0	9.0	5.0	
172.0	0.0	2.0	275.0	275.0	296.0	21.0	94.0	5.0	13.0	1.0	
173.0	0.0	2.0	275.0	275.0	296.0	21.0	97.0	5.0	9.0	3.0	
174.0	0.0	2.0	275.0	275.0	296.0	21.0	100.0	5.0	14.0	1.0	
175.0	0.0	2.0	275.0	275.0	296.0	21.0	83.0	5.0	5.0	1.0	
176.0	0.0	2.0	275.0	275.0	296.0	21.0	86.0	5.0	15.0	4.0	
177.0	0.0	2.0	275.0	275.0	296.0	21.0	89.0	5.0	14.0	2.0	
178.0	0.0	2.0	275.0	275.0	296.0	21.0	92.0	5.0	10.0	4.0	
179.0	0.0	2.0	275.0	275.0	296.0	21.0	95.0	5.0	8.0	5.0	
180.0	0.0	2.0	275.0	275.0	296.0	21.0	98.0	5.0	15.0	2.0	
181.0	0.0	2.0	275.0	275.0	296.0	21.0	81.0	5.0	3.0	4.0	
182.0	0.0	2.0	275.0	275.0	296.0	21.0	84.0	5.0	12.0	2.0	
183.0	0.0	2.0	275.0	275.0	296.0	21.0	87.0	5.0	5.0	5.0	
184.0	0.0	2.0	275.0	275.0	296.0	21.0	90.0	5.0	4.0	1.0	
185.0	0.0	2.0	275.0	275.0	296.0	21.0	93.0	5.0	4.0	5.0	
186.0	0.0	2.0	275.0	275.0	296.0	21.0	96.0	5.0	15.0	3.0	
187.0	0.0	2.0	275.0	275.0	296.0	21.0	99.0	5.0	12.0	3.0	
188.0	0.0	2.0	275.0	275.0	296.0	21.0	82.0	5.0	6.0	2.0	
189.0	0.0	2.0	275.0	275.0	296.0	21.0	85.0	5.0	3.0	5.0	
190.0	0.0	2.0	275.0	275.0	296.0	21.0	88.0	5.0	4.0	3.0	
191.0	0.0	2.0	275.0	275.0	296.0	21.0	91.0	5.0	9.0	5.0	
192.0	0.0	2.0	275.0	275.0	296.0	21.0	94.0	5.0	13.0	1.0	
193.0	0.0	2.0	275.0	275.0	296.0	21.0	97.0	5.0	9.0	3.0	
194.0	0.0	2.0	275.0	275.0	296.0	21.0	100.0	5.0	14.0	1.0	
195.0	0.0	2.0	275.0	275.0	296.0	21.0	83.0	5.0	5.0	1.0	
196.0	0.0	2.0	275.0	275.0	296.0	21.0	86.0	5.0	15.0	4.0	
197.0	0.0	2.0	275.0	275.0	296.0	21.0	89.0	5.0	14.0	2.0	
198.0	0.0	2.0	275.0	275.0	296.0	21.0	92.0	5.0	10.0	4.0	
199.0	0.0	2.0	275.0	275.0	296.0	21.0	95.0	5.0	8.0	5.0	
200.0	0.0	2.0	275.0	275.0	296.0	21.0	98.0	5.0	15.0	2.0	
201.0	0.0	2.0	275.0	275.0	296.0	21.0	81.0	5.0	3.0	4.0	
202.0	0.0	2.0	275.0	275.0	296.0	21.0	84.0	5.0	12.0	2.0	
203.0	0.0	2.0	275.0	275.0	296.0	21.0	87.0	5.0	5.0	5.0	
204.0	0.0	2.0	275.0	275.0	296.0	21.0	90.0	5.0	4.0	1.0	
205.0	0.0	2.0	275.0	275.0	296.0	21.0	93.0	5.0	4.0	5.0	
206.0	0.0	2.0	275.0	275.0	296.0	21.0	96.0	5.0	15.0	3.0	
207.0	0.0	2.0	275.0	275.0	296.0	21.0	99.0	5.0	12.0	3.0	
208.0	0.0	2.0	275.0	275.0	296.0	21.0	82.0	5.0	6.0	2.0	
209.0	0.0	2.0	275.0	275.0	296.0	21.0	85.0	5.0	3.0	5.0	
210.0	0.0	2.0	275.0	275.0	296.0	21.0	88.0	5.0	4.0	3.0	
211.0	0.0	2.0	275.0	275.0	296.0	21.0	91.0	5.0	9.0	5.0	
212.0	0.0	2.0	275.0	275.0	296.0	21.0	94.0	5.0	13.0	1.0	
213.0	0.0	2.0	275.0	275.0	296.0	21.0	97.0	5.0	9.0	3.0	
214.0	0.0	2.0	275.0	275.0	296.0	21.0	100.0	5.0	14.0	1.0	
215.0	0.0	2.0	275.0	275.0	296.0	21.0	83.0	5.0	5.0	1.0	
216.0	0.0	2.0	275.0	275.0	296.0	21.0	86.0	5.0	15.0	4.0	
217.0	0.0	2.0	275.0	275.0	296.0	21.0	89.0	5.0	14.0	2.0	
218.0	0.0	2.0	275.0	275.0	296.0	21.0	92.0	5.0	10.0	4.0	
219.0	0.0	2.0	275.0	275.0	296.0	21.0	95.0	5.0	8.0	5.0	
220.0	0.0	2.0	275.0	275.0	296.0	21.0	98.0	5.0	15.0	2.0	
221.0	0.0	2.0	275.0	275.0	296.0	21.0	81.0	5.0	3.0	4.0	
222.0	0.0	2.0	275.0	275.0	296.0	21.0	84.0	5.0	12.0	2.0	
223.0	0.0	2.0	275.0	275.0	296.0	21.0	87.0	5.0	5.0	5.0	
224.0	0.0	2.0	275.0	275.0	296.0	21.0	90.0	5.0	4.0	1.0	
225.0	0.0	2.0	275.0	275.0	296.0	21.0	94.0	5.0	13.0	1.0	
226.0	0.0	2.0	275.0	275.0	296.0	21.0	96.0	5.0	15.0	3.0	
227.0	0.0	2.0	275.0	275.0	296.0	21.0	100.0	5.0	14.0	1.0	
228.0	0.0	2.0	275.0	275.0	296.0	21.0	82.0	5.0	6.0	2.0	
229.0	0.0	2.0	275.0	275.0	296.0	21.0	85.0	5.0	3.0	5.0	
230.0	0.0	2.0	275.0	275.0	296.0	21.0	88.0	5.0	4.0	3.0	
231.0	0.0	2.0	275.0	275.0	296.0	21.0	91.0	5.0	9.0	5.0	
232.0	0.0	2.0	275.0	275.0	296.0	21.0	95.0	5.0	8.0	5.0	
233.0	0.0	2.0	275.0	275.0	296.0	21.0	97.0	5.0	9.0	3.0	
234.0	1.0	2.0	275.0	275.0	298.0	23.0	11.0	1.0	4.0	4.0	
235.0	0.0	2.0	275.0	275.0	296.0	21.0	83.0	5.0	5.0	1.0	
236.0	0.0	2.0	275.0	275.0	296.0	21.0	86.0	5.0	15.0	4.0	
237.0	0.0	2.0	275.0	275.0	296.0	21.0	89.0	5.0	14.0	2.0	
238.0	0.0	2.0	275.0	275.0	296.0	21.0	92.0	5.0	10.0	4.0	
239.0	0.0	2.0	296.0	296.0	317.0	21.0	97.0	5.0	9.0	3.0	
240.0	0.0	2.0	275.0	275.0	296.0	21.0	98.0	5.0	15.0	2.0	
241.0	1.0	2.0	275.0	275.0	298.0	23.0	14.0	1.0	13.0	5.0	
242.0	1.0	2.0	275.0	275.0	298.0	23.0	57.0	3.0	14.0	3.0	
243.0	1.0	2.0	275.0	275.0	298.0	23.0	15.0	1.0	11.0	1.0	
244.0	1.0	2.0	275.0	275.0	298.0	23.0	61.0	4.0	12.0	4.0	
245.0	1.0	2.0	275.0	275.0	298.0	23.0	17.0	1.0	11.0	4.0	
246.0	1.0	2.0	275.0	275.0	298.0	23.0	6.0	1.0	7.0	1.0	
247.0	1.0	2.0	275.0	275.0	298.0	23.0	56.0	3.0	13.0	5.0	
248.0	1.0	2.0	275.0	275.0	298.0	23.0	63.0	4.0	15.0	1.0	
249.0	1.0	2.0	275.0	275.0	298.0	23.0	55.0	3.0	6.0	4.0	
250.0	1.0	2.0	275.0	275.0	298.0	23.0	45.0	3.0	5.0	4.0	
251.0	1.0	2.0	275.0	275.0	298.0	23.0	70.0	4.0	11.0	5.0	
252.0	1.0	2.0	275.0	275.0	298.0	23.0	61.0	4.0	12.0	4.0	
253.0	1.0	2.0	275.0	275.0	298.0	23.0	25.0	2.0	12.0	2.0	
254.0	1.0	2.0	275.0	275.0	298.0	23.0	24.0	2.0	14.0	4.0	
255.0	1.0	2.0	275.0	275.0	298.0	23.0	79.0	4.0	7.0	3.0	
256.0	1.0	2.0	275.0	275.0	298.0	23.0	53.0	3.0	12.0	3.0	
257.0	1.0	2.0	275.0	275.0	298.0	23.0	70.0	4.0	11.0	5.0	
258.0	1.0	2.0	275.0	275.0	298.0	23.0	41.0	3.0	15.0	4.0	
259.0	1.0	2.0	275.0	275.0	298.0	23.0	38.0	2.0	5.0	5.0	
260.0	1.0	2.0	275.0	275.0	298.0	23.0	45.0	3.0	5.0	4.0	
261.0	0.0	2.0	296.0	296.0	317.0	21.0	81.0	5.0	3.0	4.0	
262.0	1.0	2.0	275.0	275.0	298.0	23.0	71.0	4.0	11.0	3.0	
263.0	1.0	2.0	275.0	275.0	298.0	23.0	56.0	3.0	13.0	5.0	
264.0	1.0	2.0	275.0	275.0	298.0	23.0	12.0	1.0	5.0	3.0	
265.0	1.0	2.0	275.0	275.0	298.0	23.0	69.0	4.0	12.0	2.0	
266.0	1.0	2.0	275.0	275.0	298.0	23.0	24.0	2.0	14.0	4.0	
267.0	1.0	2.0	275.0	275.0	298.0	23.0	76.0	4.0	6.0	4.0	
268.0	0.0	2.0	296.0	296.0	317.0	21.0	82.0	5.0	6.0	2.0	
269.0	1.0	2.0	298.0	298.0	321.0	23.0	11.0	1.0	4.0	4.0	
270.0	1.0	2.0	275.0	275.0	298.0	23.0	9.0	1.0	15.0	5.0	
271.0	0.0	2.0	296.0	296.0	317.0	21.0	91.0	5.0	9.0	5.0	
272.0	1.0	2.0	275.0	275.0	298.0	23.0	10.0	1.0	15.0	1.0	
273.0	1.0	2.0	275.0	275.0	298.0	23.0	79.0	4.0	7.0	3.0	
274.0	1.0	2.0	275.0	275.0	298.0	23.0	21.0	2.0	9.0	1.0	
275.0	1.0	2.0	275.0	275.0	298.0	23.0	34.0	2.0	14.0	1.0	
276.0	1.0	2.0	275.0	275.0	298.0	23.0	52.0	3.0	4.0	3.0	
277.0	1.0	2.0	275.0	275.0	298.0	23.0	51.0	3.0	2.0	3.0	
278.0	1.0	2.0	275.0	275.0	298.0	23.0	68.0	4.0	5.0	3.0	
279.0	1.0	2.0	275.0	275.0	298.0	23.0	57.0	3.0	14.0	3.0	
280.0	1.0	2.0	275.0	275.0	298.0	23.0	69.0	4.0	12.0	2.0	
281.0	1.0	2.0	275.0	275.0	298.0	23.0	54.0	3.0	10.0	5.0	
282.0	1.0	2.0	275.0	275.0	298.0	23.0	7.0	1.0	11.0	1.0	
283.0	1.0	2.0	275.0	275.0	298.0	23.0	72.0	4.0	11.0	2.0	
284.0	1.0	2.0	275.0	275.0	298.0	23.0	72.0	4.0	11.0	2.0	
285.0	1.0	2.0	275.0	275.0	298.0	23.0	1.0	1.0	11.0	3.0	
286.0	1.0	2.0	275.0	275.0	298.0	23.0	34.0	2.0	14.0	1.0	
287.0	1.0	2.0	275.0	275.0	298.0	23.0	53.0	3.0	12.0	3.0	
288.0	0.0	2.0	311.0	311.0	332.0	21.0	84.0	5.0	12.0	2.0	
289.0	0.0	2.0	311.0	311.0	332.0	21.0	85.0	5.0	3.0	5.0	
290.0	0.0	2.0	311.0	311.0	332.0	21.0	89.0	5.0	14.0	2.0	
291.0	0.0	2.0	316.0	316.0	337.0	21.0	92.0	5.0	10.0	4.0	
292.0	0.0	2.0	311.0	311.0	332.0	21.0	95.0	5.0	8.0	5.0	
293.0	1.0	2.0	275.0	275.0	298.0	23.0	79.0	4.0	7.0	3.0	
294.0	1.0	2.0	275.0	275.0	298.0	23.0	46.0	3.0	14.0	3.0	
295.0	1.0	2.0	275.0	275.0	298.0	23.0	3.0	1.0	6.0	4.0	
296.0	0.0	2.0	311.0	311.0	332.0	21.0	86.0	5.0	15.0	4.0	
297.0	0.0	2.0	316.0	316.0	337.0	21.0	89.0	5.0	14.0	2.0	
298.0	0.0	2.0	316.0	316.0	337.0	21.0	94.0	5.0	13.0	1.0	
299.0	1.0	2.0	275.0	275.0	298.0	23.0	54.0	3.0	10.0	5.0	
300.0	0.0	2.0	311.0	311.0	332.0	21.0	100.0	5.0	14.0	1.0	
301.0	1.0	2.0	275.0	275.0	298.0	23.0	69.0	4.0	12.0	2.0	
302.0	1.0	2.0	275.0	275.0	298.0	23.0	50.0	3.0	9.0	1.0	
303.0	1.0	2.0	311.0	311.0	334.0	23.0	63.0	4.0	15.0	1.0	
304.0	1.0	2.0	275.0	275.0	298.0	23.0	29.0	2.0	2.0	5.0	
305.0	1.0	2.0	275.0	275.0	298.0	23.0	80.0	4.0	3.0	1.0	
306.0	0.0	2.0	311.0	311.0	332.0	21.0	96.0	5.0	15.0	3.0	
307.0	1.0	2.0	275.0	275.0	298.0	23.0	80.0	4.0	3.0	1.0	
308.0	1.0	2.0	275.0	275.0	298.0	23.0	25.0	2.0	12.0	2.0	
309.0	1.0	2.0	275.0	275.0	298.0	23.0	50.0	3.0	9.0	1.0	
310.0	1.0	2.0	275.0	275.0	298.0	23.0	77.0	4.0	8.0	2.0	
311.0	1.0	2.0	275.0	275.0	298.0	23.0	19.0	1.0	13.0	4.0	
312.0	0.0	2.0	316.0	316.0	337.0	21.0	95.0	5.0	8.0	5.0	
313.0	0.0	2.0	313.0	313.0	334.0	21.0	97.0	5.0	9.0	3.0	
314.0	1.0	2.0	275.0	275.0	298.0	23.0	69.0	4.0	12.0	2.0	
315.0	0.0	2.0	313.0	313.0	334.0	21.0	83.0	5.0	5.0	1.0	
316.0	1.0	2.0	275.0	275.0	298.0	23.0	21.0	2.0	9.0	1.0	
317.0	1.0	2.0	275.0	275.0	298.0	23.0	74.0	4.0	1.0	3.0	
318.0	1.0	2.0	275.0	275.0	298.0	23.0	51.0	3.0	2.0	3.0	
319.0	1.0	2.0	311.0	311.0	334.0	23.0	79.0	4.0	7.0	3.0	
320.0	1.0	2.0	275.0	275.0	298.0	23.0	60.0	3.0	3.0	3.0	
321.0	1.0	2.0	275.0	275.0	298.0	23.0	78.0	4.0	8.0	1.0	
322.0	1.0	2.0	275.0	275.0	298.0	23.0	4.0	1.0	9.0	4.0	
323.0	0.0	2.0	313.0	313.0	334.0	21.0	89.0	5.0	14.0	2.0	
324.0	1.0	2.0	275.0	275.0	298.0	23.0	48.0	3.0	13.0	4.0	
325.0	1.0	2.0	316.0	316.0	339.0	23.0	90.0	5.0	4.0	1.0	
326.0	1.0	2.0	275.0	275.0	298.0	23.0	5.0	1.0	15.0	2.0	
327.0	1.0	2.0	275.0	275.0	298.0	23.0	60.0	3.0	3.0	3.0	
328.0	0.0	2.0	316.0	316.0	337.0	21.0	82.0	5.0	6.0	2.0	
329.0	1.0	2.0	275.0	275.0	298.0	23.0	58.0	3.0	11.0	4.0	
330.0	1.0	2.0	316.0	316.0	339.0	23.0	85.0	5.0	3.0	5.0	
331.0	1.0	2.0	275.0	275.0	298.0	23.0	2.0	1.0	14.0	1.0	
332.0	0.0	2.0	313.0	313.0	334.0	21.0	96.0	5.0	15.0	3.0	
333.0	0.0	2.0	316.0	316.0	337.0	21.0	98.0	5.0	15.0	2.0	
334.0	1.0	2.0	275.0	275.0	298.0	23.0	28.0	2.0	8.0	1.0	
335.0	1.0	2.0	275.0	275.0	298.0	23.0	47.0	3.0	15.0	5.0	
336.0	1.0	2.0	311.0	311.0	334.0	23.0	68.0	4.0	5.0	3.0	
337.0	1.0	2.0	275.0	275.0	298.0	23.0	54.0	3.0	10.0	5.0	
338.0	1.0	2.0	315.0	315.0	338.0	23.0	53.0	3.0	12.0	3.0	
339.0	0.0	2.0	316.0	316.0	337.0	21.0	96.0	5.0	15.0	3.0	
340.0	0.0	2.0	311.0	311.0	332.0	21.0	100.0	5.0	14.0	1.0	
341.0	1.0	2.0	275.0	275.0	298.0	23.0	30.0	2.0	14.0	1.0	
342.0	1.0	2.0	275.0	275.0	298.0	23.0	39.0	2.0	14.0	2.0	
343.0	0.0	2.0	328.0	328.0	349.0	21.0	88.0	5.0	4.0	3.0	
344.0	0.0	2.0	331.0	331.0	352.0	21.0	90.0	5.0	4.0	1.0	
345.0	1.0	2.0	315.0	315.0	338.0	23.0	55.0	3.0	6.0	4.0	
346.0	0.0	2.0	328.0	328.0	349.0	21.0	98.0	5.0	15.0	2.0	
347.0	1.0	2.0	275.0	275.0	298.0	23.0	69.0	4.0	12.0	2.0	
348.0	1.0	2.0	275.0	275.0	298.0	23.0	29.0	2.0	2.0	5.0	
349.0	1.0	2.0	298.0	298.0	321.0	23.0	79.0	4.0	7.0	3.0	
350.0	1.0	2.0	275.0	275.0	298.0	23.0	59.0	3.0	9.0	4.0	
351.0	1.0	2.0	275.0	275.0	298.0	23.0	44.0	3.0	3.0	5.0	
352.0	0.0	2.0	328.0	328.0	349.0	21.0	95.0	5.0	8.0	5.0	
353.0	1.0	2.0	275.0	275.0	298.0	23.0	33.0	2.0	14.0	1.0	
354.0	1.0	2.0	275.0	275.0	298.0	23.0	44.0	3.0	3.0	5.0	
355.0	1.0	2.0	275.0	275.0	298.0	23.0	72.0	4.0	11.0	2.0	
356.0	1.0	2.0	275.0	275.0	298.0	23.0	44.0	3.0	3.0	5.0	
357.0	0.0	2.0	331.0	331.0	352.0	21.0	89.0	5.0	14.0	2.0	
358.0	1.0	2.0	275.0	275.0	298.0	23.0	36.0	2.0	15.0	4.0	
359.0	0.0	2.0	331.0	331.0	352.0	21.0	96.0	5.0	15.0	3.0	
360.0	1.0	2.0	275.0	275.0	298.0	23.0	77.0	4.0	8.0	2.0	
361.0	1.0	2.0	298.0	298.0	321.0	23.0	27.0	2.0	13.0	4.0	
362.0	0.0	2.0	316.0	316.0	337.0	21.0	86.0	5.0	15.0	4.0	
363.0	1.0	2.0	275.0	275.0	298.0	23.0	41.0	3.0	15.0	4.0	
364.0	1.0	2.0	275.0	275.0	298.0	23.0	20.0	1.0	4.0	5.0	
365.0	1.0	2.0	275.0	275.0	298.0	23.0	32.0	2.0	14.0	3.0	
366.0	1.0	2.0	275.0	275.0	298.0	23.0	63.0	4.0	15.0	1.0	
367.0	1.0	2.0	275.0	275.0	298.0	23.0	28.0	2.0	8.0	1.0	
368.0	1.0	2.0	330.0	330.0	353.0	23.0	68.0	4.0	5.0	3.0	
369.0	1.0	2.0	298.0	298.0	321.0	23.0	74.0	4.0	1.0	3.0	
370.0	1.0	2.0	275.0	275.0	298.0	23.0	72.0	4.0	11.0	2.0	
371.0	1.0	2.0	298.0	298.0	321.0	23.0	79.0	4.0	7.0	3.0	
372.0	1.0	2.0	275.0	275.0	298.0	23.0	80.0	4.0	3.0	1.0	
373.0	1.0	2.0	275.0	275.0	298.0	23.0	61.0	4.0	12.0	4.0	
374.0	1.0	2.0	275.0	275.0	298.0	23.0	43.0	3.0	13.0	1.0	
375.0	1.0	2.0	275.0	275.0	298.0	23.0	41.0	3.0	15.0	4.0	
376.0	1.0	2.0	298.0	298.0	321.0	23.0	36.0	2.0	15.0	4.0	
377.0	0.0	2.0	331.0	331.0	352.0	21.0	90.0	5.0	4.0	1.0	
378.0	1.0	2.0	298.0	298.0	321.0	23.0	15.0	1.0	11.0	1.0	
379.0	1.0	2.0	275.0	275.0	298.0	23.0	8.0	1.0	15.0	3.0	
380.0	0.0	2.0	316.0	316.0	337.0	21.0	99.0	5.0	12.0	3.0	
381.0	1.0	2.0	311.0	311.0	334.0	23.0	67.0	4.0	3.0	3.0	
382.0	1.0	2.0	298.0	298.0	321.0	23.0	18.0	1.0	2.0	5.0	
383.0	1.0	2.0	275.0	275.0	298.0	23.0	48.0	3.0	13.0	4.0	
384.0	1.0	2.0	275.0	275.0	298.0	23.0	39.0	2.0	14.0	2.0	
385.0	1.0	2.0	275.0	275.0	298.0	23.0	41.0	3.0	15.0	4.0	
386.0	1.0	2.0	275.0	275.0	298.0	23.0	37.0	2.0	5.0	2.0	
387.0	1.0	2.0	275.0	275.0	298.0	23.0	38.0	2.0	5.0	5.0	
388.0	0.0	2.0	332.0	332.0	353.0	21.0	84.0	5.0	12.0	2.0	
389.0	1.0	2.0	275.0	275.0	298.0	23.0	18.0	1.0	2.0	5.0	
390.0	1.0	2.0	275.0	275.0	298.0	23.0	43.0	3.0	13.0	1.0	
391.0	1.0	2.0	275.0	275.0	298.0	23.0	27.0	2.0	13.0	4.0	
392.0	1.0	2.0	298.0	298.0	321.0	23.0	33.0	2.0	14.0	1.0	
393.0	1.0	2.0	275.0	275.0	298.0	23.0	43.0	3.0	13.0	1.0	
394.0	1.0	2.0	275.0	275.0	298.0	23.0	64.0	4.0	4.0	2.0	
395.0	1.0	2.0	275.0	275.0	298.0	23.0	33.0	2.0	14.0	1.0	
396.0	1.0	2.0	275.0	275.0	298.0	23.0	37.0	2.0	5.0	2.0	
397.0	0.0	2.0	332.0	332.0	353.0	21.0	89.0	5.0	14.0	2.0	
398.0	1.0	2.0	298.0	298.0	321.0	23.0	41.0	3.0	15.0	4.0	
399.0	1.0	2.0	275.0	275.0	298.0	23.0	65.0	4.0	11.0	2.0	
400.0	1.0	2.0	275.0	275.0	298.0	23.0	52.0	3.0	4.0	3.0	
401.0	1.0	2.0	275.0	275.0	298.0	23.0	72.0	4.0	11.0	2.0	
402.0	1.0	2.0	275.0	275.0	298.0	23.0	70.0	4.0	11.0	5.0	
403.0	1.0	2.0	275.0	275.0	298.0	23.0	78.0	4.0	8.0	1.0	
404.0	0.0	2.0	332.0	332.0	353.0	21.0	90.0	5.0	4.0	1.0	
405.0	0.0	2.0	328.0	328.0	349.0	21.0	93.0	5.0	4.0	5.0	
406.0	1.0	2.0	328.0	328.0	351.0	23.0	70.0	4.0	11.0	5.0	
407.0	1.0	2.0	275.0	275.0	298.0	23.0	45.0	3.0	5.0	4.0	
408.0	1.0	2.0	275.0	275.0	298.0	23.0	73.0	4.0	13.0	3.0	
409.0	1.0	2.0	275.0	275.0	298.0	23.0	44.0	3.0	3.0	5.0	
410.0	1.0	2.0	275.0	275.0	298.0	23.0	42.0	3.0	4.0	1.0	
411.0	0.0	2.0	336.0	336.0	357.0	21.0	92.0	5.0	10.0	4.0	
412.0	1.0	2.0	275.0	275.0	298.0	23.0	26.0	2.0	1.0	2.0	
413.0	0.0	2.0	328.0	328.0	349.0	21.0	99.0	5.0	12.0	3.0	
414.0	1.0	2.0	275.0	275.0	298.0	23.0	55.0	3.0	6.0	4.0	
415.0	1.0	2.0	275.0	275.0	298.0	23.0	54.0	3.0	10.0	5.0	
416.0	1.0	2.0	298.0	298.0	321.0	23.0	41.0	3.0	15.0	4.0	
417.0	1.0	2.0	298.0	298.0	321.0	23.0	76.0	4.0	6.0	4.0	
418.0	1.0	2.0	298.0	298.0	321.0	23.0	63.0	4.0	15.0	1.0	
419.0	1.0	2.0	298.0	298.0	321.0	23.0	63.0	4.0	15.0	1.0	
420.0	1.0	2.0	328.0	328.0	351.0	23.0	81.0	5.0	3.0	4.0	
421.0	1.0	2.0	275.0	275.0	298.0	23.0	73.0	4.0	13.0	3.0	
422.0	1.0	2.0	298.0	298.0	321.0	23.0	44.0	3.0	3.0	5.0	
423.0	1.0	2.0	275.0	275.0	298.0	23.0	53.0	3.0	12.0	3.0	
424.0	0.0	2.0	332.0	332.0	353.0	21.0	90.0	5.0	4.0	1.0	
425.0	1.0	2.0	275.0	275.0	298.0	23.0	40.0	2.0	11.0	3.0	
426.0	1.0	2.0	275.0	275.0	298.0	23.0	23.0	2.0	7.0	3.0	
427.0	1.0	2.0	298.0	298.0	321.0	23.0	78.0	4.0	8.0	1.0	
428.0	1.0	2.0	298.0	298.0	321.0	23.0	58.0	3.0	11.0	4.0	
429.0	1.0	2.0	298.0	298.0	321.0	23.0	12.0	1.0	5.0	3.0	
430.0	1.0	2.0	298.0	298.0	321.0	23.0	37.0	2.0	5.0	2.0	
431.0	1.0	2.0	275.0	275.0	298.0	23.0	32.0	2.0	14.0	3.0	
432.0	1.0	2.0	298.0	298.0	321.0	23.0	30.0	2.0	14.0	1.0	
433.0	1.0	2.0	275.0	275.0	298.0	23.0	74.0	4.0	1.0	3.0	
434.0	1.0	2.0	275.0	275.0	298.0	23.0	74.0	4.0	1.0	3.0	
435.0	1.0	2.0	275.0	275.0	298.0	23.0	69.0	4.0	12.0	2.0	
436.0	1.0	2.0	314.0	314.0	337.0	23.0	77.0	4.0	8.0	2.0	
437.0	1.0	2.0	275.0	275.0	298.0	23.0	75.0	4.0	8.0	5.0	
438.0	0.0	2.0	331.0	331.0	352.0	21.0	94.0	5.0	13.0	1.0	
439.0	1.0	2.0	275.0	275.0	298.0	23.0	46.0	3.0	14.0	3.0	
440.0	1.0	2.0	275.0	275.0	298.0	23.0	57.0	3.0	14.0	3.0	
441.0	1.0	2.0	275.0	275.0	298.0	23.0	76.0	4.0	6.0	4.0	
442.0	1.0	2.0	275.0	275.0	298.0	23.0	65.0	4.0	11.0	2.0	
443.0	1.0	2.0	275.0	275.0	298.0	23.0	80.0	4.0	3.0	1.0	
444.0	1.0	2.0	315.0	315.0	338.0	23.0	54.0	3.0	10.0	5.0	
445.0	1.0	2.0	298.0	298.0	321.0	23.0	47.0	3.0	15.0	5.0	
446.0	1.0	2.0	298.0	298.0	321.0	23.0	64.0	4.0	4.0	2.0	
447.0	0.0	2.0	313.0	313.0	334.0	21.0	81.0	5.0	3.0	4.0	
448.0	0.0	2.0	328.0	328.0	349.0	21.0	84.0	5.0	12.0	2.0	
449.0	1.0	2.0	298.0	298.0	321.0	23.0	4.0	1.0	9.0	4.0	
450.0	1.0	2.0	311.0	311.0	334.0	23.0	76.0	4.0	6.0	4.0	
451.0	1.0	2.0	298.0	298.0	321.0	23.0	2.0	1.0	14.0	1.0	
452.0	1.0	2.0	275.0	275.0	298.0	23.0	61.0	4.0	12.0	4.0	
453.0	1.0	2.0	298.0	298.0	321.0	23.0	51.0	3.0	2.0	3.0	
454.0	1.0	2.0	298.0	298.0	321.0	23.0	19.0	1.0	13.0	4.0	
455.0	1.0	2.0	298.0	298.0	321.0	23.0	28.0	2.0	8.0	1.0	
456.0	1.0	2.0	275.0	275.0	298.0	23.0	49.0	3.0	12.0	1.0	
457.0	1.0	2.0	275.0	275.0	298.0	23.0	40.0	2.0	11.0	3.0	
458.0	0.0	2.0	275.0	275.0	296.0	21.0	61.0	4.0	12.0	4.0	
459.0	0.0	2.0	275.0	275.0	296.0	21.0	64.0	4.0	4.0	2.0	
460.0	0.0	2.0	275.0	275.0	296.0	21.0	67.0	4.0	3.0	3.0	
461.0	0.0	2.0	275.0	275.0	296.0	21.0	70.0	4.0	11.0	5.0	
462.0	0.0	2.0	275.0	275.0	296.0	21.0	73.0	4.0	13.0	3.0	
463.0	0.0	2.0	275.0	275.0	296.0	21.0	76.0	4.0	6.0	4.0	
464.0	0.0	2.0	275.0	275.0	296.0	21.0	79.0	4.0	7.0	3.0	
465.0	0.0	2.0	275.0	275.0	296.0	21.0	62.0	4.0	7.0	4.0	
466.0	0.0	2.0	275.0	275.0	296.0	21.0	65.0	4.0	11.0	2.0	
467.0	0.0	2.0	275.0	275.0	296.0	21.0	68.0	4.0	5.0	3.0	
468.0	0.0	2.0	275.0	275.0	296.0	21.0	71.0	4.0	11.0	3.0	
469.0	0.0	2.0	275.0	275.0	296.0	21.0	74.0	4.0	1.0	3.0	
470.0	0.0	2.0	275.0	275.0	296.0	21.0	77.0	4.0	8.0	2.0	
471.0	0.0	2.0	275.0	275.0	296.0	21.0	80.0	4.0	3.0	1.0	
472.0	0.0	2.0	275.0	275.0	296.0	21.0	63.0	4.0	15.0	1.0	
473.0	0.0	2.0	275.0	275.0	296.0	21.0	66.0	4.0	12.0	5.0	
474.0	0.0	2.0	275.0	275.0	296.0	21.0	69.0	4.0	12.0	2.0	
475.0	0.0	2.0	275.0	275.0	296.0	21.0	72.0	4.0	11.0	2.0	
476.0	0.0	2.0	275.0	275.0	296.0	21.0	75.0	4.0	8.0	5.0	
477.0	0.0	2.0	275.0	275.0	296.0	21.0	78.0	4.0	8.0	1.0	
478.0	0.0	2.0	275.0	275.0	296.0	21.0	61.0	4.0	12.0	4.0	
479.0	0.0	2.0	275.0	275.0	296.0	21.0	64.0	4.0	4.0	2.0	
480.0	0.0	2.0	275.0	275.0	296.0	21.0	67.0	4.0	3.0	3.0	
481.0	0.0	2.0	275.0	275.0	296.0	21.0	70.0	4.0	11.0	5.0	
482.0	0.0	2.0	275.0	275.0	296.0	21.0	73.0	4.0	13.0	3.0	
483.0	0.0	2.0	275.0	275.0	296.0	21.0	76.0	4.0	6.0	4.0	
484.0	0.0	2.0	275.0	275.0	296.0	21.0	79.0	4.0	7.0	3.0	
485.0	0.0	2.0	275.0	275.0	296.0	21.0	62.0	4.0	7.0	4.0	
486.0	0.0	2.0	275.0	275.0	296.0	21.0	65.0	4.0	11.0	2.0	
487.0	0.0	2.0	275.0	275.0	296.0	21.0	68.0	4.0	5.0	3.0	
488.0	0.0	2.0	275.0	275.0	296.0	21.0	71.0	4.0	11.0	3.0	
489.0	0.0	2.0	275.0	275.0	296.0	21.0	74.0	4.0	1.0	3.0	
490.0	0.0	2.0	275.0	275.0	296.0	21.0	77.0	4.0	8.0	2.0	
491.0	0.0	2.0	275.0	275.0	296.0	21.0	80.0	4.0	3.0	1.0	
492.0	0.0	2.0	275.0	275.0	296.0	21.0	63.0	4.0	15.0	1.0	
493.0	0.0	2.0	275.0	275.0	296.0	21.0	66.0	4.0	12.0	5.0	
494.0	0.0	2.0	275.0	275.0	296.0	21.0	69.0	4.0	12.0	2.0	
495.0	0.0	2.0	275.0	275.0	296.0	21.0	72.0	4.0	11.0	2.0	
496.0	0.0	2.0	275.0	275.0	296.0	21.0	75.0	4.0	8.0	5.0	
497.0	0.0	2.0	275.0	275.0	296.0	21.0	78.0	4.0	8.0	1.0	
498.0	0.0	2.0	275.0	275.0	296.0	21.0	61.0	4.0	12.0	4.0	
499.0	0.0	2.0	275.0	275.0	296.0	21.0	64.0	4.0	4.0	2.0	
500.0	0.0	2.0	275.0	275.0	296.0	21.0	67.0	4.0	3.0	3.0	
501.0	0.0	2.0	275.0	275.0	296.0	21.0	70.0	4.0	11.0	5.0	
502.0	0.0	2.0	275.0	275.0	296.0	21.0	73.0	4.0	13.0	3.0	
503.0	0.0	2.0	275.0	275.0	296.0	21.0	76.0	4.0	6.0	4.0	
504.0	0.0	2.0	275.0	275.0	296.0	21.0	79.0	4.0	7.0	3.0	
505.0	0.0	2.0	275.0	275.0	296.0	21.0	62.0	4.0	7.0	4.0	
506.0	0.0	2.0	275.0	275.0	296.0	21.0	65.0	4.0	11.0	2.0	
507.0	0.0	2.0	275.0	275.0	296.0	21.0	68.0	4.0	5.0	3.0	
508.0	0.0	2.0	275.0	275.0	296.0	21.0	71.0	4.0	11.0	3.0	
509.0	0.0	2.0	275.0	275.0	296.0	21.0	74.0	4.0	1.0	3.0	
510.0	0.0	2.0	275.0	275.0	296.0	21.0	77.0	4.0	8.0	2.0	
511.0	0.0	2.0	275.0	275.0	296.0	21.0	80.0	4.0	3.0	1.0	
512.0	0.0	2.0	275.0	275.0	296.0	21.0	63.0	4.0	15.0	1.0	
513.0	0.0	2.0	275.0	275.0	296.0	21.0	66.0	4.0	12.0	5.0	
514.0	0.0	2.0	275.0	275.0	296.0	21.0	70.0	4.0	11.0	5.0	
515.0	0.0	2.0	275.0	275.0	296.0	21.0	72.0	4.0	11.0	2.0	
516.0	0.0	2.0	275.0	275.0	296.0	21.0	75.0	4.0	8.0	5.0	
517.0	0.0	2.0	275.0	275.0	296.0	21.0	78.0	4.0	8.0	1.0	
518.0	0.0	2.0	275.0	275.0	296.0	21.0	61.0	4.0	12.0	4.0	
519.0	0.0	2.0	275.0	275.0	296.0	21.0	64.0	4.0	4.0	2.0	
520.0	0.0	2.0	275.0	275.0	296.0	21.0	67.0	4.0	3.0	3.0	
521.0	0.0	2.0	275.0	275.0	296.0	21.0	70.0	4.0	11.0	5.0	
522.0	0.0	2.0	275.0	275.0	296.0	21.0	73.0	4.0	13.0	3.0	
523.0	0.0	2.0	275.0	275.0	296.0	21.0	76.0	4.0	6.0	4.0	
524.0	0.0	2.0	275.0	275.0	296.0	21.0	79.0	4.0	7.0	3.0	
525.0	0.0	2.0	275.0	275.0	296.0	21.0	62.0	4.0	7.0	4.0	
526.0	0.0	2.0	275.0	275.0	296.0	21.0	65.0	4.0	11.0	2.0	
527.0	0.0	2.0	275.0	275.0	296.0	21.0	68.0	4.0	5.0	3.0	
528.0	0.0	2.0	275.0	275.0	296.0	21.0	71.0	4.0	11.0	3.0	
529.0	0.0	2.0	275.0	275.0	296.0	21.0	74.0	4.0	1.0	3.0	
530.0	0.0	2.0	275.0	275.0	296.0	21.0	77.0	4.0	8.0	2.0	
531.0	0.0	2.0	275.0	275.0	296.0	21.0	80.0	4.0	3.0	1.0	
532.0	0.0	2.0	275.0	275.0	296.0	21.0	63.0	4.0	15.0	1.0	
533.0	0.0	2.0	275.0	275.0	296.0	21.0	66.0	4.0	12.0	5.0	
534.0	0.0	2.0	275.0	275.0	296.0	21.0	71.0	4.0	11.0	3.0	
535.0	0.0	2.0	275.0	275.0	296.0	21.0	73.0	4.0	13.0	3.0	
536.0	0.0	2.0	275.0	275.0	296.0	21.0	75.0	4.0	8.0	5.0	
537.0	0.0	2.0	275.0	275.0	296.0	21.0	78.0	4.0	8.0	1.0	
538.0	0.0	2.0	275.0	275.0	296.0	21.0	62.0	4.0	7.0	4.0	
539.0	0.0	2.0	275.0	275.0	296.0	21.0	64.0	4.0	4.0	2.0	
540.0	0.0	2.0	275.0	275.0	296.0	21.0	67.0	4.0	3.0	3.0	
541.0	0.0	2.0	275.0	275.0	296.0	21.0	71.0	4.0	11.0	3.0	
542.0	0.0	2.0	275.0	275.0	296.0	21.0	73.0	4.0	13.0	3.0	
543.0	0.0	2.0	275.0	275.0	296.0	21.0	76.0	4.0	6.0	4.0	
544.0	0.0	2.0	275.0	275.0	296.0	21.0	79.0	4.0	7.0	3.0	
545.0	0.0	2.0	275.0	275.0	296.0	21.0	62.0	4.0	7.0	4.0	
546.0	0.0	2.0	275.0	275.0	296.0	21.0	65.0	4.0	11.0	2.0	
547.0	0.0	2.0	275.0	275.0	296.0	21.0	68.0	4.0	5.0	3.0	
548.0	0.0	2.0	275.0	275.0	296.0	21.0	71.0	4.0	11.0	3.0	
549.0	0.0	2.0	275.0	275.0	296.0	21.0	74.0	4.0	1.0	3.0	
550.0	0.0	2.0	275.0	275.0	296.0	21.0	77.0	4.0	8.0	2.0	
551.0	0.0	2.0	275.0	275.0	296.0	21.0	62.0	4.0	7.0	4.0	
552.0	0.0	2.0	275.0	275.0	296.0	21.0	63.0	4.0	15.0	1.0	
553.0	0.0	2.0	275.0	275.0	296.0	21.0	66.0	4.0	12.0	5.0	
554.0	1.0	2.0	275.0	275.0	298.0	23.0	16.0	1.0	14.0	2.0	
555.0	1.0	2.0	275.0	275.0	298.0	23.0	46.0	3.0	14.0	3.0	
556.0	0.0	2.0	275.0	275.0	296.0	21.0	75.0	4.0	8.0	5.0	
557.0	0.0	2.0	275.0	275.0	296.0	21.0	78.0	4.0	8.0	1.0	
558.0	0.0	2.0	275.0	275.0	296.0	21.0	62.0	4.0	7.0	4.0	
559.0	0.0	2.0	275.0	275.0	296.0	21.0	64.0	4.0	4.0	2.0	
560.0	0.0	2.0	275.0	275.0	296.0	21.0	67.0	4.0	3.0	3.0	
561.0	1.0	2.0	275.0	275.0	298.0	23.0	30.0	2.0	14.0	1.0	
562.0	0.0	2.0	275.0	275.0	296.0	21.0	75.0	4.0	8.0	5.0	
563.0	0.0	2.0	275.0	275.0	296.0	21.0	77.0	4.0	8.0	2.0	
564.0	0.0	2.0	298.0	298.0	319.0	21.0	79.0	4.0	7.0	3.0	
565.0	0.0	2.0	275.0	275.0	296.0	21.0	63.0	4.0	15.0	1.0	
566.0	0.0	2.0	275.0	275.0	296.0	21.0	65.0	4.0	11.0	2.0	
567.0	0.0	2.0	275.0	275.0	296.0	21.0	68.0	4.0	5.0	3.0	
568.0	1.0	2.0	275.0	275.0	298.0	23.0	57.0	3.0	14.0	3.0	
569.0	0.0	2.0	275.0	275.0	296.0	21.0	75.0	4.0	8.0	5.0	
570.0	0.0	2.0	275.0	275.0	296.0	21.0	78.0	4.0	8.0	1.0	
571.0	0.0	2.0	298.0	298.0	319.0	21.0	80.0	4.0	3.0	1.0	
572.0	1.0	2.0	275.0	275.0	298.0	23.0	58.0	3.0	11.0	4.0	
573.0	0.0	2.0	275.0	275.0	296.0	21.0	66.0	4.0	12.0	5.0	
574.0	1.0	2.0	275.0	275.0	298.0	23.0	23.0	2.0	7.0	3.0	
575.0	1.0	2.0	275.0	275.0	298.0	23.0	42.0	3.0	4.0	1.0	
576.0	0.0	2.0	298.0	298.0	319.0	21.0	77.0	4.0	8.0	2.0	
577.0	0.0	2.0	298.0	298.0	319.0	21.0	80.0	4.0	3.0	1.0	
578.0	0.0	2.0	298.0	298.0	319.0	21.0	61.0	4.0	12.0	4.0	
579.0	0.0	2.0	275.0	275.0	296.0	21.0	66.0	4.0	12.0	5.0	
580.0	0.0	2.0	275.0	275.0	296.0	21.0	67.0	4.0	3.0	3.0	
581.0	0.0	2.0	298.0	298.0	319.0	21.0	70.0	4.0	11.0	5.0	
582.0	1.0	2.0	298.0	298.0	321.0	23.0	8.0	1.0	15.0	3.0	
583.0	1.0	2.0	275.0	275.0	298.0	23.0	52.0	3.0	4.0	3.0	
584.0	0.0	2.0	298.0	298.0	319.0	21.0	80.0	4.0	3.0	1.0	
585.0	1.0	2.0	298.0	298.0	321.0	23.0	65.0	4.0	11.0	2.0	
586.0	0.0	2.0	275.0	275.0	296.0	21.0	66.0	4.0	12.0	5.0	
587.0	0.0	2.0	275.0	275.0	296.0	21.0	68.0	4.0	5.0	3.0	
588.0	1.0	2.0	275.0	275.0	298.0	23.0	43.0	3.0	13.0	1.0	
589.0	0.0	2.0	311.0	311.0	332.0	21.0	74.0	4.0	1.0	3.0	
590.0	0.0	2.0	298.0	298.0	319.0	21.0	77.0	4.0	8.0	2.0	
591.0	0.0	2.0	298.0	298.0	319.0	21.0	61.0	4.0	12.0	4.0	
592.0	0.0	2.0	311.0	311.0	332.0	21.0	65.0	4.0	11.0	2.0	
593.0	0.0	2.0	275.0	275.0	296.0	21.0	67.0	4.0	3.0	3.0	
594.0	0.0	2.0	298.0	298.0	319.0	21.0	69.0	4.0	12.0	2.0	
595.0	0.0	2.0	298.0	298.0	319.0	21.0	72.0	4.0	11.0	2.0	
596.0	0.0	2.0	311.0	311.0	332.0	21.0	75.0	4.0	8.0	5.0	
597.0	0.0	2.0	311.0	311.0	332.0	21.0	79.0	4.0	7.0	3.0	
598.0	0.0	2.0	298.0	298.0	319.0	21.0	61.0	4.0	12.0	4.0	
599.0	1.0	2.0	298.0	298.0	321.0	23.0	72.0	4.0	11.0	2.0	
600.0	1.0	2.0	275.0	275.0	298.0	23.0	46.0	3.0	14.0	3.0	
601.0	1.0	2.0	275.0	275.0	298.0	23.0	58.0	3.0	11.0	4.0	
602.0	1.0	2.0	298.0	298.0	321.0	23.0	1.0	1.0	11.0	3.0	
603.0	1.0	2.0	275.0	275.0	298.0	23.0	55.0	3.0	6.0	4.0	
604.0	1.0	2.0	298.0	298.0	321.0	23.0	25.0	2.0	12.0	2.0	
605.0	0.0	2.0	311.0	311.0	332.0	21.0	62.0	4.0	7.0	4.0	
606.0	1.0	2.0	298.0	298.0	321.0	23.0	68.0	4.0	5.0	3.0	
607.0	1.0	2.0	275.0	275.0	298.0	23.0	13.0	1.0	3.0	1.0	
608.0	0.0	2.0	298.0	298.0	319.0	21.0	71.0	4.0	11.0	3.0	
609.0	1.0	2.0	311.0	311.0	334.0	23.0	70.0	4.0	11.0	5.0	
610.0	0.0	2.0	321.0	321.0	342.0	21.0	79.0	4.0	7.0	3.0	
611.0	0.0	2.0	313.0	313.0	334.0	21.0	80.0	4.0	3.0	1.0	
612.0	1.0	2.0	298.0	298.0	321.0	23.0	57.0	3.0	14.0	3.0	
613.0	0.0	2.0	328.0	328.0	349.0	21.0	67.0	4.0	3.0	3.0	
614.0	0.0	2.0	298.0	298.0	319.0	21.0	69.0	4.0	12.0	2.0	
615.0	0.0	2.0	298.0	298.0	319.0	21.0	72.0	4.0	11.0	2.0	
616.0	0.0	2.0	328.0	328.0	349.0	21.0	75.0	4.0	8.0	5.0	
617.0	0.0	2.0	314.0	314.0	335.0	21.0	80.0	4.0	3.0	1.0	
618.0	1.0	2.0	275.0	275.0	298.0	23.0	36.0	2.0	15.0	4.0	
619.0	0.0	2.0	321.0	321.0	342.0	21.0	64.0	4.0	4.0	2.0	
620.0	0.0	2.0	298.0	298.0	319.0	21.0	69.0	4.0	12.0	2.0	
621.0	1.0	2.0	275.0	275.0	298.0	23.0	60.0	3.0	3.0	3.0	
622.0	0.0	2.0	311.0	311.0	332.0	21.0	73.0	4.0	13.0	3.0	
623.0	0.0	2.0	328.0	328.0	349.0	21.0	77.0	4.0	8.0	2.0	
624.0	1.0	2.0	275.0	275.0	298.0	23.0	26.0	2.0	1.0	2.0	
625.0	1.0	2.0	275.0	275.0	298.0	23.0	50.0	3.0	9.0	1.0	
626.0	1.0	2.0	298.0	298.0	321.0	23.0	69.0	4.0	12.0	2.0	
627.0	0.0	2.0	298.0	298.0	319.0	21.0	69.0	4.0	12.0	2.0	
628.0	0.0	2.0	298.0	298.0	319.0	21.0	72.0	4.0	11.0	2.0	
629.0	1.0	2.0	298.0	298.0	321.0	23.0	17.0	1.0	11.0	4.0	
630.0	1.0	2.0	298.0	298.0	321.0	23.0	48.0	3.0	13.0	4.0	
631.0	0.0	2.0	319.0	319.0	340.0	21.0	80.0	4.0	3.0	1.0	
632.0	1.0	2.0	298.0	298.0	321.0	23.0	10.0	1.0	15.0	1.0	
633.0	1.0	2.0	311.0	311.0	334.0	23.0	70.0	4.0	11.0	5.0	
634.0	0.0	2.0	298.0	298.0	319.0	21.0	70.0	4.0	11.0	5.0	
635.0	1.0	2.0	275.0	275.0	298.0	23.0	49.0	3.0	12.0	1.0	
636.0	0.0	2.0	330.0	330.0	351.0	21.0	76.0	4.0	6.0	4.0	
637.0	0.0	2.0	332.0	332.0	353.0	21.0	79.0	4.0	7.0	3.0	
638.0	1.0	2.0	275.0	275.0	298.0	23.0	50.0	3.0	9.0	1.0	
639.0	0.0	2.0	330.0	330.0	351.0	21.0	65.0	4.0	11.0	2.0	
640.0	0.0	2.0	313.0	313.0	334.0	21.0	69.0	4.0	12.0	2.0	
641.0	0.0	2.0	311.0	311.0	332.0	21.0	71.0	4.0	11.0	3.0	
642.0	1.0	2.0	298.0	298.0	321.0	23.0	54.0	3.0	10.0	5.0	
643.0	1.0	2.0	275.0	275.0	298.0	23.0	58.0	3.0	11.0	4.0	
644.0	0.0	2.0	328.0	328.0	349.0	21.0	61.0	4.0	12.0	4.0	
645.0	1.0	2.0	298.0	298.0	321.0	23.0	28.0	2.0	8.0	1.0	
646.0	0.0	2.0	313.0	313.0	334.0	21.0	67.0	4.0	3.0	3.0	
647.0	0.0	2.0	313.0	313.0	334.0	21.0	68.0	4.0	5.0	3.0	
648.0	0.0	2.0	311.0	311.0	332.0	21.0	73.0	4.0	13.0	3.0	
649.0	1.0	2.0	298.0	298.0	321.0	23.0	29.0	2.0	2.0	5.0	
650.0	0.0	2.0	313.0	313.0	334.0	21.0	78.0	4.0	8.0	1.0	
651.0	1.0	2.0	298.0	298.0	321.0	23.0	44.0	3.0	3.0	5.0	
652.0	1.0	2.0	298.0	298.0	321.0	23.0	14.0	1.0	13.0	5.0	
653.0	1.0	2.0	298.0	298.0	321.0	23.0	6.0	1.0	7.0	1.0	
654.0	1.0	2.0	298.0	298.0	321.0	23.0	9.0	1.0	15.0	5.0	
655.0	0.0	2.0	313.0	313.0	334.0	21.0	74.0	4.0	1.0	3.0	
656.0	0.0	2.0	313.0	313.0	334.0	21.0	75.0	4.0	8.0	5.0	
657.0	1.0	2.0	298.0	298.0	321.0	23.0	41.0	3.0	15.0	4.0	
658.0	0.0	2.0	314.0	314.0	335.0	21.0	63.0	4.0	15.0	1.0	
659.0	1.0	2.0	298.0	298.0	321.0	23.0	34.0	2.0	14.0	1.0	
660.0	1.0	2.0	275.0	275.0	298.0	23.0	56.0	3.0	13.0	5.0	
661.0	0.0	2.0	313.0	313.0	334.0	21.0	71.0	4.0	11.0	3.0	
662.0	0.0	2.0	330.0	330.0	351.0	21.0	73.0	4.0	13.0	3.0	
663.0	1.0	2.0	275.0	275.0	298.0	23.0	55.0	3.0	6.0	4.0	
664.0	1.0	2.0	275.0	275.0	298.0	23.0	31.0	2.0	8.0	1.0	
665.0	0.0	2.0	332.0	332.0	353.0	21.0	62.0	4.0	7.0	4.0	
666.0	0.0	2.0	313.0	313.0	334.0	21.0	65.0	4.0	11.0	2.0	
667.0	0.0	2.0	313.0	313.0	334.0	21.0	69.0	4.0	12.0	2.0	
668.0	1.0	2.0	275.0	275.0	298.0	23.0	59.0	3.0	9.0	4.0	
669.0	1.0	2.0	298.0	298.0	321.0	23.0	21.0	2.0	9.0	1.0	
670.0	0.0	2.0	313.0	313.0	334.0	21.0	78.0	4.0	8.0	1.0	
671.0	1.0	2.0	298.0	298.0	321.0	23.0	52.0	3.0	4.0	3.0	
672.0	1.0	2.0	275.0	275.0	298.0	23.0	31.0	2.0	8.0	1.0	
673.0	0.0	2.0	313.0	313.0	334.0	21.0	66.0	4.0	12.0	5.0	
674.0	0.0	2.0	313.0	313.0	334.0	21.0	71.0	4.0	11.0	3.0	
675.0	0.0	2.0	313.0	313.0	334.0	21.0	72.0	4.0	11.0	2.0	
676.0	0.0	2.0	313.0	313.0	334.0	21.0	76.0	4.0	6.0	4.0	
677.0	1.0	2.0	313.0	313.0	336.0	23.0	50.0	3.0	9.0	1.0	
678.0	0.0	2.0	313.0	313.0	334.0	21.0	61.0	4.0	12.0	4.0	
679.0	0.0	2.0	334.0	334.0	355.0	21.0	64.0	4.0	4.0	2.0	
680.0	0.0	2.0	313.0	313.0	334.0	21.0	67.0	4.0	3.0	3.0	
681.0	0.0	2.0	313.0	313.0	334.0	21.0	72.0	4.0	11.0	2.0	
682.0	0.0	2.0	313.0	313.0	334.0	21.0	73.0	4.0	13.0	3.0	
683.0	0.0	2.0	313.0	313.0	334.0	21.0	77.0	4.0	8.0	2.0	
684.0	0.0	2.0	313.0	313.0	334.0	21.0	79.0	4.0	7.0	3.0	
685.0	0.0	2.0	313.0	313.0	334.0	21.0	62.0	4.0	7.0	4.0	
686.0	0.0	2.0	313.0	313.0	334.0	21.0	65.0	4.0	11.0	2.0	
687.0	0.0	2.0	313.0	313.0	334.0	21.0	68.0	4.0	5.0	3.0	
688.0	0.0	2.0	313.0	313.0	334.0	21.0	71.0	4.0	11.0	3.0	
689.0	1.0	2.0	275.0	275.0	298.0	23.0	51.0	3.0	2.0	3.0	
690.0	1.0	2.0	298.0	298.0	321.0	23.0	55.0	3.0	6.0	4.0	
691.0	1.0	2.0	298.0	298.0	321.0	23.0	5.0	1.0	15.0	2.0	
692.0	1.0	2.0	298.0	298.0	321.0	23.0	45.0	3.0	5.0	4.0	
693.0	1.0	2.0	298.0	298.0	321.0	23.0	39.0	2.0	14.0	2.0	
694.0	1.0	2.0	275.0	275.0	298.0	23.0	53.0	3.0	12.0	3.0	
695.0	1.0	2.0	275.0	275.0	298.0	23.0	22.0	2.0	6.0	2.0	
696.0	0.0	2.0	313.0	313.0	334.0	21.0	77.0	4.0	8.0	2.0	
697.0	0.0	2.0	313.0	313.0	334.0	21.0	78.0	4.0	8.0	1.0	
698.0	1.0	2.0	275.0	275.0	298.0	23.0	51.0	3.0	2.0	3.0	
699.0	1.0	2.0	332.0	332.0	355.0	23.0	75.0	4.0	8.0	5.0	
700.0	1.0	2.0	298.0	298.0	321.0	23.0	34.0	2.0	14.0	1.0	
701.0	1.0	2.0	298.0	298.0	321.0	23.0	38.0	2.0	5.0	5.0	
702.0	0.0	2.0	313.0	313.0	334.0	21.0	74.0	4.0	1.0	3.0	
703.0	0.0	2.0	313.0	313.0	334.0	21.0	77.0	4.0	8.0	2.0	
704.0	0.0	2.0	313.0	313.0	334.0	21.0	79.0	4.0	7.0	3.0	
705.0	1.0	2.0	332.0	332.0	355.0	23.0	71.0	4.0	11.0	3.0	
706.0	0.0	2.0	330.0	330.0	351.0	21.0	67.0	4.0	3.0	3.0	
707.0	0.0	2.0	313.0	313.0	334.0	21.0	68.0	4.0	5.0	3.0	
708.0	0.0	2.0	332.0	332.0	353.0	21.0	73.0	4.0	13.0	3.0	
709.0	0.0	2.0	313.0	313.0	334.0	21.0	74.0	4.0	1.0	3.0	
710.0	0.0	2.0	334.0	334.0	355.0	21.0	78.0	4.0	8.0	1.0	
711.0	1.0	2.0	298.0	298.0	321.0	23.0	25.0	2.0	12.0	2.0	
712.0	1.0	2.0	321.0	321.0	344.0	23.0	57.0	3.0	14.0	3.0	
713.0	0.0	2.0	331.0	331.0	352.0	21.0	67.0	4.0	3.0	3.0	
714.0	0.0	2.0	330.0	330.0	351.0	21.0	70.0	4.0	11.0	5.0	
715.0	0.0	2.0	332.0	332.0	353.0	21.0	74.0	4.0	1.0	3.0	
716.0	0.0	2.0	334.0	334.0	355.0	21.0	76.0	4.0	6.0	4.0	
717.0	0.0	2.0	313.0	313.0	334.0	21.0	80.0	4.0	3.0	1.0	
718.0	1.0	2.0	275.0	275.0	298.0	23.0	22.0	2.0	6.0	2.0	
719.0	1.0	2.0	328.0	328.0	351.0	23.0	98.0	5.0	15.0	2.0	
720.0	0.0	2.0	334.0	334.0	355.0	21.0	68.0	4.0	5.0	3.0	
721.0	0.0	2.0	334.0	334.0	355.0	21.0	70.0	4.0	11.0	5.0	
722.0	0.0	2.0	334.0	334.0	355.0	21.0	74.0	4.0	1.0	3.0	
723.0	1.0	2.0	336.0	336.0	359.0	23.0	22.0	2.0	6.0	2.0	
724.0	0.0	2.0	313.0	313.0	334.0	21.0	80.0	4.0	3.0	1.0	
725.0	1.0	2.0	316.0	316.0	339.0	23.0	81.0	5.0	3.0	4.0	
726.0	0.0	2.0	351.0	351.0	372.0	21.0	65.0	4.0	11.0	2.0	
727.0	1.0	2.0	328.0	328.0	351.0	23.0	99.0	5.0	12.0	3.0	
728.0	1.0	2.0	275.0	275.0	298.0	23.0	47.0	3.0	15.0	5.0	
729.0	1.0	2.0	315.0	315.0	338.0	23.0	57.0	3.0	14.0	3.0	
730.0	1.0	2.0	336.0	336.0	359.0	23.0	96.0	5.0	15.0	3.0	
731.0	1.0	2.0	298.0	298.0	321.0	23.0	20.0	1.0	4.0	5.0	
732.0	1.0	2.0	315.0	315.0	338.0	23.0	42.0	3.0	4.0	1.0	
733.0	1.0	2.0	332.0	332.0	355.0	23.0	83.0	5.0	5.0	1.0	
734.0	1.0	2.0	333.0	333.0	356.0	23.0	42.0	3.0	4.0	1.0	
735.0	1.0	2.0	275.0	275.0	298.0	23.0	42.0	3.0	4.0	1.0	
736.0	0.0	2.0	338.0	338.0	359.0	21.0	76.0	4.0	6.0	4.0	
737.0	1.0	2.0	347.0	347.0	370.0	23.0	50.0	3.0	9.0	1.0	
738.0	1.0	2.0	298.0	298.0	321.0	23.0	29.0	2.0	2.0	5.0	
739.0	0.0	2.0	342.0	342.0	363.0	21.0	64.0	4.0	4.0	2.0	
740.0	1.0	2.0	334.0	334.0	357.0	23.0	59.0	3.0	9.0	4.0	
741.0	1.0	2.0	275.0	275.0	298.0	23.0	49.0	3.0	12.0	1.0	
742.0	1.0	2.0	315.0	315.0	338.0	23.0	26.0	2.0	1.0	2.0	
743.0	1.0	2.0	331.0	331.0	354.0	23.0	100.0	5.0	14.0	1.0	
744.0	0.0	2.0	313.0	313.0	334.0	21.0	61.0	4.0	12.0	4.0	
745.0	0.0	2.0	333.0	333.0	354.0	21.0	62.0	4.0	7.0	4.0	
746.0	1.0	2.0	342.0	342.0	365.0	23.0	11.0	1.0	4.0	4.0	
747.0	1.0	2.0	328.0	328.0	351.0	23.0	83.0	5.0	5.0	1.0	
748.0	0.0	2.0	338.0	338.0	359.0	21.0	72.0	4.0	11.0	2.0	
749.0	0.0	2.0	338.0	338.0	359.0	21.0	74.0	4.0	1.0	3.0	
750.0	1.0	2.0	333.0	333.0	356.0	23.0	60.0	3.0	3.0	3.0	
751.0	0.0	2.0	330.0	330.0	351.0	21.0	61.0	4.0	12.0	4.0	
752.0	1.0	2.0	275.0	275.0	298.0	23.0	45.0	3.0	5.0	4.0	
753.0	1.0	2.0	275.0	275.0	298.0	23.0	60.0	3.0	3.0	3.0	
754.0	0.0	2.0	334.0	334.0	355.0	21.0	70.0	4.0	11.0	5.0	
755.0	1.0	2.0	332.0	332.0	355.0	23.0	96.0	5.0	15.0	3.0	
756.0	0.0	2.0	351.0	351.0	372.0	21.0	76.0	4.0	6.0	4.0	
757.0	1.0	2.0	298.0	298.0	321.0	23.0	50.0	3.0	9.0	1.0	
758.0	0.0	2.0	334.0	334.0	355.0	21.0	61.0	4.0	12.0	4.0	
759.0	1.0	2.0	336.0	336.0	359.0	23.0	95.0	5.0	8.0	5.0	
760.0	0.0	2.0	338.0	338.0	359.0	21.0	68.0	4.0	5.0	3.0	
761.0	0.0	2.0	275.0	275.0	296.0	21.0	42.0	3.0	4.0	1.0	
762.0	0.0	2.0	298.0	298.0	319.0	21.0	44.0	3.0	3.0	5.0	
763.0	0.0	2.0	275.0	275.0	296.0	21.0	47.0	3.0	15.0	5.0	
764.0	0.0	2.0	275.0	275.0	296.0	21.0	52.0	3.0	4.0	3.0	
765.0	0.0	2.0	298.0	298.0	319.0	21.0	53.0	3.0	12.0	3.0	
766.0	0.0	2.0	275.0	275.0	296.0	21.0	56.0	3.0	13.0	5.0	
767.0	0.0	2.0	275.0	275.0	296.0	21.0	59.0	3.0	9.0	4.0	
768.0	0.0	2.0	298.0	298.0	319.0	21.0	43.0	3.0	13.0	1.0	
769.0	0.0	2.0	275.0	275.0	296.0	21.0	47.0	3.0	15.0	5.0	
770.0	0.0	2.0	275.0	275.0	296.0	21.0	48.0	3.0	13.0	4.0	
771.0	0.0	2.0	298.0	298.0	319.0	21.0	51.0	3.0	2.0	3.0	
772.0	0.0	2.0	298.0	298.0	319.0	21.0	54.0	3.0	10.0	5.0	
773.0	0.0	2.0	275.0	275.0	296.0	21.0	59.0	3.0	9.0	4.0	
774.0	0.0	2.0	298.0	298.0	319.0	21.0	60.0	3.0	3.0	3.0	
775.0	0.0	2.0	298.0	298.0	319.0	21.0	43.0	3.0	13.0	1.0	
776.0	0.0	2.0	275.0	275.0	296.0	21.0	48.0	3.0	13.0	4.0	
777.0	0.0	2.0	275.0	275.0	296.0	21.0	49.0	3.0	12.0	1.0	
778.0	0.0	2.0	298.0	298.0	319.0	21.0	53.0	3.0	12.0	3.0	
779.0	0.0	2.0	298.0	298.0	319.0	21.0	56.0	3.0	13.0	5.0	
780.0	0.0	2.0	298.0	298.0	319.0	21.0	59.0	3.0	9.0	4.0	
781.0	0.0	2.0	298.0	298.0	319.0	21.0	41.0	3.0	15.0	4.0	
782.0	0.0	2.0	298.0	298.0	319.0	21.0	45.0	3.0	5.0	4.0	
783.0	0.0	2.0	298.0	298.0	319.0	21.0	48.0	3.0	13.0	4.0	
784.0	0.0	2.0	298.0	298.0	319.0	21.0	50.0	3.0	9.0	1.0	
785.0	0.0	2.0	298.0	298.0	319.0	21.0	54.0	3.0	10.0	5.0	
786.0	0.0	2.0	298.0	298.0	319.0	21.0	56.0	3.0	13.0	5.0	
787.0	0.0	2.0	298.0	298.0	319.0	21.0	60.0	3.0	3.0	3.0	
788.0	0.0	2.0	298.0	298.0	319.0	21.0	43.0	3.0	13.0	1.0	
789.0	0.0	2.0	321.0	321.0	342.0	21.0	47.0	3.0	15.0	5.0	
790.0	0.0	2.0	311.0	311.0	332.0	21.0	49.0	3.0	12.0	1.0	
791.0	0.0	2.0	330.0	330.0	351.0	21.0	52.0	3.0	4.0	3.0	
792.0	1.0	2.0	332.0	332.0	355.0	23.0	86.0	5.0	15.0	4.0	
793.0	0.0	2.0	298.0	298.0	319.0	21.0	57.0	3.0	14.0	3.0	
794.0	0.0	2.0	321.0	321.0	342.0	21.0	41.0	3.0	15.0	4.0	
795.0	0.0	2.0	321.0	321.0	342.0	21.0	44.0	3.0	3.0	5.0	
796.0	1.0	2.0	298.0	298.0	321.0	23.0	39.0	2.0	14.0	2.0	
797.0	0.0	2.0	315.0	315.0	336.0	21.0	49.0	3.0	12.0	1.0	
798.0	1.0	2.0	275.0	275.0	298.0	23.0	27.0	2.0	13.0	4.0	
799.0	1.0	2.0	328.0	328.0	351.0	23.0	89.0	5.0	14.0	2.0	
800.0	0.0	2.0	333.0	333.0	354.0	21.0	59.0	3.0	9.0	4.0	
801.0	1.0	2.0	333.0	333.0	356.0	23.0	16.0	1.0	14.0	2.0	
802.0	0.0	2.0	330.0	330.0	351.0	21.0	45.0	3.0	5.0	4.0	
803.0	0.0	2.0	321.0	321.0	342.0	21.0	48.0	3.0	13.0	4.0	
804.0	1.0	2.0	298.0	298.0	321.0	23.0	37.0	2.0	5.0	2.0	
805.0	0.0	2.0	330.0	330.0	351.0	21.0	53.0	3.0	12.0	3.0	
806.0	0.0	2.0	333.0	333.0	354.0	21.0	56.0	3.0	13.0	5.0	
807.0	0.0	2.0	311.0	311.0	332.0	21.0	59.0	3.0	9.0	4.0	
808.0	1.0	2.0	336.0	336.0	359.0	23.0	87.0	5.0	5.0	5.0	
809.0	1.0	2.0	330.0	330.0	353.0	23.0	61.0	4.0	12.0	4.0	
810.0	0.0	2.0	311.0	311.0	332.0	21.0	48.0	3.0	13.0	4.0	
811.0	0.0	2.0	334.0	334.0	355.0	21.0	53.0	3.0	12.0	3.0	
812.0	1.0	2.0	331.0	331.0	354.0	23.0	87.0	5.0	5.0	5.0	
813.0	0.0	2.0	333.0	333.0	354.0	21.0	57.0	3.0	14.0	3.0	
814.0	1.0	2.0	330.0	330.0	353.0	23.0	78.0	4.0	8.0	1.0	
815.0	0.0	2.0	338.0	338.0	359.0	21.0	44.0	3.0	3.0	5.0	
816.0	0.0	2.0	332.0	332.0	353.0	21.0	48.0	3.0	13.0	4.0	
817.0	0.0	2.0	333.0	333.0	354.0	21.0	49.0	3.0	12.0	1.0	
818.0	0.0	2.0	330.0	330.0	351.0	21.0	52.0	3.0	4.0	3.0	
819.0	0.0	2.0	333.0	333.0	354.0	21.0	55.0	3.0	6.0	4.0	
820.0	0.0	2.0	334.0	334.0	355.0	21.0	60.0	3.0	3.0	3.0	
821.0	1.0	2.0	331.0	331.0	354.0	23.0	96.0	5.0	15.0	3.0	
822.0	0.0	2.0	330.0	330.0	351.0	21.0	44.0	3.0	3.0	5.0	
823.0	1.0	2.0	336.0	336.0	359.0	23.0	35.0	2.0	10.0	5.0	
824.0	0.0	2.0	336.0	336.0	357.0	21.0	50.0	3.0	9.0	1.0	
825.0	0.0	2.0	338.0	338.0	359.0	21.0	55.0	3.0	6.0	4.0	
826.0	0.0	2.0	334.0	334.0	355.0	21.0	57.0	3.0	14.0	3.0	
827.0	1.0	2.0	337.0	337.0	360.0	23.0	92.0	5.0	10.0	4.0	
828.0	0.0	2.0	342.0	342.0	363.0	21.0	44.0	3.0	3.0	5.0	
829.0	1.0	2.0	337.0	337.0	360.0	23.0	83.0	5.0	5.0	1.0	
830.0	0.0	2.0	338.0	338.0	359.0	21.0	50.0	3.0	9.0	1.0	
831.0	1.0	2.0	328.0	328.0	351.0	23.0	87.0	5.0	5.0	5.0	
832.0	0.0	2.0	334.0	334.0	355.0	21.0	56.0	3.0	13.0	5.0	
833.0	1.0	2.0	336.0	336.0	359.0	23.0	99.0	5.0	12.0	3.0	
834.0	1.0	2.0	336.0	336.0	359.0	23.0	82.0	5.0	6.0	2.0	
835.0	1.0	2.0	313.0	313.0	336.0	23.0	87.0	5.0	5.0	5.0	
836.0	1.0	2.0	328.0	328.0	351.0	23.0	81.0	5.0	3.0	4.0	
837.0	1.0	2.0	336.0	336.0	359.0	23.0	84.0	5.0	12.0	2.0	
838.0	0.0	2.0	338.0	338.0	359.0	21.0	52.0	3.0	4.0	3.0	
839.0	0.0	2.0	313.0	313.0	334.0	21.0	56.0	3.0	13.0	5.0	
840.0	0.0	2.0	313.0	313.0	334.0	21.0	59.0	3.0	9.0	4.0	
841.0	0.0	2.0	342.0	342.0	363.0	21.0	41.0	3.0	15.0	4.0	
842.0	1.0	2.0	313.0	313.0	336.0	23.0	96.0	5.0	15.0	3.0	
843.0	1.0	2.0	338.0	338.0	361.0	23.0	8.0	1.0	15.0	3.0	
844.0	1.0	2.0	336.0	336.0	359.0	23.0	97.0	5.0	9.0	3.0	
845.0	1.0	2.0	298.0	298.0	321.0	23.0	7.0	1.0	11.0	1.0	
846.0	1.0	2.0	330.0	330.0	353.0	23.0	69.0	4.0	12.0	2.0	
847.0	0.0	2.0	349.0	349.0	370.0	21.0	59.0	3.0	9.0	4.0	
848.0	1.0	2.0	313.0	313.0	336.0	23.0	91.0	5.0	9.0	5.0	
849.0	1.0	2.0	313.0	313.0	336.0	23.0	93.0	5.0	4.0	5.0	
850.0	1.0	2.0	338.0	338.0	361.0	23.0	57.0	3.0	14.0	3.0	
851.0	0.0	2.0	338.0	338.0	359.0	21.0	51.0	3.0	2.0	3.0	
852.0	1.0	2.0	315.0	315.0	338.0	23.0	23.0	2.0	7.0	3.0	
853.0	1.0	2.0	315.0	315.0	338.0	23.0	27.0	2.0	13.0	4.0	
854.0	1.0	2.0	328.0	328.0	351.0	23.0	99.0	5.0	12.0	3.0	
855.0	1.0	2.0	298.0	298.0	321.0	23.0	24.0	2.0	14.0	4.0	
856.0	0.0	2.0	342.0	342.0	363.0	21.0	47.0	3.0	15.0	5.0	
857.0	0.0	2.0	349.0	349.0	370.0	21.0	49.0	3.0	12.0	1.0	
858.0	1.0	2.0	313.0	313.0	336.0	23.0	85.0	5.0	3.0	5.0	
859.0	0.0	2.0	338.0	338.0	359.0	21.0	55.0	3.0	6.0	4.0	
860.0	1.0	2.0	313.0	313.0	336.0	23.0	95.0	5.0	8.0	5.0	
861.0	1.0	2.0	313.0	313.0	336.0	23.0	82.0	5.0	6.0	2.0	
862.0	0.0	2.0	347.0	347.0	368.0	21.0	45.0	3.0	5.0	4.0	
863.0	0.0	2.0	342.0	342.0	363.0	21.0	48.0	3.0	13.0	4.0	
864.0	0.0	2.0	350.0	350.0	371.0	21.0	52.0	3.0	4.0	3.0	
865.0	1.0	2.0	332.0	332.0	355.0	23.0	83.0	5.0	5.0	1.0	
866.0	1.0	2.0	337.0	337.0	360.0	23.0	94.0	5.0	13.0	1.0	
867.0	1.0	2.0	330.0	330.0	353.0	23.0	47.0	3.0	15.0	5.0	
868.0	0.0	2.0	347.0	347.0	368.0	21.0	42.0	3.0	4.0	1.0	
869.0	1.0	2.0	313.0	313.0	336.0	23.0	97.0	5.0	9.0	3.0	
870.0	1.0	2.0	328.0	328.0	351.0	23.0	84.0	5.0	12.0	2.0	
871.0	1.0	2.0	313.0	313.0	336.0	23.0	84.0	5.0	12.0	2.0	
872.0	0.0	2.0	338.0	338.0	359.0	21.0	54.0	3.0	10.0	5.0	
873.0	1.0	2.0	313.0	313.0	336.0	23.0	93.0	5.0	4.0	5.0	
874.0	1.0	2.0	351.0	351.0	374.0	23.0	63.0	4.0	15.0	1.0	
875.0	0.0	2.0	351.0	351.0	372.0	21.0	44.0	3.0	3.0	5.0	
876.0	0.0	2.0	330.0	330.0	351.0	21.0	48.0	3.0	13.0	4.0	
877.0	1.0	2.0	332.0	332.0	355.0	23.0	100.0	5.0	14.0	1.0	
878.0	0.0	2.0	338.0	338.0	359.0	21.0	53.0	3.0	12.0	3.0	
879.0	1.0	2.0	313.0	313.0	336.0	23.0	94.0	5.0	13.0	1.0	
880.0	0.0	2.0	338.0	338.0	359.0	21.0	58.0	3.0	11.0	4.0	
881.0	1.0	2.0	336.0	336.0	359.0	23.0	26.0	2.0	1.0	2.0	
882.0	1.0	2.0	332.0	332.0	355.0	23.0	86.0	5.0	15.0	4.0	
883.0	1.0	2.0	313.0	313.0	336.0	23.0	91.0	5.0	9.0	5.0	
884.0	0.0	2.0	351.0	351.0	372.0	21.0	52.0	3.0	4.0	3.0	
885.0	1.0	2.0	313.0	313.0	336.0	23.0	83.0	5.0	5.0	1.0	
886.0	0.0	2.0	353.0	353.0	374.0	21.0	58.0	3.0	11.0	4.0	
887.0	1.0	2.0	351.0	351.0	374.0	23.0	53.0	3.0	12.0	3.0	
888.0	1.0	2.0	313.0	313.0	336.0	23.0	95.0	5.0	8.0	5.0	
889.0	1.0	2.0	313.0	313.0	336.0	23.0	98.0	5.0	15.0	2.0	
890.0	0.0	2.0	351.0	351.0	372.0	21.0	48.0	3.0	13.0	4.0	
891.0	1.0	2.0	337.0	337.0	360.0	23.0	97.0	5.0	9.0	3.0	
892.0	1.0	2.0	313.0	313.0	336.0	23.0	97.0	5.0	9.0	3.0	
893.0	1.0	2.0	328.0	328.0	351.0	23.0	86.0	5.0	15.0	4.0	
894.0	0.0	2.0	355.0	355.0	376.0	21.0	42.0	3.0	4.0	1.0	
895.0	0.0	2.0	351.0	351.0	372.0	21.0	45.0	3.0	5.0	4.0	
896.0	0.0	2.0	347.0	347.0	368.0	21.0	46.0	3.0	14.0	3.0	
897.0	0.0	2.0	355.0	355.0	376.0	21.0	49.0	3.0	12.0	1.0	
898.0	0.0	2.0	351.0	351.0	372.0	21.0	52.0	3.0	4.0	3.0	
899.0	0.0	2.0	354.0	354.0	375.0	21.0	55.0	3.0	6.0	4.0	
900.0	1.0	2.0	328.0	328.0	351.0	23.0	88.0	5.0	4.0	3.0	
901.0	0.0	2.0	356.0	356.0	377.0	21.0	41.0	3.0	15.0	4.0	
902.0	1.0	2.0	313.0	313.0	336.0	23.0	35.0	2.0	10.0	5.0	
903.0	0.0	2.0	347.0	347.0	368.0	21.0	47.0	3.0	15.0	5.0	
904.0	0.0	2.0	356.0	356.0	377.0	21.0	50.0	3.0	9.0	1.0	
905.0	1.0	2.0	332.0	332.0	355.0	23.0	85.0	5.0	3.0	5.0	
906.0	1.0	2.0	313.0	313.0	336.0	23.0	88.0	5.0	4.0	3.0	
907.0	1.0	2.0	330.0	330.0	353.0	23.0	65.0	4.0	11.0	2.0	
908.0	0.0	2.0	359.0	359.0	380.0	21.0	44.0	3.0	3.0	5.0	
909.0	1.0	2.0	298.0	298.0	321.0	23.0	24.0	2.0	14.0	4.0	
910.0	0.0	2.0	353.0	353.0	374.0	21.0	48.0	3.0	13.0	4.0	
911.0	1.0	2.0	351.0	351.0	374.0	23.0	78.0	4.0	8.0	1.0	
912.0	1.0	2.0	313.0	313.0	336.0	23.0	87.0	5.0	5.0	5.0	
913.0	0.0	2.0	298.0	298.0	319.0	21.0	21.0	2.0	9.0	1.0	
914.0	1.0	2.0	346.0	346.0	370.0	24.0	81.0	5.0	3.0	4.0	
915.0	1.0	2.0	313.0	313.0	336.0	23.0	92.0	5.0	10.0	4.0	
916.0	1.0	2.0	334.0	334.0	357.0	23.0	80.0	4.0	3.0	1.0	
917.0	0.0	2.0	275.0	275.0	296.0	21.0	35.0	2.0	10.0	5.0	
918.0	0.0	2.0	298.0	298.0	319.0	21.0	38.0	2.0	5.0	5.0	
919.0	0.0	2.0	353.0	353.0	374.0	21.0	40.0	2.0	11.0	3.0	
920.0	0.0	2.0	315.0	315.0	336.0	21.0	23.0	2.0	7.0	3.0	
921.0	0.0	2.0	315.0	315.0	336.0	21.0	26.0	2.0	1.0	2.0	
922.0	0.0	2.0	347.0	347.0	368.0	21.0	30.0	2.0	14.0	1.0	
923.0	0.0	2.0	315.0	315.0	336.0	21.0	33.0	2.0	14.0	1.0	
924.0	0.0	2.0	275.0	275.0	296.0	21.0	35.0	2.0	10.0	5.0	
925.0	0.0	2.0	356.0	356.0	377.0	21.0	38.0	2.0	5.0	5.0	
926.0	0.0	2.0	315.0	315.0	336.0	21.0	22.0	2.0	6.0	2.0	
927.0	1.0	2.0	334.0	334.0	357.0	23.0	69.0	4.0	12.0	2.0	
928.0	0.0	2.0	336.0	336.0	357.0	21.0	27.0	2.0	13.0	4.0	
929.0	0.0	2.0	352.0	352.0	373.0	21.0	31.0	2.0	8.0	1.0	
930.0	1.0	2.0	334.0	334.0	357.0	23.0	78.0	4.0	8.0	1.0	
931.0	0.0	2.0	313.0	313.0	334.0	21.0	35.0	2.0	10.0	5.0	
932.0	1.0	2.0	313.0	313.0	336.0	23.0	83.0	5.0	5.0	1.0	
933.0	0.0	2.0	336.0	336.0	357.0	21.0	23.0	2.0	7.0	3.0	
934.0	1.0	2.0	351.0	351.0	374.0	23.0	67.0	4.0	3.0	3.0	
935.0	0.0	2.0	338.0	338.0	359.0	21.0	27.0	2.0	13.0	4.0	
936.0	0.0	2.0	353.0	353.0	374.0	21.0	32.0	2.0	14.0	3.0	
937.0	1.0	2.0	313.0	313.0	336.0	23.0	87.0	5.0	5.0	5.0	
938.0	1.0	2.0	313.0	313.0	336.0	23.0	100.0	5.0	14.0	1.0	
939.0	1.0	2.0	313.0	313.0	336.0	23.0	84.0	5.0	12.0	2.0	
940.0	0.0	2.0	359.0	359.0	380.0	21.0	22.0	2.0	6.0	2.0	
941.0	1.0	2.0	313.0	313.0	336.0	23.0	82.0	5.0	6.0	2.0	
942.0	1.0	2.0	330.0	330.0	353.0	23.0	70.0	4.0	11.0	5.0	
943.0	1.0	2.0	334.0	334.0	357.0	23.0	79.0	4.0	7.0	3.0	
944.0	1.0	2.0	334.0	334.0	357.0	23.0	97.0	5.0	9.0	3.0	
945.0	1.0	2.0	330.0	330.0	353.0	23.0	72.0	4.0	11.0	2.0	
946.0	1.0	2.0	313.0	313.0	336.0	23.0	84.0	5.0	12.0	2.0	
947.0	1.0	2.0	346.0	346.0	370.0	24.0	88.0	5.0	4.0	3.0	
948.0	1.0	2.0	313.0	313.0	336.0	23.0	82.0	5.0	6.0	2.0	
949.0	1.0	2.0	313.0	313.0	336.0	23.0	71.0	4.0	11.0	3.0	
950.0	1.0	2.0	334.0	334.0	357.0	23.0	79.0	4.0	7.0	3.0	
951.0	0.0	2.0	334.0	334.0	355.0	21.0	35.0	2.0	10.0	5.0	
952.0	1.0	2.0	330.0	330.0	353.0	23.0	80.0	4.0	3.0	1.0	
953.0	0.0	2.0	356.0	356.0	377.0	21.0	21.0	2.0	9.0	1.0	
954.0	1.0	2.0	353.0	353.0	376.0	23.0	40.0	2.0	11.0	3.0	
955.0	1.0	2.0	313.0	313.0	336.0	23.0	98.0	5.0	15.0	2.0	
956.0	1.0	2.0	313.0	313.0	336.0	23.0	95.0	5.0	8.0	5.0	
957.0	1.0	2.0	352.0	352.0	375.0	23.0	94.0	5.0	13.0	1.0	
958.0	1.0	2.0	351.0	351.0	374.0	23.0	81.0	5.0	3.0	4.0	
959.0	1.0	2.0	334.0	334.0	357.0	23.0	75.0	4.0	8.0	5.0	
960.0	1.0	2.0	351.0	351.0	374.0	23.0	73.0	4.0	13.0	3.0	
961.0	1.0	2.0	331.0	331.0	354.0	23.0	88.0	5.0	4.0	3.0	
962.0	1.0	2.0	351.0	351.0	374.0	23.0	98.0	5.0	15.0	2.0	
963.0	1.0	2.0	337.0	337.0	360.0	23.0	89.0	5.0	14.0	2.0	
964.0	1.0	2.0	334.0	334.0	357.0	23.0	78.0	4.0	8.0	1.0	
965.0	1.0	2.0	359.0	359.0	382.0	23.0	72.0	4.0	11.0	2.0	
966.0	1.0	2.0	334.0	334.0	357.0	23.0	73.0	4.0	13.0	3.0	
967.0	1.0	2.0	351.0	351.0	374.0	23.0	70.0	4.0	11.0	5.0	
968.0	1.0	2.0	337.0	337.0	360.0	23.0	94.0	5.0	13.0	1.0	
969.0	1.0	2.0	359.0	359.0	382.0	23.0	76.0	4.0	6.0	4.0	
970.0	1.0	2.0	313.0	313.0	336.0	23.0	85.0	5.0	3.0	5.0	
971.0	1.0	2.0	334.0	334.0	357.0	23.0	78.0	4.0	8.0	1.0	
972.0	1.0	2.0	313.0	313.0	336.0	23.0	100.0	5.0	14.0	1.0	
973.0	1.0	2.0	354.0	354.0	377.0	23.0	62.0	4.0	7.0	4.0	
974.0	0.0	2.0	359.0	359.0	380.0	21.0	26.0	2.0	1.0	2.0	
975.0	0.0	2.0	359.0	359.0	380.0	21.0	27.0	2.0	13.0	4.0	
976.0	1.0	2.0	334.0	334.0	357.0	23.0	65.0	4.0	11.0	2.0	
977.0	0.0	2.0	355.0	356.0	377.0	21.0	35.0	2.0	10.0	5.0	
978.0	1.0	2.0	356.0	356.0	379.0	23.0	48.0	3.0	13.0	4.0	
979.0	1.0	2.0	337.0	337.0	360.0	23.0	94.0	5.0	13.0	1.0	
980.0	0.0	2.0	335.0	335.0	356.0	21.0	22.0	2.0	6.0	2.0	
981.0	1.0	2.0	351.0	351.0	374.0	23.0	81.0	5.0	3.0	4.0	
982.0	1.0	2.0	313.0	313.0	336.0	23.0	64.0	4.0	4.0	2.0	
983.0	1.0	2.0	328.0	328.0	351.0	23.0	100.0	5.0	14.0	1.0	
984.0	1.0	2.0	346.0	346.0	369.0	23.0	94.0	5.0	13.0	1.0	
985.0	1.0	2.0	313.0	313.0	336.0	23.0	93.0	5.0	4.0	5.0	
986.0	1.0	2.0	355.0	355.0	378.0	23.0	78.0	4.0	8.0	1.0	
987.0	1.0	2.0	336.0	336.0	359.0	23.0	93.0	5.0	4.0	5.0	
988.0	1.0	2.0	332.0	332.0	355.0	23.0	86.0	5.0	15.0	4.0	
989.0	0.0	2.0	335.0	335.0	356.0	21.0	3.0	1.0	6.0	4.0	
990.0	0.0	2.0	338.0	338.0	359.0	21.0	4.0	1.0	9.0	4.0	
991.0	1.0	2.0	360.0	360.0	383.0	23.0	93.0	5.0	4.0	5.0	
992.0	0.0	2.0	321.0	321.0	342.0	21.0	11.0	1.0	4.0	4.0	
993.0	1.0	2.0	313.0	313.0	336.0	23.0	94.0	5.0	13.0	1.0	
994.0	1.0	2.0	351.0	351.0	374.0	23.0	66.0	4.0	12.0	5.0	
995.0	0.0	2.0	338.0	338.0	359.0	21.0	1.0	1.0	11.0	3.0	
996.0	0.0	2.0	359.0	359.0	380.0	21.0	4.0	1.0	9.0	4.0	
997.0	1.0	2.0	364.0	364.0	387.0	23.0	92.0	5.0	10.0	4.0	
998.0	1.0	2.0	336.0	336.0	359.0	23.0	97.0	5.0	9.0	3.0	
999.0	1.0	2.0	313.0	313.0	336.0	23.0	93.0	5.0	4.0	5.0	
1000.0	1.0	2.0	313.0	313.0	336.0	23.0	83.0	5.0	5.0	1.0	
1001.0	1.0	2.0	361.0	361.0	384.0	23.0	91.0	5.0	9.0	5.0	
1002.0	1.0	2.0	356.0	356.0	379.0	23.0	12.0	1.0	5.0	3.0	
1003.0	1.0	2.0	368.0	368.0	391.0	23.0	73.0	4.0	13.0	3.0	
1004.0	0.0	2.0	361.0	361.0	382.0	21.0	8.0	1.0	15.0	3.0	
1005.0	0.0	2.0	338.0	338.0	359.0	21.0	10.0	1.0	15.0	1.0	
1006.0	0.0	2.0	335.0	335.0	356.0	21.0	13.0	1.0	3.0	1.0	
1007.0	1.0	2.0	355.0	355.0	378.0	23.0	54.0	3.0	10.0	5.0	
1008.0	1.0	2.0	334.0	334.0	357.0	23.0	80.0	4.0	3.0	1.0	
1009.0	1.0	2.0	313.0	313.0	336.0	23.0	79.0	4.0	7.0	3.0	
1010.0	1.0	2.0	375.0	375.0	398.0	23.0	57.0	3.0	14.0	3.0	
1011.0	1.0	2.0	353.0	353.0	376.0	23.0	58.0	3.0	11.0	4.0	
1012.0	1.0	2.0	355.0	355.0	378.0	23.0	83.0	5.0	5.0	1.0	
1013.0	1.0	2.0	313.0	313.0	336.0	23.0	99.0	5.0	12.0	3.0	
1014.0	1.0	2.0	334.0	334.0	357.0	23.0	79.0	4.0	7.0	3.0	
1015.0	1.0	2.0	313.0	313.0	336.0	23.0	92.0	5.0	10.0	4.0	
1016.0	1.0	2.0	337.0	337.0	360.0	23.0	83.0	5.0	5.0	1.0	
1017.0	1.0	2.0	335.0	335.0	358.0	23.0	51.0	3.0	2.0	3.0	
1018.0	1.0	2.0	334.0	334.0	357.0	23.0	76.0	4.0	6.0	4.0	
1019.0	1.0	2.0	351.0	351.0	374.0	23.0	68.0	4.0	5.0	3.0	
1020.0	1.0	2.0	354.0	354.0	377.0	23.0	76.0	4.0	6.0	4.0	
1021.0	1.0	2.0	379.0	379.0	402.0	23.0	88.0	5.0	4.0	3.0	
1022.0	1.0	2.0	354.0	354.0	377.0	23.0	80.0	4.0	3.0	1.0	
1023.0	1.0	2.0	369.0	369.0	392.0	23.0	64.0	4.0	4.0	2.0	
1024.0	1.0	2.0	354.0	354.0	377.0	23.0	69.0	4.0	12.0	2.0	
=====================================================================================================================================================
Map output of wordcount map task #, VM#, VM Flavour #, PM#, Rack #, Reduce1, Reduce2, etc (how much each map task produces to different reduce tasks)
=====================================================================================================================================================
1.0	81.0	3.0	3.0	4.77	6.32	7.71	7.21	6.97	6.5	8.09	5.01	8.25	7.01	3.29	6.89	4.82	8.66	3.14	8.07	7.91	3.47	7.37	8.14	4.77	
2.0	84.0	12.0	12.0	5.78	3.8	8.11	7.92	3.66	5.24	5.67	7.71	3.17	6.6	7.91	5.37	8.54	8.69	8.5	6.5	4.55	4.24	6.32	3.77	5.98	
3.0	87.0	5.0	5.0	5.95	6.07	4.33	4.06	5.2	7.43	6.42	7.12	3.18	8.56	6.51	8.23	3.36	4.78	6.05	3.7	5.83	3.08	6.31	3.13	6.22	
4.0	90.0	4.0	4.0	7.36	7.13	5.5	3.98	8.32	5.26	4.38	5.84	6.39	4.22	4.67	6.54	5.2	4.93	6.81	4.33	6.41	7.05	8.13	7.09	8.14	
5.0	93.0	4.0	4.0	3.39	4.66	4.84	3.12	5.11	7.9	8.46	5.61	8.92	7.05	6.9	7.59	8.0	3.36	6.63	3.48	4.5	6.33	4.72	5.37	7.96	
6.0	96.0	15.0	15.0	6.65	5.37	4.13	4.24	5.6	7.19	6.28	6.31	7.9	7.84	8.81	4.11	6.47	6.77	5.39	7.44	5.04	7.15	7.44	6.13	3.0	
7.0	99.0	12.0	12.0	6.43	6.11	6.35	6.15	7.64	4.23	5.01	5.03	7.02	8.77	8.6	7.3	4.68	6.22	8.54	4.02	7.63	4.6	5.39	8.56	6.2	
8.0	82.0	6.0	6.0	7.62	7.8	5.09	5.93	4.01	4.97	5.4	8.5	3.95	7.61	3.49	5.98	7.54	3.47	3.97	6.79	6.07	6.02	8.84	4.76	8.69	
9.0	85.0	3.0	3.0	4.42	4.04	5.42	5.0	4.31	6.76	6.48	4.2	4.66	8.15	7.85	8.64	6.89	8.79	3.68	6.36	3.16	4.04	8.75	7.42	3.09	
10.0	88.0	4.0	4.0	3.27	6.56	7.15	6.57	3.62	6.6	7.27	6.18	5.55	8.41	4.15	6.37	8.5	8.05	4.68	7.19	7.32	3.33	4.86	4.5	3.25	
11.0	91.0	9.0	9.0	7.12	5.25	3.5	5.15	8.22	8.74	6.13	5.14	3.71	5.71	6.33	7.64	6.13	4.48	6.47	4.05	7.39	4.28	8.78	6.29	5.28	
12.0	94.0	13.0	13.0	4.52	8.17	6.49	7.53	6.87	3.16	3.55	7.77	8.01	7.64	7.21	7.31	7.35	4.92	5.35	6.42	7.63	4.92	6.16	7.2	5.38	
13.0	97.0	9.0	9.0	3.66	3.56	8.21	5.57	7.45	7.44	7.52	8.29	6.53	5.8	3.1	5.29	7.81	8.0	6.86	8.17	3.98	7.1	4.55	6.69	3.65	
14.0	100.0	14.0	14.0	3.79	8.06	8.19	3.31	4.43	5.16	6.93	7.34	7.65	4.2	4.76	3.76	5.46	5.99	3.98	5.31	3.89	8.01	6.67	8.03	8.5	
15.0	83.0	5.0	5.0	4.48	3.45	7.98	6.26	7.68	5.95	6.94	4.96	6.44	7.93	4.82	5.24	5.53	3.75	6.03	7.15	4.25	4.17	3.55	7.27	6.18	
16.0	86.0	15.0	15.0	3.41	8.21	4.7	5.28	6.54	7.64	3.82	3.15	5.71	5.82	6.51	8.19	8.59	6.84	8.98	7.27	7.31	4.79	8.53	4.75	4.78	
17.0	89.0	14.0	14.0	3.66	4.47	5.89	5.07	7.9	5.74	4.33	7.81	4.18	4.3	7.8	8.44	7.92	7.55	3.65	3.96	6.77	5.23	4.37	7.06	8.1	
18.0	92.0	10.0	10.0	7.52	7.92	6.84	8.96	4.95	4.14	8.43	7.69	7.21	4.97	7.15	5.49	3.1	6.18	8.2	7.49	8.4	3.54	5.3	8.21	7.53	
19.0	95.0	8.0	8.0	8.42	3.55	7.13	8.66	3.67	8.95	4.23	5.81	8.37	6.23	3.56	6.12	5.22	4.97	3.86	4.94	3.9	3.04	5.11	4.91	4.61	
20.0	98.0	15.0	15.0	7.82	7.03	4.52	3.25	3.4	3.71	8.63	4.38	4.19	7.99	3.22	5.68	3.54	8.26	3.75	3.97	6.08	8.6	6.48	8.48	6.63	
21.0	81.0	3.0	3.0	6.34	3.69	8.77	7.46	6.65	7.52	4.85	8.14	4.51	3.9	6.7	3.04	3.56	5.25	4.83	7.55	5.93	5.44	4.77	6.95	6.51	
22.0	84.0	12.0	12.0	5.5	4.66	3.32	4.77	5.75	5.58	7.52	4.81	6.89	5.44	5.33	6.61	3.82	5.52	5.88	5.91	6.51	5.96	5.79	7.03	8.19	
23.0	87.0	5.0	5.0	4.9	4.75	3.32	5.33	3.26	3.87	4.47	4.74	6.81	7.07	4.93	8.66	5.41	7.37	6.7	7.69	8.49	5.87	7.89	4.72	7.97	
24.0	90.0	4.0	4.0	5.26	8.83	8.91	6.98	7.35	5.29	7.32	5.86	7.79	3.08	8.43	7.23	6.89	7.61	8.83	4.02	4.82	6.5	7.95	3.49	8.55	
25.0	93.0	4.0	4.0	3.11	5.06	4.27	5.73	4.96	5.44	5.84	3.51	5.13	6.3	5.18	6.7	6.76	6.23	8.47	3.7	3.94	5.12	4.16	8.2	8.39	
26.0	96.0	15.0	15.0	6.27	4.72	8.29	6.9	5.19	4.98	8.79	5.8	3.57	4.53	6.7	5.23	3.95	6.0	4.65	8.1	6.3	6.66	3.97	5.89	4.31	
27.0	99.0	12.0	12.0	5.12	6.56	6.05	3.23	7.46	5.87	8.31	3.34	5.88	4.96	3.99	4.18	4.22	3.26	5.66	4.1	4.23	3.64	4.62	3.37	3.56	
28.0	82.0	6.0	6.0	5.58	3.49	5.49	3.7	3.52	3.65	7.07	3.47	4.82	3.68	6.26	7.5	3.63	6.85	5.37	8.36	8.72	3.52	7.41	5.06	5.48	
29.0	85.0	3.0	3.0	4.98	3.82	8.77	5.77	3.06	4.55	6.93	4.13	8.87	6.69	5.55	4.64	4.37	5.73	3.99	6.78	6.94	6.1	5.86	5.12	7.27	
30.0	88.0	4.0	4.0	4.76	7.32	5.62	4.67	5.0	8.96	4.56	3.06	4.0	6.89	8.62	4.69	6.83	5.22	4.11	3.86	8.82	8.2	7.04	6.98	7.77	
31.0	91.0	9.0	9.0	5.85	3.38	8.18	5.53	7.09	7.36	7.23	8.23	7.59	5.6	8.03	3.73	6.21	6.37	6.62	8.82	6.2	3.4	8.36	4.44	3.14	
32.0	94.0	13.0	13.0	6.29	8.69	6.43	5.75	6.26	5.23	6.54	6.97	5.73	8.17	8.15	6.51	7.94	6.84	8.66	6.03	8.19	6.51	3.3	5.07	5.88	
33.0	97.0	9.0	9.0	6.42	4.97	5.01	6.18	7.57	3.59	5.31	5.71	6.84	3.07	3.18	3.49	5.05	6.17	6.66	5.27	5.34	3.4	8.99	3.25	5.06	
34.0	100.0	14.0	14.0	4.83	7.5	8.15	7.6	4.4	6.08	5.53	4.55	6.65	5.36	8.84	3.66	3.1	7.3	8.37	4.61	7.28	7.72	5.7	3.57	3.91	
35.0	83.0	5.0	5.0	7.06	8.85	7.89	6.01	6.85	6.95	8.44	6.97	8.49	3.3	6.7	8.18	6.08	4.26	4.5	6.58	3.26	4.68	6.14	4.4	3.95	
36.0	86.0	15.0	15.0	3.43	3.37	5.21	7.62	4.95	6.92	6.22	3.82	7.02	6.59	6.02	8.76	5.92	6.4	7.43	6.2	4.46	6.15	3.6	8.62	5.44	
37.0	89.0	14.0	14.0	4.53	3.24	4.02	5.76	4.97	7.66	7.24	7.1	6.73	5.81	4.44	8.02	8.78	3.84	4.06	4.09	8.16	3.76	4.76	6.02	5.74	
38.0	92.0	10.0	10.0	4.23	4.89	6.26	4.13	3.34	7.72	7.36	3.52	3.81	4.43	6.07	3.97	4.65	5.66	8.41	8.54	8.5	4.39	8.09	6.77	6.54	
39.0	95.0	8.0	8.0	6.33	7.14	4.38	7.14	3.83	4.92	6.9	4.5	3.72	3.69	4.39	6.81	8.69	6.53	7.69	4.91	7.19	8.8	3.6	8.28	4.61	
40.0	98.0	15.0	15.0	5.55	3.1	8.63	3.16	6.64	5.26	7.32	3.95	8.17	8.01	3.14	3.03	6.06	3.85	8.94	8.58	5.14	8.54	7.69	8.87	4.76	
41.0	81.0	3.0	3.0	8.96	8.26	5.83	8.35	6.77	3.81	7.64	3.21	4.46	5.28	8.44	4.91	7.89	7.32	3.86	6.86	5.01	4.39	6.38	6.65	6.18	
42.0	84.0	12.0	12.0	4.97	5.13	4.53	4.95	4.76	3.75	8.7	6.4	8.32	4.07	8.03	4.8	9.0	5.23	3.19	7.17	6.91	7.94	4.62	7.43	8.74	
43.0	87.0	5.0	5.0	3.1	6.17	8.21	3.66	7.6	6.91	7.67	3.6	4.71	6.32	4.17	3.58	4.96	5.52	8.71	7.41	6.87	6.69	8.83	4.96	5.06	
44.0	90.0	4.0	4.0	8.88	6.16	7.38	4.22	7.67	3.66	7.7	7.5	4.27	5.99	5.91	7.43	4.78	6.97	6.51	8.76	7.29	5.3	5.71	3.46	8.0	
45.0	93.0	4.0	4.0	4.6	4.33	8.75	4.07	5.99	8.75	3.56	5.25	3.22	3.51	8.65	5.38	5.38	3.23	8.97	3.48	7.68	5.54	6.93	5.44	3.54	
46.0	96.0	15.0	15.0	7.11	6.46	6.5	4.54	4.67	3.69	5.09	4.16	7.05	3.59	6.22	4.67	4.4	5.85	3.32	3.42	8.39	3.01	8.76	6.63	5.36	
47.0	99.0	12.0	12.0	4.68	8.97	6.71	5.41	6.09	5.8	3.0	3.76	4.62	8.16	7.53	5.56	5.22	5.08	3.13	5.26	7.22	4.92	5.52	3.25	8.81	
48.0	82.0	6.0	6.0	3.5	7.39	3.83	6.24	7.94	3.45	3.39	3.3	9.0	7.05	3.41	4.58	8.05	7.43	5.11	8.79	6.38	5.17	7.08	5.24	7.13	
49.0	85.0	3.0	3.0	3.38	3.05	4.76	7.7	5.31	6.48	7.04	8.53	8.9	6.07	7.27	6.55	7.04	3.36	4.39	7.49	4.29	8.76	7.33	8.48	8.89	
50.0	88.0	4.0	4.0	8.67	5.84	4.0	7.86	7.82	8.48	7.24	4.13	3.58	4.37	5.54	4.88	3.29	3.8	7.18	6.58	7.63	7.94	7.95	3.26	4.58	
51.0	91.0	9.0	9.0	6.3	3.05	3.32	6.54	7.39	5.22	6.36	3.09	5.8	4.63	6.77	6.97	8.99	8.32	3.48	3.91	7.62	7.78	8.17	6.55	6.82	
52.0	94.0	13.0	13.0	5.09	3.71	4.98	6.46	3.12	8.03	5.74	6.59	6.01	8.66	7.84	7.98	3.73	3.02	7.53	4.87	3.9	4.35	5.65	3.42	8.51	
53.0	97.0	9.0	9.0	4.12	5.06	4.9	4.55	7.63	4.05	5.38	8.77	4.12	7.2	3.78	4.17	4.62	3.57	7.33	7.67	8.32	7.56	8.54	5.5	6.97	
54.0	100.0	14.0	14.0	7.04	6.01	3.88	5.52	7.76	8.98	4.92	8.31	6.55	4.47	5.66	3.32	8.37	6.52	4.6	7.23	7.69	7.93	7.48	7.71	8.3	
55.0	83.0	5.0	5.0	3.75	6.84	5.33	3.35	8.89	8.0	6.46	5.41	5.95	5.58	5.83	5.62	3.74	5.47	5.76	6.48	7.82	6.86	6.78	6.34	3.24	
56.0	86.0	15.0	15.0	7.76	8.46	4.37	4.9	7.36	4.13	5.54	7.53	5.05	5.85	6.52	3.05	5.57	5.71	4.42	3.84	3.24	8.22	8.41	8.95	4.13	
57.0	89.0	14.0	14.0	8.15	6.9	6.89	7.78	8.38	8.63	8.47	6.92	4.18	3.51	5.27	7.84	3.63	4.04	6.67	5.48	4.08	8.17	4.87	5.06	3.48	
58.0	92.0	10.0	10.0	3.72	7.52	7.99	8.46	5.49	3.31	5.85	8.81	3.86	3.72	5.51	7.7	3.09	8.46	5.38	5.81	5.78	4.99	6.63	6.19	7.01	
59.0	95.0	8.0	8.0	3.87	5.6	7.45	6.45	4.29	4.34	5.02	4.2	7.1	4.71	6.88	5.76	5.26	6.8	4.95	5.08	4.83	6.19	7.96	7.94	4.67	
60.0	98.0	15.0	15.0	5.04	6.67	4.35	3.1	6.92	7.36	5.01	6.12	6.88	5.5	3.91	5.11	3.5	8.94	3.68	7.44	6.72	5.12	4.13	5.36	4.88	
61.0	81.0	3.0	3.0	5.87	8.92	3.7	5.9	4.88	4.11	7.9	8.26	8.92	4.09	3.89	6.22	6.9	3.67	8.84	4.55	6.04	7.84	3.01	7.99	5.88	
62.0	84.0	12.0	12.0	8.47	4.21	8.86	6.32	6.12	5.29	8.72	8.29	3.33	3.45	5.81	6.17	3.5	6.58	7.81	7.94	4.68	6.46	5.27	3.62	8.04	
63.0	87.0	5.0	5.0	7.5	5.71	5.69	7.86	7.51	4.21	3.23	7.78	8.65	7.46	4.56	5.76	6.06	6.83	8.79	6.85	4.98	3.65	6.21	3.67	5.34	
64.0	90.0	4.0	4.0	7.38	3.38	6.96	3.26	8.61	3.79	7.05	4.58	7.43	3.23	5.18	3.1	5.77	7.18	8.02	4.9	7.41	7.66	7.97	3.48	6.14	
65.0	93.0	4.0	4.0	4.27	8.33	8.97	5.33	3.4	4.35	4.73	6.82	6.45	3.57	4.14	4.07	8.2	5.61	4.26	5.54	6.84	5.28	6.62	7.97	5.5	
66.0	96.0	15.0	15.0	4.57	8.81	8.81	7.6	7.0	6.57	8.74	5.04	3.16	8.8	6.81	7.44	4.1	7.34	8.34	6.0	5.49	7.83	4.84	7.54	8.0	
67.0	99.0	12.0	12.0	4.82	3.96	8.51	5.95	4.31	5.61	8.84	3.71	4.32	5.86	5.77	5.94	5.28	7.66	4.21	4.33	8.99	8.66	6.65	4.55	3.31	
68.0	82.0	6.0	6.0	6.48	5.85	7.69	4.39	5.26	3.48	4.5	7.12	6.86	8.67	3.66	5.7	6.62	7.24	8.06	4.49	3.55	3.74	6.92	5.21	6.72	
69.0	85.0	3.0	3.0	6.75	6.7	7.63	7.32	3.9	5.35	3.27	6.41	8.77	6.45	8.85	3.23	4.96	7.4	3.5	7.88	7.13	6.6	5.38	8.31	8.8	
70.0	88.0	4.0	4.0	5.24	6.51	8.33	6.8	4.79	6.32	3.97	6.62	6.67	6.28	7.99	3.42	7.69	5.51	5.94	3.48	8.47	7.41	8.53	6.37	5.73	
71.0	91.0	9.0	9.0	5.23	4.87	8.9	6.65	4.58	5.82	8.51	4.52	5.0	3.76	6.94	5.47	4.14	3.05	4.08	7.26	5.54	9.0	5.39	4.26	6.86	
72.0	94.0	13.0	13.0	5.33	6.24	8.76	4.76	5.14	3.65	5.89	4.19	7.89	6.91	5.95	5.48	4.41	5.47	7.29	4.06	3.42	5.27	4.65	5.0	6.99	
73.0	97.0	9.0	9.0	7.41	5.11	4.01	8.09	3.99	5.74	3.3	8.0	7.82	6.93	3.6	8.18	5.27	6.44	5.44	6.39	4.22	7.69	6.04	6.12	7.02	
74.0	100.0	14.0	14.0	5.96	4.35	3.87	7.84	6.97	7.19	3.37	6.48	8.69	8.48	3.46	4.75	7.17	6.76	6.83	7.07	4.21	6.45	7.63	5.15	8.84	
75.0	83.0	5.0	5.0	5.38	6.14	7.42	6.9	4.56	4.1	6.92	7.91	4.11	3.68	4.17	6.85	7.31	7.06	8.72	6.46	3.4	7.4	5.79	4.87	7.82	
76.0	86.0	15.0	15.0	6.55	5.99	8.44	3.58	4.02	7.21	3.65	4.74	8.09	4.5	3.04	4.05	6.94	5.8	7.47	7.77	3.06	7.52	7.63	8.64	8.33	
77.0	89.0	14.0	14.0	5.62	3.7	5.2	5.22	5.22	5.22	4.84	6.42	8.79	3.98	5.05	7.62	3.47	6.11	6.34	6.66	5.59	8.46	8.52	7.34	7.76	
78.0	92.0	10.0	10.0	3.58	4.52	5.27	4.44	4.51	8.14	7.9	6.58	6.2	7.77	8.17	6.72	3.9	8.86	3.28	8.83	7.91	7.24	7.82	6.58	3.59	
79.0	95.0	8.0	8.0	6.91	7.47	5.12	4.56	8.46	6.13	8.87	5.49	8.49	3.8	8.08	7.03	4.04	4.97	5.76	7.31	8.34	5.68	8.0	4.55	3.14	
80.0	98.0	15.0	15.0	5.46	6.07	3.05	8.94	4.25	8.01	5.82	8.75	3.28	5.68	6.01	3.73	7.87	3.49	3.94	8.4	8.58	7.35	7.97	5.86	7.17	
81.0	81.0	3.0	3.0	5.39	4.34	8.77	7.39	5.51	4.33	6.43	4.58	5.35	4.21	6.76	7.65	8.29	4.22	7.96	5.47	8.19	8.22	4.65	3.24	5.23	
82.0	84.0	12.0	12.0	3.38	4.05	3.56	5.6	3.82	8.17	7.31	7.39	5.41	5.74	4.76	3.89	7.73	6.79	5.21	3.52	4.79	8.82	3.73	6.11	3.17	
83.0	87.0	5.0	5.0	5.49	3.65	3.79	3.7	7.32	5.81	6.21	5.79	7.05	4.95	5.61	5.18	7.8	5.96	4.35	7.77	7.17	7.71	3.92	4.38	6.34	
84.0	90.0	4.0	4.0	5.23	7.86	8.21	8.14	6.03	8.69	6.54	4.79	7.45	6.38	6.16	6.21	8.9	8.8	5.57	8.23	7.92	5.62	4.05	5.23	6.38	
85.0	93.0	4.0	4.0	6.36	5.96	7.57	5.01	7.84	6.0	4.23	8.22	4.79	7.49	3.89	4.75	3.5	8.78	8.44	4.77	4.41	4.01	6.08	6.01	4.14	
86.0	96.0	15.0	15.0	3.54	5.98	5.07	4.45	5.41	8.24	6.41	7.27	5.07	8.86	7.83	4.92	8.34	6.25	4.42	7.88	7.94	7.24	3.29	6.92	3.93	
87.0	99.0	12.0	12.0	4.05	3.51	4.48	5.04	3.98	6.15	5.03	5.57	7.82	5.07	6.42	8.86	8.99	5.02	3.04	7.71	5.43	5.2	4.35	3.77	7.1	
88.0	82.0	6.0	6.0	6.65	8.17	8.35	4.03	3.19	4.73	7.71	7.01	5.28	8.12	7.17	6.23	7.06	6.0	4.51	5.04	7.08	3.3	6.7	7.48	3.74	
89.0	85.0	3.0	3.0	3.27	7.64	7.23	5.86	3.22	3.23	3.41	8.07	4.91	4.81	3.08	4.06	8.04	8.07	6.52	3.49	5.62	7.66	3.4	7.7	4.76	
90.0	88.0	4.0	4.0	8.82	4.13	3.13	7.26	7.08	8.08	6.91	8.95	6.88	8.77	5.42	8.4	6.79	3.83	6.43	8.82	5.54	6.39	6.91	4.85	6.81	
91.0	91.0	9.0	9.0	3.39	7.83	8.63	4.8	7.26	6.78	5.03	6.46	3.59	6.14	5.65	5.23	7.8	8.15	7.8	8.8	5.89	3.73	5.57	3.86	8.19	
92.0	94.0	13.0	13.0	4.06	4.15	6.05	3.43	5.19	6.46	6.98	8.59	5.8	4.72	8.78	6.93	5.16	3.67	8.31	3.38	8.49	6.98	5.0	5.63	3.64	
93.0	97.0	9.0	9.0	6.68	3.88	3.14	6.51	6.52	3.5	8.8	4.65	6.28	5.29	8.5	7.44	5.96	6.62	8.12	8.1	7.01	6.32	3.76	7.52	6.58	
94.0	100.0	14.0	14.0	6.99	7.69	3.36	4.72	8.37	4.44	7.85	3.98	6.53	7.14	5.91	3.44	6.96	7.87	4.49	8.63	8.92	7.01	4.07	8.25	8.41	
95.0	83.0	5.0	5.0	5.9	3.14	8.62	4.84	5.49	5.43	6.73	4.11	8.96	8.97	8.9	5.1	5.36	4.17	5.89	7.23	4.93	3.88	3.12	7.04	8.23	
96.0	86.0	15.0	15.0	3.45	6.42	5.37	4.73	6.93	3.63	8.71	7.3	6.47	5.77	8.71	3.67	5.98	7.7	7.73	7.11	8.88	3.94	4.71	6.94	5.67	
97.0	89.0	14.0	14.0	4.9	6.04	8.58	6.17	8.96	8.76	3.83	8.93	3.24	4.51	4.36	4.17	8.09	8.23	5.47	3.07	8.09	3.02	4.47	6.11	7.8	
98.0	92.0	10.0	10.0	8.58	8.88	5.39	3.72	3.52	6.36	5.31	3.12	7.8	5.64	3.38	8.89	6.72	5.15	8.7	5.07	4.31	5.97	3.73	5.89	8.26	
99.0	95.0	8.0	8.0	5.84	5.97	8.87	3.16	6.87	8.67	6.92	4.65	5.66	3.79	5.21	5.48	7.78	4.67	3.72	3.34	3.05	3.13	8.2	7.32	5.51	
100.0	98.0	15.0	15.0	6.85	8.15	3.54	4.96	3.03	8.84	4.71	4.04	5.01	5.02	4.12	5.93	5.15	3.93	8.58	5.42	5.51	7.1	8.76	6.6	7.34	
101.0	81.0	3.0	3.0	5.41	7.63	6.66	7.45	4.72	7.65	4.97	5.88	4.85	7.58	6.62	6.63	4.78	5.09	8.9	3.63	3.2	6.69	7.66	7.81	6.52	
102.0	84.0	12.0	12.0	8.5	5.17	3.02	8.84	3.8	5.35	6.04	6.63	4.97	4.6	8.42	8.69	7.07	3.25	6.82	6.85	8.61	6.7	6.09	4.56	3.48	
103.0	87.0	5.0	5.0	7.18	5.64	8.34	4.02	3.54	3.1	8.68	5.09	3.16	4.51	8.45	3.7	3.55	6.86	4.33	3.17	7.54	6.68	3.42	4.53	7.82	
104.0	90.0	4.0	4.0	5.99	3.53	6.21	4.37	4.83	7.74	8.64	6.61	3.07	4.52	5.44	3.58	3.32	5.16	5.0	3.34	5.71	5.5	5.46	8.93	4.89	
105.0	93.0	4.0	4.0	5.23	6.02	3.24	5.25	5.03	5.29	3.85	6.66	3.49	7.53	7.94	3.07	4.09	5.38	5.49	8.63	4.65	6.76	5.32	7.84	4.93	
106.0	96.0	15.0	15.0	4.49	3.66	3.25	8.38	7.72	5.23	8.6	5.11	8.44	8.6	6.14	7.61	5.89	6.96	3.64	3.54	6.92	4.87	7.03	7.55	5.51	
107.0	99.0	12.0	12.0	6.72	6.66	4.52	5.31	8.09	6.03	7.75	7.41	6.92	5.19	4.84	7.06	3.87	8.83	8.79	4.01	5.59	6.26	3.98	6.63	6.79	
108.0	82.0	6.0	6.0	5.27	3.35	5.78	4.92	7.81	5.76	8.56	3.82	8.12	7.43	5.46	5.71	4.03	7.35	7.52	4.13	5.74	8.03	5.66	6.3	4.53	
109.0	85.0	3.0	3.0	6.87	5.82	4.47	5.25	7.17	8.45	8.24	7.98	7.62	3.93	5.28	5.72	3.7	5.87	7.0	8.22	3.37	7.49	6.85	3.5	7.09	
110.0	88.0	4.0	4.0	7.03	3.48	3.7	5.32	4.48	8.46	8.17	8.6	7.52	4.72	8.3	6.47	4.09	5.1	6.52	6.03	3.71	5.24	3.06	8.38	6.57	
111.0	91.0	9.0	9.0	5.52	5.43	8.03	8.6	7.06	4.1	3.1	4.43	5.01	6.27	4.56	3.26	8.84	7.13	7.72	5.32	6.7	7.92	8.94	4.85	7.57	
112.0	94.0	13.0	13.0	4.19	7.28	6.85	6.51	8.63	6.95	5.31	3.35	4.82	6.3	6.24	6.84	5.26	3.64	5.76	4.37	7.92	4.2	8.26	6.24	6.65	
113.0	97.0	9.0	9.0	7.7	7.32	7.96	4.28	6.35	5.7	6.1	6.82	3.4	5.71	5.01	5.04	8.9	7.64	4.0	6.36	8.28	6.1	5.42	8.78	8.74	
114.0	100.0	14.0	14.0	8.57	5.38	7.3	8.29	4.18	6.12	6.53	5.61	4.82	5.62	7.47	4.36	5.72	8.87	8.88	5.14	3.02	5.44	8.53	4.79	8.97	
115.0	83.0	5.0	5.0	3.18	3.1	6.26	5.51	3.85	8.01	6.45	3.46	3.11	8.03	4.33	6.44	6.25	4.12	6.88	3.35	4.84	4.98	8.33	7.72	7.09	
116.0	86.0	15.0	15.0	5.26	4.86	5.99	5.88	3.67	8.92	8.16	7.09	7.52	4.41	5.36	4.49	3.42	4.04	6.28	3.36	6.47	4.59	6.35	8.39	5.73	
117.0	89.0	14.0	14.0	3.54	5.65	8.51	5.84	4.95	7.96	6.56	7.61	8.4	7.62	6.39	8.69	7.44	8.35	4.17	5.96	5.51	7.58	3.26	4.28	5.59	
118.0	92.0	10.0	10.0	7.61	3.13	6.23	3.05	5.59	3.14	4.19	7.94	4.04	5.28	5.12	6.67	7.59	5.31	4.79	8.92	8.21	5.85	7.59	7.68	7.68	
119.0	95.0	8.0	8.0	6.27	6.06	6.59	5.42	3.0	5.95	7.17	4.18	5.21	5.41	5.33	8.01	7.73	8.95	8.05	4.62	5.98	4.57	5.49	8.3	8.83	
120.0	98.0	15.0	15.0	5.3	4.4	8.49	8.22	7.45	6.6	6.28	8.87	8.38	7.39	3.01	4.53	6.64	5.33	8.53	3.23	8.2	8.85	4.51	7.12	8.13	
121.0	81.0	3.0	3.0	7.99	3.05	8.29	6.6	4.73	4.66	8.08	4.7	3.09	7.98	5.87	6.47	3.94	4.03	7.75	6.41	8.03	5.8	8.15	5.8	5.32	
122.0	84.0	12.0	12.0	6.73	3.57	7.45	4.37	3.4	8.64	7.73	5.96	6.9	6.47	5.65	6.94	6.45	5.15	6.62	8.18	5.48	5.72	8.82	5.53	3.38	
123.0	87.0	5.0	5.0	5.25	8.79	6.31	5.7	4.27	8.6	4.96	3.94	7.67	8.65	5.27	4.93	6.17	7.24	6.07	4.64	3.65	8.5	8.3	3.81	3.74	
124.0	90.0	4.0	4.0	3.48	4.86	8.35	3.3	5.97	7.47	5.18	6.88	4.64	5.61	6.59	3.01	8.52	8.4	8.04	4.64	7.4	5.3	6.6	7.98	7.02	
125.0	93.0	4.0	4.0	7.41	7.15	4.96	6.69	7.38	5.88	8.39	3.79	7.3	4.84	8.18	3.96	5.82	6.67	3.97	4.22	7.17	8.32	8.99	8.05	8.2	
126.0	96.0	15.0	15.0	6.27	4.16	8.66	4.0	4.07	3.22	4.39	6.32	4.54	4.6	7.85	6.36	5.26	7.2	4.99	4.94	8.64	8.8	5.71	4.71	8.49	
127.0	99.0	12.0	12.0	4.28	5.02	3.59	5.29	6.69	5.99	8.42	6.96	3.63	4.54	3.64	8.41	8.53	3.75	4.92	4.24	4.58	8.29	5.19	8.96	6.13	
128.0	82.0	6.0	6.0	4.58	3.75	8.6	6.85	8.93	6.95	5.52	4.26	8.32	7.37	5.26	7.86	4.49	4.86	8.93	3.65	7.16	8.19	4.7	6.81	5.02	
129.0	85.0	3.0	3.0	8.02	5.57	5.47	7.01	4.17	6.56	7.8	5.64	8.3	7.67	5.03	5.69	6.74	4.25	4.71	3.63	8.07	4.64	7.58	4.3	3.04	
130.0	88.0	4.0	4.0	8.06	3.52	5.47	7.39	7.03	3.1	8.39	8.65	4.3	5.01	8.54	5.01	8.28	4.35	4.16	5.16	5.18	7.92	7.59	5.03	7.21	
131.0	91.0	9.0	9.0	6.02	7.68	5.37	7.5	4.56	3.87	4.71	4.31	5.72	7.53	8.37	4.35	5.68	4.24	8.06	5.73	8.13	5.49	5.32	4.75	3.04	
132.0	94.0	13.0	13.0	5.49	3.6	6.51	5.33	5.64	5.02	6.92	3.13	4.0	3.53	3.42	6.07	8.38	4.7	7.76	7.03	8.09	3.97	5.77	3.85	8.97	
133.0	97.0	9.0	9.0	4.73	3.81	4.54	8.89	4.58	4.54	4.37	4.84	3.84	5.23	8.84	6.03	5.81	5.99	8.45	5.99	3.11	7.96	4.24	6.43	7.33	
134.0	100.0	14.0	14.0	4.37	4.76	4.31	3.49	6.85	3.42	3.55	4.74	4.23	3.26	6.75	7.34	3.89	6.31	5.39	5.65	3.06	7.93	6.07	5.74	7.6	
135.0	83.0	5.0	5.0	4.14	4.35	8.75	6.5	8.9	5.1	5.08	4.59	5.07	6.6	7.45	6.13	8.28	4.1	4.18	3.41	3.54	5.02	7.06	5.44	3.19	
136.0	86.0	15.0	15.0	4.79	5.01	5.49	8.86	4.61	5.42	6.09	7.38	6.96	7.28	7.56	8.52	6.42	3.01	8.37	8.74	3.59	4.84	5.17	7.29	6.71	
137.0	89.0	14.0	14.0	8.47	6.2	3.39	6.77	3.34	7.75	7.7	5.86	6.94	5.83	5.54	8.46	6.64	3.6	7.05	4.59	8.3	3.07	5.75	6.07	8.3	
138.0	92.0	10.0	10.0	5.48	8.88	8.8	7.69	7.82	7.94	7.76	8.84	7.18	4.72	4.72	4.67	5.7	4.51	4.27	7.38	6.84	7.9	6.77	3.05	3.57	
139.0	95.0	8.0	8.0	8.11	7.27	3.46	3.25	3.62	4.22	7.39	7.66	7.94	7.18	5.46	4.25	8.3	3.61	7.54	7.74	7.5	5.49	7.15	5.84	5.76	
140.0	98.0	15.0	15.0	6.2	7.59	3.18	6.9	4.97	7.82	5.0	7.21	6.47	3.29	3.71	4.68	7.74	5.69	4.65	5.44	6.33	3.39	7.03	8.45	6.8	
141.0	81.0	3.0	3.0	3.33	5.73	5.07	8.99	5.3	5.96	7.94	3.52	3.15	5.6	3.93	7.66	8.05	3.83	3.07	8.12	7.99	3.9	6.43	4.43	7.51	
142.0	84.0	12.0	12.0	4.19	5.47	7.71	3.14	3.98	3.55	6.35	3.39	6.08	5.74	4.67	5.58	3.05	4.93	3.58	3.55	5.99	6.3	8.88	4.16	7.44	
143.0	87.0	5.0	5.0	5.53	4.79	8.1	7.02	3.23	3.78	7.78	4.28	5.62	5.67	7.5	5.73	5.42	8.98	6.08	4.98	7.82	3.63	5.01	8.34	6.74	
144.0	90.0	4.0	4.0	8.1	8.64	7.35	5.17	4.72	4.85	5.3	7.25	3.74	3.03	7.97	3.46	6.34	8.45	3.04	6.41	4.45	4.04	8.87	8.55	7.67	
145.0	93.0	4.0	4.0	3.46	3.8	3.0	6.79	5.73	4.7	8.46	8.05	7.07	3.72	4.4	6.51	4.7	4.48	8.86	3.52	3.5	7.93	4.34	7.78	7.34	
146.0	96.0	15.0	15.0	5.65	3.86	8.72	4.28	5.38	7.55	8.62	4.16	8.38	3.06	4.92	4.24	5.68	7.2	5.04	3.24	7.13	5.77	4.36	6.14	5.48	
147.0	99.0	12.0	12.0	3.38	3.11	7.06	4.41	8.47	5.13	3.05	8.14	5.65	4.26	8.2	5.55	5.7	8.16	5.55	3.98	5.92	6.54	6.79	7.81	3.47	
148.0	82.0	6.0	6.0	3.48	3.02	3.52	4.74	6.16	5.09	6.75	3.83	7.21	3.06	7.37	5.48	8.75	3.58	5.78	6.22	6.97	8.35	7.92	8.95	4.23	
149.0	85.0	3.0	3.0	4.57	5.18	5.61	5.01	3.41	4.49	8.36	7.59	3.54	3.36	8.7	5.33	3.17	8.53	3.06	3.52	7.55	7.75	4.19	5.19	6.32	
150.0	88.0	4.0	4.0	8.97	3.22	3.48	8.84	7.31	3.14	8.57	5.45	8.17	6.06	3.85	6.48	7.29	7.08	6.55	8.14	3.45	5.05	7.48	8.39	3.99	
151.0	91.0	9.0	9.0	5.38	3.09	5.12	5.94	8.88	3.63	8.84	4.48	3.88	6.74	6.06	4.85	5.48	4.19	3.49	7.2	6.64	7.79	3.73	6.12	3.51	
152.0	94.0	13.0	13.0	8.19	8.04	7.46	7.03	5.53	8.48	7.58	3.95	5.06	6.96	3.27	6.77	4.65	7.36	6.05	4.0	6.06	5.4	6.73	7.32	7.14	
153.0	97.0	9.0	9.0	8.81	3.49	3.81	7.12	4.69	7.14	4.52	5.13	7.35	7.37	5.37	8.07	3.9	4.2	5.05	5.58	7.06	8.78	4.65	4.47	3.95	
154.0	100.0	14.0	14.0	8.53	5.38	6.94	6.0	4.97	4.75	8.89	6.82	6.81	7.7	5.12	7.67	6.01	3.99	4.98	5.24	6.05	5.13	3.83	7.55	3.47	
155.0	83.0	5.0	5.0	8.73	4.33	7.23	8.8	7.18	4.83	5.95	8.98	6.27	6.15	6.64	5.1	3.69	3.66	3.53	7.09	7.16	7.76	6.3	3.67	4.39	
156.0	86.0	15.0	15.0	8.05	3.44	5.78	5.05	4.78	8.59	6.35	5.04	3.61	5.23	7.5	4.67	8.7	5.69	3.14	4.48	5.49	4.8	3.99	4.88	6.63	
157.0	89.0	14.0	14.0	3.81	8.79	5.17	4.63	8.52	7.87	3.64	6.14	8.62	7.19	6.88	5.89	3.9	3.29	6.28	6.08	5.43	7.37	7.85	8.17	6.35	
158.0	92.0	10.0	10.0	4.52	3.47	7.5	4.09	5.78	4.34	4.8	6.11	7.7	5.51	8.72	6.16	7.16	5.67	5.22	8.3	6.03	4.13	3.88	5.59	4.58	
159.0	95.0	8.0	8.0	6.62	8.03	5.89	8.65	6.12	6.82	3.14	3.47	7.23	4.42	5.02	6.42	6.73	3.12	6.78	6.18	7.62	4.96	7.44	4.5	5.5	
160.0	98.0	15.0	15.0	5.04	7.62	4.15	6.3	5.67	7.72	8.28	3.55	4.48	6.32	6.69	8.08	7.57	8.48	6.53	7.53	4.52	5.51	5.39	6.26	5.12	
161.0	81.0	3.0	3.0	8.64	8.68	3.08	3.53	6.93	8.42	4.53	5.42	5.75	8.84	5.06	7.97	7.26	4.8	6.08	7.9	4.61	5.73	7.38	5.29	8.24	
162.0	84.0	12.0	12.0	5.52	6.2	4.12	7.42	6.7	6.56	7.79	6.1	4.5	4.45	7.33	7.94	3.5	7.21	6.63	5.93	3.92	8.94	4.48	3.89	3.88	
163.0	87.0	5.0	5.0	3.54	6.94	7.73	3.8	5.96	3.09	4.17	5.05	6.39	5.32	6.48	3.88	5.86	3.69	8.12	8.73	3.94	7.14	4.1	3.9	6.15	
164.0	90.0	4.0	4.0	3.13	3.94	8.54	5.6	8.19	5.11	4.44	4.14	7.9	7.68	7.87	5.84	5.97	3.75	6.84	7.73	7.27	4.22	4.68	7.32	7.18	
165.0	93.0	4.0	4.0	6.43	8.21	6.2	7.03	4.49	6.38	4.76	6.85	3.84	6.92	3.07	6.28	6.15	5.46	3.75	8.18	4.64	6.0	5.95	8.17	8.25	
166.0	96.0	15.0	15.0	8.22	5.84	7.12	3.57	4.3	6.43	4.44	7.73	5.61	6.58	8.64	5.95	5.84	3.28	8.89	4.95	7.8	7.12	3.82	4.43	7.97	
167.0	99.0	12.0	12.0	7.06	6.67	5.78	7.61	6.12	6.81	5.18	3.38	5.57	4.02	6.49	5.02	5.6	8.8	4.12	4.57	5.79	7.88	5.49	7.45	4.15	
168.0	82.0	6.0	6.0	7.94	5.58	8.52	5.48	5.58	8.21	6.04	5.37	6.12	8.83	5.24	8.83	5.59	4.37	4.14	3.35	4.95	6.09	4.93	7.14	6.21	
169.0	85.0	3.0	3.0	4.4	5.12	3.58	8.71	4.72	4.91	5.31	7.44	5.74	8.71	5.05	8.41	4.68	3.28	6.06	3.04	6.26	8.76	4.46	3.55	5.18	
170.0	88.0	4.0	4.0	5.71	7.58	5.01	5.24	3.84	4.79	8.91	4.4	8.08	6.77	4.05	6.55	8.09	6.16	4.97	3.35	5.58	3.06	5.43	5.51	4.46	
171.0	91.0	9.0	9.0	5.63	8.98	3.45	3.59	5.74	8.84	7.85	5.67	7.54	4.65	3.12	5.91	5.45	7.21	4.3	5.2	3.15	3.62	6.36	3.31	4.77	
172.0	94.0	13.0	13.0	8.54	8.17	7.63	7.09	5.78	7.21	7.25	8.42	8.43	4.8	6.01	6.31	6.2	8.6	8.09	3.42	4.7	5.22	3.93	8.17	6.28	
173.0	97.0	9.0	9.0	3.66	5.08	7.55	4.14	5.11	4.93	8.38	7.46	7.19	3.56	5.87	5.63	6.64	7.33	3.54	5.96	5.96	6.84	5.71	6.54	6.7	
174.0	100.0	14.0	14.0	4.38	4.25	3.8	5.23	6.6	3.2	4.43	6.23	6.0	4.59	6.59	6.21	8.06	6.34	6.11	4.56	7.52	7.9	3.81	6.25	5.88	
175.0	83.0	5.0	5.0	3.7	8.6	7.52	4.88	4.93	7.06	3.17	5.61	3.78	4.91	3.15	7.63	7.58	4.15	6.74	6.41	3.3	4.71	8.21	6.33	8.18	
176.0	86.0	15.0	15.0	3.91	8.46	8.45	5.26	6.79	6.17	3.25	3.75	4.59	3.7	7.93	5.49	4.1	6.15	8.11	8.01	6.43	7.65	4.43	4.5	3.26	
177.0	89.0	14.0	14.0	6.93	5.87	5.99	8.05	5.46	4.22	4.34	5.02	3.88	7.97	3.73	8.87	6.8	7.77	8.56	8.5	6.91	6.1	7.4	6.21	7.8	
178.0	92.0	10.0	10.0	6.17	6.83	5.03	3.67	5.22	3.56	3.57	5.79	5.04	7.99	3.26	8.27	4.33	6.95	8.53	6.51	5.18	6.93	5.74	5.67	5.5	
179.0	95.0	8.0	8.0	4.26	3.39	7.9	8.63	8.91	8.13	6.43	5.49	7.86	8.03	7.79	7.31	4.94	6.34	5.48	7.31	6.56	5.71	3.89	7.11	6.7	
180.0	98.0	15.0	15.0	6.13	3.59	4.53	7.09	3.75	6.07	7.74	3.16	4.1	7.03	7.59	4.72	5.69	4.6	8.13	3.64	4.62	3.54	6.4	7.02	7.73	
181.0	81.0	3.0	3.0	7.35	5.82	7.52	5.06	6.91	7.78	7.59	7.28	3.05	6.59	8.36	7.37	3.21	7.5	4.44	8.82	7.89	7.01	7.58	6.08	8.25	
182.0	84.0	12.0	12.0	5.19	3.98	3.83	4.63	7.43	7.94	8.1	6.05	4.38	6.04	5.06	3.69	8.59	3.11	8.96	5.24	8.4	5.52	4.88	7.82	5.84	
183.0	87.0	5.0	5.0	5.47	7.79	4.06	4.18	4.89	8.91	4.59	8.58	4.51	3.54	6.64	6.81	6.88	3.52	6.49	5.67	4.45	7.51	6.01	5.38	6.64	
184.0	90.0	4.0	4.0	4.25	6.34	8.7	3.15	4.58	3.99	4.11	6.82	4.32	8.89	5.51	7.43	4.15	6.69	8.43	6.54	3.84	7.27	7.26	5.13	7.45	
185.0	93.0	4.0	4.0	3.85	5.44	6.84	4.0	8.08	3.02	5.14	5.92	7.67	6.87	7.44	5.98	4.14	4.47	4.67	3.56	6.04	8.72	5.41	6.95	7.53	
186.0	96.0	15.0	15.0	6.24	3.56	8.87	6.98	3.67	4.33	8.02	8.85	8.58	7.45	4.31	8.82	6.16	8.81	4.31	5.42	7.11	5.53	7.23	4.2	8.35	
187.0	99.0	12.0	12.0	3.35	4.94	6.03	4.34	8.92	5.71	6.35	7.09	7.11	7.01	7.41	5.24	3.45	5.3	3.13	6.41	3.37	8.74	3.92	8.63	8.04	
188.0	82.0	6.0	6.0	7.3	6.0	6.75	7.86	3.76	7.57	3.8	3.58	3.38	8.2	5.52	6.38	8.24	5.0	8.59	4.87	6.88	3.89	7.73	3.86	4.45	
189.0	85.0	3.0	3.0	4.36	3.7	9.0	5.95	3.14	7.54	3.09	3.35	7.57	8.53	6.84	8.76	7.99	8.38	4.44	5.58	8.65	7.17	4.94	6.21	5.78	
190.0	88.0	4.0	4.0	5.06	6.62	5.34	5.61	6.8	4.38	8.5	7.39	7.19	3.13	5.61	6.86	6.4	4.9	5.45	4.85	6.44	6.81	3.82	7.87	3.62	
191.0	91.0	9.0	9.0	3.41	7.31	3.12	3.79	6.14	3.06	3.69	3.98	8.76	4.26	5.2	5.81	7.58	7.32	4.9	6.07	8.14	5.53	8.81	3.73	8.65	
192.0	94.0	13.0	13.0	3.66	6.45	8.03	4.82	6.63	7.71	7.07	5.5	4.94	8.86	5.81	8.6	7.52	8.32	5.07	8.45	6.83	5.48	7.52	6.49	4.03	
193.0	97.0	9.0	9.0	6.58	5.16	6.91	7.53	5.13	7.37	3.73	4.55	8.06	8.12	5.74	6.83	6.72	7.21	6.69	5.76	5.49	4.69	4.41	4.88	3.51	
194.0	100.0	14.0	14.0	7.17	5.36	8.12	5.24	5.52	6.61	3.01	3.49	3.82	6.78	3.92	3.28	7.65	4.15	4.4	7.65	8.35	3.83	5.76	5.42	4.74	
195.0	83.0	5.0	5.0	5.88	7.7	6.78	8.59	6.36	7.49	3.92	6.43	6.54	5.64	7.08	4.19	7.95	3.75	6.49	5.78	4.27	4.37	6.3	3.1	5.8	
196.0	86.0	15.0	15.0	3.11	8.05	4.92	7.67	4.76	5.88	8.78	3.18	3.36	4.34	5.47	6.24	7.22	5.56	4.21	5.93	6.82	5.1	7.68	7.68	6.92	
197.0	89.0	14.0	14.0	8.77	9.0	7.93	8.47	7.02	8.3	7.47	6.0	4.79	3.76	8.37	7.39	3.42	3.38	6.44	3.56	6.99	3.02	8.7	5.13	7.42	
198.0	92.0	10.0	10.0	7.43	4.09	3.08	5.42	3.64	6.91	6.5	3.04	5.14	5.49	7.95	7.92	4.11	6.93	7.69	6.15	8.11	6.41	5.57	5.16	5.12	
199.0	95.0	8.0	8.0	7.57	4.35	4.56	4.14	5.45	5.15	3.2	5.13	7.05	5.25	6.37	3.2	5.47	6.14	7.41	6.11	3.03	3.68	7.07	4.96	3.11	
200.0	98.0	15.0	15.0	8.85	6.99	6.78	6.41	4.05	6.39	6.28	5.75	4.87	3.19	4.86	7.23	5.72	4.63	7.88	5.33	7.14	4.37	7.89	3.11	9.0	
201.0	81.0	3.0	3.0	5.96	4.01	4.75	6.87	3.49	4.27	5.56	4.23	8.87	5.7	6.71	8.75	5.71	8.39	8.87	3.91	8.62	8.05	3.18	4.92	8.38	
202.0	84.0	12.0	12.0	8.21	3.78	4.41	8.61	4.14	3.37	3.43	5.59	3.42	7.23	6.5	7.91	5.99	7.56	7.2	7.95	7.55	8.13	5.57	8.58	5.81	
203.0	87.0	5.0	5.0	6.3	4.68	8.06	6.01	7.04	4.71	7.53	8.89	4.51	8.6	8.23	5.63	6.99	5.04	8.31	3.71	7.09	4.46	8.42	6.81	7.58	
204.0	90.0	4.0	4.0	4.26	8.91	8.63	8.66	6.46	7.2	6.87	4.15	7.49	7.59	5.97	7.83	7.46	3.12	6.76	5.22	6.99	8.7	4.69	7.19	6.45	
205.0	93.0	4.0	4.0	7.37	3.84	7.12	5.56	3.11	4.23	8.07	6.47	4.26	5.85	6.91	6.66	5.87	5.68	7.0	4.28	3.9	7.57	7.67	6.22	3.81	
206.0	96.0	15.0	15.0	6.84	5.44	3.2	6.73	4.99	3.47	5.62	4.22	7.63	4.77	4.82	8.0	4.03	3.3	9.0	5.39	5.72	7.13	5.72	4.89	5.5	
207.0	99.0	12.0	12.0	3.89	5.85	8.42	4.66	5.27	8.12	7.33	6.34	4.22	7.13	5.79	7.39	8.85	7.78	5.65	6.1	8.07	6.72	4.05	7.79	4.28	
208.0	82.0	6.0	6.0	8.31	3.11	8.1	8.24	4.5	4.61	4.71	7.49	8.65	7.89	8.98	4.65	6.96	8.44	6.74	3.18	8.47	3.59	8.38	8.58	8.72	
209.0	85.0	3.0	3.0	4.09	7.19	3.31	5.9	4.15	7.48	6.24	8.69	5.32	3.15	7.63	8.02	7.69	4.38	6.27	5.11	7.55	7.94	8.94	7.58	3.03	
210.0	88.0	4.0	4.0	7.24	6.64	5.28	4.93	7.25	5.02	6.19	8.89	8.15	7.78	8.51	8.59	3.58	4.77	7.71	8.31	8.25	6.96	6.3	8.27	0.3196278191001509	
211.0	91.0	9.0	9.0	6.56	8.63	7.63	3.58	5.81	5.22	4.26	6.47	8.49	5.7	8.1	8.87	4.09	4.08	8.31	5.02	4.51	5.76	6.36	6.44	4.32	
212.0	94.0	13.0	13.0	6.21	6.39	8.87	7.34	5.09	7.36	5.59	8.19	6.81	6.7	8.05	7.87	4.4	3.13	4.01	4.0	6.7	4.97	5.23	7.06	7.48	
213.0	97.0	9.0	9.0	3.22	7.31	6.71	6.04	3.62	7.57	5.04	3.93	3.1	3.62	5.53	4.73	6.2	7.63	8.64	4.87	3.48	8.66	7.09	5.87	6.62	
214.0	100.0	14.0	14.0	8.36	8.08	7.92	4.12	4.35	5.06	7.76	4.96	6.95	6.08	4.94	5.25	8.57	3.85	7.22	6.85	8.15	4.89	6.93	6.91	4.75	
215.0	83.0	5.0	5.0	7.16	3.02	8.3	4.86	7.04	8.48	5.72	6.18	3.97	4.52	4.22	7.3	4.14	7.64	7.08	5.35	5.93	7.51	5.94	5.39	5.6	
216.0	86.0	15.0	15.0	6.67	4.83	3.57	3.03	7.77	8.85	6.58	5.35	4.06	5.75	5.2	6.33	5.45	7.86	6.79	5.25	7.81	4.88	4.89	3.93	6.77	
217.0	89.0	14.0	14.0	5.47	7.25	6.26	7.27	5.61	6.36	6.93	5.6	5.36	5.2	8.73	8.06	6.99	5.11	4.31	8.45	3.87	6.16	3.27	6.04	6.49	
218.0	92.0	10.0	10.0	8.57	7.37	3.18	6.08	7.88	6.29	3.18	4.88	7.48	7.4	5.05	8.45	7.73	7.61	8.44	7.83	5.79	3.14	4.03	7.94	6.28	
219.0	95.0	8.0	8.0	3.19	4.35	6.25	6.95	5.55	7.13	3.28	5.44	3.24	3.58	4.01	3.87	3.41	7.87	6.13	4.24	3.11	8.52	5.63	8.53	8.56	
220.0	98.0	15.0	15.0	6.85	8.67	3.51	4.23	6.98	8.44	6.6	6.71	4.27	4.59	5.48	7.72	6.15	6.07	8.62	6.13	7.97	6.14	4.45	8.93	3.6	
221.0	81.0	3.0	3.0	8.3	7.3	7.27	3.6	3.49	3.05	6.85	6.61	6.94	8.87	8.13	8.03	7.85	6.18	7.33	8.47	7.91	6.7	7.08	7.86	3.24	
222.0	84.0	12.0	12.0	4.35	4.26	3.51	6.11	6.15	8.3	3.56	4.49	8.53	6.03	4.25	7.55	3.27	4.58	3.72	3.26	6.28	6.42	3.12	8.12	6.21	
223.0	87.0	5.0	5.0	8.08	4.72	8.78	5.16	7.76	3.77	6.24	5.85	4.36	8.97	4.86	6.8	5.34	5.46	4.14	7.3	3.38	4.76	4.0	6.98	6.9	
224.0	90.0	4.0	4.0	5.17	8.42	3.06	3.22	8.92	8.9	5.16	4.3	6.8	7.09	5.73	6.19	4.22	3.78	5.75	3.78	4.05	5.51	3.44	4.88	6.97	
225.0	94.0	13.0	13.0	3.35	8.84	6.99	3.67	4.25	6.63	3.39	4.3	7.11	4.13	4.95	3.61	6.73	7.86	7.48	3.21	3.59	7.04	8.47	4.7	5.26	
226.0	96.0	15.0	15.0	3.04	3.77	3.93	8.15	8.81	6.25	7.07	7.24	7.4	3.88	7.03	7.59	5.07	5.09	4.43	8.81	7.11	4.14	8.81	3.96	7.67	
227.0	100.0	14.0	14.0	7.73	3.14	6.63	4.92	4.4	7.2	7.95	8.58	3.79	8.6	6.24	3.8	8.42	6.49	4.26	7.19	5.53	7.17	5.77	6.01	7.35	
228.0	82.0	6.0	6.0	5.51	5.67	6.6	5.53	4.04	7.98	6.73	8.04	3.8	5.86	6.58	5.65	8.01	3.89	4.9	3.98	6.78	3.36	5.73	8.28	6.84	
229.0	85.0	3.0	3.0	3.93	5.84	4.07	7.65	5.02	6.83	5.24	8.87	5.15	7.81	8.01	8.76	4.47	4.84	3.97	4.53	5.43	8.59	4.61	5.42	7.56	
230.0	88.0	4.0	4.0	7.93	5.3	6.1	4.96	4.43	4.29	5.3	5.98	5.13	6.52	5.24	4.21	7.35	4.95	7.81	7.77	8.48	6.96	5.02	4.06	3.02	
231.0	91.0	9.0	9.0	6.7	5.06	8.9	7.18	7.84	5.69	8.6	8.66	4.03	6.62	7.42	7.23	3.91	4.46	3.12	4.47	3.63	7.72	7.58	5.08	3.28	
232.0	95.0	8.0	8.0	6.1	8.33	3.71	3.03	3.53	8.38	7.93	8.13	6.73	3.56	8.56	7.41	3.92	4.89	4.9	7.82	7.32	5.64	4.11	4.93	5.92	
233.0	97.0	9.0	9.0	8.94	4.86	8.34	5.1	8.65	7.49	6.28	7.41	7.92	3.38	6.76	8.61	3.6	6.54	7.79	7.83	5.65	5.19	5.72	6.33	3.71	
234.0	11.0	4.0	4.0	8.48	7.15	8.9	6.66	5.43	3.2	3.15	8.61	6.24	4.84	4.41	4.61	7.95	3.42	8.89	8.09	4.07	8.28	3.51	5.64	6.94	
235.0	83.0	5.0	5.0	6.37	6.39	3.59	8.32	7.45	7.32	8.31	4.55	8.2	7.27	5.73	6.47	4.03	5.02	5.04	7.68	7.92	5.85	4.88	8.1	7.15	
236.0	86.0	15.0	15.0	5.45	4.65	5.26	3.33	3.26	3.38	3.92	6.99	6.83	5.79	6.35	4.84	6.55	3.15	8.72	5.0	6.56	5.91	6.44	7.12	8.33	
237.0	89.0	14.0	14.0	3.9	7.98	7.38	8.44	8.72	7.15	5.05	7.92	7.64	4.06	8.62	7.84	3.33	8.03	4.23	7.49	4.72	8.41	7.04	5.89	5.33	
238.0	92.0	10.0	10.0	6.49	8.99	7.12	4.86	6.09	8.77	3.17	8.31	5.28	8.86	5.93	3.53	3.39	8.45	5.16	6.46	5.6	4.09	4.22	4.8	4.64	
239.0	97.0	9.0	9.0	6.71	3.34	7.0	6.48	5.39	7.51	4.63	4.14	6.62	5.96	5.06	5.87	3.23	6.0	5.01	8.93	6.54	8.15	7.75	8.06	3.95	
240.0	98.0	15.0	15.0	5.72	7.33	3.36	7.74	8.36	4.02	5.97	3.93	5.98	5.32	8.53	7.64	4.93	7.27	7.16	5.55	6.07	3.12	9.0	3.03	7.65	
241.0	14.0	13.0	13.0	8.61	3.62	8.23	5.12	4.21	3.6	7.35	4.06	4.75	4.96	6.87	5.6	8.22	8.97	7.2	3.93	8.07	4.96	4.37	4.86	7.88	
242.0	57.0	14.0	14.0	8.81	8.31	4.77	3.13	4.06	7.64	3.95	8.35	8.45	3.79	8.84	5.12	6.11	5.42	6.78	5.57	5.74	3.1	4.06	4.15	3.53	
243.0	15.0	11.0	11.0	6.34	7.87	4.7	8.27	7.37	4.89	5.02	5.55	4.19	6.58	5.28	6.1	6.28	4.68	4.91	6.69	4.3	4.05	8.81	4.88	5.89	
244.0	61.0	12.0	12.0	7.83	7.69	5.66	8.28	7.22	4.73	8.56	4.25	5.31	8.94	3.91	6.2	8.21	3.45	8.14	8.41	3.54	6.58	4.8	7.09	3.58	
245.0	17.0	11.0	11.0	6.59	5.05	6.59	4.46	4.64	6.37	7.31	6.54	5.88	4.93	7.37	8.77	8.9	6.73	6.37	7.63	7.58	3.96	8.32	8.72	3.73	
246.0	6.0	7.0	7.0	5.08	7.95	9.0	3.85	5.71	3.68	8.51	5.16	8.21	4.36	7.65	6.62	6.91	4.02	5.25	5.19	5.01	8.85	5.29	3.55	3.66	
247.0	56.0	13.0	13.0	8.27	4.5	5.9	7.42	7.76	6.35	4.65	3.49	4.54	7.23	4.98	8.01	7.97	5.36	8.77	8.2	8.01	8.09	8.71	6.79	7.15	
248.0	63.0	15.0	15.0	8.03	8.19	8.98	8.7	4.72	8.89	5.26	8.1	8.18	6.95	6.58	4.38	8.46	4.24	8.44	3.43	7.56	4.02	5.82	6.73	7.54	
249.0	55.0	6.0	6.0	4.42	5.44	8.19	6.07	3.56	3.52	7.94	6.98	5.88	5.35	3.48	8.83	6.4	7.54	4.5	8.47	8.56	6.77	7.07	5.12	3.54	
250.0	45.0	5.0	5.0	3.99	4.98	8.07	6.02	5.89	6.51	8.9	7.35	5.35	8.28	8.3	6.46	4.7	8.99	7.85	3.81	4.99	4.97	3.01	8.38	5.39	
251.0	70.0	11.0	11.0	8.65	6.78	3.37	7.73	6.55	6.89	7.62	3.67	7.06	5.5	3.83	5.0	7.01	7.27	8.68	3.09	6.81	5.32	6.13	7.42	4.18	
252.0	61.0	12.0	12.0	7.77	4.01	8.15	4.69	3.78	3.38	4.69	4.2	7.91	4.31	3.43	3.17	6.4	8.37	8.34	6.48	4.29	4.76	7.11	6.02	8.24	
253.0	25.0	12.0	12.0	7.48	4.19	7.64	6.83	8.87	6.14	4.15	6.4	8.13	5.25	4.71	3.82	6.81	6.28	3.31	4.68	7.14	8.38	8.36	5.03	5.27	
254.0	24.0	14.0	14.0	6.62	7.57	4.68	7.5	6.28	5.15	4.44	5.4	4.71	7.12	7.69	7.13	7.68	6.75	3.2	5.62	6.94	4.79	6.14	6.01	4.93	
255.0	79.0	7.0	7.0	5.42	6.72	8.31	5.63	3.67	7.56	4.97	3.12	3.75	4.07	4.9	8.95	8.31	3.55	4.62	7.65	7.29	6.34	7.5	3.32	4.31	
256.0	53.0	12.0	12.0	4.37	4.06	6.97	7.1	8.85	5.18	3.58	4.7	7.16	6.59	7.19	7.83	7.42	5.1	4.06	8.94	4.87	3.17	6.52	4.99	8.86	
257.0	70.0	11.0	11.0	7.72	7.15	7.55	6.25	4.24	3.21	7.63	4.84	4.02	4.25	4.05	6.5	5.81	8.21	6.99	5.01	3.94	6.01	6.46	4.56	4.89	
258.0	41.0	15.0	15.0	8.85	3.1	5.42	7.67	3.88	6.86	4.27	3.68	8.27	6.81	7.43	6.72	3.5	4.23	3.31	7.48	4.19	4.33	5.83	8.58	4.71	
259.0	38.0	5.0	5.0	6.05	4.64	3.54	4.2	6.49	8.94	4.64	3.18	5.99	3.92	8.82	4.76	4.28	4.39	6.48	3.4	3.63	4.01	6.13	5.44	7.5	
260.0	45.0	5.0	5.0	8.58	4.33	6.42	4.25	7.02	5.3	5.16	4.85	3.9	7.65	6.89	4.39	3.85	6.41	8.58	8.83	6.01	7.57	8.16	8.05	5.72	
261.0	81.0	3.0	3.0	4.91	6.86	8.37	5.84	7.15	6.34	4.78	7.78	4.07	6.77	5.54	6.51	8.65	6.4	5.8	4.5	8.93	3.35	3.4	8.64	3.17	
262.0	71.0	11.0	11.0	3.2	8.88	8.1	5.96	4.33	6.34	5.43	3.69	6.5	4.59	4.94	6.74	4.31	4.18	5.3	7.19	6.77	6.0	5.02	8.16	5.42	
263.0	56.0	13.0	13.0	7.85	4.36	7.23	8.99	3.77	4.56	4.98	5.18	8.65	6.74	4.32	3.15	3.35	4.57	8.67	8.6	4.77	3.98	7.61	8.81	8.29	
264.0	12.0	5.0	5.0	8.93	5.93	7.66	7.62	8.34	5.46	6.09	4.53	6.52	6.84	7.82	8.14	4.91	4.91	4.97	4.63	7.67	5.21	5.72	5.34	5.06	
265.0	69.0	12.0	12.0	4.12	3.08	6.39	6.65	4.18	8.62	8.83	5.54	7.74	7.0	3.39	8.6	8.73	4.33	7.4	4.25	8.77	5.26	6.44	5.72	7.39	
266.0	24.0	14.0	14.0	4.81	8.26	6.34	5.72	4.91	3.55	7.8	4.66	7.12	7.55	3.72	7.09	8.42	4.96	3.53	5.13	8.05	4.97	5.82	4.27	8.69	
267.0	76.0	6.0	6.0	7.69	6.24	4.52	7.98	8.48	4.65	3.18	8.17	3.17	8.56	7.95	6.78	5.7	8.53	3.67	6.89	8.75	6.25	8.89	6.23	4.56	
268.0	82.0	6.0	6.0	5.81	4.51	4.57	7.04	5.88	5.93	5.38	3.04	8.39	3.27	6.34	7.51	5.64	8.88	4.71	6.55	8.26	7.11	5.99	6.47	6.15	
269.0	11.0	4.0	4.0	5.56	7.02	5.18	7.49	7.01	8.62	6.77	4.77	7.84	7.86	3.12	6.97	4.14	4.95	8.18	3.45	5.14	7.71	8.65	3.43	5.03	
270.0	9.0	15.0	15.0	4.57	8.27	8.22	7.42	8.48	8.97	3.7	7.92	3.04	3.12	6.6	7.27	6.64	7.18	8.39	7.87	3.44	5.5	3.56	6.7	7.47	
271.0	91.0	9.0	9.0	3.0	4.39	8.75	4.81	3.01	6.81	6.63	4.85	4.17	6.23	6.2	7.49	7.07	3.18	8.52	8.6	3.33	8.74	4.66	8.82	4.63	
272.0	10.0	15.0	15.0	8.71	6.37	3.18	6.31	5.48	6.86	8.97	5.35	6.04	4.76	8.67	6.07	7.18	7.55	7.1	4.45	4.97	3.25	6.71	4.89	6.47	
273.0	79.0	7.0	7.0	3.82	8.67	5.29	8.25	7.37	5.66	8.81	5.53	3.48	7.1	4.74	3.79	4.72	8.06	5.07	8.56	7.35	3.9	6.56	7.21	6.58	
274.0	21.0	9.0	9.0	4.35	6.12	8.97	4.05	7.23	5.39	6.52	3.58	6.56	8.06	7.0	3.92	8.9	5.04	8.51	6.14	5.04	8.15	7.7	8.88	3.02	
275.0	34.0	14.0	14.0	6.23	5.71	5.58	5.65	4.78	4.86	5.18	4.6	4.27	7.93	7.87	5.95	7.07	6.77	7.22	3.22	4.65	8.74	7.02	8.48	8.55	
276.0	52.0	4.0	4.0	5.93	6.19	5.4	4.81	5.83	6.43	6.02	4.45	8.12	4.87	6.8	5.88	5.74	3.56	4.07	6.34	4.06	6.79	7.74	8.63	7.44	
277.0	51.0	2.0	2.0	4.98	4.39	3.02	6.61	4.9	4.84	7.78	3.75	4.28	5.18	6.8	4.68	6.62	7.43	6.47	6.61	7.11	6.91	6.81	7.39	3.13	
278.0	68.0	5.0	5.0	4.36	8.74	6.36	6.66	4.67	8.76	7.32	4.31	7.17	3.16	3.45	3.05	5.25	5.09	5.57	4.65	7.21	6.66	3.08	6.72	8.93	
279.0	57.0	14.0	14.0	4.52	5.3	6.47	6.86	7.68	4.97	6.2	7.84	4.92	5.76	3.34	4.78	5.02	6.59	8.21	3.31	8.6	4.29	3.18	6.54	7.22	
280.0	69.0	12.0	12.0	5.05	6.46	6.08	8.57	7.65	6.13	4.52	4.26	5.55	8.02	3.05	3.34	8.17	8.84	5.59	7.9	5.21	4.18	7.43	4.74	5.3	
281.0	54.0	10.0	10.0	5.02	3.33	6.47	8.93	4.96	3.56	5.94	5.75	4.14	4.39	7.44	6.51	8.6	5.04	5.8	3.5	3.57	6.38	3.81	6.27	4.0	
282.0	7.0	11.0	11.0	6.7	7.27	4.99	4.78	5.72	3.94	3.77	3.48	4.21	7.88	3.67	6.84	8.96	7.65	7.0	7.13	4.88	8.56	6.22	7.31	7.26	
283.0	72.0	11.0	11.0	7.22	5.54	6.55	8.57	6.47	3.42	8.31	5.61	6.25	4.75	7.13	7.55	5.86	5.97	5.94	3.35	5.59	8.97	8.74	4.47	4.1	
284.0	72.0	11.0	11.0	7.98	6.19	4.39	8.45	6.56	6.99	5.82	4.05	8.84	4.79	3.55	3.15	3.59	3.77	6.26	6.14	7.22	5.07	3.06	7.93	8.5	
285.0	1.0	11.0	11.0	3.92	3.61	4.66	8.34	5.26	6.61	3.28	7.53	6.4	6.01	6.79	3.82	6.03	5.46	8.93	6.82	7.43	5.16	5.91	5.15	6.25	
286.0	34.0	14.0	14.0	8.94	8.72	3.77	7.88	8.47	5.75	3.42	6.13	4.02	8.09	6.34	8.67	5.53	6.17	6.77	7.12	7.63	4.15	8.04	6.7	4.73	
287.0	53.0	12.0	12.0	3.28	3.51	6.98	7.15	5.71	3.37	4.98	8.07	7.38	4.74	7.25	4.73	7.98	8.29	4.4	4.5	7.72	6.08	6.22	5.57	4.78	
288.0	84.0	12.0	12.0	7.97	5.82	5.3	8.81	6.95	8.42	7.19	4.37	3.44	8.48	5.87	6.67	6.99	4.63	4.56	5.88	3.04	6.48	5.45	3.3	6.38	
289.0	85.0	3.0	3.0	3.89	6.41	3.39	5.32	5.37	8.2	7.79	3.12	6.16	8.81	6.62	5.18	8.55	4.94	6.48	4.38	7.25	4.29	6.18	3.32	7.8	
290.0	89.0	14.0	14.0	3.91	6.62	6.6	4.09	8.7	6.36	6.0	3.15	7.65	7.14	4.48	3.27	5.63	8.23	4.34	3.41	6.75	5.23	6.39	6.86	7.47	
291.0	92.0	10.0	10.0	7.24	4.57	5.03	4.88	5.96	5.48	7.81	4.26	4.35	5.26	3.09	8.91	3.37	5.38	5.15	3.51	6.82	8.76	6.45	6.3	5.84	
292.0	95.0	8.0	8.0	8.09	5.96	3.42	7.31	5.21	6.34	8.22	3.43	7.65	7.85	6.94	7.41	4.42	8.11	6.88	8.62	7.18	8.95	6.0	6.7	7.67	
293.0	79.0	7.0	7.0	5.34	5.8	5.09	7.67	4.93	5.28	6.13	4.02	3.22	4.79	3.13	3.28	5.03	4.19	6.15	8.5	5.36	5.88	4.57	8.93	5.59	
294.0	46.0	14.0	14.0	8.76	4.83	6.67	5.75	3.45	6.66	4.66	5.79	4.23	4.41	5.58	3.32	6.21	4.88	6.82	6.59	4.77	3.42	8.25	7.17	3.88	
295.0	3.0	6.0	6.0	7.52	6.68	8.05	5.35	6.17	3.26	4.33	8.68	8.62	5.39	6.22	7.92	3.6	7.18	3.04	6.84	6.69	7.55	6.04	7.5	4.84	
296.0	86.0	15.0	15.0	8.47	5.36	4.85	8.8	6.57	7.3	6.11	7.34	4.38	8.17	4.38	7.82	7.29	6.05	7.25	4.59	3.93	7.15	5.2	6.31	7.11	
297.0	89.0	14.0	14.0	8.69	4.7	3.58	8.05	7.71	5.78	8.34	3.49	5.99	8.96	3.69	4.46	8.94	3.91	8.17	7.06	4.31	6.33	8.82	5.61	8.49	
298.0	94.0	13.0	13.0	7.93	8.04	5.13	8.03	4.95	4.45	5.52	5.38	3.65	3.38	7.46	3.51	6.82	8.55	6.67	6.17	6.15	5.25	6.97	7.06	8.2	
299.0	54.0	10.0	10.0	8.53	5.94	8.33	6.38	3.16	3.87	5.61	8.54	3.18	4.49	8.48	5.49	6.48	5.77	3.63	7.58	7.56	8.33	8.0	6.82	3.71	
300.0	100.0	14.0	14.0	7.45	6.61	7.15	5.61	3.27	3.31	3.55	4.06	4.37	6.49	4.36	6.39	8.54	3.88	7.03	4.66	6.61	5.09	5.91	4.32	4.9	
301.0	69.0	12.0	12.0	3.63	5.75	8.44	7.91	5.39	3.47	8.23	3.22	4.25	7.17	7.93	4.21	4.59	6.91	3.75	6.13	4.89	6.85	8.89	6.53	8.85	
302.0	50.0	9.0	9.0	7.72	5.63	7.35	3.63	4.65	5.38	6.76	7.15	8.06	8.44	3.21	8.75	3.41	6.84	4.33	3.89	7.91	4.28	8.28	4.73	7.38	
303.0	63.0	15.0	15.0	8.31	8.68	7.85	4.76	8.44	4.59	5.42	4.33	3.77	6.22	8.04	5.08	6.06	4.95	3.52	7.07	5.91	8.19	7.78	8.25	5.22	
304.0	29.0	2.0	2.0	6.88	7.78	3.09	8.86	3.35	5.37	8.6	4.52	8.61	4.86	8.4	7.2	5.14	7.77	7.66	7.22	8.22	8.31	5.69	5.35	4.96	
305.0	80.0	3.0	3.0	7.8	4.27	8.01	4.87	4.8	8.12	3.51	7.83	4.36	6.37	6.67	7.12	6.68	7.22	5.55	5.48	5.82	3.81	7.64	4.28	3.88	
306.0	96.0	15.0	15.0	4.33	4.19	6.54	8.45	5.3	5.66	3.44	5.04	8.52	8.63	7.75	3.7	5.66	3.24	7.56	6.99	3.57	6.84	4.34	6.73	4.44	
307.0	80.0	3.0	3.0	6.96	4.97	3.36	6.29	8.98	5.98	8.53	6.12	5.8	6.67	6.16	4.83	7.02	5.27	6.34	3.08	4.72	7.9	7.04	5.45	8.88	
308.0	25.0	12.0	12.0	8.55	4.78	3.48	4.77	7.71	7.48	3.83	5.52	6.15	5.8	6.54	5.5	4.3	8.94	3.9	5.61	8.21	8.67	3.77	8.84	4.44	
309.0	50.0	9.0	9.0	3.66	6.06	5.91	4.05	7.05	8.76	5.62	7.51	4.63	4.22	3.27	6.43	5.28	7.87	8.14	6.92	6.36	5.81	6.59	6.59	3.05	
310.0	77.0	8.0	8.0	6.67	3.82	8.76	5.79	4.3	3.6	7.83	7.19	4.26	6.19	5.33	7.59	4.55	6.1	6.84	7.52	6.18	5.51	6.19	6.19	4.92	
311.0	19.0	13.0	13.0	6.17	8.14	7.74	3.94	3.12	3.71	4.55	7.09	6.11	5.28	5.99	6.57	3.8	7.77	5.65	4.47	7.01	4.63	8.06	6.15	8.68	
312.0	95.0	8.0	8.0	4.18	5.78	3.16	4.49	5.8	3.82	5.26	7.25	6.18	4.07	8.73	5.02	6.77	7.35	4.13	3.35	4.98	7.91	5.19	5.74	5.58	
313.0	97.0	9.0	9.0	8.96	7.91	5.49	8.26	6.06	6.43	4.18	7.01	8.39	6.85	3.09	5.91	5.86	6.58	5.55	7.82	3.14	3.32	6.47	4.02	4.64	
314.0	69.0	12.0	12.0	8.45	3.5	5.66	4.79	4.11	8.44	6.98	6.87	9.0	5.0	7.85	6.25	6.64	6.74	7.43	6.33	7.94	6.11	6.97	3.55	4.12	
315.0	83.0	5.0	5.0	3.8	5.47	6.81	6.5	4.39	8.32	3.64	3.61	8.26	7.18	3.28	8.71	7.67	5.97	5.18	6.8	3.89	6.15	7.05	5.97	6.27	
316.0	21.0	9.0	9.0	6.34	3.36	6.37	7.53	8.22	7.89	5.53	7.85	3.76	3.19	8.76	7.05	4.09	5.87	5.26	6.39	5.81	3.33	4.77	8.34	4.19	
317.0	74.0	1.0	1.0	6.3	7.95	8.91	3.26	6.22	7.56	6.19	4.84	8.92	6.08	3.33	3.32	7.33	6.37	4.43	3.24	8.63	4.69	8.06	3.27	8.66	
318.0	51.0	2.0	2.0	8.85	3.99	8.12	5.13	3.03	6.15	3.13	5.37	6.24	4.55	3.31	8.72	6.11	4.17	7.7	7.57	3.36	5.66	4.5	7.09	7.52	
319.0	79.0	7.0	7.0	5.26	6.02	3.24	4.65	4.63	5.98	8.6	8.07	6.54	5.08	6.19	3.47	6.91	7.04	3.66	8.88	5.51	4.62	7.93	6.38	4.05	
320.0	60.0	3.0	3.0	3.34	8.34	5.63	3.66	4.67	4.74	7.85	6.77	6.54	8.84	7.3	3.51	6.66	6.58	4.55	3.61	4.91	8.05	5.74	6.58	6.41	
321.0	78.0	8.0	8.0	6.27	8.29	6.83	4.85	6.19	5.36	4.12	5.7	8.57	8.55	3.71	4.76	4.1	8.63	6.53	8.65	4.94	7.33	6.28	4.18	5.24	
322.0	4.0	9.0	9.0	4.55	8.58	7.79	4.89	3.97	8.98	5.97	8.47	3.16	5.71	4.52	3.58	7.69	7.43	4.22	3.75	3.43	7.78	7.41	7.73	7.71	
323.0	89.0	14.0	14.0	3.47	3.96	8.75	5.08	6.54	5.21	4.78	4.69	8.66	8.18	7.75	6.13	4.38	3.41	6.93	3.61	4.73	5.65	6.56	8.86	7.61	
324.0	48.0	13.0	13.0	3.97	4.12	4.43	4.89	4.44	3.7	6.01	6.19	6.89	3.41	8.31	4.39	4.51	3.76	7.08	3.69	6.52	7.62	4.35	7.77	6.13	
325.0	90.0	4.0	4.0	3.98	6.97	8.76	8.19	6.88	6.42	4.06	4.85	6.3	4.8	7.43	8.19	3.74	8.22	7.44	5.06	5.69	4.76	7.69	4.2	8.72	
326.0	5.0	15.0	15.0	4.69	6.74	4.22	6.23	6.07	8.01	8.52	6.54	6.11	4.85	3.47	7.74	3.63	3.32	6.48	5.52	7.16	7.51	4.53	7.63	7.74	
327.0	60.0	3.0	3.0	3.77	3.02	8.41	7.81	8.47	8.35	7.36	8.38	7.61	7.52	5.17	8.64	7.37	5.95	3.7	7.95	7.01	8.3	6.52	5.03	7.14	
328.0	82.0	6.0	6.0	6.36	3.55	3.21	6.51	5.16	8.97	3.62	6.37	3.53	3.31	8.21	5.36	3.64	5.06	7.27	4.66	7.54	8.44	5.32	4.97	8.58	
329.0	58.0	11.0	11.0	5.31	8.21	3.7	4.82	6.93	4.8	8.51	7.41	6.78	6.09	4.41	7.86	3.7	3.3	7.79	3.36	5.92	5.18	5.86	6.07	6.75	
330.0	85.0	3.0	3.0	8.11	6.47	3.16	9.0	3.79	7.0	8.15	8.03	5.41	4.72	6.4	7.4	4.65	3.67	3.59	6.74	4.53	4.52	4.75	5.72	7.63	
331.0	2.0	14.0	14.0	4.52	7.28	3.8	4.52	4.87	4.02	6.34	4.55	6.01	4.83	4.03	4.83	4.37	8.87	3.06	5.32	4.88	5.96	8.83	8.66	7.37	
332.0	96.0	15.0	15.0	5.71	3.89	7.66	4.29	3.76	7.7	4.58	3.63	8.87	6.05	7.72	8.51	5.87	8.23	5.75	4.99	3.46	5.45	4.64	4.79	4.39	
333.0	98.0	15.0	15.0	6.16	6.19	4.18	3.17	4.82	7.13	3.06	5.63	8.43	5.64	3.6	5.55	3.17	8.53	8.73	5.12	6.94	3.87	5.79	7.92	4.97	
334.0	28.0	8.0	8.0	7.49	6.9	7.93	6.45	8.31	3.67	3.77	6.49	8.13	5.47	5.7	3.85	5.13	6.61	7.91	5.83	7.99	7.35	3.94	6.94	3.89	
335.0	47.0	15.0	15.0	7.25	5.55	6.42	8.32	5.59	3.62	4.58	5.23	6.61	8.63	7.71	7.82	4.58	4.1	7.4	8.56	3.63	4.27	8.16	6.12	3.46	
336.0	68.0	5.0	5.0	8.43	8.27	7.27	8.13	4.73	3.03	6.42	8.25	7.22	8.72	5.93	4.51	5.15	8.03	5.69	3.84	4.96	3.49	6.21	8.96	3.14	
337.0	54.0	10.0	10.0	5.81	3.7	7.26	8.48	8.34	3.71	5.42	7.52	6.6	6.42	8.3	8.22	3.21	5.57	6.03	8.21	3.59	5.27	8.35	3.89	8.33	
338.0	53.0	12.0	12.0	5.45	3.23	5.73	6.54	6.62	4.59	7.43	4.94	5.05	8.18	5.85	7.91	7.91	7.11	4.82	6.76	5.3	7.28	4.53	8.12	7.76	
339.0	96.0	15.0	15.0	7.24	7.43	8.41	3.19	6.31	5.35	4.42	6.13	3.76	8.82	4.68	4.17	3.8	7.93	8.36	4.66	4.82	8.74	5.19	8.59	3.09	
340.0	100.0	14.0	14.0	5.36	3.83	4.22	6.42	8.08	6.78	3.09	3.76	5.09	4.35	5.14	7.94	8.09	6.84	3.6	6.21	7.81	4.33	5.27	3.97	8.95	
341.0	30.0	14.0	14.0	7.13	3.63	7.93	7.23	7.54	8.65	7.1	4.35	4.41	3.55	5.97	8.02	6.72	6.81	5.2	7.73	4.39	4.34	6.82	7.3	7.84	
342.0	39.0	14.0	14.0	8.73	6.63	6.28	5.9	8.55	8.8	6.77	7.37	6.85	6.67	5.28	6.36	6.17	4.88	8.05	3.14	6.73	3.83	7.8	5.24	7.6	
343.0	88.0	4.0	4.0	4.02	3.42	5.89	8.56	4.27	4.41	4.51	5.38	4.24	8.71	5.99	3.85	6.94	5.58	7.32	6.71	4.44	5.79	5.63	7.14	7.34	
344.0	90.0	4.0	4.0	6.11	7.81	8.61	5.16	4.78	7.33	3.29	5.5	4.75	6.97	6.47	5.19	6.81	7.9	5.38	5.81	3.84	4.27	8.21	5.6	6.86	
345.0	55.0	6.0	6.0	8.29	7.08	6.54	8.19	5.21	3.61	7.94	4.69	4.76	5.96	5.6	8.76	7.92	4.64	6.19	7.65	5.94	8.34	7.31	4.79	3.73	
346.0	98.0	15.0	15.0	4.35	6.93	8.6	6.22	5.29	8.9	8.05	6.05	6.9	8.95	3.05	6.53	4.68	8.14	4.92	5.51	8.08	6.0	4.3	3.57	5.03	
347.0	69.0	12.0	12.0	4.88	8.85	8.21	6.86	6.44	6.68	8.79	3.01	4.56	3.83	4.5	3.7	7.61	8.8	5.11	6.5	4.91	8.2	7.3	6.04	8.84	
348.0	29.0	2.0	2.0	5.14	8.69	6.51	6.8	8.29	7.15	7.22	8.26	6.96	6.42	7.4	8.84	4.38	4.05	5.32	3.24	7.57	3.78	5.97	3.14	7.95	
349.0	79.0	7.0	7.0	7.31	3.92	8.52	6.41	7.0	6.04	4.31	4.57	5.13	3.67	7.5	7.92	5.8	7.01	3.44	4.08	6.59	5.13	7.34	3.87	4.02	
350.0	59.0	9.0	9.0	7.24	7.42	3.64	8.03	7.29	5.29	3.84	8.0	7.54	8.36	4.49	4.03	8.49	5.46	7.21	3.5	8.02	4.14	6.03	8.47	5.39	
351.0	44.0	3.0	3.0	5.58	6.03	7.72	7.52	5.3	6.29	5.8	4.11	5.34	3.78	5.7	8.82	4.66	4.8	8.34	4.4	8.13	7.53	7.74	6.47	8.15	
352.0	95.0	8.0	8.0	5.47	5.79	5.46	5.1	3.14	3.91	8.3	3.4	5.51	6.52	7.42	7.54	6.07	3.59	4.42	6.71	5.62	5.23	7.13	8.89	4.42	
353.0	33.0	14.0	14.0	5.16	3.7	7.03	5.9	7.42	5.36	4.28	8.57	7.51	4.87	3.04	8.34	8.72	7.43	3.34	5.47	6.51	4.23	7.77	5.11	5.75	
354.0	44.0	3.0	3.0	6.69	8.12	4.3	8.99	6.09	7.76	5.77	5.6	8.53	6.03	8.94	5.48	7.18	7.19	4.78	3.14	4.87	4.91	4.46	6.67	8.61	
355.0	72.0	11.0	11.0	5.25	8.29	5.0	3.01	7.1	6.08	7.95	4.61	4.14	7.38	3.35	4.79	5.16	7.48	8.19	5.64	4.36	4.71	7.42	4.98	8.02	
356.0	44.0	3.0	3.0	8.5	8.14	4.6	3.08	5.51	6.38	3.05	8.54	3.19	5.4	3.01	8.01	5.93	3.84	4.27	5.78	5.83	6.85	5.55	7.82	7.65	
357.0	89.0	14.0	14.0	8.26	5.05	3.86	5.06	5.85	3.25	5.58	8.38	5.41	7.34	7.99	4.18	5.59	7.53	6.7	7.12	5.41	4.0	3.34	5.87	6.23	
358.0	36.0	15.0	15.0	6.91	5.05	3.87	7.99	4.73	7.41	5.54	3.71	6.01	4.7	3.42	8.71	7.61	3.14	4.72	7.3	6.34	3.83	8.67	6.38	6.11	
359.0	96.0	15.0	15.0	7.69	8.7	6.17	8.16	6.0	7.95	4.84	7.72	7.18	8.0	3.1	5.73	5.22	4.19	5.27	3.99	3.22	8.75	3.44	8.27	6.86	
360.0	77.0	8.0	8.0	8.59	7.82	4.67	7.95	7.31	6.97	5.36	6.58	7.22	6.08	6.15	5.9	4.19	4.32	4.9	6.28	8.03	7.29	5.59	4.6	7.58	
361.0	27.0	13.0	13.0	8.29	5.03	7.45	3.89	8.05	8.39	4.67	3.82	4.24	8.16	7.22	3.61	8.43	6.25	8.79	8.79	5.0	6.42	6.47	8.3	6.53	
362.0	86.0	15.0	15.0	8.2	4.52	5.87	4.18	5.88	5.41	8.87	6.62	5.26	6.8	5.17	6.26	7.28	3.85	6.72	6.14	8.53	8.14	8.63	8.63	3.66	
363.0	41.0	15.0	15.0	7.06	6.33	4.98	7.34	4.53	4.88	3.89	3.57	4.02	8.02	8.12	8.69	8.41	7.05	5.77	3.5	7.34	7.39	7.23	3.52	3.88	
364.0	20.0	4.0	4.0	3.21	3.1	7.6	3.39	3.75	3.81	8.93	6.12	4.83	6.66	4.21	3.98	3.0	3.4	3.13	7.3	4.31	3.84	3.4	5.73	8.01	
365.0	32.0	14.0	14.0	6.89	5.49	6.77	5.39	4.78	6.51	8.13	8.43	8.39	8.4	3.51	3.59	8.63	8.16	6.75	4.64	3.06	7.32	8.27	4.7	3.03	
366.0	63.0	15.0	15.0	7.64	7.06	6.01	3.36	6.91	6.36	3.75	6.7	8.47	6.74	7.62	4.14	5.14	8.0	3.92	7.93	3.45	4.96	7.07	6.4	6.27	
367.0	28.0	8.0	8.0	5.33	4.17	5.54	8.35	7.16	3.03	5.48	3.93	5.16	6.65	6.09	8.96	5.5	8.35	4.9	8.74	3.19	6.71	7.26	4.25	5.14	
368.0	68.0	5.0	5.0	5.73	3.49	5.93	4.6	5.87	8.59	8.01	7.41	7.21	3.12	3.24	8.55	7.25	6.44	3.5	6.22	7.03	3.14	6.81	4.98	7.15	
369.0	74.0	1.0	1.0	6.27	7.48	4.31	3.86	8.55	6.9	7.53	5.12	8.44	4.69	3.04	3.17	5.86	6.76	7.89	5.36	5.33	3.21	7.43	4.15	4.63	
370.0	72.0	11.0	11.0	6.32	4.44	5.94	3.73	7.31	4.69	3.2	7.17	7.14	6.81	7.13	4.21	5.0	8.6	8.08	7.18	8.17	4.41	4.17	8.98	3.29	
371.0	79.0	7.0	7.0	4.87	3.55	6.19	5.62	5.44	7.02	7.05	6.27	4.51	5.21	3.08	8.32	5.92	7.23	4.72	4.01	3.47	5.53	7.2	8.54	3.26	
372.0	80.0	3.0	3.0	8.97	3.65	3.9	7.19	3.44	3.33	6.25	5.75	6.05	4.44	6.06	4.21	4.56	4.01	6.89	7.09	7.2	5.83	4.5	7.01	8.61	
373.0	61.0	12.0	12.0	5.59	5.13	6.26	5.05	3.07	5.62	8.69	5.53	3.7	8.67	8.59	4.24	7.17	6.74	4.46	6.5	7.12	3.22	6.1	8.94	8.07	
374.0	43.0	13.0	13.0	6.45	5.41	5.47	7.33	3.22	3.81	8.1	6.96	7.36	7.02	8.89	3.32	7.89	4.91	6.61	7.58	5.48	6.74	3.64	7.96	3.21	
375.0	41.0	15.0	15.0	8.99	4.53	5.22	8.37	7.86	3.44	7.84	4.29	5.8	4.89	7.68	3.08	4.85	3.32	6.87	3.84	7.37	6.38	8.65	4.14	8.42	
376.0	36.0	15.0	15.0	5.05	3.31	3.78	7.59	6.05	4.64	4.53	7.25	3.52	5.94	5.53	5.86	8.12	8.05	6.86	7.76	8.09	3.78	4.23	5.62	6.23	
377.0	90.0	4.0	4.0	5.81	9.0	8.94	8.99	6.63	3.36	8.89	6.15	4.01	5.07	4.7	7.26	4.04	5.56	5.23	6.23	6.88	3.56	5.74	4.83	4.35	
378.0	15.0	11.0	11.0	8.89	5.29	8.85	8.65	3.26	7.68	4.37	3.97	4.69	4.66	6.1	4.48	8.37	5.59	6.16	5.66	5.08	8.96	4.97	6.2	5.5	
379.0	8.0	15.0	15.0	6.81	5.52	5.72	6.42	7.18	6.48	6.44	3.5	5.05	5.74	4.75	8.78	4.21	7.37	4.7	3.39	3.84	3.35	3.37	3.57	3.82	
380.0	99.0	12.0	12.0	7.07	3.58	8.82	4.81	7.61	8.05	5.24	4.51	7.79	3.65	3.03	5.68	6.98	7.66	4.18	7.47	7.57	5.56	6.75	8.08	4.19	
381.0	67.0	3.0	3.0	8.77	8.15	8.71	3.52	8.56	3.05	4.82	6.07	3.95	8.21	3.67	5.21	5.02	8.05	3.75	4.61	6.05	4.37	4.41	8.68	7.47	
382.0	18.0	2.0	2.0	6.99	7.16	3.11	7.17	4.14	4.03	5.7	6.4	7.48	6.35	5.39	4.8	8.45	5.87	5.72	4.51	5.98	7.14	4.02	4.69	6.96	
383.0	48.0	13.0	13.0	7.45	7.04	6.31	7.69	7.19	6.9	8.84	4.49	5.08	3.67	3.44	8.66	6.89	4.82	6.14	7.58	3.17	7.49	4.88	6.81	6.61	
384.0	39.0	14.0	14.0	3.83	3.93	7.95	8.63	8.8	4.86	4.06	3.89	6.84	7.53	6.91	6.24	5.21	6.39	3.14	8.73	4.43	5.91	5.23	7.52	3.57	
385.0	41.0	15.0	15.0	5.26	6.9	8.26	4.21	5.12	3.93	6.34	4.54	7.33	6.33	6.03	5.76	5.99	7.36	7.56	6.86	6.25	3.58	8.78	8.05	3.92	
386.0	37.0	5.0	5.0	5.7	6.2	8.79	3.09	7.95	7.3	5.64	5.07	7.5	8.28	3.94	8.37	5.34	7.87	6.92	8.47	5.01	3.32	4.52	8.09	8.2	
387.0	38.0	5.0	5.0	3.29	6.27	5.99	4.32	7.24	6.02	4.12	7.98	4.83	6.58	8.94	7.56	5.13	6.04	3.14	3.81	5.84	3.28	8.17	6.83	7.12	
388.0	84.0	12.0	12.0	6.83	3.36	6.27	8.25	5.14	8.3	6.67	5.12	6.3	4.35	3.48	3.73	5.47	3.66	7.58	4.7	8.05	5.03	4.33	5.58	3.97	
389.0	18.0	2.0	2.0	8.58	5.82	3.05	8.95	8.53	6.42	6.72	8.42	3.51	5.63	4.56	6.4	4.38	7.28	8.4	3.41	5.92	4.51	8.65	5.9	6.37	
390.0	43.0	13.0	13.0	6.87	3.0	3.6	8.2	6.46	8.52	3.78	6.64	7.63	4.04	5.6	8.49	5.46	7.94	8.86	5.38	6.45	6.21	3.5	5.84	7.19	
391.0	27.0	13.0	13.0	3.21	5.19	8.51	7.31	7.21	5.69	7.52	4.64	3.83	8.97	4.43	4.49	8.08	5.21	7.37	3.69	6.28	6.9	6.95	6.87	6.23	
392.0	33.0	14.0	14.0	3.61	4.59	7.6	8.11	5.14	7.82	4.55	6.18	6.64	6.4	5.72	6.88	5.68	5.77	4.87	8.62	6.64	5.35	3.24	8.88	6.22	
393.0	43.0	13.0	13.0	4.47	6.01	3.98	5.34	5.8	8.89	3.08	6.83	8.2	5.32	7.73	3.28	7.13	5.64	3.83	3.06	6.31	8.78	3.6	3.89	6.01	
394.0	64.0	4.0	4.0	5.35	7.62	7.95	5.1	4.9	6.38	8.46	4.59	6.71	4.82	4.65	5.15	8.29	8.28	6.94	4.47	8.35	8.35	3.29	7.25	7.91	
395.0	33.0	14.0	14.0	6.22	7.39	5.12	4.71	8.36	8.29	8.18	6.7	7.16	6.49	6.87	3.38	8.24	8.11	8.4	3.17	5.76	3.95	7.19	5.96	3.39	
396.0	37.0	5.0	5.0	4.51	8.19	7.7	3.77	7.9	6.28	5.72	5.99	7.4	5.66	6.55	6.89	4.23	6.09	7.65	8.99	5.2	4.48	8.21	8.37	7.23	
397.0	89.0	14.0	14.0	7.76	3.17	8.16	4.17	5.88	4.8	3.08	3.54	4.89	5.21	6.67	6.43	8.66	3.21	7.77	7.62	5.07	3.95	4.19	4.8	6.5	
398.0	41.0	15.0	15.0	7.78	8.88	4.64	3.6	4.0	6.34	4.38	4.86	5.03	7.75	8.54	3.5	5.02	6.98	5.85	3.92	5.78	4.99	5.5	8.0	4.4	
399.0	65.0	11.0	11.0	3.69	8.63	5.7	3.64	7.1	7.23	8.73	3.38	8.4	6.23	6.24	3.09	7.5	5.42	4.92	3.11	5.24	4.98	7.43	3.36	6.23	
400.0	52.0	4.0	4.0	4.64	5.61	7.95	7.24	4.33	8.85	5.21	5.37	4.52	8.22	5.53	6.89	7.66	3.69	7.41	4.31	7.24	4.8	8.37	4.53	5.13	
401.0	72.0	11.0	11.0	8.3	7.63	8.13	8.82	5.01	4.64	6.73	3.55	6.36	8.59	7.27	6.84	6.97	5.25	7.43	7.38	4.52	5.77	5.4	5.32	4.16	
402.0	70.0	11.0	11.0	6.45	4.6	6.75	4.2	4.73	7.05	8.49	8.27	5.79	8.63	6.93	4.3	8.89	5.01	7.75	4.19	8.88	4.18	8.98	7.73	3.7	
403.0	78.0	8.0	8.0	7.14	8.9	6.88	5.55	8.22	5.59	3.58	3.98	7.65	3.63	8.15	8.47	7.9	5.12	6.24	5.15	4.64	8.75	6.71	3.1	7.51	
404.0	90.0	4.0	4.0	8.74	6.77	7.75	7.38	3.98	7.54	3.25	6.05	6.02	7.91	5.71	6.51	7.34	5.41	4.78	6.39	3.36	6.86	8.11	3.53	7.5	
405.0	93.0	4.0	4.0	4.75	4.66	3.65	7.94	6.46	4.6	5.86	8.78	5.0	3.82	4.7	6.55	5.08	8.43	7.14	4.71	5.81	3.38	4.64	8.63	6.08	
406.0	70.0	11.0	11.0	5.58	7.75	6.41	4.57	7.36	7.65	3.66	4.88	7.0	5.35	6.26	5.53	5.35	4.64	6.19	7.89	6.6	7.06	3.47	3.67	8.35	
407.0	45.0	5.0	5.0	6.4	3.48	8.51	5.31	7.48	4.65	7.28	5.79	4.1	3.19	7.99	6.92	8.94	4.84	4.55	6.23	7.98	3.77	5.06	3.12	3.25	
408.0	73.0	13.0	13.0	7.8	6.61	8.04	3.37	4.66	7.13	3.86	4.6	6.78	7.92	8.5	7.38	3.58	8.7	7.73	6.12	3.59	8.29	3.74	3.95	8.99	
409.0	44.0	3.0	3.0	8.94	7.07	5.56	3.63	3.78	6.12	6.42	3.27	8.21	4.12	4.14	4.85	6.37	6.67	6.55	4.61	3.13	8.26	5.96	6.56	8.05	
410.0	42.0	4.0	4.0	5.63	4.72	5.27	4.7	7.16	6.86	5.85	8.9	6.4	8.59	7.36	4.83	6.69	3.85	4.05	4.25	4.8	3.18	4.22	3.41	7.42	
411.0	92.0	10.0	10.0	5.51	6.52	6.91	6.26	3.74	4.08	4.86	6.93	6.99	3.26	5.43	7.27	7.52	8.47	4.16	6.56	7.94	5.49	8.91	4.42	5.31	
412.0	26.0	1.0	1.0	8.6	5.38	7.45	5.49	6.85	6.35	6.07	4.36	8.63	7.66	8.71	3.41	4.38	5.63	8.81	3.37	6.85	6.53	8.34	8.23	3.73	
413.0	99.0	12.0	12.0	5.24	6.57	6.03	8.3	5.59	8.66	3.71	8.64	5.16	4.66	8.69	3.14	8.99	7.37	6.05	5.23	5.35	3.4	7.54	3.77	5.51	
414.0	55.0	6.0	6.0	7.68	4.25	4.44	6.47	4.88	8.49	8.86	4.91	6.74	3.81	3.93	4.7	7.7	3.96	3.9	5.65	6.51	5.27	8.89	5.89	7.52	
415.0	54.0	10.0	10.0	7.32	3.99	6.1	7.37	3.53	4.36	6.13	3.89	6.51	4.92	6.78	8.72	7.68	6.51	5.74	8.37	3.73	8.39	3.04	6.67	8.64	
416.0	41.0	15.0	15.0	4.85	3.36	6.0	8.5	3.76	5.62	4.17	3.81	7.15	3.53	3.78	8.27	8.48	3.3	4.56	3.17	4.18	4.04	7.76	6.27	6.42	
417.0	76.0	6.0	6.0	4.43	4.19	4.95	3.68	8.69	7.45	4.17	5.7	8.45	8.9	6.92	5.34	7.17	3.46	3.13	3.6	8.82	8.8	5.2	6.16	8.6	
418.0	63.0	15.0	15.0	3.7	6.59	6.36	8.81	4.37	7.9	7.38	6.98	7.42	8.12	5.02	7.38	3.68	5.57	3.95	8.15	3.52	3.39	7.28	6.33	7.97	
419.0	63.0	15.0	15.0	6.72	6.26	3.46	4.49	8.34	4.73	4.21	8.96	4.66	4.04	6.51	8.04	4.6	6.47	5.82	3.76	8.15	4.01	6.71	8.02	6.46	
420.0	81.0	3.0	3.0	4.83	4.33	5.69	3.5	5.3	4.37	7.4	4.33	7.27	6.64	8.69	6.64	3.36	4.97	7.15	6.46	7.17	6.54	8.29	4.45	8.15	
421.0	73.0	13.0	13.0	7.57	7.31	6.49	4.53	3.62	8.35	8.9	3.09	3.58	5.52	3.14	3.17	6.35	7.92	4.09	4.85	8.18	8.77	4.67	6.15	6.28	
422.0	44.0	3.0	3.0	6.73	4.36	6.36	3.71	8.94	6.56	8.96	3.49	4.2	5.95	7.02	5.7	6.27	7.82	7.24	3.16	8.97	3.99	8.51	4.62	4.29	
423.0	53.0	12.0	12.0	8.87	4.2	8.44	5.51	4.01	6.24	8.16	6.13	5.41	6.73	4.44	3.09	3.78	8.45	7.37	6.8	6.0	4.27	7.61	8.79	6.14	
424.0	90.0	4.0	4.0	5.64	3.1	3.56	4.41	8.08	5.77	5.82	6.53	5.06	6.49	4.86	3.15	7.05	4.8	5.46	6.44	7.71	6.05	5.7	4.42	3.46	
425.0	40.0	11.0	11.0	5.01	3.58	5.44	4.4	4.42	5.59	3.23	8.6	8.16	6.58	4.87	6.66	4.83	3.31	8.36	6.66	8.14	5.53	8.22	6.25	4.74	
426.0	23.0	7.0	7.0	4.44	5.32	5.3	7.4	8.22	8.7	4.85	4.15	3.58	6.7	7.09	4.54	5.71	6.53	3.77	4.28	5.94	5.35	6.86	6.34	4.53	
427.0	78.0	8.0	8.0	7.53	7.96	8.23	3.5	3.37	7.06	6.22	8.01	8.77	8.42	4.65	3.6	7.36	6.15	8.48	5.64	6.87	5.15	8.36	4.44	7.46	
428.0	58.0	11.0	11.0	3.2	5.17	7.61	7.42	6.85	4.12	4.98	7.5	4.16	5.28	4.26	7.21	4.56	6.91	5.73	7.09	7.29	7.0	3.51	8.1	4.79	
429.0	12.0	5.0	5.0	3.46	7.71	3.8	5.11	7.82	5.69	3.22	4.36	4.61	8.54	3.97	3.46	7.88	6.7	7.92	8.46	7.46	6.88	8.41	6.28	5.15	
430.0	37.0	5.0	5.0	8.35	8.4	7.19	4.41	5.86	3.17	4.03	7.06	5.35	3.13	6.71	8.16	3.42	5.84	7.14	3.35	8.6	7.72	5.18	4.85	4.78	
431.0	32.0	14.0	14.0	5.63	8.27	4.54	3.78	7.58	7.23	7.17	3.94	4.49	3.47	4.85	8.36	4.47	7.62	5.19	7.72	7.86	3.82	7.93	6.01	5.23	
432.0	30.0	14.0	14.0	5.44	4.05	5.22	6.57	8.04	3.7	5.52	7.68	5.01	4.56	5.93	7.78	7.74	8.74	4.07	8.86	3.88	8.55	6.08	7.32	6.2	
433.0	74.0	1.0	1.0	4.53	4.78	7.93	8.21	8.58	3.26	4.47	3.5	8.39	4.37	3.92	6.61	3.06	8.24	8.34	4.84	3.68	8.32	8.73	4.67	5.8	
434.0	74.0	1.0	1.0	6.68	4.3	3.52	8.09	3.3	8.02	8.8	8.02	6.31	4.56	5.01	6.61	8.01	5.4	4.32	4.59	8.37	3.74	6.32	6.86	4.78	
435.0	69.0	12.0	12.0	5.52	4.5	7.46	3.22	5.29	3.02	8.57	7.31	6.14	3.23	8.09	6.32	7.06	4.32	4.62	7.31	5.41	8.14	5.43	4.17	7.98	
436.0	77.0	8.0	8.0	6.04	5.41	5.3	5.25	6.97	6.44	3.53	7.67	6.17	6.68	6.41	5.77	8.83	7.52	4.82	4.93	6.42	6.09	7.72	8.98	5.59	
437.0	75.0	8.0	8.0	6.12	4.12	8.68	3.79	6.32	4.29	8.11	7.77	5.5	5.22	8.45	3.89	4.26	6.47	8.02	7.79	3.53	4.42	8.29	4.38	3.4	
438.0	94.0	13.0	13.0	6.42	7.0	5.17	3.39	7.8	4.64	8.3	8.46	8.9	7.75	3.08	3.61	7.34	3.56	7.83	5.06	3.7	4.62	7.63	4.42	4.39	
439.0	46.0	14.0	14.0	6.93	4.32	8.46	7.54	8.71	4.63	8.38	8.99	4.5	5.75	7.62	8.79	6.32	8.38	4.62	6.78	3.89	6.9	3.05	5.74	8.12	
440.0	57.0	14.0	14.0	6.19	3.91	6.41	5.79	5.72	3.27	6.67	7.36	8.72	3.72	6.6	7.11	3.11	3.79	4.05	5.11	7.91	4.93	7.03	4.15	4.32	
441.0	76.0	6.0	6.0	7.24	4.15	4.16	3.62	6.75	4.35	7.21	8.06	3.45	3.98	6.03	4.61	3.69	4.59	3.08	6.26	7.29	5.71	3.03	4.63	6.63	
442.0	65.0	11.0	11.0	5.73	8.73	4.68	6.11	4.42	3.26	7.34	6.99	4.67	6.04	8.38	6.4	3.99	4.01	6.69	5.91	4.65	4.39	7.42	3.94	6.04	
443.0	80.0	3.0	3.0	3.51	7.51	5.45	8.59	3.07	8.73	4.44	5.25	4.74	4.04	3.18	5.52	8.48	7.33	8.69	3.67	6.43	8.12	3.25	6.07	5.43	
444.0	54.0	10.0	10.0	8.26	5.96	7.12	7.55	5.02	3.65	3.46	8.74	4.54	3.14	5.16	5.37	4.83	6.64	6.09	6.2	6.06	8.13	6.9	7.27	4.53	
445.0	47.0	15.0	15.0	7.39	4.4	5.78	4.85	3.4	6.64	8.9	6.12	8.27	8.93	4.21	7.33	3.8	4.31	3.0	5.97	8.33	5.7	5.78	5.13	5.66	
446.0	64.0	4.0	4.0	5.48	6.31	4.7	5.84	4.24	4.98	4.9	7.61	5.83	6.16	4.39	7.91	5.59	3.84	4.93	3.19	4.25	3.17	7.42	8.62	8.48	
447.0	81.0	3.0	3.0	7.5	3.74	8.66	8.78	4.4	3.97	6.82	6.43	8.91	7.79	8.45	6.66	6.47	5.17	6.94	7.54	5.61	6.94	3.11	7.34	4.81	
448.0	84.0	12.0	12.0	6.05	3.25	4.41	7.73	6.26	6.41	5.69	4.73	7.59	6.15	6.49	5.87	6.13	3.33	7.75	7.68	7.52	5.06	7.81	6.63	7.64	
449.0	4.0	9.0	9.0	5.4	5.62	5.55	8.77	3.31	7.65	4.09	7.45	5.49	4.49	3.61	5.34	3.3	8.5	5.97	8.05	7.97	5.78	8.49	6.98	8.23	
450.0	76.0	6.0	6.0	6.89	4.31	6.24	6.98	5.51	6.26	3.49	3.55	4.63	3.25	8.19	8.29	4.2	4.06	5.84	8.35	6.86	8.11	4.79	5.59	3.73	
451.0	2.0	14.0	14.0	6.26	6.18	8.36	8.37	4.36	7.95	4.33	6.98	5.51	4.2	4.9	4.74	5.91	4.9	6.32	8.19	3.71	3.61	6.76	5.07	7.13	
452.0	61.0	12.0	12.0	3.41	7.72	3.63	7.46	4.03	7.67	8.17	7.66	6.34	3.71	8.67	7.17	8.94	7.5	3.59	5.12	4.8	8.15	6.04	6.52	5.14	
453.0	51.0	2.0	2.0	4.86	4.94	5.84	6.7	8.05	5.9	7.83	6.88	8.26	3.66	3.89	5.5	8.19	7.19	8.18	6.96	5.29	6.22	8.36	6.72	3.65	
454.0	19.0	13.0	13.0	4.21	7.88	5.03	4.01	8.98	5.85	8.14	7.86	3.71	7.42	6.01	7.56	7.29	4.88	7.71	5.0	5.31	3.13	8.82	4.22	5.98	
455.0	28.0	8.0	8.0	6.71	7.96	4.1	3.73	7.09	3.6	3.43	8.4	6.2	3.14	8.34	7.29	6.3	8.56	6.94	6.88	4.84	5.82	8.84	5.24	3.15	
456.0	49.0	12.0	12.0	7.28	8.54	4.29	6.97	4.37	3.8	7.27	6.31	6.25	6.8	5.79	5.59	5.4	8.89	7.42	6.02	5.34	3.98	6.83	7.09	4.32	
457.0	40.0	11.0	11.0	5.47	3.02	3.06	4.93	5.56	7.17	4.5	3.14	6.03	3.66	5.28	6.93	5.26	7.66	3.05	4.22	7.88	5.27	8.66	7.15	7.77	
458.0	61.0	12.0	12.0	3.36	7.02	4.36	3.2	7.24	3.55	6.89	3.88	3.97	3.74	6.34	7.41	5.26	3.68	7.91	8.97	6.5	4.11	3.28	6.59	7.3	
459.0	64.0	4.0	4.0	5.31	4.42	6.8	8.83	7.69	6.6	8.9	7.81	5.44	7.61	6.67	4.5	6.0	8.34	8.97	7.03	8.05	3.66	7.9	8.07	2.67541474860072	
460.0	67.0	3.0	3.0	8.21	8.57	8.05	8.23	6.68	8.6	7.04	5.68	7.06	8.03	7.47	4.99	8.44	4.16	6.23	3.93	3.03	5.33	4.29	7.8	7.57	
461.0	70.0	11.0	11.0	8.18	8.88	7.53	6.93	4.45	4.84	5.63	3.86	4.08	3.32	5.44	6.35	6.78	6.07	5.56	8.77	4.68	5.96	7.49	8.14	3.45	
462.0	73.0	13.0	13.0	5.52	8.61	7.75	7.3	8.84	7.59	3.29	4.35	8.83	7.54	4.22	6.24	4.87	8.56	5.46	5.54	3.02	8.81	7.23	7.79	4.49	
463.0	76.0	6.0	6.0	5.91	7.18	8.68	7.85	4.73	8.21	7.36	6.12	4.67	5.89	6.87	8.35	8.53	6.71	3.57	6.41	8.1	6.55	4.71	4.9	3.31	
464.0	79.0	7.0	7.0	5.61	4.59	7.38	8.78	3.85	5.59	4.78	7.44	5.82	4.62	3.63	8.26	8.08	8.06	4.1	6.28	6.48	6.76	8.29	5.37	5.03	
465.0	62.0	7.0	7.0	7.2	8.11	8.44	6.8	7.86	6.08	3.25	3.11	4.48	8.55	5.55	5.04	6.92	3.26	7.35	3.01	8.37	8.46	6.27	4.61	4.06	
466.0	65.0	11.0	11.0	8.18	3.19	4.65	4.56	5.04	7.09	3.39	4.88	6.93	3.06	3.55	6.25	8.56	7.67	5.96	6.98	3.75	4.64	6.75	3.07	7.8	
467.0	68.0	5.0	5.0	3.19	3.11	4.87	6.88	4.13	6.68	4.53	6.55	6.25	4.65	5.28	3.95	4.11	8.94	5.26	8.9	7.31	5.36	4.51	3.95	3.96	
468.0	71.0	11.0	11.0	8.86	4.71	7.55	3.34	4.8	7.87	4.08	5.25	5.19	8.27	7.69	7.16	3.11	6.74	3.92	6.05	8.07	3.77	4.99	8.14	5.8	
469.0	74.0	1.0	1.0	5.79	6.45	4.45	5.75	6.73	6.88	6.29	5.23	8.78	3.02	8.72	6.31	5.64	7.08	3.56	5.92	5.47	6.98	5.51	8.73	7.42	
470.0	77.0	8.0	8.0	3.85	8.72	7.82	3.32	5.78	5.08	5.51	4.19	7.72	5.29	3.61	3.39	4.59	6.95	7.52	5.18	8.11	7.77	5.82	4.23	7.63	
471.0	80.0	3.0	3.0	3.51	6.7	6.15	8.65	4.2	4.19	8.08	5.25	6.55	8.97	5.92	8.66	6.21	3.62	5.7	8.21	7.42	4.34	4.18	8.89	8.9	
472.0	63.0	15.0	15.0	6.13	3.6	8.32	4.2	5.12	8.12	5.09	4.94	5.38	8.12	5.81	7.01	8.33	4.29	7.77	8.45	5.56	4.75	7.13	7.77	7.27	
473.0	66.0	12.0	12.0	4.51	6.47	5.83	4.56	8.82	4.74	3.0	8.28	7.01	8.29	7.08	5.39	8.46	7.56	3.87	6.67	7.33	4.8	4.0	7.77	4.83	
474.0	69.0	12.0	12.0	3.21	6.09	8.2	8.24	8.3	3.47	5.03	8.05	3.08	3.8	8.76	4.53	8.35	7.7	7.77	8.1	4.92	7.91	5.49	3.82	7.81	
475.0	72.0	11.0	11.0	7.27	7.88	6.57	8.36	6.26	7.01	6.96	8.3	3.46	7.93	8.95	7.57	4.65	3.16	7.45	4.19	7.71	7.17	8.28	5.69	4.74	
476.0	75.0	8.0	8.0	4.56	8.0	6.5	8.36	5.69	5.27	8.05	5.8	3.85	6.79	4.16	8.95	3.1	6.41	4.13	6.13	7.14	4.28	4.39	3.01	5.92	
477.0	78.0	8.0	8.0	6.31	6.82	7.69	6.74	3.2	5.89	7.95	3.54	8.95	3.01	4.96	8.46	7.29	6.56	3.67	8.51	5.2	3.89	4.02	3.56	5.86	
478.0	61.0	12.0	12.0	6.88	7.64	7.06	8.63	8.22	5.0	6.04	7.75	7.6	6.37	4.29	4.5	3.82	8.76	8.15	4.44	3.39	8.01	4.3	4.66	8.15	
479.0	64.0	4.0	4.0	3.14	5.13	3.63	8.39	3.92	6.77	3.7	5.97	3.56	6.85	4.7	4.52	8.06	6.03	4.62	6.57	8.94	8.81	7.02	7.13	4.62	
480.0	67.0	3.0	3.0	7.28	5.88	7.66	4.91	5.2	4.57	7.03	3.92	7.57	5.48	8.06	6.11	4.71	6.9	8.39	5.85	5.22	6.76	3.46	6.12	3.78	
481.0	70.0	11.0	11.0	4.14	3.66	5.13	4.71	6.11	6.07	5.48	6.54	5.4	5.31	4.51	3.08	5.58	5.85	5.41	3.14	8.99	5.33	3.06	6.52	7.26	
482.0	73.0	13.0	13.0	5.8	4.6	3.39	4.56	5.0	5.54	5.42	5.28	5.45	7.55	3.21	7.72	3.82	8.22	3.21	6.83	7.21	4.14	4.28	8.06	6.43	
483.0	76.0	6.0	6.0	6.95	6.12	7.86	3.37	7.94	7.29	8.07	6.18	7.76	4.26	6.67	8.02	6.57	4.24	6.11	4.97	5.65	8.59	6.53	7.31	8.24	
484.0	79.0	7.0	7.0	8.02	4.07	4.21	8.57	4.18	4.7	6.93	4.12	5.11	5.98	8.85	3.22	6.32	8.87	4.18	7.32	3.99	6.64	7.13	8.17	5.93	
485.0	62.0	7.0	7.0	5.66	3.01	3.3	7.97	7.88	6.54	7.08	6.12	8.59	5.76	8.79	4.78	7.32	6.62	4.17	7.2	4.61	3.84	4.66	5.13	8.39	
486.0	65.0	11.0	11.0	3.76	5.28	7.93	5.66	6.59	4.71	6.2	7.74	3.92	8.48	6.55	7.28	4.86	5.72	3.33	7.63	7.55	3.84	6.33	8.3	6.91	
487.0	68.0	5.0	5.0	3.26	3.91	5.59	3.21	5.38	6.54	5.27	3.59	5.53	8.66	7.69	3.5	6.81	5.51	7.5	6.13	6.68	3.14	8.42	5.92	5.73	
488.0	71.0	11.0	11.0	5.6	8.06	4.34	4.23	3.08	6.5	6.06	8.7	5.53	5.04	3.9	3.69	5.59	7.43	8.63	4.76	8.99	3.68	8.01	8.17	6.17	
489.0	74.0	1.0	1.0	5.07	8.11	4.31	6.59	3.39	6.64	8.36	4.72	7.42	7.02	5.3	6.09	8.85	8.08	6.28	5.94	7.3	8.3	5.14	8.18	6.34	
490.0	77.0	8.0	8.0	6.2	6.37	6.96	4.27	5.75	3.01	5.19	5.16	4.46	3.02	7.54	8.29	5.85	3.6	7.88	6.89	3.45	4.22	8.62	5.58	3.06	
491.0	80.0	3.0	3.0	6.89	6.19	7.76	4.88	4.49	3.41	5.41	4.49	3.18	7.23	5.44	3.76	8.55	8.78	8.5	5.49	5.81	7.13	6.99	7.7	4.63	
492.0	63.0	15.0	15.0	5.64	5.06	4.52	6.4	7.54	3.61	8.5	3.68	6.05	3.94	7.07	8.42	6.62	8.9	6.6	5.75	5.89	5.46	4.93	5.86	3.74	
493.0	66.0	12.0	12.0	6.52	4.91	6.82	4.75	4.26	5.81	6.07	3.14	5.67	3.66	4.8	7.75	3.52	5.27	7.27	7.0	6.81	6.77	6.49	7.19	7.04	
494.0	69.0	12.0	12.0	8.44	8.93	6.11	5.45	8.39	6.5	7.54	5.87	4.58	3.89	5.17	8.37	7.71	8.53	4.47	8.38	3.39	3.01	5.9	7.95	3.84	
495.0	72.0	11.0	11.0	5.78	6.88	8.43	6.5	3.16	6.57	4.05	8.99	5.12	3.07	8.16	7.15	8.23	7.07	5.83	3.35	8.26	6.12	7.65	7.61	4.14	
496.0	75.0	8.0	8.0	7.14	3.71	3.12	8.5	8.29	6.28	3.69	7.48	8.39	7.68	6.95	4.84	5.18	6.28	5.66	8.86	7.66	3.77	3.53	4.31	5.02	
497.0	78.0	8.0	8.0	8.42	4.29	5.99	7.05	3.84	6.96	7.97	8.15	7.49	4.98	3.42	6.42	3.1	3.12	5.8	6.07	5.04	4.77	3.38	7.33	8.05	
498.0	61.0	12.0	12.0	4.32	6.33	5.96	8.01	3.5	8.22	3.89	4.63	3.12	5.2	5.03	6.83	6.97	6.37	5.66	6.42	6.86	3.32	7.55	7.7	6.39	
499.0	64.0	4.0	4.0	8.47	3.36	5.47	3.47	3.42	4.61	3.64	6.09	5.34	3.11	6.55	6.92	5.81	4.67	5.58	6.32	5.53	7.76	7.34	3.88	7.51	
500.0	67.0	3.0	3.0	3.28	7.59	7.72	8.65	3.54	5.29	6.18	7.3	3.38	4.54	4.63	3.22	3.9	7.43	3.7	5.03	7.76	5.67	3.24	6.14	8.58	
501.0	70.0	11.0	11.0	7.51	7.61	8.1	7.43	5.76	5.28	3.06	6.77	6.33	5.47	8.23	3.58	5.77	6.32	7.52	4.41	3.98	6.18	4.87	3.11	4.43	
502.0	73.0	13.0	13.0	7.73	4.1	4.75	6.14	6.12	8.82	3.87	8.1	7.97	6.48	3.12	8.53	4.76	5.34	4.17	8.0	4.14	7.15	8.68	4.59	5.07	
503.0	76.0	6.0	6.0	6.95	7.2	8.08	3.34	4.44	7.87	5.67	6.48	7.09	4.2	6.34	4.92	7.74	3.03	8.77	8.88	8.55	8.52	8.24	3.71	8.52	
504.0	79.0	7.0	7.0	8.71	7.12	3.13	5.95	8.47	7.38	8.64	6.31	3.87	6.9	3.3	4.65	6.07	7.25	8.01	3.74	6.13	6.5	6.02	7.64	5.72	
505.0	62.0	7.0	7.0	8.41	6.47	5.27	8.81	6.88	4.26	5.56	7.52	7.07	8.88	8.48	6.07	7.4	7.2	7.96	3.72	4.34	7.68	8.43	4.93	3.29	
506.0	65.0	11.0	11.0	3.15	3.03	7.55	3.28	3.58	4.95	4.74	7.77	5.55	8.16	4.78	6.51	5.92	6.11	5.78	6.88	6.52	3.92	3.03	8.0	7.53	
507.0	68.0	5.0	5.0	5.52	6.79	3.28	8.29	3.27	8.62	8.66	4.47	8.55	6.61	3.27	8.57	7.01	3.47	8.93	7.41	8.66	8.56	7.22	8.75	7.77	
508.0	71.0	11.0	11.0	4.01	8.84	3.17	5.21	5.42	6.31	8.62	5.95	8.4	8.43	5.36	5.68	7.32	8.31	5.83	5.91	5.39	6.81	6.52	5.93	3.17	
509.0	74.0	1.0	1.0	7.75	4.19	8.78	6.0	6.54	6.92	8.84	4.88	4.53	8.92	7.13	6.58	4.1	4.3	5.22	8.36	3.14	4.88	4.43	6.49	6.44	
510.0	77.0	8.0	8.0	5.39	8.01	3.83	4.19	3.51	3.36	8.33	7.3	4.0	3.3	3.94	3.54	7.39	5.32	8.35	6.42	3.66	6.42	7.81	7.94	7.72	
511.0	80.0	3.0	3.0	3.71	6.78	5.04	5.17	3.79	4.58	6.22	4.29	8.99	5.54	4.75	5.1	4.89	5.69	4.79	3.46	6.7	3.08	7.23	4.48	7.68	
512.0	63.0	15.0	15.0	5.36	5.68	4.73	8.36	5.2	7.39	7.79	7.99	7.43	8.06	6.52	3.31	8.4	4.84	3.72	4.79	8.7	5.33	6.96	8.79	7.43	
513.0	66.0	12.0	12.0	6.89	7.49	7.08	7.01	4.45	7.48	7.0	4.58	8.73	5.65	5.08	8.89	4.16	8.02	5.32	6.47	5.99	6.63	4.76	5.28	5.36	
514.0	70.0	11.0	11.0	8.31	6.52	6.75	8.89	6.79	8.86	5.16	8.34	6.59	3.38	7.39	4.54	6.97	6.51	7.39	7.48	4.12	8.83	6.91	5.82	6.25	
515.0	72.0	11.0	11.0	4.48	7.32	5.03	5.29	3.68	5.87	8.87	8.83	4.74	3.59	3.94	6.91	8.28	3.55	7.6	5.9	3.69	4.54	8.89	3.29	8.68	
516.0	75.0	8.0	8.0	4.37	3.83	4.77	4.42	4.73	5.37	3.13	5.29	3.57	7.88	3.12	5.72	8.69	4.0	8.56	3.8	7.52	4.22	8.08	4.88	3.39	
517.0	78.0	8.0	8.0	5.75	6.81	6.5	6.41	5.15	4.26	4.63	3.87	7.24	8.46	4.38	8.43	8.56	7.08	3.23	4.85	6.74	8.65	7.45	6.05	5.34	
518.0	61.0	12.0	12.0	6.7	8.27	8.96	5.83	5.4	5.75	4.11	4.57	7.99	8.36	7.27	6.14	3.69	6.17	6.95	3.72	6.74	7.0	7.91	8.39	8.19	
519.0	64.0	4.0	4.0	5.16	7.8	3.98	5.72	5.37	5.78	4.62	7.58	8.23	7.71	5.52	6.99	7.94	8.42	6.9	4.04	5.04	8.16	6.01	5.51	7.31	
520.0	67.0	3.0	3.0	7.72	7.14	7.45	5.9	3.45	6.16	3.65	8.91	7.3	5.41	8.47	5.26	4.19	5.35	5.0	7.89	6.46	6.39	5.39	4.93	6.66	
521.0	70.0	11.0	11.0	8.86	4.53	6.57	3.78	4.19	3.42	5.98	5.5	9.0	4.54	3.95	7.62	3.61	8.39	8.2	3.68	7.33	4.85	5.78	7.64	6.18	
522.0	73.0	13.0	13.0	3.91	7.71	4.14	7.54	5.34	8.59	4.38	5.65	8.33	8.23	3.82	8.0	4.48	4.81	8.8	6.85	4.94	8.8	3.45	8.03	3.32	
523.0	76.0	6.0	6.0	7.61	4.15	8.41	8.65	8.99	6.23	7.9	7.24	8.95	6.52	3.0	8.75	6.31	3.05	6.37	8.57	3.11	3.53	5.07	5.42	8.32	
524.0	79.0	7.0	7.0	4.27	4.87	4.85	4.25	4.56	3.82	8.35	8.04	5.3	6.34	5.49	7.15	5.29	5.27	6.9	4.73	6.94	3.46	7.36	4.54	6.35	
525.0	62.0	7.0	7.0	5.84	6.58	8.0	4.25	3.16	3.25	8.44	3.66	5.53	7.79	8.12	5.88	6.03	4.48	8.42	4.56	8.17	5.65	8.77	5.49	6.73	
526.0	65.0	11.0	11.0	3.55	4.03	8.6	3.37	7.13	7.35	6.62	5.35	4.84	8.79	6.14	5.13	3.71	6.09	6.77	5.29	6.24	7.22	4.33	4.3	3.49	
527.0	68.0	5.0	5.0	4.67	7.21	5.06	5.4	5.99	7.84	7.5	5.09	3.75	8.95	6.15	8.61	4.08	3.67	4.15	3.05	5.56	7.9	8.68	6.42	5.79	
528.0	71.0	11.0	11.0	4.9	6.5	7.82	4.43	8.12	3.65	3.78	4.1	4.18	3.23	8.0	3.4	4.77	3.16	5.23	6.34	3.39	7.44	4.1	3.46	8.39	
529.0	74.0	1.0	1.0	3.09	6.82	4.49	5.5	6.24	6.96	3.76	6.03	5.59	8.18	8.07	4.55	4.1	8.13	4.77	6.45	3.2	4.59	5.07	8.51	6.38	
530.0	77.0	8.0	8.0	6.59	4.61	6.36	6.87	4.75	7.92	5.03	4.86	7.72	3.91	4.72	4.95	6.93	7.48	3.13	7.8	6.6	8.85	5.98	4.03	3.16	
531.0	80.0	3.0	3.0	6.74	5.69	6.08	4.53	4.76	3.13	8.29	8.17	3.51	3.86	5.45	5.53	3.96	5.79	7.56	3.96	6.5	5.64	7.92	5.7	4.89	
532.0	63.0	15.0	15.0	6.89	4.81	3.98	4.41	6.43	5.8	8.19	5.79	5.16	6.94	5.69	5.16	7.13	3.84	3.83	4.96	8.13	3.4	5.0	6.4	3.73	
533.0	66.0	12.0	12.0	4.23	6.71	8.98	3.36	8.9	3.28	3.5	8.95	3.8	4.28	9.0	4.44	3.34	6.45	5.2	3.51	6.82	4.87	5.78	4.14	8.03	
534.0	71.0	11.0	11.0	6.61	6.21	8.01	7.24	8.3	3.62	4.01	8.07	3.55	4.52	5.98	6.15	3.37	5.31	6.51	6.72	3.02	3.52	4.91	7.98	3.22	
535.0	73.0	13.0	13.0	6.1	3.17	8.78	8.67	4.09	4.68	4.82	6.31	6.51	8.23	7.78	8.89	3.28	4.75	7.46	5.75	3.59	4.32	5.8	3.31	4.86	
536.0	75.0	8.0	8.0	4.27	7.46	3.47	3.09	7.52	3.25	4.27	6.45	6.5	4.86	5.27	7.38	3.29	5.0	6.55	8.62	5.94	5.46	4.23	5.2	3.17	
537.0	78.0	8.0	8.0	7.46	8.3	5.96	3.81	6.54	4.97	5.98	3.44	6.69	4.45	6.13	5.91	7.21	5.91	8.5	7.24	8.45	6.04	5.06	8.52	7.84	
538.0	62.0	7.0	7.0	4.72	5.21	3.04	3.83	8.0	8.41	4.33	7.95	4.06	6.22	7.29	7.54	5.65	7.82	7.2	5.13	6.91	5.2	4.99	8.39	8.11	
539.0	64.0	4.0	4.0	4.89	8.02	6.17	3.15	7.81	3.87	5.33	8.82	6.71	5.68	3.7	3.93	4.71	7.83	3.47	3.4	5.98	3.03	5.87	6.3	3.38	
540.0	67.0	3.0	3.0	4.31	6.17	6.57	4.21	5.39	3.02	8.98	8.77	8.77	3.56	6.1	8.59	5.61	3.59	7.02	6.73	4.07	5.77	8.45	5.33	6.99	
541.0	71.0	11.0	11.0	6.24	8.37	5.36	8.85	5.78	3.79	3.18	4.58	8.87	8.46	5.55	4.06	3.04	4.22	6.98	4.84	5.14	3.4	3.68	7.36	7.13	
542.0	73.0	13.0	13.0	8.29	7.92	5.87	8.89	5.85	8.13	3.58	7.06	5.26	5.6	4.39	5.59	4.34	4.24	6.3	8.7	3.11	7.65	5.16	6.29	8.28	
543.0	76.0	6.0	6.0	8.25	5.43	7.9	3.38	4.82	7.38	6.68	7.32	4.45	3.47	8.99	4.46	4.74	8.04	3.35	7.46	7.38	7.81	7.31	3.74	3.21	
544.0	79.0	7.0	7.0	5.52	4.57	3.21	7.41	7.9	8.96	3.67	4.46	5.31	8.27	5.68	6.75	3.66	6.54	4.16	4.83	4.61	7.93	6.59	8.17	5.81	
545.0	62.0	7.0	7.0	7.12	5.72	8.63	4.01	3.92	8.09	7.95	6.73	5.74	8.47	4.34	8.09	6.98	4.29	4.52	7.51	4.08	8.12	8.02	6.19	5.09	
546.0	65.0	11.0	11.0	8.46	6.23	5.07	6.53	8.34	6.53	6.83	7.91	7.85	6.14	8.44	6.62	4.35	5.92	7.18	8.53	3.18	8.75	3.89	5.46	5.26	
547.0	68.0	5.0	5.0	3.3	7.06	5.1	3.94	5.99	3.95	7.0	7.42	8.97	8.08	6.75	7.94	7.23	6.06	7.09	3.17	6.8	7.52	8.43	5.59	3.55	
548.0	71.0	11.0	11.0	7.08	5.77	8.07	5.44	6.52	4.21	7.54	6.86	3.4	8.24	4.18	5.59	8.87	3.03	7.23	6.45	3.43	5.54	5.22	6.12	8.46	
549.0	74.0	1.0	1.0	4.31	3.12	6.37	8.64	6.06	4.32	4.06	3.81	5.7	4.37	5.53	8.0	4.9	8.2	6.69	3.98	7.56	3.78	4.13	3.1	4.06	
550.0	77.0	8.0	8.0	8.19	3.36	4.57	8.54	7.21	3.69	4.05	3.97	6.08	3.67	4.74	6.77	7.26	8.54	5.11	6.6	5.62	4.26	4.37	8.77	6.93	
551.0	62.0	7.0	7.0	5.19	8.36	8.38	7.48	4.33	3.99	6.91	5.9	8.61	8.71	4.55	4.44	4.87	6.13	7.88	6.28	6.52	7.05	6.75	5.23	8.1	
552.0	63.0	15.0	15.0	8.71	5.99	8.5	8.18	7.64	4.75	3.46	3.69	7.16	5.75	5.33	7.29	3.93	6.22	3.75	8.07	8.47	8.61	5.59	8.46	5.37	
553.0	66.0	12.0	12.0	3.9	3.66	7.52	4.06	4.26	8.9	8.84	6.74	3.04	6.59	8.76	7.21	8.37	5.86	4.36	7.97	7.01	7.03	6.23	3.98	5.82	
554.0	16.0	14.0	14.0	6.36	3.98	7.31	5.1	8.63	5.52	7.51	4.74	4.36	5.91	7.29	5.48	8.53	8.13	6.63	6.23	6.66	5.57	5.61	8.52	4.21	
555.0	46.0	14.0	14.0	4.74	8.79	7.78	4.4	8.84	7.9	5.71	8.83	8.06	3.95	8.87	5.12	4.0	7.26	6.62	6.87	4.26	8.33	6.03	5.69	3.38	
556.0	75.0	8.0	8.0	6.73	3.29	4.88	7.11	6.19	5.76	5.45	5.35	4.8	6.03	6.19	4.14	5.16	3.41	5.85	3.76	7.8	5.89	6.01	5.41	6.08	
557.0	78.0	8.0	8.0	5.5	8.3	8.89	6.31	3.54	5.89	8.71	6.38	4.08	6.75	5.66	4.93	8.11	3.51	5.67	4.14	7.48	7.35	3.55	6.02	7.75	
558.0	62.0	7.0	7.0	6.8	4.77	3.85	3.02	3.31	5.81	8.37	6.31	7.76	6.32	5.89	3.53	4.22	4.32	6.85	4.19	5.88	6.01	8.38	3.52	5.04	
559.0	64.0	4.0	4.0	7.71	5.54	5.5	3.79	7.75	3.02	4.89	4.62	7.86	3.39	8.6	3.1	6.64	3.16	4.81	4.7	6.79	7.91	3.82	5.91	7.9	
560.0	67.0	3.0	3.0	6.82	7.58	4.15	5.7	8.14	8.34	8.93	8.53	6.55	5.27	7.89	4.53	7.94	3.26	5.0	8.03	3.24	8.05	6.12	5.17	3.03	
561.0	30.0	14.0	14.0	4.32	5.34	3.72	7.19	3.95	8.77	7.66	5.86	5.01	3.57	7.51	7.46	7.23	6.77	8.62	4.57	8.09	5.63	3.58	5.24	6.67	
562.0	75.0	8.0	8.0	4.96	3.02	3.12	3.67	3.8	4.99	3.73	5.89	4.08	6.04	6.74	6.74	4.82	8.38	6.35	4.19	8.0	7.52	7.61	7.68	5.98	
563.0	77.0	8.0	8.0	7.87	6.39	8.66	6.65	8.09	5.44	7.75	7.13	4.38	6.59	4.94	5.29	3.15	6.27	4.56	5.29	5.69	6.03	3.26	6.41	8.5	
564.0	79.0	7.0	7.0	5.67	6.31	4.99	3.44	4.26	4.03	8.16	8.76	6.64	5.96	5.04	4.67	5.28	7.6	4.94	8.13	7.98	8.55	8.93	7.91	6.89	
565.0	63.0	15.0	15.0	7.49	6.16	5.58	8.39	7.41	7.79	7.0	4.59	4.35	5.03	3.95	8.94	3.29	8.01	7.19	3.4	6.39	3.78	5.09	8.78	4.28	
566.0	65.0	11.0	11.0	8.78	6.89	4.87	5.66	7.93	8.53	8.97	6.44	5.51	7.72	4.7	7.51	7.86	7.23	3.68	8.04	6.89	7.12	6.76	6.83	5.22	
567.0	68.0	5.0	5.0	7.53	5.19	7.51	7.49	3.39	5.48	7.7	5.18	7.71	3.49	7.35	6.01	4.78	8.43	3.91	3.86	6.08	4.62	7.07	8.48	3.32	
568.0	57.0	14.0	14.0	4.19	7.52	3.22	6.2	6.77	4.26	7.98	5.75	6.89	5.89	6.56	7.09	8.14	5.07	7.51	7.35	8.83	7.36	6.5	6.05	4.07	
569.0	75.0	8.0	8.0	6.11	7.47	5.59	5.35	6.48	5.68	7.92	4.48	5.52	7.73	6.33	6.78	6.31	7.09	6.11	5.37	5.19	5.2	7.09	3.18	8.94	
570.0	78.0	8.0	8.0	7.69	6.63	7.21	5.94	4.17	7.3	3.74	5.92	8.74	5.57	6.13	3.35	7.21	6.56	5.66	6.84	4.4	7.59	3.51	8.61	6.94	
571.0	80.0	3.0	3.0	4.42	8.1	6.0	4.81	7.2	4.25	6.13	8.75	3.0	5.09	5.65	4.29	3.66	8.21	3.69	4.53	3.36	4.13	6.77	7.04	4.38	
572.0	58.0	11.0	11.0	4.11	5.82	7.03	7.13	4.7	5.62	3.63	6.89	8.16	5.49	5.5	4.18	8.68	6.47	7.33	6.95	6.21	3.42	3.08	4.77	7.49	
573.0	66.0	12.0	12.0	4.19	4.41	5.66	7.48	4.37	6.85	7.24	3.51	4.0	4.86	4.21	5.99	7.83	3.14	4.37	3.56	6.66	5.63	3.14	5.65	6.82	
574.0	23.0	7.0	7.0	8.27	4.1	4.56	8.07	5.08	5.99	8.42	8.78	3.14	5.43	6.81	4.44	4.3	8.11	3.96	6.38	6.98	3.52	7.39	6.1	3.42	
575.0	42.0	4.0	4.0	8.19	5.43	7.6	4.85	8.79	7.9	3.9	3.38	6.0	5.84	3.18	6.43	4.99	3.77	5.78	5.91	4.58	7.56	8.76	8.91	6.45	
576.0	77.0	8.0	8.0	4.46	7.54	3.87	8.19	7.77	5.67	8.24	5.8	6.91	3.66	7.27	6.46	6.56	5.9	7.79	7.08	8.0	7.9	8.66	7.5	6.63	
577.0	80.0	3.0	3.0	8.72	4.89	5.35	3.39	5.61	3.73	6.78	4.78	7.58	5.82	7.97	6.6	6.43	4.9	7.9	4.23	3.31	7.06	7.51	6.23	5.77	
578.0	61.0	12.0	12.0	3.13	5.46	7.27	5.29	5.95	3.43	8.0	3.94	4.11	5.41	7.85	4.31	6.25	8.03	4.28	4.1	6.19	5.56	6.83	6.16	4.89	
579.0	66.0	12.0	12.0	8.13	7.47	6.57	6.05	7.36	6.08	5.79	8.4	6.1	5.64	4.68	6.86	4.77	6.02	3.31	7.63	6.93	3.52	8.83	5.96	8.48	
580.0	67.0	3.0	3.0	3.86	7.67	3.8	4.52	7.64	6.5	7.14	6.04	7.19	3.07	3.03	4.06	3.98	6.04	8.09	4.83	6.34	3.99	5.11	6.15	4.9	
581.0	70.0	11.0	11.0	4.53	8.36	3.45	7.71	6.55	8.16	7.24	7.31	7.57	7.89	3.22	3.74	7.76	7.93	6.68	3.59	7.6	7.89	6.82	8.29	5.25	
582.0	8.0	15.0	15.0	3.84	5.79	7.85	5.81	8.34	4.61	4.4	7.73	6.32	3.7	3.03	8.66	3.39	8.04	8.3	6.68	6.39	6.49	7.63	4.7	3.23	
583.0	52.0	4.0	4.0	7.11	5.77	4.3	8.47	4.95	5.3	5.24	4.27	8.11	4.46	4.32	4.77	5.58	8.36	4.32	4.47	8.61	5.02	3.06	8.39	6.22	
584.0	80.0	3.0	3.0	8.67	3.04	7.64	8.84	6.51	8.13	5.95	8.12	5.54	4.74	8.35	6.94	7.7	4.6	3.03	6.99	4.95	7.54	8.59	5.43	3.37	
585.0	65.0	11.0	11.0	6.27	4.14	3.61	6.24	5.78	7.49	5.78	5.43	8.92	4.11	5.95	7.53	7.39	5.62	4.47	4.19	4.49	7.3	5.29	6.29	3.29	
586.0	66.0	12.0	12.0	8.14	7.54	7.52	7.29	6.48	5.62	6.07	6.86	8.93	4.28	6.82	7.61	4.84	8.92	3.55	5.9	8.24	6.9	5.33	7.98	7.15	
587.0	68.0	5.0	5.0	7.4	6.04	4.87	7.6	4.52	8.8	3.74	7.86	7.81	8.89	7.18	8.54	7.5	3.78	5.4	3.89	3.86	5.15	3.6	8.2	5.65	
588.0	43.0	13.0	13.0	8.83	8.56	3.88	7.62	4.34	5.15	8.16	3.95	4.11	7.53	7.8	8.74	5.83	4.62	8.7	4.14	3.53	4.74	6.87	4.33	8.17	
589.0	74.0	1.0	1.0	3.16	7.12	5.82	4.39	8.72	7.48	8.51	5.52	7.19	5.34	4.0	8.94	7.29	6.87	7.59	3.76	7.47	6.37	3.12	6.96	7.65	
590.0	77.0	8.0	8.0	4.65	5.48	7.66	3.09	3.84	5.63	5.25	4.95	4.42	8.77	8.05	7.41	4.51	8.69	5.59	4.2	6.01	5.3	3.81	5.68	7.01	
591.0	61.0	12.0	12.0	5.84	4.34	5.75	8.64	6.49	6.87	7.8	7.03	7.45	4.47	8.0	4.67	3.25	3.5	5.2	7.56	6.58	8.24	4.98	4.64	3.43	
592.0	65.0	11.0	11.0	3.89	7.1	8.04	5.81	6.25	4.8	8.27	3.63	3.98	8.5	3.04	3.24	4.81	4.87	7.38	4.87	6.05	4.23	5.22	5.84	3.55	
593.0	67.0	3.0	3.0	3.52	3.74	5.35	8.21	6.72	8.05	6.63	8.5	8.11	5.53	8.29	6.3	4.06	8.74	3.52	3.83	4.89	4.81	3.43	8.87	7.97	
594.0	69.0	12.0	12.0	6.68	7.46	4.69	5.72	3.16	3.46	4.18	3.14	7.29	3.8	6.16	4.7	3.55	4.6	7.59	6.4	5.17	5.5	5.0	3.28	3.89	
595.0	72.0	11.0	11.0	6.24	7.59	4.41	8.26	3.49	8.97	8.75	6.86	6.64	5.54	3.31	6.45	3.71	7.51	5.39	6.74	6.67	3.64	4.27	4.89	7.11	
596.0	75.0	8.0	8.0	3.57	4.93	7.36	7.25	4.5	5.11	5.8	8.12	5.07	7.31	3.9	8.72	3.7	5.88	7.69	6.06	6.39	8.97	5.12	7.81	7.16	
597.0	79.0	7.0	7.0	4.58	5.92	7.11	4.35	6.6	8.91	7.52	7.47	7.1	3.88	6.31	4.12	4.24	4.21	4.48	8.54	7.33	6.49	5.86	3.72	6.93	
598.0	61.0	12.0	12.0	8.28	7.05	8.03	3.96	7.41	6.87	7.3	4.73	6.59	6.17	4.06	3.36	8.68	3.5	5.45	6.85	3.04	4.41	7.73	4.16	4.27	
599.0	72.0	11.0	11.0	7.19	8.83	3.77	5.03	3.5	6.86	3.27	7.43	7.24	6.97	6.45	6.02	3.55	7.18	3.38	8.87	7.16	3.22	4.23	5.4	4.88	
600.0	46.0	14.0	14.0	5.39	8.17	4.13	7.84	3.21	8.74	8.66	6.13	8.81	4.03	6.18	4.79	8.47	7.81	7.49	5.43	3.46	5.76	3.68	8.96	7.37	
601.0	58.0	11.0	11.0	8.48	6.54	8.42	3.73	5.8	8.25	5.82	8.02	8.47	4.72	7.88	5.97	7.36	8.2	3.45	3.3	8.63	5.56	7.38	6.8	6.02	
602.0	1.0	11.0	11.0	8.51	3.57	7.77	6.81	5.03	5.37	3.77	7.84	5.63	3.09	7.7	4.72	4.3	6.51	4.98	5.99	5.29	8.3	7.85	3.27	7.29	
603.0	55.0	6.0	6.0	5.02	7.27	7.8	8.94	4.75	3.96	5.45	6.7	6.41	5.62	7.71	8.4	6.45	6.51	3.78	8.76	3.28	8.18	8.26	7.31	7.43	
604.0	25.0	12.0	12.0	4.43	3.75	5.32	3.89	8.46	5.9	8.03	4.92	5.68	4.03	4.67	7.03	7.79	5.71	4.99	3.98	8.06	7.61	4.59	3.46	4.21	
605.0	62.0	7.0	7.0	4.82	8.34	5.5	8.89	5.55	7.51	5.7	3.9	7.59	4.72	6.42	7.68	5.4	4.21	6.43	4.93	5.01	6.76	7.94	8.58	7.29	
606.0	68.0	5.0	5.0	4.86	8.66	7.22	3.29	3.31	8.71	5.31	3.56	6.34	7.47	7.42	8.7	7.71	5.4	3.57	7.47	5.12	4.44	3.23	7.76	5.73	
607.0	13.0	3.0	3.0	7.65	5.56	6.14	6.35	7.86	5.18	4.24	5.35	4.29	7.79	3.78	4.52	8.2	3.09	6.25	7.57	5.32	3.08	4.72	7.26	3.56	
608.0	71.0	11.0	11.0	5.07	8.73	4.35	7.37	4.83	4.14	8.24	4.19	3.25	8.92	6.89	4.77	5.57	6.5	4.55	5.78	5.7	4.94	6.93	4.21	3.51	
609.0	70.0	11.0	11.0	8.81	7.4	3.79	7.07	5.29	7.69	5.11	7.62	3.31	6.27	6.68	6.68	7.07	5.37	3.42	4.05	6.87	7.54	4.91	3.31	8.27	
610.0	79.0	7.0	7.0	5.79	3.5	7.61	7.18	6.65	8.8	6.58	5.75	6.39	7.77	6.47	5.89	6.75	6.16	8.47	4.2	8.91	7.77	7.33	7.99	8.6	
611.0	80.0	3.0	3.0	3.56	6.03	8.39	3.78	8.08	5.76	3.89	5.7	8.98	8.22	6.8	8.48	4.51	4.59	4.18	4.36	7.19	4.6	8.16	3.16	3.23	
612.0	57.0	14.0	14.0	7.63	6.19	3.22	4.08	7.47	8.1	3.92	4.06	3.69	5.32	7.46	8.61	7.48	4.43	4.9	6.95	8.35	4.67	3.82	8.07	6.68	
613.0	67.0	3.0	3.0	5.53	6.6	6.5	7.81	3.07	4.2	8.18	5.18	8.66	5.16	7.78	3.56	7.88	4.42	3.91	4.98	3.71	6.63	3.86	4.5	7.16	
614.0	69.0	12.0	12.0	8.75	6.33	4.66	4.15	7.89	6.51	7.97	5.65	6.41	4.32	8.1	5.39	6.01	5.05	3.6	7.61	5.29	5.23	8.7	8.05	8.22	
615.0	72.0	11.0	11.0	3.29	7.26	3.49	4.1	4.17	6.47	4.69	4.12	4.08	8.36	3.12	7.79	7.32	6.75	3.85	3.81	5.85	3.28	3.03	4.04	3.58	
616.0	75.0	8.0	8.0	5.33	7.53	5.95	5.79	5.35	7.44	7.86	6.75	3.03	8.07	7.38	8.56	4.5	6.61	5.43	4.87	6.38	6.54	3.13	5.99	7.92	
617.0	80.0	3.0	3.0	5.81	5.81	6.21	5.54	7.2	5.88	8.2	5.24	6.03	7.04	7.35	6.24	6.48	4.66	3.81	7.83	8.19	3.09	4.54	3.12	6.16	
618.0	36.0	15.0	15.0	4.53	3.43	6.37	5.53	3.12	3.21	7.52	7.52	5.24	8.78	3.86	7.87	8.02	3.97	6.53	8.35	6.55	6.44	3.5	5.28	4.27	
619.0	64.0	4.0	4.0	6.66	3.12	6.15	6.88	7.3	6.47	8.76	6.36	8.81	7.92	5.15	6.44	7.66	3.06	7.49	7.84	4.12	7.35	3.24	4.0	7.23	
620.0	69.0	12.0	12.0	6.1	7.33	6.67	5.32	4.17	3.99	3.35	8.08	6.37	7.03	3.65	7.36	7.49	3.7	8.3	7.81	4.83	8.86	4.12	5.58	4.39	
621.0	60.0	3.0	3.0	5.68	5.46	8.65	8.49	7.66	8.08	5.53	4.32	4.14	3.83	4.46	8.43	5.69	5.84	6.12	8.76	5.91	6.61	3.96	6.58	8.74	
622.0	73.0	13.0	13.0	6.55	7.26	8.78	4.21	6.3	7.27	6.44	7.9	7.51	4.35	3.92	8.57	5.89	3.91	6.36	5.03	5.4	6.5	3.1	5.99	6.71	
623.0	77.0	8.0	8.0	7.55	5.31	6.04	4.39	8.51	6.19	7.39	4.79	3.88	8.14	6.91	4.57	7.86	3.08	5.63	4.24	7.13	3.32	5.83	7.06	7.26	
624.0	26.0	1.0	1.0	6.36	3.58	7.6	8.52	4.03	4.12	4.29	3.99	6.15	4.88	5.28	4.9	3.2	5.9	5.69	4.13	6.11	6.15	5.95	5.41	8.06	
625.0	50.0	9.0	9.0	8.76	3.86	6.34	7.6	8.3	8.51	5.81	8.66	3.61	4.59	5.84	5.54	8.82	3.92	8.05	4.06	7.24	4.42	7.79	5.5	5.13	
626.0	69.0	12.0	12.0	7.8	6.45	6.56	5.33	3.39	7.79	7.83	3.26	8.22	8.44	4.32	4.18	5.37	8.92	7.67	8.74	5.41	8.26	6.15	8.66	5.5	
627.0	69.0	12.0	12.0	4.89	4.47	6.32	3.89	5.37	5.75	7.1	6.12	8.03	8.44	7.37	7.18	5.96	7.79	5.45	8.51	6.47	3.96	3.28	8.3	7.01	
628.0	72.0	11.0	11.0	5.0	4.07	4.35	7.84	4.85	3.9	6.93	8.75	5.84	6.89	5.94	3.06	6.73	5.54	5.02	4.14	8.72	6.37	4.91	3.22	6.09	
629.0	17.0	11.0	11.0	5.63	8.48	6.72	7.63	4.54	3.79	3.63	7.63	8.79	4.0	8.72	7.69	3.49	5.36	5.07	7.21	4.29	4.68	5.32	8.42	5.24	
630.0	48.0	13.0	13.0	5.74	6.82	6.64	5.7	4.2	6.53	7.82	5.45	8.46	6.08	8.71	6.02	8.19	6.88	3.27	6.64	6.24	7.52	7.3	7.06	5.28	
631.0	80.0	3.0	3.0	5.71	8.45	4.9	3.55	4.91	3.09	4.92	3.44	6.59	4.71	8.7	3.78	6.13	7.68	5.94	7.17	8.32	4.7	5.16	8.68	7.56	
632.0	10.0	15.0	15.0	5.02	8.14	7.07	8.31	7.05	7.28	7.41	7.18	8.8	4.05	5.07	7.97	8.35	5.45	4.25	8.49	3.72	7.51	3.4	6.04	7.77	
633.0	70.0	11.0	11.0	6.7	5.6	4.84	8.28	4.78	8.8	4.53	6.69	5.09	4.11	4.67	3.32	8.69	5.55	7.9	8.13	3.08	8.58	3.29	7.72	8.33	
634.0	70.0	11.0	11.0	7.08	5.29	4.93	6.95	6.38	5.59	7.64	5.43	7.48	3.49	6.47	3.7	6.47	3.07	8.13	7.26	6.03	7.7	6.33	6.11	8.51	
635.0	49.0	12.0	12.0	6.46	6.3	6.0	5.2	4.37	8.82	4.14	7.86	5.26	3.22	3.25	3.57	6.24	3.79	8.47	7.78	5.83	4.97	8.25	7.02	5.9	
636.0	76.0	6.0	6.0	4.02	3.04	3.78	8.6	3.79	4.87	6.01	5.53	7.84	5.03	6.75	4.3	6.66	3.34	7.71	8.23	4.75	4.15	3.21	7.31	9.0	
637.0	79.0	7.0	7.0	7.23	6.93	5.07	7.84	8.96	3.25	3.58	6.5	7.86	6.19	8.52	5.65	4.67	5.28	3.96	6.14	3.06	8.76	5.96	4.68	4.11	
638.0	50.0	9.0	9.0	8.52	7.27	7.05	8.39	6.6	3.08	3.63	6.61	5.88	5.96	7.52	8.14	5.23	8.7	8.2	4.77	7.83	7.52	3.01	3.62	9.0	
639.0	65.0	11.0	11.0	3.05	3.32	7.45	3.38	7.64	7.17	8.61	4.92	6.73	8.27	3.16	7.72	7.29	3.91	7.76	4.67	8.23	7.37	3.08	4.13	5.84	
640.0	69.0	12.0	12.0	6.61	7.85	4.05	8.91	6.25	3.25	5.36	3.17	4.04	6.48	3.89	6.51	3.22	4.43	4.2	7.76	5.2	7.39	7.15	3.22	6.67	
641.0	71.0	11.0	11.0	6.04	3.34	4.98	6.71	6.27	3.81	4.19	5.17	7.48	7.76	7.88	5.04	5.86	8.88	4.09	3.86	6.38	4.16	8.05	4.59	3.42	
642.0	54.0	10.0	10.0	8.35	4.64	8.2	7.46	3.92	3.12	5.22	7.38	6.26	3.92	7.81	3.46	6.87	4.99	6.38	6.16	8.72	3.85	4.75	3.97	3.9	
643.0	58.0	11.0	11.0	8.34	7.15	3.21	5.04	8.23	5.95	7.28	3.36	6.57	4.88	6.23	4.8	6.79	7.24	5.06	5.79	3.18	6.44	4.5	7.15	8.57	
644.0	61.0	12.0	12.0	5.14	4.71	3.07	3.89	4.18	6.96	4.98	5.76	8.96	3.47	4.35	6.12	5.5	8.15	3.54	5.42	7.92	5.77	4.54	5.76	5.42	
645.0	28.0	8.0	8.0	3.43	3.52	4.37	4.76	3.8	3.3	8.9	7.13	5.02	8.42	6.83	6.57	5.66	3.05	5.33	6.78	7.8	7.48	3.77	8.7	3.72	
646.0	67.0	3.0	3.0	7.22	4.12	6.97	5.38	8.13	6.04	3.25	6.37	3.05	4.34	8.03	7.69	5.73	7.11	7.19	7.33	5.53	3.23	3.69	7.1	7.89	
647.0	68.0	5.0	5.0	6.43	3.05	6.41	3.4	7.86	7.91	4.33	7.13	7.99	8.66	6.58	6.4	5.53	6.42	3.14	7.68	3.27	3.02	5.4	8.61	3.08	
648.0	73.0	13.0	13.0	8.78	3.34	8.03	3.94	3.87	4.24	4.6	5.37	7.21	4.74	5.14	4.51	8.22	5.1	6.71	4.67	3.19	5.79	5.31	8.24	7.09	
649.0	29.0	2.0	2.0	8.87	3.7	6.85	4.94	5.89	5.64	5.39	8.18	7.3	7.92	6.39	3.36	5.53	3.43	7.16	7.73	7.61	8.18	3.71	5.58	4.13	
650.0	78.0	8.0	8.0	7.2	6.3	3.08	4.11	5.9	8.45	5.18	3.96	3.38	4.22	5.21	7.17	7.31	6.56	8.44	3.55	5.8	5.68	3.69	5.2	6.9	
651.0	44.0	3.0	3.0	7.76	3.85	5.72	5.84	6.77	6.32	5.22	6.09	5.31	4.45	4.64	5.83	7.21	3.19	4.66	3.6	7.29	8.06	3.95	7.66	4.28	
652.0	14.0	13.0	13.0	8.17	6.43	3.26	8.98	8.88	7.15	5.83	5.86	8.19	7.47	4.23	8.15	4.46	7.91	4.67	7.54	7.14	3.72	4.0	6.3	7.51	
653.0	6.0	7.0	7.0	6.67	3.29	8.59	8.15	7.7	6.17	7.88	5.09	8.82	5.0	8.17	4.7	8.46	3.28	7.33	8.37	8.15	6.47	6.75	5.86	3.19	
654.0	9.0	15.0	15.0	4.34	8.41	8.53	8.04	6.45	3.62	5.75	8.3	8.92	3.67	8.13	6.17	5.32	6.69	7.44	7.85	7.09	8.6	8.85	3.48	5.62	
655.0	74.0	1.0	1.0	6.42	7.57	5.29	4.07	8.65	8.15	7.62	6.22	5.91	7.27	3.5	4.56	7.7	7.24	6.63	7.18	3.48	5.67	6.86	6.87	6.78	
656.0	75.0	8.0	8.0	7.17	4.64	4.87	5.89	8.61	4.9	6.25	3.97	6.08	8.98	8.73	6.48	7.18	8.85	5.2	5.52	8.34	3.04	8.89	4.21	3.57	
657.0	41.0	15.0	15.0	4.37	4.47	4.74	6.56	4.37	3.97	3.07	7.97	7.86	3.67	3.88	6.19	5.34	4.14	3.05	7.12	3.46	5.54	3.73	7.13	6.15	
658.0	63.0	15.0	15.0	5.39	4.52	5.75	6.22	7.34	3.07	6.2	7.92	7.89	6.24	4.94	8.6	8.5	3.08	5.72	6.91	4.58	3.92	3.34	8.19	5.8	
659.0	34.0	14.0	14.0	4.17	7.66	6.88	3.9	6.4	8.21	4.16	7.03	8.34	6.68	6.48	4.49	6.85	6.52	6.22	3.11	8.67	5.42	6.84	5.37	6.25	
660.0	56.0	13.0	13.0	3.13	4.54	6.63	5.94	3.83	3.36	4.59	3.42	5.28	6.57	8.72	4.07	3.86	6.34	3.37	6.83	4.89	3.17	7.17	4.94	3.04	
661.0	71.0	11.0	11.0	3.84	7.33	6.13	4.68	6.78	7.79	3.16	6.89	5.49	5.6	6.33	8.84	8.7	3.43	6.1	6.12	3.93	6.99	3.79	6.17	8.85	
662.0	73.0	13.0	13.0	5.63	5.53	6.88	6.77	3.58	5.81	5.57	6.21	8.78	8.63	6.51	8.2	6.98	8.91	8.95	6.94	8.04	7.9	7.87	7.43	2.14899197340774	
663.0	55.0	6.0	6.0	8.35	6.56	4.65	6.22	4.92	6.53	4.72	8.01	7.66	8.08	7.43	7.98	8.11	8.16	4.07	7.84	4.41	3.05	3.57	7.32	7.34	
664.0	31.0	8.0	8.0	5.27	5.38	6.63	5.76	3.14	6.44	8.91	4.98	3.1	5.57	7.09	5.07	4.98	7.77	3.94	8.06	7.51	7.9	8.94	3.32	8.87	
665.0	62.0	7.0	7.0	3.88	3.89	5.29	3.25	5.25	4.48	8.11	8.91	7.79	3.65	7.52	3.95	6.96	8.37	6.79	3.93	7.78	8.16	5.95	8.05	3.26	
666.0	65.0	11.0	11.0	3.57	5.78	8.85	7.95	3.01	4.1	4.49	3.54	7.87	8.84	4.37	5.36	3.66	5.65	5.7	8.95	7.75	5.76	5.78	7.37	5.38	
667.0	69.0	12.0	12.0	4.9	8.41	8.3	7.65	8.65	4.71	4.4	8.28	8.47	7.38	4.59	3.65	3.0	7.72	3.33	5.86	7.75	3.87	6.91	8.31	7.98	
668.0	59.0	9.0	9.0	6.82	4.39	7.99	4.9	7.52	6.7	8.74	8.01	3.51	7.81	4.0	3.72	6.84	3.27	5.19	7.33	9.0	8.19	7.22	8.86	4.77	
669.0	21.0	9.0	9.0	4.46	8.77	7.04	8.85	5.63	4.14	6.32	8.34	5.65	8.8	5.71	4.5	6.9	6.36	5.26	6.13	4.73	8.51	5.36	3.7	7.11	
670.0	78.0	8.0	8.0	7.6	7.9	8.86	8.32	7.32	8.44	4.41	7.85	3.14	5.94	6.8	5.81	3.06	8.7	8.96	5.19	8.3	5.06	5.04	7.53	3.86	
671.0	52.0	4.0	4.0	6.42	6.82	3.43	4.65	8.12	4.43	3.63	8.97	3.41	8.58	5.71	3.64	6.97	5.41	8.21	3.84	6.86	8.94	5.11	7.45	3.3	
672.0	31.0	8.0	8.0	5.39	6.49	7.43	7.28	3.16	8.34	3.31	8.38	4.08	8.45	3.5	4.21	8.81	7.91	4.99	7.59	7.97	6.9	3.14	5.49	6.18	
673.0	66.0	12.0	12.0	6.04	6.86	7.51	4.96	7.37	3.07	7.2	8.0	6.51	5.13	8.67	4.42	6.75	4.23	7.25	3.73	7.79	8.93	8.04	8.1	5.72	
674.0	71.0	11.0	11.0	3.92	4.62	7.59	8.67	4.21	7.83	6.17	8.91	3.31	6.03	5.1	6.13	3.88	7.72	8.55	4.14	3.44	6.73	7.96	3.78	6.98	
675.0	72.0	11.0	11.0	5.9	7.51	7.92	7.03	8.85	4.99	7.77	8.43	5.69	6.99	7.58	6.16	3.46	7.54	5.67	5.85	4.43	6.4	8.44	7.16	8.57	
676.0	76.0	6.0	6.0	7.36	3.03	8.8	8.64	6.59	3.41	5.83	3.53	3.75	7.62	7.88	3.04	3.35	5.28	5.46	7.64	5.29	6.84	4.28	8.13	4.56	
677.0	50.0	9.0	9.0	8.49	7.67	6.18	6.25	7.18	6.87	8.7	7.71	3.87	3.42	5.54	4.35	7.22	6.35	7.7	4.3	6.81	7.85	7.72	7.49	3.4	
678.0	61.0	12.0	12.0	6.33	5.63	8.82	6.61	7.52	5.67	4.98	8.56	6.88	7.26	6.95	5.88	4.18	4.73	6.94	5.75	3.79	3.53	5.14	4.6	3.76	
679.0	64.0	4.0	4.0	6.33	6.4	4.17	3.72	5.91	3.83	4.56	4.4	8.85	3.27	7.82	7.59	8.9	7.69	6.81	8.42	6.76	6.25	8.86	6.81	4.35	
680.0	67.0	3.0	3.0	3.9	8.41	5.69	3.77	8.09	6.45	7.39	8.06	8.73	4.94	3.32	3.09	6.81	3.21	4.42	8.91	5.82	6.67	8.59	3.54	7.44	
681.0	72.0	11.0	11.0	6.96	6.2	4.5	4.31	4.81	3.79	7.38	5.11	4.28	8.64	4.15	8.54	5.46	3.94	7.85	6.75	4.71	4.96	3.36	6.44	8.86	
682.0	73.0	13.0	13.0	3.88	3.15	3.27	8.37	6.54	5.99	4.25	4.49	6.13	8.09	7.03	3.34	4.2	3.64	4.87	5.26	8.31	7.9	3.83	7.89	5.5	
683.0	77.0	8.0	8.0	3.0	8.64	3.17	3.07	3.69	3.26	8.89	7.89	6.39	3.27	5.88	6.53	8.74	5.61	8.18	8.68	6.03	5.93	7.93	4.77	8.27	
684.0	79.0	7.0	7.0	5.18	7.22	7.38	3.67	4.02	6.01	3.42	8.93	6.09	4.89	6.4	6.66	5.27	5.96	5.38	4.72	3.39	3.58	6.92	7.72	6.72	
685.0	62.0	7.0	7.0	6.53	6.1	8.03	4.21	8.04	3.17	5.56	3.06	6.3	3.67	6.76	3.54	5.86	6.53	4.45	7.29	8.98	4.4	6.6	4.4	7.06	
686.0	65.0	11.0	11.0	7.12	6.85	6.9	8.2	5.46	5.63	4.83	7.52	8.96	7.99	4.28	5.19	4.81	6.14	4.03	7.67	3.26	6.2	8.88	4.29	3.8	
687.0	68.0	5.0	5.0	8.83	7.62	7.24	3.13	3.82	8.3	7.19	4.26	8.97	6.95	5.98	6.08	7.19	4.21	4.01	8.06	3.54	7.3	6.49	4.21	5.26	
688.0	71.0	11.0	11.0	4.02	4.03	3.08	7.23	4.79	3.43	8.18	3.12	4.73	4.81	3.45	6.49	4.21	8.86	4.41	4.38	8.52	7.2	4.38	3.66	6.95	
689.0	51.0	2.0	2.0	5.16	8.48	6.56	8.45	8.81	5.06	6.51	5.93	8.76	4.72	3.91	4.01	5.39	8.73	7.73	7.3	8.17	5.02	6.47	4.34	3.09	
690.0	55.0	6.0	6.0	3.98	5.99	8.63	5.08	8.72	3.53	6.29	7.61	4.36	4.77	6.34	6.35	4.68	6.83	6.95	3.63	3.68	7.38	7.48	8.66	3.98	
691.0	5.0	15.0	15.0	3.65	7.66	5.32	8.12	7.73	6.78	5.36	5.62	8.89	7.72	7.88	3.71	3.51	6.5	8.02	7.29	5.51	6.5	3.8	7.37	6.65	
692.0	45.0	5.0	5.0	4.48	5.75	3.57	4.17	5.41	6.05	6.34	5.74	5.6	3.12	8.59	5.3	5.23	5.17	8.06	4.35	7.56	6.14	5.23	7.44	7.23	
693.0	39.0	14.0	14.0	7.65	6.74	5.22	6.84	8.79	3.55	5.28	5.48	7.25	4.14	6.03	4.46	4.19	6.48	5.0	7.55	8.46	3.21	6.99	7.73	3.1	
694.0	53.0	12.0	12.0	6.75	3.01	3.78	3.89	8.3	5.47	8.71	5.55	3.54	6.06	3.73	3.05	6.81	7.84	6.53	8.58	4.1	3.38	8.32	6.5	7.64	
695.0	22.0	6.0	6.0	7.04	6.84	6.19	5.65	4.63	3.81	8.88	4.94	6.12	8.54	8.9	7.34	5.54	7.57	4.42	8.55	8.39	5.72	8.59	5.31	6.21	
696.0	77.0	8.0	8.0	4.01	8.0	3.88	4.93	3.16	8.96	8.22	4.34	7.8	4.05	7.77	3.06	5.03	3.08	5.96	4.67	8.37	7.98	3.12	6.87	7.47	
697.0	78.0	8.0	8.0	7.64	7.82	4.86	8.13	7.44	8.49	5.33	4.17	5.76	8.77	6.56	5.12	4.33	8.35	5.95	3.47	7.84	4.08	8.8	6.47	8.24	
698.0	51.0	2.0	2.0	8.3	4.6	7.21	5.29	4.63	3.9	3.36	7.49	5.73	3.79	6.17	4.84	8.35	6.88	7.65	5.86	4.23	5.26	4.06	6.21	6.05	
699.0	75.0	8.0	8.0	3.92	8.91	5.52	4.94	5.29	4.1	5.35	8.99	8.14	3.83	3.93	5.14	8.66	7.97	8.33	3.34	4.17	7.65	4.58	5.7	5.79	
700.0	34.0	14.0	14.0	3.41	6.0	4.32	3.51	4.02	6.31	8.77	6.99	7.24	4.46	6.0	6.94	5.49	4.37	8.37	5.58	5.29	8.27	8.52	7.84	7.19	
701.0	38.0	5.0	5.0	5.59	3.29	7.33	3.01	4.95	3.16	7.81	8.13	5.89	4.3	6.96	3.58	7.54	7.1	7.08	5.27	3.64	6.39	3.2	7.48	8.47	
702.0	74.0	1.0	1.0	6.85	5.4	6.7	6.52	6.6	5.4	5.05	3.22	3.14	5.89	8.62	6.33	3.15	6.67	8.24	6.9	5.82	5.87	7.46	7.73	6.73	
703.0	77.0	8.0	8.0	6.14	3.55	8.63	5.83	5.72	7.4	3.57	4.64	4.0	8.67	6.35	5.45	5.43	4.65	6.1	6.42	5.06	3.31	6.74	5.1	5.05	
704.0	79.0	7.0	7.0	7.94	5.09	8.91	3.27	7.02	5.27	3.78	6.68	4.11	8.52	4.75	3.28	3.74	3.34	6.53	5.65	4.17	8.01	3.55	4.38	8.79	
705.0	71.0	11.0	11.0	7.57	7.95	7.43	3.74	4.97	7.03	7.9	4.18	5.61	5.03	6.79	7.07	3.87	6.42	3.62	6.36	8.36	5.7	7.92	5.11	4.79	
706.0	67.0	3.0	3.0	7.04	3.28	4.72	4.17	7.87	3.91	6.82	6.37	8.5	5.04	7.85	5.05	5.18	5.98	5.6	6.39	8.54	7.27	6.23	6.04	4.69	
707.0	68.0	5.0	5.0	3.53	5.03	8.82	3.19	3.23	5.27	6.43	5.48	4.16	3.48	3.92	7.61	8.2	6.7	7.19	5.56	6.15	7.21	3.28	6.26	6.32	
708.0	73.0	13.0	13.0	7.57	3.28	4.13	6.6	4.06	7.09	3.83	8.55	6.02	8.65	4.06	3.76	7.32	7.49	3.81	4.28	7.75	3.15	8.54	5.01	7.26	
709.0	74.0	1.0	1.0	3.33	7.16	5.23	3.07	3.14	5.2	5.08	4.76	6.94	3.84	8.27	5.7	6.2	4.26	8.03	8.1	6.23	7.91	5.93	6.37	4.1	
710.0	78.0	8.0	8.0	4.32	7.21	5.25	6.25	6.5	5.23	4.71	6.14	3.16	7.83	4.47	6.81	3.36	6.35	3.36	5.6	4.59	4.88	5.08	7.84	7.96	
711.0	25.0	12.0	12.0	3.97	6.59	6.91	4.04	8.24	4.52	7.55	8.57	4.14	8.47	6.15	4.53	7.9	5.6	7.22	3.12	4.17	5.12	6.82	4.06	6.32	
712.0	57.0	14.0	14.0	8.81	4.98	5.27	7.71	5.45	7.51	5.87	4.44	7.26	6.67	7.07	4.69	6.73	4.61	8.26	3.41	6.39	4.63	6.94	7.25	6.73	
713.0	67.0	3.0	3.0	5.14	4.25	4.18	7.69	7.51	8.64	3.78	6.8	3.36	3.87	5.36	5.67	8.25	7.12	3.5	3.39	7.76	5.87	3.8	7.0	6.21	
714.0	70.0	11.0	11.0	8.69	6.31	4.8	6.12	3.42	4.61	5.94	6.8	8.25	7.44	4.93	3.7	4.37	8.18	6.42	3.17	7.51	3.34	3.91	5.7	5.18	
715.0	74.0	1.0	1.0	8.86	3.38	4.91	3.22	7.54	4.63	4.44	6.46	5.81	7.37	4.5	4.3	8.4	7.9	8.75	3.6	3.3	5.39	6.22	5.42	4.97	
716.0	76.0	6.0	6.0	6.69	5.42	6.02	4.62	5.27	3.1	8.3	8.88	4.75	8.85	3.29	3.44	5.46	4.92	3.9	4.35	8.5	3.69	5.77	6.09	7.58	
717.0	80.0	3.0	3.0	3.46	3.22	8.87	5.76	3.73	3.03	7.73	5.75	7.63	5.68	6.65	4.12	6.9	3.18	3.69	8.54	4.61	6.45	6.98	5.54	4.84	
718.0	22.0	6.0	6.0	5.64	3.26	7.79	7.54	4.51	8.88	8.6	8.91	8.34	3.98	7.25	6.8	5.44	3.14	4.01	3.27	5.99	4.7	5.01	5.13	7.04	
719.0	98.0	15.0	15.0	8.98	3.68	3.23	6.24	4.36	4.89	7.88	3.46	7.11	4.1	8.27	5.81	5.57	5.19	6.88	7.3	4.7	8.21	6.25	4.71	8.85	
720.0	68.0	5.0	5.0	8.09	7.14	5.65	5.49	5.3	5.08	5.05	4.94	5.73	8.34	8.63	8.8	4.88	5.07	5.99	4.84	6.04	7.15	6.45	5.58	3.69	
721.0	70.0	11.0	11.0	4.28	4.43	3.33	8.95	5.55	4.83	6.43	5.72	7.28	5.53	3.27	6.02	5.04	7.96	8.6	7.65	6.14	4.27	5.11	8.77	5.03	
722.0	74.0	1.0	1.0	6.5	8.66	8.65	7.46	7.57	8.15	3.49	3.97	5.3	3.38	5.69	8.44	6.81	7.37	8.4	6.36	7.9	3.44	8.77	4.89	7.77	
723.0	22.0	6.0	6.0	8.41	5.01	3.57	3.29	3.32	3.72	4.39	6.63	8.13	8.87	7.0	6.08	3.86	5.41	3.44	8.02	4.8	6.29	5.04	5.74	3.11	
724.0	80.0	3.0	3.0	4.7	6.29	5.57	8.28	5.64	8.53	6.95	8.5	8.5	8.31	3.89	6.08	3.08	8.4	3.35	4.93	6.43	6.3	7.9	8.18	6.0	
725.0	81.0	3.0	3.0	8.27	8.89	6.34	5.48	5.73	6.21	3.86	7.67	7.42	5.59	5.22	4.17	7.83	5.0	4.28	5.24	5.51	7.01	8.23	7.5	3.85	
726.0	65.0	11.0	11.0	8.05	4.49	3.17	8.45	4.56	6.88	6.79	7.14	7.68	5.2	8.3	4.14	6.27	8.39	8.71	3.15	5.41	4.68	4.77	5.77	5.99	
727.0	99.0	12.0	12.0	8.04	3.73	6.7	3.64	5.93	5.25	4.99	7.73	4.26	3.44	6.87	6.28	5.68	3.73	8.13	6.2	8.42	6.67	4.88	7.39	7.14	
728.0	47.0	15.0	15.0	5.13	5.82	5.93	3.12	3.13	6.29	4.24	5.22	5.07	3.03	6.19	3.58	4.02	7.29	7.48	8.74	4.31	6.92	3.25	6.84	7.46	
729.0	57.0	14.0	14.0	4.63	3.69	6.27	3.37	4.95	5.71	7.74	7.61	5.47	7.27	8.18	6.0	6.57	3.95	5.17	4.51	5.52	3.21	5.31	6.73	6.95	
730.0	96.0	15.0	15.0	5.54	7.94	4.17	7.13	7.56	3.13	4.22	4.07	3.91	7.54	3.1	4.11	7.5	6.56	3.42	7.73	6.11	8.43	3.28	6.66	7.56	
731.0	20.0	4.0	4.0	4.08	6.13	8.68	7.61	3.21	7.85	8.28	5.6	7.63	3.67	6.69	4.43	3.12	7.28	6.74	6.2	4.95	3.3	5.77	7.12	6.42	
732.0	42.0	4.0	4.0	8.31	5.31	8.69	6.54	5.42	7.61	3.63	5.49	4.83	8.72	8.23	7.97	4.9	8.18	8.28	7.17	6.88	4.73	8.27	3.64	4.37	
733.0	83.0	5.0	5.0	6.83	8.57	5.44	6.1	8.02	4.17	7.14	4.61	3.67	7.4	5.13	6.85	6.91	4.0	4.48	6.88	5.98	6.82	3.97	4.1	6.9	
734.0	42.0	4.0	4.0	8.49	7.27	3.19	6.8	6.36	5.45	3.39	3.82	4.86	4.24	6.92	7.28	5.16	3.52	6.77	8.61	4.33	7.5	8.96	4.71	7.64	
735.0	42.0	4.0	4.0	7.78	8.12	8.5	8.26	3.13	5.14	4.79	7.66	6.06	5.14	5.39	3.59	4.62	3.44	7.08	8.46	6.98	5.03	4.91	3.21	6.11	
736.0	76.0	6.0	6.0	3.32	7.08	6.1	3.31	3.84	3.68	7.07	4.13	7.28	4.23	4.47	4.46	7.1	4.46	4.55	8.57	7.48	4.55	4.72	7.11	7.17	
737.0	50.0	9.0	9.0	6.09	6.83	8.84	7.78	4.21	4.94	4.22	7.01	8.22	7.72	6.94	5.79	5.57	8.84	5.28	8.15	6.37	6.51	4.03	8.97	5.94	
738.0	29.0	2.0	2.0	7.67	3.9	3.16	7.3	4.07	6.49	7.45	3.99	4.83	4.97	6.78	4.35	3.6	8.92	7.03	3.6	3.36	7.95	4.4	3.3	8.33	
739.0	64.0	4.0	4.0	6.93	8.04	4.0	6.27	3.54	7.88	5.62	3.94	4.69	7.6	7.92	5.08	8.36	6.77	8.7	4.22	4.42	8.01	8.1	5.61	4.31	
740.0	59.0	9.0	9.0	5.37	4.06	6.33	8.92	4.85	8.25	5.27	7.57	5.29	4.28	7.15	8.09	7.13	6.39	8.38	4.16	3.38	4.32	5.96	6.34	6.34	
741.0	49.0	12.0	12.0	6.71	6.1	3.37	8.98	5.1	6.59	8.2	5.17	7.44	4.6	8.97	8.11	4.54	7.86	7.83	6.81	5.06	6.9	4.98	8.56	8.19	
742.0	26.0	1.0	1.0	7.95	6.15	8.21	5.74	3.13	8.25	6.52	4.91	7.01	3.76	5.19	8.11	4.01	5.82	8.31	7.85	3.1	6.02	5.58	4.91	4.46	
743.0	100.0	14.0	14.0	3.92	5.27	7.06	6.2	8.61	7.1	8.95	4.73	8.08	7.89	8.33	6.83	8.48	8.85	6.29	8.55	3.18	3.29	3.19	6.36	6.8	
744.0	61.0	12.0	12.0	5.73	3.73	5.92	3.53	6.41	7.25	4.24	5.03	7.36	4.65	3.16	4.27	5.44	8.71	5.52	4.7	3.02	7.57	7.56	5.61	3.88	
745.0	62.0	7.0	7.0	7.06	8.93	4.55	3.85	8.9	7.65	8.85	4.6	3.07	5.98	6.55	3.14	7.6	3.54	6.26	7.75	8.97	4.88	5.46	6.62	3.17	
746.0	11.0	4.0	4.0	5.16	7.25	8.17	4.9	8.89	4.68	4.58	3.67	7.97	7.18	6.45	7.94	8.04	8.29	5.52	7.45	7.26	7.56	5.83	3.15	4.77	
747.0	83.0	5.0	5.0	7.49	3.05	6.17	4.99	3.62	4.67	4.73	7.99	8.16	5.08	6.62	4.6	8.98	4.95	6.21	5.37	3.11	8.65	8.01	8.87	5.83	
748.0	72.0	11.0	11.0	8.83	4.11	4.3	8.9	3.62	6.59	3.3	5.47	3.04	7.82	6.25	6.75	7.34	6.16	6.46	8.53	6.66	3.42	5.07	6.11	7.8	
749.0	74.0	1.0	1.0	5.57	5.45	3.65	8.94	7.08	3.42	3.98	8.95	4.67	6.44	5.59	7.61	7.04	6.78	6.22	4.84	6.86	7.13	3.95	3.27	6.72	
750.0	60.0	3.0	3.0	3.42	4.45	6.48	6.4	5.98	4.72	7.72	5.86	3.58	8.57	3.69	8.49	3.14	5.23	4.19	7.56	7.8	5.31	8.89	7.97	4.0	
751.0	61.0	12.0	12.0	6.35	5.68	8.69	4.45	4.7	8.36	4.51	5.51	4.01	3.39	5.94	5.09	6.3	6.97	7.43	7.32	8.97	7.6	8.94	8.19	6.99	
752.0	45.0	5.0	5.0	4.69	4.87	4.63	8.47	5.25	8.45	3.13	7.82	4.79	6.71	8.2	5.84	6.05	5.17	7.02	6.37	8.64	8.37	5.13	8.59	8.93	
753.0	60.0	3.0	3.0	5.06	6.66	5.33	8.2	4.46	3.83	5.24	4.48	7.91	6.95	3.09	8.35	8.49	7.45	4.98	7.56	4.21	5.46	5.04	4.01	5.0	
754.0	70.0	11.0	11.0	4.0	5.09	7.6	7.57	3.3	3.14	7.01	4.52	7.59	3.62	5.57	3.07	8.05	4.8	7.24	5.41	3.48	6.67	8.54	7.46	5.88	
755.0	96.0	15.0	15.0	6.26	8.3	4.21	6.91	4.78	7.73	8.49	6.66	7.59	7.36	6.64	4.13	5.75	6.89	6.08	4.84	6.16	7.05	5.28	8.73	6.48	
756.0	76.0	6.0	6.0	3.7	5.82	8.46	4.27	6.72	5.06	5.54	5.72	4.45	6.74	4.04	5.73	3.43	7.72	3.41	8.28	4.18	5.71	3.02	8.79	6.38	
757.0	50.0	9.0	9.0	6.86	4.09	4.77	8.84	7.34	4.8	7.18	4.61	6.65	5.53	6.67	6.12	3.45	8.34	3.65	7.73	3.66	7.47	3.65	5.26	4.87	
758.0	61.0	12.0	12.0	6.99	5.83	7.76	5.88	4.33	4.25	4.98	7.79	5.24	6.96	7.32	4.4	4.75	3.94	8.95	8.94	4.79	8.49	3.65	4.35	8.59	
759.0	95.0	8.0	8.0	7.69	4.46	4.81	4.91	3.6	6.86	3.19	6.35	8.1	6.11	6.2	5.23	8.65	3.48	7.39	8.41	6.32	8.19	8.61	5.84	5.86	
760.0	68.0	5.0	5.0	6.12	4.41	3.71	3.87	6.79	6.84	6.23	3.28	5.62	6.89	5.18	3.53	5.99	5.29	7.18	7.12	4.54	3.74	3.59	8.04	4.09	
761.0	42.0	4.0	4.0	3.77	5.26	7.05	8.99	4.02	5.31	4.24	4.74	5.03	3.26	3.32	6.89	6.69	4.33	7.74	6.21	7.49	3.06	4.07	5.76	5.99	
762.0	44.0	3.0	3.0	8.61	4.96	5.45	3.48	5.86	8.24	8.71	3.62	8.15	7.7	7.47	4.77	5.36	8.37	5.0	6.5	7.91	4.47	8.93	4.25	7.38	
763.0	47.0	15.0	15.0	4.36	7.46	6.32	5.16	5.76	7.11	6.31	6.9	6.81	7.72	8.28	3.69	8.14	6.35	4.61	3.0	8.3	5.12	3.94	5.31	7.6	
764.0	52.0	4.0	4.0	5.24	4.1	7.04	6.38	6.79	6.09	5.01	3.59	7.76	7.57	8.14	3.33	6.14	4.07	4.84	3.12	6.28	8.99	8.07	5.37	8.28	
765.0	53.0	12.0	12.0	6.8	6.47	6.32	6.63	3.62	4.76	6.2	4.46	3.5	5.48	8.29	7.15	6.71	7.86	8.19	4.55	4.53	8.17	7.26	3.68	6.69	
766.0	56.0	13.0	13.0	4.5	3.83	4.44	8.4	6.56	3.89	7.44	4.79	3.85	6.09	4.19	5.94	4.2	8.59	8.75	4.85	4.61	6.28	6.84	8.49	3.0	
767.0	59.0	9.0	9.0	6.04	3.62	4.99	3.28	3.54	6.26	4.0	4.47	4.66	3.39	3.13	4.35	5.16	4.68	7.05	4.5	4.93	7.07	4.5	3.78	7.54	
768.0	43.0	13.0	13.0	6.82	3.55	3.05	8.81	3.22	8.39	8.36	7.34	7.21	8.61	4.7	5.64	4.17	4.11	8.31	5.79	8.54	7.08	3.2	4.1	8.74	
769.0	47.0	15.0	15.0	5.16	7.94	7.61	5.28	8.07	8.77	3.42	7.38	4.29	7.58	4.18	4.07	3.94	6.89	3.36	7.13	8.49	6.02	3.22	3.91	5.0	
770.0	48.0	13.0	13.0	5.2	6.36	8.65	4.2	3.55	8.31	5.42	7.89	3.89	7.3	5.75	8.59	6.82	8.37	7.32	4.59	5.62	3.33	3.6	7.51	4.8	
771.0	51.0	2.0	2.0	6.16	8.71	4.5	6.08	3.65	3.53	3.43	7.06	8.73	8.77	8.24	3.83	3.96	4.99	6.79	5.07	7.55	7.01	8.16	8.25	3.88	
772.0	54.0	10.0	10.0	8.52	3.78	8.84	5.55	7.08	3.36	5.55	6.77	3.25	7.85	7.99	8.76	7.28	8.31	8.97	8.22	4.43	6.59	8.62	5.35	4.01	
773.0	59.0	9.0	9.0	5.31	7.92	8.35	5.29	4.98	8.22	3.65	5.76	6.48	4.04	7.06	4.8	4.69	8.97	3.92	8.48	5.35	5.22	7.05	3.07	5.78	
774.0	60.0	3.0	3.0	6.76	3.76	5.64	3.85	3.4	6.37	8.6	8.89	6.06	4.35	5.58	8.11	5.01	8.31	8.01	8.68	8.83	8.26	6.53	3.63	8.62	
775.0	43.0	13.0	13.0	8.71	8.98	3.12	3.87	7.93	7.92	6.06	4.34	6.2	7.13	4.68	5.3	4.49	3.8	5.09	4.69	4.23	6.01	3.87	8.54	3.18	
776.0	48.0	13.0	13.0	6.87	6.94	7.51	8.87	6.9	5.65	7.37	7.04	4.58	6.64	3.7	4.94	6.67	3.82	6.55	6.74	4.18	3.49	4.55	4.52	5.94	
777.0	49.0	12.0	12.0	7.64	7.42	5.19	4.54	3.37	6.61	3.07	5.75	6.0	6.31	6.72	6.15	4.37	5.16	4.7	8.93	8.62	5.83	5.51	5.3	4.52	
778.0	53.0	12.0	12.0	3.36	8.57	5.84	5.91	3.12	6.22	4.06	4.35	6.25	6.13	5.2	8.23	8.25	5.91	4.49	4.77	7.96	3.84	6.69	5.16	8.76	
779.0	56.0	13.0	13.0	5.77	4.02	6.55	6.57	5.97	6.49	8.59	5.71	8.6	7.23	8.53	7.23	6.48	6.98	4.32	4.73	8.36	7.51	4.89	3.82	7.86	
780.0	59.0	9.0	9.0	4.35	7.24	3.53	7.08	8.71	5.44	6.86	5.47	8.12	6.98	7.47	6.19	7.35	8.48	3.46	4.75	6.02	5.72	5.45	5.0	8.93	
781.0	41.0	15.0	15.0	6.36	5.96	5.69	8.69	7.39	3.73	5.25	7.1	3.97	3.51	7.64	4.76	3.82	7.92	5.93	3.64	8.83	7.87	4.74	5.99	6.38	
782.0	45.0	5.0	5.0	4.44	3.85	8.2	6.43	3.24	8.72	3.26	6.25	7.44	7.1	8.54	6.01	4.19	7.58	6.3	3.83	3.05	4.46	5.47	7.1	8.42	
783.0	48.0	13.0	13.0	5.77	4.61	7.02	8.22	7.09	7.72	5.92	7.78	8.03	6.96	8.19	3.24	5.82	8.5	7.97	8.08	6.4	4.54	7.48	6.81	7.99	
784.0	50.0	9.0	9.0	6.09	8.21	5.69	3.59	7.55	4.07	5.42	8.06	3.35	5.12	7.41	4.31	4.83	8.08	4.6	5.69	4.79	6.6	4.46	5.94	7.78	
785.0	54.0	10.0	10.0	8.26	8.79	6.87	7.6	8.39	6.58	8.82	4.56	3.72	8.29	4.01	4.46	4.96	4.36	8.66	4.0	5.26	4.73	4.2	5.16	3.06	
786.0	56.0	13.0	13.0	8.74	6.01	4.52	3.34	8.73	5.69	6.89	5.53	5.38	4.47	4.54	3.2	5.42	8.18	3.06	4.58	5.85	4.93	4.92	3.77	4.35	
787.0	60.0	3.0	3.0	7.51	7.76	6.98	6.92	7.83	3.43	4.5	4.11	5.58	8.53	8.4	6.72	5.08	4.88	4.09	3.68	7.42	3.41	6.92	4.15	7.17	
788.0	43.0	13.0	13.0	5.73	4.2	5.93	7.99	8.43	8.59	8.77	8.86	7.42	5.52	6.68	7.15	3.75	8.31	4.49	3.18	7.97	8.09	4.05	8.19	7.06	
789.0	47.0	15.0	15.0	4.48	7.37	5.24	7.55	4.14	6.08	6.0	7.93	3.64	5.45	3.36	3.08	5.28	6.5	5.6	7.36	5.84	4.41	6.8	4.08	7.78	
790.0	49.0	12.0	12.0	4.59	3.35	3.94	7.55	3.74	3.67	7.09	4.14	3.46	8.38	5.86	3.15	7.11	5.32	6.41	7.38	6.75	6.73	6.38	7.56	8.65	
791.0	52.0	4.0	4.0	7.41	7.03	6.94	4.21	3.06	3.1	4.53	3.19	8.12	4.28	7.51	3.81	8.77	7.03	8.64	7.75	4.14	8.21	5.53	5.26	6.59	
792.0	86.0	15.0	15.0	5.85	8.12	4.22	3.0	7.35	5.01	3.66	5.25	4.69	5.93	3.42	6.84	8.88	3.82	6.9	5.81	7.86	7.19	5.56	8.69	5.34	
793.0	57.0	14.0	14.0	3.55	7.4	8.23	6.64	3.59	5.19	3.32	4.32	5.18	8.54	3.45	4.33	6.7	6.81	4.91	8.22	8.73	6.51	5.31	7.43	7.89	
794.0	41.0	15.0	15.0	3.58	6.84	7.45	5.88	6.4	6.35	8.11	3.04	7.0	6.21	6.27	6.86	3.64	8.33	4.2	3.56	7.96	8.37	3.68	6.14	8.46	
795.0	44.0	3.0	3.0	5.91	3.29	8.31	5.85	4.52	8.16	8.87	7.37	7.24	6.02	4.95	6.58	5.47	4.91	3.18	4.76	7.69	6.87	8.61	5.1	5.4	
796.0	39.0	14.0	14.0	6.45	4.28	6.69	4.74	8.99	6.46	5.55	7.14	8.34	6.41	6.07	8.21	3.61	5.32	6.93	3.87	3.63	6.65	4.39	5.99	8.71	
797.0	49.0	12.0	12.0	6.34	7.97	3.88	8.79	4.08	7.03	6.38	6.36	3.6	7.83	8.87	4.13	5.82	5.21	7.99	7.44	8.01	5.1	4.81	5.93	8.07	
798.0	27.0	13.0	13.0	7.89	3.57	7.62	6.97	5.33	4.05	5.78	3.29	4.55	5.87	5.16	5.53	7.36	7.48	5.81	7.97	4.61	5.01	7.38	5.03	7.17	
799.0	89.0	14.0	14.0	4.92	5.46	7.51	8.95	3.52	6.62	5.66	6.88	8.31	4.68	4.91	4.61	5.91	5.88	5.91	3.61	8.18	6.22	4.97	7.73	5.03	
800.0	59.0	9.0	9.0	5.36	4.1	4.58	6.0	8.68	7.79	4.63	8.95	8.2	4.59	5.3	5.82	5.72	4.85	6.78	8.09	5.59	8.22	8.82	3.91	8.09	
801.0	16.0	14.0	14.0	8.01	5.57	8.31	8.51	3.71	5.26	4.52	3.11	5.72	5.96	3.63	3.37	4.69	5.93	4.94	7.87	5.83	5.81	5.25	4.39	5.69	
802.0	45.0	5.0	5.0	8.39	8.31	8.87	5.08	8.08	5.09	4.27	8.39	4.73	4.51	4.31	5.42	5.69	5.02	6.77	5.05	4.79	4.12	5.37	8.91	6.25	
803.0	48.0	13.0	13.0	8.11	5.58	5.85	4.14	4.36	7.22	3.56	4.77	7.97	4.34	3.06	5.46	3.07	7.1	4.66	5.63	3.89	5.19	7.63	5.54	5.3	
804.0	37.0	5.0	5.0	8.09	4.74	7.37	5.91	3.63	6.7	5.3	5.63	4.58	3.11	5.45	4.16	7.93	4.85	4.32	8.82	7.37	6.42	6.67	3.68	4.95	
805.0	53.0	12.0	12.0	6.08	7.39	6.61	7.33	6.16	5.39	6.1	3.19	6.87	5.07	4.34	3.44	5.9	7.04	8.59	7.43	3.65	8.08	7.41	5.33	3.88	
806.0	56.0	13.0	13.0	4.99	4.5	8.9	8.03	4.37	4.05	8.87	8.61	6.21	4.63	4.69	4.33	4.4	7.19	7.74	7.98	6.37	4.81	7.55	8.07	5.3	
807.0	59.0	9.0	9.0	8.52	3.68	4.32	5.31	6.76	4.79	3.37	3.71	8.72	8.11	4.92	5.3	7.51	7.22	5.27	4.55	7.71	5.02	6.47	3.3	7.62	
808.0	87.0	5.0	5.0	4.35	8.87	8.4	7.77	7.31	7.62	8.78	3.96	5.68	8.34	4.84	5.38	8.0	6.58	7.68	5.3	4.24	6.78	6.17	3.03	4.89	
809.0	61.0	12.0	12.0	7.72	5.71	5.79	4.57	7.24	4.46	3.28	6.84	6.64	5.11	8.36	8.91	3.99	3.76	7.47	8.25	6.69	6.98	5.77	3.09	6.32	
810.0	48.0	13.0	13.0	4.73	3.33	4.71	3.31	6.37	4.59	4.24	6.39	5.65	3.4	5.86	6.01	3.49	8.32	5.48	6.51	3.61	4.08	8.88	3.21	5.19	
811.0	53.0	12.0	12.0	3.63	6.16	6.74	3.43	4.97	3.73	4.79	8.0	6.07	7.56	4.14	6.6	5.96	3.79	5.07	3.2	7.66	8.62	7.18	5.46	6.31	
812.0	87.0	5.0	5.0	8.46	3.93	7.67	6.05	3.72	7.23	7.85	3.9	7.74	3.12	6.97	4.92	3.25	8.17	3.82	7.62	5.23	7.29	4.0	5.32	3.32	
813.0	57.0	14.0	14.0	5.5	7.49	7.94	4.58	5.72	7.8	4.86	3.23	3.14	4.25	5.42	5.07	5.6	6.92	4.71	8.68	3.17	5.36	7.3	8.6	5.09	
814.0	78.0	8.0	8.0	4.72	7.45	7.69	5.97	7.27	6.76	4.65	7.84	7.55	5.91	4.64	3.93	6.58	4.47	8.96	5.65	4.6	7.91	5.92	4.87	7.08	
815.0	44.0	3.0	3.0	8.42	7.37	3.28	4.97	6.5	7.01	3.18	5.74	7.62	6.05	8.1	3.12	7.64	6.59	6.86	5.37	4.76	9.0	3.5	5.21	7.08	
816.0	48.0	13.0	13.0	4.12	6.58	7.34	5.08	8.74	5.65	7.7	8.36	6.89	6.08	6.31	6.21	6.64	4.1	7.94	5.11	3.84	4.16	7.84	4.49	6.28	
817.0	49.0	12.0	12.0	3.21	3.84	3.01	8.76	4.9	5.94	3.99	8.81	7.59	6.03	3.37	6.1	6.0	8.11	5.02	8.08	3.95	5.54	4.75	7.08	4.13	
818.0	52.0	4.0	4.0	7.81	5.81	7.5	3.07	8.56	8.65	5.99	8.82	3.78	5.54	5.51	5.05	8.43	4.31	4.04	4.91	7.81	3.68	8.85	3.09	8.72	
819.0	55.0	6.0	6.0	7.35	6.46	7.51	5.79	4.55	8.11	5.4	5.74	6.5	5.6	6.16	6.28	5.99	6.48	8.3	6.05	6.15	5.31	6.84	5.49	3.09	
820.0	60.0	3.0	3.0	6.78	7.25	6.8	6.26	6.14	4.34	8.37	5.25	6.48	3.25	8.25	8.49	8.46	6.54	3.71	4.17	6.41	3.39	4.9	4.22	4.7	
821.0	96.0	15.0	15.0	5.71	5.13	7.7	8.51	5.71	5.73	5.13	6.18	7.59	4.8	8.45	8.36	6.17	6.68	4.05	5.13	5.37	6.41	6.52	3.21	3.16	
822.0	44.0	3.0	3.0	6.68	3.25	4.97	5.96	7.83	8.53	5.55	4.41	6.01	3.29	6.14	6.96	8.42	8.0	6.28	6.43	6.41	6.01	5.66	7.49	6.69	
823.0	35.0	10.0	10.0	4.85	5.43	7.46	5.68	8.25	5.07	7.74	3.41	8.06	4.72	6.99	5.65	6.62	4.28	8.39	8.53	4.76	4.68	8.08	6.16	3.22	
824.0	50.0	9.0	9.0	8.98	7.97	4.91	4.67	8.87	3.69	4.45	6.71	8.49	4.94	4.69	6.56	7.8	6.82	8.21	4.01	8.48	4.75	3.63	5.91	4.31	
825.0	55.0	6.0	6.0	6.59	7.06	6.77	3.56	8.6	4.98	7.86	4.98	3.98	7.21	7.05	3.41	4.03	7.55	6.91	6.43	6.52	8.85	7.01	8.84	3.19	
826.0	57.0	14.0	14.0	8.35	3.45	5.0	6.18	4.29	4.89	7.79	4.34	4.77	4.04	3.75	6.05	3.24	8.5	6.75	4.69	5.87	3.2	9.0	5.5	4.3	
827.0	92.0	10.0	10.0	8.18	4.98	7.28	5.8	5.55	6.55	3.64	4.28	3.3	3.33	8.01	3.89	4.46	4.57	7.11	7.36	5.62	6.02	5.35	6.12	8.37	
828.0	44.0	3.0	3.0	3.19	7.57	3.68	5.39	4.12	3.02	3.18	4.82	4.48	6.17	4.56	8.99	7.37	7.79	3.69	6.43	7.54	4.72	5.52	3.8	4.96	
829.0	83.0	5.0	5.0	4.14	3.81	5.18	8.54	8.43	8.61	3.36	4.93	7.3	3.77	4.46	4.36	4.38	7.31	7.19	4.98	7.9	7.13	8.66	4.51	8.61	
830.0	50.0	9.0	9.0	4.47	8.84	8.36	3.05	5.69	3.22	8.42	8.4	5.84	4.29	7.56	7.38	3.59	7.72	7.81	5.74	8.49	8.81	4.37	3.64	8.11	
831.0	87.0	5.0	5.0	4.86	7.73	5.64	5.95	6.45	5.54	7.25	7.42	4.53	4.03	5.65	3.11	4.34	6.97	8.99	7.05	6.67	8.78	4.43	8.73	7.69	
832.0	56.0	13.0	13.0	7.41	8.72	5.41	5.05	6.91	3.01	7.46	7.77	7.52	3.22	7.33	5.08	4.08	7.17	3.98	3.82	4.68	4.43	5.95	5.23	3.67	
833.0	99.0	12.0	12.0	7.79	4.26	8.81	6.5	8.17	8.22	7.83	3.85	3.37	5.46	7.27	4.75	5.09	7.44	3.8	5.28	8.29	5.49	3.15	8.43	8.33	
834.0	82.0	6.0	6.0	6.97	4.8	3.12	8.66	4.88	4.65	4.28	3.21	8.96	4.84	8.08	6.93	5.82	8.46	4.82	8.7	8.74	7.04	7.48	7.65	6.7	
835.0	87.0	5.0	5.0	7.0	5.52	6.11	7.71	4.09	7.5	5.06	8.28	8.43	4.16	6.3	3.1	6.33	5.68	3.92	6.58	4.0	6.89	8.78	7.2	6.35	
836.0	81.0	3.0	3.0	5.65	5.34	5.75	7.18	8.18	3.51	5.55	8.16	8.02	4.96	4.91	6.95	8.46	4.14	8.02	7.54	7.74	3.63	4.42	4.92	4.89	
837.0	84.0	12.0	12.0	7.22	8.04	4.12	7.96	5.65	6.38	3.65	3.63	8.55	4.74	8.05	7.2	8.07	3.29	5.92	6.53	3.47	5.58	5.06	5.83	6.11	
838.0	52.0	4.0	4.0	4.81	4.43	8.48	7.94	7.24	3.46	5.51	8.01	4.8	3.78	8.17	8.07	7.61	6.72	6.33	4.54	5.22	7.51	5.73	6.92	3.54	
839.0	56.0	13.0	13.0	8.94	5.52	7.75	6.56	5.11	7.07	3.03	5.48	6.63	8.5	7.97	3.87	4.61	8.09	4.11	7.0	8.7	6.09	6.2	6.89	7.1	
840.0	59.0	9.0	9.0	8.5	3.63	5.91	7.54	5.5	3.66	5.04	8.95	5.4	3.34	8.38	7.58	8.09	8.75	4.63	8.09	8.59	5.58	7.35	6.92	5.23	
841.0	41.0	15.0	15.0	7.1	4.92	8.32	5.08	6.4	4.69	5.64	6.42	5.67	7.42	3.1	3.95	4.2	6.91	4.05	5.94	6.91	6.02	8.27	7.94	6.58	
842.0	96.0	15.0	15.0	7.34	6.61	8.96	7.71	6.01	6.83	7.7	7.85	7.46	3.82	3.54	3.69	7.9	6.42	8.89	6.37	6.38	7.01	7.49	6.46	5.59	
843.0	8.0	15.0	15.0	5.16	8.81	4.01	7.76	4.22	5.9	5.82	4.89	7.18	4.7	7.88	4.96	5.22	8.64	8.51	8.17	5.33	5.6	6.69	3.07	6.49	
844.0	97.0	9.0	9.0	8.39	5.8	6.05	8.48	3.94	3.32	5.55	8.63	6.33	7.04	5.96	7.02	8.68	5.01	5.01	5.54	6.02	6.22	6.93	5.16	3.01	
845.0	7.0	11.0	11.0	5.48	5.78	8.93	4.23	6.19	4.08	6.56	8.39	6.55	7.17	7.62	7.17	8.53	4.11	5.61	6.7	3.85	5.98	8.55	5.99	7.77	
846.0	69.0	12.0	12.0	8.76	6.47	3.53	4.13	8.42	3.16	6.4	3.64	6.56	5.31	8.28	7.3	5.4	8.6	6.37	8.71	3.49	3.27	3.26	6.04	3.83	
847.0	59.0	9.0	9.0	6.2	6.99	8.12	8.84	3.26	7.44	3.78	6.81	7.63	7.66	6.16	8.57	7.6	4.44	8.18	6.59	4.73	5.83	8.86	8.01	5.56	
848.0	91.0	9.0	9.0	3.91	7.73	6.13	5.04	4.66	6.42	4.31	3.14	6.72	6.49	7.86	3.58	4.9	7.69	3.75	6.13	4.97	5.82	5.69	4.66	6.56	
849.0	93.0	4.0	4.0	4.48	3.28	3.91	3.08	8.7	5.13	6.83	4.21	7.78	4.54	8.21	5.46	6.41	7.6	5.16	4.75	5.39	8.07	6.26	5.1	8.25	
850.0	57.0	14.0	14.0	5.95	8.54	7.3	4.25	8.86	5.7	3.97	6.99	3.47	8.96	5.42	4.67	6.61	7.66	7.66	9.0	7.27	4.49	4.15	6.98	8.16	
851.0	51.0	2.0	2.0	5.56	4.63	5.64	8.27	5.3	3.66	3.09	5.42	5.97	4.76	8.77	8.92	6.87	3.36	6.83	3.08	8.99	8.53	4.46	5.98	6.78	
852.0	23.0	7.0	7.0	5.87	8.42	4.03	5.18	4.56	3.14	6.69	6.77	3.06	8.73	7.91	8.29	3.26	4.47	8.02	3.5	7.92	7.82	5.62	3.4	4.17	
853.0	27.0	13.0	13.0	3.1	7.07	7.11	5.77	8.22	7.04	6.08	7.74	8.92	3.36	8.34	6.82	5.67	3.16	8.46	8.05	8.38	3.42	3.24	5.34	3.8	
854.0	99.0	12.0	12.0	6.33	8.47	4.93	3.48	8.24	4.09	6.42	7.54	4.72	6.34	4.84	3.58	4.67	6.45	8.56	7.42	7.47	4.3	4.12	4.08	8.5	
855.0	24.0	14.0	14.0	4.27	5.49	8.49	5.53	7.46	3.65	3.79	4.8	5.78	6.02	7.92	4.17	8.05	6.36	7.86	6.88	3.04	8.17	8.59	4.04	7.23	
856.0	47.0	15.0	15.0	6.63	7.21	6.48	5.93	3.47	8.49	3.46	6.31	5.76	5.6	6.31	4.35	3.59	7.49	4.68	4.96	6.86	3.99	6.68	4.73	8.83	
857.0	49.0	12.0	12.0	5.63	8.87	4.36	6.37	4.15	6.2	7.33	3.71	7.11	5.88	8.24	3.02	6.63	3.69	3.1	4.38	4.48	7.04	5.88	4.44	4.77	
858.0	85.0	3.0	3.0	5.14	4.71	3.48	7.88	3.81	3.17	3.29	4.19	6.62	5.96	8.04	4.48	9.0	8.17	4.72	6.57	4.38	5.71	8.19	8.11	3.48	
859.0	55.0	6.0	6.0	5.49	5.97	3.78	6.05	5.79	8.15	8.58	5.78	6.23	4.81	5.31	4.96	3.6	5.19	3.07	4.87	3.64	4.83	3.57	7.73	3.96	
860.0	95.0	8.0	8.0	8.31	7.82	6.36	5.73	3.15	7.93	8.45	3.22	7.24	3.81	8.14	5.91	3.81	8.94	3.5	6.44	6.15	4.19	8.01	6.89	4.64	
861.0	82.0	6.0	6.0	6.95	7.73	7.3	7.41	5.68	6.92	5.58	4.02	7.57	5.03	5.18	5.4	4.57	3.39	6.6	4.14	4.59	3.33	3.1	8.47	5.95	
862.0	45.0	5.0	5.0	5.6	7.73	8.0	8.14	5.26	3.29	7.98	4.81	8.98	5.49	7.75	5.33	5.56	8.5	7.18	7.75	5.38	5.1	5.59	4.88	7.19	
863.0	48.0	13.0	13.0	4.9	3.75	6.97	4.13	3.43	7.92	3.91	5.18	8.14	6.04	3.92	5.48	3.04	7.66	6.33	7.45	4.91	4.55	6.66	7.7	3.38	
864.0	52.0	4.0	4.0	8.8	4.46	5.19	3.98	6.59	4.66	6.77	6.11	3.17	6.28	6.41	7.56	7.8	5.08	5.74	7.71	6.79	6.68	5.41	8.14	6.89	
865.0	83.0	5.0	5.0	6.48	3.44	7.63	6.52	6.17	7.22	6.63	5.82	5.45	5.63	6.63	3.03	5.07	5.76	5.38	6.84	8.98	8.88	8.02	6.08	4.44	
866.0	94.0	13.0	13.0	5.42	6.79	5.22	3.22	3.3	4.85	3.04	8.38	4.88	7.33	5.28	3.02	6.26	3.45	5.3	8.22	4.87	5.96	5.67	5.67	3.7	
867.0	47.0	15.0	15.0	8.43	8.85	7.6	3.75	5.14	4.93	4.7	8.57	7.72	8.29	8.06	6.03	5.14	6.32	4.39	6.16	3.25	6.39	3.46	3.22	5.59	
868.0	42.0	4.0	4.0	7.68	8.16	6.35	5.93	7.8	5.75	8.43	7.6	7.97	7.65	5.52	7.78	6.68	3.44	3.32	7.9	6.41	7.65	4.68	5.15	4.47	
869.0	97.0	9.0	9.0	7.71	8.21	8.36	4.06	3.44	8.22	7.04	6.89	5.74	7.98	8.17	3.64	8.64	5.37	6.07	7.35	4.29	3.2	6.43	4.29	7.2	
870.0	84.0	12.0	12.0	5.95	6.7	7.61	5.48	5.35	7.37	8.35	8.87	5.34	4.15	5.14	7.2	8.82	3.84	4.56	7.61	7.03	8.33	7.61	7.18	3.43	
871.0	84.0	12.0	12.0	6.98	4.51	7.06	6.48	5.7	5.12	8.74	5.07	8.54	6.02	8.89	8.29	6.61	6.75	7.43	8.17	4.72	7.17	8.58	8.03	2.1795539112980564	
872.0	54.0	10.0	10.0	8.5	5.22	8.67	6.8	7.5	4.66	8.63	8.5	8.91	4.91	4.64	7.4	8.09	7.04	8.28	6.9	6.12	8.66	7.49	8.88	7.884941583145812	
873.0	93.0	4.0	4.0	4.64	7.97	5.26	3.08	3.18	4.9	7.73	7.02	6.14	7.41	5.92	4.57	6.36	6.01	3.33	6.0	5.2	7.18	6.1	3.52	3.62	
874.0	63.0	15.0	15.0	4.71	6.58	8.5	8.07	3.55	6.46	8.0	6.75	8.31	5.71	3.55	5.06	8.31	8.89	5.06	7.47	5.45	8.86	8.38	8.59	7.45	
875.0	44.0	3.0	3.0	8.49	3.57	3.53	4.89	7.85	8.08	5.15	3.81	8.32	6.69	5.06	4.51	4.93	4.17	4.05	6.47	8.27	6.09	7.83	6.86	3.82	
876.0	48.0	13.0	13.0	4.09	4.76	7.87	4.7	3.91	4.35	8.96	5.34	8.9	3.93	4.36	6.08	8.32	6.08	8.35	5.64	5.31	8.91	8.1	3.05	7.78	
877.0	100.0	14.0	14.0	5.15	4.16	6.06	5.87	3.09	7.93	8.9	3.82	8.93	7.27	7.62	5.63	3.94	3.3	8.56	5.79	4.45	6.22	6.66	5.43	3.37	
878.0	53.0	12.0	12.0	7.05	3.97	4.76	8.32	6.67	6.09	7.76	4.21	8.11	3.34	5.96	7.52	5.9	4.84	6.5	3.76	4.15	8.18	3.06	7.06	3.62	
879.0	94.0	13.0	13.0	4.23	4.58	8.0	5.48	5.0	8.26	4.63	3.14	6.55	8.56	5.79	4.19	8.22	8.61	6.8	5.89	8.99	5.92	8.66	7.35	3.88	
880.0	58.0	11.0	11.0	4.2	7.93	6.18	4.72	7.47	7.1	5.88	7.68	4.48	6.49	7.43	7.08	8.95	8.93	7.07	8.92	4.45	8.35	6.62	4.76	5.67	
881.0	26.0	1.0	1.0	3.34	5.99	4.03	5.88	3.47	7.54	6.0	3.87	4.01	7.62	3.18	6.31	8.65	7.28	6.31	5.72	5.26	6.16	8.91	5.17	8.71	
882.0	86.0	15.0	15.0	8.29	3.38	8.72	6.06	8.88	7.1	3.33	7.11	5.16	7.62	4.15	7.93	6.54	6.28	5.68	7.18	5.5	6.14	8.43	5.5	4.87	
883.0	91.0	9.0	9.0	3.98	3.69	7.04	7.5	6.28	4.35	5.8	3.56	3.22	7.77	8.86	8.9	8.41	7.35	6.54	6.67	7.4	3.31	8.36	4.63	6.95	
884.0	52.0	4.0	4.0	6.27	5.9	8.27	8.99	4.37	5.88	6.78	6.23	6.6	4.37	3.52	5.75	3.34	8.33	6.89	8.06	7.87	4.61	3.31	3.23	6.09	
885.0	83.0	5.0	5.0	6.51	8.54	4.93	8.15	5.09	5.28	3.61	6.27	8.49	4.75	6.26	3.66	3.95	6.28	5.35	3.16	4.97	3.15	4.11	3.97	6.93	
886.0	58.0	11.0	11.0	8.2	5.65	4.93	5.14	7.0	6.52	5.29	4.25	5.69	4.03	3.11	7.77	4.29	3.12	5.38	5.32	8.27	7.61	4.73	5.21	4.21	
887.0	53.0	12.0	12.0	5.9	5.3	4.04	7.23	5.84	5.39	7.05	3.4	8.84	6.98	4.48	5.35	8.35	6.36	6.77	4.5	6.09	6.68	6.3	5.2	7.96	
888.0	95.0	8.0	8.0	5.65	3.27	7.51	4.02	6.23	3.51	7.31	5.54	7.13	7.71	4.98	6.7	6.23	6.63	8.57	6.65	6.74	5.53	7.33	6.26	5.78	
889.0	98.0	15.0	15.0	8.84	4.38	6.61	3.54	8.92	6.72	6.44	3.59	6.36	6.01	7.68	7.53	5.46	6.83	5.73	3.5	4.84	6.17	5.58	8.64	6.87	
890.0	48.0	13.0	13.0	8.98	4.44	3.9	8.66	7.39	3.75	5.3	7.71	7.51	7.22	5.45	7.0	5.53	3.75	3.86	4.74	6.2	8.53	5.72	8.86	6.8	
891.0	97.0	9.0	9.0	5.85	5.23	5.81	8.98	3.45	7.05	7.92	5.25	7.46	5.47	8.38	7.98	5.44	7.85	8.18	3.34	4.23	7.71	5.18	4.23	4.62	
892.0	97.0	9.0	9.0	6.79	8.22	8.71	8.4	4.68	4.28	8.31	8.17	3.5	8.59	3.05	5.44	5.87	6.46	6.43	6.23	8.49	5.96	6.37	8.13	6.24	
893.0	86.0	15.0	15.0	5.54	7.85	8.2	6.18	5.13	3.6	8.26	3.25	7.79	4.35	7.25	8.89	8.99	3.82	6.87	6.37	7.49	6.08	4.13	4.47	4.88	
894.0	42.0	4.0	4.0	7.81	7.31	4.05	3.09	7.23	4.24	5.71	5.71	4.61	5.96	8.17	5.05	8.26	5.19	5.24	7.54	7.6	8.73	5.2	5.9	4.87	
895.0	45.0	5.0	5.0	4.09	7.11	5.07	3.5	3.14	6.27	7.86	7.54	5.43	6.68	5.22	7.38	6.3	3.85	7.45	3.78	7.55	8.14	4.08	8.97	3.13	
896.0	46.0	14.0	14.0	7.05	7.7	8.19	4.14	7.05	4.95	3.63	7.69	6.14	4.9	3.47	5.58	4.12	4.93	4.18	5.0	4.05	8.85	7.69	3.29	8.74	
897.0	49.0	12.0	12.0	7.49	8.99	6.62	4.24	6.37	3.69	8.01	3.78	3.25	7.55	3.08	6.87	5.4	8.62	4.51	5.25	4.77	6.2	8.97	7.59	4.48	
898.0	52.0	4.0	4.0	8.79	8.82	7.1	4.97	6.76	7.03	3.03	5.12	6.97	8.79	7.65	3.28	3.45	4.63	7.55	6.15	7.37	5.98	7.06	4.75	6.13	
899.0	55.0	6.0	6.0	8.05	4.32	8.47	4.73	5.42	6.44	5.28	3.94	4.55	3.8	7.09	5.9	3.53	6.44	5.88	4.92	4.43	3.89	6.15	6.34	4.99	
900.0	88.0	4.0	4.0	4.32	5.41	6.16	5.71	4.63	4.76	4.39	8.96	5.56	4.3	8.93	6.86	3.81	4.19	3.52	4.53	3.6	5.66	5.25	8.08	4.46	
901.0	41.0	15.0	15.0	3.57	3.35	8.98	5.77	8.53	8.98	8.74	4.01	3.62	7.69	8.38	6.73	6.85	4.32	8.74	3.14	4.76	8.43	4.77	3.44	3.86	
902.0	35.0	10.0	10.0	4.38	8.02	6.09	3.75	5.05	8.4	7.67	7.41	6.56	6.22	5.94	3.49	5.5	6.69	5.64	8.02	6.34	7.39	3.66	7.97	5.33	
903.0	47.0	15.0	15.0	5.1	3.57	8.32	7.22	3.97	7.07	8.22	7.87	5.03	4.89	5.89	6.83	4.74	6.81	4.28	4.11	6.6	8.08	7.01	3.88	4.7	
904.0	50.0	9.0	9.0	4.08	7.1	4.21	8.48	4.15	8.23	3.87	8.12	5.64	4.58	4.71	3.76	5.85	8.88	4.97	8.7	5.18	7.18	3.87	8.56	5.17	
905.0	85.0	3.0	3.0	7.73	8.47	6.22	4.86	7.16	8.45	5.44	8.12	6.67	7.34	8.53	6.47	6.09	6.76	7.85	6.81	4.73	8.21	5.26	7.44	8.849156083553751	
906.0	88.0	4.0	4.0	8.86	7.27	8.2	6.88	5.31	4.35	8.88	4.89	5.41	8.86	5.59	7.28	7.26	7.85	8.24	7.47	6.39	6.81	6.26	4.13	7.96	
907.0	65.0	11.0	11.0	6.3	4.15	8.69	4.13	3.54	3.12	3.92	4.99	8.07	3.21	7.52	6.43	8.82	8.07	3.57	4.61	6.1	7.51	8.89	3.31	7.78	
908.0	44.0	3.0	3.0	6.84	3.15	4.71	7.8	5.3	6.39	5.92	8.62	4.82	7.01	3.01	5.45	4.04	8.04	7.7	4.65	3.3	5.16	7.98	7.76	6.7	
909.0	24.0	14.0	14.0	8.64	6.09	5.22	7.13	3.04	5.23	5.94	6.95	7.69	7.91	4.33	6.16	8.94	8.89	3.26	5.7	6.83	8.96	6.36	4.32	8.46	
910.0	48.0	13.0	13.0	6.15	5.56	5.34	8.29	4.17	5.9	3.6	6.71	4.99	4.03	8.8	8.26	3.62	5.66	3.17	7.79	6.7	6.09	8.87	6.95	3.42	
911.0	78.0	8.0	8.0	3.27	6.96	8.08	3.25	5.3	8.6	3.29	8.1	5.49	6.23	8.86	6.19	4.96	7.89	3.44	4.52	5.99	8.44	3.86	7.89	7.69	
912.0	87.0	5.0	5.0	3.63	5.01	7.52	6.18	5.41	5.2	8.17	8.79	4.32	3.02	3.38	7.67	3.18	3.2	8.33	6.97	4.11	8.41	8.24	3.61	6.13	
913.0	21.0	9.0	9.0	6.58	7.45	3.25	5.26	4.48	5.88	3.81	6.42	7.83	6.39	8.92	5.29	8.52	5.85	3.24	6.19	5.52	7.13	4.9	7.19	8.82	
914.0	81.0	3.0	3.0	6.02	5.9	7.44	6.92	5.29	5.94	4.17	5.88	5.98	7.33	6.63	4.06	5.93	4.16	5.41	7.22	4.21	3.89	5.18	6.88	4.15	
915.0	92.0	10.0	10.0	8.28	4.67	6.22	8.08	4.38	5.63	7.44	5.06	5.87	6.93	4.02	7.07	6.87	7.9	8.02	7.63	6.35	8.89	8.82	5.49	8.43	
916.0	80.0	3.0	3.0	4.15	3.09	8.2	3.92	5.94	4.02	3.98	6.09	7.53	3.98	3.62	8.05	3.47	3.13	4.26	6.39	8.94	7.79	6.49	7.4	6.08	
917.0	35.0	10.0	10.0	4.82	8.77	6.46	4.91	5.26	3.72	6.48	8.74	4.95	6.69	5.48	7.32	8.78	8.85	8.13	7.56	5.97	6.35	7.65	3.82	7.8	
918.0	38.0	5.0	5.0	5.88	5.2	8.86	3.39	8.88	8.05	8.06	3.61	6.65	3.5	3.35	3.01	4.17	3.73	5.68	3.75	3.73	6.42	8.76	6.57	3.59	
919.0	40.0	11.0	11.0	8.03	3.25	6.41	4.75	8.95	8.7	4.49	8.1	8.37	6.26	7.31	5.04	3.11	3.88	8.31	6.02	3.41	4.62	5.82	8.17	5.82	
920.0	23.0	7.0	7.0	8.42	7.8	4.98	8.89	6.26	6.73	5.35	5.08	6.27	4.23	6.29	4.63	3.7	3.28	5.21	8.34	3.65	5.22	3.45	3.36	5.3	
921.0	26.0	1.0	1.0	5.8	8.07	7.3	4.71	3.05	5.56	8.28	3.77	8.2	7.05	3.14	6.95	5.72	4.23	3.33	5.55	6.94	6.27	5.01	7.49	6.97	
922.0	30.0	14.0	14.0	4.86	5.92	3.63	6.55	8.46	6.69	6.53	7.52	7.89	8.9	4.46	4.57	4.71	5.66	4.54	8.68	8.83	3.17	5.32	8.84	7.37	
923.0	33.0	14.0	14.0	6.2	3.74	6.59	3.41	4.12	4.22	6.86	5.6	7.72	5.59	8.52	6.36	4.98	4.82	6.17	7.65	3.48	7.79	5.0	6.94	6.0	
924.0	35.0	10.0	10.0	3.24	5.61	4.52	6.45	3.66	3.74	3.75	7.47	4.69	3.42	3.22	8.37	5.73	4.46	4.4	5.55	5.2	4.79	4.13	8.98	3.94	
925.0	38.0	5.0	5.0	3.7	5.13	4.08	5.0	7.29	4.31	4.87	6.9	7.72	7.78	5.75	8.58	8.71	3.94	8.43	6.81	3.82	3.84	8.47	7.97	5.01	
926.0	22.0	6.0	6.0	8.62	6.24	8.94	8.5	3.85	7.97	6.32	6.3	5.67	3.16	5.52	8.91	7.22	7.66	8.57	6.6	3.26	7.94	5.6	8.64	7.34	
927.0	69.0	12.0	12.0	7.12	4.0	8.01	4.14	6.03	8.36	6.77	4.47	4.87	7.92	3.27	3.25	4.54	5.19	4.59	5.06	8.5	8.25	5.26	8.04	7.9	
928.0	27.0	13.0	13.0	3.26	3.49	5.78	5.81	8.84	7.44	6.98	8.67	3.92	6.44	3.61	4.13	3.3	3.92	3.79	8.11	4.47	3.96	4.3	6.72	6.14	
929.0	31.0	8.0	8.0	3.14	8.49	8.19	5.92	6.42	7.14	6.88	6.35	6.85	8.04	3.43	5.56	7.38	8.69	3.65	6.07	6.32	3.91	7.99	3.23	5.21	
930.0	78.0	8.0	8.0	3.98	3.14	7.03	3.76	3.12	8.12	3.54	3.5	7.66	7.62	4.12	6.28	4.73	3.9	3.82	4.43	5.88	5.94	3.17	8.9	4.27	
931.0	35.0	10.0	10.0	8.79	7.89	7.56	4.22	6.7	5.88	8.12	8.29	4.68	7.52	3.74	6.53	5.6	4.3	7.83	7.78	6.77	8.97	5.49	5.32	5.71	
932.0	83.0	5.0	5.0	4.3	6.39	6.66	5.81	3.68	4.29	5.48	7.52	7.46	7.43	8.09	8.94	4.79	8.04	8.64	8.73	5.5	4.04	6.52	4.6	3.96	
933.0	23.0	7.0	7.0	5.52	4.93	7.42	6.39	3.96	4.64	4.62	7.85	6.09	6.81	5.65	5.66	8.62	6.01	3.0	5.18	3.36	3.39	5.38	5.71	6.87	
934.0	67.0	3.0	3.0	8.78	5.16	8.35	8.67	6.13	8.31	8.31	3.56	7.0	6.69	6.32	5.68	5.52	7.95	6.62	7.96	8.83	5.25	4.6	3.97	8.11	
935.0	27.0	13.0	13.0	5.83	4.55	4.53	6.08	4.03	3.29	8.51	7.87	3.92	7.33	6.11	8.71	5.44	8.97	3.48	4.01	5.47	4.53	7.52	6.57	7.49	
936.0	32.0	14.0	14.0	6.35	8.59	5.98	8.67	4.66	5.89	7.01	3.03	5.99	7.54	4.76	7.45	6.21	3.38	3.52	7.28	5.98	3.37	6.27	6.24	5.68	
937.0	87.0	5.0	5.0	7.1	4.63	8.37	3.35	8.33	8.9	6.36	3.49	4.53	3.85	7.73	8.12	6.91	6.93	4.73	3.3	4.43	7.94	4.0	6.73	5.21	
938.0	100.0	14.0	14.0	6.93	8.51	7.25	5.82	8.5	8.4	3.61	5.23	4.58	5.85	8.86	8.35	6.7	4.8	3.4	6.68	6.77	3.37	6.61	5.98	7.93	
939.0	84.0	12.0	12.0	5.75	6.72	7.07	8.08	5.59	8.64	5.13	4.77	3.46	6.89	4.72	8.94	4.85	6.25	3.25	7.44	7.29	7.99	7.1	4.92	8.51	
940.0	22.0	6.0	6.0	4.92	6.24	3.39	5.1	5.74	6.77	8.41	5.18	6.64	6.44	6.64	3.16	3.59	4.93	7.2	7.46	7.71	5.17	3.88	8.53	5.92	
941.0	82.0	6.0	6.0	6.84	3.76	4.67	4.92	4.71	4.85	5.17	5.15	4.74	4.04	5.49	3.73	6.61	8.28	5.19	5.88	8.49	3.95	4.71	4.27	5.72	
942.0	70.0	11.0	11.0	7.26	4.37	6.34	6.71	8.6	4.51	4.29	6.95	3.43	4.04	7.61	4.8	4.34	8.57	5.28	6.42	5.62	5.6	5.22	4.65	7.05	
943.0	79.0	7.0	7.0	8.65	3.9	6.69	3.87	7.42	8.03	3.9	6.06	7.2	7.16	4.04	3.14	4.98	8.11	3.2	7.8	6.12	4.99	3.67	8.58	7.49	
944.0	97.0	9.0	9.0	4.9	3.61	6.97	4.75	3.27	3.42	6.16	5.38	3.78	4.98	6.37	3.75	6.69	8.3	7.82	6.36	5.67	8.54	6.16	4.75	4.91	
945.0	72.0	11.0	11.0	7.15	3.72	5.42	7.4	4.56	3.71	3.4	6.8	5.62	7.82	4.26	5.58	7.56	3.1	5.12	5.24	4.54	6.55	6.18	8.15	8.06	
946.0	84.0	12.0	12.0	3.65	8.73	6.79	4.95	5.0	5.62	4.26	6.08	5.59	3.55	6.65	5.74	4.18	8.17	7.85	3.5	4.55	6.0	5.25	7.44	3.46	
947.0	88.0	4.0	4.0	7.78	6.52	3.55	8.06	3.51	5.99	4.99	8.47	6.32	4.91	4.2	7.5	3.94	6.5	5.94	4.77	7.75	3.45	6.97	8.67	5.6	
948.0	82.0	6.0	6.0	6.64	8.62	8.92	3.33	6.1	4.35	4.34	6.17	6.22	6.6	8.3	6.06	4.31	7.3	7.39	7.4	4.17	3.18	3.53	6.54	6.74	
949.0	71.0	11.0	11.0	5.21	3.56	6.6	8.25	8.97	6.81	3.83	5.15	7.91	3.71	7.78	8.14	4.85	5.71	8.92	5.91	6.81	4.2	8.28	5.63	5.88	
950.0	79.0	7.0	7.0	8.38	5.33	6.72	8.42	8.9	5.89	8.9	6.2	5.12	4.27	3.15	4.66	8.11	5.14	8.74	4.23	7.03	5.05	3.83	7.63	6.87	
951.0	35.0	10.0	10.0	8.63	4.29	5.91	3.94	8.22	7.65	3.73	8.06	3.92	5.67	3.43	5.29	5.74	3.6	7.84	3.68	4.5	3.22	5.75	7.2	8.72	
952.0	80.0	3.0	3.0	7.62	3.99	8.23	3.37	3.9	4.21	6.38	3.29	5.56	8.14	4.44	8.65	6.91	3.49	5.04	6.75	7.17	6.45	6.6	4.15	4.8	
953.0	21.0	9.0	9.0	8.8	3.18	4.84	5.63	4.99	3.78	6.39	6.33	7.19	5.57	7.85	8.43	8.77	4.4	5.26	7.54	7.8	4.9	4.79	4.33	8.67	
954.0	40.0	11.0	11.0	4.73	3.11	7.15	7.17	3.9	6.6	3.22	6.45	4.59	7.82	6.61	7.09	6.68	5.96	6.77	7.64	4.13	6.31	7.64	3.2	8.56	
955.0	98.0	15.0	15.0	5.35	6.93	8.36	7.37	5.21	7.52	6.54	7.62	8.39	6.6	4.59	6.14	6.02	8.99	5.24	9.0	5.19	5.81	7.37	5.5	5.14	
956.0	95.0	8.0	8.0	5.93	7.54	6.62	6.44	4.63	4.96	7.7	7.98	3.09	4.5	8.67	7.07	7.17	3.83	3.66	3.16	8.41	6.02	3.8	5.16	8.42	
957.0	94.0	13.0	13.0	3.08	3.0	8.91	8.98	8.1	4.36	7.66	5.14	7.11	5.11	7.33	5.58	3.81	8.69	6.46	5.6	4.76	8.43	8.34	5.35	3.24	
958.0	81.0	3.0	3.0	4.03	7.98	6.32	5.96	5.16	7.71	4.16	7.62	5.36	4.28	5.27	8.91	5.51	5.4	8.22	3.5	6.71	4.15	8.34	7.01	4.29	
959.0	75.0	8.0	8.0	7.6	7.26	3.01	8.35	5.18	8.87	5.81	6.44	4.38	5.09	5.96	5.97	8.08	4.92	7.08	8.59	4.76	3.43	6.54	5.45	5.73	
960.0	73.0	13.0	13.0	8.33	3.86	4.53	4.04	7.88	4.82	7.89	7.83	3.13	8.72	3.13	4.61	4.07	4.74	3.99	3.4	7.93	8.37	6.35	6.88	8.46	
961.0	88.0	4.0	4.0	4.91	4.87	5.96	7.21	7.25	4.66	8.94	7.58	9.0	8.99	4.47	8.73	8.62	8.51	5.07	8.04	6.79	7.7	3.81	3.18	7.37	
962.0	98.0	15.0	15.0	4.18	5.49	5.24	3.92	5.19	6.44	6.24	5.0	3.71	4.86	8.94	7.7	3.39	7.51	4.42	7.28	6.23	6.26	4.58	8.69	5.52	
963.0	89.0	14.0	14.0	7.63	6.39	4.67	4.87	4.15	6.77	5.58	5.05	4.22	7.17	4.66	7.35	7.85	7.03	6.07	8.04	6.18	6.34	6.61	6.03	8.76	
964.0	78.0	8.0	8.0	8.23	7.76	3.44	6.72	8.97	5.69	5.36	6.93	4.67	4.75	4.45	5.07	6.15	8.94	7.38	4.96	6.28	3.59	4.58	4.67	5.54	
965.0	72.0	11.0	11.0	7.17	3.8	6.19	3.12	8.22	7.67	3.35	6.67	7.04	6.65	6.86	3.88	5.1	8.36	3.47	3.85	5.44	7.72	5.38	6.04	6.2	
966.0	73.0	13.0	13.0	8.92	5.42	4.37	6.15	6.17	6.32	8.14	7.02	4.5	7.32	8.93	8.2	6.41	8.76	7.86	5.98	6.37	4.7	8.18	5.71	6.85	
967.0	70.0	11.0	11.0	3.18	3.11	5.37	7.39	6.19	8.15	5.38	6.39	4.79	5.13	4.73	8.9	3.24	3.46	6.87	4.5	5.73	6.78	6.83	4.44	6.18	
968.0	94.0	13.0	13.0	4.14	3.42	7.81	8.8	7.55	7.94	4.07	6.45	3.3	6.66	4.39	7.0	5.8	5.55	3.53	5.12	3.63	7.03	5.35	5.96	7.14	
969.0	76.0	6.0	6.0	6.6	6.73	5.74	3.68	5.52	7.58	6.99	3.34	7.94	7.93	3.13	6.05	4.64	7.11	5.32	5.19	3.65	4.57	5.71	4.71	5.68	
970.0	85.0	3.0	3.0	8.37	3.41	4.69	6.71	3.44	7.82	4.67	8.57	8.08	5.46	7.74	3.39	6.65	5.47	6.6	5.52	8.91	7.63	6.75	5.37	6.33	
971.0	78.0	8.0	8.0	8.55	5.0	8.78	5.55	4.52	8.57	5.88	6.17	6.79	8.49	8.26	7.15	3.61	5.09	6.61	7.26	7.24	3.07	6.42	3.78	7.31	
972.0	100.0	14.0	14.0	3.67	7.89	4.96	8.93	4.28	4.99	3.22	7.17	8.07	8.18	3.11	8.75	6.17	8.59	6.61	3.4	8.28	4.03	8.69	8.27	8.58	
973.0	62.0	7.0	7.0	4.51	3.12	8.65	8.38	3.94	4.47	5.96	5.84	3.72	5.71	3.57	4.32	6.92	5.03	7.14	3.96	7.17	5.81	3.47	5.74	8.72	
974.0	26.0	1.0	1.0	8.46	5.65	7.47	5.83	8.92	8.02	8.25	6.45	6.97	3.36	4.22	6.88	7.98	6.55	4.39	9.0	7.19	7.73	7.87	8.74	8.71118645224386	
975.0	27.0	13.0	13.0	8.97	5.02	4.67	6.83	7.24	6.26	4.03	5.97	7.11	7.12	7.42	4.77	6.78	3.55	3.17	7.86	7.79	4.0	7.19	4.42	4.13	
976.0	65.0	11.0	11.0	8.29	7.17	4.18	3.45	6.91	8.51	8.25	7.49	7.69	3.49	6.38	4.48	8.2	7.74	3.17	6.32	7.85	7.32	8.68	4.57	5.87	
977.0	35.0	10.0	10.0	5.49	5.42	8.69	5.62	6.23	8.71	3.33	6.51	8.49	3.32	3.5	5.85	7.63	8.33	8.9	7.41	3.48	7.81	3.62	6.89	8.65	
978.0	48.0	13.0	13.0	3.19	6.82	5.56	8.95	5.24	7.47	7.86	5.07	4.84	6.16	8.38	6.79	4.19	7.43	7.66	3.05	6.25	4.93	4.55	6.07	6.79	
979.0	94.0	13.0	13.0	4.87	6.72	7.22	8.49	4.83	7.93	6.32	3.56	3.24	7.24	3.62	6.8	6.46	8.15	4.93	6.27	4.8	8.5	6.62	8.5	7.3	
980.0	22.0	6.0	6.0	3.78	3.6	5.89	8.07	4.42	6.64	4.26	6.3	3.69	3.19	4.05	8.01	7.12	4.02	8.83	8.49	4.27	4.52	5.63	3.49	6.28	
981.0	81.0	3.0	3.0	4.86	5.31	4.28	6.36	5.99	7.83	4.27	6.01	8.1	4.43	6.96	4.86	8.25	8.11	8.11	8.08	4.18	4.7	5.34	4.23	7.89	
982.0	64.0	4.0	4.0	6.06	3.16	5.98	7.01	8.08	8.82	5.98	8.06	7.12	6.54	3.03	5.24	5.61	5.73	7.66	7.35	6.51	8.87	3.39	7.88	8.42	
983.0	100.0	14.0	14.0	5.21	6.4	4.65	6.46	7.78	8.53	6.06	7.7	4.18	7.65	8.75	8.09	4.05	5.83	7.66	5.97	5.72	7.96	6.97	6.99	8.76	
984.0	94.0	13.0	13.0	6.98	6.27	4.3	3.4	6.84	8.81	6.03	8.73	6.78	7.94	6.2	3.53	4.73	8.35	4.0	6.89	5.0	6.23	7.09	7.11	8.99	
985.0	93.0	4.0	4.0	7.73	5.5	6.45	8.66	4.18	6.65	7.55	3.09	3.73	8.08	4.14	4.44	7.19	4.74	6.9	5.88	5.44	4.77	7.7	7.31	6.41	
986.0	78.0	8.0	8.0	4.52	4.14	4.86	4.73	5.96	4.43	4.81	3.57	3.04	8.08	5.15	5.66	4.42	6.75	5.47	6.68	8.46	5.75	6.33	6.04	5.0	
987.0	93.0	4.0	4.0	4.96	7.64	8.87	8.8	5.28	6.41	8.58	3.23	3.04	7.33	7.66	7.1	4.52	4.39	3.48	4.36	3.64	6.02	6.08	7.15	4.16	
988.0	86.0	15.0	15.0	8.07	3.28	8.64	7.98	4.02	5.24	5.67	8.6	7.91	6.17	6.13	7.78	3.03	8.29	8.64	8.18	3.49	4.02	8.61	6.5	8.31	
989.0	3.0	6.0	6.0	6.3	4.39	3.61	7.74	4.15	4.34	8.22	3.53	6.45	5.2	4.27	5.16	3.08	3.46	3.09	7.44	7.16	6.53	7.16	4.1	8.03	
990.0	4.0	9.0	9.0	5.45	4.26	4.99	6.34	6.71	8.9	7.41	6.94	5.64	5.49	5.45	7.3	4.83	6.61	5.56	5.83	6.44	7.91	5.37	5.74	5.23	
991.0	93.0	4.0	4.0	6.03	8.62	7.96	3.92	7.08	8.75	5.2	8.11	8.67	3.4	4.51	6.63	6.5	3.99	4.12	8.59	3.5	4.42	8.35	8.03	8.74	
992.0	11.0	4.0	4.0	4.43	7.48	6.77	4.31	7.72	8.09	5.63	7.48	8.21	8.96	7.4	5.7	6.24	6.57	8.71	8.32	7.57	3.79	6.14	3.6	8.72	
993.0	94.0	13.0	13.0	8.72	5.88	3.55	5.84	7.17	8.94	3.87	6.47	6.61	6.96	7.94	6.45	4.37	8.71	7.79	7.14	7.02	3.3	4.84	5.69	3.44	
994.0	66.0	12.0	12.0	6.59	7.33	3.23	6.74	3.41	8.85	5.8	5.5	7.44	4.92	5.33	7.69	8.98	7.28	6.67	3.5	5.64	5.61	6.27	8.61	8.98	
995.0	1.0	11.0	11.0	8.3	7.55	8.18	7.4	4.87	8.57	3.45	7.61	4.39	3.35	3.86	5.98	3.65	3.25	5.41	6.54	5.97	5.51	7.58	3.08	5.11	
996.0	4.0	9.0	9.0	6.61	5.98	8.24	3.51	6.11	3.31	6.3	4.78	8.33	3.65	4.38	4.11	5.79	5.36	7.79	4.63	6.91	3.48	5.35	8.12	8.99	
997.0	92.0	10.0	10.0	3.99	8.34	7.76	6.85	4.69	7.45	4.78	7.11	6.32	3.18	5.82	8.07	4.84	8.63	5.56	4.27	7.42	3.68	6.12	3.42	7.52	
998.0	97.0	9.0	9.0	3.03	6.48	6.36	6.03	8.85	8.51	8.32	5.58	6.1	3.81	3.76	7.96	6.41	6.54	3.39	6.69	7.91	5.24	8.47	3.28	6.55	
999.0	93.0	4.0	4.0	6.82	8.19	4.6	3.47	7.89	3.65	5.5	7.55	4.55	8.75	5.9	6.79	3.35	7.04	7.86	5.28	5.7	6.27	6.5	7.34	4.72	
1000.0	83.0	5.0	5.0	6.41	4.54	7.08	4.79	4.37	5.97	7.53	3.83	7.28	4.25	7.47	8.97	7.9	6.99	3.34	6.83	3.62	3.46	5.94	4.95	7.57	
1001.0	91.0	9.0	9.0	5.02	8.5	5.28	3.81	3.36	6.25	8.32	5.79	8.29	4.55	5.93	8.68	5.29	4.93	5.54	8.58	3.12	4.1	5.39	5.38	4.54	
1002.0	12.0	5.0	5.0	4.82	7.93	6.26	4.88	4.9	6.43	7.82	8.09	5.83	8.7	4.03	5.13	3.36	7.57	4.7	5.5	8.96	8.86	6.76	3.55	6.88	
1003.0	73.0	13.0	13.0	4.72	7.74	3.94	6.11	6.43	6.42	6.55	6.27	6.77	6.89	7.24	5.17	5.88	3.12	3.9	7.37	3.66	5.08	6.93	5.66	3.99	
1004.0	8.0	15.0	15.0	4.12	3.37	8.23	7.96	3.64	6.32	4.42	4.03	3.23	6.88	5.11	5.37	3.91	5.49	6.82	3.44	5.48	7.49	4.16	4.91	5.68	
1005.0	10.0	15.0	15.0	7.29	5.63	4.34	8.17	5.68	4.36	3.5	8.52	8.18	6.86	7.95	6.44	4.09	3.4	7.41	4.52	7.23	7.41	7.24	6.99	4.39	
1006.0	13.0	3.0	3.0	6.96	3.38	7.38	8.25	6.92	4.1	6.9	6.26	6.77	3.94	3.55	6.58	3.26	3.06	5.17	3.75	6.39	4.19	4.37	7.68	8.45	
1007.0	54.0	10.0	10.0	5.15	6.3	8.43	5.7	6.46	7.46	8.03	8.01	3.6	8.65	7.26	4.86	5.41	8.27	8.17	4.69	6.43	4.72	3.0	8.39	7.79	
1008.0	80.0	3.0	3.0	8.67	7.02	4.48	6.28	5.37	5.04	3.54	7.64	4.81	3.76	4.6	3.47	7.58	6.27	7.22	7.8	5.94	8.3	4.67	6.09	4.35	
1009.0	79.0	7.0	7.0	7.46	6.86	4.15	3.17	3.17	3.85	4.64	4.39	5.07	5.41	8.0	5.12	3.0	5.82	7.63	6.48	5.71	4.66	3.36	5.49	3.85	
1010.0	57.0	14.0	14.0	8.35	4.16	6.05	4.57	8.39	8.7	7.3	5.03	3.36	6.4	4.07	5.01	4.54	3.96	7.03	7.16	8.67	3.98	6.21	8.08	4.19	
1011.0	58.0	11.0	11.0	5.51	7.14	5.51	4.74	3.88	5.58	3.22	4.24	8.01	5.53	4.97	7.76	3.83	5.27	7.63	6.81	4.77	3.29	6.16	6.18	4.93	
1012.0	83.0	5.0	5.0	8.2	4.59	6.37	7.77	3.64	5.22	8.34	3.43	6.39	5.79	4.7	5.06	6.57	5.24	8.42	7.61	4.22	3.66	4.85	4.93	8.5	
1013.0	99.0	12.0	12.0	4.3	7.25	6.34	6.82	3.15	8.71	8.7	7.04	7.71	4.06	8.49	6.07	6.32	8.95	3.18	8.15	8.95	7.18	3.55	3.59	5.12	
1014.0	79.0	7.0	7.0	4.83	7.57	8.08	6.85	7.59	4.08	5.01	6.57	7.51	7.51	3.83	7.11	4.57	7.26	7.55	7.99	8.82	6.13	4.08	3.1	8.13	
1015.0	92.0	10.0	10.0	4.91	5.42	6.51	5.7	7.91	5.18	5.46	8.47	4.81	8.31	3.78	6.61	6.45	3.3	6.98	6.2	7.53	7.72	5.19	5.9	6.25	
1016.0	83.0	5.0	5.0	5.97	3.44	6.37	6.55	7.38	3.0	7.29	7.53	5.85	8.95	4.66	4.92	8.34	7.24	6.19	7.72	6.5	6.0	6.05	6.78	4.7	
1017.0	51.0	2.0	2.0	4.02	5.04	4.77	3.63	7.22	5.78	6.52	5.76	5.19	6.03	8.32	7.64	8.66	5.97	6.44	7.23	5.84	8.89	5.7	5.9	8.68	
1018.0	76.0	6.0	6.0	8.6	3.26	8.7	7.74	3.91	5.04	6.99	5.06	5.74	5.43	3.95	6.75	6.18	3.65	8.76	8.04	3.65	7.03	3.52	8.38	3.21	
1019.0	68.0	5.0	5.0	3.14	3.47	7.65	8.07	4.3	5.67	8.27	5.74	8.56	7.21	4.38	6.58	4.47	6.27	6.08	3.5	5.1	3.53	5.31	3.3	3.58	
1020.0	76.0	6.0	6.0	6.01	3.9	4.67	7.43	6.28	7.47	6.47	7.09	8.38	6.21	4.36	8.03	5.65	7.93	3.52	7.76	7.77	8.87	5.44	8.18	3.79	
1021.0	88.0	4.0	4.0	4.25	6.75	6.82	7.03	5.12	7.41	6.57	7.29	6.42	7.59	3.95	3.29	5.2	3.13	8.47	6.24	6.42	8.7	6.88	5.62	3.15	
1022.0	80.0	3.0	3.0	6.5	3.23	4.97	4.44	7.22	6.53	8.63	3.96	8.08	6.19	7.0	3.56	3.95	3.58	5.8	5.16	6.96	6.2	3.69	7.07	3.49	
1023.0	64.0	4.0	4.0	6.85	5.51	6.26	7.94	7.86	5.75	3.51	8.7	7.69	7.47	7.0	5.13	6.08	8.36	8.37	5.59	7.72	4.48	8.26	3.21	6.62	
1024.0	69.0	12.0	12.0	4.33	4.82	6.78	3.61	5.61	7.29	3.45	3.62	8.56	7.55	5.07	8.54	3.87	7.89	4.31	3.22	5.06	8.61	4.94	7.92	3.72	
=====================================================================================================================================================
number of non-local execution forwordcount is 411
=====================================================================================================================================================
=====================================================================================================================================================
Map Status of job/thread name: wordmean  after done (10 columns: map task #,Local(0)/Non_local(1), status(not_yet_started(0),running(1)/finished(2)), response time, start time, end time, latency, bin #, VM flavor #, PM #, Rack #)
=====================================================================================================================================================
1.0	0.0	2.0	313.0	313.0	331.0	18.0	94.0	5.0	13.0	1.0	
2.0	0.0	2.0	313.0	313.0	331.0	18.0	96.0	5.0	15.0	3.0	
3.0	0.0	2.0	313.0	313.0	331.0	18.0	100.0	5.0	14.0	1.0	
4.0	0.0	2.0	313.0	313.0	331.0	18.0	81.0	5.0	3.0	4.0	
5.0	0.0	2.0	313.0	313.0	331.0	18.0	86.0	5.0	15.0	4.0	
6.0	0.0	2.0	313.0	313.0	331.0	18.0	87.0	5.0	5.0	5.0	
7.0	0.0	2.0	313.0	313.0	331.0	18.0	90.0	5.0	4.0	1.0	
8.0	0.0	2.0	313.0	313.0	331.0	18.0	94.0	5.0	13.0	1.0	
9.0	0.0	2.0	313.0	313.0	331.0	18.0	96.0	5.0	15.0	3.0	
10.0	0.0	2.0	313.0	313.0	331.0	18.0	99.0	5.0	12.0	3.0	
11.0	0.0	2.0	328.0	328.0	346.0	18.0	82.0	5.0	6.0	2.0	
12.0	0.0	2.0	313.0	313.0	331.0	18.0	86.0	5.0	15.0	4.0	
13.0	0.0	2.0	313.0	313.0	331.0	18.0	88.0	5.0	4.0	3.0	
14.0	0.0	2.0	313.0	313.0	331.0	18.0	92.0	5.0	10.0	4.0	
15.0	0.0	2.0	313.0	313.0	331.0	18.0	94.0	5.0	13.0	1.0	
16.0	0.0	2.0	337.0	337.0	355.0	18.0	97.0	5.0	9.0	3.0	
17.0	0.0	2.0	313.0	313.0	331.0	18.0	81.0	5.0	3.0	4.0	
18.0	0.0	2.0	334.0	334.0	352.0	18.0	83.0	5.0	5.0	1.0	
19.0	0.0	2.0	313.0	313.0	331.0	18.0	86.0	5.0	15.0	4.0	
20.0	0.0	2.0	313.0	313.0	331.0	18.0	89.0	5.0	14.0	2.0	
21.0	0.0	2.0	313.0	313.0	331.0	18.0	92.0	5.0	10.0	4.0	
22.0	0.0	2.0	332.0	332.0	350.0	18.0	95.0	5.0	8.0	5.0	
23.0	0.0	2.0	337.0	337.0	355.0	18.0	98.0	5.0	15.0	2.0	
24.0	0.0	2.0	334.0	334.0	352.0	18.0	81.0	5.0	3.0	4.0	
25.0	1.0	2.0	313.0	313.0	333.0	20.0	90.0	5.0	4.0	1.0	
26.0	0.0	2.0	313.0	313.0	331.0	18.0	88.0	5.0	4.0	3.0	
27.0	0.0	2.0	313.0	313.0	331.0	18.0	90.0	5.0	4.0	1.0	
28.0	0.0	2.0	332.0	332.0	350.0	18.0	95.0	5.0	8.0	5.0	
29.0	1.0	2.0	315.0	315.0	335.0	20.0	58.0	3.0	11.0	4.0	
30.0	0.0	2.0	346.0	346.0	364.0	18.0	99.0	5.0	12.0	3.0	
31.0	0.0	2.0	337.0	337.0	355.0	18.0	82.0	5.0	6.0	2.0	
32.0	0.0	2.0	328.0	328.0	346.0	18.0	87.0	5.0	5.0	5.0	
33.0	0.0	2.0	313.0	313.0	331.0	18.0	89.0	5.0	14.0	2.0	
34.0	0.0	2.0	317.0	317.0	335.0	18.0	91.0	5.0	9.0	5.0	
35.0	0.0	2.0	332.0	332.0	350.0	18.0	95.0	5.0	8.0	5.0	
36.0	1.0	2.0	334.0	334.0	354.0	20.0	74.0	4.0	1.0	3.0	
37.0	1.0	2.0	334.0	334.0	354.0	20.0	71.0	4.0	11.0	3.0	
38.0	1.0	2.0	334.0	334.0	354.0	20.0	71.0	4.0	11.0	3.0	
39.0	0.0	2.0	336.0	336.0	354.0	18.0	88.0	5.0	4.0	3.0	
40.0	0.0	2.0	313.0	313.0	331.0	18.0	89.0	5.0	14.0	2.0	
41.0	0.0	2.0	336.0	336.0	354.0	18.0	94.0	5.0	13.0	1.0	
42.0	0.0	2.0	334.0	334.0	352.0	18.0	96.0	5.0	15.0	3.0	
43.0	0.0	2.0	337.0	337.0	355.0	18.0	99.0	5.0	12.0	3.0	
44.0	1.0	2.0	335.0	335.0	355.0	20.0	60.0	3.0	3.0	3.0	
45.0	0.0	2.0	337.0	337.0	355.0	18.0	85.0	5.0	3.0	5.0	
46.0	0.0	2.0	334.0	334.0	352.0	18.0	89.0	5.0	14.0	2.0	
47.0	0.0	2.0	313.0	313.0	331.0	18.0	90.0	5.0	4.0	1.0	
48.0	1.0	2.0	334.0	334.0	354.0	20.0	71.0	4.0	11.0	3.0	
49.0	0.0	2.0	337.0	337.0	355.0	18.0	97.0	5.0	9.0	3.0	
50.0	0.0	2.0	351.0	351.0	369.0	18.0	99.0	5.0	12.0	3.0	
51.0	0.0	2.0	337.0	337.0	355.0	18.0	82.0	5.0	6.0	2.0	
52.0	0.0	2.0	337.0	337.0	355.0	18.0	85.0	5.0	3.0	5.0	
53.0	0.0	2.0	313.0	313.0	331.0	18.0	90.0	5.0	4.0	1.0	
54.0	1.0	2.0	311.0	311.0	331.0	20.0	67.0	4.0	3.0	3.0	
55.0	0.0	2.0	337.0	337.0	355.0	18.0	95.0	5.0	8.0	5.0	
56.0	0.0	2.0	337.0	337.0	355.0	18.0	97.0	5.0	9.0	3.0	
57.0	0.0	2.0	337.0	337.0	355.0	18.0	82.0	5.0	6.0	2.0	
58.0	0.0	2.0	351.0	351.0	369.0	18.0	84.0	5.0	12.0	2.0	
59.0	0.0	2.0	337.0	337.0	355.0	18.0	86.0	5.0	15.0	4.0	
60.0	0.0	2.0	313.0	313.0	331.0	18.0	90.0	5.0	4.0	1.0	
61.0	0.0	2.0	337.0	337.0	355.0	18.0	93.0	5.0	4.0	5.0	
62.0	0.0	2.0	337.0	337.0	355.0	18.0	96.0	5.0	15.0	3.0	
63.0	1.0	2.0	313.0	313.0	333.0	20.0	62.0	4.0	7.0	4.0	
64.0	0.0	2.0	346.0	346.0	364.0	18.0	82.0	5.0	6.0	2.0	
65.0	1.0	2.0	334.0	334.0	354.0	20.0	68.0	4.0	5.0	3.0	
66.0	0.0	2.0	346.0	346.0	365.0	19.0	89.0	5.0	14.0	2.0	
67.0	0.0	2.0	313.0	313.0	331.0	18.0	90.0	5.0	4.0	1.0	
68.0	0.0	2.0	337.0	337.0	355.0	18.0	93.0	5.0	4.0	5.0	
69.0	0.0	2.0	338.0	338.0	356.0	18.0	96.0	5.0	15.0	3.0	
70.0	1.0	2.0	334.0	334.0	354.0	20.0	61.0	4.0	12.0	4.0	
71.0	0.0	2.0	351.0	351.0	369.0	18.0	83.0	5.0	5.0	1.0	
72.0	0.0	2.0	346.0	346.0	364.0	18.0	86.0	5.0	15.0	4.0	
73.0	0.0	2.0	333.0	333.0	351.0	18.0	90.0	5.0	4.0	1.0	
74.0	0.0	2.0	328.0	328.0	346.0	18.0	91.0	5.0	9.0	5.0	
75.0	0.0	2.0	338.0	338.0	356.0	18.0	96.0	5.0	15.0	3.0	
76.0	1.0	2.0	351.0	351.0	371.0	20.0	86.0	5.0	15.0	4.0	
77.0	0.0	2.0	351.0	351.0	369.0	18.0	100.0	5.0	14.0	1.0	
78.0	0.0	2.0	355.0	355.0	373.0	18.0	83.0	5.0	5.0	1.0	
79.0	0.0	2.0	346.0	346.0	364.0	18.0	86.0	5.0	15.0	4.0	
80.0	0.0	2.0	339.0	339.0	357.0	18.0	90.0	5.0	4.0	1.0	
81.0	0.0	2.0	346.0	346.0	364.0	18.0	92.0	5.0	10.0	4.0	
82.0	0.0	2.0	350.0	350.0	368.0	18.0	95.0	5.0	8.0	5.0	
83.0	0.0	2.0	351.0	351.0	369.0	18.0	99.0	5.0	12.0	3.0	
84.0	0.0	2.0	351.0	351.0	369.0	18.0	81.0	5.0	3.0	4.0	
85.0	0.0	2.0	351.0	351.0	369.0	18.0	86.0	5.0	15.0	4.0	
86.0	1.0	2.0	337.0	337.0	357.0	20.0	77.0	4.0	8.0	2.0	
87.0	0.0	2.0	346.0	346.0	365.0	19.0	92.0	5.0	10.0	4.0	
88.0	0.0	2.0	346.0	346.0	364.0	18.0	94.0	5.0	13.0	1.0	
89.0	0.0	2.0	355.0	355.0	373.0	18.0	96.0	5.0	15.0	3.0	
90.0	0.0	2.0	355.0	355.0	373.0	18.0	100.0	5.0	14.0	1.0	
91.0	0.0	2.0	360.0	360.0	378.0	18.0	83.0	5.0	5.0	1.0	
92.0	0.0	2.0	351.0	351.0	369.0	18.0	87.0	5.0	5.0	5.0	
93.0	0.0	2.0	346.0	346.0	365.0	19.0	89.0	5.0	14.0	2.0	
94.0	0.0	2.0	350.0	350.0	368.0	18.0	91.0	5.0	9.0	5.0	
95.0	1.0	2.0	354.0	354.0	374.0	20.0	56.0	3.0	13.0	5.0	
96.0	1.0	2.0	338.0	338.0	358.0	20.0	79.0	4.0	7.0	3.0	
97.0	1.0	2.0	356.0	356.0	376.0	20.0	94.0	5.0	13.0	1.0	
98.0	0.0	2.0	355.0	355.0	373.0	18.0	85.0	5.0	3.0	5.0	
99.0	1.0	2.0	334.0	334.0	354.0	20.0	74.0	4.0	1.0	3.0	
100.0	0.0	2.0	348.0	348.0	366.0	18.0	90.0	5.0	4.0	1.0	
101.0	0.0	2.0	356.0	356.0	374.0	18.0	92.0	5.0	10.0	4.0	
102.0	1.0	2.0	354.0	354.0	374.0	20.0	71.0	4.0	11.0	3.0	
103.0	1.0	2.0	334.0	334.0	354.0	20.0	68.0	4.0	5.0	3.0	
104.0	1.0	2.0	351.0	351.0	371.0	20.0	73.0	4.0	13.0	3.0	
105.0	0.0	2.0	355.0	355.0	373.0	18.0	86.0	5.0	15.0	4.0	
106.0	0.0	2.0	351.0	351.0	369.0	18.0	88.0	5.0	4.0	3.0	
107.0	0.0	2.0	357.0	357.0	375.0	18.0	92.0	5.0	10.0	4.0	
108.0	1.0	2.0	359.0	359.0	379.0	20.0	10.0	1.0	15.0	1.0	
109.0	0.0	2.0	352.0	352.0	370.0	18.0	97.0	5.0	9.0	3.0	
110.0	1.0	2.0	359.0	359.0	379.0	20.0	51.0	3.0	2.0	3.0	
111.0	1.0	2.0	351.0	351.0	371.0	20.0	67.0	4.0	3.0	3.0	
112.0	1.0	2.0	354.0	354.0	374.0	20.0	59.0	3.0	9.0	4.0	
113.0	0.0	2.0	351.0	351.0	369.0	18.0	89.0	5.0	14.0	2.0	
114.0	1.0	2.0	359.0	359.0	379.0	20.0	55.0	3.0	6.0	4.0	
115.0	0.0	2.0	356.0	356.0	374.0	18.0	96.0	5.0	15.0	3.0	
116.0	1.0	2.0	354.0	354.0	374.0	20.0	57.0	3.0	14.0	3.0	
117.0	0.0	2.0	352.0	352.0	370.0	18.0	82.0	5.0	6.0	2.0	
118.0	1.0	2.0	335.0	335.0	355.0	20.0	46.0	3.0	14.0	3.0	
119.0	1.0	2.0	334.0	334.0	354.0	20.0	69.0	4.0	12.0	2.0	
120.0	1.0	2.0	359.0	359.0	379.0	20.0	1.0	1.0	11.0	3.0	
121.0	1.0	2.0	351.0	351.0	371.0	20.0	73.0	4.0	13.0	3.0	
122.0	0.0	2.0	355.0	355.0	373.0	18.0	97.0	5.0	9.0	3.0	
123.0	1.0	2.0	334.0	334.0	354.0	20.0	66.0	4.0	12.0	5.0	
124.0	0.0	2.0	355.0	355.0	373.0	18.0	82.0	5.0	6.0	2.0	
125.0	0.0	2.0	355.0	355.0	373.0	18.0	86.0	5.0	15.0	4.0	
126.0	1.0	2.0	355.0	356.0	376.0	20.0	56.0	3.0	13.0	5.0	
127.0	0.0	2.0	360.0	360.0	378.0	18.0	91.0	5.0	9.0	5.0	
128.0	0.0	2.0	360.0	360.0	378.0	18.0	93.0	5.0	4.0	5.0	
129.0	1.0	2.0	354.0	354.0	374.0	20.0	61.0	4.0	12.0	4.0	
130.0	0.0	2.0	360.0	360.0	378.0	18.0	99.0	5.0	12.0	3.0	
131.0	0.0	2.0	360.0	360.0	378.0	18.0	82.0	5.0	6.0	2.0	
132.0	0.0	2.0	355.0	355.0	373.0	18.0	86.0	5.0	15.0	4.0	
133.0	1.0	2.0	335.0	335.0	355.0	20.0	49.0	3.0	12.0	1.0	
134.0	0.0	2.0	360.0	360.0	378.0	18.0	91.0	5.0	9.0	5.0	
135.0	0.0	2.0	356.0	356.0	374.0	18.0	96.0	5.0	15.0	3.0	
136.0	0.0	2.0	355.0	355.0	373.0	18.0	98.0	5.0	15.0	2.0	
137.0	1.0	2.0	315.0	315.0	335.0	20.0	58.0	3.0	11.0	4.0	
138.0	0.0	2.0	360.0	360.0	378.0	18.0	84.0	5.0	12.0	2.0	
139.0	1.0	2.0	357.0	357.0	377.0	20.0	77.0	4.0	8.0	2.0	
140.0	0.0	2.0	360.0	360.0	378.0	18.0	90.0	5.0	4.0	1.0	
141.0	0.0	2.0	360.0	360.0	378.0	18.0	94.0	5.0	13.0	1.0	
142.0	1.0	2.0	315.0	315.0	335.0	20.0	55.0	3.0	6.0	4.0	
143.0	0.0	2.0	355.0	355.0	373.0	18.0	99.0	5.0	12.0	3.0	
144.0	0.0	2.0	355.0	355.0	373.0	18.0	82.0	5.0	6.0	2.0	
145.0	1.0	2.0	334.0	334.0	354.0	20.0	65.0	4.0	11.0	2.0	
146.0	0.0	2.0	360.0	360.0	378.0	18.0	88.0	5.0	4.0	3.0	
147.0	1.0	2.0	354.0	354.0	374.0	20.0	77.0	4.0	8.0	2.0	
148.0	0.0	2.0	355.0	355.0	373.0	18.0	93.0	5.0	4.0	5.0	
149.0	0.0	2.0	355.0	355.0	373.0	18.0	96.0	5.0	15.0	3.0	
150.0	1.0	2.0	334.0	334.0	354.0	20.0	76.0	4.0	6.0	4.0	
151.0	0.0	2.0	355.0	355.0	373.0	18.0	82.0	5.0	6.0	2.0	
152.0	0.0	2.0	355.0	355.0	373.0	18.0	85.0	5.0	3.0	5.0	
153.0	1.0	2.0	315.0	315.0	335.0	20.0	60.0	3.0	3.0	3.0	
154.0	0.0	2.0	355.0	355.0	373.0	18.0	93.0	5.0	4.0	5.0	
155.0	0.0	2.0	355.0	355.0	373.0	18.0	95.0	5.0	8.0	5.0	
156.0	0.0	2.0	355.0	355.0	373.0	18.0	97.0	5.0	9.0	3.0	
157.0	0.0	2.0	360.0	360.0	378.0	18.0	100.0	5.0	14.0	1.0	
158.0	0.0	2.0	355.0	355.0	373.0	18.0	85.0	5.0	3.0	5.0	
159.0	0.0	2.0	355.0	355.0	373.0	18.0	86.0	5.0	15.0	4.0	
160.0	1.0	2.0	335.0	335.0	355.0	20.0	31.0	2.0	8.0	1.0	
161.0	0.0	2.0	360.0	360.0	378.0	18.0	92.0	5.0	10.0	4.0	
162.0	0.0	2.0	355.0	355.0	373.0	18.0	97.0	5.0	9.0	3.0	
163.0	0.0	2.0	360.0	360.0	378.0	18.0	100.0	5.0	14.0	1.0	
164.0	1.0	2.0	334.0	334.0	354.0	20.0	77.0	4.0	8.0	2.0	
165.0	0.0	2.0	360.0	360.0	378.0	18.0	85.0	5.0	3.0	5.0	
166.0	1.0	2.0	358.0	358.0	378.0	20.0	75.0	4.0	8.0	5.0	
167.0	1.0	2.0	359.0	359.0	379.0	20.0	58.0	3.0	11.0	4.0	
168.0	0.0	2.0	360.0	360.0	378.0	18.0	94.0	5.0	13.0	1.0	
169.0	0.0	2.0	357.0	357.0	375.0	18.0	97.0	5.0	9.0	3.0	
170.0	1.0	2.0	334.0	334.0	354.0	20.0	62.0	4.0	7.0	4.0	
171.0	0.0	2.0	343.0	343.0	361.0	18.0	82.0	5.0	6.0	2.0	
172.0	0.0	2.0	343.0	343.0	361.0	18.0	86.0	5.0	15.0	4.0	
173.0	0.0	2.0	343.0	343.0	361.0	18.0	88.0	5.0	4.0	3.0	
174.0	0.0	2.0	360.0	360.0	378.0	18.0	91.0	5.0	9.0	5.0	
175.0	1.0	2.0	356.0	356.0	376.0	20.0	9.0	1.0	15.0	5.0	
176.0	0.0	2.0	360.0	360.0	378.0	18.0	97.0	5.0	9.0	3.0	
177.0	0.0	2.0	360.0	360.0	378.0	18.0	82.0	5.0	6.0	2.0	
178.0	0.0	2.0	343.0	343.0	361.0	18.0	84.0	5.0	12.0	2.0	
179.0	1.0	2.0	355.0	355.0	375.0	20.0	71.0	4.0	11.0	3.0	
180.0	0.0	2.0	360.0	360.0	378.0	18.0	90.0	5.0	4.0	1.0	
181.0	0.0	2.0	364.0	364.0	382.0	18.0	94.0	5.0	13.0	1.0	
182.0	1.0	2.0	351.0	351.0	371.0	20.0	65.0	4.0	11.0	2.0	
183.0	0.0	2.0	362.0	362.0	380.0	18.0	100.0	5.0	14.0	1.0	
184.0	0.0	2.0	362.0	362.0	380.0	18.0	81.0	5.0	3.0	4.0	
185.0	1.0	2.0	355.0	355.0	375.0	20.0	76.0	4.0	6.0	4.0	
186.0	0.0	2.0	360.0	360.0	378.0	18.0	88.0	5.0	4.0	3.0	
187.0	0.0	2.0	348.0	348.0	366.0	18.0	90.0	5.0	4.0	1.0	
188.0	1.0	2.0	334.0	334.0	354.0	20.0	72.0	4.0	11.0	2.0	
189.0	0.0	2.0	334.0	334.0	352.0	18.0	97.0	5.0	9.0	3.0	
190.0	0.0	2.0	364.0	364.0	382.0	18.0	81.0	5.0	3.0	4.0	
191.0	0.0	2.0	334.0	334.0	352.0	18.0	82.0	5.0	6.0	2.0	
192.0	1.0	2.0	351.0	351.0	371.0	20.0	62.0	4.0	7.0	4.0	
193.0	1.0	2.0	354.0	354.0	374.0	20.0	65.0	4.0	11.0	2.0	
194.0	1.0	2.0	336.0	336.0	356.0	20.0	71.0	4.0	11.0	3.0	
195.0	1.0	2.0	359.0	359.0	379.0	20.0	74.0	4.0	1.0	3.0	
196.0	0.0	2.0	362.0	362.0	380.0	18.0	97.0	5.0	9.0	3.0	
197.0	1.0	2.0	361.0	361.0	381.0	20.0	57.0	3.0	14.0	3.0	
198.0	0.0	2.0	360.0	360.0	378.0	18.0	85.0	5.0	3.0	5.0	
199.0	0.0	2.0	360.0	360.0	378.0	18.0	86.0	5.0	15.0	4.0	
200.0	1.0	2.0	330.0	330.0	350.0	20.0	76.0	4.0	6.0	4.0	
201.0	1.0	2.0	354.0	354.0	374.0	20.0	69.0	4.0	12.0	2.0	
202.0	1.0	2.0	354.0	354.0	374.0	20.0	68.0	4.0	5.0	3.0	
203.0	1.0	2.0	363.0	363.0	383.0	20.0	48.0	3.0	13.0	4.0	
204.0	1.0	2.0	356.0	356.0	376.0	20.0	15.0	1.0	11.0	1.0	
205.0	1.0	2.0	353.0	353.0	373.0	20.0	80.0	4.0	3.0	1.0	
206.0	0.0	2.0	361.0	361.0	379.0	18.0	87.0	5.0	5.0	5.0	
207.0	1.0	2.0	356.0	356.0	376.0	20.0	69.0	4.0	12.0	2.0	
208.0	1.0	2.0	355.0	355.0	375.0	20.0	61.0	4.0	12.0	4.0	
209.0	0.0	2.0	360.0	360.0	378.0	18.0	96.0	5.0	15.0	3.0	
210.0	0.0	2.0	364.0	364.0	382.0	18.0	100.0	5.0	14.0	1.0	
211.0	0.0	2.0	364.0	364.0	382.0	18.0	82.0	5.0	6.0	2.0	
212.0	1.0	2.0	334.0	334.0	354.0	20.0	80.0	4.0	3.0	1.0	
213.0	0.0	2.0	361.0	361.0	379.0	18.0	88.0	5.0	4.0	3.0	
214.0	1.0	2.0	358.0	358.0	378.0	20.0	77.0	4.0	8.0	2.0	
215.0	1.0	2.0	357.0	357.0	377.0	20.0	79.0	4.0	7.0	3.0	
216.0	1.0	2.0	357.0	357.0	377.0	20.0	80.0	4.0	3.0	1.0	
217.0	0.0	2.0	361.0	361.0	379.0	18.0	82.0	5.0	6.0	2.0	
218.0	0.0	2.0	361.0	361.0	379.0	18.0	84.0	5.0	12.0	2.0	
219.0	0.0	2.0	360.0	360.0	378.0	18.0	86.0	5.0	15.0	4.0	
220.0	1.0	2.0	356.0	356.0	376.0	20.0	53.0	3.0	12.0	3.0	
221.0	0.0	2.0	365.0	365.0	383.0	18.0	92.0	5.0	10.0	4.0	
222.0	0.0	2.0	360.0	360.0	378.0	18.0	95.0	5.0	8.0	5.0	
223.0	0.0	2.0	364.0	364.0	382.0	18.0	99.0	5.0	12.0	3.0	
224.0	0.0	2.0	370.0	370.0	388.0	18.0	82.0	5.0	6.0	2.0	
225.0	1.0	2.0	353.0	353.0	373.0	20.0	58.0	3.0	11.0	4.0	
226.0	1.0	2.0	355.0	355.0	375.0	20.0	70.0	4.0	11.0	5.0	
227.0	1.0	2.0	334.0	334.0	354.0	20.0	68.0	4.0	5.0	3.0	
228.0	0.0	2.0	362.0	362.0	380.0	18.0	95.0	5.0	8.0	5.0	
229.0	1.0	2.0	356.0	356.0	376.0	20.0	20.0	1.0	4.0	5.0	
230.0	0.0	2.0	334.0	334.0	352.0	18.0	70.0	4.0	11.0	5.0	
231.0	1.0	2.0	351.0	351.0	371.0	20.0	61.0	4.0	12.0	4.0	
232.0	0.0	2.0	334.0	334.0	352.0	18.0	77.0	4.0	8.0	2.0	
233.0	0.0	2.0	368.0	368.0	386.0	18.0	79.0	4.0	7.0	3.0	
234.0	0.0	2.0	351.0	351.0	369.0	18.0	62.0	4.0	7.0	4.0	
235.0	0.0	2.0	334.0	334.0	352.0	18.0	67.0	4.0	3.0	3.0	
236.0	0.0	2.0	334.0	334.0	352.0	18.0	68.0	4.0	5.0	3.0	
237.0	0.0	2.0	334.0	334.0	352.0	18.0	72.0	4.0	11.0	2.0	
238.0	1.0	2.0	296.0	296.0	316.0	20.0	88.0	5.0	4.0	3.0	
239.0	0.0	2.0	296.0	296.0	314.0	18.0	77.0	4.0	8.0	2.0	
240.0	0.0	2.0	296.0	296.0	314.0	18.0	80.0	4.0	3.0	1.0	
241.0	0.0	2.0	296.0	296.0	314.0	18.0	63.0	4.0	15.0	1.0	
242.0	0.0	2.0	334.0	334.0	352.0	18.0	67.0	4.0	3.0	3.0	
243.0	0.0	2.0	338.0	338.0	356.0	18.0	69.0	4.0	12.0	2.0	
244.0	0.0	2.0	353.0	353.0	371.0	18.0	72.0	4.0	11.0	2.0	
245.0	0.0	2.0	334.0	334.0	352.0	18.0	77.0	4.0	8.0	2.0	
246.0	1.0	2.0	296.0	296.0	316.0	20.0	93.0	5.0	4.0	5.0	
247.0	0.0	2.0	358.0	358.0	376.0	18.0	62.0	4.0	7.0	4.0	
248.0	1.0	2.0	296.0	296.0	316.0	20.0	92.0	5.0	10.0	4.0	
249.0	0.0	2.0	355.0	355.0	373.0	18.0	68.0	4.0	5.0	3.0	
250.0	0.0	2.0	353.0	353.0	371.0	18.0	70.0	4.0	11.0	5.0	
251.0	1.0	2.0	354.0	354.0	374.0	20.0	51.0	3.0	2.0	3.0	
252.0	1.0	2.0	296.0	296.0	316.0	20.0	89.0	5.0	14.0	2.0	
253.0	1.0	2.0	366.0	366.0	386.0	20.0	99.0	5.0	12.0	3.0	
254.0	0.0	2.0	311.0	311.0	329.0	18.0	64.0	4.0	4.0	2.0	
255.0	0.0	2.0	351.0	351.0	369.0	18.0	65.0	4.0	11.0	2.0	
256.0	0.0	2.0	358.0	358.0	376.0	18.0	70.0	4.0	11.0	5.0	
257.0	0.0	2.0	354.0	354.0	372.0	18.0	72.0	4.0	11.0	2.0	
258.0	0.0	2.0	357.0	357.0	375.0	18.0	75.0	4.0	8.0	5.0	
259.0	1.0	2.0	296.0	296.0	316.0	20.0	84.0	5.0	12.0	2.0	
260.0	0.0	2.0	311.0	311.0	329.0	18.0	62.0	4.0	7.0	4.0	
261.0	0.0	2.0	351.0	351.0	369.0	18.0	64.0	4.0	4.0	2.0	
262.0	0.0	2.0	351.0	351.0	369.0	18.0	66.0	4.0	12.0	5.0	
263.0	1.0	2.0	355.0	355.0	375.0	20.0	78.0	4.0	8.0	1.0	
264.0	0.0	2.0	357.0	357.0	375.0	18.0	73.0	4.0	13.0	3.0	
265.0	0.0	2.0	365.0	365.0	383.0	18.0	76.0	4.0	6.0	4.0	
266.0	0.0	2.0	311.0	311.0	329.0	18.0	78.0	4.0	8.0	1.0	
267.0	0.0	2.0	358.0	358.0	376.0	18.0	63.0	4.0	15.0	1.0	
268.0	0.0	2.0	353.0	353.0	371.0	18.0	65.0	4.0	11.0	2.0	
269.0	0.0	2.0	353.0	353.0	371.0	18.0	69.0	4.0	12.0	2.0	
270.0	1.0	2.0	315.0	315.0	335.0	20.0	51.0	3.0	2.0	3.0	
271.0	1.0	2.0	296.0	296.0	316.0	20.0	92.0	5.0	10.0	4.0	
272.0	0.0	2.0	368.0	368.0	386.0	18.0	76.0	4.0	6.0	4.0	
273.0	1.0	2.0	368.0	368.0	388.0	20.0	98.0	5.0	15.0	2.0	
274.0	0.0	2.0	355.0	355.0	373.0	18.0	64.0	4.0	4.0	2.0	
275.0	0.0	2.0	354.0	354.0	372.0	18.0	66.0	4.0	12.0	5.0	
276.0	0.0	2.0	359.0	359.0	377.0	18.0	68.0	4.0	5.0	3.0	
277.0	1.0	2.0	296.0	296.0	316.0	20.0	99.0	5.0	12.0	3.0	
278.0	1.0	2.0	296.0	296.0	316.0	20.0	94.0	5.0	13.0	1.0	
279.0	0.0	2.0	369.0	369.0	387.0	18.0	77.0	4.0	8.0	2.0	
280.0	1.0	2.0	296.0	296.0	316.0	20.0	91.0	5.0	9.0	5.0	
281.0	1.0	2.0	296.0	296.0	316.0	20.0	96.0	5.0	15.0	3.0	
282.0	0.0	2.0	360.0	360.0	378.0	18.0	66.0	4.0	12.0	5.0	
283.0	0.0	2.0	369.0	369.0	387.0	18.0	71.0	4.0	11.0	3.0	
284.0	0.0	2.0	358.0	358.0	376.0	18.0	72.0	4.0	11.0	2.0	
285.0	1.0	2.0	361.0	361.0	381.0	20.0	86.0	5.0	15.0	4.0	
286.0	1.0	2.0	296.0	296.0	316.0	20.0	97.0	5.0	9.0	3.0	
287.0	0.0	2.0	358.0	358.0	376.0	18.0	62.0	4.0	7.0	4.0	
288.0	1.0	2.0	356.0	356.0	376.0	20.0	60.0	3.0	3.0	3.0	
289.0	0.0	2.0	371.0	371.0	389.0	18.0	69.0	4.0	12.0	2.0	
290.0	1.0	2.0	369.0	369.0	389.0	20.0	90.0	5.0	4.0	1.0	
291.0	1.0	2.0	315.0	315.0	335.0	20.0	3.0	1.0	6.0	4.0	
292.0	1.0	2.0	296.0	296.0	316.0	20.0	100.0	5.0	14.0	1.0	
293.0	0.0	2.0	369.0	369.0	387.0	18.0	79.0	4.0	7.0	3.0	
294.0	0.0	2.0	358.0	358.0	376.0	18.0	63.0	4.0	15.0	1.0	
295.0	1.0	2.0	349.0	349.0	369.0	20.0	75.0	4.0	8.0	5.0	
296.0	1.0	2.0	361.0	361.0	381.0	20.0	62.0	4.0	7.0	4.0	
297.0	0.0	2.0	368.0	368.0	386.0	18.0	73.0	4.0	13.0	3.0	
298.0	1.0	2.0	296.0	296.0	316.0	20.0	88.0	5.0	4.0	3.0	
299.0	1.0	2.0	364.0	364.0	385.0	21.0	47.0	3.0	15.0	5.0	
300.0	0.0	2.0	368.0	368.0	386.0	18.0	62.0	4.0	7.0	4.0	
301.0	1.0	2.0	296.0	296.0	316.0	20.0	85.0	5.0	3.0	5.0	
302.0	0.0	2.0	373.0	373.0	391.0	18.0	68.0	4.0	5.0	3.0	
303.0	1.0	2.0	370.0	370.0	390.0	20.0	46.0	3.0	14.0	3.0	
304.0	0.0	2.0	360.0	360.0	378.0	18.0	74.0	4.0	1.0	3.0	
305.0	0.0	2.0	369.0	369.0	387.0	18.0	75.0	4.0	8.0	5.0	
306.0	1.0	2.0	370.0	370.0	390.0	20.0	28.0	2.0	8.0	1.0	
307.0	0.0	2.0	359.0	359.0	377.0	18.0	63.0	4.0	15.0	1.0	
308.0	1.0	2.0	296.0	296.0	316.0	20.0	84.0	5.0	12.0	2.0	
309.0	1.0	2.0	336.0	336.0	356.0	20.0	83.0	5.0	5.0	1.0	
310.0	0.0	2.0	336.0	336.0	354.0	18.0	71.0	4.0	11.0	3.0	
311.0	0.0	2.0	368.0	368.0	386.0	18.0	74.0	4.0	1.0	3.0	
312.0	0.0	2.0	336.0	336.0	354.0	18.0	77.0	4.0	8.0	2.0	
313.0	0.0	2.0	336.0	336.0	354.0	18.0	79.0	4.0	7.0	3.0	
314.0	0.0	2.0	336.0	336.0	354.0	18.0	64.0	4.0	4.0	2.0	
315.0	1.0	2.0	296.0	296.0	316.0	20.0	87.0	5.0	5.0	5.0	
316.0	0.0	2.0	336.0	336.0	354.0	18.0	69.0	4.0	12.0	2.0	
317.0	0.0	2.0	336.0	336.0	354.0	18.0	72.0	4.0	11.0	2.0	
318.0	0.0	2.0	368.0	368.0	386.0	18.0	74.0	4.0	1.0	3.0	
319.0	0.0	2.0	369.0	369.0	387.0	18.0	77.0	4.0	8.0	2.0	
320.0	0.0	2.0	336.0	336.0	354.0	18.0	61.0	4.0	12.0	4.0	
321.0	1.0	2.0	336.0	336.0	356.0	20.0	48.0	3.0	13.0	4.0	
322.0	1.0	2.0	296.0	296.0	316.0	20.0	83.0	5.0	5.0	1.0	
323.0	1.0	2.0	296.0	296.0	316.0	20.0	93.0	5.0	4.0	5.0	
324.0	1.0	2.0	336.0	336.0	356.0	20.0	50.0	3.0	9.0	1.0	
325.0	1.0	2.0	371.0	371.0	391.0	20.0	43.0	3.0	13.0	1.0	
326.0	1.0	2.0	296.0	296.0	316.0	20.0	81.0	5.0	3.0	4.0	
327.0	0.0	2.0	336.0	336.0	354.0	18.0	61.0	4.0	12.0	4.0	
328.0	1.0	2.0	296.0	296.0	316.0	20.0	83.0	5.0	5.0	1.0	
329.0	0.0	2.0	336.0	336.0	354.0	18.0	69.0	4.0	12.0	2.0	
330.0	1.0	2.0	368.0	368.0	388.0	20.0	47.0	3.0	15.0	5.0	
331.0	0.0	2.0	368.0	368.0	386.0	18.0	73.0	4.0	13.0	3.0	
332.0	1.0	2.0	296.0	296.0	316.0	20.0	94.0	5.0	13.0	1.0	
333.0	0.0	2.0	368.0	368.0	386.0	18.0	61.0	4.0	12.0	4.0	
334.0	0.0	2.0	361.0	361.0	379.0	18.0	64.0	4.0	4.0	2.0	
335.0	0.0	2.0	357.0	357.0	375.0	18.0	65.0	4.0	11.0	2.0	
336.0	1.0	2.0	296.0	296.0	316.0	20.0	97.0	5.0	9.0	3.0	
337.0	1.0	2.0	296.0	296.0	316.0	20.0	95.0	5.0	8.0	5.0	
338.0	0.0	2.0	355.0	355.0	373.0	18.0	74.0	4.0	1.0	3.0	
339.0	0.0	2.0	372.0	372.0	390.0	18.0	79.0	4.0	7.0	3.0	
340.0	0.0	2.0	369.0	369.0	387.0	18.0	61.0	4.0	12.0	4.0	
341.0	0.0	2.0	363.0	363.0	381.0	18.0	64.0	4.0	4.0	2.0	
342.0	1.0	2.0	355.0	355.0	375.0	20.0	45.0	3.0	5.0	4.0	
343.0	0.0	2.0	355.0	355.0	373.0	18.0	70.0	4.0	11.0	5.0	
344.0	1.0	2.0	296.0	296.0	316.0	20.0	91.0	5.0	9.0	5.0	
345.0	1.0	2.0	336.0	336.0	356.0	20.0	60.0	3.0	3.0	3.0	
346.0	0.0	2.0	369.0	369.0	387.0	18.0	80.0	4.0	3.0	1.0	
347.0	1.0	2.0	336.0	336.0	356.0	20.0	92.0	5.0	10.0	4.0	
348.0	1.0	2.0	315.0	315.0	335.0	20.0	13.0	1.0	3.0	1.0	
349.0	0.0	2.0	374.0	374.0	392.0	18.0	67.0	4.0	3.0	3.0	
350.0	1.0	2.0	336.0	336.0	356.0	20.0	53.0	3.0	12.0	3.0	
351.0	0.0	2.0	368.0	368.0	386.0	18.0	74.0	4.0	1.0	3.0	
352.0	1.0	2.0	372.0	372.0	392.0	20.0	52.0	3.0	4.0	3.0	
353.0	1.0	2.0	371.0	371.0	391.0	20.0	45.0	3.0	5.0	4.0	
354.0	1.0	2.0	296.0	296.0	316.0	20.0	96.0	5.0	15.0	3.0	
355.0	0.0	2.0	371.0	371.0	389.0	18.0	65.0	4.0	11.0	2.0	
356.0	1.0	2.0	362.0	362.0	382.0	20.0	91.0	5.0	9.0	5.0	
357.0	1.0	2.0	353.0	353.0	373.0	20.0	38.0	2.0	5.0	5.0	
358.0	0.0	2.0	372.0	372.0	390.0	18.0	75.0	4.0	8.0	5.0	
359.0	0.0	2.0	353.0	353.0	371.0	18.0	77.0	4.0	8.0	2.0	
360.0	0.0	2.0	353.0	353.0	371.0	18.0	80.0	4.0	3.0	1.0	
361.0	1.0	2.0	296.0	296.0	316.0	20.0	82.0	5.0	6.0	2.0	
362.0	1.0	2.0	296.0	296.0	316.0	20.0	98.0	5.0	15.0	2.0	
363.0	1.0	2.0	353.0	353.0	373.0	20.0	25.0	2.0	12.0	2.0	
364.0	0.0	2.0	371.0	371.0	389.0	18.0	72.0	4.0	11.0	2.0	
365.0	0.0	2.0	372.0	372.0	390.0	18.0	76.0	4.0	6.0	4.0	
366.0	1.0	2.0	336.0	336.0	356.0	20.0	21.0	2.0	9.0	1.0	
367.0	1.0	2.0	296.0	296.0	316.0	20.0	94.0	5.0	13.0	1.0	
368.0	0.0	2.0	372.0	372.0	390.0	18.0	65.0	4.0	11.0	2.0	
369.0	0.0	2.0	353.0	353.0	371.0	18.0	68.0	4.0	5.0	3.0	
370.0	1.0	2.0	296.0	296.0	316.0	20.0	85.0	5.0	3.0	5.0	
371.0	1.0	2.0	336.0	336.0	356.0	20.0	41.0	3.0	15.0	4.0	
372.0	0.0	2.0	372.0	372.0	390.0	18.0	76.0	4.0	6.0	4.0	
373.0	0.0	2.0	319.0	319.0	337.0	18.0	61.0	4.0	12.0	4.0	
374.0	0.0	2.0	373.0	373.0	391.0	18.0	64.0	4.0	4.0	2.0	
375.0	0.0	2.0	372.0	372.0	390.0	18.0	66.0	4.0	12.0	5.0	
376.0	1.0	2.0	296.0	296.0	316.0	20.0	97.0	5.0	9.0	3.0	
377.0	1.0	2.0	335.0	335.0	355.0	20.0	55.0	3.0	6.0	4.0	
378.0	0.0	2.0	373.0	373.0	391.0	18.0	74.0	4.0	1.0	3.0	
379.0	0.0	2.0	353.0	353.0	371.0	18.0	79.0	4.0	7.0	3.0	
380.0	1.0	2.0	336.0	336.0	356.0	20.0	94.0	5.0	13.0	1.0	
381.0	1.0	2.0	353.0	353.0	373.0	20.0	29.0	2.0	2.0	5.0	
382.0	0.0	2.0	315.0	315.0	333.0	18.0	57.0	3.0	14.0	3.0	
383.0	0.0	2.0	315.0	315.0	333.0	18.0	42.0	3.0	4.0	1.0	
384.0	1.0	2.0	296.0	296.0	316.0	20.0	96.0	5.0	15.0	3.0	
385.0	0.0	2.0	347.0	347.0	365.0	18.0	46.0	3.0	14.0	3.0	
386.0	0.0	2.0	336.0	336.0	354.0	18.0	51.0	3.0	2.0	3.0	
387.0	0.0	2.0	336.0	336.0	354.0	18.0	54.0	3.0	10.0	5.0	
388.0	0.0	2.0	315.0	315.0	333.0	18.0	56.0	3.0	13.0	5.0	
389.0	0.0	2.0	335.0	335.0	353.0	18.0	58.0	3.0	11.0	4.0	
390.0	0.0	2.0	336.0	336.0	354.0	18.0	43.0	3.0	13.0	1.0	
391.0	1.0	2.0	296.0	296.0	316.0	20.0	98.0	5.0	15.0	2.0	
392.0	1.0	2.0	332.0	332.0	352.0	20.0	31.0	2.0	8.0	1.0	
393.0	0.0	2.0	332.0	332.0	350.0	18.0	52.0	3.0	4.0	3.0	
394.0	0.0	2.0	336.0	336.0	354.0	18.0	54.0	3.0	10.0	5.0	
395.0	0.0	2.0	335.0	335.0	353.0	18.0	58.0	3.0	11.0	4.0	
396.0	0.0	2.0	336.0	336.0	354.0	18.0	59.0	3.0	9.0	4.0	
397.0	0.0	2.0	336.0	336.0	354.0	18.0	43.0	3.0	13.0	1.0	
398.0	0.0	2.0	336.0	336.0	354.0	18.0	45.0	3.0	5.0	4.0	
399.0	0.0	2.0	359.0	359.0	377.0	18.0	50.0	3.0	9.0	1.0	
400.0	0.0	2.0	355.0	355.0	373.0	18.0	53.0	3.0	12.0	3.0	
401.0	1.0	2.0	296.0	296.0	316.0	20.0	92.0	5.0	10.0	4.0	
402.0	1.0	2.0	296.0	296.0	316.0	20.0	87.0	5.0	5.0	5.0	
403.0	0.0	2.0	355.0	355.0	373.0	18.0	60.0	3.0	3.0	3.0	
404.0	0.0	2.0	336.0	336.0	354.0	18.0	43.0	3.0	13.0	1.0	
405.0	0.0	2.0	363.0	363.0	381.0	18.0	47.0	3.0	15.0	5.0	
406.0	1.0	2.0	296.0	296.0	316.0	20.0	97.0	5.0	9.0	3.0	
407.0	0.0	2.0	354.0	354.0	372.0	18.0	54.0	3.0	10.0	5.0	
408.0	0.0	2.0	336.0	336.0	354.0	18.0	56.0	3.0	13.0	5.0	
409.0	0.0	2.0	335.0	335.0	353.0	18.0	58.0	3.0	11.0	4.0	
410.0	1.0	2.0	355.0	355.0	375.0	20.0	57.0	3.0	14.0	3.0	
411.0	0.0	2.0	336.0	336.0	354.0	18.0	44.0	3.0	3.0	5.0	
412.0	0.0	2.0	370.0	370.0	388.0	18.0	49.0	3.0	12.0	1.0	
413.0	1.0	2.0	331.0	331.0	351.0	20.0	81.0	5.0	3.0	4.0	
414.0	0.0	2.0	355.0	355.0	373.0	18.0	55.0	3.0	6.0	4.0	
415.0	0.0	2.0	336.0	336.0	354.0	18.0	56.0	3.0	13.0	5.0	
416.0	1.0	2.0	353.0	353.0	373.0	20.0	39.0	2.0	14.0	2.0	
417.0	1.0	2.0	331.0	331.0	351.0	20.0	86.0	5.0	15.0	4.0	
418.0	0.0	2.0	365.0	365.0	383.0	18.0	46.0	3.0	14.0	3.0	
419.0	0.0	2.0	370.0	370.0	388.0	18.0	50.0	3.0	9.0	1.0	
420.0	0.0	2.0	359.0	359.0	377.0	18.0	52.0	3.0	4.0	3.0	
421.0	0.0	2.0	359.0	359.0	377.0	18.0	55.0	3.0	6.0	4.0	
422.0	1.0	2.0	315.0	315.0	335.0	20.0	22.0	2.0	6.0	2.0	
423.0	0.0	2.0	363.0	363.0	381.0	18.0	41.0	3.0	15.0	4.0	
424.0	1.0	2.0	296.0	296.0	316.0	20.0	98.0	5.0	15.0	2.0	
425.0	1.0	2.0	359.0	359.0	379.0	20.0	54.0	3.0	10.0	5.0	
426.0	0.0	2.0	315.0	315.0	333.0	18.0	49.0	3.0	12.0	1.0	
427.0	0.0	2.0	359.0	359.0	377.0	18.0	53.0	3.0	12.0	3.0	
428.0	1.0	2.0	296.0	296.0	316.0	20.0	90.0	5.0	4.0	1.0	
429.0	0.0	2.0	354.0	354.0	372.0	18.0	59.0	3.0	9.0	4.0	
430.0	1.0	2.0	315.0	315.0	335.0	20.0	49.0	3.0	12.0	1.0	
431.0	0.0	2.0	363.0	363.0	381.0	18.0	44.0	3.0	3.0	5.0	
432.0	0.0	2.0	370.0	371.0	389.0	18.0	49.0	3.0	12.0	1.0	
433.0	1.0	2.0	364.0	365.0	385.0	20.0	86.0	5.0	15.0	4.0	
434.0	1.0	2.0	315.0	315.0	335.0	20.0	58.0	3.0	11.0	4.0	
435.0	1.0	2.0	354.0	354.0	374.0	20.0	94.0	5.0	13.0	1.0	
436.0	1.0	2.0	296.0	296.0	316.0	20.0	85.0	5.0	3.0	5.0	
437.0	1.0	2.0	296.0	296.0	316.0	20.0	82.0	5.0	6.0	2.0	
438.0	1.0	2.0	319.0	319.0	339.0	20.0	70.0	4.0	11.0	5.0	
439.0	1.0	2.0	353.0	353.0	373.0	20.0	39.0	2.0	14.0	2.0	
440.0	0.0	2.0	371.0	371.0	389.0	18.0	52.0	3.0	4.0	3.0	
441.0	1.0	2.0	296.0	296.0	316.0	20.0	81.0	5.0	3.0	4.0	
442.0	0.0	2.0	315.0	315.0	333.0	18.0	59.0	3.0	9.0	4.0	
443.0	0.0	2.0	315.0	315.0	333.0	18.0	60.0	3.0	3.0	3.0	
444.0	0.0	2.0	354.0	354.0	372.0	18.0	43.0	3.0	13.0	1.0	
445.0	0.0	2.0	366.0	366.0	384.0	18.0	46.0	3.0	14.0	3.0	
446.0	1.0	2.0	353.0	353.0	373.0	20.0	30.0	2.0	14.0	1.0	
447.0	0.0	2.0	372.0	372.0	390.0	18.0	54.0	3.0	10.0	5.0	
448.0	0.0	2.0	315.0	315.0	333.0	18.0	55.0	3.0	6.0	4.0	
449.0	1.0	2.0	336.0	336.0	356.0	20.0	38.0	2.0	5.0	5.0	
450.0	1.0	2.0	315.0	315.0	335.0	20.0	31.0	2.0	8.0	1.0	
451.0	1.0	2.0	296.0	296.0	316.0	20.0	81.0	5.0	3.0	4.0	
452.0	1.0	2.0	369.0	369.0	389.0	20.0	70.0	4.0	11.0	5.0	
453.0	1.0	2.0	315.0	315.0	335.0	20.0	46.0	3.0	14.0	3.0	
454.0	0.0	2.0	373.0	373.0	391.0	18.0	53.0	3.0	12.0	3.0	
455.0	1.0	2.0	366.0	366.0	386.0	20.0	93.0	5.0	4.0	5.0	
456.0	1.0	2.0	353.0	353.0	373.0	20.0	6.0	1.0	7.0	1.0	
457.0	1.0	2.0	356.0	356.0	376.0	20.0	17.0	1.0	11.0	4.0	
458.0	1.0	2.0	353.0	353.0	373.0	20.0	19.0	1.0	13.0	4.0	
459.0	0.0	2.0	353.0	353.0	371.0	18.0	33.0	2.0	14.0	1.0	
460.0	0.0	2.0	353.0	353.0	371.0	18.0	36.0	2.0	15.0	4.0	
461.0	0.0	2.0	376.0	376.0	394.0	18.0	40.0	2.0	11.0	3.0	
462.0	0.0	2.0	353.0	353.0	371.0	18.0	21.0	2.0	9.0	1.0	
463.0	0.0	2.0	353.0	353.0	371.0	18.0	24.0	2.0	14.0	4.0	
464.0	1.0	2.0	354.0	354.0	374.0	20.0	88.0	5.0	4.0	3.0	
465.0	1.0	2.0	353.0	353.0	373.0	20.0	5.0	1.0	15.0	2.0	
466.0	0.0	2.0	353.0	353.0	371.0	18.0	34.0	2.0	14.0	1.0	
467.0	1.0	2.0	296.0	296.0	316.0	20.0	100.0	5.0	14.0	1.0	
468.0	1.0	2.0	319.0	319.0	339.0	20.0	80.0	4.0	3.0	1.0	
469.0	0.0	2.0	353.0	353.0	371.0	18.0	24.0	2.0	14.0	4.0	
470.0	0.0	2.0	387.0	387.0	405.0	18.0	25.0	2.0	12.0	2.0	
471.0	0.0	2.0	370.0	370.0	388.0	18.0	28.0	2.0	8.0	1.0	
472.0	0.0	2.0	373.0	373.0	391.0	18.0	31.0	2.0	8.0	1.0	
473.0	0.0	2.0	353.0	353.0	371.0	18.0	34.0	2.0	14.0	1.0	
474.0	0.0	2.0	353.0	353.0	371.0	18.0	37.0	2.0	5.0	2.0	
475.0	0.0	2.0	373.0	373.0	391.0	18.0	22.0	2.0	6.0	2.0	
476.0	0.0	2.0	368.0	368.0	386.0	18.0	23.0	2.0	7.0	3.0	
477.0	1.0	2.0	370.0	371.0	391.0	20.0	59.0	3.0	9.0	4.0	
478.0	1.0	2.0	373.0	373.0	393.0	20.0	85.0	5.0	3.0	5.0	
479.0	1.0	2.0	372.0	372.0	392.0	20.0	72.0	4.0	11.0	2.0	
480.0	0.0	2.0	353.0	353.0	371.0	18.0	37.0	2.0	5.0	2.0	
481.0	1.0	2.0	362.0	362.0	382.0	20.0	96.0	5.0	15.0	3.0	
482.0	0.0	2.0	386.0	386.0	404.0	18.0	23.0	2.0	7.0	3.0	
483.0	1.0	2.0	296.0	296.0	316.0	20.0	86.0	5.0	15.0	4.0	
484.0	1.0	2.0	384.0	384.0	404.0	20.0	89.0	5.0	14.0	2.0	
485.0	0.0	2.0	374.0	374.0	392.0	18.0	32.0	2.0	14.0	3.0	
486.0	1.0	2.0	372.0	372.0	392.0	20.0	43.0	3.0	13.0	1.0	
487.0	1.0	2.0	377.0	377.0	397.0	20.0	94.0	5.0	13.0	1.0	
488.0	0.0	2.0	374.0	374.0	392.0	18.0	40.0	2.0	11.0	3.0	
489.0	0.0	2.0	391.0	391.0	409.0	18.0	23.0	2.0	7.0	3.0	
490.0	1.0	2.0	379.0	379.0	399.0	20.0	84.0	5.0	12.0	2.0	
491.0	1.0	2.0	381.0	381.0	401.0	20.0	64.0	4.0	4.0	2.0	
492.0	1.0	2.0	370.0	370.0	390.0	20.0	97.0	5.0	9.0	3.0	
493.0	0.0	2.0	377.0	377.0	395.0	18.0	35.0	2.0	10.0	5.0	
494.0	1.0	2.0	371.0	371.0	391.0	20.0	86.0	5.0	15.0	4.0	
495.0	1.0	2.0	375.0	375.0	395.0	20.0	65.0	4.0	11.0	2.0	
496.0	1.0	2.0	353.0	353.0	373.0	20.0	14.0	1.0	13.0	5.0	
497.0	0.0	2.0	338.0	338.0	356.0	18.0	12.0	1.0	5.0	3.0	
498.0	0.0	2.0	315.0	315.0	333.0	18.0	16.0	1.0	14.0	2.0	
499.0	0.0	2.0	338.0	338.0	356.0	18.0	20.0	1.0	4.0	5.0	
500.0	1.0	2.0	338.0	338.0	358.0	20.0	65.0	4.0	11.0	2.0	
501.0	1.0	2.0	375.0	375.0	395.0	20.0	75.0	4.0	8.0	5.0	
502.0	1.0	2.0	296.0	296.0	316.0	20.0	82.0	5.0	6.0	2.0	
503.0	1.0	2.0	376.0	376.0	396.0	20.0	63.0	4.0	15.0	1.0	
504.0	0.0	2.0	338.0	338.0	356.0	18.0	15.0	1.0	11.0	1.0	
505.0	0.0	2.0	338.0	338.0	356.0	18.0	17.0	1.0	11.0	4.0	
506.0	0.0	2.0	376.0	376.0	394.0	18.0	20.0	1.0	4.0	5.0	
507.0	0.0	2.0	353.0	353.0	371.0	18.0	2.0	1.0	14.0	1.0	
508.0	0.0	2.0	353.0	353.0	371.0	18.0	7.0	1.0	11.0	1.0	
509.0	0.0	2.0	338.0	338.0	356.0	18.0	9.0	1.0	15.0	5.0	
510.0	1.0	2.0	369.0	369.0	389.0	20.0	56.0	3.0	13.0	5.0	
511.0	0.0	2.0	373.0	373.0	391.0	18.0	16.0	1.0	14.0	2.0	
512.0	0.0	2.0	353.0	353.0	371.0	18.0	18.0	1.0	2.0	5.0	
=====================================================================================================================================================
Map output of wordmean map task #, VM#, VM Flavour #, PM#, Rack #, Reduce1, Reduce2, etc (how much each map task produces to different reduce tasks)
=====================================================================================================================================================
1.0	94.0	13.0	13.0	7.03	10.1	7.23	11.74	7.66	8.85	8.69	4.52	7.11	6.6	5.26	10.2	7.82	5.79	7.02	7.52	
2.0	96.0	15.0	15.0	5.24	5.23	9.65	6.59	8.47	8.49	6.85	9.39	4.7	8.34	4.9	10.75	10.49	11.47	11.18	5.99	
3.0	100.0	14.0	14.0	6.21	10.09	7.19	9.69	10.02	5.55	11.54	7.2	6.44	8.69	4.97	6.42	11.41	8.54	4.49	9.6	
4.0	81.0	3.0	3.0	9.27	10.83	11.42	4.89	4.47	5.52	11.01	4.81	6.74	4.62	11.05	9.06	9.5	9.78	4.48	10.98	
5.0	86.0	15.0	15.0	10.96	5.64	8.58	11.09	7.09	9.93	5.91	11.23	4.63	4.63	5.71	7.18	9.94	7.75	7.43	11.58	
6.0	87.0	5.0	5.0	7.21	7.22	7.35	8.82	8.39	4.02	4.18	5.44	7.95	9.94	7.19	6.79	8.18	11.3	10.0	6.21	
7.0	90.0	4.0	4.0	8.66	5.64	9.7	10.14	8.0	5.11	10.33	5.02	9.77	4.84	6.82	7.5	9.66	6.54	9.19	5.49	
8.0	94.0	13.0	13.0	10.21	5.54	6.34	10.55	7.95	4.65	9.39	7.32	5.42	4.1	4.03	9.04	10.54	5.18	5.22	11.91	
9.0	96.0	15.0	15.0	7.08	11.68	4.34	5.71	11.83	7.25	8.08	6.45	4.51	6.22	9.61	11.47	6.29	9.43	10.3	4.8	
10.0	99.0	12.0	12.0	5.53	9.34	7.21	7.4	8.67	10.99	8.05	9.47	9.76	10.57	8.79	10.04	7.95	11.08	11.37	4.88	
11.0	82.0	6.0	6.0	10.1	9.57	5.5	5.51	6.07	11.6	9.12	10.85	4.8	11.29	8.05	10.89	6.72	10.91	4.61	7.52	
12.0	86.0	15.0	15.0	11.63	9.81	5.47	10.06	8.47	7.9	10.48	7.76	11.3	9.82	5.82	6.74	4.18	11.93	5.67	10.62	
13.0	88.0	4.0	4.0	11.27	6.56	5.04	6.34	4.53	11.17	4.35	11.42	11.65	6.33	8.11	8.21	10.86	10.95	10.64	4.12	
14.0	92.0	10.0	10.0	7.81	6.47	11.86	7.73	7.12	5.71	5.98	5.91	8.48	6.28	10.06	6.28	5.37	4.09	9.94	6.57	
15.0	94.0	13.0	13.0	10.5	6.42	9.67	5.92	4.62	11.26	4.45	9.73	5.21	6.26	5.2	7.38	6.02	5.73	10.37	10.78	
16.0	97.0	9.0	9.0	10.07	8.03	7.27	10.9	8.67	11.52	9.12	5.61	6.39	11.32	11.42	9.01	4.41	5.95	5.48	5.69	
17.0	81.0	3.0	3.0	7.79	4.92	5.32	11.67	7.31	11.37	4.31	6.08	7.73	11.54	10.32	11.89	11.69	8.63	4.64	4.4	
18.0	83.0	5.0	5.0	6.33	5.52	11.51	6.59	6.12	11.33	11.44	10.88	9.14	11.98	8.28	7.87	9.37	10.79	11.6	7.119062776345823	
19.0	86.0	15.0	15.0	8.7	5.37	11.44	5.66	11.54	6.2	7.0	11.41	6.87	11.05	5.08	10.6	8.39	7.12	4.74	5.79	
20.0	89.0	14.0	14.0	7.84	5.01	5.23	9.1	10.84	6.12	4.53	8.63	10.19	6.95	7.49	5.23	11.36	7.95	8.67	11.02	
21.0	92.0	10.0	10.0	9.32	5.78	7.58	6.62	6.7	7.8	9.62	7.45	6.44	7.65	4.0	7.91	8.52	8.75	8.61	8.21	
22.0	95.0	8.0	8.0	9.26	11.13	11.73	11.55	5.02	9.39	11.2	10.96	10.64	9.79	8.39	11.13	11.5	7.68	10.372727835284605	5.525067280479484	
23.0	98.0	15.0	15.0	8.83	4.96	8.36	4.24	10.83	11.47	7.31	8.93	8.41	5.59	10.83	8.15	11.84	10.59	9.15	7.34	
24.0	81.0	3.0	3.0	10.83	8.51	10.64	6.88	9.65	10.86	11.33	11.51	10.24	10.43	11.4	7.13	6.05	8.63	8.68	4.952956572347061	
25.0	90.0	4.0	4.0	9.52	5.36	11.18	10.37	10.02	7.11	8.6	4.42	11.18	10.48	6.82	6.42	8.21	10.87	5.08	9.44	
26.0	88.0	4.0	4.0	9.51	5.54	6.27	10.79	6.13	4.38	11.62	10.89	9.72	7.53	8.08	9.4	7.06	6.75	7.95	9.74	
27.0	90.0	4.0	4.0	8.6	9.52	5.13	8.54	4.9	11.21	6.16	9.36	7.56	8.19	5.42	11.95	8.53	9.27	6.35	8.28	
28.0	95.0	8.0	8.0	4.8	8.26	6.24	6.46	8.08	8.69	6.71	5.16	6.87	6.5	11.69	7.49	7.26	11.19	10.96	5.72	
29.0	58.0	11.0	11.0	10.47	10.86	11.96	7.79	6.66	8.08	4.36	4.51	8.33	11.28	6.06	7.02	6.69	5.2	9.92	8.44	
30.0	99.0	12.0	12.0	9.35	7.35	6.93	4.63	5.77	6.29	10.77	6.58	11.41	9.24	9.7	12.0	7.43	7.87	8.77	11.07	
31.0	82.0	6.0	6.0	5.84	4.2	7.34	9.1	6.8	10.39	4.24	4.76	9.94	4.77	10.68	5.72	4.78	6.81	5.53	4.16	
32.0	87.0	5.0	5.0	4.05	4.1	5.51	10.23	8.65	7.44	10.26	11.98	5.22	7.22	5.5	4.15	8.21	8.21	8.79	9.33	
33.0	89.0	14.0	14.0	11.62	10.0	10.57	10.71	9.54	8.98	4.28	5.1	8.7	9.72	8.48	7.28	10.23	5.73	6.9	8.84	
34.0	91.0	9.0	9.0	12.0	9.7	9.77	4.77	8.64	9.83	4.33	5.09	10.79	9.69	8.78	11.43	8.49	8.44	6.81	6.59	
35.0	95.0	8.0	8.0	6.64	7.31	11.98	9.38	11.65	4.15	9.87	4.97	9.58	8.01	8.66	7.33	7.1	6.83	6.27	9.49	
36.0	74.0	1.0	1.0	8.48	7.14	11.68	10.21	8.52	6.26	8.31	5.0	5.52	5.6	4.66	11.4	10.56	5.4	6.48	5.73	
37.0	71.0	11.0	11.0	8.25	4.45	6.45	4.56	6.93	8.54	7.93	6.43	10.14	7.51	6.66	11.05	4.5	10.17	4.82	5.02	
38.0	71.0	11.0	11.0	8.62	6.74	9.57	4.45	9.74	10.55	8.12	8.35	6.24	4.66	8.04	11.87	5.23	10.18	11.68	6.71	
39.0	88.0	4.0	4.0	4.92	8.44	4.77	11.24	9.48	6.83	10.7	9.52	8.89	4.16	9.79	9.4	4.98	9.06	8.83	5.72	
40.0	89.0	14.0	14.0	11.97	5.72	7.31	9.58	4.26	6.83	7.7	10.95	5.86	5.16	11.7	5.46	7.75	11.69	11.71	10.9	
41.0	94.0	13.0	13.0	6.5	6.83	6.53	7.78	6.53	5.38	6.34	9.3	11.6	5.54	9.28	10.51	8.4	7.87	6.56	4.37	
42.0	96.0	15.0	15.0	10.92	4.02	6.15	10.88	10.77	7.5	7.55	9.54	6.5	5.21	7.64	11.36	11.51	5.84	9.58	6.58	
43.0	99.0	12.0	12.0	6.9	8.51	8.02	6.89	11.0	4.66	7.06	4.67	11.18	8.6	4.05	5.11	7.15	4.95	7.28	9.82	
44.0	60.0	3.0	3.0	7.05	8.21	7.34	10.13	4.42	4.37	5.97	10.55	11.27	10.27	4.06	6.98	10.83	5.96	4.83	5.52	
45.0	85.0	3.0	3.0	9.91	6.67	6.77	4.01	6.52	8.19	11.68	6.78	8.78	6.75	9.49	4.22	5.57	6.73	5.36	11.55	
46.0	89.0	14.0	14.0	8.75	5.46	4.53	11.37	5.35	9.66	8.01	7.86	4.0	8.83	4.65	6.2	9.51	5.34	5.08	6.52	
47.0	90.0	4.0	4.0	9.39	9.24	5.13	8.55	8.1	9.79	11.16	9.09	11.01	4.79	7.8	6.85	8.66	9.76	8.94	4.82	
48.0	71.0	11.0	11.0	7.05	8.25	10.8	4.26	10.96	10.9	11.19	8.81	7.56	5.18	9.93	7.19	7.98	8.72	11.04	4.85	
49.0	97.0	9.0	9.0	7.23	9.91	6.97	7.31	5.54	7.0	7.97	6.35	8.81	7.79	9.71	9.37	4.72	9.66	7.45	10.39	
50.0	99.0	12.0	12.0	11.76	10.63	8.72	7.33	6.7	4.27	9.65	11.03	10.48	9.75	4.99	6.63	9.54	4.75	4.72	4.15	
51.0	82.0	6.0	6.0	11.66	10.69	8.99	5.93	10.0	5.07	9.49	4.34	11.57	9.73	7.78	8.55	10.77	5.47	9.89	6.05	
52.0	85.0	3.0	3.0	8.64	5.77	7.3	7.84	5.64	10.74	10.31	10.02	8.58	9.24	4.31	5.12	8.78	10.98	10.6	7.31	
53.0	90.0	4.0	4.0	9.55	9.22	7.12	9.11	5.1	10.75	11.05	5.12	6.18	8.06	7.18	11.05	7.58	4.74	10.67	6.05	
54.0	67.0	3.0	3.0	11.63	6.38	8.26	10.81	5.51	7.68	5.99	8.35	8.88	5.01	10.31	8.72	6.98	9.88	5.91	6.3	
55.0	95.0	8.0	8.0	10.38	11.97	9.71	7.17	10.08	9.52	4.59	9.21	5.43	10.93	6.93	11.2	9.0	6.18	5.79	8.6	
56.0	97.0	9.0	9.0	5.88	7.45	8.72	6.34	11.0	7.83	11.3	5.13	11.79	5.14	5.84	7.84	6.03	8.44	5.57	8.93	
57.0	82.0	6.0	6.0	7.48	8.64	4.02	10.82	9.76	5.68	4.8	8.05	9.64	6.72	10.17	11.56	9.99	8.48	8.42	7.42	
58.0	84.0	12.0	12.0	6.1	4.84	10.45	6.23	11.85	6.1	6.52	5.04	11.54	4.85	6.3	9.01	6.18	4.07	5.47	7.35	
59.0	86.0	15.0	15.0	4.04	9.33	9.97	7.07	6.2	7.15	6.62	6.76	9.37	10.69	10.26	7.01	9.68	4.17	9.52	11.08	
60.0	90.0	4.0	4.0	7.48	7.55	6.64	7.86	5.28	11.44	5.49	7.25	6.59	5.88	9.36	8.52	5.8	10.96	11.6	4.54	
61.0	93.0	4.0	4.0	10.76	4.52	8.77	4.52	8.9	6.02	11.51	5.79	11.2	10.69	10.8	5.75	8.79	5.44	9.56	8.85	
62.0	96.0	15.0	15.0	9.9	11.3	6.41	5.99	7.96	10.38	10.31	10.88	6.71	10.34	8.75	10.3	9.99	10.1	7.72	5.28	
63.0	62.0	7.0	7.0	10.78	6.58	10.27	6.98	4.97	11.23	6.35	7.64	5.5	11.18	8.87	9.61	8.5	8.49	8.64	5.55	
64.0	82.0	6.0	6.0	10.14	8.8	4.02	10.46	8.21	11.91	8.02	11.69	7.44	6.71	4.32	11.92	7.05	5.69	11.58	7.47	
65.0	68.0	5.0	5.0	8.1	7.22	4.26	6.6	6.78	10.0	10.36	9.88	4.42	10.7	7.14	4.23	10.93	6.69	9.52	6.25	
66.0	89.0	14.0	14.0	5.49	4.09	10.68	4.04	7.11	6.27	5.71	10.48	6.83	5.36	7.35	8.49	7.14	5.76	5.39	9.4	
67.0	90.0	4.0	4.0	7.14	9.64	10.35	5.92	8.66	4.88	4.33	7.9	5.62	4.04	10.22	11.45	9.18	6.83	9.8	10.2	
68.0	93.0	4.0	4.0	8.75	4.4	11.67	9.62	4.99	6.63	5.56	7.21	7.75	4.22	6.53	8.97	9.3	6.13	5.47	10.7	
69.0	96.0	15.0	15.0	11.92	6.18	5.44	10.81	11.63	9.02	6.89	10.06	5.75	4.12	9.78	10.93	5.04	4.82	5.52	7.87	
70.0	61.0	12.0	12.0	8.92	4.08	7.21	5.86	7.12	5.88	7.57	4.17	9.55	4.97	10.89	6.76	11.78	6.0	6.03	10.48	
71.0	83.0	5.0	5.0	9.64	5.79	9.24	5.57	11.23	7.77	6.66	10.9	6.06	8.62	8.36	9.36	8.55	10.78	5.74	4.45	
72.0	86.0	15.0	15.0	5.96	7.35	9.74	6.86	8.13	4.64	11.42	6.98	9.86	9.71	4.4	9.74	9.96	11.16	8.45	11.13	
73.0	90.0	4.0	4.0	7.79	6.94	9.28	11.37	8.18	4.9	9.0	5.37	4.96	6.24	5.2	9.6	4.27	11.0	8.16	8.48	
74.0	91.0	9.0	9.0	10.59	11.07	7.56	9.27	5.11	7.97	7.58	4.77	10.79	9.06	6.54	8.74	5.08	6.37	4.31	11.83	
75.0	96.0	15.0	15.0	10.97	9.43	11.93	8.88	11.61	9.87	10.55	11.72	8.02	9.37	8.68	8.76	11.81	5.29	7.73	1.4387098132206595	
76.0	86.0	15.0	15.0	6.09	7.81	11.09	6.81	4.17	9.55	4.52	4.82	6.05	5.35	11.89	4.95	4.28	7.15	7.48	5.38	
77.0	100.0	14.0	14.0	7.14	11.4	11.38	5.28	8.31	11.85	6.94	4.43	11.82	9.85	6.35	5.56	7.8	9.39	6.1	5.14	
78.0	83.0	5.0	5.0	4.51	6.29	11.6	9.85	7.8	6.63	11.75	6.05	6.03	8.56	11.3	8.69	11.89	6.18	8.19	4.93	
79.0	86.0	15.0	15.0	11.63	11.0	4.8	7.7	6.5	6.87	5.88	5.01	10.36	5.83	6.82	5.6	7.4	5.48	10.81	4.14	
80.0	90.0	4.0	4.0	10.96	9.35	6.58	6.84	7.68	9.26	6.39	8.69	4.18	10.6	5.6	8.59	7.68	7.52	8.07	4.84	
81.0	92.0	10.0	10.0	10.59	4.52	5.62	4.23	8.66	10.85	4.3	7.46	8.7	6.35	7.27	11.33	4.91	7.77	7.95	5.15	
82.0	95.0	8.0	8.0	6.81	10.0	7.45	4.97	4.35	10.28	6.22	11.43	5.23	5.43	9.18	6.3	10.24	7.93	11.01	10.74	
83.0	99.0	12.0	12.0	8.84	4.12	5.37	9.81	9.26	7.34	9.62	8.15	7.86	7.56	4.39	9.59	10.76	9.48	8.0	10.13	
84.0	81.0	3.0	3.0	6.86	8.9	6.41	11.16	11.52	6.77	11.04	9.42	6.46	4.83	6.96	5.78	8.71	4.95	6.87	4.25	
85.0	86.0	15.0	15.0	10.15	5.93	4.5	9.63	10.61	4.65	5.52	7.52	10.95	8.98	7.77	8.26	7.94	8.56	5.98	9.18	
86.0	77.0	8.0	8.0	5.36	10.51	6.67	9.23	6.85	11.77	11.61	7.84	5.35	5.67	4.84	11.6	8.29	9.5	10.74	10.54	
87.0	92.0	10.0	10.0	4.58	11.69	7.04	11.38	9.23	8.29	5.84	10.63	10.27	8.42	10.14	9.39	11.44	7.61	8.26	7.63	
88.0	94.0	13.0	13.0	8.63	4.23	5.24	7.57	11.01	10.08	5.16	7.53	11.7	10.57	6.79	10.07	7.02	7.75	10.13	5.31	
89.0	96.0	15.0	15.0	11.95	8.6	10.56	5.44	11.51	9.5	11.17	11.81	4.41	10.54	10.01	4.05	11.4	4.32	6.53	5.27	
90.0	100.0	14.0	14.0	5.54	9.89	9.32	4.38	9.63	9.02	7.66	4.06	6.51	5.2	10.92	8.99	6.31	10.0	9.59	7.23	
91.0	83.0	5.0	5.0	8.69	9.93	6.28	6.87	11.16	11.01	9.25	5.05	10.87	6.55	4.87	7.52	4.98	4.84	4.92	7.78	
92.0	87.0	5.0	5.0	7.53	11.31	4.35	7.76	6.06	4.83	4.65	7.22	10.03	5.86	10.99	10.27	10.86	8.51	4.84	9.52	
93.0	89.0	14.0	14.0	11.16	5.41	5.94	11.05	10.2	4.61	9.02	11.45	10.72	9.02	7.23	9.58	4.79	4.05	5.09	5.77	
94.0	91.0	9.0	9.0	6.49	6.23	11.24	8.91	10.85	8.1	7.06	9.28	9.52	9.02	11.81	8.98	4.08	8.86	10.53	8.18	
95.0	56.0	13.0	13.0	7.91	11.32	10.36	4.76	6.5	7.29	6.97	4.83	10.19	9.35	7.69	6.23	11.89	5.13	10.63	4.75	
96.0	79.0	7.0	7.0	4.39	4.08	10.9	8.21	5.25	6.66	4.72	8.96	4.75	6.49	8.52	5.01	9.27	8.59	4.43	9.54	
97.0	94.0	13.0	13.0	4.92	6.24	4.93	11.59	4.12	4.78	8.21	4.79	8.19	11.77	10.94	4.85	11.57	5.68	4.11	5.85	
98.0	85.0	3.0	3.0	11.8	6.0	5.48	5.9	5.1	7.17	10.87	7.95	6.01	9.01	7.74	6.76	11.87	8.04	11.96	9.27	
99.0	74.0	1.0	1.0	10.15	11.13	5.95	10.73	9.94	5.6	7.24	7.16	4.94	11.72	6.98	11.75	11.65	9.51	7.38	7.04	
100.0	90.0	4.0	4.0	7.39	8.9	4.74	12.0	10.43	11.45	4.04	7.79	5.85	9.47	5.37	4.01	7.29	10.58	10.49	7.99	
101.0	92.0	10.0	10.0	8.51	5.96	9.02	5.23	11.64	9.93	8.92	4.9	4.94	11.07	8.42	5.93	11.39	5.75	11.75	5.87	
102.0	71.0	11.0	11.0	6.82	8.37	5.65	6.06	5.05	5.54	7.36	8.12	8.89	5.46	5.94	11.55	8.42	4.4	11.24	8.04	
103.0	68.0	5.0	5.0	6.72	11.11	5.68	8.66	10.45	7.59	7.33	9.15	11.11	9.38	5.49	6.14	9.21	11.03	9.22	5.84	
104.0	73.0	13.0	13.0	8.6	8.51	11.96	8.84	10.49	11.18	5.75	11.76	8.62	11.43	8.22	10.21	9.73	10.28	4.28	9.420928071376526	
105.0	86.0	15.0	15.0	10.05	10.5	6.36	6.45	11.69	8.18	5.75	11.31	4.09	11.66	8.87	9.71	7.76	7.9	11.68	8.01	
106.0	88.0	4.0	4.0	10.82	8.68	7.33	7.32	10.64	7.3	9.57	8.86	9.73	6.19	11.24	6.42	6.87	4.48	5.53	7.24	
107.0	92.0	10.0	10.0	7.18	6.25	4.93	9.94	4.02	8.74	8.77	8.56	9.38	11.77	11.57	4.23	6.61	9.88	9.59	11.63	
108.0	10.0	15.0	15.0	11.93	4.44	5.38	11.49	4.14	8.53	6.72	11.31	11.9	5.28	4.7	5.35	10.53	7.99	6.23	10.86	
109.0	97.0	9.0	9.0	11.16	5.99	4.6	5.9	11.48	6.57	7.97	6.7	4.56	6.14	9.82	4.99	8.14	9.44	9.04	5.08	
110.0	51.0	2.0	2.0	4.39	10.93	4.98	7.17	9.13	4.94	10.52	6.79	4.17	4.57	7.89	4.75	5.04	10.31	8.38	9.59	
111.0	67.0	3.0	3.0	11.09	9.47	10.0	8.45	5.28	8.44	10.8	9.93	7.25	10.43	9.34	8.27	9.36	11.53	5.13	4.78	
112.0	59.0	9.0	9.0	8.54	11.06	6.31	6.33	4.62	11.54	6.19	10.4	11.96	8.16	8.11	9.29	4.67	7.53	11.85	6.08	
113.0	89.0	14.0	14.0	7.54	5.8	9.14	7.87	6.74	8.49	11.61	11.08	8.96	11.42	10.65	5.77	9.15	11.97	8.28	10.37	
114.0	55.0	6.0	6.0	7.58	6.93	10.76	10.28	4.72	8.18	8.89	8.35	10.57	5.92	8.98	4.14	11.48	7.67	6.69	4.25	
115.0	96.0	15.0	15.0	11.63	11.88	10.52	6.28	6.83	5.74	7.82	5.93	4.5	10.59	11.62	9.15	11.7	8.65	9.08	5.48	
116.0	57.0	14.0	14.0	9.51	10.31	9.87	5.22	6.37	9.29	8.45	4.18	5.1	11.17	8.78	9.55	4.27	9.54	5.86	10.77	
117.0	82.0	6.0	6.0	10.41	10.99	9.5	6.88	10.77	11.65	11.27	6.36	6.48	5.99	5.65	5.95	9.15	7.77	9.24	8.82	
118.0	46.0	14.0	14.0	6.87	8.94	5.83	11.06	8.98	11.0	5.04	7.25	5.7	5.18	8.34	10.78	9.95	5.08	7.35	7.26	
119.0	69.0	12.0	12.0	10.95	4.27	6.09	11.07	4.45	4.82	10.93	10.57	6.88	9.66	4.23	6.81	10.15	11.85	10.74	6.29	
120.0	1.0	11.0	11.0	11.58	10.04	11.38	4.06	10.71	7.53	7.34	4.89	8.57	11.51	7.55	9.73	4.14	9.7	5.81	9.45	
121.0	73.0	13.0	13.0	4.0	8.05	6.31	11.06	9.67	7.45	4.12	11.48	9.37	5.02	9.58	8.35	6.05	7.91	8.5	6.98	
122.0	97.0	9.0	9.0	4.28	9.63	8.35	10.98	8.33	6.69	8.04	6.91	6.67	9.7	6.51	7.75	4.18	11.9	5.25	11.98	
123.0	66.0	12.0	12.0	4.1	6.9	4.32	8.31	5.8	4.79	7.18	11.13	4.84	10.43	8.8	6.7	9.05	10.44	9.39	11.45	
124.0	82.0	6.0	6.0	9.7	8.95	6.11	7.83	10.29	5.4	4.29	5.11	7.99	8.26	6.98	5.48	4.02	6.96	11.4	10.66	
125.0	86.0	15.0	15.0	7.59	11.61	5.73	6.24	5.1	8.43	5.66	10.68	8.31	11.97	8.64	4.61	10.43	9.45	9.76	7.18	
126.0	56.0	13.0	13.0	9.34	5.05	11.23	7.78	9.94	10.47	11.31	4.44	9.95	11.56	10.22	8.15	11.26	9.9	9.21	4.114722150564344	
127.0	91.0	9.0	9.0	11.76	6.97	5.5	10.9	6.08	11.75	10.12	4.99	8.57	11.95	4.46	7.83	9.63	5.59	5.35	10.04	
128.0	93.0	4.0	4.0	5.41	11.77	8.52	10.18	5.27	9.0	10.57	10.78	8.15	7.29	10.73	10.11	8.19	5.24	9.09	5.23	
129.0	61.0	12.0	12.0	10.51	8.0	11.44	4.61	5.15	4.91	8.43	5.3	8.13	7.5	10.52	8.45	11.7	6.02	7.8	6.88	
130.0	99.0	12.0	12.0	6.08	4.15	11.18	7.09	8.24	4.34	6.52	4.61	6.32	5.04	4.32	9.63	8.89	11.63	7.19	6.93	
131.0	82.0	6.0	6.0	7.65	7.77	8.78	6.66	10.36	10.87	7.87	9.4	5.61	9.42	9.61	6.42	9.1	4.6	10.66	6.39	
132.0	86.0	15.0	15.0	10.14	5.45	6.5	8.43	7.48	4.84	6.65	5.9	6.47	10.41	11.77	7.29	11.0	4.06	5.83	9.22	
133.0	49.0	12.0	12.0	6.3	6.51	11.82	4.69	5.99	5.62	10.07	5.46	7.18	9.08	10.51	5.87	8.43	9.51	6.81	4.41	
134.0	91.0	9.0	9.0	7.69	10.39	10.23	7.98	5.98	7.71	4.08	5.88	4.02	10.3	9.75	4.14	10.75	6.59	7.45	10.72	
135.0	96.0	15.0	15.0	7.29	6.79	6.57	7.54	10.15	9.35	6.95	9.61	11.25	11.57	6.34	11.66	8.25	10.43	11.18	7.24	
136.0	98.0	15.0	15.0	8.0	5.64	8.19	10.02	5.82	4.11	4.54	5.99	6.45	6.18	8.41	8.29	8.31	5.42	10.11	7.24	
137.0	58.0	11.0	11.0	7.33	9.32	8.41	10.2	9.82	8.77	4.97	4.79	9.7	4.25	8.67	6.48	8.8	7.46	4.83	5.81	
138.0	84.0	12.0	12.0	10.32	7.84	7.34	4.65	11.45	6.77	9.0	10.59	5.67	9.22	9.78	8.36	5.37	7.33	4.14	9.78	
139.0	77.0	8.0	8.0	5.13	4.68	4.8	9.82	11.46	8.35	4.02	10.56	11.27	11.54	9.56	6.24	7.85	8.31	7.91	9.93	
140.0	90.0	4.0	4.0	6.29	6.78	4.37	11.21	8.43	6.34	7.77	7.49	10.67	6.7	9.2	8.97	7.83	7.96	4.02	7.57	
141.0	94.0	13.0	13.0	8.85	4.44	6.19	4.98	11.33	5.04	9.25	8.63	6.09	7.21	6.81	10.45	6.17	10.05	4.11	5.04	
142.0	55.0	6.0	6.0	11.2	10.5	4.05	7.69	4.87	5.88	11.3	8.96	6.37	6.62	5.74	4.24	7.3	5.98	11.48	10.02	
143.0	99.0	12.0	12.0	6.01	7.32	8.83	5.71	8.0	8.56	9.5	6.96	4.27	9.19	11.16	7.15	8.97	6.6	5.03	5.18	
144.0	82.0	6.0	6.0	5.57	11.31	5.28	9.96	4.75	5.72	4.49	11.7	5.15	7.66	7.32	11.33	11.89	8.89	9.9	8.11	
145.0	65.0	11.0	11.0	11.64	8.39	4.46	4.85	6.87	8.59	9.63	5.14	9.82	9.46	5.55	6.1	9.36	7.9	4.46	10.46	
146.0	88.0	4.0	4.0	8.73	6.67	7.75	8.97	5.35	4.39	7.08	4.8	4.86	11.14	4.93	8.97	10.38	5.88	8.3	11.56	
147.0	77.0	8.0	8.0	11.51	6.66	10.38	7.45	12.0	6.6	8.18	5.88	11.22	8.17	6.04	6.57	4.13	6.56	4.33	4.3	
148.0	93.0	4.0	4.0	6.12	6.13	6.47	8.93	7.94	6.71	7.32	10.34	6.92	8.94	10.84	8.97	5.64	7.85	6.95	10.03	
149.0	96.0	15.0	15.0	4.57	11.09	11.75	10.98	11.67	5.84	11.71	11.2	4.55	10.47	8.13	6.82	5.0	6.49	5.64	11.33	
150.0	76.0	6.0	6.0	6.66	5.5	11.78	6.79	6.71	10.63	11.3	10.03	5.63	10.48	7.44	10.47	11.77	9.61	5.36	6.4	
151.0	82.0	6.0	6.0	6.11	9.81	4.19	4.97	7.08	7.5	10.16	7.83	8.02	9.16	6.65	6.55	10.94	11.7	8.95	10.46	
152.0	85.0	3.0	3.0	10.73	6.24	5.61	10.33	9.59	8.16	9.84	4.84	10.96	9.59	10.52	6.55	7.59	8.38	11.98	11.94	
153.0	60.0	3.0	3.0	6.6	5.81	11.55	11.19	10.47	5.92	4.8	9.53	9.08	10.69	4.85	11.59	8.33	7.15	7.39	7.09	
154.0	93.0	4.0	4.0	11.69	4.33	7.68	11.79	10.48	8.77	5.17	6.66	4.27	4.98	7.36	10.89	9.27	11.29	11.47	4.07	
155.0	95.0	8.0	8.0	11.05	6.06	11.77	7.02	7.83	9.93	10.04	7.03	10.11	11.25	9.62	10.17	4.01	5.22	5.29	10.95	
156.0	97.0	9.0	9.0	7.98	6.42	8.71	8.59	8.25	9.02	10.38	5.49	10.97	10.78	11.08	10.47	10.18	11.51	7.85	8.67	
157.0	100.0	14.0	14.0	6.39	10.83	7.88	6.37	9.64	11.07	4.22	4.33	7.3	11.25	11.7	4.17	6.82	7.46	7.18	9.71	
158.0	85.0	3.0	3.0	9.55	8.07	8.96	10.51	6.48	9.86	4.28	6.26	4.97	8.23	5.75	10.73	11.48	7.01	7.2	4.37	
159.0	86.0	15.0	15.0	5.93	9.65	7.71	11.17	7.21	6.4	6.53	6.27	4.9	9.64	9.97	4.75	10.22	10.64	11.6	6.37	
160.0	31.0	8.0	8.0	8.64	11.78	11.53	10.42	9.1	8.73	11.97	9.57	4.62	8.98	9.46	5.78	4.86	7.12	5.18	4.0	
161.0	92.0	10.0	10.0	10.19	11.53	4.11	6.31	11.53	8.68	11.31	11.36	6.3	5.72	7.78	11.63	10.37	8.14	5.03	8.42	
162.0	97.0	9.0	9.0	5.84	4.37	10.67	6.31	5.4	6.64	4.1	8.2	7.64	8.97	10.19	6.16	4.44	7.4	11.81	10.57	
163.0	100.0	14.0	14.0	11.63	6.07	11.56	6.36	9.26	8.76	7.04	8.67	6.09	9.56	11.99	5.26	11.87	8.85	7.08	5.77	
164.0	77.0	8.0	8.0	11.83	4.15	11.27	6.03	9.38	11.77	4.15	6.89	11.6	9.74	6.63	7.98	6.17	11.1	9.26	6.58	
165.0	85.0	3.0	3.0	9.74	6.07	10.75	11.68	6.32	8.58	7.7	5.1	11.79	6.65	6.35	7.27	8.39	4.83	10.21	8.68	
166.0	75.0	8.0	8.0	6.28	10.34	11.98	11.74	7.8	6.47	6.05	9.49	11.64	10.89	10.53	8.57	8.98	7.39	7.29	4.09	
167.0	58.0	11.0	11.0	5.61	9.03	10.46	11.66	10.54	6.23	6.34	10.0	4.53	11.23	9.94	7.71	6.38	7.07	10.91	10.92	
168.0	94.0	13.0	13.0	10.4	8.11	11.85	10.53	8.11	7.65	10.52	7.06	11.55	10.46	9.15	5.22	8.85	8.81	5.34	9.62	
169.0	97.0	9.0	9.0	6.36	8.45	11.58	10.67	11.25	5.24	10.0	7.06	4.26	11.11	10.98	6.86	8.01	9.56	4.49	7.03	
170.0	62.0	7.0	7.0	9.86	10.93	11.2	4.23	6.64	10.49	10.9	8.77	5.98	10.54	10.42	6.51	7.28	9.09	9.84	4.57	
171.0	82.0	6.0	6.0	9.02	11.43	7.2	11.51	10.15	8.22	11.26	8.48	5.62	6.29	8.61	9.15	11.69	6.86	6.7	4.53	
172.0	86.0	15.0	15.0	4.18	7.25	11.71	7.3	6.0	7.97	4.89	8.1	4.71	8.18	11.32	10.25	5.91	11.95	8.91	4.71	
173.0	88.0	4.0	4.0	5.99	11.52	8.27	8.79	5.03	5.85	10.36	11.42	10.27	9.22	10.39	6.72	11.57	7.26	9.86	6.26	
174.0	91.0	9.0	9.0	5.75	5.49	5.53	10.1	6.93	5.49	6.85	5.35	9.25	7.98	10.95	8.39	7.22	7.2	11.39	9.4	
175.0	9.0	15.0	15.0	11.3	4.94	8.19	7.75	11.27	11.63	4.51	6.82	8.72	10.95	9.92	10.15	11.75	4.57	8.36	7.33	
176.0	97.0	9.0	9.0	11.75	6.27	10.51	8.21	6.05	5.86	11.44	8.25	8.7	7.69	8.74	6.4	11.1	10.61	6.03	5.56	
177.0	82.0	6.0	6.0	6.64	5.6	5.25	11.79	8.68	8.42	10.15	9.59	5.83	6.1	6.5	4.84	7.78	5.9	10.44	4.7	
178.0	84.0	12.0	12.0	4.85	8.04	8.16	11.84	8.38	7.93	7.12	4.29	8.16	4.54	7.32	5.58	10.52	7.21	4.77	7.5	
179.0	71.0	11.0	11.0	8.84	11.53	5.9	6.24	7.0	8.97	6.05	5.17	4.26	8.91	11.17	6.7	8.28	7.55	6.2	5.94	
180.0	90.0	4.0	4.0	10.51	6.81	8.03	4.54	7.68	9.55	10.94	11.03	10.03	11.06	5.78	5.57	8.43	10.04	10.9	11.04	
181.0	94.0	13.0	13.0	5.1	9.45	9.8	4.54	5.74	8.04	6.6	11.13	8.26	11.71	11.22	10.14	6.59	8.52	10.23	9.32	
182.0	65.0	11.0	11.0	4.29	4.02	5.07	7.45	11.15	7.01	7.42	7.04	8.55	4.79	6.18	10.7	11.12	7.31	9.3	9.58	
183.0	100.0	14.0	14.0	5.12	8.81	5.51	8.81	9.77	6.42	4.56	8.69	9.45	4.81	8.05	11.36	6.32	4.85	10.85	5.46	
184.0	81.0	3.0	3.0	8.11	4.23	9.3	11.95	11.89	10.78	4.38	8.19	4.82	10.01	11.77	8.43	5.91	10.28	6.96	4.54	
185.0	76.0	6.0	6.0	11.75	9.92	7.7	10.88	11.81	6.68	4.37	4.79	8.04	4.65	7.56	5.94	4.5	11.1	10.82	4.15	
186.0	88.0	4.0	4.0	8.85	4.85	7.07	10.42	8.33	8.03	8.49	4.11	4.54	11.88	6.19	8.54	8.76	10.95	4.07	10.99	
187.0	90.0	4.0	4.0	6.48	12.0	10.96	10.57	7.63	4.24	7.5	11.06	11.17	6.33	10.97	10.29	11.55	5.19	5.12	5.14	
188.0	72.0	11.0	11.0	6.37	9.38	6.48	4.77	8.48	9.81	11.36	8.58	9.64	5.55	8.99	5.41	4.44	5.57	10.93	7.18	
189.0	97.0	9.0	9.0	9.74	7.37	11.39	5.07	11.27	6.54	8.62	11.97	5.53	6.54	7.38	11.89	9.77	8.5	4.07	6.75	
190.0	81.0	3.0	3.0	8.28	6.66	7.19	9.91	9.14	9.0	4.21	8.36	6.25	10.07	8.88	11.63	10.53	4.63	11.06	5.2	
191.0	82.0	6.0	6.0	6.23	9.07	11.0	5.02	11.12	4.71	7.58	4.7	4.48	8.62	8.08	8.88	7.49	11.16	5.12	8.05	
192.0	62.0	7.0	7.0	8.85	9.6	10.73	8.96	4.66	10.07	7.7	8.62	5.64	5.32	6.84	5.37	11.18	9.96	10.19	7.72	
193.0	65.0	11.0	11.0	7.15	9.26	11.1	10.84	6.01	8.55	9.89	11.47	6.83	4.49	11.9	7.72	9.11	11.4	10.21	10.46	
194.0	71.0	11.0	11.0	10.79	4.35	6.82	8.36	5.96	7.7	8.27	5.59	8.6	6.66	10.85	6.47	5.56	6.08	6.0	6.04	
195.0	74.0	1.0	1.0	6.44	5.71	9.69	8.41	6.83	9.23	6.07	5.51	6.87	10.46	5.52	9.46	5.22	10.81	8.25	7.7	
196.0	97.0	9.0	9.0	8.4	7.57	11.88	9.75	9.67	8.86	9.85	10.37	6.17	9.05	5.8	11.84	9.63	7.61	7.42	9.74	
197.0	57.0	14.0	14.0	10.25	4.54	4.39	4.82	7.75	10.5	9.69	11.39	4.86	6.67	5.28	10.11	6.66	4.36	7.62	9.36	
198.0	85.0	3.0	3.0	8.12	10.18	6.07	10.56	5.17	6.8	6.5	7.1	4.26	9.86	6.08	8.78	10.16	6.59	8.37	5.59	
199.0	86.0	15.0	15.0	7.93	4.03	9.25	9.47	5.13	6.99	4.29	4.48	7.2	8.04	5.35	8.75	9.42	9.64	9.81	5.71	
200.0	76.0	6.0	6.0	4.1	5.83	11.14	9.65	4.48	5.49	8.67	4.47	11.08	4.57	11.46	7.42	6.06	4.91	5.58	5.46	
201.0	69.0	12.0	12.0	7.24	9.95	6.43	7.84	7.15	4.31	9.24	10.74	5.86	6.63	11.21	7.84	9.09	4.92	7.42	7.97	
202.0	68.0	5.0	5.0	11.04	4.83	5.03	11.04	8.88	9.02	4.69	7.19	9.44	11.99	6.28	4.14	11.38	8.71	4.29	9.5	
203.0	48.0	13.0	13.0	5.83	8.33	7.23	11.5	8.18	9.86	4.61	11.92	11.56	9.85	11.13	6.44	5.4	9.02	9.61	6.24	
204.0	15.0	11.0	11.0	8.11	10.55	11.32	8.07	10.09	10.26	4.24	8.36	4.38	11.96	6.52	6.31	8.45	5.32	6.01	8.67	
205.0	80.0	3.0	3.0	4.05	11.44	7.74	11.18	9.86	5.33	5.7	6.74	4.2	4.29	11.5	9.7	6.27	8.37	4.26	7.61	
206.0	87.0	5.0	5.0	10.26	8.15	6.99	6.47	6.84	11.11	10.87	5.66	4.15	8.22	7.92	5.67	6.74	11.59	5.2	11.83	
207.0	69.0	12.0	12.0	8.97	7.92	8.4	5.88	11.99	9.35	7.99	5.54	6.99	8.24	4.61	7.2	8.45	5.37	11.58	9.31	
208.0	61.0	12.0	12.0	11.79	4.24	8.04	7.42	7.83	7.09	6.0	7.77	7.99	6.22	5.39	9.88	11.54	11.1	8.88	5.67	
209.0	96.0	15.0	15.0	11.16	9.04	11.52	9.88	4.83	10.86	9.75	5.65	7.43	11.06	10.22	5.65	10.39	8.07	6.63	8.37	
210.0	100.0	14.0	14.0	7.65	9.25	6.99	10.17	6.23	11.76	11.08	4.89	5.91	10.56	4.39	11.01	7.15	4.09	7.75	9.44	
211.0	82.0	6.0	6.0	8.47	4.2	10.21	10.36	6.24	5.9	7.63	9.76	11.1	5.36	8.67	4.51	11.26	7.22	5.96	9.57	
212.0	80.0	3.0	3.0	11.91	11.36	9.15	11.55	9.01	11.08	9.21	10.02	5.32	8.94	11.29	10.5	4.35	11.52	6.07	9.984703401066016	
213.0	88.0	4.0	4.0	11.85	10.31	4.89	11.46	9.41	9.8	4.8	5.85	10.07	4.02	5.19	8.35	4.15	5.96	11.5	4.73	
214.0	77.0	8.0	8.0	10.81	10.42	6.94	11.57	5.0	8.69	4.92	7.11	10.21	8.87	9.09	8.51	11.62	10.87	10.76	4.4	
215.0	79.0	7.0	7.0	9.93	5.76	9.34	7.91	6.63	5.84	6.51	10.0	11.11	6.62	5.26	5.02	5.27	7.38	8.31	4.54	
216.0	80.0	3.0	3.0	8.04	5.68	11.62	6.83	9.8	9.3	7.3	11.12	6.31	10.05	8.8	8.43	10.02	7.19	9.8	11.75	
217.0	82.0	6.0	6.0	8.38	10.28	11.53	5.71	11.98	5.98	4.91	10.81	4.99	9.27	11.39	11.13	4.89	4.02	5.49	4.89	
218.0	84.0	12.0	12.0	10.47	8.53	11.34	5.02	7.8	10.33	11.34	8.43	6.48	11.65	10.35	6.83	7.72	9.02	4.76	10.72	
219.0	86.0	15.0	15.0	9.46	8.65	5.79	6.67	6.3	11.96	9.86	4.88	4.97	5.89	5.58	11.21	7.69	10.7	5.43	4.73	
220.0	53.0	12.0	12.0	7.99	8.93	6.54	10.95	10.75	6.93	7.42	5.76	9.91	8.97	11.78	10.98	8.3	6.38	7.16	10.71	
221.0	92.0	10.0	10.0	6.01	9.93	6.47	10.68	8.88	11.15	8.9	8.84	7.13	8.64	6.97	7.65	9.81	10.53	6.81	10.69	
222.0	95.0	8.0	8.0	5.83	5.12	5.48	9.49	6.48	9.69	6.84	10.86	9.75	8.34	11.15	8.41	6.37	6.0	11.6	6.08	
223.0	99.0	12.0	12.0	5.19	11.27	10.3	6.27	5.37	11.62	8.46	6.05	10.5	8.96	4.38	6.32	7.39	4.54	4.41	7.06	
224.0	82.0	6.0	6.0	8.66	8.4	8.0	11.87	9.02	10.39	6.52	4.46	11.35	10.77	11.69	11.73	9.89	11.69	6.04	11.316892830591831	
225.0	58.0	11.0	11.0	6.39	6.95	6.26	5.2	6.56	5.17	4.35	7.61	10.16	7.8	7.52	7.31	8.71	4.9	11.29	6.27	
226.0	70.0	11.0	11.0	4.21	11.2	7.5	6.97	4.71	9.29	11.84	8.87	4.61	11.85	7.2	10.11	5.9	8.63	5.09	4.92	
227.0	68.0	5.0	5.0	8.64	9.97	6.89	6.44	11.0	5.43	8.4	4.21	10.42	10.8	5.96	11.91	5.5	5.62	6.64	8.63	
228.0	95.0	8.0	8.0	7.12	8.24	8.2	8.41	4.35	6.54	7.76	7.97	10.47	11.38	5.26	7.61	5.64	6.68	5.3	11.22	
229.0	20.0	4.0	4.0	4.67	6.79	7.95	11.79	11.52	10.42	4.61	9.12	8.6	5.48	10.3	7.34	5.71	11.89	4.67	8.04	
230.0	70.0	11.0	11.0	9.8	9.52	7.41	5.63	8.65	4.63	10.76	7.92	9.57	11.47	10.09	4.49	4.15	5.62	10.98	6.16	
231.0	61.0	12.0	12.0	9.38	11.25	10.81	6.32	8.72	10.6	11.53	6.32	8.38	7.67	8.48	10.89	10.28	4.32	9.7	9.63	
232.0	77.0	8.0	8.0	7.32	5.54	5.97	6.79	8.12	5.99	11.08	10.98	6.63	5.13	6.21	11.31	6.19	4.26	11.38	4.2	
233.0	79.0	7.0	7.0	9.13	7.51	10.84	8.21	11.9	11.28	6.98	7.03	9.94	9.58	6.04	5.15	5.04	9.16	9.87	7.41	
234.0	62.0	7.0	7.0	6.89	7.83	9.11	5.11	9.02	6.32	6.78	4.54	5.86	5.66	8.6	8.44	8.88	7.16	4.23	6.9	
235.0	67.0	3.0	3.0	5.89	7.36	11.68	9.29	7.54	7.8	7.68	5.15	9.92	10.25	7.81	6.36	11.87	11.19	8.82	8.17	
236.0	68.0	5.0	5.0	7.24	11.44	6.68	6.69	8.43	10.45	6.54	8.15	9.59	6.56	8.5	11.38	5.95	6.42	7.98	7.94	
237.0	72.0	11.0	11.0	4.43	5.98	8.62	7.64	11.4	7.72	6.34	6.7	4.95	7.8	10.81	8.29	11.8	9.85	5.93	11.59	
238.0	88.0	4.0	4.0	10.52	6.51	7.92	4.01	11.22	5.56	5.69	5.39	6.88	8.02	8.62	5.66	4.63	9.07	10.32	6.51	
239.0	77.0	8.0	8.0	7.22	4.02	6.22	11.29	5.1	4.48	5.94	10.86	6.29	4.1	10.5	4.01	11.77	9.89	8.07	8.16	
240.0	80.0	3.0	3.0	9.31	6.06	11.79	9.87	5.07	6.2	8.63	8.11	9.59	10.38	10.74	6.96	5.72	11.48	10.67	11.47	
241.0	63.0	15.0	15.0	6.87	8.44	11.99	9.22	5.96	10.16	6.84	10.24	7.66	4.47	5.98	11.65	4.42	10.42	5.49	11.07	
242.0	67.0	3.0	3.0	9.27	5.07	9.26	9.13	4.76	7.45	11.53	6.29	7.43	8.36	5.52	9.35	8.95	10.65	4.38	5.17	
243.0	69.0	12.0	12.0	6.61	7.95	9.33	10.47	9.95	4.04	5.18	5.04	8.81	5.27	10.6	7.5	11.81	11.21	11.69	7.52	
244.0	72.0	11.0	11.0	4.73	6.38	7.61	10.3	8.77	10.46	9.7	9.08	5.17	9.21	11.62	6.36	8.47	5.58	4.19	8.95	
245.0	77.0	8.0	8.0	10.05	7.66	7.71	11.34	5.28	4.68	8.2	7.53	6.2	11.41	11.54	8.35	10.9	6.3	8.78	9.45	
246.0	93.0	4.0	4.0	8.75	8.56	10.79	6.93	6.84	4.28	4.54	5.66	8.81	4.24	11.37	7.57	8.11	10.66	11.44	5.75	
247.0	62.0	7.0	7.0	10.76	6.85	9.5	7.84	7.25	10.55	5.21	10.03	9.29	5.95	6.08	5.4	11.79	11.02	9.45	6.55	
248.0	92.0	10.0	10.0	5.89	9.48	8.77	9.38	4.67	10.21	9.48	5.12	10.84	8.16	7.8	10.11	4.47	8.49	9.24	5.0	
249.0	68.0	5.0	5.0	4.86	11.68	5.83	5.67	9.25	10.23	6.31	5.73	8.95	9.64	8.63	4.12	5.41	8.25	11.77	10.0	
250.0	70.0	11.0	11.0	9.88	11.67	5.8	9.96	11.61	7.99	5.85	9.96	12.0	8.31	4.35	11.36	5.68	10.84	5.25	10.64	
251.0	51.0	2.0	2.0	5.34	11.5	7.47	6.9	11.68	9.43	9.21	7.73	6.66	9.17	11.61	4.12	7.01	5.92	9.91	4.74	
252.0	89.0	14.0	14.0	8.01	7.11	8.35	11.55	8.34	5.56	6.77	8.66	4.21	4.65	8.89	9.76	11.77	7.87	10.71	9.48	
253.0	99.0	12.0	12.0	4.74	4.88	9.21	11.57	7.14	5.79	4.14	11.83	10.82	4.42	10.31	6.75	7.18	9.59	11.01	8.67	
254.0	64.0	4.0	4.0	7.08	6.6	6.83	4.76	5.69	11.36	8.84	4.05	9.09	10.37	5.96	4.88	6.06	9.65	11.31	10.75	
255.0	65.0	11.0	11.0	5.14	9.5	9.69	10.65	11.09	8.77	11.64	9.9	7.91	10.61	9.76	6.88	7.15	5.01	5.79	11.13	
256.0	70.0	11.0	11.0	4.07	9.46	8.45	10.35	11.15	10.32	4.59	10.31	10.31	9.63	8.09	7.39	11.43	4.1	10.32	9.76	
257.0	72.0	11.0	11.0	4.5	9.41	11.59	10.01	9.59	8.82	8.02	8.72	4.57	7.73	7.98	8.12	5.07	4.9	7.53	8.26	
258.0	75.0	8.0	8.0	11.22	9.06	8.71	7.94	5.56	6.4	8.81	9.14	6.73	9.3	10.66	10.4	4.81	8.31	6.51	11.16	
259.0	84.0	12.0	12.0	4.99	5.65	10.59	7.6	7.39	4.08	9.45	8.3	6.72	10.74	4.82	4.69	8.81	9.61	7.53	8.02	
260.0	62.0	7.0	7.0	8.86	9.72	10.86	4.31	7.08	10.48	9.07	11.03	8.88	5.19	9.75	8.16	4.19	9.3	5.67	10.57	
261.0	64.0	4.0	4.0	5.9	8.57	6.56	7.4	6.8	8.28	7.24	7.05	4.44	4.32	7.1	6.2	8.52	9.86	4.76	5.32	
262.0	66.0	12.0	12.0	9.71	7.59	11.4	4.82	5.06	7.53	5.42	7.74	4.17	6.95	9.06	7.03	9.91	10.44	6.13	7.9	
263.0	78.0	8.0	8.0	9.39	4.67	11.13	4.27	4.01	8.61	8.18	5.58	6.73	6.28	6.78	10.23	8.91	7.34	8.6	6.49	
264.0	73.0	13.0	13.0	9.17	6.03	8.04	5.38	7.27	11.8	5.04	8.56	10.76	4.36	4.79	9.51	9.15	10.63	6.64	4.48	
265.0	76.0	6.0	6.0	8.34	5.22	10.0	9.57	9.6	9.15	4.44	10.94	6.65	10.18	9.52	7.45	5.54	7.32	8.39	5.58	
266.0	78.0	8.0	8.0	4.29	9.26	11.18	10.27	10.25	11.31	11.79	4.5	6.7	4.9	5.06	11.78	4.73	9.85	6.8	7.87	
267.0	63.0	15.0	15.0	4.09	9.69	5.78	9.97	5.81	9.57	9.46	11.44	5.6	9.55	9.85	6.27	10.37	9.25	4.87	5.67	
268.0	65.0	11.0	11.0	4.97	6.29	6.93	10.01	6.85	9.55	6.42	11.64	8.08	5.25	9.43	7.26	8.29	11.51	7.89	5.76	
269.0	69.0	12.0	12.0	4.75	8.02	5.0	9.7	5.85	6.13	8.52	7.6	4.87	7.33	9.7	11.79	5.51	6.66	7.94	11.57	
270.0	51.0	2.0	2.0	6.71	5.56	6.42	11.79	4.17	7.02	4.45	8.0	7.33	9.2	6.38	8.61	9.52	5.4	5.44	10.06	
271.0	92.0	10.0	10.0	7.26	5.41	10.07	9.33	5.19	7.78	9.8	8.99	6.01	10.67	5.93	10.5	6.38	6.26	8.55	8.84	
272.0	76.0	6.0	6.0	9.56	11.53	9.9	11.8	11.02	8.12	6.35	9.08	7.67	5.21	10.28	6.18	9.17	9.75	10.74	11.06	
273.0	98.0	15.0	15.0	5.86	10.29	11.26	6.22	10.18	5.76	9.19	8.56	6.19	5.74	5.51	10.98	9.57	7.45	6.33	9.92	
274.0	64.0	4.0	4.0	7.06	11.04	9.83	8.06	4.18	8.5	4.38	9.32	5.7	10.77	10.38	9.66	11.46	6.08	4.57	9.85	
275.0	66.0	12.0	12.0	10.34	8.85	9.32	8.3	6.97	8.02	9.75	5.84	6.62	7.2	5.55	4.11	10.26	10.08	9.17	11.34	
276.0	68.0	5.0	5.0	5.41	8.18	5.57	11.08	5.72	6.78	10.08	11.28	5.57	8.29	10.74	7.41	10.13	9.22	11.64	9.07	
277.0	99.0	12.0	12.0	4.99	10.3	10.08	7.0	4.67	5.6	8.98	11.76	8.66	8.37	10.2	10.34	9.67	10.14	11.51	6.35	
278.0	94.0	13.0	13.0	9.04	9.11	4.8	8.65	6.97	8.64	8.62	10.84	11.24	8.6	11.3	6.8	7.53	6.52	10.08	11.97	
279.0	77.0	8.0	8.0	9.64	4.95	8.67	7.01	4.3	8.17	10.95	9.0	4.54	6.66	4.23	5.98	6.99	4.93	5.29	6.68	
280.0	91.0	9.0	9.0	7.09	6.62	4.58	4.41	6.43	11.92	7.66	11.96	7.07	7.16	10.19	8.08	4.59	6.8	9.54	8.12	
281.0	96.0	15.0	15.0	4.13	7.66	5.5	6.13	10.1	5.66	11.88	8.64	7.39	6.83	4.84	7.23	4.97	4.78	11.92	9.86	
282.0	66.0	12.0	12.0	11.21	5.48	5.53	6.36	4.41	5.27	10.18	11.78	8.28	8.92	4.37	7.86	6.66	9.64	10.23	9.22	
283.0	71.0	11.0	11.0	5.14	5.13	5.65	5.1	9.21	7.14	11.36	9.63	11.38	6.53	7.71	4.92	11.09	8.04	4.34	4.75	
284.0	72.0	11.0	11.0	9.14	7.65	8.73	6.3	7.99	7.59	6.15	7.07	4.85	8.7	5.14	5.24	7.36	8.22	4.66	4.22	
285.0	86.0	15.0	15.0	4.04	11.38	11.06	6.95	5.75	7.95	8.72	5.26	10.87	9.0	8.51	8.58	11.63	6.57	10.76	6.27	
286.0	97.0	9.0	9.0	8.38	10.95	11.24	7.43	11.5	7.29	7.63	5.3	9.72	4.92	6.39	4.44	10.55	4.56	6.35	6.5	
287.0	62.0	7.0	7.0	10.95	9.37	10.92	10.96	10.69	9.51	7.13	10.33	7.79	10.46	11.33	10.31	5.41	4.98	8.66	1.2408369797117773	
288.0	60.0	3.0	3.0	11.65	11.93	6.17	6.19	10.62	4.33	4.06	9.52	11.78	7.46	5.12	4.02	4.52	6.14	10.62	4.33	
289.0	69.0	12.0	12.0	11.46	11.11	7.42	11.2	5.68	10.58	6.38	5.17	4.13	5.22	4.47	5.3	9.14	8.68	9.79	11.23	
290.0	90.0	4.0	4.0	11.98	10.24	8.61	11.01	7.99	7.05	8.2	11.47	7.38	4.2	9.37	4.89	4.62	8.34	10.48	5.21	
291.0	3.0	6.0	6.0	11.08	9.09	5.79	10.36	8.6	7.34	9.94	7.01	8.91	8.63	4.14	9.19	9.49	7.83	10.25	10.51	
292.0	100.0	14.0	14.0	5.44	6.93	6.09	4.81	7.57	7.91	10.65	9.84	6.42	11.42	10.01	4.74	6.17	7.41	11.98	9.55	
293.0	79.0	7.0	7.0	5.83	10.11	6.76	10.5	6.12	7.33	11.52	6.67	8.69	6.51	7.92	8.29	8.0	11.09	9.62	9.99	
294.0	63.0	15.0	15.0	5.12	8.41	7.99	6.33	11.13	5.09	6.63	5.66	4.51	10.65	8.1	10.19	8.84	8.39	5.54	5.57	
295.0	75.0	8.0	8.0	10.99	9.76	11.79	6.01	5.65	6.79	7.23	6.54	7.19	4.08	5.79	4.48	6.9	10.51	9.79	10.06	
296.0	62.0	7.0	7.0	10.26	4.08	9.2	9.77	4.78	10.05	11.05	4.21	6.4	9.37	5.21	4.38	11.78	10.88	11.38	5.8	
297.0	73.0	13.0	13.0	10.82	6.21	7.76	6.22	10.45	11.68	7.48	6.38	4.8	8.47	4.99	5.76	5.28	7.19	8.79	6.09	
298.0	88.0	4.0	4.0	7.98	5.89	6.2	8.67	9.36	7.38	7.71	10.71	9.4	4.97	9.11	5.51	7.57	9.7	7.72	7.84	
299.0	47.0	15.0	15.0	9.99	8.66	9.71	11.72	10.23	11.03	8.54	5.14	6.74	5.36	7.73	5.48	5.93	9.34	5.52	11.93	
300.0	62.0	7.0	7.0	8.17	5.94	10.04	10.5	10.83	11.38	6.14	6.04	5.66	8.48	6.17	11.39	8.29	11.77	5.24	11.05	
301.0	85.0	3.0	3.0	9.13	6.68	10.59	4.6	8.57	5.17	11.85	7.23	11.74	11.09	10.19	4.56	4.68	5.92	10.15	6.63	
302.0	68.0	5.0	5.0	7.44	11.95	5.63	4.72	4.67	4.71	5.05	10.68	4.73	7.67	11.2	10.17	9.68	4.46	4.98	4.07	
303.0	46.0	14.0	14.0	10.45	9.75	9.33	11.18	6.64	4.18	7.32	8.55	7.8	8.55	5.9	11.16	5.91	10.65	6.07	5.86	
304.0	74.0	1.0	1.0	8.3	7.3	10.06	9.41	6.69	8.67	4.62	7.99	5.16	10.06	5.62	9.33	4.76	8.86	9.34	7.54	
305.0	75.0	8.0	8.0	11.76	9.29	11.44	8.58	9.0	9.35	11.99	8.49	6.13	7.84	5.6	9.75	10.6	11.44	7.34	2.068550038574458	
306.0	28.0	8.0	8.0	10.03	9.6	5.48	8.95	4.93	10.88	10.44	5.07	8.3	6.38	10.39	6.43	11.53	10.61	5.7	7.16	
307.0	63.0	15.0	15.0	8.91	7.18	10.36	6.53	10.5	6.64	8.43	9.53	9.13	9.58	10.32	6.04	9.35	11.75	8.3	4.93	
308.0	84.0	12.0	12.0	10.2	5.74	6.71	11.04	7.99	4.65	9.38	7.37	8.78	10.5	5.72	10.64	5.9	5.04	10.03	8.22	
309.0	83.0	5.0	5.0	5.64	6.64	10.33	6.36	7.1	6.81	9.07	5.97	4.88	6.56	9.39	10.88	11.89	7.54	11.65	10.14	
310.0	71.0	11.0	11.0	7.35	10.52	9.31	6.96	8.05	6.52	6.68	8.46	4.82	10.34	4.8	7.08	4.71	7.38	10.81	5.91	
311.0	74.0	1.0	1.0	11.93	10.19	6.01	10.91	8.06	5.78	4.12	10.93	6.03	8.08	7.8	6.43	10.34	4.03	9.17	6.38	
312.0	77.0	8.0	8.0	8.3	9.3	9.35	11.67	8.56	4.31	4.36	4.0	8.86	8.69	7.43	8.18	6.85	5.5	9.26	5.08	
313.0	79.0	7.0	7.0	6.88	10.87	7.99	8.64	8.59	7.1	4.75	7.09	11.21	9.25	7.63	9.16	5.65	9.34	9.77	11.12	
314.0	64.0	4.0	4.0	11.08	6.12	7.2	11.34	6.66	5.02	9.74	9.04	9.46	11.02	8.05	5.36	9.13	8.24	6.29	5.33	
315.0	87.0	5.0	5.0	5.27	6.12	9.98	6.35	11.31	5.8	8.03	5.28	7.07	8.22	7.08	4.93	10.02	9.77	7.12	11.14	
316.0	69.0	12.0	12.0	6.43	6.14	11.64	6.71	10.54	10.42	4.38	10.38	7.3	5.02	6.98	4.6	8.21	7.77	11.72	9.06	
317.0	72.0	11.0	11.0	8.58	9.4	11.7	7.74	10.96	8.71	7.45	11.06	8.78	6.61	9.42	8.28	5.79	5.49	8.27	7.19	
318.0	74.0	1.0	1.0	10.51	8.03	10.85	7.44	6.56	4.77	8.38	8.01	7.78	7.54	4.94	7.82	5.75	9.6	6.78	9.91	
319.0	77.0	8.0	8.0	5.6	11.89	8.41	4.14	10.54	11.47	7.51	6.27	7.77	10.38	7.98	10.05	5.76	6.19	5.65	5.6	
320.0	61.0	12.0	12.0	5.46	9.43	4.13	9.7	11.36	4.18	6.57	5.03	9.44	5.4	9.89	5.32	4.74	10.45	4.51	7.36	
321.0	48.0	13.0	13.0	9.61	9.35	11.17	10.87	9.59	5.07	11.85	5.32	11.38	9.49	4.16	10.2	11.13	8.35	6.04	8.55	
322.0	83.0	5.0	5.0	9.59	7.65	11.86	5.96	9.2	5.52	11.9	4.51	5.76	6.41	8.56	4.89	5.14	7.2	5.72	6.57	
323.0	93.0	4.0	4.0	8.51	9.94	8.63	5.05	9.39	7.32	8.79	6.79	7.44	11.08	10.9	7.48	8.2	7.09	7.63	9.14	
324.0	50.0	9.0	9.0	8.57	6.12	9.98	11.02	8.02	7.58	4.08	11.86	10.24	7.6	7.8	7.28	5.87	8.73	10.99	8.79	
325.0	43.0	13.0	13.0	7.67	9.99	6.62	4.01	11.47	11.29	8.25	7.7	8.5	7.46	4.45	9.92	6.6	9.91	4.61	4.76	
326.0	81.0	3.0	3.0	6.08	8.14	11.72	11.24	5.19	11.22	7.78	5.59	10.87	6.61	7.68	4.63	8.98	4.23	4.69	10.17	
327.0	61.0	12.0	12.0	7.44	10.6	11.83	6.98	8.57	11.55	7.79	10.53	10.91	4.56	5.18	8.09	6.87	4.89	10.93	9.23	
328.0	83.0	5.0	5.0	5.45	4.42	8.8	7.47	4.11	9.55	10.62	4.9	11.14	7.89	8.38	7.02	9.29	11.23	6.53	11.8	
329.0	69.0	12.0	12.0	8.42	6.87	9.85	9.39	7.22	10.38	5.42	9.97	5.06	11.61	7.6	7.16	9.82	8.01	7.03	11.13	
330.0	47.0	15.0	15.0	4.66	5.66	6.2	7.26	7.57	5.12	9.19	5.75	7.87	10.39	5.79	8.1	10.62	5.08	10.79	9.1	
331.0	73.0	13.0	13.0	9.78	9.44	9.47	11.16	9.25	8.83	5.02	8.57	6.07	4.66	7.81	10.69	4.39	9.69	8.55	4.89	
332.0	94.0	13.0	13.0	10.26	6.31	9.94	5.1	9.65	10.56	9.69	11.22	9.3	8.26	6.04	7.73	11.32	9.16	10.49	8.61	
333.0	61.0	12.0	12.0	6.1	6.15	9.75	11.71	7.79	5.54	10.39	7.22	6.4	11.34	10.77	5.65	6.17	7.82	9.78	10.21	
334.0	64.0	4.0	4.0	6.44	8.39	4.69	9.85	8.46	7.81	7.2	5.93	4.72	7.12	4.12	9.15	9.9	11.65	10.34	4.08	
335.0	65.0	11.0	11.0	5.36	9.6	7.74	6.8	10.94	8.24	6.29	6.46	4.68	10.33	11.62	4.86	11.23	9.78	11.74	8.13	
336.0	97.0	9.0	9.0	4.06	4.51	6.76	6.54	6.71	5.85	8.77	8.33	6.51	10.76	11.1	8.99	9.22	6.73	11.46	7.49	
337.0	95.0	8.0	8.0	5.58	8.13	7.94	5.7	5.28	7.17	10.9	5.94	8.01	9.11	5.22	6.08	5.94	7.3	5.82	11.36	
338.0	74.0	1.0	1.0	10.24	10.53	4.4	5.28	8.89	6.11	10.85	8.04	9.74	9.98	7.9	4.57	6.1	4.85	5.1	8.64	
339.0	79.0	7.0	7.0	9.09	4.08	5.4	8.74	8.0	7.03	4.95	8.47	4.25	11.44	6.37	10.96	7.97	4.66	7.35	4.06	
340.0	61.0	12.0	12.0	11.32	4.8	4.62	9.3	7.79	11.28	11.64	11.77	11.25	8.35	9.77	8.9	9.28	7.08	9.23	7.33	
341.0	64.0	4.0	4.0	4.05	5.93	4.69	6.55	7.39	4.68	9.75	7.67	10.03	5.11	6.38	9.42	10.64	8.02	10.35	6.04	
342.0	45.0	5.0	5.0	7.07	6.19	4.86	11.26	9.7	11.94	8.62	10.36	10.75	5.88	5.71	5.37	5.85	7.35	10.1	8.08	
343.0	70.0	11.0	11.0	11.08	6.91	4.2	5.79	8.01	9.47	10.23	9.63	5.23	6.27	11.73	5.0	10.69	7.63	10.98	8.06	
344.0	91.0	9.0	9.0	10.18	6.11	9.28	9.9	7.94	5.23	10.14	4.88	9.76	5.24	5.79	6.26	6.63	7.66	5.06	11.98	
345.0	60.0	3.0	3.0	11.13	6.98	7.31	11.42	10.84	10.89	5.23	10.99	9.99	9.28	9.15	5.26	4.16	6.07	11.3	9.77	
346.0	80.0	3.0	3.0	6.62	7.2	5.76	10.89	6.01	6.51	5.55	6.2	11.49	7.51	8.57	7.18	11.32	9.05	9.13	5.7	
347.0	92.0	10.0	10.0	7.92	11.31	10.73	4.45	6.37	5.46	10.02	11.65	11.09	11.07	11.72	8.74	7.33	9.83	4.71	11.19	
348.0	13.0	3.0	3.0	4.07	9.64	7.24	4.67	8.05	4.48	5.85	9.94	5.1	6.95	4.11	9.25	6.42	11.08	5.31	10.52	
349.0	67.0	3.0	3.0	4.26	10.66	7.48	4.63	8.17	9.92	5.8	4.69	9.27	6.16	9.1	11.17	7.28	6.15	11.85	11.92	
350.0	53.0	12.0	12.0	6.7	9.47	8.56	11.61	6.48	10.38	4.71	5.99	5.69	6.84	4.46	11.32	6.91	7.15	4.11	6.05	
351.0	74.0	1.0	1.0	7.42	11.84	4.9	8.12	4.91	8.12	7.42	10.75	9.12	11.18	9.17	10.93	7.62	5.46	6.2	8.32	
352.0	52.0	4.0	4.0	10.48	10.35	4.81	6.25	7.65	9.59	7.77	11.71	5.13	5.04	6.21	10.38	10.0	4.29	4.29	10.85	
353.0	45.0	5.0	5.0	7.55	4.71	10.23	7.8	7.22	6.08	11.59	8.25	10.63	11.45	9.52	4.49	6.75	6.74	8.07	8.49	
354.0	96.0	15.0	15.0	10.26	9.76	8.16	5.82	9.48	7.1	8.12	11.77	11.76	4.19	10.28	8.59	7.56	5.95	5.63	4.24	
355.0	65.0	11.0	11.0	11.9	5.23	8.11	7.09	9.29	5.29	5.47	7.6	6.69	4.76	4.58	6.41	5.96	9.09	8.97	7.12	
356.0	91.0	9.0	9.0	8.13	10.31	10.02	7.81	10.24	9.3	10.97	5.02	10.73	6.54	8.89	5.9	9.33	6.32	11.78	8.27	
357.0	38.0	5.0	5.0	6.96	4.57	5.16	11.49	7.41	11.26	9.37	9.75	7.7	5.95	10.54	7.95	6.31	9.89	11.7	5.94	
358.0	75.0	8.0	8.0	8.42	6.73	10.79	9.99	11.1	11.81	6.47	4.42	4.49	8.02	10.23	10.08	11.64	10.61	10.7	8.59	
359.0	77.0	8.0	8.0	9.84	11.56	5.91	4.2	9.1	9.03	11.23	5.98	6.57	6.05	4.05	9.48	5.2	6.85	4.77	5.55	
360.0	80.0	3.0	3.0	7.09	7.03	8.15	4.25	4.86	9.72	8.05	5.1	6.95	8.03	6.87	11.59	9.69	9.15	11.92	7.36	
361.0	82.0	6.0	6.0	9.51	9.08	11.73	5.36	5.94	4.17	11.08	11.08	4.7	4.51	10.31	8.68	10.66	7.23	9.31	7.55	
362.0	98.0	15.0	15.0	4.87	7.28	4.71	11.52	11.73	6.83	7.63	5.97	10.27	5.21	9.9	4.71	5.75	11.51	11.32	8.42	
363.0	25.0	12.0	12.0	4.3	4.31	9.58	5.23	5.66	4.11	4.53	5.54	10.17	10.17	8.64	9.26	6.47	7.31	4.56	8.3	
364.0	72.0	11.0	11.0	7.38	10.93	10.88	7.73	5.89	9.01	6.42	5.49	9.26	6.38	4.34	10.63	8.23	5.72	11.25	10.25	
365.0	76.0	6.0	6.0	9.67	6.37	8.16	4.37	7.72	6.8	10.44	5.31	7.43	8.47	4.61	8.78	8.9	5.17	10.52	7.05	
366.0	21.0	9.0	9.0	8.72	10.6	5.01	10.99	7.51	10.28	5.2	8.87	11.28	8.39	6.04	11.73	9.43	9.06	10.15	9.87	
367.0	94.0	13.0	13.0	9.71	7.76	7.71	7.21	8.79	8.33	10.61	5.82	9.77	5.02	9.28	7.69	4.86	10.67	4.64	5.94	
368.0	65.0	11.0	11.0	9.17	10.82	11.08	8.72	7.07	11.59	5.15	5.61	11.14	8.95	4.38	5.18	10.84	11.31	9.19	9.68	
369.0	68.0	5.0	5.0	5.68	7.91	4.68	10.57	8.6	6.91	11.37	5.51	8.42	4.87	8.61	5.0	10.24	7.15	6.49	8.67	
370.0	85.0	3.0	3.0	4.11	11.88	9.65	8.97	7.93	4.76	4.5	8.1	6.59	10.18	7.16	9.88	11.92	10.81	11.51	4.53	
371.0	41.0	15.0	15.0	4.94	8.79	6.13	9.37	7.58	5.87	8.55	4.58	8.45	4.0	11.99	4.57	4.19	4.37	8.36	8.69	
372.0	76.0	6.0	6.0	10.64	4.3	4.61	9.27	6.73	7.35	4.23	6.66	10.24	5.17	4.92	9.27	10.17	6.13	10.93	8.86	
373.0	61.0	12.0	12.0	8.57	8.33	4.43	4.53	7.9	6.53	6.2	8.7	8.72	9.71	8.65	10.7	8.68	4.79	8.67	6.33	
374.0	64.0	4.0	4.0	11.9	8.92	6.65	8.2	11.39	8.78	4.33	5.24	5.25	9.94	9.04	5.65	9.42	5.57	5.21	6.7	
375.0	66.0	12.0	12.0	4.63	6.92	4.07	5.21	9.69	4.95	9.04	9.78	4.09	7.88	5.36	10.75	7.89	8.21	11.64	7.47	
376.0	97.0	9.0	9.0	7.0	10.07	10.31	5.33	11.22	8.5	9.43	7.16	6.16	7.0	10.89	10.49	4.28	9.66	5.41	8.76	
377.0	55.0	6.0	6.0	5.91	10.77	9.95	6.25	4.42	9.63	7.65	9.49	6.68	5.88	10.91	11.15	10.56	8.96	4.44	6.65	
378.0	74.0	1.0	1.0	5.61	11.96	7.54	4.05	4.92	6.97	9.36	8.59	5.22	10.98	9.01	8.75	10.35	4.25	9.91	11.58	
379.0	79.0	7.0	7.0	5.09	4.12	11.91	6.57	4.87	4.19	5.25	10.51	8.68	10.56	4.46	5.99	10.0	9.91	9.42	6.97	
380.0	94.0	13.0	13.0	8.75	11.7	7.42	6.62	8.36	5.44	9.54	6.28	4.49	4.33	11.61	5.13	8.96	7.59	11.28	11.46	
381.0	29.0	2.0	2.0	8.65	9.92	11.06	8.65	9.76	11.1	8.99	6.28	11.51	5.02	6.98	8.83	7.41	9.17	8.45	7.48	
382.0	57.0	14.0	14.0	9.77	4.96	8.55	6.54	5.15	9.79	11.64	8.71	8.24	6.03	5.37	11.36	5.0	6.98	4.24	6.5	
383.0	42.0	4.0	4.0	10.91	4.76	6.06	11.66	8.95	4.51	7.02	11.7	10.49	10.97	4.79	10.01	4.41	5.41	8.83	11.18	
384.0	96.0	15.0	15.0	9.78	7.49	9.28	5.95	10.22	9.13	8.35	7.5	8.19	6.81	9.33	6.27	5.8	5.5	11.18	8.91	
385.0	46.0	14.0	14.0	5.04	4.25	11.37	11.68	4.69	7.05	8.78	9.84	8.49	9.52	10.72	4.39	7.16	11.94	8.09	8.11	
386.0	51.0	2.0	2.0	10.4	11.91	10.41	11.78	8.7	9.06	9.48	9.24	7.6	10.42	4.94	6.65	6.41	5.37	7.13	11.21	
387.0	54.0	10.0	10.0	9.54	10.97	7.22	4.33	4.86	8.26	6.36	10.09	9.49	9.54	5.77	10.11	9.94	7.42	4.59	11.15	
388.0	56.0	13.0	13.0	6.52	4.12	4.74	4.74	7.65	5.93	8.87	6.09	8.48	9.04	10.37	5.57	9.03	4.42	6.85	11.16	
389.0	58.0	11.0	11.0	7.3	7.97	10.86	12.0	7.19	11.72	4.58	6.28	8.63	4.12	8.88	4.02	11.71	11.28	9.43	7.01	
390.0	43.0	13.0	13.0	6.76	7.53	5.01	5.22	4.2	6.96	11.82	8.61	5.87	6.58	10.76	8.36	7.37	11.46	8.49	6.61	
391.0	98.0	15.0	15.0	5.23	7.01	8.96	11.78	7.4	5.61	9.21	7.18	5.06	9.44	4.38	9.0	7.51	5.05	4.75	9.26	
392.0	31.0	8.0	8.0	4.97	5.3	7.27	11.17	5.98	11.54	8.31	7.89	6.69	10.31	10.85	9.12	5.65	11.16	4.02	9.02	
393.0	52.0	4.0	4.0	7.85	7.35	9.69	8.18	5.28	9.45	7.48	7.19	10.96	9.58	7.04	11.52	4.21	7.21	11.33	4.63	
394.0	54.0	10.0	10.0	8.73	6.1	6.69	11.39	4.65	7.26	7.9	9.4	9.97	9.16	9.01	9.32	7.31	7.13	11.33	9.3	
395.0	58.0	11.0	11.0	4.19	8.98	7.09	4.66	8.41	8.63	7.95	8.55	5.55	6.41	10.73	6.44	11.76	11.92	8.77	10.29	
396.0	59.0	9.0	9.0	10.29	6.93	7.75	8.46	9.11	11.25	4.51	4.29	7.25	6.84	8.03	9.73	7.59	7.19	9.59	9.37	
397.0	43.0	13.0	13.0	9.16	8.89	11.58	8.38	6.34	5.64	10.06	5.88	5.63	5.95	4.44	9.43	6.47	4.68	6.3	5.81	
398.0	45.0	5.0	5.0	10.91	9.35	4.48	10.27	8.42	4.26	6.26	4.2	8.82	6.89	11.66	4.81	10.35	4.89	10.13	9.44	
399.0	50.0	9.0	9.0	6.14	5.93	11.92	11.88	10.57	7.72	10.55	9.0	10.04	11.36	11.83	9.0	7.03	10.38	10.19	8.818569753421375	
400.0	53.0	12.0	12.0	5.34	6.39	11.15	6.85	6.85	4.02	10.07	4.79	8.91	11.81	6.23	10.11	9.23	7.94	11.3	7.04	
401.0	92.0	10.0	10.0	5.1	8.11	9.35	10.48	10.37	6.28	10.41	4.85	4.23	11.53	9.72	6.93	11.24	5.91	10.36	4.17	
402.0	87.0	5.0	5.0	11.37	9.95	7.73	6.9	10.27	10.58	6.35	5.48	7.13	9.76	11.73	10.83	11.78	7.29	11.35	9.7624109124215	
403.0	60.0	3.0	3.0	6.31	9.37	9.53	7.43	7.43	5.77	7.94	11.1	11.43	9.54	8.22	11.01	11.18	7.29	5.05	9.19	
404.0	43.0	13.0	13.0	6.0	11.3	7.36	8.26	9.55	10.99	6.15	9.14	6.31	11.73	9.82	6.12	5.02	7.19	4.84	10.92	
405.0	47.0	15.0	15.0	9.07	4.74	7.41	6.39	4.44	5.4	10.94	7.21	9.27	8.07	6.29	8.83	8.17	4.67	8.12	5.6	
406.0	97.0	9.0	9.0	5.68	5.11	10.48	11.58	8.39	8.4	5.37	5.51	7.94	5.99	4.89	7.97	11.69	11.2	5.72	9.44	
407.0	54.0	10.0	10.0	7.65	7.63	7.41	5.95	10.51	5.7	9.26	5.99	8.99	6.26	4.65	5.02	7.22	5.16	8.85	8.38	
408.0	56.0	13.0	13.0	8.51	8.12	7.05	8.82	6.99	9.08	5.88	8.45	10.89	4.18	6.65	6.51	7.77	7.78	11.61	6.54	
409.0	58.0	11.0	11.0	6.93	11.91	11.76	11.09	10.26	9.86	7.52	6.38	8.36	11.41	10.25	11.73	6.83	6.05	6.12	4.13	
410.0	57.0	14.0	14.0	9.74	11.68	10.88	10.29	11.43	10.61	4.75	5.06	10.99	9.73	8.06	8.7	11.18	6.01	10.92	1.8185928939295182	
411.0	44.0	3.0	3.0	8.94	11.87	6.46	4.07	4.4	5.01	11.9	9.47	6.51	7.38	6.19	7.62	6.79	9.58	11.61	5.31	
412.0	49.0	12.0	12.0	10.2	6.25	7.02	7.74	10.24	8.89	4.53	11.38	10.24	11.61	5.88	4.68	9.95	4.81	10.15	9.65	
413.0	81.0	3.0	3.0	11.02	8.6	8.7	9.82	5.76	5.77	8.55	11.47	11.34	11.08	11.0	5.14	9.94	10.65	11.62	2.27876378322398	
414.0	55.0	6.0	6.0	10.38	6.25	6.93	4.14	11.03	11.79	10.87	11.66	7.64	5.02	6.8	8.04	10.39	5.28	6.69	9.65	
415.0	56.0	13.0	13.0	9.66	11.43	7.65	6.26	5.64	11.17	8.04	9.94	6.89	4.18	4.72	9.52	10.35	11.83	9.0	9.68	
416.0	39.0	14.0	14.0	10.77	8.13	7.88	5.31	7.78	6.33	5.91	11.4	7.09	8.86	9.51	6.85	4.15	4.55	9.37	5.63	
417.0	86.0	15.0	15.0	11.96	10.52	4.95	7.0	11.05	7.31	4.73	10.21	7.86	8.65	9.55	6.46	11.01	10.35	4.21	9.84	
418.0	46.0	14.0	14.0	7.09	4.93	7.17	9.69	6.91	11.21	9.18	8.88	8.96	6.77	7.45	10.46	8.09	6.27	9.96	7.31	
419.0	50.0	9.0	9.0	6.19	10.04	10.65	6.72	4.65	9.08	10.97	4.92	6.56	10.03	5.07	4.9	4.17	10.37	5.19	6.64	
420.0	52.0	4.0	4.0	7.68	9.02	5.6	5.37	10.44	4.53	8.17	4.43	10.59	7.98	10.84	11.44	5.77	11.58	6.71	4.48	
421.0	55.0	6.0	6.0	9.73	8.08	4.58	8.9	6.12	11.72	10.28	5.35	4.69	6.8	9.69	7.21	7.72	9.59	11.81	8.32	
422.0	22.0	6.0	6.0	11.68	10.18	9.28	9.7	9.39	7.11	8.97	10.21	7.81	10.06	5.29	9.59	7.94	5.13	6.55	4.76	
423.0	41.0	15.0	15.0	5.47	8.66	11.93	6.9	10.33	11.64	7.87	11.92	8.04	7.37	4.63	8.7	6.95	11.74	9.4	4.82	
424.0	98.0	15.0	15.0	4.65	9.01	5.15	9.75	4.37	9.82	11.71	11.43	5.22	6.04	6.49	8.74	8.52	10.36	7.77	10.36	
425.0	54.0	10.0	10.0	5.54	6.66	7.69	9.91	7.52	9.88	9.23	4.08	9.0	5.86	7.62	9.52	9.97	9.6	6.04	10.43	
426.0	49.0	12.0	12.0	7.85	8.31	6.35	9.61	4.22	7.49	11.57	10.7	9.32	5.71	11.7	7.33	7.53	4.66	7.35	11.25	
427.0	53.0	12.0	12.0	9.05	8.55	7.44	10.06	5.94	9.03	10.47	9.25	10.22	8.25	10.77	6.07	5.12	10.3	7.59	8.49	
428.0	90.0	4.0	4.0	6.69	7.18	9.01	6.73	10.88	4.37	6.78	6.73	4.54	6.88	4.78	4.34	8.36	10.29	6.57	6.83	
429.0	59.0	9.0	9.0	5.01	10.77	6.74	11.72	6.9	6.05	10.31	8.62	8.61	5.25	4.36	5.34	7.26	8.37	6.72	7.01	
430.0	49.0	12.0	12.0	10.58	9.07	8.31	10.49	11.2	5.9	7.99	6.87	8.15	4.72	8.42	10.11	5.27	9.7	11.8	9.47	
431.0	44.0	3.0	3.0	8.87	9.96	10.05	6.39	7.71	6.46	7.57	7.69	10.23	6.2	10.96	8.16	11.0	10.65	4.49	5.8	
432.0	49.0	12.0	12.0	8.81	6.76	4.53	10.99	11.25	4.48	4.07	5.02	10.84	7.73	10.54	4.87	6.36	11.81	5.32	11.11	
433.0	86.0	15.0	15.0	9.39	6.09	8.54	7.51	10.13	9.13	11.88	4.19	8.61	8.23	11.51	6.08	5.37	9.97	9.13	11.79	
434.0	58.0	11.0	11.0	4.14	6.19	4.87	5.3	9.44	9.95	7.67	9.72	7.94	4.96	4.13	5.3	6.3	11.44	7.9	4.25	
435.0	94.0	13.0	13.0	10.12	10.93	4.34	10.72	11.16	9.86	10.97	11.03	7.26	5.48	10.52	9.3	11.63	7.73	9.85	2.1578992299521214	
436.0	85.0	3.0	3.0	5.84	6.89	7.14	5.47	7.62	7.21	7.71	4.62	5.72	10.36	5.5	6.88	6.02	8.66	11.43	8.97	
437.0	82.0	6.0	6.0	6.52	10.99	7.0	6.71	4.1	6.41	9.4	6.21	9.72	9.49	10.83	5.47	11.84	10.42	10.41	6.61	
438.0	70.0	11.0	11.0	8.24	11.29	11.72	5.54	7.21	7.59	10.54	4.89	6.45	7.11	9.52	11.36	5.47	5.48	7.58	6.57	
439.0	39.0	14.0	14.0	5.63	8.56	5.23	8.82	9.29	8.41	5.63	7.75	6.64	5.13	7.25	6.02	10.92	6.03	7.31	9.93	
440.0	52.0	4.0	4.0	5.92	6.23	8.72	4.93	8.53	7.15	7.16	7.54	7.55	11.01	8.68	10.72	6.95	7.95	10.51	7.04	
441.0	81.0	3.0	3.0	6.28	10.31	7.89	7.5	6.8	6.75	6.05	10.65	5.82	8.79	9.02	5.83	11.87	10.32	7.75	9.95	
442.0	59.0	9.0	9.0	7.45	5.26	11.13	11.8	11.93	9.17	11.43	9.6	8.2	4.76	10.29	10.95	9.08	10.69	6.66	2.429076291724546	
443.0	60.0	3.0	3.0	7.98	7.76	6.35	5.78	6.19	6.05	10.1	6.61	10.51	5.73	5.4	5.16	5.4	5.75	9.41	4.08	
444.0	43.0	13.0	13.0	7.79	7.28	6.65	9.97	5.22	9.68	10.75	10.27	11.53	9.3	10.37	4.12	4.79	8.8	7.16	9.31	
445.0	46.0	14.0	14.0	7.52	4.21	6.52	8.34	11.16	4.21	6.75	6.14	6.52	8.34	10.6	6.81	5.82	6.76	10.86	6.08	
446.0	30.0	14.0	14.0	6.65	7.75	5.97	8.82	7.62	4.67	11.24	10.4	8.88	10.28	8.71	8.94	6.03	7.34	9.65	4.54	
447.0	54.0	10.0	10.0	9.61	8.56	9.02	10.43	5.1	8.16	5.84	9.15	7.0	8.12	11.02	6.25	6.03	4.42	4.61	10.04	
448.0	55.0	6.0	6.0	5.45	9.86	4.93	10.64	10.36	9.55	9.32	11.19	11.71	4.58	12.0	8.21	5.03	11.84	10.92	8.78	
449.0	38.0	5.0	5.0	9.16	11.36	7.61	7.3	11.51	7.4	4.15	7.14	4.33	11.44	4.82	10.68	5.71	5.73	5.15	6.91	
450.0	31.0	8.0	8.0	9.02	11.66	7.78	11.56	6.1	11.93	9.23	7.99	11.45	10.18	7.39	10.42	7.37	8.58	11.9	0.03211585234816727	
451.0	81.0	3.0	3.0	11.23	5.01	9.25	4.63	5.92	4.86	8.83	6.75	7.4	7.67	5.97	8.57	5.55	11.01	5.22	9.15	
452.0	70.0	11.0	11.0	11.23	7.77	7.08	9.47	4.44	7.65	7.06	8.45	7.47	7.11	4.38	8.99	6.32	6.62	11.4	4.02	
453.0	46.0	14.0	14.0	6.72	4.62	10.02	6.01	9.62	7.08	5.94	4.53	7.47	4.0	4.44	6.4	7.44	5.77	10.47	9.56	
454.0	53.0	12.0	12.0	5.97	5.29	5.24	7.56	4.42	10.25	8.63	7.8	10.5	6.94	8.91	6.65	4.1	11.71	9.3	8.59	
455.0	93.0	4.0	4.0	7.66	5.58	11.17	10.78	11.58	9.93	6.93	6.36	10.19	7.03	11.46	8.4	5.56	9.83	8.92	10.4	
456.0	6.0	7.0	7.0	7.7	5.73	10.12	9.61	7.73	4.42	4.03	8.09	5.4	11.55	7.67	11.08	5.78	5.05	4.6	8.19	
457.0	17.0	11.0	11.0	4.28	8.77	7.51	8.77	11.1	9.95	10.99	11.35	4.67	10.04	9.63	9.95	10.07	8.89	11.66	10.02	
458.0	19.0	13.0	13.0	8.49	10.59	10.73	8.41	5.97	7.08	8.76	11.75	4.11	9.77	5.84	8.86	11.55	9.42	9.84	5.24	
459.0	33.0	14.0	14.0	4.72	5.02	8.24	11.96	6.23	9.4	10.97	8.22	7.02	4.24	4.8	10.81	5.27	7.17	5.91	5.01	
460.0	36.0	15.0	15.0	10.81	6.55	9.05	11.55	9.26	11.89	8.55	6.86	7.98	6.71	4.41	8.05	5.59	5.11	11.14	11.76	
461.0	40.0	11.0	11.0	10.53	7.26	7.14	4.03	11.95	11.87	9.11	6.68	6.03	4.15	8.33	7.09	10.42	8.23	7.71	9.29	
462.0	21.0	9.0	9.0	4.44	4.68	7.22	4.34	11.17	8.73	5.6	5.24	8.93	6.65	4.36	9.4	8.25	10.74	7.08	11.67	
463.0	24.0	14.0	14.0	10.21	4.29	5.79	5.7	7.7	11.25	11.72	5.89	5.72	10.75	8.3	10.55	7.14	10.24	7.25	6.46	
464.0	88.0	4.0	4.0	5.66	4.5	7.55	10.85	9.78	7.91	11.31	8.82	10.53	10.68	5.81	11.15	6.41	5.31	5.84	11.89	
465.0	5.0	15.0	15.0	5.17	10.01	5.41	4.66	5.4	7.53	8.27	11.0	8.5	7.02	10.6	4.31	9.45	9.29	8.59	7.19	
466.0	34.0	14.0	14.0	9.5	5.2	11.14	7.79	5.32	11.38	11.21	8.4	6.56	10.71	8.12	6.56	6.53	6.04	10.13	7.48	
467.0	100.0	14.0	14.0	4.49	5.72	4.75	5.44	11.9	6.4	11.88	4.52	8.11	11.19	8.77	6.62	10.73	11.4	6.93	9.32	
468.0	80.0	3.0	3.0	7.83	6.14	5.87	4.83	8.69	7.54	9.06	5.98	5.28	11.17	6.78	9.38	4.52	5.84	8.63	4.31	
469.0	24.0	14.0	14.0	8.38	5.99	9.81	9.53	4.93	10.91	7.83	8.76	9.69	6.08	5.71	11.96	11.76	8.77	6.07	10.66	
470.0	25.0	12.0	12.0	6.61	8.13	11.73	8.09	10.84	11.08	10.14	6.4	6.96	6.66	4.81	4.93	11.59	8.0	10.18	7.92	
471.0	28.0	8.0	8.0	4.65	8.43	7.84	7.11	10.23	10.8	11.92	4.64	9.16	8.55	11.69	10.17	8.85	6.96	10.17	11.48	
472.0	31.0	8.0	8.0	8.16	7.53	10.79	6.4	8.27	8.71	4.89	10.51	5.2	4.3	7.21	4.78	8.77	6.69	6.41	8.12	
473.0	34.0	14.0	14.0	8.55	8.81	8.19	4.86	8.24	11.73	10.31	7.72	8.28	5.39	7.67	11.05	5.01	7.22	8.12	5.31	
474.0	37.0	5.0	5.0	6.79	7.54	7.22	11.14	9.51	10.67	10.73	10.0	4.04	6.8	9.02	7.52	7.25	6.89	10.17	8.95	
475.0	22.0	6.0	6.0	4.94	5.0	6.11	7.73	6.81	7.98	8.12	8.05	7.78	10.83	11.1	5.95	8.76	4.46	7.69	5.39	
476.0	23.0	7.0	7.0	6.25	5.76	8.22	11.9	7.47	6.45	9.41	10.95	7.68	5.24	5.42	10.59	8.49	9.74	7.61	5.31	
477.0	59.0	9.0	9.0	7.69	8.6	11.14	7.03	9.1	9.54	7.84	11.52	5.51	7.36	8.02	10.58	11.8	7.22	8.17	9.38	
478.0	85.0	3.0	3.0	8.7	8.11	5.22	6.29	8.92	10.53	4.24	11.5	11.6	6.69	4.34	11.6	4.75	7.27	5.91	4.18	
479.0	72.0	11.0	11.0	7.75	11.82	4.84	7.51	6.12	10.85	11.78	10.91	8.07	8.25	8.4	7.87	7.99	5.02	4.82	4.02	
480.0	37.0	5.0	5.0	8.59	9.51	11.39	8.65	7.83	10.57	11.94	6.72	9.48	11.18	9.12	6.49	7.46	10.3	6.87	5.76	
481.0	96.0	15.0	15.0	6.24	8.03	4.59	11.9	9.9	8.93	10.35	7.36	10.42	8.39	9.03	5.42	5.22	8.35	8.56	7.21	
482.0	23.0	7.0	7.0	10.93	8.98	10.19	8.9	7.15	9.22	11.3	10.7	11.88	4.54	7.99	4.51	5.22	5.81	10.88	4.08	
483.0	86.0	15.0	15.0	8.85	8.35	4.92	10.0	11.78	9.27	5.18	10.67	7.8	5.47	9.26	9.84	8.57	5.6	5.18	4.57	
484.0	89.0	14.0	14.0	10.62	11.85	8.06	11.71	4.1	11.79	10.55	4.34	5.48	4.1	4.2	11.26	5.51	10.47	4.19	10.66	
485.0	32.0	14.0	14.0	6.78	9.0	6.67	11.01	9.04	4.89	7.45	11.14	5.42	4.52	11.57	10.94	10.95	4.9	6.32	4.4	
486.0	43.0	13.0	13.0	8.79	5.43	11.71	8.06	7.45	9.57	4.65	4.65	11.33	5.23	9.89	5.3	8.9	8.7	11.46	4.35	
487.0	94.0	13.0	13.0	11.83	6.29	10.3	10.55	11.82	11.77	8.64	6.07	7.75	9.44	6.29	6.19	4.8	11.78	11.88	5.66	
488.0	40.0	11.0	11.0	11.56	4.92	11.15	11.22	8.67	7.48	6.81	4.42	11.45	10.63	4.15	7.65	9.52	9.66	8.47	8.74	
489.0	23.0	7.0	7.0	6.49	6.04	5.26	11.21	4.89	5.41	4.9	5.43	5.21	4.17	9.79	11.15	8.22	6.11	9.6	8.97	
490.0	84.0	12.0	12.0	7.13	8.98	8.88	10.13	11.12	11.56	6.69	4.48	6.36	7.79	8.66	7.94	7.04	7.31	8.27	7.63	
491.0	64.0	4.0	4.0	8.91	4.52	8.55	5.67	6.55	8.28	8.78	8.82	7.72	7.48	8.55	10.62	10.17	7.88	8.33	8.71	
492.0	97.0	9.0	9.0	10.87	9.82	8.63	5.71	10.12	7.78	10.66	4.88	6.1	7.39	9.74	10.07	6.05	10.39	11.31	11.77	
493.0	35.0	10.0	10.0	8.61	9.58	9.1	4.36	10.79	4.01	9.74	9.9	6.12	5.63	11.2	10.91	11.56	5.58	7.07	4.04	
494.0	86.0	15.0	15.0	4.85	11.83	5.32	8.59	5.63	6.55	8.71	4.67	11.51	6.7	7.77	9.1	9.9	8.3	5.65	9.91	
495.0	65.0	11.0	11.0	6.96	8.58	7.21	8.12	10.79	7.93	5.71	10.5	11.71	9.38	4.96	5.3	4.13	8.1	4.3	11.2	
496.0	14.0	13.0	13.0	5.07	5.08	5.45	7.32	7.17	5.16	7.34	7.34	7.57	10.4	6.74	7.07	10.69	9.79	6.58	9.92	
497.0	12.0	5.0	5.0	4.74	10.12	7.73	8.59	11.25	5.85	4.28	9.72	6.15	5.67	6.52	5.04	4.06	8.09	4.45	5.48	
498.0	16.0	14.0	14.0	8.61	4.26	6.62	5.03	9.9	6.15	10.83	10.1	4.66	8.65	7.27	10.44	9.4	7.7	4.76	5.46	
499.0	20.0	4.0	4.0	4.3	7.72	4.38	4.36	8.33	4.98	11.68	10.44	5.14	5.41	7.3	9.47	9.09	9.88	7.77	5.61	
500.0	65.0	11.0	11.0	7.9	8.86	10.85	9.47	5.38	6.16	8.07	6.5	5.51	8.72	4.3	4.66	4.59	4.38	7.21	10.39	
501.0	75.0	8.0	8.0	9.31	7.4	8.18	11.24	8.68	6.94	10.36	5.9	8.34	4.3	5.63	8.27	10.56	10.72	4.39	7.45	
502.0	82.0	6.0	6.0	8.71	11.01	6.86	5.15	9.61	8.07	4.12	7.11	7.55	4.53	4.07	5.5	7.93	11.19	8.05	8.72	
503.0	63.0	15.0	15.0	6.29	4.81	10.12	7.43	9.04	10.31	6.65	11.88	9.73	5.37	10.26	4.63	8.08	7.28	6.49	6.41	
504.0	15.0	11.0	11.0	8.33	9.88	5.23	4.02	9.76	7.03	11.32	4.5	8.4	6.64	4.23	4.89	6.6	7.9	7.48	9.51	
505.0	17.0	11.0	11.0	8.97	7.42	4.46	5.76	11.86	6.33	8.14	6.24	4.76	4.7	10.02	4.13	6.74	6.68	7.05	5.64	
506.0	20.0	4.0	4.0	4.03	9.42	5.22	10.69	11.21	8.0	5.35	7.41	5.01	9.19	7.23	9.44	4.65	11.27	10.34	7.28	
507.0	2.0	14.0	14.0	5.08	11.34	10.64	7.6	4.08	8.43	8.38	10.32	7.48	5.95	7.43	11.37	9.48	4.57	10.77	10.69	
508.0	7.0	11.0	11.0	8.82	5.96	6.12	8.42	11.7	8.6	7.41	4.79	7.35	5.62	8.2	8.96	7.8	11.61	6.0	8.72	
509.0	9.0	15.0	15.0	10.43	7.94	8.99	9.27	4.95	5.72	10.41	6.03	5.99	10.95	6.89	10.23	8.53	8.53	11.73	4.18	
510.0	56.0	13.0	13.0	4.33	9.32	5.74	4.37	8.71	10.08	9.49	9.0	10.35	8.32	11.53	8.09	8.2	8.7	9.56	10.81	
511.0	16.0	14.0	14.0	7.1	4.46	8.33	11.8	9.26	11.61	8.24	6.39	5.65	8.83	7.7	11.82	8.01	7.23	6.84	11.47	
512.0	18.0	2.0	2.0	11.83	7.47	7.27	9.98	7.78	5.22	4.04	11.17	4.28	4.48	6.98	11.27	4.6	7.82	10.78	6.92	
=====================================================================================================================================================
number of non-local execution forwordmean is 194
=====================================================================================================================================================
=====================================================================================================================================================
Map Status of job/thread name: word std deviation  after done (10 columns: map task #,Local(0)/Non_local(1), status(not_yet_started(0),running(1)/finished(2)), response time, start time, end time, latency, bin #, VM flavor #, PM #, Rack #)
=====================================================================================================================================================
1.0	0.0	2.0	296.0	296.0	311.0	15.0	100.0	5.0	14.0	1.0	
2.0	0.0	2.0	296.0	296.0	311.0	15.0	83.0	5.0	5.0	1.0	
3.0	0.0	2.0	296.0	296.0	311.0	15.0	85.0	5.0	3.0	5.0	
4.0	0.0	2.0	296.0	296.0	311.0	15.0	89.0	5.0	14.0	2.0	
5.0	0.0	2.0	336.0	336.0	351.0	15.0	93.0	5.0	4.0	5.0	
6.0	0.0	2.0	296.0	296.0	311.0	15.0	95.0	5.0	8.0	5.0	
7.0	0.0	2.0	296.0	296.0	311.0	15.0	98.0	5.0	15.0	2.0	
8.0	0.0	2.0	328.0	328.0	343.0	15.0	82.0	5.0	6.0	2.0	
9.0	0.0	2.0	296.0	296.0	311.0	15.0	83.0	5.0	5.0	1.0	
10.0	0.0	2.0	296.0	296.0	311.0	15.0	86.0	5.0	15.0	4.0	
11.0	0.0	2.0	296.0	296.0	311.0	15.0	90.0	5.0	4.0	1.0	
12.0	0.0	2.0	331.0	331.0	346.0	15.0	94.0	5.0	13.0	1.0	
13.0	0.0	2.0	296.0	296.0	311.0	15.0	95.0	5.0	8.0	5.0	
14.0	0.0	2.0	296.0	296.0	311.0	15.0	98.0	5.0	15.0	2.0	
15.0	1.0	2.0	356.0	356.0	373.0	17.0	71.0	4.0	11.0	3.0	
16.0	0.0	2.0	296.0	296.0	311.0	15.0	86.0	5.0	15.0	4.0	
17.0	0.0	2.0	362.0	362.0	377.0	15.0	87.0	5.0	5.0	5.0	
18.0	0.0	2.0	296.0	296.0	311.0	15.0	90.0	5.0	4.0	1.0	
19.0	0.0	2.0	296.0	296.0	311.0	15.0	95.0	5.0	8.0	5.0	
20.0	0.0	2.0	296.0	296.0	311.0	15.0	96.0	5.0	15.0	3.0	
21.0	0.0	2.0	331.0	331.0	346.0	15.0	99.0	5.0	12.0	3.0	
22.0	0.0	2.0	356.0	356.0	371.0	15.0	83.0	5.0	5.0	1.0	
23.0	0.0	2.0	296.0	296.0	311.0	15.0	86.0	5.0	15.0	4.0	
24.0	0.0	2.0	362.0	362.0	377.0	15.0	88.0	5.0	4.0	3.0	
25.0	0.0	2.0	331.0	331.0	346.0	15.0	92.0	5.0	10.0	4.0	
26.0	0.0	2.0	369.0	369.0	384.0	15.0	96.0	5.0	15.0	3.0	
27.0	0.0	2.0	373.0	373.0	388.0	15.0	98.0	5.0	15.0	2.0	
28.0	0.0	2.0	349.0	349.0	364.0	15.0	100.0	5.0	14.0	1.0	
29.0	0.0	2.0	362.0	362.0	377.0	15.0	85.0	5.0	3.0	5.0	
30.0	0.0	2.0	331.0	331.0	346.0	15.0	86.0	5.0	15.0	4.0	
31.0	0.0	2.0	313.0	313.0	328.0	15.0	91.0	5.0	9.0	5.0	
32.0	0.0	2.0	313.0	313.0	328.0	15.0	93.0	5.0	4.0	5.0	
33.0	0.0	2.0	313.0	313.0	328.0	15.0	95.0	5.0	8.0	5.0	
34.0	0.0	2.0	313.0	313.0	328.0	15.0	98.0	5.0	15.0	2.0	
35.0	0.0	2.0	313.0	313.0	328.0	15.0	81.0	5.0	3.0	4.0	
36.0	0.0	2.0	313.0	313.0	328.0	15.0	84.0	5.0	12.0	2.0	
37.0	0.0	2.0	313.0	313.0	328.0	15.0	87.0	5.0	5.0	5.0	
38.0	0.0	2.0	313.0	313.0	328.0	15.0	91.0	5.0	9.0	5.0	
39.0	0.0	2.0	331.0	331.0	346.0	15.0	94.0	5.0	13.0	1.0	
40.0	1.0	2.0	313.0	313.0	330.0	17.0	67.0	4.0	3.0	3.0	
41.0	1.0	2.0	370.0	370.0	387.0	17.0	89.0	5.0	14.0	2.0	
42.0	0.0	2.0	313.0	313.0	328.0	15.0	82.0	5.0	6.0	2.0	
43.0	0.0	2.0	313.0	313.0	328.0	15.0	86.0	5.0	15.0	4.0	
44.0	0.0	2.0	313.0	313.0	328.0	15.0	88.0	5.0	4.0	3.0	
45.0	0.0	2.0	362.0	362.0	377.0	15.0	91.0	5.0	9.0	5.0	
46.0	1.0	2.0	373.0	373.0	390.0	17.0	100.0	5.0	14.0	1.0	
47.0	0.0	2.0	373.0	373.0	388.0	15.0	97.0	5.0	9.0	3.0	
48.0	0.0	2.0	362.0	362.0	377.0	15.0	82.0	5.0	6.0	2.0	
49.0	0.0	2.0	313.0	313.0	328.0	15.0	84.0	5.0	12.0	2.0	
50.0	0.0	2.0	364.0	364.0	380.0	16.0	86.0	5.0	15.0	4.0	
51.0	0.0	2.0	362.0	362.0	377.0	15.0	91.0	5.0	9.0	5.0	
52.0	0.0	2.0	362.0	362.0	377.0	15.0	94.0	5.0	13.0	1.0	
53.0	0.0	2.0	373.0	373.0	388.0	15.0	95.0	5.0	8.0	5.0	
54.0	0.0	2.0	362.0	362.0	377.0	15.0	98.0	5.0	15.0	2.0	
55.0	1.0	2.0	313.0	313.0	330.0	17.0	61.0	4.0	12.0	4.0	
56.0	0.0	2.0	362.0	362.0	377.0	15.0	84.0	5.0	12.0	2.0	
57.0	0.0	2.0	362.0	362.0	377.0	15.0	87.0	5.0	5.0	5.0	
58.0	0.0	2.0	362.0	362.0	377.0	15.0	92.0	5.0	10.0	4.0	
59.0	0.0	2.0	362.0	362.0	377.0	15.0	95.0	5.0	8.0	5.0	
60.0	0.0	2.0	362.0	362.0	377.0	15.0	97.0	5.0	9.0	3.0	
61.0	0.0	2.0	362.0	362.0	377.0	15.0	81.0	5.0	3.0	4.0	
62.0	0.0	2.0	364.0	364.0	379.0	15.0	84.0	5.0	12.0	2.0	
63.0	0.0	2.0	362.0	362.0	377.0	15.0	85.0	5.0	3.0	5.0	
64.0	0.0	2.0	362.0	362.0	377.0	15.0	89.0	5.0	14.0	2.0	
65.0	0.0	2.0	368.0	368.0	383.0	15.0	91.0	5.0	9.0	5.0	
66.0	0.0	2.0	364.0	364.0	379.0	15.0	95.0	5.0	8.0	5.0	
67.0	0.0	2.0	364.0	364.0	379.0	15.0	98.0	5.0	15.0	2.0	
68.0	0.0	2.0	373.0	373.0	388.0	15.0	82.0	5.0	6.0	2.0	
69.0	0.0	2.0	370.0	370.0	385.0	15.0	84.0	5.0	12.0	2.0	
70.0	1.0	2.0	349.0	349.0	366.0	17.0	65.0	4.0	11.0	2.0	
71.0	0.0	2.0	365.0	365.0	380.0	15.0	89.0	5.0	14.0	2.0	
72.0	1.0	2.0	365.0	365.0	382.0	17.0	89.0	5.0	14.0	2.0	
73.0	0.0	2.0	373.0	373.0	388.0	15.0	96.0	5.0	15.0	3.0	
74.0	0.0	2.0	373.0	373.0	388.0	15.0	98.0	5.0	15.0	2.0	
75.0	0.0	2.0	371.0	371.0	386.0	15.0	83.0	5.0	5.0	1.0	
76.0	0.0	2.0	373.0	373.0	388.0	15.0	84.0	5.0	12.0	2.0	
77.0	0.0	2.0	366.0	366.0	381.0	15.0	88.0	5.0	4.0	3.0	
78.0	0.0	2.0	366.0	367.0	382.0	15.0	90.0	5.0	4.0	1.0	
79.0	0.0	2.0	370.0	370.0	385.0	15.0	93.0	5.0	4.0	5.0	
80.0	0.0	2.0	373.0	373.0	388.0	15.0	96.0	5.0	15.0	3.0	
81.0	0.0	2.0	373.0	373.0	388.0	15.0	81.0	5.0	3.0	4.0	
82.0	0.0	2.0	373.0	373.0	388.0	15.0	83.0	5.0	5.0	1.0	
83.0	0.0	2.0	373.0	373.0	388.0	15.0	86.0	5.0	15.0	4.0	
84.0	0.0	2.0	366.0	367.0	382.0	15.0	90.0	5.0	4.0	1.0	
85.0	0.0	2.0	370.0	370.0	385.0	15.0	93.0	5.0	4.0	5.0	
86.0	1.0	2.0	349.0	349.0	366.0	17.0	73.0	4.0	13.0	3.0	
87.0	0.0	2.0	373.0	373.0	388.0	15.0	98.0	5.0	15.0	2.0	
88.0	1.0	2.0	315.0	315.0	332.0	17.0	31.0	2.0	8.0	1.0	
89.0	1.0	2.0	376.0	376.0	394.0	18.0	100.0	5.0	14.0	1.0	
90.0	0.0	2.0	371.0	371.0	386.0	15.0	88.0	5.0	4.0	3.0	
91.0	0.0	2.0	369.0	369.0	384.0	15.0	89.0	5.0	14.0	2.0	
92.0	1.0	2.0	313.0	313.0	330.0	17.0	70.0	4.0	11.0	5.0	
93.0	0.0	2.0	349.0	349.0	364.0	15.0	95.0	5.0	8.0	5.0	
94.0	0.0	2.0	349.0	349.0	364.0	15.0	98.0	5.0	15.0	2.0	
95.0	1.0	2.0	364.0	364.0	382.0	18.0	42.0	3.0	4.0	1.0	
96.0	0.0	2.0	349.0	349.0	364.0	15.0	84.0	5.0	12.0	2.0	
97.0	0.0	2.0	369.0	369.0	384.0	15.0	89.0	5.0	14.0	2.0	
98.0	0.0	2.0	369.0	369.0	384.0	15.0	90.0	5.0	4.0	1.0	
99.0	1.0	2.0	315.0	315.0	332.0	17.0	52.0	3.0	4.0	3.0	
100.0	0.0	2.0	371.0	371.0	386.0	15.0	96.0	5.0	15.0	3.0	
101.0	0.0	2.0	369.0	369.0	384.0	15.0	100.0	5.0	14.0	1.0	
102.0	0.0	2.0	374.0	374.0	390.0	16.0	82.0	5.0	6.0	2.0	
103.0	0.0	2.0	369.0	369.0	384.0	15.0	87.0	5.0	5.0	5.0	
104.0	0.0	2.0	369.0	369.0	384.0	15.0	88.0	5.0	4.0	3.0	
105.0	1.0	2.0	373.0	373.0	390.0	17.0	13.0	1.0	3.0	1.0	
106.0	1.0	2.0	315.0	315.0	332.0	17.0	43.0	3.0	13.0	1.0	
107.0	0.0	2.0	369.0	369.0	384.0	15.0	99.0	5.0	12.0	3.0	
108.0	0.0	2.0	377.0	377.0	392.0	15.0	81.0	5.0	3.0	4.0	
109.0	0.0	2.0	369.0	369.0	384.0	15.0	84.0	5.0	12.0	2.0	
110.0	0.0	2.0	371.0	371.0	386.0	15.0	87.0	5.0	5.0	5.0	
111.0	1.0	2.0	369.0	369.0	386.0	17.0	70.0	4.0	11.0	5.0	
112.0	0.0	2.0	373.0	373.0	388.0	15.0	92.0	5.0	10.0	4.0	
113.0	0.0	2.0	373.0	373.0	388.0	15.0	95.0	5.0	8.0	5.0	
114.0	1.0	2.0	372.0	372.0	389.0	17.0	44.0	3.0	3.0	5.0	
115.0	1.0	2.0	349.0	349.0	366.0	17.0	51.0	3.0	2.0	3.0	
116.0	1.0	2.0	369.0	369.0	386.0	17.0	66.0	4.0	12.0	5.0	
117.0	0.0	2.0	313.0	313.0	328.0	15.0	88.0	5.0	4.0	3.0	
118.0	0.0	2.0	374.0	374.0	389.0	15.0	92.0	5.0	10.0	4.0	
119.0	1.0	2.0	372.0	372.0	389.0	17.0	59.0	3.0	9.0	4.0	
120.0	1.0	2.0	373.0	373.0	390.0	17.0	99.0	5.0	12.0	3.0	
121.0	0.0	2.0	313.0	313.0	328.0	15.0	99.0	5.0	12.0	3.0	
122.0	1.0	2.0	313.0	313.0	330.0	17.0	42.0	3.0	4.0	1.0	
123.0	1.0	2.0	338.0	338.0	355.0	17.0	78.0	4.0	8.0	1.0	
124.0	1.0	2.0	315.0	315.0	332.0	17.0	51.0	3.0	2.0	3.0	
125.0	0.0	2.0	374.0	374.0	390.0	16.0	93.0	5.0	4.0	5.0	
126.0	0.0	2.0	373.0	373.0	388.0	15.0	94.0	5.0	13.0	1.0	
127.0	0.0	2.0	369.0	369.0	384.0	15.0	99.0	5.0	12.0	3.0	
128.0	1.0	2.0	369.0	369.0	386.0	17.0	72.0	4.0	11.0	2.0	
129.0	0.0	2.0	369.0	369.0	384.0	15.0	83.0	5.0	5.0	1.0	
130.0	0.0	2.0	373.0	373.0	388.0	15.0	87.0	5.0	5.0	5.0	
131.0	0.0	2.0	370.0	370.0	385.0	15.0	89.0	5.0	14.0	2.0	
132.0	0.0	2.0	374.0	374.0	390.0	16.0	94.0	5.0	13.0	1.0	
133.0	0.0	2.0	370.0	370.0	385.0	15.0	96.0	5.0	15.0	3.0	
134.0	1.0	2.0	373.0	373.0	390.0	17.0	55.0	3.0	6.0	4.0	
135.0	0.0	2.0	370.0	370.0	385.0	15.0	81.0	5.0	3.0	4.0	
136.0	0.0	2.0	373.0	373.0	388.0	15.0	85.0	5.0	3.0	5.0	
137.0	0.0	2.0	373.0	373.0	388.0	15.0	87.0	5.0	5.0	5.0	
138.0	0.0	2.0	374.0	374.0	390.0	16.0	91.0	5.0	9.0	5.0	
139.0	1.0	2.0	349.0	349.0	366.0	17.0	36.0	2.0	15.0	4.0	
140.0	0.0	2.0	373.0	373.0	388.0	15.0	97.0	5.0	9.0	3.0	
141.0	1.0	2.0	349.0	349.0	366.0	17.0	67.0	4.0	3.0	3.0	
142.0	0.0	2.0	374.0	374.0	390.0	16.0	83.0	5.0	5.0	1.0	
143.0	1.0	2.0	373.0	373.0	390.0	17.0	3.0	1.0	6.0	4.0	
144.0	0.0	2.0	373.0	373.0	388.0	15.0	88.0	5.0	4.0	3.0	
145.0	1.0	2.0	374.0	374.0	391.0	17.0	72.0	4.0	11.0	2.0	
146.0	0.0	2.0	374.0	374.0	389.0	15.0	96.0	5.0	15.0	3.0	
147.0	0.0	2.0	313.0	313.0	328.0	15.0	99.0	5.0	12.0	3.0	
148.0	0.0	2.0	370.0	370.0	385.0	15.0	81.0	5.0	3.0	4.0	
149.0	0.0	2.0	374.0	374.0	390.0	16.0	84.0	5.0	12.0	2.0	
150.0	0.0	2.0	313.0	313.0	328.0	15.0	88.0	5.0	4.0	3.0	
151.0	1.0	2.0	313.0	313.0	330.0	17.0	76.0	4.0	6.0	4.0	
152.0	1.0	2.0	373.0	373.0	390.0	17.0	89.0	5.0	14.0	2.0	
153.0	0.0	2.0	373.0	373.0	388.0	15.0	97.0	5.0	9.0	3.0	
154.0	0.0	2.0	313.0	313.0	328.0	15.0	100.0	5.0	14.0	1.0	
155.0	0.0	2.0	374.0	374.0	390.0	16.0	82.0	5.0	6.0	2.0	
156.0	0.0	2.0	313.0	313.0	328.0	15.0	84.0	5.0	12.0	2.0	
157.0	0.0	2.0	313.0	313.0	328.0	15.0	87.0	5.0	5.0	5.0	
158.0	0.0	2.0	375.0	375.0	390.0	15.0	91.0	5.0	9.0	5.0	
159.0	0.0	2.0	376.0	376.0	391.0	15.0	94.0	5.0	13.0	1.0	
160.0	0.0	2.0	374.0	374.0	389.0	15.0	96.0	5.0	15.0	3.0	
161.0	0.0	2.0	313.0	313.0	328.0	15.0	81.0	5.0	3.0	4.0	
162.0	1.0	2.0	376.0	376.0	393.0	17.0	70.0	4.0	11.0	5.0	
163.0	0.0	2.0	313.0	313.0	328.0	15.0	86.0	5.0	15.0	4.0	
164.0	0.0	2.0	313.0	313.0	328.0	15.0	89.0	5.0	14.0	2.0	
165.0	1.0	2.0	352.0	352.0	369.0	17.0	77.0	4.0	8.0	2.0	
166.0	1.0	2.0	332.0	332.0	349.0	17.0	43.0	3.0	13.0	1.0	
167.0	1.0	2.0	349.0	349.0	366.0	17.0	67.0	4.0	3.0	3.0	
168.0	0.0	2.0	373.0	373.0	388.0	15.0	100.0	5.0	14.0	1.0	
169.0	1.0	2.0	332.0	332.0	349.0	17.0	51.0	3.0	2.0	3.0	
170.0	0.0	2.0	373.0	373.0	388.0	15.0	86.0	5.0	15.0	4.0	
171.0	1.0	2.0	374.0	374.0	391.0	17.0	72.0	4.0	11.0	2.0	
172.0	1.0	2.0	375.0	375.0	393.0	18.0	97.0	5.0	9.0	3.0	
173.0	0.0	2.0	374.0	374.0	390.0	16.0	96.0	5.0	15.0	3.0	
174.0	0.0	2.0	374.0	374.0	390.0	16.0	99.0	5.0	12.0	3.0	
175.0	0.0	2.0	374.0	374.0	390.0	16.0	82.0	5.0	6.0	2.0	
176.0	0.0	2.0	373.0	373.0	388.0	15.0	85.0	5.0	3.0	5.0	
177.0	1.0	2.0	374.0	374.0	391.0	17.0	58.0	3.0	11.0	4.0	
178.0	1.0	2.0	375.0	375.0	392.0	17.0	55.0	3.0	6.0	4.0	
179.0	0.0	2.0	374.0	374.0	390.0	16.0	95.0	5.0	8.0	5.0	
180.0	0.0	2.0	374.0	374.0	390.0	16.0	97.0	5.0	9.0	3.0	
181.0	0.0	2.0	317.0	317.0	332.0	15.0	81.0	5.0	3.0	4.0	
182.0	1.0	2.0	352.0	352.0	369.0	17.0	68.0	4.0	5.0	3.0	
183.0	0.0	2.0	373.0	373.0	388.0	15.0	86.0	5.0	15.0	4.0	
184.0	0.0	2.0	374.0	374.0	390.0	16.0	88.0	5.0	4.0	3.0	
185.0	0.0	2.0	375.0	375.0	391.0	16.0	92.0	5.0	10.0	4.0	
186.0	1.0	2.0	336.0	336.0	353.0	17.0	36.0	2.0	15.0	4.0	
187.0	1.0	2.0	374.0	374.0	391.0	17.0	80.0	4.0	3.0	1.0	
188.0	0.0	2.0	377.0	377.0	392.0	15.0	82.0	5.0	6.0	2.0	
189.0	1.0	2.0	352.0	352.0	369.0	17.0	67.0	4.0	3.0	3.0	
190.0	1.0	2.0	313.0	313.0	330.0	17.0	65.0	4.0	11.0	2.0	
191.0	1.0	2.0	336.0	336.0	353.0	17.0	39.0	2.0	14.0	2.0	
192.0	1.0	2.0	357.0	357.0	374.0	17.0	79.0	4.0	7.0	3.0	
193.0	1.0	2.0	376.0	376.0	393.0	17.0	15.0	1.0	11.0	1.0	
194.0	1.0	2.0	357.0	357.0	374.0	17.0	50.0	3.0	9.0	1.0	
195.0	1.0	2.0	336.0	336.0	353.0	17.0	39.0	2.0	14.0	2.0	
196.0	1.0	2.0	319.0	319.0	336.0	17.0	77.0	4.0	8.0	2.0	
197.0	1.0	2.0	373.0	373.0	390.0	17.0	86.0	5.0	15.0	4.0	
198.0	0.0	2.0	378.0	378.0	393.0	15.0	91.0	5.0	9.0	5.0	
199.0	0.0	2.0	376.0	376.0	392.0	16.0	93.0	5.0	4.0	5.0	
200.0	1.0	2.0	336.0	336.0	353.0	17.0	38.0	2.0	5.0	5.0	
201.0	0.0	2.0	376.0	376.0	392.0	16.0	100.0	5.0	14.0	1.0	
202.0	1.0	2.0	336.0	336.0	353.0	17.0	19.0	1.0	13.0	4.0	
203.0	0.0	2.0	328.0	328.0	343.0	15.0	86.0	5.0	15.0	4.0	
204.0	1.0	2.0	336.0	336.0	353.0	17.0	5.0	1.0	15.0	2.0	
205.0	1.0	2.0	336.0	336.0	353.0	17.0	2.0	1.0	14.0	1.0	
206.0	0.0	2.0	376.0	376.0	392.0	16.0	95.0	5.0	8.0	5.0	
207.0	1.0	2.0	336.0	336.0	353.0	17.0	80.0	4.0	3.0	1.0	
208.0	1.0	2.0	336.0	336.0	353.0	17.0	14.0	1.0	13.0	5.0	
209.0	0.0	2.0	371.0	371.0	386.0	15.0	85.0	5.0	3.0	5.0	
210.0	0.0	2.0	346.0	346.0	361.0	15.0	87.0	5.0	5.0	5.0	
211.0	0.0	2.0	346.0	346.0	361.0	15.0	91.0	5.0	9.0	5.0	
212.0	1.0	2.0	374.0	374.0	391.0	17.0	69.0	4.0	12.0	2.0	
213.0	0.0	2.0	376.0	376.0	392.0	16.0	97.0	5.0	9.0	3.0	
214.0	1.0	2.0	352.0	352.0	369.0	17.0	67.0	4.0	3.0	3.0	
215.0	0.0	2.0	371.0	371.0	386.0	15.0	81.0	5.0	3.0	4.0	
216.0	0.0	2.0	373.0	373.0	388.0	15.0	86.0	5.0	15.0	4.0	
217.0	0.0	2.0	374.0	374.0	390.0	16.0	87.0	5.0	5.0	5.0	
218.0	0.0	2.0	381.0	381.0	396.0	15.0	92.0	5.0	10.0	4.0	
219.0	0.0	2.0	377.0	377.0	392.0	15.0	95.0	5.0	8.0	5.0	
220.0	1.0	2.0	375.0	375.0	392.0	17.0	61.0	4.0	12.0	4.0	
221.0	1.0	2.0	357.0	357.0	374.0	17.0	23.0	2.0	7.0	3.0	
222.0	0.0	2.0	374.0	374.0	390.0	16.0	84.0	5.0	12.0	2.0	
223.0	0.0	2.0	374.0	374.0	390.0	16.0	87.0	5.0	5.0	5.0	
224.0	0.0	2.0	377.0	377.0	392.0	15.0	89.0	5.0	14.0	2.0	
225.0	1.0	2.0	374.0	374.0	392.0	18.0	87.0	5.0	5.0	5.0	
226.0	1.0	2.0	376.0	376.0	393.0	17.0	57.0	3.0	14.0	3.0	
227.0	0.0	2.0	376.0	376.0	392.0	16.0	98.0	5.0	15.0	2.0	
228.0	1.0	2.0	349.0	349.0	366.0	17.0	43.0	3.0	13.0	1.0	
229.0	0.0	2.0	376.0	376.0	392.0	16.0	83.0	5.0	5.0	1.0	
230.0	1.0	2.0	319.0	319.0	336.0	17.0	61.0	4.0	12.0	4.0	
231.0	0.0	2.0	380.0	380.0	395.0	15.0	89.0	5.0	14.0	2.0	
232.0	1.0	2.0	336.0	336.0	353.0	17.0	79.0	4.0	7.0	3.0	
233.0	1.0	2.0	372.0	372.0	389.0	17.0	48.0	3.0	13.0	4.0	
234.0	1.0	2.0	336.0	336.0	353.0	17.0	34.0	2.0	14.0	1.0	
235.0	0.0	2.0	378.0	378.0	393.0	15.0	83.0	5.0	5.0	1.0	
236.0	1.0	2.0	369.0	369.0	386.0	17.0	62.0	4.0	7.0	4.0	
237.0	0.0	2.0	379.0	379.0	394.0	15.0	87.0	5.0	5.0	5.0	
238.0	0.0	2.0	382.0	382.0	397.0	15.0	90.0	5.0	4.0	1.0	
239.0	0.0	2.0	378.0	378.0	393.0	15.0	95.0	5.0	8.0	5.0	
240.0	0.0	2.0	376.0	376.0	392.0	16.0	98.0	5.0	15.0	2.0	
241.0	1.0	2.0	319.0	319.0	336.0	17.0	61.0	4.0	12.0	4.0	
242.0	0.0	2.0	376.0	376.0	392.0	16.0	84.0	5.0	12.0	2.0	
243.0	1.0	2.0	315.0	315.0	332.0	17.0	42.0	3.0	4.0	1.0	
244.0	1.0	2.0	319.0	319.0	336.0	17.0	71.0	4.0	11.0	3.0	
245.0	1.0	2.0	315.0	315.0	332.0	17.0	47.0	3.0	15.0	5.0	
246.0	1.0	2.0	376.0	376.0	394.0	18.0	85.0	5.0	3.0	5.0	
247.0	1.0	2.0	349.0	349.0	366.0	17.0	61.0	4.0	12.0	4.0	
248.0	0.0	2.0	379.0	379.0	394.0	15.0	82.0	5.0	6.0	2.0	
249.0	1.0	2.0	376.0	376.0	393.0	17.0	63.0	4.0	15.0	1.0	
250.0	0.0	2.0	378.0	378.0	393.0	15.0	86.0	5.0	15.0	4.0	
251.0	1.0	2.0	336.0	336.0	353.0	17.0	33.0	2.0	14.0	1.0	
252.0	1.0	2.0	373.0	373.0	390.0	17.0	71.0	4.0	11.0	3.0	
253.0	0.0	2.0	377.0	377.0	392.0	15.0	97.0	5.0	9.0	3.0	
254.0	1.0	2.0	369.0	369.0	386.0	17.0	65.0	4.0	11.0	2.0	
255.0	1.0	2.0	376.0	376.0	393.0	17.0	56.0	3.0	13.0	5.0	
256.0	1.0	2.0	315.0	315.0	332.0	17.0	46.0	3.0	14.0	3.0	
257.0	0.0	2.0	378.0	378.0	393.0	15.0	88.0	5.0	4.0	3.0	
258.0	1.0	2.0	376.0	376.0	393.0	17.0	49.0	3.0	12.0	1.0	
259.0	1.0	2.0	336.0	336.0	353.0	17.0	21.0	2.0	9.0	1.0	
260.0	0.0	2.0	377.0	377.0	392.0	15.0	98.0	5.0	15.0	2.0	
261.0	0.0	2.0	380.0	380.0	396.0	16.0	100.0	5.0	14.0	1.0	
262.0	0.0	2.0	377.0	377.0	392.0	15.0	84.0	5.0	12.0	2.0	
263.0	0.0	2.0	369.0	369.0	384.0	15.0	86.0	5.0	15.0	4.0	
264.0	0.0	2.0	378.0	378.0	393.0	15.0	90.0	5.0	4.0	1.0	
265.0	0.0	2.0	378.0	378.0	393.0	15.0	91.0	5.0	9.0	5.0	
266.0	0.0	2.0	378.0	378.0	393.0	15.0	94.0	5.0	13.0	1.0	
267.0	1.0	2.0	336.0	336.0	353.0	17.0	6.0	1.0	7.0	1.0	
268.0	1.0	2.0	315.0	315.0	332.0	17.0	36.0	2.0	15.0	4.0	
269.0	1.0	2.0	373.0	373.0	390.0	17.0	58.0	3.0	11.0	4.0	
270.0	1.0	2.0	369.0	369.0	386.0	17.0	44.0	3.0	3.0	5.0	
271.0	1.0	2.0	369.0	369.0	386.0	17.0	54.0	3.0	10.0	5.0	
272.0	1.0	2.0	372.0	372.0	389.0	17.0	52.0	3.0	4.0	3.0	
273.0	0.0	2.0	378.0	378.0	393.0	15.0	96.0	5.0	15.0	3.0	
274.0	0.0	2.0	378.0	378.0	393.0	15.0	100.0	5.0	14.0	1.0	
275.0	1.0	2.0	336.0	336.0	353.0	17.0	7.0	1.0	11.0	1.0	
276.0	0.0	2.0	376.0	376.0	392.0	16.0	85.0	5.0	3.0	5.0	
277.0	0.0	2.0	381.0	381.0	396.0	15.0	87.0	5.0	5.0	5.0	
278.0	1.0	2.0	377.0	377.0	394.0	17.0	52.0	3.0	4.0	3.0	
279.0	0.0	2.0	366.0	366.0	381.0	15.0	93.0	5.0	4.0	5.0	
280.0	1.0	2.0	336.0	336.0	353.0	17.0	18.0	1.0	2.0	5.0	
281.0	1.0	2.0	313.0	313.0	330.0	17.0	47.0	3.0	15.0	5.0	
282.0	1.0	2.0	336.0	336.0	353.0	17.0	30.0	2.0	14.0	1.0	
283.0	1.0	2.0	368.0	368.0	385.0	17.0	45.0	3.0	5.0	4.0	
284.0	0.0	2.0	381.0	381.0	396.0	15.0	88.0	5.0	4.0	3.0	
285.0	0.0	2.0	382.0	382.0	397.0	15.0	91.0	5.0	9.0	5.0	
286.0	0.0	2.0	368.0	368.0	383.0	15.0	95.0	5.0	8.0	5.0	
287.0	0.0	2.0	378.0	378.0	393.0	15.0	97.0	5.0	9.0	3.0	
288.0	0.0	2.0	369.0	369.0	384.0	15.0	81.0	5.0	3.0	4.0	
289.0	0.0	2.0	378.0	378.0	393.0	15.0	85.0	5.0	3.0	5.0	
290.0	1.0	2.0	376.0	376.0	393.0	17.0	53.0	3.0	12.0	3.0	
291.0	0.0	2.0	335.0	335.0	350.0	15.0	91.0	5.0	9.0	5.0	
292.0	1.0	2.0	369.0	369.0	386.0	17.0	56.0	3.0	13.0	5.0	
293.0	1.0	2.0	319.0	319.0	336.0	17.0	72.0	4.0	11.0	2.0	
294.0	0.0	2.0	378.0	378.0	393.0	15.0	100.0	5.0	14.0	1.0	
295.0	0.0	2.0	378.0	378.0	393.0	15.0	82.0	5.0	6.0	2.0	
296.0	1.0	2.0	376.0	376.0	393.0	17.0	58.0	3.0	11.0	4.0	
297.0	0.0	2.0	378.0	378.0	393.0	15.0	88.0	5.0	4.0	3.0	
298.0	1.0	2.0	315.0	315.0	332.0	17.0	45.0	3.0	5.0	4.0	
299.0	1.0	2.0	352.0	352.0	369.0	17.0	77.0	4.0	8.0	2.0	
300.0	1.0	2.0	336.0	336.0	353.0	17.0	24.0	2.0	14.0	4.0	
301.0	0.0	2.0	382.0	382.0	397.0	15.0	100.0	5.0	14.0	1.0	
302.0	0.0	2.0	379.0	379.0	394.0	15.0	84.0	5.0	12.0	2.0	
303.0	1.0	2.0	379.0	379.0	396.0	17.0	12.0	1.0	5.0	3.0	
304.0	1.0	2.0	374.0	374.0	391.0	17.0	73.0	4.0	13.0	3.0	
305.0	1.0	2.0	371.0	371.0	388.0	17.0	70.0	4.0	11.0	5.0	
306.0	1.0	2.0	315.0	315.0	332.0	17.0	30.0	2.0	14.0	1.0	
307.0	0.0	2.0	379.0	379.0	394.0	15.0	98.0	5.0	15.0	2.0	
308.0	0.0	2.0	383.0	383.0	398.0	15.0	82.0	5.0	6.0	2.0	
309.0	0.0	2.0	381.0	381.0	396.0	15.0	83.0	5.0	5.0	1.0	
310.0	1.0	2.0	336.0	336.0	353.0	17.0	25.0	2.0	12.0	2.0	
311.0	0.0	2.0	378.0	378.0	393.0	15.0	90.0	5.0	4.0	1.0	
312.0	0.0	2.0	378.0	378.0	393.0	15.0	92.0	5.0	10.0	4.0	
313.0	1.0	2.0	376.0	376.0	393.0	17.0	17.0	1.0	11.0	4.0	
314.0	0.0	2.0	317.0	317.0	332.0	15.0	99.0	5.0	12.0	3.0	
315.0	0.0	2.0	378.0	378.0	393.0	15.0	82.0	5.0	6.0	2.0	
316.0	1.0	2.0	319.0	319.0	336.0	17.0	69.0	4.0	12.0	2.0	
317.0	1.0	2.0	336.0	336.0	353.0	17.0	37.0	2.0	5.0	2.0	
318.0	1.0	2.0	380.0	380.0	397.0	17.0	78.0	4.0	8.0	1.0	
319.0	0.0	2.0	378.0	378.0	393.0	15.0	93.0	5.0	4.0	5.0	
320.0	1.0	2.0	369.0	369.0	386.0	17.0	62.0	4.0	7.0	4.0	
321.0	1.0	2.0	313.0	313.0	330.0	17.0	73.0	4.0	13.0	3.0	
322.0	0.0	2.0	378.0	378.0	393.0	15.0	83.0	5.0	5.0	1.0	
323.0	0.0	2.0	380.0	380.0	395.0	15.0	86.0	5.0	15.0	4.0	
324.0	1.0	2.0	381.0	381.0	398.0	17.0	62.0	4.0	7.0	4.0	
325.0	0.0	2.0	383.0	383.0	398.0	15.0	92.0	5.0	10.0	4.0	
326.0	0.0	2.0	378.0	378.0	393.0	15.0	94.0	5.0	13.0	1.0	
327.0	0.0	2.0	317.0	317.0	332.0	15.0	99.0	5.0	12.0	3.0	
328.0	0.0	2.0	385.0	385.0	400.0	15.0	81.0	5.0	3.0	4.0	
329.0	0.0	2.0	378.0	378.0	393.0	15.0	84.0	5.0	12.0	2.0	
330.0	1.0	2.0	374.0	374.0	392.0	18.0	48.0	3.0	13.0	4.0	
331.0	1.0	2.0	381.0	381.0	398.0	17.0	86.0	5.0	15.0	4.0	
332.0	0.0	2.0	383.0	383.0	398.0	15.0	94.0	5.0	13.0	1.0	
333.0	0.0	2.0	379.0	379.0	394.0	15.0	95.0	5.0	8.0	5.0	
334.0	1.0	2.0	376.0	376.0	393.0	17.0	62.0	4.0	7.0	4.0	
335.0	0.0	2.0	380.0	380.0	396.0	16.0	81.0	5.0	3.0	4.0	
336.0	1.0	2.0	336.0	336.0	353.0	17.0	77.0	4.0	8.0	2.0	
337.0	1.0	2.0	338.0	338.0	355.0	17.0	45.0	3.0	5.0	4.0	
338.0	0.0	2.0	383.0	383.0	399.0	16.0	91.0	5.0	9.0	5.0	
339.0	1.0	2.0	376.0	376.0	393.0	17.0	63.0	4.0	15.0	1.0	
340.0	0.0	2.0	382.0	382.0	397.0	15.0	96.0	5.0	15.0	3.0	
341.0	0.0	2.0	378.0	378.0	393.0	15.0	99.0	5.0	12.0	3.0	
342.0	0.0	2.0	385.0	385.0	400.0	15.0	84.0	5.0	12.0	2.0	
343.0	1.0	2.0	313.0	313.0	330.0	17.0	68.0	4.0	5.0	3.0	
344.0	1.0	2.0	379.0	379.0	396.0	17.0	48.0	3.0	13.0	4.0	
345.0	0.0	2.0	383.0	383.0	398.0	15.0	93.0	5.0	4.0	5.0	
346.0	0.0	2.0	380.0	380.0	395.0	15.0	95.0	5.0	8.0	5.0	
347.0	0.0	2.0	358.0	358.0	373.0	15.0	98.0	5.0	15.0	2.0	
348.0	0.0	2.0	358.0	358.0	373.0	15.0	100.0	5.0	14.0	1.0	
349.0	0.0	2.0	358.0	358.0	373.0	15.0	84.0	5.0	12.0	2.0	
350.0	0.0	2.0	358.0	358.0	373.0	15.0	86.0	5.0	15.0	4.0	
351.0	0.0	2.0	358.0	358.0	373.0	15.0	89.0	5.0	14.0	2.0	
352.0	0.0	2.0	358.0	358.0	373.0	15.0	92.0	5.0	10.0	4.0	
353.0	0.0	2.0	358.0	358.0	373.0	15.0	95.0	5.0	8.0	5.0	
354.0	0.0	2.0	358.0	358.0	373.0	15.0	98.0	5.0	15.0	2.0	
355.0	0.0	2.0	358.0	358.0	373.0	15.0	81.0	5.0	3.0	4.0	
356.0	0.0	2.0	384.0	384.0	399.0	15.0	85.0	5.0	3.0	5.0	
357.0	0.0	2.0	358.0	358.0	373.0	15.0	87.0	5.0	5.0	5.0	
358.0	1.0	2.0	336.0	336.0	353.0	17.0	34.0	2.0	14.0	1.0	
359.0	1.0	2.0	329.0	329.0	346.0	17.0	64.0	4.0	4.0	2.0	
360.0	1.0	2.0	379.0	379.0	396.0	17.0	58.0	3.0	11.0	4.0	
361.0	0.0	2.0	331.0	331.0	346.0	15.0	81.0	5.0	3.0	4.0	
362.0	0.0	2.0	386.0	386.0	401.0	15.0	83.0	5.0	5.0	1.0	
363.0	0.0	2.0	331.0	331.0	346.0	15.0	86.0	5.0	15.0	4.0	
364.0	0.0	2.0	331.0	331.0	346.0	15.0	88.0	5.0	4.0	3.0	
365.0	0.0	2.0	331.0	331.0	346.0	15.0	92.0	5.0	10.0	4.0	
366.0	0.0	2.0	358.0	358.0	373.0	15.0	94.0	5.0	13.0	1.0	
367.0	1.0	2.0	378.0	378.0	395.0	17.0	77.0	4.0	8.0	2.0	
368.0	1.0	2.0	374.0	375.0	392.0	17.0	59.0	3.0	9.0	4.0	
369.0	1.0	2.0	375.0	375.0	392.0	17.0	51.0	3.0	2.0	3.0	
370.0	0.0	2.0	358.0	358.0	373.0	15.0	87.0	5.0	5.0	5.0	
371.0	0.0	2.0	331.0	331.0	346.0	15.0	89.0	5.0	14.0	2.0	
372.0	0.0	2.0	388.0	388.0	403.0	15.0	92.0	5.0	10.0	4.0	
373.0	0.0	2.0	384.0	384.0	399.0	15.0	96.0	5.0	15.0	3.0	
374.0	1.0	2.0	358.0	358.0	375.0	17.0	91.0	5.0	9.0	5.0	
375.0	1.0	2.0	378.0	378.0	395.0	17.0	78.0	4.0	8.0	1.0	
376.0	1.0	2.0	336.0	336.0	353.0	17.0	24.0	2.0	14.0	4.0	
377.0	0.0	2.0	331.0	331.0	346.0	15.0	89.0	5.0	14.0	2.0	
378.0	0.0	2.0	384.0	384.0	399.0	15.0	90.0	5.0	4.0	1.0	
379.0	1.0	2.0	392.0	392.0	409.0	17.0	91.0	5.0	9.0	5.0	
380.0	0.0	2.0	385.0	385.0	400.0	15.0	96.0	5.0	15.0	3.0	
381.0	0.0	2.0	383.0	383.0	398.0	15.0	99.0	5.0	12.0	3.0	
382.0	1.0	2.0	329.0	329.0	346.0	17.0	78.0	4.0	8.0	1.0	
383.0	1.0	2.0	366.0	366.0	383.0	17.0	73.0	4.0	13.0	3.0	
384.0	0.0	2.0	358.0	358.0	373.0	15.0	88.0	5.0	4.0	3.0	
385.0	1.0	2.0	368.0	368.0	385.0	17.0	30.0	2.0	14.0	1.0	
386.0	0.0	2.0	386.0	386.0	401.0	15.0	96.0	5.0	15.0	3.0	
387.0	0.0	2.0	385.0	385.0	400.0	15.0	98.0	5.0	15.0	2.0	
388.0	1.0	2.0	354.0	354.0	371.0	17.0	45.0	3.0	5.0	4.0	
389.0	0.0	2.0	384.0	384.0	399.0	15.0	85.0	5.0	3.0	5.0	
390.0	0.0	2.0	370.0	370.0	385.0	15.0	88.0	5.0	4.0	3.0	
391.0	0.0	2.0	384.0	384.0	399.0	15.0	91.0	5.0	9.0	5.0	
392.0	1.0	2.0	389.0	389.0	406.0	17.0	65.0	4.0	11.0	2.0	
393.0	1.0	2.0	368.0	368.0	385.0	17.0	42.0	3.0	4.0	1.0	
394.0	1.0	2.0	371.0	371.0	388.0	17.0	79.0	4.0	7.0	3.0	
395.0	1.0	2.0	336.0	336.0	353.0	17.0	37.0	2.0	5.0	2.0	
396.0	1.0	2.0	352.0	352.0	369.0	17.0	72.0	4.0	11.0	2.0	
397.0	1.0	2.0	332.0	332.0	349.0	17.0	46.0	3.0	14.0	3.0	
398.0	1.0	2.0	349.0	349.0	366.0	17.0	77.0	4.0	8.0	2.0	
399.0	1.0	2.0	382.0	382.0	399.0	17.0	80.0	4.0	3.0	1.0	
400.0	1.0	2.0	352.0	352.0	369.0	17.0	70.0	4.0	11.0	5.0	
401.0	0.0	2.0	385.0	385.0	400.0	15.0	81.0	5.0	3.0	4.0	
402.0	1.0	2.0	386.0	386.0	403.0	17.0	69.0	4.0	12.0	2.0	
403.0	0.0	2.0	385.0	385.0	400.0	15.0	86.0	5.0	15.0	4.0	
404.0	0.0	2.0	384.0	384.0	399.0	15.0	89.0	5.0	14.0	2.0	
405.0	1.0	2.0	384.0	384.0	401.0	17.0	67.0	4.0	3.0	3.0	
406.0	1.0	2.0	379.0	379.0	396.0	17.0	51.0	3.0	2.0	3.0	
407.0	0.0	2.0	380.0	380.0	396.0	16.0	97.0	5.0	9.0	3.0	
408.0	0.0	2.0	384.0	384.0	399.0	15.0	100.0	5.0	14.0	1.0	
409.0	1.0	2.0	384.0	384.0	401.0	17.0	87.0	5.0	5.0	5.0	
410.0	1.0	2.0	373.0	373.0	390.0	17.0	70.0	4.0	11.0	5.0	
411.0	1.0	2.0	371.0	371.0	388.0	17.0	18.0	1.0	2.0	5.0	
412.0	1.0	2.0	389.0	389.0	406.0	17.0	70.0	4.0	11.0	5.0	
413.0	1.0	2.0	336.0	336.0	353.0	17.0	29.0	2.0	2.0	5.0	
414.0	0.0	2.0	384.0	384.0	399.0	15.0	99.0	5.0	12.0	3.0	
415.0	0.0	2.0	388.0	388.0	403.0	15.0	82.0	5.0	6.0	2.0	
416.0	0.0	2.0	384.0	384.0	399.0	15.0	84.0	5.0	12.0	2.0	
417.0	1.0	2.0	353.0	353.0	370.0	17.0	33.0	2.0	14.0	1.0	
418.0	0.0	2.0	387.0	387.0	402.0	15.0	90.0	5.0	4.0	1.0	
419.0	0.0	2.0	392.0	392.0	407.0	15.0	94.0	5.0	13.0	1.0	
420.0	0.0	2.0	388.0	388.0	403.0	15.0	96.0	5.0	15.0	3.0	
421.0	1.0	2.0	375.0	375.0	392.0	17.0	71.0	4.0	11.0	3.0	
422.0	1.0	2.0	368.0	368.0	385.0	17.0	47.0	3.0	15.0	5.0	
423.0	1.0	2.0	319.0	319.0	336.0	17.0	69.0	4.0	12.0	2.0	
424.0	0.0	2.0	384.0	384.0	399.0	15.0	88.0	5.0	4.0	3.0	
425.0	0.0	2.0	313.0	313.0	328.0	15.0	93.0	5.0	4.0	5.0	
426.0	1.0	2.0	390.0	390.0	407.0	17.0	70.0	4.0	11.0	5.0	
427.0	0.0	2.0	313.0	313.0	328.0	15.0	98.0	5.0	15.0	2.0	
428.0	0.0	2.0	313.0	313.0	328.0	15.0	82.0	5.0	6.0	2.0	
429.0	0.0	2.0	313.0	313.0	328.0	15.0	83.0	5.0	5.0	1.0	
430.0	0.0	2.0	385.0	385.0	400.0	15.0	88.0	5.0	4.0	3.0	
431.0	1.0	2.0	385.0	385.0	402.0	17.0	47.0	3.0	15.0	5.0	
432.0	1.0	2.0	313.0	313.0	330.0	17.0	52.0	3.0	4.0	3.0	
433.0	1.0	2.0	313.0	313.0	330.0	17.0	47.0	3.0	15.0	5.0	
434.0	0.0	2.0	313.0	313.0	328.0	15.0	99.0	5.0	12.0	3.0	
435.0	1.0	2.0	329.0	329.0	346.0	17.0	62.0	4.0	7.0	4.0	
436.0	1.0	2.0	389.0	389.0	406.0	17.0	77.0	4.0	8.0	2.0	
437.0	1.0	2.0	378.0	378.0	395.0	17.0	74.0	4.0	1.0	3.0	
438.0	1.0	2.0	371.0	371.0	388.0	17.0	36.0	2.0	15.0	4.0	
439.0	1.0	2.0	374.0	374.0	391.0	17.0	50.0	3.0	9.0	1.0	
440.0	1.0	2.0	381.0	381.0	398.0	17.0	57.0	3.0	14.0	3.0	
441.0	1.0	2.0	376.0	376.0	393.0	17.0	72.0	4.0	11.0	2.0	
442.0	0.0	2.0	388.0	388.0	403.0	15.0	82.0	5.0	6.0	2.0	
443.0	0.0	2.0	390.0	390.0	405.0	15.0	86.0	5.0	15.0	4.0	
444.0	0.0	2.0	328.0	328.0	343.0	15.0	88.0	5.0	4.0	3.0	
445.0	0.0	2.0	389.0	389.0	404.0	15.0	92.0	5.0	10.0	4.0	
446.0	1.0	2.0	379.0	379.0	396.0	17.0	55.0	3.0	6.0	4.0	
447.0	1.0	2.0	371.0	371.0	388.0	17.0	49.0	3.0	12.0	1.0	
448.0	0.0	2.0	356.0	356.0	371.0	15.0	81.0	5.0	3.0	4.0	
449.0	0.0	2.0	328.0	328.0	343.0	15.0	84.0	5.0	12.0	2.0	
450.0	0.0	2.0	391.0	391.0	406.0	15.0	86.0	5.0	15.0	4.0	
451.0	1.0	2.0	356.0	356.0	373.0	17.0	22.0	2.0	6.0	2.0	
452.0	1.0	2.0	313.0	313.0	330.0	17.0	48.0	3.0	13.0	4.0	
453.0	1.0	2.0	386.0	386.0	403.0	17.0	74.0	4.0	1.0	3.0	
454.0	1.0	2.0	381.0	381.0	398.0	17.0	61.0	4.0	12.0	4.0	
455.0	1.0	2.0	371.0	371.0	388.0	17.0	68.0	4.0	5.0	3.0	
456.0	1.0	2.0	336.0	336.0	353.0	17.0	29.0	2.0	2.0	5.0	
457.0	1.0	2.0	376.0	376.0	393.0	17.0	69.0	4.0	12.0	2.0	
458.0	1.0	2.0	315.0	315.0	332.0	17.0	50.0	3.0	9.0	1.0	
459.0	1.0	2.0	383.0	383.0	400.0	17.0	48.0	3.0	13.0	4.0	
460.0	0.0	2.0	388.0	388.0	403.0	15.0	97.0	5.0	9.0	3.0	
461.0	1.0	2.0	384.0	384.0	401.0	17.0	46.0	3.0	14.0	3.0	
462.0	1.0	2.0	389.0	389.0	406.0	17.0	59.0	3.0	9.0	4.0	
463.0	0.0	2.0	356.0	356.0	371.0	15.0	85.0	5.0	3.0	5.0	
464.0	0.0	2.0	385.0	385.0	400.0	15.0	89.0	5.0	14.0	2.0	
465.0	1.0	2.0	381.0	381.0	398.0	17.0	41.0	3.0	15.0	4.0	
466.0	1.0	2.0	392.0	392.0	409.0	17.0	62.0	4.0	7.0	4.0	
467.0	1.0	2.0	356.0	356.0	373.0	17.0	16.0	1.0	14.0	2.0	
468.0	0.0	2.0	388.0	388.0	403.0	15.0	100.0	5.0	14.0	1.0	
469.0	1.0	2.0	385.0	385.0	402.0	17.0	45.0	3.0	5.0	4.0	
470.0	0.0	2.0	392.0	392.0	407.0	15.0	87.0	5.0	5.0	5.0	
471.0	1.0	2.0	311.0	311.0	328.0	17.0	63.0	4.0	15.0	1.0	
472.0	0.0	2.0	391.0	391.0	406.0	15.0	92.0	5.0	10.0	4.0	
473.0	0.0	2.0	388.0	388.0	403.0	15.0	97.0	5.0	9.0	3.0	
474.0	0.0	2.0	388.0	388.0	403.0	15.0	98.0	5.0	15.0	2.0	
475.0	1.0	2.0	387.0	387.0	404.0	17.0	29.0	2.0	2.0	5.0	
476.0	0.0	2.0	388.0	388.0	403.0	15.0	85.0	5.0	3.0	5.0	
477.0	1.0	2.0	380.0	380.0	397.0	17.0	66.0	4.0	12.0	5.0	
478.0	1.0	2.0	390.0	390.0	407.0	17.0	75.0	4.0	8.0	5.0	
479.0	0.0	2.0	388.0	388.0	403.0	15.0	95.0	5.0	8.0	5.0	
480.0	1.0	2.0	371.0	371.0	388.0	17.0	33.0	2.0	14.0	1.0	
481.0	0.0	2.0	389.0	389.0	404.0	15.0	81.0	5.0	3.0	4.0	
482.0	1.0	2.0	373.0	373.0	390.0	17.0	79.0	4.0	7.0	3.0	
483.0	0.0	2.0	392.0	392.0	407.0	15.0	85.0	5.0	3.0	5.0	
484.0	1.0	2.0	376.0	376.0	393.0	17.0	62.0	4.0	7.0	4.0	
485.0	1.0	2.0	390.0	390.0	407.0	17.0	70.0	4.0	11.0	5.0	
486.0	0.0	2.0	392.0	392.0	408.0	16.0	95.0	5.0	8.0	5.0	
487.0	1.0	2.0	356.0	356.0	373.0	17.0	42.0	3.0	4.0	1.0	
488.0	1.0	2.0	381.0	381.0	398.0	17.0	77.0	4.0	8.0	2.0	
489.0	1.0	2.0	380.0	380.0	397.0	17.0	66.0	4.0	12.0	5.0	
490.0	1.0	2.0	368.0	368.0	385.0	17.0	46.0	3.0	14.0	3.0	
491.0	1.0	2.0	336.0	336.0	353.0	17.0	28.0	2.0	8.0	1.0	
492.0	1.0	2.0	391.0	391.0	408.0	17.0	53.0	3.0	12.0	3.0	
493.0	0.0	2.0	388.0	388.0	403.0	15.0	97.0	5.0	9.0	3.0	
494.0	1.0	2.0	387.0	387.0	404.0	17.0	75.0	4.0	8.0	5.0	
495.0	1.0	2.0	356.0	356.0	373.0	17.0	60.0	3.0	3.0	3.0	
496.0	1.0	2.0	374.0	374.0	391.0	17.0	79.0	4.0	7.0	3.0	
497.0	1.0	2.0	381.0	381.0	398.0	17.0	44.0	3.0	3.0	5.0	
498.0	1.0	2.0	387.0	387.0	404.0	17.0	78.0	4.0	8.0	1.0	
499.0	1.0	2.0	390.0	390.0	407.0	17.0	78.0	4.0	8.0	1.0	
500.0	1.0	2.0	379.0	379.0	396.0	17.0	1.0	1.0	11.0	3.0	
501.0	1.0	2.0	352.0	352.0	369.0	17.0	67.0	4.0	3.0	3.0	
502.0	1.0	2.0	371.0	371.0	388.0	17.0	7.0	1.0	11.0	1.0	
503.0	0.0	2.0	384.0	385.0	400.0	15.0	86.0	5.0	15.0	4.0	
504.0	1.0	2.0	340.0	340.0	357.0	17.0	80.0	4.0	3.0	1.0	
505.0	1.0	2.0	372.0	372.0	389.0	17.0	45.0	3.0	5.0	4.0	
506.0	1.0	2.0	336.0	336.0	353.0	17.0	25.0	2.0	12.0	2.0	
507.0	1.0	2.0	357.0	357.0	374.0	17.0	72.0	4.0	11.0	2.0	
508.0	0.0	2.0	384.0	385.0	400.0	15.0	81.0	5.0	3.0	4.0	
509.0	1.0	2.0	371.0	371.0	388.0	17.0	77.0	4.0	8.0	2.0	
510.0	1.0	2.0	371.0	371.0	388.0	17.0	80.0	4.0	3.0	1.0	
511.0	1.0	2.0	380.0	380.0	397.0	17.0	78.0	4.0	8.0	1.0	
512.0	0.0	2.0	384.0	385.0	400.0	15.0	94.0	5.0	13.0	1.0	
513.0	1.0	2.0	311.0	311.0	328.0	17.0	62.0	4.0	7.0	4.0	
514.0	1.0	2.0	337.0	337.0	354.0	17.0	61.0	4.0	12.0	4.0	
515.0	1.0	2.0	357.0	357.0	374.0	17.0	69.0	4.0	12.0	2.0	
516.0	0.0	2.0	392.0	392.0	407.0	15.0	84.0	5.0	12.0	2.0	
517.0	0.0	2.0	387.0	387.0	402.0	15.0	89.0	5.0	14.0	2.0	
518.0	1.0	2.0	389.0	389.0	406.0	17.0	69.0	4.0	12.0	2.0	
519.0	1.0	2.0	378.0	378.0	395.0	17.0	75.0	4.0	8.0	5.0	
520.0	1.0	2.0	358.0	358.0	375.0	17.0	71.0	4.0	11.0	3.0	
521.0	0.0	2.0	384.0	385.0	400.0	15.0	99.0	5.0	12.0	3.0	
522.0	0.0	2.0	384.0	385.0	400.0	15.0	83.0	5.0	5.0	1.0	
523.0	1.0	2.0	380.0	380.0	397.0	17.0	78.0	4.0	8.0	1.0	
524.0	1.0	2.0	386.0	386.0	403.0	17.0	76.0	4.0	6.0	4.0	
525.0	0.0	2.0	390.0	390.0	405.0	15.0	91.0	5.0	9.0	5.0	
526.0	0.0	2.0	393.0	393.0	408.0	15.0	94.0	5.0	13.0	1.0	
527.0	0.0	2.0	390.0	390.0	405.0	15.0	99.0	5.0	12.0	3.0	
528.0	1.0	2.0	374.0	374.0	391.0	17.0	27.0	2.0	13.0	4.0	
529.0	0.0	2.0	384.0	385.0	400.0	15.0	83.0	5.0	5.0	1.0	
530.0	1.0	2.0	382.0	382.0	399.0	17.0	11.0	1.0	4.0	4.0	
531.0	1.0	2.0	386.0	386.0	403.0	17.0	61.0	4.0	12.0	4.0	
532.0	1.0	2.0	373.0	373.0	390.0	17.0	42.0	3.0	4.0	1.0	
533.0	1.0	2.0	357.0	357.0	374.0	17.0	69.0	4.0	12.0	2.0	
534.0	0.0	2.0	390.0	390.0	405.0	15.0	100.0	5.0	14.0	1.0	
535.0	0.0	2.0	390.0	390.0	405.0	15.0	82.0	5.0	6.0	2.0	
536.0	1.0	2.0	349.0	349.0	366.0	17.0	67.0	4.0	3.0	3.0	
537.0	1.0	2.0	388.0	389.0	406.0	17.0	73.0	4.0	13.0	3.0	
538.0	1.0	2.0	392.0	392.0	409.0	17.0	51.0	3.0	2.0	3.0	
539.0	0.0	2.0	390.0	390.0	405.0	15.0	93.0	5.0	4.0	5.0	
540.0	0.0	2.0	390.0	390.0	405.0	15.0	96.0	5.0	15.0	3.0	
541.0	0.0	2.0	390.0	390.0	405.0	15.0	99.0	5.0	12.0	3.0	
542.0	1.0	2.0	385.0	385.0	402.0	17.0	42.0	3.0	4.0	1.0	
543.0	1.0	2.0	365.0	365.0	382.0	17.0	11.0	1.0	4.0	4.0	
544.0	0.0	2.0	390.0	390.0	405.0	15.0	88.0	5.0	4.0	3.0	
545.0	1.0	2.0	375.0	375.0	392.0	17.0	73.0	4.0	13.0	3.0	
546.0	1.0	2.0	363.0	363.0	380.0	17.0	78.0	4.0	8.0	1.0	
547.0	1.0	2.0	385.0	385.0	402.0	17.0	47.0	3.0	15.0	5.0	
548.0	1.0	2.0	386.0	386.0	403.0	17.0	61.0	4.0	12.0	4.0	
549.0	0.0	2.0	378.0	378.0	393.0	15.0	85.0	5.0	3.0	5.0	
550.0	0.0	2.0	378.0	378.0	393.0	15.0	86.0	5.0	15.0	4.0	
551.0	0.0	2.0	390.0	390.0	405.0	15.0	91.0	5.0	9.0	5.0	
552.0	1.0	2.0	371.0	371.0	388.0	17.0	21.0	2.0	9.0	1.0	
553.0	1.0	2.0	378.0	378.0	395.0	17.0	54.0	3.0	10.0	5.0	
554.0	1.0	2.0	371.0	371.0	388.0	17.0	64.0	4.0	4.0	2.0	
555.0	0.0	2.0	390.0	390.0	405.0	15.0	82.0	5.0	6.0	2.0	
556.0	0.0	2.0	390.0	390.0	405.0	15.0	84.0	5.0	12.0	2.0	
557.0	0.0	2.0	390.0	390.0	405.0	15.0	87.0	5.0	5.0	5.0	
558.0	1.0	2.0	388.0	388.0	405.0	17.0	50.0	3.0	9.0	1.0	
559.0	1.0	2.0	315.0	315.0	332.0	17.0	46.0	3.0	14.0	3.0	
560.0	1.0	2.0	389.0	389.0	406.0	17.0	56.0	3.0	13.0	5.0	
561.0	0.0	2.0	391.0	391.0	406.0	15.0	81.0	5.0	3.0	4.0	
562.0	0.0	2.0	343.0	343.0	358.0	15.0	84.0	5.0	12.0	2.0	
563.0	0.0	2.0	343.0	343.0	358.0	15.0	86.0	5.0	15.0	4.0	
564.0	0.0	2.0	343.0	343.0	358.0	15.0	88.0	5.0	4.0	3.0	
565.0	0.0	2.0	343.0	343.0	358.0	15.0	91.0	5.0	9.0	5.0	
566.0	0.0	2.0	343.0	343.0	358.0	15.0	94.0	5.0	13.0	1.0	
567.0	0.0	2.0	343.0	343.0	358.0	15.0	98.0	5.0	15.0	2.0	
568.0	0.0	2.0	343.0	343.0	358.0	15.0	100.0	5.0	14.0	1.0	
569.0	0.0	2.0	390.0	390.0	405.0	15.0	83.0	5.0	5.0	1.0	
570.0	0.0	2.0	343.0	343.0	358.0	15.0	87.0	5.0	5.0	5.0	
571.0	0.0	2.0	343.0	343.0	358.0	15.0	89.0	5.0	14.0	2.0	
572.0	0.0	2.0	343.0	343.0	358.0	15.0	92.0	5.0	10.0	4.0	
573.0	0.0	2.0	343.0	343.0	358.0	15.0	95.0	5.0	8.0	5.0	
574.0	0.0	2.0	343.0	343.0	358.0	15.0	98.0	5.0	15.0	2.0	
575.0	0.0	2.0	343.0	343.0	358.0	15.0	81.0	5.0	3.0	4.0	
576.0	0.0	2.0	390.0	390.0	405.0	15.0	84.0	5.0	12.0	2.0	
577.0	0.0	2.0	343.0	343.0	358.0	15.0	87.0	5.0	5.0	5.0	
578.0	0.0	2.0	345.0	345.0	360.0	15.0	91.0	5.0	9.0	5.0	
579.0	0.0	2.0	345.0	345.0	360.0	15.0	93.0	5.0	4.0	5.0	
580.0	0.0	2.0	390.0	390.0	405.0	15.0	97.0	5.0	9.0	3.0	
581.0	0.0	2.0	382.0	382.0	397.0	15.0	81.0	5.0	3.0	4.0	
582.0	0.0	2.0	390.0	390.0	405.0	15.0	82.0	5.0	6.0	2.0	
583.0	0.0	2.0	390.0	390.0	405.0	15.0	87.0	5.0	5.0	5.0	
584.0	1.0	2.0	389.0	389.0	406.0	17.0	61.0	4.0	12.0	4.0	
585.0	1.0	2.0	391.0	391.0	408.0	17.0	51.0	3.0	2.0	3.0	
586.0	0.0	2.0	390.0	390.0	405.0	15.0	94.0	5.0	13.0	1.0	
587.0	1.0	2.0	386.0	386.0	403.0	17.0	72.0	4.0	11.0	2.0	
588.0	0.0	2.0	392.0	392.0	407.0	15.0	100.0	5.0	14.0	1.0	
589.0	1.0	2.0	371.0	371.0	388.0	17.0	24.0	2.0	14.0	4.0	
590.0	1.0	2.0	374.0	374.0	391.0	17.0	66.0	4.0	12.0	5.0	
591.0	0.0	2.0	296.0	296.0	311.0	15.0	89.0	5.0	14.0	2.0	
592.0	0.0	2.0	296.0	296.0	311.0	15.0	92.0	5.0	10.0	4.0	
593.0	0.0	2.0	296.0	296.0	311.0	15.0	95.0	5.0	8.0	5.0	
594.0	0.0	2.0	296.0	296.0	311.0	15.0	98.0	5.0	15.0	2.0	
595.0	0.0	2.0	296.0	296.0	311.0	15.0	81.0	5.0	3.0	4.0	
596.0	0.0	2.0	296.0	296.0	311.0	15.0	84.0	5.0	12.0	2.0	
597.0	0.0	2.0	296.0	296.0	311.0	15.0	87.0	5.0	5.0	5.0	
598.0	0.0	2.0	296.0	296.0	311.0	15.0	90.0	5.0	4.0	1.0	
599.0	0.0	2.0	296.0	296.0	311.0	15.0	93.0	5.0	4.0	5.0	
600.0	0.0	2.0	296.0	296.0	311.0	15.0	96.0	5.0	15.0	3.0	
601.0	0.0	2.0	296.0	296.0	311.0	15.0	99.0	5.0	12.0	3.0	
602.0	0.0	2.0	296.0	296.0	311.0	15.0	82.0	5.0	6.0	2.0	
603.0	0.0	2.0	296.0	296.0	311.0	15.0	85.0	5.0	3.0	5.0	
604.0	0.0	2.0	296.0	296.0	311.0	15.0	88.0	5.0	4.0	3.0	
605.0	0.0	2.0	296.0	296.0	311.0	15.0	91.0	5.0	9.0	5.0	
606.0	0.0	2.0	296.0	296.0	311.0	15.0	94.0	5.0	13.0	1.0	
607.0	0.0	2.0	296.0	296.0	311.0	15.0	97.0	5.0	9.0	3.0	
608.0	0.0	2.0	296.0	296.0	311.0	15.0	100.0	5.0	14.0	1.0	
609.0	0.0	2.0	296.0	296.0	311.0	15.0	83.0	5.0	5.0	1.0	
610.0	0.0	2.0	296.0	296.0	311.0	15.0	86.0	5.0	15.0	4.0	
611.0	0.0	2.0	296.0	296.0	311.0	15.0	89.0	5.0	14.0	2.0	
612.0	0.0	2.0	296.0	296.0	311.0	15.0	92.0	5.0	10.0	4.0	
613.0	0.0	2.0	296.0	296.0	311.0	15.0	95.0	5.0	8.0	5.0	
614.0	0.0	2.0	296.0	296.0	311.0	15.0	98.0	5.0	15.0	2.0	
615.0	0.0	2.0	296.0	296.0	311.0	15.0	81.0	5.0	3.0	4.0	
616.0	0.0	2.0	296.0	296.0	311.0	15.0	84.0	5.0	12.0	2.0	
617.0	0.0	2.0	296.0	296.0	311.0	15.0	87.0	5.0	5.0	5.0	
618.0	0.0	2.0	296.0	296.0	311.0	15.0	90.0	5.0	4.0	1.0	
619.0	0.0	2.0	296.0	296.0	311.0	15.0	93.0	5.0	4.0	5.0	
620.0	0.0	2.0	296.0	296.0	311.0	15.0	96.0	5.0	15.0	3.0	
621.0	0.0	2.0	296.0	296.0	311.0	15.0	99.0	5.0	12.0	3.0	
622.0	0.0	2.0	296.0	296.0	311.0	15.0	82.0	5.0	6.0	2.0	
623.0	0.0	2.0	296.0	296.0	311.0	15.0	85.0	5.0	3.0	5.0	
624.0	0.0	2.0	296.0	296.0	311.0	15.0	88.0	5.0	4.0	3.0	
625.0	0.0	2.0	296.0	296.0	311.0	15.0	91.0	5.0	9.0	5.0	
626.0	0.0	2.0	296.0	296.0	311.0	15.0	94.0	5.0	13.0	1.0	
627.0	0.0	2.0	296.0	296.0	311.0	15.0	97.0	5.0	9.0	3.0	
628.0	0.0	2.0	296.0	296.0	311.0	15.0	100.0	5.0	14.0	1.0	
629.0	0.0	2.0	296.0	296.0	311.0	15.0	83.0	5.0	5.0	1.0	
630.0	0.0	2.0	296.0	296.0	311.0	15.0	86.0	5.0	15.0	4.0	
631.0	0.0	2.0	296.0	296.0	311.0	15.0	89.0	5.0	14.0	2.0	
632.0	0.0	2.0	296.0	296.0	311.0	15.0	92.0	5.0	10.0	4.0	
633.0	0.0	2.0	296.0	296.0	311.0	15.0	95.0	5.0	8.0	5.0	
634.0	0.0	2.0	296.0	296.0	311.0	15.0	98.0	5.0	15.0	2.0	
635.0	0.0	2.0	296.0	296.0	311.0	15.0	81.0	5.0	3.0	4.0	
636.0	0.0	2.0	296.0	296.0	311.0	15.0	84.0	5.0	12.0	2.0	
637.0	0.0	2.0	296.0	296.0	311.0	15.0	87.0	5.0	5.0	5.0	
638.0	0.0	2.0	296.0	296.0	311.0	15.0	91.0	5.0	9.0	5.0	
639.0	0.0	2.0	296.0	296.0	311.0	15.0	93.0	5.0	4.0	5.0	
640.0	0.0	2.0	296.0	296.0	311.0	15.0	97.0	5.0	9.0	3.0	
641.0	0.0	2.0	296.0	296.0	311.0	15.0	99.0	5.0	12.0	3.0	
642.0	0.0	2.0	296.0	296.0	311.0	15.0	82.0	5.0	6.0	2.0	
643.0	0.0	2.0	296.0	296.0	311.0	15.0	85.0	5.0	3.0	5.0	
644.0	0.0	2.0	296.0	296.0	311.0	15.0	88.0	5.0	4.0	3.0	
645.0	0.0	2.0	296.0	296.0	311.0	15.0	91.0	5.0	9.0	5.0	
646.0	0.0	2.0	296.0	296.0	311.0	15.0	94.0	5.0	13.0	1.0	
647.0	0.0	2.0	296.0	296.0	311.0	15.0	97.0	5.0	9.0	3.0	
648.0	0.0	2.0	296.0	296.0	311.0	15.0	100.0	5.0	14.0	1.0	
649.0	0.0	2.0	296.0	296.0	311.0	15.0	83.0	5.0	5.0	1.0	
650.0	0.0	2.0	296.0	296.0	311.0	15.0	86.0	5.0	15.0	4.0	
651.0	0.0	2.0	296.0	296.0	311.0	15.0	89.0	5.0	14.0	2.0	
652.0	0.0	2.0	296.0	296.0	311.0	15.0	92.0	5.0	10.0	4.0	
653.0	0.0	2.0	296.0	296.0	311.0	15.0	95.0	5.0	8.0	5.0	
654.0	0.0	2.0	296.0	296.0	311.0	15.0	100.0	5.0	14.0	1.0	
655.0	1.0	2.0	391.0	391.0	408.0	17.0	72.0	4.0	11.0	2.0	
656.0	0.0	2.0	296.0	296.0	311.0	15.0	84.0	5.0	12.0	2.0	
657.0	0.0	2.0	296.0	296.0	311.0	15.0	87.0	5.0	5.0	5.0	
658.0	0.0	2.0	296.0	296.0	311.0	15.0	91.0	5.0	9.0	5.0	
659.0	0.0	2.0	296.0	296.0	311.0	15.0	94.0	5.0	13.0	1.0	
660.0	0.0	2.0	374.0	374.0	389.0	15.0	98.0	5.0	15.0	2.0	
661.0	0.0	2.0	296.0	296.0	311.0	15.0	100.0	5.0	14.0	1.0	
662.0	1.0	2.0	296.0	296.0	313.0	17.0	80.0	4.0	3.0	1.0	
663.0	0.0	2.0	296.0	296.0	311.0	15.0	85.0	5.0	3.0	5.0	
664.0	0.0	2.0	296.0	296.0	311.0	15.0	88.0	5.0	4.0	3.0	
665.0	0.0	2.0	296.0	296.0	311.0	15.0	92.0	5.0	10.0	4.0	
666.0	0.0	2.0	390.0	390.0	405.0	15.0	95.0	5.0	8.0	5.0	
667.0	0.0	2.0	390.0	390.0	405.0	15.0	97.0	5.0	9.0	3.0	
668.0	1.0	2.0	336.0	336.0	353.0	17.0	28.0	2.0	8.0	1.0	
669.0	1.0	2.0	381.0	381.0	398.0	17.0	70.0	4.0	11.0	5.0	
670.0	1.0	2.0	374.0	374.0	391.0	17.0	70.0	4.0	11.0	5.0	
671.0	0.0	2.0	296.0	296.0	311.0	15.0	89.0	5.0	14.0	2.0	
672.0	1.0	2.0	378.0	378.0	395.0	17.0	66.0	4.0	12.0	5.0	
673.0	0.0	2.0	392.0	392.0	408.0	16.0	97.0	5.0	9.0	3.0	
674.0	1.0	2.0	353.0	353.0	370.0	17.0	78.0	4.0	8.0	1.0	
675.0	1.0	2.0	374.0	374.0	391.0	17.0	78.0	4.0	8.0	1.0	
676.0	1.0	2.0	381.0	381.0	398.0	17.0	47.0	3.0	15.0	5.0	
677.0	1.0	2.0	350.0	350.0	367.0	17.0	63.0	4.0	15.0	1.0	
678.0	0.0	2.0	357.0	357.0	372.0	15.0	90.0	5.0	4.0	1.0	
679.0	0.0	2.0	394.0	394.0	409.0	15.0	95.0	5.0	8.0	5.0	
680.0	1.0	2.0	383.0	383.0	400.0	17.0	46.0	3.0	14.0	3.0	
681.0	0.0	2.0	392.0	392.0	408.0	16.0	81.0	5.0	3.0	4.0	
682.0	0.0	2.0	392.0	392.0	407.0	15.0	83.0	5.0	5.0	1.0	
683.0	1.0	2.0	392.0	392.0	409.0	17.0	61.0	4.0	12.0	4.0	
684.0	0.0	2.0	372.0	372.0	387.0	15.0	90.0	5.0	4.0	1.0	
685.0	1.0	2.0	296.0	296.0	313.0	17.0	69.0	4.0	12.0	2.0	
686.0	0.0	2.0	369.0	369.0	384.0	15.0	94.0	5.0	13.0	1.0	
687.0	1.0	2.0	379.0	379.0	396.0	17.0	74.0	4.0	1.0	3.0	
688.0	1.0	2.0	296.0	296.0	313.0	17.0	78.0	4.0	8.0	1.0	
689.0	0.0	2.0	369.0	369.0	384.0	15.0	83.0	5.0	5.0	1.0	
690.0	1.0	2.0	371.0	371.0	388.0	17.0	24.0	2.0	14.0	4.0	
691.0	1.0	2.0	376.0	376.0	394.0	18.0	35.0	2.0	10.0	5.0	
692.0	0.0	2.0	393.0	393.0	408.0	15.0	92.0	5.0	10.0	4.0	
693.0	1.0	2.0	386.0	386.0	403.0	17.0	68.0	4.0	5.0	3.0	
694.0	1.0	2.0	392.0	392.0	409.0	17.0	52.0	3.0	4.0	3.0	
695.0	1.0	2.0	390.0	390.0	407.0	17.0	54.0	3.0	10.0	5.0	
696.0	1.0	2.0	386.0	386.0	403.0	17.0	61.0	4.0	12.0	4.0	
697.0	1.0	2.0	390.0	390.0	407.0	17.0	13.0	1.0	3.0	1.0	
698.0	0.0	2.0	393.0	393.0	408.0	15.0	91.0	5.0	9.0	5.0	
699.0	0.0	2.0	351.0	351.0	366.0	15.0	93.0	5.0	4.0	5.0	
700.0	0.0	2.0	392.0	392.0	407.0	15.0	98.0	5.0	15.0	2.0	
701.0	1.0	2.0	296.0	296.0	313.0	17.0	68.0	4.0	5.0	3.0	
702.0	0.0	2.0	392.0	392.0	408.0	16.0	82.0	5.0	6.0	2.0	
703.0	0.0	2.0	393.0	393.0	408.0	15.0	85.0	5.0	3.0	5.0	
704.0	1.0	2.0	380.0	380.0	397.0	17.0	44.0	3.0	3.0	5.0	
705.0	1.0	2.0	372.0	372.0	389.0	17.0	60.0	3.0	3.0	3.0	
706.0	1.0	2.0	391.0	391.0	408.0	17.0	73.0	4.0	13.0	3.0	
707.0	1.0	2.0	389.0	390.0	407.0	17.0	48.0	3.0	13.0	4.0	
708.0	0.0	2.0	394.0	394.0	409.0	15.0	100.0	5.0	14.0	1.0	
709.0	1.0	2.0	387.0	387.0	404.0	17.0	33.0	2.0	14.0	1.0	
710.0	1.0	2.0	387.0	387.0	404.0	17.0	79.0	4.0	7.0	3.0	
711.0	1.0	2.0	386.0	387.0	404.0	17.0	73.0	4.0	13.0	3.0	
712.0	1.0	2.0	379.0	379.0	396.0	17.0	10.0	1.0	15.0	1.0	
713.0	1.0	2.0	388.0	388.0	405.0	17.0	43.0	3.0	13.0	1.0	
714.0	1.0	2.0	392.0	392.0	409.0	17.0	43.0	3.0	13.0	1.0	
715.0	1.0	2.0	380.0	380.0	397.0	17.0	63.0	4.0	15.0	1.0	
716.0	1.0	2.0	372.0	372.0	389.0	17.0	79.0	4.0	7.0	3.0	
717.0	0.0	2.0	390.0	390.0	405.0	15.0	89.0	5.0	14.0	2.0	
718.0	0.0	2.0	367.0	367.0	382.0	15.0	90.0	5.0	4.0	1.0	
719.0	1.0	2.0	374.0	374.0	391.0	17.0	53.0	3.0	12.0	3.0	
720.0	1.0	2.0	296.0	296.0	313.0	17.0	67.0	4.0	3.0	3.0	
721.0	0.0	2.0	388.0	388.0	403.0	15.0	100.0	5.0	14.0	1.0	
722.0	1.0	2.0	382.0	382.0	399.0	17.0	76.0	4.0	6.0	4.0	
723.0	0.0	2.0	388.0	388.0	403.0	15.0	85.0	5.0	3.0	5.0	
724.0	1.0	2.0	386.0	386.0	403.0	17.0	77.0	4.0	8.0	2.0	
725.0	1.0	2.0	350.0	350.0	367.0	17.0	80.0	4.0	3.0	1.0	
726.0	1.0	2.0	296.0	296.0	313.0	17.0	75.0	4.0	8.0	5.0	
727.0	1.0	2.0	296.0	296.0	313.0	17.0	71.0	4.0	11.0	3.0	
728.0	1.0	2.0	374.0	374.0	391.0	17.0	51.0	3.0	2.0	3.0	
729.0	0.0	2.0	388.0	388.0	403.0	15.0	83.0	5.0	5.0	1.0	
730.0	1.0	2.0	336.0	336.0	353.0	17.0	33.0	2.0	14.0	1.0	
731.0	0.0	2.0	392.0	392.0	408.0	16.0	89.0	5.0	14.0	2.0	
732.0	0.0	2.0	388.0	388.0	403.0	15.0	92.0	5.0	10.0	4.0	
733.0	0.0	2.0	388.0	388.0	403.0	15.0	95.0	5.0	8.0	5.0	
734.0	0.0	2.0	377.0	377.0	392.0	15.0	98.0	5.0	15.0	2.0	
735.0	1.0	2.0	374.0	374.0	391.0	17.0	23.0	2.0	7.0	3.0	
736.0	1.0	2.0	385.0	385.0	402.0	17.0	30.0	2.0	14.0	1.0	
737.0	1.0	2.0	380.0	380.0	397.0	17.0	64.0	4.0	4.0	2.0	
738.0	1.0	2.0	296.0	296.0	313.0	17.0	65.0	4.0	11.0	2.0	
739.0	1.0	2.0	371.0	371.0	388.0	17.0	37.0	2.0	5.0	2.0	
740.0	0.0	2.0	377.0	377.0	392.0	15.0	98.0	5.0	15.0	2.0	
741.0	0.0	2.0	349.0	349.0	364.0	15.0	81.0	5.0	3.0	4.0	
742.0	0.0	2.0	388.0	388.0	403.0	15.0	84.0	5.0	12.0	2.0	
743.0	1.0	2.0	296.0	296.0	313.0	17.0	78.0	4.0	8.0	1.0	
744.0	0.0	2.0	388.0	388.0	403.0	15.0	88.0	5.0	4.0	3.0	
745.0	1.0	2.0	296.0	296.0	313.0	17.0	72.0	4.0	11.0	2.0	
746.0	1.0	2.0	375.0	375.0	392.0	17.0	45.0	3.0	5.0	4.0	
747.0	1.0	2.0	296.0	296.0	313.0	17.0	69.0	4.0	12.0	2.0	
748.0	0.0	2.0	388.0	388.0	403.0	15.0	81.0	5.0	3.0	4.0	
749.0	1.0	2.0	296.0	296.0	313.0	17.0	71.0	4.0	11.0	3.0	
750.0	0.0	2.0	388.0	388.0	403.0	15.0	86.0	5.0	15.0	4.0	
751.0	1.0	2.0	358.0	358.0	375.0	17.0	71.0	4.0	11.0	3.0	
752.0	0.0	2.0	388.0	388.0	403.0	15.0	94.0	5.0	13.0	1.0	
753.0	1.0	2.0	387.0	387.0	404.0	17.0	77.0	4.0	8.0	2.0	
754.0	0.0	2.0	387.0	387.0	402.0	15.0	99.0	5.0	12.0	3.0	
755.0	0.0	2.0	394.0	394.0	409.0	15.0	82.0	5.0	6.0	2.0	
756.0	1.0	2.0	357.0	357.0	374.0	17.0	72.0	4.0	11.0	2.0	
757.0	1.0	2.0	374.0	374.0	391.0	17.0	69.0	4.0	12.0	2.0	
758.0	0.0	2.0	393.0	393.0	408.0	15.0	90.0	5.0	4.0	1.0	
759.0	1.0	2.0	313.0	313.0	330.0	17.0	72.0	4.0	11.0	2.0	
760.0	1.0	2.0	311.0	311.0	328.0	17.0	75.0	4.0	8.0	5.0	
761.0	1.0	2.0	311.0	311.0	328.0	17.0	72.0	4.0	11.0	2.0	
762.0	1.0	2.0	313.0	313.0	330.0	17.0	44.0	3.0	3.0	5.0	
763.0	1.0	2.0	326.0	326.0	343.0	17.0	71.0	4.0	11.0	3.0	
764.0	1.0	2.0	296.0	296.0	313.0	17.0	61.0	4.0	12.0	4.0	
765.0	1.0	2.0	296.0	296.0	313.0	17.0	61.0	4.0	12.0	4.0	
766.0	0.0	2.0	388.0	388.0	403.0	15.0	96.0	5.0	15.0	3.0	
767.0	1.0	2.0	296.0	296.0	313.0	17.0	80.0	4.0	3.0	1.0	
768.0	0.0	2.0	394.0	394.0	409.0	15.0	100.0	5.0	14.0	1.0	
769.0	1.0	2.0	296.0	296.0	313.0	17.0	77.0	4.0	8.0	2.0	
770.0	0.0	2.0	388.0	388.0	403.0	15.0	86.0	5.0	15.0	4.0	
771.0	1.0	2.0	372.0	372.0	389.0	17.0	31.0	2.0	8.0	1.0	
772.0	1.0	2.0	366.0	366.0	383.0	17.0	65.0	4.0	11.0	2.0	
773.0	1.0	2.0	332.0	332.0	349.0	17.0	49.0	3.0	12.0	1.0	
774.0	1.0	2.0	371.0	371.0	388.0	17.0	73.0	4.0	13.0	3.0	
775.0	1.0	2.0	391.0	391.0	408.0	17.0	43.0	3.0	13.0	1.0	
776.0	0.0	2.0	388.0	388.0	403.0	15.0	86.0	5.0	15.0	4.0	
777.0	1.0	2.0	313.0	313.0	330.0	17.0	52.0	3.0	4.0	3.0	
778.0	1.0	2.0	296.0	296.0	313.0	17.0	66.0	4.0	12.0	5.0	
779.0	1.0	2.0	356.0	356.0	373.0	17.0	3.0	1.0	6.0	4.0	
780.0	1.0	2.0	386.0	386.0	403.0	17.0	73.0	4.0	13.0	3.0	
781.0	0.0	2.0	387.0	387.0	402.0	15.0	99.0	5.0	12.0	3.0	
782.0	0.0	2.0	392.0	392.0	408.0	16.0	84.0	5.0	12.0	2.0	
783.0	1.0	2.0	313.0	313.0	330.0	17.0	76.0	4.0	6.0	4.0	
784.0	1.0	2.0	387.0	387.0	404.0	17.0	61.0	4.0	12.0	4.0	
785.0	0.0	2.0	395.0	395.0	410.0	15.0	91.0	5.0	9.0	5.0	
786.0	1.0	2.0	296.0	296.0	313.0	17.0	77.0	4.0	8.0	2.0	
787.0	0.0	2.0	388.0	388.0	403.0	15.0	98.0	5.0	15.0	2.0	
788.0	1.0	2.0	389.0	389.0	406.0	17.0	52.0	3.0	4.0	3.0	
789.0	0.0	2.0	393.0	393.0	409.0	16.0	85.0	5.0	3.0	5.0	
790.0	0.0	2.0	388.0	388.0	403.0	15.0	86.0	5.0	15.0	4.0	
791.0	1.0	2.0	313.0	313.0	330.0	17.0	61.0	4.0	12.0	4.0	
792.0	1.0	2.0	379.0	379.0	396.0	17.0	54.0	3.0	10.0	5.0	
793.0	1.0	2.0	311.0	311.0	328.0	17.0	77.0	4.0	8.0	2.0	
794.0	1.0	2.0	343.0	343.0	360.0	17.0	74.0	4.0	1.0	3.0	
795.0	1.0	2.0	387.0	387.0	404.0	17.0	26.0	2.0	1.0	2.0	
796.0	1.0	2.0	392.0	392.0	409.0	17.0	77.0	4.0	8.0	2.0	
797.0	0.0	2.0	388.0	388.0	403.0	15.0	87.0	5.0	5.0	5.0	
798.0	0.0	2.0	351.0	352.0	367.0	15.0	90.0	5.0	4.0	1.0	
799.0	1.0	2.0	392.0	392.0	409.0	17.0	76.0	4.0	6.0	4.0	
800.0	1.0	2.0	296.0	296.0	313.0	17.0	80.0	4.0	3.0	1.0	
801.0	0.0	2.0	396.0	396.0	411.0	15.0	100.0	5.0	14.0	1.0	
802.0	1.0	2.0	386.0	386.0	403.0	17.0	74.0	4.0	1.0	3.0	
803.0	0.0	2.0	388.0	388.0	403.0	15.0	87.0	5.0	5.0	5.0	
804.0	1.0	2.0	313.0	313.0	330.0	17.0	65.0	4.0	11.0	2.0	
805.0	0.0	2.0	396.0	396.0	411.0	15.0	92.0	5.0	10.0	4.0	
806.0	1.0	2.0	374.0	374.0	391.0	17.0	69.0	4.0	12.0	2.0	
807.0	1.0	2.0	380.0	380.0	397.0	17.0	22.0	2.0	6.0	2.0	
808.0	1.0	2.0	395.0	395.0	412.0	17.0	35.0	2.0	10.0	5.0	
809.0	1.0	2.0	296.0	296.0	313.0	17.0	79.0	4.0	7.0	3.0	
810.0	1.0	2.0	371.0	371.0	388.0	17.0	2.0	1.0	14.0	1.0	
811.0	1.0	2.0	371.0	371.0	388.0	17.0	67.0	4.0	3.0	3.0	
812.0	1.0	2.0	392.0	392.0	409.0	17.0	45.0	3.0	5.0	4.0	
813.0	0.0	2.0	393.0	393.0	408.0	15.0	97.0	5.0	9.0	3.0	
814.0	1.0	2.0	326.0	326.0	343.0	17.0	74.0	4.0	1.0	3.0	
815.0	0.0	2.0	396.0	396.0	411.0	15.0	81.0	5.0	3.0	4.0	
816.0	1.0	2.0	371.0	371.0	388.0	17.0	65.0	4.0	11.0	2.0	
817.0	0.0	2.0	393.0	393.0	408.0	15.0	88.0	5.0	4.0	3.0	
818.0	1.0	2.0	373.0	373.0	390.0	17.0	65.0	4.0	11.0	2.0	
819.0	1.0	2.0	313.0	313.0	330.0	17.0	78.0	4.0	8.0	1.0	
820.0	0.0	2.0	388.0	388.0	403.0	15.0	98.0	5.0	15.0	2.0	
821.0	0.0	2.0	374.0	374.0	389.0	15.0	81.0	5.0	3.0	4.0	
822.0	1.0	2.0	386.0	386.0	404.0	18.0	99.0	5.0	12.0	3.0	
823.0	0.0	2.0	394.0	394.0	409.0	15.0	87.0	5.0	5.0	5.0	
824.0	0.0	2.0	394.0	395.0	410.0	15.0	88.0	5.0	4.0	3.0	
825.0	0.0	2.0	386.0	386.0	401.0	15.0	93.0	5.0	4.0	5.0	
826.0	0.0	2.0	394.0	394.0	409.0	15.0	95.0	5.0	8.0	5.0	
827.0	1.0	2.0	372.0	372.0	389.0	17.0	80.0	4.0	3.0	1.0	
828.0	1.0	2.0	357.0	357.0	374.0	17.0	27.0	2.0	13.0	4.0	
829.0	1.0	2.0	389.0	389.0	406.0	17.0	72.0	4.0	11.0	2.0	
830.0	0.0	2.0	359.0	359.0	374.0	15.0	87.0	5.0	5.0	5.0	
831.0	1.0	2.0	296.0	296.0	313.0	17.0	76.0	4.0	6.0	4.0	
832.0	0.0	2.0	359.0	359.0	374.0	15.0	93.0	5.0	4.0	5.0	
833.0	1.0	2.0	313.0	313.0	330.0	17.0	53.0	3.0	12.0	3.0	
834.0	1.0	2.0	313.0	313.0	330.0	17.0	70.0	4.0	11.0	5.0	
835.0	1.0	2.0	296.0	296.0	313.0	17.0	74.0	4.0	1.0	3.0	
836.0	0.0	2.0	359.0	359.0	374.0	15.0	84.0	5.0	12.0	2.0	
837.0	0.0	2.0	359.0	359.0	374.0	15.0	87.0	5.0	5.0	5.0	
838.0	1.0	2.0	296.0	296.0	313.0	17.0	73.0	4.0	13.0	3.0	
839.0	1.0	2.0	296.0	296.0	313.0	17.0	62.0	4.0	7.0	4.0	
840.0	0.0	2.0	359.0	359.0	374.0	15.0	96.0	5.0	15.0	3.0	
841.0	0.0	2.0	359.0	359.0	374.0	15.0	99.0	5.0	12.0	3.0	
842.0	0.0	2.0	359.0	359.0	374.0	15.0	82.0	5.0	6.0	2.0	
843.0	1.0	2.0	296.0	296.0	313.0	17.0	67.0	4.0	3.0	3.0	
844.0	1.0	2.0	394.0	394.0	411.0	17.0	80.0	4.0	3.0	1.0	
845.0	0.0	2.0	359.0	359.0	374.0	15.0	91.0	5.0	9.0	5.0	
846.0	0.0	2.0	359.0	359.0	374.0	15.0	95.0	5.0	8.0	5.0	
847.0	0.0	2.0	349.0	349.0	364.0	15.0	99.0	5.0	12.0	3.0	
848.0	1.0	2.0	296.0	296.0	313.0	17.0	77.0	4.0	8.0	2.0	
849.0	0.0	2.0	359.0	359.0	374.0	15.0	83.0	5.0	5.0	1.0	
850.0	0.0	2.0	359.0	359.0	374.0	15.0	87.0	5.0	5.0	5.0	
851.0	0.0	2.0	359.0	359.0	374.0	15.0	91.0	5.0	9.0	5.0	
852.0	0.0	2.0	359.0	359.0	374.0	15.0	93.0	5.0	4.0	5.0	
853.0	0.0	2.0	359.0	359.0	374.0	15.0	95.0	5.0	8.0	5.0	
854.0	0.0	2.0	349.0	349.0	364.0	15.0	99.0	5.0	12.0	3.0	
855.0	0.0	2.0	359.0	359.0	374.0	15.0	82.0	5.0	6.0	2.0	
856.0	0.0	2.0	359.0	359.0	374.0	15.0	84.0	5.0	12.0	2.0	
857.0	0.0	2.0	395.0	395.0	410.0	15.0	89.0	5.0	14.0	2.0	
858.0	1.0	2.0	353.0	353.0	370.0	17.0	49.0	3.0	12.0	1.0	
859.0	1.0	2.0	356.0	356.0	373.0	17.0	13.0	1.0	3.0	1.0	
860.0	0.0	2.0	359.0	359.0	374.0	15.0	97.0	5.0	9.0	3.0	
861.0	1.0	2.0	347.0	347.0	364.0	17.0	42.0	3.0	4.0	1.0	
862.0	0.0	2.0	359.0	359.0	374.0	15.0	82.0	5.0	6.0	2.0	
863.0	0.0	2.0	328.0	328.0	343.0	15.0	87.0	5.0	5.0	5.0	
864.0	0.0	2.0	328.0	328.0	343.0	15.0	88.0	5.0	4.0	3.0	
865.0	0.0	2.0	328.0	328.0	343.0	15.0	91.0	5.0	9.0	5.0	
866.0	0.0	2.0	328.0	328.0	343.0	15.0	94.0	5.0	13.0	1.0	
867.0	0.0	2.0	328.0	328.0	343.0	15.0	98.0	5.0	15.0	2.0	
868.0	0.0	2.0	328.0	328.0	343.0	15.0	100.0	5.0	14.0	1.0	
869.0	1.0	2.0	298.0	298.0	315.0	17.0	40.0	2.0	11.0	3.0	
870.0	0.0	2.0	328.0	328.0	343.0	15.0	86.0	5.0	15.0	4.0	
871.0	0.0	2.0	328.0	328.0	343.0	15.0	89.0	5.0	14.0	2.0	
872.0	0.0	2.0	328.0	328.0	343.0	15.0	92.0	5.0	10.0	4.0	
873.0	0.0	2.0	328.0	328.0	343.0	15.0	95.0	5.0	8.0	5.0	
874.0	0.0	2.0	328.0	328.0	343.0	15.0	98.0	5.0	15.0	2.0	
875.0	0.0	2.0	328.0	328.0	343.0	15.0	81.0	5.0	3.0	4.0	
876.0	0.0	2.0	328.0	328.0	343.0	15.0	84.0	5.0	12.0	2.0	
877.0	0.0	2.0	328.0	328.0	343.0	15.0	87.0	5.0	5.0	5.0	
878.0	0.0	2.0	328.0	328.0	343.0	15.0	90.0	5.0	4.0	1.0	
879.0	0.0	2.0	328.0	328.0	343.0	15.0	93.0	5.0	4.0	5.0	
880.0	0.0	2.0	328.0	328.0	343.0	15.0	96.0	5.0	15.0	3.0	
881.0	0.0	2.0	328.0	328.0	343.0	15.0	99.0	5.0	12.0	3.0	
882.0	0.0	2.0	328.0	328.0	343.0	15.0	82.0	5.0	6.0	2.0	
883.0	0.0	2.0	328.0	328.0	343.0	15.0	85.0	5.0	3.0	5.0	
884.0	0.0	2.0	328.0	328.0	343.0	15.0	88.0	5.0	4.0	3.0	
885.0	0.0	2.0	328.0	328.0	343.0	15.0	91.0	5.0	9.0	5.0	
886.0	0.0	2.0	328.0	328.0	343.0	15.0	94.0	5.0	13.0	1.0	
887.0	0.0	2.0	328.0	328.0	343.0	15.0	97.0	5.0	9.0	3.0	
888.0	0.0	2.0	328.0	328.0	343.0	15.0	100.0	5.0	14.0	1.0	
889.0	0.0	2.0	328.0	328.0	343.0	15.0	83.0	5.0	5.0	1.0	
890.0	0.0	2.0	328.0	328.0	343.0	15.0	86.0	5.0	15.0	4.0	
891.0	0.0	2.0	328.0	328.0	343.0	15.0	89.0	5.0	14.0	2.0	
892.0	0.0	2.0	328.0	328.0	343.0	15.0	92.0	5.0	10.0	4.0	
893.0	0.0	2.0	328.0	328.0	343.0	15.0	95.0	5.0	8.0	5.0	
894.0	1.0	2.0	296.0	296.0	313.0	17.0	78.0	4.0	8.0	1.0	
895.0	1.0	2.0	296.0	296.0	313.0	17.0	68.0	4.0	5.0	3.0	
896.0	0.0	2.0	328.0	328.0	343.0	15.0	84.0	5.0	12.0	2.0	
897.0	1.0	2.0	296.0	296.0	313.0	17.0	72.0	4.0	11.0	2.0	
898.0	0.0	2.0	328.0	328.0	343.0	15.0	90.0	5.0	4.0	1.0	
899.0	0.0	2.0	328.0	328.0	343.0	15.0	94.0	5.0	13.0	1.0	
900.0	1.0	2.0	298.0	298.0	315.0	17.0	53.0	3.0	12.0	3.0	
901.0	1.0	2.0	313.0	313.0	330.0	17.0	69.0	4.0	12.0	2.0	
902.0	0.0	2.0	328.0	328.0	343.0	15.0	82.0	5.0	6.0	2.0	
903.0	0.0	2.0	328.0	328.0	343.0	15.0	85.0	5.0	3.0	5.0	
904.0	0.0	2.0	328.0	328.0	343.0	15.0	88.0	5.0	4.0	3.0	
905.0	1.0	2.0	296.0	296.0	313.0	17.0	71.0	4.0	11.0	3.0	
906.0	1.0	2.0	313.0	313.0	330.0	17.0	80.0	4.0	3.0	1.0	
907.0	0.0	2.0	328.0	328.0	343.0	15.0	97.0	5.0	9.0	3.0	
908.0	0.0	2.0	328.0	328.0	343.0	15.0	100.0	5.0	14.0	1.0	
909.0	1.0	2.0	298.0	298.0	315.0	17.0	23.0	2.0	7.0	3.0	
910.0	0.0	2.0	328.0	328.0	343.0	15.0	86.0	5.0	15.0	4.0	
911.0	1.0	2.0	313.0	313.0	330.0	17.0	45.0	3.0	5.0	4.0	
912.0	1.0	2.0	296.0	296.0	313.0	17.0	79.0	4.0	7.0	3.0	
913.0	0.0	2.0	296.0	296.0	311.0	15.0	66.0	4.0	12.0	5.0	
914.0	0.0	2.0	296.0	296.0	311.0	15.0	70.0	4.0	11.0	5.0	
915.0	0.0	2.0	296.0	296.0	311.0	15.0	72.0	4.0	11.0	2.0	
916.0	0.0	2.0	296.0	296.0	311.0	15.0	75.0	4.0	8.0	5.0	
917.0	0.0	2.0	296.0	296.0	311.0	15.0	78.0	4.0	8.0	1.0	
918.0	0.0	2.0	296.0	296.0	311.0	15.0	62.0	4.0	7.0	4.0	
919.0	0.0	2.0	296.0	296.0	311.0	15.0	64.0	4.0	4.0	2.0	
920.0	0.0	2.0	296.0	296.0	311.0	15.0	67.0	4.0	3.0	3.0	
921.0	0.0	2.0	296.0	296.0	311.0	15.0	70.0	4.0	11.0	5.0	
922.0	0.0	2.0	296.0	296.0	311.0	15.0	73.0	4.0	13.0	3.0	
923.0	0.0	2.0	296.0	296.0	311.0	15.0	76.0	4.0	6.0	4.0	
924.0	0.0	2.0	296.0	296.0	311.0	15.0	79.0	4.0	7.0	3.0	
925.0	0.0	2.0	296.0	296.0	311.0	15.0	62.0	4.0	7.0	4.0	
926.0	0.0	2.0	296.0	296.0	311.0	15.0	65.0	4.0	11.0	2.0	
927.0	0.0	2.0	296.0	296.0	311.0	15.0	68.0	4.0	5.0	3.0	
928.0	0.0	2.0	296.0	296.0	311.0	15.0	71.0	4.0	11.0	3.0	
929.0	0.0	2.0	296.0	296.0	311.0	15.0	74.0	4.0	1.0	3.0	
930.0	0.0	2.0	296.0	296.0	311.0	15.0	77.0	4.0	8.0	2.0	
931.0	0.0	2.0	296.0	296.0	311.0	15.0	62.0	4.0	7.0	4.0	
932.0	0.0	2.0	296.0	296.0	311.0	15.0	63.0	4.0	15.0	1.0	
933.0	0.0	2.0	296.0	296.0	311.0	15.0	66.0	4.0	12.0	5.0	
934.0	0.0	2.0	296.0	296.0	311.0	15.0	70.0	4.0	11.0	5.0	
935.0	0.0	2.0	296.0	296.0	311.0	15.0	73.0	4.0	13.0	3.0	
936.0	0.0	2.0	296.0	296.0	311.0	15.0	75.0	4.0	8.0	5.0	
937.0	0.0	2.0	296.0	296.0	311.0	15.0	78.0	4.0	8.0	1.0	
938.0	0.0	2.0	296.0	296.0	311.0	15.0	62.0	4.0	7.0	4.0	
939.0	0.0	2.0	296.0	296.0	311.0	15.0	64.0	4.0	4.0	2.0	
940.0	0.0	2.0	296.0	296.0	311.0	15.0	67.0	4.0	3.0	3.0	
941.0	0.0	2.0	296.0	296.0	311.0	15.0	70.0	4.0	11.0	5.0	
942.0	0.0	2.0	296.0	296.0	311.0	15.0	73.0	4.0	13.0	3.0	
943.0	0.0	2.0	296.0	296.0	311.0	15.0	76.0	4.0	6.0	4.0	
944.0	0.0	2.0	296.0	296.0	311.0	15.0	79.0	4.0	7.0	3.0	
945.0	0.0	2.0	296.0	296.0	311.0	15.0	62.0	4.0	7.0	4.0	
946.0	0.0	2.0	296.0	296.0	311.0	15.0	65.0	4.0	11.0	2.0	
947.0	0.0	2.0	296.0	296.0	311.0	15.0	68.0	4.0	5.0	3.0	
948.0	0.0	2.0	296.0	296.0	311.0	15.0	71.0	4.0	11.0	3.0	
949.0	0.0	2.0	296.0	296.0	311.0	15.0	74.0	4.0	1.0	3.0	
950.0	0.0	2.0	296.0	296.0	311.0	15.0	77.0	4.0	8.0	2.0	
951.0	0.0	2.0	296.0	296.0	311.0	15.0	62.0	4.0	7.0	4.0	
952.0	0.0	2.0	296.0	296.0	311.0	15.0	63.0	4.0	15.0	1.0	
953.0	0.0	2.0	296.0	296.0	311.0	15.0	66.0	4.0	12.0	5.0	
954.0	0.0	2.0	296.0	296.0	311.0	15.0	71.0	4.0	11.0	3.0	
955.0	0.0	2.0	296.0	296.0	311.0	15.0	73.0	4.0	13.0	3.0	
956.0	0.0	2.0	296.0	296.0	311.0	15.0	75.0	4.0	8.0	5.0	
957.0	0.0	2.0	296.0	296.0	311.0	15.0	78.0	4.0	8.0	1.0	
958.0	0.0	2.0	296.0	296.0	311.0	15.0	63.0	4.0	15.0	1.0	
959.0	0.0	2.0	296.0	296.0	311.0	15.0	64.0	4.0	4.0	2.0	
960.0	0.0	2.0	296.0	296.0	311.0	15.0	67.0	4.0	3.0	3.0	
961.0	1.0	2.0	296.0	296.0	313.0	17.0	74.0	4.0	1.0	3.0	
962.0	0.0	2.0	296.0	296.0	311.0	15.0	75.0	4.0	8.0	5.0	
963.0	0.0	2.0	296.0	296.0	311.0	15.0	76.0	4.0	6.0	4.0	
964.0	0.0	2.0	298.0	298.0	313.0	15.0	61.0	4.0	12.0	4.0	
965.0	0.0	2.0	296.0	296.0	311.0	15.0	63.0	4.0	15.0	1.0	
966.0	0.0	2.0	296.0	296.0	311.0	15.0	65.0	4.0	11.0	2.0	
967.0	0.0	2.0	296.0	296.0	311.0	15.0	68.0	4.0	5.0	3.0	
968.0	0.0	2.0	313.0	313.0	328.0	15.0	73.0	4.0	13.0	3.0	
969.0	0.0	2.0	296.0	296.0	311.0	15.0	75.0	4.0	8.0	5.0	
970.0	0.0	2.0	328.0	328.0	343.0	15.0	77.0	4.0	8.0	2.0	
971.0	0.0	2.0	298.0	298.0	313.0	15.0	80.0	4.0	3.0	1.0	
972.0	0.0	2.0	296.0	296.0	311.0	15.0	63.0	4.0	15.0	1.0	
973.0	0.0	2.0	296.0	296.0	311.0	15.0	66.0	4.0	12.0	5.0	
974.0	0.0	2.0	328.0	328.0	343.0	15.0	70.0	4.0	11.0	5.0	
975.0	0.0	2.0	313.0	313.0	328.0	15.0	73.0	4.0	13.0	3.0	
976.0	0.0	2.0	296.0	296.0	311.0	15.0	75.0	4.0	8.0	5.0	
977.0	1.0	2.0	296.0	296.0	313.0	17.0	65.0	4.0	11.0	2.0	
978.0	1.0	2.0	296.0	296.0	313.0	17.0	68.0	4.0	5.0	3.0	
979.0	0.0	2.0	296.0	296.0	311.0	15.0	64.0	4.0	4.0	2.0	
980.0	1.0	2.0	359.0	359.0	376.0	17.0	100.0	5.0	14.0	1.0	
981.0	0.0	2.0	328.0	328.0	343.0	15.0	71.0	4.0	11.0	3.0	
982.0	1.0	2.0	298.0	298.0	315.0	17.0	27.0	2.0	13.0	4.0	
983.0	0.0	2.0	370.0	370.0	385.0	15.0	78.0	4.0	8.0	1.0	
984.0	1.0	2.0	298.0	298.0	315.0	17.0	26.0	2.0	1.0	2.0	
985.0	0.0	2.0	296.0	296.0	311.0	15.0	64.0	4.0	4.0	2.0	
986.0	0.0	2.0	296.0	296.0	311.0	15.0	66.0	4.0	12.0	5.0	
987.0	0.0	2.0	351.0	351.0	366.0	15.0	70.0	4.0	11.0	5.0	
988.0	0.0	2.0	328.0	328.0	343.0	15.0	72.0	4.0	11.0	2.0	
989.0	1.0	2.0	298.0	298.0	315.0	17.0	22.0	2.0	6.0	2.0	
990.0	0.0	2.0	372.0	372.0	387.0	15.0	78.0	4.0	8.0	1.0	
991.0	0.0	2.0	328.0	328.0	343.0	15.0	62.0	4.0	7.0	4.0	
992.0	0.0	2.0	298.0	298.0	313.0	15.0	65.0	4.0	11.0	2.0	
993.0	0.0	2.0	296.0	296.0	311.0	15.0	66.0	4.0	12.0	5.0	
994.0	0.0	2.0	343.0	343.0	358.0	15.0	71.0	4.0	11.0	3.0	
995.0	0.0	2.0	313.0	313.0	328.0	15.0	74.0	4.0	1.0	3.0	
996.0	0.0	2.0	313.0	313.0	328.0	15.0	75.0	4.0	8.0	5.0	
997.0	1.0	2.0	328.0	328.0	345.0	17.0	66.0	4.0	12.0	5.0	
998.0	0.0	2.0	328.0	328.0	343.0	15.0	62.0	4.0	7.0	4.0	
999.0	0.0	2.0	374.0	374.0	389.0	15.0	65.0	4.0	11.0	2.0	
1000.0	0.0	2.0	366.0	366.0	381.0	15.0	67.0	4.0	3.0	3.0	
1001.0	0.0	2.0	354.0	354.0	369.0	15.0	71.0	4.0	11.0	3.0	
1002.0	0.0	2.0	313.0	313.0	328.0	15.0	74.0	4.0	1.0	3.0	
1003.0	0.0	2.0	354.0	354.0	369.0	15.0	77.0	4.0	8.0	2.0	
1004.0	0.0	2.0	353.0	353.0	368.0	15.0	61.0	4.0	12.0	4.0	
1005.0	1.0	2.0	298.0	298.0	315.0	17.0	42.0	3.0	4.0	1.0	
1006.0	0.0	2.0	366.0	366.0	381.0	15.0	67.0	4.0	3.0	3.0	
1007.0	1.0	2.0	344.0	344.0	361.0	17.0	57.0	3.0	14.0	3.0	
1008.0	0.0	2.0	371.0	371.0	386.0	15.0	73.0	4.0	13.0	3.0	
1009.0	1.0	2.0	298.0	298.0	315.0	17.0	58.0	3.0	11.0	4.0	
1010.0	1.0	2.0	328.0	328.0	345.0	17.0	96.0	5.0	15.0	3.0	
1011.0	1.0	2.0	298.0	298.0	315.0	17.0	58.0	3.0	11.0	4.0	
1012.0	0.0	2.0	328.0	328.0	343.0	15.0	63.0	4.0	15.0	1.0	
1013.0	0.0	2.0	366.0	366.0	381.0	15.0	67.0	4.0	3.0	3.0	
1014.0	0.0	2.0	366.0	366.0	381.0	15.0	70.0	4.0	11.0	5.0	
1015.0	1.0	2.0	352.0	352.0	370.0	18.0	89.0	5.0	14.0	2.0	
1016.0	0.0	2.0	328.0	328.0	343.0	15.0	75.0	4.0	8.0	5.0	
1017.0	0.0	2.0	354.0	354.0	369.0	15.0	79.0	4.0	7.0	3.0	
1018.0	0.0	2.0	328.0	328.0	343.0	15.0	63.0	4.0	15.0	1.0	
1019.0	1.0	2.0	298.0	298.0	315.0	17.0	51.0	3.0	2.0	3.0	
1020.0	1.0	2.0	354.0	354.0	371.0	17.0	64.0	4.0	4.0	2.0	
1021.0	1.0	2.0	298.0	298.0	315.0	17.0	55.0	3.0	6.0	4.0	
1022.0	1.0	2.0	298.0	298.0	315.0	17.0	60.0	3.0	3.0	3.0	
1023.0	1.0	2.0	298.0	298.0	315.0	17.0	3.0	1.0	6.0	4.0	
1024.0	0.0	2.0	366.0	366.0	381.0	15.0	61.0	4.0	12.0	4.0	
1025.0	0.0	2.0	344.0	344.0	359.0	15.0	63.0	4.0	15.0	1.0	
1026.0	0.0	2.0	380.0	380.0	395.0	15.0	66.0	4.0	12.0	5.0	
1027.0	0.0	2.0	374.0	374.0	389.0	15.0	69.0	4.0	12.0	2.0	
1028.0	0.0	2.0	374.0	374.0	389.0	15.0	71.0	4.0	11.0	3.0	
1029.0	1.0	2.0	328.0	328.0	345.0	17.0	89.0	5.0	14.0	2.0	
1030.0	0.0	2.0	366.0	366.0	381.0	15.0	77.0	4.0	8.0	2.0	
1031.0	0.0	2.0	371.0	371.0	386.0	15.0	62.0	4.0	7.0	4.0	
1032.0	0.0	2.0	344.0	344.0	359.0	15.0	63.0	4.0	15.0	1.0	
1033.0	0.0	2.0	374.0	374.0	389.0	15.0	68.0	4.0	5.0	3.0	
1034.0	1.0	2.0	328.0	328.0	345.0	17.0	97.0	5.0	9.0	3.0	
1035.0	1.0	2.0	298.0	298.0	315.0	17.0	57.0	3.0	14.0	3.0	
1036.0	1.0	2.0	328.0	328.0	345.0	17.0	99.0	5.0	12.0	3.0	
1037.0	1.0	2.0	298.0	298.0	315.0	17.0	49.0	3.0	12.0	1.0	
1038.0	1.0	2.0	298.0	298.0	315.0	17.0	13.0	1.0	3.0	1.0	
1039.0	1.0	2.0	359.0	359.0	376.0	17.0	84.0	5.0	12.0	2.0	
1040.0	1.0	2.0	298.0	298.0	315.0	17.0	16.0	1.0	14.0	2.0	
1041.0	0.0	2.0	382.0	382.0	397.0	15.0	72.0	4.0	11.0	2.0	
1042.0	1.0	2.0	298.0	298.0	315.0	17.0	56.0	3.0	13.0	5.0	
1043.0	0.0	2.0	298.0	298.0	313.0	15.0	76.0	4.0	6.0	4.0	
1044.0	0.0	2.0	373.0	373.0	388.0	15.0	80.0	4.0	3.0	1.0	
1045.0	0.0	2.0	374.0	374.0	389.0	15.0	63.0	4.0	15.0	1.0	
1046.0	0.0	2.0	296.0	296.0	311.0	15.0	66.0	4.0	12.0	5.0	
1047.0	1.0	2.0	298.0	298.0	315.0	17.0	22.0	2.0	6.0	2.0	
1048.0	1.0	2.0	359.0	359.0	376.0	17.0	97.0	5.0	9.0	3.0	
1049.0	1.0	2.0	298.0	298.0	315.0	17.0	49.0	3.0	12.0	1.0	
1050.0	1.0	2.0	298.0	298.0	315.0	17.0	49.0	3.0	12.0	1.0	
1051.0	0.0	2.0	374.0	374.0	389.0	15.0	61.0	4.0	12.0	4.0	
1052.0	1.0	2.0	359.0	359.0	376.0	17.0	98.0	5.0	15.0	2.0	
1053.0	0.0	2.0	369.0	369.0	384.0	15.0	67.0	4.0	3.0	3.0	
1054.0	1.0	2.0	366.0	366.0	383.0	17.0	36.0	2.0	15.0	4.0	
1055.0	1.0	2.0	328.0	328.0	345.0	17.0	87.0	5.0	5.0	5.0	
1056.0	0.0	2.0	374.0	374.0	389.0	15.0	77.0	4.0	8.0	2.0	
1057.0	0.0	2.0	386.0	386.0	401.0	15.0	79.0	4.0	7.0	3.0	
1058.0	1.0	2.0	328.0	328.0	345.0	17.0	92.0	5.0	10.0	4.0	
1059.0	1.0	2.0	352.0	352.0	370.0	18.0	81.0	5.0	3.0	4.0	
1060.0	0.0	2.0	374.0	374.0	389.0	15.0	68.0	4.0	5.0	3.0	
1061.0	0.0	2.0	319.0	319.0	334.0	15.0	72.0	4.0	11.0	2.0	
1062.0	1.0	2.0	328.0	328.0	345.0	17.0	97.0	5.0	9.0	3.0	
1063.0	1.0	2.0	347.0	347.0	364.0	17.0	47.0	3.0	15.0	5.0	
1064.0	0.0	2.0	387.0	387.0	402.0	15.0	80.0	4.0	3.0	1.0	
1065.0	1.0	2.0	349.0	349.0	366.0	17.0	46.0	3.0	14.0	3.0	
1066.0	0.0	2.0	380.0	380.0	395.0	15.0	66.0	4.0	12.0	5.0	
1067.0	0.0	2.0	319.0	319.0	334.0	15.0	69.0	4.0	12.0	2.0	
1068.0	1.0	2.0	298.0	298.0	315.0	17.0	59.0	3.0	9.0	4.0	
1069.0	1.0	2.0	328.0	328.0	345.0	17.0	95.0	5.0	8.0	5.0	
1070.0	1.0	2.0	319.0	319.0	336.0	17.0	44.0	3.0	3.0	5.0	
1071.0	1.0	2.0	380.0	380.0	397.0	17.0	26.0	2.0	1.0	2.0	
1072.0	1.0	2.0	351.0	351.0	368.0	17.0	98.0	5.0	15.0	2.0	
1073.0	0.0	2.0	377.0	377.0	392.0	15.0	68.0	4.0	5.0	3.0	
1074.0	0.0	2.0	319.0	319.0	334.0	15.0	69.0	4.0	12.0	2.0	
1075.0	0.0	2.0	319.0	319.0	334.0	15.0	72.0	4.0	11.0	2.0	
1076.0	0.0	2.0	375.0	375.0	390.0	15.0	76.0	4.0	6.0	4.0	
1077.0	1.0	2.0	359.0	359.0	376.0	17.0	93.0	5.0	4.0	5.0	
1078.0	1.0	2.0	298.0	298.0	315.0	17.0	57.0	3.0	14.0	3.0	
1079.0	1.0	2.0	370.0	370.0	387.0	17.0	32.0	2.0	14.0	3.0	
1080.0	0.0	2.0	381.0	381.0	396.0	15.0	67.0	4.0	3.0	3.0	
1081.0	0.0	2.0	319.0	319.0	334.0	15.0	70.0	4.0	11.0	5.0	
1082.0	1.0	2.0	380.0	380.0	397.0	17.0	27.0	2.0	13.0	4.0	
1083.0	1.0	2.0	298.0	298.0	315.0	17.0	31.0	2.0	8.0	1.0	
1084.0	0.0	2.0	388.0	388.0	403.0	15.0	79.0	4.0	7.0	3.0	
1085.0	0.0	2.0	354.0	354.0	369.0	15.0	62.0	4.0	7.0	4.0	
1086.0	0.0	2.0	386.0	387.0	402.0	15.0	65.0	4.0	11.0	2.0	
1087.0	1.0	2.0	319.0	319.0	336.0	17.0	43.0	3.0	13.0	1.0	
1088.0	1.0	2.0	298.0	298.0	315.0	17.0	60.0	3.0	3.0	3.0	
1089.0	0.0	2.0	380.0	380.0	395.0	15.0	75.0	4.0	8.0	5.0	
1090.0	1.0	2.0	319.0	319.0	336.0	17.0	43.0	3.0	13.0	1.0	
1091.0	0.0	2.0	386.0	386.0	401.0	15.0	62.0	4.0	7.0	4.0	
1092.0	0.0	2.0	380.0	380.0	395.0	15.0	63.0	4.0	15.0	1.0	
1093.0	1.0	2.0	352.0	352.0	369.0	17.0	90.0	5.0	4.0	1.0	
1094.0	1.0	2.0	328.0	328.0	345.0	17.0	94.0	5.0	13.0	1.0	
1095.0	1.0	2.0	382.0	382.0	399.0	17.0	42.0	3.0	4.0	1.0	
1096.0	1.0	2.0	298.0	298.0	315.0	17.0	58.0	3.0	11.0	4.0	
1097.0	0.0	2.0	342.0	342.0	357.0	15.0	79.0	4.0	7.0	3.0	
1098.0	1.0	2.0	298.0	298.0	315.0	17.0	55.0	3.0	6.0	4.0	
1099.0	1.0	2.0	358.0	358.0	375.0	17.0	51.0	3.0	2.0	3.0	
1100.0	0.0	2.0	388.0	388.0	403.0	15.0	68.0	4.0	5.0	3.0	
1101.0	0.0	2.0	375.0	375.0	390.0	15.0	70.0	4.0	11.0	5.0	
1102.0	0.0	2.0	380.0	380.0	395.0	15.0	75.0	4.0	8.0	5.0	
1103.0	1.0	2.0	328.0	328.0	345.0	17.0	85.0	5.0	3.0	5.0	
1104.0	1.0	2.0	328.0	328.0	345.0	17.0	91.0	5.0	9.0	5.0	
1105.0	0.0	2.0	380.0	380.0	395.0	15.0	64.0	4.0	4.0	2.0	
1106.0	1.0	2.0	371.0	371.0	388.0	17.0	34.0	2.0	14.0	1.0	
1107.0	0.0	2.0	389.0	389.0	404.0	15.0	68.0	4.0	5.0	3.0	
1108.0	0.0	2.0	387.0	387.0	402.0	15.0	71.0	4.0	11.0	3.0	
1109.0	0.0	2.0	311.0	311.0	326.0	15.0	74.0	4.0	1.0	3.0	
1110.0	0.0	2.0	375.0	375.0	390.0	15.0	78.0	4.0	8.0	1.0	
1111.0	1.0	2.0	298.0	298.0	315.0	17.0	46.0	3.0	14.0	3.0	
1112.0	1.0	2.0	328.0	328.0	345.0	17.0	91.0	5.0	9.0	5.0	
1113.0	0.0	2.0	386.0	387.0	402.0	15.0	66.0	4.0	12.0	5.0	
1114.0	0.0	2.0	311.0	311.0	326.0	15.0	71.0	4.0	11.0	3.0	
1115.0	0.0	2.0	392.0	392.0	407.0	15.0	73.0	4.0	13.0	3.0	
1116.0	0.0	2.0	357.0	357.0	372.0	15.0	76.0	4.0	6.0	4.0	
1117.0	0.0	2.0	357.0	357.0	372.0	15.0	79.0	4.0	7.0	3.0	
1118.0	1.0	2.0	366.0	366.0	383.0	17.0	43.0	3.0	13.0	1.0	
1119.0	0.0	2.0	388.0	389.0	404.0	15.0	65.0	4.0	11.0	2.0	
1120.0	0.0	2.0	388.0	389.0	404.0	15.0	67.0	4.0	3.0	3.0	
1121.0	1.0	2.0	298.0	298.0	315.0	17.0	52.0	3.0	4.0	3.0	
1122.0	1.0	2.0	319.0	319.0	336.0	17.0	54.0	3.0	10.0	5.0	
1123.0	0.0	2.0	387.0	387.0	402.0	15.0	77.0	4.0	8.0	2.0	
1124.0	0.0	2.0	357.0	357.0	372.0	15.0	80.0	4.0	3.0	1.0	
1125.0	1.0	2.0	352.0	352.0	369.0	17.0	96.0	5.0	15.0	3.0	
1126.0	1.0	2.0	298.0	298.0	315.0	17.0	31.0	2.0	8.0	1.0	
1127.0	1.0	2.0	328.0	328.0	345.0	17.0	85.0	5.0	3.0	5.0	
1128.0	0.0	2.0	343.0	343.0	358.0	15.0	71.0	4.0	11.0	3.0	
1129.0	1.0	2.0	371.0	371.0	388.0	17.0	34.0	2.0	14.0	1.0	
1130.0	0.0	2.0	357.0	357.0	372.0	15.0	79.0	4.0	7.0	3.0	
1131.0	0.0	2.0	343.0	343.0	358.0	15.0	62.0	4.0	7.0	4.0	
1132.0	0.0	2.0	343.0	343.0	358.0	15.0	63.0	4.0	15.0	1.0	
1133.0	1.0	2.0	328.0	328.0	345.0	17.0	89.0	5.0	14.0	2.0	
1134.0	0.0	2.0	343.0	343.0	358.0	15.0	70.0	4.0	11.0	5.0	
1135.0	1.0	2.0	298.0	298.0	315.0	17.0	42.0	3.0	4.0	1.0	
1136.0	1.0	2.0	328.0	328.0	345.0	17.0	98.0	5.0	15.0	2.0	
1137.0	1.0	2.0	343.0	343.0	360.0	17.0	97.0	5.0	9.0	3.0	
1138.0	0.0	2.0	343.0	343.0	358.0	15.0	62.0	4.0	7.0	4.0	
1139.0	1.0	2.0	374.0	374.0	391.0	17.0	56.0	3.0	13.0	5.0	
1140.0	0.0	2.0	389.0	389.0	405.0	16.0	68.0	4.0	5.0	3.0	
1141.0	1.0	2.0	328.0	328.0	345.0	17.0	81.0	5.0	3.0	4.0	
1142.0	1.0	2.0	298.0	298.0	315.0	17.0	43.0	3.0	13.0	1.0	
1143.0	0.0	2.0	343.0	343.0	358.0	15.0	77.0	4.0	8.0	2.0	
1144.0	0.0	2.0	367.0	367.0	382.0	15.0	80.0	4.0	3.0	1.0	
1145.0	1.0	2.0	328.0	328.0	345.0	17.0	83.0	5.0	5.0	1.0	
1146.0	0.0	2.0	389.0	389.0	404.0	15.0	65.0	4.0	11.0	2.0	
1147.0	1.0	2.0	328.0	328.0	345.0	17.0	87.0	5.0	5.0	5.0	
1148.0	0.0	2.0	343.0	343.0	358.0	15.0	72.0	4.0	11.0	2.0	
1149.0	0.0	2.0	343.0	343.0	358.0	15.0	75.0	4.0	8.0	5.0	
1150.0	1.0	2.0	343.0	343.0	360.0	17.0	96.0	5.0	15.0	3.0	
1151.0	0.0	2.0	353.0	353.0	368.0	15.0	62.0	4.0	7.0	4.0	
1152.0	1.0	2.0	298.0	298.0	315.0	17.0	47.0	3.0	15.0	5.0	
1153.0	1.0	2.0	351.0	351.0	368.0	17.0	98.0	5.0	15.0	2.0	
1154.0	0.0	2.0	389.0	389.0	404.0	15.0	71.0	4.0	11.0	3.0	
1155.0	1.0	2.0	328.0	328.0	345.0	17.0	92.0	5.0	10.0	4.0	
1156.0	1.0	2.0	298.0	298.0	315.0	17.0	51.0	3.0	2.0	3.0	
1157.0	0.0	2.0	353.0	353.0	368.0	15.0	79.0	4.0	7.0	3.0	
1158.0	0.0	2.0	343.0	343.0	358.0	15.0	63.0	4.0	15.0	1.0	
1159.0	1.0	2.0	343.0	343.0	360.0	17.0	89.0	5.0	14.0	2.0	
1160.0	0.0	2.0	391.0	391.0	406.0	15.0	69.0	4.0	12.0	2.0	
1161.0	1.0	2.0	343.0	343.0	360.0	17.0	93.0	5.0	4.0	5.0	
1162.0	0.0	2.0	353.0	353.0	368.0	15.0	73.0	4.0	13.0	3.0	
1163.0	1.0	2.0	343.0	343.0	360.0	17.0	83.0	5.0	5.0	1.0	
1164.0	1.0	2.0	336.0	336.0	353.0	17.0	49.0	3.0	12.0	1.0	
1165.0	1.0	2.0	353.0	353.0	370.0	17.0	28.0	2.0	8.0	1.0	
1166.0	1.0	2.0	328.0	328.0	345.0	17.0	95.0	5.0	8.0	5.0	
1167.0	1.0	2.0	343.0	343.0	360.0	17.0	94.0	5.0	13.0	1.0	
1168.0	1.0	2.0	343.0	343.0	360.0	17.0	86.0	5.0	15.0	4.0	
1169.0	0.0	2.0	353.0	353.0	368.0	15.0	74.0	4.0	1.0	3.0	
1170.0	1.0	2.0	343.0	343.0	360.0	17.0	91.0	5.0	9.0	5.0	
1171.0	0.0	2.0	371.0	371.0	386.0	15.0	61.0	4.0	12.0	4.0	
1172.0	1.0	2.0	343.0	343.0	360.0	17.0	88.0	5.0	4.0	3.0	
1173.0	0.0	2.0	390.0	390.0	405.0	15.0	66.0	4.0	12.0	5.0	
1174.0	1.0	2.0	359.0	359.0	376.0	17.0	35.0	2.0	10.0	5.0	
1175.0	0.0	2.0	371.0	371.0	386.0	15.0	72.0	4.0	11.0	2.0	
1176.0	1.0	2.0	345.0	345.0	362.0	17.0	95.0	5.0	8.0	5.0	
1177.0	0.0	2.0	357.0	357.0	372.0	15.0	78.0	4.0	8.0	1.0	
1178.0	1.0	2.0	328.0	328.0	345.0	17.0	88.0	5.0	4.0	3.0	
1179.0	0.0	2.0	345.0	345.0	360.0	15.0	66.0	4.0	12.0	5.0	
1180.0	1.0	2.0	298.0	298.0	315.0	17.0	36.0	2.0	15.0	4.0	
1181.0	1.0	2.0	332.0	332.0	349.0	17.0	59.0	3.0	9.0	4.0	
1182.0	0.0	2.0	380.0	380.0	395.0	15.0	75.0	4.0	8.0	5.0	
1183.0	1.0	2.0	345.0	345.0	362.0	17.0	85.0	5.0	3.0	5.0	
1184.0	0.0	2.0	371.0	371.0	386.0	15.0	61.0	4.0	12.0	4.0	
1185.0	0.0	2.0	367.0	367.0	382.0	15.0	63.0	4.0	15.0	1.0	
1186.0	1.0	2.0	352.0	352.0	369.0	17.0	90.0	5.0	4.0	1.0	
1187.0	0.0	2.0	371.0	371.0	386.0	15.0	69.0	4.0	12.0	2.0	
1188.0	0.0	2.0	390.0	390.0	405.0	15.0	71.0	4.0	11.0	3.0	
1189.0	0.0	2.0	380.0	380.0	395.0	15.0	75.0	4.0	8.0	5.0	
1190.0	0.0	2.0	388.0	388.0	403.0	15.0	77.0	4.0	8.0	2.0	
1191.0	1.0	2.0	373.0	373.0	390.0	17.0	38.0	2.0	5.0	5.0	
1192.0	1.0	2.0	343.0	343.0	360.0	17.0	95.0	5.0	8.0	5.0	
1193.0	1.0	2.0	328.0	328.0	345.0	17.0	99.0	5.0	12.0	3.0	
1194.0	1.0	2.0	332.0	332.0	349.0	17.0	81.0	5.0	3.0	4.0	
1195.0	1.0	2.0	353.0	353.0	370.0	17.0	93.0	5.0	4.0	5.0	
1196.0	1.0	2.0	388.0	388.0	405.0	17.0	47.0	3.0	15.0	5.0	
1197.0	0.0	2.0	358.0	358.0	373.0	15.0	79.0	4.0	7.0	3.0	
1198.0	1.0	2.0	345.0	345.0	362.0	17.0	91.0	5.0	9.0	5.0	
1199.0	0.0	2.0	358.0	358.0	373.0	15.0	65.0	4.0	11.0	2.0	
1200.0	0.0	2.0	391.0	391.0	406.0	15.0	69.0	4.0	12.0	2.0	
1201.0	1.0	2.0	319.0	319.0	336.0	17.0	60.0	3.0	3.0	3.0	
1202.0	1.0	2.0	345.0	345.0	362.0	17.0	96.0	5.0	15.0	3.0	
1203.0	0.0	2.0	390.0	390.0	405.0	15.0	76.0	4.0	6.0	4.0	
1204.0	1.0	2.0	359.0	359.0	376.0	17.0	100.0	5.0	14.0	1.0	
1205.0	0.0	2.0	382.0	382.0	397.0	15.0	63.0	4.0	15.0	1.0	
1206.0	1.0	2.0	345.0	345.0	362.0	17.0	82.0	5.0	6.0	2.0	
1207.0	1.0	2.0	390.0	390.0	407.0	17.0	28.0	2.0	8.0	1.0	
1208.0	1.0	2.0	319.0	319.0	336.0	17.0	59.0	3.0	9.0	4.0	
1209.0	0.0	2.0	390.0	390.0	405.0	15.0	76.0	4.0	6.0	4.0	
1210.0	1.0	2.0	378.0	378.0	395.0	17.0	91.0	5.0	9.0	5.0	
1211.0	0.0	2.0	386.0	386.0	401.0	15.0	62.0	4.0	7.0	4.0	
1212.0	1.0	2.0	353.0	353.0	370.0	17.0	93.0	5.0	4.0	5.0	
1213.0	1.0	2.0	328.0	328.0	345.0	17.0	83.0	5.0	5.0	1.0	
1214.0	0.0	2.0	392.0	392.0	407.0	15.0	69.0	4.0	12.0	2.0	
1215.0	1.0	2.0	319.0	319.0	336.0	17.0	53.0	3.0	12.0	3.0	
1216.0	1.0	2.0	345.0	345.0	362.0	17.0	91.0	5.0	9.0	5.0	
1217.0	1.0	2.0	298.0	298.0	315.0	17.0	45.0	3.0	5.0	4.0	
1218.0	0.0	2.0	386.0	387.0	402.0	15.0	62.0	4.0	7.0	4.0	
1219.0	0.0	2.0	390.0	390.0	405.0	15.0	65.0	4.0	11.0	2.0	
1220.0	0.0	2.0	391.0	391.0	406.0	15.0	68.0	4.0	5.0	3.0	
1221.0	1.0	2.0	345.0	345.0	362.0	17.0	85.0	5.0	3.0	5.0	
1222.0	0.0	2.0	395.0	395.0	410.0	15.0	75.0	4.0	8.0	5.0	
1223.0	0.0	2.0	391.0	391.0	406.0	15.0	78.0	4.0	8.0	1.0	
1224.0	1.0	2.0	389.0	389.0	406.0	17.0	60.0	3.0	3.0	3.0	
1225.0	0.0	2.0	386.0	387.0	402.0	15.0	62.0	4.0	7.0	4.0	
1226.0	1.0	2.0	328.0	328.0	345.0	17.0	82.0	5.0	6.0	2.0	
1227.0	1.0	2.0	345.0	345.0	362.0	17.0	89.0	5.0	14.0	2.0	
1228.0	1.0	2.0	381.0	381.0	398.0	17.0	93.0	5.0	4.0	5.0	
1229.0	1.0	2.0	389.0	390.0	407.0	17.0	52.0	3.0	4.0	3.0	
1230.0	1.0	2.0	373.0	373.0	390.0	17.0	39.0	2.0	14.0	2.0	
1231.0	0.0	2.0	389.0	389.0	404.0	15.0	80.0	4.0	3.0	1.0	
1232.0	0.0	2.0	389.0	389.0	405.0	16.0	63.0	4.0	15.0	1.0	
1233.0	1.0	2.0	355.0	355.0	372.0	17.0	60.0	3.0	3.0	3.0	
1234.0	1.0	2.0	343.0	343.0	360.0	17.0	100.0	5.0	14.0	1.0	
1235.0	1.0	2.0	374.0	374.0	391.0	17.0	59.0	3.0	9.0	4.0	
1236.0	1.0	2.0	345.0	345.0	362.0	17.0	87.0	5.0	5.0	5.0	
1237.0	1.0	2.0	373.0	373.0	390.0	17.0	19.0	1.0	13.0	4.0	
1238.0	1.0	2.0	390.0	390.0	407.0	17.0	79.0	4.0	7.0	3.0	
1239.0	1.0	2.0	345.0	345.0	362.0	17.0	94.0	5.0	13.0	1.0	
1240.0	0.0	2.0	392.0	392.0	407.0	15.0	67.0	4.0	3.0	3.0	
1241.0	1.0	2.0	371.0	371.0	388.0	17.0	43.0	3.0	13.0	1.0	
1242.0	0.0	2.0	395.0	395.0	410.0	15.0	75.0	4.0	8.0	5.0	
1243.0	0.0	2.0	350.0	350.0	365.0	15.0	76.0	4.0	6.0	4.0	
1244.0	0.0	2.0	389.0	389.0	404.0	15.0	79.0	4.0	7.0	3.0	
1245.0	0.0	2.0	391.0	391.0	406.0	15.0	64.0	4.0	4.0	2.0	
1246.0	1.0	2.0	343.0	343.0	360.0	17.0	88.0	5.0	4.0	3.0	
1247.0	0.0	2.0	389.0	389.0	404.0	15.0	69.0	4.0	12.0	2.0	
1248.0	0.0	2.0	392.0	392.0	407.0	15.0	71.0	4.0	11.0	3.0	
1249.0	1.0	2.0	343.0	343.0	360.0	17.0	99.0	5.0	12.0	3.0	
1250.0	1.0	2.0	345.0	345.0	362.0	17.0	84.0	5.0	12.0	2.0	
1251.0	0.0	2.0	392.0	392.0	407.0	15.0	80.0	4.0	3.0	1.0	
1252.0	0.0	2.0	335.0	335.0	350.0	15.0	63.0	4.0	15.0	1.0	
1253.0	1.0	2.0	354.0	354.0	371.0	17.0	100.0	5.0	14.0	1.0	
1254.0	1.0	2.0	354.0	354.0	371.0	17.0	43.0	3.0	13.0	1.0	
1255.0	1.0	2.0	328.0	328.0	345.0	17.0	89.0	5.0	14.0	2.0	
1256.0	0.0	2.0	395.0	395.0	410.0	15.0	75.0	4.0	8.0	5.0	
1257.0	0.0	2.0	335.0	335.0	350.0	15.0	80.0	4.0	3.0	1.0	
1258.0	1.0	2.0	298.0	298.0	315.0	17.0	46.0	3.0	14.0	3.0	
1259.0	1.0	2.0	388.0	388.0	405.0	17.0	5.0	1.0	15.0	2.0	
1260.0	0.0	2.0	392.0	392.0	407.0	15.0	68.0	4.0	5.0	3.0	
1261.0	1.0	2.0	345.0	345.0	362.0	17.0	81.0	5.0	3.0	4.0	
1262.0	1.0	2.0	343.0	343.0	360.0	17.0	82.0	5.0	6.0	2.0	
1263.0	0.0	2.0	395.0	395.0	410.0	15.0	78.0	4.0	8.0	1.0	
1264.0	0.0	2.0	388.0	388.0	403.0	15.0	80.0	4.0	3.0	1.0	
1265.0	1.0	2.0	331.0	331.0	348.0	17.0	90.0	5.0	4.0	1.0	
1266.0	0.0	2.0	390.0	390.0	405.0	15.0	65.0	4.0	11.0	2.0	
1267.0	1.0	2.0	353.0	353.0	370.0	17.0	29.0	2.0	2.0	5.0	
1268.0	0.0	2.0	392.0	392.0	407.0	15.0	72.0	4.0	11.0	2.0	
1269.0	0.0	2.0	377.0	377.0	392.0	15.0	74.0	4.0	1.0	3.0	
1270.0	0.0	2.0	390.0	390.0	405.0	15.0	79.0	4.0	7.0	3.0	
1271.0	0.0	2.0	354.0	354.0	369.0	15.0	61.0	4.0	12.0	4.0	
1272.0	1.0	2.0	319.0	319.0	336.0	17.0	41.0	3.0	15.0	4.0	
1273.0	1.0	2.0	298.0	298.0	315.0	17.0	50.0	3.0	9.0	1.0	
1274.0	1.0	2.0	343.0	343.0	360.0	17.0	84.0	5.0	12.0	2.0	
1275.0	0.0	2.0	377.0	377.0	392.0	15.0	74.0	4.0	1.0	3.0	
1276.0	1.0	2.0	343.0	343.0	360.0	17.0	85.0	5.0	3.0	5.0	
1277.0	0.0	2.0	354.0	354.0	369.0	15.0	80.0	4.0	3.0	1.0	
1278.0	1.0	2.0	296.0	296.0	313.0	17.0	88.0	5.0	4.0	3.0	
1279.0	1.0	2.0	353.0	353.0	370.0	17.0	89.0	5.0	14.0	2.0	
1280.0	0.0	2.0	296.0	296.0	311.0	15.0	67.0	4.0	3.0	3.0	
1281.0	1.0	2.0	345.0	345.0	362.0	17.0	98.0	5.0	15.0	2.0	
1282.0	1.0	2.0	377.0	377.0	394.0	17.0	38.0	2.0	5.0	5.0	
1283.0	0.0	2.0	383.0	383.0	398.0	15.0	76.0	4.0	6.0	4.0	
1284.0	0.0	2.0	296.0	296.0	311.0	15.0	61.0	4.0	12.0	4.0	
1285.0	1.0	2.0	296.0	296.0	313.0	17.0	47.0	3.0	15.0	5.0	
1286.0	0.0	2.0	296.0	296.0	311.0	15.0	67.0	4.0	3.0	3.0	
1287.0	1.0	2.0	296.0	296.0	313.0	17.0	42.0	3.0	4.0	1.0	
1288.0	1.0	2.0	296.0	296.0	313.0	17.0	99.0	5.0	12.0	3.0	
1289.0	1.0	2.0	377.0	377.0	394.0	17.0	91.0	5.0	9.0	5.0	
1290.0	1.0	2.0	345.0	345.0	362.0	17.0	92.0	5.0	10.0	4.0	
1291.0	1.0	2.0	343.0	343.0	360.0	17.0	85.0	5.0	3.0	5.0	
1292.0	1.0	2.0	298.0	298.0	315.0	17.0	46.0	3.0	14.0	3.0	
1293.0	1.0	2.0	296.0	296.0	313.0	17.0	99.0	5.0	12.0	3.0	
1294.0	1.0	2.0	339.0	339.0	356.0	17.0	81.0	5.0	3.0	4.0	
1295.0	0.0	2.0	391.0	391.0	406.0	15.0	73.0	4.0	13.0	3.0	
1296.0	1.0	2.0	386.0	386.0	403.0	17.0	81.0	5.0	3.0	4.0	
1297.0	1.0	2.0	391.0	391.0	408.0	17.0	66.0	4.0	12.0	5.0	
1298.0	0.0	2.0	371.0	371.0	386.0	15.0	61.0	4.0	12.0	4.0	
1299.0	1.0	2.0	298.0	298.0	315.0	17.0	30.0	2.0	14.0	1.0	
1300.0	0.0	2.0	377.0	377.0	392.0	15.0	68.0	4.0	5.0	3.0	
1301.0	1.0	2.0	353.0	353.0	370.0	17.0	25.0	2.0	12.0	2.0	
1302.0	1.0	2.0	373.0	373.0	390.0	17.0	30.0	2.0	14.0	1.0	
1303.0	1.0	2.0	296.0	296.0	313.0	17.0	88.0	5.0	4.0	3.0	
1304.0	1.0	2.0	345.0	345.0	362.0	17.0	97.0	5.0	9.0	3.0	
1305.0	1.0	2.0	296.0	296.0	313.0	17.0	89.0	5.0	14.0	2.0	
1306.0	1.0	2.0	388.0	388.0	405.0	17.0	2.0	1.0	14.0	1.0	
1307.0	1.0	2.0	296.0	296.0	313.0	17.0	100.0	5.0	14.0	1.0	
1308.0	1.0	2.0	345.0	345.0	362.0	17.0	95.0	5.0	8.0	5.0	
1309.0	1.0	2.0	296.0	296.0	313.0	17.0	86.0	5.0	15.0	4.0	
1310.0	1.0	2.0	296.0	296.0	313.0	17.0	84.0	5.0	12.0	2.0	
1311.0	0.0	2.0	377.0	377.0	392.0	15.0	80.0	4.0	3.0	1.0	
1312.0	1.0	2.0	296.0	296.0	313.0	17.0	87.0	5.0	5.0	5.0	
1313.0	1.0	2.0	296.0	296.0	313.0	17.0	81.0	5.0	3.0	4.0	
1314.0	0.0	2.0	354.0	354.0	369.0	15.0	70.0	4.0	11.0	5.0	
1315.0	1.0	2.0	296.0	296.0	313.0	17.0	48.0	3.0	13.0	4.0	
1316.0	0.0	2.0	377.0	377.0	392.0	15.0	76.0	4.0	6.0	4.0	
1317.0	1.0	2.0	296.0	296.0	313.0	17.0	93.0	5.0	4.0	5.0	
1318.0	1.0	2.0	296.0	296.0	313.0	17.0	82.0	5.0	6.0	2.0	
1319.0	1.0	2.0	343.0	343.0	360.0	17.0	100.0	5.0	14.0	1.0	
1320.0	1.0	2.0	296.0	296.0	313.0	17.0	99.0	5.0	12.0	3.0	
1321.0	0.0	2.0	377.0	377.0	392.0	15.0	71.0	4.0	11.0	3.0	
1322.0	1.0	2.0	393.0	393.0	410.0	17.0	57.0	3.0	14.0	3.0	
1323.0	1.0	2.0	319.0	319.0	336.0	17.0	51.0	3.0	2.0	3.0	
1324.0	1.0	2.0	354.0	354.0	371.0	17.0	88.0	5.0	4.0	3.0	
1325.0	0.0	2.0	377.0	377.0	392.0	15.0	62.0	4.0	7.0	4.0	
1326.0	0.0	2.0	395.0	395.0	410.0	15.0	65.0	4.0	11.0	2.0	
1327.0	0.0	2.0	377.0	377.0	392.0	15.0	68.0	4.0	5.0	3.0	
1328.0	1.0	2.0	345.0	345.0	362.0	17.0	99.0	5.0	12.0	3.0	
1329.0	1.0	2.0	343.0	343.0	360.0	17.0	90.0	5.0	4.0	1.0	
1330.0	1.0	2.0	345.0	345.0	362.0	17.0	100.0	5.0	14.0	1.0	
1331.0	1.0	2.0	296.0	296.0	313.0	17.0	83.0	5.0	5.0	1.0	
1332.0	0.0	2.0	388.0	388.0	403.0	15.0	64.0	4.0	4.0	2.0	
1333.0	0.0	2.0	395.0	395.0	410.0	15.0	66.0	4.0	12.0	5.0	
1334.0	0.0	2.0	377.0	377.0	392.0	15.0	69.0	4.0	12.0	2.0	
1335.0	1.0	2.0	345.0	345.0	362.0	17.0	97.0	5.0	9.0	3.0	
1336.0	0.0	2.0	377.0	377.0	392.0	15.0	77.0	4.0	8.0	2.0	
1337.0	1.0	2.0	391.0	391.0	408.0	17.0	45.0	3.0	5.0	4.0	
1338.0	1.0	2.0	390.0	390.0	407.0	17.0	25.0	2.0	12.0	2.0	
1339.0	0.0	2.0	379.0	379.0	394.0	15.0	64.0	4.0	4.0	2.0	
1340.0	1.0	2.0	371.0	371.0	388.0	17.0	100.0	5.0	14.0	1.0	
1341.0	1.0	2.0	311.0	311.0	328.0	17.0	90.0	5.0	4.0	1.0	
1342.0	1.0	2.0	377.0	377.0	394.0	17.0	41.0	3.0	15.0	4.0	
1343.0	1.0	2.0	345.0	345.0	362.0	17.0	88.0	5.0	4.0	3.0	
1344.0	1.0	2.0	343.0	343.0	360.0	17.0	82.0	5.0	6.0	2.0	
1345.0	1.0	2.0	296.0	296.0	313.0	17.0	98.0	5.0	15.0	2.0	
1346.0	1.0	2.0	345.0	345.0	362.0	17.0	87.0	5.0	5.0	5.0	
1347.0	1.0	2.0	377.0	377.0	394.0	17.0	55.0	3.0	6.0	4.0	
1348.0	1.0	2.0	339.0	339.0	356.0	17.0	85.0	5.0	3.0	5.0	
1349.0	1.0	2.0	296.0	296.0	313.0	17.0	52.0	3.0	4.0	3.0	
1350.0	1.0	2.0	311.0	311.0	328.0	17.0	91.0	5.0	9.0	5.0	
1351.0	1.0	2.0	311.0	311.0	328.0	17.0	84.0	5.0	12.0	2.0	
1352.0	1.0	2.0	296.0	296.0	313.0	17.0	47.0	3.0	15.0	5.0	
1353.0	1.0	2.0	330.0	330.0	347.0	17.0	42.0	3.0	4.0	1.0	
1354.0	0.0	2.0	377.0	377.0	392.0	15.0	71.0	4.0	11.0	3.0	
1355.0	1.0	2.0	296.0	296.0	313.0	17.0	59.0	3.0	9.0	4.0	
1356.0	1.0	2.0	319.0	319.0	336.0	17.0	50.0	3.0	9.0	1.0	
1357.0	1.0	2.0	296.0	296.0	313.0	17.0	56.0	3.0	13.0	5.0	
1358.0	1.0	2.0	296.0	296.0	313.0	17.0	99.0	5.0	12.0	3.0	
1359.0	1.0	2.0	311.0	311.0	328.0	17.0	88.0	5.0	4.0	3.0	
1360.0	0.0	2.0	393.0	393.0	408.0	15.0	69.0	4.0	12.0	2.0	
1361.0	1.0	2.0	328.0	328.0	345.0	17.0	91.0	5.0	9.0	5.0	
1362.0	1.0	2.0	390.0	390.0	407.0	17.0	29.0	2.0	2.0	5.0	
1363.0	0.0	2.0	395.0	395.0	410.0	15.0	77.0	4.0	8.0	2.0	
1364.0	1.0	2.0	392.0	392.0	410.0	18.0	98.0	5.0	15.0	2.0	
1365.0	1.0	2.0	392.0	392.0	409.0	17.0	53.0	3.0	12.0	3.0	
1366.0	1.0	2.0	319.0	319.0	336.0	17.0	48.0	3.0	13.0	4.0	
1367.0	1.0	2.0	296.0	296.0	313.0	17.0	93.0	5.0	4.0	5.0	
1368.0	0.0	2.0	386.0	386.0	402.0	16.0	72.0	4.0	11.0	2.0	
1369.0	1.0	2.0	376.0	376.0	393.0	17.0	42.0	3.0	4.0	1.0	
1370.0	0.0	2.0	394.0	394.0	409.0	15.0	79.0	4.0	7.0	3.0	
1371.0	1.0	2.0	296.0	296.0	313.0	17.0	88.0	5.0	4.0	3.0	
1372.0	1.0	2.0	311.0	311.0	328.0	17.0	96.0	5.0	15.0	3.0	
1373.0	0.0	2.0	396.0	397.0	412.0	15.0	67.0	4.0	3.0	3.0	
1374.0	1.0	2.0	359.0	359.0	376.0	17.0	83.0	5.0	5.0	1.0	
1375.0	1.0	2.0	353.0	353.0	370.0	17.0	84.0	5.0	12.0	2.0	
1376.0	0.0	2.0	395.0	395.0	410.0	15.0	75.0	4.0	8.0	5.0	
1377.0	1.0	2.0	311.0	311.0	328.0	17.0	91.0	5.0	9.0	5.0	
1378.0	1.0	2.0	392.0	392.0	410.0	18.0	64.0	4.0	4.0	2.0	
1379.0	1.0	2.0	352.0	352.0	370.0	18.0	96.0	5.0	15.0	3.0	
1380.0	1.0	2.0	386.0	386.0	404.0	18.0	70.0	4.0	11.0	5.0	
1381.0	0.0	2.0	391.0	391.0	406.0	15.0	70.0	4.0	11.0	5.0	
1382.0	0.0	2.0	395.0	395.0	410.0	15.0	74.0	4.0	1.0	3.0	
1383.0	1.0	2.0	386.0	386.0	403.0	17.0	85.0	5.0	3.0	5.0	
1384.0	1.0	2.0	345.0	345.0	362.0	17.0	92.0	5.0	10.0	4.0	
1385.0	1.0	2.0	296.0	296.0	313.0	17.0	86.0	5.0	15.0	4.0	
1386.0	1.0	2.0	394.0	394.0	411.0	17.0	91.0	5.0	9.0	5.0	
1387.0	0.0	2.0	393.0	393.0	408.0	15.0	70.0	4.0	11.0	5.0	
1388.0	1.0	2.0	359.0	359.0	376.0	17.0	98.0	5.0	15.0	2.0	
1389.0	1.0	2.0	296.0	296.0	313.0	17.0	35.0	2.0	10.0	5.0	
1390.0	1.0	2.0	296.0	296.0	313.0	17.0	90.0	5.0	4.0	1.0	
1391.0	1.0	2.0	370.0	370.0	387.0	17.0	26.0	2.0	1.0	2.0	
1392.0	1.0	2.0	311.0	311.0	328.0	17.0	83.0	5.0	5.0	1.0	
1393.0	1.0	2.0	319.0	319.0	336.0	17.0	45.0	3.0	5.0	4.0	
1394.0	1.0	2.0	398.0	398.0	415.0	17.0	93.0	5.0	4.0	5.0	
1395.0	1.0	2.0	296.0	296.0	313.0	17.0	98.0	5.0	15.0	2.0	
1396.0	1.0	2.0	319.0	319.0	336.0	17.0	56.0	3.0	13.0	5.0	
1397.0	1.0	2.0	296.0	296.0	313.0	17.0	82.0	5.0	6.0	2.0	
1398.0	1.0	2.0	370.0	370.0	387.0	17.0	25.0	2.0	12.0	2.0	
1399.0	1.0	2.0	311.0	311.0	328.0	17.0	96.0	5.0	15.0	3.0	
1400.0	1.0	2.0	319.0	319.0	336.0	17.0	56.0	3.0	13.0	5.0	
1401.0	1.0	2.0	296.0	296.0	313.0	17.0	90.0	5.0	4.0	1.0	
1402.0	1.0	2.0	374.0	374.0	391.0	17.0	57.0	3.0	14.0	3.0	
1403.0	1.0	2.0	296.0	296.0	313.0	17.0	99.0	5.0	12.0	3.0	
1404.0	1.0	2.0	296.0	296.0	313.0	17.0	82.0	5.0	6.0	2.0	
1405.0	1.0	2.0	393.0	393.0	410.0	17.0	49.0	3.0	12.0	1.0	
1406.0	1.0	2.0	352.0	352.0	369.0	17.0	89.0	5.0	14.0	2.0	
1407.0	0.0	2.0	398.0	398.0	413.0	15.0	70.0	4.0	11.0	5.0	
1408.0	1.0	2.0	345.0	345.0	362.0	17.0	99.0	5.0	12.0	3.0	
1409.0	1.0	2.0	392.0	392.0	409.0	17.0	50.0	3.0	9.0	1.0	
1410.0	1.0	2.0	376.0	376.0	393.0	17.0	9.0	1.0	15.0	5.0	
1411.0	1.0	2.0	311.0	311.0	328.0	17.0	86.0	5.0	15.0	4.0	
1412.0	1.0	2.0	311.0	311.0	328.0	17.0	83.0	5.0	5.0	1.0	
1413.0	0.0	2.0	397.0	397.0	412.0	15.0	66.0	4.0	12.0	5.0	
1414.0	1.0	2.0	391.0	391.0	408.0	17.0	56.0	3.0	13.0	5.0	
1415.0	1.0	2.0	354.0	354.0	371.0	17.0	87.0	5.0	5.0	5.0	
1416.0	1.0	2.0	343.0	343.0	360.0	17.0	94.0	5.0	13.0	1.0	
1417.0	0.0	2.0	339.0	339.0	354.0	15.0	80.0	4.0	3.0	1.0	
1418.0	1.0	2.0	389.0	389.0	406.0	17.0	98.0	5.0	15.0	2.0	
1419.0	0.0	2.0	394.0	395.0	410.0	15.0	64.0	4.0	4.0	2.0	
1420.0	1.0	2.0	311.0	311.0	328.0	17.0	89.0	5.0	14.0	2.0	
1421.0	0.0	2.0	339.0	339.0	354.0	15.0	70.0	4.0	11.0	5.0	
1422.0	1.0	2.0	373.0	373.0	390.0	17.0	29.0	2.0	2.0	5.0	
1423.0	1.0	2.0	370.0	370.0	387.0	17.0	33.0	2.0	14.0	1.0	
1424.0	1.0	2.0	354.0	354.0	371.0	17.0	96.0	5.0	15.0	3.0	
1425.0	1.0	2.0	298.0	298.0	315.0	17.0	46.0	3.0	14.0	3.0	
1426.0	1.0	2.0	311.0	311.0	328.0	17.0	95.0	5.0	8.0	5.0	
1427.0	1.0	2.0	296.0	296.0	313.0	17.0	86.0	5.0	15.0	4.0	
1428.0	1.0	2.0	390.0	390.0	407.0	17.0	46.0	3.0	14.0	3.0	
1429.0	1.0	2.0	296.0	296.0	313.0	17.0	98.0	5.0	15.0	2.0	
1430.0	0.0	2.0	385.0	385.0	400.0	15.0	78.0	4.0	8.0	1.0	
1431.0	1.0	2.0	311.0	311.0	328.0	17.0	81.0	5.0	3.0	4.0	
1432.0	0.0	2.0	393.0	393.0	408.0	15.0	63.0	4.0	15.0	1.0	
1433.0	1.0	2.0	296.0	296.0	313.0	17.0	88.0	5.0	4.0	3.0	
1434.0	1.0	2.0	296.0	296.0	313.0	17.0	81.0	5.0	3.0	4.0	
1435.0	1.0	2.0	345.0	345.0	362.0	17.0	83.0	5.0	5.0	1.0	
1436.0	1.0	2.0	345.0	345.0	362.0	17.0	81.0	5.0	3.0	4.0	
1437.0	1.0	2.0	311.0	311.0	328.0	17.0	86.0	5.0	15.0	4.0	
1438.0	1.0	2.0	345.0	345.0	362.0	17.0	92.0	5.0	10.0	4.0	
1439.0	1.0	2.0	311.0	311.0	328.0	17.0	86.0	5.0	15.0	4.0	
1440.0	1.0	2.0	398.0	398.0	416.0	18.0	61.0	4.0	12.0	4.0	
1441.0	1.0	2.0	343.0	343.0	360.0	17.0	90.0	5.0	4.0	1.0	
1442.0	1.0	2.0	296.0	296.0	313.0	17.0	90.0	5.0	4.0	1.0	
1443.0	1.0	2.0	349.0	349.0	366.0	17.0	99.0	5.0	12.0	3.0	
1444.0	1.0	2.0	311.0	311.0	328.0	17.0	84.0	5.0	12.0	2.0	
1445.0	1.0	2.0	311.0	311.0	328.0	17.0	91.0	5.0	9.0	5.0	
1446.0	1.0	2.0	388.0	388.0	405.0	17.0	18.0	1.0	2.0	5.0	
1447.0	1.0	2.0	296.0	296.0	313.0	17.0	97.0	5.0	9.0	3.0	
1448.0	0.0	2.0	393.0	393.0	408.0	15.0	72.0	4.0	11.0	2.0	
1449.0	1.0	2.0	319.0	319.0	336.0	17.0	54.0	3.0	10.0	5.0	
1450.0	1.0	2.0	311.0	311.0	328.0	17.0	85.0	5.0	3.0	5.0	
1451.0	1.0	2.0	311.0	311.0	328.0	17.0	85.0	5.0	3.0	5.0	
1452.0	1.0	2.0	357.0	357.0	374.0	17.0	59.0	3.0	9.0	4.0	
1453.0	1.0	2.0	374.0	374.0	391.0	17.0	81.0	5.0	3.0	4.0	
1454.0	1.0	2.0	311.0	311.0	328.0	17.0	89.0	5.0	14.0	2.0	
1455.0	0.0	2.0	386.0	386.0	401.0	15.0	74.0	4.0	1.0	3.0	
1456.0	0.0	2.0	298.0	298.0	313.0	15.0	75.0	4.0	8.0	5.0	
1457.0	0.0	2.0	298.0	298.0	313.0	15.0	78.0	4.0	8.0	1.0	
1458.0	0.0	2.0	386.0	386.0	401.0	15.0	61.0	4.0	12.0	4.0	
1459.0	1.0	2.0	298.0	298.0	315.0	17.0	42.0	3.0	4.0	1.0	
1460.0	0.0	2.0	298.0	298.0	313.0	15.0	69.0	4.0	12.0	2.0	
1461.0	0.0	2.0	298.0	298.0	313.0	15.0	70.0	4.0	11.0	5.0	
1462.0	0.0	2.0	298.0	298.0	313.0	15.0	73.0	4.0	13.0	3.0	
1463.0	1.0	2.0	296.0	296.0	313.0	17.0	93.0	5.0	4.0	5.0	
1464.0	1.0	2.0	390.0	390.0	407.0	17.0	38.0	2.0	5.0	5.0	
1465.0	1.0	2.0	391.0	391.0	408.0	17.0	79.0	4.0	7.0	3.0	
1466.0	1.0	2.0	328.0	328.0	345.0	17.0	92.0	5.0	10.0	4.0	
1467.0	1.0	2.0	353.0	353.0	370.0	17.0	90.0	5.0	4.0	1.0	
1468.0	1.0	2.0	296.0	296.0	313.0	17.0	35.0	2.0	10.0	5.0	
1469.0	0.0	2.0	298.0	298.0	313.0	15.0	74.0	4.0	1.0	3.0	
1470.0	1.0	2.0	388.0	388.0	405.0	17.0	28.0	2.0	8.0	1.0	
1471.0	1.0	2.0	375.0	375.0	392.0	17.0	94.0	5.0	13.0	1.0	
1472.0	1.0	2.0	343.0	343.0	360.0	17.0	86.0	5.0	15.0	4.0	
1473.0	1.0	2.0	298.0	298.0	315.0	17.0	54.0	3.0	10.0	5.0	
1474.0	1.0	2.0	382.0	382.0	399.0	17.0	90.0	5.0	4.0	1.0	
1475.0	0.0	2.0	298.0	298.0	313.0	15.0	72.0	4.0	11.0	2.0	
1476.0	1.0	2.0	397.0	397.0	414.0	17.0	4.0	1.0	9.0	4.0	
1477.0	1.0	2.0	296.0	296.0	313.0	17.0	91.0	5.0	9.0	5.0	
1478.0	1.0	2.0	298.0	298.0	315.0	17.0	40.0	2.0	11.0	3.0	
1479.0	1.0	2.0	371.0	371.0	388.0	17.0	37.0	2.0	5.0	2.0	
1480.0	1.0	2.0	311.0	311.0	328.0	17.0	100.0	5.0	14.0	1.0	
1481.0	1.0	2.0	328.0	328.0	345.0	17.0	81.0	5.0	3.0	4.0	
1482.0	0.0	2.0	298.0	298.0	313.0	15.0	73.0	4.0	13.0	3.0	
1483.0	1.0	2.0	298.0	298.0	315.0	17.0	33.0	2.0	14.0	1.0	
1484.0	1.0	2.0	296.0	296.0	313.0	17.0	92.0	5.0	10.0	4.0	
1485.0	1.0	2.0	319.0	319.0	336.0	17.0	43.0	3.0	13.0	1.0	
1486.0	1.0	2.0	296.0	296.0	313.0	17.0	86.0	5.0	15.0	4.0	
1487.0	1.0	2.0	298.0	298.0	315.0	17.0	55.0	3.0	6.0	4.0	
1488.0	0.0	2.0	383.0	383.0	398.0	15.0	73.0	4.0	13.0	3.0	
1489.0	1.0	2.0	296.0	296.0	313.0	17.0	94.0	5.0	13.0	1.0	
1490.0	1.0	2.0	311.0	311.0	328.0	17.0	81.0	5.0	3.0	4.0	
1491.0	0.0	2.0	393.0	393.0	408.0	15.0	62.0	4.0	7.0	4.0	
1492.0	1.0	2.0	373.0	373.0	390.0	17.0	39.0	2.0	14.0	2.0	
1493.0	1.0	2.0	359.0	359.0	376.0	17.0	85.0	5.0	3.0	5.0	
1494.0	1.0	2.0	296.0	296.0	313.0	17.0	90.0	5.0	4.0	1.0	
1495.0	0.0	2.0	298.0	298.0	313.0	15.0	74.0	4.0	1.0	3.0	
1496.0	1.0	2.0	377.0	377.0	394.0	17.0	88.0	5.0	4.0	3.0	
1497.0	1.0	2.0	396.0	396.0	413.0	17.0	12.0	1.0	5.0	3.0	
1498.0	1.0	2.0	296.0	296.0	313.0	17.0	85.0	5.0	3.0	5.0	
1499.0	0.0	2.0	383.0	383.0	398.0	15.0	65.0	4.0	11.0	2.0	
1500.0	1.0	2.0	311.0	311.0	328.0	17.0	94.0	5.0	13.0	1.0	
1501.0	0.0	2.0	388.0	388.0	403.0	15.0	70.0	4.0	11.0	5.0	
1502.0	1.0	2.0	366.0	366.0	383.0	17.0	51.0	3.0	2.0	3.0	
1503.0	1.0	2.0	319.0	319.0	336.0	17.0	21.0	2.0	9.0	1.0	
1504.0	1.0	2.0	328.0	328.0	345.0	17.0	84.0	5.0	12.0	2.0	
1505.0	1.0	2.0	311.0	311.0	328.0	17.0	87.0	5.0	5.0	5.0	
1506.0	1.0	2.0	296.0	296.0	313.0	17.0	84.0	5.0	12.0	2.0	
1507.0	1.0	2.0	399.0	399.0	416.0	17.0	91.0	5.0	9.0	5.0	
1508.0	1.0	2.0	373.0	373.0	390.0	17.0	14.0	1.0	13.0	5.0	
1509.0	1.0	2.0	296.0	296.0	313.0	17.0	89.0	5.0	14.0	2.0	
1510.0	1.0	2.0	352.0	352.0	369.0	17.0	83.0	5.0	5.0	1.0	
1511.0	1.0	2.0	311.0	311.0	328.0	17.0	82.0	5.0	6.0	2.0	
1512.0	0.0	2.0	346.0	346.0	361.0	15.0	64.0	4.0	4.0	2.0	
1513.0	0.0	2.0	395.0	395.0	410.0	15.0	66.0	4.0	12.0	5.0	
1514.0	1.0	2.0	296.0	296.0	313.0	17.0	92.0	5.0	10.0	4.0	
1515.0	1.0	2.0	296.0	296.0	313.0	17.0	94.0	5.0	13.0	1.0	
1516.0	0.0	2.0	398.0	398.0	413.0	15.0	76.0	4.0	6.0	4.0	
1517.0	1.0	2.0	311.0	311.0	328.0	17.0	87.0	5.0	5.0	5.0	
1518.0	0.0	2.0	346.0	346.0	361.0	15.0	62.0	4.0	7.0	4.0	
1519.0	0.0	2.0	298.0	298.0	313.0	15.0	45.0	3.0	5.0	4.0	
1520.0	0.0	2.0	296.0	296.0	311.0	15.0	48.0	3.0	13.0	4.0	
1521.0	0.0	2.0	298.0	298.0	313.0	15.0	52.0	3.0	4.0	3.0	
1522.0	0.0	2.0	386.0	386.0	401.0	15.0	56.0	3.0	13.0	5.0	
1523.0	0.0	2.0	296.0	296.0	311.0	15.0	59.0	3.0	9.0	4.0	
1524.0	0.0	2.0	319.0	319.0	334.0	15.0	60.0	3.0	3.0	3.0	
1525.0	0.0	2.0	298.0	298.0	313.0	15.0	44.0	3.0	3.0	5.0	
1526.0	1.0	2.0	298.0	298.0	315.0	17.0	23.0	2.0	7.0	3.0	
1527.0	0.0	2.0	296.0	296.0	311.0	15.0	49.0	3.0	12.0	1.0	
1528.0	0.0	2.0	298.0	298.0	313.0	15.0	53.0	3.0	12.0	3.0	
1529.0	0.0	2.0	319.0	319.0	334.0	15.0	57.0	3.0	14.0	3.0	
1530.0	1.0	2.0	298.0	298.0	315.0	17.0	32.0	2.0	14.0	3.0	
1531.0	1.0	2.0	311.0	311.0	328.0	17.0	83.0	5.0	5.0	1.0	
1532.0	1.0	2.0	296.0	296.0	313.0	17.0	82.0	5.0	6.0	2.0	
1533.0	1.0	2.0	360.0	360.0	377.0	17.0	91.0	5.0	9.0	5.0	
1534.0	0.0	2.0	298.0	298.0	313.0	15.0	50.0	3.0	9.0	1.0	
1535.0	1.0	2.0	296.0	296.0	313.0	17.0	87.0	5.0	5.0	5.0	
1536.0	0.0	2.0	354.0	354.0	369.0	15.0	56.0	3.0	13.0	5.0	
1537.0	0.0	2.0	376.0	376.0	391.0	15.0	60.0	3.0	3.0	3.0	
1538.0	1.0	2.0	311.0	311.0	328.0	17.0	94.0	5.0	13.0	1.0	
1539.0	0.0	2.0	385.0	385.0	400.0	15.0	46.0	3.0	14.0	3.0	
1540.0	1.0	2.0	311.0	311.0	328.0	17.0	85.0	5.0	3.0	5.0	
1541.0	1.0	2.0	296.0	296.0	313.0	17.0	100.0	5.0	14.0	1.0	
1542.0	0.0	2.0	354.0	354.0	369.0	15.0	56.0	3.0	13.0	5.0	
1543.0	1.0	2.0	311.0	311.0	328.0	17.0	90.0	5.0	4.0	1.0	
1544.0	0.0	2.0	382.0	382.0	397.0	15.0	41.0	3.0	15.0	4.0	
1545.0	1.0	2.0	296.0	296.0	313.0	17.0	93.0	5.0	4.0	5.0	
1546.0	1.0	2.0	382.0	382.0	399.0	17.0	90.0	5.0	4.0	1.0	
1547.0	0.0	2.0	377.0	377.0	392.0	15.0	50.0	3.0	9.0	1.0	
1548.0	0.0	2.0	319.0	319.0	334.0	15.0	53.0	3.0	12.0	3.0	
1549.0	1.0	2.0	296.0	296.0	313.0	17.0	91.0	5.0	9.0	5.0	
1550.0	1.0	2.0	388.0	388.0	405.0	17.0	36.0	2.0	15.0	4.0	
1551.0	1.0	2.0	298.0	298.0	315.0	17.0	32.0	2.0	14.0	3.0	
1552.0	1.0	2.0	296.0	296.0	313.0	17.0	83.0	5.0	5.0	1.0	
1553.0	1.0	2.0	360.0	360.0	377.0	17.0	100.0	5.0	14.0	1.0	
1554.0	1.0	2.0	296.0	296.0	313.0	17.0	87.0	5.0	5.0	5.0	
1555.0	0.0	2.0	377.0	377.0	392.0	15.0	53.0	3.0	12.0	3.0	
1556.0	1.0	2.0	311.0	311.0	328.0	17.0	98.0	5.0	15.0	2.0	
1557.0	1.0	2.0	298.0	298.0	315.0	17.0	26.0	2.0	1.0	2.0	
1558.0	0.0	2.0	332.0	332.0	347.0	15.0	42.0	3.0	4.0	1.0	
1559.0	0.0	2.0	332.0	332.0	347.0	15.0	46.0	3.0	14.0	3.0	
1560.0	0.0	2.0	377.0	377.0	392.0	15.0	50.0	3.0	9.0	1.0	
1561.0	0.0	2.0	393.0	393.0	408.0	15.0	53.0	3.0	12.0	3.0	
1562.0	0.0	2.0	386.0	386.0	401.0	15.0	54.0	3.0	10.0	5.0	
1563.0	1.0	2.0	377.0	377.0	394.0	17.0	80.0	4.0	3.0	1.0	
1564.0	1.0	2.0	296.0	296.0	313.0	17.0	95.0	5.0	8.0	5.0	
1565.0	1.0	2.0	343.0	343.0	360.0	17.0	97.0	5.0	9.0	3.0	
1566.0	1.0	2.0	311.0	311.0	328.0	17.0	85.0	5.0	3.0	5.0	
1567.0	1.0	2.0	373.0	373.0	390.0	17.0	25.0	2.0	12.0	2.0	
1568.0	1.0	2.0	296.0	296.0	313.0	17.0	95.0	5.0	8.0	5.0	
1569.0	1.0	2.0	390.0	390.0	407.0	17.0	14.0	1.0	13.0	5.0	
1570.0	1.0	2.0	296.0	296.0	313.0	17.0	87.0	5.0	5.0	5.0	
1571.0	0.0	2.0	382.0	382.0	397.0	15.0	41.0	3.0	15.0	4.0	
1572.0	0.0	2.0	354.0	354.0	369.0	15.0	44.0	3.0	3.0	5.0	
1573.0	0.0	2.0	332.0	332.0	347.0	15.0	47.0	3.0	15.0	5.0	
1574.0	0.0	2.0	391.0	391.0	406.0	15.0	50.0	3.0	9.0	1.0	
1575.0	1.0	2.0	311.0	311.0	328.0	17.0	95.0	5.0	8.0	5.0	
1576.0	1.0	2.0	381.0	381.0	398.0	17.0	81.0	5.0	3.0	4.0	
1577.0	1.0	2.0	389.0	389.0	406.0	17.0	49.0	3.0	12.0	1.0	
1578.0	1.0	2.0	346.0	346.0	363.0	17.0	78.0	4.0	8.0	1.0	
1579.0	0.0	2.0	332.0	332.0	347.0	15.0	45.0	3.0	5.0	4.0	
1580.0	1.0	2.0	296.0	296.0	313.0	17.0	84.0	5.0	12.0	2.0	
1581.0	0.0	2.0	394.0	394.0	409.0	15.0	52.0	3.0	4.0	3.0	
1582.0	1.0	2.0	311.0	311.0	328.0	17.0	95.0	5.0	8.0	5.0	
1583.0	0.0	2.0	361.0	361.0	376.0	15.0	57.0	3.0	14.0	3.0	
1584.0	0.0	2.0	390.0	390.0	405.0	15.0	42.0	3.0	4.0	1.0	
1585.0	0.0	2.0	386.0	386.0	401.0	15.0	44.0	3.0	3.0	5.0	
1586.0	1.0	2.0	374.0	374.0	392.0	18.0	93.0	5.0	4.0	5.0	
1587.0	1.0	2.0	354.0	354.0	371.0	17.0	72.0	4.0	11.0	2.0	
1588.0	0.0	2.0	354.0	354.0	369.0	15.0	54.0	3.0	10.0	5.0	
1589.0	0.0	2.0	390.0	390.0	405.0	15.0	55.0	3.0	6.0	4.0	
1590.0	0.0	2.0	390.0	390.0	405.0	15.0	58.0	3.0	11.0	4.0	
1591.0	1.0	2.0	311.0	311.0	328.0	17.0	98.0	5.0	15.0	2.0	
1592.0	0.0	2.0	389.0	389.0	404.0	15.0	45.0	3.0	5.0	4.0	
1593.0	0.0	2.0	388.0	388.0	403.0	15.0	49.0	3.0	12.0	1.0	
1594.0	1.0	2.0	296.0	296.0	313.0	17.0	85.0	5.0	3.0	5.0	
1595.0	0.0	2.0	392.0	392.0	407.0	15.0	55.0	3.0	6.0	4.0	
1596.0	1.0	2.0	354.0	354.0	371.0	17.0	43.0	3.0	13.0	1.0	
1597.0	0.0	2.0	391.0	391.0	406.0	15.0	59.0	3.0	9.0	4.0	
1598.0	0.0	2.0	389.0	389.0	404.0	15.0	44.0	3.0	3.0	5.0	
1599.0	1.0	2.0	311.0	311.0	328.0	17.0	91.0	5.0	9.0	5.0	
1600.0	0.0	2.0	388.0	388.0	403.0	15.0	49.0	3.0	12.0	1.0	
1601.0	1.0	2.0	386.0	386.0	403.0	17.0	88.0	5.0	4.0	3.0	
1602.0	0.0	2.0	393.0	393.0	408.0	15.0	56.0	3.0	13.0	5.0	
1603.0	1.0	2.0	311.0	311.0	328.0	17.0	100.0	5.0	14.0	1.0	
1604.0	1.0	2.0	359.0	359.0	376.0	17.0	95.0	5.0	8.0	5.0	
1605.0	1.0	2.0	351.0	351.0	368.0	17.0	76.0	4.0	6.0	4.0	
1606.0	0.0	2.0	392.0	392.0	407.0	15.0	48.0	3.0	13.0	4.0	
1607.0	1.0	2.0	296.0	296.0	313.0	17.0	100.0	5.0	14.0	1.0	
1608.0	0.0	2.0	396.0	396.0	411.0	15.0	54.0	3.0	10.0	5.0	
1609.0	0.0	2.0	391.0	391.0	406.0	15.0	57.0	3.0	14.0	3.0	
1610.0	1.0	2.0	296.0	296.0	313.0	17.0	97.0	5.0	9.0	3.0	
1611.0	0.0	2.0	393.0	393.0	408.0	15.0	42.0	3.0	4.0	1.0	
1612.0	1.0	2.0	311.0	311.0	328.0	17.0	89.0	5.0	14.0	2.0	
1613.0	1.0	2.0	311.0	311.0	328.0	17.0	91.0	5.0	9.0	5.0	
1614.0	0.0	2.0	392.0	392.0	407.0	15.0	50.0	3.0	9.0	1.0	
1615.0	0.0	2.0	396.0	396.0	411.0	15.0	55.0	3.0	6.0	4.0	
1616.0	1.0	2.0	393.0	393.0	410.0	17.0	63.0	4.0	15.0	1.0	
1617.0	0.0	2.0	391.0	391.0	406.0	15.0	60.0	3.0	3.0	3.0	
1618.0	1.0	2.0	381.0	381.0	398.0	17.0	88.0	5.0	4.0	3.0	
1619.0	1.0	2.0	393.0	393.0	410.0	17.0	84.0	5.0	12.0	2.0	
1620.0	1.0	2.0	353.0	353.0	370.0	17.0	90.0	5.0	4.0	1.0	
1621.0	1.0	2.0	395.0	395.0	412.0	17.0	64.0	4.0	4.0	2.0	
1622.0	1.0	2.0	311.0	311.0	328.0	17.0	82.0	5.0	6.0	2.0	
1623.0	1.0	2.0	311.0	311.0	328.0	17.0	94.0	5.0	13.0	1.0	
1624.0	1.0	2.0	353.0	353.0	370.0	17.0	26.0	2.0	1.0	2.0	
1625.0	1.0	2.0	381.0	381.0	398.0	17.0	81.0	5.0	3.0	4.0	
1626.0	1.0	2.0	311.0	311.0	328.0	17.0	99.0	5.0	12.0	3.0	
1627.0	1.0	2.0	377.0	377.0	394.0	17.0	100.0	5.0	14.0	1.0	
1628.0	1.0	2.0	399.0	400.0	417.0	17.0	99.0	5.0	12.0	3.0	
1629.0	0.0	2.0	398.0	398.0	413.0	15.0	57.0	3.0	14.0	3.0	
1630.0	0.0	2.0	391.0	391.0	406.0	15.0	59.0	3.0	9.0	4.0	
1631.0	1.0	2.0	388.0	388.0	405.0	17.0	24.0	2.0	14.0	4.0	
1632.0	0.0	2.0	355.0	355.0	370.0	15.0	46.0	3.0	14.0	3.0	
1633.0	1.0	2.0	296.0	296.0	313.0	17.0	94.0	5.0	13.0	1.0	
1634.0	1.0	2.0	311.0	311.0	328.0	17.0	89.0	5.0	14.0	2.0	
1635.0	1.0	2.0	319.0	319.0	336.0	17.0	38.0	2.0	5.0	5.0	
1636.0	1.0	2.0	391.0	391.0	408.0	17.0	22.0	2.0	6.0	2.0	
1637.0	1.0	2.0	296.0	296.0	313.0	17.0	84.0	5.0	12.0	2.0	
1638.0	1.0	2.0	296.0	296.0	313.0	17.0	92.0	5.0	10.0	4.0	
1639.0	0.0	2.0	353.0	353.0	368.0	15.0	47.0	3.0	15.0	5.0	
1640.0	1.0	2.0	377.0	377.0	394.0	17.0	100.0	5.0	14.0	1.0	
1641.0	1.0	2.0	388.0	388.0	405.0	17.0	33.0	2.0	14.0	1.0	
1642.0	1.0	2.0	381.0	381.0	398.0	17.0	83.0	5.0	5.0	1.0	
1643.0	0.0	2.0	392.0	392.0	407.0	15.0	59.0	3.0	9.0	4.0	
1644.0	0.0	2.0	394.0	394.0	409.0	15.0	41.0	3.0	15.0	4.0	
1645.0	1.0	2.0	388.0	388.0	405.0	17.0	98.0	5.0	15.0	2.0	
1646.0	0.0	2.0	396.0	396.0	411.0	15.0	48.0	3.0	13.0	4.0	
1647.0	1.0	2.0	349.0	349.0	366.0	17.0	88.0	5.0	4.0	3.0	
1648.0	1.0	2.0	391.0	391.0	408.0	17.0	69.0	4.0	12.0	2.0	
1649.0	1.0	2.0	311.0	311.0	328.0	17.0	87.0	5.0	5.0	5.0	
1650.0	0.0	2.0	393.0	393.0	408.0	15.0	58.0	3.0	11.0	4.0	
1651.0	1.0	2.0	397.0	397.0	414.0	17.0	66.0	4.0	12.0	5.0	
1652.0	1.0	2.0	296.0	296.0	313.0	17.0	96.0	5.0	15.0	3.0	
1653.0	1.0	2.0	381.0	381.0	398.0	17.0	88.0	5.0	4.0	3.0	
1654.0	1.0	2.0	357.0	357.0	374.0	17.0	69.0	4.0	12.0	2.0	
1655.0	1.0	2.0	391.0	391.0	408.0	17.0	94.0	5.0	13.0	1.0	
1656.0	0.0	2.0	396.0	396.0	411.0	15.0	58.0	3.0	11.0	4.0	
1657.0	1.0	2.0	332.0	332.0	349.0	17.0	36.0	2.0	15.0	4.0	
1658.0	1.0	2.0	386.0	386.0	403.0	17.0	73.0	4.0	13.0	3.0	
1659.0	0.0	2.0	332.0	332.0	347.0	15.0	46.0	3.0	14.0	3.0	
1660.0	0.0	2.0	332.0	332.0	347.0	15.0	50.0	3.0	9.0	1.0	
1661.0	1.0	2.0	393.0	393.0	410.0	17.0	83.0	5.0	5.0	1.0	
1662.0	1.0	2.0	388.0	388.0	405.0	17.0	80.0	4.0	3.0	1.0	
1663.0	0.0	2.0	398.0	398.0	413.0	15.0	57.0	3.0	14.0	3.0	
1664.0	1.0	2.0	393.0	393.0	410.0	17.0	83.0	5.0	5.0	1.0	
1665.0	0.0	2.0	397.0	397.0	412.0	15.0	44.0	3.0	3.0	5.0	
1666.0	1.0	2.0	311.0	311.0	328.0	17.0	94.0	5.0	13.0	1.0	
1667.0	1.0	2.0	296.0	296.0	313.0	17.0	89.0	5.0	14.0	2.0	
1668.0	1.0	2.0	354.0	354.0	371.0	17.0	69.0	4.0	12.0	2.0	
1669.0	1.0	2.0	397.0	397.0	414.0	17.0	64.0	4.0	4.0	2.0	
1670.0	1.0	2.0	311.0	311.0	328.0	17.0	92.0	5.0	10.0	4.0	
1671.0	1.0	2.0	390.0	390.0	407.0	17.0	30.0	2.0	14.0	1.0	
1672.0	1.0	2.0	390.0	390.0	407.0	17.0	39.0	2.0	14.0	2.0	
1673.0	1.0	2.0	392.0	392.0	409.0	17.0	40.0	2.0	11.0	3.0	
1674.0	1.0	2.0	381.0	381.0	398.0	17.0	87.0	5.0	5.0	5.0	
1675.0	1.0	2.0	395.0	395.0	413.0	18.0	95.0	5.0	8.0	5.0	
1676.0	1.0	2.0	390.0	391.0	408.0	17.0	76.0	4.0	6.0	4.0	
1677.0	0.0	2.0	396.0	396.0	411.0	15.0	60.0	3.0	3.0	3.0	
1678.0	0.0	2.0	398.0	398.0	413.0	15.0	44.0	3.0	3.0	5.0	
1679.0	1.0	2.0	377.0	377.0	394.0	17.0	21.0	2.0	9.0	1.0	
1680.0	1.0	2.0	332.0	332.0	349.0	17.0	99.0	5.0	12.0	3.0	
1681.0	0.0	2.0	396.0	396.0	411.0	15.0	51.0	3.0	2.0	3.0	
1682.0	1.0	2.0	391.0	391.0	408.0	17.0	80.0	4.0	3.0	1.0	
1683.0	0.0	2.0	391.0	391.0	406.0	15.0	58.0	3.0	11.0	4.0	
1684.0	1.0	2.0	381.0	381.0	398.0	17.0	92.0	5.0	10.0	4.0	
1685.0	1.0	2.0	353.0	353.0	370.0	17.0	28.0	2.0	8.0	1.0	
1686.0	1.0	2.0	393.0	393.0	410.0	17.0	97.0	5.0	9.0	3.0	
1687.0	1.0	2.0	398.0	398.0	415.0	17.0	92.0	5.0	10.0	4.0	
1688.0	1.0	2.0	398.0	398.0	415.0	17.0	86.0	5.0	15.0	4.0	
1689.0	1.0	2.0	370.0	370.0	387.0	17.0	29.0	2.0	2.0	5.0	
1690.0	0.0	2.0	396.0	396.0	411.0	15.0	60.0	3.0	3.0	3.0	
1691.0	1.0	2.0	311.0	311.0	328.0	17.0	70.0	4.0	11.0	5.0	
1692.0	1.0	2.0	331.0	331.0	348.0	17.0	90.0	5.0	4.0	1.0	
1693.0	0.0	2.0	398.0	398.0	413.0	15.0	47.0	3.0	15.0	5.0	
1694.0	0.0	2.0	398.0	398.0	413.0	15.0	51.0	3.0	2.0	3.0	
1695.0	1.0	2.0	381.0	381.0	398.0	17.0	94.0	5.0	13.0	1.0	
1696.0	1.0	2.0	397.0	397.0	414.0	17.0	90.0	5.0	4.0	1.0	
1697.0	1.0	2.0	393.0	393.0	410.0	17.0	94.0	5.0	13.0	1.0	
1698.0	1.0	2.0	311.0	311.0	328.0	17.0	81.0	5.0	3.0	4.0	
1699.0	1.0	2.0	397.0	397.0	414.0	17.0	100.0	5.0	14.0	1.0	
1700.0	1.0	2.0	296.0	296.0	313.0	17.0	90.0	5.0	4.0	1.0	
1701.0	1.0	2.0	401.0	401.0	418.0	17.0	83.0	5.0	5.0	1.0	
1702.0	1.0	2.0	328.0	328.0	345.0	17.0	91.0	5.0	9.0	5.0	
1703.0	1.0	2.0	345.0	345.0	362.0	17.0	83.0	5.0	5.0	1.0	
1704.0	1.0	2.0	397.0	397.0	414.0	17.0	63.0	4.0	15.0	1.0	
1705.0	1.0	2.0	387.0	387.0	404.0	17.0	32.0	2.0	14.0	3.0	
1706.0	1.0	2.0	400.0	400.0	417.0	17.0	78.0	4.0	8.0	1.0	
1707.0	1.0	2.0	398.0	398.0	415.0	17.0	41.0	3.0	15.0	4.0	
1708.0	1.0	2.0	393.0	393.0	410.0	17.0	85.0	5.0	3.0	5.0	
1709.0	1.0	2.0	359.0	359.0	376.0	17.0	85.0	5.0	3.0	5.0	
1710.0	1.0	2.0	399.0	399.0	416.0	17.0	90.0	5.0	4.0	1.0	
1711.0	1.0	2.0	395.0	395.0	412.0	17.0	86.0	5.0	15.0	4.0	
1712.0	1.0	2.0	394.0	394.0	411.0	17.0	40.0	2.0	11.0	3.0	
1713.0	1.0	2.0	396.0	397.0	414.0	17.0	88.0	5.0	4.0	3.0	
1714.0	1.0	2.0	398.0	398.0	415.0	17.0	87.0	5.0	5.0	5.0	
1715.0	1.0	2.0	328.0	328.0	345.0	17.0	100.0	5.0	14.0	1.0	
1716.0	1.0	2.0	396.0	396.0	413.0	17.0	87.0	5.0	5.0	5.0	
1717.0	1.0	2.0	354.0	354.0	371.0	17.0	61.0	4.0	12.0	4.0	
1718.0	0.0	2.0	398.0	398.0	413.0	15.0	43.0	3.0	13.0	1.0	
1719.0	1.0	2.0	349.0	349.0	366.0	17.0	93.0	5.0	4.0	5.0	
1720.0	1.0	2.0	393.0	393.0	410.0	17.0	91.0	5.0	9.0	5.0	
1721.0	1.0	2.0	311.0	311.0	328.0	17.0	82.0	5.0	6.0	2.0	
1722.0	0.0	2.0	395.0	395.0	410.0	15.0	54.0	3.0	10.0	5.0	
1723.0	1.0	2.0	393.0	393.0	410.0	17.0	62.0	4.0	7.0	4.0	
1724.0	1.0	2.0	394.0	394.0	411.0	17.0	98.0	5.0	15.0	2.0	
1725.0	1.0	2.0	311.0	311.0	328.0	17.0	92.0	5.0	10.0	4.0	
1726.0	1.0	2.0	345.0	345.0	362.0	17.0	89.0	5.0	14.0	2.0	
1727.0	1.0	2.0	311.0	311.0	328.0	17.0	89.0	5.0	14.0	2.0	
1728.0	1.0	2.0	386.0	386.0	403.0	17.0	87.0	5.0	5.0	5.0	
1729.0	1.0	2.0	353.0	353.0	370.0	17.0	32.0	2.0	14.0	3.0	
1730.0	1.0	2.0	351.0	351.0	368.0	17.0	73.0	4.0	13.0	3.0	
1731.0	0.0	2.0	399.0	399.0	414.0	15.0	42.0	3.0	4.0	1.0	
1732.0	1.0	2.0	397.0	397.0	414.0	17.0	72.0	4.0	11.0	2.0	
1733.0	1.0	2.0	393.0	393.0	410.0	17.0	86.0	5.0	15.0	4.0	
1734.0	1.0	2.0	391.0	391.0	408.0	17.0	31.0	2.0	8.0	1.0	
1735.0	1.0	2.0	355.0	355.0	372.0	17.0	31.0	2.0	8.0	1.0	
1736.0	1.0	2.0	391.0	391.0	408.0	17.0	72.0	4.0	11.0	2.0	
1737.0	1.0	2.0	400.0	400.0	417.0	17.0	86.0	5.0	15.0	4.0	
1738.0	1.0	2.0	397.0	398.0	415.0	17.0	91.0	5.0	9.0	5.0	
1739.0	1.0	2.0	398.0	398.0	415.0	17.0	94.0	5.0	13.0	1.0	
1740.0	1.0	2.0	388.0	388.0	405.0	17.0	6.0	1.0	7.0	1.0	
1741.0	1.0	2.0	311.0	311.0	328.0	17.0	67.0	4.0	3.0	3.0	
1742.0	1.0	2.0	393.0	393.0	410.0	17.0	88.0	5.0	4.0	3.0	
1743.0	1.0	2.0	397.0	397.0	414.0	17.0	26.0	2.0	1.0	2.0	
1744.0	1.0	2.0	311.0	311.0	328.0	17.0	87.0	5.0	5.0	5.0	
1745.0	1.0	2.0	296.0	296.0	313.0	17.0	95.0	5.0	8.0	5.0	
1746.0	1.0	2.0	399.0	399.0	416.0	17.0	76.0	4.0	6.0	4.0	
1747.0	0.0	2.0	383.0	383.0	398.0	15.0	51.0	3.0	2.0	3.0	
1748.0	1.0	2.0	311.0	311.0	328.0	17.0	95.0	5.0	8.0	5.0	
1749.0	0.0	2.0	394.0	394.0	409.0	15.0	55.0	3.0	6.0	4.0	
1750.0	1.0	2.0	398.0	398.0	416.0	18.0	62.0	4.0	7.0	4.0	
1751.0	1.0	2.0	360.0	360.0	377.0	17.0	100.0	5.0	14.0	1.0	
1752.0	1.0	2.0	398.0	398.0	415.0	17.0	91.0	5.0	9.0	5.0	
1753.0	1.0	2.0	392.0	392.0	409.0	17.0	98.0	5.0	15.0	2.0	
1754.0	1.0	2.0	311.0	311.0	328.0	17.0	93.0	5.0	4.0	5.0	
1755.0	1.0	2.0	397.0	397.0	414.0	17.0	22.0	2.0	6.0	2.0	
1756.0	1.0	2.0	399.0	400.0	417.0	17.0	100.0	5.0	14.0	1.0	
1757.0	1.0	2.0	398.0	398.0	415.0	17.0	91.0	5.0	9.0	5.0	
1758.0	0.0	2.0	383.0	383.0	398.0	15.0	43.0	3.0	13.0	1.0	
1759.0	1.0	2.0	311.0	311.0	328.0	17.0	62.0	4.0	7.0	4.0	
1760.0	1.0	2.0	396.0	396.0	413.0	17.0	74.0	4.0	1.0	3.0	
1761.0	1.0	2.0	399.0	400.0	417.0	17.0	89.0	5.0	14.0	2.0	
1762.0	1.0	2.0	397.0	397.0	414.0	17.0	96.0	5.0	15.0	3.0	
1763.0	1.0	2.0	393.0	393.0	410.0	17.0	93.0	5.0	4.0	5.0	
1764.0	1.0	2.0	398.0	398.0	415.0	17.0	73.0	4.0	13.0	3.0	
1765.0	1.0	2.0	391.0	391.0	408.0	17.0	74.0	4.0	1.0	3.0	
1766.0	1.0	2.0	393.0	393.0	410.0	17.0	90.0	5.0	4.0	1.0	
1767.0	1.0	2.0	296.0	296.0	313.0	17.0	81.0	5.0	3.0	4.0	
1768.0	1.0	2.0	394.0	394.0	411.0	17.0	63.0	4.0	15.0	1.0	
1769.0	1.0	2.0	328.0	328.0	345.0	17.0	93.0	5.0	4.0	5.0	
1770.0	1.0	2.0	296.0	296.0	313.0	17.0	83.0	5.0	5.0	1.0	
1771.0	1.0	2.0	311.0	311.0	328.0	17.0	84.0	5.0	12.0	2.0	
1772.0	1.0	2.0	399.0	400.0	417.0	17.0	84.0	5.0	12.0	2.0	
1773.0	1.0	2.0	374.0	374.0	392.0	18.0	95.0	5.0	8.0	5.0	
1774.0	1.0	2.0	398.0	398.0	416.0	18.0	77.0	4.0	8.0	2.0	
1775.0	1.0	2.0	398.0	398.0	415.0	17.0	93.0	5.0	4.0	5.0	
1776.0	1.0	2.0	296.0	296.0	313.0	17.0	97.0	5.0	9.0	3.0	
1777.0	1.0	2.0	377.0	377.0	394.0	17.0	94.0	5.0	13.0	1.0	
1778.0	1.0	2.0	397.0	398.0	415.0	17.0	94.0	5.0	13.0	1.0	
1779.0	1.0	2.0	398.0	398.0	415.0	17.0	94.0	5.0	13.0	1.0	
1780.0	1.0	2.0	388.0	388.0	405.0	17.0	21.0	2.0	9.0	1.0	
1781.0	1.0	2.0	398.0	398.0	415.0	17.0	83.0	5.0	5.0	1.0	
1782.0	1.0	2.0	394.0	394.0	411.0	17.0	38.0	2.0	5.0	5.0	
1783.0	1.0	2.0	400.0	400.0	417.0	17.0	98.0	5.0	15.0	2.0	
1784.0	1.0	2.0	401.0	401.0	418.0	17.0	46.0	3.0	14.0	3.0	
1785.0	1.0	2.0	351.0	351.0	368.0	17.0	74.0	4.0	1.0	3.0	
1786.0	1.0	2.0	377.0	377.0	394.0	17.0	63.0	4.0	15.0	1.0	
1787.0	1.0	2.0	399.0	399.0	416.0	17.0	80.0	4.0	3.0	1.0	
1788.0	0.0	2.0	391.0	391.0	406.0	15.0	53.0	3.0	12.0	3.0	
1789.0	1.0	2.0	388.0	388.0	405.0	17.0	34.0	2.0	14.0	1.0	
1790.0	1.0	2.0	400.0	400.0	417.0	17.0	99.0	5.0	12.0	3.0	
1791.0	1.0	2.0	381.0	381.0	398.0	17.0	89.0	5.0	14.0	2.0	
1792.0	1.0	2.0	398.0	398.0	415.0	17.0	65.0	4.0	11.0	2.0	
1793.0	1.0	2.0	399.0	399.0	416.0	17.0	96.0	5.0	15.0	3.0	
1794.0	1.0	2.0	392.0	392.0	409.0	17.0	32.0	2.0	14.0	3.0	
1795.0	1.0	2.0	343.0	343.0	360.0	17.0	92.0	5.0	10.0	4.0	
1796.0	1.0	2.0	311.0	311.0	328.0	17.0	92.0	5.0	10.0	4.0	
1797.0	1.0	2.0	401.0	401.0	418.0	17.0	62.0	4.0	7.0	4.0	
1798.0	1.0	2.0	400.0	400.0	417.0	17.0	86.0	5.0	15.0	4.0	
1799.0	1.0	2.0	319.0	319.0	336.0	17.0	79.0	4.0	7.0	3.0	
1800.0	1.0	2.0	296.0	296.0	313.0	17.0	74.0	4.0	1.0	3.0	
1801.0	1.0	2.0	381.0	381.0	398.0	17.0	84.0	5.0	12.0	2.0	
1802.0	1.0	2.0	296.0	296.0	313.0	17.0	62.0	4.0	7.0	4.0	
1803.0	1.0	2.0	296.0	296.0	313.0	17.0	83.0	5.0	5.0	1.0	
1804.0	1.0	2.0	400.0	400.0	417.0	17.0	81.0	5.0	3.0	4.0	
1805.0	1.0	2.0	296.0	296.0	313.0	17.0	94.0	5.0	13.0	1.0	
1806.0	1.0	2.0	397.0	397.0	414.0	17.0	78.0	4.0	8.0	1.0	
1807.0	1.0	2.0	311.0	311.0	328.0	17.0	99.0	5.0	12.0	3.0	
1808.0	1.0	2.0	398.0	398.0	415.0	17.0	92.0	5.0	10.0	4.0	
1809.0	1.0	2.0	311.0	311.0	328.0	17.0	97.0	5.0	9.0	3.0	
1810.0	1.0	2.0	394.0	394.0	411.0	17.0	100.0	5.0	14.0	1.0	
1811.0	1.0	2.0	357.0	357.0	374.0	17.0	80.0	4.0	3.0	1.0	
1812.0	1.0	2.0	311.0	311.0	328.0	17.0	97.0	5.0	9.0	3.0	
1813.0	1.0	2.0	296.0	296.0	313.0	17.0	100.0	5.0	14.0	1.0	
1814.0	1.0	2.0	400.0	400.0	417.0	17.0	95.0	5.0	8.0	5.0	
1815.0	1.0	2.0	296.0	296.0	313.0	17.0	94.0	5.0	13.0	1.0	
1816.0	1.0	2.0	296.0	296.0	313.0	17.0	96.0	5.0	15.0	3.0	
1817.0	1.0	2.0	296.0	296.0	313.0	17.0	90.0	5.0	4.0	1.0	
1818.0	1.0	2.0	296.0	296.0	313.0	17.0	92.0	5.0	10.0	4.0	
1819.0	1.0	2.0	311.0	311.0	328.0	17.0	100.0	5.0	14.0	1.0	
1820.0	1.0	2.0	360.0	360.0	377.0	17.0	92.0	5.0	10.0	4.0	
1821.0	1.0	2.0	334.0	334.0	351.0	17.0	65.0	4.0	11.0	2.0	
1822.0	0.0	2.0	353.0	353.0	368.0	15.0	23.0	2.0	7.0	3.0	
1823.0	1.0	2.0	311.0	311.0	328.0	17.0	99.0	5.0	12.0	3.0	
1824.0	0.0	2.0	332.0	332.0	347.0	15.0	30.0	2.0	14.0	1.0	
1825.0	1.0	2.0	296.0	296.0	313.0	17.0	79.0	4.0	7.0	3.0	
1826.0	0.0	2.0	383.0	383.0	398.0	15.0	36.0	2.0	15.0	4.0	
1827.0	0.0	2.0	390.0	390.0	405.0	15.0	39.0	2.0	14.0	2.0	
1828.0	1.0	2.0	369.0	369.0	386.0	17.0	68.0	4.0	5.0	3.0	
1829.0	0.0	2.0	388.0	388.0	403.0	15.0	24.0	2.0	14.0	4.0	
1830.0	0.0	2.0	321.0	321.0	336.0	15.0	27.0	2.0	13.0	4.0	
1831.0	0.0	2.0	321.0	321.0	336.0	15.0	30.0	2.0	14.0	1.0	
1832.0	0.0	2.0	321.0	321.0	336.0	15.0	33.0	2.0	14.0	1.0	
1833.0	0.0	2.0	321.0	321.0	336.0	15.0	36.0	2.0	15.0	4.0	
1834.0	0.0	2.0	321.0	321.0	336.0	15.0	39.0	2.0	14.0	2.0	
1835.0	0.0	2.0	321.0	321.0	336.0	15.0	24.0	2.0	14.0	4.0	
1836.0	1.0	2.0	296.0	296.0	313.0	17.0	87.0	5.0	5.0	5.0	
1837.0	0.0	2.0	321.0	321.0	336.0	15.0	28.0	2.0	8.0	1.0	
1838.0	1.0	2.0	388.0	388.0	405.0	17.0	34.0	2.0	14.0	1.0	
1839.0	0.0	2.0	321.0	321.0	336.0	15.0	34.0	2.0	14.0	1.0	
1840.0	0.0	2.0	321.0	321.0	336.0	15.0	37.0	2.0	5.0	2.0	
1841.0	1.0	2.0	296.0	296.0	313.0	17.0	96.0	5.0	15.0	3.0	
1842.0	0.0	2.0	321.0	321.0	336.0	15.0	24.0	2.0	14.0	4.0	
1843.0	0.0	2.0	321.0	321.0	336.0	15.0	28.0	2.0	8.0	1.0	
1844.0	0.0	2.0	321.0	321.0	336.0	15.0	29.0	2.0	2.0	5.0	
1845.0	0.0	2.0	321.0	321.0	336.0	15.0	34.0	2.0	14.0	1.0	
1846.0	1.0	2.0	296.0	296.0	313.0	17.0	90.0	5.0	4.0	1.0	
1847.0	1.0	2.0	296.0	296.0	313.0	17.0	64.0	4.0	4.0	2.0	
1848.0	0.0	2.0	321.0	321.0	336.0	15.0	21.0	2.0	9.0	1.0	
1849.0	1.0	2.0	296.0	296.0	313.0	17.0	93.0	5.0	4.0	5.0	
1850.0	1.0	2.0	311.0	311.0	328.0	17.0	88.0	5.0	4.0	3.0	
1851.0	1.0	2.0	296.0	296.0	313.0	17.0	71.0	4.0	11.0	3.0	
1852.0	1.0	2.0	321.0	321.0	338.0	17.0	79.0	4.0	7.0	3.0	
1853.0	0.0	2.0	321.0	321.0	336.0	15.0	37.0	2.0	5.0	2.0	
1854.0	0.0	2.0	321.0	321.0	336.0	15.0	39.0	2.0	14.0	2.0	
1855.0	1.0	2.0	321.0	321.0	338.0	17.0	15.0	1.0	11.0	1.0	
1856.0	0.0	2.0	321.0	321.0	336.0	15.0	25.0	2.0	12.0	2.0	
1857.0	1.0	2.0	296.0	296.0	313.0	17.0	89.0	5.0	14.0	2.0	
1858.0	0.0	2.0	389.0	389.0	404.0	15.0	31.0	2.0	8.0	1.0	
1859.0	1.0	2.0	321.0	321.0	338.0	17.0	65.0	4.0	11.0	2.0	
1860.0	0.0	2.0	321.0	321.0	336.0	15.0	38.0	2.0	5.0	5.0	
1861.0	1.0	2.0	389.0	389.0	406.0	17.0	90.0	5.0	4.0	1.0	
1862.0	0.0	2.0	321.0	321.0	336.0	15.0	25.0	2.0	12.0	2.0	
1863.0	1.0	2.0	321.0	321.0	338.0	17.0	45.0	3.0	5.0	4.0	
1864.0	1.0	2.0	296.0	296.0	313.0	17.0	89.0	5.0	14.0	2.0	
1865.0	1.0	2.0	296.0	296.0	313.0	17.0	73.0	4.0	13.0	3.0	
1866.0	1.0	2.0	296.0	296.0	313.0	17.0	81.0	5.0	3.0	4.0	
1867.0	1.0	2.0	321.0	321.0	338.0	17.0	17.0	1.0	11.0	4.0	
1868.0	1.0	2.0	394.0	394.0	411.0	17.0	84.0	5.0	12.0	2.0	
1869.0	1.0	2.0	321.0	321.0	338.0	17.0	78.0	4.0	8.0	1.0	
1870.0	0.0	2.0	321.0	321.0	336.0	15.0	29.0	2.0	2.0	5.0	
1871.0	1.0	2.0	296.0	296.0	313.0	17.0	88.0	5.0	4.0	3.0	
1872.0	1.0	2.0	296.0	296.0	313.0	17.0	67.0	4.0	3.0	3.0	
1873.0	1.0	2.0	334.0	334.0	351.0	17.0	64.0	4.0	4.0	2.0	
1874.0	1.0	2.0	311.0	311.0	328.0	17.0	67.0	4.0	3.0	3.0	
1875.0	1.0	2.0	311.0	311.0	328.0	17.0	61.0	4.0	12.0	4.0	
1876.0	1.0	2.0	296.0	296.0	313.0	17.0	81.0	5.0	3.0	4.0	
1877.0	1.0	2.0	399.0	400.0	417.0	17.0	88.0	5.0	4.0	3.0	
1878.0	1.0	2.0	381.0	381.0	398.0	17.0	94.0	5.0	13.0	1.0	
1879.0	0.0	2.0	394.0	394.0	409.0	15.0	35.0	2.0	10.0	5.0	
1880.0	1.0	2.0	311.0	311.0	328.0	17.0	92.0	5.0	10.0	4.0	
1881.0	1.0	2.0	311.0	311.0	328.0	17.0	98.0	5.0	15.0	2.0	
1882.0	1.0	2.0	321.0	321.0	338.0	17.0	9.0	1.0	15.0	5.0	
1883.0	1.0	2.0	296.0	296.0	313.0	17.0	93.0	5.0	4.0	5.0	
1884.0	1.0	2.0	321.0	321.0	338.0	17.0	20.0	1.0	4.0	5.0	
1885.0	1.0	2.0	311.0	311.0	328.0	17.0	100.0	5.0	14.0	1.0	
1886.0	0.0	2.0	388.0	388.0	403.0	15.0	37.0	2.0	5.0	2.0	
1887.0	1.0	2.0	296.0	296.0	313.0	17.0	68.0	4.0	5.0	3.0	
1888.0	1.0	2.0	383.0	383.0	400.0	17.0	95.0	5.0	8.0	5.0	
1889.0	1.0	2.0	319.0	319.0	336.0	17.0	77.0	4.0	8.0	2.0	
1890.0	1.0	2.0	381.0	381.0	398.0	17.0	96.0	5.0	15.0	3.0	
1891.0	1.0	2.0	355.0	355.0	372.0	17.0	75.0	4.0	8.0	5.0	
1892.0	1.0	2.0	360.0	360.0	377.0	17.0	94.0	5.0	13.0	1.0	
1893.0	1.0	2.0	296.0	296.0	313.0	17.0	76.0	4.0	6.0	4.0	
1894.0	1.0	2.0	334.0	334.0	351.0	17.0	73.0	4.0	13.0	3.0	
1895.0	1.0	2.0	315.0	315.0	332.0	17.0	46.0	3.0	14.0	3.0	
1896.0	1.0	2.0	321.0	321.0	338.0	17.0	12.0	1.0	5.0	3.0	
1897.0	1.0	2.0	394.0	394.0	411.0	17.0	95.0	5.0	8.0	5.0	
1898.0	0.0	2.0	338.0	338.0	353.0	15.0	32.0	2.0	14.0	3.0	
1899.0	1.0	2.0	397.0	397.0	414.0	17.0	63.0	4.0	15.0	1.0	
1900.0	1.0	2.0	332.0	332.0	349.0	17.0	99.0	5.0	12.0	3.0	
1901.0	1.0	2.0	332.0	332.0	349.0	17.0	73.0	4.0	13.0	3.0	
1902.0	0.0	2.0	338.0	338.0	353.0	15.0	23.0	2.0	7.0	3.0	
1903.0	1.0	2.0	311.0	311.0	328.0	17.0	97.0	5.0	9.0	3.0	
1904.0	1.0	2.0	359.0	359.0	376.0	17.0	63.0	4.0	15.0	1.0	
1905.0	1.0	2.0	296.0	296.0	313.0	17.0	91.0	5.0	9.0	5.0	
1906.0	1.0	2.0	334.0	334.0	351.0	17.0	62.0	4.0	7.0	4.0	
1907.0	0.0	2.0	338.0	338.0	353.0	15.0	40.0	2.0	11.0	3.0	
1908.0	1.0	2.0	334.0	334.0	351.0	17.0	62.0	4.0	7.0	4.0	
1909.0	1.0	2.0	321.0	321.0	338.0	17.0	52.0	3.0	4.0	3.0	
1910.0	1.0	2.0	296.0	296.0	313.0	17.0	84.0	5.0	12.0	2.0	
1911.0	0.0	2.0	338.0	338.0	353.0	15.0	32.0	2.0	14.0	3.0	
1912.0	1.0	2.0	321.0	321.0	338.0	17.0	8.0	1.0	15.0	3.0	
1913.0	1.0	2.0	321.0	321.0	338.0	17.0	55.0	3.0	6.0	4.0	
1914.0	0.0	2.0	338.0	338.0	353.0	15.0	40.0	2.0	11.0	3.0	
1915.0	1.0	2.0	393.0	393.0	410.0	17.0	96.0	5.0	15.0	3.0	
1916.0	0.0	2.0	338.0	338.0	353.0	15.0	26.0	2.0	1.0	2.0	
1917.0	1.0	2.0	399.0	399.0	416.0	17.0	91.0	5.0	9.0	5.0	
1918.0	1.0	2.0	321.0	321.0	338.0	17.0	72.0	4.0	11.0	2.0	
1919.0	1.0	2.0	296.0	296.0	313.0	17.0	86.0	5.0	15.0	4.0	
1920.0	1.0	2.0	369.0	369.0	386.0	17.0	77.0	4.0	8.0	2.0	
1921.0	1.0	2.0	374.0	374.0	392.0	18.0	91.0	5.0	9.0	5.0	
1922.0	1.0	2.0	381.0	381.0	398.0	17.0	89.0	5.0	14.0	2.0	
1923.0	0.0	2.0	391.0	391.0	406.0	15.0	27.0	2.0	13.0	4.0	
1924.0	1.0	2.0	382.0	382.0	399.0	17.0	89.0	5.0	14.0	2.0	
1925.0	1.0	2.0	334.0	334.0	351.0	17.0	67.0	4.0	3.0	3.0	
1926.0	1.0	2.0	321.0	321.0	338.0	17.0	74.0	4.0	1.0	3.0	
1927.0	1.0	2.0	321.0	321.0	338.0	17.0	10.0	1.0	15.0	1.0	
1928.0	1.0	2.0	360.0	360.0	377.0	17.0	98.0	5.0	15.0	2.0	
1929.0	1.0	2.0	296.0	296.0	313.0	17.0	61.0	4.0	12.0	4.0	
1930.0	1.0	2.0	334.0	334.0	351.0	17.0	78.0	4.0	8.0	1.0	
1931.0	1.0	2.0	296.0	296.0	313.0	17.0	98.0	5.0	15.0	2.0	
1932.0	1.0	2.0	388.0	388.0	405.0	17.0	37.0	2.0	5.0	2.0	
1933.0	1.0	2.0	321.0	321.0	338.0	17.0	51.0	3.0	2.0	3.0	
1934.0	0.0	2.0	394.0	394.0	409.0	15.0	21.0	2.0	9.0	1.0	
1935.0	1.0	2.0	393.0	393.0	410.0	17.0	99.0	5.0	12.0	3.0	
1936.0	1.0	2.0	395.0	395.0	412.0	17.0	63.0	4.0	15.0	1.0	
1937.0	1.0	2.0	321.0	321.0	338.0	17.0	68.0	4.0	5.0	3.0	
1938.0	1.0	2.0	334.0	334.0	351.0	17.0	66.0	4.0	12.0	5.0	
1939.0	1.0	2.0	345.0	345.0	362.0	17.0	89.0	5.0	14.0	2.0	
1940.0	1.0	2.0	334.0	334.0	351.0	17.0	65.0	4.0	11.0	2.0	
1941.0	1.0	2.0	321.0	321.0	338.0	17.0	1.0	1.0	11.0	3.0	
1942.0	1.0	2.0	393.0	393.0	410.0	17.0	86.0	5.0	15.0	4.0	
1943.0	1.0	2.0	393.0	393.0	410.0	17.0	9.0	1.0	15.0	5.0	
1944.0	1.0	2.0	296.0	296.0	313.0	17.0	84.0	5.0	12.0	2.0	
1945.0	1.0	2.0	317.0	317.0	334.0	17.0	82.0	5.0	6.0	2.0	
1946.0	1.0	2.0	398.0	398.0	415.0	17.0	99.0	5.0	12.0	3.0	
1947.0	1.0	2.0	399.0	399.0	416.0	17.0	84.0	5.0	12.0	2.0	
1948.0	1.0	2.0	398.0	398.0	415.0	17.0	94.0	5.0	13.0	1.0	
1949.0	1.0	2.0	381.0	381.0	398.0	17.0	96.0	5.0	15.0	3.0	
1950.0	1.0	2.0	321.0	321.0	338.0	17.0	41.0	3.0	15.0	4.0	
1951.0	1.0	2.0	400.0	400.0	417.0	17.0	84.0	5.0	12.0	2.0	
1952.0	1.0	2.0	319.0	319.0	336.0	17.0	80.0	4.0	3.0	1.0	
1953.0	1.0	2.0	296.0	296.0	313.0	17.0	83.0	5.0	5.0	1.0	
1954.0	1.0	2.0	321.0	321.0	338.0	17.0	4.0	1.0	9.0	4.0	
1955.0	1.0	2.0	381.0	381.0	398.0	17.0	84.0	5.0	12.0	2.0	
1956.0	1.0	2.0	396.0	396.0	413.0	17.0	97.0	5.0	9.0	3.0	
1957.0	1.0	2.0	390.0	390.0	407.0	17.0	3.0	1.0	6.0	4.0	
1958.0	1.0	2.0	296.0	296.0	313.0	17.0	70.0	4.0	11.0	5.0	
1959.0	1.0	2.0	398.0	398.0	415.0	17.0	82.0	5.0	6.0	2.0	
1960.0	1.0	2.0	321.0	321.0	338.0	17.0	58.0	3.0	11.0	4.0	
1961.0	1.0	2.0	311.0	311.0	328.0	17.0	97.0	5.0	9.0	3.0	
1962.0	1.0	2.0	400.0	400.0	417.0	17.0	96.0	5.0	15.0	3.0	
1963.0	1.0	2.0	311.0	311.0	328.0	17.0	88.0	5.0	4.0	3.0	
1964.0	1.0	2.0	395.0	395.0	412.0	17.0	66.0	4.0	12.0	5.0	
1965.0	1.0	2.0	296.0	296.0	313.0	17.0	95.0	5.0	8.0	5.0	
1966.0	1.0	2.0	332.0	332.0	349.0	17.0	65.0	4.0	11.0	2.0	
1967.0	1.0	2.0	396.0	396.0	413.0	17.0	83.0	5.0	5.0	1.0	
1968.0	1.0	2.0	330.0	330.0	347.0	17.0	47.0	3.0	15.0	5.0	
1969.0	1.0	2.0	296.0	296.0	313.0	17.0	87.0	5.0	5.0	5.0	
1970.0	1.0	2.0	345.0	345.0	362.0	17.0	91.0	5.0	9.0	5.0	
1971.0	1.0	2.0	401.0	401.0	418.0	17.0	61.0	4.0	12.0	4.0	
1972.0	1.0	2.0	296.0	296.0	313.0	17.0	91.0	5.0	9.0	5.0	
1973.0	0.0	2.0	398.0	398.0	413.0	15.0	36.0	2.0	15.0	4.0	
1974.0	1.0	2.0	317.0	317.0	334.0	17.0	97.0	5.0	9.0	3.0	
1975.0	0.0	2.0	321.0	321.0	336.0	15.0	5.0	1.0	15.0	2.0	
1976.0	0.0	2.0	321.0	321.0	336.0	15.0	6.0	1.0	7.0	1.0	
1977.0	0.0	2.0	396.0	396.0	411.0	15.0	10.0	1.0	15.0	1.0	
1978.0	1.0	2.0	311.0	311.0	328.0	17.0	66.0	4.0	12.0	5.0	
1979.0	1.0	2.0	338.0	338.0	355.0	17.0	42.0	3.0	4.0	1.0	
1980.0	0.0	2.0	321.0	321.0	336.0	15.0	18.0	1.0	2.0	5.0	
1981.0	0.0	2.0	321.0	321.0	336.0	15.0	2.0	1.0	14.0	1.0	
1982.0	1.0	2.0	296.0	296.0	313.0	17.0	82.0	5.0	6.0	2.0	
1983.0	0.0	2.0	321.0	321.0	336.0	15.0	7.0	1.0	11.0	1.0	
1984.0	1.0	2.0	380.0	380.0	397.0	17.0	4.0	1.0	9.0	4.0	
1985.0	0.0	2.0	321.0	321.0	336.0	15.0	14.0	1.0	13.0	5.0	
1986.0	1.0	2.0	377.0	377.0	394.0	17.0	79.0	4.0	7.0	3.0	
1987.0	0.0	2.0	321.0	321.0	336.0	15.0	19.0	1.0	13.0	4.0	
1988.0	1.0	2.0	296.0	296.0	313.0	17.0	65.0	4.0	11.0	2.0	
1989.0	1.0	2.0	296.0	296.0	313.0	17.0	88.0	5.0	4.0	3.0	
1990.0	0.0	2.0	382.0	382.0	397.0	15.0	8.0	1.0	15.0	3.0	
1991.0	1.0	2.0	354.0	354.0	371.0	17.0	61.0	4.0	12.0	4.0	
1992.0	0.0	2.0	391.0	391.0	406.0	15.0	16.0	1.0	14.0	2.0	
1993.0	0.0	2.0	390.0	390.0	405.0	15.0	19.0	1.0	13.0	4.0	
1994.0	0.0	2.0	394.0	394.0	409.0	15.0	20.0	1.0	4.0	5.0	
1995.0	0.0	2.0	373.0	373.0	388.0	15.0	5.0	1.0	15.0	2.0	
1996.0	0.0	2.0	373.0	373.0	388.0	15.0	6.0	1.0	7.0	1.0	
1997.0	1.0	2.0	368.0	368.0	385.0	17.0	98.0	5.0	15.0	2.0	
1998.0	1.0	2.0	338.0	338.0	355.0	17.0	54.0	3.0	10.0	5.0	
1999.0	1.0	2.0	296.0	296.0	313.0	17.0	96.0	5.0	15.0	3.0	
2000.0	1.0	2.0	351.0	351.0	368.0	17.0	74.0	4.0	1.0	3.0	
2001.0	1.0	2.0	393.0	393.0	410.0	17.0	95.0	5.0	8.0	5.0	
2002.0	1.0	2.0	400.0	400.0	417.0	17.0	89.0	5.0	14.0	2.0	
2003.0	0.0	2.0	388.0	388.0	403.0	15.0	7.0	1.0	11.0	1.0	
2004.0	0.0	2.0	399.0	399.0	414.0	15.0	11.0	1.0	4.0	4.0	
2005.0	0.0	2.0	393.0	393.0	408.0	15.0	15.0	1.0	11.0	1.0	
2006.0	1.0	2.0	334.0	334.0	351.0	17.0	63.0	4.0	15.0	1.0	
2007.0	0.0	2.0	396.0	396.0	411.0	15.0	1.0	1.0	11.0	3.0	
2008.0	1.0	2.0	401.0	401.0	418.0	17.0	44.0	3.0	3.0	5.0	
2009.0	1.0	2.0	400.0	400.0	417.0	17.0	81.0	5.0	3.0	4.0	
2010.0	1.0	2.0	332.0	332.0	349.0	17.0	100.0	5.0	14.0	1.0	
2011.0	1.0	2.0	400.0	400.0	417.0	17.0	81.0	5.0	3.0	4.0	
2012.0	1.0	2.0	311.0	311.0	328.0	17.0	71.0	4.0	11.0	3.0	
2013.0	0.0	2.0	393.0	393.0	408.0	15.0	17.0	1.0	11.0	4.0	
2014.0	1.0	2.0	311.0	311.0	328.0	17.0	92.0	5.0	10.0	4.0	
2015.0	1.0	2.0	400.0	400.0	417.0	17.0	48.0	3.0	13.0	4.0	
2016.0	1.0	2.0	334.0	334.0	351.0	17.0	73.0	4.0	13.0	3.0	
2017.0	1.0	2.0	321.0	321.0	338.0	17.0	44.0	3.0	3.0	5.0	
2018.0	1.0	2.0	321.0	321.0	338.0	17.0	76.0	4.0	6.0	4.0	
2019.0	1.0	2.0	321.0	321.0	338.0	17.0	50.0	3.0	9.0	1.0	
2020.0	1.0	2.0	399.0	399.0	416.0	17.0	89.0	5.0	14.0	2.0	
2021.0	1.0	2.0	334.0	334.0	351.0	17.0	68.0	4.0	5.0	3.0	
2022.0	1.0	2.0	334.0	334.0	351.0	17.0	66.0	4.0	12.0	5.0	
2023.0	0.0	2.0	397.0	397.0	412.0	15.0	8.0	1.0	15.0	3.0	
2024.0	1.0	2.0	397.0	397.0	414.0	17.0	81.0	5.0	3.0	4.0	
2025.0	1.0	2.0	321.0	321.0	338.0	17.0	69.0	4.0	12.0	2.0	
2026.0	1.0	2.0	401.0	401.0	418.0	17.0	74.0	4.0	1.0	3.0	
2027.0	1.0	2.0	392.0	392.0	409.0	17.0	97.0	5.0	9.0	3.0	
2028.0	1.0	2.0	394.0	394.0	411.0	17.0	85.0	5.0	3.0	5.0	
2029.0	1.0	2.0	311.0	311.0	328.0	17.0	88.0	5.0	4.0	3.0	
2030.0	1.0	2.0	321.0	321.0	338.0	17.0	41.0	3.0	15.0	4.0	
2031.0	1.0	2.0	400.0	400.0	417.0	17.0	94.0	5.0	13.0	1.0	
2032.0	1.0	2.0	311.0	311.0	328.0	17.0	63.0	4.0	15.0	1.0	
2033.0	1.0	2.0	394.0	394.0	412.0	18.0	94.0	5.0	13.0	1.0	
2034.0	1.0	2.0	321.0	321.0	338.0	17.0	54.0	3.0	10.0	5.0	
2035.0	1.0	2.0	400.0	400.0	417.0	17.0	88.0	5.0	4.0	3.0	
2036.0	1.0	2.0	401.0	401.0	418.0	17.0	56.0	3.0	13.0	5.0	
2037.0	1.0	2.0	311.0	311.0	328.0	17.0	98.0	5.0	15.0	2.0	
2038.0	1.0	2.0	354.0	354.0	371.0	17.0	49.0	3.0	12.0	1.0	
2039.0	1.0	2.0	311.0	311.0	328.0	17.0	70.0	4.0	11.0	5.0	
2040.0	1.0	2.0	397.0	397.0	414.0	17.0	27.0	2.0	13.0	4.0	
2041.0	1.0	2.0	396.0	396.0	413.0	17.0	63.0	4.0	15.0	1.0	
2042.0	1.0	2.0	311.0	311.0	328.0	17.0	77.0	4.0	8.0	2.0	
2043.0	1.0	2.0	351.0	351.0	368.0	17.0	73.0	4.0	13.0	3.0	
2044.0	1.0	2.0	334.0	334.0	351.0	17.0	76.0	4.0	6.0	4.0	
2045.0	1.0	2.0	311.0	311.0	328.0	17.0	98.0	5.0	15.0	2.0	
2046.0	1.0	2.0	401.0	401.0	418.0	17.0	64.0	4.0	4.0	2.0	
2047.0	1.0	2.0	360.0	360.0	377.0	17.0	98.0	5.0	15.0	2.0	
2048.0	1.0	2.0	311.0	311.0	328.0	17.0	67.0	4.0	3.0	3.0	
=====================================================================================================================================================
Map output of word std deviation map task #, VM#, VM Flavour #, PM#, Rack #, Reduce1, Reduce2, etc (how much each map task produces to different reduce tasks)
=====================================================================================================================================================
1.0	100.0	14.0	14.0	9.8	8.29	7.77	5.7	9.06	5.99	4.16	4.7	6.96	8.63	3.72	7.89	5.26	9.5	8.43	7.97	3.8	4.9	7.72	
2.0	83.0	5.0	5.0	10.11	7.28	3.93	8.19	4.27	6.79	4.5	5.01	5.49	5.14	6.81	9.02	10.37	3.54	7.16	7.08	9.7	8.26	6.72	
3.0	85.0	3.0	3.0	9.8	10.42	6.93	6.96	7.59	8.33	7.66	8.51	5.93	8.02	9.28	4.97	5.81	9.51	9.78	8.72	9.63	8.41	8.871934881160099	
4.0	89.0	14.0	14.0	5.65	10.12	8.86	4.25	7.0	9.15	8.0	5.56	5.82	7.12	9.17	5.51	8.15	3.92	7.88	5.46	7.75	7.83	9.52	
5.0	93.0	4.0	4.0	5.62	8.98	6.27	8.54	4.58	7.83	7.45	4.28	6.38	8.51	5.65	9.97	8.28	7.75	8.88	4.2	4.88	4.69	8.43	
6.0	95.0	8.0	8.0	8.1	3.86	9.08	4.93	8.76	7.54	4.76	8.02	7.96	5.47	6.31	7.53	7.77	5.84	9.59	4.09	4.43	8.63	8.26	
7.0	98.0	15.0	15.0	8.46	7.49	10.0	3.89	9.38	4.27	5.18	6.91	5.76	3.9	7.93	7.6	7.19	6.75	7.6	9.53	7.69	6.15	9.3	
8.0	82.0	6.0	6.0	4.33	3.89	9.74	4.0	4.09	6.42	9.37	4.19	4.12	4.4	4.2	9.45	4.25	10.21	9.25	4.08	9.85	8.18	10.0	
9.0	83.0	5.0	5.0	7.33	5.54	6.89	8.74	9.71	8.68	9.74	5.86	7.13	4.32	8.5	6.62	9.93	6.27	4.97	6.57	4.09	10.08	7.95	
10.0	86.0	15.0	15.0	9.33	5.59	8.78	6.93	6.5	4.76	5.38	6.09	9.89	6.47	10.46	5.76	4.47	7.58	8.82	7.08	3.68	8.58	5.42	
11.0	90.0	4.0	4.0	3.58	6.68	3.71	8.36	4.06	4.81	3.76	9.65	4.82	4.47	6.73	3.75	9.81	4.89	7.91	5.88	4.56	5.74	3.51	
12.0	94.0	13.0	13.0	4.86	9.54	7.09	3.99	10.17	9.06	9.97	4.49	6.22	8.51	9.35	9.67	6.17	10.07	7.11	8.52	8.45	7.76	0.15465814692126723	
13.0	95.0	8.0	8.0	6.46	3.62	4.3	7.34	7.18	8.01	8.08	6.65	4.13	10.15	8.35	8.07	3.75	9.05	6.87	8.81	8.04	6.01	4.71	
14.0	98.0	15.0	15.0	7.29	8.88	4.57	8.0	8.62	9.56	5.17	7.52	3.75	7.48	8.01	9.41	8.31	10.39	9.38	6.44	8.51	4.23	8.56	
15.0	71.0	11.0	11.0	8.05	5.6	7.13	7.55	10.36	4.88	3.55	10.41	6.1	6.89	8.52	8.14	5.94	8.44	8.05	8.5	8.54	6.26	8.06	
16.0	86.0	15.0	15.0	9.32	5.62	7.8	10.11	8.68	8.09	4.35	10.41	9.8	10.09	4.03	3.64	7.28	6.06	6.72	6.65	7.86	6.2	5.14	
17.0	87.0	5.0	5.0	8.29	9.67	8.79	4.57	7.92	4.84	5.38	6.77	8.49	8.23	8.36	9.19	5.98	4.81	8.39	10.32	7.41	5.11	6.16	
18.0	90.0	4.0	4.0	3.71	6.63	6.96	6.58	4.2	6.62	7.86	9.14	9.85	8.48	5.35	6.5	8.65	9.13	8.8	5.14	3.62	5.46	4.56	
19.0	95.0	8.0	8.0	6.98	3.97	8.41	9.33	6.73	9.47	6.84	5.06	6.64	4.03	6.76	4.62	7.73	6.71	9.38	6.84	8.21	9.28	5.86	
20.0	96.0	15.0	15.0	5.85	6.44	7.46	5.61	9.28	9.29	6.64	4.18	6.11	8.5	7.8	5.67	6.56	4.29	4.86	6.53	6.77	7.76	9.55	
21.0	99.0	12.0	12.0	5.52	6.64	6.02	7.6	6.34	5.12	5.66	9.93	6.57	9.97	9.38	5.79	4.46	10.27	4.34	4.06	6.1	4.72	9.26	
22.0	83.0	5.0	5.0	5.85	4.28	10.29	5.22	7.68	8.37	9.03	8.3	10.3	4.96	7.47	8.07	9.09	10.35	10.22	7.07	3.83	6.16	3.86	
23.0	86.0	15.0	15.0	8.22	7.21	7.57	4.12	4.87	5.57	10.36	5.04	4.56	4.05	5.82	9.55	9.52	5.14	6.24	6.44	9.44	5.08	9.18	
24.0	88.0	4.0	4.0	8.86	6.77	5.07	9.2	4.04	3.56	7.98	7.51	5.26	7.29	5.76	7.62	5.39	4.09	8.1	8.63	4.69	7.96	8.02	
25.0	92.0	10.0	10.0	9.49	10.46	4.59	3.58	7.19	9.64	8.0	6.91	8.1	6.52	9.93	6.22	8.15	4.41	5.81	7.66	8.05	6.14	9.39	
26.0	96.0	15.0	15.0	9.2	3.73	10.02	8.88	7.15	4.49	3.74	5.21	5.1	5.11	9.27	9.13	8.18	4.42	10.1	10.16	10.46	10.13	9.16	
27.0	98.0	15.0	15.0	4.89	4.12	9.38	3.88	8.12	4.92	8.41	3.98	9.07	8.38	5.12	9.45	10.15	8.19	5.67	9.97	10.17	4.73	8.44	
28.0	100.0	14.0	14.0	7.41	8.73	4.15	7.88	10.07	7.34	9.18	7.9	3.91	9.15	6.33	9.92	4.99	10.43	4.57	9.45	6.53	7.11	8.54	
29.0	85.0	3.0	3.0	5.19	4.18	8.32	9.65	7.69	10.04	6.89	8.13	10.06	10.05	4.64	7.81	9.33	4.34	4.8	9.48	4.27	9.08	5.84	
30.0	86.0	15.0	15.0	6.57	6.75	10.19	4.7	6.63	9.07	6.31	10.29	7.0	7.99	10.34	9.12	6.37	8.41	8.92	4.29	6.58	6.02	8.65	
31.0	91.0	9.0	9.0	9.14	9.29	9.08	7.05	8.01	3.69	7.78	7.12	9.83	8.24	5.42	5.48	9.96	4.31	3.76	8.77	7.28	5.47	8.19	
32.0	93.0	4.0	4.0	8.44	6.38	9.4	8.38	10.2	7.35	6.0	7.53	8.02	6.39	10.01	10.04	4.17	6.66	10.02	5.1	7.93	6.31	3.293656535900753	
33.0	95.0	8.0	8.0	9.03	5.68	5.2	6.57	10.15	5.51	6.51	6.63	10.14	4.22	10.3	8.28	9.99	4.33	8.08	7.51	7.96	8.1	7.06	
34.0	98.0	15.0	15.0	4.52	8.81	7.32	6.9	4.86	3.67	6.93	6.28	3.55	4.07	3.99	3.95	3.76	10.33	8.09	5.12	9.43	5.32	6.22	
35.0	81.0	3.0	3.0	3.63	7.67	4.46	10.33	5.88	6.25	6.06	5.23	9.21	6.52	9.2	6.64	3.86	5.81	5.76	6.85	4.94	5.42	4.44	
36.0	84.0	12.0	12.0	10.23	3.8	10.48	4.44	7.09	3.75	10.41	8.73	9.94	7.37	10.21	6.09	8.3	9.47	5.9	9.77	7.15	9.75	0.02462483424757783	
37.0	87.0	5.0	5.0	8.41	8.43	7.95	8.68	8.13	4.89	7.13	4.78	8.74	4.52	10.02	8.9	8.62	8.99	4.07	7.41	5.17	6.24	5.59	
38.0	91.0	9.0	9.0	8.2	9.98	5.01	9.69	9.37	10.21	4.79	8.85	3.75	9.05	4.76	9.99	6.02	8.25	4.76	8.68	7.03	4.61	7.16	
39.0	94.0	13.0	13.0	10.21	5.72	7.43	7.11	4.38	9.0	4.33	9.37	10.36	6.72	7.5	7.16	10.4	7.54	7.25	5.98	8.31	4.32	4.87	
40.0	67.0	3.0	3.0	8.57	5.47	5.12	6.55	7.06	6.29	9.41	6.81	5.39	7.1	9.88	3.93	8.45	4.85	9.75	4.5	4.01	8.76	7.08	
41.0	89.0	14.0	14.0	8.31	5.92	7.66	7.88	6.29	6.4	5.79	7.77	9.64	6.61	5.91	8.96	7.14	9.38	8.31	9.46	7.26	5.66	9.94	
42.0	82.0	6.0	6.0	3.7	7.21	7.76	5.11	3.65	9.87	7.64	8.66	4.84	7.11	6.38	10.04	6.7	7.96	4.18	8.16	6.27	5.77	4.06	
43.0	86.0	15.0	15.0	3.89	4.69	5.52	5.8	7.89	5.92	4.52	6.78	3.86	6.94	9.52	8.38	7.18	5.48	8.37	7.62	8.39	9.09	5.69	
44.0	88.0	4.0	4.0	4.84	8.51	8.59	9.48	8.46	6.98	5.73	5.14	8.25	9.06	4.82	5.79	6.39	7.76	4.09	6.54	6.15	6.72	8.53	
45.0	91.0	9.0	9.0	6.4	8.75	5.93	8.08	4.82	4.74	6.69	7.33	10.29	4.21	3.65	6.28	4.42	4.09	7.64	8.73	4.83	5.15	7.02	
46.0	100.0	14.0	14.0	9.43	7.92	9.15	6.65	4.88	8.33	5.13	9.58	9.25	9.36	5.79	8.35	4.29	4.4	4.96	7.47	7.52	9.79	7.67	
47.0	97.0	9.0	9.0	7.89	4.4	3.93	4.05	9.18	3.67	6.11	8.74	7.14	7.7	10.24	3.78	6.53	7.73	5.72	7.72	5.48	4.03	10.34	
48.0	82.0	6.0	6.0	5.71	6.6	4.39	8.89	7.21	9.31	5.19	10.49	7.46	7.12	3.73	4.11	5.54	7.68	9.57	8.98	7.91	7.22	4.1	
49.0	84.0	12.0	12.0	9.16	3.55	7.37	6.28	7.53	9.66	9.24	8.92	5.1	8.26	6.15	5.11	10.35	6.61	8.74	8.24	4.95	6.75	10.45	
50.0	86.0	15.0	15.0	7.71	8.03	3.64	4.79	4.1	8.86	3.56	8.9	4.7	5.95	7.41	7.1	10.42	6.63	4.56	10.48	7.59	10.29	9.74	
51.0	91.0	9.0	9.0	9.88	9.92	3.86	9.1	5.65	6.06	7.28	4.21	5.81	10.35	10.2	6.23	7.69	6.57	9.35	7.33	7.39	10.14	5.33	
52.0	94.0	13.0	13.0	10.39	5.14	4.93	6.97	8.49	4.02	7.05	6.16	7.34	5.48	3.62	9.14	8.99	10.38	4.86	4.79	4.79	6.59	9.65	
53.0	95.0	8.0	8.0	7.93	9.93	8.52	6.67	8.44	9.01	8.09	10.36	9.12	6.34	6.86	6.81	6.85	5.78	5.6	9.27	7.14	5.18	7.78	
54.0	98.0	15.0	15.0	4.12	10.34	4.87	9.41	8.91	10.26	6.82	8.7	8.72	4.98	4.94	6.93	7.05	7.96	3.68	3.99	9.66	9.46	5.28	
55.0	61.0	12.0	12.0	9.93	9.23	5.84	8.9	4.02	3.55	6.35	7.1	7.43	6.07	7.72	10.44	3.68	6.78	4.25	9.26	4.0	5.6	3.98	
56.0	84.0	12.0	12.0	8.46	7.4	8.23	4.16	6.86	7.31	7.18	9.72	5.87	10.44	7.72	6.89	8.41	6.09	5.0	3.72	7.81	10.45	8.61	
57.0	87.0	5.0	5.0	9.54	5.37	5.01	7.97	8.69	10.24	7.59	9.41	6.02	5.81	3.9	10.13	4.83	6.96	8.85	10.12	7.72	6.83	5.47	
58.0	92.0	10.0	10.0	5.49	9.67	5.89	4.12	6.54	5.49	9.13	9.87	9.82	4.42	3.99	6.0	4.7	4.04	4.87	3.6	4.21	8.18	6.87	
59.0	95.0	8.0	8.0	5.61	6.38	6.35	6.46	6.41	7.82	4.88	3.83	9.55	8.61	9.34	6.08	4.67	7.45	4.73	7.15	7.57	10.26	5.27	
60.0	97.0	9.0	9.0	7.86	6.35	9.93	4.06	4.99	9.5	6.92	10.17	9.12	10.07	4.83	10.03	6.85	8.15	5.36	3.73	9.75	5.11	7.2	
61.0	81.0	3.0	3.0	5.72	6.63	7.45	4.21	3.54	5.69	7.45	4.7	8.22	5.54	3.83	4.91	10.23	6.08	5.99	8.03	4.91	6.51	4.7	
62.0	84.0	12.0	12.0	7.11	3.72	9.6	10.39	8.58	6.66	7.19	9.07	5.16	7.63	8.57	10.34	4.29	8.21	4.77	8.81	9.78	8.4	4.941653818277316	
63.0	85.0	3.0	3.0	3.92	4.24	7.9	8.03	5.88	5.97	4.82	6.17	8.42	9.29	4.96	8.03	5.46	7.23	6.89	6.74	5.8	9.89	8.82	
64.0	89.0	14.0	14.0	5.67	10.35	5.46	7.49	8.12	3.66	9.98	6.72	6.17	5.71	3.7	4.69	8.48	9.97	4.52	4.23	10.48	9.88	4.33	
65.0	91.0	9.0	9.0	6.09	5.54	9.12	3.64	6.59	3.64	5.04	8.36	9.3	6.59	8.72	4.17	5.31	6.97	4.01	10.31	6.93	8.85	7.47	
66.0	95.0	8.0	8.0	10.38	8.37	6.28	5.07	3.79	7.02	3.86	6.23	10.44	7.41	6.64	6.75	4.93	9.01	9.21	5.95	4.49	10.4	6.65	
67.0	98.0	15.0	15.0	5.45	4.52	6.24	3.75	6.71	6.4	3.64	5.23	6.37	5.34	8.34	9.03	6.9	8.62	10.08	4.22	5.41	5.84	10.47	
68.0	82.0	6.0	6.0	5.46	8.74	9.29	10.45	8.29	5.64	8.94	4.04	6.12	4.75	4.46	8.46	4.66	5.76	9.96	8.33	4.95	6.77	6.09	
69.0	84.0	12.0	12.0	9.26	9.77	5.43	5.62	5.94	5.01	5.57	4.76	9.74	7.96	9.66	6.55	7.59	9.65	3.83	7.02	5.88	5.9	4.5	
70.0	65.0	11.0	11.0	9.23	10.45	3.56	9.88	5.8	7.32	8.92	9.27	8.7	8.86	3.58	4.05	9.61	9.27	7.08	5.9	9.54	6.73	9.83	
71.0	89.0	14.0	14.0	4.18	10.12	7.54	10.49	9.97	8.5	4.29	3.69	6.64	3.92	4.54	9.89	5.1	7.11	8.54	5.69	8.59	7.58	4.29	
72.0	89.0	14.0	14.0	8.93	9.99	6.09	5.96	4.81	5.18	7.04	5.42	8.61	5.04	8.43	7.47	6.21	7.48	4.03	5.56	5.06	4.97	7.12	
73.0	96.0	15.0	15.0	5.82	7.84	10.36	5.73	6.6	3.61	4.16	5.55	4.54	5.66	4.45	5.0	7.66	4.44	4.28	4.21	9.95	5.18	8.04	
74.0	98.0	15.0	15.0	10.46	6.99	6.24	4.49	10.09	4.38	6.53	8.65	4.58	4.0	9.38	6.72	6.11	7.42	9.19	5.81	5.45	8.6	8.31	
75.0	83.0	5.0	5.0	3.85	8.59	6.92	8.47	9.15	7.61	6.08	8.48	8.86	4.52	6.3	7.58	7.65	9.69	7.75	6.37	7.64	5.75	8.45	
76.0	84.0	12.0	12.0	6.74	8.16	9.03	8.54	4.03	5.42	5.96	4.87	8.44	9.7	9.88	5.91	7.9	10.31	9.03	10.16	5.55	8.99	7.449220026592441	
77.0	88.0	4.0	4.0	7.72	5.93	5.68	7.06	3.97	7.67	4.57	4.09	7.07	4.7	8.28	7.21	5.92	8.47	9.78	8.52	10.1	9.92	3.57	
78.0	90.0	4.0	4.0	6.82	8.2	10.33	4.03	6.18	5.62	9.36	6.46	6.65	4.05	6.35	6.61	4.11	10.06	6.68	10.15	5.96	9.31	8.42	
79.0	93.0	4.0	4.0	5.75	8.84	8.34	8.2	4.56	8.91	5.84	6.53	7.31	4.8	5.5	5.39	6.7	7.82	7.38	7.6	4.96	7.31	9.12	
80.0	96.0	15.0	15.0	3.71	4.54	5.52	5.53	4.36	9.49	4.14	6.17	9.21	7.97	6.02	7.95	6.49	5.27	4.35	5.99	7.98	9.88	5.43	
81.0	81.0	3.0	3.0	3.53	7.95	7.78	10.41	5.0	9.0	8.14	10.14	10.0	9.98	7.5	5.85	8.3	5.03	3.71	8.41	8.54	8.4	6.28	
82.0	83.0	5.0	5.0	10.25	6.5	3.61	7.89	9.65	4.0	8.13	5.21	4.21	8.99	9.61	9.64	4.66	8.39	10.27	7.86	4.42	3.72	6.46	
83.0	86.0	15.0	15.0	8.2	9.22	6.2	5.41	3.92	10.4	7.75	8.3	7.47	4.63	8.12	5.4	9.67	9.23	4.17	5.05	5.91	10.27	4.59	
84.0	90.0	4.0	4.0	9.84	4.74	4.59	4.53	4.33	8.98	8.29	4.77	9.05	8.85	6.05	8.68	7.23	9.48	3.66	7.44	4.03	10.07	4.21	
85.0	93.0	4.0	4.0	4.62	9.3	9.39	9.54	7.49	9.16	9.2	10.32	5.66	7.67	9.57	6.91	8.79	8.54	6.09	8.45	8.88	2.9647447176604187	5.145743294545211	
86.0	73.0	13.0	13.0	4.85	5.2	4.6	5.62	10.32	6.63	3.91	9.61	6.86	6.44	9.21	3.62	3.7	7.83	4.15	5.59	9.51	7.01	9.57	
87.0	98.0	15.0	15.0	8.9	3.88	7.57	7.82	5.96	7.16	4.74	8.84	8.77	4.98	7.14	6.12	5.99	8.73	7.95	7.69	5.73	5.42	8.95	
88.0	31.0	8.0	8.0	9.65	6.89	6.96	6.22	3.84	7.26	5.92	5.03	4.55	9.16	7.84	6.34	4.09	4.04	4.12	9.32	4.06	5.09	8.67	
89.0	100.0	14.0	14.0	4.46	4.76	5.2	3.96	8.25	8.67	6.5	9.47	7.57	4.01	10.29	5.17	7.71	4.48	8.49	7.13	7.44	5.19	9.54	
90.0	88.0	4.0	4.0	7.13	3.99	8.02	9.63	8.28	6.39	9.85	9.96	9.76	9.08	6.79	7.35	4.63	9.37	6.4	9.65	10.13	5.98	0.08230225074894182	
91.0	89.0	14.0	14.0	3.85	9.8	5.34	6.67	3.68	3.51	5.68	5.07	8.14	8.42	7.07	6.99	8.51	6.12	4.79	5.71	8.8	4.21	9.68	
92.0	70.0	11.0	11.0	4.35	5.12	6.34	10.23	4.6	4.62	7.7	5.53	8.08	4.58	7.7	7.67	4.3	9.81	9.21	4.95	7.32	10.06	3.71	
93.0	95.0	8.0	8.0	4.45	6.15	4.18	6.44	9.16	8.07	5.79	8.41	4.17	9.58	9.07	9.21	9.76	10.5	4.29	9.85	5.25	4.58	5.56	
94.0	98.0	15.0	15.0	4.33	5.85	5.69	7.13	5.9	10.34	6.83	9.72	6.72	3.52	5.5	5.86	7.01	7.01	6.94	7.48	7.12	6.63	10.09	
95.0	42.0	4.0	4.0	5.53	9.62	9.78	9.41	7.06	10.12	8.47	7.83	4.29	5.62	6.62	7.83	5.86	9.58	8.74	5.55	8.17	7.94	9.176424669041014	
96.0	84.0	12.0	12.0	3.52	8.65	7.29	8.21	4.4	8.66	10.0	9.65	5.94	3.57	6.13	4.23	4.16	5.2	3.81	7.98	9.36	5.62	8.95	
97.0	89.0	14.0	14.0	9.46	6.55	7.99	8.05	10.41	10.4	8.68	4.94	5.33	4.62	8.72	6.77	5.28	10.13	7.18	9.2	8.54	9.46	9.33371965498038	
98.0	90.0	4.0	4.0	9.91	8.83	9.03	9.92	8.91	7.85	10.11	3.82	8.94	6.53	7.48	6.27	6.48	5.69	8.93	7.78	8.3	3.93	7.580122081159763	
99.0	52.0	4.0	4.0	10.11	4.42	3.55	6.65	6.51	4.89	7.49	4.01	6.81	8.49	6.52	8.58	5.78	5.96	4.23	3.73	9.09	9.97	10.36	
100.0	96.0	15.0	15.0	5.33	4.27	7.27	3.52	10.34	9.09	7.46	7.75	6.22	6.11	9.93	8.0	5.41	6.8	6.63	4.55	8.93	9.4	8.95	
101.0	100.0	14.0	14.0	7.03	6.58	8.1	5.12	6.87	8.01	9.05	6.87	8.94	9.93	5.39	10.19	7.11	6.76	7.44	7.68	9.2	10.39	2.215886111991444	
102.0	82.0	6.0	6.0	6.88	5.48	3.72	5.47	4.75	6.57	4.9	8.47	6.53	7.98	8.22	4.98	9.87	7.64	5.83	5.1	6.15	8.48	10.29	
103.0	87.0	5.0	5.0	5.49	5.85	5.58	6.23	6.16	8.86	3.78	9.84	4.97	7.1	3.78	8.46	4.52	5.0	5.51	7.37	5.1	8.65	9.57	
104.0	88.0	4.0	4.0	3.52	8.92	7.08	3.83	3.98	7.09	6.93	6.71	6.38	3.5	9.71	8.5	9.14	6.48	6.72	3.98	4.01	3.63	7.7	
105.0	13.0	3.0	3.0	8.91	5.78	6.04	4.45	7.2	4.59	4.77	7.75	4.38	5.67	5.26	3.62	4.53	8.75	7.23	9.95	7.18	3.63	8.12	
106.0	43.0	13.0	13.0	7.91	4.49	4.32	6.45	9.04	5.14	10.16	8.32	6.05	4.44	7.91	5.95	7.19	5.61	4.74	9.31	4.04	9.33	5.11	
107.0	99.0	12.0	12.0	5.45	8.28	4.48	10.06	5.31	9.43	7.45	6.01	8.67	6.62	3.59	8.63	10.12	10.47	7.33	5.95	4.24	6.92	4.5	
108.0	81.0	3.0	3.0	7.16	5.21	4.65	4.17	10.1	8.29	5.22	3.76	7.65	6.55	3.67	5.04	10.03	9.22	5.3	6.46	5.51	10.19	10.03	
109.0	84.0	12.0	12.0	6.07	5.43	7.17	3.96	8.44	8.78	8.78	3.87	5.31	6.11	6.25	3.77	6.45	5.08	5.85	8.25	5.85	4.85	6.37	
110.0	87.0	5.0	5.0	4.58	4.88	6.08	4.34	9.33	5.94	7.06	5.56	4.37	6.46	9.04	9.87	5.59	7.37	6.77	3.82	4.24	7.86	3.53	
111.0	70.0	11.0	11.0	7.93	9.89	4.39	8.02	6.29	7.63	7.42	4.41	10.2	5.03	9.15	5.78	6.64	5.16	7.77	8.42	6.66	5.39	3.66	
112.0	92.0	10.0	10.0	10.15	10.3	10.25	6.66	6.09	6.93	4.49	5.76	7.77	8.67	9.73	8.7	8.06	8.01	3.73	4.75	9.95	6.72	5.36	
113.0	95.0	8.0	8.0	4.65	5.54	8.03	6.41	9.18	7.82	3.98	8.79	9.19	10.03	7.32	4.77	8.03	3.56	10.44	8.4	7.23	5.23	5.57	
114.0	44.0	3.0	3.0	6.33	7.46	5.13	10.35	7.78	9.79	5.08	10.05	9.25	10.07	5.6	4.46	5.55	9.98	10.34	9.97	7.63	6.19	2.805798622364987	
115.0	51.0	2.0	2.0	7.2	8.67	4.84	9.33	4.95	9.21	8.11	9.86	7.02	3.74	7.73	4.1	7.81	9.15	10.47	10.08	9.14	8.51	9.806006667412435	
116.0	66.0	12.0	12.0	9.59	9.11	8.73	10.21	7.06	5.65	6.14	9.21	7.35	8.07	9.36	9.22	5.93	10.12	7.19	4.78	4.45	8.36	9.76884041451591	
117.0	88.0	4.0	4.0	10.43	5.23	3.71	8.24	8.4	6.93	4.24	5.04	9.39	5.08	10.2	8.61	9.93	8.25	9.22	5.17	6.75	9.25	9.21	
118.0	92.0	10.0	10.0	4.92	9.59	3.99	6.39	8.67	8.77	4.28	9.47	6.3	9.24	3.51	8.87	6.97	7.52	9.51	6.0	9.35	3.66	5.4	
119.0	59.0	9.0	9.0	8.74	4.47	6.35	9.69	3.66	3.75	9.74	4.72	5.28	5.07	8.32	9.23	8.15	9.56	9.86	5.98	8.94	7.92	4.41	
120.0	99.0	12.0	12.0	3.77	9.65	6.89	7.09	6.83	5.88	9.78	8.93	8.77	10.12	7.41	7.42	7.23	3.94	6.76	7.34	9.99	8.66	6.26	
121.0	99.0	12.0	12.0	5.12	7.08	4.27	10.12	7.36	4.03	10.07	10.02	7.79	9.8	6.39	4.63	4.16	4.8	9.21	9.85	8.06	8.14	3.93	
122.0	42.0	4.0	4.0	9.9	7.51	4.56	6.18	5.79	5.76	9.9	6.63	9.24	5.3	6.33	8.06	5.08	9.28	7.47	4.42	4.85	5.63	5.36	
123.0	78.0	8.0	8.0	6.18	8.28	5.58	4.81	8.85	9.0	5.56	5.32	8.16	10.01	6.21	7.35	4.05	7.11	5.75	4.77	7.52	4.24	5.27	
124.0	51.0	2.0	2.0	7.08	3.9	5.21	8.28	7.1	10.01	10.33	3.98	5.34	9.61	4.43	7.1	3.9	8.17	5.58	6.84	5.79	7.31	6.39	
125.0	93.0	4.0	4.0	9.31	4.27	5.03	7.08	8.58	9.63	9.1	9.22	5.55	4.01	6.89	6.6	3.83	9.53	4.77	8.23	5.98	6.01	7.99	
126.0	94.0	13.0	13.0	9.32	6.01	9.69	5.65	7.88	10.1	8.37	8.02	6.14	5.82	6.85	5.51	6.05	4.53	10.39	8.0	10.25	5.74	10.45	
127.0	99.0	12.0	12.0	10.4	7.6	9.97	10.46	5.44	5.2	8.28	10.36	5.63	3.84	6.72	8.08	4.07	8.38	7.22	4.94	6.52	9.95	8.9	
128.0	72.0	11.0	11.0	8.22	8.84	7.06	9.44	7.89	5.82	8.75	5.41	4.74	6.85	6.53	5.44	4.78	8.44	3.83	4.14	7.6	3.85	5.52	
129.0	83.0	5.0	5.0	5.77	7.7	4.52	3.75	4.79	9.35	6.43	9.51	9.69	7.42	9.43	9.61	6.89	9.45	5.93	9.39	8.65	6.77	8.84	
130.0	87.0	5.0	5.0	9.65	3.58	6.07	5.34	9.35	4.65	7.86	6.62	5.62	10.07	9.54	6.87	10.22	9.84	7.72	6.79	4.65	7.54	6.98	
131.0	89.0	14.0	14.0	5.73	4.09	9.8	6.83	9.09	5.47	6.49	7.48	8.04	9.56	10.2	7.6	10.18	7.62	7.85	9.84	8.32	5.34	10.452210117860938	
132.0	94.0	13.0	13.0	3.85	10.4	7.54	9.55	10.22	4.75	9.3	8.37	4.16	7.03	7.67	3.52	4.09	8.47	8.48	7.7	7.24	5.34	8.65	
133.0	96.0	15.0	15.0	10.2	7.29	10.43	9.89	9.3	5.82	9.55	7.8	5.33	3.81	4.98	3.77	9.76	7.63	7.71	4.09	4.2	6.21	7.88	
134.0	55.0	6.0	6.0	8.27	3.96	5.87	3.98	5.78	4.58	9.87	10.05	3.74	6.76	6.26	5.21	10.28	9.42	7.77	5.37	8.35	8.54	7.96	
135.0	81.0	3.0	3.0	6.9	4.55	6.84	4.26	8.37	3.63	8.95	4.52	4.45	6.68	9.16	9.39	5.93	3.93	3.74	7.1	8.58	6.4	7.42	
136.0	85.0	3.0	3.0	9.85	5.18	6.46	10.27	7.41	4.58	5.4	6.01	4.43	7.1	9.24	10.29	10.46	8.27	5.49	9.42	9.1	3.54	6.92	
137.0	87.0	5.0	5.0	6.43	8.4	7.94	8.02	7.88	3.89	7.23	9.41	10.22	6.45	3.74	7.77	8.75	9.56	8.19	6.66	5.38	10.22	5.08	
138.0	91.0	9.0	9.0	8.25	5.99	3.87	6.16	8.08	9.21	6.84	5.03	6.3	6.97	3.76	10.2	6.09	7.9	7.68	5.86	8.14	5.9	4.59	
139.0	36.0	15.0	15.0	4.54	8.29	4.08	5.38	3.85	3.95	6.53	8.06	7.17	9.05	4.59	5.16	6.41	3.59	9.79	4.01	8.07	3.85	7.38	
140.0	97.0	9.0	9.0	7.88	4.68	7.05	4.56	4.25	9.97	10.0	9.31	3.72	5.09	3.94	9.77	4.43	9.2	9.13	4.75	9.43	6.69	6.98	
141.0	67.0	3.0	3.0	8.65	6.48	3.58	5.12	8.0	5.24	7.14	7.0	4.28	10.29	4.13	5.41	6.37	6.97	5.38	3.89	9.23	6.6	6.7	
142.0	83.0	5.0	5.0	7.74	5.45	9.03	5.66	6.9	4.41	10.42	3.6	5.41	6.03	7.01	6.36	4.12	8.88	3.96	6.44	3.59	5.9	10.17	
143.0	3.0	6.0	6.0	5.38	6.41	8.89	4.96	3.72	9.85	4.0	5.74	10.27	3.86	9.22	4.82	8.48	6.33	6.38	4.86	8.61	8.45	7.25	
144.0	88.0	4.0	4.0	5.28	6.99	3.63	3.9	8.97	4.64	4.42	5.54	4.99	8.35	7.19	4.6	5.14	6.76	9.22	5.46	5.05	9.94	7.9	
145.0	72.0	11.0	11.0	10.11	5.76	9.62	8.86	3.97	8.53	7.49	4.74	8.97	5.06	4.64	3.51	9.37	4.66	4.57	8.32	3.71	3.93	7.91	
146.0	96.0	15.0	15.0	5.88	5.46	10.06	7.66	5.8	8.59	6.39	7.66	10.2	5.57	9.22	9.2	7.16	5.21	10.36	8.3	6.71	8.09	9.14	
147.0	99.0	12.0	12.0	3.53	4.16	4.34	5.32	8.36	6.76	7.02	4.87	8.68	6.9	7.91	5.94	3.58	5.9	5.95	9.97	4.29	3.77	6.81	
148.0	81.0	3.0	3.0	7.96	8.74	4.48	5.97	8.25	9.94	5.31	10.27	7.41	8.27	4.41	6.0	6.85	6.62	7.09	8.9	4.58	9.04	4.54	
149.0	84.0	12.0	12.0	9.39	3.84	9.45	9.89	5.64	7.74	7.09	3.89	3.72	8.8	3.52	8.97	8.06	7.78	9.62	6.78	5.15	9.89	8.79	
150.0	88.0	4.0	4.0	8.93	9.84	7.07	9.53	5.69	9.14	8.39	10.24	6.17	4.7	9.63	8.94	4.83	7.81	7.67	8.26	6.46	10.08	8.342201383097551	
151.0	76.0	6.0	6.0	4.87	10.4	6.04	5.83	4.74	6.57	4.36	7.06	10.25	7.08	6.06	5.8	9.52	7.98	7.03	5.91	9.9	7.17	3.81	
152.0	89.0	14.0	14.0	6.28	5.09	6.65	6.08	8.26	10.16	5.15	9.0	8.47	7.76	4.93	6.19	7.84	5.53	9.3	9.13	4.13	9.52	5.49	
153.0	97.0	9.0	9.0	7.15	8.17	4.15	4.71	3.78	6.92	6.26	10.4	10.38	6.21	8.17	9.26	9.83	8.77	8.08	3.97	9.97	9.05	7.29	
154.0	100.0	14.0	14.0	3.58	4.74	3.53	4.41	7.64	4.36	9.17	10.11	8.11	9.53	4.03	8.36	9.84	6.81	8.38	6.83	5.78	6.25	7.64	
155.0	82.0	6.0	6.0	3.89	6.34	8.45	4.18	8.74	9.42	5.16	6.33	7.27	9.44	10.17	3.55	8.78	5.19	8.55	7.77	6.8	9.65	5.3	
156.0	84.0	12.0	12.0	6.2	3.92	7.3	7.79	8.44	5.57	7.47	10.35	7.39	8.38	9.98	9.59	6.93	6.6	8.75	3.74	8.29	4.53	3.98	
157.0	87.0	5.0	5.0	4.68	4.23	4.38	6.42	9.05	4.28	6.31	9.17	8.34	9.27	5.21	3.72	8.36	8.22	3.65	4.13	3.73	9.93	8.79	
158.0	91.0	9.0	9.0	3.69	7.62	4.69	10.23	8.89	4.89	8.18	6.93	8.94	9.73	4.79	9.63	5.48	4.99	3.67	6.71	6.89	6.83	5.43	
159.0	94.0	13.0	13.0	9.39	4.95	9.29	6.1	10.04	8.3	5.28	9.14	5.44	7.64	10.06	4.79	8.24	6.75	3.63	4.97	8.01	4.13	4.03	
160.0	96.0	15.0	15.0	9.36	8.69	9.97	7.04	9.47	9.16	5.78	5.41	10.4	7.43	6.76	10.06	8.59	4.03	9.38	6.37	6.14	4.1	3.544536021147351	
161.0	81.0	3.0	3.0	3.69	10.32	10.05	10.3	6.96	4.51	4.25	4.65	10.44	6.53	5.1	9.96	5.35	8.79	5.35	4.86	6.97	9.45	5.57	
162.0	70.0	11.0	11.0	4.42	7.17	6.29	10.1	7.24	5.7	5.65	6.52	4.55	6.13	5.72	8.08	7.8	9.07	7.06	3.73	5.42	6.92	9.05	
163.0	86.0	15.0	15.0	9.76	8.48	5.89	5.84	6.02	6.97	5.18	5.16	6.31	9.85	5.43	8.44	4.32	9.21	10.35	3.79	7.79	3.87	9.5	
164.0	89.0	14.0	14.0	3.88	6.9	6.86	7.58	6.3	3.82	3.52	4.26	6.59	4.85	4.68	8.51	5.63	5.46	7.91	9.27	3.56	9.38	8.67	
165.0	77.0	8.0	8.0	8.82	7.21	10.3	5.17	8.9	10.44	6.97	6.0	4.75	8.24	7.13	9.11	7.16	10.14	8.17	4.35	5.73	8.6	6.19	
166.0	43.0	13.0	13.0	5.47	8.32	7.75	8.3	6.68	8.83	8.95	8.08	5.78	10.01	10.1	7.26	5.19	6.08	5.29	8.51	5.87	3.99	7.95	
167.0	67.0	3.0	3.0	9.91	7.3	5.07	4.36	8.6	9.35	7.72	5.55	3.51	3.84	10.07	4.91	3.59	4.18	4.09	8.18	9.99	8.63	6.79	
168.0	100.0	14.0	14.0	7.25	6.27	6.15	6.61	6.88	6.45	8.7	6.85	6.71	7.59	7.06	9.8	9.35	5.37	9.22	3.73	9.73	9.22	9.07	
169.0	51.0	2.0	2.0	8.8	7.34	7.81	10.46	9.62	3.62	4.9	5.55	9.62	8.04	4.43	7.18	9.88	8.07	4.83	9.64	9.07	8.68	7.38	
170.0	86.0	15.0	15.0	9.81	4.11	9.32	3.63	4.91	7.15	8.51	7.14	4.27	10.41	4.9	7.14	6.09	6.53	8.57	4.0	6.99	5.54	8.1	
171.0	72.0	11.0	11.0	6.15	6.96	8.41	9.37	4.09	5.08	9.61	9.76	9.84	6.68	8.21	7.0	9.73	9.2	9.52	10.48	3.88	7.37	2.2666619888882207	
172.0	97.0	9.0	9.0	8.29	9.93	8.92	5.56	9.38	9.58	4.0	5.32	7.55	4.88	6.08	9.29	8.0	4.53	6.7	9.33	9.71	9.65	6.01	
173.0	96.0	15.0	15.0	7.39	7.86	4.6	7.01	10.13	8.17	4.68	4.29	8.0	10.13	9.95	3.57	10.21	9.03	7.18	6.03	8.29	7.65	6.19	
174.0	99.0	12.0	12.0	9.0	6.02	9.48	9.27	10.01	9.73	6.18	4.27	7.52	3.94	5.82	6.85	4.39	9.04	6.91	8.14	10.41	8.43	10.16	
175.0	82.0	6.0	6.0	6.93	8.34	10.18	9.91	5.11	5.64	9.04	8.17	4.67	10.04	8.25	6.41	4.78	8.02	9.26	4.73	4.01	4.2	3.9	
176.0	85.0	3.0	3.0	6.45	8.08	3.86	3.64	3.9	4.59	4.61	4.29	5.38	4.62	5.58	5.49	9.48	5.88	3.87	4.57	5.75	7.34	9.0	
177.0	58.0	11.0	11.0	4.81	10.11	6.56	7.08	7.73	6.49	4.72	9.3	8.97	10.22	6.36	4.03	8.91	6.33	9.49	4.72	4.83	5.86	8.35	
178.0	55.0	6.0	6.0	5.43	5.36	9.12	7.01	6.12	7.57	6.69	7.0	9.93	10.48	4.85	5.16	5.7	9.81	4.93	4.35	8.96	7.09	8.0	
179.0	95.0	8.0	8.0	5.36	5.21	10.14	4.29	9.74	3.82	4.87	4.68	5.88	6.55	5.7	7.68	5.07	7.52	7.81	3.5	9.3	5.85	9.94	
180.0	97.0	9.0	9.0	9.34	7.45	9.54	5.29	4.43	7.77	6.41	7.8	4.06	4.74	9.09	6.42	7.81	6.19	8.74	7.86	3.96	10.21	3.5	
181.0	81.0	3.0	3.0	6.79	3.53	6.23	9.41	7.05	9.83	6.02	6.07	9.9	6.05	4.59	3.75	8.91	6.77	7.29	3.6	6.9	6.53	6.2	
182.0	68.0	5.0	5.0	3.59	8.21	3.69	9.93	4.44	3.76	7.04	8.34	6.31	5.33	9.91	6.02	8.67	6.97	5.08	7.51	5.74	9.08	7.09	
183.0	86.0	15.0	15.0	4.86	4.82	8.26	8.17	4.18	4.46	5.64	5.31	4.55	10.41	8.33	7.04	6.4	6.8	9.25	7.4	9.93	7.3	5.06	
184.0	88.0	4.0	4.0	8.21	7.69	4.18	3.75	5.82	7.48	8.33	9.7	3.7	5.47	8.98	6.48	10.38	4.58	10.21	7.73	7.53	6.13	4.65	
185.0	92.0	10.0	10.0	7.73	7.88	9.07	3.95	4.72	6.37	8.94	8.57	4.81	3.79	4.12	10.23	7.17	6.65	9.88	4.36	6.99	6.46	8.42	
186.0	36.0	15.0	15.0	8.7	5.24	6.16	8.88	8.75	9.33	7.73	9.06	4.95	3.54	7.0	5.16	9.54	4.07	6.28	8.19	9.09	7.12	9.99	
187.0	80.0	3.0	3.0	10.23	7.45	4.36	3.55	9.5	3.87	5.9	10.35	9.63	6.13	10.17	6.37	8.59	5.91	8.3	6.46	9.44	7.75	6.25	
188.0	82.0	6.0	6.0	7.25	10.0	4.37	8.85	7.01	6.55	3.8	4.93	9.64	4.26	6.02	6.86	4.12	3.74	6.47	10.27	8.34	7.16	7.09	
189.0	67.0	3.0	3.0	5.95	10.35	6.57	4.73	9.27	10.23	3.95	5.23	4.35	4.06	5.06	9.51	10.18	8.53	7.6	8.09	4.68	3.61	3.73	
190.0	65.0	11.0	11.0	6.38	7.51	8.3	7.07	9.89	4.1	8.06	4.49	6.99	5.86	10.28	8.71	4.61	9.01	4.08	9.54	3.66	6.67	9.44	
191.0	39.0	14.0	14.0	10.01	7.76	5.47	5.41	6.37	5.24	8.36	5.2	6.32	8.85	8.3	4.22	10.24	8.98	7.56	4.28	9.83	9.3	10.2	
192.0	79.0	7.0	7.0	5.93	4.19	6.4	10.38	5.64	8.83	9.27	8.82	10.17	3.9	9.79	5.28	7.55	5.33	4.67	9.54	9.22	9.91	9.83	
193.0	15.0	11.0	11.0	3.92	7.68	3.84	9.68	6.43	10.06	5.53	8.99	7.88	4.55	8.09	8.76	8.63	9.02	5.06	7.97	5.95	6.05	8.26	
194.0	50.0	9.0	9.0	5.82	9.45	4.0	4.44	7.29	4.62	10.48	3.84	4.87	10.37	8.12	10.35	8.53	5.65	4.28	7.24	9.92	7.99	5.95	
195.0	39.0	14.0	14.0	5.76	9.77	4.63	6.53	9.15	4.6	9.26	8.37	8.9	7.63	7.59	10.09	9.67	3.65	6.82	9.3	8.55	7.87	2.3218483021517202	
196.0	77.0	8.0	8.0	6.55	9.01	6.78	5.06	8.52	8.22	5.5	10.27	6.18	3.63	3.85	8.07	4.13	4.48	8.15	5.11	7.2	5.05	7.14	
197.0	86.0	15.0	15.0	9.14	4.42	7.18	7.35	6.55	9.79	9.59	8.02	5.17	8.01	9.73	9.89	9.8	8.63	4.66	7.03	6.71	3.9	7.14	
198.0	91.0	9.0	9.0	10.14	10.18	7.05	5.44	5.04	9.26	6.89	10.35	4.54	4.82	9.02	6.36	4.82	8.01	3.84	9.77	9.27	6.7	4.44	
199.0	93.0	4.0	4.0	5.3	5.15	8.39	8.88	8.74	6.36	9.65	7.67	3.58	5.07	4.39	3.51	10.33	6.35	5.44	5.96	4.3	4.28	6.29	
200.0	38.0	5.0	5.0	8.58	5.36	5.59	8.85	5.63	6.81	6.76	9.34	8.01	9.2	6.22	7.84	5.26	6.8	10.18	8.68	6.8	4.6	7.33	
201.0	100.0	14.0	14.0	9.58	5.04	3.55	3.51	7.02	6.01	3.87	4.07	6.47	7.16	7.98	5.35	8.65	9.12	4.42	3.57	7.81	5.94	7.61	
202.0	19.0	13.0	13.0	9.62	5.82	5.03	4.07	5.68	6.02	9.09	7.5	4.31	4.66	4.92	4.06	7.81	4.97	8.97	10.44	6.5	3.5	6.5	
203.0	86.0	15.0	15.0	9.4	8.74	4.29	5.65	5.67	9.59	5.93	7.9	9.7	9.44	4.05	7.69	4.97	7.67	6.96	9.47	9.37	7.66	3.86	
204.0	5.0	15.0	15.0	9.31	9.82	3.92	8.74	6.34	8.99	6.32	3.72	4.92	3.59	3.73	4.67	5.58	7.96	6.26	9.76	8.12	8.2	10.29	
205.0	2.0	14.0	14.0	8.37	7.06	10.12	4.54	3.77	8.78	6.61	3.52	9.72	8.51	8.71	8.3	8.4	4.09	10.27	9.1	8.5	3.95	6.25	
206.0	95.0	8.0	8.0	7.39	7.07	6.21	8.21	5.11	8.17	8.61	9.25	10.03	7.36	7.68	6.83	7.06	8.5	3.93	9.54	9.76	5.88	5.6	
207.0	80.0	3.0	3.0	7.71	9.32	6.29	9.17	10.04	8.17	7.53	9.16	7.91	8.14	3.72	4.98	3.83	5.28	4.21	3.64	4.48	9.97	5.38	
208.0	14.0	13.0	13.0	9.23	8.79	8.3	8.48	8.51	9.19	3.76	5.82	4.61	8.62	4.9	5.99	10.23	4.07	3.62	5.24	9.98	10.18	6.92	
209.0	85.0	3.0	3.0	9.42	7.56	9.45	5.04	3.52	5.49	10.5	6.08	6.52	8.28	7.89	5.68	6.25	7.43	3.87	4.53	8.52	10.32	10.46	
210.0	87.0	5.0	5.0	8.89	5.0	7.91	9.15	9.45	6.01	5.96	5.38	6.7	9.51	9.98	7.26	5.62	6.43	10.01	4.85	6.76	4.25	9.1	
211.0	91.0	9.0	9.0	6.56	10.26	9.07	8.75	4.74	7.34	8.17	5.65	3.94	9.58	9.37	6.76	5.92	9.13	4.42	9.43	9.03	7.48	9.67	
212.0	69.0	12.0	12.0	3.58	9.0	6.54	8.17	8.9	10.28	4.29	7.87	7.74	4.4	7.73	7.41	9.49	5.48	9.97	3.97	8.11	4.67	9.6	
213.0	97.0	9.0	9.0	9.67	9.44	8.71	10.43	9.76	7.38	5.88	9.35	5.57	10.15	5.46	5.03	4.41	4.97	7.91	8.65	3.54	9.36	7.53	
214.0	67.0	3.0	3.0	5.71	8.29	7.18	9.0	3.54	4.24	8.21	7.16	8.59	10.33	7.7	6.33	6.07	7.11	9.22	9.41	6.8	8.98	9.63	
215.0	81.0	3.0	3.0	5.64	5.4	5.22	3.64	6.53	7.36	4.85	6.9	10.16	6.02	10.13	4.55	9.35	7.99	8.74	3.7	10.42	9.3	4.78	
216.0	86.0	15.0	15.0	8.15	6.35	5.75	3.78	7.32	6.07	8.25	6.31	4.79	4.16	6.6	10.17	8.52	3.62	5.19	6.4	10.41	4.89	8.25	
217.0	87.0	5.0	5.0	4.31	3.92	9.17	5.95	7.88	7.73	7.58	7.56	6.98	3.91	7.17	9.37	8.69	5.82	6.04	6.03	3.8	4.51	7.63	
218.0	92.0	10.0	10.0	3.59	9.0	8.35	9.16	9.09	7.09	4.84	5.36	7.47	6.73	6.67	9.08	6.44	5.23	5.51	9.43	10.05	4.13	4.63	
219.0	95.0	8.0	8.0	8.23	9.41	7.68	8.18	7.25	8.76	5.99	4.56	9.61	8.13	6.26	8.67	4.93	8.93	3.77	10.39	9.4	6.76	3.89	
220.0	61.0	12.0	12.0	3.78	4.06	8.11	4.68	5.18	8.48	4.43	5.32	7.08	10.04	5.16	4.87	8.84	9.08	4.07	3.96	5.11	6.62	5.23	
221.0	23.0	7.0	7.0	3.54	4.38	6.41	9.61	8.05	9.56	4.2	5.12	8.25	9.97	5.65	7.99	4.98	9.37	5.36	4.76	7.69	5.23	9.58	
222.0	84.0	12.0	12.0	9.06	6.4	3.78	8.71	6.73	9.47	10.03	7.02	8.41	3.65	8.94	5.3	9.93	3.7	6.83	3.7	7.54	9.83	9.98	
223.0	87.0	5.0	5.0	3.64	4.05	5.69	8.72	6.69	9.02	9.77	4.23	4.74	8.77	8.9	6.62	6.75	5.57	4.43	10.22	4.98	5.58	5.33	
224.0	89.0	14.0	14.0	8.38	7.76	6.36	4.79	3.65	4.53	9.15	8.22	7.75	6.56	3.55	9.58	9.06	6.21	4.5	4.52	10.26	3.92	7.8	
225.0	87.0	5.0	5.0	7.88	5.63	5.31	7.39	9.38	8.3	5.9	6.39	9.03	8.53	4.72	4.2	6.56	5.77	7.1	5.35	8.56	6.52	8.88	
226.0	57.0	14.0	14.0	10.26	8.36	8.22	4.56	5.13	3.8	8.05	4.37	3.69	5.77	5.84	5.15	9.02	4.0	7.94	4.44	6.35	8.55	10.42	
227.0	98.0	15.0	15.0	5.83	5.24	9.84	7.08	5.01	5.74	5.34	8.45	4.19	8.42	10.13	5.19	6.17	5.32	3.77	3.55	7.22	5.35	7.0	
228.0	43.0	13.0	13.0	9.31	3.63	8.62	4.08	4.57	3.84	4.26	4.56	6.55	7.62	4.75	7.39	7.61	3.84	7.07	5.01	7.28	6.05	4.25	
229.0	83.0	5.0	5.0	9.98	7.82	4.89	6.7	9.31	6.9	3.88	6.17	5.99	7.78	6.75	4.18	9.12	4.77	4.01	7.66	9.21	3.5	10.19	
230.0	61.0	12.0	12.0	9.3	5.26	3.62	8.12	9.35	5.22	9.51	7.28	7.06	4.35	3.58	5.55	7.88	8.65	5.02	7.73	6.79	5.74	8.46	
231.0	89.0	14.0	14.0	4.39	7.3	5.04	4.78	9.4	7.47	8.09	8.37	5.61	5.18	5.92	9.48	5.54	6.68	8.16	4.13	3.75	7.5	6.09	
232.0	79.0	7.0	7.0	6.88	6.15	10.34	7.89	8.71	5.55	9.87	4.9	5.37	6.69	4.83	7.97	9.37	9.99	8.65	5.57	6.54	3.72	4.35	
233.0	48.0	13.0	13.0	5.09	7.16	6.29	7.78	9.31	3.59	9.7	8.46	10.46	3.68	6.89	6.09	10.19	10.36	6.21	6.46	7.52	9.91	8.77	
234.0	34.0	14.0	14.0	4.01	4.59	3.77	4.97	10.5	4.23	7.75	5.86	5.5	6.24	9.4	6.95	7.31	9.27	4.58	5.82	7.46	6.23	4.77	
235.0	83.0	5.0	5.0	7.63	5.66	9.12	3.83	8.01	6.07	4.44	6.2	5.15	5.01	9.37	8.36	6.63	4.89	5.75	10.17	7.43	3.84	9.29	
236.0	62.0	7.0	7.0	4.68	4.01	5.6	6.62	7.79	9.86	9.05	4.74	4.48	5.55	10.02	7.01	10.05	4.3	6.75	4.69	8.69	3.64	9.78	
237.0	87.0	5.0	5.0	5.11	6.84	6.71	3.92	9.83	5.38	4.05	8.98	8.24	7.07	8.93	8.19	8.07	7.22	3.84	4.44	6.52	9.56	3.73	
238.0	90.0	4.0	4.0	9.7	8.41	7.54	7.15	7.49	5.7	5.44	9.28	10.07	5.22	9.29	4.57	7.22	10.02	6.56	3.69	3.77	6.37	5.06	
239.0	95.0	8.0	8.0	8.45	5.58	6.02	4.36	9.21	4.41	7.26	4.59	3.58	8.82	8.85	10.17	4.73	6.43	4.64	9.51	8.36	6.64	3.87	
240.0	98.0	15.0	15.0	6.58	5.78	6.05	6.64	8.63	7.19	7.65	8.38	7.12	4.56	9.08	3.77	4.27	4.64	8.25	5.62	8.07	4.67	4.81	
241.0	61.0	12.0	12.0	3.87	9.72	6.57	9.0	9.85	8.02	7.32	6.61	6.23	4.69	9.04	7.57	10.04	9.0	5.79	8.02	9.55	9.33	1.60097016586671	
242.0	84.0	12.0	12.0	10.02	5.11	3.99	10.02	4.98	3.86	5.82	4.84	4.08	7.82	4.21	7.48	7.53	3.73	9.67	8.42	9.7	7.4	5.22	
243.0	42.0	4.0	4.0	5.72	5.76	4.23	9.53	10.45	7.98	5.8	8.79	5.76	6.09	7.41	3.95	8.93	7.36	7.46	4.04	6.47	5.72	3.54	
244.0	71.0	11.0	11.0	7.33	6.04	8.63	5.0	7.08	7.73	6.06	10.24	8.27	6.96	4.23	7.27	9.44	4.16	5.41	9.52	6.91	9.47	5.87	
245.0	47.0	15.0	15.0	8.66	10.37	9.7	9.33	5.28	8.49	8.07	6.69	8.93	9.56	5.72	7.71	7.27	9.55	8.61	5.27	8.99	8.249829078012052	10.122390471449103	
246.0	85.0	3.0	3.0	7.26	8.72	8.91	7.96	8.93	6.32	3.72	5.0	10.38	4.67	6.37	8.36	7.43	5.84	4.75	6.68	7.43	5.78	4.35	
247.0	61.0	12.0	12.0	7.21	7.7	6.15	8.51	7.45	5.82	8.38	7.2	9.28	4.11	7.19	8.3	7.7	7.27	6.06	8.43	5.14	9.92	9.62	
248.0	82.0	6.0	6.0	9.86	6.59	9.1	7.22	5.42	7.84	5.04	5.01	9.91	6.45	5.69	3.77	4.5	6.5	9.43	8.49	9.65	5.69	6.58	
249.0	63.0	15.0	15.0	8.48	5.81	9.86	7.7	5.2	6.67	7.48	8.85	4.82	8.36	4.58	5.23	8.09	9.51	8.22	5.82	5.64	4.77	8.77	
250.0	86.0	15.0	15.0	7.28	9.09	10.1	5.31	5.54	4.17	3.81	6.26	5.67	8.9	9.15	7.92	9.19	9.28	4.23	5.54	8.21	7.45	4.11	
251.0	33.0	14.0	14.0	9.18	8.79	6.28	5.55	7.03	5.72	9.92	5.33	9.01	9.43	4.21	7.73	8.86	9.01	10.37	9.64	6.63	5.72	8.990590962315546	
252.0	71.0	11.0	11.0	8.98	9.57	10.26	3.69	5.21	5.45	4.82	8.35	8.15	9.69	3.92	5.71	5.38	10.25	9.76	9.02	8.86	9.37	7.31	
253.0	97.0	9.0	9.0	7.93	9.68	4.0	5.46	7.86	5.13	5.47	10.3	7.71	3.7	9.44	7.06	7.46	8.98	3.8	5.51	6.61	8.8	6.94	
254.0	65.0	11.0	11.0	8.25	10.4	3.93	4.2	4.39	3.64	8.08	8.69	5.61	5.1	9.66	7.94	7.71	7.73	7.59	4.91	7.88	9.03	10.14	
255.0	56.0	13.0	13.0	4.14	10.27	5.12	4.09	8.27	6.08	6.05	7.28	7.49	5.71	8.74	8.46	9.17	4.64	6.28	8.24	9.93	6.91	3.5	
256.0	46.0	14.0	14.0	4.79	5.08	3.84	10.04	7.05	6.75	10.36	8.13	4.88	7.36	7.3	5.65	9.94	5.3	4.9	7.83	5.24	5.71	6.33	
257.0	88.0	4.0	4.0	7.19	8.26	9.24	9.46	6.11	5.69	3.69	3.71	3.66	7.25	6.05	8.24	4.06	7.59	5.82	8.67	7.0	8.38	7.43	
258.0	49.0	12.0	12.0	5.63	10.09	5.91	7.72	8.3	4.12	6.18	6.41	9.45	5.35	9.7	5.21	5.84	10.03	4.82	9.68	9.62	3.89	7.89	
259.0	21.0	9.0	9.0	7.31	5.49	7.64	4.84	8.29	9.62	6.92	3.75	7.24	7.73	8.22	6.18	5.38	7.02	3.58	3.63	8.76	9.12	9.71	
260.0	98.0	15.0	15.0	7.61	9.64	4.93	10.43	7.36	6.84	8.17	6.13	4.43	4.44	6.95	8.83	8.56	8.42	4.7	7.04	10.01	5.83	9.15	
261.0	100.0	14.0	14.0	4.19	5.65	6.23	6.36	4.5	7.41	8.46	10.5	8.43	6.11	7.0	4.6	7.95	10.49	6.1	9.0	9.45	9.28	4.5	
262.0	84.0	12.0	12.0	8.28	9.3	5.44	6.44	8.09	6.87	8.99	9.2	8.4	3.74	8.9	4.94	3.87	5.94	7.35	8.74	6.92	9.1	7.87	
263.0	86.0	15.0	15.0	6.2	6.84	8.77	8.89	3.8	3.99	7.83	9.4	7.11	10.14	7.83	4.49	10.41	7.54	4.84	6.56	8.4	8.86	9.62	
264.0	90.0	4.0	4.0	10.27	6.96	4.45	5.42	10.38	8.87	8.09	8.92	9.98	6.84	5.23	8.0	6.44	10.17	10.2	5.2	3.68	10.45	3.807894662785361	
265.0	91.0	9.0	9.0	10.02	7.65	4.27	10.37	6.92	3.96	5.07	5.78	8.04	10.27	7.38	5.96	8.12	4.82	7.3	6.6	5.1	4.23	3.85	
266.0	94.0	13.0	13.0	4.67	5.07	6.58	4.89	8.6	4.46	9.78	6.34	5.73	4.53	9.4	8.61	8.31	6.9	6.58	6.78	6.73	6.18	7.54	
267.0	6.0	7.0	7.0	8.72	7.38	7.85	4.87	8.37	4.62	7.66	7.5	7.2	3.68	8.39	4.45	4.4	3.73	7.58	9.75	7.07	5.42	7.96	
268.0	36.0	15.0	15.0	7.97	9.64	8.85	5.42	5.02	5.1	10.19	8.7	8.93	4.82	7.38	6.35	8.36	7.22	4.95	6.74	4.3	6.88	6.44	
269.0	58.0	11.0	11.0	3.54	6.51	6.11	5.24	8.61	7.17	9.05	8.5	9.08	9.26	8.83	5.07	6.46	5.39	7.72	6.2	5.22	5.69	7.8	
270.0	44.0	3.0	3.0	7.78	10.2	9.12	3.58	3.94	6.93	6.65	7.55	9.28	9.39	5.75	7.67	4.48	7.85	6.59	4.33	9.42	7.43	6.17	
271.0	54.0	10.0	10.0	4.32	9.44	8.56	6.45	7.17	9.17	10.46	10.27	6.75	3.71	4.77	9.14	5.92	7.86	9.08	7.14	3.55	7.1	6.29	
272.0	52.0	4.0	4.0	4.36	4.58	7.03	8.6	7.48	6.97	8.17	7.97	3.76	4.21	6.79	9.18	8.69	6.34	9.62	6.75	7.91	7.32	4.77	
273.0	96.0	15.0	15.0	5.73	5.3	3.55	6.32	3.7	6.18	9.53	9.74	4.35	5.9	6.23	8.21	4.02	5.56	5.44	3.73	7.82	10.16	5.25	
274.0	100.0	14.0	14.0	4.92	9.84	8.59	10.39	4.43	7.79	4.64	3.76	7.05	6.97	8.37	3.93	9.77	5.1	9.21	5.45	10.29	8.2	7.3	
275.0	7.0	11.0	11.0	3.69	6.5	7.83	6.52	5.6	9.77	8.02	6.45	8.73	8.88	10.03	9.34	3.98	9.46	4.7	5.89	4.41	4.12	6.74	
276.0	85.0	3.0	3.0	10.14	6.53	5.92	4.86	10.06	10.42	10.46	5.84	10.1	9.92	4.44	5.6	8.61	5.54	7.5	10.15	10.39	5.2	2.6756664132627908	
277.0	87.0	5.0	5.0	6.3	4.35	5.69	7.81	8.92	3.54	9.96	10.36	7.69	10.11	6.6	5.32	4.91	5.29	4.45	9.63	7.74	9.76	4.56	
278.0	52.0	4.0	4.0	5.95	4.55	7.75	6.52	3.56	9.07	8.2	5.58	5.61	10.35	7.95	8.9	9.4	9.57	4.17	8.18	5.51	9.31	7.1	
279.0	93.0	4.0	4.0	3.92	3.79	10.38	8.88	5.69	7.5	6.36	4.98	9.13	5.83	3.77	7.65	7.69	8.97	8.09	4.36	10.12	5.1	10.19	
280.0	18.0	2.0	2.0	5.42	7.18	7.8	8.7	7.01	3.82	7.53	5.09	7.82	5.95	10.49	10.45	8.26	9.92	5.43	4.61	9.07	7.91	5.32	
281.0	47.0	15.0	15.0	4.44	6.38	6.77	6.0	5.69	4.73	4.73	8.36	5.67	8.97	5.76	4.81	8.23	4.69	6.71	6.91	7.96	9.22	9.77	
282.0	30.0	14.0	14.0	10.45	7.41	4.47	9.61	6.12	5.1	3.55	7.85	6.8	9.21	4.43	7.41	3.68	4.03	4.63	5.0	4.74	5.33	10.19	
283.0	45.0	5.0	5.0	9.31	3.88	5.19	9.58	3.54	3.79	5.73	7.88	10.06	4.1	6.04	3.68	6.01	6.39	6.57	8.31	10.44	4.7	5.43	
284.0	88.0	4.0	4.0	10.15	9.47	8.42	4.84	6.45	7.0	8.09	4.38	5.05	5.1	6.03	9.72	10.08	7.11	7.0	5.91	4.33	10.39	3.69	
285.0	91.0	9.0	9.0	3.88	3.82	8.97	7.26	3.72	9.79	10.26	9.24	4.5	10.21	9.77	5.25	7.25	10.47	6.29	7.44	10.08	6.64	6.8	
286.0	95.0	8.0	8.0	8.68	3.79	7.17	8.65	7.09	8.86	3.63	9.28	5.61	9.84	8.71	6.67	4.91	5.02	4.62	5.02	6.95	7.6	3.98	
287.0	97.0	9.0	9.0	8.61	9.46	8.46	6.79	8.16	9.4	5.53	7.13	7.15	6.08	9.11	5.89	4.02	9.14	7.32	9.55	4.36	8.96	5.29	
288.0	81.0	3.0	3.0	10.06	4.41	6.73	6.12	6.57	10.27	7.26	10.2	4.96	6.14	4.16	4.08	7.99	6.03	10.16	4.87	4.59	3.54	4.48	
289.0	85.0	3.0	3.0	9.04	4.11	5.24	4.59	8.07	4.34	9.64	4.01	6.64	7.22	4.45	6.48	8.18	9.33	4.56	6.86	4.09	10.2	8.58	
290.0	53.0	12.0	12.0	5.55	4.29	7.62	7.96	9.36	9.79	8.89	4.74	9.53	8.02	9.45	6.27	7.76	4.88	4.71	5.75	5.51	9.89	8.15	
291.0	91.0	9.0	9.0	3.79	9.97	9.76	5.23	9.12	9.53	4.33	7.83	3.64	9.24	9.95	9.14	4.01	5.89	6.89	7.44	9.63	5.71	7.34	
292.0	56.0	13.0	13.0	4.06	6.61	4.29	5.89	9.32	4.59	6.48	7.14	9.57	9.82	3.67	8.1	5.02	4.26	7.43	7.78	10.32	8.87	7.88	
293.0	72.0	11.0	11.0	5.06	9.75	5.29	4.73	9.31	6.18	7.23	10.3	9.04	4.93	4.04	7.06	5.15	5.53	7.42	4.4	6.23	6.49	6.79	
294.0	100.0	14.0	14.0	6.85	7.08	6.48	7.22	7.98	8.07	6.11	8.63	10.32	4.61	9.21	10.07	8.3	6.25	7.65	8.61	7.55	6.8	3.55	
295.0	82.0	6.0	6.0	5.63	5.09	4.66	4.41	3.88	5.38	7.73	4.71	6.99	4.12	10.04	9.79	6.68	10.03	4.9	8.28	5.8	8.43	10.27	
296.0	58.0	11.0	11.0	6.01	8.61	3.68	4.43	5.56	5.09	4.95	10.0	6.78	4.38	5.11	4.97	6.17	6.14	8.62	8.31	9.51	7.9	5.63	
297.0	88.0	4.0	4.0	8.03	4.36	8.48	5.47	8.55	3.93	9.56	4.89	9.65	7.42	8.72	8.57	4.4	5.84	6.94	10.22	5.1	5.02	8.19	
298.0	45.0	5.0	5.0	6.49	10.44	9.68	6.74	9.12	9.72	6.75	6.88	8.68	3.92	10.15	9.82	9.66	7.99	5.68	5.01	8.17	4.47	10.324525525836961	
299.0	77.0	8.0	8.0	9.12	9.65	6.1	7.79	4.84	3.61	6.66	10.1	4.93	7.29	8.54	8.25	5.72	5.0	8.21	9.96	5.48	9.29	6.34	
300.0	24.0	14.0	14.0	7.43	10.24	4.0	8.49	8.83	7.13	9.75	4.08	10.29	8.54	5.31	5.43	8.7	9.22	10.24	8.94	6.47	3.89	8.37	
301.0	100.0	14.0	14.0	6.17	4.76	3.77	7.09	3.64	7.3	7.61	10.29	7.2	4.25	8.02	4.03	7.19	6.12	9.0	5.85	9.0	4.03	8.78	
302.0	84.0	12.0	12.0	9.09	4.16	3.89	5.36	8.26	9.02	5.29	9.69	6.44	4.12	7.45	7.85	4.42	8.26	6.39	8.98	4.41	9.08	5.91	
303.0	12.0	5.0	5.0	9.11	7.29	4.75	4.02	7.17	6.29	7.48	4.83	7.45	7.4	5.47	10.5	7.68	7.56	10.18	10.18	4.96	6.25	4.6	
304.0	73.0	13.0	13.0	5.45	10.41	5.72	9.75	7.83	7.26	7.85	9.78	4.95	5.49	4.18	9.17	9.46	10.5	4.71	6.42	9.41	3.66	7.48	
305.0	70.0	11.0	11.0	7.28	6.88	7.26	5.27	9.36	5.62	5.36	6.86	9.34	6.69	6.43	4.51	9.5	6.44	5.72	4.54	10.34	5.34	4.92	
306.0	30.0	14.0	14.0	3.62	10.45	8.64	9.9	7.95	9.36	9.67	5.66	3.91	8.43	10.13	8.28	4.26	5.85	6.42	4.09	3.78	9.34	9.81	
307.0	98.0	15.0	15.0	3.53	4.69	6.9	5.43	7.22	5.59	9.33	3.86	6.23	3.53	5.77	7.32	6.8	4.35	6.43	3.8	4.83	8.73	9.25	
308.0	82.0	6.0	6.0	8.95	5.97	9.99	9.93	9.33	5.82	8.53	4.95	7.32	4.01	10.05	4.27	8.16	9.63	6.78	4.48	8.31	5.74	5.93	
309.0	83.0	5.0	5.0	3.67	6.96	3.76	3.62	6.74	5.09	6.33	5.5	6.47	9.87	8.54	4.56	9.57	8.51	7.95	10.09	4.15	4.07	3.54	
310.0	25.0	12.0	12.0	7.59	5.93	4.88	8.88	8.21	3.84	8.14	4.84	4.87	4.94	3.98	4.71	9.57	6.9	5.96	10.14	10.05	7.74	7.33	
311.0	90.0	4.0	4.0	3.97	4.34	4.49	7.08	3.79	5.8	6.49	9.27	6.8	9.23	10.11	10.0	6.33	8.0	9.95	5.19	6.03	8.75	10.07	
312.0	92.0	10.0	10.0	6.78	5.39	4.11	4.85	3.82	9.27	9.14	7.67	7.92	5.26	8.24	9.3	6.92	4.0	5.37	5.45	4.51	7.42	3.52	
313.0	17.0	11.0	11.0	5.24	9.22	5.03	5.33	3.77	4.26	5.33	3.99	9.56	5.29	4.07	9.92	8.78	4.03	5.23	3.6	6.78	10.29	8.35	
314.0	99.0	12.0	12.0	9.78	5.27	7.62	3.86	3.67	8.36	8.24	7.15	7.77	8.49	3.7	6.81	7.17	7.76	7.38	6.74	4.61	5.52	6.19	
315.0	82.0	6.0	6.0	8.01	5.22	5.66	9.23	9.12	10.37	4.07	3.95	8.74	4.42	6.81	5.74	6.29	5.05	7.46	7.86	5.67	8.06	8.98	
316.0	69.0	12.0	12.0	3.98	4.29	9.17	9.28	8.3	8.09	9.66	8.27	5.53	8.69	7.08	9.8	6.82	7.27	4.17	5.01	4.17	6.96	10.0	
317.0	37.0	5.0	5.0	5.18	5.26	9.56	5.47	9.2	8.11	6.63	5.49	8.78	6.66	8.64	6.99	8.25	4.25	4.46	3.99	10.02	9.63	4.04	
318.0	78.0	8.0	8.0	6.09	5.2	6.68	8.45	7.98	8.27	3.75	6.42	9.37	6.63	7.83	7.25	6.4	5.2	7.59	10.41	7.96	9.53	9.7	
319.0	93.0	4.0	4.0	8.34	5.65	7.0	9.07	6.61	5.0	6.14	6.35	7.0	6.28	3.85	3.5	3.99	3.62	4.8	4.61	4.03	3.57	10.1	
320.0	62.0	7.0	7.0	5.46	3.56	6.44	3.61	7.02	8.34	10.33	7.1	6.04	3.53	5.11	9.5	3.88	6.49	10.19	4.14	10.4	5.01	9.56	
321.0	73.0	13.0	13.0	3.66	8.9	5.19	3.73	4.17	5.41	5.33	4.47	6.15	4.86	7.32	8.93	6.04	5.78	6.42	9.57	8.18	10.37	8.46	
322.0	83.0	5.0	5.0	8.18	9.58	8.45	9.61	5.43	10.33	7.61	5.48	4.43	5.4	5.39	7.38	8.66	9.01	4.14	6.87	5.05	7.75	4.47	
323.0	86.0	15.0	15.0	3.92	4.96	6.22	3.65	7.41	7.91	7.52	3.78	9.11	4.75	9.77	6.18	8.12	7.16	9.46	3.79	5.51	3.81	10.41	
324.0	62.0	7.0	7.0	9.4	7.24	4.33	10.3	6.03	3.82	5.68	8.47	7.22	5.18	4.34	7.02	10.4	9.14	4.43	4.54	5.65	5.49	7.6	
325.0	92.0	10.0	10.0	9.86	10.36	8.25	6.04	7.66	5.59	5.75	8.2	4.79	6.32	8.57	6.76	9.25	6.2	5.81	10.11	6.44	5.91	8.39	
326.0	94.0	13.0	13.0	6.06	9.52	7.94	9.12	5.96	7.89	4.02	6.93	9.29	4.74	6.27	4.39	5.54	5.24	7.15	5.75	5.98	7.27	8.99	
327.0	99.0	12.0	12.0	8.41	8.15	6.6	8.6	7.04	4.01	4.31	10.46	9.84	5.18	5.81	4.97	7.9	9.05	8.63	9.25	8.71	10.2	8.48	
328.0	81.0	3.0	3.0	3.77	9.11	7.94	9.1	6.73	10.15	8.76	5.79	9.7	8.0	4.82	8.69	4.81	5.5	3.87	6.95	9.75	10.12	3.57	
329.0	84.0	12.0	12.0	8.16	9.74	7.86	4.6	6.5	5.7	8.67	9.8	7.77	7.05	4.61	5.05	4.88	9.29	3.79	7.47	7.98	7.41	5.18	
330.0	48.0	13.0	13.0	6.86	10.27	6.36	6.02	6.32	4.69	5.54	9.23	3.66	9.41	5.27	4.19	6.93	4.49	8.04	4.55	8.34	8.7	9.18	
331.0	86.0	15.0	15.0	6.49	7.68	4.9	6.13	10.03	4.37	5.35	8.92	7.84	6.75	8.26	5.6	4.61	3.63	10.21	9.19	10.21	10.44	3.82	
332.0	94.0	13.0	13.0	9.86	10.26	6.86	5.69	4.78	3.92	7.83	9.57	4.0	7.24	4.21	6.05	6.4	5.68	8.86	7.36	5.58	7.98	6.87	
333.0	95.0	8.0	8.0	9.49	3.63	4.64	10.45	9.12	6.43	6.61	8.27	6.5	7.85	8.93	10.33	9.33	3.54	10.07	4.3	10.35	7.23	7.07	
334.0	62.0	7.0	7.0	10.38	8.97	6.27	9.56	3.81	4.99	8.17	9.0	9.17	3.83	6.18	5.68	5.22	9.36	9.23	9.36	5.04	7.48	8.52	
335.0	81.0	3.0	3.0	6.29	9.21	10.16	3.64	10.26	8.52	4.65	4.63	5.62	9.48	9.07	4.78	5.8	7.59	10.23	6.82	6.04	5.46	7.86	
336.0	77.0	8.0	8.0	4.95	8.73	8.98	9.88	4.87	5.31	5.4	4.0	8.13	9.09	8.38	7.26	9.67	10.26	9.25	7.85	8.94	8.45	5.798618506738394	
337.0	45.0	5.0	5.0	4.23	8.01	3.78	9.28	5.49	7.8	7.73	6.88	9.93	8.69	6.28	8.24	3.85	7.02	5.59	7.2	10.08	10.44	7.15	
338.0	91.0	9.0	9.0	5.62	9.38	9.25	9.04	5.94	4.53	5.28	7.69	7.14	8.49	4.88	9.18	10.23	8.46	6.89	6.1	5.68	9.82	10.5	
339.0	63.0	15.0	15.0	10.42	8.2	5.32	10.17	8.69	7.1	7.17	5.64	5.74	8.7	7.86	7.76	3.85	10.03	5.91	8.08	5.44	6.93	8.03	
340.0	96.0	15.0	15.0	9.86	9.29	8.59	10.25	8.16	5.61	6.3	8.11	6.54	6.98	9.07	5.48	4.69	4.17	4.45	9.6	8.22	6.81	9.46	
341.0	99.0	12.0	12.0	8.08	8.38	5.93	6.02	5.74	7.38	6.49	5.74	7.45	4.46	8.34	7.19	9.82	3.55	9.62	5.58	7.58	9.93	5.4	
342.0	84.0	12.0	12.0	4.45	7.33	8.46	8.93	7.0	7.88	6.09	9.65	4.23	10.21	4.01	9.0	5.4	9.18	4.38	5.43	5.97	7.36	3.67	
343.0	68.0	5.0	5.0	5.64	6.84	9.22	7.95	6.63	6.03	6.34	6.39	3.66	6.63	4.7	7.45	9.1	10.09	4.73	3.85	4.62	5.67	5.72	
344.0	48.0	13.0	13.0	3.74	4.86	10.16	8.45	5.25	6.25	7.29	10.3	7.29	8.33	4.82	8.35	5.47	5.29	4.95	5.9	9.87	6.84	7.0	
345.0	93.0	4.0	4.0	5.06	3.79	8.01	4.32	8.38	9.48	4.49	10.2	5.68	3.97	8.71	8.65	4.69	9.89	10.05	7.21	10.43	6.6	9.54	
346.0	95.0	8.0	8.0	3.63	5.12	9.53	4.95	4.11	8.2	10.1	8.83	8.66	5.1	5.03	8.99	8.86	10.47	10.02	8.06	3.96	7.62	4.03	
347.0	98.0	15.0	15.0	9.09	8.5	7.96	8.39	3.53	7.12	6.93	9.96	3.67	7.51	9.92	7.46	9.67	8.89	10.47	8.93	9.44	4.55	8.645913586873423	
348.0	100.0	14.0	14.0	7.53	10.28	8.39	4.39	10.3	8.76	10.41	5.92	9.99	6.69	8.01	10.12	5.26	7.34	8.45	4.58	5.16	9.28	4.641922912672353	
349.0	84.0	12.0	12.0	8.44	3.61	7.58	4.89	6.51	6.7	10.22	8.37	4.98	8.7	8.41	9.16	5.57	6.85	7.04	6.0	10.33	10.41	9.47	
350.0	86.0	15.0	15.0	7.6	3.57	6.65	3.67	6.81	9.49	3.58	4.53	5.81	6.69	9.63	8.62	7.08	3.57	4.6	6.96	8.94	5.21	8.31	
351.0	89.0	14.0	14.0	8.4	4.71	6.32	6.04	9.46	6.14	4.77	3.57	4.37	4.57	4.53	9.26	9.85	4.78	7.87	6.75	7.2	7.35	6.86	
352.0	92.0	10.0	10.0	4.62	6.29	3.82	9.14	8.1	6.21	4.42	4.33	7.69	6.2	10.47	9.37	10.28	5.43	8.07	5.91	3.92	9.52	7.19	
353.0	95.0	8.0	8.0	7.02	6.55	9.89	7.67	4.34	8.45	8.13	9.64	8.37	10.27	7.66	6.72	4.79	8.0	8.93	4.51	9.87	4.98	5.93	
354.0	98.0	15.0	15.0	5.55	9.98	7.62	3.81	7.33	8.94	8.08	6.04	10.35	8.31	9.74	10.06	6.83	5.52	8.25	6.19	6.08	9.23	9.62	
355.0	81.0	3.0	3.0	4.43	9.3	8.8	4.8	8.29	6.37	4.99	9.26	3.52	4.23	4.64	9.56	9.69	5.61	9.2	5.32	9.62	9.47	8.11	
356.0	85.0	3.0	3.0	6.64	10.1	8.24	7.65	5.31	7.41	10.26	8.57	9.9	7.17	7.95	9.97	5.31	5.86	5.63	5.7	10.38	10.47	6.464998828110532	
357.0	87.0	5.0	5.0	6.65	8.54	9.43	4.22	6.46	4.59	5.49	5.56	5.44	7.47	7.05	6.11	5.32	9.66	3.91	3.82	9.25	8.9	9.5	
358.0	34.0	14.0	14.0	7.91	5.05	5.63	7.62	9.43	9.6	8.31	8.49	4.72	7.53	5.82	8.92	6.75	5.22	6.9	6.29	5.56	5.25	5.4	
359.0	64.0	4.0	4.0	7.69	6.52	8.99	3.6	9.74	10.09	4.95	7.04	7.83	4.24	9.17	7.32	6.64	7.76	5.24	9.58	8.52	5.53	10.19	
360.0	58.0	11.0	11.0	7.87	9.74	5.33	5.78	4.43	7.7	9.84	5.38	7.39	7.78	6.92	8.22	7.84	6.94	6.73	5.75	5.71	3.86	8.72	
361.0	81.0	3.0	3.0	6.43	3.84	5.14	6.41	3.89	9.99	5.77	7.83	9.95	10.5	8.6	4.54	8.29	7.53	7.17	9.9	8.99	7.89	9.58	
362.0	83.0	5.0	5.0	6.47	5.11	10.4	7.3	6.07	4.78	5.69	6.83	6.61	4.62	6.85	9.2	4.91	6.11	10.39	7.17	9.07	8.36	5.37	
363.0	86.0	15.0	15.0	6.68	4.65	8.14	7.97	5.51	4.21	9.96	3.66	5.0	6.93	10.16	8.03	7.66	7.93	7.91	8.2	7.71	4.17	5.46	
364.0	88.0	4.0	4.0	4.42	7.81	5.43	3.56	4.68	4.71	7.54	8.15	10.18	4.66	5.87	8.4	4.48	5.89	4.65	4.47	5.52	9.04	5.48	
365.0	92.0	10.0	10.0	7.91	5.1	6.32	6.9	7.83	7.86	7.08	5.24	9.46	5.2	4.07	10.26	9.92	4.92	10.23	6.07	4.18	4.01	9.23	
366.0	94.0	13.0	13.0	5.31	6.75	6.46	6.65	4.09	4.71	9.67	7.23	4.1	8.66	9.46	5.75	4.08	7.09	6.38	9.83	4.42	4.12	7.94	
367.0	77.0	8.0	8.0	9.08	5.47	6.96	9.3	10.37	7.29	3.8	7.46	7.64	8.61	10.31	4.88	5.08	7.58	5.17	3.9	9.09	6.12	7.22	
368.0	59.0	9.0	9.0	10.24	8.46	8.13	9.25	7.49	7.07	5.5	4.35	10.04	9.44	3.79	3.69	6.41	8.11	5.86	4.93	4.09	6.01	5.78	
369.0	51.0	2.0	2.0	10.38	4.11	4.22	4.61	9.38	10.25	7.26	10.14	5.31	8.9	4.84	7.8	3.99	4.87	4.61	6.44	9.04	5.62	5.46	
370.0	87.0	5.0	5.0	4.97	5.34	7.38	5.54	8.97	3.8	7.35	4.27	4.19	6.68	9.79	10.32	7.24	7.53	7.79	3.58	3.79	4.02	6.06	
371.0	89.0	14.0	14.0	6.48	6.31	7.03	4.62	4.42	6.17	9.94	10.17	10.48	8.91	6.75	7.93	5.54	4.56	8.18	3.86	10.27	5.59	6.25	
372.0	92.0	10.0	10.0	9.62	8.23	4.83	6.16	5.17	3.91	6.31	3.77	4.44	4.05	6.44	9.38	9.75	9.96	6.17	5.46	7.19	5.49	4.43	
373.0	96.0	15.0	15.0	9.69	7.16	5.55	10.25	5.72	9.58	6.05	8.25	9.72	8.7	9.28	3.97	8.19	7.41	3.7	5.92	6.74	8.29	5.46	
374.0	91.0	9.0	9.0	6.47	9.25	8.37	8.83	4.76	3.96	9.98	5.87	7.24	7.59	8.27	9.98	10.36	5.48	10.0	9.03	4.93	6.64	10.11	
375.0	78.0	8.0	8.0	9.48	6.97	8.88	6.77	8.33	7.87	10.21	4.64	3.5	9.93	4.05	4.58	6.8	9.26	7.7	4.86	6.72	7.43	10.46	
376.0	24.0	14.0	14.0	8.56	4.42	7.88	4.86	9.01	8.61	9.75	8.92	6.95	7.23	8.38	6.36	6.54	9.53	3.67	9.8	7.59	5.8	9.17	
377.0	89.0	14.0	14.0	7.04	7.23	6.81	10.22	9.35	5.8	7.45	3.95	5.31	5.61	6.1	10.28	6.57	10.29	10.35	9.45	3.99	5.48	4.31	
378.0	90.0	4.0	4.0	8.96	5.45	10.36	5.22	4.85	5.2	8.92	6.35	4.4	5.26	10.19	6.09	7.35	7.46	6.09	6.61	4.41	8.49	3.6	
379.0	91.0	9.0	9.0	7.83	8.61	8.18	5.45	5.77	7.97	6.11	6.9	3.81	10.3	5.51	8.51	3.63	9.11	4.83	6.33	9.23	7.79	5.57	
380.0	96.0	15.0	15.0	5.05	9.76	8.91	9.85	6.19	8.37	9.21	10.11	5.82	3.78	6.99	5.81	6.93	9.33	5.64	4.88	4.54	6.69	8.44	
381.0	99.0	12.0	12.0	3.58	5.59	7.05	5.58	8.87	5.86	3.96	9.63	5.35	10.09	4.48	10.05	6.48	8.71	4.6	5.87	3.71	6.14	10.42	
382.0	78.0	8.0	8.0	8.54	5.71	6.61	6.31	7.36	5.79	9.09	7.88	10.24	5.3	3.64	4.88	4.18	9.89	5.56	6.38	5.04	6.24	10.27	
383.0	73.0	13.0	13.0	8.53	6.88	7.48	7.81	8.65	5.15	7.8	6.54	7.01	8.83	8.59	4.78	8.15	5.74	8.19	5.61	9.32	6.25	8.35	
384.0	88.0	4.0	4.0	7.32	5.05	9.46	7.19	9.28	7.47	10.22	10.12	7.18	5.74	10.19	6.87	8.43	9.97	4.12	4.38	6.59	5.01	4.89	
385.0	30.0	14.0	14.0	4.81	9.07	8.78	8.58	5.36	5.11	7.09	4.4	9.96	6.76	6.22	6.19	9.26	6.68	3.91	5.87	7.72	10.5	5.25	
386.0	96.0	15.0	15.0	7.17	3.59	4.41	9.39	6.46	9.35	10.31	8.05	10.0	6.79	6.54	10.28	5.32	4.76	7.96	7.04	8.04	4.31	5.21	
387.0	98.0	15.0	15.0	4.35	7.71	9.77	3.6	8.65	7.87	5.7	10.06	5.59	10.07	10.07	10.34	8.14	9.16	9.59	9.18	9.85	3.205412049594781	5.950245942656607	
388.0	45.0	5.0	5.0	6.73	6.24	6.46	9.01	4.38	5.82	10.17	3.77	4.91	5.43	6.08	9.17	4.86	7.27	9.66	3.8	7.87	8.29	8.35	
389.0	85.0	3.0	3.0	10.4	3.55	6.44	4.21	6.91	3.64	10.26	8.65	5.16	6.8	10.46	7.97	3.82	7.98	10.21	8.21	5.56	5.05	7.79	
390.0	88.0	4.0	4.0	4.8	8.54	7.59	6.72	10.26	5.89	4.5	10.29	7.03	5.13	3.53	4.09	3.64	7.38	3.56	6.13	8.55	7.91	9.89	
391.0	91.0	9.0	9.0	7.94	8.36	3.75	5.4	9.95	7.86	5.26	9.92	6.61	6.28	7.5	7.22	4.08	4.98	6.48	4.5	8.17	7.97	5.5	
392.0	65.0	11.0	11.0	9.5	10.03	8.01	6.17	6.3	3.94	6.78	5.85	8.73	3.68	7.23	5.98	7.83	9.8	8.9	4.17	7.04	5.3	10.2	
393.0	42.0	4.0	4.0	10.19	7.42	6.49	6.42	4.44	5.2	4.64	4.57	6.98	9.41	5.01	4.86	5.28	8.7	3.68	7.4	5.61	6.63	8.01	
394.0	79.0	7.0	7.0	4.2	5.79	9.84	10.28	6.49	5.12	5.54	9.16	4.28	4.74	4.41	6.64	5.85	9.22	6.76	7.81	3.87	3.8	4.51	
395.0	37.0	5.0	5.0	5.28	3.94	7.7	5.87	8.02	3.9	5.44	7.38	5.11	5.86	4.49	5.89	6.15	5.31	4.14	3.89	4.15	8.88	8.71	
396.0	72.0	11.0	11.0	9.44	10.32	8.67	4.55	7.7	5.52	9.07	6.68	10.35	10.42	7.51	3.65	6.46	10.45	7.22	3.54	9.09	6.63	4.55	
397.0	46.0	14.0	14.0	10.0	5.56	4.27	8.99	9.92	3.88	4.45	6.55	6.22	5.36	9.53	4.7	8.79	10.11	5.85	4.73	9.8	6.98	8.46	
398.0	77.0	8.0	8.0	10.12	9.26	7.66	9.52	8.9	5.83	4.71	4.57	7.34	5.48	5.14	9.79	4.75	6.79	6.81	8.97	4.37	4.27	6.04	
399.0	80.0	3.0	3.0	10.41	5.79	4.27	10.18	3.73	7.29	8.87	8.15	9.93	9.65	4.9	6.2	7.68	10.04	8.31	4.13	3.82	9.2	8.42	
400.0	70.0	11.0	11.0	4.39	4.54	6.54	3.73	7.01	7.09	10.44	6.9	5.01	10.03	3.82	8.73	9.25	8.89	8.15	8.84	6.48	7.05	9.99	
401.0	81.0	3.0	3.0	6.81	10.28	4.28	5.05	8.65	4.54	8.35	4.71	3.81	6.38	7.18	3.82	6.62	8.34	7.72	8.43	7.62	8.3	4.88	
402.0	69.0	12.0	12.0	10.22	9.62	7.82	6.3	3.54	4.55	7.45	9.35	10.15	9.57	4.22	5.95	5.93	8.39	5.45	5.79	8.59	6.3	5.82	
403.0	86.0	15.0	15.0	8.05	3.66	9.16	7.69	9.08	9.33	3.74	7.08	6.37	5.91	3.77	6.64	5.78	9.54	5.91	8.81	8.78	4.47	3.64	
404.0	89.0	14.0	14.0	4.9	8.99	8.22	4.61	10.01	9.77	4.65	8.79	6.4	9.71	6.39	7.84	3.96	6.68	8.88	4.57	10.32	7.41	10.34	
405.0	67.0	3.0	3.0	6.58	5.63	5.19	6.72	5.73	3.53	7.44	10.37	5.79	4.0	5.26	9.8	6.09	4.78	9.63	6.56	5.67	6.03	9.39	
406.0	51.0	2.0	2.0	8.27	8.41	10.37	9.27	7.93	4.17	4.5	9.68	7.1	6.9	6.83	6.77	9.04	7.83	3.99	3.96	8.96	9.25	5.8	
407.0	97.0	9.0	9.0	5.76	3.61	9.77	9.17	7.79	5.3	8.39	3.74	5.19	4.81	9.18	8.48	7.01	9.33	4.76	8.08	7.25	4.2	8.97	
408.0	100.0	14.0	14.0	7.28	7.66	7.44	6.55	8.62	5.87	8.27	4.73	9.61	3.8	4.52	5.42	10.04	5.11	7.16	4.79	4.36	7.84	8.34	
409.0	87.0	5.0	5.0	6.52	8.3	9.07	7.51	8.21	5.19	7.84	5.63	7.25	8.9	3.96	9.61	4.45	6.39	8.59	3.69	7.53	8.4	8.79	
410.0	70.0	11.0	11.0	7.86	6.41	6.39	10.29	6.95	6.21	3.71	7.97	10.27	5.06	8.74	4.12	6.55	3.9	9.22	6.86	8.07	10.22	3.74	
411.0	18.0	2.0	2.0	9.21	10.17	4.46	5.71	7.29	7.81	4.09	5.04	7.49	10.0	7.9	9.92	3.95	7.52	7.66	7.01	9.32	9.28	10.11	
412.0	70.0	11.0	11.0	4.65	4.53	3.66	8.66	6.1	9.61	8.46	8.6	5.2	6.72	6.4	6.95	6.4	5.06	7.19	8.75	8.54	4.3	9.59	
413.0	29.0	2.0	2.0	9.86	3.57	4.36	9.63	10.49	6.64	5.21	9.12	5.24	8.3	7.18	7.77	7.64	8.04	4.03	7.59	5.99	10.13	9.6	
414.0	99.0	12.0	12.0	4.57	5.19	6.49	9.23	9.19	8.79	9.25	4.31	6.09	10.01	4.83	8.71	9.73	7.73	4.71	4.68	6.9	7.49	9.13	
415.0	82.0	6.0	6.0	8.28	4.16	8.29	9.95	3.65	4.52	6.67	7.59	4.59	5.12	8.92	10.1	10.33	8.57	5.8	9.93	4.1	4.76	5.13	
416.0	84.0	12.0	12.0	9.19	4.22	7.19	6.65	5.78	10.06	4.99	9.57	4.27	6.65	9.29	7.71	10.27	8.18	7.89	4.67	7.6	6.4	8.3	
417.0	33.0	14.0	14.0	6.84	9.72	4.55	5.04	6.96	4.15	5.9	5.91	6.26	8.28	10.44	7.4	6.62	6.07	6.75	8.25	4.02	9.85	4.6	
418.0	90.0	4.0	4.0	4.17	5.49	7.59	7.76	4.69	4.19	10.25	8.06	6.08	7.23	9.12	5.48	5.35	7.09	6.95	7.48	4.11	3.63	6.09	
419.0	94.0	13.0	13.0	9.68	6.28	3.87	4.99	10.39	4.91	10.23	5.79	7.16	4.15	10.34	7.91	4.2	3.85	5.94	5.43	5.06	7.56	7.88	
420.0	96.0	15.0	15.0	9.84	5.49	6.54	9.29	4.38	4.78	9.96	4.7	4.06	6.08	6.76	5.73	5.23	7.13	9.44	6.3	4.56	7.65	8.53	
421.0	71.0	11.0	11.0	3.51	8.2	9.9	6.01	10.0	5.19	6.73	8.55	6.46	7.22	3.56	9.55	8.25	9.88	7.17	6.16	9.68	6.05	9.89	
422.0	47.0	15.0	15.0	7.76	8.99	9.68	4.45	5.83	6.96	8.81	3.67	7.3	10.45	5.61	3.7	5.65	9.92	7.38	9.48	9.07	8.39	7.29	
423.0	69.0	12.0	12.0	9.3	5.56	10.29	3.8	9.05	8.07	6.25	5.64	7.33	5.9	10.38	7.39	8.94	7.24	6.02	3.59	8.58	6.71	6.96	
424.0	88.0	4.0	4.0	8.65	4.45	8.88	6.52	3.82	8.88	9.37	8.65	3.52	9.55	8.06	9.17	9.16	7.83	7.53	10.38	10.17	4.81	2.428402802685841	
425.0	93.0	4.0	4.0	9.91	9.84	10.29	4.06	8.65	5.41	6.63	10.11	10.09	7.4	6.85	7.93	3.63	10.17	5.84	7.14	6.75	7.42	10.309918361889318	
426.0	70.0	11.0	11.0	8.86	3.59	7.67	8.4	8.6	8.46	3.71	8.84	8.94	4.14	9.12	7.7	8.07	10.42	6.12	5.81	7.76	4.36	9.43	
427.0	98.0	15.0	15.0	6.42	10.42	6.89	4.74	10.1	3.58	6.77	5.75	6.35	10.07	5.35	10.03	9.07	8.05	9.92	4.42	8.45	6.65	5.12	
428.0	82.0	6.0	6.0	7.87	4.24	6.01	5.44	5.05	7.82	4.21	7.26	7.14	4.43	4.4	5.97	9.78	6.88	5.5	9.55	4.64	4.35	8.99	
429.0	83.0	5.0	5.0	8.89	5.31	6.89	8.52	5.15	7.93	5.87	9.32	10.2	8.86	5.32	5.06	9.81	7.85	5.35	10.29	4.55	8.19	5.78	
430.0	88.0	4.0	4.0	9.72	4.01	9.6	7.83	7.49	5.93	9.04	8.49	8.82	9.68	9.72	9.45	3.84	10.02	9.76	6.87	6.64	6.89	10.301202087901066	
431.0	47.0	15.0	15.0	9.05	4.0	8.31	7.98	8.23	4.12	4.3	5.76	9.63	9.88	9.43	10.48	7.4	6.19	8.55	7.45	10.0	8.24	2.467938414652206	
432.0	52.0	4.0	4.0	8.97	8.69	7.41	8.73	9.88	9.06	7.95	5.83	4.54	5.95	5.54	9.53	6.96	5.22	10.45	10.18	5.66	8.49	2.9245462699629647	
433.0	47.0	15.0	15.0	7.78	8.51	4.33	8.96	10.01	8.94	5.49	3.63	6.01	10.1	4.91	5.75	8.86	7.36	7.16	3.74	6.09	6.74	5.67	
434.0	99.0	12.0	12.0	10.18	4.83	5.57	10.0	9.96	7.27	7.62	4.36	9.14	6.93	4.06	9.55	10.2	4.55	8.49	10.31	4.44	4.68	8.25	
435.0	62.0	7.0	7.0	5.19	8.74	7.62	7.84	4.51	3.71	6.56	9.7	7.17	9.78	8.88	6.31	8.33	5.96	10.4	8.02	10.23	5.38	4.78	
436.0	77.0	8.0	8.0	4.53	8.98	5.59	8.55	4.26	6.59	9.71	9.06	5.75	5.92	4.93	4.89	9.06	8.5	7.82	7.35	5.41	3.68	6.55	
437.0	74.0	1.0	1.0	9.41	8.2	9.9	3.81	4.88	9.42	4.75	10.26	8.12	6.89	10.49	10.06	6.79	6.5	9.7	8.42	4.22	10.39	7.265541919195384	
438.0	36.0	15.0	15.0	8.28	5.18	4.97	7.79	5.06	8.19	8.06	8.94	4.23	7.65	4.06	4.35	9.37	4.8	6.27	7.68	4.29	5.5	4.04	
439.0	50.0	9.0	9.0	7.13	8.17	7.25	9.26	7.63	8.45	6.8	8.11	6.33	4.15	5.06	8.01	7.61	5.95	10.18	6.02	4.85	10.29	4.04	
440.0	57.0	14.0	14.0	5.83	4.67	7.35	7.16	8.38	7.32	8.63	4.64	9.03	4.06	4.18	7.62	6.96	8.62	10.49	7.78	8.26	8.46	3.62	
441.0	72.0	11.0	11.0	3.61	4.13	8.75	4.31	6.8	7.64	6.76	9.1	9.28	8.75	4.22	7.61	5.37	9.03	5.93	6.13	7.47	9.44	8.53	
442.0	82.0	6.0	6.0	4.91	5.67	3.85	7.72	4.24	5.28	7.32	4.51	6.21	4.21	8.82	8.96	10.04	7.87	6.45	6.81	7.28	9.4	5.14	
443.0	86.0	15.0	15.0	6.71	8.91	4.18	5.93	3.87	10.1	5.25	3.73	9.6	3.76	5.84	8.71	9.98	4.81	7.54	8.07	7.82	7.44	8.8	
444.0	88.0	4.0	4.0	9.96	8.19	7.41	6.87	8.09	5.62	8.8	9.73	7.01	4.72	8.07	8.44	5.9	10.22	4.4	6.89	7.96	10.12	10.394966176982075	
445.0	92.0	10.0	10.0	6.02	7.13	7.24	4.28	5.06	7.4	8.28	4.68	7.94	4.62	8.99	8.4	9.69	8.48	8.5	5.66	5.57	6.44	9.77	
446.0	55.0	6.0	6.0	5.19	7.93	6.75	9.52	4.79	10.09	5.22	6.82	5.6	5.34	5.0	9.43	7.6	10.12	4.25	3.84	8.37	7.86	9.66	
447.0	49.0	12.0	12.0	7.11	10.35	4.31	8.59	4.63	8.86	5.51	5.6	8.3	3.7	5.02	9.97	9.73	5.47	6.26	3.75	3.83	7.72	10.45	
448.0	81.0	3.0	3.0	6.79	8.24	6.34	4.05	9.74	8.81	9.7	7.47	5.78	7.5	5.21	9.5	3.86	7.44	5.33	10.46	5.41	5.65	3.58	
449.0	84.0	12.0	12.0	10.16	4.74	3.85	3.78	5.54	7.16	7.6	5.64	5.28	6.92	7.14	3.77	4.58	6.63	7.74	9.71	9.48	4.13	10.01	
450.0	86.0	15.0	15.0	4.36	5.48	7.42	8.88	10.26	6.04	3.5	8.33	10.31	7.43	3.63	3.85	8.61	6.56	7.81	5.47	8.99	10.01	3.65	
451.0	22.0	6.0	6.0	6.27	8.76	9.13	7.17	8.51	7.7	9.04	8.52	10.08	9.15	10.45	5.81	7.78	5.96	9.83	4.73	9.47	8.711959008113215	6.302700860073377	
452.0	48.0	13.0	13.0	9.4	9.45	4.81	8.13	5.36	8.0	4.76	9.5	8.6	4.3	7.23	4.7	7.28	10.42	8.23	3.99	7.92	6.97	3.62	
453.0	74.0	1.0	1.0	6.52	10.5	6.99	5.0	6.53	4.53	7.29	4.9	9.24	8.1	7.02	8.56	6.13	3.64	6.86	10.26	5.09	9.66	6.99	
454.0	61.0	12.0	12.0	8.09	5.32	7.12	5.35	8.36	10.1	7.32	5.81	4.56	5.72	3.83	3.9	7.58	5.36	9.0	7.56	9.09	6.47	5.86	
455.0	68.0	5.0	5.0	10.07	9.74	9.18	10.25	9.77	3.71	8.33	8.19	5.27	8.98	4.08	9.96	7.99	4.92	10.23	4.21	3.91	10.38	0.9787339251735097	
456.0	29.0	2.0	2.0	9.7	5.35	6.33	6.77	7.02	5.34	6.21	4.12	9.68	5.42	4.38	8.61	5.69	8.5	6.36	7.71	4.82	7.71	9.26	
457.0	69.0	12.0	12.0	8.38	6.48	10.04	8.37	6.96	8.76	4.91	4.63	9.32	6.71	4.9	4.22	6.84	7.92	7.45	9.42	9.29	4.73	8.53	
458.0	50.0	9.0	9.0	8.85	4.12	9.87	3.87	8.05	4.92	6.06	4.33	6.81	3.63	7.98	5.48	4.71	8.47	9.02	3.88	6.05	3.7	8.71	
459.0	48.0	13.0	13.0	8.71	5.39	4.78	6.42	9.25	9.13	10.16	3.67	10.06	7.72	5.28	7.36	7.31	6.03	4.18	10.34	6.67	10.33	5.78	
460.0	97.0	9.0	9.0	9.77	5.61	6.46	5.79	7.31	9.3	7.61	6.71	7.79	9.78	7.86	6.74	5.67	6.24	9.17	5.7	5.59	6.44	10.3	
461.0	46.0	14.0	14.0	7.69	4.77	8.77	7.28	10.02	4.62	9.76	10.13	7.41	3.92	10.02	4.19	9.14	9.26	7.75	7.69	4.75	4.81	8.57	
462.0	59.0	9.0	9.0	4.57	8.14	7.65	10.23	6.28	6.83	3.75	5.18	7.01	6.29	9.53	5.94	9.99	4.38	7.54	3.82	6.57	9.44	7.48	
463.0	85.0	3.0	3.0	10.44	6.05	4.09	5.53	8.29	6.53	9.15	9.11	9.74	4.97	6.37	7.1	5.64	8.2	9.67	8.8	3.65	9.83	6.11	
464.0	89.0	14.0	14.0	6.17	6.12	8.65	7.17	6.69	6.94	7.57	10.17	4.06	5.42	6.15	5.4	10.08	3.86	3.69	4.18	4.51	10.05	5.1	
465.0	41.0	15.0	15.0	5.91	3.77	5.78	7.7	5.27	4.25	5.31	3.96	4.34	6.35	8.17	7.06	7.35	8.83	9.74	5.93	6.45	7.14	7.58	
466.0	62.0	7.0	7.0	5.01	5.9	6.68	7.64	10.02	4.59	4.24	9.17	6.36	7.48	8.33	6.5	9.11	8.33	6.9	9.51	6.24	3.91	9.49	
467.0	16.0	14.0	14.0	9.5	7.52	4.1	8.31	7.23	8.23	6.34	8.47	7.57	9.15	5.89	7.01	4.04	7.02	7.24	7.04	8.34	9.72	8.47	
468.0	100.0	14.0	14.0	8.35	9.77	9.67	5.79	5.46	6.04	9.2	5.89	8.67	7.6	5.1	6.86	8.52	7.1	4.07	5.02	9.0	9.9	6.31	
469.0	45.0	5.0	5.0	9.65	6.06	7.35	6.22	8.89	9.99	7.51	6.1	9.16	5.34	4.99	5.28	7.19	9.87	4.93	9.06	5.83	4.2	5.76	
470.0	87.0	5.0	5.0	5.16	9.99	8.29	6.25	6.36	4.43	6.23	7.96	5.21	4.54	5.35	10.45	7.87	6.99	8.67	8.26	8.86	6.69	10.3	
471.0	63.0	15.0	15.0	9.51	4.77	9.84	7.06	4.74	6.09	3.78	5.84	5.1	7.56	7.53	8.36	6.03	7.04	4.45	9.11	4.15	5.45	6.7	
472.0	92.0	10.0	10.0	6.26	7.88	5.65	9.17	5.2	6.16	9.21	8.45	9.59	6.24	5.52	7.42	6.99	6.76	6.99	6.93	5.19	3.88	8.77	
473.0	97.0	9.0	9.0	7.21	5.0	5.46	9.36	6.07	7.42	6.15	6.19	5.72	9.88	3.82	9.84	6.84	3.88	5.63	6.17	8.68	7.67	7.24	
474.0	98.0	15.0	15.0	9.23	7.93	10.1	7.69	9.44	4.69	9.94	9.25	4.31	5.52	8.27	10.44	4.05	4.34	4.91	10.17	7.01	8.96	9.1	
475.0	29.0	2.0	2.0	8.91	6.67	4.81	4.81	4.66	8.99	6.81	5.04	3.77	5.26	3.51	9.1	8.98	8.3	7.82	7.0	4.14	6.61	7.46	
476.0	85.0	3.0	3.0	6.39	8.4	7.5	8.85	6.5	6.78	8.86	8.55	10.04	6.25	9.44	8.32	10.04	4.96	4.77	8.55	9.21	9.16	8.766176948531081	
477.0	66.0	12.0	12.0	9.85	5.14	6.78	5.62	7.25	5.3	8.11	6.01	10.17	6.79	7.9	3.63	5.65	9.61	5.51	5.8	6.65	7.21	5.44	
478.0	75.0	8.0	8.0	5.34	9.34	8.02	8.03	8.94	10.33	8.61	7.48	9.8	9.02	6.35	3.75	6.83	6.55	9.36	8.79	5.15	8.2	9.797135158906357	
479.0	95.0	8.0	8.0	6.86	6.91	4.13	8.27	7.54	10.31	4.24	8.87	5.26	4.11	4.26	6.35	9.74	9.03	6.12	5.24	3.51	6.35	4.86	
480.0	33.0	14.0	14.0	7.63	4.81	4.83	6.7	9.75	3.93	6.49	4.48	9.53	5.34	7.61	8.19	6.34	3.62	6.65	6.8	4.96	7.9	4.54	
481.0	81.0	3.0	3.0	4.95	5.27	7.22	4.77	8.6	6.24	7.76	8.04	5.11	7.36	4.58	4.16	5.44	6.8	5.64	9.46	5.08	7.61	9.01	
482.0	79.0	7.0	7.0	7.3	5.88	10.15	7.48	8.9	7.17	5.44	4.88	6.7	9.56	5.67	8.32	10.36	6.51	6.44	6.97	6.13	6.52	9.2	
483.0	85.0	3.0	3.0	5.86	4.96	5.66	4.38	4.78	6.11	3.77	5.31	10.0	7.37	9.94	4.1	7.45	7.4	7.77	8.44	9.95	5.32	4.85	
484.0	62.0	7.0	7.0	9.56	9.65	9.21	9.52	9.21	8.89	7.68	10.29	7.45	9.46	4.9	9.25	9.44	4.24	4.37	7.76	9.74	2.5249768375173973	2.3362151540781135	
485.0	70.0	11.0	11.0	3.97	10.18	4.37	9.35	8.25	9.48	4.46	10.4	7.42	3.84	9.26	6.05	4.25	5.91	8.73	6.19	5.8	5.28	6.38	
486.0	95.0	8.0	8.0	5.74	9.8	4.16	8.16	5.77	8.57	6.35	5.61	8.76	6.05	5.51	6.41	4.01	5.9	6.86	4.64	8.77	7.78	10.2	
487.0	42.0	4.0	4.0	7.02	8.47	8.99	10.35	6.87	5.3	8.38	5.97	6.29	6.49	5.81	4.58	6.91	7.33	5.59	7.35	9.54	9.63	6.47	
488.0	77.0	8.0	8.0	7.25	4.55	9.84	3.9	7.45	5.91	9.67	4.01	6.01	5.55	8.49	7.63	9.0	9.84	9.4	9.91	8.48	4.34	4.43	
489.0	66.0	12.0	12.0	8.92	4.07	4.12	3.87	9.26	7.5	5.45	9.02	7.02	9.48	8.94	8.85	9.57	6.05	3.61	5.31	3.74	8.65	8.4	
490.0	46.0	14.0	14.0	5.15	7.43	3.75	10.08	8.13	5.08	8.68	10.11	5.74	7.07	9.91	3.65	6.86	8.17	9.68	7.05	10.26	5.26	7.61	
491.0	28.0	8.0	8.0	10.34	6.38	9.38	7.46	10.47	9.36	10.04	4.59	8.86	5.61	6.57	7.1	8.35	4.32	5.78	10.19	4.9	9.7	4.309341698530377	
492.0	53.0	12.0	12.0	7.12	5.98	8.48	9.68	3.89	4.37	6.41	6.31	9.09	9.52	9.7	8.27	6.95	7.91	10.5	9.27	4.88	3.91	3.87	
493.0	97.0	9.0	9.0	5.9	5.04	5.95	6.84	8.2	10.12	5.82	9.67	7.47	7.58	5.14	5.64	8.0	6.64	3.64	6.57	5.95	5.49	10.08	
494.0	75.0	8.0	8.0	4.5	9.71	4.98	3.68	6.54	4.83	7.12	9.66	5.61	7.05	3.77	6.08	5.94	5.4	7.21	8.61	9.52	7.34	5.57	
495.0	60.0	3.0	3.0	8.57	4.53	6.11	7.69	4.03	7.87	5.73	5.97	9.68	8.5	5.34	10.0	8.3	8.32	9.52	9.85	4.54	5.78	10.31	
496.0	79.0	7.0	7.0	7.53	5.0	3.82	4.42	4.82	5.29	5.16	6.51	7.87	5.44	7.9	4.65	6.54	7.93	4.5	7.11	3.95	8.1	3.95	
497.0	44.0	3.0	3.0	9.82	7.02	8.86	9.5	8.31	8.9	8.35	5.44	8.98	7.84	7.81	3.85	10.08	8.67	5.64	5.67	7.61	9.09	3.4108561627386136	
498.0	78.0	8.0	8.0	6.84	7.77	4.95	8.47	7.48	8.21	4.37	7.22	10.38	5.36	9.07	9.88	4.53	5.14	8.11	9.72	6.11	5.35	8.54	
499.0	78.0	8.0	8.0	4.53	7.5	7.03	7.1	5.12	9.84	6.43	9.92	4.57	10.42	9.35	6.26	4.71	3.67	3.64	10.05	5.16	5.05	6.69	
500.0	1.0	11.0	11.0	9.1	8.96	10.06	4.34	8.79	4.82	7.7	5.16	10.38	7.65	6.98	4.14	7.48	9.06	6.64	9.53	9.5	9.24	4.518387260193276	
501.0	67.0	3.0	3.0	5.88	4.86	8.72	7.49	4.84	9.43	6.39	7.16	9.83	9.69	7.07	6.02	5.51	5.57	4.51	3.66	3.55	7.64	7.66	
502.0	7.0	11.0	11.0	4.13	6.78	5.85	10.03	4.15	9.91	9.1	9.97	7.72	3.9	7.79	9.21	8.16	9.88	8.26	4.08	10.23	10.28	4.636761193122571	
503.0	86.0	15.0	15.0	8.45	4.37	7.18	6.59	10.36	7.01	3.92	9.99	3.71	7.26	3.63	4.15	6.38	9.1	5.47	6.33	8.73	8.75	6.96	
504.0	80.0	3.0	3.0	6.17	6.6	3.82	8.29	7.78	9.39	6.94	4.77	6.02	4.15	9.04	9.31	8.36	5.03	7.33	7.0	8.6	9.3	5.62	
505.0	45.0	5.0	5.0	10.26	9.42	5.8	5.33	8.84	6.31	8.13	5.63	10.24	9.96	6.54	3.58	10.33	8.17	4.8	7.87	9.86	6.14	4.91	
506.0	25.0	12.0	12.0	6.59	4.01	4.06	6.85	8.18	5.39	4.7	10.21	5.22	9.16	4.56	5.98	4.26	3.72	4.32	6.46	5.54	7.97	8.78	
507.0	72.0	11.0	11.0	6.98	6.22	9.36	6.28	7.85	4.24	5.81	5.26	7.65	5.69	8.55	6.81	4.66	4.14	7.5	5.8	7.31	10.07	10.46	
508.0	81.0	3.0	3.0	9.88	7.09	3.78	7.74	8.82	8.11	6.51	6.46	7.1	9.44	6.71	4.58	4.14	5.1	6.57	4.61	4.78	6.26	9.21	
509.0	77.0	8.0	8.0	8.78	8.56	9.62	8.98	9.43	4.85	4.18	8.38	7.44	6.98	6.26	6.72	5.6	4.87	4.76	4.28	7.81	3.97	8.5	
510.0	80.0	3.0	3.0	5.96	9.62	5.54	4.0	10.4	10.41	10.46	6.33	5.48	10.41	4.63	8.98	10.05	6.84	9.14	6.57	4.77	6.92	5.7	
511.0	78.0	8.0	8.0	8.89	4.59	8.84	4.04	9.75	5.97	8.15	9.07	7.56	6.13	6.19	7.37	9.6	6.96	3.97	9.94	5.54	5.23	4.95	
512.0	94.0	13.0	13.0	4.23	7.64	3.84	8.58	8.49	4.48	6.49	5.68	9.31	9.19	5.9	4.14	8.15	9.55	5.39	9.65	9.98	7.45	4.45	
513.0	62.0	7.0	7.0	4.64	6.28	10.38	4.05	7.93	7.49	4.01	4.54	4.72	6.4	9.23	5.52	7.29	10.45	7.73	5.15	8.62	4.93	3.57	
514.0	61.0	12.0	12.0	5.82	9.99	8.46	9.92	6.71	9.32	4.58	6.6	10.02	9.5	10.14	6.39	4.32	3.52	9.99	10.28	8.0	5.65	0.5493459273552939	
515.0	69.0	12.0	12.0	4.57	8.6	3.98	7.65	10.23	3.62	7.88	10.48	7.33	5.31	7.07	7.72	8.15	8.28	8.33	7.49	4.28	8.58	8.26	
516.0	84.0	12.0	12.0	6.05	8.19	7.67	8.04	3.79	5.06	5.48	7.83	10.24	4.41	8.74	5.19	9.65	4.65	6.25	4.87	5.3	10.05	7.08	
517.0	89.0	14.0	14.0	6.8	4.3	4.49	7.91	5.82	7.9	8.11	6.93	4.3	4.21	7.52	9.37	7.36	5.23	3.85	6.1	4.9	7.58	6.11	
518.0	69.0	12.0	12.0	5.52	7.45	3.71	9.97	6.92	3.97	8.53	4.4	6.63	3.65	5.37	5.78	9.83	10.14	9.39	8.35	7.46	7.18	5.75	
519.0	75.0	8.0	8.0	3.66	9.1	10.35	7.99	8.75	6.0	10.24	4.41	8.93	5.86	4.6	4.3	6.9	6.6	9.87	6.85	6.42	7.1	7.47	
520.0	71.0	11.0	11.0	6.56	10.3	5.05	8.09	5.34	7.03	4.73	5.01	9.46	9.68	5.87	5.42	3.55	4.91	5.97	9.11	6.9	5.43	4.64	
521.0	99.0	12.0	12.0	8.42	9.46	5.5	6.03	6.08	10.28	9.46	3.73	6.99	4.36	7.8	9.62	10.25	6.54	5.32	8.62	8.26	6.37	8.37	
522.0	83.0	5.0	5.0	4.41	5.36	10.44	8.37	3.52	9.81	6.39	4.14	8.21	5.72	5.35	5.29	8.59	9.79	10.31	8.23	5.35	9.01	9.55	
523.0	78.0	8.0	8.0	8.72	6.75	5.84	8.25	6.19	6.5	8.43	5.34	4.96	4.97	4.07	5.49	10.45	7.85	7.31	9.51	5.7	10.15	6.46	
524.0	76.0	6.0	6.0	8.92	8.79	7.28	4.23	9.57	8.31	5.1	8.77	3.52	5.2	7.46	4.89	10.02	5.27	4.54	6.05	4.44	5.3	7.62	
525.0	91.0	9.0	9.0	4.38	5.61	5.1	8.64	5.57	10.13	4.18	5.68	8.46	4.9	5.8	8.16	3.8	6.77	9.26	7.91	6.87	7.47	6.03	
526.0	94.0	13.0	13.0	5.07	9.91	6.75	9.51	6.2	8.54	7.95	8.39	8.67	7.24	7.95	4.82	3.58	7.72	3.93	5.63	10.39	3.91	9.44	
527.0	99.0	12.0	12.0	8.67	7.18	5.19	4.61	6.34	5.0	8.25	8.23	9.27	9.56	7.96	7.78	7.94	8.77	4.26	5.55	6.9	10.26	10.05	
528.0	27.0	13.0	13.0	7.63	7.2	5.22	9.4	7.68	9.78	7.13	7.1	9.77	8.78	5.03	7.97	9.76	4.21	5.03	7.82	6.53	4.73	4.97	
529.0	83.0	5.0	5.0	10.3	10.48	6.75	6.78	7.9	9.45	4.2	9.62	6.15	4.83	9.22	8.65	7.4	9.33	5.58	4.65	3.66	5.7	7.62	
530.0	11.0	4.0	4.0	3.78	6.09	6.76	9.57	3.57	7.92	8.59	6.82	3.89	5.56	6.82	4.02	6.01	10.35	8.95	10.33	7.1	4.8	9.46	
531.0	61.0	12.0	12.0	5.97	4.75	6.58	8.88	9.91	4.43	8.02	9.41	7.58	5.52	4.18	5.29	10.08	4.91	7.01	6.07	3.86	3.56	4.13	
532.0	42.0	4.0	4.0	5.03	4.25	7.92	5.0	7.15	6.82	9.76	6.66	3.83	10.06	5.34	8.29	8.66	4.74	5.28	7.35	5.14	9.18	8.34	
533.0	69.0	12.0	12.0	8.26	10.49	3.88	6.04	9.21	8.06	5.87	4.21	10.36	8.8	4.59	5.44	6.59	4.23	10.22	3.95	6.92	9.95	8.77	
534.0	100.0	14.0	14.0	7.7	5.02	9.11	4.44	7.2	6.16	3.95	9.62	3.97	6.16	6.05	9.43	6.11	7.92	4.73	6.93	7.79	8.96	3.96	
535.0	82.0	6.0	6.0	5.09	6.15	6.51	7.64	6.07	9.82	9.33	9.63	4.36	6.13	3.65	9.28	8.01	6.23	8.16	8.25	9.41	9.49	7.19	
536.0	67.0	3.0	3.0	6.28	4.4	8.99	6.21	7.6	7.26	3.62	8.53	4.66	4.31	5.9	3.71	10.03	9.57	6.06	5.71	4.45	8.95	4.38	
537.0	73.0	13.0	13.0	6.48	6.36	8.66	4.2	10.03	6.55	4.61	9.39	6.02	8.71	7.5	8.05	7.89	7.92	4.23	10.04	9.99	7.48	5.56	
538.0	51.0	2.0	2.0	7.53	4.66	7.06	5.35	7.11	5.98	9.74	5.23	3.86	5.58	4.87	4.94	6.3	6.8	9.27	4.29	4.04	10.09	4.59	
539.0	93.0	4.0	4.0	4.12	7.24	4.86	9.04	4.34	8.23	6.54	10.23	5.69	9.69	9.47	8.97	6.29	4.12	3.99	4.75	4.91	7.13	9.42	
540.0	96.0	15.0	15.0	8.96	4.04	6.89	9.76	7.07	9.19	5.94	6.87	5.16	6.68	6.65	4.2	7.59	5.33	8.82	8.37	7.38	6.5	7.17	
541.0	99.0	12.0	12.0	5.37	3.76	8.48	8.18	6.98	5.34	6.77	8.27	7.64	5.12	6.44	6.53	10.11	10.47	7.62	8.39	3.77	9.22	8.9	
542.0	42.0	4.0	4.0	6.92	5.1	9.96	8.3	9.35	7.82	4.36	6.69	8.76	6.58	7.74	8.29	6.07	10.26	8.17	4.96	10.0	4.69	8.89	
543.0	11.0	4.0	4.0	6.56	9.74	7.54	6.03	9.51	9.79	8.56	4.08	3.74	5.73	5.62	5.77	7.97	10.0	6.36	5.58	6.45	7.88	3.68	
544.0	88.0	4.0	4.0	9.39	9.04	6.41	9.44	8.19	7.61	8.12	9.72	4.28	4.51	7.88	7.39	8.18	9.93	7.25	8.84	10.45	9.76	7.182824734470351	
545.0	73.0	13.0	13.0	8.29	8.79	4.48	10.25	6.1	3.63	9.66	4.91	6.89	8.79	6.55	8.48	8.92	8.11	5.02	5.89	8.4	3.72	9.15	
546.0	78.0	8.0	8.0	5.4	5.67	9.32	8.83	5.79	4.65	8.65	3.65	5.86	6.36	9.65	4.52	6.23	7.3	7.35	4.95	9.49	7.68	5.2	
547.0	47.0	15.0	15.0	7.11	10.48	3.83	5.93	4.77	10.11	8.41	9.54	4.31	4.46	7.14	4.11	7.74	4.13	4.71	7.05	4.98	5.51	7.47	
548.0	61.0	12.0	12.0	10.48	6.83	4.51	6.32	9.91	7.84	6.92	7.51	3.5	7.88	6.2	8.79	7.05	4.45	8.75	4.73	3.73	7.39	7.41	
549.0	85.0	3.0	3.0	8.72	10.33	4.69	5.19	5.72	7.49	5.03	8.77	6.63	5.29	9.22	8.39	7.36	8.76	5.29	4.77	7.54	8.42	6.15	
550.0	86.0	15.0	15.0	5.08	9.86	9.37	3.52	7.99	10.43	3.61	8.98	6.66	9.46	4.2	4.76	6.68	9.71	6.97	5.57	8.68	4.68	5.75	
551.0	91.0	9.0	9.0	8.95	7.21	8.57	3.67	9.13	8.75	3.71	5.53	6.53	6.71	5.26	4.07	4.35	3.76	5.41	5.49	8.27	5.22	10.2	
552.0	21.0	9.0	9.0	5.72	8.91	6.43	5.8	5.47	3.55	10.36	8.78	8.85	7.85	8.35	8.31	9.6	4.02	5.59	8.29	5.61	3.89	6.43	
553.0	54.0	10.0	10.0	5.93	10.08	5.3	5.08	7.71	8.93	10.49	4.14	5.41	8.03	4.87	7.43	9.37	6.05	8.29	3.8	8.47	8.6	8.03	
554.0	64.0	4.0	4.0	5.45	3.95	4.12	7.16	8.33	7.53	4.4	8.58	5.5	9.36	9.23	6.76	7.57	7.86	9.77	5.94	9.44	4.63	9.88	
555.0	82.0	6.0	6.0	6.65	10.43	6.24	6.83	8.63	5.04	4.49	8.49	7.85	6.27	3.64	10.17	5.68	8.22	4.25	8.14	4.61	6.93	7.97	
556.0	84.0	12.0	12.0	8.3	6.93	7.52	4.23	9.22	4.78	5.39	7.9	9.24	9.4	6.94	3.99	6.69	4.33	9.81	5.71	6.18	4.74	8.47	
557.0	87.0	5.0	5.0	7.02	3.68	7.71	8.23	9.41	8.5	7.93	3.91	5.08	9.88	8.91	5.92	8.17	6.44	8.6	8.32	7.68	8.76	8.38	
558.0	50.0	9.0	9.0	6.14	4.95	8.48	7.54	5.62	8.67	4.64	7.41	5.5	6.5	10.42	6.34	4.08	6.14	5.11	5.04	5.75	6.67	8.42	
559.0	46.0	14.0	14.0	4.03	6.92	8.81	8.35	5.08	9.84	8.87	10.0	9.3	9.51	9.42	5.46	3.5	5.67	5.32	8.05	9.37	8.07	6.02	
560.0	56.0	13.0	13.0	6.97	5.85	9.21	5.69	5.84	9.55	4.17	9.72	4.39	3.66	8.08	5.46	8.13	3.6	7.9	9.05	3.97	3.76	10.37	
561.0	81.0	3.0	3.0	8.63	8.86	4.64	5.95	7.86	4.74	7.37	7.65	8.34	4.42	3.82	3.8	4.43	9.46	8.5	9.39	10.27	7.66	7.42	
562.0	84.0	12.0	12.0	7.9	4.15	8.76	3.87	9.46	3.71	6.69	10.03	4.45	8.51	5.91	6.85	6.62	10.47	8.06	5.25	9.77	7.57	5.43	
563.0	86.0	15.0	15.0	8.4	7.09	10.35	8.35	10.46	5.88	9.05	3.99	7.94	5.36	4.4	8.98	4.19	7.55	9.34	9.68	9.71	5.3	5.39	
564.0	88.0	4.0	4.0	7.99	9.63	7.91	6.3	10.15	4.25	10.22	9.59	3.8	5.99	5.3	5.79	4.26	9.21	9.11	3.86	10.32	4.3	7.74	
565.0	91.0	9.0	9.0	4.03	5.86	3.68	7.47	3.93	8.45	3.76	7.55	10.44	8.62	6.59	5.93	8.83	4.72	5.51	9.17	4.36	4.51	3.84	
566.0	94.0	13.0	13.0	9.37	5.35	9.68	10.34	4.24	9.55	10.26	8.5	9.9	6.68	8.13	9.31	8.22	9.4	4.44	6.45	6.17	6.03	0.9676906202599533	
567.0	98.0	15.0	15.0	9.92	5.67	4.0	4.92	5.8	7.05	4.76	5.37	9.48	4.91	3.81	7.5	4.45	9.27	6.0	7.04	4.86	6.1	10.31	
568.0	100.0	14.0	14.0	4.59	4.18	7.59	10.03	8.12	4.78	7.68	4.33	8.13	9.54	8.31	4.76	10.08	3.75	10.3	6.48	3.91	7.69	6.06	
569.0	83.0	5.0	5.0	9.17	9.77	3.61	9.9	5.83	8.76	7.3	6.83	9.06	9.37	3.82	8.97	3.7	4.81	5.06	5.6	10.33	9.86	7.14	
570.0	87.0	5.0	5.0	8.29	9.02	9.3	4.5	7.21	9.69	3.89	8.02	4.18	9.21	7.4	7.23	8.64	10.34	7.47	9.07	10.39	6.88	7.555296135720132	
571.0	89.0	14.0	14.0	5.11	9.85	5.35	6.32	8.27	9.13	10.47	8.49	8.73	7.82	4.83	4.54	4.31	4.64	6.26	4.57	5.45	7.52	10.43	
572.0	92.0	10.0	10.0	4.78	5.17	5.49	10.05	5.26	8.76	9.6	7.87	4.91	3.58	9.95	6.93	10.22	6.12	7.75	9.28	4.46	9.21	8.72	
573.0	95.0	8.0	8.0	7.42	7.57	3.74	8.74	7.77	3.9	9.02	10.18	9.64	8.29	6.45	5.82	4.43	9.57	6.15	5.96	3.61	3.52	3.61	
574.0	98.0	15.0	15.0	7.9	3.99	7.74	7.89	5.45	7.14	3.91	5.75	7.05	3.67	8.58	3.79	6.18	7.55	3.63	6.66	8.41	4.12	6.2	
575.0	81.0	3.0	3.0	8.77	5.18	8.53	9.51	5.11	4.5	9.82	5.06	7.18	8.31	5.39	6.14	7.09	3.57	10.09	5.05	9.86	3.73	7.36	
576.0	84.0	12.0	12.0	10.38	8.65	9.64	9.64	9.01	8.45	8.38	10.1	9.91	9.54	6.0	8.77	9.61	9.09	9.37	9.31	3.7849485003831203	4.731803022210982	8.151099922990259	
577.0	87.0	5.0	5.0	7.19	4.67	7.18	10.26	8.67	4.4	8.54	5.21	5.77	6.5	8.25	7.35	10.14	8.5	9.28	6.68	8.03	4.6	6.36	
578.0	91.0	9.0	9.0	7.79	7.46	9.14	9.42	6.26	9.89	7.07	5.42	4.14	6.85	7.36	8.88	7.02	9.07	9.93	5.99	10.39	8.75	4.752927640757656	
579.0	93.0	4.0	4.0	8.71	9.6	4.53	9.01	5.18	3.68	6.01	9.79	9.96	5.76	5.79	9.21	5.4	7.54	5.76	9.94	7.24	7.53	6.83	
580.0	97.0	9.0	9.0	4.2	6.16	6.02	6.29	4.25	7.19	4.87	8.59	7.06	6.9	10.48	9.61	6.27	3.81	3.89	3.92	6.97	8.13	4.94	
581.0	81.0	3.0	3.0	8.46	7.43	8.41	3.63	8.34	5.05	6.08	9.3	6.87	8.54	5.5	10.43	6.18	4.45	5.38	3.69	5.32	5.37	6.75	
582.0	82.0	6.0	6.0	4.62	7.15	8.59	8.05	3.95	9.41	7.0	9.71	7.63	9.32	3.69	8.23	9.56	6.67	7.05	7.4	6.33	10.02	9.29	
583.0	87.0	5.0	5.0	4.94	5.63	6.4	4.41	10.41	8.91	5.56	5.92	4.82	4.28	7.18	7.77	8.31	5.89	7.94	9.44	8.58	6.54	7.22	
584.0	61.0	12.0	12.0	4.13	6.73	4.61	8.17	6.67	9.65	8.49	3.96	4.69	9.17	7.89	9.85	4.01	6.88	7.28	7.24	7.84	3.86	7.78	
585.0	51.0	2.0	2.0	8.83	3.87	5.94	10.27	7.47	5.56	5.89	6.14	4.79	9.78	4.86	9.03	4.87	3.53	4.61	5.9	6.82	8.88	5.28	
586.0	94.0	13.0	13.0	4.69	8.27	3.94	5.45	4.66	10.18	4.16	3.64	8.78	4.83	7.3	4.17	6.28	7.98	7.89	4.69	5.45	4.34	8.4	
587.0	72.0	11.0	11.0	10.34	6.79	7.99	8.32	7.83	9.17	7.5	4.62	8.17	8.57	4.82	3.75	5.74	5.07	6.12	9.78	3.8	4.0	7.22	
588.0	100.0	14.0	14.0	5.61	5.68	5.71	5.46	5.4	5.11	3.52	6.49	4.9	10.49	10.29	8.65	4.14	9.16	8.47	4.24	8.64	9.15	4.94	
589.0	24.0	14.0	14.0	10.03	9.03	6.3	8.61	10.18	9.27	4.23	10.2	5.42	4.58	6.07	4.25	3.77	9.0	9.76	3.94	5.24	8.86	7.98	
590.0	66.0	12.0	12.0	8.67	5.52	7.66	10.12	9.05	8.07	3.84	5.93	10.13	10.06	8.17	4.48	6.75	6.59	8.08	10.31	7.9	9.06	8.571102063289212	
591.0	89.0	14.0	14.0	5.32	6.64	6.53	9.57	6.42	5.98	7.7	7.27	8.06	7.27	8.82	7.27	10.04	5.1	8.82	5.15	5.45	4.92	7.55	
592.0	92.0	10.0	10.0	10.04	8.64	10.29	5.05	3.7	5.68	8.95	8.57	8.75	6.64	7.97	7.73	7.05	6.76	4.17	7.83	5.88	7.98	4.49	
593.0	95.0	8.0	8.0	4.23	8.74	9.4	7.99	9.58	9.11	4.53	5.78	4.5	5.42	4.84	5.09	10.25	7.48	5.27	4.63	7.75	9.65	7.64	
594.0	98.0	15.0	15.0	5.79	4.61	7.96	7.24	3.52	5.83	9.1	8.16	9.53	10.03	6.42	4.97	5.07	8.35	4.33	10.36	6.38	5.26	4.52	
595.0	81.0	3.0	3.0	4.75	5.58	9.84	7.72	10.42	5.41	8.17	10.44	5.55	7.74	9.2	8.76	6.63	4.33	3.77	10.31	6.15	4.56	8.54	
596.0	84.0	12.0	12.0	4.74	7.25	6.07	8.8	6.47	6.88	8.03	3.69	4.56	7.92	8.3	6.34	9.4	5.21	4.67	6.02	3.7	7.1	4.59	
597.0	87.0	5.0	5.0	5.93	7.97	5.79	9.32	9.97	4.39	4.21	5.41	3.7	10.04	5.06	7.61	6.75	6.63	9.13	8.87	9.95	5.55	3.82	
598.0	90.0	4.0	4.0	9.42	6.92	9.77	4.09	7.13	5.43	8.83	7.36	8.58	8.99	7.41	8.36	10.32	4.18	8.35	3.99	5.82	10.49	5.41	
599.0	93.0	4.0	4.0	6.82	5.44	8.17	8.19	3.99	5.66	7.83	3.61	6.26	8.13	9.0	6.39	5.61	7.81	8.17	4.05	6.61	8.86	7.52	
600.0	96.0	15.0	15.0	10.1	8.62	5.4	4.04	9.85	3.73	8.73	6.33	8.94	9.06	6.01	4.55	7.07	4.94	4.78	6.82	4.43	9.55	8.12	
601.0	99.0	12.0	12.0	8.62	7.44	6.22	7.44	7.19	4.36	7.68	5.83	6.83	3.96	9.61	5.63	9.16	7.3	9.13	10.47	6.24	3.93	8.69	
602.0	82.0	6.0	6.0	3.67	4.13	4.12	9.8	7.04	4.15	9.19	9.19	9.77	6.71	3.89	5.05	4.62	6.15	5.91	10.2	7.72	4.38	3.69	
603.0	85.0	3.0	3.0	5.38	9.67	5.32	8.26	10.05	10.17	6.2	4.63	6.66	6.4	6.36	7.43	6.24	9.1	10.34	7.28	7.79	5.23	6.06	
604.0	88.0	4.0	4.0	5.64	8.67	8.51	10.29	6.67	6.93	6.33	9.85	8.51	9.29	10.2	5.46	3.69	5.43	8.67	4.1	3.99	5.95	3.92	
605.0	91.0	9.0	9.0	8.0	6.52	4.34	7.37	9.17	9.24	6.36	7.9	4.31	3.88	9.05	4.63	5.42	9.89	6.77	9.47	5.52	6.21	9.7	
606.0	94.0	13.0	13.0	9.67	3.83	7.6	6.49	7.74	4.3	5.01	4.36	10.48	9.47	9.41	7.14	8.56	8.06	7.47	10.16	8.82	5.44	9.13	
607.0	97.0	9.0	9.0	5.6	9.5	7.94	3.81	5.78	10.22	4.61	5.18	8.68	6.07	6.36	3.82	8.17	6.31	6.87	8.65	6.67	9.11	9.87	
608.0	100.0	14.0	14.0	4.19	9.05	9.71	4.25	8.79	7.13	3.85	9.05	7.09	3.96	5.43	7.21	9.16	8.21	9.58	7.56	7.36	6.63	9.55	
609.0	83.0	5.0	5.0	4.68	3.94	5.12	10.01	7.58	9.84	6.79	9.61	4.64	9.7	9.81	3.91	8.06	4.28	9.44	3.53	7.48	7.29	9.46	
610.0	86.0	15.0	15.0	7.27	8.31	8.49	4.56	7.14	10.08	9.75	4.26	4.27	6.03	3.79	9.64	5.13	9.85	5.64	7.61	3.74	4.06	7.18	
611.0	89.0	14.0	14.0	7.49	4.79	7.58	3.69	3.67	7.67	8.08	5.79	9.31	4.57	8.19	7.05	5.21	4.78	3.96	3.89	8.67	7.06	4.63	
612.0	92.0	10.0	10.0	8.07	9.91	8.81	4.37	5.97	8.5	7.88	6.02	6.09	9.79	3.5	4.69	6.41	9.52	6.3	5.39	5.84	7.21	10.18	
613.0	95.0	8.0	8.0	4.4	7.45	6.56	10.08	6.12	7.67	8.18	6.77	6.35	6.06	7.82	4.79	6.56	5.0	8.08	4.61	5.64	3.72	5.59	
614.0	98.0	15.0	15.0	7.29	8.88	9.08	4.08	8.19	7.82	3.87	4.84	4.22	4.72	5.48	6.54	6.52	5.17	7.12	5.28	4.81	6.78	3.53	
615.0	81.0	3.0	3.0	3.69	9.89	5.96	6.04	9.58	10.44	10.06	8.34	5.21	3.7	7.7	5.13	8.54	7.46	7.46	5.89	6.99	9.69	3.61	
616.0	84.0	12.0	12.0	4.78	4.42	5.14	5.28	7.31	6.18	8.41	6.99	6.53	8.54	8.09	8.49	4.94	6.44	6.51	3.79	10.26	4.12	4.45	
617.0	87.0	5.0	5.0	9.3	10.34	4.94	6.75	8.68	10.34	5.9	4.77	6.18	10.08	9.3	7.2	4.41	10.33	6.93	10.02	5.63	6.65	9.63	
618.0	90.0	4.0	4.0	8.71	4.53	5.25	8.2	7.38	5.17	7.9	8.22	6.35	5.34	4.0	3.7	7.26	6.13	5.98	7.49	6.26	5.48	10.45	
619.0	93.0	4.0	4.0	9.52	4.9	6.9	5.57	7.59	5.2	8.24	7.54	7.13	5.91	3.96	3.63	7.24	6.35	8.15	5.9	4.36	5.93	6.74	
620.0	96.0	15.0	15.0	5.45	8.65	6.4	9.86	7.04	8.79	9.79	5.28	5.2	9.19	7.7	8.17	5.41	6.43	4.91	3.91	3.99	8.24	4.47	
621.0	99.0	12.0	12.0	6.68	4.07	7.55	8.39	6.59	7.63	7.02	10.0	7.83	4.91	6.57	7.16	3.6	8.09	8.15	6.61	4.96	7.09	9.67	
622.0	82.0	6.0	6.0	4.33	5.84	4.72	8.62	4.06	10.19	3.65	4.12	10.0	3.98	3.93	9.3	5.95	3.55	9.32	5.83	5.73	8.37	8.99	
623.0	85.0	3.0	3.0	10.33	9.35	3.95	9.42	5.0	4.9	9.95	4.21	6.56	8.21	9.2	4.48	5.84	10.08	5.35	3.55	7.34	6.99	9.33	
624.0	88.0	4.0	4.0	4.35	8.91	6.67	3.75	8.91	8.71	9.3	5.59	4.24	8.89	6.77	3.95	10.41	4.82	9.14	8.95	8.86	7.76	7.6	
625.0	91.0	9.0	9.0	8.93	3.63	9.52	6.54	5.33	9.4	8.69	9.68	10.29	5.98	3.56	5.58	5.68	10.16	6.67	8.55	6.2	10.43	4.09	
626.0	94.0	13.0	13.0	7.08	4.66	7.74	7.92	8.98	6.92	9.32	4.01	9.14	8.37	5.05	9.96	5.69	8.58	8.31	5.65	7.3	9.3	5.22	
627.0	97.0	9.0	9.0	9.07	4.23	7.54	10.43	9.13	6.35	10.06	9.07	3.97	8.29	6.63	9.76	4.91	4.52	5.25	4.7	9.16	7.38	10.19	
628.0	100.0	14.0	14.0	9.02	8.49	10.16	5.11	8.86	4.56	6.82	9.77	5.69	8.75	3.9	5.65	6.01	6.03	7.13	9.51	7.93	9.78	10.49	
629.0	83.0	5.0	5.0	5.27	6.72	6.78	4.05	3.8	9.55	4.58	9.09	8.1	4.52	6.0	8.79	7.84	5.6	8.8	8.82	4.57	4.72	4.6	
630.0	86.0	15.0	15.0	8.36	8.75	7.46	9.0	9.92	3.88	4.45	5.01	4.0	3.89	8.46	8.14	6.94	4.78	4.79	8.5	7.96	10.12	5.58	
631.0	89.0	14.0	14.0	5.87	4.9	8.46	5.52	9.36	9.3	9.1	7.28	10.25	8.71	4.99	9.6	9.74	10.06	9.63	7.06	8.21	2.953531810934756	6.390988997151275	
632.0	92.0	10.0	10.0	6.93	7.12	7.97	9.11	8.2	9.05	4.63	8.72	5.11	8.93	10.11	3.9	10.11	9.24	8.19	8.12	3.81	8.78	2.150270488805202	
633.0	95.0	8.0	8.0	10.28	6.86	4.35	7.42	10.24	9.73	8.96	10.18	8.16	3.56	8.23	6.84	3.87	10.31	9.86	5.62	5.03	9.39	4.345566972145748	
634.0	98.0	15.0	15.0	7.38	6.69	4.83	7.85	5.41	7.19	9.8	4.06	9.04	6.78	7.11	8.56	10.49	3.56	3.51	8.4	9.67	7.85	8.5	
635.0	81.0	3.0	3.0	5.06	10.43	7.7	8.01	5.07	7.85	6.6	4.01	5.35	6.34	9.64	8.75	9.69	7.25	9.74	6.62	6.96	4.61	3.7	
636.0	84.0	12.0	12.0	5.71	4.58	8.65	9.7	5.51	5.69	4.74	7.23	3.6	5.96	9.58	3.67	4.12	5.85	4.69	9.21	9.86	4.46	7.32	
637.0	87.0	5.0	5.0	3.89	8.95	4.96	5.94	7.37	6.22	3.61	8.52	10.47	4.14	3.7	10.45	8.32	7.07	4.64	6.93	6.05	9.89	9.04	
638.0	91.0	9.0	9.0	5.05	4.34	6.93	5.09	7.75	8.32	4.8	7.55	5.65	4.24	5.78	3.69	8.9	3.77	4.72	6.07	4.43	9.73	9.23	
639.0	93.0	4.0	4.0	10.08	5.56	9.86	4.73	4.29	6.89	9.62	5.64	9.28	8.6	8.16	5.11	9.13	8.23	7.72	6.41	8.87	6.51	8.66	
640.0	97.0	9.0	9.0	6.76	5.62	10.46	7.65	8.64	8.83	5.66	6.26	8.35	6.16	7.67	3.6	5.15	6.61	6.79	8.69	3.92	5.04	6.57	
641.0	99.0	12.0	12.0	10.42	5.77	4.75	3.95	4.01	4.76	9.53	4.23	3.51	9.08	7.07	4.04	6.03	8.52	9.07	8.56	4.0	7.05	6.81	
642.0	82.0	6.0	6.0	8.84	10.08	5.99	8.73	10.04	7.15	7.58	7.51	4.62	9.58	7.14	3.81	5.06	6.1	7.89	9.11	4.99	6.94	4.48	
643.0	85.0	3.0	3.0	5.46	5.06	6.75	7.58	6.44	8.17	9.85	5.14	4.62	4.46	9.44	9.01	6.46	4.65	4.5	9.75	6.84	4.05	8.74	
644.0	88.0	4.0	4.0	10.4	10.41	7.05	7.82	3.95	6.75	8.02	10.32	10.43	9.09	6.73	8.94	9.71	4.57	4.78	4.04	3.63	7.69	9.29	
645.0	91.0	9.0	9.0	6.06	10.46	5.28	10.41	5.51	6.73	6.15	5.21	5.43	5.84	9.53	6.32	5.01	8.09	6.25	4.81	9.72	6.28	9.76	
646.0	94.0	13.0	13.0	5.25	3.78	6.04	3.68	9.54	6.19	6.0	4.8	8.35	4.04	3.64	5.34	6.76	6.39	10.38	3.93	7.27	8.49	6.2	
647.0	97.0	9.0	9.0	10.32	7.03	10.42	4.06	6.62	4.73	10.19	6.54	5.56	6.52	8.53	5.48	3.95	5.92	6.59	4.6	6.85	8.58	7.42	
648.0	100.0	14.0	14.0	4.64	9.95	4.77	10.27	4.3	6.18	4.43	6.83	8.26	4.47	8.99	8.27	6.58	7.58	9.62	8.69	8.49	7.68	9.26	
649.0	83.0	5.0	5.0	10.36	4.79	4.71	8.81	9.1	7.3	7.7	6.4	9.13	5.83	5.38	9.59	9.04	9.82	6.16	6.53	4.2	4.59	4.41	
650.0	86.0	15.0	15.0	7.42	5.86	6.04	3.86	9.66	10.37	9.04	5.31	6.03	5.95	10.46	7.02	8.7	8.0	6.09	10.16	7.28	7.3	4.07	
651.0	89.0	14.0	14.0	7.99	6.8	6.52	3.64	5.95	8.93	4.47	7.69	7.89	6.15	6.49	9.2	7.21	8.39	8.72	9.43	4.25	5.22	10.34	
652.0	92.0	10.0	10.0	5.48	3.83	10.13	9.16	6.85	3.9	9.58	4.85	5.46	7.92	9.64	8.96	6.69	7.54	9.25	8.96	9.3	3.91	9.83	
653.0	95.0	8.0	8.0	6.48	5.5	8.34	8.21	4.53	3.99	5.28	6.12	7.13	7.31	8.71	9.32	8.25	5.51	3.85	10.2	3.97	4.79	9.07	
654.0	100.0	14.0	14.0	6.67	9.67	8.55	9.49	6.29	7.85	7.6	5.95	6.86	7.26	6.56	7.62	4.5	6.57	5.91	7.72	6.91	4.92	6.56	
655.0	72.0	11.0	11.0	6.85	5.69	4.05	5.16	5.12	7.52	3.51	7.77	10.13	8.99	8.35	8.43	8.11	7.39	6.5	9.33	5.33	4.01	7.78	
656.0	84.0	12.0	12.0	9.31	8.81	5.15	6.93	4.11	8.28	4.59	4.79	9.62	3.81	5.09	9.83	4.01	3.86	5.18	4.68	6.03	8.93	5.31	
657.0	87.0	5.0	5.0	5.87	9.11	8.97	6.32	9.6	6.2	5.43	8.27	3.75	10.22	8.45	10.01	7.71	5.43	3.51	7.06	7.68	9.66	6.06	
658.0	91.0	9.0	9.0	9.69	9.77	7.04	4.2	8.06	4.97	8.52	9.21	9.4	4.96	7.44	9.14	5.3	8.68	8.8	6.67	9.51	8.47	0.9109652132031254	
659.0	94.0	13.0	13.0	3.6	7.28	10.14	3.52	8.84	7.75	8.37	3.87	3.69	5.2	7.34	8.41	5.5	7.43	5.57	5.14	3.64	8.42	6.84	
660.0	98.0	15.0	15.0	6.05	5.17	10.25	9.32	3.61	9.38	7.24	4.73	8.11	8.3	10.38	3.75	5.28	10.21	3.95	9.18	4.15	8.04	6.61	
661.0	100.0	14.0	14.0	6.59	4.06	8.82	6.3	7.3	4.61	7.17	3.61	9.23	9.45	7.65	8.96	5.28	7.89	4.21	6.25	3.72	7.78	7.58	
662.0	80.0	3.0	3.0	7.56	5.15	3.6	6.73	6.4	9.13	8.31	8.1	4.19	5.06	7.45	4.61	10.21	10.24	8.59	9.33	8.17	4.7	8.28	
663.0	85.0	3.0	3.0	4.56	5.75	9.78	5.86	9.52	9.63	4.62	5.23	5.74	5.68	7.61	7.63	4.57	3.93	5.32	8.07	5.1	6.99	4.45	
664.0	88.0	4.0	4.0	9.15	5.44	4.51	3.97	9.92	6.42	5.43	5.03	9.64	9.87	8.02	7.33	5.92	10.29	4.01	4.9	5.97	9.67	3.97	
665.0	92.0	10.0	10.0	9.15	10.35	3.95	9.53	8.84	6.78	5.86	5.37	8.81	7.32	7.24	3.93	9.1	9.9	8.54	5.09	9.39	5.74	7.66	
666.0	95.0	8.0	8.0	7.09	6.65	6.28	7.98	7.28	7.32	9.13	4.75	7.31	4.29	6.14	4.8	3.93	7.19	4.96	4.93	5.19	7.3	8.94	
667.0	97.0	9.0	9.0	7.48	8.82	6.38	4.76	9.95	5.38	4.03	9.83	5.5	9.61	8.74	5.44	5.81	7.09	5.63	4.38	3.66	8.28	4.94	
668.0	28.0	8.0	8.0	5.88	9.99	4.02	4.57	5.32	6.48	4.01	9.55	9.85	9.13	8.51	4.25	6.99	9.41	7.2	4.15	9.71	4.54	7.77	
669.0	70.0	11.0	11.0	4.37	10.33	6.63	7.36	8.08	7.5	5.36	5.75	4.85	3.73	4.09	5.57	3.51	9.14	9.57	9.56	7.53	8.72	8.95	
670.0	70.0	11.0	11.0	8.24	6.32	9.36	9.74	5.6	7.54	10.35	10.38	6.88	6.77	8.99	6.33	3.71	4.89	4.37	8.76	8.65	8.77	4.16	
671.0	89.0	14.0	14.0	4.38	9.25	7.46	9.16	5.48	5.5	10.35	6.13	9.76	3.87	6.16	10.5	8.63	4.21	4.37	7.92	6.03	5.53	5.56	
672.0	66.0	12.0	12.0	5.73	5.01	9.5	3.7	9.65	4.57	9.76	9.07	7.02	5.94	9.56	3.95	9.35	9.84	4.37	7.71	3.58	9.68	8.71	
673.0	97.0	9.0	9.0	7.8	9.64	9.72	8.05	4.82	9.6	9.47	7.86	7.63	3.65	6.6	4.8	10.48	7.74	8.99	9.32	9.89	9.9	4.5486030197707095	
674.0	78.0	8.0	8.0	4.43	9.17	8.71	8.02	8.03	7.93	10.18	5.4	7.23	4.36	5.64	9.73	8.5	3.94	9.83	8.69	7.73	10.26	8.65	
675.0	78.0	8.0	8.0	7.13	5.35	8.87	6.23	8.09	7.56	7.67	4.12	6.02	4.04	5.97	5.1	5.66	4.04	8.49	7.32	3.67	9.4	4.13	
676.0	47.0	15.0	15.0	8.81	5.48	9.06	10.12	3.88	8.5	6.27	6.43	6.88	9.4	8.75	10.24	6.15	6.66	5.46	6.48	7.16	6.95	10.49	
677.0	63.0	15.0	15.0	6.1	5.52	4.56	4.76	8.44	3.58	8.19	8.2	8.75	3.63	4.19	8.3	9.5	6.82	6.18	4.0	5.77	6.25	5.05	
678.0	90.0	4.0	4.0	7.27	6.5	5.31	7.52	8.06	7.62	9.55	5.39	4.09	7.29	10.27	8.93	4.05	4.2	6.51	10.25	6.87	5.92	3.69	
679.0	95.0	8.0	8.0	8.24	5.52	8.61	10.02	6.46	10.17	9.4	4.4	5.93	5.5	9.68	5.1	6.65	5.33	7.06	6.31	6.78	6.08	7.56	
680.0	46.0	14.0	14.0	5.96	9.25	8.73	6.35	5.28	4.99	3.98	10.09	5.1	8.14	4.92	4.84	10.22	8.34	5.21	6.18	8.43	7.35	8.04	
681.0	81.0	3.0	3.0	6.26	5.57	5.02	10.18	6.78	4.77	5.32	8.64	4.15	4.22	4.37	10.12	6.12	7.22	9.41	7.28	3.8	7.32	10.03	
682.0	83.0	5.0	5.0	4.66	7.45	4.03	8.0	4.13	7.9	8.14	9.72	7.07	9.55	8.18	5.45	8.74	8.13	4.48	4.96	7.6	6.52	9.37	
683.0	61.0	12.0	12.0	4.4	6.17	5.49	4.4	4.56	7.73	5.69	7.46	9.2	8.76	10.43	7.77	7.23	10.31	3.62	7.59	7.61	3.86	8.19	
684.0	90.0	4.0	4.0	3.72	10.26	7.58	9.35	7.78	3.63	9.7	7.77	6.13	8.66	8.18	7.8	6.03	9.65	8.95	10.43	4.23	4.6	6.18	
685.0	69.0	12.0	12.0	9.97	7.21	4.67	5.84	6.7	8.64	7.97	3.96	4.14	4.06	10.11	10.45	4.24	9.41	5.44	9.2	5.67	9.72	6.32	
686.0	94.0	13.0	13.0	3.77	5.92	9.85	6.72	10.33	6.34	4.52	8.91	7.26	9.69	6.12	4.9	4.84	7.57	8.53	6.65	10.29	5.34	5.29	
687.0	74.0	1.0	1.0	4.28	8.48	8.2	8.09	9.25	8.2	10.1	5.92	9.62	8.61	8.56	4.48	5.44	5.35	6.07	9.04	3.79	5.99	10.5	
688.0	78.0	8.0	8.0	3.74	3.66	4.88	5.84	3.85	7.21	3.88	3.78	5.97	7.1	9.9	7.31	6.99	4.83	3.98	4.65	9.75	6.01	8.95	
689.0	83.0	5.0	5.0	5.26	5.91	8.06	3.83	4.75	8.13	6.49	4.55	7.27	3.91	8.2	8.43	7.41	5.4	8.74	3.98	4.03	4.48	10.42	
690.0	24.0	14.0	14.0	3.63	5.07	5.47	9.77	9.4	8.38	9.73	9.56	7.59	3.57	9.18	8.67	3.96	3.5	8.08	7.93	9.1	10.28	3.85	
691.0	35.0	10.0	10.0	8.47	7.85	6.2	4.08	7.08	9.72	6.3	9.49	8.85	5.84	6.11	4.11	4.41	4.15	9.97	8.65	7.01	4.85	4.77	
692.0	92.0	10.0	10.0	3.7	5.3	10.29	6.02	7.49	3.51	4.06	6.46	5.22	7.69	8.09	3.89	5.08	5.23	7.93	10.02	3.7	9.66	4.86	
693.0	68.0	5.0	5.0	5.66	6.35	3.53	6.04	10.29	7.32	10.19	7.23	4.94	7.03	8.1	3.64	7.8	3.61	4.39	5.53	5.14	4.29	7.14	
694.0	52.0	4.0	4.0	4.9	6.98	5.55	5.27	9.1	7.82	10.0	3.94	7.51	7.71	8.56	3.76	9.33	3.56	9.03	6.06	4.13	9.22	8.44	
695.0	54.0	10.0	10.0	4.97	7.52	10.08	6.91	9.17	6.03	4.9	8.26	7.61	6.8	7.66	4.2	8.57	5.34	6.12	3.7	7.19	10.26	4.49	
696.0	61.0	12.0	12.0	5.58	3.5	8.31	5.6	5.42	9.25	10.35	7.63	9.56	9.48	6.37	4.12	8.39	3.99	8.0	8.62	9.46	4.35	5.65	
697.0	13.0	3.0	3.0	7.73	7.25	10.25	9.6	7.21	3.66	4.22	3.53	4.93	10.25	10.28	6.35	9.23	9.43	7.5	5.85	7.81	9.68	6.89	
698.0	91.0	9.0	9.0	6.73	9.11	8.85	4.25	9.62	9.77	5.53	6.03	4.73	9.18	10.41	5.13	5.68	5.37	4.4	9.22	7.48	4.17	4.64	
699.0	93.0	4.0	4.0	9.32	10.48	5.49	5.37	9.7	5.86	5.9	10.49	9.77	6.05	3.76	3.63	8.83	8.17	4.64	9.66	5.5	9.46	4.82	
700.0	98.0	15.0	15.0	5.07	7.92	6.25	5.9	9.74	6.31	9.04	6.46	8.98	9.29	10.21	9.44	6.52	3.73	7.52	8.99	9.35	4.68	3.57	
701.0	68.0	5.0	5.0	9.96	8.33	7.51	4.57	4.77	9.72	7.42	8.27	8.79	8.67	8.89	10.21	9.53	8.26	10.39	9.57	6.77	0.04398401189390677	6.413750331431273	
702.0	82.0	6.0	6.0	5.82	6.95	10.41	5.36	9.03	9.11	9.35	10.09	5.42	7.76	7.31	8.42	5.82	10.21	3.71	5.65	3.99	5.62	5.28	
703.0	85.0	3.0	3.0	7.46	4.2	6.93	9.53	4.5	8.84	9.35	8.73	7.92	4.5	8.83	9.85	5.83	7.55	4.01	4.59	10.13	9.64	6.03	
704.0	44.0	3.0	3.0	10.12	9.07	3.91	10.04	5.68	7.04	9.98	5.65	9.51	8.31	9.53	4.42	6.28	8.34	6.95	8.58	8.47	6.49	1.8755394259238352	
705.0	60.0	3.0	3.0	9.69	7.24	4.58	7.69	8.86	6.22	3.65	10.36	9.85	9.27	7.87	8.67	8.82	8.53	3.68	7.02	4.07	8.18	9.01	
706.0	73.0	13.0	13.0	5.61	6.37	5.76	7.19	4.26	6.52	3.71	3.99	7.46	9.27	4.63	9.53	7.5	8.65	5.28	8.79	6.53	5.91	7.07	
707.0	48.0	13.0	13.0	9.08	6.37	5.03	6.83	9.02	8.28	5.73	8.25	6.23	6.91	9.37	4.07	4.92	6.28	8.81	5.88	6.11	8.44	8.04	
708.0	100.0	14.0	14.0	4.42	5.58	5.22	4.59	6.49	6.61	10.43	8.34	7.17	7.88	4.62	4.36	8.73	3.87	9.89	10.15	4.17	7.2	5.43	
709.0	33.0	14.0	14.0	4.48	7.8	5.18	9.61	4.56	8.0	10.03	8.0	3.52	4.42	4.26	7.05	5.61	10.17	4.34	4.82	5.2	5.96	6.56	
710.0	79.0	7.0	7.0	9.97	4.52	7.55	6.46	3.88	6.12	9.72	3.66	4.33	5.44	8.31	8.94	6.66	6.71	6.23	3.71	4.52	3.73	4.68	
711.0	73.0	13.0	13.0	4.15	8.95	6.4	7.71	10.41	7.77	8.87	8.71	4.06	8.71	3.62	4.33	8.39	4.55	7.82	5.32	4.9	4.63	8.01	
712.0	10.0	15.0	15.0	9.77	4.34	5.67	7.88	6.96	8.84	7.09	8.14	10.26	9.91	6.98	5.23	6.72	8.44	9.79	9.36	5.11	6.42	9.5	
713.0	43.0	13.0	13.0	8.9	9.0	7.24	5.24	3.78	8.25	9.65	9.82	6.12	5.41	5.91	7.83	5.18	6.74	4.44	3.51	5.02	5.61	8.05	
714.0	43.0	13.0	13.0	9.49	9.48	8.71	5.18	9.85	8.33	7.06	4.66	9.15	6.1	5.07	6.89	7.21	8.48	8.25	9.71	9.58	10.21	1.3201782454629067	
715.0	63.0	15.0	15.0	3.72	4.18	9.01	4.05	7.2	8.69	6.74	8.2	5.49	3.65	10.24	6.51	7.55	4.7	7.44	5.56	5.85	8.31	6.25	
716.0	79.0	7.0	7.0	7.77	10.07	6.26	9.49	6.05	9.18	5.33	6.5	5.17	10.14	10.11	4.79	7.56	4.69	9.21	5.39	9.15	7.62	5.61	
717.0	89.0	14.0	14.0	4.85	5.13	10.46	4.07	7.51	9.36	9.34	5.12	3.7	10.34	8.31	4.99	5.13	7.52	6.72	6.1	4.09	5.38	3.87	
718.0	90.0	4.0	4.0	7.94	10.08	7.63	8.0	4.25	7.55	5.27	4.57	9.93	9.61	5.34	5.89	8.63	5.16	5.85	5.71	7.67	4.6	8.17	
719.0	53.0	12.0	12.0	9.94	4.54	7.22	10.39	9.35	4.65	5.73	6.44	8.21	4.35	7.4	4.65	9.96	7.22	4.79	3.99	4.63	6.23	5.6	
720.0	67.0	3.0	3.0	6.07	9.35	9.48	5.34	7.62	9.9	9.74	7.65	8.57	6.67	5.58	8.88	8.81	6.49	7.11	9.73	5.04	5.55	7.46	
721.0	100.0	14.0	14.0	3.6	8.53	4.45	8.26	5.63	5.65	3.69	4.07	10.43	8.45	8.07	4.36	5.61	9.44	5.33	5.42	9.54	8.55	10.06	
722.0	76.0	6.0	6.0	6.74	6.88	9.62	3.54	8.74	9.09	7.47	8.37	3.64	6.88	3.73	4.46	3.93	3.58	6.59	7.35	8.73	7.89	9.88	
723.0	85.0	3.0	3.0	4.4	8.11	8.92	7.15	4.53	6.69	5.37	4.5	9.57	8.7	9.38	5.25	7.48	4.28	5.86	4.37	7.48	5.44	4.97	
724.0	77.0	8.0	8.0	9.74	5.5	5.11	7.87	6.93	10.26	7.04	4.37	10.32	10.03	6.12	4.73	9.36	3.79	8.26	9.94	5.72	9.04	7.34	
725.0	80.0	3.0	3.0	8.61	5.71	9.18	8.45	4.18	9.05	7.39	5.23	5.91	4.21	5.58	5.45	5.43	8.5	6.66	4.49	7.77	3.67	9.86	
726.0	75.0	8.0	8.0	5.01	8.1	6.28	7.13	5.67	8.09	5.72	10.42	10.42	6.49	4.39	7.16	4.76	3.92	9.43	9.2	5.57	6.55	5.98	
727.0	71.0	11.0	11.0	3.59	7.6	8.77	9.75	7.74	6.92	5.53	4.57	5.86	6.29	4.93	7.52	3.81	9.36	3.77	9.68	8.94	3.7	9.08	
728.0	51.0	2.0	2.0	9.77	8.8	4.34	4.7	9.02	8.82	10.43	10.19	3.74	6.18	9.35	3.55	5.95	6.24	7.02	7.18	4.79	9.6	5.64	
729.0	83.0	5.0	5.0	5.92	4.83	5.82	7.14	3.59	7.05	5.18	5.81	9.87	7.1	8.55	10.18	9.61	7.26	10.28	7.15	6.84	9.93	6.42	
730.0	33.0	14.0	14.0	9.68	9.03	6.01	6.83	5.22	4.34	7.23	4.96	10.23	5.16	9.58	7.12	4.47	8.48	7.43	9.39	7.72	5.28	4.52	
731.0	89.0	14.0	14.0	9.0	4.81	9.41	4.12	5.65	7.31	4.92	3.99	7.35	9.02	6.7	5.87	8.31	9.77	7.09	9.7	3.66	9.29	4.3	
732.0	92.0	10.0	10.0	5.23	7.76	9.12	4.98	9.0	10.12	6.12	5.87	9.05	8.38	5.6	5.63	8.77	9.72	9.1	9.58	5.8	6.46	4.26	
733.0	95.0	8.0	8.0	4.77	9.34	3.93	8.64	8.24	4.63	10.03	6.44	5.13	6.92	7.37	7.47	5.16	8.12	5.92	4.08	5.45	5.98	4.89	
734.0	98.0	15.0	15.0	6.9	9.1	3.78	7.62	7.52	4.41	6.33	9.12	7.08	7.97	5.43	3.96	9.29	5.02	3.97	4.68	6.37	5.07	8.85	
735.0	23.0	7.0	7.0	4.39	9.87	9.2	8.94	5.78	5.83	7.37	10.43	4.5	6.15	3.99	6.99	3.79	9.87	7.37	3.79	6.33	9.51	7.67	
736.0	30.0	14.0	14.0	6.79	4.42	9.81	4.28	6.27	6.6	9.78	6.48	6.33	6.92	8.78	5.28	8.52	7.54	8.01	9.03	4.04	8.14	6.99	
737.0	64.0	4.0	4.0	9.64	6.37	4.92	9.16	8.38	7.37	7.17	6.84	3.77	7.81	7.75	10.05	10.35	6.26	8.17	5.02	5.48	3.56	6.66	
738.0	65.0	11.0	11.0	7.19	4.55	7.36	3.66	5.8	5.48	4.57	6.37	7.95	5.61	10.36	7.96	8.89	4.32	7.21	4.91	4.26	7.4	7.24	
739.0	37.0	5.0	5.0	7.43	8.43	9.29	7.63	9.4	9.5	8.96	7.89	8.51	7.96	10.05	9.48	5.97	4.83	3.6	3.51	8.3	5.76	6.8	
740.0	98.0	15.0	15.0	7.18	4.13	5.07	9.94	9.13	8.84	4.92	9.97	10.41	4.4	3.6	9.78	3.92	9.3	10.08	7.48	8.12	5.41	4.89	
741.0	81.0	3.0	3.0	9.34	4.85	6.63	8.19	9.41	6.03	5.18	10.0	3.74	7.25	4.93	3.78	3.83	5.63	9.62	7.55	7.9	9.03	4.25	
742.0	84.0	12.0	12.0	6.85	3.52	8.14	6.11	8.49	8.72	3.53	7.5	4.63	9.18	5.69	5.56	8.49	7.51	7.35	5.18	9.81	10.23	4.08	
743.0	78.0	8.0	8.0	6.69	6.39	7.1	6.42	10.35	4.35	10.39	7.21	3.55	7.6	6.93	7.0	9.82	6.05	6.83	5.78	5.59	8.65	9.81	
744.0	88.0	4.0	4.0	10.44	9.23	4.15	4.08	5.08	4.67	5.26	8.77	9.4	3.92	4.34	4.7	5.87	3.74	10.49	8.61	10.38	10.09	9.45	
745.0	72.0	11.0	11.0	9.39	7.72	5.79	4.97	5.59	4.79	5.15	3.79	4.77	8.32	10.27	8.54	9.26	8.91	7.27	4.91	5.65	7.37	3.59	
746.0	45.0	5.0	5.0	6.48	3.84	4.85	9.69	4.12	5.17	5.44	10.46	7.42	6.82	5.51	5.21	8.31	5.4	10.29	10.12	7.55	6.69	4.61	
747.0	69.0	12.0	12.0	3.92	3.59	7.87	6.64	4.49	8.03	5.79	8.5	5.67	4.06	4.04	5.85	5.55	9.64	10.09	8.67	5.81	3.9	9.46	
748.0	81.0	3.0	3.0	9.13	6.39	8.36	7.01	7.78	6.32	7.02	8.5	7.29	7.94	6.7	9.97	5.39	9.31	4.69	9.0	7.05	6.59	8.38	
749.0	71.0	11.0	11.0	7.8	6.75	8.54	5.55	3.72	8.88	7.9	3.76	8.01	4.12	4.45	5.17	10.4	9.81	7.05	7.68	3.72	9.21	3.86	
750.0	86.0	15.0	15.0	8.43	9.4	8.09	9.7	8.19	10.39	7.09	7.38	8.88	9.49	8.76	3.52	4.5	7.01	6.16	7.53	9.17	4.81	4.217183282626833	
751.0	71.0	11.0	11.0	8.73	4.32	7.21	7.64	6.49	6.0	3.67	6.57	8.04	8.37	5.02	5.2	7.66	8.73	6.76	8.85	8.38	8.19	10.2	
752.0	94.0	13.0	13.0	6.15	4.26	5.13	7.09	3.65	8.95	5.35	3.94	4.99	9.83	8.29	5.85	7.19	9.83	8.94	5.62	7.94	5.32	4.05	
753.0	77.0	8.0	8.0	6.4	9.1	6.03	10.13	5.61	6.17	6.25	9.04	8.28	7.95	6.42	9.62	3.81	8.31	4.28	5.26	9.48	7.69	8.91	
754.0	99.0	12.0	12.0	6.51	8.85	9.23	9.14	6.52	9.3	7.48	9.86	8.22	9.46	4.32	6.57	6.15	9.3	3.97	9.77	9.75	6.58	9.332308556896573	
755.0	82.0	6.0	6.0	9.69	8.88	7.0	4.48	3.65	9.55	6.82	7.58	7.97	9.76	3.71	5.69	5.78	4.28	8.37	9.43	9.09	5.25	10.13	
756.0	72.0	11.0	11.0	8.79	6.73	5.44	9.08	9.53	6.85	10.07	6.96	5.74	3.51	7.91	9.26	9.32	4.8	8.9	7.75	6.55	7.49	9.22	
757.0	69.0	12.0	12.0	7.13	6.09	5.66	5.19	4.15	6.65	8.5	4.65	9.69	7.93	8.64	5.29	6.46	8.29	4.06	6.04	8.2	10.27	8.56	
758.0	90.0	4.0	4.0	4.46	7.94	6.71	8.01	7.9	6.05	8.21	7.14	6.34	5.35	5.36	8.52	5.23	4.12	3.93	6.42	7.1	4.18	6.02	
759.0	72.0	11.0	11.0	7.01	9.34	6.5	5.38	6.62	7.68	5.68	9.76	5.31	3.88	3.78	9.21	5.28	5.46	7.36	9.26	5.95	7.55	8.97	
760.0	75.0	8.0	8.0	10.21	8.56	8.6	4.95	7.25	9.34	8.9	10.2	3.7	10.3	5.62	4.72	9.16	7.14	9.08	6.98	9.56	7.6	0.5327282349471321	
761.0	72.0	11.0	11.0	5.39	6.16	6.71	6.58	3.55	4.61	6.1	4.11	3.72	5.18	8.89	8.26	4.98	7.31	7.61	5.64	4.58	4.41	9.63	
762.0	44.0	3.0	3.0	8.0	5.53	6.27	3.89	7.87	3.7	8.03	5.34	5.51	5.65	6.75	5.85	7.82	5.37	9.36	8.98	10.26	8.3	5.9	
763.0	71.0	11.0	11.0	6.52	7.65	6.59	9.09	6.31	3.69	9.61	4.81	6.32	8.47	10.25	5.45	8.78	7.93	9.23	6.98	9.02	5.15	8.32	
764.0	61.0	12.0	12.0	6.26	7.66	4.56	4.17	10.33	6.66	4.83	9.35	3.82	7.0	7.79	9.0	5.76	7.78	6.34	9.93	7.58	8.41	6.84	
765.0	61.0	12.0	12.0	7.02	9.82	5.63	4.33	7.33	10.0	4.52	7.37	6.09	10.27	7.64	6.25	9.74	10.32	4.58	7.65	10.06	6.17	8.14	
766.0	96.0	15.0	15.0	9.82	6.16	3.65	9.36	8.89	8.85	9.73	5.36	7.59	5.1	9.31	7.94	5.82	7.13	4.33	4.99	3.73	4.78	3.85	
767.0	80.0	3.0	3.0	4.97	5.81	6.42	9.21	3.84	5.12	6.34	9.35	8.44	5.78	5.19	4.7	8.18	5.52	9.81	6.87	5.3	7.9	10.36	
768.0	100.0	14.0	14.0	6.09	9.2	8.05	8.23	5.46	3.96	6.47	9.09	4.1	8.83	9.5	4.54	10.46	4.48	8.99	6.27	8.52	4.87	9.54	
769.0	77.0	8.0	8.0	6.5	5.94	7.78	10.11	6.51	3.81	7.15	9.16	6.7	7.11	9.09	7.96	8.86	7.4	6.55	5.91	8.05	4.69	5.41	
770.0	86.0	15.0	15.0	8.72	6.36	4.2	8.46	10.08	7.78	7.38	10.06	8.81	4.67	8.35	7.7	7.19	6.46	6.35	7.56	8.64	8.54	6.97	
771.0	31.0	8.0	8.0	5.36	9.57	5.81	5.04	4.04	9.25	4.71	4.86	7.37	9.27	5.05	5.86	8.68	7.34	7.7	3.8	9.94	10.45	5.78	
772.0	65.0	11.0	11.0	9.34	8.12	10.18	6.01	5.42	6.23	3.78	5.54	5.29	7.46	6.95	5.24	7.02	9.18	9.1	8.16	6.93	7.79	7.79	
773.0	49.0	12.0	12.0	10.19	3.6	7.09	4.59	7.58	6.76	4.43	4.23	4.5	8.24	7.18	9.17	10.3	5.75	8.48	7.85	3.52	8.23	10.01	
774.0	73.0	13.0	13.0	10.23	5.96	8.41	3.83	3.81	5.0	6.56	3.55	8.86	10.04	8.68	4.82	6.9	7.74	5.39	4.48	6.13	8.91	3.96	
775.0	43.0	13.0	13.0	5.46	10.1	7.18	5.16	10.08	9.66	9.37	6.69	3.63	9.2	7.18	6.61	8.59	8.81	7.82	9.08	9.37	10.32	2.942374162086768	
776.0	86.0	15.0	15.0	6.64	10.28	4.24	10.3	6.95	7.87	8.6	4.27	8.77	7.7	5.91	9.18	8.97	4.24	4.55	9.56	8.96	5.27	5.87	
777.0	52.0	4.0	4.0	10.43	7.25	9.78	3.65	5.75	7.86	8.43	6.88	4.87	4.83	9.83	6.22	6.95	6.71	4.64	6.88	4.65	4.15	7.25	
778.0	66.0	12.0	12.0	7.85	6.12	7.45	3.73	4.89	6.39	6.85	9.76	10.43	8.82	7.33	5.25	7.04	5.68	5.36	7.7	9.46	6.39	6.99	
779.0	3.0	6.0	6.0	5.36	6.5	3.66	8.93	9.25	8.1	4.48	7.11	6.25	9.62	6.51	7.84	8.9	5.83	9.85	8.38	9.87	5.96	10.34	
780.0	73.0	13.0	13.0	6.35	4.01	8.74	8.05	6.99	5.89	6.28	5.15	7.12	6.48	4.79	7.17	10.43	6.85	5.34	5.25	7.98	3.51	7.4	
781.0	99.0	12.0	12.0	9.64	3.55	7.13	7.78	5.4	6.12	5.23	9.55	6.04	9.08	5.87	5.94	4.31	3.56	8.36	8.67	4.17	4.15	6.13	
782.0	84.0	12.0	12.0	10.22	9.03	5.55	6.11	9.9	5.15	9.75	5.52	9.92	8.11	6.42	5.55	4.73	5.41	5.88	4.59	9.62	5.45	9.88	
783.0	76.0	6.0	6.0	7.88	3.73	9.53	9.65	7.89	8.65	6.17	10.41	10.04	5.02	10.28	9.0	7.16	5.68	4.68	3.53	6.26	7.39	10.44	
784.0	61.0	12.0	12.0	8.93	5.9	7.3	4.73	3.89	3.68	7.69	4.08	4.46	9.38	10.31	9.6	3.68	9.94	5.56	6.84	4.2	7.77	8.75	
785.0	91.0	9.0	9.0	6.45	8.0	7.52	6.54	9.19	5.47	8.81	7.85	5.02	8.28	6.12	8.96	8.46	4.24	9.68	10.2	5.85	3.95	5.64	
786.0	77.0	8.0	8.0	7.26	9.09	10.1	9.34	6.93	5.27	9.01	10.31	5.84	7.96	8.69	9.77	3.75	9.87	9.01	4.65	8.75	5.92	8.502583837464806	
787.0	98.0	15.0	15.0	9.78	5.94	9.85	5.56	9.25	6.43	3.52	5.45	7.2	8.71	4.02	5.44	9.21	10.43	6.23	4.77	9.26	7.32	3.59	
788.0	52.0	4.0	4.0	10.13	5.99	8.57	7.87	6.59	9.97	4.26	6.85	4.34	4.43	9.21	4.52	8.14	10.07	5.4	7.7	4.86	4.36	7.59	
789.0	85.0	3.0	3.0	7.05	10.15	5.58	6.14	9.61	9.91	9.97	8.94	4.08	10.42	6.64	4.3	4.33	6.2	7.16	5.68	4.12	8.39	5.4	
790.0	86.0	15.0	15.0	6.48	4.6	5.41	4.32	6.69	9.73	5.9	9.76	7.16	5.17	9.14	7.71	7.95	7.64	4.14	6.83	4.14	5.2	5.89	
791.0	61.0	12.0	12.0	6.07	7.92	7.79	10.04	3.61	7.63	7.12	4.96	5.3	9.64	5.54	5.47	4.88	9.64	9.63	7.06	5.58	10.48	8.48	
792.0	54.0	10.0	10.0	5.24	8.46	3.75	5.27	10.38	5.4	10.5	7.11	3.52	3.74	6.23	4.57	5.47	6.5	9.44	8.19	9.09	8.13	5.37	
793.0	77.0	8.0	8.0	7.8	3.63	7.26	9.77	7.32	5.13	9.45	8.14	3.57	6.75	6.55	4.46	5.84	9.78	5.19	8.69	4.99	5.11	9.9	
794.0	74.0	1.0	1.0	4.6	6.55	9.95	8.49	8.52	8.13	9.86	9.97	4.82	9.56	3.86	10.5	4.13	7.06	7.61	9.81	7.48	10.45	6.678438670146817	
795.0	26.0	1.0	1.0	7.29	10.45	4.0	5.91	9.06	9.08	5.95	8.86	4.35	4.07	6.47	5.61	9.35	10.23	4.32	6.86	8.26	3.58	4.13	
796.0	77.0	8.0	8.0	4.62	8.55	3.53	4.31	5.82	8.6	6.16	7.15	9.83	7.03	4.66	4.15	6.19	3.8	10.46	8.68	9.18	9.56	7.41	
797.0	87.0	5.0	5.0	9.23	9.49	6.01	7.96	4.74	9.18	9.98	4.56	8.27	7.15	4.35	4.39	8.12	3.6	7.5	7.98	6.89	4.59	3.77	
798.0	90.0	4.0	4.0	7.58	5.95	7.04	10.27	5.01	9.25	6.6	8.91	8.6	5.47	9.44	9.07	4.84	10.2	6.69	7.41	4.36	9.66	7.64	
799.0	76.0	6.0	6.0	9.34	10.01	7.28	6.48	9.1	5.84	4.14	5.19	10.09	3.56	5.43	9.42	9.37	4.33	4.32	6.08	8.78	6.12	6.85	
800.0	80.0	3.0	3.0	6.53	4.78	9.09	6.65	4.07	7.8	8.01	6.78	7.08	9.83	9.95	4.73	6.57	9.08	7.99	9.62	7.69	5.05	6.39	
801.0	100.0	14.0	14.0	5.47	4.25	4.72	5.12	6.77	4.28	8.89	5.54	10.31	7.26	9.78	7.13	6.92	10.24	7.45	8.43	4.77	8.07	7.37	
802.0	74.0	1.0	1.0	5.4	6.64	8.23	7.95	5.82	6.64	6.17	7.21	4.5	3.78	8.59	6.74	6.89	5.85	8.98	4.35	5.51	5.84	4.67	
803.0	87.0	5.0	5.0	4.97	8.05	6.28	9.17	6.52	9.07	4.3	5.09	4.63	9.04	9.51	9.12	8.95	8.74	6.95	5.34	6.91	9.76	10.16	
804.0	65.0	11.0	11.0	9.39	10.44	4.26	6.04	3.54	4.5	7.6	7.64	5.71	4.71	9.3	10.41	4.73	6.5	8.05	9.81	8.02	8.55	8.04	
805.0	92.0	10.0	10.0	10.05	4.98	5.95	7.14	6.2	8.44	5.06	6.1	7.64	6.68	7.05	7.56	4.06	10.47	8.76	3.71	3.9	8.31	7.0	
806.0	69.0	12.0	12.0	10.14	6.27	6.6	4.27	10.04	5.2	8.59	5.11	5.05	4.09	8.28	9.39	7.19	6.89	7.22	4.38	9.26	6.93	4.77	
807.0	22.0	6.0	6.0	9.72	9.77	3.57	5.3	10.18	4.87	9.91	3.54	7.77	10.17	5.89	3.96	9.09	7.96	3.99	4.47	8.79	5.07	6.46	
808.0	35.0	10.0	10.0	3.68	6.91	5.5	8.51	9.26	4.54	6.78	7.52	10.15	7.92	6.17	3.58	6.13	5.15	5.51	7.17	5.58	6.21	4.12	
809.0	79.0	7.0	7.0	10.02	8.52	8.3	4.65	4.13	7.51	9.9	8.94	6.32	6.62	6.87	5.76	3.81	6.19	4.3	7.48	6.77	9.7	6.11	
810.0	2.0	14.0	14.0	6.17	3.95	8.96	10.46	5.15	5.46	7.94	8.51	7.06	8.32	10.39	3.93	5.95	4.18	6.06	7.93	8.73	4.38	6.44	
811.0	67.0	3.0	3.0	3.93	6.29	7.21	9.93	8.09	6.48	4.05	10.2	3.84	9.37	8.21	7.95	4.44	9.41	3.62	3.55	5.7	9.32	4.64	
812.0	45.0	5.0	5.0	7.85	9.19	8.16	4.82	4.67	4.32	10.14	7.98	9.36	8.17	6.46	7.34	10.47	8.55	8.02	8.73	8.47	6.91	0.08996532385717143	
813.0	97.0	9.0	9.0	8.68	8.32	4.18	9.03	7.33	8.61	6.25	9.83	7.42	5.36	6.45	9.8	10.4	5.0	4.34	4.7	8.58	6.15	6.79	
814.0	74.0	1.0	1.0	8.74	9.33	6.47	4.78	8.59	7.63	8.29	9.86	4.98	5.58	4.35	7.84	3.61	4.19	7.01	10.18	10.32	7.75	6.73	
815.0	81.0	3.0	3.0	10.48	4.38	4.84	5.45	5.81	4.52	6.77	5.55	6.23	8.63	7.24	9.43	3.75	7.89	10.06	8.99	9.98	5.96	8.02	
816.0	65.0	11.0	11.0	5.01	3.84	10.44	4.56	7.11	5.02	4.25	9.81	8.67	10.1	10.15	6.14	8.69	4.6	4.77	10.17	7.1	7.91	5.03	
817.0	88.0	4.0	4.0	5.94	7.98	4.96	3.6	6.58	10.47	7.37	5.07	6.59	8.53	5.56	8.05	7.66	5.98	6.48	6.04	5.04	7.36	6.52	
818.0	65.0	11.0	11.0	10.03	5.38	6.14	9.25	6.46	8.46	9.8	9.33	8.16	3.51	6.52	9.44	9.6	5.3	5.02	5.44	4.31	10.34	6.02	
819.0	78.0	8.0	8.0	7.74	3.63	6.52	5.26	9.54	10.5	6.59	7.97	8.37	8.07	6.4	10.27	10.37	7.6	7.53	10.2	5.48	10.12	0.21408178309751325	
820.0	98.0	15.0	15.0	8.25	3.86	7.21	9.29	3.99	4.03	4.26	7.83	5.53	7.84	5.96	5.03	8.39	8.81	9.17	6.2	10.46	5.32	9.19	
821.0	81.0	3.0	3.0	5.59	5.41	3.7	7.76	8.41	4.99	7.25	8.26	9.52	4.39	3.78	6.69	7.39	8.85	6.03	6.18	7.55	7.02	6.49	
822.0	99.0	12.0	12.0	8.32	10.12	4.12	6.71	5.85	4.48	4.02	6.64	6.48	6.58	9.31	6.63	3.85	5.77	5.81	6.79	3.62	3.85	10.37	
823.0	87.0	5.0	5.0	9.69	10.46	5.57	6.45	5.11	9.14	8.8	7.92	8.47	10.47	6.98	5.98	6.65	8.98	6.47	7.14	8.68	3.86	8.93	
824.0	88.0	4.0	4.0	5.68	8.55	10.15	4.63	7.39	4.7	4.44	8.39	10.38	3.77	10.28	6.38	8.67	7.1	7.08	5.25	4.71	3.83	5.44	
825.0	93.0	4.0	4.0	5.97	5.32	5.0	7.27	7.08	6.39	7.7	4.04	8.19	5.09	4.49	3.93	9.53	8.12	4.19	7.75	5.0	7.41	8.36	
826.0	95.0	8.0	8.0	6.38	6.25	5.8	8.04	3.68	4.81	4.32	8.37	7.15	9.89	9.06	5.61	8.7	6.06	6.72	7.82	6.12	3.71	5.67	
827.0	80.0	3.0	3.0	6.19	4.29	10.12	9.18	7.6	5.84	8.87	7.1	5.66	10.42	7.92	5.64	3.95	5.61	4.43	9.72	8.6	9.25	3.95	
828.0	27.0	13.0	13.0	4.65	6.96	4.89	6.48	6.48	7.23	4.31	8.47	6.67	4.49	3.56	3.64	5.72	4.91	4.53	9.27	3.98	10.11	9.75	
829.0	72.0	11.0	11.0	7.41	6.71	7.68	5.79	6.32	7.21	7.59	8.45	3.78	9.43	7.87	8.75	4.18	7.37	9.95	10.42	5.6	7.6	6.95	
830.0	87.0	5.0	5.0	3.55	9.09	10.27	5.9	5.63	4.19	7.86	8.65	5.52	5.38	6.58	7.94	8.09	9.36	7.01	8.2	9.62	9.83	10.0	
831.0	76.0	6.0	6.0	9.04	4.71	3.98	10.44	5.33	3.82	9.97	8.75	6.04	8.95	6.92	6.39	8.31	4.61	9.07	5.97	5.91	9.15	8.69	
832.0	93.0	4.0	4.0	10.4	5.48	9.13	4.14	6.03	3.51	7.93	6.25	5.31	8.6	8.57	4.11	4.83	10.08	4.85	4.78	7.24	5.75	8.04	
833.0	53.0	12.0	12.0	4.59	7.75	4.55	5.92	7.04	9.31	8.98	5.57	9.6	3.85	5.67	9.49	7.71	7.37	6.83	8.24	5.35	5.46	3.79	
834.0	70.0	11.0	11.0	3.76	8.8	4.1	4.58	5.34	5.37	4.57	3.89	3.59	6.75	9.12	3.8	4.38	6.4	7.35	6.36	3.9	9.1	7.55	
835.0	74.0	1.0	1.0	4.39	4.36	4.23	8.77	9.08	7.7	4.05	8.49	10.48	9.25	4.7	4.52	7.54	10.23	9.5	4.51	9.32	4.8	9.55	
836.0	84.0	12.0	12.0	4.42	5.75	5.62	3.84	9.05	9.62	9.59	7.69	6.39	3.66	7.66	8.98	5.15	8.52	8.69	8.56	5.88	4.72	5.56	
837.0	87.0	5.0	5.0	3.64	3.53	6.08	7.21	9.73	4.21	7.44	4.39	6.96	3.73	6.41	9.5	5.93	8.08	8.41	10.12	5.27	5.19	4.47	
838.0	73.0	13.0	13.0	4.31	6.37	8.57	5.18	10.0	9.33	5.49	9.3	4.02	6.24	8.25	4.19	8.66	7.37	6.07	4.99	4.58	10.11	6.39	
839.0	62.0	7.0	7.0	5.58	6.98	7.67	7.75	9.18	8.82	4.9	3.7	9.17	4.83	4.43	6.47	8.49	4.18	9.1	4.57	9.79	4.16	4.51	
840.0	96.0	15.0	15.0	4.45	5.19	4.97	10.09	6.37	5.98	5.31	7.58	6.73	9.59	3.75	9.65	7.59	3.93	3.89	9.49	5.01	4.5	8.14	
841.0	99.0	12.0	12.0	7.9	6.53	8.78	7.15	7.3	5.17	7.78	7.13	3.63	4.99	8.01	9.34	7.21	10.34	8.14	5.09	8.71	6.89	7.1	
842.0	82.0	6.0	6.0	7.11	5.1	8.58	10.38	5.43	4.59	9.13	9.11	4.58	4.2	8.78	9.42	8.09	10.27	4.93	9.23	7.61	4.14	3.87	
843.0	67.0	3.0	3.0	8.36	7.87	9.23	6.02	5.95	8.14	8.43	4.19	10.08	4.02	9.2	5.28	6.58	10.36	8.72	8.69	10.1	6.24	8.52	
844.0	80.0	3.0	3.0	6.83	8.51	6.77	5.87	6.31	8.01	10.3	5.34	8.61	7.2	3.81	9.06	7.49	10.45	4.82	7.64	3.51	10.47	5.79	
845.0	91.0	9.0	9.0	9.26	5.1	4.35	4.55	9.91	5.4	10.1	5.75	8.49	9.47	8.08	6.18	6.05	5.29	6.68	7.9	4.88	9.43	5.48	
846.0	95.0	8.0	8.0	4.92	7.85	8.02	4.04	6.94	5.1	3.56	6.34	9.14	4.22	6.49	8.59	6.24	9.11	5.15	5.55	9.18	6.61	3.93	
847.0	99.0	12.0	12.0	4.2	3.52	7.62	7.56	7.37	7.34	6.33	5.64	7.05	4.79	7.27	5.23	10.05	7.33	9.6	8.49	4.61	5.63	4.55	
848.0	77.0	8.0	8.0	9.94	9.73	4.83	3.52	8.86	3.86	5.06	4.65	5.69	10.24	6.32	7.04	6.37	4.26	8.15	7.56	5.5	9.39	4.69	
849.0	83.0	5.0	5.0	8.64	7.46	5.85	5.98	10.12	7.65	9.11	4.19	5.74	4.77	10.1	7.07	7.19	10.16	10.36	10.07	6.46	7.0	8.89	
850.0	87.0	5.0	5.0	7.89	5.92	7.9	7.83	9.07	7.85	7.3	9.71	9.99	4.25	6.88	8.17	8.21	8.25	7.18	4.78	7.08	3.83	9.06	
851.0	91.0	9.0	9.0	3.53	4.34	9.0	6.49	6.04	8.88	5.18	6.21	8.48	6.9	3.57	3.98	8.55	9.53	7.09	6.79	9.28	10.14	8.27	
852.0	93.0	4.0	4.0	5.53	4.47	7.4	8.02	3.66	8.0	4.68	8.83	9.73	9.18	6.29	9.44	4.57	4.98	6.47	8.55	3.87	9.9	6.88	
853.0	95.0	8.0	8.0	4.21	3.82	6.31	10.06	10.16	10.21	8.83	7.63	10.24	4.53	3.96	10.15	8.81	4.61	8.19	7.97	6.38	6.47	8.68	
854.0	99.0	12.0	12.0	6.57	7.06	4.94	6.47	6.2	4.27	4.42	8.23	9.79	9.76	4.39	9.23	9.74	3.86	8.89	6.1	8.94	9.32	6.15	
855.0	82.0	6.0	6.0	9.47	5.53	10.39	6.61	10.09	6.35	5.78	4.44	8.13	6.78	4.12	7.96	8.46	5.24	6.93	8.32	6.17	10.16	4.81	
856.0	84.0	12.0	12.0	8.97	6.86	4.21	4.64	6.78	6.93	9.87	3.74	4.81	9.17	4.23	4.5	5.94	8.44	7.86	9.02	8.5	8.53	6.01	
857.0	89.0	14.0	14.0	6.82	4.64	4.0	5.61	6.73	6.12	9.97	6.57	7.91	3.86	7.35	9.38	6.43	7.13	8.96	4.66	8.18	9.02	4.73	
858.0	49.0	12.0	12.0	6.45	4.09	3.72	10.3	5.25	7.27	9.72	6.33	3.54	9.43	5.11	7.15	4.64	8.03	8.82	3.85	10.44	5.55	7.61	
859.0	13.0	3.0	3.0	4.81	9.77	6.19	10.02	8.37	7.04	6.71	9.19	8.37	6.93	10.0	4.78	6.66	7.41	5.04	7.31	3.77	9.16	10.12	
860.0	97.0	9.0	9.0	7.94	9.33	3.99	4.38	4.39	9.46	7.05	8.21	10.13	4.36	9.37	3.86	9.83	8.22	6.61	6.41	5.87	7.28	8.58	
861.0	42.0	4.0	4.0	7.25	6.91	8.3	10.5	7.92	10.11	4.8	9.83	5.56	10.32	8.86	5.94	6.14	6.12	9.94	7.47	7.24	3.66	9.06	
862.0	82.0	6.0	6.0	5.06	5.06	6.68	10.34	6.45	6.66	6.65	4.63	7.77	9.27	6.6	9.76	10.11	4.5	3.53	5.87	6.96	6.17	6.49	
863.0	87.0	5.0	5.0	4.01	4.68	4.42	6.81	6.42	10.48	4.88	4.65	5.44	4.87	6.85	3.58	6.26	4.48	9.46	7.07	9.45	7.58	5.6	
864.0	88.0	4.0	4.0	8.52	7.38	10.04	9.45	8.17	3.57	5.33	6.34	6.08	5.46	10.14	7.27	7.55	5.87	8.55	7.61	8.97	9.47	9.06	
865.0	91.0	9.0	9.0	4.75	9.81	9.53	9.09	6.53	8.54	4.8	9.15	6.06	6.7	6.32	8.12	8.79	9.8	8.0	8.62	3.53	3.98	6.98	
866.0	94.0	13.0	13.0	5.11	9.08	9.53	4.1	10.23	3.86	7.34	5.48	6.8	8.57	8.95	8.75	4.24	4.55	7.88	10.05	4.48	4.23	8.17	
867.0	98.0	15.0	15.0	5.53	9.04	4.94	10.31	10.45	4.02	6.32	7.15	4.24	3.55	5.14	7.32	4.72	5.48	8.64	3.91	3.91	4.04	8.15	
868.0	100.0	14.0	14.0	10.13	4.53	4.39	8.21	9.63	5.52	6.7	6.09	6.63	5.33	7.85	5.66	9.67	4.89	9.79	6.66	10.29	8.85	7.61	
869.0	40.0	11.0	11.0	8.01	8.22	6.62	4.79	9.85	4.24	7.05	5.01	3.62	9.3	8.57	9.76	4.17	5.64	5.13	8.7	4.94	10.47	3.6	
870.0	86.0	15.0	15.0	5.22	5.5	8.23	9.19	4.15	7.25	8.76	5.22	7.7	6.31	6.7	4.19	5.76	9.21	4.56	9.68	8.6	8.67	5.42	
871.0	89.0	14.0	14.0	9.48	4.17	4.04	6.62	4.06	4.46	5.34	5.62	5.86	7.43	10.36	10.24	5.51	9.81	10.13	4.96	4.11	6.41	6.74	
872.0	92.0	10.0	10.0	8.35	7.82	5.1	5.96	8.23	8.79	9.71	9.46	8.57	8.02	4.4	3.53	9.03	9.05	4.27	8.49	5.76	4.86	9.78	
873.0	95.0	8.0	8.0	10.1	9.18	6.59	9.06	5.04	6.17	5.67	3.74	5.24	5.89	5.69	6.74	8.28	8.69	4.08	7.4	5.86	6.28	7.86	
874.0	98.0	15.0	15.0	5.59	5.22	7.52	9.82	5.53	4.34	3.84	8.82	8.71	6.73	6.71	7.23	4.25	10.26	5.73	8.34	7.2	3.6	6.27	
875.0	81.0	3.0	3.0	4.7	8.9	3.51	8.41	9.28	7.65	4.86	5.59	7.83	7.79	5.2	5.85	6.63	9.93	10.19	3.57	6.62	8.54	6.55	
876.0	84.0	12.0	12.0	6.0	7.86	5.12	8.19	6.81	5.52	4.97	6.6	9.94	9.86	9.36	6.06	8.98	4.62	9.63	8.2	7.53	9.46	6.93	
877.0	87.0	5.0	5.0	8.65	8.66	3.72	3.76	9.36	4.22	8.79	4.1	8.59	9.18	7.93	4.34	9.93	5.33	10.1	7.34	4.45	8.15	6.23	
878.0	90.0	4.0	4.0	9.43	5.83	5.24	7.25	3.91	6.52	8.7	7.67	5.94	7.84	8.17	10.04	7.85	9.56	4.16	10.25	4.43	9.38	9.23	
879.0	93.0	4.0	4.0	7.9	6.55	7.26	8.34	10.12	9.1	10.18	10.19	8.12	6.54	10.08	5.24	8.92	6.78	6.33	10.24	9.86	7.844873203593529	0.43285702000115533	
880.0	96.0	15.0	15.0	5.36	3.68	5.74	5.45	4.83	4.37	8.27	4.65	5.62	8.64	8.55	10.13	9.43	8.5	8.42	5.68	3.97	7.04	9.38	
881.0	99.0	12.0	12.0	7.45	7.37	4.09	6.21	10.37	7.61	7.99	6.42	4.33	6.81	5.18	10.4	5.67	7.6	3.89	7.73	9.9	6.69	9.07	
882.0	82.0	6.0	6.0	8.22	9.59	9.63	6.58	6.85	4.44	5.52	4.15	8.05	4.54	8.44	3.87	7.53	4.44	5.79	6.92	9.82	3.68	4.83	
883.0	85.0	3.0	3.0	4.06	9.33	9.7	10.41	5.32	4.07	4.35	3.5	10.44	8.31	3.66	10.49	10.23	4.11	8.43	10.48	7.31	10.32	5.27	
884.0	88.0	4.0	4.0	4.57	5.52	5.1	4.44	4.54	6.3	7.48	5.54	9.49	6.51	7.32	3.66	5.67	4.18	7.79	7.48	6.65	8.58	3.93	
885.0	91.0	9.0	9.0	10.06	9.41	6.05	5.63	9.23	7.01	10.0	6.0	8.92	6.39	7.67	7.37	9.79	9.83	7.37	9.53	6.0	7.32	9.831348199833432	
886.0	94.0	13.0	13.0	6.75	3.51	3.71	5.65	10.09	4.24	7.91	9.4	6.47	7.35	9.53	10.09	7.43	7.7	7.77	10.11	7.88	4.47	4.2	
887.0	97.0	9.0	9.0	4.63	7.81	7.88	7.81	8.54	7.94	10.34	9.93	4.61	4.45	8.05	7.78	10.18	4.41	6.84	10.14	7.85	3.9	5.04	
888.0	100.0	14.0	14.0	6.17	5.45	8.75	6.99	7.24	5.8	7.0	4.31	7.57	9.18	6.94	10.27	5.45	6.34	8.98	6.63	10.44	7.03	8.41	
889.0	83.0	5.0	5.0	6.84	8.24	5.08	4.96	10.09	4.67	5.22	5.77	6.81	10.21	7.38	6.35	10.17	4.86	6.5	10.42	6.71	7.54	4.63	
890.0	86.0	15.0	15.0	8.08	6.52	4.13	7.87	3.63	6.85	5.72	8.05	7.67	6.23	7.83	4.95	6.04	4.87	10.24	8.13	5.5	9.16	9.12	
891.0	89.0	14.0	14.0	9.01	4.82	9.19	5.8	4.93	10.2	6.09	4.75	4.45	7.73	4.63	9.39	6.79	9.72	10.3	7.61	6.94	8.87	8.99	
892.0	92.0	10.0	10.0	4.43	7.75	10.32	10.0	9.47	9.92	4.11	7.17	10.1	7.28	7.07	9.7	9.83	4.3	9.33	9.93	6.35	7.95	5.279046801735035	
893.0	95.0	8.0	8.0	9.13	8.32	6.27	6.72	5.22	10.12	7.5	4.26	6.76	3.96	6.49	7.41	10.17	7.58	9.78	8.19	10.2	9.15	6.12	
894.0	78.0	8.0	8.0	4.56	6.31	7.03	7.92	7.27	9.8	3.93	5.67	7.54	7.41	6.39	7.86	9.05	9.67	7.64	6.19	5.35	10.1	10.06	
895.0	68.0	5.0	5.0	4.61	5.95	6.91	6.22	8.61	7.19	9.79	4.65	9.01	10.09	5.27	7.64	5.48	4.09	5.47	10.26	8.69	5.45	9.0	
896.0	84.0	12.0	12.0	10.36	3.87	6.17	8.5	4.84	7.9	9.04	6.65	3.85	6.74	9.81	8.13	6.55	8.84	5.47	7.53	6.79	9.11	8.37	
897.0	72.0	11.0	11.0	4.31	8.28	8.2	9.1	8.27	9.48	5.71	6.59	5.09	8.75	8.98	5.3	8.14	10.14	7.68	9.15	7.24	9.52	1.6717669622723852	
898.0	90.0	4.0	4.0	5.09	9.86	9.64	4.28	9.82	4.57	9.4	7.55	4.45	6.24	8.31	5.43	6.65	5.24	4.08	7.02	9.21	9.08	7.77	
899.0	94.0	13.0	13.0	7.49	5.92	7.45	7.51	10.14	5.4	4.83	10.42	8.09	8.3	7.57	9.56	4.8	6.87	5.69	9.52	8.15	7.21	7.16	
900.0	53.0	12.0	12.0	4.19	9.53	3.57	6.51	9.95	9.16	4.03	7.03	7.78	4.72	9.16	6.66	8.08	3.92	8.69	6.6	9.88	9.66	7.14	
901.0	69.0	12.0	12.0	4.59	8.34	10.28	3.59	6.97	5.9	7.17	9.3	4.48	7.92	7.0	8.89	6.07	5.77	4.44	5.96	8.1	7.79	10.44	
902.0	82.0	6.0	6.0	6.61	4.07	3.78	7.3	10.0	6.81	8.06	7.43	8.09	8.02	9.14	4.84	8.99	5.13	3.6	3.9	4.78	8.16	3.95	
903.0	85.0	3.0	3.0	5.7	7.11	9.24	8.11	9.86	5.22	9.72	5.1	5.29	5.77	5.97	8.67	6.59	5.22	6.93	4.02	4.64	3.79	9.64	
904.0	88.0	4.0	4.0	9.4	9.7	8.88	8.22	7.27	8.93	9.22	8.25	5.7	4.25	3.71	7.21	6.67	3.73	4.04	6.23	5.92	9.33	5.61	
905.0	71.0	11.0	11.0	8.6	5.6	8.57	4.42	9.41	6.84	9.61	8.37	9.93	4.5	3.57	4.84	9.39	3.73	8.66	7.99	7.35	5.76	6.92	
906.0	80.0	3.0	3.0	4.26	8.91	6.24	7.69	9.26	5.02	4.08	5.09	10.08	10.48	9.38	8.34	7.84	5.55	6.93	5.57	4.67	5.91	7.63	
907.0	97.0	9.0	9.0	8.42	10.21	4.72	5.44	6.63	3.59	4.06	7.73	3.81	9.67	3.64	6.29	9.88	3.56	4.66	7.13	8.62	7.85	10.17	
908.0	100.0	14.0	14.0	5.62	4.77	7.15	5.64	8.75	3.54	7.78	3.66	4.72	8.54	5.32	7.09	9.84	3.99	9.59	5.69	5.76	9.88	8.29	
909.0	23.0	7.0	7.0	6.45	4.07	3.93	5.62	5.75	7.41	4.32	7.08	7.94	9.97	10.07	6.55	5.94	9.8	5.54	7.27	7.75	10.21	4.39	
910.0	86.0	15.0	15.0	10.11	5.76	9.49	5.2	4.18	7.7	9.4	3.95	7.93	4.38	7.69	8.08	7.7	5.26	4.12	8.52	10.14	6.54	7.26	
911.0	45.0	5.0	5.0	5.16	5.27	5.29	7.28	9.35	7.52	10.31	5.53	8.64	10.49	5.93	8.31	4.44	9.47	7.67	4.41	3.86	6.44	6.62	
912.0	79.0	7.0	7.0	10.48	3.54	7.59	7.85	8.92	3.73	4.4	7.89	7.6	9.47	9.32	5.46	9.05	4.86	6.52	8.44	5.25	3.97	3.89	
913.0	66.0	12.0	12.0	4.8	8.09	7.4	3.68	9.14	9.5	4.34	7.33	3.54	4.26	6.55	6.39	5.38	9.4	5.88	7.37	7.73	9.76	5.31	
914.0	70.0	11.0	11.0	3.99	6.21	8.09	5.36	10.13	9.67	9.84	10.08	10.24	7.48	10.1	8.42	9.84	10.31	8.84	10.11	5.799428248532594	2.2579345173479997	8.984460979311962	
915.0	72.0	11.0	11.0	9.69	3.52	9.48	3.92	9.21	9.51	6.41	8.15	8.63	3.81	6.93	7.54	9.47	8.51	9.09	8.85	5.05	7.0	10.19	
916.0	75.0	8.0	8.0	8.84	6.67	7.32	9.37	7.62	8.03	7.3	6.22	3.52	9.65	9.58	7.8	9.48	8.52	9.76	6.2	5.27	4.25	8.88	
917.0	78.0	8.0	8.0	9.71	3.75	5.57	8.63	7.14	9.71	5.36	9.53	9.58	10.3	4.19	5.08	3.82	8.67	5.55	10.21	10.05	6.08	3.55	
918.0	62.0	7.0	7.0	9.69	7.08	8.75	5.44	9.37	6.37	3.77	8.64	7.8	5.07	7.32	7.25	5.14	7.75	8.44	7.79	7.23	10.13	7.88	
919.0	64.0	4.0	4.0	6.35	4.36	5.24	7.77	4.24	7.86	7.03	7.43	7.86	5.11	5.07	3.56	9.52	4.61	6.95	8.44	5.09	4.24	3.79	
920.0	67.0	3.0	3.0	5.99	7.78	9.46	4.82	8.34	10.17	8.75	6.88	6.12	6.11	8.49	7.09	9.91	5.93	8.99	10.22	9.81	4.3	2.544868975602106	
921.0	70.0	11.0	11.0	5.96	9.81	3.84	6.1	9.41	8.86	8.68	4.85	6.82	3.9	9.55	9.53	8.92	6.0	9.88	8.11	6.96	9.57	4.23	
922.0	73.0	13.0	13.0	8.37	7.24	9.25	7.63	9.0	10.3	9.68	6.64	4.16	9.36	7.8	7.67	6.45	8.95	5.33	7.73	6.08	9.89	10.333913660102084	
923.0	76.0	6.0	6.0	9.59	10.46	7.97	6.67	5.33	4.96	5.91	5.2	8.45	8.1	7.31	8.46	8.43	4.05	4.08	4.37	6.2	6.83	9.67	
924.0	79.0	7.0	7.0	4.39	10.46	6.56	7.87	5.32	3.64	4.54	7.18	6.16	9.43	6.98	8.31	10.33	10.38	9.64	5.5	9.49	6.4	3.95	
925.0	62.0	7.0	7.0	3.88	5.08	4.01	5.84	8.25	6.52	3.87	6.73	5.43	5.95	10.39	6.99	6.11	5.92	8.88	9.69	4.29	9.35	4.3	
926.0	65.0	11.0	11.0	4.47	6.75	5.51	8.24	9.7	8.68	10.04	5.85	4.45	7.47	3.93	7.57	5.59	5.96	6.59	6.96	6.94	3.66	8.47	
927.0	68.0	5.0	5.0	7.9	6.76	6.29	4.13	4.34	7.51	4.22	3.97	9.2	4.89	7.85	8.47	6.34	3.67	5.39	6.4	10.44	5.42	6.68	
928.0	71.0	11.0	11.0	6.15	7.43	4.47	6.12	4.02	4.95	6.55	8.93	10.03	10.43	4.01	4.62	5.75	4.71	4.3	3.81	4.88	3.78	9.35	
929.0	74.0	1.0	1.0	5.18	5.45	8.08	5.94	6.1	5.11	6.38	4.47	3.61	5.87	5.8	3.53	7.98	6.0	6.6	8.49	8.31	8.26	10.46	
930.0	77.0	8.0	8.0	8.43	3.71	3.59	10.14	9.03	6.16	5.12	8.77	4.74	7.15	4.22	4.62	10.46	3.98	4.35	9.57	3.58	3.72	4.64	
931.0	62.0	7.0	7.0	7.35	9.16	7.35	10.11	5.12	5.06	5.41	9.0	4.09	7.81	4.43	9.64	4.84	5.04	3.91	6.93	9.74	4.59	9.48	
932.0	63.0	15.0	15.0	4.76	9.8	6.74	4.45	8.89	6.49	5.06	10.18	6.29	4.16	5.29	8.71	4.55	4.53	7.2	8.16	7.45	10.33	10.29	
933.0	66.0	12.0	12.0	8.71	4.46	4.33	10.13	4.3	6.07	3.53	7.06	9.08	8.85	6.98	6.23	9.65	5.25	7.65	10.31	10.41	7.94	6.11	
934.0	70.0	11.0	11.0	3.63	9.46	5.23	9.76	9.17	10.3	3.6	8.37	4.8	6.38	5.72	5.44	9.33	6.54	6.85	6.2	6.64	6.57	5.02	
935.0	73.0	13.0	13.0	7.39	9.56	4.12	5.67	9.29	10.15	4.94	5.18	7.23	7.54	5.11	3.56	7.57	8.78	8.34	6.08	4.53	8.7	6.61	
936.0	75.0	8.0	8.0	7.65	8.86	5.72	9.54	8.9	6.13	6.36	7.77	3.93	8.33	7.79	3.94	4.0	7.96	4.99	9.04	10.03	9.33	9.5	
937.0	78.0	8.0	8.0	6.93	6.38	5.43	9.31	7.73	3.76	3.84	6.26	6.78	9.93	6.87	6.99	3.89	5.64	4.66	8.26	8.1	8.62	6.59	
938.0	62.0	7.0	7.0	6.14	6.11	4.99	8.77	7.77	10.5	7.89	9.44	5.13	4.96	7.28	6.0	7.17	9.8	6.65	9.97	6.05	9.56	8.1	
939.0	64.0	4.0	4.0	3.9	4.08	8.72	4.26	10.02	10.02	8.72	4.5	6.73	6.58	7.78	5.22	8.57	4.47	9.51	9.35	7.26	7.84	8.0	
940.0	67.0	3.0	3.0	8.34	6.05	4.05	3.75	4.19	7.46	9.12	8.97	10.15	8.64	5.33	5.23	10.14	5.72	4.68	10.02	7.14	3.95	4.46	
941.0	70.0	11.0	11.0	9.34	4.61	4.43	4.21	7.54	7.92	6.61	4.17	7.1	9.99	3.88	3.72	5.11	5.31	8.22	9.32	6.06	4.1	5.85	
942.0	73.0	13.0	13.0	5.07	9.85	4.52	6.03	5.19	8.49	3.63	4.02	4.27	9.0	7.95	3.72	9.38	9.85	6.92	3.85	7.09	3.69	8.34	
943.0	76.0	6.0	6.0	6.73	7.74	3.59	9.46	5.87	5.11	4.73	7.75	10.49	8.08	3.68	8.83	8.56	8.24	4.34	7.13	5.29	4.15	9.97	
944.0	79.0	7.0	7.0	5.75	3.58	4.9	7.15	9.98	4.08	5.97	4.19	7.76	6.85	10.05	9.35	7.08	6.77	7.13	4.37	3.92	9.74	4.78	
945.0	62.0	7.0	7.0	7.85	4.17	6.89	6.82	9.81	8.54	4.22	8.02	7.26	3.55	6.58	8.02	7.85	8.33	5.27	8.94	8.22	6.96	10.34	
946.0	65.0	11.0	11.0	7.04	5.7	9.0	5.69	5.37	10.14	5.11	10.36	10.29	7.07	9.22	8.86	9.54	5.28	3.55	10.25	5.95	9.0	10.5	
947.0	68.0	5.0	5.0	9.33	9.09	5.67	3.93	7.69	5.0	8.02	7.75	3.87	9.43	8.47	6.17	10.45	3.54	5.01	5.62	10.15	8.08	6.31	
948.0	71.0	11.0	11.0	4.43	6.18	6.66	3.74	8.82	5.97	8.28	4.76	8.52	4.85	8.33	3.86	7.38	3.65	8.5	9.78	6.58	8.42	6.84	
949.0	74.0	1.0	1.0	4.36	5.64	3.62	8.4	9.77	5.19	7.42	6.99	3.67	9.81	5.12	6.09	4.59	6.98	10.09	3.9	9.5	4.03	5.52	
950.0	77.0	8.0	8.0	8.19	4.34	4.66	10.48	3.98	7.86	6.25	7.3	7.61	8.08	10.28	8.91	10.33	7.21	8.13	10.35	9.67	10.1	1.0607200356269435	
951.0	62.0	7.0	7.0	5.04	4.56	5.89	9.86	4.06	3.93	9.52	8.79	9.12	8.46	4.09	10.43	4.28	10.35	6.86	3.7	6.24	8.85	3.6	
952.0	63.0	15.0	15.0	10.22	10.15	6.87	6.74	9.14	4.03	8.68	5.91	6.76	10.3	4.08	8.82	7.37	3.78	6.23	6.01	7.9	4.27	3.53	
953.0	66.0	12.0	12.0	5.21	4.96	5.06	6.77	9.56	6.28	5.99	7.86	4.35	7.36	8.46	6.84	5.91	9.86	6.2	7.21	5.09	10.43	9.19	
954.0	71.0	11.0	11.0	6.22	8.96	4.1	4.54	8.35	6.3	5.51	6.33	6.14	8.34	7.5	9.15	8.98	10.26	5.74	10.02	3.97	9.73	4.23	
955.0	73.0	13.0	13.0	7.34	10.03	9.49	9.6	7.64	4.16	9.17	4.25	7.92	9.12	7.33	4.03	9.52	6.48	4.38	9.16	5.88	9.21	9.11	
956.0	75.0	8.0	8.0	9.0	7.03	4.64	10.19	3.95	7.75	5.39	8.79	9.1	5.29	5.67	6.19	8.95	4.72	9.03	5.85	7.74	9.2	9.84	
957.0	78.0	8.0	8.0	7.15	3.51	8.0	6.57	8.16	5.24	4.64	4.57	4.55	6.51	4.12	7.28	10.23	9.92	4.11	5.02	3.72	3.75	9.93	
958.0	63.0	15.0	15.0	8.24	8.71	4.76	4.18	5.09	6.35	7.96	5.76	7.51	10.45	5.1	5.87	9.22	5.62	9.97	8.2	9.14	6.27	5.79	
959.0	64.0	4.0	4.0	8.8	5.63	6.85	10.46	10.01	8.63	7.75	8.94	9.83	3.93	6.88	10.33	9.21	4.7	9.7	4.0	8.43	3.56	4.12	
960.0	67.0	3.0	3.0	9.76	7.72	4.57	6.52	8.12	7.73	5.03	7.48	8.36	4.57	8.93	8.77	9.94	4.72	10.05	5.21	4.47	6.62	10.35	
961.0	74.0	1.0	1.0	5.69	6.54	8.85	6.76	9.16	8.77	8.44	4.54	8.57	3.98	6.24	8.07	4.77	9.7	7.89	8.79	8.89	7.67	6.18	
962.0	75.0	8.0	8.0	4.9	5.21	3.55	3.61	10.22	4.92	4.73	5.15	4.15	7.39	8.04	8.7	7.0	5.73	8.59	4.65	10.07	5.94	8.1	
963.0	76.0	6.0	6.0	3.53	5.9	8.59	8.18	4.15	8.26	4.03	5.77	8.66	9.88	8.15	8.15	3.57	5.96	7.45	7.73	8.99	9.76	5.74	
964.0	61.0	12.0	12.0	7.44	7.85	7.52	6.64	4.07	7.49	7.82	5.06	4.5	7.74	7.07	8.13	10.15	4.35	4.77	5.46	4.79	9.67	9.89	
965.0	63.0	15.0	15.0	7.9	7.72	3.92	9.45	4.09	8.6	6.09	5.25	8.05	6.38	9.52	5.11	6.81	5.58	8.06	8.27	4.42	10.48	5.6	
966.0	65.0	11.0	11.0	9.46	8.46	8.55	8.78	6.33	4.69	9.71	6.9	9.42	8.63	7.05	9.13	5.15	8.32	6.14	4.8	7.03	7.53	7.83	
967.0	68.0	5.0	5.0	9.73	10.31	6.7	5.35	7.12	5.61	5.45	7.51	4.05	6.6	5.45	5.98	8.88	4.31	10.06	8.21	7.31	5.59	9.1	
968.0	73.0	13.0	13.0	4.72	10.23	5.99	4.29	7.7	9.27	5.05	8.56	9.04	4.06	6.08	5.31	7.91	3.57	7.6	8.13	8.78	5.08	5.65	
969.0	75.0	8.0	8.0	6.35	4.75	6.37	8.87	5.25	6.2	5.66	9.48	9.97	6.35	7.94	6.76	8.79	10.01	3.84	8.83	4.04	8.21	7.56	
970.0	77.0	8.0	8.0	7.99	5.72	4.94	8.73	4.84	8.02	7.47	8.65	7.23	10.3	4.96	8.94	7.34	5.18	3.87	9.91	10.04	5.62	7.19	
971.0	80.0	3.0	3.0	5.86	3.52	9.5	7.59	8.91	7.9	5.17	6.4	3.97	7.86	7.91	9.8	10.09	8.91	7.14	4.44	4.72	9.76	5.14	
972.0	63.0	15.0	15.0	9.84	8.92	10.16	8.83	10.28	5.64	9.8	6.1	4.25	8.34	9.29	3.63	4.99	6.9	10.18	6.9	8.73	5.1	5.93	
973.0	66.0	12.0	12.0	8.78	7.38	7.41	8.09	4.3	10.07	7.55	3.72	4.25	9.46	7.85	7.41	3.72	9.06	6.81	10.34	5.77	10.15	10.48	
974.0	70.0	11.0	11.0	4.22	6.69	9.45	6.36	7.76	9.75	8.11	5.24	6.32	5.21	3.85	10.4	5.68	7.95	4.12	8.45	8.67	9.94	10.15	
975.0	73.0	13.0	13.0	10.12	10.13	4.44	7.74	9.48	8.52	10.08	7.03	9.38	6.06	7.08	3.76	5.58	6.1	9.31	4.15	3.52	8.53	4.43	
976.0	75.0	8.0	8.0	4.68	8.1	5.2	9.05	10.39	6.28	8.3	9.89	6.42	5.05	6.88	8.57	4.5	5.69	6.91	5.14	4.87	6.54	9.56	
977.0	65.0	11.0	11.0	9.47	5.01	9.7	9.24	5.02	8.83	6.58	4.85	8.27	5.48	3.91	7.15	8.34	6.24	3.88	7.22	5.46	6.8	4.26	
978.0	68.0	5.0	5.0	10.44	5.81	6.69	6.36	3.77	10.44	4.72	7.6	7.17	5.0	9.83	5.92	3.9	6.62	6.03	8.13	8.28	5.87	4.51	
979.0	64.0	4.0	4.0	10.21	5.88	10.0	10.01	6.35	4.4	7.86	6.59	6.51	6.29	4.32	4.45	3.92	7.73	7.14	6.82	8.54	8.21	4.33	
980.0	100.0	14.0	14.0	4.98	10.48	10.13	8.16	4.69	5.93	4.3	6.47	6.71	6.8	4.64	6.66	7.81	4.75	3.99	9.09	7.32	4.6	6.44	
981.0	71.0	11.0	11.0	9.91	5.1	8.18	7.28	6.42	10.18	10.12	8.94	8.1	9.37	7.66	5.89	9.48	5.37	6.93	6.93	6.52	4.21	6.62	
982.0	27.0	13.0	13.0	7.5	3.56	8.01	8.26	4.17	9.94	8.98	5.89	6.72	3.52	7.56	10.01	6.55	4.17	6.97	9.87	7.36	5.57	9.13	
983.0	78.0	8.0	8.0	5.16	3.8	7.84	9.25	4.97	3.53	3.96	9.42	5.47	7.12	6.1	7.49	6.99	3.97	8.56	7.99	7.22	6.99	9.98	
984.0	26.0	1.0	1.0	4.11	6.01	6.74	6.91	4.21	4.31	8.01	9.81	10.03	8.85	8.54	5.17	4.22	7.35	7.43	6.94	7.39	7.79	7.55	
985.0	64.0	4.0	4.0	5.77	7.15	6.54	3.75	9.29	4.59	10.18	6.69	4.53	6.53	4.89	6.02	8.56	3.57	9.69	6.24	9.77	6.77	5.51	
986.0	66.0	12.0	12.0	5.47	9.78	4.0	8.35	4.73	4.96	7.33	4.98	7.53	4.18	9.44	6.7	7.7	7.99	9.49	4.35	3.83	5.56	3.76	
987.0	70.0	11.0	11.0	5.62	5.23	8.78	7.49	3.73	7.11	9.1	9.31	5.66	5.14	6.1	4.99	3.65	6.19	7.74	4.07	10.34	6.69	7.75	
988.0	72.0	11.0	11.0	8.16	6.5	6.99	8.94	9.56	7.91	3.7	7.64	8.54	7.8	4.72	8.65	8.68	3.8	9.53	6.36	9.26	7.62	9.59	
989.0	22.0	6.0	6.0	7.28	7.93	6.97	3.86	3.91	4.21	8.17	6.96	4.04	8.89	4.64	5.6	4.81	4.83	5.34	8.05	4.13	4.51	6.33	
990.0	78.0	8.0	8.0	9.98	9.54	9.26	6.12	5.35	8.71	9.27	4.16	7.39	6.57	3.91	8.34	7.84	5.26	5.37	3.86	4.29	3.63	10.25	
991.0	62.0	7.0	7.0	3.73	4.93	6.57	7.44	6.05	9.93	8.42	10.39	6.13	7.79	8.57	9.65	5.74	5.77	10.09	4.33	8.22	9.97	6.45	
992.0	65.0	11.0	11.0	10.4	5.3	6.67	4.59	9.05	3.5	9.05	9.28	10.5	4.27	8.32	4.19	3.92	8.58	8.33	9.59	9.01	7.98	5.79	
993.0	66.0	12.0	12.0	10.42	4.07	8.68	6.39	7.52	6.75	5.39	9.64	9.43	7.08	4.99	4.68	9.59	3.96	6.22	3.84	3.59	4.86	7.36	
994.0	71.0	11.0	11.0	7.31	5.78	3.9	5.95	6.02	9.33	7.09	7.22	8.51	5.4	7.25	6.33	4.73	3.61	6.49	9.64	5.42	3.75	3.83	
995.0	74.0	1.0	1.0	8.56	10.06	6.25	4.74	9.45	6.18	8.05	7.02	5.73	7.23	7.54	8.45	3.95	6.45	7.59	8.79	6.04	4.09	5.83	
996.0	75.0	8.0	8.0	4.79	4.87	10.05	7.92	3.67	8.57	8.77	6.53	8.67	8.86	7.95	9.89	9.31	4.03	4.83	4.36	4.86	4.89	6.72	
997.0	66.0	12.0	12.0	10.25	7.6	10.43	9.75	8.44	7.88	8.27	4.28	4.23	3.65	4.08	9.01	9.1	6.02	7.01	9.94	7.58	6.05	3.58	
998.0	62.0	7.0	7.0	4.6	3.9	5.14	6.77	4.44	7.64	6.66	6.08	9.26	4.09	9.38	7.99	3.95	3.76	5.45	8.03	7.34	8.67	5.59	
999.0	65.0	11.0	11.0	8.04	7.57	4.81	9.12	8.33	9.67	3.67	5.31	4.56	7.87	8.61	6.38	8.94	6.93	8.97	6.72	8.49	7.19	8.58	
1000.0	67.0	3.0	3.0	8.86	3.95	7.83	9.12	7.84	8.11	10.01	9.62	9.5	7.44	4.37	5.27	9.54	5.31	6.39	4.4	10.35	4.5	7.39	
1001.0	71.0	11.0	11.0	8.21	6.46	7.21	7.12	5.24	6.66	5.49	9.12	6.72	7.45	4.87	6.88	5.46	9.29	9.33	10.4	9.51	7.58	6.71	
1002.0	74.0	1.0	1.0	9.11	9.08	8.73	6.61	7.82	9.27	7.51	6.05	7.47	6.98	4.87	7.78	6.79	6.0	3.79	7.47	4.67	7.29	8.33	
1003.0	77.0	8.0	8.0	4.72	8.58	6.38	8.86	7.56	7.53	10.46	5.88	7.42	6.75	7.67	10.34	9.59	6.31	6.95	4.33	7.72	7.24	4.43	
1004.0	61.0	12.0	12.0	3.96	4.4	9.3	9.47	10.49	4.69	7.27	9.98	4.91	4.82	9.32	9.57	7.58	10.0	8.62	6.56	9.25	5.15	4.41	
1005.0	42.0	4.0	4.0	5.23	9.35	7.27	4.53	10.34	7.16	3.53	5.0	5.04	7.74	7.69	7.52	6.45	9.23	5.63	5.86	9.14	6.98	4.35	
1006.0	67.0	3.0	3.0	5.06	6.58	7.01	4.38	9.19	6.73	9.25	5.94	6.89	8.57	10.05	6.86	5.51	4.61	7.18	5.11	5.3	7.65	8.33	
1007.0	57.0	14.0	14.0	6.62	3.7	8.12	4.75	4.45	5.59	7.97	4.74	8.65	4.59	6.66	5.62	4.89	5.52	10.21	6.85	8.12	6.29	6.79	
1008.0	73.0	13.0	13.0	4.63	10.28	6.11	4.39	5.92	5.38	9.7	6.09	10.38	6.44	5.95	8.59	4.01	4.69	8.38	9.73	5.05	8.88	7.3	
1009.0	58.0	11.0	11.0	7.59	9.12	8.32	8.0	6.53	3.58	6.92	9.95	8.35	10.08	8.42	9.1	7.24	8.05	4.3	4.94	6.74	7.87	9.77	
1010.0	96.0	15.0	15.0	7.92	8.34	6.36	8.32	10.35	5.53	4.63	5.51	7.13	5.41	8.79	4.32	5.37	7.26	9.02	6.86	6.44	10.11	9.32	
1011.0	58.0	11.0	11.0	4.77	4.23	6.31	7.86	8.86	10.41	7.53	9.19	5.73	6.89	7.49	9.97	4.74	3.55	8.37	5.09	6.64	5.23	8.11	
1012.0	63.0	15.0	15.0	4.73	5.64	4.07	10.41	7.3	10.31	8.45	5.92	8.85	3.58	3.65	3.96	5.42	5.33	10.14	5.97	5.5	6.57	6.31	
1013.0	67.0	3.0	3.0	9.91	8.84	3.63	4.83	3.56	8.11	6.4	8.86	6.57	4.26	5.86	7.42	9.8	4.69	6.61	8.75	8.49	10.21	6.04	
1014.0	70.0	11.0	11.0	5.81	5.18	4.76	5.35	8.36	7.85	5.38	7.93	4.33	4.56	8.29	9.11	8.22	5.16	10.44	8.89	9.54	9.26	4.02	
1015.0	89.0	14.0	14.0	5.87	6.18	7.84	8.72	10.02	5.66	6.45	7.98	7.46	10.48	8.37	9.22	3.9	7.3	5.88	9.03	9.59	9.5	9.725054002784532	
1016.0	75.0	8.0	8.0	7.71	7.61	5.9	5.13	9.86	3.71	10.06	8.59	9.78	8.77	7.22	3.96	4.46	5.34	7.53	6.59	10.25	4.46	9.49	
1017.0	79.0	7.0	7.0	4.87	4.66	3.88	10.14	6.27	5.68	3.58	5.14	8.88	7.66	5.16	3.86	9.27	6.07	9.86	3.97	4.69	4.26	9.41	
1018.0	63.0	15.0	15.0	8.3	6.29	6.74	8.38	3.83	7.08	4.18	7.91	5.0	5.93	9.33	6.17	8.67	8.05	6.09	5.86	8.03	10.48	8.56	
1019.0	51.0	2.0	2.0	7.45	9.16	6.35	7.18	8.96	10.49	4.32	5.59	9.13	4.66	9.32	9.54	7.51	5.12	4.43	4.36	5.25	10.39	8.9	
1020.0	64.0	4.0	4.0	4.67	3.89	3.76	3.98	5.74	7.36	9.28	10.44	4.03	7.62	10.24	7.43	7.17	7.89	8.45	4.02	10.22	3.77	7.72	
1021.0	55.0	6.0	6.0	7.5	3.98	9.46	3.93	9.67	8.68	6.96	3.91	3.9	5.68	5.65	7.48	4.02	9.03	7.25	5.71	3.82	3.76	4.51	
1022.0	60.0	3.0	3.0	10.18	5.35	9.69	8.88	7.79	4.41	5.42	6.28	9.68	4.9	5.55	9.23	5.08	5.67	9.78	6.01	3.82	8.99	9.21	
1023.0	3.0	6.0	6.0	7.53	10.15	6.77	4.45	4.36	5.01	3.51	8.62	9.57	9.52	6.12	9.75	9.44	8.61	6.16	7.32	6.66	5.24	9.67	
1024.0	61.0	12.0	12.0	4.05	9.91	5.08	7.9	4.72	9.05	6.38	8.01	8.2	9.02	5.55	10.35	8.25	4.08	9.7	9.15	6.78	9.27	7.77	
1025.0	63.0	15.0	15.0	5.53	5.64	5.53	5.83	8.45	9.94	7.88	6.54	7.27	7.31	8.47	6.97	6.93	10.03	9.91	9.8	8.16	8.77	8.558740078672631	
1026.0	66.0	12.0	12.0	7.01	7.75	3.81	8.98	7.55	7.86	8.61	4.82	9.94	5.96	8.88	10.36	4.0	6.38	7.85	5.08	8.79	4.13	4.07	
1027.0	69.0	12.0	12.0	5.25	7.58	7.85	3.69	9.07	8.09	7.55	4.67	9.34	9.6	4.56	4.18	5.56	8.37	6.17	9.34	10.14	7.64	9.24	
1028.0	71.0	11.0	11.0	5.88	7.24	9.46	9.82	4.87	4.93	9.66	6.3	3.83	7.52	9.4	5.93	6.85	5.7	8.97	8.69	7.68	9.19	10.07	
1029.0	89.0	14.0	14.0	10.22	8.44	6.01	4.65	8.07	8.58	7.93	6.74	10.39	9.85	10.24	4.75	10.32	4.22	8.3	8.05	8.16	6.06	0.432289211980689	
1030.0	77.0	8.0	8.0	8.41	5.71	5.03	6.29	10.08	8.93	4.5	7.26	3.82	6.07	3.93	9.61	9.16	9.36	4.53	6.64	10.04	10.37	5.2	
1031.0	62.0	7.0	7.0	9.88	7.54	4.35	7.91	10.03	5.5	3.52	6.31	4.25	9.1	4.46	5.42	7.22	8.26	6.44	9.19	3.59	7.06	4.56	
1032.0	63.0	15.0	15.0	7.46	10.28	5.89	3.6	10.45	8.18	7.46	5.45	7.47	5.39	6.55	6.13	4.16	7.33	5.99	7.27	6.25	9.03	4.83	
1033.0	68.0	5.0	5.0	8.19	8.96	4.26	7.47	7.62	6.52	6.48	4.47	10.23	9.21	4.66	5.85	4.72	4.75	5.68	4.93	5.52	5.94	7.38	
1034.0	97.0	9.0	9.0	10.49	6.3	10.36	4.22	8.46	9.92	9.15	10.38	7.64	6.2	3.71	9.63	10.12	7.52	3.59	3.5	4.16	4.75	7.81	
1035.0	57.0	14.0	14.0	6.76	4.0	6.09	10.18	9.31	6.67	6.11	6.65	7.05	9.43	3.68	6.97	8.38	5.14	5.21	5.55	9.6	6.03	5.46	
1036.0	99.0	12.0	12.0	9.84	7.62	7.83	5.58	8.03	10.21	9.34	5.28	9.99	4.8	10.1	9.31	5.34	9.13	5.95	9.9	9.05	4.02	0.6678770250414134	
1037.0	49.0	12.0	12.0	7.85	6.36	4.27	6.49	7.23	5.5	5.51	7.32	5.36	3.71	3.56	7.92	9.37	4.1	6.38	6.03	5.9	8.44	3.7	
1038.0	13.0	3.0	3.0	6.38	4.56	10.43	9.08	3.7	5.5	3.59	6.76	10.17	7.63	9.22	9.19	5.8	9.28	8.94	9.18	9.29	3.84	7.96	
1039.0	84.0	12.0	12.0	4.51	8.17	4.1	7.87	9.49	4.99	9.48	10.07	9.88	5.81	3.92	6.96	5.25	10.22	10.47	8.66	4.01	7.99	6.15	
1040.0	16.0	14.0	14.0	4.13	9.7	8.01	5.19	6.47	7.94	9.31	3.55	5.6	3.95	6.0	6.61	3.57	5.67	8.81	3.94	7.55	7.23	8.17	
1041.0	72.0	11.0	11.0	8.8	6.35	8.25	4.51	7.89	5.3	10.01	10.3	9.72	5.83	9.68	9.14	4.14	4.11	3.76	8.55	10.21	3.9	5.18	
1042.0	56.0	13.0	13.0	9.66	8.93	8.19	8.86	3.76	4.53	9.49	6.58	9.05	8.99	5.99	6.8	7.05	10.32	10.2	5.22	10.27	5.49	9.483520757207211	
1043.0	76.0	6.0	6.0	8.14	9.47	5.92	5.73	4.06	7.76	3.72	9.15	7.34	6.19	8.74	9.45	4.21	5.09	8.97	7.14	6.18	5.84	5.97	
1044.0	80.0	3.0	3.0	9.86	4.54	7.47	4.02	7.23	10.24	4.57	6.17	3.95	9.78	8.28	5.12	9.95	6.7	8.69	4.18	4.51	8.94	9.26	
1045.0	63.0	15.0	15.0	6.66	9.91	7.62	10.0	6.43	6.59	3.54	9.04	6.09	7.32	4.77	6.88	10.28	6.0	5.64	3.72	7.64	5.25	10.06	
1046.0	66.0	12.0	12.0	6.8	5.06	5.23	5.92	6.67	9.36	4.72	4.89	6.69	9.28	6.46	10.45	7.28	10.01	10.17	6.5	4.51	5.31	3.69	
1047.0	22.0	6.0	6.0	10.26	7.28	4.4	5.38	7.36	5.21	9.67	4.35	7.16	9.17	8.65	3.83	5.17	8.46	9.9	9.9	10.28	4.76	9.89	
1048.0	97.0	9.0	9.0	7.09	3.63	9.42	6.45	7.26	3.91	8.94	7.51	9.02	8.64	7.84	7.9	7.28	4.02	5.19	8.28	6.93	4.12	4.98	
1049.0	49.0	12.0	12.0	8.26	7.18	10.03	7.8	4.07	9.06	10.22	7.93	5.77	7.1	4.78	9.33	5.82	5.46	6.69	10.27	6.14	7.46	9.86	
1050.0	49.0	12.0	12.0	6.87	9.78	7.36	4.02	5.02	7.05	8.55	6.96	6.26	5.49	3.9	6.24	8.3	4.39	7.03	4.96	9.86	5.53	9.31	
1051.0	61.0	12.0	12.0	6.27	6.85	5.69	5.54	3.63	10.18	3.82	8.35	5.52	9.61	3.59	6.35	5.21	5.86	9.79	5.03	4.29	5.35	10.35	
1052.0	98.0	15.0	15.0	5.73	9.62	5.87	8.25	8.39	7.2	4.22	5.18	9.32	6.21	4.17	7.37	9.79	10.22	7.02	9.52	7.38	9.51	6.92	
1053.0	67.0	3.0	3.0	9.89	5.46	9.36	6.02	5.9	6.61	9.94	3.63	4.97	4.45	4.15	3.84	7.17	8.32	9.18	10.3	10.31	5.28	3.92	
1054.0	36.0	15.0	15.0	5.33	5.24	6.89	6.43	10.31	9.57	7.86	6.77	8.43	6.09	10.37	9.51	3.94	10.32	8.81	8.11	8.2	4.29	6.4	
1055.0	87.0	5.0	5.0	6.08	10.42	6.98	4.41	4.49	6.83	6.69	3.59	4.29	7.82	4.31	9.58	8.02	4.38	10.21	5.49	5.96	10.22	9.61	
1056.0	77.0	8.0	8.0	6.73	10.5	10.01	8.73	7.99	6.43	9.76	4.82	5.7	8.96	9.48	6.09	7.35	4.73	4.18	3.79	7.21	6.06	9.1	
1057.0	79.0	7.0	7.0	8.19	7.83	10.11	10.25	6.24	9.04	8.4	3.84	10.08	4.03	6.84	4.14	6.24	5.1	5.48	5.02	9.92	6.89	3.5	
1058.0	92.0	10.0	10.0	10.35	4.73	6.13	7.15	5.16	7.52	9.53	3.62	6.95	3.61	3.67	9.42	9.42	7.6	5.04	6.92	8.69	9.93	4.35	
1059.0	81.0	3.0	3.0	5.82	9.53	5.69	9.21	8.54	8.72	3.51	7.72	8.56	7.32	9.54	7.45	5.89	5.11	8.84	6.93	3.92	8.57	5.02	
1060.0	68.0	5.0	5.0	8.46	4.77	7.9	3.52	7.86	4.76	5.71	3.61	8.35	6.57	3.84	9.22	6.27	9.21	7.38	9.58	8.73	8.4	9.46	
1061.0	72.0	11.0	11.0	4.52	3.7	6.72	6.75	8.37	5.49	4.48	3.97	7.31	8.93	8.98	3.77	7.6	9.75	5.71	3.5	4.04	7.76	4.31	
1062.0	97.0	9.0	9.0	7.94	9.19	6.13	8.2	4.38	6.44	10.02	8.83	4.95	5.02	5.15	5.13	6.78	4.64	3.77	4.04	10.03	8.09	6.42	
1063.0	47.0	15.0	15.0	9.36	4.5	5.71	4.08	6.04	8.21	8.41	6.25	8.59	6.96	4.66	8.82	5.76	4.57	4.61	7.6	9.98	8.89	5.87	
1064.0	80.0	3.0	3.0	4.71	6.55	8.58	8.09	9.59	3.52	5.19	6.25	7.21	7.47	7.74	7.41	8.7	6.76	7.66	7.37	10.05	10.08	8.93	
1065.0	46.0	14.0	14.0	5.37	3.84	9.27	9.42	8.2	6.3	6.78	9.03	6.25	10.36	5.56	8.57	5.96	5.75	9.61	4.4	7.06	6.2	4.22	
1066.0	66.0	12.0	12.0	4.05	5.3	9.74	10.07	7.83	8.99	4.93	7.15	6.52	5.97	5.55	4.01	8.98	4.76	9.22	5.25	6.91	6.86	4.45	
1067.0	69.0	12.0	12.0	4.1	10.14	5.87	4.83	4.34	7.86	7.27	10.26	8.71	6.17	8.31	4.19	6.14	8.03	6.93	5.79	5.98	4.15	8.15	
1068.0	59.0	9.0	9.0	7.52	5.43	9.68	7.07	6.71	7.41	7.41	4.01	9.01	9.66	4.87	5.43	5.35	7.64	3.84	7.33	7.05	9.98	6.43	
1069.0	95.0	8.0	8.0	7.62	10.09	10.33	8.5	4.02	5.44	5.41	6.9	6.45	9.98	8.1	5.95	8.18	4.0	5.51	6.11	8.21	9.7	6.11	
1070.0	44.0	3.0	3.0	5.29	9.44	6.17	4.68	5.61	8.04	6.78	10.09	7.47	10.41	3.55	7.93	8.8	6.32	7.56	9.3	5.72	5.53	5.16	
1071.0	26.0	1.0	1.0	8.98	7.13	9.86	6.91	9.78	6.16	5.38	9.91	5.02	9.73	6.37	8.7	7.85	3.91	4.23	6.9	7.75	5.94	6.96	
1072.0	98.0	15.0	15.0	10.3	5.45	9.39	7.39	4.82	8.97	6.84	9.46	8.23	7.06	9.26	4.42	6.61	3.58	7.47	7.91	4.69	9.46	8.27	
1073.0	68.0	5.0	5.0	5.1	6.73	7.76	4.69	6.46	5.04	10.22	4.43	8.1	8.68	10.26	7.64	4.0	8.65	9.11	9.45	6.77	8.03	9.56	
1074.0	69.0	12.0	12.0	9.62	9.38	7.95	5.25	9.1	6.21	9.61	5.65	5.01	7.41	5.3	7.47	8.1	5.12	5.11	4.2	7.64	8.6	8.54	
1075.0	72.0	11.0	11.0	9.19	3.93	5.06	6.42	9.52	9.88	5.66	8.45	10.32	6.1	9.44	5.55	4.56	5.17	9.2	9.85	7.24	7.83	4.91	
1076.0	76.0	6.0	6.0	8.33	6.68	5.61	9.41	6.56	6.64	5.75	7.46	6.89	7.83	5.93	4.45	9.46	4.51	4.87	5.06	10.29	6.14	9.94	
1077.0	93.0	4.0	4.0	4.88	7.51	9.36	6.3	6.07	8.59	7.46	9.44	7.36	5.34	5.84	4.04	4.79	8.33	6.7	8.47	10.41	5.1	10.05	
1078.0	57.0	14.0	14.0	4.43	6.47	7.08	5.14	10.1	4.63	8.54	4.59	8.81	5.1	4.39	6.14	3.87	4.22	7.83	3.79	8.95	9.47	3.87	
1079.0	32.0	14.0	14.0	4.56	6.5	7.14	4.09	8.08	6.78	5.17	8.74	6.75	7.27	10.29	4.47	4.8	8.66	4.74	6.13	7.98	4.61	5.71	
1080.0	67.0	3.0	3.0	5.07	8.34	7.27	8.1	7.34	6.25	5.52	8.53	8.12	9.06	5.15	6.12	4.48	7.7	6.87	4.57	5.91	6.92	7.39	
1081.0	70.0	11.0	11.0	3.78	4.73	6.81	9.57	5.93	8.64	8.42	8.43	5.57	4.26	5.89	6.52	9.37	7.08	5.49	3.58	6.0	5.6	7.86	
1082.0	27.0	13.0	13.0	10.37	3.53	8.94	4.72	9.58	4.42	4.67	4.73	9.4	9.48	7.68	4.6	6.58	7.23	6.01	3.68	5.58	5.25	10.22	
1083.0	31.0	8.0	8.0	3.62	9.75	10.14	6.28	5.4	8.88	9.54	7.42	10.07	5.79	7.96	5.01	8.15	5.66	9.56	3.98	7.34	4.1	6.53	
1084.0	79.0	7.0	7.0	5.6	8.12	5.67	9.85	6.86	8.77	9.93	7.9	4.35	9.3	9.98	5.89	7.18	5.05	9.5	7.82	3.69	3.89	6.07	
1085.0	62.0	7.0	7.0	7.96	3.57	6.35	10.15	9.7	4.31	5.04	10.36	7.06	10.13	5.18	5.49	6.85	6.93	6.83	5.89	5.13	6.28	10.05	
1086.0	65.0	11.0	11.0	7.15	6.46	8.79	8.68	3.7	4.86	6.53	5.98	8.91	4.64	9.5	7.22	5.78	5.4	4.97	5.89	4.35	10.13	10.04	
1087.0	43.0	13.0	13.0	4.82	10.45	8.11	7.2	6.03	6.65	8.4	6.72	7.96	6.95	9.03	8.5	7.5	8.59	9.63	10.11	5.74	5.18	9.2	
1088.0	60.0	3.0	3.0	5.22	10.37	7.74	3.97	3.62	10.42	9.45	4.47	3.95	5.86	9.75	5.46	9.37	10.17	4.33	8.49	3.55	4.54	6.59	
1089.0	75.0	8.0	8.0	3.87	8.02	9.41	3.81	8.95	7.69	7.49	10.26	9.66	6.5	5.28	7.03	7.38	7.93	6.8	6.88	7.45	9.37	6.36	
1090.0	43.0	13.0	13.0	3.96	4.52	10.44	9.96	3.77	9.61	7.82	4.14	5.58	6.37	7.55	6.45	9.32	5.24	6.99	5.79	10.17	10.12	7.06	
1091.0	62.0	7.0	7.0	4.72	9.53	4.03	9.56	5.31	8.78	10.04	8.5	7.47	4.01	9.54	3.91	8.82	4.25	5.9	9.96	3.56	7.63	9.12	
1092.0	63.0	15.0	15.0	6.64	9.42	9.43	3.62	8.01	10.22	6.12	8.67	6.83	5.68	10.17	7.39	3.91	9.1	6.46	4.36	7.28	5.2	8.94	
1093.0	90.0	4.0	4.0	4.5	4.87	7.05	7.81	10.07	10.43	4.58	4.43	10.33	9.69	3.64	9.54	5.13	6.05	3.91	6.12	5.03	5.92	9.29	
1094.0	94.0	13.0	13.0	9.45	6.51	5.98	6.7	5.45	5.98	5.52	5.84	9.15	5.96	4.47	7.56	4.75	3.82	4.96	4.18	8.93	8.08	4.34	
1095.0	42.0	4.0	4.0	5.94	4.97	4.5	7.0	8.52	9.34	6.64	10.46	7.5	7.79	4.73	9.21	5.24	4.1	4.0	5.34	10.1	8.66	9.23	
1096.0	58.0	11.0	11.0	5.1	6.09	6.18	8.66	4.83	7.03	4.38	3.97	8.78	8.99	6.71	4.14	9.87	4.01	4.91	8.46	5.34	6.39	9.92	
1097.0	79.0	7.0	7.0	8.29	3.64	5.32	7.48	7.67	10.19	6.54	9.3	7.21	8.72	5.72	10.29	3.77	8.33	8.5	4.33	9.76	10.2	7.65	
1098.0	55.0	6.0	6.0	7.69	6.05	3.86	5.06	4.41	8.96	6.27	3.53	8.94	7.27	9.78	9.31	5.06	7.65	9.15	4.42	7.47	5.28	9.8	
1099.0	51.0	2.0	2.0	5.06	10.23	8.52	4.24	4.81	4.19	4.63	4.38	3.95	4.12	8.26	5.72	7.76	8.38	10.47	10.49	4.85	10.06	7.93	
1100.0	68.0	5.0	5.0	10.1	3.78	7.72	9.1	10.45	7.97	9.4	8.68	8.65	4.93	9.02	4.85	8.85	6.41	4.56	8.18	7.06	3.62	9.27	
1101.0	70.0	11.0	11.0	6.4	9.57	7.44	9.82	9.26	7.84	9.86	3.69	7.83	4.78	8.71	7.53	9.01	7.86	8.92	5.3	8.59	5.55	5.36	
1102.0	75.0	8.0	8.0	6.07	5.22	6.37	7.32	5.89	7.96	5.7	9.71	8.89	4.35	4.44	4.06	6.29	8.83	7.53	6.76	9.22	9.15	9.79	
1103.0	85.0	3.0	3.0	5.01	8.73	5.79	7.08	5.53	5.7	8.99	3.79	3.53	5.74	3.5	8.08	7.1	8.2	9.01	7.57	7.91	9.9	6.51	
1104.0	91.0	9.0	9.0	8.41	8.63	9.42	9.25	6.49	8.91	8.55	4.68	5.55	5.63	5.66	7.52	9.33	4.64	8.39	9.48	8.16	10.41	6.493087692435221	
1105.0	64.0	4.0	4.0	6.41	5.18	7.64	6.75	7.87	3.87	7.1	6.85	9.35	3.93	8.2	9.85	9.29	9.63	5.07	8.37	5.76	8.5	4.75	
1106.0	34.0	14.0	14.0	6.83	5.51	4.98	6.36	4.66	6.81	7.59	4.66	8.29	8.91	6.66	7.54	6.29	7.72	5.98	10.39	5.93	8.22	4.3	
1107.0	68.0	5.0	5.0	6.98	7.32	6.55	3.99	9.45	7.73	5.32	7.52	8.73	10.33	8.06	10.46	9.52	5.49	3.85	9.04	9.56	10.13	4.606426948854494	
1108.0	71.0	11.0	11.0	3.66	5.86	4.67	5.99	8.02	9.95	4.83	9.94	5.21	9.95	8.06	9.56	5.41	7.84	3.54	5.97	8.51	5.13	8.06	
1109.0	74.0	1.0	1.0	9.66	7.93	5.53	10.38	8.35	6.71	9.67	3.79	5.22	5.06	10.27	3.57	8.15	9.06	3.95	4.02	6.02	4.23	6.35	
1110.0	78.0	8.0	8.0	9.25	6.73	6.77	8.94	6.45	7.31	6.64	7.51	10.42	4.71	9.09	6.34	5.29	5.2	4.82	8.76	9.88	6.98	8.42	
1111.0	46.0	14.0	14.0	6.17	5.56	8.83	9.56	5.17	6.34	9.55	9.25	9.49	3.96	9.33	5.17	10.43	4.44	8.34	6.65	6.27	6.48	5.06	
1112.0	91.0	9.0	9.0	9.64	8.31	4.26	8.17	5.88	9.1	5.02	5.62	7.65	6.47	5.94	7.44	5.41	7.93	7.61	8.47	3.67	6.62	8.67	
1113.0	66.0	12.0	12.0	4.29	7.89	9.19	4.21	10.43	8.17	4.3	9.09	7.87	10.22	7.59	5.68	3.81	4.4	6.16	6.64	7.52	5.52	8.53	
1114.0	71.0	11.0	11.0	8.28	6.56	6.42	10.32	7.58	8.15	5.06	8.22	8.3	9.8	10.4	4.77	10.16	10.3	5.73	4.11	9.72	9.8	7.1178746140621145	
1115.0	73.0	13.0	13.0	10.37	8.92	4.74	8.36	10.28	5.09	4.2	3.84	4.9	4.43	5.64	6.91	4.76	10.01	5.05	5.77	6.97	4.1	8.49	
1116.0	76.0	6.0	6.0	6.3	5.75	9.47	6.78	9.7	10.12	3.56	7.74	8.67	8.49	9.36	9.81	6.94	7.62	3.9	6.63	6.87	6.0	9.27	
1117.0	79.0	7.0	7.0	8.79	7.07	9.71	7.82	9.17	9.55	5.0	3.74	9.36	6.81	8.03	3.66	7.77	4.04	7.94	7.9	7.79	7.15	9.29	
1118.0	43.0	13.0	13.0	6.69	6.18	6.02	10.43	3.56	9.45	8.5	4.39	9.96	4.89	8.02	7.19	10.43	6.26	6.26	7.98	4.07	7.58	7.05	
1119.0	65.0	11.0	11.0	5.66	8.37	4.74	10.46	9.43	10.42	7.98	9.12	5.48	6.69	7.89	5.01	5.9	5.8	9.27	4.48	8.41	7.25	6.2	
1120.0	67.0	3.0	3.0	10.22	5.33	6.57	3.55	7.06	4.91	9.17	5.24	6.4	7.4	5.13	9.39	8.34	5.76	6.75	5.03	5.23	6.1	8.07	
1121.0	52.0	4.0	4.0	5.89	8.64	5.1	7.48	4.32	4.37	3.64	5.79	3.73	7.06	4.21	10.15	5.3	7.89	8.92	8.02	9.87	8.3	7.98	
1122.0	54.0	10.0	10.0	5.48	4.0	4.43	5.34	7.84	7.08	5.51	7.11	5.4	9.79	9.39	8.3	4.55	5.67	5.97	6.7	3.81	5.29	8.31	
1123.0	77.0	8.0	8.0	6.43	9.61	5.28	4.7	9.6	9.4	10.16	4.25	9.39	8.2	8.66	5.69	10.43	6.2	4.52	5.64	8.76	5.45	7.25	
1124.0	80.0	3.0	3.0	8.61	8.64	5.48	7.17	5.31	6.94	6.4	4.36	3.78	5.75	6.37	3.73	5.65	10.46	8.88	9.05	4.92	9.06	4.08	
1125.0	96.0	15.0	15.0	7.44	9.69	6.84	9.96	5.66	3.56	5.11	9.19	9.33	7.36	8.15	4.38	6.03	8.26	6.48	4.86	4.73	4.64	6.88	
1126.0	31.0	8.0	8.0	10.32	4.75	6.1	7.66	6.14	10.4	5.02	6.35	5.29	9.78	8.95	6.23	4.36	9.38	4.14	9.26	10.19	4.98	5.42	
1127.0	85.0	3.0	3.0	5.74	7.66	6.8	9.38	8.29	7.95	8.36	10.28	6.86	8.02	10.45	8.43	5.12	7.21	3.81	5.86	5.59	4.21	5.78	
1128.0	71.0	11.0	11.0	5.89	6.24	8.02	9.66	7.39	5.6	4.79	5.27	4.52	9.14	9.4	5.5	5.12	7.24	7.88	10.03	10.15	8.16	9.84	
1129.0	34.0	14.0	14.0	4.76	6.47	8.47	5.49	4.32	5.32	4.11	7.31	7.27	9.44	6.23	8.11	4.0	9.66	7.47	8.05	5.74	7.65	4.12	
1130.0	79.0	7.0	7.0	6.85	10.01	8.57	5.28	8.09	9.3	5.52	6.75	9.81	10.42	8.66	6.45	6.38	6.96	6.5	4.44	6.01	3.89	5.19	
1131.0	62.0	7.0	7.0	6.99	9.34	4.11	7.57	6.23	5.62	10.2	7.58	7.69	9.79	5.55	9.81	8.63	6.31	5.48	10.14	5.76	10.36	4.08	
1132.0	63.0	15.0	15.0	7.91	7.81	4.78	5.23	5.74	3.96	4.26	8.59	8.39	6.47	8.27	4.8	5.59	5.43	10.38	6.92	9.17	5.56	9.89	
1133.0	89.0	14.0	14.0	9.17	9.07	7.8	8.03	6.84	4.35	6.07	9.15	3.52	9.17	6.31	7.44	4.75	10.3	8.22	3.79	5.67	6.5	3.78	
1134.0	70.0	11.0	11.0	7.0	4.18	5.4	9.97	5.3	8.02	8.55	9.9	8.97	7.98	3.64	5.52	4.82	5.24	9.25	5.88	6.97	8.55	6.33	
1135.0	42.0	4.0	4.0	4.29	6.97	4.97	10.49	8.73	6.78	5.19	10.31	5.03	4.59	7.68	10.28	4.93	5.31	7.05	8.47	8.54	5.9	6.87	
1136.0	98.0	15.0	15.0	9.72	5.71	5.19	8.83	7.37	9.66	9.61	8.88	9.8	7.15	10.11	3.92	6.4	4.36	6.42	9.06	4.51	9.21	8.47	
1137.0	97.0	9.0	9.0	9.34	7.52	9.78	9.34	9.96	8.59	9.51	4.25	9.5	9.5	4.0	6.32	4.39	7.68	8.92	3.64	7.19	4.52	4.95	
1138.0	62.0	7.0	7.0	4.73	7.2	7.91	4.87	4.81	6.76	7.63	7.5	5.53	4.66	9.47	8.63	6.86	7.87	8.94	7.82	6.97	3.62	10.42	
1139.0	56.0	13.0	13.0	5.23	6.44	6.57	4.68	5.78	7.09	8.99	3.78	4.36	7.55	10.15	7.48	7.14	5.19	4.66	5.49	6.24	4.72	3.64	
1140.0	68.0	5.0	5.0	9.81	4.71	7.31	5.17	10.32	9.06	10.34	4.37	10.1	8.95	7.86	6.42	4.99	10.25	4.17	9.16	10.08	10.24	5.679982909205647	
1141.0	81.0	3.0	3.0	7.23	8.84	10.23	10.42	4.81	4.64	9.03	9.58	9.88	5.27	10.02	6.34	7.39	4.1	8.08	4.44	8.28	6.63	4.97	
1142.0	43.0	13.0	13.0	7.09	5.48	7.4	8.44	6.98	7.46	8.25	5.83	7.4	7.74	5.59	5.99	7.01	4.78	9.36	7.07	5.89	6.86	7.32	
1143.0	77.0	8.0	8.0	4.32	7.05	4.57	3.94	9.05	9.52	4.47	4.82	4.17	4.24	9.04	8.94	9.68	6.01	6.82	7.26	6.69	8.24	7.16	
1144.0	80.0	3.0	3.0	5.81	3.7	5.8	9.64	9.67	6.67	4.11	10.03	7.17	5.55	4.58	5.83	3.98	4.04	7.85	6.29	5.2	4.58	8.85	
1145.0	83.0	5.0	5.0	8.47	6.13	4.27	9.88	6.7	6.45	9.78	9.24	3.63	5.79	5.76	5.53	4.38	3.8	5.91	7.5	6.61	5.95	8.01	
1146.0	65.0	11.0	11.0	3.98	6.38	8.45	7.32	8.7	7.54	8.54	3.67	10.26	9.94	9.81	6.25	5.66	7.69	6.75	7.6	5.15	8.46	8.24	
1147.0	87.0	5.0	5.0	9.17	6.08	5.46	5.67	9.41	6.15	7.4	6.92	5.55	7.7	5.64	3.87	8.08	9.19	8.35	8.55	8.83	8.33	7.07	
1148.0	72.0	11.0	11.0	8.91	8.12	6.05	7.95	5.47	7.32	5.7	6.67	8.94	4.14	6.57	6.32	9.13	6.24	8.81	8.6	5.23	8.41	10.24	
1149.0	75.0	8.0	8.0	8.45	10.44	7.52	4.18	9.23	8.92	6.35	8.3	5.42	6.21	9.44	6.9	10.19	10.02	4.75	7.11	4.46	5.69	7.3	
1150.0	96.0	15.0	15.0	4.95	4.2	4.27	9.06	6.93	4.79	6.25	4.21	4.3	10.5	9.34	10.47	5.41	5.21	6.42	8.75	10.17	9.91	8.5	
1151.0	62.0	7.0	7.0	4.63	6.32	8.06	9.72	7.72	8.64	7.22	4.07	8.48	6.65	9.66	6.27	7.77	6.49	8.61	9.18	5.86	8.55	4.59	
1152.0	47.0	15.0	15.0	6.89	5.61	6.23	7.28	3.57	5.63	4.23	8.51	5.02	5.52	3.59	4.99	3.92	3.99	8.21	10.32	9.8	4.97	9.73	
1153.0	98.0	15.0	15.0	7.55	5.9	4.9	9.53	5.05	8.41	10.14	9.74	10.5	7.32	9.37	6.03	5.01	4.28	8.61	9.64	10.18	6.52	10.164768994542213	
1154.0	71.0	11.0	11.0	5.73	7.22	8.09	4.45	6.1	10.03	6.66	7.55	10.23	7.93	8.1	7.72	5.62	7.41	4.71	5.71	8.01	8.83	6.79	
1155.0	92.0	10.0	10.0	8.22	6.26	7.3	5.41	8.45	4.55	5.49	7.79	4.76	4.67	10.39	5.72	8.69	9.48	4.38	4.06	7.74	8.59	10.35	
1156.0	51.0	2.0	2.0	9.0	4.27	10.36	3.74	6.27	5.57	6.03	9.21	7.92	5.77	5.87	7.91	7.79	5.75	5.76	6.0	7.82	8.72	7.39	
1157.0	79.0	7.0	7.0	7.15	9.03	5.41	8.62	6.47	7.7	7.73	4.78	6.03	7.15	7.53	10.2	9.93	9.16	6.51	7.78	6.98	9.21	4.27	
1158.0	63.0	15.0	15.0	9.07	8.28	8.83	7.6	8.8	5.4	4.36	5.24	9.9	10.0	3.8	5.84	7.67	4.74	4.21	10.11	4.71	6.15	8.78	
1159.0	89.0	14.0	14.0	9.98	10.49	3.85	7.13	5.89	4.21	5.19	7.97	8.52	10.4	9.4	4.88	8.93	9.29	5.59	5.63	5.24	5.21	8.69	
1160.0	69.0	12.0	12.0	6.16	3.65	10.21	10.19	6.58	3.71	8.74	7.7	7.1	4.7	4.82	7.04	8.89	4.73	5.02	7.18	5.9	9.66	9.16	
1161.0	93.0	4.0	4.0	4.33	4.06	7.36	7.61	6.73	6.2	6.44	4.79	4.66	9.54	5.03	3.98	10.0	4.06	8.55	6.28	6.62	10.27	7.02	
1162.0	73.0	13.0	13.0	6.6	7.73	5.18	7.1	9.93	4.56	6.4	7.8	10.35	9.13	6.63	7.29	4.12	7.13	8.19	8.82	7.64	3.71	9.97	
1163.0	83.0	5.0	5.0	7.05	7.8	10.25	8.29	5.67	9.17	8.99	9.37	5.5	5.06	8.15	8.36	7.46	9.27	4.06	5.83	9.66	5.48	3.75	
1164.0	49.0	12.0	12.0	10.04	9.39	7.75	9.44	5.43	9.71	4.35	6.61	6.43	9.34	6.86	9.16	9.04	6.08	3.52	7.79	3.56	5.13	5.36	
1165.0	28.0	8.0	8.0	6.33	8.92	9.2	8.82	7.28	4.11	8.18	6.82	5.67	4.77	3.6	5.1	8.51	6.35	8.19	9.25	9.25	6.81	4.86	
1166.0	95.0	8.0	8.0	4.2	5.5	9.82	5.22	9.92	9.75	5.19	8.31	4.19	7.46	7.43	4.73	7.23	5.51	5.04	5.64	6.14	7.16	7.22	
1167.0	94.0	13.0	13.0	5.85	5.52	9.82	6.96	8.19	4.08	6.71	8.69	4.8	7.9	3.56	10.0	3.77	4.01	8.84	9.41	5.77	5.35	3.51	
1168.0	86.0	15.0	15.0	6.68	3.53	5.24	4.21	4.27	7.26	10.39	7.28	8.96	8.43	5.85	4.31	7.06	4.74	9.26	8.57	9.13	7.26	10.05	
1169.0	74.0	1.0	1.0	5.49	6.34	6.58	8.28	7.9	5.34	6.23	3.97	8.71	8.18	10.18	7.81	4.45	7.44	5.44	6.59	10.38	5.94	6.81	
1170.0	91.0	9.0	9.0	8.66	4.37	8.33	4.83	6.61	5.54	8.52	4.27	9.61	6.74	10.4	10.36	5.65	9.77	5.17	6.79	3.91	4.95	7.4	
1171.0	61.0	12.0	12.0	9.42	3.54	10.48	7.91	5.31	8.5	4.04	8.62	7.14	5.61	5.77	7.79	9.69	5.01	7.26	6.46	5.03	3.87	8.23	
1172.0	88.0	4.0	4.0	9.69	7.43	6.29	9.11	6.77	4.72	9.0	4.03	8.73	3.69	4.13	6.95	5.02	9.03	8.71	9.43	4.68	7.66	9.93	
1173.0	66.0	12.0	12.0	7.46	7.62	9.49	7.52	6.31	6.37	9.29	4.18	9.94	8.66	8.33	5.89	9.61	4.19	9.16	9.42	8.67	9.8	7.260931323695234	
1174.0	35.0	10.0	10.0	6.49	9.85	8.09	5.44	4.52	9.21	7.17	3.58	6.32	4.13	10.42	4.72	9.95	5.28	7.45	10.37	7.51	4.45	4.98	
1175.0	72.0	11.0	11.0	8.02	8.37	9.13	4.06	5.33	5.03	8.9	7.88	6.09	8.02	4.39	7.24	5.4	5.26	4.66	3.71	7.39	7.71	9.14	
1176.0	95.0	8.0	8.0	6.72	8.9	4.35	9.99	7.47	8.09	7.13	10.23	3.65	9.86	6.41	9.47	6.98	4.7	7.76	8.01	5.77	4.09	7.43	
1177.0	78.0	8.0	8.0	9.79	4.7	9.68	4.61	10.08	7.16	5.03	9.43	5.5	4.58	4.53	4.08	9.08	3.56	4.63	9.5	4.44	4.81	3.78	
1178.0	88.0	4.0	4.0	7.93	7.04	7.04	10.36	4.19	5.82	4.22	6.02	8.79	9.42	6.82	5.53	8.97	5.78	5.13	7.78	9.18	4.28	4.82	
1179.0	66.0	12.0	12.0	3.73	6.17	8.78	5.86	7.34	4.81	4.3	6.86	8.67	5.19	7.13	8.6	4.85	6.39	4.65	5.77	7.89	6.34	10.25	
1180.0	36.0	15.0	15.0	8.6	5.15	9.15	9.65	6.35	7.69	5.04	9.82	9.95	7.94	8.83	3.59	6.89	5.27	10.09	7.11	4.45	7.83	7.55	
1181.0	59.0	9.0	9.0	4.64	6.46	6.97	7.09	9.72	7.22	5.0	5.33	5.41	6.14	7.6	8.73	9.95	9.01	8.48	5.52	7.48	6.57	5.37	
1182.0	75.0	8.0	8.0	7.0	6.57	5.32	8.44	10.34	3.57	5.74	4.83	6.53	4.83	9.12	4.13	5.37	6.93	4.31	7.15	8.61	8.03	10.11	
1183.0	85.0	3.0	3.0	5.25	4.1	6.67	9.77	4.42	10.17	7.31	5.0	8.44	8.79	8.99	8.0	7.3	4.6	4.92	6.18	10.06	6.93	10.36	
1184.0	61.0	12.0	12.0	9.34	7.11	7.65	7.27	8.37	9.19	9.47	10.22	6.7	7.64	3.87	4.3	10.41	7.71	5.37	8.45	6.27	6.75	6.58	
1185.0	63.0	15.0	15.0	6.99	8.0	9.34	10.26	5.37	3.9	9.02	4.33	7.61	9.41	3.94	3.73	9.04	9.57	5.81	7.95	6.36	9.7	9.57	
1186.0	90.0	4.0	4.0	5.0	10.38	9.59	4.9	6.5	9.46	4.78	4.23	7.43	5.01	9.67	10.29	8.08	7.22	8.1	9.38	4.46	5.92	4.67	
1187.0	69.0	12.0	12.0	5.03	5.14	4.37	6.97	3.81	10.03	9.4	5.93	4.48	7.2	9.13	9.25	6.42	10.38	3.82	9.53	3.97	8.88	4.06	
1188.0	71.0	11.0	11.0	9.78	5.33	9.22	9.76	5.93	6.4	8.93	10.4	9.15	9.1	9.85	7.19	9.22	5.43	4.56	4.64	5.09	9.96	4.370224153623953	
1189.0	75.0	8.0	8.0	6.46	4.95	6.54	4.17	6.25	6.77	4.7	10.42	10.42	7.92	5.07	4.41	10.22	8.19	5.04	4.5	4.38	6.45	7.68	
1190.0	77.0	8.0	8.0	8.92	5.23	7.19	9.6	4.48	6.92	8.6	5.94	3.99	8.61	6.3	8.32	6.62	8.96	10.26	8.06	6.28	8.75	3.73	
1191.0	38.0	5.0	5.0	7.72	3.54	9.85	5.54	9.49	9.35	3.67	7.29	7.5	5.24	5.49	6.16	5.0	10.39	6.2	8.58	8.88	6.44	5.67	
1192.0	95.0	8.0	8.0	6.47	3.62	5.92	8.1	6.05	3.95	5.33	4.12	9.64	5.25	8.32	9.57	4.16	5.57	9.53	8.88	6.56	5.67	6.25	
1193.0	99.0	12.0	12.0	7.07	5.2	10.1	5.95	8.41	8.55	7.79	5.15	7.14	3.57	3.87	4.44	6.7	9.04	3.51	9.4	9.5	4.03	9.91	
1194.0	81.0	3.0	3.0	7.01	4.34	8.81	5.09	3.74	9.96	5.43	3.62	8.07	6.73	8.85	4.89	5.73	5.41	5.06	7.8	6.67	6.11	7.8	
1195.0	93.0	4.0	4.0	8.51	5.06	9.92	3.52	6.96	7.54	6.73	4.05	6.88	4.61	8.02	4.53	5.58	5.43	6.5	6.79	8.45	9.67	10.09	
1196.0	47.0	15.0	15.0	9.4	8.9	4.62	6.98	8.82	8.84	9.2	4.14	4.66	7.38	3.87	4.68	5.44	6.78	4.05	3.81	5.5	5.77	6.69	
1197.0	79.0	7.0	7.0	3.78	6.99	4.15	9.79	7.96	3.76	4.57	4.97	6.62	9.45	8.19	7.11	7.13	9.31	7.1	9.46	8.85	10.49	8.05	
1198.0	91.0	9.0	9.0	3.51	7.88	9.85	7.5	4.19	4.64	5.02	6.11	3.61	6.52	6.13	4.13	7.75	7.39	3.98	6.41	8.66	5.99	8.39	
1199.0	65.0	11.0	11.0	9.61	4.26	8.02	6.78	6.44	6.16	9.1	5.22	8.9	6.94	5.59	5.13	8.5	5.97	7.26	6.52	10.11	9.32	5.46	
1200.0	69.0	12.0	12.0	6.55	3.86	7.94	10.34	4.28	6.23	9.2	8.42	9.78	5.46	9.25	5.59	5.99	9.09	7.21	8.6	5.7	7.9	5.01	
1201.0	60.0	3.0	3.0	4.52	9.55	4.59	3.52	8.82	9.99	4.8	5.3	7.02	9.3	7.59	9.18	8.16	5.83	9.31	7.71	8.74	5.53	5.13	
1202.0	96.0	15.0	15.0	4.47	5.14	3.63	3.59	5.99	5.73	8.92	9.66	6.07	7.17	10.35	5.03	4.67	7.92	4.5	8.47	10.23	10.42	4.5	
1203.0	76.0	6.0	6.0	8.1	6.01	6.18	4.24	5.39	8.73	7.92	8.22	5.31	4.8	7.94	4.32	6.54	6.96	6.17	6.27	6.98	8.85	6.22	
1204.0	100.0	14.0	14.0	4.31	4.29	7.19	5.5	8.51	8.07	4.02	5.68	4.18	7.5	8.0	7.5	3.84	9.63	6.79	3.56	9.07	6.3	6.71	
1205.0	63.0	15.0	15.0	6.61	3.78	9.7	6.61	10.26	5.66	7.4	8.11	8.44	9.88	5.75	4.91	7.55	9.32	4.34	6.95	4.88	10.33	3.57	
1206.0	82.0	6.0	6.0	5.73	4.45	4.45	8.01	4.49	6.55	7.31	7.96	6.96	6.44	6.13	7.85	3.86	5.9	9.71	8.66	4.36	8.86	9.84	
1207.0	28.0	8.0	8.0	5.34	9.53	9.03	9.83	6.34	5.75	6.56	4.48	8.73	10.45	8.18	4.0	5.77	7.06	8.94	8.96	9.66	8.54	3.57	
1208.0	59.0	9.0	9.0	10.11	7.58	3.92	10.02	6.76	7.86	8.63	5.34	6.16	5.43	5.47	9.51	8.84	5.55	4.06	7.83	8.62	5.28	7.58	
1209.0	76.0	6.0	6.0	7.27	9.13	5.82	5.67	3.89	4.46	9.55	10.36	7.07	9.36	10.07	10.39	9.04	9.74	7.55	6.68	10.48	6.54	5.77864243759809	
1210.0	91.0	9.0	9.0	7.23	5.99	7.27	4.65	4.26	6.42	5.79	9.92	3.66	7.6	6.66	9.86	6.84	5.86	4.95	3.99	8.26	9.0	4.98	
1211.0	62.0	7.0	7.0	8.6	4.69	9.88	6.03	7.68	6.7	4.8	9.62	7.91	5.18	3.5	5.65	9.77	3.98	3.69	8.7	7.29	5.94	10.14	
1212.0	93.0	4.0	4.0	4.44	5.54	5.24	5.64	4.67	5.4	6.73	7.07	8.73	4.36	9.76	8.91	4.53	7.98	5.94	4.21	7.4	5.25	7.45	
1213.0	83.0	5.0	5.0	7.32	9.4	8.19	3.83	9.76	6.18	4.34	5.43	5.02	9.26	8.51	5.08	5.56	8.96	7.8	7.08	8.54	7.74	6.8	
1214.0	69.0	12.0	12.0	9.53	9.06	9.71	9.53	8.52	4.07	7.82	3.57	3.68	5.12	4.32	8.6	8.01	4.53	5.47	5.25	6.27	7.2	10.21	
1215.0	53.0	12.0	12.0	8.77	8.32	8.61	5.87	9.9	5.26	7.37	3.61	9.69	5.17	3.84	8.6	8.43	9.69	6.25	5.35	6.15	7.97	5.14	
1216.0	91.0	9.0	9.0	4.57	9.76	5.12	6.66	7.58	5.17	8.66	9.95	9.86	8.52	6.45	5.41	5.19	5.4	4.94	5.3	5.36	4.5	7.37	
1217.0	45.0	5.0	5.0	4.86	6.68	6.55	7.97	5.71	6.33	7.54	7.42	4.58	8.55	4.81	4.47	9.99	7.33	3.8	9.8	3.68	8.68	6.39	
1218.0	62.0	7.0	7.0	4.2	4.79	7.43	5.64	3.87	10.36	8.44	8.61	3.91	5.96	9.23	10.22	3.51	5.71	3.88	5.66	10.04	8.14	5.42	
1219.0	65.0	11.0	11.0	6.7	4.44	7.26	7.72	4.59	3.92	8.8	7.54	3.61	4.16	6.52	5.07	7.48	10.46	5.27	10.36	8.52	4.11	4.77	
1220.0	68.0	5.0	5.0	5.73	7.48	4.65	5.29	3.86	3.82	4.12	4.67	4.47	10.4	4.65	7.27	4.39	9.8	8.32	6.13	7.43	10.11	9.66	
1221.0	85.0	3.0	3.0	10.39	8.69	5.39	5.8	3.7	7.57	5.42	5.89	9.82	9.94	10.22	8.5	7.8	9.13	4.84	7.35	8.85	8.49	7.08	
1222.0	75.0	8.0	8.0	5.11	9.77	9.48	9.98	5.1	10.06	9.68	3.57	4.21	5.07	9.29	7.63	5.25	7.75	5.06	9.19	7.15	4.41	5.01	
1223.0	78.0	8.0	8.0	10.36	6.15	10.33	6.04	7.03	9.13	3.6	7.64	5.43	9.38	4.41	5.61	7.96	6.59	4.19	7.75	5.54	7.32	9.37	
1224.0	60.0	3.0	3.0	10.48	5.0	8.56	6.46	8.41	9.45	9.14	4.42	6.51	4.28	7.41	6.33	6.02	4.4	4.98	4.83	3.75	7.83	8.43	
1225.0	62.0	7.0	7.0	6.92	10.04	6.49	7.99	6.87	8.31	8.88	7.05	9.61	4.96	4.64	10.42	4.99	10.23	8.82	3.78	9.58	5.62	6.68	
1226.0	82.0	6.0	6.0	6.13	6.47	3.53	9.55	8.27	6.23	5.99	9.42	4.38	8.53	6.98	5.27	7.93	6.46	8.36	5.5	7.27	9.82	9.39	
1227.0	89.0	14.0	14.0	5.34	9.33	7.57	10.43	10.28	4.17	5.6	8.52	8.8	7.2	6.01	9.77	9.15	6.29	7.17	6.91	4.05	7.31	7.91	
1228.0	93.0	4.0	4.0	9.66	7.16	8.57	5.98	6.31	4.04	7.23	6.04	10.06	6.33	3.79	9.27	8.28	6.34	6.32	4.11	9.02	7.18	9.87	
1229.0	52.0	4.0	4.0	10.4	7.31	10.4	4.03	10.29	4.94	7.73	7.31	8.96	6.92	4.84	3.64	9.24	7.13	3.89	8.11	9.83	3.69	6.5	
1230.0	39.0	14.0	14.0	6.15	4.33	6.08	6.73	10.5	7.22	5.72	5.27	6.22	8.13	9.79	4.43	7.96	5.41	4.33	4.93	8.33	8.08	8.05	
1231.0	80.0	3.0	3.0	4.09	9.37	5.82	9.16	4.69	5.03	4.0	5.73	8.63	9.64	8.23	6.53	8.11	7.0	6.49	7.64	9.72	6.52	5.26	
1232.0	63.0	15.0	15.0	5.83	7.41	3.9	9.74	5.36	10.24	4.45	8.83	6.68	6.19	5.06	6.3	4.7	6.13	8.8	5.24	5.86	3.51	5.39	
1233.0	60.0	3.0	3.0	7.3	8.96	5.58	7.3	8.67	7.35	10.26	6.1	4.57	7.9	4.51	5.66	6.5	3.91	8.19	7.48	8.11	9.39	4.09	
1234.0	100.0	14.0	14.0	7.74	9.99	7.03	9.26	4.64	9.79	10.23	10.3	3.66	8.04	8.49	7.84	6.96	6.88	6.92	6.05	7.38	4.39	6.86	
1235.0	59.0	9.0	9.0	9.03	7.04	9.76	9.37	4.11	8.01	9.9	4.8	6.9	4.94	7.31	7.59	4.69	8.86	9.24	7.27	3.71	9.95	8.52	
1236.0	87.0	5.0	5.0	5.81	5.32	5.34	7.88	5.73	4.13	10.1	6.86	6.47	5.7	7.46	8.66	4.29	7.73	8.73	4.08	6.25	6.08	3.53	
1237.0	19.0	13.0	13.0	7.29	10.01	6.52	8.73	4.05	9.82	5.81	7.29	4.29	6.32	8.3	5.4	9.25	3.94	3.72	6.15	7.87	4.75	6.16	
1238.0	79.0	7.0	7.0	7.54	5.86	8.78	3.57	7.11	4.28	7.79	9.07	6.09	6.02	6.51	9.98	7.55	7.04	7.22	8.03	3.66	4.39	9.1	
1239.0	94.0	13.0	13.0	8.4	7.79	4.06	5.44	6.59	9.41	7.79	6.58	6.75	8.29	5.39	6.43	9.94	7.94	4.12	8.64	4.58	5.4	8.41	
1240.0	67.0	3.0	3.0	8.08	4.35	8.84	4.42	6.45	4.65	8.38	7.94	4.94	5.22	5.22	5.88	10.31	9.18	3.56	6.31	5.34	10.46	3.91	
1241.0	43.0	13.0	13.0	3.65	7.17	9.37	3.73	4.44	8.89	10.29	9.13	9.44	7.75	3.51	7.75	7.35	7.48	4.23	8.47	8.97	8.8	9.13	
1242.0	75.0	8.0	8.0	10.45	3.76	9.38	9.53	8.42	5.87	8.82	9.33	5.29	4.07	9.08	8.86	5.63	8.1	6.0	8.17	3.61	7.44	8.83	
1243.0	76.0	6.0	6.0	6.8	4.93	5.48	9.14	5.7	8.84	7.82	9.7	7.36	7.54	7.42	6.67	9.91	7.16	7.94	6.51	6.08	8.09	8.35	
1244.0	79.0	7.0	7.0	3.93	9.8	4.59	5.85	7.25	6.06	5.45	8.84	7.53	5.12	6.2	10.49	9.69	6.27	8.56	4.89	5.25	4.91	9.96	
1245.0	64.0	4.0	4.0	7.31	3.51	6.97	4.75	7.48	6.25	9.98	5.22	8.97	10.11	6.64	7.31	10.01	7.08	9.62	6.61	5.62	5.47	5.34	
1246.0	88.0	4.0	4.0	6.24	7.94	7.46	7.28	5.39	5.71	4.23	9.54	6.81	9.41	9.46	7.38	7.67	8.29	4.62	4.96	9.69	8.82	8.19	
1247.0	69.0	12.0	12.0	5.75	6.33	6.22	4.66	7.97	6.69	6.26	9.62	5.92	8.87	6.12	5.1	8.92	10.05	5.39	7.14	8.87	6.81	8.28	
1248.0	71.0	11.0	11.0	10.17	5.78	7.92	8.97	8.78	9.79	4.35	9.9	10.14	3.7	7.89	3.79	4.11	8.12	5.06	5.03	6.42	8.57	6.78	
1249.0	99.0	12.0	12.0	4.96	6.11	5.98	5.2	8.11	3.93	8.22	9.16	10.09	8.37	9.01	10.23	9.5	8.73	3.67	4.04	4.62	5.67	6.25	
1250.0	84.0	12.0	12.0	8.02	4.22	5.97	6.12	8.44	3.72	4.65	3.78	9.0	8.63	10.02	3.74	8.5	9.49	7.31	9.74	9.0	8.39	9.34	
1251.0	80.0	3.0	3.0	9.02	9.58	7.32	6.35	4.89	7.1	6.9	8.09	4.91	5.96	8.72	9.5	7.25	4.02	5.86	9.5	6.36	4.41	10.43	
1252.0	63.0	15.0	15.0	9.71	4.71	9.37	4.52	4.18	7.09	7.64	7.47	4.88	3.95	5.72	9.44	8.19	8.57	5.21	4.57	7.26	5.46	7.15	
1253.0	100.0	14.0	14.0	9.32	9.76	4.32	10.37	9.82	7.35	6.08	8.27	7.83	6.5	5.99	7.89	5.19	8.95	8.68	4.66	6.17	8.61	7.88	
1254.0	43.0	13.0	13.0	4.73	4.87	6.3	4.65	10.48	8.81	8.28	8.7	7.9	9.82	9.62	7.15	8.68	4.23	8.69	5.82	3.74	8.18	8.77	
1255.0	89.0	14.0	14.0	6.55	4.44	7.48	8.76	4.02	8.85	3.57	9.14	7.99	3.89	7.82	8.18	6.52	4.78	6.06	4.29	7.41	6.94	5.59	
1256.0	75.0	8.0	8.0	9.67	4.94	5.96	7.91	9.29	7.85	6.34	4.58	6.71	3.63	5.49	4.1	5.45	7.34	9.76	9.68	10.4	6.72	8.03	
1257.0	80.0	3.0	3.0	5.59	5.58	4.77	3.75	8.07	6.03	8.96	4.13	10.31	8.85	3.62	8.66	5.24	8.33	7.1	4.06	5.14	10.15	8.54	
1258.0	46.0	14.0	14.0	4.29	6.47	9.2	4.05	6.14	5.23	7.7	6.02	5.86	8.71	10.14	10.14	5.14	9.15	6.49	7.49	7.41	3.62	6.75	
1259.0	5.0	15.0	15.0	4.29	7.05	6.29	5.05	6.89	8.6	3.5	8.06	4.54	5.61	7.88	5.28	6.42	4.07	5.45	4.9	10.47	4.35	5.73	
1260.0	68.0	5.0	5.0	4.63	8.22	9.58	6.23	7.03	9.76	6.84	9.53	9.49	5.78	6.96	5.73	5.22	7.84	6.3	5.9	4.94	9.67	5.15	
1261.0	81.0	3.0	3.0	9.98	8.49	7.44	9.56	8.4	4.64	10.01	7.19	7.24	8.03	9.05	6.93	10.45	8.0	7.52	7.5	9.12	1.7333171593691086	5.851690442562185	
1262.0	82.0	6.0	6.0	7.75	4.73	9.06	8.28	6.24	4.12	7.17	10.3	8.6	5.76	10.45	9.86	7.14	6.9	7.65	5.07	6.93	8.06	7.65	
1263.0	78.0	8.0	8.0	9.51	5.49	8.32	7.65	10.3	7.03	4.35	5.21	3.87	4.58	3.5	5.33	5.68	6.34	3.72	5.12	5.91	8.15	4.95	
1264.0	80.0	3.0	3.0	8.33	6.8	9.63	10.34	5.27	8.36	6.18	6.32	4.15	5.65	9.85	7.76	9.16	3.58	6.12	9.42	3.79	5.53	5.47	
1265.0	90.0	4.0	4.0	8.67	7.02	7.8	8.49	5.49	7.39	3.75	5.09	7.01	6.48	5.64	8.44	7.6	8.82	5.61	4.28	4.29	6.21	6.08	
1266.0	65.0	11.0	11.0	8.04	7.77	4.66	9.56	6.39	6.52	5.63	5.34	8.24	7.77	10.25	6.2	8.83	8.59	3.74	5.19	7.99	6.56	8.07	
1267.0	29.0	2.0	2.0	6.54	6.19	10.18	5.22	5.18	4.73	4.94	7.14	5.96	6.99	9.48	9.72	8.99	9.75	7.99	6.33	9.02	6.21	9.88	
1268.0	72.0	11.0	11.0	10.26	7.68	6.68	8.69	3.8	8.58	6.79	10.3	7.68	5.23	4.95	3.57	6.17	7.1	6.5	3.9	5.38	9.49	8.97	
1269.0	74.0	1.0	1.0	8.16	6.41	10.05	8.9	9.52	8.05	9.97	4.7	9.28	10.35	5.7	4.55	8.89	5.3	8.8	6.79	4.5	10.33	5.840743522426475	
1270.0	79.0	7.0	7.0	10.37	10.05	7.93	8.08	6.26	3.56	9.62	8.88	3.85	5.5	3.82	5.92	9.84	4.88	9.69	7.41	9.53	8.47	6.77	
1271.0	61.0	12.0	12.0	5.1	8.8	10.24	7.71	5.82	4.12	3.59	4.85	10.16	4.42	6.77	7.89	7.85	6.57	10.17	7.57	7.65	9.4	7.18	
1272.0	41.0	15.0	15.0	10.13	4.12	8.3	10.33	5.07	6.27	8.16	9.11	6.48	8.36	5.97	5.94	4.31	7.03	4.95	8.18	5.17	6.95	9.12	
1273.0	50.0	9.0	9.0	7.28	9.08	9.39	5.8	3.64	5.32	7.39	4.98	6.56	3.93	8.45	8.38	8.19	9.02	8.88	9.57	7.29	10.36	5.29	
1274.0	84.0	12.0	12.0	7.11	10.16	10.38	8.22	6.23	8.97	5.38	3.82	5.57	3.76	3.78	7.23	5.95	4.03	3.95	10.05	6.4	3.86	6.9	
1275.0	74.0	1.0	1.0	9.61	4.39	6.89	3.92	9.49	9.03	5.96	4.38	7.21	9.96	10.37	5.42	10.43	9.04	10.49	4.09	9.11	7.66	7.12	
1276.0	85.0	3.0	3.0	9.83	8.54	7.93	4.88	9.42	9.89	7.37	6.22	7.86	8.23	4.51	3.61	7.63	8.21	8.45	5.48	8.7	4.87	8.93	
1277.0	80.0	3.0	3.0	4.71	6.72	6.86	4.77	9.38	6.71	7.52	6.85	8.67	8.88	10.08	4.81	10.48	5.61	7.31	9.51	7.33	6.11	5.28	
1278.0	88.0	4.0	4.0	5.1	5.46	6.02	7.2	9.12	4.44	6.08	6.58	10.12	6.57	10.0	6.86	5.92	4.83	7.68	9.14	8.2	10.35	8.95	
1279.0	89.0	14.0	14.0	5.66	3.96	10.46	5.82	6.74	5.37	8.14	10.09	3.53	4.43	6.86	10.46	6.53	8.89	4.25	9.36	4.5	7.49	8.58	
1280.0	67.0	3.0	3.0	7.03	6.32	8.96	7.46	9.92	8.21	8.17	4.33	6.63	3.69	4.0	6.94	5.77	8.75	9.85	5.59	7.2	4.37	6.32	
1281.0	98.0	15.0	15.0	9.35	10.38	5.34	3.53	5.35	4.34	7.43	6.47	6.87	4.15	6.59	8.33	8.59	8.87	8.05	8.64	10.18	7.58	5.0	
1282.0	38.0	5.0	5.0	10.2	7.48	7.24	7.57	9.92	8.1	6.93	10.28	6.76	7.45	4.63	4.09	7.27	4.1	10.09	3.8	9.46	6.83	6.87	
1283.0	76.0	6.0	6.0	5.36	5.91	9.52	9.51	3.67	5.37	3.59	4.96	4.52	7.68	5.44	9.85	8.17	4.44	4.59	4.19	5.28	5.02	5.45	
1284.0	61.0	12.0	12.0	9.24	5.94	3.72	4.1	3.84	8.83	9.68	6.39	8.56	10.08	6.36	4.07	6.21	5.56	10.34	3.51	7.99	4.26	7.38	
1285.0	47.0	15.0	15.0	7.18	5.76	8.0	4.73	7.07	8.14	10.27	8.55	6.54	3.81	6.0	10.26	4.93	9.94	10.14	4.9	9.98	5.03	7.48	
1286.0	67.0	3.0	3.0	3.88	6.66	6.58	6.57	6.49	4.24	4.5	9.27	4.61	8.38	7.45	8.01	10.01	6.88	8.04	8.02	8.5	4.64	6.54	
1287.0	42.0	4.0	4.0	4.09	4.95	3.83	10.19	10.27	8.43	3.58	5.81	8.51	8.22	7.89	4.8	10.41	8.87	10.45	8.11	8.4	5.31	9.99	
1288.0	99.0	12.0	12.0	4.4	3.83	3.9	9.25	4.3	8.02	9.39	8.34	9.57	8.84	4.07	3.54	3.87	5.39	7.88	4.22	4.64	7.44	8.66	
1289.0	91.0	9.0	9.0	4.85	8.58	8.55	10.25	8.63	5.33	4.16	9.88	7.71	6.24	4.03	4.79	10.18	5.44	5.63	5.27	7.89	10.2	10.38	
1290.0	92.0	10.0	10.0	4.35	10.24	4.36	9.16	4.86	8.56	6.8	8.34	9.29	9.47	6.87	5.66	8.95	8.2	8.04	4.78	6.9	9.57	4.6	
1291.0	85.0	3.0	3.0	5.24	7.5	7.38	7.35	5.65	6.05	3.68	6.96	7.16	5.24	8.46	7.21	7.89	8.06	6.92	3.69	6.89	5.35	7.47	
1292.0	46.0	14.0	14.0	5.0	9.53	7.56	4.27	4.44	3.78	9.46	6.18	6.67	9.64	4.91	10.14	10.11	4.79	5.32	6.25	4.41	8.86	6.01	
1293.0	99.0	12.0	12.0	8.23	8.63	6.25	4.79	4.28	6.82	4.01	6.83	8.39	10.24	3.65	9.83	9.54	5.99	10.11	7.33	6.05	8.23	7.67	
1294.0	81.0	3.0	3.0	9.19	10.27	8.05	6.88	8.28	7.18	7.47	10.49	9.61	4.18	10.2	4.26	5.92	8.75	6.07	6.68	6.93	7.23	8.08	
1295.0	73.0	13.0	13.0	5.33	10.2	5.1	6.84	5.05	4.04	8.68	9.35	8.86	8.48	8.99	10.29	7.36	6.38	10.12	9.62	6.02	6.62	10.2	
1296.0	81.0	3.0	3.0	8.24	4.7	8.64	9.23	8.99	7.21	6.82	9.08	3.52	3.94	8.73	6.42	5.97	8.01	4.58	6.8	4.58	9.13	5.51	
1297.0	66.0	12.0	12.0	4.9	9.04	4.32	10.2	6.23	7.53	6.59	7.44	9.43	9.03	6.54	7.57	8.55	8.87	4.29	10.32	10.3	10.31	0.9967021627739845	
1298.0	61.0	12.0	12.0	8.25	8.58	5.09	4.99	6.37	9.51	4.99	4.02	6.46	5.84	7.07	9.09	6.12	4.76	5.67	7.21	6.91	7.4	7.86	
1299.0	30.0	14.0	14.0	9.1	9.52	3.66	6.4	5.89	7.59	3.92	6.31	5.86	6.0	8.84	3.9	4.99	5.87	5.71	8.45	9.04	7.5	5.5	
1300.0	68.0	5.0	5.0	9.41	10.3	8.19	6.83	6.93	8.54	9.72	9.16	10.25	5.2	5.71	3.87	7.11	7.81	7.33	9.04	8.35	7.92	1.1144526890496957	
1301.0	25.0	12.0	12.0	5.88	7.31	7.28	7.04	6.41	5.08	10.42	7.39	3.92	6.99	9.51	9.79	9.12	9.56	6.22	9.19	6.65	8.42	5.26	
1302.0	30.0	14.0	14.0	9.81	4.37	4.43	8.9	5.9	9.21	4.75	8.56	9.48	5.62	4.01	7.5	8.66	9.38	4.73	8.16	6.01	6.8	5.03	
1303.0	88.0	4.0	4.0	4.76	5.62	10.32	6.63	7.48	3.61	6.47	8.36	7.59	4.06	9.16	8.38	4.45	9.23	7.56	8.25	6.96	8.29	4.04	
1304.0	97.0	9.0	9.0	7.85	5.34	7.93	5.28	5.92	6.63	9.62	7.38	3.81	9.8	3.99	8.91	8.55	6.41	5.81	3.53	9.77	9.36	4.86	
1305.0	89.0	14.0	14.0	4.16	7.35	3.76	4.81	8.63	8.24	4.97	9.08	4.73	8.1	4.74	3.72	3.64	10.21	7.64	8.84	4.15	7.34	4.91	
1306.0	2.0	14.0	14.0	4.02	7.09	6.46	6.66	6.45	9.8	6.6	9.46	9.43	9.9	9.36	8.83	8.91	4.93	10.22	4.93	7.74	8.76	0.9637719105246652	
1307.0	100.0	14.0	14.0	9.66	10.29	8.16	8.57	10.35	4.63	8.21	6.97	6.13	9.86	3.51	7.86	4.34	9.06	6.68	9.21	10.2	8.98	6.39556014462468	
1308.0	95.0	8.0	8.0	9.59	10.09	6.55	8.51	3.81	5.27	5.19	9.51	3.55	9.12	9.37	7.32	7.21	7.81	4.2	4.83	4.09	7.54	7.18	
1309.0	86.0	15.0	15.0	8.41	5.5	9.53	9.92	6.39	9.18	8.02	5.35	4.49	4.7	5.56	3.92	6.23	8.41	8.73	8.33	4.71	10.27	4.19	
1310.0	84.0	12.0	12.0	7.88	5.73	5.0	3.59	10.5	3.59	9.87	6.9	3.97	4.3	10.07	6.06	9.11	4.32	6.72	10.05	9.95	8.77	7.37	
1311.0	80.0	3.0	3.0	5.7	4.78	10.36	6.55	4.24	8.66	8.0	3.5	8.17	4.43	8.71	5.77	4.58	4.76	8.03	3.67	6.19	10.33	5.0	
1312.0	87.0	5.0	5.0	3.81	10.5	9.44	4.92	4.3	7.88	4.05	9.65	5.13	10.18	6.98	6.84	9.06	7.14	5.47	5.72	8.18	7.23	9.24	
1313.0	81.0	3.0	3.0	4.57	9.58	9.57	5.47	6.97	6.68	7.07	6.86	3.95	10.11	8.96	4.22	6.08	4.49	4.35	6.18	5.49	10.44	6.61	
1314.0	70.0	11.0	11.0	5.34	6.01	5.21	9.92	5.18	7.22	8.1	8.93	9.6	5.48	6.95	8.46	4.17	5.08	3.93	9.22	8.06	10.21	4.7	
1315.0	48.0	13.0	13.0	10.3	6.93	10.25	8.63	4.82	9.42	9.26	3.78	4.77	9.37	5.13	10.01	6.58	4.34	8.09	6.54	9.24	6.13	8.14	
1316.0	76.0	6.0	6.0	7.27	10.14	4.99	4.31	8.06	10.0	5.13	4.57	7.05	3.82	8.72	7.57	8.1	3.78	6.68	5.38	8.64	8.89	7.92	
1317.0	93.0	4.0	4.0	9.33	5.69	6.11	4.14	4.82	3.58	7.69	6.17	8.1	5.01	6.5	7.27	6.69	6.5	4.97	9.06	7.47	4.09	4.59	
1318.0	82.0	6.0	6.0	5.76	7.06	10.45	5.8	7.8	7.61	8.97	7.2	5.15	3.51	4.41	4.22	10.12	5.83	9.31	9.52	6.88	7.3	9.3	
1319.0	100.0	14.0	14.0	3.98	9.34	9.16	5.37	9.55	7.89	9.34	6.25	8.51	9.63	5.71	4.92	6.25	10.07	8.62	9.11	7.35	10.1	1.7043740570694652	
1320.0	99.0	12.0	12.0	4.19	8.73	9.8	10.19	4.6	7.25	8.61	4.33	4.04	10.35	7.99	6.37	5.52	5.08	7.27	9.54	8.38	5.43	6.63	
1321.0	71.0	11.0	11.0	4.01	10.46	9.87	3.75	10.33	5.57	9.02	8.47	9.58	5.49	9.4	6.31	7.48	4.54	6.63	8.47	10.29	8.83	5.675724864065932	
1322.0	57.0	14.0	14.0	4.95	7.0	9.47	4.95	4.01	6.01	4.36	8.55	5.08	8.74	3.55	5.0	8.9	9.43	4.8	4.59	8.72	5.34	5.35	
1323.0	51.0	2.0	2.0	4.8	4.76	4.72	5.81	9.62	9.79	4.47	5.98	4.04	9.4	3.8	9.86	5.89	3.54	5.22	3.81	8.86	4.98	9.82	
1324.0	88.0	4.0	4.0	5.65	5.48	5.96	5.31	3.53	8.33	9.22	9.44	6.43	6.64	8.69	4.71	4.81	7.5	6.1	7.58	4.37	9.9	3.82	
1325.0	62.0	7.0	7.0	9.27	10.11	3.97	6.49	8.63	5.92	9.11	4.88	8.78	9.97	5.52	4.34	4.8	4.56	5.9	8.25	9.84	10.0	10.36	
1326.0	65.0	11.0	11.0	3.86	4.72	7.27	9.56	8.53	8.62	7.11	6.3	6.4	6.95	9.5	9.74	4.14	9.83	4.29	3.75	8.0	5.31	7.0	
1327.0	68.0	5.0	5.0	7.98	9.41	4.24	8.71	4.99	8.59	5.95	8.18	8.01	6.34	5.09	5.98	9.63	10.07	9.34	8.38	6.73	7.03	4.34	
1328.0	99.0	12.0	12.0	10.39	10.38	6.19	9.7	4.53	4.72	8.09	8.88	4.87	8.63	8.13	9.17	4.41	4.01	7.01	8.12	9.94	5.52	5.84	
1329.0	90.0	4.0	4.0	8.49	6.44	6.5	3.84	4.4	9.4	4.57	10.13	4.97	5.09	4.02	4.63	7.57	6.39	7.05	6.04	8.61	3.63	5.63	
1330.0	100.0	14.0	14.0	5.9	4.6	5.71	7.82	4.09	6.7	5.82	5.2	9.91	7.6	8.74	10.03	9.84	5.14	3.62	9.15	3.77	7.89	9.29	
1331.0	83.0	5.0	5.0	4.74	10.0	3.81	7.46	6.14	5.14	8.79	10.18	4.72	8.8	3.65	8.54	4.61	9.19	9.52	5.21	4.83	8.0	10.4	
1332.0	64.0	4.0	4.0	10.1	4.67	7.53	4.45	6.57	4.65	6.99	4.41	7.92	4.51	5.59	4.74	4.15	6.81	4.48	4.27	6.97	9.65	7.69	
1333.0	66.0	12.0	12.0	8.34	8.97	6.13	8.05	6.06	4.37	10.11	8.6	7.62	5.15	4.2	4.8	9.47	9.39	10.43	5.62	8.98	6.71	5.94	
1334.0	69.0	12.0	12.0	7.14	7.07	8.46	5.16	6.47	5.88	6.83	9.61	4.92	6.77	5.33	7.95	9.81	5.64	6.75	9.74	4.67	7.23	3.98	
1335.0	97.0	9.0	9.0	5.79	8.03	5.04	5.81	6.84	9.16	10.28	5.91	8.12	4.32	9.64	4.67	5.25	8.33	3.82	7.49	10.37	8.79	10.09	
1336.0	77.0	8.0	8.0	8.92	8.93	7.81	9.31	10.42	6.6	10.16	6.8	5.15	10.29	3.9	3.62	10.27	9.18	7.61	3.69	4.28	9.68	3.79	
1337.0	45.0	5.0	5.0	3.99	5.06	7.24	9.72	6.37	8.62	10.26	5.32	6.29	3.53	6.05	9.78	3.78	4.2	9.51	5.42	5.17	8.22	7.85	
1338.0	25.0	12.0	12.0	3.92	5.39	7.96	7.71	4.16	5.5	7.83	9.17	6.3	5.32	9.46	9.2	5.66	8.26	4.91	4.03	5.06	9.09	5.8	
1339.0	64.0	4.0	4.0	3.95	9.28	4.38	8.56	7.11	9.61	4.93	10.43	9.6	5.59	5.71	10.21	9.67	7.22	5.15	10.25	5.18	8.58	6.67	
1340.0	100.0	14.0	14.0	6.39	6.4	5.3	3.79	7.94	6.08	7.82	3.81	4.53	6.81	5.41	7.38	10.12	7.93	5.33	7.73	4.3	10.21	10.35	
1341.0	90.0	4.0	4.0	5.79	6.12	6.77	10.33	7.45	8.47	9.66	10.26	9.88	5.66	5.29	8.42	10.17	6.74	9.75	10.33	5.23	5.12	2.081097862890681	
1342.0	41.0	15.0	15.0	8.85	8.22	8.57	8.18	8.05	7.75	4.83	7.4	8.65	5.42	9.44	6.49	5.46	5.21	9.04	8.53	5.73	8.44	5.16	
1343.0	88.0	4.0	4.0	4.2	8.96	3.69	8.69	10.44	3.9	5.53	6.15	4.44	4.37	5.18	6.98	6.47	8.57	3.72	9.3	10.33	8.8	7.05	
1344.0	82.0	6.0	6.0	9.96	4.59	7.87	7.67	6.9	5.58	5.72	9.61	4.65	7.19	6.21	8.34	6.88	10.02	7.55	5.88	4.49	3.74	8.6	
1345.0	98.0	15.0	15.0	7.9	4.16	6.35	6.43	8.9	9.35	7.04	5.52	8.19	7.33	3.71	9.82	6.62	7.34	7.61	5.96	5.65	5.75	9.47	
1346.0	87.0	5.0	5.0	6.63	3.56	9.4	6.14	7.95	5.62	7.55	5.37	4.78	9.35	9.9	4.39	6.33	10.14	7.27	8.65	6.94	8.22	9.44	
1347.0	55.0	6.0	6.0	10.3	7.65	6.01	10.49	8.73	4.1	8.77	6.52	9.02	4.75	9.19	7.77	8.73	4.14	6.13	9.31	7.88	10.19	0.599972409240997	
1348.0	85.0	3.0	3.0	3.89	7.81	9.64	8.66	4.99	8.64	7.0	7.71	10.18	3.93	4.36	7.4	10.04	7.5	8.72	4.26	10.09	4.44	6.68	
1349.0	52.0	4.0	4.0	5.79	4.07	8.95	3.81	9.02	7.49	6.09	4.27	7.42	8.39	8.4	4.66	8.42	6.24	8.22	5.0	3.76	10.13	4.12	
1350.0	91.0	9.0	9.0	5.69	5.78	5.81	6.75	7.82	8.62	6.7	6.24	5.95	9.65	8.41	4.73	8.04	6.76	7.84	9.15	6.76	5.23	5.29	
1351.0	84.0	12.0	12.0	10.45	5.75	4.2	7.76	7.99	5.34	10.5	9.54	10.17	6.89	5.98	9.48	8.65	4.88	8.94	9.82	8.64	9.06	9.789148999937614	
1352.0	47.0	15.0	15.0	10.16	6.78	4.1	5.39	4.25	5.44	5.39	9.25	7.86	6.86	6.32	4.4	9.15	5.07	5.48	4.43	3.88	10.2	3.83	
1353.0	42.0	4.0	4.0	10.3	9.53	8.34	9.91	5.49	7.86	8.13	6.45	4.64	4.85	5.95	9.13	4.83	6.19	9.59	4.97	9.19	6.18	5.17	
1354.0	71.0	11.0	11.0	7.6	9.9	6.1	4.18	8.78	10.22	4.61	10.03	5.9	3.88	8.98	8.45	5.43	10.49	3.83	6.75	7.27	5.41	9.58	
1355.0	59.0	9.0	9.0	5.3	9.31	6.7	4.17	4.93	7.59	3.88	8.6	10.31	8.91	8.88	8.34	10.49	9.49	9.16	6.26	3.84	7.58	8.75	
1356.0	50.0	9.0	9.0	5.96	10.43	5.9	8.94	9.23	10.19	3.65	6.79	10.13	7.04	6.96	5.44	9.56	3.78	5.39	7.32	4.65	4.89	9.78	
1357.0	56.0	13.0	13.0	4.04	5.26	4.93	8.78	7.94	3.82	10.26	9.41	7.14	6.38	8.86	6.45	3.71	5.41	6.17	4.5	4.27	10.32	6.32	
1358.0	99.0	12.0	12.0	8.83	6.24	10.34	3.81	5.82	9.36	10.45	7.81	10.15	7.55	3.67	10.27	4.26	4.43	4.51	3.83	9.72	9.92	6.34	
1359.0	88.0	4.0	4.0	6.19	4.28	9.56	9.04	4.09	4.0	10.03	6.3	7.77	10.21	8.94	4.72	7.92	4.87	6.29	6.69	4.41	5.83	7.68	
1360.0	69.0	12.0	12.0	3.88	7.13	3.61	8.37	5.66	7.64	8.27	8.65	6.61	7.65	7.66	9.65	10.23	7.27	9.72	8.7	6.83	4.79	10.06	
1361.0	91.0	9.0	9.0	6.69	5.72	7.0	9.72	7.1	4.6	8.22	6.9	5.14	7.82	4.64	10.39	9.41	7.1	4.06	9.29	10.45	9.99	9.94	
1362.0	29.0	2.0	2.0	7.89	3.72	8.44	9.4	9.46	6.74	10.25	6.69	7.73	7.17	7.1	5.46	10.13	8.37	9.41	5.43	7.09	4.54	10.14	
1363.0	77.0	8.0	8.0	8.06	9.67	3.8	5.22	5.69	7.92	6.94	9.19	8.95	9.85	6.67	8.87	9.15	7.33	6.64	5.41	3.83	9.63	3.57	
1364.0	98.0	15.0	15.0	7.34	9.57	7.67	3.7	10.41	9.62	7.63	6.18	8.55	7.94	5.67	4.8	9.53	7.43	4.2	3.83	10.42	5.76	10.13	
1365.0	53.0	12.0	12.0	4.68	6.83	9.46	7.29	4.77	4.26	8.13	9.89	5.19	5.47	3.84	6.99	8.84	8.83	8.32	9.22	6.92	8.63	5.44	
1366.0	48.0	13.0	13.0	6.58	6.89	8.96	4.14	6.01	6.41	6.84	10.05	8.54	7.59	8.0	5.07	3.6	5.68	7.81	8.67	8.31	5.44	5.61	
1367.0	93.0	4.0	4.0	6.78	9.19	5.76	9.45	7.93	9.18	4.78	7.42	9.87	4.12	4.47	8.02	4.37	7.6	9.72	8.52	4.26	3.69	8.49	
1368.0	72.0	11.0	11.0	4.07	3.84	5.28	4.81	4.09	6.66	8.47	9.72	4.63	9.04	6.17	6.95	5.32	10.34	8.27	4.26	7.62	8.26	8.35	
1369.0	42.0	4.0	4.0	6.5	5.48	4.38	6.4	9.88	9.69	3.86	8.02	3.7	4.45	5.76	9.06	3.72	4.0	8.71	3.98	8.52	7.38	3.92	
1370.0	79.0	7.0	7.0	7.35	4.96	7.92	6.15	8.62	7.59	4.21	3.87	9.0	4.07	8.54	3.89	6.44	4.79	7.49	5.42	4.86	4.73	7.85	
1371.0	88.0	4.0	4.0	7.49	7.86	3.87	8.05	7.3	4.24	8.6	4.58	7.26	7.11	8.5	10.39	7.32	3.66	4.79	3.7	5.48	9.41	7.39	
1372.0	96.0	15.0	15.0	8.53	4.91	5.8	9.26	9.65	5.94	7.22	8.02	5.73	5.28	4.65	3.93	10.34	4.99	8.06	4.88	8.32	5.66	5.98	
1373.0	67.0	3.0	3.0	6.11	5.63	8.53	5.61	9.12	4.63	4.04	8.16	5.27	6.04	8.86	6.96	3.81	10.04	6.14	7.36	7.81	10.4	6.32	
1374.0	83.0	5.0	5.0	7.51	7.81	9.82	10.18	10.21	5.85	5.8	6.74	7.23	3.71	9.95	6.07	6.95	7.33	3.94	5.51	7.69	8.23	5.78	
1375.0	84.0	12.0	12.0	8.43	3.63	7.19	6.96	9.8	5.92	8.93	6.12	5.65	5.89	8.61	6.95	6.19	7.08	3.97	3.64	6.86	8.92	10.05	
1376.0	75.0	8.0	8.0	5.5	8.66	5.32	10.45	4.12	9.45	7.26	8.12	4.87	7.77	4.9	7.37	8.71	3.67	3.76	5.58	7.0	6.14	3.97	
1377.0	91.0	9.0	9.0	6.7	7.29	5.78	4.81	5.22	3.53	7.5	6.09	4.41	8.01	5.8	8.23	6.69	5.92	4.41	4.87	5.71	4.88	5.02	
1378.0	64.0	4.0	4.0	4.99	3.62	10.4	7.65	5.55	5.23	8.41	5.25	7.93	9.49	6.16	3.72	8.5	3.9	9.71	8.24	9.45	8.72	5.33	
1379.0	96.0	15.0	15.0	10.44	8.76	8.14	6.83	5.5	9.54	4.92	7.12	10.21	7.41	6.52	5.97	9.7	3.59	10.43	8.63	4.84	7.37	8.7	
1380.0	70.0	11.0	11.0	3.95	8.68	8.49	6.47	5.23	7.38	4.1	9.42	7.98	9.01	4.29	4.3	9.27	8.97	7.99	10.0	9.6	10.24	8.46	
1381.0	70.0	11.0	11.0	6.46	8.79	8.76	3.65	8.64	4.58	4.88	7.84	4.3	8.64	10.23	6.4	5.82	6.25	5.54	9.64	8.27	9.71	6.49	
1382.0	74.0	1.0	1.0	10.28	9.88	9.22	8.72	9.31	9.46	8.09	7.59	7.98	8.98	9.77	6.92	6.13	6.84	6.2	7.33	7.85	3.5495643516963065	7.5937837300363515	
1383.0	85.0	3.0	3.0	7.83	9.74	4.79	8.76	10.0	10.17	9.27	7.24	5.69	8.13	6.9	6.47	5.25	4.68	5.45	7.07	8.07	8.73	9.22	
1384.0	92.0	10.0	10.0	9.38	6.49	3.91	6.07	9.33	3.74	6.04	10.29	3.64	4.74	6.71	8.12	5.03	10.18	3.98	9.86	7.82	5.43	5.82	
1385.0	86.0	15.0	15.0	6.64	7.04	4.25	9.46	4.92	8.62	4.48	8.78	4.72	4.53	4.06	10.46	5.8	6.57	3.99	9.46	9.98	6.52	6.89	
1386.0	91.0	9.0	9.0	3.91	7.63	10.19	10.37	8.26	5.2	4.06	7.9	6.67	8.53	5.48	4.87	8.09	7.18	6.72	5.37	3.92	9.94	7.53	
1387.0	70.0	11.0	11.0	4.41	3.69	7.48	6.17	7.31	8.76	7.83	5.78	4.13	8.42	5.25	7.7	10.23	9.24	8.39	7.23	4.37	5.84	7.33	
1388.0	98.0	15.0	15.0	4.88	7.45	5.35	4.45	5.69	6.84	10.07	8.34	10.2	8.99	5.49	9.66	5.94	5.09	6.53	5.47	4.7	4.86	8.91	
1389.0	35.0	10.0	10.0	3.78	10.35	3.75	8.25	6.06	4.0	5.46	6.49	10.45	5.69	5.17	5.53	4.8	7.59	9.59	10.34	3.79	3.89	10.43	
1390.0	90.0	4.0	4.0	8.63	7.72	8.22	4.4	9.27	9.22	4.56	6.42	8.75	9.51	6.26	10.03	7.71	5.76	9.09	4.66	9.0	5.46	6.66	
1391.0	26.0	1.0	1.0	8.77	7.95	7.7	9.39	6.68	8.62	6.21	10.19	8.8	3.88	7.96	4.35	6.18	9.17	3.65	6.27	5.98	8.65	4.98	
1392.0	83.0	5.0	5.0	7.02	4.76	9.77	4.11	4.21	7.03	7.65	4.0	8.47	6.32	6.01	8.68	4.61	5.52	8.41	9.6	10.42	4.42	9.8	
1393.0	45.0	5.0	5.0	6.68	6.1	4.95	5.33	4.48	5.17	6.54	6.69	7.4	7.78	4.97	4.73	10.12	6.17	9.95	10.48	5.19	7.19	9.12	
1394.0	93.0	4.0	4.0	6.49	6.11	9.09	10.16	9.31	6.82	8.87	6.23	4.62	3.6	4.7	5.06	8.83	8.73	4.9	9.79	6.13	5.48	4.3	
1395.0	98.0	15.0	15.0	9.73	3.96	9.25	5.4	6.36	8.78	6.71	10.08	10.06	9.04	8.89	5.87	6.78	10.04	4.74	8.3	6.31	9.33	4.084241358549401	
1396.0	56.0	13.0	13.0	9.38	9.35	5.18	6.76	7.99	8.28	5.11	4.52	7.9	4.04	5.51	4.72	7.48	5.04	4.94	7.11	10.11	10.05	7.59	
1397.0	82.0	6.0	6.0	9.58	8.61	4.32	6.5	5.18	3.7	8.93	4.83	4.16	8.96	10.34	4.19	10.43	8.55	9.57	9.75	4.49	6.69	6.83	
1398.0	25.0	12.0	12.0	7.28	4.42	6.24	9.89	9.72	7.97	5.5	4.24	6.8	10.18	8.5	4.86	8.98	4.95	6.54	5.48	7.18	5.77	5.33	
1399.0	96.0	15.0	15.0	3.88	7.14	4.11	8.69	6.24	6.29	10.39	10.42	3.8	8.5	8.73	7.21	9.69	6.17	7.53	4.55	10.33	5.57	5.02	
1400.0	56.0	13.0	13.0	5.9	9.75	6.92	8.63	8.47	9.08	10.3	8.5	5.94	9.59	7.73	4.68	7.61	8.13	7.04	6.34	7.28	4.68	6.69	
1401.0	90.0	4.0	4.0	7.78	7.05	4.22	9.77	3.74	5.62	4.6	4.95	5.89	6.72	5.92	5.42	6.35	8.77	7.71	8.52	9.48	8.27	7.85	
1402.0	57.0	14.0	14.0	8.01	5.02	4.8	5.26	9.39	7.48	3.55	4.29	9.36	4.54	3.77	6.41	8.66	9.46	6.81	9.76	8.62	10.31	5.85	
1403.0	99.0	12.0	12.0	6.82	8.67	3.59	5.42	5.17	6.16	3.59	6.5	9.44	7.96	7.66	7.68	7.79	5.29	10.0	4.63	9.16	4.49	5.14	
1404.0	82.0	6.0	6.0	5.68	9.64	4.0	6.98	8.51	7.22	9.82	8.7	6.12	5.96	6.42	6.1	6.26	10.18	7.9	9.75	3.67	7.89	3.85	
1405.0	49.0	12.0	12.0	6.99	7.12	9.96	10.16	7.82	4.46	7.37	9.53	10.23	6.29	4.21	8.8	9.11	7.75	8.66	7.4	10.4	8.57	1.898007450293667	
1406.0	89.0	14.0	14.0	8.3	4.45	4.93	7.3	7.21	4.5	6.2	3.95	6.03	6.69	10.21	10.07	4.64	10.14	10.19	7.86	9.87	4.77	5.27	
1407.0	70.0	11.0	11.0	8.72	8.7	3.67	9.12	8.01	5.82	5.55	10.19	3.99	9.37	8.21	4.78	5.15	5.67	6.58	8.59	4.39	7.74	7.06	
1408.0	99.0	12.0	12.0	8.76	7.4	4.49	7.84	9.38	9.35	5.8	5.18	7.49	6.9	4.52	4.93	6.42	5.65	5.99	5.13	6.29	7.49	7.27	
1409.0	50.0	9.0	9.0	3.52	4.06	4.89	6.88	8.87	8.11	10.08	9.14	7.29	6.21	9.48	7.87	4.56	6.13	7.68	7.5	6.55	4.1	6.88	
1410.0	9.0	15.0	15.0	4.19	3.9	5.7	7.92	7.28	4.0	9.39	4.22	9.73	4.02	9.77	6.69	6.14	10.17	6.11	5.32	4.14	5.59	9.76	
1411.0	86.0	15.0	15.0	7.24	8.23	8.08	3.95	4.36	7.65	5.76	8.43	5.68	6.55	4.61	7.91	9.62	7.41	9.1	8.27	5.27	5.64	9.18	
1412.0	83.0	5.0	5.0	9.26	7.9	8.05	9.22	9.62	9.76	6.16	5.91	7.05	5.3	10.46	6.15	9.9	6.05	8.92	9.79	6.84	5.3	3.9331024187290495	
1413.0	66.0	12.0	12.0	9.99	10.17	7.76	4.3	8.37	7.38	9.02	10.39	4.71	5.91	8.39	7.38	8.44	4.2	8.19	3.8	10.09	9.95	3.406934873828555	
1414.0	56.0	13.0	13.0	9.81	8.41	7.0	9.1	10.2	4.17	9.28	9.23	7.64	9.44	6.23	9.07	6.15	5.16	9.77	6.37	8.25	5.81	8.808143529719814	
1415.0	87.0	5.0	5.0	7.1	5.61	4.78	4.2	8.78	3.51	7.07	8.73	5.08	5.08	5.14	8.76	6.81	9.43	7.36	5.68	5.01	8.39	7.6	
1416.0	94.0	13.0	13.0	7.88	8.1	10.14	5.57	8.9	7.15	10.42	3.94	3.54	9.5	7.69	6.61	9.66	8.62	7.27	3.89	5.22	6.32	9.88	
1417.0	80.0	3.0	3.0	9.21	4.94	8.73	5.48	5.02	7.06	5.95	7.46	4.44	5.94	8.09	3.79	8.48	8.96	9.58	9.91	7.83	10.22	5.01	
1418.0	98.0	15.0	15.0	7.01	8.87	7.62	6.24	9.92	7.39	10.41	8.24	4.16	5.78	8.74	9.68	6.99	5.15	7.38	7.97	7.55	9.73	9.744555666465846	
1419.0	64.0	4.0	4.0	8.29	4.68	10.47	6.78	8.67	5.96	10.13	10.28	6.59	4.64	10.06	5.12	5.8	4.65	9.49	8.1	6.38	4.74	9.02	
1420.0	89.0	14.0	14.0	7.76	9.19	8.78	9.52	4.88	8.89	8.24	8.66	5.77	10.29	6.04	5.18	9.45	7.18	9.41	4.62	9.0	5.88	3.226534190892904	
1421.0	70.0	11.0	11.0	6.31	9.7	5.05	8.17	10.48	7.39	9.54	9.28	3.68	6.57	5.26	10.16	8.38	6.94	7.91	7.01	5.3	6.6	8.08	
1422.0	29.0	2.0	2.0	9.61	6.83	5.35	6.68	5.68	3.84	4.64	6.98	6.03	4.26	3.91	3.95	4.99	3.57	8.92	8.12	5.55	6.04	5.08	
1423.0	33.0	14.0	14.0	10.25	7.07	5.27	7.78	4.75	7.81	9.93	7.45	5.14	8.89	6.16	6.02	5.05	9.96	6.05	8.61	7.36	6.82	9.94	
1424.0	96.0	15.0	15.0	9.24	6.74	3.63	9.29	4.87	4.93	6.01	3.57	4.49	3.79	3.92	7.13	6.85	4.11	5.01	10.23	5.13	3.68	8.53	
1425.0	46.0	14.0	14.0	6.34	7.24	4.5	3.96	5.78	8.25	4.0	5.65	7.63	10.41	5.22	5.67	4.85	9.4	6.1	7.46	6.51	8.81	9.54	
1426.0	95.0	8.0	8.0	7.76	8.68	4.38	5.29	7.98	9.47	4.01	10.4	5.08	5.57	7.26	3.6	6.13	4.86	6.33	6.18	7.89	6.73	7.45	
1427.0	86.0	15.0	15.0	8.68	10.13	6.68	7.56	5.37	10.46	10.42	6.24	10.41	7.5	7.11	4.63	9.99	5.47	5.11	3.56	4.37	5.66	4.41	
1428.0	46.0	14.0	14.0	5.93	8.74	9.45	9.31	9.75	9.92	8.8	8.62	5.9	7.8	7.15	9.21	6.94	9.37	6.29	8.33	8.23	8.8532962651606	3.7358434620111276	
1429.0	98.0	15.0	15.0	9.57	6.14	9.19	3.72	4.3	9.67	7.17	4.51	5.82	4.23	9.47	8.54	3.7	9.64	6.41	4.44	6.71	8.58	7.28	
1430.0	78.0	8.0	8.0	7.04	6.67	9.55	7.69	10.38	7.76	6.42	10.24	9.78	10.29	6.05	8.08	8.07	10.11	4.86	6.8	3.87	5.4	2.7043930787015205	
1431.0	81.0	3.0	3.0	4.28	4.31	8.62	4.11	6.67	5.35	9.21	5.59	7.65	7.96	9.14	5.45	5.98	7.63	7.72	7.35	8.31	8.89	6.51	
1432.0	63.0	15.0	15.0	3.57	3.62	5.63	10.28	9.89	9.73	10.08	6.53	6.41	3.64	6.21	6.6	3.71	8.91	7.7	9.74	7.85	5.12	7.24	
1433.0	88.0	4.0	4.0	6.4	5.98	6.41	10.25	4.36	6.65	8.19	10.4	9.67	5.99	3.87	9.0	10.13	7.61	7.89	6.89	8.52	10.33	8.29712843261141	
1434.0	81.0	3.0	3.0	3.77	8.98	9.63	9.59	7.97	9.35	9.85	7.52	6.37	5.39	6.45	10.47	5.32	9.75	6.68	8.94	6.62	5.51	10.230803124347975	
1435.0	83.0	5.0	5.0	9.2	4.99	8.13	9.2	4.79	5.87	8.9	5.63	6.99	7.55	7.59	3.89	4.02	5.95	8.22	5.69	8.91	6.07	4.34	
1436.0	81.0	3.0	3.0	9.34	10.46	6.37	8.65	5.68	9.25	7.8	10.42	8.95	8.9	9.82	3.68	7.64	7.19	10.38	8.28	5.97	2.4892005984319656	1.4814543268073224	
1437.0	86.0	15.0	15.0	4.45	7.89	9.34	8.72	4.48	6.46	5.97	5.21	6.65	8.94	6.39	5.9	7.84	7.66	10.41	8.15	7.66	10.27	5.41	
1438.0	92.0	10.0	10.0	6.63	8.66	5.13	7.14	6.47	8.78	10.04	5.29	7.84	4.77	7.6	5.01	7.79	9.03	5.36	6.16	8.77	9.01	6.15	
1439.0	86.0	15.0	15.0	5.27	7.99	8.99	5.91	9.47	9.53	3.82	7.42	7.75	8.32	5.8	6.1	6.5	4.07	5.74	9.84	6.24	6.67	4.01	
1440.0	61.0	12.0	12.0	10.0	5.92	5.54	6.83	6.08	9.26	4.73	4.59	6.29	7.01	4.58	3.65	9.32	9.71	4.59	7.9	3.8	3.76	5.71	
1441.0	90.0	4.0	4.0	9.89	4.22	10.23	10.22	6.48	5.78	4.79	6.65	4.84	8.43	9.69	4.59	8.38	9.52	9.83	6.28	7.29	5.0	7.16	
1442.0	90.0	4.0	4.0	8.18	5.84	9.52	9.03	6.47	7.25	5.6	7.97	7.48	9.98	4.32	4.81	9.74	5.98	5.94	8.39	5.63	6.76	8.86	
1443.0	99.0	12.0	12.0	7.92	3.92	6.74	7.36	9.25	5.73	3.6	8.01	6.23	6.2	4.34	6.88	7.29	5.95	5.47	7.17	3.96	7.71	3.92	
1444.0	84.0	12.0	12.0	9.13	3.54	8.9	7.34	5.64	5.05	8.81	8.53	4.64	5.72	8.68	3.96	6.82	6.96	6.25	7.45	10.23	9.26	9.5	
1445.0	91.0	9.0	9.0	7.3	8.21	9.25	6.23	6.03	5.76	4.8	6.93	5.27	10.0	5.11	5.84	7.62	10.08	5.8	9.0	6.46	6.08	6.65	
1446.0	18.0	2.0	2.0	6.88	4.65	7.35	8.9	4.72	5.59	3.77	5.57	8.11	7.47	8.38	3.56	8.3	4.33	4.43	5.72	7.97	9.34	10.24	
1447.0	97.0	9.0	9.0	3.7	8.65	4.93	8.59	5.42	7.67	5.68	8.69	6.17	9.18	8.35	6.25	8.18	4.34	6.59	8.7	5.63	7.68	5.12	
1448.0	72.0	11.0	11.0	8.78	5.58	5.44	7.59	3.96	6.75	9.5	4.95	3.54	7.66	9.28	10.05	3.55	9.35	6.71	9.42	6.39	4.69	8.36	
1449.0	54.0	10.0	10.0	4.34	4.33	5.92	10.37	3.69	9.4	5.67	8.96	7.73	4.26	3.73	7.59	7.33	9.85	5.9	9.62	7.63	5.63	9.52	
1450.0	85.0	3.0	3.0	7.99	7.54	7.66	3.58	5.94	9.46	10.05	7.58	10.33	6.75	9.42	3.52	9.24	7.07	9.57	5.64	8.27	3.55	6.73	
1451.0	85.0	3.0	3.0	8.04	9.42	9.99	4.31	9.56	9.59	6.49	9.88	9.74	9.5	4.23	8.55	6.87	5.82	8.74	4.39	5.18	4.57	8.72	
1452.0	59.0	9.0	9.0	4.28	4.03	3.61	6.15	8.42	10.44	7.97	4.24	4.66	5.67	7.77	6.14	3.87	3.72	9.15	3.51	3.87	9.5	5.27	
1453.0	81.0	3.0	3.0	5.17	6.77	6.54	6.96	9.08	4.23	8.42	4.26	5.78	7.14	6.35	10.25	8.45	5.19	3.61	3.58	10.3	3.72	10.19	
1454.0	89.0	14.0	14.0	8.48	8.0	4.86	9.54	3.78	5.58	10.27	8.7	10.03	10.22	4.71	8.7	10.46	7.18	8.75	7.68	5.26	4.92	7.68	
1455.0	74.0	1.0	1.0	8.81	5.36	6.54	10.06	3.55	4.64	7.71	8.11	10.47	9.92	9.96	3.67	10.17	4.48	10.09	4.57	10.31	7.02	10.12	
1456.0	75.0	8.0	8.0	3.66	7.69	7.64	6.71	4.61	6.9	8.0	5.21	9.61	4.59	10.26	6.26	9.78	9.39	4.87	7.64	4.89	9.83	3.68	
1457.0	78.0	8.0	8.0	7.64	6.51	5.35	6.34	4.18	3.99	6.33	10.23	5.54	6.11	6.5	8.06	8.9	4.67	4.85	8.21	7.34	5.66	5.56	
1458.0	61.0	12.0	12.0	9.02	9.95	9.18	10.49	9.45	6.24	8.85	7.77	5.1	9.99	8.24	4.46	10.36	8.9	8.09	5.76	8.44	5.8274232249419065	0.3303604803266884	
1459.0	42.0	4.0	4.0	10.12	3.5	6.07	5.94	4.32	8.78	9.11	9.53	9.03	6.11	6.99	4.8	5.46	7.98	3.78	8.32	7.75	8.99	7.47	
1460.0	69.0	12.0	12.0	6.87	3.91	10.31	7.17	8.3	10.39	4.06	4.35	6.8	8.19	7.76	5.85	5.25	9.0	8.87	4.28	4.83	3.55	9.62	
1461.0	70.0	11.0	11.0	8.61	9.1	10.25	5.45	8.55	4.89	5.51	6.02	4.01	4.9	8.74	9.21	5.14	3.97	9.57	5.35	9.56	9.17	5.58	
1462.0	73.0	13.0	13.0	6.75	8.15	7.07	5.16	10.46	8.09	9.31	4.2	8.45	7.84	6.84	8.76	4.13	6.36	4.5	9.89	3.51	6.42	10.16	
1463.0	93.0	4.0	4.0	5.3	3.58	4.73	7.78	8.77	9.16	10.21	4.88	7.33	7.81	7.68	6.92	10.31	6.42	9.68	4.06	4.02	9.27	5.44	
1464.0	38.0	5.0	5.0	6.43	6.69	5.24	10.49	4.48	7.34	10.01	4.59	8.58	6.43	6.99	7.27	3.79	4.22	4.73	5.2	5.21	7.72	4.91	
1465.0	79.0	7.0	7.0	9.16	8.34	7.11	9.36	7.56	6.52	5.55	9.76	7.69	10.11	6.03	9.07	7.17	4.1	7.72	4.27	4.99	4.55	8.72	
1466.0	92.0	10.0	10.0	5.15	7.66	5.68	4.09	6.62	6.07	5.45	10.44	9.14	4.34	6.38	7.23	9.57	8.5	4.86	7.71	4.55	7.16	6.48	
1467.0	90.0	4.0	4.0	8.61	6.53	6.02	8.86	10.05	5.26	3.67	10.48	8.66	5.12	8.18	7.33	8.58	4.6	7.68	4.5	8.15	5.36	4.11	
1468.0	35.0	10.0	10.0	9.74	5.37	7.32	5.94	7.93	10.22	8.36	10.04	5.1	8.12	4.11	4.91	5.61	3.56	10.07	8.43	8.29	8.98	5.13	
1469.0	74.0	1.0	1.0	4.38	8.24	4.05	5.29	8.24	7.12	6.04	5.38	9.6	9.55	7.33	5.69	10.17	6.58	4.24	7.51	9.58	6.12	4.62	
1470.0	28.0	8.0	8.0	9.45	5.95	6.25	10.14	7.74	5.83	9.7	7.7	4.16	7.04	4.31	8.94	5.07	9.51	7.93	8.67	8.94	3.95	3.64	
1471.0	94.0	13.0	13.0	5.12	4.89	7.81	9.9	5.9	8.43	9.1	9.05	9.74	5.62	5.63	4.69	6.87	9.14	6.54	8.31	8.75	10.1	9.77	
1472.0	86.0	15.0	15.0	7.1	5.47	6.94	7.33	5.97	5.92	8.54	5.7	7.16	6.96	8.82	8.36	9.11	6.53	8.7	6.9	4.9	7.12	3.52	
1473.0	54.0	10.0	10.0	5.17	4.96	4.57	6.44	5.23	4.84	9.97	5.07	4.37	5.36	4.68	4.96	6.77	4.63	6.42	4.14	6.08	5.13	3.63	
1474.0	90.0	4.0	4.0	7.13	8.11	7.85	5.26	9.91	5.58	5.31	3.66	6.72	10.06	5.16	7.18	5.79	5.79	3.65	3.89	5.59	9.15	5.79	
1475.0	72.0	11.0	11.0	7.55	9.05	5.23	9.82	4.53	8.51	9.06	9.05	9.34	8.28	6.28	7.34	5.92	9.87	7.34	10.18	8.97	4.03	2.2761343224211577	
1476.0	4.0	9.0	9.0	4.59	8.49	7.11	4.72	4.42	4.72	6.94	8.15	5.27	5.14	4.92	10.2	3.61	4.73	3.79	4.52	4.9	10.26	10.48	
1477.0	91.0	9.0	9.0	6.78	6.92	7.61	7.06	6.59	8.85	8.51	3.67	7.28	8.62	3.65	7.36	4.03	7.49	10.19	5.82	10.04	9.92	6.07	
1478.0	40.0	11.0	11.0	10.28	6.43	9.12	4.7	6.75	4.95	6.84	9.61	6.47	8.84	4.0	7.34	6.17	7.24	7.3	3.68	7.18	8.47	9.53	
1479.0	37.0	5.0	5.0	8.66	7.16	7.8	10.4	6.12	8.21	10.3	6.25	9.42	5.85	9.63	9.07	6.24	5.08	5.66	3.94	4.64	4.2	4.72	
1480.0	100.0	14.0	14.0	8.6	7.59	4.09	7.91	4.19	4.81	9.36	7.48	7.68	4.78	4.71	5.11	5.46	6.96	9.98	5.24	7.0	5.93	9.94	
1481.0	81.0	3.0	3.0	7.55	5.65	3.62	9.75	9.89	5.69	7.36	10.25	6.67	6.86	8.8	5.26	5.73	6.46	8.3	4.66	6.97	5.08	7.36	
1482.0	73.0	13.0	13.0	7.0	4.57	4.37	9.37	4.84	7.53	5.55	8.42	3.51	8.3	6.36	6.46	4.05	4.02	9.38	4.78	7.86	7.31	9.73	
1483.0	33.0	14.0	14.0	8.31	7.29	7.47	6.88	6.83	8.69	6.72	4.57	6.67	3.75	9.04	9.68	8.01	8.88	9.95	5.38	8.61	5.11	8.97	
1484.0	92.0	10.0	10.0	3.96	9.79	8.21	5.28	8.62	4.35	6.17	5.83	9.16	5.79	9.56	5.06	6.24	10.42	4.18	8.87	9.61	9.61	4.28	
1485.0	43.0	13.0	13.0	5.02	6.1	10.36	4.55	6.84	5.15	4.01	6.96	4.48	6.66	5.32	10.46	8.64	7.95	4.89	5.44	9.53	8.55	10.34	
1486.0	86.0	15.0	15.0	6.34	7.65	6.15	8.03	5.99	5.99	4.14	4.5	7.13	5.75	8.94	3.71	5.83	6.36	3.89	4.33	9.85	7.04	7.64	
1487.0	55.0	6.0	6.0	6.39	4.3	7.04	6.09	8.9	9.17	7.39	9.24	5.64	4.1	6.15	10.1	5.86	9.45	7.01	5.85	6.12	6.87	4.61	
1488.0	73.0	13.0	13.0	9.67	9.85	10.06	4.5	9.47	7.93	9.73	3.81	5.9	7.83	9.04	7.61	9.41	7.97	4.68	5.47	9.25	4.93	10.08	
1489.0	94.0	13.0	13.0	8.94	8.86	7.69	9.11	8.25	6.8	6.32	8.31	6.9	5.48	10.24	9.81	4.63	10.29	5.9	6.14	4.36	10.13	1.6763631182972545	
1490.0	81.0	3.0	3.0	8.91	5.34	7.43	5.27	3.54	8.17	7.61	8.02	9.59	9.65	6.91	4.03	8.1	7.52	4.59	4.8	9.74	10.38	4.97	
1491.0	62.0	7.0	7.0	3.92	10.26	7.06	4.6	7.45	7.14	6.61	9.12	3.82	3.76	4.61	5.0	8.42	5.03	9.39	3.71	10.01	5.81	3.56	
1492.0	39.0	14.0	14.0	5.34	4.87	5.12	4.21	6.05	6.6	8.21	7.88	5.71	9.05	9.63	6.67	7.14	7.04	9.9	6.58	6.11	7.57	9.59	
1493.0	85.0	3.0	3.0	4.99	7.99	6.69	4.56	5.18	6.52	5.74	9.95	8.8	5.33	4.84	7.64	8.07	6.26	9.49	7.34	6.12	4.34	4.6	
1494.0	90.0	4.0	4.0	4.35	4.26	8.48	7.25	10.28	9.11	4.31	9.4	5.8	4.54	9.66	9.99	10.48	4.69	8.33	5.81	4.29	7.51	6.8	
1495.0	74.0	1.0	1.0	7.26	4.62	3.77	8.67	9.74	5.02	4.49	10.41	7.62	7.25	5.25	6.57	7.44	8.01	9.37	5.53	4.17	5.58	6.92	
1496.0	88.0	4.0	4.0	8.82	9.57	5.28	6.26	9.71	5.9	9.54	4.09	9.36	4.74	7.9	6.41	7.4	8.27	5.68	3.66	3.97	5.68	5.18	
1497.0	12.0	5.0	5.0	9.61	4.0	4.96	5.13	8.67	7.96	8.67	6.4	9.31	4.2	5.65	7.65	3.69	4.73	9.09	7.65	7.39	7.62	4.5	
1498.0	85.0	3.0	3.0	9.87	8.32	7.28	4.58	5.78	3.89	5.66	5.85	3.61	4.0	7.98	10.27	4.72	10.04	9.07	9.31	6.68	4.16	6.2	
1499.0	65.0	11.0	11.0	4.82	9.26	8.68	5.5	5.42	4.02	10.09	5.4	3.72	6.04	10.24	4.94	4.64	4.58	3.81	5.67	8.22	6.96	6.92	
1500.0	94.0	13.0	13.0	8.73	8.26	8.65	7.31	3.59	10.14	6.58	6.8	9.01	4.2	9.74	7.58	8.71	5.5	7.19	6.14	9.98	5.27	8.2	
1501.0	70.0	11.0	11.0	4.74	4.77	3.64	3.92	7.81	7.72	4.45	8.28	9.6	5.49	5.43	8.67	8.62	5.7	6.26	7.14	6.96	8.26	7.42	
1502.0	51.0	2.0	2.0	4.82	9.3	7.62	9.81	7.46	6.0	7.74	4.91	8.75	4.07	7.72	5.63	10.32	6.89	6.77	8.6	5.87	8.54	10.37	
1503.0	21.0	9.0	9.0	5.24	8.64	3.94	4.04	7.08	4.22	7.16	6.47	9.13	7.86	5.89	4.37	9.88	7.12	3.78	9.18	8.66	5.73	7.34	
1504.0	84.0	12.0	12.0	4.79	6.45	4.89	6.69	8.4	5.75	6.3	10.27	8.8	5.26	6.54	8.42	9.06	3.73	8.26	9.4	5.39	6.27	8.19	
1505.0	87.0	5.0	5.0	8.69	4.51	7.68	8.98	6.77	8.96	6.55	10.29	5.82	6.86	8.17	7.04	10.03	6.49	5.06	8.03	5.11	9.68	10.08	
1506.0	84.0	12.0	12.0	10.27	8.0	7.99	6.61	6.09	3.94	5.69	4.01	4.91	10.28	6.34	6.25	8.91	9.68	9.67	8.8	6.24	3.57	6.85	
1507.0	91.0	9.0	9.0	6.55	6.23	6.4	8.78	10.35	8.37	8.27	8.1	10.03	10.48	7.72	10.4	5.91	9.55	3.7	9.24	7.43	8.02	3.9672090339112955	
1508.0	14.0	13.0	13.0	8.34	5.21	5.83	5.03	7.74	4.08	4.22	4.19	8.15	10.18	9.96	7.24	4.78	7.53	4.72	9.36	8.52	8.82	7.93	
1509.0	89.0	14.0	14.0	10.17	6.37	9.17	6.02	6.26	5.34	5.85	5.08	9.09	7.99	7.51	7.19	7.23	5.51	9.47	9.62	10.37	8.1	7.64	
1510.0	83.0	5.0	5.0	9.49	9.34	8.9	9.24	4.18	4.04	6.24	7.67	4.12	7.91	6.88	3.81	5.91	6.73	3.93	5.45	6.04	9.19	10.12	
1511.0	82.0	6.0	6.0	8.17	3.63	4.49	7.64	10.26	5.37	7.59	9.47	9.37	8.32	3.64	7.96	7.18	4.29	10.3	5.48	6.36	5.77	5.64	
1512.0	64.0	4.0	4.0	4.2	4.1	3.96	6.76	5.38	9.56	3.82	4.81	8.96	6.42	4.53	8.98	8.24	4.62	5.9	8.98	7.34	9.01	10.16	
1513.0	66.0	12.0	12.0	8.04	10.5	10.35	5.57	6.6	7.94	6.53	3.74	4.09	6.51	9.02	3.95	3.59	8.16	3.67	4.74	7.12	9.47	7.97	
1514.0	92.0	10.0	10.0	5.33	9.0	4.4	3.53	7.83	3.93	3.54	10.46	5.14	8.77	4.72	6.66	8.27	4.14	5.02	4.06	5.69	9.59	5.75	
1515.0	94.0	13.0	13.0	3.9	10.19	4.23	4.86	6.37	6.34	4.73	5.14	5.0	8.67	7.67	6.45	7.46	7.62	6.85	9.03	9.43	7.12	5.02	
1516.0	76.0	6.0	6.0	9.02	7.7	8.92	5.34	4.42	9.21	7.99	3.61	10.18	5.25	10.16	6.41	6.12	5.66	8.83	9.02	9.0	5.88	7.11	
1517.0	87.0	5.0	5.0	5.51	3.69	5.55	7.09	6.44	3.57	5.25	7.77	4.67	8.41	9.69	6.81	8.37	4.72	6.34	9.65	5.66	9.75	3.7	
1518.0	62.0	7.0	7.0	4.27	8.03	9.95	9.25	5.47	7.26	7.06	7.36	8.59	6.59	7.19	9.96	4.25	4.56	9.23	8.52	6.25	8.48	6.3	
1519.0	45.0	5.0	5.0	8.81	6.8	3.73	10.07	5.77	10.35	6.81	4.22	10.46	4.32	7.09	5.42	5.64	7.63	10.03	7.98	6.15	6.4	5.53	
1520.0	48.0	13.0	13.0	8.3	7.71	7.41	5.66	6.0	6.9	6.33	9.02	9.97	8.21	3.77	9.75	5.49	10.24	8.14	6.82	6.54	6.32	4.99	
1521.0	52.0	4.0	4.0	8.95	10.01	7.02	6.14	8.22	4.34	9.26	6.33	3.65	4.9	3.59	7.01	4.91	8.21	8.26	4.83	9.65	7.39	7.38	
1522.0	56.0	13.0	13.0	7.89	7.27	9.38	9.05	5.38	8.61	9.26	7.7	3.76	9.44	3.54	5.72	5.01	8.48	5.8	4.98	3.82	9.01	5.17	
1523.0	59.0	9.0	9.0	9.68	4.19	6.97	7.7	7.39	8.66	5.12	6.8	4.86	8.04	6.45	9.14	7.01	9.43	5.65	5.78	10.01	7.11	6.69	
1524.0	60.0	3.0	3.0	4.25	8.28	9.34	7.81	3.84	7.45	4.55	7.22	10.05	6.25	9.84	5.54	6.86	3.73	3.89	6.38	9.32	10.3	7.74	
1525.0	44.0	3.0	3.0	6.84	7.91	8.83	9.63	7.95	6.03	7.3	6.01	5.27	6.11	8.23	8.9	5.38	10.32	3.83	10.23	4.96	10.03	8.18	
1526.0	23.0	7.0	7.0	10.25	9.27	5.78	9.87	4.17	5.69	8.43	9.11	5.26	7.54	4.77	8.1	5.81	7.85	9.37	3.65	5.8	8.96	7.88	
1527.0	49.0	12.0	12.0	10.23	4.62	8.58	4.08	9.98	6.82	5.83	9.88	7.28	8.76	5.04	8.26	7.34	3.68	5.65	4.56	4.12	5.25	8.46	
1528.0	53.0	12.0	12.0	10.39	6.21	4.61	4.63	10.06	9.16	6.69	9.57	8.03	7.63	6.25	9.48	4.6	6.6	10.43	4.38	9.98	8.68	10.33	
1529.0	57.0	14.0	14.0	8.2	8.72	7.86	7.21	7.21	4.09	5.19	8.22	3.93	8.18	7.48	9.38	10.22	6.82	9.89	7.36	8.72	4.9	5.26	
1530.0	32.0	14.0	14.0	4.39	4.27	7.81	9.11	5.91	4.79	4.59	3.51	6.38	6.88	10.14	5.62	8.54	8.93	7.29	3.95	8.91	6.63	7.14	
1531.0	83.0	5.0	5.0	6.29	9.83	7.16	9.56	9.74	7.32	8.87	3.96	5.07	10.17	4.3	8.16	7.59	8.33	9.77	10.3	7.82	4.71	1.8736059965821474	
1532.0	82.0	6.0	6.0	5.97	6.78	3.89	5.13	4.72	5.95	3.82	5.33	5.82	8.43	3.53	6.56	3.73	6.03	9.9	10.28	5.2	6.69	7.95	
1533.0	91.0	9.0	9.0	8.47	6.78	9.11	4.39	4.19	7.88	10.37	5.1	5.43	6.96	10.44	10.09	5.42	4.28	8.54	8.1	8.97	9.79	5.94	
1534.0	50.0	9.0	9.0	10.14	3.86	8.13	7.16	5.87	8.83	4.52	9.93	8.03	5.83	7.56	8.25	4.53	10.41	5.68	8.59	10.01	5.46	6.9	
1535.0	87.0	5.0	5.0	4.55	8.12	7.11	4.66	5.04	6.85	5.23	7.72	7.47	7.25	4.66	9.62	4.28	7.39	7.51	9.65	3.59	7.49	6.58	
1536.0	56.0	13.0	13.0	5.91	5.86	9.31	3.59	9.25	7.26	7.5	7.4	3.54	6.9	7.35	4.27	6.38	5.55	4.02	5.82	7.7	6.76	3.81	
1537.0	60.0	3.0	3.0	7.71	4.58	7.93	4.74	3.67	3.86	4.5	9.95	5.46	6.38	10.43	10.04	5.57	3.57	4.54	3.98	7.88	3.85	7.76	
1538.0	94.0	13.0	13.0	3.96	7.9	6.29	8.05	8.87	10.41	4.65	3.51	5.9	9.76	7.39	7.27	4.34	7.0	4.55	6.44	4.43	4.17	7.09	
1539.0	46.0	14.0	14.0	8.97	10.49	4.7	10.43	6.94	9.22	5.31	7.42	8.57	9.32	8.86	6.96	7.43	7.16	10.42	8.66	7.53	6.1459751287239754	1.4049670448629172	
1540.0	85.0	3.0	3.0	9.85	6.21	3.81	7.99	4.54	4.96	10.04	8.87	9.46	3.51	4.39	10.38	5.91	10.48	5.43	6.23	6.03	10.22	7.37	
1541.0	100.0	14.0	14.0	8.47	3.84	8.21	7.08	6.75	7.81	6.92	9.6	5.45	4.31	9.84	9.98	9.17	3.58	5.08	3.83	8.03	7.78	6.13	
1542.0	56.0	13.0	13.0	4.85	4.68	9.74	10.38	5.99	8.93	7.59	5.24	10.19	3.93	4.56	8.57	9.47	6.77	6.01	6.14	10.21	7.38	9.94	
1543.0	90.0	4.0	4.0	8.02	10.37	7.53	10.42	5.9	4.57	10.48	9.6	9.1	5.35	8.43	10.32	7.64	8.63	7.6	7.19	4.3	5.11	1.5721518433364632	
1544.0	41.0	15.0	15.0	10.45	7.13	6.98	4.95	6.39	4.74	6.64	4.84	5.39	7.35	7.17	5.18	8.75	9.08	6.76	8.55	4.54	8.35	8.46	
1545.0	93.0	4.0	4.0	5.15	4.8	3.97	10.04	7.81	8.94	5.57	9.82	6.86	9.16	3.66	6.67	10.29	9.83	4.75	9.08	5.94	4.01	8.77	
1546.0	90.0	4.0	4.0	4.54	8.3	6.17	4.62	4.85	7.17	7.9	4.94	4.79	9.99	8.56	4.32	4.84	6.45	8.38	4.16	4.37	6.29	6.42	
1547.0	50.0	9.0	9.0	9.4	8.96	9.38	5.86	4.01	10.45	9.84	5.62	4.62	7.1	9.93	3.71	4.45	8.09	10.25	7.66	10.03	5.12	7.56	
1548.0	53.0	12.0	12.0	9.21	10.31	4.16	5.94	4.94	8.26	5.56	3.84	4.4	4.03	9.44	7.37	10.42	7.59	5.61	4.58	8.2	3.7	3.77	
1549.0	91.0	9.0	9.0	8.22	6.19	4.17	5.12	7.87	5.08	5.99	5.78	4.4	3.72	3.64	8.69	4.67	8.81	9.4	5.25	6.41	5.82	4.62	
1550.0	36.0	15.0	15.0	6.02	7.69	9.21	8.99	6.6	3.77	4.28	8.21	3.81	10.06	6.59	4.2	8.57	7.66	7.32	5.57	8.35	7.6	7.39	
1551.0	32.0	14.0	14.0	5.68	4.6	5.35	6.7	3.7	8.73	3.72	8.2	9.68	10.0	9.48	8.44	7.06	10.09	10.2	6.13	9.29	9.57	6.57	
1552.0	83.0	5.0	5.0	6.89	9.52	7.1	7.85	10.33	5.53	5.43	7.75	4.2	7.62	9.3	8.15	4.1	9.68	5.86	9.83	6.65	5.33	3.51	
1553.0	100.0	14.0	14.0	4.05	9.73	9.16	4.19	7.17	3.95	10.3	3.51	3.63	5.26	10.02	3.84	9.85	6.29	3.57	6.23	4.03	3.78	7.92	
1554.0	87.0	5.0	5.0	4.2	7.05	5.42	7.95	5.78	6.93	7.58	9.64	6.65	9.65	8.78	9.58	8.49	8.33	10.47	7.01	7.44	4.24	9.13	
1555.0	53.0	12.0	12.0	4.95	6.23	6.86	6.5	7.31	7.32	5.25	3.8	9.87	6.76	8.82	4.76	9.89	6.17	5.54	9.1	8.4	4.25	8.63	
1556.0	98.0	15.0	15.0	8.07	5.24	6.58	4.92	3.99	3.95	9.69	8.28	9.32	7.02	8.03	4.35	6.84	10.11	6.76	6.89	8.79	4.05	8.16	
1557.0	26.0	1.0	1.0	8.16	6.85	6.04	8.16	6.89	5.21	8.48	9.8	5.03	3.54	7.6	5.93	9.84	6.49	7.73	6.94	5.79	7.45	3.93	
1558.0	42.0	4.0	4.0	10.07	6.91	8.7	3.7	6.27	7.37	7.07	7.44	5.42	8.56	6.84	8.12	7.02	8.51	9.26	3.67	6.41	6.4	7.09	
1559.0	46.0	14.0	14.0	5.76	3.88	7.23	9.3	5.45	6.7	9.62	5.48	9.23	7.62	5.59	9.47	8.8	3.55	5.51	9.84	4.47	6.9	4.83	
1560.0	50.0	9.0	9.0	10.47	4.4	7.32	7.71	7.43	4.65	7.66	5.47	7.09	5.5	9.31	8.52	6.45	8.04	10.29	5.67	8.85	8.93	6.51	
1561.0	53.0	12.0	12.0	6.21	9.22	4.24	6.19	8.45	8.51	9.96	4.26	7.26	9.7	4.69	7.79	10.17	9.32	4.32	10.35	5.87	6.38	10.06	
1562.0	54.0	10.0	10.0	8.09	7.13	9.33	4.17	4.8	8.07	6.99	4.68	6.4	7.78	8.92	6.12	9.93	7.68	10.48	8.35	9.16	9.1	4.89	
1563.0	80.0	3.0	3.0	8.15	9.38	7.42	9.92	6.72	4.23	7.77	8.93	3.6	9.07	9.51	9.82	5.33	5.69	4.07	8.33	7.84	9.14	9.38	
1564.0	95.0	8.0	8.0	5.43	5.28	3.74	6.85	6.57	7.46	5.11	9.34	4.13	9.91	7.39	9.99	7.57	8.34	5.84	10.08	5.86	5.09	10.27	
1565.0	97.0	9.0	9.0	4.1	5.28	8.16	6.35	4.75	4.78	7.08	4.88	6.31	4.97	5.4	8.49	5.0	3.66	6.01	4.82	9.21	5.87	8.04	
1566.0	85.0	3.0	3.0	5.82	5.5	5.29	4.14	5.26	8.75	10.04	3.72	9.44	8.73	3.86	9.01	8.44	8.47	8.77	9.51	5.44	3.58	8.97	
1567.0	25.0	12.0	12.0	8.38	5.33	6.0	6.45	6.08	6.05	8.67	8.45	9.11	3.9	8.06	9.54	8.88	8.04	7.78	4.37	10.3	8.64	4.49	
1568.0	95.0	8.0	8.0	9.41	9.76	8.83	9.42	4.7	5.26	10.29	3.84	7.89	4.28	4.72	8.49	9.94	5.45	3.77	3.96	7.02	9.35	9.08	
1569.0	14.0	13.0	13.0	7.47	6.89	5.55	9.63	4.98	8.6	5.67	4.08	4.76	7.96	7.08	7.21	5.8	3.88	7.06	7.69	6.03	4.59	9.59	
1570.0	87.0	5.0	5.0	6.06	3.51	7.57	3.64	9.1	4.8	6.62	7.24	3.62	3.7	5.71	4.73	3.65	4.6	7.38	4.63	6.17	3.94	9.17	
1571.0	41.0	15.0	15.0	8.88	7.28	6.01	9.23	4.92	7.7	7.21	6.28	4.84	10.03	7.22	4.75	6.83	5.11	7.91	10.03	5.63	8.05	8.18	
1572.0	44.0	3.0	3.0	4.31	8.41	6.18	4.97	7.51	3.87	7.83	10.42	7.08	9.99	7.52	3.69	6.67	5.21	10.05	9.05	7.14	5.32	7.33	
1573.0	47.0	15.0	15.0	8.1	10.11	9.01	5.2	5.48	10.18	9.24	6.61	6.16	7.4	5.28	5.29	9.54	7.18	5.21	7.16	3.99	9.63	8.46	
1574.0	50.0	9.0	9.0	6.81	9.09	8.06	5.58	5.23	8.29	7.57	5.23	6.09	8.46	7.89	8.71	10.28	7.18	4.87	3.98	6.93	10.02	8.85	
1575.0	95.0	8.0	8.0	10.31	6.82	7.9	10.2	3.85	5.1	6.92	8.83	8.23	4.43	7.67	7.16	8.19	10.32	4.32	4.14	8.23	8.83	3.54	
1576.0	81.0	3.0	3.0	6.92	4.37	4.67	8.42	8.74	8.89	5.54	4.83	10.09	8.66	9.64	10.14	4.72	10.3	9.39	8.27	4.24	5.61	6.11	
1577.0	49.0	12.0	12.0	5.06	8.94	6.09	10.11	7.6	9.56	8.03	5.71	8.18	10.3	8.78	7.03	3.88	7.74	7.44	6.1	6.42	10.39	5.36	
1578.0	78.0	8.0	8.0	6.82	4.05	3.83	6.72	8.33	10.04	3.7	8.53	10.01	9.3	5.7	6.31	8.01	7.36	8.74	7.1	3.65	8.01	6.39	
1579.0	45.0	5.0	5.0	8.32	9.0	8.21	4.12	4.16	7.12	7.86	8.08	8.98	9.96	9.23	4.12	6.16	4.98	9.61	9.87	9.22	3.63	6.88	
1580.0	84.0	12.0	12.0	6.92	3.89	4.63	7.89	9.42	10.11	10.33	4.71	7.38	5.0	10.06	3.93	8.54	4.15	5.88	9.31	5.24	7.2	7.46	
1581.0	52.0	4.0	4.0	7.35	4.48	10.01	7.01	8.15	5.35	3.53	9.27	4.85	7.82	10.12	3.58	10.11	9.71	7.91	9.44	9.04	9.47	5.38	
1582.0	95.0	8.0	8.0	9.19	8.32	7.88	4.24	8.36	9.98	7.54	10.49	9.54	9.42	8.2	10.35	8.64	8.47	9.52	6.5	9.94	8.511465044383138	10.412875621756298	
1583.0	57.0	14.0	14.0	8.58	7.17	5.17	7.95	10.47	6.53	6.62	5.4	7.87	9.74	8.99	6.77	7.78	7.81	8.66	8.29	8.67	8.23	8.442301308954567	
1584.0	42.0	4.0	4.0	6.02	3.83	9.31	8.87	7.13	4.35	8.71	3.64	7.21	8.17	8.98	8.2	3.91	8.19	10.14	7.43	9.73	5.5	6.65	
1585.0	44.0	3.0	3.0	3.91	8.2	5.83	5.65	6.38	7.48	9.49	3.83	5.59	5.58	4.65	6.2	6.7	8.19	7.74	9.94	4.82	5.06	4.19	
1586.0	93.0	4.0	4.0	6.27	6.48	5.89	8.59	9.11	4.5	4.53	8.96	9.95	6.42	4.06	8.37	3.54	7.84	10.34	10.39	6.84	4.61	9.77	
1587.0	72.0	11.0	11.0	3.97	5.97	6.99	5.84	6.1	10.15	8.34	8.91	3.79	7.21	6.42	6.22	4.99	7.72	5.05	9.37	5.4	4.49	9.84	
1588.0	54.0	10.0	10.0	8.43	8.79	4.86	4.34	4.75	8.21	3.67	7.44	3.57	7.53	5.38	9.85	7.54	8.12	10.47	9.59	8.23	9.04	4.93	
1589.0	55.0	6.0	6.0	6.34	5.8	7.57	7.2	9.18	10.37	7.31	9.04	7.72	3.98	6.16	9.1	4.09	8.7	9.4	8.21	6.89	8.79	9.63	
1590.0	58.0	11.0	11.0	10.44	9.92	5.94	10.11	9.38	3.62	4.01	6.33	5.14	7.74	9.88	9.06	4.71	3.71	5.76	5.59	9.53	7.86	4.28	
1591.0	98.0	15.0	15.0	9.7	5.77	9.22	6.64	6.01	9.16	8.12	8.35	10.37	7.1	7.19	3.7	7.36	10.3	5.16	8.79	10.15	7.44	8.364989920872615	
1592.0	45.0	5.0	5.0	10.15	6.41	7.09	5.64	7.01	5.58	7.86	5.68	4.85	8.03	8.82	4.04	6.15	8.27	7.66	3.71	9.65	8.57	4.24	
1593.0	49.0	12.0	12.0	7.71	9.3	4.62	10.28	9.95	9.72	5.17	4.77	9.64	5.3	3.83	9.17	4.35	3.89	8.96	3.93	8.23	5.1	8.51	
1594.0	85.0	3.0	3.0	7.89	4.79	9.35	7.69	4.1	5.81	4.27	9.43	4.54	6.1	10.45	7.03	10.3	9.6	4.23	9.36	8.55	7.78	10.32	
1595.0	55.0	6.0	6.0	6.99	5.72	4.1	8.19	4.78	10.31	6.32	10.13	5.04	8.85	8.12	3.89	6.47	10.06	4.72	5.23	9.95	4.1	6.66	
1596.0	43.0	13.0	13.0	7.52	5.31	3.8	3.82	4.54	4.71	9.55	3.91	10.49	5.04	9.01	8.22	7.87	7.5	7.15	8.4	6.08	9.05	6.16	
1597.0	59.0	9.0	9.0	8.93	6.96	6.04	10.0	8.74	6.52	6.35	4.2	8.57	6.02	5.41	7.79	4.85	4.36	8.46	9.37	4.05	4.59	7.47	
1598.0	44.0	3.0	3.0	10.13	9.01	8.03	6.29	10.42	3.7	3.51	3.66	6.86	10.25	8.63	5.97	8.51	6.29	4.98	9.92	5.77	5.44	9.35	
1599.0	91.0	9.0	9.0	3.65	9.13	6.75	4.48	4.2	5.4	5.86	5.6	6.88	5.34	6.19	7.86	6.96	5.26	7.32	4.68	4.85	5.59	10.5	
1600.0	49.0	12.0	12.0	6.57	4.59	6.36	10.47	9.86	8.65	4.7	7.24	4.64	8.27	5.27	4.52	6.6	6.08	4.8	8.03	7.55	10.05	4.19	
1601.0	88.0	4.0	4.0	4.75	5.43	4.38	4.2	9.16	4.33	3.92	6.87	6.82	8.12	10.37	5.41	5.36	4.28	9.39	5.98	8.15	4.06	7.17	
1602.0	56.0	13.0	13.0	9.1	10.36	8.16	6.03	4.45	8.07	8.95	5.9	9.98	4.39	9.25	8.85	8.45	8.18	5.31	6.66	6.2	7.67	3.83	
1603.0	100.0	14.0	14.0	3.52	10.25	6.09	5.91	9.56	4.22	9.14	10.37	8.47	7.37	3.85	7.38	4.46	8.5	6.38	7.91	3.54	4.67	8.6	
1604.0	95.0	8.0	8.0	7.05	3.61	8.3	4.01	4.8	9.95	7.03	9.17	4.3	8.0	8.89	5.57	7.43	9.06	8.84	3.81	6.8	7.72	6.81	
1605.0	76.0	6.0	6.0	9.79	6.5	6.32	4.44	10.37	7.31	4.65	8.25	6.65	7.37	3.63	7.7	7.58	5.06	6.78	8.65	3.51	7.94	6.9	
1606.0	48.0	13.0	13.0	5.1	10.0	8.58	7.64	3.53	6.16	5.65	6.12	5.67	10.38	9.4	8.81	5.34	7.31	8.89	10.09	4.6	3.51	4.87	
1607.0	100.0	14.0	14.0	5.19	3.69	8.18	4.5	7.22	8.57	5.71	5.12	5.37	10.41	3.9	3.76	4.84	9.62	3.83	10.16	7.66	9.33	3.5	
1608.0	54.0	10.0	10.0	8.9	8.91	4.62	6.64	9.31	9.66	10.38	6.39	7.21	10.08	9.12	7.27	10.24	10.34	5.15	6.65	4.64	6.58	1.1004477131221702	
1609.0	57.0	14.0	14.0	7.81	8.06	7.0	10.39	3.81	9.54	7.48	4.74	4.56	7.87	4.18	8.3	5.27	7.96	9.81	9.64	9.83	8.99	5.17	
1610.0	97.0	9.0	9.0	7.6	7.42	8.54	3.67	8.74	9.74	6.06	7.83	7.27	3.87	3.85	4.06	7.13	10.45	7.76	4.69	6.46	8.05	8.03	
1611.0	42.0	4.0	4.0	8.3	4.99	7.07	6.35	8.49	8.58	6.67	6.04	3.58	8.94	4.52	3.89	10.09	8.94	4.77	7.22	9.55	4.76	6.55	
1612.0	89.0	14.0	14.0	8.45	8.41	4.85	5.21	6.5	9.91	9.19	9.33	4.09	7.63	9.32	4.71	4.99	10.27	6.94	4.73	9.53	5.15	5.66	
1613.0	91.0	9.0	9.0	9.19	5.96	7.16	3.97	9.64	3.92	5.88	4.19	10.22	4.72	9.59	10.27	9.48	5.67	8.28	3.62	9.72	6.64	9.95	
1614.0	50.0	9.0	9.0	9.38	6.39	6.81	6.21	6.87	8.59	5.56	9.59	7.03	4.81	8.41	7.72	4.08	9.08	6.25	6.39	10.4	4.36	5.18	
1615.0	55.0	6.0	6.0	3.96	10.12	10.18	8.21	10.15	3.8	10.09	4.56	4.14	6.48	7.14	5.76	5.1	8.63	8.85	9.92	5.83	5.68	4.14	
1616.0	63.0	15.0	15.0	5.97	5.93	8.08	8.44	6.32	8.47	7.64	7.92	9.9	4.6	3.81	8.39	7.99	5.47	4.78	8.83	5.7	5.6	9.16	
1617.0	60.0	3.0	3.0	9.97	6.2	6.29	3.52	6.2	9.71	4.24	4.46	4.15	8.12	5.55	9.81	6.74	5.83	8.28	9.99	9.22	5.14	8.02	
1618.0	88.0	4.0	4.0	9.01	8.71	5.78	8.47	8.79	6.99	5.82	10.11	7.64	10.47	4.68	4.73	9.12	5.87	5.31	8.47	10.16	10.48	9.829062245731789	
1619.0	84.0	12.0	12.0	3.95	3.66	4.62	4.48	10.12	8.43	4.85	6.5	10.04	6.88	6.32	4.78	6.19	3.96	6.03	6.6	3.74	5.55	6.17	
1620.0	90.0	4.0	4.0	6.44	8.3	9.54	7.37	8.77	3.51	6.54	4.68	9.12	7.35	6.18	8.1	6.82	9.95	10.38	8.16	4.42	6.3	3.53	
1621.0	64.0	4.0	4.0	5.77	5.19	5.53	8.29	9.36	3.67	3.54	5.63	7.49	7.17	6.81	8.63	4.57	5.4	6.32	3.94	5.12	9.42	5.16	
1622.0	82.0	6.0	6.0	6.0	6.54	8.42	4.96	4.63	8.69	6.77	6.74	6.09	8.25	8.18	7.77	4.57	9.19	3.88	8.35	5.17	6.01	3.5	
1623.0	94.0	13.0	13.0	10.29	4.41	6.82	5.21	7.99	4.6	6.78	4.72	7.83	4.32	6.96	6.71	7.86	4.66	9.21	8.38	7.9	6.87	10.26	
1624.0	26.0	1.0	1.0	3.65	4.89	4.15	7.17	6.67	3.52	8.78	5.48	9.37	9.18	8.47	6.45	5.39	9.27	8.38	9.43	5.38	6.93	9.02	
1625.0	81.0	3.0	3.0	9.29	6.12	9.44	8.76	9.69	5.13	10.03	5.12	10.3	8.37	10.41	8.25	9.62	7.96	8.96	7.79	4.49	8.914053704370412	5.155377074961957	
1626.0	99.0	12.0	12.0	3.89	8.15	6.11	8.97	6.61	10.0	8.47	9.56	8.71	3.74	5.52	7.78	6.95	7.38	3.74	9.27	6.68	6.36	6.42	
1627.0	100.0	14.0	14.0	4.8	9.32	8.16	8.65	4.33	9.09	6.36	4.56	3.69	4.91	4.19	3.81	6.76	7.1	4.25	8.02	4.36	6.42	8.17	
1628.0	99.0	12.0	12.0	7.49	9.22	4.67	9.09	8.27	4.25	5.95	8.75	4.05	8.41	7.06	8.24	10.32	8.12	3.7	7.14	7.5	6.72	7.6	
1629.0	57.0	14.0	14.0	7.93	5.31	5.61	4.95	8.88	4.8	10.33	4.93	8.59	6.87	5.51	5.46	9.98	8.72	8.03	9.17	7.37	6.24	9.17	
1630.0	59.0	9.0	9.0	9.3	10.29	10.4	4.75	4.93	4.44	6.81	8.72	5.89	5.35	7.33	5.68	6.83	7.75	9.06	3.9	9.02	5.69	8.88	
1631.0	24.0	14.0	14.0	5.38	8.93	9.31	3.74	10.19	5.75	4.39	7.08	7.03	5.25	9.28	6.75	5.79	3.57	5.97	9.05	9.04	10.35	8.01	
1632.0	46.0	14.0	14.0	4.83	6.89	3.64	8.96	6.79	10.2	4.0	7.74	8.6	4.37	4.62	9.01	7.79	8.78	5.29	4.48	7.48	6.69	4.2	
1633.0	94.0	13.0	13.0	9.15	8.91	8.84	7.49	9.73	10.17	7.72	5.05	3.83	10.08	7.41	8.29	5.18	3.55	10.38	9.57	6.06	4.44	5.94	
1634.0	89.0	14.0	14.0	5.31	5.1	8.32	5.61	7.91	10.11	7.0	5.8	9.95	7.33	7.34	6.33	8.99	3.96	7.1	8.56	6.44	8.54	7.95	
1635.0	38.0	5.0	5.0	4.82	6.77	6.35	4.17	9.74	9.17	4.93	10.04	4.35	8.75	5.03	8.17	7.31	8.95	5.41	5.08	5.25	5.53	3.8	
1636.0	22.0	6.0	6.0	9.61	9.11	7.17	6.49	4.28	7.43	10.28	7.05	6.61	6.13	10.39	3.57	8.33	9.81	9.63	3.91	6.89	9.72	6.63	
1637.0	84.0	12.0	12.0	4.56	6.42	5.58	3.78	4.13	5.42	3.52	5.44	6.33	10.02	8.01	3.81	7.22	6.22	3.93	9.21	10.47	6.94	5.75	
1638.0	92.0	10.0	10.0	6.68	8.46	9.21	9.12	3.57	8.56	4.0	6.47	7.16	3.71	6.22	3.96	4.15	6.57	7.13	4.92	8.38	4.23	4.9	
1639.0	47.0	15.0	15.0	4.61	6.4	7.52	4.96	9.71	6.46	6.31	7.13	3.8	7.4	4.68	5.59	4.91	9.0	6.86	7.98	4.68	3.55	5.88	
1640.0	100.0	14.0	14.0	9.15	9.76	4.31	7.54	4.37	9.49	7.38	4.11	5.88	9.21	8.9	7.69	8.15	7.18	9.43	5.99	9.03	8.09	5.51	
1641.0	33.0	14.0	14.0	4.82	5.3	10.26	7.88	5.68	4.45	9.33	7.61	4.94	7.05	6.33	3.6	4.51	3.82	8.65	8.16	9.75	9.37	6.83	
1642.0	83.0	5.0	5.0	9.35	5.59	7.22	3.74	7.08	8.62	4.26	10.43	10.35	4.02	4.96	4.43	8.62	7.55	4.94	10.38	5.9	8.54	5.28	
1643.0	59.0	9.0	9.0	10.39	7.32	5.77	5.21	7.11	7.69	10.37	8.26	5.82	6.78	7.03	9.45	7.26	4.85	3.64	9.07	7.05	5.58	6.74	
1644.0	41.0	15.0	15.0	9.43	8.02	5.9	9.8	4.53	9.78	3.54	8.79	5.34	7.36	7.29	9.12	10.08	8.85	6.67	8.72	6.29	9.32	7.174210111338506	
1645.0	98.0	15.0	15.0	9.2	4.33	3.56	9.55	7.88	4.52	8.62	7.82	6.28	8.08	10.22	10.08	5.12	9.87	9.36	10.42	6.21	9.18	8.888744162293953	
1646.0	48.0	13.0	13.0	4.95	6.77	4.94	10.03	9.27	4.55	6.34	5.35	3.82	7.33	8.9	10.2	5.08	7.59	7.48	9.55	9.34	8.08	8.3	
1647.0	88.0	4.0	4.0	6.9	5.51	7.77	9.76	8.08	6.22	7.19	7.39	9.84	7.68	7.49	9.27	5.55	4.46	8.14	4.44	6.81	9.77	10.03	
1648.0	69.0	12.0	12.0	4.34	9.93	5.65	6.53	6.34	5.3	10.43	4.97	4.28	3.54	8.72	9.19	7.83	7.21	4.14	7.87	7.35	5.0	4.8	
1649.0	87.0	5.0	5.0	8.24	8.92	8.09	10.44	6.93	9.71	6.58	4.49	8.04	8.67	9.28	7.12	5.14	8.6	5.79	10.33	9.63	4.77	7.348155990179741	
1650.0	58.0	11.0	11.0	8.86	4.6	7.67	4.34	6.81	10.28	7.16	3.8	6.91	5.45	10.21	9.92	7.93	6.39	5.15	4.5	5.54	4.89	7.27	
1651.0	66.0	12.0	12.0	4.04	10.37	6.79	7.95	4.93	9.46	5.22	7.23	4.59	5.69	10.01	6.22	4.72	5.91	8.96	4.51	10.19	6.47	4.98	
1652.0	96.0	15.0	15.0	7.66	10.16	6.26	3.69	7.44	4.49	10.21	6.79	8.92	5.93	7.39	8.87	4.04	6.15	4.48	7.48	6.88	3.71	6.39	
1653.0	88.0	4.0	4.0	3.99	7.6	4.8	7.58	8.12	4.74	7.38	5.97	9.29	9.34	8.95	5.43	9.89	6.77	8.81	8.92	10.31	9.24	9.75	
1654.0	69.0	12.0	12.0	6.37	9.32	3.58	3.75	7.38	5.61	9.78	6.65	5.72	7.95	10.34	7.72	5.22	4.54	8.41	9.87	7.84	9.48	3.55	
1655.0	94.0	13.0	13.0	9.78	8.08	6.35	8.23	10.16	3.99	8.57	4.21	10.31	8.19	8.26	8.87	5.05	8.32	10.16	7.77	6.62	7.64	9.390818310128706	
1656.0	58.0	11.0	11.0	5.24	8.41	9.47	7.98	5.93	10.29	9.19	9.03	7.11	4.09	3.78	7.25	3.81	5.19	10.44	5.05	6.9	5.97	7.09	
1657.0	36.0	15.0	15.0	9.04	6.72	5.5	7.93	7.53	3.52	5.64	6.39	5.16	9.82	10.15	4.7	6.04	6.89	9.87	5.66	5.87	7.0	4.88	
1658.0	73.0	13.0	13.0	6.2	7.52	4.15	5.65	5.53	3.81	4.14	6.52	8.18	6.93	5.88	9.09	3.99	6.95	8.17	9.71	5.41	4.42	5.12	
1659.0	46.0	14.0	14.0	8.1	9.98	4.31	7.53	8.25	10.18	5.02	8.42	9.58	6.14	4.22	10.41	7.9	6.72	9.31	10.24	6.86	10.48	9.81621368445889	
1660.0	50.0	9.0	9.0	9.78	5.85	6.27	5.32	6.9	7.83	5.26	7.32	4.16	9.79	4.34	8.13	9.23	5.62	4.76	9.17	4.98	5.2	9.48	
1661.0	83.0	5.0	5.0	10.15	8.6	7.6	6.5	8.65	7.72	9.28	8.51	8.72	5.65	6.03	8.02	3.77	6.86	10.21	4.52	4.09	4.12	6.29	
1662.0	80.0	3.0	3.0	6.13	9.66	9.59	6.53	10.41	4.56	8.01	9.73	6.7	3.61	4.74	3.63	4.96	9.58	8.19	3.71	6.39	8.97	8.33	
1663.0	57.0	14.0	14.0	9.57	9.61	9.39	8.76	5.9	8.58	9.71	9.83	10.09	3.99	5.3	9.54	5.67	7.17	3.94	3.63	6.23	7.95	5.43	
1664.0	83.0	5.0	5.0	7.44	9.95	6.79	6.5	4.58	8.38	4.19	7.71	9.92	8.04	7.37	5.69	9.63	4.41	4.22	6.87	7.58	6.59	6.47	
1665.0	44.0	3.0	3.0	9.22	6.93	7.23	5.9	3.71	4.09	6.44	4.47	6.85	4.53	9.24	8.33	8.07	10.36	10.36	6.41	5.52	10.38	8.13	
1666.0	94.0	13.0	13.0	5.68	8.68	3.51	9.63	3.75	4.65	7.85	10.3	9.61	7.01	7.41	9.01	9.04	3.83	6.13	4.38	7.34	9.02	9.05	
1667.0	89.0	14.0	14.0	9.39	9.68	7.11	5.66	4.5	10.44	7.67	10.08	4.28	3.51	8.73	8.8	7.35	6.44	6.4	6.84	7.26	5.89	5.25	
1668.0	69.0	12.0	12.0	9.09	5.95	4.73	9.56	7.27	4.1	8.11	9.66	9.35	4.9	4.65	8.18	3.52	8.75	9.0	9.41	7.65	7.72	9.52	
1669.0	64.0	4.0	4.0	8.77	6.74	10.46	5.25	7.54	6.73	9.52	6.01	6.05	10.08	6.64	9.64	5.43	7.78	6.79	7.49	5.2	9.91	4.64	
1670.0	92.0	10.0	10.0	5.43	6.77	9.35	4.94	8.44	4.17	8.23	9.41	7.43	3.86	5.69	5.01	9.51	3.62	10.23	6.23	5.72	6.59	4.62	
1671.0	30.0	14.0	14.0	7.93	9.35	7.21	10.16	4.9	5.66	5.2	5.15	9.16	4.79	5.86	5.71	5.77	10.05	7.63	9.65	8.97	8.58	9.01	
1672.0	39.0	14.0	14.0	3.98	4.98	10.38	10.33	4.08	4.32	10.0	8.71	8.94	7.02	6.15	7.41	6.56	5.64	6.47	8.96	10.49	3.76	10.42	
1673.0	40.0	11.0	11.0	9.64	7.98	7.59	8.97	4.5	6.33	9.37	3.63	6.26	9.54	8.13	8.75	9.52	7.76	7.57	7.14	6.52	9.9	1.044461393330017	
1674.0	87.0	5.0	5.0	9.56	9.96	3.82	4.77	8.9	7.13	9.8	5.05	8.49	7.55	8.75	9.9	8.55	9.0	7.61	8.53	7.03	7.75	9.27565925712992	
1675.0	95.0	8.0	8.0	3.58	7.33	5.52	9.17	6.48	5.66	3.53	6.68	6.35	4.49	9.3	5.7	4.75	8.36	9.37	8.83	9.37	4.43	4.21	
1676.0	76.0	6.0	6.0	5.83	8.43	5.9	5.75	4.59	7.71	5.84	5.63	9.55	10.47	7.87	9.63	9.16	4.08	3.67	8.38	10.17	7.43	10.11	
1677.0	60.0	3.0	3.0	7.14	5.22	9.45	8.2	4.91	10.41	6.16	4.22	7.97	6.8	6.51	10.16	9.23	4.02	8.23	3.63	7.64	7.66	5.22	
1678.0	44.0	3.0	3.0	6.5	4.07	5.67	7.68	3.57	9.31	8.12	4.72	8.29	8.0	6.74	7.08	7.04	7.57	3.82	5.13	4.48	8.51	7.71	
1679.0	21.0	9.0	9.0	9.29	4.13	9.32	5.31	5.37	4.7	4.18	7.4	4.36	9.92	5.03	6.25	9.91	6.93	7.68	10.36	9.13	3.99	9.15	
1680.0	99.0	12.0	12.0	5.23	8.84	9.88	10.21	3.86	9.29	8.56	7.25	9.29	5.15	8.42	4.39	8.01	4.59	4.64	7.01	8.65	7.39	5.67	
1681.0	51.0	2.0	2.0	10.01	4.83	4.56	8.19	4.97	6.54	8.74	4.55	8.52	6.69	5.81	7.34	6.51	8.95	5.59	3.9	7.7	7.26	7.76	
1682.0	80.0	3.0	3.0	5.16	6.69	6.63	9.09	6.79	7.68	4.98	4.0	7.75	7.35	8.34	5.52	3.69	7.66	9.97	7.28	10.26	9.43	4.24	
1683.0	58.0	11.0	11.0	9.81	5.99	9.82	5.07	8.78	6.53	7.19	3.73	10.3	7.97	4.62	6.39	6.76	8.03	6.74	7.02	10.41	6.17	10.42	
1684.0	92.0	10.0	10.0	6.76	4.9	8.06	4.31	7.93	5.97	7.05	7.26	7.38	8.72	6.55	8.61	5.8	10.3	5.75	9.69	3.75	7.73	7.13	
1685.0	28.0	8.0	8.0	4.98	8.7	6.49	4.15	9.55	6.02	10.34	6.79	5.91	6.71	6.66	6.37	9.63	10.17	7.66	8.99	3.98	7.31	8.12	
1686.0	97.0	9.0	9.0	9.32	9.17	9.7	6.55	5.21	9.04	4.56	6.21	8.45	9.15	8.82	6.71	5.48	4.01	8.26	10.46	9.87	4.18	6.18	
1687.0	92.0	10.0	10.0	6.58	6.32	7.07	7.77	4.79	9.8	8.7	7.18	6.68	8.31	5.27	10.11	8.54	4.33	7.8	4.66	4.21	3.87	5.27	
1688.0	86.0	15.0	15.0	4.4	7.05	7.64	5.55	6.76	6.59	9.87	4.78	8.09	6.57	3.76	5.85	7.83	5.06	9.07	10.38	9.08	4.8	9.78	
1689.0	29.0	2.0	2.0	3.67	7.16	3.77	7.12	4.48	3.53	6.19	8.93	6.27	7.93	5.06	8.06	10.18	6.3	9.8	6.25	9.29	9.81	5.6	
1690.0	60.0	3.0	3.0	7.32	6.13	10.2	9.23	8.16	5.62	7.58	6.14	9.92	10.07	5.18	8.59	10.15	9.3	4.73	3.76	5.99	5.18	4.54	
1691.0	70.0	11.0	11.0	6.95	4.35	5.24	7.03	7.1	6.45	8.4	6.37	5.02	7.34	8.44	5.24	8.43	10.34	9.51	9.77	10.03	7.28	5.64	
1692.0	90.0	4.0	4.0	5.22	7.86	5.02	7.78	4.54	10.27	5.81	5.29	4.1	6.04	7.15	6.22	9.57	10.02	5.47	4.27	9.02	8.67	3.63	
1693.0	47.0	15.0	15.0	8.17	8.96	7.39	6.34	4.74	6.76	9.22	7.05	6.18	6.63	7.9	4.47	4.71	6.92	10.09	6.54	8.56	4.86	4.29	
1694.0	51.0	2.0	2.0	6.95	9.07	8.65	7.96	6.84	9.78	6.14	8.66	4.69	8.14	7.41	5.92	7.66	4.21	8.21	9.27	5.27	6.95	8.27	
1695.0	94.0	13.0	13.0	8.39	6.29	6.36	5.98	5.29	9.29	5.91	4.52	5.77	9.14	5.78	4.37	10.4	6.15	5.7	8.83	10.26	5.19	5.71	
1696.0	90.0	4.0	4.0	4.57	5.48	4.52	7.0	6.45	8.66	10.22	6.87	7.74	8.56	3.58	8.61	6.58	4.73	4.77	10.48	4.48	5.6	8.04	
1697.0	94.0	13.0	13.0	10.28	8.33	7.11	9.19	4.14	6.34	3.79	4.95	9.81	4.41	6.44	4.8	8.51	7.37	4.31	10.46	8.56	6.03	8.81	
1698.0	81.0	3.0	3.0	6.88	9.55	3.53	6.01	6.1	7.32	5.4	8.84	3.51	9.91	9.78	3.93	8.56	7.95	10.25	3.61	7.16	9.55	10.19	
1699.0	100.0	14.0	14.0	7.9	9.76	4.73	6.38	5.3	7.22	3.9	7.91	9.04	10.47	8.61	7.64	9.36	4.5	7.02	7.32	9.87	7.78	9.56	
1700.0	90.0	4.0	4.0	7.19	5.21	6.72	4.53	4.12	8.91	7.05	9.36	7.43	4.54	5.25	9.62	5.12	7.64	8.03	6.14	7.6	5.37	7.0	
1701.0	83.0	5.0	5.0	8.46	5.78	4.75	9.06	6.1	7.82	9.14	5.03	8.05	5.14	5.69	4.94	9.24	7.64	10.34	5.71	6.55	8.35	5.35	
1702.0	91.0	9.0	9.0	7.68	5.71	5.23	7.18	3.72	8.19	4.59	7.51	6.18	3.94	7.5	7.0	5.37	7.37	8.46	9.18	7.97	9.38	7.48	
1703.0	83.0	5.0	5.0	10.36	3.62	4.61	3.92	4.42	6.24	9.37	4.61	4.95	8.85	9.67	6.81	3.92	10.31	7.26	5.9	4.28	3.86	6.95	
1704.0	63.0	15.0	15.0	5.43	8.46	5.28	6.44	9.66	6.84	8.76	8.45	10.28	10.35	4.31	8.27	9.64	8.56	7.69	9.35	8.19	6.14	0.5749919141266674	
1705.0	32.0	14.0	14.0	4.58	8.56	9.83	3.97	9.88	6.49	8.38	5.45	8.96	7.99	5.82	5.84	6.12	3.72	10.4	9.7	5.38	5.06	8.02	
1706.0	78.0	8.0	8.0	5.96	5.87	9.43	8.95	4.71	7.25	3.53	7.8	7.61	10.14	8.8	6.32	10.16	9.2	8.76	7.59	3.63	9.75	8.44	
1707.0	41.0	15.0	15.0	3.95	10.08	8.0	3.61	7.23	4.06	6.82	8.78	3.65	5.42	3.64	4.33	10.07	10.1	5.28	3.9	5.3	10.1	9.26	
1708.0	85.0	3.0	3.0	4.76	6.81	6.96	9.93	8.53	5.41	5.31	8.12	9.79	5.09	5.96	3.54	8.41	10.19	4.59	9.35	9.36	9.34	7.03	
1709.0	85.0	3.0	3.0	9.7	6.75	8.71	8.44	10.09	8.31	4.1	5.83	6.65	8.58	6.64	6.08	6.14	7.04	8.04	10.39	6.87	5.12	4.26	
1710.0	90.0	4.0	4.0	7.32	7.39	6.17	9.08	5.05	7.98	9.62	7.73	10.17	4.5	6.02	8.95	9.34	8.98	3.72	6.4	8.53	5.54	4.97	
1711.0	86.0	15.0	15.0	5.8	7.62	6.18	7.75	3.55	4.35	10.19	8.5	5.71	10.22	5.76	5.53	4.28	4.28	3.78	4.18	10.19	4.52	5.06	
1712.0	40.0	11.0	11.0	7.23	7.57	9.27	3.56	4.0	6.39	10.18	9.56	4.39	8.33	4.09	8.71	4.0	4.86	5.61	6.05	4.8	9.56	5.98	
1713.0	88.0	4.0	4.0	4.42	8.59	7.62	4.16	5.0	3.61	9.66	6.03	5.68	10.16	6.7	6.89	6.34	4.85	6.27	5.62	5.3	3.77	7.64	
1714.0	87.0	5.0	5.0	7.26	9.75	6.16	9.72	4.81	9.51	8.91	8.0	3.86	10.37	6.34	8.61	5.87	9.29	9.73	3.57	7.25	7.52	10.29	
1715.0	100.0	14.0	14.0	7.96	6.49	7.43	5.93	6.51	4.91	5.9	4.15	7.61	8.46	5.51	6.12	5.49	4.64	5.56	6.72	9.62	8.67	7.22	
1716.0	87.0	5.0	5.0	6.08	9.05	5.48	9.18	4.8	7.54	8.25	6.66	5.15	6.73	7.77	5.4	5.83	8.77	7.72	9.14	8.1	8.87	4.79	
1717.0	61.0	12.0	12.0	4.14	8.23	5.77	4.36	5.82	10.29	8.52	6.22	8.51	4.25	7.9	3.94	5.09	7.33	10.39	8.26	3.91	6.14	9.17	
1718.0	43.0	13.0	13.0	10.31	7.35	9.59	7.19	5.41	9.29	9.2	4.11	6.55	9.04	5.54	5.55	9.28	3.72	9.07	7.49	4.4	8.35	6.03	
1719.0	93.0	4.0	4.0	8.16	9.15	9.23	4.83	4.91	7.57	3.88	8.89	3.77	7.52	4.6	9.19	4.66	7.23	4.15	6.57	6.27	4.93	8.12	
1720.0	91.0	9.0	9.0	9.07	5.52	5.45	8.1	5.26	9.28	9.21	5.53	7.17	5.92	5.94	5.12	7.68	6.24	9.63	4.36	9.13	8.84	8.24	
1721.0	82.0	6.0	6.0	7.41	9.69	5.95	6.54	10.22	5.83	8.83	5.1	3.69	7.65	7.01	8.08	5.9	3.84	8.24	4.95	8.86	9.59	5.42	
1722.0	54.0	10.0	10.0	7.11	9.52	8.66	6.54	7.02	8.64	8.09	7.44	4.95	8.45	4.89	7.47	5.42	8.92	10.14	5.12	9.25	8.25	10.44	
1723.0	62.0	7.0	7.0	5.79	4.01	3.61	5.09	4.45	9.5	5.35	7.36	10.13	10.16	4.93	6.94	8.18	6.46	5.29	9.41	4.84	8.73	6.36	
1724.0	98.0	15.0	15.0	7.15	8.88	10.08	4.54	6.88	7.47	8.11	5.45	4.89	4.56	7.98	9.49	3.84	3.76	5.64	4.45	6.98	8.0	7.84	
1725.0	92.0	10.0	10.0	4.42	10.01	8.69	3.68	6.63	4.04	10.3	5.18	9.26	8.67	5.42	6.12	3.66	7.54	8.36	5.08	8.56	6.48	10.05	
1726.0	89.0	14.0	14.0	6.91	5.0	4.63	7.38	4.73	7.53	3.62	5.44	9.29	8.56	7.66	7.25	3.87	9.92	5.24	4.01	4.88	10.02	4.32	
1727.0	89.0	14.0	14.0	9.2	3.73	7.34	10.24	4.22	7.71	6.5	9.71	10.21	5.22	10.0	6.79	8.64	7.5	5.35	5.81	10.11	6.43	9.2	
1728.0	87.0	5.0	5.0	8.76	5.94	5.0	5.51	8.88	3.84	7.87	9.42	10.49	7.66	9.06	8.55	6.65	4.9	8.55	4.1	6.45	7.83	4.45	
1729.0	32.0	14.0	14.0	5.48	4.87	9.71	8.87	5.74	5.18	9.39	6.33	6.65	10.39	8.26	7.65	3.96	8.13	6.06	4.13	5.74	4.35	7.97	
1730.0	73.0	13.0	13.0	6.73	7.72	5.52	4.91	5.85	8.16	9.72	5.31	10.26	4.16	4.86	9.99	7.82	9.64	9.39	4.21	10.36	10.45	9.93	
1731.0	42.0	4.0	4.0	9.66	4.26	9.1	6.4	6.0	9.1	6.96	8.25	4.83	8.39	5.5	7.98	6.04	4.89	10.01	5.65	4.0	10.27	5.73	
1732.0	72.0	11.0	11.0	6.11	7.55	6.33	9.45	7.49	7.49	9.41	4.67	8.54	7.26	4.6	6.13	6.1	7.87	9.04	9.1	5.43	6.75	9.45	
1733.0	86.0	15.0	15.0	4.78	7.38	3.83	8.25	5.58	6.33	6.03	10.42	5.47	9.25	7.74	7.1	5.8	6.42	5.75	7.16	9.15	4.89	6.9	
1734.0	31.0	8.0	8.0	6.79	8.22	4.23	4.88	10.43	5.32	5.76	4.53	9.77	8.88	7.19	5.58	6.48	9.57	4.24	8.67	6.42	6.05	3.78	
1735.0	31.0	8.0	8.0	6.61	4.25	10.5	3.69	9.62	9.95	5.01	9.04	9.78	8.54	7.32	4.4	4.0	6.09	8.13	3.69	9.73	7.18	3.98	
1736.0	72.0	11.0	11.0	8.77	5.71	7.92	8.41	5.08	6.16	5.81	8.32	7.65	7.81	4.02	4.42	7.46	4.33	6.86	4.04	3.57	4.62	6.74	
1737.0	86.0	15.0	15.0	5.4	6.05	5.78	5.32	7.35	10.0	4.35	9.42	7.75	7.26	9.92	10.16	5.89	9.42	3.59	6.18	4.17	9.04	6.41	
1738.0	91.0	9.0	9.0	6.95	9.37	4.79	8.48	9.0	7.41	5.68	9.82	10.05	8.87	8.34	9.37	5.27	10.31	8.12	7.55	6.43	8.09	5.984666511380442	
1739.0	94.0	13.0	13.0	8.37	7.86	4.08	6.06	5.98	8.91	8.31	5.34	8.37	7.52	6.87	8.66	7.88	3.5	8.25	8.17	3.82	3.74	10.07	
1740.0	6.0	7.0	7.0	3.86	9.22	9.06	7.71	5.3	6.98	9.53	8.92	10.49	5.77	3.98	4.64	8.2	8.06	7.22	8.62	7.15	5.95	8.02	
1741.0	67.0	3.0	3.0	5.7	4.93	10.45	4.5	3.53	4.0	5.72	7.01	9.72	7.3	6.88	3.58	9.71	6.96	8.88	4.5	7.95	4.81	4.89	
1742.0	88.0	4.0	4.0	4.35	6.25	7.54	10.35	5.31	9.27	7.98	9.49	8.99	9.28	6.31	7.88	7.25	8.1	8.79	4.9	6.01	3.74	8.48	
1743.0	26.0	1.0	1.0	7.19	3.71	6.42	4.31	6.2	8.45	5.03	9.4	4.38	6.02	8.54	5.21	5.19	8.01	6.1	7.58	6.73	4.97	7.68	
1744.0	87.0	5.0	5.0	3.58	8.81	7.8	5.61	9.53	8.1	3.5	4.7	4.37	8.03	5.99	9.03	3.53	8.34	10.02	5.55	3.8	5.89	7.18	
1745.0	95.0	8.0	8.0	7.8	3.96	8.91	8.02	4.8	7.79	8.71	5.34	9.19	9.2	10.18	8.6	6.21	5.86	6.81	7.5	7.68	4.03	5.19	
1746.0	76.0	6.0	6.0	4.42	5.89	7.58	7.91	5.9	6.81	8.86	4.37	6.9	7.3	4.95	9.57	9.83	8.42	8.09	6.78	7.2	5.39	8.04	
1747.0	51.0	2.0	2.0	4.7	7.39	6.43	10.42	4.28	7.81	8.77	9.66	8.75	8.87	10.49	3.8	8.07	8.97	8.68	4.99	8.42	8.59	10.391541901490776	
1748.0	95.0	8.0	8.0	6.78	8.13	7.34	9.05	8.79	5.57	6.22	7.11	4.26	6.62	8.51	7.84	5.01	3.52	5.9	7.4	8.84	10.0	8.66	
1749.0	55.0	6.0	6.0	3.78	9.24	6.5	8.23	6.54	5.74	7.3	3.67	4.42	6.62	6.29	7.63	8.95	3.79	9.53	9.81	5.32	4.07	3.76	
1750.0	62.0	7.0	7.0	7.84	5.27	8.37	4.17	8.45	7.93	7.77	5.19	7.61	5.67	5.55	9.67	8.21	5.19	4.06	10.39	7.69	4.71	10.07	
1751.0	100.0	14.0	14.0	3.61	4.13	7.02	4.2	6.75	4.34	6.35	4.12	4.45	8.75	4.04	4.86	9.77	5.53	9.58	9.84	10.42	5.65	10.08	
1752.0	91.0	9.0	9.0	10.0	4.65	6.02	6.13	5.0	9.65	3.78	7.17	10.08	8.45	10.0	5.14	5.01	9.48	6.2	6.45	7.38	6.73	9.47	
1753.0	98.0	15.0	15.0	6.88	10.03	9.64	6.16	9.15	6.81	5.81	5.79	10.24	6.82	5.65	9.68	8.66	5.51	4.51	10.01	10.27	8.67	3.651031932609664	
1754.0	93.0	4.0	4.0	4.79	5.13	4.95	3.92	3.59	7.91	4.88	9.68	6.07	7.24	7.15	3.92	4.68	9.91	4.92	6.85	4.16	8.88	9.97	
1755.0	22.0	6.0	6.0	10.08	10.24	10.15	7.49	10.08	3.95	9.85	4.25	8.82	5.59	3.7	9.94	10.43	8.49	8.64	6.25	9.89	3.8	3.4449539505945896	
1756.0	100.0	14.0	14.0	7.87	7.1	8.23	3.73	9.06	8.08	6.13	4.36	6.14	3.88	8.61	5.48	7.43	9.96	7.46	9.35	3.51	4.69	9.83	
1757.0	91.0	9.0	9.0	9.29	4.63	8.89	8.7	3.54	6.77	3.59	10.14	6.63	7.34	5.83	9.78	6.68	9.38	9.07	10.24	7.74	4.92	9.63	
1758.0	43.0	13.0	13.0	4.76	4.57	3.61	3.81	9.49	9.08	5.51	9.53	8.09	3.59	4.72	4.78	3.98	5.79	7.68	3.92	8.37	7.54	5.55	
1759.0	62.0	7.0	7.0	6.61	4.85	9.35	6.33	5.99	8.7	10.24	7.86	9.42	7.82	8.41	9.0	7.97	9.16	9.69	8.02	4.05	10.29	9.833881783562719	
1760.0	74.0	1.0	1.0	6.93	6.83	7.76	5.15	5.44	7.18	9.59	4.86	6.42	9.78	9.51	5.13	8.1	4.98	3.96	7.53	8.46	4.45	7.4	
1761.0	89.0	14.0	14.0	9.98	5.24	3.57	5.26	6.08	8.51	8.26	8.45	6.32	9.96	7.01	8.07	7.61	9.48	5.9	9.4	5.05	5.47	7.5	
1762.0	96.0	15.0	15.0	3.64	5.27	5.7	5.85	7.92	10.41	6.15	5.58	4.35	8.46	3.75	10.02	3.97	4.6	4.67	6.78	9.85	3.56	6.45	
1763.0	93.0	4.0	4.0	5.85	4.19	5.25	10.24	5.46	3.89	5.71	4.44	5.85	3.84	4.8	8.47	9.59	3.57	4.0	9.62	7.62	4.81	5.64	
1764.0	73.0	13.0	13.0	8.35	6.08	5.94	5.94	6.97	8.08	9.26	8.44	6.26	3.8	4.94	8.37	3.53	9.14	9.58	7.73	9.15	10.41	8.14	
1765.0	74.0	1.0	1.0	6.16	9.05	10.37	4.24	10.1	6.1	3.83	6.26	9.05	4.95	9.77	8.99	6.44	7.81	5.27	4.32	5.26	9.95	6.77	
1766.0	90.0	4.0	4.0	3.97	8.86	10.22	6.78	4.2	7.01	9.4	10.22	7.14	8.29	7.85	9.59	10.09	6.69	7.71	7.87	4.45	7.34	4.24	
1767.0	81.0	3.0	3.0	8.55	3.86	4.16	6.86	4.74	10.18	4.94	7.48	9.85	9.42	5.1	3.65	3.76	5.71	8.14	9.4	9.02	6.5	6.96	
1768.0	63.0	15.0	15.0	5.91	9.52	3.54	7.07	3.76	6.5	6.89	5.29	3.7	3.91	3.84	4.62	8.59	3.9	8.24	4.59	7.27	6.23	4.34	
1769.0	93.0	4.0	4.0	6.9	9.99	10.2	5.61	4.7	5.78	4.33	7.96	5.07	6.34	9.14	4.51	7.7	6.86	9.5	5.36	5.96	6.56	9.45	
1770.0	83.0	5.0	5.0	6.12	3.83	5.08	7.62	10.21	8.71	10.09	3.85	4.88	5.99	7.09	9.86	8.3	6.26	6.13	8.72	5.3	5.36	4.12	
1771.0	84.0	12.0	12.0	6.97	5.44	7.48	5.47	6.16	10.49	7.24	3.53	6.36	9.71	5.95	6.38	4.82	4.6	4.43	4.98	6.24	7.72	6.31	
1772.0	84.0	12.0	12.0	9.92	8.97	5.1	5.62	7.52	4.92	8.97	4.44	6.17	5.46	7.88	9.1	8.43	9.31	4.55	10.23	5.44	7.57	8.69	
1773.0	95.0	8.0	8.0	7.63	9.07	8.41	7.57	8.76	9.14	7.54	8.4	8.04	6.18	5.37	9.15	5.28	8.36	10.17	4.07	6.19	3.59	10.14	
1774.0	77.0	8.0	8.0	10.02	6.23	6.69	3.9	7.01	8.56	7.47	9.6	6.06	10.1	8.67	4.75	9.19	8.9	5.98	7.24	5.07	7.55	8.84	
1775.0	93.0	4.0	4.0	4.84	4.85	10.33	8.49	7.98	5.15	5.33	9.7	9.13	4.91	5.98	8.6	8.39	9.65	3.86	8.54	5.56	9.41	7.02	
1776.0	97.0	9.0	9.0	6.33	4.7	7.7	5.04	6.18	4.72	6.53	8.22	10.41	8.87	7.44	10.0	9.77	7.89	8.3	8.99	10.04	5.37	8.23	
1777.0	94.0	13.0	13.0	8.62	9.12	4.88	6.43	9.81	10.48	9.38	4.58	7.44	6.21	10.23	10.22	7.63	7.96	5.15	9.63	7.61	4.4	9.555009428430921	
1778.0	94.0	13.0	13.0	3.69	10.44	7.11	9.23	7.98	10.14	5.2	8.75	5.08	7.54	8.63	8.38	7.23	7.3	3.61	9.82	7.95	7.24	5.38	
1779.0	94.0	13.0	13.0	9.21	4.12	4.5	8.29	6.13	4.42	8.54	4.87	6.82	8.56	6.69	6.63	7.37	5.49	5.95	8.37	6.29	7.15	3.86	
1780.0	21.0	9.0	9.0	9.34	4.39	9.84	7.81	4.43	5.44	10.27	7.77	5.8	4.44	7.19	8.05	6.44	8.07	4.42	10.18	9.21	3.94	3.69	
1781.0	83.0	5.0	5.0	9.13	8.05	6.52	10.04	10.21	7.95	9.95	5.96	3.83	4.25	8.85	8.58	3.95	5.04	3.83	8.8	9.02	7.22	10.03	
1782.0	38.0	5.0	5.0	9.6	9.04	9.38	4.59	8.48	6.18	4.25	4.39	8.26	6.4	8.57	9.19	7.97	3.95	7.13	7.13	6.95	5.83	7.61	
1783.0	98.0	15.0	15.0	10.24	6.93	4.02	8.14	10.3	4.08	6.21	7.89	9.98	5.4	8.16	9.61	5.15	5.23	9.77	4.36	8.89	4.15	8.3	
1784.0	46.0	14.0	14.0	9.28	5.91	5.32	4.88	10.06	5.77	6.11	7.0	4.99	4.48	6.7	3.98	8.01	6.69	10.12	7.71	9.56	10.1	7.04	
1785.0	74.0	1.0	1.0	4.7	3.54	8.17	9.33	5.61	6.02	3.53	8.65	8.97	7.14	9.61	4.09	7.09	4.61	6.4	8.48	7.68	6.51	4.4	
1786.0	63.0	15.0	15.0	6.38	7.42	7.89	5.83	4.12	7.5	9.92	9.9	7.79	4.51	7.4	4.12	9.51	6.43	3.59	6.73	9.54	8.46	6.43	
1787.0	80.0	3.0	3.0	5.94	3.55	9.26	5.91	9.12	8.57	5.3	7.61	8.17	3.83	9.23	6.68	3.78	4.1	6.27	4.55	9.43	8.03	6.81	
1788.0	53.0	12.0	12.0	5.89	4.35	5.14	4.87	5.11	7.09	4.0	3.89	8.96	4.99	6.1	7.85	8.89	7.24	9.42	7.12	5.98	9.66	8.73	
1789.0	34.0	14.0	14.0	5.21	6.96	6.49	8.01	10.33	7.92	7.0	8.54	5.97	10.12	8.11	4.35	6.4	5.06	6.65	5.92	6.0	6.52	9.64	
1790.0	99.0	12.0	12.0	9.24	9.63	8.91	8.74	4.12	7.96	5.94	5.8	4.33	10.49	10.42	6.17	3.97	10.07	7.67	8.28	8.2	10.47	1.9767621791434027	
1791.0	89.0	14.0	14.0	7.62	9.99	7.93	3.87	5.82	4.87	9.76	8.22	4.0	6.89	9.02	8.62	8.85	8.96	4.98	6.38	5.06	6.66	4.88	
1792.0	65.0	11.0	11.0	10.29	5.73	6.33	7.36	8.26	6.01	8.96	10.13	8.24	10.21	6.16	6.64	5.51	5.41	9.79	9.11	4.76	9.94	8.688523049407678	
1793.0	96.0	15.0	15.0	6.32	10.35	7.14	10.37	5.67	5.6	7.1	9.63	8.42	8.28	5.12	3.56	3.87	5.3	5.7	9.37	9.88	6.99	3.6	
1794.0	32.0	14.0	14.0	7.27	10.11	6.46	8.84	5.39	6.13	4.04	10.38	9.88	9.84	4.7	4.47	10.31	4.69	7.23	4.03	7.15	4.42	10.28	
1795.0	92.0	10.0	10.0	5.95	4.75	5.1	3.9	5.31	6.0	5.26	6.9	10.03	6.14	9.42	8.75	5.77	10.1	8.92	10.3	7.8	9.98	8.76	
1796.0	92.0	10.0	10.0	10.5	9.04	5.5	8.42	3.83	8.87	8.87	3.87	4.15	5.85	8.97	5.85	5.41	9.64	4.96	6.61	8.27	4.62	8.31	
1797.0	62.0	7.0	7.0	5.13	5.26	5.83	7.36	8.66	10.02	4.46	8.12	3.85	10.3	4.57	4.95	8.94	4.6	10.38	5.93	7.79	8.43	6.35	
1798.0	86.0	15.0	15.0	3.51	8.09	7.55	4.89	6.51	6.67	6.59	7.71	10.33	3.52	3.85	6.22	9.68	6.45	8.51	7.98	4.94	5.01	3.66	
1799.0	79.0	7.0	7.0	4.75	5.09	4.5	6.82	3.86	7.28	5.28	4.14	3.74	4.03	9.31	4.78	6.1	7.14	8.71	6.04	10.32	8.74	5.19	
1800.0	74.0	1.0	1.0	3.72	8.9	8.3	8.59	5.0	8.64	9.65	6.62	8.27	7.14	9.39	8.81	4.46	8.38	6.64	7.44	9.07	4.64	7.72	
1801.0	84.0	12.0	12.0	6.41	9.08	3.65	6.95	4.18	8.68	7.61	6.25	6.37	6.33	9.24	6.2	3.75	5.87	5.83	6.42	8.31	5.86	6.7	
1802.0	62.0	7.0	7.0	8.44	3.67	8.18	4.85	5.0	5.16	9.57	6.6	7.55	5.39	7.1	6.45	8.6	8.77	8.8	5.06	6.34	5.51	4.56	
1803.0	83.0	5.0	5.0	6.99	3.92	4.32	8.99	7.02	3.53	9.05	5.52	9.97	7.27	5.49	7.56	3.88	3.54	8.18	5.22	7.69	7.77	9.02	
1804.0	81.0	3.0	3.0	5.7	7.11	7.08	5.11	10.35	10.13	10.23	6.95	7.92	7.22	9.56	9.85	8.29	7.89	7.19	6.97	5.17	5.11	8.52	
1805.0	94.0	13.0	13.0	9.86	5.8	7.96	7.07	9.17	8.08	9.04	6.49	4.14	8.26	3.58	3.75	6.21	9.97	9.44	7.8	4.41	10.22	10.41	
1806.0	78.0	8.0	8.0	4.7	10.36	9.23	3.87	7.57	6.24	4.22	4.74	6.75	5.36	3.5	8.89	4.41	5.75	5.05	10.45	4.34	9.65	8.67	
1807.0	99.0	12.0	12.0	8.85	7.06	3.7	7.15	10.21	4.12	8.57	10.25	6.49	4.34	6.58	9.59	4.02	6.94	4.15	6.51	9.07	4.54	4.41	
1808.0	92.0	10.0	10.0	6.63	8.38	6.15	5.67	5.34	8.68	7.83	4.24	7.66	9.79	9.77	7.94	5.06	3.52	10.09	10.31	5.14	6.9	5.52	
1809.0	97.0	9.0	9.0	6.82	4.21	4.91	8.76	8.62	6.7	10.35	4.89	9.81	7.83	5.22	9.32	7.09	9.38	3.78	3.84	9.1	8.89	9.93	
1810.0	100.0	14.0	14.0	6.18	6.0	4.79	6.68	5.26	8.65	4.49	3.96	8.49	7.23	5.8	4.66	6.25	3.87	9.54	3.79	4.66	9.63	9.19	
1811.0	80.0	3.0	3.0	7.02	8.15	8.31	10.08	10.03	3.64	8.91	8.01	5.25	5.17	4.19	8.44	5.35	9.9	9.13	10.39	5.38	7.33	5.48	
1812.0	97.0	9.0	9.0	5.08	6.83	9.36	7.48	7.17	6.8	8.13	9.03	4.02	6.09	6.47	9.86	5.32	8.86	9.36	6.64	4.34	6.85	8.54	
1813.0	100.0	14.0	14.0	9.56	6.29	8.49	6.24	3.6	9.16	6.5	7.26	6.31	10.45	5.35	7.41	6.74	6.51	5.67	10.35	8.6	4.33	8.66	
1814.0	95.0	8.0	8.0	6.65	6.01	5.87	4.6	6.53	7.72	3.91	4.78	9.54	6.74	8.15	5.3	8.67	4.57	9.71	6.41	9.86	9.41	4.09	
1815.0	94.0	13.0	13.0	9.66	9.56	5.91	9.34	5.6	8.14	10.0	9.54	8.0	8.91	9.83	9.65	4.04	6.48	6.93	9.13	4.62	7.99	2.2701822928227675	
1816.0	96.0	15.0	15.0	6.62	5.46	6.53	6.75	4.93	7.46	6.63	7.31	7.54	6.84	6.31	5.73	3.81	10.22	7.71	7.04	3.71	7.3	5.74	
1817.0	90.0	4.0	4.0	3.93	8.49	5.42	10.19	6.09	9.37	7.77	10.49	5.72	6.16	9.83	6.95	6.28	9.0	8.63	9.64	5.71	6.51	7.51	
1818.0	92.0	10.0	10.0	10.44	5.6	4.6	7.29	5.62	8.36	4.05	10.04	6.03	5.44	10.3	9.76	9.52	3.64	10.42	7.93	4.65	8.1	4.08	
1819.0	100.0	14.0	14.0	9.85	9.07	6.92	7.21	10.47	8.06	6.62	7.58	5.11	9.06	5.08	4.37	5.83	9.18	4.0	8.7	7.42	7.68	6.66	
1820.0	92.0	10.0	10.0	9.04	5.43	7.69	8.92	6.75	6.87	9.37	10.18	7.95	5.23	9.63	8.15	9.56	10.08	9.93	5.54	10.07	9.808395984577384	3.3585974921347166	
1821.0	65.0	11.0	11.0	10.47	9.12	6.44	7.17	6.55	7.99	8.02	5.73	10.5	8.11	7.01	6.21	7.23	4.61	6.93	9.32	8.97	3.98	4.6	
1822.0	23.0	7.0	7.0	8.84	9.84	7.27	10.19	4.27	4.78	5.73	10.02	8.67	4.45	4.82	4.98	8.32	3.64	4.63	6.63	5.91	7.64	6.39	
1823.0	99.0	12.0	12.0	7.44	6.14	10.05	4.87	6.27	3.56	3.75	5.71	6.62	8.51	9.85	8.41	4.93	7.0	8.96	6.36	4.94	5.38	7.34	
1824.0	30.0	14.0	14.0	6.6	5.26	8.19	4.65	5.58	7.19	9.93	8.0	9.1	9.25	8.63	6.71	6.47	3.74	7.32	6.61	7.8	3.5	5.05	
1825.0	79.0	7.0	7.0	7.77	10.12	8.04	5.92	10.29	5.62	8.18	9.47	5.45	4.05	4.08	5.88	4.47	4.28	8.61	3.99	8.48	10.19	9.31	
1826.0	36.0	15.0	15.0	5.78	8.56	9.3	9.67	3.87	6.21	7.77	9.85	7.73	5.5	10.06	10.1	4.37	7.5	9.66	9.01	7.59	6.22	10.4160445124432	
1827.0	39.0	14.0	14.0	7.81	6.59	9.55	9.43	7.38	3.8	10.29	10.04	7.04	7.4	7.09	6.93	5.17	8.85	8.45	7.95	4.43	7.92	10.34	
1828.0	68.0	5.0	5.0	3.82	9.26	10.37	3.76	5.56	6.57	3.5	7.53	5.77	7.9	9.51	3.61	9.87	4.01	6.48	4.41	6.45	4.61	7.56	
1829.0	24.0	14.0	14.0	9.69	3.95	8.07	9.03	8.62	7.99	7.61	8.65	9.13	5.0	10.3	5.48	5.91	5.19	6.07	4.63	4.95	8.69	3.94	
1830.0	27.0	13.0	13.0	9.67	3.89	8.8	7.29	4.44	10.26	9.3	8.49	4.48	7.44	5.0	7.52	8.21	6.16	8.23	7.5	9.73	7.39	6.45	
1831.0	30.0	14.0	14.0	10.03	3.68	7.41	4.59	4.93	7.54	5.41	7.16	6.08	10.19	9.33	5.66	7.15	5.17	7.65	8.62	6.19	8.27	5.22	
1832.0	33.0	14.0	14.0	5.77	6.27	5.2	10.47	6.17	4.15	4.36	7.48	4.56	5.42	10.27	7.89	5.43	8.88	4.53	9.28	7.62	8.84	7.51	
1833.0	36.0	15.0	15.0	6.0	3.64	7.92	4.2	10.2	7.23	4.34	4.21	9.93	4.75	6.84	4.77	5.18	9.46	6.29	9.61	6.57	4.38	8.54	
1834.0	39.0	14.0	14.0	8.29	8.99	6.85	10.14	4.19	4.89	4.1	4.68	4.31	4.64	7.05	3.82	6.57	6.55	9.28	6.17	5.24	5.15	6.45	
1835.0	24.0	14.0	14.0	8.33	10.29	8.19	4.62	4.77	6.57	10.21	3.81	6.25	3.73	5.81	10.07	9.64	9.0	4.41	3.83	4.96	3.89	4.47	
1836.0	87.0	5.0	5.0	7.01	4.78	5.63	6.16	3.97	6.92	5.57	7.35	9.64	9.53	6.57	9.32	10.01	7.48	7.31	4.7	10.15	3.73	9.65	
1837.0	28.0	8.0	8.0	6.2	4.85	8.73	7.95	6.02	4.44	6.98	8.37	8.7	10.14	10.34	3.68	6.0	5.3	7.97	5.99	3.87	5.74	9.14	
1838.0	34.0	14.0	14.0	4.6	7.15	3.66	3.98	3.82	5.74	6.97	4.35	7.55	5.02	8.75	7.19	10.03	10.41	4.61	10.24	5.4	4.33	5.81	
1839.0	34.0	14.0	14.0	10.21	6.09	8.76	5.92	6.34	6.07	7.08	8.86	3.64	8.08	9.36	5.47	6.94	9.64	6.91	4.6	7.72	8.96	4.71	
1840.0	37.0	5.0	5.0	6.53	9.57	8.42	10.34	4.3	4.06	6.54	5.59	7.75	9.2	6.56	9.66	9.82	4.69	6.84	9.73	7.05	4.45	8.55	
1841.0	96.0	15.0	15.0	8.67	5.11	7.21	7.36	7.25	8.08	7.94	5.66	9.85	5.24	5.4	9.79	10.13	10.48	4.24	9.2	8.9	5.83	4.73	
1842.0	24.0	14.0	14.0	10.46	7.33	10.14	4.43	10.23	10.3	8.29	9.14	7.13	3.58	6.87	3.78	7.4	6.41	3.85	9.78	7.12	10.31	10.45	
1843.0	28.0	8.0	8.0	3.83	5.88	5.39	4.2	4.08	4.62	8.42	8.74	6.63	5.44	7.71	3.88	9.26	6.17	9.24	4.86	4.73	7.74	4.52	
1844.0	29.0	2.0	2.0	8.07	6.35	5.18	6.74	6.47	9.8	4.57	5.45	6.19	6.75	9.53	7.58	6.21	3.88	10.15	5.74	9.09	6.51	7.28	
1845.0	34.0	14.0	14.0	9.92	8.5	7.44	7.74	4.18	7.1	3.74	4.54	8.89	7.19	4.84	10.11	5.09	4.84	10.18	8.18	5.16	7.05	8.33	
1846.0	90.0	4.0	4.0	3.8	10.32	5.8	7.17	6.6	5.43	8.1	9.41	3.54	4.49	6.78	9.84	9.51	10.45	6.39	4.68	8.51	6.75	6.87	
1847.0	64.0	4.0	4.0	7.17	7.42	8.99	9.29	4.28	8.71	7.14	7.26	4.38	3.53	8.7	8.13	9.94	6.0	9.94	4.5	6.69	6.28	3.94	
1848.0	21.0	9.0	9.0	7.18	7.49	9.25	6.05	6.85	10.28	9.71	7.02	7.44	5.13	9.81	8.03	4.62	9.49	3.73	10.04	9.98	9.63	4.201807082489048	
1849.0	93.0	4.0	4.0	8.77	8.45	6.09	4.61	3.88	7.78	9.19	8.26	6.67	3.51	5.22	10.16	8.83	5.35	10.24	9.56	3.7	4.58	7.16	
1850.0	88.0	4.0	4.0	6.57	5.6	3.66	5.07	5.47	10.04	7.2	4.39	7.41	8.35	6.52	8.06	8.53	6.62	3.87	10.26	5.87	4.03	6.57	
1851.0	71.0	11.0	11.0	10.46	9.39	3.6	6.24	8.45	10.34	7.23	3.83	4.23	8.85	4.21	7.06	5.81	9.89	8.8	3.69	8.16	9.49	9.92	
1852.0	79.0	7.0	7.0	7.83	4.54	6.03	9.68	7.33	8.86	5.41	8.99	6.32	7.53	5.24	5.56	6.7	6.92	8.62	9.03	3.75	5.6	6.97	
1853.0	37.0	5.0	5.0	8.76	5.72	7.99	7.57	4.49	10.29	4.33	6.94	4.22	6.23	6.26	4.73	5.87	9.61	5.97	8.49	9.34	9.69	8.97	
1854.0	39.0	14.0	14.0	5.71	8.62	8.84	7.03	6.37	9.17	9.01	8.34	7.96	8.36	10.34	6.97	5.06	9.34	5.59	9.68	4.74	4.98	5.05	
1855.0	15.0	11.0	11.0	8.66	7.51	5.56	7.52	4.81	9.02	9.82	5.52	10.01	5.98	9.02	9.73	4.93	8.43	8.75	8.63	3.6	9.83	6.02	
1856.0	25.0	12.0	12.0	7.58	10.36	3.79	3.78	4.22	6.15	9.21	9.49	4.52	5.23	8.52	5.09	5.38	10.22	4.92	5.53	8.22	5.56	4.28	
1857.0	89.0	14.0	14.0	8.06	9.79	8.0	9.57	8.81	4.48	7.38	8.06	6.28	7.35	9.27	8.5	6.66	9.62	5.65	7.36	8.82	9.25	3.961794078158317	
1858.0	31.0	8.0	8.0	9.75	4.49	9.2	10.4	4.12	7.81	7.82	8.65	9.21	6.7	7.16	5.97	4.06	5.9	3.98	9.76	10.05	7.43	7.25	
1859.0	65.0	11.0	11.0	9.0	6.68	10.1	9.09	4.2	5.42	10.19	10.3	4.01	4.65	9.47	4.07	5.73	5.1	10.22	8.94	9.2	6.24	8.47	
1860.0	38.0	5.0	5.0	3.96	6.23	6.04	4.25	9.92	4.29	4.29	4.25	7.25	5.65	8.09	6.52	10.07	8.2	8.67	8.73	9.5	6.89	6.68	
1861.0	90.0	4.0	4.0	7.88	10.11	3.93	4.36	7.94	7.26	5.2	8.13	5.08	9.8	5.75	4.26	6.26	8.3	6.44	4.68	5.31	10.13	8.61	
1862.0	25.0	12.0	12.0	4.55	4.97	8.31	6.32	4.3	5.94	5.54	5.93	3.78	7.91	8.02	7.86	5.92	7.63	6.65	8.04	5.25	6.21	5.65	
1863.0	45.0	5.0	5.0	9.42	3.96	5.61	6.02	7.64	9.1	6.82	3.5	5.46	4.34	6.59	3.57	7.6	6.7	5.09	8.92	6.63	8.56	9.62	
1864.0	89.0	14.0	14.0	8.37	10.43	8.55	8.34	6.73	4.91	5.16	5.96	3.57	7.54	4.28	8.64	7.09	3.99	5.3	7.5	6.58	10.06	4.61	
1865.0	73.0	13.0	13.0	5.35	3.89	5.52	9.53	10.25	9.99	6.4	5.0	7.56	6.42	6.28	6.3	4.53	4.11	7.92	8.76	7.33	5.28	5.4	
1866.0	81.0	3.0	3.0	10.06	3.56	5.34	4.38	8.08	6.77	6.24	7.17	4.1	9.31	7.87	7.71	5.63	4.56	10.33	3.67	7.06	10.27	5.76	
1867.0	17.0	11.0	11.0	3.82	8.89	5.8	4.57	4.74	4.77	9.86	3.9	10.26	5.27	5.45	5.79	5.36	9.0	3.93	6.96	5.09	4.28	4.77	
1868.0	84.0	12.0	12.0	6.97	3.87	6.43	4.95	7.88	3.64	9.22	3.81	6.03	7.39	10.24	8.67	4.2	10.34	4.92	8.32	6.6	9.83	5.1	
1869.0	78.0	8.0	8.0	7.13	5.27	6.37	10.08	6.56	9.42	9.34	5.94	7.83	3.83	7.24	8.38	7.12	4.46	6.46	7.58	4.47	8.73	4.94	
1870.0	29.0	2.0	2.0	6.18	6.93	6.06	8.55	7.51	6.68	9.33	6.41	7.09	7.33	5.71	7.72	6.31	5.55	5.11	9.39	8.08	7.9	7.27	
1871.0	88.0	4.0	4.0	10.32	7.18	5.45	9.07	7.5	10.27	10.42	4.79	8.74	9.29	7.83	4.87	6.06	8.48	9.24	8.99	10.22	3.0732904375538976	8.645314550950413	
1872.0	67.0	3.0	3.0	10.13	5.65	9.52	4.35	10.34	6.88	6.06	4.15	4.49	3.82	9.03	3.58	7.11	7.12	5.22	10.03	9.7	9.21	9.56	
1873.0	64.0	4.0	4.0	5.98	5.45	7.31	9.51	6.29	8.5	5.25	4.29	4.44	7.05	4.56	5.37	9.67	4.3	8.26	5.22	8.34	6.09	5.52	
1874.0	67.0	3.0	3.0	6.05	8.42	3.52	4.39	7.02	4.18	3.69	7.63	3.71	9.0	8.08	9.75	4.99	4.19	8.97	8.64	5.26	4.35	10.33	
1875.0	61.0	12.0	12.0	10.23	7.21	3.57	9.01	3.96	6.85	9.47	4.03	7.96	7.09	5.71	9.51	4.84	9.13	7.14	6.64	7.5	7.27	8.39	
1876.0	81.0	3.0	3.0	3.65	8.35	3.75	4.75	6.24	8.38	10.5	7.51	6.37	7.32	3.94	5.6	7.65	9.69	9.91	4.92	6.12	5.09	8.26	
1877.0	88.0	4.0	4.0	4.7	4.69	8.17	4.31	10.07	7.16	6.26	5.56	4.31	8.03	9.15	8.25	7.47	7.41	4.68	8.92	8.55	7.29	6.17	
1878.0	94.0	13.0	13.0	7.73	8.44	9.76	5.7	5.12	8.19	9.27	3.56	5.91	6.76	10.44	8.95	9.51	5.23	5.47	4.98	7.95	5.03	8.85	
1879.0	35.0	10.0	10.0	10.42	5.81	6.06	7.1	8.35	6.4	8.53	7.65	9.74	4.2	6.35	9.67	9.71	3.84	5.72	5.73	8.3	8.63	4.53	
1880.0	92.0	10.0	10.0	4.61	9.27	4.35	5.15	7.83	4.23	6.23	4.86	5.99	5.95	4.68	3.82	6.07	7.42	6.13	8.73	7.63	8.56	8.11	
1881.0	98.0	15.0	15.0	8.05	10.29	7.75	3.96	3.57	8.83	10.32	10.39	6.77	5.89	4.66	9.63	7.12	6.34	6.2	10.18	7.46	4.2	5.63	
1882.0	9.0	15.0	15.0	9.12	3.84	6.31	8.86	10.35	8.6	5.51	8.54	3.52	8.57	10.34	4.7	9.65	6.9	3.67	9.86	6.74	6.78	8.38	
1883.0	93.0	4.0	4.0	9.22	7.92	4.79	5.26	6.55	9.38	6.21	9.4	6.11	7.62	3.87	9.52	6.15	9.6	4.1	4.34	3.56	9.79	7.79	
1884.0	20.0	4.0	4.0	9.61	9.3	5.31	5.31	7.64	7.22	6.09	4.25	5.0	9.63	9.41	7.14	9.6	3.77	8.75	7.18	9.75	4.83	4.87	
1885.0	100.0	14.0	14.0	4.45	9.31	5.55	9.15	5.95	8.95	7.24	5.34	8.2	6.22	4.23	8.93	4.09	9.05	6.89	6.45	6.57	8.2	6.97	
1886.0	37.0	5.0	5.0	7.14	9.11	3.67	5.87	8.8	4.98	5.36	4.93	6.49	8.41	9.15	6.16	8.21	10.04	8.71	8.72	8.67	5.84	6.68	
1887.0	68.0	5.0	5.0	4.11	5.72	7.28	9.62	4.72	4.6	7.52	8.8	5.2	6.78	9.35	8.81	9.51	5.32	4.57	6.36	7.22	6.27	9.26	
1888.0	95.0	8.0	8.0	5.28	5.67	9.82	4.63	8.15	3.56	9.02	4.89	8.7	6.5	6.48	4.68	9.28	3.67	4.02	6.85	10.32	5.5	6.87	
1889.0	77.0	8.0	8.0	6.16	7.05	7.2	4.79	4.99	4.09	9.92	6.42	10.01	10.15	3.73	4.53	8.51	5.33	7.68	8.28	9.71	4.08	6.85	
1890.0	96.0	15.0	15.0	8.09	9.27	8.54	5.33	5.53	8.74	8.98	7.15	4.46	9.27	7.16	8.95	8.35	4.9	4.04	6.59	5.25	7.3	6.64	
1891.0	75.0	8.0	8.0	4.85	5.44	5.45	7.03	4.11	7.63	7.49	9.86	4.06	9.16	3.51	7.46	8.15	8.81	4.3	10.15	8.64	6.08	7.23	
1892.0	94.0	13.0	13.0	9.46	4.95	8.55	9.02	3.5	8.87	5.26	4.37	3.87	8.95	9.5	6.12	5.4	5.69	4.57	10.18	7.15	8.0	10.28	
1893.0	76.0	6.0	6.0	9.58	7.32	7.09	7.28	5.94	8.47	6.8	6.71	7.24	8.46	5.99	5.1	7.13	6.17	6.24	6.62	9.21	9.86	8.33	
1894.0	73.0	13.0	13.0	5.57	6.64	9.76	4.93	10.25	7.51	7.0	4.71	8.02	7.48	4.4	9.06	7.05	8.52	6.4	6.11	6.99	3.98	6.99	
1895.0	46.0	14.0	14.0	10.21	5.73	7.34	8.34	10.31	9.39	9.67	3.93	7.13	7.04	5.51	7.25	9.19	6.93	6.47	7.33	9.92	4.19	4.28	
1896.0	12.0	5.0	5.0	5.83	5.05	4.03	9.97	4.73	4.05	4.52	8.73	8.18	7.55	7.67	4.24	4.96	3.72	6.91	5.3	7.39	3.81	9.46	
1897.0	95.0	8.0	8.0	10.33	4.31	6.39	5.83	4.25	7.02	8.28	5.66	8.28	7.44	3.99	5.86	4.86	6.95	10.1	8.41	4.32	10.09	7.42	
1898.0	32.0	14.0	14.0	10.35	7.56	9.97	5.48	10.1	9.26	7.97	4.6	7.38	5.75	6.64	7.94	4.38	9.51	6.32	6.37	4.6	4.57	4.58	
1899.0	63.0	15.0	15.0	4.61	10.35	5.18	10.06	9.92	7.41	4.13	8.56	8.26	8.4	7.67	8.88	4.62	5.47	6.93	7.03	5.09	8.68	8.97	
1900.0	99.0	12.0	12.0	8.53	6.23	7.82	10.0	8.59	6.65	3.64	7.33	4.9	4.15	5.79	5.76	9.51	4.66	5.45	8.99	4.09	9.39	8.61	
1901.0	73.0	13.0	13.0	8.27	5.7	8.1	7.59	10.17	8.56	8.32	6.29	9.7	4.11	4.34	9.16	4.82	6.92	4.23	8.96	6.1	8.54	10.28	
1902.0	23.0	7.0	7.0	3.64	8.21	7.39	3.97	9.28	8.53	5.65	9.6	3.69	4.68	5.83	10.13	6.18	6.81	5.32	5.68	9.78	8.24	4.26	
1903.0	97.0	9.0	9.0	6.68	8.57	4.82	6.99	5.44	8.26	6.52	4.86	10.47	6.91	7.34	9.77	4.99	3.55	7.88	9.47	6.9	6.11	7.31	
1904.0	63.0	15.0	15.0	8.22	8.2	4.32	10.3	8.85	9.61	9.52	9.87	6.02	6.44	7.26	9.71	6.77	5.91	5.2	9.76	8.92	3.66	1.2992625207244326	
1905.0	91.0	9.0	9.0	7.28	4.53	5.71	5.91	8.34	6.85	4.69	4.65	9.88	9.69	8.56	4.7	7.29	6.41	6.4	5.39	8.36	9.28	8.99	
1906.0	62.0	7.0	7.0	10.36	3.79	7.82	9.69	3.69	10.05	8.08	7.84	5.04	8.7	9.95	5.1	10.27	5.59	7.43	9.09	3.81	9.15	4.51	
1907.0	40.0	11.0	11.0	9.84	8.7	5.36	10.09	3.84	7.82	3.66	6.63	5.41	5.64	3.6	8.36	9.97	10.21	8.34	4.31	9.24	3.98	8.72	
1908.0	62.0	7.0	7.0	7.53	8.55	4.51	4.37	8.39	8.77	7.25	8.32	3.63	9.29	4.44	5.68	10.32	7.51	8.61	5.6	4.86	8.19	9.81	
1909.0	52.0	4.0	4.0	4.36	3.86	9.0	7.24	9.4	6.77	6.79	9.87	7.19	5.35	5.38	7.3	7.5	6.36	3.8	3.55	6.0	4.65	10.21	
1910.0	84.0	12.0	12.0	7.45	9.94	6.54	4.83	9.64	8.55	4.62	9.53	3.67	8.31	6.25	9.35	6.0	7.66	8.21	6.91	7.07	6.08	7.06	
1911.0	32.0	14.0	14.0	6.21	9.3	9.85	9.73	8.55	5.79	7.56	7.05	4.07	9.27	6.57	5.2	7.03	4.14	7.55	8.51	9.07	9.59	7.25	
1912.0	8.0	15.0	15.0	9.49	7.73	7.51	7.14	9.02	5.35	6.86	4.78	5.73	6.36	10.38	5.89	8.81	5.5	10.1	5.71	4.1	6.63	8.34	
1913.0	55.0	6.0	6.0	9.17	7.33	9.41	5.12	5.39	6.78	6.33	4.17	9.5	10.09	10.45	6.87	8.25	7.83	9.33	9.82	4.2	6.77	4.7	
1914.0	40.0	11.0	11.0	8.31	5.29	3.9	7.57	4.41	6.6	10.05	4.78	9.2	6.16	3.53	6.93	5.46	5.23	4.14	5.63	8.57	8.17	10.15	
1915.0	96.0	15.0	15.0	8.26	6.47	9.25	6.52	8.94	8.13	4.66	3.6	8.35	10.44	7.43	3.79	4.3	9.12	6.45	6.21	3.83	9.19	5.64	
1916.0	26.0	1.0	1.0	5.43	5.35	6.83	4.21	10.0	4.66	7.24	9.61	10.17	6.5	5.84	4.17	7.71	3.56	9.95	5.37	4.52	8.79	4.48	
1917.0	91.0	9.0	9.0	8.81	7.3	4.75	9.16	9.22	7.74	5.03	4.4	6.45	8.97	10.32	7.9	5.5	7.12	8.53	4.13	6.63	7.36	10.04	
1918.0	72.0	11.0	11.0	3.57	4.48	9.48	3.98	9.28	3.73	4.0	9.53	4.53	3.62	5.9	3.71	5.25	3.85	7.77	7.05	5.99	5.48	4.38	
1919.0	86.0	15.0	15.0	3.55	9.8	7.37	4.05	5.18	9.32	4.01	7.2	6.16	4.99	3.51	7.67	6.55	3.52	8.85	5.93	9.67	5.34	10.21	
1920.0	77.0	8.0	8.0	7.88	5.76	6.62	9.59	4.35	9.04	8.9	4.46	5.89	8.04	4.84	8.74	5.22	4.55	6.96	8.65	9.23	10.38	5.58	
1921.0	91.0	9.0	9.0	5.54	7.22	9.96	6.76	7.64	4.97	7.97	3.66	10.02	10.06	4.48	9.6	8.65	5.59	8.74	9.32	5.58	3.72	9.17	
1922.0	89.0	14.0	14.0	6.38	8.64	9.09	7.49	9.05	9.82	6.72	4.33	8.51	6.47	7.53	4.74	4.77	7.54	4.36	8.85	7.05	7.14	7.39	
1923.0	27.0	13.0	13.0	10.31	6.7	8.51	7.16	4.37	10.26	8.64	8.46	3.74	5.27	7.1	8.92	9.36	10.06	7.38	8.46	9.4	8.65	0.49778999288915016	
1924.0	89.0	14.0	14.0	5.92	8.22	7.87	6.49	8.27	7.98	10.16	9.53	3.76	3.96	8.62	8.14	5.57	4.26	8.89	5.02	7.51	6.53	10.44	
1925.0	67.0	3.0	3.0	8.41	4.83	6.18	10.19	5.12	6.1	7.63	5.12	4.82	4.34	6.8	5.88	9.4	8.17	4.86	6.09	4.72	5.18	9.72	
1926.0	74.0	1.0	1.0	3.93	6.5	4.59	8.23	8.79	9.92	7.1	5.69	5.64	5.65	3.82	3.83	7.56	10.1	6.71	5.57	6.99	6.98	5.63	
1927.0	10.0	15.0	15.0	6.97	10.45	6.43	3.9	7.26	10.32	4.09	4.5	8.98	3.56	8.85	4.62	5.48	4.19	4.71	7.83	4.71	3.86	8.73	
1928.0	98.0	15.0	15.0	6.79	5.0	9.32	8.19	8.42	8.01	9.34	7.01	7.89	4.29	9.37	7.33	9.53	5.65	8.92	7.67	6.14	7.73	8.46	
1929.0	61.0	12.0	12.0	9.11	5.1	6.89	5.94	5.77	7.56	7.07	4.81	6.54	7.55	7.81	8.45	9.63	6.24	5.22	6.0	7.91	8.17	7.86	
1930.0	78.0	8.0	8.0	6.58	8.8	7.43	4.92	7.58	4.4	3.73	8.27	7.61	5.37	5.16	9.53	6.44	5.27	8.16	3.78	7.55	7.37	8.49	
1931.0	98.0	15.0	15.0	5.74	9.22	4.76	5.59	9.08	6.04	5.49	10.36	8.96	4.2	5.05	4.24	9.19	6.31	8.25	6.39	8.53	9.32	10.32	
1932.0	37.0	5.0	5.0	8.29	9.64	10.39	9.05	9.11	5.45	7.55	10.44	9.25	7.84	5.97	4.59	4.2	4.19	10.23	7.98	6.13	5.73	5.65	
1933.0	51.0	2.0	2.0	8.93	8.28	4.24	9.03	6.83	6.99	8.99	4.35	4.84	4.7	3.92	8.34	10.0	7.05	10.03	9.97	7.49	9.37	6.9	
1934.0	21.0	9.0	9.0	7.18	6.44	10.23	7.41	7.22	4.19	9.02	6.58	6.53	8.21	9.67	4.28	4.39	9.1	7.92	9.97	5.44	8.78	8.51	
1935.0	99.0	12.0	12.0	6.02	5.25	8.9	6.56	5.69	6.94	5.33	7.79	3.86	8.1	7.39	6.87	6.27	7.91	8.23	7.41	4.65	4.71	9.94	
1936.0	63.0	15.0	15.0	10.11	5.32	10.2	10.13	7.68	6.57	10.02	9.63	6.0	3.89	8.25	6.25	5.27	6.9	8.27	6.57	7.35	7.86	4.91	
1937.0	68.0	5.0	5.0	3.87	10.48	5.3	9.74	5.3	8.56	4.01	5.18	4.65	7.86	6.18	9.17	8.5	9.97	9.77	6.13	3.84	3.87	6.57	
1938.0	66.0	12.0	12.0	4.96	7.08	9.58	4.13	4.57	6.57	3.75	8.01	3.81	3.94	5.89	10.26	10.03	6.21	4.22	6.63	5.12	5.03	8.19	
1939.0	89.0	14.0	14.0	5.47	10.33	10.06	10.18	8.09	4.97	10.03	3.56	7.19	8.55	6.53	6.35	4.27	3.98	5.22	7.36	5.27	10.48	9.13	
1940.0	65.0	11.0	11.0	7.93	8.69	3.64	4.6	8.06	7.15	9.45	8.16	10.02	8.34	5.08	7.7	8.32	8.76	6.3	4.19	5.53	3.64	8.19	
1941.0	1.0	11.0	11.0	9.36	3.72	10.44	6.62	9.91	7.14	8.87	5.85	6.89	9.14	10.35	8.65	5.54	6.84	4.12	7.78	8.89	4.13	8.84	
1942.0	86.0	15.0	15.0	7.72	5.08	7.9	5.97	8.98	9.28	7.4	3.78	5.66	7.93	8.14	9.3	7.95	6.2	7.69	5.99	3.55	8.1	3.91	
1943.0	9.0	15.0	15.0	3.94	3.55	9.89	9.08	3.76	5.85	8.51	5.11	4.71	8.39	5.5	5.05	3.72	6.94	4.23	7.48	8.91	8.87	8.94	
1944.0	84.0	12.0	12.0	8.7	5.94	7.02	10.42	9.84	6.95	9.07	4.69	9.59	8.66	5.67	7.24	8.35	9.99	3.88	6.48	4.19	10.27	10.35	
1945.0	82.0	6.0	6.0	3.56	10.03	5.29	8.58	6.7	9.94	6.01	8.99	8.58	5.43	8.78	7.34	8.1	9.08	5.77	7.33	6.82	9.28	7.11	
1946.0	99.0	12.0	12.0	3.77	6.05	9.23	6.84	9.57	10.32	9.22	7.74	4.01	9.11	9.11	10.13	10.09	7.53	5.3	6.62	5.94	9.7	10.071101774334178	
1947.0	84.0	12.0	12.0	3.55	4.21	7.04	5.43	8.18	8.69	5.86	3.51	9.31	3.68	8.27	7.16	6.39	8.31	9.8	9.04	6.04	9.39	4.36	
1948.0	94.0	13.0	13.0	10.23	4.98	5.78	10.4	9.83	9.33	4.64	7.08	7.98	5.38	9.53	5.95	3.72	4.11	9.16	6.87	5.93	9.34	7.31	
1949.0	96.0	15.0	15.0	3.77	4.14	5.88	9.39	9.88	8.71	7.76	4.89	10.29	9.24	6.3	4.07	8.9	9.31	10.31	7.22	5.24	7.61	9.04	
1950.0	41.0	15.0	15.0	3.85	4.32	7.55	7.61	4.08	7.96	7.52	7.02	5.84	6.4	7.83	7.25	5.54	5.45	10.47	5.99	6.17	8.44	9.36	
1951.0	84.0	12.0	12.0	4.3	6.23	9.07	5.63	10.34	7.92	6.8	4.24	4.19	6.54	5.08	7.71	8.92	7.39	5.7	8.63	3.95	4.84	9.9	
1952.0	80.0	3.0	3.0	6.28	7.49	9.86	10.3	3.74	8.59	4.24	9.7	5.02	7.75	6.49	7.92	6.31	6.31	4.52	6.26	9.06	8.05	8.29	
1953.0	83.0	5.0	5.0	6.41	6.2	9.29	7.02	8.34	5.32	7.11	7.18	5.83	8.74	6.29	4.71	4.1	10.06	4.22	4.06	8.69	5.67	10.5	
1954.0	4.0	9.0	9.0	4.77	5.92	4.75	5.77	5.12	5.66	10.09	7.71	9.53	8.42	8.61	7.56	9.78	5.72	8.53	4.73	7.33	8.65	10.01	
1955.0	84.0	12.0	12.0	3.58	7.69	5.99	8.86	7.55	5.5	4.1	8.36	7.32	7.37	3.72	5.83	4.23	7.22	10.03	9.82	8.07	3.87	3.71	
1956.0	97.0	9.0	9.0	5.59	10.45	3.58	5.63	6.07	4.69	7.88	9.22	3.8	9.18	6.59	9.12	5.71	9.35	7.44	9.61	5.28	6.16	7.16	
1957.0	3.0	6.0	6.0	8.63	9.21	9.11	8.93	5.54	6.5	8.42	8.73	6.98	4.79	4.18	8.89	10.47	4.41	9.36	3.95	6.61	6.97	4.39	
1958.0	70.0	11.0	11.0	7.79	5.48	6.01	7.85	10.32	4.87	6.66	9.25	6.21	8.33	5.37	6.12	5.24	9.13	3.63	7.76	9.85	9.94	8.08	
1959.0	82.0	6.0	6.0	5.16	5.4	9.67	6.9	9.85	10.28	7.92	4.76	8.19	7.03	7.49	6.53	3.61	5.37	9.67	5.45	9.58	5.5	9.98	
1960.0	58.0	11.0	11.0	4.42	5.58	3.74	3.62	6.04	4.03	3.77	8.21	4.3	7.66	6.49	9.59	4.17	5.26	5.18	7.84	8.23	9.24	6.99	
1961.0	97.0	9.0	9.0	8.5	8.02	4.49	5.42	7.2	9.93	10.21	4.09	7.88	3.78	9.83	4.26	7.73	7.04	8.77	6.1	4.17	6.08	6.38	
1962.0	96.0	15.0	15.0	4.78	10.14	6.8	7.03	7.78	9.68	10.3	9.86	5.31	3.58	4.53	7.68	6.76	9.41	5.15	5.71	7.83	9.75	8.62	
1963.0	88.0	4.0	4.0	8.24	8.93	7.72	5.82	7.43	6.38	6.28	9.93	5.62	8.03	3.79	6.94	4.83	5.78	8.79	10.47	9.5	3.58	4.35	
1964.0	66.0	12.0	12.0	9.42	4.25	5.57	10.45	6.97	9.77	3.84	9.87	6.35	8.81	8.64	9.81	6.55	5.18	4.01	8.47	6.85	4.81	9.88	
1965.0	95.0	8.0	8.0	10.03	7.96	7.11	7.22	9.62	10.16	5.39	8.13	7.85	7.38	7.38	4.87	4.85	10.24	3.99	4.58	6.77	6.28	7.68	
1966.0	65.0	11.0	11.0	4.53	5.15	4.06	9.62	10.33	5.28	5.17	10.37	6.44	8.0	7.8	3.73	4.65	10.0	9.48	10.35	6.72	10.45	10.45	
1967.0	83.0	5.0	5.0	4.51	5.06	6.5	7.07	9.15	8.99	8.5	5.5	7.91	8.15	5.42	9.18	8.71	4.99	4.89	3.95	9.06	3.71	9.18	
1968.0	47.0	15.0	15.0	7.0	7.97	5.59	4.22	9.81	7.72	6.34	7.09	4.36	4.46	7.12	9.15	8.29	5.55	4.03	7.92	9.06	8.43	7.09	
1969.0	87.0	5.0	5.0	9.39	9.12	7.31	7.33	5.37	5.56	5.1	7.17	7.07	7.44	6.99	9.58	8.99	3.61	6.12	4.38	6.37	7.74	5.68	
1970.0	91.0	9.0	9.0	6.18	6.76	7.85	6.81	7.03	7.31	9.76	8.79	9.5	8.8	10.09	5.59	10.22	4.93	8.08	10.35	5.66	4.8	8.63663699456561	
1971.0	61.0	12.0	12.0	7.27	5.42	8.25	4.52	8.61	9.52	4.22	9.41	5.04	4.31	8.82	9.17	10.17	5.32	9.8	6.94	8.19	4.16	9.41	
1972.0	91.0	9.0	9.0	5.11	9.7	8.09	6.07	8.61	9.68	6.9	9.35	4.92	3.71	7.16	8.39	7.09	3.94	8.77	5.29	8.01	8.25	3.87	
1973.0	36.0	15.0	15.0	7.87	9.82	5.9	7.49	6.71	4.95	7.81	5.56	8.29	10.37	4.14	9.95	7.81	7.42	8.24	7.39	8.24	3.6	8.04	
1974.0	97.0	9.0	9.0	7.4	6.6	9.89	10.03	7.65	3.91	6.75	3.61	6.19	5.86	9.65	5.29	8.01	8.36	7.02	4.73	8.21	5.71	8.67	
1975.0	5.0	15.0	15.0	8.46	8.1	8.29	8.78	4.94	4.27	6.5	3.98	8.83	9.91	4.19	7.22	7.7	4.47	4.25	7.09	9.77	6.36	5.48	
1976.0	6.0	7.0	7.0	3.56	9.96	9.75	7.8	6.96	4.78	10.49	8.62	9.2	9.72	4.67	4.14	6.22	6.53	9.98	4.7	5.9	9.55	5.31	
1977.0	10.0	15.0	15.0	9.64	4.68	7.27	7.37	8.6	7.02	10.47	9.17	8.03	9.41	5.77	8.9	8.0	4.17	6.53	8.5	6.77	8.69	0.6295600762756404	
1978.0	66.0	12.0	12.0	4.95	5.0	5.09	6.36	5.46	9.95	7.66	8.07	8.74	7.54	7.85	9.7	7.84	6.75	5.01	5.83	3.57	6.15	10.48	
1979.0	42.0	4.0	4.0	7.88	7.85	9.7	6.19	10.3	8.32	4.83	9.17	5.06	8.18	4.4	8.12	4.12	9.55	7.17	5.46	6.12	3.99	5.36	
1980.0	18.0	2.0	2.0	6.13	3.6	5.47	9.36	4.09	9.35	6.22	7.63	4.2	9.78	9.2	6.55	6.38	4.41	5.08	7.55	3.67	8.94	5.08	
1981.0	2.0	14.0	14.0	6.01	5.05	7.63	5.18	4.68	7.98	6.82	5.13	9.14	5.04	9.07	6.82	4.42	7.47	7.02	4.92	9.14	8.48	9.0	
1982.0	82.0	6.0	6.0	7.7	9.84	7.09	6.11	5.03	5.98	4.08	8.59	5.84	4.17	6.88	3.53	5.59	7.59	10.03	7.75	8.79	5.1	7.55	
1983.0	7.0	11.0	11.0	8.21	7.01	5.1	9.99	8.09	8.38	9.6	8.08	8.61	6.2	4.91	10.06	5.84	5.15	8.71	5.98	5.45	8.75	8.64	
1984.0	4.0	9.0	9.0	7.89	8.04	3.96	4.89	6.28	9.27	6.34	7.76	6.46	7.9	7.76	6.76	4.24	4.01	8.82	4.43	9.8	7.9	6.86	
1985.0	14.0	13.0	13.0	3.72	9.74	7.71	6.67	9.81	4.11	8.87	4.81	9.49	6.96	9.31	7.03	8.18	10.19	7.3	5.75	5.3	9.68	4.96	
1986.0	79.0	7.0	7.0	5.88	4.4	5.17	9.65	10.1	4.38	7.47	9.56	8.21	5.97	5.71	5.79	3.83	5.4	7.14	8.6	8.88	4.41	10.45	
1987.0	19.0	13.0	13.0	9.51	6.9	8.28	4.82	9.0	3.74	6.46	8.14	6.16	3.9	6.4	9.53	9.84	7.76	4.89	4.89	10.32	4.27	8.94	
1988.0	65.0	11.0	11.0	8.42	4.32	9.72	7.46	6.61	7.51	5.89	10.38	3.81	6.66	7.2	4.74	5.87	9.74	7.2	5.06	5.4	4.78	5.23	
1989.0	88.0	4.0	4.0	8.79	6.88	10.14	4.23	5.73	8.52	3.7	4.87	4.01	6.7	5.56	6.44	4.92	5.67	4.49	10.01	4.93	4.73	7.21	
1990.0	8.0	15.0	15.0	3.64	8.34	6.97	8.57	5.1	4.98	7.27	4.31	10.33	6.78	6.31	6.67	9.34	7.47	7.89	9.1	8.23	3.71	7.35	
1991.0	61.0	12.0	12.0	6.49	4.5	4.28	10.12	5.51	5.68	8.4	10.13	3.89	8.27	4.54	4.12	8.8	4.94	7.69	4.99	10.29	5.14	5.1	
1992.0	16.0	14.0	14.0	5.05	8.67	6.36	8.73	8.77	3.97	7.57	8.87	9.86	10.1	7.51	9.66	8.44	8.59	9.91	9.12	6.77	9.99	5.735428336721454	
1993.0	19.0	13.0	13.0	4.04	7.94	4.57	7.86	7.4	4.65	5.15	5.72	10.43	4.63	6.77	8.04	8.82	9.94	9.35	5.03	8.25	3.8	9.17	
1994.0	20.0	4.0	4.0	9.13	9.09	9.52	10.1	9.73	5.25	5.79	4.05	7.04	5.49	3.71	9.12	7.39	6.15	6.0	8.94	8.25	9.71	9.78	
1995.0	5.0	15.0	15.0	5.24	8.18	8.81	5.92	3.69	7.56	5.02	7.5	10.02	4.36	9.99	5.09	7.15	7.29	4.21	8.43	7.51	6.82	4.07	
1996.0	6.0	7.0	7.0	8.95	3.89	6.09	5.55	4.17	3.94	5.89	8.05	8.38	9.51	6.27	9.41	10.07	9.27	4.68	7.65	7.1	7.33	3.63	
1997.0	98.0	15.0	15.0	9.84	7.22	7.4	8.06	3.61	6.39	6.8	6.73	8.03	4.69	4.34	7.57	8.88	7.8	10.06	7.84	6.14	9.02	4.82	
1998.0	54.0	10.0	10.0	6.4	5.42	4.05	6.08	7.3	4.46	7.32	6.93	4.2	5.71	6.7	5.11	4.08	6.08	6.81	5.37	9.17	3.66	5.96	
1999.0	96.0	15.0	15.0	6.28	6.1	9.08	4.64	7.54	8.35	4.04	7.33	4.49	6.84	9.5	5.82	5.61	3.82	4.49	9.15	4.26	6.43	7.74	
2000.0	74.0	1.0	1.0	9.53	9.59	5.4	10.31	9.09	7.96	8.58	4.43	5.24	10.26	9.05	9.72	4.96	4.7	7.61	7.76	9.94	7.78	7.365729406503289	
2001.0	95.0	8.0	8.0	9.55	6.4	4.67	6.65	9.16	4.31	6.1	9.91	6.2	9.2	7.09	3.91	9.45	5.58	7.56	6.32	10.48	7.54	9.03	
2002.0	89.0	14.0	14.0	10.02	5.63	10.34	7.63	5.82	6.74	10.13	7.3	7.57	5.91	10.11	7.6	10.09	9.15	8.23	6.57	4.01	7.47	1.3814188255404833	
2003.0	7.0	11.0	11.0	6.5	6.37	5.32	9.79	9.8	4.46	5.74	3.9	3.7	7.06	9.18	5.35	4.33	10.01	8.54	8.1	10.42	8.8	5.31	
2004.0	11.0	4.0	4.0	10.23	6.23	8.37	8.92	5.73	3.95	9.35	5.74	7.48	6.97	7.27	5.64	8.26	9.59	6.27	5.27	8.67	9.51	5.23	
2005.0	15.0	11.0	11.0	3.73	4.3	9.9	6.58	8.81	3.76	7.36	7.93	9.52	8.6	10.41	5.28	7.81	8.3	4.24	5.58	4.56	5.19	8.5	
2006.0	63.0	15.0	15.0	9.29	7.94	5.15	4.04	9.81	8.77	10.33	10.12	5.88	7.61	9.5	9.08	9.68	9.46	7.19	7.09	5.88	6.11	4.895730847645093	
2007.0	1.0	11.0	11.0	9.9	6.71	6.58	9.81	8.24	7.27	9.54	6.63	6.43	5.97	7.39	4.85	6.75	3.57	9.4	7.2	6.94	10.16	9.67	
2008.0	44.0	3.0	3.0	5.88	5.91	8.81	8.4	9.67	8.78	4.08	4.83	3.67	5.53	6.6	5.94	3.88	3.84	4.81	9.06	7.9	9.98	7.58	
2009.0	81.0	3.0	3.0	5.01	8.74	7.78	5.59	6.35	3.57	10.08	10.04	9.89	5.81	4.65	9.16	5.77	10.28	8.85	6.68	6.93	9.03	9.14	
2010.0	100.0	14.0	14.0	3.68	6.52	3.94	6.05	7.66	6.55	6.5	6.05	7.79	8.71	9.18	7.78	3.77	3.61	6.28	3.84	7.83	7.03	8.36	
2011.0	81.0	3.0	3.0	8.34	6.87	4.95	4.75	10.19	8.12	3.74	4.78	8.15	6.7	10.46	7.38	9.93	8.74	7.68	3.86	6.08	6.88	9.1	
2012.0	71.0	11.0	11.0	4.84	6.34	6.36	8.24	6.67	6.62	5.3	9.76	6.66	8.66	6.63	8.01	4.54	9.2	4.88	9.93	10.0	10.36	7.76	
2013.0	17.0	11.0	11.0	4.6	10.38	3.93	9.03	5.37	4.36	4.24	7.25	4.65	8.04	4.4	5.32	10.06	4.22	7.21	8.27	7.09	6.64	10.29	
2014.0	92.0	10.0	10.0	5.43	8.63	8.74	4.6	7.51	9.24	6.91	3.85	5.79	10.29	4.47	8.66	9.96	4.63	7.73	5.96	7.74	9.71	3.57	
2015.0	48.0	13.0	13.0	9.68	8.85	5.25	5.41	8.63	8.12	8.18	8.17	5.93	9.84	8.07	5.1	9.6	6.53	5.9	4.33	7.1	6.16	3.96	
2016.0	73.0	13.0	13.0	8.97	8.75	4.87	6.49	9.53	5.11	9.78	5.84	4.35	5.78	4.99	5.38	9.95	7.51	6.53	5.99	6.16	9.73	8.11	
2017.0	44.0	3.0	3.0	4.85	5.31	9.32	4.92	6.97	9.65	10.4	4.48	4.64	5.37	6.83	6.36	5.92	5.51	7.01	6.84	4.07	4.17	9.98	
2018.0	76.0	6.0	6.0	6.21	7.74	5.99	3.58	7.31	3.91	9.98	9.51	5.63	3.78	7.55	5.93	9.49	9.26	5.39	10.22	7.1	5.33	5.41	
2019.0	50.0	9.0	9.0	7.41	9.9	4.6	3.81	4.51	7.06	8.91	3.87	7.6	5.02	7.03	10.33	9.46	7.84	7.81	8.25	9.73	5.9	8.11	
2020.0	89.0	14.0	14.0	5.14	5.93	3.6	8.2	6.32	5.49	5.96	7.18	10.28	8.08	6.15	5.54	6.89	3.78	8.31	4.84	7.76	9.12	3.76	
2021.0	68.0	5.0	5.0	9.59	5.5	3.92	10.04	4.13	6.81	9.72	7.84	9.69	9.6	4.06	8.39	4.26	6.69	3.83	6.22	6.66	5.16	9.81	
2022.0	66.0	12.0	12.0	4.09	4.87	8.2	6.27	6.72	4.57	4.93	3.75	9.48	4.57	10.28	9.24	7.1	3.77	8.35	8.94	10.13	8.28	4.81	
2023.0	8.0	15.0	15.0	5.45	3.68	8.02	4.99	9.65	7.05	4.27	5.3	4.91	7.96	7.08	5.39	8.67	4.54	10.45	5.74	8.68	5.23	7.56	
2024.0	81.0	3.0	3.0	7.29	10.04	7.19	10.36	6.63	7.34	8.1	7.0	7.25	8.44	7.1	10.01	5.07	7.09	5.11	6.0	7.34	7.37	9.13	
2025.0	69.0	12.0	12.0	8.55	9.27	6.09	6.63	5.47	8.68	4.51	10.42	6.6	8.99	4.79	7.72	4.71	8.58	4.28	5.22	4.15	6.14	7.17	
2026.0	74.0	1.0	1.0	5.32	8.94	7.04	5.66	3.82	8.3	8.11	4.14	6.23	4.32	9.3	4.56	10.34	4.75	10.38	7.29	7.46	4.49	9.8	
2027.0	97.0	9.0	9.0	6.39	6.27	6.94	5.77	7.78	8.35	3.86	10.23	10.03	3.88	7.51	4.04	4.37	9.07	8.77	6.53	5.49	5.82	4.75	
2028.0	85.0	3.0	3.0	8.29	5.77	10.36	5.59	5.3	7.32	7.41	7.88	9.92	10.13	7.25	3.65	4.39	8.14	6.39	5.75	3.77	4.46	8.99	
2029.0	88.0	4.0	4.0	4.85	8.55	6.2	3.95	6.78	4.08	4.49	9.83	10.25	4.52	7.16	4.44	7.91	6.25	4.68	7.62	5.76	6.75	3.64	
2030.0	41.0	15.0	15.0	7.42	4.43	8.89	9.86	9.15	8.32	10.2	5.23	7.91	10.2	9.66	5.59	5.13	8.83	8.49	8.32	8.1	8.48	8.985545512286409	
2031.0	94.0	13.0	13.0	9.82	10.4	7.29	4.21	7.72	9.02	9.95	3.76	6.36	5.15	6.99	9.45	5.58	6.91	5.54	5.91	8.42	4.78	5.11	
2032.0	63.0	15.0	15.0	5.82	10.42	4.86	7.8	5.1	5.73	5.86	7.09	8.98	6.06	8.09	9.23	3.8	6.64	8.95	7.08	7.63	4.38	7.62	
2033.0	94.0	13.0	13.0	9.32	7.73	7.08	9.41	9.6	4.09	6.21	10.22	4.03	9.05	8.15	8.05	7.32	9.38	9.12	5.61	5.39	5.59	6.82	
2034.0	54.0	10.0	10.0	7.72	4.66	9.01	4.27	6.08	9.48	8.41	3.82	3.72	7.68	9.78	4.79	5.44	5.84	7.12	9.18	4.55	4.29	8.97	
2035.0	88.0	4.0	4.0	5.69	4.23	9.54	6.77	4.35	7.33	5.54	7.74	6.19	6.3	8.68	4.9	5.77	5.79	4.89	8.11	7.69	4.97	5.21	
2036.0	56.0	13.0	13.0	5.66	3.87	7.45	3.68	9.01	9.68	6.19	8.59	8.6	4.2	6.79	6.02	7.65	3.56	4.03	10.01	10.42	6.57	3.79	
2037.0	98.0	15.0	15.0	5.58	9.47	3.82	8.68	6.15	8.59	4.11	9.67	4.46	5.43	7.63	7.25	4.31	4.85	4.66	7.68	6.76	5.85	6.91	
2038.0	49.0	12.0	12.0	6.56	4.48	6.19	8.18	10.04	4.12	9.07	9.53	9.67	3.61	9.28	9.01	8.8	3.58	7.72	3.91	5.48	5.19	9.56	
2039.0	70.0	11.0	11.0	7.65	6.95	8.15	3.58	7.59	6.54	7.44	5.94	8.75	5.03	4.73	4.02	9.46	5.07	7.26	6.77	5.55	4.36	9.25	
2040.0	27.0	13.0	13.0	9.5	3.52	10.08	5.8	3.74	7.52	7.02	9.23	5.63	4.86	9.67	6.43	7.77	5.53	7.68	9.59	10.02	5.87	7.45	
2041.0	63.0	15.0	15.0	6.61	7.39	7.46	6.4	6.86	7.54	8.46	9.17	5.28	10.44	7.15	9.27	8.27	7.18	9.47	4.1	6.9	7.16	9.17	
2042.0	77.0	8.0	8.0	3.99	8.14	3.71	4.32	6.89	10.49	5.1	5.04	7.95	5.81	6.71	3.62	6.75	7.3	6.72	6.34	4.62	7.89	7.04	
2043.0	73.0	13.0	13.0	3.92	7.91	4.78	5.4	6.24	8.87	9.09	5.74	10.22	4.11	7.91	9.54	5.65	5.69	6.8	9.63	9.34	3.58	6.09	
2044.0	76.0	6.0	6.0	5.92	8.96	8.84	8.51	4.29	9.24	7.72	10.2	3.56	6.46	5.04	10.31	7.06	9.76	6.78	4.21	5.49	6.44	4.25	
2045.0	98.0	15.0	15.0	7.46	8.17	8.19	10.17	6.53	4.84	4.22	4.84	4.82	5.17	6.59	6.05	5.93	4.31	10.19	9.86	7.78	4.45	6.13	
2046.0	64.0	4.0	4.0	3.54	7.04	10.02	8.75	5.77	6.85	4.51	5.03	5.59	10.35	5.72	7.13	6.72	8.93	4.05	8.15	8.8	8.85	10.33	
2047.0	98.0	15.0	15.0	7.12	7.27	5.57	9.95	10.18	8.84	7.27	9.69	5.85	6.93	9.13	6.95	8.44	8.99	9.03	6.35	7.49	6.63	6.805178940527492	
2048.0	67.0	3.0	3.0	10.18	7.75	7.19	5.28	9.47	5.31	7.72	4.57	6.19	6.43	5.84	7.05	4.48	9.05	7.14	7.09	9.31	9.25	6.35	
=====================================================================================================================================================
number of non-local execution forword std deviation is 1111
=====================================================================================================================================================
=====================================================================================================================================================
Map Status of job/thread name: kmean  after done (10 columns: map task #,Local(0)/Non_local(1), status(not_yet_started(0),running(1)/finished(2)), response time, start time, end time, latency, bin #, VM flavor #, PM #, Rack #)
=====================================================================================================================================================
1.0	0.0	2.0	296.0	296.0	317.0	21.0	96.0	5.0	15.0	3.0	
2.0	0.0	2.0	296.0	296.0	317.0	21.0	99.0	5.0	12.0	3.0	
3.0	0.0	2.0	311.0	311.0	332.0	21.0	83.0	5.0	5.0	1.0	
4.0	0.0	2.0	296.0	296.0	317.0	21.0	85.0	5.0	3.0	5.0	
5.0	0.0	2.0	360.0	360.0	381.0	21.0	88.0	5.0	4.0	3.0	
6.0	0.0	2.0	311.0	311.0	332.0	21.0	90.0	5.0	4.0	1.0	
7.0	0.0	2.0	311.0	311.0	332.0	21.0	93.0	5.0	4.0	5.0	
8.0	0.0	2.0	360.0	360.0	381.0	21.0	96.0	5.0	15.0	3.0	
9.0	0.0	2.0	360.0	360.0	381.0	21.0	81.0	5.0	3.0	4.0	
10.0	0.0	2.0	360.0	360.0	381.0	21.0	84.0	5.0	12.0	2.0	
11.0	0.0	2.0	311.0	311.0	332.0	21.0	86.0	5.0	15.0	4.0	
12.0	0.0	2.0	398.0	398.0	419.0	21.0	89.0	5.0	14.0	2.0	
13.0	0.0	2.0	332.0	332.0	353.0	21.0	93.0	5.0	4.0	5.0	
14.0	0.0	2.0	311.0	311.0	332.0	21.0	95.0	5.0	8.0	5.0	
15.0	0.0	2.0	360.0	360.0	381.0	21.0	97.0	5.0	9.0	3.0	
16.0	0.0	2.0	393.0	393.0	414.0	21.0	100.0	5.0	14.0	1.0	
17.0	0.0	2.0	317.0	317.0	338.0	21.0	85.0	5.0	3.0	5.0	
18.0	0.0	2.0	360.0	360.0	381.0	21.0	87.0	5.0	5.0	5.0	
19.0	1.0	2.0	311.0	311.0	334.0	23.0	76.0	4.0	6.0	4.0	
20.0	0.0	2.0	360.0	360.0	381.0	21.0	92.0	5.0	10.0	4.0	
21.0	1.0	2.0	357.0	357.0	380.0	23.0	64.0	4.0	4.0	2.0	
22.0	0.0	2.0	392.0	392.0	413.0	21.0	98.0	5.0	15.0	2.0	
23.0	0.0	2.0	360.0	360.0	381.0	21.0	83.0	5.0	5.0	1.0	
24.0	0.0	2.0	405.0	405.0	426.0	21.0	84.0	5.0	12.0	2.0	
25.0	0.0	2.0	360.0	360.0	381.0	21.0	89.0	5.0	14.0	2.0	
26.0	1.0	2.0	321.0	321.0	344.0	23.0	63.0	4.0	15.0	1.0	
27.0	1.0	2.0	311.0	311.0	334.0	23.0	65.0	4.0	11.0	2.0	
28.0	0.0	2.0	381.0	381.0	402.0	21.0	97.0	5.0	9.0	3.0	
29.0	0.0	2.0	398.0	398.0	419.0	21.0	81.0	5.0	3.0	4.0	
30.0	0.0	2.0	393.0	393.0	414.0	21.0	82.0	5.0	6.0	2.0	
31.0	0.0	2.0	405.0	405.0	426.0	21.0	87.0	5.0	5.0	5.0	
32.0	0.0	2.0	399.0	399.0	420.0	21.0	90.0	5.0	4.0	1.0	
33.0	0.0	2.0	392.0	392.0	413.0	21.0	93.0	5.0	4.0	5.0	
34.0	0.0	2.0	360.0	360.0	381.0	21.0	94.0	5.0	13.0	1.0	
35.0	0.0	2.0	402.0	402.0	423.0	21.0	99.0	5.0	12.0	3.0	
36.0	0.0	2.0	405.0	405.0	426.0	21.0	82.0	5.0	6.0	2.0	
37.0	1.0	2.0	334.0	334.0	357.0	23.0	63.0	4.0	15.0	1.0	
38.0	1.0	2.0	354.0	354.0	377.0	23.0	74.0	4.0	1.0	3.0	
39.0	0.0	2.0	401.0	401.0	422.0	21.0	90.0	5.0	4.0	1.0	
40.0	0.0	2.0	396.0	396.0	417.0	21.0	93.0	5.0	4.0	5.0	
41.0	1.0	2.0	311.0	311.0	334.0	23.0	75.0	4.0	8.0	5.0	
42.0	0.0	2.0	405.0	405.0	426.0	21.0	99.0	5.0	12.0	3.0	
43.0	0.0	2.0	396.0	396.0	417.0	21.0	82.0	5.0	6.0	2.0	
44.0	0.0	2.0	406.0	406.0	428.0	22.0	86.0	5.0	15.0	4.0	
45.0	0.0	2.0	405.0	405.0	426.0	21.0	89.0	5.0	14.0	2.0	
46.0	0.0	2.0	398.0	398.0	419.0	21.0	92.0	5.0	10.0	4.0	
47.0	0.0	2.0	392.0	392.0	413.0	21.0	95.0	5.0	8.0	5.0	
48.0	0.0	2.0	402.0	402.0	423.0	21.0	97.0	5.0	9.0	3.0	
49.0	0.0	2.0	406.0	406.0	427.0	21.0	81.0	5.0	3.0	4.0	
50.0	0.0	2.0	400.0	400.0	421.0	21.0	83.0	5.0	5.0	1.0	
51.0	0.0	2.0	407.0	407.0	428.0	21.0	85.0	5.0	3.0	5.0	
52.0	1.0	2.0	407.0	407.0	430.0	23.0	39.0	2.0	14.0	2.0	
53.0	0.0	2.0	404.0	404.0	425.0	21.0	92.0	5.0	10.0	4.0	
54.0	0.0	2.0	405.0	405.0	426.0	21.0	94.0	5.0	13.0	1.0	
55.0	0.0	2.0	405.0	405.0	426.0	21.0	97.0	5.0	9.0	3.0	
56.0	0.0	2.0	407.0	407.0	428.0	21.0	100.0	5.0	14.0	1.0	
57.0	0.0	2.0	405.0	405.0	426.0	21.0	83.0	5.0	5.0	1.0	
58.0	1.0	2.0	405.0	405.0	428.0	23.0	65.0	4.0	11.0	2.0	
59.0	0.0	2.0	405.0	405.0	426.0	21.0	91.0	5.0	9.0	5.0	
60.0	1.0	2.0	311.0	311.0	334.0	23.0	68.0	4.0	5.0	3.0	
61.0	0.0	2.0	408.0	408.0	429.0	21.0	95.0	5.0	8.0	5.0	
62.0	0.0	2.0	405.0	405.0	426.0	21.0	98.0	5.0	15.0	2.0	
63.0	0.0	2.0	408.0	408.0	429.0	21.0	82.0	5.0	6.0	2.0	
64.0	0.0	2.0	407.0	407.0	428.0	21.0	84.0	5.0	12.0	2.0	
65.0	0.0	2.0	398.0	398.0	419.0	21.0	88.0	5.0	4.0	3.0	
66.0	0.0	2.0	409.0	409.0	430.0	21.0	92.0	5.0	10.0	4.0	
67.0	0.0	2.0	408.0	408.0	429.0	21.0	93.0	5.0	4.0	5.0	
68.0	1.0	2.0	311.0	311.0	334.0	23.0	78.0	4.0	8.0	1.0	
69.0	0.0	2.0	409.0	409.0	430.0	21.0	99.0	5.0	12.0	3.0	
70.0	1.0	2.0	334.0	334.0	357.0	23.0	66.0	4.0	12.0	5.0	
71.0	0.0	2.0	407.0	407.0	428.0	21.0	87.0	5.0	5.0	5.0	
72.0	1.0	2.0	409.0	409.0	432.0	23.0	21.0	2.0	9.0	1.0	
73.0	1.0	2.0	406.0	406.0	429.0	23.0	73.0	4.0	13.0	3.0	
74.0	0.0	2.0	398.0	398.0	419.0	21.0	96.0	5.0	15.0	3.0	
75.0	0.0	2.0	408.0	408.0	429.0	21.0	97.0	5.0	9.0	3.0	
76.0	0.0	2.0	409.0	409.0	430.0	21.0	100.0	5.0	14.0	1.0	
77.0	0.0	2.0	398.0	398.0	419.0	21.0	84.0	5.0	12.0	2.0	
78.0	0.0	2.0	413.0	413.0	435.0	22.0	87.0	5.0	5.0	5.0	
79.0	1.0	2.0	407.0	407.0	430.0	23.0	59.0	3.0	9.0	4.0	
80.0	1.0	2.0	416.0	416.0	439.0	23.0	62.0	4.0	7.0	4.0	
81.0	1.0	2.0	405.0	405.0	428.0	23.0	71.0	4.0	11.0	3.0	
82.0	1.0	2.0	403.0	403.0	426.0	23.0	61.0	4.0	12.0	4.0	
83.0	0.0	2.0	413.0	413.0	435.0	22.0	83.0	5.0	5.0	1.0	
84.0	1.0	2.0	402.0	402.0	425.0	23.0	62.0	4.0	7.0	4.0	
85.0	0.0	2.0	410.0	410.0	431.0	21.0	89.0	5.0	14.0	2.0	
86.0	0.0	2.0	409.0	409.0	430.0	21.0	91.0	5.0	9.0	5.0	
87.0	1.0	2.0	404.0	404.0	427.0	23.0	70.0	4.0	11.0	5.0	
88.0	0.0	2.0	409.0	409.0	430.0	21.0	97.0	5.0	9.0	3.0	
89.0	1.0	2.0	407.0	407.0	430.0	23.0	52.0	3.0	4.0	3.0	
90.0	1.0	2.0	406.0	406.0	429.0	23.0	72.0	4.0	11.0	2.0	
91.0	0.0	2.0	409.0	409.0	430.0	21.0	85.0	5.0	3.0	5.0	
92.0	0.0	2.0	414.0	414.0	435.0	21.0	90.0	5.0	4.0	1.0	
93.0	0.0	2.0	415.0	416.0	437.0	21.0	91.0	5.0	9.0	5.0	
94.0	0.0	2.0	389.0	389.0	410.0	21.0	96.0	5.0	15.0	3.0	
95.0	1.0	2.0	405.0	405.0	428.0	23.0	76.0	4.0	6.0	4.0	
96.0	0.0	2.0	417.0	417.0	438.0	21.0	100.0	5.0	14.0	1.0	
97.0	0.0	2.0	411.0	411.0	432.0	21.0	85.0	5.0	3.0	5.0	
98.0	0.0	2.0	417.0	417.0	438.0	21.0	88.0	5.0	4.0	3.0	
99.0	1.0	2.0	411.0	411.0	434.0	23.0	58.0	3.0	11.0	4.0	
100.0	0.0	2.0	415.0	416.0	437.0	21.0	94.0	5.0	13.0	1.0	
101.0	1.0	2.0	405.0	405.0	428.0	23.0	68.0	4.0	5.0	3.0	
102.0	1.0	2.0	414.0	415.0	438.0	23.0	63.0	4.0	15.0	1.0	
103.0	1.0	2.0	409.0	409.0	432.0	23.0	23.0	2.0	7.0	3.0	
104.0	0.0	2.0	417.0	417.0	438.0	21.0	86.0	5.0	15.0	4.0	
105.0	1.0	2.0	408.0	408.0	431.0	23.0	70.0	4.0	11.0	5.0	
106.0	0.0	2.0	419.0	420.0	441.0	21.0	92.0	5.0	10.0	4.0	
107.0	1.0	2.0	311.0	311.0	334.0	23.0	63.0	4.0	15.0	1.0	
108.0	1.0	2.0	405.0	405.0	428.0	23.0	33.0	2.0	14.0	1.0	
109.0	0.0	2.0	417.0	417.0	438.0	21.0	99.0	5.0	12.0	3.0	
110.0	0.0	2.0	417.0	417.0	439.0	22.0	82.0	5.0	6.0	2.0	
111.0	0.0	2.0	427.0	427.0	448.0	21.0	85.0	5.0	3.0	5.0	
112.0	1.0	2.0	311.0	311.0	334.0	23.0	75.0	4.0	8.0	5.0	
113.0	1.0	2.0	357.0	357.0	380.0	23.0	75.0	4.0	8.0	5.0	
114.0	0.0	2.0	409.0	409.0	430.0	21.0	95.0	5.0	8.0	5.0	
115.0	1.0	2.0	407.0	407.0	430.0	23.0	68.0	4.0	5.0	3.0	
116.0	0.0	2.0	417.0	417.0	438.0	21.0	81.0	5.0	3.0	4.0	
117.0	0.0	2.0	417.0	417.0	439.0	22.0	84.0	5.0	12.0	2.0	
118.0	1.0	2.0	357.0	357.0	380.0	23.0	66.0	4.0	12.0	5.0	
119.0	0.0	2.0	417.0	417.0	438.0	21.0	89.0	5.0	14.0	2.0	
120.0	0.0	2.0	415.0	416.0	437.0	21.0	93.0	5.0	4.0	5.0	
121.0	1.0	2.0	405.0	405.0	428.0	23.0	34.0	2.0	14.0	1.0	
122.0	0.0	2.0	423.0	423.0	444.0	21.0	99.0	5.0	12.0	3.0	
123.0	0.0	2.0	418.0	418.0	439.0	21.0	83.0	5.0	5.0	1.0	
124.0	0.0	2.0	419.0	419.0	440.0	21.0	84.0	5.0	12.0	2.0	
125.0	0.0	2.0	419.0	419.0	440.0	21.0	88.0	5.0	4.0	3.0	
126.0	0.0	2.0	430.0	430.0	451.0	21.0	91.0	5.0	9.0	5.0	
127.0	0.0	2.0	411.0	411.0	432.0	21.0	95.0	5.0	8.0	5.0	
128.0	1.0	2.0	410.0	411.0	434.0	23.0	66.0	4.0	12.0	5.0	
129.0	0.0	2.0	419.0	419.0	440.0	21.0	81.0	5.0	3.0	4.0	
130.0	1.0	2.0	413.0	413.0	436.0	23.0	76.0	4.0	6.0	4.0	
131.0	0.0	2.0	448.0	448.0	469.0	21.0	85.0	5.0	3.0	5.0	
132.0	1.0	2.0	405.0	405.0	428.0	23.0	24.0	2.0	14.0	4.0	
133.0	0.0	2.0	417.0	417.0	439.0	22.0	93.0	5.0	4.0	5.0	
134.0	1.0	2.0	406.0	406.0	430.0	24.0	77.0	4.0	8.0	2.0	
135.0	0.0	2.0	417.0	418.0	439.0	21.0	98.0	5.0	15.0	2.0	
136.0	0.0	2.0	438.0	438.0	459.0	21.0	82.0	5.0	6.0	2.0	
137.0	1.0	2.0	432.0	432.0	455.0	23.0	69.0	4.0	12.0	2.0	
138.0	1.0	2.0	369.0	369.0	392.0	23.0	67.0	4.0	3.0	3.0	
139.0	0.0	2.0	441.0	441.0	462.0	21.0	90.0	5.0	4.0	1.0	
140.0	1.0	2.0	402.0	403.0	426.0	23.0	67.0	4.0	3.0	3.0	
141.0	0.0	2.0	417.0	418.0	439.0	21.0	95.0	5.0	8.0	5.0	
142.0	1.0	2.0	448.0	448.0	471.0	23.0	92.0	5.0	10.0	4.0	
143.0	1.0	2.0	414.0	414.0	438.0	24.0	22.0	2.0	6.0	2.0	
144.0	1.0	2.0	407.0	407.0	430.0	23.0	28.0	2.0	8.0	1.0	
145.0	0.0	2.0	455.0	455.0	476.0	21.0	88.0	5.0	4.0	3.0	
146.0	1.0	2.0	413.0	413.0	436.0	23.0	47.0	3.0	15.0	5.0	
147.0	0.0	2.0	417.0	417.0	438.0	21.0	94.0	5.0	13.0	1.0	
148.0	0.0	2.0	419.0	419.0	440.0	21.0	96.0	5.0	15.0	3.0	
149.0	0.0	2.0	450.0	450.0	471.0	21.0	81.0	5.0	3.0	4.0	
150.0	0.0	2.0	435.0	435.0	456.0	21.0	83.0	5.0	5.0	1.0	
151.0	1.0	2.0	415.0	416.0	439.0	23.0	73.0	4.0	13.0	3.0	
152.0	1.0	2.0	412.0	412.0	435.0	23.0	35.0	2.0	10.0	5.0	
153.0	0.0	2.0	432.0	432.0	453.0	21.0	93.0	5.0	4.0	5.0	
154.0	1.0	2.0	410.0	411.0	434.0	23.0	74.0	4.0	1.0	3.0	
155.0	0.0	2.0	410.0	411.0	432.0	21.0	99.0	5.0	12.0	3.0	
156.0	0.0	2.0	455.0	455.0	476.0	21.0	81.0	5.0	3.0	4.0	
157.0	1.0	2.0	410.0	410.0	433.0	23.0	78.0	4.0	8.0	1.0	
158.0	0.0	2.0	410.0	411.0	432.0	21.0	86.0	5.0	15.0	4.0	
159.0	0.0	2.0	410.0	411.0	432.0	21.0	91.0	5.0	9.0	5.0	
160.0	0.0	2.0	410.0	411.0	432.0	21.0	93.0	5.0	4.0	5.0	
161.0	0.0	2.0	410.0	411.0	432.0	21.0	96.0	5.0	15.0	3.0	
162.0	0.0	2.0	428.0	428.0	449.0	21.0	100.0	5.0	14.0	1.0	
163.0	0.0	2.0	455.0	455.0	476.0	21.0	83.0	5.0	5.0	1.0	
164.0	0.0	2.0	410.0	411.0	432.0	21.0	84.0	5.0	12.0	2.0	
165.0	1.0	2.0	357.0	357.0	380.0	23.0	66.0	4.0	12.0	5.0	
166.0	0.0	2.0	415.0	415.0	436.0	21.0	91.0	5.0	9.0	5.0	
167.0	0.0	2.0	410.0	411.0	432.0	21.0	94.0	5.0	13.0	1.0	
168.0	1.0	2.0	407.0	407.0	430.0	23.0	29.0	2.0	2.0	5.0	
169.0	0.0	2.0	459.0	459.0	480.0	21.0	81.0	5.0	3.0	4.0	
170.0	1.0	2.0	406.0	406.0	429.0	23.0	59.0	3.0	9.0	4.0	
171.0	0.0	2.0	428.0	428.0	449.0	21.0	85.0	5.0	3.0	5.0	
172.0	0.0	2.0	410.0	411.0	432.0	21.0	88.0	5.0	4.0	3.0	
173.0	0.0	2.0	432.0	432.0	453.0	21.0	91.0	5.0	9.0	5.0	
174.0	0.0	2.0	415.0	415.0	436.0	21.0	94.0	5.0	13.0	1.0	
175.0	1.0	2.0	414.0	414.0	438.0	24.0	27.0	2.0	13.0	4.0	
176.0	1.0	2.0	454.0	454.0	477.0	23.0	64.0	4.0	4.0	2.0	
177.0	0.0	2.0	428.0	428.0	449.0	21.0	84.0	5.0	12.0	2.0	
178.0	0.0	2.0	428.0	428.0	449.0	21.0	87.0	5.0	5.0	5.0	
179.0	0.0	2.0	453.0	453.0	474.0	21.0	91.0	5.0	9.0	5.0	
180.0	1.0	2.0	357.0	357.0	380.0	23.0	75.0	4.0	8.0	5.0	
181.0	0.0	2.0	429.0	429.0	450.0	21.0	97.0	5.0	9.0	3.0	
182.0	1.0	2.0	413.0	414.0	437.0	23.0	70.0	4.0	11.0	5.0	
183.0	1.0	2.0	409.0	409.0	432.0	23.0	32.0	2.0	14.0	3.0	
184.0	1.0	2.0	311.0	311.0	334.0	23.0	64.0	4.0	4.0	2.0	
185.0	0.0	2.0	455.0	455.0	476.0	21.0	89.0	5.0	14.0	2.0	
186.0	1.0	2.0	436.0	436.0	459.0	23.0	94.0	5.0	13.0	1.0	
187.0	1.0	2.0	414.0	415.0	438.0	23.0	64.0	4.0	4.0	2.0	
188.0	0.0	2.0	430.0	430.0	451.0	21.0	97.0	5.0	9.0	3.0	
189.0	1.0	2.0	311.0	311.0	334.0	23.0	64.0	4.0	4.0	2.0	
190.0	0.0	2.0	447.0	447.0	468.0	21.0	84.0	5.0	12.0	2.0	
191.0	0.0	2.0	447.0	447.0	468.0	21.0	87.0	5.0	5.0	5.0	
192.0	0.0	2.0	455.0	455.0	476.0	21.0	90.0	5.0	4.0	1.0	
193.0	0.0	2.0	436.0	436.0	457.0	21.0	91.0	5.0	9.0	5.0	
194.0	1.0	2.0	334.0	334.0	357.0	23.0	64.0	4.0	4.0	2.0	
195.0	0.0	2.0	434.0	434.0	455.0	21.0	97.0	5.0	9.0	3.0	
196.0	0.0	2.0	447.0	447.0	468.0	21.0	82.0	5.0	6.0	2.0	
197.0	0.0	2.0	447.0	447.0	468.0	21.0	83.0	5.0	5.0	1.0	
198.0	1.0	2.0	436.0	436.0	459.0	23.0	100.0	5.0	14.0	1.0	
199.0	0.0	2.0	461.0	461.0	482.0	21.0	89.0	5.0	14.0	2.0	
200.0	0.0	2.0	441.0	441.0	462.0	21.0	92.0	5.0	10.0	4.0	
201.0	0.0	2.0	432.0	432.0	453.0	21.0	96.0	5.0	15.0	3.0	
202.0	1.0	2.0	408.0	409.0	432.0	23.0	72.0	4.0	11.0	2.0	
203.0	1.0	2.0	334.0	334.0	357.0	23.0	72.0	4.0	11.0	2.0	
204.0	1.0	2.0	411.0	411.0	434.0	23.0	63.0	4.0	15.0	1.0	
205.0	1.0	2.0	448.0	448.0	472.0	24.0	61.0	4.0	12.0	4.0	
206.0	0.0	2.0	453.0	453.0	474.0	21.0	92.0	5.0	10.0	4.0	
207.0	0.0	2.0	439.0	439.0	460.0	21.0	95.0	5.0	8.0	5.0	
208.0	0.0	2.0	445.0	445.0	466.0	21.0	97.0	5.0	9.0	3.0	
209.0	0.0	2.0	447.0	447.0	468.0	21.0	99.0	5.0	12.0	3.0	
210.0	1.0	2.0	409.0	409.0	432.0	23.0	50.0	3.0	9.0	1.0	
211.0	1.0	2.0	410.0	410.0	433.0	23.0	54.0	3.0	10.0	5.0	
212.0	1.0	2.0	410.0	411.0	434.0	23.0	77.0	4.0	8.0	2.0	
213.0	0.0	2.0	451.0	451.0	472.0	21.0	93.0	5.0	4.0	5.0	
214.0	0.0	2.0	447.0	447.0	468.0	21.0	94.0	5.0	13.0	1.0	
215.0	0.0	2.0	447.0	447.0	468.0	21.0	97.0	5.0	9.0	3.0	
216.0	1.0	2.0	410.0	411.0	434.0	23.0	75.0	4.0	8.0	5.0	
217.0	1.0	2.0	311.0	311.0	334.0	23.0	66.0	4.0	12.0	5.0	
218.0	0.0	2.0	450.0	450.0	471.0	21.0	86.0	5.0	15.0	4.0	
219.0	1.0	2.0	463.0	463.0	486.0	23.0	83.0	5.0	5.0	1.0	
220.0	1.0	2.0	417.0	417.0	440.0	23.0	48.0	3.0	13.0	4.0	
221.0	0.0	2.0	455.0	455.0	476.0	21.0	97.0	5.0	9.0	3.0	
222.0	1.0	2.0	414.0	414.0	438.0	24.0	26.0	2.0	1.0	2.0	
223.0	0.0	2.0	436.0	436.0	457.0	21.0	82.0	5.0	6.0	2.0	
224.0	1.0	2.0	450.0	450.0	473.0	23.0	73.0	4.0	13.0	3.0	
225.0	1.0	2.0	454.0	454.0	478.0	24.0	54.0	3.0	10.0	5.0	
226.0	0.0	2.0	455.0	455.0	476.0	21.0	92.0	5.0	10.0	4.0	
227.0	1.0	2.0	354.0	354.0	377.0	23.0	71.0	4.0	11.0	3.0	
228.0	0.0	2.0	426.0	426.0	447.0	21.0	97.0	5.0	9.0	3.0	
229.0	0.0	2.0	426.0	426.0	447.0	21.0	99.0	5.0	12.0	3.0	
230.0	1.0	2.0	413.0	414.0	437.0	23.0	51.0	3.0	2.0	3.0	
231.0	0.0	2.0	426.0	426.0	447.0	21.0	87.0	5.0	5.0	5.0	
232.0	0.0	2.0	468.0	468.0	489.0	21.0	90.0	5.0	4.0	1.0	
233.0	0.0	2.0	471.0	471.0	493.0	22.0	92.0	5.0	10.0	4.0	
234.0	0.0	2.0	426.0	426.0	447.0	21.0	94.0	5.0	13.0	1.0	
235.0	0.0	2.0	450.0	450.0	471.0	21.0	97.0	5.0	9.0	3.0	
236.0	0.0	2.0	426.0	426.0	447.0	21.0	82.0	5.0	6.0	2.0	
237.0	0.0	2.0	426.0	426.0	447.0	21.0	83.0	5.0	5.0	1.0	
238.0	0.0	2.0	415.0	415.0	436.0	21.0	86.0	5.0	15.0	4.0	
239.0	0.0	2.0	475.0	475.0	496.0	21.0	89.0	5.0	14.0	2.0	
240.0	0.0	2.0	459.0	459.0	480.0	21.0	94.0	5.0	13.0	1.0	
241.0	0.0	2.0	457.0	457.0	478.0	21.0	95.0	5.0	8.0	5.0	
242.0	0.0	2.0	457.0	457.0	478.0	21.0	98.0	5.0	15.0	2.0	
243.0	0.0	2.0	457.0	457.0	478.0	21.0	82.0	5.0	6.0	2.0	
244.0	0.0	2.0	426.0	426.0	447.0	21.0	84.0	5.0	12.0	2.0	
245.0	1.0	2.0	432.0	432.0	455.0	23.0	72.0	4.0	11.0	2.0	
246.0	1.0	2.0	405.0	405.0	428.0	23.0	37.0	2.0	5.0	2.0	
247.0	0.0	2.0	460.0	460.0	481.0	21.0	94.0	5.0	13.0	1.0	
248.0	1.0	2.0	460.0	460.0	483.0	23.0	51.0	3.0	2.0	3.0	
249.0	0.0	2.0	479.0	479.0	500.0	21.0	100.0	5.0	14.0	1.0	
250.0	1.0	2.0	452.0	452.0	475.0	23.0	69.0	4.0	12.0	2.0	
251.0	0.0	2.0	445.0	445.0	466.0	21.0	85.0	5.0	3.0	5.0	
252.0	1.0	2.0	418.0	418.0	441.0	23.0	74.0	4.0	1.0	3.0	
253.0	0.0	2.0	474.0	474.0	495.0	21.0	92.0	5.0	10.0	4.0	
254.0	0.0	2.0	460.0	460.0	481.0	21.0	95.0	5.0	8.0	5.0	
255.0	0.0	2.0	468.0	468.0	489.0	21.0	97.0	5.0	9.0	3.0	
256.0	1.0	2.0	334.0	334.0	357.0	23.0	66.0	4.0	12.0	5.0	
257.0	1.0	2.0	455.0	455.0	478.0	23.0	69.0	4.0	12.0	2.0	
258.0	0.0	2.0	471.0	471.0	492.0	21.0	86.0	5.0	15.0	4.0	
259.0	1.0	2.0	451.0	451.0	474.0	23.0	67.0	4.0	3.0	3.0	
260.0	1.0	2.0	451.0	451.0	475.0	24.0	79.0	4.0	7.0	3.0	
261.0	1.0	2.0	311.0	311.0	334.0	23.0	62.0	4.0	7.0	4.0	
262.0	0.0	2.0	473.0	473.0	494.0	21.0	98.0	5.0	15.0	2.0	
263.0	1.0	2.0	328.0	328.0	351.0	23.0	73.0	4.0	13.0	3.0	
264.0	1.0	2.0	457.0	457.0	480.0	23.0	77.0	4.0	8.0	2.0	
265.0	1.0	2.0	463.0	463.0	486.0	23.0	84.0	5.0	12.0	2.0	
266.0	1.0	2.0	476.0	476.0	499.0	23.0	88.0	5.0	4.0	3.0	
267.0	0.0	2.0	452.0	452.0	473.0	21.0	95.0	5.0	8.0	5.0	
268.0	1.0	2.0	453.0	453.0	476.0	23.0	50.0	3.0	9.0	1.0	
269.0	1.0	2.0	453.0	453.0	476.0	23.0	58.0	3.0	11.0	4.0	
270.0	0.0	2.0	457.0	457.0	478.0	21.0	83.0	5.0	5.0	1.0	
271.0	0.0	2.0	436.0	436.0	457.0	21.0	86.0	5.0	15.0	4.0	
272.0	1.0	2.0	406.0	406.0	429.0	23.0	69.0	4.0	12.0	2.0	
273.0	1.0	2.0	463.0	463.0	486.0	23.0	96.0	5.0	15.0	3.0	
274.0	0.0	2.0	468.0	468.0	489.0	21.0	94.0	5.0	13.0	1.0	
275.0	1.0	2.0	409.0	409.0	432.0	23.0	53.0	3.0	12.0	3.0	
276.0	1.0	2.0	428.0	428.0	451.0	23.0	65.0	4.0	11.0	2.0	
277.0	1.0	2.0	406.0	406.0	429.0	23.0	50.0	3.0	9.0	1.0	
278.0	1.0	2.0	328.0	328.0	351.0	23.0	74.0	4.0	1.0	3.0	
279.0	0.0	2.0	480.0	480.0	501.0	21.0	91.0	5.0	9.0	5.0	
280.0	0.0	2.0	474.0	474.0	495.0	21.0	94.0	5.0	13.0	1.0	
281.0	1.0	2.0	455.0	455.0	478.0	23.0	72.0	4.0	11.0	2.0	
282.0	0.0	2.0	478.0	478.0	499.0	21.0	98.0	5.0	15.0	2.0	
283.0	0.0	2.0	403.0	404.0	425.0	21.0	82.0	5.0	6.0	2.0	
284.0	1.0	2.0	423.0	423.0	447.0	24.0	46.0	3.0	14.0	3.0	
285.0	0.0	2.0	473.0	473.0	494.0	21.0	88.0	5.0	4.0	3.0	
286.0	0.0	2.0	484.0	484.0	505.0	21.0	90.0	5.0	4.0	1.0	
287.0	1.0	2.0	411.0	411.0	434.0	23.0	55.0	3.0	6.0	4.0	
288.0	0.0	2.0	403.0	404.0	425.0	21.0	96.0	5.0	15.0	3.0	
289.0	0.0	2.0	473.0	473.0	494.0	21.0	81.0	5.0	3.0	4.0	
290.0	0.0	2.0	460.0	460.0	481.0	21.0	84.0	5.0	12.0	2.0	
291.0	0.0	2.0	455.0	455.0	476.0	21.0	85.0	5.0	3.0	5.0	
292.0	0.0	2.0	494.0	494.0	515.0	21.0	89.0	5.0	14.0	2.0	
293.0	0.0	2.0	494.0	494.0	515.0	21.0	91.0	5.0	9.0	5.0	
294.0	1.0	2.0	432.0	432.0	455.0	23.0	32.0	2.0	14.0	3.0	
295.0	0.0	2.0	403.0	404.0	425.0	21.0	97.0	5.0	9.0	3.0	
296.0	0.0	2.0	459.0	459.0	480.0	21.0	82.0	5.0	6.0	2.0	
297.0	0.0	2.0	469.0	469.0	490.0	21.0	85.0	5.0	3.0	5.0	
298.0	1.0	2.0	435.0	435.0	458.0	23.0	35.0	2.0	10.0	5.0	
299.0	1.0	2.0	453.0	453.0	476.0	23.0	45.0	3.0	5.0	4.0	
300.0	0.0	2.0	429.0	430.0	451.0	21.0	93.0	5.0	4.0	5.0	
301.0	0.0	2.0	403.0	404.0	425.0	21.0	95.0	5.0	8.0	5.0	
302.0	0.0	2.0	430.0	430.0	451.0	21.0	99.0	5.0	12.0	3.0	
303.0	1.0	2.0	471.0	471.0	494.0	23.0	65.0	4.0	11.0	2.0	
304.0	0.0	2.0	474.0	474.0	495.0	21.0	84.0	5.0	12.0	2.0	
305.0	1.0	2.0	407.0	407.0	430.0	23.0	67.0	4.0	3.0	3.0	
306.0	1.0	2.0	489.0	489.0	512.0	23.0	97.0	5.0	9.0	3.0	
307.0	1.0	2.0	452.0	452.0	475.0	23.0	42.0	3.0	4.0	1.0	
308.0	0.0	2.0	413.0	413.0	434.0	21.0	97.0	5.0	9.0	3.0	
309.0	1.0	2.0	476.0	476.0	499.0	23.0	63.0	4.0	15.0	1.0	
310.0	1.0	2.0	354.0	354.0	377.0	23.0	68.0	4.0	5.0	3.0	
311.0	0.0	2.0	479.0	479.0	500.0	21.0	86.0	5.0	15.0	4.0	
312.0	1.0	2.0	481.0	481.0	504.0	23.0	94.0	5.0	13.0	1.0	
313.0	1.0	2.0	453.0	453.0	476.0	23.0	60.0	3.0	3.0	3.0	
314.0	0.0	2.0	459.0	459.0	480.0	21.0	94.0	5.0	13.0	1.0	
315.0	0.0	2.0	423.0	423.0	445.0	22.0	97.0	5.0	9.0	3.0	
316.0	0.0	2.0	439.0	439.0	460.0	21.0	82.0	5.0	6.0	2.0	
317.0	0.0	2.0	439.0	439.0	460.0	21.0	84.0	5.0	12.0	2.0	
318.0	0.0	2.0	473.0	473.0	494.0	21.0	87.0	5.0	5.0	5.0	
319.0	0.0	2.0	496.0	496.0	517.0	21.0	89.0	5.0	14.0	2.0	
320.0	1.0	2.0	406.0	406.0	429.0	23.0	70.0	4.0	11.0	5.0	
321.0	1.0	2.0	311.0	311.0	334.0	23.0	73.0	4.0	13.0	3.0	
322.0	1.0	2.0	478.0	478.0	501.0	23.0	82.0	5.0	6.0	2.0	
323.0	0.0	2.0	476.0	476.0	497.0	21.0	83.0	5.0	5.0	1.0	
324.0	0.0	2.0	489.0	489.0	510.0	21.0	84.0	5.0	12.0	2.0	
325.0	1.0	2.0	478.0	478.0	501.0	23.0	95.0	5.0	8.0	5.0	
326.0	0.0	2.0	504.0	504.0	525.0	21.0	90.0	5.0	4.0	1.0	
327.0	0.0	2.0	439.0	439.0	460.0	21.0	93.0	5.0	4.0	5.0	
328.0	1.0	2.0	443.0	443.0	466.0	23.0	41.0	3.0	15.0	4.0	
329.0	0.0	2.0	480.0	480.0	501.0	21.0	81.0	5.0	3.0	4.0	
330.0	0.0	2.0	478.0	478.0	499.0	21.0	83.0	5.0	5.0	1.0	
331.0	0.0	2.0	449.0	449.0	470.0	21.0	86.0	5.0	15.0	4.0	
332.0	1.0	2.0	479.0	479.0	502.0	23.0	60.0	3.0	3.0	3.0	
333.0	1.0	2.0	478.0	478.0	501.0	23.0	40.0	2.0	11.0	3.0	
334.0	0.0	2.0	471.0	471.0	492.0	21.0	95.0	5.0	8.0	5.0	
335.0	1.0	2.0	455.0	455.0	478.0	23.0	65.0	4.0	11.0	2.0	
336.0	1.0	2.0	461.0	461.0	484.0	23.0	56.0	3.0	13.0	5.0	
337.0	1.0	2.0	430.0	430.0	453.0	23.0	73.0	4.0	13.0	3.0	
338.0	1.0	2.0	418.0	418.0	441.0	23.0	46.0	3.0	14.0	3.0	
339.0	0.0	2.0	505.0	505.0	526.0	21.0	90.0	5.0	4.0	1.0	
340.0	1.0	2.0	434.0	434.0	457.0	23.0	77.0	4.0	8.0	2.0	
341.0	0.0	2.0	473.0	473.0	494.0	21.0	95.0	5.0	8.0	5.0	
342.0	0.0	2.0	482.0	482.0	503.0	21.0	100.0	5.0	14.0	1.0	
343.0	1.0	2.0	451.0	451.0	474.0	23.0	77.0	4.0	8.0	2.0	
344.0	0.0	2.0	428.0	428.0	449.0	21.0	86.0	5.0	15.0	4.0	
345.0	1.0	2.0	427.0	427.0	450.0	23.0	70.0	4.0	11.0	5.0	
346.0	1.0	2.0	476.0	476.0	499.0	23.0	70.0	4.0	11.0	5.0	
347.0	0.0	2.0	472.0	472.0	493.0	21.0	93.0	5.0	4.0	5.0	
348.0	0.0	2.0	410.0	410.0	432.0	22.0	96.0	5.0	15.0	3.0	
349.0	1.0	2.0	441.0	442.0	465.0	23.0	44.0	3.0	3.0	5.0	
350.0	0.0	2.0	480.0	480.0	501.0	21.0	82.0	5.0	6.0	2.0	
351.0	0.0	2.0	398.0	398.0	419.0	21.0	85.0	5.0	3.0	5.0	
352.0	1.0	2.0	472.0	472.0	495.0	23.0	69.0	4.0	12.0	2.0	
353.0	1.0	2.0	481.0	481.0	504.0	23.0	35.0	2.0	10.0	5.0	
354.0	0.0	2.0	474.0	474.0	495.0	21.0	96.0	5.0	15.0	3.0	
355.0	1.0	2.0	432.0	432.0	455.0	23.0	65.0	4.0	11.0	2.0	
356.0	1.0	2.0	431.0	431.0	454.0	23.0	51.0	3.0	2.0	3.0	
357.0	1.0	2.0	407.0	407.0	430.0	23.0	64.0	4.0	4.0	2.0	
358.0	0.0	2.0	398.0	398.0	419.0	21.0	87.0	5.0	5.0	5.0	
359.0	0.0	2.0	505.0	505.0	526.0	21.0	89.0	5.0	14.0	2.0	
360.0	0.0	2.0	478.0	478.0	499.0	21.0	94.0	5.0	13.0	1.0	
361.0	1.0	2.0	430.0	430.0	453.0	23.0	59.0	3.0	9.0	4.0	
362.0	1.0	2.0	434.0	434.0	457.0	23.0	63.0	4.0	15.0	1.0	
363.0	0.0	2.0	489.0	489.0	510.0	21.0	82.0	5.0	6.0	2.0	
364.0	0.0	2.0	377.0	377.0	398.0	21.0	85.0	5.0	3.0	5.0	
365.0	0.0	2.0	377.0	377.0	398.0	21.0	87.0	5.0	5.0	5.0	
366.0	0.0	2.0	377.0	377.0	398.0	21.0	91.0	5.0	9.0	5.0	
367.0	1.0	2.0	431.0	431.0	454.0	23.0	64.0	4.0	4.0	2.0	
368.0	1.0	2.0	408.0	408.0	431.0	23.0	53.0	3.0	12.0	3.0	
369.0	1.0	2.0	454.0	454.0	477.0	23.0	56.0	3.0	13.0	5.0	
370.0	1.0	2.0	334.0	334.0	357.0	23.0	69.0	4.0	12.0	2.0	
371.0	0.0	2.0	490.0	490.0	511.0	21.0	85.0	5.0	3.0	5.0	
372.0	0.0	2.0	494.0	494.0	515.0	21.0	88.0	5.0	4.0	3.0	
373.0	0.0	2.0	377.0	377.0	398.0	21.0	92.0	5.0	10.0	4.0	
374.0	1.0	2.0	411.0	411.0	434.0	23.0	38.0	2.0	5.0	5.0	
375.0	1.0	2.0	429.0	429.0	452.0	23.0	69.0	4.0	12.0	2.0	
376.0	0.0	2.0	484.0	484.0	505.0	21.0	100.0	5.0	14.0	1.0	
377.0	0.0	2.0	489.0	489.0	510.0	21.0	83.0	5.0	5.0	1.0	
378.0	1.0	2.0	476.0	477.0	500.0	23.0	39.0	2.0	14.0	2.0	
379.0	0.0	2.0	439.0	439.0	460.0	21.0	91.0	5.0	9.0	5.0	
380.0	0.0	2.0	462.0	462.0	483.0	21.0	92.0	5.0	10.0	4.0	
381.0	1.0	2.0	431.0	431.0	454.0	23.0	70.0	4.0	11.0	5.0	
382.0	1.0	2.0	459.0	459.0	482.0	23.0	66.0	4.0	12.0	5.0	
383.0	0.0	2.0	499.0	499.0	520.0	21.0	83.0	5.0	5.0	1.0	
384.0	0.0	2.0	490.0	490.0	511.0	21.0	85.0	5.0	3.0	5.0	
385.0	1.0	2.0	451.0	452.0	475.0	23.0	24.0	2.0	14.0	4.0	
386.0	1.0	2.0	505.0	505.0	528.0	23.0	88.0	5.0	4.0	3.0	
387.0	1.0	2.0	408.0	408.0	432.0	24.0	69.0	4.0	12.0	2.0	
388.0	1.0	2.0	428.0	428.0	451.0	23.0	79.0	4.0	7.0	3.0	
389.0	1.0	2.0	473.0	473.0	496.0	23.0	74.0	4.0	1.0	3.0	
390.0	1.0	2.0	490.0	490.0	513.0	23.0	62.0	4.0	7.0	4.0	
391.0	0.0	2.0	493.0	493.0	514.0	21.0	86.0	5.0	15.0	4.0	
392.0	1.0	2.0	480.0	480.0	503.0	23.0	94.0	5.0	13.0	1.0	
393.0	1.0	2.0	494.0	494.0	517.0	23.0	87.0	5.0	5.0	5.0	
394.0	0.0	2.0	476.0	476.0	497.0	21.0	96.0	5.0	15.0	3.0	
395.0	0.0	2.0	489.0	489.0	510.0	21.0	99.0	5.0	12.0	3.0	
396.0	1.0	2.0	434.0	434.0	457.0	23.0	57.0	3.0	14.0	3.0	
397.0	1.0	2.0	453.0	453.0	476.0	23.0	53.0	3.0	12.0	3.0	
398.0	0.0	2.0	494.0	494.0	515.0	21.0	86.0	5.0	15.0	4.0	
399.0	0.0	2.0	506.0	506.0	527.0	21.0	90.0	5.0	4.0	1.0	
400.0	0.0	2.0	493.0	493.0	514.0	21.0	93.0	5.0	4.0	5.0	
401.0	1.0	2.0	433.0	433.0	456.0	23.0	61.0	4.0	12.0	4.0	
402.0	1.0	2.0	478.0	478.0	501.0	23.0	32.0	2.0	14.0	3.0	
403.0	1.0	2.0	471.0	471.0	494.0	23.0	76.0	4.0	6.0	4.0	
404.0	0.0	2.0	457.0	458.0	479.0	21.0	86.0	5.0	15.0	4.0	
405.0	0.0	2.0	515.0	515.0	536.0	21.0	89.0	5.0	14.0	2.0	
406.0	1.0	2.0	484.0	484.0	507.0	23.0	22.0	2.0	6.0	2.0	
407.0	1.0	2.0	357.0	357.0	380.0	23.0	63.0	4.0	15.0	1.0	
408.0	0.0	2.0	487.0	487.0	508.0	21.0	96.0	5.0	15.0	3.0	
409.0	1.0	2.0	311.0	311.0	334.0	23.0	66.0	4.0	12.0	5.0	
410.0	1.0	2.0	476.0	476.0	499.0	23.0	53.0	3.0	12.0	3.0	
411.0	1.0	2.0	311.0	311.0	334.0	23.0	66.0	4.0	12.0	5.0	
412.0	1.0	2.0	500.0	500.0	523.0	23.0	39.0	2.0	14.0	2.0	
413.0	1.0	2.0	404.0	404.0	427.0	23.0	80.0	4.0	3.0	1.0	
414.0	1.0	2.0	404.0	404.0	427.0	23.0	79.0	4.0	7.0	3.0	
415.0	1.0	2.0	334.0	334.0	357.0	23.0	75.0	4.0	8.0	5.0	
416.0	0.0	2.0	463.0	463.0	484.0	21.0	81.0	5.0	3.0	4.0	
417.0	1.0	2.0	407.0	407.0	430.0	23.0	48.0	3.0	13.0	4.0	
418.0	1.0	2.0	501.0	501.0	524.0	23.0	49.0	3.0	12.0	1.0	
419.0	1.0	2.0	504.0	504.0	527.0	23.0	98.0	5.0	15.0	2.0	
420.0	1.0	2.0	483.0	483.0	506.0	23.0	62.0	4.0	7.0	4.0	
421.0	0.0	2.0	481.0	481.0	502.0	21.0	95.0	5.0	8.0	5.0	
422.0	0.0	2.0	468.0	468.0	489.0	21.0	99.0	5.0	12.0	3.0	
423.0	0.0	2.0	468.0	468.0	489.0	21.0	82.0	5.0	6.0	2.0	
424.0	1.0	2.0	458.0	458.0	481.0	23.0	38.0	2.0	5.0	5.0	
425.0	0.0	2.0	468.0	468.0	489.0	21.0	87.0	5.0	5.0	5.0	
426.0	1.0	2.0	487.0	487.0	510.0	23.0	84.0	5.0	12.0	2.0	
427.0	1.0	2.0	453.0	454.0	477.0	23.0	73.0	4.0	13.0	3.0	
428.0	0.0	2.0	492.0	492.0	513.0	21.0	96.0	5.0	15.0	3.0	
429.0	0.0	2.0	444.0	445.0	466.0	21.0	99.0	5.0	12.0	3.0	
430.0	0.0	2.0	468.0	468.0	489.0	21.0	83.0	5.0	5.0	1.0	
431.0	0.0	2.0	484.0	484.0	505.0	21.0	86.0	5.0	15.0	4.0	
432.0	0.0	2.0	462.0	462.0	483.0	21.0	90.0	5.0	4.0	1.0	
433.0	0.0	2.0	415.0	415.0	436.0	21.0	92.0	5.0	10.0	4.0	
434.0	1.0	2.0	482.0	482.0	505.0	23.0	66.0	4.0	12.0	5.0	
435.0	0.0	2.0	489.0	489.0	510.0	21.0	99.0	5.0	12.0	3.0	
436.0	1.0	2.0	334.0	334.0	357.0	23.0	75.0	4.0	8.0	5.0	
437.0	1.0	2.0	375.0	375.0	398.0	23.0	71.0	4.0	11.0	3.0	
438.0	1.0	2.0	392.0	392.0	415.0	23.0	71.0	4.0	11.0	3.0	
439.0	1.0	2.0	490.0	490.0	513.0	23.0	41.0	3.0	15.0	4.0	
440.0	1.0	2.0	432.0	432.0	455.0	23.0	31.0	2.0	8.0	1.0	
441.0	0.0	2.0	494.0	494.0	515.0	21.0	97.0	5.0	9.0	3.0	
442.0	0.0	2.0	494.0	494.0	515.0	21.0	98.0	5.0	15.0	2.0	
443.0	0.0	2.0	494.0	494.0	515.0	21.0	81.0	5.0	3.0	4.0	
444.0	0.0	2.0	450.0	450.0	471.0	21.0	86.0	5.0	15.0	4.0	
445.0	1.0	2.0	392.0	392.0	415.0	23.0	74.0	4.0	1.0	3.0	
446.0	1.0	2.0	503.0	503.0	526.0	23.0	78.0	4.0	8.0	1.0	
447.0	0.0	2.0	494.0	494.0	515.0	21.0	95.0	5.0	8.0	5.0	
448.0	1.0	2.0	404.0	404.0	427.0	23.0	69.0	4.0	12.0	2.0	
449.0	1.0	2.0	428.0	428.0	451.0	23.0	37.0	2.0	5.0	2.0	
450.0	1.0	2.0	408.0	408.0	432.0	24.0	72.0	4.0	11.0	2.0	
451.0	0.0	2.0	495.0	495.0	516.0	21.0	85.0	5.0	3.0	5.0	
452.0	0.0	2.0	461.0	461.0	482.0	21.0	88.0	5.0	4.0	3.0	
453.0	1.0	2.0	439.0	439.0	462.0	23.0	68.0	4.0	5.0	3.0	
454.0	1.0	2.0	482.0	482.0	505.0	23.0	75.0	4.0	8.0	5.0	
455.0	0.0	2.0	461.0	461.0	482.0	21.0	99.0	5.0	12.0	3.0	
456.0	1.0	2.0	415.0	415.0	438.0	23.0	41.0	3.0	15.0	4.0	
457.0	0.0	2.0	468.0	468.0	489.0	21.0	84.0	5.0	12.0	2.0	
458.0	1.0	2.0	481.0	481.0	504.0	23.0	70.0	4.0	11.0	5.0	
459.0	0.0	2.0	515.0	515.0	536.0	21.0	91.0	5.0	9.0	5.0	
460.0	0.0	2.0	495.0	495.0	516.0	21.0	94.0	5.0	13.0	1.0	
461.0	1.0	2.0	485.0	485.0	508.0	23.0	46.0	3.0	14.0	3.0	
462.0	0.0	2.0	495.0	495.0	516.0	21.0	99.0	5.0	12.0	3.0	
463.0	1.0	2.0	407.0	407.0	430.0	23.0	25.0	2.0	12.0	2.0	
464.0	0.0	2.0	495.0	495.0	516.0	21.0	84.0	5.0	12.0	2.0	
465.0	1.0	2.0	504.0	504.0	527.0	23.0	71.0	4.0	11.0	3.0	
466.0	1.0	2.0	453.0	453.0	476.0	23.0	63.0	4.0	15.0	1.0	
467.0	1.0	2.0	478.0	478.0	501.0	23.0	72.0	4.0	11.0	2.0	
468.0	1.0	2.0	494.0	494.0	517.0	23.0	76.0	4.0	6.0	4.0	
469.0	1.0	2.0	428.0	428.0	451.0	23.0	68.0	4.0	5.0	3.0	
470.0	1.0	2.0	458.0	458.0	481.0	23.0	58.0	3.0	11.0	4.0	
471.0	0.0	2.0	505.0	505.0	526.0	21.0	86.0	5.0	15.0	4.0	
472.0	1.0	2.0	498.0	498.0	521.0	23.0	98.0	5.0	15.0	2.0	
473.0	0.0	2.0	459.0	459.0	480.0	21.0	92.0	5.0	10.0	4.0	
474.0	0.0	2.0	495.0	495.0	516.0	21.0	96.0	5.0	15.0	3.0	
475.0	0.0	2.0	494.0	494.0	515.0	21.0	97.0	5.0	9.0	3.0	
476.0	0.0	2.0	434.0	434.0	455.0	21.0	81.0	5.0	3.0	4.0	
477.0	1.0	2.0	407.0	407.0	430.0	23.0	78.0	4.0	8.0	1.0	
478.0	0.0	2.0	453.0	453.0	474.0	21.0	88.0	5.0	4.0	3.0	
479.0	1.0	2.0	472.0	472.0	495.0	23.0	61.0	4.0	12.0	4.0	
480.0	1.0	2.0	437.0	437.0	460.0	23.0	70.0	4.0	11.0	5.0	
481.0	1.0	2.0	429.0	430.0	453.0	23.0	58.0	3.0	11.0	4.0	
482.0	1.0	2.0	426.0	426.0	449.0	23.0	67.0	4.0	3.0	3.0	
483.0	1.0	2.0	415.0	415.0	439.0	24.0	74.0	4.0	1.0	3.0	
484.0	0.0	2.0	453.0	453.0	474.0	21.0	84.0	5.0	12.0	2.0	
485.0	0.0	2.0	515.0	515.0	536.0	21.0	88.0	5.0	4.0	3.0	
486.0	0.0	2.0	506.0	506.0	527.0	21.0	92.0	5.0	10.0	4.0	
487.0	0.0	2.0	453.0	453.0	474.0	21.0	94.0	5.0	13.0	1.0	
488.0	0.0	2.0	453.0	453.0	474.0	21.0	96.0	5.0	15.0	3.0	
489.0	1.0	2.0	417.0	417.0	440.0	23.0	78.0	4.0	8.0	1.0	
490.0	0.0	2.0	481.0	481.0	502.0	21.0	84.0	5.0	12.0	2.0	
491.0	0.0	2.0	453.0	453.0	474.0	21.0	85.0	5.0	3.0	5.0	
492.0	0.0	2.0	420.0	420.0	441.0	21.0	90.0	5.0	4.0	1.0	
493.0	1.0	2.0	406.0	406.0	429.0	23.0	58.0	3.0	11.0	4.0	
494.0	1.0	2.0	450.0	450.0	473.0	23.0	76.0	4.0	6.0	4.0	
495.0	1.0	2.0	474.0	474.0	497.0	23.0	59.0	3.0	9.0	4.0	
496.0	0.0	2.0	496.0	496.0	517.0	21.0	100.0	5.0	14.0	1.0	
497.0	1.0	2.0	440.0	440.0	463.0	23.0	48.0	3.0	13.0	4.0	
498.0	0.0	2.0	455.0	455.0	476.0	21.0	86.0	5.0	15.0	4.0	
499.0	0.0	2.0	450.0	450.0	471.0	21.0	91.0	5.0	9.0	5.0	
500.0	0.0	2.0	499.0	499.0	520.0	21.0	93.0	5.0	4.0	5.0	
501.0	1.0	2.0	473.0	473.0	496.0	23.0	75.0	4.0	8.0	5.0	
502.0	0.0	2.0	450.0	450.0	471.0	21.0	98.0	5.0	15.0	2.0	
503.0	1.0	2.0	453.0	453.0	476.0	23.0	52.0	3.0	4.0	3.0	
504.0	1.0	2.0	460.0	460.0	483.0	23.0	62.0	4.0	7.0	4.0	
505.0	0.0	2.0	431.0	431.0	452.0	21.0	89.0	5.0	14.0	2.0	
506.0	0.0	2.0	516.0	516.0	537.0	21.0	92.0	5.0	10.0	4.0	
507.0	0.0	2.0	502.0	502.0	523.0	21.0	95.0	5.0	8.0	5.0	
508.0	1.0	2.0	437.0	437.0	460.0	23.0	43.0	3.0	13.0	1.0	
509.0	0.0	2.0	455.0	455.0	476.0	21.0	99.0	5.0	12.0	3.0	
510.0	0.0	2.0	501.0	501.0	522.0	21.0	82.0	5.0	6.0	2.0	
511.0	0.0	2.0	511.0	511.0	532.0	21.0	85.0	5.0	3.0	5.0	
512.0	1.0	2.0	392.0	392.0	415.0	23.0	68.0	4.0	5.0	3.0	
513.0	1.0	2.0	507.0	507.0	530.0	23.0	22.0	2.0	6.0	2.0	
514.0	0.0	2.0	317.0	317.0	338.0	21.0	96.0	5.0	15.0	3.0	
515.0	1.0	2.0	438.0	438.0	461.0	23.0	41.0	3.0	15.0	4.0	
516.0	0.0	2.0	499.0	499.0	520.0	21.0	81.0	5.0	3.0	4.0	
517.0	0.0	2.0	493.0	493.0	514.0	21.0	84.0	5.0	12.0	2.0	
518.0	0.0	2.0	515.0	515.0	536.0	21.0	86.0	5.0	15.0	4.0	
519.0	0.0	2.0	450.0	450.0	471.0	21.0	89.0	5.0	14.0	2.0	
520.0	1.0	2.0	479.0	479.0	502.0	23.0	21.0	2.0	9.0	1.0	
521.0	1.0	2.0	494.0	494.0	517.0	23.0	65.0	4.0	11.0	2.0	
522.0	0.0	2.0	452.0	452.0	473.0	21.0	100.0	5.0	14.0	1.0	
523.0	1.0	2.0	457.0	457.0	480.0	23.0	76.0	4.0	6.0	4.0	
524.0	1.0	2.0	499.0	499.0	522.0	23.0	99.0	5.0	12.0	3.0	
525.0	1.0	2.0	485.0	485.0	508.0	23.0	61.0	4.0	12.0	4.0	
526.0	1.0	2.0	476.0	476.0	499.0	23.0	80.0	4.0	3.0	1.0	
527.0	1.0	2.0	412.0	413.0	436.0	23.0	66.0	4.0	12.0	5.0	
528.0	1.0	2.0	487.0	487.0	510.0	23.0	71.0	4.0	11.0	3.0	
529.0	0.0	2.0	501.0	501.0	522.0	21.0	81.0	5.0	3.0	4.0	
530.0	0.0	2.0	501.0	501.0	522.0	21.0	82.0	5.0	6.0	2.0	
531.0	0.0	2.0	515.0	515.0	536.0	21.0	86.0	5.0	15.0	4.0	
532.0	0.0	2.0	432.0	432.0	453.0	21.0	88.0	5.0	4.0	3.0	
533.0	1.0	2.0	392.0	392.0	415.0	23.0	67.0	4.0	3.0	3.0	
534.0	0.0	2.0	432.0	432.0	453.0	21.0	94.0	5.0	13.0	1.0	
535.0	1.0	2.0	398.0	398.0	421.0	23.0	71.0	4.0	11.0	3.0	
536.0	1.0	2.0	448.0	449.0	472.0	23.0	80.0	4.0	3.0	1.0	
537.0	1.0	2.0	415.0	415.0	439.0	24.0	71.0	4.0	11.0	3.0	
538.0	0.0	2.0	517.0	517.0	538.0	21.0	87.0	5.0	5.0	5.0	
539.0	1.0	2.0	478.0	478.0	501.0	23.0	65.0	4.0	11.0	2.0	
540.0	1.0	2.0	413.0	413.0	437.0	24.0	63.0	4.0	15.0	1.0	
541.0	0.0	2.0	373.0	373.0	394.0	21.0	95.0	5.0	8.0	5.0	
542.0	1.0	2.0	481.0	481.0	504.0	23.0	58.0	3.0	11.0	4.0	
543.0	0.0	2.0	497.0	497.0	518.0	21.0	83.0	5.0	5.0	1.0	
544.0	1.0	2.0	406.0	406.0	429.0	23.0	60.0	3.0	3.0	3.0	
545.0	0.0	2.0	520.0	520.0	541.0	21.0	88.0	5.0	4.0	3.0	
546.0	1.0	2.0	405.0	405.0	428.0	23.0	79.0	4.0	7.0	3.0	
547.0	1.0	2.0	457.0	458.0	481.0	23.0	63.0	4.0	15.0	1.0	
548.0	0.0	2.0	432.0	432.0	453.0	21.0	96.0	5.0	15.0	3.0	
549.0	1.0	2.0	431.0	431.0	454.0	23.0	56.0	3.0	13.0	5.0	
550.0	0.0	2.0	432.0	432.0	453.0	21.0	84.0	5.0	12.0	2.0	
551.0	1.0	2.0	475.0	475.0	498.0	23.0	79.0	4.0	7.0	3.0	
552.0	0.0	2.0	370.0	370.0	391.0	21.0	90.0	5.0	4.0	1.0	
553.0	0.0	2.0	501.0	501.0	522.0	21.0	92.0	5.0	10.0	4.0	
554.0	1.0	2.0	498.0	498.0	521.0	23.0	71.0	4.0	11.0	3.0	
555.0	0.0	2.0	505.0	505.0	526.0	21.0	99.0	5.0	12.0	3.0	
556.0	1.0	2.0	504.0	504.0	527.0	23.0	68.0	4.0	5.0	3.0	
557.0	1.0	2.0	500.0	500.0	523.0	23.0	23.0	2.0	7.0	3.0	
558.0	1.0	2.0	451.0	452.0	475.0	23.0	71.0	4.0	11.0	3.0	
559.0	1.0	2.0	453.0	453.0	476.0	23.0	29.0	2.0	2.0	5.0	
560.0	1.0	2.0	478.0	478.0	501.0	23.0	69.0	4.0	12.0	2.0	
561.0	1.0	2.0	415.0	415.0	439.0	24.0	68.0	4.0	5.0	3.0	
562.0	1.0	2.0	483.0	483.0	506.0	23.0	51.0	3.0	2.0	3.0	
563.0	1.0	2.0	481.0	481.0	504.0	23.0	36.0	2.0	15.0	4.0	
564.0	1.0	2.0	472.0	472.0	496.0	24.0	28.0	2.0	8.0	1.0	
565.0	0.0	2.0	495.0	495.0	516.0	21.0	87.0	5.0	5.0	5.0	
566.0	0.0	2.0	480.0	480.0	501.0	21.0	92.0	5.0	10.0	4.0	
567.0	0.0	2.0	503.0	503.0	524.0	21.0	94.0	5.0	13.0	1.0	
568.0	0.0	2.0	471.0	471.0	492.0	21.0	96.0	5.0	15.0	3.0	
569.0	0.0	2.0	505.0	505.0	526.0	21.0	100.0	5.0	14.0	1.0	
570.0	0.0	2.0	471.0	471.0	492.0	21.0	82.0	5.0	6.0	2.0	
571.0	1.0	2.0	315.0	315.0	338.0	23.0	32.0	2.0	14.0	3.0	
572.0	1.0	2.0	448.0	449.0	472.0	23.0	69.0	4.0	12.0	2.0	
573.0	1.0	2.0	499.0	499.0	522.0	23.0	52.0	3.0	4.0	3.0	
574.0	0.0	2.0	504.0	504.0	525.0	21.0	94.0	5.0	13.0	1.0	
575.0	0.0	2.0	439.0	439.0	460.0	21.0	98.0	5.0	15.0	2.0	
576.0	1.0	2.0	492.0	492.0	515.0	23.0	61.0	4.0	12.0	4.0	
577.0	1.0	2.0	434.0	435.0	458.0	23.0	58.0	3.0	11.0	4.0	
578.0	0.0	2.0	520.0	520.0	541.0	21.0	88.0	5.0	4.0	3.0	
579.0	1.0	2.0	472.0	472.0	495.0	23.0	69.0	4.0	12.0	2.0	
580.0	1.0	2.0	463.0	464.0	487.0	23.0	48.0	3.0	13.0	4.0	
581.0	1.0	2.0	428.0	428.0	451.0	23.0	34.0	2.0	14.0	1.0	
582.0	0.0	2.0	483.0	483.0	504.0	21.0	98.0	5.0	15.0	2.0	
583.0	0.0	2.0	502.0	502.0	523.0	21.0	83.0	5.0	5.0	1.0	
584.0	0.0	2.0	502.0	502.0	523.0	21.0	84.0	5.0	12.0	2.0	
585.0	1.0	2.0	435.0	435.0	459.0	24.0	44.0	3.0	3.0	5.0	
586.0	1.0	2.0	404.0	404.0	428.0	24.0	65.0	4.0	11.0	2.0	
587.0	0.0	2.0	501.0	501.0	522.0	21.0	95.0	5.0	8.0	5.0	
588.0	0.0	2.0	494.0	494.0	515.0	21.0	98.0	5.0	15.0	2.0	
589.0	0.0	2.0	507.0	507.0	528.0	21.0	81.0	5.0	3.0	4.0	
590.0	1.0	2.0	460.0	460.0	483.0	23.0	43.0	3.0	13.0	1.0	
591.0	1.0	2.0	315.0	315.0	338.0	23.0	40.0	2.0	11.0	3.0	
592.0	1.0	2.0	522.0	522.0	545.0	23.0	52.0	3.0	4.0	3.0	
593.0	1.0	2.0	450.0	450.0	473.0	23.0	75.0	4.0	8.0	5.0	
594.0	0.0	2.0	512.0	512.0	533.0	21.0	94.0	5.0	13.0	1.0	
595.0	0.0	2.0	502.0	502.0	523.0	21.0	98.0	5.0	15.0	2.0	
596.0	0.0	2.0	411.0	411.0	432.0	21.0	100.0	5.0	14.0	1.0	
597.0	1.0	2.0	432.0	432.0	455.0	23.0	52.0	3.0	4.0	3.0	
598.0	0.0	2.0	458.0	458.0	479.0	21.0	87.0	5.0	5.0	5.0	
599.0	1.0	2.0	429.0	429.0	452.0	23.0	70.0	4.0	11.0	5.0	
600.0	0.0	2.0	504.0	504.0	525.0	21.0	93.0	5.0	4.0	5.0	
601.0	1.0	2.0	494.0	494.0	517.0	23.0	76.0	4.0	6.0	4.0	
602.0	1.0	2.0	496.0	496.0	519.0	23.0	67.0	4.0	3.0	3.0	
603.0	0.0	2.0	504.0	504.0	525.0	21.0	82.0	5.0	6.0	2.0	
604.0	1.0	2.0	415.0	415.0	439.0	24.0	67.0	4.0	3.0	3.0	
605.0	0.0	2.0	502.0	502.0	523.0	21.0	87.0	5.0	5.0	5.0	
606.0	1.0	2.0	474.0	474.0	497.0	23.0	77.0	4.0	8.0	2.0	
607.0	0.0	2.0	436.0	436.0	457.0	21.0	95.0	5.0	8.0	5.0	
608.0	0.0	2.0	436.0	436.0	457.0	21.0	98.0	5.0	15.0	2.0	
609.0	0.0	2.0	510.0	510.0	531.0	21.0	99.0	5.0	12.0	3.0	
610.0	0.0	2.0	509.0	509.0	530.0	21.0	83.0	5.0	5.0	1.0	
611.0	0.0	2.0	520.0	520.0	541.0	21.0	85.0	5.0	3.0	5.0	
612.0	1.0	2.0	516.0	516.0	539.0	23.0	84.0	5.0	12.0	2.0	
613.0	0.0	2.0	504.0	504.0	525.0	21.0	91.0	5.0	9.0	5.0	
614.0	0.0	2.0	438.0	438.0	459.0	21.0	94.0	5.0	13.0	1.0	
615.0	1.0	2.0	486.0	486.0	509.0	23.0	78.0	4.0	8.0	1.0	
616.0	0.0	2.0	430.0	431.0	452.0	21.0	100.0	5.0	14.0	1.0	
617.0	1.0	2.0	492.0	492.0	515.0	23.0	49.0	3.0	12.0	1.0	
618.0	0.0	2.0	523.0	523.0	544.0	21.0	86.0	5.0	15.0	4.0	
619.0	1.0	2.0	477.0	477.0	500.0	23.0	23.0	2.0	7.0	3.0	
620.0	1.0	2.0	453.0	453.0	476.0	23.0	25.0	2.0	12.0	2.0	
621.0	0.0	2.0	430.0	431.0	452.0	21.0	95.0	5.0	8.0	5.0	
622.0	0.0	2.0	515.0	515.0	536.0	21.0	98.0	5.0	15.0	2.0	
623.0	1.0	2.0	418.0	418.0	441.0	23.0	61.0	4.0	12.0	4.0	
624.0	1.0	2.0	456.0	456.0	479.0	23.0	78.0	4.0	8.0	1.0	
625.0	0.0	2.0	522.0	522.0	543.0	21.0	89.0	5.0	14.0	2.0	
626.0	1.0	2.0	477.0	477.0	500.0	23.0	70.0	4.0	11.0	5.0	
627.0	0.0	2.0	515.0	515.0	536.0	21.0	95.0	5.0	8.0	5.0	
628.0	0.0	2.0	453.0	454.0	475.0	21.0	98.0	5.0	15.0	2.0	
629.0	0.0	2.0	438.0	438.0	459.0	21.0	81.0	5.0	3.0	4.0	
630.0	0.0	2.0	510.0	510.0	531.0	21.0	84.0	5.0	12.0	2.0	
631.0	0.0	2.0	522.0	522.0	543.0	21.0	85.0	5.0	3.0	5.0	
632.0	0.0	2.0	489.0	489.0	510.0	21.0	90.0	5.0	4.0	1.0	
633.0	0.0	2.0	460.0	461.0	482.0	21.0	91.0	5.0	9.0	5.0	
634.0	0.0	2.0	515.0	515.0	536.0	21.0	95.0	5.0	8.0	5.0	
635.0	0.0	2.0	489.0	489.0	510.0	21.0	97.0	5.0	9.0	3.0	
636.0	0.0	2.0	414.0	414.0	436.0	22.0	100.0	5.0	14.0	1.0	
637.0	1.0	2.0	469.0	469.0	492.0	23.0	49.0	3.0	12.0	1.0	
638.0	1.0	2.0	516.0	516.0	539.0	23.0	81.0	5.0	3.0	4.0	
639.0	0.0	2.0	482.0	482.0	503.0	21.0	91.0	5.0	9.0	5.0	
640.0	1.0	2.0	495.0	495.0	518.0	23.0	69.0	4.0	12.0	2.0	
641.0	0.0	2.0	515.0	515.0	536.0	21.0	97.0	5.0	9.0	3.0	
642.0	1.0	2.0	510.0	510.0	534.0	24.0	74.0	4.0	1.0	3.0	
643.0	0.0	2.0	414.0	414.0	436.0	22.0	82.0	5.0	6.0	2.0	
644.0	1.0	2.0	462.0	462.0	485.0	23.0	74.0	4.0	1.0	3.0	
645.0	1.0	2.0	412.0	412.0	435.0	23.0	44.0	3.0	3.0	5.0	
646.0	0.0	2.0	483.0	483.0	504.0	21.0	91.0	5.0	9.0	5.0	
647.0	0.0	2.0	452.0	452.0	473.0	21.0	95.0	5.0	8.0	5.0	
648.0	1.0	2.0	502.0	502.0	525.0	23.0	63.0	4.0	15.0	1.0	
649.0	1.0	2.0	411.0	411.0	434.0	23.0	80.0	4.0	3.0	1.0	
650.0	0.0	2.0	483.0	483.0	504.0	21.0	82.0	5.0	6.0	2.0	
651.0	1.0	2.0	433.0	433.0	456.0	23.0	49.0	3.0	12.0	1.0	
652.0	0.0	2.0	499.0	499.0	520.0	21.0	88.0	5.0	4.0	3.0	
653.0	0.0	2.0	483.0	483.0	504.0	21.0	93.0	5.0	4.0	5.0	
654.0	0.0	2.0	516.0	516.0	537.0	21.0	94.0	5.0	13.0	1.0	
655.0	0.0	2.0	515.0	515.0	536.0	21.0	98.0	5.0	15.0	2.0	
656.0	0.0	2.0	316.0	316.0	337.0	21.0	100.0	5.0	14.0	1.0	
657.0	0.0	2.0	316.0	316.0	337.0	21.0	83.0	5.0	5.0	1.0	
658.0	0.0	2.0	316.0	316.0	337.0	21.0	87.0	5.0	5.0	5.0	
659.0	0.0	2.0	316.0	316.0	337.0	21.0	91.0	5.0	9.0	5.0	
660.0	0.0	2.0	316.0	316.0	337.0	21.0	92.0	5.0	10.0	4.0	
661.0	0.0	2.0	316.0	316.0	337.0	21.0	96.0	5.0	15.0	3.0	
662.0	0.0	2.0	316.0	316.0	337.0	21.0	98.0	5.0	15.0	2.0	
663.0	0.0	2.0	316.0	316.0	337.0	21.0	81.0	5.0	3.0	4.0	
664.0	0.0	2.0	316.0	316.0	337.0	21.0	84.0	5.0	12.0	2.0	
665.0	0.0	2.0	316.0	316.0	337.0	21.0	88.0	5.0	4.0	3.0	
666.0	1.0	2.0	408.0	408.0	432.0	24.0	31.0	2.0	8.0	1.0	
667.0	0.0	2.0	316.0	316.0	337.0	21.0	93.0	5.0	4.0	5.0	
668.0	0.0	2.0	316.0	316.0	337.0	21.0	97.0	5.0	9.0	3.0	
669.0	1.0	2.0	494.0	494.0	517.0	23.0	73.0	4.0	13.0	3.0	
670.0	0.0	2.0	316.0	316.0	337.0	21.0	82.0	5.0	6.0	2.0	
671.0	0.0	2.0	316.0	316.0	337.0	21.0	85.0	5.0	3.0	5.0	
672.0	1.0	2.0	522.0	522.0	545.0	23.0	70.0	4.0	11.0	5.0	
673.0	0.0	2.0	436.0	436.0	457.0	21.0	93.0	5.0	4.0	5.0	
674.0	0.0	2.0	316.0	316.0	337.0	21.0	94.0	5.0	13.0	1.0	
675.0	0.0	2.0	316.0	316.0	337.0	21.0	97.0	5.0	9.0	3.0	
676.0	1.0	2.0	483.0	483.0	506.0	23.0	63.0	4.0	15.0	1.0	
677.0	0.0	2.0	472.0	472.0	493.0	21.0	84.0	5.0	12.0	2.0	
678.0	1.0	2.0	519.0	519.0	542.0	23.0	67.0	4.0	3.0	3.0	
679.0	1.0	2.0	436.0	436.0	459.0	23.0	66.0	4.0	12.0	5.0	
680.0	1.0	2.0	411.0	411.0	434.0	23.0	40.0	2.0	11.0	3.0	
681.0	0.0	2.0	515.0	515.0	536.0	21.0	97.0	5.0	9.0	3.0	
682.0	0.0	2.0	451.0	451.0	472.0	21.0	99.0	5.0	12.0	3.0	
683.0	0.0	2.0	495.0	495.0	516.0	21.0	81.0	5.0	3.0	4.0	
684.0	1.0	2.0	465.0	465.0	488.0	23.0	44.0	3.0	3.0	5.0	
685.0	0.0	2.0	523.0	523.0	544.0	21.0	87.0	5.0	5.0	5.0	
686.0	0.0	2.0	451.0	451.0	472.0	21.0	64.0	4.0	4.0	2.0	
687.0	0.0	2.0	429.0	429.0	450.0	21.0	69.0	4.0	12.0	2.0	
688.0	0.0	2.0	421.0	422.0	443.0	21.0	71.0	4.0	11.0	3.0	
689.0	0.0	2.0	429.0	429.0	450.0	21.0	75.0	4.0	8.0	5.0	
690.0	0.0	2.0	408.0	408.0	429.0	21.0	76.0	4.0	6.0	4.0	
691.0	0.0	2.0	404.0	404.0	425.0	21.0	61.0	4.0	12.0	4.0	
692.0	1.0	2.0	433.0	433.0	456.0	23.0	57.0	3.0	14.0	3.0	
693.0	0.0	2.0	453.0	453.0	474.0	21.0	66.0	4.0	12.0	5.0	
694.0	0.0	2.0	450.0	451.0	472.0	21.0	69.0	4.0	12.0	2.0	
695.0	0.0	2.0	452.0	452.0	473.0	21.0	72.0	4.0	11.0	2.0	
696.0	0.0	2.0	429.0	429.0	450.0	21.0	76.0	4.0	6.0	4.0	
697.0	0.0	2.0	429.0	430.0	451.0	21.0	79.0	4.0	7.0	3.0	
698.0	0.0	2.0	426.0	426.0	447.0	21.0	61.0	4.0	12.0	4.0	
699.0	1.0	2.0	373.0	373.0	396.0	23.0	60.0	3.0	3.0	3.0	
700.0	0.0	2.0	451.0	451.0	472.0	21.0	68.0	4.0	5.0	3.0	
701.0	0.0	2.0	460.0	460.0	481.0	21.0	70.0	4.0	11.0	5.0	
702.0	1.0	2.0	428.0	428.0	451.0	23.0	33.0	2.0	14.0	1.0	
703.0	0.0	2.0	473.0	473.0	494.0	21.0	76.0	4.0	6.0	4.0	
704.0	0.0	2.0	429.0	429.0	450.0	21.0	80.0	4.0	3.0	1.0	
705.0	0.0	2.0	439.0	439.0	460.0	21.0	62.0	4.0	7.0	4.0	
706.0	0.0	2.0	477.0	477.0	498.0	21.0	64.0	4.0	4.0	2.0	
707.0	0.0	2.0	474.0	474.0	496.0	22.0	67.0	4.0	3.0	3.0	
708.0	1.0	2.0	373.0	373.0	396.0	23.0	82.0	5.0	6.0	2.0	
709.0	0.0	2.0	485.0	485.0	506.0	21.0	74.0	4.0	1.0	3.0	
710.0	0.0	2.0	451.0	451.0	472.0	21.0	78.0	4.0	8.0	1.0	
711.0	0.0	2.0	450.0	450.0	471.0	21.0	80.0	4.0	3.0	1.0	
712.0	0.0	2.0	481.0	481.0	502.0	21.0	63.0	4.0	15.0	1.0	
713.0	0.0	2.0	495.0	495.0	516.0	21.0	65.0	4.0	11.0	2.0	
714.0	0.0	2.0	471.0	471.0	492.0	21.0	70.0	4.0	11.0	5.0	
715.0	1.0	2.0	429.0	430.0	453.0	23.0	60.0	3.0	3.0	3.0	
716.0	0.0	2.0	496.0	496.0	517.0	21.0	74.0	4.0	1.0	3.0	
717.0	0.0	2.0	444.0	444.0	465.0	21.0	78.0	4.0	8.0	1.0	
718.0	0.0	2.0	464.0	464.0	485.0	21.0	61.0	4.0	12.0	4.0	
719.0	0.0	2.0	499.0	499.0	520.0	21.0	63.0	4.0	15.0	1.0	
720.0	0.0	2.0	505.0	505.0	526.0	21.0	66.0	4.0	12.0	5.0	
721.0	0.0	2.0	443.0	443.0	464.0	21.0	71.0	4.0	11.0	3.0	
722.0	1.0	2.0	453.0	453.0	476.0	23.0	39.0	2.0	14.0	2.0	
723.0	0.0	2.0	416.0	416.0	438.0	22.0	75.0	4.0	8.0	5.0	
724.0	0.0	2.0	455.0	455.0	476.0	21.0	80.0	4.0	3.0	1.0	
725.0	0.0	2.0	495.0	495.0	516.0	21.0	61.0	4.0	12.0	4.0	
726.0	0.0	2.0	507.0	507.0	528.0	21.0	64.0	4.0	4.0	2.0	
727.0	1.0	2.0	499.0	499.0	522.0	23.0	70.0	4.0	11.0	5.0	
728.0	0.0	2.0	492.0	492.0	513.0	21.0	70.0	4.0	11.0	5.0	
729.0	0.0	2.0	450.0	450.0	471.0	21.0	73.0	4.0	13.0	3.0	
730.0	0.0	2.0	461.0	461.0	482.0	21.0	78.0	4.0	8.0	1.0	
731.0	0.0	2.0	498.0	498.0	519.0	21.0	61.0	4.0	12.0	4.0	
732.0	0.0	2.0	513.0	513.0	534.0	21.0	62.0	4.0	7.0	4.0	
733.0	0.0	2.0	512.0	512.0	533.0	21.0	67.0	4.0	3.0	3.0	
734.0	0.0	2.0	500.0	500.0	521.0	21.0	70.0	4.0	11.0	5.0	
735.0	0.0	2.0	473.0	473.0	494.0	21.0	72.0	4.0	11.0	2.0	
736.0	0.0	2.0	501.0	502.0	523.0	21.0	76.0	4.0	6.0	4.0	
737.0	0.0	2.0	465.0	465.0	486.0	21.0	78.0	4.0	8.0	1.0	
738.0	0.0	2.0	508.0	509.0	530.0	21.0	61.0	4.0	12.0	4.0	
739.0	0.0	2.0	516.0	516.0	537.0	21.0	65.0	4.0	11.0	2.0	
740.0	0.0	2.0	514.0	514.0	535.0	21.0	68.0	4.0	5.0	3.0	
741.0	0.0	2.0	501.0	501.0	522.0	21.0	69.0	4.0	12.0	2.0	
742.0	0.0	2.0	494.0	495.0	516.0	21.0	72.0	4.0	11.0	2.0	
743.0	1.0	2.0	481.0	481.0	504.0	23.0	90.0	5.0	4.0	1.0	
744.0	0.0	2.0	482.0	482.0	503.0	21.0	78.0	4.0	8.0	1.0	
745.0	0.0	2.0	456.0	456.0	477.0	21.0	61.0	4.0	12.0	4.0	
746.0	0.0	2.0	517.0	517.0	538.0	21.0	65.0	4.0	11.0	2.0	
747.0	1.0	2.0	456.0	456.0	479.0	23.0	83.0	5.0	5.0	1.0	
748.0	0.0	2.0	501.0	501.0	522.0	21.0	72.0	4.0	11.0	2.0	
749.0	1.0	2.0	408.0	408.0	431.0	23.0	42.0	3.0	4.0	1.0	
750.0	0.0	2.0	501.0	501.0	522.0	21.0	78.0	4.0	8.0	1.0	
751.0	0.0	2.0	434.0	434.0	455.0	21.0	80.0	4.0	3.0	1.0	
752.0	1.0	2.0	514.0	514.0	537.0	23.0	78.0	4.0	8.0	1.0	
753.0	0.0	2.0	474.0	474.0	495.0	21.0	66.0	4.0	12.0	5.0	
754.0	0.0	2.0	504.0	504.0	525.0	21.0	70.0	4.0	11.0	5.0	
755.0	0.0	2.0	516.0	516.0	537.0	21.0	72.0	4.0	11.0	2.0	
756.0	0.0	2.0	505.0	505.0	526.0	21.0	75.0	4.0	8.0	5.0	
757.0	0.0	2.0	501.0	501.0	522.0	21.0	77.0	4.0	8.0	2.0	
758.0	0.0	2.0	471.0	471.0	492.0	21.0	80.0	4.0	3.0	1.0	
759.0	0.0	2.0	501.0	501.0	522.0	21.0	65.0	4.0	11.0	2.0	
760.0	0.0	2.0	493.0	493.0	514.0	21.0	68.0	4.0	5.0	3.0	
761.0	0.0	2.0	513.0	513.0	534.0	21.0	70.0	4.0	11.0	5.0	
762.0	1.0	2.0	437.0	437.0	460.0	23.0	63.0	4.0	15.0	1.0	
763.0	1.0	2.0	508.0	508.0	531.0	23.0	48.0	3.0	13.0	4.0	
764.0	1.0	2.0	415.0	415.0	438.0	23.0	82.0	5.0	6.0	2.0	
765.0	1.0	2.0	504.0	504.0	527.0	23.0	36.0	2.0	15.0	4.0	
766.0	1.0	2.0	515.0	515.0	538.0	23.0	81.0	5.0	3.0	4.0	
767.0	0.0	2.0	430.0	430.0	451.0	21.0	67.0	4.0	3.0	3.0	
768.0	0.0	2.0	521.0	521.0	542.0	21.0	70.0	4.0	11.0	5.0	
769.0	0.0	2.0	501.0	501.0	522.0	21.0	74.0	4.0	1.0	3.0	
770.0	0.0	2.0	517.0	517.0	538.0	21.0	76.0	4.0	6.0	4.0	
771.0	0.0	2.0	513.0	513.0	534.0	21.0	80.0	4.0	3.0	1.0	
772.0	1.0	2.0	506.0	506.0	529.0	23.0	93.0	5.0	4.0	5.0	
773.0	0.0	2.0	518.0	518.0	539.0	21.0	66.0	4.0	12.0	5.0	
774.0	0.0	2.0	516.0	516.0	537.0	21.0	69.0	4.0	12.0	2.0	
775.0	1.0	2.0	461.0	461.0	484.0	23.0	86.0	5.0	15.0	4.0	
776.0	1.0	2.0	440.0	440.0	464.0	24.0	84.0	5.0	12.0	2.0	
777.0	1.0	2.0	517.0	517.0	540.0	23.0	74.0	4.0	1.0	3.0	
778.0	0.0	2.0	516.0	516.0	537.0	21.0	61.0	4.0	12.0	4.0	
779.0	0.0	2.0	519.0	519.0	540.0	21.0	64.0	4.0	4.0	2.0	
780.0	0.0	2.0	527.0	527.0	548.0	21.0	67.0	4.0	3.0	3.0	
781.0	1.0	2.0	516.0	516.0	539.0	23.0	96.0	5.0	15.0	3.0	
782.0	1.0	2.0	498.0	498.0	521.0	23.0	24.0	2.0	14.0	4.0	
783.0	0.0	2.0	438.0	438.0	459.0	21.0	75.0	4.0	8.0	5.0	
784.0	1.0	2.0	438.0	438.0	461.0	23.0	22.0	2.0	6.0	2.0	
785.0	1.0	2.0	518.0	518.0	541.0	23.0	58.0	3.0	11.0	4.0	
786.0	1.0	2.0	478.0	478.0	501.0	23.0	52.0	3.0	4.0	3.0	
787.0	0.0	2.0	427.0	427.0	448.0	21.0	69.0	4.0	12.0	2.0	
788.0	0.0	2.0	522.0	522.0	543.0	21.0	72.0	4.0	11.0	2.0	
789.0	1.0	2.0	437.0	437.0	460.0	23.0	91.0	5.0	9.0	5.0	
790.0	1.0	2.0	505.0	505.0	528.0	23.0	27.0	2.0	13.0	4.0	
791.0	0.0	2.0	427.0	427.0	448.0	21.0	80.0	4.0	3.0	1.0	
792.0	0.0	2.0	525.0	525.0	546.0	21.0	63.0	4.0	15.0	1.0	
793.0	1.0	2.0	500.0	500.0	523.0	23.0	50.0	3.0	9.0	1.0	
794.0	0.0	2.0	496.0	496.0	517.0	21.0	69.0	4.0	12.0	2.0	
795.0	0.0	2.0	517.0	517.0	538.0	21.0	73.0	4.0	13.0	3.0	
796.0	0.0	2.0	506.0	506.0	527.0	21.0	74.0	4.0	1.0	3.0	
797.0	1.0	2.0	502.0	502.0	525.0	23.0	21.0	2.0	9.0	1.0	
798.0	1.0	2.0	430.0	430.0	453.0	23.0	25.0	2.0	12.0	2.0	
799.0	1.0	2.0	523.0	523.0	546.0	23.0	84.0	5.0	12.0	2.0	
800.0	0.0	2.0	533.0	533.0	554.0	21.0	67.0	4.0	3.0	3.0	
801.0	0.0	2.0	517.0	517.0	538.0	21.0	69.0	4.0	12.0	2.0	
802.0	0.0	2.0	527.0	527.0	548.0	21.0	74.0	4.0	1.0	3.0	
803.0	1.0	2.0	450.0	450.0	473.0	23.0	88.0	5.0	4.0	3.0	
804.0	1.0	2.0	473.0	473.0	496.0	23.0	33.0	2.0	14.0	1.0	
805.0	0.0	2.0	477.0	477.0	498.0	21.0	61.0	4.0	12.0	4.0	
806.0	1.0	2.0	499.0	499.0	522.0	23.0	92.0	5.0	10.0	4.0	
807.0	1.0	2.0	503.0	503.0	526.0	23.0	100.0	5.0	14.0	1.0	
808.0	1.0	2.0	499.0	499.0	522.0	23.0	90.0	5.0	4.0	1.0	
809.0	1.0	2.0	437.0	437.0	460.0	23.0	94.0	5.0	13.0	1.0	
810.0	0.0	2.0	436.0	436.0	457.0	21.0	76.0	4.0	6.0	4.0	
811.0	1.0	2.0	473.0	473.0	496.0	23.0	95.0	5.0	8.0	5.0	
812.0	1.0	2.0	517.0	517.0	540.0	23.0	76.0	4.0	6.0	4.0	
813.0	1.0	2.0	534.0	534.0	557.0	23.0	80.0	4.0	3.0	1.0	
814.0	1.0	2.0	473.0	473.0	496.0	23.0	37.0	2.0	5.0	2.0	
815.0	1.0	2.0	498.0	498.0	521.0	23.0	53.0	3.0	12.0	3.0	
816.0	1.0	2.0	515.0	515.0	538.0	23.0	49.0	3.0	12.0	1.0	
817.0	0.0	2.0	518.0	518.0	539.0	21.0	77.0	4.0	8.0	2.0	
818.0	1.0	2.0	400.0	400.0	423.0	23.0	46.0	3.0	14.0	3.0	
819.0	1.0	2.0	449.0	449.0	472.0	23.0	84.0	5.0	12.0	2.0	
820.0	1.0	2.0	523.0	523.0	546.0	23.0	83.0	5.0	5.0	1.0	
821.0	1.0	2.0	503.0	503.0	526.0	23.0	44.0	3.0	3.0	5.0	
822.0	0.0	2.0	521.0	521.0	542.0	21.0	73.0	4.0	13.0	3.0	
823.0	1.0	2.0	499.0	499.0	522.0	23.0	31.0	2.0	8.0	1.0	
824.0	1.0	2.0	438.0	438.0	461.0	23.0	89.0	5.0	14.0	2.0	
825.0	1.0	2.0	471.0	471.0	494.0	23.0	91.0	5.0	9.0	5.0	
826.0	1.0	2.0	536.0	536.0	559.0	23.0	98.0	5.0	15.0	2.0	
827.0	1.0	2.0	497.0	497.0	520.0	23.0	59.0	3.0	9.0	4.0	
828.0	0.0	2.0	521.0	521.0	542.0	21.0	71.0	4.0	11.0	3.0	
829.0	0.0	2.0	526.0	526.0	547.0	21.0	75.0	4.0	8.0	5.0	
830.0	1.0	2.0	483.0	483.0	506.0	23.0	93.0	5.0	4.0	5.0	
831.0	1.0	2.0	373.0	373.0	396.0	23.0	93.0	5.0	4.0	5.0	
832.0	0.0	2.0	527.0	527.0	548.0	21.0	62.0	4.0	7.0	4.0	
833.0	1.0	2.0	523.0	523.0	546.0	23.0	25.0	2.0	12.0	2.0	
834.0	0.0	2.0	518.0	518.0	539.0	21.0	69.0	4.0	12.0	2.0	
835.0	0.0	2.0	477.0	477.0	498.0	21.0	73.0	4.0	13.0	3.0	
836.0	1.0	2.0	456.0	456.0	479.0	23.0	98.0	5.0	15.0	2.0	
837.0	1.0	2.0	462.0	462.0	485.0	23.0	46.0	3.0	14.0	3.0	
838.0	0.0	2.0	492.0	492.0	513.0	21.0	80.0	4.0	3.0	1.0	
839.0	1.0	2.0	526.0	526.0	549.0	23.0	99.0	5.0	12.0	3.0	
840.0	1.0	2.0	461.0	461.0	484.0	23.0	90.0	5.0	4.0	1.0	
841.0	1.0	2.0	495.0	495.0	518.0	23.0	92.0	5.0	10.0	4.0	
842.0	1.0	2.0	473.0	473.0	496.0	23.0	100.0	5.0	14.0	1.0	
843.0	1.0	2.0	482.0	482.0	505.0	23.0	88.0	5.0	4.0	3.0	
844.0	0.0	2.0	526.0	527.0	548.0	21.0	78.0	4.0	8.0	1.0	
845.0	1.0	2.0	525.0	525.0	548.0	23.0	93.0	5.0	4.0	5.0	
846.0	1.0	2.0	518.0	518.0	541.0	23.0	92.0	5.0	10.0	4.0	
847.0	1.0	2.0	521.0	521.0	544.0	23.0	24.0	2.0	14.0	4.0	
848.0	1.0	2.0	471.0	471.0	494.0	23.0	98.0	5.0	15.0	2.0	
849.0	0.0	2.0	534.0	534.0	555.0	21.0	74.0	4.0	1.0	3.0	
850.0	0.0	2.0	523.0	523.0	544.0	21.0	76.0	4.0	6.0	4.0	
851.0	1.0	2.0	440.0	440.0	464.0	24.0	81.0	5.0	3.0	4.0	
852.0	0.0	2.0	469.0	469.0	490.0	21.0	62.0	4.0	7.0	4.0	
853.0	1.0	2.0	487.0	487.0	510.0	23.0	74.0	4.0	1.0	3.0	
854.0	1.0	2.0	476.0	476.0	499.0	23.0	86.0	5.0	15.0	4.0	
855.0	1.0	2.0	492.0	492.0	515.0	23.0	95.0	5.0	8.0	5.0	
856.0	1.0	2.0	537.0	537.0	560.0	23.0	84.0	5.0	12.0	2.0	
857.0	1.0	2.0	408.0	408.0	431.0	23.0	45.0	3.0	5.0	4.0	
858.0	1.0	2.0	481.0	481.0	504.0	23.0	57.0	3.0	14.0	3.0	
859.0	1.0	2.0	483.0	483.0	506.0	23.0	90.0	5.0	4.0	1.0	
860.0	1.0	2.0	434.0	434.0	457.0	23.0	40.0	2.0	11.0	3.0	
861.0	1.0	2.0	521.0	521.0	544.0	23.0	55.0	3.0	6.0	4.0	
862.0	1.0	2.0	408.0	408.0	431.0	23.0	43.0	3.0	13.0	1.0	
863.0	1.0	2.0	464.0	464.0	487.0	23.0	81.0	5.0	3.0	4.0	
864.0	0.0	2.0	408.0	408.0	429.0	21.0	79.0	4.0	7.0	3.0	
865.0	1.0	2.0	476.0	476.0	499.0	23.0	99.0	5.0	12.0	3.0	
866.0	1.0	2.0	472.0	472.0	495.0	23.0	99.0	5.0	12.0	3.0	
867.0	1.0	2.0	449.0	449.0	472.0	23.0	85.0	5.0	3.0	5.0	
868.0	1.0	2.0	499.0	499.0	522.0	23.0	97.0	5.0	9.0	3.0	
869.0	1.0	2.0	437.0	437.0	460.0	23.0	93.0	5.0	4.0	5.0	
870.0	1.0	2.0	527.0	527.0	550.0	23.0	98.0	5.0	15.0	2.0	
871.0	0.0	2.0	530.0	530.0	551.0	21.0	61.0	4.0	12.0	4.0	
872.0	0.0	2.0	432.0	432.0	453.0	21.0	63.0	4.0	15.0	1.0	
873.0	0.0	2.0	432.0	432.0	453.0	21.0	66.0	4.0	12.0	5.0	
874.0	1.0	2.0	432.0	432.0	455.0	23.0	72.0	4.0	11.0	2.0	
875.0	1.0	2.0	496.0	496.0	519.0	23.0	28.0	2.0	8.0	1.0	
876.0	0.0	2.0	538.0	538.0	559.0	21.0	76.0	4.0	6.0	4.0	
877.0	1.0	2.0	430.0	430.0	453.0	23.0	29.0	2.0	2.0	5.0	
878.0	1.0	2.0	450.0	450.0	473.0	23.0	100.0	5.0	14.0	1.0	
879.0	0.0	2.0	410.0	410.0	431.0	21.0	64.0	4.0	4.0	2.0	
880.0	0.0	2.0	471.0	471.0	492.0	21.0	68.0	4.0	5.0	3.0	
881.0	1.0	2.0	476.0	476.0	499.0	23.0	81.0	5.0	3.0	4.0	
882.0	1.0	2.0	411.0	411.0	434.0	23.0	81.0	5.0	3.0	4.0	
883.0	0.0	2.0	539.0	539.0	560.0	21.0	77.0	4.0	8.0	2.0	
884.0	1.0	2.0	537.0	537.0	560.0	23.0	72.0	4.0	11.0	2.0	
885.0	1.0	2.0	528.0	528.0	551.0	23.0	26.0	2.0	1.0	2.0	
886.0	0.0	2.0	472.0	472.0	493.0	21.0	64.0	4.0	4.0	2.0	
887.0	1.0	2.0	413.0	413.0	436.0	23.0	93.0	5.0	4.0	5.0	
888.0	1.0	2.0	413.0	414.0	437.0	23.0	43.0	3.0	13.0	1.0	
889.0	1.0	2.0	432.0	432.0	455.0	23.0	83.0	5.0	5.0	1.0	
890.0	0.0	2.0	472.0	472.0	493.0	21.0	78.0	4.0	8.0	1.0	
891.0	1.0	2.0	464.0	464.0	487.0	23.0	84.0	5.0	12.0	2.0	
892.0	1.0	2.0	456.0	456.0	480.0	24.0	57.0	3.0	14.0	3.0	
893.0	1.0	2.0	385.0	385.0	408.0	23.0	93.0	5.0	4.0	5.0	
894.0	0.0	2.0	472.0	472.0	493.0	21.0	68.0	4.0	5.0	3.0	
895.0	1.0	2.0	429.0	430.0	453.0	23.0	50.0	3.0	9.0	1.0	
896.0	1.0	2.0	479.0	479.0	502.0	23.0	83.0	5.0	5.0	1.0	
897.0	1.0	2.0	504.0	504.0	527.0	23.0	35.0	2.0	10.0	5.0	
898.0	1.0	2.0	425.0	425.0	448.0	23.0	96.0	5.0	15.0	3.0	
899.0	0.0	2.0	516.0	516.0	537.0	21.0	64.0	4.0	4.0	2.0	
900.0	0.0	2.0	381.0	381.0	402.0	21.0	67.0	4.0	3.0	3.0	
901.0	1.0	2.0	438.0	438.0	461.0	23.0	27.0	2.0	13.0	4.0	
902.0	1.0	2.0	459.0	459.0	482.0	23.0	44.0	3.0	3.0	5.0	
903.0	1.0	2.0	527.0	527.0	550.0	23.0	57.0	3.0	14.0	3.0	
904.0	1.0	2.0	499.0	499.0	522.0	23.0	94.0	5.0	13.0	1.0	
905.0	1.0	2.0	522.0	522.0	545.0	23.0	81.0	5.0	3.0	4.0	
906.0	0.0	2.0	528.0	528.0	549.0	21.0	64.0	4.0	4.0	2.0	
907.0	1.0	2.0	522.0	522.0	545.0	23.0	54.0	3.0	10.0	5.0	
908.0	0.0	2.0	510.0	510.0	531.0	21.0	71.0	4.0	11.0	3.0	
909.0	0.0	2.0	473.0	473.0	494.0	21.0	73.0	4.0	13.0	3.0	
910.0	0.0	2.0	480.0	480.0	501.0	21.0	77.0	4.0	8.0	2.0	
911.0	1.0	2.0	477.0	477.0	500.0	23.0	55.0	3.0	6.0	4.0	
912.0	1.0	2.0	425.0	425.0	448.0	23.0	97.0	5.0	9.0	3.0	
913.0	0.0	2.0	480.0	480.0	501.0	21.0	66.0	4.0	12.0	5.0	
914.0	0.0	2.0	462.0	462.0	483.0	21.0	68.0	4.0	5.0	3.0	
915.0	0.0	2.0	462.0	462.0	483.0	21.0	71.0	4.0	11.0	3.0	
916.0	0.0	2.0	450.0	450.0	471.0	21.0	76.0	4.0	6.0	4.0	
917.0	1.0	2.0	413.0	414.0	437.0	23.0	36.0	2.0	15.0	4.0	
918.0	1.0	2.0	480.0	480.0	503.0	23.0	75.0	4.0	8.0	5.0	
919.0	0.0	2.0	451.0	451.0	472.0	21.0	65.0	4.0	11.0	2.0	
920.0	0.0	2.0	462.0	462.0	483.0	21.0	67.0	4.0	3.0	3.0	
921.0	1.0	2.0	440.0	440.0	464.0	24.0	88.0	5.0	4.0	3.0	
922.0	1.0	2.0	476.0	476.0	499.0	23.0	50.0	3.0	9.0	1.0	
923.0	1.0	2.0	432.0	432.0	455.0	23.0	88.0	5.0	4.0	3.0	
924.0	0.0	2.0	519.0	519.0	540.0	21.0	79.0	4.0	7.0	3.0	
925.0	1.0	2.0	432.0	432.0	455.0	23.0	92.0	5.0	10.0	4.0	
926.0	1.0	2.0	502.0	502.0	525.0	23.0	60.0	3.0	3.0	3.0	
927.0	1.0	2.0	479.0	479.0	502.0	23.0	95.0	5.0	8.0	5.0	
928.0	1.0	2.0	436.0	436.0	459.0	23.0	47.0	3.0	15.0	5.0	
929.0	0.0	2.0	480.0	480.0	501.0	21.0	74.0	4.0	1.0	3.0	
930.0	1.0	2.0	533.0	533.0	556.0	23.0	90.0	5.0	4.0	1.0	
931.0	1.0	2.0	527.0	527.0	550.0	23.0	90.0	5.0	4.0	1.0	
932.0	0.0	2.0	498.0	498.0	519.0	21.0	64.0	4.0	4.0	2.0	
933.0	1.0	2.0	514.0	514.0	537.0	23.0	84.0	5.0	12.0	2.0	
934.0	1.0	2.0	506.0	506.0	529.0	23.0	51.0	3.0	2.0	3.0	
935.0	1.0	2.0	482.0	482.0	505.0	23.0	89.0	5.0	14.0	2.0	
936.0	1.0	2.0	416.0	416.0	440.0	24.0	84.0	5.0	12.0	2.0	
937.0	0.0	2.0	522.0	522.0	543.0	21.0	77.0	4.0	8.0	2.0	
938.0	0.0	2.0	506.0	506.0	527.0	21.0	62.0	4.0	7.0	4.0	
939.0	0.0	2.0	529.0	529.0	550.0	21.0	63.0	4.0	15.0	1.0	
940.0	1.0	2.0	438.0	438.0	461.0	23.0	86.0	5.0	15.0	4.0	
941.0	1.0	2.0	409.0	409.0	432.0	23.0	52.0	3.0	4.0	3.0	
942.0	0.0	2.0	522.0	522.0	543.0	21.0	74.0	4.0	1.0	3.0	
943.0	0.0	2.0	407.0	407.0	429.0	22.0	75.0	4.0	8.0	5.0	
944.0	1.0	2.0	438.0	438.0	461.0	23.0	100.0	5.0	14.0	1.0	
945.0	0.0	2.0	534.0	534.0	555.0	21.0	62.0	4.0	7.0	4.0	
946.0	1.0	2.0	413.0	413.0	436.0	23.0	95.0	5.0	8.0	5.0	
947.0	0.0	2.0	407.0	407.0	429.0	22.0	69.0	4.0	12.0	2.0	
948.0	0.0	2.0	525.0	525.0	546.0	21.0	70.0	4.0	11.0	5.0	
949.0	1.0	2.0	418.0	418.0	441.0	23.0	44.0	3.0	3.0	5.0	
950.0	1.0	2.0	525.0	525.0	548.0	23.0	58.0	3.0	11.0	4.0	
951.0	1.0	2.0	385.0	386.0	409.0	23.0	99.0	5.0	12.0	3.0	
952.0	0.0	2.0	430.0	430.0	451.0	21.0	64.0	4.0	4.0	2.0	
953.0	1.0	2.0	430.0	430.0	453.0	23.0	52.0	3.0	4.0	3.0	
954.0	0.0	2.0	492.0	492.0	513.0	21.0	68.0	4.0	5.0	3.0	
955.0	1.0	2.0	484.0	484.0	507.0	23.0	81.0	5.0	3.0	4.0	
956.0	1.0	2.0	437.0	437.0	460.0	23.0	51.0	3.0	2.0	3.0	
957.0	0.0	2.0	430.0	430.0	451.0	21.0	77.0	4.0	8.0	2.0	
958.0	1.0	2.0	523.0	523.0	546.0	23.0	23.0	2.0	7.0	3.0	
959.0	1.0	2.0	466.0	466.0	489.0	23.0	97.0	5.0	9.0	3.0	
960.0	1.0	2.0	487.0	487.0	510.0	23.0	81.0	5.0	3.0	4.0	
961.0	0.0	2.0	522.0	522.0	543.0	21.0	69.0	4.0	12.0	2.0	
962.0	1.0	2.0	518.0	518.0	541.0	23.0	43.0	3.0	13.0	1.0	
963.0	1.0	2.0	484.0	484.0	507.0	23.0	26.0	2.0	1.0	2.0	
964.0	0.0	2.0	430.0	430.0	451.0	21.0	78.0	4.0	8.0	1.0	
965.0	1.0	2.0	426.0	427.0	450.0	23.0	98.0	5.0	15.0	2.0	
966.0	1.0	2.0	461.0	461.0	484.0	23.0	26.0	2.0	1.0	2.0	
967.0	1.0	2.0	524.0	524.0	547.0	23.0	66.0	4.0	12.0	5.0	
968.0	1.0	2.0	397.0	397.0	420.0	23.0	41.0	3.0	15.0	4.0	
969.0	1.0	2.0	408.0	409.0	432.0	23.0	92.0	5.0	10.0	4.0	
970.0	0.0	2.0	479.0	479.0	501.0	22.0	78.0	4.0	8.0	1.0	
971.0	1.0	2.0	455.0	455.0	478.0	23.0	52.0	3.0	4.0	3.0	
972.0	1.0	2.0	473.0	473.0	496.0	23.0	34.0	2.0	14.0	1.0	
973.0	0.0	2.0	449.0	450.0	471.0	21.0	65.0	4.0	11.0	2.0	
974.0	1.0	2.0	456.0	456.0	480.0	24.0	49.0	3.0	12.0	1.0	
975.0	0.0	2.0	429.0	429.0	450.0	21.0	73.0	4.0	13.0	3.0	
976.0	0.0	2.0	428.0	429.0	450.0	21.0	76.0	4.0	6.0	4.0	
977.0	0.0	2.0	537.0	537.0	558.0	21.0	78.0	4.0	8.0	1.0	
978.0	1.0	2.0	430.0	430.0	453.0	23.0	39.0	2.0	14.0	2.0	
979.0	1.0	2.0	471.0	471.0	494.0	23.0	89.0	5.0	14.0	2.0	
980.0	1.0	2.0	500.0	500.0	523.0	23.0	55.0	3.0	6.0	4.0	
981.0	0.0	2.0	527.0	527.0	548.0	21.0	71.0	4.0	11.0	3.0	
982.0	1.0	2.0	537.0	537.0	560.0	23.0	69.0	4.0	12.0	2.0	
983.0	1.0	2.0	430.0	430.0	453.0	23.0	98.0	5.0	15.0	2.0	
984.0	1.0	2.0	504.0	504.0	527.0	23.0	47.0	3.0	15.0	5.0	
985.0	0.0	2.0	448.0	448.0	469.0	21.0	62.0	4.0	7.0	4.0	
986.0	1.0	2.0	488.0	488.0	511.0	23.0	44.0	3.0	3.0	5.0	
987.0	0.0	2.0	491.0	491.0	512.0	21.0	67.0	4.0	3.0	3.0	
988.0	1.0	2.0	527.0	527.0	550.0	23.0	36.0	2.0	15.0	4.0	
989.0	1.0	2.0	466.0	466.0	489.0	23.0	99.0	5.0	12.0	3.0	
990.0	1.0	2.0	350.0	350.0	373.0	23.0	95.0	5.0	8.0	5.0	
991.0	1.0	2.0	476.0	476.0	499.0	23.0	85.0	5.0	3.0	5.0	
992.0	1.0	2.0	422.0	422.0	445.0	23.0	90.0	5.0	4.0	1.0	
993.0	0.0	2.0	522.0	522.0	543.0	21.0	65.0	4.0	11.0	2.0	
994.0	1.0	2.0	523.0	523.0	546.0	23.0	95.0	5.0	8.0	5.0	
995.0	0.0	2.0	531.0	531.0	552.0	21.0	71.0	4.0	11.0	3.0	
996.0	0.0	2.0	480.0	480.0	501.0	21.0	76.0	4.0	6.0	4.0	
997.0	1.0	2.0	449.0	449.0	472.0	23.0	87.0	5.0	5.0	5.0	
998.0	0.0	2.0	536.0	536.0	557.0	21.0	61.0	4.0	12.0	4.0	
999.0	1.0	2.0	336.0	336.0	359.0	23.0	85.0	5.0	3.0	5.0	
1000.0	1.0	2.0	461.0	461.0	484.0	23.0	27.0	2.0	13.0	4.0	
1001.0	0.0	2.0	534.0	534.0	555.0	21.0	70.0	4.0	11.0	5.0	
1002.0	1.0	2.0	509.0	509.0	532.0	23.0	84.0	5.0	12.0	2.0	
1003.0	1.0	2.0	515.0	515.0	538.0	23.0	82.0	5.0	6.0	2.0	
1004.0	0.0	2.0	522.0	522.0	543.0	21.0	78.0	4.0	8.0	1.0	
1005.0	0.0	2.0	520.0	520.0	541.0	21.0	63.0	4.0	15.0	1.0	
1006.0	1.0	2.0	408.0	408.0	431.0	23.0	94.0	5.0	13.0	1.0	
1007.0	1.0	2.0	522.0	522.0	545.0	23.0	92.0	5.0	10.0	4.0	
1008.0	1.0	2.0	410.0	410.0	433.0	23.0	49.0	3.0	12.0	1.0	
1009.0	0.0	2.0	395.0	395.0	416.0	21.0	75.0	4.0	8.0	5.0	
1010.0	1.0	2.0	525.0	525.0	548.0	23.0	21.0	2.0	9.0	1.0	
1011.0	1.0	2.0	432.0	432.0	455.0	23.0	89.0	5.0	14.0	2.0	
1012.0	1.0	2.0	536.0	536.0	559.0	23.0	98.0	5.0	15.0	2.0	
1013.0	1.0	2.0	533.0	533.0	556.0	23.0	88.0	5.0	4.0	3.0	
1014.0	1.0	2.0	331.0	331.0	354.0	23.0	90.0	5.0	4.0	1.0	
1015.0	1.0	2.0	538.0	538.0	561.0	23.0	49.0	3.0	12.0	1.0	
1016.0	1.0	2.0	471.0	471.0	494.0	23.0	97.0	5.0	9.0	3.0	
1017.0	0.0	2.0	532.0	532.0	553.0	21.0	78.0	4.0	8.0	1.0	
1018.0	1.0	2.0	525.0	525.0	548.0	23.0	95.0	5.0	8.0	5.0	
1019.0	1.0	2.0	521.0	521.0	544.0	23.0	51.0	3.0	2.0	3.0	
1020.0	1.0	2.0	453.0	453.0	476.0	23.0	96.0	5.0	15.0	3.0	
1021.0	0.0	2.0	495.0	495.0	516.0	21.0	69.0	4.0	12.0	2.0	
1022.0	1.0	2.0	479.0	479.0	502.0	23.0	98.0	5.0	15.0	2.0	
1023.0	1.0	2.0	495.0	495.0	518.0	23.0	43.0	3.0	13.0	1.0	
1024.0	1.0	2.0	526.0	526.0	549.0	23.0	91.0	5.0	9.0	5.0	
1025.0	1.0	2.0	455.0	455.0	478.0	23.0	32.0	2.0	14.0	3.0	
1026.0	1.0	2.0	532.0	532.0	555.0	23.0	85.0	5.0	3.0	5.0	
1027.0	1.0	2.0	456.0	456.0	479.0	23.0	95.0	5.0	8.0	5.0	
1028.0	1.0	2.0	540.0	540.0	563.0	23.0	79.0	4.0	7.0	3.0	
1029.0	1.0	2.0	449.0	449.0	472.0	23.0	100.0	5.0	14.0	1.0	
1030.0	1.0	2.0	378.0	378.0	401.0	23.0	90.0	5.0	4.0	1.0	
1031.0	1.0	2.0	536.0	536.0	559.0	23.0	89.0	5.0	14.0	2.0	
1032.0	1.0	2.0	456.0	456.0	479.0	23.0	55.0	3.0	6.0	4.0	
1033.0	0.0	2.0	449.0	449.0	470.0	21.0	67.0	4.0	3.0	3.0	
1034.0	1.0	2.0	531.0	531.0	554.0	23.0	84.0	5.0	12.0	2.0	
1035.0	0.0	2.0	538.0	538.0	559.0	21.0	73.0	4.0	13.0	3.0	
1036.0	1.0	2.0	407.0	407.0	431.0	24.0	55.0	3.0	6.0	4.0	
1037.0	1.0	2.0	510.0	510.0	533.0	23.0	99.0	5.0	12.0	3.0	
1038.0	0.0	2.0	407.0	407.0	429.0	22.0	80.0	4.0	3.0	1.0	
1039.0	1.0	2.0	479.0	479.0	502.0	23.0	87.0	5.0	5.0	5.0	
1040.0	0.0	2.0	328.0	328.0	349.0	21.0	67.0	4.0	3.0	3.0	
1041.0	0.0	2.0	538.0	538.0	559.0	21.0	69.0	4.0	12.0	2.0	
1042.0	1.0	2.0	501.0	501.0	524.0	23.0	32.0	2.0	14.0	3.0	
1043.0	1.0	2.0	504.0	504.0	527.0	23.0	57.0	3.0	14.0	3.0	
1044.0	1.0	2.0	492.0	492.0	515.0	23.0	86.0	5.0	15.0	4.0	
1045.0	1.0	2.0	492.0	492.0	515.0	23.0	82.0	5.0	6.0	2.0	
1046.0	1.0	2.0	410.0	410.0	433.0	23.0	98.0	5.0	15.0	2.0	
1047.0	1.0	2.0	416.0	416.0	439.0	23.0	91.0	5.0	9.0	5.0	
1048.0	1.0	2.0	498.0	498.0	521.0	23.0	51.0	3.0	2.0	3.0	
1049.0	1.0	2.0	497.0	497.0	520.0	23.0	96.0	5.0	15.0	3.0	
1050.0	1.0	2.0	495.0	495.0	518.0	23.0	100.0	5.0	14.0	1.0	
1051.0	1.0	2.0	336.0	336.0	359.0	23.0	100.0	5.0	14.0	1.0	
1052.0	1.0	2.0	336.0	336.0	359.0	23.0	98.0	5.0	15.0	2.0	
1053.0	0.0	2.0	537.0	537.0	558.0	21.0	65.0	4.0	11.0	2.0	
1054.0	1.0	2.0	522.0	522.0	545.0	23.0	31.0	2.0	8.0	1.0	
1055.0	1.0	2.0	459.0	460.0	483.0	23.0	47.0	3.0	15.0	5.0	
1056.0	1.0	2.0	468.0	468.0	491.0	23.0	46.0	3.0	14.0	3.0	
1057.0	1.0	2.0	413.0	413.0	436.0	23.0	98.0	5.0	15.0	2.0	
1058.0	0.0	2.0	519.0	519.0	540.0	21.0	61.0	4.0	12.0	4.0	
1059.0	1.0	2.0	500.0	500.0	523.0	23.0	25.0	2.0	12.0	2.0	
1060.0	0.0	2.0	535.0	535.0	556.0	21.0	68.0	4.0	5.0	3.0	
1061.0	1.0	2.0	438.0	438.0	461.0	23.0	99.0	5.0	12.0	3.0	
1062.0	1.0	2.0	504.0	504.0	527.0	23.0	43.0	3.0	13.0	1.0	
1063.0	0.0	2.0	410.0	410.0	432.0	22.0	75.0	4.0	8.0	5.0	
1064.0	1.0	2.0	531.0	531.0	554.0	23.0	96.0	5.0	15.0	3.0	
1065.0	1.0	2.0	536.0	536.0	559.0	23.0	68.0	4.0	5.0	3.0	
1066.0	0.0	2.0	410.0	410.0	432.0	22.0	65.0	4.0	11.0	2.0	
1067.0	1.0	2.0	516.0	516.0	539.0	23.0	99.0	5.0	12.0	3.0	
1068.0	1.0	2.0	453.0	453.0	476.0	23.0	93.0	5.0	4.0	5.0	
1069.0	1.0	2.0	508.0	508.0	531.0	23.0	96.0	5.0	15.0	3.0	
1070.0	0.0	2.0	493.0	493.0	514.0	21.0	78.0	4.0	8.0	1.0	
1071.0	1.0	2.0	410.0	410.0	433.0	23.0	57.0	3.0	14.0	3.0	
1072.0	1.0	2.0	476.0	476.0	499.0	23.0	97.0	5.0	9.0	3.0	
1073.0	0.0	2.0	428.0	428.0	449.0	21.0	65.0	4.0	11.0	2.0	
1074.0	1.0	2.0	425.0	425.0	448.0	23.0	95.0	5.0	8.0	5.0	
1075.0	1.0	2.0	522.0	522.0	545.0	23.0	99.0	5.0	12.0	3.0	
1076.0	1.0	2.0	328.0	328.0	351.0	23.0	98.0	5.0	15.0	2.0	
1077.0	1.0	2.0	430.0	430.0	453.0	23.0	92.0	5.0	10.0	4.0	
1078.0	0.0	2.0	537.0	537.0	558.0	21.0	61.0	4.0	12.0	4.0	
1079.0	1.0	2.0	337.0	337.0	360.0	23.0	88.0	5.0	4.0	3.0	
1080.0	0.0	2.0	539.0	539.0	560.0	21.0	66.0	4.0	12.0	5.0	
1081.0	1.0	2.0	522.0	522.0	545.0	23.0	95.0	5.0	8.0	5.0	
1082.0	1.0	2.0	399.0	399.0	422.0	23.0	85.0	5.0	3.0	5.0	
1083.0	1.0	2.0	493.0	493.0	516.0	23.0	64.0	4.0	4.0	2.0	
1084.0	1.0	2.0	466.0	466.0	490.0	24.0	41.0	3.0	15.0	4.0	
1085.0	1.0	2.0	533.0	533.0	556.0	23.0	94.0	5.0	13.0	1.0	
1086.0	0.0	2.0	537.0	537.0	558.0	21.0	64.0	4.0	4.0	2.0	
1087.0	1.0	2.0	519.0	519.0	542.0	23.0	100.0	5.0	14.0	1.0	
1088.0	1.0	2.0	336.0	336.0	359.0	23.0	87.0	5.0	5.0	5.0	
1089.0	1.0	2.0	476.0	476.0	500.0	24.0	25.0	2.0	12.0	2.0	
1090.0	0.0	2.0	497.0	497.0	518.0	21.0	77.0	4.0	8.0	2.0	
1091.0	1.0	2.0	385.0	386.0	409.0	23.0	92.0	5.0	10.0	4.0	
1092.0	1.0	2.0	337.0	337.0	360.0	23.0	84.0	5.0	12.0	2.0	
1093.0	1.0	2.0	457.0	458.0	481.0	23.0	57.0	3.0	14.0	3.0	
1094.0	1.0	2.0	359.0	359.0	382.0	23.0	41.0	3.0	15.0	4.0	
1095.0	1.0	2.0	510.0	510.0	533.0	23.0	81.0	5.0	3.0	4.0	
1096.0	1.0	2.0	454.0	454.0	477.0	23.0	55.0	3.0	6.0	4.0	
1097.0	1.0	2.0	410.0	410.0	434.0	24.0	83.0	5.0	5.0	1.0	
1098.0	0.0	2.0	515.0	515.0	536.0	21.0	61.0	4.0	12.0	4.0	
1099.0	1.0	2.0	402.0	402.0	425.0	23.0	47.0	3.0	15.0	5.0	
1100.0	0.0	2.0	470.0	470.0	491.0	21.0	67.0	4.0	3.0	3.0	
1101.0	1.0	2.0	480.0	480.0	503.0	23.0	57.0	3.0	14.0	3.0	
1102.0	1.0	2.0	517.0	517.0	540.0	23.0	33.0	2.0	14.0	1.0	
1103.0	0.0	2.0	496.0	496.0	517.0	21.0	75.0	4.0	8.0	5.0	
1104.0	1.0	2.0	411.0	411.0	434.0	23.0	60.0	3.0	3.0	3.0	
1105.0	0.0	2.0	447.0	448.0	469.0	21.0	61.0	4.0	12.0	4.0	
1106.0	1.0	2.0	336.0	336.0	359.0	23.0	83.0	5.0	5.0	1.0	
1107.0	0.0	2.0	450.0	450.0	471.0	21.0	68.0	4.0	5.0	3.0	
1108.0	1.0	2.0	464.0	464.0	487.0	23.0	88.0	5.0	4.0	3.0	
1109.0	0.0	2.0	503.0	503.0	524.0	21.0	75.0	4.0	8.0	5.0	
1110.0	1.0	2.0	336.0	336.0	359.0	23.0	82.0	5.0	6.0	2.0	
1111.0	1.0	2.0	524.0	525.0	548.0	23.0	52.0	3.0	4.0	3.0	
1112.0	1.0	2.0	431.0	431.0	454.0	23.0	55.0	3.0	6.0	4.0	
1113.0	1.0	2.0	336.0	336.0	359.0	23.0	95.0	5.0	8.0	5.0	
1114.0	0.0	2.0	450.0	450.0	471.0	21.0	70.0	4.0	11.0	5.0	
1115.0	0.0	2.0	439.0	439.0	460.0	21.0	73.0	4.0	13.0	3.0	
1116.0	1.0	2.0	522.0	522.0	545.0	23.0	92.0	5.0	10.0	4.0	
1117.0	1.0	2.0	456.0	456.0	479.0	23.0	60.0	3.0	3.0	3.0	
1118.0	1.0	2.0	477.0	477.0	500.0	23.0	50.0	3.0	9.0	1.0	
1119.0	1.0	2.0	510.0	510.0	533.0	23.0	88.0	5.0	4.0	3.0	
1120.0	0.0	2.0	483.0	483.0	504.0	21.0	67.0	4.0	3.0	3.0	
1121.0	1.0	2.0	420.0	420.0	443.0	23.0	41.0	3.0	15.0	4.0	
1122.0	1.0	2.0	337.0	337.0	360.0	23.0	81.0	5.0	3.0	4.0	
1123.0	0.0	2.0	524.0	524.0	545.0	21.0	75.0	4.0	8.0	5.0	
1124.0	0.0	2.0	498.0	498.0	519.0	21.0	79.0	4.0	7.0	3.0	
1125.0	1.0	2.0	491.0	491.0	514.0	23.0	46.0	3.0	14.0	3.0	
1126.0	0.0	2.0	538.0	538.0	559.0	21.0	65.0	4.0	11.0	2.0	
1127.0	0.0	2.0	483.0	483.0	504.0	21.0	68.0	4.0	5.0	3.0	
1128.0	1.0	2.0	385.0	385.0	408.0	23.0	83.0	5.0	5.0	1.0	
1129.0	1.0	2.0	523.0	523.0	546.0	23.0	98.0	5.0	15.0	2.0	
1130.0	1.0	2.0	513.0	513.0	536.0	23.0	96.0	5.0	15.0	3.0	
1131.0	1.0	2.0	526.0	526.0	549.0	23.0	90.0	5.0	4.0	1.0	
1132.0	1.0	2.0	489.0	489.0	512.0	23.0	87.0	5.0	5.0	5.0	
1133.0	1.0	2.0	502.0	502.0	525.0	23.0	95.0	5.0	8.0	5.0	
1134.0	0.0	2.0	475.0	475.0	496.0	21.0	69.0	4.0	12.0	2.0	
1135.0	0.0	2.0	483.0	483.0	504.0	21.0	71.0	4.0	11.0	3.0	
1136.0	1.0	2.0	336.0	336.0	359.0	23.0	84.0	5.0	12.0	2.0	
1137.0	0.0	2.0	440.0	440.0	461.0	21.0	78.0	4.0	8.0	1.0	
1138.0	1.0	2.0	336.0	336.0	359.0	23.0	93.0	5.0	4.0	5.0	
1139.0	1.0	2.0	364.0	364.0	387.0	23.0	99.0	5.0	12.0	3.0	
1140.0	1.0	2.0	458.0	458.0	481.0	23.0	35.0	2.0	10.0	5.0	
1141.0	0.0	2.0	418.0	418.0	439.0	21.0	56.0	3.0	13.0	5.0	
1142.0	0.0	2.0	453.0	453.0	474.0	21.0	59.0	3.0	9.0	4.0	
1143.0	0.0	2.0	338.0	338.0	359.0	21.0	41.0	3.0	15.0	4.0	
1144.0	0.0	2.0	431.0	431.0	452.0	21.0	43.0	3.0	13.0	1.0	
1145.0	0.0	2.0	447.0	447.0	468.0	21.0	46.0	3.0	14.0	3.0	
1146.0	0.0	2.0	403.0	404.0	425.0	21.0	49.0	3.0	12.0	1.0	
1147.0	0.0	2.0	431.0	431.0	453.0	22.0	53.0	3.0	12.0	3.0	
1148.0	1.0	2.0	338.0	338.0	361.0	23.0	85.0	5.0	3.0	5.0	
1149.0	0.0	2.0	434.0	435.0	456.0	21.0	60.0	3.0	3.0	3.0	
1150.0	1.0	2.0	435.0	435.0	458.0	23.0	90.0	5.0	4.0	1.0	
1151.0	0.0	2.0	431.0	432.0	453.0	21.0	45.0	3.0	5.0	4.0	
1152.0	0.0	2.0	425.0	425.0	446.0	21.0	49.0	3.0	12.0	1.0	
1153.0	0.0	2.0	454.0	454.0	475.0	21.0	51.0	3.0	2.0	3.0	
1154.0	0.0	2.0	477.0	477.0	498.0	21.0	53.0	3.0	12.0	3.0	
1155.0	0.0	2.0	476.0	476.0	497.0	21.0	58.0	3.0	11.0	4.0	
1156.0	1.0	2.0	391.0	391.0	414.0	23.0	90.0	5.0	4.0	1.0	
1157.0	0.0	2.0	474.0	474.0	495.0	21.0	43.0	3.0	13.0	1.0	
1158.0	0.0	2.0	476.0	476.0	497.0	21.0	45.0	3.0	5.0	4.0	
1159.0	0.0	2.0	480.0	480.0	501.0	21.0	49.0	3.0	12.0	1.0	
1160.0	1.0	2.0	438.0	438.0	461.0	23.0	88.0	5.0	4.0	3.0	
1161.0	0.0	2.0	477.0	477.0	498.0	21.0	56.0	3.0	13.0	5.0	
1162.0	1.0	2.0	422.0	422.0	445.0	23.0	85.0	5.0	3.0	5.0	
1163.0	0.0	2.0	475.0	476.0	497.0	21.0	42.0	3.0	4.0	1.0	
1164.0	0.0	2.0	482.0	482.0	503.0	21.0	44.0	3.0	3.0	5.0	
1165.0	0.0	2.0	487.0	487.0	508.0	21.0	48.0	3.0	13.0	4.0	
1166.0	0.0	2.0	409.0	409.0	431.0	22.0	51.0	3.0	2.0	3.0	
1167.0	1.0	2.0	440.0	440.0	463.0	23.0	81.0	5.0	3.0	4.0	
1168.0	0.0	2.0	484.0	484.0	505.0	21.0	56.0	3.0	13.0	5.0	
1169.0	1.0	2.0	464.0	464.0	487.0	23.0	96.0	5.0	15.0	3.0	
1170.0	0.0	2.0	452.0	453.0	474.0	21.0	43.0	3.0	13.0	1.0	
1171.0	1.0	2.0	475.0	475.0	498.0	23.0	51.0	3.0	2.0	3.0	
1172.0	0.0	2.0	524.0	524.0	545.0	21.0	49.0	3.0	12.0	1.0	
1173.0	1.0	2.0	385.0	385.0	408.0	23.0	89.0	5.0	14.0	2.0	
1174.0	1.0	2.0	493.0	493.0	516.0	23.0	92.0	5.0	10.0	4.0	
1175.0	1.0	2.0	434.0	435.0	458.0	23.0	38.0	2.0	5.0	5.0	
1176.0	1.0	2.0	427.0	427.0	450.0	23.0	98.0	5.0	15.0	2.0	
1177.0	0.0	2.0	483.0	483.0	504.0	21.0	43.0	3.0	13.0	1.0	
1178.0	1.0	2.0	474.0	474.0	497.0	23.0	85.0	5.0	3.0	5.0	
1179.0	0.0	2.0	531.0	531.0	552.0	21.0	48.0	3.0	13.0	4.0	
1180.0	0.0	2.0	499.0	499.0	520.0	21.0	53.0	3.0	12.0	3.0	
1181.0	0.0	2.0	434.0	435.0	456.0	21.0	55.0	3.0	6.0	4.0	
1182.0	0.0	2.0	497.0	497.0	518.0	21.0	58.0	3.0	11.0	4.0	
1183.0	0.0	2.0	476.0	476.0	497.0	21.0	60.0	3.0	3.0	3.0	
1184.0	0.0	2.0	497.0	497.0	518.0	21.0	45.0	3.0	5.0	4.0	
1185.0	1.0	2.0	403.0	404.0	427.0	23.0	85.0	5.0	3.0	5.0	
1186.0	1.0	2.0	427.0	427.0	450.0	23.0	81.0	5.0	3.0	4.0	
1187.0	0.0	2.0	521.0	521.0	542.0	21.0	53.0	3.0	12.0	3.0	
1188.0	0.0	2.0	498.0	498.0	519.0	21.0	56.0	3.0	13.0	5.0	
1189.0	0.0	2.0	497.0	497.0	518.0	21.0	60.0	3.0	3.0	3.0	
1190.0	0.0	2.0	506.0	506.0	527.0	21.0	41.0	3.0	15.0	4.0	
1191.0	1.0	2.0	427.0	427.0	450.0	23.0	68.0	4.0	5.0	3.0	
1192.0	0.0	2.0	527.0	527.0	548.0	21.0	47.0	3.0	15.0	5.0	
1193.0	1.0	2.0	525.0	525.0	548.0	23.0	82.0	5.0	6.0	2.0	
1194.0	1.0	2.0	429.0	429.0	452.0	23.0	95.0	5.0	8.0	5.0	
1195.0	0.0	2.0	503.0	503.0	524.0	21.0	57.0	3.0	14.0	3.0	
1196.0	0.0	2.0	518.0	518.0	539.0	21.0	60.0	3.0	3.0	3.0	
1197.0	0.0	2.0	431.0	431.0	452.0	21.0	42.0	3.0	4.0	1.0	
1198.0	0.0	2.0	508.0	509.0	530.0	21.0	46.0	3.0	14.0	3.0	
1199.0	1.0	2.0	536.0	536.0	559.0	23.0	96.0	5.0	15.0	3.0	
1200.0	1.0	2.0	526.0	526.0	549.0	23.0	56.0	3.0	13.0	5.0	
1201.0	0.0	2.0	500.0	500.0	521.0	21.0	55.0	3.0	6.0	4.0	
1202.0	1.0	2.0	440.0	440.0	463.0	23.0	84.0	5.0	12.0	2.0	
1203.0	1.0	2.0	427.0	427.0	450.0	23.0	88.0	5.0	4.0	3.0	
1204.0	1.0	2.0	420.0	420.0	444.0	24.0	78.0	4.0	8.0	1.0	
1205.0	1.0	2.0	432.0	432.0	455.0	23.0	86.0	5.0	15.0	4.0	
1206.0	1.0	2.0	403.0	404.0	427.0	23.0	87.0	5.0	5.0	5.0	
1207.0	1.0	2.0	531.0	531.0	554.0	23.0	99.0	5.0	12.0	3.0	
1208.0	0.0	2.0	505.0	505.0	526.0	21.0	56.0	3.0	13.0	5.0	
1209.0	1.0	2.0	497.0	497.0	520.0	23.0	85.0	5.0	3.0	5.0	
1210.0	0.0	2.0	497.0	497.0	518.0	21.0	42.0	3.0	4.0	1.0	
1211.0	0.0	2.0	511.0	511.0	532.0	21.0	44.0	3.0	3.0	5.0	
1212.0	1.0	2.0	536.0	536.0	559.0	23.0	97.0	5.0	9.0	3.0	
1213.0	1.0	2.0	427.0	427.0	450.0	23.0	100.0	5.0	14.0	1.0	
1214.0	0.0	2.0	479.0	479.0	500.0	21.0	55.0	3.0	6.0	4.0	
1215.0	0.0	2.0	504.0	504.0	525.0	21.0	58.0	3.0	11.0	4.0	
1216.0	1.0	2.0	336.0	336.0	359.0	23.0	91.0	5.0	9.0	5.0	
1217.0	0.0	2.0	518.0	518.0	539.0	21.0	42.0	3.0	4.0	1.0	
1218.0	1.0	2.0	486.0	486.0	509.0	23.0	84.0	5.0	12.0	2.0	
1219.0	1.0	2.0	504.0	504.0	527.0	23.0	38.0	2.0	5.0	5.0	
1220.0	0.0	2.0	529.0	529.0	550.0	21.0	51.0	3.0	2.0	3.0	
1221.0	1.0	2.0	456.0	456.0	479.0	23.0	21.0	2.0	9.0	1.0	
1222.0	0.0	2.0	520.0	520.0	541.0	21.0	59.0	3.0	9.0	4.0	
1223.0	0.0	2.0	485.0	485.0	506.0	21.0	41.0	3.0	15.0	4.0	
1224.0	1.0	2.0	489.0	489.0	512.0	23.0	94.0	5.0	13.0	1.0	
1225.0	0.0	2.0	514.0	514.0	535.0	21.0	46.0	3.0	14.0	3.0	
1226.0	1.0	2.0	497.0	497.0	520.0	23.0	88.0	5.0	4.0	3.0	
1227.0	0.0	2.0	501.0	501.0	522.0	21.0	54.0	3.0	10.0	5.0	
1228.0	1.0	2.0	520.0	520.0	543.0	23.0	97.0	5.0	9.0	3.0	
1229.0	1.0	2.0	500.0	500.0	523.0	23.0	100.0	5.0	14.0	1.0	
1230.0	1.0	2.0	522.0	522.0	545.0	23.0	90.0	5.0	4.0	1.0	
1231.0	0.0	2.0	518.0	518.0	539.0	21.0	45.0	3.0	5.0	4.0	
1232.0	1.0	2.0	540.0	540.0	563.0	23.0	75.0	4.0	8.0	5.0	
1233.0	1.0	2.0	431.0	432.0	455.0	23.0	94.0	5.0	13.0	1.0	
1234.0	1.0	2.0	403.0	404.0	427.0	23.0	77.0	4.0	8.0	2.0	
1235.0	0.0	2.0	439.0	440.0	461.0	21.0	56.0	3.0	13.0	5.0	
1236.0	1.0	2.0	522.0	522.0	545.0	23.0	98.0	5.0	15.0	2.0	
1237.0	1.0	2.0	526.0	526.0	549.0	23.0	89.0	5.0	14.0	2.0	
1238.0	1.0	2.0	362.0	362.0	385.0	23.0	89.0	5.0	14.0	2.0	
1239.0	1.0	2.0	427.0	427.0	450.0	23.0	73.0	4.0	13.0	3.0	
1240.0	1.0	2.0	481.0	481.0	504.0	23.0	38.0	2.0	5.0	5.0	
1241.0	0.0	2.0	523.0	523.0	544.0	21.0	55.0	3.0	6.0	4.0	
1242.0	0.0	2.0	413.0	413.0	434.0	21.0	57.0	3.0	14.0	3.0	
1243.0	1.0	2.0	425.0	425.0	448.0	23.0	82.0	5.0	6.0	2.0	
1244.0	1.0	2.0	427.0	427.0	450.0	23.0	87.0	5.0	5.0	5.0	
1245.0	0.0	2.0	441.0	441.0	462.0	21.0	46.0	3.0	14.0	3.0	
1246.0	1.0	2.0	500.0	500.0	523.0	23.0	86.0	5.0	15.0	4.0	
1247.0	1.0	2.0	516.0	516.0	539.0	23.0	87.0	5.0	5.0	5.0	
1248.0	0.0	2.0	524.0	524.0	545.0	21.0	57.0	3.0	14.0	3.0	
1249.0	0.0	2.0	539.0	539.0	560.0	21.0	60.0	3.0	3.0	3.0	
1250.0	1.0	2.0	453.0	453.0	477.0	24.0	23.0	2.0	7.0	3.0	
1251.0	0.0	2.0	532.0	532.0	553.0	21.0	44.0	3.0	3.0	5.0	
1252.0	1.0	2.0	513.0	513.0	536.0	23.0	68.0	4.0	5.0	3.0	
1253.0	1.0	2.0	536.0	536.0	559.0	23.0	95.0	5.0	8.0	5.0	
1254.0	1.0	2.0	522.0	522.0	545.0	23.0	82.0	5.0	6.0	2.0	
1255.0	1.0	2.0	532.0	532.0	555.0	23.0	96.0	5.0	15.0	3.0	
1256.0	1.0	2.0	438.0	438.0	461.0	23.0	26.0	2.0	1.0	2.0	
1257.0	1.0	2.0	461.0	461.0	484.0	23.0	64.0	4.0	4.0	2.0	
1258.0	1.0	2.0	533.0	533.0	556.0	23.0	99.0	5.0	12.0	3.0	
1259.0	1.0	2.0	541.0	541.0	564.0	23.0	43.0	3.0	13.0	1.0	
1260.0	1.0	2.0	403.0	404.0	427.0	23.0	88.0	5.0	4.0	3.0	
1261.0	1.0	2.0	532.0	532.0	555.0	23.0	84.0	5.0	12.0	2.0	
1262.0	1.0	2.0	362.0	362.0	385.0	23.0	83.0	5.0	5.0	1.0	
1263.0	0.0	2.0	527.0	527.0	548.0	21.0	41.0	3.0	15.0	4.0	
1264.0	1.0	2.0	403.0	404.0	427.0	23.0	98.0	5.0	15.0	2.0	
1265.0	1.0	2.0	517.0	517.0	540.0	23.0	89.0	5.0	14.0	2.0	
1266.0	1.0	2.0	408.0	409.0	432.0	23.0	90.0	5.0	4.0	1.0	
1267.0	1.0	2.0	469.0	469.0	492.0	23.0	61.0	4.0	12.0	4.0	
1268.0	1.0	2.0	525.0	525.0	548.0	23.0	91.0	5.0	9.0	5.0	
1269.0	1.0	2.0	510.0	510.0	533.0	23.0	84.0	5.0	12.0	2.0	
1270.0	1.0	2.0	529.0	529.0	552.0	23.0	93.0	5.0	4.0	5.0	
1271.0	1.0	2.0	403.0	404.0	427.0	23.0	81.0	5.0	3.0	4.0	
1272.0	1.0	2.0	409.0	409.0	433.0	24.0	62.0	4.0	7.0	4.0	
1273.0	1.0	2.0	539.0	539.0	562.0	23.0	81.0	5.0	3.0	4.0	
1274.0	1.0	2.0	519.0	519.0	542.0	23.0	56.0	3.0	13.0	5.0	
1275.0	1.0	2.0	536.0	536.0	559.0	23.0	86.0	5.0	15.0	4.0	
1276.0	1.0	2.0	533.0	533.0	556.0	23.0	84.0	5.0	12.0	2.0	
1277.0	1.0	2.0	514.0	514.0	537.0	23.0	93.0	5.0	4.0	5.0	
1278.0	0.0	2.0	530.0	530.0	551.0	21.0	46.0	3.0	14.0	3.0	
1279.0	1.0	2.0	435.0	435.0	458.0	23.0	87.0	5.0	5.0	5.0	
1280.0	1.0	2.0	426.0	427.0	450.0	23.0	91.0	5.0	9.0	5.0	
1281.0	1.0	2.0	440.0	440.0	464.0	24.0	96.0	5.0	15.0	3.0	
1282.0	1.0	2.0	475.0	475.0	498.0	23.0	98.0	5.0	15.0	2.0	
1283.0	1.0	2.0	496.0	496.0	519.0	23.0	34.0	2.0	14.0	1.0	
1284.0	0.0	2.0	526.0	526.0	547.0	21.0	44.0	3.0	3.0	5.0	
1285.0	1.0	2.0	530.0	530.0	553.0	23.0	83.0	5.0	5.0	1.0	
1286.0	1.0	2.0	539.0	539.0	562.0	23.0	84.0	5.0	12.0	2.0	
1287.0	1.0	2.0	403.0	404.0	427.0	23.0	73.0	4.0	13.0	3.0	
1288.0	1.0	2.0	520.0	520.0	543.0	23.0	53.0	3.0	12.0	3.0	
1289.0	1.0	2.0	457.0	457.0	480.0	23.0	75.0	4.0	8.0	5.0	
1290.0	0.0	2.0	534.0	534.0	555.0	21.0	41.0	3.0	15.0	4.0	
1291.0	0.0	2.0	535.0	535.0	556.0	21.0	46.0	3.0	14.0	3.0	
1292.0	1.0	2.0	337.0	337.0	360.0	23.0	98.0	5.0	15.0	2.0	
1293.0	1.0	2.0	438.0	438.0	461.0	23.0	64.0	4.0	4.0	2.0	
1294.0	1.0	2.0	337.0	337.0	360.0	23.0	96.0	5.0	15.0	3.0	
1295.0	1.0	2.0	425.0	425.0	448.0	23.0	61.0	4.0	12.0	4.0	
1296.0	1.0	2.0	427.0	427.0	450.0	23.0	86.0	5.0	15.0	4.0	
1297.0	1.0	2.0	501.0	501.0	524.0	23.0	66.0	4.0	12.0	5.0	
1298.0	1.0	2.0	499.0	499.0	522.0	23.0	98.0	5.0	15.0	2.0	
1299.0	1.0	2.0	539.0	539.0	562.0	23.0	99.0	5.0	12.0	3.0	
1300.0	1.0	2.0	432.0	432.0	456.0	24.0	21.0	2.0	9.0	1.0	
1301.0	1.0	2.0	450.0	450.0	473.0	23.0	98.0	5.0	15.0	2.0	
1302.0	1.0	2.0	432.0	432.0	455.0	23.0	85.0	5.0	3.0	5.0	
1303.0	1.0	2.0	533.0	533.0	556.0	23.0	83.0	5.0	5.0	1.0	
1304.0	1.0	2.0	537.0	537.0	560.0	23.0	93.0	5.0	4.0	5.0	
1305.0	1.0	2.0	475.0	475.0	498.0	23.0	24.0	2.0	14.0	4.0	
1306.0	0.0	2.0	432.0	432.0	454.0	22.0	50.0	3.0	9.0	1.0	
1307.0	1.0	2.0	408.0	409.0	432.0	23.0	88.0	5.0	4.0	3.0	
1308.0	1.0	2.0	474.0	474.0	497.0	23.0	97.0	5.0	9.0	3.0	
1309.0	1.0	2.0	539.0	539.0	562.0	23.0	69.0	4.0	12.0	2.0	
1310.0	1.0	2.0	498.0	498.0	521.0	23.0	73.0	4.0	13.0	3.0	
1311.0	1.0	2.0	464.0	464.0	487.0	23.0	71.0	4.0	11.0	3.0	
1312.0	1.0	2.0	455.0	455.0	478.0	23.0	94.0	5.0	13.0	1.0	
1313.0	1.0	2.0	540.0	540.0	563.0	23.0	89.0	5.0	14.0	2.0	
1314.0	0.0	2.0	432.0	432.0	454.0	22.0	53.0	3.0	12.0	3.0	
1315.0	1.0	2.0	501.0	502.0	525.0	23.0	40.0	2.0	11.0	3.0	
1316.0	1.0	2.0	537.0	537.0	560.0	23.0	92.0	5.0	10.0	4.0	
1317.0	1.0	2.0	433.0	433.0	456.0	23.0	98.0	5.0	15.0	2.0	
1318.0	1.0	2.0	403.0	404.0	427.0	23.0	86.0	5.0	15.0	4.0	
1319.0	1.0	2.0	437.0	437.0	460.0	23.0	36.0	2.0	15.0	4.0	
1320.0	1.0	2.0	536.0	536.0	559.0	23.0	88.0	5.0	4.0	3.0	
1321.0	1.0	2.0	497.0	497.0	520.0	23.0	91.0	5.0	9.0	5.0	
1322.0	1.0	2.0	461.0	461.0	484.0	23.0	22.0	2.0	6.0	2.0	
1323.0	1.0	2.0	528.0	528.0	551.0	23.0	81.0	5.0	3.0	4.0	
1324.0	1.0	2.0	460.0	460.0	483.0	23.0	63.0	4.0	15.0	1.0	
1325.0	1.0	2.0	539.0	539.0	562.0	23.0	85.0	5.0	3.0	5.0	
1326.0	1.0	2.0	457.0	457.0	480.0	23.0	74.0	4.0	1.0	3.0	
1327.0	1.0	2.0	527.0	527.0	550.0	23.0	68.0	4.0	5.0	3.0	
1328.0	1.0	2.0	521.0	521.0	544.0	23.0	98.0	5.0	15.0	2.0	
1329.0	1.0	2.0	520.0	520.0	543.0	23.0	81.0	5.0	3.0	4.0	
1330.0	0.0	2.0	513.0	513.0	534.0	21.0	41.0	3.0	15.0	4.0	
1331.0	1.0	2.0	517.0	517.0	540.0	23.0	37.0	2.0	5.0	2.0	
1332.0	1.0	2.0	440.0	440.0	463.0	23.0	96.0	5.0	15.0	3.0	
1333.0	1.0	2.0	509.0	509.0	532.0	23.0	78.0	4.0	8.0	1.0	
1334.0	1.0	2.0	527.0	527.0	550.0	23.0	35.0	2.0	10.0	5.0	
1335.0	1.0	2.0	454.0	454.0	477.0	23.0	70.0	4.0	11.0	5.0	
1336.0	1.0	2.0	526.0	526.0	549.0	23.0	100.0	5.0	14.0	1.0	
1337.0	1.0	2.0	486.0	486.0	509.0	23.0	96.0	5.0	15.0	3.0	
1338.0	1.0	2.0	450.0	450.0	473.0	23.0	81.0	5.0	3.0	4.0	
1339.0	1.0	2.0	458.0	458.0	481.0	23.0	90.0	5.0	4.0	1.0	
1340.0	1.0	2.0	429.0	429.0	452.0	23.0	72.0	4.0	11.0	2.0	
1341.0	1.0	2.0	337.0	337.0	360.0	23.0	100.0	5.0	14.0	1.0	
1342.0	1.0	2.0	432.0	432.0	456.0	24.0	100.0	5.0	14.0	1.0	
1343.0	1.0	2.0	428.0	428.0	451.0	23.0	71.0	4.0	11.0	3.0	
1344.0	1.0	2.0	471.0	471.0	494.0	23.0	97.0	5.0	9.0	3.0	
1345.0	1.0	2.0	362.0	362.0	385.0	23.0	92.0	5.0	10.0	4.0	
1346.0	1.0	2.0	408.0	409.0	432.0	23.0	83.0	5.0	5.0	1.0	
1347.0	1.0	2.0	425.0	425.0	448.0	23.0	62.0	4.0	7.0	4.0	
1348.0	1.0	2.0	510.0	510.0	533.0	23.0	82.0	5.0	6.0	2.0	
1349.0	1.0	2.0	428.0	428.0	451.0	23.0	24.0	2.0	14.0	4.0	
1350.0	0.0	2.0	527.0	527.0	548.0	21.0	43.0	3.0	13.0	1.0	
1351.0	1.0	2.0	472.0	472.0	495.0	23.0	85.0	5.0	3.0	5.0	
1352.0	1.0	2.0	460.0	460.0	483.0	23.0	91.0	5.0	9.0	5.0	
1353.0	1.0	2.0	432.0	432.0	456.0	24.0	95.0	5.0	8.0	5.0	
1354.0	1.0	2.0	522.0	522.0	545.0	23.0	82.0	5.0	6.0	2.0	
1355.0	1.0	2.0	441.0	441.0	464.0	23.0	74.0	4.0	1.0	3.0	
1356.0	1.0	2.0	432.0	432.0	455.0	23.0	90.0	5.0	4.0	1.0	
1357.0	1.0	2.0	474.0	474.0	497.0	23.0	91.0	5.0	9.0	5.0	
1358.0	0.0	2.0	483.0	483.0	504.0	21.0	47.0	3.0	15.0	5.0	
1359.0	0.0	2.0	523.0	523.0	544.0	21.0	50.0	3.0	9.0	1.0	
1360.0	1.0	2.0	533.0	533.0	556.0	23.0	82.0	5.0	6.0	2.0	
1361.0	1.0	2.0	414.0	415.0	438.0	23.0	90.0	5.0	4.0	1.0	
1362.0	1.0	2.0	403.0	404.0	427.0	23.0	86.0	5.0	15.0	4.0	
1363.0	1.0	2.0	362.0	362.0	385.0	23.0	99.0	5.0	12.0	3.0	
1364.0	1.0	2.0	528.0	528.0	551.0	23.0	27.0	2.0	13.0	4.0	
1365.0	1.0	2.0	511.0	511.0	534.0	23.0	85.0	5.0	3.0	5.0	
1366.0	1.0	2.0	450.0	450.0	473.0	23.0	74.0	4.0	1.0	3.0	
1367.0	0.0	2.0	433.0	433.0	454.0	21.0	54.0	3.0	10.0	5.0	
1368.0	1.0	2.0	520.0	520.0	543.0	23.0	91.0	5.0	9.0	5.0	
1369.0	0.0	2.0	530.0	530.0	551.0	21.0	22.0	2.0	6.0	2.0	
1370.0	1.0	2.0	457.0	457.0	480.0	23.0	66.0	4.0	12.0	5.0	
1371.0	1.0	2.0	427.0	427.0	450.0	23.0	86.0	5.0	15.0	4.0	
1372.0	0.0	2.0	496.0	496.0	517.0	21.0	33.0	2.0	14.0	1.0	
1373.0	1.0	2.0	539.0	539.0	562.0	23.0	87.0	5.0	5.0	5.0	
1374.0	1.0	2.0	357.0	357.0	380.0	23.0	78.0	4.0	8.0	1.0	
1375.0	1.0	2.0	476.0	476.0	499.0	23.0	89.0	5.0	14.0	2.0	
1376.0	1.0	2.0	397.0	397.0	420.0	23.0	78.0	4.0	8.0	1.0	
1377.0	1.0	2.0	403.0	404.0	427.0	23.0	100.0	5.0	14.0	1.0	
1378.0	1.0	2.0	427.0	427.0	450.0	23.0	77.0	4.0	8.0	2.0	
1379.0	1.0	2.0	454.0	454.0	477.0	23.0	53.0	3.0	12.0	3.0	
1380.0	1.0	2.0	403.0	404.0	427.0	23.0	68.0	4.0	5.0	3.0	
1381.0	1.0	2.0	438.0	438.0	461.0	23.0	90.0	5.0	4.0	1.0	
1382.0	1.0	2.0	354.0	355.0	378.0	23.0	90.0	5.0	4.0	1.0	
1383.0	1.0	2.0	499.0	499.0	522.0	23.0	89.0	5.0	14.0	2.0	
1384.0	0.0	2.0	430.0	430.0	451.0	21.0	28.0	2.0	8.0	1.0	
1385.0	0.0	2.0	524.0	524.0	546.0	22.0	32.0	2.0	14.0	3.0	
1386.0	1.0	2.0	427.0	427.0	450.0	23.0	81.0	5.0	3.0	4.0	
1387.0	1.0	2.0	456.0	456.0	479.0	23.0	100.0	5.0	14.0	1.0	
1388.0	1.0	2.0	499.0	499.0	522.0	23.0	86.0	5.0	15.0	4.0	
1389.0	1.0	2.0	436.0	436.0	459.0	23.0	92.0	5.0	10.0	4.0	
1390.0	1.0	2.0	337.0	337.0	360.0	23.0	91.0	5.0	9.0	5.0	
1391.0	0.0	2.0	451.0	451.0	472.0	21.0	28.0	2.0	8.0	1.0	
1392.0	1.0	2.0	523.0	523.0	546.0	23.0	100.0	5.0	14.0	1.0	
1393.0	1.0	2.0	452.0	452.0	475.0	23.0	89.0	5.0	14.0	2.0	
1394.0	1.0	2.0	482.0	482.0	505.0	23.0	99.0	5.0	12.0	3.0	
1395.0	1.0	2.0	520.0	520.0	543.0	23.0	93.0	5.0	4.0	5.0	
1396.0	1.0	2.0	451.0	451.0	474.0	23.0	97.0	5.0	9.0	3.0	
1397.0	1.0	2.0	454.0	454.0	477.0	23.0	50.0	3.0	9.0	1.0	
1398.0	1.0	2.0	522.0	522.0	545.0	23.0	94.0	5.0	13.0	1.0	
1399.0	1.0	2.0	503.0	503.0	526.0	23.0	94.0	5.0	13.0	1.0	
1400.0	0.0	2.0	496.0	496.0	517.0	21.0	37.0	2.0	5.0	2.0	
1401.0	1.0	2.0	408.0	408.0	431.0	23.0	56.0	3.0	13.0	5.0	
1402.0	1.0	2.0	470.0	470.0	493.0	23.0	86.0	5.0	15.0	4.0	
1403.0	1.0	2.0	472.0	472.0	495.0	23.0	65.0	4.0	11.0	2.0	
1404.0	1.0	2.0	476.0	476.0	499.0	23.0	90.0	5.0	4.0	1.0	
1405.0	1.0	2.0	517.0	517.0	540.0	23.0	75.0	4.0	8.0	5.0	
1406.0	1.0	2.0	441.0	441.0	464.0	23.0	61.0	4.0	12.0	4.0	
1407.0	1.0	2.0	452.0	453.0	476.0	23.0	70.0	4.0	11.0	5.0	
1408.0	1.0	2.0	524.0	524.0	547.0	23.0	94.0	5.0	13.0	1.0	
1409.0	1.0	2.0	434.0	434.0	457.0	23.0	75.0	4.0	8.0	5.0	
1410.0	0.0	2.0	484.0	484.0	505.0	21.0	27.0	2.0	13.0	4.0	
1411.0	1.0	2.0	434.0	434.0	457.0	23.0	66.0	4.0	12.0	5.0	
1412.0	1.0	2.0	517.0	517.0	540.0	23.0	100.0	5.0	14.0	1.0	
1413.0	1.0	2.0	439.0	440.0	463.0	23.0	83.0	5.0	5.0	1.0	
1414.0	1.0	2.0	407.0	407.0	430.0	23.0	73.0	4.0	13.0	3.0	
1415.0	0.0	2.0	525.0	525.0	546.0	21.0	40.0	2.0	11.0	3.0	
1416.0	1.0	2.0	450.0	450.0	473.0	23.0	87.0	5.0	5.0	5.0	
1417.0	1.0	2.0	506.0	506.0	529.0	23.0	63.0	4.0	15.0	1.0	
1418.0	1.0	2.0	539.0	539.0	562.0	23.0	45.0	3.0	5.0	4.0	
1419.0	1.0	2.0	503.0	503.0	526.0	23.0	91.0	5.0	9.0	5.0	
1420.0	1.0	2.0	407.0	407.0	430.0	23.0	98.0	5.0	15.0	2.0	
1421.0	1.0	2.0	480.0	480.0	503.0	23.0	94.0	5.0	13.0	1.0	
1422.0	1.0	2.0	536.0	536.0	559.0	23.0	91.0	5.0	9.0	5.0	
1423.0	0.0	2.0	507.0	507.0	528.0	21.0	26.0	2.0	1.0	2.0	
1424.0	1.0	2.0	403.0	404.0	427.0	23.0	74.0	4.0	1.0	3.0	
1425.0	1.0	2.0	432.0	432.0	455.0	23.0	99.0	5.0	12.0	3.0	
1426.0	1.0	2.0	509.0	509.0	532.0	23.0	96.0	5.0	15.0	3.0	
1427.0	1.0	2.0	460.0	460.0	483.0	23.0	93.0	5.0	4.0	5.0	
1428.0	1.0	2.0	516.0	516.0	539.0	23.0	85.0	5.0	3.0	5.0	
1429.0	1.0	2.0	426.0	427.0	450.0	23.0	89.0	5.0	14.0	2.0	
1430.0	1.0	2.0	361.0	361.0	384.0	23.0	85.0	5.0	3.0	5.0	
1431.0	0.0	2.0	519.0	519.0	540.0	21.0	28.0	2.0	8.0	1.0	
1432.0	1.0	2.0	433.0	433.0	456.0	23.0	78.0	4.0	8.0	1.0	
1433.0	1.0	2.0	427.0	427.0	450.0	23.0	79.0	4.0	7.0	3.0	
1434.0	0.0	2.0	527.0	527.0	548.0	21.0	38.0	2.0	5.0	5.0	
1435.0	1.0	2.0	539.0	539.0	562.0	23.0	42.0	3.0	4.0	1.0	
1436.0	1.0	2.0	539.0	539.0	562.0	23.0	96.0	5.0	15.0	3.0	
1437.0	1.0	2.0	445.0	445.0	468.0	23.0	90.0	5.0	4.0	1.0	
1438.0	1.0	2.0	460.0	460.0	483.0	23.0	82.0	5.0	6.0	2.0	
1439.0	0.0	2.0	451.0	452.0	473.0	21.0	33.0	2.0	14.0	1.0	
1440.0	1.0	2.0	510.0	510.0	533.0	23.0	90.0	5.0	4.0	1.0	
1441.0	1.0	2.0	486.0	486.0	509.0	23.0	83.0	5.0	5.0	1.0	
1442.0	1.0	2.0	540.0	540.0	563.0	23.0	64.0	4.0	4.0	2.0	
1443.0	1.0	2.0	535.0	535.0	558.0	23.0	87.0	5.0	5.0	5.0	
1444.0	1.0	2.0	434.0	434.0	457.0	23.0	74.0	4.0	1.0	3.0	
1445.0	1.0	2.0	476.0	476.0	499.0	23.0	52.0	3.0	4.0	3.0	
1446.0	0.0	2.0	451.0	452.0	473.0	21.0	34.0	2.0	14.0	1.0	
1447.0	0.0	2.0	460.0	460.0	481.0	21.0	36.0	2.0	15.0	4.0	
1448.0	0.0	2.0	457.0	457.0	478.0	21.0	40.0	2.0	11.0	3.0	
1449.0	1.0	2.0	525.0	525.0	548.0	23.0	90.0	5.0	4.0	1.0	
1450.0	1.0	2.0	540.0	540.0	563.0	23.0	76.0	4.0	6.0	4.0	
1451.0	1.0	2.0	496.0	496.0	519.0	23.0	100.0	5.0	14.0	1.0	
1452.0	1.0	2.0	459.0	459.0	482.0	23.0	75.0	4.0	8.0	5.0	
1453.0	1.0	2.0	514.0	514.0	537.0	23.0	86.0	5.0	15.0	4.0	
1454.0	0.0	2.0	451.0	452.0	473.0	21.0	37.0	2.0	5.0	2.0	
1455.0	1.0	2.0	409.0	409.0	433.0	24.0	61.0	4.0	12.0	4.0	
1456.0	1.0	2.0	476.0	476.0	499.0	23.0	92.0	5.0	10.0	4.0	
1457.0	1.0	2.0	421.0	421.0	444.0	23.0	83.0	5.0	5.0	1.0	
1458.0	0.0	2.0	478.0	478.0	499.0	21.0	31.0	2.0	8.0	1.0	
1459.0	1.0	2.0	520.0	520.0	543.0	23.0	96.0	5.0	15.0	3.0	
1460.0	1.0	2.0	475.0	475.0	498.0	23.0	71.0	4.0	11.0	3.0	
1461.0	1.0	2.0	471.0	471.0	495.0	24.0	81.0	5.0	3.0	4.0	
1462.0	0.0	2.0	432.0	432.0	453.0	21.0	23.0	2.0	7.0	3.0	
1463.0	1.0	2.0	461.0	461.0	484.0	23.0	100.0	5.0	14.0	1.0	
1464.0	1.0	2.0	459.0	459.0	482.0	23.0	100.0	5.0	14.0	1.0	
1465.0	1.0	2.0	528.0	528.0	551.0	23.0	88.0	5.0	4.0	3.0	
1466.0	1.0	2.0	446.0	446.0	469.0	23.0	49.0	3.0	12.0	1.0	
1467.0	1.0	2.0	518.0	518.0	541.0	23.0	100.0	5.0	14.0	1.0	
1468.0	1.0	2.0	538.0	538.0	561.0	23.0	87.0	5.0	5.0	5.0	
1469.0	1.0	2.0	416.0	416.0	440.0	24.0	96.0	5.0	15.0	3.0	
1470.0	1.0	2.0	534.0	534.0	557.0	23.0	85.0	5.0	3.0	5.0	
1471.0	1.0	2.0	510.0	510.0	533.0	23.0	83.0	5.0	5.0	1.0	
1472.0	1.0	2.0	427.0	427.0	450.0	23.0	74.0	4.0	1.0	3.0	
1473.0	1.0	2.0	501.0	501.0	524.0	23.0	52.0	3.0	4.0	3.0	
1474.0	1.0	2.0	438.0	438.0	461.0	23.0	63.0	4.0	15.0	1.0	
1475.0	1.0	2.0	448.0	448.0	471.0	23.0	97.0	5.0	9.0	3.0	
1476.0	1.0	2.0	536.0	536.0	559.0	23.0	95.0	5.0	8.0	5.0	
1477.0	1.0	2.0	430.0	430.0	453.0	23.0	85.0	5.0	3.0	5.0	
1478.0	1.0	2.0	538.0	538.0	561.0	23.0	81.0	5.0	3.0	4.0	
1479.0	1.0	2.0	473.0	473.0	496.0	23.0	100.0	5.0	14.0	1.0	
1480.0	1.0	2.0	439.0	439.0	462.0	23.0	74.0	4.0	1.0	3.0	
1481.0	0.0	2.0	523.0	523.0	544.0	21.0	39.0	2.0	14.0	2.0	
1482.0	1.0	2.0	527.0	527.0	550.0	23.0	92.0	5.0	10.0	4.0	
1483.0	1.0	2.0	526.0	526.0	549.0	23.0	94.0	5.0	13.0	1.0	
1484.0	1.0	2.0	540.0	540.0	563.0	23.0	33.0	2.0	14.0	1.0	
1485.0	1.0	2.0	526.0	526.0	549.0	23.0	100.0	5.0	14.0	1.0	
1486.0	1.0	2.0	460.0	460.0	483.0	23.0	98.0	5.0	15.0	2.0	
1487.0	1.0	2.0	408.0	409.0	432.0	23.0	89.0	5.0	14.0	2.0	
1488.0	1.0	2.0	457.0	457.0	480.0	23.0	91.0	5.0	9.0	5.0	
1489.0	1.0	2.0	471.0	471.0	494.0	23.0	86.0	5.0	15.0	4.0	
1490.0	1.0	2.0	408.0	409.0	432.0	23.0	66.0	4.0	12.0	5.0	
1491.0	1.0	2.0	540.0	540.0	563.0	23.0	100.0	5.0	14.0	1.0	
1492.0	1.0	2.0	474.0	474.0	497.0	23.0	88.0	5.0	4.0	3.0	
1493.0	1.0	2.0	525.0	525.0	548.0	23.0	94.0	5.0	13.0	1.0	
1494.0	1.0	2.0	538.0	538.0	561.0	23.0	82.0	5.0	6.0	2.0	
1495.0	1.0	2.0	495.0	495.0	518.0	23.0	66.0	4.0	12.0	5.0	
1496.0	1.0	2.0	540.0	540.0	563.0	23.0	28.0	2.0	8.0	1.0	
1497.0	1.0	2.0	448.0	448.0	471.0	23.0	82.0	5.0	6.0	2.0	
1498.0	1.0	2.0	476.0	476.0	499.0	23.0	93.0	5.0	4.0	5.0	
1499.0	1.0	2.0	448.0	448.0	471.0	23.0	96.0	5.0	15.0	3.0	
1500.0	1.0	2.0	537.0	537.0	560.0	23.0	86.0	5.0	15.0	4.0	
1501.0	1.0	2.0	444.0	444.0	467.0	23.0	83.0	5.0	5.0	1.0	
1502.0	1.0	2.0	540.0	540.0	563.0	23.0	37.0	2.0	5.0	2.0	
1503.0	1.0	2.0	425.0	425.0	448.0	23.0	92.0	5.0	10.0	4.0	
1504.0	1.0	2.0	533.0	533.0	556.0	23.0	81.0	5.0	3.0	4.0	
1505.0	1.0	2.0	520.0	520.0	543.0	23.0	83.0	5.0	5.0	1.0	
1506.0	1.0	2.0	540.0	540.0	563.0	23.0	61.0	4.0	12.0	4.0	
1507.0	1.0	2.0	499.0	499.0	522.0	23.0	85.0	5.0	3.0	5.0	
1508.0	1.0	2.0	483.0	483.0	506.0	23.0	92.0	5.0	10.0	4.0	
1509.0	1.0	2.0	487.0	487.0	510.0	23.0	88.0	5.0	4.0	3.0	
1510.0	1.0	2.0	460.0	460.0	483.0	23.0	93.0	5.0	4.0	5.0	
1511.0	1.0	2.0	526.0	526.0	549.0	23.0	86.0	5.0	15.0	4.0	
1512.0	1.0	2.0	337.0	337.0	360.0	23.0	92.0	5.0	10.0	4.0	
1513.0	1.0	2.0	536.0	536.0	559.0	23.0	86.0	5.0	15.0	4.0	
1514.0	1.0	2.0	472.0	472.0	495.0	23.0	100.0	5.0	14.0	1.0	
1515.0	1.0	2.0	466.0	466.0	490.0	24.0	85.0	5.0	3.0	5.0	
1516.0	1.0	2.0	540.0	540.0	563.0	23.0	74.0	4.0	1.0	3.0	
1517.0	1.0	2.0	536.0	536.0	559.0	23.0	97.0	5.0	9.0	3.0	
1518.0	1.0	2.0	497.0	497.0	520.0	23.0	97.0	5.0	9.0	3.0	
1519.0	1.0	2.0	439.0	439.0	462.0	23.0	71.0	4.0	11.0	3.0	
1520.0	1.0	2.0	448.0	448.0	471.0	23.0	95.0	5.0	8.0	5.0	
1521.0	1.0	2.0	439.0	439.0	462.0	23.0	67.0	4.0	3.0	3.0	
1522.0	1.0	2.0	504.0	504.0	527.0	23.0	67.0	4.0	3.0	3.0	
1523.0	1.0	2.0	478.0	478.0	501.0	23.0	54.0	3.0	10.0	5.0	
1524.0	1.0	2.0	522.0	522.0	545.0	23.0	97.0	5.0	9.0	3.0	
1525.0	1.0	2.0	537.0	537.0	560.0	23.0	94.0	5.0	13.0	1.0	
1526.0	1.0	2.0	419.0	420.0	443.0	23.0	87.0	5.0	5.0	5.0	
1527.0	1.0	2.0	472.0	472.0	495.0	23.0	87.0	5.0	5.0	5.0	
1528.0	1.0	2.0	408.0	409.0	432.0	23.0	63.0	4.0	15.0	1.0	
1529.0	1.0	2.0	464.0	464.0	487.0	23.0	74.0	4.0	1.0	3.0	
1530.0	1.0	2.0	434.0	434.0	457.0	23.0	83.0	5.0	5.0	1.0	
1531.0	1.0	2.0	484.0	484.0	507.0	23.0	64.0	4.0	4.0	2.0	
1532.0	1.0	2.0	461.0	462.0	485.0	23.0	41.0	3.0	15.0	4.0	
1533.0	1.0	2.0	512.0	512.0	535.0	23.0	87.0	5.0	5.0	5.0	
1534.0	1.0	2.0	337.0	337.0	360.0	23.0	87.0	5.0	5.0	5.0	
1535.0	1.0	2.0	455.0	455.0	478.0	23.0	31.0	2.0	8.0	1.0	
1536.0	1.0	2.0	417.0	417.0	440.0	23.0	81.0	5.0	3.0	4.0	
=====================================================================================================================================================
Map output of kmean map task #, VM#, VM Flavour #, PM#, Rack #, Reduce1, Reduce2, etc (how much each map task produces to different reduce tasks)
=====================================================================================================================================================
1.0	96.0	15.0	15.0	15.4	14.67	12.82	16.79	9.72	16.81	6.49	16.63	13.15	10.74	10.8	
2.0	99.0	12.0	12.0	10.37	16.79	14.77	9.69	10.96	8.27	17.56	7.81	10.99	7.14	17.87	
3.0	83.0	5.0	5.0	9.49	17.29	11.25	14.19	7.36	14.13	17.23	8.78	9.11	7.81	15.05	
4.0	85.0	3.0	3.0	7.99	16.28	11.78	12.32	10.84	16.06	8.95	14.1	13.52	9.85	6.02	
5.0	88.0	4.0	4.0	6.55	16.83	7.66	9.18	14.13	9.87	17.02	6.23	12.19	13.47	14.76	
6.0	90.0	4.0	4.0	17.77	10.22	11.57	15.51	9.34	15.91	10.4	8.58	17.65	6.59	7.14	
7.0	93.0	4.0	4.0	11.55	13.5	10.28	8.62	10.35	15.75	14.12	9.49	11.93	11.18	16.66	
8.0	96.0	15.0	15.0	6.09	16.35	10.13	7.79	13.48	15.31	14.88	16.22	9.97	15.06	16.82	
9.0	81.0	3.0	3.0	17.41	15.93	10.84	7.82	13.35	10.49	12.42	6.64	6.57	7.07	6.28	
10.0	84.0	12.0	12.0	9.55	14.43	10.46	6.25	8.56	12.79	16.89	8.1	16.79	13.48	6.53	
11.0	86.0	15.0	15.0	8.96	14.36	7.44	8.52	11.01	11.52	12.45	11.34	15.91	7.07	16.82	
12.0	89.0	14.0	14.0	11.32	6.48	7.46	13.25	16.74	16.94	12.3	15.77	10.23	8.75	12.1	
13.0	93.0	4.0	4.0	17.12	7.38	16.43	6.49	12.45	15.82	17.51	17.35	17.22	17.71	3.9671313799122108	
14.0	95.0	8.0	8.0	8.55	15.52	14.34	7.43	6.64	10.92	16.83	11.63	14.42	12.05	9.81	
15.0	97.0	9.0	9.0	17.53	15.42	8.34	17.3	13.03	14.73	8.74	10.94	10.78	9.58	11.09	
16.0	100.0	14.0	14.0	10.2	16.33	17.49	16.09	13.04	13.93	16.84	6.65	11.47	11.62	7.62	
17.0	85.0	3.0	3.0	13.68	7.77	17.22	12.5	13.94	13.19	10.54	15.17	8.97	11.6	11.79	
18.0	87.0	5.0	5.0	14.31	9.96	9.7	14.88	12.51	11.76	12.27	7.48	8.94	8.18	12.7	
19.0	76.0	6.0	6.0	14.8	13.29	17.19	6.88	6.71	15.2	6.44	11.29	13.74	17.83	7.76	
20.0	92.0	10.0	10.0	8.3	16.91	11.82	10.99	12.17	17.7	17.33	6.21	14.88	13.74	17.01	
21.0	64.0	4.0	4.0	8.45	6.78	10.43	14.79	13.1	8.97	8.3	13.91	6.44	8.52	6.06	
22.0	98.0	15.0	15.0	17.49	12.99	7.41	6.58	17.7	17.44	9.52	17.19	15.27	10.73	10.35	
23.0	83.0	5.0	5.0	17.29	17.94	10.35	11.05	14.2	6.83	12.67	16.86	11.59	17.42	13.66	
24.0	84.0	12.0	12.0	14.57	12.72	10.48	12.52	11.22	8.86	15.87	14.71	8.94	17.99	14.62	
25.0	89.0	14.0	14.0	15.49	12.37	6.96	8.24	10.83	14.49	12.16	7.82	7.03	7.45	17.88	
26.0	63.0	15.0	15.0	7.66	12.22	6.63	6.37	17.75	7.79	16.17	16.53	11.13	16.19	7.28	
27.0	65.0	11.0	11.0	13.72	12.97	9.06	15.34	11.02	7.62	17.34	14.85	12.25	7.49	8.98	
28.0	97.0	9.0	9.0	12.08	9.62	6.43	16.96	10.71	10.47	15.42	15.95	17.96	9.15	10.97	
29.0	81.0	3.0	3.0	12.82	13.72	10.72	15.9	16.04	15.25	14.33	12.1	9.63	17.17	11.38	
30.0	82.0	6.0	6.0	6.27	13.71	13.0	17.81	10.0	16.89	14.69	14.35	13.18	9.08	12.98	
31.0	87.0	5.0	5.0	16.36	6.03	9.95	15.76	9.86	7.43	11.35	17.34	6.4	15.55	17.18	
32.0	90.0	4.0	4.0	13.73	10.82	9.19	10.97	13.06	6.71	15.4	12.86	12.29	17.86	17.86	
33.0	93.0	4.0	4.0	14.51	14.74	14.22	7.89	11.87	6.92	8.77	6.54	16.95	13.06	7.78	
34.0	94.0	13.0	13.0	9.78	17.97	8.61	15.89	11.57	13.59	7.98	11.06	8.12	6.84	8.5	
35.0	99.0	12.0	12.0	15.86	11.82	16.72	17.21	14.43	16.5	13.66	10.6	8.69	15.46	0.6844695020221627	
36.0	82.0	6.0	6.0	6.83	11.29	7.13	11.45	9.38	13.98	12.43	14.71	11.09	14.43	7.47	
37.0	63.0	15.0	15.0	9.7	6.06	14.09	16.79	12.62	12.32	17.19	13.79	6.47	9.69	8.39	
38.0	74.0	1.0	1.0	12.71	16.19	16.98	15.66	13.06	7.93	9.34	13.98	9.93	9.34	9.13	
39.0	90.0	4.0	4.0	12.95	11.5	11.68	8.31	8.05	12.19	14.49	17.2	8.17	13.97	11.35	
40.0	93.0	4.0	4.0	17.63	17.01	16.66	7.75	11.61	9.83	13.64	13.3	15.63	13.65	9.82	
41.0	75.0	8.0	8.0	6.24	9.13	16.69	17.77	14.67	12.32	7.17	12.33	15.65	10.04	15.57	
42.0	99.0	12.0	12.0	16.21	13.46	14.96	6.05	12.8	11.36	12.37	6.67	13.44	15.46	13.23	
43.0	82.0	6.0	6.0	17.05	17.13	16.59	11.45	15.11	8.77	17.93	7.31	11.43	16.45	15.238857577909199	
44.0	86.0	15.0	15.0	8.2	13.7	8.19	8.96	9.81	8.26	9.99	9.53	15.39	9.25	12.95	
45.0	89.0	14.0	14.0	16.69	10.3	11.62	10.42	9.69	6.4	6.0	13.29	15.51	10.64	15.52	
46.0	92.0	10.0	10.0	8.37	10.53	8.34	10.35	8.54	15.34	16.59	15.71	12.04	9.95	11.91	
47.0	95.0	8.0	8.0	12.98	6.33	14.24	14.4	9.07	10.47	10.25	7.4	12.26	7.28	9.04	
48.0	97.0	9.0	9.0	6.47	8.63	10.9	15.31	7.27	9.64	9.04	7.16	8.79	6.38	7.36	
49.0	81.0	3.0	3.0	15.29	11.26	9.52	8.88	17.89	16.59	9.73	7.09	9.15	9.31	12.62	
50.0	83.0	5.0	5.0	16.94	12.21	7.19	16.13	15.45	16.94	16.59	15.42	16.74	10.38	14.903864250474342	
51.0	85.0	3.0	3.0	14.46	11.8	17.33	9.59	7.28	10.64	16.79	8.03	16.02	12.54	12.89	
52.0	39.0	14.0	14.0	13.76	6.43	14.68	8.83	9.64	6.34	6.94	10.52	14.98	8.19	9.92	
53.0	92.0	10.0	10.0	10.41	6.82	13.22	15.45	12.78	17.66	10.83	13.79	11.25	8.39	9.62	
54.0	94.0	13.0	13.0	15.0	8.43	11.18	14.9	9.43	12.93	16.23	12.53	9.89	9.56	6.06	
55.0	97.0	9.0	9.0	14.73	13.16	6.85	15.39	12.55	11.46	7.31	6.47	9.38	11.52	14.37	
56.0	100.0	14.0	14.0	14.75	6.57	9.7	9.53	9.16	17.0	10.93	7.26	14.71	12.48	14.84	
57.0	83.0	5.0	5.0	10.56	6.46	10.13	12.62	8.08	6.59	12.35	9.47	17.07	7.77	11.43	
58.0	65.0	11.0	11.0	14.86	11.65	13.88	15.19	6.06	9.88	16.35	9.11	10.6	9.04	17.65	
59.0	91.0	9.0	9.0	14.59	17.23	7.62	15.83	6.7	15.41	13.72	9.94	11.41	15.19	9.43	
60.0	68.0	5.0	5.0	16.49	12.23	7.83	7.63	12.49	13.17	14.21	6.69	12.74	14.26	14.92	
61.0	95.0	8.0	8.0	16.37	14.59	14.37	11.86	11.98	17.81	11.51	11.66	14.93	10.98	15.85	
62.0	98.0	15.0	15.0	6.28	14.53	7.6	16.04	6.93	9.01	8.63	8.53	17.22	10.47	13.11	
63.0	82.0	6.0	6.0	13.63	7.02	14.58	16.87	17.51	15.32	9.35	8.81	13.02	15.95	10.45	
64.0	84.0	12.0	12.0	8.04	9.34	10.45	11.41	17.7	16.41	8.09	13.83	12.67	15.78	16.07	
65.0	88.0	4.0	4.0	7.49	12.02	7.88	6.76	15.57	13.06	8.71	12.69	9.59	8.28	9.45	
66.0	92.0	10.0	10.0	17.69	14.36	10.89	9.85	7.92	16.24	15.13	8.49	10.84	15.42	15.22	
67.0	93.0	4.0	4.0	13.36	14.21	15.24	10.44	12.54	6.32	10.31	14.02	13.09	13.3	15.78	
68.0	78.0	8.0	8.0	7.66	13.79	8.24	9.62	10.41	14.72	8.07	6.53	16.14	10.47	14.8	
69.0	99.0	12.0	12.0	9.92	9.82	16.09	14.86	10.4	11.82	6.52	14.52	17.12	6.36	15.15	
70.0	66.0	12.0	12.0	8.81	15.64	12.67	8.26	8.08	11.76	16.75	13.65	10.7	14.12	7.48	
71.0	87.0	5.0	5.0	17.96	8.75	14.47	6.03	17.69	6.65	7.98	15.22	11.0	15.46	9.83	
72.0	21.0	9.0	9.0	9.02	14.2	10.63	11.97	9.73	15.21	8.17	12.68	15.57	17.14	10.18	
73.0	73.0	13.0	13.0	11.3	10.29	16.17	7.58	10.82	17.26	8.97	9.67	7.82	6.46	8.13	
74.0	96.0	15.0	15.0	17.36	11.82	14.75	15.72	7.0	14.2	15.29	11.47	12.39	8.48	9.54	
75.0	97.0	9.0	9.0	17.39	14.65	7.08	11.55	17.13	8.26	10.18	15.7	15.49	10.86	9.24	
76.0	100.0	14.0	14.0	8.81	6.52	17.25	8.92	9.29	17.82	15.17	15.9	7.84	8.67	11.1	
77.0	84.0	12.0	12.0	9.03	7.8	16.99	14.21	8.15	12.22	16.24	14.81	16.47	17.55	17.53	
78.0	87.0	5.0	5.0	14.4	7.24	9.84	9.99	12.8	13.59	9.77	8.72	9.71	11.42	13.78	
79.0	59.0	9.0	9.0	12.11	15.7	8.18	11.04	6.97	7.95	17.17	9.67	6.95	17.95	8.83	
80.0	62.0	7.0	7.0	17.09	6.17	16.95	15.01	14.53	10.22	16.24	17.15	14.18	17.41	2.805542859713259	
81.0	71.0	11.0	11.0	12.15	17.54	14.15	16.57	9.05	16.55	8.52	9.82	17.64	11.8	11.14	
82.0	61.0	12.0	12.0	16.84	14.62	13.64	11.91	15.68	13.37	9.89	17.54	6.99	15.08	13.09	
83.0	83.0	5.0	5.0	6.04	16.19	17.65	8.18	12.63	11.41	6.65	12.24	17.54	6.4	16.84	
84.0	62.0	7.0	7.0	10.3	14.25	11.59	9.94	8.93	13.52	7.89	12.01	8.65	15.15	6.87	
85.0	89.0	14.0	14.0	8.92	14.1	14.73	7.31	12.52	17.19	17.42	8.11	16.2	12.19	9.1	
86.0	91.0	9.0	9.0	16.59	12.43	7.6	7.51	8.17	12.35	17.03	16.85	14.61	6.33	17.83	
87.0	70.0	11.0	11.0	15.13	8.62	13.82	10.44	13.93	16.59	9.48	8.64	12.36	7.25	8.54	
88.0	97.0	9.0	9.0	13.03	12.75	9.44	10.11	10.13	12.76	9.36	6.45	13.96	14.44	10.91	
89.0	52.0	4.0	4.0	16.58	13.18	8.9	9.33	12.91	9.12	14.19	8.3	16.27	17.59	13.86	
90.0	72.0	11.0	11.0	11.14	13.51	9.11	11.12	16.19	16.65	12.38	7.8	10.91	6.52	14.96	
91.0	85.0	3.0	3.0	12.72	7.64	7.39	11.87	14.4	14.21	15.97	13.48	17.57	15.86	10.39	
92.0	90.0	4.0	4.0	10.56	12.85	12.73	10.68	6.02	7.74	14.4	12.31	13.04	16.66	12.94	
93.0	91.0	9.0	9.0	15.53	10.85	15.62	6.08	10.6	12.2	16.66	9.96	15.19	13.98	10.86	
94.0	96.0	15.0	15.0	6.82	9.08	7.2	16.75	8.04	8.65	16.98	10.98	17.2	16.09	16.58	
95.0	76.0	6.0	6.0	16.3	13.9	12.62	15.3	10.37	7.62	9.12	13.3	15.13	9.42	9.36	
96.0	100.0	14.0	14.0	7.94	9.26	15.92	16.64	13.63	7.2	7.36	13.17	16.06	10.14	16.5	
97.0	85.0	3.0	3.0	9.01	8.33	13.55	17.89	16.06	7.74	8.69	12.78	14.6	6.19	16.55	
98.0	88.0	4.0	4.0	16.4	9.62	7.78	8.72	14.72	15.97	10.83	12.44	10.39	6.26	15.33	
99.0	58.0	11.0	11.0	14.69	16.47	10.91	13.63	7.37	13.85	11.47	16.09	9.57	13.88	16.95	
100.0	94.0	13.0	13.0	11.3	7.95	17.44	13.78	9.64	13.88	15.01	15.55	11.29	6.36	6.83	
101.0	68.0	5.0	5.0	16.65	11.69	10.04	12.05	11.9	14.6	14.61	8.63	9.63	15.66	16.92	
102.0	63.0	15.0	15.0	7.96	15.03	7.2	7.81	12.67	16.55	15.9	14.13	9.51	7.35	12.19	
103.0	23.0	7.0	7.0	7.81	8.02	13.79	16.54	16.6	13.53	8.07	15.64	7.5	15.48	8.78	
104.0	86.0	15.0	15.0	13.36	13.6	12.59	17.76	13.87	17.41	11.21	10.28	11.62	9.06	8.95	
105.0	70.0	11.0	11.0	6.72	6.51	14.28	14.59	7.14	16.42	14.32	16.0	7.87	8.01	7.05	
106.0	92.0	10.0	10.0	8.74	7.38	7.85	10.2	6.48	12.27	13.31	16.72	10.22	15.86	17.97	
107.0	63.0	15.0	15.0	7.15	10.92	11.35	12.89	14.66	15.72	13.68	14.73	16.39	7.84	8.61	
108.0	33.0	14.0	14.0	13.63	9.74	16.47	16.76	11.52	14.9	13.2	14.45	17.65	7.62	6.42	
109.0	99.0	12.0	12.0	9.53	16.84	6.12	8.79	8.25	6.8	16.5	6.07	6.03	10.9	12.31	
110.0	82.0	6.0	6.0	8.23	6.36	7.4	13.75	12.77	8.28	13.77	14.05	17.33	7.02	13.62	
111.0	85.0	3.0	3.0	14.88	10.63	14.78	13.79	11.07	6.06	14.96	15.53	11.08	9.66	11.07	
112.0	75.0	8.0	8.0	15.9	10.08	6.81	7.34	8.66	9.43	10.17	8.99	13.98	15.64	6.14	
113.0	75.0	8.0	8.0	13.64	14.5	11.94	17.26	6.22	7.15	8.42	12.38	7.98	16.21	7.41	
114.0	95.0	8.0	8.0	15.21	6.3	10.98	17.51	13.2	14.17	17.05	16.27	13.52	9.91	9.87	
115.0	68.0	5.0	5.0	8.07	13.95	8.36	11.97	14.62	17.61	17.07	7.96	12.99	17.59	14.76	
116.0	81.0	3.0	3.0	8.96	16.4	6.9	15.74	7.0	11.21	6.7	8.09	12.92	16.7	7.58	
117.0	84.0	12.0	12.0	13.28	11.65	6.03	14.66	17.36	9.58	13.67	15.88	7.42	10.42	10.38	
118.0	66.0	12.0	12.0	10.24	9.25	17.34	6.84	6.33	16.78	14.3	12.97	15.89	11.59	12.88	
119.0	89.0	14.0	14.0	11.13	12.94	9.26	7.73	16.91	14.52	10.86	16.23	9.92	12.16	8.31	
120.0	93.0	4.0	4.0	11.71	10.73	10.65	6.8	10.12	15.69	8.33	9.52	14.65	9.03	13.08	
121.0	34.0	14.0	14.0	16.14	11.34	7.84	14.02	6.15	11.49	13.56	15.02	14.86	17.39	13.3	
122.0	99.0	12.0	12.0	16.14	11.83	9.97	8.22	14.52	16.83	16.97	6.4	13.61	7.89	8.25	
123.0	83.0	5.0	5.0	17.01	12.04	7.24	6.77	8.89	11.61	7.66	17.86	6.1	6.31	7.88	
124.0	84.0	12.0	12.0	8.36	9.91	12.27	10.87	6.85	17.49	17.55	10.39	8.62	10.98	8.77	
125.0	88.0	4.0	4.0	11.45	9.68	6.24	8.28	8.92	9.06	8.15	10.33	6.58	10.2	12.62	
126.0	91.0	9.0	9.0	13.39	10.22	17.44	17.53	6.08	14.64	6.06	7.15	6.9	11.64	13.29	
127.0	95.0	8.0	8.0	10.36	8.64	7.73	14.06	14.49	6.52	14.73	16.32	12.51	17.99	8.7	
128.0	66.0	12.0	12.0	7.52	16.74	17.52	6.22	17.84	6.61	7.04	13.32	14.56	13.18	6.91	
129.0	81.0	3.0	3.0	17.23	17.12	15.81	17.35	13.98	17.61	7.9	8.1	7.36	13.06	12.77	
130.0	76.0	6.0	6.0	15.12	11.85	17.11	8.27	16.47	11.85	17.62	7.1	14.41	7.17	7.61	
131.0	85.0	3.0	3.0	12.39	10.81	7.24	16.65	8.99	7.15	14.07	16.47	13.59	9.3	6.99	
132.0	24.0	14.0	14.0	6.45	17.83	6.95	15.07	13.55	11.93	13.1	9.56	15.27	6.3	17.27	
133.0	93.0	4.0	4.0	12.62	17.04	7.94	14.8	6.25	13.07	8.18	6.71	9.22	10.3	6.28	
134.0	77.0	8.0	8.0	14.45	16.69	14.39	14.3	15.0	14.75	7.53	8.15	7.0	17.41	10.87	
135.0	98.0	15.0	15.0	9.71	17.6	12.07	16.71	12.35	8.8	8.51	17.0	14.97	16.89	6.34	
136.0	82.0	6.0	6.0	8.51	10.17	6.95	7.23	16.23	13.89	9.33	13.5	8.4	9.89	16.75	
137.0	69.0	12.0	12.0	8.99	16.41	16.75	9.98	12.58	6.84	11.57	14.18	14.82	11.73	17.78	
138.0	67.0	3.0	3.0	10.27	8.72	7.69	8.11	14.76	13.48	8.54	17.7	10.36	14.94	12.49	
139.0	90.0	4.0	4.0	17.14	16.69	12.62	15.68	6.84	6.36	9.01	9.07	10.71	16.15	15.3	
140.0	67.0	3.0	3.0	13.16	10.63	8.78	14.61	11.57	10.39	17.33	6.84	16.59	6.58	13.62	
141.0	95.0	8.0	8.0	6.32	10.98	9.65	16.24	9.24	14.77	13.39	11.94	8.31	12.44	15.84	
142.0	92.0	10.0	10.0	13.31	14.39	9.24	8.41	16.27	9.6	9.58	13.92	7.39	11.0	17.46	
143.0	22.0	6.0	6.0	7.09	7.18	9.57	7.3	8.32	8.29	8.11	14.22	13.83	14.01	17.99	
144.0	28.0	8.0	8.0	17.96	15.17	6.35	7.26	9.17	16.1	10.0	6.74	12.65	9.69	14.94	
145.0	88.0	4.0	4.0	7.85	8.97	12.24	6.66	13.2	7.9	7.85	11.23	6.52	7.4	11.61	
146.0	47.0	15.0	15.0	16.52	9.38	10.48	17.72	9.76	14.19	14.39	14.71	15.64	11.91	13.59	
147.0	94.0	13.0	13.0	12.4	11.74	9.31	17.62	9.57	13.48	13.89	8.47	10.99	16.25	6.28	
148.0	96.0	15.0	15.0	7.53	16.6	8.52	17.19	15.26	7.29	7.79	9.64	7.57	15.41	12.52	
149.0	81.0	3.0	3.0	11.77	7.15	12.63	17.27	11.67	6.16	7.49	14.96	17.55	12.12	13.58	
150.0	83.0	5.0	5.0	17.17	12.6	17.49	17.97	9.29	10.52	9.64	12.46	8.71	7.79	14.27	
151.0	73.0	13.0	13.0	10.41	17.05	12.39	16.89	15.27	15.12	7.86	6.72	13.43	10.33	16.78	
152.0	35.0	10.0	10.0	11.67	17.21	8.64	8.97	9.8	14.88	14.6	7.65	10.68	13.43	15.74	
153.0	93.0	4.0	4.0	11.28	9.32	8.27	15.03	9.38	16.81	6.49	17.63	13.55	16.55	17.15	
154.0	74.0	1.0	1.0	10.19	14.06	15.66	14.27	9.43	10.03	13.97	11.92	12.12	8.81	10.63	
155.0	99.0	12.0	12.0	17.03	6.45	17.42	7.56	13.97	10.17	15.01	8.23	11.17	9.63	14.92	
156.0	81.0	3.0	3.0	12.84	9.71	7.27	11.13	9.7	10.0	10.38	17.86	15.31	12.3	8.58	
157.0	78.0	8.0	8.0	17.21	15.75	10.16	10.68	14.47	15.24	11.05	14.43	17.79	17.33	17.492490064088194	
158.0	86.0	15.0	15.0	10.85	14.62	10.58	8.03	10.81	14.06	6.56	14.78	16.86	15.82	11.74	
159.0	91.0	9.0	9.0	15.34	14.41	15.26	12.42	16.52	9.51	10.69	13.81	17.47	9.89	10.22	
160.0	93.0	4.0	4.0	15.05	6.01	6.16	11.53	11.33	14.61	15.21	7.06	11.5	15.28	11.02	
161.0	96.0	15.0	15.0	6.58	9.35	15.89	13.63	16.35	9.8	12.39	14.24	17.72	12.88	11.56	
162.0	100.0	14.0	14.0	16.13	6.76	7.68	17.02	17.76	10.24	10.52	17.07	9.84	7.26	15.6	
163.0	83.0	5.0	5.0	6.2	13.14	12.67	7.97	16.28	6.08	14.79	12.83	14.79	9.27	10.5	
164.0	84.0	12.0	12.0	8.6	6.36	11.87	6.65	7.69	12.01	14.84	11.34	13.06	14.96	7.75	
165.0	66.0	12.0	12.0	14.32	9.28	16.87	10.37	7.39	8.92	11.07	6.7	12.77	7.75	12.02	
166.0	91.0	9.0	9.0	17.33	17.83	15.27	17.8	12.79	12.66	7.72	15.85	7.04	9.55	17.48	
167.0	94.0	13.0	13.0	14.22	14.68	11.03	12.06	17.77	11.03	14.82	16.02	15.39	15.7	3.502398724163233	
168.0	29.0	2.0	2.0	12.01	6.75	7.06	17.43	10.3	6.68	7.81	11.43	9.25	14.37	15.63	
169.0	81.0	3.0	3.0	13.87	11.1	8.46	17.07	8.38	8.05	11.15	16.1	10.77	9.24	14.02	
170.0	59.0	9.0	9.0	11.63	16.45	11.49	6.46	11.05	10.66	9.85	14.41	15.22	15.28	8.16	
171.0	85.0	3.0	3.0	10.21	10.71	12.35	16.67	13.22	13.88	10.79	7.53	9.92	9.44	7.33	
172.0	88.0	4.0	4.0	10.33	10.89	17.85	8.41	16.69	10.34	11.07	6.25	8.28	9.68	13.95	
173.0	91.0	9.0	9.0	14.54	6.82	14.73	17.7	12.98	7.7	9.13	13.76	10.94	11.52	10.02	
174.0	94.0	13.0	13.0	10.37	7.32	8.89	16.45	9.89	16.47	11.18	10.68	16.34	10.88	12.37	
175.0	27.0	13.0	13.0	15.24	10.38	10.08	13.81	12.07	13.78	6.24	16.56	10.5	8.84	6.21	
176.0	64.0	4.0	4.0	8.12	17.68	17.37	14.01	17.5	17.1	11.66	17.5	10.74	9.44	10.164100548563747	
177.0	84.0	12.0	12.0	17.26	11.83	14.78	17.54	12.57	7.38	8.3	10.61	13.25	14.69	8.32	
178.0	87.0	5.0	5.0	8.51	17.66	12.98	9.59	6.46	7.31	9.77	16.8	14.7	16.06	16.3	
179.0	91.0	9.0	9.0	9.03	10.54	16.13	16.1	16.41	6.12	12.06	13.1	6.51	9.3	12.04	
180.0	75.0	8.0	8.0	8.69	10.74	8.39	8.28	10.18	17.11	9.14	12.62	6.55	13.72	17.05	
181.0	97.0	9.0	9.0	8.47	7.4	17.69	13.37	15.54	15.1	10.19	15.6	16.94	6.68	13.75	
182.0	70.0	11.0	11.0	6.61	9.31	13.62	14.59	8.15	9.15	17.18	8.66	17.4	9.63	15.12	
183.0	32.0	14.0	14.0	14.74	16.16	16.42	6.97	17.39	10.63	7.15	10.5	16.88	8.7	16.53	
184.0	64.0	4.0	4.0	10.74	13.51	6.35	15.76	14.06	7.44	9.52	14.79	16.34	12.12	17.52	
185.0	89.0	14.0	14.0	9.01	14.83	13.83	10.63	17.59	8.96	17.99	10.89	12.13	15.42	12.4	
186.0	94.0	13.0	13.0	10.88	7.16	17.39	8.26	16.62	14.22	12.33	11.55	8.94	8.22	17.87	
187.0	64.0	4.0	4.0	12.67	13.74	10.84	11.24	6.86	9.31	17.38	6.22	6.65	6.3	11.64	
188.0	97.0	9.0	9.0	7.76	14.14	15.1	15.12	14.26	8.25	12.74	17.85	16.84	15.84	14.5	
189.0	64.0	4.0	4.0	15.86	16.15	10.97	13.58	9.1	6.59	6.46	7.76	14.83	11.54	6.23	
190.0	84.0	12.0	12.0	7.94	10.47	8.76	12.27	10.61	9.87	7.6	14.13	11.16	11.68	11.47	
191.0	87.0	5.0	5.0	17.16	13.18	14.27	16.39	7.29	11.84	9.58	16.18	15.43	11.45	15.57	
192.0	90.0	4.0	4.0	12.06	10.29	14.01	7.63	10.09	16.8	15.77	7.38	7.99	7.54	8.73	
193.0	91.0	9.0	9.0	9.96	11.8	17.34	12.46	15.63	10.94	12.6	10.75	13.01	13.23	13.91	
194.0	64.0	4.0	4.0	6.47	14.51	12.87	14.88	11.1	6.41	17.92	11.42	7.79	14.11	14.49	
195.0	97.0	9.0	9.0	7.74	16.96	8.29	10.81	13.72	6.79	12.28	14.54	15.42	11.88	12.67	
196.0	82.0	6.0	6.0	17.25	13.5	15.13	12.15	13.83	9.69	6.08	16.63	12.96	7.16	17.23	
197.0	83.0	5.0	5.0	16.5	16.21	6.11	17.9	16.69	16.28	6.9	6.13	12.65	7.06	14.09	
198.0	100.0	14.0	14.0	12.73	9.24	9.7	16.89	11.78	6.07	16.11	16.83	8.21	11.44	10.63	
199.0	89.0	14.0	14.0	16.55	8.81	15.0	9.82	16.35	8.29	8.43	6.73	17.97	12.78	15.83	
200.0	92.0	10.0	10.0	10.66	8.2	12.84	11.65	15.12	6.1	14.31	9.85	10.32	17.6	10.3	
201.0	96.0	15.0	15.0	8.1	16.05	12.61	12.97	9.97	15.15	11.31	12.02	13.84	15.57	14.41	
202.0	72.0	11.0	11.0	17.7	15.76	11.28	16.71	12.78	11.6	9.95	11.3	6.53	11.16	14.01	
203.0	72.0	11.0	11.0	7.28	14.21	7.61	8.95	12.19	15.92	13.3	16.61	16.73	14.33	7.82	
204.0	63.0	15.0	15.0	15.94	12.92	16.08	14.74	9.07	7.9	11.15	9.95	9.27	9.2	12.44	
205.0	61.0	12.0	12.0	8.68	11.9	16.41	15.89	10.59	15.6	15.18	15.24	7.27	7.71	14.77	
206.0	92.0	10.0	10.0	8.03	12.14	15.64	8.9	16.29	8.7	14.3	10.4	10.78	6.85	8.67	
207.0	95.0	8.0	8.0	16.53	16.6	16.64	17.76	17.85	8.55	9.82	11.75	7.55	8.0	10.51	
208.0	97.0	9.0	9.0	11.17	7.78	10.09	13.32	14.53	16.68	8.91	10.67	17.75	15.01	9.89	
209.0	99.0	12.0	12.0	9.37	17.86	13.56	17.5	9.27	11.85	8.75	14.31	7.28	6.78	10.81	
210.0	50.0	9.0	9.0	9.39	15.37	6.28	16.39	6.36	6.16	12.14	12.75	14.69	11.92	10.43	
211.0	54.0	10.0	10.0	17.92	9.55	7.29	14.06	14.43	15.85	15.68	7.1	9.03	11.43	9.19	
212.0	77.0	8.0	8.0	14.0	10.71	11.73	17.19	9.28	17.86	7.32	7.21	15.83	18.0	15.92	
213.0	93.0	4.0	4.0	8.54	10.44	17.82	12.99	6.47	14.35	14.48	10.51	16.91	16.5	7.86	
214.0	94.0	13.0	13.0	10.1	6.51	16.19	10.94	9.55	11.17	12.57	17.36	11.52	15.01	8.77	
215.0	97.0	9.0	9.0	12.98	12.37	8.3	14.32	6.52	6.24	7.46	12.47	9.84	10.77	16.35	
216.0	75.0	8.0	8.0	17.04	14.99	10.52	17.99	7.96	6.76	10.43	16.31	12.27	8.29	17.96	
217.0	66.0	12.0	12.0	16.29	15.08	12.5	12.5	6.98	6.63	11.1	14.25	11.26	11.22	6.59	
218.0	86.0	15.0	15.0	14.25	7.17	6.69	10.36	8.57	13.14	12.1	11.01	17.18	12.54	7.12	
219.0	83.0	5.0	5.0	11.83	17.08	14.43	10.12	15.96	11.75	8.51	14.26	7.6	17.0	17.23	
220.0	48.0	13.0	13.0	6.74	13.52	7.63	17.34	10.59	13.95	15.37	13.91	10.64	17.31	12.52	
221.0	97.0	9.0	9.0	7.09	17.52	10.9	7.83	8.98	6.99	6.83	16.07	12.34	6.25	16.66	
222.0	26.0	1.0	1.0	15.44	17.57	7.42	15.26	13.46	15.8	8.94	15.03	16.13	14.27	7.3276594515453155	
223.0	82.0	6.0	6.0	9.54	15.74	11.01	10.93	7.64	10.45	17.12	14.74	10.13	10.74	6.23	
224.0	73.0	13.0	13.0	11.19	8.22	10.41	11.63	13.35	12.58	6.03	14.22	15.82	14.44	7.87	
225.0	54.0	10.0	10.0	13.66	17.78	9.85	12.52	10.33	12.92	14.49	16.72	14.83	13.84	11.77	
226.0	92.0	10.0	10.0	13.71	17.5	14.11	11.65	8.52	8.62	7.52	10.42	17.14	9.19	15.41	
227.0	71.0	11.0	11.0	10.57	15.77	10.68	10.66	14.83	16.74	8.92	16.85	17.85	7.85	17.6	
228.0	97.0	9.0	9.0	16.46	16.66	9.07	17.14	16.38	7.71	8.85	13.8	7.78	8.42	12.91	
229.0	99.0	12.0	12.0	17.42	9.56	12.4	11.56	9.74	10.13	17.51	12.26	7.43	9.83	17.49	
230.0	51.0	2.0	2.0	14.54	9.92	10.73	16.7	14.62	13.33	7.39	12.18	6.52	12.19	11.47	
231.0	87.0	5.0	5.0	6.04	17.9	12.34	12.35	6.37	16.65	12.25	8.57	8.13	11.56	6.6	
232.0	90.0	4.0	4.0	6.21	14.64	13.37	13.86	9.48	16.92	11.86	15.9	10.42	8.58	15.44	
233.0	92.0	10.0	10.0	7.5	14.72	11.17	14.18	10.06	16.76	9.3	7.03	16.62	15.74	9.11	
234.0	94.0	13.0	13.0	12.45	8.4	16.08	16.06	6.01	6.31	17.06	12.24	7.9	17.52	15.23	
235.0	97.0	9.0	9.0	10.99	12.99	11.02	12.72	15.59	17.74	16.25	13.26	17.04	13.45	14.209471744227718	
236.0	82.0	6.0	6.0	17.89	15.79	13.12	13.07	12.26	15.69	8.6	16.11	6.68	12.43	9.73	
237.0	83.0	5.0	5.0	10.39	10.44	13.56	11.08	8.46	16.88	15.01	17.58	9.68	7.52	9.15	
238.0	86.0	15.0	15.0	9.42	7.49	11.25	15.57	17.88	13.19	9.64	15.52	13.61	12.22	7.63	
239.0	89.0	14.0	14.0	17.72	13.9	11.82	7.57	16.14	8.2	10.89	10.74	16.5	7.11	17.27	
240.0	94.0	13.0	13.0	7.35	10.35	9.07	15.07	17.03	13.52	7.1	12.91	16.96	15.34	17.75	
241.0	95.0	8.0	8.0	13.96	10.35	13.35	6.34	6.94	7.79	10.95	10.1	7.49	15.54	13.72	
242.0	98.0	15.0	15.0	6.16	8.1	13.01	12.62	9.63	8.91	6.47	15.28	14.28	17.64	10.63	
243.0	82.0	6.0	6.0	12.21	11.96	10.39	15.7	12.36	15.91	16.17	16.4	13.33	16.48	15.154087816943115	
244.0	84.0	12.0	12.0	13.82	16.44	8.36	9.21	14.77	15.95	9.78	16.28	7.26	13.7	6.19	
245.0	72.0	11.0	11.0	15.64	16.16	9.13	17.22	13.67	13.18	15.42	7.38	11.96	12.07	9.97	
246.0	37.0	5.0	5.0	16.32	8.23	12.55	11.91	15.05	6.1	7.88	12.45	17.14	15.31	9.08	
247.0	94.0	13.0	13.0	10.14	17.36	8.78	11.7	6.86	13.08	7.73	7.07	14.29	14.14	6.34	
248.0	51.0	2.0	2.0	12.77	15.62	12.99	9.05	17.55	15.8	10.25	10.07	7.77	17.09	7.09	
249.0	100.0	14.0	14.0	7.45	14.11	15.06	17.28	9.37	11.67	8.72	15.01	17.16	12.66	14.23	
250.0	69.0	12.0	12.0	7.74	17.86	15.41	17.79	16.71	8.43	10.55	13.75	16.0	8.41	15.63	
251.0	85.0	3.0	3.0	15.21	13.29	16.2	11.83	9.99	15.06	16.4	15.97	11.6	9.63	16.1	
252.0	74.0	1.0	1.0	7.74	11.91	12.88	17.01	7.98	10.14	16.97	7.5	16.45	15.96	16.21	
253.0	92.0	10.0	10.0	14.38	8.5	12.54	15.29	14.19	11.4	17.78	7.59	12.86	10.13	16.12	
254.0	95.0	8.0	8.0	13.65	11.51	15.39	6.07	17.95	16.88	7.88	12.77	14.37	14.78	8.83	
255.0	97.0	9.0	9.0	12.36	10.91	9.79	10.68	9.89	8.6	12.05	8.23	10.75	12.13	11.57	
256.0	66.0	12.0	12.0	13.38	8.43	10.72	12.87	16.41	17.3	8.89	10.49	7.23	13.29	12.9	
257.0	69.0	12.0	12.0	12.19	7.27	13.39	6.82	9.24	14.43	16.86	12.54	7.03	9.19	6.44	
258.0	86.0	15.0	15.0	13.84	11.11	11.69	9.81	8.79	17.69	10.4	11.91	17.45	9.24	17.24	
259.0	67.0	3.0	3.0	14.47	16.13	14.61	7.2	11.57	13.95	15.78	7.16	13.75	13.0	16.17	
260.0	79.0	7.0	7.0	6.04	8.39	10.23	16.06	6.44	15.25	15.24	13.05	13.47	16.48	10.45	
261.0	62.0	7.0	7.0	12.34	17.69	9.91	11.26	13.91	16.35	17.76	6.89	16.41	17.79	10.679785193738585	
262.0	98.0	15.0	15.0	12.89	13.85	16.48	15.54	12.04	17.18	8.01	16.88	8.44	13.36	17.65	
263.0	73.0	13.0	13.0	12.4	10.76	17.62	10.38	14.3	13.85	13.09	17.3	7.12	17.64	7.26	
264.0	77.0	8.0	8.0	9.82	14.99	9.46	7.91	9.03	8.58	6.59	9.47	11.38	11.83	15.5	
265.0	84.0	12.0	12.0	9.21	13.96	13.81	15.16	11.33	7.56	6.37	9.32	12.28	17.62	14.24	
266.0	88.0	4.0	4.0	12.75	12.16	6.5	16.66	17.76	15.24	8.58	8.75	13.87	7.0	8.57	
267.0	95.0	8.0	8.0	8.33	9.92	13.07	17.4	11.02	12.93	17.56	11.07	8.1	17.01	14.45	
268.0	50.0	9.0	9.0	8.08	7.55	12.43	11.43	8.28	7.61	12.86	9.8	6.32	10.28	8.21	
269.0	58.0	11.0	11.0	13.67	8.92	13.01	8.57	6.24	15.44	7.85	13.03	14.98	9.2	8.89	
270.0	83.0	5.0	5.0	6.17	17.37	7.34	10.76	10.73	13.96	14.26	10.64	9.64	9.08	10.28	
271.0	86.0	15.0	15.0	15.59	10.27	9.15	16.4	7.93	13.83	10.83	9.03	14.35	14.55	8.34	
272.0	69.0	12.0	12.0	17.13	10.71	6.7	13.89	17.41	10.42	15.45	13.94	7.01	14.28	8.91	
273.0	96.0	15.0	15.0	12.18	12.24	11.51	6.28	12.81	14.95	6.09	12.41	6.25	7.94	14.17	
274.0	94.0	13.0	13.0	9.19	9.74	9.91	10.39	7.01	15.74	6.87	9.06	11.75	10.65	11.87	
275.0	53.0	12.0	12.0	7.27	13.49	15.01	10.1	7.05	12.59	11.61	10.56	10.44	14.92	13.74	
276.0	65.0	11.0	11.0	12.12	9.22	12.61	16.06	6.8	9.25	10.16	8.05	13.58	6.76	17.59	
277.0	50.0	9.0	9.0	11.52	10.71	9.38	8.8	13.52	13.3	15.02	8.43	8.0	15.25	13.21	
278.0	74.0	1.0	1.0	12.04	13.03	7.78	9.09	17.49	8.36	13.49	13.29	13.86	13.94	10.21	
279.0	91.0	9.0	9.0	10.98	8.07	12.55	12.85	6.15	12.95	17.97	11.42	13.62	10.4	15.21	
280.0	94.0	13.0	13.0	16.34	13.06	9.0	11.97	8.49	8.4	8.38	15.9	8.34	14.46	10.25	
281.0	72.0	11.0	11.0	7.09	13.76	11.87	6.25	13.86	11.45	12.11	17.55	8.07	15.58	13.88	
282.0	98.0	15.0	15.0	17.2	10.57	14.59	9.76	12.46	11.37	12.74	8.95	16.52	11.64	17.65	
283.0	82.0	6.0	6.0	13.43	9.83	7.67	14.26	17.34	17.54	7.1	15.15	9.83	15.82	15.11	
284.0	46.0	14.0	14.0	8.23	16.07	11.97	10.07	16.3	9.52	6.94	6.24	10.94	6.64	9.76	
285.0	88.0	4.0	4.0	7.78	12.44	7.27	12.9	10.7	13.03	13.85	17.38	15.88	7.72	12.99	
286.0	90.0	4.0	4.0	13.23	6.53	10.82	12.4	10.69	13.13	14.09	12.53	13.19	14.37	17.86	
287.0	55.0	6.0	6.0	13.56	14.15	7.21	8.97	12.2	10.63	14.97	17.28	6.53	17.36	14.32	
288.0	96.0	15.0	15.0	7.16	16.27	16.4	6.81	16.29	10.23	13.64	17.26	12.86	6.64	9.1	
289.0	81.0	3.0	3.0	11.61	9.13	14.24	6.36	6.71	10.46	7.12	13.81	8.79	8.65	12.3	
290.0	84.0	12.0	12.0	12.36	7.98	10.53	15.28	6.09	12.51	10.45	10.44	15.92	7.64	6.7	
291.0	85.0	3.0	3.0	12.52	9.66	17.73	14.93	6.02	15.78	13.07	16.67	10.66	9.56	8.1	
292.0	89.0	14.0	14.0	6.25	17.47	13.1	10.25	8.43	11.89	7.44	15.68	13.9	8.88	10.75	
293.0	91.0	9.0	9.0	12.45	7.68	11.81	12.75	16.29	13.64	14.28	12.32	13.93	17.32	8.67	
294.0	32.0	14.0	14.0	13.73	14.8	14.19	10.83	12.43	13.18	6.18	15.8	7.47	6.86	12.36	
295.0	97.0	9.0	9.0	6.98	13.18	17.15	9.72	17.14	7.61	14.66	16.92	9.43	11.36	9.55	
296.0	82.0	6.0	6.0	8.85	12.55	8.05	13.17	6.87	12.2	13.66	12.58	9.49	15.31	11.04	
297.0	85.0	3.0	3.0	16.43	14.86	11.35	17.88	10.82	15.09	15.39	12.03	15.41	15.9	13.391088467074722	
298.0	35.0	10.0	10.0	12.02	12.08	12.78	12.93	9.98	11.19	13.25	12.59	17.53	10.83	17.91	
299.0	45.0	5.0	5.0	6.33	16.91	6.4	8.29	12.33	13.01	7.59	15.49	17.56	10.48	8.35	
300.0	93.0	4.0	4.0	13.15	13.28	14.34	17.94	17.45	11.87	12.86	15.54	7.2	8.73	15.3	
301.0	95.0	8.0	8.0	6.36	17.68	12.71	6.11	9.02	8.38	15.94	13.97	10.4	14.05	16.64	
302.0	99.0	12.0	12.0	11.39	8.48	17.45	15.37	8.04	9.49	8.0	15.96	10.78	6.27	8.31	
303.0	65.0	11.0	11.0	9.57	16.91	9.89	7.89	8.12	16.61	10.57	14.48	16.5	16.25	17.55	
304.0	84.0	12.0	12.0	9.96	12.09	16.15	13.05	12.45	15.59	14.4	12.49	11.47	8.59	12.68	
305.0	67.0	3.0	3.0	13.49	16.3	10.93	9.67	11.7	16.57	9.75	12.4	7.79	10.82	13.17	
306.0	97.0	9.0	9.0	13.77	10.7	11.8	16.61	14.63	12.69	15.94	9.35	8.42	11.42	16.34	
307.0	42.0	4.0	4.0	16.89	14.98	8.75	17.54	7.62	17.69	9.9	6.15	6.51	14.58	15.37	
308.0	97.0	9.0	9.0	17.66	15.31	16.37	10.0	7.98	9.11	11.31	8.7	6.94	10.22	14.29	
309.0	63.0	15.0	15.0	15.25	8.28	9.85	16.39	7.98	12.32	16.48	10.17	7.18	11.03	12.24	
310.0	68.0	5.0	5.0	14.36	12.61	14.03	11.04	7.02	12.13	12.49	14.59	17.18	8.78	11.83	
311.0	86.0	15.0	15.0	8.14	17.52	9.02	14.92	9.91	13.76	6.57	11.31	12.2	12.87	10.58	
312.0	94.0	13.0	13.0	17.78	15.03	16.19	15.32	11.66	14.84	16.61	10.06	12.75	17.63	7.530362206363912	
313.0	60.0	3.0	3.0	16.68	14.99	8.67	10.81	9.75	15.54	14.77	16.36	14.68	8.77	15.46	
314.0	94.0	13.0	13.0	11.29	13.63	14.0	16.39	14.33	15.18	12.69	15.85	8.03	12.77	7.82	
315.0	97.0	9.0	9.0	15.33	16.17	10.89	17.5	7.72	9.63	13.77	7.25	15.14	9.46	12.42	
316.0	82.0	6.0	6.0	16.41	6.33	12.42	17.46	17.8	8.39	12.21	12.74	17.21	16.48	8.62	
317.0	84.0	12.0	12.0	8.76	16.62	11.85	17.53	6.91	17.05	11.92	11.89	11.04	17.65	8.32	
318.0	87.0	5.0	5.0	6.45	15.48	16.74	13.56	17.37	16.37	7.37	10.71	17.67	11.14	11.64	
319.0	89.0	14.0	14.0	13.76	8.31	17.17	7.53	13.05	12.01	14.24	9.37	6.52	10.69	8.9	
320.0	70.0	11.0	11.0	12.16	11.66	6.81	17.72	6.84	10.32	16.99	6.35	11.5	11.98	7.43	
321.0	73.0	13.0	13.0	16.49	16.83	17.38	15.96	9.27	7.24	7.52	6.77	7.7	9.87	17.92	
322.0	82.0	6.0	6.0	6.09	7.8	13.66	11.79	16.58	12.1	8.44	10.85	6.91	10.37	6.51	
323.0	83.0	5.0	5.0	17.75	14.68	11.31	13.9	15.28	17.98	15.04	17.57	16.0	10.309450709722505	13.381871501282916	
324.0	84.0	12.0	12.0	8.81	16.85	17.21	15.48	13.9	14.57	13.57	17.47	9.63	11.69	15.782180285281813	
325.0	95.0	8.0	8.0	15.34	13.47	13.55	12.11	13.06	11.49	17.65	6.25	8.16	12.29	13.07	
326.0	90.0	4.0	4.0	17.16	6.46	8.06	12.06	10.23	10.52	8.81	12.52	7.73	16.42	14.67	
327.0	93.0	4.0	4.0	7.42	17.88	8.36	13.47	16.6	7.32	12.6	12.14	13.61	8.47	16.24	
328.0	41.0	15.0	15.0	13.61	12.81	16.95	12.87	10.81	14.63	12.61	13.72	15.06	13.34	16.84	
329.0	81.0	3.0	3.0	10.32	15.5	12.31	6.47	13.5	15.57	7.54	15.06	8.28	16.32	13.58	
330.0	83.0	5.0	5.0	11.19	7.32	15.97	7.47	17.62	6.12	17.66	6.97	6.19	11.53	17.86	
331.0	86.0	15.0	15.0	17.79	16.36	8.14	12.3	16.17	6.56	7.88	15.46	16.36	12.04	6.13	
332.0	60.0	3.0	3.0	12.19	11.14	12.54	14.88	8.33	15.16	12.99	7.73	15.22	14.26	9.12	
333.0	40.0	11.0	11.0	9.53	15.34	15.28	15.36	9.2	7.8	10.28	7.8	15.49	9.49	14.93	
334.0	95.0	8.0	8.0	9.78	10.36	12.7	13.62	6.36	10.84	12.28	12.22	12.32	8.21	10.85	
335.0	65.0	11.0	11.0	10.86	16.13	15.41	14.53	8.13	13.68	15.01	9.02	14.24	7.97	8.43	
336.0	56.0	13.0	13.0	16.55	17.26	6.7	14.43	14.08	9.1	14.97	8.77	16.95	12.79	11.11	
337.0	73.0	13.0	13.0	11.7	12.91	9.79	8.42	12.63	9.36	16.89	16.36	13.59	16.0	12.46	
338.0	46.0	14.0	14.0	15.46	6.92	9.67	16.85	14.02	13.87	9.61	6.22	7.0	14.62	13.47	
339.0	90.0	4.0	4.0	14.67	14.44	8.41	10.11	9.27	13.82	10.56	13.41	10.26	11.07	15.36	
340.0	77.0	8.0	8.0	10.05	17.6	7.41	16.25	10.2	17.93	10.23	14.66	9.96	8.57	9.7	
341.0	95.0	8.0	8.0	9.22	7.77	14.28	6.62	14.46	12.43	10.13	12.96	17.94	10.76	15.73	
342.0	100.0	14.0	14.0	9.03	8.38	8.56	17.53	16.9	15.44	10.3	14.38	9.4	14.47	17.82	
343.0	77.0	8.0	8.0	10.36	9.68	15.19	17.54	6.27	7.83	7.32	11.46	14.24	9.74	6.47	
344.0	86.0	15.0	15.0	10.8	9.15	13.7	8.57	13.86	8.16	14.73	9.2	8.38	8.6	6.51	
345.0	70.0	11.0	11.0	15.72	7.92	8.14	11.21	12.53	17.38	11.61	15.98	11.34	13.77	7.96	
346.0	70.0	11.0	11.0	15.81	10.91	8.34	17.18	6.42	12.67	12.98	6.42	6.17	12.95	11.16	
347.0	93.0	4.0	4.0	14.9	14.28	8.92	15.65	13.81	6.45	11.08	7.46	14.95	13.76	13.99	
348.0	96.0	15.0	15.0	12.89	8.3	9.28	11.99	10.43	10.85	9.68	7.31	12.37	12.27	10.51	
349.0	44.0	3.0	3.0	8.99	9.03	17.29	9.18	15.85	9.69	8.24	10.97	12.11	16.08	7.44	
350.0	82.0	6.0	6.0	17.34	12.14	17.17	15.42	9.93	10.5	12.95	11.33	12.99	7.81	17.61	
351.0	85.0	3.0	3.0	11.9	13.97	9.43	15.46	10.3	17.36	16.76	17.86	10.17	9.42	7.4	
352.0	69.0	12.0	12.0	17.17	14.81	17.07	9.54	13.55	16.67	7.46	7.62	15.89	13.26	17.62	
353.0	35.0	10.0	10.0	14.02	14.96	14.57	15.0	15.15	13.77	10.2	16.22	8.47	14.54	16.85	
354.0	96.0	15.0	15.0	7.35	13.86	16.35	10.02	6.8	17.04	13.58	14.49	16.82	13.29	14.8	
355.0	65.0	11.0	11.0	10.8	7.4	9.67	11.69	14.07	15.13	14.29	8.13	9.28	12.62	17.04	
356.0	51.0	2.0	2.0	9.72	14.03	12.1	14.07	9.34	9.49	14.07	17.87	8.94	8.02	12.69	
357.0	64.0	4.0	4.0	7.72	17.76	15.38	12.3	14.07	10.05	9.18	7.11	11.39	16.86	15.8	
358.0	87.0	5.0	5.0	17.26	9.14	16.17	12.85	14.1	17.91	8.25	6.99	14.73	16.53	15.72	
359.0	89.0	14.0	14.0	14.72	10.5	11.57	11.12	10.48	13.17	14.31	9.07	13.3	14.83	13.73	
360.0	94.0	13.0	13.0	10.89	10.16	15.58	15.44	15.27	8.55	8.93	8.77	11.4	12.68	16.89	
361.0	59.0	9.0	9.0	17.53	10.17	10.28	8.3	8.76	6.73	8.43	6.52	10.18	16.64	16.77	
362.0	63.0	15.0	15.0	13.88	6.96	11.77	15.25	8.38	16.93	16.99	8.74	15.74	6.52	9.2	
363.0	82.0	6.0	6.0	11.69	9.46	12.79	7.57	7.7	17.46	13.93	9.8	6.79	15.33	11.59	
364.0	85.0	3.0	3.0	18.0	8.54	10.21	17.22	8.11	6.73	13.28	8.65	9.98	16.33	16.34	
365.0	87.0	5.0	5.0	15.43	7.69	9.37	8.35	14.54	13.2	16.52	9.09	16.94	11.0	12.7	
366.0	91.0	9.0	9.0	14.51	8.38	6.35	9.32	9.75	10.14	14.42	6.11	10.05	16.43	7.28	
367.0	64.0	4.0	4.0	17.38	14.93	13.6	10.46	8.18	15.5	10.24	11.05	11.36	12.34	10.78	
368.0	53.0	12.0	12.0	15.06	9.47	13.68	10.15	7.82	8.57	8.08	8.43	7.33	17.47	9.87	
369.0	56.0	13.0	13.0	13.89	13.34	10.29	12.28	11.54	9.68	8.75	10.45	9.28	12.45	15.17	
370.0	69.0	12.0	12.0	15.95	9.89	7.6	7.24	10.48	9.99	12.22	16.26	15.91	10.89	12.89	
371.0	85.0	3.0	3.0	12.04	10.21	8.71	8.35	6.53	14.11	15.91	11.09	17.17	13.63	7.32	
372.0	88.0	4.0	4.0	9.76	10.68	10.75	17.88	8.63	17.32	17.39	17.73	11.67	12.71	12.43	
373.0	92.0	10.0	10.0	17.01	13.05	17.19	16.95	15.86	6.31	16.21	17.3	16.38	8.86	13.901552438009993	
374.0	38.0	5.0	5.0	16.95	11.47	8.32	7.75	17.61	17.47	13.38	14.65	16.16	13.02	12.27	
375.0	69.0	12.0	12.0	13.38	6.89	11.41	11.65	14.95	17.87	9.26	17.71	12.15	9.37	6.88	
376.0	100.0	14.0	14.0	7.29	15.13	7.86	14.32	8.62	10.04	15.92	10.52	16.45	13.9	7.16	
377.0	83.0	5.0	5.0	7.45	6.23	14.71	8.12	8.54	10.98	7.28	7.41	10.36	11.78	6.83	
378.0	39.0	14.0	14.0	13.12	8.53	10.97	17.45	10.37	8.71	17.28	8.35	14.26	10.73	8.54	
379.0	91.0	9.0	9.0	6.43	17.49	7.35	10.53	7.59	10.56	13.72	14.15	14.27	14.99	6.46	
380.0	92.0	10.0	10.0	14.46	13.48	15.05	12.05	14.18	11.8	11.38	12.35	13.42	17.53	10.12	
381.0	70.0	11.0	11.0	9.15	9.73	6.04	11.79	6.6	12.29	7.85	16.74	11.47	14.33	16.39	
382.0	66.0	12.0	12.0	7.36	7.44	14.16	13.32	16.1	9.84	9.94	14.74	13.47	16.93	10.41	
383.0	83.0	5.0	5.0	6.18	15.39	17.55	6.76	8.36	9.42	17.84	14.97	10.09	12.66	8.62	
384.0	85.0	3.0	3.0	10.94	7.18	15.85	7.47	12.48	16.49	10.22	12.19	12.9	17.82	15.31	
385.0	24.0	14.0	14.0	15.09	17.69	12.64	10.24	9.17	12.11	15.22	10.08	14.89	9.28	7.79	
386.0	88.0	4.0	4.0	7.65	6.4	16.24	11.19	8.53	16.83	7.74	7.69	17.15	12.34	8.18	
387.0	69.0	12.0	12.0	14.25	12.15	13.79	6.32	9.59	13.21	15.86	16.54	8.94	11.3	6.26	
388.0	79.0	7.0	7.0	13.92	17.94	7.61	10.99	15.35	14.87	17.39	7.82	11.6	15.92	9.91	
389.0	74.0	1.0	1.0	6.84	16.61	11.05	11.44	8.27	11.39	8.4	16.03	13.03	14.67	16.95	
390.0	62.0	7.0	7.0	11.85	6.82	12.31	14.17	6.02	18.0	7.45	13.73	6.67	7.83	15.42	
391.0	86.0	15.0	15.0	9.08	10.21	16.16	7.67	7.08	16.27	13.97	10.87	10.01	8.04	10.41	
392.0	94.0	13.0	13.0	17.0	6.72	17.55	8.82	15.0	9.24	15.54	12.1	15.78	11.11	9.98	
393.0	87.0	5.0	5.0	16.71	7.42	9.32	17.39	10.97	7.71	7.9	6.28	16.69	13.16	17.14	
394.0	96.0	15.0	15.0	7.46	15.35	10.54	17.67	7.78	12.77	13.36	16.32	15.77	7.91	6.23	
395.0	99.0	12.0	12.0	11.95	8.53	15.78	17.15	8.13	13.7	16.3	15.37	10.84	12.21	8.72	
396.0	57.0	14.0	14.0	15.27	11.65	8.78	7.08	15.64	12.33	10.16	15.88	14.41	12.28	15.76	
397.0	53.0	12.0	12.0	6.54	8.7	10.82	6.16	8.35	7.84	11.51	13.99	17.66	6.56	10.15	
398.0	86.0	15.0	15.0	10.89	11.33	15.99	15.07	12.94	7.91	11.94	15.11	16.72	12.72	8.14	
399.0	90.0	4.0	4.0	15.41	14.84	7.16	10.19	12.68	8.81	16.87	13.98	13.09	8.03	14.37	
400.0	93.0	4.0	4.0	9.93	9.14	8.91	6.92	7.76	8.4	10.56	12.58	13.95	7.0	17.16	
401.0	61.0	12.0	12.0	12.99	17.0	11.22	11.36	8.41	9.8	16.72	13.22	7.79	13.93	15.47	
402.0	32.0	14.0	14.0	9.05	10.86	6.82	6.87	9.91	7.21	8.71	7.31	8.88	9.78	7.62	
403.0	76.0	6.0	6.0	10.1	12.28	9.84	14.56	14.22	14.1	11.12	15.99	6.11	14.02	6.1	
404.0	86.0	15.0	15.0	6.74	12.66	17.09	17.5	14.35	11.16	12.33	6.97	17.89	10.7	9.01	
405.0	89.0	14.0	14.0	16.95	11.52	8.65	7.96	11.15	12.11	14.11	13.19	15.68	9.33	8.29	
406.0	22.0	6.0	6.0	11.98	15.91	12.26	14.39	17.25	15.85	9.57	16.62	16.68	12.43	7.4541440209014205	
407.0	63.0	15.0	15.0	6.43	6.14	13.11	6.41	15.07	6.66	17.88	7.05	8.22	13.92	14.6	
408.0	96.0	15.0	15.0	16.0	6.78	6.99	11.86	8.96	9.95	7.96	15.35	11.48	14.94	10.96	
409.0	66.0	12.0	12.0	14.51	9.09	8.07	10.56	14.85	15.4	14.59	13.75	7.79	14.84	13.28	
410.0	53.0	12.0	12.0	13.24	7.78	9.9	8.49	13.8	11.21	7.31	17.78	7.26	16.38	12.95	
411.0	66.0	12.0	12.0	6.14	14.7	12.11	8.85	8.1	14.87	14.23	6.48	12.26	17.49	6.92	
412.0	39.0	14.0	14.0	14.72	11.73	12.12	9.61	8.55	14.96	8.22	17.59	13.82	11.21	6.99	
413.0	80.0	3.0	3.0	6.42	13.41	7.63	13.01	12.02	17.93	13.98	12.8	10.97	15.29	7.19	
414.0	79.0	7.0	7.0	10.99	9.31	16.88	14.1	6.55	17.56	9.81	12.78	13.42	6.9	13.05	
415.0	75.0	8.0	8.0	9.49	15.37	11.42	7.42	14.42	7.29	13.2	13.12	13.83	16.51	11.27	
416.0	81.0	3.0	3.0	7.32	6.81	14.7	9.19	8.04	7.9	17.91	12.71	7.51	10.75	6.75	
417.0	48.0	13.0	13.0	17.96	6.72	12.78	13.91	9.29	16.28	11.88	16.91	12.08	13.03	6.86	
418.0	49.0	12.0	12.0	14.75	14.7	7.73	12.78	16.79	13.81	15.91	16.56	17.67	13.65	8.16603920517091	
419.0	98.0	15.0	15.0	10.39	6.94	15.0	12.63	17.16	9.57	10.65	8.58	11.98	7.98	7.28	
420.0	62.0	7.0	7.0	17.17	11.87	7.26	11.58	9.04	9.29	11.14	7.62	16.18	10.17	16.45	
421.0	95.0	8.0	8.0	14.7	13.67	9.06	12.83	17.84	13.64	6.84	10.8	6.86	12.56	8.46	
422.0	99.0	12.0	12.0	12.96	13.78	17.09	6.82	17.45	13.58	10.28	8.64	9.3	13.44	10.83	
423.0	82.0	6.0	6.0	16.4	13.71	15.79	6.61	15.67	7.59	7.04	9.0	9.2	16.47	8.23	
424.0	38.0	5.0	5.0	6.18	8.83	14.76	17.24	8.2	10.66	17.48	8.65	6.41	11.65	11.93	
425.0	87.0	5.0	5.0	14.53	11.26	6.29	14.91	15.05	9.0	16.03	14.51	15.66	7.6	15.0	
426.0	84.0	12.0	12.0	10.18	7.62	11.74	10.59	11.05	12.93	13.79	16.47	13.91	6.58	13.35	
427.0	73.0	13.0	13.0	14.93	13.35	13.5	6.08	17.83	17.74	10.34	12.47	11.16	7.9	8.19	
428.0	96.0	15.0	15.0	6.06	17.37	10.81	9.3	12.61	15.23	11.51	6.52	15.29	15.82	15.87	
429.0	99.0	12.0	12.0	9.93	11.67	10.1	7.71	10.0	14.21	16.88	8.35	9.51	13.59	16.3	
430.0	83.0	5.0	5.0	8.23	10.91	11.84	17.1	12.29	7.97	14.97	12.0	16.43	15.06	10.09	
431.0	86.0	15.0	15.0	10.93	11.15	11.47	8.1	16.63	8.17	15.69	8.29	8.81	8.7	12.52	
432.0	90.0	4.0	4.0	15.32	14.49	6.82	7.14	10.07	6.83	14.36	10.76	13.66	9.16	13.96	
433.0	92.0	10.0	10.0	9.53	10.98	17.24	14.37	10.71	11.96	7.75	12.9	7.78	12.49	13.88	
434.0	66.0	12.0	12.0	14.96	13.36	6.21	8.53	13.24	6.01	12.66	15.51	13.81	13.42	13.62	
435.0	99.0	12.0	12.0	14.5	7.1	9.93	14.91	7.88	13.05	8.63	15.55	15.33	17.32	12.12	
436.0	75.0	8.0	8.0	14.25	15.22	15.2	13.55	14.95	13.07	9.99	7.99	16.78	11.65	12.05	
437.0	71.0	11.0	11.0	12.68	10.89	9.06	8.56	9.22	15.32	10.82	14.06	11.82	17.36	16.53	
438.0	71.0	11.0	11.0	9.43	6.11	15.82	15.31	15.08	17.18	6.21	12.43	15.72	6.21	15.63	
439.0	41.0	15.0	15.0	12.82	8.75	15.2	13.05	13.29	17.34	10.88	8.49	14.36	15.27	11.83	
440.0	31.0	8.0	8.0	7.92	16.59	17.75	16.59	14.11	8.41	7.51	11.69	16.72	14.52	6.44	
441.0	97.0	9.0	9.0	17.28	6.85	13.91	8.94	14.28	13.4	9.88	17.83	13.66	11.57	17.66	
442.0	98.0	15.0	15.0	7.52	16.38	16.64	9.93	14.26	9.09	10.0	10.77	17.2	11.57	7.94	
443.0	81.0	3.0	3.0	17.71	14.34	10.97	16.01	8.78	6.52	14.27	17.77	14.87	7.53	7.74	
444.0	86.0	15.0	15.0	16.97	16.16	7.12	17.76	8.3	14.38	13.0	6.83	16.4	10.98	9.97	
445.0	74.0	1.0	1.0	16.35	13.36	16.58	15.07	8.36	17.65	15.07	14.25	7.68	8.06	8.62	
446.0	78.0	8.0	8.0	14.08	16.61	11.13	12.47	11.84	6.73	15.7	9.82	13.17	15.58	16.68	
447.0	95.0	8.0	8.0	9.98	6.6	15.85	14.31	12.52	7.41	16.81	14.9	14.77	15.62	9.41	
448.0	69.0	12.0	12.0	14.49	6.48	12.73	15.08	16.65	15.17	8.08	8.46	10.55	16.62	13.98	
449.0	37.0	5.0	5.0	8.35	6.56	8.54	16.2	13.83	9.46	7.95	15.41	13.41	16.13	17.75	
450.0	72.0	11.0	11.0	9.06	10.01	6.36	11.0	8.17	9.28	8.09	14.65	13.32	10.01	11.62	
451.0	85.0	3.0	3.0	12.58	12.36	10.61	16.52	10.88	9.29	9.18	17.43	11.09	6.84	7.43	
452.0	88.0	4.0	4.0	9.47	6.61	11.97	17.47	17.77	12.77	9.44	10.58	15.81	10.58	17.24	
453.0	68.0	5.0	5.0	15.08	17.26	9.12	6.48	8.23	7.12	15.66	9.1	12.14	15.79	15.79	
454.0	75.0	8.0	8.0	12.14	14.3	16.12	6.05	16.58	9.65	12.36	7.95	10.58	13.32	7.59	
455.0	99.0	12.0	12.0	10.17	7.39	13.98	16.52	15.58	10.12	9.26	17.79	12.67	9.18	12.7	
456.0	41.0	15.0	15.0	6.59	10.34	8.53	14.33	15.99	10.69	17.59	7.89	7.18	10.2	10.34	
457.0	84.0	12.0	12.0	16.65	13.03	11.05	7.44	16.53	9.68	10.04	9.15	8.71	14.1	7.71	
458.0	70.0	11.0	11.0	16.93	15.82	12.69	17.17	11.84	13.62	6.61	8.98	14.04	7.21	15.95	
459.0	91.0	9.0	9.0	6.1	13.83	17.17	17.1	16.17	17.16	7.36	13.12	8.32	11.75	17.57	
460.0	94.0	13.0	13.0	14.1	14.81	6.11	8.98	16.18	6.01	9.01	11.47	10.47	12.15	11.0	
461.0	46.0	14.0	14.0	10.71	8.23	15.66	9.24	15.37	7.65	14.77	7.28	10.88	16.72	12.92	
462.0	99.0	12.0	12.0	9.21	9.93	7.29	9.32	13.12	9.97	7.89	11.07	10.29	6.04	17.15	
463.0	25.0	12.0	12.0	17.19	15.92	13.13	7.2	17.85	15.43	15.81	14.48	6.57	13.47	10.32	
464.0	84.0	12.0	12.0	12.79	16.3	14.32	15.67	14.23	8.72	15.42	7.32	17.59	6.84	8.65	
465.0	71.0	11.0	11.0	6.15	13.03	17.8	7.78	16.32	7.78	15.24	13.21	14.78	7.72	15.8	
466.0	63.0	15.0	15.0	8.87	8.93	14.35	16.06	7.82	16.76	15.79	15.14	14.18	17.06	12.12	
467.0	72.0	11.0	11.0	12.5	10.23	16.3	6.15	9.87	13.03	10.53	14.79	6.09	10.95	8.22	
468.0	76.0	6.0	6.0	13.51	16.01	7.78	15.55	12.6	10.56	13.82	8.58	12.59	11.38	17.94	
469.0	68.0	5.0	5.0	9.27	17.96	9.6	14.53	8.03	6.59	10.41	17.6	15.34	12.17	15.43	
470.0	58.0	11.0	11.0	13.51	16.85	14.3	11.05	9.27	13.21	8.41	15.79	13.37	12.78	6.84	
471.0	86.0	15.0	15.0	15.25	6.58	12.3	9.6	16.53	6.82	10.18	8.2	11.07	17.52	8.22	
472.0	98.0	15.0	15.0	16.81	6.19	13.95	6.52	13.67	7.38	16.93	10.35	10.21	7.62	14.77	
473.0	92.0	10.0	10.0	15.97	9.63	8.56	11.55	9.91	12.05	16.81	11.29	13.56	16.6	7.18	
474.0	96.0	15.0	15.0	8.62	12.0	17.71	13.92	16.13	7.23	17.64	8.01	11.22	9.89	12.83	
475.0	97.0	9.0	9.0	15.23	11.16	13.27	14.17	9.32	7.97	10.52	11.13	12.35	14.06	8.07	
476.0	81.0	3.0	3.0	9.97	7.49	15.97	13.2	15.33	8.47	6.91	8.43	11.49	12.34	8.33	
477.0	78.0	8.0	8.0	15.47	6.67	8.81	14.86	13.06	12.81	11.5	15.19	15.5	14.84	10.07	
478.0	88.0	4.0	4.0	10.96	7.44	7.3	11.48	11.38	11.03	7.37	9.37	15.54	12.41	15.59	
479.0	61.0	12.0	12.0	13.99	11.82	16.39	15.21	16.83	12.92	16.39	17.52	7.21	6.06	15.3	
480.0	70.0	11.0	11.0	7.05	14.31	12.5	10.17	9.35	13.67	10.69	16.9	6.55	16.65	16.78	
481.0	58.0	11.0	11.0	15.07	15.7	12.95	10.42	13.8	10.53	16.41	14.62	13.15	17.7	8.573550057723036	
482.0	67.0	3.0	3.0	15.18	15.52	15.6	8.58	12.41	12.45	9.33	13.96	6.28	11.52	10.54	
483.0	74.0	1.0	1.0	17.63	6.13	6.38	8.04	8.81	15.14	9.67	15.75	16.6	6.96	16.8	
484.0	84.0	12.0	12.0	8.21	11.92	12.17	10.81	9.37	13.59	15.56	13.78	12.19	7.85	13.32	
485.0	88.0	4.0	4.0	15.39	15.08	8.28	14.4	16.79	16.83	13.89	17.91	6.23	7.79	7.07	
486.0	92.0	10.0	10.0	17.69	10.28	11.32	7.09	16.21	16.54	14.99	8.48	13.81	11.41	6.8	
487.0	94.0	13.0	13.0	15.32	11.97	17.34	13.82	15.76	10.65	6.67	17.45	13.61	12.03	17.44	
488.0	96.0	15.0	15.0	17.72	10.11	13.01	14.21	15.56	16.59	16.1	13.85	17.28	15.17	6.596204782411201	
489.0	78.0	8.0	8.0	7.76	16.81	9.37	14.15	17.92	15.92	6.41	17.57	6.16	14.11	12.9	
490.0	84.0	12.0	12.0	15.5	10.93	10.59	16.79	8.76	17.09	13.79	7.95	7.05	10.81	10.74	
491.0	85.0	3.0	3.0	12.23	12.36	15.18	9.52	17.01	11.95	14.02	17.06	11.91	9.75	6.04	
492.0	90.0	4.0	4.0	17.02	8.19	15.56	10.38	12.76	11.22	6.84	8.82	11.31	17.07	7.3	
493.0	58.0	11.0	11.0	11.7	10.96	10.82	7.04	12.4	7.54	8.77	15.97	6.25	11.63	11.82	
494.0	76.0	6.0	6.0	12.48	13.23	10.34	7.51	16.26	7.57	9.2	9.24	8.02	8.25	6.32	
495.0	59.0	9.0	9.0	9.25	15.65	13.2	13.63	9.69	15.04	10.48	15.76	8.25	16.69	16.36	
496.0	100.0	14.0	14.0	6.9	10.69	8.68	6.25	11.47	8.62	16.8	16.61	10.26	9.51	10.18	
497.0	48.0	13.0	13.0	13.4	16.68	12.6	11.8	15.34	10.88	10.45	16.07	17.34	7.84	13.08	
498.0	86.0	15.0	15.0	17.25	7.88	10.62	9.42	14.63	10.69	11.29	11.27	14.18	13.51	6.95	
499.0	91.0	9.0	9.0	13.7	17.78	17.76	8.95	9.5	11.64	16.9	14.95	8.5	15.6	16.24	
500.0	93.0	4.0	4.0	16.12	11.4	10.81	12.1	15.58	11.38	16.21	9.53	13.72	13.54	6.5	
501.0	75.0	8.0	8.0	7.23	7.33	6.9	7.68	17.17	7.7	9.37	12.19	10.91	9.75	13.76	
502.0	98.0	15.0	15.0	8.98	10.22	13.1	9.04	10.17	13.7	15.57	15.26	14.52	10.32	15.82	
503.0	52.0	4.0	4.0	7.88	6.7	15.51	13.39	11.46	15.14	13.52	16.45	14.99	14.91	6.34	
504.0	62.0	7.0	7.0	15.62	6.48	8.63	14.68	7.3	8.01	15.28	9.86	7.85	9.37	14.91	
505.0	89.0	14.0	14.0	11.77	8.76	7.53	10.44	17.14	15.06	17.69	17.65	8.25	8.52	12.87	
506.0	92.0	10.0	10.0	13.07	14.12	7.31	13.5	13.01	9.59	12.15	11.52	16.86	10.64	9.0	
507.0	95.0	8.0	8.0	11.36	12.43	7.55	15.16	13.3	17.44	16.21	11.62	8.55	11.78	10.27	
508.0	43.0	13.0	13.0	16.63	9.28	7.68	14.68	15.3	11.19	14.61	10.24	17.4	14.4	14.14	
509.0	99.0	12.0	12.0	9.12	17.27	13.78	7.04	9.44	7.06	11.55	7.09	6.07	17.79	11.9	
510.0	82.0	6.0	6.0	7.01	13.12	13.66	9.11	7.89	10.57	17.08	11.39	12.87	10.08	13.97	
511.0	85.0	3.0	3.0	11.93	7.17	16.88	8.59	16.83	11.23	10.99	6.16	7.7	9.41	17.34	
512.0	68.0	5.0	5.0	17.77	9.9	9.4	9.4	8.43	8.4	15.86	15.15	9.02	12.9	16.87	
513.0	22.0	6.0	6.0	13.15	14.35	13.28	16.54	10.7	15.59	12.39	13.91	17.96	15.11	8.505564962387632	
514.0	96.0	15.0	15.0	7.22	15.25	16.96	6.2	11.7	11.9	11.81	12.63	13.52	15.08	6.46	
515.0	41.0	15.0	15.0	7.4	6.91	10.5	10.01	15.76	17.69	17.52	11.19	14.16	14.28	16.28	
516.0	81.0	3.0	3.0	7.35	10.45	12.19	17.06	17.37	8.08	7.58	9.13	12.27	16.46	6.89	
517.0	84.0	12.0	12.0	9.22	13.74	6.5	8.64	15.25	16.06	15.0	11.5	10.87	16.09	11.15	
518.0	86.0	15.0	15.0	6.11	13.64	9.25	10.67	16.44	6.57	8.52	12.61	10.21	7.25	8.5	
519.0	89.0	14.0	14.0	14.41	14.7	14.6	15.53	6.57	6.44	14.07	6.11	13.69	16.87	6.65	
520.0	21.0	9.0	9.0	10.36	13.16	6.15	17.72	13.53	13.34	13.54	16.87	7.95	7.46	15.15	
521.0	65.0	11.0	11.0	10.94	6.6	13.29	17.1	8.92	17.89	14.52	11.29	6.85	10.81	16.28	
522.0	100.0	14.0	14.0	6.77	16.52	14.48	17.06	7.3	12.77	10.22	17.01	15.91	16.47	10.67	
523.0	76.0	6.0	6.0	9.71	14.05	6.93	9.03	15.46	14.99	15.56	15.69	16.49	9.17	14.95	
524.0	99.0	12.0	12.0	16.89	13.08	15.35	12.17	12.48	16.96	16.13	8.84	17.57	6.35	14.67	
525.0	61.0	12.0	12.0	11.85	17.78	12.97	7.39	16.31	8.52	6.28	13.69	10.75	13.25	10.45	
526.0	80.0	3.0	3.0	11.43	13.28	6.39	6.07	16.95	9.97	11.99	16.02	10.07	6.37	12.89	
527.0	66.0	12.0	12.0	6.22	13.27	14.73	16.59	13.2	6.43	15.03	8.8	9.09	16.27	11.13	
528.0	71.0	11.0	11.0	14.93	9.49	9.61	15.77	14.35	16.88	10.04	14.4	11.36	7.72	13.45	
529.0	81.0	3.0	3.0	9.35	6.79	17.37	16.89	15.62	15.76	6.08	17.38	15.64	6.38	6.72	
530.0	82.0	6.0	6.0	15.36	10.83	17.3	8.0	15.01	8.65	10.33	17.82	9.68	13.42	10.23	
531.0	86.0	15.0	15.0	14.27	17.32	7.04	7.91	8.85	14.17	10.12	12.78	14.82	16.87	10.47	
532.0	88.0	4.0	4.0	14.67	15.59	14.45	17.37	17.92	16.05	14.08	10.19	16.9	16.58	7.5789236588538165	
533.0	67.0	3.0	3.0	6.22	15.94	10.89	15.93	12.68	10.05	7.79	9.4	12.21	6.44	17.26	
534.0	94.0	13.0	13.0	7.55	11.37	7.0	11.25	17.58	17.92	9.58	10.88	7.91	17.5	7.15	
535.0	71.0	11.0	11.0	9.26	15.15	13.84	10.63	6.62	7.14	9.14	16.99	16.44	7.37	10.82	
536.0	80.0	3.0	3.0	8.47	8.81	14.28	14.02	17.42	13.65	9.28	14.62	8.16	7.52	15.8	
537.0	71.0	11.0	11.0	6.14	14.98	14.05	13.43	11.19	13.9	13.98	17.64	11.71	17.4	6.36	
538.0	87.0	5.0	5.0	11.35	15.16	11.38	16.82	12.67	12.04	7.83	6.72	13.13	10.25	13.22	
539.0	65.0	11.0	11.0	6.75	7.38	6.47	10.46	9.58	17.3	9.56	11.68	15.48	15.77	13.94	
540.0	63.0	15.0	15.0	17.77	6.63	8.45	10.3	12.32	11.71	6.91	17.51	16.35	9.69	17.22	
541.0	95.0	8.0	8.0	7.42	12.15	10.17	17.4	13.08	13.51	15.26	10.02	10.91	17.78	13.11	
542.0	58.0	11.0	11.0	17.91	9.84	15.95	12.85	6.12	16.63	10.76	17.53	17.34	13.65	13.16647768743674	
543.0	83.0	5.0	5.0	13.8	15.84	16.25	6.61	10.15	7.21	11.6	17.05	14.32	17.34	7.16	
544.0	60.0	3.0	3.0	7.03	16.34	11.6	12.07	10.05	12.9	10.8	13.99	16.88	8.13	14.19	
545.0	88.0	4.0	4.0	10.86	16.88	12.98	10.5	8.05	6.16	16.66	16.14	8.53	13.34	13.41	
546.0	79.0	7.0	7.0	9.0	7.07	14.78	16.12	10.55	7.71	11.49	10.58	7.54	10.26	17.4	
547.0	63.0	15.0	15.0	6.16	17.94	16.12	7.75	14.15	7.09	9.41	11.75	15.27	12.83	13.47	
548.0	96.0	15.0	15.0	17.15	13.7	10.4	12.22	9.07	15.01	14.67	13.68	14.88	7.29	6.84	
549.0	56.0	13.0	13.0	17.84	14.2	17.97	14.97	8.97	6.55	11.03	8.62	7.73	13.12	12.66	
550.0	84.0	12.0	12.0	16.78	7.79	8.73	17.96	7.23	15.68	7.84	8.07	10.99	8.92	6.65	
551.0	79.0	7.0	7.0	10.55	15.39	8.08	10.69	17.65	10.6	11.89	9.01	14.21	13.63	14.41	
552.0	90.0	4.0	4.0	17.88	8.55	16.36	11.41	6.86	10.1	12.51	12.22	8.27	11.77	17.9	
553.0	92.0	10.0	10.0	6.28	6.12	12.54	12.79	17.02	13.6	13.11	11.71	13.86	9.15	11.6	
554.0	71.0	11.0	11.0	16.81	10.15	13.91	16.55	6.09	13.84	10.48	6.44	12.49	13.14	14.39	
555.0	99.0	12.0	12.0	16.08	9.33	12.65	10.08	12.07	16.85	16.11	12.24	17.03	14.16	14.41	
556.0	68.0	5.0	5.0	6.61	8.86	14.76	6.7	13.24	14.81	7.5	15.68	11.99	10.85	13.24	
557.0	23.0	7.0	7.0	9.01	16.6	14.21	13.29	11.68	8.77	17.92	10.81	8.76	7.92	17.54	
558.0	71.0	11.0	11.0	17.36	10.01	9.87	10.91	9.91	14.02	17.66	9.38	12.85	12.46	6.96	
559.0	29.0	2.0	2.0	7.27	14.82	15.13	10.58	16.18	15.84	10.02	7.63	15.18	15.68	7.95	
560.0	69.0	12.0	12.0	14.0	7.42	8.29	11.26	14.18	14.17	15.44	17.65	15.45	15.97	8.12	
561.0	68.0	5.0	5.0	7.8	10.61	10.79	9.61	17.43	15.85	7.56	7.45	13.24	16.4	14.7	
562.0	51.0	2.0	2.0	7.06	8.09	9.72	10.72	9.8	8.81	7.48	13.45	11.8	6.02	11.12	
563.0	36.0	15.0	15.0	7.97	7.61	15.17	13.27	13.31	15.71	12.77	7.48	13.44	6.49	7.72	
564.0	28.0	8.0	8.0	10.43	7.01	13.67	17.04	6.28	16.32	8.35	12.21	12.24	9.36	10.08	
565.0	87.0	5.0	5.0	11.7	17.46	16.09	7.47	8.35	13.48	14.97	16.46	17.34	6.67	10.5	
566.0	92.0	10.0	10.0	11.07	15.5	9.36	6.46	13.26	7.38	14.56	15.7	7.72	10.47	7.76	
567.0	94.0	13.0	13.0	10.07	7.02	8.58	8.01	17.92	16.12	14.58	8.53	12.96	10.76	13.46	
568.0	96.0	15.0	15.0	12.83	15.67	17.25	17.55	11.68	6.13	7.76	6.03	11.01	15.55	17.58	
569.0	100.0	14.0	14.0	6.8	16.4	15.74	8.15	16.73	9.52	15.1	16.17	10.8	17.35	15.77	
570.0	82.0	6.0	6.0	10.43	15.01	14.05	9.05	12.91	10.64	17.73	15.55	6.73	11.64	17.73	
571.0	32.0	14.0	14.0	11.03	7.28	16.85	9.31	10.54	16.74	16.63	17.94	8.39	7.8	17.45	
572.0	69.0	12.0	12.0	13.98	14.42	15.8	12.75	16.62	14.78	7.46	15.31	13.36	8.23	7.04	
573.0	52.0	4.0	4.0	15.07	6.74	15.96	16.08	8.76	14.79	12.71	16.49	10.96	7.42	11.49	
574.0	94.0	13.0	13.0	14.28	12.66	11.74	11.69	9.3	8.16	11.19	8.15	16.62	6.6	9.2	
575.0	98.0	15.0	15.0	8.51	9.77	17.39	17.11	14.67	11.83	11.82	13.95	7.96	6.08	14.58	
576.0	61.0	12.0	12.0	14.9	14.88	7.38	9.42	6.81	11.38	17.29	15.51	6.82	13.11	13.94	
577.0	58.0	11.0	11.0	6.58	17.16	14.21	15.31	17.56	13.95	12.76	11.95	15.47	14.68	8.328529861092798	
578.0	88.0	4.0	4.0	11.14	10.07	15.1	15.83	17.32	12.59	15.13	11.45	16.15	10.83	9.45	
579.0	69.0	12.0	12.0	10.12	14.14	17.27	9.23	17.93	11.25	7.39	13.86	11.71	6.93	12.3	
580.0	48.0	13.0	13.0	14.07	15.46	16.59	10.11	17.23	11.09	10.99	12.75	16.33	12.48	6.92	
581.0	34.0	14.0	14.0	14.39	14.78	7.69	16.37	15.02	7.16	11.43	7.02	12.86	16.58	17.96	
582.0	98.0	15.0	15.0	12.41	6.13	13.14	8.64	6.5	7.22	11.74	7.76	15.16	8.73	11.83	
583.0	83.0	5.0	5.0	12.12	7.42	7.26	16.51	11.39	9.17	16.95	9.28	13.46	7.5	9.53	
584.0	84.0	12.0	12.0	17.12	9.92	15.02	16.23	7.8	12.98	10.45	16.62	7.61	14.98	6.73	
585.0	44.0	3.0	3.0	10.45	13.22	17.34	13.4	9.45	8.24	6.12	11.67	16.72	10.28	14.27	
586.0	65.0	11.0	11.0	11.8	7.78	13.89	7.82	11.71	12.73	15.36	14.19	11.41	7.4	15.86	
587.0	95.0	8.0	8.0	13.85	13.65	17.22	9.71	8.89	17.77	14.03	13.9	8.63	16.59	9.08	
588.0	98.0	15.0	15.0	16.67	7.68	12.63	11.57	16.78	9.46	14.44	7.13	14.18	13.08	7.14	
589.0	81.0	3.0	3.0	13.5	14.91	10.88	8.98	16.67	9.4	14.29	12.22	10.45	10.44	6.61	
590.0	43.0	13.0	13.0	8.66	6.56	10.99	6.64	6.73	11.88	10.16	7.71	16.46	11.32	14.65	
591.0	40.0	11.0	11.0	8.91	8.17	17.91	7.66	16.37	10.41	15.73	13.82	11.64	17.03	14.84	
592.0	52.0	4.0	4.0	10.08	15.91	12.86	14.61	6.58	15.19	6.52	12.97	13.06	16.96	12.77	
593.0	75.0	8.0	8.0	15.97	17.29	17.6	9.87	11.81	13.31	9.48	6.21	16.91	12.05	16.09	
594.0	94.0	13.0	13.0	13.63	7.48	14.84	6.8	16.86	12.47	17.04	12.3	12.46	13.96	7.87	
595.0	98.0	15.0	15.0	14.91	9.04	11.59	15.39	9.16	17.85	16.87	15.67	9.28	15.0	11.42	
596.0	100.0	14.0	14.0	10.88	16.64	14.68	7.29	12.94	8.21	8.9	15.54	10.48	7.15	15.49	
597.0	52.0	4.0	4.0	13.46	14.23	9.71	11.77	7.17	11.49	7.87	6.82	15.95	12.3	15.2	
598.0	87.0	5.0	5.0	8.16	14.97	10.67	9.29	12.26	13.35	17.74	14.06	9.35	11.95	7.66	
599.0	70.0	11.0	11.0	11.69	16.99	11.34	13.7	7.65	7.08	17.86	16.47	8.96	9.53	8.73	
600.0	93.0	4.0	4.0	14.72	16.73	14.94	9.48	15.49	10.22	10.41	11.24	13.24	16.59	8.35	
601.0	76.0	6.0	6.0	7.38	13.48	15.78	16.24	9.09	8.76	14.96	14.12	10.25	11.7	10.44	
602.0	67.0	3.0	3.0	14.16	10.43	10.04	17.85	6.54	8.49	17.74	10.41	9.19	11.26	16.64	
603.0	82.0	6.0	6.0	9.91	13.06	12.39	16.75	15.13	8.6	10.38	8.75	7.06	15.31	9.76	
604.0	67.0	3.0	3.0	6.0	7.76	8.22	16.69	10.12	11.92	16.51	12.14	14.25	14.94	11.47	
605.0	87.0	5.0	5.0	8.84	16.1	8.55	13.2	15.29	9.57	9.97	14.15	10.98	10.37	10.03	
606.0	77.0	8.0	8.0	9.05	14.01	9.71	17.32	8.4	14.48	17.87	8.63	14.35	17.05	12.47	
607.0	95.0	8.0	8.0	6.4	8.03	15.91	17.83	16.42	16.27	7.49	11.75	14.24	12.31	15.26	
608.0	98.0	15.0	15.0	12.17	9.93	16.85	17.93	14.14	14.59	9.48	11.08	12.39	16.34	16.71	
609.0	99.0	12.0	12.0	7.82	14.76	14.19	6.16	6.95	6.38	15.17	11.54	17.7	16.52	17.5	
610.0	83.0	5.0	5.0	9.16	12.75	16.76	16.3	14.59	15.89	10.61	13.14	17.35	12.41	15.751197464518345	
611.0	85.0	3.0	3.0	11.84	9.84	6.42	17.99	12.56	10.1	11.96	10.96	14.77	6.56	13.89	
612.0	84.0	12.0	12.0	11.13	7.21	14.74	8.41	11.11	10.96	13.71	10.53	9.48	16.34	7.65	
613.0	91.0	9.0	9.0	8.15	15.8	10.19	6.1	6.13	7.38	15.51	13.61	6.88	15.15	13.62	
614.0	94.0	13.0	13.0	16.79	14.68	8.75	14.18	7.4	9.86	10.78	6.92	11.92	6.21	16.13	
615.0	78.0	8.0	8.0	6.1	15.32	8.86	7.98	17.48	16.32	8.85	16.94	6.84	7.77	13.42	
616.0	100.0	14.0	14.0	14.46	17.7	11.07	7.07	8.21	6.49	17.38	15.32	12.03	7.18	8.5	
617.0	49.0	12.0	12.0	7.0	16.98	14.28	13.46	8.8	15.94	9.68	11.44	14.64	9.03	13.5	
618.0	86.0	15.0	15.0	16.8	9.45	14.7	14.14	6.75	13.2	10.35	13.56	17.29	17.77	13.14	
619.0	23.0	7.0	7.0	15.14	6.9	13.78	15.88	13.09	13.63	12.39	7.58	15.52	11.02	16.16	
620.0	25.0	12.0	12.0	17.42	16.68	15.78	15.26	13.35	6.53	10.88	9.17	12.36	17.93	7.46	
621.0	95.0	8.0	8.0	6.98	10.51	11.75	6.22	9.03	11.75	16.28	14.24	14.64	8.83	17.39	
622.0	98.0	15.0	15.0	7.54	10.9	6.54	6.79	15.23	12.85	11.34	9.59	15.06	17.98	12.47	
623.0	61.0	12.0	12.0	15.33	14.27	14.08	15.78	12.89	12.5	9.52	15.98	9.85	15.94	8.66	
624.0	78.0	8.0	8.0	11.05	12.71	13.61	15.17	16.41	17.48	16.01	12.32	7.28	13.94	9.72	
625.0	89.0	14.0	14.0	14.66	14.05	6.58	13.9	15.12	10.66	15.73	15.61	10.27	11.05	17.66	
626.0	70.0	11.0	11.0	6.31	12.46	10.89	16.34	10.63	9.18	16.2	15.12	16.96	14.91	10.28	
627.0	95.0	8.0	8.0	14.43	14.78	9.05	13.15	7.37	13.12	7.25	14.97	14.29	13.45	17.13	
628.0	98.0	15.0	15.0	14.06	7.79	13.53	17.44	10.09	17.05	7.22	13.49	8.67	16.4	12.93	
629.0	81.0	3.0	3.0	7.92	7.68	11.26	12.48	15.78	15.1	16.1	12.56	13.38	10.43	6.69	
630.0	84.0	12.0	12.0	10.06	16.78	11.65	14.8	17.68	7.79	15.88	13.93	16.73	16.1	2.537621142720304	
631.0	85.0	3.0	3.0	14.37	14.04	12.6	15.3	7.19	9.05	17.68	11.25	17.65	12.22	12.34	
632.0	90.0	4.0	4.0	6.77	15.0	10.24	11.02	15.4	16.03	14.84	17.54	12.91	7.29	10.34	
633.0	91.0	9.0	9.0	15.63	16.29	9.12	9.97	14.02	15.14	17.17	15.45	16.57	9.87	17.987034355201647	
634.0	95.0	8.0	8.0	9.16	8.65	15.22	13.34	17.59	11.08	15.08	14.58	12.59	8.42	8.63	
635.0	97.0	9.0	9.0	10.48	12.62	11.53	6.78	16.17	11.59	14.12	10.09	11.59	13.1	12.08	
636.0	100.0	14.0	14.0	10.08	13.17	17.82	13.08	10.22	12.96	17.25	13.55	11.33	12.16	16.33	
637.0	49.0	12.0	12.0	9.25	17.98	8.45	17.99	12.21	8.34	12.86	10.79	9.67	11.67	7.92	
638.0	81.0	3.0	3.0	15.5	12.95	12.92	8.38	13.25	10.15	6.48	10.9	16.98	18.0	16.6	
639.0	91.0	9.0	9.0	13.24	14.25	12.41	10.11	7.01	7.32	11.02	13.88	16.34	7.5	10.37	
640.0	69.0	12.0	12.0	12.5	16.22	10.25	8.3	8.41	16.01	8.94	14.55	6.37	10.94	12.06	
641.0	97.0	9.0	9.0	16.61	9.88	17.41	8.48	8.73	13.72	17.43	16.24	9.86	16.28	15.39	
642.0	74.0	1.0	1.0	8.69	9.37	13.47	7.37	16.46	16.63	13.3	7.44	9.48	17.22	12.54	
643.0	82.0	6.0	6.0	16.63	7.66	16.78	14.6	9.07	15.32	7.82	9.82	9.47	16.73	15.79	
644.0	74.0	1.0	1.0	6.51	12.39	10.69	9.49	13.2	6.05	9.21	10.31	9.01	9.68	12.1	
645.0	44.0	3.0	3.0	9.22	6.59	17.35	17.24	12.17	9.28	15.59	7.85	10.12	15.43	7.54	
646.0	91.0	9.0	9.0	10.37	11.19	13.4	8.96	14.52	9.11	17.89	16.89	16.93	12.36	7.44	
647.0	95.0	8.0	8.0	8.39	9.5	10.97	7.74	12.29	13.5	6.74	7.66	11.35	17.92	13.82	
648.0	63.0	15.0	15.0	14.46	6.44	13.91	9.26	17.77	6.15	17.41	10.76	12.3	12.98	14.39	
649.0	80.0	3.0	3.0	7.33	6.69	7.45	16.91	6.12	13.95	10.19	8.23	6.22	8.34	12.76	
650.0	82.0	6.0	6.0	14.47	7.02	6.39	12.98	14.69	6.74	14.75	15.61	8.0	16.31	9.39	
651.0	49.0	12.0	12.0	17.8	10.34	14.68	16.19	15.83	16.27	15.18	6.29	10.15	12.73	7.61	
652.0	88.0	4.0	4.0	6.97	14.79	16.59	9.09	12.95	8.71	10.57	11.89	11.66	17.94	16.4	
653.0	93.0	4.0	4.0	8.69	6.04	17.17	15.95	15.84	10.39	6.84	7.5	15.33	7.34	10.69	
654.0	94.0	13.0	13.0	8.84	9.3	13.76	14.93	8.9	16.52	10.49	9.45	6.23	16.81	17.13	
655.0	98.0	15.0	15.0	10.34	11.7	14.93	6.55	14.73	17.09	15.22	6.21	9.07	14.1	9.07	
656.0	100.0	14.0	14.0	9.61	8.69	13.7	15.16	11.32	15.68	17.18	8.71	15.23	9.75	11.35	
657.0	83.0	5.0	5.0	8.32	9.5	9.59	6.58	13.0	6.12	8.93	15.04	11.18	10.02	11.3	
658.0	87.0	5.0	5.0	10.8	9.56	10.16	17.14	12.83	14.22	6.92	9.19	8.25	6.04	14.19	
659.0	91.0	9.0	9.0	8.91	17.47	11.35	16.57	11.22	13.58	10.11	13.88	15.5	17.19	11.49	
660.0	92.0	10.0	10.0	9.79	12.09	9.94	10.1	17.83	15.34	14.16	10.23	6.61	17.87	15.33	
661.0	96.0	15.0	15.0	17.73	15.58	9.53	11.78	12.84	11.18	8.2	11.91	17.62	10.44	8.26	
662.0	98.0	15.0	15.0	6.57	6.5	8.69	10.0	7.76	16.35	12.43	13.48	7.47	10.27	15.1	
663.0	81.0	3.0	3.0	16.07	7.21	6.97	17.58	8.08	13.19	11.28	6.62	15.69	15.22	6.22	
664.0	84.0	12.0	12.0	16.8	17.92	10.03	6.92	10.07	6.37	14.21	6.44	13.37	10.6	8.14	
665.0	88.0	4.0	4.0	12.36	17.18	6.88	12.01	13.86	9.97	13.65	8.97	17.81	14.47	11.54	
666.0	31.0	8.0	8.0	6.06	6.73	13.33	7.26	14.88	13.23	16.55	6.38	12.26	6.44	16.76	
667.0	93.0	4.0	4.0	10.78	12.28	6.95	9.37	14.35	7.83	16.78	8.08	15.34	15.73	6.89	
668.0	97.0	9.0	9.0	7.92	9.75	11.82	11.19	17.63	16.81	7.12	7.18	7.06	13.56	9.04	
669.0	73.0	13.0	13.0	15.5	17.55	11.44	10.42	17.72	12.23	8.96	6.83	6.83	16.6	11.62	
670.0	82.0	6.0	6.0	17.57	12.6	17.32	9.87	13.59	9.53	16.15	14.58	12.12	10.63	16.65	
671.0	85.0	3.0	3.0	14.55	10.24	13.41	8.73	11.27	6.24	6.25	14.89	9.67	10.01	16.73	
672.0	70.0	11.0	11.0	12.92	11.04	15.32	9.28	17.03	6.85	8.43	13.55	7.59	7.91	6.23	
673.0	93.0	4.0	4.0	11.38	16.06	10.23	13.4	7.52	14.48	11.63	13.98	15.38	14.23	17.57	
674.0	94.0	13.0	13.0	7.42	13.62	17.99	15.12	12.07	13.82	11.04	14.05	13.66	7.13	11.33	
675.0	97.0	9.0	9.0	11.89	12.23	10.89	6.58	12.54	13.42	16.89	16.86	14.46	9.58	10.22	
676.0	63.0	15.0	15.0	12.32	15.6	7.66	6.36	6.25	13.93	11.06	11.26	8.88	7.2	11.83	
677.0	84.0	12.0	12.0	14.21	10.69	15.27	13.13	11.11	10.92	6.62	6.23	8.06	15.08	16.05	
678.0	67.0	3.0	3.0	11.58	14.75	10.93	11.85	13.5	14.59	17.76	14.08	9.77	13.64	9.89	
679.0	66.0	12.0	12.0	12.78	13.45	6.4	10.93	13.85	17.66	15.82	15.98	9.73	8.92	8.03	
680.0	40.0	11.0	11.0	14.19	10.1	14.55	8.95	14.16	16.23	11.61	12.42	13.57	10.55	15.23	
681.0	97.0	9.0	9.0	7.15	8.82	8.87	11.36	9.81	11.56	16.67	16.04	8.94	8.37	16.11	
682.0	99.0	12.0	12.0	9.14	10.34	9.5	8.03	17.0	15.64	14.3	12.12	6.91	12.72	8.24	
683.0	81.0	3.0	3.0	13.25	8.6	13.71	12.29	12.41	17.87	9.95	16.5	11.85	16.39	12.57	
684.0	44.0	3.0	3.0	10.73	8.52	11.28	17.95	10.59	6.44	9.46	11.04	11.83	16.34	9.12	
685.0	87.0	5.0	5.0	10.55	16.81	6.96	8.07	10.61	17.16	17.96	15.52	8.02	7.07	14.23	
686.0	64.0	4.0	4.0	9.19	15.28	15.82	14.93	6.2	8.78	9.49	13.75	11.79	16.2	6.55	
687.0	69.0	12.0	12.0	14.89	14.47	9.83	9.97	11.07	9.17	9.95	6.77	15.97	12.85	9.2	
688.0	71.0	11.0	11.0	16.18	6.26	17.95	12.49	15.19	10.51	15.66	6.52	6.99	14.58	14.91	
689.0	75.0	8.0	8.0	14.48	6.25	9.83	16.62	6.12	7.1	12.56	11.65	11.85	13.02	9.45	
690.0	76.0	6.0	6.0	7.15	7.33	12.6	15.84	8.19	6.59	10.48	16.4	7.01	8.29	7.59	
691.0	61.0	12.0	12.0	8.85	12.5	13.42	13.74	8.71	17.88	14.62	7.36	6.57	14.41	13.68	
692.0	57.0	14.0	14.0	15.37	7.32	8.6	13.92	11.93	10.22	7.94	11.85	14.94	7.43	16.35	
693.0	66.0	12.0	12.0	15.0	12.48	6.51	12.68	10.82	17.06	14.59	10.68	13.74	14.24	16.73	
694.0	69.0	12.0	12.0	7.94	7.52	15.71	11.62	15.99	7.98	16.2	16.19	8.1	10.14	10.07	
695.0	72.0	11.0	11.0	17.72	9.16	13.01	15.37	11.78	17.9	9.69	12.51	12.74	15.87	17.62	
696.0	76.0	6.0	6.0	12.6	16.61	16.24	16.8	6.92	6.15	11.48	16.19	15.82	12.31	9.9	
697.0	79.0	7.0	7.0	16.48	15.45	7.66	12.0	17.13	9.11	15.12	7.51	13.9	16.28	13.32	
698.0	61.0	12.0	12.0	16.77	7.29	11.31	16.57	8.95	12.79	9.92	13.21	9.45	10.59	6.94	
699.0	60.0	3.0	3.0	15.53	12.3	10.22	8.31	15.53	17.09	17.14	13.72	9.26	7.22	6.36	
700.0	68.0	5.0	5.0	17.9	6.81	15.87	6.9	11.64	13.64	6.6	11.59	7.03	7.05	8.25	
701.0	70.0	11.0	11.0	8.07	11.57	6.72	13.5	10.37	6.33	10.07	6.16	8.65	9.57	7.44	
702.0	33.0	14.0	14.0	15.94	15.61	16.05	8.57	12.09	15.71	16.34	10.54	7.08	14.46	17.78	
703.0	76.0	6.0	6.0	17.02	6.91	16.89	6.92	7.71	8.36	17.85	9.06	13.31	17.26	13.64	
704.0	80.0	3.0	3.0	6.99	10.36	15.9	14.0	14.15	9.31	17.71	17.13	8.4	11.05	14.4	
705.0	62.0	7.0	7.0	7.46	9.74	17.11	15.66	13.79	12.26	15.12	16.48	8.84	16.93	6.21	
706.0	64.0	4.0	4.0	11.92	7.36	14.16	6.65	14.22	6.01	17.51	17.56	9.99	13.75	10.89	
707.0	67.0	3.0	3.0	14.8	16.18	11.99	7.99	7.4	12.74	10.38	17.87	7.41	15.93	11.54	
708.0	82.0	6.0	6.0	15.76	8.93	6.64	13.94	10.67	17.96	14.59	9.88	11.43	9.99	13.82	
709.0	74.0	1.0	1.0	16.94	9.51	10.85	6.34	7.54	13.05	14.62	8.59	8.15	8.53	8.92	
710.0	78.0	8.0	8.0	15.69	17.02	7.75	16.57	16.28	14.46	10.49	6.99	6.02	11.31	12.01	
711.0	80.0	3.0	3.0	12.68	8.47	7.38	11.99	16.94	9.65	16.46	15.34	15.46	6.85	8.72	
712.0	63.0	15.0	15.0	11.95	8.69	17.12	17.09	13.28	17.0	8.85	11.55	14.99	13.0	14.28	
713.0	65.0	11.0	11.0	15.49	11.22	10.35	13.75	10.33	8.61	8.67	13.86	16.82	7.32	15.98	
714.0	70.0	11.0	11.0	7.8	16.73	17.15	16.08	8.3	14.67	8.5	18.0	10.9	6.51	10.45	
715.0	60.0	3.0	3.0	13.37	14.76	17.99	11.58	13.66	11.15	13.45	6.97	11.05	7.6	15.29	
716.0	74.0	1.0	1.0	11.8	13.87	6.96	7.28	11.59	15.53	11.07	13.22	13.8	6.29	17.5	
717.0	78.0	8.0	8.0	7.3	9.27	6.58	16.87	13.46	14.57	13.26	14.68	15.24	10.21	17.22	
718.0	61.0	12.0	12.0	16.29	14.0	7.86	15.68	12.05	9.27	17.51	10.8	16.23	13.24	7.69	
719.0	63.0	15.0	15.0	12.72	7.43	15.47	9.58	16.37	16.48	17.63	17.61	11.14	8.29	8.36	
720.0	66.0	12.0	12.0	15.51	8.06	15.09	17.62	11.74	12.96	9.88	10.19	15.47	6.19	7.48	
721.0	71.0	11.0	11.0	6.9	7.88	8.52	11.4	17.88	8.5	15.25	16.05	10.64	10.69	8.75	
722.0	39.0	14.0	14.0	14.97	17.36	16.64	15.28	15.64	15.41	13.51	6.47	16.72	12.27	3.588071530198605	
723.0	75.0	8.0	8.0	9.35	15.07	8.72	10.22	13.27	17.41	11.34	10.2	7.08	10.3	16.41	
724.0	80.0	3.0	3.0	6.81	14.19	17.93	12.15	10.61	13.18	11.65	7.05	13.63	17.16	12.06	
725.0	61.0	12.0	12.0	16.2	7.85	14.44	9.75	8.76	6.56	16.34	12.05	13.16	10.34	17.44	
726.0	64.0	4.0	4.0	6.32	11.32	7.96	16.35	6.92	17.44	6.47	10.12	6.04	11.56	15.0	
727.0	70.0	11.0	11.0	15.03	16.62	6.47	8.62	11.19	17.8	13.79	9.9	6.33	11.23	14.69	
728.0	70.0	11.0	11.0	17.83	12.04	13.74	10.88	15.61	9.16	9.03	17.85	8.3	7.93	16.49	
729.0	73.0	13.0	13.0	16.72	12.6	16.16	15.52	7.16	12.87	16.57	10.04	7.58	8.22	16.81	
730.0	78.0	8.0	8.0	16.24	14.12	8.44	14.24	7.53	8.16	8.24	17.34	6.74	14.98	7.88	
731.0	61.0	12.0	12.0	17.07	8.09	14.34	9.58	13.69	7.25	9.33	16.98	13.76	16.81	9.04	
732.0	62.0	7.0	7.0	12.01	14.03	10.1	7.95	6.73	15.55	16.4	7.87	13.67	14.68	6.69	
733.0	67.0	3.0	3.0	12.51	12.09	9.4	6.37	8.07	11.19	15.87	11.71	16.42	14.95	12.9	
734.0	70.0	11.0	11.0	6.21	15.64	10.25	12.12	11.63	14.09	16.41	17.18	10.37	17.65	13.06	
735.0	72.0	11.0	11.0	17.49	7.65	16.09	12.48	6.31	15.69	8.42	14.47	16.44	7.81	16.08	
736.0	76.0	6.0	6.0	6.54	16.36	17.07	8.74	13.09	17.98	10.06	8.55	12.05	15.61	13.96	
737.0	78.0	8.0	8.0	6.8	16.65	11.83	9.75	9.41	14.61	7.35	7.1	14.35	15.84	10.6	
738.0	61.0	12.0	12.0	9.18	7.53	16.89	7.36	9.66	17.27	8.89	11.47	11.26	12.54	16.38	
739.0	65.0	11.0	11.0	8.0	17.53	14.31	9.04	6.82	14.05	11.25	9.45	12.32	15.57	13.65	
740.0	68.0	5.0	5.0	10.15	14.76	13.13	12.85	16.54	11.91	7.82	6.87	15.04	7.38	13.74	
741.0	69.0	12.0	12.0	17.85	14.99	11.97	16.7	12.37	16.38	11.39	11.56	15.29	13.91	16.303990613804032	
742.0	72.0	11.0	11.0	6.99	8.8	9.17	12.45	6.37	10.99	11.9	7.08	6.54	10.83	7.0	
743.0	90.0	4.0	4.0	15.27	15.73	13.29	11.98	13.02	7.62	10.38	12.6	8.19	11.41	8.09	
744.0	78.0	8.0	8.0	17.87	15.14	14.17	16.78	15.95	17.85	11.56	12.25	16.29	12.32	2.153262424013314	
745.0	61.0	12.0	12.0	13.29	11.43	7.1	8.64	16.04	8.34	13.66	13.84	17.95	6.09	9.53	
746.0	65.0	11.0	11.0	6.01	9.32	16.05	9.22	14.34	15.31	16.36	17.54	6.18	8.02	7.41	
747.0	83.0	5.0	5.0	17.05	7.03	9.74	6.2	11.15	10.14	13.07	10.26	9.18	12.61	16.26	
748.0	72.0	11.0	11.0	12.24	10.06	7.81	17.31	6.21	13.46	8.53	9.86	11.49	16.02	10.65	
749.0	42.0	4.0	4.0	7.73	14.79	12.28	15.77	15.07	17.88	8.13	12.67	10.2	9.34	12.27	
750.0	78.0	8.0	8.0	15.44	16.85	14.69	8.15	17.92	12.77	15.39	8.53	15.32	16.34	1.0548757691618424	
751.0	80.0	3.0	3.0	8.18	15.13	15.94	10.81	14.63	11.27	9.02	14.94	14.15	15.61	17.83	
752.0	78.0	8.0	8.0	10.01	9.71	13.48	15.13	16.87	9.0	15.85	9.73	16.09	7.82	14.14	
753.0	66.0	12.0	12.0	15.66	6.58	10.57	17.82	8.73	10.63	11.24	16.28	8.62	12.37	9.1	
754.0	70.0	11.0	11.0	14.98	13.29	10.99	6.2	17.86	12.48	7.77	16.0	14.22	9.09	13.42	
755.0	72.0	11.0	11.0	10.82	13.37	6.6	17.36	13.46	6.69	15.56	6.61	12.32	8.08	13.26	
756.0	75.0	8.0	8.0	9.49	13.44	9.24	12.97	16.8	8.49	16.01	7.98	11.39	8.3	10.65	
757.0	77.0	8.0	8.0	8.15	11.88	12.24	8.75	10.31	15.18	13.76	9.27	10.32	8.65	10.93	
758.0	80.0	3.0	3.0	16.55	14.03	14.62	17.62	9.77	15.08	12.04	8.13	17.72	7.25	12.95	
759.0	65.0	11.0	11.0	17.99	15.01	7.2	7.68	9.59	8.54	13.39	9.44	9.99	7.99	11.98	
760.0	68.0	5.0	5.0	16.04	8.86	17.38	13.6	11.52	15.82	12.17	6.19	17.28	9.5	16.08	
761.0	70.0	11.0	11.0	13.13	14.06	13.89	12.86	15.96	17.31	13.6	16.76	13.84	10.73	17.930579408539874	
762.0	63.0	15.0	15.0	10.88	10.65	9.82	10.17	17.19	6.6	12.27	12.68	6.61	14.72	6.66	
763.0	48.0	13.0	13.0	15.16	12.62	16.92	15.36	8.36	12.97	10.36	15.95	15.22	10.57	9.35	
764.0	82.0	6.0	6.0	11.2	10.73	9.56	13.5	6.98	6.46	11.28	17.65	13.37	17.75	8.32	
765.0	36.0	15.0	15.0	11.3	16.99	6.02	8.15	14.71	16.85	16.96	6.72	8.42	12.0	10.78	
766.0	81.0	3.0	3.0	6.14	6.09	15.2	6.35	13.88	9.42	10.14	7.63	16.63	11.62	6.41	
767.0	67.0	3.0	3.0	14.21	9.91	8.89	9.99	11.79	9.28	6.89	9.33	13.66	9.8	9.36	
768.0	70.0	11.0	11.0	8.1	16.23	16.49	8.24	14.39	15.44	14.78	11.14	7.04	17.87	16.38	
769.0	74.0	1.0	1.0	6.32	13.44	8.06	13.43	14.2	8.14	17.18	13.17	8.55	10.35	16.89	
770.0	76.0	6.0	6.0	12.44	9.7	16.89	9.22	7.95	14.19	12.4	11.27	9.39	15.65	8.49	
771.0	80.0	3.0	3.0	8.19	17.32	9.64	17.68	12.17	12.39	12.36	8.34	13.96	14.66	9.75	
772.0	93.0	4.0	4.0	9.36	7.05	8.15	13.31	15.99	7.11	14.62	14.4	6.06	17.69	10.92	
773.0	66.0	12.0	12.0	11.76	11.88	16.15	11.06	14.6	8.05	13.63	15.44	13.05	15.38	15.75	
774.0	69.0	12.0	12.0	8.87	8.59	15.32	10.28	15.72	14.26	8.15	16.11	12.97	17.18	9.58	
775.0	86.0	15.0	15.0	6.13	8.34	16.05	12.36	17.09	6.89	10.81	15.05	11.68	16.54	8.34	
776.0	84.0	12.0	12.0	16.34	17.38	6.77	15.68	12.63	8.53	17.15	15.19	12.31	17.32	6.386854345883831	
777.0	74.0	1.0	1.0	12.55	17.83	12.08	13.26	15.08	9.8	11.06	12.9	8.46	14.46	6.04	
778.0	61.0	12.0	12.0	16.44	13.23	14.6	12.51	11.78	9.92	10.5	8.6	13.4	16.67	17.12	
779.0	64.0	4.0	4.0	14.63	6.6	15.74	12.48	7.6	6.8	13.4	7.07	12.37	15.02	14.18	
780.0	67.0	3.0	3.0	10.71	7.81	11.67	14.52	6.42	9.11	17.06	9.6	10.08	9.33	6.24	
781.0	96.0	15.0	15.0	16.35	6.7	13.74	13.36	12.62	17.78	10.68	12.31	9.61	8.95	15.29	
782.0	24.0	14.0	14.0	10.72	13.23	6.21	9.88	12.85	11.72	8.72	8.04	14.3	10.02	14.01	
783.0	75.0	8.0	8.0	16.89	12.79	6.04	14.42	9.05	6.63	10.67	7.52	17.78	17.61	8.75	
784.0	22.0	6.0	6.0	13.93	9.63	11.02	9.08	12.45	12.91	14.41	9.27	7.03	10.84	7.16	
785.0	58.0	11.0	11.0	14.62	16.12	15.15	16.35	15.44	15.34	16.99	8.1	11.42	11.9	8.693969795520134	
786.0	52.0	4.0	4.0	11.76	12.15	8.45	6.47	8.32	6.3	6.9	9.58	11.09	15.39	7.18	
787.0	69.0	12.0	12.0	7.0	9.34	13.9	13.34	16.68	7.05	13.82	10.11	8.39	8.78	17.75	
788.0	72.0	11.0	11.0	15.83	6.95	10.73	15.59	8.23	12.74	16.86	11.45	6.47	12.18	14.38	
789.0	91.0	9.0	9.0	15.5	11.46	8.23	14.09	16.45	12.97	16.74	13.81	16.42	7.18	12.26	
790.0	27.0	13.0	13.0	11.38	10.3	17.56	11.97	10.95	16.66	9.82	9.99	13.73	10.33	14.54	
791.0	80.0	3.0	3.0	10.73	7.66	7.32	17.09	14.17	10.43	17.49	16.37	17.14	6.04	13.82	
792.0	63.0	15.0	15.0	6.84	10.04	6.8	12.26	8.94	15.62	6.33	17.72	9.33	17.26	11.46	
793.0	50.0	9.0	9.0	16.39	17.82	14.41	16.18	7.8	7.98	13.46	14.19	11.78	16.09	16.15	
794.0	69.0	12.0	12.0	16.07	6.73	16.25	13.48	8.51	15.05	12.52	14.98	11.16	14.69	16.07	
795.0	73.0	13.0	13.0	7.87	16.65	14.4	14.89	16.29	17.19	12.78	17.11	10.22	16.67	16.476177454758297	
796.0	74.0	1.0	1.0	7.13	15.13	15.14	9.98	8.65	16.56	15.69	13.52	13.8	13.11	12.22	
797.0	21.0	9.0	9.0	15.29	12.61	8.59	6.45	6.81	7.48	16.27	6.69	13.96	7.24	17.66	
798.0	25.0	12.0	12.0	16.12	9.8	12.33	8.32	12.14	7.36	11.22	16.84	11.18	16.68	9.83	
799.0	84.0	12.0	12.0	6.14	7.04	11.22	9.89	17.96	10.4	13.14	11.33	11.25	15.85	9.71	
800.0	67.0	3.0	3.0	8.56	11.71	9.04	14.42	9.07	9.47	7.15	7.45	13.45	8.47	14.19	
801.0	69.0	12.0	12.0	15.46	13.0	15.69	8.06	13.64	12.19	8.54	9.27	13.79	17.7	14.1	
802.0	74.0	1.0	1.0	6.72	8.42	6.22	11.6	6.42	11.94	16.9	13.8	14.45	7.02	17.64	
803.0	88.0	4.0	4.0	17.69	11.6	14.35	17.17	7.83	10.24	6.43	6.76	6.03	9.81	9.7	
804.0	33.0	14.0	14.0	17.55	7.75	15.57	9.31	14.94	17.74	15.11	9.6	10.75	8.27	11.45	
805.0	61.0	12.0	12.0	14.77	7.96	12.23	16.96	7.55	12.09	12.53	15.24	11.31	14.66	15.26	
806.0	92.0	10.0	10.0	7.89	7.31	16.5	16.51	15.52	13.37	13.22	11.63	13.35	7.56	15.67	
807.0	100.0	14.0	14.0	15.06	7.32	15.96	12.32	12.41	10.37	8.71	15.94	16.54	9.03	13.39	
808.0	90.0	4.0	4.0	17.36	9.07	7.91	16.12	11.69	8.87	6.74	11.04	14.0	16.99	15.64	
809.0	94.0	13.0	13.0	11.3	17.08	6.9	11.33	9.17	17.21	8.3	7.97	17.46	15.45	14.43	
810.0	76.0	6.0	6.0	10.65	10.77	11.18	8.8	9.9	6.82	10.37	17.76	9.11	7.05	6.43	
811.0	95.0	8.0	8.0	11.36	6.34	16.91	7.03	13.84	8.3	6.91	12.72	8.3	11.74	12.98	
812.0	76.0	6.0	6.0	11.15	10.28	7.47	6.32	17.57	10.16	16.87	7.91	8.58	17.27	6.3	
813.0	80.0	3.0	3.0	17.0	8.25	8.77	11.08	7.65	15.39	6.41	13.83	12.68	15.72	11.63	
814.0	37.0	5.0	5.0	12.44	9.48	11.92	8.48	9.4	7.38	7.4	11.32	10.34	16.59	8.1	
815.0	53.0	12.0	12.0	10.79	15.38	16.35	14.19	16.07	8.5	11.1	15.11	16.81	15.98	3.5535619906133107	
816.0	49.0	12.0	12.0	10.96	16.15	16.11	15.47	13.64	14.12	17.63	16.23	14.54	10.97	9.518340428681533	
817.0	77.0	8.0	8.0	11.83	13.08	17.12	8.99	9.35	17.57	15.83	9.15	11.57	10.66	11.03	
818.0	46.0	14.0	14.0	17.46	6.34	10.43	17.08	8.29	8.97	9.74	14.32	16.27	17.53	13.21	
819.0	84.0	12.0	12.0	15.03	10.15	9.47	8.05	15.83	7.83	15.81	10.49	14.51	8.43	16.59	
820.0	83.0	5.0	5.0	12.47	14.9	14.48	14.1	6.52	17.86	16.01	6.38	15.11	15.51	12.82	
821.0	44.0	3.0	3.0	10.82	12.06	11.6	7.99	7.14	11.21	8.71	7.24	6.88	8.76	14.1	
822.0	73.0	13.0	13.0	17.28	17.02	15.56	16.26	10.05	6.19	14.07	11.13	10.39	8.61	14.33	
823.0	31.0	8.0	8.0	8.31	16.91	14.44	13.89	13.33	12.26	9.55	13.82	6.05	13.96	13.17	
824.0	89.0	14.0	14.0	17.3	6.55	9.77	16.73	17.14	17.61	12.02	13.09	12.16	7.15	15.47	
825.0	91.0	9.0	9.0	7.13	14.64	7.23	9.72	9.95	12.22	17.01	10.51	17.88	11.84	9.14	
826.0	98.0	15.0	15.0	6.54	15.78	10.75	14.92	17.7	16.01	6.83	15.07	14.17	18.0	14.28	
827.0	59.0	9.0	9.0	14.86	10.77	12.91	13.69	15.03	17.67	9.18	11.01	13.86	16.36	16.67	
828.0	71.0	11.0	11.0	17.27	14.25	13.03	17.57	6.71	16.67	17.5	16.59	12.7	8.55	9.429404752940176	
829.0	75.0	8.0	8.0	13.98	13.1	17.25	6.38	7.73	8.42	12.68	9.59	16.57	16.82	13.88	
830.0	93.0	4.0	4.0	11.52	8.58	9.73	10.03	8.85	16.26	16.29	13.29	10.16	14.41	10.08	
831.0	93.0	4.0	4.0	12.64	14.37	14.08	17.58	9.43	8.32	14.62	12.65	10.98	6.47	6.23	
832.0	62.0	7.0	7.0	17.7	6.12	13.38	17.24	11.21	14.74	15.3	8.81	8.81	15.26	12.33	
833.0	25.0	12.0	12.0	16.19	10.59	17.84	15.39	7.47	12.97	17.46	10.95	12.04	15.12	12.67	
834.0	69.0	12.0	12.0	6.25	12.87	9.94	8.83	12.04	14.3	9.28	8.36	16.22	14.5	12.38	
835.0	73.0	13.0	13.0	11.73	8.84	10.36	16.42	8.96	14.86	12.1	15.88	14.96	11.96	16.12	
836.0	98.0	15.0	15.0	16.08	7.83	15.42	9.9	9.77	7.13	16.48	11.24	17.6	8.44	17.05	
837.0	46.0	14.0	14.0	16.94	15.9	17.17	15.75	9.1	8.18	13.82	15.84	9.05	8.06	17.86	
838.0	80.0	3.0	3.0	6.98	16.48	11.86	6.19	16.84	6.91	15.48	12.66	9.55	17.95	11.61	
839.0	99.0	12.0	12.0	10.89	9.7	14.78	10.76	15.05	6.08	12.78	16.07	14.04	9.5	12.37	
840.0	90.0	4.0	4.0	14.61	8.77	13.61	7.19	10.88	6.15	8.72	9.21	11.82	14.17	17.17	
841.0	92.0	10.0	10.0	15.25	11.72	7.86	16.71	14.18	8.08	17.25	6.7	10.66	6.25	10.05	
842.0	100.0	14.0	14.0	14.04	17.36	17.93	8.59	7.17	17.18	15.43	15.82	7.85	15.39	7.7	
843.0	88.0	4.0	4.0	15.45	9.24	10.08	16.91	8.88	11.13	13.78	13.83	14.26	14.83	6.03	
844.0	78.0	8.0	8.0	7.58	10.45	12.26	13.93	11.17	17.34	15.94	12.65	15.56	12.69	8.57	
845.0	93.0	4.0	4.0	9.41	12.72	16.63	9.04	11.07	15.61	6.52	7.65	11.2	11.85	14.83	
846.0	92.0	10.0	10.0	17.76	17.64	7.55	6.3	14.01	8.73	10.71	16.75	8.48	16.07	17.54	
847.0	24.0	14.0	14.0	9.6	14.57	7.67	16.72	16.98	8.12	10.31	12.44	10.39	13.15	12.52	
848.0	98.0	15.0	15.0	13.02	15.25	17.12	15.92	12.63	13.28	6.9	16.03	13.38	7.76	8.44	
849.0	74.0	1.0	1.0	6.43	9.25	13.87	10.49	12.69	11.27	15.41	8.96	11.4	10.9	11.81	
850.0	76.0	6.0	6.0	14.99	7.29	10.48	14.57	9.68	9.01	15.41	6.36	11.74	9.17	11.11	
851.0	81.0	3.0	3.0	17.98	13.01	7.15	15.06	7.22	10.3	14.91	7.06	6.07	14.98	12.98	
852.0	62.0	7.0	7.0	11.27	10.92	15.83	6.88	17.64	8.3	17.45	7.99	7.03	9.07	8.44	
853.0	74.0	1.0	1.0	13.22	9.62	6.87	12.44	12.43	13.83	6.49	10.45	16.22	9.99	6.54	
854.0	86.0	15.0	15.0	15.03	6.91	14.46	14.5	15.43	16.69	7.62	13.97	11.32	16.23	11.09	
855.0	95.0	8.0	8.0	15.66	11.78	6.21	8.24	17.0	11.2	11.15	14.28	11.1	7.92	9.48	
856.0	84.0	12.0	12.0	7.6	12.81	16.46	6.98	10.31	14.3	16.03	17.04	11.97	15.39	14.89	
857.0	45.0	5.0	5.0	17.85	11.99	9.87	9.14	17.48	11.32	17.1	17.63	6.73	15.62	6.48	
858.0	57.0	14.0	14.0	12.73	6.81	10.78	15.23	8.38	15.28	16.58	11.39	8.74	6.52	11.52	
859.0	90.0	4.0	4.0	9.74	13.56	17.5	15.01	9.62	10.39	9.19	10.26	8.81	12.57	13.77	
860.0	40.0	11.0	11.0	6.12	16.65	17.72	12.12	15.73	16.41	7.0	11.86	6.6	12.18	7.8	
861.0	55.0	6.0	6.0	10.78	14.0	16.78	10.9	9.77	14.58	8.79	7.44	9.95	8.58	12.98	
862.0	43.0	13.0	13.0	9.38	13.61	10.81	13.69	13.85	15.81	14.59	10.67	14.94	12.42	10.03	
863.0	81.0	3.0	3.0	7.15	10.78	15.55	13.45	17.2	9.85	15.78	8.87	8.58	7.44	12.64	
864.0	79.0	7.0	7.0	11.28	16.92	12.89	14.18	13.37	9.06	12.32	14.45	14.08	9.31	7.64	
865.0	99.0	12.0	12.0	9.37	6.35	9.16	12.91	17.45	13.54	14.88	11.8	6.64	7.89	17.58	
866.0	99.0	12.0	12.0	16.27	17.38	16.91	12.89	13.31	12.04	16.25	8.58	12.96	8.93	7.01	
867.0	85.0	3.0	3.0	8.22	6.92	17.99	17.89	9.31	13.39	17.64	9.98	7.12	11.24	13.06	
868.0	97.0	9.0	9.0	13.24	14.87	13.05	18.0	17.64	13.92	17.03	10.85	11.81	14.5	14.089930891452635	
869.0	93.0	4.0	4.0	8.49	6.05	14.8	9.13	10.64	11.59	9.94	6.94	6.99	17.36	14.02	
870.0	98.0	15.0	15.0	9.36	17.8	17.96	16.36	10.57	10.59	15.22	16.34	8.42	15.3	15.86	
871.0	61.0	12.0	12.0	16.68	8.89	12.13	10.41	9.86	9.59	10.13	17.17	6.53	15.18	15.62	
872.0	63.0	15.0	15.0	13.62	13.39	9.39	7.23	13.36	10.55	15.1	13.35	12.11	14.52	7.04	
873.0	66.0	12.0	12.0	7.56	13.63	12.4	14.55	15.65	15.52	17.11	8.98	13.23	12.88	15.63	
874.0	72.0	11.0	11.0	7.88	13.99	11.05	16.9	14.93	17.19	16.72	9.55	11.36	8.78	12.33	
875.0	28.0	8.0	8.0	14.75	10.99	8.44	14.12	7.14	11.52	10.42	15.81	14.65	11.85	9.97	
876.0	76.0	6.0	6.0	7.97	7.03	9.58	8.73	11.99	13.98	11.09	11.42	9.67	9.91	16.59	
877.0	29.0	2.0	2.0	16.23	16.02	6.72	17.92	10.75	6.63	9.77	17.96	6.28	17.89	12.56	
878.0	100.0	14.0	14.0	14.2	13.71	15.44	12.95	8.09	12.86	6.17	17.41	13.07	7.02	9.69	
879.0	64.0	4.0	4.0	12.96	14.17	12.05	13.5	9.84	6.21	17.96	14.98	14.85	14.35	16.93	
880.0	68.0	5.0	5.0	8.35	15.85	13.9	9.88	6.11	7.92	7.08	6.73	15.76	11.8	13.09	
881.0	81.0	3.0	3.0	13.63	8.28	14.21	15.82	14.63	16.09	9.07	6.56	8.69	7.27	15.8	
882.0	81.0	3.0	3.0	14.42	12.77	13.6	16.9	6.97	6.8	13.07	6.97	7.6	12.4	7.0	
883.0	77.0	8.0	8.0	7.07	6.55	6.19	9.67	16.85	15.06	8.59	9.39	10.56	14.94	7.43	
884.0	72.0	11.0	11.0	16.18	13.36	10.04	7.67	16.48	17.07	14.67	14.63	7.56	16.74	9.65	
885.0	26.0	1.0	1.0	16.99	10.52	17.6	15.79	9.83	9.18	8.2	14.95	17.86	6.01	12.75	
886.0	64.0	4.0	4.0	6.11	13.94	11.11	12.92	10.21	15.69	11.95	13.18	17.53	8.09	15.0	
887.0	93.0	4.0	4.0	11.5	16.05	6.31	13.33	10.39	14.91	9.71	14.81	9.56	17.36	10.02	
888.0	43.0	13.0	13.0	16.3	17.91	8.6	17.48	12.02	16.99	17.18	13.02	9.81	14.53	11.10899583753146	
889.0	83.0	5.0	5.0	10.11	13.82	17.19	12.19	14.35	11.6	17.31	16.33	6.26	8.7	8.89	
890.0	78.0	8.0	8.0	13.78	9.45	13.13	9.33	6.72	16.47	17.2	14.71	14.72	8.6	7.24	
891.0	84.0	12.0	12.0	7.73	17.76	9.44	10.49	7.41	11.99	7.93	13.98	13.26	10.75	13.13	
892.0	57.0	14.0	14.0	12.34	12.92	14.1	12.09	8.02	11.03	15.46	11.54	7.87	13.8	17.57	
893.0	93.0	4.0	4.0	8.16	16.79	8.2	8.94	7.85	14.93	17.78	10.32	7.24	13.4	15.48	
894.0	68.0	5.0	5.0	13.36	13.67	12.75	15.38	6.66	16.16	13.34	14.59	12.86	16.23	17.84	
895.0	50.0	9.0	9.0	15.22	17.67	11.02	9.16	11.89	17.38	12.21	11.16	10.04	8.82	11.02	
896.0	83.0	5.0	5.0	11.93	13.63	8.47	14.61	13.67	7.67	6.53	6.48	9.46	7.77	14.52	
897.0	35.0	10.0	10.0	15.09	14.75	6.67	13.78	10.04	15.61	11.39	8.71	14.76	15.37	13.29	
898.0	96.0	15.0	15.0	12.03	14.03	14.95	8.46	12.78	15.49	6.62	15.43	17.49	13.23	15.57	
899.0	64.0	4.0	4.0	12.02	8.05	10.06	10.5	8.78	14.7	12.64	10.76	16.53	13.48	16.33	
900.0	67.0	3.0	3.0	6.6	10.59	16.64	13.11	11.12	15.01	9.5	16.87	17.08	10.42	6.99	
901.0	27.0	13.0	13.0	12.89	15.72	15.92	15.02	13.58	11.19	6.67	16.04	6.76	16.46	6.68	
902.0	44.0	3.0	3.0	17.01	17.15	9.36	13.64	14.63	10.72	6.34	13.41	8.23	6.14	7.46	
903.0	57.0	14.0	14.0	9.78	15.53	11.17	14.59	7.42	8.71	17.46	6.39	9.52	8.93	8.67	
904.0	94.0	13.0	13.0	16.51	7.88	15.04	13.03	6.89	16.71	12.18	13.08	12.38	13.76	16.21	
905.0	81.0	3.0	3.0	7.4	12.6	9.01	15.59	17.15	9.65	13.82	9.16	16.21	8.2	11.03	
906.0	64.0	4.0	4.0	8.54	6.4	13.03	6.02	12.06	6.54	9.19	7.42	9.06	9.04	7.32	
907.0	54.0	10.0	10.0	6.57	9.35	6.35	16.95	17.74	6.86	17.25	11.9	10.53	10.01	14.7	
908.0	71.0	11.0	11.0	12.12	7.25	7.72	6.68	13.2	11.08	14.66	7.37	9.69	6.67	6.99	
909.0	73.0	13.0	13.0	17.15	17.13	8.94	15.95	8.23	15.67	16.16	15.03	15.22	13.46	3.787922705588355	
910.0	77.0	8.0	8.0	15.74	11.2	7.68	12.1	13.6	15.03	8.81	15.42	12.18	9.48	15.66	
911.0	55.0	6.0	6.0	7.47	8.08	14.39	11.14	17.81	11.31	8.63	16.26	8.98	11.39	9.55	
912.0	97.0	9.0	9.0	11.72	10.46	14.19	9.48	16.69	6.8	10.21	15.21	17.3	7.95	9.45	
913.0	66.0	12.0	12.0	12.11	11.12	10.03	11.53	16.83	6.7	8.63	6.78	13.74	13.3	13.67	
914.0	68.0	5.0	5.0	9.25	13.82	9.66	16.39	12.33	6.56	7.23	8.33	13.57	17.5	14.31	
915.0	71.0	11.0	11.0	13.84	17.49	7.39	16.34	10.33	9.34	10.19	9.56	11.64	11.3	12.91	
916.0	76.0	6.0	6.0	17.37	14.14	17.02	11.24	6.25	7.41	7.4	17.92	11.14	15.43	8.72	
917.0	36.0	15.0	15.0	17.95	12.84	17.27	9.69	7.58	17.36	12.72	12.67	8.19	17.2	15.4	
918.0	75.0	8.0	8.0	10.58	6.03	16.95	6.24	9.56	6.99	10.37	8.95	17.21	17.9	6.62	
919.0	65.0	11.0	11.0	9.05	15.98	14.24	16.18	15.25	16.79	15.21	14.92	7.58	7.27	11.06	
920.0	67.0	3.0	3.0	13.15	14.37	9.99	16.24	17.9	14.05	6.48	12.71	12.75	8.34	14.21	
921.0	88.0	4.0	4.0	16.59	10.12	12.27	12.25	6.65	15.74	10.38	12.9	17.27	11.13	11.74	
922.0	50.0	9.0	9.0	8.76	12.44	9.72	7.7	6.28	7.29	7.21	8.57	15.43	16.56	11.74	
923.0	88.0	4.0	4.0	7.27	13.39	9.67	6.06	8.14	12.87	17.95	12.09	9.28	17.52	11.44	
924.0	79.0	7.0	7.0	6.83	8.12	9.64	13.12	17.4	9.55	11.24	6.46	10.57	15.06	14.18	
925.0	92.0	10.0	10.0	13.74	16.75	7.28	6.78	17.41	7.65	6.21	14.93	6.63	14.41	11.33	
926.0	60.0	3.0	3.0	8.29	7.01	16.05	14.34	12.73	17.72	11.03	12.78	16.0	9.94	13.05	
927.0	95.0	8.0	8.0	16.66	12.79	10.02	8.14	6.7	12.56	13.61	15.95	10.34	10.36	8.19	
928.0	47.0	15.0	15.0	14.98	11.35	8.53	16.11	6.4	7.24	16.97	8.0	6.67	9.23	10.32	
929.0	74.0	1.0	1.0	13.13	7.51	8.12	8.3	11.87	17.02	13.06	16.6	15.94	8.07	9.98	
930.0	90.0	4.0	4.0	9.33	15.28	7.04	7.13	16.02	9.18	12.72	16.66	8.55	11.62	16.0	
931.0	90.0	4.0	4.0	7.37	7.9	10.22	9.31	15.27	16.28	8.17	17.13	12.39	6.49	6.22	
932.0	64.0	4.0	4.0	8.68	6.7	9.47	6.72	13.9	10.31	15.86	15.92	6.81	8.4	10.98	
933.0	84.0	12.0	12.0	12.52	16.55	17.35	7.33	6.57	9.99	9.24	12.27	17.16	16.07	15.3	
934.0	51.0	2.0	2.0	6.19	9.2	14.22	15.19	8.53	10.71	16.56	13.29	11.65	17.54	16.78	
935.0	89.0	14.0	14.0	13.89	7.62	9.73	14.54	9.84	12.14	10.76	10.55	8.91	11.01	14.26	
936.0	84.0	12.0	12.0	16.44	17.8	6.24	9.67	10.08	11.36	15.67	12.45	9.84	12.33	13.14	
937.0	77.0	8.0	8.0	10.78	6.7	9.17	16.67	6.83	12.59	6.74	6.1	16.02	17.77	14.04	
938.0	62.0	7.0	7.0	6.22	15.72	9.76	16.56	11.9	13.41	13.05	13.82	11.19	9.35	16.59	
939.0	63.0	15.0	15.0	7.76	10.46	17.44	15.33	13.52	9.03	11.88	10.18	16.83	10.92	11.46	
940.0	86.0	15.0	15.0	10.0	17.96	6.96	17.16	10.23	9.75	8.38	15.19	14.32	17.38	11.67	
941.0	52.0	4.0	4.0	14.29	7.29	10.61	8.5	9.86	7.19	8.39	6.98	11.69	17.42	7.79	
942.0	74.0	1.0	1.0	11.48	10.17	11.64	8.25	16.25	8.02	16.02	8.27	15.53	14.87	12.4	
943.0	75.0	8.0	8.0	13.36	14.25	8.21	13.24	8.03	11.1	12.53	8.08	17.57	13.11	15.31	
944.0	100.0	14.0	14.0	13.85	12.61	11.27	17.43	6.79	15.74	9.69	8.64	8.31	7.14	12.34	
945.0	62.0	7.0	7.0	6.13	7.51	17.41	16.63	6.28	7.71	13.75	11.46	13.38	15.86	11.74	
946.0	95.0	8.0	8.0	8.49	17.44	17.88	15.99	14.8	11.5	13.06	7.38	16.27	10.09	7.32	
947.0	69.0	12.0	12.0	6.5	14.87	15.46	15.73	16.48	11.55	9.26	11.6	16.76	11.89	6.68	
948.0	70.0	11.0	11.0	11.73	6.1	6.46	11.61	6.66	13.74	16.41	13.46	10.91	16.88	16.42	
949.0	44.0	3.0	3.0	12.69	15.52	16.55	12.25	6.78	9.79	10.06	7.42	8.71	8.53	11.38	
950.0	58.0	11.0	11.0	13.55	8.52	9.08	12.35	9.88	17.53	8.68	17.63	15.91	14.61	11.75	
951.0	99.0	12.0	12.0	13.19	10.49	11.6	11.3	6.82	9.57	11.71	17.51	8.82	12.51	15.3	
952.0	64.0	4.0	4.0	13.59	11.1	16.56	15.88	7.55	14.62	15.07	11.7	17.79	7.96	11.19	
953.0	52.0	4.0	4.0	8.9	6.55	10.52	6.62	15.87	6.56	11.74	16.39	8.05	9.82	13.17	
954.0	68.0	5.0	5.0	6.6	8.56	13.42	8.81	12.18	10.89	13.31	6.98	9.1	16.24	6.41	
955.0	81.0	3.0	3.0	16.32	10.26	14.88	7.94	7.69	14.13	7.75	9.69	14.97	6.55	9.08	
956.0	51.0	2.0	2.0	10.82	6.7	17.07	10.8	17.84	12.9	16.91	12.86	12.53	11.39	7.25	
957.0	77.0	8.0	8.0	17.48	13.11	10.25	14.98	17.01	10.19	15.03	7.16	15.25	10.24	6.7	
958.0	23.0	7.0	7.0	17.47	15.58	10.52	15.25	16.8	15.28	6.45	15.47	16.97	17.54	17.67631794040932	
959.0	97.0	9.0	9.0	10.41	14.72	13.99	6.88	8.7	11.6	6.33	8.58	16.33	8.54	13.88	
960.0	81.0	3.0	3.0	10.93	9.69	13.55	14.79	15.69	12.8	10.25	12.66	15.65	14.76	13.36	
961.0	69.0	12.0	12.0	8.21	15.74	16.84	6.86	14.85	16.41	12.02	9.1	6.03	8.69	16.55	
962.0	43.0	13.0	13.0	13.85	6.18	10.1	17.01	16.28	12.57	16.48	7.34	6.85	11.17	13.59	
963.0	26.0	1.0	1.0	9.16	15.57	16.48	17.21	16.51	15.18	15.05	14.43	8.32	14.61	12.688275585870754	
964.0	78.0	8.0	8.0	13.73	7.4	14.49	15.22	6.1	15.69	8.35	10.73	14.88	16.06	15.26	
965.0	98.0	15.0	15.0	7.49	11.3	10.97	11.77	7.27	13.09	13.58	15.66	17.26	9.53	17.71	
966.0	26.0	1.0	1.0	11.71	11.18	13.38	12.35	17.43	9.26	10.32	14.16	6.76	8.26	9.31	
967.0	66.0	12.0	12.0	8.7	8.57	9.09	16.51	16.87	10.71	14.41	13.78	16.59	12.39	6.68	
968.0	41.0	15.0	15.0	10.47	9.82	10.41	10.15	12.78	15.64	12.83	15.92	12.24	9.2	10.84	
969.0	92.0	10.0	10.0	11.54	14.65	12.03	12.68	12.42	13.89	7.9	9.83	10.81	12.42	8.84	
970.0	78.0	8.0	8.0	15.05	7.57	16.2	14.15	7.85	9.19	10.72	15.3	8.49	10.79	13.73	
971.0	52.0	4.0	4.0	14.21	16.91	17.85	17.07	8.21	6.77	10.95	12.01	8.64	8.04	11.26	
972.0	34.0	14.0	14.0	8.11	17.96	15.57	10.33	15.54	10.57	11.12	9.09	13.01	7.51	12.78	
973.0	65.0	11.0	11.0	12.24	14.49	13.42	6.99	14.39	14.63	7.45	13.21	15.52	10.91	15.01	
974.0	49.0	12.0	12.0	17.24	15.65	12.83	6.88	8.94	14.77	10.73	9.33	17.65	7.47	12.9	
975.0	73.0	13.0	13.0	7.1	6.21	15.37	9.8	12.82	12.49	13.17	17.66	11.5	16.74	17.63	
976.0	76.0	6.0	6.0	12.07	6.65	14.62	17.45	10.03	15.25	11.71	14.76	6.32	13.88	15.58	
977.0	78.0	8.0	8.0	17.03	13.24	11.88	10.71	9.33	8.4	17.44	13.1	9.06	13.51	9.3	
978.0	39.0	14.0	14.0	7.42	12.95	12.01	7.51	12.39	14.9	13.4	11.19	9.38	9.7	6.76	
979.0	89.0	14.0	14.0	6.87	8.83	15.37	17.15	8.25	10.36	7.09	10.56	10.25	15.99	11.12	
980.0	55.0	6.0	6.0	9.56	17.65	16.97	13.84	11.58	7.25	13.42	6.66	17.55	11.87	10.04	
981.0	71.0	11.0	11.0	14.63	13.3	13.3	8.18	16.22	15.32	12.43	12.36	8.51	15.83	13.0	
982.0	69.0	12.0	12.0	17.2	16.87	14.61	12.04	13.3	16.76	14.49	14.74	12.98	17.35	14.416171724159664	
983.0	98.0	15.0	15.0	9.11	11.52	14.62	15.13	13.65	13.4	7.63	8.48	12.98	13.56	7.68	
984.0	47.0	15.0	15.0	15.81	7.38	17.7	8.86	8.74	13.89	13.53	13.47	16.59	12.56	8.27	
985.0	62.0	7.0	7.0	16.68	8.1	7.0	6.93	8.07	9.07	12.96	6.24	16.49	15.94	15.08	
986.0	44.0	3.0	3.0	7.11	15.39	7.11	14.1	12.41	16.1	14.98	8.74	17.76	10.08	9.58	
987.0	67.0	3.0	3.0	9.46	16.47	11.48	9.04	8.42	8.03	8.33	10.74	17.24	15.9	12.8	
988.0	36.0	15.0	15.0	6.99	15.59	7.11	16.83	14.75	15.96	14.92	9.11	16.26	13.81	17.28	
989.0	99.0	12.0	12.0	15.36	13.31	16.09	6.13	9.0	10.13	11.71	12.1	9.11	12.83	7.96	
990.0	95.0	8.0	8.0	10.41	9.7	17.51	11.61	17.37	13.62	14.38	9.37	14.79	17.87	15.8	
991.0	85.0	3.0	3.0	10.94	7.36	6.83	10.14	16.47	10.66	15.02	9.45	8.9	8.83	16.8	
992.0	90.0	4.0	4.0	8.07	7.08	9.45	14.66	16.12	11.84	11.55	13.47	13.12	15.79	10.18	
993.0	65.0	11.0	11.0	6.98	12.56	15.12	17.88	11.49	7.2	14.65	7.89	12.75	9.35	6.71	
994.0	95.0	8.0	8.0	15.76	6.73	15.01	16.92	17.38	17.46	15.06	14.4	15.5	11.35	6.8153550948029356	
995.0	71.0	11.0	11.0	10.85	17.24	16.36	8.01	11.29	8.56	6.08	7.26	7.52	13.46	17.96	
996.0	76.0	6.0	6.0	14.41	16.06	17.12	12.84	9.48	10.12	8.51	14.42	10.68	16.46	12.99	
997.0	87.0	5.0	5.0	13.15	7.05	8.48	10.74	10.23	6.68	16.22	10.06	7.9	12.41	9.66	
998.0	61.0	12.0	12.0	8.52	14.51	16.34	16.92	13.89	16.32	7.89	7.84	17.9	12.07	11.48	
999.0	85.0	3.0	3.0	15.93	10.04	6.79	16.83	9.94	7.71	11.03	15.01	10.71	13.25	13.56	
1000.0	27.0	13.0	13.0	10.44	14.54	14.86	11.05	7.78	7.44	16.5	8.32	17.27	8.69	7.58	
1001.0	70.0	11.0	11.0	8.47	15.62	13.71	7.78	10.85	7.57	7.05	12.68	16.36	13.96	17.91	
1002.0	84.0	12.0	12.0	6.29	6.56	9.77	8.75	6.67	17.57	9.02	15.95	9.03	13.95	14.06	
1003.0	82.0	6.0	6.0	9.21	16.62	13.1	7.5	16.72	12.41	13.02	15.64	7.57	9.15	13.24	
1004.0	78.0	8.0	8.0	17.39	17.41	8.52	10.97	13.61	15.46	10.98	17.46	16.33	14.79	6.530475732378634	
1005.0	63.0	15.0	15.0	15.84	6.79	9.94	11.19	9.77	7.48	10.6	8.3	8.09	8.25	8.46	
1006.0	94.0	13.0	13.0	16.02	13.84	17.8	16.58	9.24	16.71	8.06	10.18	6.83	7.96	8.67	
1007.0	92.0	10.0	10.0	13.97	10.54	12.63	14.94	16.8	17.55	17.65	6.91	16.62	9.62	10.7	
1008.0	49.0	12.0	12.0	14.45	14.6	8.84	14.87	17.01	15.37	9.34	11.3	12.06	12.75	12.05	
1009.0	75.0	8.0	8.0	10.85	12.65	15.69	10.34	12.91	10.14	17.26	10.13	11.27	10.86	10.84	
1010.0	21.0	9.0	9.0	12.76	10.16	6.51	6.34	17.43	13.47	9.21	6.28	14.25	8.72	17.85	
1011.0	89.0	14.0	14.0	12.87	16.4	10.18	9.07	14.36	8.76	15.64	8.31	17.05	16.42	9.33	
1012.0	98.0	15.0	15.0	17.55	6.65	7.48	11.44	6.74	12.86	7.94	10.16	11.82	11.09	13.88	
1013.0	88.0	4.0	4.0	6.06	9.09	17.75	10.71	11.91	17.71	12.6	12.34	6.47	10.52	10.55	
1014.0	90.0	4.0	4.0	12.76	17.67	10.56	14.17	7.7	17.21	11.7	14.68	6.82	9.29	13.02	
1015.0	49.0	12.0	12.0	7.07	14.58	9.67	12.4	6.57	6.95	15.9	8.89	8.1	7.88	12.98	
1016.0	97.0	9.0	9.0	14.67	8.46	10.53	12.01	8.43	8.13	11.74	12.91	12.13	6.51	15.08	
1017.0	78.0	8.0	8.0	7.43	12.99	15.77	11.68	17.79	14.32	11.92	15.69	6.33	8.57	11.98	
1018.0	95.0	8.0	8.0	6.01	6.69	17.55	10.06	9.47	7.55	15.28	17.59	15.11	6.36	15.91	
1019.0	51.0	2.0	2.0	7.0	7.03	11.15	16.33	6.06	13.31	7.85	7.55	10.93	13.6	14.78	
1020.0	96.0	15.0	15.0	17.97	14.75	14.11	8.59	7.78	11.94	7.46	12.35	16.03	14.14	6.4	
1021.0	69.0	12.0	12.0	15.08	14.48	15.16	15.45	15.62	17.78	12.12	7.2	9.48	6.89	9.62	
1022.0	98.0	15.0	15.0	9.49	14.98	6.52	8.27	8.29	11.07	10.3	10.82	17.78	13.49	16.43	
1023.0	43.0	13.0	13.0	11.54	12.95	13.07	8.05	17.67	17.58	16.5	11.31	11.9	15.05	14.69	
1024.0	91.0	9.0	9.0	8.42	15.28	10.2	9.37	8.07	17.73	16.24	13.88	14.2	11.9	7.35	
1025.0	32.0	14.0	14.0	12.47	17.23	14.31	13.84	15.08	15.74	6.32	16.17	17.37	10.16	4.703582102147757	
1026.0	85.0	3.0	3.0	16.18	13.91	10.99	14.09	11.76	6.22	7.54	13.96	10.97	9.84	8.32	
1027.0	95.0	8.0	8.0	12.15	7.96	9.34	17.19	13.36	7.07	9.1	11.27	6.32	7.53	14.78	
1028.0	79.0	7.0	7.0	7.48	6.19	12.29	17.69	13.67	13.51	15.46	17.57	8.46	10.39	7.5	
1029.0	100.0	14.0	14.0	12.29	9.9	8.87	10.85	12.62	17.71	12.41	11.57	6.64	7.6	16.28	
1030.0	90.0	4.0	4.0	14.83	8.19	12.74	8.04	17.88	14.92	8.17	10.11	15.22	15.09	14.8	
1031.0	89.0	14.0	14.0	8.63	15.99	17.55	14.14	17.69	16.37	6.61	16.23	14.67	14.36	5.912606626301561	
1032.0	55.0	6.0	6.0	8.37	12.91	16.36	15.16	7.35	11.39	7.89	9.15	7.37	14.85	13.67	
1033.0	67.0	3.0	3.0	13.11	14.61	14.41	16.88	7.95	15.81	17.1	12.85	17.74	9.97	14.19783607382511	
1034.0	84.0	12.0	12.0	9.9	17.6	15.97	6.12	8.45	10.49	14.17	7.6	12.36	14.83	6.75	
1035.0	73.0	13.0	13.0	11.93	11.04	9.45	6.52	12.42	14.37	12.06	9.28	7.81	17.35	9.77	
1036.0	55.0	6.0	6.0	16.19	14.06	8.0	6.13	11.83	16.41	11.37	10.56	10.34	10.92	9.19	
1037.0	99.0	12.0	12.0	14.73	9.57	9.94	11.45	6.45	7.61	13.6	13.79	15.34	15.29	10.33	
1038.0	80.0	3.0	3.0	14.81	8.89	16.59	12.47	12.5	8.93	15.33	11.99	17.08	12.61	16.05	
1039.0	87.0	5.0	5.0	8.71	10.29	10.78	15.97	8.45	12.58	9.26	7.97	15.54	6.7	9.97	
1040.0	67.0	3.0	3.0	16.81	17.25	9.6	16.58	14.41	12.95	14.18	8.29	12.22	14.53	16.95	
1041.0	69.0	12.0	12.0	9.35	17.8	7.29	6.05	8.43	15.16	13.19	12.29	7.49	13.5	15.57	
1042.0	32.0	14.0	14.0	16.48	8.55	10.91	13.25	9.77	8.43	14.78	16.94	10.22	10.42	7.11	
1043.0	57.0	14.0	14.0	9.26	16.2	10.58	11.4	11.03	8.82	15.86	16.84	6.25	10.89	17.79	
1044.0	86.0	15.0	15.0	6.6	15.76	13.19	12.16	16.05	13.11	14.39	12.34	13.34	11.87	15.56	
1045.0	82.0	6.0	6.0	8.41	6.79	11.68	12.75	15.7	12.46	12.43	13.13	6.79	9.32	9.38	
1046.0	98.0	15.0	15.0	9.08	10.45	17.61	14.54	6.19	9.13	9.92	16.63	14.41	9.19	17.92	
1047.0	91.0	9.0	9.0	12.52	9.56	17.96	8.35	14.29	6.13	11.32	15.98	11.2	16.7	16.3	
1048.0	51.0	2.0	2.0	10.78	7.41	6.54	16.03	15.02	8.58	11.06	8.18	7.97	7.64	15.67	
1049.0	96.0	15.0	15.0	17.43	13.41	11.09	8.43	9.24	11.22	13.69	16.55	7.6	7.7	15.04	
1050.0	100.0	14.0	14.0	13.51	8.5	6.17	17.02	8.7	12.73	17.69	10.26	11.85	13.58	15.24	
1051.0	100.0	14.0	14.0	10.15	12.87	8.65	12.41	14.17	6.09	14.27	6.25	9.9	13.27	12.39	
1052.0	98.0	15.0	15.0	8.83	17.38	16.99	13.71	12.51	13.51	7.65	13.44	7.39	8.92	16.54	
1053.0	65.0	11.0	11.0	13.07	7.96	17.63	13.63	14.99	8.46	11.37	11.83	8.67	7.83	12.75	
1054.0	31.0	8.0	8.0	17.43	8.3	9.67	17.24	8.22	8.12	6.01	16.94	9.46	8.51	6.71	
1055.0	47.0	15.0	15.0	17.29	14.81	8.66	9.02	9.77	17.53	8.06	7.92	7.46	17.91	14.48	
1056.0	46.0	14.0	14.0	8.68	6.85	16.82	10.81	8.14	15.94	7.45	13.23	11.8	13.7	11.04	
1057.0	98.0	15.0	15.0	8.02	16.1	16.35	6.95	6.67	15.64	9.61	7.26	9.16	17.29	9.78	
1058.0	61.0	12.0	12.0	9.48	17.77	12.1	16.07	9.61	8.82	8.0	14.55	15.43	12.53	8.18	
1059.0	25.0	12.0	12.0	10.56	13.86	16.16	7.76	11.79	15.02	9.4	12.26	16.46	7.08	15.12	
1060.0	68.0	5.0	5.0	15.8	8.86	17.58	12.9	10.82	10.02	12.35	17.66	17.06	15.39	13.129297758522098	
1061.0	99.0	12.0	12.0	6.06	12.57	6.57	11.54	11.19	6.07	7.3	14.92	10.87	15.78	6.82	
1062.0	43.0	13.0	13.0	17.91	16.52	6.32	6.46	15.41	10.02	7.87	16.48	9.63	15.02	6.01	
1063.0	75.0	8.0	8.0	8.64	6.58	13.7	6.12	8.33	14.12	9.36	15.88	12.77	12.61	8.2	
1064.0	96.0	15.0	15.0	7.42	15.36	12.39	8.76	9.28	7.09	9.08	11.66	6.47	7.51	16.29	
1065.0	68.0	5.0	5.0	11.62	11.24	16.98	9.66	8.96	12.65	8.71	14.91	10.25	7.09	9.89	
1066.0	65.0	11.0	11.0	10.37	15.83	9.96	15.02	17.76	13.18	8.78	17.51	16.44	9.64	7.14	
1067.0	99.0	12.0	12.0	17.06	12.26	13.33	13.19	15.22	6.68	17.16	9.02	7.97	6.32	15.62	
1068.0	93.0	4.0	4.0	10.73	11.18	15.32	7.93	13.2	17.78	8.49	7.16	17.59	10.71	10.86	
1069.0	96.0	15.0	15.0	16.61	9.34	13.28	7.9	8.23	9.73	17.25	12.66	7.13	9.02	6.96	
1070.0	78.0	8.0	8.0	9.98	8.14	7.66	6.67	8.59	10.02	17.92	13.86	9.11	6.8	8.4	
1071.0	57.0	14.0	14.0	17.05	11.11	8.61	12.62	12.0	16.73	13.74	11.2	15.51	11.25	8.14	
1072.0	97.0	9.0	9.0	16.66	13.45	7.29	8.38	9.45	13.01	13.02	17.87	11.15	13.39	17.23	
1073.0	65.0	11.0	11.0	8.82	16.2	14.47	13.45	7.8	17.46	15.4	7.79	17.37	16.57	12.21	
1074.0	95.0	8.0	8.0	8.46	17.99	6.01	12.48	11.38	17.89	16.2	8.06	6.08	14.36	15.41	
1075.0	99.0	12.0	12.0	8.7	15.32	8.29	9.77	7.37	7.25	6.17	13.39	8.11	12.61	10.35	
1076.0	98.0	15.0	15.0	11.4	9.12	6.31	6.52	9.01	6.37	10.43	13.1	8.52	11.44	14.83	
1077.0	92.0	10.0	10.0	8.36	10.79	11.85	11.13	11.84	13.36	8.43	6.08	9.48	11.72	12.31	
1078.0	61.0	12.0	12.0	6.03	7.39	9.02	15.65	12.69	10.23	13.95	15.32	13.54	15.95	15.34	
1079.0	88.0	4.0	4.0	13.82	13.22	13.5	10.35	16.65	14.61	9.8	6.02	7.56	6.44	7.96	
1080.0	66.0	12.0	12.0	12.9	17.93	15.0	14.75	8.34	17.9	13.08	13.69	8.1	6.48	12.68	
1081.0	95.0	8.0	8.0	10.31	7.67	13.05	6.56	9.14	16.13	15.07	16.07	16.69	6.81	13.5	
1082.0	85.0	3.0	3.0	16.06	11.56	11.46	11.07	16.24	6.4	13.78	16.67	15.63	15.7	16.09	
1083.0	64.0	4.0	4.0	12.81	11.71	6.32	10.69	13.58	13.57	15.23	12.37	17.3	6.1	10.7	
1084.0	41.0	15.0	15.0	12.74	13.8	11.3	9.29	8.09	12.7	11.36	15.2	13.26	14.07	9.0	
1085.0	94.0	13.0	13.0	6.04	14.13	10.94	6.52	14.13	10.86	15.88	15.35	7.0	9.75	13.13	
1086.0	64.0	4.0	4.0	7.88	16.3	11.58	13.45	16.17	9.08	8.71	7.54	11.44	15.29	11.42	
1087.0	100.0	14.0	14.0	6.1	10.18	17.56	6.18	7.24	15.05	7.72	13.65	8.54	11.45	8.57	
1088.0	87.0	5.0	5.0	6.59	15.67	8.22	14.34	6.95	16.7	12.11	17.99	7.95	15.62	14.41	
1089.0	25.0	12.0	12.0	14.2	11.8	14.48	15.91	9.78	13.66	6.43	13.17	13.21	6.81	7.52	
1090.0	77.0	8.0	8.0	9.21	8.69	10.92	12.87	7.02	17.69	13.4	11.83	9.32	16.25	10.57	
1091.0	92.0	10.0	10.0	12.72	16.45	11.38	16.45	9.6	12.52	9.09	9.44	8.32	11.68	6.38	
1092.0	84.0	12.0	12.0	12.54	11.61	7.14	10.25	15.79	7.3	15.15	11.2	9.25	8.32	6.57	
1093.0	57.0	14.0	14.0	9.52	11.87	17.2	17.93	13.82	12.62	10.45	9.91	9.67	14.76	9.81	
1094.0	41.0	15.0	15.0	7.61	15.91	14.27	17.87	14.3	8.61	14.26	7.94	6.11	8.54	8.71	
1095.0	81.0	3.0	3.0	12.42	13.42	7.32	8.65	13.04	16.17	14.6	15.36	6.45	15.41	7.03	
1096.0	55.0	6.0	6.0	17.84	6.8	10.39	15.54	12.8	9.57	7.78	6.15	14.41	14.14	6.42	
1097.0	83.0	5.0	5.0	17.36	12.66	7.67	17.02	14.48	8.76	16.66	12.93	7.48	10.81	13.42	
1098.0	61.0	12.0	12.0	17.0	16.55	13.48	17.12	15.07	16.74	8.04	11.58	9.35	13.31	3.0358037686274164	
1099.0	47.0	15.0	15.0	17.27	13.63	13.05	12.89	16.46	17.53	8.8	12.96	13.03	10.49	16.9	
1100.0	67.0	3.0	3.0	16.52	10.62	16.67	10.55	13.03	13.54	11.88	15.94	14.51	16.96	15.496326722455933	
1101.0	57.0	14.0	14.0	9.11	9.27	16.01	16.4	10.83	7.07	17.74	16.04	9.6	16.22	6.76	
1102.0	33.0	14.0	14.0	16.71	11.6	12.64	8.52	12.49	11.84	14.3	9.76	11.19	15.59	16.77	
1103.0	75.0	8.0	8.0	10.4	16.76	13.29	12.18	11.09	17.59	10.69	14.1	9.87	17.21	8.45	
1104.0	60.0	3.0	3.0	14.67	15.58	10.75	6.45	7.56	11.95	16.15	10.68	6.35	11.77	11.62	
1105.0	61.0	12.0	12.0	13.63	8.97	15.27	14.94	10.63	7.5	12.07	9.1	12.17	8.15	7.6	
1106.0	83.0	5.0	5.0	14.27	9.87	12.04	10.37	7.85	13.64	12.38	15.74	9.21	17.66	17.1	
1107.0	68.0	5.0	5.0	17.34	12.83	15.91	17.47	15.71	8.37	17.56	9.32	9.94	17.73	5.108379701487416	
1108.0	88.0	4.0	4.0	13.35	14.56	9.48	16.21	6.35	13.08	7.48	12.6	6.19	16.91	17.65	
1109.0	75.0	8.0	8.0	16.88	8.65	17.65	13.45	9.52	13.61	7.75	14.88	13.63	10.14	9.71	
1110.0	82.0	6.0	6.0	7.9	15.27	7.17	17.52	12.18	13.73	17.29	10.06	18.0	16.38	14.18	
1111.0	52.0	4.0	4.0	15.72	16.31	7.41	12.74	17.29	6.22	6.73	10.55	6.48	17.61	6.04	
1112.0	55.0	6.0	6.0	16.32	14.95	14.35	6.15	10.13	15.14	15.8	12.69	6.49	12.32	16.64	
1113.0	95.0	8.0	8.0	8.82	12.86	6.13	7.77	13.59	6.89	11.92	11.96	14.68	9.66	10.07	
1114.0	70.0	11.0	11.0	8.28	11.64	9.1	8.11	10.36	17.05	10.5	15.0	13.35	16.93	15.97	
1115.0	73.0	13.0	13.0	7.91	10.26	17.8	15.12	10.04	8.94	9.44	14.49	17.5	13.01	12.39	
1116.0	92.0	10.0	10.0	7.2	9.14	7.14	11.22	13.7	15.69	11.12	7.29	11.72	17.18	17.43	
1117.0	60.0	3.0	3.0	7.3	12.96	16.89	11.97	6.8	16.16	12.11	16.03	17.24	8.38	9.87	
1118.0	50.0	9.0	9.0	6.84	15.08	12.71	13.17	13.99	12.44	7.57	6.84	7.99	7.17	7.22	
1119.0	88.0	4.0	4.0	12.48	9.31	11.89	9.07	15.14	15.34	9.64	10.05	7.04	7.01	15.54	
1120.0	67.0	3.0	3.0	10.76	12.42	9.77	14.79	11.25	11.72	16.56	13.93	17.64	16.93	14.77	
1121.0	41.0	15.0	15.0	15.82	11.4	7.71	6.13	14.28	10.3	10.3	9.49	11.75	9.51	10.08	
1122.0	81.0	3.0	3.0	16.61	13.12	16.66	17.34	6.31	7.71	7.73	8.21	17.67	13.37	14.57	
1123.0	75.0	8.0	8.0	14.85	8.02	15.72	13.26	16.13	6.13	16.32	12.75	14.81	6.54	11.59	
1124.0	79.0	7.0	7.0	16.57	16.51	16.19	10.67	13.02	11.7	10.69	17.36	8.39	11.27	10.5	
1125.0	46.0	14.0	14.0	14.2	13.87	7.75	14.51	7.78	7.46	13.32	9.06	13.06	8.29	11.29	
1126.0	65.0	11.0	11.0	15.92	14.95	16.89	13.62	10.06	8.94	11.62	13.92	15.11	10.2	16.5	
1127.0	68.0	5.0	5.0	6.02	9.64	14.25	13.81	15.08	17.22	9.65	16.28	15.45	9.79	17.52	
1128.0	83.0	5.0	5.0	11.01	13.84	9.97	7.36	6.55	11.78	7.78	12.85	6.15	9.59	13.18	
1129.0	98.0	15.0	15.0	11.2	8.16	12.25	8.58	12.02	13.31	13.12	12.05	8.11	8.74	11.82	
1130.0	96.0	15.0	15.0	8.41	15.97	8.21	13.88	7.1	17.86	12.44	14.1	6.85	8.11	10.65	
1131.0	90.0	4.0	4.0	17.29	14.03	11.87	16.31	13.39	14.79	15.67	13.44	6.09	17.11	0.292835237028245	
1132.0	87.0	5.0	5.0	8.2	9.65	11.09	15.06	14.87	7.77	12.26	15.94	13.83	15.51	7.9	
1133.0	95.0	8.0	8.0	14.62	12.97	17.42	6.91	8.64	12.59	13.99	7.56	9.78	14.5	12.97	
1134.0	69.0	12.0	12.0	14.91	11.81	7.77	14.8	9.7	16.91	12.2	6.08	15.34	9.3	9.21	
1135.0	71.0	11.0	11.0	15.38	8.85	13.59	13.58	10.61	8.66	10.91	6.02	16.11	8.13	13.4	
1136.0	84.0	12.0	12.0	14.21	6.04	6.79	10.14	9.99	9.31	6.6	10.58	12.82	11.36	9.15	
1137.0	78.0	8.0	8.0	12.46	7.98	13.51	16.84	12.8	15.94	16.31	10.02	17.39	17.41	3.743450774512314	
1138.0	93.0	4.0	4.0	11.86	13.27	15.02	6.61	14.61	6.69	8.14	11.56	12.04	10.54	16.65	
1139.0	99.0	12.0	12.0	16.71	9.89	6.83	7.47	8.83	17.99	11.78	7.41	7.9	6.99	16.37	
1140.0	35.0	10.0	10.0	8.89	12.1	13.77	17.55	13.25	9.14	14.53	12.46	8.41	16.0	13.3	
1141.0	56.0	13.0	13.0	7.79	11.1	10.39	14.66	12.58	8.6	16.82	8.49	11.06	6.68	6.87	
1142.0	59.0	9.0	9.0	16.38	16.26	16.82	16.43	8.41	7.5	7.26	6.05	17.9	14.76	15.52	
1143.0	41.0	15.0	15.0	14.78	6.95	8.17	9.08	11.14	8.46	12.81	14.25	8.27	9.41	8.63	
1144.0	43.0	13.0	13.0	10.2	11.02	17.66	9.55	14.98	11.67	7.88	11.71	17.51	9.9	11.54	
1145.0	46.0	14.0	14.0	11.82	15.0	14.84	13.56	9.19	15.41	10.0	15.38	17.14	11.16	8.3	
1146.0	49.0	12.0	12.0	12.81	14.81	8.24	15.83	12.91	10.87	9.6	6.11	11.26	10.96	11.02	
1147.0	53.0	12.0	12.0	9.29	17.76	13.58	15.77	9.26	9.26	15.26	11.92	9.96	8.61	7.27	
1148.0	85.0	3.0	3.0	7.21	14.17	13.47	6.57	10.46	11.46	15.06	7.12	15.85	7.92	8.87	
1149.0	60.0	3.0	3.0	12.76	13.02	17.78	14.99	17.76	7.92	15.97	17.18	16.94	12.23	8.704346774121248	
1150.0	90.0	4.0	4.0	17.34	8.0	12.95	17.74	13.28	13.53	11.33	16.22	17.72	15.38	17.87238403258588	
1151.0	45.0	5.0	5.0	7.99	13.63	6.45	11.63	13.18	7.21	10.83	9.08	6.45	16.6	14.47	
1152.0	49.0	12.0	12.0	10.53	9.42	12.98	14.0	16.71	8.28	8.64	15.17	8.96	12.09	7.72	
1153.0	51.0	2.0	2.0	10.91	9.09	9.61	12.33	16.19	9.39	6.37	16.5	13.84	7.53	9.64	
1154.0	53.0	12.0	12.0	15.81	8.23	11.34	10.63	16.05	9.64	7.55	7.16	16.77	11.18	12.35	
1155.0	58.0	11.0	11.0	12.97	8.47	13.99	11.31	7.77	17.13	9.47	8.57	15.28	13.82	15.2	
1156.0	90.0	4.0	4.0	10.86	14.08	9.09	10.45	8.52	7.2	17.02	8.67	16.56	15.03	10.86	
1157.0	43.0	13.0	13.0	8.47	13.43	15.85	6.71	10.1	13.41	13.86	11.1	8.3	14.16	7.62	
1158.0	45.0	5.0	5.0	12.7	6.28	8.82	11.66	8.77	9.66	13.95	10.38	8.31	15.77	7.25	
1159.0	49.0	12.0	12.0	12.17	14.94	17.13	9.56	10.96	14.61	11.75	14.02	6.68	14.49	16.81	
1160.0	88.0	4.0	4.0	10.33	6.14	15.82	11.96	12.18	15.32	15.3	14.18	16.72	11.17	16.69	
1161.0	56.0	13.0	13.0	9.92	6.23	16.89	13.72	14.94	10.92	11.33	8.18	11.43	12.3	7.8	
1162.0	85.0	3.0	3.0	17.96	16.85	17.73	15.85	14.49	7.81	16.35	10.9	11.38	15.68	5.258194481665406	
1163.0	42.0	4.0	4.0	16.6	17.02	12.58	17.35	15.91	14.81	9.73	13.36	13.36	17.84	13.974556533116228	
1164.0	44.0	3.0	3.0	8.55	17.26	12.94	13.98	10.06	12.29	9.92	13.78	10.39	16.55	6.77	
1165.0	48.0	13.0	13.0	12.56	7.18	7.88	14.99	17.58	11.81	8.14	15.74	14.18	17.38	13.73	
1166.0	51.0	2.0	2.0	14.12	7.82	7.42	13.79	13.26	9.09	8.59	13.27	17.27	9.15	16.87	
1167.0	81.0	3.0	3.0	15.0	14.29	6.68	17.76	13.92	9.74	14.01	7.51	7.83	7.53	13.7	
1168.0	56.0	13.0	13.0	16.71	15.18	10.44	14.32	10.0	11.82	8.08	6.5	7.15	13.89	7.73	
1169.0	96.0	15.0	15.0	7.96	14.45	6.19	8.98	10.48	9.52	8.88	11.22	8.1	8.01	11.76	
1170.0	43.0	13.0	13.0	9.21	6.74	7.42	11.88	6.38	14.14	8.81	14.8	6.46	8.77	10.58	
1171.0	51.0	2.0	2.0	16.6	7.58	10.49	9.49	17.08	6.82	12.46	13.7	16.32	15.0	11.67	
1172.0	49.0	12.0	12.0	7.35	7.37	6.14	6.7	13.39	8.1	12.88	16.71	12.05	17.69	7.22	
1173.0	89.0	14.0	14.0	15.82	7.06	7.66	7.25	16.13	9.5	17.49	8.02	10.09	15.92	12.89	
1174.0	92.0	10.0	10.0	7.39	15.17	6.52	13.37	6.2	13.48	14.66	15.0	6.07	9.52	6.83	
1175.0	38.0	5.0	5.0	17.65	8.08	14.96	16.67	13.24	7.7	13.08	11.49	7.59	12.34	8.05	
1176.0	98.0	15.0	15.0	12.28	12.57	13.08	11.75	8.16	7.65	7.28	8.26	10.99	6.45	11.84	
1177.0	43.0	13.0	13.0	13.1	11.28	6.9	14.88	13.73	14.46	8.63	15.63	10.32	10.73	15.12	
1178.0	85.0	3.0	3.0	10.61	14.81	13.62	17.47	14.95	7.81	11.17	16.8	10.77	11.85	11.39	
1179.0	48.0	13.0	13.0	15.68	9.28	17.64	9.12	9.46	12.29	8.58	13.65	8.96	17.45	10.96	
1180.0	53.0	12.0	12.0	17.17	16.99	8.28	11.71	12.26	14.42	11.04	9.4	6.26	10.3	12.23	
1181.0	55.0	6.0	6.0	11.42	11.14	14.08	9.0	17.11	15.12	15.64	10.89	15.48	15.33	8.73	
1182.0	58.0	11.0	11.0	12.41	13.12	11.16	16.22	14.55	15.51	8.98	15.08	13.46	12.4	16.35	
1183.0	60.0	3.0	3.0	9.88	7.99	15.09	14.6	11.22	10.83	16.72	17.58	6.67	6.64	12.3	
1184.0	45.0	5.0	5.0	8.15	13.95	15.67	17.71	6.82	15.49	17.28	10.43	12.41	15.43	12.99	
1185.0	85.0	3.0	3.0	14.81	8.11	16.65	14.09	17.67	13.86	6.26	17.14	14.15	16.96	5.030961815950799	
1186.0	81.0	3.0	3.0	16.75	13.76	14.43	16.96	15.16	14.28	17.66	6.99	16.24	10.51	0.585144233690033	
1187.0	53.0	12.0	12.0	12.44	13.1	13.57	7.15	17.11	17.1	16.87	13.26	16.17	11.95	1.8421255580558673	
1188.0	56.0	13.0	13.0	8.78	8.66	7.68	14.7	17.57	7.71	8.8	16.69	17.18	8.32	8.28	
1189.0	60.0	3.0	3.0	16.52	10.28	12.92	8.2	12.43	16.98	7.18	17.94	9.97	15.59	8.12	
1190.0	41.0	15.0	15.0	14.97	6.35	16.55	8.15	13.78	7.07	6.36	10.63	13.65	15.78	7.3	
1191.0	68.0	5.0	5.0	9.95	7.38	16.3	16.55	13.66	16.14	9.59	13.89	12.07	6.26	15.05	
1192.0	47.0	15.0	15.0	8.81	7.01	15.83	9.77	15.85	13.82	11.19	7.66	15.55	10.43	13.22	
1193.0	82.0	6.0	6.0	8.28	15.9	7.34	12.24	13.92	9.07	7.0	6.91	12.94	12.1	16.67	
1194.0	95.0	8.0	8.0	9.31	13.08	6.27	15.54	11.7	16.57	15.65	16.69	6.86	10.91	10.12	
1195.0	57.0	14.0	14.0	13.62	11.93	11.7	15.16	8.32	15.64	16.59	10.41	16.28	13.76	15.83	
1196.0	60.0	3.0	3.0	9.4	8.24	15.02	11.76	9.61	13.18	11.49	15.31	8.52	17.75	13.95	
1197.0	42.0	4.0	4.0	13.84	15.28	10.02	6.1	6.66	8.73	14.88	14.4	12.87	15.83	8.54	
1198.0	46.0	14.0	14.0	15.74	10.99	10.1	8.87	8.78	10.76	16.54	14.32	14.88	13.71	9.18	
1199.0	96.0	15.0	15.0	17.59	7.33	11.78	17.81	7.96	15.23	17.09	9.51	15.27	11.42	14.72	
1200.0	56.0	13.0	13.0	13.01	6.22	11.66	14.23	6.44	11.65	9.73	16.48	8.46	16.51	12.38	
1201.0	55.0	6.0	6.0	6.01	10.04	17.9	16.78	17.32	11.15	6.67	11.81	13.04	13.42	10.22	
1202.0	84.0	12.0	12.0	16.26	16.65	14.74	12.09	7.87	13.45	12.82	17.66	16.61	17.49	10.71951133977386	
1203.0	88.0	4.0	4.0	8.36	10.01	8.74	14.37	9.77	14.44	6.41	14.28	10.08	9.76	11.97	
1204.0	78.0	8.0	8.0	8.08	6.31	6.19	8.57	6.7	15.79	14.4	9.97	14.2	16.95	13.2	
1205.0	86.0	15.0	15.0	7.17	12.71	13.29	7.16	16.27	11.74	15.91	6.78	8.19	11.44	6.78	
1206.0	87.0	5.0	5.0	17.61	14.41	14.35	12.96	15.59	13.04	14.39	13.11	7.87	9.89	12.38	
1207.0	99.0	12.0	12.0	15.61	7.32	10.54	13.5	6.52	16.09	8.37	8.08	15.61	6.67	7.9	
1208.0	56.0	13.0	13.0	6.89	10.46	17.89	7.76	6.19	13.78	7.09	10.63	7.5	17.19	7.14	
1209.0	85.0	3.0	3.0	8.03	12.98	8.93	11.2	7.43	13.25	11.19	7.84	8.01	7.24	14.1	
1210.0	42.0	4.0	4.0	7.29	16.45	15.62	10.18	8.9	9.77	17.33	15.25	12.08	9.38	15.78	
1211.0	44.0	3.0	3.0	13.67	13.01	12.08	7.16	10.68	15.1	11.07	6.23	17.49	17.83	10.32	
1212.0	97.0	9.0	9.0	10.42	14.43	17.14	6.9	6.79	14.7	7.94	13.32	10.83	10.65	16.36	
1213.0	100.0	14.0	14.0	7.28	15.29	9.68	11.13	17.42	7.95	13.61	15.88	14.57	16.46	10.37	
1214.0	55.0	6.0	6.0	10.47	7.94	7.35	6.1	6.55	15.12	11.0	7.61	11.84	10.97	12.53	
1215.0	58.0	11.0	11.0	15.43	10.93	15.9	9.42	7.62	16.58	10.03	12.5	16.58	11.38	12.19	
1216.0	91.0	9.0	9.0	17.66	12.76	12.44	13.6	8.88	12.1	12.31	14.46	13.73	12.7	10.93	
1217.0	42.0	4.0	4.0	6.24	11.82	15.57	17.18	13.25	16.72	11.79	11.74	13.88	6.96	15.77	
1218.0	84.0	12.0	12.0	6.56	10.33	11.28	17.15	17.72	9.66	14.66	7.47	17.62	17.34	11.49	
1219.0	38.0	5.0	5.0	11.0	8.55	15.97	9.34	7.51	8.07	16.76	14.61	9.51	10.29	12.83	
1220.0	51.0	2.0	2.0	7.68	13.89	13.46	14.37	16.96	11.45	16.29	14.8	10.53	17.2	16.45	
1221.0	21.0	9.0	9.0	12.0	11.97	12.76	13.57	12.99	8.49	12.75	17.28	9.32	16.4	16.89	
1222.0	59.0	9.0	9.0	10.44	6.1	17.16	13.78	15.56	16.47	10.71	10.54	9.7	9.41	7.04	
1223.0	41.0	15.0	15.0	9.81	11.81	14.44	6.74	11.34	10.8	8.1	6.99	15.74	9.06	10.72	
1224.0	94.0	13.0	13.0	14.11	11.75	14.95	14.06	16.02	11.46	17.53	11.45	14.77	12.12	6.819625413196306	
1225.0	46.0	14.0	14.0	9.12	15.64	8.45	9.61	14.49	11.98	14.74	8.17	9.68	12.37	6.53	
1226.0	88.0	4.0	4.0	12.5	6.66	16.79	14.93	10.76	16.01	12.0	13.45	7.1	12.97	15.39	
1227.0	54.0	10.0	10.0	14.07	7.41	17.44	15.24	10.79	7.07	12.38	16.67	15.11	13.67	9.89	
1228.0	97.0	9.0	9.0	13.75	6.09	11.71	6.31	15.59	13.64	7.78	11.97	6.67	9.48	6.66	
1229.0	100.0	14.0	14.0	16.59	12.11	6.67	8.82	8.29	17.15	12.09	17.05	14.92	8.76	12.34	
1230.0	90.0	4.0	4.0	13.24	16.99	13.53	6.44	10.78	8.81	9.32	8.15	12.72	13.33	6.93	
1231.0	45.0	5.0	5.0	12.65	6.1	10.87	17.59	14.32	11.82	7.02	9.01	11.73	11.99	11.15	
1232.0	75.0	8.0	8.0	14.21	13.33	14.63	12.23	7.37	8.45	8.03	16.71	8.7	8.31	12.34	
1233.0	94.0	13.0	13.0	8.72	10.15	11.12	12.28	14.14	17.48	10.66	6.63	6.9	9.13	7.99	
1234.0	77.0	8.0	8.0	10.38	10.1	6.41	16.49	16.19	13.94	12.81	9.94	14.08	17.14	8.28	
1235.0	56.0	13.0	13.0	11.76	13.92	13.44	16.51	10.41	10.34	9.65	11.32	11.84	10.98	17.27	
1236.0	98.0	15.0	15.0	11.89	8.4	13.07	6.57	9.48	10.16	17.12	12.23	12.7	10.29	10.52	
1237.0	89.0	14.0	14.0	7.58	13.31	16.16	11.92	6.38	17.58	17.78	16.45	8.07	10.16	15.6	
1238.0	89.0	14.0	14.0	10.95	6.65	13.88	10.71	14.07	12.71	15.17	10.61	8.83	17.34	10.51	
1239.0	73.0	13.0	13.0	16.66	8.11	6.02	14.47	10.0	14.23	14.91	12.17	16.04	6.68	15.19	
1240.0	38.0	5.0	5.0	9.37	8.73	16.74	13.52	15.29	8.64	16.5	17.35	16.16	11.25	17.19	
1241.0	55.0	6.0	6.0	16.02	16.65	11.97	13.38	10.99	16.6	13.53	15.36	7.44	17.83	15.301057153974126	
1242.0	57.0	14.0	14.0	16.34	17.3	7.05	10.45	9.29	6.09	12.56	16.05	16.1	8.16	7.51	
1243.0	82.0	6.0	6.0	11.07	6.13	7.51	9.57	8.64	9.17	8.99	16.56	8.4	10.51	10.11	
1244.0	87.0	5.0	5.0	15.61	13.71	14.61	15.9	17.66	16.14	7.67	17.98	11.97	12.4	11.613550634737493	
1245.0	46.0	14.0	14.0	14.19	12.16	16.63	8.91	17.56	14.66	7.78	9.48	6.75	15.36	10.99	
1246.0	86.0	15.0	15.0	11.23	11.38	8.06	16.75	17.69	12.55	16.61	15.22	7.5	17.6	6.82	
1247.0	87.0	5.0	5.0	11.98	11.47	17.54	17.72	11.65	13.61	13.05	9.14	16.24	12.68	16.8	
1248.0	57.0	14.0	14.0	11.83	11.77	12.65	7.31	11.59	16.01	7.64	15.72	8.15	8.47	17.03	
1249.0	60.0	3.0	3.0	7.56	9.03	16.9	14.71	11.95	7.61	11.74	16.05	14.72	13.0	11.46	
1250.0	23.0	7.0	7.0	6.79	10.24	6.61	10.57	6.04	7.97	7.55	6.47	12.73	9.49	6.91	
1251.0	44.0	3.0	3.0	10.73	14.51	7.34	13.76	8.28	7.34	8.22	6.45	10.01	14.75	13.35	
1252.0	68.0	5.0	5.0	12.84	11.41	14.34	12.14	12.45	6.87	10.94	13.27	6.84	10.07	7.95	
1253.0	95.0	8.0	8.0	12.79	7.76	17.14	16.57	8.58	6.57	8.3	9.8	10.64	16.34	15.75	
1254.0	82.0	6.0	6.0	12.58	10.53	6.11	8.54	8.57	6.0	6.14	13.46	16.45	13.21	12.46	
1255.0	96.0	15.0	15.0	6.36	14.48	7.46	7.42	11.66	16.03	15.37	16.35	12.95	17.57	15.2	
1256.0	26.0	1.0	1.0	9.56	17.7	17.68	9.07	17.48	6.42	7.39	12.25	7.72	6.87	14.55	
1257.0	64.0	4.0	4.0	11.78	17.32	12.56	10.93	11.29	8.68	11.21	12.07	13.66	8.16	6.89	
1258.0	99.0	12.0	12.0	15.39	6.73	8.7	8.45	9.74	6.19	8.55	13.42	9.01	10.77	14.59	
1259.0	43.0	13.0	13.0	6.59	11.46	15.88	8.46	12.8	12.84	12.65	6.22	14.27	11.03	6.87	
1260.0	88.0	4.0	4.0	14.39	6.01	8.89	17.16	14.83	13.21	13.82	17.87	11.53	7.94	7.84	
1261.0	84.0	12.0	12.0	11.63	10.26	16.3	7.21	7.34	16.49	11.54	8.39	15.44	7.66	6.06	
1262.0	83.0	5.0	5.0	10.42	12.12	10.35	14.3	8.48	12.09	6.78	14.68	8.26	6.54	15.59	
1263.0	41.0	15.0	15.0	17.79	8.74	17.58	15.72	7.68	13.98	8.86	17.06	12.86	11.87	16.1	
1264.0	98.0	15.0	15.0	7.82	17.75	13.22	10.03	11.49	7.9	13.85	9.33	7.23	9.27	11.74	
1265.0	89.0	14.0	14.0	8.71	14.47	10.58	9.0	6.41	17.86	13.93	13.36	9.17	6.81	14.86	
1266.0	90.0	4.0	4.0	14.33	9.15	15.55	15.6	17.83	7.98	17.96	15.01	15.8	17.02	2.5032209477413736	
1267.0	61.0	12.0	12.0	15.92	15.12	9.47	8.68	14.92	17.33	11.38	16.64	12.98	12.77	8.7	
1268.0	91.0	9.0	9.0	14.45	13.35	14.15	7.36	16.54	13.64	9.9	6.72	15.86	11.33	13.96	
1269.0	84.0	12.0	12.0	12.92	7.81	13.02	14.62	15.94	8.0	7.79	13.72	8.6	14.72	17.48	
1270.0	93.0	4.0	4.0	6.72	7.77	8.19	17.85	15.07	12.58	12.86	16.69	11.58	11.43	14.64	
1271.0	81.0	3.0	3.0	8.33	8.84	7.01	12.65	7.62	15.65	15.38	9.69	6.01	10.68	15.98	
1272.0	62.0	7.0	7.0	11.49	14.73	16.92	11.54	10.99	12.83	11.85	7.38	7.16	13.69	10.53	
1273.0	81.0	3.0	3.0	7.94	11.49	9.89	16.79	15.2	14.79	16.31	16.66	7.51	8.27	13.62	
1274.0	56.0	13.0	13.0	6.47	6.84	10.84	8.91	12.06	10.93	8.62	8.97	7.0	14.92	13.53	
1275.0	86.0	15.0	15.0	11.41	17.39	15.06	11.14	16.23	7.8	9.4	15.66	8.87	14.33	16.36	
1276.0	84.0	12.0	12.0	6.01	16.98	16.09	11.06	12.91	6.26	13.1	16.77	14.75	9.46	8.04	
1277.0	93.0	4.0	4.0	17.77	6.29	12.98	8.16	7.71	6.41	8.99	16.45	6.99	12.2	13.66	
1278.0	46.0	14.0	14.0	12.18	16.11	11.74	10.13	14.02	17.51	15.78	11.7	16.81	8.71	10.63	
1279.0	87.0	5.0	5.0	6.35	15.46	15.36	6.18	10.44	14.74	9.29	17.35	11.07	13.47	9.39	
1280.0	91.0	9.0	9.0	16.46	10.52	12.82	13.66	16.53	8.15	7.31	16.58	9.98	7.81	15.58	
1281.0	96.0	15.0	15.0	7.59	11.59	15.57	14.47	15.06	16.22	6.79	9.28	7.22	17.95	17.99	
1282.0	98.0	15.0	15.0	14.26	8.91	7.03	17.75	17.34	7.7	9.55	15.94	6.98	8.71	12.01	
1283.0	34.0	14.0	14.0	15.97	10.38	17.62	17.72	13.76	17.39	8.61	9.8	17.75	10.75	12.892868500252003	
1284.0	44.0	3.0	3.0	17.92	16.32	10.78	16.34	14.22	7.52	16.52	11.85	14.79	14.48	2.327600421522214	
1285.0	83.0	5.0	5.0	13.55	14.41	14.33	15.9	12.22	11.25	9.63	9.47	13.89	11.86	13.37	
1286.0	84.0	12.0	12.0	9.92	10.44	9.15	15.0	12.7	12.35	12.35	15.45	9.95	17.31	11.75	
1287.0	73.0	13.0	13.0	14.96	9.07	14.8	15.91	6.1	15.56	12.24	11.98	6.21	17.79	17.77	
1288.0	53.0	12.0	12.0	14.77	9.11	9.84	6.13	13.15	7.5	12.15	16.22	7.81	17.87	16.39	
1289.0	75.0	8.0	8.0	10.73	6.35	15.21	15.24	9.3	15.64	13.84	13.01	17.02	8.07	11.6	
1290.0	41.0	15.0	15.0	15.21	11.04	15.16	7.25	13.77	17.23	9.36	15.03	15.78	12.84	15.53	
1291.0	46.0	14.0	14.0	8.75	14.52	16.82	8.64	7.59	15.12	7.05	13.56	10.35	15.92	16.98	
1292.0	98.0	15.0	15.0	11.45	11.47	12.19	11.55	17.03	7.88	12.07	8.1	17.35	9.36	7.05	
1293.0	64.0	4.0	4.0	17.09	17.28	15.56	16.88	17.07	8.11	17.6	11.2	17.32	15.464823565804181	6.513809592913915	
1294.0	96.0	15.0	15.0	11.66	15.04	8.15	17.65	13.34	11.16	6.75	6.2	16.2	16.59	14.48	
1295.0	61.0	12.0	12.0	10.26	8.79	8.14	10.13	15.06	17.89	9.03	6.04	12.75	14.57	15.55	
1296.0	86.0	15.0	15.0	7.23	8.72	8.75	15.38	7.1	6.34	13.09	15.08	17.76	12.12	10.65	
1297.0	66.0	12.0	12.0	14.86	12.55	9.29	7.07	15.38	8.92	7.86	13.4	8.37	17.97	9.25	
1298.0	98.0	15.0	15.0	6.14	12.38	13.52	7.57	15.31	11.36	10.6	12.34	9.08	12.57	12.75	
1299.0	99.0	12.0	12.0	12.14	7.77	7.16	12.55	13.85	7.56	9.14	11.68	9.32	10.8	14.67	
1300.0	21.0	9.0	9.0	13.61	16.53	12.54	10.65	11.16	10.19	9.45	16.75	17.81	9.55	16.46	
1301.0	98.0	15.0	15.0	7.31	11.07	8.48	8.94	13.0	11.65	11.97	14.39	17.99	7.32	15.75	
1302.0	85.0	3.0	3.0	16.26	7.1	12.55	15.96	10.64	11.7	6.47	13.17	7.73	6.05	14.46	
1303.0	83.0	5.0	5.0	12.37	17.73	9.18	14.76	16.54	13.28	9.91	13.56	14.85	17.06	3.4287686621696922	
1304.0	93.0	4.0	4.0	9.56	14.16	16.07	13.79	17.85	15.37	11.56	13.65	9.55	8.45	13.14	
1305.0	24.0	14.0	14.0	12.24	7.3	17.42	11.43	10.23	17.52	13.04	12.75	8.67	12.17	11.63	
1306.0	50.0	9.0	9.0	14.48	11.97	16.74	10.86	9.29	6.11	6.27	15.21	7.41	15.17	11.61	
1307.0	88.0	4.0	4.0	9.17	13.58	7.29	16.42	16.11	12.65	12.62	13.76	7.6	13.8	12.95	
1308.0	97.0	9.0	9.0	11.05	14.99	13.43	11.97	16.23	12.1	16.85	6.22	11.5	10.9	9.3	
1309.0	69.0	12.0	12.0	15.24	13.15	7.94	9.2	7.88	16.2	6.99	12.58	8.29	9.22	14.01	
1310.0	73.0	13.0	13.0	14.17	15.37	10.63	11.62	6.2	16.45	15.37	7.78	7.42	14.92	10.98	
1311.0	71.0	11.0	11.0	13.3	17.43	13.21	15.41	16.97	9.5	7.88	7.89	7.42	9.71	9.34	
1312.0	94.0	13.0	13.0	17.02	8.05	7.52	12.41	14.13	17.54	16.1	9.69	12.64	17.65	10.73	
1313.0	89.0	14.0	14.0	10.24	6.15	16.58	17.69	11.3	8.61	10.73	7.38	14.72	11.17	11.33	
1314.0	53.0	12.0	12.0	14.58	17.14	7.51	14.07	12.7	8.32	14.19	9.18	7.59	9.79	10.21	
1315.0	40.0	11.0	11.0	16.9	10.9	13.57	10.08	12.38	12.19	12.04	16.42	7.23	13.51	11.26	
1316.0	92.0	10.0	10.0	7.04	11.3	14.65	10.79	7.93	17.5	13.4	12.05	11.38	9.81	13.07	
1317.0	98.0	15.0	15.0	17.05	13.74	12.06	15.1	11.91	12.34	15.12	8.84	16.35	14.07	7.66	
1318.0	86.0	15.0	15.0	16.72	16.8	16.3	15.83	8.78	13.57	10.4	17.39	14.01	17.93	15.507620904677502	
1319.0	36.0	15.0	15.0	7.55	13.48	8.66	10.82	10.48	12.98	11.61	13.82	6.46	16.27	8.98	
1320.0	88.0	4.0	4.0	7.49	10.32	16.96	16.57	11.25	16.99	11.07	6.75	15.92	15.78	13.28	
1321.0	91.0	9.0	9.0	14.5	6.44	14.21	11.24	15.88	12.25	15.06	16.68	13.39	11.17	14.24	
1322.0	22.0	6.0	6.0	12.66	13.31	6.42	15.63	15.28	7.46	16.5	14.33	17.05	17.01	17.53	
1323.0	81.0	3.0	3.0	13.21	10.21	6.43	9.52	12.37	9.83	7.64	17.95	15.42	11.88	15.9	
1324.0	63.0	15.0	15.0	7.36	9.09	17.26	6.86	8.26	14.61	8.28	11.97	10.8	9.38	14.46	
1325.0	85.0	3.0	3.0	10.35	14.35	7.07	17.72	13.69	8.58	10.4	15.42	13.36	10.17	16.41	
1326.0	74.0	1.0	1.0	17.16	15.19	11.62	7.24	11.89	10.28	15.65	15.61	11.57	9.94	7.67	
1327.0	68.0	5.0	5.0	13.48	9.06	6.73	10.38	16.32	10.17	12.64	15.22	15.76	8.01	13.95	
1328.0	98.0	15.0	15.0	9.41	8.91	10.68	14.85	11.07	12.32	16.77	12.19	11.61	13.59	10.48	
1329.0	81.0	3.0	3.0	16.77	13.38	7.08	13.58	8.86	10.42	7.12	9.14	10.35	9.63	14.32	
1330.0	41.0	15.0	15.0	8.24	15.51	17.39	7.08	6.27	14.75	9.75	17.0	17.37	13.1	7.34	
1331.0	37.0	5.0	5.0	11.29	12.88	10.1	10.86	8.89	16.54	8.97	7.85	8.41	7.88	14.78	
1332.0	96.0	15.0	15.0	9.77	7.05	15.52	13.22	15.7	15.57	8.78	9.38	7.92	14.16	11.89	
1333.0	78.0	8.0	8.0	12.32	9.61	16.15	6.3	7.93	6.03	16.92	14.03	12.95	8.74	17.7	
1334.0	35.0	10.0	10.0	16.75	7.62	9.51	11.27	15.65	14.03	17.48	17.16	13.11	6.43	11.35	
1335.0	70.0	11.0	11.0	16.62	15.58	13.12	16.97	7.21	14.71	15.31	15.2	10.58	14.2	1.5031952882467121	
1336.0	100.0	14.0	14.0	7.67	8.82	7.83	16.0	12.64	17.04	7.53	15.81	16.29	12.42	11.65	
1337.0	96.0	15.0	15.0	9.82	15.06	11.42	9.1	9.65	6.17	10.88	15.84	17.32	17.24	6.13	
1338.0	81.0	3.0	3.0	11.55	14.96	13.42	10.14	6.64	8.02	8.21	14.9	8.16	11.42	15.28	
1339.0	90.0	4.0	4.0	14.89	8.06	12.38	10.3	9.87	8.78	11.58	14.3	13.59	11.66	9.19	
1340.0	72.0	11.0	11.0	9.84	13.71	16.92	16.42	6.94	17.57	10.67	9.32	14.78	14.62	17.25	
1341.0	100.0	14.0	14.0	17.49	9.13	10.66	17.48	14.37	10.01	11.62	14.67	7.89	13.38	13.33	
1342.0	100.0	14.0	14.0	15.59	14.2	9.42	10.0	15.6	7.8	14.04	9.51	14.77	8.33	15.92	
1343.0	71.0	11.0	11.0	15.13	14.53	15.13	14.66	8.45	15.66	8.11	7.83	16.37	11.06	16.54	
1344.0	97.0	9.0	9.0	17.88	12.8	6.62	16.34	8.56	10.0	11.31	6.45	7.55	8.05	17.14	
1345.0	92.0	10.0	10.0	10.72	16.68	13.53	15.28	11.02	6.88	10.29	6.51	7.82	13.38	7.79	
1346.0	83.0	5.0	5.0	10.65	8.18	12.95	10.66	9.57	8.36	7.14	12.43	14.87	17.76	9.86	
1347.0	62.0	7.0	7.0	11.72	13.27	13.59	9.1	9.13	13.2	13.29	6.79	8.52	6.49	8.55	
1348.0	82.0	6.0	6.0	8.42	13.78	9.97	11.96	12.62	9.59	15.28	15.76	10.98	15.11	7.44	
1349.0	24.0	14.0	14.0	11.26	12.09	15.82	14.13	16.67	11.8	11.19	6.73	17.99	17.92	9.89	
1350.0	43.0	13.0	13.0	15.97	15.74	14.51	9.82	17.12	6.8	12.25	10.03	10.81	6.67	15.14	
1351.0	85.0	3.0	3.0	14.06	6.76	7.29	7.74	15.43	17.32	10.05	10.64	16.68	9.93	13.74	
1352.0	91.0	9.0	9.0	8.09	9.08	9.21	16.49	15.02	17.36	13.32	11.89	9.98	11.6	15.68	
1353.0	95.0	8.0	8.0	11.37	17.31	7.95	9.46	17.43	14.32	13.22	8.87	13.97	10.77	16.31	
1354.0	82.0	6.0	6.0	6.17	9.92	7.01	12.47	14.97	14.07	8.01	7.4	17.43	12.45	6.68	
1355.0	74.0	1.0	1.0	17.37	11.78	8.88	16.47	10.37	12.62	15.29	13.52	6.69	7.31	8.29	
1356.0	90.0	4.0	4.0	12.3	17.48	17.36	15.67	13.18	10.71	10.11	16.88	9.39	7.42	11.2	
1357.0	91.0	9.0	9.0	14.52	8.59	15.61	6.53	9.47	6.47	10.95	17.1	11.04	11.99	7.7	
1358.0	47.0	15.0	15.0	9.55	7.68	16.58	9.93	15.86	7.65	11.22	11.18	6.92	12.23	17.84	
1359.0	50.0	9.0	9.0	6.14	10.83	8.98	16.92	7.92	16.01	17.45	6.13	14.11	9.65	10.95	
1360.0	82.0	6.0	6.0	6.77	10.0	15.97	12.66	16.57	15.03	7.53	17.18	12.29	16.37	13.53	
1361.0	90.0	4.0	4.0	13.21	8.27	12.2	17.35	10.96	6.07	6.09	6.39	6.44	15.32	9.47	
1362.0	86.0	15.0	15.0	16.48	8.14	8.43	11.25	12.06	11.64	8.72	9.35	11.78	16.66	8.73	
1363.0	99.0	12.0	12.0	15.49	7.56	9.18	9.21	17.54	9.76	12.62	13.07	8.12	14.42	7.97	
1364.0	27.0	13.0	13.0	7.26	16.38	7.77	12.05	9.14	14.09	17.44	13.25	17.44	6.51	14.31	
1365.0	85.0	3.0	3.0	15.18	6.43	16.63	16.52	11.61	13.7	8.15	6.5	14.6	9.87	9.47	
1366.0	74.0	1.0	1.0	6.43	9.14	8.72	11.31	6.33	7.15	17.11	6.61	8.52	11.97	6.75	
1367.0	54.0	10.0	10.0	11.48	13.98	6.78	15.11	15.2	13.78	6.77	9.17	12.03	6.8	10.8	
1368.0	91.0	9.0	9.0	11.6	16.24	16.08	17.17	10.31	17.25	16.32	8.12	6.43	7.47	15.08	
1369.0	22.0	6.0	6.0	17.9	7.41	12.45	15.46	6.3	8.86	8.08	11.87	15.62	11.63	7.78	
1370.0	66.0	12.0	12.0	11.23	6.13	14.25	6.76	6.58	10.4	8.38	11.6	7.48	6.47	10.74	
1371.0	86.0	15.0	15.0	12.2	13.08	8.69	12.17	8.98	14.24	7.73	9.88	9.47	16.48	15.64	
1372.0	33.0	14.0	14.0	10.82	16.24	16.64	17.37	7.5	13.6	16.82	16.48	8.28	10.93	10.88	
1373.0	87.0	5.0	5.0	14.46	16.38	10.72	11.2	17.05	9.25	9.07	17.79	10.4	14.28	11.98	
1374.0	78.0	8.0	8.0	12.49	7.34	14.21	6.36	16.5	9.54	15.05	14.08	14.56	11.19	13.18	
1375.0	89.0	14.0	14.0	8.18	6.56	13.58	16.93	14.57	8.23	9.44	16.18	16.35	16.71	8.35	
1376.0	78.0	8.0	8.0	17.62	17.25	8.56	7.21	14.83	12.08	15.8	8.59	10.48	11.6	10.55	
1377.0	100.0	14.0	14.0	8.19	15.89	15.68	6.89	17.65	7.47	16.23	6.05	17.14	11.98	15.25	
1378.0	77.0	8.0	8.0	8.05	6.16	13.61	9.71	12.75	12.21	17.71	8.43	13.21	9.28	9.25	
1379.0	53.0	12.0	12.0	10.89	17.59	11.63	16.3	6.88	15.73	17.95	11.35	16.26	15.98	8.469603485875073	
1380.0	68.0	5.0	5.0	12.74	13.84	10.02	11.97	6.91	15.89	9.05	9.02	8.84	16.86	17.46	
1381.0	90.0	4.0	4.0	6.65	15.73	14.35	14.25	12.01	17.3	9.37	10.91	11.72	10.21	7.53	
1382.0	90.0	4.0	4.0	8.54	8.09	13.88	15.16	9.83	16.93	11.3	13.42	10.41	17.74	11.82	
1383.0	89.0	14.0	14.0	13.87	10.77	7.21	12.01	7.33	15.72	8.66	6.01	9.35	10.42	9.66	
1384.0	28.0	8.0	8.0	13.84	16.17	16.5	16.08	15.49	9.14	13.08	9.58	12.55	8.13	16.82	
1385.0	32.0	14.0	14.0	8.11	10.82	9.17	8.95	10.97	10.59	16.87	7.83	17.33	13.42	10.18	
1386.0	81.0	3.0	3.0	6.1	11.0	9.66	12.03	8.3	8.14	11.06	15.79	6.96	6.95	16.41	
1387.0	100.0	14.0	14.0	7.03	16.41	8.83	14.31	8.31	11.85	8.08	6.41	17.01	15.52	15.94	
1388.0	86.0	15.0	15.0	8.74	7.97	13.58	10.88	13.68	9.8	13.13	14.13	7.77	11.1	10.37	
1389.0	92.0	10.0	10.0	6.71	14.01	8.25	12.66	16.55	6.36	11.79	11.73	9.2	11.43	9.32	
1390.0	91.0	9.0	9.0	12.78	8.93	8.16	7.01	9.76	14.12	9.12	16.41	15.9	6.66	14.82	
1391.0	28.0	8.0	8.0	6.89	17.42	9.69	16.45	15.63	15.84	7.91	17.68	8.35	14.21	6.86	
1392.0	100.0	14.0	14.0	11.37	6.56	9.59	7.49	13.24	16.08	16.13	9.55	8.25	6.41	14.97	
1393.0	89.0	14.0	14.0	10.95	13.78	11.45	13.58	6.42	7.86	8.88	16.49	14.47	12.08	17.75	
1394.0	99.0	12.0	12.0	8.84	10.89	13.21	12.34	9.28	8.08	15.33	11.46	14.57	13.09	6.23	
1395.0	93.0	4.0	4.0	17.84	7.73	10.45	6.53	17.71	17.85	13.13	16.71	6.21	7.14	13.24	
1396.0	97.0	9.0	9.0	12.91	8.2	8.2	12.43	10.04	11.58	15.71	7.6	15.46	7.64	13.09	
1397.0	50.0	9.0	9.0	7.24	14.7	16.97	16.61	9.49	14.12	12.67	16.35	11.53	10.1	16.43	
1398.0	94.0	13.0	13.0	6.53	10.49	11.3	6.46	9.41	11.54	7.64	8.32	14.72	9.62	10.52	
1399.0	94.0	13.0	13.0	14.96	8.4	16.55	17.16	8.3	10.98	13.97	15.18	15.72	7.61	11.94	
1400.0	37.0	5.0	5.0	13.02	11.71	14.32	6.63	12.66	14.77	12.22	10.52	8.91	10.94	6.22	
1401.0	56.0	13.0	13.0	14.5	14.54	14.6	11.34	7.58	10.45	11.16	15.43	11.53	14.31	6.19	
1402.0	86.0	15.0	15.0	16.86	14.95	17.68	15.34	9.99	10.63	16.25	8.13	13.58	16.37	12.010322212283278	
1403.0	65.0	11.0	11.0	6.59	15.17	12.03	14.61	16.67	10.34	12.27	6.36	17.51	17.69	6.2	
1404.0	90.0	4.0	4.0	13.04	10.4	13.61	9.85	17.16	13.09	12.86	7.74	8.07	8.48	11.5	
1405.0	75.0	8.0	8.0	16.69	13.96	8.41	17.08	14.75	15.19	6.06	15.26	11.06	15.11	10.71	
1406.0	61.0	12.0	12.0	13.3	6.06	14.39	17.19	8.0	13.35	12.93	14.56	15.52	7.27	12.86	
1407.0	70.0	11.0	11.0	8.46	11.45	10.82	10.12	15.77	11.93	16.47	8.12	6.08	10.19	17.7	
1408.0	94.0	13.0	13.0	15.32	15.55	17.56	6.59	8.38	17.53	8.15	17.8	16.54	7.71	9.11	
1409.0	75.0	8.0	8.0	15.57	10.11	12.96	6.49	15.49	13.0	13.88	16.9	14.48	9.21	14.8	
1410.0	27.0	13.0	13.0	11.55	7.63	14.71	11.74	11.98	14.6	14.23	6.71	11.41	17.1	7.37	
1411.0	66.0	12.0	12.0	11.99	16.86	9.82	11.5	7.04	13.44	15.44	15.47	15.79	11.05	16.04	
1412.0	100.0	14.0	14.0	12.86	14.27	14.61	14.78	14.16	14.99	16.75	17.75	7.59	16.29	3.137585819513772	
1413.0	83.0	5.0	5.0	10.48	11.22	14.56	7.9	17.16	7.93	9.33	15.27	6.39	8.42	11.9	
1414.0	73.0	13.0	13.0	15.43	8.54	16.42	13.31	14.1	12.94	12.52	9.88	11.88	8.68	17.98	
1415.0	40.0	11.0	11.0	9.67	7.16	17.67	15.37	16.72	16.33	11.82	15.7	16.36	15.99	7.333267170677033	
1416.0	87.0	5.0	5.0	9.52	10.09	11.74	17.04	8.17	12.77	10.57	10.69	17.39	7.55	15.63	
1417.0	63.0	15.0	15.0	15.52	10.89	11.12	7.3	17.66	15.45	17.51	11.65	8.22	9.65	16.08	
1418.0	45.0	5.0	5.0	9.63	9.29	8.43	8.53	7.23	17.44	17.58	14.3	7.15	9.47	15.49	
1419.0	91.0	9.0	9.0	13.36	7.39	12.5	11.59	15.02	15.3	16.62	9.58	12.45	8.82	11.45	
1420.0	98.0	15.0	15.0	16.64	8.69	6.3	14.06	16.55	9.08	13.4	11.97	17.16	14.14	6.62	
1421.0	94.0	13.0	13.0	12.27	7.24	14.68	14.96	9.45	16.47	17.57	10.79	17.14	10.26	17.62	
1422.0	91.0	9.0	9.0	14.98	14.79	17.79	16.19	12.71	12.02	13.24	13.42	12.77	14.36	17.532916812377835	
1423.0	26.0	1.0	1.0	17.4	15.34	6.26	15.84	6.42	8.77	10.02	14.27	15.56	16.35	17.19	
1424.0	74.0	1.0	1.0	17.52	16.96	9.42	9.77	16.33	11.02	17.42	7.09	10.82	10.65	9.9	
1425.0	99.0	12.0	12.0	14.42	7.7	14.2	10.83	9.92	10.12	6.42	8.82	6.31	7.76	16.56	
1426.0	96.0	15.0	15.0	7.76	15.04	10.92	10.96	17.47	9.2	8.48	15.38	10.13	17.68	17.44	
1427.0	93.0	4.0	4.0	16.85	13.5	15.75	6.89	7.43	8.25	16.18	17.32	14.35	14.8	7.76	
1428.0	85.0	3.0	3.0	6.6	7.06	14.83	13.38	13.83	9.94	7.54	16.52	14.77	16.54	12.46	
1429.0	89.0	14.0	14.0	13.32	6.87	14.7	12.66	10.07	17.18	13.91	11.95	12.88	15.7	14.57	
1430.0	85.0	3.0	3.0	17.38	14.12	15.63	13.41	16.88	14.6	7.37	8.32	9.37	10.17	14.85	
1431.0	28.0	8.0	8.0	12.34	17.29	14.36	12.01	7.56	6.75	16.41	11.04	7.4	17.5	10.88	
1432.0	78.0	8.0	8.0	8.4	13.78	9.9	15.61	7.3	6.22	16.35	8.83	15.17	12.46	9.96	
1433.0	79.0	7.0	7.0	12.54	14.69	17.21	7.9	16.29	16.1	11.37	13.36	12.46	6.51	10.23	
1434.0	38.0	5.0	5.0	13.81	14.55	10.18	16.84	15.33	8.87	12.98	17.57	16.96	11.1	13.481909299534708	
1435.0	42.0	4.0	4.0	6.03	10.46	11.32	15.85	9.08	17.43	10.37	14.39	16.32	17.57	9.33	
1436.0	96.0	15.0	15.0	11.45	8.92	9.9	8.39	7.67	15.63	9.04	17.28	15.64	16.57	11.55	
1437.0	90.0	4.0	4.0	13.3	16.56	15.15	11.98	13.4	15.64	10.41	7.54	16.0	8.34	8.27	
1438.0	82.0	6.0	6.0	6.8	12.92	8.5	10.41	13.67	14.36	14.58	12.99	14.42	9.22	9.27	
1439.0	33.0	14.0	14.0	13.63	15.54	15.0	10.14	11.26	8.15	14.48	12.38	15.32	6.96	7.48	
1440.0	90.0	4.0	4.0	12.49	14.27	7.46	17.68	11.3	16.99	8.46	7.02	12.14	7.14	6.75	
1441.0	83.0	5.0	5.0	7.84	16.67	15.6	9.83	14.34	16.99	6.08	11.36	14.91	12.34	16.36	
1442.0	64.0	4.0	4.0	15.82	16.88	14.71	11.71	14.63	17.75	13.14	17.54	12.41	13.93	17.22457597630077	
1443.0	87.0	5.0	5.0	12.91	8.08	17.81	16.98	8.29	7.57	7.85	14.87	6.84	15.43	9.47	
1444.0	74.0	1.0	1.0	15.46	13.24	9.07	7.39	16.71	9.87	13.97	12.35	14.71	6.79	6.97	
1445.0	52.0	4.0	4.0	8.29	7.43	11.82	16.43	16.11	10.4	11.44	9.99	10.27	7.78	14.32	
1446.0	34.0	14.0	14.0	8.18	6.81	15.91	10.77	14.94	11.49	13.2	6.88	16.33	11.15	13.56	
1447.0	36.0	15.0	15.0	10.81	12.86	8.98	10.27	16.31	12.49	6.12	16.49	16.58	17.69	11.68	
1448.0	40.0	11.0	11.0	16.13	9.37	10.8	9.92	16.34	11.84	8.23	16.71	16.45	11.86	15.01	
1449.0	90.0	4.0	4.0	11.19	11.28	15.17	12.67	13.69	11.13	15.72	13.45	10.72	6.04	10.77	
1450.0	76.0	6.0	6.0	8.64	14.44	8.07	9.35	7.57	7.69	9.3	14.87	9.74	11.86	10.43	
1451.0	100.0	14.0	14.0	16.61	14.43	12.92	15.17	9.71	16.22	16.69	9.69	6.83	8.34	9.99	
1452.0	75.0	8.0	8.0	17.19	11.12	15.11	17.66	10.13	13.71	14.63	17.84	17.26	7.54	1.2777621030475796	
1453.0	86.0	15.0	15.0	10.21	16.94	17.39	8.44	10.91	12.04	17.03	14.64	17.46	16.65	7.253211670222726	
1454.0	37.0	5.0	5.0	15.61	13.81	6.1	7.31	10.39	8.36	17.02	11.16	6.36	14.62	10.3	
1455.0	61.0	12.0	12.0	15.64	11.45	17.45	8.36	14.12	6.02	9.15	13.81	9.11	7.0	10.23	
1456.0	92.0	10.0	10.0	10.23	11.79	13.18	15.1	7.5	10.6	8.36	9.47	9.04	15.92	15.13	
1457.0	83.0	5.0	5.0	7.93	7.54	10.98	13.9	9.47	7.5	12.47	16.63	12.03	9.97	16.92	
1458.0	31.0	8.0	8.0	7.31	15.63	12.6	13.54	11.95	13.97	14.21	9.39	6.65	16.54	11.8	
1459.0	96.0	15.0	15.0	6.23	10.42	6.5	10.65	8.17	12.86	16.57	15.73	14.61	11.49	12.9	
1460.0	71.0	11.0	11.0	14.72	11.0	13.89	17.23	7.1	7.77	10.77	14.9	6.55	9.28	9.18	
1461.0	81.0	3.0	3.0	6.7	11.17	10.58	16.35	12.58	9.87	12.49	15.91	12.56	10.31	17.22	
1462.0	23.0	7.0	7.0	10.98	14.3	13.71	9.97	18.0	17.63	11.73	14.64	8.27	15.93	12.34	
1463.0	100.0	14.0	14.0	7.64	9.83	10.99	13.04	11.08	11.42	9.31	7.57	12.41	7.31	17.37	
1464.0	100.0	14.0	14.0	14.73	8.42	8.19	9.41	11.74	12.59	13.5	11.07	13.27	8.85	15.68	
1465.0	88.0	4.0	4.0	16.99	9.48	10.69	11.53	6.45	7.35	14.88	7.34	6.57	6.68	9.21	
1466.0	49.0	12.0	12.0	11.11	15.16	9.69	14.75	13.0	7.46	10.17	11.77	16.54	16.36	7.75	
1467.0	100.0	14.0	14.0	10.25	11.46	9.91	9.74	8.37	9.71	6.39	17.9	10.35	7.79	12.38	
1468.0	87.0	5.0	5.0	10.23	15.22	11.82	9.38	10.59	12.79	8.56	7.83	12.93	8.43	14.27	
1469.0	96.0	15.0	15.0	17.39	6.7	11.53	7.09	9.84	12.68	17.97	7.6	8.2	12.4	14.56	
1470.0	85.0	3.0	3.0	14.54	7.99	17.68	17.34	13.48	13.18	16.11	17.12	13.3	12.13	4.544889869748573	
1471.0	83.0	5.0	5.0	9.95	11.09	11.49	11.85	7.2	16.03	8.06	13.41	12.85	13.13	17.12	
1472.0	74.0	1.0	1.0	13.6	10.92	17.17	12.65	16.44	6.89	10.19	12.55	8.02	6.09	17.87	
1473.0	52.0	4.0	4.0	11.42	15.58	15.6	15.16	8.75	15.9	11.15	14.12	16.01	13.06	11.83	
1474.0	63.0	15.0	15.0	15.27	12.16	17.08	15.21	14.88	9.0	9.38	14.74	9.55	7.83	9.44	
1475.0	97.0	9.0	9.0	9.44	15.16	10.06	8.06	15.31	9.36	16.63	9.79	8.46	7.07	15.77	
1476.0	95.0	8.0	8.0	9.63	16.66	11.23	9.92	8.84	9.89	7.58	12.87	10.79	6.55	7.15	
1477.0	85.0	3.0	3.0	7.7	17.06	6.99	17.95	6.28	7.05	11.05	8.95	9.89	13.29	6.85	
1478.0	81.0	3.0	3.0	7.93	17.57	7.53	9.07	11.8	6.94	17.37	15.56	17.54	8.47	13.73	
1479.0	100.0	14.0	14.0	8.92	13.38	6.05	10.03	7.72	12.59	16.61	9.98	7.54	16.5	16.75	
1480.0	74.0	1.0	1.0	11.09	7.84	6.89	10.31	15.41	7.27	16.4	7.2	16.01	10.7	7.86	
1481.0	39.0	14.0	14.0	12.78	7.98	8.69	15.52	12.07	10.56	7.69	14.36	14.78	8.34	12.73	
1482.0	92.0	10.0	10.0	10.34	14.16	12.57	15.71	10.15	12.56	6.76	16.43	9.1	14.7	9.6	
1483.0	94.0	13.0	13.0	10.67	16.47	14.35	13.19	13.07	15.32	15.81	6.08	11.46	9.24	17.49	
1484.0	33.0	14.0	14.0	15.55	14.76	12.43	10.46	10.59	9.24	14.73	13.46	13.45	15.43	14.65	
1485.0	100.0	14.0	14.0	17.84	15.43	8.02	8.13	15.5	13.82	16.42	8.07	6.11	11.94	11.79	
1486.0	98.0	15.0	15.0	10.72	12.71	16.74	12.85	16.36	8.27	15.91	11.56	13.66	13.08	17.02	
1487.0	89.0	14.0	14.0	10.54	15.88	9.88	10.81	11.08	8.18	7.01	9.58	15.55	9.23	17.5	
1488.0	91.0	9.0	9.0	6.66	8.35	17.63	11.15	16.86	17.04	16.36	17.32	10.41	11.88	15.38	
1489.0	86.0	15.0	15.0	8.98	17.83	11.5	11.25	14.44	6.41	8.2	15.23	12.18	11.58	11.59	
1490.0	66.0	12.0	12.0	8.13	9.51	9.05	11.79	10.05	9.66	15.46	6.04	14.21	16.69	10.13	
1491.0	100.0	14.0	14.0	8.62	17.23	10.42	10.63	7.88	13.55	6.01	14.66	16.85	17.24	13.75	
1492.0	88.0	4.0	4.0	8.74	10.74	16.24	11.39	14.8	8.24	9.14	13.02	7.88	6.62	14.7	
1493.0	94.0	13.0	13.0	10.13	12.51	14.76	7.7	16.49	7.27	13.61	15.78	6.53	6.6	14.28	
1494.0	82.0	6.0	6.0	15.62	16.62	8.74	6.14	17.55	13.26	15.81	15.73	8.43	11.31	11.13	
1495.0	66.0	12.0	12.0	7.23	14.07	6.18	11.23	13.25	8.32	11.11	13.71	9.83	13.69	6.79	
1496.0	28.0	8.0	8.0	6.33	7.53	8.54	6.66	10.85	7.22	14.16	6.11	6.07	6.73	6.2	
1497.0	82.0	6.0	6.0	14.27	11.7	9.95	14.11	16.8	16.92	9.66	11.72	7.44	10.37	11.68	
1498.0	93.0	4.0	4.0	15.08	8.71	11.81	10.56	16.74	15.23	7.14	13.39	8.22	13.39	17.48	
1499.0	96.0	15.0	15.0	15.62	17.74	13.72	15.4	9.34	14.03	8.54	6.72	15.96	11.92	9.77	
1500.0	86.0	15.0	15.0	13.25	17.61	15.0	11.9	10.0	13.49	8.36	16.14	15.93	10.77	11.74	
1501.0	83.0	5.0	5.0	15.14	10.01	13.01	7.74	12.62	7.84	17.6	15.12	7.47	7.99	12.3	
1502.0	37.0	5.0	5.0	11.01	14.37	16.51	15.59	9.7	13.76	12.04	7.39	7.79	17.01	17.15	
1503.0	92.0	10.0	10.0	17.33	11.46	14.1	11.44	15.93	15.44	6.26	10.31	9.05	8.36	16.62	
1504.0	81.0	3.0	3.0	8.08	10.62	12.46	9.12	17.45	10.52	10.79	6.52	12.83	10.6	17.28	
1505.0	83.0	5.0	5.0	14.53	15.0	12.54	12.1	9.3	17.35	9.78	6.58	13.11	15.88	7.95	
1506.0	61.0	12.0	12.0	7.51	13.36	9.74	14.19	7.61	15.17	11.33	11.74	6.72	9.14	14.75	
1507.0	85.0	3.0	3.0	14.44	17.62	6.09	8.01	9.54	8.3	10.06	15.85	6.97	9.43	12.3	
1508.0	92.0	10.0	10.0	17.51	15.15	11.91	14.55	14.24	7.07	10.19	6.64	14.31	7.93	11.38	
1509.0	88.0	4.0	4.0	7.91	11.26	9.82	12.78	7.14	6.04	7.69	12.24	8.03	9.45	15.09	
1510.0	93.0	4.0	4.0	11.18	15.73	9.63	12.3	17.44	7.25	17.1	11.7	6.32	17.92	11.73	
1511.0	86.0	15.0	15.0	9.69	12.41	8.52	12.99	6.39	9.29	14.54	10.14	12.32	10.69	7.77	
1512.0	92.0	10.0	10.0	8.87	9.22	16.64	6.01	8.38	10.07	8.24	9.17	17.84	9.12	14.81	
1513.0	86.0	15.0	15.0	12.02	14.2	8.31	16.27	7.07	15.96	16.16	11.03	11.66	13.67	12.17	
1514.0	100.0	14.0	14.0	11.43	11.8	14.54	14.42	17.75	9.72	17.2	13.24	10.82	7.44	14.75	
1515.0	85.0	3.0	3.0	15.2	16.99	13.69	11.95	9.65	15.9	13.54	6.63	14.94	13.87	14.89	
1516.0	74.0	1.0	1.0	15.59	16.64	12.5	11.32	16.4	16.52	17.31	16.52	10.04	13.8	16.095086342171196	
1517.0	97.0	9.0	9.0	13.42	11.93	15.36	15.22	16.12	9.79	15.65	11.19	8.32	11.92	15.06	
1518.0	97.0	9.0	9.0	15.66	6.82	15.12	6.11	14.34	10.82	6.45	6.93	10.74	14.97	9.38	
1519.0	71.0	11.0	11.0	11.69	8.08	16.56	9.63	7.95	7.15	15.02	11.79	6.31	10.95	6.92	
1520.0	95.0	8.0	8.0	10.85	11.98	9.52	12.2	7.11	10.31	6.35	12.28	9.38	16.47	13.48	
1521.0	67.0	3.0	3.0	11.29	17.54	6.34	15.24	10.26	17.93	14.44	10.32	13.77	16.3	11.43	
1522.0	67.0	3.0	3.0	12.94	15.24	12.38	16.31	8.18	7.44	10.46	6.28	7.28	10.28	7.08	
1523.0	54.0	10.0	10.0	8.58	14.79	10.86	6.6	14.7	6.79	7.13	9.49	13.96	16.75	16.43	
1524.0	97.0	9.0	9.0	14.47	12.33	8.21	12.62	10.8	14.65	14.07	6.64	8.54	11.81	14.22	
1525.0	94.0	13.0	13.0	16.17	7.74	12.6	6.88	9.0	9.16	6.68	6.63	9.1	15.06	7.31	
1526.0	87.0	5.0	5.0	10.9	8.32	6.69	10.11	7.35	17.97	9.55	15.12	16.06	6.52	10.59	
1527.0	87.0	5.0	5.0	13.63	16.35	9.11	9.32	10.24	11.17	13.91	9.51	7.11	6.84	15.1	
1528.0	63.0	15.0	15.0	12.45	10.77	7.94	9.48	7.4	16.35	12.49	16.32	9.14	8.61	16.73	
1529.0	74.0	1.0	1.0	8.3	17.81	9.0	13.13	14.27	17.03	11.96	12.19	17.09	17.9	5.302628551111955	
1530.0	83.0	5.0	5.0	16.85	9.44	9.84	7.0	16.49	15.8	12.57	13.86	9.76	8.69	6.71	
1531.0	64.0	4.0	4.0	15.11	14.04	12.04	13.05	13.06	8.49	11.75	12.83	12.41	15.44	13.38	
1532.0	41.0	15.0	15.0	7.7	6.51	14.53	13.36	16.7	6.7	8.88	8.29	8.87	15.05	14.37	
1533.0	87.0	5.0	5.0	13.46	17.08	14.9	14.11	10.05	7.59	12.53	7.92	7.44	7.1	7.13	
1534.0	87.0	5.0	5.0	14.89	14.02	12.01	10.21	8.22	10.81	7.33	16.0	8.62	17.37	6.55	
1535.0	31.0	8.0	8.0	16.61	14.29	8.74	9.18	11.76	6.9	7.29	14.07	10.72	11.81	12.43	
1536.0	81.0	3.0	3.0	16.33	6.85	17.94	10.34	10.06	10.47	11.58	8.6	7.51	11.79	17.21	
=====================================================================================================================================================
number of non-local execution forkmean is 865
=====================================================================================================================================================
=====================================================================================================================================================
Reduce Status of job/thread name: wordcount after done (10 columns: reduce task #, amount of data to process, status(not_yet_started(0),running(1)/finished(2)), response time, start time, end time, latency, bin #, VM flavor #, PM #, Rack #)
=====================================================================================================================================================
1.0	5998.47	2.0	402.0	403.0	641.0	238.0	80.0	4.0	3.0	1.0	
2.0	6303.39	2.0	402.0	403.0	652.0	249.0	79.0	4.0	7.0	3.0	
3.0	6141.76	2.0	402.0	403.0	646.0	243.0	45.0	3.0	5.0	4.0	
4.0	5944.0	2.0	402.0	403.0	640.0	237.0	62.0	4.0	7.0	4.0	
5.0	6114.72	2.0	402.0	403.0	645.0	242.0	87.0	5.0	5.0	5.0	
6.0	6154.05	2.0	402.0	403.0	647.0	244.0	65.0	4.0	11.0	2.0	
7.0	6126.49	2.0	402.0	403.0	646.0	243.0	67.0	4.0	3.0	3.0	
8.0	6230.25	2.0	402.0	403.0	649.0	246.0	90.0	5.0	4.0	1.0	
9.0	6106.2	2.0	402.0	403.0	645.0	242.0	54.0	3.0	10.0	5.0	
10.0	6105.19	2.0	402.0	403.0	645.0	242.0	77.0	4.0	8.0	2.0	
11.0	6129.1	2.0	403.0	403.0	646.0	243.0	96.0	5.0	15.0	3.0	
12.0	6101.45	2.0	402.0	403.0	645.0	242.0	89.0	5.0	14.0	2.0	
13.0	6185.26	2.0	402.0	403.0	648.0	245.0	42.0	3.0	4.0	1.0	
14.0	6168.95	2.0	402.0	403.0	647.0	244.0	30.0	2.0	14.0	1.0	
15.0	6153.11	2.0	402.0	403.0	647.0	244.0	88.0	5.0	4.0	3.0	
16.0	6184.17	2.0	402.0	403.0	648.0	245.0	93.0	5.0	4.0	5.0	
17.0	6132.43	2.0	402.0	403.0	646.0	243.0	72.0	4.0	11.0	2.0	
18.0	6171.16	2.0	402.0	403.0	647.0	244.0	66.0	4.0	12.0	5.0	
19.0	6236.28	2.0	402.0	403.0	649.0	246.0	71.0	4.0	11.0	3.0	
20.0	6185.43	2.0	403.0	403.0	648.0	245.0	92.0	5.0	10.0	4.0	
=====================================================================================================================================================
Reduce Status of job/thread name: wordmean after done (10 columns: reduce task #, amount of data to process, status(not_yet_started(0),running(1)/finished(2)), response time, start time, end time, latency, bin #, VM flavor #, PM #, Rack #)
=====================================================================================================================================================
1.0	4064.96	2.0	460.0	460.0	628.0	168.0	73.0	4.0	13.0	3.0	
2.0	4149.98	2.0	526.0	526.0	697.0	171.0	66.0	4.0	12.0	5.0	
3.0	4182.7	2.0	467.0	467.0	639.0	172.0	83.0	5.0	5.0	1.0	
4.0	4122.95	2.0	430.0	430.0	600.0	170.0	48.0	3.0	13.0	4.0	
5.0	4097.65	2.0	457.0	457.0	626.0	169.0	93.0	5.0	4.0	5.0	
6.0	4101.67	2.0	451.0	451.0	620.0	169.0	79.0	4.0	7.0	3.0	
7.0	4034.26	2.0	419.0	419.0	587.0	168.0	89.0	5.0	14.0	2.0	
8.0	4008.31	2.0	512.0	512.0	678.0	166.0	97.0	5.0	9.0	3.0	
9.0	4079.64	2.0	501.0	501.0	669.0	168.0	91.0	5.0	9.0	5.0	
10.0	4099.93	2.0	455.0	455.0	624.0	169.0	72.0	4.0	11.0	2.0	
11.0	4104.12	2.0	519.0	519.0	688.0	169.0	34.0	2.0	14.0	1.0	
12.0	4122.71	2.0	472.0	472.0	642.0	170.0	80.0	4.0	3.0	1.0	
13.0	4099.73	2.0	433.0	433.0	602.0	169.0	62.0	4.0	7.0	4.0	
14.0	4136.59	2.0	451.0	451.0	621.0	170.0	91.0	5.0	9.0	5.0	
15.0	3959.93	2.0	443.0	443.0	607.0	164.0	87.0	5.0	5.0	5.0	
=====================================================================================================================================================
Reduce Status of job/thread name: word std deviation after done (10 columns: reduce task #, amount of data to process, status(not_yet_started(0),running(1)/finished(2)), response time, start time, end time, latency, bin #, VM flavor #, PM #, Rack #)
=====================================================================================================================================================
1.0	14244.74	2.0	429.0	429.0	933.0	504.0	59.0	3.0	9.0	4.0	
2.0	14161.77	2.0	432.0	432.0	934.0	502.0	75.0	4.0	8.0	5.0	
3.0	14309.04	2.0	419.0	420.0	926.0	506.0	85.0	5.0	3.0	5.0	
4.0	14316.69	2.0	476.0	477.0	984.0	507.0	29.0	2.0	2.0	5.0	
5.0	14337.42	2.0	496.0	496.0	1003.0	507.0	95.0	5.0	8.0	5.0	
6.0	14359.51	2.0	518.0	518.0	1026.0	508.0	83.0	5.0	5.0	1.0	
7.0	14342.22	2.0	510.0	510.0	1018.0	508.0	97.0	5.0	9.0	3.0	
8.0	14327.28	2.0	499.0	499.0	1006.0	507.0	50.0	3.0	9.0	1.0	
9.0	14325.51	2.0	522.0	522.0	1029.0	507.0	86.0	5.0	15.0	4.0	
10.0	14325.18	2.0	450.0	450.0	957.0	507.0	79.0	4.0	7.0	3.0	
11.0	14279.04	2.0	425.0	425.0	930.0	505.0	47.0	3.0	15.0	5.0	
12.0	14413.28	2.0	430.0	430.0	940.0	510.0	68.0	4.0	5.0	3.0	
13.0	14248.1	2.0	429.0	429.0	933.0	504.0	82.0	5.0	6.0	2.0	
14.0	14240.14	2.0	471.0	471.0	975.0	504.0	73.0	4.0	13.0	3.0	
15.0	14369.04	2.0	461.0	461.0	969.0	508.0	63.0	4.0	15.0	1.0	
16.0	14357.58	2.0	525.0	525.0	1033.0	508.0	60.0	3.0	3.0	3.0	
17.0	14337.61	2.0	499.0	499.0	1006.0	507.0	80.0	4.0	3.0	1.0	
18.0	14245.96	2.0	450.0	450.0	954.0	504.0	77.0	4.0	8.0	2.0	
=====================================================================================================================================================
Reduce Status of job/thread name: kmean after done (10 columns: reduce task #, amount of data to process, status(not_yet_started(0),running(1)/finished(2)), response time, start time, end time, latency, bin #, VM flavor #, PM #, Rack #)
=====================================================================================================================================================
1.0	18392.97	2.0	564.0	564.0	1237.0	673.0	86.0	5.0	15.0	4.0	
2.0	18541.92	2.0	564.0	564.0	1242.0	678.0	96.0	5.0	15.0	3.0	
3.0	18668.45	2.0	564.0	564.0	1246.0	682.0	79.0	4.0	7.0	3.0	
4.0	18264.72	2.0	564.0	564.0	1232.0	668.0	84.0	5.0	12.0	2.0	
5.0	18427.53	2.0	564.0	564.0	1238.0	674.0	97.0	5.0	9.0	3.0	
6.0	18448.52	2.0	564.0	564.0	1238.0	674.0	65.0	4.0	11.0	2.0	
7.0	18531.54	2.0	564.0	564.0	1241.0	677.0	73.0	4.0	13.0	3.0	
8.0	18282.62	2.0	564.0	564.0	1233.0	669.0	53.0	3.0	12.0	3.0	
9.0	18435.43	2.0	564.0	564.0	1238.0	674.0	45.0	3.0	5.0	4.0	
10.0	18248.28	2.0	564.0	564.0	1232.0	668.0	78.0	4.0	8.0	1.0	
