=====================================================================================================================================================
MR App Master resource allocation  (vCPU, memory, MR_App_Master is running (1) or not running (0),  VM #, PM #, rack #) 
=====================================================================================================================================================
1.0	1.0	1.0	93.0	4.0	5.0	
1.0	1.0	1.0	76.0	6.0	4.0	
1.0	1.0	1.0	99.0	12.0	3.0	
1.0	1.0	1.0	64.0	4.0	2.0	
=====================================================================================================================================================
VM allocation matrix  after MRAM started (VM #, resource allocated to each VM (vCPU, memory, storage), resource wasted in each VM (vCPU, memory, storage), which flavour, VM in which rack, VM in which PM, number of blocks stored in a VM (each block is 0.125) )
=====================================================================================================================================================
1.0	1.0	2.0	16.5	0.0	0.0	3.5	1.0	11.0	3.0	28.0	
2.0	1.0	2.0	16.5	0.0	0.0	3.5	1.0	14.0	1.0	28.0	
3.0	1.0	2.0	16.5	0.0	0.0	3.5	1.0	6.0	4.0	28.0	
4.0	1.0	2.0	16.5	0.0	0.0	3.5	1.0	9.0	4.0	28.0	
5.0	1.0	2.0	16.5	0.0	0.0	3.5	1.0	15.0	2.0	28.0	
6.0	1.0	2.0	16.5	0.0	0.0	3.5	1.0	7.0	1.0	28.0	
7.0	1.0	2.0	16.5	0.0	0.0	3.5	1.0	11.0	1.0	28.0	
8.0	1.0	2.0	16.5	0.0	0.0	3.5	1.0	15.0	3.0	28.0	
9.0	1.0	2.0	16.5	0.0	0.0	3.5	1.0	15.0	5.0	28.0	
10.0	1.0	2.0	16.625	0.0	0.0	3.375	1.0	15.0	1.0	27.0	
11.0	1.0	2.0	16.625	0.0	0.0	3.375	1.0	4.0	4.0	27.0	
12.0	1.0	2.0	16.625	0.0	0.0	3.375	1.0	5.0	3.0	27.0	
13.0	1.0	2.0	16.625	0.0	0.0	3.375	1.0	3.0	1.0	27.0	
14.0	1.0	2.0	16.625	0.0	0.0	3.375	1.0	13.0	5.0	27.0	
15.0	1.0	2.0	16.625	0.0	0.0	3.375	1.0	11.0	1.0	27.0	
16.0	1.0	2.0	16.625	0.0	0.0	3.375	1.0	14.0	2.0	27.0	
17.0	1.0	2.0	16.625	0.0	0.0	3.375	1.0	11.0	4.0	27.0	
18.0	1.0	2.0	16.625	0.0	0.0	3.375	1.0	2.0	5.0	27.0	
19.0	1.0	2.0	16.625	0.0	0.0	3.375	1.0	13.0	4.0	27.0	
20.0	1.0	2.0	16.625	0.0	0.0	3.375	1.0	4.0	5.0	27.0	
21.0	2.0	4.0	32.875	0.0	0.0	7.125	2.0	9.0	1.0	57.0	
22.0	2.0	4.0	32.875	0.0	0.0	7.125	2.0	6.0	2.0	57.0	
23.0	2.0	4.0	32.875	0.0	0.0	7.125	2.0	7.0	3.0	57.0	
24.0	2.0	4.0	32.875	0.0	0.0	7.125	2.0	14.0	4.0	57.0	
25.0	2.0	4.0	32.875	0.0	0.0	7.125	2.0	12.0	2.0	57.0	
26.0	2.0	4.0	32.875	0.0	0.0	7.125	2.0	1.0	2.0	57.0	
27.0	2.0	4.0	32.875	0.0	0.0	7.125	2.0	13.0	4.0	57.0	
28.0	2.0	4.0	32.875	0.0	0.0	7.125	2.0	8.0	1.0	57.0	
29.0	2.0	4.0	32.875	0.0	0.0	7.125	2.0	2.0	5.0	57.0	
30.0	2.0	4.0	32.875	0.0	0.0	7.125	2.0	14.0	1.0	57.0	
31.0	2.0	4.0	32.875	0.0	0.0	7.125	2.0	8.0	1.0	57.0	
32.0	2.0	4.0	32.875	0.0	0.0	7.125	2.0	14.0	3.0	57.0	
33.0	2.0	4.0	32.875	0.0	0.0	7.125	2.0	14.0	1.0	57.0	
34.0	2.0	4.0	32.875	0.0	0.0	7.125	2.0	14.0	1.0	57.0	
35.0	2.0	4.0	32.875	0.0	0.0	7.125	2.0	10.0	5.0	57.0	
36.0	2.0	4.0	32.875	0.0	0.0	7.125	2.0	15.0	4.0	57.0	
37.0	2.0	4.0	32.875	0.0	0.0	7.125	2.0	5.0	2.0	57.0	
38.0	2.0	4.0	32.875	0.0	0.0	7.125	2.0	5.0	5.0	57.0	
39.0	2.0	4.0	32.875	0.0	0.0	7.125	2.0	14.0	2.0	57.0	
40.0	2.0	4.0	32.875	0.0	0.0	7.125	2.0	11.0	3.0	57.0	
41.0	4.0	8.0	65.75	0.0	0.0	14.25	3.0	15.0	4.0	114.0	
42.0	4.0	8.0	65.75	0.0	0.0	14.25	3.0	4.0	1.0	114.0	
43.0	4.0	8.0	65.75	0.0	0.0	14.25	3.0	13.0	1.0	114.0	
44.0	4.0	8.0	65.75	0.0	0.0	14.25	3.0	3.0	5.0	114.0	
45.0	4.0	8.0	65.75	0.0	0.0	14.25	3.0	5.0	4.0	114.0	
46.0	4.0	8.0	65.75	0.0	0.0	14.25	3.0	14.0	3.0	114.0	
47.0	4.0	8.0	65.75	0.0	0.0	14.25	3.0	15.0	5.0	114.0	
48.0	4.0	8.0	65.75	0.0	0.0	14.25	3.0	13.0	4.0	114.0	
49.0	4.0	8.0	65.75	0.0	0.0	14.25	3.0	12.0	1.0	114.0	
50.0	4.0	8.0	65.75	0.0	0.0	14.25	3.0	9.0	1.0	114.0	
51.0	4.0	8.0	65.75	0.0	0.0	14.25	3.0	2.0	3.0	114.0	
52.0	4.0	8.0	65.75	0.0	0.0	14.25	3.0	4.0	3.0	114.0	
53.0	4.0	8.0	65.75	0.0	0.0	14.25	3.0	12.0	3.0	114.0	
54.0	4.0	8.0	65.75	0.0	0.0	14.25	3.0	10.0	5.0	114.0	
55.0	4.0	8.0	65.875	0.0	0.0	14.125	3.0	6.0	4.0	113.0	
56.0	4.0	8.0	65.875	0.0	0.0	14.125	3.0	13.0	5.0	113.0	
57.0	4.0	8.0	65.875	0.0	0.0	14.125	3.0	14.0	3.0	113.0	
58.0	4.0	8.0	65.875	0.0	0.0	14.125	3.0	11.0	4.0	113.0	
59.0	4.0	8.0	65.875	0.0	0.0	14.125	3.0	9.0	4.0	113.0	
60.0	4.0	8.0	65.875	0.0	0.0	14.125	3.0	3.0	3.0	113.0	
61.0	8.0	16.0	131.5	0.0	0.0	28.5	4.0	12.0	4.0	228.0	
62.0	8.0	16.0	131.5	0.0	0.0	28.5	4.0	7.0	4.0	228.0	
63.0	8.0	16.0	131.5	0.0	0.0	28.5	4.0	15.0	1.0	228.0	
64.0	7.0	15.0	131.5	1.0	1.0	28.5	4.0	4.0	2.0	228.0	
65.0	8.0	16.0	131.5	0.0	0.0	28.5	4.0	11.0	2.0	228.0	
66.0	8.0	16.0	131.5	0.0	0.0	28.5	4.0	12.0	5.0	228.0	
67.0	8.0	16.0	131.5	0.0	0.0	28.5	4.0	3.0	3.0	228.0	
68.0	8.0	16.0	131.5	0.0	0.0	28.5	4.0	5.0	3.0	228.0	
69.0	8.0	16.0	131.625	0.0	0.0	28.375	4.0	12.0	2.0	227.0	
70.0	8.0	16.0	131.625	0.0	0.0	28.375	4.0	11.0	5.0	227.0	
71.0	8.0	16.0	131.625	0.0	0.0	28.375	4.0	11.0	3.0	227.0	
72.0	8.0	16.0	131.625	0.0	0.0	28.375	4.0	11.0	2.0	227.0	
73.0	8.0	16.0	131.625	0.0	0.0	28.375	4.0	13.0	3.0	227.0	
74.0	8.0	16.0	131.625	0.0	0.0	28.375	4.0	1.0	3.0	227.0	
75.0	8.0	16.0	131.625	0.0	0.0	28.375	4.0	8.0	5.0	227.0	
76.0	7.0	15.0	131.625	1.0	1.0	28.375	4.0	6.0	4.0	227.0	
77.0	8.0	16.0	131.625	0.0	0.0	28.375	4.0	8.0	2.0	227.0	
78.0	8.0	16.0	131.625	0.0	0.0	28.375	4.0	8.0	1.0	227.0	
79.0	8.0	16.0	131.625	0.0	0.0	28.375	4.0	7.0	3.0	227.0	
80.0	8.0	16.0	131.625	0.0	0.0	28.375	4.0	3.0	1.0	227.0	
81.0	12.0	24.0	207.125	0.0	0.0	42.875	5.0	3.0	4.0	343.0	
82.0	12.0	24.0	207.125	0.0	0.0	42.875	5.0	6.0	2.0	343.0	
83.0	12.0	24.0	207.125	0.0	0.0	42.875	5.0	5.0	1.0	343.0	
84.0	12.0	24.0	207.125	0.0	0.0	42.875	5.0	12.0	2.0	343.0	
85.0	12.0	24.0	207.125	0.0	0.0	42.875	5.0	3.0	5.0	343.0	
86.0	12.0	24.0	207.125	0.0	0.0	42.875	5.0	15.0	4.0	343.0	
87.0	12.0	24.0	207.125	0.0	0.0	42.875	5.0	5.0	5.0	343.0	
88.0	12.0	24.0	207.125	0.0	0.0	42.875	5.0	4.0	3.0	343.0	
89.0	12.0	24.0	207.125	0.0	0.0	42.875	5.0	14.0	2.0	343.0	
90.0	12.0	24.0	207.25	0.0	0.0	42.75	5.0	4.0	1.0	342.0	
91.0	12.0	24.0	207.25	0.0	0.0	42.75	5.0	9.0	5.0	342.0	
92.0	12.0	24.0	207.25	0.0	0.0	42.75	5.0	10.0	4.0	342.0	
93.0	11.0	23.0	207.25	1.0	1.0	42.75	5.0	4.0	5.0	342.0	
94.0	12.0	24.0	207.25	0.0	0.0	42.75	5.0	13.0	1.0	342.0	
95.0	12.0	24.0	207.25	0.0	0.0	42.75	5.0	8.0	5.0	342.0	
96.0	12.0	24.0	207.25	0.0	0.0	42.75	5.0	15.0	3.0	342.0	
97.0	12.0	24.0	207.25	0.0	0.0	42.75	5.0	9.0	3.0	342.0	
98.0	12.0	24.0	207.25	0.0	0.0	42.75	5.0	15.0	2.0	342.0	
99.0	11.0	23.0	207.25	1.0	1.0	42.75	5.0	12.0	3.0	342.0	
100.0	12.0	24.0	207.25	0.0	0.0	42.75	5.0	14.0	1.0	342.0	
=====================================================================================================================================================
after 1 commit, VM matrix is (VM #, resource allocated to each VM (vCPU, memory, storage), resource used in each VM (vCPU, memory, storage), which flavour, VM in which PM, and VM in which rack, # blocks stored (each block is 0.125))
=====================================================================================================================================================
1.0	0.0	0.0	16.5	1.0	2.0	3.5	1.0	11.0	3.0	28.0	
2.0	0.0	0.0	16.5	1.0	2.0	3.5	1.0	14.0	1.0	28.0	
3.0	0.0	0.0	16.5	1.0	2.0	3.5	1.0	6.0	4.0	28.0	
4.0	0.0	0.0	16.5	1.0	2.0	3.5	1.0	9.0	4.0	28.0	
5.0	0.0	0.0	16.5	1.0	2.0	3.5	1.0	15.0	2.0	28.0	
6.0	0.0	0.0	16.5	1.0	2.0	3.5	1.0	7.0	1.0	28.0	
7.0	0.0	0.0	16.5	1.0	2.0	3.5	1.0	11.0	1.0	28.0	
8.0	0.0	0.0	16.5	1.0	2.0	3.5	1.0	15.0	3.0	28.0	
9.0	0.0	0.0	16.5	1.0	2.0	3.5	1.0	15.0	5.0	28.0	
10.0	0.0	0.0	16.625	1.0	2.0	3.375	1.0	15.0	1.0	27.0	
11.0	0.0	0.0	16.625	1.0	2.0	3.375	1.0	4.0	4.0	27.0	
12.0	0.0	0.0	16.625	1.0	2.0	3.375	1.0	5.0	3.0	27.0	
13.0	0.0	0.0	16.625	1.0	2.0	3.375	1.0	3.0	1.0	27.0	
14.0	0.0	0.0	16.625	1.0	2.0	3.375	1.0	13.0	5.0	27.0	
15.0	0.0	0.0	16.625	1.0	2.0	3.375	1.0	11.0	1.0	27.0	
16.0	0.0	0.0	16.625	1.0	2.0	3.375	1.0	14.0	2.0	27.0	
17.0	0.0	0.0	16.625	1.0	2.0	3.375	1.0	11.0	4.0	27.0	
18.0	0.0	0.0	16.625	1.0	2.0	3.375	1.0	2.0	5.0	27.0	
19.0	0.0	0.0	16.625	1.0	2.0	3.375	1.0	13.0	4.0	27.0	
20.0	0.0	0.0	16.625	1.0	2.0	3.375	1.0	4.0	5.0	27.0	
21.0	0.0	0.0	32.875	2.0	4.0	7.125	2.0	9.0	1.0	57.0	
22.0	0.0	0.0	32.875	2.0	4.0	7.125	2.0	6.0	2.0	57.0	
23.0	0.0	0.0	32.875	2.0	4.0	7.125	2.0	7.0	3.0	57.0	
24.0	0.0	0.0	32.875	2.0	4.0	7.125	2.0	14.0	4.0	57.0	
25.0	0.0	0.0	32.875	2.0	4.0	7.125	2.0	12.0	2.0	57.0	
26.0	0.0	0.0	32.875	2.0	4.0	7.125	2.0	1.0	2.0	57.0	
27.0	0.0	0.0	32.875	2.0	4.0	7.125	2.0	13.0	4.0	57.0	
28.0	0.0	0.0	32.875	2.0	4.0	7.125	2.0	8.0	1.0	57.0	
29.0	0.0	0.0	32.875	2.0	4.0	7.125	2.0	2.0	5.0	57.0	
30.0	0.0	0.0	32.875	2.0	4.0	7.125	2.0	14.0	1.0	57.0	
31.0	0.0	0.0	32.875	2.0	4.0	7.125	2.0	8.0	1.0	57.0	
32.0	0.0	0.0	32.875	2.0	4.0	7.125	2.0	14.0	3.0	57.0	
33.0	0.0	0.0	32.875	2.0	4.0	7.125	2.0	14.0	1.0	57.0	
34.0	0.0	0.0	32.875	2.0	4.0	7.125	2.0	14.0	1.0	57.0	
35.0	0.0	0.0	32.875	2.0	4.0	7.125	2.0	10.0	5.0	57.0	
36.0	0.0	0.0	32.875	2.0	4.0	7.125	2.0	15.0	4.0	57.0	
37.0	0.0	0.0	32.875	2.0	4.0	7.125	2.0	5.0	2.0	57.0	
38.0	0.0	0.0	32.875	2.0	4.0	7.125	2.0	5.0	5.0	57.0	
39.0	0.0	0.0	32.875	2.0	4.0	7.125	2.0	14.0	2.0	57.0	
40.0	0.0	0.0	32.875	2.0	4.0	7.125	2.0	11.0	3.0	57.0	
41.0	0.0	0.0	65.75	4.0	8.0	14.25	3.0	15.0	4.0	114.0	
42.0	0.0	0.0	65.75	4.0	8.0	14.25	3.0	4.0	1.0	114.0	
43.0	0.0	0.0	65.75	4.0	8.0	14.25	3.0	13.0	1.0	114.0	
44.0	0.0	0.0	65.75	4.0	8.0	14.25	3.0	3.0	5.0	114.0	
45.0	0.0	0.0	65.75	4.0	8.0	14.25	3.0	5.0	4.0	114.0	
46.0	0.0	0.0	65.75	4.0	8.0	14.25	3.0	14.0	3.0	114.0	
47.0	0.0	0.0	65.75	4.0	8.0	14.25	3.0	15.0	5.0	114.0	
48.0	0.0	0.0	65.75	4.0	8.0	14.25	3.0	13.0	4.0	114.0	
49.0	0.0	0.0	65.75	4.0	8.0	14.25	3.0	12.0	1.0	114.0	
50.0	0.0	0.0	65.75	4.0	8.0	14.25	3.0	9.0	1.0	114.0	
51.0	0.0	0.0	65.75	4.0	8.0	14.25	3.0	2.0	3.0	114.0	
52.0	0.0	0.0	65.75	4.0	8.0	14.25	3.0	4.0	3.0	114.0	
53.0	0.0	0.0	65.75	4.0	8.0	14.25	3.0	12.0	3.0	114.0	
54.0	0.0	0.0	65.75	4.0	8.0	14.25	3.0	10.0	5.0	114.0	
55.0	0.0	0.0	65.875	4.0	8.0	14.125	3.0	6.0	4.0	113.0	
56.0	0.0	0.0	65.875	4.0	8.0	14.125	3.0	13.0	5.0	113.0	
57.0	0.0	0.0	65.875	4.0	8.0	14.125	3.0	14.0	3.0	113.0	
58.0	0.0	0.0	65.875	4.0	8.0	14.125	3.0	11.0	4.0	113.0	
59.0	0.0	0.0	65.875	4.0	8.0	14.125	3.0	9.0	4.0	113.0	
60.0	0.0	0.0	65.875	4.0	8.0	14.125	3.0	3.0	3.0	113.0	
61.0	0.0	0.0	131.5	8.0	16.0	28.5	4.0	12.0	4.0	228.0	
62.0	0.0	0.0	131.5	8.0	16.0	28.5	4.0	7.0	4.0	228.0	
63.0	0.0	0.0	131.5	8.0	16.0	28.5	4.0	15.0	1.0	228.0	
64.0	0.0	1.0	131.5	8.0	15.0	28.5	4.0	4.0	2.0	228.0	
65.0	0.0	0.0	131.5	8.0	16.0	28.5	4.0	11.0	2.0	228.0	
66.0	0.0	0.0	131.5	8.0	16.0	28.5	4.0	12.0	5.0	228.0	
67.0	0.0	0.0	131.5	8.0	16.0	28.5	4.0	3.0	3.0	228.0	
68.0	0.0	0.0	131.5	8.0	16.0	28.5	4.0	5.0	3.0	228.0	
69.0	0.0	0.0	131.625	8.0	16.0	28.375	4.0	12.0	2.0	227.0	
70.0	0.0	0.0	131.625	8.0	16.0	28.375	4.0	11.0	5.0	227.0	
71.0	0.0	0.0	131.625	8.0	16.0	28.375	4.0	11.0	3.0	227.0	
72.0	0.0	0.0	131.625	8.0	16.0	28.375	4.0	11.0	2.0	227.0	
73.0	0.0	0.0	131.625	8.0	16.0	28.375	4.0	13.0	3.0	227.0	
74.0	0.0	0.0	131.625	8.0	16.0	28.375	4.0	1.0	3.0	227.0	
75.0	0.0	0.0	131.625	8.0	16.0	28.375	4.0	8.0	5.0	227.0	
76.0	0.0	1.0	131.625	8.0	15.0	28.375	4.0	6.0	4.0	227.0	
77.0	0.0	0.0	131.625	8.0	16.0	28.375	4.0	8.0	2.0	227.0	
78.0	0.0	0.0	131.625	8.0	16.0	28.375	4.0	8.0	1.0	227.0	
79.0	0.0	0.0	131.625	8.0	16.0	28.375	4.0	7.0	3.0	227.0	
80.0	0.0	0.0	131.625	8.0	16.0	28.375	4.0	3.0	1.0	227.0	
81.0	0.0	0.0	207.125	12.0	24.0	42.875	5.0	3.0	4.0	343.0	
82.0	0.0	0.0	207.125	12.0	24.0	42.875	5.0	6.0	2.0	343.0	
83.0	0.0	0.0	207.125	12.0	24.0	42.875	5.0	5.0	1.0	343.0	
84.0	0.0	0.0	207.125	12.0	24.0	42.875	5.0	12.0	2.0	343.0	
85.0	0.0	0.0	207.125	12.0	24.0	42.875	5.0	3.0	5.0	343.0	
86.0	0.0	0.0	207.125	12.0	24.0	42.875	5.0	15.0	4.0	343.0	
87.0	0.0	0.0	207.125	12.0	24.0	42.875	5.0	5.0	5.0	343.0	
88.0	0.0	0.0	207.125	12.0	24.0	42.875	5.0	4.0	3.0	343.0	
89.0	0.0	0.0	207.125	12.0	24.0	42.875	5.0	14.0	2.0	343.0	
90.0	0.0	0.0	207.25	12.0	24.0	42.75	5.0	4.0	1.0	342.0	
91.0	0.0	0.0	207.25	12.0	24.0	42.75	5.0	9.0	5.0	342.0	
92.0	0.0	0.0	207.25	12.0	24.0	42.75	5.0	10.0	4.0	342.0	
93.0	0.0	1.0	207.25	12.0	23.0	42.75	5.0	4.0	5.0	342.0	
94.0	0.0	0.0	207.25	12.0	24.0	42.75	5.0	13.0	1.0	342.0	
95.0	0.0	0.0	207.25	12.0	24.0	42.75	5.0	8.0	5.0	342.0	
96.0	0.0	0.0	207.25	12.0	24.0	42.75	5.0	15.0	3.0	342.0	
97.0	0.0	0.0	207.25	12.0	24.0	42.75	5.0	9.0	3.0	342.0	
98.0	0.0	0.0	207.25	12.0	24.0	42.75	5.0	15.0	2.0	342.0	
99.0	0.0	1.0	207.25	12.0	23.0	42.75	5.0	12.0	3.0	342.0	
100.0	0.0	0.0	207.25	12.0	24.0	42.75	5.0	14.0	1.0	342.0	
=====================================================================================================================================================
after 2 commit, VM matrix is (VM #, resource allocated to each VM (vCPU, memory, storage), resource used in each VM (vCPU, memory, storage), which flavour, VM in which PM, and VM in which rack, # blocks stored (each block is 0.125))
=====================================================================================================================================================
1.0	0.0	0.0	16.5	1.0	2.0	3.5	1.0	11.0	3.0	28.0	
2.0	0.0	0.0	16.5	1.0	2.0	3.5	1.0	14.0	1.0	28.0	
3.0	0.0	0.0	16.5	1.0	2.0	3.5	1.0	6.0	4.0	28.0	
4.0	0.0	0.0	16.5	1.0	2.0	3.5	1.0	9.0	4.0	28.0	
5.0	0.0	0.0	16.5	1.0	2.0	3.5	1.0	15.0	2.0	28.0	
6.0	0.0	0.0	16.5	1.0	2.0	3.5	1.0	7.0	1.0	28.0	
7.0	0.0	0.0	16.5	1.0	2.0	3.5	1.0	11.0	1.0	28.0	
8.0	0.0	0.0	16.5	1.0	2.0	3.5	1.0	15.0	3.0	28.0	
9.0	0.0	0.0	16.5	1.0	2.0	3.5	1.0	15.0	5.0	28.0	
10.0	0.0	0.0	16.625	1.0	2.0	3.375	1.0	15.0	1.0	27.0	
11.0	0.0	0.0	16.625	1.0	2.0	3.375	1.0	4.0	4.0	27.0	
12.0	0.0	0.0	16.625	1.0	2.0	3.375	1.0	5.0	3.0	27.0	
13.0	0.0	0.0	16.625	1.0	2.0	3.375	1.0	3.0	1.0	27.0	
14.0	0.0	0.0	16.625	1.0	2.0	3.375	1.0	13.0	5.0	27.0	
15.0	0.0	0.0	16.625	1.0	2.0	3.375	1.0	11.0	1.0	27.0	
16.0	0.0	0.0	16.625	1.0	2.0	3.375	1.0	14.0	2.0	27.0	
17.0	0.0	0.0	16.625	1.0	2.0	3.375	1.0	11.0	4.0	27.0	
18.0	0.0	0.0	16.625	1.0	2.0	3.375	1.0	2.0	5.0	27.0	
19.0	0.0	0.0	16.625	1.0	2.0	3.375	1.0	13.0	4.0	27.0	
20.0	0.0	0.0	16.625	1.0	2.0	3.375	1.0	4.0	5.0	27.0	
21.0	0.0	0.0	32.875	2.0	4.0	7.125	2.0	9.0	1.0	57.0	
22.0	0.0	0.0	32.875	2.0	4.0	7.125	2.0	6.0	2.0	57.0	
23.0	0.0	0.0	32.875	2.0	4.0	7.125	2.0	7.0	3.0	57.0	
24.0	0.0	0.0	32.875	2.0	4.0	7.125	2.0	14.0	4.0	57.0	
25.0	0.0	0.0	32.875	2.0	4.0	7.125	2.0	12.0	2.0	57.0	
26.0	0.0	0.0	32.875	2.0	4.0	7.125	2.0	1.0	2.0	57.0	
27.0	0.0	0.0	32.875	2.0	4.0	7.125	2.0	13.0	4.0	57.0	
28.0	0.0	0.0	32.875	2.0	4.0	7.125	2.0	8.0	1.0	57.0	
29.0	0.0	0.0	32.875	2.0	4.0	7.125	2.0	2.0	5.0	57.0	
30.0	0.0	0.0	32.875	2.0	4.0	7.125	2.0	14.0	1.0	57.0	
31.0	0.0	0.0	32.875	2.0	4.0	7.125	2.0	8.0	1.0	57.0	
32.0	0.0	0.0	32.875	2.0	4.0	7.125	2.0	14.0	3.0	57.0	
33.0	0.0	0.0	32.875	2.0	4.0	7.125	2.0	14.0	1.0	57.0	
34.0	0.0	0.0	32.875	2.0	4.0	7.125	2.0	14.0	1.0	57.0	
35.0	0.0	0.0	32.875	2.0	4.0	7.125	2.0	10.0	5.0	57.0	
36.0	0.0	0.0	32.875	2.0	4.0	7.125	2.0	15.0	4.0	57.0	
37.0	0.0	0.0	32.875	2.0	4.0	7.125	2.0	5.0	2.0	57.0	
38.0	0.0	0.0	32.875	2.0	4.0	7.125	2.0	5.0	5.0	57.0	
39.0	0.0	0.0	32.875	2.0	4.0	7.125	2.0	14.0	2.0	57.0	
40.0	0.0	0.0	32.875	2.0	4.0	7.125	2.0	11.0	3.0	57.0	
41.0	0.0	0.0	65.75	4.0	8.0	14.25	3.0	15.0	4.0	114.0	
42.0	0.0	0.0	65.75	4.0	8.0	14.25	3.0	4.0	1.0	114.0	
43.0	0.0	0.0	65.75	4.0	8.0	14.25	3.0	13.0	1.0	114.0	
44.0	0.0	0.0	65.75	4.0	8.0	14.25	3.0	3.0	5.0	114.0	
45.0	0.0	0.0	65.75	4.0	8.0	14.25	3.0	5.0	4.0	114.0	
46.0	0.0	0.0	65.75	4.0	8.0	14.25	3.0	14.0	3.0	114.0	
47.0	0.0	0.0	65.75	4.0	8.0	14.25	3.0	15.0	5.0	114.0	
48.0	0.0	0.0	65.75	4.0	8.0	14.25	3.0	13.0	4.0	114.0	
49.0	0.0	0.0	65.75	4.0	8.0	14.25	3.0	12.0	1.0	114.0	
50.0	0.0	0.0	65.75	4.0	8.0	14.25	3.0	9.0	1.0	114.0	
51.0	0.0	0.0	65.75	4.0	8.0	14.25	3.0	2.0	3.0	114.0	
52.0	0.0	0.0	65.75	4.0	8.0	14.25	3.0	4.0	3.0	114.0	
53.0	0.0	0.0	65.75	4.0	8.0	14.25	3.0	12.0	3.0	114.0	
54.0	0.0	0.0	65.75	4.0	8.0	14.25	3.0	10.0	5.0	114.0	
55.0	0.0	0.0	65.875	4.0	8.0	14.125	3.0	6.0	4.0	113.0	
56.0	0.0	0.0	65.875	4.0	8.0	14.125	3.0	13.0	5.0	113.0	
57.0	0.0	0.0	65.875	4.0	8.0	14.125	3.0	14.0	3.0	113.0	
58.0	0.0	0.0	65.875	4.0	8.0	14.125	3.0	11.0	4.0	113.0	
59.0	0.0	0.0	65.875	4.0	8.0	14.125	3.0	9.0	4.0	113.0	
60.0	0.0	0.0	65.875	4.0	8.0	14.125	3.0	3.0	3.0	113.0	
61.0	0.0	0.0	131.5	8.0	16.0	28.5	4.0	12.0	4.0	228.0	
62.0	0.0	0.0	131.5	8.0	16.0	28.5	4.0	7.0	4.0	228.0	
63.0	0.0	0.0	131.5	8.0	16.0	28.5	4.0	15.0	1.0	228.0	
64.0	0.0	1.0	131.5	8.0	15.0	28.5	4.0	4.0	2.0	228.0	
65.0	0.0	0.0	131.5	8.0	16.0	28.5	4.0	11.0	2.0	228.0	
66.0	0.0	0.0	131.5	8.0	16.0	28.5	4.0	12.0	5.0	228.0	
67.0	0.0	0.0	131.5	8.0	16.0	28.5	4.0	3.0	3.0	228.0	
68.0	0.0	0.0	131.5	8.0	16.0	28.5	4.0	5.0	3.0	228.0	
69.0	0.0	0.0	131.625	8.0	16.0	28.375	4.0	12.0	2.0	227.0	
70.0	0.0	0.0	131.625	8.0	16.0	28.375	4.0	11.0	5.0	227.0	
71.0	0.0	0.0	131.625	8.0	16.0	28.375	4.0	11.0	3.0	227.0	
72.0	0.0	0.0	131.625	8.0	16.0	28.375	4.0	11.0	2.0	227.0	
73.0	0.0	0.0	131.625	8.0	16.0	28.375	4.0	13.0	3.0	227.0	
74.0	0.0	0.0	131.625	8.0	16.0	28.375	4.0	1.0	3.0	227.0	
75.0	0.0	0.0	131.625	8.0	16.0	28.375	4.0	8.0	5.0	227.0	
76.0	0.0	1.0	131.625	8.0	15.0	28.375	4.0	6.0	4.0	227.0	
77.0	0.0	0.0	131.625	8.0	16.0	28.375	4.0	8.0	2.0	227.0	
78.0	0.0	0.0	131.625	8.0	16.0	28.375	4.0	8.0	1.0	227.0	
79.0	0.0	0.0	131.625	8.0	16.0	28.375	4.0	7.0	3.0	227.0	
80.0	0.0	0.0	131.625	8.0	16.0	28.375	4.0	3.0	1.0	227.0	
81.0	0.0	0.0	207.125	12.0	24.0	42.875	5.0	3.0	4.0	343.0	
82.0	0.0	0.0	207.125	12.0	24.0	42.875	5.0	6.0	2.0	343.0	
83.0	0.0	0.0	207.125	12.0	24.0	42.875	5.0	5.0	1.0	343.0	
84.0	0.0	0.0	207.125	12.0	24.0	42.875	5.0	12.0	2.0	343.0	
85.0	0.0	0.0	207.125	12.0	24.0	42.875	5.0	3.0	5.0	343.0	
86.0	0.0	0.0	207.125	12.0	24.0	42.875	5.0	15.0	4.0	343.0	
87.0	0.0	0.0	207.125	12.0	24.0	42.875	5.0	5.0	5.0	343.0	
88.0	0.0	0.0	207.125	12.0	24.0	42.875	5.0	4.0	3.0	343.0	
89.0	0.0	0.0	207.125	12.0	24.0	42.875	5.0	14.0	2.0	343.0	
90.0	0.0	0.0	207.25	12.0	24.0	42.75	5.0	4.0	1.0	342.0	
91.0	0.0	0.0	207.25	12.0	24.0	42.75	5.0	9.0	5.0	342.0	
92.0	0.0	0.0	207.25	12.0	24.0	42.75	5.0	10.0	4.0	342.0	
93.0	0.0	1.0	207.25	12.0	23.0	42.75	5.0	4.0	5.0	342.0	
94.0	0.0	0.0	207.25	12.0	24.0	42.75	5.0	13.0	1.0	342.0	
95.0	0.0	0.0	207.25	12.0	24.0	42.75	5.0	8.0	5.0	342.0	
96.0	0.0	0.0	207.25	12.0	24.0	42.75	5.0	15.0	3.0	342.0	
97.0	0.0	0.0	207.25	12.0	24.0	42.75	5.0	9.0	3.0	342.0	
98.0	0.0	0.0	207.25	12.0	24.0	42.75	5.0	15.0	2.0	342.0	
99.0	0.0	1.0	207.25	12.0	23.0	42.75	5.0	12.0	3.0	342.0	
100.0	0.0	0.0	207.25	12.0	24.0	42.75	5.0	14.0	1.0	342.0	
=====================================================================================================================================================
after 3 commit, VM matrix is (VM #, resource allocated to each VM (vCPU, memory, storage), resource used in each VM (vCPU, memory, storage), which flavour, VM in which PM, and VM in which rack, # blocks stored (each block is 0.125))
=====================================================================================================================================================
1.0	0.0	0.0	16.5	1.0	2.0	3.5	1.0	11.0	3.0	28.0	
2.0	0.0	0.0	16.5	1.0	2.0	3.5	1.0	14.0	1.0	28.0	
3.0	0.0	0.5	16.5	1.0	1.5	3.5	1.0	6.0	4.0	28.0	
4.0	0.0	0.0	16.5	1.0	2.0	3.5	1.0	9.0	4.0	28.0	
5.0	0.0	0.0	16.5	1.0	2.0	3.5	1.0	15.0	2.0	28.0	
6.0	0.0	0.0	16.5	1.0	2.0	3.5	1.0	7.0	1.0	28.0	
7.0	0.0	0.0	16.5	1.0	2.0	3.5	1.0	11.0	1.0	28.0	
8.0	0.0	0.0	16.5	1.0	2.0	3.5	1.0	15.0	3.0	28.0	
9.0	0.0	0.0	16.5	1.0	2.0	3.5	1.0	15.0	5.0	28.0	
10.0	0.0	0.0	16.625	1.0	2.0	3.375	1.0	15.0	1.0	27.0	
11.0	0.0	0.0	16.625	1.0	2.0	3.375	1.0	4.0	4.0	27.0	
12.0	0.0	0.0	16.625	1.0	2.0	3.375	1.0	5.0	3.0	27.0	
13.0	0.0	0.5	16.625	1.0	1.5	3.375	1.0	3.0	1.0	27.0	
14.0	0.0	0.0	16.625	1.0	2.0	3.375	1.0	13.0	5.0	27.0	
15.0	0.0	0.0	16.625	1.0	2.0	3.375	1.0	11.0	1.0	27.0	
16.0	0.0	0.5	16.625	1.0	1.5	3.375	1.0	14.0	2.0	27.0	
17.0	0.0	0.0	16.625	1.0	2.0	3.375	1.0	11.0	4.0	27.0	
18.0	0.0	0.0	16.625	1.0	2.0	3.375	1.0	2.0	5.0	27.0	
19.0	0.0	0.0	16.625	1.0	2.0	3.375	1.0	13.0	4.0	27.0	
20.0	0.0	0.0	16.625	1.0	2.0	3.375	1.0	4.0	5.0	27.0	
21.0	0.0	0.0	32.875	2.0	4.0	7.125	2.0	9.0	1.0	57.0	
22.0	0.0	1.0	32.875	2.0	3.0	7.125	2.0	6.0	2.0	57.0	
23.0	0.0	1.0	32.875	2.0	3.0	7.125	2.0	7.0	3.0	57.0	
24.0	0.0	0.0	32.875	2.0	4.0	7.125	2.0	14.0	4.0	57.0	
25.0	0.0	0.0	32.875	2.0	4.0	7.125	2.0	12.0	2.0	57.0	
26.0	0.0	1.0	32.875	2.0	3.0	7.125	2.0	1.0	2.0	57.0	
27.0	0.0	0.5	32.875	2.0	3.5	7.125	2.0	13.0	4.0	57.0	
28.0	0.0	0.0	32.875	2.0	4.0	7.125	2.0	8.0	1.0	57.0	
29.0	0.0	0.0	32.875	2.0	4.0	7.125	2.0	2.0	5.0	57.0	
30.0	0.0	0.5	32.875	2.0	3.5	7.125	2.0	14.0	1.0	57.0	
31.0	0.0	1.0	32.875	2.0	3.0	7.125	2.0	8.0	1.0	57.0	
32.0	0.0	1.0	32.875	2.0	3.0	7.125	2.0	14.0	3.0	57.0	
33.0	0.0	0.5	32.875	2.0	3.5	7.125	2.0	14.0	1.0	57.0	
34.0	0.0	0.0	32.875	2.0	4.0	7.125	2.0	14.0	1.0	57.0	
35.0	0.0	1.0	32.875	2.0	3.0	7.125	2.0	10.0	5.0	57.0	
36.0	0.0	0.5	32.875	2.0	3.5	7.125	2.0	15.0	4.0	57.0	
37.0	0.0	0.0	32.875	2.0	4.0	7.125	2.0	5.0	2.0	57.0	
38.0	0.0	0.0	32.875	2.0	4.0	7.125	2.0	5.0	5.0	57.0	
39.0	0.0	0.0	32.875	2.0	4.0	7.125	2.0	14.0	2.0	57.0	
40.0	0.0	1.0	32.875	2.0	3.0	7.125	2.0	11.0	3.0	57.0	
41.0	0.0	0.0	65.75	4.0	8.0	14.25	3.0	15.0	4.0	114.0	
42.0	0.0	2.0	65.75	4.0	6.0	14.25	3.0	4.0	1.0	114.0	
43.0	0.0	0.5	65.75	4.0	7.5	14.25	3.0	13.0	1.0	114.0	
44.0	0.0	0.5	65.75	4.0	7.5	14.25	3.0	3.0	5.0	114.0	
45.0	0.0	1.0	65.75	4.0	7.0	14.25	3.0	5.0	4.0	114.0	
46.0	0.0	2.0	65.75	4.0	6.0	14.25	3.0	14.0	3.0	114.0	
47.0	0.0	1.5	65.75	4.0	6.5	14.25	3.0	15.0	5.0	114.0	
48.0	0.0	1.0	65.75	4.0	7.0	14.25	3.0	13.0	4.0	114.0	
49.0	0.0	2.0	65.75	4.0	6.0	14.25	3.0	12.0	1.0	114.0	
50.0	0.0	1.0	65.75	4.0	7.0	14.25	3.0	9.0	1.0	114.0	
51.0	0.0	1.0	65.75	4.0	7.0	14.25	3.0	2.0	3.0	114.0	
52.0	0.0	1.5	65.75	4.0	6.5	14.25	3.0	4.0	3.0	114.0	
53.0	0.0	1.0	65.75	4.0	7.0	14.25	3.0	12.0	3.0	114.0	
54.0	0.0	0.5	65.75	4.0	7.5	14.25	3.0	10.0	5.0	114.0	
55.0	0.0	1.5	65.875	4.0	6.5	14.125	3.0	6.0	4.0	113.0	
56.0	0.0	1.0	65.875	4.0	7.0	14.125	3.0	13.0	5.0	113.0	
57.0	0.0	1.0	65.875	4.0	7.0	14.125	3.0	14.0	3.0	113.0	
58.0	0.0	1.5	65.875	4.0	6.5	14.125	3.0	11.0	4.0	113.0	
59.0	0.0	1.5	65.875	4.0	6.5	14.125	3.0	9.0	4.0	113.0	
60.0	0.0	1.0	65.875	4.0	7.0	14.125	3.0	3.0	3.0	113.0	
61.0	0.0	2.5	131.5	8.0	13.5	28.5	4.0	12.0	4.0	228.0	
62.0	0.0	4.0	131.5	8.0	12.0	28.5	4.0	7.0	4.0	228.0	
63.0	0.0	3.5	131.5	8.0	12.5	28.5	4.0	15.0	1.0	228.0	
64.0	0.0	4.0	131.5	8.0	12.0	28.5	4.0	4.0	2.0	228.0	
65.0	0.0	3.5	131.5	8.0	12.5	28.5	4.0	11.0	2.0	228.0	
66.0	0.0	4.0	131.5	8.0	12.0	28.5	4.0	12.0	5.0	228.0	
67.0	0.0	4.0	131.5	8.0	12.0	28.5	4.0	3.0	3.0	228.0	
68.0	0.0	3.5	131.5	8.0	12.5	28.5	4.0	5.0	3.0	228.0	
69.0	0.0	1.5	131.625	8.0	14.5	28.375	4.0	12.0	2.0	227.0	
70.0	0.0	3.0	131.625	8.0	13.0	28.375	4.0	11.0	5.0	227.0	
71.0	0.0	3.5	131.625	8.0	12.5	28.375	4.0	11.0	3.0	227.0	
72.0	0.0	2.0	131.625	8.0	14.0	28.375	4.0	11.0	2.0	227.0	
73.0	0.0	4.0	131.625	8.0	12.0	28.375	4.0	13.0	3.0	227.0	
74.0	0.0	3.5	131.625	8.0	12.5	28.375	4.0	1.0	3.0	227.0	
75.0	0.0	4.0	131.625	8.0	12.0	28.375	4.0	8.0	5.0	227.0	
76.0	0.0	4.0	131.625	8.0	12.0	28.375	4.0	6.0	4.0	227.0	
77.0	0.0	3.5	131.625	8.0	12.5	28.375	4.0	8.0	2.0	227.0	
78.0	0.0	3.5	131.625	8.0	12.5	28.375	4.0	8.0	1.0	227.0	
79.0	0.0	2.5	131.625	8.0	13.5	28.375	4.0	7.0	3.0	227.0	
80.0	0.0	3.0	131.625	8.0	13.0	28.375	4.0	3.0	1.0	227.0	
81.0	0.0	7.0	207.125	12.0	17.0	42.875	5.0	3.0	4.0	343.0	
82.0	0.0	7.0	207.125	12.0	17.0	42.875	5.0	6.0	2.0	343.0	
83.0	0.0	7.0	207.125	12.0	17.0	42.875	5.0	5.0	1.0	343.0	
84.0	0.0	7.0	207.125	12.0	17.0	42.875	5.0	12.0	2.0	343.0	
85.0	0.0	9.0	207.125	12.0	15.0	42.875	5.0	3.0	5.0	343.0	
86.0	0.0	6.5	207.125	12.0	17.5	42.875	5.0	15.0	4.0	343.0	
87.0	0.0	7.0	207.125	12.0	17.0	42.875	5.0	5.0	5.0	343.0	
88.0	0.0	7.0	207.125	12.0	17.0	42.875	5.0	4.0	3.0	343.0	
89.0	0.0	6.5	207.125	12.0	17.5	42.875	5.0	14.0	2.0	343.0	
90.0	0.0	6.5	207.25	12.0	17.5	42.75	5.0	4.0	1.0	342.0	
91.0	0.0	6.5	207.25	12.0	17.5	42.75	5.0	9.0	5.0	342.0	
92.0	0.0	7.5	207.25	12.0	16.5	42.75	5.0	10.0	4.0	342.0	
93.0	0.0	7.5	207.25	12.0	16.5	42.75	5.0	4.0	5.0	342.0	
94.0	0.0	7.5	207.25	12.0	16.5	42.75	5.0	13.0	1.0	342.0	
95.0	0.0	6.5	207.25	12.0	17.5	42.75	5.0	8.0	5.0	342.0	
96.0	0.0	9.0	207.25	12.0	15.0	42.75	5.0	15.0	3.0	342.0	
97.0	0.0	7.5	207.25	12.0	16.5	42.75	5.0	9.0	3.0	342.0	
98.0	0.0	7.5	207.25	12.0	16.5	42.75	5.0	15.0	2.0	342.0	
99.0	0.0	8.5	207.25	12.0	15.5	42.75	5.0	12.0	3.0	342.0	
100.0	0.0	7.0	207.25	12.0	17.0	42.75	5.0	14.0	1.0	342.0	
=====================================================================================================================================================
after 4 commit, VM matrix is (VM #, resource allocated to each VM (vCPU, memory, storage), resource used in each VM (vCPU, memory, storage), which flavour, VM in which PM, and VM in which rack, # blocks stored (each block is 0.125))
=====================================================================================================================================================
1.0	0.0	0.0	16.5	1.0	2.0	3.5	1.0	11.0	3.0	28.0	
2.0	0.0	0.0	16.5	1.0	2.0	3.5	1.0	14.0	1.0	28.0	
3.0	0.0	1.0	16.5	1.0	1.0	3.5	1.0	6.0	4.0	28.0	
4.0	0.0	0.0	16.5	1.0	2.0	3.5	1.0	9.0	4.0	28.0	
5.0	0.0	0.0	16.5	1.0	2.0	3.5	1.0	15.0	2.0	28.0	
6.0	0.0	0.0	16.5	1.0	2.0	3.5	1.0	7.0	1.0	28.0	
7.0	0.0	0.0	16.5	1.0	2.0	3.5	1.0	11.0	1.0	28.0	
8.0	0.0	0.0	16.5	1.0	2.0	3.5	1.0	15.0	3.0	28.0	
9.0	0.0	0.0	16.5	1.0	2.0	3.5	1.0	15.0	5.0	28.0	
10.0	0.0	0.0	16.625	1.0	2.0	3.375	1.0	15.0	1.0	27.0	
11.0	0.0	0.0	16.625	1.0	2.0	3.375	1.0	4.0	4.0	27.0	
12.0	0.0	0.0	16.625	1.0	2.0	3.375	1.0	5.0	3.0	27.0	
13.0	0.0	1.0	16.625	1.0	1.0	3.375	1.0	3.0	1.0	27.0	
14.0	0.0	0.0	16.625	1.0	2.0	3.375	1.0	13.0	5.0	27.0	
15.0	0.0	0.0	16.625	1.0	2.0	3.375	1.0	11.0	1.0	27.0	
16.0	0.0	1.0	16.625	1.0	1.0	3.375	1.0	14.0	2.0	27.0	
17.0	0.0	0.0	16.625	1.0	2.0	3.375	1.0	11.0	4.0	27.0	
18.0	0.0	0.0	16.625	1.0	2.0	3.375	1.0	2.0	5.0	27.0	
19.0	0.0	0.0	16.625	1.0	2.0	3.375	1.0	13.0	4.0	27.0	
20.0	0.0	0.0	16.625	1.0	2.0	3.375	1.0	4.0	5.0	27.0	
21.0	0.0	0.0	32.875	2.0	4.0	7.125	2.0	9.0	1.0	57.0	
22.0	0.0	1.0	32.875	2.0	3.0	7.125	2.0	6.0	2.0	57.0	
23.0	0.0	0.0	32.875	2.0	4.0	7.125	2.0	7.0	3.0	57.0	
24.0	0.0	0.0	32.875	2.0	4.0	7.125	2.0	14.0	4.0	57.0	
25.0	0.0	0.0	32.875	2.0	4.0	7.125	2.0	12.0	2.0	57.0	
26.0	0.0	0.0	32.875	2.0	4.0	7.125	2.0	1.0	2.0	57.0	
27.0	0.0	0.0	32.875	2.0	4.0	7.125	2.0	13.0	4.0	57.0	
28.0	0.0	0.0	32.875	2.0	4.0	7.125	2.0	8.0	1.0	57.0	
29.0	0.0	0.0	32.875	2.0	4.0	7.125	2.0	2.0	5.0	57.0	
30.0	0.0	0.5	32.875	2.0	3.5	7.125	2.0	14.0	1.0	57.0	
31.0	0.0	1.5	32.875	2.0	2.5	7.125	2.0	8.0	1.0	57.0	
32.0	0.0	2.5	32.875	2.0	1.5	7.125	2.0	14.0	3.0	57.0	
33.0	0.0	0.0	32.875	2.0	4.0	7.125	2.0	14.0	1.0	57.0	
34.0	0.0	0.0	32.875	2.0	4.0	7.125	2.0	14.0	1.0	57.0	
35.0	0.0	0.0	32.875	2.0	4.0	7.125	2.0	10.0	5.0	57.0	
36.0	0.0	0.5	32.875	2.0	3.5	7.125	2.0	15.0	4.0	57.0	
37.0	0.0	0.0	32.875	2.0	4.0	7.125	2.0	5.0	2.0	57.0	
38.0	0.0	0.0	32.875	2.0	4.0	7.125	2.0	5.0	5.0	57.0	
39.0	0.0	0.0	32.875	2.0	4.0	7.125	2.0	14.0	2.0	57.0	
40.0	0.0	2.5	32.875	2.0	1.5	7.125	2.0	11.0	3.0	57.0	
41.0	0.0	0.0	65.75	4.0	8.0	14.25	3.0	15.0	4.0	114.0	
42.0	0.0	2.0	65.75	4.0	6.0	14.25	3.0	4.0	1.0	114.0	
43.0	0.0	0.5	65.75	4.0	7.5	14.25	3.0	13.0	1.0	114.0	
44.0	0.0	0.5	65.75	4.0	7.5	14.25	3.0	3.0	5.0	114.0	
45.0	0.0	1.0	65.75	4.0	7.0	14.25	3.0	5.0	4.0	114.0	
46.0	0.0	2.5	65.75	4.0	5.5	14.25	3.0	14.0	3.0	114.0	
47.0	0.0	1.5	65.75	4.0	6.5	14.25	3.0	15.0	5.0	114.0	
48.0	0.0	0.5	65.75	4.0	7.5	14.25	3.0	13.0	4.0	114.0	
49.0	0.0	2.0	65.75	4.0	6.0	14.25	3.0	12.0	1.0	114.0	
50.0	0.0	0.5	65.75	4.0	7.5	14.25	3.0	9.0	1.0	114.0	
51.0	0.0	1.5	65.75	4.0	6.5	14.25	3.0	2.0	3.0	114.0	
52.0	0.0	1.5	65.75	4.0	6.5	14.25	3.0	4.0	3.0	114.0	
53.0	0.0	0.5	65.75	4.0	7.5	14.25	3.0	12.0	3.0	114.0	
54.0	0.0	0.0	65.75	4.0	8.0	14.25	3.0	10.0	5.0	114.0	
55.0	0.0	2.0	65.875	4.0	6.0	14.125	3.0	6.0	4.0	113.0	
56.0	0.0	1.0	65.875	4.0	7.0	14.125	3.0	13.0	5.0	113.0	
57.0	0.0	1.0	65.875	4.0	7.0	14.125	3.0	14.0	3.0	113.0	
58.0	0.0	3.0	65.875	4.0	5.0	14.125	3.0	11.0	4.0	113.0	
59.0	0.0	1.0	65.875	4.0	7.0	14.125	3.0	9.0	4.0	113.0	
60.0	0.0	2.0	65.875	4.0	6.0	14.125	3.0	3.0	3.0	113.0	
61.0	0.0	1.5	131.5	8.0	14.5	28.5	4.0	12.0	4.0	228.0	
62.0	0.0	5.5	131.5	8.0	10.5	28.5	4.0	7.0	4.0	228.0	
63.0	0.0	3.5	131.5	8.0	12.5	28.5	4.0	15.0	1.0	228.0	
64.0	0.0	7.0	131.5	8.0	9.0	28.5	4.0	4.0	2.0	228.0	
65.0	0.0	3.5	131.5	8.0	12.5	28.5	4.0	11.0	2.0	228.0	
66.0	0.0	8.0	131.5	8.0	8.0	28.5	4.0	12.0	5.0	228.0	
67.0	0.0	3.0	131.5	8.0	13.0	28.5	4.0	3.0	3.0	228.0	
68.0	0.0	3.0	131.5	8.0	13.0	28.5	4.0	5.0	3.0	228.0	
69.0	0.0	0.5	131.625	8.0	15.5	28.375	4.0	12.0	2.0	227.0	
70.0	0.0	2.0	131.625	8.0	14.0	28.375	4.0	11.0	5.0	227.0	
71.0	0.0	1.0	131.625	8.0	15.0	28.375	4.0	11.0	3.0	227.0	
72.0	0.0	1.0	131.625	8.0	15.0	28.375	4.0	11.0	2.0	227.0	
73.0	0.0	4.0	131.625	8.0	12.0	28.375	4.0	13.0	3.0	227.0	
74.0	0.0	1.5	131.625	8.0	14.5	28.375	4.0	1.0	3.0	227.0	
75.0	0.0	6.0	131.625	8.0	10.0	28.375	4.0	8.0	5.0	227.0	
76.0	0.0	4.5	131.625	8.0	11.5	28.375	4.0	6.0	4.0	227.0	
77.0	0.0	1.0	131.625	8.0	15.0	28.375	4.0	8.0	2.0	227.0	
78.0	0.0	4.0	131.625	8.0	12.0	28.375	4.0	8.0	1.0	227.0	
79.0	0.0	0.0	131.625	8.0	16.0	28.375	4.0	7.0	3.0	227.0	
80.0	0.0	0.5	131.625	8.0	15.5	28.375	4.0	3.0	1.0	227.0	
81.0	0.0	7.5	207.125	12.0	16.5	42.875	5.0	3.0	4.0	343.0	
82.0	0.0	5.5	207.125	12.0	18.5	42.875	5.0	6.0	2.0	343.0	
83.0	0.0	6.5	207.125	12.0	17.5	42.875	5.0	5.0	1.0	343.0	
84.0	0.0	5.0	207.125	12.0	19.0	42.875	5.0	12.0	2.0	343.0	
85.0	0.0	7.5	207.125	12.0	16.5	42.875	5.0	3.0	5.0	343.0	
86.0	0.0	9.0	207.125	12.0	15.0	42.875	5.0	15.0	4.0	343.0	
87.0	0.0	6.0	207.125	12.0	18.0	42.875	5.0	5.0	5.0	343.0	
88.0	0.0	7.5	207.125	12.0	16.5	42.875	5.0	4.0	3.0	343.0	
89.0	0.0	7.0	207.125	12.0	17.0	42.875	5.0	14.0	2.0	343.0	
90.0	0.0	11.5	207.25	12.0	12.5	42.75	5.0	4.0	1.0	342.0	
91.0	0.0	5.5	207.25	12.0	18.5	42.75	5.0	9.0	5.0	342.0	
92.0	0.0	7.5	207.25	12.0	16.5	42.75	5.0	10.0	4.0	342.0	
93.0	0.0	7.0	207.25	12.0	17.0	42.75	5.0	4.0	5.0	342.0	
94.0	0.0	8.0	207.25	12.0	16.0	42.75	5.0	13.0	1.0	342.0	
95.0	0.0	6.0	207.25	12.0	18.0	42.75	5.0	8.0	5.0	342.0	
96.0	0.0	8.5	207.25	12.0	15.5	42.75	5.0	15.0	3.0	342.0	
97.0	0.0	6.0	207.25	12.0	18.0	42.75	5.0	9.0	3.0	342.0	
98.0	0.0	6.5	207.25	12.0	17.5	42.75	5.0	15.0	2.0	342.0	
99.0	0.0	8.5	207.25	12.0	15.5	42.75	5.0	12.0	3.0	342.0	
100.0	0.0	5.5	207.25	12.0	18.5	42.75	5.0	14.0	1.0	342.0	
=====================================================================================================================================================
after 5 commit, VM matrix is (VM #, resource allocated to each VM (vCPU, memory, storage), resource used in each VM (vCPU, memory, storage), which flavour, VM in which PM, and VM in which rack, # blocks stored (each block is 0.125))
=====================================================================================================================================================
1.0	0.0	0.5	16.5	1.0	1.5	3.5	1.0	11.0	3.0	28.0	
2.0	0.0	0.5	16.5	1.0	1.5	3.5	1.0	14.0	1.0	28.0	
3.0	0.0	1.0	16.5	1.0	1.0	3.5	1.0	6.0	4.0	28.0	
4.0	0.0	0.5	16.5	1.0	1.5	3.5	1.0	9.0	4.0	28.0	
5.0	0.0	0.5	16.5	1.0	1.5	3.5	1.0	15.0	2.0	28.0	
6.0	0.0	0.5	16.5	1.0	1.5	3.5	1.0	7.0	1.0	28.0	
7.0	0.0	0.5	16.5	1.0	1.5	3.5	1.0	11.0	1.0	28.0	
8.0	0.0	0.5	16.5	1.0	1.5	3.5	1.0	15.0	3.0	28.0	
9.0	0.0	0.5	16.5	1.0	1.5	3.5	1.0	15.0	5.0	28.0	
10.0	0.0	0.5	16.625	1.0	1.5	3.375	1.0	15.0	1.0	27.0	
11.0	0.0	0.0	16.625	1.0	2.0	3.375	1.0	4.0	4.0	27.0	
12.0	0.0	0.5	16.625	1.0	1.5	3.375	1.0	5.0	3.0	27.0	
13.0	0.0	1.0	16.625	1.0	1.0	3.375	1.0	3.0	1.0	27.0	
14.0	0.0	0.5	16.625	1.0	1.5	3.375	1.0	13.0	5.0	27.0	
15.0	0.0	0.5	16.625	1.0	1.5	3.375	1.0	11.0	1.0	27.0	
16.0	0.0	1.0	16.625	1.0	1.0	3.375	1.0	14.0	2.0	27.0	
17.0	0.0	0.5	16.625	1.0	1.5	3.375	1.0	11.0	4.0	27.0	
18.0	0.0	0.5	16.625	1.0	1.5	3.375	1.0	2.0	5.0	27.0	
19.0	0.0	0.5	16.625	1.0	1.5	3.375	1.0	13.0	4.0	27.0	
20.0	0.0	0.5	16.625	1.0	1.5	3.375	1.0	4.0	5.0	27.0	
21.0	0.0	1.0	32.875	2.0	3.0	7.125	2.0	9.0	1.0	57.0	
22.0	0.0	1.0	32.875	2.0	3.0	7.125	2.0	6.0	2.0	57.0	
23.0	0.0	0.0	32.875	2.0	4.0	7.125	2.0	7.0	3.0	57.0	
24.0	0.0	1.0	32.875	2.0	3.0	7.125	2.0	14.0	4.0	57.0	
25.0	0.0	1.0	32.875	2.0	3.0	7.125	2.0	12.0	2.0	57.0	
26.0	0.0	0.0	32.875	2.0	4.0	7.125	2.0	1.0	2.0	57.0	
27.0	0.0	0.5	32.875	2.0	3.5	7.125	2.0	13.0	4.0	57.0	
28.0	0.0	1.0	32.875	2.0	3.0	7.125	2.0	8.0	1.0	57.0	
29.0	0.0	1.0	32.875	2.0	3.0	7.125	2.0	2.0	5.0	57.0	
30.0	0.0	1.0	32.875	2.0	3.0	7.125	2.0	14.0	1.0	57.0	
31.0	0.0	1.5	32.875	2.0	2.5	7.125	2.0	8.0	1.0	57.0	
32.0	0.0	2.5	32.875	2.0	1.5	7.125	2.0	14.0	3.0	57.0	
33.0	0.0	0.5	32.875	2.0	3.5	7.125	2.0	14.0	1.0	57.0	
34.0	0.0	1.0	32.875	2.0	3.0	7.125	2.0	14.0	1.0	57.0	
35.0	0.0	0.0	32.875	2.0	4.0	7.125	2.0	10.0	5.0	57.0	
36.0	0.0	1.0	32.875	2.0	3.0	7.125	2.0	15.0	4.0	57.0	
37.0	0.0	1.0	32.875	2.0	3.0	7.125	2.0	5.0	2.0	57.0	
38.0	0.0	1.0	32.875	2.0	3.0	7.125	2.0	5.0	5.0	57.0	
39.0	0.0	1.0	32.875	2.0	3.0	7.125	2.0	14.0	2.0	57.0	
40.0	0.0	2.5	32.875	2.0	1.5	7.125	2.0	11.0	3.0	57.0	
41.0	0.0	1.5	65.75	4.0	6.5	14.25	3.0	15.0	4.0	114.0	
42.0	0.0	2.0	65.75	4.0	6.0	14.25	3.0	4.0	1.0	114.0	
43.0	0.0	2.0	65.75	4.0	6.0	14.25	3.0	13.0	1.0	114.0	
44.0	0.0	1.5	65.75	4.0	6.5	14.25	3.0	3.0	5.0	114.0	
45.0	0.0	2.0	65.75	4.0	6.0	14.25	3.0	5.0	4.0	114.0	
46.0	0.0	2.5	65.75	4.0	5.5	14.25	3.0	14.0	3.0	114.0	
47.0	0.0	1.5	65.75	4.0	6.5	14.25	3.0	15.0	5.0	114.0	
48.0	0.0	1.0	65.75	4.0	7.0	14.25	3.0	13.0	4.0	114.0	
49.0	0.0	2.0	65.75	4.0	6.0	14.25	3.0	12.0	1.0	114.0	
50.0	0.0	1.5	65.75	4.0	6.5	14.25	3.0	9.0	1.0	114.0	
51.0	0.0	2.5	65.75	4.0	5.5	14.25	3.0	2.0	3.0	114.0	
52.0	0.0	2.0	65.75	4.0	6.0	14.25	3.0	4.0	3.0	114.0	
53.0	0.0	1.5	65.75	4.0	6.5	14.25	3.0	12.0	3.0	114.0	
54.0	0.0	1.5	65.75	4.0	6.5	14.25	3.0	10.0	5.0	114.0	
55.0	0.0	2.5	65.875	4.0	5.5	14.125	3.0	6.0	4.0	113.0	
56.0	0.0	2.0	65.875	4.0	6.0	14.125	3.0	13.0	5.0	113.0	
57.0	0.0	1.5	65.875	4.0	6.5	14.125	3.0	14.0	3.0	113.0	
58.0	0.0	3.5	65.875	4.0	4.5	14.125	3.0	11.0	4.0	113.0	
59.0	0.0	1.5	65.875	4.0	6.5	14.125	3.0	9.0	4.0	113.0	
60.0	0.0	3.0	65.875	4.0	5.0	14.125	3.0	3.0	3.0	113.0	
61.0	0.0	3.5	131.5	8.0	12.5	28.5	4.0	12.0	4.0	228.0	
62.0	0.0	5.5	131.5	8.0	10.5	28.5	4.0	7.0	4.0	228.0	
63.0	0.0	6.0	131.5	8.0	10.0	28.5	4.0	15.0	1.0	228.0	
64.0	0.0	7.0	131.5	8.0	9.0	28.5	4.0	4.0	2.0	228.0	
65.0	0.0	4.0	131.5	8.0	12.0	28.5	4.0	11.0	2.0	228.0	
66.0	0.0	8.0	131.5	8.0	8.0	28.5	4.0	12.0	5.0	228.0	
67.0	0.0	3.0	131.5	8.0	13.0	28.5	4.0	3.0	3.0	228.0	
68.0	0.0	3.5	131.5	8.0	12.5	28.5	4.0	5.0	3.0	228.0	
69.0	0.0	3.0	131.625	8.0	13.0	28.375	4.0	12.0	2.0	227.0	
70.0	0.0	3.5	131.625	8.0	12.5	28.375	4.0	11.0	5.0	227.0	
71.0	0.0	1.5	131.625	8.0	14.5	28.375	4.0	11.0	3.0	227.0	
72.0	0.0	3.0	131.625	8.0	13.0	28.375	4.0	11.0	2.0	227.0	
73.0	0.0	4.0	131.625	8.0	12.0	28.375	4.0	13.0	3.0	227.0	
74.0	0.0	2.0	131.625	8.0	14.0	28.375	4.0	1.0	3.0	227.0	
75.0	0.0	6.0	131.625	8.0	10.0	28.375	4.0	8.0	5.0	227.0	
76.0	0.0	5.0	131.625	8.0	11.0	28.375	4.0	6.0	4.0	227.0	
77.0	0.0	2.0	131.625	8.0	14.0	28.375	4.0	8.0	2.0	227.0	
78.0	0.0	4.5	131.625	8.0	11.5	28.375	4.0	8.0	1.0	227.0	
79.0	0.0	1.0	131.625	8.0	15.0	28.375	4.0	7.0	3.0	227.0	
80.0	0.0	2.0	131.625	8.0	14.0	28.375	4.0	3.0	1.0	227.0	
81.0	0.0	7.5	207.125	12.0	16.5	42.875	5.0	3.0	4.0	343.0	
82.0	0.0	5.5	207.125	12.0	18.5	42.875	5.0	6.0	2.0	343.0	
83.0	0.0	7.0	207.125	12.0	17.0	42.875	5.0	5.0	1.0	343.0	
84.0	0.0	5.5	207.125	12.0	18.5	42.875	5.0	12.0	2.0	343.0	
85.0	0.0	7.0	207.125	12.0	17.0	42.875	5.0	3.0	5.0	343.0	
86.0	0.0	8.0	207.125	12.0	16.0	42.875	5.0	15.0	4.0	343.0	
87.0	0.0	6.5	207.125	12.0	17.5	42.875	5.0	5.0	5.0	343.0	
88.0	0.0	8.0	207.125	12.0	16.0	42.875	5.0	4.0	3.0	343.0	
89.0	0.0	6.0	207.125	12.0	18.0	42.875	5.0	14.0	2.0	343.0	
90.0	0.0	10.5	207.25	12.0	13.5	42.75	5.0	4.0	1.0	342.0	
91.0	0.0	7.0	207.25	12.0	17.0	42.75	5.0	9.0	5.0	342.0	
92.0	0.0	7.0	207.25	12.0	17.0	42.75	5.0	10.0	4.0	342.0	
93.0	0.0	7.5	207.25	12.0	16.5	42.75	5.0	4.0	5.0	342.0	
94.0	0.0	7.5	207.25	12.0	16.5	42.75	5.0	13.0	1.0	342.0	
95.0	0.0	5.0	207.25	12.0	19.0	42.75	5.0	8.0	5.0	342.0	
96.0	0.0	8.0	207.25	12.0	16.0	42.75	5.0	15.0	3.0	342.0	
97.0	0.0	7.5	207.25	12.0	16.5	42.75	5.0	9.0	3.0	342.0	
98.0	0.0	6.0	207.25	12.0	18.0	42.75	5.0	15.0	2.0	342.0	
99.0	0.0	6.0	207.25	12.0	18.0	42.75	5.0	12.0	3.0	342.0	
100.0	0.0	6.0	207.25	12.0	18.0	42.75	5.0	14.0	1.0	342.0	
=====================================================================================================================================================
after 6 commit, VM matrix is (VM #, resource allocated to each VM (vCPU, memory, storage), resource used in each VM (vCPU, memory, storage), which flavour, VM in which PM, and VM in which rack, # blocks stored (each block is 0.125))
=====================================================================================================================================================
1.0	0.0	0.5	16.5	1.0	1.5	3.5	1.0	11.0	3.0	28.0	
2.0	0.0	0.5	16.5	1.0	1.5	3.5	1.0	14.0	1.0	28.0	
3.0	0.0	0.0	16.5	1.0	2.0	3.5	1.0	6.0	4.0	28.0	
4.0	0.0	0.5	16.5	1.0	1.5	3.5	1.0	9.0	4.0	28.0	
5.0	0.0	0.5	16.5	1.0	1.5	3.5	1.0	15.0	2.0	28.0	
6.0	0.0	0.5	16.5	1.0	1.5	3.5	1.0	7.0	1.0	28.0	
7.0	0.0	0.5	16.5	1.0	1.5	3.5	1.0	11.0	1.0	28.0	
8.0	0.0	0.5	16.5	1.0	1.5	3.5	1.0	15.0	3.0	28.0	
9.0	0.0	0.5	16.5	1.0	1.5	3.5	1.0	15.0	5.0	28.0	
10.0	0.0	0.5	16.625	1.0	1.5	3.375	1.0	15.0	1.0	27.0	
11.0	0.0	0.0	16.625	1.0	2.0	3.375	1.0	4.0	4.0	27.0	
12.0	0.0	0.5	16.625	1.0	1.5	3.375	1.0	5.0	3.0	27.0	
13.0	0.0	0.0	16.625	1.0	2.0	3.375	1.0	3.0	1.0	27.0	
14.0	0.0	0.5	16.625	1.0	1.5	3.375	1.0	13.0	5.0	27.0	
15.0	0.0	0.5	16.625	1.0	1.5	3.375	1.0	11.0	1.0	27.0	
16.0	0.0	0.0	16.625	1.0	2.0	3.375	1.0	14.0	2.0	27.0	
17.0	0.0	0.5	16.625	1.0	1.5	3.375	1.0	11.0	4.0	27.0	
18.0	0.0	0.5	16.625	1.0	1.5	3.375	1.0	2.0	5.0	27.0	
19.0	0.0	0.5	16.625	1.0	1.5	3.375	1.0	13.0	4.0	27.0	
20.0	0.0	0.5	16.625	1.0	1.5	3.375	1.0	4.0	5.0	27.0	
21.0	0.0	1.0	32.875	2.0	3.0	7.125	2.0	9.0	1.0	57.0	
22.0	0.0	0.0	32.875	2.0	4.0	7.125	2.0	6.0	2.0	57.0	
23.0	0.0	0.0	32.875	2.0	4.0	7.125	2.0	7.0	3.0	57.0	
24.0	0.0	1.0	32.875	2.0	3.0	7.125	2.0	14.0	4.0	57.0	
25.0	0.0	1.0	32.875	2.0	3.0	7.125	2.0	12.0	2.0	57.0	
26.0	0.0	0.0	32.875	2.0	4.0	7.125	2.0	1.0	2.0	57.0	
27.0	0.0	0.5	32.875	2.0	3.5	7.125	2.0	13.0	4.0	57.0	
28.0	0.0	1.0	32.875	2.0	3.0	7.125	2.0	8.0	1.0	57.0	
29.0	0.0	1.0	32.875	2.0	3.0	7.125	2.0	2.0	5.0	57.0	
30.0	0.0	1.0	32.875	2.0	3.0	7.125	2.0	14.0	1.0	57.0	
31.0	0.0	2.0	32.875	2.0	2.0	7.125	2.0	8.0	1.0	57.0	
32.0	0.0	2.5	32.875	2.0	1.5	7.125	2.0	14.0	3.0	57.0	
33.0	0.0	0.5	32.875	2.0	3.5	7.125	2.0	14.0	1.0	57.0	
34.0	0.0	1.0	32.875	2.0	3.0	7.125	2.0	14.0	1.0	57.0	
35.0	0.0	0.0	32.875	2.0	4.0	7.125	2.0	10.0	5.0	57.0	
36.0	0.0	1.0	32.875	2.0	3.0	7.125	2.0	15.0	4.0	57.0	
37.0	0.0	1.0	32.875	2.0	3.0	7.125	2.0	5.0	2.0	57.0	
38.0	0.0	1.0	32.875	2.0	3.0	7.125	2.0	5.0	5.0	57.0	
39.0	0.0	1.0	32.875	2.0	3.0	7.125	2.0	14.0	2.0	57.0	
40.0	0.0	2.5	32.875	2.0	1.5	7.125	2.0	11.0	3.0	57.0	
41.0	0.0	1.5	65.75	4.0	6.5	14.25	3.0	15.0	4.0	114.0	
42.0	0.0	1.0	65.75	4.0	7.0	14.25	3.0	4.0	1.0	114.0	
43.0	0.0	2.0	65.75	4.0	6.0	14.25	3.0	13.0	1.0	114.0	
44.0	0.0	1.0	65.75	4.0	7.0	14.25	3.0	3.0	5.0	114.0	
45.0	0.0	1.5	65.75	4.0	6.5	14.25	3.0	5.0	4.0	114.0	
46.0	0.0	2.5	65.75	4.0	5.5	14.25	3.0	14.0	3.0	114.0	
47.0	0.0	1.0	65.75	4.0	7.0	14.25	3.0	15.0	5.0	114.0	
48.0	0.0	0.5	65.75	4.0	7.5	14.25	3.0	13.0	4.0	114.0	
49.0	0.0	1.5	65.75	4.0	6.5	14.25	3.0	12.0	1.0	114.0	
50.0	0.0	1.5	65.75	4.0	6.5	14.25	3.0	9.0	1.0	114.0	
51.0	0.0	1.5	65.75	4.0	6.5	14.25	3.0	2.0	3.0	114.0	
52.0	0.0	1.5	65.75	4.0	6.5	14.25	3.0	4.0	3.0	114.0	
53.0	0.0	0.5	65.75	4.0	7.5	14.25	3.0	12.0	3.0	114.0	
54.0	0.0	1.5	65.75	4.0	6.5	14.25	3.0	10.0	5.0	114.0	
55.0	0.0	1.5	65.875	4.0	6.5	14.125	3.0	6.0	4.0	113.0	
56.0	0.0	1.0	65.875	4.0	7.0	14.125	3.0	13.0	5.0	113.0	
57.0	0.0	0.0	65.875	4.0	8.0	14.125	3.0	14.0	3.0	113.0	
58.0	0.0	3.5	65.875	4.0	4.5	14.125	3.0	11.0	4.0	113.0	
59.0	0.0	1.0	65.875	4.0	7.0	14.125	3.0	9.0	4.0	113.0	
60.0	0.0	1.5	65.875	4.0	6.5	14.125	3.0	3.0	3.0	113.0	
61.0	0.0	3.0	131.5	8.0	13.0	28.5	4.0	12.0	4.0	228.0	
62.0	0.0	3.5	131.5	8.0	12.5	28.5	4.0	7.0	4.0	228.0	
63.0	0.0	7.0	131.5	8.0	9.0	28.5	4.0	15.0	1.0	228.0	
64.0	0.0	4.5	131.5	8.0	11.5	28.5	4.0	4.0	2.0	228.0	
65.0	0.0	3.0	131.5	8.0	13.0	28.5	4.0	11.0	2.0	228.0	
66.0	0.0	7.5	131.5	8.0	8.5	28.5	4.0	12.0	5.0	228.0	
67.0	0.0	5.0	131.5	8.0	11.0	28.5	4.0	3.0	3.0	228.0	
68.0	0.0	5.0	131.5	8.0	11.0	28.5	4.0	5.0	3.0	228.0	
69.0	0.0	5.0	131.625	8.0	11.0	28.375	4.0	12.0	2.0	227.0	
70.0	0.0	2.5	131.625	8.0	13.5	28.375	4.0	11.0	5.0	227.0	
71.0	0.0	4.5	131.625	8.0	11.5	28.375	4.0	11.0	3.0	227.0	
72.0	0.0	6.0	131.625	8.0	10.0	28.375	4.0	11.0	2.0	227.0	
73.0	0.0	4.0	131.625	8.0	12.0	28.375	4.0	13.0	3.0	227.0	
74.0	0.0	5.5	131.625	8.0	10.5	28.375	4.0	1.0	3.0	227.0	
75.0	0.0	5.5	131.625	8.0	10.5	28.375	4.0	8.0	5.0	227.0	
76.0	0.0	4.0	131.625	8.0	12.0	28.375	4.0	6.0	4.0	227.0	
77.0	0.0	4.5	131.625	8.0	11.5	28.375	4.0	8.0	2.0	227.0	
78.0	0.0	1.5	131.625	8.0	14.5	28.375	4.0	8.0	1.0	227.0	
79.0	0.0	1.0	131.625	8.0	15.0	28.375	4.0	7.0	3.0	227.0	
80.0	0.0	3.0	131.625	8.0	13.0	28.375	4.0	3.0	1.0	227.0	
81.0	0.0	7.0	207.125	12.0	17.0	42.875	5.0	3.0	4.0	343.0	
82.0	0.0	6.5	207.125	12.0	17.5	42.875	5.0	6.0	2.0	343.0	
83.0	0.0	5.0	207.125	12.0	19.0	42.875	5.0	5.0	1.0	343.0	
84.0	0.0	4.5	207.125	12.0	19.5	42.875	5.0	12.0	2.0	343.0	
85.0	0.0	7.0	207.125	12.0	17.0	42.875	5.0	3.0	5.0	343.0	
86.0	0.0	4.0	207.125	12.0	20.0	42.875	5.0	15.0	4.0	343.0	
87.0	0.0	5.5	207.125	12.0	18.5	42.875	5.0	5.0	5.0	343.0	
88.0	0.0	5.5	207.125	12.0	18.5	42.875	5.0	4.0	3.0	343.0	
89.0	0.0	4.5	207.125	12.0	19.5	42.875	5.0	14.0	2.0	343.0	
90.0	0.0	5.5	207.25	12.0	18.5	42.75	5.0	4.0	1.0	342.0	
91.0	0.0	7.0	207.25	12.0	17.0	42.75	5.0	9.0	5.0	342.0	
92.0	0.0	6.0	207.25	12.0	18.0	42.75	5.0	10.0	4.0	342.0	
93.0	0.0	7.0	207.25	12.0	17.0	42.75	5.0	4.0	5.0	342.0	
94.0	0.0	5.5	207.25	12.0	18.5	42.75	5.0	13.0	1.0	342.0	
95.0	0.0	5.0	207.25	12.0	19.0	42.75	5.0	8.0	5.0	342.0	
96.0	0.0	7.0	207.25	12.0	17.0	42.75	5.0	15.0	3.0	342.0	
97.0	0.0	8.0	207.25	12.0	16.0	42.75	5.0	9.0	3.0	342.0	
98.0	0.0	6.5	207.25	12.0	17.5	42.75	5.0	15.0	2.0	342.0	
99.0	0.0	4.0	207.25	12.0	20.0	42.75	5.0	12.0	3.0	342.0	
100.0	0.0	5.0	207.25	12.0	19.0	42.75	5.0	14.0	1.0	342.0	
=====================================================================================================================================================
after 7 commit, VM matrix is (VM #, resource allocated to each VM (vCPU, memory, storage), resource used in each VM (vCPU, memory, storage), which flavour, VM in which PM, and VM in which rack, # blocks stored (each block is 0.125))
=====================================================================================================================================================
1.0	0.0	0.0	16.5	1.0	2.0	3.5	1.0	11.0	3.0	28.0	
2.0	0.0	0.5	16.5	1.0	1.5	3.5	1.0	14.0	1.0	28.0	
3.0	0.0	0.0	16.5	1.0	2.0	3.5	1.0	6.0	4.0	28.0	
4.0	0.0	0.0	16.5	1.0	2.0	3.5	1.0	9.0	4.0	28.0	
5.0	0.0	0.5	16.5	1.0	1.5	3.5	1.0	15.0	2.0	28.0	
6.0	0.0	0.5	16.5	1.0	1.5	3.5	1.0	7.0	1.0	28.0	
7.0	0.0	0.5	16.5	1.0	1.5	3.5	1.0	11.0	1.0	28.0	
8.0	0.0	0.0	16.5	1.0	2.0	3.5	1.0	15.0	3.0	28.0	
9.0	0.0	1.0	16.5	1.0	1.0	3.5	1.0	15.0	5.0	28.0	
10.0	0.0	0.0	16.625	1.0	2.0	3.375	1.0	15.0	1.0	27.0	
11.0	0.0	0.0	16.625	1.0	2.0	3.375	1.0	4.0	4.0	27.0	
12.0	0.0	1.0	16.625	1.0	1.0	3.375	1.0	5.0	3.0	27.0	
13.0	0.0	0.0	16.625	1.0	2.0	3.375	1.0	3.0	1.0	27.0	
14.0	0.0	0.5	16.625	1.0	1.5	3.375	1.0	13.0	5.0	27.0	
15.0	0.0	1.0	16.625	1.0	1.0	3.375	1.0	11.0	1.0	27.0	
16.0	0.0	0.0	16.625	1.0	2.0	3.375	1.0	14.0	2.0	27.0	
17.0	0.0	1.0	16.625	1.0	1.0	3.375	1.0	11.0	4.0	27.0	
18.0	0.0	0.5	16.625	1.0	1.5	3.375	1.0	2.0	5.0	27.0	
19.0	0.0	0.5	16.625	1.0	1.5	3.375	1.0	13.0	4.0	27.0	
20.0	0.0	1.0	16.625	1.0	1.0	3.375	1.0	4.0	5.0	27.0	
21.0	0.0	1.5	32.875	2.0	2.5	7.125	2.0	9.0	1.0	57.0	
22.0	0.0	0.0	32.875	2.0	4.0	7.125	2.0	6.0	2.0	57.0	
23.0	0.0	0.5	32.875	2.0	3.5	7.125	2.0	7.0	3.0	57.0	
24.0	0.0	1.0	32.875	2.0	3.0	7.125	2.0	14.0	4.0	57.0	
25.0	0.0	1.0	32.875	2.0	3.0	7.125	2.0	12.0	2.0	57.0	
26.0	0.0	0.5	32.875	2.0	3.5	7.125	2.0	1.0	2.0	57.0	
27.0	0.0	0.0	32.875	2.0	4.0	7.125	2.0	13.0	4.0	57.0	
28.0	0.0	1.0	32.875	2.0	3.0	7.125	2.0	8.0	1.0	57.0	
29.0	0.0	1.0	32.875	2.0	3.0	7.125	2.0	2.0	5.0	57.0	
30.0	0.0	1.0	32.875	2.0	3.0	7.125	2.0	14.0	1.0	57.0	
31.0	0.0	2.0	32.875	2.0	2.0	7.125	2.0	8.0	1.0	57.0	
32.0	0.0	1.0	32.875	2.0	3.0	7.125	2.0	14.0	3.0	57.0	
33.0	0.0	1.0	32.875	2.0	3.0	7.125	2.0	14.0	1.0	57.0	
34.0	0.0	1.0	32.875	2.0	3.0	7.125	2.0	14.0	1.0	57.0	
35.0	0.0	0.0	32.875	2.0	4.0	7.125	2.0	10.0	5.0	57.0	
36.0	0.0	1.0	32.875	2.0	3.0	7.125	2.0	15.0	4.0	57.0	
37.0	0.0	1.0	32.875	2.0	3.0	7.125	2.0	5.0	2.0	57.0	
38.0	0.0	1.5	32.875	2.0	2.5	7.125	2.0	5.0	5.0	57.0	
39.0	0.0	1.0	32.875	2.0	3.0	7.125	2.0	14.0	2.0	57.0	
40.0	0.0	1.0	32.875	2.0	3.0	7.125	2.0	11.0	3.0	57.0	
41.0	0.0	3.5	65.75	4.0	4.5	14.25	3.0	15.0	4.0	114.0	
42.0	0.0	1.5	65.75	4.0	6.5	14.25	3.0	4.0	1.0	114.0	
43.0	0.0	3.5	65.75	4.0	4.5	14.25	3.0	13.0	1.0	114.0	
44.0	0.0	1.0	65.75	4.0	7.0	14.25	3.0	3.0	5.0	114.0	
45.0	0.0	2.0	65.75	4.0	6.0	14.25	3.0	5.0	4.0	114.0	
46.0	0.0	2.5	65.75	4.0	5.5	14.25	3.0	14.0	3.0	114.0	
47.0	0.0	1.0	65.75	4.0	7.0	14.25	3.0	15.0	5.0	114.0	
48.0	0.0	1.0	65.75	4.0	7.0	14.25	3.0	13.0	4.0	114.0	
49.0	0.0	2.0	65.75	4.0	6.0	14.25	3.0	12.0	1.0	114.0	
50.0	0.0	1.5	65.75	4.0	6.5	14.25	3.0	9.0	1.0	114.0	
51.0	0.0	1.5	65.75	4.0	6.5	14.25	3.0	2.0	3.0	114.0	
52.0	0.0	1.0	65.75	4.0	7.0	14.25	3.0	4.0	3.0	114.0	
53.0	0.0	1.0	65.75	4.0	7.0	14.25	3.0	12.0	3.0	114.0	
54.0	0.0	2.5	65.75	4.0	5.5	14.25	3.0	10.0	5.0	114.0	
55.0	0.0	1.0	65.875	4.0	7.0	14.125	3.0	6.0	4.0	113.0	
56.0	0.0	2.0	65.875	4.0	6.0	14.125	3.0	13.0	5.0	113.0	
57.0	0.0	0.5	65.875	4.0	7.5	14.125	3.0	14.0	3.0	113.0	
58.0	0.0	3.0	65.875	4.0	5.0	14.125	3.0	11.0	4.0	113.0	
59.0	0.0	1.5	65.875	4.0	6.5	14.125	3.0	9.0	4.0	113.0	
60.0	0.0	2.0	65.875	4.0	6.0	14.125	3.0	3.0	3.0	113.0	
61.0	0.0	3.5	131.5	8.0	12.5	28.5	4.0	12.0	4.0	228.0	
62.0	0.0	3.5	131.5	8.0	12.5	28.5	4.0	7.0	4.0	228.0	
63.0	0.0	5.5	131.5	8.0	10.5	28.5	4.0	15.0	1.0	228.0	
64.0	0.0	5.5	131.5	8.0	10.5	28.5	4.0	4.0	2.0	228.0	
65.0	0.0	3.5	131.5	8.0	12.5	28.5	4.0	11.0	2.0	228.0	
66.0	0.0	7.5	131.5	8.0	8.5	28.5	4.0	12.0	5.0	228.0	
67.0	0.0	5.0	131.5	8.0	11.0	28.5	4.0	3.0	3.0	228.0	
68.0	0.0	4.5	131.5	8.0	11.5	28.5	4.0	5.0	3.0	228.0	
69.0	0.0	6.5	131.625	8.0	9.5	28.375	4.0	12.0	2.0	227.0	
70.0	0.0	2.0	131.625	8.0	14.0	28.375	4.0	11.0	5.0	227.0	
71.0	0.0	6.0	131.625	8.0	10.0	28.375	4.0	11.0	3.0	227.0	
72.0	0.0	6.0	131.625	8.0	10.0	28.375	4.0	11.0	2.0	227.0	
73.0	0.0	4.0	131.625	8.0	12.0	28.375	4.0	13.0	3.0	227.0	
74.0	0.0	5.0	131.625	8.0	11.0	28.375	4.0	1.0	3.0	227.0	
75.0	0.0	5.5	131.625	8.0	10.5	28.375	4.0	8.0	5.0	227.0	
76.0	0.0	3.5	131.625	8.0	12.5	28.375	4.0	6.0	4.0	227.0	
77.0	0.0	6.0	131.625	8.0	10.0	28.375	4.0	8.0	2.0	227.0	
78.0	0.0	1.5	131.625	8.0	14.5	28.375	4.0	8.0	1.0	227.0	
79.0	0.0	3.0	131.625	8.0	13.0	28.375	4.0	7.0	3.0	227.0	
80.0	0.0	3.0	131.625	8.0	13.0	28.375	4.0	3.0	1.0	227.0	
81.0	0.0	7.5	207.125	12.0	16.5	42.875	5.0	3.0	4.0	343.0	
82.0	0.0	10.0	207.125	12.0	14.0	42.875	5.0	6.0	2.0	343.0	
83.0	0.0	6.0	207.125	12.0	18.0	42.875	5.0	5.0	1.0	343.0	
84.0	0.0	7.5	207.125	12.0	16.5	42.875	5.0	12.0	2.0	343.0	
85.0	0.0	9.5	207.125	12.0	14.5	42.875	5.0	3.0	5.0	343.0	
86.0	0.0	5.5	207.125	12.0	18.5	42.875	5.0	15.0	4.0	343.0	
87.0	0.0	8.0	207.125	12.0	16.0	42.875	5.0	5.0	5.0	343.0	
88.0	0.0	7.0	207.125	12.0	17.0	42.875	5.0	4.0	3.0	343.0	
89.0	0.0	4.5	207.125	12.0	19.5	42.875	5.0	14.0	2.0	343.0	
90.0	0.0	6.5	207.25	12.0	17.5	42.75	5.0	4.0	1.0	342.0	
91.0	0.0	9.5	207.25	12.0	14.5	42.75	5.0	9.0	5.0	342.0	
92.0	0.0	7.0	207.25	12.0	17.0	42.75	5.0	10.0	4.0	342.0	
93.0	0.0	9.5	207.25	12.0	14.5	42.75	5.0	4.0	5.0	342.0	
94.0	0.0	5.0	207.25	12.0	19.0	42.75	5.0	13.0	1.0	342.0	
95.0	0.0	8.5	207.25	12.0	15.5	42.75	5.0	8.0	5.0	342.0	
96.0	0.0	7.5	207.25	12.0	16.5	42.75	5.0	15.0	3.0	342.0	
97.0	0.0	6.0	207.25	12.0	18.0	42.75	5.0	9.0	3.0	342.0	
98.0	0.0	10.0	207.25	12.0	14.0	42.75	5.0	15.0	2.0	342.0	
99.0	0.0	5.0	207.25	12.0	19.0	42.75	5.0	12.0	3.0	342.0	
100.0	0.0	7.5	207.25	12.0	16.5	42.75	5.0	14.0	1.0	342.0	
=====================================================================================================================================================
after 8 commit, VM matrix is (VM #, resource allocated to each VM (vCPU, memory, storage), resource used in each VM (vCPU, memory, storage), which flavour, VM in which PM, and VM in which rack, # blocks stored (each block is 0.125))
=====================================================================================================================================================
1.0	0.0	0.0	16.5	1.0	2.0	3.5	1.0	11.0	3.0	28.0	
2.0	0.0	1.0	16.5	1.0	1.0	3.5	1.0	14.0	1.0	28.0	
3.0	0.0	0.0	16.5	1.0	2.0	3.5	1.0	6.0	4.0	28.0	
4.0	0.0	0.0	16.5	1.0	2.0	3.5	1.0	9.0	4.0	28.0	
5.0	0.0	1.0	16.5	1.0	1.0	3.5	1.0	15.0	2.0	28.0	
6.0	0.0	1.0	16.5	1.0	1.0	3.5	1.0	7.0	1.0	28.0	
7.0	0.0	1.0	16.5	1.0	1.0	3.5	1.0	11.0	1.0	28.0	
8.0	0.0	0.0	16.5	1.0	2.0	3.5	1.0	15.0	3.0	28.0	
9.0	0.0	1.0	16.5	1.0	1.0	3.5	1.0	15.0	5.0	28.0	
10.0	0.0	0.0	16.625	1.0	2.0	3.375	1.0	15.0	1.0	27.0	
11.0	0.0	0.0	16.625	1.0	2.0	3.375	1.0	4.0	4.0	27.0	
12.0	0.0	1.0	16.625	1.0	1.0	3.375	1.0	5.0	3.0	27.0	
13.0	0.0	0.0	16.625	1.0	2.0	3.375	1.0	3.0	1.0	27.0	
14.0	0.0	1.0	16.625	1.0	1.0	3.375	1.0	13.0	5.0	27.0	
15.0	0.0	1.0	16.625	1.0	1.0	3.375	1.0	11.0	1.0	27.0	
16.0	0.0	0.0	16.625	1.0	2.0	3.375	1.0	14.0	2.0	27.0	
17.0	0.0	1.0	16.625	1.0	1.0	3.375	1.0	11.0	4.0	27.0	
18.0	0.0	1.0	16.625	1.0	1.0	3.375	1.0	2.0	5.0	27.0	
19.0	0.0	1.0	16.625	1.0	1.0	3.375	1.0	13.0	4.0	27.0	
20.0	0.0	1.0	16.625	1.0	1.0	3.375	1.0	4.0	5.0	27.0	
21.0	0.0	2.0	32.875	2.0	2.0	7.125	2.0	9.0	1.0	57.0	
22.0	0.0	0.0	32.875	2.0	4.0	7.125	2.0	6.0	2.0	57.0	
23.0	0.0	0.5	32.875	2.0	3.5	7.125	2.0	7.0	3.0	57.0	
24.0	0.0	2.0	32.875	2.0	2.0	7.125	2.0	14.0	4.0	57.0	
25.0	0.0	1.5	32.875	2.0	2.5	7.125	2.0	12.0	2.0	57.0	
26.0	0.0	0.5	32.875	2.0	3.5	7.125	2.0	1.0	2.0	57.0	
27.0	0.0	0.0	32.875	2.0	4.0	7.125	2.0	13.0	4.0	57.0	
28.0	0.0	1.0	32.875	2.0	3.0	7.125	2.0	8.0	1.0	57.0	
29.0	0.0	1.5	32.875	2.0	2.5	7.125	2.0	2.0	5.0	57.0	
30.0	0.0	1.0	32.875	2.0	3.0	7.125	2.0	14.0	1.0	57.0	
31.0	0.0	0.5	32.875	2.0	3.5	7.125	2.0	8.0	1.0	57.0	
32.0	0.0	0.5	32.875	2.0	3.5	7.125	2.0	14.0	3.0	57.0	
33.0	0.0	1.5	32.875	2.0	2.5	7.125	2.0	14.0	1.0	57.0	
34.0	0.0	2.0	32.875	2.0	2.0	7.125	2.0	14.0	1.0	57.0	
35.0	0.0	0.0	32.875	2.0	4.0	7.125	2.0	10.0	5.0	57.0	
36.0	0.0	1.5	32.875	2.0	2.5	7.125	2.0	15.0	4.0	57.0	
37.0	0.0	2.0	32.875	2.0	2.0	7.125	2.0	5.0	2.0	57.0	
38.0	0.0	2.0	32.875	2.0	2.0	7.125	2.0	5.0	5.0	57.0	
39.0	0.0	2.0	32.875	2.0	2.0	7.125	2.0	14.0	2.0	57.0	
40.0	0.0	0.0	32.875	2.0	4.0	7.125	2.0	11.0	3.0	57.0	
41.0	0.0	3.5	65.75	4.0	4.5	14.25	3.0	15.0	4.0	114.0	
42.0	0.0	0.5	65.75	4.0	7.5	14.25	3.0	4.0	1.0	114.0	
43.0	0.0	2.5	65.75	4.0	5.5	14.25	3.0	13.0	1.0	114.0	
44.0	0.0	0.5	65.75	4.0	7.5	14.25	3.0	3.0	5.0	114.0	
45.0	0.0	1.5	65.75	4.0	6.5	14.25	3.0	5.0	4.0	114.0	
46.0	0.0	2.0	65.75	4.0	6.0	14.25	3.0	14.0	3.0	114.0	
47.0	0.0	1.0	65.75	4.0	7.0	14.25	3.0	15.0	5.0	114.0	
48.0	0.0	1.0	65.75	4.0	7.0	14.25	3.0	13.0	4.0	114.0	
49.0	0.0	1.0	65.75	4.0	7.0	14.25	3.0	12.0	1.0	114.0	
50.0	0.0	1.0	65.75	4.0	7.0	14.25	3.0	9.0	1.0	114.0	
51.0	0.0	1.5	65.75	4.0	6.5	14.25	3.0	2.0	3.0	114.0	
52.0	0.0	0.0	65.75	4.0	8.0	14.25	3.0	4.0	3.0	114.0	
53.0	0.0	2.0	65.75	4.0	6.0	14.25	3.0	12.0	3.0	114.0	
54.0	0.0	1.5	65.75	4.0	6.5	14.25	3.0	10.0	5.0	114.0	
55.0	0.0	1.0	65.875	4.0	7.0	14.125	3.0	6.0	4.0	113.0	
56.0	0.0	3.0	65.875	4.0	5.0	14.125	3.0	13.0	5.0	113.0	
57.0	0.0	2.5	65.875	4.0	5.5	14.125	3.0	14.0	3.0	113.0	
58.0	0.0	1.0	65.875	4.0	7.0	14.125	3.0	11.0	4.0	113.0	
59.0	0.0	2.0	65.875	4.0	6.0	14.125	3.0	9.0	4.0	113.0	
60.0	0.0	2.5	65.875	4.0	5.5	14.125	3.0	3.0	3.0	113.0	
61.0	0.0	5.5	131.5	8.0	10.5	28.5	4.0	12.0	4.0	228.0	
62.0	0.0	4.5	131.5	8.0	11.5	28.5	4.0	7.0	4.0	228.0	
63.0	0.0	5.0	131.5	8.0	11.0	28.5	4.0	15.0	1.0	228.0	
64.0	0.0	6.5	131.5	8.0	9.5	28.5	4.0	4.0	2.0	228.0	
65.0	0.0	5.5	131.5	8.0	10.5	28.5	4.0	11.0	2.0	228.0	
66.0	0.0	7.5	131.5	8.0	8.5	28.5	4.0	12.0	5.0	228.0	
67.0	0.0	4.0	131.5	8.0	12.0	28.5	4.0	3.0	3.0	228.0	
68.0	0.0	6.0	131.5	8.0	10.0	28.5	4.0	5.0	3.0	228.0	
69.0	0.0	6.0	131.625	8.0	10.0	28.375	4.0	12.0	2.0	227.0	
70.0	0.0	5.0	131.625	8.0	11.0	28.375	4.0	11.0	5.0	227.0	
71.0	0.0	7.0	131.625	8.0	9.0	28.375	4.0	11.0	3.0	227.0	
72.0	0.0	6.0	131.625	8.0	10.0	28.375	4.0	11.0	2.0	227.0	
73.0	0.0	4.0	131.625	8.0	12.0	28.375	4.0	13.0	3.0	227.0	
74.0	0.0	5.5	131.625	8.0	10.5	28.375	4.0	1.0	3.0	227.0	
75.0	0.0	7.0	131.625	8.0	9.0	28.375	4.0	8.0	5.0	227.0	
76.0	0.0	3.0	131.625	8.0	13.0	28.375	4.0	6.0	4.0	227.0	
77.0	0.0	5.5	131.625	8.0	10.5	28.375	4.0	8.0	2.0	227.0	
78.0	0.0	2.0	131.625	8.0	14.0	28.375	4.0	8.0	1.0	227.0	
79.0	0.0	3.5	131.625	8.0	12.5	28.375	4.0	7.0	3.0	227.0	
80.0	0.0	3.5	131.625	8.0	12.5	28.375	4.0	3.0	1.0	227.0	
81.0	0.0	6.5	207.125	12.0	17.5	42.875	5.0	3.0	4.0	343.0	
82.0	0.0	10.0	207.125	12.0	14.0	42.875	5.0	6.0	2.0	343.0	
83.0	0.0	7.5	207.125	12.0	16.5	42.875	5.0	5.0	1.0	343.0	
84.0	0.0	9.5	207.125	12.0	14.5	42.875	5.0	12.0	2.0	343.0	
85.0	0.0	10.5	207.125	12.0	13.5	42.875	5.0	3.0	5.0	343.0	
86.0	0.0	10.5	207.125	12.0	13.5	42.875	5.0	15.0	4.0	343.0	
87.0	0.0	9.0	207.125	12.0	15.0	42.875	5.0	5.0	5.0	343.0	
88.0	0.0	8.5	207.125	12.0	15.5	42.875	5.0	4.0	3.0	343.0	
89.0	0.0	7.0	207.125	12.0	17.0	42.875	5.0	14.0	2.0	343.0	
90.0	0.0	9.0	207.25	12.0	15.0	42.75	5.0	4.0	1.0	342.0	
91.0	0.0	9.5	207.25	12.0	14.5	42.75	5.0	9.0	5.0	342.0	
92.0	0.0	8.0	207.25	12.0	16.0	42.75	5.0	10.0	4.0	342.0	
93.0	0.0	8.5	207.25	12.0	15.5	42.75	5.0	4.0	5.0	342.0	
94.0	0.0	5.0	207.25	12.0	19.0	42.75	5.0	13.0	1.0	342.0	
95.0	0.0	9.5	207.25	12.0	14.5	42.75	5.0	8.0	5.0	342.0	
96.0	0.0	9.0	207.25	12.0	15.0	42.75	5.0	15.0	3.0	342.0	
97.0	0.0	6.0	207.25	12.0	18.0	42.75	5.0	9.0	3.0	342.0	
98.0	0.0	9.0	207.25	12.0	15.0	42.75	5.0	15.0	2.0	342.0	
99.0	0.0	8.0	207.25	12.0	16.0	42.75	5.0	12.0	3.0	342.0	
100.0	0.0	10.0	207.25	12.0	14.0	42.75	5.0	14.0	1.0	342.0	
=====================================================================================================================================================
after 9 commit, VM matrix is (VM #, resource allocated to each VM (vCPU, memory, storage), resource used in each VM (vCPU, memory, storage), which flavour, VM in which PM, and VM in which rack, # blocks stored (each block is 0.125))
=====================================================================================================================================================
1.0	0.0	1.0	16.5	1.0	1.0	3.5	1.0	11.0	3.0	28.0	
2.0	0.0	1.0	16.5	1.0	1.0	3.5	1.0	14.0	1.0	28.0	
3.0	0.0	0.5	16.5	1.0	1.5	3.5	1.0	6.0	4.0	28.0	
4.0	0.0	0.0	16.5	1.0	2.0	3.5	1.0	9.0	4.0	28.0	
5.0	0.0	1.0	16.5	1.0	1.0	3.5	1.0	15.0	2.0	28.0	
6.0	0.0	1.0	16.5	1.0	1.0	3.5	1.0	7.0	1.0	28.0	
7.0	0.0	1.0	16.5	1.0	1.0	3.5	1.0	11.0	1.0	28.0	
8.0	0.0	0.0	16.5	1.0	2.0	3.5	1.0	15.0	3.0	28.0	
9.0	0.0	1.0	16.5	1.0	1.0	3.5	1.0	15.0	5.0	28.0	
10.0	0.0	1.0	16.625	1.0	1.0	3.375	1.0	15.0	1.0	27.0	
11.0	0.0	0.5	16.625	1.0	1.5	3.375	1.0	4.0	4.0	27.0	
12.0	0.0	0.0	16.625	1.0	2.0	3.375	1.0	5.0	3.0	27.0	
13.0	0.0	0.5	16.625	1.0	1.5	3.375	1.0	3.0	1.0	27.0	
14.0	0.0	1.0	16.625	1.0	1.0	3.375	1.0	13.0	5.0	27.0	
15.0	0.0	1.0	16.625	1.0	1.0	3.375	1.0	11.0	1.0	27.0	
16.0	0.0	0.5	16.625	1.0	1.5	3.375	1.0	14.0	2.0	27.0	
17.0	0.0	1.0	16.625	1.0	1.0	3.375	1.0	11.0	4.0	27.0	
18.0	0.0	1.0	16.625	1.0	1.0	3.375	1.0	2.0	5.0	27.0	
19.0	0.0	1.0	16.625	1.0	1.0	3.375	1.0	13.0	4.0	27.0	
20.0	0.0	1.0	16.625	1.0	1.0	3.375	1.0	4.0	5.0	27.0	
21.0	0.0	1.0	32.875	2.0	3.0	7.125	2.0	9.0	1.0	57.0	
22.0	0.0	0.5	32.875	2.0	3.5	7.125	2.0	6.0	2.0	57.0	
23.0	0.0	1.0	32.875	2.0	3.0	7.125	2.0	7.0	3.0	57.0	
24.0	0.0	2.0	32.875	2.0	2.0	7.125	2.0	14.0	4.0	57.0	
25.0	0.0	1.5	32.875	2.0	2.5	7.125	2.0	12.0	2.0	57.0	
26.0	0.0	0.5	32.875	2.0	3.5	7.125	2.0	1.0	2.0	57.0	
27.0	0.0	0.5	32.875	2.0	3.5	7.125	2.0	13.0	4.0	57.0	
28.0	0.0	1.0	32.875	2.0	3.0	7.125	2.0	8.0	1.0	57.0	
29.0	0.0	1.5	32.875	2.0	2.5	7.125	2.0	2.0	5.0	57.0	
30.0	0.0	1.0	32.875	2.0	3.0	7.125	2.0	14.0	1.0	57.0	
31.0	0.0	0.5	32.875	2.0	3.5	7.125	2.0	8.0	1.0	57.0	
32.0	0.0	0.5	32.875	2.0	3.5	7.125	2.0	14.0	3.0	57.0	
33.0	0.0	1.5	32.875	2.0	2.5	7.125	2.0	14.0	1.0	57.0	
34.0	0.0	2.0	32.875	2.0	2.0	7.125	2.0	14.0	1.0	57.0	
35.0	0.0	0.5	32.875	2.0	3.5	7.125	2.0	10.0	5.0	57.0	
36.0	0.0	1.5	32.875	2.0	2.5	7.125	2.0	15.0	4.0	57.0	
37.0	0.0	2.0	32.875	2.0	2.0	7.125	2.0	5.0	2.0	57.0	
38.0	0.0	1.0	32.875	2.0	3.0	7.125	2.0	5.0	5.0	57.0	
39.0	0.0	2.0	32.875	2.0	2.0	7.125	2.0	14.0	2.0	57.0	
40.0	0.0	0.0	32.875	2.0	4.0	7.125	2.0	11.0	3.0	57.0	
41.0	0.0	3.5	65.75	4.0	4.5	14.25	3.0	15.0	4.0	114.0	
42.0	0.0	1.0	65.75	4.0	7.0	14.25	3.0	4.0	1.0	114.0	
43.0	0.0	2.5	65.75	4.0	5.5	14.25	3.0	13.0	1.0	114.0	
44.0	0.0	1.5	65.75	4.0	6.5	14.25	3.0	3.0	5.0	114.0	
45.0	0.0	1.5	65.75	4.0	6.5	14.25	3.0	5.0	4.0	114.0	
46.0	0.0	2.0	65.75	4.0	6.0	14.25	3.0	14.0	3.0	114.0	
47.0	0.0	2.5	65.75	4.0	5.5	14.25	3.0	15.0	5.0	114.0	
48.0	0.0	1.0	65.75	4.0	7.0	14.25	3.0	13.0	4.0	114.0	
49.0	0.0	1.0	65.75	4.0	7.0	14.25	3.0	12.0	1.0	114.0	
50.0	0.0	1.5	65.75	4.0	6.5	14.25	3.0	9.0	1.0	114.0	
51.0	0.0	3.0	65.75	4.0	5.0	14.25	3.0	2.0	3.0	114.0	
52.0	0.0	1.0	65.75	4.0	7.0	14.25	3.0	4.0	3.0	114.0	
53.0	0.0	3.0	65.75	4.0	5.0	14.25	3.0	12.0	3.0	114.0	
54.0	0.0	2.5	65.75	4.0	5.5	14.25	3.0	10.0	5.0	114.0	
55.0	0.0	3.0	65.875	4.0	5.0	14.125	3.0	6.0	4.0	113.0	
56.0	0.0	3.0	65.875	4.0	5.0	14.125	3.0	13.0	5.0	113.0	
57.0	0.0	3.5	65.875	4.0	4.5	14.125	3.0	14.0	3.0	113.0	
58.0	0.0	2.0	65.875	4.0	6.0	14.125	3.0	11.0	4.0	113.0	
59.0	0.0	2.5	65.875	4.0	5.5	14.125	3.0	9.0	4.0	113.0	
60.0	0.0	3.0	65.875	4.0	5.0	14.125	3.0	3.0	3.0	113.0	
61.0	0.0	5.5	131.5	8.0	10.5	28.5	4.0	12.0	4.0	228.0	
62.0	0.0	6.0	131.5	8.0	10.0	28.5	4.0	7.0	4.0	228.0	
63.0	0.0	6.5	131.5	8.0	9.5	28.5	4.0	15.0	1.0	228.0	
64.0	0.0	8.0	131.5	8.0	8.0	28.5	4.0	4.0	2.0	228.0	
65.0	0.0	6.0	131.5	8.0	10.0	28.5	4.0	11.0	2.0	228.0	
66.0	0.0	8.0	131.5	8.0	8.0	28.5	4.0	12.0	5.0	228.0	
67.0	0.0	4.0	131.5	8.0	12.0	28.5	4.0	3.0	3.0	228.0	
68.0	0.0	7.0	131.5	8.0	9.0	28.5	4.0	5.0	3.0	228.0	
69.0	0.0	5.0	131.625	8.0	11.0	28.375	4.0	12.0	2.0	227.0	
70.0	0.0	5.5	131.625	8.0	10.5	28.375	4.0	11.0	5.0	227.0	
71.0	0.0	6.5	131.625	8.0	9.5	28.375	4.0	11.0	3.0	227.0	
72.0	0.0	5.0	131.625	8.0	11.0	28.375	4.0	11.0	2.0	227.0	
73.0	0.0	5.0	131.625	8.0	11.0	28.375	4.0	13.0	3.0	227.0	
74.0	0.0	7.0	131.625	8.0	9.0	28.375	4.0	1.0	3.0	227.0	
75.0	0.0	8.5	131.625	8.0	7.5	28.375	4.0	8.0	5.0	227.0	
76.0	0.0	4.0	131.625	8.0	12.0	28.375	4.0	6.0	4.0	227.0	
77.0	0.0	6.0	131.625	8.0	10.0	28.375	4.0	8.0	2.0	227.0	
78.0	0.0	5.0	131.625	8.0	11.0	28.375	4.0	8.0	1.0	227.0	
79.0	0.0	5.0	131.625	8.0	11.0	28.375	4.0	7.0	3.0	227.0	
80.0	0.0	5.0	131.625	8.0	11.0	28.375	4.0	3.0	1.0	227.0	
81.0	0.0	7.5	207.125	12.0	16.5	42.875	5.0	3.0	4.0	343.0	
82.0	0.0	10.0	207.125	12.0	14.0	42.875	5.0	6.0	2.0	343.0	
83.0	0.0	10.0	207.125	12.0	14.0	42.875	5.0	5.0	1.0	343.0	
84.0	0.0	9.0	207.125	12.0	15.0	42.875	5.0	12.0	2.0	343.0	
85.0	0.0	10.0	207.125	12.0	14.0	42.875	5.0	3.0	5.0	343.0	
86.0	0.0	11.0	207.125	12.0	13.0	42.875	5.0	15.0	4.0	343.0	
87.0	0.0	8.5	207.125	12.0	15.5	42.875	5.0	5.0	5.0	343.0	
88.0	0.0	9.5	207.125	12.0	14.5	42.875	5.0	4.0	3.0	343.0	
89.0	0.0	9.5	207.125	12.0	14.5	42.875	5.0	14.0	2.0	343.0	
90.0	0.0	9.5	207.25	12.0	14.5	42.75	5.0	4.0	1.0	342.0	
91.0	0.0	8.0	207.25	12.0	16.0	42.75	5.0	9.0	5.0	342.0	
92.0	0.0	10.5	207.25	12.0	13.5	42.75	5.0	10.0	4.0	342.0	
93.0	0.0	7.5	207.25	12.0	16.5	42.75	5.0	4.0	5.0	342.0	
94.0	0.0	9.0	207.25	12.0	15.0	42.75	5.0	13.0	1.0	342.0	
95.0	0.0	9.5	207.25	12.0	14.5	42.75	5.0	8.0	5.0	342.0	
96.0	0.0	10.5	207.25	12.0	13.5	42.75	5.0	15.0	3.0	342.0	
97.0	0.0	11.0	207.25	12.0	13.0	42.75	5.0	9.0	3.0	342.0	
98.0	0.0	6.0	207.25	12.0	18.0	42.75	5.0	15.0	2.0	342.0	
99.0	0.0	12.0	207.25	12.0	12.0	42.75	5.0	12.0	3.0	342.0	
100.0	0.0	9.0	207.25	12.0	15.0	42.75	5.0	14.0	1.0	342.0	
=====================================================================================================================================================
after 10 commit, VM matrix is (VM #, resource allocated to each VM (vCPU, memory, storage), resource used in each VM (vCPU, memory, storage), which flavour, VM in which PM, and VM in which rack, # blocks stored (each block is 0.125))
=====================================================================================================================================================
1.0	0.0	1.0	16.5	1.0	1.0	3.5	1.0	11.0	3.0	28.0	
2.0	0.0	0.5	16.5	1.0	1.5	3.5	1.0	14.0	1.0	28.0	
3.0	0.0	0.5	16.5	1.0	1.5	3.5	1.0	6.0	4.0	28.0	
4.0	0.0	0.0	16.5	1.0	2.0	3.5	1.0	9.0	4.0	28.0	
5.0	0.0	0.5	16.5	1.0	1.5	3.5	1.0	15.0	2.0	28.0	
6.0	0.0	0.5	16.5	1.0	1.5	3.5	1.0	7.0	1.0	28.0	
7.0	0.0	0.5	16.5	1.0	1.5	3.5	1.0	11.0	1.0	28.0	
8.0	0.0	0.0	16.5	1.0	2.0	3.5	1.0	15.0	3.0	28.0	
9.0	0.0	1.0	16.5	1.0	1.0	3.5	1.0	15.0	5.0	28.0	
10.0	0.0	1.0	16.625	1.0	1.0	3.375	1.0	15.0	1.0	27.0	
11.0	0.0	0.5	16.625	1.0	1.5	3.375	1.0	4.0	4.0	27.0	
12.0	0.0	0.0	16.625	1.0	2.0	3.375	1.0	5.0	3.0	27.0	
13.0	0.0	0.5	16.625	1.0	1.5	3.375	1.0	3.0	1.0	27.0	
14.0	0.0	0.5	16.625	1.0	1.5	3.375	1.0	13.0	5.0	27.0	
15.0	0.0	1.0	16.625	1.0	1.0	3.375	1.0	11.0	1.0	27.0	
16.0	0.0	1.0	16.625	1.0	1.0	3.375	1.0	14.0	2.0	27.0	
17.0	0.0	1.0	16.625	1.0	1.0	3.375	1.0	11.0	4.0	27.0	
18.0	0.0	0.5	16.625	1.0	1.5	3.375	1.0	2.0	5.0	27.0	
19.0	0.0	0.5	16.625	1.0	1.5	3.375	1.0	13.0	4.0	27.0	
20.0	0.0	1.0	16.625	1.0	1.0	3.375	1.0	4.0	5.0	27.0	
21.0	0.0	0.5	32.875	2.0	3.5	7.125	2.0	9.0	1.0	57.0	
22.0	0.0	1.0	32.875	2.0	3.0	7.125	2.0	6.0	2.0	57.0	
23.0	0.0	1.5	32.875	2.0	2.5	7.125	2.0	7.0	3.0	57.0	
24.0	0.0	1.0	32.875	2.0	3.0	7.125	2.0	14.0	4.0	57.0	
25.0	0.0	1.0	32.875	2.0	3.0	7.125	2.0	12.0	2.0	57.0	
26.0	0.0	0.5	32.875	2.0	3.5	7.125	2.0	1.0	2.0	57.0	
27.0	0.0	0.5	32.875	2.0	3.5	7.125	2.0	13.0	4.0	57.0	
28.0	0.0	2.0	32.875	2.0	2.0	7.125	2.0	8.0	1.0	57.0	
29.0	0.0	1.0	32.875	2.0	3.0	7.125	2.0	2.0	5.0	57.0	
30.0	0.0	1.0	32.875	2.0	3.0	7.125	2.0	14.0	1.0	57.0	
31.0	0.0	1.5	32.875	2.0	2.5	7.125	2.0	8.0	1.0	57.0	
32.0	0.0	1.5	32.875	2.0	2.5	7.125	2.0	14.0	3.0	57.0	
33.0	0.0	1.0	32.875	2.0	3.0	7.125	2.0	14.0	1.0	57.0	
34.0	0.0	1.0	32.875	2.0	3.0	7.125	2.0	14.0	1.0	57.0	
35.0	0.0	0.5	32.875	2.0	3.5	7.125	2.0	10.0	5.0	57.0	
36.0	0.0	1.0	32.875	2.0	3.0	7.125	2.0	15.0	4.0	57.0	
37.0	0.0	1.0	32.875	2.0	3.0	7.125	2.0	5.0	2.0	57.0	
38.0	0.0	0.5	32.875	2.0	3.5	7.125	2.0	5.0	5.0	57.0	
39.0	0.0	1.0	32.875	2.0	3.0	7.125	2.0	14.0	2.0	57.0	
40.0	0.0	1.0	32.875	2.0	3.0	7.125	2.0	11.0	3.0	57.0	
41.0	0.0	3.5	65.75	4.0	4.5	14.25	3.0	15.0	4.0	114.0	
42.0	0.0	1.5	65.75	4.0	6.5	14.25	3.0	4.0	1.0	114.0	
43.0	0.0	3.0	65.75	4.0	5.0	14.25	3.0	13.0	1.0	114.0	
44.0	0.0	2.0	65.75	4.0	6.0	14.25	3.0	3.0	5.0	114.0	
45.0	0.0	2.5	65.75	4.0	5.5	14.25	3.0	5.0	4.0	114.0	
46.0	0.0	3.5	65.75	4.0	4.5	14.25	3.0	14.0	3.0	114.0	
47.0	0.0	3.5	65.75	4.0	4.5	14.25	3.0	15.0	5.0	114.0	
48.0	0.0	2.0	65.75	4.0	6.0	14.25	3.0	13.0	4.0	114.0	
49.0	0.0	2.5	65.75	4.0	5.5	14.25	3.0	12.0	1.0	114.0	
50.0	0.0	2.5	65.75	4.0	5.5	14.25	3.0	9.0	1.0	114.0	
51.0	0.0	2.5	65.75	4.0	5.5	14.25	3.0	2.0	3.0	114.0	
52.0	0.0	3.5	65.75	4.0	4.5	14.25	3.0	4.0	3.0	114.0	
53.0	0.0	3.5	65.75	4.0	4.5	14.25	3.0	12.0	3.0	114.0	
54.0	0.0	2.5	65.75	4.0	5.5	14.25	3.0	10.0	5.0	114.0	
55.0	0.0	3.0	65.875	4.0	5.0	14.125	3.0	6.0	4.0	113.0	
56.0	0.0	2.5	65.875	4.0	5.5	14.125	3.0	13.0	5.0	113.0	
57.0	0.0	2.0	65.875	4.0	6.0	14.125	3.0	14.0	3.0	113.0	
58.0	0.0	2.0	65.875	4.0	6.0	14.125	3.0	11.0	4.0	113.0	
59.0	0.0	2.5	65.875	4.0	5.5	14.125	3.0	9.0	4.0	113.0	
60.0	0.0	4.0	65.875	4.0	4.0	14.125	3.0	3.0	3.0	113.0	
61.0	0.0	5.0	131.5	8.0	11.0	28.5	4.0	12.0	4.0	228.0	
62.0	0.0	5.5	131.5	8.0	10.5	28.5	4.0	7.0	4.0	228.0	
63.0	0.0	7.0	131.5	8.0	9.0	28.5	4.0	15.0	1.0	228.0	
64.0	0.0	7.0	131.5	8.0	9.0	28.5	4.0	4.0	2.0	228.0	
65.0	0.0	5.5	131.5	8.0	10.5	28.5	4.0	11.0	2.0	228.0	
66.0	0.0	8.0	131.5	8.0	8.0	28.5	4.0	12.0	5.0	228.0	
67.0	0.0	6.0	131.5	8.0	10.0	28.5	4.0	3.0	3.0	228.0	
68.0	0.0	6.5	131.5	8.0	9.5	28.5	4.0	5.0	3.0	228.0	
69.0	0.0	4.5	131.625	8.0	11.5	28.375	4.0	12.0	2.0	227.0	
70.0	0.0	5.0	131.625	8.0	11.0	28.375	4.0	11.0	5.0	227.0	
71.0	0.0	7.5	131.625	8.0	8.5	28.375	4.0	11.0	3.0	227.0	
72.0	0.0	5.0	131.625	8.0	11.0	28.375	4.0	11.0	2.0	227.0	
73.0	0.0	4.5	131.625	8.0	11.5	28.375	4.0	13.0	3.0	227.0	
74.0	0.0	8.5	131.625	8.0	7.5	28.375	4.0	1.0	3.0	227.0	
75.0	0.0	9.0	131.625	8.0	7.0	28.375	4.0	8.0	5.0	227.0	
76.0	0.0	5.5	131.625	8.0	10.5	28.375	4.0	6.0	4.0	227.0	
77.0	0.0	6.0	131.625	8.0	10.0	28.375	4.0	8.0	2.0	227.0	
78.0	0.0	5.0	131.625	8.0	11.0	28.375	4.0	8.0	1.0	227.0	
79.0	0.0	6.0	131.625	8.0	10.0	28.375	4.0	7.0	3.0	227.0	
80.0	0.0	4.5	131.625	8.0	11.5	28.375	4.0	3.0	1.0	227.0	
81.0	0.0	8.5	207.125	12.0	15.5	42.875	5.0	3.0	4.0	343.0	
82.0	0.0	10.0	207.125	12.0	14.0	42.875	5.0	6.0	2.0	343.0	
83.0	0.0	9.0	207.125	12.0	15.0	42.875	5.0	5.0	1.0	343.0	
84.0	0.0	8.5	207.125	12.0	15.5	42.875	5.0	12.0	2.0	343.0	
85.0	0.0	9.0	207.125	12.0	15.0	42.875	5.0	3.0	5.0	343.0	
86.0	0.0	8.5	207.125	12.0	15.5	42.875	5.0	15.0	4.0	343.0	
87.0	0.0	8.0	207.125	12.0	16.0	42.875	5.0	5.0	5.0	343.0	
88.0	0.0	9.0	207.125	12.0	15.0	42.875	5.0	4.0	3.0	343.0	
89.0	0.0	9.0	207.125	12.0	15.0	42.875	5.0	14.0	2.0	343.0	
90.0	0.0	10.5	207.25	12.0	13.5	42.75	5.0	4.0	1.0	342.0	
91.0	0.0	7.5	207.25	12.0	16.5	42.75	5.0	9.0	5.0	342.0	
92.0	0.0	9.5	207.25	12.0	14.5	42.75	5.0	10.0	4.0	342.0	
93.0	0.0	8.5	207.25	12.0	15.5	42.75	5.0	4.0	5.0	342.0	
94.0	0.0	9.5	207.25	12.0	14.5	42.75	5.0	13.0	1.0	342.0	
95.0	0.0	8.5	207.25	12.0	15.5	42.75	5.0	8.0	5.0	342.0	
96.0	0.0	8.5	207.25	12.0	15.5	42.75	5.0	15.0	3.0	342.0	
97.0	0.0	9.0	207.25	12.0	15.0	42.75	5.0	9.0	3.0	342.0	
98.0	0.0	6.5	207.25	12.0	17.5	42.75	5.0	15.0	2.0	342.0	
99.0	0.0	11.0	207.25	12.0	13.0	42.75	5.0	12.0	3.0	342.0	
100.0	0.0	8.0	207.25	12.0	16.0	42.75	5.0	14.0	1.0	342.0	
=====================================================================================================================================================
after 11 commit, VM matrix is (VM #, resource allocated to each VM (vCPU, memory, storage), resource used in each VM (vCPU, memory, storage), which flavour, VM in which PM, and VM in which rack, # blocks stored (each block is 0.125))
=====================================================================================================================================================
1.0	0.0	0.5	16.5	1.0	1.5	3.5	1.0	11.0	3.0	28.0	
2.0	0.0	0.5	16.5	1.0	1.5	3.5	1.0	14.0	1.0	28.0	
3.0	0.0	0.5	16.5	1.0	1.5	3.5	1.0	6.0	4.0	28.0	
4.0	0.0	0.5	16.5	1.0	1.5	3.5	1.0	9.0	4.0	28.0	
5.0	0.0	0.5	16.5	1.0	1.5	3.5	1.0	15.0	2.0	28.0	
6.0	0.0	0.5	16.5	1.0	1.5	3.5	1.0	7.0	1.0	28.0	
7.0	0.0	0.5	16.5	1.0	1.5	3.5	1.0	11.0	1.0	28.0	
8.0	0.0	0.5	16.5	1.0	1.5	3.5	1.0	15.0	3.0	28.0	
9.0	0.0	0.5	16.5	1.0	1.5	3.5	1.0	15.0	5.0	28.0	
10.0	0.0	0.5	16.625	1.0	1.5	3.375	1.0	15.0	1.0	27.0	
11.0	0.0	0.5	16.625	1.0	1.5	3.375	1.0	4.0	4.0	27.0	
12.0	0.0	0.5	16.625	1.0	1.5	3.375	1.0	5.0	3.0	27.0	
13.0	0.0	0.5	16.625	1.0	1.5	3.375	1.0	3.0	1.0	27.0	
14.0	0.0	0.5	16.625	1.0	1.5	3.375	1.0	13.0	5.0	27.0	
15.0	0.0	0.5	16.625	1.0	1.5	3.375	1.0	11.0	1.0	27.0	
16.0	0.0	1.0	16.625	1.0	1.0	3.375	1.0	14.0	2.0	27.0	
17.0	0.0	0.5	16.625	1.0	1.5	3.375	1.0	11.0	4.0	27.0	
18.0	0.0	0.5	16.625	1.0	1.5	3.375	1.0	2.0	5.0	27.0	
19.0	0.0	0.5	16.625	1.0	1.5	3.375	1.0	13.0	4.0	27.0	
20.0	0.0	1.0	16.625	1.0	1.0	3.375	1.0	4.0	5.0	27.0	
21.0	0.0	1.0	32.875	2.0	3.0	7.125	2.0	9.0	1.0	57.0	
22.0	0.0	1.5	32.875	2.0	2.5	7.125	2.0	6.0	2.0	57.0	
23.0	0.0	1.5	32.875	2.0	2.5	7.125	2.0	7.0	3.0	57.0	
24.0	0.0	1.0	32.875	2.0	3.0	7.125	2.0	14.0	4.0	57.0	
25.0	0.0	1.0	32.875	2.0	3.0	7.125	2.0	12.0	2.0	57.0	
26.0	0.0	1.0	32.875	2.0	3.0	7.125	2.0	1.0	2.0	57.0	
27.0	0.0	1.0	32.875	2.0	3.0	7.125	2.0	13.0	4.0	57.0	
28.0	0.0	2.0	32.875	2.0	2.0	7.125	2.0	8.0	1.0	57.0	
29.0	0.0	1.0	32.875	2.0	3.0	7.125	2.0	2.0	5.0	57.0	
30.0	0.0	1.0	32.875	2.0	3.0	7.125	2.0	14.0	1.0	57.0	
31.0	0.0	1.5	32.875	2.0	2.5	7.125	2.0	8.0	1.0	57.0	
32.0	0.0	1.5	32.875	2.0	2.5	7.125	2.0	14.0	3.0	57.0	
33.0	0.0	1.0	32.875	2.0	3.0	7.125	2.0	14.0	1.0	57.0	
34.0	0.0	1.0	32.875	2.0	3.0	7.125	2.0	14.0	1.0	57.0	
35.0	0.0	1.5	32.875	2.0	2.5	7.125	2.0	10.0	5.0	57.0	
36.0	0.0	1.0	32.875	2.0	3.0	7.125	2.0	15.0	4.0	57.0	
37.0	0.0	1.0	32.875	2.0	3.0	7.125	2.0	5.0	2.0	57.0	
38.0	0.0	1.0	32.875	2.0	3.0	7.125	2.0	5.0	5.0	57.0	
39.0	0.0	1.0	32.875	2.0	3.0	7.125	2.0	14.0	2.0	57.0	
40.0	0.0	2.0	32.875	2.0	2.0	7.125	2.0	11.0	3.0	57.0	
41.0	0.0	2.0	65.75	4.0	6.0	14.25	3.0	15.0	4.0	114.0	
42.0	0.0	2.0	65.75	4.0	6.0	14.25	3.0	4.0	1.0	114.0	
43.0	0.0	3.0	65.75	4.0	5.0	14.25	3.0	13.0	1.0	114.0	
44.0	0.0	2.0	65.75	4.0	6.0	14.25	3.0	3.0	5.0	114.0	
45.0	0.0	2.5	65.75	4.0	5.5	14.25	3.0	5.0	4.0	114.0	
46.0	0.0	2.5	65.75	4.0	5.5	14.25	3.0	14.0	3.0	114.0	
47.0	0.0	2.5	65.75	4.0	5.5	14.25	3.0	15.0	5.0	114.0	
48.0	0.0	2.0	65.75	4.0	6.0	14.25	3.0	13.0	4.0	114.0	
49.0	0.0	3.0	65.75	4.0	5.0	14.25	3.0	12.0	1.0	114.0	
50.0	0.0	2.5	65.75	4.0	5.5	14.25	3.0	9.0	1.0	114.0	
51.0	0.0	2.0	65.75	4.0	6.0	14.25	3.0	2.0	3.0	114.0	
52.0	0.0	3.0	65.75	4.0	5.0	14.25	3.0	4.0	3.0	114.0	
53.0	0.0	2.5	65.75	4.0	5.5	14.25	3.0	12.0	3.0	114.0	
54.0	0.0	2.5	65.75	4.0	5.5	14.25	3.0	10.0	5.0	114.0	
55.0	0.0	2.0	65.875	4.0	6.0	14.125	3.0	6.0	4.0	113.0	
56.0	0.0	2.5	65.875	4.0	5.5	14.125	3.0	13.0	5.0	113.0	
57.0	0.0	1.5	65.875	4.0	6.5	14.125	3.0	14.0	3.0	113.0	
58.0	0.0	2.0	65.875	4.0	6.0	14.125	3.0	11.0	4.0	113.0	
59.0	0.0	2.5	65.875	4.0	5.5	14.125	3.0	9.0	4.0	113.0	
60.0	0.0	3.5	65.875	4.0	4.5	14.125	3.0	3.0	3.0	113.0	
61.0	0.0	5.0	131.5	8.0	11.0	28.5	4.0	12.0	4.0	228.0	
62.0	0.0	4.5	131.5	8.0	11.5	28.5	4.0	7.0	4.0	228.0	
63.0	0.0	4.5	131.5	8.0	11.5	28.5	4.0	15.0	1.0	228.0	
64.0	0.0	5.0	131.5	8.0	11.0	28.5	4.0	4.0	2.0	228.0	
65.0	0.0	5.5	131.5	8.0	10.5	28.5	4.0	11.0	2.0	228.0	
66.0	0.0	4.5	131.5	8.0	11.5	28.5	4.0	12.0	5.0	228.0	
67.0	0.0	7.5	131.5	8.0	8.5	28.5	4.0	3.0	3.0	228.0	
68.0	0.0	4.5	131.5	8.0	11.5	28.5	4.0	5.0	3.0	228.0	
69.0	0.0	4.5	131.625	8.0	11.5	28.375	4.0	12.0	2.0	227.0	
70.0	0.0	4.5	131.625	8.0	11.5	28.375	4.0	11.0	5.0	227.0	
71.0	0.0	6.0	131.625	8.0	10.0	28.375	4.0	11.0	3.0	227.0	
72.0	0.0	5.0	131.625	8.0	11.0	28.375	4.0	11.0	2.0	227.0	
73.0	0.0	4.5	131.625	8.0	11.5	28.375	4.0	13.0	3.0	227.0	
74.0	0.0	6.0	131.625	8.0	10.0	28.375	4.0	1.0	3.0	227.0	
75.0	0.0	5.5	131.625	8.0	10.5	28.375	4.0	8.0	5.0	227.0	
76.0	0.0	6.0	131.625	8.0	10.0	28.375	4.0	6.0	4.0	227.0	
77.0	0.0	5.0	131.625	8.0	11.0	28.375	4.0	8.0	2.0	227.0	
78.0	0.0	4.0	131.625	8.0	12.0	28.375	4.0	8.0	1.0	227.0	
79.0	0.0	5.5	131.625	8.0	10.5	28.375	4.0	7.0	3.0	227.0	
80.0	0.0	4.5	131.625	8.0	11.5	28.375	4.0	3.0	1.0	227.0	
81.0	0.0	6.0	207.125	12.0	18.0	42.875	5.0	3.0	4.0	343.0	
82.0	0.0	8.0	207.125	12.0	16.0	42.875	5.0	6.0	2.0	343.0	
83.0	0.0	7.5	207.125	12.0	16.5	42.875	5.0	5.0	1.0	343.0	
84.0	0.0	6.5	207.125	12.0	17.5	42.875	5.0	12.0	2.0	343.0	
85.0	0.0	8.0	207.125	12.0	16.0	42.875	5.0	3.0	5.0	343.0	
86.0	0.0	6.5	207.125	12.0	17.5	42.875	5.0	15.0	4.0	343.0	
87.0	0.0	7.5	207.125	12.0	16.5	42.875	5.0	5.0	5.0	343.0	
88.0	0.0	5.5	207.125	12.0	18.5	42.875	5.0	4.0	3.0	343.0	
89.0	0.0	8.0	207.125	12.0	16.0	42.875	5.0	14.0	2.0	343.0	
90.0	0.0	9.5	207.25	12.0	14.5	42.75	5.0	4.0	1.0	342.0	
91.0	0.0	7.5	207.25	12.0	16.5	42.75	5.0	9.0	5.0	342.0	
92.0	0.0	8.5	207.25	12.0	15.5	42.75	5.0	10.0	4.0	342.0	
93.0	0.0	10.0	207.25	12.0	14.0	42.75	5.0	4.0	5.0	342.0	
94.0	0.0	6.5	207.25	12.0	17.5	42.75	5.0	13.0	1.0	342.0	
95.0	0.0	7.5	207.25	12.0	16.5	42.75	5.0	8.0	5.0	342.0	
96.0	0.0	6.0	207.25	12.0	18.0	42.75	5.0	15.0	3.0	342.0	
97.0	0.0	8.0	207.25	12.0	16.0	42.75	5.0	9.0	3.0	342.0	
98.0	0.0	6.5	207.25	12.0	17.5	42.75	5.0	15.0	2.0	342.0	
99.0	0.0	10.0	207.25	12.0	14.0	42.75	5.0	12.0	3.0	342.0	
100.0	0.0	6.0	207.25	12.0	18.0	42.75	5.0	14.0	1.0	342.0	
=====================================================================================================================================================
after 12 commit, VM matrix is (VM #, resource allocated to each VM (vCPU, memory, storage), resource used in each VM (vCPU, memory, storage), which flavour, VM in which PM, and VM in which rack, # blocks stored (each block is 0.125))
=====================================================================================================================================================
1.0	0.0	0.5	16.5	1.0	1.5	3.5	1.0	11.0	3.0	28.0	
2.0	0.0	0.5	16.5	1.0	1.5	3.5	1.0	14.0	1.0	28.0	
3.0	0.0	0.5	16.5	1.0	1.5	3.5	1.0	6.0	4.0	28.0	
4.0	0.0	0.5	16.5	1.0	1.5	3.5	1.0	9.0	4.0	28.0	
5.0	0.0	0.5	16.5	1.0	1.5	3.5	1.0	15.0	2.0	28.0	
6.0	0.0	0.5	16.5	1.0	1.5	3.5	1.0	7.0	1.0	28.0	
7.0	0.0	0.5	16.5	1.0	1.5	3.5	1.0	11.0	1.0	28.0	
8.0	0.0	0.5	16.5	1.0	1.5	3.5	1.0	15.0	3.0	28.0	
9.0	0.0	0.5	16.5	1.0	1.5	3.5	1.0	15.0	5.0	28.0	
10.0	0.0	0.5	16.625	1.0	1.5	3.375	1.0	15.0	1.0	27.0	
11.0	0.0	0.5	16.625	1.0	1.5	3.375	1.0	4.0	4.0	27.0	
12.0	0.0	0.5	16.625	1.0	1.5	3.375	1.0	5.0	3.0	27.0	
13.0	0.0	0.5	16.625	1.0	1.5	3.375	1.0	3.0	1.0	27.0	
14.0	0.0	0.5	16.625	1.0	1.5	3.375	1.0	13.0	5.0	27.0	
15.0	0.0	0.5	16.625	1.0	1.5	3.375	1.0	11.0	1.0	27.0	
16.0	0.0	0.5	16.625	1.0	1.5	3.375	1.0	14.0	2.0	27.0	
17.0	0.0	0.5	16.625	1.0	1.5	3.375	1.0	11.0	4.0	27.0	
18.0	0.0	0.5	16.625	1.0	1.5	3.375	1.0	2.0	5.0	27.0	
19.0	0.0	0.5	16.625	1.0	1.5	3.375	1.0	13.0	4.0	27.0	
20.0	0.0	0.5	16.625	1.0	1.5	3.375	1.0	4.0	5.0	27.0	
21.0	0.0	1.0	32.875	2.0	3.0	7.125	2.0	9.0	1.0	57.0	
22.0	0.0	1.0	32.875	2.0	3.0	7.125	2.0	6.0	2.0	57.0	
23.0	0.0	2.0	32.875	2.0	2.0	7.125	2.0	7.0	3.0	57.0	
24.0	0.0	1.0	32.875	2.0	3.0	7.125	2.0	14.0	4.0	57.0	
25.0	0.0	1.5	32.875	2.0	2.5	7.125	2.0	12.0	2.0	57.0	
26.0	0.0	1.0	32.875	2.0	3.0	7.125	2.0	1.0	2.0	57.0	
27.0	0.0	1.0	32.875	2.0	3.0	7.125	2.0	13.0	4.0	57.0	
28.0	0.0	1.0	32.875	2.0	3.0	7.125	2.0	8.0	1.0	57.0	
29.0	0.0	1.0	32.875	2.0	3.0	7.125	2.0	2.0	5.0	57.0	
30.0	0.0	1.0	32.875	2.0	3.0	7.125	2.0	14.0	1.0	57.0	
31.0	0.0	1.0	32.875	2.0	3.0	7.125	2.0	8.0	1.0	57.0	
32.0	0.0	1.0	32.875	2.0	3.0	7.125	2.0	14.0	3.0	57.0	
33.0	0.0	1.0	32.875	2.0	3.0	7.125	2.0	14.0	1.0	57.0	
34.0	0.0	1.0	32.875	2.0	3.0	7.125	2.0	14.0	1.0	57.0	
35.0	0.0	1.0	32.875	2.0	3.0	7.125	2.0	10.0	5.0	57.0	
36.0	0.0	1.0	32.875	2.0	3.0	7.125	2.0	15.0	4.0	57.0	
37.0	0.0	1.0	32.875	2.0	3.0	7.125	2.0	5.0	2.0	57.0	
38.0	0.0	1.0	32.875	2.0	3.0	7.125	2.0	5.0	5.0	57.0	
39.0	0.0	1.0	32.875	2.0	3.0	7.125	2.0	14.0	2.0	57.0	
40.0	0.0	1.0	32.875	2.0	3.0	7.125	2.0	11.0	3.0	57.0	
41.0	0.0	2.0	65.75	4.0	6.0	14.25	3.0	15.0	4.0	114.0	
42.0	0.0	2.0	65.75	4.0	6.0	14.25	3.0	4.0	1.0	114.0	
43.0	0.0	2.0	65.75	4.0	6.0	14.25	3.0	13.0	1.0	114.0	
44.0	0.0	2.0	65.75	4.0	6.0	14.25	3.0	3.0	5.0	114.0	
45.0	0.0	2.0	65.75	4.0	6.0	14.25	3.0	5.0	4.0	114.0	
46.0	0.0	2.0	65.75	4.0	6.0	14.25	3.0	14.0	3.0	114.0	
47.0	0.0	2.0	65.75	4.0	6.0	14.25	3.0	15.0	5.0	114.0	
48.0	0.0	2.0	65.75	4.0	6.0	14.25	3.0	13.0	4.0	114.0	
49.0	0.0	2.0	65.75	4.0	6.0	14.25	3.0	12.0	1.0	114.0	
50.0	0.0	2.0	65.75	4.0	6.0	14.25	3.0	9.0	1.0	114.0	
51.0	0.0	2.0	65.75	4.0	6.0	14.25	3.0	2.0	3.0	114.0	
52.0	0.0	2.0	65.75	4.0	6.0	14.25	3.0	4.0	3.0	114.0	
53.0	0.0	2.0	65.75	4.0	6.0	14.25	3.0	12.0	3.0	114.0	
54.0	0.0	2.0	65.75	4.0	6.0	14.25	3.0	10.0	5.0	114.0	
55.0	0.0	2.0	65.875	4.0	6.0	14.125	3.0	6.0	4.0	113.0	
56.0	0.0	2.0	65.875	4.0	6.0	14.125	3.0	13.0	5.0	113.0	
57.0	0.0	1.5	65.875	4.0	6.5	14.125	3.0	14.0	3.0	113.0	
58.0	0.0	2.0	65.875	4.0	6.0	14.125	3.0	11.0	4.0	113.0	
59.0	0.0	2.0	65.875	4.0	6.0	14.125	3.0	9.0	4.0	113.0	
60.0	0.0	3.5	65.875	4.0	4.5	14.125	3.0	3.0	3.0	113.0	
61.0	0.0	4.0	131.5	8.0	12.0	28.5	4.0	12.0	4.0	228.0	
62.0	0.0	4.0	131.5	8.0	12.0	28.5	4.0	7.0	4.0	228.0	
63.0	0.0	4.5	131.5	8.0	11.5	28.5	4.0	15.0	1.0	228.0	
64.0	0.0	5.0	131.5	8.0	11.0	28.5	4.0	4.0	2.0	228.0	
65.0	0.0	4.0	131.5	8.0	12.0	28.5	4.0	11.0	2.0	228.0	
66.0	0.0	4.0	131.5	8.0	12.0	28.5	4.0	12.0	5.0	228.0	
67.0	0.0	7.0	131.5	8.0	9.0	28.5	4.0	3.0	3.0	228.0	
68.0	0.0	5.5	131.5	8.0	10.5	28.5	4.0	5.0	3.0	228.0	
69.0	0.0	4.0	131.625	8.0	12.0	28.375	4.0	12.0	2.0	227.0	
70.0	0.0	4.0	131.625	8.0	12.0	28.375	4.0	11.0	5.0	227.0	
71.0	0.0	7.0	131.625	8.0	9.0	28.375	4.0	11.0	3.0	227.0	
72.0	0.0	4.0	131.625	8.0	12.0	28.375	4.0	11.0	2.0	227.0	
73.0	0.0	4.0	131.625	8.0	12.0	28.375	4.0	13.0	3.0	227.0	
74.0	0.0	5.5	131.625	8.0	10.5	28.375	4.0	1.0	3.0	227.0	
75.0	0.0	5.5	131.625	8.0	10.5	28.375	4.0	8.0	5.0	227.0	
76.0	0.0	4.5	131.625	8.0	11.5	28.375	4.0	6.0	4.0	227.0	
77.0	0.0	4.0	131.625	8.0	12.0	28.375	4.0	8.0	2.0	227.0	
78.0	0.0	4.0	131.625	8.0	12.0	28.375	4.0	8.0	1.0	227.0	
79.0	0.0	4.0	131.625	8.0	12.0	28.375	4.0	7.0	3.0	227.0	
80.0	0.0	4.0	131.625	8.0	12.0	28.375	4.0	3.0	1.0	227.0	
81.0	0.0	6.0	207.125	12.0	18.0	42.875	5.0	3.0	4.0	343.0	
82.0	0.0	9.0	207.125	12.0	15.0	42.875	5.0	6.0	2.0	343.0	
83.0	0.0	7.5	207.125	12.0	16.5	42.875	5.0	5.0	1.0	343.0	
84.0	0.0	6.5	207.125	12.0	17.5	42.875	5.0	12.0	2.0	343.0	
85.0	0.0	7.5	207.125	12.0	16.5	42.875	5.0	3.0	5.0	343.0	
86.0	0.0	6.0	207.125	12.0	18.0	42.875	5.0	15.0	4.0	343.0	
87.0	0.0	7.5	207.125	12.0	16.5	42.875	5.0	5.0	5.0	343.0	
88.0	0.0	5.5	207.125	12.0	18.5	42.875	5.0	4.0	3.0	343.0	
89.0	0.0	8.0	207.125	12.0	16.0	42.875	5.0	14.0	2.0	343.0	
90.0	0.0	9.0	207.25	12.0	15.0	42.75	5.0	4.0	1.0	342.0	
91.0	0.0	7.5	207.25	12.0	16.5	42.75	5.0	9.0	5.0	342.0	
92.0	0.0	9.0	207.25	12.0	15.0	42.75	5.0	10.0	4.0	342.0	
93.0	0.0	11.0	207.25	12.0	13.0	42.75	5.0	4.0	5.0	342.0	
94.0	0.0	6.5	207.25	12.0	17.5	42.75	5.0	13.0	1.0	342.0	
95.0	0.0	7.5	207.25	12.0	16.5	42.75	5.0	8.0	5.0	342.0	
96.0	0.0	7.5	207.25	12.0	16.5	42.75	5.0	15.0	3.0	342.0	
97.0	0.0	7.5	207.25	12.0	16.5	42.75	5.0	9.0	3.0	342.0	
98.0	0.0	7.5	207.25	12.0	16.5	42.75	5.0	15.0	2.0	342.0	
99.0	0.0	8.0	207.25	12.0	16.0	42.75	5.0	12.0	3.0	342.0	
100.0	0.0	7.5	207.25	12.0	16.5	42.75	5.0	14.0	1.0	342.0	
=====================================================================================================================================================
after 13 commit, VM matrix is (VM #, resource allocated to each VM (vCPU, memory, storage), resource used in each VM (vCPU, memory, storage), which flavour, VM in which PM, and VM in which rack, # blocks stored (each block is 0.125))
=====================================================================================================================================================
1.0	0.0	0.5	16.5	1.0	1.5	3.5	1.0	11.0	3.0	28.0	
2.0	1.0	2.0	16.5	0.0	0.0	3.5	1.0	14.0	1.0	28.0	
3.0	0.0	0.5	16.5	1.0	1.5	3.5	1.0	6.0	4.0	28.0	
4.0	0.0	0.5	16.5	1.0	1.5	3.5	1.0	9.0	4.0	28.0	
5.0	1.0	2.0	16.5	0.0	0.0	3.5	1.0	15.0	2.0	28.0	
6.0	1.0	2.0	16.5	0.0	0.0	3.5	1.0	7.0	1.0	28.0	
7.0	1.0	2.0	16.5	0.0	0.0	3.5	1.0	11.0	1.0	28.0	
8.0	0.0	0.5	16.5	1.0	1.5	3.5	1.0	15.0	3.0	28.0	
9.0	0.0	0.5	16.5	1.0	1.5	3.5	1.0	15.0	5.0	28.0	
10.0	0.0	0.5	16.625	1.0	1.5	3.375	1.0	15.0	1.0	27.0	
11.0	0.0	0.5	16.625	1.0	1.5	3.375	1.0	4.0	4.0	27.0	
12.0	0.0	0.5	16.625	1.0	1.5	3.375	1.0	5.0	3.0	27.0	
13.0	0.0	0.5	16.625	1.0	1.5	3.375	1.0	3.0	1.0	27.0	
14.0	0.0	0.5	16.625	1.0	1.5	3.375	1.0	13.0	5.0	27.0	
15.0	0.0	0.5	16.625	1.0	1.5	3.375	1.0	11.0	1.0	27.0	
16.0	0.0	0.5	16.625	1.0	1.5	3.375	1.0	14.0	2.0	27.0	
17.0	0.0	0.5	16.625	1.0	1.5	3.375	1.0	11.0	4.0	27.0	
18.0	1.0	2.0	16.625	0.0	0.0	3.375	1.0	2.0	5.0	27.0	
19.0	1.0	2.0	16.625	0.0	0.0	3.375	1.0	13.0	4.0	27.0	
20.0	0.0	0.5	16.625	1.0	1.5	3.375	1.0	4.0	5.0	27.0	
21.0	1.0	2.5	32.875	1.0	1.5	7.125	2.0	9.0	1.0	57.0	
22.0	0.0	1.0	32.875	2.0	3.0	7.125	2.0	6.0	2.0	57.0	
23.0	1.0	3.0	32.875	1.0	1.0	7.125	2.0	7.0	3.0	57.0	
24.0	0.0	2.5	32.875	2.0	1.5	7.125	2.0	14.0	4.0	57.0	
25.0	1.0	2.5	32.875	1.0	1.5	7.125	2.0	12.0	2.0	57.0	
26.0	1.0	2.5	32.875	1.0	1.5	7.125	2.0	1.0	2.0	57.0	
27.0	0.0	1.0	32.875	2.0	3.0	7.125	2.0	13.0	4.0	57.0	
28.0	1.0	2.5	32.875	1.0	1.5	7.125	2.0	8.0	1.0	57.0	
29.0	1.0	2.5	32.875	1.0	1.5	7.125	2.0	2.0	5.0	57.0	
30.0	0.0	1.5	32.875	2.0	2.5	7.125	2.0	14.0	1.0	57.0	
31.0	1.0	2.5	32.875	1.0	1.5	7.125	2.0	8.0	1.0	57.0	
32.0	1.0	2.5	32.875	1.0	1.5	7.125	2.0	14.0	3.0	57.0	
33.0	0.0	2.5	32.875	2.0	1.5	7.125	2.0	14.0	1.0	57.0	
34.0	0.0	2.5	32.875	2.0	1.5	7.125	2.0	14.0	1.0	57.0	
35.0	0.0	1.0	32.875	2.0	3.0	7.125	2.0	10.0	5.0	57.0	
36.0	1.0	2.5	32.875	1.0	1.5	7.125	2.0	15.0	4.0	57.0	
37.0	0.0	2.5	32.875	2.0	1.5	7.125	2.0	5.0	2.0	57.0	
38.0	0.0	1.0	32.875	2.0	3.0	7.125	2.0	5.0	5.0	57.0	
39.0	1.0	2.5	32.875	1.0	1.5	7.125	2.0	14.0	2.0	57.0	
40.0	0.0	1.0	32.875	2.0	3.0	7.125	2.0	11.0	3.0	57.0	
41.0	0.0	3.5	65.75	4.0	4.5	14.25	3.0	15.0	4.0	114.0	
42.0	1.0	4.0	65.75	3.0	4.0	14.25	3.0	4.0	1.0	114.0	
43.0	1.0	3.5	65.75	3.0	4.5	14.25	3.0	13.0	1.0	114.0	
44.0	1.0	3.5	65.75	3.0	4.5	14.25	3.0	3.0	5.0	114.0	
45.0	1.0	4.0	65.75	3.0	4.0	14.25	3.0	5.0	4.0	114.0	
46.0	0.0	3.5	65.75	4.0	4.5	14.25	3.0	14.0	3.0	114.0	
47.0	1.0	5.0	65.75	3.0	3.0	14.25	3.0	15.0	5.0	114.0	
48.0	0.0	2.0	65.75	4.0	6.0	14.25	3.0	13.0	4.0	114.0	
49.0	1.0	5.0	65.75	3.0	3.0	14.25	3.0	12.0	1.0	114.0	
50.0	1.0	3.5	65.75	3.0	4.5	14.25	3.0	9.0	1.0	114.0	
51.0	0.0	2.0	65.75	4.0	6.0	14.25	3.0	2.0	3.0	114.0	
52.0	0.0	2.0	65.75	4.0	6.0	14.25	3.0	4.0	3.0	114.0	
53.0	0.0	2.0	65.75	4.0	6.0	14.25	3.0	12.0	3.0	114.0	
54.0	0.0	2.5	65.75	4.0	5.5	14.25	3.0	10.0	5.0	114.0	
55.0	1.0	3.5	65.875	3.0	4.5	14.125	3.0	6.0	4.0	113.0	
56.0	0.0	2.0	65.875	4.0	6.0	14.125	3.0	13.0	5.0	113.0	
57.0	0.0	2.0	65.875	4.0	6.0	14.125	3.0	14.0	3.0	113.0	
58.0	1.0	3.5	65.875	3.0	4.5	14.125	3.0	11.0	4.0	113.0	
59.0	1.0	3.5	65.875	3.0	4.5	14.125	3.0	9.0	4.0	113.0	
60.0	0.0	2.0	65.875	4.0	6.0	14.125	3.0	3.0	3.0	113.0	
61.0	0.0	7.0	131.5	8.0	9.0	28.5	4.0	12.0	4.0	228.0	
62.0	0.0	6.0	131.5	8.0	10.0	28.5	4.0	7.0	4.0	228.0	
63.0	1.0	5.5	131.5	7.0	10.5	28.5	4.0	15.0	1.0	228.0	
64.0	1.0	6.0	131.5	7.0	10.0	28.5	4.0	4.0	2.0	228.0	
65.0	0.0	7.5	131.5	8.0	8.5	28.5	4.0	11.0	2.0	228.0	
66.0	1.0	6.0	131.5	7.0	10.0	28.5	4.0	12.0	5.0	228.0	
67.0	1.0	9.0	131.5	7.0	7.0	28.5	4.0	3.0	3.0	228.0	
68.0	0.0	8.5	131.5	8.0	7.5	28.5	4.0	5.0	3.0	228.0	
69.0	0.0	5.5	131.625	8.0	10.5	28.375	4.0	12.0	2.0	227.0	
70.0	0.0	5.5	131.625	8.0	10.5	28.375	4.0	11.0	5.0	227.0	
71.0	0.0	9.0	131.625	8.0	7.0	28.375	4.0	11.0	3.0	227.0	
72.0	1.0	6.0	131.625	7.0	10.0	28.375	4.0	11.0	2.0	227.0	
73.0	0.0	7.0	131.625	8.0	9.0	28.375	4.0	13.0	3.0	227.0	
74.0	0.0	7.0	131.625	8.0	9.0	28.375	4.0	1.0	3.0	227.0	
75.0	1.0	7.0	131.625	7.0	9.0	28.375	4.0	8.0	5.0	227.0	
76.0	1.0	7.5	131.625	7.0	8.5	28.375	4.0	6.0	4.0	227.0	
77.0	1.0	7.5	131.625	7.0	8.5	28.375	4.0	8.0	2.0	227.0	
78.0	1.0	7.0	131.625	7.0	9.0	28.375	4.0	8.0	1.0	227.0	
79.0	0.0	7.5	131.625	8.0	8.5	28.375	4.0	7.0	3.0	227.0	
80.0	1.0	7.5	131.625	7.0	8.5	28.375	4.0	3.0	1.0	227.0	
81.0	1.0	10.5	207.125	11.0	13.5	42.875	5.0	3.0	4.0	343.0	
82.0	1.0	13.5	207.125	11.0	10.5	42.875	5.0	6.0	2.0	343.0	
83.0	0.0	10.5	207.125	12.0	13.5	42.875	5.0	5.0	1.0	343.0	
84.0	1.0	10.5	207.125	11.0	13.5	42.875	5.0	12.0	2.0	343.0	
85.0	1.0	12.0	207.125	11.0	12.0	42.875	5.0	3.0	5.0	343.0	
86.0	1.0	10.5	207.125	11.0	13.5	42.875	5.0	15.0	4.0	343.0	
87.0	1.0	12.5	207.125	11.0	11.5	42.875	5.0	5.0	5.0	343.0	
88.0	1.0	11.0	207.125	11.0	13.0	42.875	5.0	4.0	3.0	343.0	
89.0	0.0	11.0	207.125	12.0	13.0	42.875	5.0	14.0	2.0	343.0	
90.0	0.0	11.0	207.25	12.0	13.0	42.75	5.0	4.0	1.0	342.0	
91.0	0.0	7.5	207.25	12.0	16.5	42.75	5.0	9.0	5.0	342.0	
92.0	1.0	12.5	207.25	11.0	11.5	42.75	5.0	10.0	4.0	342.0	
93.0	1.0	13.0	207.25	11.0	11.0	42.75	5.0	4.0	5.0	342.0	
94.0	0.0	7.5	207.25	12.0	16.5	42.75	5.0	13.0	1.0	342.0	
95.0	1.0	10.5	207.25	11.0	13.5	42.75	5.0	8.0	5.0	342.0	
96.0	1.0	12.5	207.25	11.0	11.5	42.75	5.0	15.0	3.0	342.0	
97.0	1.0	12.0	207.25	11.0	12.0	42.75	5.0	9.0	3.0	342.0	
98.0	0.0	10.5	207.25	12.0	13.5	42.75	5.0	15.0	2.0	342.0	
99.0	1.0	12.5	207.25	11.0	11.5	42.75	5.0	12.0	3.0	342.0	
100.0	1.0	10.5	207.25	11.0	13.5	42.75	5.0	14.0	1.0	342.0	
=====================================================================================================================================================
after 14 commit, VM matrix is (VM #, resource allocated to each VM (vCPU, memory, storage), resource used in each VM (vCPU, memory, storage), which flavour, VM in which PM, and VM in which rack, # blocks stored (each block is 0.125))
=====================================================================================================================================================
1.0	1.0	2.0	16.5	0.0	0.0	3.5	1.0	11.0	3.0	28.0	
2.0	1.0	2.0	16.5	0.0	0.0	3.5	1.0	14.0	1.0	28.0	
3.0	1.0	2.0	16.5	0.0	0.0	3.5	1.0	6.0	4.0	28.0	
4.0	1.0	2.0	16.5	0.0	0.0	3.5	1.0	9.0	4.0	28.0	
5.0	1.0	2.0	16.5	0.0	0.0	3.5	1.0	15.0	2.0	28.0	
6.0	1.0	2.0	16.5	0.0	0.0	3.5	1.0	7.0	1.0	28.0	
7.0	1.0	2.0	16.5	0.0	0.0	3.5	1.0	11.0	1.0	28.0	
8.0	1.0	2.0	16.5	0.0	0.0	3.5	1.0	15.0	3.0	28.0	
9.0	1.0	2.0	16.5	0.0	0.0	3.5	1.0	15.0	5.0	28.0	
10.0	1.0	2.0	16.625	0.0	0.0	3.375	1.0	15.0	1.0	27.0	
11.0	1.0	2.0	16.625	0.0	0.0	3.375	1.0	4.0	4.0	27.0	
12.0	1.0	2.0	16.625	0.0	0.0	3.375	1.0	5.0	3.0	27.0	
13.0	1.0	2.0	16.625	0.0	0.0	3.375	1.0	3.0	1.0	27.0	
14.0	1.0	2.0	16.625	0.0	0.0	3.375	1.0	13.0	5.0	27.0	
15.0	1.0	2.0	16.625	0.0	0.0	3.375	1.0	11.0	1.0	27.0	
16.0	1.0	2.0	16.625	0.0	0.0	3.375	1.0	14.0	2.0	27.0	
17.0	1.0	2.0	16.625	0.0	0.0	3.375	1.0	11.0	4.0	27.0	
18.0	1.0	2.0	16.625	0.0	0.0	3.375	1.0	2.0	5.0	27.0	
19.0	1.0	2.0	16.625	0.0	0.0	3.375	1.0	13.0	4.0	27.0	
20.0	1.0	2.0	16.625	0.0	0.0	3.375	1.0	4.0	5.0	27.0	
21.0	0.0	2.5	32.875	2.0	1.5	7.125	2.0	9.0	1.0	57.0	
22.0	0.0	2.5	32.875	2.0	1.5	7.125	2.0	6.0	2.0	57.0	
23.0	0.0	2.5	32.875	2.0	1.5	7.125	2.0	7.0	3.0	57.0	
24.0	0.0	2.5	32.875	2.0	1.5	7.125	2.0	14.0	4.0	57.0	
25.0	0.0	2.5	32.875	2.0	1.5	7.125	2.0	12.0	2.0	57.0	
26.0	0.0	2.5	32.875	2.0	1.5	7.125	2.0	1.0	2.0	57.0	
27.0	0.0	2.5	32.875	2.0	1.5	7.125	2.0	13.0	4.0	57.0	
28.0	0.0	2.5	32.875	2.0	1.5	7.125	2.0	8.0	1.0	57.0	
29.0	0.0	2.5	32.875	2.0	1.5	7.125	2.0	2.0	5.0	57.0	
30.0	1.0	3.0	32.875	1.0	1.0	7.125	2.0	14.0	1.0	57.0	
31.0	0.0	2.5	32.875	2.0	1.5	7.125	2.0	8.0	1.0	57.0	
32.0	0.0	2.5	32.875	2.0	1.5	7.125	2.0	14.0	3.0	57.0	
33.0	0.0	2.5	32.875	2.0	1.5	7.125	2.0	14.0	1.0	57.0	
34.0	0.0	2.5	32.875	2.0	1.5	7.125	2.0	14.0	1.0	57.0	
35.0	0.0	2.5	32.875	2.0	1.5	7.125	2.0	10.0	5.0	57.0	
36.0	0.0	2.5	32.875	2.0	1.5	7.125	2.0	15.0	4.0	57.0	
37.0	0.0	2.5	32.875	2.0	1.5	7.125	2.0	5.0	2.0	57.0	
38.0	0.0	2.5	32.875	2.0	1.5	7.125	2.0	5.0	5.0	57.0	
39.0	0.0	2.5	32.875	2.0	1.5	7.125	2.0	14.0	2.0	57.0	
40.0	0.0	2.5	32.875	2.0	1.5	7.125	2.0	11.0	3.0	57.0	
41.0	0.0	5.0	65.75	4.0	3.0	14.25	3.0	15.0	4.0	114.0	
42.0	1.0	5.5	65.75	3.0	2.5	14.25	3.0	4.0	1.0	114.0	
43.0	0.0	5.0	65.75	4.0	3.0	14.25	3.0	13.0	1.0	114.0	
44.0	1.0	5.0	65.75	3.0	3.0	14.25	3.0	3.0	5.0	114.0	
45.0	1.0	5.5	65.75	3.0	2.5	14.25	3.0	5.0	4.0	114.0	
46.0	1.0	5.0	65.75	3.0	3.0	14.25	3.0	14.0	3.0	114.0	
47.0	0.0	5.0	65.75	4.0	3.0	14.25	3.0	15.0	5.0	114.0	
48.0	1.0	5.0	65.75	3.0	3.0	14.25	3.0	13.0	4.0	114.0	
49.0	0.0	5.0	65.75	4.0	3.0	14.25	3.0	12.0	1.0	114.0	
50.0	0.0	5.0	65.75	4.0	3.0	14.25	3.0	9.0	1.0	114.0	
51.0	0.0	5.0	65.75	4.0	3.0	14.25	3.0	2.0	3.0	114.0	
52.0	0.0	5.0	65.75	4.0	3.0	14.25	3.0	4.0	3.0	114.0	
53.0	0.0	5.0	65.75	4.0	3.0	14.25	3.0	12.0	3.0	114.0	
54.0	1.0	5.5	65.75	3.0	2.5	14.25	3.0	10.0	5.0	114.0	
55.0	0.0	5.0	65.875	4.0	3.0	14.125	3.0	6.0	4.0	113.0	
56.0	1.0	5.0	65.875	3.0	3.0	14.125	3.0	13.0	5.0	113.0	
57.0	0.0	5.0	65.875	4.0	3.0	14.125	3.0	14.0	3.0	113.0	
58.0	0.0	5.0	65.875	4.0	3.0	14.125	3.0	11.0	4.0	113.0	
59.0	0.0	5.0	65.875	4.0	3.0	14.125	3.0	9.0	4.0	113.0	
60.0	0.0	5.0	65.875	4.0	3.0	14.125	3.0	3.0	3.0	113.0	
61.0	1.0	10.0	131.5	7.0	6.0	28.5	4.0	12.0	4.0	228.0	
62.0	0.0	9.0	131.5	8.0	7.0	28.5	4.0	7.0	4.0	228.0	
63.0	0.0	10.0	131.5	8.0	6.0	28.5	4.0	15.0	1.0	228.0	
64.0	0.0	9.0	131.5	8.0	7.0	28.5	4.0	4.0	2.0	228.0	
65.0	1.0	10.5	131.5	7.0	5.5	28.5	4.0	11.0	2.0	228.0	
66.0	1.0	10.5	131.5	7.0	5.5	28.5	4.0	12.0	5.0	228.0	
67.0	1.0	10.5	131.5	7.0	5.5	28.5	4.0	3.0	3.0	228.0	
68.0	0.0	10.0	131.5	8.0	6.0	28.5	4.0	5.0	3.0	228.0	
69.0	0.0	10.0	131.625	8.0	6.0	28.375	4.0	12.0	2.0	227.0	
70.0	0.0	10.0	131.625	8.0	6.0	28.375	4.0	11.0	5.0	227.0	
71.0	1.0	10.5	131.625	7.0	5.5	28.375	4.0	11.0	3.0	227.0	
72.0	1.0	10.5	131.625	7.0	5.5	28.375	4.0	11.0	2.0	227.0	
73.0	0.0	10.0	131.625	8.0	6.0	28.375	4.0	13.0	3.0	227.0	
74.0	1.0	10.0	131.625	7.0	6.0	28.375	4.0	1.0	3.0	227.0	
75.0	0.0	10.0	131.625	8.0	6.0	28.375	4.0	8.0	5.0	227.0	
76.0	0.0	9.0	131.625	8.0	7.0	28.375	4.0	6.0	4.0	227.0	
77.0	1.0	10.5	131.625	7.0	5.5	28.375	4.0	8.0	2.0	227.0	
78.0	1.0	10.0	131.625	7.0	6.0	28.375	4.0	8.0	1.0	227.0	
79.0	1.0	10.5	131.625	7.0	5.5	28.375	4.0	7.0	3.0	227.0	
80.0	0.0	9.0	131.625	8.0	7.0	28.375	4.0	3.0	1.0	227.0	
81.0	1.0	13.5	207.125	11.0	10.5	42.875	5.0	3.0	4.0	343.0	
82.0	0.0	15.0	207.125	12.0	9.0	42.875	5.0	6.0	2.0	343.0	
83.0	1.0	15.0	207.125	11.0	9.0	42.875	5.0	5.0	1.0	343.0	
84.0	1.0	13.5	207.125	11.0	10.5	42.875	5.0	12.0	2.0	343.0	
85.0	0.0	15.0	207.125	12.0	9.0	42.875	5.0	3.0	5.0	343.0	
86.0	0.0	13.5	207.125	12.0	10.5	42.875	5.0	15.0	4.0	343.0	
87.0	1.0	15.5	207.125	11.0	8.5	42.875	5.0	5.0	5.0	343.0	
88.0	1.0	14.0	207.125	11.0	10.0	42.875	5.0	4.0	3.0	343.0	
89.0	1.0	14.0	207.125	11.0	10.0	42.875	5.0	14.0	2.0	343.0	
90.0	0.0	14.0	207.25	12.0	10.0	42.75	5.0	4.0	1.0	342.0	
91.0	1.0	15.0	207.25	11.0	9.0	42.75	5.0	9.0	5.0	342.0	
92.0	1.0	15.5	207.25	11.0	8.5	42.75	5.0	10.0	4.0	342.0	
93.0	0.0	14.5	207.25	12.0	9.5	42.75	5.0	4.0	5.0	342.0	
94.0	1.0	15.0	207.25	11.0	9.0	42.75	5.0	13.0	1.0	342.0	
95.0	1.0	15.0	207.25	11.0	9.0	42.75	5.0	8.0	5.0	342.0	
96.0	1.0	14.0	207.25	11.0	10.0	42.75	5.0	15.0	3.0	342.0	
97.0	0.0	15.0	207.25	12.0	9.0	42.75	5.0	9.0	3.0	342.0	
98.0	1.0	15.0	207.25	11.0	9.0	42.75	5.0	15.0	2.0	342.0	
99.0	1.0	14.0	207.25	11.0	10.0	42.75	5.0	12.0	3.0	342.0	
100.0	1.0	15.0	207.25	11.0	9.0	42.75	5.0	14.0	1.0	342.0	
=====================================================================================================================================================
after 15 commit, VM matrix is (VM #, resource allocated to each VM (vCPU, memory, storage), resource used in each VM (vCPU, memory, storage), which flavour, VM in which PM, and VM in which rack, # blocks stored (each block is 0.125))
=====================================================================================================================================================
1.0	1.0	2.0	16.5	0.0	0.0	3.5	1.0	11.0	3.0	28.0	
2.0	1.0	2.0	16.5	0.0	0.0	3.5	1.0	14.0	1.0	28.0	
3.0	1.0	2.0	16.5	0.0	0.0	3.5	1.0	6.0	4.0	28.0	
4.0	1.0	2.0	16.5	0.0	0.0	3.5	1.0	9.0	4.0	28.0	
5.0	1.0	2.0	16.5	0.0	0.0	3.5	1.0	15.0	2.0	28.0	
6.0	1.0	2.0	16.5	0.0	0.0	3.5	1.0	7.0	1.0	28.0	
7.0	1.0	2.0	16.5	0.0	0.0	3.5	1.0	11.0	1.0	28.0	
8.0	1.0	2.0	16.5	0.0	0.0	3.5	1.0	15.0	3.0	28.0	
9.0	1.0	2.0	16.5	0.0	0.0	3.5	1.0	15.0	5.0	28.0	
10.0	1.0	2.0	16.625	0.0	0.0	3.375	1.0	15.0	1.0	27.0	
11.0	1.0	2.0	16.625	0.0	0.0	3.375	1.0	4.0	4.0	27.0	
12.0	1.0	2.0	16.625	0.0	0.0	3.375	1.0	5.0	3.0	27.0	
13.0	1.0	2.0	16.625	0.0	0.0	3.375	1.0	3.0	1.0	27.0	
14.0	1.0	2.0	16.625	0.0	0.0	3.375	1.0	13.0	5.0	27.0	
15.0	1.0	2.0	16.625	0.0	0.0	3.375	1.0	11.0	1.0	27.0	
16.0	1.0	2.0	16.625	0.0	0.0	3.375	1.0	14.0	2.0	27.0	
17.0	1.0	2.0	16.625	0.0	0.0	3.375	1.0	11.0	4.0	27.0	
18.0	1.0	2.0	16.625	0.0	0.0	3.375	1.0	2.0	5.0	27.0	
19.0	1.0	2.0	16.625	0.0	0.0	3.375	1.0	13.0	4.0	27.0	
20.0	1.0	2.0	16.625	0.0	0.0	3.375	1.0	4.0	5.0	27.0	
21.0	0.0	2.5	32.875	2.0	1.5	7.125	2.0	9.0	1.0	57.0	
22.0	0.0	2.5	32.875	2.0	1.5	7.125	2.0	6.0	2.0	57.0	
23.0	0.0	2.5	32.875	2.0	1.5	7.125	2.0	7.0	3.0	57.0	
24.0	0.0	2.5	32.875	2.0	1.5	7.125	2.0	14.0	4.0	57.0	
25.0	0.0	2.5	32.875	2.0	1.5	7.125	2.0	12.0	2.0	57.0	
26.0	0.0	2.5	32.875	2.0	1.5	7.125	2.0	1.0	2.0	57.0	
27.0	0.0	2.5	32.875	2.0	1.5	7.125	2.0	13.0	4.0	57.0	
28.0	0.0	2.5	32.875	2.0	1.5	7.125	2.0	8.0	1.0	57.0	
29.0	0.0	2.5	32.875	2.0	1.5	7.125	2.0	2.0	5.0	57.0	
30.0	1.0	3.0	32.875	1.0	1.0	7.125	2.0	14.0	1.0	57.0	
31.0	0.0	2.5	32.875	2.0	1.5	7.125	2.0	8.0	1.0	57.0	
32.0	0.0	2.5	32.875	2.0	1.5	7.125	2.0	14.0	3.0	57.0	
33.0	0.0	2.5	32.875	2.0	1.5	7.125	2.0	14.0	1.0	57.0	
34.0	0.0	2.5	32.875	2.0	1.5	7.125	2.0	14.0	1.0	57.0	
35.0	0.0	2.5	32.875	2.0	1.5	7.125	2.0	10.0	5.0	57.0	
36.0	0.0	2.5	32.875	2.0	1.5	7.125	2.0	15.0	4.0	57.0	
37.0	0.0	2.5	32.875	2.0	1.5	7.125	2.0	5.0	2.0	57.0	
38.0	0.0	2.5	32.875	2.0	1.5	7.125	2.0	5.0	5.0	57.0	
39.0	0.0	2.5	32.875	2.0	1.5	7.125	2.0	14.0	2.0	57.0	
40.0	0.0	2.5	32.875	2.0	1.5	7.125	2.0	11.0	3.0	57.0	
41.0	0.0	5.0	65.75	4.0	3.0	14.25	3.0	15.0	4.0	114.0	
42.0	1.0	5.5	65.75	3.0	2.5	14.25	3.0	4.0	1.0	114.0	
43.0	0.0	5.0	65.75	4.0	3.0	14.25	3.0	13.0	1.0	114.0	
44.0	0.0	5.0	65.75	4.0	3.0	14.25	3.0	3.0	5.0	114.0	
45.0	1.0	5.5	65.75	3.0	2.5	14.25	3.0	5.0	4.0	114.0	
46.0	0.0	5.0	65.75	4.0	3.0	14.25	3.0	14.0	3.0	114.0	
47.0	0.0	4.5	65.75	4.0	3.5	14.25	3.0	15.0	5.0	114.0	
48.0	0.0	5.0	65.75	4.0	3.0	14.25	3.0	13.0	4.0	114.0	
49.0	0.0	5.0	65.75	4.0	3.0	14.25	3.0	12.0	1.0	114.0	
50.0	0.0	5.0	65.75	4.0	3.0	14.25	3.0	9.0	1.0	114.0	
51.0	0.0	5.0	65.75	4.0	3.0	14.25	3.0	2.0	3.0	114.0	
52.0	0.0	5.0	65.75	4.0	3.0	14.25	3.0	4.0	3.0	114.0	
53.0	0.0	5.0	65.75	4.0	3.0	14.25	3.0	12.0	3.0	114.0	
54.0	1.0	5.5	65.75	3.0	2.5	14.25	3.0	10.0	5.0	114.0	
55.0	0.0	5.0	65.875	4.0	3.0	14.125	3.0	6.0	4.0	113.0	
56.0	0.0	5.0	65.875	4.0	3.0	14.125	3.0	13.0	5.0	113.0	
57.0	0.0	5.0	65.875	4.0	3.0	14.125	3.0	14.0	3.0	113.0	
58.0	0.0	5.0	65.875	4.0	3.0	14.125	3.0	11.0	4.0	113.0	
59.0	0.0	5.0	65.875	4.0	3.0	14.125	3.0	9.0	4.0	113.0	
60.0	0.0	5.0	65.875	4.0	3.0	14.125	3.0	3.0	3.0	113.0	
61.0	0.0	10.0	131.5	8.0	6.0	28.5	4.0	12.0	4.0	228.0	
62.0	1.0	10.5	131.5	7.0	5.5	28.5	4.0	7.0	4.0	228.0	
63.0	0.0	10.0	131.5	8.0	6.0	28.5	4.0	15.0	1.0	228.0	
64.0	1.0	10.5	131.5	7.0	5.5	28.5	4.0	4.0	2.0	228.0	
65.0	1.0	10.5	131.5	7.0	5.5	28.5	4.0	11.0	2.0	228.0	
66.0	1.0	10.5	131.5	7.0	5.5	28.5	4.0	12.0	5.0	228.0	
67.0	1.0	10.5	131.5	7.0	5.5	28.5	4.0	3.0	3.0	228.0	
68.0	0.0	10.0	131.5	8.0	6.0	28.5	4.0	5.0	3.0	228.0	
69.0	0.0	10.0	131.625	8.0	6.0	28.375	4.0	12.0	2.0	227.0	
70.0	0.0	10.0	131.625	8.0	6.0	28.375	4.0	11.0	5.0	227.0	
71.0	1.0	10.5	131.625	7.0	5.5	28.375	4.0	11.0	3.0	227.0	
72.0	1.0	10.5	131.625	7.0	5.5	28.375	4.0	11.0	2.0	227.0	
73.0	0.0	10.0	131.625	8.0	6.0	28.375	4.0	13.0	3.0	227.0	
74.0	0.0	10.0	131.625	8.0	6.0	28.375	4.0	1.0	3.0	227.0	
75.0	0.0	10.0	131.625	8.0	6.0	28.375	4.0	8.0	5.0	227.0	
76.0	1.0	10.5	131.625	7.0	5.5	28.375	4.0	6.0	4.0	227.0	
77.0	1.0	10.5	131.625	7.0	5.5	28.375	4.0	8.0	2.0	227.0	
78.0	0.0	10.0	131.625	8.0	6.0	28.375	4.0	8.0	1.0	227.0	
79.0	1.0	10.5	131.625	7.0	5.5	28.375	4.0	7.0	3.0	227.0	
80.0	1.0	10.5	131.625	7.0	5.5	28.375	4.0	3.0	1.0	227.0	
81.0	0.0	15.0	207.125	12.0	9.0	42.875	5.0	3.0	4.0	343.0	
82.0	0.0	15.0	207.125	12.0	9.0	42.875	5.0	6.0	2.0	343.0	
83.0	0.0	15.0	207.125	12.0	9.0	42.875	5.0	5.0	1.0	343.0	
84.0	0.0	15.0	207.125	12.0	9.0	42.875	5.0	12.0	2.0	343.0	
85.0	0.0	14.5	207.125	12.0	9.5	42.875	5.0	3.0	5.0	343.0	
86.0	0.0	15.0	207.125	12.0	9.0	42.875	5.0	15.0	4.0	343.0	
87.0	1.0	15.5	207.125	11.0	8.5	42.875	5.0	5.0	5.0	343.0	
88.0	1.0	15.5	207.125	11.0	8.5	42.875	5.0	4.0	3.0	343.0	
89.0	1.0	16.0	207.125	11.0	8.0	42.875	5.0	14.0	2.0	343.0	
90.0	1.0	15.5	207.25	11.0	8.5	42.75	5.0	4.0	1.0	342.0	
91.0	0.0	15.0	207.25	12.0	9.0	42.75	5.0	9.0	5.0	342.0	
92.0	1.0	15.5	207.25	11.0	8.5	42.75	5.0	10.0	4.0	342.0	
93.0	0.0	14.5	207.25	12.0	9.5	42.75	5.0	4.0	5.0	342.0	
94.0	0.0	15.0	207.25	12.0	9.0	42.75	5.0	13.0	1.0	342.0	
95.0	0.0	15.0	207.25	12.0	9.0	42.75	5.0	8.0	5.0	342.0	
96.0	1.0	15.5	207.25	11.0	8.5	42.75	5.0	15.0	3.0	342.0	
97.0	0.0	15.0	207.25	12.0	9.0	42.75	5.0	9.0	3.0	342.0	
98.0	0.0	15.0	207.25	12.0	9.0	42.75	5.0	15.0	2.0	342.0	
99.0	1.0	15.5	207.25	11.0	8.5	42.75	5.0	12.0	3.0	342.0	
100.0	0.0	15.0	207.25	12.0	9.0	42.75	5.0	14.0	1.0	342.0	
=====================================================================================================================================================
after 16 commit, VM matrix is (VM #, resource allocated to each VM (vCPU, memory, storage), resource used in each VM (vCPU, memory, storage), which flavour, VM in which PM, and VM in which rack, # blocks stored (each block is 0.125))
=====================================================================================================================================================
1.0	1.0	2.0	16.5	0.0	0.0	3.5	1.0	11.0	3.0	28.0	
2.0	1.0	2.0	16.5	0.0	0.0	3.5	1.0	14.0	1.0	28.0	
3.0	1.0	2.0	16.5	0.0	0.0	3.5	1.0	6.0	4.0	28.0	
4.0	1.0	2.0	16.5	0.0	0.0	3.5	1.0	9.0	4.0	28.0	
5.0	1.0	2.0	16.5	0.0	0.0	3.5	1.0	15.0	2.0	28.0	
6.0	1.0	2.0	16.5	0.0	0.0	3.5	1.0	7.0	1.0	28.0	
7.0	1.0	2.0	16.5	0.0	0.0	3.5	1.0	11.0	1.0	28.0	
8.0	1.0	2.0	16.5	0.0	0.0	3.5	1.0	15.0	3.0	28.0	
9.0	1.0	2.0	16.5	0.0	0.0	3.5	1.0	15.0	5.0	28.0	
10.0	1.0	2.0	16.625	0.0	0.0	3.375	1.0	15.0	1.0	27.0	
11.0	1.0	2.0	16.625	0.0	0.0	3.375	1.0	4.0	4.0	27.0	
12.0	1.0	2.0	16.625	0.0	0.0	3.375	1.0	5.0	3.0	27.0	
13.0	1.0	2.0	16.625	0.0	0.0	3.375	1.0	3.0	1.0	27.0	
14.0	1.0	2.0	16.625	0.0	0.0	3.375	1.0	13.0	5.0	27.0	
15.0	1.0	2.0	16.625	0.0	0.0	3.375	1.0	11.0	1.0	27.0	
16.0	1.0	2.0	16.625	0.0	0.0	3.375	1.0	14.0	2.0	27.0	
17.0	1.0	2.0	16.625	0.0	0.0	3.375	1.0	11.0	4.0	27.0	
18.0	1.0	2.0	16.625	0.0	0.0	3.375	1.0	2.0	5.0	27.0	
19.0	1.0	2.0	16.625	0.0	0.0	3.375	1.0	13.0	4.0	27.0	
20.0	1.0	2.0	16.625	0.0	0.0	3.375	1.0	4.0	5.0	27.0	
21.0	0.0	2.5	32.875	2.0	1.5	7.125	2.0	9.0	1.0	57.0	
22.0	0.0	2.5	32.875	2.0	1.5	7.125	2.0	6.0	2.0	57.0	
23.0	0.0	2.5	32.875	2.0	1.5	7.125	2.0	7.0	3.0	57.0	
24.0	0.0	2.5	32.875	2.0	1.5	7.125	2.0	14.0	4.0	57.0	
25.0	0.0	2.5	32.875	2.0	1.5	7.125	2.0	12.0	2.0	57.0	
26.0	0.0	2.5	32.875	2.0	1.5	7.125	2.0	1.0	2.0	57.0	
27.0	0.0	2.5	32.875	2.0	1.5	7.125	2.0	13.0	4.0	57.0	
28.0	0.0	2.5	32.875	2.0	1.5	7.125	2.0	8.0	1.0	57.0	
29.0	0.0	2.5	32.875	2.0	1.5	7.125	2.0	2.0	5.0	57.0	
30.0	1.0	3.0	32.875	1.0	1.0	7.125	2.0	14.0	1.0	57.0	
31.0	0.0	2.5	32.875	2.0	1.5	7.125	2.0	8.0	1.0	57.0	
32.0	0.0	2.5	32.875	2.0	1.5	7.125	2.0	14.0	3.0	57.0	
33.0	0.0	2.5	32.875	2.0	1.5	7.125	2.0	14.0	1.0	57.0	
34.0	0.0	2.5	32.875	2.0	1.5	7.125	2.0	14.0	1.0	57.0	
35.0	0.0	2.5	32.875	2.0	1.5	7.125	2.0	10.0	5.0	57.0	
36.0	0.0	2.5	32.875	2.0	1.5	7.125	2.0	15.0	4.0	57.0	
37.0	0.0	2.5	32.875	2.0	1.5	7.125	2.0	5.0	2.0	57.0	
38.0	0.0	2.5	32.875	2.0	1.5	7.125	2.0	5.0	5.0	57.0	
39.0	0.0	2.5	32.875	2.0	1.5	7.125	2.0	14.0	2.0	57.0	
40.0	0.0	2.5	32.875	2.0	1.5	7.125	2.0	11.0	3.0	57.0	
41.0	0.0	5.0	65.75	4.0	3.0	14.25	3.0	15.0	4.0	114.0	
42.0	1.0	5.5	65.75	3.0	2.5	14.25	3.0	4.0	1.0	114.0	
43.0	0.0	5.0	65.75	4.0	3.0	14.25	3.0	13.0	1.0	114.0	
44.0	0.0	5.0	65.75	4.0	3.0	14.25	3.0	3.0	5.0	114.0	
45.0	1.0	5.5	65.75	3.0	2.5	14.25	3.0	5.0	4.0	114.0	
46.0	0.0	5.0	65.75	4.0	3.0	14.25	3.0	14.0	3.0	114.0	
47.0	0.0	4.5	65.75	4.0	3.5	14.25	3.0	15.0	5.0	114.0	
48.0	0.0	5.5	65.75	4.0	2.5	14.25	3.0	13.0	4.0	114.0	
49.0	0.0	5.0	65.75	4.0	3.0	14.25	3.0	12.0	1.0	114.0	
50.0	0.0	5.0	65.75	4.0	3.0	14.25	3.0	9.0	1.0	114.0	
51.0	0.0	5.0	65.75	4.0	3.0	14.25	3.0	2.0	3.0	114.0	
52.0	0.0	5.0	65.75	4.0	3.0	14.25	3.0	4.0	3.0	114.0	
53.0	0.0	5.0	65.75	4.0	3.0	14.25	3.0	12.0	3.0	114.0	
54.0	1.0	5.5	65.75	3.0	2.5	14.25	3.0	10.0	5.0	114.0	
55.0	0.0	5.0	65.875	4.0	3.0	14.125	3.0	6.0	4.0	113.0	
56.0	0.0	5.0	65.875	4.0	3.0	14.125	3.0	13.0	5.0	113.0	
57.0	0.0	5.0	65.875	4.0	3.0	14.125	3.0	14.0	3.0	113.0	
58.0	0.0	5.0	65.875	4.0	3.0	14.125	3.0	11.0	4.0	113.0	
59.0	0.0	4.5	65.875	4.0	3.5	14.125	3.0	9.0	4.0	113.0	
60.0	0.0	5.0	65.875	4.0	3.0	14.125	3.0	3.0	3.0	113.0	
61.0	0.0	10.0	131.5	8.0	6.0	28.5	4.0	12.0	4.0	228.0	
62.0	1.0	11.0	131.5	7.0	5.0	28.5	4.0	7.0	4.0	228.0	
63.0	0.0	10.0	131.5	8.0	6.0	28.5	4.0	15.0	1.0	228.0	
64.0	1.0	10.5	131.5	7.0	5.5	28.5	4.0	4.0	2.0	228.0	
65.0	1.0	10.5	131.5	7.0	5.5	28.5	4.0	11.0	2.0	228.0	
66.0	1.0	10.5	131.5	7.0	5.5	28.5	4.0	12.0	5.0	228.0	
67.0	1.0	10.5	131.5	7.0	5.5	28.5	4.0	3.0	3.0	228.0	
68.0	0.0	9.5	131.5	8.0	6.5	28.5	4.0	5.0	3.0	228.0	
69.0	0.0	10.0	131.625	8.0	6.0	28.375	4.0	12.0	2.0	227.0	
70.0	0.0	10.0	131.625	8.0	6.0	28.375	4.0	11.0	5.0	227.0	
71.0	1.0	10.5	131.625	7.0	5.5	28.375	4.0	11.0	3.0	227.0	
72.0	1.0	10.5	131.625	7.0	5.5	28.375	4.0	11.0	2.0	227.0	
73.0	0.0	10.0	131.625	8.0	6.0	28.375	4.0	13.0	3.0	227.0	
74.0	0.0	10.0	131.625	8.0	6.0	28.375	4.0	1.0	3.0	227.0	
75.0	0.0	9.5	131.625	8.0	6.5	28.375	4.0	8.0	5.0	227.0	
76.0	1.0	10.5	131.625	7.0	5.5	28.375	4.0	6.0	4.0	227.0	
77.0	1.0	10.5	131.625	7.0	5.5	28.375	4.0	8.0	2.0	227.0	
78.0	0.0	10.0	131.625	8.0	6.0	28.375	4.0	8.0	1.0	227.0	
79.0	1.0	10.5	131.625	7.0	5.5	28.375	4.0	7.0	3.0	227.0	
80.0	1.0	10.5	131.625	7.0	5.5	28.375	4.0	3.0	1.0	227.0	
81.0	0.0	15.0	207.125	12.0	9.0	42.875	5.0	3.0	4.0	343.0	
82.0	0.0	14.5	207.125	12.0	9.5	42.875	5.0	6.0	2.0	343.0	
83.0	0.0	15.0	207.125	12.0	9.0	42.875	5.0	5.0	1.0	343.0	
84.0	0.0	15.0	207.125	12.0	9.0	42.875	5.0	12.0	2.0	343.0	
85.0	0.0	14.5	207.125	12.0	9.5	42.875	5.0	3.0	5.0	343.0	
86.0	0.0	15.0	207.125	12.0	9.0	42.875	5.0	15.0	4.0	343.0	
87.0	1.0	15.5	207.125	11.0	8.5	42.875	5.0	5.0	5.0	343.0	
88.0	1.0	15.5	207.125	11.0	8.5	42.875	5.0	4.0	3.0	343.0	
89.0	1.0	16.0	207.125	11.0	8.0	42.875	5.0	14.0	2.0	343.0	
90.0	1.0	15.5	207.25	11.0	8.5	42.75	5.0	4.0	1.0	342.0	
91.0	0.0	15.0	207.25	12.0	9.0	42.75	5.0	9.0	5.0	342.0	
92.0	1.0	15.5	207.25	11.0	8.5	42.75	5.0	10.0	4.0	342.0	
93.0	0.0	14.5	207.25	12.0	9.5	42.75	5.0	4.0	5.0	342.0	
94.0	0.0	15.0	207.25	12.0	9.0	42.75	5.0	13.0	1.0	342.0	
95.0	0.0	15.0	207.25	12.0	9.0	42.75	5.0	8.0	5.0	342.0	
96.0	1.0	15.5	207.25	11.0	8.5	42.75	5.0	15.0	3.0	342.0	
97.0	0.0	15.0	207.25	12.0	9.0	42.75	5.0	9.0	3.0	342.0	
98.0	0.0	15.0	207.25	12.0	9.0	42.75	5.0	15.0	2.0	342.0	
99.0	1.0	15.5	207.25	11.0	8.5	42.75	5.0	12.0	3.0	342.0	
100.0	0.0	15.0	207.25	12.0	9.0	42.75	5.0	14.0	1.0	342.0	
=====================================================================================================================================================
after 17 commit, VM matrix is (VM #, resource allocated to each VM (vCPU, memory, storage), resource used in each VM (vCPU, memory, storage), which flavour, VM in which PM, and VM in which rack, # blocks stored (each block is 0.125))
=====================================================================================================================================================
1.0	1.0	2.0	16.5	0.0	0.0	3.5	1.0	11.0	3.0	28.0	
2.0	1.0	2.0	16.5	0.0	0.0	3.5	1.0	14.0	1.0	28.0	
3.0	1.0	2.0	16.5	0.0	0.0	3.5	1.0	6.0	4.0	28.0	
4.0	1.0	2.0	16.5	0.0	0.0	3.5	1.0	9.0	4.0	28.0	
5.0	1.0	2.0	16.5	0.0	0.0	3.5	1.0	15.0	2.0	28.0	
6.0	1.0	2.0	16.5	0.0	0.0	3.5	1.0	7.0	1.0	28.0	
7.0	1.0	2.0	16.5	0.0	0.0	3.5	1.0	11.0	1.0	28.0	
8.0	1.0	2.0	16.5	0.0	0.0	3.5	1.0	15.0	3.0	28.0	
9.0	1.0	2.0	16.5	0.0	0.0	3.5	1.0	15.0	5.0	28.0	
10.0	1.0	2.0	16.625	0.0	0.0	3.375	1.0	15.0	1.0	27.0	
11.0	1.0	2.0	16.625	0.0	0.0	3.375	1.0	4.0	4.0	27.0	
12.0	1.0	2.0	16.625	0.0	0.0	3.375	1.0	5.0	3.0	27.0	
13.0	1.0	2.0	16.625	0.0	0.0	3.375	1.0	3.0	1.0	27.0	
14.0	1.0	2.0	16.625	0.0	0.0	3.375	1.0	13.0	5.0	27.0	
15.0	1.0	2.0	16.625	0.0	0.0	3.375	1.0	11.0	1.0	27.0	
16.0	1.0	2.0	16.625	0.0	0.0	3.375	1.0	14.0	2.0	27.0	
17.0	1.0	2.0	16.625	0.0	0.0	3.375	1.0	11.0	4.0	27.0	
18.0	1.0	2.0	16.625	0.0	0.0	3.375	1.0	2.0	5.0	27.0	
19.0	1.0	2.0	16.625	0.0	0.0	3.375	1.0	13.0	4.0	27.0	
20.0	1.0	2.0	16.625	0.0	0.0	3.375	1.0	4.0	5.0	27.0	
21.0	0.0	2.5	32.875	2.0	1.5	7.125	2.0	9.0	1.0	57.0	
22.0	0.0	2.5	32.875	2.0	1.5	7.125	2.0	6.0	2.0	57.0	
23.0	0.0	2.5	32.875	2.0	1.5	7.125	2.0	7.0	3.0	57.0	
24.0	0.0	2.5	32.875	2.0	1.5	7.125	2.0	14.0	4.0	57.0	
25.0	0.0	2.5	32.875	2.0	1.5	7.125	2.0	12.0	2.0	57.0	
26.0	0.0	2.5	32.875	2.0	1.5	7.125	2.0	1.0	2.0	57.0	
27.0	0.0	2.5	32.875	2.0	1.5	7.125	2.0	13.0	4.0	57.0	
28.0	0.0	2.5	32.875	2.0	1.5	7.125	2.0	8.0	1.0	57.0	
29.0	0.0	2.5	32.875	2.0	1.5	7.125	2.0	2.0	5.0	57.0	
30.0	1.0	3.0	32.875	1.0	1.0	7.125	2.0	14.0	1.0	57.0	
31.0	0.0	2.5	32.875	2.0	1.5	7.125	2.0	8.0	1.0	57.0	
32.0	0.0	2.5	32.875	2.0	1.5	7.125	2.0	14.0	3.0	57.0	
33.0	0.0	2.5	32.875	2.0	1.5	7.125	2.0	14.0	1.0	57.0	
34.0	0.0	2.5	32.875	2.0	1.5	7.125	2.0	14.0	1.0	57.0	
35.0	0.0	2.5	32.875	2.0	1.5	7.125	2.0	10.0	5.0	57.0	
36.0	0.0	2.5	32.875	2.0	1.5	7.125	2.0	15.0	4.0	57.0	
37.0	0.0	2.5	32.875	2.0	1.5	7.125	2.0	5.0	2.0	57.0	
38.0	0.0	2.5	32.875	2.0	1.5	7.125	2.0	5.0	5.0	57.0	
39.0	0.0	2.5	32.875	2.0	1.5	7.125	2.0	14.0	2.0	57.0	
40.0	0.0	2.5	32.875	2.0	1.5	7.125	2.0	11.0	3.0	57.0	
41.0	0.0	5.0	65.75	4.0	3.0	14.25	3.0	15.0	4.0	114.0	
42.0	1.0	5.5	65.75	3.0	2.5	14.25	3.0	4.0	1.0	114.0	
43.0	0.0	5.0	65.75	4.0	3.0	14.25	3.0	13.0	1.0	114.0	
44.0	0.0	5.0	65.75	4.0	3.0	14.25	3.0	3.0	5.0	114.0	
45.0	1.0	5.5	65.75	3.0	2.5	14.25	3.0	5.0	4.0	114.0	
46.0	0.0	5.0	65.75	4.0	3.0	14.25	3.0	14.0	3.0	114.0	
47.0	0.0	4.5	65.75	4.0	3.5	14.25	3.0	15.0	5.0	114.0	
48.0	0.0	5.5	65.75	4.0	2.5	14.25	3.0	13.0	4.0	114.0	
49.0	0.0	5.0	65.75	4.0	3.0	14.25	3.0	12.0	1.0	114.0	
50.0	0.0	5.0	65.75	4.0	3.0	14.25	3.0	9.0	1.0	114.0	
51.0	0.0	5.0	65.75	4.0	3.0	14.25	3.0	2.0	3.0	114.0	
52.0	0.0	5.0	65.75	4.0	3.0	14.25	3.0	4.0	3.0	114.0	
53.0	0.0	5.0	65.75	4.0	3.0	14.25	3.0	12.0	3.0	114.0	
54.0	1.0	5.5	65.75	3.0	2.5	14.25	3.0	10.0	5.0	114.0	
55.0	0.0	5.0	65.875	4.0	3.0	14.125	3.0	6.0	4.0	113.0	
56.0	0.0	5.0	65.875	4.0	3.0	14.125	3.0	13.0	5.0	113.0	
57.0	0.0	5.0	65.875	4.0	3.0	14.125	3.0	14.0	3.0	113.0	
58.0	0.0	5.0	65.875	4.0	3.0	14.125	3.0	11.0	4.0	113.0	
59.0	0.0	4.5	65.875	4.0	3.5	14.125	3.0	9.0	4.0	113.0	
60.0	0.0	5.0	65.875	4.0	3.0	14.125	3.0	3.0	3.0	113.0	
61.0	0.0	10.0	131.5	8.0	6.0	28.5	4.0	12.0	4.0	228.0	
62.0	1.0	11.0	131.5	7.0	5.0	28.5	4.0	7.0	4.0	228.0	
63.0	0.0	10.0	131.5	8.0	6.0	28.5	4.0	15.0	1.0	228.0	
64.0	1.0	10.5	131.5	7.0	5.5	28.5	4.0	4.0	2.0	228.0	
65.0	1.0	10.5	131.5	7.0	5.5	28.5	4.0	11.0	2.0	228.0	
66.0	1.0	10.5	131.5	7.0	5.5	28.5	4.0	12.0	5.0	228.0	
67.0	1.0	10.5	131.5	7.0	5.5	28.5	4.0	3.0	3.0	228.0	
68.0	0.0	9.5	131.5	8.0	6.5	28.5	4.0	5.0	3.0	228.0	
69.0	0.0	10.0	131.625	8.0	6.0	28.375	4.0	12.0	2.0	227.0	
70.0	0.0	10.0	131.625	8.0	6.0	28.375	4.0	11.0	5.0	227.0	
71.0	1.0	10.5	131.625	7.0	5.5	28.375	4.0	11.0	3.0	227.0	
72.0	1.0	10.5	131.625	7.0	5.5	28.375	4.0	11.0	2.0	227.0	
73.0	0.0	10.0	131.625	8.0	6.0	28.375	4.0	13.0	3.0	227.0	
74.0	0.0	10.0	131.625	8.0	6.0	28.375	4.0	1.0	3.0	227.0	
75.0	0.0	9.5	131.625	8.0	6.5	28.375	4.0	8.0	5.0	227.0	
76.0	1.0	10.5	131.625	7.0	5.5	28.375	4.0	6.0	4.0	227.0	
77.0	1.0	10.5	131.625	7.0	5.5	28.375	4.0	8.0	2.0	227.0	
78.0	0.0	10.0	131.625	8.0	6.0	28.375	4.0	8.0	1.0	227.0	
79.0	1.0	10.5	131.625	7.0	5.5	28.375	4.0	7.0	3.0	227.0	
80.0	1.0	10.5	131.625	7.0	5.5	28.375	4.0	3.0	1.0	227.0	
81.0	0.0	15.0	207.125	12.0	9.0	42.875	5.0	3.0	4.0	343.0	
82.0	0.0	14.5	207.125	12.0	9.5	42.875	5.0	6.0	2.0	343.0	
83.0	0.0	15.0	207.125	12.0	9.0	42.875	5.0	5.0	1.0	343.0	
84.0	0.0	15.0	207.125	12.0	9.0	42.875	5.0	12.0	2.0	343.0	
85.0	0.0	14.5	207.125	12.0	9.5	42.875	5.0	3.0	5.0	343.0	
86.0	0.0	15.0	207.125	12.0	9.0	42.875	5.0	15.0	4.0	343.0	
87.0	1.0	16.0	207.125	11.0	8.0	42.875	5.0	5.0	5.0	343.0	
88.0	1.0	15.5	207.125	11.0	8.5	42.875	5.0	4.0	3.0	343.0	
89.0	1.0	16.0	207.125	11.0	8.0	42.875	5.0	14.0	2.0	343.0	
90.0	1.0	15.5	207.25	11.0	8.5	42.75	5.0	4.0	1.0	342.0	
91.0	0.0	15.0	207.25	12.0	9.0	42.75	5.0	9.0	5.0	342.0	
92.0	1.0	15.5	207.25	11.0	8.5	42.75	5.0	10.0	4.0	342.0	
93.0	0.0	14.5	207.25	12.0	9.5	42.75	5.0	4.0	5.0	342.0	
94.0	0.0	15.0	207.25	12.0	9.0	42.75	5.0	13.0	1.0	342.0	
95.0	0.0	15.0	207.25	12.0	9.0	42.75	5.0	8.0	5.0	342.0	
96.0	1.0	15.5	207.25	11.0	8.5	42.75	5.0	15.0	3.0	342.0	
97.0	0.0	15.0	207.25	12.0	9.0	42.75	5.0	9.0	3.0	342.0	
98.0	0.0	15.0	207.25	12.0	9.0	42.75	5.0	15.0	2.0	342.0	
99.0	1.0	15.5	207.25	11.0	8.5	42.75	5.0	12.0	3.0	342.0	
100.0	0.0	15.0	207.25	12.0	9.0	42.75	5.0	14.0	1.0	342.0	
=====================================================================================================================================================
after 18 commit, VM matrix is (VM #, resource allocated to each VM (vCPU, memory, storage), resource used in each VM (vCPU, memory, storage), which flavour, VM in which PM, and VM in which rack, # blocks stored (each block is 0.125))
=====================================================================================================================================================
1.0	1.0	2.0	16.5	0.0	0.0	3.5	1.0	11.0	3.0	28.0	
2.0	1.0	2.0	16.5	0.0	0.0	3.5	1.0	14.0	1.0	28.0	
3.0	1.0	2.0	16.5	0.0	0.0	3.5	1.0	6.0	4.0	28.0	
4.0	1.0	2.0	16.5	0.0	0.0	3.5	1.0	9.0	4.0	28.0	
5.0	1.0	2.0	16.5	0.0	0.0	3.5	1.0	15.0	2.0	28.0	
6.0	1.0	2.0	16.5	0.0	0.0	3.5	1.0	7.0	1.0	28.0	
7.0	1.0	2.0	16.5	0.0	0.0	3.5	1.0	11.0	1.0	28.0	
8.0	1.0	2.0	16.5	0.0	0.0	3.5	1.0	15.0	3.0	28.0	
9.0	1.0	2.0	16.5	0.0	0.0	3.5	1.0	15.0	5.0	28.0	
10.0	1.0	2.0	16.625	0.0	0.0	3.375	1.0	15.0	1.0	27.0	
11.0	1.0	2.0	16.625	0.0	0.0	3.375	1.0	4.0	4.0	27.0	
12.0	1.0	2.0	16.625	0.0	0.0	3.375	1.0	5.0	3.0	27.0	
13.0	1.0	2.0	16.625	0.0	0.0	3.375	1.0	3.0	1.0	27.0	
14.0	1.0	2.0	16.625	0.0	0.0	3.375	1.0	13.0	5.0	27.0	
15.0	1.0	2.0	16.625	0.0	0.0	3.375	1.0	11.0	1.0	27.0	
16.0	1.0	2.0	16.625	0.0	0.0	3.375	1.0	14.0	2.0	27.0	
17.0	1.0	2.0	16.625	0.0	0.0	3.375	1.0	11.0	4.0	27.0	
18.0	1.0	2.0	16.625	0.0	0.0	3.375	1.0	2.0	5.0	27.0	
19.0	1.0	2.0	16.625	0.0	0.0	3.375	1.0	13.0	4.0	27.0	
20.0	1.0	2.0	16.625	0.0	0.0	3.375	1.0	4.0	5.0	27.0	
21.0	0.0	2.5	32.875	2.0	1.5	7.125	2.0	9.0	1.0	57.0	
22.0	0.0	2.5	32.875	2.0	1.5	7.125	2.0	6.0	2.0	57.0	
23.0	0.0	2.5	32.875	2.0	1.5	7.125	2.0	7.0	3.0	57.0	
24.0	0.0	2.5	32.875	2.0	1.5	7.125	2.0	14.0	4.0	57.0	
25.0	0.0	2.5	32.875	2.0	1.5	7.125	2.0	12.0	2.0	57.0	
26.0	0.0	2.5	32.875	2.0	1.5	7.125	2.0	1.0	2.0	57.0	
27.0	0.0	2.5	32.875	2.0	1.5	7.125	2.0	13.0	4.0	57.0	
28.0	0.0	2.5	32.875	2.0	1.5	7.125	2.0	8.0	1.0	57.0	
29.0	0.0	2.5	32.875	2.0	1.5	7.125	2.0	2.0	5.0	57.0	
30.0	1.0	3.0	32.875	1.0	1.0	7.125	2.0	14.0	1.0	57.0	
31.0	0.0	2.5	32.875	2.0	1.5	7.125	2.0	8.0	1.0	57.0	
32.0	0.0	2.5	32.875	2.0	1.5	7.125	2.0	14.0	3.0	57.0	
33.0	0.0	2.5	32.875	2.0	1.5	7.125	2.0	14.0	1.0	57.0	
34.0	0.0	2.5	32.875	2.0	1.5	7.125	2.0	14.0	1.0	57.0	
35.0	0.0	2.5	32.875	2.0	1.5	7.125	2.0	10.0	5.0	57.0	
36.0	0.0	2.5	32.875	2.0	1.5	7.125	2.0	15.0	4.0	57.0	
37.0	0.0	2.5	32.875	2.0	1.5	7.125	2.0	5.0	2.0	57.0	
38.0	0.0	2.5	32.875	2.0	1.5	7.125	2.0	5.0	5.0	57.0	
39.0	0.0	2.5	32.875	2.0	1.5	7.125	2.0	14.0	2.0	57.0	
40.0	0.0	2.5	32.875	2.0	1.5	7.125	2.0	11.0	3.0	57.0	
41.0	0.0	5.0	65.75	4.0	3.0	14.25	3.0	15.0	4.0	114.0	
42.0	1.0	5.5	65.75	3.0	2.5	14.25	3.0	4.0	1.0	114.0	
43.0	0.0	5.0	65.75	4.0	3.0	14.25	3.0	13.0	1.0	114.0	
44.0	0.0	5.0	65.75	4.0	3.0	14.25	3.0	3.0	5.0	114.0	
45.0	1.0	5.5	65.75	3.0	2.5	14.25	3.0	5.0	4.0	114.0	
46.0	0.0	5.0	65.75	4.0	3.0	14.25	3.0	14.0	3.0	114.0	
47.0	0.0	4.5	65.75	4.0	3.5	14.25	3.0	15.0	5.0	114.0	
48.0	0.0	5.5	65.75	4.0	2.5	14.25	3.0	13.0	4.0	114.0	
49.0	0.0	5.0	65.75	4.0	3.0	14.25	3.0	12.0	1.0	114.0	
50.0	0.0	5.0	65.75	4.0	3.0	14.25	3.0	9.0	1.0	114.0	
51.0	0.0	5.0	65.75	4.0	3.0	14.25	3.0	2.0	3.0	114.0	
52.0	0.0	5.0	65.75	4.0	3.0	14.25	3.0	4.0	3.0	114.0	
53.0	0.0	5.0	65.75	4.0	3.0	14.25	3.0	12.0	3.0	114.0	
54.0	1.0	5.5	65.75	3.0	2.5	14.25	3.0	10.0	5.0	114.0	
55.0	0.0	5.0	65.875	4.0	3.0	14.125	3.0	6.0	4.0	113.0	
56.0	0.0	5.0	65.875	4.0	3.0	14.125	3.0	13.0	5.0	113.0	
57.0	0.0	5.0	65.875	4.0	3.0	14.125	3.0	14.0	3.0	113.0	
58.0	0.0	5.0	65.875	4.0	3.0	14.125	3.0	11.0	4.0	113.0	
59.0	0.0	4.5	65.875	4.0	3.5	14.125	3.0	9.0	4.0	113.0	
60.0	0.0	5.0	65.875	4.0	3.0	14.125	3.0	3.0	3.0	113.0	
61.0	0.0	10.0	131.5	8.0	6.0	28.5	4.0	12.0	4.0	228.0	
62.0	1.0	11.0	131.5	7.0	5.0	28.5	4.0	7.0	4.0	228.0	
63.0	0.0	10.0	131.5	8.0	6.0	28.5	4.0	15.0	1.0	228.0	
64.0	1.0	10.5	131.5	7.0	5.5	28.5	4.0	4.0	2.0	228.0	
65.0	1.0	10.5	131.5	7.0	5.5	28.5	4.0	11.0	2.0	228.0	
66.0	1.0	10.5	131.5	7.0	5.5	28.5	4.0	12.0	5.0	228.0	
67.0	1.0	10.5	131.5	7.0	5.5	28.5	4.0	3.0	3.0	228.0	
68.0	0.0	9.5	131.5	8.0	6.5	28.5	4.0	5.0	3.0	228.0	
69.0	0.0	10.0	131.625	8.0	6.0	28.375	4.0	12.0	2.0	227.0	
70.0	0.0	10.0	131.625	8.0	6.0	28.375	4.0	11.0	5.0	227.0	
71.0	1.0	10.5	131.625	7.0	5.5	28.375	4.0	11.0	3.0	227.0	
72.0	1.0	11.0	131.625	7.0	5.0	28.375	4.0	11.0	2.0	227.0	
73.0	0.0	10.0	131.625	8.0	6.0	28.375	4.0	13.0	3.0	227.0	
74.0	0.0	10.0	131.625	8.0	6.0	28.375	4.0	1.0	3.0	227.0	
75.0	0.0	9.5	131.625	8.0	6.5	28.375	4.0	8.0	5.0	227.0	
76.0	1.0	10.5	131.625	7.0	5.5	28.375	4.0	6.0	4.0	227.0	
77.0	1.0	10.0	131.625	7.0	6.0	28.375	4.0	8.0	2.0	227.0	
78.0	0.0	10.0	131.625	8.0	6.0	28.375	4.0	8.0	1.0	227.0	
79.0	1.0	10.5	131.625	7.0	5.5	28.375	4.0	7.0	3.0	227.0	
80.0	1.0	10.5	131.625	7.0	5.5	28.375	4.0	3.0	1.0	227.0	
81.0	0.0	15.0	207.125	12.0	9.0	42.875	5.0	3.0	4.0	343.0	
82.0	0.0	14.5	207.125	12.0	9.5	42.875	5.0	6.0	2.0	343.0	
83.0	0.0	15.0	207.125	12.0	9.0	42.875	5.0	5.0	1.0	343.0	
84.0	0.0	15.0	207.125	12.0	9.0	42.875	5.0	12.0	2.0	343.0	
85.0	0.0	14.5	207.125	12.0	9.5	42.875	5.0	3.0	5.0	343.0	
86.0	0.0	15.0	207.125	12.0	9.0	42.875	5.0	15.0	4.0	343.0	
87.0	1.0	16.0	207.125	11.0	8.0	42.875	5.0	5.0	5.0	343.0	
88.0	1.0	15.5	207.125	11.0	8.5	42.875	5.0	4.0	3.0	343.0	
89.0	1.0	16.0	207.125	11.0	8.0	42.875	5.0	14.0	2.0	343.0	
90.0	1.0	15.5	207.25	11.0	8.5	42.75	5.0	4.0	1.0	342.0	
91.0	0.0	15.5	207.25	12.0	8.5	42.75	5.0	9.0	5.0	342.0	
92.0	1.0	15.5	207.25	11.0	8.5	42.75	5.0	10.0	4.0	342.0	
93.0	0.0	14.5	207.25	12.0	9.5	42.75	5.0	4.0	5.0	342.0	
94.0	0.0	15.0	207.25	12.0	9.0	42.75	5.0	13.0	1.0	342.0	
95.0	0.0	15.0	207.25	12.0	9.0	42.75	5.0	8.0	5.0	342.0	
96.0	1.0	15.5	207.25	11.0	8.5	42.75	5.0	15.0	3.0	342.0	
97.0	0.0	15.0	207.25	12.0	9.0	42.75	5.0	9.0	3.0	342.0	
98.0	0.0	15.0	207.25	12.0	9.0	42.75	5.0	15.0	2.0	342.0	
99.0	1.0	15.5	207.25	11.0	8.5	42.75	5.0	12.0	3.0	342.0	
100.0	0.0	15.0	207.25	12.0	9.0	42.75	5.0	14.0	1.0	342.0	
=====================================================================================================================================================
after 19 commit, VM matrix is (VM #, resource allocated to each VM (vCPU, memory, storage), resource used in each VM (vCPU, memory, storage), which flavour, VM in which PM, and VM in which rack, # blocks stored (each block is 0.125))
=====================================================================================================================================================
1.0	1.0	2.0	16.5	0.0	0.0	3.5	1.0	11.0	3.0	28.0	
2.0	1.0	2.0	16.5	0.0	0.0	3.5	1.0	14.0	1.0	28.0	
3.0	1.0	2.0	16.5	0.0	0.0	3.5	1.0	6.0	4.0	28.0	
4.0	1.0	2.0	16.5	0.0	0.0	3.5	1.0	9.0	4.0	28.0	
5.0	1.0	2.0	16.5	0.0	0.0	3.5	1.0	15.0	2.0	28.0	
6.0	1.0	2.0	16.5	0.0	0.0	3.5	1.0	7.0	1.0	28.0	
7.0	1.0	2.0	16.5	0.0	0.0	3.5	1.0	11.0	1.0	28.0	
8.0	1.0	2.0	16.5	0.0	0.0	3.5	1.0	15.0	3.0	28.0	
9.0	1.0	2.0	16.5	0.0	0.0	3.5	1.0	15.0	5.0	28.0	
10.0	1.0	2.0	16.625	0.0	0.0	3.375	1.0	15.0	1.0	27.0	
11.0	1.0	2.0	16.625	0.0	0.0	3.375	1.0	4.0	4.0	27.0	
12.0	1.0	2.0	16.625	0.0	0.0	3.375	1.0	5.0	3.0	27.0	
13.0	1.0	2.0	16.625	0.0	0.0	3.375	1.0	3.0	1.0	27.0	
14.0	1.0	2.0	16.625	0.0	0.0	3.375	1.0	13.0	5.0	27.0	
15.0	1.0	2.0	16.625	0.0	0.0	3.375	1.0	11.0	1.0	27.0	
16.0	1.0	2.0	16.625	0.0	0.0	3.375	1.0	14.0	2.0	27.0	
17.0	1.0	2.0	16.625	0.0	0.0	3.375	1.0	11.0	4.0	27.0	
18.0	1.0	2.0	16.625	0.0	0.0	3.375	1.0	2.0	5.0	27.0	
19.0	1.0	2.0	16.625	0.0	0.0	3.375	1.0	13.0	4.0	27.0	
20.0	1.0	2.0	16.625	0.0	0.0	3.375	1.0	4.0	5.0	27.0	
21.0	0.0	2.5	32.875	2.0	1.5	7.125	2.0	9.0	1.0	57.0	
22.0	0.0	2.5	32.875	2.0	1.5	7.125	2.0	6.0	2.0	57.0	
23.0	0.0	2.5	32.875	2.0	1.5	7.125	2.0	7.0	3.0	57.0	
24.0	0.0	2.5	32.875	2.0	1.5	7.125	2.0	14.0	4.0	57.0	
25.0	0.0	2.5	32.875	2.0	1.5	7.125	2.0	12.0	2.0	57.0	
26.0	0.0	2.5	32.875	2.0	1.5	7.125	2.0	1.0	2.0	57.0	
27.0	0.0	2.5	32.875	2.0	1.5	7.125	2.0	13.0	4.0	57.0	
28.0	0.0	2.5	32.875	2.0	1.5	7.125	2.0	8.0	1.0	57.0	
29.0	0.0	2.5	32.875	2.0	1.5	7.125	2.0	2.0	5.0	57.0	
30.0	1.0	3.0	32.875	1.0	1.0	7.125	2.0	14.0	1.0	57.0	
31.0	0.0	2.5	32.875	2.0	1.5	7.125	2.0	8.0	1.0	57.0	
32.0	0.0	2.5	32.875	2.0	1.5	7.125	2.0	14.0	3.0	57.0	
33.0	0.0	2.5	32.875	2.0	1.5	7.125	2.0	14.0	1.0	57.0	
34.0	0.0	2.5	32.875	2.0	1.5	7.125	2.0	14.0	1.0	57.0	
35.0	0.0	2.5	32.875	2.0	1.5	7.125	2.0	10.0	5.0	57.0	
36.0	0.0	2.5	32.875	2.0	1.5	7.125	2.0	15.0	4.0	57.0	
37.0	0.0	2.5	32.875	2.0	1.5	7.125	2.0	5.0	2.0	57.0	
38.0	0.0	2.5	32.875	2.0	1.5	7.125	2.0	5.0	5.0	57.0	
39.0	0.0	2.5	32.875	2.0	1.5	7.125	2.0	14.0	2.0	57.0	
40.0	0.0	2.5	32.875	2.0	1.5	7.125	2.0	11.0	3.0	57.0	
41.0	0.0	5.0	65.75	4.0	3.0	14.25	3.0	15.0	4.0	114.0	
42.0	1.0	5.5	65.75	3.0	2.5	14.25	3.0	4.0	1.0	114.0	
43.0	0.0	5.0	65.75	4.0	3.0	14.25	3.0	13.0	1.0	114.0	
44.0	0.0	5.0	65.75	4.0	3.0	14.25	3.0	3.0	5.0	114.0	
45.0	1.0	5.5	65.75	3.0	2.5	14.25	3.0	5.0	4.0	114.0	
46.0	0.0	5.0	65.75	4.0	3.0	14.25	3.0	14.0	3.0	114.0	
47.0	0.0	4.5	65.75	4.0	3.5	14.25	3.0	15.0	5.0	114.0	
48.0	0.0	5.5	65.75	4.0	2.5	14.25	3.0	13.0	4.0	114.0	
49.0	0.0	5.0	65.75	4.0	3.0	14.25	3.0	12.0	1.0	114.0	
50.0	0.0	5.0	65.75	4.0	3.0	14.25	3.0	9.0	1.0	114.0	
51.0	0.0	5.0	65.75	4.0	3.0	14.25	3.0	2.0	3.0	114.0	
52.0	0.0	5.0	65.75	4.0	3.0	14.25	3.0	4.0	3.0	114.0	
53.0	0.0	5.0	65.75	4.0	3.0	14.25	3.0	12.0	3.0	114.0	
54.0	1.0	5.5	65.75	3.0	2.5	14.25	3.0	10.0	5.0	114.0	
55.0	0.0	5.0	65.875	4.0	3.0	14.125	3.0	6.0	4.0	113.0	
56.0	0.0	5.0	65.875	4.0	3.0	14.125	3.0	13.0	5.0	113.0	
57.0	0.0	5.0	65.875	4.0	3.0	14.125	3.0	14.0	3.0	113.0	
58.0	0.0	5.0	65.875	4.0	3.0	14.125	3.0	11.0	4.0	113.0	
59.0	0.0	4.5	65.875	4.0	3.5	14.125	3.0	9.0	4.0	113.0	
60.0	0.0	5.0	65.875	4.0	3.0	14.125	3.0	3.0	3.0	113.0	
61.0	0.0	10.0	131.5	8.0	6.0	28.5	4.0	12.0	4.0	228.0	
62.0	1.0	11.0	131.5	7.0	5.0	28.5	4.0	7.0	4.0	228.0	
63.0	0.0	9.5	131.5	8.0	6.5	28.5	4.0	15.0	1.0	228.0	
64.0	1.0	10.5	131.5	7.0	5.5	28.5	4.0	4.0	2.0	228.0	
65.0	1.0	10.5	131.5	7.0	5.5	28.5	4.0	11.0	2.0	228.0	
66.0	1.0	10.5	131.5	7.0	5.5	28.5	4.0	12.0	5.0	228.0	
67.0	1.0	10.5	131.5	7.0	5.5	28.5	4.0	3.0	3.0	228.0	
68.0	0.0	9.5	131.5	8.0	6.5	28.5	4.0	5.0	3.0	228.0	
69.0	0.0	10.0	131.625	8.0	6.0	28.375	4.0	12.0	2.0	227.0	
70.0	0.0	10.0	131.625	8.0	6.0	28.375	4.0	11.0	5.0	227.0	
71.0	1.0	10.5	131.625	7.0	5.5	28.375	4.0	11.0	3.0	227.0	
72.0	1.0	11.0	131.625	7.0	5.0	28.375	4.0	11.0	2.0	227.0	
73.0	0.0	10.5	131.625	8.0	5.5	28.375	4.0	13.0	3.0	227.0	
74.0	0.0	10.0	131.625	8.0	6.0	28.375	4.0	1.0	3.0	227.0	
75.0	0.0	9.5	131.625	8.0	6.5	28.375	4.0	8.0	5.0	227.0	
76.0	1.0	10.5	131.625	7.0	5.5	28.375	4.0	6.0	4.0	227.0	
77.0	1.0	10.0	131.625	7.0	6.0	28.375	4.0	8.0	2.0	227.0	
78.0	0.0	10.0	131.625	8.0	6.0	28.375	4.0	8.0	1.0	227.0	
79.0	1.0	10.5	131.625	7.0	5.5	28.375	4.0	7.0	3.0	227.0	
80.0	1.0	10.5	131.625	7.0	5.5	28.375	4.0	3.0	1.0	227.0	
81.0	0.0	15.0	207.125	12.0	9.0	42.875	5.0	3.0	4.0	343.0	
82.0	0.0	14.5	207.125	12.0	9.5	42.875	5.0	6.0	2.0	343.0	
83.0	0.0	15.0	207.125	12.0	9.0	42.875	5.0	5.0	1.0	343.0	
84.0	0.0	15.0	207.125	12.0	9.0	42.875	5.0	12.0	2.0	343.0	
85.0	0.0	14.5	207.125	12.0	9.5	42.875	5.0	3.0	5.0	343.0	
86.0	0.0	15.0	207.125	12.0	9.0	42.875	5.0	15.0	4.0	343.0	
87.0	1.0	16.0	207.125	11.0	8.0	42.875	5.0	5.0	5.0	343.0	
88.0	1.0	15.5	207.125	11.0	8.5	42.875	5.0	4.0	3.0	343.0	
89.0	1.0	16.0	207.125	11.0	8.0	42.875	5.0	14.0	2.0	343.0	
90.0	1.0	15.5	207.25	11.0	8.5	42.75	5.0	4.0	1.0	342.0	
91.0	0.0	15.5	207.25	12.0	8.5	42.75	5.0	9.0	5.0	342.0	
92.0	1.0	15.5	207.25	11.0	8.5	42.75	5.0	10.0	4.0	342.0	
93.0	0.0	15.0	207.25	12.0	9.0	42.75	5.0	4.0	5.0	342.0	
94.0	0.0	15.0	207.25	12.0	9.0	42.75	5.0	13.0	1.0	342.0	
95.0	0.0	15.0	207.25	12.0	9.0	42.75	5.0	8.0	5.0	342.0	
96.0	1.0	15.5	207.25	11.0	8.5	42.75	5.0	15.0	3.0	342.0	
97.0	0.0	15.0	207.25	12.0	9.0	42.75	5.0	9.0	3.0	342.0	
98.0	0.0	15.0	207.25	12.0	9.0	42.75	5.0	15.0	2.0	342.0	
99.0	1.0	15.5	207.25	11.0	8.5	42.75	5.0	12.0	3.0	342.0	
100.0	0.0	15.0	207.25	12.0	9.0	42.75	5.0	14.0	1.0	342.0	
=====================================================================================================================================================
after 20 commit, VM matrix is (VM #, resource allocated to each VM (vCPU, memory, storage), resource used in each VM (vCPU, memory, storage), which flavour, VM in which PM, and VM in which rack, # blocks stored (each block is 0.125))
=====================================================================================================================================================
1.0	1.0	2.0	16.5	0.0	0.0	3.5	1.0	11.0	3.0	28.0	
2.0	1.0	2.0	16.5	0.0	0.0	3.5	1.0	14.0	1.0	28.0	
3.0	1.0	2.0	16.5	0.0	0.0	3.5	1.0	6.0	4.0	28.0	
4.0	1.0	2.0	16.5	0.0	0.0	3.5	1.0	9.0	4.0	28.0	
5.0	1.0	2.0	16.5	0.0	0.0	3.5	1.0	15.0	2.0	28.0	
6.0	1.0	2.0	16.5	0.0	0.0	3.5	1.0	7.0	1.0	28.0	
7.0	1.0	2.0	16.5	0.0	0.0	3.5	1.0	11.0	1.0	28.0	
8.0	1.0	2.0	16.5	0.0	0.0	3.5	1.0	15.0	3.0	28.0	
9.0	1.0	2.0	16.5	0.0	0.0	3.5	1.0	15.0	5.0	28.0	
10.0	1.0	2.0	16.625	0.0	0.0	3.375	1.0	15.0	1.0	27.0	
11.0	1.0	2.0	16.625	0.0	0.0	3.375	1.0	4.0	4.0	27.0	
12.0	1.0	2.0	16.625	0.0	0.0	3.375	1.0	5.0	3.0	27.0	
13.0	1.0	2.0	16.625	0.0	0.0	3.375	1.0	3.0	1.0	27.0	
14.0	1.0	2.0	16.625	0.0	0.0	3.375	1.0	13.0	5.0	27.0	
15.0	1.0	2.0	16.625	0.0	0.0	3.375	1.0	11.0	1.0	27.0	
16.0	1.0	2.0	16.625	0.0	0.0	3.375	1.0	14.0	2.0	27.0	
17.0	1.0	2.0	16.625	0.0	0.0	3.375	1.0	11.0	4.0	27.0	
18.0	1.0	2.0	16.625	0.0	0.0	3.375	1.0	2.0	5.0	27.0	
19.0	1.0	2.0	16.625	0.0	0.0	3.375	1.0	13.0	4.0	27.0	
20.0	1.0	2.0	16.625	0.0	0.0	3.375	1.0	4.0	5.0	27.0	
21.0	0.0	2.5	32.875	2.0	1.5	7.125	2.0	9.0	1.0	57.0	
22.0	0.0	2.5	32.875	2.0	1.5	7.125	2.0	6.0	2.0	57.0	
23.0	0.0	2.5	32.875	2.0	1.5	7.125	2.0	7.0	3.0	57.0	
24.0	0.0	2.5	32.875	2.0	1.5	7.125	2.0	14.0	4.0	57.0	
25.0	0.0	2.5	32.875	2.0	1.5	7.125	2.0	12.0	2.0	57.0	
26.0	0.0	2.5	32.875	2.0	1.5	7.125	2.0	1.0	2.0	57.0	
27.0	0.0	2.5	32.875	2.0	1.5	7.125	2.0	13.0	4.0	57.0	
28.0	0.0	2.5	32.875	2.0	1.5	7.125	2.0	8.0	1.0	57.0	
29.0	0.0	2.5	32.875	2.0	1.5	7.125	2.0	2.0	5.0	57.0	
30.0	1.0	3.0	32.875	1.0	1.0	7.125	2.0	14.0	1.0	57.0	
31.0	0.0	2.5	32.875	2.0	1.5	7.125	2.0	8.0	1.0	57.0	
32.0	0.0	2.5	32.875	2.0	1.5	7.125	2.0	14.0	3.0	57.0	
33.0	0.0	2.5	32.875	2.0	1.5	7.125	2.0	14.0	1.0	57.0	
34.0	0.0	2.5	32.875	2.0	1.5	7.125	2.0	14.0	1.0	57.0	
35.0	0.0	2.5	32.875	2.0	1.5	7.125	2.0	10.0	5.0	57.0	
36.0	0.0	2.5	32.875	2.0	1.5	7.125	2.0	15.0	4.0	57.0	
37.0	0.0	2.5	32.875	2.0	1.5	7.125	2.0	5.0	2.0	57.0	
38.0	0.0	2.5	32.875	2.0	1.5	7.125	2.0	5.0	5.0	57.0	
39.0	0.0	2.5	32.875	2.0	1.5	7.125	2.0	14.0	2.0	57.0	
40.0	0.0	2.5	32.875	2.0	1.5	7.125	2.0	11.0	3.0	57.0	
41.0	0.0	5.0	65.75	4.0	3.0	14.25	3.0	15.0	4.0	114.0	
42.0	1.0	5.5	65.75	3.0	2.5	14.25	3.0	4.0	1.0	114.0	
43.0	0.0	5.0	65.75	4.0	3.0	14.25	3.0	13.0	1.0	114.0	
44.0	0.0	5.0	65.75	4.0	3.0	14.25	3.0	3.0	5.0	114.0	
45.0	1.0	5.5	65.75	3.0	2.5	14.25	3.0	5.0	4.0	114.0	
46.0	0.0	5.0	65.75	4.0	3.0	14.25	3.0	14.0	3.0	114.0	
47.0	0.0	4.5	65.75	4.0	3.5	14.25	3.0	15.0	5.0	114.0	
48.0	0.0	5.5	65.75	4.0	2.5	14.25	3.0	13.0	4.0	114.0	
49.0	0.0	5.0	65.75	4.0	3.0	14.25	3.0	12.0	1.0	114.0	
50.0	0.0	5.0	65.75	4.0	3.0	14.25	3.0	9.0	1.0	114.0	
51.0	0.0	5.0	65.75	4.0	3.0	14.25	3.0	2.0	3.0	114.0	
52.0	0.0	5.0	65.75	4.0	3.0	14.25	3.0	4.0	3.0	114.0	
53.0	0.0	5.0	65.75	4.0	3.0	14.25	3.0	12.0	3.0	114.0	
54.0	1.0	5.5	65.75	3.0	2.5	14.25	3.0	10.0	5.0	114.0	
55.0	0.0	5.0	65.875	4.0	3.0	14.125	3.0	6.0	4.0	113.0	
56.0	0.0	5.0	65.875	4.0	3.0	14.125	3.0	13.0	5.0	113.0	
57.0	0.0	5.0	65.875	4.0	3.0	14.125	3.0	14.0	3.0	113.0	
58.0	0.0	5.0	65.875	4.0	3.0	14.125	3.0	11.0	4.0	113.0	
59.0	0.0	4.5	65.875	4.0	3.5	14.125	3.0	9.0	4.0	113.0	
60.0	0.0	5.0	65.875	4.0	3.0	14.125	3.0	3.0	3.0	113.0	
61.0	0.0	10.0	131.5	8.0	6.0	28.5	4.0	12.0	4.0	228.0	
62.0	1.0	11.0	131.5	7.0	5.0	28.5	4.0	7.0	4.0	228.0	
63.0	0.0	9.5	131.5	8.0	6.5	28.5	4.0	15.0	1.0	228.0	
64.0	1.0	10.5	131.5	7.0	5.5	28.5	4.0	4.0	2.0	228.0	
65.0	1.0	10.5	131.5	7.0	5.5	28.5	4.0	11.0	2.0	228.0	
66.0	1.0	10.5	131.5	7.0	5.5	28.5	4.0	12.0	5.0	228.0	
67.0	1.0	10.5	131.5	7.0	5.5	28.5	4.0	3.0	3.0	228.0	
68.0	0.0	9.5	131.5	8.0	6.5	28.5	4.0	5.0	3.0	228.0	
69.0	0.0	10.0	131.625	8.0	6.0	28.375	4.0	12.0	2.0	227.0	
70.0	0.0	10.0	131.625	8.0	6.0	28.375	4.0	11.0	5.0	227.0	
71.0	1.0	10.5	131.625	7.0	5.5	28.375	4.0	11.0	3.0	227.0	
72.0	1.0	11.0	131.625	7.0	5.0	28.375	4.0	11.0	2.0	227.0	
73.0	0.0	10.0	131.625	8.0	6.0	28.375	4.0	13.0	3.0	227.0	
74.0	0.0	10.0	131.625	8.0	6.0	28.375	4.0	1.0	3.0	227.0	
75.0	0.0	9.5	131.625	8.0	6.5	28.375	4.0	8.0	5.0	227.0	
76.0	1.0	10.5	131.625	7.0	5.5	28.375	4.0	6.0	4.0	227.0	
77.0	1.0	10.0	131.625	7.0	6.0	28.375	4.0	8.0	2.0	227.0	
78.0	0.0	10.0	131.625	8.0	6.0	28.375	4.0	8.0	1.0	227.0	
79.0	1.0	10.5	131.625	7.0	5.5	28.375	4.0	7.0	3.0	227.0	
80.0	1.0	11.0	131.625	7.0	5.0	28.375	4.0	3.0	1.0	227.0	
81.0	0.0	15.0	207.125	12.0	9.0	42.875	5.0	3.0	4.0	343.0	
82.0	0.0	14.5	207.125	12.0	9.5	42.875	5.0	6.0	2.0	343.0	
83.0	0.0	15.5	207.125	12.0	8.5	42.875	5.0	5.0	1.0	343.0	
84.0	0.0	15.0	207.125	12.0	9.0	42.875	5.0	12.0	2.0	343.0	
85.0	0.0	14.5	207.125	12.0	9.5	42.875	5.0	3.0	5.0	343.0	
86.0	0.0	15.0	207.125	12.0	9.0	42.875	5.0	15.0	4.0	343.0	
87.0	1.0	16.0	207.125	11.0	8.0	42.875	5.0	5.0	5.0	343.0	
88.0	1.0	15.5	207.125	11.0	8.5	42.875	5.0	4.0	3.0	343.0	
89.0	1.0	16.0	207.125	11.0	8.0	42.875	5.0	14.0	2.0	343.0	
90.0	1.0	15.5	207.25	11.0	8.5	42.75	5.0	4.0	1.0	342.0	
91.0	0.0	15.5	207.25	12.0	8.5	42.75	5.0	9.0	5.0	342.0	
92.0	1.0	15.5	207.25	11.0	8.5	42.75	5.0	10.0	4.0	342.0	
93.0	0.0	15.0	207.25	12.0	9.0	42.75	5.0	4.0	5.0	342.0	
94.0	0.0	15.0	207.25	12.0	9.0	42.75	5.0	13.0	1.0	342.0	
95.0	0.0	15.0	207.25	12.0	9.0	42.75	5.0	8.0	5.0	342.0	
96.0	1.0	15.5	207.25	11.0	8.5	42.75	5.0	15.0	3.0	342.0	
97.0	0.0	15.0	207.25	12.0	9.0	42.75	5.0	9.0	3.0	342.0	
98.0	0.0	15.0	207.25	12.0	9.0	42.75	5.0	15.0	2.0	342.0	
99.0	1.0	15.5	207.25	11.0	8.5	42.75	5.0	12.0	3.0	342.0	
100.0	0.0	15.0	207.25	12.0	9.0	42.75	5.0	14.0	1.0	342.0	
=====================================================================================================================================================
after 21 commit, VM matrix is (VM #, resource allocated to each VM (vCPU, memory, storage), resource used in each VM (vCPU, memory, storage), which flavour, VM in which PM, and VM in which rack, # blocks stored (each block is 0.125))
=====================================================================================================================================================
1.0	1.0	2.0	16.5	0.0	0.0	3.5	1.0	11.0	3.0	28.0	
2.0	1.0	2.0	16.5	0.0	0.0	3.5	1.0	14.0	1.0	28.0	
3.0	1.0	2.0	16.5	0.0	0.0	3.5	1.0	6.0	4.0	28.0	
4.0	1.0	2.0	16.5	0.0	0.0	3.5	1.0	9.0	4.0	28.0	
5.0	1.0	2.0	16.5	0.0	0.0	3.5	1.0	15.0	2.0	28.0	
6.0	1.0	2.0	16.5	0.0	0.0	3.5	1.0	7.0	1.0	28.0	
7.0	1.0	2.0	16.5	0.0	0.0	3.5	1.0	11.0	1.0	28.0	
8.0	1.0	2.0	16.5	0.0	0.0	3.5	1.0	15.0	3.0	28.0	
9.0	1.0	2.0	16.5	0.0	0.0	3.5	1.0	15.0	5.0	28.0	
10.0	1.0	2.0	16.625	0.0	0.0	3.375	1.0	15.0	1.0	27.0	
11.0	1.0	2.0	16.625	0.0	0.0	3.375	1.0	4.0	4.0	27.0	
12.0	1.0	2.0	16.625	0.0	0.0	3.375	1.0	5.0	3.0	27.0	
13.0	1.0	2.0	16.625	0.0	0.0	3.375	1.0	3.0	1.0	27.0	
14.0	1.0	2.0	16.625	0.0	0.0	3.375	1.0	13.0	5.0	27.0	
15.0	1.0	2.0	16.625	0.0	0.0	3.375	1.0	11.0	1.0	27.0	
16.0	1.0	2.0	16.625	0.0	0.0	3.375	1.0	14.0	2.0	27.0	
17.0	1.0	2.0	16.625	0.0	0.0	3.375	1.0	11.0	4.0	27.0	
18.0	1.0	2.0	16.625	0.0	0.0	3.375	1.0	2.0	5.0	27.0	
19.0	1.0	2.0	16.625	0.0	0.0	3.375	1.0	13.0	4.0	27.0	
20.0	1.0	2.0	16.625	0.0	0.0	3.375	1.0	4.0	5.0	27.0	
21.0	0.0	2.5	32.875	2.0	1.5	7.125	2.0	9.0	1.0	57.0	
22.0	0.0	2.5	32.875	2.0	1.5	7.125	2.0	6.0	2.0	57.0	
23.0	0.0	2.5	32.875	2.0	1.5	7.125	2.0	7.0	3.0	57.0	
24.0	0.0	2.5	32.875	2.0	1.5	7.125	2.0	14.0	4.0	57.0	
25.0	0.0	2.5	32.875	2.0	1.5	7.125	2.0	12.0	2.0	57.0	
26.0	0.0	2.5	32.875	2.0	1.5	7.125	2.0	1.0	2.0	57.0	
27.0	0.0	2.5	32.875	2.0	1.5	7.125	2.0	13.0	4.0	57.0	
28.0	0.0	2.5	32.875	2.0	1.5	7.125	2.0	8.0	1.0	57.0	
29.0	0.0	2.0	32.875	2.0	2.0	7.125	2.0	2.0	5.0	57.0	
30.0	1.0	3.0	32.875	1.0	1.0	7.125	2.0	14.0	1.0	57.0	
31.0	0.0	2.5	32.875	2.0	1.5	7.125	2.0	8.0	1.0	57.0	
32.0	0.0	2.5	32.875	2.0	1.5	7.125	2.0	14.0	3.0	57.0	
33.0	0.0	2.5	32.875	2.0	1.5	7.125	2.0	14.0	1.0	57.0	
34.0	0.0	2.5	32.875	2.0	1.5	7.125	2.0	14.0	1.0	57.0	
35.0	0.0	2.5	32.875	2.0	1.5	7.125	2.0	10.0	5.0	57.0	
36.0	0.0	2.5	32.875	2.0	1.5	7.125	2.0	15.0	4.0	57.0	
37.0	0.0	2.5	32.875	2.0	1.5	7.125	2.0	5.0	2.0	57.0	
38.0	0.0	2.5	32.875	2.0	1.5	7.125	2.0	5.0	5.0	57.0	
39.0	0.0	2.5	32.875	2.0	1.5	7.125	2.0	14.0	2.0	57.0	
40.0	0.0	2.5	32.875	2.0	1.5	7.125	2.0	11.0	3.0	57.0	
41.0	0.0	5.0	65.75	4.0	3.0	14.25	3.0	15.0	4.0	114.0	
42.0	1.0	5.5	65.75	3.0	2.5	14.25	3.0	4.0	1.0	114.0	
43.0	0.0	5.0	65.75	4.0	3.0	14.25	3.0	13.0	1.0	114.0	
44.0	0.0	5.0	65.75	4.0	3.0	14.25	3.0	3.0	5.0	114.0	
45.0	1.0	5.5	65.75	3.0	2.5	14.25	3.0	5.0	4.0	114.0	
46.0	0.0	5.0	65.75	4.0	3.0	14.25	3.0	14.0	3.0	114.0	
47.0	0.0	4.5	65.75	4.0	3.5	14.25	3.0	15.0	5.0	114.0	
48.0	0.0	5.5	65.75	4.0	2.5	14.25	3.0	13.0	4.0	114.0	
49.0	0.0	5.0	65.75	4.0	3.0	14.25	3.0	12.0	1.0	114.0	
50.0	0.0	5.0	65.75	4.0	3.0	14.25	3.0	9.0	1.0	114.0	
51.0	0.0	5.0	65.75	4.0	3.0	14.25	3.0	2.0	3.0	114.0	
52.0	0.0	5.0	65.75	4.0	3.0	14.25	3.0	4.0	3.0	114.0	
53.0	0.0	5.0	65.75	4.0	3.0	14.25	3.0	12.0	3.0	114.0	
54.0	1.0	5.5	65.75	3.0	2.5	14.25	3.0	10.0	5.0	114.0	
55.0	0.0	5.0	65.875	4.0	3.0	14.125	3.0	6.0	4.0	113.0	
56.0	0.0	5.0	65.875	4.0	3.0	14.125	3.0	13.0	5.0	113.0	
57.0	0.0	5.0	65.875	4.0	3.0	14.125	3.0	14.0	3.0	113.0	
58.0	0.0	5.0	65.875	4.0	3.0	14.125	3.0	11.0	4.0	113.0	
59.0	0.0	4.5	65.875	4.0	3.5	14.125	3.0	9.0	4.0	113.0	
60.0	0.0	5.0	65.875	4.0	3.0	14.125	3.0	3.0	3.0	113.0	
61.0	0.0	10.0	131.5	8.0	6.0	28.5	4.0	12.0	4.0	228.0	
62.0	1.0	11.0	131.5	7.0	5.0	28.5	4.0	7.0	4.0	228.0	
63.0	0.0	9.5	131.5	8.0	6.5	28.5	4.0	15.0	1.0	228.0	
64.0	1.0	10.5	131.5	7.0	5.5	28.5	4.0	4.0	2.0	228.0	
65.0	1.0	10.5	131.5	7.0	5.5	28.5	4.0	11.0	2.0	228.0	
66.0	1.0	10.5	131.5	7.0	5.5	28.5	4.0	12.0	5.0	228.0	
67.0	1.0	10.5	131.5	7.0	5.5	28.5	4.0	3.0	3.0	228.0	
68.0	0.0	9.5	131.5	8.0	6.5	28.5	4.0	5.0	3.0	228.0	
69.0	0.0	10.0	131.625	8.0	6.0	28.375	4.0	12.0	2.0	227.0	
70.0	0.0	10.0	131.625	8.0	6.0	28.375	4.0	11.0	5.0	227.0	
71.0	1.0	10.5	131.625	7.0	5.5	28.375	4.0	11.0	3.0	227.0	
72.0	1.0	11.0	131.625	7.0	5.0	28.375	4.0	11.0	2.0	227.0	
73.0	0.0	10.0	131.625	8.0	6.0	28.375	4.0	13.0	3.0	227.0	
74.0	0.0	10.0	131.625	8.0	6.0	28.375	4.0	1.0	3.0	227.0	
75.0	0.0	9.5	131.625	8.0	6.5	28.375	4.0	8.0	5.0	227.0	
76.0	1.0	10.5	131.625	7.0	5.5	28.375	4.0	6.0	4.0	227.0	
77.0	1.0	10.0	131.625	7.0	6.0	28.375	4.0	8.0	2.0	227.0	
78.0	0.0	10.0	131.625	8.0	6.0	28.375	4.0	8.0	1.0	227.0	
79.0	1.0	10.5	131.625	7.0	5.5	28.375	4.0	7.0	3.0	227.0	
80.0	1.0	11.0	131.625	7.0	5.0	28.375	4.0	3.0	1.0	227.0	
81.0	0.0	15.0	207.125	12.0	9.0	42.875	5.0	3.0	4.0	343.0	
82.0	0.0	14.5	207.125	12.0	9.5	42.875	5.0	6.0	2.0	343.0	
83.0	0.0	15.5	207.125	12.0	8.5	42.875	5.0	5.0	1.0	343.0	
84.0	0.0	15.0	207.125	12.0	9.0	42.875	5.0	12.0	2.0	343.0	
85.0	0.0	14.5	207.125	12.0	9.5	42.875	5.0	3.0	5.0	343.0	
86.0	0.0	15.0	207.125	12.0	9.0	42.875	5.0	15.0	4.0	343.0	
87.0	1.0	16.0	207.125	11.0	8.0	42.875	5.0	5.0	5.0	343.0	
88.0	1.0	15.5	207.125	11.0	8.5	42.875	5.0	4.0	3.0	343.0	
89.0	1.0	16.0	207.125	11.0	8.0	42.875	5.0	14.0	2.0	343.0	
90.0	1.0	15.5	207.25	11.0	8.5	42.75	5.0	4.0	1.0	342.0	
91.0	0.0	15.5	207.25	12.0	8.5	42.75	5.0	9.0	5.0	342.0	
92.0	1.0	15.5	207.25	11.0	8.5	42.75	5.0	10.0	4.0	342.0	
93.0	0.0	15.0	207.25	12.0	9.0	42.75	5.0	4.0	5.0	342.0	
94.0	0.0	15.0	207.25	12.0	9.0	42.75	5.0	13.0	1.0	342.0	
95.0	0.0	15.0	207.25	12.0	9.0	42.75	5.0	8.0	5.0	342.0	
96.0	1.0	15.5	207.25	11.0	8.5	42.75	5.0	15.0	3.0	342.0	
97.0	0.0	15.0	207.25	12.0	9.0	42.75	5.0	9.0	3.0	342.0	
98.0	0.0	15.0	207.25	12.0	9.0	42.75	5.0	15.0	2.0	342.0	
99.0	1.0	15.5	207.25	11.0	8.5	42.75	5.0	12.0	3.0	342.0	
100.0	0.0	15.0	207.25	12.0	9.0	42.75	5.0	14.0	1.0	342.0	
=====================================================================================================================================================
after 22 commit, VM matrix is (VM #, resource allocated to each VM (vCPU, memory, storage), resource used in each VM (vCPU, memory, storage), which flavour, VM in which PM, and VM in which rack, # blocks stored (each block is 0.125))
=====================================================================================================================================================
1.0	1.0	2.0	16.5	0.0	0.0	3.5	1.0	11.0	3.0	28.0	
2.0	1.0	2.0	16.5	0.0	0.0	3.5	1.0	14.0	1.0	28.0	
3.0	1.0	2.0	16.5	0.0	0.0	3.5	1.0	6.0	4.0	28.0	
4.0	1.0	2.0	16.5	0.0	0.0	3.5	1.0	9.0	4.0	28.0	
5.0	1.0	2.0	16.5	0.0	0.0	3.5	1.0	15.0	2.0	28.0	
6.0	1.0	2.0	16.5	0.0	0.0	3.5	1.0	7.0	1.0	28.0	
7.0	1.0	2.0	16.5	0.0	0.0	3.5	1.0	11.0	1.0	28.0	
8.0	1.0	2.0	16.5	0.0	0.0	3.5	1.0	15.0	3.0	28.0	
9.0	1.0	2.0	16.5	0.0	0.0	3.5	1.0	15.0	5.0	28.0	
10.0	1.0	2.0	16.625	0.0	0.0	3.375	1.0	15.0	1.0	27.0	
11.0	1.0	2.0	16.625	0.0	0.0	3.375	1.0	4.0	4.0	27.0	
12.0	1.0	2.0	16.625	0.0	0.0	3.375	1.0	5.0	3.0	27.0	
13.0	1.0	2.0	16.625	0.0	0.0	3.375	1.0	3.0	1.0	27.0	
14.0	1.0	2.0	16.625	0.0	0.0	3.375	1.0	13.0	5.0	27.0	
15.0	1.0	2.0	16.625	0.0	0.0	3.375	1.0	11.0	1.0	27.0	
16.0	1.0	2.0	16.625	0.0	0.0	3.375	1.0	14.0	2.0	27.0	
17.0	1.0	2.0	16.625	0.0	0.0	3.375	1.0	11.0	4.0	27.0	
18.0	1.0	2.0	16.625	0.0	0.0	3.375	1.0	2.0	5.0	27.0	
19.0	1.0	2.0	16.625	0.0	0.0	3.375	1.0	13.0	4.0	27.0	
20.0	1.0	2.0	16.625	0.0	0.0	3.375	1.0	4.0	5.0	27.0	
21.0	0.0	2.5	32.875	2.0	1.5	7.125	2.0	9.0	1.0	57.0	
22.0	0.0	2.5	32.875	2.0	1.5	7.125	2.0	6.0	2.0	57.0	
23.0	0.0	2.5	32.875	2.0	1.5	7.125	2.0	7.0	3.0	57.0	
24.0	0.0	2.5	32.875	2.0	1.5	7.125	2.0	14.0	4.0	57.0	
25.0	0.0	2.5	32.875	2.0	1.5	7.125	2.0	12.0	2.0	57.0	
26.0	0.0	2.5	32.875	2.0	1.5	7.125	2.0	1.0	2.0	57.0	
27.0	0.0	2.5	32.875	2.0	1.5	7.125	2.0	13.0	4.0	57.0	
28.0	0.0	2.5	32.875	2.0	1.5	7.125	2.0	8.0	1.0	57.0	
29.0	0.0	2.0	32.875	2.0	2.0	7.125	2.0	2.0	5.0	57.0	
30.0	1.0	3.0	32.875	1.0	1.0	7.125	2.0	14.0	1.0	57.0	
31.0	0.0	2.5	32.875	2.0	1.5	7.125	2.0	8.0	1.0	57.0	
32.0	0.0	2.5	32.875	2.0	1.5	7.125	2.0	14.0	3.0	57.0	
33.0	0.0	2.5	32.875	2.0	1.5	7.125	2.0	14.0	1.0	57.0	
34.0	0.0	2.5	32.875	2.0	1.5	7.125	2.0	14.0	1.0	57.0	
35.0	0.0	2.5	32.875	2.0	1.5	7.125	2.0	10.0	5.0	57.0	
36.0	0.0	2.5	32.875	2.0	1.5	7.125	2.0	15.0	4.0	57.0	
37.0	0.0	2.5	32.875	2.0	1.5	7.125	2.0	5.0	2.0	57.0	
38.0	0.0	2.5	32.875	2.0	1.5	7.125	2.0	5.0	5.0	57.0	
39.0	0.0	2.5	32.875	2.0	1.5	7.125	2.0	14.0	2.0	57.0	
40.0	0.0	2.5	32.875	2.0	1.5	7.125	2.0	11.0	3.0	57.0	
41.0	0.0	5.0	65.75	4.0	3.0	14.25	3.0	15.0	4.0	114.0	
42.0	1.0	5.5	65.75	3.0	2.5	14.25	3.0	4.0	1.0	114.0	
43.0	0.0	5.0	65.75	4.0	3.0	14.25	3.0	13.0	1.0	114.0	
44.0	0.0	5.0	65.75	4.0	3.0	14.25	3.0	3.0	5.0	114.0	
45.0	1.0	5.5	65.75	3.0	2.5	14.25	3.0	5.0	4.0	114.0	
46.0	0.0	5.0	65.75	4.0	3.0	14.25	3.0	14.0	3.0	114.0	
47.0	0.0	4.5	65.75	4.0	3.5	14.25	3.0	15.0	5.0	114.0	
48.0	0.0	5.5	65.75	4.0	2.5	14.25	3.0	13.0	4.0	114.0	
49.0	0.0	5.0	65.75	4.0	3.0	14.25	3.0	12.0	1.0	114.0	
50.0	0.0	5.0	65.75	4.0	3.0	14.25	3.0	9.0	1.0	114.0	
51.0	0.0	5.0	65.75	4.0	3.0	14.25	3.0	2.0	3.0	114.0	
52.0	0.0	5.0	65.75	4.0	3.0	14.25	3.0	4.0	3.0	114.0	
53.0	0.0	5.0	65.75	4.0	3.0	14.25	3.0	12.0	3.0	114.0	
54.0	1.0	5.5	65.75	3.0	2.5	14.25	3.0	10.0	5.0	114.0	
55.0	0.0	5.0	65.875	4.0	3.0	14.125	3.0	6.0	4.0	113.0	
56.0	0.0	5.0	65.875	4.0	3.0	14.125	3.0	13.0	5.0	113.0	
57.0	0.0	5.0	65.875	4.0	3.0	14.125	3.0	14.0	3.0	113.0	
58.0	0.0	5.0	65.875	4.0	3.0	14.125	3.0	11.0	4.0	113.0	
59.0	0.0	4.5	65.875	4.0	3.5	14.125	3.0	9.0	4.0	113.0	
60.0	0.0	5.0	65.875	4.0	3.0	14.125	3.0	3.0	3.0	113.0	
61.0	0.0	10.0	131.5	8.0	6.0	28.5	4.0	12.0	4.0	228.0	
62.0	1.0	11.0	131.5	7.0	5.0	28.5	4.0	7.0	4.0	228.0	
63.0	0.0	9.5	131.5	8.0	6.5	28.5	4.0	15.0	1.0	228.0	
64.0	1.0	10.5	131.5	7.0	5.5	28.5	4.0	4.0	2.0	228.0	
65.0	1.0	10.5	131.5	7.0	5.5	28.5	4.0	11.0	2.0	228.0	
66.0	1.0	10.5	131.5	7.0	5.5	28.5	4.0	12.0	5.0	228.0	
67.0	1.0	10.5	131.5	7.0	5.5	28.5	4.0	3.0	3.0	228.0	
68.0	0.0	9.5	131.5	8.0	6.5	28.5	4.0	5.0	3.0	228.0	
69.0	0.0	10.0	131.625	8.0	6.0	28.375	4.0	12.0	2.0	227.0	
70.0	0.0	10.0	131.625	8.0	6.0	28.375	4.0	11.0	5.0	227.0	
71.0	1.0	10.5	131.625	7.0	5.5	28.375	4.0	11.0	3.0	227.0	
72.0	1.0	11.0	131.625	7.0	5.0	28.375	4.0	11.0	2.0	227.0	
73.0	0.0	10.0	131.625	8.0	6.0	28.375	4.0	13.0	3.0	227.0	
74.0	0.0	10.0	131.625	8.0	6.0	28.375	4.0	1.0	3.0	227.0	
75.0	0.0	9.5	131.625	8.0	6.5	28.375	4.0	8.0	5.0	227.0	
76.0	1.0	10.5	131.625	7.0	5.5	28.375	4.0	6.0	4.0	227.0	
77.0	1.0	10.0	131.625	7.0	6.0	28.375	4.0	8.0	2.0	227.0	
78.0	0.0	10.0	131.625	8.0	6.0	28.375	4.0	8.0	1.0	227.0	
79.0	1.0	10.5	131.625	7.0	5.5	28.375	4.0	7.0	3.0	227.0	
80.0	1.0	11.0	131.625	7.0	5.0	28.375	4.0	3.0	1.0	227.0	
81.0	0.0	15.0	207.125	12.0	9.0	42.875	5.0	3.0	4.0	343.0	
82.0	0.0	14.5	207.125	12.0	9.5	42.875	5.0	6.0	2.0	343.0	
83.0	0.0	15.5	207.125	12.0	8.5	42.875	5.0	5.0	1.0	343.0	
84.0	0.0	15.0	207.125	12.0	9.0	42.875	5.0	12.0	2.0	343.0	
85.0	0.0	14.5	207.125	12.0	9.5	42.875	5.0	3.0	5.0	343.0	
86.0	0.0	15.0	207.125	12.0	9.0	42.875	5.0	15.0	4.0	343.0	
87.0	1.0	16.0	207.125	11.0	8.0	42.875	5.0	5.0	5.0	343.0	
88.0	1.0	15.5	207.125	11.0	8.5	42.875	5.0	4.0	3.0	343.0	
89.0	1.0	16.0	207.125	11.0	8.0	42.875	5.0	14.0	2.0	343.0	
90.0	1.0	15.5	207.25	11.0	8.5	42.75	5.0	4.0	1.0	342.0	
91.0	0.0	15.5	207.25	12.0	8.5	42.75	5.0	9.0	5.0	342.0	
92.0	1.0	15.5	207.25	11.0	8.5	42.75	5.0	10.0	4.0	342.0	
93.0	0.0	15.0	207.25	12.0	9.0	42.75	5.0	4.0	5.0	342.0	
94.0	0.0	15.0	207.25	12.0	9.0	42.75	5.0	13.0	1.0	342.0	
95.0	0.0	14.5	207.25	12.0	9.5	42.75	5.0	8.0	5.0	342.0	
96.0	1.0	15.5	207.25	11.0	8.5	42.75	5.0	15.0	3.0	342.0	
97.0	0.0	15.0	207.25	12.0	9.0	42.75	5.0	9.0	3.0	342.0	
98.0	0.0	15.0	207.25	12.0	9.0	42.75	5.0	15.0	2.0	342.0	
99.0	1.0	15.5	207.25	11.0	8.5	42.75	5.0	12.0	3.0	342.0	
100.0	0.0	15.0	207.25	12.0	9.0	42.75	5.0	14.0	1.0	342.0	
=====================================================================================================================================================
after 23 commit, VM matrix is (VM #, resource allocated to each VM (vCPU, memory, storage), resource used in each VM (vCPU, memory, storage), which flavour, VM in which PM, and VM in which rack, # blocks stored (each block is 0.125))
=====================================================================================================================================================
1.0	1.0	2.0	16.5	0.0	0.0	3.5	1.0	11.0	3.0	28.0	
2.0	1.0	2.0	16.5	0.0	0.0	3.5	1.0	14.0	1.0	28.0	
3.0	1.0	2.0	16.5	0.0	0.0	3.5	1.0	6.0	4.0	28.0	
4.0	1.0	2.0	16.5	0.0	0.0	3.5	1.0	9.0	4.0	28.0	
5.0	1.0	2.0	16.5	0.0	0.0	3.5	1.0	15.0	2.0	28.0	
6.0	1.0	2.0	16.5	0.0	0.0	3.5	1.0	7.0	1.0	28.0	
7.0	1.0	2.0	16.5	0.0	0.0	3.5	1.0	11.0	1.0	28.0	
8.0	1.0	2.0	16.5	0.0	0.0	3.5	1.0	15.0	3.0	28.0	
9.0	1.0	2.0	16.5	0.0	0.0	3.5	1.0	15.0	5.0	28.0	
10.0	1.0	2.0	16.625	0.0	0.0	3.375	1.0	15.0	1.0	27.0	
11.0	1.0	2.0	16.625	0.0	0.0	3.375	1.0	4.0	4.0	27.0	
12.0	1.0	2.0	16.625	0.0	0.0	3.375	1.0	5.0	3.0	27.0	
13.0	1.0	2.0	16.625	0.0	0.0	3.375	1.0	3.0	1.0	27.0	
14.0	1.0	2.0	16.625	0.0	0.0	3.375	1.0	13.0	5.0	27.0	
15.0	1.0	2.0	16.625	0.0	0.0	3.375	1.0	11.0	1.0	27.0	
16.0	1.0	2.0	16.625	0.0	0.0	3.375	1.0	14.0	2.0	27.0	
17.0	1.0	2.0	16.625	0.0	0.0	3.375	1.0	11.0	4.0	27.0	
18.0	1.0	2.0	16.625	0.0	0.0	3.375	1.0	2.0	5.0	27.0	
19.0	1.0	2.0	16.625	0.0	0.0	3.375	1.0	13.0	4.0	27.0	
20.0	1.0	2.0	16.625	0.0	0.0	3.375	1.0	4.0	5.0	27.0	
21.0	0.0	2.5	32.875	2.0	1.5	7.125	2.0	9.0	1.0	57.0	
22.0	0.0	2.5	32.875	2.0	1.5	7.125	2.0	6.0	2.0	57.0	
23.0	0.0	2.5	32.875	2.0	1.5	7.125	2.0	7.0	3.0	57.0	
24.0	0.0	2.5	32.875	2.0	1.5	7.125	2.0	14.0	4.0	57.0	
25.0	0.0	2.5	32.875	2.0	1.5	7.125	2.0	12.0	2.0	57.0	
26.0	0.0	2.5	32.875	2.0	1.5	7.125	2.0	1.0	2.0	57.0	
27.0	0.0	2.5	32.875	2.0	1.5	7.125	2.0	13.0	4.0	57.0	
28.0	0.0	2.5	32.875	2.0	1.5	7.125	2.0	8.0	1.0	57.0	
29.0	0.0	2.0	32.875	2.0	2.0	7.125	2.0	2.0	5.0	57.0	
30.0	1.0	3.0	32.875	1.0	1.0	7.125	2.0	14.0	1.0	57.0	
31.0	0.0	2.5	32.875	2.0	1.5	7.125	2.0	8.0	1.0	57.0	
32.0	0.0	2.5	32.875	2.0	1.5	7.125	2.0	14.0	3.0	57.0	
33.0	0.0	2.5	32.875	2.0	1.5	7.125	2.0	14.0	1.0	57.0	
34.0	0.0	2.5	32.875	2.0	1.5	7.125	2.0	14.0	1.0	57.0	
35.0	0.0	2.5	32.875	2.0	1.5	7.125	2.0	10.0	5.0	57.0	
36.0	0.0	2.5	32.875	2.0	1.5	7.125	2.0	15.0	4.0	57.0	
37.0	0.0	2.5	32.875	2.0	1.5	7.125	2.0	5.0	2.0	57.0	
38.0	0.0	2.5	32.875	2.0	1.5	7.125	2.0	5.0	5.0	57.0	
39.0	0.0	2.5	32.875	2.0	1.5	7.125	2.0	14.0	2.0	57.0	
40.0	0.0	2.5	32.875	2.0	1.5	7.125	2.0	11.0	3.0	57.0	
41.0	0.0	5.0	65.75	4.0	3.0	14.25	3.0	15.0	4.0	114.0	
42.0	1.0	5.5	65.75	3.0	2.5	14.25	3.0	4.0	1.0	114.0	
43.0	0.0	5.0	65.75	4.0	3.0	14.25	3.0	13.0	1.0	114.0	
44.0	0.0	5.0	65.75	4.0	3.0	14.25	3.0	3.0	5.0	114.0	
45.0	1.0	5.5	65.75	3.0	2.5	14.25	3.0	5.0	4.0	114.0	
46.0	0.0	5.0	65.75	4.0	3.0	14.25	3.0	14.0	3.0	114.0	
47.0	0.0	4.5	65.75	4.0	3.5	14.25	3.0	15.0	5.0	114.0	
48.0	0.0	5.5	65.75	4.0	2.5	14.25	3.0	13.0	4.0	114.0	
49.0	0.0	5.0	65.75	4.0	3.0	14.25	3.0	12.0	1.0	114.0	
50.0	0.0	4.5	65.75	4.0	3.5	14.25	3.0	9.0	1.0	114.0	
51.0	0.0	5.0	65.75	4.0	3.0	14.25	3.0	2.0	3.0	114.0	
52.0	0.0	5.0	65.75	4.0	3.0	14.25	3.0	4.0	3.0	114.0	
53.0	0.0	5.0	65.75	4.0	3.0	14.25	3.0	12.0	3.0	114.0	
54.0	1.0	5.5	65.75	3.0	2.5	14.25	3.0	10.0	5.0	114.0	
55.0	0.0	5.0	65.875	4.0	3.0	14.125	3.0	6.0	4.0	113.0	
56.0	0.0	5.0	65.875	4.0	3.0	14.125	3.0	13.0	5.0	113.0	
57.0	0.0	5.0	65.875	4.0	3.0	14.125	3.0	14.0	3.0	113.0	
58.0	0.0	5.0	65.875	4.0	3.0	14.125	3.0	11.0	4.0	113.0	
59.0	0.0	4.5	65.875	4.0	3.5	14.125	3.0	9.0	4.0	113.0	
60.0	0.0	5.0	65.875	4.0	3.0	14.125	3.0	3.0	3.0	113.0	
61.0	0.0	10.0	131.5	8.0	6.0	28.5	4.0	12.0	4.0	228.0	
62.0	1.0	11.0	131.5	7.0	5.0	28.5	4.0	7.0	4.0	228.0	
63.0	0.0	9.5	131.5	8.0	6.5	28.5	4.0	15.0	1.0	228.0	
64.0	1.0	10.5	131.5	7.0	5.5	28.5	4.0	4.0	2.0	228.0	
65.0	1.0	10.5	131.5	7.0	5.5	28.5	4.0	11.0	2.0	228.0	
66.0	1.0	10.5	131.5	7.0	5.5	28.5	4.0	12.0	5.0	228.0	
67.0	1.0	10.5	131.5	7.0	5.5	28.5	4.0	3.0	3.0	228.0	
68.0	0.0	9.5	131.5	8.0	6.5	28.5	4.0	5.0	3.0	228.0	
69.0	0.0	10.0	131.625	8.0	6.0	28.375	4.0	12.0	2.0	227.0	
70.0	0.0	10.0	131.625	8.0	6.0	28.375	4.0	11.0	5.0	227.0	
71.0	1.0	10.5	131.625	7.0	5.5	28.375	4.0	11.0	3.0	227.0	
72.0	1.0	11.0	131.625	7.0	5.0	28.375	4.0	11.0	2.0	227.0	
73.0	0.0	10.0	131.625	8.0	6.0	28.375	4.0	13.0	3.0	227.0	
74.0	0.0	10.0	131.625	8.0	6.0	28.375	4.0	1.0	3.0	227.0	
75.0	0.0	9.5	131.625	8.0	6.5	28.375	4.0	8.0	5.0	227.0	
76.0	1.0	10.5	131.625	7.0	5.5	28.375	4.0	6.0	4.0	227.0	
77.0	1.0	10.0	131.625	7.0	6.0	28.375	4.0	8.0	2.0	227.0	
78.0	0.0	10.0	131.625	8.0	6.0	28.375	4.0	8.0	1.0	227.0	
79.0	1.0	10.5	131.625	7.0	5.5	28.375	4.0	7.0	3.0	227.0	
80.0	1.0	10.5	131.625	7.0	5.5	28.375	4.0	3.0	1.0	227.0	
81.0	0.0	15.0	207.125	12.0	9.0	42.875	5.0	3.0	4.0	343.0	
82.0	0.0	14.5	207.125	12.0	9.5	42.875	5.0	6.0	2.0	343.0	
83.0	0.0	15.5	207.125	12.0	8.5	42.875	5.0	5.0	1.0	343.0	
84.0	0.0	15.0	207.125	12.0	9.0	42.875	5.0	12.0	2.0	343.0	
85.0	0.0	14.5	207.125	12.0	9.5	42.875	5.0	3.0	5.0	343.0	
86.0	0.0	15.0	207.125	12.0	9.0	42.875	5.0	15.0	4.0	343.0	
87.0	1.0	16.0	207.125	11.0	8.0	42.875	5.0	5.0	5.0	343.0	
88.0	1.0	15.5	207.125	11.0	8.5	42.875	5.0	4.0	3.0	343.0	
89.0	1.0	16.0	207.125	11.0	8.0	42.875	5.0	14.0	2.0	343.0	
90.0	1.0	15.5	207.25	11.0	8.5	42.75	5.0	4.0	1.0	342.0	
91.0	0.0	16.0	207.25	12.0	8.0	42.75	5.0	9.0	5.0	342.0	
92.0	1.0	15.5	207.25	11.0	8.5	42.75	5.0	10.0	4.0	342.0	
93.0	0.0	15.0	207.25	12.0	9.0	42.75	5.0	4.0	5.0	342.0	
94.0	0.0	15.0	207.25	12.0	9.0	42.75	5.0	13.0	1.0	342.0	
95.0	0.0	14.5	207.25	12.0	9.5	42.75	5.0	8.0	5.0	342.0	
96.0	1.0	15.5	207.25	11.0	8.5	42.75	5.0	15.0	3.0	342.0	
97.0	0.0	15.0	207.25	12.0	9.0	42.75	5.0	9.0	3.0	342.0	
98.0	0.0	15.0	207.25	12.0	9.0	42.75	5.0	15.0	2.0	342.0	
99.0	1.0	15.5	207.25	11.0	8.5	42.75	5.0	12.0	3.0	342.0	
100.0	0.0	15.0	207.25	12.0	9.0	42.75	5.0	14.0	1.0	342.0	
=====================================================================================================================================================
after 24 commit, VM matrix is (VM #, resource allocated to each VM (vCPU, memory, storage), resource used in each VM (vCPU, memory, storage), which flavour, VM in which PM, and VM in which rack, # blocks stored (each block is 0.125))
=====================================================================================================================================================
1.0	1.0	2.0	16.5	0.0	0.0	3.5	1.0	11.0	3.0	28.0	
2.0	1.0	2.0	16.5	0.0	0.0	3.5	1.0	14.0	1.0	28.0	
3.0	1.0	2.0	16.5	0.0	0.0	3.5	1.0	6.0	4.0	28.0	
4.0	1.0	2.0	16.5	0.0	0.0	3.5	1.0	9.0	4.0	28.0	
5.0	1.0	2.0	16.5	0.0	0.0	3.5	1.0	15.0	2.0	28.0	
6.0	1.0	2.0	16.5	0.0	0.0	3.5	1.0	7.0	1.0	28.0	
7.0	1.0	2.0	16.5	0.0	0.0	3.5	1.0	11.0	1.0	28.0	
8.0	1.0	2.0	16.5	0.0	0.0	3.5	1.0	15.0	3.0	28.0	
9.0	1.0	2.0	16.5	0.0	0.0	3.5	1.0	15.0	5.0	28.0	
10.0	1.0	2.0	16.625	0.0	0.0	3.375	1.0	15.0	1.0	27.0	
11.0	1.0	2.0	16.625	0.0	0.0	3.375	1.0	4.0	4.0	27.0	
12.0	1.0	2.0	16.625	0.0	0.0	3.375	1.0	5.0	3.0	27.0	
13.0	1.0	2.0	16.625	0.0	0.0	3.375	1.0	3.0	1.0	27.0	
14.0	1.0	2.0	16.625	0.0	0.0	3.375	1.0	13.0	5.0	27.0	
15.0	1.0	2.0	16.625	0.0	0.0	3.375	1.0	11.0	1.0	27.0	
16.0	1.0	2.0	16.625	0.0	0.0	3.375	1.0	14.0	2.0	27.0	
17.0	1.0	2.0	16.625	0.0	0.0	3.375	1.0	11.0	4.0	27.0	
18.0	1.0	2.0	16.625	0.0	0.0	3.375	1.0	2.0	5.0	27.0	
19.0	1.0	2.0	16.625	0.0	0.0	3.375	1.0	13.0	4.0	27.0	
20.0	1.0	2.0	16.625	0.0	0.0	3.375	1.0	4.0	5.0	27.0	
21.0	0.0	2.5	32.875	2.0	1.5	7.125	2.0	9.0	1.0	57.0	
22.0	0.0	2.5	32.875	2.0	1.5	7.125	2.0	6.0	2.0	57.0	
23.0	0.0	2.5	32.875	2.0	1.5	7.125	2.0	7.0	3.0	57.0	
24.0	0.0	2.5	32.875	2.0	1.5	7.125	2.0	14.0	4.0	57.0	
25.0	0.0	2.5	32.875	2.0	1.5	7.125	2.0	12.0	2.0	57.0	
26.0	0.0	2.5	32.875	2.0	1.5	7.125	2.0	1.0	2.0	57.0	
27.0	0.0	2.5	32.875	2.0	1.5	7.125	2.0	13.0	4.0	57.0	
28.0	0.0	2.5	32.875	2.0	1.5	7.125	2.0	8.0	1.0	57.0	
29.0	0.0	2.0	32.875	2.0	2.0	7.125	2.0	2.0	5.0	57.0	
30.0	1.0	3.0	32.875	1.0	1.0	7.125	2.0	14.0	1.0	57.0	
31.0	0.0	2.5	32.875	2.0	1.5	7.125	2.0	8.0	1.0	57.0	
32.0	0.0	2.5	32.875	2.0	1.5	7.125	2.0	14.0	3.0	57.0	
33.0	0.0	2.5	32.875	2.0	1.5	7.125	2.0	14.0	1.0	57.0	
34.0	0.0	2.5	32.875	2.0	1.5	7.125	2.0	14.0	1.0	57.0	
35.0	0.0	2.5	32.875	2.0	1.5	7.125	2.0	10.0	5.0	57.0	
36.0	0.0	2.5	32.875	2.0	1.5	7.125	2.0	15.0	4.0	57.0	
37.0	0.0	2.5	32.875	2.0	1.5	7.125	2.0	5.0	2.0	57.0	
38.0	0.0	2.5	32.875	2.0	1.5	7.125	2.0	5.0	5.0	57.0	
39.0	0.0	2.5	32.875	2.0	1.5	7.125	2.0	14.0	2.0	57.0	
40.0	0.0	2.5	32.875	2.0	1.5	7.125	2.0	11.0	3.0	57.0	
41.0	0.0	5.0	65.75	4.0	3.0	14.25	3.0	15.0	4.0	114.0	
42.0	1.0	5.5	65.75	3.0	2.5	14.25	3.0	4.0	1.0	114.0	
43.0	0.0	5.0	65.75	4.0	3.0	14.25	3.0	13.0	1.0	114.0	
44.0	0.0	5.0	65.75	4.0	3.0	14.25	3.0	3.0	5.0	114.0	
45.0	1.0	5.5	65.75	3.0	2.5	14.25	3.0	5.0	4.0	114.0	
46.0	0.0	5.0	65.75	4.0	3.0	14.25	3.0	14.0	3.0	114.0	
47.0	0.0	4.5	65.75	4.0	3.5	14.25	3.0	15.0	5.0	114.0	
48.0	0.0	5.5	65.75	4.0	2.5	14.25	3.0	13.0	4.0	114.0	
49.0	0.0	5.0	65.75	4.0	3.0	14.25	3.0	12.0	1.0	114.0	
50.0	0.0	4.5	65.75	4.0	3.5	14.25	3.0	9.0	1.0	114.0	
51.0	0.0	5.0	65.75	4.0	3.0	14.25	3.0	2.0	3.0	114.0	
52.0	0.0	5.0	65.75	4.0	3.0	14.25	3.0	4.0	3.0	114.0	
53.0	0.0	5.0	65.75	4.0	3.0	14.25	3.0	12.0	3.0	114.0	
54.0	1.0	5.5	65.75	3.0	2.5	14.25	3.0	10.0	5.0	114.0	
55.0	0.0	5.0	65.875	4.0	3.0	14.125	3.0	6.0	4.0	113.0	
56.0	0.0	5.0	65.875	4.0	3.0	14.125	3.0	13.0	5.0	113.0	
57.0	0.0	5.0	65.875	4.0	3.0	14.125	3.0	14.0	3.0	113.0	
58.0	0.0	5.0	65.875	4.0	3.0	14.125	3.0	11.0	4.0	113.0	
59.0	0.0	4.5	65.875	4.0	3.5	14.125	3.0	9.0	4.0	113.0	
60.0	0.0	5.0	65.875	4.0	3.0	14.125	3.0	3.0	3.0	113.0	
61.0	0.0	10.0	131.5	8.0	6.0	28.5	4.0	12.0	4.0	228.0	
62.0	1.0	11.0	131.5	7.0	5.0	28.5	4.0	7.0	4.0	228.0	
63.0	0.0	9.5	131.5	8.0	6.5	28.5	4.0	15.0	1.0	228.0	
64.0	1.0	10.5	131.5	7.0	5.5	28.5	4.0	4.0	2.0	228.0	
65.0	1.0	10.5	131.5	7.0	5.5	28.5	4.0	11.0	2.0	228.0	
66.0	1.0	10.5	131.5	7.0	5.5	28.5	4.0	12.0	5.0	228.0	
67.0	1.0	10.5	131.5	7.0	5.5	28.5	4.0	3.0	3.0	228.0	
68.0	0.0	9.5	131.5	8.0	6.5	28.5	4.0	5.0	3.0	228.0	
69.0	0.0	10.0	131.625	8.0	6.0	28.375	4.0	12.0	2.0	227.0	
70.0	0.0	10.0	131.625	8.0	6.0	28.375	4.0	11.0	5.0	227.0	
71.0	1.0	10.5	131.625	7.0	5.5	28.375	4.0	11.0	3.0	227.0	
72.0	1.0	11.0	131.625	7.0	5.0	28.375	4.0	11.0	2.0	227.0	
73.0	0.0	10.0	131.625	8.0	6.0	28.375	4.0	13.0	3.0	227.0	
74.0	0.0	10.0	131.625	8.0	6.0	28.375	4.0	1.0	3.0	227.0	
75.0	0.0	9.5	131.625	8.0	6.5	28.375	4.0	8.0	5.0	227.0	
76.0	1.0	10.5	131.625	7.0	5.5	28.375	4.0	6.0	4.0	227.0	
77.0	1.0	10.0	131.625	7.0	6.0	28.375	4.0	8.0	2.0	227.0	
78.0	0.0	10.0	131.625	8.0	6.0	28.375	4.0	8.0	1.0	227.0	
79.0	1.0	10.5	131.625	7.0	5.5	28.375	4.0	7.0	3.0	227.0	
80.0	1.0	10.5	131.625	7.0	5.5	28.375	4.0	3.0	1.0	227.0	
81.0	0.0	15.0	207.125	12.0	9.0	42.875	5.0	3.0	4.0	343.0	
82.0	0.0	14.5	207.125	12.0	9.5	42.875	5.0	6.0	2.0	343.0	
83.0	0.0	15.5	207.125	12.0	8.5	42.875	5.0	5.0	1.0	343.0	
84.0	0.0	15.0	207.125	12.0	9.0	42.875	5.0	12.0	2.0	343.0	
85.0	0.0	14.5	207.125	12.0	9.5	42.875	5.0	3.0	5.0	343.0	
86.0	0.0	15.0	207.125	12.0	9.0	42.875	5.0	15.0	4.0	343.0	
87.0	1.0	16.0	207.125	11.0	8.0	42.875	5.0	5.0	5.0	343.0	
88.0	1.0	15.5	207.125	11.0	8.5	42.875	5.0	4.0	3.0	343.0	
89.0	1.0	16.0	207.125	11.0	8.0	42.875	5.0	14.0	2.0	343.0	
90.0	1.0	15.5	207.25	11.0	8.5	42.75	5.0	4.0	1.0	342.0	
91.0	0.0	16.0	207.25	12.0	8.0	42.75	5.0	9.0	5.0	342.0	
92.0	1.0	15.5	207.25	11.0	8.5	42.75	5.0	10.0	4.0	342.0	
93.0	0.0	15.0	207.25	12.0	9.0	42.75	5.0	4.0	5.0	342.0	
94.0	0.0	15.0	207.25	12.0	9.0	42.75	5.0	13.0	1.0	342.0	
95.0	0.0	14.5	207.25	12.0	9.5	42.75	5.0	8.0	5.0	342.0	
96.0	1.0	15.5	207.25	11.0	8.5	42.75	5.0	15.0	3.0	342.0	
97.0	0.0	15.0	207.25	12.0	9.0	42.75	5.0	9.0	3.0	342.0	
98.0	0.0	15.0	207.25	12.0	9.0	42.75	5.0	15.0	2.0	342.0	
99.0	1.0	15.5	207.25	11.0	8.5	42.75	5.0	12.0	3.0	342.0	
100.0	0.0	15.0	207.25	12.0	9.0	42.75	5.0	14.0	1.0	342.0	
=====================================================================================================================================================
after 25 commit, VM matrix is (VM #, resource allocated to each VM (vCPU, memory, storage), resource used in each VM (vCPU, memory, storage), which flavour, VM in which PM, and VM in which rack, # blocks stored (each block is 0.125))
=====================================================================================================================================================
1.0	1.0	2.0	16.5	0.0	0.0	3.5	1.0	11.0	3.0	28.0	
2.0	1.0	2.0	16.5	0.0	0.0	3.5	1.0	14.0	1.0	28.0	
3.0	1.0	2.0	16.5	0.0	0.0	3.5	1.0	6.0	4.0	28.0	
4.0	1.0	2.0	16.5	0.0	0.0	3.5	1.0	9.0	4.0	28.0	
5.0	1.0	2.0	16.5	0.0	0.0	3.5	1.0	15.0	2.0	28.0	
6.0	1.0	2.0	16.5	0.0	0.0	3.5	1.0	7.0	1.0	28.0	
7.0	1.0	2.0	16.5	0.0	0.0	3.5	1.0	11.0	1.0	28.0	
8.0	1.0	2.0	16.5	0.0	0.0	3.5	1.0	15.0	3.0	28.0	
9.0	1.0	2.0	16.5	0.0	0.0	3.5	1.0	15.0	5.0	28.0	
10.0	1.0	2.0	16.625	0.0	0.0	3.375	1.0	15.0	1.0	27.0	
11.0	1.0	2.0	16.625	0.0	0.0	3.375	1.0	4.0	4.0	27.0	
12.0	1.0	2.0	16.625	0.0	0.0	3.375	1.0	5.0	3.0	27.0	
13.0	1.0	2.0	16.625	0.0	0.0	3.375	1.0	3.0	1.0	27.0	
14.0	1.0	2.0	16.625	0.0	0.0	3.375	1.0	13.0	5.0	27.0	
15.0	1.0	2.0	16.625	0.0	0.0	3.375	1.0	11.0	1.0	27.0	
16.0	1.0	2.0	16.625	0.0	0.0	3.375	1.0	14.0	2.0	27.0	
17.0	1.0	2.0	16.625	0.0	0.0	3.375	1.0	11.0	4.0	27.0	
18.0	1.0	2.0	16.625	0.0	0.0	3.375	1.0	2.0	5.0	27.0	
19.0	1.0	2.0	16.625	0.0	0.0	3.375	1.0	13.0	4.0	27.0	
20.0	1.0	2.0	16.625	0.0	0.0	3.375	1.0	4.0	5.0	27.0	
21.0	0.0	2.5	32.875	2.0	1.5	7.125	2.0	9.0	1.0	57.0	
22.0	0.0	2.5	32.875	2.0	1.5	7.125	2.0	6.0	2.0	57.0	
23.0	0.0	2.5	32.875	2.0	1.5	7.125	2.0	7.0	3.0	57.0	
24.0	0.0	2.5	32.875	2.0	1.5	7.125	2.0	14.0	4.0	57.0	
25.0	0.0	2.5	32.875	2.0	1.5	7.125	2.0	12.0	2.0	57.0	
26.0	0.0	2.5	32.875	2.0	1.5	7.125	2.0	1.0	2.0	57.0	
27.0	0.0	2.5	32.875	2.0	1.5	7.125	2.0	13.0	4.0	57.0	
28.0	0.0	2.5	32.875	2.0	1.5	7.125	2.0	8.0	1.0	57.0	
29.0	0.0	2.0	32.875	2.0	2.0	7.125	2.0	2.0	5.0	57.0	
30.0	1.0	3.0	32.875	1.0	1.0	7.125	2.0	14.0	1.0	57.0	
31.0	0.0	2.5	32.875	2.0	1.5	7.125	2.0	8.0	1.0	57.0	
32.0	0.0	2.5	32.875	2.0	1.5	7.125	2.0	14.0	3.0	57.0	
33.0	0.0	2.5	32.875	2.0	1.5	7.125	2.0	14.0	1.0	57.0	
34.0	0.0	3.0	32.875	2.0	1.0	7.125	2.0	14.0	1.0	57.0	
35.0	0.0	2.5	32.875	2.0	1.5	7.125	2.0	10.0	5.0	57.0	
36.0	0.0	2.5	32.875	2.0	1.5	7.125	2.0	15.0	4.0	57.0	
37.0	0.0	2.5	32.875	2.0	1.5	7.125	2.0	5.0	2.0	57.0	
38.0	0.0	2.5	32.875	2.0	1.5	7.125	2.0	5.0	5.0	57.0	
39.0	0.0	2.5	32.875	2.0	1.5	7.125	2.0	14.0	2.0	57.0	
40.0	0.0	2.5	32.875	2.0	1.5	7.125	2.0	11.0	3.0	57.0	
41.0	0.0	5.0	65.75	4.0	3.0	14.25	3.0	15.0	4.0	114.0	
42.0	1.0	5.5	65.75	3.0	2.5	14.25	3.0	4.0	1.0	114.0	
43.0	0.0	5.0	65.75	4.0	3.0	14.25	3.0	13.0	1.0	114.0	
44.0	0.0	5.0	65.75	4.0	3.0	14.25	3.0	3.0	5.0	114.0	
45.0	1.0	5.5	65.75	3.0	2.5	14.25	3.0	5.0	4.0	114.0	
46.0	0.0	5.0	65.75	4.0	3.0	14.25	3.0	14.0	3.0	114.0	
47.0	0.0	4.5	65.75	4.0	3.5	14.25	3.0	15.0	5.0	114.0	
48.0	0.0	5.5	65.75	4.0	2.5	14.25	3.0	13.0	4.0	114.0	
49.0	0.0	5.0	65.75	4.0	3.0	14.25	3.0	12.0	1.0	114.0	
50.0	0.0	4.5	65.75	4.0	3.5	14.25	3.0	9.0	1.0	114.0	
51.0	0.0	5.0	65.75	4.0	3.0	14.25	3.0	2.0	3.0	114.0	
52.0	0.0	5.0	65.75	4.0	3.0	14.25	3.0	4.0	3.0	114.0	
53.0	0.0	5.0	65.75	4.0	3.0	14.25	3.0	12.0	3.0	114.0	
54.0	1.0	5.5	65.75	3.0	2.5	14.25	3.0	10.0	5.0	114.0	
55.0	0.0	5.0	65.875	4.0	3.0	14.125	3.0	6.0	4.0	113.0	
56.0	0.0	5.0	65.875	4.0	3.0	14.125	3.0	13.0	5.0	113.0	
57.0	0.0	5.0	65.875	4.0	3.0	14.125	3.0	14.0	3.0	113.0	
58.0	0.0	5.0	65.875	4.0	3.0	14.125	3.0	11.0	4.0	113.0	
59.0	0.0	4.5	65.875	4.0	3.5	14.125	3.0	9.0	4.0	113.0	
60.0	0.0	4.5	65.875	4.0	3.5	14.125	3.0	3.0	3.0	113.0	
61.0	0.0	10.0	131.5	8.0	6.0	28.5	4.0	12.0	4.0	228.0	
62.0	1.0	11.0	131.5	7.0	5.0	28.5	4.0	7.0	4.0	228.0	
63.0	0.0	9.5	131.5	8.0	6.5	28.5	4.0	15.0	1.0	228.0	
64.0	1.0	10.5	131.5	7.0	5.5	28.5	4.0	4.0	2.0	228.0	
65.0	1.0	10.5	131.5	7.0	5.5	28.5	4.0	11.0	2.0	228.0	
66.0	1.0	11.0	131.5	7.0	5.0	28.5	4.0	12.0	5.0	228.0	
67.0	1.0	10.5	131.5	7.0	5.5	28.5	4.0	3.0	3.0	228.0	
68.0	0.0	9.5	131.5	8.0	6.5	28.5	4.0	5.0	3.0	228.0	
69.0	0.0	10.0	131.625	8.0	6.0	28.375	4.0	12.0	2.0	227.0	
70.0	0.0	10.0	131.625	8.0	6.0	28.375	4.0	11.0	5.0	227.0	
71.0	1.0	10.5	131.625	7.0	5.5	28.375	4.0	11.0	3.0	227.0	
72.0	1.0	11.0	131.625	7.0	5.0	28.375	4.0	11.0	2.0	227.0	
73.0	0.0	10.0	131.625	8.0	6.0	28.375	4.0	13.0	3.0	227.0	
74.0	0.0	10.0	131.625	8.0	6.0	28.375	4.0	1.0	3.0	227.0	
75.0	0.0	9.5	131.625	8.0	6.5	28.375	4.0	8.0	5.0	227.0	
76.0	1.0	10.5	131.625	7.0	5.5	28.375	4.0	6.0	4.0	227.0	
77.0	1.0	10.0	131.625	7.0	6.0	28.375	4.0	8.0	2.0	227.0	
78.0	0.0	10.0	131.625	8.0	6.0	28.375	4.0	8.0	1.0	227.0	
79.0	1.0	10.5	131.625	7.0	5.5	28.375	4.0	7.0	3.0	227.0	
80.0	1.0	10.5	131.625	7.0	5.5	28.375	4.0	3.0	1.0	227.0	
81.0	0.0	15.0	207.125	12.0	9.0	42.875	5.0	3.0	4.0	343.0	
82.0	0.0	14.5	207.125	12.0	9.5	42.875	5.0	6.0	2.0	343.0	
83.0	0.0	15.0	207.125	12.0	9.0	42.875	5.0	5.0	1.0	343.0	
84.0	0.0	15.0	207.125	12.0	9.0	42.875	5.0	12.0	2.0	343.0	
85.0	0.0	14.5	207.125	12.0	9.5	42.875	5.0	3.0	5.0	343.0	
86.0	0.0	14.5	207.125	12.0	9.5	42.875	5.0	15.0	4.0	343.0	
87.0	1.0	16.0	207.125	11.0	8.0	42.875	5.0	5.0	5.0	343.0	
88.0	1.0	15.5	207.125	11.0	8.5	42.875	5.0	4.0	3.0	343.0	
89.0	1.0	16.0	207.125	11.0	8.0	42.875	5.0	14.0	2.0	343.0	
90.0	1.0	15.5	207.25	11.0	8.5	42.75	5.0	4.0	1.0	342.0	
91.0	0.0	16.0	207.25	12.0	8.0	42.75	5.0	9.0	5.0	342.0	
92.0	1.0	15.5	207.25	11.0	8.5	42.75	5.0	10.0	4.0	342.0	
93.0	0.0	15.0	207.25	12.0	9.0	42.75	5.0	4.0	5.0	342.0	
94.0	0.0	15.0	207.25	12.0	9.0	42.75	5.0	13.0	1.0	342.0	
95.0	0.0	14.5	207.25	12.0	9.5	42.75	5.0	8.0	5.0	342.0	
96.0	1.0	15.5	207.25	11.0	8.5	42.75	5.0	15.0	3.0	342.0	
97.0	0.0	15.0	207.25	12.0	9.0	42.75	5.0	9.0	3.0	342.0	
98.0	0.0	15.0	207.25	12.0	9.0	42.75	5.0	15.0	2.0	342.0	
99.0	1.0	15.5	207.25	11.0	8.5	42.75	5.0	12.0	3.0	342.0	
100.0	0.0	15.0	207.25	12.0	9.0	42.75	5.0	14.0	1.0	342.0	
=====================================================================================================================================================
after 26 commit, VM matrix is (VM #, resource allocated to each VM (vCPU, memory, storage), resource used in each VM (vCPU, memory, storage), which flavour, VM in which PM, and VM in which rack, # blocks stored (each block is 0.125))
=====================================================================================================================================================
1.0	1.0	2.0	16.5	0.0	0.0	3.5	1.0	11.0	3.0	28.0	
2.0	1.0	2.0	16.5	0.0	0.0	3.5	1.0	14.0	1.0	28.0	
3.0	1.0	2.0	16.5	0.0	0.0	3.5	1.0	6.0	4.0	28.0	
4.0	1.0	2.0	16.5	0.0	0.0	3.5	1.0	9.0	4.0	28.0	
5.0	1.0	2.0	16.5	0.0	0.0	3.5	1.0	15.0	2.0	28.0	
6.0	1.0	2.0	16.5	0.0	0.0	3.5	1.0	7.0	1.0	28.0	
7.0	1.0	2.0	16.5	0.0	0.0	3.5	1.0	11.0	1.0	28.0	
8.0	1.0	2.0	16.5	0.0	0.0	3.5	1.0	15.0	3.0	28.0	
9.0	1.0	2.0	16.5	0.0	0.0	3.5	1.0	15.0	5.0	28.0	
10.0	1.0	2.0	16.625	0.0	0.0	3.375	1.0	15.0	1.0	27.0	
11.0	1.0	2.0	16.625	0.0	0.0	3.375	1.0	4.0	4.0	27.0	
12.0	1.0	2.0	16.625	0.0	0.0	3.375	1.0	5.0	3.0	27.0	
13.0	1.0	2.0	16.625	0.0	0.0	3.375	1.0	3.0	1.0	27.0	
14.0	1.0	2.0	16.625	0.0	0.0	3.375	1.0	13.0	5.0	27.0	
15.0	1.0	2.0	16.625	0.0	0.0	3.375	1.0	11.0	1.0	27.0	
16.0	1.0	2.0	16.625	0.0	0.0	3.375	1.0	14.0	2.0	27.0	
17.0	1.0	2.0	16.625	0.0	0.0	3.375	1.0	11.0	4.0	27.0	
18.0	1.0	2.0	16.625	0.0	0.0	3.375	1.0	2.0	5.0	27.0	
19.0	1.0	2.0	16.625	0.0	0.0	3.375	1.0	13.0	4.0	27.0	
20.0	1.0	2.0	16.625	0.0	0.0	3.375	1.0	4.0	5.0	27.0	
21.0	0.0	2.5	32.875	2.0	1.5	7.125	2.0	9.0	1.0	57.0	
22.0	0.0	2.5	32.875	2.0	1.5	7.125	2.0	6.0	2.0	57.0	
23.0	0.0	2.5	32.875	2.0	1.5	7.125	2.0	7.0	3.0	57.0	
24.0	0.0	2.5	32.875	2.0	1.5	7.125	2.0	14.0	4.0	57.0	
25.0	0.0	2.5	32.875	2.0	1.5	7.125	2.0	12.0	2.0	57.0	
26.0	0.0	2.5	32.875	2.0	1.5	7.125	2.0	1.0	2.0	57.0	
27.0	0.0	2.5	32.875	2.0	1.5	7.125	2.0	13.0	4.0	57.0	
28.0	0.0	2.5	32.875	2.0	1.5	7.125	2.0	8.0	1.0	57.0	
29.0	0.0	2.0	32.875	2.0	2.0	7.125	2.0	2.0	5.0	57.0	
30.0	1.0	3.0	32.875	1.0	1.0	7.125	2.0	14.0	1.0	57.0	
31.0	0.0	2.5	32.875	2.0	1.5	7.125	2.0	8.0	1.0	57.0	
32.0	0.0	2.5	32.875	2.0	1.5	7.125	2.0	14.0	3.0	57.0	
33.0	0.0	2.5	32.875	2.0	1.5	7.125	2.0	14.0	1.0	57.0	
34.0	0.0	3.0	32.875	2.0	1.0	7.125	2.0	14.0	1.0	57.0	
35.0	0.0	2.5	32.875	2.0	1.5	7.125	2.0	10.0	5.0	57.0	
36.0	0.0	2.5	32.875	2.0	1.5	7.125	2.0	15.0	4.0	57.0	
37.0	0.0	2.5	32.875	2.0	1.5	7.125	2.0	5.0	2.0	57.0	
38.0	0.0	2.5	32.875	2.0	1.5	7.125	2.0	5.0	5.0	57.0	
39.0	0.0	2.5	32.875	2.0	1.5	7.125	2.0	14.0	2.0	57.0	
40.0	0.0	2.5	32.875	2.0	1.5	7.125	2.0	11.0	3.0	57.0	
41.0	0.0	5.0	65.75	4.0	3.0	14.25	3.0	15.0	4.0	114.0	
42.0	1.0	5.5	65.75	3.0	2.5	14.25	3.0	4.0	1.0	114.0	
43.0	0.0	5.0	65.75	4.0	3.0	14.25	3.0	13.0	1.0	114.0	
44.0	0.0	5.0	65.75	4.0	3.0	14.25	3.0	3.0	5.0	114.0	
45.0	1.0	5.5	65.75	3.0	2.5	14.25	3.0	5.0	4.0	114.0	
46.0	0.0	5.0	65.75	4.0	3.0	14.25	3.0	14.0	3.0	114.0	
47.0	0.0	4.5	65.75	4.0	3.5	14.25	3.0	15.0	5.0	114.0	
48.0	0.0	5.5	65.75	4.0	2.5	14.25	3.0	13.0	4.0	114.0	
49.0	0.0	5.0	65.75	4.0	3.0	14.25	3.0	12.0	1.0	114.0	
50.0	0.0	4.5	65.75	4.0	3.5	14.25	3.0	9.0	1.0	114.0	
51.0	0.0	5.0	65.75	4.0	3.0	14.25	3.0	2.0	3.0	114.0	
52.0	0.0	5.0	65.75	4.0	3.0	14.25	3.0	4.0	3.0	114.0	
53.0	0.0	5.0	65.75	4.0	3.0	14.25	3.0	12.0	3.0	114.0	
54.0	1.0	5.5	65.75	3.0	2.5	14.25	3.0	10.0	5.0	114.0	
55.0	0.0	5.0	65.875	4.0	3.0	14.125	3.0	6.0	4.0	113.0	
56.0	0.0	5.0	65.875	4.0	3.0	14.125	3.0	13.0	5.0	113.0	
57.0	0.0	5.0	65.875	4.0	3.0	14.125	3.0	14.0	3.0	113.0	
58.0	0.0	5.0	65.875	4.0	3.0	14.125	3.0	11.0	4.0	113.0	
59.0	0.0	4.5	65.875	4.0	3.5	14.125	3.0	9.0	4.0	113.0	
60.0	0.0	4.5	65.875	4.0	3.5	14.125	3.0	3.0	3.0	113.0	
61.0	0.0	10.0	131.5	8.0	6.0	28.5	4.0	12.0	4.0	228.0	
62.0	1.0	11.0	131.5	7.0	5.0	28.5	4.0	7.0	4.0	228.0	
63.0	0.0	9.5	131.5	8.0	6.5	28.5	4.0	15.0	1.0	228.0	
64.0	1.0	10.5	131.5	7.0	5.5	28.5	4.0	4.0	2.0	228.0	
65.0	1.0	10.5	131.5	7.0	5.5	28.5	4.0	11.0	2.0	228.0	
66.0	1.0	11.0	131.5	7.0	5.0	28.5	4.0	12.0	5.0	228.0	
67.0	1.0	10.5	131.5	7.0	5.5	28.5	4.0	3.0	3.0	228.0	
68.0	0.0	9.5	131.5	8.0	6.5	28.5	4.0	5.0	3.0	228.0	
69.0	0.0	10.0	131.625	8.0	6.0	28.375	4.0	12.0	2.0	227.0	
70.0	0.0	10.0	131.625	8.0	6.0	28.375	4.0	11.0	5.0	227.0	
71.0	1.0	10.5	131.625	7.0	5.5	28.375	4.0	11.0	3.0	227.0	
72.0	1.0	11.0	131.625	7.0	5.0	28.375	4.0	11.0	2.0	227.0	
73.0	0.0	10.0	131.625	8.0	6.0	28.375	4.0	13.0	3.0	227.0	
74.0	0.0	10.0	131.625	8.0	6.0	28.375	4.0	1.0	3.0	227.0	
75.0	0.0	9.5	131.625	8.0	6.5	28.375	4.0	8.0	5.0	227.0	
76.0	1.0	10.5	131.625	7.0	5.5	28.375	4.0	6.0	4.0	227.0	
77.0	1.0	10.0	131.625	7.0	6.0	28.375	4.0	8.0	2.0	227.0	
78.0	0.0	10.0	131.625	8.0	6.0	28.375	4.0	8.0	1.0	227.0	
79.0	1.0	10.5	131.625	7.0	5.5	28.375	4.0	7.0	3.0	227.0	
80.0	1.0	10.5	131.625	7.0	5.5	28.375	4.0	3.0	1.0	227.0	
81.0	0.0	15.0	207.125	12.0	9.0	42.875	5.0	3.0	4.0	343.0	
82.0	0.0	14.5	207.125	12.0	9.5	42.875	5.0	6.0	2.0	343.0	
83.0	0.0	15.0	207.125	12.0	9.0	42.875	5.0	5.0	1.0	343.0	
84.0	0.0	15.0	207.125	12.0	9.0	42.875	5.0	12.0	2.0	343.0	
85.0	0.0	14.5	207.125	12.0	9.5	42.875	5.0	3.0	5.0	343.0	
86.0	0.0	14.5	207.125	12.0	9.5	42.875	5.0	15.0	4.0	343.0	
87.0	1.0	16.0	207.125	11.0	8.0	42.875	5.0	5.0	5.0	343.0	
88.0	1.0	15.5	207.125	11.0	8.5	42.875	5.0	4.0	3.0	343.0	
89.0	1.0	16.0	207.125	11.0	8.0	42.875	5.0	14.0	2.0	343.0	
90.0	1.0	15.5	207.25	11.0	8.5	42.75	5.0	4.0	1.0	342.0	
91.0	0.0	16.0	207.25	12.0	8.0	42.75	5.0	9.0	5.0	342.0	
92.0	1.0	15.5	207.25	11.0	8.5	42.75	5.0	10.0	4.0	342.0	
93.0	0.0	15.0	207.25	12.0	9.0	42.75	5.0	4.0	5.0	342.0	
94.0	0.0	15.0	207.25	12.0	9.0	42.75	5.0	13.0	1.0	342.0	
95.0	0.0	14.5	207.25	12.0	9.5	42.75	5.0	8.0	5.0	342.0	
96.0	1.0	15.5	207.25	11.0	8.5	42.75	5.0	15.0	3.0	342.0	
97.0	0.0	15.0	207.25	12.0	9.0	42.75	5.0	9.0	3.0	342.0	
98.0	0.0	15.0	207.25	12.0	9.0	42.75	5.0	15.0	2.0	342.0	
99.0	1.0	15.5	207.25	11.0	8.5	42.75	5.0	12.0	3.0	342.0	
100.0	0.0	15.0	207.25	12.0	9.0	42.75	5.0	14.0	1.0	342.0	
=====================================================================================================================================================
after 27 commit, VM matrix is (VM #, resource allocated to each VM (vCPU, memory, storage), resource used in each VM (vCPU, memory, storage), which flavour, VM in which PM, and VM in which rack, # blocks stored (each block is 0.125))
=====================================================================================================================================================
1.0	1.0	2.0	16.5	0.0	0.0	3.5	1.0	11.0	3.0	28.0	
2.0	1.0	2.0	16.5	0.0	0.0	3.5	1.0	14.0	1.0	28.0	
3.0	1.0	2.0	16.5	0.0	0.0	3.5	1.0	6.0	4.0	28.0	
4.0	1.0	2.0	16.5	0.0	0.0	3.5	1.0	9.0	4.0	28.0	
5.0	1.0	2.0	16.5	0.0	0.0	3.5	1.0	15.0	2.0	28.0	
6.0	1.0	2.0	16.5	0.0	0.0	3.5	1.0	7.0	1.0	28.0	
7.0	1.0	2.0	16.5	0.0	0.0	3.5	1.0	11.0	1.0	28.0	
8.0	1.0	2.0	16.5	0.0	0.0	3.5	1.0	15.0	3.0	28.0	
9.0	1.0	2.0	16.5	0.0	0.0	3.5	1.0	15.0	5.0	28.0	
10.0	1.0	2.0	16.625	0.0	0.0	3.375	1.0	15.0	1.0	27.0	
11.0	1.0	2.0	16.625	0.0	0.0	3.375	1.0	4.0	4.0	27.0	
12.0	1.0	2.0	16.625	0.0	0.0	3.375	1.0	5.0	3.0	27.0	
13.0	1.0	2.0	16.625	0.0	0.0	3.375	1.0	3.0	1.0	27.0	
14.0	1.0	2.0	16.625	0.0	0.0	3.375	1.0	13.0	5.0	27.0	
15.0	1.0	2.0	16.625	0.0	0.0	3.375	1.0	11.0	1.0	27.0	
16.0	1.0	2.0	16.625	0.0	0.0	3.375	1.0	14.0	2.0	27.0	
17.0	1.0	2.0	16.625	0.0	0.0	3.375	1.0	11.0	4.0	27.0	
18.0	1.0	2.0	16.625	0.0	0.0	3.375	1.0	2.0	5.0	27.0	
19.0	1.0	2.0	16.625	0.0	0.0	3.375	1.0	13.0	4.0	27.0	
20.0	1.0	2.0	16.625	0.0	0.0	3.375	1.0	4.0	5.0	27.0	
21.0	0.0	2.5	32.875	2.0	1.5	7.125	2.0	9.0	1.0	57.0	
22.0	0.0	2.5	32.875	2.0	1.5	7.125	2.0	6.0	2.0	57.0	
23.0	2.0	4.0	32.875	0.0	0.0	7.125	2.0	7.0	3.0	57.0	
24.0	2.0	4.0	32.875	0.0	0.0	7.125	2.0	14.0	4.0	57.0	
25.0	2.0	4.0	32.875	0.0	0.0	7.125	2.0	12.0	2.0	57.0	
26.0	0.0	2.5	32.875	2.0	1.5	7.125	2.0	1.0	2.0	57.0	
27.0	0.0	2.5	32.875	2.0	1.5	7.125	2.0	13.0	4.0	57.0	
28.0	0.0	2.5	32.875	2.0	1.5	7.125	2.0	8.0	1.0	57.0	
29.0	0.0	2.0	32.875	2.0	2.0	7.125	2.0	2.0	5.0	57.0	
30.0	1.0	3.0	32.875	1.0	1.0	7.125	2.0	14.0	1.0	57.0	
31.0	2.0	4.0	32.875	0.0	0.0	7.125	2.0	8.0	1.0	57.0	
32.0	2.0	4.0	32.875	0.0	0.0	7.125	2.0	14.0	3.0	57.0	
33.0	0.0	2.5	32.875	2.0	1.5	7.125	2.0	14.0	1.0	57.0	
34.0	0.0	3.0	32.875	2.0	1.0	7.125	2.0	14.0	1.0	57.0	
35.0	0.0	2.5	32.875	2.0	1.5	7.125	2.0	10.0	5.0	57.0	
36.0	0.0	2.5	32.875	2.0	1.5	7.125	2.0	15.0	4.0	57.0	
37.0	0.0	2.5	32.875	2.0	1.5	7.125	2.0	5.0	2.0	57.0	
38.0	0.0	2.5	32.875	2.0	1.5	7.125	2.0	5.0	5.0	57.0	
39.0	2.0	4.0	32.875	0.0	0.0	7.125	2.0	14.0	2.0	57.0	
40.0	2.0	4.0	32.875	0.0	0.0	7.125	2.0	11.0	3.0	57.0	
41.0	0.0	5.0	65.75	4.0	3.0	14.25	3.0	15.0	4.0	114.0	
42.0	1.0	5.5	65.75	3.0	2.5	14.25	3.0	4.0	1.0	114.0	
43.0	0.0	5.0	65.75	4.0	3.0	14.25	3.0	13.0	1.0	114.0	
44.0	2.0	6.5	65.75	2.0	1.5	14.25	3.0	3.0	5.0	114.0	
45.0	1.0	5.5	65.75	3.0	2.5	14.25	3.0	5.0	4.0	114.0	
46.0	0.0	5.0	65.75	4.0	3.0	14.25	3.0	14.0	3.0	114.0	
47.0	0.0	4.5	65.75	4.0	3.5	14.25	3.0	15.0	5.0	114.0	
48.0	0.0	5.5	65.75	4.0	2.5	14.25	3.0	13.0	4.0	114.0	
49.0	2.0	6.5	65.75	2.0	1.5	14.25	3.0	12.0	1.0	114.0	
50.0	2.0	6.0	65.75	2.0	2.0	14.25	3.0	9.0	1.0	114.0	
51.0	2.0	6.5	65.75	2.0	1.5	14.25	3.0	2.0	3.0	114.0	
52.0	2.0	6.5	65.75	2.0	1.5	14.25	3.0	4.0	3.0	114.0	
53.0	4.0	8.0	65.75	0.0	0.0	14.25	3.0	12.0	3.0	114.0	
54.0	3.0	7.0	65.75	1.0	1.0	14.25	3.0	10.0	5.0	114.0	
55.0	4.0	8.0	65.875	0.0	0.0	14.125	3.0	6.0	4.0	113.0	
56.0	2.0	6.5	65.875	2.0	1.5	14.125	3.0	13.0	5.0	113.0	
57.0	2.0	6.5	65.875	2.0	1.5	14.125	3.0	14.0	3.0	113.0	
58.0	2.0	6.5	65.875	2.0	1.5	14.125	3.0	11.0	4.0	113.0	
59.0	2.0	6.0	65.875	2.0	2.0	14.125	3.0	9.0	4.0	113.0	
60.0	0.0	4.5	65.875	4.0	3.5	14.125	3.0	3.0	3.0	113.0	
61.0	0.0	10.0	131.5	8.0	6.0	28.5	4.0	12.0	4.0	228.0	
62.0	1.0	11.0	131.5	7.0	5.0	28.5	4.0	7.0	4.0	228.0	
63.0	4.0	12.5	131.5	4.0	3.5	28.5	4.0	15.0	1.0	228.0	
64.0	1.0	10.5	131.5	7.0	5.5	28.5	4.0	4.0	2.0	228.0	
65.0	3.0	12.0	131.5	5.0	4.0	28.5	4.0	11.0	2.0	228.0	
66.0	3.0	12.5	131.5	5.0	3.5	28.5	4.0	12.0	5.0	228.0	
67.0	3.0	12.0	131.5	5.0	4.0	28.5	4.0	3.0	3.0	228.0	
68.0	0.0	9.5	131.5	8.0	6.5	28.5	4.0	5.0	3.0	228.0	
69.0	2.0	11.5	131.625	6.0	4.5	28.375	4.0	12.0	2.0	227.0	
70.0	6.0	14.5	131.625	2.0	1.5	28.375	4.0	11.0	5.0	227.0	
71.0	3.0	12.0	131.625	5.0	4.0	28.375	4.0	11.0	3.0	227.0	
72.0	3.0	12.5	131.625	5.0	3.5	28.375	4.0	11.0	2.0	227.0	
73.0	2.0	11.5	131.625	6.0	4.5	28.375	4.0	13.0	3.0	227.0	
74.0	2.0	11.5	131.625	6.0	4.5	28.375	4.0	1.0	3.0	227.0	
75.0	4.0	12.5	131.625	4.0	3.5	28.375	4.0	8.0	5.0	227.0	
76.0	3.0	12.0	131.625	5.0	4.0	28.375	4.0	6.0	4.0	227.0	
77.0	3.0	11.5	131.625	5.0	4.5	28.375	4.0	8.0	2.0	227.0	
78.0	2.0	11.5	131.625	6.0	4.5	28.375	4.0	8.0	1.0	227.0	
79.0	1.0	10.5	131.625	7.0	5.5	28.375	4.0	7.0	3.0	227.0	
80.0	1.0	10.5	131.625	7.0	5.5	28.375	4.0	3.0	1.0	227.0	
81.0	4.0	18.0	207.125	8.0	6.0	42.875	5.0	3.0	4.0	343.0	
82.0	4.0	17.5	207.125	8.0	6.5	42.875	5.0	6.0	2.0	343.0	
83.0	4.0	18.0	207.125	8.0	6.0	42.875	5.0	5.0	1.0	343.0	
84.0	2.0	16.5	207.125	10.0	7.5	42.875	5.0	12.0	2.0	343.0	
85.0	4.0	17.5	207.125	8.0	6.5	42.875	5.0	3.0	5.0	343.0	
86.0	2.0	16.0	207.125	10.0	8.0	42.875	5.0	15.0	4.0	343.0	
87.0	3.0	17.5	207.125	9.0	6.5	42.875	5.0	5.0	5.0	343.0	
88.0	5.0	18.5	207.125	7.0	5.5	42.875	5.0	4.0	3.0	343.0	
89.0	3.0	17.5	207.125	9.0	6.5	42.875	5.0	14.0	2.0	343.0	
90.0	3.0	17.0	207.25	9.0	7.0	42.75	5.0	4.0	1.0	342.0	
91.0	2.0	17.5	207.25	10.0	6.5	42.75	5.0	9.0	5.0	342.0	
92.0	7.0	20.0	207.25	5.0	4.0	42.75	5.0	10.0	4.0	342.0	
93.0	2.0	16.5	207.25	10.0	7.5	42.75	5.0	4.0	5.0	342.0	
94.0	4.0	18.0	207.25	8.0	6.0	42.75	5.0	13.0	1.0	342.0	
95.0	4.0	17.5	207.25	8.0	6.5	42.75	5.0	8.0	5.0	342.0	
96.0	3.0	17.0	207.25	9.0	7.0	42.75	5.0	15.0	3.0	342.0	
97.0	4.0	18.0	207.25	8.0	6.0	42.75	5.0	9.0	3.0	342.0	
98.0	6.0	19.5	207.25	6.0	4.5	42.75	5.0	15.0	2.0	342.0	
99.0	3.0	17.0	207.25	9.0	7.0	42.75	5.0	12.0	3.0	342.0	
100.0	6.0	19.5	207.25	6.0	4.5	42.75	5.0	14.0	1.0	342.0	
=====================================================================================================================================================
after 28 commit, VM matrix is (VM #, resource allocated to each VM (vCPU, memory, storage), resource used in each VM (vCPU, memory, storage), which flavour, VM in which PM, and VM in which rack, # blocks stored (each block is 0.125))
=====================================================================================================================================================
1.0	1.0	2.0	16.5	0.0	0.0	3.5	1.0	11.0	3.0	28.0	
2.0	1.0	2.0	16.5	0.0	0.0	3.5	1.0	14.0	1.0	28.0	
3.0	1.0	2.0	16.5	0.0	0.0	3.5	1.0	6.0	4.0	28.0	
4.0	1.0	2.0	16.5	0.0	0.0	3.5	1.0	9.0	4.0	28.0	
5.0	1.0	2.0	16.5	0.0	0.0	3.5	1.0	15.0	2.0	28.0	
6.0	1.0	2.0	16.5	0.0	0.0	3.5	1.0	7.0	1.0	28.0	
7.0	1.0	2.0	16.5	0.0	0.0	3.5	1.0	11.0	1.0	28.0	
8.0	1.0	2.0	16.5	0.0	0.0	3.5	1.0	15.0	3.0	28.0	
9.0	1.0	2.0	16.5	0.0	0.0	3.5	1.0	15.0	5.0	28.0	
10.0	1.0	2.0	16.625	0.0	0.0	3.375	1.0	15.0	1.0	27.0	
11.0	1.0	2.0	16.625	0.0	0.0	3.375	1.0	4.0	4.0	27.0	
12.0	1.0	2.0	16.625	0.0	0.0	3.375	1.0	5.0	3.0	27.0	
13.0	1.0	2.0	16.625	0.0	0.0	3.375	1.0	3.0	1.0	27.0	
14.0	1.0	2.0	16.625	0.0	0.0	3.375	1.0	13.0	5.0	27.0	
15.0	1.0	2.0	16.625	0.0	0.0	3.375	1.0	11.0	1.0	27.0	
16.0	1.0	2.0	16.625	0.0	0.0	3.375	1.0	14.0	2.0	27.0	
17.0	1.0	2.0	16.625	0.0	0.0	3.375	1.0	11.0	4.0	27.0	
18.0	1.0	2.0	16.625	0.0	0.0	3.375	1.0	2.0	5.0	27.0	
19.0	1.0	2.0	16.625	0.0	0.0	3.375	1.0	13.0	4.0	27.0	
20.0	1.0	2.0	16.625	0.0	0.0	3.375	1.0	4.0	5.0	27.0	
21.0	2.0	4.0	32.875	0.0	0.0	7.125	2.0	9.0	1.0	57.0	
22.0	2.0	4.0	32.875	0.0	0.0	7.125	2.0	6.0	2.0	57.0	
23.0	2.0	4.0	32.875	0.0	0.0	7.125	2.0	7.0	3.0	57.0	
24.0	2.0	4.0	32.875	0.0	0.0	7.125	2.0	14.0	4.0	57.0	
25.0	2.0	4.0	32.875	0.0	0.0	7.125	2.0	12.0	2.0	57.0	
26.0	2.0	4.0	32.875	0.0	0.0	7.125	2.0	1.0	2.0	57.0	
27.0	2.0	4.0	32.875	0.0	0.0	7.125	2.0	13.0	4.0	57.0	
28.0	0.0	2.5	32.875	2.0	1.5	7.125	2.0	8.0	1.0	57.0	
29.0	0.0	2.0	32.875	2.0	2.0	7.125	2.0	2.0	5.0	57.0	
30.0	1.0	3.0	32.875	1.0	1.0	7.125	2.0	14.0	1.0	57.0	
31.0	2.0	4.0	32.875	0.0	0.0	7.125	2.0	8.0	1.0	57.0	
32.0	2.0	4.0	32.875	0.0	0.0	7.125	2.0	14.0	3.0	57.0	
33.0	0.0	2.5	32.875	2.0	1.5	7.125	2.0	14.0	1.0	57.0	
34.0	0.0	3.0	32.875	2.0	1.0	7.125	2.0	14.0	1.0	57.0	
35.0	2.0	4.0	32.875	0.0	0.0	7.125	2.0	10.0	5.0	57.0	
36.0	2.0	4.0	32.875	0.0	0.0	7.125	2.0	15.0	4.0	57.0	
37.0	0.0	2.5	32.875	2.0	1.5	7.125	2.0	5.0	2.0	57.0	
38.0	2.0	4.0	32.875	0.0	0.0	7.125	2.0	5.0	5.0	57.0	
39.0	2.0	4.0	32.875	0.0	0.0	7.125	2.0	14.0	2.0	57.0	
40.0	2.0	4.0	32.875	0.0	0.0	7.125	2.0	11.0	3.0	57.0	
41.0	4.0	8.0	65.75	0.0	0.0	14.25	3.0	15.0	4.0	114.0	
42.0	1.0	5.5	65.75	3.0	2.5	14.25	3.0	4.0	1.0	114.0	
43.0	2.0	6.5	65.75	2.0	1.5	14.25	3.0	13.0	1.0	114.0	
44.0	4.0	8.0	65.75	0.0	0.0	14.25	3.0	3.0	5.0	114.0	
45.0	1.0	5.5	65.75	3.0	2.5	14.25	3.0	5.0	4.0	114.0	
46.0	4.0	8.0	65.75	0.0	0.0	14.25	3.0	14.0	3.0	114.0	
47.0	2.0	6.0	65.75	2.0	2.0	14.25	3.0	15.0	5.0	114.0	
48.0	2.0	7.0	65.75	2.0	1.0	14.25	3.0	13.0	4.0	114.0	
49.0	2.0	6.5	65.75	2.0	1.5	14.25	3.0	12.0	1.0	114.0	
50.0	2.0	6.0	65.75	2.0	2.0	14.25	3.0	9.0	1.0	114.0	
51.0	4.0	8.0	65.75	0.0	0.0	14.25	3.0	2.0	3.0	114.0	
52.0	4.0	8.0	65.75	0.0	0.0	14.25	3.0	4.0	3.0	114.0	
53.0	4.0	8.0	65.75	0.0	0.0	14.25	3.0	12.0	3.0	114.0	
54.0	3.0	7.0	65.75	1.0	1.0	14.25	3.0	10.0	5.0	114.0	
55.0	4.0	8.0	65.875	0.0	0.0	14.125	3.0	6.0	4.0	113.0	
56.0	4.0	8.0	65.875	0.0	0.0	14.125	3.0	13.0	5.0	113.0	
57.0	4.0	8.0	65.875	0.0	0.0	14.125	3.0	14.0	3.0	113.0	
58.0	4.0	8.0	65.875	0.0	0.0	14.125	3.0	11.0	4.0	113.0	
59.0	2.0	6.0	65.875	2.0	2.0	14.125	3.0	9.0	4.0	113.0	
60.0	0.0	4.5	65.875	4.0	3.5	14.125	3.0	3.0	3.0	113.0	
61.0	4.0	13.0	131.5	4.0	3.0	28.5	4.0	12.0	4.0	228.0	
62.0	5.0	14.0	131.5	3.0	2.0	28.5	4.0	7.0	4.0	228.0	
63.0	6.0	14.0	131.5	2.0	2.0	28.5	4.0	15.0	1.0	228.0	
64.0	3.0	12.0	131.5	5.0	4.0	28.5	4.0	4.0	2.0	228.0	
65.0	3.0	12.0	131.5	5.0	4.0	28.5	4.0	11.0	2.0	228.0	
66.0	3.0	12.5	131.5	5.0	3.5	28.5	4.0	12.0	5.0	228.0	
67.0	7.0	15.0	131.5	1.0	1.0	28.5	4.0	3.0	3.0	228.0	
68.0	4.0	12.5	131.5	4.0	3.5	28.5	4.0	5.0	3.0	228.0	
69.0	2.0	11.5	131.625	6.0	4.5	28.375	4.0	12.0	2.0	227.0	
70.0	8.0	16.0	131.625	0.0	0.0	28.375	4.0	11.0	5.0	227.0	
71.0	7.0	15.0	131.625	1.0	1.0	28.375	4.0	11.0	3.0	227.0	
72.0	3.0	12.5	131.625	5.0	3.5	28.375	4.0	11.0	2.0	227.0	
73.0	2.0	11.5	131.625	6.0	4.5	28.375	4.0	13.0	3.0	227.0	
74.0	6.0	14.5	131.625	2.0	1.5	28.375	4.0	1.0	3.0	227.0	
75.0	4.0	12.5	131.625	4.0	3.5	28.375	4.0	8.0	5.0	227.0	
76.0	3.0	12.0	131.625	5.0	4.0	28.375	4.0	6.0	4.0	227.0	
77.0	3.0	11.5	131.625	5.0	4.5	28.375	4.0	8.0	2.0	227.0	
78.0	6.0	14.5	131.625	2.0	1.5	28.375	4.0	8.0	1.0	227.0	
79.0	1.0	10.5	131.625	7.0	5.5	28.375	4.0	7.0	3.0	227.0	
80.0	3.0	12.0	131.625	5.0	4.0	28.375	4.0	3.0	1.0	227.0	
81.0	8.0	21.0	207.125	4.0	3.0	42.875	5.0	3.0	4.0	343.0	
82.0	8.0	20.5	207.125	4.0	3.5	42.875	5.0	6.0	2.0	343.0	
83.0	8.0	21.0	207.125	4.0	3.0	42.875	5.0	5.0	1.0	343.0	
84.0	8.0	21.0	207.125	4.0	3.0	42.875	5.0	12.0	2.0	343.0	
85.0	8.0	20.5	207.125	4.0	3.5	42.875	5.0	3.0	5.0	343.0	
86.0	4.0	17.5	207.125	8.0	6.5	42.875	5.0	15.0	4.0	343.0	
87.0	3.0	17.5	207.125	9.0	6.5	42.875	5.0	5.0	5.0	343.0	
88.0	9.0	21.5	207.125	3.0	2.5	42.875	5.0	4.0	3.0	343.0	
89.0	5.0	19.0	207.125	7.0	5.0	42.875	5.0	14.0	2.0	343.0	
90.0	11.0	23.0	207.25	1.0	1.0	42.75	5.0	4.0	1.0	342.0	
91.0	6.0	20.5	207.25	6.0	3.5	42.75	5.0	9.0	5.0	342.0	
92.0	9.0	21.5	207.25	3.0	2.5	42.75	5.0	10.0	4.0	342.0	
93.0	6.0	19.5	207.25	6.0	4.5	42.75	5.0	4.0	5.0	342.0	
94.0	10.0	22.5	207.25	2.0	1.5	42.75	5.0	13.0	1.0	342.0	
95.0	6.0	19.0	207.25	6.0	5.0	42.75	5.0	8.0	5.0	342.0	
96.0	7.0	20.0	207.25	5.0	4.0	42.75	5.0	15.0	3.0	342.0	
97.0	4.0	18.0	207.25	8.0	6.0	42.75	5.0	9.0	3.0	342.0	
98.0	8.0	21.0	207.25	4.0	3.0	42.75	5.0	15.0	2.0	342.0	
99.0	9.0	21.5	207.25	3.0	2.5	42.75	5.0	12.0	3.0	342.0	
100.0	10.0	22.5	207.25	2.0	1.5	42.75	5.0	14.0	1.0	342.0	
=====================================================================================================================================================
after 29 commit, VM matrix is (VM #, resource allocated to each VM (vCPU, memory, storage), resource used in each VM (vCPU, memory, storage), which flavour, VM in which PM, and VM in which rack, # blocks stored (each block is 0.125))
=====================================================================================================================================================
1.0	1.0	2.0	16.5	0.0	0.0	3.5	1.0	11.0	3.0	28.0	
2.0	1.0	2.0	16.5	0.0	0.0	3.5	1.0	14.0	1.0	28.0	
3.0	1.0	2.0	16.5	0.0	0.0	3.5	1.0	6.0	4.0	28.0	
4.0	1.0	2.0	16.5	0.0	0.0	3.5	1.0	9.0	4.0	28.0	
5.0	1.0	2.0	16.5	0.0	0.0	3.5	1.0	15.0	2.0	28.0	
6.0	1.0	2.0	16.5	0.0	0.0	3.5	1.0	7.0	1.0	28.0	
7.0	1.0	2.0	16.5	0.0	0.0	3.5	1.0	11.0	1.0	28.0	
8.0	1.0	2.0	16.5	0.0	0.0	3.5	1.0	15.0	3.0	28.0	
9.0	1.0	2.0	16.5	0.0	0.0	3.5	1.0	15.0	5.0	28.0	
10.0	1.0	2.0	16.625	0.0	0.0	3.375	1.0	15.0	1.0	27.0	
11.0	1.0	2.0	16.625	0.0	0.0	3.375	1.0	4.0	4.0	27.0	
12.0	1.0	2.0	16.625	0.0	0.0	3.375	1.0	5.0	3.0	27.0	
13.0	1.0	2.0	16.625	0.0	0.0	3.375	1.0	3.0	1.0	27.0	
14.0	1.0	2.0	16.625	0.0	0.0	3.375	1.0	13.0	5.0	27.0	
15.0	1.0	2.0	16.625	0.0	0.0	3.375	1.0	11.0	1.0	27.0	
16.0	1.0	2.0	16.625	0.0	0.0	3.375	1.0	14.0	2.0	27.0	
17.0	1.0	2.0	16.625	0.0	0.0	3.375	1.0	11.0	4.0	27.0	
18.0	1.0	2.0	16.625	0.0	0.0	3.375	1.0	2.0	5.0	27.0	
19.0	1.0	2.0	16.625	0.0	0.0	3.375	1.0	13.0	4.0	27.0	
20.0	1.0	2.0	16.625	0.0	0.0	3.375	1.0	4.0	5.0	27.0	
21.0	2.0	4.0	32.875	0.0	0.0	7.125	2.0	9.0	1.0	57.0	
22.0	2.0	4.0	32.875	0.0	0.0	7.125	2.0	6.0	2.0	57.0	
23.0	2.0	4.0	32.875	0.0	0.0	7.125	2.0	7.0	3.0	57.0	
24.0	2.0	4.0	32.875	0.0	0.0	7.125	2.0	14.0	4.0	57.0	
25.0	2.0	4.0	32.875	0.0	0.0	7.125	2.0	12.0	2.0	57.0	
26.0	2.0	4.0	32.875	0.0	0.0	7.125	2.0	1.0	2.0	57.0	
27.0	2.0	4.0	32.875	0.0	0.0	7.125	2.0	13.0	4.0	57.0	
28.0	2.0	4.0	32.875	0.0	0.0	7.125	2.0	8.0	1.0	57.0	
29.0	0.0	2.0	32.875	2.0	2.0	7.125	2.0	2.0	5.0	57.0	
30.0	1.0	3.0	32.875	1.0	1.0	7.125	2.0	14.0	1.0	57.0	
31.0	2.0	4.0	32.875	0.0	0.0	7.125	2.0	8.0	1.0	57.0	
32.0	2.0	4.0	32.875	0.0	0.0	7.125	2.0	14.0	3.0	57.0	
33.0	2.0	4.0	32.875	0.0	0.0	7.125	2.0	14.0	1.0	57.0	
34.0	0.0	3.0	32.875	2.0	1.0	7.125	2.0	14.0	1.0	57.0	
35.0	2.0	4.0	32.875	0.0	0.0	7.125	2.0	10.0	5.0	57.0	
36.0	2.0	4.0	32.875	0.0	0.0	7.125	2.0	15.0	4.0	57.0	
37.0	2.0	4.0	32.875	0.0	0.0	7.125	2.0	5.0	2.0	57.0	
38.0	2.0	4.0	32.875	0.0	0.0	7.125	2.0	5.0	5.0	57.0	
39.0	2.0	4.0	32.875	0.0	0.0	7.125	2.0	14.0	2.0	57.0	
40.0	2.0	4.0	32.875	0.0	0.0	7.125	2.0	11.0	3.0	57.0	
41.0	4.0	8.0	65.75	0.0	0.0	14.25	3.0	15.0	4.0	114.0	
42.0	3.0	7.0	65.75	1.0	1.0	14.25	3.0	4.0	1.0	114.0	
43.0	4.0	8.0	65.75	0.0	0.0	14.25	3.0	13.0	1.0	114.0	
44.0	4.0	8.0	65.75	0.0	0.0	14.25	3.0	3.0	5.0	114.0	
45.0	1.0	4.5	65.75	3.0	3.5	14.25	3.0	5.0	4.0	114.0	
46.0	4.0	8.0	65.75	0.0	0.0	14.25	3.0	14.0	3.0	114.0	
47.0	2.0	6.0	65.75	2.0	2.0	14.25	3.0	15.0	5.0	114.0	
48.0	2.0	7.0	65.75	2.0	1.0	14.25	3.0	13.0	4.0	114.0	
49.0	4.0	8.0	65.75	0.0	0.0	14.25	3.0	12.0	1.0	114.0	
50.0	2.0	6.0	65.75	2.0	2.0	14.25	3.0	9.0	1.0	114.0	
51.0	4.0	8.0	65.75	0.0	0.0	14.25	3.0	2.0	3.0	114.0	
52.0	4.0	8.0	65.75	0.0	0.0	14.25	3.0	4.0	3.0	114.0	
53.0	2.0	5.5	65.75	2.0	2.5	14.25	3.0	12.0	3.0	114.0	
54.0	3.0	7.0	65.75	1.0	1.0	14.25	3.0	10.0	5.0	114.0	
55.0	4.0	8.0	65.875	0.0	0.0	14.125	3.0	6.0	4.0	113.0	
56.0	4.0	8.0	65.875	0.0	0.0	14.125	3.0	13.0	5.0	113.0	
57.0	4.0	8.0	65.875	0.0	0.0	14.125	3.0	14.0	3.0	113.0	
58.0	4.0	8.0	65.875	0.0	0.0	14.125	3.0	11.0	4.0	113.0	
59.0	2.0	6.0	65.875	2.0	2.0	14.125	3.0	9.0	4.0	113.0	
60.0	2.0	6.0	65.875	2.0	2.0	14.125	3.0	3.0	3.0	113.0	
61.0	8.0	16.0	131.5	0.0	0.0	28.5	4.0	12.0	4.0	228.0	
62.0	5.0	14.0	131.5	3.0	2.0	28.5	4.0	7.0	4.0	228.0	
63.0	6.0	14.0	131.5	2.0	2.0	28.5	4.0	15.0	1.0	228.0	
64.0	7.0	15.0	131.5	1.0	1.0	28.5	4.0	4.0	2.0	228.0	
65.0	5.0	12.5	131.5	3.0	3.5	28.5	4.0	11.0	2.0	228.0	
66.0	5.0	14.0	131.5	3.0	2.0	28.5	4.0	12.0	5.0	228.0	
67.0	7.0	15.0	131.5	1.0	1.0	28.5	4.0	3.0	3.0	228.0	
68.0	6.0	14.0	131.5	2.0	2.0	28.5	4.0	5.0	3.0	228.0	
69.0	8.0	16.0	131.625	0.0	0.0	28.375	4.0	12.0	2.0	227.0	
70.0	8.0	16.0	131.625	0.0	0.0	28.375	4.0	11.0	5.0	227.0	
71.0	7.0	15.0	131.625	1.0	1.0	28.375	4.0	11.0	3.0	227.0	
72.0	5.0	14.0	131.625	3.0	2.0	28.375	4.0	11.0	2.0	227.0	
73.0	2.0	10.5	131.625	6.0	5.5	28.375	4.0	13.0	3.0	227.0	
74.0	8.0	16.0	131.625	0.0	0.0	28.375	4.0	1.0	3.0	227.0	
75.0	6.0	14.0	131.625	2.0	2.0	28.375	4.0	8.0	5.0	227.0	
76.0	7.0	15.0	131.625	1.0	1.0	28.375	4.0	6.0	4.0	227.0	
77.0	5.0	13.0	131.625	3.0	3.0	28.375	4.0	8.0	2.0	227.0	
78.0	6.0	13.5	131.625	2.0	2.5	28.375	4.0	8.0	1.0	227.0	
79.0	1.0	9.5	131.625	7.0	6.5	28.375	4.0	7.0	3.0	227.0	
80.0	3.0	12.0	131.625	5.0	4.0	28.375	4.0	3.0	1.0	227.0	
81.0	12.0	24.0	207.125	0.0	0.0	42.875	5.0	3.0	4.0	343.0	
82.0	10.0	22.0	207.125	2.0	2.0	42.875	5.0	6.0	2.0	343.0	
83.0	8.0	21.0	207.125	4.0	3.0	42.875	5.0	5.0	1.0	343.0	
84.0	10.0	21.5	207.125	2.0	2.5	42.875	5.0	12.0	2.0	343.0	
85.0	10.0	22.0	207.125	2.0	2.0	42.875	5.0	3.0	5.0	343.0	
86.0	8.0	19.5	207.125	4.0	4.5	42.875	5.0	15.0	4.0	343.0	
87.0	9.0	22.0	207.125	3.0	2.0	42.875	5.0	5.0	5.0	343.0	
88.0	11.0	23.0	207.125	1.0	1.0	42.875	5.0	4.0	3.0	343.0	
89.0	9.0	22.0	207.125	3.0	2.0	42.875	5.0	14.0	2.0	343.0	
90.0	11.0	23.0	207.25	1.0	1.0	42.75	5.0	4.0	1.0	342.0	
91.0	8.0	22.0	207.25	4.0	2.0	42.75	5.0	9.0	5.0	342.0	
92.0	11.0	23.0	207.25	1.0	1.0	42.75	5.0	10.0	4.0	342.0	
93.0	8.0	21.0	207.25	4.0	3.0	42.75	5.0	4.0	5.0	342.0	
94.0	12.0	24.0	207.25	0.0	0.0	42.75	5.0	13.0	1.0	342.0	
95.0	10.0	22.0	207.25	2.0	2.0	42.75	5.0	8.0	5.0	342.0	
96.0	9.0	20.5	207.25	3.0	3.5	42.75	5.0	15.0	3.0	342.0	
97.0	6.0	18.5	207.25	6.0	5.5	42.75	5.0	9.0	3.0	342.0	
98.0	12.0	24.0	207.25	0.0	0.0	42.75	5.0	15.0	2.0	342.0	
99.0	11.0	23.0	207.25	1.0	1.0	42.75	5.0	12.0	3.0	342.0	
100.0	12.0	24.0	207.25	0.0	0.0	42.75	5.0	14.0	1.0	342.0	
=====================================================================================================================================================
after 30 commit, VM matrix is (VM #, resource allocated to each VM (vCPU, memory, storage), resource used in each VM (vCPU, memory, storage), which flavour, VM in which PM, and VM in which rack, # blocks stored (each block is 0.125))
=====================================================================================================================================================
1.0	1.0	2.0	16.5	0.0	0.0	3.5	1.0	11.0	3.0	28.0	
2.0	1.0	2.0	16.5	0.0	0.0	3.5	1.0	14.0	1.0	28.0	
3.0	1.0	2.0	16.5	0.0	0.0	3.5	1.0	6.0	4.0	28.0	
4.0	1.0	2.0	16.5	0.0	0.0	3.5	1.0	9.0	4.0	28.0	
5.0	1.0	2.0	16.5	0.0	0.0	3.5	1.0	15.0	2.0	28.0	
6.0	1.0	2.0	16.5	0.0	0.0	3.5	1.0	7.0	1.0	28.0	
7.0	1.0	2.0	16.5	0.0	0.0	3.5	1.0	11.0	1.0	28.0	
8.0	1.0	2.0	16.5	0.0	0.0	3.5	1.0	15.0	3.0	28.0	
9.0	1.0	2.0	16.5	0.0	0.0	3.5	1.0	15.0	5.0	28.0	
10.0	1.0	2.0	16.625	0.0	0.0	3.375	1.0	15.0	1.0	27.0	
11.0	1.0	2.0	16.625	0.0	0.0	3.375	1.0	4.0	4.0	27.0	
12.0	1.0	2.0	16.625	0.0	0.0	3.375	1.0	5.0	3.0	27.0	
13.0	1.0	2.0	16.625	0.0	0.0	3.375	1.0	3.0	1.0	27.0	
14.0	1.0	2.0	16.625	0.0	0.0	3.375	1.0	13.0	5.0	27.0	
15.0	1.0	2.0	16.625	0.0	0.0	3.375	1.0	11.0	1.0	27.0	
16.0	1.0	2.0	16.625	0.0	0.0	3.375	1.0	14.0	2.0	27.0	
17.0	1.0	2.0	16.625	0.0	0.0	3.375	1.0	11.0	4.0	27.0	
18.0	1.0	2.0	16.625	0.0	0.0	3.375	1.0	2.0	5.0	27.0	
19.0	1.0	2.0	16.625	0.0	0.0	3.375	1.0	13.0	4.0	27.0	
20.0	1.0	2.0	16.625	0.0	0.0	3.375	1.0	4.0	5.0	27.0	
21.0	2.0	4.0	32.875	0.0	0.0	7.125	2.0	9.0	1.0	57.0	
22.0	2.0	4.0	32.875	0.0	0.0	7.125	2.0	6.0	2.0	57.0	
23.0	2.0	4.0	32.875	0.0	0.0	7.125	2.0	7.0	3.0	57.0	
24.0	2.0	4.0	32.875	0.0	0.0	7.125	2.0	14.0	4.0	57.0	
25.0	2.0	4.0	32.875	0.0	0.0	7.125	2.0	12.0	2.0	57.0	
26.0	2.0	4.0	32.875	0.0	0.0	7.125	2.0	1.0	2.0	57.0	
27.0	2.0	4.0	32.875	0.0	0.0	7.125	2.0	13.0	4.0	57.0	
28.0	2.0	4.0	32.875	0.0	0.0	7.125	2.0	8.0	1.0	57.0	
29.0	0.0	2.0	32.875	2.0	2.0	7.125	2.0	2.0	5.0	57.0	
30.0	1.0	3.0	32.875	1.0	1.0	7.125	2.0	14.0	1.0	57.0	
31.0	2.0	4.0	32.875	0.0	0.0	7.125	2.0	8.0	1.0	57.0	
32.0	2.0	4.0	32.875	0.0	0.0	7.125	2.0	14.0	3.0	57.0	
33.0	2.0	4.0	32.875	0.0	0.0	7.125	2.0	14.0	1.0	57.0	
34.0	0.0	3.0	32.875	2.0	1.0	7.125	2.0	14.0	1.0	57.0	
35.0	2.0	4.0	32.875	0.0	0.0	7.125	2.0	10.0	5.0	57.0	
36.0	2.0	4.0	32.875	0.0	0.0	7.125	2.0	15.0	4.0	57.0	
37.0	2.0	4.0	32.875	0.0	0.0	7.125	2.0	5.0	2.0	57.0	
38.0	2.0	4.0	32.875	0.0	0.0	7.125	2.0	5.0	5.0	57.0	
39.0	2.0	4.0	32.875	0.0	0.0	7.125	2.0	14.0	2.0	57.0	
40.0	2.0	4.0	32.875	0.0	0.0	7.125	2.0	11.0	3.0	57.0	
41.0	4.0	8.0	65.75	0.0	0.0	14.25	3.0	15.0	4.0	114.0	
42.0	3.0	7.0	65.75	1.0	1.0	14.25	3.0	4.0	1.0	114.0	
43.0	4.0	8.0	65.75	0.0	0.0	14.25	3.0	13.0	1.0	114.0	
44.0	4.0	8.0	65.75	0.0	0.0	14.25	3.0	3.0	5.0	114.0	
45.0	1.0	4.5	65.75	3.0	3.5	14.25	3.0	5.0	4.0	114.0	
46.0	4.0	8.0	65.75	0.0	0.0	14.25	3.0	14.0	3.0	114.0	
47.0	2.0	6.0	65.75	2.0	2.0	14.25	3.0	15.0	5.0	114.0	
48.0	2.0	7.0	65.75	2.0	1.0	14.25	3.0	13.0	4.0	114.0	
49.0	4.0	8.0	65.75	0.0	0.0	14.25	3.0	12.0	1.0	114.0	
50.0	2.0	6.0	65.75	2.0	2.0	14.25	3.0	9.0	1.0	114.0	
51.0	4.0	8.0	65.75	0.0	0.0	14.25	3.0	2.0	3.0	114.0	
52.0	4.0	8.0	65.75	0.0	0.0	14.25	3.0	4.0	3.0	114.0	
53.0	2.0	5.5	65.75	2.0	2.5	14.25	3.0	12.0	3.0	114.0	
54.0	3.0	7.0	65.75	1.0	1.0	14.25	3.0	10.0	5.0	114.0	
55.0	4.0	8.0	65.875	0.0	0.0	14.125	3.0	6.0	4.0	113.0	
56.0	4.0	8.0	65.875	0.0	0.0	14.125	3.0	13.0	5.0	113.0	
57.0	4.0	8.0	65.875	0.0	0.0	14.125	3.0	14.0	3.0	113.0	
58.0	4.0	8.0	65.875	0.0	0.0	14.125	3.0	11.0	4.0	113.0	
59.0	2.0	6.0	65.875	2.0	2.0	14.125	3.0	9.0	4.0	113.0	
60.0	2.0	6.0	65.875	2.0	2.0	14.125	3.0	3.0	3.0	113.0	
61.0	8.0	16.0	131.5	0.0	0.0	28.5	4.0	12.0	4.0	228.0	
62.0	5.0	14.0	131.5	3.0	2.0	28.5	4.0	7.0	4.0	228.0	
63.0	6.0	14.0	131.5	2.0	2.0	28.5	4.0	15.0	1.0	228.0	
64.0	7.0	15.0	131.5	1.0	1.0	28.5	4.0	4.0	2.0	228.0	
65.0	5.0	12.5	131.5	3.0	3.5	28.5	4.0	11.0	2.0	228.0	
66.0	5.0	14.0	131.5	3.0	2.0	28.5	4.0	12.0	5.0	228.0	
67.0	7.0	15.0	131.5	1.0	1.0	28.5	4.0	3.0	3.0	228.0	
68.0	6.0	14.0	131.5	2.0	2.0	28.5	4.0	5.0	3.0	228.0	
69.0	8.0	16.0	131.625	0.0	0.0	28.375	4.0	12.0	2.0	227.0	
70.0	8.0	16.0	131.625	0.0	0.0	28.375	4.0	11.0	5.0	227.0	
71.0	7.0	15.0	131.625	1.0	1.0	28.375	4.0	11.0	3.0	227.0	
72.0	5.0	14.0	131.625	3.0	2.0	28.375	4.0	11.0	2.0	227.0	
73.0	2.0	10.5	131.625	6.0	5.5	28.375	4.0	13.0	3.0	227.0	
74.0	8.0	16.0	131.625	0.0	0.0	28.375	4.0	1.0	3.0	227.0	
75.0	6.0	14.0	131.625	2.0	2.0	28.375	4.0	8.0	5.0	227.0	
76.0	7.0	15.0	131.625	1.0	1.0	28.375	4.0	6.0	4.0	227.0	
77.0	5.0	13.0	131.625	3.0	3.0	28.375	4.0	8.0	2.0	227.0	
78.0	6.0	13.5	131.625	2.0	2.5	28.375	4.0	8.0	1.0	227.0	
79.0	1.0	9.5	131.625	7.0	6.5	28.375	4.0	7.0	3.0	227.0	
80.0	3.0	12.0	131.625	5.0	4.0	28.375	4.0	3.0	1.0	227.0	
81.0	12.0	24.0	207.125	0.0	0.0	42.875	5.0	3.0	4.0	343.0	
82.0	10.0	22.0	207.125	2.0	2.0	42.875	5.0	6.0	2.0	343.0	
83.0	8.0	21.0	207.125	4.0	3.0	42.875	5.0	5.0	1.0	343.0	
84.0	10.0	21.5	207.125	2.0	2.5	42.875	5.0	12.0	2.0	343.0	
85.0	10.0	22.0	207.125	2.0	2.0	42.875	5.0	3.0	5.0	343.0	
86.0	8.0	19.5	207.125	4.0	4.5	42.875	5.0	15.0	4.0	343.0	
87.0	9.0	22.0	207.125	3.0	2.0	42.875	5.0	5.0	5.0	343.0	
88.0	11.0	23.0	207.125	1.0	1.0	42.875	5.0	4.0	3.0	343.0	
89.0	9.0	22.0	207.125	3.0	2.0	42.875	5.0	14.0	2.0	343.0	
90.0	11.0	23.0	207.25	1.0	1.0	42.75	5.0	4.0	1.0	342.0	
91.0	8.0	22.0	207.25	4.0	2.0	42.75	5.0	9.0	5.0	342.0	
92.0	11.0	23.0	207.25	1.0	1.0	42.75	5.0	10.0	4.0	342.0	
93.0	8.0	21.0	207.25	4.0	3.0	42.75	5.0	4.0	5.0	342.0	
94.0	12.0	24.0	207.25	0.0	0.0	42.75	5.0	13.0	1.0	342.0	
95.0	10.0	22.0	207.25	2.0	2.0	42.75	5.0	8.0	5.0	342.0	
96.0	9.0	20.5	207.25	3.0	3.5	42.75	5.0	15.0	3.0	342.0	
97.0	6.0	18.5	207.25	6.0	5.5	42.75	5.0	9.0	3.0	342.0	
98.0	12.0	24.0	207.25	0.0	0.0	42.75	5.0	15.0	2.0	342.0	
99.0	11.0	23.0	207.25	1.0	1.0	42.75	5.0	12.0	3.0	342.0	
100.0	12.0	24.0	207.25	0.0	0.0	42.75	5.0	14.0	1.0	342.0	
=====================================================================================================================================================
after 31 commit, VM matrix is (VM #, resource allocated to each VM (vCPU, memory, storage), resource used in each VM (vCPU, memory, storage), which flavour, VM in which PM, and VM in which rack, # blocks stored (each block is 0.125))
=====================================================================================================================================================
1.0	1.0	2.0	16.5	0.0	0.0	3.5	1.0	11.0	3.0	28.0	
2.0	1.0	2.0	16.5	0.0	0.0	3.5	1.0	14.0	1.0	28.0	
3.0	1.0	2.0	16.5	0.0	0.0	3.5	1.0	6.0	4.0	28.0	
4.0	1.0	2.0	16.5	0.0	0.0	3.5	1.0	9.0	4.0	28.0	
5.0	1.0	2.0	16.5	0.0	0.0	3.5	1.0	15.0	2.0	28.0	
6.0	1.0	2.0	16.5	0.0	0.0	3.5	1.0	7.0	1.0	28.0	
7.0	1.0	2.0	16.5	0.0	0.0	3.5	1.0	11.0	1.0	28.0	
8.0	1.0	2.0	16.5	0.0	0.0	3.5	1.0	15.0	3.0	28.0	
9.0	1.0	2.0	16.5	0.0	0.0	3.5	1.0	15.0	5.0	28.0	
10.0	1.0	2.0	16.625	0.0	0.0	3.375	1.0	15.0	1.0	27.0	
11.0	1.0	2.0	16.625	0.0	0.0	3.375	1.0	4.0	4.0	27.0	
12.0	1.0	2.0	16.625	0.0	0.0	3.375	1.0	5.0	3.0	27.0	
13.0	1.0	2.0	16.625	0.0	0.0	3.375	1.0	3.0	1.0	27.0	
14.0	1.0	2.0	16.625	0.0	0.0	3.375	1.0	13.0	5.0	27.0	
15.0	1.0	2.0	16.625	0.0	0.0	3.375	1.0	11.0	1.0	27.0	
16.0	1.0	2.0	16.625	0.0	0.0	3.375	1.0	14.0	2.0	27.0	
17.0	1.0	2.0	16.625	0.0	0.0	3.375	1.0	11.0	4.0	27.0	
18.0	1.0	2.0	16.625	0.0	0.0	3.375	1.0	2.0	5.0	27.0	
19.0	1.0	2.0	16.625	0.0	0.0	3.375	1.0	13.0	4.0	27.0	
20.0	1.0	2.0	16.625	0.0	0.0	3.375	1.0	4.0	5.0	27.0	
21.0	2.0	4.0	32.875	0.0	0.0	7.125	2.0	9.0	1.0	57.0	
22.0	2.0	4.0	32.875	0.0	0.0	7.125	2.0	6.0	2.0	57.0	
23.0	2.0	4.0	32.875	0.0	0.0	7.125	2.0	7.0	3.0	57.0	
24.0	2.0	4.0	32.875	0.0	0.0	7.125	2.0	14.0	4.0	57.0	
25.0	2.0	4.0	32.875	0.0	0.0	7.125	2.0	12.0	2.0	57.0	
26.0	2.0	4.0	32.875	0.0	0.0	7.125	2.0	1.0	2.0	57.0	
27.0	2.0	4.0	32.875	0.0	0.0	7.125	2.0	13.0	4.0	57.0	
28.0	2.0	4.0	32.875	0.0	0.0	7.125	2.0	8.0	1.0	57.0	
29.0	0.0	2.0	32.875	2.0	2.0	7.125	2.0	2.0	5.0	57.0	
30.0	1.0	3.0	32.875	1.0	1.0	7.125	2.0	14.0	1.0	57.0	
31.0	2.0	4.0	32.875	0.0	0.0	7.125	2.0	8.0	1.0	57.0	
32.0	2.0	4.0	32.875	0.0	0.0	7.125	2.0	14.0	3.0	57.0	
33.0	2.0	4.0	32.875	0.0	0.0	7.125	2.0	14.0	1.0	57.0	
34.0	0.0	3.0	32.875	2.0	1.0	7.125	2.0	14.0	1.0	57.0	
35.0	2.0	4.0	32.875	0.0	0.0	7.125	2.0	10.0	5.0	57.0	
36.0	2.0	4.0	32.875	0.0	0.0	7.125	2.0	15.0	4.0	57.0	
37.0	2.0	4.0	32.875	0.0	0.0	7.125	2.0	5.0	2.0	57.0	
38.0	2.0	4.0	32.875	0.0	0.0	7.125	2.0	5.0	5.0	57.0	
39.0	2.0	4.0	32.875	0.0	0.0	7.125	2.0	14.0	2.0	57.0	
40.0	2.0	4.0	32.875	0.0	0.0	7.125	2.0	11.0	3.0	57.0	
41.0	4.0	8.0	65.75	0.0	0.0	14.25	3.0	15.0	4.0	114.0	
42.0	3.0	7.0	65.75	1.0	1.0	14.25	3.0	4.0	1.0	114.0	
43.0	4.0	8.0	65.75	0.0	0.0	14.25	3.0	13.0	1.0	114.0	
44.0	4.0	8.0	65.75	0.0	0.0	14.25	3.0	3.0	5.0	114.0	
45.0	1.0	4.5	65.75	3.0	3.5	14.25	3.0	5.0	4.0	114.0	
46.0	4.0	8.0	65.75	0.0	0.0	14.25	3.0	14.0	3.0	114.0	
47.0	2.0	6.0	65.75	2.0	2.0	14.25	3.0	15.0	5.0	114.0	
48.0	2.0	7.0	65.75	2.0	1.0	14.25	3.0	13.0	4.0	114.0	
49.0	4.0	8.0	65.75	0.0	0.0	14.25	3.0	12.0	1.0	114.0	
50.0	2.0	6.0	65.75	2.0	2.0	14.25	3.0	9.0	1.0	114.0	
51.0	4.0	8.0	65.75	0.0	0.0	14.25	3.0	2.0	3.0	114.0	
52.0	4.0	8.0	65.75	0.0	0.0	14.25	3.0	4.0	3.0	114.0	
53.0	2.0	5.5	65.75	2.0	2.5	14.25	3.0	12.0	3.0	114.0	
54.0	3.0	7.0	65.75	1.0	1.0	14.25	3.0	10.0	5.0	114.0	
55.0	4.0	8.0	65.875	0.0	0.0	14.125	3.0	6.0	4.0	113.0	
56.0	4.0	8.0	65.875	0.0	0.0	14.125	3.0	13.0	5.0	113.0	
57.0	4.0	8.0	65.875	0.0	0.0	14.125	3.0	14.0	3.0	113.0	
58.0	4.0	8.0	65.875	0.0	0.0	14.125	3.0	11.0	4.0	113.0	
59.0	2.0	6.0	65.875	2.0	2.0	14.125	3.0	9.0	4.0	113.0	
60.0	2.0	6.0	65.875	2.0	2.0	14.125	3.0	3.0	3.0	113.0	
61.0	8.0	16.0	131.5	0.0	0.0	28.5	4.0	12.0	4.0	228.0	
62.0	5.0	14.0	131.5	3.0	2.0	28.5	4.0	7.0	4.0	228.0	
63.0	6.0	14.0	131.5	2.0	2.0	28.5	4.0	15.0	1.0	228.0	
64.0	7.0	15.0	131.5	1.0	1.0	28.5	4.0	4.0	2.0	228.0	
65.0	5.0	12.5	131.5	3.0	3.5	28.5	4.0	11.0	2.0	228.0	
66.0	5.0	14.0	131.5	3.0	2.0	28.5	4.0	12.0	5.0	228.0	
67.0	7.0	15.0	131.5	1.0	1.0	28.5	4.0	3.0	3.0	228.0	
68.0	6.0	14.0	131.5	2.0	2.0	28.5	4.0	5.0	3.0	228.0	
69.0	8.0	16.0	131.625	0.0	0.0	28.375	4.0	12.0	2.0	227.0	
70.0	8.0	16.0	131.625	0.0	0.0	28.375	4.0	11.0	5.0	227.0	
71.0	7.0	15.0	131.625	1.0	1.0	28.375	4.0	11.0	3.0	227.0	
72.0	5.0	14.0	131.625	3.0	2.0	28.375	4.0	11.0	2.0	227.0	
73.0	2.0	10.5	131.625	6.0	5.5	28.375	4.0	13.0	3.0	227.0	
74.0	8.0	16.0	131.625	0.0	0.0	28.375	4.0	1.0	3.0	227.0	
75.0	6.0	14.0	131.625	2.0	2.0	28.375	4.0	8.0	5.0	227.0	
76.0	7.0	15.0	131.625	1.0	1.0	28.375	4.0	6.0	4.0	227.0	
77.0	5.0	13.0	131.625	3.0	3.0	28.375	4.0	8.0	2.0	227.0	
78.0	6.0	13.5	131.625	2.0	2.5	28.375	4.0	8.0	1.0	227.0	
79.0	1.0	9.5	131.625	7.0	6.5	28.375	4.0	7.0	3.0	227.0	
80.0	3.0	12.0	131.625	5.0	4.0	28.375	4.0	3.0	1.0	227.0	
81.0	12.0	24.0	207.125	0.0	0.0	42.875	5.0	3.0	4.0	343.0	
82.0	10.0	22.0	207.125	2.0	2.0	42.875	5.0	6.0	2.0	343.0	
83.0	8.0	21.0	207.125	4.0	3.0	42.875	5.0	5.0	1.0	343.0	
84.0	10.0	21.5	207.125	2.0	2.5	42.875	5.0	12.0	2.0	343.0	
85.0	10.0	22.0	207.125	2.0	2.0	42.875	5.0	3.0	5.0	343.0	
86.0	8.0	19.5	207.125	4.0	4.5	42.875	5.0	15.0	4.0	343.0	
87.0	9.0	22.0	207.125	3.0	2.0	42.875	5.0	5.0	5.0	343.0	
88.0	11.0	23.0	207.125	1.0	1.0	42.875	5.0	4.0	3.0	343.0	
89.0	11.0	23.0	207.125	1.0	1.0	42.875	5.0	14.0	2.0	343.0	
90.0	11.0	23.0	207.25	1.0	1.0	42.75	5.0	4.0	1.0	342.0	
91.0	8.0	22.0	207.25	4.0	2.0	42.75	5.0	9.0	5.0	342.0	
92.0	11.0	23.0	207.25	1.0	1.0	42.75	5.0	10.0	4.0	342.0	
93.0	8.0	21.0	207.25	4.0	3.0	42.75	5.0	4.0	5.0	342.0	
94.0	12.0	24.0	207.25	0.0	0.0	42.75	5.0	13.0	1.0	342.0	
95.0	10.0	22.0	207.25	2.0	2.0	42.75	5.0	8.0	5.0	342.0	
96.0	9.0	20.5	207.25	3.0	3.5	42.75	5.0	15.0	3.0	342.0	
97.0	6.0	18.5	207.25	6.0	5.5	42.75	5.0	9.0	3.0	342.0	
98.0	12.0	24.0	207.25	0.0	0.0	42.75	5.0	15.0	2.0	342.0	
99.0	11.0	23.0	207.25	1.0	1.0	42.75	5.0	12.0	3.0	342.0	
100.0	12.0	24.0	207.25	0.0	0.0	42.75	5.0	14.0	1.0	342.0	
=====================================================================================================================================================
after 32 commit, VM matrix is (VM #, resource allocated to each VM (vCPU, memory, storage), resource used in each VM (vCPU, memory, storage), which flavour, VM in which PM, and VM in which rack, # blocks stored (each block is 0.125))
=====================================================================================================================================================
1.0	1.0	2.0	16.5	0.0	0.0	3.5	1.0	11.0	3.0	28.0	
2.0	1.0	2.0	16.5	0.0	0.0	3.5	1.0	14.0	1.0	28.0	
3.0	1.0	2.0	16.5	0.0	0.0	3.5	1.0	6.0	4.0	28.0	
4.0	1.0	2.0	16.5	0.0	0.0	3.5	1.0	9.0	4.0	28.0	
5.0	1.0	2.0	16.5	0.0	0.0	3.5	1.0	15.0	2.0	28.0	
6.0	1.0	2.0	16.5	0.0	0.0	3.5	1.0	7.0	1.0	28.0	
7.0	1.0	2.0	16.5	0.0	0.0	3.5	1.0	11.0	1.0	28.0	
8.0	1.0	2.0	16.5	0.0	0.0	3.5	1.0	15.0	3.0	28.0	
9.0	1.0	2.0	16.5	0.0	0.0	3.5	1.0	15.0	5.0	28.0	
10.0	1.0	2.0	16.625	0.0	0.0	3.375	1.0	15.0	1.0	27.0	
11.0	1.0	2.0	16.625	0.0	0.0	3.375	1.0	4.0	4.0	27.0	
12.0	1.0	2.0	16.625	0.0	0.0	3.375	1.0	5.0	3.0	27.0	
13.0	1.0	2.0	16.625	0.0	0.0	3.375	1.0	3.0	1.0	27.0	
14.0	1.0	2.0	16.625	0.0	0.0	3.375	1.0	13.0	5.0	27.0	
15.0	1.0	2.0	16.625	0.0	0.0	3.375	1.0	11.0	1.0	27.0	
16.0	1.0	2.0	16.625	0.0	0.0	3.375	1.0	14.0	2.0	27.0	
17.0	1.0	2.0	16.625	0.0	0.0	3.375	1.0	11.0	4.0	27.0	
18.0	1.0	2.0	16.625	0.0	0.0	3.375	1.0	2.0	5.0	27.0	
19.0	1.0	2.0	16.625	0.0	0.0	3.375	1.0	13.0	4.0	27.0	
20.0	1.0	2.0	16.625	0.0	0.0	3.375	1.0	4.0	5.0	27.0	
21.0	2.0	4.0	32.875	0.0	0.0	7.125	2.0	9.0	1.0	57.0	
22.0	2.0	4.0	32.875	0.0	0.0	7.125	2.0	6.0	2.0	57.0	
23.0	2.0	4.0	32.875	0.0	0.0	7.125	2.0	7.0	3.0	57.0	
24.0	2.0	4.0	32.875	0.0	0.0	7.125	2.0	14.0	4.0	57.0	
25.0	2.0	4.0	32.875	0.0	0.0	7.125	2.0	12.0	2.0	57.0	
26.0	2.0	4.0	32.875	0.0	0.0	7.125	2.0	1.0	2.0	57.0	
27.0	2.0	4.0	32.875	0.0	0.0	7.125	2.0	13.0	4.0	57.0	
28.0	2.0	4.0	32.875	0.0	0.0	7.125	2.0	8.0	1.0	57.0	
29.0	0.0	2.0	32.875	2.0	2.0	7.125	2.0	2.0	5.0	57.0	
30.0	1.0	3.0	32.875	1.0	1.0	7.125	2.0	14.0	1.0	57.0	
31.0	2.0	4.0	32.875	0.0	0.0	7.125	2.0	8.0	1.0	57.0	
32.0	2.0	4.0	32.875	0.0	0.0	7.125	2.0	14.0	3.0	57.0	
33.0	2.0	4.0	32.875	0.0	0.0	7.125	2.0	14.0	1.0	57.0	
34.0	0.0	3.0	32.875	2.0	1.0	7.125	2.0	14.0	1.0	57.0	
35.0	2.0	4.0	32.875	0.0	0.0	7.125	2.0	10.0	5.0	57.0	
36.0	2.0	4.0	32.875	0.0	0.0	7.125	2.0	15.0	4.0	57.0	
37.0	2.0	4.0	32.875	0.0	0.0	7.125	2.0	5.0	2.0	57.0	
38.0	2.0	4.0	32.875	0.0	0.0	7.125	2.0	5.0	5.0	57.0	
39.0	2.0	4.0	32.875	0.0	0.0	7.125	2.0	14.0	2.0	57.0	
40.0	2.0	4.0	32.875	0.0	0.0	7.125	2.0	11.0	3.0	57.0	
41.0	4.0	8.0	65.75	0.0	0.0	14.25	3.0	15.0	4.0	114.0	
42.0	3.0	7.0	65.75	1.0	1.0	14.25	3.0	4.0	1.0	114.0	
43.0	4.0	8.0	65.75	0.0	0.0	14.25	3.0	13.0	1.0	114.0	
44.0	4.0	8.0	65.75	0.0	0.0	14.25	3.0	3.0	5.0	114.0	
45.0	1.0	4.5	65.75	3.0	3.5	14.25	3.0	5.0	4.0	114.0	
46.0	4.0	8.0	65.75	0.0	0.0	14.25	3.0	14.0	3.0	114.0	
47.0	2.0	6.0	65.75	2.0	2.0	14.25	3.0	15.0	5.0	114.0	
48.0	2.0	7.0	65.75	2.0	1.0	14.25	3.0	13.0	4.0	114.0	
49.0	4.0	8.0	65.75	0.0	0.0	14.25	3.0	12.0	1.0	114.0	
50.0	2.0	6.0	65.75	2.0	2.0	14.25	3.0	9.0	1.0	114.0	
51.0	4.0	8.0	65.75	0.0	0.0	14.25	3.0	2.0	3.0	114.0	
52.0	4.0	8.0	65.75	0.0	0.0	14.25	3.0	4.0	3.0	114.0	
53.0	2.0	5.5	65.75	2.0	2.5	14.25	3.0	12.0	3.0	114.0	
54.0	3.0	7.0	65.75	1.0	1.0	14.25	3.0	10.0	5.0	114.0	
55.0	4.0	8.0	65.875	0.0	0.0	14.125	3.0	6.0	4.0	113.0	
56.0	4.0	8.0	65.875	0.0	0.0	14.125	3.0	13.0	5.0	113.0	
57.0	4.0	8.0	65.875	0.0	0.0	14.125	3.0	14.0	3.0	113.0	
58.0	4.0	8.0	65.875	0.0	0.0	14.125	3.0	11.0	4.0	113.0	
59.0	2.0	6.0	65.875	2.0	2.0	14.125	3.0	9.0	4.0	113.0	
60.0	2.0	6.0	65.875	2.0	2.0	14.125	3.0	3.0	3.0	113.0	
61.0	8.0	16.0	131.5	0.0	0.0	28.5	4.0	12.0	4.0	228.0	
62.0	5.0	14.0	131.5	3.0	2.0	28.5	4.0	7.0	4.0	228.0	
63.0	6.0	14.0	131.5	2.0	2.0	28.5	4.0	15.0	1.0	228.0	
64.0	7.0	15.0	131.5	1.0	1.0	28.5	4.0	4.0	2.0	228.0	
65.0	5.0	12.5	131.5	3.0	3.5	28.5	4.0	11.0	2.0	228.0	
66.0	5.0	14.0	131.5	3.0	2.0	28.5	4.0	12.0	5.0	228.0	
67.0	7.0	15.0	131.5	1.0	1.0	28.5	4.0	3.0	3.0	228.0	
68.0	6.0	14.0	131.5	2.0	2.0	28.5	4.0	5.0	3.0	228.0	
69.0	8.0	16.0	131.625	0.0	0.0	28.375	4.0	12.0	2.0	227.0	
70.0	8.0	16.0	131.625	0.0	0.0	28.375	4.0	11.0	5.0	227.0	
71.0	7.0	15.0	131.625	1.0	1.0	28.375	4.0	11.0	3.0	227.0	
72.0	5.0	14.0	131.625	3.0	2.0	28.375	4.0	11.0	2.0	227.0	
73.0	2.0	10.5	131.625	6.0	5.5	28.375	4.0	13.0	3.0	227.0	
74.0	8.0	16.0	131.625	0.0	0.0	28.375	4.0	1.0	3.0	227.0	
75.0	6.0	14.0	131.625	2.0	2.0	28.375	4.0	8.0	5.0	227.0	
76.0	7.0	15.0	131.625	1.0	1.0	28.375	4.0	6.0	4.0	227.0	
77.0	5.0	13.0	131.625	3.0	3.0	28.375	4.0	8.0	2.0	227.0	
78.0	6.0	13.5	131.625	2.0	2.5	28.375	4.0	8.0	1.0	227.0	
79.0	1.0	9.5	131.625	7.0	6.5	28.375	4.0	7.0	3.0	227.0	
80.0	3.0	12.0	131.625	5.0	4.0	28.375	4.0	3.0	1.0	227.0	
81.0	12.0	24.0	207.125	0.0	0.0	42.875	5.0	3.0	4.0	343.0	
82.0	10.0	22.0	207.125	2.0	2.0	42.875	5.0	6.0	2.0	343.0	
83.0	8.0	21.0	207.125	4.0	3.0	42.875	5.0	5.0	1.0	343.0	
84.0	10.0	21.5	207.125	2.0	2.5	42.875	5.0	12.0	2.0	343.0	
85.0	10.0	22.0	207.125	2.0	2.0	42.875	5.0	3.0	5.0	343.0	
86.0	8.0	19.5	207.125	4.0	4.5	42.875	5.0	15.0	4.0	343.0	
87.0	9.0	22.0	207.125	3.0	2.0	42.875	5.0	5.0	5.0	343.0	
88.0	11.0	23.0	207.125	1.0	1.0	42.875	5.0	4.0	3.0	343.0	
89.0	11.0	23.0	207.125	1.0	1.0	42.875	5.0	14.0	2.0	343.0	
90.0	11.0	23.0	207.25	1.0	1.0	42.75	5.0	4.0	1.0	342.0	
91.0	8.0	22.0	207.25	4.0	2.0	42.75	5.0	9.0	5.0	342.0	
92.0	11.0	23.0	207.25	1.0	1.0	42.75	5.0	10.0	4.0	342.0	
93.0	8.0	21.0	207.25	4.0	3.0	42.75	5.0	4.0	5.0	342.0	
94.0	12.0	24.0	207.25	0.0	0.0	42.75	5.0	13.0	1.0	342.0	
95.0	10.0	22.0	207.25	2.0	2.0	42.75	5.0	8.0	5.0	342.0	
96.0	9.0	20.5	207.25	3.0	3.5	42.75	5.0	15.0	3.0	342.0	
97.0	6.0	18.5	207.25	6.0	5.5	42.75	5.0	9.0	3.0	342.0	
98.0	12.0	24.0	207.25	0.0	0.0	42.75	5.0	15.0	2.0	342.0	
99.0	11.0	23.0	207.25	1.0	1.0	42.75	5.0	12.0	3.0	342.0	
100.0	12.0	24.0	207.25	0.0	0.0	42.75	5.0	14.0	1.0	342.0	
=====================================================================================================================================================
after 33 commit, VM matrix is (VM #, resource allocated to each VM (vCPU, memory, storage), resource used in each VM (vCPU, memory, storage), which flavour, VM in which PM, and VM in which rack, # blocks stored (each block is 0.125))
=====================================================================================================================================================
1.0	1.0	2.0	16.5	0.0	0.0	3.5	1.0	11.0	3.0	28.0	
2.0	1.0	2.0	16.5	0.0	0.0	3.5	1.0	14.0	1.0	28.0	
3.0	1.0	2.0	16.5	0.0	0.0	3.5	1.0	6.0	4.0	28.0	
4.0	1.0	2.0	16.5	0.0	0.0	3.5	1.0	9.0	4.0	28.0	
5.0	1.0	2.0	16.5	0.0	0.0	3.5	1.0	15.0	2.0	28.0	
6.0	1.0	2.0	16.5	0.0	0.0	3.5	1.0	7.0	1.0	28.0	
7.0	1.0	2.0	16.5	0.0	0.0	3.5	1.0	11.0	1.0	28.0	
8.0	1.0	2.0	16.5	0.0	0.0	3.5	1.0	15.0	3.0	28.0	
9.0	1.0	2.0	16.5	0.0	0.0	3.5	1.0	15.0	5.0	28.0	
10.0	1.0	2.0	16.625	0.0	0.0	3.375	1.0	15.0	1.0	27.0	
11.0	1.0	2.0	16.625	0.0	0.0	3.375	1.0	4.0	4.0	27.0	
12.0	1.0	2.0	16.625	0.0	0.0	3.375	1.0	5.0	3.0	27.0	
13.0	1.0	2.0	16.625	0.0	0.0	3.375	1.0	3.0	1.0	27.0	
14.0	1.0	2.0	16.625	0.0	0.0	3.375	1.0	13.0	5.0	27.0	
15.0	1.0	2.0	16.625	0.0	0.0	3.375	1.0	11.0	1.0	27.0	
16.0	1.0	2.0	16.625	0.0	0.0	3.375	1.0	14.0	2.0	27.0	
17.0	1.0	2.0	16.625	0.0	0.0	3.375	1.0	11.0	4.0	27.0	
18.0	1.0	2.0	16.625	0.0	0.0	3.375	1.0	2.0	5.0	27.0	
19.0	1.0	2.0	16.625	0.0	0.0	3.375	1.0	13.0	4.0	27.0	
20.0	1.0	2.0	16.625	0.0	0.0	3.375	1.0	4.0	5.0	27.0	
21.0	2.0	4.0	32.875	0.0	0.0	7.125	2.0	9.0	1.0	57.0	
22.0	2.0	4.0	32.875	0.0	0.0	7.125	2.0	6.0	2.0	57.0	
23.0	2.0	4.0	32.875	0.0	0.0	7.125	2.0	7.0	3.0	57.0	
24.0	2.0	4.0	32.875	0.0	0.0	7.125	2.0	14.0	4.0	57.0	
25.0	2.0	4.0	32.875	0.0	0.0	7.125	2.0	12.0	2.0	57.0	
26.0	2.0	4.0	32.875	0.0	0.0	7.125	2.0	1.0	2.0	57.0	
27.0	2.0	4.0	32.875	0.0	0.0	7.125	2.0	13.0	4.0	57.0	
28.0	2.0	4.0	32.875	0.0	0.0	7.125	2.0	8.0	1.0	57.0	
29.0	0.0	2.0	32.875	2.0	2.0	7.125	2.0	2.0	5.0	57.0	
30.0	1.0	3.0	32.875	1.0	1.0	7.125	2.0	14.0	1.0	57.0	
31.0	2.0	4.0	32.875	0.0	0.0	7.125	2.0	8.0	1.0	57.0	
32.0	2.0	4.0	32.875	0.0	0.0	7.125	2.0	14.0	3.0	57.0	
33.0	2.0	4.0	32.875	0.0	0.0	7.125	2.0	14.0	1.0	57.0	
34.0	0.0	3.0	32.875	2.0	1.0	7.125	2.0	14.0	1.0	57.0	
35.0	2.0	4.0	32.875	0.0	0.0	7.125	2.0	10.0	5.0	57.0	
36.0	2.0	4.0	32.875	0.0	0.0	7.125	2.0	15.0	4.0	57.0	
37.0	2.0	4.0	32.875	0.0	0.0	7.125	2.0	5.0	2.0	57.0	
38.0	2.0	4.0	32.875	0.0	0.0	7.125	2.0	5.0	5.0	57.0	
39.0	2.0	4.0	32.875	0.0	0.0	7.125	2.0	14.0	2.0	57.0	
40.0	2.0	4.0	32.875	0.0	0.0	7.125	2.0	11.0	3.0	57.0	
41.0	4.0	8.0	65.75	0.0	0.0	14.25	3.0	15.0	4.0	114.0	
42.0	3.0	7.0	65.75	1.0	1.0	14.25	3.0	4.0	1.0	114.0	
43.0	4.0	8.0	65.75	0.0	0.0	14.25	3.0	13.0	1.0	114.0	
44.0	4.0	8.0	65.75	0.0	0.0	14.25	3.0	3.0	5.0	114.0	
45.0	1.0	4.5	65.75	3.0	3.5	14.25	3.0	5.0	4.0	114.0	
46.0	4.0	8.0	65.75	0.0	0.0	14.25	3.0	14.0	3.0	114.0	
47.0	2.0	6.0	65.75	2.0	2.0	14.25	3.0	15.0	5.0	114.0	
48.0	4.0	8.0	65.75	0.0	0.0	14.25	3.0	13.0	4.0	114.0	
49.0	4.0	8.0	65.75	0.0	0.0	14.25	3.0	12.0	1.0	114.0	
50.0	2.0	6.0	65.75	2.0	2.0	14.25	3.0	9.0	1.0	114.0	
51.0	4.0	8.0	65.75	0.0	0.0	14.25	3.0	2.0	3.0	114.0	
52.0	4.0	8.0	65.75	0.0	0.0	14.25	3.0	4.0	3.0	114.0	
53.0	2.0	5.5	65.75	2.0	2.5	14.25	3.0	12.0	3.0	114.0	
54.0	3.0	7.0	65.75	1.0	1.0	14.25	3.0	10.0	5.0	114.0	
55.0	4.0	8.0	65.875	0.0	0.0	14.125	3.0	6.0	4.0	113.0	
56.0	4.0	8.0	65.875	0.0	0.0	14.125	3.0	13.0	5.0	113.0	
57.0	4.0	8.0	65.875	0.0	0.0	14.125	3.0	14.0	3.0	113.0	
58.0	4.0	8.0	65.875	0.0	0.0	14.125	3.0	11.0	4.0	113.0	
59.0	2.0	6.0	65.875	2.0	2.0	14.125	3.0	9.0	4.0	113.0	
60.0	2.0	6.0	65.875	2.0	2.0	14.125	3.0	3.0	3.0	113.0	
61.0	8.0	16.0	131.5	0.0	0.0	28.5	4.0	12.0	4.0	228.0	
62.0	7.0	15.0	131.5	1.0	1.0	28.5	4.0	7.0	4.0	228.0	
63.0	6.0	14.0	131.5	2.0	2.0	28.5	4.0	15.0	1.0	228.0	
64.0	7.0	15.0	131.5	1.0	1.0	28.5	4.0	4.0	2.0	228.0	
65.0	5.0	12.5	131.5	3.0	3.5	28.5	4.0	11.0	2.0	228.0	
66.0	5.0	14.0	131.5	3.0	2.0	28.5	4.0	12.0	5.0	228.0	
67.0	7.0	15.0	131.5	1.0	1.0	28.5	4.0	3.0	3.0	228.0	
68.0	6.0	14.0	131.5	2.0	2.0	28.5	4.0	5.0	3.0	228.0	
69.0	8.0	16.0	131.625	0.0	0.0	28.375	4.0	12.0	2.0	227.0	
70.0	8.0	16.0	131.625	0.0	0.0	28.375	4.0	11.0	5.0	227.0	
71.0	7.0	15.0	131.625	1.0	1.0	28.375	4.0	11.0	3.0	227.0	
72.0	5.0	14.0	131.625	3.0	2.0	28.375	4.0	11.0	2.0	227.0	
73.0	2.0	10.5	131.625	6.0	5.5	28.375	4.0	13.0	3.0	227.0	
74.0	8.0	16.0	131.625	0.0	0.0	28.375	4.0	1.0	3.0	227.0	
75.0	6.0	14.0	131.625	2.0	2.0	28.375	4.0	8.0	5.0	227.0	
76.0	7.0	15.0	131.625	1.0	1.0	28.375	4.0	6.0	4.0	227.0	
77.0	5.0	13.0	131.625	3.0	3.0	28.375	4.0	8.0	2.0	227.0	
78.0	6.0	13.5	131.625	2.0	2.5	28.375	4.0	8.0	1.0	227.0	
79.0	1.0	9.5	131.625	7.0	6.5	28.375	4.0	7.0	3.0	227.0	
80.0	3.0	12.0	131.625	5.0	4.0	28.375	4.0	3.0	1.0	227.0	
81.0	12.0	24.0	207.125	0.0	0.0	42.875	5.0	3.0	4.0	343.0	
82.0	10.0	22.0	207.125	2.0	2.0	42.875	5.0	6.0	2.0	343.0	
83.0	8.0	21.0	207.125	4.0	3.0	42.875	5.0	5.0	1.0	343.0	
84.0	10.0	21.5	207.125	2.0	2.5	42.875	5.0	12.0	2.0	343.0	
85.0	10.0	22.0	207.125	2.0	2.0	42.875	5.0	3.0	5.0	343.0	
86.0	8.0	19.5	207.125	4.0	4.5	42.875	5.0	15.0	4.0	343.0	
87.0	11.0	23.0	207.125	1.0	1.0	42.875	5.0	5.0	5.0	343.0	
88.0	11.0	23.0	207.125	1.0	1.0	42.875	5.0	4.0	3.0	343.0	
89.0	11.0	23.0	207.125	1.0	1.0	42.875	5.0	14.0	2.0	343.0	
90.0	11.0	23.0	207.25	1.0	1.0	42.75	5.0	4.0	1.0	342.0	
91.0	8.0	22.0	207.25	4.0	2.0	42.75	5.0	9.0	5.0	342.0	
92.0	11.0	23.0	207.25	1.0	1.0	42.75	5.0	10.0	4.0	342.0	
93.0	8.0	21.0	207.25	4.0	3.0	42.75	5.0	4.0	5.0	342.0	
94.0	12.0	24.0	207.25	0.0	0.0	42.75	5.0	13.0	1.0	342.0	
95.0	10.0	22.0	207.25	2.0	2.0	42.75	5.0	8.0	5.0	342.0	
96.0	9.0	20.5	207.25	3.0	3.5	42.75	5.0	15.0	3.0	342.0	
97.0	6.0	18.5	207.25	6.0	5.5	42.75	5.0	9.0	3.0	342.0	
98.0	12.0	24.0	207.25	0.0	0.0	42.75	5.0	15.0	2.0	342.0	
99.0	11.0	23.0	207.25	1.0	1.0	42.75	5.0	12.0	3.0	342.0	
100.0	12.0	24.0	207.25	0.0	0.0	42.75	5.0	14.0	1.0	342.0	
=====================================================================================================================================================
after 34 commit, VM matrix is (VM #, resource allocated to each VM (vCPU, memory, storage), resource used in each VM (vCPU, memory, storage), which flavour, VM in which PM, and VM in which rack, # blocks stored (each block is 0.125))
=====================================================================================================================================================
1.0	1.0	2.0	16.5	0.0	0.0	3.5	1.0	11.0	3.0	28.0	
2.0	1.0	2.0	16.5	0.0	0.0	3.5	1.0	14.0	1.0	28.0	
3.0	1.0	2.0	16.5	0.0	0.0	3.5	1.0	6.0	4.0	28.0	
4.0	1.0	2.0	16.5	0.0	0.0	3.5	1.0	9.0	4.0	28.0	
5.0	1.0	2.0	16.5	0.0	0.0	3.5	1.0	15.0	2.0	28.0	
6.0	1.0	2.0	16.5	0.0	0.0	3.5	1.0	7.0	1.0	28.0	
7.0	1.0	2.0	16.5	0.0	0.0	3.5	1.0	11.0	1.0	28.0	
8.0	1.0	2.0	16.5	0.0	0.0	3.5	1.0	15.0	3.0	28.0	
9.0	1.0	2.0	16.5	0.0	0.0	3.5	1.0	15.0	5.0	28.0	
10.0	1.0	2.0	16.625	0.0	0.0	3.375	1.0	15.0	1.0	27.0	
11.0	1.0	2.0	16.625	0.0	0.0	3.375	1.0	4.0	4.0	27.0	
12.0	1.0	2.0	16.625	0.0	0.0	3.375	1.0	5.0	3.0	27.0	
13.0	1.0	2.0	16.625	0.0	0.0	3.375	1.0	3.0	1.0	27.0	
14.0	1.0	2.0	16.625	0.0	0.0	3.375	1.0	13.0	5.0	27.0	
15.0	1.0	2.0	16.625	0.0	0.0	3.375	1.0	11.0	1.0	27.0	
16.0	1.0	2.0	16.625	0.0	0.0	3.375	1.0	14.0	2.0	27.0	
17.0	1.0	2.0	16.625	0.0	0.0	3.375	1.0	11.0	4.0	27.0	
18.0	1.0	2.0	16.625	0.0	0.0	3.375	1.0	2.0	5.0	27.0	
19.0	1.0	2.0	16.625	0.0	0.0	3.375	1.0	13.0	4.0	27.0	
20.0	1.0	2.0	16.625	0.0	0.0	3.375	1.0	4.0	5.0	27.0	
21.0	2.0	4.0	32.875	0.0	0.0	7.125	2.0	9.0	1.0	57.0	
22.0	2.0	4.0	32.875	0.0	0.0	7.125	2.0	6.0	2.0	57.0	
23.0	2.0	4.0	32.875	0.0	0.0	7.125	2.0	7.0	3.0	57.0	
24.0	2.0	4.0	32.875	0.0	0.0	7.125	2.0	14.0	4.0	57.0	
25.0	2.0	4.0	32.875	0.0	0.0	7.125	2.0	12.0	2.0	57.0	
26.0	2.0	4.0	32.875	0.0	0.0	7.125	2.0	1.0	2.0	57.0	
27.0	2.0	4.0	32.875	0.0	0.0	7.125	2.0	13.0	4.0	57.0	
28.0	2.0	4.0	32.875	0.0	0.0	7.125	2.0	8.0	1.0	57.0	
29.0	0.0	2.0	32.875	2.0	2.0	7.125	2.0	2.0	5.0	57.0	
30.0	1.0	3.0	32.875	1.0	1.0	7.125	2.0	14.0	1.0	57.0	
31.0	2.0	4.0	32.875	0.0	0.0	7.125	2.0	8.0	1.0	57.0	
32.0	2.0	4.0	32.875	0.0	0.0	7.125	2.0	14.0	3.0	57.0	
33.0	2.0	4.0	32.875	0.0	0.0	7.125	2.0	14.0	1.0	57.0	
34.0	0.0	3.0	32.875	2.0	1.0	7.125	2.0	14.0	1.0	57.0	
35.0	2.0	4.0	32.875	0.0	0.0	7.125	2.0	10.0	5.0	57.0	
36.0	2.0	4.0	32.875	0.0	0.0	7.125	2.0	15.0	4.0	57.0	
37.0	2.0	4.0	32.875	0.0	0.0	7.125	2.0	5.0	2.0	57.0	
38.0	2.0	4.0	32.875	0.0	0.0	7.125	2.0	5.0	5.0	57.0	
39.0	2.0	4.0	32.875	0.0	0.0	7.125	2.0	14.0	2.0	57.0	
40.0	2.0	4.0	32.875	0.0	0.0	7.125	2.0	11.0	3.0	57.0	
41.0	4.0	8.0	65.75	0.0	0.0	14.25	3.0	15.0	4.0	114.0	
42.0	3.0	7.0	65.75	1.0	1.0	14.25	3.0	4.0	1.0	114.0	
43.0	4.0	8.0	65.75	0.0	0.0	14.25	3.0	13.0	1.0	114.0	
44.0	4.0	8.0	65.75	0.0	0.0	14.25	3.0	3.0	5.0	114.0	
45.0	1.0	4.5	65.75	3.0	3.5	14.25	3.0	5.0	4.0	114.0	
46.0	4.0	8.0	65.75	0.0	0.0	14.25	3.0	14.0	3.0	114.0	
47.0	2.0	6.0	65.75	2.0	2.0	14.25	3.0	15.0	5.0	114.0	
48.0	4.0	8.0	65.75	0.0	0.0	14.25	3.0	13.0	4.0	114.0	
49.0	4.0	8.0	65.75	0.0	0.0	14.25	3.0	12.0	1.0	114.0	
50.0	2.0	6.0	65.75	2.0	2.0	14.25	3.0	9.0	1.0	114.0	
51.0	4.0	8.0	65.75	0.0	0.0	14.25	3.0	2.0	3.0	114.0	
52.0	4.0	8.0	65.75	0.0	0.0	14.25	3.0	4.0	3.0	114.0	
53.0	2.0	5.5	65.75	2.0	2.5	14.25	3.0	12.0	3.0	114.0	
54.0	3.0	7.0	65.75	1.0	1.0	14.25	3.0	10.0	5.0	114.0	
55.0	4.0	8.0	65.875	0.0	0.0	14.125	3.0	6.0	4.0	113.0	
56.0	4.0	8.0	65.875	0.0	0.0	14.125	3.0	13.0	5.0	113.0	
57.0	4.0	8.0	65.875	0.0	0.0	14.125	3.0	14.0	3.0	113.0	
58.0	4.0	8.0	65.875	0.0	0.0	14.125	3.0	11.0	4.0	113.0	
59.0	2.0	6.0	65.875	2.0	2.0	14.125	3.0	9.0	4.0	113.0	
60.0	2.0	6.0	65.875	2.0	2.0	14.125	3.0	3.0	3.0	113.0	
61.0	8.0	16.0	131.5	0.0	0.0	28.5	4.0	12.0	4.0	228.0	
62.0	7.0	15.0	131.5	1.0	1.0	28.5	4.0	7.0	4.0	228.0	
63.0	6.0	14.0	131.5	2.0	2.0	28.5	4.0	15.0	1.0	228.0	
64.0	7.0	15.0	131.5	1.0	1.0	28.5	4.0	4.0	2.0	228.0	
65.0	5.0	12.5	131.5	3.0	3.5	28.5	4.0	11.0	2.0	228.0	
66.0	5.0	14.0	131.5	3.0	2.0	28.5	4.0	12.0	5.0	228.0	
67.0	7.0	15.0	131.5	1.0	1.0	28.5	4.0	3.0	3.0	228.0	
68.0	6.0	14.0	131.5	2.0	2.0	28.5	4.0	5.0	3.0	228.0	
69.0	8.0	16.0	131.625	0.0	0.0	28.375	4.0	12.0	2.0	227.0	
70.0	8.0	16.0	131.625	0.0	0.0	28.375	4.0	11.0	5.0	227.0	
71.0	7.0	15.0	131.625	1.0	1.0	28.375	4.0	11.0	3.0	227.0	
72.0	5.0	14.0	131.625	3.0	2.0	28.375	4.0	11.0	2.0	227.0	
73.0	2.0	10.5	131.625	6.0	5.5	28.375	4.0	13.0	3.0	227.0	
74.0	8.0	16.0	131.625	0.0	0.0	28.375	4.0	1.0	3.0	227.0	
75.0	6.0	14.0	131.625	2.0	2.0	28.375	4.0	8.0	5.0	227.0	
76.0	7.0	15.0	131.625	1.0	1.0	28.375	4.0	6.0	4.0	227.0	
77.0	5.0	13.0	131.625	3.0	3.0	28.375	4.0	8.0	2.0	227.0	
78.0	6.0	13.5	131.625	2.0	2.5	28.375	4.0	8.0	1.0	227.0	
79.0	1.0	9.5	131.625	7.0	6.5	28.375	4.0	7.0	3.0	227.0	
80.0	3.0	12.0	131.625	5.0	4.0	28.375	4.0	3.0	1.0	227.0	
81.0	12.0	24.0	207.125	0.0	0.0	42.875	5.0	3.0	4.0	343.0	
82.0	10.0	22.0	207.125	2.0	2.0	42.875	5.0	6.0	2.0	343.0	
83.0	8.0	21.0	207.125	4.0	3.0	42.875	5.0	5.0	1.0	343.0	
84.0	10.0	21.5	207.125	2.0	2.5	42.875	5.0	12.0	2.0	343.0	
85.0	10.0	22.0	207.125	2.0	2.0	42.875	5.0	3.0	5.0	343.0	
86.0	8.0	19.5	207.125	4.0	4.5	42.875	5.0	15.0	4.0	343.0	
87.0	11.0	23.0	207.125	1.0	1.0	42.875	5.0	5.0	5.0	343.0	
88.0	11.0	23.0	207.125	1.0	1.0	42.875	5.0	4.0	3.0	343.0	
89.0	11.0	23.0	207.125	1.0	1.0	42.875	5.0	14.0	2.0	343.0	
90.0	11.0	23.0	207.25	1.0	1.0	42.75	5.0	4.0	1.0	342.0	
91.0	8.0	22.0	207.25	4.0	2.0	42.75	5.0	9.0	5.0	342.0	
92.0	11.0	23.0	207.25	1.0	1.0	42.75	5.0	10.0	4.0	342.0	
93.0	8.0	21.0	207.25	4.0	3.0	42.75	5.0	4.0	5.0	342.0	
94.0	12.0	24.0	207.25	0.0	0.0	42.75	5.0	13.0	1.0	342.0	
95.0	10.0	22.0	207.25	2.0	2.0	42.75	5.0	8.0	5.0	342.0	
96.0	9.0	20.5	207.25	3.0	3.5	42.75	5.0	15.0	3.0	342.0	
97.0	6.0	18.5	207.25	6.0	5.5	42.75	5.0	9.0	3.0	342.0	
98.0	12.0	24.0	207.25	0.0	0.0	42.75	5.0	15.0	2.0	342.0	
99.0	11.0	23.0	207.25	1.0	1.0	42.75	5.0	12.0	3.0	342.0	
100.0	12.0	24.0	207.25	0.0	0.0	42.75	5.0	14.0	1.0	342.0	
=====================================================================================================================================================
after 35 commit, VM matrix is (VM #, resource allocated to each VM (vCPU, memory, storage), resource used in each VM (vCPU, memory, storage), which flavour, VM in which PM, and VM in which rack, # blocks stored (each block is 0.125))
=====================================================================================================================================================
1.0	1.0	2.0	16.5	0.0	0.0	3.5	1.0	11.0	3.0	28.0	
2.0	1.0	2.0	16.5	0.0	0.0	3.5	1.0	14.0	1.0	28.0	
3.0	1.0	2.0	16.5	0.0	0.0	3.5	1.0	6.0	4.0	28.0	
4.0	1.0	2.0	16.5	0.0	0.0	3.5	1.0	9.0	4.0	28.0	
5.0	1.0	2.0	16.5	0.0	0.0	3.5	1.0	15.0	2.0	28.0	
6.0	1.0	2.0	16.5	0.0	0.0	3.5	1.0	7.0	1.0	28.0	
7.0	1.0	2.0	16.5	0.0	0.0	3.5	1.0	11.0	1.0	28.0	
8.0	1.0	2.0	16.5	0.0	0.0	3.5	1.0	15.0	3.0	28.0	
9.0	1.0	2.0	16.5	0.0	0.0	3.5	1.0	15.0	5.0	28.0	
10.0	1.0	2.0	16.625	0.0	0.0	3.375	1.0	15.0	1.0	27.0	
11.0	1.0	2.0	16.625	0.0	0.0	3.375	1.0	4.0	4.0	27.0	
12.0	1.0	2.0	16.625	0.0	0.0	3.375	1.0	5.0	3.0	27.0	
13.0	1.0	2.0	16.625	0.0	0.0	3.375	1.0	3.0	1.0	27.0	
14.0	1.0	2.0	16.625	0.0	0.0	3.375	1.0	13.0	5.0	27.0	
15.0	1.0	2.0	16.625	0.0	0.0	3.375	1.0	11.0	1.0	27.0	
16.0	1.0	2.0	16.625	0.0	0.0	3.375	1.0	14.0	2.0	27.0	
17.0	1.0	2.0	16.625	0.0	0.0	3.375	1.0	11.0	4.0	27.0	
18.0	1.0	2.0	16.625	0.0	0.0	3.375	1.0	2.0	5.0	27.0	
19.0	1.0	2.0	16.625	0.0	0.0	3.375	1.0	13.0	4.0	27.0	
20.0	1.0	2.0	16.625	0.0	0.0	3.375	1.0	4.0	5.0	27.0	
21.0	2.0	4.0	32.875	0.0	0.0	7.125	2.0	9.0	1.0	57.0	
22.0	2.0	4.0	32.875	0.0	0.0	7.125	2.0	6.0	2.0	57.0	
23.0	2.0	4.0	32.875	0.0	0.0	7.125	2.0	7.0	3.0	57.0	
24.0	2.0	4.0	32.875	0.0	0.0	7.125	2.0	14.0	4.0	57.0	
25.0	2.0	4.0	32.875	0.0	0.0	7.125	2.0	12.0	2.0	57.0	
26.0	2.0	4.0	32.875	0.0	0.0	7.125	2.0	1.0	2.0	57.0	
27.0	2.0	4.0	32.875	0.0	0.0	7.125	2.0	13.0	4.0	57.0	
28.0	2.0	4.0	32.875	0.0	0.0	7.125	2.0	8.0	1.0	57.0	
29.0	0.0	2.0	32.875	2.0	2.0	7.125	2.0	2.0	5.0	57.0	
30.0	1.0	3.0	32.875	1.0	1.0	7.125	2.0	14.0	1.0	57.0	
31.0	2.0	4.0	32.875	0.0	0.0	7.125	2.0	8.0	1.0	57.0	
32.0	2.0	4.0	32.875	0.0	0.0	7.125	2.0	14.0	3.0	57.0	
33.0	2.0	4.0	32.875	0.0	0.0	7.125	2.0	14.0	1.0	57.0	
34.0	0.0	3.0	32.875	2.0	1.0	7.125	2.0	14.0	1.0	57.0	
35.0	2.0	4.0	32.875	0.0	0.0	7.125	2.0	10.0	5.0	57.0	
36.0	2.0	4.0	32.875	0.0	0.0	7.125	2.0	15.0	4.0	57.0	
37.0	2.0	4.0	32.875	0.0	0.0	7.125	2.0	5.0	2.0	57.0	
38.0	2.0	4.0	32.875	0.0	0.0	7.125	2.0	5.0	5.0	57.0	
39.0	2.0	4.0	32.875	0.0	0.0	7.125	2.0	14.0	2.0	57.0	
40.0	2.0	4.0	32.875	0.0	0.0	7.125	2.0	11.0	3.0	57.0	
41.0	4.0	8.0	65.75	0.0	0.0	14.25	3.0	15.0	4.0	114.0	
42.0	3.0	7.0	65.75	1.0	1.0	14.25	3.0	4.0	1.0	114.0	
43.0	4.0	8.0	65.75	0.0	0.0	14.25	3.0	13.0	1.0	114.0	
44.0	4.0	8.0	65.75	0.0	0.0	14.25	3.0	3.0	5.0	114.0	
45.0	1.0	4.5	65.75	3.0	3.5	14.25	3.0	5.0	4.0	114.0	
46.0	4.0	8.0	65.75	0.0	0.0	14.25	3.0	14.0	3.0	114.0	
47.0	2.0	6.0	65.75	2.0	2.0	14.25	3.0	15.0	5.0	114.0	
48.0	4.0	8.0	65.75	0.0	0.0	14.25	3.0	13.0	4.0	114.0	
49.0	4.0	8.0	65.75	0.0	0.0	14.25	3.0	12.0	1.0	114.0	
50.0	2.0	6.0	65.75	2.0	2.0	14.25	3.0	9.0	1.0	114.0	
51.0	4.0	8.0	65.75	0.0	0.0	14.25	3.0	2.0	3.0	114.0	
52.0	4.0	8.0	65.75	0.0	0.0	14.25	3.0	4.0	3.0	114.0	
53.0	2.0	5.5	65.75	2.0	2.5	14.25	3.0	12.0	3.0	114.0	
54.0	3.0	7.0	65.75	1.0	1.0	14.25	3.0	10.0	5.0	114.0	
55.0	4.0	8.0	65.875	0.0	0.0	14.125	3.0	6.0	4.0	113.0	
56.0	4.0	8.0	65.875	0.0	0.0	14.125	3.0	13.0	5.0	113.0	
57.0	4.0	8.0	65.875	0.0	0.0	14.125	3.0	14.0	3.0	113.0	
58.0	4.0	8.0	65.875	0.0	0.0	14.125	3.0	11.0	4.0	113.0	
59.0	2.0	6.0	65.875	2.0	2.0	14.125	3.0	9.0	4.0	113.0	
60.0	2.0	6.0	65.875	2.0	2.0	14.125	3.0	3.0	3.0	113.0	
61.0	8.0	16.0	131.5	0.0	0.0	28.5	4.0	12.0	4.0	228.0	
62.0	7.0	15.0	131.5	1.0	1.0	28.5	4.0	7.0	4.0	228.0	
63.0	6.0	14.0	131.5	2.0	2.0	28.5	4.0	15.0	1.0	228.0	
64.0	7.0	15.0	131.5	1.0	1.0	28.5	4.0	4.0	2.0	228.0	
65.0	5.0	12.5	131.5	3.0	3.5	28.5	4.0	11.0	2.0	228.0	
66.0	5.0	14.0	131.5	3.0	2.0	28.5	4.0	12.0	5.0	228.0	
67.0	7.0	15.0	131.5	1.0	1.0	28.5	4.0	3.0	3.0	228.0	
68.0	6.0	14.0	131.5	2.0	2.0	28.5	4.0	5.0	3.0	228.0	
69.0	8.0	16.0	131.625	0.0	0.0	28.375	4.0	12.0	2.0	227.0	
70.0	8.0	16.0	131.625	0.0	0.0	28.375	4.0	11.0	5.0	227.0	
71.0	7.0	15.0	131.625	1.0	1.0	28.375	4.0	11.0	3.0	227.0	
72.0	7.0	15.0	131.625	1.0	1.0	28.375	4.0	11.0	2.0	227.0	
73.0	2.0	10.5	131.625	6.0	5.5	28.375	4.0	13.0	3.0	227.0	
74.0	8.0	16.0	131.625	0.0	0.0	28.375	4.0	1.0	3.0	227.0	
75.0	6.0	14.0	131.625	2.0	2.0	28.375	4.0	8.0	5.0	227.0	
76.0	7.0	15.0	131.625	1.0	1.0	28.375	4.0	6.0	4.0	227.0	
77.0	5.0	13.0	131.625	3.0	3.0	28.375	4.0	8.0	2.0	227.0	
78.0	6.0	13.5	131.625	2.0	2.5	28.375	4.0	8.0	1.0	227.0	
79.0	3.0	10.5	131.625	5.0	5.5	28.375	4.0	7.0	3.0	227.0	
80.0	3.0	12.0	131.625	5.0	4.0	28.375	4.0	3.0	1.0	227.0	
81.0	12.0	24.0	207.125	0.0	0.0	42.875	5.0	3.0	4.0	343.0	
82.0	10.0	22.0	207.125	2.0	2.0	42.875	5.0	6.0	2.0	343.0	
83.0	8.0	21.0	207.125	4.0	3.0	42.875	5.0	5.0	1.0	343.0	
84.0	10.0	21.5	207.125	2.0	2.5	42.875	5.0	12.0	2.0	343.0	
85.0	10.0	22.0	207.125	2.0	2.0	42.875	5.0	3.0	5.0	343.0	
86.0	8.0	19.5	207.125	4.0	4.5	42.875	5.0	15.0	4.0	343.0	
87.0	11.0	23.0	207.125	1.0	1.0	42.875	5.0	5.0	5.0	343.0	
88.0	11.0	23.0	207.125	1.0	1.0	42.875	5.0	4.0	3.0	343.0	
89.0	11.0	23.0	207.125	1.0	1.0	42.875	5.0	14.0	2.0	343.0	
90.0	11.0	23.0	207.25	1.0	1.0	42.75	5.0	4.0	1.0	342.0	
91.0	10.0	23.0	207.25	2.0	1.0	42.75	5.0	9.0	5.0	342.0	
92.0	11.0	23.0	207.25	1.0	1.0	42.75	5.0	10.0	4.0	342.0	
93.0	10.0	22.0	207.25	2.0	2.0	42.75	5.0	4.0	5.0	342.0	
94.0	12.0	24.0	207.25	0.0	0.0	42.75	5.0	13.0	1.0	342.0	
95.0	10.0	22.0	207.25	2.0	2.0	42.75	5.0	8.0	5.0	342.0	
96.0	9.0	20.5	207.25	3.0	3.5	42.75	5.0	15.0	3.0	342.0	
97.0	6.0	18.5	207.25	6.0	5.5	42.75	5.0	9.0	3.0	342.0	
98.0	12.0	24.0	207.25	0.0	0.0	42.75	5.0	15.0	2.0	342.0	
99.0	11.0	23.0	207.25	1.0	1.0	42.75	5.0	12.0	3.0	342.0	
100.0	12.0	24.0	207.25	0.0	0.0	42.75	5.0	14.0	1.0	342.0	
=====================================================================================================================================================
after 36 commit, VM matrix is (VM #, resource allocated to each VM (vCPU, memory, storage), resource used in each VM (vCPU, memory, storage), which flavour, VM in which PM, and VM in which rack, # blocks stored (each block is 0.125))
=====================================================================================================================================================
1.0	1.0	2.0	16.5	0.0	0.0	3.5	1.0	11.0	3.0	28.0	
2.0	1.0	2.0	16.5	0.0	0.0	3.5	1.0	14.0	1.0	28.0	
3.0	1.0	2.0	16.5	0.0	0.0	3.5	1.0	6.0	4.0	28.0	
4.0	1.0	2.0	16.5	0.0	0.0	3.5	1.0	9.0	4.0	28.0	
5.0	1.0	2.0	16.5	0.0	0.0	3.5	1.0	15.0	2.0	28.0	
6.0	1.0	2.0	16.5	0.0	0.0	3.5	1.0	7.0	1.0	28.0	
7.0	1.0	2.0	16.5	0.0	0.0	3.5	1.0	11.0	1.0	28.0	
8.0	1.0	2.0	16.5	0.0	0.0	3.5	1.0	15.0	3.0	28.0	
9.0	1.0	2.0	16.5	0.0	0.0	3.5	1.0	15.0	5.0	28.0	
10.0	1.0	2.0	16.625	0.0	0.0	3.375	1.0	15.0	1.0	27.0	
11.0	1.0	2.0	16.625	0.0	0.0	3.375	1.0	4.0	4.0	27.0	
12.0	1.0	2.0	16.625	0.0	0.0	3.375	1.0	5.0	3.0	27.0	
13.0	1.0	2.0	16.625	0.0	0.0	3.375	1.0	3.0	1.0	27.0	
14.0	1.0	2.0	16.625	0.0	0.0	3.375	1.0	13.0	5.0	27.0	
15.0	1.0	2.0	16.625	0.0	0.0	3.375	1.0	11.0	1.0	27.0	
16.0	1.0	2.0	16.625	0.0	0.0	3.375	1.0	14.0	2.0	27.0	
17.0	1.0	2.0	16.625	0.0	0.0	3.375	1.0	11.0	4.0	27.0	
18.0	1.0	2.0	16.625	0.0	0.0	3.375	1.0	2.0	5.0	27.0	
19.0	1.0	2.0	16.625	0.0	0.0	3.375	1.0	13.0	4.0	27.0	
20.0	1.0	2.0	16.625	0.0	0.0	3.375	1.0	4.0	5.0	27.0	
21.0	2.0	4.0	32.875	0.0	0.0	7.125	2.0	9.0	1.0	57.0	
22.0	2.0	4.0	32.875	0.0	0.0	7.125	2.0	6.0	2.0	57.0	
23.0	2.0	4.0	32.875	0.0	0.0	7.125	2.0	7.0	3.0	57.0	
24.0	2.0	4.0	32.875	0.0	0.0	7.125	2.0	14.0	4.0	57.0	
25.0	2.0	4.0	32.875	0.0	0.0	7.125	2.0	12.0	2.0	57.0	
26.0	2.0	4.0	32.875	0.0	0.0	7.125	2.0	1.0	2.0	57.0	
27.0	2.0	4.0	32.875	0.0	0.0	7.125	2.0	13.0	4.0	57.0	
28.0	2.0	4.0	32.875	0.0	0.0	7.125	2.0	8.0	1.0	57.0	
29.0	0.0	2.0	32.875	2.0	2.0	7.125	2.0	2.0	5.0	57.0	
30.0	1.0	3.0	32.875	1.0	1.0	7.125	2.0	14.0	1.0	57.0	
31.0	2.0	4.0	32.875	0.0	0.0	7.125	2.0	8.0	1.0	57.0	
32.0	2.0	4.0	32.875	0.0	0.0	7.125	2.0	14.0	3.0	57.0	
33.0	2.0	4.0	32.875	0.0	0.0	7.125	2.0	14.0	1.0	57.0	
34.0	0.0	3.0	32.875	2.0	1.0	7.125	2.0	14.0	1.0	57.0	
35.0	2.0	4.0	32.875	0.0	0.0	7.125	2.0	10.0	5.0	57.0	
36.0	2.0	4.0	32.875	0.0	0.0	7.125	2.0	15.0	4.0	57.0	
37.0	2.0	4.0	32.875	0.0	0.0	7.125	2.0	5.0	2.0	57.0	
38.0	2.0	4.0	32.875	0.0	0.0	7.125	2.0	5.0	5.0	57.0	
39.0	2.0	4.0	32.875	0.0	0.0	7.125	2.0	14.0	2.0	57.0	
40.0	2.0	4.0	32.875	0.0	0.0	7.125	2.0	11.0	3.0	57.0	
41.0	4.0	8.0	65.75	0.0	0.0	14.25	3.0	15.0	4.0	114.0	
42.0	3.0	7.0	65.75	1.0	1.0	14.25	3.0	4.0	1.0	114.0	
43.0	4.0	8.0	65.75	0.0	0.0	14.25	3.0	13.0	1.0	114.0	
44.0	4.0	8.0	65.75	0.0	0.0	14.25	3.0	3.0	5.0	114.0	
45.0	1.0	4.5	65.75	3.0	3.5	14.25	3.0	5.0	4.0	114.0	
46.0	4.0	8.0	65.75	0.0	0.0	14.25	3.0	14.0	3.0	114.0	
47.0	2.0	6.0	65.75	2.0	2.0	14.25	3.0	15.0	5.0	114.0	
48.0	4.0	8.0	65.75	0.0	0.0	14.25	3.0	13.0	4.0	114.0	
49.0	4.0	8.0	65.75	0.0	0.0	14.25	3.0	12.0	1.0	114.0	
50.0	2.0	6.0	65.75	2.0	2.0	14.25	3.0	9.0	1.0	114.0	
51.0	4.0	8.0	65.75	0.0	0.0	14.25	3.0	2.0	3.0	114.0	
52.0	4.0	8.0	65.75	0.0	0.0	14.25	3.0	4.0	3.0	114.0	
53.0	2.0	5.5	65.75	2.0	2.5	14.25	3.0	12.0	3.0	114.0	
54.0	3.0	7.0	65.75	1.0	1.0	14.25	3.0	10.0	5.0	114.0	
55.0	4.0	8.0	65.875	0.0	0.0	14.125	3.0	6.0	4.0	113.0	
56.0	4.0	8.0	65.875	0.0	0.0	14.125	3.0	13.0	5.0	113.0	
57.0	4.0	8.0	65.875	0.0	0.0	14.125	3.0	14.0	3.0	113.0	
58.0	4.0	8.0	65.875	0.0	0.0	14.125	3.0	11.0	4.0	113.0	
59.0	2.0	6.0	65.875	2.0	2.0	14.125	3.0	9.0	4.0	113.0	
60.0	2.0	6.0	65.875	2.0	2.0	14.125	3.0	3.0	3.0	113.0	
61.0	8.0	16.0	131.5	0.0	0.0	28.5	4.0	12.0	4.0	228.0	
62.0	7.0	15.0	131.5	1.0	1.0	28.5	4.0	7.0	4.0	228.0	
63.0	6.0	14.0	131.5	2.0	2.0	28.5	4.0	15.0	1.0	228.0	
64.0	7.0	15.0	131.5	1.0	1.0	28.5	4.0	4.0	2.0	228.0	
65.0	5.0	12.5	131.5	3.0	3.5	28.5	4.0	11.0	2.0	228.0	
66.0	5.0	14.0	131.5	3.0	2.0	28.5	4.0	12.0	5.0	228.0	
67.0	7.0	15.0	131.5	1.0	1.0	28.5	4.0	3.0	3.0	228.0	
68.0	6.0	14.0	131.5	2.0	2.0	28.5	4.0	5.0	3.0	228.0	
69.0	8.0	16.0	131.625	0.0	0.0	28.375	4.0	12.0	2.0	227.0	
70.0	8.0	16.0	131.625	0.0	0.0	28.375	4.0	11.0	5.0	227.0	
71.0	7.0	15.0	131.625	1.0	1.0	28.375	4.0	11.0	3.0	227.0	
72.0	7.0	15.0	131.625	1.0	1.0	28.375	4.0	11.0	2.0	227.0	
73.0	4.0	11.5	131.625	4.0	4.5	28.375	4.0	13.0	3.0	227.0	
74.0	8.0	16.0	131.625	0.0	0.0	28.375	4.0	1.0	3.0	227.0	
75.0	6.0	14.0	131.625	2.0	2.0	28.375	4.0	8.0	5.0	227.0	
76.0	7.0	15.0	131.625	1.0	1.0	28.375	4.0	6.0	4.0	227.0	
77.0	5.0	13.0	131.625	3.0	3.0	28.375	4.0	8.0	2.0	227.0	
78.0	6.0	13.5	131.625	2.0	2.5	28.375	4.0	8.0	1.0	227.0	
79.0	3.0	10.5	131.625	5.0	5.5	28.375	4.0	7.0	3.0	227.0	
80.0	3.0	12.0	131.625	5.0	4.0	28.375	4.0	3.0	1.0	227.0	
81.0	12.0	24.0	207.125	0.0	0.0	42.875	5.0	3.0	4.0	343.0	
82.0	10.0	22.0	207.125	2.0	2.0	42.875	5.0	6.0	2.0	343.0	
83.0	8.0	21.0	207.125	4.0	3.0	42.875	5.0	5.0	1.0	343.0	
84.0	10.0	21.5	207.125	2.0	2.5	42.875	5.0	12.0	2.0	343.0	
85.0	10.0	22.0	207.125	2.0	2.0	42.875	5.0	3.0	5.0	343.0	
86.0	8.0	19.5	207.125	4.0	4.5	42.875	5.0	15.0	4.0	343.0	
87.0	11.0	23.0	207.125	1.0	1.0	42.875	5.0	5.0	5.0	343.0	
88.0	11.0	23.0	207.125	1.0	1.0	42.875	5.0	4.0	3.0	343.0	
89.0	11.0	23.0	207.125	1.0	1.0	42.875	5.0	14.0	2.0	343.0	
90.0	11.0	23.0	207.25	1.0	1.0	42.75	5.0	4.0	1.0	342.0	
91.0	10.0	23.0	207.25	2.0	1.0	42.75	5.0	9.0	5.0	342.0	
92.0	11.0	23.0	207.25	1.0	1.0	42.75	5.0	10.0	4.0	342.0	
93.0	10.0	22.0	207.25	2.0	2.0	42.75	5.0	4.0	5.0	342.0	
94.0	12.0	24.0	207.25	0.0	0.0	42.75	5.0	13.0	1.0	342.0	
95.0	10.0	22.0	207.25	2.0	2.0	42.75	5.0	8.0	5.0	342.0	
96.0	9.0	20.5	207.25	3.0	3.5	42.75	5.0	15.0	3.0	342.0	
97.0	6.0	18.5	207.25	6.0	5.5	42.75	5.0	9.0	3.0	342.0	
98.0	12.0	24.0	207.25	0.0	0.0	42.75	5.0	15.0	2.0	342.0	
99.0	11.0	23.0	207.25	1.0	1.0	42.75	5.0	12.0	3.0	342.0	
100.0	12.0	24.0	207.25	0.0	0.0	42.75	5.0	14.0	1.0	342.0	
=====================================================================================================================================================
after 37 commit, VM matrix is (VM #, resource allocated to each VM (vCPU, memory, storage), resource used in each VM (vCPU, memory, storage), which flavour, VM in which PM, and VM in which rack, # blocks stored (each block is 0.125))
=====================================================================================================================================================
1.0	1.0	2.0	16.5	0.0	0.0	3.5	1.0	11.0	3.0	28.0	
2.0	1.0	2.0	16.5	0.0	0.0	3.5	1.0	14.0	1.0	28.0	
3.0	1.0	2.0	16.5	0.0	0.0	3.5	1.0	6.0	4.0	28.0	
4.0	1.0	2.0	16.5	0.0	0.0	3.5	1.0	9.0	4.0	28.0	
5.0	1.0	2.0	16.5	0.0	0.0	3.5	1.0	15.0	2.0	28.0	
6.0	1.0	2.0	16.5	0.0	0.0	3.5	1.0	7.0	1.0	28.0	
7.0	1.0	2.0	16.5	0.0	0.0	3.5	1.0	11.0	1.0	28.0	
8.0	1.0	2.0	16.5	0.0	0.0	3.5	1.0	15.0	3.0	28.0	
9.0	1.0	2.0	16.5	0.0	0.0	3.5	1.0	15.0	5.0	28.0	
10.0	1.0	2.0	16.625	0.0	0.0	3.375	1.0	15.0	1.0	27.0	
11.0	1.0	2.0	16.625	0.0	0.0	3.375	1.0	4.0	4.0	27.0	
12.0	1.0	2.0	16.625	0.0	0.0	3.375	1.0	5.0	3.0	27.0	
13.0	1.0	2.0	16.625	0.0	0.0	3.375	1.0	3.0	1.0	27.0	
14.0	1.0	2.0	16.625	0.0	0.0	3.375	1.0	13.0	5.0	27.0	
15.0	1.0	2.0	16.625	0.0	0.0	3.375	1.0	11.0	1.0	27.0	
16.0	1.0	2.0	16.625	0.0	0.0	3.375	1.0	14.0	2.0	27.0	
17.0	1.0	2.0	16.625	0.0	0.0	3.375	1.0	11.0	4.0	27.0	
18.0	1.0	2.0	16.625	0.0	0.0	3.375	1.0	2.0	5.0	27.0	
19.0	1.0	2.0	16.625	0.0	0.0	3.375	1.0	13.0	4.0	27.0	
20.0	1.0	2.0	16.625	0.0	0.0	3.375	1.0	4.0	5.0	27.0	
21.0	2.0	4.0	32.875	0.0	0.0	7.125	2.0	9.0	1.0	57.0	
22.0	2.0	4.0	32.875	0.0	0.0	7.125	2.0	6.0	2.0	57.0	
23.0	2.0	4.0	32.875	0.0	0.0	7.125	2.0	7.0	3.0	57.0	
24.0	2.0	4.0	32.875	0.0	0.0	7.125	2.0	14.0	4.0	57.0	
25.0	2.0	4.0	32.875	0.0	0.0	7.125	2.0	12.0	2.0	57.0	
26.0	2.0	4.0	32.875	0.0	0.0	7.125	2.0	1.0	2.0	57.0	
27.0	2.0	4.0	32.875	0.0	0.0	7.125	2.0	13.0	4.0	57.0	
28.0	2.0	4.0	32.875	0.0	0.0	7.125	2.0	8.0	1.0	57.0	
29.0	0.0	2.0	32.875	2.0	2.0	7.125	2.0	2.0	5.0	57.0	
30.0	2.0	4.0	32.875	0.0	0.0	7.125	2.0	14.0	1.0	57.0	
31.0	2.0	4.0	32.875	0.0	0.0	7.125	2.0	8.0	1.0	57.0	
32.0	2.0	4.0	32.875	0.0	0.0	7.125	2.0	14.0	3.0	57.0	
33.0	2.0	4.0	32.875	0.0	0.0	7.125	2.0	14.0	1.0	57.0	
34.0	0.0	3.0	32.875	2.0	1.0	7.125	2.0	14.0	1.0	57.0	
35.0	2.0	4.0	32.875	0.0	0.0	7.125	2.0	10.0	5.0	57.0	
36.0	2.0	4.0	32.875	0.0	0.0	7.125	2.0	15.0	4.0	57.0	
37.0	2.0	4.0	32.875	0.0	0.0	7.125	2.0	5.0	2.0	57.0	
38.0	2.0	4.0	32.875	0.0	0.0	7.125	2.0	5.0	5.0	57.0	
39.0	2.0	4.0	32.875	0.0	0.0	7.125	2.0	14.0	2.0	57.0	
40.0	2.0	4.0	32.875	0.0	0.0	7.125	2.0	11.0	3.0	57.0	
41.0	4.0	8.0	65.75	0.0	0.0	14.25	3.0	15.0	4.0	114.0	
42.0	4.0	8.0	65.75	0.0	0.0	14.25	3.0	4.0	1.0	114.0	
43.0	4.0	8.0	65.75	0.0	0.0	14.25	3.0	13.0	1.0	114.0	
44.0	4.0	8.0	65.75	0.0	0.0	14.25	3.0	3.0	5.0	114.0	
45.0	2.0	5.5	65.75	2.0	2.5	14.25	3.0	5.0	4.0	114.0	
46.0	4.0	8.0	65.75	0.0	0.0	14.25	3.0	14.0	3.0	114.0	
47.0	2.0	6.0	65.75	2.0	2.0	14.25	3.0	15.0	5.0	114.0	
48.0	4.0	8.0	65.75	0.0	0.0	14.25	3.0	13.0	4.0	114.0	
49.0	4.0	8.0	65.75	0.0	0.0	14.25	3.0	12.0	1.0	114.0	
50.0	2.0	6.0	65.75	2.0	2.0	14.25	3.0	9.0	1.0	114.0	
51.0	4.0	8.0	65.75	0.0	0.0	14.25	3.0	2.0	3.0	114.0	
52.0	4.0	8.0	65.75	0.0	0.0	14.25	3.0	4.0	3.0	114.0	
53.0	2.0	5.5	65.75	2.0	2.5	14.25	3.0	12.0	3.0	114.0	
54.0	4.0	8.0	65.75	0.0	0.0	14.25	3.0	10.0	5.0	114.0	
55.0	4.0	8.0	65.875	0.0	0.0	14.125	3.0	6.0	4.0	113.0	
56.0	4.0	8.0	65.875	0.0	0.0	14.125	3.0	13.0	5.0	113.0	
57.0	4.0	8.0	65.875	0.0	0.0	14.125	3.0	14.0	3.0	113.0	
58.0	4.0	8.0	65.875	0.0	0.0	14.125	3.0	11.0	4.0	113.0	
59.0	2.0	6.0	65.875	2.0	2.0	14.125	3.0	9.0	4.0	113.0	
60.0	2.0	6.0	65.875	2.0	2.0	14.125	3.0	3.0	3.0	113.0	
61.0	8.0	16.0	131.5	0.0	0.0	28.5	4.0	12.0	4.0	228.0	
62.0	8.0	16.0	131.5	0.0	0.0	28.5	4.0	7.0	4.0	228.0	
63.0	6.0	14.0	131.5	2.0	2.0	28.5	4.0	15.0	1.0	228.0	
64.0	7.0	15.0	131.5	1.0	1.0	28.5	4.0	4.0	2.0	228.0	
65.0	6.0	13.5	131.5	2.0	2.5	28.5	4.0	11.0	2.0	228.0	
66.0	6.0	15.0	131.5	2.0	1.0	28.5	4.0	12.0	5.0	228.0	
67.0	8.0	16.0	131.5	0.0	0.0	28.5	4.0	3.0	3.0	228.0	
68.0	6.0	14.0	131.5	2.0	2.0	28.5	4.0	5.0	3.0	228.0	
69.0	8.0	16.0	131.625	0.0	0.0	28.375	4.0	12.0	2.0	227.0	
70.0	8.0	16.0	131.625	0.0	0.0	28.375	4.0	11.0	5.0	227.0	
71.0	7.0	15.0	131.625	1.0	1.0	28.375	4.0	11.0	3.0	227.0	
72.0	8.0	16.0	131.625	0.0	0.0	28.375	4.0	11.0	2.0	227.0	
73.0	4.0	11.5	131.625	4.0	4.5	28.375	4.0	13.0	3.0	227.0	
74.0	8.0	16.0	131.625	0.0	0.0	28.375	4.0	1.0	3.0	227.0	
75.0	6.0	14.0	131.625	2.0	2.0	28.375	4.0	8.0	5.0	227.0	
76.0	7.0	15.0	131.625	1.0	1.0	28.375	4.0	6.0	4.0	227.0	
77.0	6.0	14.0	131.625	2.0	2.0	28.375	4.0	8.0	2.0	227.0	
78.0	6.0	13.5	131.625	2.0	2.5	28.375	4.0	8.0	1.0	227.0	
79.0	3.0	10.5	131.625	5.0	5.5	28.375	4.0	7.0	3.0	227.0	
80.0	6.0	14.0	131.625	2.0	2.0	28.375	4.0	3.0	1.0	227.0	
81.0	12.0	24.0	207.125	0.0	0.0	42.875	5.0	3.0	4.0	343.0	
82.0	10.0	22.0	207.125	2.0	2.0	42.875	5.0	6.0	2.0	343.0	
83.0	10.0	22.0	207.125	2.0	2.0	42.875	5.0	5.0	1.0	343.0	
84.0	10.0	21.5	207.125	2.0	2.5	42.875	5.0	12.0	2.0	343.0	
85.0	10.0	22.0	207.125	2.0	2.0	42.875	5.0	3.0	5.0	343.0	
86.0	8.0	19.5	207.125	4.0	4.5	42.875	5.0	15.0	4.0	343.0	
87.0	12.0	24.0	207.125	0.0	0.0	42.875	5.0	5.0	5.0	343.0	
88.0	12.0	24.0	207.125	0.0	0.0	42.875	5.0	4.0	3.0	343.0	
89.0	12.0	24.0	207.125	0.0	0.0	42.875	5.0	14.0	2.0	343.0	
90.0	11.0	23.0	207.25	1.0	1.0	42.75	5.0	4.0	1.0	342.0	
91.0	10.0	23.0	207.25	2.0	1.0	42.75	5.0	9.0	5.0	342.0	
92.0	12.0	24.0	207.25	0.0	0.0	42.75	5.0	10.0	4.0	342.0	
93.0	11.0	23.0	207.25	1.0	1.0	42.75	5.0	4.0	5.0	342.0	
94.0	12.0	24.0	207.25	0.0	0.0	42.75	5.0	13.0	1.0	342.0	
95.0	10.0	22.0	207.25	2.0	2.0	42.75	5.0	8.0	5.0	342.0	
96.0	10.0	21.5	207.25	2.0	2.5	42.75	5.0	15.0	3.0	342.0	
97.0	6.0	18.5	207.25	6.0	5.5	42.75	5.0	9.0	3.0	342.0	
98.0	12.0	24.0	207.25	0.0	0.0	42.75	5.0	15.0	2.0	342.0	
99.0	11.0	23.0	207.25	1.0	1.0	42.75	5.0	12.0	3.0	342.0	
100.0	12.0	24.0	207.25	0.0	0.0	42.75	5.0	14.0	1.0	342.0	
=====================================================================================================================================================
after 38 commit, VM matrix is (VM #, resource allocated to each VM (vCPU, memory, storage), resource used in each VM (vCPU, memory, storage), which flavour, VM in which PM, and VM in which rack, # blocks stored (each block is 0.125))
=====================================================================================================================================================
1.0	1.0	2.0	16.5	0.0	0.0	3.5	1.0	11.0	3.0	28.0	
2.0	1.0	2.0	16.5	0.0	0.0	3.5	1.0	14.0	1.0	28.0	
3.0	1.0	2.0	16.5	0.0	0.0	3.5	1.0	6.0	4.0	28.0	
4.0	1.0	2.0	16.5	0.0	0.0	3.5	1.0	9.0	4.0	28.0	
5.0	1.0	2.0	16.5	0.0	0.0	3.5	1.0	15.0	2.0	28.0	
6.0	1.0	2.0	16.5	0.0	0.0	3.5	1.0	7.0	1.0	28.0	
7.0	1.0	2.0	16.5	0.0	0.0	3.5	1.0	11.0	1.0	28.0	
8.0	1.0	2.0	16.5	0.0	0.0	3.5	1.0	15.0	3.0	28.0	
9.0	1.0	2.0	16.5	0.0	0.0	3.5	1.0	15.0	5.0	28.0	
10.0	1.0	2.0	16.625	0.0	0.0	3.375	1.0	15.0	1.0	27.0	
11.0	1.0	2.0	16.625	0.0	0.0	3.375	1.0	4.0	4.0	27.0	
12.0	1.0	2.0	16.625	0.0	0.0	3.375	1.0	5.0	3.0	27.0	
13.0	1.0	2.0	16.625	0.0	0.0	3.375	1.0	3.0	1.0	27.0	
14.0	1.0	2.0	16.625	0.0	0.0	3.375	1.0	13.0	5.0	27.0	
15.0	1.0	2.0	16.625	0.0	0.0	3.375	1.0	11.0	1.0	27.0	
16.0	1.0	2.0	16.625	0.0	0.0	3.375	1.0	14.0	2.0	27.0	
17.0	1.0	2.0	16.625	0.0	0.0	3.375	1.0	11.0	4.0	27.0	
18.0	1.0	2.0	16.625	0.0	0.0	3.375	1.0	2.0	5.0	27.0	
19.0	1.0	2.0	16.625	0.0	0.0	3.375	1.0	13.0	4.0	27.0	
20.0	1.0	2.0	16.625	0.0	0.0	3.375	1.0	4.0	5.0	27.0	
21.0	2.0	4.0	32.875	0.0	0.0	7.125	2.0	9.0	1.0	57.0	
22.0	2.0	4.0	32.875	0.0	0.0	7.125	2.0	6.0	2.0	57.0	
23.0	2.0	4.0	32.875	0.0	0.0	7.125	2.0	7.0	3.0	57.0	
24.0	2.0	4.0	32.875	0.0	0.0	7.125	2.0	14.0	4.0	57.0	
25.0	2.0	4.0	32.875	0.0	0.0	7.125	2.0	12.0	2.0	57.0	
26.0	2.0	4.0	32.875	0.0	0.0	7.125	2.0	1.0	2.0	57.0	
27.0	2.0	4.0	32.875	0.0	0.0	7.125	2.0	13.0	4.0	57.0	
28.0	2.0	4.0	32.875	0.0	0.0	7.125	2.0	8.0	1.0	57.0	
29.0	0.0	2.0	32.875	2.0	2.0	7.125	2.0	2.0	5.0	57.0	
30.0	2.0	4.0	32.875	0.0	0.0	7.125	2.0	14.0	1.0	57.0	
31.0	2.0	4.0	32.875	0.0	0.0	7.125	2.0	8.0	1.0	57.0	
32.0	2.0	4.0	32.875	0.0	0.0	7.125	2.0	14.0	3.0	57.0	
33.0	2.0	4.0	32.875	0.0	0.0	7.125	2.0	14.0	1.0	57.0	
34.0	0.0	3.0	32.875	2.0	1.0	7.125	2.0	14.0	1.0	57.0	
35.0	2.0	4.0	32.875	0.0	0.0	7.125	2.0	10.0	5.0	57.0	
36.0	2.0	4.0	32.875	0.0	0.0	7.125	2.0	15.0	4.0	57.0	
37.0	2.0	4.0	32.875	0.0	0.0	7.125	2.0	5.0	2.0	57.0	
38.0	2.0	4.0	32.875	0.0	0.0	7.125	2.0	5.0	5.0	57.0	
39.0	2.0	4.0	32.875	0.0	0.0	7.125	2.0	14.0	2.0	57.0	
40.0	2.0	4.0	32.875	0.0	0.0	7.125	2.0	11.0	3.0	57.0	
41.0	4.0	8.0	65.75	0.0	0.0	14.25	3.0	15.0	4.0	114.0	
42.0	4.0	8.0	65.75	0.0	0.0	14.25	3.0	4.0	1.0	114.0	
43.0	4.0	8.0	65.75	0.0	0.0	14.25	3.0	13.0	1.0	114.0	
44.0	4.0	8.0	65.75	0.0	0.0	14.25	3.0	3.0	5.0	114.0	
45.0	2.0	5.5	65.75	2.0	2.5	14.25	3.0	5.0	4.0	114.0	
46.0	4.0	8.0	65.75	0.0	0.0	14.25	3.0	14.0	3.0	114.0	
47.0	2.0	6.0	65.75	2.0	2.0	14.25	3.0	15.0	5.0	114.0	
48.0	4.0	8.0	65.75	0.0	0.0	14.25	3.0	13.0	4.0	114.0	
49.0	4.0	8.0	65.75	0.0	0.0	14.25	3.0	12.0	1.0	114.0	
50.0	2.0	6.0	65.75	2.0	2.0	14.25	3.0	9.0	1.0	114.0	
51.0	4.0	8.0	65.75	0.0	0.0	14.25	3.0	2.0	3.0	114.0	
52.0	4.0	8.0	65.75	0.0	0.0	14.25	3.0	4.0	3.0	114.0	
53.0	2.0	5.5	65.75	2.0	2.5	14.25	3.0	12.0	3.0	114.0	
54.0	4.0	8.0	65.75	0.0	0.0	14.25	3.0	10.0	5.0	114.0	
55.0	4.0	8.0	65.875	0.0	0.0	14.125	3.0	6.0	4.0	113.0	
56.0	4.0	8.0	65.875	0.0	0.0	14.125	3.0	13.0	5.0	113.0	
57.0	4.0	8.0	65.875	0.0	0.0	14.125	3.0	14.0	3.0	113.0	
58.0	4.0	8.0	65.875	0.0	0.0	14.125	3.0	11.0	4.0	113.0	
59.0	2.0	6.0	65.875	2.0	2.0	14.125	3.0	9.0	4.0	113.0	
60.0	2.0	6.0	65.875	2.0	2.0	14.125	3.0	3.0	3.0	113.0	
61.0	8.0	16.0	131.5	0.0	0.0	28.5	4.0	12.0	4.0	228.0	
62.0	8.0	16.0	131.5	0.0	0.0	28.5	4.0	7.0	4.0	228.0	
63.0	6.0	14.0	131.5	2.0	2.0	28.5	4.0	15.0	1.0	228.0	
64.0	7.0	15.0	131.5	1.0	1.0	28.5	4.0	4.0	2.0	228.0	
65.0	6.0	13.5	131.5	2.0	2.5	28.5	4.0	11.0	2.0	228.0	
66.0	6.0	15.0	131.5	2.0	1.0	28.5	4.0	12.0	5.0	228.0	
67.0	8.0	16.0	131.5	0.0	0.0	28.5	4.0	3.0	3.0	228.0	
68.0	6.0	14.0	131.5	2.0	2.0	28.5	4.0	5.0	3.0	228.0	
69.0	8.0	16.0	131.625	0.0	0.0	28.375	4.0	12.0	2.0	227.0	
70.0	8.0	16.0	131.625	0.0	0.0	28.375	4.0	11.0	5.0	227.0	
71.0	8.0	16.0	131.625	0.0	0.0	28.375	4.0	11.0	3.0	227.0	
72.0	8.0	16.0	131.625	0.0	0.0	28.375	4.0	11.0	2.0	227.0	
73.0	4.0	11.5	131.625	4.0	4.5	28.375	4.0	13.0	3.0	227.0	
74.0	8.0	16.0	131.625	0.0	0.0	28.375	4.0	1.0	3.0	227.0	
75.0	6.0	14.0	131.625	2.0	2.0	28.375	4.0	8.0	5.0	227.0	
76.0	7.0	15.0	131.625	1.0	1.0	28.375	4.0	6.0	4.0	227.0	
77.0	6.0	14.0	131.625	2.0	2.0	28.375	4.0	8.0	2.0	227.0	
78.0	6.0	13.5	131.625	2.0	2.5	28.375	4.0	8.0	1.0	227.0	
79.0	4.0	11.5	131.625	4.0	4.5	28.375	4.0	7.0	3.0	227.0	
80.0	6.0	14.0	131.625	2.0	2.0	28.375	4.0	3.0	1.0	227.0	
81.0	12.0	24.0	207.125	0.0	0.0	42.875	5.0	3.0	4.0	343.0	
82.0	10.0	22.0	207.125	2.0	2.0	42.875	5.0	6.0	2.0	343.0	
83.0	10.0	22.0	207.125	2.0	2.0	42.875	5.0	5.0	1.0	343.0	
84.0	10.0	21.5	207.125	2.0	2.5	42.875	5.0	12.0	2.0	343.0	
85.0	10.0	22.0	207.125	2.0	2.0	42.875	5.0	3.0	5.0	343.0	
86.0	8.0	19.5	207.125	4.0	4.5	42.875	5.0	15.0	4.0	343.0	
87.0	12.0	24.0	207.125	0.0	0.0	42.875	5.0	5.0	5.0	343.0	
88.0	12.0	24.0	207.125	0.0	0.0	42.875	5.0	4.0	3.0	343.0	
89.0	12.0	24.0	207.125	0.0	0.0	42.875	5.0	14.0	2.0	343.0	
90.0	12.0	24.0	207.25	0.0	0.0	42.75	5.0	4.0	1.0	342.0	
91.0	10.0	23.0	207.25	2.0	1.0	42.75	5.0	9.0	5.0	342.0	
92.0	12.0	24.0	207.25	0.0	0.0	42.75	5.0	10.0	4.0	342.0	
93.0	11.0	23.0	207.25	1.0	1.0	42.75	5.0	4.0	5.0	342.0	
94.0	12.0	24.0	207.25	0.0	0.0	42.75	5.0	13.0	1.0	342.0	
95.0	10.0	22.0	207.25	2.0	2.0	42.75	5.0	8.0	5.0	342.0	
96.0	10.0	21.5	207.25	2.0	2.5	42.75	5.0	15.0	3.0	342.0	
97.0	6.0	18.5	207.25	6.0	5.5	42.75	5.0	9.0	3.0	342.0	
98.0	12.0	24.0	207.25	0.0	0.0	42.75	5.0	15.0	2.0	342.0	
99.0	11.0	23.0	207.25	1.0	1.0	42.75	5.0	12.0	3.0	342.0	
100.0	12.0	24.0	207.25	0.0	0.0	42.75	5.0	14.0	1.0	342.0	
=====================================================================================================================================================
after 39 commit, VM matrix is (VM #, resource allocated to each VM (vCPU, memory, storage), resource used in each VM (vCPU, memory, storage), which flavour, VM in which PM, and VM in which rack, # blocks stored (each block is 0.125))
=====================================================================================================================================================
1.0	1.0	2.0	16.5	0.0	0.0	3.5	1.0	11.0	3.0	28.0	
2.0	1.0	2.0	16.5	0.0	0.0	3.5	1.0	14.0	1.0	28.0	
3.0	1.0	2.0	16.5	0.0	0.0	3.5	1.0	6.0	4.0	28.0	
4.0	1.0	2.0	16.5	0.0	0.0	3.5	1.0	9.0	4.0	28.0	
5.0	1.0	2.0	16.5	0.0	0.0	3.5	1.0	15.0	2.0	28.0	
6.0	1.0	2.0	16.5	0.0	0.0	3.5	1.0	7.0	1.0	28.0	
7.0	1.0	2.0	16.5	0.0	0.0	3.5	1.0	11.0	1.0	28.0	
8.0	1.0	2.0	16.5	0.0	0.0	3.5	1.0	15.0	3.0	28.0	
9.0	1.0	2.0	16.5	0.0	0.0	3.5	1.0	15.0	5.0	28.0	
10.0	1.0	2.0	16.625	0.0	0.0	3.375	1.0	15.0	1.0	27.0	
11.0	1.0	2.0	16.625	0.0	0.0	3.375	1.0	4.0	4.0	27.0	
12.0	1.0	2.0	16.625	0.0	0.0	3.375	1.0	5.0	3.0	27.0	
13.0	1.0	2.0	16.625	0.0	0.0	3.375	1.0	3.0	1.0	27.0	
14.0	1.0	2.0	16.625	0.0	0.0	3.375	1.0	13.0	5.0	27.0	
15.0	1.0	2.0	16.625	0.0	0.0	3.375	1.0	11.0	1.0	27.0	
16.0	1.0	2.0	16.625	0.0	0.0	3.375	1.0	14.0	2.0	27.0	
17.0	1.0	2.0	16.625	0.0	0.0	3.375	1.0	11.0	4.0	27.0	
18.0	1.0	2.0	16.625	0.0	0.0	3.375	1.0	2.0	5.0	27.0	
19.0	1.0	2.0	16.625	0.0	0.0	3.375	1.0	13.0	4.0	27.0	
20.0	1.0	2.0	16.625	0.0	0.0	3.375	1.0	4.0	5.0	27.0	
21.0	2.0	4.0	32.875	0.0	0.0	7.125	2.0	9.0	1.0	57.0	
22.0	2.0	4.0	32.875	0.0	0.0	7.125	2.0	6.0	2.0	57.0	
23.0	2.0	4.0	32.875	0.0	0.0	7.125	2.0	7.0	3.0	57.0	
24.0	2.0	4.0	32.875	0.0	0.0	7.125	2.0	14.0	4.0	57.0	
25.0	2.0	4.0	32.875	0.0	0.0	7.125	2.0	12.0	2.0	57.0	
26.0	2.0	4.0	32.875	0.0	0.0	7.125	2.0	1.0	2.0	57.0	
27.0	2.0	4.0	32.875	0.0	0.0	7.125	2.0	13.0	4.0	57.0	
28.0	2.0	4.0	32.875	0.0	0.0	7.125	2.0	8.0	1.0	57.0	
29.0	0.0	2.0	32.875	2.0	2.0	7.125	2.0	2.0	5.0	57.0	
30.0	2.0	4.0	32.875	0.0	0.0	7.125	2.0	14.0	1.0	57.0	
31.0	2.0	4.0	32.875	0.0	0.0	7.125	2.0	8.0	1.0	57.0	
32.0	2.0	4.0	32.875	0.0	0.0	7.125	2.0	14.0	3.0	57.0	
33.0	2.0	4.0	32.875	0.0	0.0	7.125	2.0	14.0	1.0	57.0	
34.0	0.0	3.0	32.875	2.0	1.0	7.125	2.0	14.0	1.0	57.0	
35.0	2.0	4.0	32.875	0.0	0.0	7.125	2.0	10.0	5.0	57.0	
36.0	2.0	4.0	32.875	0.0	0.0	7.125	2.0	15.0	4.0	57.0	
37.0	2.0	4.0	32.875	0.0	0.0	7.125	2.0	5.0	2.0	57.0	
38.0	2.0	4.0	32.875	0.0	0.0	7.125	2.0	5.0	5.0	57.0	
39.0	2.0	4.0	32.875	0.0	0.0	7.125	2.0	14.0	2.0	57.0	
40.0	2.0	4.0	32.875	0.0	0.0	7.125	2.0	11.0	3.0	57.0	
41.0	4.0	8.0	65.75	0.0	0.0	14.25	3.0	15.0	4.0	114.0	
42.0	4.0	8.0	65.75	0.0	0.0	14.25	3.0	4.0	1.0	114.0	
43.0	4.0	8.0	65.75	0.0	0.0	14.25	3.0	13.0	1.0	114.0	
44.0	4.0	8.0	65.75	0.0	0.0	14.25	3.0	3.0	5.0	114.0	
45.0	2.0	5.5	65.75	2.0	2.5	14.25	3.0	5.0	4.0	114.0	
46.0	4.0	8.0	65.75	0.0	0.0	14.25	3.0	14.0	3.0	114.0	
47.0	2.0	6.0	65.75	2.0	2.0	14.25	3.0	15.0	5.0	114.0	
48.0	4.0	8.0	65.75	0.0	0.0	14.25	3.0	13.0	4.0	114.0	
49.0	4.0	8.0	65.75	0.0	0.0	14.25	3.0	12.0	1.0	114.0	
50.0	2.0	6.0	65.75	2.0	2.0	14.25	3.0	9.0	1.0	114.0	
51.0	4.0	8.0	65.75	0.0	0.0	14.25	3.0	2.0	3.0	114.0	
52.0	4.0	8.0	65.75	0.0	0.0	14.25	3.0	4.0	3.0	114.0	
53.0	2.0	5.5	65.75	2.0	2.5	14.25	3.0	12.0	3.0	114.0	
54.0	4.0	8.0	65.75	0.0	0.0	14.25	3.0	10.0	5.0	114.0	
55.0	4.0	8.0	65.875	0.0	0.0	14.125	3.0	6.0	4.0	113.0	
56.0	4.0	8.0	65.875	0.0	0.0	14.125	3.0	13.0	5.0	113.0	
57.0	4.0	8.0	65.875	0.0	0.0	14.125	3.0	14.0	3.0	113.0	
58.0	4.0	8.0	65.875	0.0	0.0	14.125	3.0	11.0	4.0	113.0	
59.0	2.0	6.0	65.875	2.0	2.0	14.125	3.0	9.0	4.0	113.0	
60.0	2.0	6.0	65.875	2.0	2.0	14.125	3.0	3.0	3.0	113.0	
61.0	8.0	16.0	131.5	0.0	0.0	28.5	4.0	12.0	4.0	228.0	
62.0	8.0	16.0	131.5	0.0	0.0	28.5	4.0	7.0	4.0	228.0	
63.0	6.0	14.0	131.5	2.0	2.0	28.5	4.0	15.0	1.0	228.0	
64.0	7.0	15.0	131.5	1.0	1.0	28.5	4.0	4.0	2.0	228.0	
65.0	6.0	13.5	131.5	2.0	2.5	28.5	4.0	11.0	2.0	228.0	
66.0	6.0	15.0	131.5	2.0	1.0	28.5	4.0	12.0	5.0	228.0	
67.0	8.0	16.0	131.5	0.0	0.0	28.5	4.0	3.0	3.0	228.0	
68.0	6.0	14.0	131.5	2.0	2.0	28.5	4.0	5.0	3.0	228.0	
69.0	8.0	16.0	131.625	0.0	0.0	28.375	4.0	12.0	2.0	227.0	
70.0	8.0	16.0	131.625	0.0	0.0	28.375	4.0	11.0	5.0	227.0	
71.0	8.0	16.0	131.625	0.0	0.0	28.375	4.0	11.0	3.0	227.0	
72.0	8.0	16.0	131.625	0.0	0.0	28.375	4.0	11.0	2.0	227.0	
73.0	4.0	11.5	131.625	4.0	4.5	28.375	4.0	13.0	3.0	227.0	
74.0	8.0	16.0	131.625	0.0	0.0	28.375	4.0	1.0	3.0	227.0	
75.0	6.0	14.0	131.625	2.0	2.0	28.375	4.0	8.0	5.0	227.0	
76.0	7.0	15.0	131.625	1.0	1.0	28.375	4.0	6.0	4.0	227.0	
77.0	6.0	14.0	131.625	2.0	2.0	28.375	4.0	8.0	2.0	227.0	
78.0	6.0	13.5	131.625	2.0	2.5	28.375	4.0	8.0	1.0	227.0	
79.0	4.0	11.5	131.625	4.0	4.5	28.375	4.0	7.0	3.0	227.0	
80.0	6.0	14.0	131.625	2.0	2.0	28.375	4.0	3.0	1.0	227.0	
81.0	12.0	24.0	207.125	0.0	0.0	42.875	5.0	3.0	4.0	343.0	
82.0	10.0	22.0	207.125	2.0	2.0	42.875	5.0	6.0	2.0	343.0	
83.0	10.0	22.0	207.125	2.0	2.0	42.875	5.0	5.0	1.0	343.0	
84.0	10.0	21.5	207.125	2.0	2.5	42.875	5.0	12.0	2.0	343.0	
85.0	10.0	22.0	207.125	2.0	2.0	42.875	5.0	3.0	5.0	343.0	
86.0	8.0	19.5	207.125	4.0	4.5	42.875	5.0	15.0	4.0	343.0	
87.0	12.0	24.0	207.125	0.0	0.0	42.875	5.0	5.0	5.0	343.0	
88.0	12.0	24.0	207.125	0.0	0.0	42.875	5.0	4.0	3.0	343.0	
89.0	12.0	24.0	207.125	0.0	0.0	42.875	5.0	14.0	2.0	343.0	
90.0	12.0	24.0	207.25	0.0	0.0	42.75	5.0	4.0	1.0	342.0	
91.0	10.0	23.0	207.25	2.0	1.0	42.75	5.0	9.0	5.0	342.0	
92.0	12.0	24.0	207.25	0.0	0.0	42.75	5.0	10.0	4.0	342.0	
93.0	11.0	23.0	207.25	1.0	1.0	42.75	5.0	4.0	5.0	342.0	
94.0	12.0	24.0	207.25	0.0	0.0	42.75	5.0	13.0	1.0	342.0	
95.0	10.0	22.0	207.25	2.0	2.0	42.75	5.0	8.0	5.0	342.0	
96.0	10.0	21.5	207.25	2.0	2.5	42.75	5.0	15.0	3.0	342.0	
97.0	6.0	18.5	207.25	6.0	5.5	42.75	5.0	9.0	3.0	342.0	
98.0	12.0	24.0	207.25	0.0	0.0	42.75	5.0	15.0	2.0	342.0	
99.0	11.0	23.0	207.25	1.0	1.0	42.75	5.0	12.0	3.0	342.0	
100.0	12.0	24.0	207.25	0.0	0.0	42.75	5.0	14.0	1.0	342.0	
=====================================================================================================================================================
after 40 commit, VM matrix is (VM #, resource allocated to each VM (vCPU, memory, storage), resource used in each VM (vCPU, memory, storage), which flavour, VM in which PM, and VM in which rack, # blocks stored (each block is 0.125))
=====================================================================================================================================================
1.0	1.0	2.0	16.5	0.0	0.0	3.5	1.0	11.0	3.0	28.0	
2.0	1.0	2.0	16.5	0.0	0.0	3.5	1.0	14.0	1.0	28.0	
3.0	1.0	2.0	16.5	0.0	0.0	3.5	1.0	6.0	4.0	28.0	
4.0	1.0	2.0	16.5	0.0	0.0	3.5	1.0	9.0	4.0	28.0	
5.0	1.0	2.0	16.5	0.0	0.0	3.5	1.0	15.0	2.0	28.0	
6.0	1.0	2.0	16.5	0.0	0.0	3.5	1.0	7.0	1.0	28.0	
7.0	1.0	2.0	16.5	0.0	0.0	3.5	1.0	11.0	1.0	28.0	
8.0	1.0	2.0	16.5	0.0	0.0	3.5	1.0	15.0	3.0	28.0	
9.0	1.0	2.0	16.5	0.0	0.0	3.5	1.0	15.0	5.0	28.0	
10.0	1.0	2.0	16.625	0.0	0.0	3.375	1.0	15.0	1.0	27.0	
11.0	1.0	2.0	16.625	0.0	0.0	3.375	1.0	4.0	4.0	27.0	
12.0	1.0	2.0	16.625	0.0	0.0	3.375	1.0	5.0	3.0	27.0	
13.0	1.0	2.0	16.625	0.0	0.0	3.375	1.0	3.0	1.0	27.0	
14.0	1.0	2.0	16.625	0.0	0.0	3.375	1.0	13.0	5.0	27.0	
15.0	1.0	2.0	16.625	0.0	0.0	3.375	1.0	11.0	1.0	27.0	
16.0	1.0	2.0	16.625	0.0	0.0	3.375	1.0	14.0	2.0	27.0	
17.0	1.0	2.0	16.625	0.0	0.0	3.375	1.0	11.0	4.0	27.0	
18.0	1.0	2.0	16.625	0.0	0.0	3.375	1.0	2.0	5.0	27.0	
19.0	1.0	2.0	16.625	0.0	0.0	3.375	1.0	13.0	4.0	27.0	
20.0	1.0	2.0	16.625	0.0	0.0	3.375	1.0	4.0	5.0	27.0	
21.0	2.0	4.0	32.875	0.0	0.0	7.125	2.0	9.0	1.0	57.0	
22.0	2.0	4.0	32.875	0.0	0.0	7.125	2.0	6.0	2.0	57.0	
23.0	2.0	4.0	32.875	0.0	0.0	7.125	2.0	7.0	3.0	57.0	
24.0	2.0	4.0	32.875	0.0	0.0	7.125	2.0	14.0	4.0	57.0	
25.0	2.0	4.0	32.875	0.0	0.0	7.125	2.0	12.0	2.0	57.0	
26.0	2.0	4.0	32.875	0.0	0.0	7.125	2.0	1.0	2.0	57.0	
27.0	2.0	4.0	32.875	0.0	0.0	7.125	2.0	13.0	4.0	57.0	
28.0	2.0	4.0	32.875	0.0	0.0	7.125	2.0	8.0	1.0	57.0	
29.0	0.0	2.0	32.875	2.0	2.0	7.125	2.0	2.0	5.0	57.0	
30.0	2.0	4.0	32.875	0.0	0.0	7.125	2.0	14.0	1.0	57.0	
31.0	2.0	4.0	32.875	0.0	0.0	7.125	2.0	8.0	1.0	57.0	
32.0	2.0	4.0	32.875	0.0	0.0	7.125	2.0	14.0	3.0	57.0	
33.0	2.0	4.0	32.875	0.0	0.0	7.125	2.0	14.0	1.0	57.0	
34.0	0.0	3.0	32.875	2.0	1.0	7.125	2.0	14.0	1.0	57.0	
35.0	2.0	4.0	32.875	0.0	0.0	7.125	2.0	10.0	5.0	57.0	
36.0	2.0	4.0	32.875	0.0	0.0	7.125	2.0	15.0	4.0	57.0	
37.0	2.0	4.0	32.875	0.0	0.0	7.125	2.0	5.0	2.0	57.0	
38.0	2.0	4.0	32.875	0.0	0.0	7.125	2.0	5.0	5.0	57.0	
39.0	2.0	4.0	32.875	0.0	0.0	7.125	2.0	14.0	2.0	57.0	
40.0	2.0	4.0	32.875	0.0	0.0	7.125	2.0	11.0	3.0	57.0	
41.0	4.0	8.0	65.75	0.0	0.0	14.25	3.0	15.0	4.0	114.0	
42.0	4.0	8.0	65.75	0.0	0.0	14.25	3.0	4.0	1.0	114.0	
43.0	4.0	8.0	65.75	0.0	0.0	14.25	3.0	13.0	1.0	114.0	
44.0	4.0	8.0	65.75	0.0	0.0	14.25	3.0	3.0	5.0	114.0	
45.0	2.0	5.5	65.75	2.0	2.5	14.25	3.0	5.0	4.0	114.0	
46.0	4.0	8.0	65.75	0.0	0.0	14.25	3.0	14.0	3.0	114.0	
47.0	2.0	6.0	65.75	2.0	2.0	14.25	3.0	15.0	5.0	114.0	
48.0	4.0	8.0	65.75	0.0	0.0	14.25	3.0	13.0	4.0	114.0	
49.0	4.0	8.0	65.75	0.0	0.0	14.25	3.0	12.0	1.0	114.0	
50.0	2.0	6.0	65.75	2.0	2.0	14.25	3.0	9.0	1.0	114.0	
51.0	4.0	8.0	65.75	0.0	0.0	14.25	3.0	2.0	3.0	114.0	
52.0	4.0	8.0	65.75	0.0	0.0	14.25	3.0	4.0	3.0	114.0	
53.0	2.0	5.5	65.75	2.0	2.5	14.25	3.0	12.0	3.0	114.0	
54.0	4.0	8.0	65.75	0.0	0.0	14.25	3.0	10.0	5.0	114.0	
55.0	4.0	8.0	65.875	0.0	0.0	14.125	3.0	6.0	4.0	113.0	
56.0	4.0	8.0	65.875	0.0	0.0	14.125	3.0	13.0	5.0	113.0	
57.0	4.0	8.0	65.875	0.0	0.0	14.125	3.0	14.0	3.0	113.0	
58.0	4.0	8.0	65.875	0.0	0.0	14.125	3.0	11.0	4.0	113.0	
59.0	2.0	6.0	65.875	2.0	2.0	14.125	3.0	9.0	4.0	113.0	
60.0	2.0	6.0	65.875	2.0	2.0	14.125	3.0	3.0	3.0	113.0	
61.0	8.0	16.0	131.5	0.0	0.0	28.5	4.0	12.0	4.0	228.0	
62.0	8.0	16.0	131.5	0.0	0.0	28.5	4.0	7.0	4.0	228.0	
63.0	6.0	14.0	131.5	2.0	2.0	28.5	4.0	15.0	1.0	228.0	
64.0	7.0	15.0	131.5	1.0	1.0	28.5	4.0	4.0	2.0	228.0	
65.0	6.0	13.5	131.5	2.0	2.5	28.5	4.0	11.0	2.0	228.0	
66.0	6.0	15.0	131.5	2.0	1.0	28.5	4.0	12.0	5.0	228.0	
67.0	8.0	16.0	131.5	0.0	0.0	28.5	4.0	3.0	3.0	228.0	
68.0	6.0	14.0	131.5	2.0	2.0	28.5	4.0	5.0	3.0	228.0	
69.0	8.0	16.0	131.625	0.0	0.0	28.375	4.0	12.0	2.0	227.0	
70.0	8.0	16.0	131.625	0.0	0.0	28.375	4.0	11.0	5.0	227.0	
71.0	8.0	16.0	131.625	0.0	0.0	28.375	4.0	11.0	3.0	227.0	
72.0	8.0	16.0	131.625	0.0	0.0	28.375	4.0	11.0	2.0	227.0	
73.0	4.0	11.5	131.625	4.0	4.5	28.375	4.0	13.0	3.0	227.0	
74.0	8.0	16.0	131.625	0.0	0.0	28.375	4.0	1.0	3.0	227.0	
75.0	6.0	14.0	131.625	2.0	2.0	28.375	4.0	8.0	5.0	227.0	
76.0	7.0	15.0	131.625	1.0	1.0	28.375	4.0	6.0	4.0	227.0	
77.0	6.0	14.0	131.625	2.0	2.0	28.375	4.0	8.0	2.0	227.0	
78.0	6.0	13.5	131.625	2.0	2.5	28.375	4.0	8.0	1.0	227.0	
79.0	4.0	11.5	131.625	4.0	4.5	28.375	4.0	7.0	3.0	227.0	
80.0	6.0	14.0	131.625	2.0	2.0	28.375	4.0	3.0	1.0	227.0	
81.0	12.0	24.0	207.125	0.0	0.0	42.875	5.0	3.0	4.0	343.0	
82.0	10.0	22.0	207.125	2.0	2.0	42.875	5.0	6.0	2.0	343.0	
83.0	10.0	22.0	207.125	2.0	2.0	42.875	5.0	5.0	1.0	343.0	
84.0	10.0	21.5	207.125	2.0	2.5	42.875	5.0	12.0	2.0	343.0	
85.0	10.0	22.0	207.125	2.0	2.0	42.875	5.0	3.0	5.0	343.0	
86.0	8.0	19.5	207.125	4.0	4.5	42.875	5.0	15.0	4.0	343.0	
87.0	12.0	24.0	207.125	0.0	0.0	42.875	5.0	5.0	5.0	343.0	
88.0	12.0	24.0	207.125	0.0	0.0	42.875	5.0	4.0	3.0	343.0	
89.0	12.0	24.0	207.125	0.0	0.0	42.875	5.0	14.0	2.0	343.0	
90.0	12.0	24.0	207.25	0.0	0.0	42.75	5.0	4.0	1.0	342.0	
91.0	12.0	24.0	207.25	0.0	0.0	42.75	5.0	9.0	5.0	342.0	
92.0	12.0	24.0	207.25	0.0	0.0	42.75	5.0	10.0	4.0	342.0	
93.0	11.0	23.0	207.25	1.0	1.0	42.75	5.0	4.0	5.0	342.0	
94.0	12.0	24.0	207.25	0.0	0.0	42.75	5.0	13.0	1.0	342.0	
95.0	10.0	22.0	207.25	2.0	2.0	42.75	5.0	8.0	5.0	342.0	
96.0	10.0	21.5	207.25	2.0	2.5	42.75	5.0	15.0	3.0	342.0	
97.0	8.0	19.5	207.25	4.0	4.5	42.75	5.0	9.0	3.0	342.0	
98.0	12.0	24.0	207.25	0.0	0.0	42.75	5.0	15.0	2.0	342.0	
99.0	11.0	23.0	207.25	1.0	1.0	42.75	5.0	12.0	3.0	342.0	
100.0	12.0	24.0	207.25	0.0	0.0	42.75	5.0	14.0	1.0	342.0	
=====================================================================================================================================================
after 41 commit, VM matrix is (VM #, resource allocated to each VM (vCPU, memory, storage), resource used in each VM (vCPU, memory, storage), which flavour, VM in which PM, and VM in which rack, # blocks stored (each block is 0.125))
=====================================================================================================================================================
1.0	1.0	2.0	16.5	0.0	0.0	3.5	1.0	11.0	3.0	28.0	
2.0	1.0	2.0	16.5	0.0	0.0	3.5	1.0	14.0	1.0	28.0	
3.0	1.0	2.0	16.5	0.0	0.0	3.5	1.0	6.0	4.0	28.0	
4.0	1.0	2.0	16.5	0.0	0.0	3.5	1.0	9.0	4.0	28.0	
5.0	1.0	2.0	16.5	0.0	0.0	3.5	1.0	15.0	2.0	28.0	
6.0	1.0	2.0	16.5	0.0	0.0	3.5	1.0	7.0	1.0	28.0	
7.0	1.0	2.0	16.5	0.0	0.0	3.5	1.0	11.0	1.0	28.0	
8.0	1.0	2.0	16.5	0.0	0.0	3.5	1.0	15.0	3.0	28.0	
9.0	1.0	2.0	16.5	0.0	0.0	3.5	1.0	15.0	5.0	28.0	
10.0	1.0	2.0	16.625	0.0	0.0	3.375	1.0	15.0	1.0	27.0	
11.0	1.0	2.0	16.625	0.0	0.0	3.375	1.0	4.0	4.0	27.0	
12.0	1.0	2.0	16.625	0.0	0.0	3.375	1.0	5.0	3.0	27.0	
13.0	1.0	2.0	16.625	0.0	0.0	3.375	1.0	3.0	1.0	27.0	
14.0	1.0	2.0	16.625	0.0	0.0	3.375	1.0	13.0	5.0	27.0	
15.0	1.0	2.0	16.625	0.0	0.0	3.375	1.0	11.0	1.0	27.0	
16.0	1.0	2.0	16.625	0.0	0.0	3.375	1.0	14.0	2.0	27.0	
17.0	1.0	2.0	16.625	0.0	0.0	3.375	1.0	11.0	4.0	27.0	
18.0	1.0	2.0	16.625	0.0	0.0	3.375	1.0	2.0	5.0	27.0	
19.0	1.0	2.0	16.625	0.0	0.0	3.375	1.0	13.0	4.0	27.0	
20.0	1.0	2.0	16.625	0.0	0.0	3.375	1.0	4.0	5.0	27.0	
21.0	2.0	4.0	32.875	0.0	0.0	7.125	2.0	9.0	1.0	57.0	
22.0	2.0	4.0	32.875	0.0	0.0	7.125	2.0	6.0	2.0	57.0	
23.0	2.0	4.0	32.875	0.0	0.0	7.125	2.0	7.0	3.0	57.0	
24.0	2.0	4.0	32.875	0.0	0.0	7.125	2.0	14.0	4.0	57.0	
25.0	2.0	4.0	32.875	0.0	0.0	7.125	2.0	12.0	2.0	57.0	
26.0	2.0	4.0	32.875	0.0	0.0	7.125	2.0	1.0	2.0	57.0	
27.0	2.0	4.0	32.875	0.0	0.0	7.125	2.0	13.0	4.0	57.0	
28.0	2.0	4.0	32.875	0.0	0.0	7.125	2.0	8.0	1.0	57.0	
29.0	0.0	2.0	32.875	2.0	2.0	7.125	2.0	2.0	5.0	57.0	
30.0	2.0	4.0	32.875	0.0	0.0	7.125	2.0	14.0	1.0	57.0	
31.0	2.0	4.0	32.875	0.0	0.0	7.125	2.0	8.0	1.0	57.0	
32.0	2.0	4.0	32.875	0.0	0.0	7.125	2.0	14.0	3.0	57.0	
33.0	2.0	4.0	32.875	0.0	0.0	7.125	2.0	14.0	1.0	57.0	
34.0	2.0	4.0	32.875	0.0	0.0	7.125	2.0	14.0	1.0	57.0	
35.0	2.0	4.0	32.875	0.0	0.0	7.125	2.0	10.0	5.0	57.0	
36.0	2.0	4.0	32.875	0.0	0.0	7.125	2.0	15.0	4.0	57.0	
37.0	2.0	4.0	32.875	0.0	0.0	7.125	2.0	5.0	2.0	57.0	
38.0	2.0	4.0	32.875	0.0	0.0	7.125	2.0	5.0	5.0	57.0	
39.0	2.0	4.0	32.875	0.0	0.0	7.125	2.0	14.0	2.0	57.0	
40.0	2.0	4.0	32.875	0.0	0.0	7.125	2.0	11.0	3.0	57.0	
41.0	4.0	8.0	65.75	0.0	0.0	14.25	3.0	15.0	4.0	114.0	
42.0	4.0	8.0	65.75	0.0	0.0	14.25	3.0	4.0	1.0	114.0	
43.0	4.0	8.0	65.75	0.0	0.0	14.25	3.0	13.0	1.0	114.0	
44.0	4.0	8.0	65.75	0.0	0.0	14.25	3.0	3.0	5.0	114.0	
45.0	2.0	5.5	65.75	2.0	2.5	14.25	3.0	5.0	4.0	114.0	
46.0	4.0	8.0	65.75	0.0	0.0	14.25	3.0	14.0	3.0	114.0	
47.0	2.0	6.0	65.75	2.0	2.0	14.25	3.0	15.0	5.0	114.0	
48.0	4.0	8.0	65.75	0.0	0.0	14.25	3.0	13.0	4.0	114.0	
49.0	4.0	8.0	65.75	0.0	0.0	14.25	3.0	12.0	1.0	114.0	
50.0	2.0	6.0	65.75	2.0	2.0	14.25	3.0	9.0	1.0	114.0	
51.0	4.0	8.0	65.75	0.0	0.0	14.25	3.0	2.0	3.0	114.0	
52.0	4.0	8.0	65.75	0.0	0.0	14.25	3.0	4.0	3.0	114.0	
53.0	2.0	5.5	65.75	2.0	2.5	14.25	3.0	12.0	3.0	114.0	
54.0	4.0	8.0	65.75	0.0	0.0	14.25	3.0	10.0	5.0	114.0	
55.0	4.0	8.0	65.875	0.0	0.0	14.125	3.0	6.0	4.0	113.0	
56.0	4.0	8.0	65.875	0.0	0.0	14.125	3.0	13.0	5.0	113.0	
57.0	4.0	8.0	65.875	0.0	0.0	14.125	3.0	14.0	3.0	113.0	
58.0	4.0	8.0	65.875	0.0	0.0	14.125	3.0	11.0	4.0	113.0	
59.0	2.0	6.0	65.875	2.0	2.0	14.125	3.0	9.0	4.0	113.0	
60.0	2.0	6.0	65.875	2.0	2.0	14.125	3.0	3.0	3.0	113.0	
61.0	8.0	16.0	131.5	0.0	0.0	28.5	4.0	12.0	4.0	228.0	
62.0	8.0	16.0	131.5	0.0	0.0	28.5	4.0	7.0	4.0	228.0	
63.0	6.0	14.0	131.5	2.0	2.0	28.5	4.0	15.0	1.0	228.0	
64.0	7.0	15.0	131.5	1.0	1.0	28.5	4.0	4.0	2.0	228.0	
65.0	6.0	13.5	131.5	2.0	2.5	28.5	4.0	11.0	2.0	228.0	
66.0	6.0	15.0	131.5	2.0	1.0	28.5	4.0	12.0	5.0	228.0	
67.0	8.0	16.0	131.5	0.0	0.0	28.5	4.0	3.0	3.0	228.0	
68.0	6.0	14.0	131.5	2.0	2.0	28.5	4.0	5.0	3.0	228.0	
69.0	8.0	16.0	131.625	0.0	0.0	28.375	4.0	12.0	2.0	227.0	
70.0	8.0	16.0	131.625	0.0	0.0	28.375	4.0	11.0	5.0	227.0	
71.0	8.0	16.0	131.625	0.0	0.0	28.375	4.0	11.0	3.0	227.0	
72.0	8.0	16.0	131.625	0.0	0.0	28.375	4.0	11.0	2.0	227.0	
73.0	4.0	11.5	131.625	4.0	4.5	28.375	4.0	13.0	3.0	227.0	
74.0	8.0	16.0	131.625	0.0	0.0	28.375	4.0	1.0	3.0	227.0	
75.0	6.0	14.0	131.625	2.0	2.0	28.375	4.0	8.0	5.0	227.0	
76.0	7.0	15.0	131.625	1.0	1.0	28.375	4.0	6.0	4.0	227.0	
77.0	6.0	14.0	131.625	2.0	2.0	28.375	4.0	8.0	2.0	227.0	
78.0	6.0	13.5	131.625	2.0	2.5	28.375	4.0	8.0	1.0	227.0	
79.0	4.0	11.5	131.625	4.0	4.5	28.375	4.0	7.0	3.0	227.0	
80.0	6.0	14.0	131.625	2.0	2.0	28.375	4.0	3.0	1.0	227.0	
81.0	12.0	24.0	207.125	0.0	0.0	42.875	5.0	3.0	4.0	343.0	
82.0	10.0	22.0	207.125	2.0	2.0	42.875	5.0	6.0	2.0	343.0	
83.0	10.0	22.0	207.125	2.0	2.0	42.875	5.0	5.0	1.0	343.0	
84.0	10.0	21.5	207.125	2.0	2.5	42.875	5.0	12.0	2.0	343.0	
85.0	10.0	22.0	207.125	2.0	2.0	42.875	5.0	3.0	5.0	343.0	
86.0	8.0	19.5	207.125	4.0	4.5	42.875	5.0	15.0	4.0	343.0	
87.0	12.0	24.0	207.125	0.0	0.0	42.875	5.0	5.0	5.0	343.0	
88.0	12.0	24.0	207.125	0.0	0.0	42.875	5.0	4.0	3.0	343.0	
89.0	12.0	24.0	207.125	0.0	0.0	42.875	5.0	14.0	2.0	343.0	
90.0	12.0	24.0	207.25	0.0	0.0	42.75	5.0	4.0	1.0	342.0	
91.0	12.0	24.0	207.25	0.0	0.0	42.75	5.0	9.0	5.0	342.0	
92.0	12.0	24.0	207.25	0.0	0.0	42.75	5.0	10.0	4.0	342.0	
93.0	11.0	23.0	207.25	1.0	1.0	42.75	5.0	4.0	5.0	342.0	
94.0	12.0	24.0	207.25	0.0	0.0	42.75	5.0	13.0	1.0	342.0	
95.0	10.0	22.0	207.25	2.0	2.0	42.75	5.0	8.0	5.0	342.0	
96.0	10.0	21.5	207.25	2.0	2.5	42.75	5.0	15.0	3.0	342.0	
97.0	8.0	19.5	207.25	4.0	4.5	42.75	5.0	9.0	3.0	342.0	
98.0	12.0	24.0	207.25	0.0	0.0	42.75	5.0	15.0	2.0	342.0	
99.0	11.0	23.0	207.25	1.0	1.0	42.75	5.0	12.0	3.0	342.0	
100.0	12.0	24.0	207.25	0.0	0.0	42.75	5.0	14.0	1.0	342.0	
=====================================================================================================================================================
after 42 commit, VM matrix is (VM #, resource allocated to each VM (vCPU, memory, storage), resource used in each VM (vCPU, memory, storage), which flavour, VM in which PM, and VM in which rack, # blocks stored (each block is 0.125))
=====================================================================================================================================================
1.0	1.0	2.0	16.5	0.0	0.0	3.5	1.0	11.0	3.0	28.0	
2.0	1.0	2.0	16.5	0.0	0.0	3.5	1.0	14.0	1.0	28.0	
3.0	1.0	2.0	16.5	0.0	0.0	3.5	1.0	6.0	4.0	28.0	
4.0	1.0	2.0	16.5	0.0	0.0	3.5	1.0	9.0	4.0	28.0	
5.0	1.0	2.0	16.5	0.0	0.0	3.5	1.0	15.0	2.0	28.0	
6.0	1.0	2.0	16.5	0.0	0.0	3.5	1.0	7.0	1.0	28.0	
7.0	1.0	2.0	16.5	0.0	0.0	3.5	1.0	11.0	1.0	28.0	
8.0	1.0	2.0	16.5	0.0	0.0	3.5	1.0	15.0	3.0	28.0	
9.0	1.0	2.0	16.5	0.0	0.0	3.5	1.0	15.0	5.0	28.0	
10.0	1.0	2.0	16.625	0.0	0.0	3.375	1.0	15.0	1.0	27.0	
11.0	1.0	2.0	16.625	0.0	0.0	3.375	1.0	4.0	4.0	27.0	
12.0	1.0	2.0	16.625	0.0	0.0	3.375	1.0	5.0	3.0	27.0	
13.0	1.0	2.0	16.625	0.0	0.0	3.375	1.0	3.0	1.0	27.0	
14.0	1.0	2.0	16.625	0.0	0.0	3.375	1.0	13.0	5.0	27.0	
15.0	1.0	2.0	16.625	0.0	0.0	3.375	1.0	11.0	1.0	27.0	
16.0	1.0	2.0	16.625	0.0	0.0	3.375	1.0	14.0	2.0	27.0	
17.0	1.0	2.0	16.625	0.0	0.0	3.375	1.0	11.0	4.0	27.0	
18.0	1.0	2.0	16.625	0.0	0.0	3.375	1.0	2.0	5.0	27.0	
19.0	1.0	2.0	16.625	0.0	0.0	3.375	1.0	13.0	4.0	27.0	
20.0	1.0	2.0	16.625	0.0	0.0	3.375	1.0	4.0	5.0	27.0	
21.0	2.0	4.0	32.875	0.0	0.0	7.125	2.0	9.0	1.0	57.0	
22.0	2.0	4.0	32.875	0.0	0.0	7.125	2.0	6.0	2.0	57.0	
23.0	2.0	4.0	32.875	0.0	0.0	7.125	2.0	7.0	3.0	57.0	
24.0	2.0	4.0	32.875	0.0	0.0	7.125	2.0	14.0	4.0	57.0	
25.0	2.0	4.0	32.875	0.0	0.0	7.125	2.0	12.0	2.0	57.0	
26.0	2.0	4.0	32.875	0.0	0.0	7.125	2.0	1.0	2.0	57.0	
27.0	2.0	4.0	32.875	0.0	0.0	7.125	2.0	13.0	4.0	57.0	
28.0	2.0	4.0	32.875	0.0	0.0	7.125	2.0	8.0	1.0	57.0	
29.0	0.0	2.0	32.875	2.0	2.0	7.125	2.0	2.0	5.0	57.0	
30.0	2.0	4.0	32.875	0.0	0.0	7.125	2.0	14.0	1.0	57.0	
31.0	2.0	4.0	32.875	0.0	0.0	7.125	2.0	8.0	1.0	57.0	
32.0	2.0	4.0	32.875	0.0	0.0	7.125	2.0	14.0	3.0	57.0	
33.0	2.0	4.0	32.875	0.0	0.0	7.125	2.0	14.0	1.0	57.0	
34.0	2.0	4.0	32.875	0.0	0.0	7.125	2.0	14.0	1.0	57.0	
35.0	2.0	4.0	32.875	0.0	0.0	7.125	2.0	10.0	5.0	57.0	
36.0	2.0	4.0	32.875	0.0	0.0	7.125	2.0	15.0	4.0	57.0	
37.0	2.0	4.0	32.875	0.0	0.0	7.125	2.0	5.0	2.0	57.0	
38.0	2.0	4.0	32.875	0.0	0.0	7.125	2.0	5.0	5.0	57.0	
39.0	2.0	4.0	32.875	0.0	0.0	7.125	2.0	14.0	2.0	57.0	
40.0	2.0	4.0	32.875	0.0	0.0	7.125	2.0	11.0	3.0	57.0	
41.0	4.0	8.0	65.75	0.0	0.0	14.25	3.0	15.0	4.0	114.0	
42.0	4.0	8.0	65.75	0.0	0.0	14.25	3.0	4.0	1.0	114.0	
43.0	4.0	8.0	65.75	0.0	0.0	14.25	3.0	13.0	1.0	114.0	
44.0	4.0	8.0	65.75	0.0	0.0	14.25	3.0	3.0	5.0	114.0	
45.0	2.0	5.5	65.75	2.0	2.5	14.25	3.0	5.0	4.0	114.0	
46.0	4.0	8.0	65.75	0.0	0.0	14.25	3.0	14.0	3.0	114.0	
47.0	2.0	6.0	65.75	2.0	2.0	14.25	3.0	15.0	5.0	114.0	
48.0	4.0	8.0	65.75	0.0	0.0	14.25	3.0	13.0	4.0	114.0	
49.0	4.0	8.0	65.75	0.0	0.0	14.25	3.0	12.0	1.0	114.0	
50.0	2.0	6.0	65.75	2.0	2.0	14.25	3.0	9.0	1.0	114.0	
51.0	4.0	8.0	65.75	0.0	0.0	14.25	3.0	2.0	3.0	114.0	
52.0	4.0	8.0	65.75	0.0	0.0	14.25	3.0	4.0	3.0	114.0	
53.0	2.0	5.5	65.75	2.0	2.5	14.25	3.0	12.0	3.0	114.0	
54.0	4.0	8.0	65.75	0.0	0.0	14.25	3.0	10.0	5.0	114.0	
55.0	4.0	8.0	65.875	0.0	0.0	14.125	3.0	6.0	4.0	113.0	
56.0	4.0	8.0	65.875	0.0	0.0	14.125	3.0	13.0	5.0	113.0	
57.0	4.0	8.0	65.875	0.0	0.0	14.125	3.0	14.0	3.0	113.0	
58.0	4.0	8.0	65.875	0.0	0.0	14.125	3.0	11.0	4.0	113.0	
59.0	2.0	6.0	65.875	2.0	2.0	14.125	3.0	9.0	4.0	113.0	
60.0	2.0	6.0	65.875	2.0	2.0	14.125	3.0	3.0	3.0	113.0	
61.0	8.0	16.0	131.5	0.0	0.0	28.5	4.0	12.0	4.0	228.0	
62.0	8.0	16.0	131.5	0.0	0.0	28.5	4.0	7.0	4.0	228.0	
63.0	6.0	14.0	131.5	2.0	2.0	28.5	4.0	15.0	1.0	228.0	
64.0	7.0	15.0	131.5	1.0	1.0	28.5	4.0	4.0	2.0	228.0	
65.0	6.0	13.5	131.5	2.0	2.5	28.5	4.0	11.0	2.0	228.0	
66.0	8.0	16.0	131.5	0.0	0.0	28.5	4.0	12.0	5.0	228.0	
67.0	8.0	16.0	131.5	0.0	0.0	28.5	4.0	3.0	3.0	228.0	
68.0	6.0	14.0	131.5	2.0	2.0	28.5	4.0	5.0	3.0	228.0	
69.0	8.0	16.0	131.625	0.0	0.0	28.375	4.0	12.0	2.0	227.0	
70.0	8.0	16.0	131.625	0.0	0.0	28.375	4.0	11.0	5.0	227.0	
71.0	8.0	16.0	131.625	0.0	0.0	28.375	4.0	11.0	3.0	227.0	
72.0	8.0	16.0	131.625	0.0	0.0	28.375	4.0	11.0	2.0	227.0	
73.0	4.0	11.5	131.625	4.0	4.5	28.375	4.0	13.0	3.0	227.0	
74.0	8.0	16.0	131.625	0.0	0.0	28.375	4.0	1.0	3.0	227.0	
75.0	6.0	14.0	131.625	2.0	2.0	28.375	4.0	8.0	5.0	227.0	
76.0	7.0	15.0	131.625	1.0	1.0	28.375	4.0	6.0	4.0	227.0	
77.0	6.0	14.0	131.625	2.0	2.0	28.375	4.0	8.0	2.0	227.0	
78.0	6.0	13.5	131.625	2.0	2.5	28.375	4.0	8.0	1.0	227.0	
79.0	4.0	11.5	131.625	4.0	4.5	28.375	4.0	7.0	3.0	227.0	
80.0	6.0	14.0	131.625	2.0	2.0	28.375	4.0	3.0	1.0	227.0	
81.0	12.0	24.0	207.125	0.0	0.0	42.875	5.0	3.0	4.0	343.0	
82.0	10.0	22.0	207.125	2.0	2.0	42.875	5.0	6.0	2.0	343.0	
83.0	10.0	22.0	207.125	2.0	2.0	42.875	5.0	5.0	1.0	343.0	
84.0	10.0	21.5	207.125	2.0	2.5	42.875	5.0	12.0	2.0	343.0	
85.0	10.0	22.0	207.125	2.0	2.0	42.875	5.0	3.0	5.0	343.0	
86.0	8.0	19.5	207.125	4.0	4.5	42.875	5.0	15.0	4.0	343.0	
87.0	12.0	24.0	207.125	0.0	0.0	42.875	5.0	5.0	5.0	343.0	
88.0	12.0	24.0	207.125	0.0	0.0	42.875	5.0	4.0	3.0	343.0	
89.0	12.0	24.0	207.125	0.0	0.0	42.875	5.0	14.0	2.0	343.0	
90.0	12.0	24.0	207.25	0.0	0.0	42.75	5.0	4.0	1.0	342.0	
91.0	12.0	24.0	207.25	0.0	0.0	42.75	5.0	9.0	5.0	342.0	
92.0	12.0	24.0	207.25	0.0	0.0	42.75	5.0	10.0	4.0	342.0	
93.0	11.0	23.0	207.25	1.0	1.0	42.75	5.0	4.0	5.0	342.0	
94.0	12.0	24.0	207.25	0.0	0.0	42.75	5.0	13.0	1.0	342.0	
95.0	10.0	22.0	207.25	2.0	2.0	42.75	5.0	8.0	5.0	342.0	
96.0	10.0	21.5	207.25	2.0	2.5	42.75	5.0	15.0	3.0	342.0	
97.0	8.0	19.5	207.25	4.0	4.5	42.75	5.0	9.0	3.0	342.0	
98.0	12.0	24.0	207.25	0.0	0.0	42.75	5.0	15.0	2.0	342.0	
99.0	11.0	23.0	207.25	1.0	1.0	42.75	5.0	12.0	3.0	342.0	
100.0	12.0	24.0	207.25	0.0	0.0	42.75	5.0	14.0	1.0	342.0	
=====================================================================================================================================================
after 43 commit, VM matrix is (VM #, resource allocated to each VM (vCPU, memory, storage), resource used in each VM (vCPU, memory, storage), which flavour, VM in which PM, and VM in which rack, # blocks stored (each block is 0.125))
=====================================================================================================================================================
1.0	1.0	2.0	16.5	0.0	0.0	3.5	1.0	11.0	3.0	28.0	
2.0	1.0	2.0	16.5	0.0	0.0	3.5	1.0	14.0	1.0	28.0	
3.0	1.0	2.0	16.5	0.0	0.0	3.5	1.0	6.0	4.0	28.0	
4.0	1.0	2.0	16.5	0.0	0.0	3.5	1.0	9.0	4.0	28.0	
5.0	1.0	2.0	16.5	0.0	0.0	3.5	1.0	15.0	2.0	28.0	
6.0	1.0	2.0	16.5	0.0	0.0	3.5	1.0	7.0	1.0	28.0	
7.0	1.0	2.0	16.5	0.0	0.0	3.5	1.0	11.0	1.0	28.0	
8.0	1.0	2.0	16.5	0.0	0.0	3.5	1.0	15.0	3.0	28.0	
9.0	1.0	2.0	16.5	0.0	0.0	3.5	1.0	15.0	5.0	28.0	
10.0	1.0	2.0	16.625	0.0	0.0	3.375	1.0	15.0	1.0	27.0	
11.0	1.0	2.0	16.625	0.0	0.0	3.375	1.0	4.0	4.0	27.0	
12.0	1.0	2.0	16.625	0.0	0.0	3.375	1.0	5.0	3.0	27.0	
13.0	1.0	2.0	16.625	0.0	0.0	3.375	1.0	3.0	1.0	27.0	
14.0	1.0	2.0	16.625	0.0	0.0	3.375	1.0	13.0	5.0	27.0	
15.0	1.0	2.0	16.625	0.0	0.0	3.375	1.0	11.0	1.0	27.0	
16.0	1.0	2.0	16.625	0.0	0.0	3.375	1.0	14.0	2.0	27.0	
17.0	1.0	2.0	16.625	0.0	0.0	3.375	1.0	11.0	4.0	27.0	
18.0	1.0	2.0	16.625	0.0	0.0	3.375	1.0	2.0	5.0	27.0	
19.0	1.0	2.0	16.625	0.0	0.0	3.375	1.0	13.0	4.0	27.0	
20.0	1.0	2.0	16.625	0.0	0.0	3.375	1.0	4.0	5.0	27.0	
21.0	2.0	4.0	32.875	0.0	0.0	7.125	2.0	9.0	1.0	57.0	
22.0	2.0	4.0	32.875	0.0	0.0	7.125	2.0	6.0	2.0	57.0	
23.0	2.0	4.0	32.875	0.0	0.0	7.125	2.0	7.0	3.0	57.0	
24.0	2.0	4.0	32.875	0.0	0.0	7.125	2.0	14.0	4.0	57.0	
25.0	2.0	4.0	32.875	0.0	0.0	7.125	2.0	12.0	2.0	57.0	
26.0	2.0	4.0	32.875	0.0	0.0	7.125	2.0	1.0	2.0	57.0	
27.0	2.0	4.0	32.875	0.0	0.0	7.125	2.0	13.0	4.0	57.0	
28.0	2.0	4.0	32.875	0.0	0.0	7.125	2.0	8.0	1.0	57.0	
29.0	0.0	2.0	32.875	2.0	2.0	7.125	2.0	2.0	5.0	57.0	
30.0	2.0	4.0	32.875	0.0	0.0	7.125	2.0	14.0	1.0	57.0	
31.0	2.0	4.0	32.875	0.0	0.0	7.125	2.0	8.0	1.0	57.0	
32.0	2.0	4.0	32.875	0.0	0.0	7.125	2.0	14.0	3.0	57.0	
33.0	2.0	4.0	32.875	0.0	0.0	7.125	2.0	14.0	1.0	57.0	
34.0	2.0	4.0	32.875	0.0	0.0	7.125	2.0	14.0	1.0	57.0	
35.0	2.0	4.0	32.875	0.0	0.0	7.125	2.0	10.0	5.0	57.0	
36.0	2.0	4.0	32.875	0.0	0.0	7.125	2.0	15.0	4.0	57.0	
37.0	2.0	4.0	32.875	0.0	0.0	7.125	2.0	5.0	2.0	57.0	
38.0	2.0	4.0	32.875	0.0	0.0	7.125	2.0	5.0	5.0	57.0	
39.0	2.0	4.0	32.875	0.0	0.0	7.125	2.0	14.0	2.0	57.0	
40.0	2.0	4.0	32.875	0.0	0.0	7.125	2.0	11.0	3.0	57.0	
41.0	4.0	8.0	65.75	0.0	0.0	14.25	3.0	15.0	4.0	114.0	
42.0	4.0	8.0	65.75	0.0	0.0	14.25	3.0	4.0	1.0	114.0	
43.0	4.0	8.0	65.75	0.0	0.0	14.25	3.0	13.0	1.0	114.0	
44.0	4.0	8.0	65.75	0.0	0.0	14.25	3.0	3.0	5.0	114.0	
45.0	2.0	5.5	65.75	2.0	2.5	14.25	3.0	5.0	4.0	114.0	
46.0	4.0	8.0	65.75	0.0	0.0	14.25	3.0	14.0	3.0	114.0	
47.0	2.0	6.0	65.75	2.0	2.0	14.25	3.0	15.0	5.0	114.0	
48.0	4.0	8.0	65.75	0.0	0.0	14.25	3.0	13.0	4.0	114.0	
49.0	4.0	8.0	65.75	0.0	0.0	14.25	3.0	12.0	1.0	114.0	
50.0	2.0	6.0	65.75	2.0	2.0	14.25	3.0	9.0	1.0	114.0	
51.0	4.0	8.0	65.75	0.0	0.0	14.25	3.0	2.0	3.0	114.0	
52.0	4.0	8.0	65.75	0.0	0.0	14.25	3.0	4.0	3.0	114.0	
53.0	2.0	5.5	65.75	2.0	2.5	14.25	3.0	12.0	3.0	114.0	
54.0	4.0	8.0	65.75	0.0	0.0	14.25	3.0	10.0	5.0	114.0	
55.0	4.0	8.0	65.875	0.0	0.0	14.125	3.0	6.0	4.0	113.0	
56.0	4.0	8.0	65.875	0.0	0.0	14.125	3.0	13.0	5.0	113.0	
57.0	4.0	8.0	65.875	0.0	0.0	14.125	3.0	14.0	3.0	113.0	
58.0	4.0	8.0	65.875	0.0	0.0	14.125	3.0	11.0	4.0	113.0	
59.0	2.0	6.0	65.875	2.0	2.0	14.125	3.0	9.0	4.0	113.0	
60.0	2.0	6.0	65.875	2.0	2.0	14.125	3.0	3.0	3.0	113.0	
61.0	8.0	16.0	131.5	0.0	0.0	28.5	4.0	12.0	4.0	228.0	
62.0	8.0	16.0	131.5	0.0	0.0	28.5	4.0	7.0	4.0	228.0	
63.0	6.0	14.0	131.5	2.0	2.0	28.5	4.0	15.0	1.0	228.0	
64.0	7.0	15.0	131.5	1.0	1.0	28.5	4.0	4.0	2.0	228.0	
65.0	6.0	13.5	131.5	2.0	2.5	28.5	4.0	11.0	2.0	228.0	
66.0	8.0	16.0	131.5	0.0	0.0	28.5	4.0	12.0	5.0	228.0	
67.0	8.0	16.0	131.5	0.0	0.0	28.5	4.0	3.0	3.0	228.0	
68.0	6.0	14.0	131.5	2.0	2.0	28.5	4.0	5.0	3.0	228.0	
69.0	8.0	16.0	131.625	0.0	0.0	28.375	4.0	12.0	2.0	227.0	
70.0	8.0	16.0	131.625	0.0	0.0	28.375	4.0	11.0	5.0	227.0	
71.0	8.0	16.0	131.625	0.0	0.0	28.375	4.0	11.0	3.0	227.0	
72.0	8.0	16.0	131.625	0.0	0.0	28.375	4.0	11.0	2.0	227.0	
73.0	4.0	11.5	131.625	4.0	4.5	28.375	4.0	13.0	3.0	227.0	
74.0	8.0	16.0	131.625	0.0	0.0	28.375	4.0	1.0	3.0	227.0	
75.0	6.0	14.0	131.625	2.0	2.0	28.375	4.0	8.0	5.0	227.0	
76.0	7.0	15.0	131.625	1.0	1.0	28.375	4.0	6.0	4.0	227.0	
77.0	6.0	14.0	131.625	2.0	2.0	28.375	4.0	8.0	2.0	227.0	
78.0	6.0	13.5	131.625	2.0	2.5	28.375	4.0	8.0	1.0	227.0	
79.0	4.0	11.5	131.625	4.0	4.5	28.375	4.0	7.0	3.0	227.0	
80.0	6.0	14.0	131.625	2.0	2.0	28.375	4.0	3.0	1.0	227.0	
81.0	12.0	24.0	207.125	0.0	0.0	42.875	5.0	3.0	4.0	343.0	
82.0	10.0	22.0	207.125	2.0	2.0	42.875	5.0	6.0	2.0	343.0	
83.0	10.0	22.0	207.125	2.0	2.0	42.875	5.0	5.0	1.0	343.0	
84.0	10.0	21.5	207.125	2.0	2.5	42.875	5.0	12.0	2.0	343.0	
85.0	10.0	22.0	207.125	2.0	2.0	42.875	5.0	3.0	5.0	343.0	
86.0	8.0	19.5	207.125	4.0	4.5	42.875	5.0	15.0	4.0	343.0	
87.0	12.0	24.0	207.125	0.0	0.0	42.875	5.0	5.0	5.0	343.0	
88.0	12.0	24.0	207.125	0.0	0.0	42.875	5.0	4.0	3.0	343.0	
89.0	12.0	24.0	207.125	0.0	0.0	42.875	5.0	14.0	2.0	343.0	
90.0	12.0	24.0	207.25	0.0	0.0	42.75	5.0	4.0	1.0	342.0	
91.0	12.0	24.0	207.25	0.0	0.0	42.75	5.0	9.0	5.0	342.0	
92.0	12.0	24.0	207.25	0.0	0.0	42.75	5.0	10.0	4.0	342.0	
93.0	11.0	23.0	207.25	1.0	1.0	42.75	5.0	4.0	5.0	342.0	
94.0	12.0	24.0	207.25	0.0	0.0	42.75	5.0	13.0	1.0	342.0	
95.0	10.0	22.0	207.25	2.0	2.0	42.75	5.0	8.0	5.0	342.0	
96.0	10.0	21.5	207.25	2.0	2.5	42.75	5.0	15.0	3.0	342.0	
97.0	8.0	19.5	207.25	4.0	4.5	42.75	5.0	9.0	3.0	342.0	
98.0	12.0	24.0	207.25	0.0	0.0	42.75	5.0	15.0	2.0	342.0	
99.0	11.0	23.0	207.25	1.0	1.0	42.75	5.0	12.0	3.0	342.0	
100.0	12.0	24.0	207.25	0.0	0.0	42.75	5.0	14.0	1.0	342.0	
=====================================================================================================================================================
after 44 commit, VM matrix is (VM #, resource allocated to each VM (vCPU, memory, storage), resource used in each VM (vCPU, memory, storage), which flavour, VM in which PM, and VM in which rack, # blocks stored (each block is 0.125))
=====================================================================================================================================================
1.0	1.0	2.0	16.5	0.0	0.0	3.5	1.0	11.0	3.0	28.0	
2.0	1.0	2.0	16.5	0.0	0.0	3.5	1.0	14.0	1.0	28.0	
3.0	1.0	2.0	16.5	0.0	0.0	3.5	1.0	6.0	4.0	28.0	
4.0	1.0	2.0	16.5	0.0	0.0	3.5	1.0	9.0	4.0	28.0	
5.0	1.0	2.0	16.5	0.0	0.0	3.5	1.0	15.0	2.0	28.0	
6.0	1.0	2.0	16.5	0.0	0.0	3.5	1.0	7.0	1.0	28.0	
7.0	1.0	2.0	16.5	0.0	0.0	3.5	1.0	11.0	1.0	28.0	
8.0	1.0	2.0	16.5	0.0	0.0	3.5	1.0	15.0	3.0	28.0	
9.0	1.0	2.0	16.5	0.0	0.0	3.5	1.0	15.0	5.0	28.0	
10.0	1.0	2.0	16.625	0.0	0.0	3.375	1.0	15.0	1.0	27.0	
11.0	1.0	2.0	16.625	0.0	0.0	3.375	1.0	4.0	4.0	27.0	
12.0	1.0	2.0	16.625	0.0	0.0	3.375	1.0	5.0	3.0	27.0	
13.0	1.0	2.0	16.625	0.0	0.0	3.375	1.0	3.0	1.0	27.0	
14.0	1.0	2.0	16.625	0.0	0.0	3.375	1.0	13.0	5.0	27.0	
15.0	1.0	2.0	16.625	0.0	0.0	3.375	1.0	11.0	1.0	27.0	
16.0	1.0	2.0	16.625	0.0	0.0	3.375	1.0	14.0	2.0	27.0	
17.0	1.0	2.0	16.625	0.0	0.0	3.375	1.0	11.0	4.0	27.0	
18.0	1.0	2.0	16.625	0.0	0.0	3.375	1.0	2.0	5.0	27.0	
19.0	1.0	2.0	16.625	0.0	0.0	3.375	1.0	13.0	4.0	27.0	
20.0	1.0	2.0	16.625	0.0	0.0	3.375	1.0	4.0	5.0	27.0	
21.0	2.0	4.0	32.875	0.0	0.0	7.125	2.0	9.0	1.0	57.0	
22.0	2.0	4.0	32.875	0.0	0.0	7.125	2.0	6.0	2.0	57.0	
23.0	2.0	4.0	32.875	0.0	0.0	7.125	2.0	7.0	3.0	57.0	
24.0	2.0	4.0	32.875	0.0	0.0	7.125	2.0	14.0	4.0	57.0	
25.0	2.0	4.0	32.875	0.0	0.0	7.125	2.0	12.0	2.0	57.0	
26.0	2.0	4.0	32.875	0.0	0.0	7.125	2.0	1.0	2.0	57.0	
27.0	2.0	4.0	32.875	0.0	0.0	7.125	2.0	13.0	4.0	57.0	
28.0	2.0	4.0	32.875	0.0	0.0	7.125	2.0	8.0	1.0	57.0	
29.0	0.0	2.0	32.875	2.0	2.0	7.125	2.0	2.0	5.0	57.0	
30.0	2.0	4.0	32.875	0.0	0.0	7.125	2.0	14.0	1.0	57.0	
31.0	2.0	4.0	32.875	0.0	0.0	7.125	2.0	8.0	1.0	57.0	
32.0	2.0	4.0	32.875	0.0	0.0	7.125	2.0	14.0	3.0	57.0	
33.0	2.0	4.0	32.875	0.0	0.0	7.125	2.0	14.0	1.0	57.0	
34.0	2.0	4.0	32.875	0.0	0.0	7.125	2.0	14.0	1.0	57.0	
35.0	2.0	4.0	32.875	0.0	0.0	7.125	2.0	10.0	5.0	57.0	
36.0	2.0	4.0	32.875	0.0	0.0	7.125	2.0	15.0	4.0	57.0	
37.0	2.0	4.0	32.875	0.0	0.0	7.125	2.0	5.0	2.0	57.0	
38.0	2.0	4.0	32.875	0.0	0.0	7.125	2.0	5.0	5.0	57.0	
39.0	2.0	4.0	32.875	0.0	0.0	7.125	2.0	14.0	2.0	57.0	
40.0	2.0	4.0	32.875	0.0	0.0	7.125	2.0	11.0	3.0	57.0	
41.0	4.0	8.0	65.75	0.0	0.0	14.25	3.0	15.0	4.0	114.0	
42.0	4.0	8.0	65.75	0.0	0.0	14.25	3.0	4.0	1.0	114.0	
43.0	4.0	8.0	65.75	0.0	0.0	14.25	3.0	13.0	1.0	114.0	
44.0	4.0	8.0	65.75	0.0	0.0	14.25	3.0	3.0	5.0	114.0	
45.0	2.0	5.5	65.75	2.0	2.5	14.25	3.0	5.0	4.0	114.0	
46.0	4.0	8.0	65.75	0.0	0.0	14.25	3.0	14.0	3.0	114.0	
47.0	2.0	6.0	65.75	2.0	2.0	14.25	3.0	15.0	5.0	114.0	
48.0	4.0	8.0	65.75	0.0	0.0	14.25	3.0	13.0	4.0	114.0	
49.0	4.0	8.0	65.75	0.0	0.0	14.25	3.0	12.0	1.0	114.0	
50.0	2.0	6.0	65.75	2.0	2.0	14.25	3.0	9.0	1.0	114.0	
51.0	4.0	8.0	65.75	0.0	0.0	14.25	3.0	2.0	3.0	114.0	
52.0	4.0	8.0	65.75	0.0	0.0	14.25	3.0	4.0	3.0	114.0	
53.0	2.0	5.5	65.75	2.0	2.5	14.25	3.0	12.0	3.0	114.0	
54.0	4.0	8.0	65.75	0.0	0.0	14.25	3.0	10.0	5.0	114.0	
55.0	4.0	8.0	65.875	0.0	0.0	14.125	3.0	6.0	4.0	113.0	
56.0	4.0	8.0	65.875	0.0	0.0	14.125	3.0	13.0	5.0	113.0	
57.0	4.0	8.0	65.875	0.0	0.0	14.125	3.0	14.0	3.0	113.0	
58.0	4.0	8.0	65.875	0.0	0.0	14.125	3.0	11.0	4.0	113.0	
59.0	2.0	6.0	65.875	2.0	2.0	14.125	3.0	9.0	4.0	113.0	
60.0	2.0	6.0	65.875	2.0	2.0	14.125	3.0	3.0	3.0	113.0	
61.0	8.0	16.0	131.5	0.0	0.0	28.5	4.0	12.0	4.0	228.0	
62.0	8.0	16.0	131.5	0.0	0.0	28.5	4.0	7.0	4.0	228.0	
63.0	6.0	14.0	131.5	2.0	2.0	28.5	4.0	15.0	1.0	228.0	
64.0	7.0	15.0	131.5	1.0	1.0	28.5	4.0	4.0	2.0	228.0	
65.0	6.0	13.5	131.5	2.0	2.5	28.5	4.0	11.0	2.0	228.0	
66.0	8.0	16.0	131.5	0.0	0.0	28.5	4.0	12.0	5.0	228.0	
67.0	8.0	16.0	131.5	0.0	0.0	28.5	4.0	3.0	3.0	228.0	
68.0	6.0	14.0	131.5	2.0	2.0	28.5	4.0	5.0	3.0	228.0	
69.0	8.0	16.0	131.625	0.0	0.0	28.375	4.0	12.0	2.0	227.0	
70.0	8.0	16.0	131.625	0.0	0.0	28.375	4.0	11.0	5.0	227.0	
71.0	8.0	16.0	131.625	0.0	0.0	28.375	4.0	11.0	3.0	227.0	
72.0	8.0	16.0	131.625	0.0	0.0	28.375	4.0	11.0	2.0	227.0	
73.0	4.0	11.5	131.625	4.0	4.5	28.375	4.0	13.0	3.0	227.0	
74.0	8.0	16.0	131.625	0.0	0.0	28.375	4.0	1.0	3.0	227.0	
75.0	6.0	14.0	131.625	2.0	2.0	28.375	4.0	8.0	5.0	227.0	
76.0	7.0	15.0	131.625	1.0	1.0	28.375	4.0	6.0	4.0	227.0	
77.0	6.0	14.0	131.625	2.0	2.0	28.375	4.0	8.0	2.0	227.0	
78.0	6.0	13.5	131.625	2.0	2.5	28.375	4.0	8.0	1.0	227.0	
79.0	4.0	11.5	131.625	4.0	4.5	28.375	4.0	7.0	3.0	227.0	
80.0	6.0	14.0	131.625	2.0	2.0	28.375	4.0	3.0	1.0	227.0	
81.0	12.0	24.0	207.125	0.0	0.0	42.875	5.0	3.0	4.0	343.0	
82.0	10.0	22.0	207.125	2.0	2.0	42.875	5.0	6.0	2.0	343.0	
83.0	10.0	22.0	207.125	2.0	2.0	42.875	5.0	5.0	1.0	343.0	
84.0	10.0	21.5	207.125	2.0	2.5	42.875	5.0	12.0	2.0	343.0	
85.0	10.0	22.0	207.125	2.0	2.0	42.875	5.0	3.0	5.0	343.0	
86.0	8.0	19.5	207.125	4.0	4.5	42.875	5.0	15.0	4.0	343.0	
87.0	12.0	24.0	207.125	0.0	0.0	42.875	5.0	5.0	5.0	343.0	
88.0	12.0	24.0	207.125	0.0	0.0	42.875	5.0	4.0	3.0	343.0	
89.0	12.0	24.0	207.125	0.0	0.0	42.875	5.0	14.0	2.0	343.0	
90.0	12.0	24.0	207.25	0.0	0.0	42.75	5.0	4.0	1.0	342.0	
91.0	12.0	24.0	207.25	0.0	0.0	42.75	5.0	9.0	5.0	342.0	
92.0	12.0	24.0	207.25	0.0	0.0	42.75	5.0	10.0	4.0	342.0	
93.0	11.0	23.0	207.25	1.0	1.0	42.75	5.0	4.0	5.0	342.0	
94.0	12.0	24.0	207.25	0.0	0.0	42.75	5.0	13.0	1.0	342.0	
95.0	10.0	22.0	207.25	2.0	2.0	42.75	5.0	8.0	5.0	342.0	
96.0	10.0	21.5	207.25	2.0	2.5	42.75	5.0	15.0	3.0	342.0	
97.0	8.0	19.5	207.25	4.0	4.5	42.75	5.0	9.0	3.0	342.0	
98.0	12.0	24.0	207.25	0.0	0.0	42.75	5.0	15.0	2.0	342.0	
99.0	11.0	23.0	207.25	1.0	1.0	42.75	5.0	12.0	3.0	342.0	
100.0	12.0	24.0	207.25	0.0	0.0	42.75	5.0	14.0	1.0	342.0	
=====================================================================================================================================================
after 45 commit, VM matrix is (VM #, resource allocated to each VM (vCPU, memory, storage), resource used in each VM (vCPU, memory, storage), which flavour, VM in which PM, and VM in which rack, # blocks stored (each block is 0.125))
=====================================================================================================================================================
1.0	1.0	2.0	16.5	0.0	0.0	3.5	1.0	11.0	3.0	28.0	
2.0	1.0	2.0	16.5	0.0	0.0	3.5	1.0	14.0	1.0	28.0	
3.0	1.0	2.0	16.5	0.0	0.0	3.5	1.0	6.0	4.0	28.0	
4.0	1.0	2.0	16.5	0.0	0.0	3.5	1.0	9.0	4.0	28.0	
5.0	1.0	2.0	16.5	0.0	0.0	3.5	1.0	15.0	2.0	28.0	
6.0	1.0	2.0	16.5	0.0	0.0	3.5	1.0	7.0	1.0	28.0	
7.0	1.0	2.0	16.5	0.0	0.0	3.5	1.0	11.0	1.0	28.0	
8.0	1.0	2.0	16.5	0.0	0.0	3.5	1.0	15.0	3.0	28.0	
9.0	1.0	2.0	16.5	0.0	0.0	3.5	1.0	15.0	5.0	28.0	
10.0	1.0	2.0	16.625	0.0	0.0	3.375	1.0	15.0	1.0	27.0	
11.0	1.0	2.0	16.625	0.0	0.0	3.375	1.0	4.0	4.0	27.0	
12.0	1.0	2.0	16.625	0.0	0.0	3.375	1.0	5.0	3.0	27.0	
13.0	1.0	2.0	16.625	0.0	0.0	3.375	1.0	3.0	1.0	27.0	
14.0	1.0	2.0	16.625	0.0	0.0	3.375	1.0	13.0	5.0	27.0	
15.0	1.0	2.0	16.625	0.0	0.0	3.375	1.0	11.0	1.0	27.0	
16.0	1.0	2.0	16.625	0.0	0.0	3.375	1.0	14.0	2.0	27.0	
17.0	1.0	2.0	16.625	0.0	0.0	3.375	1.0	11.0	4.0	27.0	
18.0	1.0	2.0	16.625	0.0	0.0	3.375	1.0	2.0	5.0	27.0	
19.0	1.0	2.0	16.625	0.0	0.0	3.375	1.0	13.0	4.0	27.0	
20.0	1.0	2.0	16.625	0.0	0.0	3.375	1.0	4.0	5.0	27.0	
21.0	2.0	4.0	32.875	0.0	0.0	7.125	2.0	9.0	1.0	57.0	
22.0	2.0	4.0	32.875	0.0	0.0	7.125	2.0	6.0	2.0	57.0	
23.0	2.0	4.0	32.875	0.0	0.0	7.125	2.0	7.0	3.0	57.0	
24.0	2.0	4.0	32.875	0.0	0.0	7.125	2.0	14.0	4.0	57.0	
25.0	2.0	4.0	32.875	0.0	0.0	7.125	2.0	12.0	2.0	57.0	
26.0	2.0	4.0	32.875	0.0	0.0	7.125	2.0	1.0	2.0	57.0	
27.0	2.0	4.0	32.875	0.0	0.0	7.125	2.0	13.0	4.0	57.0	
28.0	2.0	4.0	32.875	0.0	0.0	7.125	2.0	8.0	1.0	57.0	
29.0	0.0	2.0	32.875	2.0	2.0	7.125	2.0	2.0	5.0	57.0	
30.0	2.0	4.0	32.875	0.0	0.0	7.125	2.0	14.0	1.0	57.0	
31.0	2.0	4.0	32.875	0.0	0.0	7.125	2.0	8.0	1.0	57.0	
32.0	2.0	4.0	32.875	0.0	0.0	7.125	2.0	14.0	3.0	57.0	
33.0	2.0	4.0	32.875	0.0	0.0	7.125	2.0	14.0	1.0	57.0	
34.0	2.0	4.0	32.875	0.0	0.0	7.125	2.0	14.0	1.0	57.0	
35.0	2.0	4.0	32.875	0.0	0.0	7.125	2.0	10.0	5.0	57.0	
36.0	2.0	4.0	32.875	0.0	0.0	7.125	2.0	15.0	4.0	57.0	
37.0	2.0	4.0	32.875	0.0	0.0	7.125	2.0	5.0	2.0	57.0	
38.0	2.0	4.0	32.875	0.0	0.0	7.125	2.0	5.0	5.0	57.0	
39.0	2.0	4.0	32.875	0.0	0.0	7.125	2.0	14.0	2.0	57.0	
40.0	2.0	4.0	32.875	0.0	0.0	7.125	2.0	11.0	3.0	57.0	
41.0	4.0	8.0	65.75	0.0	0.0	14.25	3.0	15.0	4.0	114.0	
42.0	4.0	8.0	65.75	0.0	0.0	14.25	3.0	4.0	1.0	114.0	
43.0	4.0	8.0	65.75	0.0	0.0	14.25	3.0	13.0	1.0	114.0	
44.0	4.0	8.0	65.75	0.0	0.0	14.25	3.0	3.0	5.0	114.0	
45.0	2.0	5.5	65.75	2.0	2.5	14.25	3.0	5.0	4.0	114.0	
46.0	4.0	8.0	65.75	0.0	0.0	14.25	3.0	14.0	3.0	114.0	
47.0	2.0	6.0	65.75	2.0	2.0	14.25	3.0	15.0	5.0	114.0	
48.0	4.0	8.0	65.75	0.0	0.0	14.25	3.0	13.0	4.0	114.0	
49.0	4.0	8.0	65.75	0.0	0.0	14.25	3.0	12.0	1.0	114.0	
50.0	2.0	6.0	65.75	2.0	2.0	14.25	3.0	9.0	1.0	114.0	
51.0	4.0	8.0	65.75	0.0	0.0	14.25	3.0	2.0	3.0	114.0	
52.0	4.0	8.0	65.75	0.0	0.0	14.25	3.0	4.0	3.0	114.0	
53.0	2.0	5.5	65.75	2.0	2.5	14.25	3.0	12.0	3.0	114.0	
54.0	4.0	8.0	65.75	0.0	0.0	14.25	3.0	10.0	5.0	114.0	
55.0	4.0	8.0	65.875	0.0	0.0	14.125	3.0	6.0	4.0	113.0	
56.0	4.0	8.0	65.875	0.0	0.0	14.125	3.0	13.0	5.0	113.0	
57.0	4.0	8.0	65.875	0.0	0.0	14.125	3.0	14.0	3.0	113.0	
58.0	4.0	8.0	65.875	0.0	0.0	14.125	3.0	11.0	4.0	113.0	
59.0	2.0	6.0	65.875	2.0	2.0	14.125	3.0	9.0	4.0	113.0	
60.0	2.0	6.0	65.875	2.0	2.0	14.125	3.0	3.0	3.0	113.0	
61.0	8.0	16.0	131.5	0.0	0.0	28.5	4.0	12.0	4.0	228.0	
62.0	8.0	16.0	131.5	0.0	0.0	28.5	4.0	7.0	4.0	228.0	
63.0	6.0	14.0	131.5	2.0	2.0	28.5	4.0	15.0	1.0	228.0	
64.0	7.0	15.0	131.5	1.0	1.0	28.5	4.0	4.0	2.0	228.0	
65.0	6.0	13.5	131.5	2.0	2.5	28.5	4.0	11.0	2.0	228.0	
66.0	8.0	16.0	131.5	0.0	0.0	28.5	4.0	12.0	5.0	228.0	
67.0	8.0	16.0	131.5	0.0	0.0	28.5	4.0	3.0	3.0	228.0	
68.0	6.0	14.0	131.5	2.0	2.0	28.5	4.0	5.0	3.0	228.0	
69.0	8.0	16.0	131.625	0.0	0.0	28.375	4.0	12.0	2.0	227.0	
70.0	8.0	16.0	131.625	0.0	0.0	28.375	4.0	11.0	5.0	227.0	
71.0	8.0	16.0	131.625	0.0	0.0	28.375	4.0	11.0	3.0	227.0	
72.0	8.0	16.0	131.625	0.0	0.0	28.375	4.0	11.0	2.0	227.0	
73.0	4.0	11.5	131.625	4.0	4.5	28.375	4.0	13.0	3.0	227.0	
74.0	8.0	16.0	131.625	0.0	0.0	28.375	4.0	1.0	3.0	227.0	
75.0	6.0	14.0	131.625	2.0	2.0	28.375	4.0	8.0	5.0	227.0	
76.0	7.0	15.0	131.625	1.0	1.0	28.375	4.0	6.0	4.0	227.0	
77.0	6.0	14.0	131.625	2.0	2.0	28.375	4.0	8.0	2.0	227.0	
78.0	6.0	13.5	131.625	2.0	2.5	28.375	4.0	8.0	1.0	227.0	
79.0	4.0	11.5	131.625	4.0	4.5	28.375	4.0	7.0	3.0	227.0	
80.0	6.0	14.0	131.625	2.0	2.0	28.375	4.0	3.0	1.0	227.0	
81.0	12.0	24.0	207.125	0.0	0.0	42.875	5.0	3.0	4.0	343.0	
82.0	10.0	22.0	207.125	2.0	2.0	42.875	5.0	6.0	2.0	343.0	
83.0	10.0	22.0	207.125	2.0	2.0	42.875	5.0	5.0	1.0	343.0	
84.0	10.0	21.5	207.125	2.0	2.5	42.875	5.0	12.0	2.0	343.0	
85.0	10.0	22.0	207.125	2.0	2.0	42.875	5.0	3.0	5.0	343.0	
86.0	8.0	19.5	207.125	4.0	4.5	42.875	5.0	15.0	4.0	343.0	
87.0	12.0	24.0	207.125	0.0	0.0	42.875	5.0	5.0	5.0	343.0	
88.0	12.0	24.0	207.125	0.0	0.0	42.875	5.0	4.0	3.0	343.0	
89.0	12.0	24.0	207.125	0.0	0.0	42.875	5.0	14.0	2.0	343.0	
90.0	12.0	24.0	207.25	0.0	0.0	42.75	5.0	4.0	1.0	342.0	
91.0	12.0	24.0	207.25	0.0	0.0	42.75	5.0	9.0	5.0	342.0	
92.0	12.0	24.0	207.25	0.0	0.0	42.75	5.0	10.0	4.0	342.0	
93.0	11.0	23.0	207.25	1.0	1.0	42.75	5.0	4.0	5.0	342.0	
94.0	12.0	24.0	207.25	0.0	0.0	42.75	5.0	13.0	1.0	342.0	
95.0	10.0	22.0	207.25	2.0	2.0	42.75	5.0	8.0	5.0	342.0	
96.0	10.0	21.5	207.25	2.0	2.5	42.75	5.0	15.0	3.0	342.0	
97.0	8.0	19.5	207.25	4.0	4.5	42.75	5.0	9.0	3.0	342.0	
98.0	12.0	24.0	207.25	0.0	0.0	42.75	5.0	15.0	2.0	342.0	
99.0	11.0	23.0	207.25	1.0	1.0	42.75	5.0	12.0	3.0	342.0	
100.0	12.0	24.0	207.25	0.0	0.0	42.75	5.0	14.0	1.0	342.0	
=====================================================================================================================================================
after 46 commit, VM matrix is (VM #, resource allocated to each VM (vCPU, memory, storage), resource used in each VM (vCPU, memory, storage), which flavour, VM in which PM, and VM in which rack, # blocks stored (each block is 0.125))
=====================================================================================================================================================
1.0	1.0	2.0	16.5	0.0	0.0	3.5	1.0	11.0	3.0	28.0	
2.0	1.0	2.0	16.5	0.0	0.0	3.5	1.0	14.0	1.0	28.0	
3.0	1.0	2.0	16.5	0.0	0.0	3.5	1.0	6.0	4.0	28.0	
4.0	1.0	2.0	16.5	0.0	0.0	3.5	1.0	9.0	4.0	28.0	
5.0	1.0	2.0	16.5	0.0	0.0	3.5	1.0	15.0	2.0	28.0	
6.0	1.0	2.0	16.5	0.0	0.0	3.5	1.0	7.0	1.0	28.0	
7.0	1.0	2.0	16.5	0.0	0.0	3.5	1.0	11.0	1.0	28.0	
8.0	1.0	2.0	16.5	0.0	0.0	3.5	1.0	15.0	3.0	28.0	
9.0	1.0	2.0	16.5	0.0	0.0	3.5	1.0	15.0	5.0	28.0	
10.0	1.0	2.0	16.625	0.0	0.0	3.375	1.0	15.0	1.0	27.0	
11.0	1.0	2.0	16.625	0.0	0.0	3.375	1.0	4.0	4.0	27.0	
12.0	1.0	2.0	16.625	0.0	0.0	3.375	1.0	5.0	3.0	27.0	
13.0	1.0	2.0	16.625	0.0	0.0	3.375	1.0	3.0	1.0	27.0	
14.0	1.0	2.0	16.625	0.0	0.0	3.375	1.0	13.0	5.0	27.0	
15.0	1.0	2.0	16.625	0.0	0.0	3.375	1.0	11.0	1.0	27.0	
16.0	1.0	2.0	16.625	0.0	0.0	3.375	1.0	14.0	2.0	27.0	
17.0	1.0	2.0	16.625	0.0	0.0	3.375	1.0	11.0	4.0	27.0	
18.0	1.0	2.0	16.625	0.0	0.0	3.375	1.0	2.0	5.0	27.0	
19.0	1.0	2.0	16.625	0.0	0.0	3.375	1.0	13.0	4.0	27.0	
20.0	1.0	2.0	16.625	0.0	0.0	3.375	1.0	4.0	5.0	27.0	
21.0	2.0	4.0	32.875	0.0	0.0	7.125	2.0	9.0	1.0	57.0	
22.0	2.0	4.0	32.875	0.0	0.0	7.125	2.0	6.0	2.0	57.0	
23.0	2.0	4.0	32.875	0.0	0.0	7.125	2.0	7.0	3.0	57.0	
24.0	2.0	4.0	32.875	0.0	0.0	7.125	2.0	14.0	4.0	57.0	
25.0	2.0	4.0	32.875	0.0	0.0	7.125	2.0	12.0	2.0	57.0	
26.0	2.0	4.0	32.875	0.0	0.0	7.125	2.0	1.0	2.0	57.0	
27.0	2.0	4.0	32.875	0.0	0.0	7.125	2.0	13.0	4.0	57.0	
28.0	2.0	4.0	32.875	0.0	0.0	7.125	2.0	8.0	1.0	57.0	
29.0	0.0	2.0	32.875	2.0	2.0	7.125	2.0	2.0	5.0	57.0	
30.0	2.0	4.0	32.875	0.0	0.0	7.125	2.0	14.0	1.0	57.0	
31.0	2.0	4.0	32.875	0.0	0.0	7.125	2.0	8.0	1.0	57.0	
32.0	2.0	4.0	32.875	0.0	0.0	7.125	2.0	14.0	3.0	57.0	
33.0	2.0	4.0	32.875	0.0	0.0	7.125	2.0	14.0	1.0	57.0	
34.0	2.0	4.0	32.875	0.0	0.0	7.125	2.0	14.0	1.0	57.0	
35.0	2.0	4.0	32.875	0.0	0.0	7.125	2.0	10.0	5.0	57.0	
36.0	2.0	4.0	32.875	0.0	0.0	7.125	2.0	15.0	4.0	57.0	
37.0	2.0	4.0	32.875	0.0	0.0	7.125	2.0	5.0	2.0	57.0	
38.0	2.0	4.0	32.875	0.0	0.0	7.125	2.0	5.0	5.0	57.0	
39.0	2.0	4.0	32.875	0.0	0.0	7.125	2.0	14.0	2.0	57.0	
40.0	2.0	4.0	32.875	0.0	0.0	7.125	2.0	11.0	3.0	57.0	
41.0	4.0	8.0	65.75	0.0	0.0	14.25	3.0	15.0	4.0	114.0	
42.0	4.0	8.0	65.75	0.0	0.0	14.25	3.0	4.0	1.0	114.0	
43.0	4.0	8.0	65.75	0.0	0.0	14.25	3.0	13.0	1.0	114.0	
44.0	4.0	8.0	65.75	0.0	0.0	14.25	3.0	3.0	5.0	114.0	
45.0	2.0	5.5	65.75	2.0	2.5	14.25	3.0	5.0	4.0	114.0	
46.0	4.0	8.0	65.75	0.0	0.0	14.25	3.0	14.0	3.0	114.0	
47.0	2.0	6.0	65.75	2.0	2.0	14.25	3.0	15.0	5.0	114.0	
48.0	4.0	8.0	65.75	0.0	0.0	14.25	3.0	13.0	4.0	114.0	
49.0	4.0	8.0	65.75	0.0	0.0	14.25	3.0	12.0	1.0	114.0	
50.0	2.0	6.0	65.75	2.0	2.0	14.25	3.0	9.0	1.0	114.0	
51.0	4.0	8.0	65.75	0.0	0.0	14.25	3.0	2.0	3.0	114.0	
52.0	4.0	8.0	65.75	0.0	0.0	14.25	3.0	4.0	3.0	114.0	
53.0	2.0	5.5	65.75	2.0	2.5	14.25	3.0	12.0	3.0	114.0	
54.0	4.0	8.0	65.75	0.0	0.0	14.25	3.0	10.0	5.0	114.0	
55.0	4.0	8.0	65.875	0.0	0.0	14.125	3.0	6.0	4.0	113.0	
56.0	4.0	8.0	65.875	0.0	0.0	14.125	3.0	13.0	5.0	113.0	
57.0	4.0	8.0	65.875	0.0	0.0	14.125	3.0	14.0	3.0	113.0	
58.0	4.0	8.0	65.875	0.0	0.0	14.125	3.0	11.0	4.0	113.0	
59.0	2.0	6.0	65.875	2.0	2.0	14.125	3.0	9.0	4.0	113.0	
60.0	2.0	6.0	65.875	2.0	2.0	14.125	3.0	3.0	3.0	113.0	
61.0	8.0	16.0	131.5	0.0	0.0	28.5	4.0	12.0	4.0	228.0	
62.0	8.0	16.0	131.5	0.0	0.0	28.5	4.0	7.0	4.0	228.0	
63.0	6.0	14.0	131.5	2.0	2.0	28.5	4.0	15.0	1.0	228.0	
64.0	7.0	15.0	131.5	1.0	1.0	28.5	4.0	4.0	2.0	228.0	
65.0	6.0	13.5	131.5	2.0	2.5	28.5	4.0	11.0	2.0	228.0	
66.0	8.0	16.0	131.5	0.0	0.0	28.5	4.0	12.0	5.0	228.0	
67.0	8.0	16.0	131.5	0.0	0.0	28.5	4.0	3.0	3.0	228.0	
68.0	6.0	14.0	131.5	2.0	2.0	28.5	4.0	5.0	3.0	228.0	
69.0	8.0	16.0	131.625	0.0	0.0	28.375	4.0	12.0	2.0	227.0	
70.0	8.0	16.0	131.625	0.0	0.0	28.375	4.0	11.0	5.0	227.0	
71.0	8.0	16.0	131.625	0.0	0.0	28.375	4.0	11.0	3.0	227.0	
72.0	8.0	16.0	131.625	0.0	0.0	28.375	4.0	11.0	2.0	227.0	
73.0	4.0	11.5	131.625	4.0	4.5	28.375	4.0	13.0	3.0	227.0	
74.0	8.0	16.0	131.625	0.0	0.0	28.375	4.0	1.0	3.0	227.0	
75.0	6.0	14.0	131.625	2.0	2.0	28.375	4.0	8.0	5.0	227.0	
76.0	7.0	15.0	131.625	1.0	1.0	28.375	4.0	6.0	4.0	227.0	
77.0	6.0	14.0	131.625	2.0	2.0	28.375	4.0	8.0	2.0	227.0	
78.0	6.0	13.5	131.625	2.0	2.5	28.375	4.0	8.0	1.0	227.0	
79.0	4.0	11.5	131.625	4.0	4.5	28.375	4.0	7.0	3.0	227.0	
80.0	6.0	14.0	131.625	2.0	2.0	28.375	4.0	3.0	1.0	227.0	
81.0	12.0	24.0	207.125	0.0	0.0	42.875	5.0	3.0	4.0	343.0	
82.0	10.0	22.0	207.125	2.0	2.0	42.875	5.0	6.0	2.0	343.0	
83.0	10.0	22.0	207.125	2.0	2.0	42.875	5.0	5.0	1.0	343.0	
84.0	10.0	21.5	207.125	2.0	2.5	42.875	5.0	12.0	2.0	343.0	
85.0	10.0	22.0	207.125	2.0	2.0	42.875	5.0	3.0	5.0	343.0	
86.0	8.0	19.5	207.125	4.0	4.5	42.875	5.0	15.0	4.0	343.0	
87.0	12.0	24.0	207.125	0.0	0.0	42.875	5.0	5.0	5.0	343.0	
88.0	12.0	24.0	207.125	0.0	0.0	42.875	5.0	4.0	3.0	343.0	
89.0	12.0	24.0	207.125	0.0	0.0	42.875	5.0	14.0	2.0	343.0	
90.0	12.0	24.0	207.25	0.0	0.0	42.75	5.0	4.0	1.0	342.0	
91.0	12.0	24.0	207.25	0.0	0.0	42.75	5.0	9.0	5.0	342.0	
92.0	12.0	24.0	207.25	0.0	0.0	42.75	5.0	10.0	4.0	342.0	
93.0	11.0	23.0	207.25	1.0	1.0	42.75	5.0	4.0	5.0	342.0	
94.0	12.0	24.0	207.25	0.0	0.0	42.75	5.0	13.0	1.0	342.0	
95.0	10.0	22.0	207.25	2.0	2.0	42.75	5.0	8.0	5.0	342.0	
96.0	10.0	21.5	207.25	2.0	2.5	42.75	5.0	15.0	3.0	342.0	
97.0	8.0	19.5	207.25	4.0	4.5	42.75	5.0	9.0	3.0	342.0	
98.0	12.0	24.0	207.25	0.0	0.0	42.75	5.0	15.0	2.0	342.0	
99.0	11.0	23.0	207.25	1.0	1.0	42.75	5.0	12.0	3.0	342.0	
100.0	12.0	24.0	207.25	0.0	0.0	42.75	5.0	14.0	1.0	342.0	
=====================================================================================================================================================
after 47 commit, VM matrix is (VM #, resource allocated to each VM (vCPU, memory, storage), resource used in each VM (vCPU, memory, storage), which flavour, VM in which PM, and VM in which rack, # blocks stored (each block is 0.125))
=====================================================================================================================================================
1.0	1.0	2.0	16.5	0.0	0.0	3.5	1.0	11.0	3.0	28.0	
2.0	1.0	2.0	16.5	0.0	0.0	3.5	1.0	14.0	1.0	28.0	
3.0	1.0	2.0	16.5	0.0	0.0	3.5	1.0	6.0	4.0	28.0	
4.0	1.0	2.0	16.5	0.0	0.0	3.5	1.0	9.0	4.0	28.0	
5.0	1.0	2.0	16.5	0.0	0.0	3.5	1.0	15.0	2.0	28.0	
6.0	1.0	2.0	16.5	0.0	0.0	3.5	1.0	7.0	1.0	28.0	
7.0	1.0	2.0	16.5	0.0	0.0	3.5	1.0	11.0	1.0	28.0	
8.0	1.0	2.0	16.5	0.0	0.0	3.5	1.0	15.0	3.0	28.0	
9.0	1.0	2.0	16.5	0.0	0.0	3.5	1.0	15.0	5.0	28.0	
10.0	1.0	2.0	16.625	0.0	0.0	3.375	1.0	15.0	1.0	27.0	
11.0	1.0	2.0	16.625	0.0	0.0	3.375	1.0	4.0	4.0	27.0	
12.0	1.0	2.0	16.625	0.0	0.0	3.375	1.0	5.0	3.0	27.0	
13.0	1.0	2.0	16.625	0.0	0.0	3.375	1.0	3.0	1.0	27.0	
14.0	1.0	2.0	16.625	0.0	0.0	3.375	1.0	13.0	5.0	27.0	
15.0	1.0	2.0	16.625	0.0	0.0	3.375	1.0	11.0	1.0	27.0	
16.0	1.0	2.0	16.625	0.0	0.0	3.375	1.0	14.0	2.0	27.0	
17.0	1.0	2.0	16.625	0.0	0.0	3.375	1.0	11.0	4.0	27.0	
18.0	1.0	2.0	16.625	0.0	0.0	3.375	1.0	2.0	5.0	27.0	
19.0	1.0	2.0	16.625	0.0	0.0	3.375	1.0	13.0	4.0	27.0	
20.0	1.0	2.0	16.625	0.0	0.0	3.375	1.0	4.0	5.0	27.0	
21.0	2.0	4.0	32.875	0.0	0.0	7.125	2.0	9.0	1.0	57.0	
22.0	2.0	4.0	32.875	0.0	0.0	7.125	2.0	6.0	2.0	57.0	
23.0	2.0	4.0	32.875	0.0	0.0	7.125	2.0	7.0	3.0	57.0	
24.0	2.0	4.0	32.875	0.0	0.0	7.125	2.0	14.0	4.0	57.0	
25.0	2.0	4.0	32.875	0.0	0.0	7.125	2.0	12.0	2.0	57.0	
26.0	2.0	4.0	32.875	0.0	0.0	7.125	2.0	1.0	2.0	57.0	
27.0	2.0	4.0	32.875	0.0	0.0	7.125	2.0	13.0	4.0	57.0	
28.0	2.0	4.0	32.875	0.0	0.0	7.125	2.0	8.0	1.0	57.0	
29.0	0.0	2.0	32.875	2.0	2.0	7.125	2.0	2.0	5.0	57.0	
30.0	2.0	4.0	32.875	0.0	0.0	7.125	2.0	14.0	1.0	57.0	
31.0	2.0	4.0	32.875	0.0	0.0	7.125	2.0	8.0	1.0	57.0	
32.0	2.0	4.0	32.875	0.0	0.0	7.125	2.0	14.0	3.0	57.0	
33.0	2.0	4.0	32.875	0.0	0.0	7.125	2.0	14.0	1.0	57.0	
34.0	2.0	4.0	32.875	0.0	0.0	7.125	2.0	14.0	1.0	57.0	
35.0	2.0	4.0	32.875	0.0	0.0	7.125	2.0	10.0	5.0	57.0	
36.0	2.0	4.0	32.875	0.0	0.0	7.125	2.0	15.0	4.0	57.0	
37.0	2.0	4.0	32.875	0.0	0.0	7.125	2.0	5.0	2.0	57.0	
38.0	2.0	4.0	32.875	0.0	0.0	7.125	2.0	5.0	5.0	57.0	
39.0	2.0	4.0	32.875	0.0	0.0	7.125	2.0	14.0	2.0	57.0	
40.0	2.0	4.0	32.875	0.0	0.0	7.125	2.0	11.0	3.0	57.0	
41.0	4.0	8.0	65.75	0.0	0.0	14.25	3.0	15.0	4.0	114.0	
42.0	4.0	8.0	65.75	0.0	0.0	14.25	3.0	4.0	1.0	114.0	
43.0	4.0	8.0	65.75	0.0	0.0	14.25	3.0	13.0	1.0	114.0	
44.0	4.0	8.0	65.75	0.0	0.0	14.25	3.0	3.0	5.0	114.0	
45.0	2.0	5.5	65.75	2.0	2.5	14.25	3.0	5.0	4.0	114.0	
46.0	4.0	8.0	65.75	0.0	0.0	14.25	3.0	14.0	3.0	114.0	
47.0	2.0	6.0	65.75	2.0	2.0	14.25	3.0	15.0	5.0	114.0	
48.0	4.0	8.0	65.75	0.0	0.0	14.25	3.0	13.0	4.0	114.0	
49.0	4.0	8.0	65.75	0.0	0.0	14.25	3.0	12.0	1.0	114.0	
50.0	2.0	6.0	65.75	2.0	2.0	14.25	3.0	9.0	1.0	114.0	
51.0	4.0	8.0	65.75	0.0	0.0	14.25	3.0	2.0	3.0	114.0	
52.0	4.0	8.0	65.75	0.0	0.0	14.25	3.0	4.0	3.0	114.0	
53.0	2.0	5.5	65.75	2.0	2.5	14.25	3.0	12.0	3.0	114.0	
54.0	4.0	8.0	65.75	0.0	0.0	14.25	3.0	10.0	5.0	114.0	
55.0	4.0	8.0	65.875	0.0	0.0	14.125	3.0	6.0	4.0	113.0	
56.0	4.0	8.0	65.875	0.0	0.0	14.125	3.0	13.0	5.0	113.0	
57.0	4.0	8.0	65.875	0.0	0.0	14.125	3.0	14.0	3.0	113.0	
58.0	4.0	8.0	65.875	0.0	0.0	14.125	3.0	11.0	4.0	113.0	
59.0	2.0	6.0	65.875	2.0	2.0	14.125	3.0	9.0	4.0	113.0	
60.0	2.0	6.0	65.875	2.0	2.0	14.125	3.0	3.0	3.0	113.0	
61.0	8.0	16.0	131.5	0.0	0.0	28.5	4.0	12.0	4.0	228.0	
62.0	8.0	16.0	131.5	0.0	0.0	28.5	4.0	7.0	4.0	228.0	
63.0	6.0	14.0	131.5	2.0	2.0	28.5	4.0	15.0	1.0	228.0	
64.0	7.0	15.0	131.5	1.0	1.0	28.5	4.0	4.0	2.0	228.0	
65.0	6.0	13.5	131.5	2.0	2.5	28.5	4.0	11.0	2.0	228.0	
66.0	8.0	16.0	131.5	0.0	0.0	28.5	4.0	12.0	5.0	228.0	
67.0	8.0	16.0	131.5	0.0	0.0	28.5	4.0	3.0	3.0	228.0	
68.0	6.0	14.0	131.5	2.0	2.0	28.5	4.0	5.0	3.0	228.0	
69.0	8.0	16.0	131.625	0.0	0.0	28.375	4.0	12.0	2.0	227.0	
70.0	8.0	16.0	131.625	0.0	0.0	28.375	4.0	11.0	5.0	227.0	
71.0	8.0	16.0	131.625	0.0	0.0	28.375	4.0	11.0	3.0	227.0	
72.0	8.0	16.0	131.625	0.0	0.0	28.375	4.0	11.0	2.0	227.0	
73.0	4.0	11.5	131.625	4.0	4.5	28.375	4.0	13.0	3.0	227.0	
74.0	8.0	16.0	131.625	0.0	0.0	28.375	4.0	1.0	3.0	227.0	
75.0	6.0	14.0	131.625	2.0	2.0	28.375	4.0	8.0	5.0	227.0	
76.0	7.0	15.0	131.625	1.0	1.0	28.375	4.0	6.0	4.0	227.0	
77.0	6.0	14.0	131.625	2.0	2.0	28.375	4.0	8.0	2.0	227.0	
78.0	6.0	13.5	131.625	2.0	2.5	28.375	4.0	8.0	1.0	227.0	
79.0	4.0	11.5	131.625	4.0	4.5	28.375	4.0	7.0	3.0	227.0	
80.0	6.0	14.0	131.625	2.0	2.0	28.375	4.0	3.0	1.0	227.0	
81.0	12.0	24.0	207.125	0.0	0.0	42.875	5.0	3.0	4.0	343.0	
82.0	10.0	22.0	207.125	2.0	2.0	42.875	5.0	6.0	2.0	343.0	
83.0	10.0	22.0	207.125	2.0	2.0	42.875	5.0	5.0	1.0	343.0	
84.0	10.0	21.5	207.125	2.0	2.5	42.875	5.0	12.0	2.0	343.0	
85.0	10.0	22.0	207.125	2.0	2.0	42.875	5.0	3.0	5.0	343.0	
86.0	8.0	19.5	207.125	4.0	4.5	42.875	5.0	15.0	4.0	343.0	
87.0	12.0	24.0	207.125	0.0	0.0	42.875	5.0	5.0	5.0	343.0	
88.0	12.0	24.0	207.125	0.0	0.0	42.875	5.0	4.0	3.0	343.0	
89.0	12.0	24.0	207.125	0.0	0.0	42.875	5.0	14.0	2.0	343.0	
90.0	12.0	24.0	207.25	0.0	0.0	42.75	5.0	4.0	1.0	342.0	
91.0	12.0	24.0	207.25	0.0	0.0	42.75	5.0	9.0	5.0	342.0	
92.0	12.0	24.0	207.25	0.0	0.0	42.75	5.0	10.0	4.0	342.0	
93.0	11.0	23.0	207.25	1.0	1.0	42.75	5.0	4.0	5.0	342.0	
94.0	12.0	24.0	207.25	0.0	0.0	42.75	5.0	13.0	1.0	342.0	
95.0	10.0	22.0	207.25	2.0	2.0	42.75	5.0	8.0	5.0	342.0	
96.0	10.0	21.5	207.25	2.0	2.5	42.75	5.0	15.0	3.0	342.0	
97.0	8.0	19.5	207.25	4.0	4.5	42.75	5.0	9.0	3.0	342.0	
98.0	12.0	24.0	207.25	0.0	0.0	42.75	5.0	15.0	2.0	342.0	
99.0	11.0	23.0	207.25	1.0	1.0	42.75	5.0	12.0	3.0	342.0	
100.0	12.0	24.0	207.25	0.0	0.0	42.75	5.0	14.0	1.0	342.0	
=====================================================================================================================================================
after 48 commit, VM matrix is (VM #, resource allocated to each VM (vCPU, memory, storage), resource used in each VM (vCPU, memory, storage), which flavour, VM in which PM, and VM in which rack, # blocks stored (each block is 0.125))
=====================================================================================================================================================
1.0	1.0	2.0	16.5	0.0	0.0	3.5	1.0	11.0	3.0	28.0	
2.0	1.0	2.0	16.5	0.0	0.0	3.5	1.0	14.0	1.0	28.0	
3.0	1.0	2.0	16.5	0.0	0.0	3.5	1.0	6.0	4.0	28.0	
4.0	1.0	2.0	16.5	0.0	0.0	3.5	1.0	9.0	4.0	28.0	
5.0	1.0	2.0	16.5	0.0	0.0	3.5	1.0	15.0	2.0	28.0	
6.0	1.0	2.0	16.5	0.0	0.0	3.5	1.0	7.0	1.0	28.0	
7.0	1.0	2.0	16.5	0.0	0.0	3.5	1.0	11.0	1.0	28.0	
8.0	1.0	2.0	16.5	0.0	0.0	3.5	1.0	15.0	3.0	28.0	
9.0	1.0	2.0	16.5	0.0	0.0	3.5	1.0	15.0	5.0	28.0	
10.0	1.0	2.0	16.625	0.0	0.0	3.375	1.0	15.0	1.0	27.0	
11.0	1.0	2.0	16.625	0.0	0.0	3.375	1.0	4.0	4.0	27.0	
12.0	1.0	2.0	16.625	0.0	0.0	3.375	1.0	5.0	3.0	27.0	
13.0	1.0	2.0	16.625	0.0	0.0	3.375	1.0	3.0	1.0	27.0	
14.0	1.0	2.0	16.625	0.0	0.0	3.375	1.0	13.0	5.0	27.0	
15.0	1.0	2.0	16.625	0.0	0.0	3.375	1.0	11.0	1.0	27.0	
16.0	1.0	2.0	16.625	0.0	0.0	3.375	1.0	14.0	2.0	27.0	
17.0	1.0	2.0	16.625	0.0	0.0	3.375	1.0	11.0	4.0	27.0	
18.0	1.0	2.0	16.625	0.0	0.0	3.375	1.0	2.0	5.0	27.0	
19.0	1.0	2.0	16.625	0.0	0.0	3.375	1.0	13.0	4.0	27.0	
20.0	1.0	2.0	16.625	0.0	0.0	3.375	1.0	4.0	5.0	27.0	
21.0	2.0	4.0	32.875	0.0	0.0	7.125	2.0	9.0	1.0	57.0	
22.0	2.0	4.0	32.875	0.0	0.0	7.125	2.0	6.0	2.0	57.0	
23.0	2.0	4.0	32.875	0.0	0.0	7.125	2.0	7.0	3.0	57.0	
24.0	2.0	4.0	32.875	0.0	0.0	7.125	2.0	14.0	4.0	57.0	
25.0	2.0	4.0	32.875	0.0	0.0	7.125	2.0	12.0	2.0	57.0	
26.0	2.0	4.0	32.875	0.0	0.0	7.125	2.0	1.0	2.0	57.0	
27.0	2.0	4.0	32.875	0.0	0.0	7.125	2.0	13.0	4.0	57.0	
28.0	2.0	4.0	32.875	0.0	0.0	7.125	2.0	8.0	1.0	57.0	
29.0	0.0	2.0	32.875	2.0	2.0	7.125	2.0	2.0	5.0	57.0	
30.0	2.0	4.0	32.875	0.0	0.0	7.125	2.0	14.0	1.0	57.0	
31.0	2.0	4.0	32.875	0.0	0.0	7.125	2.0	8.0	1.0	57.0	
32.0	2.0	4.0	32.875	0.0	0.0	7.125	2.0	14.0	3.0	57.0	
33.0	2.0	4.0	32.875	0.0	0.0	7.125	2.0	14.0	1.0	57.0	
34.0	2.0	4.0	32.875	0.0	0.0	7.125	2.0	14.0	1.0	57.0	
35.0	2.0	4.0	32.875	0.0	0.0	7.125	2.0	10.0	5.0	57.0	
36.0	2.0	4.0	32.875	0.0	0.0	7.125	2.0	15.0	4.0	57.0	
37.0	2.0	4.0	32.875	0.0	0.0	7.125	2.0	5.0	2.0	57.0	
38.0	2.0	4.0	32.875	0.0	0.0	7.125	2.0	5.0	5.0	57.0	
39.0	2.0	4.0	32.875	0.0	0.0	7.125	2.0	14.0	2.0	57.0	
40.0	2.0	4.0	32.875	0.0	0.0	7.125	2.0	11.0	3.0	57.0	
41.0	4.0	8.0	65.75	0.0	0.0	14.25	3.0	15.0	4.0	114.0	
42.0	4.0	8.0	65.75	0.0	0.0	14.25	3.0	4.0	1.0	114.0	
43.0	4.0	8.0	65.75	0.0	0.0	14.25	3.0	13.0	1.0	114.0	
44.0	4.0	8.0	65.75	0.0	0.0	14.25	3.0	3.0	5.0	114.0	
45.0	2.0	5.5	65.75	2.0	2.5	14.25	3.0	5.0	4.0	114.0	
46.0	4.0	8.0	65.75	0.0	0.0	14.25	3.0	14.0	3.0	114.0	
47.0	2.0	6.0	65.75	2.0	2.0	14.25	3.0	15.0	5.0	114.0	
48.0	4.0	8.0	65.75	0.0	0.0	14.25	3.0	13.0	4.0	114.0	
49.0	4.0	8.0	65.75	0.0	0.0	14.25	3.0	12.0	1.0	114.0	
50.0	2.0	6.0	65.75	2.0	2.0	14.25	3.0	9.0	1.0	114.0	
51.0	4.0	8.0	65.75	0.0	0.0	14.25	3.0	2.0	3.0	114.0	
52.0	4.0	8.0	65.75	0.0	0.0	14.25	3.0	4.0	3.0	114.0	
53.0	2.0	5.5	65.75	2.0	2.5	14.25	3.0	12.0	3.0	114.0	
54.0	4.0	8.0	65.75	0.0	0.0	14.25	3.0	10.0	5.0	114.0	
55.0	4.0	8.0	65.875	0.0	0.0	14.125	3.0	6.0	4.0	113.0	
56.0	4.0	8.0	65.875	0.0	0.0	14.125	3.0	13.0	5.0	113.0	
57.0	4.0	8.0	65.875	0.0	0.0	14.125	3.0	14.0	3.0	113.0	
58.0	4.0	8.0	65.875	0.0	0.0	14.125	3.0	11.0	4.0	113.0	
59.0	2.0	6.0	65.875	2.0	2.0	14.125	3.0	9.0	4.0	113.0	
60.0	2.0	6.0	65.875	2.0	2.0	14.125	3.0	3.0	3.0	113.0	
61.0	8.0	16.0	131.5	0.0	0.0	28.5	4.0	12.0	4.0	228.0	
62.0	8.0	16.0	131.5	0.0	0.0	28.5	4.0	7.0	4.0	228.0	
63.0	6.0	14.0	131.5	2.0	2.0	28.5	4.0	15.0	1.0	228.0	
64.0	7.0	15.0	131.5	1.0	1.0	28.5	4.0	4.0	2.0	228.0	
65.0	6.0	13.5	131.5	2.0	2.5	28.5	4.0	11.0	2.0	228.0	
66.0	8.0	16.0	131.5	0.0	0.0	28.5	4.0	12.0	5.0	228.0	
67.0	8.0	16.0	131.5	0.0	0.0	28.5	4.0	3.0	3.0	228.0	
68.0	6.0	14.0	131.5	2.0	2.0	28.5	4.0	5.0	3.0	228.0	
69.0	8.0	16.0	131.625	0.0	0.0	28.375	4.0	12.0	2.0	227.0	
70.0	8.0	16.0	131.625	0.0	0.0	28.375	4.0	11.0	5.0	227.0	
71.0	8.0	16.0	131.625	0.0	0.0	28.375	4.0	11.0	3.0	227.0	
72.0	8.0	16.0	131.625	0.0	0.0	28.375	4.0	11.0	2.0	227.0	
73.0	4.0	11.5	131.625	4.0	4.5	28.375	4.0	13.0	3.0	227.0	
74.0	8.0	16.0	131.625	0.0	0.0	28.375	4.0	1.0	3.0	227.0	
75.0	6.0	14.0	131.625	2.0	2.0	28.375	4.0	8.0	5.0	227.0	
76.0	7.0	15.0	131.625	1.0	1.0	28.375	4.0	6.0	4.0	227.0	
77.0	6.0	14.0	131.625	2.0	2.0	28.375	4.0	8.0	2.0	227.0	
78.0	6.0	13.5	131.625	2.0	2.5	28.375	4.0	8.0	1.0	227.0	
79.0	4.0	11.5	131.625	4.0	4.5	28.375	4.0	7.0	3.0	227.0	
80.0	6.0	14.0	131.625	2.0	2.0	28.375	4.0	3.0	1.0	227.0	
81.0	12.0	24.0	207.125	0.0	0.0	42.875	5.0	3.0	4.0	343.0	
82.0	10.0	22.0	207.125	2.0	2.0	42.875	5.0	6.0	2.0	343.0	
83.0	10.0	22.0	207.125	2.0	2.0	42.875	5.0	5.0	1.0	343.0	
84.0	10.0	21.5	207.125	2.0	2.5	42.875	5.0	12.0	2.0	343.0	
85.0	10.0	22.0	207.125	2.0	2.0	42.875	5.0	3.0	5.0	343.0	
86.0	8.0	19.5	207.125	4.0	4.5	42.875	5.0	15.0	4.0	343.0	
87.0	12.0	24.0	207.125	0.0	0.0	42.875	5.0	5.0	5.0	343.0	
88.0	12.0	24.0	207.125	0.0	0.0	42.875	5.0	4.0	3.0	343.0	
89.0	12.0	24.0	207.125	0.0	0.0	42.875	5.0	14.0	2.0	343.0	
90.0	12.0	24.0	207.25	0.0	0.0	42.75	5.0	4.0	1.0	342.0	
91.0	12.0	24.0	207.25	0.0	0.0	42.75	5.0	9.0	5.0	342.0	
92.0	12.0	24.0	207.25	0.0	0.0	42.75	5.0	10.0	4.0	342.0	
93.0	11.0	23.0	207.25	1.0	1.0	42.75	5.0	4.0	5.0	342.0	
94.0	12.0	24.0	207.25	0.0	0.0	42.75	5.0	13.0	1.0	342.0	
95.0	10.0	22.0	207.25	2.0	2.0	42.75	5.0	8.0	5.0	342.0	
96.0	10.0	21.5	207.25	2.0	2.5	42.75	5.0	15.0	3.0	342.0	
97.0	8.0	19.5	207.25	4.0	4.5	42.75	5.0	9.0	3.0	342.0	
98.0	12.0	24.0	207.25	0.0	0.0	42.75	5.0	15.0	2.0	342.0	
99.0	11.0	23.0	207.25	1.0	1.0	42.75	5.0	12.0	3.0	342.0	
100.0	12.0	24.0	207.25	0.0	0.0	42.75	5.0	14.0	1.0	342.0	
=====================================================================================================================================================
after 49 commit, VM matrix is (VM #, resource allocated to each VM (vCPU, memory, storage), resource used in each VM (vCPU, memory, storage), which flavour, VM in which PM, and VM in which rack, # blocks stored (each block is 0.125))
=====================================================================================================================================================
1.0	1.0	2.0	16.5	0.0	0.0	3.5	1.0	11.0	3.0	28.0	
2.0	1.0	2.0	16.5	0.0	0.0	3.5	1.0	14.0	1.0	28.0	
3.0	1.0	2.0	16.5	0.0	0.0	3.5	1.0	6.0	4.0	28.0	
4.0	1.0	2.0	16.5	0.0	0.0	3.5	1.0	9.0	4.0	28.0	
5.0	1.0	2.0	16.5	0.0	0.0	3.5	1.0	15.0	2.0	28.0	
6.0	1.0	2.0	16.5	0.0	0.0	3.5	1.0	7.0	1.0	28.0	
7.0	1.0	2.0	16.5	0.0	0.0	3.5	1.0	11.0	1.0	28.0	
8.0	1.0	2.0	16.5	0.0	0.0	3.5	1.0	15.0	3.0	28.0	
9.0	1.0	2.0	16.5	0.0	0.0	3.5	1.0	15.0	5.0	28.0	
10.0	1.0	2.0	16.625	0.0	0.0	3.375	1.0	15.0	1.0	27.0	
11.0	1.0	2.0	16.625	0.0	0.0	3.375	1.0	4.0	4.0	27.0	
12.0	1.0	2.0	16.625	0.0	0.0	3.375	1.0	5.0	3.0	27.0	
13.0	1.0	2.0	16.625	0.0	0.0	3.375	1.0	3.0	1.0	27.0	
14.0	1.0	2.0	16.625	0.0	0.0	3.375	1.0	13.0	5.0	27.0	
15.0	1.0	2.0	16.625	0.0	0.0	3.375	1.0	11.0	1.0	27.0	
16.0	1.0	2.0	16.625	0.0	0.0	3.375	1.0	14.0	2.0	27.0	
17.0	1.0	2.0	16.625	0.0	0.0	3.375	1.0	11.0	4.0	27.0	
18.0	1.0	2.0	16.625	0.0	0.0	3.375	1.0	2.0	5.0	27.0	
19.0	1.0	2.0	16.625	0.0	0.0	3.375	1.0	13.0	4.0	27.0	
20.0	1.0	2.0	16.625	0.0	0.0	3.375	1.0	4.0	5.0	27.0	
21.0	2.0	4.0	32.875	0.0	0.0	7.125	2.0	9.0	1.0	57.0	
22.0	2.0	4.0	32.875	0.0	0.0	7.125	2.0	6.0	2.0	57.0	
23.0	2.0	4.0	32.875	0.0	0.0	7.125	2.0	7.0	3.0	57.0	
24.0	2.0	4.0	32.875	0.0	0.0	7.125	2.0	14.0	4.0	57.0	
25.0	2.0	4.0	32.875	0.0	0.0	7.125	2.0	12.0	2.0	57.0	
26.0	2.0	4.0	32.875	0.0	0.0	7.125	2.0	1.0	2.0	57.0	
27.0	2.0	4.0	32.875	0.0	0.0	7.125	2.0	13.0	4.0	57.0	
28.0	2.0	4.0	32.875	0.0	0.0	7.125	2.0	8.0	1.0	57.0	
29.0	0.0	2.0	32.875	2.0	2.0	7.125	2.0	2.0	5.0	57.0	
30.0	2.0	4.0	32.875	0.0	0.0	7.125	2.0	14.0	1.0	57.0	
31.0	2.0	4.0	32.875	0.0	0.0	7.125	2.0	8.0	1.0	57.0	
32.0	2.0	4.0	32.875	0.0	0.0	7.125	2.0	14.0	3.0	57.0	
33.0	2.0	4.0	32.875	0.0	0.0	7.125	2.0	14.0	1.0	57.0	
34.0	2.0	4.0	32.875	0.0	0.0	7.125	2.0	14.0	1.0	57.0	
35.0	2.0	4.0	32.875	0.0	0.0	7.125	2.0	10.0	5.0	57.0	
36.0	2.0	4.0	32.875	0.0	0.0	7.125	2.0	15.0	4.0	57.0	
37.0	2.0	4.0	32.875	0.0	0.0	7.125	2.0	5.0	2.0	57.0	
38.0	2.0	4.0	32.875	0.0	0.0	7.125	2.0	5.0	5.0	57.0	
39.0	2.0	4.0	32.875	0.0	0.0	7.125	2.0	14.0	2.0	57.0	
40.0	2.0	4.0	32.875	0.0	0.0	7.125	2.0	11.0	3.0	57.0	
41.0	4.0	8.0	65.75	0.0	0.0	14.25	3.0	15.0	4.0	114.0	
42.0	4.0	8.0	65.75	0.0	0.0	14.25	3.0	4.0	1.0	114.0	
43.0	4.0	8.0	65.75	0.0	0.0	14.25	3.0	13.0	1.0	114.0	
44.0	4.0	8.0	65.75	0.0	0.0	14.25	3.0	3.0	5.0	114.0	
45.0	2.0	5.5	65.75	2.0	2.5	14.25	3.0	5.0	4.0	114.0	
46.0	4.0	8.0	65.75	0.0	0.0	14.25	3.0	14.0	3.0	114.0	
47.0	2.0	6.0	65.75	2.0	2.0	14.25	3.0	15.0	5.0	114.0	
48.0	4.0	8.0	65.75	0.0	0.0	14.25	3.0	13.0	4.0	114.0	
49.0	4.0	8.0	65.75	0.0	0.0	14.25	3.0	12.0	1.0	114.0	
50.0	2.0	6.0	65.75	2.0	2.0	14.25	3.0	9.0	1.0	114.0	
51.0	4.0	8.0	65.75	0.0	0.0	14.25	3.0	2.0	3.0	114.0	
52.0	4.0	8.0	65.75	0.0	0.0	14.25	3.0	4.0	3.0	114.0	
53.0	2.0	5.5	65.75	2.0	2.5	14.25	3.0	12.0	3.0	114.0	
54.0	4.0	8.0	65.75	0.0	0.0	14.25	3.0	10.0	5.0	114.0	
55.0	4.0	8.0	65.875	0.0	0.0	14.125	3.0	6.0	4.0	113.0	
56.0	4.0	8.0	65.875	0.0	0.0	14.125	3.0	13.0	5.0	113.0	
57.0	4.0	8.0	65.875	0.0	0.0	14.125	3.0	14.0	3.0	113.0	
58.0	4.0	8.0	65.875	0.0	0.0	14.125	3.0	11.0	4.0	113.0	
59.0	2.0	6.0	65.875	2.0	2.0	14.125	3.0	9.0	4.0	113.0	
60.0	2.0	6.0	65.875	2.0	2.0	14.125	3.0	3.0	3.0	113.0	
61.0	8.0	16.0	131.5	0.0	0.0	28.5	4.0	12.0	4.0	228.0	
62.0	8.0	16.0	131.5	0.0	0.0	28.5	4.0	7.0	4.0	228.0	
63.0	6.0	14.0	131.5	2.0	2.0	28.5	4.0	15.0	1.0	228.0	
64.0	7.0	15.0	131.5	1.0	1.0	28.5	4.0	4.0	2.0	228.0	
65.0	6.0	13.5	131.5	2.0	2.5	28.5	4.0	11.0	2.0	228.0	
66.0	8.0	16.0	131.5	0.0	0.0	28.5	4.0	12.0	5.0	228.0	
67.0	8.0	16.0	131.5	0.0	0.0	28.5	4.0	3.0	3.0	228.0	
68.0	6.0	14.0	131.5	2.0	2.0	28.5	4.0	5.0	3.0	228.0	
69.0	8.0	16.0	131.625	0.0	0.0	28.375	4.0	12.0	2.0	227.0	
70.0	8.0	16.0	131.625	0.0	0.0	28.375	4.0	11.0	5.0	227.0	
71.0	8.0	16.0	131.625	0.0	0.0	28.375	4.0	11.0	3.0	227.0	
72.0	8.0	16.0	131.625	0.0	0.0	28.375	4.0	11.0	2.0	227.0	
73.0	4.0	11.5	131.625	4.0	4.5	28.375	4.0	13.0	3.0	227.0	
74.0	8.0	16.0	131.625	0.0	0.0	28.375	4.0	1.0	3.0	227.0	
75.0	6.0	14.0	131.625	2.0	2.0	28.375	4.0	8.0	5.0	227.0	
76.0	7.0	15.0	131.625	1.0	1.0	28.375	4.0	6.0	4.0	227.0	
77.0	6.0	14.0	131.625	2.0	2.0	28.375	4.0	8.0	2.0	227.0	
78.0	6.0	13.5	131.625	2.0	2.5	28.375	4.0	8.0	1.0	227.0	
79.0	4.0	11.5	131.625	4.0	4.5	28.375	4.0	7.0	3.0	227.0	
80.0	6.0	14.0	131.625	2.0	2.0	28.375	4.0	3.0	1.0	227.0	
81.0	12.0	24.0	207.125	0.0	0.0	42.875	5.0	3.0	4.0	343.0	
82.0	10.0	22.0	207.125	2.0	2.0	42.875	5.0	6.0	2.0	343.0	
83.0	10.0	22.0	207.125	2.0	2.0	42.875	5.0	5.0	1.0	343.0	
84.0	10.0	21.5	207.125	2.0	2.5	42.875	5.0	12.0	2.0	343.0	
85.0	10.0	22.0	207.125	2.0	2.0	42.875	5.0	3.0	5.0	343.0	
86.0	8.0	19.5	207.125	4.0	4.5	42.875	5.0	15.0	4.0	343.0	
87.0	12.0	24.0	207.125	0.0	0.0	42.875	5.0	5.0	5.0	343.0	
88.0	12.0	24.0	207.125	0.0	0.0	42.875	5.0	4.0	3.0	343.0	
89.0	12.0	24.0	207.125	0.0	0.0	42.875	5.0	14.0	2.0	343.0	
90.0	12.0	24.0	207.25	0.0	0.0	42.75	5.0	4.0	1.0	342.0	
91.0	12.0	24.0	207.25	0.0	0.0	42.75	5.0	9.0	5.0	342.0	
92.0	12.0	24.0	207.25	0.0	0.0	42.75	5.0	10.0	4.0	342.0	
93.0	11.0	23.0	207.25	1.0	1.0	42.75	5.0	4.0	5.0	342.0	
94.0	12.0	24.0	207.25	0.0	0.0	42.75	5.0	13.0	1.0	342.0	
95.0	10.0	22.0	207.25	2.0	2.0	42.75	5.0	8.0	5.0	342.0	
96.0	10.0	21.5	207.25	2.0	2.5	42.75	5.0	15.0	3.0	342.0	
97.0	8.0	19.5	207.25	4.0	4.5	42.75	5.0	9.0	3.0	342.0	
98.0	12.0	24.0	207.25	0.0	0.0	42.75	5.0	15.0	2.0	342.0	
99.0	11.0	23.0	207.25	1.0	1.0	42.75	5.0	12.0	3.0	342.0	
100.0	12.0	24.0	207.25	0.0	0.0	42.75	5.0	14.0	1.0	342.0	
=====================================================================================================================================================
after 50 commit, VM matrix is (VM #, resource allocated to each VM (vCPU, memory, storage), resource used in each VM (vCPU, memory, storage), which flavour, VM in which PM, and VM in which rack, # blocks stored (each block is 0.125))
=====================================================================================================================================================
1.0	1.0	2.0	16.5	0.0	0.0	3.5	1.0	11.0	3.0	28.0	
2.0	1.0	2.0	16.5	0.0	0.0	3.5	1.0	14.0	1.0	28.0	
3.0	1.0	2.0	16.5	0.0	0.0	3.5	1.0	6.0	4.0	28.0	
4.0	1.0	2.0	16.5	0.0	0.0	3.5	1.0	9.0	4.0	28.0	
5.0	1.0	2.0	16.5	0.0	0.0	3.5	1.0	15.0	2.0	28.0	
6.0	1.0	2.0	16.5	0.0	0.0	3.5	1.0	7.0	1.0	28.0	
7.0	1.0	2.0	16.5	0.0	0.0	3.5	1.0	11.0	1.0	28.0	
8.0	1.0	2.0	16.5	0.0	0.0	3.5	1.0	15.0	3.0	28.0	
9.0	1.0	2.0	16.5	0.0	0.0	3.5	1.0	15.0	5.0	28.0	
10.0	1.0	2.0	16.625	0.0	0.0	3.375	1.0	15.0	1.0	27.0	
11.0	1.0	2.0	16.625	0.0	0.0	3.375	1.0	4.0	4.0	27.0	
12.0	1.0	2.0	16.625	0.0	0.0	3.375	1.0	5.0	3.0	27.0	
13.0	1.0	2.0	16.625	0.0	0.0	3.375	1.0	3.0	1.0	27.0	
14.0	1.0	2.0	16.625	0.0	0.0	3.375	1.0	13.0	5.0	27.0	
15.0	1.0	2.0	16.625	0.0	0.0	3.375	1.0	11.0	1.0	27.0	
16.0	1.0	2.0	16.625	0.0	0.0	3.375	1.0	14.0	2.0	27.0	
17.0	1.0	2.0	16.625	0.0	0.0	3.375	1.0	11.0	4.0	27.0	
18.0	1.0	2.0	16.625	0.0	0.0	3.375	1.0	2.0	5.0	27.0	
19.0	1.0	2.0	16.625	0.0	0.0	3.375	1.0	13.0	4.0	27.0	
20.0	1.0	2.0	16.625	0.0	0.0	3.375	1.0	4.0	5.0	27.0	
21.0	2.0	4.0	32.875	0.0	0.0	7.125	2.0	9.0	1.0	57.0	
22.0	2.0	4.0	32.875	0.0	0.0	7.125	2.0	6.0	2.0	57.0	
23.0	2.0	4.0	32.875	0.0	0.0	7.125	2.0	7.0	3.0	57.0	
24.0	2.0	4.0	32.875	0.0	0.0	7.125	2.0	14.0	4.0	57.0	
25.0	2.0	4.0	32.875	0.0	0.0	7.125	2.0	12.0	2.0	57.0	
26.0	2.0	4.0	32.875	0.0	0.0	7.125	2.0	1.0	2.0	57.0	
27.0	2.0	4.0	32.875	0.0	0.0	7.125	2.0	13.0	4.0	57.0	
28.0	2.0	4.0	32.875	0.0	0.0	7.125	2.0	8.0	1.0	57.0	
29.0	0.0	2.0	32.875	2.0	2.0	7.125	2.0	2.0	5.0	57.0	
30.0	2.0	4.0	32.875	0.0	0.0	7.125	2.0	14.0	1.0	57.0	
31.0	2.0	4.0	32.875	0.0	0.0	7.125	2.0	8.0	1.0	57.0	
32.0	2.0	4.0	32.875	0.0	0.0	7.125	2.0	14.0	3.0	57.0	
33.0	2.0	4.0	32.875	0.0	0.0	7.125	2.0	14.0	1.0	57.0	
34.0	2.0	4.0	32.875	0.0	0.0	7.125	2.0	14.0	1.0	57.0	
35.0	2.0	4.0	32.875	0.0	0.0	7.125	2.0	10.0	5.0	57.0	
36.0	2.0	4.0	32.875	0.0	0.0	7.125	2.0	15.0	4.0	57.0	
37.0	2.0	4.0	32.875	0.0	0.0	7.125	2.0	5.0	2.0	57.0	
38.0	2.0	4.0	32.875	0.0	0.0	7.125	2.0	5.0	5.0	57.0	
39.0	2.0	4.0	32.875	0.0	0.0	7.125	2.0	14.0	2.0	57.0	
40.0	2.0	4.0	32.875	0.0	0.0	7.125	2.0	11.0	3.0	57.0	
41.0	4.0	8.0	65.75	0.0	0.0	14.25	3.0	15.0	4.0	114.0	
42.0	4.0	8.0	65.75	0.0	0.0	14.25	3.0	4.0	1.0	114.0	
43.0	4.0	8.0	65.75	0.0	0.0	14.25	3.0	13.0	1.0	114.0	
44.0	4.0	8.0	65.75	0.0	0.0	14.25	3.0	3.0	5.0	114.0	
45.0	2.0	5.5	65.75	2.0	2.5	14.25	3.0	5.0	4.0	114.0	
46.0	4.0	8.0	65.75	0.0	0.0	14.25	3.0	14.0	3.0	114.0	
47.0	2.0	6.0	65.75	2.0	2.0	14.25	3.0	15.0	5.0	114.0	
48.0	4.0	8.0	65.75	0.0	0.0	14.25	3.0	13.0	4.0	114.0	
49.0	4.0	8.0	65.75	0.0	0.0	14.25	3.0	12.0	1.0	114.0	
50.0	2.0	6.0	65.75	2.0	2.0	14.25	3.0	9.0	1.0	114.0	
51.0	4.0	8.0	65.75	0.0	0.0	14.25	3.0	2.0	3.0	114.0	
52.0	4.0	8.0	65.75	0.0	0.0	14.25	3.0	4.0	3.0	114.0	
53.0	2.0	5.5	65.75	2.0	2.5	14.25	3.0	12.0	3.0	114.0	
54.0	4.0	8.0	65.75	0.0	0.0	14.25	3.0	10.0	5.0	114.0	
55.0	4.0	8.0	65.875	0.0	0.0	14.125	3.0	6.0	4.0	113.0	
56.0	4.0	8.0	65.875	0.0	0.0	14.125	3.0	13.0	5.0	113.0	
57.0	4.0	8.0	65.875	0.0	0.0	14.125	3.0	14.0	3.0	113.0	
58.0	4.0	8.0	65.875	0.0	0.0	14.125	3.0	11.0	4.0	113.0	
59.0	2.0	6.0	65.875	2.0	2.0	14.125	3.0	9.0	4.0	113.0	
60.0	2.0	6.0	65.875	2.0	2.0	14.125	3.0	3.0	3.0	113.0	
61.0	8.0	16.0	131.5	0.0	0.0	28.5	4.0	12.0	4.0	228.0	
62.0	8.0	16.0	131.5	0.0	0.0	28.5	4.0	7.0	4.0	228.0	
63.0	6.0	14.0	131.5	2.0	2.0	28.5	4.0	15.0	1.0	228.0	
64.0	7.0	15.0	131.5	1.0	1.0	28.5	4.0	4.0	2.0	228.0	
65.0	6.0	13.5	131.5	2.0	2.5	28.5	4.0	11.0	2.0	228.0	
66.0	8.0	16.0	131.5	0.0	0.0	28.5	4.0	12.0	5.0	228.0	
67.0	8.0	16.0	131.5	0.0	0.0	28.5	4.0	3.0	3.0	228.0	
68.0	6.0	14.0	131.5	2.0	2.0	28.5	4.0	5.0	3.0	228.0	
69.0	8.0	16.0	131.625	0.0	0.0	28.375	4.0	12.0	2.0	227.0	
70.0	8.0	16.0	131.625	0.0	0.0	28.375	4.0	11.0	5.0	227.0	
71.0	8.0	16.0	131.625	0.0	0.0	28.375	4.0	11.0	3.0	227.0	
72.0	8.0	16.0	131.625	0.0	0.0	28.375	4.0	11.0	2.0	227.0	
73.0	4.0	11.5	131.625	4.0	4.5	28.375	4.0	13.0	3.0	227.0	
74.0	8.0	16.0	131.625	0.0	0.0	28.375	4.0	1.0	3.0	227.0	
75.0	6.0	14.0	131.625	2.0	2.0	28.375	4.0	8.0	5.0	227.0	
76.0	7.0	15.0	131.625	1.0	1.0	28.375	4.0	6.0	4.0	227.0	
77.0	6.0	14.0	131.625	2.0	2.0	28.375	4.0	8.0	2.0	227.0	
78.0	6.0	13.5	131.625	2.0	2.5	28.375	4.0	8.0	1.0	227.0	
79.0	4.0	11.5	131.625	4.0	4.5	28.375	4.0	7.0	3.0	227.0	
80.0	6.0	14.0	131.625	2.0	2.0	28.375	4.0	3.0	1.0	227.0	
81.0	12.0	24.0	207.125	0.0	0.0	42.875	5.0	3.0	4.0	343.0	
82.0	10.0	22.0	207.125	2.0	2.0	42.875	5.0	6.0	2.0	343.0	
83.0	10.0	22.0	207.125	2.0	2.0	42.875	5.0	5.0	1.0	343.0	
84.0	10.0	21.5	207.125	2.0	2.5	42.875	5.0	12.0	2.0	343.0	
85.0	10.0	22.0	207.125	2.0	2.0	42.875	5.0	3.0	5.0	343.0	
86.0	8.0	19.5	207.125	4.0	4.5	42.875	5.0	15.0	4.0	343.0	
87.0	12.0	24.0	207.125	0.0	0.0	42.875	5.0	5.0	5.0	343.0	
88.0	12.0	24.0	207.125	0.0	0.0	42.875	5.0	4.0	3.0	343.0	
89.0	12.0	24.0	207.125	0.0	0.0	42.875	5.0	14.0	2.0	343.0	
90.0	12.0	24.0	207.25	0.0	0.0	42.75	5.0	4.0	1.0	342.0	
91.0	12.0	24.0	207.25	0.0	0.0	42.75	5.0	9.0	5.0	342.0	
92.0	12.0	24.0	207.25	0.0	0.0	42.75	5.0	10.0	4.0	342.0	
93.0	11.0	23.0	207.25	1.0	1.0	42.75	5.0	4.0	5.0	342.0	
94.0	12.0	24.0	207.25	0.0	0.0	42.75	5.0	13.0	1.0	342.0	
95.0	10.0	22.0	207.25	2.0	2.0	42.75	5.0	8.0	5.0	342.0	
96.0	10.0	21.5	207.25	2.0	2.5	42.75	5.0	15.0	3.0	342.0	
97.0	8.0	19.5	207.25	4.0	4.5	42.75	5.0	9.0	3.0	342.0	
98.0	12.0	24.0	207.25	0.0	0.0	42.75	5.0	15.0	2.0	342.0	
99.0	11.0	23.0	207.25	1.0	1.0	42.75	5.0	12.0	3.0	342.0	
100.0	12.0	24.0	207.25	0.0	0.0	42.75	5.0	14.0	1.0	342.0	
=====================================================================================================================================================
after 51 commit, VM matrix is (VM #, resource allocated to each VM (vCPU, memory, storage), resource used in each VM (vCPU, memory, storage), which flavour, VM in which PM, and VM in which rack, # blocks stored (each block is 0.125))
=====================================================================================================================================================
1.0	1.0	2.0	16.5	0.0	0.0	3.5	1.0	11.0	3.0	28.0	
2.0	1.0	2.0	16.5	0.0	0.0	3.5	1.0	14.0	1.0	28.0	
3.0	1.0	2.0	16.5	0.0	0.0	3.5	1.0	6.0	4.0	28.0	
4.0	1.0	2.0	16.5	0.0	0.0	3.5	1.0	9.0	4.0	28.0	
5.0	1.0	2.0	16.5	0.0	0.0	3.5	1.0	15.0	2.0	28.0	
6.0	1.0	2.0	16.5	0.0	0.0	3.5	1.0	7.0	1.0	28.0	
7.0	1.0	2.0	16.5	0.0	0.0	3.5	1.0	11.0	1.0	28.0	
8.0	1.0	2.0	16.5	0.0	0.0	3.5	1.0	15.0	3.0	28.0	
9.0	1.0	2.0	16.5	0.0	0.0	3.5	1.0	15.0	5.0	28.0	
10.0	1.0	2.0	16.625	0.0	0.0	3.375	1.0	15.0	1.0	27.0	
11.0	1.0	2.0	16.625	0.0	0.0	3.375	1.0	4.0	4.0	27.0	
12.0	1.0	2.0	16.625	0.0	0.0	3.375	1.0	5.0	3.0	27.0	
13.0	1.0	2.0	16.625	0.0	0.0	3.375	1.0	3.0	1.0	27.0	
14.0	1.0	2.0	16.625	0.0	0.0	3.375	1.0	13.0	5.0	27.0	
15.0	1.0	2.0	16.625	0.0	0.0	3.375	1.0	11.0	1.0	27.0	
16.0	1.0	2.0	16.625	0.0	0.0	3.375	1.0	14.0	2.0	27.0	
17.0	1.0	2.0	16.625	0.0	0.0	3.375	1.0	11.0	4.0	27.0	
18.0	1.0	2.0	16.625	0.0	0.0	3.375	1.0	2.0	5.0	27.0	
19.0	1.0	2.0	16.625	0.0	0.0	3.375	1.0	13.0	4.0	27.0	
20.0	1.0	2.0	16.625	0.0	0.0	3.375	1.0	4.0	5.0	27.0	
21.0	2.0	4.0	32.875	0.0	0.0	7.125	2.0	9.0	1.0	57.0	
22.0	2.0	4.0	32.875	0.0	0.0	7.125	2.0	6.0	2.0	57.0	
23.0	2.0	4.0	32.875	0.0	0.0	7.125	2.0	7.0	3.0	57.0	
24.0	2.0	4.0	32.875	0.0	0.0	7.125	2.0	14.0	4.0	57.0	
25.0	2.0	4.0	32.875	0.0	0.0	7.125	2.0	12.0	2.0	57.0	
26.0	2.0	4.0	32.875	0.0	0.0	7.125	2.0	1.0	2.0	57.0	
27.0	2.0	4.0	32.875	0.0	0.0	7.125	2.0	13.0	4.0	57.0	
28.0	2.0	4.0	32.875	0.0	0.0	7.125	2.0	8.0	1.0	57.0	
29.0	0.0	2.0	32.875	2.0	2.0	7.125	2.0	2.0	5.0	57.0	
30.0	2.0	4.0	32.875	0.0	0.0	7.125	2.0	14.0	1.0	57.0	
31.0	2.0	4.0	32.875	0.0	0.0	7.125	2.0	8.0	1.0	57.0	
32.0	2.0	4.0	32.875	0.0	0.0	7.125	2.0	14.0	3.0	57.0	
33.0	2.0	4.0	32.875	0.0	0.0	7.125	2.0	14.0	1.0	57.0	
34.0	2.0	4.0	32.875	0.0	0.0	7.125	2.0	14.0	1.0	57.0	
35.0	2.0	4.0	32.875	0.0	0.0	7.125	2.0	10.0	5.0	57.0	
36.0	2.0	4.0	32.875	0.0	0.0	7.125	2.0	15.0	4.0	57.0	
37.0	2.0	4.0	32.875	0.0	0.0	7.125	2.0	5.0	2.0	57.0	
38.0	2.0	4.0	32.875	0.0	0.0	7.125	2.0	5.0	5.0	57.0	
39.0	2.0	4.0	32.875	0.0	0.0	7.125	2.0	14.0	2.0	57.0	
40.0	2.0	4.0	32.875	0.0	0.0	7.125	2.0	11.0	3.0	57.0	
41.0	4.0	8.0	65.75	0.0	0.0	14.25	3.0	15.0	4.0	114.0	
42.0	4.0	8.0	65.75	0.0	0.0	14.25	3.0	4.0	1.0	114.0	
43.0	4.0	8.0	65.75	0.0	0.0	14.25	3.0	13.0	1.0	114.0	
44.0	4.0	8.0	65.75	0.0	0.0	14.25	3.0	3.0	5.0	114.0	
45.0	2.0	5.5	65.75	2.0	2.5	14.25	3.0	5.0	4.0	114.0	
46.0	4.0	8.0	65.75	0.0	0.0	14.25	3.0	14.0	3.0	114.0	
47.0	2.0	6.0	65.75	2.0	2.0	14.25	3.0	15.0	5.0	114.0	
48.0	4.0	8.0	65.75	0.0	0.0	14.25	3.0	13.0	4.0	114.0	
49.0	4.0	8.0	65.75	0.0	0.0	14.25	3.0	12.0	1.0	114.0	
50.0	2.0	6.0	65.75	2.0	2.0	14.25	3.0	9.0	1.0	114.0	
51.0	4.0	8.0	65.75	0.0	0.0	14.25	3.0	2.0	3.0	114.0	
52.0	4.0	8.0	65.75	0.0	0.0	14.25	3.0	4.0	3.0	114.0	
53.0	2.0	5.5	65.75	2.0	2.5	14.25	3.0	12.0	3.0	114.0	
54.0	4.0	8.0	65.75	0.0	0.0	14.25	3.0	10.0	5.0	114.0	
55.0	4.0	8.0	65.875	0.0	0.0	14.125	3.0	6.0	4.0	113.0	
56.0	4.0	8.0	65.875	0.0	0.0	14.125	3.0	13.0	5.0	113.0	
57.0	4.0	8.0	65.875	0.0	0.0	14.125	3.0	14.0	3.0	113.0	
58.0	4.0	8.0	65.875	0.0	0.0	14.125	3.0	11.0	4.0	113.0	
59.0	2.0	6.0	65.875	2.0	2.0	14.125	3.0	9.0	4.0	113.0	
60.0	2.0	6.0	65.875	2.0	2.0	14.125	3.0	3.0	3.0	113.0	
61.0	8.0	16.0	131.5	0.0	0.0	28.5	4.0	12.0	4.0	228.0	
62.0	8.0	16.0	131.5	0.0	0.0	28.5	4.0	7.0	4.0	228.0	
63.0	6.0	14.0	131.5	2.0	2.0	28.5	4.0	15.0	1.0	228.0	
64.0	7.0	15.0	131.5	1.0	1.0	28.5	4.0	4.0	2.0	228.0	
65.0	6.0	13.5	131.5	2.0	2.5	28.5	4.0	11.0	2.0	228.0	
66.0	8.0	16.0	131.5	0.0	0.0	28.5	4.0	12.0	5.0	228.0	
67.0	8.0	16.0	131.5	0.0	0.0	28.5	4.0	3.0	3.0	228.0	
68.0	6.0	14.0	131.5	2.0	2.0	28.5	4.0	5.0	3.0	228.0	
69.0	8.0	16.0	131.625	0.0	0.0	28.375	4.0	12.0	2.0	227.0	
70.0	8.0	16.0	131.625	0.0	0.0	28.375	4.0	11.0	5.0	227.0	
71.0	8.0	16.0	131.625	0.0	0.0	28.375	4.0	11.0	3.0	227.0	
72.0	8.0	16.0	131.625	0.0	0.0	28.375	4.0	11.0	2.0	227.0	
73.0	4.0	11.5	131.625	4.0	4.5	28.375	4.0	13.0	3.0	227.0	
74.0	8.0	16.0	131.625	0.0	0.0	28.375	4.0	1.0	3.0	227.0	
75.0	6.0	14.0	131.625	2.0	2.0	28.375	4.0	8.0	5.0	227.0	
76.0	7.0	15.0	131.625	1.0	1.0	28.375	4.0	6.0	4.0	227.0	
77.0	6.0	14.0	131.625	2.0	2.0	28.375	4.0	8.0	2.0	227.0	
78.0	6.0	13.5	131.625	2.0	2.5	28.375	4.0	8.0	1.0	227.0	
79.0	4.0	11.5	131.625	4.0	4.5	28.375	4.0	7.0	3.0	227.0	
80.0	6.0	14.0	131.625	2.0	2.0	28.375	4.0	3.0	1.0	227.0	
81.0	12.0	24.0	207.125	0.0	0.0	42.875	5.0	3.0	4.0	343.0	
82.0	10.0	22.0	207.125	2.0	2.0	42.875	5.0	6.0	2.0	343.0	
83.0	10.0	22.0	207.125	2.0	2.0	42.875	5.0	5.0	1.0	343.0	
84.0	10.0	21.5	207.125	2.0	2.5	42.875	5.0	12.0	2.0	343.0	
85.0	10.0	22.0	207.125	2.0	2.0	42.875	5.0	3.0	5.0	343.0	
86.0	8.0	19.5	207.125	4.0	4.5	42.875	5.0	15.0	4.0	343.0	
87.0	12.0	24.0	207.125	0.0	0.0	42.875	5.0	5.0	5.0	343.0	
88.0	12.0	24.0	207.125	0.0	0.0	42.875	5.0	4.0	3.0	343.0	
89.0	12.0	24.0	207.125	0.0	0.0	42.875	5.0	14.0	2.0	343.0	
90.0	12.0	24.0	207.25	0.0	0.0	42.75	5.0	4.0	1.0	342.0	
91.0	12.0	24.0	207.25	0.0	0.0	42.75	5.0	9.0	5.0	342.0	
92.0	12.0	24.0	207.25	0.0	0.0	42.75	5.0	10.0	4.0	342.0	
93.0	11.0	23.0	207.25	1.0	1.0	42.75	5.0	4.0	5.0	342.0	
94.0	12.0	24.0	207.25	0.0	0.0	42.75	5.0	13.0	1.0	342.0	
95.0	10.0	22.0	207.25	2.0	2.0	42.75	5.0	8.0	5.0	342.0	
96.0	10.0	21.5	207.25	2.0	2.5	42.75	5.0	15.0	3.0	342.0	
97.0	8.0	19.5	207.25	4.0	4.5	42.75	5.0	9.0	3.0	342.0	
98.0	12.0	24.0	207.25	0.0	0.0	42.75	5.0	15.0	2.0	342.0	
99.0	11.0	23.0	207.25	1.0	1.0	42.75	5.0	12.0	3.0	342.0	
100.0	12.0	24.0	207.25	0.0	0.0	42.75	5.0	14.0	1.0	342.0	
=====================================================================================================================================================
after 52 commit, VM matrix is (VM #, resource allocated to each VM (vCPU, memory, storage), resource used in each VM (vCPU, memory, storage), which flavour, VM in which PM, and VM in which rack, # blocks stored (each block is 0.125))
=====================================================================================================================================================
1.0	1.0	2.0	16.5	0.0	0.0	3.5	1.0	11.0	3.0	28.0	
2.0	1.0	2.0	16.5	0.0	0.0	3.5	1.0	14.0	1.0	28.0	
3.0	1.0	2.0	16.5	0.0	0.0	3.5	1.0	6.0	4.0	28.0	
4.0	1.0	2.0	16.5	0.0	0.0	3.5	1.0	9.0	4.0	28.0	
5.0	1.0	2.0	16.5	0.0	0.0	3.5	1.0	15.0	2.0	28.0	
6.0	1.0	2.0	16.5	0.0	0.0	3.5	1.0	7.0	1.0	28.0	
7.0	1.0	2.0	16.5	0.0	0.0	3.5	1.0	11.0	1.0	28.0	
8.0	1.0	2.0	16.5	0.0	0.0	3.5	1.0	15.0	3.0	28.0	
9.0	1.0	2.0	16.5	0.0	0.0	3.5	1.0	15.0	5.0	28.0	
10.0	1.0	2.0	16.625	0.0	0.0	3.375	1.0	15.0	1.0	27.0	
11.0	1.0	2.0	16.625	0.0	0.0	3.375	1.0	4.0	4.0	27.0	
12.0	1.0	2.0	16.625	0.0	0.0	3.375	1.0	5.0	3.0	27.0	
13.0	1.0	2.0	16.625	0.0	0.0	3.375	1.0	3.0	1.0	27.0	
14.0	1.0	2.0	16.625	0.0	0.0	3.375	1.0	13.0	5.0	27.0	
15.0	1.0	2.0	16.625	0.0	0.0	3.375	1.0	11.0	1.0	27.0	
16.0	1.0	2.0	16.625	0.0	0.0	3.375	1.0	14.0	2.0	27.0	
17.0	1.0	2.0	16.625	0.0	0.0	3.375	1.0	11.0	4.0	27.0	
18.0	1.0	2.0	16.625	0.0	0.0	3.375	1.0	2.0	5.0	27.0	
19.0	1.0	2.0	16.625	0.0	0.0	3.375	1.0	13.0	4.0	27.0	
20.0	1.0	2.0	16.625	0.0	0.0	3.375	1.0	4.0	5.0	27.0	
21.0	2.0	4.0	32.875	0.0	0.0	7.125	2.0	9.0	1.0	57.0	
22.0	2.0	4.0	32.875	0.0	0.0	7.125	2.0	6.0	2.0	57.0	
23.0	2.0	4.0	32.875	0.0	0.0	7.125	2.0	7.0	3.0	57.0	
24.0	2.0	4.0	32.875	0.0	0.0	7.125	2.0	14.0	4.0	57.0	
25.0	2.0	4.0	32.875	0.0	0.0	7.125	2.0	12.0	2.0	57.0	
26.0	2.0	4.0	32.875	0.0	0.0	7.125	2.0	1.0	2.0	57.0	
27.0	2.0	4.0	32.875	0.0	0.0	7.125	2.0	13.0	4.0	57.0	
28.0	2.0	4.0	32.875	0.0	0.0	7.125	2.0	8.0	1.0	57.0	
29.0	0.0	2.0	32.875	2.0	2.0	7.125	2.0	2.0	5.0	57.0	
30.0	2.0	4.0	32.875	0.0	0.0	7.125	2.0	14.0	1.0	57.0	
31.0	2.0	4.0	32.875	0.0	0.0	7.125	2.0	8.0	1.0	57.0	
32.0	2.0	4.0	32.875	0.0	0.0	7.125	2.0	14.0	3.0	57.0	
33.0	2.0	4.0	32.875	0.0	0.0	7.125	2.0	14.0	1.0	57.0	
34.0	2.0	4.0	32.875	0.0	0.0	7.125	2.0	14.0	1.0	57.0	
35.0	2.0	4.0	32.875	0.0	0.0	7.125	2.0	10.0	5.0	57.0	
36.0	2.0	4.0	32.875	0.0	0.0	7.125	2.0	15.0	4.0	57.0	
37.0	2.0	4.0	32.875	0.0	0.0	7.125	2.0	5.0	2.0	57.0	
38.0	2.0	4.0	32.875	0.0	0.0	7.125	2.0	5.0	5.0	57.0	
39.0	2.0	4.0	32.875	0.0	0.0	7.125	2.0	14.0	2.0	57.0	
40.0	2.0	4.0	32.875	0.0	0.0	7.125	2.0	11.0	3.0	57.0	
41.0	4.0	8.0	65.75	0.0	0.0	14.25	3.0	15.0	4.0	114.0	
42.0	4.0	8.0	65.75	0.0	0.0	14.25	3.0	4.0	1.0	114.0	
43.0	4.0	8.0	65.75	0.0	0.0	14.25	3.0	13.0	1.0	114.0	
44.0	4.0	8.0	65.75	0.0	0.0	14.25	3.0	3.0	5.0	114.0	
45.0	2.0	5.5	65.75	2.0	2.5	14.25	3.0	5.0	4.0	114.0	
46.0	4.0	8.0	65.75	0.0	0.0	14.25	3.0	14.0	3.0	114.0	
47.0	2.0	6.0	65.75	2.0	2.0	14.25	3.0	15.0	5.0	114.0	
48.0	4.0	8.0	65.75	0.0	0.0	14.25	3.0	13.0	4.0	114.0	
49.0	4.0	8.0	65.75	0.0	0.0	14.25	3.0	12.0	1.0	114.0	
50.0	2.0	6.0	65.75	2.0	2.0	14.25	3.0	9.0	1.0	114.0	
51.0	4.0	8.0	65.75	0.0	0.0	14.25	3.0	2.0	3.0	114.0	
52.0	4.0	8.0	65.75	0.0	0.0	14.25	3.0	4.0	3.0	114.0	
53.0	2.0	5.5	65.75	2.0	2.5	14.25	3.0	12.0	3.0	114.0	
54.0	4.0	8.0	65.75	0.0	0.0	14.25	3.0	10.0	5.0	114.0	
55.0	4.0	8.0	65.875	0.0	0.0	14.125	3.0	6.0	4.0	113.0	
56.0	4.0	8.0	65.875	0.0	0.0	14.125	3.0	13.0	5.0	113.0	
57.0	4.0	8.0	65.875	0.0	0.0	14.125	3.0	14.0	3.0	113.0	
58.0	4.0	8.0	65.875	0.0	0.0	14.125	3.0	11.0	4.0	113.0	
59.0	2.0	6.0	65.875	2.0	2.0	14.125	3.0	9.0	4.0	113.0	
60.0	2.0	6.0	65.875	2.0	2.0	14.125	3.0	3.0	3.0	113.0	
61.0	8.0	16.0	131.5	0.0	0.0	28.5	4.0	12.0	4.0	228.0	
62.0	8.0	16.0	131.5	0.0	0.0	28.5	4.0	7.0	4.0	228.0	
63.0	6.0	14.0	131.5	2.0	2.0	28.5	4.0	15.0	1.0	228.0	
64.0	7.0	15.0	131.5	1.0	1.0	28.5	4.0	4.0	2.0	228.0	
65.0	6.0	13.5	131.5	2.0	2.5	28.5	4.0	11.0	2.0	228.0	
66.0	8.0	16.0	131.5	0.0	0.0	28.5	4.0	12.0	5.0	228.0	
67.0	8.0	16.0	131.5	0.0	0.0	28.5	4.0	3.0	3.0	228.0	
68.0	6.0	14.0	131.5	2.0	2.0	28.5	4.0	5.0	3.0	228.0	
69.0	8.0	16.0	131.625	0.0	0.0	28.375	4.0	12.0	2.0	227.0	
70.0	8.0	16.0	131.625	0.0	0.0	28.375	4.0	11.0	5.0	227.0	
71.0	8.0	16.0	131.625	0.0	0.0	28.375	4.0	11.0	3.0	227.0	
72.0	8.0	16.0	131.625	0.0	0.0	28.375	4.0	11.0	2.0	227.0	
73.0	4.0	11.5	131.625	4.0	4.5	28.375	4.0	13.0	3.0	227.0	
74.0	8.0	16.0	131.625	0.0	0.0	28.375	4.0	1.0	3.0	227.0	
75.0	6.0	14.0	131.625	2.0	2.0	28.375	4.0	8.0	5.0	227.0	
76.0	7.0	15.0	131.625	1.0	1.0	28.375	4.0	6.0	4.0	227.0	
77.0	6.0	14.0	131.625	2.0	2.0	28.375	4.0	8.0	2.0	227.0	
78.0	6.0	13.5	131.625	2.0	2.5	28.375	4.0	8.0	1.0	227.0	
79.0	4.0	11.5	131.625	4.0	4.5	28.375	4.0	7.0	3.0	227.0	
80.0	6.0	14.0	131.625	2.0	2.0	28.375	4.0	3.0	1.0	227.0	
81.0	12.0	24.0	207.125	0.0	0.0	42.875	5.0	3.0	4.0	343.0	
82.0	10.0	22.0	207.125	2.0	2.0	42.875	5.0	6.0	2.0	343.0	
83.0	10.0	22.0	207.125	2.0	2.0	42.875	5.0	5.0	1.0	343.0	
84.0	10.0	21.5	207.125	2.0	2.5	42.875	5.0	12.0	2.0	343.0	
85.0	10.0	22.0	207.125	2.0	2.0	42.875	5.0	3.0	5.0	343.0	
86.0	8.0	19.5	207.125	4.0	4.5	42.875	5.0	15.0	4.0	343.0	
87.0	12.0	24.0	207.125	0.0	0.0	42.875	5.0	5.0	5.0	343.0	
88.0	12.0	24.0	207.125	0.0	0.0	42.875	5.0	4.0	3.0	343.0	
89.0	12.0	24.0	207.125	0.0	0.0	42.875	5.0	14.0	2.0	343.0	
90.0	12.0	24.0	207.25	0.0	0.0	42.75	5.0	4.0	1.0	342.0	
91.0	12.0	24.0	207.25	0.0	0.0	42.75	5.0	9.0	5.0	342.0	
92.0	12.0	24.0	207.25	0.0	0.0	42.75	5.0	10.0	4.0	342.0	
93.0	11.0	23.0	207.25	1.0	1.0	42.75	5.0	4.0	5.0	342.0	
94.0	12.0	24.0	207.25	0.0	0.0	42.75	5.0	13.0	1.0	342.0	
95.0	10.0	22.0	207.25	2.0	2.0	42.75	5.0	8.0	5.0	342.0	
96.0	10.0	21.5	207.25	2.0	2.5	42.75	5.0	15.0	3.0	342.0	
97.0	8.0	19.5	207.25	4.0	4.5	42.75	5.0	9.0	3.0	342.0	
98.0	12.0	24.0	207.25	0.0	0.0	42.75	5.0	15.0	2.0	342.0	
99.0	11.0	23.0	207.25	1.0	1.0	42.75	5.0	12.0	3.0	342.0	
100.0	12.0	24.0	207.25	0.0	0.0	42.75	5.0	14.0	1.0	342.0	
=====================================================================================================================================================
after 53 commit, VM matrix is (VM #, resource allocated to each VM (vCPU, memory, storage), resource used in each VM (vCPU, memory, storage), which flavour, VM in which PM, and VM in which rack, # blocks stored (each block is 0.125))
=====================================================================================================================================================
1.0	1.0	2.0	16.5	0.0	0.0	3.5	1.0	11.0	3.0	28.0	
2.0	1.0	2.0	16.5	0.0	0.0	3.5	1.0	14.0	1.0	28.0	
3.0	1.0	2.0	16.5	0.0	0.0	3.5	1.0	6.0	4.0	28.0	
4.0	1.0	2.0	16.5	0.0	0.0	3.5	1.0	9.0	4.0	28.0	
5.0	1.0	2.0	16.5	0.0	0.0	3.5	1.0	15.0	2.0	28.0	
6.0	1.0	2.0	16.5	0.0	0.0	3.5	1.0	7.0	1.0	28.0	
7.0	1.0	2.0	16.5	0.0	0.0	3.5	1.0	11.0	1.0	28.0	
8.0	1.0	2.0	16.5	0.0	0.0	3.5	1.0	15.0	3.0	28.0	
9.0	1.0	2.0	16.5	0.0	0.0	3.5	1.0	15.0	5.0	28.0	
10.0	1.0	2.0	16.625	0.0	0.0	3.375	1.0	15.0	1.0	27.0	
11.0	1.0	2.0	16.625	0.0	0.0	3.375	1.0	4.0	4.0	27.0	
12.0	1.0	2.0	16.625	0.0	0.0	3.375	1.0	5.0	3.0	27.0	
13.0	1.0	2.0	16.625	0.0	0.0	3.375	1.0	3.0	1.0	27.0	
14.0	1.0	2.0	16.625	0.0	0.0	3.375	1.0	13.0	5.0	27.0	
15.0	1.0	2.0	16.625	0.0	0.0	3.375	1.0	11.0	1.0	27.0	
16.0	1.0	2.0	16.625	0.0	0.0	3.375	1.0	14.0	2.0	27.0	
17.0	1.0	2.0	16.625	0.0	0.0	3.375	1.0	11.0	4.0	27.0	
18.0	1.0	2.0	16.625	0.0	0.0	3.375	1.0	2.0	5.0	27.0	
19.0	1.0	2.0	16.625	0.0	0.0	3.375	1.0	13.0	4.0	27.0	
20.0	1.0	2.0	16.625	0.0	0.0	3.375	1.0	4.0	5.0	27.0	
21.0	2.0	4.0	32.875	0.0	0.0	7.125	2.0	9.0	1.0	57.0	
22.0	2.0	4.0	32.875	0.0	0.0	7.125	2.0	6.0	2.0	57.0	
23.0	2.0	4.0	32.875	0.0	0.0	7.125	2.0	7.0	3.0	57.0	
24.0	2.0	4.0	32.875	0.0	0.0	7.125	2.0	14.0	4.0	57.0	
25.0	2.0	4.0	32.875	0.0	0.0	7.125	2.0	12.0	2.0	57.0	
26.0	2.0	4.0	32.875	0.0	0.0	7.125	2.0	1.0	2.0	57.0	
27.0	2.0	4.0	32.875	0.0	0.0	7.125	2.0	13.0	4.0	57.0	
28.0	2.0	4.0	32.875	0.0	0.0	7.125	2.0	8.0	1.0	57.0	
29.0	0.0	2.0	32.875	2.0	2.0	7.125	2.0	2.0	5.0	57.0	
30.0	2.0	4.0	32.875	0.0	0.0	7.125	2.0	14.0	1.0	57.0	
31.0	2.0	4.0	32.875	0.0	0.0	7.125	2.0	8.0	1.0	57.0	
32.0	2.0	4.0	32.875	0.0	0.0	7.125	2.0	14.0	3.0	57.0	
33.0	2.0	4.0	32.875	0.0	0.0	7.125	2.0	14.0	1.0	57.0	
34.0	2.0	4.0	32.875	0.0	0.0	7.125	2.0	14.0	1.0	57.0	
35.0	2.0	4.0	32.875	0.0	0.0	7.125	2.0	10.0	5.0	57.0	
36.0	2.0	4.0	32.875	0.0	0.0	7.125	2.0	15.0	4.0	57.0	
37.0	2.0	4.0	32.875	0.0	0.0	7.125	2.0	5.0	2.0	57.0	
38.0	2.0	4.0	32.875	0.0	0.0	7.125	2.0	5.0	5.0	57.0	
39.0	2.0	4.0	32.875	0.0	0.0	7.125	2.0	14.0	2.0	57.0	
40.0	2.0	4.0	32.875	0.0	0.0	7.125	2.0	11.0	3.0	57.0	
41.0	4.0	8.0	65.75	0.0	0.0	14.25	3.0	15.0	4.0	114.0	
42.0	4.0	8.0	65.75	0.0	0.0	14.25	3.0	4.0	1.0	114.0	
43.0	4.0	8.0	65.75	0.0	0.0	14.25	3.0	13.0	1.0	114.0	
44.0	4.0	8.0	65.75	0.0	0.0	14.25	3.0	3.0	5.0	114.0	
45.0	2.0	5.5	65.75	2.0	2.5	14.25	3.0	5.0	4.0	114.0	
46.0	4.0	8.0	65.75	0.0	0.0	14.25	3.0	14.0	3.0	114.0	
47.0	2.0	6.0	65.75	2.0	2.0	14.25	3.0	15.0	5.0	114.0	
48.0	4.0	8.0	65.75	0.0	0.0	14.25	3.0	13.0	4.0	114.0	
49.0	4.0	8.0	65.75	0.0	0.0	14.25	3.0	12.0	1.0	114.0	
50.0	2.0	6.0	65.75	2.0	2.0	14.25	3.0	9.0	1.0	114.0	
51.0	4.0	8.0	65.75	0.0	0.0	14.25	3.0	2.0	3.0	114.0	
52.0	4.0	8.0	65.75	0.0	0.0	14.25	3.0	4.0	3.0	114.0	
53.0	2.0	5.5	65.75	2.0	2.5	14.25	3.0	12.0	3.0	114.0	
54.0	4.0	8.0	65.75	0.0	0.0	14.25	3.0	10.0	5.0	114.0	
55.0	4.0	8.0	65.875	0.0	0.0	14.125	3.0	6.0	4.0	113.0	
56.0	4.0	8.0	65.875	0.0	0.0	14.125	3.0	13.0	5.0	113.0	
57.0	4.0	8.0	65.875	0.0	0.0	14.125	3.0	14.0	3.0	113.0	
58.0	4.0	8.0	65.875	0.0	0.0	14.125	3.0	11.0	4.0	113.0	
59.0	2.0	6.0	65.875	2.0	2.0	14.125	3.0	9.0	4.0	113.0	
60.0	2.0	6.0	65.875	2.0	2.0	14.125	3.0	3.0	3.0	113.0	
61.0	8.0	16.0	131.5	0.0	0.0	28.5	4.0	12.0	4.0	228.0	
62.0	8.0	16.0	131.5	0.0	0.0	28.5	4.0	7.0	4.0	228.0	
63.0	6.0	14.0	131.5	2.0	2.0	28.5	4.0	15.0	1.0	228.0	
64.0	7.0	15.0	131.5	1.0	1.0	28.5	4.0	4.0	2.0	228.0	
65.0	6.0	13.5	131.5	2.0	2.5	28.5	4.0	11.0	2.0	228.0	
66.0	8.0	16.0	131.5	0.0	0.0	28.5	4.0	12.0	5.0	228.0	
67.0	8.0	16.0	131.5	0.0	0.0	28.5	4.0	3.0	3.0	228.0	
68.0	6.0	14.0	131.5	2.0	2.0	28.5	4.0	5.0	3.0	228.0	
69.0	8.0	16.0	131.625	0.0	0.0	28.375	4.0	12.0	2.0	227.0	
70.0	8.0	16.0	131.625	0.0	0.0	28.375	4.0	11.0	5.0	227.0	
71.0	8.0	16.0	131.625	0.0	0.0	28.375	4.0	11.0	3.0	227.0	
72.0	8.0	16.0	131.625	0.0	0.0	28.375	4.0	11.0	2.0	227.0	
73.0	4.0	11.5	131.625	4.0	4.5	28.375	4.0	13.0	3.0	227.0	
74.0	8.0	16.0	131.625	0.0	0.0	28.375	4.0	1.0	3.0	227.0	
75.0	6.0	14.0	131.625	2.0	2.0	28.375	4.0	8.0	5.0	227.0	
76.0	7.0	15.0	131.625	1.0	1.0	28.375	4.0	6.0	4.0	227.0	
77.0	6.0	14.0	131.625	2.0	2.0	28.375	4.0	8.0	2.0	227.0	
78.0	6.0	13.5	131.625	2.0	2.5	28.375	4.0	8.0	1.0	227.0	
79.0	4.0	11.5	131.625	4.0	4.5	28.375	4.0	7.0	3.0	227.0	
80.0	6.0	14.0	131.625	2.0	2.0	28.375	4.0	3.0	1.0	227.0	
81.0	12.0	24.0	207.125	0.0	0.0	42.875	5.0	3.0	4.0	343.0	
82.0	10.0	22.0	207.125	2.0	2.0	42.875	5.0	6.0	2.0	343.0	
83.0	10.0	22.0	207.125	2.0	2.0	42.875	5.0	5.0	1.0	343.0	
84.0	10.0	21.5	207.125	2.0	2.5	42.875	5.0	12.0	2.0	343.0	
85.0	10.0	22.0	207.125	2.0	2.0	42.875	5.0	3.0	5.0	343.0	
86.0	8.0	19.5	207.125	4.0	4.5	42.875	5.0	15.0	4.0	343.0	
87.0	12.0	24.0	207.125	0.0	0.0	42.875	5.0	5.0	5.0	343.0	
88.0	12.0	24.0	207.125	0.0	0.0	42.875	5.0	4.0	3.0	343.0	
89.0	12.0	24.0	207.125	0.0	0.0	42.875	5.0	14.0	2.0	343.0	
90.0	12.0	24.0	207.25	0.0	0.0	42.75	5.0	4.0	1.0	342.0	
91.0	12.0	24.0	207.25	0.0	0.0	42.75	5.0	9.0	5.0	342.0	
92.0	12.0	24.0	207.25	0.0	0.0	42.75	5.0	10.0	4.0	342.0	
93.0	11.0	23.0	207.25	1.0	1.0	42.75	5.0	4.0	5.0	342.0	
94.0	12.0	24.0	207.25	0.0	0.0	42.75	5.0	13.0	1.0	342.0	
95.0	10.0	22.0	207.25	2.0	2.0	42.75	5.0	8.0	5.0	342.0	
96.0	10.0	21.5	207.25	2.0	2.5	42.75	5.0	15.0	3.0	342.0	
97.0	8.0	19.5	207.25	4.0	4.5	42.75	5.0	9.0	3.0	342.0	
98.0	12.0	24.0	207.25	0.0	0.0	42.75	5.0	15.0	2.0	342.0	
99.0	11.0	23.0	207.25	1.0	1.0	42.75	5.0	12.0	3.0	342.0	
100.0	12.0	24.0	207.25	0.0	0.0	42.75	5.0	14.0	1.0	342.0	
=====================================================================================================================================================
after 54 commit, VM matrix is (VM #, resource allocated to each VM (vCPU, memory, storage), resource used in each VM (vCPU, memory, storage), which flavour, VM in which PM, and VM in which rack, # blocks stored (each block is 0.125))
=====================================================================================================================================================
1.0	1.0	2.0	16.5	0.0	0.0	3.5	1.0	11.0	3.0	28.0	
2.0	1.0	2.0	16.5	0.0	0.0	3.5	1.0	14.0	1.0	28.0	
3.0	1.0	2.0	16.5	0.0	0.0	3.5	1.0	6.0	4.0	28.0	
4.0	1.0	2.0	16.5	0.0	0.0	3.5	1.0	9.0	4.0	28.0	
5.0	1.0	2.0	16.5	0.0	0.0	3.5	1.0	15.0	2.0	28.0	
6.0	1.0	2.0	16.5	0.0	0.0	3.5	1.0	7.0	1.0	28.0	
7.0	1.0	2.0	16.5	0.0	0.0	3.5	1.0	11.0	1.0	28.0	
8.0	1.0	2.0	16.5	0.0	0.0	3.5	1.0	15.0	3.0	28.0	
9.0	1.0	2.0	16.5	0.0	0.0	3.5	1.0	15.0	5.0	28.0	
10.0	1.0	2.0	16.625	0.0	0.0	3.375	1.0	15.0	1.0	27.0	
11.0	1.0	2.0	16.625	0.0	0.0	3.375	1.0	4.0	4.0	27.0	
12.0	1.0	2.0	16.625	0.0	0.0	3.375	1.0	5.0	3.0	27.0	
13.0	1.0	2.0	16.625	0.0	0.0	3.375	1.0	3.0	1.0	27.0	
14.0	1.0	2.0	16.625	0.0	0.0	3.375	1.0	13.0	5.0	27.0	
15.0	1.0	2.0	16.625	0.0	0.0	3.375	1.0	11.0	1.0	27.0	
16.0	1.0	2.0	16.625	0.0	0.0	3.375	1.0	14.0	2.0	27.0	
17.0	1.0	2.0	16.625	0.0	0.0	3.375	1.0	11.0	4.0	27.0	
18.0	1.0	2.0	16.625	0.0	0.0	3.375	1.0	2.0	5.0	27.0	
19.0	1.0	2.0	16.625	0.0	0.0	3.375	1.0	13.0	4.0	27.0	
20.0	1.0	2.0	16.625	0.0	0.0	3.375	1.0	4.0	5.0	27.0	
21.0	2.0	4.0	32.875	0.0	0.0	7.125	2.0	9.0	1.0	57.0	
22.0	2.0	4.0	32.875	0.0	0.0	7.125	2.0	6.0	2.0	57.0	
23.0	2.0	4.0	32.875	0.0	0.0	7.125	2.0	7.0	3.0	57.0	
24.0	2.0	4.0	32.875	0.0	0.0	7.125	2.0	14.0	4.0	57.0	
25.0	2.0	4.0	32.875	0.0	0.0	7.125	2.0	12.0	2.0	57.0	
26.0	2.0	4.0	32.875	0.0	0.0	7.125	2.0	1.0	2.0	57.0	
27.0	2.0	4.0	32.875	0.0	0.0	7.125	2.0	13.0	4.0	57.0	
28.0	2.0	4.0	32.875	0.0	0.0	7.125	2.0	8.0	1.0	57.0	
29.0	0.0	2.0	32.875	2.0	2.0	7.125	2.0	2.0	5.0	57.0	
30.0	2.0	4.0	32.875	0.0	0.0	7.125	2.0	14.0	1.0	57.0	
31.0	2.0	4.0	32.875	0.0	0.0	7.125	2.0	8.0	1.0	57.0	
32.0	2.0	4.0	32.875	0.0	0.0	7.125	2.0	14.0	3.0	57.0	
33.0	2.0	4.0	32.875	0.0	0.0	7.125	2.0	14.0	1.0	57.0	
34.0	2.0	4.0	32.875	0.0	0.0	7.125	2.0	14.0	1.0	57.0	
35.0	2.0	4.0	32.875	0.0	0.0	7.125	2.0	10.0	5.0	57.0	
36.0	2.0	4.0	32.875	0.0	0.0	7.125	2.0	15.0	4.0	57.0	
37.0	2.0	4.0	32.875	0.0	0.0	7.125	2.0	5.0	2.0	57.0	
38.0	2.0	4.0	32.875	0.0	0.0	7.125	2.0	5.0	5.0	57.0	
39.0	2.0	4.0	32.875	0.0	0.0	7.125	2.0	14.0	2.0	57.0	
40.0	2.0	4.0	32.875	0.0	0.0	7.125	2.0	11.0	3.0	57.0	
41.0	4.0	8.0	65.75	0.0	0.0	14.25	3.0	15.0	4.0	114.0	
42.0	4.0	8.0	65.75	0.0	0.0	14.25	3.0	4.0	1.0	114.0	
43.0	4.0	8.0	65.75	0.0	0.0	14.25	3.0	13.0	1.0	114.0	
44.0	4.0	8.0	65.75	0.0	0.0	14.25	3.0	3.0	5.0	114.0	
45.0	2.0	5.5	65.75	2.0	2.5	14.25	3.0	5.0	4.0	114.0	
46.0	4.0	8.0	65.75	0.0	0.0	14.25	3.0	14.0	3.0	114.0	
47.0	2.0	6.0	65.75	2.0	2.0	14.25	3.0	15.0	5.0	114.0	
48.0	4.0	8.0	65.75	0.0	0.0	14.25	3.0	13.0	4.0	114.0	
49.0	4.0	8.0	65.75	0.0	0.0	14.25	3.0	12.0	1.0	114.0	
50.0	2.0	6.0	65.75	2.0	2.0	14.25	3.0	9.0	1.0	114.0	
51.0	4.0	8.0	65.75	0.0	0.0	14.25	3.0	2.0	3.0	114.0	
52.0	4.0	8.0	65.75	0.0	0.0	14.25	3.0	4.0	3.0	114.0	
53.0	2.0	5.5	65.75	2.0	2.5	14.25	3.0	12.0	3.0	114.0	
54.0	4.0	8.0	65.75	0.0	0.0	14.25	3.0	10.0	5.0	114.0	
55.0	4.0	8.0	65.875	0.0	0.0	14.125	3.0	6.0	4.0	113.0	
56.0	4.0	8.0	65.875	0.0	0.0	14.125	3.0	13.0	5.0	113.0	
57.0	4.0	8.0	65.875	0.0	0.0	14.125	3.0	14.0	3.0	113.0	
58.0	4.0	8.0	65.875	0.0	0.0	14.125	3.0	11.0	4.0	113.0	
59.0	2.0	6.0	65.875	2.0	2.0	14.125	3.0	9.0	4.0	113.0	
60.0	2.0	6.0	65.875	2.0	2.0	14.125	3.0	3.0	3.0	113.0	
61.0	8.0	16.0	131.5	0.0	0.0	28.5	4.0	12.0	4.0	228.0	
62.0	8.0	16.0	131.5	0.0	0.0	28.5	4.0	7.0	4.0	228.0	
63.0	6.0	14.0	131.5	2.0	2.0	28.5	4.0	15.0	1.0	228.0	
64.0	7.0	15.0	131.5	1.0	1.0	28.5	4.0	4.0	2.0	228.0	
65.0	6.0	13.5	131.5	2.0	2.5	28.5	4.0	11.0	2.0	228.0	
66.0	8.0	16.0	131.5	0.0	0.0	28.5	4.0	12.0	5.0	228.0	
67.0	8.0	16.0	131.5	0.0	0.0	28.5	4.0	3.0	3.0	228.0	
68.0	6.0	14.0	131.5	2.0	2.0	28.5	4.0	5.0	3.0	228.0	
69.0	8.0	16.0	131.625	0.0	0.0	28.375	4.0	12.0	2.0	227.0	
70.0	8.0	16.0	131.625	0.0	0.0	28.375	4.0	11.0	5.0	227.0	
71.0	8.0	16.0	131.625	0.0	0.0	28.375	4.0	11.0	3.0	227.0	
72.0	8.0	16.0	131.625	0.0	0.0	28.375	4.0	11.0	2.0	227.0	
73.0	4.0	11.5	131.625	4.0	4.5	28.375	4.0	13.0	3.0	227.0	
74.0	8.0	16.0	131.625	0.0	0.0	28.375	4.0	1.0	3.0	227.0	
75.0	6.0	14.0	131.625	2.0	2.0	28.375	4.0	8.0	5.0	227.0	
76.0	7.0	15.0	131.625	1.0	1.0	28.375	4.0	6.0	4.0	227.0	
77.0	6.0	14.0	131.625	2.0	2.0	28.375	4.0	8.0	2.0	227.0	
78.0	6.0	13.5	131.625	2.0	2.5	28.375	4.0	8.0	1.0	227.0	
79.0	4.0	11.5	131.625	4.0	4.5	28.375	4.0	7.0	3.0	227.0	
80.0	6.0	14.0	131.625	2.0	2.0	28.375	4.0	3.0	1.0	227.0	
81.0	12.0	24.0	207.125	0.0	0.0	42.875	5.0	3.0	4.0	343.0	
82.0	10.0	22.0	207.125	2.0	2.0	42.875	5.0	6.0	2.0	343.0	
83.0	10.0	22.0	207.125	2.0	2.0	42.875	5.0	5.0	1.0	343.0	
84.0	10.0	21.5	207.125	2.0	2.5	42.875	5.0	12.0	2.0	343.0	
85.0	10.0	22.0	207.125	2.0	2.0	42.875	5.0	3.0	5.0	343.0	
86.0	8.0	19.5	207.125	4.0	4.5	42.875	5.0	15.0	4.0	343.0	
87.0	12.0	24.0	207.125	0.0	0.0	42.875	5.0	5.0	5.0	343.0	
88.0	12.0	24.0	207.125	0.0	0.0	42.875	5.0	4.0	3.0	343.0	
89.0	12.0	24.0	207.125	0.0	0.0	42.875	5.0	14.0	2.0	343.0	
90.0	12.0	24.0	207.25	0.0	0.0	42.75	5.0	4.0	1.0	342.0	
91.0	12.0	24.0	207.25	0.0	0.0	42.75	5.0	9.0	5.0	342.0	
92.0	12.0	24.0	207.25	0.0	0.0	42.75	5.0	10.0	4.0	342.0	
93.0	11.0	23.0	207.25	1.0	1.0	42.75	5.0	4.0	5.0	342.0	
94.0	12.0	24.0	207.25	0.0	0.0	42.75	5.0	13.0	1.0	342.0	
95.0	10.0	22.0	207.25	2.0	2.0	42.75	5.0	8.0	5.0	342.0	
96.0	10.0	21.5	207.25	2.0	2.5	42.75	5.0	15.0	3.0	342.0	
97.0	8.0	19.5	207.25	4.0	4.5	42.75	5.0	9.0	3.0	342.0	
98.0	12.0	24.0	207.25	0.0	0.0	42.75	5.0	15.0	2.0	342.0	
99.0	11.0	23.0	207.25	1.0	1.0	42.75	5.0	12.0	3.0	342.0	
100.0	12.0	24.0	207.25	0.0	0.0	42.75	5.0	14.0	1.0	342.0	
=====================================================================================================================================================
after 55 commit, VM matrix is (VM #, resource allocated to each VM (vCPU, memory, storage), resource used in each VM (vCPU, memory, storage), which flavour, VM in which PM, and VM in which rack, # blocks stored (each block is 0.125))
=====================================================================================================================================================
1.0	1.0	2.0	16.5	0.0	0.0	3.5	1.0	11.0	3.0	28.0	
2.0	1.0	2.0	16.5	0.0	0.0	3.5	1.0	14.0	1.0	28.0	
3.0	1.0	2.0	16.5	0.0	0.0	3.5	1.0	6.0	4.0	28.0	
4.0	1.0	2.0	16.5	0.0	0.0	3.5	1.0	9.0	4.0	28.0	
5.0	1.0	2.0	16.5	0.0	0.0	3.5	1.0	15.0	2.0	28.0	
6.0	1.0	2.0	16.5	0.0	0.0	3.5	1.0	7.0	1.0	28.0	
7.0	1.0	2.0	16.5	0.0	0.0	3.5	1.0	11.0	1.0	28.0	
8.0	1.0	2.0	16.5	0.0	0.0	3.5	1.0	15.0	3.0	28.0	
9.0	1.0	2.0	16.5	0.0	0.0	3.5	1.0	15.0	5.0	28.0	
10.0	1.0	2.0	16.625	0.0	0.0	3.375	1.0	15.0	1.0	27.0	
11.0	1.0	2.0	16.625	0.0	0.0	3.375	1.0	4.0	4.0	27.0	
12.0	1.0	2.0	16.625	0.0	0.0	3.375	1.0	5.0	3.0	27.0	
13.0	1.0	2.0	16.625	0.0	0.0	3.375	1.0	3.0	1.0	27.0	
14.0	1.0	2.0	16.625	0.0	0.0	3.375	1.0	13.0	5.0	27.0	
15.0	1.0	2.0	16.625	0.0	0.0	3.375	1.0	11.0	1.0	27.0	
16.0	1.0	2.0	16.625	0.0	0.0	3.375	1.0	14.0	2.0	27.0	
17.0	1.0	2.0	16.625	0.0	0.0	3.375	1.0	11.0	4.0	27.0	
18.0	1.0	2.0	16.625	0.0	0.0	3.375	1.0	2.0	5.0	27.0	
19.0	1.0	2.0	16.625	0.0	0.0	3.375	1.0	13.0	4.0	27.0	
20.0	1.0	2.0	16.625	0.0	0.0	3.375	1.0	4.0	5.0	27.0	
21.0	2.0	4.0	32.875	0.0	0.0	7.125	2.0	9.0	1.0	57.0	
22.0	2.0	4.0	32.875	0.0	0.0	7.125	2.0	6.0	2.0	57.0	
23.0	2.0	4.0	32.875	0.0	0.0	7.125	2.0	7.0	3.0	57.0	
24.0	2.0	4.0	32.875	0.0	0.0	7.125	2.0	14.0	4.0	57.0	
25.0	2.0	4.0	32.875	0.0	0.0	7.125	2.0	12.0	2.0	57.0	
26.0	2.0	4.0	32.875	0.0	0.0	7.125	2.0	1.0	2.0	57.0	
27.0	2.0	4.0	32.875	0.0	0.0	7.125	2.0	13.0	4.0	57.0	
28.0	2.0	4.0	32.875	0.0	0.0	7.125	2.0	8.0	1.0	57.0	
29.0	0.0	2.0	32.875	2.0	2.0	7.125	2.0	2.0	5.0	57.0	
30.0	2.0	4.0	32.875	0.0	0.0	7.125	2.0	14.0	1.0	57.0	
31.0	2.0	4.0	32.875	0.0	0.0	7.125	2.0	8.0	1.0	57.0	
32.0	2.0	4.0	32.875	0.0	0.0	7.125	2.0	14.0	3.0	57.0	
33.0	2.0	4.0	32.875	0.0	0.0	7.125	2.0	14.0	1.0	57.0	
34.0	2.0	4.0	32.875	0.0	0.0	7.125	2.0	14.0	1.0	57.0	
35.0	2.0	4.0	32.875	0.0	0.0	7.125	2.0	10.0	5.0	57.0	
36.0	2.0	4.0	32.875	0.0	0.0	7.125	2.0	15.0	4.0	57.0	
37.0	2.0	4.0	32.875	0.0	0.0	7.125	2.0	5.0	2.0	57.0	
38.0	2.0	4.0	32.875	0.0	0.0	7.125	2.0	5.0	5.0	57.0	
39.0	2.0	4.0	32.875	0.0	0.0	7.125	2.0	14.0	2.0	57.0	
40.0	2.0	4.0	32.875	0.0	0.0	7.125	2.0	11.0	3.0	57.0	
41.0	4.0	8.0	65.75	0.0	0.0	14.25	3.0	15.0	4.0	114.0	
42.0	4.0	8.0	65.75	0.0	0.0	14.25	3.0	4.0	1.0	114.0	
43.0	4.0	8.0	65.75	0.0	0.0	14.25	3.0	13.0	1.0	114.0	
44.0	4.0	8.0	65.75	0.0	0.0	14.25	3.0	3.0	5.0	114.0	
45.0	2.0	5.5	65.75	2.0	2.5	14.25	3.0	5.0	4.0	114.0	
46.0	4.0	8.0	65.75	0.0	0.0	14.25	3.0	14.0	3.0	114.0	
47.0	2.0	6.0	65.75	2.0	2.0	14.25	3.0	15.0	5.0	114.0	
48.0	4.0	8.0	65.75	0.0	0.0	14.25	3.0	13.0	4.0	114.0	
49.0	4.0	8.0	65.75	0.0	0.0	14.25	3.0	12.0	1.0	114.0	
50.0	2.0	6.0	65.75	2.0	2.0	14.25	3.0	9.0	1.0	114.0	
51.0	4.0	8.0	65.75	0.0	0.0	14.25	3.0	2.0	3.0	114.0	
52.0	4.0	8.0	65.75	0.0	0.0	14.25	3.0	4.0	3.0	114.0	
53.0	2.0	5.5	65.75	2.0	2.5	14.25	3.0	12.0	3.0	114.0	
54.0	4.0	8.0	65.75	0.0	0.0	14.25	3.0	10.0	5.0	114.0	
55.0	4.0	8.0	65.875	0.0	0.0	14.125	3.0	6.0	4.0	113.0	
56.0	4.0	8.0	65.875	0.0	0.0	14.125	3.0	13.0	5.0	113.0	
57.0	4.0	8.0	65.875	0.0	0.0	14.125	3.0	14.0	3.0	113.0	
58.0	4.0	8.0	65.875	0.0	0.0	14.125	3.0	11.0	4.0	113.0	
59.0	2.0	6.0	65.875	2.0	2.0	14.125	3.0	9.0	4.0	113.0	
60.0	2.0	6.0	65.875	2.0	2.0	14.125	3.0	3.0	3.0	113.0	
61.0	8.0	16.0	131.5	0.0	0.0	28.5	4.0	12.0	4.0	228.0	
62.0	8.0	16.0	131.5	0.0	0.0	28.5	4.0	7.0	4.0	228.0	
63.0	6.0	14.0	131.5	2.0	2.0	28.5	4.0	15.0	1.0	228.0	
64.0	7.0	15.0	131.5	1.0	1.0	28.5	4.0	4.0	2.0	228.0	
65.0	6.0	13.5	131.5	2.0	2.5	28.5	4.0	11.0	2.0	228.0	
66.0	8.0	16.0	131.5	0.0	0.0	28.5	4.0	12.0	5.0	228.0	
67.0	8.0	16.0	131.5	0.0	0.0	28.5	4.0	3.0	3.0	228.0	
68.0	6.0	14.0	131.5	2.0	2.0	28.5	4.0	5.0	3.0	228.0	
69.0	8.0	16.0	131.625	0.0	0.0	28.375	4.0	12.0	2.0	227.0	
70.0	8.0	16.0	131.625	0.0	0.0	28.375	4.0	11.0	5.0	227.0	
71.0	8.0	16.0	131.625	0.0	0.0	28.375	4.0	11.0	3.0	227.0	
72.0	8.0	16.0	131.625	0.0	0.0	28.375	4.0	11.0	2.0	227.0	
73.0	4.0	11.5	131.625	4.0	4.5	28.375	4.0	13.0	3.0	227.0	
74.0	8.0	16.0	131.625	0.0	0.0	28.375	4.0	1.0	3.0	227.0	
75.0	6.0	14.0	131.625	2.0	2.0	28.375	4.0	8.0	5.0	227.0	
76.0	7.0	15.0	131.625	1.0	1.0	28.375	4.0	6.0	4.0	227.0	
77.0	6.0	14.0	131.625	2.0	2.0	28.375	4.0	8.0	2.0	227.0	
78.0	6.0	13.5	131.625	2.0	2.5	28.375	4.0	8.0	1.0	227.0	
79.0	4.0	11.5	131.625	4.0	4.5	28.375	4.0	7.0	3.0	227.0	
80.0	6.0	14.0	131.625	2.0	2.0	28.375	4.0	3.0	1.0	227.0	
81.0	12.0	24.0	207.125	0.0	0.0	42.875	5.0	3.0	4.0	343.0	
82.0	10.0	22.0	207.125	2.0	2.0	42.875	5.0	6.0	2.0	343.0	
83.0	10.0	22.0	207.125	2.0	2.0	42.875	5.0	5.0	1.0	343.0	
84.0	10.0	21.5	207.125	2.0	2.5	42.875	5.0	12.0	2.0	343.0	
85.0	10.0	22.0	207.125	2.0	2.0	42.875	5.0	3.0	5.0	343.0	
86.0	8.0	19.5	207.125	4.0	4.5	42.875	5.0	15.0	4.0	343.0	
87.0	12.0	24.0	207.125	0.0	0.0	42.875	5.0	5.0	5.0	343.0	
88.0	12.0	24.0	207.125	0.0	0.0	42.875	5.0	4.0	3.0	343.0	
89.0	12.0	24.0	207.125	0.0	0.0	42.875	5.0	14.0	2.0	343.0	
90.0	12.0	24.0	207.25	0.0	0.0	42.75	5.0	4.0	1.0	342.0	
91.0	12.0	24.0	207.25	0.0	0.0	42.75	5.0	9.0	5.0	342.0	
92.0	12.0	24.0	207.25	0.0	0.0	42.75	5.0	10.0	4.0	342.0	
93.0	11.0	23.0	207.25	1.0	1.0	42.75	5.0	4.0	5.0	342.0	
94.0	12.0	24.0	207.25	0.0	0.0	42.75	5.0	13.0	1.0	342.0	
95.0	10.0	22.0	207.25	2.0	2.0	42.75	5.0	8.0	5.0	342.0	
96.0	10.0	21.5	207.25	2.0	2.5	42.75	5.0	15.0	3.0	342.0	
97.0	8.0	19.5	207.25	4.0	4.5	42.75	5.0	9.0	3.0	342.0	
98.0	12.0	24.0	207.25	0.0	0.0	42.75	5.0	15.0	2.0	342.0	
99.0	11.0	23.0	207.25	1.0	1.0	42.75	5.0	12.0	3.0	342.0	
100.0	12.0	24.0	207.25	0.0	0.0	42.75	5.0	14.0	1.0	342.0	
=====================================================================================================================================================
after 56 commit, VM matrix is (VM #, resource allocated to each VM (vCPU, memory, storage), resource used in each VM (vCPU, memory, storage), which flavour, VM in which PM, and VM in which rack, # blocks stored (each block is 0.125))
=====================================================================================================================================================
1.0	1.0	2.0	16.5	0.0	0.0	3.5	1.0	11.0	3.0	28.0	
2.0	1.0	2.0	16.5	0.0	0.0	3.5	1.0	14.0	1.0	28.0	
3.0	1.0	2.0	16.5	0.0	0.0	3.5	1.0	6.0	4.0	28.0	
4.0	1.0	2.0	16.5	0.0	0.0	3.5	1.0	9.0	4.0	28.0	
5.0	1.0	2.0	16.5	0.0	0.0	3.5	1.0	15.0	2.0	28.0	
6.0	1.0	2.0	16.5	0.0	0.0	3.5	1.0	7.0	1.0	28.0	
7.0	1.0	2.0	16.5	0.0	0.0	3.5	1.0	11.0	1.0	28.0	
8.0	1.0	2.0	16.5	0.0	0.0	3.5	1.0	15.0	3.0	28.0	
9.0	1.0	2.0	16.5	0.0	0.0	3.5	1.0	15.0	5.0	28.0	
10.0	1.0	2.0	16.625	0.0	0.0	3.375	1.0	15.0	1.0	27.0	
11.0	1.0	2.0	16.625	0.0	0.0	3.375	1.0	4.0	4.0	27.0	
12.0	1.0	2.0	16.625	0.0	0.0	3.375	1.0	5.0	3.0	27.0	
13.0	1.0	2.0	16.625	0.0	0.0	3.375	1.0	3.0	1.0	27.0	
14.0	1.0	2.0	16.625	0.0	0.0	3.375	1.0	13.0	5.0	27.0	
15.0	1.0	2.0	16.625	0.0	0.0	3.375	1.0	11.0	1.0	27.0	
16.0	1.0	2.0	16.625	0.0	0.0	3.375	1.0	14.0	2.0	27.0	
17.0	1.0	2.0	16.625	0.0	0.0	3.375	1.0	11.0	4.0	27.0	
18.0	1.0	2.0	16.625	0.0	0.0	3.375	1.0	2.0	5.0	27.0	
19.0	1.0	2.0	16.625	0.0	0.0	3.375	1.0	13.0	4.0	27.0	
20.0	1.0	2.0	16.625	0.0	0.0	3.375	1.0	4.0	5.0	27.0	
21.0	2.0	4.0	32.875	0.0	0.0	7.125	2.0	9.0	1.0	57.0	
22.0	2.0	4.0	32.875	0.0	0.0	7.125	2.0	6.0	2.0	57.0	
23.0	2.0	4.0	32.875	0.0	0.0	7.125	2.0	7.0	3.0	57.0	
24.0	2.0	4.0	32.875	0.0	0.0	7.125	2.0	14.0	4.0	57.0	
25.0	2.0	4.0	32.875	0.0	0.0	7.125	2.0	12.0	2.0	57.0	
26.0	2.0	4.0	32.875	0.0	0.0	7.125	2.0	1.0	2.0	57.0	
27.0	2.0	4.0	32.875	0.0	0.0	7.125	2.0	13.0	4.0	57.0	
28.0	2.0	4.0	32.875	0.0	0.0	7.125	2.0	8.0	1.0	57.0	
29.0	0.0	2.0	32.875	2.0	2.0	7.125	2.0	2.0	5.0	57.0	
30.0	2.0	4.0	32.875	0.0	0.0	7.125	2.0	14.0	1.0	57.0	
31.0	2.0	4.0	32.875	0.0	0.0	7.125	2.0	8.0	1.0	57.0	
32.0	2.0	4.0	32.875	0.0	0.0	7.125	2.0	14.0	3.0	57.0	
33.0	2.0	4.0	32.875	0.0	0.0	7.125	2.0	14.0	1.0	57.0	
34.0	2.0	4.0	32.875	0.0	0.0	7.125	2.0	14.0	1.0	57.0	
35.0	2.0	4.0	32.875	0.0	0.0	7.125	2.0	10.0	5.0	57.0	
36.0	2.0	4.0	32.875	0.0	0.0	7.125	2.0	15.0	4.0	57.0	
37.0	2.0	4.0	32.875	0.0	0.0	7.125	2.0	5.0	2.0	57.0	
38.0	2.0	4.0	32.875	0.0	0.0	7.125	2.0	5.0	5.0	57.0	
39.0	2.0	4.0	32.875	0.0	0.0	7.125	2.0	14.0	2.0	57.0	
40.0	2.0	4.0	32.875	0.0	0.0	7.125	2.0	11.0	3.0	57.0	
41.0	4.0	8.0	65.75	0.0	0.0	14.25	3.0	15.0	4.0	114.0	
42.0	4.0	8.0	65.75	0.0	0.0	14.25	3.0	4.0	1.0	114.0	
43.0	4.0	8.0	65.75	0.0	0.0	14.25	3.0	13.0	1.0	114.0	
44.0	4.0	8.0	65.75	0.0	0.0	14.25	3.0	3.0	5.0	114.0	
45.0	2.0	5.5	65.75	2.0	2.5	14.25	3.0	5.0	4.0	114.0	
46.0	4.0	8.0	65.75	0.0	0.0	14.25	3.0	14.0	3.0	114.0	
47.0	2.0	6.0	65.75	2.0	2.0	14.25	3.0	15.0	5.0	114.0	
48.0	4.0	8.0	65.75	0.0	0.0	14.25	3.0	13.0	4.0	114.0	
49.0	4.0	8.0	65.75	0.0	0.0	14.25	3.0	12.0	1.0	114.0	
50.0	2.0	6.0	65.75	2.0	2.0	14.25	3.0	9.0	1.0	114.0	
51.0	4.0	8.0	65.75	0.0	0.0	14.25	3.0	2.0	3.0	114.0	
52.0	4.0	8.0	65.75	0.0	0.0	14.25	3.0	4.0	3.0	114.0	
53.0	2.0	5.5	65.75	2.0	2.5	14.25	3.0	12.0	3.0	114.0	
54.0	4.0	8.0	65.75	0.0	0.0	14.25	3.0	10.0	5.0	114.0	
55.0	4.0	8.0	65.875	0.0	0.0	14.125	3.0	6.0	4.0	113.0	
56.0	4.0	8.0	65.875	0.0	0.0	14.125	3.0	13.0	5.0	113.0	
57.0	4.0	8.0	65.875	0.0	0.0	14.125	3.0	14.0	3.0	113.0	
58.0	4.0	8.0	65.875	0.0	0.0	14.125	3.0	11.0	4.0	113.0	
59.0	2.0	6.0	65.875	2.0	2.0	14.125	3.0	9.0	4.0	113.0	
60.0	2.0	6.0	65.875	2.0	2.0	14.125	3.0	3.0	3.0	113.0	
61.0	8.0	16.0	131.5	0.0	0.0	28.5	4.0	12.0	4.0	228.0	
62.0	8.0	16.0	131.5	0.0	0.0	28.5	4.0	7.0	4.0	228.0	
63.0	6.0	14.0	131.5	2.0	2.0	28.5	4.0	15.0	1.0	228.0	
64.0	7.0	15.0	131.5	1.0	1.0	28.5	4.0	4.0	2.0	228.0	
65.0	6.0	13.5	131.5	2.0	2.5	28.5	4.0	11.0	2.0	228.0	
66.0	8.0	16.0	131.5	0.0	0.0	28.5	4.0	12.0	5.0	228.0	
67.0	8.0	16.0	131.5	0.0	0.0	28.5	4.0	3.0	3.0	228.0	
68.0	6.0	14.0	131.5	2.0	2.0	28.5	4.0	5.0	3.0	228.0	
69.0	8.0	16.0	131.625	0.0	0.0	28.375	4.0	12.0	2.0	227.0	
70.0	8.0	16.0	131.625	0.0	0.0	28.375	4.0	11.0	5.0	227.0	
71.0	8.0	16.0	131.625	0.0	0.0	28.375	4.0	11.0	3.0	227.0	
72.0	8.0	16.0	131.625	0.0	0.0	28.375	4.0	11.0	2.0	227.0	
73.0	4.0	11.5	131.625	4.0	4.5	28.375	4.0	13.0	3.0	227.0	
74.0	8.0	16.0	131.625	0.0	0.0	28.375	4.0	1.0	3.0	227.0	
75.0	6.0	14.0	131.625	2.0	2.0	28.375	4.0	8.0	5.0	227.0	
76.0	7.0	15.0	131.625	1.0	1.0	28.375	4.0	6.0	4.0	227.0	
77.0	6.0	14.0	131.625	2.0	2.0	28.375	4.0	8.0	2.0	227.0	
78.0	6.0	13.5	131.625	2.0	2.5	28.375	4.0	8.0	1.0	227.0	
79.0	4.0	11.5	131.625	4.0	4.5	28.375	4.0	7.0	3.0	227.0	
80.0	6.0	14.0	131.625	2.0	2.0	28.375	4.0	3.0	1.0	227.0	
81.0	12.0	24.0	207.125	0.0	0.0	42.875	5.0	3.0	4.0	343.0	
82.0	10.0	22.0	207.125	2.0	2.0	42.875	5.0	6.0	2.0	343.0	
83.0	10.0	22.0	207.125	2.0	2.0	42.875	5.0	5.0	1.0	343.0	
84.0	10.0	21.5	207.125	2.0	2.5	42.875	5.0	12.0	2.0	343.0	
85.0	10.0	22.0	207.125	2.0	2.0	42.875	5.0	3.0	5.0	343.0	
86.0	8.0	19.5	207.125	4.0	4.5	42.875	5.0	15.0	4.0	343.0	
87.0	12.0	24.0	207.125	0.0	0.0	42.875	5.0	5.0	5.0	343.0	
88.0	12.0	24.0	207.125	0.0	0.0	42.875	5.0	4.0	3.0	343.0	
89.0	12.0	24.0	207.125	0.0	0.0	42.875	5.0	14.0	2.0	343.0	
90.0	12.0	24.0	207.25	0.0	0.0	42.75	5.0	4.0	1.0	342.0	
91.0	12.0	24.0	207.25	0.0	0.0	42.75	5.0	9.0	5.0	342.0	
92.0	12.0	24.0	207.25	0.0	0.0	42.75	5.0	10.0	4.0	342.0	
93.0	11.0	23.0	207.25	1.0	1.0	42.75	5.0	4.0	5.0	342.0	
94.0	12.0	24.0	207.25	0.0	0.0	42.75	5.0	13.0	1.0	342.0	
95.0	10.0	22.0	207.25	2.0	2.0	42.75	5.0	8.0	5.0	342.0	
96.0	10.0	21.5	207.25	2.0	2.5	42.75	5.0	15.0	3.0	342.0	
97.0	8.0	19.5	207.25	4.0	4.5	42.75	5.0	9.0	3.0	342.0	
98.0	12.0	24.0	207.25	0.0	0.0	42.75	5.0	15.0	2.0	342.0	
99.0	11.0	23.0	207.25	1.0	1.0	42.75	5.0	12.0	3.0	342.0	
100.0	12.0	24.0	207.25	0.0	0.0	42.75	5.0	14.0	1.0	342.0	
=====================================================================================================================================================
after 57 commit, VM matrix is (VM #, resource allocated to each VM (vCPU, memory, storage), resource used in each VM (vCPU, memory, storage), which flavour, VM in which PM, and VM in which rack, # blocks stored (each block is 0.125))
=====================================================================================================================================================
1.0	1.0	2.0	16.5	0.0	0.0	3.5	1.0	11.0	3.0	28.0	
2.0	1.0	2.0	16.5	0.0	0.0	3.5	1.0	14.0	1.0	28.0	
3.0	1.0	2.0	16.5	0.0	0.0	3.5	1.0	6.0	4.0	28.0	
4.0	1.0	2.0	16.5	0.0	0.0	3.5	1.0	9.0	4.0	28.0	
5.0	1.0	2.0	16.5	0.0	0.0	3.5	1.0	15.0	2.0	28.0	
6.0	1.0	2.0	16.5	0.0	0.0	3.5	1.0	7.0	1.0	28.0	
7.0	1.0	2.0	16.5	0.0	0.0	3.5	1.0	11.0	1.0	28.0	
8.0	1.0	2.0	16.5	0.0	0.0	3.5	1.0	15.0	3.0	28.0	
9.0	1.0	2.0	16.5	0.0	0.0	3.5	1.0	15.0	5.0	28.0	
10.0	1.0	2.0	16.625	0.0	0.0	3.375	1.0	15.0	1.0	27.0	
11.0	1.0	2.0	16.625	0.0	0.0	3.375	1.0	4.0	4.0	27.0	
12.0	1.0	2.0	16.625	0.0	0.0	3.375	1.0	5.0	3.0	27.0	
13.0	1.0	2.0	16.625	0.0	0.0	3.375	1.0	3.0	1.0	27.0	
14.0	1.0	2.0	16.625	0.0	0.0	3.375	1.0	13.0	5.0	27.0	
15.0	1.0	2.0	16.625	0.0	0.0	3.375	1.0	11.0	1.0	27.0	
16.0	1.0	2.0	16.625	0.0	0.0	3.375	1.0	14.0	2.0	27.0	
17.0	1.0	2.0	16.625	0.0	0.0	3.375	1.0	11.0	4.0	27.0	
18.0	1.0	2.0	16.625	0.0	0.0	3.375	1.0	2.0	5.0	27.0	
19.0	1.0	2.0	16.625	0.0	0.0	3.375	1.0	13.0	4.0	27.0	
20.0	1.0	2.0	16.625	0.0	0.0	3.375	1.0	4.0	5.0	27.0	
21.0	2.0	4.0	32.875	0.0	0.0	7.125	2.0	9.0	1.0	57.0	
22.0	2.0	4.0	32.875	0.0	0.0	7.125	2.0	6.0	2.0	57.0	
23.0	2.0	4.0	32.875	0.0	0.0	7.125	2.0	7.0	3.0	57.0	
24.0	2.0	4.0	32.875	0.0	0.0	7.125	2.0	14.0	4.0	57.0	
25.0	2.0	4.0	32.875	0.0	0.0	7.125	2.0	12.0	2.0	57.0	
26.0	2.0	4.0	32.875	0.0	0.0	7.125	2.0	1.0	2.0	57.0	
27.0	2.0	4.0	32.875	0.0	0.0	7.125	2.0	13.0	4.0	57.0	
28.0	2.0	4.0	32.875	0.0	0.0	7.125	2.0	8.0	1.0	57.0	
29.0	0.0	2.0	32.875	2.0	2.0	7.125	2.0	2.0	5.0	57.0	
30.0	2.0	4.0	32.875	0.0	0.0	7.125	2.0	14.0	1.0	57.0	
31.0	2.0	4.0	32.875	0.0	0.0	7.125	2.0	8.0	1.0	57.0	
32.0	2.0	4.0	32.875	0.0	0.0	7.125	2.0	14.0	3.0	57.0	
33.0	2.0	4.0	32.875	0.0	0.0	7.125	2.0	14.0	1.0	57.0	
34.0	2.0	4.0	32.875	0.0	0.0	7.125	2.0	14.0	1.0	57.0	
35.0	2.0	4.0	32.875	0.0	0.0	7.125	2.0	10.0	5.0	57.0	
36.0	2.0	4.0	32.875	0.0	0.0	7.125	2.0	15.0	4.0	57.0	
37.0	2.0	4.0	32.875	0.0	0.0	7.125	2.0	5.0	2.0	57.0	
38.0	2.0	4.0	32.875	0.0	0.0	7.125	2.0	5.0	5.0	57.0	
39.0	2.0	4.0	32.875	0.0	0.0	7.125	2.0	14.0	2.0	57.0	
40.0	2.0	4.0	32.875	0.0	0.0	7.125	2.0	11.0	3.0	57.0	
41.0	4.0	8.0	65.75	0.0	0.0	14.25	3.0	15.0	4.0	114.0	
42.0	4.0	8.0	65.75	0.0	0.0	14.25	3.0	4.0	1.0	114.0	
43.0	4.0	8.0	65.75	0.0	0.0	14.25	3.0	13.0	1.0	114.0	
44.0	4.0	8.0	65.75	0.0	0.0	14.25	3.0	3.0	5.0	114.0	
45.0	2.0	5.5	65.75	2.0	2.5	14.25	3.0	5.0	4.0	114.0	
46.0	4.0	8.0	65.75	0.0	0.0	14.25	3.0	14.0	3.0	114.0	
47.0	2.0	6.0	65.75	2.0	2.0	14.25	3.0	15.0	5.0	114.0	
48.0	4.0	8.0	65.75	0.0	0.0	14.25	3.0	13.0	4.0	114.0	
49.0	4.0	8.0	65.75	0.0	0.0	14.25	3.0	12.0	1.0	114.0	
50.0	2.0	6.0	65.75	2.0	2.0	14.25	3.0	9.0	1.0	114.0	
51.0	4.0	8.0	65.75	0.0	0.0	14.25	3.0	2.0	3.0	114.0	
52.0	4.0	8.0	65.75	0.0	0.0	14.25	3.0	4.0	3.0	114.0	
53.0	2.0	5.5	65.75	2.0	2.5	14.25	3.0	12.0	3.0	114.0	
54.0	4.0	8.0	65.75	0.0	0.0	14.25	3.0	10.0	5.0	114.0	
55.0	4.0	8.0	65.875	0.0	0.0	14.125	3.0	6.0	4.0	113.0	
56.0	4.0	8.0	65.875	0.0	0.0	14.125	3.0	13.0	5.0	113.0	
57.0	4.0	8.0	65.875	0.0	0.0	14.125	3.0	14.0	3.0	113.0	
58.0	4.0	8.0	65.875	0.0	0.0	14.125	3.0	11.0	4.0	113.0	
59.0	2.0	6.0	65.875	2.0	2.0	14.125	3.0	9.0	4.0	113.0	
60.0	2.0	6.0	65.875	2.0	2.0	14.125	3.0	3.0	3.0	113.0	
61.0	8.0	16.0	131.5	0.0	0.0	28.5	4.0	12.0	4.0	228.0	
62.0	8.0	16.0	131.5	0.0	0.0	28.5	4.0	7.0	4.0	228.0	
63.0	6.0	14.0	131.5	2.0	2.0	28.5	4.0	15.0	1.0	228.0	
64.0	7.0	15.0	131.5	1.0	1.0	28.5	4.0	4.0	2.0	228.0	
65.0	6.0	13.5	131.5	2.0	2.5	28.5	4.0	11.0	2.0	228.0	
66.0	8.0	16.0	131.5	0.0	0.0	28.5	4.0	12.0	5.0	228.0	
67.0	8.0	16.0	131.5	0.0	0.0	28.5	4.0	3.0	3.0	228.0	
68.0	6.0	14.0	131.5	2.0	2.0	28.5	4.0	5.0	3.0	228.0	
69.0	8.0	16.0	131.625	0.0	0.0	28.375	4.0	12.0	2.0	227.0	
70.0	8.0	16.0	131.625	0.0	0.0	28.375	4.0	11.0	5.0	227.0	
71.0	8.0	16.0	131.625	0.0	0.0	28.375	4.0	11.0	3.0	227.0	
72.0	8.0	16.0	131.625	0.0	0.0	28.375	4.0	11.0	2.0	227.0	
73.0	4.0	11.5	131.625	4.0	4.5	28.375	4.0	13.0	3.0	227.0	
74.0	8.0	16.0	131.625	0.0	0.0	28.375	4.0	1.0	3.0	227.0	
75.0	6.0	14.0	131.625	2.0	2.0	28.375	4.0	8.0	5.0	227.0	
76.0	7.0	15.0	131.625	1.0	1.0	28.375	4.0	6.0	4.0	227.0	
77.0	6.0	14.0	131.625	2.0	2.0	28.375	4.0	8.0	2.0	227.0	
78.0	6.0	13.5	131.625	2.0	2.5	28.375	4.0	8.0	1.0	227.0	
79.0	4.0	11.5	131.625	4.0	4.5	28.375	4.0	7.0	3.0	227.0	
80.0	6.0	14.0	131.625	2.0	2.0	28.375	4.0	3.0	1.0	227.0	
81.0	12.0	24.0	207.125	0.0	0.0	42.875	5.0	3.0	4.0	343.0	
82.0	10.0	22.0	207.125	2.0	2.0	42.875	5.0	6.0	2.0	343.0	
83.0	10.0	22.0	207.125	2.0	2.0	42.875	5.0	5.0	1.0	343.0	
84.0	10.0	21.5	207.125	2.0	2.5	42.875	5.0	12.0	2.0	343.0	
85.0	10.0	22.0	207.125	2.0	2.0	42.875	5.0	3.0	5.0	343.0	
86.0	8.0	19.5	207.125	4.0	4.5	42.875	5.0	15.0	4.0	343.0	
87.0	12.0	24.0	207.125	0.0	0.0	42.875	5.0	5.0	5.0	343.0	
88.0	12.0	24.0	207.125	0.0	0.0	42.875	5.0	4.0	3.0	343.0	
89.0	12.0	24.0	207.125	0.0	0.0	42.875	5.0	14.0	2.0	343.0	
90.0	12.0	24.0	207.25	0.0	0.0	42.75	5.0	4.0	1.0	342.0	
91.0	12.0	24.0	207.25	0.0	0.0	42.75	5.0	9.0	5.0	342.0	
92.0	12.0	24.0	207.25	0.0	0.0	42.75	5.0	10.0	4.0	342.0	
93.0	11.0	23.0	207.25	1.0	1.0	42.75	5.0	4.0	5.0	342.0	
94.0	12.0	24.0	207.25	0.0	0.0	42.75	5.0	13.0	1.0	342.0	
95.0	10.0	22.0	207.25	2.0	2.0	42.75	5.0	8.0	5.0	342.0	
96.0	10.0	21.5	207.25	2.0	2.5	42.75	5.0	15.0	3.0	342.0	
97.0	8.0	19.5	207.25	4.0	4.5	42.75	5.0	9.0	3.0	342.0	
98.0	12.0	24.0	207.25	0.0	0.0	42.75	5.0	15.0	2.0	342.0	
99.0	11.0	23.0	207.25	1.0	1.0	42.75	5.0	12.0	3.0	342.0	
100.0	12.0	24.0	207.25	0.0	0.0	42.75	5.0	14.0	1.0	342.0	
=====================================================================================================================================================
after 58 commit, VM matrix is (VM #, resource allocated to each VM (vCPU, memory, storage), resource used in each VM (vCPU, memory, storage), which flavour, VM in which PM, and VM in which rack, # blocks stored (each block is 0.125))
=====================================================================================================================================================
1.0	1.0	2.0	16.5	0.0	0.0	3.5	1.0	11.0	3.0	28.0	
2.0	1.0	2.0	16.5	0.0	0.0	3.5	1.0	14.0	1.0	28.0	
3.0	1.0	2.0	16.5	0.0	0.0	3.5	1.0	6.0	4.0	28.0	
4.0	1.0	2.0	16.5	0.0	0.0	3.5	1.0	9.0	4.0	28.0	
5.0	1.0	2.0	16.5	0.0	0.0	3.5	1.0	15.0	2.0	28.0	
6.0	1.0	2.0	16.5	0.0	0.0	3.5	1.0	7.0	1.0	28.0	
7.0	1.0	2.0	16.5	0.0	0.0	3.5	1.0	11.0	1.0	28.0	
8.0	1.0	2.0	16.5	0.0	0.0	3.5	1.0	15.0	3.0	28.0	
9.0	1.0	2.0	16.5	0.0	0.0	3.5	1.0	15.0	5.0	28.0	
10.0	1.0	2.0	16.625	0.0	0.0	3.375	1.0	15.0	1.0	27.0	
11.0	1.0	2.0	16.625	0.0	0.0	3.375	1.0	4.0	4.0	27.0	
12.0	1.0	2.0	16.625	0.0	0.0	3.375	1.0	5.0	3.0	27.0	
13.0	1.0	2.0	16.625	0.0	0.0	3.375	1.0	3.0	1.0	27.0	
14.0	1.0	2.0	16.625	0.0	0.0	3.375	1.0	13.0	5.0	27.0	
15.0	1.0	2.0	16.625	0.0	0.0	3.375	1.0	11.0	1.0	27.0	
16.0	1.0	2.0	16.625	0.0	0.0	3.375	1.0	14.0	2.0	27.0	
17.0	1.0	2.0	16.625	0.0	0.0	3.375	1.0	11.0	4.0	27.0	
18.0	1.0	2.0	16.625	0.0	0.0	3.375	1.0	2.0	5.0	27.0	
19.0	1.0	2.0	16.625	0.0	0.0	3.375	1.0	13.0	4.0	27.0	
20.0	1.0	2.0	16.625	0.0	0.0	3.375	1.0	4.0	5.0	27.0	
21.0	2.0	4.0	32.875	0.0	0.0	7.125	2.0	9.0	1.0	57.0	
22.0	2.0	4.0	32.875	0.0	0.0	7.125	2.0	6.0	2.0	57.0	
23.0	2.0	4.0	32.875	0.0	0.0	7.125	2.0	7.0	3.0	57.0	
24.0	2.0	4.0	32.875	0.0	0.0	7.125	2.0	14.0	4.0	57.0	
25.0	2.0	4.0	32.875	0.0	0.0	7.125	2.0	12.0	2.0	57.0	
26.0	2.0	4.0	32.875	0.0	0.0	7.125	2.0	1.0	2.0	57.0	
27.0	2.0	4.0	32.875	0.0	0.0	7.125	2.0	13.0	4.0	57.0	
28.0	2.0	4.0	32.875	0.0	0.0	7.125	2.0	8.0	1.0	57.0	
29.0	0.0	2.0	32.875	2.0	2.0	7.125	2.0	2.0	5.0	57.0	
30.0	2.0	4.0	32.875	0.0	0.0	7.125	2.0	14.0	1.0	57.0	
31.0	2.0	4.0	32.875	0.0	0.0	7.125	2.0	8.0	1.0	57.0	
32.0	2.0	4.0	32.875	0.0	0.0	7.125	2.0	14.0	3.0	57.0	
33.0	2.0	4.0	32.875	0.0	0.0	7.125	2.0	14.0	1.0	57.0	
34.0	2.0	4.0	32.875	0.0	0.0	7.125	2.0	14.0	1.0	57.0	
35.0	2.0	4.0	32.875	0.0	0.0	7.125	2.0	10.0	5.0	57.0	
36.0	2.0	4.0	32.875	0.0	0.0	7.125	2.0	15.0	4.0	57.0	
37.0	2.0	4.0	32.875	0.0	0.0	7.125	2.0	5.0	2.0	57.0	
38.0	2.0	4.0	32.875	0.0	0.0	7.125	2.0	5.0	5.0	57.0	
39.0	2.0	4.0	32.875	0.0	0.0	7.125	2.0	14.0	2.0	57.0	
40.0	2.0	4.0	32.875	0.0	0.0	7.125	2.0	11.0	3.0	57.0	
41.0	4.0	8.0	65.75	0.0	0.0	14.25	3.0	15.0	4.0	114.0	
42.0	4.0	8.0	65.75	0.0	0.0	14.25	3.0	4.0	1.0	114.0	
43.0	4.0	8.0	65.75	0.0	0.0	14.25	3.0	13.0	1.0	114.0	
44.0	4.0	8.0	65.75	0.0	0.0	14.25	3.0	3.0	5.0	114.0	
45.0	2.0	5.5	65.75	2.0	2.5	14.25	3.0	5.0	4.0	114.0	
46.0	4.0	8.0	65.75	0.0	0.0	14.25	3.0	14.0	3.0	114.0	
47.0	2.0	6.0	65.75	2.0	2.0	14.25	3.0	15.0	5.0	114.0	
48.0	4.0	8.0	65.75	0.0	0.0	14.25	3.0	13.0	4.0	114.0	
49.0	4.0	8.0	65.75	0.0	0.0	14.25	3.0	12.0	1.0	114.0	
50.0	2.0	6.0	65.75	2.0	2.0	14.25	3.0	9.0	1.0	114.0	
51.0	4.0	8.0	65.75	0.0	0.0	14.25	3.0	2.0	3.0	114.0	
52.0	4.0	8.0	65.75	0.0	0.0	14.25	3.0	4.0	3.0	114.0	
53.0	2.0	5.5	65.75	2.0	2.5	14.25	3.0	12.0	3.0	114.0	
54.0	4.0	8.0	65.75	0.0	0.0	14.25	3.0	10.0	5.0	114.0	
55.0	4.0	8.0	65.875	0.0	0.0	14.125	3.0	6.0	4.0	113.0	
56.0	4.0	8.0	65.875	0.0	0.0	14.125	3.0	13.0	5.0	113.0	
57.0	4.0	8.0	65.875	0.0	0.0	14.125	3.0	14.0	3.0	113.0	
58.0	4.0	8.0	65.875	0.0	0.0	14.125	3.0	11.0	4.0	113.0	
59.0	2.0	6.0	65.875	2.0	2.0	14.125	3.0	9.0	4.0	113.0	
60.0	2.0	6.0	65.875	2.0	2.0	14.125	3.0	3.0	3.0	113.0	
61.0	8.0	16.0	131.5	0.0	0.0	28.5	4.0	12.0	4.0	228.0	
62.0	8.0	16.0	131.5	0.0	0.0	28.5	4.0	7.0	4.0	228.0	
63.0	6.0	14.0	131.5	2.0	2.0	28.5	4.0	15.0	1.0	228.0	
64.0	7.0	15.0	131.5	1.0	1.0	28.5	4.0	4.0	2.0	228.0	
65.0	6.0	13.5	131.5	2.0	2.5	28.5	4.0	11.0	2.0	228.0	
66.0	8.0	16.0	131.5	0.0	0.0	28.5	4.0	12.0	5.0	228.0	
67.0	8.0	16.0	131.5	0.0	0.0	28.5	4.0	3.0	3.0	228.0	
68.0	6.0	14.0	131.5	2.0	2.0	28.5	4.0	5.0	3.0	228.0	
69.0	8.0	16.0	131.625	0.0	0.0	28.375	4.0	12.0	2.0	227.0	
70.0	8.0	16.0	131.625	0.0	0.0	28.375	4.0	11.0	5.0	227.0	
71.0	8.0	16.0	131.625	0.0	0.0	28.375	4.0	11.0	3.0	227.0	
72.0	8.0	16.0	131.625	0.0	0.0	28.375	4.0	11.0	2.0	227.0	
73.0	4.0	11.5	131.625	4.0	4.5	28.375	4.0	13.0	3.0	227.0	
74.0	8.0	16.0	131.625	0.0	0.0	28.375	4.0	1.0	3.0	227.0	
75.0	6.0	14.0	131.625	2.0	2.0	28.375	4.0	8.0	5.0	227.0	
76.0	7.0	15.0	131.625	1.0	1.0	28.375	4.0	6.0	4.0	227.0	
77.0	6.0	14.0	131.625	2.0	2.0	28.375	4.0	8.0	2.0	227.0	
78.0	6.0	13.5	131.625	2.0	2.5	28.375	4.0	8.0	1.0	227.0	
79.0	4.0	11.5	131.625	4.0	4.5	28.375	4.0	7.0	3.0	227.0	
80.0	6.0	14.0	131.625	2.0	2.0	28.375	4.0	3.0	1.0	227.0	
81.0	12.0	24.0	207.125	0.0	0.0	42.875	5.0	3.0	4.0	343.0	
82.0	10.0	22.0	207.125	2.0	2.0	42.875	5.0	6.0	2.0	343.0	
83.0	10.0	22.0	207.125	2.0	2.0	42.875	5.0	5.0	1.0	343.0	
84.0	10.0	21.5	207.125	2.0	2.5	42.875	5.0	12.0	2.0	343.0	
85.0	10.0	22.0	207.125	2.0	2.0	42.875	5.0	3.0	5.0	343.0	
86.0	8.0	19.5	207.125	4.0	4.5	42.875	5.0	15.0	4.0	343.0	
87.0	12.0	24.0	207.125	0.0	0.0	42.875	5.0	5.0	5.0	343.0	
88.0	12.0	24.0	207.125	0.0	0.0	42.875	5.0	4.0	3.0	343.0	
89.0	12.0	24.0	207.125	0.0	0.0	42.875	5.0	14.0	2.0	343.0	
90.0	12.0	24.0	207.25	0.0	0.0	42.75	5.0	4.0	1.0	342.0	
91.0	12.0	24.0	207.25	0.0	0.0	42.75	5.0	9.0	5.0	342.0	
92.0	12.0	24.0	207.25	0.0	0.0	42.75	5.0	10.0	4.0	342.0	
93.0	11.0	23.0	207.25	1.0	1.0	42.75	5.0	4.0	5.0	342.0	
94.0	12.0	24.0	207.25	0.0	0.0	42.75	5.0	13.0	1.0	342.0	
95.0	10.0	22.0	207.25	2.0	2.0	42.75	5.0	8.0	5.0	342.0	
96.0	10.0	21.5	207.25	2.0	2.5	42.75	5.0	15.0	3.0	342.0	
97.0	8.0	19.5	207.25	4.0	4.5	42.75	5.0	9.0	3.0	342.0	
98.0	12.0	24.0	207.25	0.0	0.0	42.75	5.0	15.0	2.0	342.0	
99.0	11.0	23.0	207.25	1.0	1.0	42.75	5.0	12.0	3.0	342.0	
100.0	12.0	24.0	207.25	0.0	0.0	42.75	5.0	14.0	1.0	342.0	
=====================================================================================================================================================
after 59 commit, VM matrix is (VM #, resource allocated to each VM (vCPU, memory, storage), resource used in each VM (vCPU, memory, storage), which flavour, VM in which PM, and VM in which rack, # blocks stored (each block is 0.125))
=====================================================================================================================================================
1.0	1.0	2.0	16.5	0.0	0.0	3.5	1.0	11.0	3.0	28.0	
2.0	1.0	2.0	16.5	0.0	0.0	3.5	1.0	14.0	1.0	28.0	
3.0	1.0	2.0	16.5	0.0	0.0	3.5	1.0	6.0	4.0	28.0	
4.0	1.0	2.0	16.5	0.0	0.0	3.5	1.0	9.0	4.0	28.0	
5.0	1.0	2.0	16.5	0.0	0.0	3.5	1.0	15.0	2.0	28.0	
6.0	1.0	2.0	16.5	0.0	0.0	3.5	1.0	7.0	1.0	28.0	
7.0	1.0	2.0	16.5	0.0	0.0	3.5	1.0	11.0	1.0	28.0	
8.0	1.0	2.0	16.5	0.0	0.0	3.5	1.0	15.0	3.0	28.0	
9.0	1.0	2.0	16.5	0.0	0.0	3.5	1.0	15.0	5.0	28.0	
10.0	1.0	2.0	16.625	0.0	0.0	3.375	1.0	15.0	1.0	27.0	
11.0	1.0	2.0	16.625	0.0	0.0	3.375	1.0	4.0	4.0	27.0	
12.0	1.0	2.0	16.625	0.0	0.0	3.375	1.0	5.0	3.0	27.0	
13.0	1.0	2.0	16.625	0.0	0.0	3.375	1.0	3.0	1.0	27.0	
14.0	1.0	2.0	16.625	0.0	0.0	3.375	1.0	13.0	5.0	27.0	
15.0	1.0	2.0	16.625	0.0	0.0	3.375	1.0	11.0	1.0	27.0	
16.0	1.0	2.0	16.625	0.0	0.0	3.375	1.0	14.0	2.0	27.0	
17.0	1.0	2.0	16.625	0.0	0.0	3.375	1.0	11.0	4.0	27.0	
18.0	1.0	2.0	16.625	0.0	0.0	3.375	1.0	2.0	5.0	27.0	
19.0	1.0	2.0	16.625	0.0	0.0	3.375	1.0	13.0	4.0	27.0	
20.0	1.0	2.0	16.625	0.0	0.0	3.375	1.0	4.0	5.0	27.0	
21.0	2.0	4.0	32.875	0.0	0.0	7.125	2.0	9.0	1.0	57.0	
22.0	2.0	4.0	32.875	0.0	0.0	7.125	2.0	6.0	2.0	57.0	
23.0	2.0	4.0	32.875	0.0	0.0	7.125	2.0	7.0	3.0	57.0	
24.0	2.0	4.0	32.875	0.0	0.0	7.125	2.0	14.0	4.0	57.0	
25.0	2.0	4.0	32.875	0.0	0.0	7.125	2.0	12.0	2.0	57.0	
26.0	2.0	4.0	32.875	0.0	0.0	7.125	2.0	1.0	2.0	57.0	
27.0	2.0	4.0	32.875	0.0	0.0	7.125	2.0	13.0	4.0	57.0	
28.0	2.0	4.0	32.875	0.0	0.0	7.125	2.0	8.0	1.0	57.0	
29.0	0.0	2.0	32.875	2.0	2.0	7.125	2.0	2.0	5.0	57.0	
30.0	2.0	4.0	32.875	0.0	0.0	7.125	2.0	14.0	1.0	57.0	
31.0	2.0	4.0	32.875	0.0	0.0	7.125	2.0	8.0	1.0	57.0	
32.0	2.0	4.0	32.875	0.0	0.0	7.125	2.0	14.0	3.0	57.0	
33.0	2.0	4.0	32.875	0.0	0.0	7.125	2.0	14.0	1.0	57.0	
34.0	2.0	4.0	32.875	0.0	0.0	7.125	2.0	14.0	1.0	57.0	
35.0	2.0	4.0	32.875	0.0	0.0	7.125	2.0	10.0	5.0	57.0	
36.0	2.0	4.0	32.875	0.0	0.0	7.125	2.0	15.0	4.0	57.0	
37.0	2.0	4.0	32.875	0.0	0.0	7.125	2.0	5.0	2.0	57.0	
38.0	2.0	4.0	32.875	0.0	0.0	7.125	2.0	5.0	5.0	57.0	
39.0	2.0	4.0	32.875	0.0	0.0	7.125	2.0	14.0	2.0	57.0	
40.0	2.0	4.0	32.875	0.0	0.0	7.125	2.0	11.0	3.0	57.0	
41.0	4.0	8.0	65.75	0.0	0.0	14.25	3.0	15.0	4.0	114.0	
42.0	4.0	8.0	65.75	0.0	0.0	14.25	3.0	4.0	1.0	114.0	
43.0	4.0	8.0	65.75	0.0	0.0	14.25	3.0	13.0	1.0	114.0	
44.0	4.0	8.0	65.75	0.0	0.0	14.25	3.0	3.0	5.0	114.0	
45.0	2.0	5.5	65.75	2.0	2.5	14.25	3.0	5.0	4.0	114.0	
46.0	4.0	8.0	65.75	0.0	0.0	14.25	3.0	14.0	3.0	114.0	
47.0	2.0	6.0	65.75	2.0	2.0	14.25	3.0	15.0	5.0	114.0	
48.0	4.0	8.0	65.75	0.0	0.0	14.25	3.0	13.0	4.0	114.0	
49.0	4.0	8.0	65.75	0.0	0.0	14.25	3.0	12.0	1.0	114.0	
50.0	2.0	6.0	65.75	2.0	2.0	14.25	3.0	9.0	1.0	114.0	
51.0	4.0	8.0	65.75	0.0	0.0	14.25	3.0	2.0	3.0	114.0	
52.0	4.0	8.0	65.75	0.0	0.0	14.25	3.0	4.0	3.0	114.0	
53.0	2.0	5.5	65.75	2.0	2.5	14.25	3.0	12.0	3.0	114.0	
54.0	4.0	8.0	65.75	0.0	0.0	14.25	3.0	10.0	5.0	114.0	
55.0	4.0	8.0	65.875	0.0	0.0	14.125	3.0	6.0	4.0	113.0	
56.0	4.0	8.0	65.875	0.0	0.0	14.125	3.0	13.0	5.0	113.0	
57.0	4.0	8.0	65.875	0.0	0.0	14.125	3.0	14.0	3.0	113.0	
58.0	4.0	8.0	65.875	0.0	0.0	14.125	3.0	11.0	4.0	113.0	
59.0	2.0	6.0	65.875	2.0	2.0	14.125	3.0	9.0	4.0	113.0	
60.0	2.0	6.0	65.875	2.0	2.0	14.125	3.0	3.0	3.0	113.0	
61.0	8.0	16.0	131.5	0.0	0.0	28.5	4.0	12.0	4.0	228.0	
62.0	8.0	16.0	131.5	0.0	0.0	28.5	4.0	7.0	4.0	228.0	
63.0	6.0	14.0	131.5	2.0	2.0	28.5	4.0	15.0	1.0	228.0	
64.0	7.0	15.0	131.5	1.0	1.0	28.5	4.0	4.0	2.0	228.0	
65.0	6.0	13.5	131.5	2.0	2.5	28.5	4.0	11.0	2.0	228.0	
66.0	8.0	16.0	131.5	0.0	0.0	28.5	4.0	12.0	5.0	228.0	
67.0	8.0	16.0	131.5	0.0	0.0	28.5	4.0	3.0	3.0	228.0	
68.0	6.0	14.0	131.5	2.0	2.0	28.5	4.0	5.0	3.0	228.0	
69.0	8.0	16.0	131.625	0.0	0.0	28.375	4.0	12.0	2.0	227.0	
70.0	8.0	16.0	131.625	0.0	0.0	28.375	4.0	11.0	5.0	227.0	
71.0	8.0	16.0	131.625	0.0	0.0	28.375	4.0	11.0	3.0	227.0	
72.0	8.0	16.0	131.625	0.0	0.0	28.375	4.0	11.0	2.0	227.0	
73.0	4.0	11.5	131.625	4.0	4.5	28.375	4.0	13.0	3.0	227.0	
74.0	8.0	16.0	131.625	0.0	0.0	28.375	4.0	1.0	3.0	227.0	
75.0	6.0	14.0	131.625	2.0	2.0	28.375	4.0	8.0	5.0	227.0	
76.0	7.0	15.0	131.625	1.0	1.0	28.375	4.0	6.0	4.0	227.0	
77.0	6.0	14.0	131.625	2.0	2.0	28.375	4.0	8.0	2.0	227.0	
78.0	6.0	13.5	131.625	2.0	2.5	28.375	4.0	8.0	1.0	227.0	
79.0	4.0	11.5	131.625	4.0	4.5	28.375	4.0	7.0	3.0	227.0	
80.0	6.0	14.0	131.625	2.0	2.0	28.375	4.0	3.0	1.0	227.0	
81.0	12.0	24.0	207.125	0.0	0.0	42.875	5.0	3.0	4.0	343.0	
82.0	10.0	22.0	207.125	2.0	2.0	42.875	5.0	6.0	2.0	343.0	
83.0	10.0	22.0	207.125	2.0	2.0	42.875	5.0	5.0	1.0	343.0	
84.0	10.0	21.5	207.125	2.0	2.5	42.875	5.0	12.0	2.0	343.0	
85.0	10.0	22.0	207.125	2.0	2.0	42.875	5.0	3.0	5.0	343.0	
86.0	8.0	19.5	207.125	4.0	4.5	42.875	5.0	15.0	4.0	343.0	
87.0	12.0	24.0	207.125	0.0	0.0	42.875	5.0	5.0	5.0	343.0	
88.0	12.0	24.0	207.125	0.0	0.0	42.875	5.0	4.0	3.0	343.0	
89.0	12.0	24.0	207.125	0.0	0.0	42.875	5.0	14.0	2.0	343.0	
90.0	12.0	24.0	207.25	0.0	0.0	42.75	5.0	4.0	1.0	342.0	
91.0	12.0	24.0	207.25	0.0	0.0	42.75	5.0	9.0	5.0	342.0	
92.0	12.0	24.0	207.25	0.0	0.0	42.75	5.0	10.0	4.0	342.0	
93.0	11.0	23.0	207.25	1.0	1.0	42.75	5.0	4.0	5.0	342.0	
94.0	12.0	24.0	207.25	0.0	0.0	42.75	5.0	13.0	1.0	342.0	
95.0	10.0	22.0	207.25	2.0	2.0	42.75	5.0	8.0	5.0	342.0	
96.0	10.0	21.5	207.25	2.0	2.5	42.75	5.0	15.0	3.0	342.0	
97.0	8.0	19.5	207.25	4.0	4.5	42.75	5.0	9.0	3.0	342.0	
98.0	12.0	24.0	207.25	0.0	0.0	42.75	5.0	15.0	2.0	342.0	
99.0	11.0	23.0	207.25	1.0	1.0	42.75	5.0	12.0	3.0	342.0	
100.0	12.0	24.0	207.25	0.0	0.0	42.75	5.0	14.0	1.0	342.0	
=====================================================================================================================================================
after 60 commit, VM matrix is (VM #, resource allocated to each VM (vCPU, memory, storage), resource used in each VM (vCPU, memory, storage), which flavour, VM in which PM, and VM in which rack, # blocks stored (each block is 0.125))
=====================================================================================================================================================
1.0	1.0	2.0	16.5	0.0	0.0	3.5	1.0	11.0	3.0	28.0	
2.0	1.0	2.0	16.5	0.0	0.0	3.5	1.0	14.0	1.0	28.0	
3.0	1.0	2.0	16.5	0.0	0.0	3.5	1.0	6.0	4.0	28.0	
4.0	1.0	2.0	16.5	0.0	0.0	3.5	1.0	9.0	4.0	28.0	
5.0	1.0	2.0	16.5	0.0	0.0	3.5	1.0	15.0	2.0	28.0	
6.0	1.0	2.0	16.5	0.0	0.0	3.5	1.0	7.0	1.0	28.0	
7.0	1.0	2.0	16.5	0.0	0.0	3.5	1.0	11.0	1.0	28.0	
8.0	1.0	2.0	16.5	0.0	0.0	3.5	1.0	15.0	3.0	28.0	
9.0	1.0	2.0	16.5	0.0	0.0	3.5	1.0	15.0	5.0	28.0	
10.0	1.0	2.0	16.625	0.0	0.0	3.375	1.0	15.0	1.0	27.0	
11.0	1.0	2.0	16.625	0.0	0.0	3.375	1.0	4.0	4.0	27.0	
12.0	1.0	2.0	16.625	0.0	0.0	3.375	1.0	5.0	3.0	27.0	
13.0	1.0	2.0	16.625	0.0	0.0	3.375	1.0	3.0	1.0	27.0	
14.0	1.0	2.0	16.625	0.0	0.0	3.375	1.0	13.0	5.0	27.0	
15.0	1.0	2.0	16.625	0.0	0.0	3.375	1.0	11.0	1.0	27.0	
16.0	1.0	2.0	16.625	0.0	0.0	3.375	1.0	14.0	2.0	27.0	
17.0	1.0	2.0	16.625	0.0	0.0	3.375	1.0	11.0	4.0	27.0	
18.0	1.0	2.0	16.625	0.0	0.0	3.375	1.0	2.0	5.0	27.0	
19.0	1.0	2.0	16.625	0.0	0.0	3.375	1.0	13.0	4.0	27.0	
20.0	1.0	2.0	16.625	0.0	0.0	3.375	1.0	4.0	5.0	27.0	
21.0	2.0	4.0	32.875	0.0	0.0	7.125	2.0	9.0	1.0	57.0	
22.0	2.0	4.0	32.875	0.0	0.0	7.125	2.0	6.0	2.0	57.0	
23.0	2.0	4.0	32.875	0.0	0.0	7.125	2.0	7.0	3.0	57.0	
24.0	2.0	4.0	32.875	0.0	0.0	7.125	2.0	14.0	4.0	57.0	
25.0	2.0	4.0	32.875	0.0	0.0	7.125	2.0	12.0	2.0	57.0	
26.0	2.0	4.0	32.875	0.0	0.0	7.125	2.0	1.0	2.0	57.0	
27.0	2.0	4.0	32.875	0.0	0.0	7.125	2.0	13.0	4.0	57.0	
28.0	2.0	4.0	32.875	0.0	0.0	7.125	2.0	8.0	1.0	57.0	
29.0	0.0	2.0	32.875	2.0	2.0	7.125	2.0	2.0	5.0	57.0	
30.0	2.0	4.0	32.875	0.0	0.0	7.125	2.0	14.0	1.0	57.0	
31.0	2.0	4.0	32.875	0.0	0.0	7.125	2.0	8.0	1.0	57.0	
32.0	2.0	4.0	32.875	0.0	0.0	7.125	2.0	14.0	3.0	57.0	
33.0	2.0	4.0	32.875	0.0	0.0	7.125	2.0	14.0	1.0	57.0	
34.0	2.0	4.0	32.875	0.0	0.0	7.125	2.0	14.0	1.0	57.0	
35.0	2.0	4.0	32.875	0.0	0.0	7.125	2.0	10.0	5.0	57.0	
36.0	2.0	4.0	32.875	0.0	0.0	7.125	2.0	15.0	4.0	57.0	
37.0	2.0	4.0	32.875	0.0	0.0	7.125	2.0	5.0	2.0	57.0	
38.0	2.0	4.0	32.875	0.0	0.0	7.125	2.0	5.0	5.0	57.0	
39.0	2.0	4.0	32.875	0.0	0.0	7.125	2.0	14.0	2.0	57.0	
40.0	2.0	4.0	32.875	0.0	0.0	7.125	2.0	11.0	3.0	57.0	
41.0	4.0	8.0	65.75	0.0	0.0	14.25	3.0	15.0	4.0	114.0	
42.0	4.0	8.0	65.75	0.0	0.0	14.25	3.0	4.0	1.0	114.0	
43.0	4.0	8.0	65.75	0.0	0.0	14.25	3.0	13.0	1.0	114.0	
44.0	4.0	8.0	65.75	0.0	0.0	14.25	3.0	3.0	5.0	114.0	
45.0	2.0	5.5	65.75	2.0	2.5	14.25	3.0	5.0	4.0	114.0	
46.0	4.0	8.0	65.75	0.0	0.0	14.25	3.0	14.0	3.0	114.0	
47.0	2.0	6.0	65.75	2.0	2.0	14.25	3.0	15.0	5.0	114.0	
48.0	4.0	8.0	65.75	0.0	0.0	14.25	3.0	13.0	4.0	114.0	
49.0	4.0	8.0	65.75	0.0	0.0	14.25	3.0	12.0	1.0	114.0	
50.0	2.0	6.0	65.75	2.0	2.0	14.25	3.0	9.0	1.0	114.0	
51.0	4.0	8.0	65.75	0.0	0.0	14.25	3.0	2.0	3.0	114.0	
52.0	4.0	8.0	65.75	0.0	0.0	14.25	3.0	4.0	3.0	114.0	
53.0	2.0	5.5	65.75	2.0	2.5	14.25	3.0	12.0	3.0	114.0	
54.0	4.0	8.0	65.75	0.0	0.0	14.25	3.0	10.0	5.0	114.0	
55.0	4.0	8.0	65.875	0.0	0.0	14.125	3.0	6.0	4.0	113.0	
56.0	4.0	8.0	65.875	0.0	0.0	14.125	3.0	13.0	5.0	113.0	
57.0	4.0	8.0	65.875	0.0	0.0	14.125	3.0	14.0	3.0	113.0	
58.0	4.0	8.0	65.875	0.0	0.0	14.125	3.0	11.0	4.0	113.0	
59.0	2.0	6.0	65.875	2.0	2.0	14.125	3.0	9.0	4.0	113.0	
60.0	2.0	6.0	65.875	2.0	2.0	14.125	3.0	3.0	3.0	113.0	
61.0	8.0	16.0	131.5	0.0	0.0	28.5	4.0	12.0	4.0	228.0	
62.0	8.0	16.0	131.5	0.0	0.0	28.5	4.0	7.0	4.0	228.0	
63.0	6.0	14.0	131.5	2.0	2.0	28.5	4.0	15.0	1.0	228.0	
64.0	7.0	15.0	131.5	1.0	1.0	28.5	4.0	4.0	2.0	228.0	
65.0	6.0	13.5	131.5	2.0	2.5	28.5	4.0	11.0	2.0	228.0	
66.0	8.0	16.0	131.5	0.0	0.0	28.5	4.0	12.0	5.0	228.0	
67.0	8.0	16.0	131.5	0.0	0.0	28.5	4.0	3.0	3.0	228.0	
68.0	6.0	14.0	131.5	2.0	2.0	28.5	4.0	5.0	3.0	228.0	
69.0	8.0	16.0	131.625	0.0	0.0	28.375	4.0	12.0	2.0	227.0	
70.0	8.0	16.0	131.625	0.0	0.0	28.375	4.0	11.0	5.0	227.0	
71.0	8.0	16.0	131.625	0.0	0.0	28.375	4.0	11.0	3.0	227.0	
72.0	8.0	16.0	131.625	0.0	0.0	28.375	4.0	11.0	2.0	227.0	
73.0	4.0	11.5	131.625	4.0	4.5	28.375	4.0	13.0	3.0	227.0	
74.0	8.0	16.0	131.625	0.0	0.0	28.375	4.0	1.0	3.0	227.0	
75.0	6.0	14.0	131.625	2.0	2.0	28.375	4.0	8.0	5.0	227.0	
76.0	7.0	15.0	131.625	1.0	1.0	28.375	4.0	6.0	4.0	227.0	
77.0	6.0	14.0	131.625	2.0	2.0	28.375	4.0	8.0	2.0	227.0	
78.0	6.0	13.5	131.625	2.0	2.5	28.375	4.0	8.0	1.0	227.0	
79.0	4.0	11.5	131.625	4.0	4.5	28.375	4.0	7.0	3.0	227.0	
80.0	6.0	14.0	131.625	2.0	2.0	28.375	4.0	3.0	1.0	227.0	
81.0	12.0	24.0	207.125	0.0	0.0	42.875	5.0	3.0	4.0	343.0	
82.0	10.0	22.0	207.125	2.0	2.0	42.875	5.0	6.0	2.0	343.0	
83.0	10.0	22.0	207.125	2.0	2.0	42.875	5.0	5.0	1.0	343.0	
84.0	10.0	21.5	207.125	2.0	2.5	42.875	5.0	12.0	2.0	343.0	
85.0	10.0	22.0	207.125	2.0	2.0	42.875	5.0	3.0	5.0	343.0	
86.0	8.0	19.5	207.125	4.0	4.5	42.875	5.0	15.0	4.0	343.0	
87.0	12.0	24.0	207.125	0.0	0.0	42.875	5.0	5.0	5.0	343.0	
88.0	12.0	24.0	207.125	0.0	0.0	42.875	5.0	4.0	3.0	343.0	
89.0	12.0	24.0	207.125	0.0	0.0	42.875	5.0	14.0	2.0	343.0	
90.0	12.0	24.0	207.25	0.0	0.0	42.75	5.0	4.0	1.0	342.0	
91.0	12.0	24.0	207.25	0.0	0.0	42.75	5.0	9.0	5.0	342.0	
92.0	12.0	24.0	207.25	0.0	0.0	42.75	5.0	10.0	4.0	342.0	
93.0	11.0	23.0	207.25	1.0	1.0	42.75	5.0	4.0	5.0	342.0	
94.0	12.0	24.0	207.25	0.0	0.0	42.75	5.0	13.0	1.0	342.0	
95.0	10.0	22.0	207.25	2.0	2.0	42.75	5.0	8.0	5.0	342.0	
96.0	10.0	21.5	207.25	2.0	2.5	42.75	5.0	15.0	3.0	342.0	
97.0	8.0	19.5	207.25	4.0	4.5	42.75	5.0	9.0	3.0	342.0	
98.0	12.0	24.0	207.25	0.0	0.0	42.75	5.0	15.0	2.0	342.0	
99.0	11.0	23.0	207.25	1.0	1.0	42.75	5.0	12.0	3.0	342.0	
100.0	12.0	24.0	207.25	0.0	0.0	42.75	5.0	14.0	1.0	342.0	
=====================================================================================================================================================
after 61 commit, VM matrix is (VM #, resource allocated to each VM (vCPU, memory, storage), resource used in each VM (vCPU, memory, storage), which flavour, VM in which PM, and VM in which rack, # blocks stored (each block is 0.125))
=====================================================================================================================================================
1.0	1.0	2.0	16.5	0.0	0.0	3.5	1.0	11.0	3.0	28.0	
2.0	1.0	2.0	16.5	0.0	0.0	3.5	1.0	14.0	1.0	28.0	
3.0	1.0	2.0	16.5	0.0	0.0	3.5	1.0	6.0	4.0	28.0	
4.0	1.0	2.0	16.5	0.0	0.0	3.5	1.0	9.0	4.0	28.0	
5.0	1.0	2.0	16.5	0.0	0.0	3.5	1.0	15.0	2.0	28.0	
6.0	1.0	2.0	16.5	0.0	0.0	3.5	1.0	7.0	1.0	28.0	
7.0	1.0	2.0	16.5	0.0	0.0	3.5	1.0	11.0	1.0	28.0	
8.0	1.0	2.0	16.5	0.0	0.0	3.5	1.0	15.0	3.0	28.0	
9.0	1.0	2.0	16.5	0.0	0.0	3.5	1.0	15.0	5.0	28.0	
10.0	1.0	2.0	16.625	0.0	0.0	3.375	1.0	15.0	1.0	27.0	
11.0	1.0	2.0	16.625	0.0	0.0	3.375	1.0	4.0	4.0	27.0	
12.0	1.0	2.0	16.625	0.0	0.0	3.375	1.0	5.0	3.0	27.0	
13.0	1.0	2.0	16.625	0.0	0.0	3.375	1.0	3.0	1.0	27.0	
14.0	1.0	2.0	16.625	0.0	0.0	3.375	1.0	13.0	5.0	27.0	
15.0	1.0	2.0	16.625	0.0	0.0	3.375	1.0	11.0	1.0	27.0	
16.0	1.0	2.0	16.625	0.0	0.0	3.375	1.0	14.0	2.0	27.0	
17.0	1.0	2.0	16.625	0.0	0.0	3.375	1.0	11.0	4.0	27.0	
18.0	1.0	2.0	16.625	0.0	0.0	3.375	1.0	2.0	5.0	27.0	
19.0	1.0	2.0	16.625	0.0	0.0	3.375	1.0	13.0	4.0	27.0	
20.0	1.0	2.0	16.625	0.0	0.0	3.375	1.0	4.0	5.0	27.0	
21.0	2.0	4.0	32.875	0.0	0.0	7.125	2.0	9.0	1.0	57.0	
22.0	2.0	4.0	32.875	0.0	0.0	7.125	2.0	6.0	2.0	57.0	
23.0	2.0	4.0	32.875	0.0	0.0	7.125	2.0	7.0	3.0	57.0	
24.0	2.0	4.0	32.875	0.0	0.0	7.125	2.0	14.0	4.0	57.0	
25.0	2.0	4.0	32.875	0.0	0.0	7.125	2.0	12.0	2.0	57.0	
26.0	2.0	4.0	32.875	0.0	0.0	7.125	2.0	1.0	2.0	57.0	
27.0	2.0	4.0	32.875	0.0	0.0	7.125	2.0	13.0	4.0	57.0	
28.0	2.0	4.0	32.875	0.0	0.0	7.125	2.0	8.0	1.0	57.0	
29.0	0.0	2.0	32.875	2.0	2.0	7.125	2.0	2.0	5.0	57.0	
30.0	2.0	4.0	32.875	0.0	0.0	7.125	2.0	14.0	1.0	57.0	
31.0	2.0	4.0	32.875	0.0	0.0	7.125	2.0	8.0	1.0	57.0	
32.0	2.0	4.0	32.875	0.0	0.0	7.125	2.0	14.0	3.0	57.0	
33.0	2.0	4.0	32.875	0.0	0.0	7.125	2.0	14.0	1.0	57.0	
34.0	2.0	4.0	32.875	0.0	0.0	7.125	2.0	14.0	1.0	57.0	
35.0	2.0	4.0	32.875	0.0	0.0	7.125	2.0	10.0	5.0	57.0	
36.0	2.0	4.0	32.875	0.0	0.0	7.125	2.0	15.0	4.0	57.0	
37.0	2.0	4.0	32.875	0.0	0.0	7.125	2.0	5.0	2.0	57.0	
38.0	2.0	4.0	32.875	0.0	0.0	7.125	2.0	5.0	5.0	57.0	
39.0	2.0	4.0	32.875	0.0	0.0	7.125	2.0	14.0	2.0	57.0	
40.0	2.0	4.0	32.875	0.0	0.0	7.125	2.0	11.0	3.0	57.0	
41.0	4.0	8.0	65.75	0.0	0.0	14.25	3.0	15.0	4.0	114.0	
42.0	4.0	8.0	65.75	0.0	0.0	14.25	3.0	4.0	1.0	114.0	
43.0	4.0	8.0	65.75	0.0	0.0	14.25	3.0	13.0	1.0	114.0	
44.0	4.0	8.0	65.75	0.0	0.0	14.25	3.0	3.0	5.0	114.0	
45.0	2.0	5.5	65.75	2.0	2.5	14.25	3.0	5.0	4.0	114.0	
46.0	4.0	8.0	65.75	0.0	0.0	14.25	3.0	14.0	3.0	114.0	
47.0	2.0	6.0	65.75	2.0	2.0	14.25	3.0	15.0	5.0	114.0	
48.0	4.0	8.0	65.75	0.0	0.0	14.25	3.0	13.0	4.0	114.0	
49.0	4.0	8.0	65.75	0.0	0.0	14.25	3.0	12.0	1.0	114.0	
50.0	2.0	6.0	65.75	2.0	2.0	14.25	3.0	9.0	1.0	114.0	
51.0	4.0	8.0	65.75	0.0	0.0	14.25	3.0	2.0	3.0	114.0	
52.0	4.0	8.0	65.75	0.0	0.0	14.25	3.0	4.0	3.0	114.0	
53.0	2.0	5.5	65.75	2.0	2.5	14.25	3.0	12.0	3.0	114.0	
54.0	4.0	8.0	65.75	0.0	0.0	14.25	3.0	10.0	5.0	114.0	
55.0	4.0	8.0	65.875	0.0	0.0	14.125	3.0	6.0	4.0	113.0	
56.0	4.0	8.0	65.875	0.0	0.0	14.125	3.0	13.0	5.0	113.0	
57.0	4.0	8.0	65.875	0.0	0.0	14.125	3.0	14.0	3.0	113.0	
58.0	4.0	8.0	65.875	0.0	0.0	14.125	3.0	11.0	4.0	113.0	
59.0	2.0	6.0	65.875	2.0	2.0	14.125	3.0	9.0	4.0	113.0	
60.0	2.0	6.0	65.875	2.0	2.0	14.125	3.0	3.0	3.0	113.0	
61.0	8.0	16.0	131.5	0.0	0.0	28.5	4.0	12.0	4.0	228.0	
62.0	8.0	16.0	131.5	0.0	0.0	28.5	4.0	7.0	4.0	228.0	
63.0	6.0	14.0	131.5	2.0	2.0	28.5	4.0	15.0	1.0	228.0	
64.0	7.0	15.0	131.5	1.0	1.0	28.5	4.0	4.0	2.0	228.0	
65.0	6.0	13.5	131.5	2.0	2.5	28.5	4.0	11.0	2.0	228.0	
66.0	8.0	16.0	131.5	0.0	0.0	28.5	4.0	12.0	5.0	228.0	
67.0	8.0	16.0	131.5	0.0	0.0	28.5	4.0	3.0	3.0	228.0	
68.0	6.0	14.0	131.5	2.0	2.0	28.5	4.0	5.0	3.0	228.0	
69.0	8.0	16.0	131.625	0.0	0.0	28.375	4.0	12.0	2.0	227.0	
70.0	8.0	16.0	131.625	0.0	0.0	28.375	4.0	11.0	5.0	227.0	
71.0	8.0	16.0	131.625	0.0	0.0	28.375	4.0	11.0	3.0	227.0	
72.0	8.0	16.0	131.625	0.0	0.0	28.375	4.0	11.0	2.0	227.0	
73.0	4.0	11.5	131.625	4.0	4.5	28.375	4.0	13.0	3.0	227.0	
74.0	8.0	16.0	131.625	0.0	0.0	28.375	4.0	1.0	3.0	227.0	
75.0	6.0	14.0	131.625	2.0	2.0	28.375	4.0	8.0	5.0	227.0	
76.0	7.0	15.0	131.625	1.0	1.0	28.375	4.0	6.0	4.0	227.0	
77.0	6.0	14.0	131.625	2.0	2.0	28.375	4.0	8.0	2.0	227.0	
78.0	6.0	13.5	131.625	2.0	2.5	28.375	4.0	8.0	1.0	227.0	
79.0	4.0	11.5	131.625	4.0	4.5	28.375	4.0	7.0	3.0	227.0	
80.0	6.0	14.0	131.625	2.0	2.0	28.375	4.0	3.0	1.0	227.0	
81.0	12.0	24.0	207.125	0.0	0.0	42.875	5.0	3.0	4.0	343.0	
82.0	10.0	22.0	207.125	2.0	2.0	42.875	5.0	6.0	2.0	343.0	
83.0	10.0	22.0	207.125	2.0	2.0	42.875	5.0	5.0	1.0	343.0	
84.0	10.0	21.5	207.125	2.0	2.5	42.875	5.0	12.0	2.0	343.0	
85.0	10.0	22.0	207.125	2.0	2.0	42.875	5.0	3.0	5.0	343.0	
86.0	8.0	19.5	207.125	4.0	4.5	42.875	5.0	15.0	4.0	343.0	
87.0	12.0	24.0	207.125	0.0	0.0	42.875	5.0	5.0	5.0	343.0	
88.0	12.0	24.0	207.125	0.0	0.0	42.875	5.0	4.0	3.0	343.0	
89.0	12.0	24.0	207.125	0.0	0.0	42.875	5.0	14.0	2.0	343.0	
90.0	12.0	24.0	207.25	0.0	0.0	42.75	5.0	4.0	1.0	342.0	
91.0	12.0	24.0	207.25	0.0	0.0	42.75	5.0	9.0	5.0	342.0	
92.0	12.0	24.0	207.25	0.0	0.0	42.75	5.0	10.0	4.0	342.0	
93.0	11.0	23.0	207.25	1.0	1.0	42.75	5.0	4.0	5.0	342.0	
94.0	12.0	24.0	207.25	0.0	0.0	42.75	5.0	13.0	1.0	342.0	
95.0	10.0	22.0	207.25	2.0	2.0	42.75	5.0	8.0	5.0	342.0	
96.0	10.0	21.5	207.25	2.0	2.5	42.75	5.0	15.0	3.0	342.0	
97.0	8.0	19.5	207.25	4.0	4.5	42.75	5.0	9.0	3.0	342.0	
98.0	12.0	24.0	207.25	0.0	0.0	42.75	5.0	15.0	2.0	342.0	
99.0	11.0	23.0	207.25	1.0	1.0	42.75	5.0	12.0	3.0	342.0	
100.0	12.0	24.0	207.25	0.0	0.0	42.75	5.0	14.0	1.0	342.0	
=====================================================================================================================================================
after 62 commit, VM matrix is (VM #, resource allocated to each VM (vCPU, memory, storage), resource used in each VM (vCPU, memory, storage), which flavour, VM in which PM, and VM in which rack, # blocks stored (each block is 0.125))
=====================================================================================================================================================
1.0	1.0	2.0	16.5	0.0	0.0	3.5	1.0	11.0	3.0	28.0	
2.0	1.0	2.0	16.5	0.0	0.0	3.5	1.0	14.0	1.0	28.0	
3.0	1.0	2.0	16.5	0.0	0.0	3.5	1.0	6.0	4.0	28.0	
4.0	1.0	2.0	16.5	0.0	0.0	3.5	1.0	9.0	4.0	28.0	
5.0	1.0	2.0	16.5	0.0	0.0	3.5	1.0	15.0	2.0	28.0	
6.0	1.0	2.0	16.5	0.0	0.0	3.5	1.0	7.0	1.0	28.0	
7.0	1.0	2.0	16.5	0.0	0.0	3.5	1.0	11.0	1.0	28.0	
8.0	1.0	2.0	16.5	0.0	0.0	3.5	1.0	15.0	3.0	28.0	
9.0	1.0	2.0	16.5	0.0	0.0	3.5	1.0	15.0	5.0	28.0	
10.0	1.0	2.0	16.625	0.0	0.0	3.375	1.0	15.0	1.0	27.0	
11.0	1.0	2.0	16.625	0.0	0.0	3.375	1.0	4.0	4.0	27.0	
12.0	1.0	2.0	16.625	0.0	0.0	3.375	1.0	5.0	3.0	27.0	
13.0	1.0	2.0	16.625	0.0	0.0	3.375	1.0	3.0	1.0	27.0	
14.0	1.0	2.0	16.625	0.0	0.0	3.375	1.0	13.0	5.0	27.0	
15.0	1.0	2.0	16.625	0.0	0.0	3.375	1.0	11.0	1.0	27.0	
16.0	1.0	2.0	16.625	0.0	0.0	3.375	1.0	14.0	2.0	27.0	
17.0	1.0	2.0	16.625	0.0	0.0	3.375	1.0	11.0	4.0	27.0	
18.0	1.0	2.0	16.625	0.0	0.0	3.375	1.0	2.0	5.0	27.0	
19.0	1.0	2.0	16.625	0.0	0.0	3.375	1.0	13.0	4.0	27.0	
20.0	1.0	2.0	16.625	0.0	0.0	3.375	1.0	4.0	5.0	27.0	
21.0	2.0	4.0	32.875	0.0	0.0	7.125	2.0	9.0	1.0	57.0	
22.0	2.0	4.0	32.875	0.0	0.0	7.125	2.0	6.0	2.0	57.0	
23.0	2.0	4.0	32.875	0.0	0.0	7.125	2.0	7.0	3.0	57.0	
24.0	2.0	4.0	32.875	0.0	0.0	7.125	2.0	14.0	4.0	57.0	
25.0	2.0	4.0	32.875	0.0	0.0	7.125	2.0	12.0	2.0	57.0	
26.0	2.0	4.0	32.875	0.0	0.0	7.125	2.0	1.0	2.0	57.0	
27.0	2.0	4.0	32.875	0.0	0.0	7.125	2.0	13.0	4.0	57.0	
28.0	2.0	4.0	32.875	0.0	0.0	7.125	2.0	8.0	1.0	57.0	
29.0	0.0	2.0	32.875	2.0	2.0	7.125	2.0	2.0	5.0	57.0	
30.0	2.0	4.0	32.875	0.0	0.0	7.125	2.0	14.0	1.0	57.0	
31.0	2.0	4.0	32.875	0.0	0.0	7.125	2.0	8.0	1.0	57.0	
32.0	2.0	4.0	32.875	0.0	0.0	7.125	2.0	14.0	3.0	57.0	
33.0	2.0	4.0	32.875	0.0	0.0	7.125	2.0	14.0	1.0	57.0	
34.0	2.0	4.0	32.875	0.0	0.0	7.125	2.0	14.0	1.0	57.0	
35.0	2.0	4.0	32.875	0.0	0.0	7.125	2.0	10.0	5.0	57.0	
36.0	2.0	4.0	32.875	0.0	0.0	7.125	2.0	15.0	4.0	57.0	
37.0	2.0	4.0	32.875	0.0	0.0	7.125	2.0	5.0	2.0	57.0	
38.0	2.0	4.0	32.875	0.0	0.0	7.125	2.0	5.0	5.0	57.0	
39.0	2.0	4.0	32.875	0.0	0.0	7.125	2.0	14.0	2.0	57.0	
40.0	2.0	4.0	32.875	0.0	0.0	7.125	2.0	11.0	3.0	57.0	
41.0	4.0	8.0	65.75	0.0	0.0	14.25	3.0	15.0	4.0	114.0	
42.0	4.0	8.0	65.75	0.0	0.0	14.25	3.0	4.0	1.0	114.0	
43.0	4.0	8.0	65.75	0.0	0.0	14.25	3.0	13.0	1.0	114.0	
44.0	4.0	8.0	65.75	0.0	0.0	14.25	3.0	3.0	5.0	114.0	
45.0	2.0	5.5	65.75	2.0	2.5	14.25	3.0	5.0	4.0	114.0	
46.0	4.0	8.0	65.75	0.0	0.0	14.25	3.0	14.0	3.0	114.0	
47.0	2.0	6.0	65.75	2.0	2.0	14.25	3.0	15.0	5.0	114.0	
48.0	4.0	8.0	65.75	0.0	0.0	14.25	3.0	13.0	4.0	114.0	
49.0	4.0	8.0	65.75	0.0	0.0	14.25	3.0	12.0	1.0	114.0	
50.0	2.0	6.0	65.75	2.0	2.0	14.25	3.0	9.0	1.0	114.0	
51.0	4.0	8.0	65.75	0.0	0.0	14.25	3.0	2.0	3.0	114.0	
52.0	4.0	8.0	65.75	0.0	0.0	14.25	3.0	4.0	3.0	114.0	
53.0	2.0	5.5	65.75	2.0	2.5	14.25	3.0	12.0	3.0	114.0	
54.0	4.0	8.0	65.75	0.0	0.0	14.25	3.0	10.0	5.0	114.0	
55.0	4.0	8.0	65.875	0.0	0.0	14.125	3.0	6.0	4.0	113.0	
56.0	4.0	8.0	65.875	0.0	0.0	14.125	3.0	13.0	5.0	113.0	
57.0	4.0	8.0	65.875	0.0	0.0	14.125	3.0	14.0	3.0	113.0	
58.0	4.0	8.0	65.875	0.0	0.0	14.125	3.0	11.0	4.0	113.0	
59.0	2.0	6.0	65.875	2.0	2.0	14.125	3.0	9.0	4.0	113.0	
60.0	2.0	6.0	65.875	2.0	2.0	14.125	3.0	3.0	3.0	113.0	
61.0	8.0	16.0	131.5	0.0	0.0	28.5	4.0	12.0	4.0	228.0	
62.0	8.0	16.0	131.5	0.0	0.0	28.5	4.0	7.0	4.0	228.0	
63.0	6.0	14.0	131.5	2.0	2.0	28.5	4.0	15.0	1.0	228.0	
64.0	7.0	15.0	131.5	1.0	1.0	28.5	4.0	4.0	2.0	228.0	
65.0	6.0	13.5	131.5	2.0	2.5	28.5	4.0	11.0	2.0	228.0	
66.0	8.0	16.0	131.5	0.0	0.0	28.5	4.0	12.0	5.0	228.0	
67.0	8.0	16.0	131.5	0.0	0.0	28.5	4.0	3.0	3.0	228.0	
68.0	6.0	14.0	131.5	2.0	2.0	28.5	4.0	5.0	3.0	228.0	
69.0	8.0	16.0	131.625	0.0	0.0	28.375	4.0	12.0	2.0	227.0	
70.0	8.0	16.0	131.625	0.0	0.0	28.375	4.0	11.0	5.0	227.0	
71.0	8.0	16.0	131.625	0.0	0.0	28.375	4.0	11.0	3.0	227.0	
72.0	8.0	16.0	131.625	0.0	0.0	28.375	4.0	11.0	2.0	227.0	
73.0	4.0	11.5	131.625	4.0	4.5	28.375	4.0	13.0	3.0	227.0	
74.0	8.0	16.0	131.625	0.0	0.0	28.375	4.0	1.0	3.0	227.0	
75.0	6.0	14.0	131.625	2.0	2.0	28.375	4.0	8.0	5.0	227.0	
76.0	7.0	15.0	131.625	1.0	1.0	28.375	4.0	6.0	4.0	227.0	
77.0	6.0	14.0	131.625	2.0	2.0	28.375	4.0	8.0	2.0	227.0	
78.0	6.0	13.5	131.625	2.0	2.5	28.375	4.0	8.0	1.0	227.0	
79.0	4.0	11.5	131.625	4.0	4.5	28.375	4.0	7.0	3.0	227.0	
80.0	6.0	14.0	131.625	2.0	2.0	28.375	4.0	3.0	1.0	227.0	
81.0	12.0	24.0	207.125	0.0	0.0	42.875	5.0	3.0	4.0	343.0	
82.0	10.0	22.0	207.125	2.0	2.0	42.875	5.0	6.0	2.0	343.0	
83.0	10.0	22.0	207.125	2.0	2.0	42.875	5.0	5.0	1.0	343.0	
84.0	10.0	21.5	207.125	2.0	2.5	42.875	5.0	12.0	2.0	343.0	
85.0	10.0	22.0	207.125	2.0	2.0	42.875	5.0	3.0	5.0	343.0	
86.0	8.0	19.5	207.125	4.0	4.5	42.875	5.0	15.0	4.0	343.0	
87.0	12.0	24.0	207.125	0.0	0.0	42.875	5.0	5.0	5.0	343.0	
88.0	12.0	24.0	207.125	0.0	0.0	42.875	5.0	4.0	3.0	343.0	
89.0	12.0	24.0	207.125	0.0	0.0	42.875	5.0	14.0	2.0	343.0	
90.0	12.0	24.0	207.25	0.0	0.0	42.75	5.0	4.0	1.0	342.0	
91.0	12.0	24.0	207.25	0.0	0.0	42.75	5.0	9.0	5.0	342.0	
92.0	12.0	24.0	207.25	0.0	0.0	42.75	5.0	10.0	4.0	342.0	
93.0	11.0	23.0	207.25	1.0	1.0	42.75	5.0	4.0	5.0	342.0	
94.0	12.0	24.0	207.25	0.0	0.0	42.75	5.0	13.0	1.0	342.0	
95.0	10.0	22.0	207.25	2.0	2.0	42.75	5.0	8.0	5.0	342.0	
96.0	10.0	21.5	207.25	2.0	2.5	42.75	5.0	15.0	3.0	342.0	
97.0	8.0	19.5	207.25	4.0	4.5	42.75	5.0	9.0	3.0	342.0	
98.0	12.0	24.0	207.25	0.0	0.0	42.75	5.0	15.0	2.0	342.0	
99.0	11.0	23.0	207.25	1.0	1.0	42.75	5.0	12.0	3.0	342.0	
100.0	12.0	24.0	207.25	0.0	0.0	42.75	5.0	14.0	1.0	342.0	
=====================================================================================================================================================
after 63 commit, VM matrix is (VM #, resource allocated to each VM (vCPU, memory, storage), resource used in each VM (vCPU, memory, storage), which flavour, VM in which PM, and VM in which rack, # blocks stored (each block is 0.125))
=====================================================================================================================================================
1.0	1.0	2.0	16.5	0.0	0.0	3.5	1.0	11.0	3.0	28.0	
2.0	1.0	2.0	16.5	0.0	0.0	3.5	1.0	14.0	1.0	28.0	
3.0	1.0	2.0	16.5	0.0	0.0	3.5	1.0	6.0	4.0	28.0	
4.0	1.0	2.0	16.5	0.0	0.0	3.5	1.0	9.0	4.0	28.0	
5.0	1.0	2.0	16.5	0.0	0.0	3.5	1.0	15.0	2.0	28.0	
6.0	1.0	2.0	16.5	0.0	0.0	3.5	1.0	7.0	1.0	28.0	
7.0	1.0	2.0	16.5	0.0	0.0	3.5	1.0	11.0	1.0	28.0	
8.0	1.0	2.0	16.5	0.0	0.0	3.5	1.0	15.0	3.0	28.0	
9.0	1.0	2.0	16.5	0.0	0.0	3.5	1.0	15.0	5.0	28.0	
10.0	1.0	2.0	16.625	0.0	0.0	3.375	1.0	15.0	1.0	27.0	
11.0	1.0	2.0	16.625	0.0	0.0	3.375	1.0	4.0	4.0	27.0	
12.0	1.0	2.0	16.625	0.0	0.0	3.375	1.0	5.0	3.0	27.0	
13.0	1.0	2.0	16.625	0.0	0.0	3.375	1.0	3.0	1.0	27.0	
14.0	1.0	2.0	16.625	0.0	0.0	3.375	1.0	13.0	5.0	27.0	
15.0	1.0	2.0	16.625	0.0	0.0	3.375	1.0	11.0	1.0	27.0	
16.0	1.0	2.0	16.625	0.0	0.0	3.375	1.0	14.0	2.0	27.0	
17.0	1.0	2.0	16.625	0.0	0.0	3.375	1.0	11.0	4.0	27.0	
18.0	1.0	2.0	16.625	0.0	0.0	3.375	1.0	2.0	5.0	27.0	
19.0	1.0	2.0	16.625	0.0	0.0	3.375	1.0	13.0	4.0	27.0	
20.0	1.0	2.0	16.625	0.0	0.0	3.375	1.0	4.0	5.0	27.0	
21.0	2.0	4.0	32.875	0.0	0.0	7.125	2.0	9.0	1.0	57.0	
22.0	2.0	4.0	32.875	0.0	0.0	7.125	2.0	6.0	2.0	57.0	
23.0	2.0	4.0	32.875	0.0	0.0	7.125	2.0	7.0	3.0	57.0	
24.0	2.0	4.0	32.875	0.0	0.0	7.125	2.0	14.0	4.0	57.0	
25.0	2.0	4.0	32.875	0.0	0.0	7.125	2.0	12.0	2.0	57.0	
26.0	2.0	4.0	32.875	0.0	0.0	7.125	2.0	1.0	2.0	57.0	
27.0	2.0	4.0	32.875	0.0	0.0	7.125	2.0	13.0	4.0	57.0	
28.0	2.0	4.0	32.875	0.0	0.0	7.125	2.0	8.0	1.0	57.0	
29.0	0.0	2.0	32.875	2.0	2.0	7.125	2.0	2.0	5.0	57.0	
30.0	2.0	4.0	32.875	0.0	0.0	7.125	2.0	14.0	1.0	57.0	
31.0	2.0	4.0	32.875	0.0	0.0	7.125	2.0	8.0	1.0	57.0	
32.0	2.0	4.0	32.875	0.0	0.0	7.125	2.0	14.0	3.0	57.0	
33.0	2.0	4.0	32.875	0.0	0.0	7.125	2.0	14.0	1.0	57.0	
34.0	2.0	4.0	32.875	0.0	0.0	7.125	2.0	14.0	1.0	57.0	
35.0	2.0	4.0	32.875	0.0	0.0	7.125	2.0	10.0	5.0	57.0	
36.0	2.0	4.0	32.875	0.0	0.0	7.125	2.0	15.0	4.0	57.0	
37.0	2.0	4.0	32.875	0.0	0.0	7.125	2.0	5.0	2.0	57.0	
38.0	2.0	4.0	32.875	0.0	0.0	7.125	2.0	5.0	5.0	57.0	
39.0	2.0	4.0	32.875	0.0	0.0	7.125	2.0	14.0	2.0	57.0	
40.0	2.0	4.0	32.875	0.0	0.0	7.125	2.0	11.0	3.0	57.0	
41.0	4.0	8.0	65.75	0.0	0.0	14.25	3.0	15.0	4.0	114.0	
42.0	4.0	8.0	65.75	0.0	0.0	14.25	3.0	4.0	1.0	114.0	
43.0	4.0	8.0	65.75	0.0	0.0	14.25	3.0	13.0	1.0	114.0	
44.0	4.0	8.0	65.75	0.0	0.0	14.25	3.0	3.0	5.0	114.0	
45.0	2.0	5.5	65.75	2.0	2.5	14.25	3.0	5.0	4.0	114.0	
46.0	4.0	8.0	65.75	0.0	0.0	14.25	3.0	14.0	3.0	114.0	
47.0	2.0	6.0	65.75	2.0	2.0	14.25	3.0	15.0	5.0	114.0	
48.0	4.0	8.0	65.75	0.0	0.0	14.25	3.0	13.0	4.0	114.0	
49.0	4.0	8.0	65.75	0.0	0.0	14.25	3.0	12.0	1.0	114.0	
50.0	2.0	6.0	65.75	2.0	2.0	14.25	3.0	9.0	1.0	114.0	
51.0	4.0	8.0	65.75	0.0	0.0	14.25	3.0	2.0	3.0	114.0	
52.0	4.0	8.0	65.75	0.0	0.0	14.25	3.0	4.0	3.0	114.0	
53.0	2.0	5.5	65.75	2.0	2.5	14.25	3.0	12.0	3.0	114.0	
54.0	4.0	8.0	65.75	0.0	0.0	14.25	3.0	10.0	5.0	114.0	
55.0	4.0	8.0	65.875	0.0	0.0	14.125	3.0	6.0	4.0	113.0	
56.0	4.0	8.0	65.875	0.0	0.0	14.125	3.0	13.0	5.0	113.0	
57.0	4.0	8.0	65.875	0.0	0.0	14.125	3.0	14.0	3.0	113.0	
58.0	4.0	8.0	65.875	0.0	0.0	14.125	3.0	11.0	4.0	113.0	
59.0	2.0	6.0	65.875	2.0	2.0	14.125	3.0	9.0	4.0	113.0	
60.0	2.0	6.0	65.875	2.0	2.0	14.125	3.0	3.0	3.0	113.0	
61.0	8.0	16.0	131.5	0.0	0.0	28.5	4.0	12.0	4.0	228.0	
62.0	8.0	16.0	131.5	0.0	0.0	28.5	4.0	7.0	4.0	228.0	
63.0	6.0	14.0	131.5	2.0	2.0	28.5	4.0	15.0	1.0	228.0	
64.0	7.0	15.0	131.5	1.0	1.0	28.5	4.0	4.0	2.0	228.0	
65.0	6.0	13.5	131.5	2.0	2.5	28.5	4.0	11.0	2.0	228.0	
66.0	8.0	16.0	131.5	0.0	0.0	28.5	4.0	12.0	5.0	228.0	
67.0	8.0	16.0	131.5	0.0	0.0	28.5	4.0	3.0	3.0	228.0	
68.0	6.0	14.0	131.5	2.0	2.0	28.5	4.0	5.0	3.0	228.0	
69.0	8.0	16.0	131.625	0.0	0.0	28.375	4.0	12.0	2.0	227.0	
70.0	8.0	16.0	131.625	0.0	0.0	28.375	4.0	11.0	5.0	227.0	
71.0	8.0	16.0	131.625	0.0	0.0	28.375	4.0	11.0	3.0	227.0	
72.0	8.0	16.0	131.625	0.0	0.0	28.375	4.0	11.0	2.0	227.0	
73.0	4.0	11.5	131.625	4.0	4.5	28.375	4.0	13.0	3.0	227.0	
74.0	8.0	16.0	131.625	0.0	0.0	28.375	4.0	1.0	3.0	227.0	
75.0	6.0	14.0	131.625	2.0	2.0	28.375	4.0	8.0	5.0	227.0	
76.0	7.0	15.0	131.625	1.0	1.0	28.375	4.0	6.0	4.0	227.0	
77.0	6.0	14.0	131.625	2.0	2.0	28.375	4.0	8.0	2.0	227.0	
78.0	6.0	13.5	131.625	2.0	2.5	28.375	4.0	8.0	1.0	227.0	
79.0	4.0	11.5	131.625	4.0	4.5	28.375	4.0	7.0	3.0	227.0	
80.0	6.0	14.0	131.625	2.0	2.0	28.375	4.0	3.0	1.0	227.0	
81.0	12.0	24.0	207.125	0.0	0.0	42.875	5.0	3.0	4.0	343.0	
82.0	10.0	22.0	207.125	2.0	2.0	42.875	5.0	6.0	2.0	343.0	
83.0	10.0	22.0	207.125	2.0	2.0	42.875	5.0	5.0	1.0	343.0	
84.0	10.0	21.5	207.125	2.0	2.5	42.875	5.0	12.0	2.0	343.0	
85.0	10.0	22.0	207.125	2.0	2.0	42.875	5.0	3.0	5.0	343.0	
86.0	8.0	19.5	207.125	4.0	4.5	42.875	5.0	15.0	4.0	343.0	
87.0	12.0	24.0	207.125	0.0	0.0	42.875	5.0	5.0	5.0	343.0	
88.0	12.0	24.0	207.125	0.0	0.0	42.875	5.0	4.0	3.0	343.0	
89.0	12.0	24.0	207.125	0.0	0.0	42.875	5.0	14.0	2.0	343.0	
90.0	12.0	24.0	207.25	0.0	0.0	42.75	5.0	4.0	1.0	342.0	
91.0	12.0	24.0	207.25	0.0	0.0	42.75	5.0	9.0	5.0	342.0	
92.0	12.0	24.0	207.25	0.0	0.0	42.75	5.0	10.0	4.0	342.0	
93.0	11.0	23.0	207.25	1.0	1.0	42.75	5.0	4.0	5.0	342.0	
94.0	12.0	24.0	207.25	0.0	0.0	42.75	5.0	13.0	1.0	342.0	
95.0	10.0	22.0	207.25	2.0	2.0	42.75	5.0	8.0	5.0	342.0	
96.0	10.0	21.5	207.25	2.0	2.5	42.75	5.0	15.0	3.0	342.0	
97.0	8.0	19.5	207.25	4.0	4.5	42.75	5.0	9.0	3.0	342.0	
98.0	12.0	24.0	207.25	0.0	0.0	42.75	5.0	15.0	2.0	342.0	
99.0	11.0	23.0	207.25	1.0	1.0	42.75	5.0	12.0	3.0	342.0	
100.0	12.0	24.0	207.25	0.0	0.0	42.75	5.0	14.0	1.0	342.0	
=====================================================================================================================================================
after 64 commit, VM matrix is (VM #, resource allocated to each VM (vCPU, memory, storage), resource used in each VM (vCPU, memory, storage), which flavour, VM in which PM, and VM in which rack, # blocks stored (each block is 0.125))
=====================================================================================================================================================
1.0	1.0	2.0	16.5	0.0	0.0	3.5	1.0	11.0	3.0	28.0	
2.0	1.0	2.0	16.5	0.0	0.0	3.5	1.0	14.0	1.0	28.0	
3.0	1.0	2.0	16.5	0.0	0.0	3.5	1.0	6.0	4.0	28.0	
4.0	1.0	2.0	16.5	0.0	0.0	3.5	1.0	9.0	4.0	28.0	
5.0	1.0	2.0	16.5	0.0	0.0	3.5	1.0	15.0	2.0	28.0	
6.0	1.0	2.0	16.5	0.0	0.0	3.5	1.0	7.0	1.0	28.0	
7.0	1.0	2.0	16.5	0.0	0.0	3.5	1.0	11.0	1.0	28.0	
8.0	1.0	2.0	16.5	0.0	0.0	3.5	1.0	15.0	3.0	28.0	
9.0	1.0	2.0	16.5	0.0	0.0	3.5	1.0	15.0	5.0	28.0	
10.0	1.0	2.0	16.625	0.0	0.0	3.375	1.0	15.0	1.0	27.0	
11.0	1.0	2.0	16.625	0.0	0.0	3.375	1.0	4.0	4.0	27.0	
12.0	1.0	2.0	16.625	0.0	0.0	3.375	1.0	5.0	3.0	27.0	
13.0	1.0	2.0	16.625	0.0	0.0	3.375	1.0	3.0	1.0	27.0	
14.0	1.0	2.0	16.625	0.0	0.0	3.375	1.0	13.0	5.0	27.0	
15.0	1.0	2.0	16.625	0.0	0.0	3.375	1.0	11.0	1.0	27.0	
16.0	1.0	2.0	16.625	0.0	0.0	3.375	1.0	14.0	2.0	27.0	
17.0	1.0	2.0	16.625	0.0	0.0	3.375	1.0	11.0	4.0	27.0	
18.0	1.0	2.0	16.625	0.0	0.0	3.375	1.0	2.0	5.0	27.0	
19.0	1.0	2.0	16.625	0.0	0.0	3.375	1.0	13.0	4.0	27.0	
20.0	1.0	2.0	16.625	0.0	0.0	3.375	1.0	4.0	5.0	27.0	
21.0	2.0	4.0	32.875	0.0	0.0	7.125	2.0	9.0	1.0	57.0	
22.0	2.0	4.0	32.875	0.0	0.0	7.125	2.0	6.0	2.0	57.0	
23.0	2.0	4.0	32.875	0.0	0.0	7.125	2.0	7.0	3.0	57.0	
24.0	2.0	4.0	32.875	0.0	0.0	7.125	2.0	14.0	4.0	57.0	
25.0	2.0	4.0	32.875	0.0	0.0	7.125	2.0	12.0	2.0	57.0	
26.0	2.0	4.0	32.875	0.0	0.0	7.125	2.0	1.0	2.0	57.0	
27.0	2.0	4.0	32.875	0.0	0.0	7.125	2.0	13.0	4.0	57.0	
28.0	2.0	4.0	32.875	0.0	0.0	7.125	2.0	8.0	1.0	57.0	
29.0	0.0	2.0	32.875	2.0	2.0	7.125	2.0	2.0	5.0	57.0	
30.0	2.0	4.0	32.875	0.0	0.0	7.125	2.0	14.0	1.0	57.0	
31.0	2.0	4.0	32.875	0.0	0.0	7.125	2.0	8.0	1.0	57.0	
32.0	2.0	4.0	32.875	0.0	0.0	7.125	2.0	14.0	3.0	57.0	
33.0	2.0	4.0	32.875	0.0	0.0	7.125	2.0	14.0	1.0	57.0	
34.0	2.0	4.0	32.875	0.0	0.0	7.125	2.0	14.0	1.0	57.0	
35.0	2.0	4.0	32.875	0.0	0.0	7.125	2.0	10.0	5.0	57.0	
36.0	2.0	4.0	32.875	0.0	0.0	7.125	2.0	15.0	4.0	57.0	
37.0	2.0	4.0	32.875	0.0	0.0	7.125	2.0	5.0	2.0	57.0	
38.0	2.0	4.0	32.875	0.0	0.0	7.125	2.0	5.0	5.0	57.0	
39.0	2.0	4.0	32.875	0.0	0.0	7.125	2.0	14.0	2.0	57.0	
40.0	2.0	4.0	32.875	0.0	0.0	7.125	2.0	11.0	3.0	57.0	
41.0	4.0	8.0	65.75	0.0	0.0	14.25	3.0	15.0	4.0	114.0	
42.0	4.0	8.0	65.75	0.0	0.0	14.25	3.0	4.0	1.0	114.0	
43.0	4.0	8.0	65.75	0.0	0.0	14.25	3.0	13.0	1.0	114.0	
44.0	4.0	8.0	65.75	0.0	0.0	14.25	3.0	3.0	5.0	114.0	
45.0	2.0	5.5	65.75	2.0	2.5	14.25	3.0	5.0	4.0	114.0	
46.0	4.0	8.0	65.75	0.0	0.0	14.25	3.0	14.0	3.0	114.0	
47.0	2.0	6.0	65.75	2.0	2.0	14.25	3.0	15.0	5.0	114.0	
48.0	4.0	8.0	65.75	0.0	0.0	14.25	3.0	13.0	4.0	114.0	
49.0	4.0	8.0	65.75	0.0	0.0	14.25	3.0	12.0	1.0	114.0	
50.0	2.0	6.0	65.75	2.0	2.0	14.25	3.0	9.0	1.0	114.0	
51.0	4.0	8.0	65.75	0.0	0.0	14.25	3.0	2.0	3.0	114.0	
52.0	4.0	8.0	65.75	0.0	0.0	14.25	3.0	4.0	3.0	114.0	
53.0	2.0	5.5	65.75	2.0	2.5	14.25	3.0	12.0	3.0	114.0	
54.0	4.0	8.0	65.75	0.0	0.0	14.25	3.0	10.0	5.0	114.0	
55.0	4.0	8.0	65.875	0.0	0.0	14.125	3.0	6.0	4.0	113.0	
56.0	4.0	8.0	65.875	0.0	0.0	14.125	3.0	13.0	5.0	113.0	
57.0	4.0	8.0	65.875	0.0	0.0	14.125	3.0	14.0	3.0	113.0	
58.0	4.0	8.0	65.875	0.0	0.0	14.125	3.0	11.0	4.0	113.0	
59.0	2.0	6.0	65.875	2.0	2.0	14.125	3.0	9.0	4.0	113.0	
60.0	2.0	6.0	65.875	2.0	2.0	14.125	3.0	3.0	3.0	113.0	
61.0	8.0	16.0	131.5	0.0	0.0	28.5	4.0	12.0	4.0	228.0	
62.0	8.0	16.0	131.5	0.0	0.0	28.5	4.0	7.0	4.0	228.0	
63.0	6.0	14.0	131.5	2.0	2.0	28.5	4.0	15.0	1.0	228.0	
64.0	7.0	15.0	131.5	1.0	1.0	28.5	4.0	4.0	2.0	228.0	
65.0	6.0	13.5	131.5	2.0	2.5	28.5	4.0	11.0	2.0	228.0	
66.0	8.0	16.0	131.5	0.0	0.0	28.5	4.0	12.0	5.0	228.0	
67.0	8.0	16.0	131.5	0.0	0.0	28.5	4.0	3.0	3.0	228.0	
68.0	6.0	14.0	131.5	2.0	2.0	28.5	4.0	5.0	3.0	228.0	
69.0	8.0	16.0	131.625	0.0	0.0	28.375	4.0	12.0	2.0	227.0	
70.0	8.0	16.0	131.625	0.0	0.0	28.375	4.0	11.0	5.0	227.0	
71.0	8.0	16.0	131.625	0.0	0.0	28.375	4.0	11.0	3.0	227.0	
72.0	8.0	16.0	131.625	0.0	0.0	28.375	4.0	11.0	2.0	227.0	
73.0	4.0	11.5	131.625	4.0	4.5	28.375	4.0	13.0	3.0	227.0	
74.0	8.0	16.0	131.625	0.0	0.0	28.375	4.0	1.0	3.0	227.0	
75.0	6.0	14.0	131.625	2.0	2.0	28.375	4.0	8.0	5.0	227.0	
76.0	7.0	15.0	131.625	1.0	1.0	28.375	4.0	6.0	4.0	227.0	
77.0	6.0	14.0	131.625	2.0	2.0	28.375	4.0	8.0	2.0	227.0	
78.0	6.0	13.5	131.625	2.0	2.5	28.375	4.0	8.0	1.0	227.0	
79.0	4.0	11.5	131.625	4.0	4.5	28.375	4.0	7.0	3.0	227.0	
80.0	6.0	14.0	131.625	2.0	2.0	28.375	4.0	3.0	1.0	227.0	
81.0	12.0	24.0	207.125	0.0	0.0	42.875	5.0	3.0	4.0	343.0	
82.0	10.0	22.0	207.125	2.0	2.0	42.875	5.0	6.0	2.0	343.0	
83.0	10.0	22.0	207.125	2.0	2.0	42.875	5.0	5.0	1.0	343.0	
84.0	10.0	21.5	207.125	2.0	2.5	42.875	5.0	12.0	2.0	343.0	
85.0	10.0	22.0	207.125	2.0	2.0	42.875	5.0	3.0	5.0	343.0	
86.0	8.0	19.5	207.125	4.0	4.5	42.875	5.0	15.0	4.0	343.0	
87.0	12.0	24.0	207.125	0.0	0.0	42.875	5.0	5.0	5.0	343.0	
88.0	12.0	24.0	207.125	0.0	0.0	42.875	5.0	4.0	3.0	343.0	
89.0	12.0	24.0	207.125	0.0	0.0	42.875	5.0	14.0	2.0	343.0	
90.0	12.0	24.0	207.25	0.0	0.0	42.75	5.0	4.0	1.0	342.0	
91.0	12.0	24.0	207.25	0.0	0.0	42.75	5.0	9.0	5.0	342.0	
92.0	12.0	24.0	207.25	0.0	0.0	42.75	5.0	10.0	4.0	342.0	
93.0	11.0	23.0	207.25	1.0	1.0	42.75	5.0	4.0	5.0	342.0	
94.0	12.0	24.0	207.25	0.0	0.0	42.75	5.0	13.0	1.0	342.0	
95.0	10.0	22.0	207.25	2.0	2.0	42.75	5.0	8.0	5.0	342.0	
96.0	10.0	21.5	207.25	2.0	2.5	42.75	5.0	15.0	3.0	342.0	
97.0	8.0	19.5	207.25	4.0	4.5	42.75	5.0	9.0	3.0	342.0	
98.0	12.0	24.0	207.25	0.0	0.0	42.75	5.0	15.0	2.0	342.0	
99.0	11.0	23.0	207.25	1.0	1.0	42.75	5.0	12.0	3.0	342.0	
100.0	12.0	24.0	207.25	0.0	0.0	42.75	5.0	14.0	1.0	342.0	
=====================================================================================================================================================
after 65 commit, VM matrix is (VM #, resource allocated to each VM (vCPU, memory, storage), resource used in each VM (vCPU, memory, storage), which flavour, VM in which PM, and VM in which rack, # blocks stored (each block is 0.125))
=====================================================================================================================================================
1.0	1.0	2.0	16.5	0.0	0.0	3.5	1.0	11.0	3.0	28.0	
2.0	1.0	2.0	16.5	0.0	0.0	3.5	1.0	14.0	1.0	28.0	
3.0	1.0	2.0	16.5	0.0	0.0	3.5	1.0	6.0	4.0	28.0	
4.0	1.0	2.0	16.5	0.0	0.0	3.5	1.0	9.0	4.0	28.0	
5.0	1.0	2.0	16.5	0.0	0.0	3.5	1.0	15.0	2.0	28.0	
6.0	1.0	2.0	16.5	0.0	0.0	3.5	1.0	7.0	1.0	28.0	
7.0	1.0	2.0	16.5	0.0	0.0	3.5	1.0	11.0	1.0	28.0	
8.0	1.0	2.0	16.5	0.0	0.0	3.5	1.0	15.0	3.0	28.0	
9.0	1.0	2.0	16.5	0.0	0.0	3.5	1.0	15.0	5.0	28.0	
10.0	1.0	2.0	16.625	0.0	0.0	3.375	1.0	15.0	1.0	27.0	
11.0	1.0	2.0	16.625	0.0	0.0	3.375	1.0	4.0	4.0	27.0	
12.0	1.0	2.0	16.625	0.0	0.0	3.375	1.0	5.0	3.0	27.0	
13.0	1.0	2.0	16.625	0.0	0.0	3.375	1.0	3.0	1.0	27.0	
14.0	1.0	2.0	16.625	0.0	0.0	3.375	1.0	13.0	5.0	27.0	
15.0	1.0	2.0	16.625	0.0	0.0	3.375	1.0	11.0	1.0	27.0	
16.0	1.0	2.0	16.625	0.0	0.0	3.375	1.0	14.0	2.0	27.0	
17.0	1.0	2.0	16.625	0.0	0.0	3.375	1.0	11.0	4.0	27.0	
18.0	1.0	2.0	16.625	0.0	0.0	3.375	1.0	2.0	5.0	27.0	
19.0	1.0	2.0	16.625	0.0	0.0	3.375	1.0	13.0	4.0	27.0	
20.0	1.0	2.0	16.625	0.0	0.0	3.375	1.0	4.0	5.0	27.0	
21.0	2.0	4.0	32.875	0.0	0.0	7.125	2.0	9.0	1.0	57.0	
22.0	2.0	4.0	32.875	0.0	0.0	7.125	2.0	6.0	2.0	57.0	
23.0	2.0	4.0	32.875	0.0	0.0	7.125	2.0	7.0	3.0	57.0	
24.0	2.0	4.0	32.875	0.0	0.0	7.125	2.0	14.0	4.0	57.0	
25.0	2.0	4.0	32.875	0.0	0.0	7.125	2.0	12.0	2.0	57.0	
26.0	2.0	4.0	32.875	0.0	0.0	7.125	2.0	1.0	2.0	57.0	
27.0	2.0	4.0	32.875	0.0	0.0	7.125	2.0	13.0	4.0	57.0	
28.0	2.0	4.0	32.875	0.0	0.0	7.125	2.0	8.0	1.0	57.0	
29.0	0.0	2.0	32.875	2.0	2.0	7.125	2.0	2.0	5.0	57.0	
30.0	2.0	4.0	32.875	0.0	0.0	7.125	2.0	14.0	1.0	57.0	
31.0	2.0	4.0	32.875	0.0	0.0	7.125	2.0	8.0	1.0	57.0	
32.0	2.0	4.0	32.875	0.0	0.0	7.125	2.0	14.0	3.0	57.0	
33.0	2.0	4.0	32.875	0.0	0.0	7.125	2.0	14.0	1.0	57.0	
34.0	2.0	4.0	32.875	0.0	0.0	7.125	2.0	14.0	1.0	57.0	
35.0	2.0	4.0	32.875	0.0	0.0	7.125	2.0	10.0	5.0	57.0	
36.0	2.0	4.0	32.875	0.0	0.0	7.125	2.0	15.0	4.0	57.0	
37.0	2.0	4.0	32.875	0.0	0.0	7.125	2.0	5.0	2.0	57.0	
38.0	2.0	4.0	32.875	0.0	0.0	7.125	2.0	5.0	5.0	57.0	
39.0	2.0	4.0	32.875	0.0	0.0	7.125	2.0	14.0	2.0	57.0	
40.0	2.0	4.0	32.875	0.0	0.0	7.125	2.0	11.0	3.0	57.0	
41.0	4.0	8.0	65.75	0.0	0.0	14.25	3.0	15.0	4.0	114.0	
42.0	4.0	8.0	65.75	0.0	0.0	14.25	3.0	4.0	1.0	114.0	
43.0	4.0	8.0	65.75	0.0	0.0	14.25	3.0	13.0	1.0	114.0	
44.0	4.0	8.0	65.75	0.0	0.0	14.25	3.0	3.0	5.0	114.0	
45.0	2.0	5.5	65.75	2.0	2.5	14.25	3.0	5.0	4.0	114.0	
46.0	4.0	8.0	65.75	0.0	0.0	14.25	3.0	14.0	3.0	114.0	
47.0	2.0	6.0	65.75	2.0	2.0	14.25	3.0	15.0	5.0	114.0	
48.0	4.0	8.0	65.75	0.0	0.0	14.25	3.0	13.0	4.0	114.0	
49.0	4.0	8.0	65.75	0.0	0.0	14.25	3.0	12.0	1.0	114.0	
50.0	2.0	6.0	65.75	2.0	2.0	14.25	3.0	9.0	1.0	114.0	
51.0	4.0	8.0	65.75	0.0	0.0	14.25	3.0	2.0	3.0	114.0	
52.0	4.0	8.0	65.75	0.0	0.0	14.25	3.0	4.0	3.0	114.0	
53.0	2.0	5.5	65.75	2.0	2.5	14.25	3.0	12.0	3.0	114.0	
54.0	4.0	8.0	65.75	0.0	0.0	14.25	3.0	10.0	5.0	114.0	
55.0	4.0	8.0	65.875	0.0	0.0	14.125	3.0	6.0	4.0	113.0	
56.0	4.0	8.0	65.875	0.0	0.0	14.125	3.0	13.0	5.0	113.0	
57.0	4.0	8.0	65.875	0.0	0.0	14.125	3.0	14.0	3.0	113.0	
58.0	4.0	8.0	65.875	0.0	0.0	14.125	3.0	11.0	4.0	113.0	
59.0	2.0	6.0	65.875	2.0	2.0	14.125	3.0	9.0	4.0	113.0	
60.0	2.0	6.0	65.875	2.0	2.0	14.125	3.0	3.0	3.0	113.0	
61.0	8.0	16.0	131.5	0.0	0.0	28.5	4.0	12.0	4.0	228.0	
62.0	8.0	16.0	131.5	0.0	0.0	28.5	4.0	7.0	4.0	228.0	
63.0	6.0	14.0	131.5	2.0	2.0	28.5	4.0	15.0	1.0	228.0	
64.0	7.0	15.0	131.5	1.0	1.0	28.5	4.0	4.0	2.0	228.0	
65.0	6.0	13.5	131.5	2.0	2.5	28.5	4.0	11.0	2.0	228.0	
66.0	8.0	16.0	131.5	0.0	0.0	28.5	4.0	12.0	5.0	228.0	
67.0	8.0	16.0	131.5	0.0	0.0	28.5	4.0	3.0	3.0	228.0	
68.0	6.0	14.0	131.5	2.0	2.0	28.5	4.0	5.0	3.0	228.0	
69.0	8.0	16.0	131.625	0.0	0.0	28.375	4.0	12.0	2.0	227.0	
70.0	8.0	16.0	131.625	0.0	0.0	28.375	4.0	11.0	5.0	227.0	
71.0	8.0	16.0	131.625	0.0	0.0	28.375	4.0	11.0	3.0	227.0	
72.0	8.0	16.0	131.625	0.0	0.0	28.375	4.0	11.0	2.0	227.0	
73.0	4.0	11.5	131.625	4.0	4.5	28.375	4.0	13.0	3.0	227.0	
74.0	8.0	16.0	131.625	0.0	0.0	28.375	4.0	1.0	3.0	227.0	
75.0	6.0	14.0	131.625	2.0	2.0	28.375	4.0	8.0	5.0	227.0	
76.0	7.0	15.0	131.625	1.0	1.0	28.375	4.0	6.0	4.0	227.0	
77.0	6.0	14.0	131.625	2.0	2.0	28.375	4.0	8.0	2.0	227.0	
78.0	6.0	13.5	131.625	2.0	2.5	28.375	4.0	8.0	1.0	227.0	
79.0	4.0	11.5	131.625	4.0	4.5	28.375	4.0	7.0	3.0	227.0	
80.0	6.0	14.0	131.625	2.0	2.0	28.375	4.0	3.0	1.0	227.0	
81.0	12.0	24.0	207.125	0.0	0.0	42.875	5.0	3.0	4.0	343.0	
82.0	10.0	22.0	207.125	2.0	2.0	42.875	5.0	6.0	2.0	343.0	
83.0	10.0	22.0	207.125	2.0	2.0	42.875	5.0	5.0	1.0	343.0	
84.0	10.0	21.5	207.125	2.0	2.5	42.875	5.0	12.0	2.0	343.0	
85.0	12.0	24.0	207.125	0.0	0.0	42.875	5.0	3.0	5.0	343.0	
86.0	8.0	19.5	207.125	4.0	4.5	42.875	5.0	15.0	4.0	343.0	
87.0	12.0	24.0	207.125	0.0	0.0	42.875	5.0	5.0	5.0	343.0	
88.0	12.0	24.0	207.125	0.0	0.0	42.875	5.0	4.0	3.0	343.0	
89.0	12.0	24.0	207.125	0.0	0.0	42.875	5.0	14.0	2.0	343.0	
90.0	12.0	24.0	207.25	0.0	0.0	42.75	5.0	4.0	1.0	342.0	
91.0	12.0	24.0	207.25	0.0	0.0	42.75	5.0	9.0	5.0	342.0	
92.0	12.0	24.0	207.25	0.0	0.0	42.75	5.0	10.0	4.0	342.0	
93.0	11.0	23.0	207.25	1.0	1.0	42.75	5.0	4.0	5.0	342.0	
94.0	12.0	24.0	207.25	0.0	0.0	42.75	5.0	13.0	1.0	342.0	
95.0	10.0	22.0	207.25	2.0	2.0	42.75	5.0	8.0	5.0	342.0	
96.0	10.0	21.5	207.25	2.0	2.5	42.75	5.0	15.0	3.0	342.0	
97.0	8.0	19.5	207.25	4.0	4.5	42.75	5.0	9.0	3.0	342.0	
98.0	12.0	24.0	207.25	0.0	0.0	42.75	5.0	15.0	2.0	342.0	
99.0	11.0	23.0	207.25	1.0	1.0	42.75	5.0	12.0	3.0	342.0	
100.0	12.0	24.0	207.25	0.0	0.0	42.75	5.0	14.0	1.0	342.0	
=====================================================================================================================================================
after 66 commit, VM matrix is (VM #, resource allocated to each VM (vCPU, memory, storage), resource used in each VM (vCPU, memory, storage), which flavour, VM in which PM, and VM in which rack, # blocks stored (each block is 0.125))
=====================================================================================================================================================
1.0	1.0	2.0	16.5	0.0	0.0	3.5	1.0	11.0	3.0	28.0	
2.0	1.0	2.0	16.5	0.0	0.0	3.5	1.0	14.0	1.0	28.0	
3.0	1.0	2.0	16.5	0.0	0.0	3.5	1.0	6.0	4.0	28.0	
4.0	1.0	2.0	16.5	0.0	0.0	3.5	1.0	9.0	4.0	28.0	
5.0	1.0	2.0	16.5	0.0	0.0	3.5	1.0	15.0	2.0	28.0	
6.0	1.0	2.0	16.5	0.0	0.0	3.5	1.0	7.0	1.0	28.0	
7.0	1.0	2.0	16.5	0.0	0.0	3.5	1.0	11.0	1.0	28.0	
8.0	1.0	2.0	16.5	0.0	0.0	3.5	1.0	15.0	3.0	28.0	
9.0	1.0	2.0	16.5	0.0	0.0	3.5	1.0	15.0	5.0	28.0	
10.0	1.0	2.0	16.625	0.0	0.0	3.375	1.0	15.0	1.0	27.0	
11.0	1.0	2.0	16.625	0.0	0.0	3.375	1.0	4.0	4.0	27.0	
12.0	1.0	2.0	16.625	0.0	0.0	3.375	1.0	5.0	3.0	27.0	
13.0	1.0	2.0	16.625	0.0	0.0	3.375	1.0	3.0	1.0	27.0	
14.0	1.0	2.0	16.625	0.0	0.0	3.375	1.0	13.0	5.0	27.0	
15.0	1.0	2.0	16.625	0.0	0.0	3.375	1.0	11.0	1.0	27.0	
16.0	1.0	2.0	16.625	0.0	0.0	3.375	1.0	14.0	2.0	27.0	
17.0	1.0	2.0	16.625	0.0	0.0	3.375	1.0	11.0	4.0	27.0	
18.0	1.0	2.0	16.625	0.0	0.0	3.375	1.0	2.0	5.0	27.0	
19.0	1.0	2.0	16.625	0.0	0.0	3.375	1.0	13.0	4.0	27.0	
20.0	1.0	2.0	16.625	0.0	0.0	3.375	1.0	4.0	5.0	27.0	
21.0	2.0	4.0	32.875	0.0	0.0	7.125	2.0	9.0	1.0	57.0	
22.0	2.0	4.0	32.875	0.0	0.0	7.125	2.0	6.0	2.0	57.0	
23.0	2.0	4.0	32.875	0.0	0.0	7.125	2.0	7.0	3.0	57.0	
24.0	2.0	4.0	32.875	0.0	0.0	7.125	2.0	14.0	4.0	57.0	
25.0	2.0	4.0	32.875	0.0	0.0	7.125	2.0	12.0	2.0	57.0	
26.0	2.0	4.0	32.875	0.0	0.0	7.125	2.0	1.0	2.0	57.0	
27.0	2.0	4.0	32.875	0.0	0.0	7.125	2.0	13.0	4.0	57.0	
28.0	2.0	4.0	32.875	0.0	0.0	7.125	2.0	8.0	1.0	57.0	
29.0	0.0	2.0	32.875	2.0	2.0	7.125	2.0	2.0	5.0	57.0	
30.0	2.0	4.0	32.875	0.0	0.0	7.125	2.0	14.0	1.0	57.0	
31.0	2.0	4.0	32.875	0.0	0.0	7.125	2.0	8.0	1.0	57.0	
32.0	2.0	4.0	32.875	0.0	0.0	7.125	2.0	14.0	3.0	57.0	
33.0	2.0	4.0	32.875	0.0	0.0	7.125	2.0	14.0	1.0	57.0	
34.0	2.0	4.0	32.875	0.0	0.0	7.125	2.0	14.0	1.0	57.0	
35.0	2.0	4.0	32.875	0.0	0.0	7.125	2.0	10.0	5.0	57.0	
36.0	2.0	4.0	32.875	0.0	0.0	7.125	2.0	15.0	4.0	57.0	
37.0	2.0	4.0	32.875	0.0	0.0	7.125	2.0	5.0	2.0	57.0	
38.0	2.0	4.0	32.875	0.0	0.0	7.125	2.0	5.0	5.0	57.0	
39.0	2.0	4.0	32.875	0.0	0.0	7.125	2.0	14.0	2.0	57.0	
40.0	2.0	4.0	32.875	0.0	0.0	7.125	2.0	11.0	3.0	57.0	
41.0	4.0	8.0	65.75	0.0	0.0	14.25	3.0	15.0	4.0	114.0	
42.0	4.0	8.0	65.75	0.0	0.0	14.25	3.0	4.0	1.0	114.0	
43.0	4.0	8.0	65.75	0.0	0.0	14.25	3.0	13.0	1.0	114.0	
44.0	4.0	8.0	65.75	0.0	0.0	14.25	3.0	3.0	5.0	114.0	
45.0	2.0	5.5	65.75	2.0	2.5	14.25	3.0	5.0	4.0	114.0	
46.0	4.0	8.0	65.75	0.0	0.0	14.25	3.0	14.0	3.0	114.0	
47.0	4.0	8.0	65.75	0.0	0.0	14.25	3.0	15.0	5.0	114.0	
48.0	4.0	8.0	65.75	0.0	0.0	14.25	3.0	13.0	4.0	114.0	
49.0	4.0	8.0	65.75	0.0	0.0	14.25	3.0	12.0	1.0	114.0	
50.0	2.0	6.0	65.75	2.0	2.0	14.25	3.0	9.0	1.0	114.0	
51.0	4.0	8.0	65.75	0.0	0.0	14.25	3.0	2.0	3.0	114.0	
52.0	4.0	8.0	65.75	0.0	0.0	14.25	3.0	4.0	3.0	114.0	
53.0	2.0	5.5	65.75	2.0	2.5	14.25	3.0	12.0	3.0	114.0	
54.0	4.0	8.0	65.75	0.0	0.0	14.25	3.0	10.0	5.0	114.0	
55.0	4.0	8.0	65.875	0.0	0.0	14.125	3.0	6.0	4.0	113.0	
56.0	4.0	8.0	65.875	0.0	0.0	14.125	3.0	13.0	5.0	113.0	
57.0	4.0	8.0	65.875	0.0	0.0	14.125	3.0	14.0	3.0	113.0	
58.0	4.0	8.0	65.875	0.0	0.0	14.125	3.0	11.0	4.0	113.0	
59.0	4.0	8.0	65.875	0.0	0.0	14.125	3.0	9.0	4.0	113.0	
60.0	2.0	6.0	65.875	2.0	2.0	14.125	3.0	3.0	3.0	113.0	
61.0	8.0	16.0	131.5	0.0	0.0	28.5	4.0	12.0	4.0	228.0	
62.0	8.0	16.0	131.5	0.0	0.0	28.5	4.0	7.0	4.0	228.0	
63.0	6.0	14.0	131.5	2.0	2.0	28.5	4.0	15.0	1.0	228.0	
64.0	7.0	15.0	131.5	1.0	1.0	28.5	4.0	4.0	2.0	228.0	
65.0	6.0	13.5	131.5	2.0	2.5	28.5	4.0	11.0	2.0	228.0	
66.0	8.0	16.0	131.5	0.0	0.0	28.5	4.0	12.0	5.0	228.0	
67.0	8.0	16.0	131.5	0.0	0.0	28.5	4.0	3.0	3.0	228.0	
68.0	6.0	14.0	131.5	2.0	2.0	28.5	4.0	5.0	3.0	228.0	
69.0	8.0	16.0	131.625	0.0	0.0	28.375	4.0	12.0	2.0	227.0	
70.0	8.0	16.0	131.625	0.0	0.0	28.375	4.0	11.0	5.0	227.0	
71.0	8.0	16.0	131.625	0.0	0.0	28.375	4.0	11.0	3.0	227.0	
72.0	8.0	16.0	131.625	0.0	0.0	28.375	4.0	11.0	2.0	227.0	
73.0	4.0	11.5	131.625	4.0	4.5	28.375	4.0	13.0	3.0	227.0	
74.0	8.0	16.0	131.625	0.0	0.0	28.375	4.0	1.0	3.0	227.0	
75.0	8.0	16.0	131.625	0.0	0.0	28.375	4.0	8.0	5.0	227.0	
76.0	7.0	15.0	131.625	1.0	1.0	28.375	4.0	6.0	4.0	227.0	
77.0	6.0	14.0	131.625	2.0	2.0	28.375	4.0	8.0	2.0	227.0	
78.0	6.0	13.5	131.625	2.0	2.5	28.375	4.0	8.0	1.0	227.0	
79.0	4.0	11.5	131.625	4.0	4.5	28.375	4.0	7.0	3.0	227.0	
80.0	6.0	14.0	131.625	2.0	2.0	28.375	4.0	3.0	1.0	227.0	
81.0	12.0	24.0	207.125	0.0	0.0	42.875	5.0	3.0	4.0	343.0	
82.0	12.0	24.0	207.125	0.0	0.0	42.875	5.0	6.0	2.0	343.0	
83.0	10.0	22.0	207.125	2.0	2.0	42.875	5.0	5.0	1.0	343.0	
84.0	10.0	21.5	207.125	2.0	2.5	42.875	5.0	12.0	2.0	343.0	
85.0	12.0	24.0	207.125	0.0	0.0	42.875	5.0	3.0	5.0	343.0	
86.0	8.0	19.5	207.125	4.0	4.5	42.875	5.0	15.0	4.0	343.0	
87.0	12.0	24.0	207.125	0.0	0.0	42.875	5.0	5.0	5.0	343.0	
88.0	12.0	24.0	207.125	0.0	0.0	42.875	5.0	4.0	3.0	343.0	
89.0	12.0	24.0	207.125	0.0	0.0	42.875	5.0	14.0	2.0	343.0	
90.0	12.0	24.0	207.25	0.0	0.0	42.75	5.0	4.0	1.0	342.0	
91.0	12.0	24.0	207.25	0.0	0.0	42.75	5.0	9.0	5.0	342.0	
92.0	12.0	24.0	207.25	0.0	0.0	42.75	5.0	10.0	4.0	342.0	
93.0	11.0	23.0	207.25	1.0	1.0	42.75	5.0	4.0	5.0	342.0	
94.0	12.0	24.0	207.25	0.0	0.0	42.75	5.0	13.0	1.0	342.0	
95.0	10.0	22.0	207.25	2.0	2.0	42.75	5.0	8.0	5.0	342.0	
96.0	10.0	21.5	207.25	2.0	2.5	42.75	5.0	15.0	3.0	342.0	
97.0	8.0	19.5	207.25	4.0	4.5	42.75	5.0	9.0	3.0	342.0	
98.0	12.0	24.0	207.25	0.0	0.0	42.75	5.0	15.0	2.0	342.0	
99.0	11.0	23.0	207.25	1.0	1.0	42.75	5.0	12.0	3.0	342.0	
100.0	12.0	24.0	207.25	0.0	0.0	42.75	5.0	14.0	1.0	342.0	
=====================================================================================================================================================
after 67 commit, VM matrix is (VM #, resource allocated to each VM (vCPU, memory, storage), resource used in each VM (vCPU, memory, storage), which flavour, VM in which PM, and VM in which rack, # blocks stored (each block is 0.125))
=====================================================================================================================================================
1.0	1.0	2.0	16.5	0.0	0.0	3.5	1.0	11.0	3.0	28.0	
2.0	1.0	2.0	16.5	0.0	0.0	3.5	1.0	14.0	1.0	28.0	
3.0	1.0	2.0	16.5	0.0	0.0	3.5	1.0	6.0	4.0	28.0	
4.0	1.0	2.0	16.5	0.0	0.0	3.5	1.0	9.0	4.0	28.0	
5.0	1.0	2.0	16.5	0.0	0.0	3.5	1.0	15.0	2.0	28.0	
6.0	1.0	2.0	16.5	0.0	0.0	3.5	1.0	7.0	1.0	28.0	
7.0	1.0	2.0	16.5	0.0	0.0	3.5	1.0	11.0	1.0	28.0	
8.0	1.0	2.0	16.5	0.0	0.0	3.5	1.0	15.0	3.0	28.0	
9.0	1.0	2.0	16.5	0.0	0.0	3.5	1.0	15.0	5.0	28.0	
10.0	1.0	2.0	16.625	0.0	0.0	3.375	1.0	15.0	1.0	27.0	
11.0	1.0	2.0	16.625	0.0	0.0	3.375	1.0	4.0	4.0	27.0	
12.0	1.0	2.0	16.625	0.0	0.0	3.375	1.0	5.0	3.0	27.0	
13.0	1.0	2.0	16.625	0.0	0.0	3.375	1.0	3.0	1.0	27.0	
14.0	1.0	2.0	16.625	0.0	0.0	3.375	1.0	13.0	5.0	27.0	
15.0	1.0	2.0	16.625	0.0	0.0	3.375	1.0	11.0	1.0	27.0	
16.0	1.0	2.0	16.625	0.0	0.0	3.375	1.0	14.0	2.0	27.0	
17.0	1.0	2.0	16.625	0.0	0.0	3.375	1.0	11.0	4.0	27.0	
18.0	1.0	2.0	16.625	0.0	0.0	3.375	1.0	2.0	5.0	27.0	
19.0	1.0	2.0	16.625	0.0	0.0	3.375	1.0	13.0	4.0	27.0	
20.0	1.0	2.0	16.625	0.0	0.0	3.375	1.0	4.0	5.0	27.0	
21.0	2.0	4.0	32.875	0.0	0.0	7.125	2.0	9.0	1.0	57.0	
22.0	2.0	4.0	32.875	0.0	0.0	7.125	2.0	6.0	2.0	57.0	
23.0	2.0	4.0	32.875	0.0	0.0	7.125	2.0	7.0	3.0	57.0	
24.0	2.0	4.0	32.875	0.0	0.0	7.125	2.0	14.0	4.0	57.0	
25.0	2.0	4.0	32.875	0.0	0.0	7.125	2.0	12.0	2.0	57.0	
26.0	2.0	4.0	32.875	0.0	0.0	7.125	2.0	1.0	2.0	57.0	
27.0	2.0	4.0	32.875	0.0	0.0	7.125	2.0	13.0	4.0	57.0	
28.0	2.0	4.0	32.875	0.0	0.0	7.125	2.0	8.0	1.0	57.0	
29.0	0.0	2.0	32.875	2.0	2.0	7.125	2.0	2.0	5.0	57.0	
30.0	2.0	4.0	32.875	0.0	0.0	7.125	2.0	14.0	1.0	57.0	
31.0	2.0	4.0	32.875	0.0	0.0	7.125	2.0	8.0	1.0	57.0	
32.0	2.0	4.0	32.875	0.0	0.0	7.125	2.0	14.0	3.0	57.0	
33.0	2.0	4.0	32.875	0.0	0.0	7.125	2.0	14.0	1.0	57.0	
34.0	2.0	4.0	32.875	0.0	0.0	7.125	2.0	14.0	1.0	57.0	
35.0	2.0	4.0	32.875	0.0	0.0	7.125	2.0	10.0	5.0	57.0	
36.0	2.0	4.0	32.875	0.0	0.0	7.125	2.0	15.0	4.0	57.0	
37.0	2.0	4.0	32.875	0.0	0.0	7.125	2.0	5.0	2.0	57.0	
38.0	2.0	4.0	32.875	0.0	0.0	7.125	2.0	5.0	5.0	57.0	
39.0	2.0	4.0	32.875	0.0	0.0	7.125	2.0	14.0	2.0	57.0	
40.0	2.0	4.0	32.875	0.0	0.0	7.125	2.0	11.0	3.0	57.0	
41.0	4.0	8.0	65.75	0.0	0.0	14.25	3.0	15.0	4.0	114.0	
42.0	4.0	8.0	65.75	0.0	0.0	14.25	3.0	4.0	1.0	114.0	
43.0	4.0	8.0	65.75	0.0	0.0	14.25	3.0	13.0	1.0	114.0	
44.0	4.0	8.0	65.75	0.0	0.0	14.25	3.0	3.0	5.0	114.0	
45.0	2.0	5.5	65.75	2.0	2.5	14.25	3.0	5.0	4.0	114.0	
46.0	4.0	8.0	65.75	0.0	0.0	14.25	3.0	14.0	3.0	114.0	
47.0	4.0	8.0	65.75	0.0	0.0	14.25	3.0	15.0	5.0	114.0	
48.0	4.0	8.0	65.75	0.0	0.0	14.25	3.0	13.0	4.0	114.0	
49.0	4.0	8.0	65.75	0.0	0.0	14.25	3.0	12.0	1.0	114.0	
50.0	2.0	6.0	65.75	2.0	2.0	14.25	3.0	9.0	1.0	114.0	
51.0	4.0	8.0	65.75	0.0	0.0	14.25	3.0	2.0	3.0	114.0	
52.0	4.0	8.0	65.75	0.0	0.0	14.25	3.0	4.0	3.0	114.0	
53.0	2.0	5.5	65.75	2.0	2.5	14.25	3.0	12.0	3.0	114.0	
54.0	4.0	8.0	65.75	0.0	0.0	14.25	3.0	10.0	5.0	114.0	
55.0	4.0	8.0	65.875	0.0	0.0	14.125	3.0	6.0	4.0	113.0	
56.0	4.0	8.0	65.875	0.0	0.0	14.125	3.0	13.0	5.0	113.0	
57.0	4.0	8.0	65.875	0.0	0.0	14.125	3.0	14.0	3.0	113.0	
58.0	4.0	8.0	65.875	0.0	0.0	14.125	3.0	11.0	4.0	113.0	
59.0	4.0	8.0	65.875	0.0	0.0	14.125	3.0	9.0	4.0	113.0	
60.0	2.0	6.0	65.875	2.0	2.0	14.125	3.0	3.0	3.0	113.0	
61.0	8.0	16.0	131.5	0.0	0.0	28.5	4.0	12.0	4.0	228.0	
62.0	8.0	16.0	131.5	0.0	0.0	28.5	4.0	7.0	4.0	228.0	
63.0	6.0	14.0	131.5	2.0	2.0	28.5	4.0	15.0	1.0	228.0	
64.0	7.0	15.0	131.5	1.0	1.0	28.5	4.0	4.0	2.0	228.0	
65.0	6.0	13.5	131.5	2.0	2.5	28.5	4.0	11.0	2.0	228.0	
66.0	8.0	16.0	131.5	0.0	0.0	28.5	4.0	12.0	5.0	228.0	
67.0	8.0	16.0	131.5	0.0	0.0	28.5	4.0	3.0	3.0	228.0	
68.0	8.0	16.0	131.5	0.0	0.0	28.5	4.0	5.0	3.0	228.0	
69.0	8.0	16.0	131.625	0.0	0.0	28.375	4.0	12.0	2.0	227.0	
70.0	8.0	16.0	131.625	0.0	0.0	28.375	4.0	11.0	5.0	227.0	
71.0	8.0	16.0	131.625	0.0	0.0	28.375	4.0	11.0	3.0	227.0	
72.0	8.0	16.0	131.625	0.0	0.0	28.375	4.0	11.0	2.0	227.0	
73.0	4.0	11.5	131.625	4.0	4.5	28.375	4.0	13.0	3.0	227.0	
74.0	8.0	16.0	131.625	0.0	0.0	28.375	4.0	1.0	3.0	227.0	
75.0	8.0	16.0	131.625	0.0	0.0	28.375	4.0	8.0	5.0	227.0	
76.0	7.0	15.0	131.625	1.0	1.0	28.375	4.0	6.0	4.0	227.0	
77.0	6.0	14.0	131.625	2.0	2.0	28.375	4.0	8.0	2.0	227.0	
78.0	6.0	13.5	131.625	2.0	2.5	28.375	4.0	8.0	1.0	227.0	
79.0	4.0	11.5	131.625	4.0	4.5	28.375	4.0	7.0	3.0	227.0	
80.0	6.0	14.0	131.625	2.0	2.0	28.375	4.0	3.0	1.0	227.0	
81.0	12.0	24.0	207.125	0.0	0.0	42.875	5.0	3.0	4.0	343.0	
82.0	12.0	24.0	207.125	0.0	0.0	42.875	5.0	6.0	2.0	343.0	
83.0	10.0	22.0	207.125	2.0	2.0	42.875	5.0	5.0	1.0	343.0	
84.0	10.0	21.5	207.125	2.0	2.5	42.875	5.0	12.0	2.0	343.0	
85.0	12.0	24.0	207.125	0.0	0.0	42.875	5.0	3.0	5.0	343.0	
86.0	8.0	19.5	207.125	4.0	4.5	42.875	5.0	15.0	4.0	343.0	
87.0	12.0	24.0	207.125	0.0	0.0	42.875	5.0	5.0	5.0	343.0	
88.0	12.0	24.0	207.125	0.0	0.0	42.875	5.0	4.0	3.0	343.0	
89.0	12.0	24.0	207.125	0.0	0.0	42.875	5.0	14.0	2.0	343.0	
90.0	12.0	24.0	207.25	0.0	0.0	42.75	5.0	4.0	1.0	342.0	
91.0	12.0	24.0	207.25	0.0	0.0	42.75	5.0	9.0	5.0	342.0	
92.0	12.0	24.0	207.25	0.0	0.0	42.75	5.0	10.0	4.0	342.0	
93.0	11.0	23.0	207.25	1.0	1.0	42.75	5.0	4.0	5.0	342.0	
94.0	12.0	24.0	207.25	0.0	0.0	42.75	5.0	13.0	1.0	342.0	
95.0	10.0	22.0	207.25	2.0	2.0	42.75	5.0	8.0	5.0	342.0	
96.0	10.0	21.5	207.25	2.0	2.5	42.75	5.0	15.0	3.0	342.0	
97.0	8.0	19.5	207.25	4.0	4.5	42.75	5.0	9.0	3.0	342.0	
98.0	12.0	24.0	207.25	0.0	0.0	42.75	5.0	15.0	2.0	342.0	
99.0	11.0	23.0	207.25	1.0	1.0	42.75	5.0	12.0	3.0	342.0	
100.0	12.0	24.0	207.25	0.0	0.0	42.75	5.0	14.0	1.0	342.0	
=====================================================================================================================================================
after 68 commit, VM matrix is (VM #, resource allocated to each VM (vCPU, memory, storage), resource used in each VM (vCPU, memory, storage), which flavour, VM in which PM, and VM in which rack, # blocks stored (each block is 0.125))
=====================================================================================================================================================
1.0	1.0	2.0	16.5	0.0	0.0	3.5	1.0	11.0	3.0	28.0	
2.0	1.0	2.0	16.5	0.0	0.0	3.5	1.0	14.0	1.0	28.0	
3.0	1.0	2.0	16.5	0.0	0.0	3.5	1.0	6.0	4.0	28.0	
4.0	1.0	2.0	16.5	0.0	0.0	3.5	1.0	9.0	4.0	28.0	
5.0	1.0	2.0	16.5	0.0	0.0	3.5	1.0	15.0	2.0	28.0	
6.0	1.0	2.0	16.5	0.0	0.0	3.5	1.0	7.0	1.0	28.0	
7.0	1.0	2.0	16.5	0.0	0.0	3.5	1.0	11.0	1.0	28.0	
8.0	1.0	2.0	16.5	0.0	0.0	3.5	1.0	15.0	3.0	28.0	
9.0	1.0	2.0	16.5	0.0	0.0	3.5	1.0	15.0	5.0	28.0	
10.0	1.0	2.0	16.625	0.0	0.0	3.375	1.0	15.0	1.0	27.0	
11.0	1.0	2.0	16.625	0.0	0.0	3.375	1.0	4.0	4.0	27.0	
12.0	1.0	2.0	16.625	0.0	0.0	3.375	1.0	5.0	3.0	27.0	
13.0	1.0	2.0	16.625	0.0	0.0	3.375	1.0	3.0	1.0	27.0	
14.0	1.0	2.0	16.625	0.0	0.0	3.375	1.0	13.0	5.0	27.0	
15.0	1.0	2.0	16.625	0.0	0.0	3.375	1.0	11.0	1.0	27.0	
16.0	1.0	2.0	16.625	0.0	0.0	3.375	1.0	14.0	2.0	27.0	
17.0	1.0	2.0	16.625	0.0	0.0	3.375	1.0	11.0	4.0	27.0	
18.0	1.0	2.0	16.625	0.0	0.0	3.375	1.0	2.0	5.0	27.0	
19.0	1.0	2.0	16.625	0.0	0.0	3.375	1.0	13.0	4.0	27.0	
20.0	1.0	2.0	16.625	0.0	0.0	3.375	1.0	4.0	5.0	27.0	
21.0	2.0	4.0	32.875	0.0	0.0	7.125	2.0	9.0	1.0	57.0	
22.0	2.0	4.0	32.875	0.0	0.0	7.125	2.0	6.0	2.0	57.0	
23.0	2.0	4.0	32.875	0.0	0.0	7.125	2.0	7.0	3.0	57.0	
24.0	2.0	4.0	32.875	0.0	0.0	7.125	2.0	14.0	4.0	57.0	
25.0	2.0	4.0	32.875	0.0	0.0	7.125	2.0	12.0	2.0	57.0	
26.0	2.0	4.0	32.875	0.0	0.0	7.125	2.0	1.0	2.0	57.0	
27.0	2.0	4.0	32.875	0.0	0.0	7.125	2.0	13.0	4.0	57.0	
28.0	2.0	4.0	32.875	0.0	0.0	7.125	2.0	8.0	1.0	57.0	
29.0	0.0	2.0	32.875	2.0	2.0	7.125	2.0	2.0	5.0	57.0	
30.0	2.0	4.0	32.875	0.0	0.0	7.125	2.0	14.0	1.0	57.0	
31.0	2.0	4.0	32.875	0.0	0.0	7.125	2.0	8.0	1.0	57.0	
32.0	2.0	4.0	32.875	0.0	0.0	7.125	2.0	14.0	3.0	57.0	
33.0	2.0	4.0	32.875	0.0	0.0	7.125	2.0	14.0	1.0	57.0	
34.0	2.0	4.0	32.875	0.0	0.0	7.125	2.0	14.0	1.0	57.0	
35.0	2.0	4.0	32.875	0.0	0.0	7.125	2.0	10.0	5.0	57.0	
36.0	2.0	4.0	32.875	0.0	0.0	7.125	2.0	15.0	4.0	57.0	
37.0	2.0	4.0	32.875	0.0	0.0	7.125	2.0	5.0	2.0	57.0	
38.0	2.0	4.0	32.875	0.0	0.0	7.125	2.0	5.0	5.0	57.0	
39.0	2.0	4.0	32.875	0.0	0.0	7.125	2.0	14.0	2.0	57.0	
40.0	2.0	4.0	32.875	0.0	0.0	7.125	2.0	11.0	3.0	57.0	
41.0	4.0	8.0	65.75	0.0	0.0	14.25	3.0	15.0	4.0	114.0	
42.0	4.0	8.0	65.75	0.0	0.0	14.25	3.0	4.0	1.0	114.0	
43.0	4.0	8.0	65.75	0.0	0.0	14.25	3.0	13.0	1.0	114.0	
44.0	4.0	8.0	65.75	0.0	0.0	14.25	3.0	3.0	5.0	114.0	
45.0	2.0	5.5	65.75	2.0	2.5	14.25	3.0	5.0	4.0	114.0	
46.0	4.0	8.0	65.75	0.0	0.0	14.25	3.0	14.0	3.0	114.0	
47.0	4.0	8.0	65.75	0.0	0.0	14.25	3.0	15.0	5.0	114.0	
48.0	4.0	8.0	65.75	0.0	0.0	14.25	3.0	13.0	4.0	114.0	
49.0	4.0	8.0	65.75	0.0	0.0	14.25	3.0	12.0	1.0	114.0	
50.0	2.0	6.0	65.75	2.0	2.0	14.25	3.0	9.0	1.0	114.0	
51.0	4.0	8.0	65.75	0.0	0.0	14.25	3.0	2.0	3.0	114.0	
52.0	4.0	8.0	65.75	0.0	0.0	14.25	3.0	4.0	3.0	114.0	
53.0	2.0	5.5	65.75	2.0	2.5	14.25	3.0	12.0	3.0	114.0	
54.0	4.0	8.0	65.75	0.0	0.0	14.25	3.0	10.0	5.0	114.0	
55.0	4.0	8.0	65.875	0.0	0.0	14.125	3.0	6.0	4.0	113.0	
56.0	4.0	8.0	65.875	0.0	0.0	14.125	3.0	13.0	5.0	113.0	
57.0	4.0	8.0	65.875	0.0	0.0	14.125	3.0	14.0	3.0	113.0	
58.0	4.0	8.0	65.875	0.0	0.0	14.125	3.0	11.0	4.0	113.0	
59.0	4.0	8.0	65.875	0.0	0.0	14.125	3.0	9.0	4.0	113.0	
60.0	2.0	6.0	65.875	2.0	2.0	14.125	3.0	3.0	3.0	113.0	
61.0	8.0	16.0	131.5	0.0	0.0	28.5	4.0	12.0	4.0	228.0	
62.0	8.0	16.0	131.5	0.0	0.0	28.5	4.0	7.0	4.0	228.0	
63.0	6.0	14.0	131.5	2.0	2.0	28.5	4.0	15.0	1.0	228.0	
64.0	7.0	15.0	131.5	1.0	1.0	28.5	4.0	4.0	2.0	228.0	
65.0	6.0	13.5	131.5	2.0	2.5	28.5	4.0	11.0	2.0	228.0	
66.0	8.0	16.0	131.5	0.0	0.0	28.5	4.0	12.0	5.0	228.0	
67.0	8.0	16.0	131.5	0.0	0.0	28.5	4.0	3.0	3.0	228.0	
68.0	8.0	16.0	131.5	0.0	0.0	28.5	4.0	5.0	3.0	228.0	
69.0	8.0	16.0	131.625	0.0	0.0	28.375	4.0	12.0	2.0	227.0	
70.0	8.0	16.0	131.625	0.0	0.0	28.375	4.0	11.0	5.0	227.0	
71.0	8.0	16.0	131.625	0.0	0.0	28.375	4.0	11.0	3.0	227.0	
72.0	8.0	16.0	131.625	0.0	0.0	28.375	4.0	11.0	2.0	227.0	
73.0	4.0	11.5	131.625	4.0	4.5	28.375	4.0	13.0	3.0	227.0	
74.0	8.0	16.0	131.625	0.0	0.0	28.375	4.0	1.0	3.0	227.0	
75.0	8.0	16.0	131.625	0.0	0.0	28.375	4.0	8.0	5.0	227.0	
76.0	7.0	15.0	131.625	1.0	1.0	28.375	4.0	6.0	4.0	227.0	
77.0	8.0	16.0	131.625	0.0	0.0	28.375	4.0	8.0	2.0	227.0	
78.0	6.0	13.5	131.625	2.0	2.5	28.375	4.0	8.0	1.0	227.0	
79.0	6.0	13.5	131.625	2.0	2.5	28.375	4.0	7.0	3.0	227.0	
80.0	6.0	14.0	131.625	2.0	2.0	28.375	4.0	3.0	1.0	227.0	
81.0	12.0	24.0	207.125	0.0	0.0	42.875	5.0	3.0	4.0	343.0	
82.0	12.0	24.0	207.125	0.0	0.0	42.875	5.0	6.0	2.0	343.0	
83.0	10.0	22.0	207.125	2.0	2.0	42.875	5.0	5.0	1.0	343.0	
84.0	10.0	21.5	207.125	2.0	2.5	42.875	5.0	12.0	2.0	343.0	
85.0	12.0	24.0	207.125	0.0	0.0	42.875	5.0	3.0	5.0	343.0	
86.0	8.0	19.5	207.125	4.0	4.5	42.875	5.0	15.0	4.0	343.0	
87.0	12.0	24.0	207.125	0.0	0.0	42.875	5.0	5.0	5.0	343.0	
88.0	12.0	24.0	207.125	0.0	0.0	42.875	5.0	4.0	3.0	343.0	
89.0	12.0	24.0	207.125	0.0	0.0	42.875	5.0	14.0	2.0	343.0	
90.0	12.0	24.0	207.25	0.0	0.0	42.75	5.0	4.0	1.0	342.0	
91.0	12.0	24.0	207.25	0.0	0.0	42.75	5.0	9.0	5.0	342.0	
92.0	12.0	24.0	207.25	0.0	0.0	42.75	5.0	10.0	4.0	342.0	
93.0	11.0	23.0	207.25	1.0	1.0	42.75	5.0	4.0	5.0	342.0	
94.0	12.0	24.0	207.25	0.0	0.0	42.75	5.0	13.0	1.0	342.0	
95.0	10.0	22.0	207.25	2.0	2.0	42.75	5.0	8.0	5.0	342.0	
96.0	10.0	21.5	207.25	2.0	2.5	42.75	5.0	15.0	3.0	342.0	
97.0	8.0	19.5	207.25	4.0	4.5	42.75	5.0	9.0	3.0	342.0	
98.0	12.0	24.0	207.25	0.0	0.0	42.75	5.0	15.0	2.0	342.0	
99.0	11.0	23.0	207.25	1.0	1.0	42.75	5.0	12.0	3.0	342.0	
100.0	12.0	24.0	207.25	0.0	0.0	42.75	5.0	14.0	1.0	342.0	
=====================================================================================================================================================
after 69 commit, VM matrix is (VM #, resource allocated to each VM (vCPU, memory, storage), resource used in each VM (vCPU, memory, storage), which flavour, VM in which PM, and VM in which rack, # blocks stored (each block is 0.125))
=====================================================================================================================================================
1.0	1.0	2.0	16.5	0.0	0.0	3.5	1.0	11.0	3.0	28.0	
2.0	1.0	2.0	16.5	0.0	0.0	3.5	1.0	14.0	1.0	28.0	
3.0	1.0	2.0	16.5	0.0	0.0	3.5	1.0	6.0	4.0	28.0	
4.0	1.0	2.0	16.5	0.0	0.0	3.5	1.0	9.0	4.0	28.0	
5.0	1.0	2.0	16.5	0.0	0.0	3.5	1.0	15.0	2.0	28.0	
6.0	1.0	2.0	16.5	0.0	0.0	3.5	1.0	7.0	1.0	28.0	
7.0	1.0	2.0	16.5	0.0	0.0	3.5	1.0	11.0	1.0	28.0	
8.0	1.0	2.0	16.5	0.0	0.0	3.5	1.0	15.0	3.0	28.0	
9.0	1.0	2.0	16.5	0.0	0.0	3.5	1.0	15.0	5.0	28.0	
10.0	1.0	2.0	16.625	0.0	0.0	3.375	1.0	15.0	1.0	27.0	
11.0	1.0	2.0	16.625	0.0	0.0	3.375	1.0	4.0	4.0	27.0	
12.0	1.0	2.0	16.625	0.0	0.0	3.375	1.0	5.0	3.0	27.0	
13.0	1.0	2.0	16.625	0.0	0.0	3.375	1.0	3.0	1.0	27.0	
14.0	1.0	2.0	16.625	0.0	0.0	3.375	1.0	13.0	5.0	27.0	
15.0	1.0	2.0	16.625	0.0	0.0	3.375	1.0	11.0	1.0	27.0	
16.0	1.0	2.0	16.625	0.0	0.0	3.375	1.0	14.0	2.0	27.0	
17.0	1.0	2.0	16.625	0.0	0.0	3.375	1.0	11.0	4.0	27.0	
18.0	1.0	2.0	16.625	0.0	0.0	3.375	1.0	2.0	5.0	27.0	
19.0	1.0	2.0	16.625	0.0	0.0	3.375	1.0	13.0	4.0	27.0	
20.0	1.0	2.0	16.625	0.0	0.0	3.375	1.0	4.0	5.0	27.0	
21.0	2.0	4.0	32.875	0.0	0.0	7.125	2.0	9.0	1.0	57.0	
22.0	2.0	4.0	32.875	0.0	0.0	7.125	2.0	6.0	2.0	57.0	
23.0	2.0	4.0	32.875	0.0	0.0	7.125	2.0	7.0	3.0	57.0	
24.0	2.0	4.0	32.875	0.0	0.0	7.125	2.0	14.0	4.0	57.0	
25.0	2.0	4.0	32.875	0.0	0.0	7.125	2.0	12.0	2.0	57.0	
26.0	2.0	4.0	32.875	0.0	0.0	7.125	2.0	1.0	2.0	57.0	
27.0	2.0	4.0	32.875	0.0	0.0	7.125	2.0	13.0	4.0	57.0	
28.0	2.0	4.0	32.875	0.0	0.0	7.125	2.0	8.0	1.0	57.0	
29.0	0.0	2.0	32.875	2.0	2.0	7.125	2.0	2.0	5.0	57.0	
30.0	2.0	4.0	32.875	0.0	0.0	7.125	2.0	14.0	1.0	57.0	
31.0	2.0	4.0	32.875	0.0	0.0	7.125	2.0	8.0	1.0	57.0	
32.0	2.0	4.0	32.875	0.0	0.0	7.125	2.0	14.0	3.0	57.0	
33.0	2.0	4.0	32.875	0.0	0.0	7.125	2.0	14.0	1.0	57.0	
34.0	2.0	4.0	32.875	0.0	0.0	7.125	2.0	14.0	1.0	57.0	
35.0	2.0	4.0	32.875	0.0	0.0	7.125	2.0	10.0	5.0	57.0	
36.0	2.0	4.0	32.875	0.0	0.0	7.125	2.0	15.0	4.0	57.0	
37.0	2.0	4.0	32.875	0.0	0.0	7.125	2.0	5.0	2.0	57.0	
38.0	2.0	4.0	32.875	0.0	0.0	7.125	2.0	5.0	5.0	57.0	
39.0	2.0	4.0	32.875	0.0	0.0	7.125	2.0	14.0	2.0	57.0	
40.0	2.0	4.0	32.875	0.0	0.0	7.125	2.0	11.0	3.0	57.0	
41.0	4.0	8.0	65.75	0.0	0.0	14.25	3.0	15.0	4.0	114.0	
42.0	4.0	8.0	65.75	0.0	0.0	14.25	3.0	4.0	1.0	114.0	
43.0	4.0	8.0	65.75	0.0	0.0	14.25	3.0	13.0	1.0	114.0	
44.0	4.0	8.0	65.75	0.0	0.0	14.25	3.0	3.0	5.0	114.0	
45.0	2.0	5.5	65.75	2.0	2.5	14.25	3.0	5.0	4.0	114.0	
46.0	4.0	8.0	65.75	0.0	0.0	14.25	3.0	14.0	3.0	114.0	
47.0	4.0	8.0	65.75	0.0	0.0	14.25	3.0	15.0	5.0	114.0	
48.0	4.0	8.0	65.75	0.0	0.0	14.25	3.0	13.0	4.0	114.0	
49.0	4.0	8.0	65.75	0.0	0.0	14.25	3.0	12.0	1.0	114.0	
50.0	2.0	6.0	65.75	2.0	2.0	14.25	3.0	9.0	1.0	114.0	
51.0	4.0	8.0	65.75	0.0	0.0	14.25	3.0	2.0	3.0	114.0	
52.0	4.0	8.0	65.75	0.0	0.0	14.25	3.0	4.0	3.0	114.0	
53.0	2.0	5.5	65.75	2.0	2.5	14.25	3.0	12.0	3.0	114.0	
54.0	4.0	8.0	65.75	0.0	0.0	14.25	3.0	10.0	5.0	114.0	
55.0	4.0	8.0	65.875	0.0	0.0	14.125	3.0	6.0	4.0	113.0	
56.0	4.0	8.0	65.875	0.0	0.0	14.125	3.0	13.0	5.0	113.0	
57.0	4.0	8.0	65.875	0.0	0.0	14.125	3.0	14.0	3.0	113.0	
58.0	4.0	8.0	65.875	0.0	0.0	14.125	3.0	11.0	4.0	113.0	
59.0	4.0	8.0	65.875	0.0	0.0	14.125	3.0	9.0	4.0	113.0	
60.0	2.0	6.0	65.875	2.0	2.0	14.125	3.0	3.0	3.0	113.0	
61.0	8.0	16.0	131.5	0.0	0.0	28.5	4.0	12.0	4.0	228.0	
62.0	8.0	16.0	131.5	0.0	0.0	28.5	4.0	7.0	4.0	228.0	
63.0	6.0	14.0	131.5	2.0	2.0	28.5	4.0	15.0	1.0	228.0	
64.0	7.0	15.0	131.5	1.0	1.0	28.5	4.0	4.0	2.0	228.0	
65.0	6.0	13.5	131.5	2.0	2.5	28.5	4.0	11.0	2.0	228.0	
66.0	8.0	16.0	131.5	0.0	0.0	28.5	4.0	12.0	5.0	228.0	
67.0	8.0	16.0	131.5	0.0	0.0	28.5	4.0	3.0	3.0	228.0	
68.0	8.0	16.0	131.5	0.0	0.0	28.5	4.0	5.0	3.0	228.0	
69.0	8.0	16.0	131.625	0.0	0.0	28.375	4.0	12.0	2.0	227.0	
70.0	8.0	16.0	131.625	0.0	0.0	28.375	4.0	11.0	5.0	227.0	
71.0	8.0	16.0	131.625	0.0	0.0	28.375	4.0	11.0	3.0	227.0	
72.0	8.0	16.0	131.625	0.0	0.0	28.375	4.0	11.0	2.0	227.0	
73.0	4.0	11.5	131.625	4.0	4.5	28.375	4.0	13.0	3.0	227.0	
74.0	8.0	16.0	131.625	0.0	0.0	28.375	4.0	1.0	3.0	227.0	
75.0	8.0	16.0	131.625	0.0	0.0	28.375	4.0	8.0	5.0	227.0	
76.0	7.0	15.0	131.625	1.0	1.0	28.375	4.0	6.0	4.0	227.0	
77.0	8.0	16.0	131.625	0.0	0.0	28.375	4.0	8.0	2.0	227.0	
78.0	6.0	13.5	131.625	2.0	2.5	28.375	4.0	8.0	1.0	227.0	
79.0	6.0	13.5	131.625	2.0	2.5	28.375	4.0	7.0	3.0	227.0	
80.0	6.0	14.0	131.625	2.0	2.0	28.375	4.0	3.0	1.0	227.0	
81.0	12.0	24.0	207.125	0.0	0.0	42.875	5.0	3.0	4.0	343.0	
82.0	12.0	24.0	207.125	0.0	0.0	42.875	5.0	6.0	2.0	343.0	
83.0	10.0	22.0	207.125	2.0	2.0	42.875	5.0	5.0	1.0	343.0	
84.0	10.0	21.5	207.125	2.0	2.5	42.875	5.0	12.0	2.0	343.0	
85.0	12.0	24.0	207.125	0.0	0.0	42.875	5.0	3.0	5.0	343.0	
86.0	8.0	19.5	207.125	4.0	4.5	42.875	5.0	15.0	4.0	343.0	
87.0	12.0	24.0	207.125	0.0	0.0	42.875	5.0	5.0	5.0	343.0	
88.0	12.0	24.0	207.125	0.0	0.0	42.875	5.0	4.0	3.0	343.0	
89.0	12.0	24.0	207.125	0.0	0.0	42.875	5.0	14.0	2.0	343.0	
90.0	12.0	24.0	207.25	0.0	0.0	42.75	5.0	4.0	1.0	342.0	
91.0	12.0	24.0	207.25	0.0	0.0	42.75	5.0	9.0	5.0	342.0	
92.0	12.0	24.0	207.25	0.0	0.0	42.75	5.0	10.0	4.0	342.0	
93.0	11.0	23.0	207.25	1.0	1.0	42.75	5.0	4.0	5.0	342.0	
94.0	12.0	24.0	207.25	0.0	0.0	42.75	5.0	13.0	1.0	342.0	
95.0	10.0	22.0	207.25	2.0	2.0	42.75	5.0	8.0	5.0	342.0	
96.0	10.0	21.5	207.25	2.0	2.5	42.75	5.0	15.0	3.0	342.0	
97.0	8.0	19.5	207.25	4.0	4.5	42.75	5.0	9.0	3.0	342.0	
98.0	12.0	24.0	207.25	0.0	0.0	42.75	5.0	15.0	2.0	342.0	
99.0	11.0	23.0	207.25	1.0	1.0	42.75	5.0	12.0	3.0	342.0	
100.0	12.0	24.0	207.25	0.0	0.0	42.75	5.0	14.0	1.0	342.0	
=====================================================================================================================================================
after 70 commit, VM matrix is (VM #, resource allocated to each VM (vCPU, memory, storage), resource used in each VM (vCPU, memory, storage), which flavour, VM in which PM, and VM in which rack, # blocks stored (each block is 0.125))
=====================================================================================================================================================
1.0	1.0	2.0	16.5	0.0	0.0	3.5	1.0	11.0	3.0	28.0	
2.0	1.0	2.0	16.5	0.0	0.0	3.5	1.0	14.0	1.0	28.0	
3.0	1.0	2.0	16.5	0.0	0.0	3.5	1.0	6.0	4.0	28.0	
4.0	1.0	2.0	16.5	0.0	0.0	3.5	1.0	9.0	4.0	28.0	
5.0	1.0	2.0	16.5	0.0	0.0	3.5	1.0	15.0	2.0	28.0	
6.0	1.0	2.0	16.5	0.0	0.0	3.5	1.0	7.0	1.0	28.0	
7.0	1.0	2.0	16.5	0.0	0.0	3.5	1.0	11.0	1.0	28.0	
8.0	1.0	2.0	16.5	0.0	0.0	3.5	1.0	15.0	3.0	28.0	
9.0	1.0	2.0	16.5	0.0	0.0	3.5	1.0	15.0	5.0	28.0	
10.0	1.0	2.0	16.625	0.0	0.0	3.375	1.0	15.0	1.0	27.0	
11.0	1.0	2.0	16.625	0.0	0.0	3.375	1.0	4.0	4.0	27.0	
12.0	1.0	2.0	16.625	0.0	0.0	3.375	1.0	5.0	3.0	27.0	
13.0	1.0	2.0	16.625	0.0	0.0	3.375	1.0	3.0	1.0	27.0	
14.0	1.0	2.0	16.625	0.0	0.0	3.375	1.0	13.0	5.0	27.0	
15.0	1.0	2.0	16.625	0.0	0.0	3.375	1.0	11.0	1.0	27.0	
16.0	1.0	2.0	16.625	0.0	0.0	3.375	1.0	14.0	2.0	27.0	
17.0	1.0	2.0	16.625	0.0	0.0	3.375	1.0	11.0	4.0	27.0	
18.0	1.0	2.0	16.625	0.0	0.0	3.375	1.0	2.0	5.0	27.0	
19.0	1.0	2.0	16.625	0.0	0.0	3.375	1.0	13.0	4.0	27.0	
20.0	1.0	2.0	16.625	0.0	0.0	3.375	1.0	4.0	5.0	27.0	
21.0	2.0	4.0	32.875	0.0	0.0	7.125	2.0	9.0	1.0	57.0	
22.0	2.0	4.0	32.875	0.0	0.0	7.125	2.0	6.0	2.0	57.0	
23.0	2.0	4.0	32.875	0.0	0.0	7.125	2.0	7.0	3.0	57.0	
24.0	2.0	4.0	32.875	0.0	0.0	7.125	2.0	14.0	4.0	57.0	
25.0	2.0	4.0	32.875	0.0	0.0	7.125	2.0	12.0	2.0	57.0	
26.0	2.0	4.0	32.875	0.0	0.0	7.125	2.0	1.0	2.0	57.0	
27.0	2.0	4.0	32.875	0.0	0.0	7.125	2.0	13.0	4.0	57.0	
28.0	2.0	4.0	32.875	0.0	0.0	7.125	2.0	8.0	1.0	57.0	
29.0	0.0	2.0	32.875	2.0	2.0	7.125	2.0	2.0	5.0	57.0	
30.0	2.0	4.0	32.875	0.0	0.0	7.125	2.0	14.0	1.0	57.0	
31.0	2.0	4.0	32.875	0.0	0.0	7.125	2.0	8.0	1.0	57.0	
32.0	2.0	4.0	32.875	0.0	0.0	7.125	2.0	14.0	3.0	57.0	
33.0	2.0	4.0	32.875	0.0	0.0	7.125	2.0	14.0	1.0	57.0	
34.0	2.0	4.0	32.875	0.0	0.0	7.125	2.0	14.0	1.0	57.0	
35.0	2.0	4.0	32.875	0.0	0.0	7.125	2.0	10.0	5.0	57.0	
36.0	2.0	4.0	32.875	0.0	0.0	7.125	2.0	15.0	4.0	57.0	
37.0	2.0	4.0	32.875	0.0	0.0	7.125	2.0	5.0	2.0	57.0	
38.0	2.0	4.0	32.875	0.0	0.0	7.125	2.0	5.0	5.0	57.0	
39.0	2.0	4.0	32.875	0.0	0.0	7.125	2.0	14.0	2.0	57.0	
40.0	2.0	4.0	32.875	0.0	0.0	7.125	2.0	11.0	3.0	57.0	
41.0	4.0	8.0	65.75	0.0	0.0	14.25	3.0	15.0	4.0	114.0	
42.0	4.0	8.0	65.75	0.0	0.0	14.25	3.0	4.0	1.0	114.0	
43.0	4.0	8.0	65.75	0.0	0.0	14.25	3.0	13.0	1.0	114.0	
44.0	4.0	8.0	65.75	0.0	0.0	14.25	3.0	3.0	5.0	114.0	
45.0	2.0	5.5	65.75	2.0	2.5	14.25	3.0	5.0	4.0	114.0	
46.0	4.0	8.0	65.75	0.0	0.0	14.25	3.0	14.0	3.0	114.0	
47.0	4.0	8.0	65.75	0.0	0.0	14.25	3.0	15.0	5.0	114.0	
48.0	4.0	8.0	65.75	0.0	0.0	14.25	3.0	13.0	4.0	114.0	
49.0	4.0	8.0	65.75	0.0	0.0	14.25	3.0	12.0	1.0	114.0	
50.0	2.0	6.0	65.75	2.0	2.0	14.25	3.0	9.0	1.0	114.0	
51.0	4.0	8.0	65.75	0.0	0.0	14.25	3.0	2.0	3.0	114.0	
52.0	4.0	8.0	65.75	0.0	0.0	14.25	3.0	4.0	3.0	114.0	
53.0	2.0	5.5	65.75	2.0	2.5	14.25	3.0	12.0	3.0	114.0	
54.0	4.0	8.0	65.75	0.0	0.0	14.25	3.0	10.0	5.0	114.0	
55.0	4.0	8.0	65.875	0.0	0.0	14.125	3.0	6.0	4.0	113.0	
56.0	4.0	8.0	65.875	0.0	0.0	14.125	3.0	13.0	5.0	113.0	
57.0	4.0	8.0	65.875	0.0	0.0	14.125	3.0	14.0	3.0	113.0	
58.0	4.0	8.0	65.875	0.0	0.0	14.125	3.0	11.0	4.0	113.0	
59.0	4.0	8.0	65.875	0.0	0.0	14.125	3.0	9.0	4.0	113.0	
60.0	2.0	6.0	65.875	2.0	2.0	14.125	3.0	3.0	3.0	113.0	
61.0	8.0	16.0	131.5	0.0	0.0	28.5	4.0	12.0	4.0	228.0	
62.0	8.0	16.0	131.5	0.0	0.0	28.5	4.0	7.0	4.0	228.0	
63.0	8.0	16.0	131.5	0.0	0.0	28.5	4.0	15.0	1.0	228.0	
64.0	7.0	15.0	131.5	1.0	1.0	28.5	4.0	4.0	2.0	228.0	
65.0	6.0	13.5	131.5	2.0	2.5	28.5	4.0	11.0	2.0	228.0	
66.0	8.0	16.0	131.5	0.0	0.0	28.5	4.0	12.0	5.0	228.0	
67.0	8.0	16.0	131.5	0.0	0.0	28.5	4.0	3.0	3.0	228.0	
68.0	8.0	16.0	131.5	0.0	0.0	28.5	4.0	5.0	3.0	228.0	
69.0	8.0	16.0	131.625	0.0	0.0	28.375	4.0	12.0	2.0	227.0	
70.0	8.0	16.0	131.625	0.0	0.0	28.375	4.0	11.0	5.0	227.0	
71.0	8.0	16.0	131.625	0.0	0.0	28.375	4.0	11.0	3.0	227.0	
72.0	8.0	16.0	131.625	0.0	0.0	28.375	4.0	11.0	2.0	227.0	
73.0	6.0	13.5	131.625	2.0	2.5	28.375	4.0	13.0	3.0	227.0	
74.0	8.0	16.0	131.625	0.0	0.0	28.375	4.0	1.0	3.0	227.0	
75.0	8.0	16.0	131.625	0.0	0.0	28.375	4.0	8.0	5.0	227.0	
76.0	7.0	15.0	131.625	1.0	1.0	28.375	4.0	6.0	4.0	227.0	
77.0	8.0	16.0	131.625	0.0	0.0	28.375	4.0	8.0	2.0	227.0	
78.0	6.0	13.5	131.625	2.0	2.5	28.375	4.0	8.0	1.0	227.0	
79.0	6.0	13.5	131.625	2.0	2.5	28.375	4.0	7.0	3.0	227.0	
80.0	6.0	14.0	131.625	2.0	2.0	28.375	4.0	3.0	1.0	227.0	
81.0	12.0	24.0	207.125	0.0	0.0	42.875	5.0	3.0	4.0	343.0	
82.0	12.0	24.0	207.125	0.0	0.0	42.875	5.0	6.0	2.0	343.0	
83.0	10.0	22.0	207.125	2.0	2.0	42.875	5.0	5.0	1.0	343.0	
84.0	10.0	21.5	207.125	2.0	2.5	42.875	5.0	12.0	2.0	343.0	
85.0	12.0	24.0	207.125	0.0	0.0	42.875	5.0	3.0	5.0	343.0	
86.0	8.0	19.5	207.125	4.0	4.5	42.875	5.0	15.0	4.0	343.0	
87.0	12.0	24.0	207.125	0.0	0.0	42.875	5.0	5.0	5.0	343.0	
88.0	12.0	24.0	207.125	0.0	0.0	42.875	5.0	4.0	3.0	343.0	
89.0	12.0	24.0	207.125	0.0	0.0	42.875	5.0	14.0	2.0	343.0	
90.0	12.0	24.0	207.25	0.0	0.0	42.75	5.0	4.0	1.0	342.0	
91.0	12.0	24.0	207.25	0.0	0.0	42.75	5.0	9.0	5.0	342.0	
92.0	12.0	24.0	207.25	0.0	0.0	42.75	5.0	10.0	4.0	342.0	
93.0	11.0	23.0	207.25	1.0	1.0	42.75	5.0	4.0	5.0	342.0	
94.0	12.0	24.0	207.25	0.0	0.0	42.75	5.0	13.0	1.0	342.0	
95.0	10.0	22.0	207.25	2.0	2.0	42.75	5.0	8.0	5.0	342.0	
96.0	10.0	21.5	207.25	2.0	2.5	42.75	5.0	15.0	3.0	342.0	
97.0	8.0	19.5	207.25	4.0	4.5	42.75	5.0	9.0	3.0	342.0	
98.0	12.0	24.0	207.25	0.0	0.0	42.75	5.0	15.0	2.0	342.0	
99.0	11.0	23.0	207.25	1.0	1.0	42.75	5.0	12.0	3.0	342.0	
100.0	12.0	24.0	207.25	0.0	0.0	42.75	5.0	14.0	1.0	342.0	
=====================================================================================================================================================
after 71 commit, VM matrix is (VM #, resource allocated to each VM (vCPU, memory, storage), resource used in each VM (vCPU, memory, storage), which flavour, VM in which PM, and VM in which rack, # blocks stored (each block is 0.125))
=====================================================================================================================================================
1.0	1.0	2.0	16.5	0.0	0.0	3.5	1.0	11.0	3.0	28.0	
2.0	1.0	2.0	16.5	0.0	0.0	3.5	1.0	14.0	1.0	28.0	
3.0	1.0	2.0	16.5	0.0	0.0	3.5	1.0	6.0	4.0	28.0	
4.0	1.0	2.0	16.5	0.0	0.0	3.5	1.0	9.0	4.0	28.0	
5.0	1.0	2.0	16.5	0.0	0.0	3.5	1.0	15.0	2.0	28.0	
6.0	1.0	2.0	16.5	0.0	0.0	3.5	1.0	7.0	1.0	28.0	
7.0	1.0	2.0	16.5	0.0	0.0	3.5	1.0	11.0	1.0	28.0	
8.0	1.0	2.0	16.5	0.0	0.0	3.5	1.0	15.0	3.0	28.0	
9.0	1.0	2.0	16.5	0.0	0.0	3.5	1.0	15.0	5.0	28.0	
10.0	1.0	2.0	16.625	0.0	0.0	3.375	1.0	15.0	1.0	27.0	
11.0	1.0	2.0	16.625	0.0	0.0	3.375	1.0	4.0	4.0	27.0	
12.0	1.0	2.0	16.625	0.0	0.0	3.375	1.0	5.0	3.0	27.0	
13.0	1.0	2.0	16.625	0.0	0.0	3.375	1.0	3.0	1.0	27.0	
14.0	1.0	2.0	16.625	0.0	0.0	3.375	1.0	13.0	5.0	27.0	
15.0	1.0	2.0	16.625	0.0	0.0	3.375	1.0	11.0	1.0	27.0	
16.0	1.0	2.0	16.625	0.0	0.0	3.375	1.0	14.0	2.0	27.0	
17.0	1.0	2.0	16.625	0.0	0.0	3.375	1.0	11.0	4.0	27.0	
18.0	1.0	2.0	16.625	0.0	0.0	3.375	1.0	2.0	5.0	27.0	
19.0	1.0	2.0	16.625	0.0	0.0	3.375	1.0	13.0	4.0	27.0	
20.0	1.0	2.0	16.625	0.0	0.0	3.375	1.0	4.0	5.0	27.0	
21.0	2.0	4.0	32.875	0.0	0.0	7.125	2.0	9.0	1.0	57.0	
22.0	2.0	4.0	32.875	0.0	0.0	7.125	2.0	6.0	2.0	57.0	
23.0	2.0	4.0	32.875	0.0	0.0	7.125	2.0	7.0	3.0	57.0	
24.0	2.0	4.0	32.875	0.0	0.0	7.125	2.0	14.0	4.0	57.0	
25.0	2.0	4.0	32.875	0.0	0.0	7.125	2.0	12.0	2.0	57.0	
26.0	2.0	4.0	32.875	0.0	0.0	7.125	2.0	1.0	2.0	57.0	
27.0	2.0	4.0	32.875	0.0	0.0	7.125	2.0	13.0	4.0	57.0	
28.0	2.0	4.0	32.875	0.0	0.0	7.125	2.0	8.0	1.0	57.0	
29.0	2.0	4.0	32.875	0.0	0.0	7.125	2.0	2.0	5.0	57.0	
30.0	2.0	4.0	32.875	0.0	0.0	7.125	2.0	14.0	1.0	57.0	
31.0	2.0	4.0	32.875	0.0	0.0	7.125	2.0	8.0	1.0	57.0	
32.0	2.0	4.0	32.875	0.0	0.0	7.125	2.0	14.0	3.0	57.0	
33.0	2.0	4.0	32.875	0.0	0.0	7.125	2.0	14.0	1.0	57.0	
34.0	2.0	4.0	32.875	0.0	0.0	7.125	2.0	14.0	1.0	57.0	
35.0	2.0	4.0	32.875	0.0	0.0	7.125	2.0	10.0	5.0	57.0	
36.0	2.0	4.0	32.875	0.0	0.0	7.125	2.0	15.0	4.0	57.0	
37.0	2.0	4.0	32.875	0.0	0.0	7.125	2.0	5.0	2.0	57.0	
38.0	2.0	4.0	32.875	0.0	0.0	7.125	2.0	5.0	5.0	57.0	
39.0	2.0	4.0	32.875	0.0	0.0	7.125	2.0	14.0	2.0	57.0	
40.0	2.0	4.0	32.875	0.0	0.0	7.125	2.0	11.0	3.0	57.0	
41.0	4.0	8.0	65.75	0.0	0.0	14.25	3.0	15.0	4.0	114.0	
42.0	4.0	8.0	65.75	0.0	0.0	14.25	3.0	4.0	1.0	114.0	
43.0	4.0	8.0	65.75	0.0	0.0	14.25	3.0	13.0	1.0	114.0	
44.0	4.0	8.0	65.75	0.0	0.0	14.25	3.0	3.0	5.0	114.0	
45.0	2.0	5.5	65.75	2.0	2.5	14.25	3.0	5.0	4.0	114.0	
46.0	4.0	8.0	65.75	0.0	0.0	14.25	3.0	14.0	3.0	114.0	
47.0	4.0	8.0	65.75	0.0	0.0	14.25	3.0	15.0	5.0	114.0	
48.0	4.0	8.0	65.75	0.0	0.0	14.25	3.0	13.0	4.0	114.0	
49.0	4.0	8.0	65.75	0.0	0.0	14.25	3.0	12.0	1.0	114.0	
50.0	2.0	6.0	65.75	2.0	2.0	14.25	3.0	9.0	1.0	114.0	
51.0	4.0	8.0	65.75	0.0	0.0	14.25	3.0	2.0	3.0	114.0	
52.0	4.0	8.0	65.75	0.0	0.0	14.25	3.0	4.0	3.0	114.0	
53.0	2.0	5.5	65.75	2.0	2.5	14.25	3.0	12.0	3.0	114.0	
54.0	4.0	8.0	65.75	0.0	0.0	14.25	3.0	10.0	5.0	114.0	
55.0	4.0	8.0	65.875	0.0	0.0	14.125	3.0	6.0	4.0	113.0	
56.0	4.0	8.0	65.875	0.0	0.0	14.125	3.0	13.0	5.0	113.0	
57.0	4.0	8.0	65.875	0.0	0.0	14.125	3.0	14.0	3.0	113.0	
58.0	4.0	8.0	65.875	0.0	0.0	14.125	3.0	11.0	4.0	113.0	
59.0	4.0	8.0	65.875	0.0	0.0	14.125	3.0	9.0	4.0	113.0	
60.0	2.0	6.0	65.875	2.0	2.0	14.125	3.0	3.0	3.0	113.0	
61.0	8.0	16.0	131.5	0.0	0.0	28.5	4.0	12.0	4.0	228.0	
62.0	8.0	16.0	131.5	0.0	0.0	28.5	4.0	7.0	4.0	228.0	
63.0	8.0	16.0	131.5	0.0	0.0	28.5	4.0	15.0	1.0	228.0	
64.0	7.0	15.0	131.5	1.0	1.0	28.5	4.0	4.0	2.0	228.0	
65.0	6.0	13.5	131.5	2.0	2.5	28.5	4.0	11.0	2.0	228.0	
66.0	8.0	16.0	131.5	0.0	0.0	28.5	4.0	12.0	5.0	228.0	
67.0	8.0	16.0	131.5	0.0	0.0	28.5	4.0	3.0	3.0	228.0	
68.0	8.0	16.0	131.5	0.0	0.0	28.5	4.0	5.0	3.0	228.0	
69.0	8.0	16.0	131.625	0.0	0.0	28.375	4.0	12.0	2.0	227.0	
70.0	8.0	16.0	131.625	0.0	0.0	28.375	4.0	11.0	5.0	227.0	
71.0	8.0	16.0	131.625	0.0	0.0	28.375	4.0	11.0	3.0	227.0	
72.0	8.0	16.0	131.625	0.0	0.0	28.375	4.0	11.0	2.0	227.0	
73.0	6.0	13.5	131.625	2.0	2.5	28.375	4.0	13.0	3.0	227.0	
74.0	8.0	16.0	131.625	0.0	0.0	28.375	4.0	1.0	3.0	227.0	
75.0	8.0	16.0	131.625	0.0	0.0	28.375	4.0	8.0	5.0	227.0	
76.0	7.0	15.0	131.625	1.0	1.0	28.375	4.0	6.0	4.0	227.0	
77.0	8.0	16.0	131.625	0.0	0.0	28.375	4.0	8.0	2.0	227.0	
78.0	6.0	13.5	131.625	2.0	2.5	28.375	4.0	8.0	1.0	227.0	
79.0	6.0	13.5	131.625	2.0	2.5	28.375	4.0	7.0	3.0	227.0	
80.0	6.0	14.0	131.625	2.0	2.0	28.375	4.0	3.0	1.0	227.0	
81.0	12.0	24.0	207.125	0.0	0.0	42.875	5.0	3.0	4.0	343.0	
82.0	12.0	24.0	207.125	0.0	0.0	42.875	5.0	6.0	2.0	343.0	
83.0	10.0	22.0	207.125	2.0	2.0	42.875	5.0	5.0	1.0	343.0	
84.0	10.0	21.5	207.125	2.0	2.5	42.875	5.0	12.0	2.0	343.0	
85.0	12.0	24.0	207.125	0.0	0.0	42.875	5.0	3.0	5.0	343.0	
86.0	8.0	19.5	207.125	4.0	4.5	42.875	5.0	15.0	4.0	343.0	
87.0	12.0	24.0	207.125	0.0	0.0	42.875	5.0	5.0	5.0	343.0	
88.0	12.0	24.0	207.125	0.0	0.0	42.875	5.0	4.0	3.0	343.0	
89.0	12.0	24.0	207.125	0.0	0.0	42.875	5.0	14.0	2.0	343.0	
90.0	12.0	24.0	207.25	0.0	0.0	42.75	5.0	4.0	1.0	342.0	
91.0	12.0	24.0	207.25	0.0	0.0	42.75	5.0	9.0	5.0	342.0	
92.0	12.0	24.0	207.25	0.0	0.0	42.75	5.0	10.0	4.0	342.0	
93.0	11.0	23.0	207.25	1.0	1.0	42.75	5.0	4.0	5.0	342.0	
94.0	12.0	24.0	207.25	0.0	0.0	42.75	5.0	13.0	1.0	342.0	
95.0	10.0	22.0	207.25	2.0	2.0	42.75	5.0	8.0	5.0	342.0	
96.0	10.0	21.5	207.25	2.0	2.5	42.75	5.0	15.0	3.0	342.0	
97.0	8.0	19.5	207.25	4.0	4.5	42.75	5.0	9.0	3.0	342.0	
98.0	12.0	24.0	207.25	0.0	0.0	42.75	5.0	15.0	2.0	342.0	
99.0	11.0	23.0	207.25	1.0	1.0	42.75	5.0	12.0	3.0	342.0	
100.0	12.0	24.0	207.25	0.0	0.0	42.75	5.0	14.0	1.0	342.0	
=====================================================================================================================================================
after 72 commit, VM matrix is (VM #, resource allocated to each VM (vCPU, memory, storage), resource used in each VM (vCPU, memory, storage), which flavour, VM in which PM, and VM in which rack, # blocks stored (each block is 0.125))
=====================================================================================================================================================
1.0	1.0	2.0	16.5	0.0	0.0	3.5	1.0	11.0	3.0	28.0	
2.0	1.0	2.0	16.5	0.0	0.0	3.5	1.0	14.0	1.0	28.0	
3.0	1.0	2.0	16.5	0.0	0.0	3.5	1.0	6.0	4.0	28.0	
4.0	1.0	2.0	16.5	0.0	0.0	3.5	1.0	9.0	4.0	28.0	
5.0	1.0	2.0	16.5	0.0	0.0	3.5	1.0	15.0	2.0	28.0	
6.0	1.0	2.0	16.5	0.0	0.0	3.5	1.0	7.0	1.0	28.0	
7.0	1.0	2.0	16.5	0.0	0.0	3.5	1.0	11.0	1.0	28.0	
8.0	1.0	2.0	16.5	0.0	0.0	3.5	1.0	15.0	3.0	28.0	
9.0	1.0	2.0	16.5	0.0	0.0	3.5	1.0	15.0	5.0	28.0	
10.0	1.0	2.0	16.625	0.0	0.0	3.375	1.0	15.0	1.0	27.0	
11.0	1.0	2.0	16.625	0.0	0.0	3.375	1.0	4.0	4.0	27.0	
12.0	1.0	2.0	16.625	0.0	0.0	3.375	1.0	5.0	3.0	27.0	
13.0	1.0	2.0	16.625	0.0	0.0	3.375	1.0	3.0	1.0	27.0	
14.0	1.0	2.0	16.625	0.0	0.0	3.375	1.0	13.0	5.0	27.0	
15.0	1.0	2.0	16.625	0.0	0.0	3.375	1.0	11.0	1.0	27.0	
16.0	1.0	2.0	16.625	0.0	0.0	3.375	1.0	14.0	2.0	27.0	
17.0	1.0	2.0	16.625	0.0	0.0	3.375	1.0	11.0	4.0	27.0	
18.0	1.0	2.0	16.625	0.0	0.0	3.375	1.0	2.0	5.0	27.0	
19.0	1.0	2.0	16.625	0.0	0.0	3.375	1.0	13.0	4.0	27.0	
20.0	1.0	2.0	16.625	0.0	0.0	3.375	1.0	4.0	5.0	27.0	
21.0	2.0	4.0	32.875	0.0	0.0	7.125	2.0	9.0	1.0	57.0	
22.0	2.0	4.0	32.875	0.0	0.0	7.125	2.0	6.0	2.0	57.0	
23.0	2.0	4.0	32.875	0.0	0.0	7.125	2.0	7.0	3.0	57.0	
24.0	2.0	4.0	32.875	0.0	0.0	7.125	2.0	14.0	4.0	57.0	
25.0	2.0	4.0	32.875	0.0	0.0	7.125	2.0	12.0	2.0	57.0	
26.0	2.0	4.0	32.875	0.0	0.0	7.125	2.0	1.0	2.0	57.0	
27.0	2.0	4.0	32.875	0.0	0.0	7.125	2.0	13.0	4.0	57.0	
28.0	2.0	4.0	32.875	0.0	0.0	7.125	2.0	8.0	1.0	57.0	
29.0	2.0	4.0	32.875	0.0	0.0	7.125	2.0	2.0	5.0	57.0	
30.0	2.0	4.0	32.875	0.0	0.0	7.125	2.0	14.0	1.0	57.0	
31.0	2.0	4.0	32.875	0.0	0.0	7.125	2.0	8.0	1.0	57.0	
32.0	2.0	4.0	32.875	0.0	0.0	7.125	2.0	14.0	3.0	57.0	
33.0	2.0	4.0	32.875	0.0	0.0	7.125	2.0	14.0	1.0	57.0	
34.0	2.0	4.0	32.875	0.0	0.0	7.125	2.0	14.0	1.0	57.0	
35.0	2.0	4.0	32.875	0.0	0.0	7.125	2.0	10.0	5.0	57.0	
36.0	2.0	4.0	32.875	0.0	0.0	7.125	2.0	15.0	4.0	57.0	
37.0	2.0	4.0	32.875	0.0	0.0	7.125	2.0	5.0	2.0	57.0	
38.0	2.0	4.0	32.875	0.0	0.0	7.125	2.0	5.0	5.0	57.0	
39.0	2.0	4.0	32.875	0.0	0.0	7.125	2.0	14.0	2.0	57.0	
40.0	2.0	4.0	32.875	0.0	0.0	7.125	2.0	11.0	3.0	57.0	
41.0	4.0	8.0	65.75	0.0	0.0	14.25	3.0	15.0	4.0	114.0	
42.0	4.0	8.0	65.75	0.0	0.0	14.25	3.0	4.0	1.0	114.0	
43.0	4.0	8.0	65.75	0.0	0.0	14.25	3.0	13.0	1.0	114.0	
44.0	4.0	8.0	65.75	0.0	0.0	14.25	3.0	3.0	5.0	114.0	
45.0	2.0	5.5	65.75	2.0	2.5	14.25	3.0	5.0	4.0	114.0	
46.0	4.0	8.0	65.75	0.0	0.0	14.25	3.0	14.0	3.0	114.0	
47.0	4.0	8.0	65.75	0.0	0.0	14.25	3.0	15.0	5.0	114.0	
48.0	4.0	8.0	65.75	0.0	0.0	14.25	3.0	13.0	4.0	114.0	
49.0	4.0	8.0	65.75	0.0	0.0	14.25	3.0	12.0	1.0	114.0	
50.0	2.0	6.0	65.75	2.0	2.0	14.25	3.0	9.0	1.0	114.0	
51.0	4.0	8.0	65.75	0.0	0.0	14.25	3.0	2.0	3.0	114.0	
52.0	4.0	8.0	65.75	0.0	0.0	14.25	3.0	4.0	3.0	114.0	
53.0	2.0	5.5	65.75	2.0	2.5	14.25	3.0	12.0	3.0	114.0	
54.0	4.0	8.0	65.75	0.0	0.0	14.25	3.0	10.0	5.0	114.0	
55.0	4.0	8.0	65.875	0.0	0.0	14.125	3.0	6.0	4.0	113.0	
56.0	4.0	8.0	65.875	0.0	0.0	14.125	3.0	13.0	5.0	113.0	
57.0	4.0	8.0	65.875	0.0	0.0	14.125	3.0	14.0	3.0	113.0	
58.0	4.0	8.0	65.875	0.0	0.0	14.125	3.0	11.0	4.0	113.0	
59.0	4.0	8.0	65.875	0.0	0.0	14.125	3.0	9.0	4.0	113.0	
60.0	2.0	6.0	65.875	2.0	2.0	14.125	3.0	3.0	3.0	113.0	
61.0	8.0	16.0	131.5	0.0	0.0	28.5	4.0	12.0	4.0	228.0	
62.0	8.0	16.0	131.5	0.0	0.0	28.5	4.0	7.0	4.0	228.0	
63.0	8.0	16.0	131.5	0.0	0.0	28.5	4.0	15.0	1.0	228.0	
64.0	7.0	15.0	131.5	1.0	1.0	28.5	4.0	4.0	2.0	228.0	
65.0	6.0	13.5	131.5	2.0	2.5	28.5	4.0	11.0	2.0	228.0	
66.0	8.0	16.0	131.5	0.0	0.0	28.5	4.0	12.0	5.0	228.0	
67.0	8.0	16.0	131.5	0.0	0.0	28.5	4.0	3.0	3.0	228.0	
68.0	8.0	16.0	131.5	0.0	0.0	28.5	4.0	5.0	3.0	228.0	
69.0	8.0	16.0	131.625	0.0	0.0	28.375	4.0	12.0	2.0	227.0	
70.0	8.0	16.0	131.625	0.0	0.0	28.375	4.0	11.0	5.0	227.0	
71.0	8.0	16.0	131.625	0.0	0.0	28.375	4.0	11.0	3.0	227.0	
72.0	8.0	16.0	131.625	0.0	0.0	28.375	4.0	11.0	2.0	227.0	
73.0	6.0	13.5	131.625	2.0	2.5	28.375	4.0	13.0	3.0	227.0	
74.0	8.0	16.0	131.625	0.0	0.0	28.375	4.0	1.0	3.0	227.0	
75.0	8.0	16.0	131.625	0.0	0.0	28.375	4.0	8.0	5.0	227.0	
76.0	7.0	15.0	131.625	1.0	1.0	28.375	4.0	6.0	4.0	227.0	
77.0	8.0	16.0	131.625	0.0	0.0	28.375	4.0	8.0	2.0	227.0	
78.0	6.0	13.5	131.625	2.0	2.5	28.375	4.0	8.0	1.0	227.0	
79.0	6.0	13.5	131.625	2.0	2.5	28.375	4.0	7.0	3.0	227.0	
80.0	6.0	14.0	131.625	2.0	2.0	28.375	4.0	3.0	1.0	227.0	
81.0	12.0	24.0	207.125	0.0	0.0	42.875	5.0	3.0	4.0	343.0	
82.0	12.0	24.0	207.125	0.0	0.0	42.875	5.0	6.0	2.0	343.0	
83.0	10.0	22.0	207.125	2.0	2.0	42.875	5.0	5.0	1.0	343.0	
84.0	10.0	21.5	207.125	2.0	2.5	42.875	5.0	12.0	2.0	343.0	
85.0	12.0	24.0	207.125	0.0	0.0	42.875	5.0	3.0	5.0	343.0	
86.0	8.0	19.5	207.125	4.0	4.5	42.875	5.0	15.0	4.0	343.0	
87.0	12.0	24.0	207.125	0.0	0.0	42.875	5.0	5.0	5.0	343.0	
88.0	12.0	24.0	207.125	0.0	0.0	42.875	5.0	4.0	3.0	343.0	
89.0	12.0	24.0	207.125	0.0	0.0	42.875	5.0	14.0	2.0	343.0	
90.0	12.0	24.0	207.25	0.0	0.0	42.75	5.0	4.0	1.0	342.0	
91.0	12.0	24.0	207.25	0.0	0.0	42.75	5.0	9.0	5.0	342.0	
92.0	12.0	24.0	207.25	0.0	0.0	42.75	5.0	10.0	4.0	342.0	
93.0	11.0	23.0	207.25	1.0	1.0	42.75	5.0	4.0	5.0	342.0	
94.0	12.0	24.0	207.25	0.0	0.0	42.75	5.0	13.0	1.0	342.0	
95.0	10.0	22.0	207.25	2.0	2.0	42.75	5.0	8.0	5.0	342.0	
96.0	10.0	21.5	207.25	2.0	2.5	42.75	5.0	15.0	3.0	342.0	
97.0	8.0	19.5	207.25	4.0	4.5	42.75	5.0	9.0	3.0	342.0	
98.0	12.0	24.0	207.25	0.0	0.0	42.75	5.0	15.0	2.0	342.0	
99.0	11.0	23.0	207.25	1.0	1.0	42.75	5.0	12.0	3.0	342.0	
100.0	12.0	24.0	207.25	0.0	0.0	42.75	5.0	14.0	1.0	342.0	
=====================================================================================================================================================
after 73 commit, VM matrix is (VM #, resource allocated to each VM (vCPU, memory, storage), resource used in each VM (vCPU, memory, storage), which flavour, VM in which PM, and VM in which rack, # blocks stored (each block is 0.125))
=====================================================================================================================================================
1.0	1.0	2.0	16.5	0.0	0.0	3.5	1.0	11.0	3.0	28.0	
2.0	1.0	2.0	16.5	0.0	0.0	3.5	1.0	14.0	1.0	28.0	
3.0	1.0	2.0	16.5	0.0	0.0	3.5	1.0	6.0	4.0	28.0	
4.0	1.0	2.0	16.5	0.0	0.0	3.5	1.0	9.0	4.0	28.0	
5.0	1.0	2.0	16.5	0.0	0.0	3.5	1.0	15.0	2.0	28.0	
6.0	1.0	2.0	16.5	0.0	0.0	3.5	1.0	7.0	1.0	28.0	
7.0	1.0	2.0	16.5	0.0	0.0	3.5	1.0	11.0	1.0	28.0	
8.0	1.0	2.0	16.5	0.0	0.0	3.5	1.0	15.0	3.0	28.0	
9.0	1.0	2.0	16.5	0.0	0.0	3.5	1.0	15.0	5.0	28.0	
10.0	1.0	2.0	16.625	0.0	0.0	3.375	1.0	15.0	1.0	27.0	
11.0	1.0	2.0	16.625	0.0	0.0	3.375	1.0	4.0	4.0	27.0	
12.0	1.0	2.0	16.625	0.0	0.0	3.375	1.0	5.0	3.0	27.0	
13.0	1.0	2.0	16.625	0.0	0.0	3.375	1.0	3.0	1.0	27.0	
14.0	1.0	2.0	16.625	0.0	0.0	3.375	1.0	13.0	5.0	27.0	
15.0	1.0	2.0	16.625	0.0	0.0	3.375	1.0	11.0	1.0	27.0	
16.0	1.0	2.0	16.625	0.0	0.0	3.375	1.0	14.0	2.0	27.0	
17.0	1.0	2.0	16.625	0.0	0.0	3.375	1.0	11.0	4.0	27.0	
18.0	1.0	2.0	16.625	0.0	0.0	3.375	1.0	2.0	5.0	27.0	
19.0	1.0	2.0	16.625	0.0	0.0	3.375	1.0	13.0	4.0	27.0	
20.0	1.0	2.0	16.625	0.0	0.0	3.375	1.0	4.0	5.0	27.0	
21.0	2.0	4.0	32.875	0.0	0.0	7.125	2.0	9.0	1.0	57.0	
22.0	2.0	4.0	32.875	0.0	0.0	7.125	2.0	6.0	2.0	57.0	
23.0	2.0	4.0	32.875	0.0	0.0	7.125	2.0	7.0	3.0	57.0	
24.0	2.0	4.0	32.875	0.0	0.0	7.125	2.0	14.0	4.0	57.0	
25.0	2.0	4.0	32.875	0.0	0.0	7.125	2.0	12.0	2.0	57.0	
26.0	2.0	4.0	32.875	0.0	0.0	7.125	2.0	1.0	2.0	57.0	
27.0	2.0	4.0	32.875	0.0	0.0	7.125	2.0	13.0	4.0	57.0	
28.0	2.0	4.0	32.875	0.0	0.0	7.125	2.0	8.0	1.0	57.0	
29.0	2.0	4.0	32.875	0.0	0.0	7.125	2.0	2.0	5.0	57.0	
30.0	2.0	4.0	32.875	0.0	0.0	7.125	2.0	14.0	1.0	57.0	
31.0	2.0	4.0	32.875	0.0	0.0	7.125	2.0	8.0	1.0	57.0	
32.0	2.0	4.0	32.875	0.0	0.0	7.125	2.0	14.0	3.0	57.0	
33.0	2.0	4.0	32.875	0.0	0.0	7.125	2.0	14.0	1.0	57.0	
34.0	2.0	4.0	32.875	0.0	0.0	7.125	2.0	14.0	1.0	57.0	
35.0	2.0	4.0	32.875	0.0	0.0	7.125	2.0	10.0	5.0	57.0	
36.0	2.0	4.0	32.875	0.0	0.0	7.125	2.0	15.0	4.0	57.0	
37.0	2.0	4.0	32.875	0.0	0.0	7.125	2.0	5.0	2.0	57.0	
38.0	2.0	4.0	32.875	0.0	0.0	7.125	2.0	5.0	5.0	57.0	
39.0	2.0	4.0	32.875	0.0	0.0	7.125	2.0	14.0	2.0	57.0	
40.0	2.0	4.0	32.875	0.0	0.0	7.125	2.0	11.0	3.0	57.0	
41.0	4.0	8.0	65.75	0.0	0.0	14.25	3.0	15.0	4.0	114.0	
42.0	4.0	8.0	65.75	0.0	0.0	14.25	3.0	4.0	1.0	114.0	
43.0	4.0	8.0	65.75	0.0	0.0	14.25	3.0	13.0	1.0	114.0	
44.0	4.0	8.0	65.75	0.0	0.0	14.25	3.0	3.0	5.0	114.0	
45.0	2.0	5.5	65.75	2.0	2.5	14.25	3.0	5.0	4.0	114.0	
46.0	4.0	8.0	65.75	0.0	0.0	14.25	3.0	14.0	3.0	114.0	
47.0	4.0	8.0	65.75	0.0	0.0	14.25	3.0	15.0	5.0	114.0	
48.0	4.0	8.0	65.75	0.0	0.0	14.25	3.0	13.0	4.0	114.0	
49.0	4.0	8.0	65.75	0.0	0.0	14.25	3.0	12.0	1.0	114.0	
50.0	4.0	8.0	65.75	0.0	0.0	14.25	3.0	9.0	1.0	114.0	
51.0	4.0	8.0	65.75	0.0	0.0	14.25	3.0	2.0	3.0	114.0	
52.0	4.0	8.0	65.75	0.0	0.0	14.25	3.0	4.0	3.0	114.0	
53.0	2.0	5.5	65.75	2.0	2.5	14.25	3.0	12.0	3.0	114.0	
54.0	4.0	8.0	65.75	0.0	0.0	14.25	3.0	10.0	5.0	114.0	
55.0	4.0	8.0	65.875	0.0	0.0	14.125	3.0	6.0	4.0	113.0	
56.0	4.0	8.0	65.875	0.0	0.0	14.125	3.0	13.0	5.0	113.0	
57.0	4.0	8.0	65.875	0.0	0.0	14.125	3.0	14.0	3.0	113.0	
58.0	4.0	8.0	65.875	0.0	0.0	14.125	3.0	11.0	4.0	113.0	
59.0	4.0	8.0	65.875	0.0	0.0	14.125	3.0	9.0	4.0	113.0	
60.0	2.0	6.0	65.875	2.0	2.0	14.125	3.0	3.0	3.0	113.0	
61.0	8.0	16.0	131.5	0.0	0.0	28.5	4.0	12.0	4.0	228.0	
62.0	8.0	16.0	131.5	0.0	0.0	28.5	4.0	7.0	4.0	228.0	
63.0	8.0	16.0	131.5	0.0	0.0	28.5	4.0	15.0	1.0	228.0	
64.0	7.0	15.0	131.5	1.0	1.0	28.5	4.0	4.0	2.0	228.0	
65.0	6.0	13.5	131.5	2.0	2.5	28.5	4.0	11.0	2.0	228.0	
66.0	8.0	16.0	131.5	0.0	0.0	28.5	4.0	12.0	5.0	228.0	
67.0	8.0	16.0	131.5	0.0	0.0	28.5	4.0	3.0	3.0	228.0	
68.0	8.0	16.0	131.5	0.0	0.0	28.5	4.0	5.0	3.0	228.0	
69.0	8.0	16.0	131.625	0.0	0.0	28.375	4.0	12.0	2.0	227.0	
70.0	8.0	16.0	131.625	0.0	0.0	28.375	4.0	11.0	5.0	227.0	
71.0	8.0	16.0	131.625	0.0	0.0	28.375	4.0	11.0	3.0	227.0	
72.0	8.0	16.0	131.625	0.0	0.0	28.375	4.0	11.0	2.0	227.0	
73.0	6.0	13.5	131.625	2.0	2.5	28.375	4.0	13.0	3.0	227.0	
74.0	8.0	16.0	131.625	0.0	0.0	28.375	4.0	1.0	3.0	227.0	
75.0	8.0	16.0	131.625	0.0	0.0	28.375	4.0	8.0	5.0	227.0	
76.0	7.0	15.0	131.625	1.0	1.0	28.375	4.0	6.0	4.0	227.0	
77.0	8.0	16.0	131.625	0.0	0.0	28.375	4.0	8.0	2.0	227.0	
78.0	6.0	13.5	131.625	2.0	2.5	28.375	4.0	8.0	1.0	227.0	
79.0	6.0	13.5	131.625	2.0	2.5	28.375	4.0	7.0	3.0	227.0	
80.0	8.0	16.0	131.625	0.0	0.0	28.375	4.0	3.0	1.0	227.0	
81.0	12.0	24.0	207.125	0.0	0.0	42.875	5.0	3.0	4.0	343.0	
82.0	12.0	24.0	207.125	0.0	0.0	42.875	5.0	6.0	2.0	343.0	
83.0	10.0	22.0	207.125	2.0	2.0	42.875	5.0	5.0	1.0	343.0	
84.0	10.0	21.5	207.125	2.0	2.5	42.875	5.0	12.0	2.0	343.0	
85.0	12.0	24.0	207.125	0.0	0.0	42.875	5.0	3.0	5.0	343.0	
86.0	8.0	19.5	207.125	4.0	4.5	42.875	5.0	15.0	4.0	343.0	
87.0	12.0	24.0	207.125	0.0	0.0	42.875	5.0	5.0	5.0	343.0	
88.0	12.0	24.0	207.125	0.0	0.0	42.875	5.0	4.0	3.0	343.0	
89.0	12.0	24.0	207.125	0.0	0.0	42.875	5.0	14.0	2.0	343.0	
90.0	12.0	24.0	207.25	0.0	0.0	42.75	5.0	4.0	1.0	342.0	
91.0	12.0	24.0	207.25	0.0	0.0	42.75	5.0	9.0	5.0	342.0	
92.0	12.0	24.0	207.25	0.0	0.0	42.75	5.0	10.0	4.0	342.0	
93.0	11.0	23.0	207.25	1.0	1.0	42.75	5.0	4.0	5.0	342.0	
94.0	12.0	24.0	207.25	0.0	0.0	42.75	5.0	13.0	1.0	342.0	
95.0	12.0	24.0	207.25	0.0	0.0	42.75	5.0	8.0	5.0	342.0	
96.0	10.0	21.5	207.25	2.0	2.5	42.75	5.0	15.0	3.0	342.0	
97.0	8.0	19.5	207.25	4.0	4.5	42.75	5.0	9.0	3.0	342.0	
98.0	12.0	24.0	207.25	0.0	0.0	42.75	5.0	15.0	2.0	342.0	
99.0	11.0	23.0	207.25	1.0	1.0	42.75	5.0	12.0	3.0	342.0	
100.0	12.0	24.0	207.25	0.0	0.0	42.75	5.0	14.0	1.0	342.0	
=====================================================================================================================================================
after 74 commit, VM matrix is (VM #, resource allocated to each VM (vCPU, memory, storage), resource used in each VM (vCPU, memory, storage), which flavour, VM in which PM, and VM in which rack, # blocks stored (each block is 0.125))
=====================================================================================================================================================
1.0	1.0	2.0	16.5	0.0	0.0	3.5	1.0	11.0	3.0	28.0	
2.0	1.0	2.0	16.5	0.0	0.0	3.5	1.0	14.0	1.0	28.0	
3.0	1.0	2.0	16.5	0.0	0.0	3.5	1.0	6.0	4.0	28.0	
4.0	1.0	2.0	16.5	0.0	0.0	3.5	1.0	9.0	4.0	28.0	
5.0	1.0	2.0	16.5	0.0	0.0	3.5	1.0	15.0	2.0	28.0	
6.0	1.0	2.0	16.5	0.0	0.0	3.5	1.0	7.0	1.0	28.0	
7.0	1.0	2.0	16.5	0.0	0.0	3.5	1.0	11.0	1.0	28.0	
8.0	1.0	2.0	16.5	0.0	0.0	3.5	1.0	15.0	3.0	28.0	
9.0	1.0	2.0	16.5	0.0	0.0	3.5	1.0	15.0	5.0	28.0	
10.0	1.0	2.0	16.625	0.0	0.0	3.375	1.0	15.0	1.0	27.0	
11.0	1.0	2.0	16.625	0.0	0.0	3.375	1.0	4.0	4.0	27.0	
12.0	1.0	2.0	16.625	0.0	0.0	3.375	1.0	5.0	3.0	27.0	
13.0	1.0	2.0	16.625	0.0	0.0	3.375	1.0	3.0	1.0	27.0	
14.0	1.0	2.0	16.625	0.0	0.0	3.375	1.0	13.0	5.0	27.0	
15.0	1.0	2.0	16.625	0.0	0.0	3.375	1.0	11.0	1.0	27.0	
16.0	1.0	2.0	16.625	0.0	0.0	3.375	1.0	14.0	2.0	27.0	
17.0	1.0	2.0	16.625	0.0	0.0	3.375	1.0	11.0	4.0	27.0	
18.0	1.0	2.0	16.625	0.0	0.0	3.375	1.0	2.0	5.0	27.0	
19.0	1.0	2.0	16.625	0.0	0.0	3.375	1.0	13.0	4.0	27.0	
20.0	1.0	2.0	16.625	0.0	0.0	3.375	1.0	4.0	5.0	27.0	
21.0	2.0	4.0	32.875	0.0	0.0	7.125	2.0	9.0	1.0	57.0	
22.0	2.0	4.0	32.875	0.0	0.0	7.125	2.0	6.0	2.0	57.0	
23.0	2.0	4.0	32.875	0.0	0.0	7.125	2.0	7.0	3.0	57.0	
24.0	2.0	4.0	32.875	0.0	0.0	7.125	2.0	14.0	4.0	57.0	
25.0	2.0	4.0	32.875	0.0	0.0	7.125	2.0	12.0	2.0	57.0	
26.0	2.0	4.0	32.875	0.0	0.0	7.125	2.0	1.0	2.0	57.0	
27.0	2.0	4.0	32.875	0.0	0.0	7.125	2.0	13.0	4.0	57.0	
28.0	2.0	4.0	32.875	0.0	0.0	7.125	2.0	8.0	1.0	57.0	
29.0	2.0	4.0	32.875	0.0	0.0	7.125	2.0	2.0	5.0	57.0	
30.0	2.0	4.0	32.875	0.0	0.0	7.125	2.0	14.0	1.0	57.0	
31.0	2.0	4.0	32.875	0.0	0.0	7.125	2.0	8.0	1.0	57.0	
32.0	2.0	4.0	32.875	0.0	0.0	7.125	2.0	14.0	3.0	57.0	
33.0	2.0	4.0	32.875	0.0	0.0	7.125	2.0	14.0	1.0	57.0	
34.0	2.0	4.0	32.875	0.0	0.0	7.125	2.0	14.0	1.0	57.0	
35.0	2.0	4.0	32.875	0.0	0.0	7.125	2.0	10.0	5.0	57.0	
36.0	2.0	4.0	32.875	0.0	0.0	7.125	2.0	15.0	4.0	57.0	
37.0	2.0	4.0	32.875	0.0	0.0	7.125	2.0	5.0	2.0	57.0	
38.0	2.0	4.0	32.875	0.0	0.0	7.125	2.0	5.0	5.0	57.0	
39.0	2.0	4.0	32.875	0.0	0.0	7.125	2.0	14.0	2.0	57.0	
40.0	2.0	4.0	32.875	0.0	0.0	7.125	2.0	11.0	3.0	57.0	
41.0	4.0	8.0	65.75	0.0	0.0	14.25	3.0	15.0	4.0	114.0	
42.0	4.0	8.0	65.75	0.0	0.0	14.25	3.0	4.0	1.0	114.0	
43.0	4.0	8.0	65.75	0.0	0.0	14.25	3.0	13.0	1.0	114.0	
44.0	4.0	8.0	65.75	0.0	0.0	14.25	3.0	3.0	5.0	114.0	
45.0	2.0	5.5	65.75	2.0	2.5	14.25	3.0	5.0	4.0	114.0	
46.0	4.0	8.0	65.75	0.0	0.0	14.25	3.0	14.0	3.0	114.0	
47.0	4.0	8.0	65.75	0.0	0.0	14.25	3.0	15.0	5.0	114.0	
48.0	4.0	8.0	65.75	0.0	0.0	14.25	3.0	13.0	4.0	114.0	
49.0	4.0	8.0	65.75	0.0	0.0	14.25	3.0	12.0	1.0	114.0	
50.0	4.0	8.0	65.75	0.0	0.0	14.25	3.0	9.0	1.0	114.0	
51.0	4.0	8.0	65.75	0.0	0.0	14.25	3.0	2.0	3.0	114.0	
52.0	4.0	8.0	65.75	0.0	0.0	14.25	3.0	4.0	3.0	114.0	
53.0	2.0	5.5	65.75	2.0	2.5	14.25	3.0	12.0	3.0	114.0	
54.0	4.0	8.0	65.75	0.0	0.0	14.25	3.0	10.0	5.0	114.0	
55.0	4.0	8.0	65.875	0.0	0.0	14.125	3.0	6.0	4.0	113.0	
56.0	4.0	8.0	65.875	0.0	0.0	14.125	3.0	13.0	5.0	113.0	
57.0	4.0	8.0	65.875	0.0	0.0	14.125	3.0	14.0	3.0	113.0	
58.0	4.0	8.0	65.875	0.0	0.0	14.125	3.0	11.0	4.0	113.0	
59.0	4.0	8.0	65.875	0.0	0.0	14.125	3.0	9.0	4.0	113.0	
60.0	2.0	6.0	65.875	2.0	2.0	14.125	3.0	3.0	3.0	113.0	
61.0	8.0	16.0	131.5	0.0	0.0	28.5	4.0	12.0	4.0	228.0	
62.0	8.0	16.0	131.5	0.0	0.0	28.5	4.0	7.0	4.0	228.0	
63.0	8.0	16.0	131.5	0.0	0.0	28.5	4.0	15.0	1.0	228.0	
64.0	7.0	15.0	131.5	1.0	1.0	28.5	4.0	4.0	2.0	228.0	
65.0	6.0	13.5	131.5	2.0	2.5	28.5	4.0	11.0	2.0	228.0	
66.0	8.0	16.0	131.5	0.0	0.0	28.5	4.0	12.0	5.0	228.0	
67.0	8.0	16.0	131.5	0.0	0.0	28.5	4.0	3.0	3.0	228.0	
68.0	8.0	16.0	131.5	0.0	0.0	28.5	4.0	5.0	3.0	228.0	
69.0	8.0	16.0	131.625	0.0	0.0	28.375	4.0	12.0	2.0	227.0	
70.0	8.0	16.0	131.625	0.0	0.0	28.375	4.0	11.0	5.0	227.0	
71.0	8.0	16.0	131.625	0.0	0.0	28.375	4.0	11.0	3.0	227.0	
72.0	8.0	16.0	131.625	0.0	0.0	28.375	4.0	11.0	2.0	227.0	
73.0	6.0	13.5	131.625	2.0	2.5	28.375	4.0	13.0	3.0	227.0	
74.0	8.0	16.0	131.625	0.0	0.0	28.375	4.0	1.0	3.0	227.0	
75.0	8.0	16.0	131.625	0.0	0.0	28.375	4.0	8.0	5.0	227.0	
76.0	7.0	15.0	131.625	1.0	1.0	28.375	4.0	6.0	4.0	227.0	
77.0	8.0	16.0	131.625	0.0	0.0	28.375	4.0	8.0	2.0	227.0	
78.0	6.0	13.5	131.625	2.0	2.5	28.375	4.0	8.0	1.0	227.0	
79.0	6.0	13.5	131.625	2.0	2.5	28.375	4.0	7.0	3.0	227.0	
80.0	8.0	16.0	131.625	0.0	0.0	28.375	4.0	3.0	1.0	227.0	
81.0	12.0	24.0	207.125	0.0	0.0	42.875	5.0	3.0	4.0	343.0	
82.0	12.0	24.0	207.125	0.0	0.0	42.875	5.0	6.0	2.0	343.0	
83.0	10.0	22.0	207.125	2.0	2.0	42.875	5.0	5.0	1.0	343.0	
84.0	10.0	21.5	207.125	2.0	2.5	42.875	5.0	12.0	2.0	343.0	
85.0	12.0	24.0	207.125	0.0	0.0	42.875	5.0	3.0	5.0	343.0	
86.0	8.0	19.5	207.125	4.0	4.5	42.875	5.0	15.0	4.0	343.0	
87.0	12.0	24.0	207.125	0.0	0.0	42.875	5.0	5.0	5.0	343.0	
88.0	12.0	24.0	207.125	0.0	0.0	42.875	5.0	4.0	3.0	343.0	
89.0	12.0	24.0	207.125	0.0	0.0	42.875	5.0	14.0	2.0	343.0	
90.0	12.0	24.0	207.25	0.0	0.0	42.75	5.0	4.0	1.0	342.0	
91.0	12.0	24.0	207.25	0.0	0.0	42.75	5.0	9.0	5.0	342.0	
92.0	12.0	24.0	207.25	0.0	0.0	42.75	5.0	10.0	4.0	342.0	
93.0	11.0	23.0	207.25	1.0	1.0	42.75	5.0	4.0	5.0	342.0	
94.0	12.0	24.0	207.25	0.0	0.0	42.75	5.0	13.0	1.0	342.0	
95.0	12.0	24.0	207.25	0.0	0.0	42.75	5.0	8.0	5.0	342.0	
96.0	10.0	21.5	207.25	2.0	2.5	42.75	5.0	15.0	3.0	342.0	
97.0	10.0	21.5	207.25	2.0	2.5	42.75	5.0	9.0	3.0	342.0	
98.0	12.0	24.0	207.25	0.0	0.0	42.75	5.0	15.0	2.0	342.0	
99.0	11.0	23.0	207.25	1.0	1.0	42.75	5.0	12.0	3.0	342.0	
100.0	12.0	24.0	207.25	0.0	0.0	42.75	5.0	14.0	1.0	342.0	
=====================================================================================================================================================
after 75 commit, VM matrix is (VM #, resource allocated to each VM (vCPU, memory, storage), resource used in each VM (vCPU, memory, storage), which flavour, VM in which PM, and VM in which rack, # blocks stored (each block is 0.125))
=====================================================================================================================================================
1.0	1.0	2.0	16.5	0.0	0.0	3.5	1.0	11.0	3.0	28.0	
2.0	1.0	2.0	16.5	0.0	0.0	3.5	1.0	14.0	1.0	28.0	
3.0	1.0	2.0	16.5	0.0	0.0	3.5	1.0	6.0	4.0	28.0	
4.0	1.0	2.0	16.5	0.0	0.0	3.5	1.0	9.0	4.0	28.0	
5.0	1.0	2.0	16.5	0.0	0.0	3.5	1.0	15.0	2.0	28.0	
6.0	1.0	2.0	16.5	0.0	0.0	3.5	1.0	7.0	1.0	28.0	
7.0	1.0	2.0	16.5	0.0	0.0	3.5	1.0	11.0	1.0	28.0	
8.0	1.0	2.0	16.5	0.0	0.0	3.5	1.0	15.0	3.0	28.0	
9.0	1.0	2.0	16.5	0.0	0.0	3.5	1.0	15.0	5.0	28.0	
10.0	1.0	2.0	16.625	0.0	0.0	3.375	1.0	15.0	1.0	27.0	
11.0	1.0	2.0	16.625	0.0	0.0	3.375	1.0	4.0	4.0	27.0	
12.0	1.0	2.0	16.625	0.0	0.0	3.375	1.0	5.0	3.0	27.0	
13.0	1.0	2.0	16.625	0.0	0.0	3.375	1.0	3.0	1.0	27.0	
14.0	1.0	2.0	16.625	0.0	0.0	3.375	1.0	13.0	5.0	27.0	
15.0	1.0	2.0	16.625	0.0	0.0	3.375	1.0	11.0	1.0	27.0	
16.0	1.0	2.0	16.625	0.0	0.0	3.375	1.0	14.0	2.0	27.0	
17.0	1.0	2.0	16.625	0.0	0.0	3.375	1.0	11.0	4.0	27.0	
18.0	1.0	2.0	16.625	0.0	0.0	3.375	1.0	2.0	5.0	27.0	
19.0	1.0	2.0	16.625	0.0	0.0	3.375	1.0	13.0	4.0	27.0	
20.0	1.0	2.0	16.625	0.0	0.0	3.375	1.0	4.0	5.0	27.0	
21.0	2.0	4.0	32.875	0.0	0.0	7.125	2.0	9.0	1.0	57.0	
22.0	2.0	4.0	32.875	0.0	0.0	7.125	2.0	6.0	2.0	57.0	
23.0	2.0	4.0	32.875	0.0	0.0	7.125	2.0	7.0	3.0	57.0	
24.0	2.0	4.0	32.875	0.0	0.0	7.125	2.0	14.0	4.0	57.0	
25.0	2.0	4.0	32.875	0.0	0.0	7.125	2.0	12.0	2.0	57.0	
26.0	2.0	4.0	32.875	0.0	0.0	7.125	2.0	1.0	2.0	57.0	
27.0	2.0	4.0	32.875	0.0	0.0	7.125	2.0	13.0	4.0	57.0	
28.0	2.0	4.0	32.875	0.0	0.0	7.125	2.0	8.0	1.0	57.0	
29.0	2.0	4.0	32.875	0.0	0.0	7.125	2.0	2.0	5.0	57.0	
30.0	2.0	4.0	32.875	0.0	0.0	7.125	2.0	14.0	1.0	57.0	
31.0	2.0	4.0	32.875	0.0	0.0	7.125	2.0	8.0	1.0	57.0	
32.0	2.0	4.0	32.875	0.0	0.0	7.125	2.0	14.0	3.0	57.0	
33.0	2.0	4.0	32.875	0.0	0.0	7.125	2.0	14.0	1.0	57.0	
34.0	2.0	4.0	32.875	0.0	0.0	7.125	2.0	14.0	1.0	57.0	
35.0	2.0	4.0	32.875	0.0	0.0	7.125	2.0	10.0	5.0	57.0	
36.0	2.0	4.0	32.875	0.0	0.0	7.125	2.0	15.0	4.0	57.0	
37.0	2.0	4.0	32.875	0.0	0.0	7.125	2.0	5.0	2.0	57.0	
38.0	2.0	4.0	32.875	0.0	0.0	7.125	2.0	5.0	5.0	57.0	
39.0	2.0	4.0	32.875	0.0	0.0	7.125	2.0	14.0	2.0	57.0	
40.0	2.0	4.0	32.875	0.0	0.0	7.125	2.0	11.0	3.0	57.0	
41.0	4.0	8.0	65.75	0.0	0.0	14.25	3.0	15.0	4.0	114.0	
42.0	4.0	8.0	65.75	0.0	0.0	14.25	3.0	4.0	1.0	114.0	
43.0	4.0	8.0	65.75	0.0	0.0	14.25	3.0	13.0	1.0	114.0	
44.0	4.0	8.0	65.75	0.0	0.0	14.25	3.0	3.0	5.0	114.0	
45.0	2.0	5.5	65.75	2.0	2.5	14.25	3.0	5.0	4.0	114.0	
46.0	4.0	8.0	65.75	0.0	0.0	14.25	3.0	14.0	3.0	114.0	
47.0	4.0	8.0	65.75	0.0	0.0	14.25	3.0	15.0	5.0	114.0	
48.0	4.0	8.0	65.75	0.0	0.0	14.25	3.0	13.0	4.0	114.0	
49.0	4.0	8.0	65.75	0.0	0.0	14.25	3.0	12.0	1.0	114.0	
50.0	4.0	8.0	65.75	0.0	0.0	14.25	3.0	9.0	1.0	114.0	
51.0	4.0	8.0	65.75	0.0	0.0	14.25	3.0	2.0	3.0	114.0	
52.0	4.0	8.0	65.75	0.0	0.0	14.25	3.0	4.0	3.0	114.0	
53.0	2.0	5.5	65.75	2.0	2.5	14.25	3.0	12.0	3.0	114.0	
54.0	4.0	8.0	65.75	0.0	0.0	14.25	3.0	10.0	5.0	114.0	
55.0	4.0	8.0	65.875	0.0	0.0	14.125	3.0	6.0	4.0	113.0	
56.0	4.0	8.0	65.875	0.0	0.0	14.125	3.0	13.0	5.0	113.0	
57.0	4.0	8.0	65.875	0.0	0.0	14.125	3.0	14.0	3.0	113.0	
58.0	4.0	8.0	65.875	0.0	0.0	14.125	3.0	11.0	4.0	113.0	
59.0	4.0	8.0	65.875	0.0	0.0	14.125	3.0	9.0	4.0	113.0	
60.0	2.0	6.0	65.875	2.0	2.0	14.125	3.0	3.0	3.0	113.0	
61.0	8.0	16.0	131.5	0.0	0.0	28.5	4.0	12.0	4.0	228.0	
62.0	8.0	16.0	131.5	0.0	0.0	28.5	4.0	7.0	4.0	228.0	
63.0	8.0	16.0	131.5	0.0	0.0	28.5	4.0	15.0	1.0	228.0	
64.0	7.0	15.0	131.5	1.0	1.0	28.5	4.0	4.0	2.0	228.0	
65.0	6.0	13.5	131.5	2.0	2.5	28.5	4.0	11.0	2.0	228.0	
66.0	8.0	16.0	131.5	0.0	0.0	28.5	4.0	12.0	5.0	228.0	
67.0	8.0	16.0	131.5	0.0	0.0	28.5	4.0	3.0	3.0	228.0	
68.0	8.0	16.0	131.5	0.0	0.0	28.5	4.0	5.0	3.0	228.0	
69.0	8.0	16.0	131.625	0.0	0.0	28.375	4.0	12.0	2.0	227.0	
70.0	8.0	16.0	131.625	0.0	0.0	28.375	4.0	11.0	5.0	227.0	
71.0	8.0	16.0	131.625	0.0	0.0	28.375	4.0	11.0	3.0	227.0	
72.0	8.0	16.0	131.625	0.0	0.0	28.375	4.0	11.0	2.0	227.0	
73.0	6.0	13.5	131.625	2.0	2.5	28.375	4.0	13.0	3.0	227.0	
74.0	8.0	16.0	131.625	0.0	0.0	28.375	4.0	1.0	3.0	227.0	
75.0	8.0	16.0	131.625	0.0	0.0	28.375	4.0	8.0	5.0	227.0	
76.0	7.0	15.0	131.625	1.0	1.0	28.375	4.0	6.0	4.0	227.0	
77.0	8.0	16.0	131.625	0.0	0.0	28.375	4.0	8.0	2.0	227.0	
78.0	6.0	13.5	131.625	2.0	2.5	28.375	4.0	8.0	1.0	227.0	
79.0	6.0	13.5	131.625	2.0	2.5	28.375	4.0	7.0	3.0	227.0	
80.0	8.0	16.0	131.625	0.0	0.0	28.375	4.0	3.0	1.0	227.0	
81.0	12.0	24.0	207.125	0.0	0.0	42.875	5.0	3.0	4.0	343.0	
82.0	12.0	24.0	207.125	0.0	0.0	42.875	5.0	6.0	2.0	343.0	
83.0	12.0	24.0	207.125	0.0	0.0	42.875	5.0	5.0	1.0	343.0	
84.0	10.0	21.5	207.125	2.0	2.5	42.875	5.0	12.0	2.0	343.0	
85.0	12.0	24.0	207.125	0.0	0.0	42.875	5.0	3.0	5.0	343.0	
86.0	8.0	19.5	207.125	4.0	4.5	42.875	5.0	15.0	4.0	343.0	
87.0	12.0	24.0	207.125	0.0	0.0	42.875	5.0	5.0	5.0	343.0	
88.0	12.0	24.0	207.125	0.0	0.0	42.875	5.0	4.0	3.0	343.0	
89.0	12.0	24.0	207.125	0.0	0.0	42.875	5.0	14.0	2.0	343.0	
90.0	12.0	24.0	207.25	0.0	0.0	42.75	5.0	4.0	1.0	342.0	
91.0	12.0	24.0	207.25	0.0	0.0	42.75	5.0	9.0	5.0	342.0	
92.0	12.0	24.0	207.25	0.0	0.0	42.75	5.0	10.0	4.0	342.0	
93.0	11.0	23.0	207.25	1.0	1.0	42.75	5.0	4.0	5.0	342.0	
94.0	12.0	24.0	207.25	0.0	0.0	42.75	5.0	13.0	1.0	342.0	
95.0	12.0	24.0	207.25	0.0	0.0	42.75	5.0	8.0	5.0	342.0	
96.0	10.0	21.5	207.25	2.0	2.5	42.75	5.0	15.0	3.0	342.0	
97.0	10.0	21.5	207.25	2.0	2.5	42.75	5.0	9.0	3.0	342.0	
98.0	12.0	24.0	207.25	0.0	0.0	42.75	5.0	15.0	2.0	342.0	
99.0	11.0	23.0	207.25	1.0	1.0	42.75	5.0	12.0	3.0	342.0	
100.0	12.0	24.0	207.25	0.0	0.0	42.75	5.0	14.0	1.0	342.0	
=====================================================================================================================================================
after 76 commit, VM matrix is (VM #, resource allocated to each VM (vCPU, memory, storage), resource used in each VM (vCPU, memory, storage), which flavour, VM in which PM, and VM in which rack, # blocks stored (each block is 0.125))
=====================================================================================================================================================
1.0	1.0	2.0	16.5	0.0	0.0	3.5	1.0	11.0	3.0	28.0	
2.0	1.0	2.0	16.5	0.0	0.0	3.5	1.0	14.0	1.0	28.0	
3.0	1.0	2.0	16.5	0.0	0.0	3.5	1.0	6.0	4.0	28.0	
4.0	1.0	2.0	16.5	0.0	0.0	3.5	1.0	9.0	4.0	28.0	
5.0	1.0	2.0	16.5	0.0	0.0	3.5	1.0	15.0	2.0	28.0	
6.0	1.0	2.0	16.5	0.0	0.0	3.5	1.0	7.0	1.0	28.0	
7.0	1.0	2.0	16.5	0.0	0.0	3.5	1.0	11.0	1.0	28.0	
8.0	1.0	2.0	16.5	0.0	0.0	3.5	1.0	15.0	3.0	28.0	
9.0	1.0	2.0	16.5	0.0	0.0	3.5	1.0	15.0	5.0	28.0	
10.0	1.0	2.0	16.625	0.0	0.0	3.375	1.0	15.0	1.0	27.0	
11.0	1.0	2.0	16.625	0.0	0.0	3.375	1.0	4.0	4.0	27.0	
12.0	1.0	2.0	16.625	0.0	0.0	3.375	1.0	5.0	3.0	27.0	
13.0	1.0	2.0	16.625	0.0	0.0	3.375	1.0	3.0	1.0	27.0	
14.0	1.0	2.0	16.625	0.0	0.0	3.375	1.0	13.0	5.0	27.0	
15.0	1.0	2.0	16.625	0.0	0.0	3.375	1.0	11.0	1.0	27.0	
16.0	1.0	2.0	16.625	0.0	0.0	3.375	1.0	14.0	2.0	27.0	
17.0	1.0	2.0	16.625	0.0	0.0	3.375	1.0	11.0	4.0	27.0	
18.0	1.0	2.0	16.625	0.0	0.0	3.375	1.0	2.0	5.0	27.0	
19.0	1.0	2.0	16.625	0.0	0.0	3.375	1.0	13.0	4.0	27.0	
20.0	1.0	2.0	16.625	0.0	0.0	3.375	1.0	4.0	5.0	27.0	
21.0	2.0	4.0	32.875	0.0	0.0	7.125	2.0	9.0	1.0	57.0	
22.0	2.0	4.0	32.875	0.0	0.0	7.125	2.0	6.0	2.0	57.0	
23.0	2.0	4.0	32.875	0.0	0.0	7.125	2.0	7.0	3.0	57.0	
24.0	2.0	4.0	32.875	0.0	0.0	7.125	2.0	14.0	4.0	57.0	
25.0	2.0	4.0	32.875	0.0	0.0	7.125	2.0	12.0	2.0	57.0	
26.0	2.0	4.0	32.875	0.0	0.0	7.125	2.0	1.0	2.0	57.0	
27.0	2.0	4.0	32.875	0.0	0.0	7.125	2.0	13.0	4.0	57.0	
28.0	2.0	4.0	32.875	0.0	0.0	7.125	2.0	8.0	1.0	57.0	
29.0	2.0	4.0	32.875	0.0	0.0	7.125	2.0	2.0	5.0	57.0	
30.0	2.0	4.0	32.875	0.0	0.0	7.125	2.0	14.0	1.0	57.0	
31.0	2.0	4.0	32.875	0.0	0.0	7.125	2.0	8.0	1.0	57.0	
32.0	2.0	4.0	32.875	0.0	0.0	7.125	2.0	14.0	3.0	57.0	
33.0	2.0	4.0	32.875	0.0	0.0	7.125	2.0	14.0	1.0	57.0	
34.0	2.0	4.0	32.875	0.0	0.0	7.125	2.0	14.0	1.0	57.0	
35.0	2.0	4.0	32.875	0.0	0.0	7.125	2.0	10.0	5.0	57.0	
36.0	2.0	4.0	32.875	0.0	0.0	7.125	2.0	15.0	4.0	57.0	
37.0	2.0	4.0	32.875	0.0	0.0	7.125	2.0	5.0	2.0	57.0	
38.0	2.0	4.0	32.875	0.0	0.0	7.125	2.0	5.0	5.0	57.0	
39.0	2.0	4.0	32.875	0.0	0.0	7.125	2.0	14.0	2.0	57.0	
40.0	2.0	4.0	32.875	0.0	0.0	7.125	2.0	11.0	3.0	57.0	
41.0	4.0	8.0	65.75	0.0	0.0	14.25	3.0	15.0	4.0	114.0	
42.0	4.0	8.0	65.75	0.0	0.0	14.25	3.0	4.0	1.0	114.0	
43.0	4.0	8.0	65.75	0.0	0.0	14.25	3.0	13.0	1.0	114.0	
44.0	4.0	8.0	65.75	0.0	0.0	14.25	3.0	3.0	5.0	114.0	
45.0	2.0	5.5	65.75	2.0	2.5	14.25	3.0	5.0	4.0	114.0	
46.0	4.0	8.0	65.75	0.0	0.0	14.25	3.0	14.0	3.0	114.0	
47.0	4.0	8.0	65.75	0.0	0.0	14.25	3.0	15.0	5.0	114.0	
48.0	4.0	8.0	65.75	0.0	0.0	14.25	3.0	13.0	4.0	114.0	
49.0	4.0	8.0	65.75	0.0	0.0	14.25	3.0	12.0	1.0	114.0	
50.0	4.0	8.0	65.75	0.0	0.0	14.25	3.0	9.0	1.0	114.0	
51.0	4.0	8.0	65.75	0.0	0.0	14.25	3.0	2.0	3.0	114.0	
52.0	4.0	8.0	65.75	0.0	0.0	14.25	3.0	4.0	3.0	114.0	
53.0	2.0	5.5	65.75	2.0	2.5	14.25	3.0	12.0	3.0	114.0	
54.0	4.0	8.0	65.75	0.0	0.0	14.25	3.0	10.0	5.0	114.0	
55.0	4.0	8.0	65.875	0.0	0.0	14.125	3.0	6.0	4.0	113.0	
56.0	4.0	8.0	65.875	0.0	0.0	14.125	3.0	13.0	5.0	113.0	
57.0	4.0	8.0	65.875	0.0	0.0	14.125	3.0	14.0	3.0	113.0	
58.0	4.0	8.0	65.875	0.0	0.0	14.125	3.0	11.0	4.0	113.0	
59.0	4.0	8.0	65.875	0.0	0.0	14.125	3.0	9.0	4.0	113.0	
60.0	4.0	8.0	65.875	0.0	0.0	14.125	3.0	3.0	3.0	113.0	
61.0	8.0	16.0	131.5	0.0	0.0	28.5	4.0	12.0	4.0	228.0	
62.0	8.0	16.0	131.5	0.0	0.0	28.5	4.0	7.0	4.0	228.0	
63.0	8.0	16.0	131.5	0.0	0.0	28.5	4.0	15.0	1.0	228.0	
64.0	7.0	15.0	131.5	1.0	1.0	28.5	4.0	4.0	2.0	228.0	
65.0	6.0	13.5	131.5	2.0	2.5	28.5	4.0	11.0	2.0	228.0	
66.0	8.0	16.0	131.5	0.0	0.0	28.5	4.0	12.0	5.0	228.0	
67.0	8.0	16.0	131.5	0.0	0.0	28.5	4.0	3.0	3.0	228.0	
68.0	8.0	16.0	131.5	0.0	0.0	28.5	4.0	5.0	3.0	228.0	
69.0	8.0	16.0	131.625	0.0	0.0	28.375	4.0	12.0	2.0	227.0	
70.0	8.0	16.0	131.625	0.0	0.0	28.375	4.0	11.0	5.0	227.0	
71.0	8.0	16.0	131.625	0.0	0.0	28.375	4.0	11.0	3.0	227.0	
72.0	8.0	16.0	131.625	0.0	0.0	28.375	4.0	11.0	2.0	227.0	
73.0	6.0	13.5	131.625	2.0	2.5	28.375	4.0	13.0	3.0	227.0	
74.0	8.0	16.0	131.625	0.0	0.0	28.375	4.0	1.0	3.0	227.0	
75.0	8.0	16.0	131.625	0.0	0.0	28.375	4.0	8.0	5.0	227.0	
76.0	7.0	15.0	131.625	1.0	1.0	28.375	4.0	6.0	4.0	227.0	
77.0	8.0	16.0	131.625	0.0	0.0	28.375	4.0	8.0	2.0	227.0	
78.0	6.0	13.5	131.625	2.0	2.5	28.375	4.0	8.0	1.0	227.0	
79.0	6.0	13.5	131.625	2.0	2.5	28.375	4.0	7.0	3.0	227.0	
80.0	8.0	16.0	131.625	0.0	0.0	28.375	4.0	3.0	1.0	227.0	
81.0	12.0	24.0	207.125	0.0	0.0	42.875	5.0	3.0	4.0	343.0	
82.0	12.0	24.0	207.125	0.0	0.0	42.875	5.0	6.0	2.0	343.0	
83.0	12.0	24.0	207.125	0.0	0.0	42.875	5.0	5.0	1.0	343.0	
84.0	10.0	21.5	207.125	2.0	2.5	42.875	5.0	12.0	2.0	343.0	
85.0	12.0	24.0	207.125	0.0	0.0	42.875	5.0	3.0	5.0	343.0	
86.0	10.0	21.5	207.125	2.0	2.5	42.875	5.0	15.0	4.0	343.0	
87.0	12.0	24.0	207.125	0.0	0.0	42.875	5.0	5.0	5.0	343.0	
88.0	12.0	24.0	207.125	0.0	0.0	42.875	5.0	4.0	3.0	343.0	
89.0	12.0	24.0	207.125	0.0	0.0	42.875	5.0	14.0	2.0	343.0	
90.0	12.0	24.0	207.25	0.0	0.0	42.75	5.0	4.0	1.0	342.0	
91.0	12.0	24.0	207.25	0.0	0.0	42.75	5.0	9.0	5.0	342.0	
92.0	12.0	24.0	207.25	0.0	0.0	42.75	5.0	10.0	4.0	342.0	
93.0	11.0	23.0	207.25	1.0	1.0	42.75	5.0	4.0	5.0	342.0	
94.0	12.0	24.0	207.25	0.0	0.0	42.75	5.0	13.0	1.0	342.0	
95.0	12.0	24.0	207.25	0.0	0.0	42.75	5.0	8.0	5.0	342.0	
96.0	10.0	21.5	207.25	2.0	2.5	42.75	5.0	15.0	3.0	342.0	
97.0	10.0	21.5	207.25	2.0	2.5	42.75	5.0	9.0	3.0	342.0	
98.0	12.0	24.0	207.25	0.0	0.0	42.75	5.0	15.0	2.0	342.0	
99.0	11.0	23.0	207.25	1.0	1.0	42.75	5.0	12.0	3.0	342.0	
100.0	12.0	24.0	207.25	0.0	0.0	42.75	5.0	14.0	1.0	342.0	
=====================================================================================================================================================
after 77 commit, VM matrix is (VM #, resource allocated to each VM (vCPU, memory, storage), resource used in each VM (vCPU, memory, storage), which flavour, VM in which PM, and VM in which rack, # blocks stored (each block is 0.125))
=====================================================================================================================================================
1.0	1.0	2.0	16.5	0.0	0.0	3.5	1.0	11.0	3.0	28.0	
2.0	1.0	2.0	16.5	0.0	0.0	3.5	1.0	14.0	1.0	28.0	
3.0	1.0	2.0	16.5	0.0	0.0	3.5	1.0	6.0	4.0	28.0	
4.0	1.0	2.0	16.5	0.0	0.0	3.5	1.0	9.0	4.0	28.0	
5.0	1.0	2.0	16.5	0.0	0.0	3.5	1.0	15.0	2.0	28.0	
6.0	1.0	2.0	16.5	0.0	0.0	3.5	1.0	7.0	1.0	28.0	
7.0	1.0	2.0	16.5	0.0	0.0	3.5	1.0	11.0	1.0	28.0	
8.0	1.0	2.0	16.5	0.0	0.0	3.5	1.0	15.0	3.0	28.0	
9.0	1.0	2.0	16.5	0.0	0.0	3.5	1.0	15.0	5.0	28.0	
10.0	1.0	2.0	16.625	0.0	0.0	3.375	1.0	15.0	1.0	27.0	
11.0	1.0	2.0	16.625	0.0	0.0	3.375	1.0	4.0	4.0	27.0	
12.0	1.0	2.0	16.625	0.0	0.0	3.375	1.0	5.0	3.0	27.0	
13.0	1.0	2.0	16.625	0.0	0.0	3.375	1.0	3.0	1.0	27.0	
14.0	1.0	2.0	16.625	0.0	0.0	3.375	1.0	13.0	5.0	27.0	
15.0	1.0	2.0	16.625	0.0	0.0	3.375	1.0	11.0	1.0	27.0	
16.0	1.0	2.0	16.625	0.0	0.0	3.375	1.0	14.0	2.0	27.0	
17.0	1.0	2.0	16.625	0.0	0.0	3.375	1.0	11.0	4.0	27.0	
18.0	1.0	2.0	16.625	0.0	0.0	3.375	1.0	2.0	5.0	27.0	
19.0	1.0	2.0	16.625	0.0	0.0	3.375	1.0	13.0	4.0	27.0	
20.0	1.0	2.0	16.625	0.0	0.0	3.375	1.0	4.0	5.0	27.0	
21.0	2.0	4.0	32.875	0.0	0.0	7.125	2.0	9.0	1.0	57.0	
22.0	2.0	4.0	32.875	0.0	0.0	7.125	2.0	6.0	2.0	57.0	
23.0	2.0	4.0	32.875	0.0	0.0	7.125	2.0	7.0	3.0	57.0	
24.0	2.0	4.0	32.875	0.0	0.0	7.125	2.0	14.0	4.0	57.0	
25.0	2.0	4.0	32.875	0.0	0.0	7.125	2.0	12.0	2.0	57.0	
26.0	2.0	4.0	32.875	0.0	0.0	7.125	2.0	1.0	2.0	57.0	
27.0	2.0	4.0	32.875	0.0	0.0	7.125	2.0	13.0	4.0	57.0	
28.0	2.0	4.0	32.875	0.0	0.0	7.125	2.0	8.0	1.0	57.0	
29.0	2.0	4.0	32.875	0.0	0.0	7.125	2.0	2.0	5.0	57.0	
30.0	2.0	4.0	32.875	0.0	0.0	7.125	2.0	14.0	1.0	57.0	
31.0	2.0	4.0	32.875	0.0	0.0	7.125	2.0	8.0	1.0	57.0	
32.0	2.0	4.0	32.875	0.0	0.0	7.125	2.0	14.0	3.0	57.0	
33.0	2.0	4.0	32.875	0.0	0.0	7.125	2.0	14.0	1.0	57.0	
34.0	2.0	4.0	32.875	0.0	0.0	7.125	2.0	14.0	1.0	57.0	
35.0	2.0	4.0	32.875	0.0	0.0	7.125	2.0	10.0	5.0	57.0	
36.0	2.0	4.0	32.875	0.0	0.0	7.125	2.0	15.0	4.0	57.0	
37.0	2.0	4.0	32.875	0.0	0.0	7.125	2.0	5.0	2.0	57.0	
38.0	2.0	4.0	32.875	0.0	0.0	7.125	2.0	5.0	5.0	57.0	
39.0	2.0	4.0	32.875	0.0	0.0	7.125	2.0	14.0	2.0	57.0	
40.0	2.0	4.0	32.875	0.0	0.0	7.125	2.0	11.0	3.0	57.0	
41.0	4.0	8.0	65.75	0.0	0.0	14.25	3.0	15.0	4.0	114.0	
42.0	4.0	8.0	65.75	0.0	0.0	14.25	3.0	4.0	1.0	114.0	
43.0	4.0	8.0	65.75	0.0	0.0	14.25	3.0	13.0	1.0	114.0	
44.0	4.0	8.0	65.75	0.0	0.0	14.25	3.0	3.0	5.0	114.0	
45.0	2.0	5.5	65.75	2.0	2.5	14.25	3.0	5.0	4.0	114.0	
46.0	4.0	8.0	65.75	0.0	0.0	14.25	3.0	14.0	3.0	114.0	
47.0	4.0	8.0	65.75	0.0	0.0	14.25	3.0	15.0	5.0	114.0	
48.0	4.0	8.0	65.75	0.0	0.0	14.25	3.0	13.0	4.0	114.0	
49.0	4.0	8.0	65.75	0.0	0.0	14.25	3.0	12.0	1.0	114.0	
50.0	4.0	8.0	65.75	0.0	0.0	14.25	3.0	9.0	1.0	114.0	
51.0	4.0	8.0	65.75	0.0	0.0	14.25	3.0	2.0	3.0	114.0	
52.0	4.0	8.0	65.75	0.0	0.0	14.25	3.0	4.0	3.0	114.0	
53.0	2.0	5.5	65.75	2.0	2.5	14.25	3.0	12.0	3.0	114.0	
54.0	4.0	8.0	65.75	0.0	0.0	14.25	3.0	10.0	5.0	114.0	
55.0	4.0	8.0	65.875	0.0	0.0	14.125	3.0	6.0	4.0	113.0	
56.0	4.0	8.0	65.875	0.0	0.0	14.125	3.0	13.0	5.0	113.0	
57.0	4.0	8.0	65.875	0.0	0.0	14.125	3.0	14.0	3.0	113.0	
58.0	4.0	8.0	65.875	0.0	0.0	14.125	3.0	11.0	4.0	113.0	
59.0	4.0	8.0	65.875	0.0	0.0	14.125	3.0	9.0	4.0	113.0	
60.0	4.0	8.0	65.875	0.0	0.0	14.125	3.0	3.0	3.0	113.0	
61.0	8.0	16.0	131.5	0.0	0.0	28.5	4.0	12.0	4.0	228.0	
62.0	8.0	16.0	131.5	0.0	0.0	28.5	4.0	7.0	4.0	228.0	
63.0	8.0	16.0	131.5	0.0	0.0	28.5	4.0	15.0	1.0	228.0	
64.0	7.0	15.0	131.5	1.0	1.0	28.5	4.0	4.0	2.0	228.0	
65.0	6.0	13.5	131.5	2.0	2.5	28.5	4.0	11.0	2.0	228.0	
66.0	8.0	16.0	131.5	0.0	0.0	28.5	4.0	12.0	5.0	228.0	
67.0	8.0	16.0	131.5	0.0	0.0	28.5	4.0	3.0	3.0	228.0	
68.0	8.0	16.0	131.5	0.0	0.0	28.5	4.0	5.0	3.0	228.0	
69.0	8.0	16.0	131.625	0.0	0.0	28.375	4.0	12.0	2.0	227.0	
70.0	8.0	16.0	131.625	0.0	0.0	28.375	4.0	11.0	5.0	227.0	
71.0	8.0	16.0	131.625	0.0	0.0	28.375	4.0	11.0	3.0	227.0	
72.0	8.0	16.0	131.625	0.0	0.0	28.375	4.0	11.0	2.0	227.0	
73.0	6.0	13.5	131.625	2.0	2.5	28.375	4.0	13.0	3.0	227.0	
74.0	8.0	16.0	131.625	0.0	0.0	28.375	4.0	1.0	3.0	227.0	
75.0	8.0	16.0	131.625	0.0	0.0	28.375	4.0	8.0	5.0	227.0	
76.0	7.0	15.0	131.625	1.0	1.0	28.375	4.0	6.0	4.0	227.0	
77.0	8.0	16.0	131.625	0.0	0.0	28.375	4.0	8.0	2.0	227.0	
78.0	6.0	13.5	131.625	2.0	2.5	28.375	4.0	8.0	1.0	227.0	
79.0	6.0	13.5	131.625	2.0	2.5	28.375	4.0	7.0	3.0	227.0	
80.0	8.0	16.0	131.625	0.0	0.0	28.375	4.0	3.0	1.0	227.0	
81.0	12.0	24.0	207.125	0.0	0.0	42.875	5.0	3.0	4.0	343.0	
82.0	12.0	24.0	207.125	0.0	0.0	42.875	5.0	6.0	2.0	343.0	
83.0	12.0	24.0	207.125	0.0	0.0	42.875	5.0	5.0	1.0	343.0	
84.0	10.0	21.5	207.125	2.0	2.5	42.875	5.0	12.0	2.0	343.0	
85.0	12.0	24.0	207.125	0.0	0.0	42.875	5.0	3.0	5.0	343.0	
86.0	10.0	21.5	207.125	2.0	2.5	42.875	5.0	15.0	4.0	343.0	
87.0	12.0	24.0	207.125	0.0	0.0	42.875	5.0	5.0	5.0	343.0	
88.0	12.0	24.0	207.125	0.0	0.0	42.875	5.0	4.0	3.0	343.0	
89.0	12.0	24.0	207.125	0.0	0.0	42.875	5.0	14.0	2.0	343.0	
90.0	12.0	24.0	207.25	0.0	0.0	42.75	5.0	4.0	1.0	342.0	
91.0	12.0	24.0	207.25	0.0	0.0	42.75	5.0	9.0	5.0	342.0	
92.0	12.0	24.0	207.25	0.0	0.0	42.75	5.0	10.0	4.0	342.0	
93.0	11.0	23.0	207.25	1.0	1.0	42.75	5.0	4.0	5.0	342.0	
94.0	12.0	24.0	207.25	0.0	0.0	42.75	5.0	13.0	1.0	342.0	
95.0	12.0	24.0	207.25	0.0	0.0	42.75	5.0	8.0	5.0	342.0	
96.0	10.0	21.5	207.25	2.0	2.5	42.75	5.0	15.0	3.0	342.0	
97.0	10.0	21.5	207.25	2.0	2.5	42.75	5.0	9.0	3.0	342.0	
98.0	12.0	24.0	207.25	0.0	0.0	42.75	5.0	15.0	2.0	342.0	
99.0	11.0	23.0	207.25	1.0	1.0	42.75	5.0	12.0	3.0	342.0	
100.0	12.0	24.0	207.25	0.0	0.0	42.75	5.0	14.0	1.0	342.0	
=====================================================================================================================================================
after 78 commit, VM matrix is (VM #, resource allocated to each VM (vCPU, memory, storage), resource used in each VM (vCPU, memory, storage), which flavour, VM in which PM, and VM in which rack, # blocks stored (each block is 0.125))
=====================================================================================================================================================
1.0	1.0	2.0	16.5	0.0	0.0	3.5	1.0	11.0	3.0	28.0	
2.0	1.0	2.0	16.5	0.0	0.0	3.5	1.0	14.0	1.0	28.0	
3.0	1.0	2.0	16.5	0.0	0.0	3.5	1.0	6.0	4.0	28.0	
4.0	1.0	2.0	16.5	0.0	0.0	3.5	1.0	9.0	4.0	28.0	
5.0	1.0	2.0	16.5	0.0	0.0	3.5	1.0	15.0	2.0	28.0	
6.0	1.0	2.0	16.5	0.0	0.0	3.5	1.0	7.0	1.0	28.0	
7.0	1.0	2.0	16.5	0.0	0.0	3.5	1.0	11.0	1.0	28.0	
8.0	1.0	2.0	16.5	0.0	0.0	3.5	1.0	15.0	3.0	28.0	
9.0	1.0	2.0	16.5	0.0	0.0	3.5	1.0	15.0	5.0	28.0	
10.0	1.0	2.0	16.625	0.0	0.0	3.375	1.0	15.0	1.0	27.0	
11.0	1.0	2.0	16.625	0.0	0.0	3.375	1.0	4.0	4.0	27.0	
12.0	1.0	2.0	16.625	0.0	0.0	3.375	1.0	5.0	3.0	27.0	
13.0	1.0	2.0	16.625	0.0	0.0	3.375	1.0	3.0	1.0	27.0	
14.0	1.0	2.0	16.625	0.0	0.0	3.375	1.0	13.0	5.0	27.0	
15.0	1.0	2.0	16.625	0.0	0.0	3.375	1.0	11.0	1.0	27.0	
16.0	1.0	2.0	16.625	0.0	0.0	3.375	1.0	14.0	2.0	27.0	
17.0	1.0	2.0	16.625	0.0	0.0	3.375	1.0	11.0	4.0	27.0	
18.0	1.0	2.0	16.625	0.0	0.0	3.375	1.0	2.0	5.0	27.0	
19.0	1.0	2.0	16.625	0.0	0.0	3.375	1.0	13.0	4.0	27.0	
20.0	1.0	2.0	16.625	0.0	0.0	3.375	1.0	4.0	5.0	27.0	
21.0	2.0	4.0	32.875	0.0	0.0	7.125	2.0	9.0	1.0	57.0	
22.0	2.0	4.0	32.875	0.0	0.0	7.125	2.0	6.0	2.0	57.0	
23.0	2.0	4.0	32.875	0.0	0.0	7.125	2.0	7.0	3.0	57.0	
24.0	2.0	4.0	32.875	0.0	0.0	7.125	2.0	14.0	4.0	57.0	
25.0	2.0	4.0	32.875	0.0	0.0	7.125	2.0	12.0	2.0	57.0	
26.0	2.0	4.0	32.875	0.0	0.0	7.125	2.0	1.0	2.0	57.0	
27.0	2.0	4.0	32.875	0.0	0.0	7.125	2.0	13.0	4.0	57.0	
28.0	2.0	4.0	32.875	0.0	0.0	7.125	2.0	8.0	1.0	57.0	
29.0	2.0	4.0	32.875	0.0	0.0	7.125	2.0	2.0	5.0	57.0	
30.0	2.0	4.0	32.875	0.0	0.0	7.125	2.0	14.0	1.0	57.0	
31.0	2.0	4.0	32.875	0.0	0.0	7.125	2.0	8.0	1.0	57.0	
32.0	2.0	4.0	32.875	0.0	0.0	7.125	2.0	14.0	3.0	57.0	
33.0	2.0	4.0	32.875	0.0	0.0	7.125	2.0	14.0	1.0	57.0	
34.0	2.0	4.0	32.875	0.0	0.0	7.125	2.0	14.0	1.0	57.0	
35.0	2.0	4.0	32.875	0.0	0.0	7.125	2.0	10.0	5.0	57.0	
36.0	2.0	4.0	32.875	0.0	0.0	7.125	2.0	15.0	4.0	57.0	
37.0	2.0	4.0	32.875	0.0	0.0	7.125	2.0	5.0	2.0	57.0	
38.0	2.0	4.0	32.875	0.0	0.0	7.125	2.0	5.0	5.0	57.0	
39.0	2.0	4.0	32.875	0.0	0.0	7.125	2.0	14.0	2.0	57.0	
40.0	2.0	4.0	32.875	0.0	0.0	7.125	2.0	11.0	3.0	57.0	
41.0	4.0	8.0	65.75	0.0	0.0	14.25	3.0	15.0	4.0	114.0	
42.0	4.0	8.0	65.75	0.0	0.0	14.25	3.0	4.0	1.0	114.0	
43.0	4.0	8.0	65.75	0.0	0.0	14.25	3.0	13.0	1.0	114.0	
44.0	4.0	8.0	65.75	0.0	0.0	14.25	3.0	3.0	5.0	114.0	
45.0	2.0	5.5	65.75	2.0	2.5	14.25	3.0	5.0	4.0	114.0	
46.0	4.0	8.0	65.75	0.0	0.0	14.25	3.0	14.0	3.0	114.0	
47.0	4.0	8.0	65.75	0.0	0.0	14.25	3.0	15.0	5.0	114.0	
48.0	4.0	8.0	65.75	0.0	0.0	14.25	3.0	13.0	4.0	114.0	
49.0	4.0	8.0	65.75	0.0	0.0	14.25	3.0	12.0	1.0	114.0	
50.0	4.0	8.0	65.75	0.0	0.0	14.25	3.0	9.0	1.0	114.0	
51.0	4.0	8.0	65.75	0.0	0.0	14.25	3.0	2.0	3.0	114.0	
52.0	4.0	8.0	65.75	0.0	0.0	14.25	3.0	4.0	3.0	114.0	
53.0	2.0	5.5	65.75	2.0	2.5	14.25	3.0	12.0	3.0	114.0	
54.0	4.0	8.0	65.75	0.0	0.0	14.25	3.0	10.0	5.0	114.0	
55.0	4.0	8.0	65.875	0.0	0.0	14.125	3.0	6.0	4.0	113.0	
56.0	4.0	8.0	65.875	0.0	0.0	14.125	3.0	13.0	5.0	113.0	
57.0	4.0	8.0	65.875	0.0	0.0	14.125	3.0	14.0	3.0	113.0	
58.0	4.0	8.0	65.875	0.0	0.0	14.125	3.0	11.0	4.0	113.0	
59.0	4.0	8.0	65.875	0.0	0.0	14.125	3.0	9.0	4.0	113.0	
60.0	4.0	8.0	65.875	0.0	0.0	14.125	3.0	3.0	3.0	113.0	
61.0	8.0	16.0	131.5	0.0	0.0	28.5	4.0	12.0	4.0	228.0	
62.0	8.0	16.0	131.5	0.0	0.0	28.5	4.0	7.0	4.0	228.0	
63.0	8.0	16.0	131.5	0.0	0.0	28.5	4.0	15.0	1.0	228.0	
64.0	7.0	15.0	131.5	1.0	1.0	28.5	4.0	4.0	2.0	228.0	
65.0	6.0	13.5	131.5	2.0	2.5	28.5	4.0	11.0	2.0	228.0	
66.0	8.0	16.0	131.5	0.0	0.0	28.5	4.0	12.0	5.0	228.0	
67.0	8.0	16.0	131.5	0.0	0.0	28.5	4.0	3.0	3.0	228.0	
68.0	8.0	16.0	131.5	0.0	0.0	28.5	4.0	5.0	3.0	228.0	
69.0	8.0	16.0	131.625	0.0	0.0	28.375	4.0	12.0	2.0	227.0	
70.0	8.0	16.0	131.625	0.0	0.0	28.375	4.0	11.0	5.0	227.0	
71.0	8.0	16.0	131.625	0.0	0.0	28.375	4.0	11.0	3.0	227.0	
72.0	8.0	16.0	131.625	0.0	0.0	28.375	4.0	11.0	2.0	227.0	
73.0	6.0	13.5	131.625	2.0	2.5	28.375	4.0	13.0	3.0	227.0	
74.0	8.0	16.0	131.625	0.0	0.0	28.375	4.0	1.0	3.0	227.0	
75.0	8.0	16.0	131.625	0.0	0.0	28.375	4.0	8.0	5.0	227.0	
76.0	7.0	15.0	131.625	1.0	1.0	28.375	4.0	6.0	4.0	227.0	
77.0	8.0	16.0	131.625	0.0	0.0	28.375	4.0	8.0	2.0	227.0	
78.0	6.0	13.5	131.625	2.0	2.5	28.375	4.0	8.0	1.0	227.0	
79.0	6.0	13.5	131.625	2.0	2.5	28.375	4.0	7.0	3.0	227.0	
80.0	8.0	16.0	131.625	0.0	0.0	28.375	4.0	3.0	1.0	227.0	
81.0	12.0	24.0	207.125	0.0	0.0	42.875	5.0	3.0	4.0	343.0	
82.0	12.0	24.0	207.125	0.0	0.0	42.875	5.0	6.0	2.0	343.0	
83.0	12.0	24.0	207.125	0.0	0.0	42.875	5.0	5.0	1.0	343.0	
84.0	10.0	21.5	207.125	2.0	2.5	42.875	5.0	12.0	2.0	343.0	
85.0	12.0	24.0	207.125	0.0	0.0	42.875	5.0	3.0	5.0	343.0	
86.0	10.0	21.5	207.125	2.0	2.5	42.875	5.0	15.0	4.0	343.0	
87.0	12.0	24.0	207.125	0.0	0.0	42.875	5.0	5.0	5.0	343.0	
88.0	12.0	24.0	207.125	0.0	0.0	42.875	5.0	4.0	3.0	343.0	
89.0	12.0	24.0	207.125	0.0	0.0	42.875	5.0	14.0	2.0	343.0	
90.0	12.0	24.0	207.25	0.0	0.0	42.75	5.0	4.0	1.0	342.0	
91.0	12.0	24.0	207.25	0.0	0.0	42.75	5.0	9.0	5.0	342.0	
92.0	12.0	24.0	207.25	0.0	0.0	42.75	5.0	10.0	4.0	342.0	
93.0	11.0	23.0	207.25	1.0	1.0	42.75	5.0	4.0	5.0	342.0	
94.0	12.0	24.0	207.25	0.0	0.0	42.75	5.0	13.0	1.0	342.0	
95.0	12.0	24.0	207.25	0.0	0.0	42.75	5.0	8.0	5.0	342.0	
96.0	10.0	21.5	207.25	2.0	2.5	42.75	5.0	15.0	3.0	342.0	
97.0	10.0	21.5	207.25	2.0	2.5	42.75	5.0	9.0	3.0	342.0	
98.0	12.0	24.0	207.25	0.0	0.0	42.75	5.0	15.0	2.0	342.0	
99.0	11.0	23.0	207.25	1.0	1.0	42.75	5.0	12.0	3.0	342.0	
100.0	12.0	24.0	207.25	0.0	0.0	42.75	5.0	14.0	1.0	342.0	
=====================================================================================================================================================
after 79 commit, VM matrix is (VM #, resource allocated to each VM (vCPU, memory, storage), resource used in each VM (vCPU, memory, storage), which flavour, VM in which PM, and VM in which rack, # blocks stored (each block is 0.125))
=====================================================================================================================================================
1.0	1.0	2.0	16.5	0.0	0.0	3.5	1.0	11.0	3.0	28.0	
2.0	1.0	2.0	16.5	0.0	0.0	3.5	1.0	14.0	1.0	28.0	
3.0	1.0	2.0	16.5	0.0	0.0	3.5	1.0	6.0	4.0	28.0	
4.0	1.0	2.0	16.5	0.0	0.0	3.5	1.0	9.0	4.0	28.0	
5.0	1.0	2.0	16.5	0.0	0.0	3.5	1.0	15.0	2.0	28.0	
6.0	1.0	2.0	16.5	0.0	0.0	3.5	1.0	7.0	1.0	28.0	
7.0	1.0	2.0	16.5	0.0	0.0	3.5	1.0	11.0	1.0	28.0	
8.0	1.0	2.0	16.5	0.0	0.0	3.5	1.0	15.0	3.0	28.0	
9.0	1.0	2.0	16.5	0.0	0.0	3.5	1.0	15.0	5.0	28.0	
10.0	1.0	2.0	16.625	0.0	0.0	3.375	1.0	15.0	1.0	27.0	
11.0	1.0	2.0	16.625	0.0	0.0	3.375	1.0	4.0	4.0	27.0	
12.0	1.0	2.0	16.625	0.0	0.0	3.375	1.0	5.0	3.0	27.0	
13.0	1.0	2.0	16.625	0.0	0.0	3.375	1.0	3.0	1.0	27.0	
14.0	1.0	2.0	16.625	0.0	0.0	3.375	1.0	13.0	5.0	27.0	
15.0	1.0	2.0	16.625	0.0	0.0	3.375	1.0	11.0	1.0	27.0	
16.0	1.0	2.0	16.625	0.0	0.0	3.375	1.0	14.0	2.0	27.0	
17.0	1.0	2.0	16.625	0.0	0.0	3.375	1.0	11.0	4.0	27.0	
18.0	1.0	2.0	16.625	0.0	0.0	3.375	1.0	2.0	5.0	27.0	
19.0	1.0	2.0	16.625	0.0	0.0	3.375	1.0	13.0	4.0	27.0	
20.0	1.0	2.0	16.625	0.0	0.0	3.375	1.0	4.0	5.0	27.0	
21.0	2.0	4.0	32.875	0.0	0.0	7.125	2.0	9.0	1.0	57.0	
22.0	2.0	4.0	32.875	0.0	0.0	7.125	2.0	6.0	2.0	57.0	
23.0	2.0	4.0	32.875	0.0	0.0	7.125	2.0	7.0	3.0	57.0	
24.0	2.0	4.0	32.875	0.0	0.0	7.125	2.0	14.0	4.0	57.0	
25.0	2.0	4.0	32.875	0.0	0.0	7.125	2.0	12.0	2.0	57.0	
26.0	2.0	4.0	32.875	0.0	0.0	7.125	2.0	1.0	2.0	57.0	
27.0	2.0	4.0	32.875	0.0	0.0	7.125	2.0	13.0	4.0	57.0	
28.0	2.0	4.0	32.875	0.0	0.0	7.125	2.0	8.0	1.0	57.0	
29.0	2.0	4.0	32.875	0.0	0.0	7.125	2.0	2.0	5.0	57.0	
30.0	2.0	4.0	32.875	0.0	0.0	7.125	2.0	14.0	1.0	57.0	
31.0	2.0	4.0	32.875	0.0	0.0	7.125	2.0	8.0	1.0	57.0	
32.0	2.0	4.0	32.875	0.0	0.0	7.125	2.0	14.0	3.0	57.0	
33.0	2.0	4.0	32.875	0.0	0.0	7.125	2.0	14.0	1.0	57.0	
34.0	2.0	4.0	32.875	0.0	0.0	7.125	2.0	14.0	1.0	57.0	
35.0	2.0	4.0	32.875	0.0	0.0	7.125	2.0	10.0	5.0	57.0	
36.0	2.0	4.0	32.875	0.0	0.0	7.125	2.0	15.0	4.0	57.0	
37.0	2.0	4.0	32.875	0.0	0.0	7.125	2.0	5.0	2.0	57.0	
38.0	2.0	4.0	32.875	0.0	0.0	7.125	2.0	5.0	5.0	57.0	
39.0	2.0	4.0	32.875	0.0	0.0	7.125	2.0	14.0	2.0	57.0	
40.0	2.0	4.0	32.875	0.0	0.0	7.125	2.0	11.0	3.0	57.0	
41.0	4.0	8.0	65.75	0.0	0.0	14.25	3.0	15.0	4.0	114.0	
42.0	4.0	8.0	65.75	0.0	0.0	14.25	3.0	4.0	1.0	114.0	
43.0	4.0	8.0	65.75	0.0	0.0	14.25	3.0	13.0	1.0	114.0	
44.0	4.0	8.0	65.75	0.0	0.0	14.25	3.0	3.0	5.0	114.0	
45.0	2.0	5.5	65.75	2.0	2.5	14.25	3.0	5.0	4.0	114.0	
46.0	4.0	8.0	65.75	0.0	0.0	14.25	3.0	14.0	3.0	114.0	
47.0	4.0	8.0	65.75	0.0	0.0	14.25	3.0	15.0	5.0	114.0	
48.0	4.0	8.0	65.75	0.0	0.0	14.25	3.0	13.0	4.0	114.0	
49.0	4.0	8.0	65.75	0.0	0.0	14.25	3.0	12.0	1.0	114.0	
50.0	4.0	8.0	65.75	0.0	0.0	14.25	3.0	9.0	1.0	114.0	
51.0	4.0	8.0	65.75	0.0	0.0	14.25	3.0	2.0	3.0	114.0	
52.0	4.0	8.0	65.75	0.0	0.0	14.25	3.0	4.0	3.0	114.0	
53.0	2.0	5.5	65.75	2.0	2.5	14.25	3.0	12.0	3.0	114.0	
54.0	4.0	8.0	65.75	0.0	0.0	14.25	3.0	10.0	5.0	114.0	
55.0	4.0	8.0	65.875	0.0	0.0	14.125	3.0	6.0	4.0	113.0	
56.0	4.0	8.0	65.875	0.0	0.0	14.125	3.0	13.0	5.0	113.0	
57.0	4.0	8.0	65.875	0.0	0.0	14.125	3.0	14.0	3.0	113.0	
58.0	4.0	8.0	65.875	0.0	0.0	14.125	3.0	11.0	4.0	113.0	
59.0	4.0	8.0	65.875	0.0	0.0	14.125	3.0	9.0	4.0	113.0	
60.0	4.0	8.0	65.875	0.0	0.0	14.125	3.0	3.0	3.0	113.0	
61.0	8.0	16.0	131.5	0.0	0.0	28.5	4.0	12.0	4.0	228.0	
62.0	8.0	16.0	131.5	0.0	0.0	28.5	4.0	7.0	4.0	228.0	
63.0	8.0	16.0	131.5	0.0	0.0	28.5	4.0	15.0	1.0	228.0	
64.0	7.0	15.0	131.5	1.0	1.0	28.5	4.0	4.0	2.0	228.0	
65.0	6.0	13.5	131.5	2.0	2.5	28.5	4.0	11.0	2.0	228.0	
66.0	8.0	16.0	131.5	0.0	0.0	28.5	4.0	12.0	5.0	228.0	
67.0	8.0	16.0	131.5	0.0	0.0	28.5	4.0	3.0	3.0	228.0	
68.0	8.0	16.0	131.5	0.0	0.0	28.5	4.0	5.0	3.0	228.0	
69.0	8.0	16.0	131.625	0.0	0.0	28.375	4.0	12.0	2.0	227.0	
70.0	8.0	16.0	131.625	0.0	0.0	28.375	4.0	11.0	5.0	227.0	
71.0	8.0	16.0	131.625	0.0	0.0	28.375	4.0	11.0	3.0	227.0	
72.0	8.0	16.0	131.625	0.0	0.0	28.375	4.0	11.0	2.0	227.0	
73.0	6.0	13.5	131.625	2.0	2.5	28.375	4.0	13.0	3.0	227.0	
74.0	8.0	16.0	131.625	0.0	0.0	28.375	4.0	1.0	3.0	227.0	
75.0	8.0	16.0	131.625	0.0	0.0	28.375	4.0	8.0	5.0	227.0	
76.0	7.0	15.0	131.625	1.0	1.0	28.375	4.0	6.0	4.0	227.0	
77.0	8.0	16.0	131.625	0.0	0.0	28.375	4.0	8.0	2.0	227.0	
78.0	6.0	13.5	131.625	2.0	2.5	28.375	4.0	8.0	1.0	227.0	
79.0	6.0	13.5	131.625	2.0	2.5	28.375	4.0	7.0	3.0	227.0	
80.0	8.0	16.0	131.625	0.0	0.0	28.375	4.0	3.0	1.0	227.0	
81.0	12.0	24.0	207.125	0.0	0.0	42.875	5.0	3.0	4.0	343.0	
82.0	12.0	24.0	207.125	0.0	0.0	42.875	5.0	6.0	2.0	343.0	
83.0	12.0	24.0	207.125	0.0	0.0	42.875	5.0	5.0	1.0	343.0	
84.0	10.0	21.5	207.125	2.0	2.5	42.875	5.0	12.0	2.0	343.0	
85.0	12.0	24.0	207.125	0.0	0.0	42.875	5.0	3.0	5.0	343.0	
86.0	10.0	21.5	207.125	2.0	2.5	42.875	5.0	15.0	4.0	343.0	
87.0	12.0	24.0	207.125	0.0	0.0	42.875	5.0	5.0	5.0	343.0	
88.0	12.0	24.0	207.125	0.0	0.0	42.875	5.0	4.0	3.0	343.0	
89.0	12.0	24.0	207.125	0.0	0.0	42.875	5.0	14.0	2.0	343.0	
90.0	12.0	24.0	207.25	0.0	0.0	42.75	5.0	4.0	1.0	342.0	
91.0	12.0	24.0	207.25	0.0	0.0	42.75	5.0	9.0	5.0	342.0	
92.0	12.0	24.0	207.25	0.0	0.0	42.75	5.0	10.0	4.0	342.0	
93.0	11.0	23.0	207.25	1.0	1.0	42.75	5.0	4.0	5.0	342.0	
94.0	12.0	24.0	207.25	0.0	0.0	42.75	5.0	13.0	1.0	342.0	
95.0	12.0	24.0	207.25	0.0	0.0	42.75	5.0	8.0	5.0	342.0	
96.0	10.0	21.5	207.25	2.0	2.5	42.75	5.0	15.0	3.0	342.0	
97.0	10.0	21.5	207.25	2.0	2.5	42.75	5.0	9.0	3.0	342.0	
98.0	12.0	24.0	207.25	0.0	0.0	42.75	5.0	15.0	2.0	342.0	
99.0	11.0	23.0	207.25	1.0	1.0	42.75	5.0	12.0	3.0	342.0	
100.0	12.0	24.0	207.25	0.0	0.0	42.75	5.0	14.0	1.0	342.0	
=====================================================================================================================================================
after 80 commit, VM matrix is (VM #, resource allocated to each VM (vCPU, memory, storage), resource used in each VM (vCPU, memory, storage), which flavour, VM in which PM, and VM in which rack, # blocks stored (each block is 0.125))
=====================================================================================================================================================
1.0	1.0	2.0	16.5	0.0	0.0	3.5	1.0	11.0	3.0	28.0	
2.0	1.0	2.0	16.5	0.0	0.0	3.5	1.0	14.0	1.0	28.0	
3.0	1.0	2.0	16.5	0.0	0.0	3.5	1.0	6.0	4.0	28.0	
4.0	1.0	2.0	16.5	0.0	0.0	3.5	1.0	9.0	4.0	28.0	
5.0	1.0	2.0	16.5	0.0	0.0	3.5	1.0	15.0	2.0	28.0	
6.0	1.0	2.0	16.5	0.0	0.0	3.5	1.0	7.0	1.0	28.0	
7.0	1.0	2.0	16.5	0.0	0.0	3.5	1.0	11.0	1.0	28.0	
8.0	1.0	2.0	16.5	0.0	0.0	3.5	1.0	15.0	3.0	28.0	
9.0	1.0	2.0	16.5	0.0	0.0	3.5	1.0	15.0	5.0	28.0	
10.0	1.0	2.0	16.625	0.0	0.0	3.375	1.0	15.0	1.0	27.0	
11.0	1.0	2.0	16.625	0.0	0.0	3.375	1.0	4.0	4.0	27.0	
12.0	1.0	2.0	16.625	0.0	0.0	3.375	1.0	5.0	3.0	27.0	
13.0	1.0	2.0	16.625	0.0	0.0	3.375	1.0	3.0	1.0	27.0	
14.0	1.0	2.0	16.625	0.0	0.0	3.375	1.0	13.0	5.0	27.0	
15.0	1.0	2.0	16.625	0.0	0.0	3.375	1.0	11.0	1.0	27.0	
16.0	1.0	2.0	16.625	0.0	0.0	3.375	1.0	14.0	2.0	27.0	
17.0	1.0	2.0	16.625	0.0	0.0	3.375	1.0	11.0	4.0	27.0	
18.0	1.0	2.0	16.625	0.0	0.0	3.375	1.0	2.0	5.0	27.0	
19.0	1.0	2.0	16.625	0.0	0.0	3.375	1.0	13.0	4.0	27.0	
20.0	1.0	2.0	16.625	0.0	0.0	3.375	1.0	4.0	5.0	27.0	
21.0	2.0	4.0	32.875	0.0	0.0	7.125	2.0	9.0	1.0	57.0	
22.0	2.0	4.0	32.875	0.0	0.0	7.125	2.0	6.0	2.0	57.0	
23.0	2.0	4.0	32.875	0.0	0.0	7.125	2.0	7.0	3.0	57.0	
24.0	2.0	4.0	32.875	0.0	0.0	7.125	2.0	14.0	4.0	57.0	
25.0	2.0	4.0	32.875	0.0	0.0	7.125	2.0	12.0	2.0	57.0	
26.0	2.0	4.0	32.875	0.0	0.0	7.125	2.0	1.0	2.0	57.0	
27.0	2.0	4.0	32.875	0.0	0.0	7.125	2.0	13.0	4.0	57.0	
28.0	2.0	4.0	32.875	0.0	0.0	7.125	2.0	8.0	1.0	57.0	
29.0	2.0	4.0	32.875	0.0	0.0	7.125	2.0	2.0	5.0	57.0	
30.0	2.0	4.0	32.875	0.0	0.0	7.125	2.0	14.0	1.0	57.0	
31.0	2.0	4.0	32.875	0.0	0.0	7.125	2.0	8.0	1.0	57.0	
32.0	2.0	4.0	32.875	0.0	0.0	7.125	2.0	14.0	3.0	57.0	
33.0	2.0	4.0	32.875	0.0	0.0	7.125	2.0	14.0	1.0	57.0	
34.0	2.0	4.0	32.875	0.0	0.0	7.125	2.0	14.0	1.0	57.0	
35.0	2.0	4.0	32.875	0.0	0.0	7.125	2.0	10.0	5.0	57.0	
36.0	2.0	4.0	32.875	0.0	0.0	7.125	2.0	15.0	4.0	57.0	
37.0	2.0	4.0	32.875	0.0	0.0	7.125	2.0	5.0	2.0	57.0	
38.0	2.0	4.0	32.875	0.0	0.0	7.125	2.0	5.0	5.0	57.0	
39.0	2.0	4.0	32.875	0.0	0.0	7.125	2.0	14.0	2.0	57.0	
40.0	2.0	4.0	32.875	0.0	0.0	7.125	2.0	11.0	3.0	57.0	
41.0	4.0	8.0	65.75	0.0	0.0	14.25	3.0	15.0	4.0	114.0	
42.0	4.0	8.0	65.75	0.0	0.0	14.25	3.0	4.0	1.0	114.0	
43.0	4.0	8.0	65.75	0.0	0.0	14.25	3.0	13.0	1.0	114.0	
44.0	4.0	8.0	65.75	0.0	0.0	14.25	3.0	3.0	5.0	114.0	
45.0	2.0	5.5	65.75	2.0	2.5	14.25	3.0	5.0	4.0	114.0	
46.0	4.0	8.0	65.75	0.0	0.0	14.25	3.0	14.0	3.0	114.0	
47.0	4.0	8.0	65.75	0.0	0.0	14.25	3.0	15.0	5.0	114.0	
48.0	4.0	8.0	65.75	0.0	0.0	14.25	3.0	13.0	4.0	114.0	
49.0	4.0	8.0	65.75	0.0	0.0	14.25	3.0	12.0	1.0	114.0	
50.0	4.0	8.0	65.75	0.0	0.0	14.25	3.0	9.0	1.0	114.0	
51.0	4.0	8.0	65.75	0.0	0.0	14.25	3.0	2.0	3.0	114.0	
52.0	4.0	8.0	65.75	0.0	0.0	14.25	3.0	4.0	3.0	114.0	
53.0	2.0	5.5	65.75	2.0	2.5	14.25	3.0	12.0	3.0	114.0	
54.0	4.0	8.0	65.75	0.0	0.0	14.25	3.0	10.0	5.0	114.0	
55.0	4.0	8.0	65.875	0.0	0.0	14.125	3.0	6.0	4.0	113.0	
56.0	4.0	8.0	65.875	0.0	0.0	14.125	3.0	13.0	5.0	113.0	
57.0	4.0	8.0	65.875	0.0	0.0	14.125	3.0	14.0	3.0	113.0	
58.0	4.0	8.0	65.875	0.0	0.0	14.125	3.0	11.0	4.0	113.0	
59.0	4.0	8.0	65.875	0.0	0.0	14.125	3.0	9.0	4.0	113.0	
60.0	4.0	8.0	65.875	0.0	0.0	14.125	3.0	3.0	3.0	113.0	
61.0	8.0	16.0	131.5	0.0	0.0	28.5	4.0	12.0	4.0	228.0	
62.0	8.0	16.0	131.5	0.0	0.0	28.5	4.0	7.0	4.0	228.0	
63.0	8.0	16.0	131.5	0.0	0.0	28.5	4.0	15.0	1.0	228.0	
64.0	7.0	15.0	131.5	1.0	1.0	28.5	4.0	4.0	2.0	228.0	
65.0	6.0	13.5	131.5	2.0	2.5	28.5	4.0	11.0	2.0	228.0	
66.0	8.0	16.0	131.5	0.0	0.0	28.5	4.0	12.0	5.0	228.0	
67.0	8.0	16.0	131.5	0.0	0.0	28.5	4.0	3.0	3.0	228.0	
68.0	8.0	16.0	131.5	0.0	0.0	28.5	4.0	5.0	3.0	228.0	
69.0	8.0	16.0	131.625	0.0	0.0	28.375	4.0	12.0	2.0	227.0	
70.0	8.0	16.0	131.625	0.0	0.0	28.375	4.0	11.0	5.0	227.0	
71.0	8.0	16.0	131.625	0.0	0.0	28.375	4.0	11.0	3.0	227.0	
72.0	8.0	16.0	131.625	0.0	0.0	28.375	4.0	11.0	2.0	227.0	
73.0	6.0	13.5	131.625	2.0	2.5	28.375	4.0	13.0	3.0	227.0	
74.0	8.0	16.0	131.625	0.0	0.0	28.375	4.0	1.0	3.0	227.0	
75.0	8.0	16.0	131.625	0.0	0.0	28.375	4.0	8.0	5.0	227.0	
76.0	7.0	15.0	131.625	1.0	1.0	28.375	4.0	6.0	4.0	227.0	
77.0	8.0	16.0	131.625	0.0	0.0	28.375	4.0	8.0	2.0	227.0	
78.0	6.0	13.5	131.625	2.0	2.5	28.375	4.0	8.0	1.0	227.0	
79.0	6.0	13.5	131.625	2.0	2.5	28.375	4.0	7.0	3.0	227.0	
80.0	8.0	16.0	131.625	0.0	0.0	28.375	4.0	3.0	1.0	227.0	
81.0	12.0	24.0	207.125	0.0	0.0	42.875	5.0	3.0	4.0	343.0	
82.0	12.0	24.0	207.125	0.0	0.0	42.875	5.0	6.0	2.0	343.0	
83.0	12.0	24.0	207.125	0.0	0.0	42.875	5.0	5.0	1.0	343.0	
84.0	10.0	21.5	207.125	2.0	2.5	42.875	5.0	12.0	2.0	343.0	
85.0	12.0	24.0	207.125	0.0	0.0	42.875	5.0	3.0	5.0	343.0	
86.0	10.0	21.5	207.125	2.0	2.5	42.875	5.0	15.0	4.0	343.0	
87.0	12.0	24.0	207.125	0.0	0.0	42.875	5.0	5.0	5.0	343.0	
88.0	12.0	24.0	207.125	0.0	0.0	42.875	5.0	4.0	3.0	343.0	
89.0	12.0	24.0	207.125	0.0	0.0	42.875	5.0	14.0	2.0	343.0	
90.0	12.0	24.0	207.25	0.0	0.0	42.75	5.0	4.0	1.0	342.0	
91.0	12.0	24.0	207.25	0.0	0.0	42.75	5.0	9.0	5.0	342.0	
92.0	12.0	24.0	207.25	0.0	0.0	42.75	5.0	10.0	4.0	342.0	
93.0	11.0	23.0	207.25	1.0	1.0	42.75	5.0	4.0	5.0	342.0	
94.0	12.0	24.0	207.25	0.0	0.0	42.75	5.0	13.0	1.0	342.0	
95.0	12.0	24.0	207.25	0.0	0.0	42.75	5.0	8.0	5.0	342.0	
96.0	10.0	21.5	207.25	2.0	2.5	42.75	5.0	15.0	3.0	342.0	
97.0	10.0	21.5	207.25	2.0	2.5	42.75	5.0	9.0	3.0	342.0	
98.0	12.0	24.0	207.25	0.0	0.0	42.75	5.0	15.0	2.0	342.0	
99.0	11.0	23.0	207.25	1.0	1.0	42.75	5.0	12.0	3.0	342.0	
100.0	12.0	24.0	207.25	0.0	0.0	42.75	5.0	14.0	1.0	342.0	
=====================================================================================================================================================
after 81 commit, VM matrix is (VM #, resource allocated to each VM (vCPU, memory, storage), resource used in each VM (vCPU, memory, storage), which flavour, VM in which PM, and VM in which rack, # blocks stored (each block is 0.125))
=====================================================================================================================================================
1.0	1.0	2.0	16.5	0.0	0.0	3.5	1.0	11.0	3.0	28.0	
2.0	1.0	2.0	16.5	0.0	0.0	3.5	1.0	14.0	1.0	28.0	
3.0	1.0	2.0	16.5	0.0	0.0	3.5	1.0	6.0	4.0	28.0	
4.0	1.0	2.0	16.5	0.0	0.0	3.5	1.0	9.0	4.0	28.0	
5.0	1.0	2.0	16.5	0.0	0.0	3.5	1.0	15.0	2.0	28.0	
6.0	1.0	2.0	16.5	0.0	0.0	3.5	1.0	7.0	1.0	28.0	
7.0	1.0	2.0	16.5	0.0	0.0	3.5	1.0	11.0	1.0	28.0	
8.0	1.0	2.0	16.5	0.0	0.0	3.5	1.0	15.0	3.0	28.0	
9.0	1.0	2.0	16.5	0.0	0.0	3.5	1.0	15.0	5.0	28.0	
10.0	1.0	2.0	16.625	0.0	0.0	3.375	1.0	15.0	1.0	27.0	
11.0	1.0	2.0	16.625	0.0	0.0	3.375	1.0	4.0	4.0	27.0	
12.0	1.0	2.0	16.625	0.0	0.0	3.375	1.0	5.0	3.0	27.0	
13.0	1.0	2.0	16.625	0.0	0.0	3.375	1.0	3.0	1.0	27.0	
14.0	1.0	2.0	16.625	0.0	0.0	3.375	1.0	13.0	5.0	27.0	
15.0	1.0	2.0	16.625	0.0	0.0	3.375	1.0	11.0	1.0	27.0	
16.0	1.0	2.0	16.625	0.0	0.0	3.375	1.0	14.0	2.0	27.0	
17.0	1.0	2.0	16.625	0.0	0.0	3.375	1.0	11.0	4.0	27.0	
18.0	1.0	2.0	16.625	0.0	0.0	3.375	1.0	2.0	5.0	27.0	
19.0	1.0	2.0	16.625	0.0	0.0	3.375	1.0	13.0	4.0	27.0	
20.0	1.0	2.0	16.625	0.0	0.0	3.375	1.0	4.0	5.0	27.0	
21.0	2.0	4.0	32.875	0.0	0.0	7.125	2.0	9.0	1.0	57.0	
22.0	2.0	4.0	32.875	0.0	0.0	7.125	2.0	6.0	2.0	57.0	
23.0	2.0	4.0	32.875	0.0	0.0	7.125	2.0	7.0	3.0	57.0	
24.0	2.0	4.0	32.875	0.0	0.0	7.125	2.0	14.0	4.0	57.0	
25.0	2.0	4.0	32.875	0.0	0.0	7.125	2.0	12.0	2.0	57.0	
26.0	2.0	4.0	32.875	0.0	0.0	7.125	2.0	1.0	2.0	57.0	
27.0	2.0	4.0	32.875	0.0	0.0	7.125	2.0	13.0	4.0	57.0	
28.0	2.0	4.0	32.875	0.0	0.0	7.125	2.0	8.0	1.0	57.0	
29.0	2.0	4.0	32.875	0.0	0.0	7.125	2.0	2.0	5.0	57.0	
30.0	2.0	4.0	32.875	0.0	0.0	7.125	2.0	14.0	1.0	57.0	
31.0	2.0	4.0	32.875	0.0	0.0	7.125	2.0	8.0	1.0	57.0	
32.0	2.0	4.0	32.875	0.0	0.0	7.125	2.0	14.0	3.0	57.0	
33.0	2.0	4.0	32.875	0.0	0.0	7.125	2.0	14.0	1.0	57.0	
34.0	2.0	4.0	32.875	0.0	0.0	7.125	2.0	14.0	1.0	57.0	
35.0	2.0	4.0	32.875	0.0	0.0	7.125	2.0	10.0	5.0	57.0	
36.0	2.0	4.0	32.875	0.0	0.0	7.125	2.0	15.0	4.0	57.0	
37.0	2.0	4.0	32.875	0.0	0.0	7.125	2.0	5.0	2.0	57.0	
38.0	2.0	4.0	32.875	0.0	0.0	7.125	2.0	5.0	5.0	57.0	
39.0	2.0	4.0	32.875	0.0	0.0	7.125	2.0	14.0	2.0	57.0	
40.0	2.0	4.0	32.875	0.0	0.0	7.125	2.0	11.0	3.0	57.0	
41.0	4.0	8.0	65.75	0.0	0.0	14.25	3.0	15.0	4.0	114.0	
42.0	4.0	8.0	65.75	0.0	0.0	14.25	3.0	4.0	1.0	114.0	
43.0	4.0	8.0	65.75	0.0	0.0	14.25	3.0	13.0	1.0	114.0	
44.0	4.0	8.0	65.75	0.0	0.0	14.25	3.0	3.0	5.0	114.0	
45.0	2.0	5.5	65.75	2.0	2.5	14.25	3.0	5.0	4.0	114.0	
46.0	4.0	8.0	65.75	0.0	0.0	14.25	3.0	14.0	3.0	114.0	
47.0	4.0	8.0	65.75	0.0	0.0	14.25	3.0	15.0	5.0	114.0	
48.0	4.0	8.0	65.75	0.0	0.0	14.25	3.0	13.0	4.0	114.0	
49.0	4.0	8.0	65.75	0.0	0.0	14.25	3.0	12.0	1.0	114.0	
50.0	4.0	8.0	65.75	0.0	0.0	14.25	3.0	9.0	1.0	114.0	
51.0	4.0	8.0	65.75	0.0	0.0	14.25	3.0	2.0	3.0	114.0	
52.0	4.0	8.0	65.75	0.0	0.0	14.25	3.0	4.0	3.0	114.0	
53.0	2.0	5.5	65.75	2.0	2.5	14.25	3.0	12.0	3.0	114.0	
54.0	4.0	8.0	65.75	0.0	0.0	14.25	3.0	10.0	5.0	114.0	
55.0	4.0	8.0	65.875	0.0	0.0	14.125	3.0	6.0	4.0	113.0	
56.0	4.0	8.0	65.875	0.0	0.0	14.125	3.0	13.0	5.0	113.0	
57.0	4.0	8.0	65.875	0.0	0.0	14.125	3.0	14.0	3.0	113.0	
58.0	4.0	8.0	65.875	0.0	0.0	14.125	3.0	11.0	4.0	113.0	
59.0	4.0	8.0	65.875	0.0	0.0	14.125	3.0	9.0	4.0	113.0	
60.0	4.0	8.0	65.875	0.0	0.0	14.125	3.0	3.0	3.0	113.0	
61.0	8.0	16.0	131.5	0.0	0.0	28.5	4.0	12.0	4.0	228.0	
62.0	8.0	16.0	131.5	0.0	0.0	28.5	4.0	7.0	4.0	228.0	
63.0	8.0	16.0	131.5	0.0	0.0	28.5	4.0	15.0	1.0	228.0	
64.0	7.0	15.0	131.5	1.0	1.0	28.5	4.0	4.0	2.0	228.0	
65.0	6.0	13.5	131.5	2.0	2.5	28.5	4.0	11.0	2.0	228.0	
66.0	8.0	16.0	131.5	0.0	0.0	28.5	4.0	12.0	5.0	228.0	
67.0	8.0	16.0	131.5	0.0	0.0	28.5	4.0	3.0	3.0	228.0	
68.0	8.0	16.0	131.5	0.0	0.0	28.5	4.0	5.0	3.0	228.0	
69.0	8.0	16.0	131.625	0.0	0.0	28.375	4.0	12.0	2.0	227.0	
70.0	8.0	16.0	131.625	0.0	0.0	28.375	4.0	11.0	5.0	227.0	
71.0	8.0	16.0	131.625	0.0	0.0	28.375	4.0	11.0	3.0	227.0	
72.0	8.0	16.0	131.625	0.0	0.0	28.375	4.0	11.0	2.0	227.0	
73.0	6.0	13.5	131.625	2.0	2.5	28.375	4.0	13.0	3.0	227.0	
74.0	8.0	16.0	131.625	0.0	0.0	28.375	4.0	1.0	3.0	227.0	
75.0	8.0	16.0	131.625	0.0	0.0	28.375	4.0	8.0	5.0	227.0	
76.0	7.0	15.0	131.625	1.0	1.0	28.375	4.0	6.0	4.0	227.0	
77.0	8.0	16.0	131.625	0.0	0.0	28.375	4.0	8.0	2.0	227.0	
78.0	6.0	13.5	131.625	2.0	2.5	28.375	4.0	8.0	1.0	227.0	
79.0	6.0	13.5	131.625	2.0	2.5	28.375	4.0	7.0	3.0	227.0	
80.0	8.0	16.0	131.625	0.0	0.0	28.375	4.0	3.0	1.0	227.0	
81.0	12.0	24.0	207.125	0.0	0.0	42.875	5.0	3.0	4.0	343.0	
82.0	12.0	24.0	207.125	0.0	0.0	42.875	5.0	6.0	2.0	343.0	
83.0	12.0	24.0	207.125	0.0	0.0	42.875	5.0	5.0	1.0	343.0	
84.0	10.0	21.5	207.125	2.0	2.5	42.875	5.0	12.0	2.0	343.0	
85.0	12.0	24.0	207.125	0.0	0.0	42.875	5.0	3.0	5.0	343.0	
86.0	10.0	21.5	207.125	2.0	2.5	42.875	5.0	15.0	4.0	343.0	
87.0	12.0	24.0	207.125	0.0	0.0	42.875	5.0	5.0	5.0	343.0	
88.0	12.0	24.0	207.125	0.0	0.0	42.875	5.0	4.0	3.0	343.0	
89.0	12.0	24.0	207.125	0.0	0.0	42.875	5.0	14.0	2.0	343.0	
90.0	12.0	24.0	207.25	0.0	0.0	42.75	5.0	4.0	1.0	342.0	
91.0	12.0	24.0	207.25	0.0	0.0	42.75	5.0	9.0	5.0	342.0	
92.0	12.0	24.0	207.25	0.0	0.0	42.75	5.0	10.0	4.0	342.0	
93.0	11.0	23.0	207.25	1.0	1.0	42.75	5.0	4.0	5.0	342.0	
94.0	12.0	24.0	207.25	0.0	0.0	42.75	5.0	13.0	1.0	342.0	
95.0	12.0	24.0	207.25	0.0	0.0	42.75	5.0	8.0	5.0	342.0	
96.0	10.0	21.5	207.25	2.0	2.5	42.75	5.0	15.0	3.0	342.0	
97.0	10.0	21.5	207.25	2.0	2.5	42.75	5.0	9.0	3.0	342.0	
98.0	12.0	24.0	207.25	0.0	0.0	42.75	5.0	15.0	2.0	342.0	
99.0	11.0	23.0	207.25	1.0	1.0	42.75	5.0	12.0	3.0	342.0	
100.0	12.0	24.0	207.25	0.0	0.0	42.75	5.0	14.0	1.0	342.0	
=====================================================================================================================================================
after 82 commit, VM matrix is (VM #, resource allocated to each VM (vCPU, memory, storage), resource used in each VM (vCPU, memory, storage), which flavour, VM in which PM, and VM in which rack, # blocks stored (each block is 0.125))
=====================================================================================================================================================
1.0	1.0	2.0	16.5	0.0	0.0	3.5	1.0	11.0	3.0	28.0	
2.0	1.0	2.0	16.5	0.0	0.0	3.5	1.0	14.0	1.0	28.0	
3.0	1.0	2.0	16.5	0.0	0.0	3.5	1.0	6.0	4.0	28.0	
4.0	1.0	2.0	16.5	0.0	0.0	3.5	1.0	9.0	4.0	28.0	
5.0	1.0	2.0	16.5	0.0	0.0	3.5	1.0	15.0	2.0	28.0	
6.0	1.0	2.0	16.5	0.0	0.0	3.5	1.0	7.0	1.0	28.0	
7.0	1.0	2.0	16.5	0.0	0.0	3.5	1.0	11.0	1.0	28.0	
8.0	1.0	2.0	16.5	0.0	0.0	3.5	1.0	15.0	3.0	28.0	
9.0	1.0	2.0	16.5	0.0	0.0	3.5	1.0	15.0	5.0	28.0	
10.0	1.0	2.0	16.625	0.0	0.0	3.375	1.0	15.0	1.0	27.0	
11.0	1.0	2.0	16.625	0.0	0.0	3.375	1.0	4.0	4.0	27.0	
12.0	1.0	2.0	16.625	0.0	0.0	3.375	1.0	5.0	3.0	27.0	
13.0	1.0	2.0	16.625	0.0	0.0	3.375	1.0	3.0	1.0	27.0	
14.0	1.0	2.0	16.625	0.0	0.0	3.375	1.0	13.0	5.0	27.0	
15.0	1.0	2.0	16.625	0.0	0.0	3.375	1.0	11.0	1.0	27.0	
16.0	1.0	2.0	16.625	0.0	0.0	3.375	1.0	14.0	2.0	27.0	
17.0	1.0	2.0	16.625	0.0	0.0	3.375	1.0	11.0	4.0	27.0	
18.0	1.0	2.0	16.625	0.0	0.0	3.375	1.0	2.0	5.0	27.0	
19.0	1.0	2.0	16.625	0.0	0.0	3.375	1.0	13.0	4.0	27.0	
20.0	1.0	2.0	16.625	0.0	0.0	3.375	1.0	4.0	5.0	27.0	
21.0	2.0	4.0	32.875	0.0	0.0	7.125	2.0	9.0	1.0	57.0	
22.0	2.0	4.0	32.875	0.0	0.0	7.125	2.0	6.0	2.0	57.0	
23.0	2.0	4.0	32.875	0.0	0.0	7.125	2.0	7.0	3.0	57.0	
24.0	2.0	4.0	32.875	0.0	0.0	7.125	2.0	14.0	4.0	57.0	
25.0	2.0	4.0	32.875	0.0	0.0	7.125	2.0	12.0	2.0	57.0	
26.0	2.0	4.0	32.875	0.0	0.0	7.125	2.0	1.0	2.0	57.0	
27.0	2.0	4.0	32.875	0.0	0.0	7.125	2.0	13.0	4.0	57.0	
28.0	2.0	4.0	32.875	0.0	0.0	7.125	2.0	8.0	1.0	57.0	
29.0	2.0	4.0	32.875	0.0	0.0	7.125	2.0	2.0	5.0	57.0	
30.0	2.0	4.0	32.875	0.0	0.0	7.125	2.0	14.0	1.0	57.0	
31.0	2.0	4.0	32.875	0.0	0.0	7.125	2.0	8.0	1.0	57.0	
32.0	2.0	4.0	32.875	0.0	0.0	7.125	2.0	14.0	3.0	57.0	
33.0	2.0	4.0	32.875	0.0	0.0	7.125	2.0	14.0	1.0	57.0	
34.0	2.0	4.0	32.875	0.0	0.0	7.125	2.0	14.0	1.0	57.0	
35.0	2.0	4.0	32.875	0.0	0.0	7.125	2.0	10.0	5.0	57.0	
36.0	2.0	4.0	32.875	0.0	0.0	7.125	2.0	15.0	4.0	57.0	
37.0	2.0	4.0	32.875	0.0	0.0	7.125	2.0	5.0	2.0	57.0	
38.0	2.0	4.0	32.875	0.0	0.0	7.125	2.0	5.0	5.0	57.0	
39.0	2.0	4.0	32.875	0.0	0.0	7.125	2.0	14.0	2.0	57.0	
40.0	2.0	4.0	32.875	0.0	0.0	7.125	2.0	11.0	3.0	57.0	
41.0	4.0	8.0	65.75	0.0	0.0	14.25	3.0	15.0	4.0	114.0	
42.0	4.0	8.0	65.75	0.0	0.0	14.25	3.0	4.0	1.0	114.0	
43.0	4.0	8.0	65.75	0.0	0.0	14.25	3.0	13.0	1.0	114.0	
44.0	4.0	8.0	65.75	0.0	0.0	14.25	3.0	3.0	5.0	114.0	
45.0	2.0	5.5	65.75	2.0	2.5	14.25	3.0	5.0	4.0	114.0	
46.0	4.0	8.0	65.75	0.0	0.0	14.25	3.0	14.0	3.0	114.0	
47.0	4.0	8.0	65.75	0.0	0.0	14.25	3.0	15.0	5.0	114.0	
48.0	4.0	8.0	65.75	0.0	0.0	14.25	3.0	13.0	4.0	114.0	
49.0	4.0	8.0	65.75	0.0	0.0	14.25	3.0	12.0	1.0	114.0	
50.0	4.0	8.0	65.75	0.0	0.0	14.25	3.0	9.0	1.0	114.0	
51.0	4.0	8.0	65.75	0.0	0.0	14.25	3.0	2.0	3.0	114.0	
52.0	4.0	8.0	65.75	0.0	0.0	14.25	3.0	4.0	3.0	114.0	
53.0	2.0	5.5	65.75	2.0	2.5	14.25	3.0	12.0	3.0	114.0	
54.0	4.0	8.0	65.75	0.0	0.0	14.25	3.0	10.0	5.0	114.0	
55.0	4.0	8.0	65.875	0.0	0.0	14.125	3.0	6.0	4.0	113.0	
56.0	4.0	8.0	65.875	0.0	0.0	14.125	3.0	13.0	5.0	113.0	
57.0	4.0	8.0	65.875	0.0	0.0	14.125	3.0	14.0	3.0	113.0	
58.0	4.0	8.0	65.875	0.0	0.0	14.125	3.0	11.0	4.0	113.0	
59.0	4.0	8.0	65.875	0.0	0.0	14.125	3.0	9.0	4.0	113.0	
60.0	4.0	8.0	65.875	0.0	0.0	14.125	3.0	3.0	3.0	113.0	
61.0	8.0	16.0	131.5	0.0	0.0	28.5	4.0	12.0	4.0	228.0	
62.0	8.0	16.0	131.5	0.0	0.0	28.5	4.0	7.0	4.0	228.0	
63.0	8.0	16.0	131.5	0.0	0.0	28.5	4.0	15.0	1.0	228.0	
64.0	7.0	15.0	131.5	1.0	1.0	28.5	4.0	4.0	2.0	228.0	
65.0	6.0	13.5	131.5	2.0	2.5	28.5	4.0	11.0	2.0	228.0	
66.0	8.0	16.0	131.5	0.0	0.0	28.5	4.0	12.0	5.0	228.0	
67.0	8.0	16.0	131.5	0.0	0.0	28.5	4.0	3.0	3.0	228.0	
68.0	8.0	16.0	131.5	0.0	0.0	28.5	4.0	5.0	3.0	228.0	
69.0	8.0	16.0	131.625	0.0	0.0	28.375	4.0	12.0	2.0	227.0	
70.0	8.0	16.0	131.625	0.0	0.0	28.375	4.0	11.0	5.0	227.0	
71.0	8.0	16.0	131.625	0.0	0.0	28.375	4.0	11.0	3.0	227.0	
72.0	8.0	16.0	131.625	0.0	0.0	28.375	4.0	11.0	2.0	227.0	
73.0	6.0	13.5	131.625	2.0	2.5	28.375	4.0	13.0	3.0	227.0	
74.0	8.0	16.0	131.625	0.0	0.0	28.375	4.0	1.0	3.0	227.0	
75.0	8.0	16.0	131.625	0.0	0.0	28.375	4.0	8.0	5.0	227.0	
76.0	7.0	15.0	131.625	1.0	1.0	28.375	4.0	6.0	4.0	227.0	
77.0	8.0	16.0	131.625	0.0	0.0	28.375	4.0	8.0	2.0	227.0	
78.0	6.0	13.5	131.625	2.0	2.5	28.375	4.0	8.0	1.0	227.0	
79.0	6.0	13.5	131.625	2.0	2.5	28.375	4.0	7.0	3.0	227.0	
80.0	8.0	16.0	131.625	0.0	0.0	28.375	4.0	3.0	1.0	227.0	
81.0	12.0	24.0	207.125	0.0	0.0	42.875	5.0	3.0	4.0	343.0	
82.0	12.0	24.0	207.125	0.0	0.0	42.875	5.0	6.0	2.0	343.0	
83.0	12.0	24.0	207.125	0.0	0.0	42.875	5.0	5.0	1.0	343.0	
84.0	10.0	21.5	207.125	2.0	2.5	42.875	5.0	12.0	2.0	343.0	
85.0	12.0	24.0	207.125	0.0	0.0	42.875	5.0	3.0	5.0	343.0	
86.0	10.0	21.5	207.125	2.0	2.5	42.875	5.0	15.0	4.0	343.0	
87.0	12.0	24.0	207.125	0.0	0.0	42.875	5.0	5.0	5.0	343.0	
88.0	12.0	24.0	207.125	0.0	0.0	42.875	5.0	4.0	3.0	343.0	
89.0	12.0	24.0	207.125	0.0	0.0	42.875	5.0	14.0	2.0	343.0	
90.0	12.0	24.0	207.25	0.0	0.0	42.75	5.0	4.0	1.0	342.0	
91.0	12.0	24.0	207.25	0.0	0.0	42.75	5.0	9.0	5.0	342.0	
92.0	12.0	24.0	207.25	0.0	0.0	42.75	5.0	10.0	4.0	342.0	
93.0	11.0	23.0	207.25	1.0	1.0	42.75	5.0	4.0	5.0	342.0	
94.0	12.0	24.0	207.25	0.0	0.0	42.75	5.0	13.0	1.0	342.0	
95.0	12.0	24.0	207.25	0.0	0.0	42.75	5.0	8.0	5.0	342.0	
96.0	10.0	21.5	207.25	2.0	2.5	42.75	5.0	15.0	3.0	342.0	
97.0	10.0	21.5	207.25	2.0	2.5	42.75	5.0	9.0	3.0	342.0	
98.0	12.0	24.0	207.25	0.0	0.0	42.75	5.0	15.0	2.0	342.0	
99.0	11.0	23.0	207.25	1.0	1.0	42.75	5.0	12.0	3.0	342.0	
100.0	12.0	24.0	207.25	0.0	0.0	42.75	5.0	14.0	1.0	342.0	
=====================================================================================================================================================
after 83 commit, VM matrix is (VM #, resource allocated to each VM (vCPU, memory, storage), resource used in each VM (vCPU, memory, storage), which flavour, VM in which PM, and VM in which rack, # blocks stored (each block is 0.125))
=====================================================================================================================================================
1.0	1.0	2.0	16.5	0.0	0.0	3.5	1.0	11.0	3.0	28.0	
2.0	1.0	2.0	16.5	0.0	0.0	3.5	1.0	14.0	1.0	28.0	
3.0	1.0	2.0	16.5	0.0	0.0	3.5	1.0	6.0	4.0	28.0	
4.0	1.0	2.0	16.5	0.0	0.0	3.5	1.0	9.0	4.0	28.0	
5.0	1.0	2.0	16.5	0.0	0.0	3.5	1.0	15.0	2.0	28.0	
6.0	1.0	2.0	16.5	0.0	0.0	3.5	1.0	7.0	1.0	28.0	
7.0	1.0	2.0	16.5	0.0	0.0	3.5	1.0	11.0	1.0	28.0	
8.0	1.0	2.0	16.5	0.0	0.0	3.5	1.0	15.0	3.0	28.0	
9.0	1.0	2.0	16.5	0.0	0.0	3.5	1.0	15.0	5.0	28.0	
10.0	1.0	2.0	16.625	0.0	0.0	3.375	1.0	15.0	1.0	27.0	
11.0	1.0	2.0	16.625	0.0	0.0	3.375	1.0	4.0	4.0	27.0	
12.0	1.0	2.0	16.625	0.0	0.0	3.375	1.0	5.0	3.0	27.0	
13.0	1.0	2.0	16.625	0.0	0.0	3.375	1.0	3.0	1.0	27.0	
14.0	1.0	2.0	16.625	0.0	0.0	3.375	1.0	13.0	5.0	27.0	
15.0	1.0	2.0	16.625	0.0	0.0	3.375	1.0	11.0	1.0	27.0	
16.0	1.0	2.0	16.625	0.0	0.0	3.375	1.0	14.0	2.0	27.0	
17.0	1.0	2.0	16.625	0.0	0.0	3.375	1.0	11.0	4.0	27.0	
18.0	1.0	2.0	16.625	0.0	0.0	3.375	1.0	2.0	5.0	27.0	
19.0	1.0	2.0	16.625	0.0	0.0	3.375	1.0	13.0	4.0	27.0	
20.0	1.0	2.0	16.625	0.0	0.0	3.375	1.0	4.0	5.0	27.0	
21.0	2.0	4.0	32.875	0.0	0.0	7.125	2.0	9.0	1.0	57.0	
22.0	2.0	4.0	32.875	0.0	0.0	7.125	2.0	6.0	2.0	57.0	
23.0	2.0	4.0	32.875	0.0	0.0	7.125	2.0	7.0	3.0	57.0	
24.0	2.0	4.0	32.875	0.0	0.0	7.125	2.0	14.0	4.0	57.0	
25.0	2.0	4.0	32.875	0.0	0.0	7.125	2.0	12.0	2.0	57.0	
26.0	2.0	4.0	32.875	0.0	0.0	7.125	2.0	1.0	2.0	57.0	
27.0	2.0	4.0	32.875	0.0	0.0	7.125	2.0	13.0	4.0	57.0	
28.0	2.0	4.0	32.875	0.0	0.0	7.125	2.0	8.0	1.0	57.0	
29.0	2.0	4.0	32.875	0.0	0.0	7.125	2.0	2.0	5.0	57.0	
30.0	2.0	4.0	32.875	0.0	0.0	7.125	2.0	14.0	1.0	57.0	
31.0	2.0	4.0	32.875	0.0	0.0	7.125	2.0	8.0	1.0	57.0	
32.0	2.0	4.0	32.875	0.0	0.0	7.125	2.0	14.0	3.0	57.0	
33.0	2.0	4.0	32.875	0.0	0.0	7.125	2.0	14.0	1.0	57.0	
34.0	2.0	4.0	32.875	0.0	0.0	7.125	2.0	14.0	1.0	57.0	
35.0	2.0	4.0	32.875	0.0	0.0	7.125	2.0	10.0	5.0	57.0	
36.0	2.0	4.0	32.875	0.0	0.0	7.125	2.0	15.0	4.0	57.0	
37.0	2.0	4.0	32.875	0.0	0.0	7.125	2.0	5.0	2.0	57.0	
38.0	2.0	4.0	32.875	0.0	0.0	7.125	2.0	5.0	5.0	57.0	
39.0	2.0	4.0	32.875	0.0	0.0	7.125	2.0	14.0	2.0	57.0	
40.0	2.0	4.0	32.875	0.0	0.0	7.125	2.0	11.0	3.0	57.0	
41.0	4.0	8.0	65.75	0.0	0.0	14.25	3.0	15.0	4.0	114.0	
42.0	4.0	8.0	65.75	0.0	0.0	14.25	3.0	4.0	1.0	114.0	
43.0	4.0	8.0	65.75	0.0	0.0	14.25	3.0	13.0	1.0	114.0	
44.0	4.0	8.0	65.75	0.0	0.0	14.25	3.0	3.0	5.0	114.0	
45.0	2.0	5.5	65.75	2.0	2.5	14.25	3.0	5.0	4.0	114.0	
46.0	4.0	8.0	65.75	0.0	0.0	14.25	3.0	14.0	3.0	114.0	
47.0	4.0	8.0	65.75	0.0	0.0	14.25	3.0	15.0	5.0	114.0	
48.0	4.0	8.0	65.75	0.0	0.0	14.25	3.0	13.0	4.0	114.0	
49.0	4.0	8.0	65.75	0.0	0.0	14.25	3.0	12.0	1.0	114.0	
50.0	4.0	8.0	65.75	0.0	0.0	14.25	3.0	9.0	1.0	114.0	
51.0	4.0	8.0	65.75	0.0	0.0	14.25	3.0	2.0	3.0	114.0	
52.0	4.0	8.0	65.75	0.0	0.0	14.25	3.0	4.0	3.0	114.0	
53.0	2.0	5.5	65.75	2.0	2.5	14.25	3.0	12.0	3.0	114.0	
54.0	4.0	8.0	65.75	0.0	0.0	14.25	3.0	10.0	5.0	114.0	
55.0	4.0	8.0	65.875	0.0	0.0	14.125	3.0	6.0	4.0	113.0	
56.0	4.0	8.0	65.875	0.0	0.0	14.125	3.0	13.0	5.0	113.0	
57.0	4.0	8.0	65.875	0.0	0.0	14.125	3.0	14.0	3.0	113.0	
58.0	4.0	8.0	65.875	0.0	0.0	14.125	3.0	11.0	4.0	113.0	
59.0	4.0	8.0	65.875	0.0	0.0	14.125	3.0	9.0	4.0	113.0	
60.0	4.0	8.0	65.875	0.0	0.0	14.125	3.0	3.0	3.0	113.0	
61.0	8.0	16.0	131.5	0.0	0.0	28.5	4.0	12.0	4.0	228.0	
62.0	8.0	16.0	131.5	0.0	0.0	28.5	4.0	7.0	4.0	228.0	
63.0	8.0	16.0	131.5	0.0	0.0	28.5	4.0	15.0	1.0	228.0	
64.0	7.0	15.0	131.5	1.0	1.0	28.5	4.0	4.0	2.0	228.0	
65.0	6.0	13.5	131.5	2.0	2.5	28.5	4.0	11.0	2.0	228.0	
66.0	8.0	16.0	131.5	0.0	0.0	28.5	4.0	12.0	5.0	228.0	
67.0	8.0	16.0	131.5	0.0	0.0	28.5	4.0	3.0	3.0	228.0	
68.0	8.0	16.0	131.5	0.0	0.0	28.5	4.0	5.0	3.0	228.0	
69.0	8.0	16.0	131.625	0.0	0.0	28.375	4.0	12.0	2.0	227.0	
70.0	8.0	16.0	131.625	0.0	0.0	28.375	4.0	11.0	5.0	227.0	
71.0	8.0	16.0	131.625	0.0	0.0	28.375	4.0	11.0	3.0	227.0	
72.0	8.0	16.0	131.625	0.0	0.0	28.375	4.0	11.0	2.0	227.0	
73.0	6.0	13.5	131.625	2.0	2.5	28.375	4.0	13.0	3.0	227.0	
74.0	8.0	16.0	131.625	0.0	0.0	28.375	4.0	1.0	3.0	227.0	
75.0	8.0	16.0	131.625	0.0	0.0	28.375	4.0	8.0	5.0	227.0	
76.0	7.0	15.0	131.625	1.0	1.0	28.375	4.0	6.0	4.0	227.0	
77.0	8.0	16.0	131.625	0.0	0.0	28.375	4.0	8.0	2.0	227.0	
78.0	6.0	13.5	131.625	2.0	2.5	28.375	4.0	8.0	1.0	227.0	
79.0	6.0	13.5	131.625	2.0	2.5	28.375	4.0	7.0	3.0	227.0	
80.0	8.0	16.0	131.625	0.0	0.0	28.375	4.0	3.0	1.0	227.0	
81.0	12.0	24.0	207.125	0.0	0.0	42.875	5.0	3.0	4.0	343.0	
82.0	12.0	24.0	207.125	0.0	0.0	42.875	5.0	6.0	2.0	343.0	
83.0	12.0	24.0	207.125	0.0	0.0	42.875	5.0	5.0	1.0	343.0	
84.0	10.0	21.5	207.125	2.0	2.5	42.875	5.0	12.0	2.0	343.0	
85.0	12.0	24.0	207.125	0.0	0.0	42.875	5.0	3.0	5.0	343.0	
86.0	10.0	21.5	207.125	2.0	2.5	42.875	5.0	15.0	4.0	343.0	
87.0	12.0	24.0	207.125	0.0	0.0	42.875	5.0	5.0	5.0	343.0	
88.0	12.0	24.0	207.125	0.0	0.0	42.875	5.0	4.0	3.0	343.0	
89.0	12.0	24.0	207.125	0.0	0.0	42.875	5.0	14.0	2.0	343.0	
90.0	12.0	24.0	207.25	0.0	0.0	42.75	5.0	4.0	1.0	342.0	
91.0	12.0	24.0	207.25	0.0	0.0	42.75	5.0	9.0	5.0	342.0	
92.0	12.0	24.0	207.25	0.0	0.0	42.75	5.0	10.0	4.0	342.0	
93.0	11.0	23.0	207.25	1.0	1.0	42.75	5.0	4.0	5.0	342.0	
94.0	12.0	24.0	207.25	0.0	0.0	42.75	5.0	13.0	1.0	342.0	
95.0	12.0	24.0	207.25	0.0	0.0	42.75	5.0	8.0	5.0	342.0	
96.0	10.0	21.5	207.25	2.0	2.5	42.75	5.0	15.0	3.0	342.0	
97.0	10.0	21.5	207.25	2.0	2.5	42.75	5.0	9.0	3.0	342.0	
98.0	12.0	24.0	207.25	0.0	0.0	42.75	5.0	15.0	2.0	342.0	
99.0	11.0	23.0	207.25	1.0	1.0	42.75	5.0	12.0	3.0	342.0	
100.0	12.0	24.0	207.25	0.0	0.0	42.75	5.0	14.0	1.0	342.0	
=====================================================================================================================================================
after 84 commit, VM matrix is (VM #, resource allocated to each VM (vCPU, memory, storage), resource used in each VM (vCPU, memory, storage), which flavour, VM in which PM, and VM in which rack, # blocks stored (each block is 0.125))
=====================================================================================================================================================
1.0	1.0	2.0	16.5	0.0	0.0	3.5	1.0	11.0	3.0	28.0	
2.0	1.0	2.0	16.5	0.0	0.0	3.5	1.0	14.0	1.0	28.0	
3.0	1.0	2.0	16.5	0.0	0.0	3.5	1.0	6.0	4.0	28.0	
4.0	1.0	2.0	16.5	0.0	0.0	3.5	1.0	9.0	4.0	28.0	
5.0	1.0	2.0	16.5	0.0	0.0	3.5	1.0	15.0	2.0	28.0	
6.0	1.0	2.0	16.5	0.0	0.0	3.5	1.0	7.0	1.0	28.0	
7.0	1.0	2.0	16.5	0.0	0.0	3.5	1.0	11.0	1.0	28.0	
8.0	1.0	2.0	16.5	0.0	0.0	3.5	1.0	15.0	3.0	28.0	
9.0	1.0	2.0	16.5	0.0	0.0	3.5	1.0	15.0	5.0	28.0	
10.0	1.0	2.0	16.625	0.0	0.0	3.375	1.0	15.0	1.0	27.0	
11.0	1.0	2.0	16.625	0.0	0.0	3.375	1.0	4.0	4.0	27.0	
12.0	1.0	2.0	16.625	0.0	0.0	3.375	1.0	5.0	3.0	27.0	
13.0	1.0	2.0	16.625	0.0	0.0	3.375	1.0	3.0	1.0	27.0	
14.0	1.0	2.0	16.625	0.0	0.0	3.375	1.0	13.0	5.0	27.0	
15.0	1.0	2.0	16.625	0.0	0.0	3.375	1.0	11.0	1.0	27.0	
16.0	1.0	2.0	16.625	0.0	0.0	3.375	1.0	14.0	2.0	27.0	
17.0	1.0	2.0	16.625	0.0	0.0	3.375	1.0	11.0	4.0	27.0	
18.0	1.0	2.0	16.625	0.0	0.0	3.375	1.0	2.0	5.0	27.0	
19.0	1.0	2.0	16.625	0.0	0.0	3.375	1.0	13.0	4.0	27.0	
20.0	1.0	2.0	16.625	0.0	0.0	3.375	1.0	4.0	5.0	27.0	
21.0	2.0	4.0	32.875	0.0	0.0	7.125	2.0	9.0	1.0	57.0	
22.0	2.0	4.0	32.875	0.0	0.0	7.125	2.0	6.0	2.0	57.0	
23.0	2.0	4.0	32.875	0.0	0.0	7.125	2.0	7.0	3.0	57.0	
24.0	2.0	4.0	32.875	0.0	0.0	7.125	2.0	14.0	4.0	57.0	
25.0	2.0	4.0	32.875	0.0	0.0	7.125	2.0	12.0	2.0	57.0	
26.0	2.0	4.0	32.875	0.0	0.0	7.125	2.0	1.0	2.0	57.0	
27.0	2.0	4.0	32.875	0.0	0.0	7.125	2.0	13.0	4.0	57.0	
28.0	2.0	4.0	32.875	0.0	0.0	7.125	2.0	8.0	1.0	57.0	
29.0	2.0	4.0	32.875	0.0	0.0	7.125	2.0	2.0	5.0	57.0	
30.0	2.0	4.0	32.875	0.0	0.0	7.125	2.0	14.0	1.0	57.0	
31.0	2.0	4.0	32.875	0.0	0.0	7.125	2.0	8.0	1.0	57.0	
32.0	2.0	4.0	32.875	0.0	0.0	7.125	2.0	14.0	3.0	57.0	
33.0	2.0	4.0	32.875	0.0	0.0	7.125	2.0	14.0	1.0	57.0	
34.0	2.0	4.0	32.875	0.0	0.0	7.125	2.0	14.0	1.0	57.0	
35.0	2.0	4.0	32.875	0.0	0.0	7.125	2.0	10.0	5.0	57.0	
36.0	2.0	4.0	32.875	0.0	0.0	7.125	2.0	15.0	4.0	57.0	
37.0	2.0	4.0	32.875	0.0	0.0	7.125	2.0	5.0	2.0	57.0	
38.0	2.0	4.0	32.875	0.0	0.0	7.125	2.0	5.0	5.0	57.0	
39.0	2.0	4.0	32.875	0.0	0.0	7.125	2.0	14.0	2.0	57.0	
40.0	2.0	4.0	32.875	0.0	0.0	7.125	2.0	11.0	3.0	57.0	
41.0	4.0	8.0	65.75	0.0	0.0	14.25	3.0	15.0	4.0	114.0	
42.0	4.0	8.0	65.75	0.0	0.0	14.25	3.0	4.0	1.0	114.0	
43.0	4.0	8.0	65.75	0.0	0.0	14.25	3.0	13.0	1.0	114.0	
44.0	4.0	8.0	65.75	0.0	0.0	14.25	3.0	3.0	5.0	114.0	
45.0	2.0	5.5	65.75	2.0	2.5	14.25	3.0	5.0	4.0	114.0	
46.0	4.0	8.0	65.75	0.0	0.0	14.25	3.0	14.0	3.0	114.0	
47.0	4.0	8.0	65.75	0.0	0.0	14.25	3.0	15.0	5.0	114.0	
48.0	4.0	8.0	65.75	0.0	0.0	14.25	3.0	13.0	4.0	114.0	
49.0	4.0	8.0	65.75	0.0	0.0	14.25	3.0	12.0	1.0	114.0	
50.0	4.0	8.0	65.75	0.0	0.0	14.25	3.0	9.0	1.0	114.0	
51.0	4.0	8.0	65.75	0.0	0.0	14.25	3.0	2.0	3.0	114.0	
52.0	4.0	8.0	65.75	0.0	0.0	14.25	3.0	4.0	3.0	114.0	
53.0	2.0	5.5	65.75	2.0	2.5	14.25	3.0	12.0	3.0	114.0	
54.0	4.0	8.0	65.75	0.0	0.0	14.25	3.0	10.0	5.0	114.0	
55.0	4.0	8.0	65.875	0.0	0.0	14.125	3.0	6.0	4.0	113.0	
56.0	4.0	8.0	65.875	0.0	0.0	14.125	3.0	13.0	5.0	113.0	
57.0	4.0	8.0	65.875	0.0	0.0	14.125	3.0	14.0	3.0	113.0	
58.0	4.0	8.0	65.875	0.0	0.0	14.125	3.0	11.0	4.0	113.0	
59.0	4.0	8.0	65.875	0.0	0.0	14.125	3.0	9.0	4.0	113.0	
60.0	4.0	8.0	65.875	0.0	0.0	14.125	3.0	3.0	3.0	113.0	
61.0	8.0	16.0	131.5	0.0	0.0	28.5	4.0	12.0	4.0	228.0	
62.0	8.0	16.0	131.5	0.0	0.0	28.5	4.0	7.0	4.0	228.0	
63.0	8.0	16.0	131.5	0.0	0.0	28.5	4.0	15.0	1.0	228.0	
64.0	7.0	15.0	131.5	1.0	1.0	28.5	4.0	4.0	2.0	228.0	
65.0	6.0	13.5	131.5	2.0	2.5	28.5	4.0	11.0	2.0	228.0	
66.0	8.0	16.0	131.5	0.0	0.0	28.5	4.0	12.0	5.0	228.0	
67.0	8.0	16.0	131.5	0.0	0.0	28.5	4.0	3.0	3.0	228.0	
68.0	8.0	16.0	131.5	0.0	0.0	28.5	4.0	5.0	3.0	228.0	
69.0	8.0	16.0	131.625	0.0	0.0	28.375	4.0	12.0	2.0	227.0	
70.0	8.0	16.0	131.625	0.0	0.0	28.375	4.0	11.0	5.0	227.0	
71.0	8.0	16.0	131.625	0.0	0.0	28.375	4.0	11.0	3.0	227.0	
72.0	8.0	16.0	131.625	0.0	0.0	28.375	4.0	11.0	2.0	227.0	
73.0	6.0	13.5	131.625	2.0	2.5	28.375	4.0	13.0	3.0	227.0	
74.0	8.0	16.0	131.625	0.0	0.0	28.375	4.0	1.0	3.0	227.0	
75.0	8.0	16.0	131.625	0.0	0.0	28.375	4.0	8.0	5.0	227.0	
76.0	7.0	15.0	131.625	1.0	1.0	28.375	4.0	6.0	4.0	227.0	
77.0	8.0	16.0	131.625	0.0	0.0	28.375	4.0	8.0	2.0	227.0	
78.0	6.0	13.5	131.625	2.0	2.5	28.375	4.0	8.0	1.0	227.0	
79.0	6.0	13.5	131.625	2.0	2.5	28.375	4.0	7.0	3.0	227.0	
80.0	8.0	16.0	131.625	0.0	0.0	28.375	4.0	3.0	1.0	227.0	
81.0	12.0	24.0	207.125	0.0	0.0	42.875	5.0	3.0	4.0	343.0	
82.0	12.0	24.0	207.125	0.0	0.0	42.875	5.0	6.0	2.0	343.0	
83.0	12.0	24.0	207.125	0.0	0.0	42.875	5.0	5.0	1.0	343.0	
84.0	10.0	21.5	207.125	2.0	2.5	42.875	5.0	12.0	2.0	343.0	
85.0	12.0	24.0	207.125	0.0	0.0	42.875	5.0	3.0	5.0	343.0	
86.0	10.0	21.5	207.125	2.0	2.5	42.875	5.0	15.0	4.0	343.0	
87.0	12.0	24.0	207.125	0.0	0.0	42.875	5.0	5.0	5.0	343.0	
88.0	12.0	24.0	207.125	0.0	0.0	42.875	5.0	4.0	3.0	343.0	
89.0	12.0	24.0	207.125	0.0	0.0	42.875	5.0	14.0	2.0	343.0	
90.0	12.0	24.0	207.25	0.0	0.0	42.75	5.0	4.0	1.0	342.0	
91.0	12.0	24.0	207.25	0.0	0.0	42.75	5.0	9.0	5.0	342.0	
92.0	12.0	24.0	207.25	0.0	0.0	42.75	5.0	10.0	4.0	342.0	
93.0	11.0	23.0	207.25	1.0	1.0	42.75	5.0	4.0	5.0	342.0	
94.0	12.0	24.0	207.25	0.0	0.0	42.75	5.0	13.0	1.0	342.0	
95.0	12.0	24.0	207.25	0.0	0.0	42.75	5.0	8.0	5.0	342.0	
96.0	10.0	21.5	207.25	2.0	2.5	42.75	5.0	15.0	3.0	342.0	
97.0	10.0	21.5	207.25	2.0	2.5	42.75	5.0	9.0	3.0	342.0	
98.0	12.0	24.0	207.25	0.0	0.0	42.75	5.0	15.0	2.0	342.0	
99.0	11.0	23.0	207.25	1.0	1.0	42.75	5.0	12.0	3.0	342.0	
100.0	12.0	24.0	207.25	0.0	0.0	42.75	5.0	14.0	1.0	342.0	
=====================================================================================================================================================
after 85 commit, VM matrix is (VM #, resource allocated to each VM (vCPU, memory, storage), resource used in each VM (vCPU, memory, storage), which flavour, VM in which PM, and VM in which rack, # blocks stored (each block is 0.125))
=====================================================================================================================================================
1.0	1.0	2.0	16.5	0.0	0.0	3.5	1.0	11.0	3.0	28.0	
2.0	1.0	2.0	16.5	0.0	0.0	3.5	1.0	14.0	1.0	28.0	
3.0	1.0	2.0	16.5	0.0	0.0	3.5	1.0	6.0	4.0	28.0	
4.0	1.0	2.0	16.5	0.0	0.0	3.5	1.0	9.0	4.0	28.0	
5.0	1.0	2.0	16.5	0.0	0.0	3.5	1.0	15.0	2.0	28.0	
6.0	1.0	2.0	16.5	0.0	0.0	3.5	1.0	7.0	1.0	28.0	
7.0	1.0	2.0	16.5	0.0	0.0	3.5	1.0	11.0	1.0	28.0	
8.0	1.0	2.0	16.5	0.0	0.0	3.5	1.0	15.0	3.0	28.0	
9.0	1.0	2.0	16.5	0.0	0.0	3.5	1.0	15.0	5.0	28.0	
10.0	1.0	2.0	16.625	0.0	0.0	3.375	1.0	15.0	1.0	27.0	
11.0	1.0	2.0	16.625	0.0	0.0	3.375	1.0	4.0	4.0	27.0	
12.0	1.0	2.0	16.625	0.0	0.0	3.375	1.0	5.0	3.0	27.0	
13.0	1.0	2.0	16.625	0.0	0.0	3.375	1.0	3.0	1.0	27.0	
14.0	1.0	2.0	16.625	0.0	0.0	3.375	1.0	13.0	5.0	27.0	
15.0	1.0	2.0	16.625	0.0	0.0	3.375	1.0	11.0	1.0	27.0	
16.0	1.0	2.0	16.625	0.0	0.0	3.375	1.0	14.0	2.0	27.0	
17.0	1.0	2.0	16.625	0.0	0.0	3.375	1.0	11.0	4.0	27.0	
18.0	1.0	2.0	16.625	0.0	0.0	3.375	1.0	2.0	5.0	27.0	
19.0	1.0	2.0	16.625	0.0	0.0	3.375	1.0	13.0	4.0	27.0	
20.0	1.0	2.0	16.625	0.0	0.0	3.375	1.0	4.0	5.0	27.0	
21.0	2.0	4.0	32.875	0.0	0.0	7.125	2.0	9.0	1.0	57.0	
22.0	2.0	4.0	32.875	0.0	0.0	7.125	2.0	6.0	2.0	57.0	
23.0	2.0	4.0	32.875	0.0	0.0	7.125	2.0	7.0	3.0	57.0	
24.0	2.0	4.0	32.875	0.0	0.0	7.125	2.0	14.0	4.0	57.0	
25.0	2.0	4.0	32.875	0.0	0.0	7.125	2.0	12.0	2.0	57.0	
26.0	2.0	4.0	32.875	0.0	0.0	7.125	2.0	1.0	2.0	57.0	
27.0	2.0	4.0	32.875	0.0	0.0	7.125	2.0	13.0	4.0	57.0	
28.0	2.0	4.0	32.875	0.0	0.0	7.125	2.0	8.0	1.0	57.0	
29.0	2.0	4.0	32.875	0.0	0.0	7.125	2.0	2.0	5.0	57.0	
30.0	2.0	4.0	32.875	0.0	0.0	7.125	2.0	14.0	1.0	57.0	
31.0	2.0	4.0	32.875	0.0	0.0	7.125	2.0	8.0	1.0	57.0	
32.0	2.0	4.0	32.875	0.0	0.0	7.125	2.0	14.0	3.0	57.0	
33.0	2.0	4.0	32.875	0.0	0.0	7.125	2.0	14.0	1.0	57.0	
34.0	2.0	4.0	32.875	0.0	0.0	7.125	2.0	14.0	1.0	57.0	
35.0	2.0	4.0	32.875	0.0	0.0	7.125	2.0	10.0	5.0	57.0	
36.0	2.0	4.0	32.875	0.0	0.0	7.125	2.0	15.0	4.0	57.0	
37.0	2.0	4.0	32.875	0.0	0.0	7.125	2.0	5.0	2.0	57.0	
38.0	2.0	4.0	32.875	0.0	0.0	7.125	2.0	5.0	5.0	57.0	
39.0	2.0	4.0	32.875	0.0	0.0	7.125	2.0	14.0	2.0	57.0	
40.0	2.0	4.0	32.875	0.0	0.0	7.125	2.0	11.0	3.0	57.0	
41.0	4.0	8.0	65.75	0.0	0.0	14.25	3.0	15.0	4.0	114.0	
42.0	4.0	8.0	65.75	0.0	0.0	14.25	3.0	4.0	1.0	114.0	
43.0	4.0	8.0	65.75	0.0	0.0	14.25	3.0	13.0	1.0	114.0	
44.0	4.0	8.0	65.75	0.0	0.0	14.25	3.0	3.0	5.0	114.0	
45.0	2.0	5.5	65.75	2.0	2.5	14.25	3.0	5.0	4.0	114.0	
46.0	4.0	8.0	65.75	0.0	0.0	14.25	3.0	14.0	3.0	114.0	
47.0	4.0	8.0	65.75	0.0	0.0	14.25	3.0	15.0	5.0	114.0	
48.0	4.0	8.0	65.75	0.0	0.0	14.25	3.0	13.0	4.0	114.0	
49.0	4.0	8.0	65.75	0.0	0.0	14.25	3.0	12.0	1.0	114.0	
50.0	4.0	8.0	65.75	0.0	0.0	14.25	3.0	9.0	1.0	114.0	
51.0	4.0	8.0	65.75	0.0	0.0	14.25	3.0	2.0	3.0	114.0	
52.0	4.0	8.0	65.75	0.0	0.0	14.25	3.0	4.0	3.0	114.0	
53.0	2.0	5.5	65.75	2.0	2.5	14.25	3.0	12.0	3.0	114.0	
54.0	4.0	8.0	65.75	0.0	0.0	14.25	3.0	10.0	5.0	114.0	
55.0	4.0	8.0	65.875	0.0	0.0	14.125	3.0	6.0	4.0	113.0	
56.0	4.0	8.0	65.875	0.0	0.0	14.125	3.0	13.0	5.0	113.0	
57.0	4.0	8.0	65.875	0.0	0.0	14.125	3.0	14.0	3.0	113.0	
58.0	4.0	8.0	65.875	0.0	0.0	14.125	3.0	11.0	4.0	113.0	
59.0	4.0	8.0	65.875	0.0	0.0	14.125	3.0	9.0	4.0	113.0	
60.0	4.0	8.0	65.875	0.0	0.0	14.125	3.0	3.0	3.0	113.0	
61.0	8.0	16.0	131.5	0.0	0.0	28.5	4.0	12.0	4.0	228.0	
62.0	8.0	16.0	131.5	0.0	0.0	28.5	4.0	7.0	4.0	228.0	
63.0	8.0	16.0	131.5	0.0	0.0	28.5	4.0	15.0	1.0	228.0	
64.0	7.0	15.0	131.5	1.0	1.0	28.5	4.0	4.0	2.0	228.0	
65.0	6.0	13.5	131.5	2.0	2.5	28.5	4.0	11.0	2.0	228.0	
66.0	8.0	16.0	131.5	0.0	0.0	28.5	4.0	12.0	5.0	228.0	
67.0	8.0	16.0	131.5	0.0	0.0	28.5	4.0	3.0	3.0	228.0	
68.0	8.0	16.0	131.5	0.0	0.0	28.5	4.0	5.0	3.0	228.0	
69.0	8.0	16.0	131.625	0.0	0.0	28.375	4.0	12.0	2.0	227.0	
70.0	8.0	16.0	131.625	0.0	0.0	28.375	4.0	11.0	5.0	227.0	
71.0	8.0	16.0	131.625	0.0	0.0	28.375	4.0	11.0	3.0	227.0	
72.0	8.0	16.0	131.625	0.0	0.0	28.375	4.0	11.0	2.0	227.0	
73.0	6.0	13.5	131.625	2.0	2.5	28.375	4.0	13.0	3.0	227.0	
74.0	8.0	16.0	131.625	0.0	0.0	28.375	4.0	1.0	3.0	227.0	
75.0	8.0	16.0	131.625	0.0	0.0	28.375	4.0	8.0	5.0	227.0	
76.0	7.0	15.0	131.625	1.0	1.0	28.375	4.0	6.0	4.0	227.0	
77.0	8.0	16.0	131.625	0.0	0.0	28.375	4.0	8.0	2.0	227.0	
78.0	6.0	13.5	131.625	2.0	2.5	28.375	4.0	8.0	1.0	227.0	
79.0	6.0	13.5	131.625	2.0	2.5	28.375	4.0	7.0	3.0	227.0	
80.0	8.0	16.0	131.625	0.0	0.0	28.375	4.0	3.0	1.0	227.0	
81.0	12.0	24.0	207.125	0.0	0.0	42.875	5.0	3.0	4.0	343.0	
82.0	12.0	24.0	207.125	0.0	0.0	42.875	5.0	6.0	2.0	343.0	
83.0	12.0	24.0	207.125	0.0	0.0	42.875	5.0	5.0	1.0	343.0	
84.0	10.0	21.5	207.125	2.0	2.5	42.875	5.0	12.0	2.0	343.0	
85.0	12.0	24.0	207.125	0.0	0.0	42.875	5.0	3.0	5.0	343.0	
86.0	10.0	21.5	207.125	2.0	2.5	42.875	5.0	15.0	4.0	343.0	
87.0	12.0	24.0	207.125	0.0	0.0	42.875	5.0	5.0	5.0	343.0	
88.0	12.0	24.0	207.125	0.0	0.0	42.875	5.0	4.0	3.0	343.0	
89.0	12.0	24.0	207.125	0.0	0.0	42.875	5.0	14.0	2.0	343.0	
90.0	12.0	24.0	207.25	0.0	0.0	42.75	5.0	4.0	1.0	342.0	
91.0	12.0	24.0	207.25	0.0	0.0	42.75	5.0	9.0	5.0	342.0	
92.0	12.0	24.0	207.25	0.0	0.0	42.75	5.0	10.0	4.0	342.0	
93.0	11.0	23.0	207.25	1.0	1.0	42.75	5.0	4.0	5.0	342.0	
94.0	12.0	24.0	207.25	0.0	0.0	42.75	5.0	13.0	1.0	342.0	
95.0	12.0	24.0	207.25	0.0	0.0	42.75	5.0	8.0	5.0	342.0	
96.0	10.0	21.5	207.25	2.0	2.5	42.75	5.0	15.0	3.0	342.0	
97.0	10.0	21.5	207.25	2.0	2.5	42.75	5.0	9.0	3.0	342.0	
98.0	12.0	24.0	207.25	0.0	0.0	42.75	5.0	15.0	2.0	342.0	
99.0	11.0	23.0	207.25	1.0	1.0	42.75	5.0	12.0	3.0	342.0	
100.0	12.0	24.0	207.25	0.0	0.0	42.75	5.0	14.0	1.0	342.0	
=====================================================================================================================================================
after 86 commit, VM matrix is (VM #, resource allocated to each VM (vCPU, memory, storage), resource used in each VM (vCPU, memory, storage), which flavour, VM in which PM, and VM in which rack, # blocks stored (each block is 0.125))
=====================================================================================================================================================
1.0	1.0	2.0	16.5	0.0	0.0	3.5	1.0	11.0	3.0	28.0	
2.0	1.0	2.0	16.5	0.0	0.0	3.5	1.0	14.0	1.0	28.0	
3.0	1.0	2.0	16.5	0.0	0.0	3.5	1.0	6.0	4.0	28.0	
4.0	1.0	2.0	16.5	0.0	0.0	3.5	1.0	9.0	4.0	28.0	
5.0	1.0	2.0	16.5	0.0	0.0	3.5	1.0	15.0	2.0	28.0	
6.0	1.0	2.0	16.5	0.0	0.0	3.5	1.0	7.0	1.0	28.0	
7.0	1.0	2.0	16.5	0.0	0.0	3.5	1.0	11.0	1.0	28.0	
8.0	1.0	2.0	16.5	0.0	0.0	3.5	1.0	15.0	3.0	28.0	
9.0	1.0	2.0	16.5	0.0	0.0	3.5	1.0	15.0	5.0	28.0	
10.0	1.0	2.0	16.625	0.0	0.0	3.375	1.0	15.0	1.0	27.0	
11.0	1.0	2.0	16.625	0.0	0.0	3.375	1.0	4.0	4.0	27.0	
12.0	1.0	2.0	16.625	0.0	0.0	3.375	1.0	5.0	3.0	27.0	
13.0	1.0	2.0	16.625	0.0	0.0	3.375	1.0	3.0	1.0	27.0	
14.0	1.0	2.0	16.625	0.0	0.0	3.375	1.0	13.0	5.0	27.0	
15.0	1.0	2.0	16.625	0.0	0.0	3.375	1.0	11.0	1.0	27.0	
16.0	1.0	2.0	16.625	0.0	0.0	3.375	1.0	14.0	2.0	27.0	
17.0	1.0	2.0	16.625	0.0	0.0	3.375	1.0	11.0	4.0	27.0	
18.0	1.0	2.0	16.625	0.0	0.0	3.375	1.0	2.0	5.0	27.0	
19.0	1.0	2.0	16.625	0.0	0.0	3.375	1.0	13.0	4.0	27.0	
20.0	1.0	2.0	16.625	0.0	0.0	3.375	1.0	4.0	5.0	27.0	
21.0	2.0	4.0	32.875	0.0	0.0	7.125	2.0	9.0	1.0	57.0	
22.0	2.0	4.0	32.875	0.0	0.0	7.125	2.0	6.0	2.0	57.0	
23.0	2.0	4.0	32.875	0.0	0.0	7.125	2.0	7.0	3.0	57.0	
24.0	2.0	4.0	32.875	0.0	0.0	7.125	2.0	14.0	4.0	57.0	
25.0	2.0	4.0	32.875	0.0	0.0	7.125	2.0	12.0	2.0	57.0	
26.0	2.0	4.0	32.875	0.0	0.0	7.125	2.0	1.0	2.0	57.0	
27.0	2.0	4.0	32.875	0.0	0.0	7.125	2.0	13.0	4.0	57.0	
28.0	2.0	4.0	32.875	0.0	0.0	7.125	2.0	8.0	1.0	57.0	
29.0	2.0	4.0	32.875	0.0	0.0	7.125	2.0	2.0	5.0	57.0	
30.0	2.0	4.0	32.875	0.0	0.0	7.125	2.0	14.0	1.0	57.0	
31.0	2.0	4.0	32.875	0.0	0.0	7.125	2.0	8.0	1.0	57.0	
32.0	2.0	4.0	32.875	0.0	0.0	7.125	2.0	14.0	3.0	57.0	
33.0	2.0	4.0	32.875	0.0	0.0	7.125	2.0	14.0	1.0	57.0	
34.0	2.0	4.0	32.875	0.0	0.0	7.125	2.0	14.0	1.0	57.0	
35.0	2.0	4.0	32.875	0.0	0.0	7.125	2.0	10.0	5.0	57.0	
36.0	2.0	4.0	32.875	0.0	0.0	7.125	2.0	15.0	4.0	57.0	
37.0	2.0	4.0	32.875	0.0	0.0	7.125	2.0	5.0	2.0	57.0	
38.0	2.0	4.0	32.875	0.0	0.0	7.125	2.0	5.0	5.0	57.0	
39.0	2.0	4.0	32.875	0.0	0.0	7.125	2.0	14.0	2.0	57.0	
40.0	2.0	4.0	32.875	0.0	0.0	7.125	2.0	11.0	3.0	57.0	
41.0	4.0	8.0	65.75	0.0	0.0	14.25	3.0	15.0	4.0	114.0	
42.0	4.0	8.0	65.75	0.0	0.0	14.25	3.0	4.0	1.0	114.0	
43.0	4.0	8.0	65.75	0.0	0.0	14.25	3.0	13.0	1.0	114.0	
44.0	4.0	8.0	65.75	0.0	0.0	14.25	3.0	3.0	5.0	114.0	
45.0	2.0	5.5	65.75	2.0	2.5	14.25	3.0	5.0	4.0	114.0	
46.0	4.0	8.0	65.75	0.0	0.0	14.25	3.0	14.0	3.0	114.0	
47.0	4.0	8.0	65.75	0.0	0.0	14.25	3.0	15.0	5.0	114.0	
48.0	4.0	8.0	65.75	0.0	0.0	14.25	3.0	13.0	4.0	114.0	
49.0	4.0	8.0	65.75	0.0	0.0	14.25	3.0	12.0	1.0	114.0	
50.0	4.0	8.0	65.75	0.0	0.0	14.25	3.0	9.0	1.0	114.0	
51.0	4.0	8.0	65.75	0.0	0.0	14.25	3.0	2.0	3.0	114.0	
52.0	4.0	8.0	65.75	0.0	0.0	14.25	3.0	4.0	3.0	114.0	
53.0	2.0	5.5	65.75	2.0	2.5	14.25	3.0	12.0	3.0	114.0	
54.0	4.0	8.0	65.75	0.0	0.0	14.25	3.0	10.0	5.0	114.0	
55.0	4.0	8.0	65.875	0.0	0.0	14.125	3.0	6.0	4.0	113.0	
56.0	4.0	8.0	65.875	0.0	0.0	14.125	3.0	13.0	5.0	113.0	
57.0	4.0	8.0	65.875	0.0	0.0	14.125	3.0	14.0	3.0	113.0	
58.0	4.0	8.0	65.875	0.0	0.0	14.125	3.0	11.0	4.0	113.0	
59.0	4.0	8.0	65.875	0.0	0.0	14.125	3.0	9.0	4.0	113.0	
60.0	4.0	8.0	65.875	0.0	0.0	14.125	3.0	3.0	3.0	113.0	
61.0	8.0	16.0	131.5	0.0	0.0	28.5	4.0	12.0	4.0	228.0	
62.0	8.0	16.0	131.5	0.0	0.0	28.5	4.0	7.0	4.0	228.0	
63.0	8.0	16.0	131.5	0.0	0.0	28.5	4.0	15.0	1.0	228.0	
64.0	7.0	15.0	131.5	1.0	1.0	28.5	4.0	4.0	2.0	228.0	
65.0	6.0	13.5	131.5	2.0	2.5	28.5	4.0	11.0	2.0	228.0	
66.0	8.0	16.0	131.5	0.0	0.0	28.5	4.0	12.0	5.0	228.0	
67.0	8.0	16.0	131.5	0.0	0.0	28.5	4.0	3.0	3.0	228.0	
68.0	8.0	16.0	131.5	0.0	0.0	28.5	4.0	5.0	3.0	228.0	
69.0	8.0	16.0	131.625	0.0	0.0	28.375	4.0	12.0	2.0	227.0	
70.0	8.0	16.0	131.625	0.0	0.0	28.375	4.0	11.0	5.0	227.0	
71.0	8.0	16.0	131.625	0.0	0.0	28.375	4.0	11.0	3.0	227.0	
72.0	8.0	16.0	131.625	0.0	0.0	28.375	4.0	11.0	2.0	227.0	
73.0	6.0	13.5	131.625	2.0	2.5	28.375	4.0	13.0	3.0	227.0	
74.0	8.0	16.0	131.625	0.0	0.0	28.375	4.0	1.0	3.0	227.0	
75.0	8.0	16.0	131.625	0.0	0.0	28.375	4.0	8.0	5.0	227.0	
76.0	7.0	15.0	131.625	1.0	1.0	28.375	4.0	6.0	4.0	227.0	
77.0	8.0	16.0	131.625	0.0	0.0	28.375	4.0	8.0	2.0	227.0	
78.0	6.0	13.5	131.625	2.0	2.5	28.375	4.0	8.0	1.0	227.0	
79.0	6.0	13.5	131.625	2.0	2.5	28.375	4.0	7.0	3.0	227.0	
80.0	8.0	16.0	131.625	0.0	0.0	28.375	4.0	3.0	1.0	227.0	
81.0	12.0	24.0	207.125	0.0	0.0	42.875	5.0	3.0	4.0	343.0	
82.0	12.0	24.0	207.125	0.0	0.0	42.875	5.0	6.0	2.0	343.0	
83.0	12.0	24.0	207.125	0.0	0.0	42.875	5.0	5.0	1.0	343.0	
84.0	10.0	21.5	207.125	2.0	2.5	42.875	5.0	12.0	2.0	343.0	
85.0	12.0	24.0	207.125	0.0	0.0	42.875	5.0	3.0	5.0	343.0	
86.0	10.0	21.5	207.125	2.0	2.5	42.875	5.0	15.0	4.0	343.0	
87.0	12.0	24.0	207.125	0.0	0.0	42.875	5.0	5.0	5.0	343.0	
88.0	12.0	24.0	207.125	0.0	0.0	42.875	5.0	4.0	3.0	343.0	
89.0	12.0	24.0	207.125	0.0	0.0	42.875	5.0	14.0	2.0	343.0	
90.0	12.0	24.0	207.25	0.0	0.0	42.75	5.0	4.0	1.0	342.0	
91.0	12.0	24.0	207.25	0.0	0.0	42.75	5.0	9.0	5.0	342.0	
92.0	12.0	24.0	207.25	0.0	0.0	42.75	5.0	10.0	4.0	342.0	
93.0	11.0	23.0	207.25	1.0	1.0	42.75	5.0	4.0	5.0	342.0	
94.0	12.0	24.0	207.25	0.0	0.0	42.75	5.0	13.0	1.0	342.0	
95.0	12.0	24.0	207.25	0.0	0.0	42.75	5.0	8.0	5.0	342.0	
96.0	10.0	21.5	207.25	2.0	2.5	42.75	5.0	15.0	3.0	342.0	
97.0	10.0	21.5	207.25	2.0	2.5	42.75	5.0	9.0	3.0	342.0	
98.0	12.0	24.0	207.25	0.0	0.0	42.75	5.0	15.0	2.0	342.0	
99.0	11.0	23.0	207.25	1.0	1.0	42.75	5.0	12.0	3.0	342.0	
100.0	12.0	24.0	207.25	0.0	0.0	42.75	5.0	14.0	1.0	342.0	
=====================================================================================================================================================
after 87 commit, VM matrix is (VM #, resource allocated to each VM (vCPU, memory, storage), resource used in each VM (vCPU, memory, storage), which flavour, VM in which PM, and VM in which rack, # blocks stored (each block is 0.125))
=====================================================================================================================================================
1.0	1.0	2.0	16.5	0.0	0.0	3.5	1.0	11.0	3.0	28.0	
2.0	1.0	2.0	16.5	0.0	0.0	3.5	1.0	14.0	1.0	28.0	
3.0	1.0	2.0	16.5	0.0	0.0	3.5	1.0	6.0	4.0	28.0	
4.0	1.0	2.0	16.5	0.0	0.0	3.5	1.0	9.0	4.0	28.0	
5.0	1.0	2.0	16.5	0.0	0.0	3.5	1.0	15.0	2.0	28.0	
6.0	1.0	2.0	16.5	0.0	0.0	3.5	1.0	7.0	1.0	28.0	
7.0	1.0	2.0	16.5	0.0	0.0	3.5	1.0	11.0	1.0	28.0	
8.0	1.0	2.0	16.5	0.0	0.0	3.5	1.0	15.0	3.0	28.0	
9.0	1.0	2.0	16.5	0.0	0.0	3.5	1.0	15.0	5.0	28.0	
10.0	1.0	2.0	16.625	0.0	0.0	3.375	1.0	15.0	1.0	27.0	
11.0	1.0	2.0	16.625	0.0	0.0	3.375	1.0	4.0	4.0	27.0	
12.0	1.0	2.0	16.625	0.0	0.0	3.375	1.0	5.0	3.0	27.0	
13.0	1.0	2.0	16.625	0.0	0.0	3.375	1.0	3.0	1.0	27.0	
14.0	1.0	2.0	16.625	0.0	0.0	3.375	1.0	13.0	5.0	27.0	
15.0	1.0	2.0	16.625	0.0	0.0	3.375	1.0	11.0	1.0	27.0	
16.0	1.0	2.0	16.625	0.0	0.0	3.375	1.0	14.0	2.0	27.0	
17.0	1.0	2.0	16.625	0.0	0.0	3.375	1.0	11.0	4.0	27.0	
18.0	1.0	2.0	16.625	0.0	0.0	3.375	1.0	2.0	5.0	27.0	
19.0	1.0	2.0	16.625	0.0	0.0	3.375	1.0	13.0	4.0	27.0	
20.0	1.0	2.0	16.625	0.0	0.0	3.375	1.0	4.0	5.0	27.0	
21.0	2.0	4.0	32.875	0.0	0.0	7.125	2.0	9.0	1.0	57.0	
22.0	2.0	4.0	32.875	0.0	0.0	7.125	2.0	6.0	2.0	57.0	
23.0	2.0	4.0	32.875	0.0	0.0	7.125	2.0	7.0	3.0	57.0	
24.0	2.0	4.0	32.875	0.0	0.0	7.125	2.0	14.0	4.0	57.0	
25.0	2.0	4.0	32.875	0.0	0.0	7.125	2.0	12.0	2.0	57.0	
26.0	2.0	4.0	32.875	0.0	0.0	7.125	2.0	1.0	2.0	57.0	
27.0	2.0	4.0	32.875	0.0	0.0	7.125	2.0	13.0	4.0	57.0	
28.0	2.0	4.0	32.875	0.0	0.0	7.125	2.0	8.0	1.0	57.0	
29.0	2.0	4.0	32.875	0.0	0.0	7.125	2.0	2.0	5.0	57.0	
30.0	2.0	4.0	32.875	0.0	0.0	7.125	2.0	14.0	1.0	57.0	
31.0	2.0	4.0	32.875	0.0	0.0	7.125	2.0	8.0	1.0	57.0	
32.0	2.0	4.0	32.875	0.0	0.0	7.125	2.0	14.0	3.0	57.0	
33.0	2.0	4.0	32.875	0.0	0.0	7.125	2.0	14.0	1.0	57.0	
34.0	2.0	4.0	32.875	0.0	0.0	7.125	2.0	14.0	1.0	57.0	
35.0	2.0	4.0	32.875	0.0	0.0	7.125	2.0	10.0	5.0	57.0	
36.0	2.0	4.0	32.875	0.0	0.0	7.125	2.0	15.0	4.0	57.0	
37.0	2.0	4.0	32.875	0.0	0.0	7.125	2.0	5.0	2.0	57.0	
38.0	2.0	4.0	32.875	0.0	0.0	7.125	2.0	5.0	5.0	57.0	
39.0	2.0	4.0	32.875	0.0	0.0	7.125	2.0	14.0	2.0	57.0	
40.0	2.0	4.0	32.875	0.0	0.0	7.125	2.0	11.0	3.0	57.0	
41.0	4.0	8.0	65.75	0.0	0.0	14.25	3.0	15.0	4.0	114.0	
42.0	4.0	8.0	65.75	0.0	0.0	14.25	3.0	4.0	1.0	114.0	
43.0	4.0	8.0	65.75	0.0	0.0	14.25	3.0	13.0	1.0	114.0	
44.0	4.0	8.0	65.75	0.0	0.0	14.25	3.0	3.0	5.0	114.0	
45.0	2.0	5.5	65.75	2.0	2.5	14.25	3.0	5.0	4.0	114.0	
46.0	4.0	8.0	65.75	0.0	0.0	14.25	3.0	14.0	3.0	114.0	
47.0	4.0	8.0	65.75	0.0	0.0	14.25	3.0	15.0	5.0	114.0	
48.0	4.0	8.0	65.75	0.0	0.0	14.25	3.0	13.0	4.0	114.0	
49.0	4.0	8.0	65.75	0.0	0.0	14.25	3.0	12.0	1.0	114.0	
50.0	4.0	8.0	65.75	0.0	0.0	14.25	3.0	9.0	1.0	114.0	
51.0	4.0	8.0	65.75	0.0	0.0	14.25	3.0	2.0	3.0	114.0	
52.0	4.0	8.0	65.75	0.0	0.0	14.25	3.0	4.0	3.0	114.0	
53.0	2.0	5.5	65.75	2.0	2.5	14.25	3.0	12.0	3.0	114.0	
54.0	4.0	8.0	65.75	0.0	0.0	14.25	3.0	10.0	5.0	114.0	
55.0	4.0	8.0	65.875	0.0	0.0	14.125	3.0	6.0	4.0	113.0	
56.0	4.0	8.0	65.875	0.0	0.0	14.125	3.0	13.0	5.0	113.0	
57.0	4.0	8.0	65.875	0.0	0.0	14.125	3.0	14.0	3.0	113.0	
58.0	4.0	8.0	65.875	0.0	0.0	14.125	3.0	11.0	4.0	113.0	
59.0	4.0	8.0	65.875	0.0	0.0	14.125	3.0	9.0	4.0	113.0	
60.0	4.0	8.0	65.875	0.0	0.0	14.125	3.0	3.0	3.0	113.0	
61.0	8.0	16.0	131.5	0.0	0.0	28.5	4.0	12.0	4.0	228.0	
62.0	8.0	16.0	131.5	0.0	0.0	28.5	4.0	7.0	4.0	228.0	
63.0	8.0	16.0	131.5	0.0	0.0	28.5	4.0	15.0	1.0	228.0	
64.0	7.0	15.0	131.5	1.0	1.0	28.5	4.0	4.0	2.0	228.0	
65.0	6.0	13.5	131.5	2.0	2.5	28.5	4.0	11.0	2.0	228.0	
66.0	8.0	16.0	131.5	0.0	0.0	28.5	4.0	12.0	5.0	228.0	
67.0	8.0	16.0	131.5	0.0	0.0	28.5	4.0	3.0	3.0	228.0	
68.0	8.0	16.0	131.5	0.0	0.0	28.5	4.0	5.0	3.0	228.0	
69.0	8.0	16.0	131.625	0.0	0.0	28.375	4.0	12.0	2.0	227.0	
70.0	8.0	16.0	131.625	0.0	0.0	28.375	4.0	11.0	5.0	227.0	
71.0	8.0	16.0	131.625	0.0	0.0	28.375	4.0	11.0	3.0	227.0	
72.0	8.0	16.0	131.625	0.0	0.0	28.375	4.0	11.0	2.0	227.0	
73.0	6.0	13.5	131.625	2.0	2.5	28.375	4.0	13.0	3.0	227.0	
74.0	8.0	16.0	131.625	0.0	0.0	28.375	4.0	1.0	3.0	227.0	
75.0	8.0	16.0	131.625	0.0	0.0	28.375	4.0	8.0	5.0	227.0	
76.0	7.0	15.0	131.625	1.0	1.0	28.375	4.0	6.0	4.0	227.0	
77.0	8.0	16.0	131.625	0.0	0.0	28.375	4.0	8.0	2.0	227.0	
78.0	6.0	13.5	131.625	2.0	2.5	28.375	4.0	8.0	1.0	227.0	
79.0	6.0	13.5	131.625	2.0	2.5	28.375	4.0	7.0	3.0	227.0	
80.0	8.0	16.0	131.625	0.0	0.0	28.375	4.0	3.0	1.0	227.0	
81.0	12.0	24.0	207.125	0.0	0.0	42.875	5.0	3.0	4.0	343.0	
82.0	12.0	24.0	207.125	0.0	0.0	42.875	5.0	6.0	2.0	343.0	
83.0	12.0	24.0	207.125	0.0	0.0	42.875	5.0	5.0	1.0	343.0	
84.0	10.0	21.5	207.125	2.0	2.5	42.875	5.0	12.0	2.0	343.0	
85.0	12.0	24.0	207.125	0.0	0.0	42.875	5.0	3.0	5.0	343.0	
86.0	10.0	21.5	207.125	2.0	2.5	42.875	5.0	15.0	4.0	343.0	
87.0	12.0	24.0	207.125	0.0	0.0	42.875	5.0	5.0	5.0	343.0	
88.0	12.0	24.0	207.125	0.0	0.0	42.875	5.0	4.0	3.0	343.0	
89.0	12.0	24.0	207.125	0.0	0.0	42.875	5.0	14.0	2.0	343.0	
90.0	12.0	24.0	207.25	0.0	0.0	42.75	5.0	4.0	1.0	342.0	
91.0	12.0	24.0	207.25	0.0	0.0	42.75	5.0	9.0	5.0	342.0	
92.0	12.0	24.0	207.25	0.0	0.0	42.75	5.0	10.0	4.0	342.0	
93.0	11.0	23.0	207.25	1.0	1.0	42.75	5.0	4.0	5.0	342.0	
94.0	12.0	24.0	207.25	0.0	0.0	42.75	5.0	13.0	1.0	342.0	
95.0	12.0	24.0	207.25	0.0	0.0	42.75	5.0	8.0	5.0	342.0	
96.0	10.0	21.5	207.25	2.0	2.5	42.75	5.0	15.0	3.0	342.0	
97.0	10.0	21.5	207.25	2.0	2.5	42.75	5.0	9.0	3.0	342.0	
98.0	12.0	24.0	207.25	0.0	0.0	42.75	5.0	15.0	2.0	342.0	
99.0	11.0	23.0	207.25	1.0	1.0	42.75	5.0	12.0	3.0	342.0	
100.0	12.0	24.0	207.25	0.0	0.0	42.75	5.0	14.0	1.0	342.0	
=====================================================================================================================================================
after 88 commit, VM matrix is (VM #, resource allocated to each VM (vCPU, memory, storage), resource used in each VM (vCPU, memory, storage), which flavour, VM in which PM, and VM in which rack, # blocks stored (each block is 0.125))
=====================================================================================================================================================
1.0	1.0	2.0	16.5	0.0	0.0	3.5	1.0	11.0	3.0	28.0	
2.0	1.0	2.0	16.5	0.0	0.0	3.5	1.0	14.0	1.0	28.0	
3.0	1.0	2.0	16.5	0.0	0.0	3.5	1.0	6.0	4.0	28.0	
4.0	1.0	2.0	16.5	0.0	0.0	3.5	1.0	9.0	4.0	28.0	
5.0	1.0	2.0	16.5	0.0	0.0	3.5	1.0	15.0	2.0	28.0	
6.0	1.0	2.0	16.5	0.0	0.0	3.5	1.0	7.0	1.0	28.0	
7.0	1.0	2.0	16.5	0.0	0.0	3.5	1.0	11.0	1.0	28.0	
8.0	1.0	2.0	16.5	0.0	0.0	3.5	1.0	15.0	3.0	28.0	
9.0	1.0	2.0	16.5	0.0	0.0	3.5	1.0	15.0	5.0	28.0	
10.0	1.0	2.0	16.625	0.0	0.0	3.375	1.0	15.0	1.0	27.0	
11.0	1.0	2.0	16.625	0.0	0.0	3.375	1.0	4.0	4.0	27.0	
12.0	1.0	2.0	16.625	0.0	0.0	3.375	1.0	5.0	3.0	27.0	
13.0	1.0	2.0	16.625	0.0	0.0	3.375	1.0	3.0	1.0	27.0	
14.0	1.0	2.0	16.625	0.0	0.0	3.375	1.0	13.0	5.0	27.0	
15.0	1.0	2.0	16.625	0.0	0.0	3.375	1.0	11.0	1.0	27.0	
16.0	1.0	2.0	16.625	0.0	0.0	3.375	1.0	14.0	2.0	27.0	
17.0	1.0	2.0	16.625	0.0	0.0	3.375	1.0	11.0	4.0	27.0	
18.0	1.0	2.0	16.625	0.0	0.0	3.375	1.0	2.0	5.0	27.0	
19.0	1.0	2.0	16.625	0.0	0.0	3.375	1.0	13.0	4.0	27.0	
20.0	1.0	2.0	16.625	0.0	0.0	3.375	1.0	4.0	5.0	27.0	
21.0	2.0	4.0	32.875	0.0	0.0	7.125	2.0	9.0	1.0	57.0	
22.0	2.0	4.0	32.875	0.0	0.0	7.125	2.0	6.0	2.0	57.0	
23.0	2.0	4.0	32.875	0.0	0.0	7.125	2.0	7.0	3.0	57.0	
24.0	2.0	4.0	32.875	0.0	0.0	7.125	2.0	14.0	4.0	57.0	
25.0	2.0	4.0	32.875	0.0	0.0	7.125	2.0	12.0	2.0	57.0	
26.0	2.0	4.0	32.875	0.0	0.0	7.125	2.0	1.0	2.0	57.0	
27.0	2.0	4.0	32.875	0.0	0.0	7.125	2.0	13.0	4.0	57.0	
28.0	2.0	4.0	32.875	0.0	0.0	7.125	2.0	8.0	1.0	57.0	
29.0	2.0	4.0	32.875	0.0	0.0	7.125	2.0	2.0	5.0	57.0	
30.0	2.0	4.0	32.875	0.0	0.0	7.125	2.0	14.0	1.0	57.0	
31.0	2.0	4.0	32.875	0.0	0.0	7.125	2.0	8.0	1.0	57.0	
32.0	2.0	4.0	32.875	0.0	0.0	7.125	2.0	14.0	3.0	57.0	
33.0	2.0	4.0	32.875	0.0	0.0	7.125	2.0	14.0	1.0	57.0	
34.0	2.0	4.0	32.875	0.0	0.0	7.125	2.0	14.0	1.0	57.0	
35.0	2.0	4.0	32.875	0.0	0.0	7.125	2.0	10.0	5.0	57.0	
36.0	2.0	4.0	32.875	0.0	0.0	7.125	2.0	15.0	4.0	57.0	
37.0	2.0	4.0	32.875	0.0	0.0	7.125	2.0	5.0	2.0	57.0	
38.0	2.0	4.0	32.875	0.0	0.0	7.125	2.0	5.0	5.0	57.0	
39.0	2.0	4.0	32.875	0.0	0.0	7.125	2.0	14.0	2.0	57.0	
40.0	2.0	4.0	32.875	0.0	0.0	7.125	2.0	11.0	3.0	57.0	
41.0	4.0	8.0	65.75	0.0	0.0	14.25	3.0	15.0	4.0	114.0	
42.0	4.0	8.0	65.75	0.0	0.0	14.25	3.0	4.0	1.0	114.0	
43.0	4.0	8.0	65.75	0.0	0.0	14.25	3.0	13.0	1.0	114.0	
44.0	4.0	8.0	65.75	0.0	0.0	14.25	3.0	3.0	5.0	114.0	
45.0	2.0	5.5	65.75	2.0	2.5	14.25	3.0	5.0	4.0	114.0	
46.0	4.0	8.0	65.75	0.0	0.0	14.25	3.0	14.0	3.0	114.0	
47.0	4.0	8.0	65.75	0.0	0.0	14.25	3.0	15.0	5.0	114.0	
48.0	4.0	8.0	65.75	0.0	0.0	14.25	3.0	13.0	4.0	114.0	
49.0	4.0	8.0	65.75	0.0	0.0	14.25	3.0	12.0	1.0	114.0	
50.0	4.0	8.0	65.75	0.0	0.0	14.25	3.0	9.0	1.0	114.0	
51.0	4.0	8.0	65.75	0.0	0.0	14.25	3.0	2.0	3.0	114.0	
52.0	4.0	8.0	65.75	0.0	0.0	14.25	3.0	4.0	3.0	114.0	
53.0	2.0	5.5	65.75	2.0	2.5	14.25	3.0	12.0	3.0	114.0	
54.0	4.0	8.0	65.75	0.0	0.0	14.25	3.0	10.0	5.0	114.0	
55.0	4.0	8.0	65.875	0.0	0.0	14.125	3.0	6.0	4.0	113.0	
56.0	4.0	8.0	65.875	0.0	0.0	14.125	3.0	13.0	5.0	113.0	
57.0	4.0	8.0	65.875	0.0	0.0	14.125	3.0	14.0	3.0	113.0	
58.0	4.0	8.0	65.875	0.0	0.0	14.125	3.0	11.0	4.0	113.0	
59.0	4.0	8.0	65.875	0.0	0.0	14.125	3.0	9.0	4.0	113.0	
60.0	4.0	8.0	65.875	0.0	0.0	14.125	3.0	3.0	3.0	113.0	
61.0	8.0	16.0	131.5	0.0	0.0	28.5	4.0	12.0	4.0	228.0	
62.0	8.0	16.0	131.5	0.0	0.0	28.5	4.0	7.0	4.0	228.0	
63.0	8.0	16.0	131.5	0.0	0.0	28.5	4.0	15.0	1.0	228.0	
64.0	7.0	15.0	131.5	1.0	1.0	28.5	4.0	4.0	2.0	228.0	
65.0	6.0	13.5	131.5	2.0	2.5	28.5	4.0	11.0	2.0	228.0	
66.0	8.0	16.0	131.5	0.0	0.0	28.5	4.0	12.0	5.0	228.0	
67.0	8.0	16.0	131.5	0.0	0.0	28.5	4.0	3.0	3.0	228.0	
68.0	8.0	16.0	131.5	0.0	0.0	28.5	4.0	5.0	3.0	228.0	
69.0	8.0	16.0	131.625	0.0	0.0	28.375	4.0	12.0	2.0	227.0	
70.0	8.0	16.0	131.625	0.0	0.0	28.375	4.0	11.0	5.0	227.0	
71.0	8.0	16.0	131.625	0.0	0.0	28.375	4.0	11.0	3.0	227.0	
72.0	8.0	16.0	131.625	0.0	0.0	28.375	4.0	11.0	2.0	227.0	
73.0	6.0	13.5	131.625	2.0	2.5	28.375	4.0	13.0	3.0	227.0	
74.0	8.0	16.0	131.625	0.0	0.0	28.375	4.0	1.0	3.0	227.0	
75.0	8.0	16.0	131.625	0.0	0.0	28.375	4.0	8.0	5.0	227.0	
76.0	7.0	15.0	131.625	1.0	1.0	28.375	4.0	6.0	4.0	227.0	
77.0	8.0	16.0	131.625	0.0	0.0	28.375	4.0	8.0	2.0	227.0	
78.0	6.0	13.5	131.625	2.0	2.5	28.375	4.0	8.0	1.0	227.0	
79.0	6.0	13.5	131.625	2.0	2.5	28.375	4.0	7.0	3.0	227.0	
80.0	8.0	16.0	131.625	0.0	0.0	28.375	4.0	3.0	1.0	227.0	
81.0	12.0	24.0	207.125	0.0	0.0	42.875	5.0	3.0	4.0	343.0	
82.0	12.0	24.0	207.125	0.0	0.0	42.875	5.0	6.0	2.0	343.0	
83.0	12.0	24.0	207.125	0.0	0.0	42.875	5.0	5.0	1.0	343.0	
84.0	10.0	21.5	207.125	2.0	2.5	42.875	5.0	12.0	2.0	343.0	
85.0	12.0	24.0	207.125	0.0	0.0	42.875	5.0	3.0	5.0	343.0	
86.0	10.0	21.5	207.125	2.0	2.5	42.875	5.0	15.0	4.0	343.0	
87.0	12.0	24.0	207.125	0.0	0.0	42.875	5.0	5.0	5.0	343.0	
88.0	12.0	24.0	207.125	0.0	0.0	42.875	5.0	4.0	3.0	343.0	
89.0	12.0	24.0	207.125	0.0	0.0	42.875	5.0	14.0	2.0	343.0	
90.0	12.0	24.0	207.25	0.0	0.0	42.75	5.0	4.0	1.0	342.0	
91.0	12.0	24.0	207.25	0.0	0.0	42.75	5.0	9.0	5.0	342.0	
92.0	12.0	24.0	207.25	0.0	0.0	42.75	5.0	10.0	4.0	342.0	
93.0	11.0	23.0	207.25	1.0	1.0	42.75	5.0	4.0	5.0	342.0	
94.0	12.0	24.0	207.25	0.0	0.0	42.75	5.0	13.0	1.0	342.0	
95.0	12.0	24.0	207.25	0.0	0.0	42.75	5.0	8.0	5.0	342.0	
96.0	10.0	21.5	207.25	2.0	2.5	42.75	5.0	15.0	3.0	342.0	
97.0	10.0	21.5	207.25	2.0	2.5	42.75	5.0	9.0	3.0	342.0	
98.0	12.0	24.0	207.25	0.0	0.0	42.75	5.0	15.0	2.0	342.0	
99.0	11.0	23.0	207.25	1.0	1.0	42.75	5.0	12.0	3.0	342.0	
100.0	12.0	24.0	207.25	0.0	0.0	42.75	5.0	14.0	1.0	342.0	
=====================================================================================================================================================
after 89 commit, VM matrix is (VM #, resource allocated to each VM (vCPU, memory, storage), resource used in each VM (vCPU, memory, storage), which flavour, VM in which PM, and VM in which rack, # blocks stored (each block is 0.125))
=====================================================================================================================================================
1.0	1.0	2.0	16.5	0.0	0.0	3.5	1.0	11.0	3.0	28.0	
2.0	1.0	2.0	16.5	0.0	0.0	3.5	1.0	14.0	1.0	28.0	
3.0	1.0	2.0	16.5	0.0	0.0	3.5	1.0	6.0	4.0	28.0	
4.0	1.0	2.0	16.5	0.0	0.0	3.5	1.0	9.0	4.0	28.0	
5.0	1.0	2.0	16.5	0.0	0.0	3.5	1.0	15.0	2.0	28.0	
6.0	1.0	2.0	16.5	0.0	0.0	3.5	1.0	7.0	1.0	28.0	
7.0	1.0	2.0	16.5	0.0	0.0	3.5	1.0	11.0	1.0	28.0	
8.0	1.0	2.0	16.5	0.0	0.0	3.5	1.0	15.0	3.0	28.0	
9.0	1.0	2.0	16.5	0.0	0.0	3.5	1.0	15.0	5.0	28.0	
10.0	1.0	2.0	16.625	0.0	0.0	3.375	1.0	15.0	1.0	27.0	
11.0	1.0	2.0	16.625	0.0	0.0	3.375	1.0	4.0	4.0	27.0	
12.0	1.0	2.0	16.625	0.0	0.0	3.375	1.0	5.0	3.0	27.0	
13.0	1.0	2.0	16.625	0.0	0.0	3.375	1.0	3.0	1.0	27.0	
14.0	1.0	2.0	16.625	0.0	0.0	3.375	1.0	13.0	5.0	27.0	
15.0	1.0	2.0	16.625	0.0	0.0	3.375	1.0	11.0	1.0	27.0	
16.0	1.0	2.0	16.625	0.0	0.0	3.375	1.0	14.0	2.0	27.0	
17.0	1.0	2.0	16.625	0.0	0.0	3.375	1.0	11.0	4.0	27.0	
18.0	1.0	2.0	16.625	0.0	0.0	3.375	1.0	2.0	5.0	27.0	
19.0	1.0	2.0	16.625	0.0	0.0	3.375	1.0	13.0	4.0	27.0	
20.0	1.0	2.0	16.625	0.0	0.0	3.375	1.0	4.0	5.0	27.0	
21.0	2.0	4.0	32.875	0.0	0.0	7.125	2.0	9.0	1.0	57.0	
22.0	2.0	4.0	32.875	0.0	0.0	7.125	2.0	6.0	2.0	57.0	
23.0	2.0	4.0	32.875	0.0	0.0	7.125	2.0	7.0	3.0	57.0	
24.0	2.0	4.0	32.875	0.0	0.0	7.125	2.0	14.0	4.0	57.0	
25.0	2.0	4.0	32.875	0.0	0.0	7.125	2.0	12.0	2.0	57.0	
26.0	2.0	4.0	32.875	0.0	0.0	7.125	2.0	1.0	2.0	57.0	
27.0	2.0	4.0	32.875	0.0	0.0	7.125	2.0	13.0	4.0	57.0	
28.0	2.0	4.0	32.875	0.0	0.0	7.125	2.0	8.0	1.0	57.0	
29.0	2.0	4.0	32.875	0.0	0.0	7.125	2.0	2.0	5.0	57.0	
30.0	2.0	4.0	32.875	0.0	0.0	7.125	2.0	14.0	1.0	57.0	
31.0	2.0	4.0	32.875	0.0	0.0	7.125	2.0	8.0	1.0	57.0	
32.0	2.0	4.0	32.875	0.0	0.0	7.125	2.0	14.0	3.0	57.0	
33.0	2.0	4.0	32.875	0.0	0.0	7.125	2.0	14.0	1.0	57.0	
34.0	2.0	4.0	32.875	0.0	0.0	7.125	2.0	14.0	1.0	57.0	
35.0	2.0	4.0	32.875	0.0	0.0	7.125	2.0	10.0	5.0	57.0	
36.0	2.0	4.0	32.875	0.0	0.0	7.125	2.0	15.0	4.0	57.0	
37.0	2.0	4.0	32.875	0.0	0.0	7.125	2.0	5.0	2.0	57.0	
38.0	2.0	4.0	32.875	0.0	0.0	7.125	2.0	5.0	5.0	57.0	
39.0	2.0	4.0	32.875	0.0	0.0	7.125	2.0	14.0	2.0	57.0	
40.0	2.0	4.0	32.875	0.0	0.0	7.125	2.0	11.0	3.0	57.0	
41.0	4.0	8.0	65.75	0.0	0.0	14.25	3.0	15.0	4.0	114.0	
42.0	4.0	8.0	65.75	0.0	0.0	14.25	3.0	4.0	1.0	114.0	
43.0	4.0	8.0	65.75	0.0	0.0	14.25	3.0	13.0	1.0	114.0	
44.0	4.0	8.0	65.75	0.0	0.0	14.25	3.0	3.0	5.0	114.0	
45.0	2.0	5.5	65.75	2.0	2.5	14.25	3.0	5.0	4.0	114.0	
46.0	4.0	8.0	65.75	0.0	0.0	14.25	3.0	14.0	3.0	114.0	
47.0	4.0	8.0	65.75	0.0	0.0	14.25	3.0	15.0	5.0	114.0	
48.0	4.0	8.0	65.75	0.0	0.0	14.25	3.0	13.0	4.0	114.0	
49.0	4.0	8.0	65.75	0.0	0.0	14.25	3.0	12.0	1.0	114.0	
50.0	4.0	8.0	65.75	0.0	0.0	14.25	3.0	9.0	1.0	114.0	
51.0	4.0	8.0	65.75	0.0	0.0	14.25	3.0	2.0	3.0	114.0	
52.0	4.0	8.0	65.75	0.0	0.0	14.25	3.0	4.0	3.0	114.0	
53.0	2.0	5.5	65.75	2.0	2.5	14.25	3.0	12.0	3.0	114.0	
54.0	4.0	8.0	65.75	0.0	0.0	14.25	3.0	10.0	5.0	114.0	
55.0	4.0	8.0	65.875	0.0	0.0	14.125	3.0	6.0	4.0	113.0	
56.0	4.0	8.0	65.875	0.0	0.0	14.125	3.0	13.0	5.0	113.0	
57.0	4.0	8.0	65.875	0.0	0.0	14.125	3.0	14.0	3.0	113.0	
58.0	4.0	8.0	65.875	0.0	0.0	14.125	3.0	11.0	4.0	113.0	
59.0	4.0	8.0	65.875	0.0	0.0	14.125	3.0	9.0	4.0	113.0	
60.0	4.0	8.0	65.875	0.0	0.0	14.125	3.0	3.0	3.0	113.0	
61.0	8.0	16.0	131.5	0.0	0.0	28.5	4.0	12.0	4.0	228.0	
62.0	8.0	16.0	131.5	0.0	0.0	28.5	4.0	7.0	4.0	228.0	
63.0	8.0	16.0	131.5	0.0	0.0	28.5	4.0	15.0	1.0	228.0	
64.0	7.0	15.0	131.5	1.0	1.0	28.5	4.0	4.0	2.0	228.0	
65.0	6.0	13.5	131.5	2.0	2.5	28.5	4.0	11.0	2.0	228.0	
66.0	8.0	16.0	131.5	0.0	0.0	28.5	4.0	12.0	5.0	228.0	
67.0	8.0	16.0	131.5	0.0	0.0	28.5	4.0	3.0	3.0	228.0	
68.0	8.0	16.0	131.5	0.0	0.0	28.5	4.0	5.0	3.0	228.0	
69.0	8.0	16.0	131.625	0.0	0.0	28.375	4.0	12.0	2.0	227.0	
70.0	8.0	16.0	131.625	0.0	0.0	28.375	4.0	11.0	5.0	227.0	
71.0	8.0	16.0	131.625	0.0	0.0	28.375	4.0	11.0	3.0	227.0	
72.0	8.0	16.0	131.625	0.0	0.0	28.375	4.0	11.0	2.0	227.0	
73.0	6.0	13.5	131.625	2.0	2.5	28.375	4.0	13.0	3.0	227.0	
74.0	8.0	16.0	131.625	0.0	0.0	28.375	4.0	1.0	3.0	227.0	
75.0	8.0	16.0	131.625	0.0	0.0	28.375	4.0	8.0	5.0	227.0	
76.0	7.0	15.0	131.625	1.0	1.0	28.375	4.0	6.0	4.0	227.0	
77.0	8.0	16.0	131.625	0.0	0.0	28.375	4.0	8.0	2.0	227.0	
78.0	6.0	13.5	131.625	2.0	2.5	28.375	4.0	8.0	1.0	227.0	
79.0	6.0	13.5	131.625	2.0	2.5	28.375	4.0	7.0	3.0	227.0	
80.0	8.0	16.0	131.625	0.0	0.0	28.375	4.0	3.0	1.0	227.0	
81.0	12.0	24.0	207.125	0.0	0.0	42.875	5.0	3.0	4.0	343.0	
82.0	12.0	24.0	207.125	0.0	0.0	42.875	5.0	6.0	2.0	343.0	
83.0	12.0	24.0	207.125	0.0	0.0	42.875	5.0	5.0	1.0	343.0	
84.0	10.0	21.5	207.125	2.0	2.5	42.875	5.0	12.0	2.0	343.0	
85.0	12.0	24.0	207.125	0.0	0.0	42.875	5.0	3.0	5.0	343.0	
86.0	10.0	21.5	207.125	2.0	2.5	42.875	5.0	15.0	4.0	343.0	
87.0	12.0	24.0	207.125	0.0	0.0	42.875	5.0	5.0	5.0	343.0	
88.0	12.0	24.0	207.125	0.0	0.0	42.875	5.0	4.0	3.0	343.0	
89.0	12.0	24.0	207.125	0.0	0.0	42.875	5.0	14.0	2.0	343.0	
90.0	12.0	24.0	207.25	0.0	0.0	42.75	5.0	4.0	1.0	342.0	
91.0	12.0	24.0	207.25	0.0	0.0	42.75	5.0	9.0	5.0	342.0	
92.0	12.0	24.0	207.25	0.0	0.0	42.75	5.0	10.0	4.0	342.0	
93.0	11.0	23.0	207.25	1.0	1.0	42.75	5.0	4.0	5.0	342.0	
94.0	12.0	24.0	207.25	0.0	0.0	42.75	5.0	13.0	1.0	342.0	
95.0	12.0	24.0	207.25	0.0	0.0	42.75	5.0	8.0	5.0	342.0	
96.0	10.0	21.5	207.25	2.0	2.5	42.75	5.0	15.0	3.0	342.0	
97.0	10.0	21.5	207.25	2.0	2.5	42.75	5.0	9.0	3.0	342.0	
98.0	12.0	24.0	207.25	0.0	0.0	42.75	5.0	15.0	2.0	342.0	
99.0	11.0	23.0	207.25	1.0	1.0	42.75	5.0	12.0	3.0	342.0	
100.0	12.0	24.0	207.25	0.0	0.0	42.75	5.0	14.0	1.0	342.0	
=====================================================================================================================================================
after 90 commit, VM matrix is (VM #, resource allocated to each VM (vCPU, memory, storage), resource used in each VM (vCPU, memory, storage), which flavour, VM in which PM, and VM in which rack, # blocks stored (each block is 0.125))
=====================================================================================================================================================
1.0	1.0	2.0	16.5	0.0	0.0	3.5	1.0	11.0	3.0	28.0	
2.0	1.0	2.0	16.5	0.0	0.0	3.5	1.0	14.0	1.0	28.0	
3.0	1.0	2.0	16.5	0.0	0.0	3.5	1.0	6.0	4.0	28.0	
4.0	1.0	2.0	16.5	0.0	0.0	3.5	1.0	9.0	4.0	28.0	
5.0	1.0	2.0	16.5	0.0	0.0	3.5	1.0	15.0	2.0	28.0	
6.0	1.0	2.0	16.5	0.0	0.0	3.5	1.0	7.0	1.0	28.0	
7.0	1.0	2.0	16.5	0.0	0.0	3.5	1.0	11.0	1.0	28.0	
8.0	1.0	2.0	16.5	0.0	0.0	3.5	1.0	15.0	3.0	28.0	
9.0	1.0	2.0	16.5	0.0	0.0	3.5	1.0	15.0	5.0	28.0	
10.0	1.0	2.0	16.625	0.0	0.0	3.375	1.0	15.0	1.0	27.0	
11.0	1.0	2.0	16.625	0.0	0.0	3.375	1.0	4.0	4.0	27.0	
12.0	1.0	2.0	16.625	0.0	0.0	3.375	1.0	5.0	3.0	27.0	
13.0	1.0	2.0	16.625	0.0	0.0	3.375	1.0	3.0	1.0	27.0	
14.0	1.0	2.0	16.625	0.0	0.0	3.375	1.0	13.0	5.0	27.0	
15.0	1.0	2.0	16.625	0.0	0.0	3.375	1.0	11.0	1.0	27.0	
16.0	1.0	2.0	16.625	0.0	0.0	3.375	1.0	14.0	2.0	27.0	
17.0	1.0	2.0	16.625	0.0	0.0	3.375	1.0	11.0	4.0	27.0	
18.0	1.0	2.0	16.625	0.0	0.0	3.375	1.0	2.0	5.0	27.0	
19.0	1.0	2.0	16.625	0.0	0.0	3.375	1.0	13.0	4.0	27.0	
20.0	1.0	2.0	16.625	0.0	0.0	3.375	1.0	4.0	5.0	27.0	
21.0	2.0	4.0	32.875	0.0	0.0	7.125	2.0	9.0	1.0	57.0	
22.0	2.0	4.0	32.875	0.0	0.0	7.125	2.0	6.0	2.0	57.0	
23.0	2.0	4.0	32.875	0.0	0.0	7.125	2.0	7.0	3.0	57.0	
24.0	2.0	4.0	32.875	0.0	0.0	7.125	2.0	14.0	4.0	57.0	
25.0	2.0	4.0	32.875	0.0	0.0	7.125	2.0	12.0	2.0	57.0	
26.0	2.0	4.0	32.875	0.0	0.0	7.125	2.0	1.0	2.0	57.0	
27.0	2.0	4.0	32.875	0.0	0.0	7.125	2.0	13.0	4.0	57.0	
28.0	2.0	4.0	32.875	0.0	0.0	7.125	2.0	8.0	1.0	57.0	
29.0	2.0	4.0	32.875	0.0	0.0	7.125	2.0	2.0	5.0	57.0	
30.0	2.0	4.0	32.875	0.0	0.0	7.125	2.0	14.0	1.0	57.0	
31.0	2.0	4.0	32.875	0.0	0.0	7.125	2.0	8.0	1.0	57.0	
32.0	2.0	4.0	32.875	0.0	0.0	7.125	2.0	14.0	3.0	57.0	
33.0	2.0	4.0	32.875	0.0	0.0	7.125	2.0	14.0	1.0	57.0	
34.0	2.0	4.0	32.875	0.0	0.0	7.125	2.0	14.0	1.0	57.0	
35.0	2.0	4.0	32.875	0.0	0.0	7.125	2.0	10.0	5.0	57.0	
36.0	2.0	4.0	32.875	0.0	0.0	7.125	2.0	15.0	4.0	57.0	
37.0	2.0	4.0	32.875	0.0	0.0	7.125	2.0	5.0	2.0	57.0	
38.0	2.0	4.0	32.875	0.0	0.0	7.125	2.0	5.0	5.0	57.0	
39.0	2.0	4.0	32.875	0.0	0.0	7.125	2.0	14.0	2.0	57.0	
40.0	2.0	4.0	32.875	0.0	0.0	7.125	2.0	11.0	3.0	57.0	
41.0	4.0	8.0	65.75	0.0	0.0	14.25	3.0	15.0	4.0	114.0	
42.0	4.0	8.0	65.75	0.0	0.0	14.25	3.0	4.0	1.0	114.0	
43.0	4.0	8.0	65.75	0.0	0.0	14.25	3.0	13.0	1.0	114.0	
44.0	4.0	8.0	65.75	0.0	0.0	14.25	3.0	3.0	5.0	114.0	
45.0	2.0	5.5	65.75	2.0	2.5	14.25	3.0	5.0	4.0	114.0	
46.0	4.0	8.0	65.75	0.0	0.0	14.25	3.0	14.0	3.0	114.0	
47.0	4.0	8.0	65.75	0.0	0.0	14.25	3.0	15.0	5.0	114.0	
48.0	4.0	8.0	65.75	0.0	0.0	14.25	3.0	13.0	4.0	114.0	
49.0	4.0	8.0	65.75	0.0	0.0	14.25	3.0	12.0	1.0	114.0	
50.0	4.0	8.0	65.75	0.0	0.0	14.25	3.0	9.0	1.0	114.0	
51.0	4.0	8.0	65.75	0.0	0.0	14.25	3.0	2.0	3.0	114.0	
52.0	4.0	8.0	65.75	0.0	0.0	14.25	3.0	4.0	3.0	114.0	
53.0	2.0	5.5	65.75	2.0	2.5	14.25	3.0	12.0	3.0	114.0	
54.0	4.0	8.0	65.75	0.0	0.0	14.25	3.0	10.0	5.0	114.0	
55.0	4.0	8.0	65.875	0.0	0.0	14.125	3.0	6.0	4.0	113.0	
56.0	4.0	8.0	65.875	0.0	0.0	14.125	3.0	13.0	5.0	113.0	
57.0	4.0	8.0	65.875	0.0	0.0	14.125	3.0	14.0	3.0	113.0	
58.0	4.0	8.0	65.875	0.0	0.0	14.125	3.0	11.0	4.0	113.0	
59.0	4.0	8.0	65.875	0.0	0.0	14.125	3.0	9.0	4.0	113.0	
60.0	4.0	8.0	65.875	0.0	0.0	14.125	3.0	3.0	3.0	113.0	
61.0	8.0	16.0	131.5	0.0	0.0	28.5	4.0	12.0	4.0	228.0	
62.0	8.0	16.0	131.5	0.0	0.0	28.5	4.0	7.0	4.0	228.0	
63.0	8.0	16.0	131.5	0.0	0.0	28.5	4.0	15.0	1.0	228.0	
64.0	7.0	15.0	131.5	1.0	1.0	28.5	4.0	4.0	2.0	228.0	
65.0	6.0	13.5	131.5	2.0	2.5	28.5	4.0	11.0	2.0	228.0	
66.0	8.0	16.0	131.5	0.0	0.0	28.5	4.0	12.0	5.0	228.0	
67.0	8.0	16.0	131.5	0.0	0.0	28.5	4.0	3.0	3.0	228.0	
68.0	8.0	16.0	131.5	0.0	0.0	28.5	4.0	5.0	3.0	228.0	
69.0	8.0	16.0	131.625	0.0	0.0	28.375	4.0	12.0	2.0	227.0	
70.0	8.0	16.0	131.625	0.0	0.0	28.375	4.0	11.0	5.0	227.0	
71.0	8.0	16.0	131.625	0.0	0.0	28.375	4.0	11.0	3.0	227.0	
72.0	8.0	16.0	131.625	0.0	0.0	28.375	4.0	11.0	2.0	227.0	
73.0	6.0	13.5	131.625	2.0	2.5	28.375	4.0	13.0	3.0	227.0	
74.0	8.0	16.0	131.625	0.0	0.0	28.375	4.0	1.0	3.0	227.0	
75.0	8.0	16.0	131.625	0.0	0.0	28.375	4.0	8.0	5.0	227.0	
76.0	7.0	15.0	131.625	1.0	1.0	28.375	4.0	6.0	4.0	227.0	
77.0	8.0	16.0	131.625	0.0	0.0	28.375	4.0	8.0	2.0	227.0	
78.0	6.0	13.5	131.625	2.0	2.5	28.375	4.0	8.0	1.0	227.0	
79.0	6.0	13.5	131.625	2.0	2.5	28.375	4.0	7.0	3.0	227.0	
80.0	8.0	16.0	131.625	0.0	0.0	28.375	4.0	3.0	1.0	227.0	
81.0	12.0	24.0	207.125	0.0	0.0	42.875	5.0	3.0	4.0	343.0	
82.0	12.0	24.0	207.125	0.0	0.0	42.875	5.0	6.0	2.0	343.0	
83.0	12.0	24.0	207.125	0.0	0.0	42.875	5.0	5.0	1.0	343.0	
84.0	10.0	21.5	207.125	2.0	2.5	42.875	5.0	12.0	2.0	343.0	
85.0	12.0	24.0	207.125	0.0	0.0	42.875	5.0	3.0	5.0	343.0	
86.0	10.0	21.5	207.125	2.0	2.5	42.875	5.0	15.0	4.0	343.0	
87.0	12.0	24.0	207.125	0.0	0.0	42.875	5.0	5.0	5.0	343.0	
88.0	12.0	24.0	207.125	0.0	0.0	42.875	5.0	4.0	3.0	343.0	
89.0	12.0	24.0	207.125	0.0	0.0	42.875	5.0	14.0	2.0	343.0	
90.0	12.0	24.0	207.25	0.0	0.0	42.75	5.0	4.0	1.0	342.0	
91.0	12.0	24.0	207.25	0.0	0.0	42.75	5.0	9.0	5.0	342.0	
92.0	12.0	24.0	207.25	0.0	0.0	42.75	5.0	10.0	4.0	342.0	
93.0	11.0	23.0	207.25	1.0	1.0	42.75	5.0	4.0	5.0	342.0	
94.0	12.0	24.0	207.25	0.0	0.0	42.75	5.0	13.0	1.0	342.0	
95.0	12.0	24.0	207.25	0.0	0.0	42.75	5.0	8.0	5.0	342.0	
96.0	10.0	21.5	207.25	2.0	2.5	42.75	5.0	15.0	3.0	342.0	
97.0	10.0	21.5	207.25	2.0	2.5	42.75	5.0	9.0	3.0	342.0	
98.0	12.0	24.0	207.25	0.0	0.0	42.75	5.0	15.0	2.0	342.0	
99.0	11.0	23.0	207.25	1.0	1.0	42.75	5.0	12.0	3.0	342.0	
100.0	12.0	24.0	207.25	0.0	0.0	42.75	5.0	14.0	1.0	342.0	
=====================================================================================================================================================
after 91 commit, VM matrix is (VM #, resource allocated to each VM (vCPU, memory, storage), resource used in each VM (vCPU, memory, storage), which flavour, VM in which PM, and VM in which rack, # blocks stored (each block is 0.125))
=====================================================================================================================================================
1.0	1.0	2.0	16.5	0.0	0.0	3.5	1.0	11.0	3.0	28.0	
2.0	1.0	2.0	16.5	0.0	0.0	3.5	1.0	14.0	1.0	28.0	
3.0	1.0	2.0	16.5	0.0	0.0	3.5	1.0	6.0	4.0	28.0	
4.0	1.0	2.0	16.5	0.0	0.0	3.5	1.0	9.0	4.0	28.0	
5.0	1.0	2.0	16.5	0.0	0.0	3.5	1.0	15.0	2.0	28.0	
6.0	1.0	2.0	16.5	0.0	0.0	3.5	1.0	7.0	1.0	28.0	
7.0	1.0	2.0	16.5	0.0	0.0	3.5	1.0	11.0	1.0	28.0	
8.0	1.0	2.0	16.5	0.0	0.0	3.5	1.0	15.0	3.0	28.0	
9.0	1.0	2.0	16.5	0.0	0.0	3.5	1.0	15.0	5.0	28.0	
10.0	1.0	2.0	16.625	0.0	0.0	3.375	1.0	15.0	1.0	27.0	
11.0	1.0	2.0	16.625	0.0	0.0	3.375	1.0	4.0	4.0	27.0	
12.0	1.0	2.0	16.625	0.0	0.0	3.375	1.0	5.0	3.0	27.0	
13.0	1.0	2.0	16.625	0.0	0.0	3.375	1.0	3.0	1.0	27.0	
14.0	1.0	2.0	16.625	0.0	0.0	3.375	1.0	13.0	5.0	27.0	
15.0	1.0	2.0	16.625	0.0	0.0	3.375	1.0	11.0	1.0	27.0	
16.0	1.0	2.0	16.625	0.0	0.0	3.375	1.0	14.0	2.0	27.0	
17.0	1.0	2.0	16.625	0.0	0.0	3.375	1.0	11.0	4.0	27.0	
18.0	1.0	2.0	16.625	0.0	0.0	3.375	1.0	2.0	5.0	27.0	
19.0	1.0	2.0	16.625	0.0	0.0	3.375	1.0	13.0	4.0	27.0	
20.0	1.0	2.0	16.625	0.0	0.0	3.375	1.0	4.0	5.0	27.0	
21.0	2.0	4.0	32.875	0.0	0.0	7.125	2.0	9.0	1.0	57.0	
22.0	2.0	4.0	32.875	0.0	0.0	7.125	2.0	6.0	2.0	57.0	
23.0	2.0	4.0	32.875	0.0	0.0	7.125	2.0	7.0	3.0	57.0	
24.0	2.0	4.0	32.875	0.0	0.0	7.125	2.0	14.0	4.0	57.0	
25.0	2.0	4.0	32.875	0.0	0.0	7.125	2.0	12.0	2.0	57.0	
26.0	2.0	4.0	32.875	0.0	0.0	7.125	2.0	1.0	2.0	57.0	
27.0	2.0	4.0	32.875	0.0	0.0	7.125	2.0	13.0	4.0	57.0	
28.0	2.0	4.0	32.875	0.0	0.0	7.125	2.0	8.0	1.0	57.0	
29.0	2.0	4.0	32.875	0.0	0.0	7.125	2.0	2.0	5.0	57.0	
30.0	2.0	4.0	32.875	0.0	0.0	7.125	2.0	14.0	1.0	57.0	
31.0	2.0	4.0	32.875	0.0	0.0	7.125	2.0	8.0	1.0	57.0	
32.0	2.0	4.0	32.875	0.0	0.0	7.125	2.0	14.0	3.0	57.0	
33.0	2.0	4.0	32.875	0.0	0.0	7.125	2.0	14.0	1.0	57.0	
34.0	2.0	4.0	32.875	0.0	0.0	7.125	2.0	14.0	1.0	57.0	
35.0	2.0	4.0	32.875	0.0	0.0	7.125	2.0	10.0	5.0	57.0	
36.0	2.0	4.0	32.875	0.0	0.0	7.125	2.0	15.0	4.0	57.0	
37.0	2.0	4.0	32.875	0.0	0.0	7.125	2.0	5.0	2.0	57.0	
38.0	2.0	4.0	32.875	0.0	0.0	7.125	2.0	5.0	5.0	57.0	
39.0	2.0	4.0	32.875	0.0	0.0	7.125	2.0	14.0	2.0	57.0	
40.0	2.0	4.0	32.875	0.0	0.0	7.125	2.0	11.0	3.0	57.0	
41.0	4.0	8.0	65.75	0.0	0.0	14.25	3.0	15.0	4.0	114.0	
42.0	4.0	8.0	65.75	0.0	0.0	14.25	3.0	4.0	1.0	114.0	
43.0	4.0	8.0	65.75	0.0	0.0	14.25	3.0	13.0	1.0	114.0	
44.0	4.0	8.0	65.75	0.0	0.0	14.25	3.0	3.0	5.0	114.0	
45.0	2.0	5.5	65.75	2.0	2.5	14.25	3.0	5.0	4.0	114.0	
46.0	4.0	8.0	65.75	0.0	0.0	14.25	3.0	14.0	3.0	114.0	
47.0	4.0	8.0	65.75	0.0	0.0	14.25	3.0	15.0	5.0	114.0	
48.0	4.0	8.0	65.75	0.0	0.0	14.25	3.0	13.0	4.0	114.0	
49.0	4.0	8.0	65.75	0.0	0.0	14.25	3.0	12.0	1.0	114.0	
50.0	4.0	8.0	65.75	0.0	0.0	14.25	3.0	9.0	1.0	114.0	
51.0	4.0	8.0	65.75	0.0	0.0	14.25	3.0	2.0	3.0	114.0	
52.0	4.0	8.0	65.75	0.0	0.0	14.25	3.0	4.0	3.0	114.0	
53.0	2.0	5.5	65.75	2.0	2.5	14.25	3.0	12.0	3.0	114.0	
54.0	4.0	8.0	65.75	0.0	0.0	14.25	3.0	10.0	5.0	114.0	
55.0	4.0	8.0	65.875	0.0	0.0	14.125	3.0	6.0	4.0	113.0	
56.0	4.0	8.0	65.875	0.0	0.0	14.125	3.0	13.0	5.0	113.0	
57.0	4.0	8.0	65.875	0.0	0.0	14.125	3.0	14.0	3.0	113.0	
58.0	4.0	8.0	65.875	0.0	0.0	14.125	3.0	11.0	4.0	113.0	
59.0	4.0	8.0	65.875	0.0	0.0	14.125	3.0	9.0	4.0	113.0	
60.0	4.0	8.0	65.875	0.0	0.0	14.125	3.0	3.0	3.0	113.0	
61.0	8.0	16.0	131.5	0.0	0.0	28.5	4.0	12.0	4.0	228.0	
62.0	8.0	16.0	131.5	0.0	0.0	28.5	4.0	7.0	4.0	228.0	
63.0	8.0	16.0	131.5	0.0	0.0	28.5	4.0	15.0	1.0	228.0	
64.0	7.0	15.0	131.5	1.0	1.0	28.5	4.0	4.0	2.0	228.0	
65.0	6.0	13.5	131.5	2.0	2.5	28.5	4.0	11.0	2.0	228.0	
66.0	8.0	16.0	131.5	0.0	0.0	28.5	4.0	12.0	5.0	228.0	
67.0	8.0	16.0	131.5	0.0	0.0	28.5	4.0	3.0	3.0	228.0	
68.0	8.0	16.0	131.5	0.0	0.0	28.5	4.0	5.0	3.0	228.0	
69.0	8.0	16.0	131.625	0.0	0.0	28.375	4.0	12.0	2.0	227.0	
70.0	8.0	16.0	131.625	0.0	0.0	28.375	4.0	11.0	5.0	227.0	
71.0	8.0	16.0	131.625	0.0	0.0	28.375	4.0	11.0	3.0	227.0	
72.0	8.0	16.0	131.625	0.0	0.0	28.375	4.0	11.0	2.0	227.0	
73.0	6.0	13.5	131.625	2.0	2.5	28.375	4.0	13.0	3.0	227.0	
74.0	8.0	16.0	131.625	0.0	0.0	28.375	4.0	1.0	3.0	227.0	
75.0	8.0	16.0	131.625	0.0	0.0	28.375	4.0	8.0	5.0	227.0	
76.0	7.0	15.0	131.625	1.0	1.0	28.375	4.0	6.0	4.0	227.0	
77.0	8.0	16.0	131.625	0.0	0.0	28.375	4.0	8.0	2.0	227.0	
78.0	6.0	13.5	131.625	2.0	2.5	28.375	4.0	8.0	1.0	227.0	
79.0	6.0	13.5	131.625	2.0	2.5	28.375	4.0	7.0	3.0	227.0	
80.0	8.0	16.0	131.625	0.0	0.0	28.375	4.0	3.0	1.0	227.0	
81.0	12.0	24.0	207.125	0.0	0.0	42.875	5.0	3.0	4.0	343.0	
82.0	12.0	24.0	207.125	0.0	0.0	42.875	5.0	6.0	2.0	343.0	
83.0	12.0	24.0	207.125	0.0	0.0	42.875	5.0	5.0	1.0	343.0	
84.0	10.0	21.5	207.125	2.0	2.5	42.875	5.0	12.0	2.0	343.0	
85.0	12.0	24.0	207.125	0.0	0.0	42.875	5.0	3.0	5.0	343.0	
86.0	10.0	21.5	207.125	2.0	2.5	42.875	5.0	15.0	4.0	343.0	
87.0	12.0	24.0	207.125	0.0	0.0	42.875	5.0	5.0	5.0	343.0	
88.0	12.0	24.0	207.125	0.0	0.0	42.875	5.0	4.0	3.0	343.0	
89.0	12.0	24.0	207.125	0.0	0.0	42.875	5.0	14.0	2.0	343.0	
90.0	12.0	24.0	207.25	0.0	0.0	42.75	5.0	4.0	1.0	342.0	
91.0	12.0	24.0	207.25	0.0	0.0	42.75	5.0	9.0	5.0	342.0	
92.0	12.0	24.0	207.25	0.0	0.0	42.75	5.0	10.0	4.0	342.0	
93.0	11.0	23.0	207.25	1.0	1.0	42.75	5.0	4.0	5.0	342.0	
94.0	12.0	24.0	207.25	0.0	0.0	42.75	5.0	13.0	1.0	342.0	
95.0	12.0	24.0	207.25	0.0	0.0	42.75	5.0	8.0	5.0	342.0	
96.0	10.0	21.5	207.25	2.0	2.5	42.75	5.0	15.0	3.0	342.0	
97.0	10.0	21.5	207.25	2.0	2.5	42.75	5.0	9.0	3.0	342.0	
98.0	12.0	24.0	207.25	0.0	0.0	42.75	5.0	15.0	2.0	342.0	
99.0	11.0	23.0	207.25	1.0	1.0	42.75	5.0	12.0	3.0	342.0	
100.0	12.0	24.0	207.25	0.0	0.0	42.75	5.0	14.0	1.0	342.0	
=====================================================================================================================================================
after 92 commit, VM matrix is (VM #, resource allocated to each VM (vCPU, memory, storage), resource used in each VM (vCPU, memory, storage), which flavour, VM in which PM, and VM in which rack, # blocks stored (each block is 0.125))
=====================================================================================================================================================
1.0	1.0	2.0	16.5	0.0	0.0	3.5	1.0	11.0	3.0	28.0	
2.0	1.0	2.0	16.5	0.0	0.0	3.5	1.0	14.0	1.0	28.0	
3.0	1.0	2.0	16.5	0.0	0.0	3.5	1.0	6.0	4.0	28.0	
4.0	1.0	2.0	16.5	0.0	0.0	3.5	1.0	9.0	4.0	28.0	
5.0	1.0	2.0	16.5	0.0	0.0	3.5	1.0	15.0	2.0	28.0	
6.0	1.0	2.0	16.5	0.0	0.0	3.5	1.0	7.0	1.0	28.0	
7.0	1.0	2.0	16.5	0.0	0.0	3.5	1.0	11.0	1.0	28.0	
8.0	1.0	2.0	16.5	0.0	0.0	3.5	1.0	15.0	3.0	28.0	
9.0	1.0	2.0	16.5	0.0	0.0	3.5	1.0	15.0	5.0	28.0	
10.0	1.0	2.0	16.625	0.0	0.0	3.375	1.0	15.0	1.0	27.0	
11.0	1.0	2.0	16.625	0.0	0.0	3.375	1.0	4.0	4.0	27.0	
12.0	1.0	2.0	16.625	0.0	0.0	3.375	1.0	5.0	3.0	27.0	
13.0	1.0	2.0	16.625	0.0	0.0	3.375	1.0	3.0	1.0	27.0	
14.0	1.0	2.0	16.625	0.0	0.0	3.375	1.0	13.0	5.0	27.0	
15.0	1.0	2.0	16.625	0.0	0.0	3.375	1.0	11.0	1.0	27.0	
16.0	1.0	2.0	16.625	0.0	0.0	3.375	1.0	14.0	2.0	27.0	
17.0	1.0	2.0	16.625	0.0	0.0	3.375	1.0	11.0	4.0	27.0	
18.0	1.0	2.0	16.625	0.0	0.0	3.375	1.0	2.0	5.0	27.0	
19.0	1.0	2.0	16.625	0.0	0.0	3.375	1.0	13.0	4.0	27.0	
20.0	1.0	2.0	16.625	0.0	0.0	3.375	1.0	4.0	5.0	27.0	
21.0	2.0	4.0	32.875	0.0	0.0	7.125	2.0	9.0	1.0	57.0	
22.0	2.0	4.0	32.875	0.0	0.0	7.125	2.0	6.0	2.0	57.0	
23.0	2.0	4.0	32.875	0.0	0.0	7.125	2.0	7.0	3.0	57.0	
24.0	2.0	4.0	32.875	0.0	0.0	7.125	2.0	14.0	4.0	57.0	
25.0	2.0	4.0	32.875	0.0	0.0	7.125	2.0	12.0	2.0	57.0	
26.0	2.0	4.0	32.875	0.0	0.0	7.125	2.0	1.0	2.0	57.0	
27.0	2.0	4.0	32.875	0.0	0.0	7.125	2.0	13.0	4.0	57.0	
28.0	2.0	4.0	32.875	0.0	0.0	7.125	2.0	8.0	1.0	57.0	
29.0	2.0	4.0	32.875	0.0	0.0	7.125	2.0	2.0	5.0	57.0	
30.0	2.0	4.0	32.875	0.0	0.0	7.125	2.0	14.0	1.0	57.0	
31.0	2.0	4.0	32.875	0.0	0.0	7.125	2.0	8.0	1.0	57.0	
32.0	2.0	4.0	32.875	0.0	0.0	7.125	2.0	14.0	3.0	57.0	
33.0	2.0	4.0	32.875	0.0	0.0	7.125	2.0	14.0	1.0	57.0	
34.0	2.0	4.0	32.875	0.0	0.0	7.125	2.0	14.0	1.0	57.0	
35.0	2.0	4.0	32.875	0.0	0.0	7.125	2.0	10.0	5.0	57.0	
36.0	2.0	4.0	32.875	0.0	0.0	7.125	2.0	15.0	4.0	57.0	
37.0	2.0	4.0	32.875	0.0	0.0	7.125	2.0	5.0	2.0	57.0	
38.0	2.0	4.0	32.875	0.0	0.0	7.125	2.0	5.0	5.0	57.0	
39.0	2.0	4.0	32.875	0.0	0.0	7.125	2.0	14.0	2.0	57.0	
40.0	2.0	4.0	32.875	0.0	0.0	7.125	2.0	11.0	3.0	57.0	
41.0	4.0	8.0	65.75	0.0	0.0	14.25	3.0	15.0	4.0	114.0	
42.0	4.0	8.0	65.75	0.0	0.0	14.25	3.0	4.0	1.0	114.0	
43.0	4.0	8.0	65.75	0.0	0.0	14.25	3.0	13.0	1.0	114.0	
44.0	4.0	8.0	65.75	0.0	0.0	14.25	3.0	3.0	5.0	114.0	
45.0	2.0	5.5	65.75	2.0	2.5	14.25	3.0	5.0	4.0	114.0	
46.0	4.0	8.0	65.75	0.0	0.0	14.25	3.0	14.0	3.0	114.0	
47.0	4.0	8.0	65.75	0.0	0.0	14.25	3.0	15.0	5.0	114.0	
48.0	4.0	8.0	65.75	0.0	0.0	14.25	3.0	13.0	4.0	114.0	
49.0	4.0	8.0	65.75	0.0	0.0	14.25	3.0	12.0	1.0	114.0	
50.0	4.0	8.0	65.75	0.0	0.0	14.25	3.0	9.0	1.0	114.0	
51.0	4.0	8.0	65.75	0.0	0.0	14.25	3.0	2.0	3.0	114.0	
52.0	4.0	8.0	65.75	0.0	0.0	14.25	3.0	4.0	3.0	114.0	
53.0	2.0	5.5	65.75	2.0	2.5	14.25	3.0	12.0	3.0	114.0	
54.0	4.0	8.0	65.75	0.0	0.0	14.25	3.0	10.0	5.0	114.0	
55.0	4.0	8.0	65.875	0.0	0.0	14.125	3.0	6.0	4.0	113.0	
56.0	4.0	8.0	65.875	0.0	0.0	14.125	3.0	13.0	5.0	113.0	
57.0	4.0	8.0	65.875	0.0	0.0	14.125	3.0	14.0	3.0	113.0	
58.0	4.0	8.0	65.875	0.0	0.0	14.125	3.0	11.0	4.0	113.0	
59.0	4.0	8.0	65.875	0.0	0.0	14.125	3.0	9.0	4.0	113.0	
60.0	4.0	8.0	65.875	0.0	0.0	14.125	3.0	3.0	3.0	113.0	
61.0	8.0	16.0	131.5	0.0	0.0	28.5	4.0	12.0	4.0	228.0	
62.0	8.0	16.0	131.5	0.0	0.0	28.5	4.0	7.0	4.0	228.0	
63.0	8.0	16.0	131.5	0.0	0.0	28.5	4.0	15.0	1.0	228.0	
64.0	7.0	15.0	131.5	1.0	1.0	28.5	4.0	4.0	2.0	228.0	
65.0	6.0	13.5	131.5	2.0	2.5	28.5	4.0	11.0	2.0	228.0	
66.0	8.0	16.0	131.5	0.0	0.0	28.5	4.0	12.0	5.0	228.0	
67.0	8.0	16.0	131.5	0.0	0.0	28.5	4.0	3.0	3.0	228.0	
68.0	8.0	16.0	131.5	0.0	0.0	28.5	4.0	5.0	3.0	228.0	
69.0	8.0	16.0	131.625	0.0	0.0	28.375	4.0	12.0	2.0	227.0	
70.0	8.0	16.0	131.625	0.0	0.0	28.375	4.0	11.0	5.0	227.0	
71.0	8.0	16.0	131.625	0.0	0.0	28.375	4.0	11.0	3.0	227.0	
72.0	8.0	16.0	131.625	0.0	0.0	28.375	4.0	11.0	2.0	227.0	
73.0	6.0	13.5	131.625	2.0	2.5	28.375	4.0	13.0	3.0	227.0	
74.0	8.0	16.0	131.625	0.0	0.0	28.375	4.0	1.0	3.0	227.0	
75.0	8.0	16.0	131.625	0.0	0.0	28.375	4.0	8.0	5.0	227.0	
76.0	7.0	15.0	131.625	1.0	1.0	28.375	4.0	6.0	4.0	227.0	
77.0	8.0	16.0	131.625	0.0	0.0	28.375	4.0	8.0	2.0	227.0	
78.0	6.0	13.5	131.625	2.0	2.5	28.375	4.0	8.0	1.0	227.0	
79.0	6.0	13.5	131.625	2.0	2.5	28.375	4.0	7.0	3.0	227.0	
80.0	8.0	16.0	131.625	0.0	0.0	28.375	4.0	3.0	1.0	227.0	
81.0	12.0	24.0	207.125	0.0	0.0	42.875	5.0	3.0	4.0	343.0	
82.0	12.0	24.0	207.125	0.0	0.0	42.875	5.0	6.0	2.0	343.0	
83.0	12.0	24.0	207.125	0.0	0.0	42.875	5.0	5.0	1.0	343.0	
84.0	10.0	21.5	207.125	2.0	2.5	42.875	5.0	12.0	2.0	343.0	
85.0	12.0	24.0	207.125	0.0	0.0	42.875	5.0	3.0	5.0	343.0	
86.0	10.0	21.5	207.125	2.0	2.5	42.875	5.0	15.0	4.0	343.0	
87.0	12.0	24.0	207.125	0.0	0.0	42.875	5.0	5.0	5.0	343.0	
88.0	12.0	24.0	207.125	0.0	0.0	42.875	5.0	4.0	3.0	343.0	
89.0	12.0	24.0	207.125	0.0	0.0	42.875	5.0	14.0	2.0	343.0	
90.0	12.0	24.0	207.25	0.0	0.0	42.75	5.0	4.0	1.0	342.0	
91.0	12.0	24.0	207.25	0.0	0.0	42.75	5.0	9.0	5.0	342.0	
92.0	12.0	24.0	207.25	0.0	0.0	42.75	5.0	10.0	4.0	342.0	
93.0	11.0	23.0	207.25	1.0	1.0	42.75	5.0	4.0	5.0	342.0	
94.0	12.0	24.0	207.25	0.0	0.0	42.75	5.0	13.0	1.0	342.0	
95.0	12.0	24.0	207.25	0.0	0.0	42.75	5.0	8.0	5.0	342.0	
96.0	10.0	21.5	207.25	2.0	2.5	42.75	5.0	15.0	3.0	342.0	
97.0	10.0	21.5	207.25	2.0	2.5	42.75	5.0	9.0	3.0	342.0	
98.0	12.0	24.0	207.25	0.0	0.0	42.75	5.0	15.0	2.0	342.0	
99.0	11.0	23.0	207.25	1.0	1.0	42.75	5.0	12.0	3.0	342.0	
100.0	12.0	24.0	207.25	0.0	0.0	42.75	5.0	14.0	1.0	342.0	
=====================================================================================================================================================
after 93 commit, VM matrix is (VM #, resource allocated to each VM (vCPU, memory, storage), resource used in each VM (vCPU, memory, storage), which flavour, VM in which PM, and VM in which rack, # blocks stored (each block is 0.125))
=====================================================================================================================================================
1.0	1.0	2.0	16.5	0.0	0.0	3.5	1.0	11.0	3.0	28.0	
2.0	1.0	2.0	16.5	0.0	0.0	3.5	1.0	14.0	1.0	28.0	
3.0	1.0	2.0	16.5	0.0	0.0	3.5	1.0	6.0	4.0	28.0	
4.0	1.0	2.0	16.5	0.0	0.0	3.5	1.0	9.0	4.0	28.0	
5.0	1.0	2.0	16.5	0.0	0.0	3.5	1.0	15.0	2.0	28.0	
6.0	1.0	2.0	16.5	0.0	0.0	3.5	1.0	7.0	1.0	28.0	
7.0	1.0	2.0	16.5	0.0	0.0	3.5	1.0	11.0	1.0	28.0	
8.0	1.0	2.0	16.5	0.0	0.0	3.5	1.0	15.0	3.0	28.0	
9.0	1.0	2.0	16.5	0.0	0.0	3.5	1.0	15.0	5.0	28.0	
10.0	1.0	2.0	16.625	0.0	0.0	3.375	1.0	15.0	1.0	27.0	
11.0	1.0	2.0	16.625	0.0	0.0	3.375	1.0	4.0	4.0	27.0	
12.0	1.0	2.0	16.625	0.0	0.0	3.375	1.0	5.0	3.0	27.0	
13.0	1.0	2.0	16.625	0.0	0.0	3.375	1.0	3.0	1.0	27.0	
14.0	1.0	2.0	16.625	0.0	0.0	3.375	1.0	13.0	5.0	27.0	
15.0	1.0	2.0	16.625	0.0	0.0	3.375	1.0	11.0	1.0	27.0	
16.0	1.0	2.0	16.625	0.0	0.0	3.375	1.0	14.0	2.0	27.0	
17.0	1.0	2.0	16.625	0.0	0.0	3.375	1.0	11.0	4.0	27.0	
18.0	1.0	2.0	16.625	0.0	0.0	3.375	1.0	2.0	5.0	27.0	
19.0	1.0	2.0	16.625	0.0	0.0	3.375	1.0	13.0	4.0	27.0	
20.0	1.0	2.0	16.625	0.0	0.0	3.375	1.0	4.0	5.0	27.0	
21.0	2.0	4.0	32.875	0.0	0.0	7.125	2.0	9.0	1.0	57.0	
22.0	2.0	4.0	32.875	0.0	0.0	7.125	2.0	6.0	2.0	57.0	
23.0	2.0	4.0	32.875	0.0	0.0	7.125	2.0	7.0	3.0	57.0	
24.0	2.0	4.0	32.875	0.0	0.0	7.125	2.0	14.0	4.0	57.0	
25.0	2.0	4.0	32.875	0.0	0.0	7.125	2.0	12.0	2.0	57.0	
26.0	2.0	4.0	32.875	0.0	0.0	7.125	2.0	1.0	2.0	57.0	
27.0	2.0	4.0	32.875	0.0	0.0	7.125	2.0	13.0	4.0	57.0	
28.0	2.0	4.0	32.875	0.0	0.0	7.125	2.0	8.0	1.0	57.0	
29.0	2.0	4.0	32.875	0.0	0.0	7.125	2.0	2.0	5.0	57.0	
30.0	2.0	4.0	32.875	0.0	0.0	7.125	2.0	14.0	1.0	57.0	
31.0	2.0	4.0	32.875	0.0	0.0	7.125	2.0	8.0	1.0	57.0	
32.0	2.0	4.0	32.875	0.0	0.0	7.125	2.0	14.0	3.0	57.0	
33.0	2.0	4.0	32.875	0.0	0.0	7.125	2.0	14.0	1.0	57.0	
34.0	2.0	4.0	32.875	0.0	0.0	7.125	2.0	14.0	1.0	57.0	
35.0	2.0	4.0	32.875	0.0	0.0	7.125	2.0	10.0	5.0	57.0	
36.0	2.0	4.0	32.875	0.0	0.0	7.125	2.0	15.0	4.0	57.0	
37.0	2.0	4.0	32.875	0.0	0.0	7.125	2.0	5.0	2.0	57.0	
38.0	2.0	4.0	32.875	0.0	0.0	7.125	2.0	5.0	5.0	57.0	
39.0	2.0	4.0	32.875	0.0	0.0	7.125	2.0	14.0	2.0	57.0	
40.0	2.0	4.0	32.875	0.0	0.0	7.125	2.0	11.0	3.0	57.0	
41.0	4.0	8.0	65.75	0.0	0.0	14.25	3.0	15.0	4.0	114.0	
42.0	4.0	8.0	65.75	0.0	0.0	14.25	3.0	4.0	1.0	114.0	
43.0	4.0	8.0	65.75	0.0	0.0	14.25	3.0	13.0	1.0	114.0	
44.0	4.0	8.0	65.75	0.0	0.0	14.25	3.0	3.0	5.0	114.0	
45.0	2.0	5.5	65.75	2.0	2.5	14.25	3.0	5.0	4.0	114.0	
46.0	4.0	8.0	65.75	0.0	0.0	14.25	3.0	14.0	3.0	114.0	
47.0	4.0	8.0	65.75	0.0	0.0	14.25	3.0	15.0	5.0	114.0	
48.0	4.0	8.0	65.75	0.0	0.0	14.25	3.0	13.0	4.0	114.0	
49.0	4.0	8.0	65.75	0.0	0.0	14.25	3.0	12.0	1.0	114.0	
50.0	4.0	8.0	65.75	0.0	0.0	14.25	3.0	9.0	1.0	114.0	
51.0	4.0	8.0	65.75	0.0	0.0	14.25	3.0	2.0	3.0	114.0	
52.0	4.0	8.0	65.75	0.0	0.0	14.25	3.0	4.0	3.0	114.0	
53.0	2.0	5.5	65.75	2.0	2.5	14.25	3.0	12.0	3.0	114.0	
54.0	4.0	8.0	65.75	0.0	0.0	14.25	3.0	10.0	5.0	114.0	
55.0	4.0	8.0	65.875	0.0	0.0	14.125	3.0	6.0	4.0	113.0	
56.0	4.0	8.0	65.875	0.0	0.0	14.125	3.0	13.0	5.0	113.0	
57.0	4.0	8.0	65.875	0.0	0.0	14.125	3.0	14.0	3.0	113.0	
58.0	4.0	8.0	65.875	0.0	0.0	14.125	3.0	11.0	4.0	113.0	
59.0	4.0	8.0	65.875	0.0	0.0	14.125	3.0	9.0	4.0	113.0	
60.0	4.0	8.0	65.875	0.0	0.0	14.125	3.0	3.0	3.0	113.0	
61.0	8.0	16.0	131.5	0.0	0.0	28.5	4.0	12.0	4.0	228.0	
62.0	8.0	16.0	131.5	0.0	0.0	28.5	4.0	7.0	4.0	228.0	
63.0	8.0	16.0	131.5	0.0	0.0	28.5	4.0	15.0	1.0	228.0	
64.0	7.0	15.0	131.5	1.0	1.0	28.5	4.0	4.0	2.0	228.0	
65.0	6.0	13.5	131.5	2.0	2.5	28.5	4.0	11.0	2.0	228.0	
66.0	8.0	16.0	131.5	0.0	0.0	28.5	4.0	12.0	5.0	228.0	
67.0	8.0	16.0	131.5	0.0	0.0	28.5	4.0	3.0	3.0	228.0	
68.0	8.0	16.0	131.5	0.0	0.0	28.5	4.0	5.0	3.0	228.0	
69.0	8.0	16.0	131.625	0.0	0.0	28.375	4.0	12.0	2.0	227.0	
70.0	8.0	16.0	131.625	0.0	0.0	28.375	4.0	11.0	5.0	227.0	
71.0	8.0	16.0	131.625	0.0	0.0	28.375	4.0	11.0	3.0	227.0	
72.0	8.0	16.0	131.625	0.0	0.0	28.375	4.0	11.0	2.0	227.0	
73.0	6.0	13.5	131.625	2.0	2.5	28.375	4.0	13.0	3.0	227.0	
74.0	8.0	16.0	131.625	0.0	0.0	28.375	4.0	1.0	3.0	227.0	
75.0	8.0	16.0	131.625	0.0	0.0	28.375	4.0	8.0	5.0	227.0	
76.0	7.0	15.0	131.625	1.0	1.0	28.375	4.0	6.0	4.0	227.0	
77.0	8.0	16.0	131.625	0.0	0.0	28.375	4.0	8.0	2.0	227.0	
78.0	6.0	13.5	131.625	2.0	2.5	28.375	4.0	8.0	1.0	227.0	
79.0	6.0	13.5	131.625	2.0	2.5	28.375	4.0	7.0	3.0	227.0	
80.0	8.0	16.0	131.625	0.0	0.0	28.375	4.0	3.0	1.0	227.0	
81.0	12.0	24.0	207.125	0.0	0.0	42.875	5.0	3.0	4.0	343.0	
82.0	12.0	24.0	207.125	0.0	0.0	42.875	5.0	6.0	2.0	343.0	
83.0	12.0	24.0	207.125	0.0	0.0	42.875	5.0	5.0	1.0	343.0	
84.0	10.0	21.5	207.125	2.0	2.5	42.875	5.0	12.0	2.0	343.0	
85.0	12.0	24.0	207.125	0.0	0.0	42.875	5.0	3.0	5.0	343.0	
86.0	10.0	21.5	207.125	2.0	2.5	42.875	5.0	15.0	4.0	343.0	
87.0	12.0	24.0	207.125	0.0	0.0	42.875	5.0	5.0	5.0	343.0	
88.0	12.0	24.0	207.125	0.0	0.0	42.875	5.0	4.0	3.0	343.0	
89.0	12.0	24.0	207.125	0.0	0.0	42.875	5.0	14.0	2.0	343.0	
90.0	12.0	24.0	207.25	0.0	0.0	42.75	5.0	4.0	1.0	342.0	
91.0	12.0	24.0	207.25	0.0	0.0	42.75	5.0	9.0	5.0	342.0	
92.0	12.0	24.0	207.25	0.0	0.0	42.75	5.0	10.0	4.0	342.0	
93.0	11.0	23.0	207.25	1.0	1.0	42.75	5.0	4.0	5.0	342.0	
94.0	12.0	24.0	207.25	0.0	0.0	42.75	5.0	13.0	1.0	342.0	
95.0	12.0	24.0	207.25	0.0	0.0	42.75	5.0	8.0	5.0	342.0	
96.0	10.0	21.5	207.25	2.0	2.5	42.75	5.0	15.0	3.0	342.0	
97.0	10.0	21.5	207.25	2.0	2.5	42.75	5.0	9.0	3.0	342.0	
98.0	12.0	24.0	207.25	0.0	0.0	42.75	5.0	15.0	2.0	342.0	
99.0	11.0	23.0	207.25	1.0	1.0	42.75	5.0	12.0	3.0	342.0	
100.0	12.0	24.0	207.25	0.0	0.0	42.75	5.0	14.0	1.0	342.0	
=====================================================================================================================================================
after 94 commit, VM matrix is (VM #, resource allocated to each VM (vCPU, memory, storage), resource used in each VM (vCPU, memory, storage), which flavour, VM in which PM, and VM in which rack, # blocks stored (each block is 0.125))
=====================================================================================================================================================
1.0	1.0	2.0	16.5	0.0	0.0	3.5	1.0	11.0	3.0	28.0	
2.0	1.0	2.0	16.5	0.0	0.0	3.5	1.0	14.0	1.0	28.0	
3.0	1.0	2.0	16.5	0.0	0.0	3.5	1.0	6.0	4.0	28.0	
4.0	1.0	2.0	16.5	0.0	0.0	3.5	1.0	9.0	4.0	28.0	
5.0	1.0	2.0	16.5	0.0	0.0	3.5	1.0	15.0	2.0	28.0	
6.0	1.0	2.0	16.5	0.0	0.0	3.5	1.0	7.0	1.0	28.0	
7.0	1.0	2.0	16.5	0.0	0.0	3.5	1.0	11.0	1.0	28.0	
8.0	1.0	2.0	16.5	0.0	0.0	3.5	1.0	15.0	3.0	28.0	
9.0	1.0	2.0	16.5	0.0	0.0	3.5	1.0	15.0	5.0	28.0	
10.0	1.0	2.0	16.625	0.0	0.0	3.375	1.0	15.0	1.0	27.0	
11.0	1.0	2.0	16.625	0.0	0.0	3.375	1.0	4.0	4.0	27.0	
12.0	1.0	2.0	16.625	0.0	0.0	3.375	1.0	5.0	3.0	27.0	
13.0	1.0	2.0	16.625	0.0	0.0	3.375	1.0	3.0	1.0	27.0	
14.0	1.0	2.0	16.625	0.0	0.0	3.375	1.0	13.0	5.0	27.0	
15.0	1.0	2.0	16.625	0.0	0.0	3.375	1.0	11.0	1.0	27.0	
16.0	1.0	2.0	16.625	0.0	0.0	3.375	1.0	14.0	2.0	27.0	
17.0	1.0	2.0	16.625	0.0	0.0	3.375	1.0	11.0	4.0	27.0	
18.0	1.0	2.0	16.625	0.0	0.0	3.375	1.0	2.0	5.0	27.0	
19.0	1.0	2.0	16.625	0.0	0.0	3.375	1.0	13.0	4.0	27.0	
20.0	1.0	2.0	16.625	0.0	0.0	3.375	1.0	4.0	5.0	27.0	
21.0	2.0	4.0	32.875	0.0	0.0	7.125	2.0	9.0	1.0	57.0	
22.0	2.0	4.0	32.875	0.0	0.0	7.125	2.0	6.0	2.0	57.0	
23.0	2.0	4.0	32.875	0.0	0.0	7.125	2.0	7.0	3.0	57.0	
24.0	2.0	4.0	32.875	0.0	0.0	7.125	2.0	14.0	4.0	57.0	
25.0	2.0	4.0	32.875	0.0	0.0	7.125	2.0	12.0	2.0	57.0	
26.0	2.0	4.0	32.875	0.0	0.0	7.125	2.0	1.0	2.0	57.0	
27.0	2.0	4.0	32.875	0.0	0.0	7.125	2.0	13.0	4.0	57.0	
28.0	2.0	4.0	32.875	0.0	0.0	7.125	2.0	8.0	1.0	57.0	
29.0	2.0	4.0	32.875	0.0	0.0	7.125	2.0	2.0	5.0	57.0	
30.0	2.0	4.0	32.875	0.0	0.0	7.125	2.0	14.0	1.0	57.0	
31.0	2.0	4.0	32.875	0.0	0.0	7.125	2.0	8.0	1.0	57.0	
32.0	2.0	4.0	32.875	0.0	0.0	7.125	2.0	14.0	3.0	57.0	
33.0	2.0	4.0	32.875	0.0	0.0	7.125	2.0	14.0	1.0	57.0	
34.0	2.0	4.0	32.875	0.0	0.0	7.125	2.0	14.0	1.0	57.0	
35.0	2.0	4.0	32.875	0.0	0.0	7.125	2.0	10.0	5.0	57.0	
36.0	2.0	4.0	32.875	0.0	0.0	7.125	2.0	15.0	4.0	57.0	
37.0	2.0	4.0	32.875	0.0	0.0	7.125	2.0	5.0	2.0	57.0	
38.0	2.0	4.0	32.875	0.0	0.0	7.125	2.0	5.0	5.0	57.0	
39.0	2.0	4.0	32.875	0.0	0.0	7.125	2.0	14.0	2.0	57.0	
40.0	2.0	4.0	32.875	0.0	0.0	7.125	2.0	11.0	3.0	57.0	
41.0	4.0	8.0	65.75	0.0	0.0	14.25	3.0	15.0	4.0	114.0	
42.0	4.0	8.0	65.75	0.0	0.0	14.25	3.0	4.0	1.0	114.0	
43.0	4.0	8.0	65.75	0.0	0.0	14.25	3.0	13.0	1.0	114.0	
44.0	4.0	8.0	65.75	0.0	0.0	14.25	3.0	3.0	5.0	114.0	
45.0	2.0	5.5	65.75	2.0	2.5	14.25	3.0	5.0	4.0	114.0	
46.0	4.0	8.0	65.75	0.0	0.0	14.25	3.0	14.0	3.0	114.0	
47.0	4.0	8.0	65.75	0.0	0.0	14.25	3.0	15.0	5.0	114.0	
48.0	4.0	8.0	65.75	0.0	0.0	14.25	3.0	13.0	4.0	114.0	
49.0	4.0	8.0	65.75	0.0	0.0	14.25	3.0	12.0	1.0	114.0	
50.0	4.0	8.0	65.75	0.0	0.0	14.25	3.0	9.0	1.0	114.0	
51.0	4.0	8.0	65.75	0.0	0.0	14.25	3.0	2.0	3.0	114.0	
52.0	4.0	8.0	65.75	0.0	0.0	14.25	3.0	4.0	3.0	114.0	
53.0	2.0	5.5	65.75	2.0	2.5	14.25	3.0	12.0	3.0	114.0	
54.0	4.0	8.0	65.75	0.0	0.0	14.25	3.0	10.0	5.0	114.0	
55.0	4.0	8.0	65.875	0.0	0.0	14.125	3.0	6.0	4.0	113.0	
56.0	4.0	8.0	65.875	0.0	0.0	14.125	3.0	13.0	5.0	113.0	
57.0	4.0	8.0	65.875	0.0	0.0	14.125	3.0	14.0	3.0	113.0	
58.0	4.0	8.0	65.875	0.0	0.0	14.125	3.0	11.0	4.0	113.0	
59.0	4.0	8.0	65.875	0.0	0.0	14.125	3.0	9.0	4.0	113.0	
60.0	4.0	8.0	65.875	0.0	0.0	14.125	3.0	3.0	3.0	113.0	
61.0	8.0	16.0	131.5	0.0	0.0	28.5	4.0	12.0	4.0	228.0	
62.0	8.0	16.0	131.5	0.0	0.0	28.5	4.0	7.0	4.0	228.0	
63.0	8.0	16.0	131.5	0.0	0.0	28.5	4.0	15.0	1.0	228.0	
64.0	7.0	15.0	131.5	1.0	1.0	28.5	4.0	4.0	2.0	228.0	
65.0	6.0	13.5	131.5	2.0	2.5	28.5	4.0	11.0	2.0	228.0	
66.0	8.0	16.0	131.5	0.0	0.0	28.5	4.0	12.0	5.0	228.0	
67.0	8.0	16.0	131.5	0.0	0.0	28.5	4.0	3.0	3.0	228.0	
68.0	8.0	16.0	131.5	0.0	0.0	28.5	4.0	5.0	3.0	228.0	
69.0	8.0	16.0	131.625	0.0	0.0	28.375	4.0	12.0	2.0	227.0	
70.0	8.0	16.0	131.625	0.0	0.0	28.375	4.0	11.0	5.0	227.0	
71.0	8.0	16.0	131.625	0.0	0.0	28.375	4.0	11.0	3.0	227.0	
72.0	8.0	16.0	131.625	0.0	0.0	28.375	4.0	11.0	2.0	227.0	
73.0	6.0	13.5	131.625	2.0	2.5	28.375	4.0	13.0	3.0	227.0	
74.0	8.0	16.0	131.625	0.0	0.0	28.375	4.0	1.0	3.0	227.0	
75.0	8.0	16.0	131.625	0.0	0.0	28.375	4.0	8.0	5.0	227.0	
76.0	7.0	15.0	131.625	1.0	1.0	28.375	4.0	6.0	4.0	227.0	
77.0	8.0	16.0	131.625	0.0	0.0	28.375	4.0	8.0	2.0	227.0	
78.0	6.0	13.5	131.625	2.0	2.5	28.375	4.0	8.0	1.0	227.0	
79.0	6.0	13.5	131.625	2.0	2.5	28.375	4.0	7.0	3.0	227.0	
80.0	8.0	16.0	131.625	0.0	0.0	28.375	4.0	3.0	1.0	227.0	
81.0	12.0	24.0	207.125	0.0	0.0	42.875	5.0	3.0	4.0	343.0	
82.0	12.0	24.0	207.125	0.0	0.0	42.875	5.0	6.0	2.0	343.0	
83.0	12.0	24.0	207.125	0.0	0.0	42.875	5.0	5.0	1.0	343.0	
84.0	10.0	21.5	207.125	2.0	2.5	42.875	5.0	12.0	2.0	343.0	
85.0	12.0	24.0	207.125	0.0	0.0	42.875	5.0	3.0	5.0	343.0	
86.0	10.0	21.5	207.125	2.0	2.5	42.875	5.0	15.0	4.0	343.0	
87.0	12.0	24.0	207.125	0.0	0.0	42.875	5.0	5.0	5.0	343.0	
88.0	12.0	24.0	207.125	0.0	0.0	42.875	5.0	4.0	3.0	343.0	
89.0	12.0	24.0	207.125	0.0	0.0	42.875	5.0	14.0	2.0	343.0	
90.0	12.0	24.0	207.25	0.0	0.0	42.75	5.0	4.0	1.0	342.0	
91.0	12.0	24.0	207.25	0.0	0.0	42.75	5.0	9.0	5.0	342.0	
92.0	12.0	24.0	207.25	0.0	0.0	42.75	5.0	10.0	4.0	342.0	
93.0	11.0	23.0	207.25	1.0	1.0	42.75	5.0	4.0	5.0	342.0	
94.0	12.0	24.0	207.25	0.0	0.0	42.75	5.0	13.0	1.0	342.0	
95.0	12.0	24.0	207.25	0.0	0.0	42.75	5.0	8.0	5.0	342.0	
96.0	10.0	21.5	207.25	2.0	2.5	42.75	5.0	15.0	3.0	342.0	
97.0	10.0	21.5	207.25	2.0	2.5	42.75	5.0	9.0	3.0	342.0	
98.0	12.0	24.0	207.25	0.0	0.0	42.75	5.0	15.0	2.0	342.0	
99.0	11.0	23.0	207.25	1.0	1.0	42.75	5.0	12.0	3.0	342.0	
100.0	12.0	24.0	207.25	0.0	0.0	42.75	5.0	14.0	1.0	342.0	
=====================================================================================================================================================
after 95 commit, VM matrix is (VM #, resource allocated to each VM (vCPU, memory, storage), resource used in each VM (vCPU, memory, storage), which flavour, VM in which PM, and VM in which rack, # blocks stored (each block is 0.125))
=====================================================================================================================================================
1.0	1.0	2.0	16.5	0.0	0.0	3.5	1.0	11.0	3.0	28.0	
2.0	1.0	2.0	16.5	0.0	0.0	3.5	1.0	14.0	1.0	28.0	
3.0	1.0	2.0	16.5	0.0	0.0	3.5	1.0	6.0	4.0	28.0	
4.0	1.0	2.0	16.5	0.0	0.0	3.5	1.0	9.0	4.0	28.0	
5.0	1.0	2.0	16.5	0.0	0.0	3.5	1.0	15.0	2.0	28.0	
6.0	1.0	2.0	16.5	0.0	0.0	3.5	1.0	7.0	1.0	28.0	
7.0	1.0	2.0	16.5	0.0	0.0	3.5	1.0	11.0	1.0	28.0	
8.0	1.0	2.0	16.5	0.0	0.0	3.5	1.0	15.0	3.0	28.0	
9.0	1.0	2.0	16.5	0.0	0.0	3.5	1.0	15.0	5.0	28.0	
10.0	1.0	2.0	16.625	0.0	0.0	3.375	1.0	15.0	1.0	27.0	
11.0	1.0	2.0	16.625	0.0	0.0	3.375	1.0	4.0	4.0	27.0	
12.0	1.0	2.0	16.625	0.0	0.0	3.375	1.0	5.0	3.0	27.0	
13.0	1.0	2.0	16.625	0.0	0.0	3.375	1.0	3.0	1.0	27.0	
14.0	1.0	2.0	16.625	0.0	0.0	3.375	1.0	13.0	5.0	27.0	
15.0	1.0	2.0	16.625	0.0	0.0	3.375	1.0	11.0	1.0	27.0	
16.0	1.0	2.0	16.625	0.0	0.0	3.375	1.0	14.0	2.0	27.0	
17.0	1.0	2.0	16.625	0.0	0.0	3.375	1.0	11.0	4.0	27.0	
18.0	1.0	2.0	16.625	0.0	0.0	3.375	1.0	2.0	5.0	27.0	
19.0	1.0	2.0	16.625	0.0	0.0	3.375	1.0	13.0	4.0	27.0	
20.0	1.0	2.0	16.625	0.0	0.0	3.375	1.0	4.0	5.0	27.0	
21.0	2.0	4.0	32.875	0.0	0.0	7.125	2.0	9.0	1.0	57.0	
22.0	2.0	4.0	32.875	0.0	0.0	7.125	2.0	6.0	2.0	57.0	
23.0	2.0	4.0	32.875	0.0	0.0	7.125	2.0	7.0	3.0	57.0	
24.0	2.0	4.0	32.875	0.0	0.0	7.125	2.0	14.0	4.0	57.0	
25.0	2.0	4.0	32.875	0.0	0.0	7.125	2.0	12.0	2.0	57.0	
26.0	2.0	4.0	32.875	0.0	0.0	7.125	2.0	1.0	2.0	57.0	
27.0	2.0	4.0	32.875	0.0	0.0	7.125	2.0	13.0	4.0	57.0	
28.0	2.0	4.0	32.875	0.0	0.0	7.125	2.0	8.0	1.0	57.0	
29.0	2.0	4.0	32.875	0.0	0.0	7.125	2.0	2.0	5.0	57.0	
30.0	2.0	4.0	32.875	0.0	0.0	7.125	2.0	14.0	1.0	57.0	
31.0	2.0	4.0	32.875	0.0	0.0	7.125	2.0	8.0	1.0	57.0	
32.0	2.0	4.0	32.875	0.0	0.0	7.125	2.0	14.0	3.0	57.0	
33.0	2.0	4.0	32.875	0.0	0.0	7.125	2.0	14.0	1.0	57.0	
34.0	2.0	4.0	32.875	0.0	0.0	7.125	2.0	14.0	1.0	57.0	
35.0	2.0	4.0	32.875	0.0	0.0	7.125	2.0	10.0	5.0	57.0	
36.0	2.0	4.0	32.875	0.0	0.0	7.125	2.0	15.0	4.0	57.0	
37.0	2.0	4.0	32.875	0.0	0.0	7.125	2.0	5.0	2.0	57.0	
38.0	2.0	4.0	32.875	0.0	0.0	7.125	2.0	5.0	5.0	57.0	
39.0	2.0	4.0	32.875	0.0	0.0	7.125	2.0	14.0	2.0	57.0	
40.0	2.0	4.0	32.875	0.0	0.0	7.125	2.0	11.0	3.0	57.0	
41.0	4.0	8.0	65.75	0.0	0.0	14.25	3.0	15.0	4.0	114.0	
42.0	4.0	8.0	65.75	0.0	0.0	14.25	3.0	4.0	1.0	114.0	
43.0	4.0	8.0	65.75	0.0	0.0	14.25	3.0	13.0	1.0	114.0	
44.0	4.0	8.0	65.75	0.0	0.0	14.25	3.0	3.0	5.0	114.0	
45.0	2.0	5.5	65.75	2.0	2.5	14.25	3.0	5.0	4.0	114.0	
46.0	4.0	8.0	65.75	0.0	0.0	14.25	3.0	14.0	3.0	114.0	
47.0	4.0	8.0	65.75	0.0	0.0	14.25	3.0	15.0	5.0	114.0	
48.0	4.0	8.0	65.75	0.0	0.0	14.25	3.0	13.0	4.0	114.0	
49.0	4.0	8.0	65.75	0.0	0.0	14.25	3.0	12.0	1.0	114.0	
50.0	4.0	8.0	65.75	0.0	0.0	14.25	3.0	9.0	1.0	114.0	
51.0	4.0	8.0	65.75	0.0	0.0	14.25	3.0	2.0	3.0	114.0	
52.0	4.0	8.0	65.75	0.0	0.0	14.25	3.0	4.0	3.0	114.0	
53.0	2.0	5.5	65.75	2.0	2.5	14.25	3.0	12.0	3.0	114.0	
54.0	4.0	8.0	65.75	0.0	0.0	14.25	3.0	10.0	5.0	114.0	
55.0	4.0	8.0	65.875	0.0	0.0	14.125	3.0	6.0	4.0	113.0	
56.0	4.0	8.0	65.875	0.0	0.0	14.125	3.0	13.0	5.0	113.0	
57.0	4.0	8.0	65.875	0.0	0.0	14.125	3.0	14.0	3.0	113.0	
58.0	4.0	8.0	65.875	0.0	0.0	14.125	3.0	11.0	4.0	113.0	
59.0	4.0	8.0	65.875	0.0	0.0	14.125	3.0	9.0	4.0	113.0	
60.0	4.0	8.0	65.875	0.0	0.0	14.125	3.0	3.0	3.0	113.0	
61.0	8.0	16.0	131.5	0.0	0.0	28.5	4.0	12.0	4.0	228.0	
62.0	8.0	16.0	131.5	0.0	0.0	28.5	4.0	7.0	4.0	228.0	
63.0	8.0	16.0	131.5	0.0	0.0	28.5	4.0	15.0	1.0	228.0	
64.0	7.0	15.0	131.5	1.0	1.0	28.5	4.0	4.0	2.0	228.0	
65.0	6.0	13.5	131.5	2.0	2.5	28.5	4.0	11.0	2.0	228.0	
66.0	8.0	16.0	131.5	0.0	0.0	28.5	4.0	12.0	5.0	228.0	
67.0	8.0	16.0	131.5	0.0	0.0	28.5	4.0	3.0	3.0	228.0	
68.0	8.0	16.0	131.5	0.0	0.0	28.5	4.0	5.0	3.0	228.0	
69.0	8.0	16.0	131.625	0.0	0.0	28.375	4.0	12.0	2.0	227.0	
70.0	8.0	16.0	131.625	0.0	0.0	28.375	4.0	11.0	5.0	227.0	
71.0	8.0	16.0	131.625	0.0	0.0	28.375	4.0	11.0	3.0	227.0	
72.0	8.0	16.0	131.625	0.0	0.0	28.375	4.0	11.0	2.0	227.0	
73.0	6.0	13.5	131.625	2.0	2.5	28.375	4.0	13.0	3.0	227.0	
74.0	8.0	16.0	131.625	0.0	0.0	28.375	4.0	1.0	3.0	227.0	
75.0	8.0	16.0	131.625	0.0	0.0	28.375	4.0	8.0	5.0	227.0	
76.0	7.0	15.0	131.625	1.0	1.0	28.375	4.0	6.0	4.0	227.0	
77.0	8.0	16.0	131.625	0.0	0.0	28.375	4.0	8.0	2.0	227.0	
78.0	6.0	13.5	131.625	2.0	2.5	28.375	4.0	8.0	1.0	227.0	
79.0	6.0	13.5	131.625	2.0	2.5	28.375	4.0	7.0	3.0	227.0	
80.0	8.0	16.0	131.625	0.0	0.0	28.375	4.0	3.0	1.0	227.0	
81.0	12.0	24.0	207.125	0.0	0.0	42.875	5.0	3.0	4.0	343.0	
82.0	12.0	24.0	207.125	0.0	0.0	42.875	5.0	6.0	2.0	343.0	
83.0	12.0	24.0	207.125	0.0	0.0	42.875	5.0	5.0	1.0	343.0	
84.0	10.0	21.5	207.125	2.0	2.5	42.875	5.0	12.0	2.0	343.0	
85.0	12.0	24.0	207.125	0.0	0.0	42.875	5.0	3.0	5.0	343.0	
86.0	10.0	21.5	207.125	2.0	2.5	42.875	5.0	15.0	4.0	343.0	
87.0	12.0	24.0	207.125	0.0	0.0	42.875	5.0	5.0	5.0	343.0	
88.0	12.0	24.0	207.125	0.0	0.0	42.875	5.0	4.0	3.0	343.0	
89.0	12.0	24.0	207.125	0.0	0.0	42.875	5.0	14.0	2.0	343.0	
90.0	12.0	24.0	207.25	0.0	0.0	42.75	5.0	4.0	1.0	342.0	
91.0	12.0	24.0	207.25	0.0	0.0	42.75	5.0	9.0	5.0	342.0	
92.0	12.0	24.0	207.25	0.0	0.0	42.75	5.0	10.0	4.0	342.0	
93.0	11.0	23.0	207.25	1.0	1.0	42.75	5.0	4.0	5.0	342.0	
94.0	12.0	24.0	207.25	0.0	0.0	42.75	5.0	13.0	1.0	342.0	
95.0	12.0	24.0	207.25	0.0	0.0	42.75	5.0	8.0	5.0	342.0	
96.0	10.0	21.5	207.25	2.0	2.5	42.75	5.0	15.0	3.0	342.0	
97.0	10.0	21.5	207.25	2.0	2.5	42.75	5.0	9.0	3.0	342.0	
98.0	12.0	24.0	207.25	0.0	0.0	42.75	5.0	15.0	2.0	342.0	
99.0	11.0	23.0	207.25	1.0	1.0	42.75	5.0	12.0	3.0	342.0	
100.0	12.0	24.0	207.25	0.0	0.0	42.75	5.0	14.0	1.0	342.0	
=====================================================================================================================================================
after 96 commit, VM matrix is (VM #, resource allocated to each VM (vCPU, memory, storage), resource used in each VM (vCPU, memory, storage), which flavour, VM in which PM, and VM in which rack, # blocks stored (each block is 0.125))
=====================================================================================================================================================
1.0	1.0	2.0	16.5	0.0	0.0	3.5	1.0	11.0	3.0	28.0	
2.0	1.0	2.0	16.5	0.0	0.0	3.5	1.0	14.0	1.0	28.0	
3.0	1.0	2.0	16.5	0.0	0.0	3.5	1.0	6.0	4.0	28.0	
4.0	1.0	2.0	16.5	0.0	0.0	3.5	1.0	9.0	4.0	28.0	
5.0	1.0	2.0	16.5	0.0	0.0	3.5	1.0	15.0	2.0	28.0	
6.0	1.0	2.0	16.5	0.0	0.0	3.5	1.0	7.0	1.0	28.0	
7.0	1.0	2.0	16.5	0.0	0.0	3.5	1.0	11.0	1.0	28.0	
8.0	1.0	2.0	16.5	0.0	0.0	3.5	1.0	15.0	3.0	28.0	
9.0	1.0	2.0	16.5	0.0	0.0	3.5	1.0	15.0	5.0	28.0	
10.0	1.0	2.0	16.625	0.0	0.0	3.375	1.0	15.0	1.0	27.0	
11.0	1.0	2.0	16.625	0.0	0.0	3.375	1.0	4.0	4.0	27.0	
12.0	1.0	2.0	16.625	0.0	0.0	3.375	1.0	5.0	3.0	27.0	
13.0	1.0	2.0	16.625	0.0	0.0	3.375	1.0	3.0	1.0	27.0	
14.0	1.0	2.0	16.625	0.0	0.0	3.375	1.0	13.0	5.0	27.0	
15.0	1.0	2.0	16.625	0.0	0.0	3.375	1.0	11.0	1.0	27.0	
16.0	1.0	2.0	16.625	0.0	0.0	3.375	1.0	14.0	2.0	27.0	
17.0	1.0	2.0	16.625	0.0	0.0	3.375	1.0	11.0	4.0	27.0	
18.0	1.0	2.0	16.625	0.0	0.0	3.375	1.0	2.0	5.0	27.0	
19.0	1.0	2.0	16.625	0.0	0.0	3.375	1.0	13.0	4.0	27.0	
20.0	1.0	2.0	16.625	0.0	0.0	3.375	1.0	4.0	5.0	27.0	
21.0	2.0	4.0	32.875	0.0	0.0	7.125	2.0	9.0	1.0	57.0	
22.0	2.0	4.0	32.875	0.0	0.0	7.125	2.0	6.0	2.0	57.0	
23.0	2.0	4.0	32.875	0.0	0.0	7.125	2.0	7.0	3.0	57.0	
24.0	2.0	4.0	32.875	0.0	0.0	7.125	2.0	14.0	4.0	57.0	
25.0	2.0	4.0	32.875	0.0	0.0	7.125	2.0	12.0	2.0	57.0	
26.0	2.0	4.0	32.875	0.0	0.0	7.125	2.0	1.0	2.0	57.0	
27.0	2.0	4.0	32.875	0.0	0.0	7.125	2.0	13.0	4.0	57.0	
28.0	2.0	4.0	32.875	0.0	0.0	7.125	2.0	8.0	1.0	57.0	
29.0	2.0	4.0	32.875	0.0	0.0	7.125	2.0	2.0	5.0	57.0	
30.0	2.0	4.0	32.875	0.0	0.0	7.125	2.0	14.0	1.0	57.0	
31.0	2.0	4.0	32.875	0.0	0.0	7.125	2.0	8.0	1.0	57.0	
32.0	2.0	4.0	32.875	0.0	0.0	7.125	2.0	14.0	3.0	57.0	
33.0	2.0	4.0	32.875	0.0	0.0	7.125	2.0	14.0	1.0	57.0	
34.0	2.0	4.0	32.875	0.0	0.0	7.125	2.0	14.0	1.0	57.0	
35.0	2.0	4.0	32.875	0.0	0.0	7.125	2.0	10.0	5.0	57.0	
36.0	2.0	4.0	32.875	0.0	0.0	7.125	2.0	15.0	4.0	57.0	
37.0	2.0	4.0	32.875	0.0	0.0	7.125	2.0	5.0	2.0	57.0	
38.0	2.0	4.0	32.875	0.0	0.0	7.125	2.0	5.0	5.0	57.0	
39.0	2.0	4.0	32.875	0.0	0.0	7.125	2.0	14.0	2.0	57.0	
40.0	2.0	4.0	32.875	0.0	0.0	7.125	2.0	11.0	3.0	57.0	
41.0	4.0	8.0	65.75	0.0	0.0	14.25	3.0	15.0	4.0	114.0	
42.0	4.0	8.0	65.75	0.0	0.0	14.25	3.0	4.0	1.0	114.0	
43.0	4.0	8.0	65.75	0.0	0.0	14.25	3.0	13.0	1.0	114.0	
44.0	4.0	8.0	65.75	0.0	0.0	14.25	3.0	3.0	5.0	114.0	
45.0	4.0	8.0	65.75	0.0	0.0	14.25	3.0	5.0	4.0	114.0	
46.0	4.0	8.0	65.75	0.0	0.0	14.25	3.0	14.0	3.0	114.0	
47.0	4.0	8.0	65.75	0.0	0.0	14.25	3.0	15.0	5.0	114.0	
48.0	4.0	8.0	65.75	0.0	0.0	14.25	3.0	13.0	4.0	114.0	
49.0	4.0	8.0	65.75	0.0	0.0	14.25	3.0	12.0	1.0	114.0	
50.0	4.0	8.0	65.75	0.0	0.0	14.25	3.0	9.0	1.0	114.0	
51.0	4.0	8.0	65.75	0.0	0.0	14.25	3.0	2.0	3.0	114.0	
52.0	4.0	8.0	65.75	0.0	0.0	14.25	3.0	4.0	3.0	114.0	
53.0	4.0	8.0	65.75	0.0	0.0	14.25	3.0	12.0	3.0	114.0	
54.0	4.0	8.0	65.75	0.0	0.0	14.25	3.0	10.0	5.0	114.0	
55.0	4.0	8.0	65.875	0.0	0.0	14.125	3.0	6.0	4.0	113.0	
56.0	4.0	8.0	65.875	0.0	0.0	14.125	3.0	13.0	5.0	113.0	
57.0	4.0	8.0	65.875	0.0	0.0	14.125	3.0	14.0	3.0	113.0	
58.0	4.0	8.0	65.875	0.0	0.0	14.125	3.0	11.0	4.0	113.0	
59.0	4.0	8.0	65.875	0.0	0.0	14.125	3.0	9.0	4.0	113.0	
60.0	4.0	8.0	65.875	0.0	0.0	14.125	3.0	3.0	3.0	113.0	
61.0	8.0	16.0	131.5	0.0	0.0	28.5	4.0	12.0	4.0	228.0	
62.0	8.0	16.0	131.5	0.0	0.0	28.5	4.0	7.0	4.0	228.0	
63.0	8.0	16.0	131.5	0.0	0.0	28.5	4.0	15.0	1.0	228.0	
64.0	7.0	15.0	131.5	1.0	1.0	28.5	4.0	4.0	2.0	228.0	
65.0	8.0	16.0	131.5	0.0	0.0	28.5	4.0	11.0	2.0	228.0	
66.0	8.0	16.0	131.5	0.0	0.0	28.5	4.0	12.0	5.0	228.0	
67.0	8.0	16.0	131.5	0.0	0.0	28.5	4.0	3.0	3.0	228.0	
68.0	8.0	16.0	131.5	0.0	0.0	28.5	4.0	5.0	3.0	228.0	
69.0	8.0	16.0	131.625	0.0	0.0	28.375	4.0	12.0	2.0	227.0	
70.0	8.0	16.0	131.625	0.0	0.0	28.375	4.0	11.0	5.0	227.0	
71.0	8.0	16.0	131.625	0.0	0.0	28.375	4.0	11.0	3.0	227.0	
72.0	8.0	16.0	131.625	0.0	0.0	28.375	4.0	11.0	2.0	227.0	
73.0	6.0	13.5	131.625	2.0	2.5	28.375	4.0	13.0	3.0	227.0	
74.0	8.0	16.0	131.625	0.0	0.0	28.375	4.0	1.0	3.0	227.0	
75.0	8.0	16.0	131.625	0.0	0.0	28.375	4.0	8.0	5.0	227.0	
76.0	7.0	15.0	131.625	1.0	1.0	28.375	4.0	6.0	4.0	227.0	
77.0	8.0	16.0	131.625	0.0	0.0	28.375	4.0	8.0	2.0	227.0	
78.0	8.0	16.0	131.625	0.0	0.0	28.375	4.0	8.0	1.0	227.0	
79.0	6.0	13.5	131.625	2.0	2.5	28.375	4.0	7.0	3.0	227.0	
80.0	8.0	16.0	131.625	0.0	0.0	28.375	4.0	3.0	1.0	227.0	
81.0	12.0	24.0	207.125	0.0	0.0	42.875	5.0	3.0	4.0	343.0	
82.0	12.0	24.0	207.125	0.0	0.0	42.875	5.0	6.0	2.0	343.0	
83.0	12.0	24.0	207.125	0.0	0.0	42.875	5.0	5.0	1.0	343.0	
84.0	12.0	24.0	207.125	0.0	0.0	42.875	5.0	12.0	2.0	343.0	
85.0	12.0	24.0	207.125	0.0	0.0	42.875	5.0	3.0	5.0	343.0	
86.0	12.0	24.0	207.125	0.0	0.0	42.875	5.0	15.0	4.0	343.0	
87.0	12.0	24.0	207.125	0.0	0.0	42.875	5.0	5.0	5.0	343.0	
88.0	12.0	24.0	207.125	0.0	0.0	42.875	5.0	4.0	3.0	343.0	
89.0	12.0	24.0	207.125	0.0	0.0	42.875	5.0	14.0	2.0	343.0	
90.0	12.0	24.0	207.25	0.0	0.0	42.75	5.0	4.0	1.0	342.0	
91.0	12.0	24.0	207.25	0.0	0.0	42.75	5.0	9.0	5.0	342.0	
92.0	12.0	24.0	207.25	0.0	0.0	42.75	5.0	10.0	4.0	342.0	
93.0	11.0	23.0	207.25	1.0	1.0	42.75	5.0	4.0	5.0	342.0	
94.0	12.0	24.0	207.25	0.0	0.0	42.75	5.0	13.0	1.0	342.0	
95.0	12.0	24.0	207.25	0.0	0.0	42.75	5.0	8.0	5.0	342.0	
96.0	10.0	21.5	207.25	2.0	2.5	42.75	5.0	15.0	3.0	342.0	
97.0	12.0	24.0	207.25	0.0	0.0	42.75	5.0	9.0	3.0	342.0	
98.0	12.0	24.0	207.25	0.0	0.0	42.75	5.0	15.0	2.0	342.0	
99.0	11.0	23.0	207.25	1.0	1.0	42.75	5.0	12.0	3.0	342.0	
100.0	12.0	24.0	207.25	0.0	0.0	42.75	5.0	14.0	1.0	342.0	
=====================================================================================================================================================
MR App Master resource allocation in the end (vCPU, memory, MR_App_Master is running (1) or not running (0),  VM #, PM #, rack #) 
=====================================================================================================================================================
1.0	1.0	0.0	93.0	4.0	5.0	
1.0	1.0	0.0	76.0	6.0	4.0	
1.0	1.0	0.0	99.0	12.0	3.0	
1.0	1.0	0.0	64.0	4.0	2.0	
=====================================================================================================================================================
after 97 commit, VM matrix is (VM #, resource allocated to each VM (vCPU, memory, storage), resource used in each VM (vCPU, memory, storage), which flavour, VM in which PM, and VM in which rack, # blocks stored (each block is 0.125))
=====================================================================================================================================================
1.0	1.0	2.0	16.5	0.0	0.0	3.5	1.0	11.0	3.0	28.0	
2.0	1.0	2.0	16.5	0.0	0.0	3.5	1.0	14.0	1.0	28.0	
3.0	1.0	2.0	16.5	0.0	0.0	3.5	1.0	6.0	4.0	28.0	
4.0	1.0	2.0	16.5	0.0	0.0	3.5	1.0	9.0	4.0	28.0	
5.0	1.0	2.0	16.5	0.0	0.0	3.5	1.0	15.0	2.0	28.0	
6.0	1.0	2.0	16.5	0.0	0.0	3.5	1.0	7.0	1.0	28.0	
7.0	1.0	2.0	16.5	0.0	0.0	3.5	1.0	11.0	1.0	28.0	
8.0	1.0	2.0	16.5	0.0	0.0	3.5	1.0	15.0	3.0	28.0	
9.0	1.0	2.0	16.5	0.0	0.0	3.5	1.0	15.0	5.0	28.0	
10.0	1.0	2.0	16.625	0.0	0.0	3.375	1.0	15.0	1.0	27.0	
11.0	1.0	2.0	16.625	0.0	0.0	3.375	1.0	4.0	4.0	27.0	
12.0	1.0	2.0	16.625	0.0	0.0	3.375	1.0	5.0	3.0	27.0	
13.0	1.0	2.0	16.625	0.0	0.0	3.375	1.0	3.0	1.0	27.0	
14.0	1.0	2.0	16.625	0.0	0.0	3.375	1.0	13.0	5.0	27.0	
15.0	1.0	2.0	16.625	0.0	0.0	3.375	1.0	11.0	1.0	27.0	
16.0	1.0	2.0	16.625	0.0	0.0	3.375	1.0	14.0	2.0	27.0	
17.0	1.0	2.0	16.625	0.0	0.0	3.375	1.0	11.0	4.0	27.0	
18.0	1.0	2.0	16.625	0.0	0.0	3.375	1.0	2.0	5.0	27.0	
19.0	1.0	2.0	16.625	0.0	0.0	3.375	1.0	13.0	4.0	27.0	
20.0	1.0	2.0	16.625	0.0	0.0	3.375	1.0	4.0	5.0	27.0	
21.0	2.0	4.0	32.875	0.0	0.0	7.125	2.0	9.0	1.0	57.0	
22.0	2.0	4.0	32.875	0.0	0.0	7.125	2.0	6.0	2.0	57.0	
23.0	2.0	4.0	32.875	0.0	0.0	7.125	2.0	7.0	3.0	57.0	
24.0	2.0	4.0	32.875	0.0	0.0	7.125	2.0	14.0	4.0	57.0	
25.0	2.0	4.0	32.875	0.0	0.0	7.125	2.0	12.0	2.0	57.0	
26.0	2.0	4.0	32.875	0.0	0.0	7.125	2.0	1.0	2.0	57.0	
27.0	2.0	4.0	32.875	0.0	0.0	7.125	2.0	13.0	4.0	57.0	
28.0	2.0	4.0	32.875	0.0	0.0	7.125	2.0	8.0	1.0	57.0	
29.0	2.0	4.0	32.875	0.0	0.0	7.125	2.0	2.0	5.0	57.0	
30.0	2.0	4.0	32.875	0.0	0.0	7.125	2.0	14.0	1.0	57.0	
31.0	2.0	4.0	32.875	0.0	0.0	7.125	2.0	8.0	1.0	57.0	
32.0	2.0	4.0	32.875	0.0	0.0	7.125	2.0	14.0	3.0	57.0	
33.0	2.0	4.0	32.875	0.0	0.0	7.125	2.0	14.0	1.0	57.0	
34.0	2.0	4.0	32.875	0.0	0.0	7.125	2.0	14.0	1.0	57.0	
35.0	2.0	4.0	32.875	0.0	0.0	7.125	2.0	10.0	5.0	57.0	
36.0	2.0	4.0	32.875	0.0	0.0	7.125	2.0	15.0	4.0	57.0	
37.0	2.0	4.0	32.875	0.0	0.0	7.125	2.0	5.0	2.0	57.0	
38.0	2.0	4.0	32.875	0.0	0.0	7.125	2.0	5.0	5.0	57.0	
39.0	2.0	4.0	32.875	0.0	0.0	7.125	2.0	14.0	2.0	57.0	
40.0	2.0	4.0	32.875	0.0	0.0	7.125	2.0	11.0	3.0	57.0	
41.0	4.0	8.0	65.75	0.0	0.0	14.25	3.0	15.0	4.0	114.0	
42.0	4.0	8.0	65.75	0.0	0.0	14.25	3.0	4.0	1.0	114.0	
43.0	4.0	8.0	65.75	0.0	0.0	14.25	3.0	13.0	1.0	114.0	
44.0	4.0	8.0	65.75	0.0	0.0	14.25	3.0	3.0	5.0	114.0	
45.0	4.0	8.0	65.75	0.0	0.0	14.25	3.0	5.0	4.0	114.0	
46.0	4.0	8.0	65.75	0.0	0.0	14.25	3.0	14.0	3.0	114.0	
47.0	4.0	8.0	65.75	0.0	0.0	14.25	3.0	15.0	5.0	114.0	
48.0	4.0	8.0	65.75	0.0	0.0	14.25	3.0	13.0	4.0	114.0	
49.0	4.0	8.0	65.75	0.0	0.0	14.25	3.0	12.0	1.0	114.0	
50.0	4.0	8.0	65.75	0.0	0.0	14.25	3.0	9.0	1.0	114.0	
51.0	4.0	8.0	65.75	0.0	0.0	14.25	3.0	2.0	3.0	114.0	
52.0	4.0	8.0	65.75	0.0	0.0	14.25	3.0	4.0	3.0	114.0	
53.0	4.0	8.0	65.75	0.0	0.0	14.25	3.0	12.0	3.0	114.0	
54.0	4.0	8.0	65.75	0.0	0.0	14.25	3.0	10.0	5.0	114.0	
55.0	4.0	8.0	65.875	0.0	0.0	14.125	3.0	6.0	4.0	113.0	
56.0	4.0	8.0	65.875	0.0	0.0	14.125	3.0	13.0	5.0	113.0	
57.0	4.0	8.0	65.875	0.0	0.0	14.125	3.0	14.0	3.0	113.0	
58.0	4.0	8.0	65.875	0.0	0.0	14.125	3.0	11.0	4.0	113.0	
59.0	4.0	8.0	65.875	0.0	0.0	14.125	3.0	9.0	4.0	113.0	
60.0	4.0	8.0	65.875	0.0	0.0	14.125	3.0	3.0	3.0	113.0	
61.0	8.0	16.0	131.5	0.0	0.0	28.5	4.0	12.0	4.0	228.0	
62.0	8.0	16.0	131.5	0.0	0.0	28.5	4.0	7.0	4.0	228.0	
63.0	8.0	16.0	131.5	0.0	0.0	28.5	4.0	15.0	1.0	228.0	
64.0	8.0	16.0	131.5	0.0	0.0	28.5	4.0	4.0	2.0	228.0	
65.0	8.0	16.0	131.5	0.0	0.0	28.5	4.0	11.0	2.0	228.0	
66.0	8.0	16.0	131.5	0.0	0.0	28.5	4.0	12.0	5.0	228.0	
67.0	8.0	16.0	131.5	0.0	0.0	28.5	4.0	3.0	3.0	228.0	
68.0	8.0	16.0	131.5	0.0	0.0	28.5	4.0	5.0	3.0	228.0	
69.0	8.0	16.0	131.625	0.0	0.0	28.375	4.0	12.0	2.0	227.0	
70.0	8.0	16.0	131.625	0.0	0.0	28.375	4.0	11.0	5.0	227.0	
71.0	8.0	16.0	131.625	0.0	0.0	28.375	4.0	11.0	3.0	227.0	
72.0	8.0	16.0	131.625	0.0	0.0	28.375	4.0	11.0	2.0	227.0	
73.0	8.0	16.0	131.625	0.0	0.0	28.375	4.0	13.0	3.0	227.0	
74.0	8.0	16.0	131.625	0.0	0.0	28.375	4.0	1.0	3.0	227.0	
75.0	8.0	16.0	131.625	0.0	0.0	28.375	4.0	8.0	5.0	227.0	
76.0	8.0	16.0	131.625	0.0	0.0	28.375	4.0	6.0	4.0	227.0	
77.0	8.0	16.0	131.625	0.0	0.0	28.375	4.0	8.0	2.0	227.0	
78.0	8.0	16.0	131.625	0.0	0.0	28.375	4.0	8.0	1.0	227.0	
79.0	8.0	16.0	131.625	0.0	0.0	28.375	4.0	7.0	3.0	227.0	
80.0	8.0	16.0	131.625	0.0	0.0	28.375	4.0	3.0	1.0	227.0	
81.0	12.0	24.0	207.125	0.0	0.0	42.875	5.0	3.0	4.0	343.0	
82.0	12.0	24.0	207.125	0.0	0.0	42.875	5.0	6.0	2.0	343.0	
83.0	12.0	24.0	207.125	0.0	0.0	42.875	5.0	5.0	1.0	343.0	
84.0	12.0	24.0	207.125	0.0	0.0	42.875	5.0	12.0	2.0	343.0	
85.0	12.0	24.0	207.125	0.0	0.0	42.875	5.0	3.0	5.0	343.0	
86.0	12.0	24.0	207.125	0.0	0.0	42.875	5.0	15.0	4.0	343.0	
87.0	12.0	24.0	207.125	0.0	0.0	42.875	5.0	5.0	5.0	343.0	
88.0	12.0	24.0	207.125	0.0	0.0	42.875	5.0	4.0	3.0	343.0	
89.0	12.0	24.0	207.125	0.0	0.0	42.875	5.0	14.0	2.0	343.0	
90.0	12.0	24.0	207.25	0.0	0.0	42.75	5.0	4.0	1.0	342.0	
91.0	12.0	24.0	207.25	0.0	0.0	42.75	5.0	9.0	5.0	342.0	
92.0	12.0	24.0	207.25	0.0	0.0	42.75	5.0	10.0	4.0	342.0	
93.0	12.0	24.0	207.25	0.0	0.0	42.75	5.0	4.0	5.0	342.0	
94.0	12.0	24.0	207.25	0.0	0.0	42.75	5.0	13.0	1.0	342.0	
95.0	12.0	24.0	207.25	0.0	0.0	42.75	5.0	8.0	5.0	342.0	
96.0	12.0	24.0	207.25	0.0	0.0	42.75	5.0	15.0	3.0	342.0	
97.0	12.0	24.0	207.25	0.0	0.0	42.75	5.0	9.0	3.0	342.0	
98.0	12.0	24.0	207.25	0.0	0.0	42.75	5.0	15.0	2.0	342.0	
99.0	12.0	24.0	207.25	0.0	0.0	42.75	5.0	12.0	3.0	342.0	
100.0	12.0	24.0	207.25	0.0	0.0	42.75	5.0	14.0	1.0	342.0	
