=====================================================================================================================================================
CDC DETAILS
=====================================================================================================================================================
Number of racks in a Cloud Data Center (CDC) : 5
Number of Physical Machines (PMs) in each rack : 15
Each machine's configuration is : 12 cores 128  GB memory 2000 GB storage
Overall cluster CDC (cluster) capacity is : 1800 logical cores 9600 GB memory 150000 GB storage
Number of Hadoop VMs in CDC : 100
Physical Machine bandwidth : 10.0 Gbps
Top of the rack switch bandwidth : 100.0 Gbps
Inter-rack bandwidth : 500.0 Gbps
Core switch bandwidth : 1000.0 Gbps
=====================================================================================================================================================
VM FLAVOUR DETAILS (falvour name, vCPU (real number of cores assigned=vCPU/2), Memory(GB), Storage(GB))
=====================================================================================================================================================
small:	1.0 logical cores (vCPUs) 2.0 GB memory 20.0 GB storage
medium:	2.0 logical cores (vCPUs) 4.0 GB memory 40.0 GB storage
large:	4.0 logical cores (vCPUs) 8.0 GB memory 80.0 GB storage
x large:	8.0 logical cores (vCPUs) 16.0 GB memory 160.0 GB storage
2x large:	12.0 logical cores (vCPUs) 24.0 GB memory 250.0 GB storage
=====================================================================================================================================================
VM assignment for the user in CDC  (Row: each PM Columns: every 6 columns is for 1 rack, each Column in one rack: Flavour1 #, Flavour2 #, Flavour3 #, Flavour4 #, Flavour5 #, Total VMs in PM )
=====================================================================================================================================================
0	0	0	0	0	0	0	1	0	0	0	1	0	0	0	1	0	1	0	0	0	0	0	0	0	0	0	0	0	0	
0	0	0	0	0	0	0	0	0	0	0	0	0	0	1	0	0	1	0	0	0	0	0	0	1	1	0	0	0	2	
1	0	0	1	0	2	0	0	0	0	0	0	0	0	1	1	0	2	0	0	0	0	1	1	0	0	1	0	1	2	
0	0	1	0	1	2	0	0	0	1	0	1	0	0	1	0	1	2	1	0	0	0	0	1	1	0	0	0	1	2	
0	0	0	0	1	1	0	1	0	0	0	1	1	0	0	1	0	2	0	0	1	0	0	1	0	1	0	0	1	2	
0	0	0	0	0	0	0	1	0	0	1	2	0	0	0	0	0	0	1	0	1	1	0	3	0	0	0	0	0	0	
1	0	0	0	0	1	0	0	0	0	0	0	0	1	0	1	0	2	0	0	0	1	0	1	0	0	0	0	0	0	
0	2	0	1	0	3	0	0	0	1	0	1	0	0	0	0	0	0	0	0	0	0	0	0	0	0	0	1	1	2	
0	1	1	0	0	2	0	0	0	0	0	0	0	0	0	0	1	1	1	0	1	0	0	2	0	0	0	0	1	1	
0	0	0	0	0	0	0	0	0	0	0	0	0	0	0	0	0	0	0	0	0	0	1	1	0	1	1	0	0	2	
2	0	0	0	0	2	0	0	0	2	0	2	1	1	0	1	0	3	1	0	1	0	0	2	0	0	0	1	0	1	
0	0	1	0	0	1	0	1	0	1	1	3	0	0	1	0	1	2	0	0	0	1	0	1	0	0	0	1	0	1	
0	0	1	0	1	2	0	0	0	0	0	0	0	0	0	1	0	1	1	1	1	0	0	3	1	0	1	0	0	2	
1	3	0	0	1	5	1	1	0	0	1	3	0	1	2	0	0	3	0	1	0	0	0	1	0	0	0	0	0	0	
1	0	0	1	0	2	1	0	0	0	1	2	1	0	0	0	1	2	0	1	1	0	1	3	1	0	1	0	0	2	
=====================================================================================================================================================
Available resources in PM in CDC  (Row: each PM Column: every 3 columns is for 1 rack, each column one rack: total resource, used resource, wasted resource)
=====================================================================================================================================================
12	128	2000	12	128	2000	12	128	2000	12	128	2000	12	128	2000	
12	128	2000	12	128	2000	12	128	2000	12	128	2000	12	128	2000	
12	128	2000	12	128	2000	12	128	2000	12	128	2000	12	128	2000	
12	128	2000	12	128	2000	12	128	2000	12	128	2000	12	128	2000	
12	128	2000	12	128	2000	12	128	2000	12	128	2000	12	128	2000	
12	128	2000	12	128	2000	12	128	2000	12	128	2000	12	128	2000	
12	128	2000	12	128	2000	12	128	2000	12	128	2000	12	128	2000	
12	128	2000	12	128	2000	12	128	2000	12	128	2000	12	128	2000	
12	128	2000	12	128	2000	12	128	2000	12	128	2000	12	128	2000	
12	128	2000	12	128	2000	12	128	2000	12	128	2000	12	128	2000	
12	128	2000	12	128	2000	12	128	2000	12	128	2000	12	128	2000	
12	128	2000	12	128	2000	12	128	2000	12	128	2000	12	128	2000	
12	128	2000	12	128	2000	12	128	2000	12	128	2000	12	128	2000	
12	128	2000	12	128	2000	12	128	2000	12	128	2000	12	128	2000	
12	128	2000	12	128	2000	12	128	2000	12	128	2000	12	128	2000	
=====================================================================================================================================================
Resource allocated at present in each PMs  (Row: each PM Column: every 3 columns is for 1 rack, each column one rack: total resource, used resource, wasted resource)
=====================================================================================================================================================
0	0	0	2	4	40	8	16	160	0	0	0	0	0	0	
0	0	0	0	0	0	4	8	80	0	0	0	2	4	40	
8	16	160	0	0	0	8	16	160	12	24	250	12	24	250	
12	24	250	8	16	160	12	24	250	1	2	20	12	24	250	
12	24	250	2	4	40	8	16	160	4	8	80	12	24	250	
0	0	0	12	24	250	0	0	0	8	16	160	0	0	0	
1	2	20	0	0	0	8	16	160	8	16	160	0	0	0	
8	16	160	8	16	160	0	0	0	0	0	0	12	24	250	
4	8	80	0	0	0	12	24	250	4	8	80	12	24	250	
0	0	0	0	0	0	0	0	0	12	24	250	4	8	80	
1	2	20	8	16	160	8	16	160	4	8	80	8	16	160	
4	8	80	12	24	250	12	24	250	8	16	160	8	16	160	
12	24	250	0	0	0	8	16	160	4	8	80	4	8	80	
12	24	250	12	24	250	4	8	80	2	4	40	0	0	0	
8	16	160	12	24	250	12	24	250	12	24	250	4	8	80	
=====================================================================================================================================================
Resource unused at present in each PMs  (Row: each PM Column: every 3 columns is for 1 rack, each column one rack: total resource, used resource, wasted resource)
=====================================================================================================================================================
12	128	2000	10	124	1960	4	112	1840	12	128	2000	12	128	2000	
12	128	2000	12	128	2000	8	120	1920	12	128	2000	10	124	1960	
4	112	1840	12	128	2000	4	112	1840	0	104	1750	0	104	1750	
0	104	1750	4	112	1840	0	104	1750	11	126	1980	0	104	1750	
0	104	1750	10	124	1960	4	112	1840	8	120	1920	0	104	1750	
12	128	2000	0	104	1750	12	128	2000	4	112	1840	12	128	2000	
11	126	1980	12	128	2000	4	112	1840	4	112	1840	12	128	2000	
4	112	1840	4	112	1840	12	128	2000	12	128	2000	0	104	1750	
8	120	1920	12	128	2000	0	104	1750	8	120	1920	0	104	1750	
12	128	2000	12	128	2000	12	128	2000	0	104	1750	8	120	1920	
11	126	1980	4	112	1840	4	112	1840	8	120	1920	4	112	1840	
8	120	1920	0	104	1750	0	104	1750	4	112	1840	4	112	1840	
0	104	1750	12	128	2000	4	112	1840	8	120	1920	8	120	1920	
0	104	1750	0	104	1750	8	120	1920	10	124	1960	12	128	2000	
4	112	1840	0	104	1750	0	104	1750	0	104	1750	8	120	1920	
=====================================================================================================================================================
VM allocation matrix  (VM #, resource allocated to each VM (vCPU, memory, storage), resource used in each VM (vCPU, memory, storage), which flavour, VM in which PM, and VM in which rack, # blocks stored (each block is 0.125))
=====================================================================================================================================================
1.0	1.0	2.0	20.0	0.0	0.0	0.0	1.0	11.0	3.0	0.0	
2.0	1.0	2.0	20.0	0.0	0.0	0.0	1.0	14.0	1.0	0.0	
3.0	1.0	2.0	20.0	0.0	0.0	0.0	1.0	6.0	4.0	0.0	
4.0	1.0	2.0	20.0	0.0	0.0	0.0	1.0	9.0	4.0	0.0	
5.0	1.0	2.0	20.0	0.0	0.0	0.0	1.0	15.0	2.0	0.0	
6.0	1.0	2.0	20.0	0.0	0.0	0.0	1.0	7.0	1.0	0.0	
7.0	1.0	2.0	20.0	0.0	0.0	0.0	1.0	11.0	1.0	0.0	
8.0	1.0	2.0	20.0	0.0	0.0	0.0	1.0	15.0	3.0	0.0	
9.0	1.0	2.0	20.0	0.0	0.0	0.0	1.0	15.0	5.0	0.0	
10.0	1.0	2.0	20.0	0.0	0.0	0.0	1.0	15.0	1.0	0.0	
11.0	1.0	2.0	20.0	0.0	0.0	0.0	1.0	4.0	4.0	0.0	
12.0	1.0	2.0	20.0	0.0	0.0	0.0	1.0	5.0	3.0	0.0	
13.0	1.0	2.0	20.0	0.0	0.0	0.0	1.0	3.0	1.0	0.0	
14.0	1.0	2.0	20.0	0.0	0.0	0.0	1.0	13.0	5.0	0.0	
15.0	1.0	2.0	20.0	0.0	0.0	0.0	1.0	11.0	1.0	0.0	
16.0	1.0	2.0	20.0	0.0	0.0	0.0	1.0	14.0	2.0	0.0	
17.0	1.0	2.0	20.0	0.0	0.0	0.0	1.0	11.0	4.0	0.0	
18.0	1.0	2.0	20.0	0.0	0.0	0.0	1.0	2.0	5.0	0.0	
19.0	1.0	2.0	20.0	0.0	0.0	0.0	1.0	13.0	4.0	0.0	
20.0	1.0	2.0	20.0	0.0	0.0	0.0	1.0	4.0	5.0	0.0	
21.0	2.0	4.0	40.0	0.0	0.0	0.0	2.0	9.0	1.0	0.0	
22.0	2.0	4.0	40.0	0.0	0.0	0.0	2.0	6.0	2.0	0.0	
23.0	2.0	4.0	40.0	0.0	0.0	0.0	2.0	7.0	3.0	0.0	
24.0	2.0	4.0	40.0	0.0	0.0	0.0	2.0	14.0	4.0	0.0	
25.0	2.0	4.0	40.0	0.0	0.0	0.0	2.0	12.0	2.0	0.0	
26.0	2.0	4.0	40.0	0.0	0.0	0.0	2.0	1.0	2.0	0.0	
27.0	2.0	4.0	40.0	0.0	0.0	0.0	2.0	13.0	4.0	0.0	
28.0	2.0	4.0	40.0	0.0	0.0	0.0	2.0	8.0	1.0	0.0	
29.0	2.0	4.0	40.0	0.0	0.0	0.0	2.0	2.0	5.0	0.0	
30.0	2.0	4.0	40.0	0.0	0.0	0.0	2.0	14.0	1.0	0.0	
31.0	2.0	4.0	40.0	0.0	0.0	0.0	2.0	8.0	1.0	0.0	
32.0	2.0	4.0	40.0	0.0	0.0	0.0	2.0	14.0	3.0	0.0	
33.0	2.0	4.0	40.0	0.0	0.0	0.0	2.0	14.0	1.0	0.0	
34.0	2.0	4.0	40.0	0.0	0.0	0.0	2.0	14.0	1.0	0.0	
35.0	2.0	4.0	40.0	0.0	0.0	0.0	2.0	10.0	5.0	0.0	
36.0	2.0	4.0	40.0	0.0	0.0	0.0	2.0	15.0	4.0	0.0	
37.0	2.0	4.0	40.0	0.0	0.0	0.0	2.0	5.0	2.0	0.0	
38.0	2.0	4.0	40.0	0.0	0.0	0.0	2.0	5.0	5.0	0.0	
39.0	2.0	4.0	40.0	0.0	0.0	0.0	2.0	14.0	2.0	0.0	
40.0	2.0	4.0	40.0	0.0	0.0	0.0	2.0	11.0	3.0	0.0	
41.0	4.0	8.0	80.0	0.0	0.0	0.0	3.0	15.0	4.0	0.0	
42.0	4.0	8.0	80.0	0.0	0.0	0.0	3.0	4.0	1.0	0.0	
43.0	4.0	8.0	80.0	0.0	0.0	0.0	3.0	13.0	1.0	0.0	
44.0	4.0	8.0	80.0	0.0	0.0	0.0	3.0	3.0	5.0	0.0	
45.0	4.0	8.0	80.0	0.0	0.0	0.0	3.0	5.0	4.0	0.0	
46.0	4.0	8.0	80.0	0.0	0.0	0.0	3.0	14.0	3.0	0.0	
47.0	4.0	8.0	80.0	0.0	0.0	0.0	3.0	15.0	5.0	0.0	
48.0	4.0	8.0	80.0	0.0	0.0	0.0	3.0	13.0	4.0	0.0	
49.0	4.0	8.0	80.0	0.0	0.0	0.0	3.0	12.0	1.0	0.0	
50.0	4.0	8.0	80.0	0.0	0.0	0.0	3.0	9.0	1.0	0.0	
51.0	4.0	8.0	80.0	0.0	0.0	0.0	3.0	2.0	3.0	0.0	
52.0	4.0	8.0	80.0	0.0	0.0	0.0	3.0	4.0	3.0	0.0	
53.0	4.0	8.0	80.0	0.0	0.0	0.0	3.0	12.0	3.0	0.0	
54.0	4.0	8.0	80.0	0.0	0.0	0.0	3.0	10.0	5.0	0.0	
55.0	4.0	8.0	80.0	0.0	0.0	0.0	3.0	6.0	4.0	0.0	
56.0	4.0	8.0	80.0	0.0	0.0	0.0	3.0	13.0	5.0	0.0	
57.0	4.0	8.0	80.0	0.0	0.0	0.0	3.0	14.0	3.0	0.0	
58.0	4.0	8.0	80.0	0.0	0.0	0.0	3.0	11.0	4.0	0.0	
59.0	4.0	8.0	80.0	0.0	0.0	0.0	3.0	9.0	4.0	0.0	
60.0	4.0	8.0	80.0	0.0	0.0	0.0	3.0	3.0	3.0	0.0	
61.0	8.0	16.0	160.0	0.0	0.0	0.0	4.0	12.0	4.0	0.0	
62.0	8.0	16.0	160.0	0.0	0.0	0.0	4.0	7.0	4.0	0.0	
63.0	8.0	16.0	160.0	0.0	0.0	0.0	4.0	15.0	1.0	0.0	
64.0	8.0	16.0	160.0	0.0	0.0	0.0	4.0	4.0	2.0	0.0	
65.0	8.0	16.0	160.0	0.0	0.0	0.0	4.0	11.0	2.0	0.0	
66.0	8.0	16.0	160.0	0.0	0.0	0.0	4.0	12.0	5.0	0.0	
67.0	8.0	16.0	160.0	0.0	0.0	0.0	4.0	3.0	3.0	0.0	
68.0	8.0	16.0	160.0	0.0	0.0	0.0	4.0	5.0	3.0	0.0	
69.0	8.0	16.0	160.0	0.0	0.0	0.0	4.0	12.0	2.0	0.0	
70.0	8.0	16.0	160.0	0.0	0.0	0.0	4.0	11.0	5.0	0.0	
71.0	8.0	16.0	160.0	0.0	0.0	0.0	4.0	11.0	3.0	0.0	
72.0	8.0	16.0	160.0	0.0	0.0	0.0	4.0	11.0	2.0	0.0	
73.0	8.0	16.0	160.0	0.0	0.0	0.0	4.0	13.0	3.0	0.0	
74.0	8.0	16.0	160.0	0.0	0.0	0.0	4.0	1.0	3.0	0.0	
75.0	8.0	16.0	160.0	0.0	0.0	0.0	4.0	8.0	5.0	0.0	
76.0	8.0	16.0	160.0	0.0	0.0	0.0	4.0	6.0	4.0	0.0	
77.0	8.0	16.0	160.0	0.0	0.0	0.0	4.0	8.0	2.0	0.0	
78.0	8.0	16.0	160.0	0.0	0.0	0.0	4.0	8.0	1.0	0.0	
79.0	8.0	16.0	160.0	0.0	0.0	0.0	4.0	7.0	3.0	0.0	
80.0	8.0	16.0	160.0	0.0	0.0	0.0	4.0	3.0	1.0	0.0	
81.0	12.0	24.0	250.0	0.0	0.0	0.0	5.0	3.0	4.0	0.0	
82.0	12.0	24.0	250.0	0.0	0.0	0.0	5.0	6.0	2.0	0.0	
83.0	12.0	24.0	250.0	0.0	0.0	0.0	5.0	5.0	1.0	0.0	
84.0	12.0	24.0	250.0	0.0	0.0	0.0	5.0	12.0	2.0	0.0	
85.0	12.0	24.0	250.0	0.0	0.0	0.0	5.0	3.0	5.0	0.0	
86.0	12.0	24.0	250.0	0.0	0.0	0.0	5.0	15.0	4.0	0.0	
87.0	12.0	24.0	250.0	0.0	0.0	0.0	5.0	5.0	5.0	0.0	
88.0	12.0	24.0	250.0	0.0	0.0	0.0	5.0	4.0	3.0	0.0	
89.0	12.0	24.0	250.0	0.0	0.0	0.0	5.0	14.0	2.0	0.0	
90.0	12.0	24.0	250.0	0.0	0.0	0.0	5.0	4.0	1.0	0.0	
91.0	12.0	24.0	250.0	0.0	0.0	0.0	5.0	9.0	5.0	0.0	
92.0	12.0	24.0	250.0	0.0	0.0	0.0	5.0	10.0	4.0	0.0	
93.0	12.0	24.0	250.0	0.0	0.0	0.0	5.0	4.0	5.0	0.0	
94.0	12.0	24.0	250.0	0.0	0.0	0.0	5.0	13.0	1.0	0.0	
95.0	12.0	24.0	250.0	0.0	0.0	0.0	5.0	8.0	5.0	0.0	
96.0	12.0	24.0	250.0	0.0	0.0	0.0	5.0	15.0	3.0	0.0	
97.0	12.0	24.0	250.0	0.0	0.0	0.0	5.0	9.0	3.0	0.0	
98.0	12.0	24.0	250.0	0.0	0.0	0.0	5.0	15.0	2.0	0.0	
99.0	12.0	24.0	250.0	0.0	0.0	0.0	5.0	12.0	3.0	0.0	
100.0	12.0	24.0	250.0	0.0	0.0	0.0	5.0	14.0	1.0	0.0	
=====================================================================================================================================================
Total resource allocated for Hadoop clsuter 	540.0 vCPU	1080.0 GB memory
=====================================================================================================================================================
=====================================================================================================================================================
Rack #, PM #,  list of VMs
=====================================================================================================================================================
1.0	11.0	: 7	15	
1.0	12.0	: 49	
1.0	13.0	: 43	94	
1.0	14.0	: 2	30	33	34	100	
1.0	15.0	: 10	63	
1.0	3.0	: 13	80	
1.0	4.0	: 42	90	
1.0	5.0	: 83	
1.0	7.0	: 6	
1.0	8.0	: 28	31	78	
1.0	9.0	: 21	50	
2.0	1.0	: 26	
2.0	11.0	: 65	72	
2.0	12.0	: 25	69	84	
2.0	14.0	: 16	39	89	
2.0	15.0	: 5	98	
2.0	4.0	: 64	
2.0	5.0	: 37	
2.0	6.0	: 22	82	
2.0	8.0	: 77	
3.0	1.0	: 74	
3.0	11.0	: 1	40	71	
3.0	12.0	: 53	99	
3.0	13.0	: 73	
3.0	14.0	: 32	46	57	
3.0	15.0	: 8	96	
3.0	2.0	: 51	
3.0	3.0	: 60	67	
3.0	4.0	: 52	88	
3.0	5.0	: 12	68	
3.0	7.0	: 23	79	
3.0	9.0	: 97	
4.0	10.0	: 92	
4.0	11.0	: 17	58	
4.0	12.0	: 61	
4.0	13.0	: 19	27	48	
4.0	14.0	: 24	
4.0	15.0	: 36	41	86	
4.0	3.0	: 81	
4.0	4.0	: 11	
4.0	5.0	: 45	
4.0	6.0	: 3	55	76	
4.0	7.0	: 62	
4.0	9.0	: 4	59	
5.0	10.0	: 35	54	
5.0	11.0	: 70	
5.0	12.0	: 66	
5.0	13.0	: 14	56	
5.0	15.0	: 9	47	
5.0	2.0	: 18	29	
5.0	3.0	: 44	85	
5.0	4.0	: 20	93	
5.0	5.0	: 38	87	
5.0	8.0	: 75	95	
5.0	9.0	: 91	
=====================================================================================================================================================
VM flavor mapping (VM Flav #, list of VM numbers that belong to the specific flavor)
=====================================================================================================================================================
1	1	2	3	4	5	6	7	8	9	10	11	12	13	14	15	16	17	18	19	20	
2	21	22	23	24	25	26	27	28	29	30	31	32	33	34	35	36	37	38	39	40	
3	41	42	43	44	45	46	47	48	49	50	51	52	53	54	55	56	57	58	59	60	
4	61	62	63	64	65	66	67	68	69	70	71	72	73	74	75	76	77	78	79	80	
5	81	82	83	84	85	86	87	88	89	90	91	92	93	94	95	96	97	98	99	100	
=====================================================================================================================================================
WORKLOAD DETAILS 
=====================================================================================================================================================
Number of workloads/jobs   : 4
 
Dataset for each workload/job
		wordcount: 128 GB
		wordmean: 64 GB
		word std deviation: 256 GB
		kmean: 192 GB
 
HDFS block size is :128 MB 
 
Number of map and reduce tasks for each workloads 
		wordcount: 1024 blocks, 1024 map tasks, and 20 reduce tasks
		wordmean: 512 blocks, 512 map tasks, and 15 reduce tasks
		word std deviation: 2048 blocks, 2048 map tasks, and 18 reduce tasks
		kmean: 1536 blocks, 1536 map tasks, and 10 reduce tasks
 
Resource requirements of map and reduce tasks
		map tasks: 1.0 vCPU 2.0  GB memory and reduce tasks:  1.0 vCPU 1.0  GB memory
		map tasks: 1.0 vCPU 1.0  GB memory and reduce tasks:  2.0 vCPU 1.0  GB memory
		map tasks: 1.0 vCPU 1.5  GB memory and reduce tasks:  2.0 vCPU 2.0  GB memory
		map tasks: 2.0 vCPU 1.5  GB memory and reduce tasks:  2.0 vCPU 2.5  GB memory
 
Map and reduce tasks latency of each workload 
		wordcount: map task latency:21.0 and reduce task latency: 39.0
		wordmean: map task latency:18.0 and reduce task latency: 33.0
		word std deviation: map task latency:15.0 and reduce task latency: 30.0
		kmean: map task latency:21.0 and reduce task latency: 60.0
=====================================================================================================================================================
Block Allocation Scheme based on VM capacity
=====================================================================================================================================================
Total number of wordcount job blocks (with RF 3) are 3072. The split up ratio among different flavors are :
		113.0 blocks are loaded in VM Flavour 1
		227.0 blocks are loaded in VM Flavour 2
		454.0 blocks are loaded in VM Flavour 3
		909.0 blocks are loaded in VM Flavour 4
		1369.0 blocks are loaded in VM Flavour 5
 
Total number of wordmean job blocks (with RF 3) are 1536. The split up ratio among different flavors are :
		56.0 blocks are loaded in VM Flavour 1
		113.0 blocks are loaded in VM Flavour 2
		227.0 blocks are loaded in VM Flavour 3
		454.0 blocks are loaded in VM Flavour 4
		686.0 blocks are loaded in VM Flavour 5
 
Total number of word std deviation job blocks (with RF 3) are 6144. The split up ratio among different flavors are :
		227.0 blocks are loaded in VM Flavour 1
		454.0 blocks are loaded in VM Flavour 2
		909.0 blocks are loaded in VM Flavour 3
		1818.0 blocks are loaded in VM Flavour 4
		2736.0 blocks are loaded in VM Flavour 5
 
Total number of kmean job blocks (with RF 3) are 4608. The split up ratio among different flavors are :
		170.0 blocks are loaded in VM Flavour 1
		340.0 blocks are loaded in VM Flavour 2
		681.0 blocks are loaded in VM Flavour 3
		1363.0 blocks are loaded in VM Flavour 4
		2054.0 blocks are loaded in VM Flavour 5
 
 
Block loading status of all workloads 
		All blocks of wordcount job have been loaded
		All blocks of wordmean job have been loaded
		All blocks of word std deviation job have been loaded
		All blocks of kmean job have been loaded
 
MapReduce Execution Assumptions
		Scheduler executes every 5 seconds
		One map task is dedicated to one block
		Block transfter time over network for non-local execution is 2 seconds
		Reduce tasks are launched after all map tasks are done
 
=====================================================================================================================================================
wordcount data blocks: block #, copy1(VM #, VM Flav #, PM #, Rack #), copy2(VM #, VM Flav #, PM #, Rack #), copy3(VM #, VM Flav #, PM #, Rack #)
=====================================================================================================================================================
1.0	81.0	5.0	3.0	4.0	82.0	5.0	6.0	2.0	83.0	5.0	5.0	1.0	
2.0	84.0	5.0	12.0	2.0	85.0	5.0	3.0	5.0	86.0	5.0	15.0	4.0	
3.0	87.0	5.0	5.0	5.0	88.0	5.0	4.0	3.0	89.0	5.0	14.0	2.0	
4.0	90.0	5.0	4.0	1.0	91.0	5.0	9.0	5.0	92.0	5.0	10.0	4.0	
5.0	93.0	5.0	4.0	5.0	94.0	5.0	13.0	1.0	95.0	5.0	8.0	5.0	
6.0	96.0	5.0	15.0	3.0	97.0	5.0	9.0	3.0	98.0	5.0	15.0	2.0	
7.0	99.0	5.0	12.0	3.0	100.0	5.0	14.0	1.0	81.0	5.0	3.0	4.0	
8.0	82.0	5.0	6.0	2.0	83.0	5.0	5.0	1.0	84.0	5.0	12.0	2.0	
9.0	85.0	5.0	3.0	5.0	86.0	5.0	15.0	4.0	87.0	5.0	5.0	5.0	
10.0	88.0	5.0	4.0	3.0	89.0	5.0	14.0	2.0	90.0	5.0	4.0	1.0	
11.0	91.0	5.0	9.0	5.0	92.0	5.0	10.0	4.0	93.0	5.0	4.0	5.0	
12.0	94.0	5.0	13.0	1.0	95.0	5.0	8.0	5.0	96.0	5.0	15.0	3.0	
13.0	97.0	5.0	9.0	3.0	98.0	5.0	15.0	2.0	99.0	5.0	12.0	3.0	
14.0	100.0	5.0	14.0	1.0	81.0	5.0	3.0	4.0	82.0	5.0	6.0	2.0	
15.0	83.0	5.0	5.0	1.0	84.0	5.0	12.0	2.0	85.0	5.0	3.0	5.0	
16.0	86.0	5.0	15.0	4.0	87.0	5.0	5.0	5.0	88.0	5.0	4.0	3.0	
17.0	89.0	5.0	14.0	2.0	90.0	5.0	4.0	1.0	91.0	5.0	9.0	5.0	
18.0	92.0	5.0	10.0	4.0	93.0	5.0	4.0	5.0	94.0	5.0	13.0	1.0	
19.0	95.0	5.0	8.0	5.0	96.0	5.0	15.0	3.0	97.0	5.0	9.0	3.0	
20.0	98.0	5.0	15.0	2.0	99.0	5.0	12.0	3.0	100.0	5.0	14.0	1.0	
21.0	81.0	5.0	3.0	4.0	82.0	5.0	6.0	2.0	83.0	5.0	5.0	1.0	
22.0	84.0	5.0	12.0	2.0	85.0	5.0	3.0	5.0	86.0	5.0	15.0	4.0	
23.0	87.0	5.0	5.0	5.0	88.0	5.0	4.0	3.0	89.0	5.0	14.0	2.0	
24.0	90.0	5.0	4.0	1.0	91.0	5.0	9.0	5.0	92.0	5.0	10.0	4.0	
25.0	93.0	5.0	4.0	5.0	94.0	5.0	13.0	1.0	95.0	5.0	8.0	5.0	
26.0	96.0	5.0	15.0	3.0	97.0	5.0	9.0	3.0	98.0	5.0	15.0	2.0	
27.0	99.0	5.0	12.0	3.0	100.0	5.0	14.0	1.0	81.0	5.0	3.0	4.0	
28.0	82.0	5.0	6.0	2.0	83.0	5.0	5.0	1.0	84.0	5.0	12.0	2.0	
29.0	85.0	5.0	3.0	5.0	86.0	5.0	15.0	4.0	87.0	5.0	5.0	5.0	
30.0	88.0	5.0	4.0	3.0	89.0	5.0	14.0	2.0	90.0	5.0	4.0	1.0	
31.0	91.0	5.0	9.0	5.0	92.0	5.0	10.0	4.0	93.0	5.0	4.0	5.0	
32.0	94.0	5.0	13.0	1.0	95.0	5.0	8.0	5.0	96.0	5.0	15.0	3.0	
33.0	97.0	5.0	9.0	3.0	98.0	5.0	15.0	2.0	99.0	5.0	12.0	3.0	
34.0	100.0	5.0	14.0	1.0	81.0	5.0	3.0	4.0	82.0	5.0	6.0	2.0	
35.0	83.0	5.0	5.0	1.0	84.0	5.0	12.0	2.0	85.0	5.0	3.0	5.0	
36.0	86.0	5.0	15.0	4.0	87.0	5.0	5.0	5.0	88.0	5.0	4.0	3.0	
37.0	89.0	5.0	14.0	2.0	90.0	5.0	4.0	1.0	91.0	5.0	9.0	5.0	
38.0	92.0	5.0	10.0	4.0	93.0	5.0	4.0	5.0	94.0	5.0	13.0	1.0	
39.0	95.0	5.0	8.0	5.0	96.0	5.0	15.0	3.0	97.0	5.0	9.0	3.0	
40.0	98.0	5.0	15.0	2.0	99.0	5.0	12.0	3.0	100.0	5.0	14.0	1.0	
41.0	81.0	5.0	3.0	4.0	82.0	5.0	6.0	2.0	83.0	5.0	5.0	1.0	
42.0	84.0	5.0	12.0	2.0	85.0	5.0	3.0	5.0	86.0	5.0	15.0	4.0	
43.0	87.0	5.0	5.0	5.0	88.0	5.0	4.0	3.0	89.0	5.0	14.0	2.0	
44.0	90.0	5.0	4.0	1.0	91.0	5.0	9.0	5.0	92.0	5.0	10.0	4.0	
45.0	93.0	5.0	4.0	5.0	94.0	5.0	13.0	1.0	95.0	5.0	8.0	5.0	
46.0	96.0	5.0	15.0	3.0	97.0	5.0	9.0	3.0	98.0	5.0	15.0	2.0	
47.0	99.0	5.0	12.0	3.0	100.0	5.0	14.0	1.0	81.0	5.0	3.0	4.0	
48.0	82.0	5.0	6.0	2.0	83.0	5.0	5.0	1.0	84.0	5.0	12.0	2.0	
49.0	85.0	5.0	3.0	5.0	86.0	5.0	15.0	4.0	87.0	5.0	5.0	5.0	
50.0	88.0	5.0	4.0	3.0	89.0	5.0	14.0	2.0	90.0	5.0	4.0	1.0	
51.0	91.0	5.0	9.0	5.0	92.0	5.0	10.0	4.0	93.0	5.0	4.0	5.0	
52.0	94.0	5.0	13.0	1.0	95.0	5.0	8.0	5.0	96.0	5.0	15.0	3.0	
53.0	97.0	5.0	9.0	3.0	98.0	5.0	15.0	2.0	99.0	5.0	12.0	3.0	
54.0	100.0	5.0	14.0	1.0	81.0	5.0	3.0	4.0	82.0	5.0	6.0	2.0	
55.0	83.0	5.0	5.0	1.0	84.0	5.0	12.0	2.0	85.0	5.0	3.0	5.0	
56.0	86.0	5.0	15.0	4.0	87.0	5.0	5.0	5.0	88.0	5.0	4.0	3.0	
57.0	89.0	5.0	14.0	2.0	90.0	5.0	4.0	1.0	91.0	5.0	9.0	5.0	
58.0	92.0	5.0	10.0	4.0	93.0	5.0	4.0	5.0	94.0	5.0	13.0	1.0	
59.0	95.0	5.0	8.0	5.0	96.0	5.0	15.0	3.0	97.0	5.0	9.0	3.0	
60.0	98.0	5.0	15.0	2.0	99.0	5.0	12.0	3.0	100.0	5.0	14.0	1.0	
61.0	81.0	5.0	3.0	4.0	82.0	5.0	6.0	2.0	83.0	5.0	5.0	1.0	
62.0	84.0	5.0	12.0	2.0	85.0	5.0	3.0	5.0	86.0	5.0	15.0	4.0	
63.0	87.0	5.0	5.0	5.0	88.0	5.0	4.0	3.0	89.0	5.0	14.0	2.0	
64.0	90.0	5.0	4.0	1.0	91.0	5.0	9.0	5.0	92.0	5.0	10.0	4.0	
65.0	93.0	5.0	4.0	5.0	94.0	5.0	13.0	1.0	95.0	5.0	8.0	5.0	
66.0	96.0	5.0	15.0	3.0	97.0	5.0	9.0	3.0	98.0	5.0	15.0	2.0	
67.0	99.0	5.0	12.0	3.0	100.0	5.0	14.0	1.0	81.0	5.0	3.0	4.0	
68.0	82.0	5.0	6.0	2.0	83.0	5.0	5.0	1.0	84.0	5.0	12.0	2.0	
69.0	85.0	5.0	3.0	5.0	86.0	5.0	15.0	4.0	87.0	5.0	5.0	5.0	
70.0	88.0	5.0	4.0	3.0	89.0	5.0	14.0	2.0	90.0	5.0	4.0	1.0	
71.0	91.0	5.0	9.0	5.0	92.0	5.0	10.0	4.0	93.0	5.0	4.0	5.0	
72.0	94.0	5.0	13.0	1.0	95.0	5.0	8.0	5.0	96.0	5.0	15.0	3.0	
73.0	97.0	5.0	9.0	3.0	98.0	5.0	15.0	2.0	99.0	5.0	12.0	3.0	
74.0	100.0	5.0	14.0	1.0	81.0	5.0	3.0	4.0	82.0	5.0	6.0	2.0	
75.0	83.0	5.0	5.0	1.0	84.0	5.0	12.0	2.0	85.0	5.0	3.0	5.0	
76.0	86.0	5.0	15.0	4.0	87.0	5.0	5.0	5.0	88.0	5.0	4.0	3.0	
77.0	89.0	5.0	14.0	2.0	90.0	5.0	4.0	1.0	91.0	5.0	9.0	5.0	
78.0	92.0	5.0	10.0	4.0	93.0	5.0	4.0	5.0	94.0	5.0	13.0	1.0	
79.0	95.0	5.0	8.0	5.0	96.0	5.0	15.0	3.0	97.0	5.0	9.0	3.0	
80.0	98.0	5.0	15.0	2.0	99.0	5.0	12.0	3.0	100.0	5.0	14.0	1.0	
81.0	81.0	5.0	3.0	4.0	82.0	5.0	6.0	2.0	83.0	5.0	5.0	1.0	
82.0	84.0	5.0	12.0	2.0	85.0	5.0	3.0	5.0	86.0	5.0	15.0	4.0	
83.0	87.0	5.0	5.0	5.0	88.0	5.0	4.0	3.0	89.0	5.0	14.0	2.0	
84.0	90.0	5.0	4.0	1.0	91.0	5.0	9.0	5.0	92.0	5.0	10.0	4.0	
85.0	93.0	5.0	4.0	5.0	94.0	5.0	13.0	1.0	95.0	5.0	8.0	5.0	
86.0	96.0	5.0	15.0	3.0	97.0	5.0	9.0	3.0	98.0	5.0	15.0	2.0	
87.0	99.0	5.0	12.0	3.0	100.0	5.0	14.0	1.0	81.0	5.0	3.0	4.0	
88.0	82.0	5.0	6.0	2.0	83.0	5.0	5.0	1.0	84.0	5.0	12.0	2.0	
89.0	85.0	5.0	3.0	5.0	86.0	5.0	15.0	4.0	87.0	5.0	5.0	5.0	
90.0	88.0	5.0	4.0	3.0	89.0	5.0	14.0	2.0	90.0	5.0	4.0	1.0	
91.0	91.0	5.0	9.0	5.0	92.0	5.0	10.0	4.0	93.0	5.0	4.0	5.0	
92.0	94.0	5.0	13.0	1.0	95.0	5.0	8.0	5.0	96.0	5.0	15.0	3.0	
93.0	97.0	5.0	9.0	3.0	98.0	5.0	15.0	2.0	99.0	5.0	12.0	3.0	
94.0	100.0	5.0	14.0	1.0	81.0	5.0	3.0	4.0	82.0	5.0	6.0	2.0	
95.0	83.0	5.0	5.0	1.0	84.0	5.0	12.0	2.0	85.0	5.0	3.0	5.0	
96.0	86.0	5.0	15.0	4.0	87.0	5.0	5.0	5.0	88.0	5.0	4.0	3.0	
97.0	89.0	5.0	14.0	2.0	90.0	5.0	4.0	1.0	91.0	5.0	9.0	5.0	
98.0	92.0	5.0	10.0	4.0	93.0	5.0	4.0	5.0	94.0	5.0	13.0	1.0	
99.0	95.0	5.0	8.0	5.0	96.0	5.0	15.0	3.0	97.0	5.0	9.0	3.0	
100.0	98.0	5.0	15.0	2.0	99.0	5.0	12.0	3.0	100.0	5.0	14.0	1.0	
101.0	81.0	5.0	3.0	4.0	82.0	5.0	6.0	2.0	83.0	5.0	5.0	1.0	
102.0	84.0	5.0	12.0	2.0	85.0	5.0	3.0	5.0	86.0	5.0	15.0	4.0	
103.0	87.0	5.0	5.0	5.0	88.0	5.0	4.0	3.0	89.0	5.0	14.0	2.0	
104.0	90.0	5.0	4.0	1.0	91.0	5.0	9.0	5.0	92.0	5.0	10.0	4.0	
105.0	93.0	5.0	4.0	5.0	94.0	5.0	13.0	1.0	95.0	5.0	8.0	5.0	
106.0	96.0	5.0	15.0	3.0	97.0	5.0	9.0	3.0	98.0	5.0	15.0	2.0	
107.0	99.0	5.0	12.0	3.0	100.0	5.0	14.0	1.0	81.0	5.0	3.0	4.0	
108.0	82.0	5.0	6.0	2.0	83.0	5.0	5.0	1.0	84.0	5.0	12.0	2.0	
109.0	85.0	5.0	3.0	5.0	86.0	5.0	15.0	4.0	87.0	5.0	5.0	5.0	
110.0	88.0	5.0	4.0	3.0	89.0	5.0	14.0	2.0	90.0	5.0	4.0	1.0	
111.0	91.0	5.0	9.0	5.0	92.0	5.0	10.0	4.0	93.0	5.0	4.0	5.0	
112.0	94.0	5.0	13.0	1.0	95.0	5.0	8.0	5.0	96.0	5.0	15.0	3.0	
113.0	97.0	5.0	9.0	3.0	98.0	5.0	15.0	2.0	99.0	5.0	12.0	3.0	
114.0	100.0	5.0	14.0	1.0	81.0	5.0	3.0	4.0	82.0	5.0	6.0	2.0	
115.0	83.0	5.0	5.0	1.0	84.0	5.0	12.0	2.0	85.0	5.0	3.0	5.0	
116.0	86.0	5.0	15.0	4.0	87.0	5.0	5.0	5.0	88.0	5.0	4.0	3.0	
117.0	89.0	5.0	14.0	2.0	90.0	5.0	4.0	1.0	91.0	5.0	9.0	5.0	
118.0	92.0	5.0	10.0	4.0	93.0	5.0	4.0	5.0	94.0	5.0	13.0	1.0	
119.0	95.0	5.0	8.0	5.0	96.0	5.0	15.0	3.0	97.0	5.0	9.0	3.0	
120.0	98.0	5.0	15.0	2.0	99.0	5.0	12.0	3.0	100.0	5.0	14.0	1.0	
121.0	81.0	5.0	3.0	4.0	82.0	5.0	6.0	2.0	83.0	5.0	5.0	1.0	
122.0	84.0	5.0	12.0	2.0	85.0	5.0	3.0	5.0	86.0	5.0	15.0	4.0	
123.0	87.0	5.0	5.0	5.0	88.0	5.0	4.0	3.0	89.0	5.0	14.0	2.0	
124.0	90.0	5.0	4.0	1.0	91.0	5.0	9.0	5.0	92.0	5.0	10.0	4.0	
125.0	93.0	5.0	4.0	5.0	94.0	5.0	13.0	1.0	95.0	5.0	8.0	5.0	
126.0	96.0	5.0	15.0	3.0	97.0	5.0	9.0	3.0	98.0	5.0	15.0	2.0	
127.0	99.0	5.0	12.0	3.0	100.0	5.0	14.0	1.0	81.0	5.0	3.0	4.0	
128.0	82.0	5.0	6.0	2.0	83.0	5.0	5.0	1.0	84.0	5.0	12.0	2.0	
129.0	85.0	5.0	3.0	5.0	86.0	5.0	15.0	4.0	87.0	5.0	5.0	5.0	
130.0	88.0	5.0	4.0	3.0	89.0	5.0	14.0	2.0	90.0	5.0	4.0	1.0	
131.0	91.0	5.0	9.0	5.0	92.0	5.0	10.0	4.0	93.0	5.0	4.0	5.0	
132.0	94.0	5.0	13.0	1.0	95.0	5.0	8.0	5.0	96.0	5.0	15.0	3.0	
133.0	97.0	5.0	9.0	3.0	98.0	5.0	15.0	2.0	99.0	5.0	12.0	3.0	
134.0	100.0	5.0	14.0	1.0	81.0	5.0	3.0	4.0	82.0	5.0	6.0	2.0	
135.0	83.0	5.0	5.0	1.0	84.0	5.0	12.0	2.0	85.0	5.0	3.0	5.0	
136.0	86.0	5.0	15.0	4.0	87.0	5.0	5.0	5.0	88.0	5.0	4.0	3.0	
137.0	89.0	5.0	14.0	2.0	90.0	5.0	4.0	1.0	91.0	5.0	9.0	5.0	
138.0	92.0	5.0	10.0	4.0	93.0	5.0	4.0	5.0	94.0	5.0	13.0	1.0	
139.0	95.0	5.0	8.0	5.0	96.0	5.0	15.0	3.0	97.0	5.0	9.0	3.0	
140.0	98.0	5.0	15.0	2.0	99.0	5.0	12.0	3.0	100.0	5.0	14.0	1.0	
141.0	81.0	5.0	3.0	4.0	82.0	5.0	6.0	2.0	83.0	5.0	5.0	1.0	
142.0	84.0	5.0	12.0	2.0	85.0	5.0	3.0	5.0	86.0	5.0	15.0	4.0	
143.0	87.0	5.0	5.0	5.0	88.0	5.0	4.0	3.0	89.0	5.0	14.0	2.0	
144.0	90.0	5.0	4.0	1.0	91.0	5.0	9.0	5.0	92.0	5.0	10.0	4.0	
145.0	93.0	5.0	4.0	5.0	94.0	5.0	13.0	1.0	95.0	5.0	8.0	5.0	
146.0	96.0	5.0	15.0	3.0	97.0	5.0	9.0	3.0	98.0	5.0	15.0	2.0	
147.0	99.0	5.0	12.0	3.0	100.0	5.0	14.0	1.0	81.0	5.0	3.0	4.0	
148.0	82.0	5.0	6.0	2.0	83.0	5.0	5.0	1.0	84.0	5.0	12.0	2.0	
149.0	85.0	5.0	3.0	5.0	86.0	5.0	15.0	4.0	87.0	5.0	5.0	5.0	
150.0	88.0	5.0	4.0	3.0	89.0	5.0	14.0	2.0	90.0	5.0	4.0	1.0	
151.0	91.0	5.0	9.0	5.0	92.0	5.0	10.0	4.0	93.0	5.0	4.0	5.0	
152.0	94.0	5.0	13.0	1.0	95.0	5.0	8.0	5.0	96.0	5.0	15.0	3.0	
153.0	97.0	5.0	9.0	3.0	98.0	5.0	15.0	2.0	99.0	5.0	12.0	3.0	
154.0	100.0	5.0	14.0	1.0	81.0	5.0	3.0	4.0	82.0	5.0	6.0	2.0	
155.0	83.0	5.0	5.0	1.0	84.0	5.0	12.0	2.0	85.0	5.0	3.0	5.0	
156.0	86.0	5.0	15.0	4.0	87.0	5.0	5.0	5.0	88.0	5.0	4.0	3.0	
157.0	89.0	5.0	14.0	2.0	90.0	5.0	4.0	1.0	91.0	5.0	9.0	5.0	
158.0	92.0	5.0	10.0	4.0	93.0	5.0	4.0	5.0	94.0	5.0	13.0	1.0	
159.0	95.0	5.0	8.0	5.0	96.0	5.0	15.0	3.0	97.0	5.0	9.0	3.0	
160.0	98.0	5.0	15.0	2.0	99.0	5.0	12.0	3.0	100.0	5.0	14.0	1.0	
161.0	81.0	5.0	3.0	4.0	82.0	5.0	6.0	2.0	83.0	5.0	5.0	1.0	
162.0	84.0	5.0	12.0	2.0	85.0	5.0	3.0	5.0	86.0	5.0	15.0	4.0	
163.0	87.0	5.0	5.0	5.0	88.0	5.0	4.0	3.0	89.0	5.0	14.0	2.0	
164.0	90.0	5.0	4.0	1.0	91.0	5.0	9.0	5.0	92.0	5.0	10.0	4.0	
165.0	93.0	5.0	4.0	5.0	94.0	5.0	13.0	1.0	95.0	5.0	8.0	5.0	
166.0	96.0	5.0	15.0	3.0	97.0	5.0	9.0	3.0	98.0	5.0	15.0	2.0	
167.0	99.0	5.0	12.0	3.0	100.0	5.0	14.0	1.0	81.0	5.0	3.0	4.0	
168.0	82.0	5.0	6.0	2.0	83.0	5.0	5.0	1.0	84.0	5.0	12.0	2.0	
169.0	85.0	5.0	3.0	5.0	86.0	5.0	15.0	4.0	87.0	5.0	5.0	5.0	
170.0	88.0	5.0	4.0	3.0	89.0	5.0	14.0	2.0	90.0	5.0	4.0	1.0	
171.0	91.0	5.0	9.0	5.0	92.0	5.0	10.0	4.0	93.0	5.0	4.0	5.0	
172.0	94.0	5.0	13.0	1.0	95.0	5.0	8.0	5.0	96.0	5.0	15.0	3.0	
173.0	97.0	5.0	9.0	3.0	98.0	5.0	15.0	2.0	99.0	5.0	12.0	3.0	
174.0	100.0	5.0	14.0	1.0	81.0	5.0	3.0	4.0	82.0	5.0	6.0	2.0	
175.0	83.0	5.0	5.0	1.0	84.0	5.0	12.0	2.0	85.0	5.0	3.0	5.0	
176.0	86.0	5.0	15.0	4.0	87.0	5.0	5.0	5.0	88.0	5.0	4.0	3.0	
177.0	89.0	5.0	14.0	2.0	90.0	5.0	4.0	1.0	91.0	5.0	9.0	5.0	
178.0	92.0	5.0	10.0	4.0	93.0	5.0	4.0	5.0	94.0	5.0	13.0	1.0	
179.0	95.0	5.0	8.0	5.0	96.0	5.0	15.0	3.0	97.0	5.0	9.0	3.0	
180.0	98.0	5.0	15.0	2.0	99.0	5.0	12.0	3.0	100.0	5.0	14.0	1.0	
181.0	81.0	5.0	3.0	4.0	82.0	5.0	6.0	2.0	83.0	5.0	5.0	1.0	
182.0	84.0	5.0	12.0	2.0	85.0	5.0	3.0	5.0	86.0	5.0	15.0	4.0	
183.0	87.0	5.0	5.0	5.0	88.0	5.0	4.0	3.0	89.0	5.0	14.0	2.0	
184.0	90.0	5.0	4.0	1.0	91.0	5.0	9.0	5.0	92.0	5.0	10.0	4.0	
185.0	93.0	5.0	4.0	5.0	94.0	5.0	13.0	1.0	95.0	5.0	8.0	5.0	
186.0	96.0	5.0	15.0	3.0	97.0	5.0	9.0	3.0	98.0	5.0	15.0	2.0	
187.0	99.0	5.0	12.0	3.0	100.0	5.0	14.0	1.0	81.0	5.0	3.0	4.0	
188.0	82.0	5.0	6.0	2.0	83.0	5.0	5.0	1.0	84.0	5.0	12.0	2.0	
189.0	85.0	5.0	3.0	5.0	86.0	5.0	15.0	4.0	87.0	5.0	5.0	5.0	
190.0	88.0	5.0	4.0	3.0	89.0	5.0	14.0	2.0	90.0	5.0	4.0	1.0	
191.0	91.0	5.0	9.0	5.0	92.0	5.0	10.0	4.0	93.0	5.0	4.0	5.0	
192.0	94.0	5.0	13.0	1.0	95.0	5.0	8.0	5.0	96.0	5.0	15.0	3.0	
193.0	97.0	5.0	9.0	3.0	98.0	5.0	15.0	2.0	99.0	5.0	12.0	3.0	
194.0	100.0	5.0	14.0	1.0	81.0	5.0	3.0	4.0	82.0	5.0	6.0	2.0	
195.0	83.0	5.0	5.0	1.0	84.0	5.0	12.0	2.0	85.0	5.0	3.0	5.0	
196.0	86.0	5.0	15.0	4.0	87.0	5.0	5.0	5.0	88.0	5.0	4.0	3.0	
197.0	89.0	5.0	14.0	2.0	90.0	5.0	4.0	1.0	91.0	5.0	9.0	5.0	
198.0	92.0	5.0	10.0	4.0	93.0	5.0	4.0	5.0	94.0	5.0	13.0	1.0	
199.0	95.0	5.0	8.0	5.0	96.0	5.0	15.0	3.0	97.0	5.0	9.0	3.0	
200.0	98.0	5.0	15.0	2.0	99.0	5.0	12.0	3.0	100.0	5.0	14.0	1.0	
201.0	81.0	5.0	3.0	4.0	82.0	5.0	6.0	2.0	83.0	5.0	5.0	1.0	
202.0	84.0	5.0	12.0	2.0	85.0	5.0	3.0	5.0	86.0	5.0	15.0	4.0	
203.0	87.0	5.0	5.0	5.0	88.0	5.0	4.0	3.0	89.0	5.0	14.0	2.0	
204.0	90.0	5.0	4.0	1.0	91.0	5.0	9.0	5.0	92.0	5.0	10.0	4.0	
205.0	93.0	5.0	4.0	5.0	94.0	5.0	13.0	1.0	95.0	5.0	8.0	5.0	
206.0	96.0	5.0	15.0	3.0	97.0	5.0	9.0	3.0	98.0	5.0	15.0	2.0	
207.0	99.0	5.0	12.0	3.0	100.0	5.0	14.0	1.0	81.0	5.0	3.0	4.0	
208.0	82.0	5.0	6.0	2.0	83.0	5.0	5.0	1.0	84.0	5.0	12.0	2.0	
209.0	85.0	5.0	3.0	5.0	86.0	5.0	15.0	4.0	87.0	5.0	5.0	5.0	
210.0	88.0	5.0	4.0	3.0	89.0	5.0	14.0	2.0	90.0	5.0	4.0	1.0	
211.0	91.0	5.0	9.0	5.0	92.0	5.0	10.0	4.0	93.0	5.0	4.0	5.0	
212.0	94.0	5.0	13.0	1.0	95.0	5.0	8.0	5.0	96.0	5.0	15.0	3.0	
213.0	97.0	5.0	9.0	3.0	98.0	5.0	15.0	2.0	99.0	5.0	12.0	3.0	
214.0	100.0	5.0	14.0	1.0	81.0	5.0	3.0	4.0	82.0	5.0	6.0	2.0	
215.0	83.0	5.0	5.0	1.0	84.0	5.0	12.0	2.0	85.0	5.0	3.0	5.0	
216.0	86.0	5.0	15.0	4.0	87.0	5.0	5.0	5.0	88.0	5.0	4.0	3.0	
217.0	89.0	5.0	14.0	2.0	90.0	5.0	4.0	1.0	91.0	5.0	9.0	5.0	
218.0	92.0	5.0	10.0	4.0	93.0	5.0	4.0	5.0	94.0	5.0	13.0	1.0	
219.0	95.0	5.0	8.0	5.0	96.0	5.0	15.0	3.0	97.0	5.0	9.0	3.0	
220.0	98.0	5.0	15.0	2.0	99.0	5.0	12.0	3.0	100.0	5.0	14.0	1.0	
221.0	81.0	5.0	3.0	4.0	82.0	5.0	6.0	2.0	83.0	5.0	5.0	1.0	
222.0	84.0	5.0	12.0	2.0	85.0	5.0	3.0	5.0	86.0	5.0	15.0	4.0	
223.0	87.0	5.0	5.0	5.0	88.0	5.0	4.0	3.0	89.0	5.0	14.0	2.0	
224.0	90.0	5.0	4.0	1.0	91.0	5.0	9.0	5.0	92.0	5.0	10.0	4.0	
225.0	93.0	5.0	4.0	5.0	94.0	5.0	13.0	1.0	95.0	5.0	8.0	5.0	
226.0	96.0	5.0	15.0	3.0	97.0	5.0	9.0	3.0	98.0	5.0	15.0	2.0	
227.0	99.0	5.0	12.0	3.0	100.0	5.0	14.0	1.0	81.0	5.0	3.0	4.0	
228.0	82.0	5.0	6.0	2.0	83.0	5.0	5.0	1.0	84.0	5.0	12.0	2.0	
229.0	85.0	5.0	3.0	5.0	86.0	5.0	15.0	4.0	87.0	5.0	5.0	5.0	
230.0	88.0	5.0	4.0	3.0	89.0	5.0	14.0	2.0	90.0	5.0	4.0	1.0	
231.0	91.0	5.0	9.0	5.0	92.0	5.0	10.0	4.0	93.0	5.0	4.0	5.0	
232.0	94.0	5.0	13.0	1.0	95.0	5.0	8.0	5.0	96.0	5.0	15.0	3.0	
233.0	97.0	5.0	9.0	3.0	98.0	5.0	15.0	2.0	99.0	5.0	12.0	3.0	
234.0	100.0	5.0	14.0	1.0	81.0	5.0	3.0	4.0	82.0	5.0	6.0	2.0	
235.0	83.0	5.0	5.0	1.0	84.0	5.0	12.0	2.0	85.0	5.0	3.0	5.0	
236.0	86.0	5.0	15.0	4.0	87.0	5.0	5.0	5.0	88.0	5.0	4.0	3.0	
237.0	89.0	5.0	14.0	2.0	90.0	5.0	4.0	1.0	91.0	5.0	9.0	5.0	
238.0	92.0	5.0	10.0	4.0	93.0	5.0	4.0	5.0	94.0	5.0	13.0	1.0	
239.0	95.0	5.0	8.0	5.0	96.0	5.0	15.0	3.0	97.0	5.0	9.0	3.0	
240.0	98.0	5.0	15.0	2.0	99.0	5.0	12.0	3.0	100.0	5.0	14.0	1.0	
241.0	81.0	5.0	3.0	4.0	82.0	5.0	6.0	2.0	83.0	5.0	5.0	1.0	
242.0	84.0	5.0	12.0	2.0	85.0	5.0	3.0	5.0	86.0	5.0	15.0	4.0	
243.0	87.0	5.0	5.0	5.0	88.0	5.0	4.0	3.0	89.0	5.0	14.0	2.0	
244.0	90.0	5.0	4.0	1.0	91.0	5.0	9.0	5.0	92.0	5.0	10.0	4.0	
245.0	93.0	5.0	4.0	5.0	94.0	5.0	13.0	1.0	95.0	5.0	8.0	5.0	
246.0	96.0	5.0	15.0	3.0	97.0	5.0	9.0	3.0	98.0	5.0	15.0	2.0	
247.0	99.0	5.0	12.0	3.0	100.0	5.0	14.0	1.0	81.0	5.0	3.0	4.0	
248.0	82.0	5.0	6.0	2.0	83.0	5.0	5.0	1.0	84.0	5.0	12.0	2.0	
249.0	85.0	5.0	3.0	5.0	86.0	5.0	15.0	4.0	87.0	5.0	5.0	5.0	
250.0	88.0	5.0	4.0	3.0	89.0	5.0	14.0	2.0	90.0	5.0	4.0	1.0	
251.0	91.0	5.0	9.0	5.0	92.0	5.0	10.0	4.0	93.0	5.0	4.0	5.0	
252.0	94.0	5.0	13.0	1.0	95.0	5.0	8.0	5.0	96.0	5.0	15.0	3.0	
253.0	97.0	5.0	9.0	3.0	98.0	5.0	15.0	2.0	99.0	5.0	12.0	3.0	
254.0	100.0	5.0	14.0	1.0	81.0	5.0	3.0	4.0	82.0	5.0	6.0	2.0	
255.0	83.0	5.0	5.0	1.0	84.0	5.0	12.0	2.0	85.0	5.0	3.0	5.0	
256.0	86.0	5.0	15.0	4.0	87.0	5.0	5.0	5.0	88.0	5.0	4.0	3.0	
257.0	89.0	5.0	14.0	2.0	90.0	5.0	4.0	1.0	91.0	5.0	9.0	5.0	
258.0	92.0	5.0	10.0	4.0	93.0	5.0	4.0	5.0	94.0	5.0	13.0	1.0	
259.0	95.0	5.0	8.0	5.0	96.0	5.0	15.0	3.0	97.0	5.0	9.0	3.0	
260.0	98.0	5.0	15.0	2.0	99.0	5.0	12.0	3.0	100.0	5.0	14.0	1.0	
261.0	81.0	5.0	3.0	4.0	82.0	5.0	6.0	2.0	83.0	5.0	5.0	1.0	
262.0	84.0	5.0	12.0	2.0	85.0	5.0	3.0	5.0	86.0	5.0	15.0	4.0	
263.0	87.0	5.0	5.0	5.0	88.0	5.0	4.0	3.0	89.0	5.0	14.0	2.0	
264.0	90.0	5.0	4.0	1.0	91.0	5.0	9.0	5.0	92.0	5.0	10.0	4.0	
265.0	93.0	5.0	4.0	5.0	94.0	5.0	13.0	1.0	95.0	5.0	8.0	5.0	
266.0	96.0	5.0	15.0	3.0	97.0	5.0	9.0	3.0	98.0	5.0	15.0	2.0	
267.0	99.0	5.0	12.0	3.0	100.0	5.0	14.0	1.0	81.0	5.0	3.0	4.0	
268.0	82.0	5.0	6.0	2.0	83.0	5.0	5.0	1.0	84.0	5.0	12.0	2.0	
269.0	85.0	5.0	3.0	5.0	86.0	5.0	15.0	4.0	87.0	5.0	5.0	5.0	
270.0	88.0	5.0	4.0	3.0	89.0	5.0	14.0	2.0	90.0	5.0	4.0	1.0	
271.0	91.0	5.0	9.0	5.0	92.0	5.0	10.0	4.0	93.0	5.0	4.0	5.0	
272.0	94.0	5.0	13.0	1.0	95.0	5.0	8.0	5.0	96.0	5.0	15.0	3.0	
273.0	97.0	5.0	9.0	3.0	98.0	5.0	15.0	2.0	99.0	5.0	12.0	3.0	
274.0	100.0	5.0	14.0	1.0	81.0	5.0	3.0	4.0	82.0	5.0	6.0	2.0	
275.0	83.0	5.0	5.0	1.0	84.0	5.0	12.0	2.0	85.0	5.0	3.0	5.0	
276.0	86.0	5.0	15.0	4.0	87.0	5.0	5.0	5.0	88.0	5.0	4.0	3.0	
277.0	89.0	5.0	14.0	2.0	90.0	5.0	4.0	1.0	91.0	5.0	9.0	5.0	
278.0	92.0	5.0	10.0	4.0	93.0	5.0	4.0	5.0	94.0	5.0	13.0	1.0	
279.0	95.0	5.0	8.0	5.0	96.0	5.0	15.0	3.0	97.0	5.0	9.0	3.0	
280.0	98.0	5.0	15.0	2.0	99.0	5.0	12.0	3.0	100.0	5.0	14.0	1.0	
281.0	81.0	5.0	3.0	4.0	82.0	5.0	6.0	2.0	83.0	5.0	5.0	1.0	
282.0	84.0	5.0	12.0	2.0	85.0	5.0	3.0	5.0	86.0	5.0	15.0	4.0	
283.0	87.0	5.0	5.0	5.0	88.0	5.0	4.0	3.0	89.0	5.0	14.0	2.0	
284.0	90.0	5.0	4.0	1.0	91.0	5.0	9.0	5.0	92.0	5.0	10.0	4.0	
285.0	93.0	5.0	4.0	5.0	94.0	5.0	13.0	1.0	95.0	5.0	8.0	5.0	
286.0	96.0	5.0	15.0	3.0	97.0	5.0	9.0	3.0	98.0	5.0	15.0	2.0	
287.0	99.0	5.0	12.0	3.0	100.0	5.0	14.0	1.0	81.0	5.0	3.0	4.0	
288.0	82.0	5.0	6.0	2.0	83.0	5.0	5.0	1.0	84.0	5.0	12.0	2.0	
289.0	85.0	5.0	3.0	5.0	86.0	5.0	15.0	4.0	87.0	5.0	5.0	5.0	
290.0	88.0	5.0	4.0	3.0	89.0	5.0	14.0	2.0	90.0	5.0	4.0	1.0	
291.0	91.0	5.0	9.0	5.0	92.0	5.0	10.0	4.0	93.0	5.0	4.0	5.0	
292.0	94.0	5.0	13.0	1.0	95.0	5.0	8.0	5.0	96.0	5.0	15.0	3.0	
293.0	97.0	5.0	9.0	3.0	98.0	5.0	15.0	2.0	99.0	5.0	12.0	3.0	
294.0	100.0	5.0	14.0	1.0	81.0	5.0	3.0	4.0	82.0	5.0	6.0	2.0	
295.0	83.0	5.0	5.0	1.0	84.0	5.0	12.0	2.0	85.0	5.0	3.0	5.0	
296.0	86.0	5.0	15.0	4.0	87.0	5.0	5.0	5.0	88.0	5.0	4.0	3.0	
297.0	89.0	5.0	14.0	2.0	90.0	5.0	4.0	1.0	91.0	5.0	9.0	5.0	
298.0	92.0	5.0	10.0	4.0	93.0	5.0	4.0	5.0	94.0	5.0	13.0	1.0	
299.0	95.0	5.0	8.0	5.0	96.0	5.0	15.0	3.0	97.0	5.0	9.0	3.0	
300.0	98.0	5.0	15.0	2.0	99.0	5.0	12.0	3.0	100.0	5.0	14.0	1.0	
301.0	81.0	5.0	3.0	4.0	82.0	5.0	6.0	2.0	83.0	5.0	5.0	1.0	
302.0	84.0	5.0	12.0	2.0	85.0	5.0	3.0	5.0	86.0	5.0	15.0	4.0	
303.0	87.0	5.0	5.0	5.0	88.0	5.0	4.0	3.0	89.0	5.0	14.0	2.0	
304.0	90.0	5.0	4.0	1.0	91.0	5.0	9.0	5.0	92.0	5.0	10.0	4.0	
305.0	93.0	5.0	4.0	5.0	94.0	5.0	13.0	1.0	95.0	5.0	8.0	5.0	
306.0	96.0	5.0	15.0	3.0	97.0	5.0	9.0	3.0	98.0	5.0	15.0	2.0	
307.0	99.0	5.0	12.0	3.0	100.0	5.0	14.0	1.0	81.0	5.0	3.0	4.0	
308.0	82.0	5.0	6.0	2.0	83.0	5.0	5.0	1.0	84.0	5.0	12.0	2.0	
309.0	85.0	5.0	3.0	5.0	86.0	5.0	15.0	4.0	87.0	5.0	5.0	5.0	
310.0	88.0	5.0	4.0	3.0	89.0	5.0	14.0	2.0	90.0	5.0	4.0	1.0	
311.0	91.0	5.0	9.0	5.0	92.0	5.0	10.0	4.0	93.0	5.0	4.0	5.0	
312.0	94.0	5.0	13.0	1.0	95.0	5.0	8.0	5.0	96.0	5.0	15.0	3.0	
313.0	97.0	5.0	9.0	3.0	98.0	5.0	15.0	2.0	99.0	5.0	12.0	3.0	
314.0	100.0	5.0	14.0	1.0	81.0	5.0	3.0	4.0	82.0	5.0	6.0	2.0	
315.0	83.0	5.0	5.0	1.0	84.0	5.0	12.0	2.0	85.0	5.0	3.0	5.0	
316.0	86.0	5.0	15.0	4.0	87.0	5.0	5.0	5.0	88.0	5.0	4.0	3.0	
317.0	89.0	5.0	14.0	2.0	90.0	5.0	4.0	1.0	91.0	5.0	9.0	5.0	
318.0	92.0	5.0	10.0	4.0	93.0	5.0	4.0	5.0	94.0	5.0	13.0	1.0	
319.0	95.0	5.0	8.0	5.0	96.0	5.0	15.0	3.0	97.0	5.0	9.0	3.0	
320.0	98.0	5.0	15.0	2.0	99.0	5.0	12.0	3.0	100.0	5.0	14.0	1.0	
321.0	81.0	5.0	3.0	4.0	82.0	5.0	6.0	2.0	83.0	5.0	5.0	1.0	
322.0	84.0	5.0	12.0	2.0	85.0	5.0	3.0	5.0	86.0	5.0	15.0	4.0	
323.0	87.0	5.0	5.0	5.0	88.0	5.0	4.0	3.0	89.0	5.0	14.0	2.0	
324.0	90.0	5.0	4.0	1.0	91.0	5.0	9.0	5.0	92.0	5.0	10.0	4.0	
325.0	93.0	5.0	4.0	5.0	94.0	5.0	13.0	1.0	95.0	5.0	8.0	5.0	
326.0	96.0	5.0	15.0	3.0	97.0	5.0	9.0	3.0	98.0	5.0	15.0	2.0	
327.0	99.0	5.0	12.0	3.0	100.0	5.0	14.0	1.0	81.0	5.0	3.0	4.0	
328.0	82.0	5.0	6.0	2.0	83.0	5.0	5.0	1.0	84.0	5.0	12.0	2.0	
329.0	85.0	5.0	3.0	5.0	86.0	5.0	15.0	4.0	87.0	5.0	5.0	5.0	
330.0	88.0	5.0	4.0	3.0	89.0	5.0	14.0	2.0	90.0	5.0	4.0	1.0	
331.0	91.0	5.0	9.0	5.0	92.0	5.0	10.0	4.0	93.0	5.0	4.0	5.0	
332.0	94.0	5.0	13.0	1.0	95.0	5.0	8.0	5.0	96.0	5.0	15.0	3.0	
333.0	97.0	5.0	9.0	3.0	98.0	5.0	15.0	2.0	99.0	5.0	12.0	3.0	
334.0	100.0	5.0	14.0	1.0	81.0	5.0	3.0	4.0	82.0	5.0	6.0	2.0	
335.0	83.0	5.0	5.0	1.0	84.0	5.0	12.0	2.0	85.0	5.0	3.0	5.0	
336.0	86.0	5.0	15.0	4.0	87.0	5.0	5.0	5.0	88.0	5.0	4.0	3.0	
337.0	89.0	5.0	14.0	2.0	90.0	5.0	4.0	1.0	91.0	5.0	9.0	5.0	
338.0	92.0	5.0	10.0	4.0	93.0	5.0	4.0	5.0	94.0	5.0	13.0	1.0	
339.0	95.0	5.0	8.0	5.0	96.0	5.0	15.0	3.0	97.0	5.0	9.0	3.0	
340.0	98.0	5.0	15.0	2.0	99.0	5.0	12.0	3.0	100.0	5.0	14.0	1.0	
341.0	81.0	5.0	3.0	4.0	82.0	5.0	6.0	2.0	83.0	5.0	5.0	1.0	
342.0	84.0	5.0	12.0	2.0	85.0	5.0	3.0	5.0	86.0	5.0	15.0	4.0	
343.0	87.0	5.0	5.0	5.0	88.0	5.0	4.0	3.0	89.0	5.0	14.0	2.0	
344.0	90.0	5.0	4.0	1.0	91.0	5.0	9.0	5.0	92.0	5.0	10.0	4.0	
345.0	93.0	5.0	4.0	5.0	94.0	5.0	13.0	1.0	95.0	5.0	8.0	5.0	
346.0	96.0	5.0	15.0	3.0	97.0	5.0	9.0	3.0	98.0	5.0	15.0	2.0	
347.0	99.0	5.0	12.0	3.0	100.0	5.0	14.0	1.0	81.0	5.0	3.0	4.0	
348.0	82.0	5.0	6.0	2.0	83.0	5.0	5.0	1.0	84.0	5.0	12.0	2.0	
349.0	85.0	5.0	3.0	5.0	86.0	5.0	15.0	4.0	87.0	5.0	5.0	5.0	
350.0	88.0	5.0	4.0	3.0	89.0	5.0	14.0	2.0	90.0	5.0	4.0	1.0	
351.0	91.0	5.0	9.0	5.0	92.0	5.0	10.0	4.0	93.0	5.0	4.0	5.0	
352.0	94.0	5.0	13.0	1.0	95.0	5.0	8.0	5.0	96.0	5.0	15.0	3.0	
353.0	97.0	5.0	9.0	3.0	98.0	5.0	15.0	2.0	99.0	5.0	12.0	3.0	
354.0	100.0	5.0	14.0	1.0	81.0	5.0	3.0	4.0	82.0	5.0	6.0	2.0	
355.0	83.0	5.0	5.0	1.0	84.0	5.0	12.0	2.0	85.0	5.0	3.0	5.0	
356.0	86.0	5.0	15.0	4.0	87.0	5.0	5.0	5.0	88.0	5.0	4.0	3.0	
357.0	89.0	5.0	14.0	2.0	90.0	5.0	4.0	1.0	91.0	5.0	9.0	5.0	
358.0	92.0	5.0	10.0	4.0	93.0	5.0	4.0	5.0	94.0	5.0	13.0	1.0	
359.0	95.0	5.0	8.0	5.0	96.0	5.0	15.0	3.0	97.0	5.0	9.0	3.0	
360.0	98.0	5.0	15.0	2.0	99.0	5.0	12.0	3.0	100.0	5.0	14.0	1.0	
361.0	81.0	5.0	3.0	4.0	82.0	5.0	6.0	2.0	83.0	5.0	5.0	1.0	
362.0	84.0	5.0	12.0	2.0	85.0	5.0	3.0	5.0	86.0	5.0	15.0	4.0	
363.0	87.0	5.0	5.0	5.0	88.0	5.0	4.0	3.0	89.0	5.0	14.0	2.0	
364.0	90.0	5.0	4.0	1.0	91.0	5.0	9.0	5.0	92.0	5.0	10.0	4.0	
365.0	93.0	5.0	4.0	5.0	94.0	5.0	13.0	1.0	95.0	5.0	8.0	5.0	
366.0	96.0	5.0	15.0	3.0	97.0	5.0	9.0	3.0	98.0	5.0	15.0	2.0	
367.0	99.0	5.0	12.0	3.0	100.0	5.0	14.0	1.0	81.0	5.0	3.0	4.0	
368.0	82.0	5.0	6.0	2.0	83.0	5.0	5.0	1.0	84.0	5.0	12.0	2.0	
369.0	85.0	5.0	3.0	5.0	86.0	5.0	15.0	4.0	87.0	5.0	5.0	5.0	
370.0	88.0	5.0	4.0	3.0	89.0	5.0	14.0	2.0	90.0	5.0	4.0	1.0	
371.0	91.0	5.0	9.0	5.0	92.0	5.0	10.0	4.0	93.0	5.0	4.0	5.0	
372.0	94.0	5.0	13.0	1.0	95.0	5.0	8.0	5.0	96.0	5.0	15.0	3.0	
373.0	97.0	5.0	9.0	3.0	98.0	5.0	15.0	2.0	99.0	5.0	12.0	3.0	
374.0	100.0	5.0	14.0	1.0	81.0	5.0	3.0	4.0	82.0	5.0	6.0	2.0	
375.0	83.0	5.0	5.0	1.0	84.0	5.0	12.0	2.0	85.0	5.0	3.0	5.0	
376.0	86.0	5.0	15.0	4.0	87.0	5.0	5.0	5.0	88.0	5.0	4.0	3.0	
377.0	89.0	5.0	14.0	2.0	90.0	5.0	4.0	1.0	91.0	5.0	9.0	5.0	
378.0	92.0	5.0	10.0	4.0	93.0	5.0	4.0	5.0	94.0	5.0	13.0	1.0	
379.0	95.0	5.0	8.0	5.0	96.0	5.0	15.0	3.0	97.0	5.0	9.0	3.0	
380.0	98.0	5.0	15.0	2.0	99.0	5.0	12.0	3.0	100.0	5.0	14.0	1.0	
381.0	81.0	5.0	3.0	4.0	82.0	5.0	6.0	2.0	83.0	5.0	5.0	1.0	
382.0	84.0	5.0	12.0	2.0	85.0	5.0	3.0	5.0	86.0	5.0	15.0	4.0	
383.0	87.0	5.0	5.0	5.0	88.0	5.0	4.0	3.0	89.0	5.0	14.0	2.0	
384.0	90.0	5.0	4.0	1.0	91.0	5.0	9.0	5.0	92.0	5.0	10.0	4.0	
385.0	93.0	5.0	4.0	5.0	94.0	5.0	13.0	1.0	95.0	5.0	8.0	5.0	
386.0	96.0	5.0	15.0	3.0	97.0	5.0	9.0	3.0	98.0	5.0	15.0	2.0	
387.0	99.0	5.0	12.0	3.0	100.0	5.0	14.0	1.0	81.0	5.0	3.0	4.0	
388.0	82.0	5.0	6.0	2.0	83.0	5.0	5.0	1.0	84.0	5.0	12.0	2.0	
389.0	85.0	5.0	3.0	5.0	86.0	5.0	15.0	4.0	87.0	5.0	5.0	5.0	
390.0	88.0	5.0	4.0	3.0	89.0	5.0	14.0	2.0	90.0	5.0	4.0	1.0	
391.0	91.0	5.0	9.0	5.0	92.0	5.0	10.0	4.0	93.0	5.0	4.0	5.0	
392.0	94.0	5.0	13.0	1.0	95.0	5.0	8.0	5.0	96.0	5.0	15.0	3.0	
393.0	97.0	5.0	9.0	3.0	98.0	5.0	15.0	2.0	99.0	5.0	12.0	3.0	
394.0	100.0	5.0	14.0	1.0	81.0	5.0	3.0	4.0	82.0	5.0	6.0	2.0	
395.0	83.0	5.0	5.0	1.0	84.0	5.0	12.0	2.0	85.0	5.0	3.0	5.0	
396.0	86.0	5.0	15.0	4.0	87.0	5.0	5.0	5.0	88.0	5.0	4.0	3.0	
397.0	89.0	5.0	14.0	2.0	90.0	5.0	4.0	1.0	91.0	5.0	9.0	5.0	
398.0	92.0	5.0	10.0	4.0	93.0	5.0	4.0	5.0	94.0	5.0	13.0	1.0	
399.0	95.0	5.0	8.0	5.0	96.0	5.0	15.0	3.0	97.0	5.0	9.0	3.0	
400.0	98.0	5.0	15.0	2.0	99.0	5.0	12.0	3.0	100.0	5.0	14.0	1.0	
401.0	81.0	5.0	3.0	4.0	82.0	5.0	6.0	2.0	83.0	5.0	5.0	1.0	
402.0	84.0	5.0	12.0	2.0	85.0	5.0	3.0	5.0	86.0	5.0	15.0	4.0	
403.0	87.0	5.0	5.0	5.0	88.0	5.0	4.0	3.0	89.0	5.0	14.0	2.0	
404.0	90.0	5.0	4.0	1.0	91.0	5.0	9.0	5.0	92.0	5.0	10.0	4.0	
405.0	93.0	5.0	4.0	5.0	94.0	5.0	13.0	1.0	95.0	5.0	8.0	5.0	
406.0	96.0	5.0	15.0	3.0	97.0	5.0	9.0	3.0	98.0	5.0	15.0	2.0	
407.0	99.0	5.0	12.0	3.0	100.0	5.0	14.0	1.0	81.0	5.0	3.0	4.0	
408.0	82.0	5.0	6.0	2.0	83.0	5.0	5.0	1.0	84.0	5.0	12.0	2.0	
409.0	85.0	5.0	3.0	5.0	86.0	5.0	15.0	4.0	87.0	5.0	5.0	5.0	
410.0	88.0	5.0	4.0	3.0	89.0	5.0	14.0	2.0	90.0	5.0	4.0	1.0	
411.0	91.0	5.0	9.0	5.0	92.0	5.0	10.0	4.0	93.0	5.0	4.0	5.0	
412.0	94.0	5.0	13.0	1.0	95.0	5.0	8.0	5.0	96.0	5.0	15.0	3.0	
413.0	97.0	5.0	9.0	3.0	98.0	5.0	15.0	2.0	99.0	5.0	12.0	3.0	
414.0	100.0	5.0	14.0	1.0	81.0	5.0	3.0	4.0	82.0	5.0	6.0	2.0	
415.0	83.0	5.0	5.0	1.0	84.0	5.0	12.0	2.0	85.0	5.0	3.0	5.0	
416.0	86.0	5.0	15.0	4.0	87.0	5.0	5.0	5.0	88.0	5.0	4.0	3.0	
417.0	89.0	5.0	14.0	2.0	90.0	5.0	4.0	1.0	91.0	5.0	9.0	5.0	
418.0	92.0	5.0	10.0	4.0	93.0	5.0	4.0	5.0	94.0	5.0	13.0	1.0	
419.0	95.0	5.0	8.0	5.0	96.0	5.0	15.0	3.0	97.0	5.0	9.0	3.0	
420.0	98.0	5.0	15.0	2.0	99.0	5.0	12.0	3.0	100.0	5.0	14.0	1.0	
421.0	81.0	5.0	3.0	4.0	82.0	5.0	6.0	2.0	83.0	5.0	5.0	1.0	
422.0	84.0	5.0	12.0	2.0	85.0	5.0	3.0	5.0	86.0	5.0	15.0	4.0	
423.0	87.0	5.0	5.0	5.0	88.0	5.0	4.0	3.0	89.0	5.0	14.0	2.0	
424.0	90.0	5.0	4.0	1.0	91.0	5.0	9.0	5.0	92.0	5.0	10.0	4.0	
425.0	93.0	5.0	4.0	5.0	94.0	5.0	13.0	1.0	95.0	5.0	8.0	5.0	
426.0	96.0	5.0	15.0	3.0	97.0	5.0	9.0	3.0	98.0	5.0	15.0	2.0	
427.0	99.0	5.0	12.0	3.0	100.0	5.0	14.0	1.0	81.0	5.0	3.0	4.0	
428.0	82.0	5.0	6.0	2.0	83.0	5.0	5.0	1.0	84.0	5.0	12.0	2.0	
429.0	85.0	5.0	3.0	5.0	86.0	5.0	15.0	4.0	87.0	5.0	5.0	5.0	
430.0	88.0	5.0	4.0	3.0	89.0	5.0	14.0	2.0	90.0	5.0	4.0	1.0	
431.0	91.0	5.0	9.0	5.0	92.0	5.0	10.0	4.0	93.0	5.0	4.0	5.0	
432.0	94.0	5.0	13.0	1.0	95.0	5.0	8.0	5.0	96.0	5.0	15.0	3.0	
433.0	97.0	5.0	9.0	3.0	98.0	5.0	15.0	2.0	99.0	5.0	12.0	3.0	
434.0	100.0	5.0	14.0	1.0	81.0	5.0	3.0	4.0	82.0	5.0	6.0	2.0	
435.0	83.0	5.0	5.0	1.0	84.0	5.0	12.0	2.0	85.0	5.0	3.0	5.0	
436.0	86.0	5.0	15.0	4.0	87.0	5.0	5.0	5.0	88.0	5.0	4.0	3.0	
437.0	89.0	5.0	14.0	2.0	90.0	5.0	4.0	1.0	91.0	5.0	9.0	5.0	
438.0	92.0	5.0	10.0	4.0	93.0	5.0	4.0	5.0	94.0	5.0	13.0	1.0	
439.0	95.0	5.0	8.0	5.0	96.0	5.0	15.0	3.0	97.0	5.0	9.0	3.0	
440.0	98.0	5.0	15.0	2.0	99.0	5.0	12.0	3.0	100.0	5.0	14.0	1.0	
441.0	81.0	5.0	3.0	4.0	82.0	5.0	6.0	2.0	83.0	5.0	5.0	1.0	
442.0	84.0	5.0	12.0	2.0	85.0	5.0	3.0	5.0	86.0	5.0	15.0	4.0	
443.0	87.0	5.0	5.0	5.0	88.0	5.0	4.0	3.0	89.0	5.0	14.0	2.0	
444.0	90.0	5.0	4.0	1.0	91.0	5.0	9.0	5.0	92.0	5.0	10.0	4.0	
445.0	93.0	5.0	4.0	5.0	94.0	5.0	13.0	1.0	95.0	5.0	8.0	5.0	
446.0	96.0	5.0	15.0	3.0	97.0	5.0	9.0	3.0	98.0	5.0	15.0	2.0	
447.0	99.0	5.0	12.0	3.0	100.0	5.0	14.0	1.0	81.0	5.0	3.0	4.0	
448.0	82.0	5.0	6.0	2.0	83.0	5.0	5.0	1.0	84.0	5.0	12.0	2.0	
449.0	85.0	5.0	3.0	5.0	86.0	5.0	15.0	4.0	87.0	5.0	5.0	5.0	
450.0	88.0	5.0	4.0	3.0	89.0	5.0	14.0	2.0	90.0	5.0	4.0	1.0	
451.0	91.0	5.0	9.0	5.0	92.0	5.0	10.0	4.0	93.0	5.0	4.0	5.0	
452.0	94.0	5.0	13.0	1.0	95.0	5.0	8.0	5.0	96.0	5.0	15.0	3.0	
453.0	97.0	5.0	9.0	3.0	98.0	5.0	15.0	2.0	99.0	5.0	12.0	3.0	
454.0	100.0	5.0	14.0	1.0	81.0	5.0	3.0	4.0	82.0	5.0	6.0	2.0	
455.0	83.0	5.0	5.0	1.0	84.0	5.0	12.0	2.0	85.0	5.0	3.0	5.0	
456.0	86.0	5.0	15.0	4.0	87.0	5.0	5.0	5.0	88.0	5.0	4.0	3.0	
457.0	89.0	5.0	14.0	2.0	90.0	5.0	4.0	1.0	91.0	5.0	9.0	5.0	
458.0	61.0	4.0	12.0	4.0	62.0	4.0	7.0	4.0	63.0	4.0	15.0	1.0	
459.0	64.0	4.0	4.0	2.0	65.0	4.0	11.0	2.0	66.0	4.0	12.0	5.0	
460.0	67.0	4.0	3.0	3.0	68.0	4.0	5.0	3.0	69.0	4.0	12.0	2.0	
461.0	70.0	4.0	11.0	5.0	71.0	4.0	11.0	3.0	72.0	4.0	11.0	2.0	
462.0	73.0	4.0	13.0	3.0	74.0	4.0	1.0	3.0	75.0	4.0	8.0	5.0	
463.0	76.0	4.0	6.0	4.0	77.0	4.0	8.0	2.0	78.0	4.0	8.0	1.0	
464.0	79.0	4.0	7.0	3.0	80.0	4.0	3.0	1.0	61.0	4.0	12.0	4.0	
465.0	62.0	4.0	7.0	4.0	63.0	4.0	15.0	1.0	64.0	4.0	4.0	2.0	
466.0	65.0	4.0	11.0	2.0	66.0	4.0	12.0	5.0	67.0	4.0	3.0	3.0	
467.0	68.0	4.0	5.0	3.0	69.0	4.0	12.0	2.0	70.0	4.0	11.0	5.0	
468.0	71.0	4.0	11.0	3.0	72.0	4.0	11.0	2.0	73.0	4.0	13.0	3.0	
469.0	74.0	4.0	1.0	3.0	75.0	4.0	8.0	5.0	76.0	4.0	6.0	4.0	
470.0	77.0	4.0	8.0	2.0	78.0	4.0	8.0	1.0	79.0	4.0	7.0	3.0	
471.0	80.0	4.0	3.0	1.0	61.0	4.0	12.0	4.0	62.0	4.0	7.0	4.0	
472.0	63.0	4.0	15.0	1.0	64.0	4.0	4.0	2.0	65.0	4.0	11.0	2.0	
473.0	66.0	4.0	12.0	5.0	67.0	4.0	3.0	3.0	68.0	4.0	5.0	3.0	
474.0	69.0	4.0	12.0	2.0	70.0	4.0	11.0	5.0	71.0	4.0	11.0	3.0	
475.0	72.0	4.0	11.0	2.0	73.0	4.0	13.0	3.0	74.0	4.0	1.0	3.0	
476.0	75.0	4.0	8.0	5.0	76.0	4.0	6.0	4.0	77.0	4.0	8.0	2.0	
477.0	78.0	4.0	8.0	1.0	79.0	4.0	7.0	3.0	80.0	4.0	3.0	1.0	
478.0	61.0	4.0	12.0	4.0	62.0	4.0	7.0	4.0	63.0	4.0	15.0	1.0	
479.0	64.0	4.0	4.0	2.0	65.0	4.0	11.0	2.0	66.0	4.0	12.0	5.0	
480.0	67.0	4.0	3.0	3.0	68.0	4.0	5.0	3.0	69.0	4.0	12.0	2.0	
481.0	70.0	4.0	11.0	5.0	71.0	4.0	11.0	3.0	72.0	4.0	11.0	2.0	
482.0	73.0	4.0	13.0	3.0	74.0	4.0	1.0	3.0	75.0	4.0	8.0	5.0	
483.0	76.0	4.0	6.0	4.0	77.0	4.0	8.0	2.0	78.0	4.0	8.0	1.0	
484.0	79.0	4.0	7.0	3.0	80.0	4.0	3.0	1.0	61.0	4.0	12.0	4.0	
485.0	62.0	4.0	7.0	4.0	63.0	4.0	15.0	1.0	64.0	4.0	4.0	2.0	
486.0	65.0	4.0	11.0	2.0	66.0	4.0	12.0	5.0	67.0	4.0	3.0	3.0	
487.0	68.0	4.0	5.0	3.0	69.0	4.0	12.0	2.0	70.0	4.0	11.0	5.0	
488.0	71.0	4.0	11.0	3.0	72.0	4.0	11.0	2.0	73.0	4.0	13.0	3.0	
489.0	74.0	4.0	1.0	3.0	75.0	4.0	8.0	5.0	76.0	4.0	6.0	4.0	
490.0	77.0	4.0	8.0	2.0	78.0	4.0	8.0	1.0	79.0	4.0	7.0	3.0	
491.0	80.0	4.0	3.0	1.0	61.0	4.0	12.0	4.0	62.0	4.0	7.0	4.0	
492.0	63.0	4.0	15.0	1.0	64.0	4.0	4.0	2.0	65.0	4.0	11.0	2.0	
493.0	66.0	4.0	12.0	5.0	67.0	4.0	3.0	3.0	68.0	4.0	5.0	3.0	
494.0	69.0	4.0	12.0	2.0	70.0	4.0	11.0	5.0	71.0	4.0	11.0	3.0	
495.0	72.0	4.0	11.0	2.0	73.0	4.0	13.0	3.0	74.0	4.0	1.0	3.0	
496.0	75.0	4.0	8.0	5.0	76.0	4.0	6.0	4.0	77.0	4.0	8.0	2.0	
497.0	78.0	4.0	8.0	1.0	79.0	4.0	7.0	3.0	80.0	4.0	3.0	1.0	
498.0	61.0	4.0	12.0	4.0	62.0	4.0	7.0	4.0	63.0	4.0	15.0	1.0	
499.0	64.0	4.0	4.0	2.0	65.0	4.0	11.0	2.0	66.0	4.0	12.0	5.0	
500.0	67.0	4.0	3.0	3.0	68.0	4.0	5.0	3.0	69.0	4.0	12.0	2.0	
501.0	70.0	4.0	11.0	5.0	71.0	4.0	11.0	3.0	72.0	4.0	11.0	2.0	
502.0	73.0	4.0	13.0	3.0	74.0	4.0	1.0	3.0	75.0	4.0	8.0	5.0	
503.0	76.0	4.0	6.0	4.0	77.0	4.0	8.0	2.0	78.0	4.0	8.0	1.0	
504.0	79.0	4.0	7.0	3.0	80.0	4.0	3.0	1.0	61.0	4.0	12.0	4.0	
505.0	62.0	4.0	7.0	4.0	63.0	4.0	15.0	1.0	64.0	4.0	4.0	2.0	
506.0	65.0	4.0	11.0	2.0	66.0	4.0	12.0	5.0	67.0	4.0	3.0	3.0	
507.0	68.0	4.0	5.0	3.0	69.0	4.0	12.0	2.0	70.0	4.0	11.0	5.0	
508.0	71.0	4.0	11.0	3.0	72.0	4.0	11.0	2.0	73.0	4.0	13.0	3.0	
509.0	74.0	4.0	1.0	3.0	75.0	4.0	8.0	5.0	76.0	4.0	6.0	4.0	
510.0	77.0	4.0	8.0	2.0	78.0	4.0	8.0	1.0	79.0	4.0	7.0	3.0	
511.0	80.0	4.0	3.0	1.0	61.0	4.0	12.0	4.0	62.0	4.0	7.0	4.0	
512.0	63.0	4.0	15.0	1.0	64.0	4.0	4.0	2.0	65.0	4.0	11.0	2.0	
513.0	66.0	4.0	12.0	5.0	67.0	4.0	3.0	3.0	68.0	4.0	5.0	3.0	
514.0	69.0	4.0	12.0	2.0	70.0	4.0	11.0	5.0	71.0	4.0	11.0	3.0	
515.0	72.0	4.0	11.0	2.0	73.0	4.0	13.0	3.0	74.0	4.0	1.0	3.0	
516.0	75.0	4.0	8.0	5.0	76.0	4.0	6.0	4.0	77.0	4.0	8.0	2.0	
517.0	78.0	4.0	8.0	1.0	79.0	4.0	7.0	3.0	80.0	4.0	3.0	1.0	
518.0	61.0	4.0	12.0	4.0	62.0	4.0	7.0	4.0	63.0	4.0	15.0	1.0	
519.0	64.0	4.0	4.0	2.0	65.0	4.0	11.0	2.0	66.0	4.0	12.0	5.0	
520.0	67.0	4.0	3.0	3.0	68.0	4.0	5.0	3.0	69.0	4.0	12.0	2.0	
521.0	70.0	4.0	11.0	5.0	71.0	4.0	11.0	3.0	72.0	4.0	11.0	2.0	
522.0	73.0	4.0	13.0	3.0	74.0	4.0	1.0	3.0	75.0	4.0	8.0	5.0	
523.0	76.0	4.0	6.0	4.0	77.0	4.0	8.0	2.0	78.0	4.0	8.0	1.0	
524.0	79.0	4.0	7.0	3.0	80.0	4.0	3.0	1.0	61.0	4.0	12.0	4.0	
525.0	62.0	4.0	7.0	4.0	63.0	4.0	15.0	1.0	64.0	4.0	4.0	2.0	
526.0	65.0	4.0	11.0	2.0	66.0	4.0	12.0	5.0	67.0	4.0	3.0	3.0	
527.0	68.0	4.0	5.0	3.0	69.0	4.0	12.0	2.0	70.0	4.0	11.0	5.0	
528.0	71.0	4.0	11.0	3.0	72.0	4.0	11.0	2.0	73.0	4.0	13.0	3.0	
529.0	74.0	4.0	1.0	3.0	75.0	4.0	8.0	5.0	76.0	4.0	6.0	4.0	
530.0	77.0	4.0	8.0	2.0	78.0	4.0	8.0	1.0	79.0	4.0	7.0	3.0	
531.0	80.0	4.0	3.0	1.0	61.0	4.0	12.0	4.0	62.0	4.0	7.0	4.0	
532.0	63.0	4.0	15.0	1.0	64.0	4.0	4.0	2.0	65.0	4.0	11.0	2.0	
533.0	66.0	4.0	12.0	5.0	67.0	4.0	3.0	3.0	68.0	4.0	5.0	3.0	
534.0	69.0	4.0	12.0	2.0	70.0	4.0	11.0	5.0	71.0	4.0	11.0	3.0	
535.0	72.0	4.0	11.0	2.0	73.0	4.0	13.0	3.0	74.0	4.0	1.0	3.0	
536.0	75.0	4.0	8.0	5.0	76.0	4.0	6.0	4.0	77.0	4.0	8.0	2.0	
537.0	78.0	4.0	8.0	1.0	79.0	4.0	7.0	3.0	80.0	4.0	3.0	1.0	
538.0	61.0	4.0	12.0	4.0	62.0	4.0	7.0	4.0	63.0	4.0	15.0	1.0	
539.0	64.0	4.0	4.0	2.0	65.0	4.0	11.0	2.0	66.0	4.0	12.0	5.0	
540.0	67.0	4.0	3.0	3.0	68.0	4.0	5.0	3.0	69.0	4.0	12.0	2.0	
541.0	70.0	4.0	11.0	5.0	71.0	4.0	11.0	3.0	72.0	4.0	11.0	2.0	
542.0	73.0	4.0	13.0	3.0	74.0	4.0	1.0	3.0	75.0	4.0	8.0	5.0	
543.0	76.0	4.0	6.0	4.0	77.0	4.0	8.0	2.0	78.0	4.0	8.0	1.0	
544.0	79.0	4.0	7.0	3.0	80.0	4.0	3.0	1.0	61.0	4.0	12.0	4.0	
545.0	62.0	4.0	7.0	4.0	63.0	4.0	15.0	1.0	64.0	4.0	4.0	2.0	
546.0	65.0	4.0	11.0	2.0	66.0	4.0	12.0	5.0	67.0	4.0	3.0	3.0	
547.0	68.0	4.0	5.0	3.0	69.0	4.0	12.0	2.0	70.0	4.0	11.0	5.0	
548.0	71.0	4.0	11.0	3.0	72.0	4.0	11.0	2.0	73.0	4.0	13.0	3.0	
549.0	74.0	4.0	1.0	3.0	75.0	4.0	8.0	5.0	76.0	4.0	6.0	4.0	
550.0	77.0	4.0	8.0	2.0	78.0	4.0	8.0	1.0	79.0	4.0	7.0	3.0	
551.0	80.0	4.0	3.0	1.0	61.0	4.0	12.0	4.0	62.0	4.0	7.0	4.0	
552.0	63.0	4.0	15.0	1.0	64.0	4.0	4.0	2.0	65.0	4.0	11.0	2.0	
553.0	66.0	4.0	12.0	5.0	67.0	4.0	3.0	3.0	68.0	4.0	5.0	3.0	
554.0	69.0	4.0	12.0	2.0	70.0	4.0	11.0	5.0	71.0	4.0	11.0	3.0	
555.0	72.0	4.0	11.0	2.0	73.0	4.0	13.0	3.0	74.0	4.0	1.0	3.0	
556.0	75.0	4.0	8.0	5.0	76.0	4.0	6.0	4.0	77.0	4.0	8.0	2.0	
557.0	78.0	4.0	8.0	1.0	79.0	4.0	7.0	3.0	80.0	4.0	3.0	1.0	
558.0	61.0	4.0	12.0	4.0	62.0	4.0	7.0	4.0	63.0	4.0	15.0	1.0	
559.0	64.0	4.0	4.0	2.0	65.0	4.0	11.0	2.0	66.0	4.0	12.0	5.0	
560.0	67.0	4.0	3.0	3.0	68.0	4.0	5.0	3.0	69.0	4.0	12.0	2.0	
561.0	70.0	4.0	11.0	5.0	71.0	4.0	11.0	3.0	72.0	4.0	11.0	2.0	
562.0	73.0	4.0	13.0	3.0	74.0	4.0	1.0	3.0	75.0	4.0	8.0	5.0	
563.0	76.0	4.0	6.0	4.0	77.0	4.0	8.0	2.0	78.0	4.0	8.0	1.0	
564.0	79.0	4.0	7.0	3.0	80.0	4.0	3.0	1.0	61.0	4.0	12.0	4.0	
565.0	62.0	4.0	7.0	4.0	63.0	4.0	15.0	1.0	64.0	4.0	4.0	2.0	
566.0	65.0	4.0	11.0	2.0	66.0	4.0	12.0	5.0	67.0	4.0	3.0	3.0	
567.0	68.0	4.0	5.0	3.0	69.0	4.0	12.0	2.0	70.0	4.0	11.0	5.0	
568.0	71.0	4.0	11.0	3.0	72.0	4.0	11.0	2.0	73.0	4.0	13.0	3.0	
569.0	74.0	4.0	1.0	3.0	75.0	4.0	8.0	5.0	76.0	4.0	6.0	4.0	
570.0	77.0	4.0	8.0	2.0	78.0	4.0	8.0	1.0	79.0	4.0	7.0	3.0	
571.0	80.0	4.0	3.0	1.0	61.0	4.0	12.0	4.0	62.0	4.0	7.0	4.0	
572.0	63.0	4.0	15.0	1.0	64.0	4.0	4.0	2.0	65.0	4.0	11.0	2.0	
573.0	66.0	4.0	12.0	5.0	67.0	4.0	3.0	3.0	68.0	4.0	5.0	3.0	
574.0	69.0	4.0	12.0	2.0	70.0	4.0	11.0	5.0	71.0	4.0	11.0	3.0	
575.0	72.0	4.0	11.0	2.0	73.0	4.0	13.0	3.0	74.0	4.0	1.0	3.0	
576.0	75.0	4.0	8.0	5.0	76.0	4.0	6.0	4.0	77.0	4.0	8.0	2.0	
577.0	78.0	4.0	8.0	1.0	79.0	4.0	7.0	3.0	80.0	4.0	3.0	1.0	
578.0	61.0	4.0	12.0	4.0	62.0	4.0	7.0	4.0	63.0	4.0	15.0	1.0	
579.0	64.0	4.0	4.0	2.0	65.0	4.0	11.0	2.0	66.0	4.0	12.0	5.0	
580.0	67.0	4.0	3.0	3.0	68.0	4.0	5.0	3.0	69.0	4.0	12.0	2.0	
581.0	70.0	4.0	11.0	5.0	71.0	4.0	11.0	3.0	72.0	4.0	11.0	2.0	
582.0	73.0	4.0	13.0	3.0	74.0	4.0	1.0	3.0	75.0	4.0	8.0	5.0	
583.0	76.0	4.0	6.0	4.0	77.0	4.0	8.0	2.0	78.0	4.0	8.0	1.0	
584.0	79.0	4.0	7.0	3.0	80.0	4.0	3.0	1.0	61.0	4.0	12.0	4.0	
585.0	62.0	4.0	7.0	4.0	63.0	4.0	15.0	1.0	64.0	4.0	4.0	2.0	
586.0	65.0	4.0	11.0	2.0	66.0	4.0	12.0	5.0	67.0	4.0	3.0	3.0	
587.0	68.0	4.0	5.0	3.0	69.0	4.0	12.0	2.0	70.0	4.0	11.0	5.0	
588.0	71.0	4.0	11.0	3.0	72.0	4.0	11.0	2.0	73.0	4.0	13.0	3.0	
589.0	74.0	4.0	1.0	3.0	75.0	4.0	8.0	5.0	76.0	4.0	6.0	4.0	
590.0	77.0	4.0	8.0	2.0	78.0	4.0	8.0	1.0	79.0	4.0	7.0	3.0	
591.0	80.0	4.0	3.0	1.0	61.0	4.0	12.0	4.0	62.0	4.0	7.0	4.0	
592.0	63.0	4.0	15.0	1.0	64.0	4.0	4.0	2.0	65.0	4.0	11.0	2.0	
593.0	66.0	4.0	12.0	5.0	67.0	4.0	3.0	3.0	68.0	4.0	5.0	3.0	
594.0	69.0	4.0	12.0	2.0	70.0	4.0	11.0	5.0	71.0	4.0	11.0	3.0	
595.0	72.0	4.0	11.0	2.0	73.0	4.0	13.0	3.0	74.0	4.0	1.0	3.0	
596.0	75.0	4.0	8.0	5.0	76.0	4.0	6.0	4.0	77.0	4.0	8.0	2.0	
597.0	78.0	4.0	8.0	1.0	79.0	4.0	7.0	3.0	80.0	4.0	3.0	1.0	
598.0	61.0	4.0	12.0	4.0	62.0	4.0	7.0	4.0	63.0	4.0	15.0	1.0	
599.0	64.0	4.0	4.0	2.0	65.0	4.0	11.0	2.0	66.0	4.0	12.0	5.0	
600.0	67.0	4.0	3.0	3.0	68.0	4.0	5.0	3.0	69.0	4.0	12.0	2.0	
601.0	70.0	4.0	11.0	5.0	71.0	4.0	11.0	3.0	72.0	4.0	11.0	2.0	
602.0	73.0	4.0	13.0	3.0	74.0	4.0	1.0	3.0	75.0	4.0	8.0	5.0	
603.0	76.0	4.0	6.0	4.0	77.0	4.0	8.0	2.0	78.0	4.0	8.0	1.0	
604.0	79.0	4.0	7.0	3.0	80.0	4.0	3.0	1.0	61.0	4.0	12.0	4.0	
605.0	62.0	4.0	7.0	4.0	63.0	4.0	15.0	1.0	64.0	4.0	4.0	2.0	
606.0	65.0	4.0	11.0	2.0	66.0	4.0	12.0	5.0	67.0	4.0	3.0	3.0	
607.0	68.0	4.0	5.0	3.0	69.0	4.0	12.0	2.0	70.0	4.0	11.0	5.0	
608.0	71.0	4.0	11.0	3.0	72.0	4.0	11.0	2.0	73.0	4.0	13.0	3.0	
609.0	74.0	4.0	1.0	3.0	75.0	4.0	8.0	5.0	76.0	4.0	6.0	4.0	
610.0	77.0	4.0	8.0	2.0	78.0	4.0	8.0	1.0	79.0	4.0	7.0	3.0	
611.0	80.0	4.0	3.0	1.0	61.0	4.0	12.0	4.0	62.0	4.0	7.0	4.0	
612.0	63.0	4.0	15.0	1.0	64.0	4.0	4.0	2.0	65.0	4.0	11.0	2.0	
613.0	66.0	4.0	12.0	5.0	67.0	4.0	3.0	3.0	68.0	4.0	5.0	3.0	
614.0	69.0	4.0	12.0	2.0	70.0	4.0	11.0	5.0	71.0	4.0	11.0	3.0	
615.0	72.0	4.0	11.0	2.0	73.0	4.0	13.0	3.0	74.0	4.0	1.0	3.0	
616.0	75.0	4.0	8.0	5.0	76.0	4.0	6.0	4.0	77.0	4.0	8.0	2.0	
617.0	78.0	4.0	8.0	1.0	79.0	4.0	7.0	3.0	80.0	4.0	3.0	1.0	
618.0	61.0	4.0	12.0	4.0	62.0	4.0	7.0	4.0	63.0	4.0	15.0	1.0	
619.0	64.0	4.0	4.0	2.0	65.0	4.0	11.0	2.0	66.0	4.0	12.0	5.0	
620.0	67.0	4.0	3.0	3.0	68.0	4.0	5.0	3.0	69.0	4.0	12.0	2.0	
621.0	70.0	4.0	11.0	5.0	71.0	4.0	11.0	3.0	72.0	4.0	11.0	2.0	
622.0	73.0	4.0	13.0	3.0	74.0	4.0	1.0	3.0	75.0	4.0	8.0	5.0	
623.0	76.0	4.0	6.0	4.0	77.0	4.0	8.0	2.0	78.0	4.0	8.0	1.0	
624.0	79.0	4.0	7.0	3.0	80.0	4.0	3.0	1.0	61.0	4.0	12.0	4.0	
625.0	62.0	4.0	7.0	4.0	63.0	4.0	15.0	1.0	64.0	4.0	4.0	2.0	
626.0	65.0	4.0	11.0	2.0	66.0	4.0	12.0	5.0	67.0	4.0	3.0	3.0	
627.0	68.0	4.0	5.0	3.0	69.0	4.0	12.0	2.0	70.0	4.0	11.0	5.0	
628.0	71.0	4.0	11.0	3.0	72.0	4.0	11.0	2.0	73.0	4.0	13.0	3.0	
629.0	74.0	4.0	1.0	3.0	75.0	4.0	8.0	5.0	76.0	4.0	6.0	4.0	
630.0	77.0	4.0	8.0	2.0	78.0	4.0	8.0	1.0	79.0	4.0	7.0	3.0	
631.0	80.0	4.0	3.0	1.0	61.0	4.0	12.0	4.0	62.0	4.0	7.0	4.0	
632.0	63.0	4.0	15.0	1.0	64.0	4.0	4.0	2.0	65.0	4.0	11.0	2.0	
633.0	66.0	4.0	12.0	5.0	67.0	4.0	3.0	3.0	68.0	4.0	5.0	3.0	
634.0	69.0	4.0	12.0	2.0	70.0	4.0	11.0	5.0	71.0	4.0	11.0	3.0	
635.0	72.0	4.0	11.0	2.0	73.0	4.0	13.0	3.0	74.0	4.0	1.0	3.0	
636.0	75.0	4.0	8.0	5.0	76.0	4.0	6.0	4.0	77.0	4.0	8.0	2.0	
637.0	78.0	4.0	8.0	1.0	79.0	4.0	7.0	3.0	80.0	4.0	3.0	1.0	
638.0	61.0	4.0	12.0	4.0	62.0	4.0	7.0	4.0	63.0	4.0	15.0	1.0	
639.0	64.0	4.0	4.0	2.0	65.0	4.0	11.0	2.0	66.0	4.0	12.0	5.0	
640.0	67.0	4.0	3.0	3.0	68.0	4.0	5.0	3.0	69.0	4.0	12.0	2.0	
641.0	70.0	4.0	11.0	5.0	71.0	4.0	11.0	3.0	72.0	4.0	11.0	2.0	
642.0	73.0	4.0	13.0	3.0	74.0	4.0	1.0	3.0	75.0	4.0	8.0	5.0	
643.0	76.0	4.0	6.0	4.0	77.0	4.0	8.0	2.0	78.0	4.0	8.0	1.0	
644.0	79.0	4.0	7.0	3.0	80.0	4.0	3.0	1.0	61.0	4.0	12.0	4.0	
645.0	62.0	4.0	7.0	4.0	63.0	4.0	15.0	1.0	64.0	4.0	4.0	2.0	
646.0	65.0	4.0	11.0	2.0	66.0	4.0	12.0	5.0	67.0	4.0	3.0	3.0	
647.0	68.0	4.0	5.0	3.0	69.0	4.0	12.0	2.0	70.0	4.0	11.0	5.0	
648.0	71.0	4.0	11.0	3.0	72.0	4.0	11.0	2.0	73.0	4.0	13.0	3.0	
649.0	74.0	4.0	1.0	3.0	75.0	4.0	8.0	5.0	76.0	4.0	6.0	4.0	
650.0	77.0	4.0	8.0	2.0	78.0	4.0	8.0	1.0	79.0	4.0	7.0	3.0	
651.0	80.0	4.0	3.0	1.0	61.0	4.0	12.0	4.0	62.0	4.0	7.0	4.0	
652.0	63.0	4.0	15.0	1.0	64.0	4.0	4.0	2.0	65.0	4.0	11.0	2.0	
653.0	66.0	4.0	12.0	5.0	67.0	4.0	3.0	3.0	68.0	4.0	5.0	3.0	
654.0	69.0	4.0	12.0	2.0	70.0	4.0	11.0	5.0	71.0	4.0	11.0	3.0	
655.0	72.0	4.0	11.0	2.0	73.0	4.0	13.0	3.0	74.0	4.0	1.0	3.0	
656.0	75.0	4.0	8.0	5.0	76.0	4.0	6.0	4.0	77.0	4.0	8.0	2.0	
657.0	78.0	4.0	8.0	1.0	79.0	4.0	7.0	3.0	80.0	4.0	3.0	1.0	
658.0	61.0	4.0	12.0	4.0	62.0	4.0	7.0	4.0	63.0	4.0	15.0	1.0	
659.0	64.0	4.0	4.0	2.0	65.0	4.0	11.0	2.0	66.0	4.0	12.0	5.0	
660.0	67.0	4.0	3.0	3.0	68.0	4.0	5.0	3.0	69.0	4.0	12.0	2.0	
661.0	70.0	4.0	11.0	5.0	71.0	4.0	11.0	3.0	72.0	4.0	11.0	2.0	
662.0	73.0	4.0	13.0	3.0	74.0	4.0	1.0	3.0	75.0	4.0	8.0	5.0	
663.0	76.0	4.0	6.0	4.0	77.0	4.0	8.0	2.0	78.0	4.0	8.0	1.0	
664.0	79.0	4.0	7.0	3.0	80.0	4.0	3.0	1.0	61.0	4.0	12.0	4.0	
665.0	62.0	4.0	7.0	4.0	63.0	4.0	15.0	1.0	64.0	4.0	4.0	2.0	
666.0	65.0	4.0	11.0	2.0	66.0	4.0	12.0	5.0	67.0	4.0	3.0	3.0	
667.0	68.0	4.0	5.0	3.0	69.0	4.0	12.0	2.0	70.0	4.0	11.0	5.0	
668.0	71.0	4.0	11.0	3.0	72.0	4.0	11.0	2.0	73.0	4.0	13.0	3.0	
669.0	74.0	4.0	1.0	3.0	75.0	4.0	8.0	5.0	76.0	4.0	6.0	4.0	
670.0	77.0	4.0	8.0	2.0	78.0	4.0	8.0	1.0	79.0	4.0	7.0	3.0	
671.0	80.0	4.0	3.0	1.0	61.0	4.0	12.0	4.0	62.0	4.0	7.0	4.0	
672.0	63.0	4.0	15.0	1.0	64.0	4.0	4.0	2.0	65.0	4.0	11.0	2.0	
673.0	66.0	4.0	12.0	5.0	67.0	4.0	3.0	3.0	68.0	4.0	5.0	3.0	
674.0	69.0	4.0	12.0	2.0	70.0	4.0	11.0	5.0	71.0	4.0	11.0	3.0	
675.0	72.0	4.0	11.0	2.0	73.0	4.0	13.0	3.0	74.0	4.0	1.0	3.0	
676.0	75.0	4.0	8.0	5.0	76.0	4.0	6.0	4.0	77.0	4.0	8.0	2.0	
677.0	78.0	4.0	8.0	1.0	79.0	4.0	7.0	3.0	80.0	4.0	3.0	1.0	
678.0	61.0	4.0	12.0	4.0	62.0	4.0	7.0	4.0	63.0	4.0	15.0	1.0	
679.0	64.0	4.0	4.0	2.0	65.0	4.0	11.0	2.0	66.0	4.0	12.0	5.0	
680.0	67.0	4.0	3.0	3.0	68.0	4.0	5.0	3.0	69.0	4.0	12.0	2.0	
681.0	70.0	4.0	11.0	5.0	71.0	4.0	11.0	3.0	72.0	4.0	11.0	2.0	
682.0	73.0	4.0	13.0	3.0	74.0	4.0	1.0	3.0	75.0	4.0	8.0	5.0	
683.0	76.0	4.0	6.0	4.0	77.0	4.0	8.0	2.0	78.0	4.0	8.0	1.0	
684.0	79.0	4.0	7.0	3.0	80.0	4.0	3.0	1.0	61.0	4.0	12.0	4.0	
685.0	62.0	4.0	7.0	4.0	63.0	4.0	15.0	1.0	64.0	4.0	4.0	2.0	
686.0	65.0	4.0	11.0	2.0	66.0	4.0	12.0	5.0	67.0	4.0	3.0	3.0	
687.0	68.0	4.0	5.0	3.0	69.0	4.0	12.0	2.0	70.0	4.0	11.0	5.0	
688.0	71.0	4.0	11.0	3.0	72.0	4.0	11.0	2.0	73.0	4.0	13.0	3.0	
689.0	74.0	4.0	1.0	3.0	75.0	4.0	8.0	5.0	76.0	4.0	6.0	4.0	
690.0	77.0	4.0	8.0	2.0	78.0	4.0	8.0	1.0	79.0	4.0	7.0	3.0	
691.0	80.0	4.0	3.0	1.0	61.0	4.0	12.0	4.0	62.0	4.0	7.0	4.0	
692.0	63.0	4.0	15.0	1.0	64.0	4.0	4.0	2.0	65.0	4.0	11.0	2.0	
693.0	66.0	4.0	12.0	5.0	67.0	4.0	3.0	3.0	68.0	4.0	5.0	3.0	
694.0	69.0	4.0	12.0	2.0	70.0	4.0	11.0	5.0	71.0	4.0	11.0	3.0	
695.0	72.0	4.0	11.0	2.0	73.0	4.0	13.0	3.0	74.0	4.0	1.0	3.0	
696.0	75.0	4.0	8.0	5.0	76.0	4.0	6.0	4.0	77.0	4.0	8.0	2.0	
697.0	78.0	4.0	8.0	1.0	79.0	4.0	7.0	3.0	80.0	4.0	3.0	1.0	
698.0	61.0	4.0	12.0	4.0	62.0	4.0	7.0	4.0	63.0	4.0	15.0	1.0	
699.0	64.0	4.0	4.0	2.0	65.0	4.0	11.0	2.0	66.0	4.0	12.0	5.0	
700.0	67.0	4.0	3.0	3.0	68.0	4.0	5.0	3.0	69.0	4.0	12.0	2.0	
701.0	70.0	4.0	11.0	5.0	71.0	4.0	11.0	3.0	72.0	4.0	11.0	2.0	
702.0	73.0	4.0	13.0	3.0	74.0	4.0	1.0	3.0	75.0	4.0	8.0	5.0	
703.0	76.0	4.0	6.0	4.0	77.0	4.0	8.0	2.0	78.0	4.0	8.0	1.0	
704.0	79.0	4.0	7.0	3.0	80.0	4.0	3.0	1.0	61.0	4.0	12.0	4.0	
705.0	62.0	4.0	7.0	4.0	63.0	4.0	15.0	1.0	64.0	4.0	4.0	2.0	
706.0	65.0	4.0	11.0	2.0	66.0	4.0	12.0	5.0	67.0	4.0	3.0	3.0	
707.0	68.0	4.0	5.0	3.0	69.0	4.0	12.0	2.0	70.0	4.0	11.0	5.0	
708.0	71.0	4.0	11.0	3.0	72.0	4.0	11.0	2.0	73.0	4.0	13.0	3.0	
709.0	74.0	4.0	1.0	3.0	75.0	4.0	8.0	5.0	76.0	4.0	6.0	4.0	
710.0	77.0	4.0	8.0	2.0	78.0	4.0	8.0	1.0	79.0	4.0	7.0	3.0	
711.0	80.0	4.0	3.0	1.0	61.0	4.0	12.0	4.0	62.0	4.0	7.0	4.0	
712.0	63.0	4.0	15.0	1.0	64.0	4.0	4.0	2.0	65.0	4.0	11.0	2.0	
713.0	66.0	4.0	12.0	5.0	67.0	4.0	3.0	3.0	68.0	4.0	5.0	3.0	
714.0	69.0	4.0	12.0	2.0	70.0	4.0	11.0	5.0	71.0	4.0	11.0	3.0	
715.0	72.0	4.0	11.0	2.0	73.0	4.0	13.0	3.0	74.0	4.0	1.0	3.0	
716.0	75.0	4.0	8.0	5.0	76.0	4.0	6.0	4.0	77.0	4.0	8.0	2.0	
717.0	78.0	4.0	8.0	1.0	79.0	4.0	7.0	3.0	80.0	4.0	3.0	1.0	
718.0	61.0	4.0	12.0	4.0	62.0	4.0	7.0	4.0	63.0	4.0	15.0	1.0	
719.0	64.0	4.0	4.0	2.0	65.0	4.0	11.0	2.0	66.0	4.0	12.0	5.0	
720.0	67.0	4.0	3.0	3.0	68.0	4.0	5.0	3.0	69.0	4.0	12.0	2.0	
721.0	70.0	4.0	11.0	5.0	71.0	4.0	11.0	3.0	72.0	4.0	11.0	2.0	
722.0	73.0	4.0	13.0	3.0	74.0	4.0	1.0	3.0	75.0	4.0	8.0	5.0	
723.0	76.0	4.0	6.0	4.0	77.0	4.0	8.0	2.0	78.0	4.0	8.0	1.0	
724.0	79.0	4.0	7.0	3.0	80.0	4.0	3.0	1.0	61.0	4.0	12.0	4.0	
725.0	62.0	4.0	7.0	4.0	63.0	4.0	15.0	1.0	64.0	4.0	4.0	2.0	
726.0	65.0	4.0	11.0	2.0	66.0	4.0	12.0	5.0	67.0	4.0	3.0	3.0	
727.0	68.0	4.0	5.0	3.0	69.0	4.0	12.0	2.0	70.0	4.0	11.0	5.0	
728.0	71.0	4.0	11.0	3.0	72.0	4.0	11.0	2.0	73.0	4.0	13.0	3.0	
729.0	74.0	4.0	1.0	3.0	75.0	4.0	8.0	5.0	76.0	4.0	6.0	4.0	
730.0	77.0	4.0	8.0	2.0	78.0	4.0	8.0	1.0	79.0	4.0	7.0	3.0	
731.0	80.0	4.0	3.0	1.0	61.0	4.0	12.0	4.0	62.0	4.0	7.0	4.0	
732.0	63.0	4.0	15.0	1.0	64.0	4.0	4.0	2.0	65.0	4.0	11.0	2.0	
733.0	66.0	4.0	12.0	5.0	67.0	4.0	3.0	3.0	68.0	4.0	5.0	3.0	
734.0	69.0	4.0	12.0	2.0	70.0	4.0	11.0	5.0	71.0	4.0	11.0	3.0	
735.0	72.0	4.0	11.0	2.0	73.0	4.0	13.0	3.0	74.0	4.0	1.0	3.0	
736.0	75.0	4.0	8.0	5.0	76.0	4.0	6.0	4.0	77.0	4.0	8.0	2.0	
737.0	78.0	4.0	8.0	1.0	79.0	4.0	7.0	3.0	80.0	4.0	3.0	1.0	
738.0	61.0	4.0	12.0	4.0	62.0	4.0	7.0	4.0	63.0	4.0	15.0	1.0	
739.0	64.0	4.0	4.0	2.0	65.0	4.0	11.0	2.0	66.0	4.0	12.0	5.0	
740.0	67.0	4.0	3.0	3.0	68.0	4.0	5.0	3.0	69.0	4.0	12.0	2.0	
741.0	70.0	4.0	11.0	5.0	71.0	4.0	11.0	3.0	72.0	4.0	11.0	2.0	
742.0	73.0	4.0	13.0	3.0	74.0	4.0	1.0	3.0	75.0	4.0	8.0	5.0	
743.0	76.0	4.0	6.0	4.0	77.0	4.0	8.0	2.0	78.0	4.0	8.0	1.0	
744.0	79.0	4.0	7.0	3.0	80.0	4.0	3.0	1.0	61.0	4.0	12.0	4.0	
745.0	62.0	4.0	7.0	4.0	63.0	4.0	15.0	1.0	64.0	4.0	4.0	2.0	
746.0	65.0	4.0	11.0	2.0	66.0	4.0	12.0	5.0	67.0	4.0	3.0	3.0	
747.0	68.0	4.0	5.0	3.0	69.0	4.0	12.0	2.0	70.0	4.0	11.0	5.0	
748.0	71.0	4.0	11.0	3.0	72.0	4.0	11.0	2.0	73.0	4.0	13.0	3.0	
749.0	74.0	4.0	1.0	3.0	75.0	4.0	8.0	5.0	76.0	4.0	6.0	4.0	
750.0	77.0	4.0	8.0	2.0	78.0	4.0	8.0	1.0	79.0	4.0	7.0	3.0	
751.0	80.0	4.0	3.0	1.0	61.0	4.0	12.0	4.0	62.0	4.0	7.0	4.0	
752.0	63.0	4.0	15.0	1.0	64.0	4.0	4.0	2.0	65.0	4.0	11.0	2.0	
753.0	66.0	4.0	12.0	5.0	67.0	4.0	3.0	3.0	68.0	4.0	5.0	3.0	
754.0	69.0	4.0	12.0	2.0	70.0	4.0	11.0	5.0	71.0	4.0	11.0	3.0	
755.0	72.0	4.0	11.0	2.0	73.0	4.0	13.0	3.0	74.0	4.0	1.0	3.0	
756.0	75.0	4.0	8.0	5.0	76.0	4.0	6.0	4.0	77.0	4.0	8.0	2.0	
757.0	78.0	4.0	8.0	1.0	79.0	4.0	7.0	3.0	80.0	4.0	3.0	1.0	
758.0	61.0	4.0	12.0	4.0	62.0	4.0	7.0	4.0	63.0	4.0	15.0	1.0	
759.0	64.0	4.0	4.0	2.0	65.0	4.0	11.0	2.0	66.0	4.0	12.0	5.0	
760.0	67.0	4.0	3.0	3.0	68.0	4.0	5.0	3.0	69.0	4.0	12.0	2.0	
761.0	41.0	3.0	15.0	4.0	42.0	3.0	4.0	1.0	43.0	3.0	13.0	1.0	
762.0	44.0	3.0	3.0	5.0	45.0	3.0	5.0	4.0	46.0	3.0	14.0	3.0	
763.0	47.0	3.0	15.0	5.0	48.0	3.0	13.0	4.0	49.0	3.0	12.0	1.0	
764.0	50.0	3.0	9.0	1.0	51.0	3.0	2.0	3.0	52.0	3.0	4.0	3.0	
765.0	53.0	3.0	12.0	3.0	54.0	3.0	10.0	5.0	55.0	3.0	6.0	4.0	
766.0	56.0	3.0	13.0	5.0	57.0	3.0	14.0	3.0	58.0	3.0	11.0	4.0	
767.0	59.0	3.0	9.0	4.0	60.0	3.0	3.0	3.0	41.0	3.0	15.0	4.0	
768.0	42.0	3.0	4.0	1.0	43.0	3.0	13.0	1.0	44.0	3.0	3.0	5.0	
769.0	45.0	3.0	5.0	4.0	46.0	3.0	14.0	3.0	47.0	3.0	15.0	5.0	
770.0	48.0	3.0	13.0	4.0	49.0	3.0	12.0	1.0	50.0	3.0	9.0	1.0	
771.0	51.0	3.0	2.0	3.0	52.0	3.0	4.0	3.0	53.0	3.0	12.0	3.0	
772.0	54.0	3.0	10.0	5.0	55.0	3.0	6.0	4.0	56.0	3.0	13.0	5.0	
773.0	57.0	3.0	14.0	3.0	58.0	3.0	11.0	4.0	59.0	3.0	9.0	4.0	
774.0	60.0	3.0	3.0	3.0	41.0	3.0	15.0	4.0	42.0	3.0	4.0	1.0	
775.0	43.0	3.0	13.0	1.0	44.0	3.0	3.0	5.0	45.0	3.0	5.0	4.0	
776.0	46.0	3.0	14.0	3.0	47.0	3.0	15.0	5.0	48.0	3.0	13.0	4.0	
777.0	49.0	3.0	12.0	1.0	50.0	3.0	9.0	1.0	51.0	3.0	2.0	3.0	
778.0	52.0	3.0	4.0	3.0	53.0	3.0	12.0	3.0	54.0	3.0	10.0	5.0	
779.0	55.0	3.0	6.0	4.0	56.0	3.0	13.0	5.0	57.0	3.0	14.0	3.0	
780.0	58.0	3.0	11.0	4.0	59.0	3.0	9.0	4.0	60.0	3.0	3.0	3.0	
781.0	41.0	3.0	15.0	4.0	42.0	3.0	4.0	1.0	43.0	3.0	13.0	1.0	
782.0	44.0	3.0	3.0	5.0	45.0	3.0	5.0	4.0	46.0	3.0	14.0	3.0	
783.0	47.0	3.0	15.0	5.0	48.0	3.0	13.0	4.0	49.0	3.0	12.0	1.0	
784.0	50.0	3.0	9.0	1.0	51.0	3.0	2.0	3.0	52.0	3.0	4.0	3.0	
785.0	53.0	3.0	12.0	3.0	54.0	3.0	10.0	5.0	55.0	3.0	6.0	4.0	
786.0	56.0	3.0	13.0	5.0	57.0	3.0	14.0	3.0	58.0	3.0	11.0	4.0	
787.0	59.0	3.0	9.0	4.0	60.0	3.0	3.0	3.0	41.0	3.0	15.0	4.0	
788.0	42.0	3.0	4.0	1.0	43.0	3.0	13.0	1.0	44.0	3.0	3.0	5.0	
789.0	45.0	3.0	5.0	4.0	46.0	3.0	14.0	3.0	47.0	3.0	15.0	5.0	
790.0	48.0	3.0	13.0	4.0	49.0	3.0	12.0	1.0	50.0	3.0	9.0	1.0	
791.0	51.0	3.0	2.0	3.0	52.0	3.0	4.0	3.0	53.0	3.0	12.0	3.0	
792.0	54.0	3.0	10.0	5.0	55.0	3.0	6.0	4.0	56.0	3.0	13.0	5.0	
793.0	57.0	3.0	14.0	3.0	58.0	3.0	11.0	4.0	59.0	3.0	9.0	4.0	
794.0	60.0	3.0	3.0	3.0	41.0	3.0	15.0	4.0	42.0	3.0	4.0	1.0	
795.0	43.0	3.0	13.0	1.0	44.0	3.0	3.0	5.0	45.0	3.0	5.0	4.0	
796.0	46.0	3.0	14.0	3.0	47.0	3.0	15.0	5.0	48.0	3.0	13.0	4.0	
797.0	49.0	3.0	12.0	1.0	50.0	3.0	9.0	1.0	51.0	3.0	2.0	3.0	
798.0	52.0	3.0	4.0	3.0	53.0	3.0	12.0	3.0	54.0	3.0	10.0	5.0	
799.0	55.0	3.0	6.0	4.0	56.0	3.0	13.0	5.0	57.0	3.0	14.0	3.0	
800.0	58.0	3.0	11.0	4.0	59.0	3.0	9.0	4.0	60.0	3.0	3.0	3.0	
801.0	41.0	3.0	15.0	4.0	42.0	3.0	4.0	1.0	43.0	3.0	13.0	1.0	
802.0	44.0	3.0	3.0	5.0	45.0	3.0	5.0	4.0	46.0	3.0	14.0	3.0	
803.0	47.0	3.0	15.0	5.0	48.0	3.0	13.0	4.0	49.0	3.0	12.0	1.0	
804.0	50.0	3.0	9.0	1.0	51.0	3.0	2.0	3.0	52.0	3.0	4.0	3.0	
805.0	53.0	3.0	12.0	3.0	54.0	3.0	10.0	5.0	55.0	3.0	6.0	4.0	
806.0	56.0	3.0	13.0	5.0	57.0	3.0	14.0	3.0	58.0	3.0	11.0	4.0	
807.0	59.0	3.0	9.0	4.0	60.0	3.0	3.0	3.0	41.0	3.0	15.0	4.0	
808.0	42.0	3.0	4.0	1.0	43.0	3.0	13.0	1.0	44.0	3.0	3.0	5.0	
809.0	45.0	3.0	5.0	4.0	46.0	3.0	14.0	3.0	47.0	3.0	15.0	5.0	
810.0	48.0	3.0	13.0	4.0	49.0	3.0	12.0	1.0	50.0	3.0	9.0	1.0	
811.0	51.0	3.0	2.0	3.0	52.0	3.0	4.0	3.0	53.0	3.0	12.0	3.0	
812.0	54.0	3.0	10.0	5.0	55.0	3.0	6.0	4.0	56.0	3.0	13.0	5.0	
813.0	57.0	3.0	14.0	3.0	58.0	3.0	11.0	4.0	59.0	3.0	9.0	4.0	
814.0	60.0	3.0	3.0	3.0	41.0	3.0	15.0	4.0	42.0	3.0	4.0	1.0	
815.0	43.0	3.0	13.0	1.0	44.0	3.0	3.0	5.0	45.0	3.0	5.0	4.0	
816.0	46.0	3.0	14.0	3.0	47.0	3.0	15.0	5.0	48.0	3.0	13.0	4.0	
817.0	49.0	3.0	12.0	1.0	50.0	3.0	9.0	1.0	51.0	3.0	2.0	3.0	
818.0	52.0	3.0	4.0	3.0	53.0	3.0	12.0	3.0	54.0	3.0	10.0	5.0	
819.0	55.0	3.0	6.0	4.0	56.0	3.0	13.0	5.0	57.0	3.0	14.0	3.0	
820.0	58.0	3.0	11.0	4.0	59.0	3.0	9.0	4.0	60.0	3.0	3.0	3.0	
821.0	41.0	3.0	15.0	4.0	42.0	3.0	4.0	1.0	43.0	3.0	13.0	1.0	
822.0	44.0	3.0	3.0	5.0	45.0	3.0	5.0	4.0	46.0	3.0	14.0	3.0	
823.0	47.0	3.0	15.0	5.0	48.0	3.0	13.0	4.0	49.0	3.0	12.0	1.0	
824.0	50.0	3.0	9.0	1.0	51.0	3.0	2.0	3.0	52.0	3.0	4.0	3.0	
825.0	53.0	3.0	12.0	3.0	54.0	3.0	10.0	5.0	55.0	3.0	6.0	4.0	
826.0	56.0	3.0	13.0	5.0	57.0	3.0	14.0	3.0	58.0	3.0	11.0	4.0	
827.0	59.0	3.0	9.0	4.0	60.0	3.0	3.0	3.0	41.0	3.0	15.0	4.0	
828.0	42.0	3.0	4.0	1.0	43.0	3.0	13.0	1.0	44.0	3.0	3.0	5.0	
829.0	45.0	3.0	5.0	4.0	46.0	3.0	14.0	3.0	47.0	3.0	15.0	5.0	
830.0	48.0	3.0	13.0	4.0	49.0	3.0	12.0	1.0	50.0	3.0	9.0	1.0	
831.0	51.0	3.0	2.0	3.0	52.0	3.0	4.0	3.0	53.0	3.0	12.0	3.0	
832.0	54.0	3.0	10.0	5.0	55.0	3.0	6.0	4.0	56.0	3.0	13.0	5.0	
833.0	57.0	3.0	14.0	3.0	58.0	3.0	11.0	4.0	59.0	3.0	9.0	4.0	
834.0	60.0	3.0	3.0	3.0	41.0	3.0	15.0	4.0	42.0	3.0	4.0	1.0	
835.0	43.0	3.0	13.0	1.0	44.0	3.0	3.0	5.0	45.0	3.0	5.0	4.0	
836.0	46.0	3.0	14.0	3.0	47.0	3.0	15.0	5.0	48.0	3.0	13.0	4.0	
837.0	49.0	3.0	12.0	1.0	50.0	3.0	9.0	1.0	51.0	3.0	2.0	3.0	
838.0	52.0	3.0	4.0	3.0	53.0	3.0	12.0	3.0	54.0	3.0	10.0	5.0	
839.0	55.0	3.0	6.0	4.0	56.0	3.0	13.0	5.0	57.0	3.0	14.0	3.0	
840.0	58.0	3.0	11.0	4.0	59.0	3.0	9.0	4.0	60.0	3.0	3.0	3.0	
841.0	41.0	3.0	15.0	4.0	42.0	3.0	4.0	1.0	43.0	3.0	13.0	1.0	
842.0	44.0	3.0	3.0	5.0	45.0	3.0	5.0	4.0	46.0	3.0	14.0	3.0	
843.0	47.0	3.0	15.0	5.0	48.0	3.0	13.0	4.0	49.0	3.0	12.0	1.0	
844.0	50.0	3.0	9.0	1.0	51.0	3.0	2.0	3.0	52.0	3.0	4.0	3.0	
845.0	53.0	3.0	12.0	3.0	54.0	3.0	10.0	5.0	55.0	3.0	6.0	4.0	
846.0	56.0	3.0	13.0	5.0	57.0	3.0	14.0	3.0	58.0	3.0	11.0	4.0	
847.0	59.0	3.0	9.0	4.0	60.0	3.0	3.0	3.0	41.0	3.0	15.0	4.0	
848.0	42.0	3.0	4.0	1.0	43.0	3.0	13.0	1.0	44.0	3.0	3.0	5.0	
849.0	45.0	3.0	5.0	4.0	46.0	3.0	14.0	3.0	47.0	3.0	15.0	5.0	
850.0	48.0	3.0	13.0	4.0	49.0	3.0	12.0	1.0	50.0	3.0	9.0	1.0	
851.0	51.0	3.0	2.0	3.0	52.0	3.0	4.0	3.0	53.0	3.0	12.0	3.0	
852.0	54.0	3.0	10.0	5.0	55.0	3.0	6.0	4.0	56.0	3.0	13.0	5.0	
853.0	57.0	3.0	14.0	3.0	58.0	3.0	11.0	4.0	59.0	3.0	9.0	4.0	
854.0	60.0	3.0	3.0	3.0	41.0	3.0	15.0	4.0	42.0	3.0	4.0	1.0	
855.0	43.0	3.0	13.0	1.0	44.0	3.0	3.0	5.0	45.0	3.0	5.0	4.0	
856.0	46.0	3.0	14.0	3.0	47.0	3.0	15.0	5.0	48.0	3.0	13.0	4.0	
857.0	49.0	3.0	12.0	1.0	50.0	3.0	9.0	1.0	51.0	3.0	2.0	3.0	
858.0	52.0	3.0	4.0	3.0	53.0	3.0	12.0	3.0	54.0	3.0	10.0	5.0	
859.0	55.0	3.0	6.0	4.0	56.0	3.0	13.0	5.0	57.0	3.0	14.0	3.0	
860.0	58.0	3.0	11.0	4.0	59.0	3.0	9.0	4.0	60.0	3.0	3.0	3.0	
861.0	41.0	3.0	15.0	4.0	42.0	3.0	4.0	1.0	43.0	3.0	13.0	1.0	
862.0	44.0	3.0	3.0	5.0	45.0	3.0	5.0	4.0	46.0	3.0	14.0	3.0	
863.0	47.0	3.0	15.0	5.0	48.0	3.0	13.0	4.0	49.0	3.0	12.0	1.0	
864.0	50.0	3.0	9.0	1.0	51.0	3.0	2.0	3.0	52.0	3.0	4.0	3.0	
865.0	53.0	3.0	12.0	3.0	54.0	3.0	10.0	5.0	55.0	3.0	6.0	4.0	
866.0	56.0	3.0	13.0	5.0	57.0	3.0	14.0	3.0	58.0	3.0	11.0	4.0	
867.0	59.0	3.0	9.0	4.0	60.0	3.0	3.0	3.0	41.0	3.0	15.0	4.0	
868.0	42.0	3.0	4.0	1.0	43.0	3.0	13.0	1.0	44.0	3.0	3.0	5.0	
869.0	45.0	3.0	5.0	4.0	46.0	3.0	14.0	3.0	47.0	3.0	15.0	5.0	
870.0	48.0	3.0	13.0	4.0	49.0	3.0	12.0	1.0	50.0	3.0	9.0	1.0	
871.0	51.0	3.0	2.0	3.0	52.0	3.0	4.0	3.0	53.0	3.0	12.0	3.0	
872.0	54.0	3.0	10.0	5.0	55.0	3.0	6.0	4.0	56.0	3.0	13.0	5.0	
873.0	57.0	3.0	14.0	3.0	58.0	3.0	11.0	4.0	59.0	3.0	9.0	4.0	
874.0	60.0	3.0	3.0	3.0	41.0	3.0	15.0	4.0	42.0	3.0	4.0	1.0	
875.0	43.0	3.0	13.0	1.0	44.0	3.0	3.0	5.0	45.0	3.0	5.0	4.0	
876.0	46.0	3.0	14.0	3.0	47.0	3.0	15.0	5.0	48.0	3.0	13.0	4.0	
877.0	49.0	3.0	12.0	1.0	50.0	3.0	9.0	1.0	51.0	3.0	2.0	3.0	
878.0	52.0	3.0	4.0	3.0	53.0	3.0	12.0	3.0	54.0	3.0	10.0	5.0	
879.0	55.0	3.0	6.0	4.0	56.0	3.0	13.0	5.0	57.0	3.0	14.0	3.0	
880.0	58.0	3.0	11.0	4.0	59.0	3.0	9.0	4.0	60.0	3.0	3.0	3.0	
881.0	41.0	3.0	15.0	4.0	42.0	3.0	4.0	1.0	43.0	3.0	13.0	1.0	
882.0	44.0	3.0	3.0	5.0	45.0	3.0	5.0	4.0	46.0	3.0	14.0	3.0	
883.0	47.0	3.0	15.0	5.0	48.0	3.0	13.0	4.0	49.0	3.0	12.0	1.0	
884.0	50.0	3.0	9.0	1.0	51.0	3.0	2.0	3.0	52.0	3.0	4.0	3.0	
885.0	53.0	3.0	12.0	3.0	54.0	3.0	10.0	5.0	55.0	3.0	6.0	4.0	
886.0	56.0	3.0	13.0	5.0	57.0	3.0	14.0	3.0	58.0	3.0	11.0	4.0	
887.0	59.0	3.0	9.0	4.0	60.0	3.0	3.0	3.0	41.0	3.0	15.0	4.0	
888.0	42.0	3.0	4.0	1.0	43.0	3.0	13.0	1.0	44.0	3.0	3.0	5.0	
889.0	45.0	3.0	5.0	4.0	46.0	3.0	14.0	3.0	47.0	3.0	15.0	5.0	
890.0	48.0	3.0	13.0	4.0	49.0	3.0	12.0	1.0	50.0	3.0	9.0	1.0	
891.0	51.0	3.0	2.0	3.0	52.0	3.0	4.0	3.0	53.0	3.0	12.0	3.0	
892.0	54.0	3.0	10.0	5.0	55.0	3.0	6.0	4.0	56.0	3.0	13.0	5.0	
893.0	57.0	3.0	14.0	3.0	58.0	3.0	11.0	4.0	59.0	3.0	9.0	4.0	
894.0	60.0	3.0	3.0	3.0	41.0	3.0	15.0	4.0	42.0	3.0	4.0	1.0	
895.0	43.0	3.0	13.0	1.0	44.0	3.0	3.0	5.0	45.0	3.0	5.0	4.0	
896.0	46.0	3.0	14.0	3.0	47.0	3.0	15.0	5.0	48.0	3.0	13.0	4.0	
897.0	49.0	3.0	12.0	1.0	50.0	3.0	9.0	1.0	51.0	3.0	2.0	3.0	
898.0	52.0	3.0	4.0	3.0	53.0	3.0	12.0	3.0	54.0	3.0	10.0	5.0	
899.0	55.0	3.0	6.0	4.0	56.0	3.0	13.0	5.0	57.0	3.0	14.0	3.0	
900.0	58.0	3.0	11.0	4.0	59.0	3.0	9.0	4.0	60.0	3.0	3.0	3.0	
901.0	41.0	3.0	15.0	4.0	42.0	3.0	4.0	1.0	43.0	3.0	13.0	1.0	
902.0	44.0	3.0	3.0	5.0	45.0	3.0	5.0	4.0	46.0	3.0	14.0	3.0	
903.0	47.0	3.0	15.0	5.0	48.0	3.0	13.0	4.0	49.0	3.0	12.0	1.0	
904.0	50.0	3.0	9.0	1.0	51.0	3.0	2.0	3.0	52.0	3.0	4.0	3.0	
905.0	53.0	3.0	12.0	3.0	54.0	3.0	10.0	5.0	55.0	3.0	6.0	4.0	
906.0	56.0	3.0	13.0	5.0	57.0	3.0	14.0	3.0	58.0	3.0	11.0	4.0	
907.0	59.0	3.0	9.0	4.0	60.0	3.0	3.0	3.0	41.0	3.0	15.0	4.0	
908.0	42.0	3.0	4.0	1.0	43.0	3.0	13.0	1.0	44.0	3.0	3.0	5.0	
909.0	45.0	3.0	5.0	4.0	46.0	3.0	14.0	3.0	47.0	3.0	15.0	5.0	
910.0	48.0	3.0	13.0	4.0	49.0	3.0	12.0	1.0	50.0	3.0	9.0	1.0	
911.0	51.0	3.0	2.0	3.0	52.0	3.0	4.0	3.0	53.0	3.0	12.0	3.0	
912.0	54.0	3.0	10.0	5.0	55.0	3.0	6.0	4.0	56.0	3.0	13.0	5.0	
913.0	21.0	2.0	9.0	1.0	22.0	2.0	6.0	2.0	23.0	2.0	7.0	3.0	
914.0	24.0	2.0	14.0	4.0	25.0	2.0	12.0	2.0	26.0	2.0	1.0	2.0	
915.0	27.0	2.0	13.0	4.0	28.0	2.0	8.0	1.0	29.0	2.0	2.0	5.0	
916.0	30.0	2.0	14.0	1.0	31.0	2.0	8.0	1.0	32.0	2.0	14.0	3.0	
917.0	33.0	2.0	14.0	1.0	34.0	2.0	14.0	1.0	35.0	2.0	10.0	5.0	
918.0	36.0	2.0	15.0	4.0	37.0	2.0	5.0	2.0	38.0	2.0	5.0	5.0	
919.0	39.0	2.0	14.0	2.0	40.0	2.0	11.0	3.0	21.0	2.0	9.0	1.0	
920.0	22.0	2.0	6.0	2.0	23.0	2.0	7.0	3.0	24.0	2.0	14.0	4.0	
921.0	25.0	2.0	12.0	2.0	26.0	2.0	1.0	2.0	27.0	2.0	13.0	4.0	
922.0	28.0	2.0	8.0	1.0	29.0	2.0	2.0	5.0	30.0	2.0	14.0	1.0	
923.0	31.0	2.0	8.0	1.0	32.0	2.0	14.0	3.0	33.0	2.0	14.0	1.0	
924.0	34.0	2.0	14.0	1.0	35.0	2.0	10.0	5.0	36.0	2.0	15.0	4.0	
925.0	37.0	2.0	5.0	2.0	38.0	2.0	5.0	5.0	39.0	2.0	14.0	2.0	
926.0	40.0	2.0	11.0	3.0	21.0	2.0	9.0	1.0	22.0	2.0	6.0	2.0	
927.0	23.0	2.0	7.0	3.0	24.0	2.0	14.0	4.0	25.0	2.0	12.0	2.0	
928.0	26.0	2.0	1.0	2.0	27.0	2.0	13.0	4.0	28.0	2.0	8.0	1.0	
929.0	29.0	2.0	2.0	5.0	30.0	2.0	14.0	1.0	31.0	2.0	8.0	1.0	
930.0	32.0	2.0	14.0	3.0	33.0	2.0	14.0	1.0	34.0	2.0	14.0	1.0	
931.0	35.0	2.0	10.0	5.0	36.0	2.0	15.0	4.0	37.0	2.0	5.0	2.0	
932.0	38.0	2.0	5.0	5.0	39.0	2.0	14.0	2.0	40.0	2.0	11.0	3.0	
933.0	21.0	2.0	9.0	1.0	22.0	2.0	6.0	2.0	23.0	2.0	7.0	3.0	
934.0	24.0	2.0	14.0	4.0	25.0	2.0	12.0	2.0	26.0	2.0	1.0	2.0	
935.0	27.0	2.0	13.0	4.0	28.0	2.0	8.0	1.0	29.0	2.0	2.0	5.0	
936.0	30.0	2.0	14.0	1.0	31.0	2.0	8.0	1.0	32.0	2.0	14.0	3.0	
937.0	33.0	2.0	14.0	1.0	34.0	2.0	14.0	1.0	35.0	2.0	10.0	5.0	
938.0	36.0	2.0	15.0	4.0	37.0	2.0	5.0	2.0	38.0	2.0	5.0	5.0	
939.0	39.0	2.0	14.0	2.0	40.0	2.0	11.0	3.0	21.0	2.0	9.0	1.0	
940.0	22.0	2.0	6.0	2.0	23.0	2.0	7.0	3.0	24.0	2.0	14.0	4.0	
941.0	25.0	2.0	12.0	2.0	26.0	2.0	1.0	2.0	27.0	2.0	13.0	4.0	
942.0	28.0	2.0	8.0	1.0	29.0	2.0	2.0	5.0	30.0	2.0	14.0	1.0	
943.0	31.0	2.0	8.0	1.0	32.0	2.0	14.0	3.0	33.0	2.0	14.0	1.0	
944.0	34.0	2.0	14.0	1.0	35.0	2.0	10.0	5.0	36.0	2.0	15.0	4.0	
945.0	37.0	2.0	5.0	2.0	38.0	2.0	5.0	5.0	39.0	2.0	14.0	2.0	
946.0	40.0	2.0	11.0	3.0	21.0	2.0	9.0	1.0	22.0	2.0	6.0	2.0	
947.0	23.0	2.0	7.0	3.0	24.0	2.0	14.0	4.0	25.0	2.0	12.0	2.0	
948.0	26.0	2.0	1.0	2.0	27.0	2.0	13.0	4.0	28.0	2.0	8.0	1.0	
949.0	29.0	2.0	2.0	5.0	30.0	2.0	14.0	1.0	31.0	2.0	8.0	1.0	
950.0	32.0	2.0	14.0	3.0	33.0	2.0	14.0	1.0	34.0	2.0	14.0	1.0	
951.0	35.0	2.0	10.0	5.0	36.0	2.0	15.0	4.0	37.0	2.0	5.0	2.0	
952.0	38.0	2.0	5.0	5.0	39.0	2.0	14.0	2.0	40.0	2.0	11.0	3.0	
953.0	21.0	2.0	9.0	1.0	22.0	2.0	6.0	2.0	23.0	2.0	7.0	3.0	
954.0	24.0	2.0	14.0	4.0	25.0	2.0	12.0	2.0	26.0	2.0	1.0	2.0	
955.0	27.0	2.0	13.0	4.0	28.0	2.0	8.0	1.0	29.0	2.0	2.0	5.0	
956.0	30.0	2.0	14.0	1.0	31.0	2.0	8.0	1.0	32.0	2.0	14.0	3.0	
957.0	33.0	2.0	14.0	1.0	34.0	2.0	14.0	1.0	35.0	2.0	10.0	5.0	
958.0	36.0	2.0	15.0	4.0	37.0	2.0	5.0	2.0	38.0	2.0	5.0	5.0	
959.0	39.0	2.0	14.0	2.0	40.0	2.0	11.0	3.0	21.0	2.0	9.0	1.0	
960.0	22.0	2.0	6.0	2.0	23.0	2.0	7.0	3.0	24.0	2.0	14.0	4.0	
961.0	25.0	2.0	12.0	2.0	26.0	2.0	1.0	2.0	27.0	2.0	13.0	4.0	
962.0	28.0	2.0	8.0	1.0	29.0	2.0	2.0	5.0	30.0	2.0	14.0	1.0	
963.0	31.0	2.0	8.0	1.0	32.0	2.0	14.0	3.0	33.0	2.0	14.0	1.0	
964.0	34.0	2.0	14.0	1.0	35.0	2.0	10.0	5.0	36.0	2.0	15.0	4.0	
965.0	37.0	2.0	5.0	2.0	38.0	2.0	5.0	5.0	39.0	2.0	14.0	2.0	
966.0	40.0	2.0	11.0	3.0	21.0	2.0	9.0	1.0	22.0	2.0	6.0	2.0	
967.0	23.0	2.0	7.0	3.0	24.0	2.0	14.0	4.0	25.0	2.0	12.0	2.0	
968.0	26.0	2.0	1.0	2.0	27.0	2.0	13.0	4.0	28.0	2.0	8.0	1.0	
969.0	29.0	2.0	2.0	5.0	30.0	2.0	14.0	1.0	31.0	2.0	8.0	1.0	
970.0	32.0	2.0	14.0	3.0	33.0	2.0	14.0	1.0	34.0	2.0	14.0	1.0	
971.0	35.0	2.0	10.0	5.0	36.0	2.0	15.0	4.0	37.0	2.0	5.0	2.0	
972.0	38.0	2.0	5.0	5.0	39.0	2.0	14.0	2.0	40.0	2.0	11.0	3.0	
973.0	21.0	2.0	9.0	1.0	22.0	2.0	6.0	2.0	23.0	2.0	7.0	3.0	
974.0	24.0	2.0	14.0	4.0	25.0	2.0	12.0	2.0	26.0	2.0	1.0	2.0	
975.0	27.0	2.0	13.0	4.0	28.0	2.0	8.0	1.0	29.0	2.0	2.0	5.0	
976.0	30.0	2.0	14.0	1.0	31.0	2.0	8.0	1.0	32.0	2.0	14.0	3.0	
977.0	33.0	2.0	14.0	1.0	34.0	2.0	14.0	1.0	35.0	2.0	10.0	5.0	
978.0	36.0	2.0	15.0	4.0	37.0	2.0	5.0	2.0	38.0	2.0	5.0	5.0	
979.0	39.0	2.0	14.0	2.0	40.0	2.0	11.0	3.0	21.0	2.0	9.0	1.0	
980.0	22.0	2.0	6.0	2.0	23.0	2.0	7.0	3.0	24.0	2.0	14.0	4.0	
981.0	25.0	2.0	12.0	2.0	26.0	2.0	1.0	2.0	27.0	2.0	13.0	4.0	
982.0	28.0	2.0	8.0	1.0	29.0	2.0	2.0	5.0	30.0	2.0	14.0	1.0	
983.0	31.0	2.0	8.0	1.0	32.0	2.0	14.0	3.0	33.0	2.0	14.0	1.0	
984.0	34.0	2.0	14.0	1.0	35.0	2.0	10.0	5.0	36.0	2.0	15.0	4.0	
985.0	37.0	2.0	5.0	2.0	38.0	2.0	5.0	5.0	39.0	2.0	14.0	2.0	
986.0	40.0	2.0	11.0	3.0	21.0	2.0	9.0	1.0	22.0	2.0	6.0	2.0	
987.0	23.0	2.0	7.0	3.0	24.0	2.0	14.0	4.0	25.0	2.0	12.0	2.0	
988.0	26.0	2.0	1.0	2.0	27.0	2.0	13.0	4.0	28.0	2.0	8.0	1.0	
989.0	1.0	1.0	11.0	3.0	2.0	1.0	14.0	1.0	3.0	1.0	6.0	4.0	
990.0	4.0	1.0	9.0	4.0	5.0	1.0	15.0	2.0	6.0	1.0	7.0	1.0	
991.0	7.0	1.0	11.0	1.0	8.0	1.0	15.0	3.0	9.0	1.0	15.0	5.0	
992.0	10.0	1.0	15.0	1.0	11.0	1.0	4.0	4.0	12.0	1.0	5.0	3.0	
993.0	13.0	1.0	3.0	1.0	14.0	1.0	13.0	5.0	15.0	1.0	11.0	1.0	
994.0	16.0	1.0	14.0	2.0	17.0	1.0	11.0	4.0	18.0	1.0	2.0	5.0	
995.0	19.0	1.0	13.0	4.0	20.0	1.0	4.0	5.0	1.0	1.0	11.0	3.0	
996.0	2.0	1.0	14.0	1.0	3.0	1.0	6.0	4.0	4.0	1.0	9.0	4.0	
997.0	5.0	1.0	15.0	2.0	6.0	1.0	7.0	1.0	7.0	1.0	11.0	1.0	
998.0	8.0	1.0	15.0	3.0	9.0	1.0	15.0	5.0	10.0	1.0	15.0	1.0	
999.0	11.0	1.0	4.0	4.0	12.0	1.0	5.0	3.0	13.0	1.0	3.0	1.0	
1000.0	14.0	1.0	13.0	5.0	15.0	1.0	11.0	1.0	16.0	1.0	14.0	2.0	
1001.0	17.0	1.0	11.0	4.0	18.0	1.0	2.0	5.0	19.0	1.0	13.0	4.0	
1002.0	20.0	1.0	4.0	5.0	1.0	1.0	11.0	3.0	2.0	1.0	14.0	1.0	
1003.0	3.0	1.0	6.0	4.0	4.0	1.0	9.0	4.0	5.0	1.0	15.0	2.0	
1004.0	6.0	1.0	7.0	1.0	7.0	1.0	11.0	1.0	8.0	1.0	15.0	3.0	
1005.0	9.0	1.0	15.0	5.0	10.0	1.0	15.0	1.0	11.0	1.0	4.0	4.0	
1006.0	12.0	1.0	5.0	3.0	13.0	1.0	3.0	1.0	14.0	1.0	13.0	5.0	
1007.0	15.0	1.0	11.0	1.0	16.0	1.0	14.0	2.0	17.0	1.0	11.0	4.0	
1008.0	18.0	1.0	2.0	5.0	19.0	1.0	13.0	4.0	20.0	1.0	4.0	5.0	
1009.0	1.0	1.0	11.0	3.0	2.0	1.0	14.0	1.0	3.0	1.0	6.0	4.0	
1010.0	4.0	1.0	9.0	4.0	5.0	1.0	15.0	2.0	6.0	1.0	7.0	1.0	
1011.0	7.0	1.0	11.0	1.0	8.0	1.0	15.0	3.0	9.0	1.0	15.0	5.0	
1012.0	10.0	1.0	15.0	1.0	11.0	1.0	4.0	4.0	12.0	1.0	5.0	3.0	
1013.0	13.0	1.0	3.0	1.0	14.0	1.0	13.0	5.0	15.0	1.0	11.0	1.0	
1014.0	16.0	1.0	14.0	2.0	17.0	1.0	11.0	4.0	18.0	1.0	2.0	5.0	
1015.0	19.0	1.0	13.0	4.0	20.0	1.0	4.0	5.0	1.0	1.0	11.0	3.0	
1016.0	2.0	1.0	14.0	1.0	3.0	1.0	6.0	4.0	4.0	1.0	9.0	4.0	
1017.0	5.0	1.0	15.0	2.0	6.0	1.0	7.0	1.0	7.0	1.0	11.0	1.0	
1018.0	8.0	1.0	15.0	3.0	9.0	1.0	15.0	5.0	10.0	1.0	15.0	1.0	
1019.0	11.0	1.0	4.0	4.0	12.0	1.0	5.0	3.0	13.0	1.0	3.0	1.0	
1020.0	14.0	1.0	13.0	5.0	15.0	1.0	11.0	1.0	16.0	1.0	14.0	2.0	
1021.0	17.0	1.0	11.0	4.0	18.0	1.0	2.0	5.0	19.0	1.0	13.0	4.0	
1022.0	20.0	1.0	4.0	5.0	1.0	1.0	11.0	3.0	2.0	1.0	14.0	1.0	
1023.0	3.0	1.0	6.0	4.0	4.0	1.0	9.0	4.0	5.0	1.0	15.0	2.0	
1024.0	6.0	1.0	7.0	1.0	7.0	1.0	11.0	1.0	8.0	1.0	15.0	3.0	
=====================================================================================================================================================
wordmean data blocks: block #, copy1(VM #, VM Flav #, PM #, Rack #), copy2(VM #, VM Flav #, PM #, Rack #), copy3(VM #, VM Flav #, PM #, Rack #)
=====================================================================================================================================================
1.0	92.0	5.0	10.0	4.0	93.0	5.0	4.0	5.0	94.0	5.0	13.0	1.0	
2.0	95.0	5.0	8.0	5.0	96.0	5.0	15.0	3.0	97.0	5.0	9.0	3.0	
3.0	98.0	5.0	15.0	2.0	99.0	5.0	12.0	3.0	100.0	5.0	14.0	1.0	
4.0	81.0	5.0	3.0	4.0	82.0	5.0	6.0	2.0	83.0	5.0	5.0	1.0	
5.0	84.0	5.0	12.0	2.0	85.0	5.0	3.0	5.0	86.0	5.0	15.0	4.0	
6.0	87.0	5.0	5.0	5.0	88.0	5.0	4.0	3.0	89.0	5.0	14.0	2.0	
7.0	90.0	5.0	4.0	1.0	91.0	5.0	9.0	5.0	92.0	5.0	10.0	4.0	
8.0	93.0	5.0	4.0	5.0	94.0	5.0	13.0	1.0	95.0	5.0	8.0	5.0	
9.0	96.0	5.0	15.0	3.0	97.0	5.0	9.0	3.0	98.0	5.0	15.0	2.0	
10.0	99.0	5.0	12.0	3.0	100.0	5.0	14.0	1.0	81.0	5.0	3.0	4.0	
11.0	82.0	5.0	6.0	2.0	83.0	5.0	5.0	1.0	84.0	5.0	12.0	2.0	
12.0	85.0	5.0	3.0	5.0	86.0	5.0	15.0	4.0	87.0	5.0	5.0	5.0	
13.0	88.0	5.0	4.0	3.0	89.0	5.0	14.0	2.0	90.0	5.0	4.0	1.0	
14.0	91.0	5.0	9.0	5.0	92.0	5.0	10.0	4.0	93.0	5.0	4.0	5.0	
15.0	94.0	5.0	13.0	1.0	95.0	5.0	8.0	5.0	96.0	5.0	15.0	3.0	
16.0	97.0	5.0	9.0	3.0	98.0	5.0	15.0	2.0	99.0	5.0	12.0	3.0	
17.0	100.0	5.0	14.0	1.0	81.0	5.0	3.0	4.0	82.0	5.0	6.0	2.0	
18.0	83.0	5.0	5.0	1.0	84.0	5.0	12.0	2.0	85.0	5.0	3.0	5.0	
19.0	86.0	5.0	15.0	4.0	87.0	5.0	5.0	5.0	88.0	5.0	4.0	3.0	
20.0	89.0	5.0	14.0	2.0	90.0	5.0	4.0	1.0	91.0	5.0	9.0	5.0	
21.0	92.0	5.0	10.0	4.0	93.0	5.0	4.0	5.0	94.0	5.0	13.0	1.0	
22.0	95.0	5.0	8.0	5.0	96.0	5.0	15.0	3.0	97.0	5.0	9.0	3.0	
23.0	98.0	5.0	15.0	2.0	99.0	5.0	12.0	3.0	100.0	5.0	14.0	1.0	
24.0	81.0	5.0	3.0	4.0	82.0	5.0	6.0	2.0	83.0	5.0	5.0	1.0	
25.0	84.0	5.0	12.0	2.0	85.0	5.0	3.0	5.0	86.0	5.0	15.0	4.0	
26.0	87.0	5.0	5.0	5.0	88.0	5.0	4.0	3.0	89.0	5.0	14.0	2.0	
27.0	90.0	5.0	4.0	1.0	91.0	5.0	9.0	5.0	92.0	5.0	10.0	4.0	
28.0	93.0	5.0	4.0	5.0	94.0	5.0	13.0	1.0	95.0	5.0	8.0	5.0	
29.0	96.0	5.0	15.0	3.0	97.0	5.0	9.0	3.0	98.0	5.0	15.0	2.0	
30.0	99.0	5.0	12.0	3.0	100.0	5.0	14.0	1.0	81.0	5.0	3.0	4.0	
31.0	82.0	5.0	6.0	2.0	83.0	5.0	5.0	1.0	84.0	5.0	12.0	2.0	
32.0	85.0	5.0	3.0	5.0	86.0	5.0	15.0	4.0	87.0	5.0	5.0	5.0	
33.0	88.0	5.0	4.0	3.0	89.0	5.0	14.0	2.0	90.0	5.0	4.0	1.0	
34.0	91.0	5.0	9.0	5.0	92.0	5.0	10.0	4.0	93.0	5.0	4.0	5.0	
35.0	94.0	5.0	13.0	1.0	95.0	5.0	8.0	5.0	96.0	5.0	15.0	3.0	
36.0	97.0	5.0	9.0	3.0	98.0	5.0	15.0	2.0	99.0	5.0	12.0	3.0	
37.0	100.0	5.0	14.0	1.0	81.0	5.0	3.0	4.0	82.0	5.0	6.0	2.0	
38.0	83.0	5.0	5.0	1.0	84.0	5.0	12.0	2.0	85.0	5.0	3.0	5.0	
39.0	86.0	5.0	15.0	4.0	87.0	5.0	5.0	5.0	88.0	5.0	4.0	3.0	
40.0	89.0	5.0	14.0	2.0	90.0	5.0	4.0	1.0	91.0	5.0	9.0	5.0	
41.0	92.0	5.0	10.0	4.0	93.0	5.0	4.0	5.0	94.0	5.0	13.0	1.0	
42.0	95.0	5.0	8.0	5.0	96.0	5.0	15.0	3.0	97.0	5.0	9.0	3.0	
43.0	98.0	5.0	15.0	2.0	99.0	5.0	12.0	3.0	100.0	5.0	14.0	1.0	
44.0	81.0	5.0	3.0	4.0	82.0	5.0	6.0	2.0	83.0	5.0	5.0	1.0	
45.0	84.0	5.0	12.0	2.0	85.0	5.0	3.0	5.0	86.0	5.0	15.0	4.0	
46.0	87.0	5.0	5.0	5.0	88.0	5.0	4.0	3.0	89.0	5.0	14.0	2.0	
47.0	90.0	5.0	4.0	1.0	91.0	5.0	9.0	5.0	92.0	5.0	10.0	4.0	
48.0	93.0	5.0	4.0	5.0	94.0	5.0	13.0	1.0	95.0	5.0	8.0	5.0	
49.0	96.0	5.0	15.0	3.0	97.0	5.0	9.0	3.0	98.0	5.0	15.0	2.0	
50.0	99.0	5.0	12.0	3.0	100.0	5.0	14.0	1.0	81.0	5.0	3.0	4.0	
51.0	82.0	5.0	6.0	2.0	83.0	5.0	5.0	1.0	84.0	5.0	12.0	2.0	
52.0	85.0	5.0	3.0	5.0	86.0	5.0	15.0	4.0	87.0	5.0	5.0	5.0	
53.0	88.0	5.0	4.0	3.0	89.0	5.0	14.0	2.0	90.0	5.0	4.0	1.0	
54.0	91.0	5.0	9.0	5.0	92.0	5.0	10.0	4.0	93.0	5.0	4.0	5.0	
55.0	94.0	5.0	13.0	1.0	95.0	5.0	8.0	5.0	96.0	5.0	15.0	3.0	
56.0	97.0	5.0	9.0	3.0	98.0	5.0	15.0	2.0	99.0	5.0	12.0	3.0	
57.0	100.0	5.0	14.0	1.0	81.0	5.0	3.0	4.0	82.0	5.0	6.0	2.0	
58.0	83.0	5.0	5.0	1.0	84.0	5.0	12.0	2.0	85.0	5.0	3.0	5.0	
59.0	86.0	5.0	15.0	4.0	87.0	5.0	5.0	5.0	88.0	5.0	4.0	3.0	
60.0	89.0	5.0	14.0	2.0	90.0	5.0	4.0	1.0	91.0	5.0	9.0	5.0	
61.0	92.0	5.0	10.0	4.0	93.0	5.0	4.0	5.0	94.0	5.0	13.0	1.0	
62.0	95.0	5.0	8.0	5.0	96.0	5.0	15.0	3.0	97.0	5.0	9.0	3.0	
63.0	98.0	5.0	15.0	2.0	99.0	5.0	12.0	3.0	100.0	5.0	14.0	1.0	
64.0	81.0	5.0	3.0	4.0	82.0	5.0	6.0	2.0	83.0	5.0	5.0	1.0	
65.0	84.0	5.0	12.0	2.0	85.0	5.0	3.0	5.0	86.0	5.0	15.0	4.0	
66.0	87.0	5.0	5.0	5.0	88.0	5.0	4.0	3.0	89.0	5.0	14.0	2.0	
67.0	90.0	5.0	4.0	1.0	91.0	5.0	9.0	5.0	92.0	5.0	10.0	4.0	
68.0	93.0	5.0	4.0	5.0	94.0	5.0	13.0	1.0	95.0	5.0	8.0	5.0	
69.0	96.0	5.0	15.0	3.0	97.0	5.0	9.0	3.0	98.0	5.0	15.0	2.0	
70.0	99.0	5.0	12.0	3.0	100.0	5.0	14.0	1.0	81.0	5.0	3.0	4.0	
71.0	82.0	5.0	6.0	2.0	83.0	5.0	5.0	1.0	84.0	5.0	12.0	2.0	
72.0	85.0	5.0	3.0	5.0	86.0	5.0	15.0	4.0	87.0	5.0	5.0	5.0	
73.0	88.0	5.0	4.0	3.0	89.0	5.0	14.0	2.0	90.0	5.0	4.0	1.0	
74.0	91.0	5.0	9.0	5.0	92.0	5.0	10.0	4.0	93.0	5.0	4.0	5.0	
75.0	94.0	5.0	13.0	1.0	95.0	5.0	8.0	5.0	96.0	5.0	15.0	3.0	
76.0	97.0	5.0	9.0	3.0	98.0	5.0	15.0	2.0	99.0	5.0	12.0	3.0	
77.0	100.0	5.0	14.0	1.0	81.0	5.0	3.0	4.0	82.0	5.0	6.0	2.0	
78.0	83.0	5.0	5.0	1.0	84.0	5.0	12.0	2.0	85.0	5.0	3.0	5.0	
79.0	86.0	5.0	15.0	4.0	87.0	5.0	5.0	5.0	88.0	5.0	4.0	3.0	
80.0	89.0	5.0	14.0	2.0	90.0	5.0	4.0	1.0	91.0	5.0	9.0	5.0	
81.0	92.0	5.0	10.0	4.0	93.0	5.0	4.0	5.0	94.0	5.0	13.0	1.0	
82.0	95.0	5.0	8.0	5.0	96.0	5.0	15.0	3.0	97.0	5.0	9.0	3.0	
83.0	98.0	5.0	15.0	2.0	99.0	5.0	12.0	3.0	100.0	5.0	14.0	1.0	
84.0	81.0	5.0	3.0	4.0	82.0	5.0	6.0	2.0	83.0	5.0	5.0	1.0	
85.0	84.0	5.0	12.0	2.0	85.0	5.0	3.0	5.0	86.0	5.0	15.0	4.0	
86.0	87.0	5.0	5.0	5.0	88.0	5.0	4.0	3.0	89.0	5.0	14.0	2.0	
87.0	90.0	5.0	4.0	1.0	91.0	5.0	9.0	5.0	92.0	5.0	10.0	4.0	
88.0	93.0	5.0	4.0	5.0	94.0	5.0	13.0	1.0	95.0	5.0	8.0	5.0	
89.0	96.0	5.0	15.0	3.0	97.0	5.0	9.0	3.0	98.0	5.0	15.0	2.0	
90.0	99.0	5.0	12.0	3.0	100.0	5.0	14.0	1.0	81.0	5.0	3.0	4.0	
91.0	82.0	5.0	6.0	2.0	83.0	5.0	5.0	1.0	84.0	5.0	12.0	2.0	
92.0	85.0	5.0	3.0	5.0	86.0	5.0	15.0	4.0	87.0	5.0	5.0	5.0	
93.0	88.0	5.0	4.0	3.0	89.0	5.0	14.0	2.0	90.0	5.0	4.0	1.0	
94.0	91.0	5.0	9.0	5.0	92.0	5.0	10.0	4.0	93.0	5.0	4.0	5.0	
95.0	94.0	5.0	13.0	1.0	95.0	5.0	8.0	5.0	96.0	5.0	15.0	3.0	
96.0	97.0	5.0	9.0	3.0	98.0	5.0	15.0	2.0	99.0	5.0	12.0	3.0	
97.0	100.0	5.0	14.0	1.0	81.0	5.0	3.0	4.0	82.0	5.0	6.0	2.0	
98.0	83.0	5.0	5.0	1.0	84.0	5.0	12.0	2.0	85.0	5.0	3.0	5.0	
99.0	86.0	5.0	15.0	4.0	87.0	5.0	5.0	5.0	88.0	5.0	4.0	3.0	
100.0	89.0	5.0	14.0	2.0	90.0	5.0	4.0	1.0	91.0	5.0	9.0	5.0	
101.0	92.0	5.0	10.0	4.0	93.0	5.0	4.0	5.0	94.0	5.0	13.0	1.0	
102.0	95.0	5.0	8.0	5.0	96.0	5.0	15.0	3.0	97.0	5.0	9.0	3.0	
103.0	98.0	5.0	15.0	2.0	99.0	5.0	12.0	3.0	100.0	5.0	14.0	1.0	
104.0	81.0	5.0	3.0	4.0	82.0	5.0	6.0	2.0	83.0	5.0	5.0	1.0	
105.0	84.0	5.0	12.0	2.0	85.0	5.0	3.0	5.0	86.0	5.0	15.0	4.0	
106.0	87.0	5.0	5.0	5.0	88.0	5.0	4.0	3.0	89.0	5.0	14.0	2.0	
107.0	90.0	5.0	4.0	1.0	91.0	5.0	9.0	5.0	92.0	5.0	10.0	4.0	
108.0	93.0	5.0	4.0	5.0	94.0	5.0	13.0	1.0	95.0	5.0	8.0	5.0	
109.0	96.0	5.0	15.0	3.0	97.0	5.0	9.0	3.0	98.0	5.0	15.0	2.0	
110.0	99.0	5.0	12.0	3.0	100.0	5.0	14.0	1.0	81.0	5.0	3.0	4.0	
111.0	82.0	5.0	6.0	2.0	83.0	5.0	5.0	1.0	84.0	5.0	12.0	2.0	
112.0	85.0	5.0	3.0	5.0	86.0	5.0	15.0	4.0	87.0	5.0	5.0	5.0	
113.0	88.0	5.0	4.0	3.0	89.0	5.0	14.0	2.0	90.0	5.0	4.0	1.0	
114.0	91.0	5.0	9.0	5.0	92.0	5.0	10.0	4.0	93.0	5.0	4.0	5.0	
115.0	94.0	5.0	13.0	1.0	95.0	5.0	8.0	5.0	96.0	5.0	15.0	3.0	
116.0	97.0	5.0	9.0	3.0	98.0	5.0	15.0	2.0	99.0	5.0	12.0	3.0	
117.0	100.0	5.0	14.0	1.0	81.0	5.0	3.0	4.0	82.0	5.0	6.0	2.0	
118.0	83.0	5.0	5.0	1.0	84.0	5.0	12.0	2.0	85.0	5.0	3.0	5.0	
119.0	86.0	5.0	15.0	4.0	87.0	5.0	5.0	5.0	88.0	5.0	4.0	3.0	
120.0	89.0	5.0	14.0	2.0	90.0	5.0	4.0	1.0	91.0	5.0	9.0	5.0	
121.0	92.0	5.0	10.0	4.0	93.0	5.0	4.0	5.0	94.0	5.0	13.0	1.0	
122.0	95.0	5.0	8.0	5.0	96.0	5.0	15.0	3.0	97.0	5.0	9.0	3.0	
123.0	98.0	5.0	15.0	2.0	99.0	5.0	12.0	3.0	100.0	5.0	14.0	1.0	
124.0	81.0	5.0	3.0	4.0	82.0	5.0	6.0	2.0	83.0	5.0	5.0	1.0	
125.0	84.0	5.0	12.0	2.0	85.0	5.0	3.0	5.0	86.0	5.0	15.0	4.0	
126.0	87.0	5.0	5.0	5.0	88.0	5.0	4.0	3.0	89.0	5.0	14.0	2.0	
127.0	90.0	5.0	4.0	1.0	91.0	5.0	9.0	5.0	92.0	5.0	10.0	4.0	
128.0	93.0	5.0	4.0	5.0	94.0	5.0	13.0	1.0	95.0	5.0	8.0	5.0	
129.0	96.0	5.0	15.0	3.0	97.0	5.0	9.0	3.0	98.0	5.0	15.0	2.0	
130.0	99.0	5.0	12.0	3.0	100.0	5.0	14.0	1.0	81.0	5.0	3.0	4.0	
131.0	82.0	5.0	6.0	2.0	83.0	5.0	5.0	1.0	84.0	5.0	12.0	2.0	
132.0	85.0	5.0	3.0	5.0	86.0	5.0	15.0	4.0	87.0	5.0	5.0	5.0	
133.0	88.0	5.0	4.0	3.0	89.0	5.0	14.0	2.0	90.0	5.0	4.0	1.0	
134.0	91.0	5.0	9.0	5.0	92.0	5.0	10.0	4.0	93.0	5.0	4.0	5.0	
135.0	94.0	5.0	13.0	1.0	95.0	5.0	8.0	5.0	96.0	5.0	15.0	3.0	
136.0	97.0	5.0	9.0	3.0	98.0	5.0	15.0	2.0	99.0	5.0	12.0	3.0	
137.0	100.0	5.0	14.0	1.0	81.0	5.0	3.0	4.0	82.0	5.0	6.0	2.0	
138.0	83.0	5.0	5.0	1.0	84.0	5.0	12.0	2.0	85.0	5.0	3.0	5.0	
139.0	86.0	5.0	15.0	4.0	87.0	5.0	5.0	5.0	88.0	5.0	4.0	3.0	
140.0	89.0	5.0	14.0	2.0	90.0	5.0	4.0	1.0	91.0	5.0	9.0	5.0	
141.0	92.0	5.0	10.0	4.0	93.0	5.0	4.0	5.0	94.0	5.0	13.0	1.0	
142.0	95.0	5.0	8.0	5.0	96.0	5.0	15.0	3.0	97.0	5.0	9.0	3.0	
143.0	98.0	5.0	15.0	2.0	99.0	5.0	12.0	3.0	100.0	5.0	14.0	1.0	
144.0	81.0	5.0	3.0	4.0	82.0	5.0	6.0	2.0	83.0	5.0	5.0	1.0	
145.0	84.0	5.0	12.0	2.0	85.0	5.0	3.0	5.0	86.0	5.0	15.0	4.0	
146.0	87.0	5.0	5.0	5.0	88.0	5.0	4.0	3.0	89.0	5.0	14.0	2.0	
147.0	90.0	5.0	4.0	1.0	91.0	5.0	9.0	5.0	92.0	5.0	10.0	4.0	
148.0	93.0	5.0	4.0	5.0	94.0	5.0	13.0	1.0	95.0	5.0	8.0	5.0	
149.0	96.0	5.0	15.0	3.0	97.0	5.0	9.0	3.0	98.0	5.0	15.0	2.0	
150.0	99.0	5.0	12.0	3.0	100.0	5.0	14.0	1.0	81.0	5.0	3.0	4.0	
151.0	82.0	5.0	6.0	2.0	83.0	5.0	5.0	1.0	84.0	5.0	12.0	2.0	
152.0	85.0	5.0	3.0	5.0	86.0	5.0	15.0	4.0	87.0	5.0	5.0	5.0	
153.0	88.0	5.0	4.0	3.0	89.0	5.0	14.0	2.0	90.0	5.0	4.0	1.0	
154.0	91.0	5.0	9.0	5.0	92.0	5.0	10.0	4.0	93.0	5.0	4.0	5.0	
155.0	94.0	5.0	13.0	1.0	95.0	5.0	8.0	5.0	96.0	5.0	15.0	3.0	
156.0	97.0	5.0	9.0	3.0	98.0	5.0	15.0	2.0	99.0	5.0	12.0	3.0	
157.0	100.0	5.0	14.0	1.0	81.0	5.0	3.0	4.0	82.0	5.0	6.0	2.0	
158.0	83.0	5.0	5.0	1.0	84.0	5.0	12.0	2.0	85.0	5.0	3.0	5.0	
159.0	86.0	5.0	15.0	4.0	87.0	5.0	5.0	5.0	88.0	5.0	4.0	3.0	
160.0	89.0	5.0	14.0	2.0	90.0	5.0	4.0	1.0	91.0	5.0	9.0	5.0	
161.0	92.0	5.0	10.0	4.0	93.0	5.0	4.0	5.0	94.0	5.0	13.0	1.0	
162.0	95.0	5.0	8.0	5.0	96.0	5.0	15.0	3.0	97.0	5.0	9.0	3.0	
163.0	98.0	5.0	15.0	2.0	99.0	5.0	12.0	3.0	100.0	5.0	14.0	1.0	
164.0	81.0	5.0	3.0	4.0	82.0	5.0	6.0	2.0	83.0	5.0	5.0	1.0	
165.0	84.0	5.0	12.0	2.0	85.0	5.0	3.0	5.0	86.0	5.0	15.0	4.0	
166.0	87.0	5.0	5.0	5.0	88.0	5.0	4.0	3.0	89.0	5.0	14.0	2.0	
167.0	90.0	5.0	4.0	1.0	91.0	5.0	9.0	5.0	92.0	5.0	10.0	4.0	
168.0	93.0	5.0	4.0	5.0	94.0	5.0	13.0	1.0	95.0	5.0	8.0	5.0	
169.0	96.0	5.0	15.0	3.0	97.0	5.0	9.0	3.0	98.0	5.0	15.0	2.0	
170.0	99.0	5.0	12.0	3.0	100.0	5.0	14.0	1.0	81.0	5.0	3.0	4.0	
171.0	82.0	5.0	6.0	2.0	83.0	5.0	5.0	1.0	84.0	5.0	12.0	2.0	
172.0	85.0	5.0	3.0	5.0	86.0	5.0	15.0	4.0	87.0	5.0	5.0	5.0	
173.0	88.0	5.0	4.0	3.0	89.0	5.0	14.0	2.0	90.0	5.0	4.0	1.0	
174.0	91.0	5.0	9.0	5.0	92.0	5.0	10.0	4.0	93.0	5.0	4.0	5.0	
175.0	94.0	5.0	13.0	1.0	95.0	5.0	8.0	5.0	96.0	5.0	15.0	3.0	
176.0	97.0	5.0	9.0	3.0	98.0	5.0	15.0	2.0	99.0	5.0	12.0	3.0	
177.0	100.0	5.0	14.0	1.0	81.0	5.0	3.0	4.0	82.0	5.0	6.0	2.0	
178.0	83.0	5.0	5.0	1.0	84.0	5.0	12.0	2.0	85.0	5.0	3.0	5.0	
179.0	86.0	5.0	15.0	4.0	87.0	5.0	5.0	5.0	88.0	5.0	4.0	3.0	
180.0	89.0	5.0	14.0	2.0	90.0	5.0	4.0	1.0	91.0	5.0	9.0	5.0	
181.0	92.0	5.0	10.0	4.0	93.0	5.0	4.0	5.0	94.0	5.0	13.0	1.0	
182.0	95.0	5.0	8.0	5.0	96.0	5.0	15.0	3.0	97.0	5.0	9.0	3.0	
183.0	98.0	5.0	15.0	2.0	99.0	5.0	12.0	3.0	100.0	5.0	14.0	1.0	
184.0	81.0	5.0	3.0	4.0	82.0	5.0	6.0	2.0	83.0	5.0	5.0	1.0	
185.0	84.0	5.0	12.0	2.0	85.0	5.0	3.0	5.0	86.0	5.0	15.0	4.0	
186.0	87.0	5.0	5.0	5.0	88.0	5.0	4.0	3.0	89.0	5.0	14.0	2.0	
187.0	90.0	5.0	4.0	1.0	91.0	5.0	9.0	5.0	92.0	5.0	10.0	4.0	
188.0	93.0	5.0	4.0	5.0	94.0	5.0	13.0	1.0	95.0	5.0	8.0	5.0	
189.0	96.0	5.0	15.0	3.0	97.0	5.0	9.0	3.0	98.0	5.0	15.0	2.0	
190.0	99.0	5.0	12.0	3.0	100.0	5.0	14.0	1.0	81.0	5.0	3.0	4.0	
191.0	82.0	5.0	6.0	2.0	83.0	5.0	5.0	1.0	84.0	5.0	12.0	2.0	
192.0	85.0	5.0	3.0	5.0	86.0	5.0	15.0	4.0	87.0	5.0	5.0	5.0	
193.0	88.0	5.0	4.0	3.0	89.0	5.0	14.0	2.0	90.0	5.0	4.0	1.0	
194.0	91.0	5.0	9.0	5.0	92.0	5.0	10.0	4.0	93.0	5.0	4.0	5.0	
195.0	94.0	5.0	13.0	1.0	95.0	5.0	8.0	5.0	96.0	5.0	15.0	3.0	
196.0	97.0	5.0	9.0	3.0	98.0	5.0	15.0	2.0	99.0	5.0	12.0	3.0	
197.0	100.0	5.0	14.0	1.0	81.0	5.0	3.0	4.0	82.0	5.0	6.0	2.0	
198.0	83.0	5.0	5.0	1.0	84.0	5.0	12.0	2.0	85.0	5.0	3.0	5.0	
199.0	86.0	5.0	15.0	4.0	87.0	5.0	5.0	5.0	88.0	5.0	4.0	3.0	
200.0	89.0	5.0	14.0	2.0	90.0	5.0	4.0	1.0	91.0	5.0	9.0	5.0	
201.0	92.0	5.0	10.0	4.0	93.0	5.0	4.0	5.0	94.0	5.0	13.0	1.0	
202.0	95.0	5.0	8.0	5.0	96.0	5.0	15.0	3.0	97.0	5.0	9.0	3.0	
203.0	98.0	5.0	15.0	2.0	99.0	5.0	12.0	3.0	100.0	5.0	14.0	1.0	
204.0	81.0	5.0	3.0	4.0	82.0	5.0	6.0	2.0	83.0	5.0	5.0	1.0	
205.0	84.0	5.0	12.0	2.0	85.0	5.0	3.0	5.0	86.0	5.0	15.0	4.0	
206.0	87.0	5.0	5.0	5.0	88.0	5.0	4.0	3.0	89.0	5.0	14.0	2.0	
207.0	90.0	5.0	4.0	1.0	91.0	5.0	9.0	5.0	92.0	5.0	10.0	4.0	
208.0	93.0	5.0	4.0	5.0	94.0	5.0	13.0	1.0	95.0	5.0	8.0	5.0	
209.0	96.0	5.0	15.0	3.0	97.0	5.0	9.0	3.0	98.0	5.0	15.0	2.0	
210.0	99.0	5.0	12.0	3.0	100.0	5.0	14.0	1.0	81.0	5.0	3.0	4.0	
211.0	82.0	5.0	6.0	2.0	83.0	5.0	5.0	1.0	84.0	5.0	12.0	2.0	
212.0	85.0	5.0	3.0	5.0	86.0	5.0	15.0	4.0	87.0	5.0	5.0	5.0	
213.0	88.0	5.0	4.0	3.0	89.0	5.0	14.0	2.0	90.0	5.0	4.0	1.0	
214.0	91.0	5.0	9.0	5.0	92.0	5.0	10.0	4.0	93.0	5.0	4.0	5.0	
215.0	94.0	5.0	13.0	1.0	95.0	5.0	8.0	5.0	96.0	5.0	15.0	3.0	
216.0	97.0	5.0	9.0	3.0	98.0	5.0	15.0	2.0	99.0	5.0	12.0	3.0	
217.0	100.0	5.0	14.0	1.0	81.0	5.0	3.0	4.0	82.0	5.0	6.0	2.0	
218.0	83.0	5.0	5.0	1.0	84.0	5.0	12.0	2.0	85.0	5.0	3.0	5.0	
219.0	86.0	5.0	15.0	4.0	87.0	5.0	5.0	5.0	88.0	5.0	4.0	3.0	
220.0	89.0	5.0	14.0	2.0	90.0	5.0	4.0	1.0	91.0	5.0	9.0	5.0	
221.0	92.0	5.0	10.0	4.0	93.0	5.0	4.0	5.0	94.0	5.0	13.0	1.0	
222.0	95.0	5.0	8.0	5.0	96.0	5.0	15.0	3.0	97.0	5.0	9.0	3.0	
223.0	98.0	5.0	15.0	2.0	99.0	5.0	12.0	3.0	100.0	5.0	14.0	1.0	
224.0	81.0	5.0	3.0	4.0	82.0	5.0	6.0	2.0	83.0	5.0	5.0	1.0	
225.0	84.0	5.0	12.0	2.0	85.0	5.0	3.0	5.0	86.0	5.0	15.0	4.0	
226.0	87.0	5.0	5.0	5.0	88.0	5.0	4.0	3.0	89.0	5.0	14.0	2.0	
227.0	90.0	5.0	4.0	1.0	91.0	5.0	9.0	5.0	92.0	5.0	10.0	4.0	
228.0	93.0	5.0	4.0	5.0	94.0	5.0	13.0	1.0	95.0	5.0	8.0	5.0	
229.0	96.0	5.0	15.0	3.0	97.0	5.0	9.0	3.0	98.0	5.0	15.0	2.0	
230.0	70.0	4.0	11.0	5.0	71.0	4.0	11.0	3.0	72.0	4.0	11.0	2.0	
231.0	73.0	4.0	13.0	3.0	74.0	4.0	1.0	3.0	75.0	4.0	8.0	5.0	
232.0	76.0	4.0	6.0	4.0	77.0	4.0	8.0	2.0	78.0	4.0	8.0	1.0	
233.0	79.0	4.0	7.0	3.0	80.0	4.0	3.0	1.0	61.0	4.0	12.0	4.0	
234.0	62.0	4.0	7.0	4.0	63.0	4.0	15.0	1.0	64.0	4.0	4.0	2.0	
235.0	65.0	4.0	11.0	2.0	66.0	4.0	12.0	5.0	67.0	4.0	3.0	3.0	
236.0	68.0	4.0	5.0	3.0	69.0	4.0	12.0	2.0	70.0	4.0	11.0	5.0	
237.0	71.0	4.0	11.0	3.0	72.0	4.0	11.0	2.0	73.0	4.0	13.0	3.0	
238.0	74.0	4.0	1.0	3.0	75.0	4.0	8.0	5.0	76.0	4.0	6.0	4.0	
239.0	77.0	4.0	8.0	2.0	78.0	4.0	8.0	1.0	79.0	4.0	7.0	3.0	
240.0	80.0	4.0	3.0	1.0	61.0	4.0	12.0	4.0	62.0	4.0	7.0	4.0	
241.0	63.0	4.0	15.0	1.0	64.0	4.0	4.0	2.0	65.0	4.0	11.0	2.0	
242.0	66.0	4.0	12.0	5.0	67.0	4.0	3.0	3.0	68.0	4.0	5.0	3.0	
243.0	69.0	4.0	12.0	2.0	70.0	4.0	11.0	5.0	71.0	4.0	11.0	3.0	
244.0	72.0	4.0	11.0	2.0	73.0	4.0	13.0	3.0	74.0	4.0	1.0	3.0	
245.0	75.0	4.0	8.0	5.0	76.0	4.0	6.0	4.0	77.0	4.0	8.0	2.0	
246.0	78.0	4.0	8.0	1.0	79.0	4.0	7.0	3.0	80.0	4.0	3.0	1.0	
247.0	61.0	4.0	12.0	4.0	62.0	4.0	7.0	4.0	63.0	4.0	15.0	1.0	
248.0	64.0	4.0	4.0	2.0	65.0	4.0	11.0	2.0	66.0	4.0	12.0	5.0	
249.0	67.0	4.0	3.0	3.0	68.0	4.0	5.0	3.0	69.0	4.0	12.0	2.0	
250.0	70.0	4.0	11.0	5.0	71.0	4.0	11.0	3.0	72.0	4.0	11.0	2.0	
251.0	73.0	4.0	13.0	3.0	74.0	4.0	1.0	3.0	75.0	4.0	8.0	5.0	
252.0	76.0	4.0	6.0	4.0	77.0	4.0	8.0	2.0	78.0	4.0	8.0	1.0	
253.0	79.0	4.0	7.0	3.0	80.0	4.0	3.0	1.0	61.0	4.0	12.0	4.0	
254.0	62.0	4.0	7.0	4.0	63.0	4.0	15.0	1.0	64.0	4.0	4.0	2.0	
255.0	65.0	4.0	11.0	2.0	66.0	4.0	12.0	5.0	67.0	4.0	3.0	3.0	
256.0	68.0	4.0	5.0	3.0	69.0	4.0	12.0	2.0	70.0	4.0	11.0	5.0	
257.0	71.0	4.0	11.0	3.0	72.0	4.0	11.0	2.0	73.0	4.0	13.0	3.0	
258.0	74.0	4.0	1.0	3.0	75.0	4.0	8.0	5.0	76.0	4.0	6.0	4.0	
259.0	77.0	4.0	8.0	2.0	78.0	4.0	8.0	1.0	79.0	4.0	7.0	3.0	
260.0	80.0	4.0	3.0	1.0	61.0	4.0	12.0	4.0	62.0	4.0	7.0	4.0	
261.0	63.0	4.0	15.0	1.0	64.0	4.0	4.0	2.0	65.0	4.0	11.0	2.0	
262.0	66.0	4.0	12.0	5.0	67.0	4.0	3.0	3.0	68.0	4.0	5.0	3.0	
263.0	69.0	4.0	12.0	2.0	70.0	4.0	11.0	5.0	71.0	4.0	11.0	3.0	
264.0	72.0	4.0	11.0	2.0	73.0	4.0	13.0	3.0	74.0	4.0	1.0	3.0	
265.0	75.0	4.0	8.0	5.0	76.0	4.0	6.0	4.0	77.0	4.0	8.0	2.0	
266.0	78.0	4.0	8.0	1.0	79.0	4.0	7.0	3.0	80.0	4.0	3.0	1.0	
267.0	61.0	4.0	12.0	4.0	62.0	4.0	7.0	4.0	63.0	4.0	15.0	1.0	
268.0	64.0	4.0	4.0	2.0	65.0	4.0	11.0	2.0	66.0	4.0	12.0	5.0	
269.0	67.0	4.0	3.0	3.0	68.0	4.0	5.0	3.0	69.0	4.0	12.0	2.0	
270.0	70.0	4.0	11.0	5.0	71.0	4.0	11.0	3.0	72.0	4.0	11.0	2.0	
271.0	73.0	4.0	13.0	3.0	74.0	4.0	1.0	3.0	75.0	4.0	8.0	5.0	
272.0	76.0	4.0	6.0	4.0	77.0	4.0	8.0	2.0	78.0	4.0	8.0	1.0	
273.0	79.0	4.0	7.0	3.0	80.0	4.0	3.0	1.0	61.0	4.0	12.0	4.0	
274.0	62.0	4.0	7.0	4.0	63.0	4.0	15.0	1.0	64.0	4.0	4.0	2.0	
275.0	65.0	4.0	11.0	2.0	66.0	4.0	12.0	5.0	67.0	4.0	3.0	3.0	
276.0	68.0	4.0	5.0	3.0	69.0	4.0	12.0	2.0	70.0	4.0	11.0	5.0	
277.0	71.0	4.0	11.0	3.0	72.0	4.0	11.0	2.0	73.0	4.0	13.0	3.0	
278.0	74.0	4.0	1.0	3.0	75.0	4.0	8.0	5.0	76.0	4.0	6.0	4.0	
279.0	77.0	4.0	8.0	2.0	78.0	4.0	8.0	1.0	79.0	4.0	7.0	3.0	
280.0	80.0	4.0	3.0	1.0	61.0	4.0	12.0	4.0	62.0	4.0	7.0	4.0	
281.0	63.0	4.0	15.0	1.0	64.0	4.0	4.0	2.0	65.0	4.0	11.0	2.0	
282.0	66.0	4.0	12.0	5.0	67.0	4.0	3.0	3.0	68.0	4.0	5.0	3.0	
283.0	69.0	4.0	12.0	2.0	70.0	4.0	11.0	5.0	71.0	4.0	11.0	3.0	
284.0	72.0	4.0	11.0	2.0	73.0	4.0	13.0	3.0	74.0	4.0	1.0	3.0	
285.0	75.0	4.0	8.0	5.0	76.0	4.0	6.0	4.0	77.0	4.0	8.0	2.0	
286.0	78.0	4.0	8.0	1.0	79.0	4.0	7.0	3.0	80.0	4.0	3.0	1.0	
287.0	61.0	4.0	12.0	4.0	62.0	4.0	7.0	4.0	63.0	4.0	15.0	1.0	
288.0	64.0	4.0	4.0	2.0	65.0	4.0	11.0	2.0	66.0	4.0	12.0	5.0	
289.0	67.0	4.0	3.0	3.0	68.0	4.0	5.0	3.0	69.0	4.0	12.0	2.0	
290.0	70.0	4.0	11.0	5.0	71.0	4.0	11.0	3.0	72.0	4.0	11.0	2.0	
291.0	73.0	4.0	13.0	3.0	74.0	4.0	1.0	3.0	75.0	4.0	8.0	5.0	
292.0	76.0	4.0	6.0	4.0	77.0	4.0	8.0	2.0	78.0	4.0	8.0	1.0	
293.0	79.0	4.0	7.0	3.0	80.0	4.0	3.0	1.0	61.0	4.0	12.0	4.0	
294.0	62.0	4.0	7.0	4.0	63.0	4.0	15.0	1.0	64.0	4.0	4.0	2.0	
295.0	65.0	4.0	11.0	2.0	66.0	4.0	12.0	5.0	67.0	4.0	3.0	3.0	
296.0	68.0	4.0	5.0	3.0	69.0	4.0	12.0	2.0	70.0	4.0	11.0	5.0	
297.0	71.0	4.0	11.0	3.0	72.0	4.0	11.0	2.0	73.0	4.0	13.0	3.0	
298.0	74.0	4.0	1.0	3.0	75.0	4.0	8.0	5.0	76.0	4.0	6.0	4.0	
299.0	77.0	4.0	8.0	2.0	78.0	4.0	8.0	1.0	79.0	4.0	7.0	3.0	
300.0	80.0	4.0	3.0	1.0	61.0	4.0	12.0	4.0	62.0	4.0	7.0	4.0	
301.0	63.0	4.0	15.0	1.0	64.0	4.0	4.0	2.0	65.0	4.0	11.0	2.0	
302.0	66.0	4.0	12.0	5.0	67.0	4.0	3.0	3.0	68.0	4.0	5.0	3.0	
303.0	69.0	4.0	12.0	2.0	70.0	4.0	11.0	5.0	71.0	4.0	11.0	3.0	
304.0	72.0	4.0	11.0	2.0	73.0	4.0	13.0	3.0	74.0	4.0	1.0	3.0	
305.0	75.0	4.0	8.0	5.0	76.0	4.0	6.0	4.0	77.0	4.0	8.0	2.0	
306.0	78.0	4.0	8.0	1.0	79.0	4.0	7.0	3.0	80.0	4.0	3.0	1.0	
307.0	61.0	4.0	12.0	4.0	62.0	4.0	7.0	4.0	63.0	4.0	15.0	1.0	
308.0	64.0	4.0	4.0	2.0	65.0	4.0	11.0	2.0	66.0	4.0	12.0	5.0	
309.0	67.0	4.0	3.0	3.0	68.0	4.0	5.0	3.0	69.0	4.0	12.0	2.0	
310.0	70.0	4.0	11.0	5.0	71.0	4.0	11.0	3.0	72.0	4.0	11.0	2.0	
311.0	73.0	4.0	13.0	3.0	74.0	4.0	1.0	3.0	75.0	4.0	8.0	5.0	
312.0	76.0	4.0	6.0	4.0	77.0	4.0	8.0	2.0	78.0	4.0	8.0	1.0	
313.0	79.0	4.0	7.0	3.0	80.0	4.0	3.0	1.0	61.0	4.0	12.0	4.0	
314.0	62.0	4.0	7.0	4.0	63.0	4.0	15.0	1.0	64.0	4.0	4.0	2.0	
315.0	65.0	4.0	11.0	2.0	66.0	4.0	12.0	5.0	67.0	4.0	3.0	3.0	
316.0	68.0	4.0	5.0	3.0	69.0	4.0	12.0	2.0	70.0	4.0	11.0	5.0	
317.0	71.0	4.0	11.0	3.0	72.0	4.0	11.0	2.0	73.0	4.0	13.0	3.0	
318.0	74.0	4.0	1.0	3.0	75.0	4.0	8.0	5.0	76.0	4.0	6.0	4.0	
319.0	77.0	4.0	8.0	2.0	78.0	4.0	8.0	1.0	79.0	4.0	7.0	3.0	
320.0	80.0	4.0	3.0	1.0	61.0	4.0	12.0	4.0	62.0	4.0	7.0	4.0	
321.0	63.0	4.0	15.0	1.0	64.0	4.0	4.0	2.0	65.0	4.0	11.0	2.0	
322.0	66.0	4.0	12.0	5.0	67.0	4.0	3.0	3.0	68.0	4.0	5.0	3.0	
323.0	69.0	4.0	12.0	2.0	70.0	4.0	11.0	5.0	71.0	4.0	11.0	3.0	
324.0	72.0	4.0	11.0	2.0	73.0	4.0	13.0	3.0	74.0	4.0	1.0	3.0	
325.0	75.0	4.0	8.0	5.0	76.0	4.0	6.0	4.0	77.0	4.0	8.0	2.0	
326.0	78.0	4.0	8.0	1.0	79.0	4.0	7.0	3.0	80.0	4.0	3.0	1.0	
327.0	61.0	4.0	12.0	4.0	62.0	4.0	7.0	4.0	63.0	4.0	15.0	1.0	
328.0	64.0	4.0	4.0	2.0	65.0	4.0	11.0	2.0	66.0	4.0	12.0	5.0	
329.0	67.0	4.0	3.0	3.0	68.0	4.0	5.0	3.0	69.0	4.0	12.0	2.0	
330.0	70.0	4.0	11.0	5.0	71.0	4.0	11.0	3.0	72.0	4.0	11.0	2.0	
331.0	73.0	4.0	13.0	3.0	74.0	4.0	1.0	3.0	75.0	4.0	8.0	5.0	
332.0	76.0	4.0	6.0	4.0	77.0	4.0	8.0	2.0	78.0	4.0	8.0	1.0	
333.0	79.0	4.0	7.0	3.0	80.0	4.0	3.0	1.0	61.0	4.0	12.0	4.0	
334.0	62.0	4.0	7.0	4.0	63.0	4.0	15.0	1.0	64.0	4.0	4.0	2.0	
335.0	65.0	4.0	11.0	2.0	66.0	4.0	12.0	5.0	67.0	4.0	3.0	3.0	
336.0	68.0	4.0	5.0	3.0	69.0	4.0	12.0	2.0	70.0	4.0	11.0	5.0	
337.0	71.0	4.0	11.0	3.0	72.0	4.0	11.0	2.0	73.0	4.0	13.0	3.0	
338.0	74.0	4.0	1.0	3.0	75.0	4.0	8.0	5.0	76.0	4.0	6.0	4.0	
339.0	77.0	4.0	8.0	2.0	78.0	4.0	8.0	1.0	79.0	4.0	7.0	3.0	
340.0	80.0	4.0	3.0	1.0	61.0	4.0	12.0	4.0	62.0	4.0	7.0	4.0	
341.0	63.0	4.0	15.0	1.0	64.0	4.0	4.0	2.0	65.0	4.0	11.0	2.0	
342.0	66.0	4.0	12.0	5.0	67.0	4.0	3.0	3.0	68.0	4.0	5.0	3.0	
343.0	69.0	4.0	12.0	2.0	70.0	4.0	11.0	5.0	71.0	4.0	11.0	3.0	
344.0	72.0	4.0	11.0	2.0	73.0	4.0	13.0	3.0	74.0	4.0	1.0	3.0	
345.0	75.0	4.0	8.0	5.0	76.0	4.0	6.0	4.0	77.0	4.0	8.0	2.0	
346.0	78.0	4.0	8.0	1.0	79.0	4.0	7.0	3.0	80.0	4.0	3.0	1.0	
347.0	61.0	4.0	12.0	4.0	62.0	4.0	7.0	4.0	63.0	4.0	15.0	1.0	
348.0	64.0	4.0	4.0	2.0	65.0	4.0	11.0	2.0	66.0	4.0	12.0	5.0	
349.0	67.0	4.0	3.0	3.0	68.0	4.0	5.0	3.0	69.0	4.0	12.0	2.0	
350.0	70.0	4.0	11.0	5.0	71.0	4.0	11.0	3.0	72.0	4.0	11.0	2.0	
351.0	73.0	4.0	13.0	3.0	74.0	4.0	1.0	3.0	75.0	4.0	8.0	5.0	
352.0	76.0	4.0	6.0	4.0	77.0	4.0	8.0	2.0	78.0	4.0	8.0	1.0	
353.0	79.0	4.0	7.0	3.0	80.0	4.0	3.0	1.0	61.0	4.0	12.0	4.0	
354.0	62.0	4.0	7.0	4.0	63.0	4.0	15.0	1.0	64.0	4.0	4.0	2.0	
355.0	65.0	4.0	11.0	2.0	66.0	4.0	12.0	5.0	67.0	4.0	3.0	3.0	
356.0	68.0	4.0	5.0	3.0	69.0	4.0	12.0	2.0	70.0	4.0	11.0	5.0	
357.0	71.0	4.0	11.0	3.0	72.0	4.0	11.0	2.0	73.0	4.0	13.0	3.0	
358.0	74.0	4.0	1.0	3.0	75.0	4.0	8.0	5.0	76.0	4.0	6.0	4.0	
359.0	77.0	4.0	8.0	2.0	78.0	4.0	8.0	1.0	79.0	4.0	7.0	3.0	
360.0	80.0	4.0	3.0	1.0	61.0	4.0	12.0	4.0	62.0	4.0	7.0	4.0	
361.0	63.0	4.0	15.0	1.0	64.0	4.0	4.0	2.0	65.0	4.0	11.0	2.0	
362.0	66.0	4.0	12.0	5.0	67.0	4.0	3.0	3.0	68.0	4.0	5.0	3.0	
363.0	69.0	4.0	12.0	2.0	70.0	4.0	11.0	5.0	71.0	4.0	11.0	3.0	
364.0	72.0	4.0	11.0	2.0	73.0	4.0	13.0	3.0	74.0	4.0	1.0	3.0	
365.0	75.0	4.0	8.0	5.0	76.0	4.0	6.0	4.0	77.0	4.0	8.0	2.0	
366.0	78.0	4.0	8.0	1.0	79.0	4.0	7.0	3.0	80.0	4.0	3.0	1.0	
367.0	61.0	4.0	12.0	4.0	62.0	4.0	7.0	4.0	63.0	4.0	15.0	1.0	
368.0	64.0	4.0	4.0	2.0	65.0	4.0	11.0	2.0	66.0	4.0	12.0	5.0	
369.0	67.0	4.0	3.0	3.0	68.0	4.0	5.0	3.0	69.0	4.0	12.0	2.0	
370.0	70.0	4.0	11.0	5.0	71.0	4.0	11.0	3.0	72.0	4.0	11.0	2.0	
371.0	73.0	4.0	13.0	3.0	74.0	4.0	1.0	3.0	75.0	4.0	8.0	5.0	
372.0	76.0	4.0	6.0	4.0	77.0	4.0	8.0	2.0	78.0	4.0	8.0	1.0	
373.0	79.0	4.0	7.0	3.0	80.0	4.0	3.0	1.0	61.0	4.0	12.0	4.0	
374.0	62.0	4.0	7.0	4.0	63.0	4.0	15.0	1.0	64.0	4.0	4.0	2.0	
375.0	65.0	4.0	11.0	2.0	66.0	4.0	12.0	5.0	67.0	4.0	3.0	3.0	
376.0	68.0	4.0	5.0	3.0	69.0	4.0	12.0	2.0	70.0	4.0	11.0	5.0	
377.0	71.0	4.0	11.0	3.0	72.0	4.0	11.0	2.0	73.0	4.0	13.0	3.0	
378.0	74.0	4.0	1.0	3.0	75.0	4.0	8.0	5.0	76.0	4.0	6.0	4.0	
379.0	77.0	4.0	8.0	2.0	78.0	4.0	8.0	1.0	79.0	4.0	7.0	3.0	
380.0	80.0	4.0	3.0	1.0	61.0	4.0	12.0	4.0	62.0	4.0	7.0	4.0	
381.0	63.0	4.0	15.0	1.0	64.0	4.0	4.0	2.0	65.0	4.0	11.0	2.0	
382.0	57.0	3.0	14.0	3.0	58.0	3.0	11.0	4.0	59.0	3.0	9.0	4.0	
383.0	60.0	3.0	3.0	3.0	41.0	3.0	15.0	4.0	42.0	3.0	4.0	1.0	
384.0	43.0	3.0	13.0	1.0	44.0	3.0	3.0	5.0	45.0	3.0	5.0	4.0	
385.0	46.0	3.0	14.0	3.0	47.0	3.0	15.0	5.0	48.0	3.0	13.0	4.0	
386.0	49.0	3.0	12.0	1.0	50.0	3.0	9.0	1.0	51.0	3.0	2.0	3.0	
387.0	52.0	3.0	4.0	3.0	53.0	3.0	12.0	3.0	54.0	3.0	10.0	5.0	
388.0	55.0	3.0	6.0	4.0	56.0	3.0	13.0	5.0	57.0	3.0	14.0	3.0	
389.0	58.0	3.0	11.0	4.0	59.0	3.0	9.0	4.0	60.0	3.0	3.0	3.0	
390.0	41.0	3.0	15.0	4.0	42.0	3.0	4.0	1.0	43.0	3.0	13.0	1.0	
391.0	44.0	3.0	3.0	5.0	45.0	3.0	5.0	4.0	46.0	3.0	14.0	3.0	
392.0	47.0	3.0	15.0	5.0	48.0	3.0	13.0	4.0	49.0	3.0	12.0	1.0	
393.0	50.0	3.0	9.0	1.0	51.0	3.0	2.0	3.0	52.0	3.0	4.0	3.0	
394.0	53.0	3.0	12.0	3.0	54.0	3.0	10.0	5.0	55.0	3.0	6.0	4.0	
395.0	56.0	3.0	13.0	5.0	57.0	3.0	14.0	3.0	58.0	3.0	11.0	4.0	
396.0	59.0	3.0	9.0	4.0	60.0	3.0	3.0	3.0	41.0	3.0	15.0	4.0	
397.0	42.0	3.0	4.0	1.0	43.0	3.0	13.0	1.0	44.0	3.0	3.0	5.0	
398.0	45.0	3.0	5.0	4.0	46.0	3.0	14.0	3.0	47.0	3.0	15.0	5.0	
399.0	48.0	3.0	13.0	4.0	49.0	3.0	12.0	1.0	50.0	3.0	9.0	1.0	
400.0	51.0	3.0	2.0	3.0	52.0	3.0	4.0	3.0	53.0	3.0	12.0	3.0	
401.0	54.0	3.0	10.0	5.0	55.0	3.0	6.0	4.0	56.0	3.0	13.0	5.0	
402.0	57.0	3.0	14.0	3.0	58.0	3.0	11.0	4.0	59.0	3.0	9.0	4.0	
403.0	60.0	3.0	3.0	3.0	41.0	3.0	15.0	4.0	42.0	3.0	4.0	1.0	
404.0	43.0	3.0	13.0	1.0	44.0	3.0	3.0	5.0	45.0	3.0	5.0	4.0	
405.0	46.0	3.0	14.0	3.0	47.0	3.0	15.0	5.0	48.0	3.0	13.0	4.0	
406.0	49.0	3.0	12.0	1.0	50.0	3.0	9.0	1.0	51.0	3.0	2.0	3.0	
407.0	52.0	3.0	4.0	3.0	53.0	3.0	12.0	3.0	54.0	3.0	10.0	5.0	
408.0	55.0	3.0	6.0	4.0	56.0	3.0	13.0	5.0	57.0	3.0	14.0	3.0	
409.0	58.0	3.0	11.0	4.0	59.0	3.0	9.0	4.0	60.0	3.0	3.0	3.0	
410.0	41.0	3.0	15.0	4.0	42.0	3.0	4.0	1.0	43.0	3.0	13.0	1.0	
411.0	44.0	3.0	3.0	5.0	45.0	3.0	5.0	4.0	46.0	3.0	14.0	3.0	
412.0	47.0	3.0	15.0	5.0	48.0	3.0	13.0	4.0	49.0	3.0	12.0	1.0	
413.0	50.0	3.0	9.0	1.0	51.0	3.0	2.0	3.0	52.0	3.0	4.0	3.0	
414.0	53.0	3.0	12.0	3.0	54.0	3.0	10.0	5.0	55.0	3.0	6.0	4.0	
415.0	56.0	3.0	13.0	5.0	57.0	3.0	14.0	3.0	58.0	3.0	11.0	4.0	
416.0	59.0	3.0	9.0	4.0	60.0	3.0	3.0	3.0	41.0	3.0	15.0	4.0	
417.0	42.0	3.0	4.0	1.0	43.0	3.0	13.0	1.0	44.0	3.0	3.0	5.0	
418.0	45.0	3.0	5.0	4.0	46.0	3.0	14.0	3.0	47.0	3.0	15.0	5.0	
419.0	48.0	3.0	13.0	4.0	49.0	3.0	12.0	1.0	50.0	3.0	9.0	1.0	
420.0	51.0	3.0	2.0	3.0	52.0	3.0	4.0	3.0	53.0	3.0	12.0	3.0	
421.0	54.0	3.0	10.0	5.0	55.0	3.0	6.0	4.0	56.0	3.0	13.0	5.0	
422.0	57.0	3.0	14.0	3.0	58.0	3.0	11.0	4.0	59.0	3.0	9.0	4.0	
423.0	60.0	3.0	3.0	3.0	41.0	3.0	15.0	4.0	42.0	3.0	4.0	1.0	
424.0	43.0	3.0	13.0	1.0	44.0	3.0	3.0	5.0	45.0	3.0	5.0	4.0	
425.0	46.0	3.0	14.0	3.0	47.0	3.0	15.0	5.0	48.0	3.0	13.0	4.0	
426.0	49.0	3.0	12.0	1.0	50.0	3.0	9.0	1.0	51.0	3.0	2.0	3.0	
427.0	52.0	3.0	4.0	3.0	53.0	3.0	12.0	3.0	54.0	3.0	10.0	5.0	
428.0	55.0	3.0	6.0	4.0	56.0	3.0	13.0	5.0	57.0	3.0	14.0	3.0	
429.0	58.0	3.0	11.0	4.0	59.0	3.0	9.0	4.0	60.0	3.0	3.0	3.0	
430.0	41.0	3.0	15.0	4.0	42.0	3.0	4.0	1.0	43.0	3.0	13.0	1.0	
431.0	44.0	3.0	3.0	5.0	45.0	3.0	5.0	4.0	46.0	3.0	14.0	3.0	
432.0	47.0	3.0	15.0	5.0	48.0	3.0	13.0	4.0	49.0	3.0	12.0	1.0	
433.0	50.0	3.0	9.0	1.0	51.0	3.0	2.0	3.0	52.0	3.0	4.0	3.0	
434.0	53.0	3.0	12.0	3.0	54.0	3.0	10.0	5.0	55.0	3.0	6.0	4.0	
435.0	56.0	3.0	13.0	5.0	57.0	3.0	14.0	3.0	58.0	3.0	11.0	4.0	
436.0	59.0	3.0	9.0	4.0	60.0	3.0	3.0	3.0	41.0	3.0	15.0	4.0	
437.0	42.0	3.0	4.0	1.0	43.0	3.0	13.0	1.0	44.0	3.0	3.0	5.0	
438.0	45.0	3.0	5.0	4.0	46.0	3.0	14.0	3.0	47.0	3.0	15.0	5.0	
439.0	48.0	3.0	13.0	4.0	49.0	3.0	12.0	1.0	50.0	3.0	9.0	1.0	
440.0	51.0	3.0	2.0	3.0	52.0	3.0	4.0	3.0	53.0	3.0	12.0	3.0	
441.0	54.0	3.0	10.0	5.0	55.0	3.0	6.0	4.0	56.0	3.0	13.0	5.0	
442.0	57.0	3.0	14.0	3.0	58.0	3.0	11.0	4.0	59.0	3.0	9.0	4.0	
443.0	60.0	3.0	3.0	3.0	41.0	3.0	15.0	4.0	42.0	3.0	4.0	1.0	
444.0	43.0	3.0	13.0	1.0	44.0	3.0	3.0	5.0	45.0	3.0	5.0	4.0	
445.0	46.0	3.0	14.0	3.0	47.0	3.0	15.0	5.0	48.0	3.0	13.0	4.0	
446.0	49.0	3.0	12.0	1.0	50.0	3.0	9.0	1.0	51.0	3.0	2.0	3.0	
447.0	52.0	3.0	4.0	3.0	53.0	3.0	12.0	3.0	54.0	3.0	10.0	5.0	
448.0	55.0	3.0	6.0	4.0	56.0	3.0	13.0	5.0	57.0	3.0	14.0	3.0	
449.0	58.0	3.0	11.0	4.0	59.0	3.0	9.0	4.0	60.0	3.0	3.0	3.0	
450.0	41.0	3.0	15.0	4.0	42.0	3.0	4.0	1.0	43.0	3.0	13.0	1.0	
451.0	44.0	3.0	3.0	5.0	45.0	3.0	5.0	4.0	46.0	3.0	14.0	3.0	
452.0	47.0	3.0	15.0	5.0	48.0	3.0	13.0	4.0	49.0	3.0	12.0	1.0	
453.0	50.0	3.0	9.0	1.0	51.0	3.0	2.0	3.0	52.0	3.0	4.0	3.0	
454.0	53.0	3.0	12.0	3.0	54.0	3.0	10.0	5.0	55.0	3.0	6.0	4.0	
455.0	56.0	3.0	13.0	5.0	57.0	3.0	14.0	3.0	58.0	3.0	11.0	4.0	
456.0	59.0	3.0	9.0	4.0	60.0	3.0	3.0	3.0	41.0	3.0	15.0	4.0	
457.0	42.0	3.0	4.0	1.0	43.0	3.0	13.0	1.0	44.0	3.0	3.0	5.0	
458.0	29.0	2.0	2.0	5.0	30.0	2.0	14.0	1.0	31.0	2.0	8.0	1.0	
459.0	32.0	2.0	14.0	3.0	33.0	2.0	14.0	1.0	34.0	2.0	14.0	1.0	
460.0	35.0	2.0	10.0	5.0	36.0	2.0	15.0	4.0	37.0	2.0	5.0	2.0	
461.0	38.0	2.0	5.0	5.0	39.0	2.0	14.0	2.0	40.0	2.0	11.0	3.0	
462.0	21.0	2.0	9.0	1.0	22.0	2.0	6.0	2.0	23.0	2.0	7.0	3.0	
463.0	24.0	2.0	14.0	4.0	25.0	2.0	12.0	2.0	26.0	2.0	1.0	2.0	
464.0	27.0	2.0	13.0	4.0	28.0	2.0	8.0	1.0	29.0	2.0	2.0	5.0	
465.0	30.0	2.0	14.0	1.0	31.0	2.0	8.0	1.0	32.0	2.0	14.0	3.0	
466.0	33.0	2.0	14.0	1.0	34.0	2.0	14.0	1.0	35.0	2.0	10.0	5.0	
467.0	36.0	2.0	15.0	4.0	37.0	2.0	5.0	2.0	38.0	2.0	5.0	5.0	
468.0	39.0	2.0	14.0	2.0	40.0	2.0	11.0	3.0	21.0	2.0	9.0	1.0	
469.0	22.0	2.0	6.0	2.0	23.0	2.0	7.0	3.0	24.0	2.0	14.0	4.0	
470.0	25.0	2.0	12.0	2.0	26.0	2.0	1.0	2.0	27.0	2.0	13.0	4.0	
471.0	28.0	2.0	8.0	1.0	29.0	2.0	2.0	5.0	30.0	2.0	14.0	1.0	
472.0	31.0	2.0	8.0	1.0	32.0	2.0	14.0	3.0	33.0	2.0	14.0	1.0	
473.0	34.0	2.0	14.0	1.0	35.0	2.0	10.0	5.0	36.0	2.0	15.0	4.0	
474.0	37.0	2.0	5.0	2.0	38.0	2.0	5.0	5.0	39.0	2.0	14.0	2.0	
475.0	40.0	2.0	11.0	3.0	21.0	2.0	9.0	1.0	22.0	2.0	6.0	2.0	
476.0	23.0	2.0	7.0	3.0	24.0	2.0	14.0	4.0	25.0	2.0	12.0	2.0	
477.0	26.0	2.0	1.0	2.0	27.0	2.0	13.0	4.0	28.0	2.0	8.0	1.0	
478.0	29.0	2.0	2.0	5.0	30.0	2.0	14.0	1.0	31.0	2.0	8.0	1.0	
479.0	32.0	2.0	14.0	3.0	33.0	2.0	14.0	1.0	34.0	2.0	14.0	1.0	
480.0	35.0	2.0	10.0	5.0	36.0	2.0	15.0	4.0	37.0	2.0	5.0	2.0	
481.0	38.0	2.0	5.0	5.0	39.0	2.0	14.0	2.0	40.0	2.0	11.0	3.0	
482.0	21.0	2.0	9.0	1.0	22.0	2.0	6.0	2.0	23.0	2.0	7.0	3.0	
483.0	24.0	2.0	14.0	4.0	25.0	2.0	12.0	2.0	26.0	2.0	1.0	2.0	
484.0	27.0	2.0	13.0	4.0	28.0	2.0	8.0	1.0	29.0	2.0	2.0	5.0	
485.0	30.0	2.0	14.0	1.0	31.0	2.0	8.0	1.0	32.0	2.0	14.0	3.0	
486.0	33.0	2.0	14.0	1.0	34.0	2.0	14.0	1.0	35.0	2.0	10.0	5.0	
487.0	36.0	2.0	15.0	4.0	37.0	2.0	5.0	2.0	38.0	2.0	5.0	5.0	
488.0	39.0	2.0	14.0	2.0	40.0	2.0	11.0	3.0	21.0	2.0	9.0	1.0	
489.0	22.0	2.0	6.0	2.0	23.0	2.0	7.0	3.0	24.0	2.0	14.0	4.0	
490.0	25.0	2.0	12.0	2.0	26.0	2.0	1.0	2.0	27.0	2.0	13.0	4.0	
491.0	28.0	2.0	8.0	1.0	29.0	2.0	2.0	5.0	30.0	2.0	14.0	1.0	
492.0	31.0	2.0	8.0	1.0	32.0	2.0	14.0	3.0	33.0	2.0	14.0	1.0	
493.0	34.0	2.0	14.0	1.0	35.0	2.0	10.0	5.0	36.0	2.0	15.0	4.0	
494.0	37.0	2.0	5.0	2.0	38.0	2.0	5.0	5.0	39.0	2.0	14.0	2.0	
495.0	40.0	2.0	11.0	3.0	21.0	2.0	9.0	1.0	22.0	2.0	6.0	2.0	
496.0	9.0	1.0	15.0	5.0	10.0	1.0	15.0	1.0	11.0	1.0	4.0	4.0	
497.0	12.0	1.0	5.0	3.0	13.0	1.0	3.0	1.0	14.0	1.0	13.0	5.0	
498.0	15.0	1.0	11.0	1.0	16.0	1.0	14.0	2.0	17.0	1.0	11.0	4.0	
499.0	18.0	1.0	2.0	5.0	19.0	1.0	13.0	4.0	20.0	1.0	4.0	5.0	
500.0	1.0	1.0	11.0	3.0	2.0	1.0	14.0	1.0	3.0	1.0	6.0	4.0	
501.0	4.0	1.0	9.0	4.0	5.0	1.0	15.0	2.0	6.0	1.0	7.0	1.0	
502.0	7.0	1.0	11.0	1.0	8.0	1.0	15.0	3.0	9.0	1.0	15.0	5.0	
503.0	10.0	1.0	15.0	1.0	11.0	1.0	4.0	4.0	12.0	1.0	5.0	3.0	
504.0	13.0	1.0	3.0	1.0	14.0	1.0	13.0	5.0	15.0	1.0	11.0	1.0	
505.0	16.0	1.0	14.0	2.0	17.0	1.0	11.0	4.0	18.0	1.0	2.0	5.0	
506.0	19.0	1.0	13.0	4.0	20.0	1.0	4.0	5.0	1.0	1.0	11.0	3.0	
507.0	2.0	1.0	14.0	1.0	3.0	1.0	6.0	4.0	4.0	1.0	9.0	4.0	
508.0	5.0	1.0	15.0	2.0	6.0	1.0	7.0	1.0	7.0	1.0	11.0	1.0	
509.0	8.0	1.0	15.0	3.0	9.0	1.0	15.0	5.0	10.0	1.0	15.0	1.0	
510.0	11.0	1.0	4.0	4.0	12.0	1.0	5.0	3.0	13.0	1.0	3.0	1.0	
511.0	14.0	1.0	13.0	5.0	15.0	1.0	11.0	1.0	16.0	1.0	14.0	2.0	
512.0	17.0	1.0	11.0	4.0	18.0	1.0	2.0	5.0	19.0	1.0	13.0	4.0	
=====================================================================================================================================================
word std deviation data blocks: block #, copy1(VM #, VM Flav #, PM #, Rack #), copy2(VM #, VM Flav #, PM #, Rack #), copy3(VM #, VM Flav #, PM #, Rack #)
=====================================================================================================================================================
1.0	99.0	5.0	12.0	3.0	100.0	5.0	14.0	1.0	81.0	5.0	3.0	4.0	
2.0	82.0	5.0	6.0	2.0	83.0	5.0	5.0	1.0	84.0	5.0	12.0	2.0	
3.0	85.0	5.0	3.0	5.0	86.0	5.0	15.0	4.0	87.0	5.0	5.0	5.0	
4.0	88.0	5.0	4.0	3.0	89.0	5.0	14.0	2.0	90.0	5.0	4.0	1.0	
5.0	91.0	5.0	9.0	5.0	92.0	5.0	10.0	4.0	93.0	5.0	4.0	5.0	
6.0	94.0	5.0	13.0	1.0	95.0	5.0	8.0	5.0	96.0	5.0	15.0	3.0	
7.0	97.0	5.0	9.0	3.0	98.0	5.0	15.0	2.0	99.0	5.0	12.0	3.0	
8.0	100.0	5.0	14.0	1.0	81.0	5.0	3.0	4.0	82.0	5.0	6.0	2.0	
9.0	83.0	5.0	5.0	1.0	84.0	5.0	12.0	2.0	85.0	5.0	3.0	5.0	
10.0	86.0	5.0	15.0	4.0	87.0	5.0	5.0	5.0	88.0	5.0	4.0	3.0	
11.0	89.0	5.0	14.0	2.0	90.0	5.0	4.0	1.0	91.0	5.0	9.0	5.0	
12.0	92.0	5.0	10.0	4.0	93.0	5.0	4.0	5.0	94.0	5.0	13.0	1.0	
13.0	95.0	5.0	8.0	5.0	96.0	5.0	15.0	3.0	97.0	5.0	9.0	3.0	
14.0	98.0	5.0	15.0	2.0	99.0	5.0	12.0	3.0	100.0	5.0	14.0	1.0	
15.0	81.0	5.0	3.0	4.0	82.0	5.0	6.0	2.0	83.0	5.0	5.0	1.0	
16.0	84.0	5.0	12.0	2.0	85.0	5.0	3.0	5.0	86.0	5.0	15.0	4.0	
17.0	87.0	5.0	5.0	5.0	88.0	5.0	4.0	3.0	89.0	5.0	14.0	2.0	
18.0	90.0	5.0	4.0	1.0	91.0	5.0	9.0	5.0	92.0	5.0	10.0	4.0	
19.0	93.0	5.0	4.0	5.0	94.0	5.0	13.0	1.0	95.0	5.0	8.0	5.0	
20.0	96.0	5.0	15.0	3.0	97.0	5.0	9.0	3.0	98.0	5.0	15.0	2.0	
21.0	99.0	5.0	12.0	3.0	100.0	5.0	14.0	1.0	81.0	5.0	3.0	4.0	
22.0	82.0	5.0	6.0	2.0	83.0	5.0	5.0	1.0	84.0	5.0	12.0	2.0	
23.0	85.0	5.0	3.0	5.0	86.0	5.0	15.0	4.0	87.0	5.0	5.0	5.0	
24.0	88.0	5.0	4.0	3.0	89.0	5.0	14.0	2.0	90.0	5.0	4.0	1.0	
25.0	91.0	5.0	9.0	5.0	92.0	5.0	10.0	4.0	93.0	5.0	4.0	5.0	
26.0	94.0	5.0	13.0	1.0	95.0	5.0	8.0	5.0	96.0	5.0	15.0	3.0	
27.0	97.0	5.0	9.0	3.0	98.0	5.0	15.0	2.0	99.0	5.0	12.0	3.0	
28.0	100.0	5.0	14.0	1.0	81.0	5.0	3.0	4.0	82.0	5.0	6.0	2.0	
29.0	83.0	5.0	5.0	1.0	84.0	5.0	12.0	2.0	85.0	5.0	3.0	5.0	
30.0	86.0	5.0	15.0	4.0	87.0	5.0	5.0	5.0	88.0	5.0	4.0	3.0	
31.0	89.0	5.0	14.0	2.0	90.0	5.0	4.0	1.0	91.0	5.0	9.0	5.0	
32.0	92.0	5.0	10.0	4.0	93.0	5.0	4.0	5.0	94.0	5.0	13.0	1.0	
33.0	95.0	5.0	8.0	5.0	96.0	5.0	15.0	3.0	97.0	5.0	9.0	3.0	
34.0	98.0	5.0	15.0	2.0	99.0	5.0	12.0	3.0	100.0	5.0	14.0	1.0	
35.0	81.0	5.0	3.0	4.0	82.0	5.0	6.0	2.0	83.0	5.0	5.0	1.0	
36.0	84.0	5.0	12.0	2.0	85.0	5.0	3.0	5.0	86.0	5.0	15.0	4.0	
37.0	87.0	5.0	5.0	5.0	88.0	5.0	4.0	3.0	89.0	5.0	14.0	2.0	
38.0	90.0	5.0	4.0	1.0	91.0	5.0	9.0	5.0	92.0	5.0	10.0	4.0	
39.0	93.0	5.0	4.0	5.0	94.0	5.0	13.0	1.0	95.0	5.0	8.0	5.0	
40.0	96.0	5.0	15.0	3.0	97.0	5.0	9.0	3.0	98.0	5.0	15.0	2.0	
41.0	99.0	5.0	12.0	3.0	100.0	5.0	14.0	1.0	81.0	5.0	3.0	4.0	
42.0	82.0	5.0	6.0	2.0	83.0	5.0	5.0	1.0	84.0	5.0	12.0	2.0	
43.0	85.0	5.0	3.0	5.0	86.0	5.0	15.0	4.0	87.0	5.0	5.0	5.0	
44.0	88.0	5.0	4.0	3.0	89.0	5.0	14.0	2.0	90.0	5.0	4.0	1.0	
45.0	91.0	5.0	9.0	5.0	92.0	5.0	10.0	4.0	93.0	5.0	4.0	5.0	
46.0	94.0	5.0	13.0	1.0	95.0	5.0	8.0	5.0	96.0	5.0	15.0	3.0	
47.0	97.0	5.0	9.0	3.0	98.0	5.0	15.0	2.0	99.0	5.0	12.0	3.0	
48.0	100.0	5.0	14.0	1.0	81.0	5.0	3.0	4.0	82.0	5.0	6.0	2.0	
49.0	83.0	5.0	5.0	1.0	84.0	5.0	12.0	2.0	85.0	5.0	3.0	5.0	
50.0	86.0	5.0	15.0	4.0	87.0	5.0	5.0	5.0	88.0	5.0	4.0	3.0	
51.0	89.0	5.0	14.0	2.0	90.0	5.0	4.0	1.0	91.0	5.0	9.0	5.0	
52.0	92.0	5.0	10.0	4.0	93.0	5.0	4.0	5.0	94.0	5.0	13.0	1.0	
53.0	95.0	5.0	8.0	5.0	96.0	5.0	15.0	3.0	97.0	5.0	9.0	3.0	
54.0	98.0	5.0	15.0	2.0	99.0	5.0	12.0	3.0	100.0	5.0	14.0	1.0	
55.0	81.0	5.0	3.0	4.0	82.0	5.0	6.0	2.0	83.0	5.0	5.0	1.0	
56.0	84.0	5.0	12.0	2.0	85.0	5.0	3.0	5.0	86.0	5.0	15.0	4.0	
57.0	87.0	5.0	5.0	5.0	88.0	5.0	4.0	3.0	89.0	5.0	14.0	2.0	
58.0	90.0	5.0	4.0	1.0	91.0	5.0	9.0	5.0	92.0	5.0	10.0	4.0	
59.0	93.0	5.0	4.0	5.0	94.0	5.0	13.0	1.0	95.0	5.0	8.0	5.0	
60.0	96.0	5.0	15.0	3.0	97.0	5.0	9.0	3.0	98.0	5.0	15.0	2.0	
61.0	99.0	5.0	12.0	3.0	100.0	5.0	14.0	1.0	81.0	5.0	3.0	4.0	
62.0	82.0	5.0	6.0	2.0	83.0	5.0	5.0	1.0	84.0	5.0	12.0	2.0	
63.0	85.0	5.0	3.0	5.0	86.0	5.0	15.0	4.0	87.0	5.0	5.0	5.0	
64.0	88.0	5.0	4.0	3.0	89.0	5.0	14.0	2.0	90.0	5.0	4.0	1.0	
65.0	91.0	5.0	9.0	5.0	92.0	5.0	10.0	4.0	93.0	5.0	4.0	5.0	
66.0	94.0	5.0	13.0	1.0	95.0	5.0	8.0	5.0	96.0	5.0	15.0	3.0	
67.0	97.0	5.0	9.0	3.0	98.0	5.0	15.0	2.0	99.0	5.0	12.0	3.0	
68.0	100.0	5.0	14.0	1.0	81.0	5.0	3.0	4.0	82.0	5.0	6.0	2.0	
69.0	83.0	5.0	5.0	1.0	84.0	5.0	12.0	2.0	85.0	5.0	3.0	5.0	
70.0	86.0	5.0	15.0	4.0	87.0	5.0	5.0	5.0	88.0	5.0	4.0	3.0	
71.0	89.0	5.0	14.0	2.0	90.0	5.0	4.0	1.0	91.0	5.0	9.0	5.0	
72.0	92.0	5.0	10.0	4.0	93.0	5.0	4.0	5.0	94.0	5.0	13.0	1.0	
73.0	95.0	5.0	8.0	5.0	96.0	5.0	15.0	3.0	97.0	5.0	9.0	3.0	
74.0	98.0	5.0	15.0	2.0	99.0	5.0	12.0	3.0	100.0	5.0	14.0	1.0	
75.0	81.0	5.0	3.0	4.0	82.0	5.0	6.0	2.0	83.0	5.0	5.0	1.0	
76.0	84.0	5.0	12.0	2.0	85.0	5.0	3.0	5.0	86.0	5.0	15.0	4.0	
77.0	87.0	5.0	5.0	5.0	88.0	5.0	4.0	3.0	89.0	5.0	14.0	2.0	
78.0	90.0	5.0	4.0	1.0	91.0	5.0	9.0	5.0	92.0	5.0	10.0	4.0	
79.0	93.0	5.0	4.0	5.0	94.0	5.0	13.0	1.0	95.0	5.0	8.0	5.0	
80.0	96.0	5.0	15.0	3.0	97.0	5.0	9.0	3.0	98.0	5.0	15.0	2.0	
81.0	99.0	5.0	12.0	3.0	100.0	5.0	14.0	1.0	81.0	5.0	3.0	4.0	
82.0	82.0	5.0	6.0	2.0	83.0	5.0	5.0	1.0	84.0	5.0	12.0	2.0	
83.0	85.0	5.0	3.0	5.0	86.0	5.0	15.0	4.0	87.0	5.0	5.0	5.0	
84.0	88.0	5.0	4.0	3.0	89.0	5.0	14.0	2.0	90.0	5.0	4.0	1.0	
85.0	91.0	5.0	9.0	5.0	92.0	5.0	10.0	4.0	93.0	5.0	4.0	5.0	
86.0	94.0	5.0	13.0	1.0	95.0	5.0	8.0	5.0	96.0	5.0	15.0	3.0	
87.0	97.0	5.0	9.0	3.0	98.0	5.0	15.0	2.0	99.0	5.0	12.0	3.0	
88.0	100.0	5.0	14.0	1.0	81.0	5.0	3.0	4.0	82.0	5.0	6.0	2.0	
89.0	83.0	5.0	5.0	1.0	84.0	5.0	12.0	2.0	85.0	5.0	3.0	5.0	
90.0	86.0	5.0	15.0	4.0	87.0	5.0	5.0	5.0	88.0	5.0	4.0	3.0	
91.0	89.0	5.0	14.0	2.0	90.0	5.0	4.0	1.0	91.0	5.0	9.0	5.0	
92.0	92.0	5.0	10.0	4.0	93.0	5.0	4.0	5.0	94.0	5.0	13.0	1.0	
93.0	95.0	5.0	8.0	5.0	96.0	5.0	15.0	3.0	97.0	5.0	9.0	3.0	
94.0	98.0	5.0	15.0	2.0	99.0	5.0	12.0	3.0	100.0	5.0	14.0	1.0	
95.0	81.0	5.0	3.0	4.0	82.0	5.0	6.0	2.0	83.0	5.0	5.0	1.0	
96.0	84.0	5.0	12.0	2.0	85.0	5.0	3.0	5.0	86.0	5.0	15.0	4.0	
97.0	87.0	5.0	5.0	5.0	88.0	5.0	4.0	3.0	89.0	5.0	14.0	2.0	
98.0	90.0	5.0	4.0	1.0	91.0	5.0	9.0	5.0	92.0	5.0	10.0	4.0	
99.0	93.0	5.0	4.0	5.0	94.0	5.0	13.0	1.0	95.0	5.0	8.0	5.0	
100.0	96.0	5.0	15.0	3.0	97.0	5.0	9.0	3.0	98.0	5.0	15.0	2.0	
101.0	99.0	5.0	12.0	3.0	100.0	5.0	14.0	1.0	81.0	5.0	3.0	4.0	
102.0	82.0	5.0	6.0	2.0	83.0	5.0	5.0	1.0	84.0	5.0	12.0	2.0	
103.0	85.0	5.0	3.0	5.0	86.0	5.0	15.0	4.0	87.0	5.0	5.0	5.0	
104.0	88.0	5.0	4.0	3.0	89.0	5.0	14.0	2.0	90.0	5.0	4.0	1.0	
105.0	91.0	5.0	9.0	5.0	92.0	5.0	10.0	4.0	93.0	5.0	4.0	5.0	
106.0	94.0	5.0	13.0	1.0	95.0	5.0	8.0	5.0	96.0	5.0	15.0	3.0	
107.0	97.0	5.0	9.0	3.0	98.0	5.0	15.0	2.0	99.0	5.0	12.0	3.0	
108.0	100.0	5.0	14.0	1.0	81.0	5.0	3.0	4.0	82.0	5.0	6.0	2.0	
109.0	83.0	5.0	5.0	1.0	84.0	5.0	12.0	2.0	85.0	5.0	3.0	5.0	
110.0	86.0	5.0	15.0	4.0	87.0	5.0	5.0	5.0	88.0	5.0	4.0	3.0	
111.0	89.0	5.0	14.0	2.0	90.0	5.0	4.0	1.0	91.0	5.0	9.0	5.0	
112.0	92.0	5.0	10.0	4.0	93.0	5.0	4.0	5.0	94.0	5.0	13.0	1.0	
113.0	95.0	5.0	8.0	5.0	96.0	5.0	15.0	3.0	97.0	5.0	9.0	3.0	
114.0	98.0	5.0	15.0	2.0	99.0	5.0	12.0	3.0	100.0	5.0	14.0	1.0	
115.0	81.0	5.0	3.0	4.0	82.0	5.0	6.0	2.0	83.0	5.0	5.0	1.0	
116.0	84.0	5.0	12.0	2.0	85.0	5.0	3.0	5.0	86.0	5.0	15.0	4.0	
117.0	87.0	5.0	5.0	5.0	88.0	5.0	4.0	3.0	89.0	5.0	14.0	2.0	
118.0	90.0	5.0	4.0	1.0	91.0	5.0	9.0	5.0	92.0	5.0	10.0	4.0	
119.0	93.0	5.0	4.0	5.0	94.0	5.0	13.0	1.0	95.0	5.0	8.0	5.0	
120.0	96.0	5.0	15.0	3.0	97.0	5.0	9.0	3.0	98.0	5.0	15.0	2.0	
121.0	99.0	5.0	12.0	3.0	100.0	5.0	14.0	1.0	81.0	5.0	3.0	4.0	
122.0	82.0	5.0	6.0	2.0	83.0	5.0	5.0	1.0	84.0	5.0	12.0	2.0	
123.0	85.0	5.0	3.0	5.0	86.0	5.0	15.0	4.0	87.0	5.0	5.0	5.0	
124.0	88.0	5.0	4.0	3.0	89.0	5.0	14.0	2.0	90.0	5.0	4.0	1.0	
125.0	91.0	5.0	9.0	5.0	92.0	5.0	10.0	4.0	93.0	5.0	4.0	5.0	
126.0	94.0	5.0	13.0	1.0	95.0	5.0	8.0	5.0	96.0	5.0	15.0	3.0	
127.0	97.0	5.0	9.0	3.0	98.0	5.0	15.0	2.0	99.0	5.0	12.0	3.0	
128.0	100.0	5.0	14.0	1.0	81.0	5.0	3.0	4.0	82.0	5.0	6.0	2.0	
129.0	83.0	5.0	5.0	1.0	84.0	5.0	12.0	2.0	85.0	5.0	3.0	5.0	
130.0	86.0	5.0	15.0	4.0	87.0	5.0	5.0	5.0	88.0	5.0	4.0	3.0	
131.0	89.0	5.0	14.0	2.0	90.0	5.0	4.0	1.0	91.0	5.0	9.0	5.0	
132.0	92.0	5.0	10.0	4.0	93.0	5.0	4.0	5.0	94.0	5.0	13.0	1.0	
133.0	95.0	5.0	8.0	5.0	96.0	5.0	15.0	3.0	97.0	5.0	9.0	3.0	
134.0	98.0	5.0	15.0	2.0	99.0	5.0	12.0	3.0	100.0	5.0	14.0	1.0	
135.0	81.0	5.0	3.0	4.0	82.0	5.0	6.0	2.0	83.0	5.0	5.0	1.0	
136.0	84.0	5.0	12.0	2.0	85.0	5.0	3.0	5.0	86.0	5.0	15.0	4.0	
137.0	87.0	5.0	5.0	5.0	88.0	5.0	4.0	3.0	89.0	5.0	14.0	2.0	
138.0	90.0	5.0	4.0	1.0	91.0	5.0	9.0	5.0	92.0	5.0	10.0	4.0	
139.0	93.0	5.0	4.0	5.0	94.0	5.0	13.0	1.0	95.0	5.0	8.0	5.0	
140.0	96.0	5.0	15.0	3.0	97.0	5.0	9.0	3.0	98.0	5.0	15.0	2.0	
141.0	99.0	5.0	12.0	3.0	100.0	5.0	14.0	1.0	81.0	5.0	3.0	4.0	
142.0	82.0	5.0	6.0	2.0	83.0	5.0	5.0	1.0	84.0	5.0	12.0	2.0	
143.0	85.0	5.0	3.0	5.0	86.0	5.0	15.0	4.0	87.0	5.0	5.0	5.0	
144.0	88.0	5.0	4.0	3.0	89.0	5.0	14.0	2.0	90.0	5.0	4.0	1.0	
145.0	91.0	5.0	9.0	5.0	92.0	5.0	10.0	4.0	93.0	5.0	4.0	5.0	
146.0	94.0	5.0	13.0	1.0	95.0	5.0	8.0	5.0	96.0	5.0	15.0	3.0	
147.0	97.0	5.0	9.0	3.0	98.0	5.0	15.0	2.0	99.0	5.0	12.0	3.0	
148.0	100.0	5.0	14.0	1.0	81.0	5.0	3.0	4.0	82.0	5.0	6.0	2.0	
149.0	83.0	5.0	5.0	1.0	84.0	5.0	12.0	2.0	85.0	5.0	3.0	5.0	
150.0	86.0	5.0	15.0	4.0	87.0	5.0	5.0	5.0	88.0	5.0	4.0	3.0	
151.0	89.0	5.0	14.0	2.0	90.0	5.0	4.0	1.0	91.0	5.0	9.0	5.0	
152.0	92.0	5.0	10.0	4.0	93.0	5.0	4.0	5.0	94.0	5.0	13.0	1.0	
153.0	95.0	5.0	8.0	5.0	96.0	5.0	15.0	3.0	97.0	5.0	9.0	3.0	
154.0	98.0	5.0	15.0	2.0	99.0	5.0	12.0	3.0	100.0	5.0	14.0	1.0	
155.0	81.0	5.0	3.0	4.0	82.0	5.0	6.0	2.0	83.0	5.0	5.0	1.0	
156.0	84.0	5.0	12.0	2.0	85.0	5.0	3.0	5.0	86.0	5.0	15.0	4.0	
157.0	87.0	5.0	5.0	5.0	88.0	5.0	4.0	3.0	89.0	5.0	14.0	2.0	
158.0	90.0	5.0	4.0	1.0	91.0	5.0	9.0	5.0	92.0	5.0	10.0	4.0	
159.0	93.0	5.0	4.0	5.0	94.0	5.0	13.0	1.0	95.0	5.0	8.0	5.0	
160.0	96.0	5.0	15.0	3.0	97.0	5.0	9.0	3.0	98.0	5.0	15.0	2.0	
161.0	99.0	5.0	12.0	3.0	100.0	5.0	14.0	1.0	81.0	5.0	3.0	4.0	
162.0	82.0	5.0	6.0	2.0	83.0	5.0	5.0	1.0	84.0	5.0	12.0	2.0	
163.0	85.0	5.0	3.0	5.0	86.0	5.0	15.0	4.0	87.0	5.0	5.0	5.0	
164.0	88.0	5.0	4.0	3.0	89.0	5.0	14.0	2.0	90.0	5.0	4.0	1.0	
165.0	91.0	5.0	9.0	5.0	92.0	5.0	10.0	4.0	93.0	5.0	4.0	5.0	
166.0	94.0	5.0	13.0	1.0	95.0	5.0	8.0	5.0	96.0	5.0	15.0	3.0	
167.0	97.0	5.0	9.0	3.0	98.0	5.0	15.0	2.0	99.0	5.0	12.0	3.0	
168.0	100.0	5.0	14.0	1.0	81.0	5.0	3.0	4.0	82.0	5.0	6.0	2.0	
169.0	83.0	5.0	5.0	1.0	84.0	5.0	12.0	2.0	85.0	5.0	3.0	5.0	
170.0	86.0	5.0	15.0	4.0	87.0	5.0	5.0	5.0	88.0	5.0	4.0	3.0	
171.0	89.0	5.0	14.0	2.0	90.0	5.0	4.0	1.0	91.0	5.0	9.0	5.0	
172.0	92.0	5.0	10.0	4.0	93.0	5.0	4.0	5.0	94.0	5.0	13.0	1.0	
173.0	95.0	5.0	8.0	5.0	96.0	5.0	15.0	3.0	97.0	5.0	9.0	3.0	
174.0	98.0	5.0	15.0	2.0	99.0	5.0	12.0	3.0	100.0	5.0	14.0	1.0	
175.0	81.0	5.0	3.0	4.0	82.0	5.0	6.0	2.0	83.0	5.0	5.0	1.0	
176.0	84.0	5.0	12.0	2.0	85.0	5.0	3.0	5.0	86.0	5.0	15.0	4.0	
177.0	87.0	5.0	5.0	5.0	88.0	5.0	4.0	3.0	89.0	5.0	14.0	2.0	
178.0	90.0	5.0	4.0	1.0	91.0	5.0	9.0	5.0	92.0	5.0	10.0	4.0	
179.0	93.0	5.0	4.0	5.0	94.0	5.0	13.0	1.0	95.0	5.0	8.0	5.0	
180.0	96.0	5.0	15.0	3.0	97.0	5.0	9.0	3.0	98.0	5.0	15.0	2.0	
181.0	99.0	5.0	12.0	3.0	100.0	5.0	14.0	1.0	81.0	5.0	3.0	4.0	
182.0	82.0	5.0	6.0	2.0	83.0	5.0	5.0	1.0	84.0	5.0	12.0	2.0	
183.0	85.0	5.0	3.0	5.0	86.0	5.0	15.0	4.0	87.0	5.0	5.0	5.0	
184.0	88.0	5.0	4.0	3.0	89.0	5.0	14.0	2.0	90.0	5.0	4.0	1.0	
185.0	91.0	5.0	9.0	5.0	92.0	5.0	10.0	4.0	93.0	5.0	4.0	5.0	
186.0	94.0	5.0	13.0	1.0	95.0	5.0	8.0	5.0	96.0	5.0	15.0	3.0	
187.0	97.0	5.0	9.0	3.0	98.0	5.0	15.0	2.0	99.0	5.0	12.0	3.0	
188.0	100.0	5.0	14.0	1.0	81.0	5.0	3.0	4.0	82.0	5.0	6.0	2.0	
189.0	83.0	5.0	5.0	1.0	84.0	5.0	12.0	2.0	85.0	5.0	3.0	5.0	
190.0	86.0	5.0	15.0	4.0	87.0	5.0	5.0	5.0	88.0	5.0	4.0	3.0	
191.0	89.0	5.0	14.0	2.0	90.0	5.0	4.0	1.0	91.0	5.0	9.0	5.0	
192.0	92.0	5.0	10.0	4.0	93.0	5.0	4.0	5.0	94.0	5.0	13.0	1.0	
193.0	95.0	5.0	8.0	5.0	96.0	5.0	15.0	3.0	97.0	5.0	9.0	3.0	
194.0	98.0	5.0	15.0	2.0	99.0	5.0	12.0	3.0	100.0	5.0	14.0	1.0	
195.0	81.0	5.0	3.0	4.0	82.0	5.0	6.0	2.0	83.0	5.0	5.0	1.0	
196.0	84.0	5.0	12.0	2.0	85.0	5.0	3.0	5.0	86.0	5.0	15.0	4.0	
197.0	87.0	5.0	5.0	5.0	88.0	5.0	4.0	3.0	89.0	5.0	14.0	2.0	
198.0	90.0	5.0	4.0	1.0	91.0	5.0	9.0	5.0	92.0	5.0	10.0	4.0	
199.0	93.0	5.0	4.0	5.0	94.0	5.0	13.0	1.0	95.0	5.0	8.0	5.0	
200.0	96.0	5.0	15.0	3.0	97.0	5.0	9.0	3.0	98.0	5.0	15.0	2.0	
201.0	99.0	5.0	12.0	3.0	100.0	5.0	14.0	1.0	81.0	5.0	3.0	4.0	
202.0	82.0	5.0	6.0	2.0	83.0	5.0	5.0	1.0	84.0	5.0	12.0	2.0	
203.0	85.0	5.0	3.0	5.0	86.0	5.0	15.0	4.0	87.0	5.0	5.0	5.0	
204.0	88.0	5.0	4.0	3.0	89.0	5.0	14.0	2.0	90.0	5.0	4.0	1.0	
205.0	91.0	5.0	9.0	5.0	92.0	5.0	10.0	4.0	93.0	5.0	4.0	5.0	
206.0	94.0	5.0	13.0	1.0	95.0	5.0	8.0	5.0	96.0	5.0	15.0	3.0	
207.0	97.0	5.0	9.0	3.0	98.0	5.0	15.0	2.0	99.0	5.0	12.0	3.0	
208.0	100.0	5.0	14.0	1.0	81.0	5.0	3.0	4.0	82.0	5.0	6.0	2.0	
209.0	83.0	5.0	5.0	1.0	84.0	5.0	12.0	2.0	85.0	5.0	3.0	5.0	
210.0	86.0	5.0	15.0	4.0	87.0	5.0	5.0	5.0	88.0	5.0	4.0	3.0	
211.0	89.0	5.0	14.0	2.0	90.0	5.0	4.0	1.0	91.0	5.0	9.0	5.0	
212.0	92.0	5.0	10.0	4.0	93.0	5.0	4.0	5.0	94.0	5.0	13.0	1.0	
213.0	95.0	5.0	8.0	5.0	96.0	5.0	15.0	3.0	97.0	5.0	9.0	3.0	
214.0	98.0	5.0	15.0	2.0	99.0	5.0	12.0	3.0	100.0	5.0	14.0	1.0	
215.0	81.0	5.0	3.0	4.0	82.0	5.0	6.0	2.0	83.0	5.0	5.0	1.0	
216.0	84.0	5.0	12.0	2.0	85.0	5.0	3.0	5.0	86.0	5.0	15.0	4.0	
217.0	87.0	5.0	5.0	5.0	88.0	5.0	4.0	3.0	89.0	5.0	14.0	2.0	
218.0	90.0	5.0	4.0	1.0	91.0	5.0	9.0	5.0	92.0	5.0	10.0	4.0	
219.0	93.0	5.0	4.0	5.0	94.0	5.0	13.0	1.0	95.0	5.0	8.0	5.0	
220.0	96.0	5.0	15.0	3.0	97.0	5.0	9.0	3.0	98.0	5.0	15.0	2.0	
221.0	99.0	5.0	12.0	3.0	100.0	5.0	14.0	1.0	81.0	5.0	3.0	4.0	
222.0	82.0	5.0	6.0	2.0	83.0	5.0	5.0	1.0	84.0	5.0	12.0	2.0	
223.0	85.0	5.0	3.0	5.0	86.0	5.0	15.0	4.0	87.0	5.0	5.0	5.0	
224.0	88.0	5.0	4.0	3.0	89.0	5.0	14.0	2.0	90.0	5.0	4.0	1.0	
225.0	91.0	5.0	9.0	5.0	92.0	5.0	10.0	4.0	93.0	5.0	4.0	5.0	
226.0	94.0	5.0	13.0	1.0	95.0	5.0	8.0	5.0	96.0	5.0	15.0	3.0	
227.0	97.0	5.0	9.0	3.0	98.0	5.0	15.0	2.0	99.0	5.0	12.0	3.0	
228.0	100.0	5.0	14.0	1.0	81.0	5.0	3.0	4.0	82.0	5.0	6.0	2.0	
229.0	83.0	5.0	5.0	1.0	84.0	5.0	12.0	2.0	85.0	5.0	3.0	5.0	
230.0	86.0	5.0	15.0	4.0	87.0	5.0	5.0	5.0	88.0	5.0	4.0	3.0	
231.0	89.0	5.0	14.0	2.0	90.0	5.0	4.0	1.0	91.0	5.0	9.0	5.0	
232.0	92.0	5.0	10.0	4.0	93.0	5.0	4.0	5.0	94.0	5.0	13.0	1.0	
233.0	95.0	5.0	8.0	5.0	96.0	5.0	15.0	3.0	97.0	5.0	9.0	3.0	
234.0	98.0	5.0	15.0	2.0	99.0	5.0	12.0	3.0	100.0	5.0	14.0	1.0	
235.0	81.0	5.0	3.0	4.0	82.0	5.0	6.0	2.0	83.0	5.0	5.0	1.0	
236.0	84.0	5.0	12.0	2.0	85.0	5.0	3.0	5.0	86.0	5.0	15.0	4.0	
237.0	87.0	5.0	5.0	5.0	88.0	5.0	4.0	3.0	89.0	5.0	14.0	2.0	
238.0	90.0	5.0	4.0	1.0	91.0	5.0	9.0	5.0	92.0	5.0	10.0	4.0	
239.0	93.0	5.0	4.0	5.0	94.0	5.0	13.0	1.0	95.0	5.0	8.0	5.0	
240.0	96.0	5.0	15.0	3.0	97.0	5.0	9.0	3.0	98.0	5.0	15.0	2.0	
241.0	99.0	5.0	12.0	3.0	100.0	5.0	14.0	1.0	81.0	5.0	3.0	4.0	
242.0	82.0	5.0	6.0	2.0	83.0	5.0	5.0	1.0	84.0	5.0	12.0	2.0	
243.0	85.0	5.0	3.0	5.0	86.0	5.0	15.0	4.0	87.0	5.0	5.0	5.0	
244.0	88.0	5.0	4.0	3.0	89.0	5.0	14.0	2.0	90.0	5.0	4.0	1.0	
245.0	91.0	5.0	9.0	5.0	92.0	5.0	10.0	4.0	93.0	5.0	4.0	5.0	
246.0	94.0	5.0	13.0	1.0	95.0	5.0	8.0	5.0	96.0	5.0	15.0	3.0	
247.0	97.0	5.0	9.0	3.0	98.0	5.0	15.0	2.0	99.0	5.0	12.0	3.0	
248.0	100.0	5.0	14.0	1.0	81.0	5.0	3.0	4.0	82.0	5.0	6.0	2.0	
249.0	83.0	5.0	5.0	1.0	84.0	5.0	12.0	2.0	85.0	5.0	3.0	5.0	
250.0	86.0	5.0	15.0	4.0	87.0	5.0	5.0	5.0	88.0	5.0	4.0	3.0	
251.0	89.0	5.0	14.0	2.0	90.0	5.0	4.0	1.0	91.0	5.0	9.0	5.0	
252.0	92.0	5.0	10.0	4.0	93.0	5.0	4.0	5.0	94.0	5.0	13.0	1.0	
253.0	95.0	5.0	8.0	5.0	96.0	5.0	15.0	3.0	97.0	5.0	9.0	3.0	
254.0	98.0	5.0	15.0	2.0	99.0	5.0	12.0	3.0	100.0	5.0	14.0	1.0	
255.0	81.0	5.0	3.0	4.0	82.0	5.0	6.0	2.0	83.0	5.0	5.0	1.0	
256.0	84.0	5.0	12.0	2.0	85.0	5.0	3.0	5.0	86.0	5.0	15.0	4.0	
257.0	87.0	5.0	5.0	5.0	88.0	5.0	4.0	3.0	89.0	5.0	14.0	2.0	
258.0	90.0	5.0	4.0	1.0	91.0	5.0	9.0	5.0	92.0	5.0	10.0	4.0	
259.0	93.0	5.0	4.0	5.0	94.0	5.0	13.0	1.0	95.0	5.0	8.0	5.0	
260.0	96.0	5.0	15.0	3.0	97.0	5.0	9.0	3.0	98.0	5.0	15.0	2.0	
261.0	99.0	5.0	12.0	3.0	100.0	5.0	14.0	1.0	81.0	5.0	3.0	4.0	
262.0	82.0	5.0	6.0	2.0	83.0	5.0	5.0	1.0	84.0	5.0	12.0	2.0	
263.0	85.0	5.0	3.0	5.0	86.0	5.0	15.0	4.0	87.0	5.0	5.0	5.0	
264.0	88.0	5.0	4.0	3.0	89.0	5.0	14.0	2.0	90.0	5.0	4.0	1.0	
265.0	91.0	5.0	9.0	5.0	92.0	5.0	10.0	4.0	93.0	5.0	4.0	5.0	
266.0	94.0	5.0	13.0	1.0	95.0	5.0	8.0	5.0	96.0	5.0	15.0	3.0	
267.0	97.0	5.0	9.0	3.0	98.0	5.0	15.0	2.0	99.0	5.0	12.0	3.0	
268.0	100.0	5.0	14.0	1.0	81.0	5.0	3.0	4.0	82.0	5.0	6.0	2.0	
269.0	83.0	5.0	5.0	1.0	84.0	5.0	12.0	2.0	85.0	5.0	3.0	5.0	
270.0	86.0	5.0	15.0	4.0	87.0	5.0	5.0	5.0	88.0	5.0	4.0	3.0	
271.0	89.0	5.0	14.0	2.0	90.0	5.0	4.0	1.0	91.0	5.0	9.0	5.0	
272.0	92.0	5.0	10.0	4.0	93.0	5.0	4.0	5.0	94.0	5.0	13.0	1.0	
273.0	95.0	5.0	8.0	5.0	96.0	5.0	15.0	3.0	97.0	5.0	9.0	3.0	
274.0	98.0	5.0	15.0	2.0	99.0	5.0	12.0	3.0	100.0	5.0	14.0	1.0	
275.0	81.0	5.0	3.0	4.0	82.0	5.0	6.0	2.0	83.0	5.0	5.0	1.0	
276.0	84.0	5.0	12.0	2.0	85.0	5.0	3.0	5.0	86.0	5.0	15.0	4.0	
277.0	87.0	5.0	5.0	5.0	88.0	5.0	4.0	3.0	89.0	5.0	14.0	2.0	
278.0	90.0	5.0	4.0	1.0	91.0	5.0	9.0	5.0	92.0	5.0	10.0	4.0	
279.0	93.0	5.0	4.0	5.0	94.0	5.0	13.0	1.0	95.0	5.0	8.0	5.0	
280.0	96.0	5.0	15.0	3.0	97.0	5.0	9.0	3.0	98.0	5.0	15.0	2.0	
281.0	99.0	5.0	12.0	3.0	100.0	5.0	14.0	1.0	81.0	5.0	3.0	4.0	
282.0	82.0	5.0	6.0	2.0	83.0	5.0	5.0	1.0	84.0	5.0	12.0	2.0	
283.0	85.0	5.0	3.0	5.0	86.0	5.0	15.0	4.0	87.0	5.0	5.0	5.0	
284.0	88.0	5.0	4.0	3.0	89.0	5.0	14.0	2.0	90.0	5.0	4.0	1.0	
285.0	91.0	5.0	9.0	5.0	92.0	5.0	10.0	4.0	93.0	5.0	4.0	5.0	
286.0	94.0	5.0	13.0	1.0	95.0	5.0	8.0	5.0	96.0	5.0	15.0	3.0	
287.0	97.0	5.0	9.0	3.0	98.0	5.0	15.0	2.0	99.0	5.0	12.0	3.0	
288.0	100.0	5.0	14.0	1.0	81.0	5.0	3.0	4.0	82.0	5.0	6.0	2.0	
289.0	83.0	5.0	5.0	1.0	84.0	5.0	12.0	2.0	85.0	5.0	3.0	5.0	
290.0	86.0	5.0	15.0	4.0	87.0	5.0	5.0	5.0	88.0	5.0	4.0	3.0	
291.0	89.0	5.0	14.0	2.0	90.0	5.0	4.0	1.0	91.0	5.0	9.0	5.0	
292.0	92.0	5.0	10.0	4.0	93.0	5.0	4.0	5.0	94.0	5.0	13.0	1.0	
293.0	95.0	5.0	8.0	5.0	96.0	5.0	15.0	3.0	97.0	5.0	9.0	3.0	
294.0	98.0	5.0	15.0	2.0	99.0	5.0	12.0	3.0	100.0	5.0	14.0	1.0	
295.0	81.0	5.0	3.0	4.0	82.0	5.0	6.0	2.0	83.0	5.0	5.0	1.0	
296.0	84.0	5.0	12.0	2.0	85.0	5.0	3.0	5.0	86.0	5.0	15.0	4.0	
297.0	87.0	5.0	5.0	5.0	88.0	5.0	4.0	3.0	89.0	5.0	14.0	2.0	
298.0	90.0	5.0	4.0	1.0	91.0	5.0	9.0	5.0	92.0	5.0	10.0	4.0	
299.0	93.0	5.0	4.0	5.0	94.0	5.0	13.0	1.0	95.0	5.0	8.0	5.0	
300.0	96.0	5.0	15.0	3.0	97.0	5.0	9.0	3.0	98.0	5.0	15.0	2.0	
301.0	99.0	5.0	12.0	3.0	100.0	5.0	14.0	1.0	81.0	5.0	3.0	4.0	
302.0	82.0	5.0	6.0	2.0	83.0	5.0	5.0	1.0	84.0	5.0	12.0	2.0	
303.0	85.0	5.0	3.0	5.0	86.0	5.0	15.0	4.0	87.0	5.0	5.0	5.0	
304.0	88.0	5.0	4.0	3.0	89.0	5.0	14.0	2.0	90.0	5.0	4.0	1.0	
305.0	91.0	5.0	9.0	5.0	92.0	5.0	10.0	4.0	93.0	5.0	4.0	5.0	
306.0	94.0	5.0	13.0	1.0	95.0	5.0	8.0	5.0	96.0	5.0	15.0	3.0	
307.0	97.0	5.0	9.0	3.0	98.0	5.0	15.0	2.0	99.0	5.0	12.0	3.0	
308.0	100.0	5.0	14.0	1.0	81.0	5.0	3.0	4.0	82.0	5.0	6.0	2.0	
309.0	83.0	5.0	5.0	1.0	84.0	5.0	12.0	2.0	85.0	5.0	3.0	5.0	
310.0	86.0	5.0	15.0	4.0	87.0	5.0	5.0	5.0	88.0	5.0	4.0	3.0	
311.0	89.0	5.0	14.0	2.0	90.0	5.0	4.0	1.0	91.0	5.0	9.0	5.0	
312.0	92.0	5.0	10.0	4.0	93.0	5.0	4.0	5.0	94.0	5.0	13.0	1.0	
313.0	95.0	5.0	8.0	5.0	96.0	5.0	15.0	3.0	97.0	5.0	9.0	3.0	
314.0	98.0	5.0	15.0	2.0	99.0	5.0	12.0	3.0	100.0	5.0	14.0	1.0	
315.0	81.0	5.0	3.0	4.0	82.0	5.0	6.0	2.0	83.0	5.0	5.0	1.0	
316.0	84.0	5.0	12.0	2.0	85.0	5.0	3.0	5.0	86.0	5.0	15.0	4.0	
317.0	87.0	5.0	5.0	5.0	88.0	5.0	4.0	3.0	89.0	5.0	14.0	2.0	
318.0	90.0	5.0	4.0	1.0	91.0	5.0	9.0	5.0	92.0	5.0	10.0	4.0	
319.0	93.0	5.0	4.0	5.0	94.0	5.0	13.0	1.0	95.0	5.0	8.0	5.0	
320.0	96.0	5.0	15.0	3.0	97.0	5.0	9.0	3.0	98.0	5.0	15.0	2.0	
321.0	99.0	5.0	12.0	3.0	100.0	5.0	14.0	1.0	81.0	5.0	3.0	4.0	
322.0	82.0	5.0	6.0	2.0	83.0	5.0	5.0	1.0	84.0	5.0	12.0	2.0	
323.0	85.0	5.0	3.0	5.0	86.0	5.0	15.0	4.0	87.0	5.0	5.0	5.0	
324.0	88.0	5.0	4.0	3.0	89.0	5.0	14.0	2.0	90.0	5.0	4.0	1.0	
325.0	91.0	5.0	9.0	5.0	92.0	5.0	10.0	4.0	93.0	5.0	4.0	5.0	
326.0	94.0	5.0	13.0	1.0	95.0	5.0	8.0	5.0	96.0	5.0	15.0	3.0	
327.0	97.0	5.0	9.0	3.0	98.0	5.0	15.0	2.0	99.0	5.0	12.0	3.0	
328.0	100.0	5.0	14.0	1.0	81.0	5.0	3.0	4.0	82.0	5.0	6.0	2.0	
329.0	83.0	5.0	5.0	1.0	84.0	5.0	12.0	2.0	85.0	5.0	3.0	5.0	
330.0	86.0	5.0	15.0	4.0	87.0	5.0	5.0	5.0	88.0	5.0	4.0	3.0	
331.0	89.0	5.0	14.0	2.0	90.0	5.0	4.0	1.0	91.0	5.0	9.0	5.0	
332.0	92.0	5.0	10.0	4.0	93.0	5.0	4.0	5.0	94.0	5.0	13.0	1.0	
333.0	95.0	5.0	8.0	5.0	96.0	5.0	15.0	3.0	97.0	5.0	9.0	3.0	
334.0	98.0	5.0	15.0	2.0	99.0	5.0	12.0	3.0	100.0	5.0	14.0	1.0	
335.0	81.0	5.0	3.0	4.0	82.0	5.0	6.0	2.0	83.0	5.0	5.0	1.0	
336.0	84.0	5.0	12.0	2.0	85.0	5.0	3.0	5.0	86.0	5.0	15.0	4.0	
337.0	87.0	5.0	5.0	5.0	88.0	5.0	4.0	3.0	89.0	5.0	14.0	2.0	
338.0	90.0	5.0	4.0	1.0	91.0	5.0	9.0	5.0	92.0	5.0	10.0	4.0	
339.0	93.0	5.0	4.0	5.0	94.0	5.0	13.0	1.0	95.0	5.0	8.0	5.0	
340.0	96.0	5.0	15.0	3.0	97.0	5.0	9.0	3.0	98.0	5.0	15.0	2.0	
341.0	99.0	5.0	12.0	3.0	100.0	5.0	14.0	1.0	81.0	5.0	3.0	4.0	
342.0	82.0	5.0	6.0	2.0	83.0	5.0	5.0	1.0	84.0	5.0	12.0	2.0	
343.0	85.0	5.0	3.0	5.0	86.0	5.0	15.0	4.0	87.0	5.0	5.0	5.0	
344.0	88.0	5.0	4.0	3.0	89.0	5.0	14.0	2.0	90.0	5.0	4.0	1.0	
345.0	91.0	5.0	9.0	5.0	92.0	5.0	10.0	4.0	93.0	5.0	4.0	5.0	
346.0	94.0	5.0	13.0	1.0	95.0	5.0	8.0	5.0	96.0	5.0	15.0	3.0	
347.0	97.0	5.0	9.0	3.0	98.0	5.0	15.0	2.0	99.0	5.0	12.0	3.0	
348.0	100.0	5.0	14.0	1.0	81.0	5.0	3.0	4.0	82.0	5.0	6.0	2.0	
349.0	83.0	5.0	5.0	1.0	84.0	5.0	12.0	2.0	85.0	5.0	3.0	5.0	
350.0	86.0	5.0	15.0	4.0	87.0	5.0	5.0	5.0	88.0	5.0	4.0	3.0	
351.0	89.0	5.0	14.0	2.0	90.0	5.0	4.0	1.0	91.0	5.0	9.0	5.0	
352.0	92.0	5.0	10.0	4.0	93.0	5.0	4.0	5.0	94.0	5.0	13.0	1.0	
353.0	95.0	5.0	8.0	5.0	96.0	5.0	15.0	3.0	97.0	5.0	9.0	3.0	
354.0	98.0	5.0	15.0	2.0	99.0	5.0	12.0	3.0	100.0	5.0	14.0	1.0	
355.0	81.0	5.0	3.0	4.0	82.0	5.0	6.0	2.0	83.0	5.0	5.0	1.0	
356.0	84.0	5.0	12.0	2.0	85.0	5.0	3.0	5.0	86.0	5.0	15.0	4.0	
357.0	87.0	5.0	5.0	5.0	88.0	5.0	4.0	3.0	89.0	5.0	14.0	2.0	
358.0	90.0	5.0	4.0	1.0	91.0	5.0	9.0	5.0	92.0	5.0	10.0	4.0	
359.0	93.0	5.0	4.0	5.0	94.0	5.0	13.0	1.0	95.0	5.0	8.0	5.0	
360.0	96.0	5.0	15.0	3.0	97.0	5.0	9.0	3.0	98.0	5.0	15.0	2.0	
361.0	99.0	5.0	12.0	3.0	100.0	5.0	14.0	1.0	81.0	5.0	3.0	4.0	
362.0	82.0	5.0	6.0	2.0	83.0	5.0	5.0	1.0	84.0	5.0	12.0	2.0	
363.0	85.0	5.0	3.0	5.0	86.0	5.0	15.0	4.0	87.0	5.0	5.0	5.0	
364.0	88.0	5.0	4.0	3.0	89.0	5.0	14.0	2.0	90.0	5.0	4.0	1.0	
365.0	91.0	5.0	9.0	5.0	92.0	5.0	10.0	4.0	93.0	5.0	4.0	5.0	
366.0	94.0	5.0	13.0	1.0	95.0	5.0	8.0	5.0	96.0	5.0	15.0	3.0	
367.0	97.0	5.0	9.0	3.0	98.0	5.0	15.0	2.0	99.0	5.0	12.0	3.0	
368.0	100.0	5.0	14.0	1.0	81.0	5.0	3.0	4.0	82.0	5.0	6.0	2.0	
369.0	83.0	5.0	5.0	1.0	84.0	5.0	12.0	2.0	85.0	5.0	3.0	5.0	
370.0	86.0	5.0	15.0	4.0	87.0	5.0	5.0	5.0	88.0	5.0	4.0	3.0	
371.0	89.0	5.0	14.0	2.0	90.0	5.0	4.0	1.0	91.0	5.0	9.0	5.0	
372.0	92.0	5.0	10.0	4.0	93.0	5.0	4.0	5.0	94.0	5.0	13.0	1.0	
373.0	95.0	5.0	8.0	5.0	96.0	5.0	15.0	3.0	97.0	5.0	9.0	3.0	
374.0	98.0	5.0	15.0	2.0	99.0	5.0	12.0	3.0	100.0	5.0	14.0	1.0	
375.0	81.0	5.0	3.0	4.0	82.0	5.0	6.0	2.0	83.0	5.0	5.0	1.0	
376.0	84.0	5.0	12.0	2.0	85.0	5.0	3.0	5.0	86.0	5.0	15.0	4.0	
377.0	87.0	5.0	5.0	5.0	88.0	5.0	4.0	3.0	89.0	5.0	14.0	2.0	
378.0	90.0	5.0	4.0	1.0	91.0	5.0	9.0	5.0	92.0	5.0	10.0	4.0	
379.0	93.0	5.0	4.0	5.0	94.0	5.0	13.0	1.0	95.0	5.0	8.0	5.0	
380.0	96.0	5.0	15.0	3.0	97.0	5.0	9.0	3.0	98.0	5.0	15.0	2.0	
381.0	99.0	5.0	12.0	3.0	100.0	5.0	14.0	1.0	81.0	5.0	3.0	4.0	
382.0	82.0	5.0	6.0	2.0	83.0	5.0	5.0	1.0	84.0	5.0	12.0	2.0	
383.0	85.0	5.0	3.0	5.0	86.0	5.0	15.0	4.0	87.0	5.0	5.0	5.0	
384.0	88.0	5.0	4.0	3.0	89.0	5.0	14.0	2.0	90.0	5.0	4.0	1.0	
385.0	91.0	5.0	9.0	5.0	92.0	5.0	10.0	4.0	93.0	5.0	4.0	5.0	
386.0	94.0	5.0	13.0	1.0	95.0	5.0	8.0	5.0	96.0	5.0	15.0	3.0	
387.0	97.0	5.0	9.0	3.0	98.0	5.0	15.0	2.0	99.0	5.0	12.0	3.0	
388.0	100.0	5.0	14.0	1.0	81.0	5.0	3.0	4.0	82.0	5.0	6.0	2.0	
389.0	83.0	5.0	5.0	1.0	84.0	5.0	12.0	2.0	85.0	5.0	3.0	5.0	
390.0	86.0	5.0	15.0	4.0	87.0	5.0	5.0	5.0	88.0	5.0	4.0	3.0	
391.0	89.0	5.0	14.0	2.0	90.0	5.0	4.0	1.0	91.0	5.0	9.0	5.0	
392.0	92.0	5.0	10.0	4.0	93.0	5.0	4.0	5.0	94.0	5.0	13.0	1.0	
393.0	95.0	5.0	8.0	5.0	96.0	5.0	15.0	3.0	97.0	5.0	9.0	3.0	
394.0	98.0	5.0	15.0	2.0	99.0	5.0	12.0	3.0	100.0	5.0	14.0	1.0	
395.0	81.0	5.0	3.0	4.0	82.0	5.0	6.0	2.0	83.0	5.0	5.0	1.0	
396.0	84.0	5.0	12.0	2.0	85.0	5.0	3.0	5.0	86.0	5.0	15.0	4.0	
397.0	87.0	5.0	5.0	5.0	88.0	5.0	4.0	3.0	89.0	5.0	14.0	2.0	
398.0	90.0	5.0	4.0	1.0	91.0	5.0	9.0	5.0	92.0	5.0	10.0	4.0	
399.0	93.0	5.0	4.0	5.0	94.0	5.0	13.0	1.0	95.0	5.0	8.0	5.0	
400.0	96.0	5.0	15.0	3.0	97.0	5.0	9.0	3.0	98.0	5.0	15.0	2.0	
401.0	99.0	5.0	12.0	3.0	100.0	5.0	14.0	1.0	81.0	5.0	3.0	4.0	
402.0	82.0	5.0	6.0	2.0	83.0	5.0	5.0	1.0	84.0	5.0	12.0	2.0	
403.0	85.0	5.0	3.0	5.0	86.0	5.0	15.0	4.0	87.0	5.0	5.0	5.0	
404.0	88.0	5.0	4.0	3.0	89.0	5.0	14.0	2.0	90.0	5.0	4.0	1.0	
405.0	91.0	5.0	9.0	5.0	92.0	5.0	10.0	4.0	93.0	5.0	4.0	5.0	
406.0	94.0	5.0	13.0	1.0	95.0	5.0	8.0	5.0	96.0	5.0	15.0	3.0	
407.0	97.0	5.0	9.0	3.0	98.0	5.0	15.0	2.0	99.0	5.0	12.0	3.0	
408.0	100.0	5.0	14.0	1.0	81.0	5.0	3.0	4.0	82.0	5.0	6.0	2.0	
409.0	83.0	5.0	5.0	1.0	84.0	5.0	12.0	2.0	85.0	5.0	3.0	5.0	
410.0	86.0	5.0	15.0	4.0	87.0	5.0	5.0	5.0	88.0	5.0	4.0	3.0	
411.0	89.0	5.0	14.0	2.0	90.0	5.0	4.0	1.0	91.0	5.0	9.0	5.0	
412.0	92.0	5.0	10.0	4.0	93.0	5.0	4.0	5.0	94.0	5.0	13.0	1.0	
413.0	95.0	5.0	8.0	5.0	96.0	5.0	15.0	3.0	97.0	5.0	9.0	3.0	
414.0	98.0	5.0	15.0	2.0	99.0	5.0	12.0	3.0	100.0	5.0	14.0	1.0	
415.0	81.0	5.0	3.0	4.0	82.0	5.0	6.0	2.0	83.0	5.0	5.0	1.0	
416.0	84.0	5.0	12.0	2.0	85.0	5.0	3.0	5.0	86.0	5.0	15.0	4.0	
417.0	87.0	5.0	5.0	5.0	88.0	5.0	4.0	3.0	89.0	5.0	14.0	2.0	
418.0	90.0	5.0	4.0	1.0	91.0	5.0	9.0	5.0	92.0	5.0	10.0	4.0	
419.0	93.0	5.0	4.0	5.0	94.0	5.0	13.0	1.0	95.0	5.0	8.0	5.0	
420.0	96.0	5.0	15.0	3.0	97.0	5.0	9.0	3.0	98.0	5.0	15.0	2.0	
421.0	99.0	5.0	12.0	3.0	100.0	5.0	14.0	1.0	81.0	5.0	3.0	4.0	
422.0	82.0	5.0	6.0	2.0	83.0	5.0	5.0	1.0	84.0	5.0	12.0	2.0	
423.0	85.0	5.0	3.0	5.0	86.0	5.0	15.0	4.0	87.0	5.0	5.0	5.0	
424.0	88.0	5.0	4.0	3.0	89.0	5.0	14.0	2.0	90.0	5.0	4.0	1.0	
425.0	91.0	5.0	9.0	5.0	92.0	5.0	10.0	4.0	93.0	5.0	4.0	5.0	
426.0	94.0	5.0	13.0	1.0	95.0	5.0	8.0	5.0	96.0	5.0	15.0	3.0	
427.0	97.0	5.0	9.0	3.0	98.0	5.0	15.0	2.0	99.0	5.0	12.0	3.0	
428.0	100.0	5.0	14.0	1.0	81.0	5.0	3.0	4.0	82.0	5.0	6.0	2.0	
429.0	83.0	5.0	5.0	1.0	84.0	5.0	12.0	2.0	85.0	5.0	3.0	5.0	
430.0	86.0	5.0	15.0	4.0	87.0	5.0	5.0	5.0	88.0	5.0	4.0	3.0	
431.0	89.0	5.0	14.0	2.0	90.0	5.0	4.0	1.0	91.0	5.0	9.0	5.0	
432.0	92.0	5.0	10.0	4.0	93.0	5.0	4.0	5.0	94.0	5.0	13.0	1.0	
433.0	95.0	5.0	8.0	5.0	96.0	5.0	15.0	3.0	97.0	5.0	9.0	3.0	
434.0	98.0	5.0	15.0	2.0	99.0	5.0	12.0	3.0	100.0	5.0	14.0	1.0	
435.0	81.0	5.0	3.0	4.0	82.0	5.0	6.0	2.0	83.0	5.0	5.0	1.0	
436.0	84.0	5.0	12.0	2.0	85.0	5.0	3.0	5.0	86.0	5.0	15.0	4.0	
437.0	87.0	5.0	5.0	5.0	88.0	5.0	4.0	3.0	89.0	5.0	14.0	2.0	
438.0	90.0	5.0	4.0	1.0	91.0	5.0	9.0	5.0	92.0	5.0	10.0	4.0	
439.0	93.0	5.0	4.0	5.0	94.0	5.0	13.0	1.0	95.0	5.0	8.0	5.0	
440.0	96.0	5.0	15.0	3.0	97.0	5.0	9.0	3.0	98.0	5.0	15.0	2.0	
441.0	99.0	5.0	12.0	3.0	100.0	5.0	14.0	1.0	81.0	5.0	3.0	4.0	
442.0	82.0	5.0	6.0	2.0	83.0	5.0	5.0	1.0	84.0	5.0	12.0	2.0	
443.0	85.0	5.0	3.0	5.0	86.0	5.0	15.0	4.0	87.0	5.0	5.0	5.0	
444.0	88.0	5.0	4.0	3.0	89.0	5.0	14.0	2.0	90.0	5.0	4.0	1.0	
445.0	91.0	5.0	9.0	5.0	92.0	5.0	10.0	4.0	93.0	5.0	4.0	5.0	
446.0	94.0	5.0	13.0	1.0	95.0	5.0	8.0	5.0	96.0	5.0	15.0	3.0	
447.0	97.0	5.0	9.0	3.0	98.0	5.0	15.0	2.0	99.0	5.0	12.0	3.0	
448.0	100.0	5.0	14.0	1.0	81.0	5.0	3.0	4.0	82.0	5.0	6.0	2.0	
449.0	83.0	5.0	5.0	1.0	84.0	5.0	12.0	2.0	85.0	5.0	3.0	5.0	
450.0	86.0	5.0	15.0	4.0	87.0	5.0	5.0	5.0	88.0	5.0	4.0	3.0	
451.0	89.0	5.0	14.0	2.0	90.0	5.0	4.0	1.0	91.0	5.0	9.0	5.0	
452.0	92.0	5.0	10.0	4.0	93.0	5.0	4.0	5.0	94.0	5.0	13.0	1.0	
453.0	95.0	5.0	8.0	5.0	96.0	5.0	15.0	3.0	97.0	5.0	9.0	3.0	
454.0	98.0	5.0	15.0	2.0	99.0	5.0	12.0	3.0	100.0	5.0	14.0	1.0	
455.0	81.0	5.0	3.0	4.0	82.0	5.0	6.0	2.0	83.0	5.0	5.0	1.0	
456.0	84.0	5.0	12.0	2.0	85.0	5.0	3.0	5.0	86.0	5.0	15.0	4.0	
457.0	87.0	5.0	5.0	5.0	88.0	5.0	4.0	3.0	89.0	5.0	14.0	2.0	
458.0	90.0	5.0	4.0	1.0	91.0	5.0	9.0	5.0	92.0	5.0	10.0	4.0	
459.0	93.0	5.0	4.0	5.0	94.0	5.0	13.0	1.0	95.0	5.0	8.0	5.0	
460.0	96.0	5.0	15.0	3.0	97.0	5.0	9.0	3.0	98.0	5.0	15.0	2.0	
461.0	99.0	5.0	12.0	3.0	100.0	5.0	14.0	1.0	81.0	5.0	3.0	4.0	
462.0	82.0	5.0	6.0	2.0	83.0	5.0	5.0	1.0	84.0	5.0	12.0	2.0	
463.0	85.0	5.0	3.0	5.0	86.0	5.0	15.0	4.0	87.0	5.0	5.0	5.0	
464.0	88.0	5.0	4.0	3.0	89.0	5.0	14.0	2.0	90.0	5.0	4.0	1.0	
465.0	91.0	5.0	9.0	5.0	92.0	5.0	10.0	4.0	93.0	5.0	4.0	5.0	
466.0	94.0	5.0	13.0	1.0	95.0	5.0	8.0	5.0	96.0	5.0	15.0	3.0	
467.0	97.0	5.0	9.0	3.0	98.0	5.0	15.0	2.0	99.0	5.0	12.0	3.0	
468.0	100.0	5.0	14.0	1.0	81.0	5.0	3.0	4.0	82.0	5.0	6.0	2.0	
469.0	83.0	5.0	5.0	1.0	84.0	5.0	12.0	2.0	85.0	5.0	3.0	5.0	
470.0	86.0	5.0	15.0	4.0	87.0	5.0	5.0	5.0	88.0	5.0	4.0	3.0	
471.0	89.0	5.0	14.0	2.0	90.0	5.0	4.0	1.0	91.0	5.0	9.0	5.0	
472.0	92.0	5.0	10.0	4.0	93.0	5.0	4.0	5.0	94.0	5.0	13.0	1.0	
473.0	95.0	5.0	8.0	5.0	96.0	5.0	15.0	3.0	97.0	5.0	9.0	3.0	
474.0	98.0	5.0	15.0	2.0	99.0	5.0	12.0	3.0	100.0	5.0	14.0	1.0	
475.0	81.0	5.0	3.0	4.0	82.0	5.0	6.0	2.0	83.0	5.0	5.0	1.0	
476.0	84.0	5.0	12.0	2.0	85.0	5.0	3.0	5.0	86.0	5.0	15.0	4.0	
477.0	87.0	5.0	5.0	5.0	88.0	5.0	4.0	3.0	89.0	5.0	14.0	2.0	
478.0	90.0	5.0	4.0	1.0	91.0	5.0	9.0	5.0	92.0	5.0	10.0	4.0	
479.0	93.0	5.0	4.0	5.0	94.0	5.0	13.0	1.0	95.0	5.0	8.0	5.0	
480.0	96.0	5.0	15.0	3.0	97.0	5.0	9.0	3.0	98.0	5.0	15.0	2.0	
481.0	99.0	5.0	12.0	3.0	100.0	5.0	14.0	1.0	81.0	5.0	3.0	4.0	
482.0	82.0	5.0	6.0	2.0	83.0	5.0	5.0	1.0	84.0	5.0	12.0	2.0	
483.0	85.0	5.0	3.0	5.0	86.0	5.0	15.0	4.0	87.0	5.0	5.0	5.0	
484.0	88.0	5.0	4.0	3.0	89.0	5.0	14.0	2.0	90.0	5.0	4.0	1.0	
485.0	91.0	5.0	9.0	5.0	92.0	5.0	10.0	4.0	93.0	5.0	4.0	5.0	
486.0	94.0	5.0	13.0	1.0	95.0	5.0	8.0	5.0	96.0	5.0	15.0	3.0	
487.0	97.0	5.0	9.0	3.0	98.0	5.0	15.0	2.0	99.0	5.0	12.0	3.0	
488.0	100.0	5.0	14.0	1.0	81.0	5.0	3.0	4.0	82.0	5.0	6.0	2.0	
489.0	83.0	5.0	5.0	1.0	84.0	5.0	12.0	2.0	85.0	5.0	3.0	5.0	
490.0	86.0	5.0	15.0	4.0	87.0	5.0	5.0	5.0	88.0	5.0	4.0	3.0	
491.0	89.0	5.0	14.0	2.0	90.0	5.0	4.0	1.0	91.0	5.0	9.0	5.0	
492.0	92.0	5.0	10.0	4.0	93.0	5.0	4.0	5.0	94.0	5.0	13.0	1.0	
493.0	95.0	5.0	8.0	5.0	96.0	5.0	15.0	3.0	97.0	5.0	9.0	3.0	
494.0	98.0	5.0	15.0	2.0	99.0	5.0	12.0	3.0	100.0	5.0	14.0	1.0	
495.0	81.0	5.0	3.0	4.0	82.0	5.0	6.0	2.0	83.0	5.0	5.0	1.0	
496.0	84.0	5.0	12.0	2.0	85.0	5.0	3.0	5.0	86.0	5.0	15.0	4.0	
497.0	87.0	5.0	5.0	5.0	88.0	5.0	4.0	3.0	89.0	5.0	14.0	2.0	
498.0	90.0	5.0	4.0	1.0	91.0	5.0	9.0	5.0	92.0	5.0	10.0	4.0	
499.0	93.0	5.0	4.0	5.0	94.0	5.0	13.0	1.0	95.0	5.0	8.0	5.0	
500.0	96.0	5.0	15.0	3.0	97.0	5.0	9.0	3.0	98.0	5.0	15.0	2.0	
501.0	99.0	5.0	12.0	3.0	100.0	5.0	14.0	1.0	81.0	5.0	3.0	4.0	
502.0	82.0	5.0	6.0	2.0	83.0	5.0	5.0	1.0	84.0	5.0	12.0	2.0	
503.0	85.0	5.0	3.0	5.0	86.0	5.0	15.0	4.0	87.0	5.0	5.0	5.0	
504.0	88.0	5.0	4.0	3.0	89.0	5.0	14.0	2.0	90.0	5.0	4.0	1.0	
505.0	91.0	5.0	9.0	5.0	92.0	5.0	10.0	4.0	93.0	5.0	4.0	5.0	
506.0	94.0	5.0	13.0	1.0	95.0	5.0	8.0	5.0	96.0	5.0	15.0	3.0	
507.0	97.0	5.0	9.0	3.0	98.0	5.0	15.0	2.0	99.0	5.0	12.0	3.0	
508.0	100.0	5.0	14.0	1.0	81.0	5.0	3.0	4.0	82.0	5.0	6.0	2.0	
509.0	83.0	5.0	5.0	1.0	84.0	5.0	12.0	2.0	85.0	5.0	3.0	5.0	
510.0	86.0	5.0	15.0	4.0	87.0	5.0	5.0	5.0	88.0	5.0	4.0	3.0	
511.0	89.0	5.0	14.0	2.0	90.0	5.0	4.0	1.0	91.0	5.0	9.0	5.0	
512.0	92.0	5.0	10.0	4.0	93.0	5.0	4.0	5.0	94.0	5.0	13.0	1.0	
513.0	95.0	5.0	8.0	5.0	96.0	5.0	15.0	3.0	97.0	5.0	9.0	3.0	
514.0	98.0	5.0	15.0	2.0	99.0	5.0	12.0	3.0	100.0	5.0	14.0	1.0	
515.0	81.0	5.0	3.0	4.0	82.0	5.0	6.0	2.0	83.0	5.0	5.0	1.0	
516.0	84.0	5.0	12.0	2.0	85.0	5.0	3.0	5.0	86.0	5.0	15.0	4.0	
517.0	87.0	5.0	5.0	5.0	88.0	5.0	4.0	3.0	89.0	5.0	14.0	2.0	
518.0	90.0	5.0	4.0	1.0	91.0	5.0	9.0	5.0	92.0	5.0	10.0	4.0	
519.0	93.0	5.0	4.0	5.0	94.0	5.0	13.0	1.0	95.0	5.0	8.0	5.0	
520.0	96.0	5.0	15.0	3.0	97.0	5.0	9.0	3.0	98.0	5.0	15.0	2.0	
521.0	99.0	5.0	12.0	3.0	100.0	5.0	14.0	1.0	81.0	5.0	3.0	4.0	
522.0	82.0	5.0	6.0	2.0	83.0	5.0	5.0	1.0	84.0	5.0	12.0	2.0	
523.0	85.0	5.0	3.0	5.0	86.0	5.0	15.0	4.0	87.0	5.0	5.0	5.0	
524.0	88.0	5.0	4.0	3.0	89.0	5.0	14.0	2.0	90.0	5.0	4.0	1.0	
525.0	91.0	5.0	9.0	5.0	92.0	5.0	10.0	4.0	93.0	5.0	4.0	5.0	
526.0	94.0	5.0	13.0	1.0	95.0	5.0	8.0	5.0	96.0	5.0	15.0	3.0	
527.0	97.0	5.0	9.0	3.0	98.0	5.0	15.0	2.0	99.0	5.0	12.0	3.0	
528.0	100.0	5.0	14.0	1.0	81.0	5.0	3.0	4.0	82.0	5.0	6.0	2.0	
529.0	83.0	5.0	5.0	1.0	84.0	5.0	12.0	2.0	85.0	5.0	3.0	5.0	
530.0	86.0	5.0	15.0	4.0	87.0	5.0	5.0	5.0	88.0	5.0	4.0	3.0	
531.0	89.0	5.0	14.0	2.0	90.0	5.0	4.0	1.0	91.0	5.0	9.0	5.0	
532.0	92.0	5.0	10.0	4.0	93.0	5.0	4.0	5.0	94.0	5.0	13.0	1.0	
533.0	95.0	5.0	8.0	5.0	96.0	5.0	15.0	3.0	97.0	5.0	9.0	3.0	
534.0	98.0	5.0	15.0	2.0	99.0	5.0	12.0	3.0	100.0	5.0	14.0	1.0	
535.0	81.0	5.0	3.0	4.0	82.0	5.0	6.0	2.0	83.0	5.0	5.0	1.0	
536.0	84.0	5.0	12.0	2.0	85.0	5.0	3.0	5.0	86.0	5.0	15.0	4.0	
537.0	87.0	5.0	5.0	5.0	88.0	5.0	4.0	3.0	89.0	5.0	14.0	2.0	
538.0	90.0	5.0	4.0	1.0	91.0	5.0	9.0	5.0	92.0	5.0	10.0	4.0	
539.0	93.0	5.0	4.0	5.0	94.0	5.0	13.0	1.0	95.0	5.0	8.0	5.0	
540.0	96.0	5.0	15.0	3.0	97.0	5.0	9.0	3.0	98.0	5.0	15.0	2.0	
541.0	99.0	5.0	12.0	3.0	100.0	5.0	14.0	1.0	81.0	5.0	3.0	4.0	
542.0	82.0	5.0	6.0	2.0	83.0	5.0	5.0	1.0	84.0	5.0	12.0	2.0	
543.0	85.0	5.0	3.0	5.0	86.0	5.0	15.0	4.0	87.0	5.0	5.0	5.0	
544.0	88.0	5.0	4.0	3.0	89.0	5.0	14.0	2.0	90.0	5.0	4.0	1.0	
545.0	91.0	5.0	9.0	5.0	92.0	5.0	10.0	4.0	93.0	5.0	4.0	5.0	
546.0	94.0	5.0	13.0	1.0	95.0	5.0	8.0	5.0	96.0	5.0	15.0	3.0	
547.0	97.0	5.0	9.0	3.0	98.0	5.0	15.0	2.0	99.0	5.0	12.0	3.0	
548.0	100.0	5.0	14.0	1.0	81.0	5.0	3.0	4.0	82.0	5.0	6.0	2.0	
549.0	83.0	5.0	5.0	1.0	84.0	5.0	12.0	2.0	85.0	5.0	3.0	5.0	
550.0	86.0	5.0	15.0	4.0	87.0	5.0	5.0	5.0	88.0	5.0	4.0	3.0	
551.0	89.0	5.0	14.0	2.0	90.0	5.0	4.0	1.0	91.0	5.0	9.0	5.0	
552.0	92.0	5.0	10.0	4.0	93.0	5.0	4.0	5.0	94.0	5.0	13.0	1.0	
553.0	95.0	5.0	8.0	5.0	96.0	5.0	15.0	3.0	97.0	5.0	9.0	3.0	
554.0	98.0	5.0	15.0	2.0	99.0	5.0	12.0	3.0	100.0	5.0	14.0	1.0	
555.0	81.0	5.0	3.0	4.0	82.0	5.0	6.0	2.0	83.0	5.0	5.0	1.0	
556.0	84.0	5.0	12.0	2.0	85.0	5.0	3.0	5.0	86.0	5.0	15.0	4.0	
557.0	87.0	5.0	5.0	5.0	88.0	5.0	4.0	3.0	89.0	5.0	14.0	2.0	
558.0	90.0	5.0	4.0	1.0	91.0	5.0	9.0	5.0	92.0	5.0	10.0	4.0	
559.0	93.0	5.0	4.0	5.0	94.0	5.0	13.0	1.0	95.0	5.0	8.0	5.0	
560.0	96.0	5.0	15.0	3.0	97.0	5.0	9.0	3.0	98.0	5.0	15.0	2.0	
561.0	99.0	5.0	12.0	3.0	100.0	5.0	14.0	1.0	81.0	5.0	3.0	4.0	
562.0	82.0	5.0	6.0	2.0	83.0	5.0	5.0	1.0	84.0	5.0	12.0	2.0	
563.0	85.0	5.0	3.0	5.0	86.0	5.0	15.0	4.0	87.0	5.0	5.0	5.0	
564.0	88.0	5.0	4.0	3.0	89.0	5.0	14.0	2.0	90.0	5.0	4.0	1.0	
565.0	91.0	5.0	9.0	5.0	92.0	5.0	10.0	4.0	93.0	5.0	4.0	5.0	
566.0	94.0	5.0	13.0	1.0	95.0	5.0	8.0	5.0	96.0	5.0	15.0	3.0	
567.0	97.0	5.0	9.0	3.0	98.0	5.0	15.0	2.0	99.0	5.0	12.0	3.0	
568.0	100.0	5.0	14.0	1.0	81.0	5.0	3.0	4.0	82.0	5.0	6.0	2.0	
569.0	83.0	5.0	5.0	1.0	84.0	5.0	12.0	2.0	85.0	5.0	3.0	5.0	
570.0	86.0	5.0	15.0	4.0	87.0	5.0	5.0	5.0	88.0	5.0	4.0	3.0	
571.0	89.0	5.0	14.0	2.0	90.0	5.0	4.0	1.0	91.0	5.0	9.0	5.0	
572.0	92.0	5.0	10.0	4.0	93.0	5.0	4.0	5.0	94.0	5.0	13.0	1.0	
573.0	95.0	5.0	8.0	5.0	96.0	5.0	15.0	3.0	97.0	5.0	9.0	3.0	
574.0	98.0	5.0	15.0	2.0	99.0	5.0	12.0	3.0	100.0	5.0	14.0	1.0	
575.0	81.0	5.0	3.0	4.0	82.0	5.0	6.0	2.0	83.0	5.0	5.0	1.0	
576.0	84.0	5.0	12.0	2.0	85.0	5.0	3.0	5.0	86.0	5.0	15.0	4.0	
577.0	87.0	5.0	5.0	5.0	88.0	5.0	4.0	3.0	89.0	5.0	14.0	2.0	
578.0	90.0	5.0	4.0	1.0	91.0	5.0	9.0	5.0	92.0	5.0	10.0	4.0	
579.0	93.0	5.0	4.0	5.0	94.0	5.0	13.0	1.0	95.0	5.0	8.0	5.0	
580.0	96.0	5.0	15.0	3.0	97.0	5.0	9.0	3.0	98.0	5.0	15.0	2.0	
581.0	99.0	5.0	12.0	3.0	100.0	5.0	14.0	1.0	81.0	5.0	3.0	4.0	
582.0	82.0	5.0	6.0	2.0	83.0	5.0	5.0	1.0	84.0	5.0	12.0	2.0	
583.0	85.0	5.0	3.0	5.0	86.0	5.0	15.0	4.0	87.0	5.0	5.0	5.0	
584.0	88.0	5.0	4.0	3.0	89.0	5.0	14.0	2.0	90.0	5.0	4.0	1.0	
585.0	91.0	5.0	9.0	5.0	92.0	5.0	10.0	4.0	93.0	5.0	4.0	5.0	
586.0	94.0	5.0	13.0	1.0	95.0	5.0	8.0	5.0	96.0	5.0	15.0	3.0	
587.0	97.0	5.0	9.0	3.0	98.0	5.0	15.0	2.0	99.0	5.0	12.0	3.0	
588.0	100.0	5.0	14.0	1.0	81.0	5.0	3.0	4.0	82.0	5.0	6.0	2.0	
589.0	83.0	5.0	5.0	1.0	84.0	5.0	12.0	2.0	85.0	5.0	3.0	5.0	
590.0	86.0	5.0	15.0	4.0	87.0	5.0	5.0	5.0	88.0	5.0	4.0	3.0	
591.0	89.0	5.0	14.0	2.0	90.0	5.0	4.0	1.0	91.0	5.0	9.0	5.0	
592.0	92.0	5.0	10.0	4.0	93.0	5.0	4.0	5.0	94.0	5.0	13.0	1.0	
593.0	95.0	5.0	8.0	5.0	96.0	5.0	15.0	3.0	97.0	5.0	9.0	3.0	
594.0	98.0	5.0	15.0	2.0	99.0	5.0	12.0	3.0	100.0	5.0	14.0	1.0	
595.0	81.0	5.0	3.0	4.0	82.0	5.0	6.0	2.0	83.0	5.0	5.0	1.0	
596.0	84.0	5.0	12.0	2.0	85.0	5.0	3.0	5.0	86.0	5.0	15.0	4.0	
597.0	87.0	5.0	5.0	5.0	88.0	5.0	4.0	3.0	89.0	5.0	14.0	2.0	
598.0	90.0	5.0	4.0	1.0	91.0	5.0	9.0	5.0	92.0	5.0	10.0	4.0	
599.0	93.0	5.0	4.0	5.0	94.0	5.0	13.0	1.0	95.0	5.0	8.0	5.0	
600.0	96.0	5.0	15.0	3.0	97.0	5.0	9.0	3.0	98.0	5.0	15.0	2.0	
601.0	99.0	5.0	12.0	3.0	100.0	5.0	14.0	1.0	81.0	5.0	3.0	4.0	
602.0	82.0	5.0	6.0	2.0	83.0	5.0	5.0	1.0	84.0	5.0	12.0	2.0	
603.0	85.0	5.0	3.0	5.0	86.0	5.0	15.0	4.0	87.0	5.0	5.0	5.0	
604.0	88.0	5.0	4.0	3.0	89.0	5.0	14.0	2.0	90.0	5.0	4.0	1.0	
605.0	91.0	5.0	9.0	5.0	92.0	5.0	10.0	4.0	93.0	5.0	4.0	5.0	
606.0	94.0	5.0	13.0	1.0	95.0	5.0	8.0	5.0	96.0	5.0	15.0	3.0	
607.0	97.0	5.0	9.0	3.0	98.0	5.0	15.0	2.0	99.0	5.0	12.0	3.0	
608.0	100.0	5.0	14.0	1.0	81.0	5.0	3.0	4.0	82.0	5.0	6.0	2.0	
609.0	83.0	5.0	5.0	1.0	84.0	5.0	12.0	2.0	85.0	5.0	3.0	5.0	
610.0	86.0	5.0	15.0	4.0	87.0	5.0	5.0	5.0	88.0	5.0	4.0	3.0	
611.0	89.0	5.0	14.0	2.0	90.0	5.0	4.0	1.0	91.0	5.0	9.0	5.0	
612.0	92.0	5.0	10.0	4.0	93.0	5.0	4.0	5.0	94.0	5.0	13.0	1.0	
613.0	95.0	5.0	8.0	5.0	96.0	5.0	15.0	3.0	97.0	5.0	9.0	3.0	
614.0	98.0	5.0	15.0	2.0	99.0	5.0	12.0	3.0	100.0	5.0	14.0	1.0	
615.0	81.0	5.0	3.0	4.0	82.0	5.0	6.0	2.0	83.0	5.0	5.0	1.0	
616.0	84.0	5.0	12.0	2.0	85.0	5.0	3.0	5.0	86.0	5.0	15.0	4.0	
617.0	87.0	5.0	5.0	5.0	88.0	5.0	4.0	3.0	89.0	5.0	14.0	2.0	
618.0	90.0	5.0	4.0	1.0	91.0	5.0	9.0	5.0	92.0	5.0	10.0	4.0	
619.0	93.0	5.0	4.0	5.0	94.0	5.0	13.0	1.0	95.0	5.0	8.0	5.0	
620.0	96.0	5.0	15.0	3.0	97.0	5.0	9.0	3.0	98.0	5.0	15.0	2.0	
621.0	99.0	5.0	12.0	3.0	100.0	5.0	14.0	1.0	81.0	5.0	3.0	4.0	
622.0	82.0	5.0	6.0	2.0	83.0	5.0	5.0	1.0	84.0	5.0	12.0	2.0	
623.0	85.0	5.0	3.0	5.0	86.0	5.0	15.0	4.0	87.0	5.0	5.0	5.0	
624.0	88.0	5.0	4.0	3.0	89.0	5.0	14.0	2.0	90.0	5.0	4.0	1.0	
625.0	91.0	5.0	9.0	5.0	92.0	5.0	10.0	4.0	93.0	5.0	4.0	5.0	
626.0	94.0	5.0	13.0	1.0	95.0	5.0	8.0	5.0	96.0	5.0	15.0	3.0	
627.0	97.0	5.0	9.0	3.0	98.0	5.0	15.0	2.0	99.0	5.0	12.0	3.0	
628.0	100.0	5.0	14.0	1.0	81.0	5.0	3.0	4.0	82.0	5.0	6.0	2.0	
629.0	83.0	5.0	5.0	1.0	84.0	5.0	12.0	2.0	85.0	5.0	3.0	5.0	
630.0	86.0	5.0	15.0	4.0	87.0	5.0	5.0	5.0	88.0	5.0	4.0	3.0	
631.0	89.0	5.0	14.0	2.0	90.0	5.0	4.0	1.0	91.0	5.0	9.0	5.0	
632.0	92.0	5.0	10.0	4.0	93.0	5.0	4.0	5.0	94.0	5.0	13.0	1.0	
633.0	95.0	5.0	8.0	5.0	96.0	5.0	15.0	3.0	97.0	5.0	9.0	3.0	
634.0	98.0	5.0	15.0	2.0	99.0	5.0	12.0	3.0	100.0	5.0	14.0	1.0	
635.0	81.0	5.0	3.0	4.0	82.0	5.0	6.0	2.0	83.0	5.0	5.0	1.0	
636.0	84.0	5.0	12.0	2.0	85.0	5.0	3.0	5.0	86.0	5.0	15.0	4.0	
637.0	87.0	5.0	5.0	5.0	88.0	5.0	4.0	3.0	89.0	5.0	14.0	2.0	
638.0	90.0	5.0	4.0	1.0	91.0	5.0	9.0	5.0	92.0	5.0	10.0	4.0	
639.0	93.0	5.0	4.0	5.0	94.0	5.0	13.0	1.0	95.0	5.0	8.0	5.0	
640.0	96.0	5.0	15.0	3.0	97.0	5.0	9.0	3.0	98.0	5.0	15.0	2.0	
641.0	99.0	5.0	12.0	3.0	100.0	5.0	14.0	1.0	81.0	5.0	3.0	4.0	
642.0	82.0	5.0	6.0	2.0	83.0	5.0	5.0	1.0	84.0	5.0	12.0	2.0	
643.0	85.0	5.0	3.0	5.0	86.0	5.0	15.0	4.0	87.0	5.0	5.0	5.0	
644.0	88.0	5.0	4.0	3.0	89.0	5.0	14.0	2.0	90.0	5.0	4.0	1.0	
645.0	91.0	5.0	9.0	5.0	92.0	5.0	10.0	4.0	93.0	5.0	4.0	5.0	
646.0	94.0	5.0	13.0	1.0	95.0	5.0	8.0	5.0	96.0	5.0	15.0	3.0	
647.0	97.0	5.0	9.0	3.0	98.0	5.0	15.0	2.0	99.0	5.0	12.0	3.0	
648.0	100.0	5.0	14.0	1.0	81.0	5.0	3.0	4.0	82.0	5.0	6.0	2.0	
649.0	83.0	5.0	5.0	1.0	84.0	5.0	12.0	2.0	85.0	5.0	3.0	5.0	
650.0	86.0	5.0	15.0	4.0	87.0	5.0	5.0	5.0	88.0	5.0	4.0	3.0	
651.0	89.0	5.0	14.0	2.0	90.0	5.0	4.0	1.0	91.0	5.0	9.0	5.0	
652.0	92.0	5.0	10.0	4.0	93.0	5.0	4.0	5.0	94.0	5.0	13.0	1.0	
653.0	95.0	5.0	8.0	5.0	96.0	5.0	15.0	3.0	97.0	5.0	9.0	3.0	
654.0	98.0	5.0	15.0	2.0	99.0	5.0	12.0	3.0	100.0	5.0	14.0	1.0	
655.0	81.0	5.0	3.0	4.0	82.0	5.0	6.0	2.0	83.0	5.0	5.0	1.0	
656.0	84.0	5.0	12.0	2.0	85.0	5.0	3.0	5.0	86.0	5.0	15.0	4.0	
657.0	87.0	5.0	5.0	5.0	88.0	5.0	4.0	3.0	89.0	5.0	14.0	2.0	
658.0	90.0	5.0	4.0	1.0	91.0	5.0	9.0	5.0	92.0	5.0	10.0	4.0	
659.0	93.0	5.0	4.0	5.0	94.0	5.0	13.0	1.0	95.0	5.0	8.0	5.0	
660.0	96.0	5.0	15.0	3.0	97.0	5.0	9.0	3.0	98.0	5.0	15.0	2.0	
661.0	99.0	5.0	12.0	3.0	100.0	5.0	14.0	1.0	81.0	5.0	3.0	4.0	
662.0	82.0	5.0	6.0	2.0	83.0	5.0	5.0	1.0	84.0	5.0	12.0	2.0	
663.0	85.0	5.0	3.0	5.0	86.0	5.0	15.0	4.0	87.0	5.0	5.0	5.0	
664.0	88.0	5.0	4.0	3.0	89.0	5.0	14.0	2.0	90.0	5.0	4.0	1.0	
665.0	91.0	5.0	9.0	5.0	92.0	5.0	10.0	4.0	93.0	5.0	4.0	5.0	
666.0	94.0	5.0	13.0	1.0	95.0	5.0	8.0	5.0	96.0	5.0	15.0	3.0	
667.0	97.0	5.0	9.0	3.0	98.0	5.0	15.0	2.0	99.0	5.0	12.0	3.0	
668.0	100.0	5.0	14.0	1.0	81.0	5.0	3.0	4.0	82.0	5.0	6.0	2.0	
669.0	83.0	5.0	5.0	1.0	84.0	5.0	12.0	2.0	85.0	5.0	3.0	5.0	
670.0	86.0	5.0	15.0	4.0	87.0	5.0	5.0	5.0	88.0	5.0	4.0	3.0	
671.0	89.0	5.0	14.0	2.0	90.0	5.0	4.0	1.0	91.0	5.0	9.0	5.0	
672.0	92.0	5.0	10.0	4.0	93.0	5.0	4.0	5.0	94.0	5.0	13.0	1.0	
673.0	95.0	5.0	8.0	5.0	96.0	5.0	15.0	3.0	97.0	5.0	9.0	3.0	
674.0	98.0	5.0	15.0	2.0	99.0	5.0	12.0	3.0	100.0	5.0	14.0	1.0	
675.0	81.0	5.0	3.0	4.0	82.0	5.0	6.0	2.0	83.0	5.0	5.0	1.0	
676.0	84.0	5.0	12.0	2.0	85.0	5.0	3.0	5.0	86.0	5.0	15.0	4.0	
677.0	87.0	5.0	5.0	5.0	88.0	5.0	4.0	3.0	89.0	5.0	14.0	2.0	
678.0	90.0	5.0	4.0	1.0	91.0	5.0	9.0	5.0	92.0	5.0	10.0	4.0	
679.0	93.0	5.0	4.0	5.0	94.0	5.0	13.0	1.0	95.0	5.0	8.0	5.0	
680.0	96.0	5.0	15.0	3.0	97.0	5.0	9.0	3.0	98.0	5.0	15.0	2.0	
681.0	99.0	5.0	12.0	3.0	100.0	5.0	14.0	1.0	81.0	5.0	3.0	4.0	
682.0	82.0	5.0	6.0	2.0	83.0	5.0	5.0	1.0	84.0	5.0	12.0	2.0	
683.0	85.0	5.0	3.0	5.0	86.0	5.0	15.0	4.0	87.0	5.0	5.0	5.0	
684.0	88.0	5.0	4.0	3.0	89.0	5.0	14.0	2.0	90.0	5.0	4.0	1.0	
685.0	91.0	5.0	9.0	5.0	92.0	5.0	10.0	4.0	93.0	5.0	4.0	5.0	
686.0	94.0	5.0	13.0	1.0	95.0	5.0	8.0	5.0	96.0	5.0	15.0	3.0	
687.0	97.0	5.0	9.0	3.0	98.0	5.0	15.0	2.0	99.0	5.0	12.0	3.0	
688.0	100.0	5.0	14.0	1.0	81.0	5.0	3.0	4.0	82.0	5.0	6.0	2.0	
689.0	83.0	5.0	5.0	1.0	84.0	5.0	12.0	2.0	85.0	5.0	3.0	5.0	
690.0	86.0	5.0	15.0	4.0	87.0	5.0	5.0	5.0	88.0	5.0	4.0	3.0	
691.0	89.0	5.0	14.0	2.0	90.0	5.0	4.0	1.0	91.0	5.0	9.0	5.0	
692.0	92.0	5.0	10.0	4.0	93.0	5.0	4.0	5.0	94.0	5.0	13.0	1.0	
693.0	95.0	5.0	8.0	5.0	96.0	5.0	15.0	3.0	97.0	5.0	9.0	3.0	
694.0	98.0	5.0	15.0	2.0	99.0	5.0	12.0	3.0	100.0	5.0	14.0	1.0	
695.0	81.0	5.0	3.0	4.0	82.0	5.0	6.0	2.0	83.0	5.0	5.0	1.0	
696.0	84.0	5.0	12.0	2.0	85.0	5.0	3.0	5.0	86.0	5.0	15.0	4.0	
697.0	87.0	5.0	5.0	5.0	88.0	5.0	4.0	3.0	89.0	5.0	14.0	2.0	
698.0	90.0	5.0	4.0	1.0	91.0	5.0	9.0	5.0	92.0	5.0	10.0	4.0	
699.0	93.0	5.0	4.0	5.0	94.0	5.0	13.0	1.0	95.0	5.0	8.0	5.0	
700.0	96.0	5.0	15.0	3.0	97.0	5.0	9.0	3.0	98.0	5.0	15.0	2.0	
701.0	99.0	5.0	12.0	3.0	100.0	5.0	14.0	1.0	81.0	5.0	3.0	4.0	
702.0	82.0	5.0	6.0	2.0	83.0	5.0	5.0	1.0	84.0	5.0	12.0	2.0	
703.0	85.0	5.0	3.0	5.0	86.0	5.0	15.0	4.0	87.0	5.0	5.0	5.0	
704.0	88.0	5.0	4.0	3.0	89.0	5.0	14.0	2.0	90.0	5.0	4.0	1.0	
705.0	91.0	5.0	9.0	5.0	92.0	5.0	10.0	4.0	93.0	5.0	4.0	5.0	
706.0	94.0	5.0	13.0	1.0	95.0	5.0	8.0	5.0	96.0	5.0	15.0	3.0	
707.0	97.0	5.0	9.0	3.0	98.0	5.0	15.0	2.0	99.0	5.0	12.0	3.0	
708.0	100.0	5.0	14.0	1.0	81.0	5.0	3.0	4.0	82.0	5.0	6.0	2.0	
709.0	83.0	5.0	5.0	1.0	84.0	5.0	12.0	2.0	85.0	5.0	3.0	5.0	
710.0	86.0	5.0	15.0	4.0	87.0	5.0	5.0	5.0	88.0	5.0	4.0	3.0	
711.0	89.0	5.0	14.0	2.0	90.0	5.0	4.0	1.0	91.0	5.0	9.0	5.0	
712.0	92.0	5.0	10.0	4.0	93.0	5.0	4.0	5.0	94.0	5.0	13.0	1.0	
713.0	95.0	5.0	8.0	5.0	96.0	5.0	15.0	3.0	97.0	5.0	9.0	3.0	
714.0	98.0	5.0	15.0	2.0	99.0	5.0	12.0	3.0	100.0	5.0	14.0	1.0	
715.0	81.0	5.0	3.0	4.0	82.0	5.0	6.0	2.0	83.0	5.0	5.0	1.0	
716.0	84.0	5.0	12.0	2.0	85.0	5.0	3.0	5.0	86.0	5.0	15.0	4.0	
717.0	87.0	5.0	5.0	5.0	88.0	5.0	4.0	3.0	89.0	5.0	14.0	2.0	
718.0	90.0	5.0	4.0	1.0	91.0	5.0	9.0	5.0	92.0	5.0	10.0	4.0	
719.0	93.0	5.0	4.0	5.0	94.0	5.0	13.0	1.0	95.0	5.0	8.0	5.0	
720.0	96.0	5.0	15.0	3.0	97.0	5.0	9.0	3.0	98.0	5.0	15.0	2.0	
721.0	99.0	5.0	12.0	3.0	100.0	5.0	14.0	1.0	81.0	5.0	3.0	4.0	
722.0	82.0	5.0	6.0	2.0	83.0	5.0	5.0	1.0	84.0	5.0	12.0	2.0	
723.0	85.0	5.0	3.0	5.0	86.0	5.0	15.0	4.0	87.0	5.0	5.0	5.0	
724.0	88.0	5.0	4.0	3.0	89.0	5.0	14.0	2.0	90.0	5.0	4.0	1.0	
725.0	91.0	5.0	9.0	5.0	92.0	5.0	10.0	4.0	93.0	5.0	4.0	5.0	
726.0	94.0	5.0	13.0	1.0	95.0	5.0	8.0	5.0	96.0	5.0	15.0	3.0	
727.0	97.0	5.0	9.0	3.0	98.0	5.0	15.0	2.0	99.0	5.0	12.0	3.0	
728.0	100.0	5.0	14.0	1.0	81.0	5.0	3.0	4.0	82.0	5.0	6.0	2.0	
729.0	83.0	5.0	5.0	1.0	84.0	5.0	12.0	2.0	85.0	5.0	3.0	5.0	
730.0	86.0	5.0	15.0	4.0	87.0	5.0	5.0	5.0	88.0	5.0	4.0	3.0	
731.0	89.0	5.0	14.0	2.0	90.0	5.0	4.0	1.0	91.0	5.0	9.0	5.0	
732.0	92.0	5.0	10.0	4.0	93.0	5.0	4.0	5.0	94.0	5.0	13.0	1.0	
733.0	95.0	5.0	8.0	5.0	96.0	5.0	15.0	3.0	97.0	5.0	9.0	3.0	
734.0	98.0	5.0	15.0	2.0	99.0	5.0	12.0	3.0	100.0	5.0	14.0	1.0	
735.0	81.0	5.0	3.0	4.0	82.0	5.0	6.0	2.0	83.0	5.0	5.0	1.0	
736.0	84.0	5.0	12.0	2.0	85.0	5.0	3.0	5.0	86.0	5.0	15.0	4.0	
737.0	87.0	5.0	5.0	5.0	88.0	5.0	4.0	3.0	89.0	5.0	14.0	2.0	
738.0	90.0	5.0	4.0	1.0	91.0	5.0	9.0	5.0	92.0	5.0	10.0	4.0	
739.0	93.0	5.0	4.0	5.0	94.0	5.0	13.0	1.0	95.0	5.0	8.0	5.0	
740.0	96.0	5.0	15.0	3.0	97.0	5.0	9.0	3.0	98.0	5.0	15.0	2.0	
741.0	99.0	5.0	12.0	3.0	100.0	5.0	14.0	1.0	81.0	5.0	3.0	4.0	
742.0	82.0	5.0	6.0	2.0	83.0	5.0	5.0	1.0	84.0	5.0	12.0	2.0	
743.0	85.0	5.0	3.0	5.0	86.0	5.0	15.0	4.0	87.0	5.0	5.0	5.0	
744.0	88.0	5.0	4.0	3.0	89.0	5.0	14.0	2.0	90.0	5.0	4.0	1.0	
745.0	91.0	5.0	9.0	5.0	92.0	5.0	10.0	4.0	93.0	5.0	4.0	5.0	
746.0	94.0	5.0	13.0	1.0	95.0	5.0	8.0	5.0	96.0	5.0	15.0	3.0	
747.0	97.0	5.0	9.0	3.0	98.0	5.0	15.0	2.0	99.0	5.0	12.0	3.0	
748.0	100.0	5.0	14.0	1.0	81.0	5.0	3.0	4.0	82.0	5.0	6.0	2.0	
749.0	83.0	5.0	5.0	1.0	84.0	5.0	12.0	2.0	85.0	5.0	3.0	5.0	
750.0	86.0	5.0	15.0	4.0	87.0	5.0	5.0	5.0	88.0	5.0	4.0	3.0	
751.0	89.0	5.0	14.0	2.0	90.0	5.0	4.0	1.0	91.0	5.0	9.0	5.0	
752.0	92.0	5.0	10.0	4.0	93.0	5.0	4.0	5.0	94.0	5.0	13.0	1.0	
753.0	95.0	5.0	8.0	5.0	96.0	5.0	15.0	3.0	97.0	5.0	9.0	3.0	
754.0	98.0	5.0	15.0	2.0	99.0	5.0	12.0	3.0	100.0	5.0	14.0	1.0	
755.0	81.0	5.0	3.0	4.0	82.0	5.0	6.0	2.0	83.0	5.0	5.0	1.0	
756.0	84.0	5.0	12.0	2.0	85.0	5.0	3.0	5.0	86.0	5.0	15.0	4.0	
757.0	87.0	5.0	5.0	5.0	88.0	5.0	4.0	3.0	89.0	5.0	14.0	2.0	
758.0	90.0	5.0	4.0	1.0	91.0	5.0	9.0	5.0	92.0	5.0	10.0	4.0	
759.0	93.0	5.0	4.0	5.0	94.0	5.0	13.0	1.0	95.0	5.0	8.0	5.0	
760.0	96.0	5.0	15.0	3.0	97.0	5.0	9.0	3.0	98.0	5.0	15.0	2.0	
761.0	99.0	5.0	12.0	3.0	100.0	5.0	14.0	1.0	81.0	5.0	3.0	4.0	
762.0	82.0	5.0	6.0	2.0	83.0	5.0	5.0	1.0	84.0	5.0	12.0	2.0	
763.0	85.0	5.0	3.0	5.0	86.0	5.0	15.0	4.0	87.0	5.0	5.0	5.0	
764.0	88.0	5.0	4.0	3.0	89.0	5.0	14.0	2.0	90.0	5.0	4.0	1.0	
765.0	91.0	5.0	9.0	5.0	92.0	5.0	10.0	4.0	93.0	5.0	4.0	5.0	
766.0	94.0	5.0	13.0	1.0	95.0	5.0	8.0	5.0	96.0	5.0	15.0	3.0	
767.0	97.0	5.0	9.0	3.0	98.0	5.0	15.0	2.0	99.0	5.0	12.0	3.0	
768.0	100.0	5.0	14.0	1.0	81.0	5.0	3.0	4.0	82.0	5.0	6.0	2.0	
769.0	83.0	5.0	5.0	1.0	84.0	5.0	12.0	2.0	85.0	5.0	3.0	5.0	
770.0	86.0	5.0	15.0	4.0	87.0	5.0	5.0	5.0	88.0	5.0	4.0	3.0	
771.0	89.0	5.0	14.0	2.0	90.0	5.0	4.0	1.0	91.0	5.0	9.0	5.0	
772.0	92.0	5.0	10.0	4.0	93.0	5.0	4.0	5.0	94.0	5.0	13.0	1.0	
773.0	95.0	5.0	8.0	5.0	96.0	5.0	15.0	3.0	97.0	5.0	9.0	3.0	
774.0	98.0	5.0	15.0	2.0	99.0	5.0	12.0	3.0	100.0	5.0	14.0	1.0	
775.0	81.0	5.0	3.0	4.0	82.0	5.0	6.0	2.0	83.0	5.0	5.0	1.0	
776.0	84.0	5.0	12.0	2.0	85.0	5.0	3.0	5.0	86.0	5.0	15.0	4.0	
777.0	87.0	5.0	5.0	5.0	88.0	5.0	4.0	3.0	89.0	5.0	14.0	2.0	
778.0	90.0	5.0	4.0	1.0	91.0	5.0	9.0	5.0	92.0	5.0	10.0	4.0	
779.0	93.0	5.0	4.0	5.0	94.0	5.0	13.0	1.0	95.0	5.0	8.0	5.0	
780.0	96.0	5.0	15.0	3.0	97.0	5.0	9.0	3.0	98.0	5.0	15.0	2.0	
781.0	99.0	5.0	12.0	3.0	100.0	5.0	14.0	1.0	81.0	5.0	3.0	4.0	
782.0	82.0	5.0	6.0	2.0	83.0	5.0	5.0	1.0	84.0	5.0	12.0	2.0	
783.0	85.0	5.0	3.0	5.0	86.0	5.0	15.0	4.0	87.0	5.0	5.0	5.0	
784.0	88.0	5.0	4.0	3.0	89.0	5.0	14.0	2.0	90.0	5.0	4.0	1.0	
785.0	91.0	5.0	9.0	5.0	92.0	5.0	10.0	4.0	93.0	5.0	4.0	5.0	
786.0	94.0	5.0	13.0	1.0	95.0	5.0	8.0	5.0	96.0	5.0	15.0	3.0	
787.0	97.0	5.0	9.0	3.0	98.0	5.0	15.0	2.0	99.0	5.0	12.0	3.0	
788.0	100.0	5.0	14.0	1.0	81.0	5.0	3.0	4.0	82.0	5.0	6.0	2.0	
789.0	83.0	5.0	5.0	1.0	84.0	5.0	12.0	2.0	85.0	5.0	3.0	5.0	
790.0	86.0	5.0	15.0	4.0	87.0	5.0	5.0	5.0	88.0	5.0	4.0	3.0	
791.0	89.0	5.0	14.0	2.0	90.0	5.0	4.0	1.0	91.0	5.0	9.0	5.0	
792.0	92.0	5.0	10.0	4.0	93.0	5.0	4.0	5.0	94.0	5.0	13.0	1.0	
793.0	95.0	5.0	8.0	5.0	96.0	5.0	15.0	3.0	97.0	5.0	9.0	3.0	
794.0	98.0	5.0	15.0	2.0	99.0	5.0	12.0	3.0	100.0	5.0	14.0	1.0	
795.0	81.0	5.0	3.0	4.0	82.0	5.0	6.0	2.0	83.0	5.0	5.0	1.0	
796.0	84.0	5.0	12.0	2.0	85.0	5.0	3.0	5.0	86.0	5.0	15.0	4.0	
797.0	87.0	5.0	5.0	5.0	88.0	5.0	4.0	3.0	89.0	5.0	14.0	2.0	
798.0	90.0	5.0	4.0	1.0	91.0	5.0	9.0	5.0	92.0	5.0	10.0	4.0	
799.0	93.0	5.0	4.0	5.0	94.0	5.0	13.0	1.0	95.0	5.0	8.0	5.0	
800.0	96.0	5.0	15.0	3.0	97.0	5.0	9.0	3.0	98.0	5.0	15.0	2.0	
801.0	99.0	5.0	12.0	3.0	100.0	5.0	14.0	1.0	81.0	5.0	3.0	4.0	
802.0	82.0	5.0	6.0	2.0	83.0	5.0	5.0	1.0	84.0	5.0	12.0	2.0	
803.0	85.0	5.0	3.0	5.0	86.0	5.0	15.0	4.0	87.0	5.0	5.0	5.0	
804.0	88.0	5.0	4.0	3.0	89.0	5.0	14.0	2.0	90.0	5.0	4.0	1.0	
805.0	91.0	5.0	9.0	5.0	92.0	5.0	10.0	4.0	93.0	5.0	4.0	5.0	
806.0	94.0	5.0	13.0	1.0	95.0	5.0	8.0	5.0	96.0	5.0	15.0	3.0	
807.0	97.0	5.0	9.0	3.0	98.0	5.0	15.0	2.0	99.0	5.0	12.0	3.0	
808.0	100.0	5.0	14.0	1.0	81.0	5.0	3.0	4.0	82.0	5.0	6.0	2.0	
809.0	83.0	5.0	5.0	1.0	84.0	5.0	12.0	2.0	85.0	5.0	3.0	5.0	
810.0	86.0	5.0	15.0	4.0	87.0	5.0	5.0	5.0	88.0	5.0	4.0	3.0	
811.0	89.0	5.0	14.0	2.0	90.0	5.0	4.0	1.0	91.0	5.0	9.0	5.0	
812.0	92.0	5.0	10.0	4.0	93.0	5.0	4.0	5.0	94.0	5.0	13.0	1.0	
813.0	95.0	5.0	8.0	5.0	96.0	5.0	15.0	3.0	97.0	5.0	9.0	3.0	
814.0	98.0	5.0	15.0	2.0	99.0	5.0	12.0	3.0	100.0	5.0	14.0	1.0	
815.0	81.0	5.0	3.0	4.0	82.0	5.0	6.0	2.0	83.0	5.0	5.0	1.0	
816.0	84.0	5.0	12.0	2.0	85.0	5.0	3.0	5.0	86.0	5.0	15.0	4.0	
817.0	87.0	5.0	5.0	5.0	88.0	5.0	4.0	3.0	89.0	5.0	14.0	2.0	
818.0	90.0	5.0	4.0	1.0	91.0	5.0	9.0	5.0	92.0	5.0	10.0	4.0	
819.0	93.0	5.0	4.0	5.0	94.0	5.0	13.0	1.0	95.0	5.0	8.0	5.0	
820.0	96.0	5.0	15.0	3.0	97.0	5.0	9.0	3.0	98.0	5.0	15.0	2.0	
821.0	99.0	5.0	12.0	3.0	100.0	5.0	14.0	1.0	81.0	5.0	3.0	4.0	
822.0	82.0	5.0	6.0	2.0	83.0	5.0	5.0	1.0	84.0	5.0	12.0	2.0	
823.0	85.0	5.0	3.0	5.0	86.0	5.0	15.0	4.0	87.0	5.0	5.0	5.0	
824.0	88.0	5.0	4.0	3.0	89.0	5.0	14.0	2.0	90.0	5.0	4.0	1.0	
825.0	91.0	5.0	9.0	5.0	92.0	5.0	10.0	4.0	93.0	5.0	4.0	5.0	
826.0	94.0	5.0	13.0	1.0	95.0	5.0	8.0	5.0	96.0	5.0	15.0	3.0	
827.0	97.0	5.0	9.0	3.0	98.0	5.0	15.0	2.0	99.0	5.0	12.0	3.0	
828.0	100.0	5.0	14.0	1.0	81.0	5.0	3.0	4.0	82.0	5.0	6.0	2.0	
829.0	83.0	5.0	5.0	1.0	84.0	5.0	12.0	2.0	85.0	5.0	3.0	5.0	
830.0	86.0	5.0	15.0	4.0	87.0	5.0	5.0	5.0	88.0	5.0	4.0	3.0	
831.0	89.0	5.0	14.0	2.0	90.0	5.0	4.0	1.0	91.0	5.0	9.0	5.0	
832.0	92.0	5.0	10.0	4.0	93.0	5.0	4.0	5.0	94.0	5.0	13.0	1.0	
833.0	95.0	5.0	8.0	5.0	96.0	5.0	15.0	3.0	97.0	5.0	9.0	3.0	
834.0	98.0	5.0	15.0	2.0	99.0	5.0	12.0	3.0	100.0	5.0	14.0	1.0	
835.0	81.0	5.0	3.0	4.0	82.0	5.0	6.0	2.0	83.0	5.0	5.0	1.0	
836.0	84.0	5.0	12.0	2.0	85.0	5.0	3.0	5.0	86.0	5.0	15.0	4.0	
837.0	87.0	5.0	5.0	5.0	88.0	5.0	4.0	3.0	89.0	5.0	14.0	2.0	
838.0	90.0	5.0	4.0	1.0	91.0	5.0	9.0	5.0	92.0	5.0	10.0	4.0	
839.0	93.0	5.0	4.0	5.0	94.0	5.0	13.0	1.0	95.0	5.0	8.0	5.0	
840.0	96.0	5.0	15.0	3.0	97.0	5.0	9.0	3.0	98.0	5.0	15.0	2.0	
841.0	99.0	5.0	12.0	3.0	100.0	5.0	14.0	1.0	81.0	5.0	3.0	4.0	
842.0	82.0	5.0	6.0	2.0	83.0	5.0	5.0	1.0	84.0	5.0	12.0	2.0	
843.0	85.0	5.0	3.0	5.0	86.0	5.0	15.0	4.0	87.0	5.0	5.0	5.0	
844.0	88.0	5.0	4.0	3.0	89.0	5.0	14.0	2.0	90.0	5.0	4.0	1.0	
845.0	91.0	5.0	9.0	5.0	92.0	5.0	10.0	4.0	93.0	5.0	4.0	5.0	
846.0	94.0	5.0	13.0	1.0	95.0	5.0	8.0	5.0	96.0	5.0	15.0	3.0	
847.0	97.0	5.0	9.0	3.0	98.0	5.0	15.0	2.0	99.0	5.0	12.0	3.0	
848.0	100.0	5.0	14.0	1.0	81.0	5.0	3.0	4.0	82.0	5.0	6.0	2.0	
849.0	83.0	5.0	5.0	1.0	84.0	5.0	12.0	2.0	85.0	5.0	3.0	5.0	
850.0	86.0	5.0	15.0	4.0	87.0	5.0	5.0	5.0	88.0	5.0	4.0	3.0	
851.0	89.0	5.0	14.0	2.0	90.0	5.0	4.0	1.0	91.0	5.0	9.0	5.0	
852.0	92.0	5.0	10.0	4.0	93.0	5.0	4.0	5.0	94.0	5.0	13.0	1.0	
853.0	95.0	5.0	8.0	5.0	96.0	5.0	15.0	3.0	97.0	5.0	9.0	3.0	
854.0	98.0	5.0	15.0	2.0	99.0	5.0	12.0	3.0	100.0	5.0	14.0	1.0	
855.0	81.0	5.0	3.0	4.0	82.0	5.0	6.0	2.0	83.0	5.0	5.0	1.0	
856.0	84.0	5.0	12.0	2.0	85.0	5.0	3.0	5.0	86.0	5.0	15.0	4.0	
857.0	87.0	5.0	5.0	5.0	88.0	5.0	4.0	3.0	89.0	5.0	14.0	2.0	
858.0	90.0	5.0	4.0	1.0	91.0	5.0	9.0	5.0	92.0	5.0	10.0	4.0	
859.0	93.0	5.0	4.0	5.0	94.0	5.0	13.0	1.0	95.0	5.0	8.0	5.0	
860.0	96.0	5.0	15.0	3.0	97.0	5.0	9.0	3.0	98.0	5.0	15.0	2.0	
861.0	99.0	5.0	12.0	3.0	100.0	5.0	14.0	1.0	81.0	5.0	3.0	4.0	
862.0	82.0	5.0	6.0	2.0	83.0	5.0	5.0	1.0	84.0	5.0	12.0	2.0	
863.0	85.0	5.0	3.0	5.0	86.0	5.0	15.0	4.0	87.0	5.0	5.0	5.0	
864.0	88.0	5.0	4.0	3.0	89.0	5.0	14.0	2.0	90.0	5.0	4.0	1.0	
865.0	91.0	5.0	9.0	5.0	92.0	5.0	10.0	4.0	93.0	5.0	4.0	5.0	
866.0	94.0	5.0	13.0	1.0	95.0	5.0	8.0	5.0	96.0	5.0	15.0	3.0	
867.0	97.0	5.0	9.0	3.0	98.0	5.0	15.0	2.0	99.0	5.0	12.0	3.0	
868.0	100.0	5.0	14.0	1.0	81.0	5.0	3.0	4.0	82.0	5.0	6.0	2.0	
869.0	83.0	5.0	5.0	1.0	84.0	5.0	12.0	2.0	85.0	5.0	3.0	5.0	
870.0	86.0	5.0	15.0	4.0	87.0	5.0	5.0	5.0	88.0	5.0	4.0	3.0	
871.0	89.0	5.0	14.0	2.0	90.0	5.0	4.0	1.0	91.0	5.0	9.0	5.0	
872.0	92.0	5.0	10.0	4.0	93.0	5.0	4.0	5.0	94.0	5.0	13.0	1.0	
873.0	95.0	5.0	8.0	5.0	96.0	5.0	15.0	3.0	97.0	5.0	9.0	3.0	
874.0	98.0	5.0	15.0	2.0	99.0	5.0	12.0	3.0	100.0	5.0	14.0	1.0	
875.0	81.0	5.0	3.0	4.0	82.0	5.0	6.0	2.0	83.0	5.0	5.0	1.0	
876.0	84.0	5.0	12.0	2.0	85.0	5.0	3.0	5.0	86.0	5.0	15.0	4.0	
877.0	87.0	5.0	5.0	5.0	88.0	5.0	4.0	3.0	89.0	5.0	14.0	2.0	
878.0	90.0	5.0	4.0	1.0	91.0	5.0	9.0	5.0	92.0	5.0	10.0	4.0	
879.0	93.0	5.0	4.0	5.0	94.0	5.0	13.0	1.0	95.0	5.0	8.0	5.0	
880.0	96.0	5.0	15.0	3.0	97.0	5.0	9.0	3.0	98.0	5.0	15.0	2.0	
881.0	99.0	5.0	12.0	3.0	100.0	5.0	14.0	1.0	81.0	5.0	3.0	4.0	
882.0	82.0	5.0	6.0	2.0	83.0	5.0	5.0	1.0	84.0	5.0	12.0	2.0	
883.0	85.0	5.0	3.0	5.0	86.0	5.0	15.0	4.0	87.0	5.0	5.0	5.0	
884.0	88.0	5.0	4.0	3.0	89.0	5.0	14.0	2.0	90.0	5.0	4.0	1.0	
885.0	91.0	5.0	9.0	5.0	92.0	5.0	10.0	4.0	93.0	5.0	4.0	5.0	
886.0	94.0	5.0	13.0	1.0	95.0	5.0	8.0	5.0	96.0	5.0	15.0	3.0	
887.0	97.0	5.0	9.0	3.0	98.0	5.0	15.0	2.0	99.0	5.0	12.0	3.0	
888.0	100.0	5.0	14.0	1.0	81.0	5.0	3.0	4.0	82.0	5.0	6.0	2.0	
889.0	83.0	5.0	5.0	1.0	84.0	5.0	12.0	2.0	85.0	5.0	3.0	5.0	
890.0	86.0	5.0	15.0	4.0	87.0	5.0	5.0	5.0	88.0	5.0	4.0	3.0	
891.0	89.0	5.0	14.0	2.0	90.0	5.0	4.0	1.0	91.0	5.0	9.0	5.0	
892.0	92.0	5.0	10.0	4.0	93.0	5.0	4.0	5.0	94.0	5.0	13.0	1.0	
893.0	95.0	5.0	8.0	5.0	96.0	5.0	15.0	3.0	97.0	5.0	9.0	3.0	
894.0	98.0	5.0	15.0	2.0	99.0	5.0	12.0	3.0	100.0	5.0	14.0	1.0	
895.0	81.0	5.0	3.0	4.0	82.0	5.0	6.0	2.0	83.0	5.0	5.0	1.0	
896.0	84.0	5.0	12.0	2.0	85.0	5.0	3.0	5.0	86.0	5.0	15.0	4.0	
897.0	87.0	5.0	5.0	5.0	88.0	5.0	4.0	3.0	89.0	5.0	14.0	2.0	
898.0	90.0	5.0	4.0	1.0	91.0	5.0	9.0	5.0	92.0	5.0	10.0	4.0	
899.0	93.0	5.0	4.0	5.0	94.0	5.0	13.0	1.0	95.0	5.0	8.0	5.0	
900.0	96.0	5.0	15.0	3.0	97.0	5.0	9.0	3.0	98.0	5.0	15.0	2.0	
901.0	99.0	5.0	12.0	3.0	100.0	5.0	14.0	1.0	81.0	5.0	3.0	4.0	
902.0	82.0	5.0	6.0	2.0	83.0	5.0	5.0	1.0	84.0	5.0	12.0	2.0	
903.0	85.0	5.0	3.0	5.0	86.0	5.0	15.0	4.0	87.0	5.0	5.0	5.0	
904.0	88.0	5.0	4.0	3.0	89.0	5.0	14.0	2.0	90.0	5.0	4.0	1.0	
905.0	91.0	5.0	9.0	5.0	92.0	5.0	10.0	4.0	93.0	5.0	4.0	5.0	
906.0	94.0	5.0	13.0	1.0	95.0	5.0	8.0	5.0	96.0	5.0	15.0	3.0	
907.0	97.0	5.0	9.0	3.0	98.0	5.0	15.0	2.0	99.0	5.0	12.0	3.0	
908.0	100.0	5.0	14.0	1.0	81.0	5.0	3.0	4.0	82.0	5.0	6.0	2.0	
909.0	83.0	5.0	5.0	1.0	84.0	5.0	12.0	2.0	85.0	5.0	3.0	5.0	
910.0	86.0	5.0	15.0	4.0	87.0	5.0	5.0	5.0	88.0	5.0	4.0	3.0	
911.0	89.0	5.0	14.0	2.0	90.0	5.0	4.0	1.0	91.0	5.0	9.0	5.0	
912.0	92.0	5.0	10.0	4.0	93.0	5.0	4.0	5.0	94.0	5.0	13.0	1.0	
913.0	66.0	4.0	12.0	5.0	67.0	4.0	3.0	3.0	68.0	4.0	5.0	3.0	
914.0	69.0	4.0	12.0	2.0	70.0	4.0	11.0	5.0	71.0	4.0	11.0	3.0	
915.0	72.0	4.0	11.0	2.0	73.0	4.0	13.0	3.0	74.0	4.0	1.0	3.0	
916.0	75.0	4.0	8.0	5.0	76.0	4.0	6.0	4.0	77.0	4.0	8.0	2.0	
917.0	78.0	4.0	8.0	1.0	79.0	4.0	7.0	3.0	80.0	4.0	3.0	1.0	
918.0	61.0	4.0	12.0	4.0	62.0	4.0	7.0	4.0	63.0	4.0	15.0	1.0	
919.0	64.0	4.0	4.0	2.0	65.0	4.0	11.0	2.0	66.0	4.0	12.0	5.0	
920.0	67.0	4.0	3.0	3.0	68.0	4.0	5.0	3.0	69.0	4.0	12.0	2.0	
921.0	70.0	4.0	11.0	5.0	71.0	4.0	11.0	3.0	72.0	4.0	11.0	2.0	
922.0	73.0	4.0	13.0	3.0	74.0	4.0	1.0	3.0	75.0	4.0	8.0	5.0	
923.0	76.0	4.0	6.0	4.0	77.0	4.0	8.0	2.0	78.0	4.0	8.0	1.0	
924.0	79.0	4.0	7.0	3.0	80.0	4.0	3.0	1.0	61.0	4.0	12.0	4.0	
925.0	62.0	4.0	7.0	4.0	63.0	4.0	15.0	1.0	64.0	4.0	4.0	2.0	
926.0	65.0	4.0	11.0	2.0	66.0	4.0	12.0	5.0	67.0	4.0	3.0	3.0	
927.0	68.0	4.0	5.0	3.0	69.0	4.0	12.0	2.0	70.0	4.0	11.0	5.0	
928.0	71.0	4.0	11.0	3.0	72.0	4.0	11.0	2.0	73.0	4.0	13.0	3.0	
929.0	74.0	4.0	1.0	3.0	75.0	4.0	8.0	5.0	76.0	4.0	6.0	4.0	
930.0	77.0	4.0	8.0	2.0	78.0	4.0	8.0	1.0	79.0	4.0	7.0	3.0	
931.0	80.0	4.0	3.0	1.0	61.0	4.0	12.0	4.0	62.0	4.0	7.0	4.0	
932.0	63.0	4.0	15.0	1.0	64.0	4.0	4.0	2.0	65.0	4.0	11.0	2.0	
933.0	66.0	4.0	12.0	5.0	67.0	4.0	3.0	3.0	68.0	4.0	5.0	3.0	
934.0	69.0	4.0	12.0	2.0	70.0	4.0	11.0	5.0	71.0	4.0	11.0	3.0	
935.0	72.0	4.0	11.0	2.0	73.0	4.0	13.0	3.0	74.0	4.0	1.0	3.0	
936.0	75.0	4.0	8.0	5.0	76.0	4.0	6.0	4.0	77.0	4.0	8.0	2.0	
937.0	78.0	4.0	8.0	1.0	79.0	4.0	7.0	3.0	80.0	4.0	3.0	1.0	
938.0	61.0	4.0	12.0	4.0	62.0	4.0	7.0	4.0	63.0	4.0	15.0	1.0	
939.0	64.0	4.0	4.0	2.0	65.0	4.0	11.0	2.0	66.0	4.0	12.0	5.0	
940.0	67.0	4.0	3.0	3.0	68.0	4.0	5.0	3.0	69.0	4.0	12.0	2.0	
941.0	70.0	4.0	11.0	5.0	71.0	4.0	11.0	3.0	72.0	4.0	11.0	2.0	
942.0	73.0	4.0	13.0	3.0	74.0	4.0	1.0	3.0	75.0	4.0	8.0	5.0	
943.0	76.0	4.0	6.0	4.0	77.0	4.0	8.0	2.0	78.0	4.0	8.0	1.0	
944.0	79.0	4.0	7.0	3.0	80.0	4.0	3.0	1.0	61.0	4.0	12.0	4.0	
945.0	62.0	4.0	7.0	4.0	63.0	4.0	15.0	1.0	64.0	4.0	4.0	2.0	
946.0	65.0	4.0	11.0	2.0	66.0	4.0	12.0	5.0	67.0	4.0	3.0	3.0	
947.0	68.0	4.0	5.0	3.0	69.0	4.0	12.0	2.0	70.0	4.0	11.0	5.0	
948.0	71.0	4.0	11.0	3.0	72.0	4.0	11.0	2.0	73.0	4.0	13.0	3.0	
949.0	74.0	4.0	1.0	3.0	75.0	4.0	8.0	5.0	76.0	4.0	6.0	4.0	
950.0	77.0	4.0	8.0	2.0	78.0	4.0	8.0	1.0	79.0	4.0	7.0	3.0	
951.0	80.0	4.0	3.0	1.0	61.0	4.0	12.0	4.0	62.0	4.0	7.0	4.0	
952.0	63.0	4.0	15.0	1.0	64.0	4.0	4.0	2.0	65.0	4.0	11.0	2.0	
953.0	66.0	4.0	12.0	5.0	67.0	4.0	3.0	3.0	68.0	4.0	5.0	3.0	
954.0	69.0	4.0	12.0	2.0	70.0	4.0	11.0	5.0	71.0	4.0	11.0	3.0	
955.0	72.0	4.0	11.0	2.0	73.0	4.0	13.0	3.0	74.0	4.0	1.0	3.0	
956.0	75.0	4.0	8.0	5.0	76.0	4.0	6.0	4.0	77.0	4.0	8.0	2.0	
957.0	78.0	4.0	8.0	1.0	79.0	4.0	7.0	3.0	80.0	4.0	3.0	1.0	
958.0	61.0	4.0	12.0	4.0	62.0	4.0	7.0	4.0	63.0	4.0	15.0	1.0	
959.0	64.0	4.0	4.0	2.0	65.0	4.0	11.0	2.0	66.0	4.0	12.0	5.0	
960.0	67.0	4.0	3.0	3.0	68.0	4.0	5.0	3.0	69.0	4.0	12.0	2.0	
961.0	70.0	4.0	11.0	5.0	71.0	4.0	11.0	3.0	72.0	4.0	11.0	2.0	
962.0	73.0	4.0	13.0	3.0	74.0	4.0	1.0	3.0	75.0	4.0	8.0	5.0	
963.0	76.0	4.0	6.0	4.0	77.0	4.0	8.0	2.0	78.0	4.0	8.0	1.0	
964.0	79.0	4.0	7.0	3.0	80.0	4.0	3.0	1.0	61.0	4.0	12.0	4.0	
965.0	62.0	4.0	7.0	4.0	63.0	4.0	15.0	1.0	64.0	4.0	4.0	2.0	
966.0	65.0	4.0	11.0	2.0	66.0	4.0	12.0	5.0	67.0	4.0	3.0	3.0	
967.0	68.0	4.0	5.0	3.0	69.0	4.0	12.0	2.0	70.0	4.0	11.0	5.0	
968.0	71.0	4.0	11.0	3.0	72.0	4.0	11.0	2.0	73.0	4.0	13.0	3.0	
969.0	74.0	4.0	1.0	3.0	75.0	4.0	8.0	5.0	76.0	4.0	6.0	4.0	
970.0	77.0	4.0	8.0	2.0	78.0	4.0	8.0	1.0	79.0	4.0	7.0	3.0	
971.0	80.0	4.0	3.0	1.0	61.0	4.0	12.0	4.0	62.0	4.0	7.0	4.0	
972.0	63.0	4.0	15.0	1.0	64.0	4.0	4.0	2.0	65.0	4.0	11.0	2.0	
973.0	66.0	4.0	12.0	5.0	67.0	4.0	3.0	3.0	68.0	4.0	5.0	3.0	
974.0	69.0	4.0	12.0	2.0	70.0	4.0	11.0	5.0	71.0	4.0	11.0	3.0	
975.0	72.0	4.0	11.0	2.0	73.0	4.0	13.0	3.0	74.0	4.0	1.0	3.0	
976.0	75.0	4.0	8.0	5.0	76.0	4.0	6.0	4.0	77.0	4.0	8.0	2.0	
977.0	78.0	4.0	8.0	1.0	79.0	4.0	7.0	3.0	80.0	4.0	3.0	1.0	
978.0	61.0	4.0	12.0	4.0	62.0	4.0	7.0	4.0	63.0	4.0	15.0	1.0	
979.0	64.0	4.0	4.0	2.0	65.0	4.0	11.0	2.0	66.0	4.0	12.0	5.0	
980.0	67.0	4.0	3.0	3.0	68.0	4.0	5.0	3.0	69.0	4.0	12.0	2.0	
981.0	70.0	4.0	11.0	5.0	71.0	4.0	11.0	3.0	72.0	4.0	11.0	2.0	
982.0	73.0	4.0	13.0	3.0	74.0	4.0	1.0	3.0	75.0	4.0	8.0	5.0	
983.0	76.0	4.0	6.0	4.0	77.0	4.0	8.0	2.0	78.0	4.0	8.0	1.0	
984.0	79.0	4.0	7.0	3.0	80.0	4.0	3.0	1.0	61.0	4.0	12.0	4.0	
985.0	62.0	4.0	7.0	4.0	63.0	4.0	15.0	1.0	64.0	4.0	4.0	2.0	
986.0	65.0	4.0	11.0	2.0	66.0	4.0	12.0	5.0	67.0	4.0	3.0	3.0	
987.0	68.0	4.0	5.0	3.0	69.0	4.0	12.0	2.0	70.0	4.0	11.0	5.0	
988.0	71.0	4.0	11.0	3.0	72.0	4.0	11.0	2.0	73.0	4.0	13.0	3.0	
989.0	74.0	4.0	1.0	3.0	75.0	4.0	8.0	5.0	76.0	4.0	6.0	4.0	
990.0	77.0	4.0	8.0	2.0	78.0	4.0	8.0	1.0	79.0	4.0	7.0	3.0	
991.0	80.0	4.0	3.0	1.0	61.0	4.0	12.0	4.0	62.0	4.0	7.0	4.0	
992.0	63.0	4.0	15.0	1.0	64.0	4.0	4.0	2.0	65.0	4.0	11.0	2.0	
993.0	66.0	4.0	12.0	5.0	67.0	4.0	3.0	3.0	68.0	4.0	5.0	3.0	
994.0	69.0	4.0	12.0	2.0	70.0	4.0	11.0	5.0	71.0	4.0	11.0	3.0	
995.0	72.0	4.0	11.0	2.0	73.0	4.0	13.0	3.0	74.0	4.0	1.0	3.0	
996.0	75.0	4.0	8.0	5.0	76.0	4.0	6.0	4.0	77.0	4.0	8.0	2.0	
997.0	78.0	4.0	8.0	1.0	79.0	4.0	7.0	3.0	80.0	4.0	3.0	1.0	
998.0	61.0	4.0	12.0	4.0	62.0	4.0	7.0	4.0	63.0	4.0	15.0	1.0	
999.0	64.0	4.0	4.0	2.0	65.0	4.0	11.0	2.0	66.0	4.0	12.0	5.0	
1000.0	67.0	4.0	3.0	3.0	68.0	4.0	5.0	3.0	69.0	4.0	12.0	2.0	
1001.0	70.0	4.0	11.0	5.0	71.0	4.0	11.0	3.0	72.0	4.0	11.0	2.0	
1002.0	73.0	4.0	13.0	3.0	74.0	4.0	1.0	3.0	75.0	4.0	8.0	5.0	
1003.0	76.0	4.0	6.0	4.0	77.0	4.0	8.0	2.0	78.0	4.0	8.0	1.0	
1004.0	79.0	4.0	7.0	3.0	80.0	4.0	3.0	1.0	61.0	4.0	12.0	4.0	
1005.0	62.0	4.0	7.0	4.0	63.0	4.0	15.0	1.0	64.0	4.0	4.0	2.0	
1006.0	65.0	4.0	11.0	2.0	66.0	4.0	12.0	5.0	67.0	4.0	3.0	3.0	
1007.0	68.0	4.0	5.0	3.0	69.0	4.0	12.0	2.0	70.0	4.0	11.0	5.0	
1008.0	71.0	4.0	11.0	3.0	72.0	4.0	11.0	2.0	73.0	4.0	13.0	3.0	
1009.0	74.0	4.0	1.0	3.0	75.0	4.0	8.0	5.0	76.0	4.0	6.0	4.0	
1010.0	77.0	4.0	8.0	2.0	78.0	4.0	8.0	1.0	79.0	4.0	7.0	3.0	
1011.0	80.0	4.0	3.0	1.0	61.0	4.0	12.0	4.0	62.0	4.0	7.0	4.0	
1012.0	63.0	4.0	15.0	1.0	64.0	4.0	4.0	2.0	65.0	4.0	11.0	2.0	
1013.0	66.0	4.0	12.0	5.0	67.0	4.0	3.0	3.0	68.0	4.0	5.0	3.0	
1014.0	69.0	4.0	12.0	2.0	70.0	4.0	11.0	5.0	71.0	4.0	11.0	3.0	
1015.0	72.0	4.0	11.0	2.0	73.0	4.0	13.0	3.0	74.0	4.0	1.0	3.0	
1016.0	75.0	4.0	8.0	5.0	76.0	4.0	6.0	4.0	77.0	4.0	8.0	2.0	
1017.0	78.0	4.0	8.0	1.0	79.0	4.0	7.0	3.0	80.0	4.0	3.0	1.0	
1018.0	61.0	4.0	12.0	4.0	62.0	4.0	7.0	4.0	63.0	4.0	15.0	1.0	
1019.0	64.0	4.0	4.0	2.0	65.0	4.0	11.0	2.0	66.0	4.0	12.0	5.0	
1020.0	67.0	4.0	3.0	3.0	68.0	4.0	5.0	3.0	69.0	4.0	12.0	2.0	
1021.0	70.0	4.0	11.0	5.0	71.0	4.0	11.0	3.0	72.0	4.0	11.0	2.0	
1022.0	73.0	4.0	13.0	3.0	74.0	4.0	1.0	3.0	75.0	4.0	8.0	5.0	
1023.0	76.0	4.0	6.0	4.0	77.0	4.0	8.0	2.0	78.0	4.0	8.0	1.0	
1024.0	79.0	4.0	7.0	3.0	80.0	4.0	3.0	1.0	61.0	4.0	12.0	4.0	
1025.0	62.0	4.0	7.0	4.0	63.0	4.0	15.0	1.0	64.0	4.0	4.0	2.0	
1026.0	65.0	4.0	11.0	2.0	66.0	4.0	12.0	5.0	67.0	4.0	3.0	3.0	
1027.0	68.0	4.0	5.0	3.0	69.0	4.0	12.0	2.0	70.0	4.0	11.0	5.0	
1028.0	71.0	4.0	11.0	3.0	72.0	4.0	11.0	2.0	73.0	4.0	13.0	3.0	
1029.0	74.0	4.0	1.0	3.0	75.0	4.0	8.0	5.0	76.0	4.0	6.0	4.0	
1030.0	77.0	4.0	8.0	2.0	78.0	4.0	8.0	1.0	79.0	4.0	7.0	3.0	
1031.0	80.0	4.0	3.0	1.0	61.0	4.0	12.0	4.0	62.0	4.0	7.0	4.0	
1032.0	63.0	4.0	15.0	1.0	64.0	4.0	4.0	2.0	65.0	4.0	11.0	2.0	
1033.0	66.0	4.0	12.0	5.0	67.0	4.0	3.0	3.0	68.0	4.0	5.0	3.0	
1034.0	69.0	4.0	12.0	2.0	70.0	4.0	11.0	5.0	71.0	4.0	11.0	3.0	
1035.0	72.0	4.0	11.0	2.0	73.0	4.0	13.0	3.0	74.0	4.0	1.0	3.0	
1036.0	75.0	4.0	8.0	5.0	76.0	4.0	6.0	4.0	77.0	4.0	8.0	2.0	
1037.0	78.0	4.0	8.0	1.0	79.0	4.0	7.0	3.0	80.0	4.0	3.0	1.0	
1038.0	61.0	4.0	12.0	4.0	62.0	4.0	7.0	4.0	63.0	4.0	15.0	1.0	
1039.0	64.0	4.0	4.0	2.0	65.0	4.0	11.0	2.0	66.0	4.0	12.0	5.0	
1040.0	67.0	4.0	3.0	3.0	68.0	4.0	5.0	3.0	69.0	4.0	12.0	2.0	
1041.0	70.0	4.0	11.0	5.0	71.0	4.0	11.0	3.0	72.0	4.0	11.0	2.0	
1042.0	73.0	4.0	13.0	3.0	74.0	4.0	1.0	3.0	75.0	4.0	8.0	5.0	
1043.0	76.0	4.0	6.0	4.0	77.0	4.0	8.0	2.0	78.0	4.0	8.0	1.0	
1044.0	79.0	4.0	7.0	3.0	80.0	4.0	3.0	1.0	61.0	4.0	12.0	4.0	
1045.0	62.0	4.0	7.0	4.0	63.0	4.0	15.0	1.0	64.0	4.0	4.0	2.0	
1046.0	65.0	4.0	11.0	2.0	66.0	4.0	12.0	5.0	67.0	4.0	3.0	3.0	
1047.0	68.0	4.0	5.0	3.0	69.0	4.0	12.0	2.0	70.0	4.0	11.0	5.0	
1048.0	71.0	4.0	11.0	3.0	72.0	4.0	11.0	2.0	73.0	4.0	13.0	3.0	
1049.0	74.0	4.0	1.0	3.0	75.0	4.0	8.0	5.0	76.0	4.0	6.0	4.0	
1050.0	77.0	4.0	8.0	2.0	78.0	4.0	8.0	1.0	79.0	4.0	7.0	3.0	
1051.0	80.0	4.0	3.0	1.0	61.0	4.0	12.0	4.0	62.0	4.0	7.0	4.0	
1052.0	63.0	4.0	15.0	1.0	64.0	4.0	4.0	2.0	65.0	4.0	11.0	2.0	
1053.0	66.0	4.0	12.0	5.0	67.0	4.0	3.0	3.0	68.0	4.0	5.0	3.0	
1054.0	69.0	4.0	12.0	2.0	70.0	4.0	11.0	5.0	71.0	4.0	11.0	3.0	
1055.0	72.0	4.0	11.0	2.0	73.0	4.0	13.0	3.0	74.0	4.0	1.0	3.0	
1056.0	75.0	4.0	8.0	5.0	76.0	4.0	6.0	4.0	77.0	4.0	8.0	2.0	
1057.0	78.0	4.0	8.0	1.0	79.0	4.0	7.0	3.0	80.0	4.0	3.0	1.0	
1058.0	61.0	4.0	12.0	4.0	62.0	4.0	7.0	4.0	63.0	4.0	15.0	1.0	
1059.0	64.0	4.0	4.0	2.0	65.0	4.0	11.0	2.0	66.0	4.0	12.0	5.0	
1060.0	67.0	4.0	3.0	3.0	68.0	4.0	5.0	3.0	69.0	4.0	12.0	2.0	
1061.0	70.0	4.0	11.0	5.0	71.0	4.0	11.0	3.0	72.0	4.0	11.0	2.0	
1062.0	73.0	4.0	13.0	3.0	74.0	4.0	1.0	3.0	75.0	4.0	8.0	5.0	
1063.0	76.0	4.0	6.0	4.0	77.0	4.0	8.0	2.0	78.0	4.0	8.0	1.0	
1064.0	79.0	4.0	7.0	3.0	80.0	4.0	3.0	1.0	61.0	4.0	12.0	4.0	
1065.0	62.0	4.0	7.0	4.0	63.0	4.0	15.0	1.0	64.0	4.0	4.0	2.0	
1066.0	65.0	4.0	11.0	2.0	66.0	4.0	12.0	5.0	67.0	4.0	3.0	3.0	
1067.0	68.0	4.0	5.0	3.0	69.0	4.0	12.0	2.0	70.0	4.0	11.0	5.0	
1068.0	71.0	4.0	11.0	3.0	72.0	4.0	11.0	2.0	73.0	4.0	13.0	3.0	
1069.0	74.0	4.0	1.0	3.0	75.0	4.0	8.0	5.0	76.0	4.0	6.0	4.0	
1070.0	77.0	4.0	8.0	2.0	78.0	4.0	8.0	1.0	79.0	4.0	7.0	3.0	
1071.0	80.0	4.0	3.0	1.0	61.0	4.0	12.0	4.0	62.0	4.0	7.0	4.0	
1072.0	63.0	4.0	15.0	1.0	64.0	4.0	4.0	2.0	65.0	4.0	11.0	2.0	
1073.0	66.0	4.0	12.0	5.0	67.0	4.0	3.0	3.0	68.0	4.0	5.0	3.0	
1074.0	69.0	4.0	12.0	2.0	70.0	4.0	11.0	5.0	71.0	4.0	11.0	3.0	
1075.0	72.0	4.0	11.0	2.0	73.0	4.0	13.0	3.0	74.0	4.0	1.0	3.0	
1076.0	75.0	4.0	8.0	5.0	76.0	4.0	6.0	4.0	77.0	4.0	8.0	2.0	
1077.0	78.0	4.0	8.0	1.0	79.0	4.0	7.0	3.0	80.0	4.0	3.0	1.0	
1078.0	61.0	4.0	12.0	4.0	62.0	4.0	7.0	4.0	63.0	4.0	15.0	1.0	
1079.0	64.0	4.0	4.0	2.0	65.0	4.0	11.0	2.0	66.0	4.0	12.0	5.0	
1080.0	67.0	4.0	3.0	3.0	68.0	4.0	5.0	3.0	69.0	4.0	12.0	2.0	
1081.0	70.0	4.0	11.0	5.0	71.0	4.0	11.0	3.0	72.0	4.0	11.0	2.0	
1082.0	73.0	4.0	13.0	3.0	74.0	4.0	1.0	3.0	75.0	4.0	8.0	5.0	
1083.0	76.0	4.0	6.0	4.0	77.0	4.0	8.0	2.0	78.0	4.0	8.0	1.0	
1084.0	79.0	4.0	7.0	3.0	80.0	4.0	3.0	1.0	61.0	4.0	12.0	4.0	
1085.0	62.0	4.0	7.0	4.0	63.0	4.0	15.0	1.0	64.0	4.0	4.0	2.0	
1086.0	65.0	4.0	11.0	2.0	66.0	4.0	12.0	5.0	67.0	4.0	3.0	3.0	
1087.0	68.0	4.0	5.0	3.0	69.0	4.0	12.0	2.0	70.0	4.0	11.0	5.0	
1088.0	71.0	4.0	11.0	3.0	72.0	4.0	11.0	2.0	73.0	4.0	13.0	3.0	
1089.0	74.0	4.0	1.0	3.0	75.0	4.0	8.0	5.0	76.0	4.0	6.0	4.0	
1090.0	77.0	4.0	8.0	2.0	78.0	4.0	8.0	1.0	79.0	4.0	7.0	3.0	
1091.0	80.0	4.0	3.0	1.0	61.0	4.0	12.0	4.0	62.0	4.0	7.0	4.0	
1092.0	63.0	4.0	15.0	1.0	64.0	4.0	4.0	2.0	65.0	4.0	11.0	2.0	
1093.0	66.0	4.0	12.0	5.0	67.0	4.0	3.0	3.0	68.0	4.0	5.0	3.0	
1094.0	69.0	4.0	12.0	2.0	70.0	4.0	11.0	5.0	71.0	4.0	11.0	3.0	
1095.0	72.0	4.0	11.0	2.0	73.0	4.0	13.0	3.0	74.0	4.0	1.0	3.0	
1096.0	75.0	4.0	8.0	5.0	76.0	4.0	6.0	4.0	77.0	4.0	8.0	2.0	
1097.0	78.0	4.0	8.0	1.0	79.0	4.0	7.0	3.0	80.0	4.0	3.0	1.0	
1098.0	61.0	4.0	12.0	4.0	62.0	4.0	7.0	4.0	63.0	4.0	15.0	1.0	
1099.0	64.0	4.0	4.0	2.0	65.0	4.0	11.0	2.0	66.0	4.0	12.0	5.0	
1100.0	67.0	4.0	3.0	3.0	68.0	4.0	5.0	3.0	69.0	4.0	12.0	2.0	
1101.0	70.0	4.0	11.0	5.0	71.0	4.0	11.0	3.0	72.0	4.0	11.0	2.0	
1102.0	73.0	4.0	13.0	3.0	74.0	4.0	1.0	3.0	75.0	4.0	8.0	5.0	
1103.0	76.0	4.0	6.0	4.0	77.0	4.0	8.0	2.0	78.0	4.0	8.0	1.0	
1104.0	79.0	4.0	7.0	3.0	80.0	4.0	3.0	1.0	61.0	4.0	12.0	4.0	
1105.0	62.0	4.0	7.0	4.0	63.0	4.0	15.0	1.0	64.0	4.0	4.0	2.0	
1106.0	65.0	4.0	11.0	2.0	66.0	4.0	12.0	5.0	67.0	4.0	3.0	3.0	
1107.0	68.0	4.0	5.0	3.0	69.0	4.0	12.0	2.0	70.0	4.0	11.0	5.0	
1108.0	71.0	4.0	11.0	3.0	72.0	4.0	11.0	2.0	73.0	4.0	13.0	3.0	
1109.0	74.0	4.0	1.0	3.0	75.0	4.0	8.0	5.0	76.0	4.0	6.0	4.0	
1110.0	77.0	4.0	8.0	2.0	78.0	4.0	8.0	1.0	79.0	4.0	7.0	3.0	
1111.0	80.0	4.0	3.0	1.0	61.0	4.0	12.0	4.0	62.0	4.0	7.0	4.0	
1112.0	63.0	4.0	15.0	1.0	64.0	4.0	4.0	2.0	65.0	4.0	11.0	2.0	
1113.0	66.0	4.0	12.0	5.0	67.0	4.0	3.0	3.0	68.0	4.0	5.0	3.0	
1114.0	69.0	4.0	12.0	2.0	70.0	4.0	11.0	5.0	71.0	4.0	11.0	3.0	
1115.0	72.0	4.0	11.0	2.0	73.0	4.0	13.0	3.0	74.0	4.0	1.0	3.0	
1116.0	75.0	4.0	8.0	5.0	76.0	4.0	6.0	4.0	77.0	4.0	8.0	2.0	
1117.0	78.0	4.0	8.0	1.0	79.0	4.0	7.0	3.0	80.0	4.0	3.0	1.0	
1118.0	61.0	4.0	12.0	4.0	62.0	4.0	7.0	4.0	63.0	4.0	15.0	1.0	
1119.0	64.0	4.0	4.0	2.0	65.0	4.0	11.0	2.0	66.0	4.0	12.0	5.0	
1120.0	67.0	4.0	3.0	3.0	68.0	4.0	5.0	3.0	69.0	4.0	12.0	2.0	
1121.0	70.0	4.0	11.0	5.0	71.0	4.0	11.0	3.0	72.0	4.0	11.0	2.0	
1122.0	73.0	4.0	13.0	3.0	74.0	4.0	1.0	3.0	75.0	4.0	8.0	5.0	
1123.0	76.0	4.0	6.0	4.0	77.0	4.0	8.0	2.0	78.0	4.0	8.0	1.0	
1124.0	79.0	4.0	7.0	3.0	80.0	4.0	3.0	1.0	61.0	4.0	12.0	4.0	
1125.0	62.0	4.0	7.0	4.0	63.0	4.0	15.0	1.0	64.0	4.0	4.0	2.0	
1126.0	65.0	4.0	11.0	2.0	66.0	4.0	12.0	5.0	67.0	4.0	3.0	3.0	
1127.0	68.0	4.0	5.0	3.0	69.0	4.0	12.0	2.0	70.0	4.0	11.0	5.0	
1128.0	71.0	4.0	11.0	3.0	72.0	4.0	11.0	2.0	73.0	4.0	13.0	3.0	
1129.0	74.0	4.0	1.0	3.0	75.0	4.0	8.0	5.0	76.0	4.0	6.0	4.0	
1130.0	77.0	4.0	8.0	2.0	78.0	4.0	8.0	1.0	79.0	4.0	7.0	3.0	
1131.0	80.0	4.0	3.0	1.0	61.0	4.0	12.0	4.0	62.0	4.0	7.0	4.0	
1132.0	63.0	4.0	15.0	1.0	64.0	4.0	4.0	2.0	65.0	4.0	11.0	2.0	
1133.0	66.0	4.0	12.0	5.0	67.0	4.0	3.0	3.0	68.0	4.0	5.0	3.0	
1134.0	69.0	4.0	12.0	2.0	70.0	4.0	11.0	5.0	71.0	4.0	11.0	3.0	
1135.0	72.0	4.0	11.0	2.0	73.0	4.0	13.0	3.0	74.0	4.0	1.0	3.0	
1136.0	75.0	4.0	8.0	5.0	76.0	4.0	6.0	4.0	77.0	4.0	8.0	2.0	
1137.0	78.0	4.0	8.0	1.0	79.0	4.0	7.0	3.0	80.0	4.0	3.0	1.0	
1138.0	61.0	4.0	12.0	4.0	62.0	4.0	7.0	4.0	63.0	4.0	15.0	1.0	
1139.0	64.0	4.0	4.0	2.0	65.0	4.0	11.0	2.0	66.0	4.0	12.0	5.0	
1140.0	67.0	4.0	3.0	3.0	68.0	4.0	5.0	3.0	69.0	4.0	12.0	2.0	
1141.0	70.0	4.0	11.0	5.0	71.0	4.0	11.0	3.0	72.0	4.0	11.0	2.0	
1142.0	73.0	4.0	13.0	3.0	74.0	4.0	1.0	3.0	75.0	4.0	8.0	5.0	
1143.0	76.0	4.0	6.0	4.0	77.0	4.0	8.0	2.0	78.0	4.0	8.0	1.0	
1144.0	79.0	4.0	7.0	3.0	80.0	4.0	3.0	1.0	61.0	4.0	12.0	4.0	
1145.0	62.0	4.0	7.0	4.0	63.0	4.0	15.0	1.0	64.0	4.0	4.0	2.0	
1146.0	65.0	4.0	11.0	2.0	66.0	4.0	12.0	5.0	67.0	4.0	3.0	3.0	
1147.0	68.0	4.0	5.0	3.0	69.0	4.0	12.0	2.0	70.0	4.0	11.0	5.0	
1148.0	71.0	4.0	11.0	3.0	72.0	4.0	11.0	2.0	73.0	4.0	13.0	3.0	
1149.0	74.0	4.0	1.0	3.0	75.0	4.0	8.0	5.0	76.0	4.0	6.0	4.0	
1150.0	77.0	4.0	8.0	2.0	78.0	4.0	8.0	1.0	79.0	4.0	7.0	3.0	
1151.0	80.0	4.0	3.0	1.0	61.0	4.0	12.0	4.0	62.0	4.0	7.0	4.0	
1152.0	63.0	4.0	15.0	1.0	64.0	4.0	4.0	2.0	65.0	4.0	11.0	2.0	
1153.0	66.0	4.0	12.0	5.0	67.0	4.0	3.0	3.0	68.0	4.0	5.0	3.0	
1154.0	69.0	4.0	12.0	2.0	70.0	4.0	11.0	5.0	71.0	4.0	11.0	3.0	
1155.0	72.0	4.0	11.0	2.0	73.0	4.0	13.0	3.0	74.0	4.0	1.0	3.0	
1156.0	75.0	4.0	8.0	5.0	76.0	4.0	6.0	4.0	77.0	4.0	8.0	2.0	
1157.0	78.0	4.0	8.0	1.0	79.0	4.0	7.0	3.0	80.0	4.0	3.0	1.0	
1158.0	61.0	4.0	12.0	4.0	62.0	4.0	7.0	4.0	63.0	4.0	15.0	1.0	
1159.0	64.0	4.0	4.0	2.0	65.0	4.0	11.0	2.0	66.0	4.0	12.0	5.0	
1160.0	67.0	4.0	3.0	3.0	68.0	4.0	5.0	3.0	69.0	4.0	12.0	2.0	
1161.0	70.0	4.0	11.0	5.0	71.0	4.0	11.0	3.0	72.0	4.0	11.0	2.0	
1162.0	73.0	4.0	13.0	3.0	74.0	4.0	1.0	3.0	75.0	4.0	8.0	5.0	
1163.0	76.0	4.0	6.0	4.0	77.0	4.0	8.0	2.0	78.0	4.0	8.0	1.0	
1164.0	79.0	4.0	7.0	3.0	80.0	4.0	3.0	1.0	61.0	4.0	12.0	4.0	
1165.0	62.0	4.0	7.0	4.0	63.0	4.0	15.0	1.0	64.0	4.0	4.0	2.0	
1166.0	65.0	4.0	11.0	2.0	66.0	4.0	12.0	5.0	67.0	4.0	3.0	3.0	
1167.0	68.0	4.0	5.0	3.0	69.0	4.0	12.0	2.0	70.0	4.0	11.0	5.0	
1168.0	71.0	4.0	11.0	3.0	72.0	4.0	11.0	2.0	73.0	4.0	13.0	3.0	
1169.0	74.0	4.0	1.0	3.0	75.0	4.0	8.0	5.0	76.0	4.0	6.0	4.0	
1170.0	77.0	4.0	8.0	2.0	78.0	4.0	8.0	1.0	79.0	4.0	7.0	3.0	
1171.0	80.0	4.0	3.0	1.0	61.0	4.0	12.0	4.0	62.0	4.0	7.0	4.0	
1172.0	63.0	4.0	15.0	1.0	64.0	4.0	4.0	2.0	65.0	4.0	11.0	2.0	
1173.0	66.0	4.0	12.0	5.0	67.0	4.0	3.0	3.0	68.0	4.0	5.0	3.0	
1174.0	69.0	4.0	12.0	2.0	70.0	4.0	11.0	5.0	71.0	4.0	11.0	3.0	
1175.0	72.0	4.0	11.0	2.0	73.0	4.0	13.0	3.0	74.0	4.0	1.0	3.0	
1176.0	75.0	4.0	8.0	5.0	76.0	4.0	6.0	4.0	77.0	4.0	8.0	2.0	
1177.0	78.0	4.0	8.0	1.0	79.0	4.0	7.0	3.0	80.0	4.0	3.0	1.0	
1178.0	61.0	4.0	12.0	4.0	62.0	4.0	7.0	4.0	63.0	4.0	15.0	1.0	
1179.0	64.0	4.0	4.0	2.0	65.0	4.0	11.0	2.0	66.0	4.0	12.0	5.0	
1180.0	67.0	4.0	3.0	3.0	68.0	4.0	5.0	3.0	69.0	4.0	12.0	2.0	
1181.0	70.0	4.0	11.0	5.0	71.0	4.0	11.0	3.0	72.0	4.0	11.0	2.0	
1182.0	73.0	4.0	13.0	3.0	74.0	4.0	1.0	3.0	75.0	4.0	8.0	5.0	
1183.0	76.0	4.0	6.0	4.0	77.0	4.0	8.0	2.0	78.0	4.0	8.0	1.0	
1184.0	79.0	4.0	7.0	3.0	80.0	4.0	3.0	1.0	61.0	4.0	12.0	4.0	
1185.0	62.0	4.0	7.0	4.0	63.0	4.0	15.0	1.0	64.0	4.0	4.0	2.0	
1186.0	65.0	4.0	11.0	2.0	66.0	4.0	12.0	5.0	67.0	4.0	3.0	3.0	
1187.0	68.0	4.0	5.0	3.0	69.0	4.0	12.0	2.0	70.0	4.0	11.0	5.0	
1188.0	71.0	4.0	11.0	3.0	72.0	4.0	11.0	2.0	73.0	4.0	13.0	3.0	
1189.0	74.0	4.0	1.0	3.0	75.0	4.0	8.0	5.0	76.0	4.0	6.0	4.0	
1190.0	77.0	4.0	8.0	2.0	78.0	4.0	8.0	1.0	79.0	4.0	7.0	3.0	
1191.0	80.0	4.0	3.0	1.0	61.0	4.0	12.0	4.0	62.0	4.0	7.0	4.0	
1192.0	63.0	4.0	15.0	1.0	64.0	4.0	4.0	2.0	65.0	4.0	11.0	2.0	
1193.0	66.0	4.0	12.0	5.0	67.0	4.0	3.0	3.0	68.0	4.0	5.0	3.0	
1194.0	69.0	4.0	12.0	2.0	70.0	4.0	11.0	5.0	71.0	4.0	11.0	3.0	
1195.0	72.0	4.0	11.0	2.0	73.0	4.0	13.0	3.0	74.0	4.0	1.0	3.0	
1196.0	75.0	4.0	8.0	5.0	76.0	4.0	6.0	4.0	77.0	4.0	8.0	2.0	
1197.0	78.0	4.0	8.0	1.0	79.0	4.0	7.0	3.0	80.0	4.0	3.0	1.0	
1198.0	61.0	4.0	12.0	4.0	62.0	4.0	7.0	4.0	63.0	4.0	15.0	1.0	
1199.0	64.0	4.0	4.0	2.0	65.0	4.0	11.0	2.0	66.0	4.0	12.0	5.0	
1200.0	67.0	4.0	3.0	3.0	68.0	4.0	5.0	3.0	69.0	4.0	12.0	2.0	
1201.0	70.0	4.0	11.0	5.0	71.0	4.0	11.0	3.0	72.0	4.0	11.0	2.0	
1202.0	73.0	4.0	13.0	3.0	74.0	4.0	1.0	3.0	75.0	4.0	8.0	5.0	
1203.0	76.0	4.0	6.0	4.0	77.0	4.0	8.0	2.0	78.0	4.0	8.0	1.0	
1204.0	79.0	4.0	7.0	3.0	80.0	4.0	3.0	1.0	61.0	4.0	12.0	4.0	
1205.0	62.0	4.0	7.0	4.0	63.0	4.0	15.0	1.0	64.0	4.0	4.0	2.0	
1206.0	65.0	4.0	11.0	2.0	66.0	4.0	12.0	5.0	67.0	4.0	3.0	3.0	
1207.0	68.0	4.0	5.0	3.0	69.0	4.0	12.0	2.0	70.0	4.0	11.0	5.0	
1208.0	71.0	4.0	11.0	3.0	72.0	4.0	11.0	2.0	73.0	4.0	13.0	3.0	
1209.0	74.0	4.0	1.0	3.0	75.0	4.0	8.0	5.0	76.0	4.0	6.0	4.0	
1210.0	77.0	4.0	8.0	2.0	78.0	4.0	8.0	1.0	79.0	4.0	7.0	3.0	
1211.0	80.0	4.0	3.0	1.0	61.0	4.0	12.0	4.0	62.0	4.0	7.0	4.0	
1212.0	63.0	4.0	15.0	1.0	64.0	4.0	4.0	2.0	65.0	4.0	11.0	2.0	
1213.0	66.0	4.0	12.0	5.0	67.0	4.0	3.0	3.0	68.0	4.0	5.0	3.0	
1214.0	69.0	4.0	12.0	2.0	70.0	4.0	11.0	5.0	71.0	4.0	11.0	3.0	
1215.0	72.0	4.0	11.0	2.0	73.0	4.0	13.0	3.0	74.0	4.0	1.0	3.0	
1216.0	75.0	4.0	8.0	5.0	76.0	4.0	6.0	4.0	77.0	4.0	8.0	2.0	
1217.0	78.0	4.0	8.0	1.0	79.0	4.0	7.0	3.0	80.0	4.0	3.0	1.0	
1218.0	61.0	4.0	12.0	4.0	62.0	4.0	7.0	4.0	63.0	4.0	15.0	1.0	
1219.0	64.0	4.0	4.0	2.0	65.0	4.0	11.0	2.0	66.0	4.0	12.0	5.0	
1220.0	67.0	4.0	3.0	3.0	68.0	4.0	5.0	3.0	69.0	4.0	12.0	2.0	
1221.0	70.0	4.0	11.0	5.0	71.0	4.0	11.0	3.0	72.0	4.0	11.0	2.0	
1222.0	73.0	4.0	13.0	3.0	74.0	4.0	1.0	3.0	75.0	4.0	8.0	5.0	
1223.0	76.0	4.0	6.0	4.0	77.0	4.0	8.0	2.0	78.0	4.0	8.0	1.0	
1224.0	79.0	4.0	7.0	3.0	80.0	4.0	3.0	1.0	61.0	4.0	12.0	4.0	
1225.0	62.0	4.0	7.0	4.0	63.0	4.0	15.0	1.0	64.0	4.0	4.0	2.0	
1226.0	65.0	4.0	11.0	2.0	66.0	4.0	12.0	5.0	67.0	4.0	3.0	3.0	
1227.0	68.0	4.0	5.0	3.0	69.0	4.0	12.0	2.0	70.0	4.0	11.0	5.0	
1228.0	71.0	4.0	11.0	3.0	72.0	4.0	11.0	2.0	73.0	4.0	13.0	3.0	
1229.0	74.0	4.0	1.0	3.0	75.0	4.0	8.0	5.0	76.0	4.0	6.0	4.0	
1230.0	77.0	4.0	8.0	2.0	78.0	4.0	8.0	1.0	79.0	4.0	7.0	3.0	
1231.0	80.0	4.0	3.0	1.0	61.0	4.0	12.0	4.0	62.0	4.0	7.0	4.0	
1232.0	63.0	4.0	15.0	1.0	64.0	4.0	4.0	2.0	65.0	4.0	11.0	2.0	
1233.0	66.0	4.0	12.0	5.0	67.0	4.0	3.0	3.0	68.0	4.0	5.0	3.0	
1234.0	69.0	4.0	12.0	2.0	70.0	4.0	11.0	5.0	71.0	4.0	11.0	3.0	
1235.0	72.0	4.0	11.0	2.0	73.0	4.0	13.0	3.0	74.0	4.0	1.0	3.0	
1236.0	75.0	4.0	8.0	5.0	76.0	4.0	6.0	4.0	77.0	4.0	8.0	2.0	
1237.0	78.0	4.0	8.0	1.0	79.0	4.0	7.0	3.0	80.0	4.0	3.0	1.0	
1238.0	61.0	4.0	12.0	4.0	62.0	4.0	7.0	4.0	63.0	4.0	15.0	1.0	
1239.0	64.0	4.0	4.0	2.0	65.0	4.0	11.0	2.0	66.0	4.0	12.0	5.0	
1240.0	67.0	4.0	3.0	3.0	68.0	4.0	5.0	3.0	69.0	4.0	12.0	2.0	
1241.0	70.0	4.0	11.0	5.0	71.0	4.0	11.0	3.0	72.0	4.0	11.0	2.0	
1242.0	73.0	4.0	13.0	3.0	74.0	4.0	1.0	3.0	75.0	4.0	8.0	5.0	
1243.0	76.0	4.0	6.0	4.0	77.0	4.0	8.0	2.0	78.0	4.0	8.0	1.0	
1244.0	79.0	4.0	7.0	3.0	80.0	4.0	3.0	1.0	61.0	4.0	12.0	4.0	
1245.0	62.0	4.0	7.0	4.0	63.0	4.0	15.0	1.0	64.0	4.0	4.0	2.0	
1246.0	65.0	4.0	11.0	2.0	66.0	4.0	12.0	5.0	67.0	4.0	3.0	3.0	
1247.0	68.0	4.0	5.0	3.0	69.0	4.0	12.0	2.0	70.0	4.0	11.0	5.0	
1248.0	71.0	4.0	11.0	3.0	72.0	4.0	11.0	2.0	73.0	4.0	13.0	3.0	
1249.0	74.0	4.0	1.0	3.0	75.0	4.0	8.0	5.0	76.0	4.0	6.0	4.0	
1250.0	77.0	4.0	8.0	2.0	78.0	4.0	8.0	1.0	79.0	4.0	7.0	3.0	
1251.0	80.0	4.0	3.0	1.0	61.0	4.0	12.0	4.0	62.0	4.0	7.0	4.0	
1252.0	63.0	4.0	15.0	1.0	64.0	4.0	4.0	2.0	65.0	4.0	11.0	2.0	
1253.0	66.0	4.0	12.0	5.0	67.0	4.0	3.0	3.0	68.0	4.0	5.0	3.0	
1254.0	69.0	4.0	12.0	2.0	70.0	4.0	11.0	5.0	71.0	4.0	11.0	3.0	
1255.0	72.0	4.0	11.0	2.0	73.0	4.0	13.0	3.0	74.0	4.0	1.0	3.0	
1256.0	75.0	4.0	8.0	5.0	76.0	4.0	6.0	4.0	77.0	4.0	8.0	2.0	
1257.0	78.0	4.0	8.0	1.0	79.0	4.0	7.0	3.0	80.0	4.0	3.0	1.0	
1258.0	61.0	4.0	12.0	4.0	62.0	4.0	7.0	4.0	63.0	4.0	15.0	1.0	
1259.0	64.0	4.0	4.0	2.0	65.0	4.0	11.0	2.0	66.0	4.0	12.0	5.0	
1260.0	67.0	4.0	3.0	3.0	68.0	4.0	5.0	3.0	69.0	4.0	12.0	2.0	
1261.0	70.0	4.0	11.0	5.0	71.0	4.0	11.0	3.0	72.0	4.0	11.0	2.0	
1262.0	73.0	4.0	13.0	3.0	74.0	4.0	1.0	3.0	75.0	4.0	8.0	5.0	
1263.0	76.0	4.0	6.0	4.0	77.0	4.0	8.0	2.0	78.0	4.0	8.0	1.0	
1264.0	79.0	4.0	7.0	3.0	80.0	4.0	3.0	1.0	61.0	4.0	12.0	4.0	
1265.0	62.0	4.0	7.0	4.0	63.0	4.0	15.0	1.0	64.0	4.0	4.0	2.0	
1266.0	65.0	4.0	11.0	2.0	66.0	4.0	12.0	5.0	67.0	4.0	3.0	3.0	
1267.0	68.0	4.0	5.0	3.0	69.0	4.0	12.0	2.0	70.0	4.0	11.0	5.0	
1268.0	71.0	4.0	11.0	3.0	72.0	4.0	11.0	2.0	73.0	4.0	13.0	3.0	
1269.0	74.0	4.0	1.0	3.0	75.0	4.0	8.0	5.0	76.0	4.0	6.0	4.0	
1270.0	77.0	4.0	8.0	2.0	78.0	4.0	8.0	1.0	79.0	4.0	7.0	3.0	
1271.0	80.0	4.0	3.0	1.0	61.0	4.0	12.0	4.0	62.0	4.0	7.0	4.0	
1272.0	63.0	4.0	15.0	1.0	64.0	4.0	4.0	2.0	65.0	4.0	11.0	2.0	
1273.0	66.0	4.0	12.0	5.0	67.0	4.0	3.0	3.0	68.0	4.0	5.0	3.0	
1274.0	69.0	4.0	12.0	2.0	70.0	4.0	11.0	5.0	71.0	4.0	11.0	3.0	
1275.0	72.0	4.0	11.0	2.0	73.0	4.0	13.0	3.0	74.0	4.0	1.0	3.0	
1276.0	75.0	4.0	8.0	5.0	76.0	4.0	6.0	4.0	77.0	4.0	8.0	2.0	
1277.0	78.0	4.0	8.0	1.0	79.0	4.0	7.0	3.0	80.0	4.0	3.0	1.0	
1278.0	61.0	4.0	12.0	4.0	62.0	4.0	7.0	4.0	63.0	4.0	15.0	1.0	
1279.0	64.0	4.0	4.0	2.0	65.0	4.0	11.0	2.0	66.0	4.0	12.0	5.0	
1280.0	67.0	4.0	3.0	3.0	68.0	4.0	5.0	3.0	69.0	4.0	12.0	2.0	
1281.0	70.0	4.0	11.0	5.0	71.0	4.0	11.0	3.0	72.0	4.0	11.0	2.0	
1282.0	73.0	4.0	13.0	3.0	74.0	4.0	1.0	3.0	75.0	4.0	8.0	5.0	
1283.0	76.0	4.0	6.0	4.0	77.0	4.0	8.0	2.0	78.0	4.0	8.0	1.0	
1284.0	79.0	4.0	7.0	3.0	80.0	4.0	3.0	1.0	61.0	4.0	12.0	4.0	
1285.0	62.0	4.0	7.0	4.0	63.0	4.0	15.0	1.0	64.0	4.0	4.0	2.0	
1286.0	65.0	4.0	11.0	2.0	66.0	4.0	12.0	5.0	67.0	4.0	3.0	3.0	
1287.0	68.0	4.0	5.0	3.0	69.0	4.0	12.0	2.0	70.0	4.0	11.0	5.0	
1288.0	71.0	4.0	11.0	3.0	72.0	4.0	11.0	2.0	73.0	4.0	13.0	3.0	
1289.0	74.0	4.0	1.0	3.0	75.0	4.0	8.0	5.0	76.0	4.0	6.0	4.0	
1290.0	77.0	4.0	8.0	2.0	78.0	4.0	8.0	1.0	79.0	4.0	7.0	3.0	
1291.0	80.0	4.0	3.0	1.0	61.0	4.0	12.0	4.0	62.0	4.0	7.0	4.0	
1292.0	63.0	4.0	15.0	1.0	64.0	4.0	4.0	2.0	65.0	4.0	11.0	2.0	
1293.0	66.0	4.0	12.0	5.0	67.0	4.0	3.0	3.0	68.0	4.0	5.0	3.0	
1294.0	69.0	4.0	12.0	2.0	70.0	4.0	11.0	5.0	71.0	4.0	11.0	3.0	
1295.0	72.0	4.0	11.0	2.0	73.0	4.0	13.0	3.0	74.0	4.0	1.0	3.0	
1296.0	75.0	4.0	8.0	5.0	76.0	4.0	6.0	4.0	77.0	4.0	8.0	2.0	
1297.0	78.0	4.0	8.0	1.0	79.0	4.0	7.0	3.0	80.0	4.0	3.0	1.0	
1298.0	61.0	4.0	12.0	4.0	62.0	4.0	7.0	4.0	63.0	4.0	15.0	1.0	
1299.0	64.0	4.0	4.0	2.0	65.0	4.0	11.0	2.0	66.0	4.0	12.0	5.0	
1300.0	67.0	4.0	3.0	3.0	68.0	4.0	5.0	3.0	69.0	4.0	12.0	2.0	
1301.0	70.0	4.0	11.0	5.0	71.0	4.0	11.0	3.0	72.0	4.0	11.0	2.0	
1302.0	73.0	4.0	13.0	3.0	74.0	4.0	1.0	3.0	75.0	4.0	8.0	5.0	
1303.0	76.0	4.0	6.0	4.0	77.0	4.0	8.0	2.0	78.0	4.0	8.0	1.0	
1304.0	79.0	4.0	7.0	3.0	80.0	4.0	3.0	1.0	61.0	4.0	12.0	4.0	
1305.0	62.0	4.0	7.0	4.0	63.0	4.0	15.0	1.0	64.0	4.0	4.0	2.0	
1306.0	65.0	4.0	11.0	2.0	66.0	4.0	12.0	5.0	67.0	4.0	3.0	3.0	
1307.0	68.0	4.0	5.0	3.0	69.0	4.0	12.0	2.0	70.0	4.0	11.0	5.0	
1308.0	71.0	4.0	11.0	3.0	72.0	4.0	11.0	2.0	73.0	4.0	13.0	3.0	
1309.0	74.0	4.0	1.0	3.0	75.0	4.0	8.0	5.0	76.0	4.0	6.0	4.0	
1310.0	77.0	4.0	8.0	2.0	78.0	4.0	8.0	1.0	79.0	4.0	7.0	3.0	
1311.0	80.0	4.0	3.0	1.0	61.0	4.0	12.0	4.0	62.0	4.0	7.0	4.0	
1312.0	63.0	4.0	15.0	1.0	64.0	4.0	4.0	2.0	65.0	4.0	11.0	2.0	
1313.0	66.0	4.0	12.0	5.0	67.0	4.0	3.0	3.0	68.0	4.0	5.0	3.0	
1314.0	69.0	4.0	12.0	2.0	70.0	4.0	11.0	5.0	71.0	4.0	11.0	3.0	
1315.0	72.0	4.0	11.0	2.0	73.0	4.0	13.0	3.0	74.0	4.0	1.0	3.0	
1316.0	75.0	4.0	8.0	5.0	76.0	4.0	6.0	4.0	77.0	4.0	8.0	2.0	
1317.0	78.0	4.0	8.0	1.0	79.0	4.0	7.0	3.0	80.0	4.0	3.0	1.0	
1318.0	61.0	4.0	12.0	4.0	62.0	4.0	7.0	4.0	63.0	4.0	15.0	1.0	
1319.0	64.0	4.0	4.0	2.0	65.0	4.0	11.0	2.0	66.0	4.0	12.0	5.0	
1320.0	67.0	4.0	3.0	3.0	68.0	4.0	5.0	3.0	69.0	4.0	12.0	2.0	
1321.0	70.0	4.0	11.0	5.0	71.0	4.0	11.0	3.0	72.0	4.0	11.0	2.0	
1322.0	73.0	4.0	13.0	3.0	74.0	4.0	1.0	3.0	75.0	4.0	8.0	5.0	
1323.0	76.0	4.0	6.0	4.0	77.0	4.0	8.0	2.0	78.0	4.0	8.0	1.0	
1324.0	79.0	4.0	7.0	3.0	80.0	4.0	3.0	1.0	61.0	4.0	12.0	4.0	
1325.0	62.0	4.0	7.0	4.0	63.0	4.0	15.0	1.0	64.0	4.0	4.0	2.0	
1326.0	65.0	4.0	11.0	2.0	66.0	4.0	12.0	5.0	67.0	4.0	3.0	3.0	
1327.0	68.0	4.0	5.0	3.0	69.0	4.0	12.0	2.0	70.0	4.0	11.0	5.0	
1328.0	71.0	4.0	11.0	3.0	72.0	4.0	11.0	2.0	73.0	4.0	13.0	3.0	
1329.0	74.0	4.0	1.0	3.0	75.0	4.0	8.0	5.0	76.0	4.0	6.0	4.0	
1330.0	77.0	4.0	8.0	2.0	78.0	4.0	8.0	1.0	79.0	4.0	7.0	3.0	
1331.0	80.0	4.0	3.0	1.0	61.0	4.0	12.0	4.0	62.0	4.0	7.0	4.0	
1332.0	63.0	4.0	15.0	1.0	64.0	4.0	4.0	2.0	65.0	4.0	11.0	2.0	
1333.0	66.0	4.0	12.0	5.0	67.0	4.0	3.0	3.0	68.0	4.0	5.0	3.0	
1334.0	69.0	4.0	12.0	2.0	70.0	4.0	11.0	5.0	71.0	4.0	11.0	3.0	
1335.0	72.0	4.0	11.0	2.0	73.0	4.0	13.0	3.0	74.0	4.0	1.0	3.0	
1336.0	75.0	4.0	8.0	5.0	76.0	4.0	6.0	4.0	77.0	4.0	8.0	2.0	
1337.0	78.0	4.0	8.0	1.0	79.0	4.0	7.0	3.0	80.0	4.0	3.0	1.0	
1338.0	61.0	4.0	12.0	4.0	62.0	4.0	7.0	4.0	63.0	4.0	15.0	1.0	
1339.0	64.0	4.0	4.0	2.0	65.0	4.0	11.0	2.0	66.0	4.0	12.0	5.0	
1340.0	67.0	4.0	3.0	3.0	68.0	4.0	5.0	3.0	69.0	4.0	12.0	2.0	
1341.0	70.0	4.0	11.0	5.0	71.0	4.0	11.0	3.0	72.0	4.0	11.0	2.0	
1342.0	73.0	4.0	13.0	3.0	74.0	4.0	1.0	3.0	75.0	4.0	8.0	5.0	
1343.0	76.0	4.0	6.0	4.0	77.0	4.0	8.0	2.0	78.0	4.0	8.0	1.0	
1344.0	79.0	4.0	7.0	3.0	80.0	4.0	3.0	1.0	61.0	4.0	12.0	4.0	
1345.0	62.0	4.0	7.0	4.0	63.0	4.0	15.0	1.0	64.0	4.0	4.0	2.0	
1346.0	65.0	4.0	11.0	2.0	66.0	4.0	12.0	5.0	67.0	4.0	3.0	3.0	
1347.0	68.0	4.0	5.0	3.0	69.0	4.0	12.0	2.0	70.0	4.0	11.0	5.0	
1348.0	71.0	4.0	11.0	3.0	72.0	4.0	11.0	2.0	73.0	4.0	13.0	3.0	
1349.0	74.0	4.0	1.0	3.0	75.0	4.0	8.0	5.0	76.0	4.0	6.0	4.0	
1350.0	77.0	4.0	8.0	2.0	78.0	4.0	8.0	1.0	79.0	4.0	7.0	3.0	
1351.0	80.0	4.0	3.0	1.0	61.0	4.0	12.0	4.0	62.0	4.0	7.0	4.0	
1352.0	63.0	4.0	15.0	1.0	64.0	4.0	4.0	2.0	65.0	4.0	11.0	2.0	
1353.0	66.0	4.0	12.0	5.0	67.0	4.0	3.0	3.0	68.0	4.0	5.0	3.0	
1354.0	69.0	4.0	12.0	2.0	70.0	4.0	11.0	5.0	71.0	4.0	11.0	3.0	
1355.0	72.0	4.0	11.0	2.0	73.0	4.0	13.0	3.0	74.0	4.0	1.0	3.0	
1356.0	75.0	4.0	8.0	5.0	76.0	4.0	6.0	4.0	77.0	4.0	8.0	2.0	
1357.0	78.0	4.0	8.0	1.0	79.0	4.0	7.0	3.0	80.0	4.0	3.0	1.0	
1358.0	61.0	4.0	12.0	4.0	62.0	4.0	7.0	4.0	63.0	4.0	15.0	1.0	
1359.0	64.0	4.0	4.0	2.0	65.0	4.0	11.0	2.0	66.0	4.0	12.0	5.0	
1360.0	67.0	4.0	3.0	3.0	68.0	4.0	5.0	3.0	69.0	4.0	12.0	2.0	
1361.0	70.0	4.0	11.0	5.0	71.0	4.0	11.0	3.0	72.0	4.0	11.0	2.0	
1362.0	73.0	4.0	13.0	3.0	74.0	4.0	1.0	3.0	75.0	4.0	8.0	5.0	
1363.0	76.0	4.0	6.0	4.0	77.0	4.0	8.0	2.0	78.0	4.0	8.0	1.0	
1364.0	79.0	4.0	7.0	3.0	80.0	4.0	3.0	1.0	61.0	4.0	12.0	4.0	
1365.0	62.0	4.0	7.0	4.0	63.0	4.0	15.0	1.0	64.0	4.0	4.0	2.0	
1366.0	65.0	4.0	11.0	2.0	66.0	4.0	12.0	5.0	67.0	4.0	3.0	3.0	
1367.0	68.0	4.0	5.0	3.0	69.0	4.0	12.0	2.0	70.0	4.0	11.0	5.0	
1368.0	71.0	4.0	11.0	3.0	72.0	4.0	11.0	2.0	73.0	4.0	13.0	3.0	
1369.0	74.0	4.0	1.0	3.0	75.0	4.0	8.0	5.0	76.0	4.0	6.0	4.0	
1370.0	77.0	4.0	8.0	2.0	78.0	4.0	8.0	1.0	79.0	4.0	7.0	3.0	
1371.0	80.0	4.0	3.0	1.0	61.0	4.0	12.0	4.0	62.0	4.0	7.0	4.0	
1372.0	63.0	4.0	15.0	1.0	64.0	4.0	4.0	2.0	65.0	4.0	11.0	2.0	
1373.0	66.0	4.0	12.0	5.0	67.0	4.0	3.0	3.0	68.0	4.0	5.0	3.0	
1374.0	69.0	4.0	12.0	2.0	70.0	4.0	11.0	5.0	71.0	4.0	11.0	3.0	
1375.0	72.0	4.0	11.0	2.0	73.0	4.0	13.0	3.0	74.0	4.0	1.0	3.0	
1376.0	75.0	4.0	8.0	5.0	76.0	4.0	6.0	4.0	77.0	4.0	8.0	2.0	
1377.0	78.0	4.0	8.0	1.0	79.0	4.0	7.0	3.0	80.0	4.0	3.0	1.0	
1378.0	61.0	4.0	12.0	4.0	62.0	4.0	7.0	4.0	63.0	4.0	15.0	1.0	
1379.0	64.0	4.0	4.0	2.0	65.0	4.0	11.0	2.0	66.0	4.0	12.0	5.0	
1380.0	67.0	4.0	3.0	3.0	68.0	4.0	5.0	3.0	69.0	4.0	12.0	2.0	
1381.0	70.0	4.0	11.0	5.0	71.0	4.0	11.0	3.0	72.0	4.0	11.0	2.0	
1382.0	73.0	4.0	13.0	3.0	74.0	4.0	1.0	3.0	75.0	4.0	8.0	5.0	
1383.0	76.0	4.0	6.0	4.0	77.0	4.0	8.0	2.0	78.0	4.0	8.0	1.0	
1384.0	79.0	4.0	7.0	3.0	80.0	4.0	3.0	1.0	61.0	4.0	12.0	4.0	
1385.0	62.0	4.0	7.0	4.0	63.0	4.0	15.0	1.0	64.0	4.0	4.0	2.0	
1386.0	65.0	4.0	11.0	2.0	66.0	4.0	12.0	5.0	67.0	4.0	3.0	3.0	
1387.0	68.0	4.0	5.0	3.0	69.0	4.0	12.0	2.0	70.0	4.0	11.0	5.0	
1388.0	71.0	4.0	11.0	3.0	72.0	4.0	11.0	2.0	73.0	4.0	13.0	3.0	
1389.0	74.0	4.0	1.0	3.0	75.0	4.0	8.0	5.0	76.0	4.0	6.0	4.0	
1390.0	77.0	4.0	8.0	2.0	78.0	4.0	8.0	1.0	79.0	4.0	7.0	3.0	
1391.0	80.0	4.0	3.0	1.0	61.0	4.0	12.0	4.0	62.0	4.0	7.0	4.0	
1392.0	63.0	4.0	15.0	1.0	64.0	4.0	4.0	2.0	65.0	4.0	11.0	2.0	
1393.0	66.0	4.0	12.0	5.0	67.0	4.0	3.0	3.0	68.0	4.0	5.0	3.0	
1394.0	69.0	4.0	12.0	2.0	70.0	4.0	11.0	5.0	71.0	4.0	11.0	3.0	
1395.0	72.0	4.0	11.0	2.0	73.0	4.0	13.0	3.0	74.0	4.0	1.0	3.0	
1396.0	75.0	4.0	8.0	5.0	76.0	4.0	6.0	4.0	77.0	4.0	8.0	2.0	
1397.0	78.0	4.0	8.0	1.0	79.0	4.0	7.0	3.0	80.0	4.0	3.0	1.0	
1398.0	61.0	4.0	12.0	4.0	62.0	4.0	7.0	4.0	63.0	4.0	15.0	1.0	
1399.0	64.0	4.0	4.0	2.0	65.0	4.0	11.0	2.0	66.0	4.0	12.0	5.0	
1400.0	67.0	4.0	3.0	3.0	68.0	4.0	5.0	3.0	69.0	4.0	12.0	2.0	
1401.0	70.0	4.0	11.0	5.0	71.0	4.0	11.0	3.0	72.0	4.0	11.0	2.0	
1402.0	73.0	4.0	13.0	3.0	74.0	4.0	1.0	3.0	75.0	4.0	8.0	5.0	
1403.0	76.0	4.0	6.0	4.0	77.0	4.0	8.0	2.0	78.0	4.0	8.0	1.0	
1404.0	79.0	4.0	7.0	3.0	80.0	4.0	3.0	1.0	61.0	4.0	12.0	4.0	
1405.0	62.0	4.0	7.0	4.0	63.0	4.0	15.0	1.0	64.0	4.0	4.0	2.0	
1406.0	65.0	4.0	11.0	2.0	66.0	4.0	12.0	5.0	67.0	4.0	3.0	3.0	
1407.0	68.0	4.0	5.0	3.0	69.0	4.0	12.0	2.0	70.0	4.0	11.0	5.0	
1408.0	71.0	4.0	11.0	3.0	72.0	4.0	11.0	2.0	73.0	4.0	13.0	3.0	
1409.0	74.0	4.0	1.0	3.0	75.0	4.0	8.0	5.0	76.0	4.0	6.0	4.0	
1410.0	77.0	4.0	8.0	2.0	78.0	4.0	8.0	1.0	79.0	4.0	7.0	3.0	
1411.0	80.0	4.0	3.0	1.0	61.0	4.0	12.0	4.0	62.0	4.0	7.0	4.0	
1412.0	63.0	4.0	15.0	1.0	64.0	4.0	4.0	2.0	65.0	4.0	11.0	2.0	
1413.0	66.0	4.0	12.0	5.0	67.0	4.0	3.0	3.0	68.0	4.0	5.0	3.0	
1414.0	69.0	4.0	12.0	2.0	70.0	4.0	11.0	5.0	71.0	4.0	11.0	3.0	
1415.0	72.0	4.0	11.0	2.0	73.0	4.0	13.0	3.0	74.0	4.0	1.0	3.0	
1416.0	75.0	4.0	8.0	5.0	76.0	4.0	6.0	4.0	77.0	4.0	8.0	2.0	
1417.0	78.0	4.0	8.0	1.0	79.0	4.0	7.0	3.0	80.0	4.0	3.0	1.0	
1418.0	61.0	4.0	12.0	4.0	62.0	4.0	7.0	4.0	63.0	4.0	15.0	1.0	
1419.0	64.0	4.0	4.0	2.0	65.0	4.0	11.0	2.0	66.0	4.0	12.0	5.0	
1420.0	67.0	4.0	3.0	3.0	68.0	4.0	5.0	3.0	69.0	4.0	12.0	2.0	
1421.0	70.0	4.0	11.0	5.0	71.0	4.0	11.0	3.0	72.0	4.0	11.0	2.0	
1422.0	73.0	4.0	13.0	3.0	74.0	4.0	1.0	3.0	75.0	4.0	8.0	5.0	
1423.0	76.0	4.0	6.0	4.0	77.0	4.0	8.0	2.0	78.0	4.0	8.0	1.0	
1424.0	79.0	4.0	7.0	3.0	80.0	4.0	3.0	1.0	61.0	4.0	12.0	4.0	
1425.0	62.0	4.0	7.0	4.0	63.0	4.0	15.0	1.0	64.0	4.0	4.0	2.0	
1426.0	65.0	4.0	11.0	2.0	66.0	4.0	12.0	5.0	67.0	4.0	3.0	3.0	
1427.0	68.0	4.0	5.0	3.0	69.0	4.0	12.0	2.0	70.0	4.0	11.0	5.0	
1428.0	71.0	4.0	11.0	3.0	72.0	4.0	11.0	2.0	73.0	4.0	13.0	3.0	
1429.0	74.0	4.0	1.0	3.0	75.0	4.0	8.0	5.0	76.0	4.0	6.0	4.0	
1430.0	77.0	4.0	8.0	2.0	78.0	4.0	8.0	1.0	79.0	4.0	7.0	3.0	
1431.0	80.0	4.0	3.0	1.0	61.0	4.0	12.0	4.0	62.0	4.0	7.0	4.0	
1432.0	63.0	4.0	15.0	1.0	64.0	4.0	4.0	2.0	65.0	4.0	11.0	2.0	
1433.0	66.0	4.0	12.0	5.0	67.0	4.0	3.0	3.0	68.0	4.0	5.0	3.0	
1434.0	69.0	4.0	12.0	2.0	70.0	4.0	11.0	5.0	71.0	4.0	11.0	3.0	
1435.0	72.0	4.0	11.0	2.0	73.0	4.0	13.0	3.0	74.0	4.0	1.0	3.0	
1436.0	75.0	4.0	8.0	5.0	76.0	4.0	6.0	4.0	77.0	4.0	8.0	2.0	
1437.0	78.0	4.0	8.0	1.0	79.0	4.0	7.0	3.0	80.0	4.0	3.0	1.0	
1438.0	61.0	4.0	12.0	4.0	62.0	4.0	7.0	4.0	63.0	4.0	15.0	1.0	
1439.0	64.0	4.0	4.0	2.0	65.0	4.0	11.0	2.0	66.0	4.0	12.0	5.0	
1440.0	67.0	4.0	3.0	3.0	68.0	4.0	5.0	3.0	69.0	4.0	12.0	2.0	
1441.0	70.0	4.0	11.0	5.0	71.0	4.0	11.0	3.0	72.0	4.0	11.0	2.0	
1442.0	73.0	4.0	13.0	3.0	74.0	4.0	1.0	3.0	75.0	4.0	8.0	5.0	
1443.0	76.0	4.0	6.0	4.0	77.0	4.0	8.0	2.0	78.0	4.0	8.0	1.0	
1444.0	79.0	4.0	7.0	3.0	80.0	4.0	3.0	1.0	61.0	4.0	12.0	4.0	
1445.0	62.0	4.0	7.0	4.0	63.0	4.0	15.0	1.0	64.0	4.0	4.0	2.0	
1446.0	65.0	4.0	11.0	2.0	66.0	4.0	12.0	5.0	67.0	4.0	3.0	3.0	
1447.0	68.0	4.0	5.0	3.0	69.0	4.0	12.0	2.0	70.0	4.0	11.0	5.0	
1448.0	71.0	4.0	11.0	3.0	72.0	4.0	11.0	2.0	73.0	4.0	13.0	3.0	
1449.0	74.0	4.0	1.0	3.0	75.0	4.0	8.0	5.0	76.0	4.0	6.0	4.0	
1450.0	77.0	4.0	8.0	2.0	78.0	4.0	8.0	1.0	79.0	4.0	7.0	3.0	
1451.0	80.0	4.0	3.0	1.0	61.0	4.0	12.0	4.0	62.0	4.0	7.0	4.0	
1452.0	63.0	4.0	15.0	1.0	64.0	4.0	4.0	2.0	65.0	4.0	11.0	2.0	
1453.0	66.0	4.0	12.0	5.0	67.0	4.0	3.0	3.0	68.0	4.0	5.0	3.0	
1454.0	69.0	4.0	12.0	2.0	70.0	4.0	11.0	5.0	71.0	4.0	11.0	3.0	
1455.0	72.0	4.0	11.0	2.0	73.0	4.0	13.0	3.0	74.0	4.0	1.0	3.0	
1456.0	75.0	4.0	8.0	5.0	76.0	4.0	6.0	4.0	77.0	4.0	8.0	2.0	
1457.0	78.0	4.0	8.0	1.0	79.0	4.0	7.0	3.0	80.0	4.0	3.0	1.0	
1458.0	61.0	4.0	12.0	4.0	62.0	4.0	7.0	4.0	63.0	4.0	15.0	1.0	
1459.0	64.0	4.0	4.0	2.0	65.0	4.0	11.0	2.0	66.0	4.0	12.0	5.0	
1460.0	67.0	4.0	3.0	3.0	68.0	4.0	5.0	3.0	69.0	4.0	12.0	2.0	
1461.0	70.0	4.0	11.0	5.0	71.0	4.0	11.0	3.0	72.0	4.0	11.0	2.0	
1462.0	73.0	4.0	13.0	3.0	74.0	4.0	1.0	3.0	75.0	4.0	8.0	5.0	
1463.0	76.0	4.0	6.0	4.0	77.0	4.0	8.0	2.0	78.0	4.0	8.0	1.0	
1464.0	79.0	4.0	7.0	3.0	80.0	4.0	3.0	1.0	61.0	4.0	12.0	4.0	
1465.0	62.0	4.0	7.0	4.0	63.0	4.0	15.0	1.0	64.0	4.0	4.0	2.0	
1466.0	65.0	4.0	11.0	2.0	66.0	4.0	12.0	5.0	67.0	4.0	3.0	3.0	
1467.0	68.0	4.0	5.0	3.0	69.0	4.0	12.0	2.0	70.0	4.0	11.0	5.0	
1468.0	71.0	4.0	11.0	3.0	72.0	4.0	11.0	2.0	73.0	4.0	13.0	3.0	
1469.0	74.0	4.0	1.0	3.0	75.0	4.0	8.0	5.0	76.0	4.0	6.0	4.0	
1470.0	77.0	4.0	8.0	2.0	78.0	4.0	8.0	1.0	79.0	4.0	7.0	3.0	
1471.0	80.0	4.0	3.0	1.0	61.0	4.0	12.0	4.0	62.0	4.0	7.0	4.0	
1472.0	63.0	4.0	15.0	1.0	64.0	4.0	4.0	2.0	65.0	4.0	11.0	2.0	
1473.0	66.0	4.0	12.0	5.0	67.0	4.0	3.0	3.0	68.0	4.0	5.0	3.0	
1474.0	69.0	4.0	12.0	2.0	70.0	4.0	11.0	5.0	71.0	4.0	11.0	3.0	
1475.0	72.0	4.0	11.0	2.0	73.0	4.0	13.0	3.0	74.0	4.0	1.0	3.0	
1476.0	75.0	4.0	8.0	5.0	76.0	4.0	6.0	4.0	77.0	4.0	8.0	2.0	
1477.0	78.0	4.0	8.0	1.0	79.0	4.0	7.0	3.0	80.0	4.0	3.0	1.0	
1478.0	61.0	4.0	12.0	4.0	62.0	4.0	7.0	4.0	63.0	4.0	15.0	1.0	
1479.0	64.0	4.0	4.0	2.0	65.0	4.0	11.0	2.0	66.0	4.0	12.0	5.0	
1480.0	67.0	4.0	3.0	3.0	68.0	4.0	5.0	3.0	69.0	4.0	12.0	2.0	
1481.0	70.0	4.0	11.0	5.0	71.0	4.0	11.0	3.0	72.0	4.0	11.0	2.0	
1482.0	73.0	4.0	13.0	3.0	74.0	4.0	1.0	3.0	75.0	4.0	8.0	5.0	
1483.0	76.0	4.0	6.0	4.0	77.0	4.0	8.0	2.0	78.0	4.0	8.0	1.0	
1484.0	79.0	4.0	7.0	3.0	80.0	4.0	3.0	1.0	61.0	4.0	12.0	4.0	
1485.0	62.0	4.0	7.0	4.0	63.0	4.0	15.0	1.0	64.0	4.0	4.0	2.0	
1486.0	65.0	4.0	11.0	2.0	66.0	4.0	12.0	5.0	67.0	4.0	3.0	3.0	
1487.0	68.0	4.0	5.0	3.0	69.0	4.0	12.0	2.0	70.0	4.0	11.0	5.0	
1488.0	71.0	4.0	11.0	3.0	72.0	4.0	11.0	2.0	73.0	4.0	13.0	3.0	
1489.0	74.0	4.0	1.0	3.0	75.0	4.0	8.0	5.0	76.0	4.0	6.0	4.0	
1490.0	77.0	4.0	8.0	2.0	78.0	4.0	8.0	1.0	79.0	4.0	7.0	3.0	
1491.0	80.0	4.0	3.0	1.0	61.0	4.0	12.0	4.0	62.0	4.0	7.0	4.0	
1492.0	63.0	4.0	15.0	1.0	64.0	4.0	4.0	2.0	65.0	4.0	11.0	2.0	
1493.0	66.0	4.0	12.0	5.0	67.0	4.0	3.0	3.0	68.0	4.0	5.0	3.0	
1494.0	69.0	4.0	12.0	2.0	70.0	4.0	11.0	5.0	71.0	4.0	11.0	3.0	
1495.0	72.0	4.0	11.0	2.0	73.0	4.0	13.0	3.0	74.0	4.0	1.0	3.0	
1496.0	75.0	4.0	8.0	5.0	76.0	4.0	6.0	4.0	77.0	4.0	8.0	2.0	
1497.0	78.0	4.0	8.0	1.0	79.0	4.0	7.0	3.0	80.0	4.0	3.0	1.0	
1498.0	61.0	4.0	12.0	4.0	62.0	4.0	7.0	4.0	63.0	4.0	15.0	1.0	
1499.0	64.0	4.0	4.0	2.0	65.0	4.0	11.0	2.0	66.0	4.0	12.0	5.0	
1500.0	67.0	4.0	3.0	3.0	68.0	4.0	5.0	3.0	69.0	4.0	12.0	2.0	
1501.0	70.0	4.0	11.0	5.0	71.0	4.0	11.0	3.0	72.0	4.0	11.0	2.0	
1502.0	73.0	4.0	13.0	3.0	74.0	4.0	1.0	3.0	75.0	4.0	8.0	5.0	
1503.0	76.0	4.0	6.0	4.0	77.0	4.0	8.0	2.0	78.0	4.0	8.0	1.0	
1504.0	79.0	4.0	7.0	3.0	80.0	4.0	3.0	1.0	61.0	4.0	12.0	4.0	
1505.0	62.0	4.0	7.0	4.0	63.0	4.0	15.0	1.0	64.0	4.0	4.0	2.0	
1506.0	65.0	4.0	11.0	2.0	66.0	4.0	12.0	5.0	67.0	4.0	3.0	3.0	
1507.0	68.0	4.0	5.0	3.0	69.0	4.0	12.0	2.0	70.0	4.0	11.0	5.0	
1508.0	71.0	4.0	11.0	3.0	72.0	4.0	11.0	2.0	73.0	4.0	13.0	3.0	
1509.0	74.0	4.0	1.0	3.0	75.0	4.0	8.0	5.0	76.0	4.0	6.0	4.0	
1510.0	77.0	4.0	8.0	2.0	78.0	4.0	8.0	1.0	79.0	4.0	7.0	3.0	
1511.0	80.0	4.0	3.0	1.0	61.0	4.0	12.0	4.0	62.0	4.0	7.0	4.0	
1512.0	63.0	4.0	15.0	1.0	64.0	4.0	4.0	2.0	65.0	4.0	11.0	2.0	
1513.0	66.0	4.0	12.0	5.0	67.0	4.0	3.0	3.0	68.0	4.0	5.0	3.0	
1514.0	69.0	4.0	12.0	2.0	70.0	4.0	11.0	5.0	71.0	4.0	11.0	3.0	
1515.0	72.0	4.0	11.0	2.0	73.0	4.0	13.0	3.0	74.0	4.0	1.0	3.0	
1516.0	75.0	4.0	8.0	5.0	76.0	4.0	6.0	4.0	77.0	4.0	8.0	2.0	
1517.0	78.0	4.0	8.0	1.0	79.0	4.0	7.0	3.0	80.0	4.0	3.0	1.0	
1518.0	61.0	4.0	12.0	4.0	62.0	4.0	7.0	4.0	63.0	4.0	15.0	1.0	
1519.0	45.0	3.0	5.0	4.0	46.0	3.0	14.0	3.0	47.0	3.0	15.0	5.0	
1520.0	48.0	3.0	13.0	4.0	49.0	3.0	12.0	1.0	50.0	3.0	9.0	1.0	
1521.0	51.0	3.0	2.0	3.0	52.0	3.0	4.0	3.0	53.0	3.0	12.0	3.0	
1522.0	54.0	3.0	10.0	5.0	55.0	3.0	6.0	4.0	56.0	3.0	13.0	5.0	
1523.0	57.0	3.0	14.0	3.0	58.0	3.0	11.0	4.0	59.0	3.0	9.0	4.0	
1524.0	60.0	3.0	3.0	3.0	41.0	3.0	15.0	4.0	42.0	3.0	4.0	1.0	
1525.0	43.0	3.0	13.0	1.0	44.0	3.0	3.0	5.0	45.0	3.0	5.0	4.0	
1526.0	46.0	3.0	14.0	3.0	47.0	3.0	15.0	5.0	48.0	3.0	13.0	4.0	
1527.0	49.0	3.0	12.0	1.0	50.0	3.0	9.0	1.0	51.0	3.0	2.0	3.0	
1528.0	52.0	3.0	4.0	3.0	53.0	3.0	12.0	3.0	54.0	3.0	10.0	5.0	
1529.0	55.0	3.0	6.0	4.0	56.0	3.0	13.0	5.0	57.0	3.0	14.0	3.0	
1530.0	58.0	3.0	11.0	4.0	59.0	3.0	9.0	4.0	60.0	3.0	3.0	3.0	
1531.0	41.0	3.0	15.0	4.0	42.0	3.0	4.0	1.0	43.0	3.0	13.0	1.0	
1532.0	44.0	3.0	3.0	5.0	45.0	3.0	5.0	4.0	46.0	3.0	14.0	3.0	
1533.0	47.0	3.0	15.0	5.0	48.0	3.0	13.0	4.0	49.0	3.0	12.0	1.0	
1534.0	50.0	3.0	9.0	1.0	51.0	3.0	2.0	3.0	52.0	3.0	4.0	3.0	
1535.0	53.0	3.0	12.0	3.0	54.0	3.0	10.0	5.0	55.0	3.0	6.0	4.0	
1536.0	56.0	3.0	13.0	5.0	57.0	3.0	14.0	3.0	58.0	3.0	11.0	4.0	
1537.0	59.0	3.0	9.0	4.0	60.0	3.0	3.0	3.0	41.0	3.0	15.0	4.0	
1538.0	42.0	3.0	4.0	1.0	43.0	3.0	13.0	1.0	44.0	3.0	3.0	5.0	
1539.0	45.0	3.0	5.0	4.0	46.0	3.0	14.0	3.0	47.0	3.0	15.0	5.0	
1540.0	48.0	3.0	13.0	4.0	49.0	3.0	12.0	1.0	50.0	3.0	9.0	1.0	
1541.0	51.0	3.0	2.0	3.0	52.0	3.0	4.0	3.0	53.0	3.0	12.0	3.0	
1542.0	54.0	3.0	10.0	5.0	55.0	3.0	6.0	4.0	56.0	3.0	13.0	5.0	
1543.0	57.0	3.0	14.0	3.0	58.0	3.0	11.0	4.0	59.0	3.0	9.0	4.0	
1544.0	60.0	3.0	3.0	3.0	41.0	3.0	15.0	4.0	42.0	3.0	4.0	1.0	
1545.0	43.0	3.0	13.0	1.0	44.0	3.0	3.0	5.0	45.0	3.0	5.0	4.0	
1546.0	46.0	3.0	14.0	3.0	47.0	3.0	15.0	5.0	48.0	3.0	13.0	4.0	
1547.0	49.0	3.0	12.0	1.0	50.0	3.0	9.0	1.0	51.0	3.0	2.0	3.0	
1548.0	52.0	3.0	4.0	3.0	53.0	3.0	12.0	3.0	54.0	3.0	10.0	5.0	
1549.0	55.0	3.0	6.0	4.0	56.0	3.0	13.0	5.0	57.0	3.0	14.0	3.0	
1550.0	58.0	3.0	11.0	4.0	59.0	3.0	9.0	4.0	60.0	3.0	3.0	3.0	
1551.0	41.0	3.0	15.0	4.0	42.0	3.0	4.0	1.0	43.0	3.0	13.0	1.0	
1552.0	44.0	3.0	3.0	5.0	45.0	3.0	5.0	4.0	46.0	3.0	14.0	3.0	
1553.0	47.0	3.0	15.0	5.0	48.0	3.0	13.0	4.0	49.0	3.0	12.0	1.0	
1554.0	50.0	3.0	9.0	1.0	51.0	3.0	2.0	3.0	52.0	3.0	4.0	3.0	
1555.0	53.0	3.0	12.0	3.0	54.0	3.0	10.0	5.0	55.0	3.0	6.0	4.0	
1556.0	56.0	3.0	13.0	5.0	57.0	3.0	14.0	3.0	58.0	3.0	11.0	4.0	
1557.0	59.0	3.0	9.0	4.0	60.0	3.0	3.0	3.0	41.0	3.0	15.0	4.0	
1558.0	42.0	3.0	4.0	1.0	43.0	3.0	13.0	1.0	44.0	3.0	3.0	5.0	
1559.0	45.0	3.0	5.0	4.0	46.0	3.0	14.0	3.0	47.0	3.0	15.0	5.0	
1560.0	48.0	3.0	13.0	4.0	49.0	3.0	12.0	1.0	50.0	3.0	9.0	1.0	
1561.0	51.0	3.0	2.0	3.0	52.0	3.0	4.0	3.0	53.0	3.0	12.0	3.0	
1562.0	54.0	3.0	10.0	5.0	55.0	3.0	6.0	4.0	56.0	3.0	13.0	5.0	
1563.0	57.0	3.0	14.0	3.0	58.0	3.0	11.0	4.0	59.0	3.0	9.0	4.0	
1564.0	60.0	3.0	3.0	3.0	41.0	3.0	15.0	4.0	42.0	3.0	4.0	1.0	
1565.0	43.0	3.0	13.0	1.0	44.0	3.0	3.0	5.0	45.0	3.0	5.0	4.0	
1566.0	46.0	3.0	14.0	3.0	47.0	3.0	15.0	5.0	48.0	3.0	13.0	4.0	
1567.0	49.0	3.0	12.0	1.0	50.0	3.0	9.0	1.0	51.0	3.0	2.0	3.0	
1568.0	52.0	3.0	4.0	3.0	53.0	3.0	12.0	3.0	54.0	3.0	10.0	5.0	
1569.0	55.0	3.0	6.0	4.0	56.0	3.0	13.0	5.0	57.0	3.0	14.0	3.0	
1570.0	58.0	3.0	11.0	4.0	59.0	3.0	9.0	4.0	60.0	3.0	3.0	3.0	
1571.0	41.0	3.0	15.0	4.0	42.0	3.0	4.0	1.0	43.0	3.0	13.0	1.0	
1572.0	44.0	3.0	3.0	5.0	45.0	3.0	5.0	4.0	46.0	3.0	14.0	3.0	
1573.0	47.0	3.0	15.0	5.0	48.0	3.0	13.0	4.0	49.0	3.0	12.0	1.0	
1574.0	50.0	3.0	9.0	1.0	51.0	3.0	2.0	3.0	52.0	3.0	4.0	3.0	
1575.0	53.0	3.0	12.0	3.0	54.0	3.0	10.0	5.0	55.0	3.0	6.0	4.0	
1576.0	56.0	3.0	13.0	5.0	57.0	3.0	14.0	3.0	58.0	3.0	11.0	4.0	
1577.0	59.0	3.0	9.0	4.0	60.0	3.0	3.0	3.0	41.0	3.0	15.0	4.0	
1578.0	42.0	3.0	4.0	1.0	43.0	3.0	13.0	1.0	44.0	3.0	3.0	5.0	
1579.0	45.0	3.0	5.0	4.0	46.0	3.0	14.0	3.0	47.0	3.0	15.0	5.0	
1580.0	48.0	3.0	13.0	4.0	49.0	3.0	12.0	1.0	50.0	3.0	9.0	1.0	
1581.0	51.0	3.0	2.0	3.0	52.0	3.0	4.0	3.0	53.0	3.0	12.0	3.0	
1582.0	54.0	3.0	10.0	5.0	55.0	3.0	6.0	4.0	56.0	3.0	13.0	5.0	
1583.0	57.0	3.0	14.0	3.0	58.0	3.0	11.0	4.0	59.0	3.0	9.0	4.0	
1584.0	60.0	3.0	3.0	3.0	41.0	3.0	15.0	4.0	42.0	3.0	4.0	1.0	
1585.0	43.0	3.0	13.0	1.0	44.0	3.0	3.0	5.0	45.0	3.0	5.0	4.0	
1586.0	46.0	3.0	14.0	3.0	47.0	3.0	15.0	5.0	48.0	3.0	13.0	4.0	
1587.0	49.0	3.0	12.0	1.0	50.0	3.0	9.0	1.0	51.0	3.0	2.0	3.0	
1588.0	52.0	3.0	4.0	3.0	53.0	3.0	12.0	3.0	54.0	3.0	10.0	5.0	
1589.0	55.0	3.0	6.0	4.0	56.0	3.0	13.0	5.0	57.0	3.0	14.0	3.0	
1590.0	58.0	3.0	11.0	4.0	59.0	3.0	9.0	4.0	60.0	3.0	3.0	3.0	
1591.0	41.0	3.0	15.0	4.0	42.0	3.0	4.0	1.0	43.0	3.0	13.0	1.0	
1592.0	44.0	3.0	3.0	5.0	45.0	3.0	5.0	4.0	46.0	3.0	14.0	3.0	
1593.0	47.0	3.0	15.0	5.0	48.0	3.0	13.0	4.0	49.0	3.0	12.0	1.0	
1594.0	50.0	3.0	9.0	1.0	51.0	3.0	2.0	3.0	52.0	3.0	4.0	3.0	
1595.0	53.0	3.0	12.0	3.0	54.0	3.0	10.0	5.0	55.0	3.0	6.0	4.0	
1596.0	56.0	3.0	13.0	5.0	57.0	3.0	14.0	3.0	58.0	3.0	11.0	4.0	
1597.0	59.0	3.0	9.0	4.0	60.0	3.0	3.0	3.0	41.0	3.0	15.0	4.0	
1598.0	42.0	3.0	4.0	1.0	43.0	3.0	13.0	1.0	44.0	3.0	3.0	5.0	
1599.0	45.0	3.0	5.0	4.0	46.0	3.0	14.0	3.0	47.0	3.0	15.0	5.0	
1600.0	48.0	3.0	13.0	4.0	49.0	3.0	12.0	1.0	50.0	3.0	9.0	1.0	
1601.0	51.0	3.0	2.0	3.0	52.0	3.0	4.0	3.0	53.0	3.0	12.0	3.0	
1602.0	54.0	3.0	10.0	5.0	55.0	3.0	6.0	4.0	56.0	3.0	13.0	5.0	
1603.0	57.0	3.0	14.0	3.0	58.0	3.0	11.0	4.0	59.0	3.0	9.0	4.0	
1604.0	60.0	3.0	3.0	3.0	41.0	3.0	15.0	4.0	42.0	3.0	4.0	1.0	
1605.0	43.0	3.0	13.0	1.0	44.0	3.0	3.0	5.0	45.0	3.0	5.0	4.0	
1606.0	46.0	3.0	14.0	3.0	47.0	3.0	15.0	5.0	48.0	3.0	13.0	4.0	
1607.0	49.0	3.0	12.0	1.0	50.0	3.0	9.0	1.0	51.0	3.0	2.0	3.0	
1608.0	52.0	3.0	4.0	3.0	53.0	3.0	12.0	3.0	54.0	3.0	10.0	5.0	
1609.0	55.0	3.0	6.0	4.0	56.0	3.0	13.0	5.0	57.0	3.0	14.0	3.0	
1610.0	58.0	3.0	11.0	4.0	59.0	3.0	9.0	4.0	60.0	3.0	3.0	3.0	
1611.0	41.0	3.0	15.0	4.0	42.0	3.0	4.0	1.0	43.0	3.0	13.0	1.0	
1612.0	44.0	3.0	3.0	5.0	45.0	3.0	5.0	4.0	46.0	3.0	14.0	3.0	
1613.0	47.0	3.0	15.0	5.0	48.0	3.0	13.0	4.0	49.0	3.0	12.0	1.0	
1614.0	50.0	3.0	9.0	1.0	51.0	3.0	2.0	3.0	52.0	3.0	4.0	3.0	
1615.0	53.0	3.0	12.0	3.0	54.0	3.0	10.0	5.0	55.0	3.0	6.0	4.0	
1616.0	56.0	3.0	13.0	5.0	57.0	3.0	14.0	3.0	58.0	3.0	11.0	4.0	
1617.0	59.0	3.0	9.0	4.0	60.0	3.0	3.0	3.0	41.0	3.0	15.0	4.0	
1618.0	42.0	3.0	4.0	1.0	43.0	3.0	13.0	1.0	44.0	3.0	3.0	5.0	
1619.0	45.0	3.0	5.0	4.0	46.0	3.0	14.0	3.0	47.0	3.0	15.0	5.0	
1620.0	48.0	3.0	13.0	4.0	49.0	3.0	12.0	1.0	50.0	3.0	9.0	1.0	
1621.0	51.0	3.0	2.0	3.0	52.0	3.0	4.0	3.0	53.0	3.0	12.0	3.0	
1622.0	54.0	3.0	10.0	5.0	55.0	3.0	6.0	4.0	56.0	3.0	13.0	5.0	
1623.0	57.0	3.0	14.0	3.0	58.0	3.0	11.0	4.0	59.0	3.0	9.0	4.0	
1624.0	60.0	3.0	3.0	3.0	41.0	3.0	15.0	4.0	42.0	3.0	4.0	1.0	
1625.0	43.0	3.0	13.0	1.0	44.0	3.0	3.0	5.0	45.0	3.0	5.0	4.0	
1626.0	46.0	3.0	14.0	3.0	47.0	3.0	15.0	5.0	48.0	3.0	13.0	4.0	
1627.0	49.0	3.0	12.0	1.0	50.0	3.0	9.0	1.0	51.0	3.0	2.0	3.0	
1628.0	52.0	3.0	4.0	3.0	53.0	3.0	12.0	3.0	54.0	3.0	10.0	5.0	
1629.0	55.0	3.0	6.0	4.0	56.0	3.0	13.0	5.0	57.0	3.0	14.0	3.0	
1630.0	58.0	3.0	11.0	4.0	59.0	3.0	9.0	4.0	60.0	3.0	3.0	3.0	
1631.0	41.0	3.0	15.0	4.0	42.0	3.0	4.0	1.0	43.0	3.0	13.0	1.0	
1632.0	44.0	3.0	3.0	5.0	45.0	3.0	5.0	4.0	46.0	3.0	14.0	3.0	
1633.0	47.0	3.0	15.0	5.0	48.0	3.0	13.0	4.0	49.0	3.0	12.0	1.0	
1634.0	50.0	3.0	9.0	1.0	51.0	3.0	2.0	3.0	52.0	3.0	4.0	3.0	
1635.0	53.0	3.0	12.0	3.0	54.0	3.0	10.0	5.0	55.0	3.0	6.0	4.0	
1636.0	56.0	3.0	13.0	5.0	57.0	3.0	14.0	3.0	58.0	3.0	11.0	4.0	
1637.0	59.0	3.0	9.0	4.0	60.0	3.0	3.0	3.0	41.0	3.0	15.0	4.0	
1638.0	42.0	3.0	4.0	1.0	43.0	3.0	13.0	1.0	44.0	3.0	3.0	5.0	
1639.0	45.0	3.0	5.0	4.0	46.0	3.0	14.0	3.0	47.0	3.0	15.0	5.0	
1640.0	48.0	3.0	13.0	4.0	49.0	3.0	12.0	1.0	50.0	3.0	9.0	1.0	
1641.0	51.0	3.0	2.0	3.0	52.0	3.0	4.0	3.0	53.0	3.0	12.0	3.0	
1642.0	54.0	3.0	10.0	5.0	55.0	3.0	6.0	4.0	56.0	3.0	13.0	5.0	
1643.0	57.0	3.0	14.0	3.0	58.0	3.0	11.0	4.0	59.0	3.0	9.0	4.0	
1644.0	60.0	3.0	3.0	3.0	41.0	3.0	15.0	4.0	42.0	3.0	4.0	1.0	
1645.0	43.0	3.0	13.0	1.0	44.0	3.0	3.0	5.0	45.0	3.0	5.0	4.0	
1646.0	46.0	3.0	14.0	3.0	47.0	3.0	15.0	5.0	48.0	3.0	13.0	4.0	
1647.0	49.0	3.0	12.0	1.0	50.0	3.0	9.0	1.0	51.0	3.0	2.0	3.0	
1648.0	52.0	3.0	4.0	3.0	53.0	3.0	12.0	3.0	54.0	3.0	10.0	5.0	
1649.0	55.0	3.0	6.0	4.0	56.0	3.0	13.0	5.0	57.0	3.0	14.0	3.0	
1650.0	58.0	3.0	11.0	4.0	59.0	3.0	9.0	4.0	60.0	3.0	3.0	3.0	
1651.0	41.0	3.0	15.0	4.0	42.0	3.0	4.0	1.0	43.0	3.0	13.0	1.0	
1652.0	44.0	3.0	3.0	5.0	45.0	3.0	5.0	4.0	46.0	3.0	14.0	3.0	
1653.0	47.0	3.0	15.0	5.0	48.0	3.0	13.0	4.0	49.0	3.0	12.0	1.0	
1654.0	50.0	3.0	9.0	1.0	51.0	3.0	2.0	3.0	52.0	3.0	4.0	3.0	
1655.0	53.0	3.0	12.0	3.0	54.0	3.0	10.0	5.0	55.0	3.0	6.0	4.0	
1656.0	56.0	3.0	13.0	5.0	57.0	3.0	14.0	3.0	58.0	3.0	11.0	4.0	
1657.0	59.0	3.0	9.0	4.0	60.0	3.0	3.0	3.0	41.0	3.0	15.0	4.0	
1658.0	42.0	3.0	4.0	1.0	43.0	3.0	13.0	1.0	44.0	3.0	3.0	5.0	
1659.0	45.0	3.0	5.0	4.0	46.0	3.0	14.0	3.0	47.0	3.0	15.0	5.0	
1660.0	48.0	3.0	13.0	4.0	49.0	3.0	12.0	1.0	50.0	3.0	9.0	1.0	
1661.0	51.0	3.0	2.0	3.0	52.0	3.0	4.0	3.0	53.0	3.0	12.0	3.0	
1662.0	54.0	3.0	10.0	5.0	55.0	3.0	6.0	4.0	56.0	3.0	13.0	5.0	
1663.0	57.0	3.0	14.0	3.0	58.0	3.0	11.0	4.0	59.0	3.0	9.0	4.0	
1664.0	60.0	3.0	3.0	3.0	41.0	3.0	15.0	4.0	42.0	3.0	4.0	1.0	
1665.0	43.0	3.0	13.0	1.0	44.0	3.0	3.0	5.0	45.0	3.0	5.0	4.0	
1666.0	46.0	3.0	14.0	3.0	47.0	3.0	15.0	5.0	48.0	3.0	13.0	4.0	
1667.0	49.0	3.0	12.0	1.0	50.0	3.0	9.0	1.0	51.0	3.0	2.0	3.0	
1668.0	52.0	3.0	4.0	3.0	53.0	3.0	12.0	3.0	54.0	3.0	10.0	5.0	
1669.0	55.0	3.0	6.0	4.0	56.0	3.0	13.0	5.0	57.0	3.0	14.0	3.0	
1670.0	58.0	3.0	11.0	4.0	59.0	3.0	9.0	4.0	60.0	3.0	3.0	3.0	
1671.0	41.0	3.0	15.0	4.0	42.0	3.0	4.0	1.0	43.0	3.0	13.0	1.0	
1672.0	44.0	3.0	3.0	5.0	45.0	3.0	5.0	4.0	46.0	3.0	14.0	3.0	
1673.0	47.0	3.0	15.0	5.0	48.0	3.0	13.0	4.0	49.0	3.0	12.0	1.0	
1674.0	50.0	3.0	9.0	1.0	51.0	3.0	2.0	3.0	52.0	3.0	4.0	3.0	
1675.0	53.0	3.0	12.0	3.0	54.0	3.0	10.0	5.0	55.0	3.0	6.0	4.0	
1676.0	56.0	3.0	13.0	5.0	57.0	3.0	14.0	3.0	58.0	3.0	11.0	4.0	
1677.0	59.0	3.0	9.0	4.0	60.0	3.0	3.0	3.0	41.0	3.0	15.0	4.0	
1678.0	42.0	3.0	4.0	1.0	43.0	3.0	13.0	1.0	44.0	3.0	3.0	5.0	
1679.0	45.0	3.0	5.0	4.0	46.0	3.0	14.0	3.0	47.0	3.0	15.0	5.0	
1680.0	48.0	3.0	13.0	4.0	49.0	3.0	12.0	1.0	50.0	3.0	9.0	1.0	
1681.0	51.0	3.0	2.0	3.0	52.0	3.0	4.0	3.0	53.0	3.0	12.0	3.0	
1682.0	54.0	3.0	10.0	5.0	55.0	3.0	6.0	4.0	56.0	3.0	13.0	5.0	
1683.0	57.0	3.0	14.0	3.0	58.0	3.0	11.0	4.0	59.0	3.0	9.0	4.0	
1684.0	60.0	3.0	3.0	3.0	41.0	3.0	15.0	4.0	42.0	3.0	4.0	1.0	
1685.0	43.0	3.0	13.0	1.0	44.0	3.0	3.0	5.0	45.0	3.0	5.0	4.0	
1686.0	46.0	3.0	14.0	3.0	47.0	3.0	15.0	5.0	48.0	3.0	13.0	4.0	
1687.0	49.0	3.0	12.0	1.0	50.0	3.0	9.0	1.0	51.0	3.0	2.0	3.0	
1688.0	52.0	3.0	4.0	3.0	53.0	3.0	12.0	3.0	54.0	3.0	10.0	5.0	
1689.0	55.0	3.0	6.0	4.0	56.0	3.0	13.0	5.0	57.0	3.0	14.0	3.0	
1690.0	58.0	3.0	11.0	4.0	59.0	3.0	9.0	4.0	60.0	3.0	3.0	3.0	
1691.0	41.0	3.0	15.0	4.0	42.0	3.0	4.0	1.0	43.0	3.0	13.0	1.0	
1692.0	44.0	3.0	3.0	5.0	45.0	3.0	5.0	4.0	46.0	3.0	14.0	3.0	
1693.0	47.0	3.0	15.0	5.0	48.0	3.0	13.0	4.0	49.0	3.0	12.0	1.0	
1694.0	50.0	3.0	9.0	1.0	51.0	3.0	2.0	3.0	52.0	3.0	4.0	3.0	
1695.0	53.0	3.0	12.0	3.0	54.0	3.0	10.0	5.0	55.0	3.0	6.0	4.0	
1696.0	56.0	3.0	13.0	5.0	57.0	3.0	14.0	3.0	58.0	3.0	11.0	4.0	
1697.0	59.0	3.0	9.0	4.0	60.0	3.0	3.0	3.0	41.0	3.0	15.0	4.0	
1698.0	42.0	3.0	4.0	1.0	43.0	3.0	13.0	1.0	44.0	3.0	3.0	5.0	
1699.0	45.0	3.0	5.0	4.0	46.0	3.0	14.0	3.0	47.0	3.0	15.0	5.0	
1700.0	48.0	3.0	13.0	4.0	49.0	3.0	12.0	1.0	50.0	3.0	9.0	1.0	
1701.0	51.0	3.0	2.0	3.0	52.0	3.0	4.0	3.0	53.0	3.0	12.0	3.0	
1702.0	54.0	3.0	10.0	5.0	55.0	3.0	6.0	4.0	56.0	3.0	13.0	5.0	
1703.0	57.0	3.0	14.0	3.0	58.0	3.0	11.0	4.0	59.0	3.0	9.0	4.0	
1704.0	60.0	3.0	3.0	3.0	41.0	3.0	15.0	4.0	42.0	3.0	4.0	1.0	
1705.0	43.0	3.0	13.0	1.0	44.0	3.0	3.0	5.0	45.0	3.0	5.0	4.0	
1706.0	46.0	3.0	14.0	3.0	47.0	3.0	15.0	5.0	48.0	3.0	13.0	4.0	
1707.0	49.0	3.0	12.0	1.0	50.0	3.0	9.0	1.0	51.0	3.0	2.0	3.0	
1708.0	52.0	3.0	4.0	3.0	53.0	3.0	12.0	3.0	54.0	3.0	10.0	5.0	
1709.0	55.0	3.0	6.0	4.0	56.0	3.0	13.0	5.0	57.0	3.0	14.0	3.0	
1710.0	58.0	3.0	11.0	4.0	59.0	3.0	9.0	4.0	60.0	3.0	3.0	3.0	
1711.0	41.0	3.0	15.0	4.0	42.0	3.0	4.0	1.0	43.0	3.0	13.0	1.0	
1712.0	44.0	3.0	3.0	5.0	45.0	3.0	5.0	4.0	46.0	3.0	14.0	3.0	
1713.0	47.0	3.0	15.0	5.0	48.0	3.0	13.0	4.0	49.0	3.0	12.0	1.0	
1714.0	50.0	3.0	9.0	1.0	51.0	3.0	2.0	3.0	52.0	3.0	4.0	3.0	
1715.0	53.0	3.0	12.0	3.0	54.0	3.0	10.0	5.0	55.0	3.0	6.0	4.0	
1716.0	56.0	3.0	13.0	5.0	57.0	3.0	14.0	3.0	58.0	3.0	11.0	4.0	
1717.0	59.0	3.0	9.0	4.0	60.0	3.0	3.0	3.0	41.0	3.0	15.0	4.0	
1718.0	42.0	3.0	4.0	1.0	43.0	3.0	13.0	1.0	44.0	3.0	3.0	5.0	
1719.0	45.0	3.0	5.0	4.0	46.0	3.0	14.0	3.0	47.0	3.0	15.0	5.0	
1720.0	48.0	3.0	13.0	4.0	49.0	3.0	12.0	1.0	50.0	3.0	9.0	1.0	
1721.0	51.0	3.0	2.0	3.0	52.0	3.0	4.0	3.0	53.0	3.0	12.0	3.0	
1722.0	54.0	3.0	10.0	5.0	55.0	3.0	6.0	4.0	56.0	3.0	13.0	5.0	
1723.0	57.0	3.0	14.0	3.0	58.0	3.0	11.0	4.0	59.0	3.0	9.0	4.0	
1724.0	60.0	3.0	3.0	3.0	41.0	3.0	15.0	4.0	42.0	3.0	4.0	1.0	
1725.0	43.0	3.0	13.0	1.0	44.0	3.0	3.0	5.0	45.0	3.0	5.0	4.0	
1726.0	46.0	3.0	14.0	3.0	47.0	3.0	15.0	5.0	48.0	3.0	13.0	4.0	
1727.0	49.0	3.0	12.0	1.0	50.0	3.0	9.0	1.0	51.0	3.0	2.0	3.0	
1728.0	52.0	3.0	4.0	3.0	53.0	3.0	12.0	3.0	54.0	3.0	10.0	5.0	
1729.0	55.0	3.0	6.0	4.0	56.0	3.0	13.0	5.0	57.0	3.0	14.0	3.0	
1730.0	58.0	3.0	11.0	4.0	59.0	3.0	9.0	4.0	60.0	3.0	3.0	3.0	
1731.0	41.0	3.0	15.0	4.0	42.0	3.0	4.0	1.0	43.0	3.0	13.0	1.0	
1732.0	44.0	3.0	3.0	5.0	45.0	3.0	5.0	4.0	46.0	3.0	14.0	3.0	
1733.0	47.0	3.0	15.0	5.0	48.0	3.0	13.0	4.0	49.0	3.0	12.0	1.0	
1734.0	50.0	3.0	9.0	1.0	51.0	3.0	2.0	3.0	52.0	3.0	4.0	3.0	
1735.0	53.0	3.0	12.0	3.0	54.0	3.0	10.0	5.0	55.0	3.0	6.0	4.0	
1736.0	56.0	3.0	13.0	5.0	57.0	3.0	14.0	3.0	58.0	3.0	11.0	4.0	
1737.0	59.0	3.0	9.0	4.0	60.0	3.0	3.0	3.0	41.0	3.0	15.0	4.0	
1738.0	42.0	3.0	4.0	1.0	43.0	3.0	13.0	1.0	44.0	3.0	3.0	5.0	
1739.0	45.0	3.0	5.0	4.0	46.0	3.0	14.0	3.0	47.0	3.0	15.0	5.0	
1740.0	48.0	3.0	13.0	4.0	49.0	3.0	12.0	1.0	50.0	3.0	9.0	1.0	
1741.0	51.0	3.0	2.0	3.0	52.0	3.0	4.0	3.0	53.0	3.0	12.0	3.0	
1742.0	54.0	3.0	10.0	5.0	55.0	3.0	6.0	4.0	56.0	3.0	13.0	5.0	
1743.0	57.0	3.0	14.0	3.0	58.0	3.0	11.0	4.0	59.0	3.0	9.0	4.0	
1744.0	60.0	3.0	3.0	3.0	41.0	3.0	15.0	4.0	42.0	3.0	4.0	1.0	
1745.0	43.0	3.0	13.0	1.0	44.0	3.0	3.0	5.0	45.0	3.0	5.0	4.0	
1746.0	46.0	3.0	14.0	3.0	47.0	3.0	15.0	5.0	48.0	3.0	13.0	4.0	
1747.0	49.0	3.0	12.0	1.0	50.0	3.0	9.0	1.0	51.0	3.0	2.0	3.0	
1748.0	52.0	3.0	4.0	3.0	53.0	3.0	12.0	3.0	54.0	3.0	10.0	5.0	
1749.0	55.0	3.0	6.0	4.0	56.0	3.0	13.0	5.0	57.0	3.0	14.0	3.0	
1750.0	58.0	3.0	11.0	4.0	59.0	3.0	9.0	4.0	60.0	3.0	3.0	3.0	
1751.0	41.0	3.0	15.0	4.0	42.0	3.0	4.0	1.0	43.0	3.0	13.0	1.0	
1752.0	44.0	3.0	3.0	5.0	45.0	3.0	5.0	4.0	46.0	3.0	14.0	3.0	
1753.0	47.0	3.0	15.0	5.0	48.0	3.0	13.0	4.0	49.0	3.0	12.0	1.0	
1754.0	50.0	3.0	9.0	1.0	51.0	3.0	2.0	3.0	52.0	3.0	4.0	3.0	
1755.0	53.0	3.0	12.0	3.0	54.0	3.0	10.0	5.0	55.0	3.0	6.0	4.0	
1756.0	56.0	3.0	13.0	5.0	57.0	3.0	14.0	3.0	58.0	3.0	11.0	4.0	
1757.0	59.0	3.0	9.0	4.0	60.0	3.0	3.0	3.0	41.0	3.0	15.0	4.0	
1758.0	42.0	3.0	4.0	1.0	43.0	3.0	13.0	1.0	44.0	3.0	3.0	5.0	
1759.0	45.0	3.0	5.0	4.0	46.0	3.0	14.0	3.0	47.0	3.0	15.0	5.0	
1760.0	48.0	3.0	13.0	4.0	49.0	3.0	12.0	1.0	50.0	3.0	9.0	1.0	
1761.0	51.0	3.0	2.0	3.0	52.0	3.0	4.0	3.0	53.0	3.0	12.0	3.0	
1762.0	54.0	3.0	10.0	5.0	55.0	3.0	6.0	4.0	56.0	3.0	13.0	5.0	
1763.0	57.0	3.0	14.0	3.0	58.0	3.0	11.0	4.0	59.0	3.0	9.0	4.0	
1764.0	60.0	3.0	3.0	3.0	41.0	3.0	15.0	4.0	42.0	3.0	4.0	1.0	
1765.0	43.0	3.0	13.0	1.0	44.0	3.0	3.0	5.0	45.0	3.0	5.0	4.0	
1766.0	46.0	3.0	14.0	3.0	47.0	3.0	15.0	5.0	48.0	3.0	13.0	4.0	
1767.0	49.0	3.0	12.0	1.0	50.0	3.0	9.0	1.0	51.0	3.0	2.0	3.0	
1768.0	52.0	3.0	4.0	3.0	53.0	3.0	12.0	3.0	54.0	3.0	10.0	5.0	
1769.0	55.0	3.0	6.0	4.0	56.0	3.0	13.0	5.0	57.0	3.0	14.0	3.0	
1770.0	58.0	3.0	11.0	4.0	59.0	3.0	9.0	4.0	60.0	3.0	3.0	3.0	
1771.0	41.0	3.0	15.0	4.0	42.0	3.0	4.0	1.0	43.0	3.0	13.0	1.0	
1772.0	44.0	3.0	3.0	5.0	45.0	3.0	5.0	4.0	46.0	3.0	14.0	3.0	
1773.0	47.0	3.0	15.0	5.0	48.0	3.0	13.0	4.0	49.0	3.0	12.0	1.0	
1774.0	50.0	3.0	9.0	1.0	51.0	3.0	2.0	3.0	52.0	3.0	4.0	3.0	
1775.0	53.0	3.0	12.0	3.0	54.0	3.0	10.0	5.0	55.0	3.0	6.0	4.0	
1776.0	56.0	3.0	13.0	5.0	57.0	3.0	14.0	3.0	58.0	3.0	11.0	4.0	
1777.0	59.0	3.0	9.0	4.0	60.0	3.0	3.0	3.0	41.0	3.0	15.0	4.0	
1778.0	42.0	3.0	4.0	1.0	43.0	3.0	13.0	1.0	44.0	3.0	3.0	5.0	
1779.0	45.0	3.0	5.0	4.0	46.0	3.0	14.0	3.0	47.0	3.0	15.0	5.0	
1780.0	48.0	3.0	13.0	4.0	49.0	3.0	12.0	1.0	50.0	3.0	9.0	1.0	
1781.0	51.0	3.0	2.0	3.0	52.0	3.0	4.0	3.0	53.0	3.0	12.0	3.0	
1782.0	54.0	3.0	10.0	5.0	55.0	3.0	6.0	4.0	56.0	3.0	13.0	5.0	
1783.0	57.0	3.0	14.0	3.0	58.0	3.0	11.0	4.0	59.0	3.0	9.0	4.0	
1784.0	60.0	3.0	3.0	3.0	41.0	3.0	15.0	4.0	42.0	3.0	4.0	1.0	
1785.0	43.0	3.0	13.0	1.0	44.0	3.0	3.0	5.0	45.0	3.0	5.0	4.0	
1786.0	46.0	3.0	14.0	3.0	47.0	3.0	15.0	5.0	48.0	3.0	13.0	4.0	
1787.0	49.0	3.0	12.0	1.0	50.0	3.0	9.0	1.0	51.0	3.0	2.0	3.0	
1788.0	52.0	3.0	4.0	3.0	53.0	3.0	12.0	3.0	54.0	3.0	10.0	5.0	
1789.0	55.0	3.0	6.0	4.0	56.0	3.0	13.0	5.0	57.0	3.0	14.0	3.0	
1790.0	58.0	3.0	11.0	4.0	59.0	3.0	9.0	4.0	60.0	3.0	3.0	3.0	
1791.0	41.0	3.0	15.0	4.0	42.0	3.0	4.0	1.0	43.0	3.0	13.0	1.0	
1792.0	44.0	3.0	3.0	5.0	45.0	3.0	5.0	4.0	46.0	3.0	14.0	3.0	
1793.0	47.0	3.0	15.0	5.0	48.0	3.0	13.0	4.0	49.0	3.0	12.0	1.0	
1794.0	50.0	3.0	9.0	1.0	51.0	3.0	2.0	3.0	52.0	3.0	4.0	3.0	
1795.0	53.0	3.0	12.0	3.0	54.0	3.0	10.0	5.0	55.0	3.0	6.0	4.0	
1796.0	56.0	3.0	13.0	5.0	57.0	3.0	14.0	3.0	58.0	3.0	11.0	4.0	
1797.0	59.0	3.0	9.0	4.0	60.0	3.0	3.0	3.0	41.0	3.0	15.0	4.0	
1798.0	42.0	3.0	4.0	1.0	43.0	3.0	13.0	1.0	44.0	3.0	3.0	5.0	
1799.0	45.0	3.0	5.0	4.0	46.0	3.0	14.0	3.0	47.0	3.0	15.0	5.0	
1800.0	48.0	3.0	13.0	4.0	49.0	3.0	12.0	1.0	50.0	3.0	9.0	1.0	
1801.0	51.0	3.0	2.0	3.0	52.0	3.0	4.0	3.0	53.0	3.0	12.0	3.0	
1802.0	54.0	3.0	10.0	5.0	55.0	3.0	6.0	4.0	56.0	3.0	13.0	5.0	
1803.0	57.0	3.0	14.0	3.0	58.0	3.0	11.0	4.0	59.0	3.0	9.0	4.0	
1804.0	60.0	3.0	3.0	3.0	41.0	3.0	15.0	4.0	42.0	3.0	4.0	1.0	
1805.0	43.0	3.0	13.0	1.0	44.0	3.0	3.0	5.0	45.0	3.0	5.0	4.0	
1806.0	46.0	3.0	14.0	3.0	47.0	3.0	15.0	5.0	48.0	3.0	13.0	4.0	
1807.0	49.0	3.0	12.0	1.0	50.0	3.0	9.0	1.0	51.0	3.0	2.0	3.0	
1808.0	52.0	3.0	4.0	3.0	53.0	3.0	12.0	3.0	54.0	3.0	10.0	5.0	
1809.0	55.0	3.0	6.0	4.0	56.0	3.0	13.0	5.0	57.0	3.0	14.0	3.0	
1810.0	58.0	3.0	11.0	4.0	59.0	3.0	9.0	4.0	60.0	3.0	3.0	3.0	
1811.0	41.0	3.0	15.0	4.0	42.0	3.0	4.0	1.0	43.0	3.0	13.0	1.0	
1812.0	44.0	3.0	3.0	5.0	45.0	3.0	5.0	4.0	46.0	3.0	14.0	3.0	
1813.0	47.0	3.0	15.0	5.0	48.0	3.0	13.0	4.0	49.0	3.0	12.0	1.0	
1814.0	50.0	3.0	9.0	1.0	51.0	3.0	2.0	3.0	52.0	3.0	4.0	3.0	
1815.0	53.0	3.0	12.0	3.0	54.0	3.0	10.0	5.0	55.0	3.0	6.0	4.0	
1816.0	56.0	3.0	13.0	5.0	57.0	3.0	14.0	3.0	58.0	3.0	11.0	4.0	
1817.0	59.0	3.0	9.0	4.0	60.0	3.0	3.0	3.0	41.0	3.0	15.0	4.0	
1818.0	42.0	3.0	4.0	1.0	43.0	3.0	13.0	1.0	44.0	3.0	3.0	5.0	
1819.0	45.0	3.0	5.0	4.0	46.0	3.0	14.0	3.0	47.0	3.0	15.0	5.0	
1820.0	48.0	3.0	13.0	4.0	49.0	3.0	12.0	1.0	50.0	3.0	9.0	1.0	
1821.0	51.0	3.0	2.0	3.0	52.0	3.0	4.0	3.0	53.0	3.0	12.0	3.0	
1822.0	23.0	2.0	7.0	3.0	24.0	2.0	14.0	4.0	25.0	2.0	12.0	2.0	
1823.0	26.0	2.0	1.0	2.0	27.0	2.0	13.0	4.0	28.0	2.0	8.0	1.0	
1824.0	29.0	2.0	2.0	5.0	30.0	2.0	14.0	1.0	31.0	2.0	8.0	1.0	
1825.0	32.0	2.0	14.0	3.0	33.0	2.0	14.0	1.0	34.0	2.0	14.0	1.0	
1826.0	35.0	2.0	10.0	5.0	36.0	2.0	15.0	4.0	37.0	2.0	5.0	2.0	
1827.0	38.0	2.0	5.0	5.0	39.0	2.0	14.0	2.0	40.0	2.0	11.0	3.0	
1828.0	21.0	2.0	9.0	1.0	22.0	2.0	6.0	2.0	23.0	2.0	7.0	3.0	
1829.0	24.0	2.0	14.0	4.0	25.0	2.0	12.0	2.0	26.0	2.0	1.0	2.0	
1830.0	27.0	2.0	13.0	4.0	28.0	2.0	8.0	1.0	29.0	2.0	2.0	5.0	
1831.0	30.0	2.0	14.0	1.0	31.0	2.0	8.0	1.0	32.0	2.0	14.0	3.0	
1832.0	33.0	2.0	14.0	1.0	34.0	2.0	14.0	1.0	35.0	2.0	10.0	5.0	
1833.0	36.0	2.0	15.0	4.0	37.0	2.0	5.0	2.0	38.0	2.0	5.0	5.0	
1834.0	39.0	2.0	14.0	2.0	40.0	2.0	11.0	3.0	21.0	2.0	9.0	1.0	
1835.0	22.0	2.0	6.0	2.0	23.0	2.0	7.0	3.0	24.0	2.0	14.0	4.0	
1836.0	25.0	2.0	12.0	2.0	26.0	2.0	1.0	2.0	27.0	2.0	13.0	4.0	
1837.0	28.0	2.0	8.0	1.0	29.0	2.0	2.0	5.0	30.0	2.0	14.0	1.0	
1838.0	31.0	2.0	8.0	1.0	32.0	2.0	14.0	3.0	33.0	2.0	14.0	1.0	
1839.0	34.0	2.0	14.0	1.0	35.0	2.0	10.0	5.0	36.0	2.0	15.0	4.0	
1840.0	37.0	2.0	5.0	2.0	38.0	2.0	5.0	5.0	39.0	2.0	14.0	2.0	
1841.0	40.0	2.0	11.0	3.0	21.0	2.0	9.0	1.0	22.0	2.0	6.0	2.0	
1842.0	23.0	2.0	7.0	3.0	24.0	2.0	14.0	4.0	25.0	2.0	12.0	2.0	
1843.0	26.0	2.0	1.0	2.0	27.0	2.0	13.0	4.0	28.0	2.0	8.0	1.0	
1844.0	29.0	2.0	2.0	5.0	30.0	2.0	14.0	1.0	31.0	2.0	8.0	1.0	
1845.0	32.0	2.0	14.0	3.0	33.0	2.0	14.0	1.0	34.0	2.0	14.0	1.0	
1846.0	35.0	2.0	10.0	5.0	36.0	2.0	15.0	4.0	37.0	2.0	5.0	2.0	
1847.0	38.0	2.0	5.0	5.0	39.0	2.0	14.0	2.0	40.0	2.0	11.0	3.0	
1848.0	21.0	2.0	9.0	1.0	22.0	2.0	6.0	2.0	23.0	2.0	7.0	3.0	
1849.0	24.0	2.0	14.0	4.0	25.0	2.0	12.0	2.0	26.0	2.0	1.0	2.0	
1850.0	27.0	2.0	13.0	4.0	28.0	2.0	8.0	1.0	29.0	2.0	2.0	5.0	
1851.0	30.0	2.0	14.0	1.0	31.0	2.0	8.0	1.0	32.0	2.0	14.0	3.0	
1852.0	33.0	2.0	14.0	1.0	34.0	2.0	14.0	1.0	35.0	2.0	10.0	5.0	
1853.0	36.0	2.0	15.0	4.0	37.0	2.0	5.0	2.0	38.0	2.0	5.0	5.0	
1854.0	39.0	2.0	14.0	2.0	40.0	2.0	11.0	3.0	21.0	2.0	9.0	1.0	
1855.0	22.0	2.0	6.0	2.0	23.0	2.0	7.0	3.0	24.0	2.0	14.0	4.0	
1856.0	25.0	2.0	12.0	2.0	26.0	2.0	1.0	2.0	27.0	2.0	13.0	4.0	
1857.0	28.0	2.0	8.0	1.0	29.0	2.0	2.0	5.0	30.0	2.0	14.0	1.0	
1858.0	31.0	2.0	8.0	1.0	32.0	2.0	14.0	3.0	33.0	2.0	14.0	1.0	
1859.0	34.0	2.0	14.0	1.0	35.0	2.0	10.0	5.0	36.0	2.0	15.0	4.0	
1860.0	37.0	2.0	5.0	2.0	38.0	2.0	5.0	5.0	39.0	2.0	14.0	2.0	
1861.0	40.0	2.0	11.0	3.0	21.0	2.0	9.0	1.0	22.0	2.0	6.0	2.0	
1862.0	23.0	2.0	7.0	3.0	24.0	2.0	14.0	4.0	25.0	2.0	12.0	2.0	
1863.0	26.0	2.0	1.0	2.0	27.0	2.0	13.0	4.0	28.0	2.0	8.0	1.0	
1864.0	29.0	2.0	2.0	5.0	30.0	2.0	14.0	1.0	31.0	2.0	8.0	1.0	
1865.0	32.0	2.0	14.0	3.0	33.0	2.0	14.0	1.0	34.0	2.0	14.0	1.0	
1866.0	35.0	2.0	10.0	5.0	36.0	2.0	15.0	4.0	37.0	2.0	5.0	2.0	
1867.0	38.0	2.0	5.0	5.0	39.0	2.0	14.0	2.0	40.0	2.0	11.0	3.0	
1868.0	21.0	2.0	9.0	1.0	22.0	2.0	6.0	2.0	23.0	2.0	7.0	3.0	
1869.0	24.0	2.0	14.0	4.0	25.0	2.0	12.0	2.0	26.0	2.0	1.0	2.0	
1870.0	27.0	2.0	13.0	4.0	28.0	2.0	8.0	1.0	29.0	2.0	2.0	5.0	
1871.0	30.0	2.0	14.0	1.0	31.0	2.0	8.0	1.0	32.0	2.0	14.0	3.0	
1872.0	33.0	2.0	14.0	1.0	34.0	2.0	14.0	1.0	35.0	2.0	10.0	5.0	
1873.0	36.0	2.0	15.0	4.0	37.0	2.0	5.0	2.0	38.0	2.0	5.0	5.0	
1874.0	39.0	2.0	14.0	2.0	40.0	2.0	11.0	3.0	21.0	2.0	9.0	1.0	
1875.0	22.0	2.0	6.0	2.0	23.0	2.0	7.0	3.0	24.0	2.0	14.0	4.0	
1876.0	25.0	2.0	12.0	2.0	26.0	2.0	1.0	2.0	27.0	2.0	13.0	4.0	
1877.0	28.0	2.0	8.0	1.0	29.0	2.0	2.0	5.0	30.0	2.0	14.0	1.0	
1878.0	31.0	2.0	8.0	1.0	32.0	2.0	14.0	3.0	33.0	2.0	14.0	1.0	
1879.0	34.0	2.0	14.0	1.0	35.0	2.0	10.0	5.0	36.0	2.0	15.0	4.0	
1880.0	37.0	2.0	5.0	2.0	38.0	2.0	5.0	5.0	39.0	2.0	14.0	2.0	
1881.0	40.0	2.0	11.0	3.0	21.0	2.0	9.0	1.0	22.0	2.0	6.0	2.0	
1882.0	23.0	2.0	7.0	3.0	24.0	2.0	14.0	4.0	25.0	2.0	12.0	2.0	
1883.0	26.0	2.0	1.0	2.0	27.0	2.0	13.0	4.0	28.0	2.0	8.0	1.0	
1884.0	29.0	2.0	2.0	5.0	30.0	2.0	14.0	1.0	31.0	2.0	8.0	1.0	
1885.0	32.0	2.0	14.0	3.0	33.0	2.0	14.0	1.0	34.0	2.0	14.0	1.0	
1886.0	35.0	2.0	10.0	5.0	36.0	2.0	15.0	4.0	37.0	2.0	5.0	2.0	
1887.0	38.0	2.0	5.0	5.0	39.0	2.0	14.0	2.0	40.0	2.0	11.0	3.0	
1888.0	21.0	2.0	9.0	1.0	22.0	2.0	6.0	2.0	23.0	2.0	7.0	3.0	
1889.0	24.0	2.0	14.0	4.0	25.0	2.0	12.0	2.0	26.0	2.0	1.0	2.0	
1890.0	27.0	2.0	13.0	4.0	28.0	2.0	8.0	1.0	29.0	2.0	2.0	5.0	
1891.0	30.0	2.0	14.0	1.0	31.0	2.0	8.0	1.0	32.0	2.0	14.0	3.0	
1892.0	33.0	2.0	14.0	1.0	34.0	2.0	14.0	1.0	35.0	2.0	10.0	5.0	
1893.0	36.0	2.0	15.0	4.0	37.0	2.0	5.0	2.0	38.0	2.0	5.0	5.0	
1894.0	39.0	2.0	14.0	2.0	40.0	2.0	11.0	3.0	21.0	2.0	9.0	1.0	
1895.0	22.0	2.0	6.0	2.0	23.0	2.0	7.0	3.0	24.0	2.0	14.0	4.0	
1896.0	25.0	2.0	12.0	2.0	26.0	2.0	1.0	2.0	27.0	2.0	13.0	4.0	
1897.0	28.0	2.0	8.0	1.0	29.0	2.0	2.0	5.0	30.0	2.0	14.0	1.0	
1898.0	31.0	2.0	8.0	1.0	32.0	2.0	14.0	3.0	33.0	2.0	14.0	1.0	
1899.0	34.0	2.0	14.0	1.0	35.0	2.0	10.0	5.0	36.0	2.0	15.0	4.0	
1900.0	37.0	2.0	5.0	2.0	38.0	2.0	5.0	5.0	39.0	2.0	14.0	2.0	
1901.0	40.0	2.0	11.0	3.0	21.0	2.0	9.0	1.0	22.0	2.0	6.0	2.0	
1902.0	23.0	2.0	7.0	3.0	24.0	2.0	14.0	4.0	25.0	2.0	12.0	2.0	
1903.0	26.0	2.0	1.0	2.0	27.0	2.0	13.0	4.0	28.0	2.0	8.0	1.0	
1904.0	29.0	2.0	2.0	5.0	30.0	2.0	14.0	1.0	31.0	2.0	8.0	1.0	
1905.0	32.0	2.0	14.0	3.0	33.0	2.0	14.0	1.0	34.0	2.0	14.0	1.0	
1906.0	35.0	2.0	10.0	5.0	36.0	2.0	15.0	4.0	37.0	2.0	5.0	2.0	
1907.0	38.0	2.0	5.0	5.0	39.0	2.0	14.0	2.0	40.0	2.0	11.0	3.0	
1908.0	21.0	2.0	9.0	1.0	22.0	2.0	6.0	2.0	23.0	2.0	7.0	3.0	
1909.0	24.0	2.0	14.0	4.0	25.0	2.0	12.0	2.0	26.0	2.0	1.0	2.0	
1910.0	27.0	2.0	13.0	4.0	28.0	2.0	8.0	1.0	29.0	2.0	2.0	5.0	
1911.0	30.0	2.0	14.0	1.0	31.0	2.0	8.0	1.0	32.0	2.0	14.0	3.0	
1912.0	33.0	2.0	14.0	1.0	34.0	2.0	14.0	1.0	35.0	2.0	10.0	5.0	
1913.0	36.0	2.0	15.0	4.0	37.0	2.0	5.0	2.0	38.0	2.0	5.0	5.0	
1914.0	39.0	2.0	14.0	2.0	40.0	2.0	11.0	3.0	21.0	2.0	9.0	1.0	
1915.0	22.0	2.0	6.0	2.0	23.0	2.0	7.0	3.0	24.0	2.0	14.0	4.0	
1916.0	25.0	2.0	12.0	2.0	26.0	2.0	1.0	2.0	27.0	2.0	13.0	4.0	
1917.0	28.0	2.0	8.0	1.0	29.0	2.0	2.0	5.0	30.0	2.0	14.0	1.0	
1918.0	31.0	2.0	8.0	1.0	32.0	2.0	14.0	3.0	33.0	2.0	14.0	1.0	
1919.0	34.0	2.0	14.0	1.0	35.0	2.0	10.0	5.0	36.0	2.0	15.0	4.0	
1920.0	37.0	2.0	5.0	2.0	38.0	2.0	5.0	5.0	39.0	2.0	14.0	2.0	
1921.0	40.0	2.0	11.0	3.0	21.0	2.0	9.0	1.0	22.0	2.0	6.0	2.0	
1922.0	23.0	2.0	7.0	3.0	24.0	2.0	14.0	4.0	25.0	2.0	12.0	2.0	
1923.0	26.0	2.0	1.0	2.0	27.0	2.0	13.0	4.0	28.0	2.0	8.0	1.0	
1924.0	29.0	2.0	2.0	5.0	30.0	2.0	14.0	1.0	31.0	2.0	8.0	1.0	
1925.0	32.0	2.0	14.0	3.0	33.0	2.0	14.0	1.0	34.0	2.0	14.0	1.0	
1926.0	35.0	2.0	10.0	5.0	36.0	2.0	15.0	4.0	37.0	2.0	5.0	2.0	
1927.0	38.0	2.0	5.0	5.0	39.0	2.0	14.0	2.0	40.0	2.0	11.0	3.0	
1928.0	21.0	2.0	9.0	1.0	22.0	2.0	6.0	2.0	23.0	2.0	7.0	3.0	
1929.0	24.0	2.0	14.0	4.0	25.0	2.0	12.0	2.0	26.0	2.0	1.0	2.0	
1930.0	27.0	2.0	13.0	4.0	28.0	2.0	8.0	1.0	29.0	2.0	2.0	5.0	
1931.0	30.0	2.0	14.0	1.0	31.0	2.0	8.0	1.0	32.0	2.0	14.0	3.0	
1932.0	33.0	2.0	14.0	1.0	34.0	2.0	14.0	1.0	35.0	2.0	10.0	5.0	
1933.0	36.0	2.0	15.0	4.0	37.0	2.0	5.0	2.0	38.0	2.0	5.0	5.0	
1934.0	39.0	2.0	14.0	2.0	40.0	2.0	11.0	3.0	21.0	2.0	9.0	1.0	
1935.0	22.0	2.0	6.0	2.0	23.0	2.0	7.0	3.0	24.0	2.0	14.0	4.0	
1936.0	25.0	2.0	12.0	2.0	26.0	2.0	1.0	2.0	27.0	2.0	13.0	4.0	
1937.0	28.0	2.0	8.0	1.0	29.0	2.0	2.0	5.0	30.0	2.0	14.0	1.0	
1938.0	31.0	2.0	8.0	1.0	32.0	2.0	14.0	3.0	33.0	2.0	14.0	1.0	
1939.0	34.0	2.0	14.0	1.0	35.0	2.0	10.0	5.0	36.0	2.0	15.0	4.0	
1940.0	37.0	2.0	5.0	2.0	38.0	2.0	5.0	5.0	39.0	2.0	14.0	2.0	
1941.0	40.0	2.0	11.0	3.0	21.0	2.0	9.0	1.0	22.0	2.0	6.0	2.0	
1942.0	23.0	2.0	7.0	3.0	24.0	2.0	14.0	4.0	25.0	2.0	12.0	2.0	
1943.0	26.0	2.0	1.0	2.0	27.0	2.0	13.0	4.0	28.0	2.0	8.0	1.0	
1944.0	29.0	2.0	2.0	5.0	30.0	2.0	14.0	1.0	31.0	2.0	8.0	1.0	
1945.0	32.0	2.0	14.0	3.0	33.0	2.0	14.0	1.0	34.0	2.0	14.0	1.0	
1946.0	35.0	2.0	10.0	5.0	36.0	2.0	15.0	4.0	37.0	2.0	5.0	2.0	
1947.0	38.0	2.0	5.0	5.0	39.0	2.0	14.0	2.0	40.0	2.0	11.0	3.0	
1948.0	21.0	2.0	9.0	1.0	22.0	2.0	6.0	2.0	23.0	2.0	7.0	3.0	
1949.0	24.0	2.0	14.0	4.0	25.0	2.0	12.0	2.0	26.0	2.0	1.0	2.0	
1950.0	27.0	2.0	13.0	4.0	28.0	2.0	8.0	1.0	29.0	2.0	2.0	5.0	
1951.0	30.0	2.0	14.0	1.0	31.0	2.0	8.0	1.0	32.0	2.0	14.0	3.0	
1952.0	33.0	2.0	14.0	1.0	34.0	2.0	14.0	1.0	35.0	2.0	10.0	5.0	
1953.0	36.0	2.0	15.0	4.0	37.0	2.0	5.0	2.0	38.0	2.0	5.0	5.0	
1954.0	39.0	2.0	14.0	2.0	40.0	2.0	11.0	3.0	21.0	2.0	9.0	1.0	
1955.0	22.0	2.0	6.0	2.0	23.0	2.0	7.0	3.0	24.0	2.0	14.0	4.0	
1956.0	25.0	2.0	12.0	2.0	26.0	2.0	1.0	2.0	27.0	2.0	13.0	4.0	
1957.0	28.0	2.0	8.0	1.0	29.0	2.0	2.0	5.0	30.0	2.0	14.0	1.0	
1958.0	31.0	2.0	8.0	1.0	32.0	2.0	14.0	3.0	33.0	2.0	14.0	1.0	
1959.0	34.0	2.0	14.0	1.0	35.0	2.0	10.0	5.0	36.0	2.0	15.0	4.0	
1960.0	37.0	2.0	5.0	2.0	38.0	2.0	5.0	5.0	39.0	2.0	14.0	2.0	
1961.0	40.0	2.0	11.0	3.0	21.0	2.0	9.0	1.0	22.0	2.0	6.0	2.0	
1962.0	23.0	2.0	7.0	3.0	24.0	2.0	14.0	4.0	25.0	2.0	12.0	2.0	
1963.0	26.0	2.0	1.0	2.0	27.0	2.0	13.0	4.0	28.0	2.0	8.0	1.0	
1964.0	29.0	2.0	2.0	5.0	30.0	2.0	14.0	1.0	31.0	2.0	8.0	1.0	
1965.0	32.0	2.0	14.0	3.0	33.0	2.0	14.0	1.0	34.0	2.0	14.0	1.0	
1966.0	35.0	2.0	10.0	5.0	36.0	2.0	15.0	4.0	37.0	2.0	5.0	2.0	
1967.0	38.0	2.0	5.0	5.0	39.0	2.0	14.0	2.0	40.0	2.0	11.0	3.0	
1968.0	21.0	2.0	9.0	1.0	22.0	2.0	6.0	2.0	23.0	2.0	7.0	3.0	
1969.0	24.0	2.0	14.0	4.0	25.0	2.0	12.0	2.0	26.0	2.0	1.0	2.0	
1970.0	27.0	2.0	13.0	4.0	28.0	2.0	8.0	1.0	29.0	2.0	2.0	5.0	
1971.0	30.0	2.0	14.0	1.0	31.0	2.0	8.0	1.0	32.0	2.0	14.0	3.0	
1972.0	33.0	2.0	14.0	1.0	34.0	2.0	14.0	1.0	35.0	2.0	10.0	5.0	
1973.0	36.0	2.0	15.0	4.0	37.0	2.0	5.0	2.0	38.0	2.0	5.0	5.0	
1974.0	20.0	1.0	4.0	5.0	1.0	1.0	11.0	3.0	2.0	1.0	14.0	1.0	
1975.0	3.0	1.0	6.0	4.0	4.0	1.0	9.0	4.0	5.0	1.0	15.0	2.0	
1976.0	6.0	1.0	7.0	1.0	7.0	1.0	11.0	1.0	8.0	1.0	15.0	3.0	
1977.0	9.0	1.0	15.0	5.0	10.0	1.0	15.0	1.0	11.0	1.0	4.0	4.0	
1978.0	12.0	1.0	5.0	3.0	13.0	1.0	3.0	1.0	14.0	1.0	13.0	5.0	
1979.0	15.0	1.0	11.0	1.0	16.0	1.0	14.0	2.0	17.0	1.0	11.0	4.0	
1980.0	18.0	1.0	2.0	5.0	19.0	1.0	13.0	4.0	20.0	1.0	4.0	5.0	
1981.0	1.0	1.0	11.0	3.0	2.0	1.0	14.0	1.0	3.0	1.0	6.0	4.0	
1982.0	4.0	1.0	9.0	4.0	5.0	1.0	15.0	2.0	6.0	1.0	7.0	1.0	
1983.0	7.0	1.0	11.0	1.0	8.0	1.0	15.0	3.0	9.0	1.0	15.0	5.0	
1984.0	10.0	1.0	15.0	1.0	11.0	1.0	4.0	4.0	12.0	1.0	5.0	3.0	
1985.0	13.0	1.0	3.0	1.0	14.0	1.0	13.0	5.0	15.0	1.0	11.0	1.0	
1986.0	16.0	1.0	14.0	2.0	17.0	1.0	11.0	4.0	18.0	1.0	2.0	5.0	
1987.0	19.0	1.0	13.0	4.0	20.0	1.0	4.0	5.0	1.0	1.0	11.0	3.0	
1988.0	2.0	1.0	14.0	1.0	3.0	1.0	6.0	4.0	4.0	1.0	9.0	4.0	
1989.0	5.0	1.0	15.0	2.0	6.0	1.0	7.0	1.0	7.0	1.0	11.0	1.0	
1990.0	8.0	1.0	15.0	3.0	9.0	1.0	15.0	5.0	10.0	1.0	15.0	1.0	
1991.0	11.0	1.0	4.0	4.0	12.0	1.0	5.0	3.0	13.0	1.0	3.0	1.0	
1992.0	14.0	1.0	13.0	5.0	15.0	1.0	11.0	1.0	16.0	1.0	14.0	2.0	
1993.0	17.0	1.0	11.0	4.0	18.0	1.0	2.0	5.0	19.0	1.0	13.0	4.0	
1994.0	20.0	1.0	4.0	5.0	1.0	1.0	11.0	3.0	2.0	1.0	14.0	1.0	
1995.0	3.0	1.0	6.0	4.0	4.0	1.0	9.0	4.0	5.0	1.0	15.0	2.0	
1996.0	6.0	1.0	7.0	1.0	7.0	1.0	11.0	1.0	8.0	1.0	15.0	3.0	
1997.0	9.0	1.0	15.0	5.0	10.0	1.0	15.0	1.0	11.0	1.0	4.0	4.0	
1998.0	12.0	1.0	5.0	3.0	13.0	1.0	3.0	1.0	14.0	1.0	13.0	5.0	
1999.0	15.0	1.0	11.0	1.0	16.0	1.0	14.0	2.0	17.0	1.0	11.0	4.0	
2000.0	18.0	1.0	2.0	5.0	19.0	1.0	13.0	4.0	20.0	1.0	4.0	5.0	
2001.0	1.0	1.0	11.0	3.0	2.0	1.0	14.0	1.0	3.0	1.0	6.0	4.0	
2002.0	4.0	1.0	9.0	4.0	5.0	1.0	15.0	2.0	6.0	1.0	7.0	1.0	
2003.0	7.0	1.0	11.0	1.0	8.0	1.0	15.0	3.0	9.0	1.0	15.0	5.0	
2004.0	10.0	1.0	15.0	1.0	11.0	1.0	4.0	4.0	12.0	1.0	5.0	3.0	
2005.0	13.0	1.0	3.0	1.0	14.0	1.0	13.0	5.0	15.0	1.0	11.0	1.0	
2006.0	16.0	1.0	14.0	2.0	17.0	1.0	11.0	4.0	18.0	1.0	2.0	5.0	
2007.0	19.0	1.0	13.0	4.0	20.0	1.0	4.0	5.0	1.0	1.0	11.0	3.0	
2008.0	2.0	1.0	14.0	1.0	3.0	1.0	6.0	4.0	4.0	1.0	9.0	4.0	
2009.0	5.0	1.0	15.0	2.0	6.0	1.0	7.0	1.0	7.0	1.0	11.0	1.0	
2010.0	8.0	1.0	15.0	3.0	9.0	1.0	15.0	5.0	10.0	1.0	15.0	1.0	
2011.0	11.0	1.0	4.0	4.0	12.0	1.0	5.0	3.0	13.0	1.0	3.0	1.0	
2012.0	14.0	1.0	13.0	5.0	15.0	1.0	11.0	1.0	16.0	1.0	14.0	2.0	
2013.0	17.0	1.0	11.0	4.0	18.0	1.0	2.0	5.0	19.0	1.0	13.0	4.0	
2014.0	20.0	1.0	4.0	5.0	1.0	1.0	11.0	3.0	2.0	1.0	14.0	1.0	
2015.0	3.0	1.0	6.0	4.0	4.0	1.0	9.0	4.0	5.0	1.0	15.0	2.0	
2016.0	6.0	1.0	7.0	1.0	7.0	1.0	11.0	1.0	8.0	1.0	15.0	3.0	
2017.0	9.0	1.0	15.0	5.0	10.0	1.0	15.0	1.0	11.0	1.0	4.0	4.0	
2018.0	12.0	1.0	5.0	3.0	13.0	1.0	3.0	1.0	14.0	1.0	13.0	5.0	
2019.0	15.0	1.0	11.0	1.0	16.0	1.0	14.0	2.0	17.0	1.0	11.0	4.0	
2020.0	18.0	1.0	2.0	5.0	19.0	1.0	13.0	4.0	20.0	1.0	4.0	5.0	
2021.0	1.0	1.0	11.0	3.0	2.0	1.0	14.0	1.0	3.0	1.0	6.0	4.0	
2022.0	4.0	1.0	9.0	4.0	5.0	1.0	15.0	2.0	6.0	1.0	7.0	1.0	
2023.0	7.0	1.0	11.0	1.0	8.0	1.0	15.0	3.0	9.0	1.0	15.0	5.0	
2024.0	10.0	1.0	15.0	1.0	11.0	1.0	4.0	4.0	12.0	1.0	5.0	3.0	
2025.0	13.0	1.0	3.0	1.0	14.0	1.0	13.0	5.0	15.0	1.0	11.0	1.0	
2026.0	16.0	1.0	14.0	2.0	17.0	1.0	11.0	4.0	18.0	1.0	2.0	5.0	
2027.0	19.0	1.0	13.0	4.0	20.0	1.0	4.0	5.0	1.0	1.0	11.0	3.0	
2028.0	2.0	1.0	14.0	1.0	3.0	1.0	6.0	4.0	4.0	1.0	9.0	4.0	
2029.0	5.0	1.0	15.0	2.0	6.0	1.0	7.0	1.0	7.0	1.0	11.0	1.0	
2030.0	8.0	1.0	15.0	3.0	9.0	1.0	15.0	5.0	10.0	1.0	15.0	1.0	
2031.0	11.0	1.0	4.0	4.0	12.0	1.0	5.0	3.0	13.0	1.0	3.0	1.0	
2032.0	14.0	1.0	13.0	5.0	15.0	1.0	11.0	1.0	16.0	1.0	14.0	2.0	
2033.0	17.0	1.0	11.0	4.0	18.0	1.0	2.0	5.0	19.0	1.0	13.0	4.0	
2034.0	20.0	1.0	4.0	5.0	1.0	1.0	11.0	3.0	2.0	1.0	14.0	1.0	
2035.0	3.0	1.0	6.0	4.0	4.0	1.0	9.0	4.0	5.0	1.0	15.0	2.0	
2036.0	6.0	1.0	7.0	1.0	7.0	1.0	11.0	1.0	8.0	1.0	15.0	3.0	
2037.0	9.0	1.0	15.0	5.0	10.0	1.0	15.0	1.0	11.0	1.0	4.0	4.0	
2038.0	12.0	1.0	5.0	3.0	13.0	1.0	3.0	1.0	14.0	1.0	13.0	5.0	
2039.0	15.0	1.0	11.0	1.0	16.0	1.0	14.0	2.0	17.0	1.0	11.0	4.0	
2040.0	18.0	1.0	2.0	5.0	19.0	1.0	13.0	4.0	20.0	1.0	4.0	5.0	
2041.0	1.0	1.0	11.0	3.0	2.0	1.0	14.0	1.0	3.0	1.0	6.0	4.0	
2042.0	4.0	1.0	9.0	4.0	5.0	1.0	15.0	2.0	6.0	1.0	7.0	1.0	
2043.0	7.0	1.0	11.0	1.0	8.0	1.0	15.0	3.0	9.0	1.0	15.0	5.0	
2044.0	10.0	1.0	15.0	1.0	11.0	1.0	4.0	4.0	12.0	1.0	5.0	3.0	
2045.0	13.0	1.0	3.0	1.0	14.0	1.0	13.0	5.0	15.0	1.0	11.0	1.0	
2046.0	16.0	1.0	14.0	2.0	17.0	1.0	11.0	4.0	18.0	1.0	2.0	5.0	
2047.0	19.0	1.0	13.0	4.0	20.0	1.0	4.0	5.0	1.0	1.0	11.0	3.0	
2048.0	2.0	1.0	14.0	1.0	3.0	1.0	6.0	4.0	4.0	1.0	9.0	4.0	
=====================================================================================================================================================
kmean data blocks: block #, copy1(VM #, VM Flav #, PM #, Rack #), copy2(VM #, VM Flav #, PM #, Rack #), copy3(VM #, VM Flav #, PM #, Rack #)
=====================================================================================================================================================
1.0	95.0	5.0	8.0	5.0	96.0	5.0	15.0	3.0	97.0	5.0	9.0	3.0	
2.0	98.0	5.0	15.0	2.0	99.0	5.0	12.0	3.0	100.0	5.0	14.0	1.0	
3.0	81.0	5.0	3.0	4.0	82.0	5.0	6.0	2.0	83.0	5.0	5.0	1.0	
4.0	84.0	5.0	12.0	2.0	85.0	5.0	3.0	5.0	86.0	5.0	15.0	4.0	
5.0	87.0	5.0	5.0	5.0	88.0	5.0	4.0	3.0	89.0	5.0	14.0	2.0	
6.0	90.0	5.0	4.0	1.0	91.0	5.0	9.0	5.0	92.0	5.0	10.0	4.0	
7.0	93.0	5.0	4.0	5.0	94.0	5.0	13.0	1.0	95.0	5.0	8.0	5.0	
8.0	96.0	5.0	15.0	3.0	97.0	5.0	9.0	3.0	98.0	5.0	15.0	2.0	
9.0	99.0	5.0	12.0	3.0	100.0	5.0	14.0	1.0	81.0	5.0	3.0	4.0	
10.0	82.0	5.0	6.0	2.0	83.0	5.0	5.0	1.0	84.0	5.0	12.0	2.0	
11.0	85.0	5.0	3.0	5.0	86.0	5.0	15.0	4.0	87.0	5.0	5.0	5.0	
12.0	88.0	5.0	4.0	3.0	89.0	5.0	14.0	2.0	90.0	5.0	4.0	1.0	
13.0	91.0	5.0	9.0	5.0	92.0	5.0	10.0	4.0	93.0	5.0	4.0	5.0	
14.0	94.0	5.0	13.0	1.0	95.0	5.0	8.0	5.0	96.0	5.0	15.0	3.0	
15.0	97.0	5.0	9.0	3.0	98.0	5.0	15.0	2.0	99.0	5.0	12.0	3.0	
16.0	100.0	5.0	14.0	1.0	81.0	5.0	3.0	4.0	82.0	5.0	6.0	2.0	
17.0	83.0	5.0	5.0	1.0	84.0	5.0	12.0	2.0	85.0	5.0	3.0	5.0	
18.0	86.0	5.0	15.0	4.0	87.0	5.0	5.0	5.0	88.0	5.0	4.0	3.0	
19.0	89.0	5.0	14.0	2.0	90.0	5.0	4.0	1.0	91.0	5.0	9.0	5.0	
20.0	92.0	5.0	10.0	4.0	93.0	5.0	4.0	5.0	94.0	5.0	13.0	1.0	
21.0	95.0	5.0	8.0	5.0	96.0	5.0	15.0	3.0	97.0	5.0	9.0	3.0	
22.0	98.0	5.0	15.0	2.0	99.0	5.0	12.0	3.0	100.0	5.0	14.0	1.0	
23.0	81.0	5.0	3.0	4.0	82.0	5.0	6.0	2.0	83.0	5.0	5.0	1.0	
24.0	84.0	5.0	12.0	2.0	85.0	5.0	3.0	5.0	86.0	5.0	15.0	4.0	
25.0	87.0	5.0	5.0	5.0	88.0	5.0	4.0	3.0	89.0	5.0	14.0	2.0	
26.0	90.0	5.0	4.0	1.0	91.0	5.0	9.0	5.0	92.0	5.0	10.0	4.0	
27.0	93.0	5.0	4.0	5.0	94.0	5.0	13.0	1.0	95.0	5.0	8.0	5.0	
28.0	96.0	5.0	15.0	3.0	97.0	5.0	9.0	3.0	98.0	5.0	15.0	2.0	
29.0	99.0	5.0	12.0	3.0	100.0	5.0	14.0	1.0	81.0	5.0	3.0	4.0	
30.0	82.0	5.0	6.0	2.0	83.0	5.0	5.0	1.0	84.0	5.0	12.0	2.0	
31.0	85.0	5.0	3.0	5.0	86.0	5.0	15.0	4.0	87.0	5.0	5.0	5.0	
32.0	88.0	5.0	4.0	3.0	89.0	5.0	14.0	2.0	90.0	5.0	4.0	1.0	
33.0	91.0	5.0	9.0	5.0	92.0	5.0	10.0	4.0	93.0	5.0	4.0	5.0	
34.0	94.0	5.0	13.0	1.0	95.0	5.0	8.0	5.0	96.0	5.0	15.0	3.0	
35.0	97.0	5.0	9.0	3.0	98.0	5.0	15.0	2.0	99.0	5.0	12.0	3.0	
36.0	100.0	5.0	14.0	1.0	81.0	5.0	3.0	4.0	82.0	5.0	6.0	2.0	
37.0	83.0	5.0	5.0	1.0	84.0	5.0	12.0	2.0	85.0	5.0	3.0	5.0	
38.0	86.0	5.0	15.0	4.0	87.0	5.0	5.0	5.0	88.0	5.0	4.0	3.0	
39.0	89.0	5.0	14.0	2.0	90.0	5.0	4.0	1.0	91.0	5.0	9.0	5.0	
40.0	92.0	5.0	10.0	4.0	93.0	5.0	4.0	5.0	94.0	5.0	13.0	1.0	
41.0	95.0	5.0	8.0	5.0	96.0	5.0	15.0	3.0	97.0	5.0	9.0	3.0	
42.0	98.0	5.0	15.0	2.0	99.0	5.0	12.0	3.0	100.0	5.0	14.0	1.0	
43.0	81.0	5.0	3.0	4.0	82.0	5.0	6.0	2.0	83.0	5.0	5.0	1.0	
44.0	84.0	5.0	12.0	2.0	85.0	5.0	3.0	5.0	86.0	5.0	15.0	4.0	
45.0	87.0	5.0	5.0	5.0	88.0	5.0	4.0	3.0	89.0	5.0	14.0	2.0	
46.0	90.0	5.0	4.0	1.0	91.0	5.0	9.0	5.0	92.0	5.0	10.0	4.0	
47.0	93.0	5.0	4.0	5.0	94.0	5.0	13.0	1.0	95.0	5.0	8.0	5.0	
48.0	96.0	5.0	15.0	3.0	97.0	5.0	9.0	3.0	98.0	5.0	15.0	2.0	
49.0	99.0	5.0	12.0	3.0	100.0	5.0	14.0	1.0	81.0	5.0	3.0	4.0	
50.0	82.0	5.0	6.0	2.0	83.0	5.0	5.0	1.0	84.0	5.0	12.0	2.0	
51.0	85.0	5.0	3.0	5.0	86.0	5.0	15.0	4.0	87.0	5.0	5.0	5.0	
52.0	88.0	5.0	4.0	3.0	89.0	5.0	14.0	2.0	90.0	5.0	4.0	1.0	
53.0	91.0	5.0	9.0	5.0	92.0	5.0	10.0	4.0	93.0	5.0	4.0	5.0	
54.0	94.0	5.0	13.0	1.0	95.0	5.0	8.0	5.0	96.0	5.0	15.0	3.0	
55.0	97.0	5.0	9.0	3.0	98.0	5.0	15.0	2.0	99.0	5.0	12.0	3.0	
56.0	100.0	5.0	14.0	1.0	81.0	5.0	3.0	4.0	82.0	5.0	6.0	2.0	
57.0	83.0	5.0	5.0	1.0	84.0	5.0	12.0	2.0	85.0	5.0	3.0	5.0	
58.0	86.0	5.0	15.0	4.0	87.0	5.0	5.0	5.0	88.0	5.0	4.0	3.0	
59.0	89.0	5.0	14.0	2.0	90.0	5.0	4.0	1.0	91.0	5.0	9.0	5.0	
60.0	92.0	5.0	10.0	4.0	93.0	5.0	4.0	5.0	94.0	5.0	13.0	1.0	
61.0	95.0	5.0	8.0	5.0	96.0	5.0	15.0	3.0	97.0	5.0	9.0	3.0	
62.0	98.0	5.0	15.0	2.0	99.0	5.0	12.0	3.0	100.0	5.0	14.0	1.0	
63.0	81.0	5.0	3.0	4.0	82.0	5.0	6.0	2.0	83.0	5.0	5.0	1.0	
64.0	84.0	5.0	12.0	2.0	85.0	5.0	3.0	5.0	86.0	5.0	15.0	4.0	
65.0	87.0	5.0	5.0	5.0	88.0	5.0	4.0	3.0	89.0	5.0	14.0	2.0	
66.0	90.0	5.0	4.0	1.0	91.0	5.0	9.0	5.0	92.0	5.0	10.0	4.0	
67.0	93.0	5.0	4.0	5.0	94.0	5.0	13.0	1.0	95.0	5.0	8.0	5.0	
68.0	96.0	5.0	15.0	3.0	97.0	5.0	9.0	3.0	98.0	5.0	15.0	2.0	
69.0	99.0	5.0	12.0	3.0	100.0	5.0	14.0	1.0	81.0	5.0	3.0	4.0	
70.0	82.0	5.0	6.0	2.0	83.0	5.0	5.0	1.0	84.0	5.0	12.0	2.0	
71.0	85.0	5.0	3.0	5.0	86.0	5.0	15.0	4.0	87.0	5.0	5.0	5.0	
72.0	88.0	5.0	4.0	3.0	89.0	5.0	14.0	2.0	90.0	5.0	4.0	1.0	
73.0	91.0	5.0	9.0	5.0	92.0	5.0	10.0	4.0	93.0	5.0	4.0	5.0	
74.0	94.0	5.0	13.0	1.0	95.0	5.0	8.0	5.0	96.0	5.0	15.0	3.0	
75.0	97.0	5.0	9.0	3.0	98.0	5.0	15.0	2.0	99.0	5.0	12.0	3.0	
76.0	100.0	5.0	14.0	1.0	81.0	5.0	3.0	4.0	82.0	5.0	6.0	2.0	
77.0	83.0	5.0	5.0	1.0	84.0	5.0	12.0	2.0	85.0	5.0	3.0	5.0	
78.0	86.0	5.0	15.0	4.0	87.0	5.0	5.0	5.0	88.0	5.0	4.0	3.0	
79.0	89.0	5.0	14.0	2.0	90.0	5.0	4.0	1.0	91.0	5.0	9.0	5.0	
80.0	92.0	5.0	10.0	4.0	93.0	5.0	4.0	5.0	94.0	5.0	13.0	1.0	
81.0	95.0	5.0	8.0	5.0	96.0	5.0	15.0	3.0	97.0	5.0	9.0	3.0	
82.0	98.0	5.0	15.0	2.0	99.0	5.0	12.0	3.0	100.0	5.0	14.0	1.0	
83.0	81.0	5.0	3.0	4.0	82.0	5.0	6.0	2.0	83.0	5.0	5.0	1.0	
84.0	84.0	5.0	12.0	2.0	85.0	5.0	3.0	5.0	86.0	5.0	15.0	4.0	
85.0	87.0	5.0	5.0	5.0	88.0	5.0	4.0	3.0	89.0	5.0	14.0	2.0	
86.0	90.0	5.0	4.0	1.0	91.0	5.0	9.0	5.0	92.0	5.0	10.0	4.0	
87.0	93.0	5.0	4.0	5.0	94.0	5.0	13.0	1.0	95.0	5.0	8.0	5.0	
88.0	96.0	5.0	15.0	3.0	97.0	5.0	9.0	3.0	98.0	5.0	15.0	2.0	
89.0	99.0	5.0	12.0	3.0	100.0	5.0	14.0	1.0	81.0	5.0	3.0	4.0	
90.0	82.0	5.0	6.0	2.0	83.0	5.0	5.0	1.0	84.0	5.0	12.0	2.0	
91.0	85.0	5.0	3.0	5.0	86.0	5.0	15.0	4.0	87.0	5.0	5.0	5.0	
92.0	88.0	5.0	4.0	3.0	89.0	5.0	14.0	2.0	90.0	5.0	4.0	1.0	
93.0	91.0	5.0	9.0	5.0	92.0	5.0	10.0	4.0	93.0	5.0	4.0	5.0	
94.0	94.0	5.0	13.0	1.0	95.0	5.0	8.0	5.0	96.0	5.0	15.0	3.0	
95.0	97.0	5.0	9.0	3.0	98.0	5.0	15.0	2.0	99.0	5.0	12.0	3.0	
96.0	100.0	5.0	14.0	1.0	81.0	5.0	3.0	4.0	82.0	5.0	6.0	2.0	
97.0	83.0	5.0	5.0	1.0	84.0	5.0	12.0	2.0	85.0	5.0	3.0	5.0	
98.0	86.0	5.0	15.0	4.0	87.0	5.0	5.0	5.0	88.0	5.0	4.0	3.0	
99.0	89.0	5.0	14.0	2.0	90.0	5.0	4.0	1.0	91.0	5.0	9.0	5.0	
100.0	92.0	5.0	10.0	4.0	93.0	5.0	4.0	5.0	94.0	5.0	13.0	1.0	
101.0	95.0	5.0	8.0	5.0	96.0	5.0	15.0	3.0	97.0	5.0	9.0	3.0	
102.0	98.0	5.0	15.0	2.0	99.0	5.0	12.0	3.0	100.0	5.0	14.0	1.0	
103.0	81.0	5.0	3.0	4.0	82.0	5.0	6.0	2.0	83.0	5.0	5.0	1.0	
104.0	84.0	5.0	12.0	2.0	85.0	5.0	3.0	5.0	86.0	5.0	15.0	4.0	
105.0	87.0	5.0	5.0	5.0	88.0	5.0	4.0	3.0	89.0	5.0	14.0	2.0	
106.0	90.0	5.0	4.0	1.0	91.0	5.0	9.0	5.0	92.0	5.0	10.0	4.0	
107.0	93.0	5.0	4.0	5.0	94.0	5.0	13.0	1.0	95.0	5.0	8.0	5.0	
108.0	96.0	5.0	15.0	3.0	97.0	5.0	9.0	3.0	98.0	5.0	15.0	2.0	
109.0	99.0	5.0	12.0	3.0	100.0	5.0	14.0	1.0	81.0	5.0	3.0	4.0	
110.0	82.0	5.0	6.0	2.0	83.0	5.0	5.0	1.0	84.0	5.0	12.0	2.0	
111.0	85.0	5.0	3.0	5.0	86.0	5.0	15.0	4.0	87.0	5.0	5.0	5.0	
112.0	88.0	5.0	4.0	3.0	89.0	5.0	14.0	2.0	90.0	5.0	4.0	1.0	
113.0	91.0	5.0	9.0	5.0	92.0	5.0	10.0	4.0	93.0	5.0	4.0	5.0	
114.0	94.0	5.0	13.0	1.0	95.0	5.0	8.0	5.0	96.0	5.0	15.0	3.0	
115.0	97.0	5.0	9.0	3.0	98.0	5.0	15.0	2.0	99.0	5.0	12.0	3.0	
116.0	100.0	5.0	14.0	1.0	81.0	5.0	3.0	4.0	82.0	5.0	6.0	2.0	
117.0	83.0	5.0	5.0	1.0	84.0	5.0	12.0	2.0	85.0	5.0	3.0	5.0	
118.0	86.0	5.0	15.0	4.0	87.0	5.0	5.0	5.0	88.0	5.0	4.0	3.0	
119.0	89.0	5.0	14.0	2.0	90.0	5.0	4.0	1.0	91.0	5.0	9.0	5.0	
120.0	92.0	5.0	10.0	4.0	93.0	5.0	4.0	5.0	94.0	5.0	13.0	1.0	
121.0	95.0	5.0	8.0	5.0	96.0	5.0	15.0	3.0	97.0	5.0	9.0	3.0	
122.0	98.0	5.0	15.0	2.0	99.0	5.0	12.0	3.0	100.0	5.0	14.0	1.0	
123.0	81.0	5.0	3.0	4.0	82.0	5.0	6.0	2.0	83.0	5.0	5.0	1.0	
124.0	84.0	5.0	12.0	2.0	85.0	5.0	3.0	5.0	86.0	5.0	15.0	4.0	
125.0	87.0	5.0	5.0	5.0	88.0	5.0	4.0	3.0	89.0	5.0	14.0	2.0	
126.0	90.0	5.0	4.0	1.0	91.0	5.0	9.0	5.0	92.0	5.0	10.0	4.0	
127.0	93.0	5.0	4.0	5.0	94.0	5.0	13.0	1.0	95.0	5.0	8.0	5.0	
128.0	96.0	5.0	15.0	3.0	97.0	5.0	9.0	3.0	98.0	5.0	15.0	2.0	
129.0	99.0	5.0	12.0	3.0	100.0	5.0	14.0	1.0	81.0	5.0	3.0	4.0	
130.0	82.0	5.0	6.0	2.0	83.0	5.0	5.0	1.0	84.0	5.0	12.0	2.0	
131.0	85.0	5.0	3.0	5.0	86.0	5.0	15.0	4.0	87.0	5.0	5.0	5.0	
132.0	88.0	5.0	4.0	3.0	89.0	5.0	14.0	2.0	90.0	5.0	4.0	1.0	
133.0	91.0	5.0	9.0	5.0	92.0	5.0	10.0	4.0	93.0	5.0	4.0	5.0	
134.0	94.0	5.0	13.0	1.0	95.0	5.0	8.0	5.0	96.0	5.0	15.0	3.0	
135.0	97.0	5.0	9.0	3.0	98.0	5.0	15.0	2.0	99.0	5.0	12.0	3.0	
136.0	100.0	5.0	14.0	1.0	81.0	5.0	3.0	4.0	82.0	5.0	6.0	2.0	
137.0	83.0	5.0	5.0	1.0	84.0	5.0	12.0	2.0	85.0	5.0	3.0	5.0	
138.0	86.0	5.0	15.0	4.0	87.0	5.0	5.0	5.0	88.0	5.0	4.0	3.0	
139.0	89.0	5.0	14.0	2.0	90.0	5.0	4.0	1.0	91.0	5.0	9.0	5.0	
140.0	92.0	5.0	10.0	4.0	93.0	5.0	4.0	5.0	94.0	5.0	13.0	1.0	
141.0	95.0	5.0	8.0	5.0	96.0	5.0	15.0	3.0	97.0	5.0	9.0	3.0	
142.0	98.0	5.0	15.0	2.0	99.0	5.0	12.0	3.0	100.0	5.0	14.0	1.0	
143.0	81.0	5.0	3.0	4.0	82.0	5.0	6.0	2.0	83.0	5.0	5.0	1.0	
144.0	84.0	5.0	12.0	2.0	85.0	5.0	3.0	5.0	86.0	5.0	15.0	4.0	
145.0	87.0	5.0	5.0	5.0	88.0	5.0	4.0	3.0	89.0	5.0	14.0	2.0	
146.0	90.0	5.0	4.0	1.0	91.0	5.0	9.0	5.0	92.0	5.0	10.0	4.0	
147.0	93.0	5.0	4.0	5.0	94.0	5.0	13.0	1.0	95.0	5.0	8.0	5.0	
148.0	96.0	5.0	15.0	3.0	97.0	5.0	9.0	3.0	98.0	5.0	15.0	2.0	
149.0	99.0	5.0	12.0	3.0	100.0	5.0	14.0	1.0	81.0	5.0	3.0	4.0	
150.0	82.0	5.0	6.0	2.0	83.0	5.0	5.0	1.0	84.0	5.0	12.0	2.0	
151.0	85.0	5.0	3.0	5.0	86.0	5.0	15.0	4.0	87.0	5.0	5.0	5.0	
152.0	88.0	5.0	4.0	3.0	89.0	5.0	14.0	2.0	90.0	5.0	4.0	1.0	
153.0	91.0	5.0	9.0	5.0	92.0	5.0	10.0	4.0	93.0	5.0	4.0	5.0	
154.0	94.0	5.0	13.0	1.0	95.0	5.0	8.0	5.0	96.0	5.0	15.0	3.0	
155.0	97.0	5.0	9.0	3.0	98.0	5.0	15.0	2.0	99.0	5.0	12.0	3.0	
156.0	100.0	5.0	14.0	1.0	81.0	5.0	3.0	4.0	82.0	5.0	6.0	2.0	
157.0	83.0	5.0	5.0	1.0	84.0	5.0	12.0	2.0	85.0	5.0	3.0	5.0	
158.0	86.0	5.0	15.0	4.0	87.0	5.0	5.0	5.0	88.0	5.0	4.0	3.0	
159.0	89.0	5.0	14.0	2.0	90.0	5.0	4.0	1.0	91.0	5.0	9.0	5.0	
160.0	92.0	5.0	10.0	4.0	93.0	5.0	4.0	5.0	94.0	5.0	13.0	1.0	
161.0	95.0	5.0	8.0	5.0	96.0	5.0	15.0	3.0	97.0	5.0	9.0	3.0	
162.0	98.0	5.0	15.0	2.0	99.0	5.0	12.0	3.0	100.0	5.0	14.0	1.0	
163.0	81.0	5.0	3.0	4.0	82.0	5.0	6.0	2.0	83.0	5.0	5.0	1.0	
164.0	84.0	5.0	12.0	2.0	85.0	5.0	3.0	5.0	86.0	5.0	15.0	4.0	
165.0	87.0	5.0	5.0	5.0	88.0	5.0	4.0	3.0	89.0	5.0	14.0	2.0	
166.0	90.0	5.0	4.0	1.0	91.0	5.0	9.0	5.0	92.0	5.0	10.0	4.0	
167.0	93.0	5.0	4.0	5.0	94.0	5.0	13.0	1.0	95.0	5.0	8.0	5.0	
168.0	96.0	5.0	15.0	3.0	97.0	5.0	9.0	3.0	98.0	5.0	15.0	2.0	
169.0	99.0	5.0	12.0	3.0	100.0	5.0	14.0	1.0	81.0	5.0	3.0	4.0	
170.0	82.0	5.0	6.0	2.0	83.0	5.0	5.0	1.0	84.0	5.0	12.0	2.0	
171.0	85.0	5.0	3.0	5.0	86.0	5.0	15.0	4.0	87.0	5.0	5.0	5.0	
172.0	88.0	5.0	4.0	3.0	89.0	5.0	14.0	2.0	90.0	5.0	4.0	1.0	
173.0	91.0	5.0	9.0	5.0	92.0	5.0	10.0	4.0	93.0	5.0	4.0	5.0	
174.0	94.0	5.0	13.0	1.0	95.0	5.0	8.0	5.0	96.0	5.0	15.0	3.0	
175.0	97.0	5.0	9.0	3.0	98.0	5.0	15.0	2.0	99.0	5.0	12.0	3.0	
176.0	100.0	5.0	14.0	1.0	81.0	5.0	3.0	4.0	82.0	5.0	6.0	2.0	
177.0	83.0	5.0	5.0	1.0	84.0	5.0	12.0	2.0	85.0	5.0	3.0	5.0	
178.0	86.0	5.0	15.0	4.0	87.0	5.0	5.0	5.0	88.0	5.0	4.0	3.0	
179.0	89.0	5.0	14.0	2.0	90.0	5.0	4.0	1.0	91.0	5.0	9.0	5.0	
180.0	92.0	5.0	10.0	4.0	93.0	5.0	4.0	5.0	94.0	5.0	13.0	1.0	
181.0	95.0	5.0	8.0	5.0	96.0	5.0	15.0	3.0	97.0	5.0	9.0	3.0	
182.0	98.0	5.0	15.0	2.0	99.0	5.0	12.0	3.0	100.0	5.0	14.0	1.0	
183.0	81.0	5.0	3.0	4.0	82.0	5.0	6.0	2.0	83.0	5.0	5.0	1.0	
184.0	84.0	5.0	12.0	2.0	85.0	5.0	3.0	5.0	86.0	5.0	15.0	4.0	
185.0	87.0	5.0	5.0	5.0	88.0	5.0	4.0	3.0	89.0	5.0	14.0	2.0	
186.0	90.0	5.0	4.0	1.0	91.0	5.0	9.0	5.0	92.0	5.0	10.0	4.0	
187.0	93.0	5.0	4.0	5.0	94.0	5.0	13.0	1.0	95.0	5.0	8.0	5.0	
188.0	96.0	5.0	15.0	3.0	97.0	5.0	9.0	3.0	98.0	5.0	15.0	2.0	
189.0	99.0	5.0	12.0	3.0	100.0	5.0	14.0	1.0	81.0	5.0	3.0	4.0	
190.0	82.0	5.0	6.0	2.0	83.0	5.0	5.0	1.0	84.0	5.0	12.0	2.0	
191.0	85.0	5.0	3.0	5.0	86.0	5.0	15.0	4.0	87.0	5.0	5.0	5.0	
192.0	88.0	5.0	4.0	3.0	89.0	5.0	14.0	2.0	90.0	5.0	4.0	1.0	
193.0	91.0	5.0	9.0	5.0	92.0	5.0	10.0	4.0	93.0	5.0	4.0	5.0	
194.0	94.0	5.0	13.0	1.0	95.0	5.0	8.0	5.0	96.0	5.0	15.0	3.0	
195.0	97.0	5.0	9.0	3.0	98.0	5.0	15.0	2.0	99.0	5.0	12.0	3.0	
196.0	100.0	5.0	14.0	1.0	81.0	5.0	3.0	4.0	82.0	5.0	6.0	2.0	
197.0	83.0	5.0	5.0	1.0	84.0	5.0	12.0	2.0	85.0	5.0	3.0	5.0	
198.0	86.0	5.0	15.0	4.0	87.0	5.0	5.0	5.0	88.0	5.0	4.0	3.0	
199.0	89.0	5.0	14.0	2.0	90.0	5.0	4.0	1.0	91.0	5.0	9.0	5.0	
200.0	92.0	5.0	10.0	4.0	93.0	5.0	4.0	5.0	94.0	5.0	13.0	1.0	
201.0	95.0	5.0	8.0	5.0	96.0	5.0	15.0	3.0	97.0	5.0	9.0	3.0	
202.0	98.0	5.0	15.0	2.0	99.0	5.0	12.0	3.0	100.0	5.0	14.0	1.0	
203.0	81.0	5.0	3.0	4.0	82.0	5.0	6.0	2.0	83.0	5.0	5.0	1.0	
204.0	84.0	5.0	12.0	2.0	85.0	5.0	3.0	5.0	86.0	5.0	15.0	4.0	
205.0	87.0	5.0	5.0	5.0	88.0	5.0	4.0	3.0	89.0	5.0	14.0	2.0	
206.0	90.0	5.0	4.0	1.0	91.0	5.0	9.0	5.0	92.0	5.0	10.0	4.0	
207.0	93.0	5.0	4.0	5.0	94.0	5.0	13.0	1.0	95.0	5.0	8.0	5.0	
208.0	96.0	5.0	15.0	3.0	97.0	5.0	9.0	3.0	98.0	5.0	15.0	2.0	
209.0	99.0	5.0	12.0	3.0	100.0	5.0	14.0	1.0	81.0	5.0	3.0	4.0	
210.0	82.0	5.0	6.0	2.0	83.0	5.0	5.0	1.0	84.0	5.0	12.0	2.0	
211.0	85.0	5.0	3.0	5.0	86.0	5.0	15.0	4.0	87.0	5.0	5.0	5.0	
212.0	88.0	5.0	4.0	3.0	89.0	5.0	14.0	2.0	90.0	5.0	4.0	1.0	
213.0	91.0	5.0	9.0	5.0	92.0	5.0	10.0	4.0	93.0	5.0	4.0	5.0	
214.0	94.0	5.0	13.0	1.0	95.0	5.0	8.0	5.0	96.0	5.0	15.0	3.0	
215.0	97.0	5.0	9.0	3.0	98.0	5.0	15.0	2.0	99.0	5.0	12.0	3.0	
216.0	100.0	5.0	14.0	1.0	81.0	5.0	3.0	4.0	82.0	5.0	6.0	2.0	
217.0	83.0	5.0	5.0	1.0	84.0	5.0	12.0	2.0	85.0	5.0	3.0	5.0	
218.0	86.0	5.0	15.0	4.0	87.0	5.0	5.0	5.0	88.0	5.0	4.0	3.0	
219.0	89.0	5.0	14.0	2.0	90.0	5.0	4.0	1.0	91.0	5.0	9.0	5.0	
220.0	92.0	5.0	10.0	4.0	93.0	5.0	4.0	5.0	94.0	5.0	13.0	1.0	
221.0	95.0	5.0	8.0	5.0	96.0	5.0	15.0	3.0	97.0	5.0	9.0	3.0	
222.0	98.0	5.0	15.0	2.0	99.0	5.0	12.0	3.0	100.0	5.0	14.0	1.0	
223.0	81.0	5.0	3.0	4.0	82.0	5.0	6.0	2.0	83.0	5.0	5.0	1.0	
224.0	84.0	5.0	12.0	2.0	85.0	5.0	3.0	5.0	86.0	5.0	15.0	4.0	
225.0	87.0	5.0	5.0	5.0	88.0	5.0	4.0	3.0	89.0	5.0	14.0	2.0	
226.0	90.0	5.0	4.0	1.0	91.0	5.0	9.0	5.0	92.0	5.0	10.0	4.0	
227.0	93.0	5.0	4.0	5.0	94.0	5.0	13.0	1.0	95.0	5.0	8.0	5.0	
228.0	96.0	5.0	15.0	3.0	97.0	5.0	9.0	3.0	98.0	5.0	15.0	2.0	
229.0	99.0	5.0	12.0	3.0	100.0	5.0	14.0	1.0	81.0	5.0	3.0	4.0	
230.0	82.0	5.0	6.0	2.0	83.0	5.0	5.0	1.0	84.0	5.0	12.0	2.0	
231.0	85.0	5.0	3.0	5.0	86.0	5.0	15.0	4.0	87.0	5.0	5.0	5.0	
232.0	88.0	5.0	4.0	3.0	89.0	5.0	14.0	2.0	90.0	5.0	4.0	1.0	
233.0	91.0	5.0	9.0	5.0	92.0	5.0	10.0	4.0	93.0	5.0	4.0	5.0	
234.0	94.0	5.0	13.0	1.0	95.0	5.0	8.0	5.0	96.0	5.0	15.0	3.0	
235.0	97.0	5.0	9.0	3.0	98.0	5.0	15.0	2.0	99.0	5.0	12.0	3.0	
236.0	100.0	5.0	14.0	1.0	81.0	5.0	3.0	4.0	82.0	5.0	6.0	2.0	
237.0	83.0	5.0	5.0	1.0	84.0	5.0	12.0	2.0	85.0	5.0	3.0	5.0	
238.0	86.0	5.0	15.0	4.0	87.0	5.0	5.0	5.0	88.0	5.0	4.0	3.0	
239.0	89.0	5.0	14.0	2.0	90.0	5.0	4.0	1.0	91.0	5.0	9.0	5.0	
240.0	92.0	5.0	10.0	4.0	93.0	5.0	4.0	5.0	94.0	5.0	13.0	1.0	
241.0	95.0	5.0	8.0	5.0	96.0	5.0	15.0	3.0	97.0	5.0	9.0	3.0	
242.0	98.0	5.0	15.0	2.0	99.0	5.0	12.0	3.0	100.0	5.0	14.0	1.0	
243.0	81.0	5.0	3.0	4.0	82.0	5.0	6.0	2.0	83.0	5.0	5.0	1.0	
244.0	84.0	5.0	12.0	2.0	85.0	5.0	3.0	5.0	86.0	5.0	15.0	4.0	
245.0	87.0	5.0	5.0	5.0	88.0	5.0	4.0	3.0	89.0	5.0	14.0	2.0	
246.0	90.0	5.0	4.0	1.0	91.0	5.0	9.0	5.0	92.0	5.0	10.0	4.0	
247.0	93.0	5.0	4.0	5.0	94.0	5.0	13.0	1.0	95.0	5.0	8.0	5.0	
248.0	96.0	5.0	15.0	3.0	97.0	5.0	9.0	3.0	98.0	5.0	15.0	2.0	
249.0	99.0	5.0	12.0	3.0	100.0	5.0	14.0	1.0	81.0	5.0	3.0	4.0	
250.0	82.0	5.0	6.0	2.0	83.0	5.0	5.0	1.0	84.0	5.0	12.0	2.0	
251.0	85.0	5.0	3.0	5.0	86.0	5.0	15.0	4.0	87.0	5.0	5.0	5.0	
252.0	88.0	5.0	4.0	3.0	89.0	5.0	14.0	2.0	90.0	5.0	4.0	1.0	
253.0	91.0	5.0	9.0	5.0	92.0	5.0	10.0	4.0	93.0	5.0	4.0	5.0	
254.0	94.0	5.0	13.0	1.0	95.0	5.0	8.0	5.0	96.0	5.0	15.0	3.0	
255.0	97.0	5.0	9.0	3.0	98.0	5.0	15.0	2.0	99.0	5.0	12.0	3.0	
256.0	100.0	5.0	14.0	1.0	81.0	5.0	3.0	4.0	82.0	5.0	6.0	2.0	
257.0	83.0	5.0	5.0	1.0	84.0	5.0	12.0	2.0	85.0	5.0	3.0	5.0	
258.0	86.0	5.0	15.0	4.0	87.0	5.0	5.0	5.0	88.0	5.0	4.0	3.0	
259.0	89.0	5.0	14.0	2.0	90.0	5.0	4.0	1.0	91.0	5.0	9.0	5.0	
260.0	92.0	5.0	10.0	4.0	93.0	5.0	4.0	5.0	94.0	5.0	13.0	1.0	
261.0	95.0	5.0	8.0	5.0	96.0	5.0	15.0	3.0	97.0	5.0	9.0	3.0	
262.0	98.0	5.0	15.0	2.0	99.0	5.0	12.0	3.0	100.0	5.0	14.0	1.0	
263.0	81.0	5.0	3.0	4.0	82.0	5.0	6.0	2.0	83.0	5.0	5.0	1.0	
264.0	84.0	5.0	12.0	2.0	85.0	5.0	3.0	5.0	86.0	5.0	15.0	4.0	
265.0	87.0	5.0	5.0	5.0	88.0	5.0	4.0	3.0	89.0	5.0	14.0	2.0	
266.0	90.0	5.0	4.0	1.0	91.0	5.0	9.0	5.0	92.0	5.0	10.0	4.0	
267.0	93.0	5.0	4.0	5.0	94.0	5.0	13.0	1.0	95.0	5.0	8.0	5.0	
268.0	96.0	5.0	15.0	3.0	97.0	5.0	9.0	3.0	98.0	5.0	15.0	2.0	
269.0	99.0	5.0	12.0	3.0	100.0	5.0	14.0	1.0	81.0	5.0	3.0	4.0	
270.0	82.0	5.0	6.0	2.0	83.0	5.0	5.0	1.0	84.0	5.0	12.0	2.0	
271.0	85.0	5.0	3.0	5.0	86.0	5.0	15.0	4.0	87.0	5.0	5.0	5.0	
272.0	88.0	5.0	4.0	3.0	89.0	5.0	14.0	2.0	90.0	5.0	4.0	1.0	
273.0	91.0	5.0	9.0	5.0	92.0	5.0	10.0	4.0	93.0	5.0	4.0	5.0	
274.0	94.0	5.0	13.0	1.0	95.0	5.0	8.0	5.0	96.0	5.0	15.0	3.0	
275.0	97.0	5.0	9.0	3.0	98.0	5.0	15.0	2.0	99.0	5.0	12.0	3.0	
276.0	100.0	5.0	14.0	1.0	81.0	5.0	3.0	4.0	82.0	5.0	6.0	2.0	
277.0	83.0	5.0	5.0	1.0	84.0	5.0	12.0	2.0	85.0	5.0	3.0	5.0	
278.0	86.0	5.0	15.0	4.0	87.0	5.0	5.0	5.0	88.0	5.0	4.0	3.0	
279.0	89.0	5.0	14.0	2.0	90.0	5.0	4.0	1.0	91.0	5.0	9.0	5.0	
280.0	92.0	5.0	10.0	4.0	93.0	5.0	4.0	5.0	94.0	5.0	13.0	1.0	
281.0	95.0	5.0	8.0	5.0	96.0	5.0	15.0	3.0	97.0	5.0	9.0	3.0	
282.0	98.0	5.0	15.0	2.0	99.0	5.0	12.0	3.0	100.0	5.0	14.0	1.0	
283.0	81.0	5.0	3.0	4.0	82.0	5.0	6.0	2.0	83.0	5.0	5.0	1.0	
284.0	84.0	5.0	12.0	2.0	85.0	5.0	3.0	5.0	86.0	5.0	15.0	4.0	
285.0	87.0	5.0	5.0	5.0	88.0	5.0	4.0	3.0	89.0	5.0	14.0	2.0	
286.0	90.0	5.0	4.0	1.0	91.0	5.0	9.0	5.0	92.0	5.0	10.0	4.0	
287.0	93.0	5.0	4.0	5.0	94.0	5.0	13.0	1.0	95.0	5.0	8.0	5.0	
288.0	96.0	5.0	15.0	3.0	97.0	5.0	9.0	3.0	98.0	5.0	15.0	2.0	
289.0	99.0	5.0	12.0	3.0	100.0	5.0	14.0	1.0	81.0	5.0	3.0	4.0	
290.0	82.0	5.0	6.0	2.0	83.0	5.0	5.0	1.0	84.0	5.0	12.0	2.0	
291.0	85.0	5.0	3.0	5.0	86.0	5.0	15.0	4.0	87.0	5.0	5.0	5.0	
292.0	88.0	5.0	4.0	3.0	89.0	5.0	14.0	2.0	90.0	5.0	4.0	1.0	
293.0	91.0	5.0	9.0	5.0	92.0	5.0	10.0	4.0	93.0	5.0	4.0	5.0	
294.0	94.0	5.0	13.0	1.0	95.0	5.0	8.0	5.0	96.0	5.0	15.0	3.0	
295.0	97.0	5.0	9.0	3.0	98.0	5.0	15.0	2.0	99.0	5.0	12.0	3.0	
296.0	100.0	5.0	14.0	1.0	81.0	5.0	3.0	4.0	82.0	5.0	6.0	2.0	
297.0	83.0	5.0	5.0	1.0	84.0	5.0	12.0	2.0	85.0	5.0	3.0	5.0	
298.0	86.0	5.0	15.0	4.0	87.0	5.0	5.0	5.0	88.0	5.0	4.0	3.0	
299.0	89.0	5.0	14.0	2.0	90.0	5.0	4.0	1.0	91.0	5.0	9.0	5.0	
300.0	92.0	5.0	10.0	4.0	93.0	5.0	4.0	5.0	94.0	5.0	13.0	1.0	
301.0	95.0	5.0	8.0	5.0	96.0	5.0	15.0	3.0	97.0	5.0	9.0	3.0	
302.0	98.0	5.0	15.0	2.0	99.0	5.0	12.0	3.0	100.0	5.0	14.0	1.0	
303.0	81.0	5.0	3.0	4.0	82.0	5.0	6.0	2.0	83.0	5.0	5.0	1.0	
304.0	84.0	5.0	12.0	2.0	85.0	5.0	3.0	5.0	86.0	5.0	15.0	4.0	
305.0	87.0	5.0	5.0	5.0	88.0	5.0	4.0	3.0	89.0	5.0	14.0	2.0	
306.0	90.0	5.0	4.0	1.0	91.0	5.0	9.0	5.0	92.0	5.0	10.0	4.0	
307.0	93.0	5.0	4.0	5.0	94.0	5.0	13.0	1.0	95.0	5.0	8.0	5.0	
308.0	96.0	5.0	15.0	3.0	97.0	5.0	9.0	3.0	98.0	5.0	15.0	2.0	
309.0	99.0	5.0	12.0	3.0	100.0	5.0	14.0	1.0	81.0	5.0	3.0	4.0	
310.0	82.0	5.0	6.0	2.0	83.0	5.0	5.0	1.0	84.0	5.0	12.0	2.0	
311.0	85.0	5.0	3.0	5.0	86.0	5.0	15.0	4.0	87.0	5.0	5.0	5.0	
312.0	88.0	5.0	4.0	3.0	89.0	5.0	14.0	2.0	90.0	5.0	4.0	1.0	
313.0	91.0	5.0	9.0	5.0	92.0	5.0	10.0	4.0	93.0	5.0	4.0	5.0	
314.0	94.0	5.0	13.0	1.0	95.0	5.0	8.0	5.0	96.0	5.0	15.0	3.0	
315.0	97.0	5.0	9.0	3.0	98.0	5.0	15.0	2.0	99.0	5.0	12.0	3.0	
316.0	100.0	5.0	14.0	1.0	81.0	5.0	3.0	4.0	82.0	5.0	6.0	2.0	
317.0	83.0	5.0	5.0	1.0	84.0	5.0	12.0	2.0	85.0	5.0	3.0	5.0	
318.0	86.0	5.0	15.0	4.0	87.0	5.0	5.0	5.0	88.0	5.0	4.0	3.0	
319.0	89.0	5.0	14.0	2.0	90.0	5.0	4.0	1.0	91.0	5.0	9.0	5.0	
320.0	92.0	5.0	10.0	4.0	93.0	5.0	4.0	5.0	94.0	5.0	13.0	1.0	
321.0	95.0	5.0	8.0	5.0	96.0	5.0	15.0	3.0	97.0	5.0	9.0	3.0	
322.0	98.0	5.0	15.0	2.0	99.0	5.0	12.0	3.0	100.0	5.0	14.0	1.0	
323.0	81.0	5.0	3.0	4.0	82.0	5.0	6.0	2.0	83.0	5.0	5.0	1.0	
324.0	84.0	5.0	12.0	2.0	85.0	5.0	3.0	5.0	86.0	5.0	15.0	4.0	
325.0	87.0	5.0	5.0	5.0	88.0	5.0	4.0	3.0	89.0	5.0	14.0	2.0	
326.0	90.0	5.0	4.0	1.0	91.0	5.0	9.0	5.0	92.0	5.0	10.0	4.0	
327.0	93.0	5.0	4.0	5.0	94.0	5.0	13.0	1.0	95.0	5.0	8.0	5.0	
328.0	96.0	5.0	15.0	3.0	97.0	5.0	9.0	3.0	98.0	5.0	15.0	2.0	
329.0	99.0	5.0	12.0	3.0	100.0	5.0	14.0	1.0	81.0	5.0	3.0	4.0	
330.0	82.0	5.0	6.0	2.0	83.0	5.0	5.0	1.0	84.0	5.0	12.0	2.0	
331.0	85.0	5.0	3.0	5.0	86.0	5.0	15.0	4.0	87.0	5.0	5.0	5.0	
332.0	88.0	5.0	4.0	3.0	89.0	5.0	14.0	2.0	90.0	5.0	4.0	1.0	
333.0	91.0	5.0	9.0	5.0	92.0	5.0	10.0	4.0	93.0	5.0	4.0	5.0	
334.0	94.0	5.0	13.0	1.0	95.0	5.0	8.0	5.0	96.0	5.0	15.0	3.0	
335.0	97.0	5.0	9.0	3.0	98.0	5.0	15.0	2.0	99.0	5.0	12.0	3.0	
336.0	100.0	5.0	14.0	1.0	81.0	5.0	3.0	4.0	82.0	5.0	6.0	2.0	
337.0	83.0	5.0	5.0	1.0	84.0	5.0	12.0	2.0	85.0	5.0	3.0	5.0	
338.0	86.0	5.0	15.0	4.0	87.0	5.0	5.0	5.0	88.0	5.0	4.0	3.0	
339.0	89.0	5.0	14.0	2.0	90.0	5.0	4.0	1.0	91.0	5.0	9.0	5.0	
340.0	92.0	5.0	10.0	4.0	93.0	5.0	4.0	5.0	94.0	5.0	13.0	1.0	
341.0	95.0	5.0	8.0	5.0	96.0	5.0	15.0	3.0	97.0	5.0	9.0	3.0	
342.0	98.0	5.0	15.0	2.0	99.0	5.0	12.0	3.0	100.0	5.0	14.0	1.0	
343.0	81.0	5.0	3.0	4.0	82.0	5.0	6.0	2.0	83.0	5.0	5.0	1.0	
344.0	84.0	5.0	12.0	2.0	85.0	5.0	3.0	5.0	86.0	5.0	15.0	4.0	
345.0	87.0	5.0	5.0	5.0	88.0	5.0	4.0	3.0	89.0	5.0	14.0	2.0	
346.0	90.0	5.0	4.0	1.0	91.0	5.0	9.0	5.0	92.0	5.0	10.0	4.0	
347.0	93.0	5.0	4.0	5.0	94.0	5.0	13.0	1.0	95.0	5.0	8.0	5.0	
348.0	96.0	5.0	15.0	3.0	97.0	5.0	9.0	3.0	98.0	5.0	15.0	2.0	
349.0	99.0	5.0	12.0	3.0	100.0	5.0	14.0	1.0	81.0	5.0	3.0	4.0	
350.0	82.0	5.0	6.0	2.0	83.0	5.0	5.0	1.0	84.0	5.0	12.0	2.0	
351.0	85.0	5.0	3.0	5.0	86.0	5.0	15.0	4.0	87.0	5.0	5.0	5.0	
352.0	88.0	5.0	4.0	3.0	89.0	5.0	14.0	2.0	90.0	5.0	4.0	1.0	
353.0	91.0	5.0	9.0	5.0	92.0	5.0	10.0	4.0	93.0	5.0	4.0	5.0	
354.0	94.0	5.0	13.0	1.0	95.0	5.0	8.0	5.0	96.0	5.0	15.0	3.0	
355.0	97.0	5.0	9.0	3.0	98.0	5.0	15.0	2.0	99.0	5.0	12.0	3.0	
356.0	100.0	5.0	14.0	1.0	81.0	5.0	3.0	4.0	82.0	5.0	6.0	2.0	
357.0	83.0	5.0	5.0	1.0	84.0	5.0	12.0	2.0	85.0	5.0	3.0	5.0	
358.0	86.0	5.0	15.0	4.0	87.0	5.0	5.0	5.0	88.0	5.0	4.0	3.0	
359.0	89.0	5.0	14.0	2.0	90.0	5.0	4.0	1.0	91.0	5.0	9.0	5.0	
360.0	92.0	5.0	10.0	4.0	93.0	5.0	4.0	5.0	94.0	5.0	13.0	1.0	
361.0	95.0	5.0	8.0	5.0	96.0	5.0	15.0	3.0	97.0	5.0	9.0	3.0	
362.0	98.0	5.0	15.0	2.0	99.0	5.0	12.0	3.0	100.0	5.0	14.0	1.0	
363.0	81.0	5.0	3.0	4.0	82.0	5.0	6.0	2.0	83.0	5.0	5.0	1.0	
364.0	84.0	5.0	12.0	2.0	85.0	5.0	3.0	5.0	86.0	5.0	15.0	4.0	
365.0	87.0	5.0	5.0	5.0	88.0	5.0	4.0	3.0	89.0	5.0	14.0	2.0	
366.0	90.0	5.0	4.0	1.0	91.0	5.0	9.0	5.0	92.0	5.0	10.0	4.0	
367.0	93.0	5.0	4.0	5.0	94.0	5.0	13.0	1.0	95.0	5.0	8.0	5.0	
368.0	96.0	5.0	15.0	3.0	97.0	5.0	9.0	3.0	98.0	5.0	15.0	2.0	
369.0	99.0	5.0	12.0	3.0	100.0	5.0	14.0	1.0	81.0	5.0	3.0	4.0	
370.0	82.0	5.0	6.0	2.0	83.0	5.0	5.0	1.0	84.0	5.0	12.0	2.0	
371.0	85.0	5.0	3.0	5.0	86.0	5.0	15.0	4.0	87.0	5.0	5.0	5.0	
372.0	88.0	5.0	4.0	3.0	89.0	5.0	14.0	2.0	90.0	5.0	4.0	1.0	
373.0	91.0	5.0	9.0	5.0	92.0	5.0	10.0	4.0	93.0	5.0	4.0	5.0	
374.0	94.0	5.0	13.0	1.0	95.0	5.0	8.0	5.0	96.0	5.0	15.0	3.0	
375.0	97.0	5.0	9.0	3.0	98.0	5.0	15.0	2.0	99.0	5.0	12.0	3.0	
376.0	100.0	5.0	14.0	1.0	81.0	5.0	3.0	4.0	82.0	5.0	6.0	2.0	
377.0	83.0	5.0	5.0	1.0	84.0	5.0	12.0	2.0	85.0	5.0	3.0	5.0	
378.0	86.0	5.0	15.0	4.0	87.0	5.0	5.0	5.0	88.0	5.0	4.0	3.0	
379.0	89.0	5.0	14.0	2.0	90.0	5.0	4.0	1.0	91.0	5.0	9.0	5.0	
380.0	92.0	5.0	10.0	4.0	93.0	5.0	4.0	5.0	94.0	5.0	13.0	1.0	
381.0	95.0	5.0	8.0	5.0	96.0	5.0	15.0	3.0	97.0	5.0	9.0	3.0	
382.0	98.0	5.0	15.0	2.0	99.0	5.0	12.0	3.0	100.0	5.0	14.0	1.0	
383.0	81.0	5.0	3.0	4.0	82.0	5.0	6.0	2.0	83.0	5.0	5.0	1.0	
384.0	84.0	5.0	12.0	2.0	85.0	5.0	3.0	5.0	86.0	5.0	15.0	4.0	
385.0	87.0	5.0	5.0	5.0	88.0	5.0	4.0	3.0	89.0	5.0	14.0	2.0	
386.0	90.0	5.0	4.0	1.0	91.0	5.0	9.0	5.0	92.0	5.0	10.0	4.0	
387.0	93.0	5.0	4.0	5.0	94.0	5.0	13.0	1.0	95.0	5.0	8.0	5.0	
388.0	96.0	5.0	15.0	3.0	97.0	5.0	9.0	3.0	98.0	5.0	15.0	2.0	
389.0	99.0	5.0	12.0	3.0	100.0	5.0	14.0	1.0	81.0	5.0	3.0	4.0	
390.0	82.0	5.0	6.0	2.0	83.0	5.0	5.0	1.0	84.0	5.0	12.0	2.0	
391.0	85.0	5.0	3.0	5.0	86.0	5.0	15.0	4.0	87.0	5.0	5.0	5.0	
392.0	88.0	5.0	4.0	3.0	89.0	5.0	14.0	2.0	90.0	5.0	4.0	1.0	
393.0	91.0	5.0	9.0	5.0	92.0	5.0	10.0	4.0	93.0	5.0	4.0	5.0	
394.0	94.0	5.0	13.0	1.0	95.0	5.0	8.0	5.0	96.0	5.0	15.0	3.0	
395.0	97.0	5.0	9.0	3.0	98.0	5.0	15.0	2.0	99.0	5.0	12.0	3.0	
396.0	100.0	5.0	14.0	1.0	81.0	5.0	3.0	4.0	82.0	5.0	6.0	2.0	
397.0	83.0	5.0	5.0	1.0	84.0	5.0	12.0	2.0	85.0	5.0	3.0	5.0	
398.0	86.0	5.0	15.0	4.0	87.0	5.0	5.0	5.0	88.0	5.0	4.0	3.0	
399.0	89.0	5.0	14.0	2.0	90.0	5.0	4.0	1.0	91.0	5.0	9.0	5.0	
400.0	92.0	5.0	10.0	4.0	93.0	5.0	4.0	5.0	94.0	5.0	13.0	1.0	
401.0	95.0	5.0	8.0	5.0	96.0	5.0	15.0	3.0	97.0	5.0	9.0	3.0	
402.0	98.0	5.0	15.0	2.0	99.0	5.0	12.0	3.0	100.0	5.0	14.0	1.0	
403.0	81.0	5.0	3.0	4.0	82.0	5.0	6.0	2.0	83.0	5.0	5.0	1.0	
404.0	84.0	5.0	12.0	2.0	85.0	5.0	3.0	5.0	86.0	5.0	15.0	4.0	
405.0	87.0	5.0	5.0	5.0	88.0	5.0	4.0	3.0	89.0	5.0	14.0	2.0	
406.0	90.0	5.0	4.0	1.0	91.0	5.0	9.0	5.0	92.0	5.0	10.0	4.0	
407.0	93.0	5.0	4.0	5.0	94.0	5.0	13.0	1.0	95.0	5.0	8.0	5.0	
408.0	96.0	5.0	15.0	3.0	97.0	5.0	9.0	3.0	98.0	5.0	15.0	2.0	
409.0	99.0	5.0	12.0	3.0	100.0	5.0	14.0	1.0	81.0	5.0	3.0	4.0	
410.0	82.0	5.0	6.0	2.0	83.0	5.0	5.0	1.0	84.0	5.0	12.0	2.0	
411.0	85.0	5.0	3.0	5.0	86.0	5.0	15.0	4.0	87.0	5.0	5.0	5.0	
412.0	88.0	5.0	4.0	3.0	89.0	5.0	14.0	2.0	90.0	5.0	4.0	1.0	
413.0	91.0	5.0	9.0	5.0	92.0	5.0	10.0	4.0	93.0	5.0	4.0	5.0	
414.0	94.0	5.0	13.0	1.0	95.0	5.0	8.0	5.0	96.0	5.0	15.0	3.0	
415.0	97.0	5.0	9.0	3.0	98.0	5.0	15.0	2.0	99.0	5.0	12.0	3.0	
416.0	100.0	5.0	14.0	1.0	81.0	5.0	3.0	4.0	82.0	5.0	6.0	2.0	
417.0	83.0	5.0	5.0	1.0	84.0	5.0	12.0	2.0	85.0	5.0	3.0	5.0	
418.0	86.0	5.0	15.0	4.0	87.0	5.0	5.0	5.0	88.0	5.0	4.0	3.0	
419.0	89.0	5.0	14.0	2.0	90.0	5.0	4.0	1.0	91.0	5.0	9.0	5.0	
420.0	92.0	5.0	10.0	4.0	93.0	5.0	4.0	5.0	94.0	5.0	13.0	1.0	
421.0	95.0	5.0	8.0	5.0	96.0	5.0	15.0	3.0	97.0	5.0	9.0	3.0	
422.0	98.0	5.0	15.0	2.0	99.0	5.0	12.0	3.0	100.0	5.0	14.0	1.0	
423.0	81.0	5.0	3.0	4.0	82.0	5.0	6.0	2.0	83.0	5.0	5.0	1.0	
424.0	84.0	5.0	12.0	2.0	85.0	5.0	3.0	5.0	86.0	5.0	15.0	4.0	
425.0	87.0	5.0	5.0	5.0	88.0	5.0	4.0	3.0	89.0	5.0	14.0	2.0	
426.0	90.0	5.0	4.0	1.0	91.0	5.0	9.0	5.0	92.0	5.0	10.0	4.0	
427.0	93.0	5.0	4.0	5.0	94.0	5.0	13.0	1.0	95.0	5.0	8.0	5.0	
428.0	96.0	5.0	15.0	3.0	97.0	5.0	9.0	3.0	98.0	5.0	15.0	2.0	
429.0	99.0	5.0	12.0	3.0	100.0	5.0	14.0	1.0	81.0	5.0	3.0	4.0	
430.0	82.0	5.0	6.0	2.0	83.0	5.0	5.0	1.0	84.0	5.0	12.0	2.0	
431.0	85.0	5.0	3.0	5.0	86.0	5.0	15.0	4.0	87.0	5.0	5.0	5.0	
432.0	88.0	5.0	4.0	3.0	89.0	5.0	14.0	2.0	90.0	5.0	4.0	1.0	
433.0	91.0	5.0	9.0	5.0	92.0	5.0	10.0	4.0	93.0	5.0	4.0	5.0	
434.0	94.0	5.0	13.0	1.0	95.0	5.0	8.0	5.0	96.0	5.0	15.0	3.0	
435.0	97.0	5.0	9.0	3.0	98.0	5.0	15.0	2.0	99.0	5.0	12.0	3.0	
436.0	100.0	5.0	14.0	1.0	81.0	5.0	3.0	4.0	82.0	5.0	6.0	2.0	
437.0	83.0	5.0	5.0	1.0	84.0	5.0	12.0	2.0	85.0	5.0	3.0	5.0	
438.0	86.0	5.0	15.0	4.0	87.0	5.0	5.0	5.0	88.0	5.0	4.0	3.0	
439.0	89.0	5.0	14.0	2.0	90.0	5.0	4.0	1.0	91.0	5.0	9.0	5.0	
440.0	92.0	5.0	10.0	4.0	93.0	5.0	4.0	5.0	94.0	5.0	13.0	1.0	
441.0	95.0	5.0	8.0	5.0	96.0	5.0	15.0	3.0	97.0	5.0	9.0	3.0	
442.0	98.0	5.0	15.0	2.0	99.0	5.0	12.0	3.0	100.0	5.0	14.0	1.0	
443.0	81.0	5.0	3.0	4.0	82.0	5.0	6.0	2.0	83.0	5.0	5.0	1.0	
444.0	84.0	5.0	12.0	2.0	85.0	5.0	3.0	5.0	86.0	5.0	15.0	4.0	
445.0	87.0	5.0	5.0	5.0	88.0	5.0	4.0	3.0	89.0	5.0	14.0	2.0	
446.0	90.0	5.0	4.0	1.0	91.0	5.0	9.0	5.0	92.0	5.0	10.0	4.0	
447.0	93.0	5.0	4.0	5.0	94.0	5.0	13.0	1.0	95.0	5.0	8.0	5.0	
448.0	96.0	5.0	15.0	3.0	97.0	5.0	9.0	3.0	98.0	5.0	15.0	2.0	
449.0	99.0	5.0	12.0	3.0	100.0	5.0	14.0	1.0	81.0	5.0	3.0	4.0	
450.0	82.0	5.0	6.0	2.0	83.0	5.0	5.0	1.0	84.0	5.0	12.0	2.0	
451.0	85.0	5.0	3.0	5.0	86.0	5.0	15.0	4.0	87.0	5.0	5.0	5.0	
452.0	88.0	5.0	4.0	3.0	89.0	5.0	14.0	2.0	90.0	5.0	4.0	1.0	
453.0	91.0	5.0	9.0	5.0	92.0	5.0	10.0	4.0	93.0	5.0	4.0	5.0	
454.0	94.0	5.0	13.0	1.0	95.0	5.0	8.0	5.0	96.0	5.0	15.0	3.0	
455.0	97.0	5.0	9.0	3.0	98.0	5.0	15.0	2.0	99.0	5.0	12.0	3.0	
456.0	100.0	5.0	14.0	1.0	81.0	5.0	3.0	4.0	82.0	5.0	6.0	2.0	
457.0	83.0	5.0	5.0	1.0	84.0	5.0	12.0	2.0	85.0	5.0	3.0	5.0	
458.0	86.0	5.0	15.0	4.0	87.0	5.0	5.0	5.0	88.0	5.0	4.0	3.0	
459.0	89.0	5.0	14.0	2.0	90.0	5.0	4.0	1.0	91.0	5.0	9.0	5.0	
460.0	92.0	5.0	10.0	4.0	93.0	5.0	4.0	5.0	94.0	5.0	13.0	1.0	
461.0	95.0	5.0	8.0	5.0	96.0	5.0	15.0	3.0	97.0	5.0	9.0	3.0	
462.0	98.0	5.0	15.0	2.0	99.0	5.0	12.0	3.0	100.0	5.0	14.0	1.0	
463.0	81.0	5.0	3.0	4.0	82.0	5.0	6.0	2.0	83.0	5.0	5.0	1.0	
464.0	84.0	5.0	12.0	2.0	85.0	5.0	3.0	5.0	86.0	5.0	15.0	4.0	
465.0	87.0	5.0	5.0	5.0	88.0	5.0	4.0	3.0	89.0	5.0	14.0	2.0	
466.0	90.0	5.0	4.0	1.0	91.0	5.0	9.0	5.0	92.0	5.0	10.0	4.0	
467.0	93.0	5.0	4.0	5.0	94.0	5.0	13.0	1.0	95.0	5.0	8.0	5.0	
468.0	96.0	5.0	15.0	3.0	97.0	5.0	9.0	3.0	98.0	5.0	15.0	2.0	
469.0	99.0	5.0	12.0	3.0	100.0	5.0	14.0	1.0	81.0	5.0	3.0	4.0	
470.0	82.0	5.0	6.0	2.0	83.0	5.0	5.0	1.0	84.0	5.0	12.0	2.0	
471.0	85.0	5.0	3.0	5.0	86.0	5.0	15.0	4.0	87.0	5.0	5.0	5.0	
472.0	88.0	5.0	4.0	3.0	89.0	5.0	14.0	2.0	90.0	5.0	4.0	1.0	
473.0	91.0	5.0	9.0	5.0	92.0	5.0	10.0	4.0	93.0	5.0	4.0	5.0	
474.0	94.0	5.0	13.0	1.0	95.0	5.0	8.0	5.0	96.0	5.0	15.0	3.0	
475.0	97.0	5.0	9.0	3.0	98.0	5.0	15.0	2.0	99.0	5.0	12.0	3.0	
476.0	100.0	5.0	14.0	1.0	81.0	5.0	3.0	4.0	82.0	5.0	6.0	2.0	
477.0	83.0	5.0	5.0	1.0	84.0	5.0	12.0	2.0	85.0	5.0	3.0	5.0	
478.0	86.0	5.0	15.0	4.0	87.0	5.0	5.0	5.0	88.0	5.0	4.0	3.0	
479.0	89.0	5.0	14.0	2.0	90.0	5.0	4.0	1.0	91.0	5.0	9.0	5.0	
480.0	92.0	5.0	10.0	4.0	93.0	5.0	4.0	5.0	94.0	5.0	13.0	1.0	
481.0	95.0	5.0	8.0	5.0	96.0	5.0	15.0	3.0	97.0	5.0	9.0	3.0	
482.0	98.0	5.0	15.0	2.0	99.0	5.0	12.0	3.0	100.0	5.0	14.0	1.0	
483.0	81.0	5.0	3.0	4.0	82.0	5.0	6.0	2.0	83.0	5.0	5.0	1.0	
484.0	84.0	5.0	12.0	2.0	85.0	5.0	3.0	5.0	86.0	5.0	15.0	4.0	
485.0	87.0	5.0	5.0	5.0	88.0	5.0	4.0	3.0	89.0	5.0	14.0	2.0	
486.0	90.0	5.0	4.0	1.0	91.0	5.0	9.0	5.0	92.0	5.0	10.0	4.0	
487.0	93.0	5.0	4.0	5.0	94.0	5.0	13.0	1.0	95.0	5.0	8.0	5.0	
488.0	96.0	5.0	15.0	3.0	97.0	5.0	9.0	3.0	98.0	5.0	15.0	2.0	
489.0	99.0	5.0	12.0	3.0	100.0	5.0	14.0	1.0	81.0	5.0	3.0	4.0	
490.0	82.0	5.0	6.0	2.0	83.0	5.0	5.0	1.0	84.0	5.0	12.0	2.0	
491.0	85.0	5.0	3.0	5.0	86.0	5.0	15.0	4.0	87.0	5.0	5.0	5.0	
492.0	88.0	5.0	4.0	3.0	89.0	5.0	14.0	2.0	90.0	5.0	4.0	1.0	
493.0	91.0	5.0	9.0	5.0	92.0	5.0	10.0	4.0	93.0	5.0	4.0	5.0	
494.0	94.0	5.0	13.0	1.0	95.0	5.0	8.0	5.0	96.0	5.0	15.0	3.0	
495.0	97.0	5.0	9.0	3.0	98.0	5.0	15.0	2.0	99.0	5.0	12.0	3.0	
496.0	100.0	5.0	14.0	1.0	81.0	5.0	3.0	4.0	82.0	5.0	6.0	2.0	
497.0	83.0	5.0	5.0	1.0	84.0	5.0	12.0	2.0	85.0	5.0	3.0	5.0	
498.0	86.0	5.0	15.0	4.0	87.0	5.0	5.0	5.0	88.0	5.0	4.0	3.0	
499.0	89.0	5.0	14.0	2.0	90.0	5.0	4.0	1.0	91.0	5.0	9.0	5.0	
500.0	92.0	5.0	10.0	4.0	93.0	5.0	4.0	5.0	94.0	5.0	13.0	1.0	
501.0	95.0	5.0	8.0	5.0	96.0	5.0	15.0	3.0	97.0	5.0	9.0	3.0	
502.0	98.0	5.0	15.0	2.0	99.0	5.0	12.0	3.0	100.0	5.0	14.0	1.0	
503.0	81.0	5.0	3.0	4.0	82.0	5.0	6.0	2.0	83.0	5.0	5.0	1.0	
504.0	84.0	5.0	12.0	2.0	85.0	5.0	3.0	5.0	86.0	5.0	15.0	4.0	
505.0	87.0	5.0	5.0	5.0	88.0	5.0	4.0	3.0	89.0	5.0	14.0	2.0	
506.0	90.0	5.0	4.0	1.0	91.0	5.0	9.0	5.0	92.0	5.0	10.0	4.0	
507.0	93.0	5.0	4.0	5.0	94.0	5.0	13.0	1.0	95.0	5.0	8.0	5.0	
508.0	96.0	5.0	15.0	3.0	97.0	5.0	9.0	3.0	98.0	5.0	15.0	2.0	
509.0	99.0	5.0	12.0	3.0	100.0	5.0	14.0	1.0	81.0	5.0	3.0	4.0	
510.0	82.0	5.0	6.0	2.0	83.0	5.0	5.0	1.0	84.0	5.0	12.0	2.0	
511.0	85.0	5.0	3.0	5.0	86.0	5.0	15.0	4.0	87.0	5.0	5.0	5.0	
512.0	88.0	5.0	4.0	3.0	89.0	5.0	14.0	2.0	90.0	5.0	4.0	1.0	
513.0	91.0	5.0	9.0	5.0	92.0	5.0	10.0	4.0	93.0	5.0	4.0	5.0	
514.0	94.0	5.0	13.0	1.0	95.0	5.0	8.0	5.0	96.0	5.0	15.0	3.0	
515.0	97.0	5.0	9.0	3.0	98.0	5.0	15.0	2.0	99.0	5.0	12.0	3.0	
516.0	100.0	5.0	14.0	1.0	81.0	5.0	3.0	4.0	82.0	5.0	6.0	2.0	
517.0	83.0	5.0	5.0	1.0	84.0	5.0	12.0	2.0	85.0	5.0	3.0	5.0	
518.0	86.0	5.0	15.0	4.0	87.0	5.0	5.0	5.0	88.0	5.0	4.0	3.0	
519.0	89.0	5.0	14.0	2.0	90.0	5.0	4.0	1.0	91.0	5.0	9.0	5.0	
520.0	92.0	5.0	10.0	4.0	93.0	5.0	4.0	5.0	94.0	5.0	13.0	1.0	
521.0	95.0	5.0	8.0	5.0	96.0	5.0	15.0	3.0	97.0	5.0	9.0	3.0	
522.0	98.0	5.0	15.0	2.0	99.0	5.0	12.0	3.0	100.0	5.0	14.0	1.0	
523.0	81.0	5.0	3.0	4.0	82.0	5.0	6.0	2.0	83.0	5.0	5.0	1.0	
524.0	84.0	5.0	12.0	2.0	85.0	5.0	3.0	5.0	86.0	5.0	15.0	4.0	
525.0	87.0	5.0	5.0	5.0	88.0	5.0	4.0	3.0	89.0	5.0	14.0	2.0	
526.0	90.0	5.0	4.0	1.0	91.0	5.0	9.0	5.0	92.0	5.0	10.0	4.0	
527.0	93.0	5.0	4.0	5.0	94.0	5.0	13.0	1.0	95.0	5.0	8.0	5.0	
528.0	96.0	5.0	15.0	3.0	97.0	5.0	9.0	3.0	98.0	5.0	15.0	2.0	
529.0	99.0	5.0	12.0	3.0	100.0	5.0	14.0	1.0	81.0	5.0	3.0	4.0	
530.0	82.0	5.0	6.0	2.0	83.0	5.0	5.0	1.0	84.0	5.0	12.0	2.0	
531.0	85.0	5.0	3.0	5.0	86.0	5.0	15.0	4.0	87.0	5.0	5.0	5.0	
532.0	88.0	5.0	4.0	3.0	89.0	5.0	14.0	2.0	90.0	5.0	4.0	1.0	
533.0	91.0	5.0	9.0	5.0	92.0	5.0	10.0	4.0	93.0	5.0	4.0	5.0	
534.0	94.0	5.0	13.0	1.0	95.0	5.0	8.0	5.0	96.0	5.0	15.0	3.0	
535.0	97.0	5.0	9.0	3.0	98.0	5.0	15.0	2.0	99.0	5.0	12.0	3.0	
536.0	100.0	5.0	14.0	1.0	81.0	5.0	3.0	4.0	82.0	5.0	6.0	2.0	
537.0	83.0	5.0	5.0	1.0	84.0	5.0	12.0	2.0	85.0	5.0	3.0	5.0	
538.0	86.0	5.0	15.0	4.0	87.0	5.0	5.0	5.0	88.0	5.0	4.0	3.0	
539.0	89.0	5.0	14.0	2.0	90.0	5.0	4.0	1.0	91.0	5.0	9.0	5.0	
540.0	92.0	5.0	10.0	4.0	93.0	5.0	4.0	5.0	94.0	5.0	13.0	1.0	
541.0	95.0	5.0	8.0	5.0	96.0	5.0	15.0	3.0	97.0	5.0	9.0	3.0	
542.0	98.0	5.0	15.0	2.0	99.0	5.0	12.0	3.0	100.0	5.0	14.0	1.0	
543.0	81.0	5.0	3.0	4.0	82.0	5.0	6.0	2.0	83.0	5.0	5.0	1.0	
544.0	84.0	5.0	12.0	2.0	85.0	5.0	3.0	5.0	86.0	5.0	15.0	4.0	
545.0	87.0	5.0	5.0	5.0	88.0	5.0	4.0	3.0	89.0	5.0	14.0	2.0	
546.0	90.0	5.0	4.0	1.0	91.0	5.0	9.0	5.0	92.0	5.0	10.0	4.0	
547.0	93.0	5.0	4.0	5.0	94.0	5.0	13.0	1.0	95.0	5.0	8.0	5.0	
548.0	96.0	5.0	15.0	3.0	97.0	5.0	9.0	3.0	98.0	5.0	15.0	2.0	
549.0	99.0	5.0	12.0	3.0	100.0	5.0	14.0	1.0	81.0	5.0	3.0	4.0	
550.0	82.0	5.0	6.0	2.0	83.0	5.0	5.0	1.0	84.0	5.0	12.0	2.0	
551.0	85.0	5.0	3.0	5.0	86.0	5.0	15.0	4.0	87.0	5.0	5.0	5.0	
552.0	88.0	5.0	4.0	3.0	89.0	5.0	14.0	2.0	90.0	5.0	4.0	1.0	
553.0	91.0	5.0	9.0	5.0	92.0	5.0	10.0	4.0	93.0	5.0	4.0	5.0	
554.0	94.0	5.0	13.0	1.0	95.0	5.0	8.0	5.0	96.0	5.0	15.0	3.0	
555.0	97.0	5.0	9.0	3.0	98.0	5.0	15.0	2.0	99.0	5.0	12.0	3.0	
556.0	100.0	5.0	14.0	1.0	81.0	5.0	3.0	4.0	82.0	5.0	6.0	2.0	
557.0	83.0	5.0	5.0	1.0	84.0	5.0	12.0	2.0	85.0	5.0	3.0	5.0	
558.0	86.0	5.0	15.0	4.0	87.0	5.0	5.0	5.0	88.0	5.0	4.0	3.0	
559.0	89.0	5.0	14.0	2.0	90.0	5.0	4.0	1.0	91.0	5.0	9.0	5.0	
560.0	92.0	5.0	10.0	4.0	93.0	5.0	4.0	5.0	94.0	5.0	13.0	1.0	
561.0	95.0	5.0	8.0	5.0	96.0	5.0	15.0	3.0	97.0	5.0	9.0	3.0	
562.0	98.0	5.0	15.0	2.0	99.0	5.0	12.0	3.0	100.0	5.0	14.0	1.0	
563.0	81.0	5.0	3.0	4.0	82.0	5.0	6.0	2.0	83.0	5.0	5.0	1.0	
564.0	84.0	5.0	12.0	2.0	85.0	5.0	3.0	5.0	86.0	5.0	15.0	4.0	
565.0	87.0	5.0	5.0	5.0	88.0	5.0	4.0	3.0	89.0	5.0	14.0	2.0	
566.0	90.0	5.0	4.0	1.0	91.0	5.0	9.0	5.0	92.0	5.0	10.0	4.0	
567.0	93.0	5.0	4.0	5.0	94.0	5.0	13.0	1.0	95.0	5.0	8.0	5.0	
568.0	96.0	5.0	15.0	3.0	97.0	5.0	9.0	3.0	98.0	5.0	15.0	2.0	
569.0	99.0	5.0	12.0	3.0	100.0	5.0	14.0	1.0	81.0	5.0	3.0	4.0	
570.0	82.0	5.0	6.0	2.0	83.0	5.0	5.0	1.0	84.0	5.0	12.0	2.0	
571.0	85.0	5.0	3.0	5.0	86.0	5.0	15.0	4.0	87.0	5.0	5.0	5.0	
572.0	88.0	5.0	4.0	3.0	89.0	5.0	14.0	2.0	90.0	5.0	4.0	1.0	
573.0	91.0	5.0	9.0	5.0	92.0	5.0	10.0	4.0	93.0	5.0	4.0	5.0	
574.0	94.0	5.0	13.0	1.0	95.0	5.0	8.0	5.0	96.0	5.0	15.0	3.0	
575.0	97.0	5.0	9.0	3.0	98.0	5.0	15.0	2.0	99.0	5.0	12.0	3.0	
576.0	100.0	5.0	14.0	1.0	81.0	5.0	3.0	4.0	82.0	5.0	6.0	2.0	
577.0	83.0	5.0	5.0	1.0	84.0	5.0	12.0	2.0	85.0	5.0	3.0	5.0	
578.0	86.0	5.0	15.0	4.0	87.0	5.0	5.0	5.0	88.0	5.0	4.0	3.0	
579.0	89.0	5.0	14.0	2.0	90.0	5.0	4.0	1.0	91.0	5.0	9.0	5.0	
580.0	92.0	5.0	10.0	4.0	93.0	5.0	4.0	5.0	94.0	5.0	13.0	1.0	
581.0	95.0	5.0	8.0	5.0	96.0	5.0	15.0	3.0	97.0	5.0	9.0	3.0	
582.0	98.0	5.0	15.0	2.0	99.0	5.0	12.0	3.0	100.0	5.0	14.0	1.0	
583.0	81.0	5.0	3.0	4.0	82.0	5.0	6.0	2.0	83.0	5.0	5.0	1.0	
584.0	84.0	5.0	12.0	2.0	85.0	5.0	3.0	5.0	86.0	5.0	15.0	4.0	
585.0	87.0	5.0	5.0	5.0	88.0	5.0	4.0	3.0	89.0	5.0	14.0	2.0	
586.0	90.0	5.0	4.0	1.0	91.0	5.0	9.0	5.0	92.0	5.0	10.0	4.0	
587.0	93.0	5.0	4.0	5.0	94.0	5.0	13.0	1.0	95.0	5.0	8.0	5.0	
588.0	96.0	5.0	15.0	3.0	97.0	5.0	9.0	3.0	98.0	5.0	15.0	2.0	
589.0	99.0	5.0	12.0	3.0	100.0	5.0	14.0	1.0	81.0	5.0	3.0	4.0	
590.0	82.0	5.0	6.0	2.0	83.0	5.0	5.0	1.0	84.0	5.0	12.0	2.0	
591.0	85.0	5.0	3.0	5.0	86.0	5.0	15.0	4.0	87.0	5.0	5.0	5.0	
592.0	88.0	5.0	4.0	3.0	89.0	5.0	14.0	2.0	90.0	5.0	4.0	1.0	
593.0	91.0	5.0	9.0	5.0	92.0	5.0	10.0	4.0	93.0	5.0	4.0	5.0	
594.0	94.0	5.0	13.0	1.0	95.0	5.0	8.0	5.0	96.0	5.0	15.0	3.0	
595.0	97.0	5.0	9.0	3.0	98.0	5.0	15.0	2.0	99.0	5.0	12.0	3.0	
596.0	100.0	5.0	14.0	1.0	81.0	5.0	3.0	4.0	82.0	5.0	6.0	2.0	
597.0	83.0	5.0	5.0	1.0	84.0	5.0	12.0	2.0	85.0	5.0	3.0	5.0	
598.0	86.0	5.0	15.0	4.0	87.0	5.0	5.0	5.0	88.0	5.0	4.0	3.0	
599.0	89.0	5.0	14.0	2.0	90.0	5.0	4.0	1.0	91.0	5.0	9.0	5.0	
600.0	92.0	5.0	10.0	4.0	93.0	5.0	4.0	5.0	94.0	5.0	13.0	1.0	
601.0	95.0	5.0	8.0	5.0	96.0	5.0	15.0	3.0	97.0	5.0	9.0	3.0	
602.0	98.0	5.0	15.0	2.0	99.0	5.0	12.0	3.0	100.0	5.0	14.0	1.0	
603.0	81.0	5.0	3.0	4.0	82.0	5.0	6.0	2.0	83.0	5.0	5.0	1.0	
604.0	84.0	5.0	12.0	2.0	85.0	5.0	3.0	5.0	86.0	5.0	15.0	4.0	
605.0	87.0	5.0	5.0	5.0	88.0	5.0	4.0	3.0	89.0	5.0	14.0	2.0	
606.0	90.0	5.0	4.0	1.0	91.0	5.0	9.0	5.0	92.0	5.0	10.0	4.0	
607.0	93.0	5.0	4.0	5.0	94.0	5.0	13.0	1.0	95.0	5.0	8.0	5.0	
608.0	96.0	5.0	15.0	3.0	97.0	5.0	9.0	3.0	98.0	5.0	15.0	2.0	
609.0	99.0	5.0	12.0	3.0	100.0	5.0	14.0	1.0	81.0	5.0	3.0	4.0	
610.0	82.0	5.0	6.0	2.0	83.0	5.0	5.0	1.0	84.0	5.0	12.0	2.0	
611.0	85.0	5.0	3.0	5.0	86.0	5.0	15.0	4.0	87.0	5.0	5.0	5.0	
612.0	88.0	5.0	4.0	3.0	89.0	5.0	14.0	2.0	90.0	5.0	4.0	1.0	
613.0	91.0	5.0	9.0	5.0	92.0	5.0	10.0	4.0	93.0	5.0	4.0	5.0	
614.0	94.0	5.0	13.0	1.0	95.0	5.0	8.0	5.0	96.0	5.0	15.0	3.0	
615.0	97.0	5.0	9.0	3.0	98.0	5.0	15.0	2.0	99.0	5.0	12.0	3.0	
616.0	100.0	5.0	14.0	1.0	81.0	5.0	3.0	4.0	82.0	5.0	6.0	2.0	
617.0	83.0	5.0	5.0	1.0	84.0	5.0	12.0	2.0	85.0	5.0	3.0	5.0	
618.0	86.0	5.0	15.0	4.0	87.0	5.0	5.0	5.0	88.0	5.0	4.0	3.0	
619.0	89.0	5.0	14.0	2.0	90.0	5.0	4.0	1.0	91.0	5.0	9.0	5.0	
620.0	92.0	5.0	10.0	4.0	93.0	5.0	4.0	5.0	94.0	5.0	13.0	1.0	
621.0	95.0	5.0	8.0	5.0	96.0	5.0	15.0	3.0	97.0	5.0	9.0	3.0	
622.0	98.0	5.0	15.0	2.0	99.0	5.0	12.0	3.0	100.0	5.0	14.0	1.0	
623.0	81.0	5.0	3.0	4.0	82.0	5.0	6.0	2.0	83.0	5.0	5.0	1.0	
624.0	84.0	5.0	12.0	2.0	85.0	5.0	3.0	5.0	86.0	5.0	15.0	4.0	
625.0	87.0	5.0	5.0	5.0	88.0	5.0	4.0	3.0	89.0	5.0	14.0	2.0	
626.0	90.0	5.0	4.0	1.0	91.0	5.0	9.0	5.0	92.0	5.0	10.0	4.0	
627.0	93.0	5.0	4.0	5.0	94.0	5.0	13.0	1.0	95.0	5.0	8.0	5.0	
628.0	96.0	5.0	15.0	3.0	97.0	5.0	9.0	3.0	98.0	5.0	15.0	2.0	
629.0	99.0	5.0	12.0	3.0	100.0	5.0	14.0	1.0	81.0	5.0	3.0	4.0	
630.0	82.0	5.0	6.0	2.0	83.0	5.0	5.0	1.0	84.0	5.0	12.0	2.0	
631.0	85.0	5.0	3.0	5.0	86.0	5.0	15.0	4.0	87.0	5.0	5.0	5.0	
632.0	88.0	5.0	4.0	3.0	89.0	5.0	14.0	2.0	90.0	5.0	4.0	1.0	
633.0	91.0	5.0	9.0	5.0	92.0	5.0	10.0	4.0	93.0	5.0	4.0	5.0	
634.0	94.0	5.0	13.0	1.0	95.0	5.0	8.0	5.0	96.0	5.0	15.0	3.0	
635.0	97.0	5.0	9.0	3.0	98.0	5.0	15.0	2.0	99.0	5.0	12.0	3.0	
636.0	100.0	5.0	14.0	1.0	81.0	5.0	3.0	4.0	82.0	5.0	6.0	2.0	
637.0	83.0	5.0	5.0	1.0	84.0	5.0	12.0	2.0	85.0	5.0	3.0	5.0	
638.0	86.0	5.0	15.0	4.0	87.0	5.0	5.0	5.0	88.0	5.0	4.0	3.0	
639.0	89.0	5.0	14.0	2.0	90.0	5.0	4.0	1.0	91.0	5.0	9.0	5.0	
640.0	92.0	5.0	10.0	4.0	93.0	5.0	4.0	5.0	94.0	5.0	13.0	1.0	
641.0	95.0	5.0	8.0	5.0	96.0	5.0	15.0	3.0	97.0	5.0	9.0	3.0	
642.0	98.0	5.0	15.0	2.0	99.0	5.0	12.0	3.0	100.0	5.0	14.0	1.0	
643.0	81.0	5.0	3.0	4.0	82.0	5.0	6.0	2.0	83.0	5.0	5.0	1.0	
644.0	84.0	5.0	12.0	2.0	85.0	5.0	3.0	5.0	86.0	5.0	15.0	4.0	
645.0	87.0	5.0	5.0	5.0	88.0	5.0	4.0	3.0	89.0	5.0	14.0	2.0	
646.0	90.0	5.0	4.0	1.0	91.0	5.0	9.0	5.0	92.0	5.0	10.0	4.0	
647.0	93.0	5.0	4.0	5.0	94.0	5.0	13.0	1.0	95.0	5.0	8.0	5.0	
648.0	96.0	5.0	15.0	3.0	97.0	5.0	9.0	3.0	98.0	5.0	15.0	2.0	
649.0	99.0	5.0	12.0	3.0	100.0	5.0	14.0	1.0	81.0	5.0	3.0	4.0	
650.0	82.0	5.0	6.0	2.0	83.0	5.0	5.0	1.0	84.0	5.0	12.0	2.0	
651.0	85.0	5.0	3.0	5.0	86.0	5.0	15.0	4.0	87.0	5.0	5.0	5.0	
652.0	88.0	5.0	4.0	3.0	89.0	5.0	14.0	2.0	90.0	5.0	4.0	1.0	
653.0	91.0	5.0	9.0	5.0	92.0	5.0	10.0	4.0	93.0	5.0	4.0	5.0	
654.0	94.0	5.0	13.0	1.0	95.0	5.0	8.0	5.0	96.0	5.0	15.0	3.0	
655.0	97.0	5.0	9.0	3.0	98.0	5.0	15.0	2.0	99.0	5.0	12.0	3.0	
656.0	100.0	5.0	14.0	1.0	81.0	5.0	3.0	4.0	82.0	5.0	6.0	2.0	
657.0	83.0	5.0	5.0	1.0	84.0	5.0	12.0	2.0	85.0	5.0	3.0	5.0	
658.0	86.0	5.0	15.0	4.0	87.0	5.0	5.0	5.0	88.0	5.0	4.0	3.0	
659.0	89.0	5.0	14.0	2.0	90.0	5.0	4.0	1.0	91.0	5.0	9.0	5.0	
660.0	92.0	5.0	10.0	4.0	93.0	5.0	4.0	5.0	94.0	5.0	13.0	1.0	
661.0	95.0	5.0	8.0	5.0	96.0	5.0	15.0	3.0	97.0	5.0	9.0	3.0	
662.0	98.0	5.0	15.0	2.0	99.0	5.0	12.0	3.0	100.0	5.0	14.0	1.0	
663.0	81.0	5.0	3.0	4.0	82.0	5.0	6.0	2.0	83.0	5.0	5.0	1.0	
664.0	84.0	5.0	12.0	2.0	85.0	5.0	3.0	5.0	86.0	5.0	15.0	4.0	
665.0	87.0	5.0	5.0	5.0	88.0	5.0	4.0	3.0	89.0	5.0	14.0	2.0	
666.0	90.0	5.0	4.0	1.0	91.0	5.0	9.0	5.0	92.0	5.0	10.0	4.0	
667.0	93.0	5.0	4.0	5.0	94.0	5.0	13.0	1.0	95.0	5.0	8.0	5.0	
668.0	96.0	5.0	15.0	3.0	97.0	5.0	9.0	3.0	98.0	5.0	15.0	2.0	
669.0	99.0	5.0	12.0	3.0	100.0	5.0	14.0	1.0	81.0	5.0	3.0	4.0	
670.0	82.0	5.0	6.0	2.0	83.0	5.0	5.0	1.0	84.0	5.0	12.0	2.0	
671.0	85.0	5.0	3.0	5.0	86.0	5.0	15.0	4.0	87.0	5.0	5.0	5.0	
672.0	88.0	5.0	4.0	3.0	89.0	5.0	14.0	2.0	90.0	5.0	4.0	1.0	
673.0	91.0	5.0	9.0	5.0	92.0	5.0	10.0	4.0	93.0	5.0	4.0	5.0	
674.0	94.0	5.0	13.0	1.0	95.0	5.0	8.0	5.0	96.0	5.0	15.0	3.0	
675.0	97.0	5.0	9.0	3.0	98.0	5.0	15.0	2.0	99.0	5.0	12.0	3.0	
676.0	100.0	5.0	14.0	1.0	81.0	5.0	3.0	4.0	82.0	5.0	6.0	2.0	
677.0	83.0	5.0	5.0	1.0	84.0	5.0	12.0	2.0	85.0	5.0	3.0	5.0	
678.0	86.0	5.0	15.0	4.0	87.0	5.0	5.0	5.0	88.0	5.0	4.0	3.0	
679.0	89.0	5.0	14.0	2.0	90.0	5.0	4.0	1.0	91.0	5.0	9.0	5.0	
680.0	92.0	5.0	10.0	4.0	93.0	5.0	4.0	5.0	94.0	5.0	13.0	1.0	
681.0	95.0	5.0	8.0	5.0	96.0	5.0	15.0	3.0	97.0	5.0	9.0	3.0	
682.0	98.0	5.0	15.0	2.0	99.0	5.0	12.0	3.0	100.0	5.0	14.0	1.0	
683.0	81.0	5.0	3.0	4.0	82.0	5.0	6.0	2.0	83.0	5.0	5.0	1.0	
684.0	84.0	5.0	12.0	2.0	85.0	5.0	3.0	5.0	86.0	5.0	15.0	4.0	
685.0	87.0	5.0	5.0	5.0	88.0	5.0	4.0	3.0	89.0	5.0	14.0	2.0	
686.0	64.0	4.0	4.0	2.0	65.0	4.0	11.0	2.0	66.0	4.0	12.0	5.0	
687.0	67.0	4.0	3.0	3.0	68.0	4.0	5.0	3.0	69.0	4.0	12.0	2.0	
688.0	70.0	4.0	11.0	5.0	71.0	4.0	11.0	3.0	72.0	4.0	11.0	2.0	
689.0	73.0	4.0	13.0	3.0	74.0	4.0	1.0	3.0	75.0	4.0	8.0	5.0	
690.0	76.0	4.0	6.0	4.0	77.0	4.0	8.0	2.0	78.0	4.0	8.0	1.0	
691.0	79.0	4.0	7.0	3.0	80.0	4.0	3.0	1.0	61.0	4.0	12.0	4.0	
692.0	62.0	4.0	7.0	4.0	63.0	4.0	15.0	1.0	64.0	4.0	4.0	2.0	
693.0	65.0	4.0	11.0	2.0	66.0	4.0	12.0	5.0	67.0	4.0	3.0	3.0	
694.0	68.0	4.0	5.0	3.0	69.0	4.0	12.0	2.0	70.0	4.0	11.0	5.0	
695.0	71.0	4.0	11.0	3.0	72.0	4.0	11.0	2.0	73.0	4.0	13.0	3.0	
696.0	74.0	4.0	1.0	3.0	75.0	4.0	8.0	5.0	76.0	4.0	6.0	4.0	
697.0	77.0	4.0	8.0	2.0	78.0	4.0	8.0	1.0	79.0	4.0	7.0	3.0	
698.0	80.0	4.0	3.0	1.0	61.0	4.0	12.0	4.0	62.0	4.0	7.0	4.0	
699.0	63.0	4.0	15.0	1.0	64.0	4.0	4.0	2.0	65.0	4.0	11.0	2.0	
700.0	66.0	4.0	12.0	5.0	67.0	4.0	3.0	3.0	68.0	4.0	5.0	3.0	
701.0	69.0	4.0	12.0	2.0	70.0	4.0	11.0	5.0	71.0	4.0	11.0	3.0	
702.0	72.0	4.0	11.0	2.0	73.0	4.0	13.0	3.0	74.0	4.0	1.0	3.0	
703.0	75.0	4.0	8.0	5.0	76.0	4.0	6.0	4.0	77.0	4.0	8.0	2.0	
704.0	78.0	4.0	8.0	1.0	79.0	4.0	7.0	3.0	80.0	4.0	3.0	1.0	
705.0	61.0	4.0	12.0	4.0	62.0	4.0	7.0	4.0	63.0	4.0	15.0	1.0	
706.0	64.0	4.0	4.0	2.0	65.0	4.0	11.0	2.0	66.0	4.0	12.0	5.0	
707.0	67.0	4.0	3.0	3.0	68.0	4.0	5.0	3.0	69.0	4.0	12.0	2.0	
708.0	70.0	4.0	11.0	5.0	71.0	4.0	11.0	3.0	72.0	4.0	11.0	2.0	
709.0	73.0	4.0	13.0	3.0	74.0	4.0	1.0	3.0	75.0	4.0	8.0	5.0	
710.0	76.0	4.0	6.0	4.0	77.0	4.0	8.0	2.0	78.0	4.0	8.0	1.0	
711.0	79.0	4.0	7.0	3.0	80.0	4.0	3.0	1.0	61.0	4.0	12.0	4.0	
712.0	62.0	4.0	7.0	4.0	63.0	4.0	15.0	1.0	64.0	4.0	4.0	2.0	
713.0	65.0	4.0	11.0	2.0	66.0	4.0	12.0	5.0	67.0	4.0	3.0	3.0	
714.0	68.0	4.0	5.0	3.0	69.0	4.0	12.0	2.0	70.0	4.0	11.0	5.0	
715.0	71.0	4.0	11.0	3.0	72.0	4.0	11.0	2.0	73.0	4.0	13.0	3.0	
716.0	74.0	4.0	1.0	3.0	75.0	4.0	8.0	5.0	76.0	4.0	6.0	4.0	
717.0	77.0	4.0	8.0	2.0	78.0	4.0	8.0	1.0	79.0	4.0	7.0	3.0	
718.0	80.0	4.0	3.0	1.0	61.0	4.0	12.0	4.0	62.0	4.0	7.0	4.0	
719.0	63.0	4.0	15.0	1.0	64.0	4.0	4.0	2.0	65.0	4.0	11.0	2.0	
720.0	66.0	4.0	12.0	5.0	67.0	4.0	3.0	3.0	68.0	4.0	5.0	3.0	
721.0	69.0	4.0	12.0	2.0	70.0	4.0	11.0	5.0	71.0	4.0	11.0	3.0	
722.0	72.0	4.0	11.0	2.0	73.0	4.0	13.0	3.0	74.0	4.0	1.0	3.0	
723.0	75.0	4.0	8.0	5.0	76.0	4.0	6.0	4.0	77.0	4.0	8.0	2.0	
724.0	78.0	4.0	8.0	1.0	79.0	4.0	7.0	3.0	80.0	4.0	3.0	1.0	
725.0	61.0	4.0	12.0	4.0	62.0	4.0	7.0	4.0	63.0	4.0	15.0	1.0	
726.0	64.0	4.0	4.0	2.0	65.0	4.0	11.0	2.0	66.0	4.0	12.0	5.0	
727.0	67.0	4.0	3.0	3.0	68.0	4.0	5.0	3.0	69.0	4.0	12.0	2.0	
728.0	70.0	4.0	11.0	5.0	71.0	4.0	11.0	3.0	72.0	4.0	11.0	2.0	
729.0	73.0	4.0	13.0	3.0	74.0	4.0	1.0	3.0	75.0	4.0	8.0	5.0	
730.0	76.0	4.0	6.0	4.0	77.0	4.0	8.0	2.0	78.0	4.0	8.0	1.0	
731.0	79.0	4.0	7.0	3.0	80.0	4.0	3.0	1.0	61.0	4.0	12.0	4.0	
732.0	62.0	4.0	7.0	4.0	63.0	4.0	15.0	1.0	64.0	4.0	4.0	2.0	
733.0	65.0	4.0	11.0	2.0	66.0	4.0	12.0	5.0	67.0	4.0	3.0	3.0	
734.0	68.0	4.0	5.0	3.0	69.0	4.0	12.0	2.0	70.0	4.0	11.0	5.0	
735.0	71.0	4.0	11.0	3.0	72.0	4.0	11.0	2.0	73.0	4.0	13.0	3.0	
736.0	74.0	4.0	1.0	3.0	75.0	4.0	8.0	5.0	76.0	4.0	6.0	4.0	
737.0	77.0	4.0	8.0	2.0	78.0	4.0	8.0	1.0	79.0	4.0	7.0	3.0	
738.0	80.0	4.0	3.0	1.0	61.0	4.0	12.0	4.0	62.0	4.0	7.0	4.0	
739.0	63.0	4.0	15.0	1.0	64.0	4.0	4.0	2.0	65.0	4.0	11.0	2.0	
740.0	66.0	4.0	12.0	5.0	67.0	4.0	3.0	3.0	68.0	4.0	5.0	3.0	
741.0	69.0	4.0	12.0	2.0	70.0	4.0	11.0	5.0	71.0	4.0	11.0	3.0	
742.0	72.0	4.0	11.0	2.0	73.0	4.0	13.0	3.0	74.0	4.0	1.0	3.0	
743.0	75.0	4.0	8.0	5.0	76.0	4.0	6.0	4.0	77.0	4.0	8.0	2.0	
744.0	78.0	4.0	8.0	1.0	79.0	4.0	7.0	3.0	80.0	4.0	3.0	1.0	
745.0	61.0	4.0	12.0	4.0	62.0	4.0	7.0	4.0	63.0	4.0	15.0	1.0	
746.0	64.0	4.0	4.0	2.0	65.0	4.0	11.0	2.0	66.0	4.0	12.0	5.0	
747.0	67.0	4.0	3.0	3.0	68.0	4.0	5.0	3.0	69.0	4.0	12.0	2.0	
748.0	70.0	4.0	11.0	5.0	71.0	4.0	11.0	3.0	72.0	4.0	11.0	2.0	
749.0	73.0	4.0	13.0	3.0	74.0	4.0	1.0	3.0	75.0	4.0	8.0	5.0	
750.0	76.0	4.0	6.0	4.0	77.0	4.0	8.0	2.0	78.0	4.0	8.0	1.0	
751.0	79.0	4.0	7.0	3.0	80.0	4.0	3.0	1.0	61.0	4.0	12.0	4.0	
752.0	62.0	4.0	7.0	4.0	63.0	4.0	15.0	1.0	64.0	4.0	4.0	2.0	
753.0	65.0	4.0	11.0	2.0	66.0	4.0	12.0	5.0	67.0	4.0	3.0	3.0	
754.0	68.0	4.0	5.0	3.0	69.0	4.0	12.0	2.0	70.0	4.0	11.0	5.0	
755.0	71.0	4.0	11.0	3.0	72.0	4.0	11.0	2.0	73.0	4.0	13.0	3.0	
756.0	74.0	4.0	1.0	3.0	75.0	4.0	8.0	5.0	76.0	4.0	6.0	4.0	
757.0	77.0	4.0	8.0	2.0	78.0	4.0	8.0	1.0	79.0	4.0	7.0	3.0	
758.0	80.0	4.0	3.0	1.0	61.0	4.0	12.0	4.0	62.0	4.0	7.0	4.0	
759.0	63.0	4.0	15.0	1.0	64.0	4.0	4.0	2.0	65.0	4.0	11.0	2.0	
760.0	66.0	4.0	12.0	5.0	67.0	4.0	3.0	3.0	68.0	4.0	5.0	3.0	
761.0	69.0	4.0	12.0	2.0	70.0	4.0	11.0	5.0	71.0	4.0	11.0	3.0	
762.0	72.0	4.0	11.0	2.0	73.0	4.0	13.0	3.0	74.0	4.0	1.0	3.0	
763.0	75.0	4.0	8.0	5.0	76.0	4.0	6.0	4.0	77.0	4.0	8.0	2.0	
764.0	78.0	4.0	8.0	1.0	79.0	4.0	7.0	3.0	80.0	4.0	3.0	1.0	
765.0	61.0	4.0	12.0	4.0	62.0	4.0	7.0	4.0	63.0	4.0	15.0	1.0	
766.0	64.0	4.0	4.0	2.0	65.0	4.0	11.0	2.0	66.0	4.0	12.0	5.0	
767.0	67.0	4.0	3.0	3.0	68.0	4.0	5.0	3.0	69.0	4.0	12.0	2.0	
768.0	70.0	4.0	11.0	5.0	71.0	4.0	11.0	3.0	72.0	4.0	11.0	2.0	
769.0	73.0	4.0	13.0	3.0	74.0	4.0	1.0	3.0	75.0	4.0	8.0	5.0	
770.0	76.0	4.0	6.0	4.0	77.0	4.0	8.0	2.0	78.0	4.0	8.0	1.0	
771.0	79.0	4.0	7.0	3.0	80.0	4.0	3.0	1.0	61.0	4.0	12.0	4.0	
772.0	62.0	4.0	7.0	4.0	63.0	4.0	15.0	1.0	64.0	4.0	4.0	2.0	
773.0	65.0	4.0	11.0	2.0	66.0	4.0	12.0	5.0	67.0	4.0	3.0	3.0	
774.0	68.0	4.0	5.0	3.0	69.0	4.0	12.0	2.0	70.0	4.0	11.0	5.0	
775.0	71.0	4.0	11.0	3.0	72.0	4.0	11.0	2.0	73.0	4.0	13.0	3.0	
776.0	74.0	4.0	1.0	3.0	75.0	4.0	8.0	5.0	76.0	4.0	6.0	4.0	
777.0	77.0	4.0	8.0	2.0	78.0	4.0	8.0	1.0	79.0	4.0	7.0	3.0	
778.0	80.0	4.0	3.0	1.0	61.0	4.0	12.0	4.0	62.0	4.0	7.0	4.0	
779.0	63.0	4.0	15.0	1.0	64.0	4.0	4.0	2.0	65.0	4.0	11.0	2.0	
780.0	66.0	4.0	12.0	5.0	67.0	4.0	3.0	3.0	68.0	4.0	5.0	3.0	
781.0	69.0	4.0	12.0	2.0	70.0	4.0	11.0	5.0	71.0	4.0	11.0	3.0	
782.0	72.0	4.0	11.0	2.0	73.0	4.0	13.0	3.0	74.0	4.0	1.0	3.0	
783.0	75.0	4.0	8.0	5.0	76.0	4.0	6.0	4.0	77.0	4.0	8.0	2.0	
784.0	78.0	4.0	8.0	1.0	79.0	4.0	7.0	3.0	80.0	4.0	3.0	1.0	
785.0	61.0	4.0	12.0	4.0	62.0	4.0	7.0	4.0	63.0	4.0	15.0	1.0	
786.0	64.0	4.0	4.0	2.0	65.0	4.0	11.0	2.0	66.0	4.0	12.0	5.0	
787.0	67.0	4.0	3.0	3.0	68.0	4.0	5.0	3.0	69.0	4.0	12.0	2.0	
788.0	70.0	4.0	11.0	5.0	71.0	4.0	11.0	3.0	72.0	4.0	11.0	2.0	
789.0	73.0	4.0	13.0	3.0	74.0	4.0	1.0	3.0	75.0	4.0	8.0	5.0	
790.0	76.0	4.0	6.0	4.0	77.0	4.0	8.0	2.0	78.0	4.0	8.0	1.0	
791.0	79.0	4.0	7.0	3.0	80.0	4.0	3.0	1.0	61.0	4.0	12.0	4.0	
792.0	62.0	4.0	7.0	4.0	63.0	4.0	15.0	1.0	64.0	4.0	4.0	2.0	
793.0	65.0	4.0	11.0	2.0	66.0	4.0	12.0	5.0	67.0	4.0	3.0	3.0	
794.0	68.0	4.0	5.0	3.0	69.0	4.0	12.0	2.0	70.0	4.0	11.0	5.0	
795.0	71.0	4.0	11.0	3.0	72.0	4.0	11.0	2.0	73.0	4.0	13.0	3.0	
796.0	74.0	4.0	1.0	3.0	75.0	4.0	8.0	5.0	76.0	4.0	6.0	4.0	
797.0	77.0	4.0	8.0	2.0	78.0	4.0	8.0	1.0	79.0	4.0	7.0	3.0	
798.0	80.0	4.0	3.0	1.0	61.0	4.0	12.0	4.0	62.0	4.0	7.0	4.0	
799.0	63.0	4.0	15.0	1.0	64.0	4.0	4.0	2.0	65.0	4.0	11.0	2.0	
800.0	66.0	4.0	12.0	5.0	67.0	4.0	3.0	3.0	68.0	4.0	5.0	3.0	
801.0	69.0	4.0	12.0	2.0	70.0	4.0	11.0	5.0	71.0	4.0	11.0	3.0	
802.0	72.0	4.0	11.0	2.0	73.0	4.0	13.0	3.0	74.0	4.0	1.0	3.0	
803.0	75.0	4.0	8.0	5.0	76.0	4.0	6.0	4.0	77.0	4.0	8.0	2.0	
804.0	78.0	4.0	8.0	1.0	79.0	4.0	7.0	3.0	80.0	4.0	3.0	1.0	
805.0	61.0	4.0	12.0	4.0	62.0	4.0	7.0	4.0	63.0	4.0	15.0	1.0	
806.0	64.0	4.0	4.0	2.0	65.0	4.0	11.0	2.0	66.0	4.0	12.0	5.0	
807.0	67.0	4.0	3.0	3.0	68.0	4.0	5.0	3.0	69.0	4.0	12.0	2.0	
808.0	70.0	4.0	11.0	5.0	71.0	4.0	11.0	3.0	72.0	4.0	11.0	2.0	
809.0	73.0	4.0	13.0	3.0	74.0	4.0	1.0	3.0	75.0	4.0	8.0	5.0	
810.0	76.0	4.0	6.0	4.0	77.0	4.0	8.0	2.0	78.0	4.0	8.0	1.0	
811.0	79.0	4.0	7.0	3.0	80.0	4.0	3.0	1.0	61.0	4.0	12.0	4.0	
812.0	62.0	4.0	7.0	4.0	63.0	4.0	15.0	1.0	64.0	4.0	4.0	2.0	
813.0	65.0	4.0	11.0	2.0	66.0	4.0	12.0	5.0	67.0	4.0	3.0	3.0	
814.0	68.0	4.0	5.0	3.0	69.0	4.0	12.0	2.0	70.0	4.0	11.0	5.0	
815.0	71.0	4.0	11.0	3.0	72.0	4.0	11.0	2.0	73.0	4.0	13.0	3.0	
816.0	74.0	4.0	1.0	3.0	75.0	4.0	8.0	5.0	76.0	4.0	6.0	4.0	
817.0	77.0	4.0	8.0	2.0	78.0	4.0	8.0	1.0	79.0	4.0	7.0	3.0	
818.0	80.0	4.0	3.0	1.0	61.0	4.0	12.0	4.0	62.0	4.0	7.0	4.0	
819.0	63.0	4.0	15.0	1.0	64.0	4.0	4.0	2.0	65.0	4.0	11.0	2.0	
820.0	66.0	4.0	12.0	5.0	67.0	4.0	3.0	3.0	68.0	4.0	5.0	3.0	
821.0	69.0	4.0	12.0	2.0	70.0	4.0	11.0	5.0	71.0	4.0	11.0	3.0	
822.0	72.0	4.0	11.0	2.0	73.0	4.0	13.0	3.0	74.0	4.0	1.0	3.0	
823.0	75.0	4.0	8.0	5.0	76.0	4.0	6.0	4.0	77.0	4.0	8.0	2.0	
824.0	78.0	4.0	8.0	1.0	79.0	4.0	7.0	3.0	80.0	4.0	3.0	1.0	
825.0	61.0	4.0	12.0	4.0	62.0	4.0	7.0	4.0	63.0	4.0	15.0	1.0	
826.0	64.0	4.0	4.0	2.0	65.0	4.0	11.0	2.0	66.0	4.0	12.0	5.0	
827.0	67.0	4.0	3.0	3.0	68.0	4.0	5.0	3.0	69.0	4.0	12.0	2.0	
828.0	70.0	4.0	11.0	5.0	71.0	4.0	11.0	3.0	72.0	4.0	11.0	2.0	
829.0	73.0	4.0	13.0	3.0	74.0	4.0	1.0	3.0	75.0	4.0	8.0	5.0	
830.0	76.0	4.0	6.0	4.0	77.0	4.0	8.0	2.0	78.0	4.0	8.0	1.0	
831.0	79.0	4.0	7.0	3.0	80.0	4.0	3.0	1.0	61.0	4.0	12.0	4.0	
832.0	62.0	4.0	7.0	4.0	63.0	4.0	15.0	1.0	64.0	4.0	4.0	2.0	
833.0	65.0	4.0	11.0	2.0	66.0	4.0	12.0	5.0	67.0	4.0	3.0	3.0	
834.0	68.0	4.0	5.0	3.0	69.0	4.0	12.0	2.0	70.0	4.0	11.0	5.0	
835.0	71.0	4.0	11.0	3.0	72.0	4.0	11.0	2.0	73.0	4.0	13.0	3.0	
836.0	74.0	4.0	1.0	3.0	75.0	4.0	8.0	5.0	76.0	4.0	6.0	4.0	
837.0	77.0	4.0	8.0	2.0	78.0	4.0	8.0	1.0	79.0	4.0	7.0	3.0	
838.0	80.0	4.0	3.0	1.0	61.0	4.0	12.0	4.0	62.0	4.0	7.0	4.0	
839.0	63.0	4.0	15.0	1.0	64.0	4.0	4.0	2.0	65.0	4.0	11.0	2.0	
840.0	66.0	4.0	12.0	5.0	67.0	4.0	3.0	3.0	68.0	4.0	5.0	3.0	
841.0	69.0	4.0	12.0	2.0	70.0	4.0	11.0	5.0	71.0	4.0	11.0	3.0	
842.0	72.0	4.0	11.0	2.0	73.0	4.0	13.0	3.0	74.0	4.0	1.0	3.0	
843.0	75.0	4.0	8.0	5.0	76.0	4.0	6.0	4.0	77.0	4.0	8.0	2.0	
844.0	78.0	4.0	8.0	1.0	79.0	4.0	7.0	3.0	80.0	4.0	3.0	1.0	
845.0	61.0	4.0	12.0	4.0	62.0	4.0	7.0	4.0	63.0	4.0	15.0	1.0	
846.0	64.0	4.0	4.0	2.0	65.0	4.0	11.0	2.0	66.0	4.0	12.0	5.0	
847.0	67.0	4.0	3.0	3.0	68.0	4.0	5.0	3.0	69.0	4.0	12.0	2.0	
848.0	70.0	4.0	11.0	5.0	71.0	4.0	11.0	3.0	72.0	4.0	11.0	2.0	
849.0	73.0	4.0	13.0	3.0	74.0	4.0	1.0	3.0	75.0	4.0	8.0	5.0	
850.0	76.0	4.0	6.0	4.0	77.0	4.0	8.0	2.0	78.0	4.0	8.0	1.0	
851.0	79.0	4.0	7.0	3.0	80.0	4.0	3.0	1.0	61.0	4.0	12.0	4.0	
852.0	62.0	4.0	7.0	4.0	63.0	4.0	15.0	1.0	64.0	4.0	4.0	2.0	
853.0	65.0	4.0	11.0	2.0	66.0	4.0	12.0	5.0	67.0	4.0	3.0	3.0	
854.0	68.0	4.0	5.0	3.0	69.0	4.0	12.0	2.0	70.0	4.0	11.0	5.0	
855.0	71.0	4.0	11.0	3.0	72.0	4.0	11.0	2.0	73.0	4.0	13.0	3.0	
856.0	74.0	4.0	1.0	3.0	75.0	4.0	8.0	5.0	76.0	4.0	6.0	4.0	
857.0	77.0	4.0	8.0	2.0	78.0	4.0	8.0	1.0	79.0	4.0	7.0	3.0	
858.0	80.0	4.0	3.0	1.0	61.0	4.0	12.0	4.0	62.0	4.0	7.0	4.0	
859.0	63.0	4.0	15.0	1.0	64.0	4.0	4.0	2.0	65.0	4.0	11.0	2.0	
860.0	66.0	4.0	12.0	5.0	67.0	4.0	3.0	3.0	68.0	4.0	5.0	3.0	
861.0	69.0	4.0	12.0	2.0	70.0	4.0	11.0	5.0	71.0	4.0	11.0	3.0	
862.0	72.0	4.0	11.0	2.0	73.0	4.0	13.0	3.0	74.0	4.0	1.0	3.0	
863.0	75.0	4.0	8.0	5.0	76.0	4.0	6.0	4.0	77.0	4.0	8.0	2.0	
864.0	78.0	4.0	8.0	1.0	79.0	4.0	7.0	3.0	80.0	4.0	3.0	1.0	
865.0	61.0	4.0	12.0	4.0	62.0	4.0	7.0	4.0	63.0	4.0	15.0	1.0	
866.0	64.0	4.0	4.0	2.0	65.0	4.0	11.0	2.0	66.0	4.0	12.0	5.0	
867.0	67.0	4.0	3.0	3.0	68.0	4.0	5.0	3.0	69.0	4.0	12.0	2.0	
868.0	70.0	4.0	11.0	5.0	71.0	4.0	11.0	3.0	72.0	4.0	11.0	2.0	
869.0	73.0	4.0	13.0	3.0	74.0	4.0	1.0	3.0	75.0	4.0	8.0	5.0	
870.0	76.0	4.0	6.0	4.0	77.0	4.0	8.0	2.0	78.0	4.0	8.0	1.0	
871.0	79.0	4.0	7.0	3.0	80.0	4.0	3.0	1.0	61.0	4.0	12.0	4.0	
872.0	62.0	4.0	7.0	4.0	63.0	4.0	15.0	1.0	64.0	4.0	4.0	2.0	
873.0	65.0	4.0	11.0	2.0	66.0	4.0	12.0	5.0	67.0	4.0	3.0	3.0	
874.0	68.0	4.0	5.0	3.0	69.0	4.0	12.0	2.0	70.0	4.0	11.0	5.0	
875.0	71.0	4.0	11.0	3.0	72.0	4.0	11.0	2.0	73.0	4.0	13.0	3.0	
876.0	74.0	4.0	1.0	3.0	75.0	4.0	8.0	5.0	76.0	4.0	6.0	4.0	
877.0	77.0	4.0	8.0	2.0	78.0	4.0	8.0	1.0	79.0	4.0	7.0	3.0	
878.0	80.0	4.0	3.0	1.0	61.0	4.0	12.0	4.0	62.0	4.0	7.0	4.0	
879.0	63.0	4.0	15.0	1.0	64.0	4.0	4.0	2.0	65.0	4.0	11.0	2.0	
880.0	66.0	4.0	12.0	5.0	67.0	4.0	3.0	3.0	68.0	4.0	5.0	3.0	
881.0	69.0	4.0	12.0	2.0	70.0	4.0	11.0	5.0	71.0	4.0	11.0	3.0	
882.0	72.0	4.0	11.0	2.0	73.0	4.0	13.0	3.0	74.0	4.0	1.0	3.0	
883.0	75.0	4.0	8.0	5.0	76.0	4.0	6.0	4.0	77.0	4.0	8.0	2.0	
884.0	78.0	4.0	8.0	1.0	79.0	4.0	7.0	3.0	80.0	4.0	3.0	1.0	
885.0	61.0	4.0	12.0	4.0	62.0	4.0	7.0	4.0	63.0	4.0	15.0	1.0	
886.0	64.0	4.0	4.0	2.0	65.0	4.0	11.0	2.0	66.0	4.0	12.0	5.0	
887.0	67.0	4.0	3.0	3.0	68.0	4.0	5.0	3.0	69.0	4.0	12.0	2.0	
888.0	70.0	4.0	11.0	5.0	71.0	4.0	11.0	3.0	72.0	4.0	11.0	2.0	
889.0	73.0	4.0	13.0	3.0	74.0	4.0	1.0	3.0	75.0	4.0	8.0	5.0	
890.0	76.0	4.0	6.0	4.0	77.0	4.0	8.0	2.0	78.0	4.0	8.0	1.0	
891.0	79.0	4.0	7.0	3.0	80.0	4.0	3.0	1.0	61.0	4.0	12.0	4.0	
892.0	62.0	4.0	7.0	4.0	63.0	4.0	15.0	1.0	64.0	4.0	4.0	2.0	
893.0	65.0	4.0	11.0	2.0	66.0	4.0	12.0	5.0	67.0	4.0	3.0	3.0	
894.0	68.0	4.0	5.0	3.0	69.0	4.0	12.0	2.0	70.0	4.0	11.0	5.0	
895.0	71.0	4.0	11.0	3.0	72.0	4.0	11.0	2.0	73.0	4.0	13.0	3.0	
896.0	74.0	4.0	1.0	3.0	75.0	4.0	8.0	5.0	76.0	4.0	6.0	4.0	
897.0	77.0	4.0	8.0	2.0	78.0	4.0	8.0	1.0	79.0	4.0	7.0	3.0	
898.0	80.0	4.0	3.0	1.0	61.0	4.0	12.0	4.0	62.0	4.0	7.0	4.0	
899.0	63.0	4.0	15.0	1.0	64.0	4.0	4.0	2.0	65.0	4.0	11.0	2.0	
900.0	66.0	4.0	12.0	5.0	67.0	4.0	3.0	3.0	68.0	4.0	5.0	3.0	
901.0	69.0	4.0	12.0	2.0	70.0	4.0	11.0	5.0	71.0	4.0	11.0	3.0	
902.0	72.0	4.0	11.0	2.0	73.0	4.0	13.0	3.0	74.0	4.0	1.0	3.0	
903.0	75.0	4.0	8.0	5.0	76.0	4.0	6.0	4.0	77.0	4.0	8.0	2.0	
904.0	78.0	4.0	8.0	1.0	79.0	4.0	7.0	3.0	80.0	4.0	3.0	1.0	
905.0	61.0	4.0	12.0	4.0	62.0	4.0	7.0	4.0	63.0	4.0	15.0	1.0	
906.0	64.0	4.0	4.0	2.0	65.0	4.0	11.0	2.0	66.0	4.0	12.0	5.0	
907.0	67.0	4.0	3.0	3.0	68.0	4.0	5.0	3.0	69.0	4.0	12.0	2.0	
908.0	70.0	4.0	11.0	5.0	71.0	4.0	11.0	3.0	72.0	4.0	11.0	2.0	
909.0	73.0	4.0	13.0	3.0	74.0	4.0	1.0	3.0	75.0	4.0	8.0	5.0	
910.0	76.0	4.0	6.0	4.0	77.0	4.0	8.0	2.0	78.0	4.0	8.0	1.0	
911.0	79.0	4.0	7.0	3.0	80.0	4.0	3.0	1.0	61.0	4.0	12.0	4.0	
912.0	62.0	4.0	7.0	4.0	63.0	4.0	15.0	1.0	64.0	4.0	4.0	2.0	
913.0	65.0	4.0	11.0	2.0	66.0	4.0	12.0	5.0	67.0	4.0	3.0	3.0	
914.0	68.0	4.0	5.0	3.0	69.0	4.0	12.0	2.0	70.0	4.0	11.0	5.0	
915.0	71.0	4.0	11.0	3.0	72.0	4.0	11.0	2.0	73.0	4.0	13.0	3.0	
916.0	74.0	4.0	1.0	3.0	75.0	4.0	8.0	5.0	76.0	4.0	6.0	4.0	
917.0	77.0	4.0	8.0	2.0	78.0	4.0	8.0	1.0	79.0	4.0	7.0	3.0	
918.0	80.0	4.0	3.0	1.0	61.0	4.0	12.0	4.0	62.0	4.0	7.0	4.0	
919.0	63.0	4.0	15.0	1.0	64.0	4.0	4.0	2.0	65.0	4.0	11.0	2.0	
920.0	66.0	4.0	12.0	5.0	67.0	4.0	3.0	3.0	68.0	4.0	5.0	3.0	
921.0	69.0	4.0	12.0	2.0	70.0	4.0	11.0	5.0	71.0	4.0	11.0	3.0	
922.0	72.0	4.0	11.0	2.0	73.0	4.0	13.0	3.0	74.0	4.0	1.0	3.0	
923.0	75.0	4.0	8.0	5.0	76.0	4.0	6.0	4.0	77.0	4.0	8.0	2.0	
924.0	78.0	4.0	8.0	1.0	79.0	4.0	7.0	3.0	80.0	4.0	3.0	1.0	
925.0	61.0	4.0	12.0	4.0	62.0	4.0	7.0	4.0	63.0	4.0	15.0	1.0	
926.0	64.0	4.0	4.0	2.0	65.0	4.0	11.0	2.0	66.0	4.0	12.0	5.0	
927.0	67.0	4.0	3.0	3.0	68.0	4.0	5.0	3.0	69.0	4.0	12.0	2.0	
928.0	70.0	4.0	11.0	5.0	71.0	4.0	11.0	3.0	72.0	4.0	11.0	2.0	
929.0	73.0	4.0	13.0	3.0	74.0	4.0	1.0	3.0	75.0	4.0	8.0	5.0	
930.0	76.0	4.0	6.0	4.0	77.0	4.0	8.0	2.0	78.0	4.0	8.0	1.0	
931.0	79.0	4.0	7.0	3.0	80.0	4.0	3.0	1.0	61.0	4.0	12.0	4.0	
932.0	62.0	4.0	7.0	4.0	63.0	4.0	15.0	1.0	64.0	4.0	4.0	2.0	
933.0	65.0	4.0	11.0	2.0	66.0	4.0	12.0	5.0	67.0	4.0	3.0	3.0	
934.0	68.0	4.0	5.0	3.0	69.0	4.0	12.0	2.0	70.0	4.0	11.0	5.0	
935.0	71.0	4.0	11.0	3.0	72.0	4.0	11.0	2.0	73.0	4.0	13.0	3.0	
936.0	74.0	4.0	1.0	3.0	75.0	4.0	8.0	5.0	76.0	4.0	6.0	4.0	
937.0	77.0	4.0	8.0	2.0	78.0	4.0	8.0	1.0	79.0	4.0	7.0	3.0	
938.0	80.0	4.0	3.0	1.0	61.0	4.0	12.0	4.0	62.0	4.0	7.0	4.0	
939.0	63.0	4.0	15.0	1.0	64.0	4.0	4.0	2.0	65.0	4.0	11.0	2.0	
940.0	66.0	4.0	12.0	5.0	67.0	4.0	3.0	3.0	68.0	4.0	5.0	3.0	
941.0	69.0	4.0	12.0	2.0	70.0	4.0	11.0	5.0	71.0	4.0	11.0	3.0	
942.0	72.0	4.0	11.0	2.0	73.0	4.0	13.0	3.0	74.0	4.0	1.0	3.0	
943.0	75.0	4.0	8.0	5.0	76.0	4.0	6.0	4.0	77.0	4.0	8.0	2.0	
944.0	78.0	4.0	8.0	1.0	79.0	4.0	7.0	3.0	80.0	4.0	3.0	1.0	
945.0	61.0	4.0	12.0	4.0	62.0	4.0	7.0	4.0	63.0	4.0	15.0	1.0	
946.0	64.0	4.0	4.0	2.0	65.0	4.0	11.0	2.0	66.0	4.0	12.0	5.0	
947.0	67.0	4.0	3.0	3.0	68.0	4.0	5.0	3.0	69.0	4.0	12.0	2.0	
948.0	70.0	4.0	11.0	5.0	71.0	4.0	11.0	3.0	72.0	4.0	11.0	2.0	
949.0	73.0	4.0	13.0	3.0	74.0	4.0	1.0	3.0	75.0	4.0	8.0	5.0	
950.0	76.0	4.0	6.0	4.0	77.0	4.0	8.0	2.0	78.0	4.0	8.0	1.0	
951.0	79.0	4.0	7.0	3.0	80.0	4.0	3.0	1.0	61.0	4.0	12.0	4.0	
952.0	62.0	4.0	7.0	4.0	63.0	4.0	15.0	1.0	64.0	4.0	4.0	2.0	
953.0	65.0	4.0	11.0	2.0	66.0	4.0	12.0	5.0	67.0	4.0	3.0	3.0	
954.0	68.0	4.0	5.0	3.0	69.0	4.0	12.0	2.0	70.0	4.0	11.0	5.0	
955.0	71.0	4.0	11.0	3.0	72.0	4.0	11.0	2.0	73.0	4.0	13.0	3.0	
956.0	74.0	4.0	1.0	3.0	75.0	4.0	8.0	5.0	76.0	4.0	6.0	4.0	
957.0	77.0	4.0	8.0	2.0	78.0	4.0	8.0	1.0	79.0	4.0	7.0	3.0	
958.0	80.0	4.0	3.0	1.0	61.0	4.0	12.0	4.0	62.0	4.0	7.0	4.0	
959.0	63.0	4.0	15.0	1.0	64.0	4.0	4.0	2.0	65.0	4.0	11.0	2.0	
960.0	66.0	4.0	12.0	5.0	67.0	4.0	3.0	3.0	68.0	4.0	5.0	3.0	
961.0	69.0	4.0	12.0	2.0	70.0	4.0	11.0	5.0	71.0	4.0	11.0	3.0	
962.0	72.0	4.0	11.0	2.0	73.0	4.0	13.0	3.0	74.0	4.0	1.0	3.0	
963.0	75.0	4.0	8.0	5.0	76.0	4.0	6.0	4.0	77.0	4.0	8.0	2.0	
964.0	78.0	4.0	8.0	1.0	79.0	4.0	7.0	3.0	80.0	4.0	3.0	1.0	
965.0	61.0	4.0	12.0	4.0	62.0	4.0	7.0	4.0	63.0	4.0	15.0	1.0	
966.0	64.0	4.0	4.0	2.0	65.0	4.0	11.0	2.0	66.0	4.0	12.0	5.0	
967.0	67.0	4.0	3.0	3.0	68.0	4.0	5.0	3.0	69.0	4.0	12.0	2.0	
968.0	70.0	4.0	11.0	5.0	71.0	4.0	11.0	3.0	72.0	4.0	11.0	2.0	
969.0	73.0	4.0	13.0	3.0	74.0	4.0	1.0	3.0	75.0	4.0	8.0	5.0	
970.0	76.0	4.0	6.0	4.0	77.0	4.0	8.0	2.0	78.0	4.0	8.0	1.0	
971.0	79.0	4.0	7.0	3.0	80.0	4.0	3.0	1.0	61.0	4.0	12.0	4.0	
972.0	62.0	4.0	7.0	4.0	63.0	4.0	15.0	1.0	64.0	4.0	4.0	2.0	
973.0	65.0	4.0	11.0	2.0	66.0	4.0	12.0	5.0	67.0	4.0	3.0	3.0	
974.0	68.0	4.0	5.0	3.0	69.0	4.0	12.0	2.0	70.0	4.0	11.0	5.0	
975.0	71.0	4.0	11.0	3.0	72.0	4.0	11.0	2.0	73.0	4.0	13.0	3.0	
976.0	74.0	4.0	1.0	3.0	75.0	4.0	8.0	5.0	76.0	4.0	6.0	4.0	
977.0	77.0	4.0	8.0	2.0	78.0	4.0	8.0	1.0	79.0	4.0	7.0	3.0	
978.0	80.0	4.0	3.0	1.0	61.0	4.0	12.0	4.0	62.0	4.0	7.0	4.0	
979.0	63.0	4.0	15.0	1.0	64.0	4.0	4.0	2.0	65.0	4.0	11.0	2.0	
980.0	66.0	4.0	12.0	5.0	67.0	4.0	3.0	3.0	68.0	4.0	5.0	3.0	
981.0	69.0	4.0	12.0	2.0	70.0	4.0	11.0	5.0	71.0	4.0	11.0	3.0	
982.0	72.0	4.0	11.0	2.0	73.0	4.0	13.0	3.0	74.0	4.0	1.0	3.0	
983.0	75.0	4.0	8.0	5.0	76.0	4.0	6.0	4.0	77.0	4.0	8.0	2.0	
984.0	78.0	4.0	8.0	1.0	79.0	4.0	7.0	3.0	80.0	4.0	3.0	1.0	
985.0	61.0	4.0	12.0	4.0	62.0	4.0	7.0	4.0	63.0	4.0	15.0	1.0	
986.0	64.0	4.0	4.0	2.0	65.0	4.0	11.0	2.0	66.0	4.0	12.0	5.0	
987.0	67.0	4.0	3.0	3.0	68.0	4.0	5.0	3.0	69.0	4.0	12.0	2.0	
988.0	70.0	4.0	11.0	5.0	71.0	4.0	11.0	3.0	72.0	4.0	11.0	2.0	
989.0	73.0	4.0	13.0	3.0	74.0	4.0	1.0	3.0	75.0	4.0	8.0	5.0	
990.0	76.0	4.0	6.0	4.0	77.0	4.0	8.0	2.0	78.0	4.0	8.0	1.0	
991.0	79.0	4.0	7.0	3.0	80.0	4.0	3.0	1.0	61.0	4.0	12.0	4.0	
992.0	62.0	4.0	7.0	4.0	63.0	4.0	15.0	1.0	64.0	4.0	4.0	2.0	
993.0	65.0	4.0	11.0	2.0	66.0	4.0	12.0	5.0	67.0	4.0	3.0	3.0	
994.0	68.0	4.0	5.0	3.0	69.0	4.0	12.0	2.0	70.0	4.0	11.0	5.0	
995.0	71.0	4.0	11.0	3.0	72.0	4.0	11.0	2.0	73.0	4.0	13.0	3.0	
996.0	74.0	4.0	1.0	3.0	75.0	4.0	8.0	5.0	76.0	4.0	6.0	4.0	
997.0	77.0	4.0	8.0	2.0	78.0	4.0	8.0	1.0	79.0	4.0	7.0	3.0	
998.0	80.0	4.0	3.0	1.0	61.0	4.0	12.0	4.0	62.0	4.0	7.0	4.0	
999.0	63.0	4.0	15.0	1.0	64.0	4.0	4.0	2.0	65.0	4.0	11.0	2.0	
1000.0	66.0	4.0	12.0	5.0	67.0	4.0	3.0	3.0	68.0	4.0	5.0	3.0	
1001.0	69.0	4.0	12.0	2.0	70.0	4.0	11.0	5.0	71.0	4.0	11.0	3.0	
1002.0	72.0	4.0	11.0	2.0	73.0	4.0	13.0	3.0	74.0	4.0	1.0	3.0	
1003.0	75.0	4.0	8.0	5.0	76.0	4.0	6.0	4.0	77.0	4.0	8.0	2.0	
1004.0	78.0	4.0	8.0	1.0	79.0	4.0	7.0	3.0	80.0	4.0	3.0	1.0	
1005.0	61.0	4.0	12.0	4.0	62.0	4.0	7.0	4.0	63.0	4.0	15.0	1.0	
1006.0	64.0	4.0	4.0	2.0	65.0	4.0	11.0	2.0	66.0	4.0	12.0	5.0	
1007.0	67.0	4.0	3.0	3.0	68.0	4.0	5.0	3.0	69.0	4.0	12.0	2.0	
1008.0	70.0	4.0	11.0	5.0	71.0	4.0	11.0	3.0	72.0	4.0	11.0	2.0	
1009.0	73.0	4.0	13.0	3.0	74.0	4.0	1.0	3.0	75.0	4.0	8.0	5.0	
1010.0	76.0	4.0	6.0	4.0	77.0	4.0	8.0	2.0	78.0	4.0	8.0	1.0	
1011.0	79.0	4.0	7.0	3.0	80.0	4.0	3.0	1.0	61.0	4.0	12.0	4.0	
1012.0	62.0	4.0	7.0	4.0	63.0	4.0	15.0	1.0	64.0	4.0	4.0	2.0	
1013.0	65.0	4.0	11.0	2.0	66.0	4.0	12.0	5.0	67.0	4.0	3.0	3.0	
1014.0	68.0	4.0	5.0	3.0	69.0	4.0	12.0	2.0	70.0	4.0	11.0	5.0	
1015.0	71.0	4.0	11.0	3.0	72.0	4.0	11.0	2.0	73.0	4.0	13.0	3.0	
1016.0	74.0	4.0	1.0	3.0	75.0	4.0	8.0	5.0	76.0	4.0	6.0	4.0	
1017.0	77.0	4.0	8.0	2.0	78.0	4.0	8.0	1.0	79.0	4.0	7.0	3.0	
1018.0	80.0	4.0	3.0	1.0	61.0	4.0	12.0	4.0	62.0	4.0	7.0	4.0	
1019.0	63.0	4.0	15.0	1.0	64.0	4.0	4.0	2.0	65.0	4.0	11.0	2.0	
1020.0	66.0	4.0	12.0	5.0	67.0	4.0	3.0	3.0	68.0	4.0	5.0	3.0	
1021.0	69.0	4.0	12.0	2.0	70.0	4.0	11.0	5.0	71.0	4.0	11.0	3.0	
1022.0	72.0	4.0	11.0	2.0	73.0	4.0	13.0	3.0	74.0	4.0	1.0	3.0	
1023.0	75.0	4.0	8.0	5.0	76.0	4.0	6.0	4.0	77.0	4.0	8.0	2.0	
1024.0	78.0	4.0	8.0	1.0	79.0	4.0	7.0	3.0	80.0	4.0	3.0	1.0	
1025.0	61.0	4.0	12.0	4.0	62.0	4.0	7.0	4.0	63.0	4.0	15.0	1.0	
1026.0	64.0	4.0	4.0	2.0	65.0	4.0	11.0	2.0	66.0	4.0	12.0	5.0	
1027.0	67.0	4.0	3.0	3.0	68.0	4.0	5.0	3.0	69.0	4.0	12.0	2.0	
1028.0	70.0	4.0	11.0	5.0	71.0	4.0	11.0	3.0	72.0	4.0	11.0	2.0	
1029.0	73.0	4.0	13.0	3.0	74.0	4.0	1.0	3.0	75.0	4.0	8.0	5.0	
1030.0	76.0	4.0	6.0	4.0	77.0	4.0	8.0	2.0	78.0	4.0	8.0	1.0	
1031.0	79.0	4.0	7.0	3.0	80.0	4.0	3.0	1.0	61.0	4.0	12.0	4.0	
1032.0	62.0	4.0	7.0	4.0	63.0	4.0	15.0	1.0	64.0	4.0	4.0	2.0	
1033.0	65.0	4.0	11.0	2.0	66.0	4.0	12.0	5.0	67.0	4.0	3.0	3.0	
1034.0	68.0	4.0	5.0	3.0	69.0	4.0	12.0	2.0	70.0	4.0	11.0	5.0	
1035.0	71.0	4.0	11.0	3.0	72.0	4.0	11.0	2.0	73.0	4.0	13.0	3.0	
1036.0	74.0	4.0	1.0	3.0	75.0	4.0	8.0	5.0	76.0	4.0	6.0	4.0	
1037.0	77.0	4.0	8.0	2.0	78.0	4.0	8.0	1.0	79.0	4.0	7.0	3.0	
1038.0	80.0	4.0	3.0	1.0	61.0	4.0	12.0	4.0	62.0	4.0	7.0	4.0	
1039.0	63.0	4.0	15.0	1.0	64.0	4.0	4.0	2.0	65.0	4.0	11.0	2.0	
1040.0	66.0	4.0	12.0	5.0	67.0	4.0	3.0	3.0	68.0	4.0	5.0	3.0	
1041.0	69.0	4.0	12.0	2.0	70.0	4.0	11.0	5.0	71.0	4.0	11.0	3.0	
1042.0	72.0	4.0	11.0	2.0	73.0	4.0	13.0	3.0	74.0	4.0	1.0	3.0	
1043.0	75.0	4.0	8.0	5.0	76.0	4.0	6.0	4.0	77.0	4.0	8.0	2.0	
1044.0	78.0	4.0	8.0	1.0	79.0	4.0	7.0	3.0	80.0	4.0	3.0	1.0	
1045.0	61.0	4.0	12.0	4.0	62.0	4.0	7.0	4.0	63.0	4.0	15.0	1.0	
1046.0	64.0	4.0	4.0	2.0	65.0	4.0	11.0	2.0	66.0	4.0	12.0	5.0	
1047.0	67.0	4.0	3.0	3.0	68.0	4.0	5.0	3.0	69.0	4.0	12.0	2.0	
1048.0	70.0	4.0	11.0	5.0	71.0	4.0	11.0	3.0	72.0	4.0	11.0	2.0	
1049.0	73.0	4.0	13.0	3.0	74.0	4.0	1.0	3.0	75.0	4.0	8.0	5.0	
1050.0	76.0	4.0	6.0	4.0	77.0	4.0	8.0	2.0	78.0	4.0	8.0	1.0	
1051.0	79.0	4.0	7.0	3.0	80.0	4.0	3.0	1.0	61.0	4.0	12.0	4.0	
1052.0	62.0	4.0	7.0	4.0	63.0	4.0	15.0	1.0	64.0	4.0	4.0	2.0	
1053.0	65.0	4.0	11.0	2.0	66.0	4.0	12.0	5.0	67.0	4.0	3.0	3.0	
1054.0	68.0	4.0	5.0	3.0	69.0	4.0	12.0	2.0	70.0	4.0	11.0	5.0	
1055.0	71.0	4.0	11.0	3.0	72.0	4.0	11.0	2.0	73.0	4.0	13.0	3.0	
1056.0	74.0	4.0	1.0	3.0	75.0	4.0	8.0	5.0	76.0	4.0	6.0	4.0	
1057.0	77.0	4.0	8.0	2.0	78.0	4.0	8.0	1.0	79.0	4.0	7.0	3.0	
1058.0	80.0	4.0	3.0	1.0	61.0	4.0	12.0	4.0	62.0	4.0	7.0	4.0	
1059.0	63.0	4.0	15.0	1.0	64.0	4.0	4.0	2.0	65.0	4.0	11.0	2.0	
1060.0	66.0	4.0	12.0	5.0	67.0	4.0	3.0	3.0	68.0	4.0	5.0	3.0	
1061.0	69.0	4.0	12.0	2.0	70.0	4.0	11.0	5.0	71.0	4.0	11.0	3.0	
1062.0	72.0	4.0	11.0	2.0	73.0	4.0	13.0	3.0	74.0	4.0	1.0	3.0	
1063.0	75.0	4.0	8.0	5.0	76.0	4.0	6.0	4.0	77.0	4.0	8.0	2.0	
1064.0	78.0	4.0	8.0	1.0	79.0	4.0	7.0	3.0	80.0	4.0	3.0	1.0	
1065.0	61.0	4.0	12.0	4.0	62.0	4.0	7.0	4.0	63.0	4.0	15.0	1.0	
1066.0	64.0	4.0	4.0	2.0	65.0	4.0	11.0	2.0	66.0	4.0	12.0	5.0	
1067.0	67.0	4.0	3.0	3.0	68.0	4.0	5.0	3.0	69.0	4.0	12.0	2.0	
1068.0	70.0	4.0	11.0	5.0	71.0	4.0	11.0	3.0	72.0	4.0	11.0	2.0	
1069.0	73.0	4.0	13.0	3.0	74.0	4.0	1.0	3.0	75.0	4.0	8.0	5.0	
1070.0	76.0	4.0	6.0	4.0	77.0	4.0	8.0	2.0	78.0	4.0	8.0	1.0	
1071.0	79.0	4.0	7.0	3.0	80.0	4.0	3.0	1.0	61.0	4.0	12.0	4.0	
1072.0	62.0	4.0	7.0	4.0	63.0	4.0	15.0	1.0	64.0	4.0	4.0	2.0	
1073.0	65.0	4.0	11.0	2.0	66.0	4.0	12.0	5.0	67.0	4.0	3.0	3.0	
1074.0	68.0	4.0	5.0	3.0	69.0	4.0	12.0	2.0	70.0	4.0	11.0	5.0	
1075.0	71.0	4.0	11.0	3.0	72.0	4.0	11.0	2.0	73.0	4.0	13.0	3.0	
1076.0	74.0	4.0	1.0	3.0	75.0	4.0	8.0	5.0	76.0	4.0	6.0	4.0	
1077.0	77.0	4.0	8.0	2.0	78.0	4.0	8.0	1.0	79.0	4.0	7.0	3.0	
1078.0	80.0	4.0	3.0	1.0	61.0	4.0	12.0	4.0	62.0	4.0	7.0	4.0	
1079.0	63.0	4.0	15.0	1.0	64.0	4.0	4.0	2.0	65.0	4.0	11.0	2.0	
1080.0	66.0	4.0	12.0	5.0	67.0	4.0	3.0	3.0	68.0	4.0	5.0	3.0	
1081.0	69.0	4.0	12.0	2.0	70.0	4.0	11.0	5.0	71.0	4.0	11.0	3.0	
1082.0	72.0	4.0	11.0	2.0	73.0	4.0	13.0	3.0	74.0	4.0	1.0	3.0	
1083.0	75.0	4.0	8.0	5.0	76.0	4.0	6.0	4.0	77.0	4.0	8.0	2.0	
1084.0	78.0	4.0	8.0	1.0	79.0	4.0	7.0	3.0	80.0	4.0	3.0	1.0	
1085.0	61.0	4.0	12.0	4.0	62.0	4.0	7.0	4.0	63.0	4.0	15.0	1.0	
1086.0	64.0	4.0	4.0	2.0	65.0	4.0	11.0	2.0	66.0	4.0	12.0	5.0	
1087.0	67.0	4.0	3.0	3.0	68.0	4.0	5.0	3.0	69.0	4.0	12.0	2.0	
1088.0	70.0	4.0	11.0	5.0	71.0	4.0	11.0	3.0	72.0	4.0	11.0	2.0	
1089.0	73.0	4.0	13.0	3.0	74.0	4.0	1.0	3.0	75.0	4.0	8.0	5.0	
1090.0	76.0	4.0	6.0	4.0	77.0	4.0	8.0	2.0	78.0	4.0	8.0	1.0	
1091.0	79.0	4.0	7.0	3.0	80.0	4.0	3.0	1.0	61.0	4.0	12.0	4.0	
1092.0	62.0	4.0	7.0	4.0	63.0	4.0	15.0	1.0	64.0	4.0	4.0	2.0	
1093.0	65.0	4.0	11.0	2.0	66.0	4.0	12.0	5.0	67.0	4.0	3.0	3.0	
1094.0	68.0	4.0	5.0	3.0	69.0	4.0	12.0	2.0	70.0	4.0	11.0	5.0	
1095.0	71.0	4.0	11.0	3.0	72.0	4.0	11.0	2.0	73.0	4.0	13.0	3.0	
1096.0	74.0	4.0	1.0	3.0	75.0	4.0	8.0	5.0	76.0	4.0	6.0	4.0	
1097.0	77.0	4.0	8.0	2.0	78.0	4.0	8.0	1.0	79.0	4.0	7.0	3.0	
1098.0	80.0	4.0	3.0	1.0	61.0	4.0	12.0	4.0	62.0	4.0	7.0	4.0	
1099.0	63.0	4.0	15.0	1.0	64.0	4.0	4.0	2.0	65.0	4.0	11.0	2.0	
1100.0	66.0	4.0	12.0	5.0	67.0	4.0	3.0	3.0	68.0	4.0	5.0	3.0	
1101.0	69.0	4.0	12.0	2.0	70.0	4.0	11.0	5.0	71.0	4.0	11.0	3.0	
1102.0	72.0	4.0	11.0	2.0	73.0	4.0	13.0	3.0	74.0	4.0	1.0	3.0	
1103.0	75.0	4.0	8.0	5.0	76.0	4.0	6.0	4.0	77.0	4.0	8.0	2.0	
1104.0	78.0	4.0	8.0	1.0	79.0	4.0	7.0	3.0	80.0	4.0	3.0	1.0	
1105.0	61.0	4.0	12.0	4.0	62.0	4.0	7.0	4.0	63.0	4.0	15.0	1.0	
1106.0	64.0	4.0	4.0	2.0	65.0	4.0	11.0	2.0	66.0	4.0	12.0	5.0	
1107.0	67.0	4.0	3.0	3.0	68.0	4.0	5.0	3.0	69.0	4.0	12.0	2.0	
1108.0	70.0	4.0	11.0	5.0	71.0	4.0	11.0	3.0	72.0	4.0	11.0	2.0	
1109.0	73.0	4.0	13.0	3.0	74.0	4.0	1.0	3.0	75.0	4.0	8.0	5.0	
1110.0	76.0	4.0	6.0	4.0	77.0	4.0	8.0	2.0	78.0	4.0	8.0	1.0	
1111.0	79.0	4.0	7.0	3.0	80.0	4.0	3.0	1.0	61.0	4.0	12.0	4.0	
1112.0	62.0	4.0	7.0	4.0	63.0	4.0	15.0	1.0	64.0	4.0	4.0	2.0	
1113.0	65.0	4.0	11.0	2.0	66.0	4.0	12.0	5.0	67.0	4.0	3.0	3.0	
1114.0	68.0	4.0	5.0	3.0	69.0	4.0	12.0	2.0	70.0	4.0	11.0	5.0	
1115.0	71.0	4.0	11.0	3.0	72.0	4.0	11.0	2.0	73.0	4.0	13.0	3.0	
1116.0	74.0	4.0	1.0	3.0	75.0	4.0	8.0	5.0	76.0	4.0	6.0	4.0	
1117.0	77.0	4.0	8.0	2.0	78.0	4.0	8.0	1.0	79.0	4.0	7.0	3.0	
1118.0	80.0	4.0	3.0	1.0	61.0	4.0	12.0	4.0	62.0	4.0	7.0	4.0	
1119.0	63.0	4.0	15.0	1.0	64.0	4.0	4.0	2.0	65.0	4.0	11.0	2.0	
1120.0	66.0	4.0	12.0	5.0	67.0	4.0	3.0	3.0	68.0	4.0	5.0	3.0	
1121.0	69.0	4.0	12.0	2.0	70.0	4.0	11.0	5.0	71.0	4.0	11.0	3.0	
1122.0	72.0	4.0	11.0	2.0	73.0	4.0	13.0	3.0	74.0	4.0	1.0	3.0	
1123.0	75.0	4.0	8.0	5.0	76.0	4.0	6.0	4.0	77.0	4.0	8.0	2.0	
1124.0	78.0	4.0	8.0	1.0	79.0	4.0	7.0	3.0	80.0	4.0	3.0	1.0	
1125.0	61.0	4.0	12.0	4.0	62.0	4.0	7.0	4.0	63.0	4.0	15.0	1.0	
1126.0	64.0	4.0	4.0	2.0	65.0	4.0	11.0	2.0	66.0	4.0	12.0	5.0	
1127.0	67.0	4.0	3.0	3.0	68.0	4.0	5.0	3.0	69.0	4.0	12.0	2.0	
1128.0	70.0	4.0	11.0	5.0	71.0	4.0	11.0	3.0	72.0	4.0	11.0	2.0	
1129.0	73.0	4.0	13.0	3.0	74.0	4.0	1.0	3.0	75.0	4.0	8.0	5.0	
1130.0	76.0	4.0	6.0	4.0	77.0	4.0	8.0	2.0	78.0	4.0	8.0	1.0	
1131.0	79.0	4.0	7.0	3.0	80.0	4.0	3.0	1.0	61.0	4.0	12.0	4.0	
1132.0	62.0	4.0	7.0	4.0	63.0	4.0	15.0	1.0	64.0	4.0	4.0	2.0	
1133.0	65.0	4.0	11.0	2.0	66.0	4.0	12.0	5.0	67.0	4.0	3.0	3.0	
1134.0	68.0	4.0	5.0	3.0	69.0	4.0	12.0	2.0	70.0	4.0	11.0	5.0	
1135.0	71.0	4.0	11.0	3.0	72.0	4.0	11.0	2.0	73.0	4.0	13.0	3.0	
1136.0	74.0	4.0	1.0	3.0	75.0	4.0	8.0	5.0	76.0	4.0	6.0	4.0	
1137.0	77.0	4.0	8.0	2.0	78.0	4.0	8.0	1.0	79.0	4.0	7.0	3.0	
1138.0	80.0	4.0	3.0	1.0	61.0	4.0	12.0	4.0	62.0	4.0	7.0	4.0	
1139.0	63.0	4.0	15.0	1.0	64.0	4.0	4.0	2.0	65.0	4.0	11.0	2.0	
1140.0	66.0	4.0	12.0	5.0	67.0	4.0	3.0	3.0	68.0	4.0	5.0	3.0	
1141.0	54.0	3.0	10.0	5.0	55.0	3.0	6.0	4.0	56.0	3.0	13.0	5.0	
1142.0	57.0	3.0	14.0	3.0	58.0	3.0	11.0	4.0	59.0	3.0	9.0	4.0	
1143.0	60.0	3.0	3.0	3.0	41.0	3.0	15.0	4.0	42.0	3.0	4.0	1.0	
1144.0	43.0	3.0	13.0	1.0	44.0	3.0	3.0	5.0	45.0	3.0	5.0	4.0	
1145.0	46.0	3.0	14.0	3.0	47.0	3.0	15.0	5.0	48.0	3.0	13.0	4.0	
1146.0	49.0	3.0	12.0	1.0	50.0	3.0	9.0	1.0	51.0	3.0	2.0	3.0	
1147.0	52.0	3.0	4.0	3.0	53.0	3.0	12.0	3.0	54.0	3.0	10.0	5.0	
1148.0	55.0	3.0	6.0	4.0	56.0	3.0	13.0	5.0	57.0	3.0	14.0	3.0	
1149.0	58.0	3.0	11.0	4.0	59.0	3.0	9.0	4.0	60.0	3.0	3.0	3.0	
1150.0	41.0	3.0	15.0	4.0	42.0	3.0	4.0	1.0	43.0	3.0	13.0	1.0	
1151.0	44.0	3.0	3.0	5.0	45.0	3.0	5.0	4.0	46.0	3.0	14.0	3.0	
1152.0	47.0	3.0	15.0	5.0	48.0	3.0	13.0	4.0	49.0	3.0	12.0	1.0	
1153.0	50.0	3.0	9.0	1.0	51.0	3.0	2.0	3.0	52.0	3.0	4.0	3.0	
1154.0	53.0	3.0	12.0	3.0	54.0	3.0	10.0	5.0	55.0	3.0	6.0	4.0	
1155.0	56.0	3.0	13.0	5.0	57.0	3.0	14.0	3.0	58.0	3.0	11.0	4.0	
1156.0	59.0	3.0	9.0	4.0	60.0	3.0	3.0	3.0	41.0	3.0	15.0	4.0	
1157.0	42.0	3.0	4.0	1.0	43.0	3.0	13.0	1.0	44.0	3.0	3.0	5.0	
1158.0	45.0	3.0	5.0	4.0	46.0	3.0	14.0	3.0	47.0	3.0	15.0	5.0	
1159.0	48.0	3.0	13.0	4.0	49.0	3.0	12.0	1.0	50.0	3.0	9.0	1.0	
1160.0	51.0	3.0	2.0	3.0	52.0	3.0	4.0	3.0	53.0	3.0	12.0	3.0	
1161.0	54.0	3.0	10.0	5.0	55.0	3.0	6.0	4.0	56.0	3.0	13.0	5.0	
1162.0	57.0	3.0	14.0	3.0	58.0	3.0	11.0	4.0	59.0	3.0	9.0	4.0	
1163.0	60.0	3.0	3.0	3.0	41.0	3.0	15.0	4.0	42.0	3.0	4.0	1.0	
1164.0	43.0	3.0	13.0	1.0	44.0	3.0	3.0	5.0	45.0	3.0	5.0	4.0	
1165.0	46.0	3.0	14.0	3.0	47.0	3.0	15.0	5.0	48.0	3.0	13.0	4.0	
1166.0	49.0	3.0	12.0	1.0	50.0	3.0	9.0	1.0	51.0	3.0	2.0	3.0	
1167.0	52.0	3.0	4.0	3.0	53.0	3.0	12.0	3.0	54.0	3.0	10.0	5.0	
1168.0	55.0	3.0	6.0	4.0	56.0	3.0	13.0	5.0	57.0	3.0	14.0	3.0	
1169.0	58.0	3.0	11.0	4.0	59.0	3.0	9.0	4.0	60.0	3.0	3.0	3.0	
1170.0	41.0	3.0	15.0	4.0	42.0	3.0	4.0	1.0	43.0	3.0	13.0	1.0	
1171.0	44.0	3.0	3.0	5.0	45.0	3.0	5.0	4.0	46.0	3.0	14.0	3.0	
1172.0	47.0	3.0	15.0	5.0	48.0	3.0	13.0	4.0	49.0	3.0	12.0	1.0	
1173.0	50.0	3.0	9.0	1.0	51.0	3.0	2.0	3.0	52.0	3.0	4.0	3.0	
1174.0	53.0	3.0	12.0	3.0	54.0	3.0	10.0	5.0	55.0	3.0	6.0	4.0	
1175.0	56.0	3.0	13.0	5.0	57.0	3.0	14.0	3.0	58.0	3.0	11.0	4.0	
1176.0	59.0	3.0	9.0	4.0	60.0	3.0	3.0	3.0	41.0	3.0	15.0	4.0	
1177.0	42.0	3.0	4.0	1.0	43.0	3.0	13.0	1.0	44.0	3.0	3.0	5.0	
1178.0	45.0	3.0	5.0	4.0	46.0	3.0	14.0	3.0	47.0	3.0	15.0	5.0	
1179.0	48.0	3.0	13.0	4.0	49.0	3.0	12.0	1.0	50.0	3.0	9.0	1.0	
1180.0	51.0	3.0	2.0	3.0	52.0	3.0	4.0	3.0	53.0	3.0	12.0	3.0	
1181.0	54.0	3.0	10.0	5.0	55.0	3.0	6.0	4.0	56.0	3.0	13.0	5.0	
1182.0	57.0	3.0	14.0	3.0	58.0	3.0	11.0	4.0	59.0	3.0	9.0	4.0	
1183.0	60.0	3.0	3.0	3.0	41.0	3.0	15.0	4.0	42.0	3.0	4.0	1.0	
1184.0	43.0	3.0	13.0	1.0	44.0	3.0	3.0	5.0	45.0	3.0	5.0	4.0	
1185.0	46.0	3.0	14.0	3.0	47.0	3.0	15.0	5.0	48.0	3.0	13.0	4.0	
1186.0	49.0	3.0	12.0	1.0	50.0	3.0	9.0	1.0	51.0	3.0	2.0	3.0	
1187.0	52.0	3.0	4.0	3.0	53.0	3.0	12.0	3.0	54.0	3.0	10.0	5.0	
1188.0	55.0	3.0	6.0	4.0	56.0	3.0	13.0	5.0	57.0	3.0	14.0	3.0	
1189.0	58.0	3.0	11.0	4.0	59.0	3.0	9.0	4.0	60.0	3.0	3.0	3.0	
1190.0	41.0	3.0	15.0	4.0	42.0	3.0	4.0	1.0	43.0	3.0	13.0	1.0	
1191.0	44.0	3.0	3.0	5.0	45.0	3.0	5.0	4.0	46.0	3.0	14.0	3.0	
1192.0	47.0	3.0	15.0	5.0	48.0	3.0	13.0	4.0	49.0	3.0	12.0	1.0	
1193.0	50.0	3.0	9.0	1.0	51.0	3.0	2.0	3.0	52.0	3.0	4.0	3.0	
1194.0	53.0	3.0	12.0	3.0	54.0	3.0	10.0	5.0	55.0	3.0	6.0	4.0	
1195.0	56.0	3.0	13.0	5.0	57.0	3.0	14.0	3.0	58.0	3.0	11.0	4.0	
1196.0	59.0	3.0	9.0	4.0	60.0	3.0	3.0	3.0	41.0	3.0	15.0	4.0	
1197.0	42.0	3.0	4.0	1.0	43.0	3.0	13.0	1.0	44.0	3.0	3.0	5.0	
1198.0	45.0	3.0	5.0	4.0	46.0	3.0	14.0	3.0	47.0	3.0	15.0	5.0	
1199.0	48.0	3.0	13.0	4.0	49.0	3.0	12.0	1.0	50.0	3.0	9.0	1.0	
1200.0	51.0	3.0	2.0	3.0	52.0	3.0	4.0	3.0	53.0	3.0	12.0	3.0	
1201.0	54.0	3.0	10.0	5.0	55.0	3.0	6.0	4.0	56.0	3.0	13.0	5.0	
1202.0	57.0	3.0	14.0	3.0	58.0	3.0	11.0	4.0	59.0	3.0	9.0	4.0	
1203.0	60.0	3.0	3.0	3.0	41.0	3.0	15.0	4.0	42.0	3.0	4.0	1.0	
1204.0	43.0	3.0	13.0	1.0	44.0	3.0	3.0	5.0	45.0	3.0	5.0	4.0	
1205.0	46.0	3.0	14.0	3.0	47.0	3.0	15.0	5.0	48.0	3.0	13.0	4.0	
1206.0	49.0	3.0	12.0	1.0	50.0	3.0	9.0	1.0	51.0	3.0	2.0	3.0	
1207.0	52.0	3.0	4.0	3.0	53.0	3.0	12.0	3.0	54.0	3.0	10.0	5.0	
1208.0	55.0	3.0	6.0	4.0	56.0	3.0	13.0	5.0	57.0	3.0	14.0	3.0	
1209.0	58.0	3.0	11.0	4.0	59.0	3.0	9.0	4.0	60.0	3.0	3.0	3.0	
1210.0	41.0	3.0	15.0	4.0	42.0	3.0	4.0	1.0	43.0	3.0	13.0	1.0	
1211.0	44.0	3.0	3.0	5.0	45.0	3.0	5.0	4.0	46.0	3.0	14.0	3.0	
1212.0	47.0	3.0	15.0	5.0	48.0	3.0	13.0	4.0	49.0	3.0	12.0	1.0	
1213.0	50.0	3.0	9.0	1.0	51.0	3.0	2.0	3.0	52.0	3.0	4.0	3.0	
1214.0	53.0	3.0	12.0	3.0	54.0	3.0	10.0	5.0	55.0	3.0	6.0	4.0	
1215.0	56.0	3.0	13.0	5.0	57.0	3.0	14.0	3.0	58.0	3.0	11.0	4.0	
1216.0	59.0	3.0	9.0	4.0	60.0	3.0	3.0	3.0	41.0	3.0	15.0	4.0	
1217.0	42.0	3.0	4.0	1.0	43.0	3.0	13.0	1.0	44.0	3.0	3.0	5.0	
1218.0	45.0	3.0	5.0	4.0	46.0	3.0	14.0	3.0	47.0	3.0	15.0	5.0	
1219.0	48.0	3.0	13.0	4.0	49.0	3.0	12.0	1.0	50.0	3.0	9.0	1.0	
1220.0	51.0	3.0	2.0	3.0	52.0	3.0	4.0	3.0	53.0	3.0	12.0	3.0	
1221.0	54.0	3.0	10.0	5.0	55.0	3.0	6.0	4.0	56.0	3.0	13.0	5.0	
1222.0	57.0	3.0	14.0	3.0	58.0	3.0	11.0	4.0	59.0	3.0	9.0	4.0	
1223.0	60.0	3.0	3.0	3.0	41.0	3.0	15.0	4.0	42.0	3.0	4.0	1.0	
1224.0	43.0	3.0	13.0	1.0	44.0	3.0	3.0	5.0	45.0	3.0	5.0	4.0	
1225.0	46.0	3.0	14.0	3.0	47.0	3.0	15.0	5.0	48.0	3.0	13.0	4.0	
1226.0	49.0	3.0	12.0	1.0	50.0	3.0	9.0	1.0	51.0	3.0	2.0	3.0	
1227.0	52.0	3.0	4.0	3.0	53.0	3.0	12.0	3.0	54.0	3.0	10.0	5.0	
1228.0	55.0	3.0	6.0	4.0	56.0	3.0	13.0	5.0	57.0	3.0	14.0	3.0	
1229.0	58.0	3.0	11.0	4.0	59.0	3.0	9.0	4.0	60.0	3.0	3.0	3.0	
1230.0	41.0	3.0	15.0	4.0	42.0	3.0	4.0	1.0	43.0	3.0	13.0	1.0	
1231.0	44.0	3.0	3.0	5.0	45.0	3.0	5.0	4.0	46.0	3.0	14.0	3.0	
1232.0	47.0	3.0	15.0	5.0	48.0	3.0	13.0	4.0	49.0	3.0	12.0	1.0	
1233.0	50.0	3.0	9.0	1.0	51.0	3.0	2.0	3.0	52.0	3.0	4.0	3.0	
1234.0	53.0	3.0	12.0	3.0	54.0	3.0	10.0	5.0	55.0	3.0	6.0	4.0	
1235.0	56.0	3.0	13.0	5.0	57.0	3.0	14.0	3.0	58.0	3.0	11.0	4.0	
1236.0	59.0	3.0	9.0	4.0	60.0	3.0	3.0	3.0	41.0	3.0	15.0	4.0	
1237.0	42.0	3.0	4.0	1.0	43.0	3.0	13.0	1.0	44.0	3.0	3.0	5.0	
1238.0	45.0	3.0	5.0	4.0	46.0	3.0	14.0	3.0	47.0	3.0	15.0	5.0	
1239.0	48.0	3.0	13.0	4.0	49.0	3.0	12.0	1.0	50.0	3.0	9.0	1.0	
1240.0	51.0	3.0	2.0	3.0	52.0	3.0	4.0	3.0	53.0	3.0	12.0	3.0	
1241.0	54.0	3.0	10.0	5.0	55.0	3.0	6.0	4.0	56.0	3.0	13.0	5.0	
1242.0	57.0	3.0	14.0	3.0	58.0	3.0	11.0	4.0	59.0	3.0	9.0	4.0	
1243.0	60.0	3.0	3.0	3.0	41.0	3.0	15.0	4.0	42.0	3.0	4.0	1.0	
1244.0	43.0	3.0	13.0	1.0	44.0	3.0	3.0	5.0	45.0	3.0	5.0	4.0	
1245.0	46.0	3.0	14.0	3.0	47.0	3.0	15.0	5.0	48.0	3.0	13.0	4.0	
1246.0	49.0	3.0	12.0	1.0	50.0	3.0	9.0	1.0	51.0	3.0	2.0	3.0	
1247.0	52.0	3.0	4.0	3.0	53.0	3.0	12.0	3.0	54.0	3.0	10.0	5.0	
1248.0	55.0	3.0	6.0	4.0	56.0	3.0	13.0	5.0	57.0	3.0	14.0	3.0	
1249.0	58.0	3.0	11.0	4.0	59.0	3.0	9.0	4.0	60.0	3.0	3.0	3.0	
1250.0	41.0	3.0	15.0	4.0	42.0	3.0	4.0	1.0	43.0	3.0	13.0	1.0	
1251.0	44.0	3.0	3.0	5.0	45.0	3.0	5.0	4.0	46.0	3.0	14.0	3.0	
1252.0	47.0	3.0	15.0	5.0	48.0	3.0	13.0	4.0	49.0	3.0	12.0	1.0	
1253.0	50.0	3.0	9.0	1.0	51.0	3.0	2.0	3.0	52.0	3.0	4.0	3.0	
1254.0	53.0	3.0	12.0	3.0	54.0	3.0	10.0	5.0	55.0	3.0	6.0	4.0	
1255.0	56.0	3.0	13.0	5.0	57.0	3.0	14.0	3.0	58.0	3.0	11.0	4.0	
1256.0	59.0	3.0	9.0	4.0	60.0	3.0	3.0	3.0	41.0	3.0	15.0	4.0	
1257.0	42.0	3.0	4.0	1.0	43.0	3.0	13.0	1.0	44.0	3.0	3.0	5.0	
1258.0	45.0	3.0	5.0	4.0	46.0	3.0	14.0	3.0	47.0	3.0	15.0	5.0	
1259.0	48.0	3.0	13.0	4.0	49.0	3.0	12.0	1.0	50.0	3.0	9.0	1.0	
1260.0	51.0	3.0	2.0	3.0	52.0	3.0	4.0	3.0	53.0	3.0	12.0	3.0	
1261.0	54.0	3.0	10.0	5.0	55.0	3.0	6.0	4.0	56.0	3.0	13.0	5.0	
1262.0	57.0	3.0	14.0	3.0	58.0	3.0	11.0	4.0	59.0	3.0	9.0	4.0	
1263.0	60.0	3.0	3.0	3.0	41.0	3.0	15.0	4.0	42.0	3.0	4.0	1.0	
1264.0	43.0	3.0	13.0	1.0	44.0	3.0	3.0	5.0	45.0	3.0	5.0	4.0	
1265.0	46.0	3.0	14.0	3.0	47.0	3.0	15.0	5.0	48.0	3.0	13.0	4.0	
1266.0	49.0	3.0	12.0	1.0	50.0	3.0	9.0	1.0	51.0	3.0	2.0	3.0	
1267.0	52.0	3.0	4.0	3.0	53.0	3.0	12.0	3.0	54.0	3.0	10.0	5.0	
1268.0	55.0	3.0	6.0	4.0	56.0	3.0	13.0	5.0	57.0	3.0	14.0	3.0	
1269.0	58.0	3.0	11.0	4.0	59.0	3.0	9.0	4.0	60.0	3.0	3.0	3.0	
1270.0	41.0	3.0	15.0	4.0	42.0	3.0	4.0	1.0	43.0	3.0	13.0	1.0	
1271.0	44.0	3.0	3.0	5.0	45.0	3.0	5.0	4.0	46.0	3.0	14.0	3.0	
1272.0	47.0	3.0	15.0	5.0	48.0	3.0	13.0	4.0	49.0	3.0	12.0	1.0	
1273.0	50.0	3.0	9.0	1.0	51.0	3.0	2.0	3.0	52.0	3.0	4.0	3.0	
1274.0	53.0	3.0	12.0	3.0	54.0	3.0	10.0	5.0	55.0	3.0	6.0	4.0	
1275.0	56.0	3.0	13.0	5.0	57.0	3.0	14.0	3.0	58.0	3.0	11.0	4.0	
1276.0	59.0	3.0	9.0	4.0	60.0	3.0	3.0	3.0	41.0	3.0	15.0	4.0	
1277.0	42.0	3.0	4.0	1.0	43.0	3.0	13.0	1.0	44.0	3.0	3.0	5.0	
1278.0	45.0	3.0	5.0	4.0	46.0	3.0	14.0	3.0	47.0	3.0	15.0	5.0	
1279.0	48.0	3.0	13.0	4.0	49.0	3.0	12.0	1.0	50.0	3.0	9.0	1.0	
1280.0	51.0	3.0	2.0	3.0	52.0	3.0	4.0	3.0	53.0	3.0	12.0	3.0	
1281.0	54.0	3.0	10.0	5.0	55.0	3.0	6.0	4.0	56.0	3.0	13.0	5.0	
1282.0	57.0	3.0	14.0	3.0	58.0	3.0	11.0	4.0	59.0	3.0	9.0	4.0	
1283.0	60.0	3.0	3.0	3.0	41.0	3.0	15.0	4.0	42.0	3.0	4.0	1.0	
1284.0	43.0	3.0	13.0	1.0	44.0	3.0	3.0	5.0	45.0	3.0	5.0	4.0	
1285.0	46.0	3.0	14.0	3.0	47.0	3.0	15.0	5.0	48.0	3.0	13.0	4.0	
1286.0	49.0	3.0	12.0	1.0	50.0	3.0	9.0	1.0	51.0	3.0	2.0	3.0	
1287.0	52.0	3.0	4.0	3.0	53.0	3.0	12.0	3.0	54.0	3.0	10.0	5.0	
1288.0	55.0	3.0	6.0	4.0	56.0	3.0	13.0	5.0	57.0	3.0	14.0	3.0	
1289.0	58.0	3.0	11.0	4.0	59.0	3.0	9.0	4.0	60.0	3.0	3.0	3.0	
1290.0	41.0	3.0	15.0	4.0	42.0	3.0	4.0	1.0	43.0	3.0	13.0	1.0	
1291.0	44.0	3.0	3.0	5.0	45.0	3.0	5.0	4.0	46.0	3.0	14.0	3.0	
1292.0	47.0	3.0	15.0	5.0	48.0	3.0	13.0	4.0	49.0	3.0	12.0	1.0	
1293.0	50.0	3.0	9.0	1.0	51.0	3.0	2.0	3.0	52.0	3.0	4.0	3.0	
1294.0	53.0	3.0	12.0	3.0	54.0	3.0	10.0	5.0	55.0	3.0	6.0	4.0	
1295.0	56.0	3.0	13.0	5.0	57.0	3.0	14.0	3.0	58.0	3.0	11.0	4.0	
1296.0	59.0	3.0	9.0	4.0	60.0	3.0	3.0	3.0	41.0	3.0	15.0	4.0	
1297.0	42.0	3.0	4.0	1.0	43.0	3.0	13.0	1.0	44.0	3.0	3.0	5.0	
1298.0	45.0	3.0	5.0	4.0	46.0	3.0	14.0	3.0	47.0	3.0	15.0	5.0	
1299.0	48.0	3.0	13.0	4.0	49.0	3.0	12.0	1.0	50.0	3.0	9.0	1.0	
1300.0	51.0	3.0	2.0	3.0	52.0	3.0	4.0	3.0	53.0	3.0	12.0	3.0	
1301.0	54.0	3.0	10.0	5.0	55.0	3.0	6.0	4.0	56.0	3.0	13.0	5.0	
1302.0	57.0	3.0	14.0	3.0	58.0	3.0	11.0	4.0	59.0	3.0	9.0	4.0	
1303.0	60.0	3.0	3.0	3.0	41.0	3.0	15.0	4.0	42.0	3.0	4.0	1.0	
1304.0	43.0	3.0	13.0	1.0	44.0	3.0	3.0	5.0	45.0	3.0	5.0	4.0	
1305.0	46.0	3.0	14.0	3.0	47.0	3.0	15.0	5.0	48.0	3.0	13.0	4.0	
1306.0	49.0	3.0	12.0	1.0	50.0	3.0	9.0	1.0	51.0	3.0	2.0	3.0	
1307.0	52.0	3.0	4.0	3.0	53.0	3.0	12.0	3.0	54.0	3.0	10.0	5.0	
1308.0	55.0	3.0	6.0	4.0	56.0	3.0	13.0	5.0	57.0	3.0	14.0	3.0	
1309.0	58.0	3.0	11.0	4.0	59.0	3.0	9.0	4.0	60.0	3.0	3.0	3.0	
1310.0	41.0	3.0	15.0	4.0	42.0	3.0	4.0	1.0	43.0	3.0	13.0	1.0	
1311.0	44.0	3.0	3.0	5.0	45.0	3.0	5.0	4.0	46.0	3.0	14.0	3.0	
1312.0	47.0	3.0	15.0	5.0	48.0	3.0	13.0	4.0	49.0	3.0	12.0	1.0	
1313.0	50.0	3.0	9.0	1.0	51.0	3.0	2.0	3.0	52.0	3.0	4.0	3.0	
1314.0	53.0	3.0	12.0	3.0	54.0	3.0	10.0	5.0	55.0	3.0	6.0	4.0	
1315.0	56.0	3.0	13.0	5.0	57.0	3.0	14.0	3.0	58.0	3.0	11.0	4.0	
1316.0	59.0	3.0	9.0	4.0	60.0	3.0	3.0	3.0	41.0	3.0	15.0	4.0	
1317.0	42.0	3.0	4.0	1.0	43.0	3.0	13.0	1.0	44.0	3.0	3.0	5.0	
1318.0	45.0	3.0	5.0	4.0	46.0	3.0	14.0	3.0	47.0	3.0	15.0	5.0	
1319.0	48.0	3.0	13.0	4.0	49.0	3.0	12.0	1.0	50.0	3.0	9.0	1.0	
1320.0	51.0	3.0	2.0	3.0	52.0	3.0	4.0	3.0	53.0	3.0	12.0	3.0	
1321.0	54.0	3.0	10.0	5.0	55.0	3.0	6.0	4.0	56.0	3.0	13.0	5.0	
1322.0	57.0	3.0	14.0	3.0	58.0	3.0	11.0	4.0	59.0	3.0	9.0	4.0	
1323.0	60.0	3.0	3.0	3.0	41.0	3.0	15.0	4.0	42.0	3.0	4.0	1.0	
1324.0	43.0	3.0	13.0	1.0	44.0	3.0	3.0	5.0	45.0	3.0	5.0	4.0	
1325.0	46.0	3.0	14.0	3.0	47.0	3.0	15.0	5.0	48.0	3.0	13.0	4.0	
1326.0	49.0	3.0	12.0	1.0	50.0	3.0	9.0	1.0	51.0	3.0	2.0	3.0	
1327.0	52.0	3.0	4.0	3.0	53.0	3.0	12.0	3.0	54.0	3.0	10.0	5.0	
1328.0	55.0	3.0	6.0	4.0	56.0	3.0	13.0	5.0	57.0	3.0	14.0	3.0	
1329.0	58.0	3.0	11.0	4.0	59.0	3.0	9.0	4.0	60.0	3.0	3.0	3.0	
1330.0	41.0	3.0	15.0	4.0	42.0	3.0	4.0	1.0	43.0	3.0	13.0	1.0	
1331.0	44.0	3.0	3.0	5.0	45.0	3.0	5.0	4.0	46.0	3.0	14.0	3.0	
1332.0	47.0	3.0	15.0	5.0	48.0	3.0	13.0	4.0	49.0	3.0	12.0	1.0	
1333.0	50.0	3.0	9.0	1.0	51.0	3.0	2.0	3.0	52.0	3.0	4.0	3.0	
1334.0	53.0	3.0	12.0	3.0	54.0	3.0	10.0	5.0	55.0	3.0	6.0	4.0	
1335.0	56.0	3.0	13.0	5.0	57.0	3.0	14.0	3.0	58.0	3.0	11.0	4.0	
1336.0	59.0	3.0	9.0	4.0	60.0	3.0	3.0	3.0	41.0	3.0	15.0	4.0	
1337.0	42.0	3.0	4.0	1.0	43.0	3.0	13.0	1.0	44.0	3.0	3.0	5.0	
1338.0	45.0	3.0	5.0	4.0	46.0	3.0	14.0	3.0	47.0	3.0	15.0	5.0	
1339.0	48.0	3.0	13.0	4.0	49.0	3.0	12.0	1.0	50.0	3.0	9.0	1.0	
1340.0	51.0	3.0	2.0	3.0	52.0	3.0	4.0	3.0	53.0	3.0	12.0	3.0	
1341.0	54.0	3.0	10.0	5.0	55.0	3.0	6.0	4.0	56.0	3.0	13.0	5.0	
1342.0	57.0	3.0	14.0	3.0	58.0	3.0	11.0	4.0	59.0	3.0	9.0	4.0	
1343.0	60.0	3.0	3.0	3.0	41.0	3.0	15.0	4.0	42.0	3.0	4.0	1.0	
1344.0	43.0	3.0	13.0	1.0	44.0	3.0	3.0	5.0	45.0	3.0	5.0	4.0	
1345.0	46.0	3.0	14.0	3.0	47.0	3.0	15.0	5.0	48.0	3.0	13.0	4.0	
1346.0	49.0	3.0	12.0	1.0	50.0	3.0	9.0	1.0	51.0	3.0	2.0	3.0	
1347.0	52.0	3.0	4.0	3.0	53.0	3.0	12.0	3.0	54.0	3.0	10.0	5.0	
1348.0	55.0	3.0	6.0	4.0	56.0	3.0	13.0	5.0	57.0	3.0	14.0	3.0	
1349.0	58.0	3.0	11.0	4.0	59.0	3.0	9.0	4.0	60.0	3.0	3.0	3.0	
1350.0	41.0	3.0	15.0	4.0	42.0	3.0	4.0	1.0	43.0	3.0	13.0	1.0	
1351.0	44.0	3.0	3.0	5.0	45.0	3.0	5.0	4.0	46.0	3.0	14.0	3.0	
1352.0	47.0	3.0	15.0	5.0	48.0	3.0	13.0	4.0	49.0	3.0	12.0	1.0	
1353.0	50.0	3.0	9.0	1.0	51.0	3.0	2.0	3.0	52.0	3.0	4.0	3.0	
1354.0	53.0	3.0	12.0	3.0	54.0	3.0	10.0	5.0	55.0	3.0	6.0	4.0	
1355.0	56.0	3.0	13.0	5.0	57.0	3.0	14.0	3.0	58.0	3.0	11.0	4.0	
1356.0	59.0	3.0	9.0	4.0	60.0	3.0	3.0	3.0	41.0	3.0	15.0	4.0	
1357.0	42.0	3.0	4.0	1.0	43.0	3.0	13.0	1.0	44.0	3.0	3.0	5.0	
1358.0	45.0	3.0	5.0	4.0	46.0	3.0	14.0	3.0	47.0	3.0	15.0	5.0	
1359.0	48.0	3.0	13.0	4.0	49.0	3.0	12.0	1.0	50.0	3.0	9.0	1.0	
1360.0	51.0	3.0	2.0	3.0	52.0	3.0	4.0	3.0	53.0	3.0	12.0	3.0	
1361.0	54.0	3.0	10.0	5.0	55.0	3.0	6.0	4.0	56.0	3.0	13.0	5.0	
1362.0	57.0	3.0	14.0	3.0	58.0	3.0	11.0	4.0	59.0	3.0	9.0	4.0	
1363.0	60.0	3.0	3.0	3.0	41.0	3.0	15.0	4.0	42.0	3.0	4.0	1.0	
1364.0	43.0	3.0	13.0	1.0	44.0	3.0	3.0	5.0	45.0	3.0	5.0	4.0	
1365.0	46.0	3.0	14.0	3.0	47.0	3.0	15.0	5.0	48.0	3.0	13.0	4.0	
1366.0	49.0	3.0	12.0	1.0	50.0	3.0	9.0	1.0	51.0	3.0	2.0	3.0	
1367.0	52.0	3.0	4.0	3.0	53.0	3.0	12.0	3.0	54.0	3.0	10.0	5.0	
1368.0	39.0	2.0	14.0	2.0	40.0	2.0	11.0	3.0	21.0	2.0	9.0	1.0	
1369.0	22.0	2.0	6.0	2.0	23.0	2.0	7.0	3.0	24.0	2.0	14.0	4.0	
1370.0	25.0	2.0	12.0	2.0	26.0	2.0	1.0	2.0	27.0	2.0	13.0	4.0	
1371.0	28.0	2.0	8.0	1.0	29.0	2.0	2.0	5.0	30.0	2.0	14.0	1.0	
1372.0	31.0	2.0	8.0	1.0	32.0	2.0	14.0	3.0	33.0	2.0	14.0	1.0	
1373.0	34.0	2.0	14.0	1.0	35.0	2.0	10.0	5.0	36.0	2.0	15.0	4.0	
1374.0	37.0	2.0	5.0	2.0	38.0	2.0	5.0	5.0	39.0	2.0	14.0	2.0	
1375.0	40.0	2.0	11.0	3.0	21.0	2.0	9.0	1.0	22.0	2.0	6.0	2.0	
1376.0	23.0	2.0	7.0	3.0	24.0	2.0	14.0	4.0	25.0	2.0	12.0	2.0	
1377.0	26.0	2.0	1.0	2.0	27.0	2.0	13.0	4.0	28.0	2.0	8.0	1.0	
1378.0	29.0	2.0	2.0	5.0	30.0	2.0	14.0	1.0	31.0	2.0	8.0	1.0	
1379.0	32.0	2.0	14.0	3.0	33.0	2.0	14.0	1.0	34.0	2.0	14.0	1.0	
1380.0	35.0	2.0	10.0	5.0	36.0	2.0	15.0	4.0	37.0	2.0	5.0	2.0	
1381.0	38.0	2.0	5.0	5.0	39.0	2.0	14.0	2.0	40.0	2.0	11.0	3.0	
1382.0	21.0	2.0	9.0	1.0	22.0	2.0	6.0	2.0	23.0	2.0	7.0	3.0	
1383.0	24.0	2.0	14.0	4.0	25.0	2.0	12.0	2.0	26.0	2.0	1.0	2.0	
1384.0	27.0	2.0	13.0	4.0	28.0	2.0	8.0	1.0	29.0	2.0	2.0	5.0	
1385.0	30.0	2.0	14.0	1.0	31.0	2.0	8.0	1.0	32.0	2.0	14.0	3.0	
1386.0	33.0	2.0	14.0	1.0	34.0	2.0	14.0	1.0	35.0	2.0	10.0	5.0	
1387.0	36.0	2.0	15.0	4.0	37.0	2.0	5.0	2.0	38.0	2.0	5.0	5.0	
1388.0	39.0	2.0	14.0	2.0	40.0	2.0	11.0	3.0	21.0	2.0	9.0	1.0	
1389.0	22.0	2.0	6.0	2.0	23.0	2.0	7.0	3.0	24.0	2.0	14.0	4.0	
1390.0	25.0	2.0	12.0	2.0	26.0	2.0	1.0	2.0	27.0	2.0	13.0	4.0	
1391.0	28.0	2.0	8.0	1.0	29.0	2.0	2.0	5.0	30.0	2.0	14.0	1.0	
1392.0	31.0	2.0	8.0	1.0	32.0	2.0	14.0	3.0	33.0	2.0	14.0	1.0	
1393.0	34.0	2.0	14.0	1.0	35.0	2.0	10.0	5.0	36.0	2.0	15.0	4.0	
1394.0	37.0	2.0	5.0	2.0	38.0	2.0	5.0	5.0	39.0	2.0	14.0	2.0	
1395.0	40.0	2.0	11.0	3.0	21.0	2.0	9.0	1.0	22.0	2.0	6.0	2.0	
1396.0	23.0	2.0	7.0	3.0	24.0	2.0	14.0	4.0	25.0	2.0	12.0	2.0	
1397.0	26.0	2.0	1.0	2.0	27.0	2.0	13.0	4.0	28.0	2.0	8.0	1.0	
1398.0	29.0	2.0	2.0	5.0	30.0	2.0	14.0	1.0	31.0	2.0	8.0	1.0	
1399.0	32.0	2.0	14.0	3.0	33.0	2.0	14.0	1.0	34.0	2.0	14.0	1.0	
1400.0	35.0	2.0	10.0	5.0	36.0	2.0	15.0	4.0	37.0	2.0	5.0	2.0	
1401.0	38.0	2.0	5.0	5.0	39.0	2.0	14.0	2.0	40.0	2.0	11.0	3.0	
1402.0	21.0	2.0	9.0	1.0	22.0	2.0	6.0	2.0	23.0	2.0	7.0	3.0	
1403.0	24.0	2.0	14.0	4.0	25.0	2.0	12.0	2.0	26.0	2.0	1.0	2.0	
1404.0	27.0	2.0	13.0	4.0	28.0	2.0	8.0	1.0	29.0	2.0	2.0	5.0	
1405.0	30.0	2.0	14.0	1.0	31.0	2.0	8.0	1.0	32.0	2.0	14.0	3.0	
1406.0	33.0	2.0	14.0	1.0	34.0	2.0	14.0	1.0	35.0	2.0	10.0	5.0	
1407.0	36.0	2.0	15.0	4.0	37.0	2.0	5.0	2.0	38.0	2.0	5.0	5.0	
1408.0	39.0	2.0	14.0	2.0	40.0	2.0	11.0	3.0	21.0	2.0	9.0	1.0	
1409.0	22.0	2.0	6.0	2.0	23.0	2.0	7.0	3.0	24.0	2.0	14.0	4.0	
1410.0	25.0	2.0	12.0	2.0	26.0	2.0	1.0	2.0	27.0	2.0	13.0	4.0	
1411.0	28.0	2.0	8.0	1.0	29.0	2.0	2.0	5.0	30.0	2.0	14.0	1.0	
1412.0	31.0	2.0	8.0	1.0	32.0	2.0	14.0	3.0	33.0	2.0	14.0	1.0	
1413.0	34.0	2.0	14.0	1.0	35.0	2.0	10.0	5.0	36.0	2.0	15.0	4.0	
1414.0	37.0	2.0	5.0	2.0	38.0	2.0	5.0	5.0	39.0	2.0	14.0	2.0	
1415.0	40.0	2.0	11.0	3.0	21.0	2.0	9.0	1.0	22.0	2.0	6.0	2.0	
1416.0	23.0	2.0	7.0	3.0	24.0	2.0	14.0	4.0	25.0	2.0	12.0	2.0	
1417.0	26.0	2.0	1.0	2.0	27.0	2.0	13.0	4.0	28.0	2.0	8.0	1.0	
1418.0	29.0	2.0	2.0	5.0	30.0	2.0	14.0	1.0	31.0	2.0	8.0	1.0	
1419.0	32.0	2.0	14.0	3.0	33.0	2.0	14.0	1.0	34.0	2.0	14.0	1.0	
1420.0	35.0	2.0	10.0	5.0	36.0	2.0	15.0	4.0	37.0	2.0	5.0	2.0	
1421.0	38.0	2.0	5.0	5.0	39.0	2.0	14.0	2.0	40.0	2.0	11.0	3.0	
1422.0	21.0	2.0	9.0	1.0	22.0	2.0	6.0	2.0	23.0	2.0	7.0	3.0	
1423.0	24.0	2.0	14.0	4.0	25.0	2.0	12.0	2.0	26.0	2.0	1.0	2.0	
1424.0	27.0	2.0	13.0	4.0	28.0	2.0	8.0	1.0	29.0	2.0	2.0	5.0	
1425.0	30.0	2.0	14.0	1.0	31.0	2.0	8.0	1.0	32.0	2.0	14.0	3.0	
1426.0	33.0	2.0	14.0	1.0	34.0	2.0	14.0	1.0	35.0	2.0	10.0	5.0	
1427.0	36.0	2.0	15.0	4.0	37.0	2.0	5.0	2.0	38.0	2.0	5.0	5.0	
1428.0	39.0	2.0	14.0	2.0	40.0	2.0	11.0	3.0	21.0	2.0	9.0	1.0	
1429.0	22.0	2.0	6.0	2.0	23.0	2.0	7.0	3.0	24.0	2.0	14.0	4.0	
1430.0	25.0	2.0	12.0	2.0	26.0	2.0	1.0	2.0	27.0	2.0	13.0	4.0	
1431.0	28.0	2.0	8.0	1.0	29.0	2.0	2.0	5.0	30.0	2.0	14.0	1.0	
1432.0	31.0	2.0	8.0	1.0	32.0	2.0	14.0	3.0	33.0	2.0	14.0	1.0	
1433.0	34.0	2.0	14.0	1.0	35.0	2.0	10.0	5.0	36.0	2.0	15.0	4.0	
1434.0	37.0	2.0	5.0	2.0	38.0	2.0	5.0	5.0	39.0	2.0	14.0	2.0	
1435.0	40.0	2.0	11.0	3.0	21.0	2.0	9.0	1.0	22.0	2.0	6.0	2.0	
1436.0	23.0	2.0	7.0	3.0	24.0	2.0	14.0	4.0	25.0	2.0	12.0	2.0	
1437.0	26.0	2.0	1.0	2.0	27.0	2.0	13.0	4.0	28.0	2.0	8.0	1.0	
1438.0	29.0	2.0	2.0	5.0	30.0	2.0	14.0	1.0	31.0	2.0	8.0	1.0	
1439.0	32.0	2.0	14.0	3.0	33.0	2.0	14.0	1.0	34.0	2.0	14.0	1.0	
1440.0	35.0	2.0	10.0	5.0	36.0	2.0	15.0	4.0	37.0	2.0	5.0	2.0	
1441.0	38.0	2.0	5.0	5.0	39.0	2.0	14.0	2.0	40.0	2.0	11.0	3.0	
1442.0	21.0	2.0	9.0	1.0	22.0	2.0	6.0	2.0	23.0	2.0	7.0	3.0	
1443.0	24.0	2.0	14.0	4.0	25.0	2.0	12.0	2.0	26.0	2.0	1.0	2.0	
1444.0	27.0	2.0	13.0	4.0	28.0	2.0	8.0	1.0	29.0	2.0	2.0	5.0	
1445.0	30.0	2.0	14.0	1.0	31.0	2.0	8.0	1.0	32.0	2.0	14.0	3.0	
1446.0	33.0	2.0	14.0	1.0	34.0	2.0	14.0	1.0	35.0	2.0	10.0	5.0	
1447.0	36.0	2.0	15.0	4.0	37.0	2.0	5.0	2.0	38.0	2.0	5.0	5.0	
1448.0	39.0	2.0	14.0	2.0	40.0	2.0	11.0	3.0	21.0	2.0	9.0	1.0	
1449.0	22.0	2.0	6.0	2.0	23.0	2.0	7.0	3.0	24.0	2.0	14.0	4.0	
1450.0	25.0	2.0	12.0	2.0	26.0	2.0	1.0	2.0	27.0	2.0	13.0	4.0	
1451.0	28.0	2.0	8.0	1.0	29.0	2.0	2.0	5.0	30.0	2.0	14.0	1.0	
1452.0	31.0	2.0	8.0	1.0	32.0	2.0	14.0	3.0	33.0	2.0	14.0	1.0	
1453.0	34.0	2.0	14.0	1.0	35.0	2.0	10.0	5.0	36.0	2.0	15.0	4.0	
1454.0	37.0	2.0	5.0	2.0	38.0	2.0	5.0	5.0	39.0	2.0	14.0	2.0	
1455.0	40.0	2.0	11.0	3.0	21.0	2.0	9.0	1.0	22.0	2.0	6.0	2.0	
1456.0	23.0	2.0	7.0	3.0	24.0	2.0	14.0	4.0	25.0	2.0	12.0	2.0	
1457.0	26.0	2.0	1.0	2.0	27.0	2.0	13.0	4.0	28.0	2.0	8.0	1.0	
1458.0	29.0	2.0	2.0	5.0	30.0	2.0	14.0	1.0	31.0	2.0	8.0	1.0	
1459.0	32.0	2.0	14.0	3.0	33.0	2.0	14.0	1.0	34.0	2.0	14.0	1.0	
1460.0	35.0	2.0	10.0	5.0	36.0	2.0	15.0	4.0	37.0	2.0	5.0	2.0	
1461.0	38.0	2.0	5.0	5.0	39.0	2.0	14.0	2.0	40.0	2.0	11.0	3.0	
1462.0	21.0	2.0	9.0	1.0	22.0	2.0	6.0	2.0	23.0	2.0	7.0	3.0	
1463.0	24.0	2.0	14.0	4.0	25.0	2.0	12.0	2.0	26.0	2.0	1.0	2.0	
1464.0	27.0	2.0	13.0	4.0	28.0	2.0	8.0	1.0	29.0	2.0	2.0	5.0	
1465.0	30.0	2.0	14.0	1.0	31.0	2.0	8.0	1.0	32.0	2.0	14.0	3.0	
1466.0	33.0	2.0	14.0	1.0	34.0	2.0	14.0	1.0	35.0	2.0	10.0	5.0	
1467.0	36.0	2.0	15.0	4.0	37.0	2.0	5.0	2.0	38.0	2.0	5.0	5.0	
1468.0	39.0	2.0	14.0	2.0	40.0	2.0	11.0	3.0	21.0	2.0	9.0	1.0	
1469.0	22.0	2.0	6.0	2.0	23.0	2.0	7.0	3.0	24.0	2.0	14.0	4.0	
1470.0	25.0	2.0	12.0	2.0	26.0	2.0	1.0	2.0	27.0	2.0	13.0	4.0	
1471.0	28.0	2.0	8.0	1.0	29.0	2.0	2.0	5.0	30.0	2.0	14.0	1.0	
1472.0	31.0	2.0	8.0	1.0	32.0	2.0	14.0	3.0	33.0	2.0	14.0	1.0	
1473.0	34.0	2.0	14.0	1.0	35.0	2.0	10.0	5.0	36.0	2.0	15.0	4.0	
1474.0	37.0	2.0	5.0	2.0	38.0	2.0	5.0	5.0	39.0	2.0	14.0	2.0	
1475.0	40.0	2.0	11.0	3.0	21.0	2.0	9.0	1.0	22.0	2.0	6.0	2.0	
1476.0	23.0	2.0	7.0	3.0	24.0	2.0	14.0	4.0	25.0	2.0	12.0	2.0	
1477.0	26.0	2.0	1.0	2.0	27.0	2.0	13.0	4.0	28.0	2.0	8.0	1.0	
1478.0	29.0	2.0	2.0	5.0	30.0	2.0	14.0	1.0	31.0	2.0	8.0	1.0	
1479.0	32.0	2.0	14.0	3.0	33.0	2.0	14.0	1.0	34.0	2.0	14.0	1.0	
1480.0	35.0	2.0	10.0	5.0	36.0	2.0	15.0	4.0	37.0	2.0	5.0	2.0	
1481.0	38.0	2.0	5.0	5.0	39.0	2.0	14.0	2.0	40.0	2.0	11.0	3.0	
1482.0	5.0	1.0	15.0	2.0	6.0	1.0	7.0	1.0	7.0	1.0	11.0	1.0	
1483.0	8.0	1.0	15.0	3.0	9.0	1.0	15.0	5.0	10.0	1.0	15.0	1.0	
1484.0	11.0	1.0	4.0	4.0	12.0	1.0	5.0	3.0	13.0	1.0	3.0	1.0	
1485.0	14.0	1.0	13.0	5.0	15.0	1.0	11.0	1.0	16.0	1.0	14.0	2.0	
1486.0	17.0	1.0	11.0	4.0	18.0	1.0	2.0	5.0	19.0	1.0	13.0	4.0	
1487.0	20.0	1.0	4.0	5.0	1.0	1.0	11.0	3.0	2.0	1.0	14.0	1.0	
1488.0	3.0	1.0	6.0	4.0	4.0	1.0	9.0	4.0	5.0	1.0	15.0	2.0	
1489.0	6.0	1.0	7.0	1.0	7.0	1.0	11.0	1.0	8.0	1.0	15.0	3.0	
1490.0	9.0	1.0	15.0	5.0	10.0	1.0	15.0	1.0	11.0	1.0	4.0	4.0	
1491.0	12.0	1.0	5.0	3.0	13.0	1.0	3.0	1.0	14.0	1.0	13.0	5.0	
1492.0	15.0	1.0	11.0	1.0	16.0	1.0	14.0	2.0	17.0	1.0	11.0	4.0	
1493.0	18.0	1.0	2.0	5.0	19.0	1.0	13.0	4.0	20.0	1.0	4.0	5.0	
1494.0	1.0	1.0	11.0	3.0	2.0	1.0	14.0	1.0	3.0	1.0	6.0	4.0	
1495.0	4.0	1.0	9.0	4.0	5.0	1.0	15.0	2.0	6.0	1.0	7.0	1.0	
1496.0	7.0	1.0	11.0	1.0	8.0	1.0	15.0	3.0	9.0	1.0	15.0	5.0	
1497.0	10.0	1.0	15.0	1.0	11.0	1.0	4.0	4.0	12.0	1.0	5.0	3.0	
1498.0	13.0	1.0	3.0	1.0	14.0	1.0	13.0	5.0	15.0	1.0	11.0	1.0	
1499.0	16.0	1.0	14.0	2.0	17.0	1.0	11.0	4.0	18.0	1.0	2.0	5.0	
1500.0	19.0	1.0	13.0	4.0	20.0	1.0	4.0	5.0	1.0	1.0	11.0	3.0	
1501.0	2.0	1.0	14.0	1.0	3.0	1.0	6.0	4.0	4.0	1.0	9.0	4.0	
1502.0	5.0	1.0	15.0	2.0	6.0	1.0	7.0	1.0	7.0	1.0	11.0	1.0	
1503.0	8.0	1.0	15.0	3.0	9.0	1.0	15.0	5.0	10.0	1.0	15.0	1.0	
1504.0	11.0	1.0	4.0	4.0	12.0	1.0	5.0	3.0	13.0	1.0	3.0	1.0	
1505.0	14.0	1.0	13.0	5.0	15.0	1.0	11.0	1.0	16.0	1.0	14.0	2.0	
1506.0	17.0	1.0	11.0	4.0	18.0	1.0	2.0	5.0	19.0	1.0	13.0	4.0	
1507.0	20.0	1.0	4.0	5.0	1.0	1.0	11.0	3.0	2.0	1.0	14.0	1.0	
1508.0	3.0	1.0	6.0	4.0	4.0	1.0	9.0	4.0	5.0	1.0	15.0	2.0	
1509.0	6.0	1.0	7.0	1.0	7.0	1.0	11.0	1.0	8.0	1.0	15.0	3.0	
1510.0	9.0	1.0	15.0	5.0	10.0	1.0	15.0	1.0	11.0	1.0	4.0	4.0	
1511.0	12.0	1.0	5.0	3.0	13.0	1.0	3.0	1.0	14.0	1.0	13.0	5.0	
1512.0	15.0	1.0	11.0	1.0	16.0	1.0	14.0	2.0	17.0	1.0	11.0	4.0	
1513.0	18.0	1.0	2.0	5.0	19.0	1.0	13.0	4.0	20.0	1.0	4.0	5.0	
1514.0	1.0	1.0	11.0	3.0	2.0	1.0	14.0	1.0	3.0	1.0	6.0	4.0	
1515.0	4.0	1.0	9.0	4.0	5.0	1.0	15.0	2.0	6.0	1.0	7.0	1.0	
1516.0	7.0	1.0	11.0	1.0	8.0	1.0	15.0	3.0	9.0	1.0	15.0	5.0	
1517.0	10.0	1.0	15.0	1.0	11.0	1.0	4.0	4.0	12.0	1.0	5.0	3.0	
1518.0	13.0	1.0	3.0	1.0	14.0	1.0	13.0	5.0	15.0	1.0	11.0	1.0	
1519.0	16.0	1.0	14.0	2.0	17.0	1.0	11.0	4.0	18.0	1.0	2.0	5.0	
1520.0	19.0	1.0	13.0	4.0	20.0	1.0	4.0	5.0	1.0	1.0	11.0	3.0	
1521.0	2.0	1.0	14.0	1.0	3.0	1.0	6.0	4.0	4.0	1.0	9.0	4.0	
1522.0	5.0	1.0	15.0	2.0	6.0	1.0	7.0	1.0	7.0	1.0	11.0	1.0	
1523.0	8.0	1.0	15.0	3.0	9.0	1.0	15.0	5.0	10.0	1.0	15.0	1.0	
1524.0	11.0	1.0	4.0	4.0	12.0	1.0	5.0	3.0	13.0	1.0	3.0	1.0	
1525.0	14.0	1.0	13.0	5.0	15.0	1.0	11.0	1.0	16.0	1.0	14.0	2.0	
1526.0	17.0	1.0	11.0	4.0	18.0	1.0	2.0	5.0	19.0	1.0	13.0	4.0	
1527.0	20.0	1.0	4.0	5.0	1.0	1.0	11.0	3.0	2.0	1.0	14.0	1.0	
1528.0	3.0	1.0	6.0	4.0	4.0	1.0	9.0	4.0	5.0	1.0	15.0	2.0	
1529.0	6.0	1.0	7.0	1.0	7.0	1.0	11.0	1.0	8.0	1.0	15.0	3.0	
1530.0	9.0	1.0	15.0	5.0	10.0	1.0	15.0	1.0	11.0	1.0	4.0	4.0	
1531.0	12.0	1.0	5.0	3.0	13.0	1.0	3.0	1.0	14.0	1.0	13.0	5.0	
1532.0	15.0	1.0	11.0	1.0	16.0	1.0	14.0	2.0	17.0	1.0	11.0	4.0	
1533.0	18.0	1.0	2.0	5.0	19.0	1.0	13.0	4.0	20.0	1.0	4.0	5.0	
1534.0	1.0	1.0	11.0	3.0	2.0	1.0	14.0	1.0	3.0	1.0	6.0	4.0	
1535.0	4.0	1.0	9.0	4.0	5.0	1.0	15.0	2.0	6.0	1.0	7.0	1.0	
1536.0	7.0	1.0	11.0	1.0	8.0	1.0	15.0	3.0	9.0	1.0	15.0	5.0	


===========================================WORDCOUNT==============================================================
		wordcount Job submission time  186 seconds
		wordcount Job completion time  431 seconds
		Latency of wordcount job is 245 seconds


===========================================WORDMEAN==============================================================
		wordmean Job submission time  186 seconds
		wordmean Job completion time  474 seconds
		Latency of wordmean job is 288 seconds


===========================================WORD STD DEVIATION==============================================================
		word std deviation Job submission time  186 seconds
		word std deviation Job completion time  611 seconds
		Latency of word std deviation job is 425 seconds


===========================================KMEAN==============================================================
		kmean Job submission time  186 seconds
		kmean Job completion time  729 seconds
		Latency of kmean job is 543 seconds


====================================================================BATCH================================================================================

Batch submission time  186

Batch completion time  729

Makespan of this batch is 543 seconds

============================================================================================================================================================
=====================================================================================================================================================
                        	VMs processing blocks of different workloads
=====================================================================================================================================================
VM_num workload_num     List of blocks processed
  1	  1	       :[989, (this Collection)]
  1	  2	       :[500, (this Collection)]
  1	  3	       :[1994, (this Collection), [2014]]
  2	  1	       :[1009, (this Collection)]
  2	  2	       :[507, (this Collection)]
  2	  3	       :[1988, (this Collection)]
  3	  1	       :[1003, (this Collection)]
  3	  3	       :[1975, (this Collection)]
  4	  1	       :[990, (this Collection)]
  4	  2	       :[501, (this Collection)]
  4	  3	       :[1995, (this Collection)]
  5	  1	       :[997, (this Collection)]
  5	  2	       :[508, (this Collection)]
  5	  3	       :[1989, (this Collection)]
  7	  2	       :[502, (this Collection)]
  7	  3	       :[1983, (this Collection)]
  8	  2	       :[509, (this Collection)]
  8	  3	       :[2010, (this Collection)]
  9	  2	       :[496, (this Collection)]
  9	  3	       :[2017, (this Collection), [2043]]
  10	  1	       :[1005, (this Collection)]
  10	  2	       :[503, (this Collection)]
  10	  3	       :[1984, (this Collection)]
  11	  2	       :[510, (this Collection)]
  11	  3	       :[1991, (this Collection)]
  12	  2	       :[497, (this Collection)]
  12	  3	       :[1998, (this Collection)]
  13	  1	       :[999, (this Collection)]
  13	  2	       :[504, (this Collection)]
  13	  3	       :[2005, (this Collection)]
  14	  2	       :[511, (this Collection)]
  14	  3	       :[1992, (this Collection), [1978], [2018]]
  15	  1	       :[1007, (this Collection)]
  15	  2	       :[498, (this Collection)]
  15	  3	       :[1999, (this Collection)]
  16	  2	       :[505, (this Collection)]
  16	  3	       :[1986, (this Collection)]
  17	  2	       :[512, (this Collection)]
  17	  3	       :[1979, (this Collection)]
  18	  2	       :[499, (this Collection)]
  18	  3	       :[1980, (this Collection)]
  19	  1	       :[1001, (this Collection)]
  19	  2	       :[506, (this Collection)]
  19	  3	       :[1987, (this Collection)]
  20	  1	       :[995, (this Collection)]
  20	  3	       :[2027, (this Collection)]
  21	  1	       :[953, (this Collection)]
  21	  2	       :[462, (this Collection), [482]]
  21	  3	       :[1881, (this Collection), [1908]]
  21	  4	       :[1375, (this Collection)]
  22	  1	       :[913, (this Collection), [940]]
  22	  2	       :[469, (this Collection), [489]]
  22	  3	       :[1835, (this Collection), [1895]]
  22	  4	       :[1369, (this Collection)]
  23	  2	       :[476, (this Collection)]
  23	  3	       :[1822, (this Collection), [1962]]
  23	  4	       :[1416, (this Collection)]
  24	  1	       :[914, (this Collection), [927]]
  24	  2	       :[463, (this Collection), [483]]
  24	  3	       :[1829, (this Collection), [1842]]
  24	  4	       :[1403, (this Collection)]
  25	  1	       :[954, (this Collection)]
  25	  2	       :[470, (this Collection), [490]]
  25	  3	       :[1856, (this Collection), [1876], [1909]]
  25	  4	       :[1470, (this Collection), [1396]]
  26	  2	       :[477, (this Collection)]
  26	  3	       :[1823, (this Collection), [1843]]
  27	  1	       :[915, (this Collection), [921], [948]]
  27	  2	       :[464, (this Collection), [484]]
  28	  1	       :[928, (this Collection)]
  28	  2	       :[471, (this Collection), [491]]
  28	  4	       :[1371, (this Collection)]
  29	  1	       :[935, (this Collection), [942]]
  29	  2	       :[458, (this Collection), [478]]
  29	  3	       :[1957, (this Collection)]
  30	  1	       :[929, (this Collection), [936]]
  30	  2	       :[465, (this Collection), [485]]
  30	  3	       :[1864, (this Collection)]
  30	  4	       :[1438, (this Collection)]
  31	  1	       :[916, (this Collection), [923], [943], [956]]
  31	  2	       :[472, (this Collection), [492]]
  32	  1	       :[963, (this Collection)]
  32	  2	       :[459, (this Collection), [479]]
  32	  3	       :[1831, (this Collection)]
  32	  4	       :[1372, (this Collection), [1385], [1452]]
  33	  1	       :[917, (this Collection), [937], [950]]
  33	  2	       :[466, (this Collection), [486]]
  33	  4	       :[1459, (this Collection), [1446]]
  34	  1	       :[957, (this Collection)]
  34	  2	       :[473, (this Collection), [493]]
  34	  3	       :[1845, (this Collection), [1852], [1945]]
  34	  4	       :[1379, (this Collection), [1473]]
  35	  1	       :[951, (this Collection)]
  35	  2	       :[460, (this Collection), [480]]
  35	  4	       :[1406, (this Collection), [1413]]
  36	  1	       :[918, (this Collection), [924]]
  36	  2	       :[467, (this Collection), [487]]
  36	  3	       :[1873, (this Collection)]
  36	  4	       :[1393, (this Collection), [1407]]
  37	  1	       :[958, (this Collection)]
  37	  2	       :[474, (this Collection), [494]]
  37	  3	       :[1826, (this Collection)]
  37	  4	       :[1394, (this Collection)]
  38	  1	       :[972, (this Collection)]
  38	  2	       :[461, (this Collection), [481]]
  38	  3	       :[1827, (this Collection), [1860]]
  38	  4	       :[1461, (this Collection), [1454], [1414]]
  39	  1	       :[939, (this Collection)]
  39	  2	       :[468, (this Collection), [488]]
  39	  3	       :[1834, (this Collection)]
  40	  1	       :[919, (this Collection), [959]]
  40	  2	       :[475, (this Collection), [495]]
  40	  3	       :[1841, (this Collection), [1861]]
  40	  4	       :[1455, (this Collection), [1468], [1408]]
  41	  1	       :[761, (this Collection), [874], [901], [907]]
  41	  2	       :[390, (this Collection), [410], [430], [450]]
  41	  3	       :[1811, (this Collection), [1791], [1557], [1564], [1571]]
  41	  4	       :[1163, (this Collection), [1336], [1310]]
  42	  1	       :[768, (this Collection), [781], [788], [814], [848]]
  42	  2	       :[397, (this Collection), [417], [437], [457]]
  42	  3	       :[1798, (this Collection), [1531], [1604]]
  42	  4	       :[1357, (this Collection), [1330], [1263], [1170]]
  43	  1	       :[775, (this Collection), [795], [801], [808], [815], [835], [841], [875]]
  43	  2	       :[384, (this Collection), [404], [424], [444]]
  43	  3	       :[1805, (this Collection), [1711], [1605]]
  43	  4	       :[1204, (this Collection)]
  44	  1	       :[762, (this Collection), [782], [802], [822], [842], [902]]
  44	  2	       :[391, (this Collection), [411], [431], [451]]
  44	  3	       :[1812, (this Collection), [1792], [1565], [1525], [1532], [1598], [1718]]
  44	  4	       :[1144, (this Collection), [1184], [1157]]
  45	  1	       :[769, (this Collection), [789], [809], [829], [862]]
  45	  2	       :[398, (this Collection), [418], [438]]
  45	  3	       :[1799, (this Collection), [1819], [1559], [1539], [1692]]
  45	  4	       :[1151, (this Collection), [1311], [1211]]
  46	  2	       :[385, (this Collection), [405], [425], [445]]
  46	  3	       :[1566, (this Collection), [1572], [1579], [1586]]
  46	  4	       :[1251, (this Collection), [1351], [1145], [1358], [1258]]
  47	  1	       :[869, (this Collection), [876]]
  47	  2	       :[392, (this Collection), [412], [432], [452]]
  47	  3	       :[1573, (this Collection), [1593], [1599], [1606]]
  47	  4	       :[1178, (this Collection), [1338], [1192], [1205]]
  48	  1	       :[770, (this Collection), [790], [910]]
  48	  2	       :[399, (this Collection), [419], [439]]
  48	  3	       :[1800, (this Collection), [1560], [1580], [1600], [1533]]
  48	  4	       :[1252, (this Collection), [1352], [1152], [1165], [1265], [1225]]
  49	  1	       :[763, (this Collection), [810], [830], [837]]
  49	  2	       :[386, (this Collection), [406], [426], [446]]
  49	  3	       :[1807, (this Collection), [1793], [1567], [1587], [1607]]
  49	  4	       :[1239, (this Collection), [1299], [1179], [1272]]
  50	  1	       :[877, (this Collection), [884]]
  50	  2	       :[393, (this Collection), [413], [433], [453]]
  50	  3	       :[1574, (this Collection), [1594], [1614], [1520], [1760]]
  50	  4	       :[1306, (this Collection), [1199]]
  51	  1	       :[764, (this Collection), [777], [784], [791], [911]]
  51	  2	       :[400, (this Collection), [420], [440]]
  51	  3	       :[1801, (this Collection), [1814], [1794], [1561], [1521], [1547], [1627], [1641]]
  51	  4	       :[1186, (this Collection), [1146], [1173], [1193], [1206], [1226]]
  52	  1	       :[771, (this Collection), [811], [878]]
  52	  2	       :[387, (this Collection), [407], [427], [447]]
  52	  3	       :[1808, (this Collection), [1568], [1581], [1588], [1554], [1654]]
  52	  4	       :[1313, (this Collection), [1240], [1247]]
  53	  1	       :[871, (this Collection), [898], [818]]
  53	  2	       :[394, (this Collection), [414], [434], [454]]
  53	  3	       :[1575, (this Collection), [1595], [1601], [1621], [1541], [1608]]
  53	  4	       :[1160, (this Collection), [1187], [1220], [1287]]
  54	  1	       :[792, (this Collection), [798], [812], [852], [892]]
  54	  2	       :[401, (this Collection), [421], [441]]
  54	  3	       :[1802, (this Collection), [1562], [1728], [1528], [1655]]
  54	  4	       :[1141, (this Collection), [1147], [1167], [1367]]
  55	  1	       :[765, (this Collection), [805], [912]]
  55	  2	       :[388, (this Collection), [408], [428], [448]]
  55	  3	       :[1809, (this Collection), [1795], [1569], [1589], [1602], [1642]]
  55	  4	       :[1248, (this Collection), [1354], [1154], [1174], [1228], [1254]]
  56	  1	       :[766, (this Collection), [772], [846]]
  56	  2	       :[395, (this Collection), [415], [435], [455]]
  56	  3	       :[1816, (this Collection), [1796], [1556], [1576], [1522], [1742], [1682]]
  56	  4	       :[1148, (this Collection), [1155], [1188], [1328], [1348]]
  57	  1	       :[773, (this Collection), [779], [813], [839]]
  57	  2	       :[382, (this Collection), [402], [422], [442]]
  57	  3	       :[1803, (this Collection), [1563], [1583], [1536]]
  57	  4	       :[1255, (this Collection), [1355], [1182], [1195], [1162], [1242]]
  58	  1	       :[786, (this Collection)]
  58	  2	       :[389, (this Collection), [409], [429], [449]]
  58	  3	       :[1570, (this Collection), [1590], [1603], [1610], [1530], [1543]]
  58	  4	       :[1249, (this Collection), [1142], [1262]]
  59	  1	       :[767, (this Collection), [780], [787], [793], [860]]
  59	  2	       :[396, (this Collection), [416], [436], [456]]
  59	  3	       :[1817, (this Collection), [1790], [1523]]
  59	  4	       :[1149, (this Collection), [1156], [1282]]
  60	  1	       :[774, (this Collection), [794], [800], [807]]
  60	  2	       :[383, (this Collection), [403], [423], [443]]
  60	  3	       :[1797, (this Collection), [1804], [1537], [1584], [1690], [1637]]
  60	  4	       :[1256, (this Collection), [1329], [1143], [1289]]
  61	  1	       :[458, (this Collection), [478], [498], [518], [618], [631], [658], [638], [698]]
  61	  2	       :[247, (this Collection), [267], [287], [307], [327], [347], [367]]
  61	  3	       :[918, (this Collection), [1118], [944], [964], [1251], [1051], [1271], [1298], [1304], [1338], [1364], [1438], [1484], [1511]]
  61	  4	       :[958, (this Collection), [731], [851], [705], [811], [718], [865], [725], [891], [858], [938], [945]]
  62	  1	       :[465, (this Collection), [485], [505], [525], [538], [545], [558], [565], [605], [685]]
  62	  2	       :[234, (this Collection), [254], [274], [294], [314], [334], [354], [374]]
  62	  3	       :[925, (this Collection), [931], [1145], [1158], [1165], [1178], [938], [1371], [1198], [965], [1311], [985], [1011], [1031], [991], [1091], [1131], [1225], [1245], [1385], [1391]]
  62	  4	       :[878, (this Collection), [732], [745], [845]]
  63	  1	       :[472, (this Collection), [492], [512], [532], [552], [572], [578], [585], [592], [692], [612], [625], [705], [712]]
  63	  2	       :[241, (this Collection), [261], [281], [301], [321], [341], [361], [381]]
  63	  3	       :[958, (this Collection), [1152], [1172], [1185], [1192], [1018], [1072], [978], [1445], [1005], [1038], [1045], [1065], [1112], [1285], [1378], [1418]]
  63	  4	       :[1005, (this Collection), [692], [699], [1012], [939], [892], [779], [1112], [772], [832], [839], [905]]
  64	  1	       :[459, (this Collection), [479], [499], [519], [539], [559], [579], [739], [672]]
  64	  2	       :[248, (this Collection), [268], [288], [308], [328], [348], [368]]
  64	  3	       :[1092, (this Collection), [1159], [1199], [1205], [1212], [1025], [932], [945], [972], [1105], [1099], [1339], [1432]]
  64	  4	       :[1039, (this Collection), [1126], [812], [826], [712], [1032], [946]]
  65	  1	       :[466, (this Collection), [486], [506], [526], [546], [606], [619], [719], [626], [632]]
  65	  2	       :[235, (this Collection), [255], [275], [295], [315], [335], [355], [375]]
  65	  3	       :[919, (this Collection), [1146], [1166], [1186], [1019], [1279], [966], [979], [999], [1239], [1032], [1046], [1299], [1252], [1326], [1426], [1459], [1472]]
  65	  4	       :[846, (this Collection), [1019], [1119], [1046], [713], [726], [766], [793], [1093], [979]]
  66	  1	       :[473, (this Collection), [493], [513], [533], [553], [566], [726], [746], [593]]
  66	  2	       :[242, (this Collection), [262], [282], [302], [322], [342], [362]]
  66	  3	       :[959, (this Collection), [1073], [1153], [1173], [1193], [1493], [926], [1053], [933], [946], [993], [1026], [1059], [1219], [1286], [1259], [1386], [1433], [1486]]
  66	  4	       :[906, (this Collection), [813], [686], [773], [860], [820], [746], [866], [966], [1106]]
  67	  1	       :[460, (this Collection), [480], [500], [520], [540], [560], [573], [693], [740], [600], [620]]
  67	  2	       :[249, (this Collection), [269], [289], [309], [329], [349], [369]]
  67	  3	       :[913, (this Collection), [1086], [1160], [1180], [1200], [1206], [920], [940], [953], [1006], [1020], [1040], [1066], [1246], [1273], [1340], [1480]]
  67	  4	       :[800, (this Collection), [960], [1013], [693], [1060], [720], [733], [753], [873], [853], [933], [953]]
  68	  1	       :[467, (this Collection), [487], [507], [527], [547], [567], [580], [647], [587], [760], [627]]
  68	  2	       :[236, (this Collection), [256], [276], [296], [316], [336], [356], [376]]
  68	  3	       :[1420, (this Collection), [1147], [1187], [1207], [1213], [1013], [973], [1140], [1027], [1253], [1093], [1100], [1307], [1413], [1460]]
  68	  4	       :[900, (this Collection), [967], [1040], [1054], [874], [1120], [700], [807], [1014], [760], [1100], [787], [920], [947], [940], [974]]
  69	  1	       :[474, (this Collection), [494], [514], [534], [674], [714], [754]]
  69	  2	       :[243, (this Collection), [263], [283], [303], [323], [343], [363]]
  69	  3	       :[1074, (this Collection), [1154], [1174], [1494], [994], [1274], [974], [987], [1447], [1487], [1240], [1247], [1060], [1067], [1087], [1254], [1260]]
  69	  4	       :[1007, (this Collection), [687], [734], [701], [1061], [721], [747], [767], [794], [887]]
  70	  1	       :[461, (this Collection), [481], [501], [521], [541], [554], [561], [574], [621], [661], [747]]
  70	  2	       :[230, (this Collection), [250], [270], [290], [310], [330], [350], [370]]
  70	  3	       :[1367, (this Collection), [1161], [1181], [1194], [1201], [1214], [1221], [1301], [1081], [947], [1047], [927], [1061], [1094], [1241], [1354], [1467]]
  70	  4	       :[908, (this Collection), [1121], [761], [694], [861], [728], [888], [821], [834], [968], [994]]
  71	  1	       :[468, (this Collection), [488], [508], [528], [548], [568], [634], [721], [594]]
  71	  2	       :[237, (this Collection), [257], [277], [297], [317], [337], [357], [377]]
  71	  3	       :[1148, (this Collection), [1168], [1188], [1054], [914], [1014], [981], [1101], [1114], [1088], [1294], [1374], [1421]]
  71	  4	       :[688, (this Collection), [788], [741], [1041], [768], [708], [841], [735], [808], [748], [901], [1021], [835], [801], [848], [921], [1028]]
  72	  1	       :[475, (this Collection), [495], [515], [535], [555], [575], [588], [688], [695], [755]]
  72	  2	       :[244, (this Collection), [264], [284], [304], [324], [344], [364]]
  72	  3	       :[1155, (this Collection), [1175], [1215], [1281], [941], [1141], [961], [1048], [1015], [1021], [1248]]
  72	  4	       :[802, (this Collection), [755], [762], [702], [742], [775], [828], [1095], [868], [1015]]
  73	  1	       :[462, (this Collection), [482], [502], [522], [542], [582], [602], [622], [635], [648], [708]]
  73	  2	       :[231, (this Collection), [251], [271], [291], [311], [331], [351], [371]]
  73	  3	       :[1368, (this Collection), [1142], [935], [1302], [928], [942], [1075], [948], [982], [1475], [1008], [1308], [1342], [1455]]
  73	  4	       :[689, (this Collection), [695], [769], [882], [1075], [715], [869], [722], [729], [789], [795], [842], [955]]
  74	  1	       :[469, (this Collection), [489], [509], [529], [549], [562], [642], [709], [715]]
  74	  2	       :[238, (this Collection), [258], [278], [298], [318], [338], [358], [378]]
  74	  3	       :[915, (this Collection), [1149], [1162], [1009], [989], [1189], [1022], [1029], [1262], [1329], [1349]]
  74	  4	       :[776, (this Collection), [696], [1122], [1009], [1136], [809], [1016], [782], [822], [836], [929], [942], [1056]]
  75	  1	       :[476, (this Collection), [496], [516], [536], [556], [569], [576], [716], [696]]
  75	  2	       :[245, (this Collection), [265], [285], [305], [325], [345], [365]]
  75	  3	       :[916, (this Collection), [1156], [1169], [922], [1209], [949], [1089], [1222], [1062], [1096], [1296], [1369], [1436]]
  75	  4	       :[969, (this Collection), [756], [709], [1129], [743], [1116], [749], [763], [823], [936], [956]]
  76	  1	       :[463, (this Collection), [483], [503], [523], [543], [603], [629], [689], [736]]
  76	  2	       :[232, (this Collection), [252], [272], [292], [312], [332], [352]]
  76	  3	       :[1143, (this Collection), [1163], [1176], [996], [1249], [969], [1069], [1196], [1109], [1256]]
  76	  4	       :[690, (this Collection), [896], [1036], [716], [736], [983], [1103], [830]]
  77	  1	       :[470, (this Collection), [490], [510], [530], [550], [563], [570], [636], [663], [730]]
  77	  2	       :[239, (this Collection), [259], [279], [299], [319], [339], [359], [372]]
  77	  3	       :[923, (this Collection), [930], [1090], [1150], [1170], [936], [1316], [956], [963], [1476], [976], [1003], [1103], [1036], [1083]]
  77	  4	       :[697, (this Collection), [897], [703], [957], [723], [883], [1063], [963], [730], [903], [870], [1083], [817], [843], [950], [863]]
  78	  1	       :[477, (this Collection), [497], [517], [537], [557], [577], [583], [590], [623], [637], [643], [703], [757]]
  78	  2	       :[246, (this Collection), [266], [286], [306], [326], [346], [366], [379]]
  78	  3	       :[1157, (this Collection), [1177], [1183], [1057], [1310], [943], [950], [1070], [1010], [970], [1250], [1477], [983], [997], [1077], [1123], [1403], [1410], [1443], [1450], [1497]]
  78	  4	       :[1050, (this Collection), [704], [717], [1097], [850], [964], [1124], [737], [1070], [764], [844], [1110]]
  79	  1	       :[464, (this Collection), [484], [504], [524], [544], [564], [584], [610], [644], [737], [744]]
  79	  2	       :[233, (this Collection), [253], [273], [293], [313], [333], [353], [373]]
  79	  3	       :[917, (this Collection), [1144], [1164], [1184], [1190], [1197], [924], [1004], [937], [957], [984], [1017], [1024], [1030], [1037], [1210], [1064], [1257], [1404]]
  79	  4	       :[1004, (this Collection), [1137], [691], [724], [857], [791], [1031], [1084]]
  80	  1	       :[471, (this Collection), [491], [511], [531], [551], [571], [591], [597], [617], [624]]
  80	  2	       :[240, (this Collection), [260], [280], [300], [320], [340], [360], [380]]
  80	  3	       :[1124, (this Collection), [1151], [1171], [1191], [1204], [1217], [1424], [951], [1357], [1411]]
  80	  4	       :[698, (this Collection), [944], [798], [744], [911], [771], [1011], [1018], [978]]
  81	  1	       :[201, (this Collection), [221], [241], [261], [281], [301], [321], [341], [361], [374], [21], [61], [67], [87], [107], [121], [181]]
  81	  2	       :[4, (this Collection), [24], [44], [64], [84], [104], [124], [144], [164], [184], [204], [224]]
  81	  3	       :[28, (this Collection), [35], [695], [55], [75], [115], [121], [128], [141], [355], [595], [648], [255], [288], [835], [861], [381], [881], [328], [388], [468], [515], [641], [661], [541], [775], [888], [895]]
  81	  4	       :[3, (this Collection), [23], [43], [63], [589], [643], [129], [436], [603], [136], [389], [623], [656], [216], [636], [469], [309], [416], [503], [556]]
  82	  1	       :[394, (this Collection), [188], [208], [228], [248], [268], [288], [308], [328], [348], [8], [28], [41], [168]]
  82	  2	       :[11, (this Collection), [31], [51], [71], [91], [111], [131], [151], [171], [191], [211]]
  82	  3	       :[2, (this Collection), [102], [22], [722], [42], [682], [702], [728], [735], [82], [122], [142], [148], [582], [615], [622], [628], [535], [202], [155], [542], [262], [308], [315], [322], [442], [482], [488], [568], [782], [822], [882]]
  82	  4	       :[10, (this Collection), [30], [83], [583], [590], [576], [443], [176], [203], [276], [323], [403], [683]]
  83	  1	       :[128, (this Collection), [1], [195], [215], [235], [255], [275], [295], [315], [335], [355], [368], [155], [161], [395], [401], [115], [388]]
  83	  2	       :[18, (this Collection), [38], [58], [78], [98], [118], [138], [158], [178], [198], [218]]
  83	  3	       :[9, (this Collection), [715], [602], [69], [89], [109], [129], [149], [162], [182], [269], [802], [369], [389], [422], [309], [435], [469], [489], [502], [555], [609], [662], [755], [762], [809], [769], [862]]
  83	  4	       :[17, (this Collection), [37], [50], [57], [70], [650], [143], [183], [177], [243], [223], [270], [283], [457], [517], [350], [363], [377], [410], [497], [657]]
  84	  1	       :[202, (this Collection), [222], [242], [262], [282], [302], [322], [342], [362], [375], [22], [35], [68], [82], [88], [102], [382]]
  84	  2	       :[5, (this Collection), [25], [45], [65], [85], [105], [125], [145], [165], [185], [205], [225]]
  84	  3	       :[16, (this Collection), [29], [689], [56], [76], [96], [596], [156], [636], [796], [436], [496], [516], [676]]
  84	  4	       :[4, (this Collection), [24], [44], [64], [157], [417], [77], [344], [384], [244], [150], [170], [250], [264], [210], [230], [684], [284], [290], [437], [364], [404], [550]]
  85	  1	       :[189, (this Collection), [209], [229], [249], [269], [289], [309], [329], [349], [15], [29], [42], [49], [69], [122], [169], [182]]
  85	  2	       :[12, (this Collection), [32], [52], [72], [92], [112], [132], [152], [172], [192], [212]]
  85	  3	       :[3, (this Collection), [716], [23], [323], [829], [49], [683], [83], [103], [116], [123], [136], [743], [583], [529], [189], [169], [823], [329], [209], [223], [243], [803], [336], [289], [363], [383], [463], [649], [669], [756], [836], [883]]
  85	  4	       :[11, (this Collection), [31], [51], [71], [484], [131], [144], [164], [197], [331], [217], [251], [637], [277], [471], [297], [337], [551], [477], [357], [431], [544], [577]]
  86	  1	       :[2, (this Collection), [9], [196], [216], [236], [256], [276], [296], [316], [336], [356], [369], [16], [36], [96]]
  86	  2	       :[19, (this Collection), [39], [59], [79], [99], [119], [139], [159], [179], [199], [219]]
  86	  3	       :[10, (this Collection), [43], [163], [550], [690], [696], [703], [710], [723], [70], [90], [110], [170], [590], [603], [610], [616], [623], [790], [450], [210], [643], [310], [390], [343], [456], [523], [530], [630], [670], [770]]
  86	  4	       :[18, (this Collection), [38], [98], [104], [158], [638], [171], [231], [238], [278], [631], [291], [351], [378], [398], [444], [538], [571], [624]]
  87	  1	       :[203, (this Collection), [223], [243], [263], [283], [303], [323], [343], [363], [376], [136]]
  87	  2	       :[6, (this Collection), [26], [46], [66], [86], [106], [126], [146], [166], [186], [206], [226]]
  87	  3	       :[30, (this Collection), [37], [57], [130], [137], [143], [190], [457], [230], [277], [283], [763], [483], [543], [563], [897], [910]]
  87	  4	       :[5, (this Collection), [25], [45], [58], [65], [78], [258], [105], [358], [465], [165], [211], [245], [225], [285], [645], [498], [325], [371], [391], [565], [605], [611], [625], [651]]
  88	  1	       :[190, (this Collection), [210], [230], [250], [270], [290], [310], [330], [350], [10], [43], [156], [76], [83], [170], [456]]
  88	  2	       :[13, (this Collection), [33], [53], [73], [93], [113], [133], [153], [173], [193], [213]]
  88	  3	       :[4, (this Collection), [597], [24], [50], [677], [64], [77], [84], [97], [104], [737], [124], [584], [144], [824], [150], [217], [497], [224], [797], [337], [264], [404], [350], [490], [564], [570], [577], [664], [757], [850], [877]]
  88	  4	       :[12, (this Collection), [32], [52], [72], [352], [125], [152], [578], [305], [185], [212], [365], [665], [505], [452], [458], [478]]
  89	  1	       :[117, (this Collection), [3], [197], [217], [237], [257], [277], [297], [317], [337], [357], [370], [123], [130], [63], [90], [103], [177]]
  89	  2	       :[20, (this Collection), [40], [60], [80], [100], [120], [140], [160], [180], [200], [220]]
  89	  3	       :[11, (this Collection), [44], [164], [51], [684], [691], [71], [91], [111], [117], [131], [591], [604], [717], [777], [911], [184], [151], [237], [884], [891], [424], [304], [431], [451], [537], [571], [617], [764], [844]]
  89	  4	       :[19, (this Collection), [39], [59], [79], [685], [585], [592], [99], [339], [219], [199], [572], [292], [392], [332], [519], [472], [479], [545], [632]]
  90	  1	       :[184, (this Collection), [204], [224], [244], [264], [284], [304], [324], [344], [364], [50], [30], [84], [150], [157], [164]]
  90	  2	       :[7, (this Collection), [27], [47], [67], [87], [107], [127], [147], [167], [187], [207], [227]]
  90	  3	       :[18, (this Collection), [31], [678], [698], [351], [598], [611], [831], [384], [284], [471], [504], [551], [558], [644], [871], [898]]
  90	  4	       :[6, (this Collection), [26], [46], [66], [86], [92], [312], [139], [179], [439], [232], [272], [326], [399], [412], [419], [619], [526]]
  91	  1	       :[191, (this Collection), [211], [231], [251], [271], [291], [311], [331], [351], [371], [17], [24], [451], [151], [37], [104]]
  91	  2	       :[14, (this Collection), [34], [54], [74], [94], [114], [134], [154], [174], [194], [214]]
  91	  3	       :[5, (this Collection), [25], [38], [685], [705], [711], [58], [65], [78], [85], [585], [605], [618], [98], [118], [211], [138], [231], [238], [791], [458], [371], [245], [278], [325], [391], [411], [485], [545], [578], [645], [658], [771], [778], [838]]
  91	  4	       :[13, (this Collection), [33], [53], [119], [159], [186], [233], [593], [279], [319], [673], [353], [413], [446], [453], [473], [566], [639]]
  92	  1	       :[4, (this Collection), [11], [198], [218], [238], [258], [278], [298], [318], [338], [358], [378], [424], [124], [131], [144], [158], [51], [91], [78]]
  92	  2	       :[1, (this Collection), [21], [41], [61], [81], [101], [121], [141], [161], [181], [201], [221]]
  92	  3	       :[158, (this Collection), [45], [692], [712], [32], [72], [165], [592], [612], [798], [805], [378], [385], [465], [478], [572], [725], [758], [765], [812], [865]]
  92	  4	       :[20, (this Collection), [40], [60], [73], [206], [373], [666], [133], [293], [153], [560], [600], [180], [460], [266], [633], [406], [300], [320], [646], [420], [680], [520], [660], [640]]
  93	  1	       :[185, (this Collection), [205], [225], [245], [265], [285], [305], [325], [345], [5], [18], [111], [171]]
  93	  2	       :[8, (this Collection), [28], [48], [68], [88], [108], [128], [148], [168], [188], [208]]
  93	  3	       :[12, (this Collection), [19], [59], [79], [92], [99], [105], [112], [665], [752], [132], [179], [239], [799], [399], [892], [359], [265], [405], [299], [565], [719], [785], [845]]
  93	  4	       :[7, (this Collection), [27], [47], [67], [80], [253], [93], [113], [167], [607], [400], [340], [287], [507], [307]]
  94	  1	       :[192, (this Collection), [212], [232], [252], [272], [292], [312], [332], [352], [365], [372], [45], [178], [392], [98]]
  94	  2	       :[15, (this Collection), [35], [55], [75], [95], [115], [135], [155], [175], [195], [215], [228]]
  94	  3	       :[6, (this Collection), [679], [126], [586], [452], [152], [192], [472], [219], [366], [499], [552], [559], [566], [879], [912]]
  94	  4	       :[14, (this Collection), [34], [54], [74], [87], [100], [120], [127], [160], [187], [227], [240], [260], [267], [294], [360]]
  95	  1	       :[199, (this Collection), [219], [239], [259], [279], [299], [319], [339], [359], [379], [19], [39], [59], [125], [65], [179]]
  95	  2	       :[2, (this Collection), [22], [42], [62], [82], [102], [122], [142], [162], [182], [202], [222]]
  95	  3	       :[13, (this Collection), [339], [686], [693], [699], [26], [46], [73], [86], [93], [106], [113], [119], [353], [593], [599], [606], [659], [139], [159], [213], [579], [806], [813], [819], [419], [473], [553], [626], [633], [666], [726], [753]]
  95	  4	       :[1, (this Collection), [21], [41], [154], [207], [381], [521], [147], [454], [441], [274], [674], [387], [641], [327], [467], [561], [661], [567], [627]]
  96	  1	       :[186, (this Collection), [206], [226], [246], [266], [286], [306], [326], [346], [366], [12], [46], [106], [112], [172]]
  96	  2	       :[9, (this Collection), [29], [49], [69], [89], [109], [129], [149], [169], [189], [209], [229]]
  96	  3	       :[180, (this Collection), [20], [680], [700], [60], [80], [100], [166], [173], [600], [613], [660], [760], [193], [820], [273], [300], [306], [493], [513], [533], [560], [826], [866], [906]]
  96	  4	       :[8, (this Collection), [28], [48], [61], [68], [481], [101], [134], [654], [181], [201], [241], [221], [248], [508], [468], [281], [534], [414], [634], [488], [528]]
  97	  1	       :[6, (this Collection), [13], [193], [213], [233], [253], [273], [293], [313], [333], [353], [373], [26], [73], [166], [173], [93], [133], [146], [439]]
  97	  2	       :[16, (this Collection), [36], [56], [76], [96], [116], [136], [156], [176], [196], [216]]
  97	  3	       :[7, (this Collection), [33], [153], [40], [687], [707], [713], [47], [67], [87], [107], [120], [167], [587], [607], [220], [233], [807], [833], [860], [887], [307], [400], [360], [373], [580], [667], [787], [873]]
  97	  4	       :[15, (this Collection), [35], [55], [208], [548], [588], [668], [108], [408], [328], [675], [195], [415], [428], [435], [315]]
  98	  1	       :[200, (this Collection), [220], [240], [260], [280], [300], [320], [340], [360], [380], [20], [33], [60], [406]]
  98	  2	       :[3, (this Collection), [23], [43], [63], [83], [103], [123], [143], [163], [183], [203], [223]]
  98	  3	       :[14, (this Collection), [34], [827], [694], [714], [720], [74], [94], [114], [127], [134], [147], [154], [594], [614], [620], [174], [187], [227], [794], [347], [294], [334], [394], [314], [320], [460], [527], [574], [754], [854]]
  98	  4	       :[2, (this Collection), [22], [42], [555], [95], [115], [148], [162], [388], [608], [322], [542], [335], [422], [235], [568], [342], [355], [448], [455], [535], [575], [648]]
  99	  1	       :[7, (this Collection), [187], [207], [227], [247], [267], [287], [307], [327], [347], [440], [27], [47], [40], [153]]
  99	  2	       :[10, (this Collection), [30], [50], [70], [90], [110], [130], [150], [170], [190], [210]]
  99	  3	       :[27, (this Collection), [681], [701], [41], [581], [601], [634], [734], [207], [254], [814], [354], [414], [447], [454], [494], [501], [647], [761]]
  99	  4	       :[9, (this Collection), [29], [49], [382], [482], [142], [155], [629], [242], [409], [669], [429], [329], [655]]
  100	  1	       :[194, (this Collection), [214], [234], [254], [274], [294], [314], [334], [354], [367], [14], [34], [54], [74], [134], [160]]
  100	  2	       :[17, (this Collection), [37], [57], [77], [97], [117], [137], [157], [177], [197], [217]]
  100	  3	       :[1, (this Collection), [8], [341], [61], [688], [708], [721], [68], [88], [101], [108], [161], [588], [608], [621], [348], [181], [228], [241], [788], [828], [374], [408], [448], [521], [528], [534], [741], [748], [768], [774]]
  100	  4	       :[16, (this Collection), [36], [56], [202], [102], [122], [642], [609], [596], [376], [256], [169], [182], [282], [302], [496], [582], [529], [536], [622]]
